gene_id	contrast	baseMean	log2FoldChange	lfcSE	stat	pvalue	padj
gene_1322	interaction_vs_onu	12434.5333763648	9.61278226923638	0.124575672060828	77.1642015669211	0	0
gene_4925	interaction_vs_onu	6720.10727881526	-3.49470367684521	0.0831249983811569	-42.0415488108738	0	0
gene_412	interaction_vs_onu	10429.1991296384	3.03757645278598	0.0805402213270833	37.7150248997954	0	0
gene_2352	interaction_vs_onu	5973.03635894417	2.97877052162455	0.0790856804455567	37.6651058047754	0	0
gene_5989	interaction_vs_onu	3841.81062586484	2.7985011979826	0.0693819853638628	40.3346947093875	0	0
gene_2419	interaction_vs_onu	10359.0184742219	2.6343661608141	0.0627562801178103	41.9777296530115	0	0
gene_6950	interaction_vs_onu	26829.7452189817	2.2296068323482	0.0454353419491025	49.0720821435843	0	0
gene_8037	interaction_vs_onu	1715.6533994264	-4.98817655607198	0.1366481412598	-36.5038010036909	9.65182001382197e-292	1.03274474147895e-288
gene_5946	interaction_vs_onu	7872.10627219754	3.04673535639528	0.0836755447259506	36.4112999368427	2.82038119583188e-290	2.68249589292455e-287
gene_4146	interaction_vs_onu	5245.56773993899	-3.26444243270277	0.0905275014216671	-36.0602290070655	9.53475939199206e-285	8.16175403954521e-282
gene_2632	interaction_vs_onu	1040.79370861967	5.28669620442021	0.147702357551483	35.7929033230055	1.4241025925685e-280	1.10821074476239e-277
gene_6634	interaction_vs_onu	11218.2748854183	1.57923175489672	0.0441593445546561	35.7621194522511	4.28778905482943e-280	3.05862285911166e-277
gene_1762	interaction_vs_onu	1704.08270423939	-4.30434042389372	0.120679307788925	-35.6675929184335	1.25765034153892e-278	8.28114378736397e-276
gene_5483	interaction_vs_onu	5514.05342088249	2.22991329979816	0.0636173025123147	35.0519939031761	3.63575070977215e-269	2.2230018625464e-266
gene_8379	interaction_vs_onu	8814.81998041104	1.86875571654464	0.0549986255625724	33.9782257725431	4.67271211390007e-253	2.6665610463323e-250
gene_4334	interaction_vs_onu	4962.65751129807	2.75447584623074	0.0818485274713327	33.6533341689683	2.78672816173351e-248	1.49089956652743e-245
gene_6708	interaction_vs_onu	2541.04870657103	-2.98538435384779	0.0949245153346329	-31.4500879285352	4.18601087766427e-217	2.10777959487095e-214
gene_7477	interaction_vs_onu	16726.3379585231	-1.59432266936771	0.0515321458268898	-30.9384102638277	3.63795922482018e-210	1.73005172024782e-207
gene_8391	interaction_vs_onu	1505.09387311416	-3.95493711562264	0.127986180924884	-30.9012823653503	1.14800422003751e-209	5.17206111764268e-207
gene_4150	interaction_vs_onu	143538.67373119	3.22283622800687	0.106047810469695	30.3904080030756	7.35460291741148e-203	3.14777004865211e-200
gene_4227	interaction_vs_onu	871.139850525061	-3.27963173649885	0.110006182437881	-29.8131583499937	2.63800933869865e-195	1.0753028542505e-192
gene_6998	interaction_vs_onu	179882.54796647	3.42693276551389	0.119170072913047	28.756655775602	7.47822147253704e-182	2.9097079911326e-179
gene_4899	interaction_vs_onu	11339.2835033494	1.48446552861698	0.0519985210629206	28.548225954748	2.95506209676391e-179	1.09979702383909e-176
gene_425	interaction_vs_onu	1824.14268481341	2.22479746679359	0.0790243683555447	28.1533090752947	2.1829698867863e-174	7.78592592953781e-172
gene_1970	interaction_vs_onu	582.67167028229	2.83540714627162	0.101987934661376	27.8013978387329	4.17217557648416e-170	1.42855291738817e-167
gene_6516	interaction_vs_onu	2584.74806427892	2.60621238622444	0.0954666661749013	27.2997108901832	4.27525233349514e-164	1.40754461441225e-161
gene_5980	interaction_vs_onu	7546.98083061133	-2.27658632911253	0.0846045806399259	-26.9085469355566	1.74450182878464e-159	5.53071690903574e-157
gene_1109	interaction_vs_onu	27494.895952857	-2.44581083515737	0.0909061305538209	-26.9047953120096	1.93006132948518e-159	5.90047320728325e-157
gene_3034	interaction_vs_onu	2218.69959052093	-2.15023243881589	0.08034030007669	-26.7640578484691	8.47233394276272e-158	2.50079926034651e-155
gene_4072	interaction_vs_onu	1931.83769106385	-4.96817003581255	0.185664451539047	-26.7588652250305	9.73727897579081e-158	2.77837026775898e-155
gene_3732	interaction_vs_onu	2659.2899866233	2.45640229663188	0.0946662903592528	25.9480147295303	1.91457057952591e-148	5.28668521314252e-146
gene_2947	interaction_vs_onu	1030.53678945043	-3.16806430651978	0.123454082392582	-25.6618837151563	3.11549999990037e-145	8.33396249973348e-143
gene_5450	interaction_vs_onu	598.115071330502	3.45158561427918	0.13453259578857	25.6561288663727	3.61205535140617e-145	9.36945266910205e-143
gene_4613	interaction_vs_onu	722.048659341216	-3.65793082538016	0.142682841118277	-25.636795543957	5.93495738161211e-145	1.49421279960587e-142
gene_175	interaction_vs_onu	1140.90820501998	-2.82746059101979	0.112075143122184	-25.2282576872314	1.96226406662479e-140	4.79913726008807e-138
gene_331	interaction_vs_onu	3575.53889726439	1.60504833357833	0.0637544446925663	25.1754735111899	7.43684399661273e-140	1.76831623919458e-137
gene_2417	interaction_vs_onu	3658.57180896771	1.61167415922677	0.0643926626658802	25.0288478920247	2.96749751847904e-138	6.86534561031908e-136
gene_3734	interaction_vs_onu	1378.94514306718	-2.51929275293693	0.101435975214301	-24.8362846378169	3.6376711041678e-136	8.19433280307272e-134
gene_4724	interaction_vs_onu	454.526733539346	-4.53285981765286	0.183055353748424	-24.7622357108574	2.28895065991189e-135	5.0239532432938e-133
gene_4491	interaction_vs_onu	8562.97982097531	1.05131744071581	0.042811552280731	24.5568633863573	3.65323653858891e-133	7.81792619258027e-131
gene_8489	interaction_vs_onu	4349.96181085528	1.53912124285527	0.0627536376657	24.5264067567596	7.72379573262086e-133	1.61257784076182e-130
gene_6651	interaction_vs_onu	13253.6139234038	1.56857247586236	0.0645678123497604	24.293412131814	2.30122529175192e-130	4.69011630890391e-128
gene_1450	interaction_vs_onu	641.009338270882	2.95476175108229	0.123425004930533	23.939733709108	1.18202425586377e-126	2.35305293725439e-124
gene_5013	interaction_vs_onu	12232.1436006373	-2.14399909442654	0.0897864202975206	-23.8788793151802	5.07715562379897e-126	9.87737548629981e-124
gene_596	interaction_vs_onu	742.668705013353	-5.98902812157814	0.251554479028688	-23.8080758677135	2.75474716319602e-125	5.24014127043509e-123
gene_6716	interaction_vs_onu	7155.68252599581	-1.66224108690717	0.0702298902688733	-23.6685701849074	7.6006037751808e-124	1.41437322425104e-121
gene_3397	interaction_vs_onu	5223.1323679081	2.95556417838384	0.125413677691395	23.5665218721723	8.50010773207916e-123	1.54810472737442e-120
gene_7234	interaction_vs_onu	5202.92738097929	1.42502557444067	0.0607614356617645	23.4527963159601	1.23785218229857e-121	2.20750305843245e-119
gene_1502	interaction_vs_onu	11217.3948536144	1.50869918020095	0.0645433312382095	23.3749816016283	7.68011312900167e-121	1.3416687425358e-118
gene_7107	interaction_vs_onu	46644.373489694	-1.85180988014532	0.079705946336706	-23.2330204364254	2.1123408199617e-119	3.61632748377442e-117
gene_8180	interaction_vs_onu	96598.2317177156	2.56056902446349	0.110521781309549	23.168003574715	9.57363800644385e-119	1.6068694379443e-116
gene_848	interaction_vs_onu	6072.91935089025	1.70079494527193	0.0734590666864619	23.1529615334111	1.3572440273585e-118	2.23423247580553e-116
gene_5170	interaction_vs_onu	2333.56899560541	-1.61128908412996	0.0703197198776004	-22.9137585720563	3.38813734120256e-116	5.47216144164036e-114
gene_8275	interaction_vs_onu	83224.1256816872	1.64712472978226	0.0719388449591102	22.8961798138194	5.07174934243587e-116	8.03966192060204e-114
gene_1125	interaction_vs_onu	2670.07431552957	1.55841226831491	0.0687440679121599	22.6697708710842	8.90563978623637e-114	1.38604139218515e-111
gene_5097	interaction_vs_onu	1334.90290596111	2.46835796501241	0.109415855195899	22.5594175596676	1.08542409428089e-112	1.65914825840078e-110
gene_3215	interaction_vs_onu	1112.6715068825	1.89120406888722	0.0838469908297758	22.5554197016647	1.18806826090225e-112	1.78418672163565e-110
gene_4151	interaction_vs_onu	10644.6232314092	2.02710853556937	0.0898981783824739	22.5489389445133	1.37543510840017e-112	2.02995250481129e-110
gene_7428	interaction_vs_onu	583.887674460287	2.6856943095058	0.12004236103367	22.3728880903343	7.23011837674253e-111	1.048979886524e-108
gene_4757	interaction_vs_onu	1108.09445627869	-4.04519892497801	0.182010742469746	-22.2250558955354	1.96638015804593e-109	2.80536902547886e-107
gene_1735	interaction_vs_onu	738.714069199106	1.82586995618679	0.0825079980755577	22.1296116591597	1.63983287101798e-108	2.30114252064162e-106
gene_3698	interaction_vs_onu	3938.97136626651	-4.16181731990114	0.188083348549962	-22.1275160825606	1.71782807624864e-108	2.37171102140135e-106
gene_786	interaction_vs_onu	2476.46047719493	2.1985966444642	0.100231616402146	21.9351610138968	1.20012488017105e-106	1.63064586893082e-104
gene_3415	interaction_vs_onu	1280.42818449349	1.96317901891414	0.0896094078261373	21.9081798054414	2.17086240060258e-106	2.90352846080595e-104
gene_4904	interaction_vs_onu	2937.72706931775	-2.05872543381458	0.0944459333062792	-21.7979256675704	2.42772172167392e-105	3.1971227596198e-103
gene_5408	interaction_vs_onu	424.162503106543	2.72100407801847	0.126360258274202	21.5337014594722	7.5274751116072e-103	9.76290711444812e-101
gene_4965	interaction_vs_onu	720.239765753949	1.97103492345887	0.0917713420238458	21.4776735306619	2.51805763920909e-102	3.2171005062134e-100
gene_6247	interaction_vs_onu	13971.3211844893	2.18695222558495	0.102227072821783	21.3930827247452	1.54971024240855e-101	1.9508117169143e-99
gene_7730	interaction_vs_onu	996.706784914379	1.78589380110299	0.0837210800949116	21.331471107138	5.7956291543539e-101	7.18993993641586e-99
gene_4962	interaction_vs_onu	6656.1437993279	1.86604292628969	0.0879553592297218	21.2157956335096	6.82621475507618e-100	8.34748547192172e-98
gene_4071	interaction_vs_onu	914.255153302194	-2.98267917513869	0.141302738357523	-21.1084315124307	6.65446432329071e-99	8.02284712779838e-97
gene_6065	interaction_vs_onu	6105.48892061455	1.05790941896586	0.0504268552967018	20.9790876853479	1.01828227440962e-97	1.21062448179811e-95
gene_6922	interaction_vs_onu	5601.03159765576	1.20257177321746	0.0577824500280656	20.8120592434789	3.36572862825393e-96	3.94666261066488e-94
gene_8445	interaction_vs_onu	5840.33180001053	2.46924048773327	0.118810929222593	20.7829406258337	6.17576413470673e-96	7.14385689095805e-94
gene_3583	interaction_vs_onu	2646.28359892638	-1.7097380227261	0.0826349482999911	-20.6902534327148	4.23978982052585e-95	4.83901344849351e-93
gene_4619	interaction_vs_onu	5876.1685292755	1.93532879659848	0.0936952175775658	20.6555771642914	8.69756303112644e-95	9.7962025719003e-93
gene_5677	interaction_vs_onu	1108.06791451302	-2.50750756535011	0.121685913977929	-20.6063913511379	2.40507844860387e-94	2.67369760000638e-92
gene_5183	interaction_vs_onu	2214.28497757622	2.49395833230068	0.12106695208754	20.5998275276425	2.75422141940994e-94	3.02258145514732e-92
gene_2318	interaction_vs_onu	7986.01594693916	1.46799079345908	0.0714768365669323	20.5379933411634	9.85509709108598e-94	1.06784343164172e-91
gene_7065	interaction_vs_onu	1180.2468074594	1.89580603432805	0.0924448559666447	20.5074259081768	1.84820094740026e-93	1.97757501371828e-91
gene_3485	interaction_vs_onu	388.924259236762	-3.36433945912663	0.16790076388627	-20.0376661859949	2.58612271320198e-89	2.73298894135913e-87
gene_4765	interaction_vs_onu	1235.99835422434	-1.82371126960414	0.0917050269349909	-19.8867099280933	5.30429307166172e-88	5.53716447480785e-86
gene_2636	interaction_vs_onu	676.00949141637	-2.99832550925174	0.151846694668239	-19.745741030469	8.72751724514285e-87	9.00090935161721e-85
gene_594	interaction_vs_onu	1348.64559506588	2.52573570641355	0.128922896941944	19.5910560988319	1.8432681691686e-85	1.87837803905752e-83
gene_935	interaction_vs_onu	5950.22741500932	2.09930367636765	0.107325060620278	19.5602375086942	3.37501656525277e-85	3.39884021159573e-83
gene_1516	interaction_vs_onu	8225.04538804096	1.44264219978992	0.0739335372177111	19.5126901008644	8.56538973613307e-85	8.52555071410455e-83
gene_5011	interaction_vs_onu	406.626012747588	-2.73081948720011	0.140843383121889	-19.3890506367403	9.5482995834868e-84	9.39464878559161e-82
gene_5987	interaction_vs_onu	2252.24473847186	1.98842264254477	0.102764582844993	19.3492990240038	2.06633280521507e-83	2.00997827416375e-81
gene_7465	interaction_vs_onu	3306.38365503551	1.26646107076438	0.065518095280791	19.3299433589561	3.0074791088734e-83	2.89258664853441e-81
gene_6022	interaction_vs_onu	964.993399145179	2.10727355924551	0.109210047044326	19.2956016069676	5.84803346426043e-83	5.5621296060077e-81
gene_2709	interaction_vs_onu	3115.14478976151	1.35923553982527	0.0707458408453817	19.2129392142775	2.88462457930432e-82	2.71344905481813e-80
gene_4394	interaction_vs_onu	390.097094713573	2.41525715186293	0.125804823911694	19.1984462659258	3.81329046696087e-82	3.54801808665055e-80
gene_1870	interaction_vs_onu	41143.3317791654	-2.95618575642841	0.154373662877126	-19.1495472824363	9.76317833358274e-82	8.98632328338368e-80
gene_892	interaction_vs_onu	1704.27434134779	1.55844866364652	0.0819437926993142	19.0185078370135	1.19846008570449e-80	1.09136365251387e-78
gene_2006	interaction_vs_onu	345.454325747584	2.34954064447127	0.123756574532464	18.9851783902999	2.26166850225722e-80	2.03788235571809e-78
gene_6471	interaction_vs_onu	612.196158904643	-3.23068590570435	0.170753528347209	-18.9201707102362	7.78021043512651e-80	6.93735430465447e-78
gene_2272	interaction_vs_onu	668.260220183656	2.1863996479853	0.115750444717532	18.8889092678721	1.40723389454528e-79	1.2418476430214e-77
gene_1761	interaction_vs_onu	1181.74532463285	-1.56061846647362	0.0827037403233321	-18.8699865371547	2.01349789402008e-79	1.75872877273591e-77
gene_6259	interaction_vs_onu	1995.13799741098	1.61608566366439	0.0857261649111026	18.8517200709989	2.84441581659892e-79	2.45941407980675e-77
gene_7351	interaction_vs_onu	90126.4367417258	1.22800212169443	0.0651762816054807	18.8412424189471	3.46730433259399e-79	2.96801250870045e-77
gene_3515	interaction_vs_onu	17693.6583463051	1.65224858117825	0.0887135144089739	18.6245420687686	2.0322317807201e-77	1.72236673692713e-75
gene_6535	interaction_vs_onu	1289.72400412896	2.04702332590392	0.111317698215647	18.389019524446	1.60862809513378e-75	1.34998593081816e-73
gene_5815	interaction_vs_onu	1973.75704950333	1.26074711021938	0.0689567506242161	18.2831571790541	1.12708825263184e-74	9.36686936167817e-73
gene_1892	interaction_vs_onu	1220.03244393468	1.99572207765467	0.109537301558788	18.2195658397115	3.61007898404237e-74	2.97137270225026e-72
gene_7798	interaction_vs_onu	3111.18057590765	1.37054212507374	0.075314398031318	18.1976110929524	5.39079662004627e-74	4.39478276834248e-72
gene_4149	interaction_vs_onu	8744.74011960034	2.0154078697139	0.111664678094289	18.0487500981475	8.06962802576292e-73	6.51660527363496e-71
gene_5201	interaction_vs_onu	2296.90003129523	1.17553336660131	0.0653123404892206	17.9986409581405	1.99658356318481e-72	1.59726685054785e-70
gene_4620	interaction_vs_onu	5217.04533292967	1.60826031149319	0.0897621816256394	17.9169031140595	8.70407187905178e-72	6.89878289672993e-70
gene_6121	interaction_vs_onu	289.263902462869	-6.03791130897564	0.338615126745689	-17.8311919110167	4.04700745326185e-71	3.17820034861664e-69
gene_5659	interaction_vs_onu	2849.55633332275	-2.46054827918365	0.139357095734464	-17.6564262208224	9.08104726003635e-70	7.0667058678101e-68
gene_6390	interaction_vs_onu	2821.82611247286	-1.36931455713598	0.0777934158707959	-17.6019338115995	2.38055196746957e-69	1.83581304878734e-67
gene_1417	interaction_vs_onu	50193.3832035598	2.98772069181901	0.170038124309124	17.5708871405063	4.11684060151919e-69	3.14644245973252e-67
gene_4567	interaction_vs_onu	35813.0232953538	1.56336524039122	0.0890134839624143	17.5632406552175	4.7107391049514e-69	3.56848909189239e-67
gene_6102	interaction_vs_onu	444.205200007386	1.76850518323784	0.100734934423283	17.5560265499025	5.3491093816543e-69	4.0165242374527e-67
gene_1177	interaction_vs_onu	5536.81641188346	1.78583419262248	0.10185183852561	17.5336470943866	7.93149365932856e-69	5.90379006294369e-67
gene_1535	interaction_vs_onu	3436.0528549087	1.11076005414435	0.0636494133098753	17.4512221933083	3.36945229613959e-68	2.48642341853059e-66
gene_3136	interaction_vs_onu	972.034029038747	1.55746598699148	0.0892884167366331	17.4430910964119	3.88482429970616e-68	2.84223042781921e-66
gene_8356	interaction_vs_onu	16364.2098208027	1.08539026599833	0.0622459378147728	17.4371260856919	4.31219910677312e-68	3.12817155542186e-66
gene_3386	interaction_vs_onu	11894.5628785993	1.93222897142279	0.111361568978277	17.3509496063198	1.94010484369271e-67	1.39557121529493e-65
gene_1157	interaction_vs_onu	4428.26361679358	-1.06754337664989	0.0617190196226504	-17.2968297807846	4.96995817551133e-67	3.54523683186475e-65
gene_6610	interaction_vs_onu	3143.83033228001	1.2643419241555	0.0731349173975577	17.2878013559871	5.81274236053467e-67	4.11215492613031e-65
gene_6963	interaction_vs_onu	877.053478753135	1.82867688438479	0.10626535734959	17.2085892335435	2.28941347194278e-66	1.60634256719919e-64
gene_1042	interaction_vs_onu	30785.6265525869	-1.67182497374237	0.0971838350588169	-17.2027063217927	2.53414071726061e-66	1.76359711705291e-64
gene_7190	interaction_vs_onu	7464.03973812948	-1.51345622485611	0.0884113362048953	-17.1183503136819	1.08301201515972e-65	7.47627649174771e-64
gene_3955	interaction_vs_onu	2587.9637461091	-2.09469621967106	0.12242191782174	-17.1104672834906	1.24000694277757e-65	8.49156754414083e-64
gene_4305	interaction_vs_onu	191.82276160898	-4.05653557228949	0.237121197741068	-17.1074353998463	1.30625641550293e-65	8.87424993389291e-64
gene_6320	interaction_vs_onu	3932.19366184	1.52857701446393	0.0894074919095398	17.0967441521623	1.56929890945235e-65	1.05591995176395e-63
gene_1768	interaction_vs_onu	1685.35373620958	-1.22134637359748	0.0714388589901713	-17.0963869084964	1.57894572226385e-65	1.05591995176395e-63
gene_2016	interaction_vs_onu	2305.10685951929	3.29618719521343	0.193357486812579	17.0471143866718	3.67220498696876e-65	2.43674997584904e-63
gene_1304	interaction_vs_onu	1911.32246606701	1.18212080088326	0.0695088198184125	17.0067741614873	7.3156522242852e-65	4.81707561845241e-63
gene_93	interaction_vs_onu	1865.05572702828	1.75542125965868	0.103308235188024	16.9920747989138	9.40043261671964e-65	6.14257276329161e-63
gene_861	interaction_vs_onu	11143.8909271428	1.72029254125236	0.101361186000456	16.971906201301	1.3255839781219e-64	8.5962112520632e-63
gene_4908	interaction_vs_onu	306.831807762808	2.91453759038919	0.17266918329606	16.8793153170354	6.38814097963534e-64	4.11146517185553e-62
gene_7321	interaction_vs_onu	296.103208591643	2.08740662042533	0.123741425760863	16.8691010919767	7.59432605482035e-64	4.85130082307927e-62
gene_4954	interaction_vs_onu	1307.10931217054	-2.32606254073703	0.138069099927597	-16.8470899133608	1.10205817339969e-63	6.98786515874172e-62
gene_6964	interaction_vs_onu	951.099082959875	2.05244371612754	0.12208814863908	16.8111625821686	2.02167243270081e-63	1.27246441352345e-61
gene_8014	interaction_vs_onu	943.614901632366	1.59611305433542	0.0949995915681508	16.801262279011	2.38905213362524e-63	1.49272162509723e-61
gene_8188	interaction_vs_onu	1359.34745040129	1.23200215857136	0.0735899610546723	16.7414432745258	6.53834539987409e-63	4.05566932050161e-61
gene_2401	interaction_vs_onu	2098.38591893807	-1.34873654513409	0.0809470104443248	-16.6619685857547	2.47734367807353e-62	1.5147187060221e-60
gene_4924	interaction_vs_onu	12929.0512366123	2.61044996061851	0.156750766975404	16.6535067801494	2.85378393474103e-62	1.73250996321867e-60
gene_8320	interaction_vs_onu	283.096359523236	3.0090695853984	0.181414830090017	16.5866791811083	8.69996512844982e-62	5.24448602109369e-60
gene_5485	interaction_vs_onu	18048.6745173714	1.57184975899613	0.0948189146609633	16.5773861113732	1.01550734617326e-61	6.07884117709305e-60
gene_102	interaction_vs_onu	167.25874349621	-3.55627107258692	0.214891993087091	-16.5491092594857	1.62488950679806e-61	9.65906540152177e-60
gene_5433	interaction_vs_onu	265.613500117144	2.21088431486564	0.133868826029668	16.5153036777633	2.84724201098742e-61	1.68085459407257e-59
gene_1471	interaction_vs_onu	857.676978855392	-2.02312641681825	0.123598980015038	-16.3684717832793	3.21177831042559e-60	1.88307002309884e-58
gene_4395	interaction_vs_onu	295.107732078903	2.48847269230671	0.152062979230621	16.364750348161	3.41424972336242e-60	1.98816174367227e-58
gene_6562	interaction_vs_onu	4750.87279296434	1.11292107618771	0.0681420288643794	16.3323736427442	5.80799952847392e-60	3.35922134890113e-58
gene_1490	interaction_vs_onu	3086.08118042237	1.04940415285836	0.064565141075476	16.2534168651722	2.11255024265208e-59	1.21365302530884e-57
gene_8266	interaction_vs_onu	8394.80090446801	1.0302049491831	0.0637301617174792	16.1651080339335	8.88819723054408e-59	5.07219788623049e-57
gene_2942	interaction_vs_onu	5528.35351706728	-1.64580720999405	0.101845509697001	-16.1598406732949	9.68115561524418e-59	5.48812530241657e-57
gene_8208	interaction_vs_onu	647.08047702444	-1.97107009363165	0.122801809444636	-16.0508228872661	5.6411145183925e-58	3.17683817614735e-56
gene_3776	interaction_vs_onu	2612.47695301737	-2.95590058652576	0.184937720566541	-15.9832216892833	1.67272622961932e-57	9.35852060492898e-56
gene_5343	interaction_vs_onu	607.081646315611	-2.79758170695034	0.175277023358476	-15.9609152035217	2.39197967447353e-57	1.32956792295412e-55
gene_3793	interaction_vs_onu	777.458058909788	-1.51846908261716	0.0951522835278476	-15.958304165898	2.49416704269887e-57	1.3774238635808e-55
gene_1439	interaction_vs_onu	3522.25300867635	-1.6810569998906	0.105515722529029	-15.9318152745257	3.81129954822399e-57	2.09132847005111e-55
gene_107	interaction_vs_onu	43463.7313789275	1.20315715732412	0.0757160835216291	15.8903775969927	7.38811960107907e-57	4.02817221562018e-55
gene_4292	interaction_vs_onu	6595.90068100259	1.44490242070876	0.0917968000195187	15.7402264610698	8.01563004832896e-56	4.31533290652175e-54
gene_972	interaction_vs_onu	20570.5811283141	1.57115327093825	0.0998242504155933	15.7391942779149	8.14744771800278e-56	4.35888452913149e-54
gene_5452	interaction_vs_onu	4804.10572337327	1.66842104924257	0.10612302499003	15.7215745536778	1.07615649153043e-55	5.72167675000028e-54
gene_3271	interaction_vs_onu	18002.9559726521	1.19860688488151	0.0762445390114107	15.720560454856	1.09352081855187e-55	5.77811000420003e-54
gene_4176	interaction_vs_onu	847.532643970541	1.52387996351142	0.0971906535214661	15.6792850783213	2.09600034440657e-55	1.10072165325891e-53
gene_3456	interaction_vs_onu	1237.61197353785	2.88490538855037	0.184406057879676	15.6443092039458	3.6329003712895e-55	1.88470467746898e-53
gene_6336	interaction_vs_onu	1408.0359311187	1.79350048742731	0.114692817183138	15.6374264010231	4.04758686007316e-55	2.08718936880881e-53
gene_2946	interaction_vs_onu	3235.13609911483	-1.31952558085242	0.0845453919461925	-15.607303372515	6.4923627339089e-55	3.32782185642277e-53
gene_7824	interaction_vs_onu	1611.20578382321	1.4888657778698	0.0960042254689351	15.5083359153974	3.04673052640387e-54	1.55238174440578e-52
gene_3693	interaction_vs_onu	4208.71410329601	-2.25883399944575	0.146049714869095	-15.4661993107645	5.867029329599e-54	2.97170242966671e-52
gene_3398	interaction_vs_onu	148.183628911817	3.97299635673857	0.257957775920652	15.4017313204028	1.59345200188362e-53	8.02349949183752e-52
gene_6175	interaction_vs_onu	12021.2409866858	1.42072505025876	0.0923834924387705	15.3785596620563	2.27962530673738e-53	1.14114576758316e-51
gene_3994	interaction_vs_onu	1558.63247856288	1.45912534743412	0.0949655549944698	15.3647851320312	2.81971924800496e-53	1.40330213737921e-51
gene_910	interaction_vs_onu	19119.6809672272	1.62443075479939	0.105859639184901	15.3451378382469	3.81747676553344e-53	1.88887867705007e-51
gene_1391	interaction_vs_onu	468.975014510957	1.8411212385389	0.120033737305088	15.3383646954135	4.2373554271505e-53	2.08458404921886e-51
gene_6270	interaction_vs_onu	7392.90328916525	1.42830246745764	0.0933282535627232	15.3040736640134	7.1817222940678e-53	3.51288816212688e-51
gene_5827	interaction_vs_onu	602.481210095514	1.85551229243945	0.121554657423705	15.264839141224	1.31150840012767e-52	6.3786999460755e-51
gene_649	interaction_vs_onu	45894.6759012884	2.32806982449602	0.152531849351422	15.2628440184471	1.352237697154e-52	6.50600409585268e-51
gene_6380	interaction_vs_onu	2752.88449499997	-1.34751859320082	0.0882876968422092	-15.2628128425317	1.35288402927778e-52	6.50600409585268e-51
gene_2396	interaction_vs_onu	1131.76672442763	-1.41196607769237	0.0925984692890275	-15.2482658572379	1.69063850114946e-52	8.08484110046894e-51
gene_4976	interaction_vs_onu	2024.95929415223	1.1222869115443	0.0738875420416333	15.1891222868387	4.17472115182649e-52	1.98531183664638e-50
gene_4754	interaction_vs_onu	777.358381037307	-2.23285898411895	0.147306379890897	-15.1579244956853	6.71582420721745e-52	3.1586513853726e-50
gene_7161	interaction_vs_onu	374.276878454393	1.82845600354224	0.12087329306635	15.1270471512558	1.07407833533016e-51	5.02410412591596e-50
gene_73	interaction_vs_onu	5831.93822175884	1.05561525624258	0.0697981249559017	15.1238340128694	1.12780546718823e-51	5.24674717344089e-50
gene_4555	interaction_vs_onu	8694.63141393915	2.19983115313282	0.145960020845801	15.0714636815297	2.49523157550313e-51	1.15455039385442e-49
gene_1877	interaction_vs_onu	69389.1636233211	-2.28968042451753	0.152278776827978	-15.0361099045606	4.25850421839587e-51	1.95982774782089e-49
gene_392	interaction_vs_onu	13709.950494424	1.84443024369675	0.123336129854173	14.954500728031	1.45569342181364e-50	6.66349502177792e-49
gene_7678	interaction_vs_onu	9711.82048077297	1.21273119797126	0.0811147063259118	14.950817834421	1.53848100155932e-50	7.00499860284454e-49
gene_4061	interaction_vs_onu	3797.36620838758	1.14711602492804	0.0767530463096631	14.9455439240803	1.66525898206068e-50	7.54212533674044e-49
gene_7463	interaction_vs_onu	21357.1010944733	-1.47469538709992	0.0987795368470502	-14.9291587526203	2.12935480658779e-50	9.59330376020603e-49
gene_3548	interaction_vs_onu	580.412382253167	-1.76596978526362	0.118560244232729	-14.895126074446	3.54515294868537e-50	1.58882247333753e-48
gene_6679	interaction_vs_onu	229.129150945105	2.24189454946981	0.150551143615379	14.8912488848129	3.75685831269076e-50	1.67493266440796e-48
gene_1307	interaction_vs_onu	679.355907960736	-2.21210909030072	0.148692732155682	-14.877049188824	4.6454072092792e-50	2.06034640991865e-48
gene_393	interaction_vs_onu	7669.7638345728	1.6125459471481	0.108419203282458	14.8732502944799	4.91671824323607e-50	2.16943856505674e-48
gene_2900	interaction_vs_onu	1100.39126264762	1.58688044415541	0.106702060495876	14.8720693563058	5.00423061166569e-50	2.18552112427848e-48
gene_5649	interaction_vs_onu	286.885062195625	2.14878701466434	0.14481684599975	14.8379630824722	8.3245461661011e-50	3.5988947061528e-48
gene_5809	interaction_vs_onu	1205.24203718541	1.2547330818098	0.0850171500913964	14.7585878903364	2.7089342933084e-49	1.16525012817688e-47
gene_5037	interaction_vs_onu	594.813071973089	-1.62364715093022	0.110042524812191	-14.7547246276045	2.86859853430004e-49	1.22776017268042e-47
gene_7087	interaction_vs_onu	6201.9686646117	1.43033445333147	0.0971738421672459	14.7193362064425	4.84391627058581e-49	2.06288175503555e-47
gene_8295	interaction_vs_onu	2504.81712750306	1.07003098062676	0.0729467636038994	14.6686559863988	1.02352363274248e-48	4.31594201786976e-47
gene_5656	interaction_vs_onu	16738.0260201908	1.62478595674699	0.110891144927266	14.6520802703651	1.30653380299082e-48	5.48231831058895e-47
gene_826	interaction_vs_onu	5025.47794956075	2.40550480530027	0.164269756792345	14.6436255356553	1.47963188349333e-48	6.17836532814778e-47
gene_705	interaction_vs_onu	2364.12744061774	-2.01282522967529	0.137751478699613	-14.6120045220316	2.35486081590375e-48	9.78524688550297e-47
gene_1120	interaction_vs_onu	6932.18635933832	1.50904905513773	0.103289489530169	14.6098994389644	2.42876196544449e-48	1.00435760503405e-46
gene_7976	interaction_vs_onu	7621.68050997381	-2.1353185809742	0.14627332142376	-14.5981410703603	2.88607910096661e-48	1.18773255309011e-46
gene_3216	interaction_vs_onu	206.878271092048	-2.72195834514606	0.187125098658512	-14.5461959120374	6.17423102533727e-48	2.52877596061661e-46
gene_5106	interaction_vs_onu	4115.16819453424	1.61431308857355	0.111070236268701	14.5341645323253	7.36060832676776e-48	3.0003241560539e-46
gene_636	interaction_vs_onu	578.912871531249	1.2780461122192	0.0879979110678126	14.5235960343913	8.58839353302269e-48	3.48420135747271e-46
gene_8585	interaction_vs_onu	334.855153211807	-2.43241432126027	0.168086500155308	-14.4712057126109	1.84214432236966e-47	7.43809216956805e-46
gene_8276	interaction_vs_onu	2710.19999479022	1.58792032796181	0.110143275851398	14.4168612717148	4.05362035260525e-47	1.6214481410421e-45
gene_7099	interaction_vs_onu	11018.7853708311	1.56464949166389	0.108648897760692	14.4009697651067	5.10225341972979e-47	2.02200413300403e-45
gene_5753	interaction_vs_onu	1181.26611733189	1.3569475875242	0.094237442760663	14.3992403419781	5.23153707387884e-47	2.06368467061764e-45
gene_4766	interaction_vs_onu	165.811948373248	-3.061609546233	0.212918280029421	-14.3792705154764	6.98266606159221e-47	2.74181749941419e-45
gene_1792	interaction_vs_onu	576.178074530142	2.07644611382551	0.144690842989805	14.350915862532	1.05139527516019e-46	4.1095632672928e-45
gene_8173	interaction_vs_onu	12982.7696859859	1.58509037739838	0.110751830260871	14.3120919416389	1.83897163907537e-46	7.15527146840234e-45
gene_6657	interaction_vs_onu	350.239637668616	1.61025958279438	0.112600629783029	14.3006267895411	2.16847654024261e-46	8.39916705179942e-45
gene_6729	interaction_vs_onu	1202.10730665034	1.31917082017736	0.0925760553595859	14.2495898648242	4.50921679657531e-46	1.73089218738496e-44
gene_6346	interaction_vs_onu	290.723097483399	1.94268481152693	0.136571502718553	14.2246718594759	6.4405744527959e-46	2.46121952303272e-44
gene_8282	interaction_vs_onu	1823.68765582341	1.03735897947482	0.0729883204501897	14.2126709188048	7.64529973427929e-46	2.90861181001914e-44
gene_3959	interaction_vs_onu	952.519579212434	1.81730550673479	0.127898711273805	14.2089430662386	8.06333004226428e-46	3.05407544963638e-44
gene_7987	interaction_vs_onu	490.879829341858	-2.05811355365393	0.145721803022532	-14.1235800749439	2.71823616444385e-45	1.02502650077706e-43
gene_2751	interaction_vs_onu	272.937434103413	-2.08291959923356	0.148398327202599	-14.0360045729483	9.38569590692915e-45	3.50836493289579e-43
gene_5768	interaction_vs_onu	6283.83018933771	1.22409648197284	0.0873533322291054	14.0131629868721	1.29506124830082e-44	4.79901484218832e-43
gene_6549	interaction_vs_onu	2634.60044391911	1.5684910187584	0.11195749277831	14.0097011806455	1.3597589858554e-44	5.01704177539752e-43
gene_7787	interaction_vs_onu	618.828121364755	1.71631059174689	0.122840198205213	13.9718969590042	2.31380622955366e-44	8.50050700642889e-43
gene_2207	interaction_vs_onu	8561.56644539103	1.02310222359068	0.0733001117466354	13.9577171059039	2.82333283164031e-44	1.03280893328381e-42
gene_1248	interaction_vs_onu	371.499808204124	-1.94467768232595	0.139428448224406	-13.9474957018531	3.25847244472045e-44	1.18691592028966e-42
gene_7765	interaction_vs_onu	40782.5214825025	1.29458420195926	0.0933638764620793	13.8660074004647	1.01786930857824e-43	3.69193274636852e-42
gene_2928	interaction_vs_onu	1842.42641539714	1.34582443595408	0.0973255623076153	13.8280674063856	1.72595431240195e-43	6.20763399754653e-42
gene_6273	interaction_vs_onu	1056.81536960057	1.96908253648264	0.142685452890794	13.8001632022691	2.54276318351966e-43	9.1071350840704e-42
gene_5602	interaction_vs_onu	997.699613855881	1.16939063547494	0.0847750822411407	13.7940371694201	2.76824157458563e-43	9.87339494935542e-42
gene_3026	interaction_vs_onu	967.523059548414	1.68717657370775	0.122355779766958	13.7891040122599	2.96418559234729e-43	1.05283936392086e-41
gene_6375	interaction_vs_onu	8810.07916889159	-1.44327785328053	0.10488801186616	-13.7601793341473	4.42428054127196e-43	1.55851199313942e-41
gene_1826	interaction_vs_onu	1559.82173923373	1.17423371912659	0.0857461663241386	13.6942999257569	1.09813639336176e-42	3.85247849474452e-41
gene_6217	interaction_vs_onu	5109.95710615786	-1.44397729947231	0.105537844705086	-13.6820806176908	1.29921232212924e-42	4.53928876629645e-41
gene_6226	interaction_vs_onu	24832.0864548689	1.13288791958286	0.0828818837110347	13.6687038090572	1.56151929476487e-42	5.43357933462898e-41
gene_6813	interaction_vs_onu	2526.78005434358	1.11315661558543	0.0817741558155288	13.6125723889655	3.37164101343535e-42	1.16847154149824e-40
gene_4313	interaction_vs_onu	763.917157216578	1.52357134995149	0.112257082466091	13.5721623658953	5.85683352124036e-42	2.02155221539587e-40
gene_1863	interaction_vs_onu	342.922130176066	-2.40582161522772	0.177438592448005	-13.5586153048002	7.04535358130677e-42	2.42201713477855e-40
gene_8179	interaction_vs_onu	154.84140544625	2.52140183613587	0.186002938571415	13.5557096866391	7.32997659560013e-42	2.50978398633349e-40
gene_5590	interaction_vs_onu	2889.6915948803	-1.02514636229411	0.0757194266292783	-13.5387496700578	9.23473756070776e-42	3.14937663424934e-40
gene_2793	interaction_vs_onu	216.361418573366	1.98058184449452	0.146528250407138	13.5167234918274	1.24602979902343e-41	4.23254566652402e-40
gene_6269	interaction_vs_onu	1921.03416707394	-1.07028345450402	0.0793944748356511	-13.4805785505798	2.03504786787632e-41	6.85827155473281e-40
gene_829	interaction_vs_onu	469.651012888914	-2.32292770055274	0.172374270977894	-13.4760697601479	2.16327054144591e-41	7.26180228814783e-40
gene_4422	interaction_vs_onu	90.6435440931073	4.93946888658734	0.366573140138922	13.4747158090072	2.20332071444523e-41	7.36735363892625e-40
gene_2880	interaction_vs_onu	2229.95348128566	2.02009851794344	0.149937324552655	13.4729529419742	2.25657380965176e-41	7.51605907027979e-40
gene_2976	interaction_vs_onu	15050.4571605631	-1.07198616335932	0.0796785960451138	-13.4538786646336	2.92137415914954e-41	9.65519799317376e-40
gene_2129	interaction_vs_onu	1013.66638370962	1.1219547012722	0.0834129620358228	13.4506037657596	3.05368685298716e-41	1.00536767159885e-39
gene_4796	interaction_vs_onu	4814.30442173778	1.30236581911359	0.0968498095338972	13.447272899982	3.1943744394466e-41	1.04765690427827e-39
gene_5082	interaction_vs_onu	1593.86991189273	1.10005104581258	0.0818098921425061	13.4464307066482	3.23095603958823e-41	1.05561006484257e-39
gene_4917	interaction_vs_onu	10230.4665451832	1.3518109022273	0.100683926385156	13.4262831294053	4.24173096699351e-41	1.38057859610131e-39
gene_5650	interaction_vs_onu	1821.87250221578	-1.96192057714927	0.146211697105964	-13.4183558222938	4.72070666813207e-41	1.53065337421252e-39
gene_5792	interaction_vs_onu	12322.2362771506	1.16309702967811	0.0875918398267472	13.2786002894637	3.08099497496509e-40	9.87764681112403e-39
gene_4755	interaction_vs_onu	148.495181830664	-3.8090229935812	0.287031647291807	-13.2703938033314	3.43769419163847e-40	1.09800978658303e-38
gene_2954	interaction_vs_onu	290.096978431957	-1.86898840860076	0.141148203972776	-13.2413190957871	5.06513185263121e-40	1.6118040393503e-38
gene_6470	interaction_vs_onu	2348.21248467645	-2.00464065008096	0.151632433775781	-13.2203948730733	6.69117481687101e-40	2.12135023823762e-38
gene_7979	interaction_vs_onu	17025.6511081037	-2.33394966982754	0.176548489109257	-13.2198790349499	6.73722084350825e-40	2.12806680518194e-38
gene_2704	interaction_vs_onu	992.470814208997	-1.54216113403877	0.117092448942579	-13.1704575996615	1.29808506572645e-39	4.07018614015327e-38
gene_6410	interaction_vs_onu	137.270702901074	-3.00394853052177	0.228860369965706	-13.1256824017714	2.34659359801871e-39	7.33096394125554e-38
gene_1472	interaction_vs_onu	8606.71355745265	-1.23511703228972	0.0942092511817187	-13.1103582376143	2.87238420622723e-39	8.94094865647457e-38
gene_2463	interaction_vs_onu	6425.67415618903	1.04688562996261	0.0799129603198553	13.1003234740948	3.27857359414294e-39	1.01683296977766e-37
gene_3969	interaction_vs_onu	7213.9831653609	-1.39355935241809	0.10647744606703	-13.0878360055782	3.86461944779694e-39	1.19426507123256e-37
gene_5096	interaction_vs_onu	2363.60647582981	2.09541255199389	0.160133052264968	13.0854468977876	3.98807676795956e-39	1.22798335013431e-37
gene_6258	interaction_vs_onu	9202.71905453037	1.67061781455965	0.12768133964255	13.0842754253411	4.05003761320281e-39	1.24259218526939e-37
gene_8570	interaction_vs_onu	136.664931466559	2.18515961205135	0.167698424524793	13.0302930289503	8.22910126966433e-39	2.51575381672595e-37
gene_7985	interaction_vs_onu	1392.65781360918	-1.64008216341969	0.126104751022824	-13.0057127119886	1.13535443166673e-38	3.4585885889919e-37
gene_1730	interaction_vs_onu	516.794621310083	-1.59641121736467	0.122769309942143	-13.0033411291227	1.17112691491976e-38	3.55491006798339e-37
gene_1815	interaction_vs_onu	411.101595882028	1.90372449356596	0.146562729496269	12.9891446489091	1.40994000022935e-38	4.26469484168312e-37
gene_3437	interaction_vs_onu	1271.46927827754	1.1472852636691	0.0883796145286628	12.981333645634	1.56137913762026e-38	4.70612866832023e-37
gene_6829	interaction_vs_onu	224.373981880288	-1.91547365420803	0.147606750763825	-12.9768702603097	1.65506477980326e-38	4.97100158425118e-37
gene_6935	interaction_vs_onu	660.426574257427	-1.44513053404366	0.111442637334016	-12.9674832596821	1.87072349464848e-38	5.57957948229651e-37
gene_8008	interaction_vs_onu	2896.89969724713	1.00539753483405	0.0775415383446717	12.9659219599831	1.90920930017482e-38	5.67459430885293e-37
gene_2413	interaction_vs_onu	31896.9752063215	1.0549154232945	0.0815900014307512	12.9294693564855	3.0692988292102e-38	9.0597234407032e-37
gene_417	interaction_vs_onu	3898.59435622067	1.11382594153724	0.0865471971551124	12.8695784282997	6.67655601920063e-38	1.95055698035349e-36
gene_4325	interaction_vs_onu	2108.0554363707	-1.91757853715765	0.149121617857317	-12.8591586163747	7.64037784685061e-38	2.22454538670208e-36
gene_7088	interaction_vs_onu	62.6622808900568	3.4657999033411	0.270238178297521	12.8249824846192	1.18813421320512e-37	3.44760300509689e-36
gene_3581	interaction_vs_onu	3001.46165485086	-1.42621836436301	0.112158631650412	-12.7160820649846	4.81399128935084e-37	1.38281092069944e-35
gene_1284	interaction_vs_onu	220.222602477215	-4.28626969076551	0.339893635758	-12.6106206172606	1.84534114175022e-36	5.28298333557922e-35
gene_5837	interaction_vs_onu	185.111339657423	-2.73141679723953	0.218273584058849	-12.5137304590331	6.28039848344097e-36	1.77426439004141e-34
gene_4142	interaction_vs_onu	48.721533136317	4.7146054205974	0.380100059975476	12.403590309619	2.49871637805907e-35	6.92201041947755e-34
gene_7032	interaction_vs_onu	508.366331862368	2.0376837846893	0.164384589099802	12.395832211815	2.75272988741316e-35	7.60108639879246e-34
gene_7160	interaction_vs_onu	600.864946592368	1.9009859777321	0.153845711371818	12.3564443934206	4.49607365960338e-35	1.23353815789118e-33
gene_5601	interaction_vs_onu	1606.95060425469	1.04880078924623	0.084995908285065	12.3394268078023	5.55499324905877e-35	1.51919304191512e-33
gene_1339	interaction_vs_onu	386.50254067788	1.91877113673694	0.155914746659155	12.3065404514402	8.35274224514482e-35	2.26982455931554e-33
gene_4145	interaction_vs_onu	2006.16459318888	1.05311642202727	0.0857108847430585	12.2868457744226	1.06584222891979e-34	2.88721818973208e-33
gene_8559	interaction_vs_onu	353.261172061557	1.81877600675135	0.148348010379264	12.2601981792779	1.48137156107216e-34	4.00017052453554e-33
gene_6561	interaction_vs_onu	984.338188831336	1.34409231835244	0.109665912451389	12.2562452480229	1.55541534489139e-34	4.18690419882715e-33
gene_2386	interaction_vs_onu	208.304479759728	1.8275658434111	0.149612359001699	12.2153400668613	2.57422822180612e-34	6.88606049333138e-33
gene_6139	interaction_vs_onu	161.628297277487	-2.43185291717191	0.19921262511997	-12.2073232843922	2.84082169342486e-34	7.57552451579963e-33
gene_1145	interaction_vs_onu	10278.1109139446	-1.14124677700981	0.0936504106664517	-12.1862442341498	3.67993729619278e-34	9.78269045199075e-33
gene_7063	interaction_vs_onu	1862.13235413805	1.31615137814094	0.108235527505114	12.1600680338417	5.07164346512599e-34	1.34406402667116e-32
gene_3385	interaction_vs_onu	5239.00570541817	1.21583528112872	0.100010492139739	12.1570772737515	5.2607365882255e-34	1.38987361713612e-32
gene_928	interaction_vs_onu	875.034415699132	1.21154751014574	0.099779568693063	12.142240400664	6.30749849995763e-34	1.66129806645038e-32
gene_3427	interaction_vs_onu	122616.98940495	1.09553232492533	0.0902648059770385	12.1368712098491	6.73525206784407e-34	1.76852017486948e-32
gene_7335	interaction_vs_onu	893.594336730453	-1.29100432856093	0.106692585853559	-12.1002253177451	1.05321697042527e-33	2.75704503573098e-32
gene_4221	interaction_vs_onu	4068.81709782144	1.60110447541903	0.133043513762835	12.0344421921476	2.3421167691475e-33	6.09377493735641e-32
gene_2860	interaction_vs_onu	4553.98472865365	-1.55621526824286	0.129366322852253	-12.0295238662707	2.48590218410171e-33	6.4482796048214e-32
gene_7090	interaction_vs_onu	471.587957187133	1.53889202656545	0.127938426846337	12.0283800926657	2.52057703486411e-33	6.51847112339479e-32
gene_4044	interaction_vs_onu	45498.0397766748	1.08412268695789	0.0904926729108774	11.9802261562723	4.51091432532215e-33	1.163055018818e-31
gene_7334	interaction_vs_onu	607.688039676299	-1.30379265561278	0.109199697334299	-11.9395262756215	7.36414121239031e-33	1.8761026422042e-31
gene_1314	interaction_vs_onu	110.620194215808	-3.29845337441245	0.27652728989617	-11.9281296817068	8.44495692524556e-33	2.1450691774511e-31
gene_1586	interaction_vs_onu	497.937468923691	1.12191638677207	0.0940836678488872	11.9246667612283	8.80355863173703e-33	2.22954029253459e-31
gene_3863	interaction_vs_onu	6940.85343641319	1.03951745462036	0.0872446785446913	11.9149668720238	9.8905486805638e-33	2.49743648099192e-31
gene_5405	interaction_vs_onu	342.047641590788	1.47204994430196	0.12358286331685	11.9114406706035	1.03178967723714e-32	2.59768224622056e-31
gene_3558	interaction_vs_onu	379.103280001227	-1.48232654940373	0.125160202196452	-11.8434336425653	2.32725940814637e-32	5.82495337243653e-31
gene_3646	interaction_vs_onu	954.426227379847	-1.9046360451513	0.161400792204875	-11.8006610694552	3.8725715289004e-32	9.63639892075216e-31
gene_4159	interaction_vs_onu	670.986251649403	1.08376382011347	0.0919324872184862	11.788692473182	4.46417820079456e-32	1.1076337796754e-30
gene_3577	interaction_vs_onu	3553.37454551312	-1.28200778096959	0.108919977355182	-11.7701803847153	5.56054873296789e-32	1.3717088517062e-30
gene_1060	interaction_vs_onu	678.808850234484	-1.46730436235871	0.125218582396838	-11.7179442082213	1.03144653866711e-31	2.52985168223222e-30
gene_390	interaction_vs_onu	975.245639096084	-1.12634147653855	0.0961947048561418	-11.708975854991	1.14656158931892e-31	2.80416205844856e-30
gene_3372	interaction_vs_onu	944.966138210389	-1.43499719525355	0.123031339677886	-11.6636720286927	1.9542853769167e-31	4.76600650324984e-30
gene_3703	interaction_vs_onu	5926.21354142964	-1.28296118507483	0.110015456758878	-11.661644853111	2.00138251229923e-31	4.86699838218221e-30
gene_4756	interaction_vs_onu	1011.61408363706	-1.64212200228931	0.140930694057918	-11.6519826519442	2.24181496934458e-31	5.43624253189507e-30
gene_4099	interaction_vs_onu	739.936206059539	1.34884656786312	0.115819509063635	11.6461084904273	2.40178270710353e-31	5.80770055728989e-30
gene_94	interaction_vs_onu	69.5403165557185	2.91500732554931	0.25084797676454	11.6206132620535	3.23803530734616e-31	7.78583770530425e-30
gene_3343	interaction_vs_onu	550.997398397031	1.56379289880929	0.134716505141026	11.6080275180258	3.75170259122037e-31	8.99567904225389e-30
gene_5456	interaction_vs_onu	964.348487524442	1.78539712602779	0.153998640058102	11.5935902119277	4.4411833247256e-31	1.05601470165698e-29
gene_4913	interaction_vs_onu	6577.71996839485	1.41072984660379	0.121768916077741	11.5853034751753	4.89230862717691e-31	1.16005988500372e-29
gene_2232	interaction_vs_onu	6812.3818732166	1.15756719640209	0.0999487762952297	11.581604490913	5.10809256580013e-31	1.20788045202346e-29
gene_6748	interaction_vs_onu	706.563159289324	1.57903779446559	0.136347820353243	11.5809536989642	5.14702278791867e-31	1.21373319737146e-29
gene_1386	interaction_vs_onu	2589.44008976919	-1.55153146338085	0.134019053040305	-11.5769469204818	5.39328034152407e-31	1.26830988251225e-29
gene_2846	interaction_vs_onu	401.533344907581	2.1482558705384	0.185656663018503	11.5711218526227	5.77229283120954e-31	1.35372127767544e-29
gene_8504	interaction_vs_onu	649.03964794572	-1.67602976693262	0.145539123051344	-11.5160084229815	1.09570175414067e-30	2.5349208149849e-29
gene_4526	interaction_vs_onu	92.1491079090103	-3.28639608717473	0.287888955991477	-11.4154989928548	3.49890111435489e-30	8.00818009060906e-29
gene_6053	interaction_vs_onu	2292.77590094024	1.10860205739979	0.0972734174183523	11.3967627212266	4.33957160293713e-30	9.90579544563783e-29
gene_5693	interaction_vs_onu	783.977733097073	-1.83291910245616	0.160921735225758	-11.3901276287181	4.68303269705502e-30	1.06613723103168e-28
gene_4329	interaction_vs_onu	12340.6258817773	-1.1122174477313	0.0977040470695429	-11.3835350846793	5.05099097724008e-30	1.14685630676857e-28
gene_327	interaction_vs_onu	2668.40701293302	1.19358161477956	0.104884892662411	11.3799193046924	5.26484252855283e-30	1.19225005408498e-28
gene_3291	interaction_vs_onu	1526.28648463605	-1.51663604204523	0.133838433604411	-11.3318424401766	9.12644999786534e-30	2.03443781202415e-28
gene_6204	interaction_vs_onu	3540.19088811452	1.01263155840506	0.089782438306683	11.2787264135784	1.67148262210343e-29	3.6971295207249e-28
gene_1893	interaction_vs_onu	201.380498138483	1.74751163695835	0.155240735328946	11.2567853614934	2.14439006536789e-29	4.71876065798179e-28
gene_5200	interaction_vs_onu	2256.29366170774	1.25237356808461	0.111538899988974	11.2281326802435	2.96682260311363e-29	6.51179525196222e-28
gene_1927	interaction_vs_onu	589.038424063532	-1.38930479688432	0.123902887585512	-11.2128524520906	3.52642365789168e-29	7.70055778355938e-28
gene_2573	interaction_vs_onu	1589.08609931048	-1.81523978002282	0.161927103289196	-11.2102282023835	3.63255622016562e-29	7.91213263221824e-28
gene_6533	interaction_vs_onu	644.554864962286	1.21489669575823	0.108450567149842	11.2023083667202	3.97245502323042e-29	8.63051142102853e-28
gene_4870	interaction_vs_onu	442.566088478081	-1.64355159112302	0.146832452422588	-11.1933810544336	4.39354295220651e-29	9.52119687870575e-28
gene_6352	interaction_vs_onu	623.769054089366	1.28327111611019	0.114668176063589	11.1911705598121	4.50447291917816e-29	9.73694146165785e-28
gene_4768	interaction_vs_onu	2385.86425596015	1.06202784937628	0.0949592056028057	11.1840431123499	4.88142533229372e-29	1.05251891295804e-27
gene_6305	interaction_vs_onu	732.564362291255	1.31574488940433	0.117723702076434	11.1765503989168	5.3114659305919e-29	1.14236553683082e-27
gene_6122	interaction_vs_onu	1406.53940111095	-1.53687396515838	0.137591947343944	-11.1697958697873	5.73124395875233e-29	1.2295601074416e-27
gene_2676	interaction_vs_onu	899.671170744658	1.27276496948677	0.114369274744511	11.1285567940341	9.10984710293409e-29	1.9495072800279e-27
gene_5878	interaction_vs_onu	801.587068666381	-1.24657580219744	0.112049550292068	-11.1252191458878	9.45731831175892e-29	2.01379713305115e-27
gene_1498	interaction_vs_onu	3155.20679482041	1.05652341371814	0.0949937106476681	11.1220354117631	9.80100863246314e-29	2.08180232987306e-27
gene_1740	interaction_vs_onu	718.984756038941	2.5338366884852	0.227905508137161	11.1179265003119	1.02629474874216e-28	2.17452550723586e-27
gene_150	interaction_vs_onu	3886.25146828636	1.28867317414591	0.115916680323592	11.1172367130293	1.03425858858847e-28	2.1859885230413e-27
gene_5803	interaction_vs_onu	955.630238730359	-1.00293686119493	0.0904807115502486	-11.0845377319778	1.49118659670301e-28	3.12856795778867e-27
gene_8626	interaction_vs_onu	316.402817634919	-1.60060849870722	0.144576449833262	-11.0710181399058	1.73419012045735e-28	3.62065059295486e-27
gene_7208	interaction_vs_onu	456.560499023837	-1.43056614258686	0.129359136923397	-11.05887204113	1.98579016031825e-28	4.13585493243899e-27
gene_4706	interaction_vs_onu	11322.7549545236	-1.40562242309101	0.127296647490146	-11.0421008785783	2.39369978096768e-28	4.97331799152509e-27
gene_8601	interaction_vs_onu	278.35655855202	-1.9147045242706	0.173451691217995	-11.0388345643986	2.48231852768865e-28	5.14495074988253e-27
gene_5616	interaction_vs_onu	431.712636303521	-1.35772659295801	0.123690878200871	-10.9767721978099	4.94270105218784e-28	1.01705579343096e-26
gene_4307	interaction_vs_onu	401.232995942224	-2.1054953304417	0.191900459236917	-10.9718097539427	5.22166454428172e-28	1.07188125897006e-26
gene_3688	interaction_vs_onu	109.347169118543	-2.36136518502165	0.215360361570456	-10.9647159198752	5.64776388972617e-28	1.1538152481159e-26
gene_288	interaction_vs_onu	186.620700736924	2.16132611981941	0.197207619107614	10.9596481596383	5.97311345367677e-28	1.21737740865412e-26
gene_902	interaction_vs_onu	905.176372500863	-1.48360088985707	0.135375608534552	-10.9591447522721	6.0064299149049e-28	1.22125985918256e-26
gene_3171	interaction_vs_onu	2807.24683539097	-1.05945299981767	0.0967550861169821	-10.9498429729755	6.65629061813448e-28	1.34699403525369e-26
gene_3360	interaction_vs_onu	6871.99512066851	1.17765803393625	0.10771989277773	10.9325956753989	8.05118987780002e-28	1.62542889985774e-26
gene_6030	interaction_vs_onu	718.471467654755	1.42651345702008	0.130582299068589	10.9242482878234	8.82682343176744e-28	1.76949902988125e-26
gene_3292	interaction_vs_onu	938.478921889938	-1.02368414057842	0.0938688348712884	-10.9054740264122	1.08526141871011e-27	2.1654633436267e-26
gene_7984	interaction_vs_onu	884.994551257425	-2.04088891059222	0.187392995099091	-10.8909562468598	1.27296568658246e-27	2.53408983189439e-26
gene_2862	interaction_vs_onu	849.067462775215	-1.24764154621267	0.114792630909932	-10.8686553860029	1.62579169513488e-27	3.22147613665616e-26
gene_6376	interaction_vs_onu	16748.3902499411	-1.52910336064345	0.140923069136856	-10.850624883556	1.98066560404518e-27	3.91558835349348e-26
gene_6590	interaction_vs_onu	1146.49779663943	1.41912359910914	0.130819170200386	10.8479789081015	2.03883760636027e-27	4.02130182268293e-26
gene_5429	interaction_vs_onu	5678.849830569	1.21935814859375	0.112468538223012	10.8417711109208	2.18205196496647e-27	4.28402862846628e-26
gene_1903	interaction_vs_onu	2151.12744115128	1.12776721669793	0.104079461928798	10.8356365011711	2.33337020409155e-27	4.57062904966217e-26
gene_2605	interaction_vs_onu	1055.2526625975	-1.3690485938963	0.126589043002161	-10.8149059462669	2.92592651151995e-27	5.70522344843069e-26
gene_3582	interaction_vs_onu	2667.06419229855	-1.6380306544451	0.15150767841623	-10.8115355707915	3.03545816662364e-27	5.89195508079329e-26
gene_3770	interaction_vs_onu	574.734279263442	-1.28040389316398	0.118427338889466	-10.8117256131124	3.02917534103124e-27	5.89195508079329e-26
gene_33	interaction_vs_onu	1647.41556014433	-1.31548089443194	0.121770840516681	-10.8029220201674	3.33420712008517e-27	6.4426214329411e-26
gene_7953	interaction_vs_onu	550.201417323056	-1.52090081958725	0.141208427547218	-10.7706094176191	4.73854227612159e-27	9.13556799180198e-26
gene_3891	interaction_vs_onu	15208.2067245494	-1.54840026130169	0.143828769613778	-10.7655809436429	5.00449190039382e-27	9.60503378192177e-26
gene_2271	interaction_vs_onu	987.038177618895	-1.36602239493961	0.126980544509617	-10.7577298570819	5.44960992729227e-27	1.04359420531592e-25
gene_6707	interaction_vs_onu	154.987173738105	-1.844371194235	0.172061266382485	-10.7192701356448	8.26529689197308e-27	1.57926208471628e-25
gene_2432	interaction_vs_onu	3669.74063569789	1.58019007390953	0.147469866828999	10.715342109462	8.62378344523006e-27	1.64408878154052e-25
gene_1833	interaction_vs_onu	353.951437268764	1.9067742840075	0.178033868734294	10.7101772127036	9.11870928812416e-27	1.7345811445854e-25
gene_8484	interaction_vs_onu	4120.30632502602	-1.6580129154414	0.154931089600461	-10.7016152775864	1.00019274078889e-26	1.89837025746183e-25
gene_7995	interaction_vs_onu	549.35574793598	1.04925201247415	0.098280623372313	10.6760821866108	1.31713738596476e-26	2.47252105786367e-25
gene_3977	interaction_vs_onu	870.401129663478	1.22511882143153	0.114764154977882	10.6750999183294	1.33114236116612e-26	2.49334324104638e-25
gene_6191	interaction_vs_onu	1276.66418632948	1.29908357253854	0.121706188892314	10.6739319040544	1.34798792961861e-26	2.51938355404702e-25
gene_4907	interaction_vs_onu	241.218484408428	1.92423199859477	0.181300060524933	10.6135209939996	2.57845390771365e-26	4.79816640218019e-25
gene_3788	interaction_vs_onu	876.750473238397	1.17208815855614	0.110471902115623	10.6098305189803	2.68235177805728e-26	4.98067922346427e-25
gene_8138	interaction_vs_onu	1634.33409039196	1.13112579715305	0.106920546119385	10.5791247632617	3.72420788170366e-26	6.8853605761087e-25
gene_6467	interaction_vs_onu	1689.82260027273	-1.65670162608629	0.15706224496771	-10.5480577234006	5.18580016904332e-26	9.5669072084075e-25
gene_7754	interaction_vs_onu	956.297136101644	-1.05327337269281	0.099926312587551	-10.5405007491893	5.6198857885898e-26	1.0345424161361e-24
gene_1980	interaction_vs_onu	119.355211061073	-3.49860881805189	0.333290610927986	-10.4971718474477	8.90069037513893e-26	1.61762016159637e-24
gene_7175	interaction_vs_onu	897.888834977281	-1.08176197086531	0.103096170783436	-10.4927463614304	9.32770016254588e-26	1.69163375829222e-24
gene_860	interaction_vs_onu	315.891785360983	-1.67769104485956	0.15994871838549	-10.4889308385465	9.71211322874319e-26	1.75762556528629e-24
gene_2635	interaction_vs_onu	235.980042164658	-1.85405817978512	0.176881804370913	-10.4819044919807	1.0461548709435e-25	1.88925858550134e-24
gene_666	interaction_vs_onu	423.784874908668	-1.44207115727687	0.137614901457803	-10.4790334622232	1.07840200358899e-25	1.94339392646774e-24
gene_8021	interaction_vs_onu	4886.91604563342	1.34284672810686	0.128190185609912	10.4754254135585	1.12032748182019e-25	2.01470656394555e-24
gene_7707	interaction_vs_onu	13235.9229286697	1.15508005260279	0.110327165225054	10.4695887929919	1.19159492928258e-25	2.13837580600816e-24
gene_1480	interaction_vs_onu	33.9246051967723	4.31059716704929	0.413608320358581	10.4219304952864	1.96915050869721e-25	3.4826298252992e-24
gene_8126	interaction_vs_onu	1214.07282054353	-1.39927768868805	0.134488791666696	-10.4044186236418	2.36696475078038e-25	4.17757077663506e-24
gene_1701	interaction_vs_onu	1704.65280113508	1.54947649571943	0.149034978188613	10.396730449133	2.56586589350404e-25	4.5100230078839e-24
gene_8068	interaction_vs_onu	2626.00259094117	1.47293032731015	0.141697276037904	10.3949092635778	2.6153575064283e-25	4.58759431455456e-24
gene_929	interaction_vs_onu	4161.45575521959	1.06897000749726	0.102887827908352	10.3896644455304	2.76323528703016e-25	4.83707444927979e-24
gene_7330	interaction_vs_onu	1855.44317371192	-1.07097014234399	0.103142552821949	-10.3833976670401	2.95082544887224e-25	5.14441259518257e-24
gene_1192	interaction_vs_onu	1354.02095749334	-1.398322888548	0.135251601789971	-10.3386789512439	4.70985170115704e-25	8.17775467787105e-24
gene_77	interaction_vs_onu	682.267041048489	1.28822124836005	0.124676093790815	10.3325441886354	5.02108414312926e-25	8.70050207797298e-24
gene_525	interaction_vs_onu	8034.36105475494	-1.14237090994621	0.11128836404093	-10.2649627370393	1.01360099659196e-24	1.7283714204835e-23
gene_6374	interaction_vs_onu	968.374672435996	-1.22570568823578	0.119457129332269	-10.260632371522	1.06010216894375e-24	1.80407049028996e-23
gene_3931	interaction_vs_onu	190.992303866906	-1.8366935221887	0.17914666885212	-10.2524570172434	1.15372839643047e-24	1.9556267472168e-23
gene_3742	interaction_vs_onu	2404.95292839677	-1.47591328348124	0.14403673509304	-10.2467837980907	1.22346936130136e-24	2.06974263492878e-23
gene_23	interaction_vs_onu	1297.16033958663	-1.17605024101669	0.115030237783788	-10.2238356077052	1.55080409405624e-24	2.60803203244036e-23
gene_4920	interaction_vs_onu	14739.2020113634	1.08706047416593	0.106353226775142	10.2212270104813	1.59311393294023e-24	2.67393240509184e-23
gene_4064	interaction_vs_onu	1483.93909373477	-1.16195490335074	0.113693278711778	-10.2200843929956	1.6120047643033e-24	2.70034457581923e-23
gene_283	interaction_vs_onu	293.342074260783	-1.26333679303865	0.1236963005671	-10.2132140350741	1.73036227727319e-24	2.89294943231612e-23
gene_4077	interaction_vs_onu	726.423734749196	-1.45649127064642	0.142889643049515	-10.1931199460111	2.1282230935392e-24	3.55118707226034e-23
gene_3539	interaction_vs_onu	3609.14034641048	-1.5761740572257	0.154719096473601	-10.1873271829418	2.25889320427594e-24	3.76189218455292e-23
gene_5706	interaction_vs_onu	4637.1784872581	-1.62103394335018	0.159280271151204	-10.1772424898206	2.50561033055717e-24	4.16466493778046e-23
gene_7241	interaction_vs_onu	269.951029448475	-2.04697924842208	0.2013601321631	-10.1657623405016	2.81907986167038e-24	4.67661310385629e-23
gene_5938	interaction_vs_onu	1928.82625733023	1.04308566639298	0.102985306438905	10.1284901940043	4.12976614774899e-24	6.837678573449e-23
gene_5126	interaction_vs_onu	1061.81513521764	-1.25706969139393	0.124117131879209	-10.1280916853389	4.14662855693727e-24	6.85234371571101e-23
gene_7017	interaction_vs_onu	4096.35008195495	-1.57228455171106	0.155561189580088	-10.1071774775905	5.13421254203228e-24	8.43548164295515e-23
gene_4966	interaction_vs_onu	445.694218996079	-1.71640079777091	0.169858684539536	-10.1048751344321	5.25624862165813e-24	8.61944218417502e-23
gene_7198	interaction_vs_onu	1162.23707508654	1.73705943591637	0.171959318023042	10.1015720223059	5.43636417059984e-24	8.89775856602957e-23
gene_5586	interaction_vs_onu	131.398504834539	2.0480198672098	0.203077695049879	10.0849079792184	6.44255213192306e-24	1.04844574618368e-22
gene_822	interaction_vs_onu	1241.34118272646	-1.24678648896231	0.123812105105342	-10.0699886162303	7.49867635349659e-24	1.21339640049018e-22
gene_278	interaction_vs_onu	4081.40339689256	1.92531432602812	0.191199861430817	10.0696428941962	7.52508090790859e-24	1.21537155795656e-22
gene_6638	interaction_vs_onu	692.647182463707	1.2819012034958	0.127332196360977	10.0673768310861	7.70044615784776e-24	1.24135252563421e-22
gene_6429	interaction_vs_onu	836.43220379418	1.86274688660438	0.185245456424063	10.055560457797	8.68259654109375e-24	1.39442826250962e-22
gene_8548	interaction_vs_onu	135.107668846134	-2.09533148244111	0.2085422222938	-10.047516802085	9.42114727241655e-24	1.50738356358665e-22
gene_7147	interaction_vs_onu	5095.16878387325	1.28379352235553	0.128300205662104	10.0061688578784	1.4319062795499e-23	2.28251727242964e-22
gene_7383	interaction_vs_onu	224.436906653072	-1.62193848970237	0.162188536511432	-10.0003275483533	1.51893814507262e-23	2.41226540293537e-22
gene_1808	interaction_vs_onu	2714.93474364688	1.37089102556416	0.137797357528714	9.94860170144045	2.55751377305079e-23	4.04663916771068e-22
gene_7981	interaction_vs_onu	879.316249641154	-1.92796412205832	0.193863958400284	-9.94493323033014	2.65351914781078e-23	4.1907977684982e-22
gene_6766	interaction_vs_onu	4295.51466117689	-1.45100863717421	0.146484448093745	-9.90554735370688	3.93807699275093e-23	6.16269452613308e-22
gene_7978	interaction_vs_onu	15277.8650634826	-1.53276784935378	0.154819851070367	-9.90033150630744	4.1489745923092e-23	6.4690751384639e-22
gene_1	interaction_vs_onu	1029.21093673536	-1.58810077798388	0.160523174516111	-9.89328041120001	4.45195418647781e-23	6.91628454378404e-22
gene_6138	interaction_vs_onu	504.521821778778	-1.18390850465451	0.119715361218005	-9.88936167096034	4.6297048877081e-23	7.17939743456184e-22
gene_1576	interaction_vs_onu	181.136826786267	-1.67713124642821	0.169638363207003	-9.88650924662408	4.7634898900284e-23	7.37350333791015e-22
gene_3787	interaction_vs_onu	1745.90137536063	1.35569246965336	0.137348858314122	9.87043129658084	5.59236307307185e-23	8.64090756416878e-22
gene_4108	interaction_vs_onu	35721.9778619216	1.01253499026026	0.10330617478276	9.80130173621751	1.11143946884032e-22	1.70195381990575e-21
gene_2550	interaction_vs_onu	1733.93595697409	1.41804487389673	0.144762974600911	9.79563232799037	1.17559527436507e-22	1.79698134795803e-21
gene_3880	interaction_vs_onu	148.608102919838	-2.55188641904344	0.26143916070752	-9.76091880090723	1.65647606044952e-22	2.50520054371871e-21
gene_5652	interaction_vs_onu	260.260781260308	-2.27619101226169	0.23387331148661	-9.73258127570495	2.18964719767446e-22	3.2883122828234e-21
gene_617	interaction_vs_onu	465.058283171301	-1.17127862781783	0.120353240513878	-9.73200740434374	2.20203801179836e-22	3.30112878826514e-21
gene_4705	interaction_vs_onu	1896.53984157806	-1.42328044649804	0.146281431691141	-9.72974102074113	2.25165482286316e-22	3.36960931533368e-21
gene_3879	interaction_vs_onu	204.219500220738	-1.67287643858178	0.172367094571098	-9.70531204197884	2.86199220297922e-22	4.2606353491308e-21
gene_6262	interaction_vs_onu	243.621132092618	-1.48703890017071	0.153270673673215	-9.70204452380229	2.95516602076447e-22	4.39170505863608e-21
gene_6345	interaction_vs_onu	723.181961245754	1.63612225450002	0.169556340266741	9.64943128594381	4.94290880063576e-22	7.26998270334057e-21
gene_5874	interaction_vs_onu	1932.52000944667	1.63853549688726	0.169888066943125	9.64479451894531	5.1714660781384e-22	7.56713668869482e-21
gene_6046	interaction_vs_onu	909.802608103287	-1.07186110042849	0.111309537270641	-9.62955310668787	5.99898044292724e-22	8.73320962439748e-21
gene_2384	interaction_vs_onu	211.159999709766	1.4208136798667	0.147938808583737	9.60406328446591	7.68535342117372e-22	1.11502754720758e-20
gene_1574	interaction_vs_onu	552.291339581293	1.48190828605217	0.154304399996344	9.60379798688354	7.70516835729051e-22	1.1160108483656e-20
gene_7924	interaction_vs_onu	1207.72726842082	-1.08731331058117	0.113416043835074	-9.58694443761684	9.07322322293404e-22	1.30752173044302e-20
gene_665	interaction_vs_onu	143.554801310421	-1.83947730220534	0.192100330234047	-9.57560718383044	1.01260541641757e-21	1.45679031336712e-20
gene_6558	interaction_vs_onu	180.384914241997	-2.06759074561205	0.216091085338625	-9.56814457372012	1.08841367093214e-21	1.56322500388911e-20
gene_7432	interaction_vs_onu	1417.54530759625	-1.13913870037777	0.119436310139834	-9.53762468920952	1.4614112772981e-21	2.08494675561195e-20
gene_7438	interaction_vs_onu	441.144654725295	1.14231375396339	0.120014227264717	9.51815280569838	1.76284588306225e-21	2.50248105456266e-20
gene_5666	interaction_vs_onu	816.988772195978	-1.22268698735683	0.12846782049203	-9.51745723305614	1.77468218667464e-21	2.51511250296936e-20
gene_7930	interaction_vs_onu	36.3932083588627	3.42503410670032	0.359918147130143	9.51614730740947	1.79718655990404e-21	2.54279619054191e-20
gene_1818	interaction_vs_onu	189.330407319777	-2.91613167973092	0.30704993372987	-9.49725552553418	2.1549476552619e-21	3.03893771483391e-20
gene_3431	interaction_vs_onu	214.040515801108	1.61172094964374	0.16995150120259	9.48341696448151	2.46089840580776e-21	3.46468591343987e-20
gene_7555	interaction_vs_onu	105.486026946753	9.82194853046034	1.03597803173608	9.48084633995651	2.52228912195102e-21	3.54528651623986e-20
gene_7977	interaction_vs_onu	4849.69656192265	-1.47810608460479	0.155971159512647	-9.47679102484925	2.62223042727614e-21	3.67972007499734e-20
gene_3957	interaction_vs_onu	63.0458560717601	2.60216026104145	0.275526746184748	9.4443109319653	3.57750382549399e-21	4.98752976322941e-20
gene_3689	interaction_vs_onu	2914.26269802578	-1.54737526357376	0.164022594113484	-9.43391532085606	3.9506042643656e-21	5.48980073100155e-20
gene_893	interaction_vs_onu	1130.29699342042	-1.30369110402903	0.138260627670383	-9.42922888457491	4.13114787551361e-21	5.73138181756831e-20
gene_6461	interaction_vs_onu	567.553739134665	-1.63587052179932	0.173603852215725	-9.42300819319692	4.38345899972354e-21	6.07158722291804e-20
gene_1862	interaction_vs_onu	193.753416676145	-2.14471893294223	0.227753108806258	-9.41685909001872	4.64783310388815e-21	6.42737501927021e-20
gene_7791	interaction_vs_onu	324.090214504236	1.32109568790829	0.140883774119044	9.37720256409363	6.77462657383675e-21	9.32328030097147e-20
gene_1923	interaction_vs_onu	34711.2629784235	1.33199770445033	0.142131259023139	9.37160279593022	7.14393107291729e-21	9.81573836022023e-20
gene_2886	interaction_vs_onu	3781.64597397289	-1.04007125181988	0.111324953967583	-9.34266051547384	9.39432769998939e-21	1.28459177495063e-19
gene_4805	interaction_vs_onu	360.171878854198	-1.4382673912716	0.153999692455294	-9.33941729584379	9.68657373517556e-21	1.32244132652477e-19
gene_2934	interaction_vs_onu	4441.6771471412	1.0798150367203	0.115919291514308	9.31523150818267	1.21686870979605e-20	1.65866180825703e-19
gene_1406	interaction_vs_onu	312.02570499325	1.63156701954477	0.17535335204318	9.30445298327119	1.346838181271e-20	1.83289901934495e-19
gene_6440	interaction_vs_onu	5406.36607565102	-1.44241770544963	0.155292627343186	-9.28838496796107	1.56647098039463e-20	2.12841136383778e-19
gene_7329	interaction_vs_onu	870.517775471068	-1.23907381677512	0.133575455565288	-9.27620880296754	1.75616249464976e-20	2.38236940637115e-19
gene_6313	interaction_vs_onu	90.212440536688	-2.04883422746064	0.221318387278432	-9.25740627633925	2.09458349479915e-20	2.82640023577061e-19
gene_6567	interaction_vs_onu	1273.11875503974	1.07540854555242	0.116172327992344	9.25701123612923	2.10234507818509e-20	2.82957136309188e-19
gene_6386	interaction_vs_onu	190.562901451336	1.45243888536838	0.157078374196085	9.24658720719419	2.31774850662994e-20	3.09998862761755e-19
gene_2690	interaction_vs_onu	240.748918396957	-1.74046538747876	0.188246185657162	-9.24568740345438	2.33733435369299e-20	3.12130765485367e-19
gene_7693	interaction_vs_onu	133.015883644016	-1.92705383457981	0.209521322208075	-9.19741157735753	3.66675729772305e-20	4.87382647026542e-19
gene_6506	interaction_vs_onu	910.009820848342	-1.57697899763092	0.171574396489027	-9.19122567178477	3.88390322777422e-20	5.1544514154647e-19
gene_5886	interaction_vs_onu	7585.38959133845	1.12581307495037	0.122508220633497	9.18969412116775	3.9396000340674e-20	5.22027496774256e-19
gene_7983	interaction_vs_onu	532.660925388012	-1.91626918058175	0.209294425302354	-9.15585390204946	5.39295891859657e-20	7.09120251047414e-19
gene_5645	interaction_vs_onu	166.437872110112	-1.9867444355945	0.217110946490302	-9.15082573085849	5.65000083050129e-20	7.40643294166784e-19
gene_641	interaction_vs_onu	129.359999838738	1.68441123313521	0.184925212136942	9.10860781864543	8.34458377292562e-20	1.09219628587528e-18
gene_3383	interaction_vs_onu	293.911301424273	1.25509073281802	0.137862048891308	9.1039611184623	8.70959683106535e-20	1.13823128051785e-18
gene_1737	interaction_vs_onu	1954.15698972372	2.05177650203561	0.225923150558181	9.08174526145883	1.06847601030056e-19	1.39423089148975e-18
gene_3872	interaction_vs_onu	303.280218580294	-1.67225450156477	0.184304001573212	-9.07334885455806	1.15414047465608e-19	1.50143502478056e-18
gene_5593	interaction_vs_onu	386.705203845723	1.10589029019223	0.121915413672341	9.07096368605536	1.17968964292745e-19	1.53234345120773e-18
gene_7815	interaction_vs_onu	25232.0664428359	1.17544786571633	0.12969467693812	9.06319282692812	1.26686802737686e-19	1.64308944156756e-18
gene_7879	interaction_vs_onu	748.536967821803	1.14706057300518	0.126741807027829	9.05037256375336	1.42481365075945e-19	1.83957840882367e-18
gene_7220	interaction_vs_onu	7862.20746674751	1.02185992730057	0.113027588769229	9.04080090912072	1.55528064901584e-19	2.00198531662791e-18
gene_7102	interaction_vs_onu	2352.74602560655	-1.27939984540524	0.141605450796927	-9.03496184790227	1.6405964910413e-19	2.10232125199304e-18
gene_2551	interaction_vs_onu	4585.56507013801	-1.54757711482251	0.171631398225194	-9.01686480926972	1.93549044428288e-19	2.47280570194948e-18
gene_1460	interaction_vs_onu	15422.1515103733	-1.18552192816728	0.131522222280239	-9.01385262211617	1.98941984626764e-19	2.53414194703139e-18
gene_823	interaction_vs_onu	6648.77826142477	-1.12983295589363	0.125351538385607	-9.01331543628952	1.99919229091847e-19	2.54280624223805e-18
gene_7114	interaction_vs_onu	189.664050635529	-1.33291125765079	0.147953653613963	-9.0089783191741	2.07984997806638e-19	2.64147118876086e-18
gene_4306	interaction_vs_onu	83.4223448114571	-2.67424301994854	0.297173453605186	-8.99892970756885	2.27928785820759e-19	2.88619882636938e-18
gene_654	interaction_vs_onu	13154.5587468269	-1.17109838060358	0.130227891346883	-8.99268481192074	2.41263363636665e-19	3.05053824627748e-18
gene_2795	interaction_vs_onu	184.49541827283	-1.55687382620569	0.173498788848247	-8.973398814717	2.87502857962041e-19	3.61383915441273e-18
gene_6869	interaction_vs_onu	128.908328248773	-1.92856375315801	0.215164490720749	-8.96320645984747	3.15371327636599e-19	3.94675228738199e-18
gene_6124	interaction_vs_onu	1628.39108705521	1.19466529776198	0.13362501921775	8.94043125124043	3.87654562780748e-19	4.83720562303674e-18
gene_95	interaction_vs_onu	390.893514022478	1.81212845757451	0.202800498541419	8.93552269648101	4.05257801011529e-19	5.0421610125853e-18
gene_6936	interaction_vs_onu	4952.69854060724	-1.09658469689828	0.122772508263287	-8.93184241659903	4.18971998256309e-19	5.20522540649347e-18
gene_7230	interaction_vs_onu	1150.01026767741	1.43066085777292	0.161016904161337	8.88515938885159	6.38291921949422e-19	7.91852007519863e-18
gene_5697	interaction_vs_onu	1456.15290799019	1.11715925477709	0.125792649320098	8.88095815467178	6.62868881005417e-19	8.21151609465466e-18
gene_4873	interaction_vs_onu	166.56096030414	-2.49717717110235	0.281577380501746	-8.86852902265301	7.41184494675977e-19	9.15517932817657e-18
gene_7196	interaction_vs_onu	543.47032445739	-1.72060093282784	0.194493422415391	-8.84657646238056	9.02451044586823e-19	1.10831864299329e-17
gene_8415	interaction_vs_onu	2063.35931323443	-1.05572831179298	0.119438739463304	-8.83907781124348	9.6511888766428e-19	1.18358419461407e-17
gene_8074	interaction_vs_onu	486.029619980237	-1.18975179679237	0.134628440738277	-8.83729908976137	9.80603670378909e-19	1.20085370793183e-17
gene_5612	interaction_vs_onu	282.538013450813	1.1587935057985	0.131154759728197	8.83531416015673	9.98173426817588e-19	1.22062350479408e-17
gene_3958	interaction_vs_onu	319.730503704071	1.06464546121945	0.120551744116389	8.83143971929241	1.03336884044781e-18	1.26185981087494e-17
gene_5120	interaction_vs_onu	420.523038030077	-1.39963772287572	0.158542933753105	-8.82813058736089	1.06439741094999e-18	1.29789769768261e-17
gene_6156	interaction_vs_onu	284.773719623338	1.19155270406597	0.134988128163691	8.82709257677127	1.07431873752377e-18	1.30813206162211e-17
gene_3893	interaction_vs_onu	159.121889823589	-1.74336280956649	0.19751330727044	-8.82655874512514	1.07945661910594e-18	1.3125211164129e-17
gene_4454	interaction_vs_onu	640.009864721599	1.19676740427177	0.135602122253823	8.82558019285002	1.0889378218873e-18	1.32217131281635e-17
gene_7634	interaction_vs_onu	1088.74058532603	1.14814820978408	0.13038495337735	8.80583364908065	1.29883559441343e-18	1.56592009692662e-17
gene_6526	interaction_vs_onu	238.587879394911	-1.93548362552759	0.219974372126852	-8.7986778042101	1.38437524690313e-18	1.66202694438862e-17
gene_63	interaction_vs_onu	102.457976146002	1.62578789425805	0.185185715067944	8.77922950839678	1.6459834276559e-18	1.96782376267242e-17
gene_5694	interaction_vs_onu	52.5862404946639	-4.8314797139402	0.551280755316561	-8.76410008393241	1.88274517351753e-18	2.24774040241424e-17
gene_1872	interaction_vs_onu	122745.053786939	-1.48101933411054	0.169159727755921	-8.75515321381632	2.03826405376123e-18	2.4266398192206e-17
gene_407	interaction_vs_onu	4783.31878380307	-1.17387288002498	0.134381654827743	-8.73536556406976	2.42869398425765e-18	2.87149454492341e-17
gene_3694	interaction_vs_onu	2031.78379956041	-1.10041574379578	0.126101143034238	-8.72645336368602	2.62783643664729e-18	3.10052406436092e-17
gene_6635	interaction_vs_onu	910.022494637434	1.48700242233051	0.170742770112834	8.70902130349555	3.0650967365016e-18	3.58922408542458e-17
gene_3376	interaction_vs_onu	1261.30435212788	1.0939071482746	0.125936850670216	8.68615613661131	3.749095265331e-18	4.37224188981381e-17
gene_7189	interaction_vs_onu	1829.96866795005	-1.35375260626844	0.155879384337088	-8.6846160704674	3.80023732068059e-18	4.42585462109195e-17
gene_7690	interaction_vs_onu	2269.9261241161	1.16328611681109	0.134030382126189	8.6792718065659	3.98310765988239e-18	4.63252738703713e-17
gene_8543	interaction_vs_onu	21.0093802617062	5.30656257259318	0.611649179966744	8.67582716759583	4.1055528625797e-18	4.76199627421168e-17
gene_8198	interaction_vs_onu	984.777129239318	-1.15871090376433	0.133827035675171	-8.65827220873959	4.78968642540451e-18	5.5330250744214e-17
gene_6760	interaction_vs_onu	3749.37688554301	-1.5101649071046	0.174794634282963	-8.63965254596943	5.63842335285349e-18	6.49594938094561e-17
gene_1941	interaction_vs_onu	281.571474936766	-1.26774148220401	0.147014849413842	-8.62322062879076	6.50968638812936e-18	7.48963917774024e-17
gene_7982	interaction_vs_onu	574.034051163453	-1.20120603029131	0.139523592280534	-8.60933990200092	7.34824689327977e-18	8.40922371744316e-17
gene_4799	interaction_vs_onu	1324.70315764092	-1.23221373755313	0.143334412299009	-8.59677531577424	8.19872839987986e-18	9.33259509348027e-17
gene_6830	interaction_vs_onu	1543.72994487978	-1.05909744577915	0.123426711275564	-8.58077992060078	9.42320200248025e-18	1.07121658886097e-16
gene_13	interaction_vs_onu	246.540786874651	-1.83498868959081	0.213925470543726	-8.57770084565852	9.67882800131622e-18	1.09881654762953e-16
gene_7061	interaction_vs_onu	227.047160472158	1.63570429789711	0.190861812541326	8.57009726627712	1.03397670252251e-17	1.17074610761808e-16
gene_1819	interaction_vs_onu	271.577089926578	1.26045499082932	0.147164351007291	8.56494784369939	1.08124777078011e-17	1.22265269720974e-16
gene_6043	interaction_vs_onu	297.800291193595	1.01713120769731	0.119388752292915	8.51948938373878	1.60258298025412e-17	1.79791747194957e-16
gene_3635	interaction_vs_onu	244.653818833679	1.46782961285594	0.172524720201031	8.50793794156329	1.77053910059563e-17	1.97598627132967e-16
gene_6916	interaction_vs_onu	400.233941826184	1.37929317071933	0.162629740101804	8.48118658897147	2.22908804486357e-17	2.47805112519898e-16
gene_5660	interaction_vs_onu	219.673982867943	2.09416994815777	0.247543529695045	8.45980483003386	2.67825377914221e-17	2.95817449670417e-16
gene_5386	interaction_vs_onu	809.511484403083	1.42312741523395	0.168385034515089	8.45162647222324	2.8727240847773e-17	3.16480285272763e-16
gene_2088	interaction_vs_onu	2148.86494132609	1.38843214933052	0.164315801261344	8.44977864984648	2.91855625314006e-17	3.21116214998444e-16
gene_5705	interaction_vs_onu	2567.41327133576	-1.09499935714702	0.129652896349282	-8.44562202603723	3.02430738730842e-17	3.32324406102184e-16
gene_4745	interaction_vs_onu	52.271190357949	-4.29369087271534	0.509508066062112	-8.42713032180321	3.54245260189643e-17	3.88761465028634e-16
gene_1261	interaction_vs_onu	383.446922250658	1.06667081391415	0.126724426138861	8.41724714338273	3.85434007814699e-17	4.21907302671845e-16
gene_1241	interaction_vs_onu	853.356889004456	-1.08082675879624	0.12865030613404	-8.40127622914577	4.41652126554011e-17	4.81597732904756e-16
gene_2811	interaction_vs_onu	303.072249481083	-1.70400325983201	0.203370846506783	-8.37879808783297	5.34709122117912e-17	5.80115346683058e-16
gene_5896	interaction_vs_onu	254.079487132894	-1.17824237074519	0.140861811114007	-8.36452663377705	6.03567529143532e-17	6.5316536655735e-16
gene_329	interaction_vs_onu	677.01145681423	-1.54033019298954	0.184302333878801	-8.35762716929282	6.39923088297261e-17	6.90761870847989e-16
gene_4697	interaction_vs_onu	556.247132307133	-1.46752466709934	0.176384512738486	-8.32003130158681	8.79400853335244e-17	9.4213658379846e-16
gene_5947	interaction_vs_onu	606.172737094564	2.28410584901664	0.275343722508203	8.29547094159224	1.08155863308481e-16	1.15438178294339e-15
gene_6437	interaction_vs_onu	108.734820137154	-1.6450052150246	0.198315838277246	-8.29487563532311	1.0869886482454e-16	1.15873260634877e-15
gene_6218	interaction_vs_onu	2292.92437314735	-1.06823910134984	0.128894596810363	-8.28769496770672	1.15464234929742e-16	1.22932071019726e-15
gene_5664	interaction_vs_onu	117.731719381599	-1.95327467323945	0.236823850401837	-8.24779543920586	1.61343243195372e-16	1.7092799031589e-15
gene_2452	interaction_vs_onu	1126.19151828247	-1.30805212527052	0.158663214119262	-8.24420539147342	1.66261357048513e-16	1.75920545900528e-15
gene_8589	interaction_vs_onu	105.420411774913	-1.91927548916567	0.232988353947133	-8.23764560181052	1.75632518369375e-16	1.85352976581721e-15
gene_3702	interaction_vs_onu	5737.34372209478	-1.19823541822134	0.14546080187455	-8.2375141810007	1.75825487131259e-16	1.85352976581721e-15
gene_4676	interaction_vs_onu	1164.25758282121	-1.30718271659666	0.158874360283934	-8.22777642824504	1.90720625448715e-16	2.00561247400615e-15
gene_3409	interaction_vs_onu	135.771332474707	-1.50403654220464	0.18321670330964	-8.20905798999552	2.22930550250577e-16	2.33001893790591e-15
gene_4781	interaction_vs_onu	1476.30000762229	1.10940145794389	0.135311906069741	8.19884583823756	2.42705935523586e-16	2.53361318058767e-15
gene_1697	interaction_vs_onu	344.290934126861	-1.0640295227354	0.129872524900155	-8.19287623424135	2.55056414248421e-16	2.65929708400302e-15
gene_3047	interaction_vs_onu	165.134223654807	-1.83254941003107	0.223762331491757	-8.18971360288397	2.61848518217659e-16	2.72679235516199e-15
gene_7216	interaction_vs_onu	197.829623282586	-1.3816048224318	0.168724120099161	-8.18854365113781	2.64406036789276e-16	2.75007979941216e-15
gene_6795	interaction_vs_onu	893.603872152514	-1.18871218629438	0.145848276808333	-8.15033411643616	3.62920156182966e-16	3.74740233646102e-15
gene_8424	interaction_vs_onu	97.2104943030984	1.95475983575506	0.239857737757803	8.1496634381205	3.64938506627707e-16	3.76370315269057e-15
gene_4744	interaction_vs_onu	44.7091971936645	-3.50961455343904	0.432146175491257	-8.12135974464975	4.60989358601245e-16	4.70891277998407e-15
gene_6582	interaction_vs_onu	164.486547231273	-1.48437100040111	0.183057200009131	-8.10878239330146	5.1129518635463e-16	5.20414601093417e-15
gene_6469	interaction_vs_onu	3435.1281090428	-1.05372564371343	0.130156851311658	-8.09581388220823	5.68827378701163e-16	5.77599331160375e-15
gene_6539	interaction_vs_onu	157.203051202249	-1.99288380160433	0.246188639307294	-8.09494624614583	5.72896450603236e-16	5.81041897768211e-15
gene_6934	interaction_vs_onu	3873.14264844103	-1.12149635047063	0.138557265469645	-8.09409991362973	5.76893242729427e-16	5.8440309559336e-15
gene_4314	interaction_vs_onu	366.758712162604	-1.25436484141005	0.15498807816777	-8.09329889265566	5.80701355022651e-16	5.8756543723332e-15
gene_5480	interaction_vs_onu	147.318135704461	-1.45649452353257	0.179972307603981	-8.092881304481	5.82696411339445e-16	5.88887990680714e-15
gene_1501	interaction_vs_onu	456.23088957473	1.04802998430934	0.129547900741008	8.08990325829019	5.97121396523181e-16	6.02754617245097e-15
gene_7176	interaction_vs_onu	1576.5636740179	-1.22379461391602	0.151302400769926	-8.08840182104547	6.04526870860794e-16	6.09511191350812e-15
gene_3308	interaction_vs_onu	222.57582505226	-1.30794634858884	0.161724177635668	-8.08751274985846	6.08954581509325e-16	6.13253084437626e-15
gene_5701	interaction_vs_onu	1051.43622261852	1.40166269252022	0.173820127331317	8.06386874776894	7.391711933573e-16	7.42641480650057e-15
gene_2448	interaction_vs_onu	669.301961341156	-1.96653562545522	0.244386763471957	-8.04681725604538	8.49749193449989e-16	8.50743052155779e-15
gene_5899	interaction_vs_onu	215.610036892398	-1.39515237227596	0.173760783614699	-8.02915561988717	9.81458001495352e-16	9.7803032512226e-15
gene_6557	interaction_vs_onu	797.779763510103	-1.33945311090991	0.167001720034682	-8.02059470184942	1.05234417452887e-15	1.04623300046076e-14
gene_1904	interaction_vs_onu	198.734503256449	1.63549240756735	0.204162043709662	8.01075644546924	1.14005024931557e-15	1.13211486474957e-14
gene_1110	interaction_vs_onu	3181.72833474176	-1.00916227549908	0.126031959582303	-8.00719340430521	1.17355855064801e-15	1.16403953575284e-14
gene_2547	interaction_vs_onu	268.514053955403	-1.28458401321663	0.160538042686265	-8.00174209004814	1.22671119764996e-15	1.21535276063468e-14
gene_7166	interaction_vs_onu	86.0383373013741	-2.75245821849654	0.345013904853303	-7.97781822638965	1.4894252079158e-15	1.46545744594934e-14
gene_7988	interaction_vs_onu	670.944080290977	-1.32951930424263	0.166755735812226	-7.97285501315366	1.55050038773293e-15	1.52379831446543e-14
gene_2812	interaction_vs_onu	225.513834324079	-1.37790647368885	0.173217511087221	-7.95477584823986	1.79456111407265e-15	1.75358939913948e-14
gene_5651	interaction_vs_onu	1522.99870979299	-1.46852530506367	0.185048542129395	-7.93589232406276	2.08987265834677e-15	2.03750682863876e-14
gene_4760	interaction_vs_onu	189.87295020902	-1.49102065422873	0.187986439454709	-7.9315330326683	2.16457005030053e-15	2.10314638258485e-14
gene_6011	interaction_vs_onu	9108.66855888095	1.01801973713763	0.128479433548091	7.92360075868935	2.30729630426916e-15	2.22665798923833e-14
gene_6982	interaction_vs_onu	292.002905172765	1.27383150012424	0.161405937753183	7.89209813378829	2.97147918587938e-15	2.85475441426796e-14
gene_4841	interaction_vs_onu	458.598249193891	1.18074941762474	0.149792680812713	7.88255748691111	3.20747368010763e-15	3.0780240696997e-14
gene_2629	interaction_vs_onu	522.161671912591	-1.32634160464892	0.168286830661256	-7.88143433111952	3.2364419443543e-15	3.10234524565205e-14
gene_1805	interaction_vs_onu	125.121371716133	-2.19888353791621	0.279180727906227	-7.87620103438796	3.37485081396947e-15	3.22779027570712e-14
gene_7636	interaction_vs_onu	117.009356220124	-2.23899457679853	0.285228332965036	-7.84983228532557	4.16593996020405e-15	3.95787414643137e-14
gene_6938	interaction_vs_onu	955.377209929887	1.03919953985508	0.132798744213745	7.82537173832342	5.06159008817406e-15	4.79283309234181e-14
gene_8588	interaction_vs_onu	276.873278016203	-1.27484341773292	0.162933400085596	-7.82432218969952	5.10399367659655e-15	4.82764484769795e-14
gene_7002	interaction_vs_onu	312.063505751414	1.32107273441437	0.169011835588572	7.81645101843802	5.43334462451941e-15	5.12783131046154e-14
gene_4867	interaction_vs_onu	52.6537253163278	-2.59464550024608	0.331967035459431	-7.81597334402549	5.45399169117304e-15	5.14164855467415e-14
gene_6984	interaction_vs_onu	1059.50037918697	1.16452979591558	0.149313132318878	7.79924563787579	6.22783345124706e-15	5.85183911555157e-14
gene_8638	interaction_vs_onu	479.034417628897	1.112119624512	0.142719683574166	7.79233527331973	6.57819021255688e-15	6.16075582270098e-14
gene_4698	interaction_vs_onu	1807.08120150955	-1.39895507242773	0.17988065166538	-7.77712922138017	7.418881585908e-15	6.91029666761398e-14
gene_493	interaction_vs_onu	206.345701009828	1.07472968039952	0.13819386523857	7.77697098597079	7.42816342332503e-15	6.91142161996329e-14
gene_7603	interaction_vs_onu	2743.67246275923	1.0890775473466	0.140044976315495	7.77662702368642	7.448379146743e-15	6.91519799307159e-14
gene_8281	interaction_vs_onu	496.501903118581	-1.14836050499449	0.148180130333398	-7.74976039237331	9.20661039957891e-15	8.51984702923195e-14
gene_7009	interaction_vs_onu	70.0801542001669	2.0637107428399	0.266568683034236	7.74175990723882	9.8050014155794e-15	9.06380260446648e-14
gene_1066	interaction_vs_onu	298.378621492025	-1.41382215070431	0.182756534444346	-7.73609630431492	1.0251582009356e-14	9.45620064656113e-14
gene_2027	interaction_vs_onu	528.834022873652	1.1263100160379	0.145790440724401	7.72554092326979	1.11379351033817e-14	1.02516908048331e-13
gene_2817	interaction_vs_onu	865.826980290353	-1.36154863323252	0.176256804079006	-7.72480041463939	1.12028733950608e-14	1.03003862794544e-13
gene_7873	interaction_vs_onu	39672.7999550418	1.08729266716036	0.140763235783159	7.7242659357114	1.12499754382705e-14	1.03325954669094e-13
gene_484	interaction_vs_onu	213.380619987647	-1.15104735702401	0.149807076399498	-7.68353127695019	1.54762158739384e-14	1.41232844222722e-13
gene_5520	interaction_vs_onu	89.2307198085034	-4.32113019325004	0.562662277829443	-7.67979365867474	1.59345040795421e-14	1.45260228882727e-13
gene_6120	interaction_vs_onu	392.48011897163	-1.05395960230433	0.137438373738307	-7.66859774047642	1.73886831942081e-14	1.58348008662151e-13
gene_6114	interaction_vs_onu	476.909592299278	-1.06127520291408	0.138468325350789	-7.66438967341808	1.79683585420713e-14	1.63279351507569e-13
gene_1721	interaction_vs_onu	163.884004736625	-1.43132229325915	0.186781652350167	-7.66307758417187	1.81529607584249e-14	1.64781913141164e-13
gene_363	interaction_vs_onu	333.160237539613	-1.07656387311796	0.140608626972418	-7.6564567644142	1.91133061345415e-14	1.73132169853624e-13
gene_6329	interaction_vs_onu	507.200451722992	1.27494371485769	0.166529761640495	7.65595111827541	1.91886707651993e-14	1.73631101215757e-13
gene_7990	interaction_vs_onu	109.881224406143	-2.04928733724785	0.268306027807602	-7.63787289459395	2.20839709251958e-14	1.98778960167903e-13
gene_2326	interaction_vs_onu	2246.16090895785	-1.25586606042498	0.164951758923858	-7.61353542768033	2.66698179892762e-14	2.38800880740799e-13
gene_6428	interaction_vs_onu	576.750066563332	-1.12123299142458	0.147305081641542	-7.61163823358812	2.70643224539468e-14	2.41798839824816e-13
gene_6037	interaction_vs_onu	719.247903906265	1.17615448115342	0.154834127209679	7.59622250177863	3.04900104649073e-14	2.70741171763077e-13
gene_4212	interaction_vs_onu	4351.10554718159	1.07257757744622	0.141347930769171	7.58820855466076	3.2435855659347e-14	2.87126085257508e-13
gene_8606	interaction_vs_onu	1959.44811987532	1.08910521720278	0.143753346996001	7.57620771941451	3.55801983246002e-14	3.13662716435199e-13
gene_3414	interaction_vs_onu	719.892754245954	-1.01694564817951	0.134408125199047	-7.56610247091462	3.84588718248879e-14	3.38343209476917e-13
gene_1476	interaction_vs_onu	36.6292408806104	-3.01273109755935	0.398256349772728	-7.56480367300764	3.88450844471256e-14	3.4139006454558e-13
gene_4748	interaction_vs_onu	87.0773789896602	-2.06346328627362	0.272970999265485	-7.55927659651032	4.05317183858062e-14	3.55483103875513e-13
gene_4133	interaction_vs_onu	135.981000702337	1.41460085455228	0.187438718401057	7.54700451763384	4.45383143451611e-14	3.87841272425818e-13
gene_696	interaction_vs_onu	177.484002538445	-1.72512919351176	0.228638743984527	-7.54521811766296	4.51531142623962e-14	3.92795384233853e-13
gene_7708	interaction_vs_onu	129.9096172484	-1.91983491947206	0.25445619970207	-7.54485417026545	4.52793882700795e-14	3.93493973189726e-13
gene_4865	interaction_vs_onu	411.332486137408	-1.24154280207022	0.164616854684922	-7.54201508980681	4.62764184358606e-14	4.01750650923902e-13
gene_7374	interaction_vs_onu	129.01264148968	-1.56084528923503	0.20729180681615	-7.52970082710198	5.08567106934548e-14	4.38844197112876e-13
gene_5902	interaction_vs_onu	198.373219663913	-1.22286190382976	0.162536720895313	-7.5236038791344	5.32866261062903e-14	4.58425647708387e-13
gene_7225	interaction_vs_onu	134.59688155316	1.59871479785738	0.213194049604593	7.49887157180273	6.43695559062533e-14	5.50452945611916e-13
gene_285	interaction_vs_onu	221.349568004591	-1.36362828846395	0.182510129330937	-7.47152113399332	7.92730334405853e-14	6.73191633185923e-13
gene_6904	interaction_vs_onu	276.620885248298	1.29218422156082	0.173228527791523	7.45941928869785	8.69046442818729e-14	7.3363289452942e-13
gene_3081	interaction_vs_onu	917.280674106003	1.04292462991035	0.140000288888867	7.4494462703447	9.3732803650761e-14	7.88940805556061e-13
gene_1057	interaction_vs_onu	2008.94121208154	-1.20157234269903	0.161310371508605	-7.44882261110489	9.41768961256491e-14	7.9190003029033e-13
gene_7323	interaction_vs_onu	117.009621921611	-1.76485760085205	0.237692714512119	-7.42495454467144	1.12818652894782e-13	9.45864513985636e-13
gene_1495	interaction_vs_onu	113.296848254203	-1.66232243462945	0.223965298175614	-7.42223214118646	1.1516273180677e-13	9.63629505636312e-13
gene_6606	interaction_vs_onu	1813.62568746107	1.05254816906176	0.142545839049518	7.38392769708361	1.53686928185932e-13	1.27353349977887e-12
gene_2453	interaction_vs_onu	55.9476650544128	-2.49891633323139	0.338527053912811	-7.38173302354438	1.56242259129495e-13	1.2934562264492e-12
gene_7353	interaction_vs_onu	243.131283064329	-1.34611133428448	0.182378645629309	-7.38086046005901	1.57269771595586e-13	1.30070458440407e-12
gene_8547	interaction_vs_onu	104.767718795563	-1.49044055598601	0.201984451940402	-7.37898655895447	1.59498930836957e-13	1.3178676138652e-12
gene_2695	interaction_vs_onu	2103.75444541352	-1.16973648252326	0.15876389373364	-7.36777396305066	1.73500632194027e-13	1.43079519420122e-12
gene_7113	interaction_vs_onu	208.098782850886	-1.16845786457422	0.159023135692056	-7.34772245239145	2.01612586711689e-13	1.65783260542945e-12
gene_5562	interaction_vs_onu	482.406123010452	1.28607932087786	0.175330064540098	7.33518991310093	2.21407299613463e-13	1.81711072357741e-12
gene_3426	interaction_vs_onu	1052.82574701132	1.40318684110732	0.1913315227788	7.33379853318555	2.23719332712355e-13	1.83257175886866e-12
gene_1079	interaction_vs_onu	56.2533801675286	-2.7464863228636	0.375437052371954	-7.31543758270984	2.56544007540461e-13	2.09343823121673e-12
gene_8593	interaction_vs_onu	720.375623919025	1.18971809739954	0.162890767669933	7.30377856534067	2.79796713433923e-13	2.27667287737109e-12
gene_3701	interaction_vs_onu	3127.80122707621	-1.10365053048035	0.151119856345275	-7.30314703290055	2.81113692115401e-13	2.28521671843099e-12
gene_1876	interaction_vs_onu	151063.478093134	-1.17040103869931	0.160577156546617	-7.2887144340455	3.12926528204592e-13	2.53660140287056e-12
gene_6468	interaction_vs_onu	706.581661597612	-1.19306940872788	0.163845180538061	-7.28168753459754	3.2966995530284e-13	2.66727298430275e-12
gene_6157	interaction_vs_onu	1693.31758213449	1.16241505723021	0.159713053012915	7.27814687216711	3.38436769828745e-13	2.73303655635288e-12
gene_5859	interaction_vs_onu	115.56631684992	1.63263529353698	0.224427407361454	7.27466984862293	3.47268696979034e-13	2.7964440697465e-12
gene_14	interaction_vs_onu	1337.977212241	-1.3182787401853	0.181359409538484	-7.26887424005186	3.62495671949349e-13	2.91358023651308e-12
gene_4323	interaction_vs_onu	188.179438413233	-1.58862707944496	0.218645287217764	-7.26577325155304	3.70910322010961e-13	2.97841684466588e-12
gene_1054	interaction_vs_onu	71.3107163824412	-1.96531814864449	0.270573445874628	-7.26352928792256	3.77118735401812e-13	3.02259960209692e-12
gene_340	interaction_vs_onu	530.074288248119	-1.15808485409505	0.159751813328214	-7.24927517233081	4.19007851815015e-13	3.34269078428381e-12
gene_1866	interaction_vs_onu	5405.87892565661	-1.089165982286	0.15037770297179	-7.2428688612854	4.39291632928202e-13	3.49473641065558e-12
gene_5009	interaction_vs_onu	231.492088259768	-1.17927183267623	0.162905625424904	-7.23898778572169	4.5204573398274e-13	3.59286117260191e-12
gene_3691	interaction_vs_onu	199.280348738546	-1.53550839215345	0.212280622928802	-7.23338932667658	4.71086377326234e-13	3.73725615376512e-12
gene_3	interaction_vs_onu	596.514151919306	-1.25697945371721	0.173957540369378	-7.22578309079428	4.98222435183306e-13	3.93873548859829e-12
gene_4864	interaction_vs_onu	255.548693788867	-1.17422946450656	0.163236139370786	-7.19344055202957	6.31786680826514e-13	4.94793594499082e-12
gene_2017	interaction_vs_onu	104.184118725872	1.84526671493349	0.256527818150275	7.19324215299147	6.32705813322608e-13	4.95060490131767e-12
gene_6870	interaction_vs_onu	246.782765497852	1.19813285952946	0.166575057462833	7.19275069016136	6.34988293264901e-13	4.96392674917585e-12
gene_5879	interaction_vs_onu	302.743356593045	-1.33107208691855	0.18542577866861	-7.17846297573013	7.04994762334995e-13	5.47121955175662e-12
gene_8146	interaction_vs_onu	149.973823115395	1.13070077607735	0.15764000020568	7.1726768244232	7.35453285271773e-13	5.6972670786664e-12
gene_3535	interaction_vs_onu	3176.26008627605	-1.29360492565341	0.180379677200187	-7.17156691780611	7.41441792486992e-13	5.73846450604761e-12
gene_3486	interaction_vs_onu	121.091109739838	-1.53978418882062	0.215317557260869	-7.15122449097401	8.60071994861955e-13	6.62069808994454e-12
gene_4389	interaction_vs_onu	1423.51472892066	-1.07014686665151	0.149753978123799	-7.14603298061865	8.93216080678404e-13	6.85733600951312e-12
gene_6538	interaction_vs_onu	603.655019173533	1.19693452368624	0.167604736986339	7.14141226082289	9.23768330455325e-13	7.08553486442436e-12
gene_6496	interaction_vs_onu	566.80422351892	-1.05652511945607	0.148053213061485	-7.13611746485577	9.60039771581642e-13	7.35057284860363e-12
gene_8583	interaction_vs_onu	51.6113523880477	-2.32364970469578	0.326468009563887	-7.11754180080256	1.09868904766637e-12	8.38215530126928e-12
gene_5928	interaction_vs_onu	2756.11312194554	1.75973868785718	0.247263367166661	7.11685967889889	1.10413793074265e-12	8.41622501082558e-12
gene_423	interaction_vs_onu	298.969689681883	1.02447480834228	0.144143857096159	7.10730813633525	1.18328059843391e-12	8.97155174720482e-12
gene_4719	interaction_vs_onu	157.466205759948	-1.46967464182616	0.20719102441609	-7.09333160530494	1.3092123821427e-12	9.87388369263568e-12
gene_7694	interaction_vs_onu	306.913322341449	-1.05966895964401	0.149425406526815	-7.09162507417271	1.32546207453023e-12	9.97885255758904e-12
gene_3049	interaction_vs_onu	10329.6243903309	1.12676587484712	0.159278578301672	7.07418340156851	1.50331358612979e-12	1.12781457469509e-11
gene_6686	interaction_vs_onu	163.859338042985	-1.21834860493457	0.172503266057815	-7.06275673949409	1.632313399711e-12	1.21818680920019e-11
gene_4970	interaction_vs_onu	87.3714308579922	-1.80426129020427	0.255515882254104	-7.06124908670054	1.65012492649178e-12	1.22933588953608e-11
gene_1052	interaction_vs_onu	375.004353817646	-1.19741508889692	0.169907289938538	-7.04746152640111	1.82211183090063e-12	1.35393031879422e-11
gene_3274	interaction_vs_onu	132.522462759592	1.12100955056869	0.15925297681843	7.0391748585447	1.93381568371482e-12	1.43320019503021e-11
gene_2004	interaction_vs_onu	120.96014894022	1.5599118467714	0.2218090271609	7.0326797188459	2.02604082490263e-12	1.49895500960817e-11
gene_11	interaction_vs_onu	358.002816578833	-1.39861163944175	0.199467729164443	-7.01171886450222	2.35407873259132e-12	1.7386465876602e-11
gene_2552	interaction_vs_onu	237.122141681395	1.18645918146836	0.170545278378613	6.95685739733234	3.47946834717261e-12	2.52837428283511e-11
gene_7973	interaction_vs_onu	1147.61414459394	-1.24051274689339	0.178695805188963	-6.94203619151329	3.86488162575655e-12	2.79420495916183e-11
gene_6451	interaction_vs_onu	273.658268991024	-1.708486704214	0.246438445995368	-6.93271172569441	4.12848970301037e-12	2.96724364884708e-11
gene_2348	interaction_vs_onu	189.323378779465	-1.58634331637797	0.229955414920895	-6.89848211195061	5.25611069314141e-12	3.76189862318482e-11
gene_8389	interaction_vs_onu	89.3029571217067	-1.69032289840948	0.24554269855351	-6.88402835175776	5.818328687943e-12	4.14005765326618e-11
gene_5766	interaction_vs_onu	149.128934814904	-1.668585894548	0.242697884272029	-6.87515632677604	6.19219167713527e-12	4.39876852749194e-11
gene_4311	interaction_vs_onu	115.011222450997	-1.56604676319578	0.227827641818198	-6.87382246815097	6.25039875256414e-12	4.43643559883491e-11
gene_5876	interaction_vs_onu	323.577628680699	1.01472690180965	0.147701343344701	6.87012642425001	6.41450313617566e-12	4.54914224073435e-11
gene_8091	interaction_vs_onu	816.238124203145	1.39682720825879	0.203457101378838	6.86546303271023	6.62759265666755e-12	4.68861100339456e-11
gene_6399	interaction_vs_onu	337.598569333001	1.42419990725873	0.20779632080807	6.853826389805	7.19003341137074e-12	5.07392300093434e-11
gene_7049	interaction_vs_onu	2418.8909996773	1.22692615037764	0.179273025113673	6.84389717638597	7.70672478290102e-12	5.42512863006848e-11
gene_7462	interaction_vs_onu	173.376168925303	-1.2027195721217	0.176205755337651	-6.82565430293133	8.75254670370514e-12	6.15121508897504e-11
gene_5577	interaction_vs_onu	39.6581210464196	-3.3380047305164	0.4891799042207	-6.82367509727139	8.87404602176699e-12	6.22637983166602e-11
gene_2451	interaction_vs_onu	449.834352255003	-1.66303413311708	0.243755019671781	-6.82256363522841	8.94299932215926e-12	6.26962114641141e-11
gene_1130	interaction_vs_onu	7746.36192774253	-1.01301816740015	0.149150495038421	-6.7919195785384	1.10651230355033e-11	7.69435038049622e-11
gene_2762	interaction_vs_onu	850.348370024349	1.04674128409498	0.154162381985475	6.78986190154741	1.12240932529802e-11	7.79855829914858e-11
gene_7484	interaction_vs_onu	878.391709165558	1.0333129545525	0.152352666534671	6.78237524853132	1.18215931757793e-11	8.2003920246897e-11
gene_6763	interaction_vs_onu	116.840216641054	-2.15988145885225	0.319209416952898	-6.76634630478635	1.32075200227455e-11	9.11764898809841e-11
gene_8574	interaction_vs_onu	380.033620804775	-1.24042615452864	0.183442955343738	-6.76191763376421	1.36177119770211e-11	9.3854762096055e-11
gene_3338	interaction_vs_onu	150.215632894171	-1.32383087448618	0.195831053010861	-6.76006615974618	1.37928741983845e-11	9.49855214305478e-11
gene_7968	interaction_vs_onu	289.758797289071	-1.48372110985483	0.219586202365893	-6.75689589723186	1.40979407525258e-11	9.68526266786684e-11
gene_3419	interaction_vs_onu	78.4873982011206	1.40747495833915	0.208305593263916	6.75677948098075	1.4109268087977e-11	9.68527143809807e-11
gene_1822	interaction_vs_onu	161.684279762565	1.16908381945061	0.173223526169671	6.74898984740388	1.48878005604121e-11	1.02115042305391e-10
gene_427	interaction_vs_onu	134.876143013136	-1.31952349020942	0.195619668837656	-6.74535182504829	1.52656657139591e-11	1.04622977190945e-10
gene_6048	interaction_vs_onu	91.9517150983793	-1.55207972258755	0.230182767602451	-6.74281458492215	1.55347405341383e-11	1.06296865685231e-10
gene_7222	interaction_vs_onu	10994.7059240291	-1.095369355727	0.162850953792589	-6.72620780055174	1.74141824916216e-11	1.18588227627908e-10
gene_2167	interaction_vs_onu	161.241515057373	-1.04736392544204	0.155751888087164	-6.72456647752417	1.76116000919679e-11	1.19742094350473e-10
gene_6767	interaction_vs_onu	5921.84152211802	-1.13965210907116	0.169496343007551	-6.72375632918752	1.77098505356748e-11	1.20314540147124e-10
gene_5575	interaction_vs_onu	142.612534513464	-1.37136560904412	0.204588320011762	-6.7030493674579	2.04114466198703e-11	1.37684777829858e-10
gene_5617	interaction_vs_onu	6223.36079900128	1.09326200114264	0.163154437261947	6.70078006758337	2.07309858666725e-11	1.39730109463557e-10
gene_1533	interaction_vs_onu	221.724702907748	-1.20749501434477	0.180217256674811	-6.7002185951793	2.08107993171144e-11	1.40157704291502e-10
gene_8404	interaction_vs_onu	169.977455914761	-1.08745647648896	0.162350870817733	-6.69818690230382	2.11021267839504e-11	1.4200802301149e-10
gene_5436	interaction_vs_onu	366.402476455978	-1.41923438942738	0.212669953222324	-6.6734128066682	2.49922097065946e-11	1.675280462713e-10
gene_8364	interaction_vs_onu	159.784189014251	-1.34442577639724	0.201654504704054	-6.66697616485338	2.61127480893598e-11	1.74492680440999e-10
gene_8545	interaction_vs_onu	39.5126419255352	-2.92957761341795	0.439674385854437	-6.66306181954353	2.68180785920515e-11	1.79066109787801e-10
gene_4566	interaction_vs_onu	48.5612214845056	1.95582376290975	0.294261942640162	6.64653996830784	3.00062996955975e-11	1.99420749529748e-10
gene_380	interaction_vs_onu	409.87699770071	-1.08298865775835	0.163022546349988	-6.64318330197904	3.06979671375997e-11	2.03543453677656e-10
gene_242	interaction_vs_onu	1891.81200320204	1.18130518345895	0.177876489122847	6.64115414737639	3.11236325971746e-11	2.06046631888488e-10
gene_6439	interaction_vs_onu	29.7824477758853	-3.17387967891634	0.482816828731506	-6.57367243651181	4.90891625990194e-11	3.20765825837867e-10
gene_330	interaction_vs_onu	181.928149494997	-1.14317366448361	0.174053090754525	-6.56795957789616	5.10093828010749e-11	3.32298566801523e-10
gene_3444	interaction_vs_onu	289.433178053711	-1.01253201813813	0.154167035850517	-6.56775952493435	5.10779399132009e-11	3.3249214118403e-10
gene_909	interaction_vs_onu	118.239915319797	1.67189227288566	0.254816656915811	6.56115770892496	5.339161502927e-11	3.47288924506497e-10
gene_3565	interaction_vs_onu	2572.05021301098	1.14168861639459	0.174795759692573	6.53155785015934	6.50890714194719e-11	4.20499963283532e-10
gene_3781	interaction_vs_onu	455.235835432221	1.11950161123377	0.171528970780932	6.52660367596759	6.72777538723222e-11	4.33984606742335e-10
gene_3690	interaction_vs_onu	1860.49899293159	-1.15588481500507	0.177199348376493	-6.5230759909409	6.88799423143206e-11	4.43651095719025e-10
gene_5712	interaction_vs_onu	292.141091307006	-1.78965920841543	0.275621041613075	-6.49318788558895	8.40387716983555e-11	5.38452010282877e-10
gene_8370	interaction_vs_onu	749.146972264143	1.1885906226461	0.183826017252575	6.46584547938605	1.0073397409941e-10	6.38255231895598e-10
gene_1553	interaction_vs_onu	735.718780812567	1.10373254019768	0.171571241148638	6.43308594615506	1.25038899620894e-10	7.88168616167048e-10
gene_6626	interaction_vs_onu	1355.35750751744	-1.18135144191446	0.184523495329296	-6.40217355413872	1.53180396974696e-10	9.56412089962033e-10
gene_5499	interaction_vs_onu	132.927902534006	-1.12756456572695	0.176122202897905	-6.40217160116135	1.53182356932003e-10	9.56412089962033e-10
gene_1053	interaction_vs_onu	182.475874444661	-1.77430617172883	0.280076821057996	-6.33506966062507	2.37234065153132e-10	1.46200403002938e-09
gene_6455	interaction_vs_onu	2376.36749790004	-1.06010032142261	0.167572634936589	-6.32621383451876	2.51249584849844e-10	1.54504055051341e-09
gene_8197	interaction_vs_onu	123.234923501486	-1.21690038218284	0.193844581222638	-6.27771163118138	3.43592411940002e-10	2.09483692749745e-09
gene_1123	interaction_vs_onu	955.516596342044	-1.10273237904845	0.175771855845004	-6.27365725728489	3.52664381803544e-10	2.1486171588885e-09
gene_3487	interaction_vs_onu	181.940515767309	-1.24359669799941	0.199006603479919	-6.24902227490606	4.13030016470866e-10	2.49861267914531e-09
gene_6650	interaction_vs_onu	1673.58731128929	1.04189169411293	0.166749094875909	6.24825996739763	4.1505045023826e-10	2.50729135782604e-09
gene_4725	interaction_vs_onu	104.845960058852	2.69398922338223	0.433150254610463	6.21952589132138	4.98659336445542e-10	2.99584326495193e-09
gene_3640	interaction_vs_onu	1921.42361541582	1.41676566477589	0.227793937634282	6.21950557371931	4.98723908008938e-10	2.99584326495193e-09
gene_6499	interaction_vs_onu	493.640957588958	-1.05263770092407	0.169392944741898	-6.2141767623673	5.15944229655175e-10	3.08844937471909e-09
gene_6968	interaction_vs_onu	274.327356485915	1.12736752126533	0.181554454624257	6.20952828504549	5.31438838479831e-10	3.1767573026448e-09
gene_32	interaction_vs_onu	188.075520121207	-1.27892924478792	0.206038272883618	-6.20724114451461	5.39228244787208e-10	3.2210703247582e-09
gene_1849	interaction_vs_onu	139.808498232398	-1.2866809740673	0.207296228880786	-6.2069675893972	5.40167329243441e-10	3.22442980357312e-09
gene_4761	interaction_vs_onu	71.603177898409	-1.87638427273826	0.302464491130564	-6.20365142937817	5.5167905456032e-10	3.28856038094453e-09
gene_1479	interaction_vs_onu	508.38840954146	-1.15666690020453	0.18722676357395	-6.17789293648543	6.49627416321232e-10	3.84831189184065e-09
gene_7986	interaction_vs_onu	155.282726433405	-1.44544518776737	0.234250523589471	-6.17050995497683	6.80700892520848e-10	4.02403290053761e-09
gene_6527	interaction_vs_onu	53.4878231679494	-1.8330131291751	0.298168631717362	-6.14757199178698	7.86779934094974e-10	4.60974417238397e-09
gene_2306	interaction_vs_onu	254.544409623483	-1.11474437496384	0.181339177753531	-6.14728923321223	7.88183282643165e-10	4.61480772874521e-09
gene_821	interaction_vs_onu	327.905973801985	-1.0527482974716	0.17128598937825	-6.14614365887696	7.93893865389707e-10	4.64506595197259e-09
gene_8635	interaction_vs_onu	249.436464127248	-1.06013045045585	0.172496041612916	-6.14582480005427	7.95490513865086e-10	4.64856324347915e-09
gene_7989	interaction_vs_onu	584.030455418587	-1.22547034006841	0.199562088468435	-6.14079733016148	8.21082892806108e-10	4.79104946313585e-09
gene_6354	interaction_vs_onu	213.502979989413	1.07017987077019	0.174335251389342	6.1386315288591	8.32353806839159e-10	4.85020325836841e-09
gene_5637	interaction_vs_onu	89.4429617357323	-1.61087302033875	0.262774716725036	-6.13024358056616	8.77446298975612e-10	5.09907693091055e-09
gene_2441	interaction_vs_onu	368.514494756249	-1.12732736003107	0.183943869081048	-6.12864873215402	8.86285548348569e-10	5.14694999583701e-09
gene_6334	interaction_vs_onu	3079.59343033608	1.02701210003109	0.167630416846004	6.12664526733575	8.97512640627552e-10	5.20861573137074e-09
gene_8556	interaction_vs_onu	59.7514672143422	-2.08718889096533	0.340991906108019	-6.12093382153228	9.30285381542633e-10	5.39515099322828e-09
gene_6141	interaction_vs_onu	485.815086449573	-1.15492107724702	0.188713850044718	-6.11995927682757	9.35992750045765e-10	5.4245754505022e-09
gene_7193	interaction_vs_onu	464.262846984263	-1.26698857666767	0.207098862946886	-6.11779590983372	9.48784697794774e-10	5.49499121320924e-09
gene_1724	interaction_vs_onu	10.6494207925706	4.46579048298729	0.731086138753131	6.10843270890582	1.00614263701094e-09	5.81931146811731e-09
gene_1928	interaction_vs_onu	180.958834748591	-1.15871965687133	0.18974328675094	-6.10677551081045	1.01664072284419e-09	5.87209486339155e-09
gene_2855	interaction_vs_onu	285.116882179826	-1.02617588054824	0.169689634065267	-6.04736928216572	1.47230033675714e-09	8.35735469671159e-09
gene_4743	interaction_vs_onu	138.123776549784	-1.17665586347335	0.195511529177335	-6.01834515040844	1.76209163940491e-09	9.92989100283481e-09
gene_8104	interaction_vs_onu	46.5298241176984	-2.44522491632795	0.406628403231019	-6.01341395952299	1.81656366330672e-09	1.02233957645664e-08
gene_5439	interaction_vs_onu	80.3689266253048	-1.54302085934906	0.257083041527348	-6.00203284581457	1.94862268039204e-09	1.09378427174793e-08
gene_5881	interaction_vs_onu	35.2351443792254	-5.25408957107086	0.877412805495896	-5.98816148813939	2.12226294138125e-09	1.18580749205114e-08
gene_3685	interaction_vs_onu	557.911896453032	-1.09896558442021	0.183554211928	-5.98714446744092	2.13557086161709e-09	1.19246487771966e-08
gene_6705	interaction_vs_onu	425.258208423741	-1.14184088826465	0.191150160194809	-5.97352828321439	2.32176512287665e-09	1.29305851996253e-08
gene_4	interaction_vs_onu	78.8179022753935	-2.16377411247567	0.363791465765007	-5.94784187123666	2.71700876162149e-09	1.50048999996645e-08
gene_4704	interaction_vs_onu	829.033885359796	-1.09451049002461	0.184438755358063	-5.9342760576527	2.95144873115274e-09	1.62055170870221e-08
gene_5755	interaction_vs_onu	99.7270877780354	-1.31856922122609	0.222285956121257	-5.931860222905	2.99521567830483e-09	1.64352860296727e-08
gene_3540	interaction_vs_onu	3973.83032226754	-1.00708904745902	0.170474476663874	-5.90756497492995	3.47201406144036e-09	1.89181670056839e-08
gene_8339	interaction_vs_onu	367.484025393431	-1.00002138264382	0.169754473531589	-5.89098691680563	3.83895951137839e-09	2.07984135553158e-08
gene_1758	interaction_vs_onu	254.453695252603	-1.21572705763333	0.206413567442045	-5.88976331691312	3.8674911706733e-09	2.0900078548588e-08
gene_15	interaction_vs_onu	125.0330330668	-1.36097200933574	0.231702657424781	-5.87378679408353	4.25951129368751e-09	2.2888522708076e-08
gene_1888	interaction_vs_onu	3180.34273468206	1.01685455550901	0.173481919334662	5.86144400182366	4.58859222450082e-09	2.45950841839242e-08
gene_5135	interaction_vs_onu	299.061427796632	-1.38404142336939	0.236343552824144	-5.85605745039811	4.73984313358838e-09	2.53423218135644e-08
gene_7145	interaction_vs_onu	2122.32851018045	2.09960713572316	0.35862420889112	5.85461629100619	4.78112570259697e-09	2.55311515996445e-08
gene_4971	interaction_vs_onu	147.843400042202	-1.33648934359066	0.22834499050317	-5.85293918927514	4.82960750944435e-09	2.57739652623713e-08
gene_3257	interaction_vs_onu	39.0580845393356	-2.25021613456876	0.384491607081859	-5.85244539314401	4.84397314245098e-09	2.58345234264052e-08
gene_5453	interaction_vs_onu	63.8082341527585	1.48386680086206	0.253946303409715	5.84323056070637	5.11980786071146e-09	2.72546985619963e-08
gene_943	interaction_vs_onu	80.3935985492732	2.03938358898706	0.34920219375766	5.84012250049711	5.21624527851299e-09	2.77163622495786e-08
gene_6180	interaction_vs_onu	664.758062549038	1.02433263776732	0.175713004893474	5.82957782998662	5.55677755678473e-09	2.94891604997379e-08
gene_5409	interaction_vs_onu	279.412329118602	-1.08304345657216	0.185950926249747	-5.82435096406857	5.73349759965795e-09	3.03705070872971e-08
gene_6450	interaction_vs_onu	158.4390659183	-1.47097219012406	0.253249656171958	-5.80838770863032	6.30773129880381e-09	3.33297406899757e-08
gene_307	interaction_vs_onu	629.118415965844	1.03602099632174	0.178441513513523	5.80594154309962	6.40052918448749e-09	3.37783784335468e-08
gene_2331	interaction_vs_onu	118.73149185978	1.04109337673855	0.179814088122488	5.78983208495522	7.04568246801022e-09	3.70033921682845e-08
gene_5481	interaction_vs_onu	36.3267443406487	-7.03936889063857	1.21951360541748	-5.77227581501951	7.82079604462265e-09	4.08955492620464e-08
gene_4304	interaction_vs_onu	281.052781930166	-1.18212223764213	0.20498558839668	-5.76685535255547	8.07643129775708e-09	4.21807516222091e-08
gene_2925	interaction_vs_onu	3975.9462018719	-1.13738260728591	0.197576552995727	-5.75666793473468	8.57904330054154e-09	4.46966589486522e-08
gene_7729	interaction_vs_onu	182.0643087151	1.16121528011641	0.202382301720318	5.73773136408515	9.59531509834025e-09	4.98397434719615e-08
gene_4763	interaction_vs_onu	44.9501938586623	-2.56054674367843	0.447030268207829	-5.7279046314779	1.01678696869001e-08	5.26539410283514e-08
gene_7579	interaction_vs_onu	123.979673736659	1.22402269160223	0.213767897244538	5.72594251700018	1.02861048417774e-08	5.32340129659096e-08
gene_4087	interaction_vs_onu	178.07680381244	-1.06745533347278	0.187511309903025	-5.69275172801489	1.25008096868747e-08	6.41528362827624e-08
gene_3545	interaction_vs_onu	1294.56648231897	-1.10750140632304	0.195323936294242	-5.67007519577461	1.42734858777298e-08	7.28569106221629e-08
gene_7023	interaction_vs_onu	1557.26145328133	-1.02818746929707	0.181797871492236	-5.65566285709228	1.55245943846249e-08	7.90074482356653e-08
gene_1994	interaction_vs_onu	722.391587844822	1.05823578532227	0.187154762860517	5.65433531665425	1.56450519285578e-08	7.95731696425756e-08
gene_6265	interaction_vs_onu	80.344428579383	1.60305530320034	0.284192069942531	5.64074607544296	1.69314901693772e-08	8.58102758140134e-08
gene_4055	interaction_vs_onu	373.12404928483	1.36863520679419	0.244505042186028	5.5975745717051	2.1737136275153e-08	1.08876469581808e-07
gene_7972	interaction_vs_onu	199.711091148777	-1.61118241022718	0.288902208291018	-5.57691275452001	2.44824577485067e-08	1.2192493024382e-07
gene_8625	interaction_vs_onu	238.937012309112	-1.06468509546545	0.19128898487536	-5.56584633537146	2.60883069130997e-08	1.29308573929434e-07
gene_5892	interaction_vs_onu	19.4726911302844	-2.87368229095076	0.516845123951105	-5.56004527813367	2.69704670784504e-08	1.3337215377905e-07
gene_3563	interaction_vs_onu	151.51199201551	-1.27340312828294	0.229182450866427	-5.5562854986009	2.7557599960929e-08	1.36118324100146e-07
gene_8602	interaction_vs_onu	62.1498931347539	-1.5898605772446	0.286366535061112	-5.55183788114529	2.82681696357914e-08	1.39386827236391e-07
gene_6443	interaction_vs_onu	13.8481922616181	3.10087156972103	0.560007191036549	5.53719955627972	3.07346295806104e-08	1.50422200806189e-07
gene_4572	interaction_vs_onu	192.819930494664	-1.10336924742684	0.199795766596007	-5.52248561731485	3.34237166936434e-08	1.62838369321336e-07
gene_949	interaction_vs_onu	162.077261652201	-1.02688155096785	0.186021255914762	-5.5202377057296	3.38541382080167e-08	1.64841537577146e-07
gene_8061	interaction_vs_onu	95.5824212961583	1.14546278463338	0.208456455558298	5.49497390985352	3.90768181776889e-08	1.88449331606207e-07
gene_8112	interaction_vs_onu	104.075212951188	-1.42939286950965	0.260487300810193	-5.48738024872542	4.07938381739234e-08	1.95847030156357e-07
gene_5	interaction_vs_onu	101.080783046542	-1.35623954796041	0.248009558529247	-5.46849708536728	4.53867527845756e-08	2.1668187609368e-07
gene_2041	interaction_vs_onu	1478.00822983907	1.26046497070028	0.230684925650019	5.46401099746147	4.65494678350685e-08	2.21738143944455e-07
gene_3501	interaction_vs_onu	67.4685826099301	1.29965438013798	0.238365614390473	5.45235680683786	4.9706594110026e-08	2.35466765678928e-07
gene_2823	interaction_vs_onu	536.108669209732	-1.06139656834175	0.195084629602868	-5.44069807294619	5.30721951300661e-08	2.50439906457203e-07
gene_1850	interaction_vs_onu	164.360088679337	-1.1086763501299	0.204003394403534	-5.4345975632977	5.49202412401038e-08	2.58590354793888e-07
gene_6203	interaction_vs_onu	111.645728468974	1.02338371786734	0.188702445107413	5.4232668648507	5.8519524532472e-08	2.74932563116334e-07
gene_6446	interaction_vs_onu	136.262868188709	-1.19524355007759	0.220646972137099	-5.41699502377456	6.06090268946039e-08	2.84593126833686e-07
gene_5887	interaction_vs_onu	101.617030198318	-1.20889743521965	0.223258681482756	-5.41478354700853	6.13628912065161e-08	2.87817177385084e-07
gene_4967	interaction_vs_onu	57.3162580458265	-1.91965064996994	0.356760083450708	-5.38078876818955	7.41601732960679e-08	3.45006023594751e-07
gene_6678	interaction_vs_onu	289.705339407274	1.3088580784212	0.244974503974095	5.34283387531463	9.15046174528392e-08	4.22708864218189e-07
gene_6783	interaction_vs_onu	125.215425732814	-1.1353443974096	0.212642174656805	-5.33922491736175	9.33447833193179e-08	4.30280745941498e-07
gene_8111	interaction_vs_onu	111.081450196357	-1.1233678752675	0.210820297776315	-5.32855653424519	9.89963837052801e-08	4.55351447886726e-07
gene_1580	interaction_vs_onu	86.2699765907319	1.14420121290597	0.214757006201382	5.32788770501407	9.93615208439558e-08	4.5678550935782e-07
gene_6789	interaction_vs_onu	22.9080648255571	-3.25583478096931	0.611458127173338	-5.32470603673298	1.01116430271045e-07	4.63742716686075e-07
gene_4399	interaction_vs_onu	1319.57649920313	1.11583990920989	0.209838064345938	5.31762391484093	1.05131085623417e-07	4.80470951914815e-07
gene_1871	interaction_vs_onu	76.1637727885647	-1.72724571781873	0.325385087697209	-5.30831246767533	1.10644844524815e-07	5.04592365014606e-07
gene_5431	interaction_vs_onu	226.421138071115	-1.05498986193836	0.199576335413969	-5.28614707625558	1.24919470989267e-07	5.66672322028683e-07
gene_8603	interaction_vs_onu	28.5623522059004	-2.69474905798517	0.511943158812733	-5.2637661263697	1.4113396561713e-07	6.35845655622437e-07
gene_3441	interaction_vs_onu	22.1791466576183	-4.28886694377315	0.816599577569287	-5.25210526870404	1.5037047462002e-07	6.76746194925011e-07
gene_5121	interaction_vs_onu	180.14901715196	-1.14331523744164	0.217905424063901	-5.24684157061807	1.54728844512137e-07	6.95629679109186e-07
gene_5411	interaction_vs_onu	79.0679752088927	-1.18503756497509	0.226060554539421	-5.24212447142536	1.58738224978585e-07	7.12158912901828e-07
gene_8586	interaction_vs_onu	26.8945382862663	-6.36018203175946	1.21631335043631	-5.22906537980363	1.70369113079348e-07	7.61545487184972e-07
gene_5958	interaction_vs_onu	13.6778070818694	3.47459889477062	0.664765395274561	5.22680470353838	1.72464496206079e-07	7.69304891883293e-07
gene_1859	interaction_vs_onu	250.39357055296	-1.35226011136983	0.260573254744863	-5.189558355457	2.10793437380202e-07	9.29141001016749e-07
gene_5438	interaction_vs_onu	77.2235824154442	-1.22390249704644	0.237027057257769	-5.16355605645238	2.42301974084445e-07	1.05983898730856e-06
gene_6089	interaction_vs_onu	84.5588709398781	1.48877453291676	0.289941145640373	5.13474736270566	2.82523279638039e-07	1.22948615846549e-06
gene_7971	interaction_vs_onu	133.933670860371	-1.05165933807552	0.204822262432836	-5.13449722497997	2.82899267887002e-07	1.23049681560607e-06
gene_8534	interaction_vs_onu	76.6864539839009	-1.14141253668728	0.222320786147581	-5.13407925757149	2.83528603686685e-07	1.23260784538244e-06
gene_522	interaction_vs_onu	346.961535991816	1.10818800847967	0.215864734661101	5.13371491744344	2.84078295368243e-07	1.2337443979463e-06
gene_817	interaction_vs_onu	46.991699714718	-2.29945528097758	0.448111194397259	-5.13143904844981	2.87535337632483e-07	1.24812499499699e-06
gene_1136	interaction_vs_onu	198.918018606059	1.00810273017422	0.196526718200597	5.12959631852827	2.90364172906116e-07	1.25848978231714e-06
gene_4321	interaction_vs_onu	31.5377277722627	-2.8640035801811	0.558869646140849	-5.12463612929748	2.98112900379823e-07	1.29011447282674e-06
gene_5038	interaction_vs_onu	76.098762858732	-1.28894190772339	0.2516095513952	-5.12278608095788	3.01053833240176e-07	1.30152566289692e-06
gene_3202	interaction_vs_onu	222.910364663924	-1.03919310622746	0.202866810653684	-5.12253878729074	3.01449060376718e-07	1.30257645473231e-06
gene_8587	interaction_vs_onu	81.0106633876584	-1.43839315265991	0.280934208107941	-5.1200356209638	3.05477950520013e-07	1.31865418883072e-06
gene_6261	interaction_vs_onu	17.7061160121304	2.0450561217719	0.399491255904043	5.11915114923846	3.06913915495415e-07	1.32418503862941e-06
gene_3594	interaction_vs_onu	106.807624252647	1.21946414063052	0.238498094107774	5.11309805301613	3.16917686122536e-07	1.36390919718899e-06
gene_3362	interaction_vs_onu	286.185795706416	-1.07910429956453	0.211086042577125	-5.11215372835585	3.18506460898709e-07	1.37005794235827e-06
gene_12	interaction_vs_onu	63.3328414562614	-1.32086848891116	0.259585377550784	-5.08837786386002	3.61139249288523e-07	1.54336094553657e-06
gene_6405	interaction_vs_onu	84.1427113906333	-1.19609672931621	0.235221626068434	-5.08497772636017	3.67669214159724e-07	1.56969998663703e-06
gene_3687	interaction_vs_onu	90.4451920923758	-1.46106434730644	0.287866235855449	-5.07549745445001	3.86483531082556e-07	1.64510145503067e-06
gene_6841	interaction_vs_onu	368.780442319089	1.06942401944795	0.210869255003052	5.07150281074628	3.94686435154335e-07	1.67834867606613e-06
gene_1474	interaction_vs_onu	35.1448208060407	-2.48911654441851	0.492122696745702	-5.05791860623069	4.23857262295459e-07	1.79525886454682e-06
gene_5891	interaction_vs_onu	33.5734072723758	-2.0206491511843	0.40042326029594	-5.04628314971239	4.50487649256205e-07	1.90240467569468e-06
gene_1497	interaction_vs_onu	55.2747781008982	1.48051343133259	0.294821620826724	5.02172611079544	5.12091720211865e-07	2.14877702206547e-06
gene_4686	interaction_vs_onu	38.1723407428461	-1.80623096749983	0.36064940320825	-5.00827382890983	5.49203620972046e-07	2.29774339957024e-06
gene_6697	interaction_vs_onu	1726.53864103724	1.0398928509517	0.207695079841412	5.00682467656782	5.53352861642148e-07	2.31284203889492e-06
gene_4468	interaction_vs_onu	90.9096005942832	-1.23144020616634	0.246074664368019	-5.00433561223779	5.60550233883516e-07	2.3372187053302e-06
gene_4621	interaction_vs_onu	9.27267339077125	3.15733639308466	0.634745927588452	4.97417353283402	6.55265914948498e-07	2.70186716375681e-06
gene_4000	interaction_vs_onu	122.121798990973	1.4402909260251	0.289741155337834	4.97095735103886	6.66231050808186e-07	2.74179701678754e-06
gene_3954	interaction_vs_onu	13.259707790991	-6.18389141480661	1.25598804504181	-4.92352728930691	8.49980172721468e-07	3.44173617715032e-06
gene_2	interaction_vs_onu	220.107912912225	-1.3286282261693	0.270043679028483	-4.92004934516227	8.65223961801002e-07	3.49559617211043e-06
gene_4465	interaction_vs_onu	31.7597741012728	-2.29829786358158	0.467322123560563	-4.91801639107234	8.74255936025788e-07	3.53001453414186e-06
gene_1258	interaction_vs_onu	167.033887070052	-1.19202355555764	0.24273935038269	-4.91071412063333	9.07453052744808e-07	3.65715542914104e-06
gene_5156	interaction_vs_onu	1573.77716798202	1.15262794645709	0.235371184507391	4.89706481644909	9.7278758339603e-07	3.90575127292215e-06
gene_1475	interaction_vs_onu	56.8071613574719	-1.55239707108639	0.31720192276423	-4.89403424026612	9.87896395591335e-07	3.95898555536602e-06
gene_1577	interaction_vs_onu	182.897812309512	-1.02385732191171	0.209624853435909	-4.88423631611386	1.03830487861803e-06	4.15127966416178e-06
gene_4343	interaction_vs_onu	206.770854755406	-1.0107071711437	0.207451761340249	-4.87201055616011	1.10468265051364e-06	4.4084305307211e-06
gene_1798	interaction_vs_onu	70.2782561361869	-1.34920284245242	0.277865852443462	-4.85559067653678	1.20028412700038e-06	4.76993134963939e-06
gene_4335	interaction_vs_onu	115.085515183042	1.209448671302	0.249435453552743	4.8487440501166	1.24245607299259e-06	4.92837070658785e-06
gene_1964	interaction_vs_onu	99.7812996760882	1.19361185025592	0.246338655287878	4.84541027010572	1.26350307068715e-06	5.00953510193699e-06
gene_3213	interaction_vs_onu	69.4523442023231	-1.30020320105727	0.268366773326412	-4.84487399442643	1.26692057793569e-06	5.02075932737476e-06
gene_6784	interaction_vs_onu	45.2937164109074	-1.4911394720609	0.308131614894295	-4.83929398991544	1.30301178327956e-06	5.15424254384151e-06
gene_7809	interaction_vs_onu	2630.37966634348	1.69096812639311	0.350135905908332	4.82946221127008	1.36902291270603e-06	5.40786162102614e-06
gene_6351	interaction_vs_onu	107.021158264297	-1.12027566560455	0.232180969932938	-4.82501070577888	1.39995747431969e-06	5.51986917557648e-06
gene_4746	interaction_vs_onu	24.520496416257	-3.52400243351796	0.734343023710633	-4.79885056402004	1.59578798927433e-06	6.26028652070958e-06
gene_609	interaction_vs_onu	19.3107606247856	-2.90952326943218	0.6072906810098	-4.79098948891202	1.65960821628946e-06	6.49279996866444e-06
gene_7027	interaction_vs_onu	146.531417475408	-1.12119191614702	0.23431909607089	-4.78489348477096	1.71078033408571e-06	6.68078451632013e-06
gene_104	interaction_vs_onu	107.111595291262	-1.02728471532013	0.215377340090338	-4.76969728983212	1.8450296478915e-06	7.17884262997784e-06
gene_6406	interaction_vs_onu	42.7018307777758	-1.57244564760272	0.330707429990142	-4.75479382985013	1.98649033391617e-06	7.67691072610494e-06
gene_1214	interaction_vs_onu	74.1431989678227	-1.45924268404169	0.307326282466531	-4.74818708094257	2.05248139938364e-06	7.90339216316869e-06
gene_3830	interaction_vs_onu	62.9645824974614	-1.25685882325633	0.265041027737761	-4.74212929969432	2.11483569601643e-06	8.12887003048972e-06
gene_4157	interaction_vs_onu	98.0479802786074	-1.15277013838396	0.244643665207518	-4.71203755636233	2.45252165542657e-06	9.35543020073593e-06
gene_145	interaction_vs_onu	61.8962936337984	-1.27741016096541	0.27123765271952	-4.70956059440004	2.48251403851711e-06	9.46140702124063e-06
gene_5653	interaction_vs_onu	45.6702364701957	-1.95368528687743	0.415834914665962	-4.69822330442553	2.62434414412994e-06	9.96645336013853e-06
gene_835	interaction_vs_onu	131.926565581829	-1.1968439084771	0.25502159086437	-4.69310815770743	2.69085132381123e-06	1.02009244162197e-05
gene_1583	interaction_vs_onu	67.0807412644504	-1.30205494131723	0.277898934579712	-4.68535420362956	2.79476184639771e-06	1.05527840340381e-05
gene_3987	interaction_vs_onu	22.1016248571699	-2.82465511034162	0.603753598691697	-4.67848989465653	2.88995410440986e-06	1.0835745568878e-05
gene_7794	interaction_vs_onu	19.5518696127324	2.16451666708524	0.463918180801291	4.66572933905421	3.07524281356199e-06	1.14952307790789e-05
gene_1287	interaction_vs_onu	43.6780858648148	-2.0942072965189	0.449294038700583	-4.66110634936448	3.14514146112089e-06	1.17462525773101e-05
gene_4968	interaction_vs_onu	11.5077709774033	-5.8432773391639	1.25540527431068	-4.65449481433182	3.2477601042964e-06	1.2108373908004e-05
gene_1466	interaction_vs_onu	12.5355654726706	-6.07795436034277	1.30788491725787	-4.64716297293639	3.3653128828475e-06	1.2530264583373e-05
gene_6423	interaction_vs_onu	2123.43455265084	1.1222959634919	0.241584837296776	4.64555630249762	3.39161255479068e-06	1.26226971604384e-05
gene_3655	interaction_vs_onu	403.422983073349	1.37313760918637	0.297082469193236	4.62207552305357	3.79919640801428e-06	1.4060147536793e-05
gene_7852	interaction_vs_onu	316.34930489595	1.3134193429582	0.284327576166077	4.61938782255517	3.84873890020761e-06	1.42066429434141e-05
gene_6973	interaction_vs_onu	119.35300619768	1.09686842375641	0.239572647218895	4.57843763254918	4.6846179396635e-06	1.70494598484352e-05
gene_3361	interaction_vs_onu	33.355574538979	-2.26581593462575	0.496792373954202	-4.56089113564902	5.09369856729966e-06	1.8467623776402e-05
gene_3621	interaction_vs_onu	83.9283018615379	-1.11574633517277	0.2450565319216	-4.55301609968808	5.28822243994564e-06	1.90759309253833e-05
gene_8002	interaction_vs_onu	65.2925443331794	1.25404343148691	0.276350681602735	4.53786986959432	5.68253063666853e-06	2.04546388515833e-05
gene_1283	interaction_vs_onu	23.8473246135909	-2.98646137103621	0.662508798573616	-4.50780635286064	6.55013155459807e-06	2.33648980505074e-05
gene_3450	interaction_vs_onu	39.9899225207843	-1.62248922822344	0.360900080623144	-4.49567433019683	6.9349812127746e-06	2.4642357484994e-05
gene_6942	interaction_vs_onu	138.201272649815	-1.05719846861814	0.235704008882152	-4.48527996461323	7.28182581940467e-06	2.57998464462351e-05
gene_2960	interaction_vs_onu	28.4937253081186	2.14954359250545	0.481711285399368	4.46230689970933	8.10819853241937e-06	2.8585741119238e-05
gene_1810	interaction_vs_onu	211.013285808868	1.26963112685056	0.284742342681508	4.45887715502388	8.23901216688508e-06	2.90110835658314e-05
gene_2315	interaction_vs_onu	34.7259859866189	-1.75946191064978	0.395749297517669	-4.4459002749619	8.75245462401787e-06	3.0705332615407e-05
gene_4636	interaction_vs_onu	302.699655443696	1.09920516124308	0.248524497970138	4.422924782953	9.73736486856059e-06	3.39104325772492e-05
gene_7183	interaction_vs_onu	45.6464517844418	-1.69520895400905	0.384900253277122	-4.40428121201711	1.0613519397583e-05	3.67820753211785e-05
gene_977	interaction_vs_onu	95.8046886784864	-1.02795856913425	0.234100995988028	-4.39109011388752	1.12783782657132e-05	3.89757440268491e-05
gene_312	interaction_vs_onu	166.15384785193	-1.05705017589809	0.24185458910344	-4.37060210358876	1.23904398883083e-05	4.25439893477413e-05
gene_3683	interaction_vs_onu	139.351664656769	-1.10162623008409	0.252233932515183	-4.36747831308452	1.25689272076219e-05	4.31395416588787e-05
gene_7279	interaction_vs_onu	76.7408648558777	-1.04939797838271	0.242818198190572	-4.32174353570939	1.54801061893189e-05	5.24168152613014e-05
gene_3699	interaction_vs_onu	254.776731065909	-1.103700373203	0.255888393087911	-4.31320998926208	1.60901159569944e-05	5.437480955068e-05
gene_8566	interaction_vs_onu	40.7988814922398	-1.51125853641793	0.350549621627362	-4.3111115892871	1.62435901201706e-05	5.48285218567274e-05
gene_2336	interaction_vs_onu	139.63455377999	-1.00854254055932	0.234078833314645	-4.30855932712061	1.64321401207984e-05	5.53776060763914e-05
gene_1977	interaction_vs_onu	57.5559562554143	-1.13015570152161	0.262726815618318	-4.30163818208594	1.69539993007392e-05	5.7001663006413e-05
gene_4747	interaction_vs_onu	12.4721317471405	-3.98577059699534	0.929473614547091	-4.2882019829444	1.80125263769652e-05	6.03137154443855e-05
gene_2312	interaction_vs_onu	298.892446565498	-1.08316502031644	0.25335691363592	-4.27525345478817	1.90919972717572e-05	6.36152186244617e-05
gene_3238	interaction_vs_onu	83.2249299306312	-1.03854768857004	0.243090854643119	-4.2722614558854	1.93500505181669e-05	6.43998570900112e-05
gene_1723	interaction_vs_onu	244.345173840618	1.27205467094675	0.299667776833047	4.24488306480627	2.18707444554475e-05	7.21717704466581e-05
gene_5341	interaction_vs_onu	152.415244264397	1.13116077231393	0.268075937775867	4.21955354030944	2.4478658738111e-05	8.02824976238429e-05
gene_1463	interaction_vs_onu	169.586788162306	-1.04744238712268	0.24873747568133	-4.21103568834398	2.54202579766144e-05	8.32112459961067e-05
gene_5648	interaction_vs_onu	17.0374902288844	-3.11996501785039	0.740986743317027	-4.21055443432614	2.5474473202958e-05	8.33568389209941e-05
gene_2445	interaction_vs_onu	101.722882852496	-1.39231614219315	0.33103377970265	-4.2059639455641	2.59971679699589e-05	8.49049056935704e-05
gene_8502	interaction_vs_onu	19.171189870675	1.77856463110817	0.422969092132498	4.20495176643077	2.61137840990486e-05	8.52532387062763e-05
gene_4832	interaction_vs_onu	2516.24977666471	1.00943665779693	0.240127076884752	4.2037602376737	2.62517011808823e-05	8.56708204759254e-05
gene_1709	interaction_vs_onu	81.3298720726572	-1.17052137199088	0.27902076255732	-4.19510491356506	2.72745313989326e-05	8.87029864432131e-05
gene_7194	interaction_vs_onu	61.2517552021913	-1.19094651476738	0.284141755342272	-4.1913815635185	2.77260913603023e-05	8.99679082805868e-05
gene_803	interaction_vs_onu	35.4311195545416	-1.56846180647471	0.374563032783739	-4.18744421951617	2.82113325635245e-05	9.14731086150642e-05
gene_1944	interaction_vs_onu	323.331462116287	1.11709462387719	0.266868211521327	4.18594113367418	2.83986946807356e-05	9.20457502715248e-05
gene_6481	interaction_vs_onu	141.59288563753	-1.10402837190595	0.264923395503593	-4.16734947023951	3.08161876320002e-05	9.94670309690504e-05
gene_1588	interaction_vs_onu	67.3085608192514	-1.1955697009149	0.287201084126293	-4.16283143412219	3.14325415152349e-05	0.00010134182876475
gene_5857	interaction_vs_onu	24.4192802612321	-1.99380575959649	0.485573040904717	-4.10608825374993	4.02415784578632e-05	0.000127533473379974
gene_8129	interaction_vs_onu	49.5707762459493	-1.2198423344795	0.297238511226148	-4.10391752215244	4.06212331804295e-05	0.000128689028876564
gene_5900	interaction_vs_onu	64.8972938158411	-1.10714257928099	0.270057224654616	-4.09965917666872	4.137590126603e-05	0.000130886073480124
gene_7309	interaction_vs_onu	33.0223818189601	-1.52782018946457	0.376448323610985	-4.05851240034581	4.93863114625652e-05	0.000154512728844868
gene_4767	interaction_vs_onu	11.7201349511619	-4.6081868439583	1.13556240300919	-4.05806570536926	4.94808478695384e-05	0.00015469541919768
gene_3713	interaction_vs_onu	47.7446565766549	-1.23478662674748	0.304503885570756	-4.05507675027865	5.01178441100698e-05	0.000156515412470703
gene_4941	interaction_vs_onu	138.694236727981	-1.05232276981018	0.25982572519201	-4.05011000751567	5.11935611763871e-05	0.000159641851974453
gene_7274	interaction_vs_onu	17.3743669302283	-2.29115691062057	0.566045209699758	-4.04765709762979	5.17328596012314e-05	0.00016120614422517
gene_7243	interaction_vs_onu	59.1005872234136	1.09638173714682	0.272439661822207	4.02431029980618	5.71425332035952e-05	0.000177160479617086
gene_1173	interaction_vs_onu	31.6146271898404	1.47765904771925	0.367472887793635	4.02113760444028	5.79177580217994e-05	0.000179369033526267
gene_5463	interaction_vs_onu	26.4580390197731	-2.49827473843469	0.622931171376792	-4.01051489029365	6.05864791398647e-05	0.000186755585681398
gene_1512	interaction_vs_onu	18.452381283645	2.05864306345179	0.514101549595242	4.00435101795079	6.21879676770029e-05	0.000191347592852317
gene_7409	interaction_vs_onu	50.3392666598621	-1.20800430046547	0.302195481080674	-3.9974267521988	6.40347964449255e-05	0.000196394789526536
gene_6447	interaction_vs_onu	62.6954616178967	-1.43098962188559	0.358427860580469	-3.99240622525304	6.54062013035236e-05	0.000200313804349969
gene_1380	interaction_vs_onu	99.1079332086337	1.07882225365098	0.270628868008902	3.98635319871159	6.70966091932255e-05	0.000205050687145309
gene_4680	interaction_vs_onu	20.6004164657349	-2.20308374424778	0.555270394596868	-3.96758726142287	7.26039318136538e-05	0.000220856309994626
gene_941	interaction_vs_onu	65.2925521819021	-1.46092379029029	0.368579089986549	-3.96366432600287	7.38080164091344e-05	0.00022420036212285
gene_906	interaction_vs_onu	71.8636425546571	-1.03247339126606	0.26247031860561	-3.93367675534187	8.36562691516934e-05	0.000252502702376056
gene_7275	interaction_vs_onu	40.120850285066	-1.30365632235922	0.333658078534669	-3.90716247028847	9.33863622881739e-05	0.000279603798946054
gene_7452	interaction_vs_onu	21.757565543382	-2.05384348682762	0.527023390466508	-3.8970632499055	9.73661967623839e-05	0.000290200085057802
gene_3651	interaction_vs_onu	12.6942139866575	2.04229543011934	0.525313559514143	3.88776454201609	0.000101171696777983	0.000300600390287934
gene_6587	interaction_vs_onu	22.2956839478186	-1.77322493881218	0.459048484098033	-3.86282713098667	0.000112082324442857	0.000329785553927689
gene_5516	interaction_vs_onu	39.7302966028292	-1.4020567033609	0.364765696389779	-3.84371863154231	0.000121183939497051	0.000355008392229553
gene_4550	interaction_vs_onu	627.623375076043	1.04060053621951	0.271806474911222	3.82846117466255	0.000128946967336414	0.000376333460756803
gene_5898	interaction_vs_onu	6.27090118481526	-5.07919160866311	1.3269984174929	-3.82757925081723	0.000129409723700155	0.000377555294776186
gene_8001	interaction_vs_onu	88.5894743776276	-1.13351410515089	0.296543153640794	-3.82242547580083	0.000132145422568676	0.000385011850642569
gene_7053	interaction_vs_onu	40.5354484008717	-1.64243228778766	0.431024900667593	-3.81052761741556	0.000138670519044176	0.000402789156097097
gene_8392	interaction_vs_onu	71.1020103825272	-1.12236703826036	0.294555863238173	-3.81037072534126	0.000138758556348774	0.000402908155476765
gene_8190	interaction_vs_onu	69.2750260275834	-1.18099213787546	0.310148765177965	-3.80782472952229	0.000140194578195886	0.000406801894697214
gene_3454	interaction_vs_onu	21.4400607016334	1.6775763911819	0.441654835224369	3.79838792057978	0.000145640259703033	0.000421175886168231
gene_4848	interaction_vs_onu	326.273161737942	1.1026400695698	0.290512934302633	3.79549389846152	0.000147349819218791	0.000425544687082609
gene_1264	interaction_vs_onu	68.6311003746438	-1.19665735352573	0.318501295061493	-3.75715066808345	0.000171859031387071	0.000491682255572637
gene_3188	interaction_vs_onu	13.9674819430798	-2.3756900432424	0.638787060173752	-3.71906413163129	0.000199962282058386	0.000565843680799929
gene_5518	interaction_vs_onu	13.3723215545316	-2.56529563226237	0.691928813369672	-3.7074560022576	0.000209351774356755	0.000591045906495324
gene_4694	interaction_vs_onu	24.60374448432	1.29729297013182	0.350862127861435	3.6974437168213	0.000217781484669923	0.000612823638650408
gene_6047	interaction_vs_onu	13.443083841341	-2.18841180287237	0.59435170540642	-3.68201484569801	0.000231397932426283	0.000649431574284911
gene_7300	interaction_vs_onu	3.93563866763147	3.77683308931729	1.02598056350415	3.6811936050892	0.000232144641445998	0.000651313710513846
gene_3227	interaction_vs_onu	63.1689520218843	1.05758831630974	0.287942852512899	3.67291046497625	0.000239803523466546	0.000669947180441786
gene_3337	interaction_vs_onu	18.4832101482923	-1.96907646971115	0.541399059753292	-3.63701494163738	0.000275815937268748	0.000764072628809217
gene_836	interaction_vs_onu	15.1186590427044	1.68354339827966	0.462939008203601	3.63664190842877	0.000276215500068003	0.000764931957483698
gene_4912	interaction_vs_onu	721.536290723978	1.47870705348878	0.410653091136459	3.60086673010677	0.000317158125902377	0.000865876829776889
gene_7925	interaction_vs_onu	38.2618453854608	-1.25116769399014	0.348287272584015	-3.59234400013376	0.000327716841924617	0.000892257050532672
gene_8313	interaction_vs_onu	16.2590869473191	1.51204199212212	0.421601581365246	3.5864239105218	0.000335243824767675	0.00091072267217115
gene_5864	interaction_vs_onu	146.259557372696	1.108864290645	0.309315755760892	3.58489430296651	0.000337214745223413	0.000915495787856776
gene_5767	interaction_vs_onu	62.3018732703177	-1.11448492795538	0.311023879451182	-3.58327768890913	0.000339309555265104	0.000920598983540187
gene_97	interaction_vs_onu	6671.48792200929	1.37503229998054	0.38493776332965	3.57208990899393	0.00035414377840114	0.000957052664174814
gene_6541	interaction_vs_onu	60.2300646917425	-1.24793365922169	0.349396229657614	-3.57168610675791	0.000354690367472328	0.000957775881881112
gene_8154	interaction_vs_onu	336.779480953669	1.09559025132509	0.307034642505713	3.56829523334554	0.00035931150268962	0.000967811977036861
gene_8505	interaction_vs_onu	366.097221488632	2.04325791960041	0.576844660053195	3.54212851586766	0.000396912045939923	0.00106008334266638
gene_4477	interaction_vs_onu	50.5534678198775	-1.02320394077508	0.290807101840389	-3.51849708724333	0.000433998580093685	0.0011515895367644
gene_3894	interaction_vs_onu	52.0928090824688	-1.06339429527135	0.303067325634016	-3.50877249154699	0.0004501798149646	0.00119009858434125
gene_5407	interaction_vs_onu	15.698574983145	2.67633596133192	0.765726018802774	3.49516131829556	0.000473775309617796	0.00124670047658418
gene_7206	interaction_vs_onu	44.4927910436506	-1.07808290419183	0.309502530989908	-3.48327653652366	0.000495316438281238	0.00129779880982167
gene_7307	interaction_vs_onu	175.679170500596	1.03465350527153	0.297081728815348	3.48272345592353	0.000496340798298276	0.00130008483275191
gene_3598	interaction_vs_onu	22.3339900733373	-1.71972740702576	0.494615863660308	-3.47689496713522	0.000507256489679259	0.00132664697575755
gene_6584	interaction_vs_onu	467.244497667878	1.01128942137534	0.293179663048323	3.44938462259115	0.000561865780710777	0.00145436077498768
gene_7266	interaction_vs_onu	27.4487551073105	-1.23470160598602	0.358250096665905	-3.44647947754073	0.000567941700386517	0.0014678686459265
gene_5901	interaction_vs_onu	21.9427910084385	-1.74233953824428	0.505940282461255	-3.44376520044677	0.000573673668526265	0.00148178835322415
gene_6221	interaction_vs_onu	45.68549500327	-1.28789081492757	0.374331371423722	-3.44050996855872	0.000580619048277198	0.00149792014865968
gene_6615	interaction_vs_onu	7782.46018876503	1.44766772120158	0.422068553784345	3.42993503832853	0.000603725769919201	0.00155145379480888
gene_6713	interaction_vs_onu	25.7569668884686	-1.53574067638908	0.44781152815842	-3.42943533120878	0.000604838549144206	0.00155338073227555
gene_1230	interaction_vs_onu	21.6174929994559	1.25145892949911	0.364929237724781	3.42931944094577	0.000605096893404849	0.00155357810664232
gene_3532	interaction_vs_onu	35.0614965416438	-1.05457838580255	0.309549274246809	-3.40681911908384	0.000657246679407931	0.00167790980487083
gene_3696	interaction_vs_onu	4.90782877859497	-4.80734975410869	1.41582124962707	-3.39544964124175	0.000685159767610602	0.00174293242518477
gene_1779	interaction_vs_onu	30.4335181175514	1.25333025019932	0.369447608909874	3.39244379980563	0.000692721408807912	0.00175850986340324
gene_7354	interaction_vs_onu	28.7582842280681	-1.38762245656572	0.413350352772257	-3.35701287602445	0.000787894433257435	0.001987146832258
gene_6301	interaction_vs_onu	27.4762979208676	-1.47553152300994	0.440564740593751	-3.34918205442713	0.000810505200662395	0.00203936640731044
gene_1689	interaction_vs_onu	52.575087424038	-1.01565971679705	0.303947619348764	-3.34156167754561	0.00083308505149538	0.00209126335507345
gene_5572	interaction_vs_onu	281.055556870235	1.04377526796603	0.312445128648666	3.34066743968896	0.000835772675511031	0.00209739492886967
gene_2958	interaction_vs_onu	14.2359853843173	-2.75751230575377	0.826780856689944	-3.33523966289399	0.000852259128960329	0.00213189308705448
gene_7246	interaction_vs_onu	40.9518048771743	-1.25392655311768	0.377194706088639	-3.32434822885083	0.000886254573660462	0.00221176068528675
gene_2965	interaction_vs_onu	3.99693352272579	-4.65672971091813	1.4018101693858	-3.32194031161757	0.000893938146001218	0.00222639235663963
gene_1210	interaction_vs_onu	24.6415512848691	-1.41111171812756	0.426436745995168	-3.30907627304601	0.000936043332075701	0.00232314610686228
gene_3860	interaction_vs_onu	50.0301412356136	-1.12981219956856	0.342002659922892	-3.30351874989302	0.000954795842321073	0.00236831423073555
gene_5580	interaction_vs_onu	35.7093348679349	-1.15149193134063	0.350505004161288	-3.28523678027364	0.00101896701027574	0.00251292354017872
gene_1529	interaction_vs_onu	46.3998786972895	-1.01326655559106	0.308969736993939	-3.27950098106513	0.00103990848621749	0.00255940674008675
gene_3992	interaction_vs_onu	10.0959485371713	1.77443624084416	0.541921236959106	3.27434342820941	0.00105907811833311	0.00260060490330793
gene_5544	interaction_vs_onu	54.5203029915445	-1.03645029606194	0.318083301996483	-3.25842409694741	0.00112032841882902	0.00274392310877724
gene_6397	interaction_vs_onu	17.048144323255	-1.48558943006362	0.457443029710606	-3.24759441848629	0.00116385041660575	0.00284157432006425
gene_7115	interaction_vs_onu	43.7883807649445	-1.23659648091558	0.382004248161112	-3.23712756302658	0.00120739427175588	0.00293532944226935
gene_7247	interaction_vs_onu	75.2890250194561	-1.00101670682559	0.312255621142439	-3.20576040605195	0.00134706099544258	0.00324075048812864
gene_1456	interaction_vs_onu	14.4441957502697	-1.8615412263125	0.580939275905029	-3.2043645584342	0.00135360961166514	0.00325205731658641
gene_2656	interaction_vs_onu	29.6687111053074	1.06454378856605	0.332817232772759	3.19858373827926	0.00138104418481921	0.00330770515446346
gene_7390	interaction_vs_onu	20.2011020405437	-1.68975113836989	0.529058146690601	-3.19388549054529	0.00140371785084121	0.00335637564335217
gene_8584	interaction_vs_onu	6.56023600843575	-4.22460758093387	1.32517050269393	-3.18797284752845	0.00143273989726565	0.00341622660740779
gene_6711	interaction_vs_onu	5.66045268027011	-3.84515987029807	1.20797145241393	-3.18315458748149	0.00145679813715466	0.00346875995940026
gene_1071	interaction_vs_onu	35.9346756298584	-1.37745985381482	0.432929001531973	-3.18172228919871	0.00146402126330883	0.00348402057657035
gene_8034	interaction_vs_onu	9.66473734536256	-2.63314464018828	0.831010422427812	-3.16860603564453	0.00153171864372354	0.00362797775049073
gene_1857	interaction_vs_onu	18.2294663168765	-2.03053036150528	0.645770856395877	-3.14435119112978	0.0016645554528862	0.00391444908700711
gene_4802	interaction_vs_onu	23.4872968887211	-1.96455650483173	0.626349011043992	-3.1365204864892	0.00170965492036775	0.0040061993206537
gene_7012	interaction_vs_onu	20.5169400199167	-1.52724339546662	0.487410506140323	-3.13338218242455	0.00172804277112464	0.00404043871096063
gene_6712	interaction_vs_onu	12.0092336006496	-2.12504179276819	0.680523685315501	-3.12265662257294	0.00179226715853608	0.00417237064918925
gene_8499	interaction_vs_onu	28.2599183450782	-1.11939109435692	0.35947584771112	-3.11395355622467	0.00184598544965958	0.004285770395738
gene_7613	interaction_vs_onu	25.6356325043179	-1.29348041167493	0.416239285065438	-3.10754044148326	0.00188651172031152	0.00437392749888044
gene_6135	interaction_vs_onu	33.1249895564245	-1.06984944661357	0.345087759304799	-3.10022426981717	0.00193374163787024	0.00447252861933781
gene_3061	interaction_vs_onu	33.1415552833611	-1.20893868924766	0.391872443118555	-3.08503113826229	0.00203530843603574	0.00469222736667545
gene_6803	interaction_vs_onu	4.69681262303136	2.75591663140003	0.894509164264681	3.08092610059003	0.00206357857914591	0.00474717351182181
gene_7764	interaction_vs_onu	529.689571253478	1.30988770664324	0.425633812602275	3.07749917384321	0.00208745417184933	0.00479694166739067
gene_1491	interaction_vs_onu	42.5970551048486	-1.20229716999904	0.39555919227029	-3.03948737254346	0.00236981136893062	0.00538936910681353
gene_5818	interaction_vs_onu	26.05482180564	-1.31119083066847	0.431744769140753	-3.03695823177654	0.00238978567696535	0.00542902478631193
gene_8182	interaction_vs_onu	11.2141852219467	2.24791175171292	0.754848433962592	2.97796438407172	0.0029016970103445	0.00644989000481665
gene_1067	interaction_vs_onu	24.8446945705622	-1.51504701015272	0.508976450694632	-2.97665443673286	0.0029141226961125	0.00647414748993588
gene_7337	interaction_vs_onu	10.3456174629855	-1.80615035864481	0.607979878659711	-2.97074035184596	0.00297082835640721	0.00659328253327606
gene_3438	interaction_vs_onu	18.3023688476386	-1.52591385647043	0.517043890070798	-2.95122693793266	0.00316514270566835	0.00697749718272498
gene_6974	interaction_vs_onu	7.07361004769679	1.83340204705121	0.623935612205036	2.93844751154983	0.00329860507435491	0.00722334598016834
gene_3990	interaction_vs_onu	9.39976207458763	-2.5358372471888	0.86304028906111	-2.93826056480805	0.00330059494613517	0.00722585492043915
gene_35	interaction_vs_onu	9.88336718644342	1.64368469930491	0.560252578395083	2.93382799596114	0.00334809692866794	0.00732048779294956
gene_6123	interaction_vs_onu	26.2070031390492	1.01084252700551	0.349371075701053	2.89332059036983	0.00381191995349872	0.0082274419571228
gene_4254	interaction_vs_onu	9.32651073460201	1.80570589425361	0.630244681346554	2.8650870807757	0.00416894581462867	0.00891931421475167
gene_1070	interaction_vs_onu	5.26824178682125	-4.02284175274331	1.41145762089416	-2.85013286491368	0.00437009695645978	0.00930655387500427
gene_3708	interaction_vs_onu	30.1576636867643	-1.15805627668543	0.408610144319104	-2.83413491511616	0.00459499281689293	0.00973351608824634
gene_7293	interaction_vs_onu	12.3633514526779	-1.88850597243015	0.669055449973723	-2.82264492801654	0.00476292892955246	0.0100445113665851
gene_3525	interaction_vs_onu	12.0653682498333	-1.86806987381816	0.663805238312759	-2.81418368822512	0.00489012766926016	0.010292474268224
gene_3477	interaction_vs_onu	43.8052472722936	1.12872846764193	0.40209584758147	2.80711296679888	0.00499877083509996	0.0105108028367614
gene_4836	interaction_vs_onu	75.8319080365863	1.13584977807387	0.405412666248653	2.80171260701858	0.00508321345976683	0.0106804877799715
gene_5914	interaction_vs_onu	12.0465031800577	-1.75578156109256	0.627026014475527	-2.80017339083001	0.00510751639364692	0.0107289178722988
gene_7727	interaction_vs_onu	14.2891292824356	-1.42919627305421	0.513810125853409	-2.781565020114	0.00540974929913796	0.0112862427493592
gene_1465	interaction_vs_onu	3.43227530263713	-4.33634769176462	1.56157803491595	-2.77690105445036	0.00548798827766891	0.0114327524110114
gene_1670	interaction_vs_onu	23.842137682131	-1.11039633003461	0.400129981788669	-2.77508904749124	0.00551865952450155	0.0114910546168167
gene_5508	interaction_vs_onu	30.4158195967202	-1.18959875183948	0.428816508651471	-2.77414401693745	0.00553471705139912	0.0115205129003004
gene_1757	interaction_vs_onu	11.6385008572697	-2.33704785618086	0.843059711704215	-2.77210240714338	0.0055695511769331	0.0115744981972681
gene_6355	interaction_vs_onu	153.842262500938	1.09548982047387	0.395237552815382	2.77172503642532	0.00557601152946516	0.0115851113330635
gene_3439	interaction_vs_onu	17.1182969507214	-1.5144466697099	0.549779482807111	-2.75464384734278	0.00587560554059843	0.0121180752558539
gene_3942	interaction_vs_onu	2.98352471389182	3.54057648296172	1.28622972208731	2.75267817417252	0.00591099716778332	0.0121805815494042
gene_3418	interaction_vs_onu	9.33743689093727	-2.53636434343188	0.926063233146443	-2.73886733934376	0.00616512446118726	0.0126646185235812
gene_6263	interaction_vs_onu	16.0854657105777	-1.62968925172495	0.599516878311291	-2.7183375659338	0.00656108621698848	0.013384866067069
gene_5576	interaction_vs_onu	3.11814837888343	-4.38526686287452	1.62515336925083	-2.69837108659847	0.00696797195763335	0.0141140179738148
gene_5600	interaction_vs_onu	6.88686138125733	-3.41314681739636	1.26829730508948	-2.69112518310963	0.0071211468173041	0.0143834395366029
gene_5554	interaction_vs_onu	2.87016511162973	-4.8779071611828	1.81324413284152	-2.69015466413707	0.00714189104956318	0.0144219361604767
gene_4626	interaction_vs_onu	9.30292814035736	-1.94277303045974	0.724057425206139	-2.68317534331843	0.00729267435364318	0.014688304109926
gene_4569	interaction_vs_onu	11.8372173471625	-1.86221272901376	0.702137272031856	-2.65220606167916	0.00799677217029489	0.0159413995756228
gene_6572	interaction_vs_onu	6.83537423678014	1.74923839496074	0.661698125624112	2.64355954357717	0.00820393346514656	0.016305008233493
gene_6337	interaction_vs_onu	228.978510387849	1.47356166248476	0.562411346029614	2.6200781205562	0.00879096262224354	0.0173428532026745
gene_3440	interaction_vs_onu	7.60619183185024	-2.28911287396827	0.875855465121257	-2.61357377458546	0.00896007370256421	0.0176520669491253
gene_5404	interaction_vs_onu	17.6302462411656	1.38435522503785	0.52977814076823	2.61308483402203	0.00897290265613233	0.0176732735242735
gene_5646	interaction_vs_onu	6.76742924388857	1.88847126078213	0.728115313805444	2.59364310154688	0.00949650099090684	0.0186188842148792
gene_4687	interaction_vs_onu	9.3594247823537	-1.85867231243604	0.724446557495223	-2.56564448157834	0.0102984321643809	0.0199987702647686
gene_1733	interaction_vs_onu	24.5326376954368	-1.12244721313345	0.437981812613806	-2.56277128594648	0.0103840428133586	0.0201376090807316
gene_1726	interaction_vs_onu	1384.67683306653	1.16494516912472	0.455609378660864	2.55689462001145	0.0105611206031174	0.0204208701971279
gene_8086	interaction_vs_onu	2.3404938771913	-4.52196395028464	1.77000415268592	-2.5547758989281	0.010625618374333	0.0205363046476158
gene_7674	interaction_vs_onu	24.9455230141842	-1.01697008623381	0.398478487846994	-2.55213296890521	0.0107065649128757	0.020669417152507
gene_5585	interaction_vs_onu	4.98405737606298	-3.64822364099722	1.43584876429646	-2.54081330270517	0.0110594957385968	0.021273996297166
gene_6953	interaction_vs_onu	13.7209475767193	-1.18233724744766	0.467385190923147	-2.529684873225	0.0114165011757135	0.021862472050136
gene_5757	interaction_vs_onu	4.22286768258774	-3.75394279921129	1.49478199608106	-2.51136474017829	0.0120265364330071	0.0229076884438231
gene_7299	interaction_vs_onu	18.5476672376711	-1.41120917749937	0.56771490515624	-2.48577087668853	0.0129271165063526	0.0244166189969943
gene_5328	interaction_vs_onu	14.5986634258868	1.66817523840225	0.676736212845891	2.46503025364497	0.0137001683335654	0.0257460902163162
gene_4889	interaction_vs_onu	8.82266200106728	-2.14685991389035	0.881665790056217	-2.43500421373213	0.0148916162848883	0.027735473324335
gene_5471	interaction_vs_onu	4.17784117863417	-3.08353110142699	1.28160168847435	-2.40599800168623	0.0161283529356528	0.0298182939803862
gene_3447	interaction_vs_onu	12.6027852192809	-1.52329176153289	0.636268287896764	-2.39410291304672	0.016661073217459	0.030677304095816
gene_6442	interaction_vs_onu	7.6783635015666	-1.78295944662366	0.752994713604581	-2.3678246532285	0.017893013860485	0.0326994446297505
gene_5667	interaction_vs_onu	1.8044446612348	3.89260267568379	1.65041815408604	2.35855541581788	0.0183462203649743	0.0334442488815843
gene_4627	interaction_vs_onu	21.6395596240271	-1.15106146330693	0.489296425899832	-2.35248287618306	0.0186485483890069	0.0339136550265348
gene_1429	interaction_vs_onu	2.43770195136399	-3.7884322643589	1.63038814340518	-2.32363825735785	0.0201448901799498	0.0362879334891352
gene_3365	interaction_vs_onu	15.2159714191443	-1.25534493652178	0.54363703759111	-2.30916006400942	0.0209347007489709	0.0375683518681742
gene_1263	interaction_vs_onu	11.0327094975505	-1.867030189455	0.813093338235709	-2.29620647674494	0.0216640784034634	0.0386851424239062
gene_7750	interaction_vs_onu	14.2191416171121	1.86052852245291	0.811608610858346	2.2923962333091	0.0218827891867497	0.0390405742889907
gene_5198	interaction_vs_onu	7.78811527314653	-1.77744167871027	0.776604590919739	-2.28873444670889	0.0220947863049024	0.0393613674859448
gene_1342	interaction_vs_onu	17.7729932489476	-1.1611708485985	0.509787149019218	-2.27775621812453	0.022741106184997	0.040445432982251
gene_8546	interaction_vs_onu	1.51075352822899	4.10673829459511	1.8062405344589	2.27363865235445	0.0229877214834267	0.0407823618441726
gene_7187	interaction_vs_onu	1.87541389546461	-4.15468531148265	1.8383750830673	-2.25997694907322	0.0238226815039539	0.0421152733733676
gene_6353	interaction_vs_onu	17.7231131064977	1.01841992356877	0.451898738273128	2.25364630903934	0.0242184275624629	0.0427178528610514
