gene_id	contrast	baseMean	log2FoldChange	lfcSE	stat	pvalue	padj
gene_1322	interaction_vs_self	12434.5333763648	9.6747617639983	0.164948650022777	58.653173352206	0	0
gene_3809	interaction_vs_self	11257.1832101299	5.28800962784066	0.0820541363722832	64.4453754756339	0	0
gene_8391	interaction_vs_self	1505.09387311416	-4.94680712878658	0.128245662917689	-38.572899981511	0	0
gene_4925	interaction_vs_self	6720.10727881526	-3.98669049034517	0.0833450191668786	-47.8335781813521	0	0
gene_6950	interaction_vs_self	26829.7452189817	-2.35835159994586	0.0440615488493177	-53.5240285812689	0	0
gene_4899	interaction_vs_self	11339.2835033494	2.21287219869617	0.0534401177036056	41.4084454485936	0	0
gene_2352	interaction_vs_self	5973.03635894417	2.9301298966644	0.0809179961709491	36.2111030341649	4.0715016604559e-287	4.97886488764321e-284
gene_3064	interaction_vs_self	5260.92854873376	2.32880211645788	0.0644061092421422	36.1580934458015	2.77602542679593e-286	2.97034720667165e-283
gene_4146	interaction_vs_self	5245.56773993899	-3.27865177833536	0.0909406407313853	-36.052657557358	1.25303439480179e-284	1.19177493550037e-281
gene_2419	interaction_vs_self	10359.0184742219	2.24928494622911	0.0635038623340106	35.4196558061079	8.50826529989293e-275	7.28307509670835e-272
gene_4303	interaction_vs_self	21228.7009283425	2.01949056270295	0.0573336085682745	35.2235035110006	8.73411124311314e-272	6.79672656736805e-269
gene_4904	interaction_vs_self	2937.72706931775	-3.29808541778292	0.0945006491507659	-34.9001350511484	7.39944618152851e-267	5.27827160949033e-264
gene_5107	interaction_vs_self	1726.66403373498	-3.15989101338357	0.09072121545613	-34.8307834886934	8.32097970550197e-266	5.47904509839207e-263
gene_6708	interaction_vs_self	2541.04870657103	-3.28962876744178	0.0955542396198962	-34.4268216724611	1.0010451217148e-259	6.12067588705621e-257
gene_7339	interaction_vs_self	7023.28497478721	3.38129937072572	0.0983878681235863	34.3670356438502	7.83997411435712e-259	4.47401189459313e-256
gene_4914	interaction_vs_self	10623.8069253593	-2.20204693722821	0.0642630315688199	-34.2661540153146	2.50656698637354e-257	1.34101333770985e-254
gene_1762	interaction_vs_self	1704.08270423939	-4.11596884321543	0.121759522230002	-33.804081749273	1.71781937507604e-250	8.64972579450052e-248
gene_8037	interaction_vs_self	1715.6533994264	-4.63135634317201	0.137708940509913	-33.631486278399	5.8155314542761e-248	2.76560829158908e-245
gene_1109	interaction_vs_self	27494.895952857	-3.05514787547299	0.0909503055644867	-33.591397593566	2.24022474276916e-247	1.00928019990021e-244
gene_1892	interaction_vs_self	1220.03244393468	4.59642395140765	0.138486558414413	33.1903977110408	1.48112157890503e-241	6.33920035771351e-239
gene_1735	interaction_vs_self	738.714069199106	3.91216449612412	0.118996118547474	32.876404238037	4.77894404387261e-237	1.94798861978807e-234
gene_3599	interaction_vs_self	20972.4868212726	2.05520344678457	0.062992558300706	32.6261308037959	1.74766206642725e-233	6.79999422209876e-231
gene_4334	interaction_vs_self	4962.65751129807	2.71193058550382	0.083748177954733	32.3819652168391	4.92533034727604e-230	1.83307946837752e-227
gene_1514	interaction_vs_self	1870.32807449344	2.5480326284238	0.079513962850571	32.0450966984537	2.5692851938099e-225	9.16378385792199e-223
gene_2976	interaction_vs_self	15050.4571605631	-2.52696488883978	0.0796613210362006	-31.7213530477539	7.8885569307333e-221	2.70104189308308e-218
gene_3211	interaction_vs_self	1502.30296100747	5.83450096130939	0.18518273333637	31.5067223395578	7.0271192504846e-218	2.31354387631339e-215
gene_107	interaction_vs_self	43463.7313789275	2.38557695398873	0.0760496906231596	31.3686608642461	5.41581563805959e-216	1.71701414302926e-213
gene_7351	interaction_vs_self	90126.4367417258	-2.03531135610183	0.0650752020307	-31.2762971545082	9.8035207568501e-215	2.9970763456656e-212
gene_2632	interaction_vs_self	1040.79370861967	5.33501869803337	0.170863116714642	31.2239341094508	5.04390154859701e-214	1.48882059503415e-211
gene_3515	interaction_vs_self	17693.6583463051	2.77341509566872	0.0895267942528477	30.9786038784752	1.04685764468494e-210	2.98703381283436e-208
gene_7477	interaction_vs_self	16726.3379585231	-1.60290387130455	0.051785485385083	-30.9527632962242	2.33216497691077e-210	6.43978458140523e-208
gene_972	interaction_vs_self	20570.5811283141	-3.05790711603574	0.099040823385877	-30.8752190409575	2.57002983155526e-209	6.87482979941031e-207
gene_2947	interaction_vs_self	1030.53678945043	-3.77128280128516	0.124287686868909	-30.3431731355888	3.09152569855283e-202	8.01923029685218e-200
gene_7725	interaction_vs_self	938.303152049709	4.64261673802653	0.153477105517214	30.2495718979128	5.28535834296382e-201	1.33066668869913e-198
gene_425	interaction_vs_self	1824.14268481341	2.53974893817242	0.0846142670648665	30.0156111524953	6.13970147241866e-198	1.50159556011153e-195
gene_7398	interaction_vs_self	2102.57215498242	2.19968806426327	0.073698881122487	29.8469668841703	9.61157554203492e-196	2.2854190733283e-193
gene_4491	interaction_vs_self	8562.97982097531	1.30384913254784	0.0441037332277434	29.5632373299333	4.43875198321606e-192	1.02691126963053e-189
gene_6247	interaction_vs_self	13971.3211844893	3.02957159591862	0.10315886217165	29.3680206638729	1.40692984008648e-189	3.16929458714218e-187
gene_5183	interaction_vs_self	2214.28497757622	3.7887892742249	0.129108543295598	29.3457673482563	2.70595369539869e-189	5.93922144425969e-187
gene_4619	interaction_vs_self	5876.1685292755	2.80484484052305	0.0958438313252656	29.2647403775443	2.9157987643491e-188	6.23980935570708e-186
gene_412	interaction_vs_self	10429.1991296384	2.34520646093279	0.0809862528054922	28.9580809049823	2.22021189397569e-184	4.63536922254438e-182
gene_636	interaction_vs_self	578.912871531249	3.75872090830742	0.131373624664497	28.6109248938398	4.91360161817778e-180	1.00143880599052e-177
gene_4331	interaction_vs_self	2009.34092527869	2.01527015777287	0.070622845477305	28.5356692179797	4.23063565025225e-179	8.4219165502696e-177
gene_8012	interaction_vs_self	8691.12856017304	-2.90071554022063	0.102640615522819	-28.2608938522563	1.04583130574816e-175	2.03461726754643e-173
gene_5013	interaction_vs_self	12232.1436006373	-2.5129740630897	0.0899224176331687	-27.9460242421547	7.36808516574247e-172	1.40157353375012e-169
gene_5483	interaction_vs_self	5514.05342088249	1.80075148213689	0.0646821780627496	27.839994509615	1.42371206627693e-170	2.6493424537675e-168
gene_7234	interaction_vs_self	5202.92738097929	1.73943235682514	0.0625959119716459	27.7882740587445	6.01154558374625e-170	1.09486872759293e-167
gene_1516	interaction_vs_self	8225.04538804096	2.08996946889357	0.0752294486638684	27.7812679211798	7.30527960509131e-170	1.30277486290795e-167
gene_6998	interaction_vs_self	179882.54796647	3.29260250915737	0.119218590107264	27.6181970126883	6.72827998222739e-168	1.17538931934421e-165
gene_5201	interaction_vs_self	2296.90003129523	1.91340985174991	0.0701276975791684	27.2846523955792	6.45188654494121e-164	1.10456297649393e-161
gene_594	interaction_vs_self	1348.64559506588	-2.97845883983128	0.110217638521558	-27.0234318189345	7.84131022199129e-161	1.31611010784795e-158
gene_7730	interaction_vs_self	996.706784914379	2.5578963342966	0.0948711369561873	26.9617969844492	4.14865149489059e-160	6.82931861466604e-158
gene_7099	interaction_vs_self	11018.7853708311	2.95863035570956	0.109907331453414	26.9193175431034	1.30498368474542e-159	2.10767176253222e-157
gene_848	interaction_vs_self	6072.91935089025	-1.92439831936955	0.0716027638462811	-26.8760340522735	4.18715127216018e-159	6.63741016475761e-157
gene_2709	interaction_vs_self	3115.14478976151	1.97155794050804	0.0740113137397676	26.6386021391306	2.42578585272794e-156	3.77540489079112e-154
gene_5989	interaction_vs_self	3841.81062586484	-1.66661936165745	0.0629386225624056	-26.4800736623199	1.64435594647306e-154	2.51351551818025e-152
gene_8173	interaction_vs_self	12982.7696859859	-2.89541236285671	0.109738212930608	-26.3847231108785	2.05177350141456e-153	3.0812598547559e-151
gene_7328	interaction_vs_self	15314.7122548756	1.19547753818235	0.0454871575009676	26.2816496756676	3.10891698588071e-152	4.58833265502394e-150
gene_2318	interaction_vs_self	7986.01594693916	1.90896226039977	0.0726496157766061	26.2762884564969	3.58000847384911e-152	5.19404619256752e-150
gene_7288	interaction_vs_self	4326.66385629582	2.07575652300959	0.0791745970360507	26.2174561123997	1.68064918013901e-151	2.39772616366499e-149
gene_5065	interaction_vs_self	1701.16694549723	1.72247037857217	0.0666428135148588	25.8463034155682	2.67743227462569e-147	3.75718365095015e-145
gene_4620	interaction_vs_self	5217.04533292967	2.36399334639966	0.091735081970583	25.7697850769647	1.93482691351644e-146	2.67130941608076e-144
gene_4072	interaction_vs_self	1931.83769106385	-4.79767459672032	0.186275331051081	-25.7558237564194	2.77386301705436e-146	3.76893133745799e-144
gene_2392	interaction_vs_self	16772.6752944284	-1.33759654609325	0.0522120578874736	-25.6185371772936	9.48289330498469e-145	1.2683369795417e-142
gene_6716	interaction_vs_self	7155.68252599581	-1.7933845554181	0.0706169242061781	-25.3959596170177	2.79483981872887e-142	3.68058905358755e-140
gene_7289	interaction_vs_self	1309.02644108875	2.8129127987104	0.111469886363335	25.2347328097359	1.66606755359043e-140	2.16083913011123e-138
gene_5659	interaction_vs_self	2849.55633332275	-3.50981819687237	0.139468754583951	-25.1656237079229	9.53302049723801e-140	1.21795008143817e-137
gene_7428	interaction_vs_self	583.887674460287	3.53421237364964	0.141915593489482	24.9036225459719	6.79739326477311e-137	8.55671858036145e-135
gene_5200	interaction_vs_self	2256.29366170774	2.92984976425074	0.117720817867833	24.8881193430047	1.00054071719304e-136	1.24125051292354e-134
gene_8014	interaction_vs_self	943.614901632366	2.66648697403091	0.107154782611515	24.884442010378	1.09658740128074e-136	1.34096973642331e-134
gene_1391	interaction_vs_self	468.975014510957	4.20575218492602	0.169505679889573	24.8118658186907	6.67586498280165e-136	8.04864848630734e-134
gene_331	interaction_vs_self	3575.53889726439	1.56318085126229	0.0656953314612185	23.7943978132613	3.81695485084055e-125	4.53793521155488e-123
gene_8275	interaction_vs_self	83224.1256816872	1.70927201664658	0.0720253155585432	23.7315449906952	1.70416180985793e-124	1.99830480717588e-122
gene_1552	interaction_vs_self	2623.93615499737	1.58232766806116	0.0668102717719803	23.6838980907241	5.2839582977307e-124	6.11225446332091e-122
gene_6562	interaction_vs_self	4750.87279296434	1.65236617778894	0.0700652277063595	23.583255658769	5.72518233434518e-123	6.5343414375993e-121
gene_1966	interaction_vs_self	3757.56802174918	2.02180354219431	0.0857962585823169	23.5651714375692	8.77546774977224e-123	9.88394788658557e-121
gene_4071	interaction_vs_self	914.255153302194	-3.35455850738233	0.142394076287737	-23.5582728919407	1.03273263819563e-122	1.14807680298112e-120
gene_1304	interaction_vs_self	1911.32246606701	1.74903795568739	0.0742637426436946	23.5517076493033	1.20578437216104e-122	1.32327105457673e-120
gene_7503	interaction_vs_self	7328.5005827462	1.76720329198474	0.0751441733529381	23.5175025971012	2.70088872455185e-122	2.92653259267896e-120
gene_5450	interaction_vs_self	598.115071330502	3.50577108570466	0.149082788994492	23.5155990128021	2.82477091541748e-122	3.0225048794967e-120
gene_1357	interaction_vs_self	3032.1310716306	-2.3005926040258	0.0981288832418686	-23.4446019155775	1.50061345841297e-121	1.58583348197716e-119
gene_4993	interaction_vs_self	4313.64803239471	-1.63500151032413	0.0699359500576497	-23.3785557924982	7.0634168228521e-121	7.37351804922122e-119
gene_2272	interaction_vs_self	668.260220183656	3.07121108246697	0.131844334539002	23.2942211222467	5.07339976535484e-120	5.23232554113704e-118
gene_3698	interaction_vs_self	3938.97136626651	-4.37912001334269	0.188301408817321	-23.2559067977609	1.23965677837851e-119	1.26326928844286e-117
gene_7463	interaction_vs_self	21357.1010944733	-2.2961196902018	0.098819085227688	-23.235589409792	1.98972861119063e-119	2.00377375432845e-117
gene_1574	interaction_vs_self	552.291339581293	5.22143867992612	0.225219734757378	23.1837529049176	6.64145901926299e-119	6.61056851219665e-117
gene_6970	interaction_vs_self	1367.77174959765	2.44135822205803	0.105307700306574	23.1830931161796	6.74402000579692e-119	6.63549554593352e-117
gene_1145	interaction_vs_self	10278.1109139446	-2.16248896955347	0.0937052806116876	-23.0775571604633	7.78110095148637e-118	7.56888910735492e-116
gene_5169	interaction_vs_self	5197.8786493525	-3.15579273974732	0.137185361391049	-23.0038592146262	4.26461655246494e-117	4.10169861675279e-115
gene_1575	interaction_vs_self	935.456501955207	3.23439115271231	0.140816412215335	22.9688507314497	9.55043777077851e-117	9.08352747976267e-115
gene_6259	interaction_vs_self	1995.13799741098	2.06218471519545	0.0898006742948375	22.9640226132913	1.06726148247628e-116	1.00392948241725e-114
gene_6102	interaction_vs_self	444.205200007386	6.30105087381476	0.276516627669585	22.7872404163123	6.13625155125571e-115	5.70938187812488e-113
gene_6657	interaction_vs_self	350.239637668616	3.71557288802718	0.16355770927948	22.7171981338903	3.02924386119525e-114	2.78820725288509e-112
gene_7107	interaction_vs_self	46644.373489694	-1.80964064846721	0.0797661203099802	-22.6868329741342	6.0435753336736e-114	5.50351115491979e-112
gene_1572	interaction_vs_self	683.292807035003	2.17894540976356	0.0964857506948088	22.5830798234209	6.35616223600777e-113	5.72723670949753e-111
gene_7190	interaction_vs_self	7464.03973812948	-1.99674012555512	0.0886195127827494	-22.5316080268928	2.03435666926524e-112	1.81396803009484e-110
gene_4613	interaction_vs_self	722.048659341216	-3.26379945538542	0.145194874635976	-22.4787511512939	6.69976589327651e-112	5.91237072643782e-110
gene_2401	interaction_vs_self	2098.38591893807	-1.83016703344232	0.0817586391643014	-22.3849987248985	5.5107084008226e-111	4.81343509296342e-109
gene_5274	interaction_vs_self	2391.28876315795	1.83104704928329	0.0819923966115324	22.3319127742847	1.81011951528655e-110	1.56511343948008e-108
gene_5097	interaction_vs_self	1334.90290596111	2.55229617164767	0.114502242402184	22.2903597178722	4.58295416376981e-110	3.92300876418695e-108
gene_6651	interaction_vs_self	13253.6139234038	-1.42551322783952	0.0639735843525357	-22.282841304999	5.42077977297011e-110	4.59424503530932e-108
gene_6390	interaction_vs_self	2821.82611247286	-1.74846600195333	0.0785003546575225	-22.2733516247341	6.69978845581143e-110	5.62256756683783e-108
gene_1042	interaction_vs_self	30785.6265525869	-2.16401407228636	0.0972288170677626	-22.2569207108441	9.66631832814494e-110	8.03336746494375e-108
gene_3955	interaction_vs_self	2587.9637461091	-2.72515255483595	0.122764802081219	-22.1981586630429	3.57809747761154e-109	2.94504946234181e-107
gene_5170	interaction_vs_self	2333.56899560541	-1.58957313616722	0.0716572136024569	-22.1830162834117	5.01046719279595e-109	4.08472373050793e-107
gene_1490	interaction_vs_self	3086.08118042237	1.48972197574285	0.0673310774662276	22.1253250624138	1.80333693627379e-108	1.45627963910412e-106
gene_175	interaction_vs_self	1140.90820501998	-2.51307069798568	0.114054895923322	-22.0338695471275	1.36407961315737e-107	1.09126369052589e-105
gene_596	interaction_vs_self	742.668705013353	-5.5659411999271	0.252932174597028	-22.0056669689998	2.54153877654106e-107	2.01440480807329e-105
gene_610	interaction_vs_self	18191.563253449	-1.47399426275393	0.0670310369907464	-21.9897278772133	3.61146912434516e-107	2.83616290866005e-105
gene_6380	interaction_vs_self	2752.88449499997	-1.94463053881394	0.0887798845872384	-21.9039543456837	2.38185550378804e-106	1.85351664658415e-104
gene_6065	interaction_vs_self	6105.48892061455	-1.08946427707629	0.04977102005431	-21.889530813061	3.26860790014753e-106	2.52065618245612e-104
gene_3437	interaction_vs_self	1271.46927827754	2.0729607474754	0.0957154465337231	21.6575361923955	5.16108661658325e-104	3.94454477124577e-102
gene_5405	interaction_vs_self	342.047641590788	3.87235893387366	0.178876163830229	21.6482668845073	6.31091599864122e-104	4.7806584910061e-102
gene_8379	interaction_vs_self	8814.81998041104	1.19964468460569	0.0554616431319334	21.6301684707023	9.34413790321752e-104	7.01630003960894e-102
gene_6749	interaction_vs_self	8340.26748842206	-1.46746570431339	0.0678628852956515	-21.6239804411532	1.06852370504743e-103	7.95353296974433e-102
gene_1261	interaction_vs_self	383.446922250658	3.85309160978456	0.179760487976081	21.4345858378914	6.35970820215988e-102	4.69302605262832e-100
gene_7103	interaction_vs_self	13502.3639217769	-1.12617092273223	0.0525832353131759	-21.4169195947144	9.29350745576669e-102	6.79935246336434e-100
gene_7713	interaction_vs_self	3199.41186682678	-1.41719816880712	0.0664400910388478	-21.3304669913604	5.92138083247408e-101	4.29551016321849e-99
gene_2071	interaction_vs_self	4529.22261055247	1.32609701796631	0.0621940047611907	21.3219428955924	7.10468372142211e-101	5.11059602145994e-99
gene_6304	interaction_vs_self	4604.32469687849	1.41237658266598	0.0663678139966305	21.2810472066728	1.70100618355651e-100	1.21338441093698e-98
gene_7810	interaction_vs_self	1693.01766268038	1.96776203411271	0.0925196207972488	21.2685916474403	2.21841421593718e-100	1.56939055276217e-98
gene_2636	interaction_vs_self	676.00949141637	-3.25868938142032	0.153376360755002	-21.2463600347489	3.56235499111004e-100	2.49948841999196e-98
gene_7420	interaction_vs_self	1206.00690704895	-1.98512477559172	0.0936284449740282	-21.2021547099536	9.12228808814736e-100	6.34851918980011e-98
gene_3397	interaction_vs_self	5223.1323679081	2.66834201082018	0.126416086750525	21.1076143820684	6.77049704279687e-99	4.67382699083397e-97
gene_8266	interaction_vs_self	8394.80090446801	1.3650386849837	0.0646897027504305	21.1013287578388	7.73322353368198e-99	5.29571147586542e-97
gene_6272	interaction_vs_self	36940.9034200867	-1.49201690416941	0.0709730133756337	-21.0223130342898	4.0996048983508e-98	2.78512840713356e-96
gene_1652	interaction_vs_self	34618.7655188662	2.69091256093332	0.128208528260788	20.9885613495209	8.34330234467132e-98	5.62351717089657e-96
gene_4394	interaction_vs_self	390.097094713573	3.1445682444201	0.149944618834804	20.9715311483403	1.19360304808777e-97	7.98222038408696e-96
gene_936	interaction_vs_self	2488.80452258098	-1.27059209331632	0.0607257974067015	-20.923432010398	3.27663879800353e-97	2.1742657450318e-95
gene_2946	interaction_vs_self	3235.13609911483	-1.77808991836664	0.0850688780682532	-20.9017675881422	5.15985665616346e-97	3.3975671520584e-95
gene_4757	interaction_vs_self	1108.09445627869	-3.7930563846492	0.183177178191881	-20.7070357895562	2.99317472149603e-95	1.95584546687069e-93
gene_8011	interaction_vs_self	2482.7184287363	-1.88657575693167	0.0912440882840167	-20.6761423387705	5.68059137155065e-95	3.68377743488436e-93
gene_2532	interaction_vs_self	3540.83026650316	1.68216179437003	0.0814084196695065	20.6632409915227	7.42122019799641e-95	4.77636427780822e-93
gene_6561	interaction_vs_self	984.338188831336	2.46007120614184	0.119276944486251	20.6248677540982	1.64179109831064e-94	1.04878595533874e-92
gene_3680	interaction_vs_self	1077.78914789656	-2.88216435833377	0.139966832536848	-20.591766678545	3.25289044254471e-94	2.06257349542094e-92
gene_3806	interaction_vs_self	49117.3255926203	-2.13121784345056	0.10353020002694	-20.5854701613247	3.70426536629072e-94	2.33150820113592e-92
gene_6464	interaction_vs_self	16351.3410330603	-3.12395605317871	0.151904755265086	-20.5652288351813	5.62340014734748e-94	3.51359892418207e-92
gene_3224	interaction_vs_self	2912.48060823425	-1.41711992391507	0.0690676001785274	-20.5178682950047	1.49108647183461e-93	9.24905811514799e-92
gene_7120	interaction_vs_self	9193.95107882073	1.10915030823253	0.0540791255533798	20.5097678056522	1.76133143376068e-93	1.08467604841665e-91
gene_2006	interaction_vs_self	345.454325747584	3.04887769612761	0.149605982788215	20.3793834932635	2.54844706986442e-92	1.55819335128853e-90
gene_6043	interaction_vs_self	297.800291193595	5.00080475111962	0.246866429604591	20.2571275451647	3.0738011166619e-91	1.86608067791673e-89
gene_2905	interaction_vs_self	47820.8071362656	1.03038299859988	0.0508792668341693	20.2515299986182	3.44376215784596e-91	2.07595803318038e-89
gene_4768	interaction_vs_self	2385.86425596015	-1.88189711217217	0.0929570205370548	-20.2448088514413	3.94711838439583e-91	2.36275058534464e-89
gene_4227	interaction_vs_self	871.139850525061	-2.30619656222672	0.113977942069277	-20.2337094384894	4.94400360535149e-91	2.93893547651449e-89
gene_650	interaction_vs_self	2816.10536331725	-1.36712156690377	0.0675795781272314	-20.2298032155499	5.351609420059e-91	3.15929494039345e-89
gene_3248	interaction_vs_self	4584.5201937203	1.29695816301189	0.0646613467421702	20.0577041518076	1.72883937157513e-89	1.01362089182761e-87
gene_7790	interaction_vs_self	2839.06807373311	1.84988768183968	0.0929504451955892	19.9018700550287	3.92026131483911e-88	2.28281883367502e-86
gene_7125	interaction_vs_self	3378.74745779112	-1.27391486081167	0.0641639303910492	-19.8540652520466	1.01636083797265e-87	5.87841133313909e-86
gene_2707	interaction_vs_self	1950.68174278917	-2.21842736016008	0.112232865261512	-19.7662899810225	5.80941964346363e-87	3.33749209047307e-85
gene_7412	interaction_vs_self	1616.83924928524	-1.65232765568962	0.0837882468621999	-19.7202796044543	1.44427891715396e-86	8.24201835389193e-85
gene_1472	interaction_vs_self	8606.71355745265	-1.85897146172469	0.0943542238267207	-19.7020481577872	2.07071392640436e-86	1.17386166953784e-84
gene_1730	interaction_vs_self	516.794621310083	-2.43598967389452	0.123974259072902	-19.6491569468632	5.87810444457792e-86	3.31030092405177e-84
gene_579	interaction_vs_self	1627.82151877759	1.3929796261502	0.0709341507462894	19.6376443715028	7.3740239404345e-86	4.12559770785093e-84
gene_5612	interaction_vs_self	282.538013450813	5.06200151048226	0.258757148987826	19.5627503637413	3.21271777342336e-85	1.78577039873402e-83
gene_2676	interaction_vs_self	899.671170744658	2.42942354340406	0.1244371499562	19.5232978596759	6.95977253381444e-85	3.84359050899688e-83
gene_3386	interaction_vs_self	11894.5628785993	2.18053680006311	0.111890410505122	19.488147288219	1.38401917027839e-84	7.59436160101473e-83
gene_6638	interaction_vs_self	692.647182463707	2.75720590825732	0.14205222212845	19.4098048375768	6.37688185725864e-84	3.47682221007222e-82
gene_4292	interaction_vs_self	6595.90068100259	1.79997832774923	0.0928176396399654	19.3926319903334	8.90607743781801e-84	4.82506473846343e-82
gene_5297	interaction_vs_self	1460.68180463877	1.65977348909559	0.0856111037362368	19.3873623474037	9.86686928143774e-84	5.31197490874887e-82
gene_3415	interaction_vs_self	1280.42818449349	1.81289104388387	0.093550813262189	19.3786775407605	1.16810292783018e-83	6.24935066389149e-82
gene_4130	interaction_vs_self	4584.75269694372	-1.76489368809328	0.0911635127077158	-19.3596498826433	1.69030338218778e-83	8.98695462827789e-82
gene_1870	interaction_vs_self	41143.3317791654	-2.98903616456523	0.154404617750478	-19.3584635492935	1.72967802989041e-83	9.13953329374193e-82
gene_3208	interaction_vs_self	2086.87475002065	-1.72699291117653	0.0893485426248928	-19.328719422172	3.07967196941916e-83	1.61463976384793e-81
gene_6516	interaction_vs_self	2584.74806427892	-1.72622544700274	0.0893099024439719	-19.3284887763222	3.09346870643762e-83	1.61463976384793e-81
gene_1861	interaction_vs_self	1036.74623177306	2.60068561367012	0.13455856710279	19.3275364747563	3.15108906163517e-83	1.6347468101574e-81
gene_7903	interaction_vs_self	3212.28369736352	1.82975145817621	0.0947006155032007	19.3214315287568	3.54676991493541e-83	1.82893677541247e-81
gene_4492	interaction_vs_self	1550.44086435095	1.85543818686434	0.0961977420990776	19.2877519407197	6.80694493486025e-83	3.48906878098226e-81
gene_3109	interaction_vs_self	3805.32074471726	-1.16452656112409	0.0604439257041742	-19.2662297750734	1.03184807488034e-82	5.25751161962841e-81
gene_1439	interaction_vs_self	3522.25300867635	-2.04015293952961	0.105933957122441	-19.2587249164265	1.19279721491633e-82	6.0416237631265e-81
gene_892	interaction_vs_self	1704.27434134779	1.64361296324486	0.0854337521193949	19.2384499389408	1.76405218178644e-82	8.88252157417173e-81
gene_8017	interaction_vs_self	3726.27002236217	1.92718313150574	0.100454878208181	19.1845649099477	4.98092695268912e-82	2.49337629912391e-80
gene_4917	interaction_vs_self	10230.4665451832	-1.91949312921319	0.100093838316374	-19.1769359782777	5.76808564905715e-82	2.87062867185635e-80
gene_7787	interaction_vs_self	618.828121364755	2.59568087817112	0.136048960800188	19.0790202505357	3.77264533807631e-81	1.86669619040076e-79
gene_1833	interaction_vs_self	353.951437268764	4.36870153397254	0.230189245560539	18.978738660593	2.55660165022671e-80	1.25773046700808e-78
gene_1406	interaction_vs_self	312.02570499325	5.08130979843847	0.269425433454624	18.859800031812	2.44141495395971e-79	1.19420068605115e-77
gene_7924	interaction_vs_self	1207.72726842082	-2.14328997738178	0.113754686961615	-18.8413333518734	3.46135229623147e-79	1.68347588953076e-77
gene_2413	interaction_vs_self	31896.9752063215	-1.53149491557935	0.0814641136468731	-18.7996265719898	7.60499035850836e-79	3.67789364230687e-77
gene_5650	interaction_vs_self	1821.87250221578	-2.73663826652309	0.146539659693689	-18.6750690717003	7.89876965634671e-78	3.79850945271505e-76
gene_5095	interaction_vs_self	4835.34965018735	1.31226916176845	0.0703089586738328	18.6643236725513	9.65902434887906e-78	4.6190641578997e-76
gene_7798	interaction_vs_self	3111.18057590765	1.43807587565382	0.0772438145665414	18.6173596387449	2.32393481340622e-77	1.10516011126429e-75
gene_2096	interaction_vs_self	778.057228052276	-2.70140425013582	0.145298618345293	-18.5920849138158	3.72416177669144e-77	1.76126103914247e-75
gene_4395	interaction_vs_self	295.107732078903	3.39728386631315	0.183799863075107	18.4836039019512	2.7984876274983e-76	1.31621176326294e-74
gene_4414	interaction_vs_self	1393.02683652497	-1.37401605427013	0.0745459050912143	-18.4318112790888	7.29976392139024e-76	3.41453438071587e-74
gene_7380	interaction_vs_self	1537.60764451627	-1.35077183088723	0.0734835169031981	-18.3819703766579	1.83192063612558e-75	8.52241339414944e-74
gene_5987	interaction_vs_self	2252.24473847186	-1.80991743345682	0.0985474945172558	-18.3659406291644	2.46147837540009e-75	1.13893269694188e-73
gene_5886	interaction_vs_self	7585.38959133845	-2.23122691626641	0.121829670206635	-18.3143146696698	6.36228282804737e-75	2.92801833376804e-73
gene_8295	interaction_vs_self	2504.81712750306	-1.30664898906889	0.0714856739765278	-18.2784733833233	1.22815844337796e-74	5.62194453225418e-73
gene_6345	interaction_vs_self	723.181961245754	3.38307951893109	0.18515237453639	18.2718667659656	1.38626388728004e-74	6.31192493357296e-73
gene_5945	interaction_vs_self	37585.9012396001	-1.25351852431666	0.0686654661870733	-18.255443295201	1.87284527641991e-74	8.48230453235686e-73
gene_3638	interaction_vs_self	3711.74706346928	1.23924812961522	0.0679648156275962	18.233671616289	2.78949261133521e-74	1.25673982910681e-72
gene_3262	interaction_vs_self	2532.54010022028	1.22907246235972	0.0674189694358465	18.2303656173396	2.96333406654621e-74	1.32807013663013e-72
gene_6461	interaction_vs_self	567.553739134665	-3.15524190644871	0.173284204978739	-18.2084795716715	4.42053283835169e-74	1.9708208904318e-72
gene_5452	interaction_vs_self	4804.10572337327	1.94402137254707	0.107363898764246	18.1068440595273	2.81426846855737e-73	1.24819368346379e-71
gene_6590	interaction_vs_self	1146.49779663943	2.49640675942406	0.13793680858389	18.0981913751165	3.29304556533135e-73	1.45301391954827e-71
gene_3732	interaction_vs_self	2659.2899866233	1.72776965167909	0.0956943857478862	18.0550785521632	7.19594899184213e-73	3.15883709590608e-71
gene_4908	interaction_vs_self	306.831807762808	3.65836424087834	0.20290650354196	18.0298027762418	1.13696479499649e-72	4.96551971692343e-71
gene_3334	interaction_vs_self	3061.93802918286	1.56219774888258	0.0867113502619131	18.0160699166133	1.45735922944404e-72	6.33248477362487e-71
gene_7350	interaction_vs_self	6424.26089341993	-1.6072409110912	0.089481964576286	-17.9616185082858	3.89289261291432e-72	1.68298791750235e-70
gene_2886	interaction_vs_self	3781.64597397289	-2.00219378320258	0.111474492743962	-17.961003758961	3.93624886392837e-72	1.69318041584054e-70
gene_8489	interaction_vs_self	4349.96181085528	1.14491544210553	0.0638222211077766	17.9391350259044	5.83564233250825e-72	2.49765491831353e-70
gene_6352	interaction_vs_self	623.769054089366	2.2789349948057	0.127288270733794	17.9037312838649	1.1027956209233e-71	4.69648284333503e-70
gene_2168	interaction_vs_self	2398.62111620636	-2.04764745562498	0.114683147950039	-17.8548242895898	2.65113729530519e-71	1.12345223999072e-69
gene_8244	interaction_vs_self	275.656132698372	3.2313795659675	0.181143071223104	17.8388251018863	3.53041117365297e-71	1.48868569687042e-69
gene_6648	interaction_vs_self	3649.21873385635	-1.51866557077081	0.0852942080312331	-17.8050257552624	6.46025328366786e-71	2.71077294648024e-69
gene_673	interaction_vs_self	1499.48277674382	1.69167012841045	0.0951298259641079	17.7827522679239	9.61423152434698e-71	4.0145278950444e-69
gene_5011	interaction_vs_self	406.626012747588	-2.56530338690597	0.14473604361571	-17.7240120900163	2.73678587703812e-70	1.13722752948769e-68
gene_3730	interaction_vs_self	700.301935885347	1.85165801544464	0.104637183668385	17.6959848356861	4.50289020386826e-70	1.86206474130977e-68
gene_2975	interaction_vs_self	7233.2133929649	1.07078149577121	0.0605773623880799	17.6762647556591	6.38913722433193e-70	2.62937570385968e-68
gene_3360	interaction_vs_self	6871.99512066851	-1.88654727278152	0.107036607959038	-17.625252787378	1.57662408391309e-69	6.45736945373017e-68
gene_7087	interaction_vs_self	6201.9686646117	1.72829665672025	0.0981436322817552	17.609870518737	2.06917826548194e-69	8.43436473929779e-68
gene_4319	interaction_vs_self	2779.17389676459	1.6982093991532	0.0967491697315344	17.5527025592622	5.67158581838692e-69	2.30088979172474e-67
gene_1893	interaction_vs_self	201.380498138483	4.61639176254348	0.263548931565082	17.5162605863325	1.07674195549703e-68	4.34759959389368e-67
gene_1755	interaction_vs_self	998.158703933761	-1.70491597159154	0.0973666161251821	-17.5102724058887	1.1962026754101e-68	4.80727460164809e-67
gene_4850	interaction_vs_self	17975.8021909213	1.06374230695781	0.060767312015228	17.5051729569879	1.30829038822206e-68	5.23316155288823e-67
gene_7338	interaction_vs_self	552.782231744367	2.17565456095219	0.124775604967729	17.4365378674371	4.35680149619149e-68	1.72658429663885e-66
gene_8320	interaction_vs_self	283.096359523236	3.71494010849792	0.21331486287486	17.4152895791292	6.31684878281474e-68	2.49180763045595e-66
gene_7818	interaction_vs_self	7432.49894809509	-1.09007373132819	0.0626366837034588	-17.4031201346631	7.81289294142231e-68	3.0678148430539e-66
gene_4965	interaction_vs_self	720.239765753949	1.69698053588019	0.0975725474756239	17.3919876008581	9.48858879920483e-68	3.70878174069376e-66
gene_1233	interaction_vs_self	8447.46219107487	1.70120925588678	0.0980530519144242	17.3498858288624	1.97636620508709e-67	7.68986123433887e-66
gene_3671	interaction_vs_self	610.03289229542	1.98424586202434	0.114626930032872	17.3104685038265	3.92210588938823e-67	1.51915051643273e-65
gene_3593	interaction_vs_self	3368.18094653284	1.34086485209582	0.0775822167934737	17.2831469312774	6.3014130346925e-67	2.42973403499855e-65
gene_7465	interaction_vs_self	3306.38365503551	1.16058710336233	0.0671984123994661	17.2710494477628	7.77162203454191e-67	2.9831876509273e-65
gene_3788	interaction_vs_self	876.750473238397	2.04343440546683	0.118760791322121	17.2063050668324	2.38150394554097e-66	9.10074722046013e-65
gene_8191	interaction_vs_self	10862.4047510307	-2.04771463443612	0.11903015693047	-17.2033263438632	2.50716481843132e-66	9.53836926478761e-65
gene_690	interaction_vs_self	3684.3833293992	-1.33073151285468	0.07739226285268	-17.1946324322858	2.91299305825488e-66	1.10332834418858e-64
gene_7765	interaction_vs_self	40782.5214825025	-1.60293354745337	0.0932460513413443	-17.1903638212575	3.13558516815714e-66	1.18240568455617e-64
gene_4863	interaction_vs_self	9546.49386627513	-1.42990703788578	0.0833008749558953	-17.165570453406	4.80736527690155e-66	1.80487047238058e-64
gene_2900	interaction_vs_self	1100.39126264762	1.91780066220746	0.111968965070879	17.1279663163221	9.18082443039023e-66	3.43178415389259e-64
gene_8491	interaction_vs_self	4724.76770160977	1.98151961059329	0.1158467886861	17.1046572206887	1.37005423559932e-65	5.09898445944789e-64
gene_5526	interaction_vs_self	275.067648785492	3.61782487709796	0.211534654419023	17.102752676786	1.41557482898981e-65	5.24559330569385e-64
gene_5485	interaction_vs_self	18048.6745173714	-1.61542330704664	0.0944747915296755	-17.0989877923067	1.51004154853154e-65	5.57153261009913e-64
gene_548	interaction_vs_self	2206.1444770497	1.42133008453599	0.0831295809364241	17.0977655429659	1.54204066769701e-65	5.6651794487066e-64
gene_1307	interaction_vs_self	679.355907960736	-2.56234123515616	0.150170784041217	-17.0628478203382	2.80539010957855e-65	1.02624527085438e-63
gene_3309	interaction_vs_self	3182.56944012754	1.09668566154731	0.0642873070729437	17.0591320663495	2.98964116428286e-65	1.08899269643665e-63
gene_6624	interaction_vs_self	1345.55660082781	-3.10039821901368	0.181946510971116	-17.0401630812578	4.13576751771671e-65	1.50009194710403e-63
gene_136	interaction_vs_self	12624.5435872089	-1.64696481016279	0.0968644997244377	-17.0027700018904	7.83295541101047e-65	2.82911807249998e-63
gene_7448	interaction_vs_self	4549.9027028134	-1.37938850046871	0.0811307589481883	-17.002041129057	7.93096766978632e-65	2.85248248963743e-63
gene_5980	interaction_vs_self	7546.98083061133	-1.44826439998627	0.0852014303314604	-16.9981230872776	8.47915662710604e-65	3.03688622293003e-63
gene_6679	interaction_vs_self	229.129150945105	3.1441584664505	0.185964488964786	16.9073057117151	3.97469251967199e-64	1.41764033201634e-62
gene_4280	interaction_vs_self	6743.1551598969	1.69545836356706	0.100440616217014	16.8802067074521	6.29241159369962e-64	2.23498104738874e-62
gene_5768	interaction_vs_self	6283.83018933771	1.48750392089359	0.0883026193079732	16.8455243179777	1.13161553564104e-63	4.00273925003607e-62
gene_6346	interaction_vs_self	290.723097483399	2.71078034818372	0.161011952813214	16.835895104809	1.33159422793978e-63	4.69071876179608e-62
gene_5649	interaction_vs_self	286.885062195625	2.84625716523039	0.16932993827029	16.8089423187948	2.09882782520508e-63	7.36310089498177e-62
gene_77	interaction_vs_self	682.267041048489	2.26419320870307	0.135365544215147	16.7265105890197	8.40186282453345e-63	2.93550799093903e-61
gene_6053	interaction_vs_self	2292.77590094024	-1.599096756981	0.0956069854694274	-16.7257313796632	8.51247602642411e-63	2.96206482870692e-61
gene_8490	interaction_vs_self	4904.71461610618	1.55273096033673	0.0931513623256754	16.6689023281064	2.20608608053624e-62	7.6453833398341e-61
gene_4176	interaction_vs_self	847.532643970541	1.72499913835712	0.103568952018848	16.6555623546639	2.75740114849958e-62	9.51748138353082e-61
gene_1129	interaction_vs_self	2807.40949039266	1.60476808895237	0.0964969066087219	16.6302542262772	4.20804997595834e-62	1.44662280298006e-60
gene_2768	interaction_vs_self	1674.38244803608	1.31634600877199	0.0792521698859061	16.6095894997833	5.93982706005634e-62	2.03379678536329e-60
gene_7778	interaction_vs_self	639.418772690778	2.21895660025984	0.133600839006278	16.608852285393	6.01326970604298e-62	2.05074058500908e-60
gene_5558	interaction_vs_self	1249.02003555959	1.42859781574577	0.0861794152253106	16.5770191409491	1.02172631045933e-61	3.47062587997296e-60
gene_3034	interaction_vs_self	2218.69959052093	-1.3626141588158	0.0824019653400059	-16.536185189193	2.01378050311536e-61	6.81342336231917e-60
gene_7065	interaction_vs_self	1180.2468074594	1.58343245532656	0.0957919683141476	16.5299083335852	2.23483249021327e-61	7.53156146308094e-60
gene_6766	interaction_vs_self	4295.51466117689	-2.42236847881509	0.146578955781996	-16.5260317614613	2.38326406587241e-61	8.00029035445797e-60
gene_5096	interaction_vs_self	2363.60647582981	2.68568678450279	0.162825771755729	16.4942364807695	4.03629535476342e-61	1.34963625924902e-59
gene_8372	interaction_vs_self	726.537211918841	1.63216407113803	0.0990685747436905	16.4750938969371	5.54024768222405e-61	1.84531206847618e-59
gene_2517	interaction_vs_self	21923.7988386736	1.58922217441322	0.0965996311834524	16.4516381164554	8.16302416349487e-61	2.70835220308202e-59
gene_1225	interaction_vs_self	1568.1394664427	-1.15978559579635	0.0706010576685495	-16.4273119142378	1.21946056271486e-60	4.03034070148233e-59
gene_826	interaction_vs_self	5025.47794956075	-2.64953493200782	0.161497914833042	-16.4060008746672	1.73247892798972e-60	5.70385370138155e-59
gene_5827	interaction_vs_self	602.481210095514	2.13759400637761	0.130469878559952	16.3838123402206	2.49596575750153e-60	8.18600263762954e-59
gene_1573	interaction_vs_self	238.156746767853	3.83384913622725	0.234303104478159	16.3627756651625	3.52679949963129e-60	1.15226731743679e-58
gene_2815	interaction_vs_self	443.272055524379	1.89673125816137	0.116239935723656	16.3173804798944	7.42542108097037e-60	2.41679104384435e-58
gene_6866	interaction_vs_self	607.96244473493	1.69018796826215	0.103608492076051	16.3132184861981	7.94916414299982e-60	2.57745625242722e-58
gene_6031	interaction_vs_self	36821.9677758384	-1.302722468035	0.0799573612972304	-16.2927146031284	1.11182654422918e-59	3.59140951645351e-58
gene_845	interaction_vs_self	4835.78261750776	-1.19890597196473	0.0737039144087808	-16.2665169357937	1.7058942620971e-59	5.46908422604913e-58
gene_6041	interaction_vs_self	1731.76269150749	-1.20690346301625	0.0742356663136571	-16.2577305889179	1.96896970138233e-59	6.28894800143014e-58
gene_2305	interaction_vs_self	1503.37597499953	-1.36378903170189	0.0842017634779405	-16.1966801569326	5.32239022991589e-59	1.69366767167584e-57
gene_6054	interaction_vs_self	2549.28408832403	1.08121470363025	0.0667992444810367	16.1860319234178	6.32800207924843e-59	2.00621102956913e-57
gene_1256	interaction_vs_self	10091.4933382052	1.23563295389311	0.0764040952158938	16.1723393281683	7.90392571995813e-59	2.49659055951445e-57
gene_5346	interaction_vs_self	1635.11443766081	-1.20064245420389	0.0742936354484315	-16.1607713360222	9.53609740613803e-59	3.00106594840226e-57
gene_608	interaction_vs_self	6216.72233719787	-1.07766764308438	0.0667106443210426	-16.1543581845521	1.05814150405181e-58	3.31783563175219e-57
gene_2016	interaction_vs_self	2305.10685951929	3.15521992397536	0.195477477541949	16.1410918723271	1.31199674350311e-58	4.09879274612649e-57
gene_525	interaction_vs_self	8034.36105475494	-1.79559747685531	0.111415646444479	-16.1162057050047	1.96297621584729e-58	6.11020960278284e-57
gene_1881	interaction_vs_self	7017.37669378216	-1.64781941828196	0.102843208943726	-16.0226371308934	8.88028087247261e-58	2.7541740676944e-56
gene_1855	interaction_vs_self	1690.73767458368	-1.28515349530697	0.0802700749704407	-16.0103686931927	1.0816695098348e-57	3.34263213147504e-56
gene_4099	interaction_vs_self	739.936206059539	-1.75010012893754	0.109502178095542	-15.9823316702482	1.69678452164482e-57	5.22463147671931e-56
gene_4555	interaction_vs_self	8694.63141393915	-2.30894130952266	0.144720032264897	-15.9545383827469	2.64925225164832e-57	8.12817178283499e-56
gene_3171	interaction_vs_self	2807.24683539097	-1.55185977283587	0.0972758011482489	-15.9531944688981	2.70689342917219e-57	8.27535991204069e-56
gene_8028	interaction_vs_self	1554.87262582413	1.74234360563788	0.109870074112595	15.8582181700572	1.23343948081842e-56	3.73082754622109e-55
gene_6964	interaction_vs_self	951.099082959875	2.00867356084947	0.126690472835844	15.8549693271108	1.29891001965493e-56	3.91502456628387e-55
gene_4310	interaction_vs_self	1480.79640472477	1.31871775667172	0.0832112344613162	15.8478331106213	1.45512408341862e-56	4.37047794879418e-55
gene_6610	interaction_vs_self	3143.83033228001	-1.13654612683749	0.0719020063583307	-15.8068763919244	2.78959145497535e-56	8.34926673237377e-55
gene_2573	interaction_vs_self	1589.08609931048	-2.56058390324293	0.16228749320086	-15.7780729293399	4.40430573348573e-56	1.31361871354139e-54
gene_6747	interaction_vs_self	4907.92253614975	1.08892324354015	0.0692472995221025	15.7251365909595	1.01731211020714e-55	3.02367766089346e-54
gene_7687	interaction_vs_self	25228.7353240332	1.23128741053446	0.0785307080336562	15.6790565291575	2.1035551723059e-55	6.2305994030929e-54
gene_5351	interaction_vs_self	6689.24783769766	-1.34287417831372	0.0858408393391334	-15.6437680322346	3.66391319973073e-55	1.08148610309293e-53
gene_6535	interaction_vs_self	1289.72400412896	1.78390099776674	0.114242585914649	15.6150264236797	5.75212851320964e-55	1.69203505405754e-53
gene_6303	interaction_vs_self	6988.41905047561	1.0081855196397	0.064567404932225	15.614465544929	5.80293354192851e-55	1.70113394242836e-53
gene_966	interaction_vs_self	12353.8914693317	2.14919573254606	0.137745201968136	15.6026903430235	6.97900297038805e-55	2.03891690875501e-53
gene_4756	interaction_vs_self	1011.61408363706	-2.20945186030005	0.141780917321908	-15.5835630212744	9.41569124834742e-55	2.73214634189335e-53
gene_93	interaction_vs_self	1865.05572702828	-1.55427541957002	0.0998263496991398	-15.5697911849362	1.167878580485e-54	3.37737859761877e-53
gene_1535	interaction_vs_self	3436.0528549087	1.01530326251863	0.0652398553517734	15.5626228329925	1.30634055223836e-54	3.7650758003907e-53
gene_2635	interaction_vs_self	235.980042164658	-2.77532158209295	0.178368571646777	-15.5594764059047	1.37216807708612e-54	3.94152977847556e-53
gene_1950	interaction_vs_self	4539.8207291825	1.32141789277235	0.0849853844388912	15.54876643198	1.62199884818153e-54	4.64358198676718e-53
gene_2674	interaction_vs_self	2975.07566345039	-1.37325230451158	0.0885835070666451	-15.5023474457658	3.34446050503555e-54	9.54286064103477e-53
gene_4140	interaction_vs_self	4681.09651750131	1.13042548785969	0.073081175607358	15.4680802335899	5.69811444580145e-54	1.62046045368972e-52
gene_1756	interaction_vs_self	9477.5718214534	-1.29808973218655	0.0839410852549447	-15.4642953238454	6.0430941839897e-54	1.71287702698516e-52
gene_7022	interaction_vs_self	3001.50692709173	1.54581009992827	0.100090228110199	15.4441660201467	8.25889573912125e-54	2.33320618900587e-52
gene_8180	interaction_vs_self	96598.2317177156	-1.70156044094855	0.110389714013331	-15.4141212898067	1.31547985006279e-53	3.7041143146505e-52
gene_1284	interaction_vs_self	220.222602477215	-5.23482317474902	0.340632097001768	-15.3679680242284	2.68457488895645e-53	7.48532933207402e-52
gene_763	interaction_vs_self	7358.75938016016	-1.08823842837678	0.0708308408201548	-15.3639066792939	2.85819662305763e-53	7.94355944590043e-52
gene_2296	interaction_vs_self	6653.82539958702	1.23480653666613	0.0806425606540288	15.3120948374107	6.34857784645157e-53	1.75302665695566e-51
gene_1968	interaction_vs_self	7168.79991103265	1.0611030907755	0.0694056617958702	15.2884226346882	9.13356313891316e-53	2.51393249096774e-51
gene_935	interaction_vs_self	5950.22741500932	1.64897965365222	0.107870340353707	15.2866825880517	9.38084465440617e-53	2.57371891800374e-51
gene_8585	interaction_vs_self	334.855153211807	-2.61543559975242	0.171126331324644	-15.2836537750036	9.82728024571182e-53	2.687588463364e-51
gene_5809	interaction_vs_self	1205.24203718541	-1.2495957602981	0.0819256004027387	-15.2528117481618	1.57693550859551e-52	4.29890699158521e-51
gene_7045	interaction_vs_self	4685.74776670605	-1.14631732792899	0.0752901097220648	-15.2253374601344	2.40116447871675e-52	6.52506918660805e-51
gene_1919	interaction_vs_self	37722.5070825853	-1.59510318784208	0.104954009233836	-15.198115817455	3.63939107475358e-52	9.85860367085146e-51
gene_6571	interaction_vs_self	952.854719962292	-1.234273836882	0.0813536960885111	-15.1716995812844	5.44484535387218e-52	1.47028000722858e-50
gene_6269	interaction_vs_self	1921.03416707394	-1.22393225960983	0.0807053627325981	-15.1654390509971	5.98970319299432e-52	1.61232262050413e-50
gene_5408	interaction_vs_self	424.162503106543	1.99207873134522	0.131509980473636	15.1477380208765	7.8419459734678e-52	2.09772054790264e-50
gene_1818	interaction_vs_self	189.330407319777	-4.62927084152191	0.305953375349516	-15.1306415110914	1.01699161254277e-51	2.71197763344739e-50
gene_5651	interaction_vs_self	1522.99870979299	-2.79345036461741	0.185054918591319	-15.0952505660579	1.74025561226693e-51	4.62626957795183e-50
gene_3423	interaction_vs_self	3116.84632463656	-1.20800352131289	0.0804020129167488	-15.0245432606731	5.07096582854085e-51	1.34388444248637e-49
gene_1826	interaction_vs_self	1559.82173923373	1.33832399294631	0.0891306255276506	15.0153102261257	5.82885269123934e-51	1.53996848879657e-49
gene_6056	interaction_vs_self	1880.70653564026	1.22941650868088	0.0819955132291342	14.9937046585135	8.07221977207513e-51	2.12609849996809e-49
gene_2972	interaction_vs_self	1845.27422181308	-2.28432711518056	0.152823672926719	-14.9474690107463	1.6178201641797e-50	4.24801859060682e-49
gene_861	interaction_vs_self	11143.8909271428	-1.50604543405858	0.100811083121788	-14.9392843268944	1.82929270687693e-50	4.78737826769773e-49
gene_8394	interaction_vs_self	2383.2061407416	1.07744972853014	0.0721228103945554	14.939097944684	1.83441597173464e-50	4.78737826769773e-49
gene_3787	interaction_vs_self	1745.90137536063	2.09916543145644	0.140749937971895	14.9141481815473	2.66658515457865e-50	6.93798447513472e-49
gene_2832	interaction_vs_self	26939.8420826258	-1.19239298517932	0.0800632744626105	-14.8931328774988	3.65245988427995e-50	9.47425957861707e-49
gene_6972	interaction_vs_self	1839.54559173792	1.20737274242779	0.0811055484700573	14.8864382918701	4.0371034539934e-50	1.04403642193908e-48
gene_8282	interaction_vs_self	1823.68765582341	1.12852156698485	0.0760009386851426	14.8487845875181	7.08413871568359e-50	1.82651287368227e-48
gene_6199	interaction_vs_self	13845.8982284444	-1.82409772870348	0.123127435533786	-14.8147138839982	1.17689317202902e-49	3.02528695272325e-48
gene_2412	interaction_vs_self	1160.50817650022	-1.2549384665986	0.0848594388370035	-14.7884370177024	1.73946310880737e-49	4.45802521299135e-48
gene_3793	interaction_vs_self	777.458058909788	-1.45145837956418	0.0982062667351295	-14.7796920483587	1.98069722979776e-49	5.06112486181159e-48
gene_4808	interaction_vs_self	647.903164061355	1.51261417049472	0.102437954405635	14.766149707608	2.42157300984644e-49	6.16924552508498e-48
gene_3464	interaction_vs_self	6063.840090586	-1.6220453973159	0.110318701801355	-14.7032676312366	6.14227745305894e-49	1.56017492576215e-47
gene_3838	interaction_vs_self	9104.08719523637	1.29190755202646	0.0879421075497499	14.6904320128513	7.42389760301216e-49	1.88013501425397e-47
gene_4215	interaction_vs_self	1486.96312265236	1.68824884828399	0.115033985387393	14.6760876153128	9.17327881628985e-49	2.31632055066198e-47
gene_7102	interaction_vs_self	2352.74602560655	-2.08004519180356	0.141869025534996	-14.6617289007209	1.1334956071673e-48	2.84537313705341e-47
gene_649	interaction_vs_self	45894.6759012884	-2.23100621041539	0.152296890171852	-14.6490595303549	1.36593277803949e-48	3.41882590059007e-47
gene_6094	interaction_vs_self	465.545390044583	1.62407199184345	0.110882761879041	14.646749091758	1.41317214702807e-48	3.52675031444905e-47
gene_3223	interaction_vs_self	16310.8256317381	-1.22669166917462	0.0839095654823528	-14.6192113154561	2.11840062204697e-48	5.27136898974479e-47
gene_5185	interaction_vs_self	841.07810922454	-1.93042022747694	0.132253290509718	-14.5963871298543	2.96127717846062e-48	7.34740076742694e-47
gene_8133	interaction_vs_self	852.493452787055	1.48119643239655	0.101938449097624	14.530301819464	7.78765486196699e-48	1.92665680978143e-46
gene_5343	interaction_vs_self	607.081646315611	-2.57239864527509	0.177520442236319	-14.4907178737796	1.3868577058509e-47	3.42118212163795e-46
gene_7147	interaction_vs_self	5095.16878387325	-1.8440062021164	0.127474369268563	-14.4657017147615	1.99559347415804e-47	4.90870118930829e-46
gene_6429	interaction_vs_self	836.43220379418	-2.54027728733324	0.175963342585588	-14.4364005025515	3.05379002821229e-47	7.49009817807943e-46
gene_5434	interaction_vs_self	4525.36021009048	1.41092653470994	0.0978307069422688	14.4221234703184	3.75606045099929e-47	9.18625070301541e-46
gene_2651	interaction_vs_self	15418.0759123886	1.02024785973118	0.0708413140453772	14.4018765529626	5.03574198829373e-47	1.22460089260779e-45
gene_5677	interaction_vs_self	1108.06791451302	-1.78875708211157	0.124225981338243	-14.3992187692293	5.23317017009881e-47	1.26900670413728e-45
gene_3485	interaction_vs_self	388.924259236762	-2.49462242600337	0.173344453065935	-14.3911292336219	5.88274907513811e-47	1.42249525658707e-45
gene_3407	interaction_vs_self	779.207288993292	1.350162196361	0.0939529950284806	14.3706136877458	7.91269730147481e-47	1.90796306762322e-45
gene_2925	interaction_vs_self	3975.9462018719	-2.8287561713508	0.197495681073684	-14.3231292753962	1.56896274412871e-46	3.76949671001667e-45
gene_1295	interaction_vs_self	1374.04400909558	1.40141651385953	0.0978438461641384	14.3229908553327	1.57209150172424e-46	3.76949671001667e-45
gene_8212	interaction_vs_self	409.290656908949	2.13370791509232	0.148974521737217	14.3226364495808	1.58013059018869e-46	3.77818934413832e-45
gene_4697	interaction_vs_self	556.247132307133	-2.52881844607047	0.176834151930795	-14.3005093668792	2.17213859355031e-46	5.1792496826715e-45
gene_7635	interaction_vs_self	1188.27739877259	-1.29343555395727	0.0905930693144194	-14.2774228066848	3.02586053149836e-46	7.19482393045166e-45
gene_5750	interaction_vs_self	7684.23841589279	-1.28519061339083	0.0901416699890982	-14.2574528910576	4.0289319389826e-46	9.55336770019143e-45
gene_4954	interaction_vs_self	1307.10931217054	-1.98773259800438	0.139555044019635	-14.2433590413594	4.9299256072993e-46	1.16575036459895e-44
gene_3215	interaction_vs_self	1112.6715068825	1.22672949623339	0.0861960121076043	14.2318590644539	5.81160053482099e-46	1.3704490517374e-44
gene_902	interaction_vs_self	905.176372500863	-1.93823248273399	0.136524285996377	-14.1969794501282	9.56470331753138e-46	2.24311946296078e-44
gene_1420	interaction_vs_self	1135.96467400682	-1.21420077518741	0.0856507687453551	-14.1761807041954	1.28660817366944e-45	3.00911638431977e-44
gene_8457	interaction_vs_self	2404.23975361906	1.19968149888691	0.0846651624614842	14.1697182643767	1.41065312327166e-45	3.29024270714043e-44
gene_6407	interaction_vs_self	977.820630442417	1.40644222445066	0.0993426732456889	14.1574831691143	1.67900481320248e-45	3.89492715474613e-44
gene_5303	interaction_vs_self	1293.22785135782	-1.6965924674433	0.120310946500176	-14.1017298657925	3.70573182817357e-45	8.57326066193668e-44
gene_4442	interaction_vs_self	860.438747958414	1.68082504789795	0.11968530026481	14.0437049844805	8.41933729717379e-45	1.94257485886274e-43
gene_8601	interaction_vs_self	278.35655855202	-2.46756674109093	0.175900284331434	-14.0282134873728	1.04757379452622e-44	2.41054615084528e-43
gene_6465	interaction_vs_self	62333.1770139278	1.93914810602162	0.138519550173792	13.9990932946916	1.57872009167598e-44	3.62301447312235e-43
gene_2547	interaction_vs_self	268.514053955403	-2.25655049296129	0.161858286457098	-13.94151972293	3.54314535205331e-44	8.10944497689206e-43
gene_6445	interaction_vs_self	1828.00555822065	-1.82419516330705	0.131148881494332	-13.9093459473072	5.55854174841709e-44	1.26882979643868e-42
gene_7189	interaction_vs_self	1829.96866795005	-2.15982821247428	0.156182331831823	-13.8288895238161	1.7063432730736e-43	3.87434971286737e-42
gene_7360	interaction_vs_self	25001.3441492039	-1.50396063501453	0.108799406267251	-13.8232430360902	1.8456390512507e-43	4.17954240177407e-42
gene_2568	interaction_vs_self	1780.32671895129	1.0563091855251	0.0764226209594614	13.8219439776271	1.87925414300242e-43	4.24443679791575e-42
gene_33	interaction_vs_self	1647.41556014433	-1.69064100751479	0.12255538185484	-13.7949144454321	2.73477126710344e-43	6.14426300430589e-42
gene_1697	interaction_vs_self	344.290934126861	-1.81757673352073	0.131954030643953	-13.7743176517664	3.63804173444476e-43	8.15226105938406e-42
gene_4368	interaction_vs_self	40089.1173386546	1.23127225570025	0.0895017173031575	13.7569679420756	4.62521500244652e-43	1.02835949145305e-41
gene_1669	interaction_vs_self	1402.8155492857	1.0767776620647	0.0783193853152269	13.7485458769982	5.19634529633075e-43	1.15235014861635e-41
gene_3846	interaction_vs_self	1185.41431186094	1.55528430783283	0.113164391914356	13.7435838387209	5.56513535062612e-43	1.2309446667018e-41
gene_705	interaction_vs_self	2364.12744061774	-1.90289112430481	0.138463766213103	-13.7428814508494	5.61940039337856e-43	1.23974400431238e-41
gene_4149	interaction_vs_self	8744.74011960034	1.53904768986747	0.111997327910514	13.7418250826232	5.70200591700432e-43	1.25473446399889e-41
gene_7449	interaction_vs_self	5936.90701764868	-1.37742219710908	0.100321161690541	-13.7301260661035	6.70168067392428e-43	1.47093298894338e-41
gene_6581	interaction_vs_self	808.430834896522	1.2978782137457	0.0946699955214024	13.7094990508612	8.90706699710161e-43	1.94998704591278e-41
gene_6171	interaction_vs_self	1473.62354158051	-1.46593052598362	0.106939703104353	-13.7080100601471	9.09172540974972e-43	1.9853359568229e-41
gene_928	interaction_vs_self	875.034415699132	-1.31407575303438	0.0961054451106125	-13.6732705573752	1.46652657762225e-42	3.19426654057163e-41
gene_7319	interaction_vs_self	1229.94851847133	-1.12141840751085	0.082200479695248	-13.64248008854	2.23817316424802e-42	4.85031956606661e-41
gene_2263	interaction_vs_self	58568.3684046818	1.36057939725248	0.099874674934294	13.6228668393422	2.92842464977093e-42	6.33013005101998e-41
gene_5656	interaction_vs_self	16738.0260201908	-1.50533551358361	0.110584708618872	-13.6125105576008	3.37449522423496e-42	7.27598970263255e-41
gene_4160	interaction_vs_self	7030.37603154906	-1.02942187185916	0.0757204874748036	-13.5950243611638	4.2861794430831e-42	9.19541253954671e-41
gene_5433	interaction_vs_self	265.613500117144	1.98695986850876	0.14623992853506	13.5869860469222	4.78377383735654e-42	1.0237276011943e-40
gene_1471	interaction_vs_self	857.676978855392	-1.70933869734328	0.126113319156408	-13.5539902428809	7.50376302394182e-42	1.59781620609308e-40
gene_2799	interaction_vs_self	2475.18180328422	1.22391129360269	0.0903814118595267	13.5416261864212	8.88010549569593e-42	1.88619610528926e-40
gene_4703	interaction_vs_self	245.50227832816	2.40750691701758	0.178025972079446	13.523346559474	1.13875274210156e-41	2.41280283970034e-40
gene_6121	interaction_vs_self	289.263902462869	-4.63224806792978	0.343424089326574	-13.488419164227	1.82981957253402e-41	3.86747050392376e-40
gene_4044	interaction_vs_self	45498.0397766748	-1.21874497658878	0.0904332574855405	-13.4767342289273	2.14388111210841e-41	4.49794664697255e-40
gene_8445	interaction_vs_self	5840.33180001053	1.60078110923919	0.119096196703491	13.4410766552402	3.47345784549631e-41	7.25190223352401e-40
gene_4313	interaction_vs_self	763.917157216578	1.57704661668177	0.117645698149958	13.4050512809365	5.64842274055133e-41	1.17355579269707e-39
gene_4479	interaction_vs_self	4568.56731218604	1.12871850219873	0.0845410762675428	13.3511252994549	1.16672990326637e-40	2.41236907535269e-39
gene_1877	interaction_vs_self	69389.1636233211	-2.03014524931817	0.152303076473011	-13.3296404533096	1.55645975793634e-40	3.21043265733376e-39
gene_4397	interaction_vs_self	1165.58067326067	1.76047439936436	0.132160681184241	13.3207122087253	1.75425975359162e-40	3.60972680065968e-39
gene_7321	interaction_vs_self	296.103208591643	1.77992544530007	0.134082332188919	13.2748693749762	3.23835297940603e-40	6.6475543174378e-39
gene_5168	interaction_vs_self	122.155487478564	-3.28792437833691	0.248011768679412	-13.2571304815256	4.10297125784581e-40	8.40225692994262e-39
gene_1864	interaction_vs_self	238.932105171567	-2.11611111319222	0.159757126854045	-13.2458010159729	4.77163455949398e-40	9.74825580650798e-39
gene_4765	interaction_vs_self	1235.99835422434	-1.24825991621669	0.094571607492171	-13.1990980096222	8.87918586867316e-40	1.80966264371053e-38
gene_3646	interaction_vs_self	954.426227379847	-2.1432716477469	0.16251801569722	-13.1879018984574	1.0301246322956e-39	2.09450519060578e-38
gene_1201	interaction_vs_self	733.520636868701	-1.28538320783241	0.0976308472353643	-13.165748779519	1.38161066091675e-39	2.78928944751118e-38
gene_7423	interaction_vs_self	2924.55140258213	1.47811811785839	0.11246334056955	13.143110549382	1.86403704462636e-39	3.75438990635332e-38
gene_2448	interaction_vs_self	669.301961341156	-3.21104330940112	0.24447603499339	-13.1343888552836	2.09173336422941e-39	4.20310741732482e-38
gene_3136	interaction_vs_self	972.034029038747	1.21766921881872	0.0928033580439629	13.1209607549103	2.49748484291208e-39	5.00666750710243e-38
gene_1963	interaction_vs_self	5437.90853569956	1.02177204096398	0.0779293443948816	13.1115185030492	2.82877216937035e-39	5.65754433874071e-38
gene_1427	interaction_vs_self	2079.07738234407	-1.23873917751124	0.0945529648055917	-13.1010083084987	3.24912256088567e-39	6.48309769724506e-38
gene_7270	interaction_vs_self	1595.35801646001	-1.25851684632039	0.0960659514664329	-13.100550477139	3.26878212693575e-39	6.50715697827209e-38
gene_179	interaction_vs_self	2326.44786922165	-1.27349562161451	0.0972598356985658	-13.093746380175	3.57528669424088e-39	7.10080141594012e-38
gene_6386	interaction_vs_self	190.562901451336	2.45715870728251	0.188011028606383	13.0692264464272	4.93649544116055e-39	9.75898405919961e-38
gene_7979	interaction_vs_self	17025.6511081037	-2.30118564692104	0.176619782976701	-13.0290367711787	8.36570605077178e-39	1.64621709872658e-37
gene_5954	interaction_vs_self	6856.29235909711	1.52503605128814	0.117283512916965	13.0029874903887	1.17655628223799e-38	2.30993618714615e-37
gene_7091	interaction_vs_self	840.581276555409	1.10069198579284	0.0846689592248857	12.9999470392607	1.2242804193007e-38	2.39813281217712e-37
gene_5082	interaction_vs_self	1593.86991189273	-1.0412442939754	0.0802570520859408	-12.973866681029	1.72123405845147e-38	3.3562103736548e-37
gene_7379	interaction_vs_self	5287.27763492343	-1.16888394548919	0.0900975644785641	-12.9735354363246	1.72869055354852e-38	3.36308889508531e-37
gene_5837	interaction_vs_self	185.111339657423	-2.8828802926189	0.22252953651895	-12.9550455985128	2.20005326406547e-38	4.26178356843685e-37
gene_7161	interaction_vs_self	374.276878454393	1.68476226193552	0.130046992189965	12.9550267450594	2.2005938519265e-38	4.26178356843685e-37
gene_4706	interaction_vs_self	11322.7549545236	-1.6506544865709	0.127421608929189	-12.9542744000996	2.22227406597485e-38	4.29405553154509e-37
gene_7220	interaction_vs_self	7862.20746674751	1.47206479021155	0.113669386302414	12.9504067726306	2.33712373497554e-38	4.50580611968258e-37
gene_1073	interaction_vs_self	1411.11514497562	-1.1106421367735	0.0858659004351778	-12.9346123565308	2.87067323757928e-38	5.52201413790531e-37
gene_4754	interaction_vs_self	777.358381037307	-1.93374843610642	0.149582542725342	-12.9276344744126	3.14342127417385e-38	6.03311347688972e-37
gene_4450	interaction_vs_self	11023.6081186886	-1.17006970991631	0.0906651829130818	-12.9053918199009	4.19675373460106e-38	8.03673645820695e-37
gene_150	interaction_vs_self	3886.25146828636	-1.48416178144725	0.115019982608589	-12.9035124835467	4.3003957273911e-38	8.21682755055086e-37
gene_2232	interaction_vs_self	6812.3818732166	1.29726716489347	0.100617958963342	12.8929982108472	4.92896227837055e-38	9.39686349729441e-37
gene_2269	interaction_vs_self	7054.45004611208	1.26510762895026	0.0988494151973855	12.7983319519297	1.67510734505383e-37	3.16532425467126e-36
gene_7259	interaction_vs_self	831.667263415376	1.40767138533392	0.110026715028298	12.7939054162608	1.77333428580554e-37	3.3435553935012e-36
gene_4724	interaction_vs_self	454.526733539346	-2.45377603596164	0.191815095687338	-12.7924031587239	1.80795468475426e-37	3.40133892340581e-36
gene_3734	interaction_vs_self	1378.94514306718	-1.33843053196566	0.10473230806646	-12.7795382024459	2.1333241142624e-37	3.98717345373059e-36
gene_4759	interaction_vs_self	1091.90742011574	-2.07474738056745	0.162684889298802	-12.7531658871942	2.99337287513599e-37	5.57027648068785e-36
gene_3753	interaction_vs_self	654.898253856463	1.4787873784132	0.116201191255612	12.7260948225587	4.23496767914333e-37	7.86362762114249e-36
gene_751	interaction_vs_self	2440.56040905251	-1.08802331363845	0.0855146605014502	-12.7232372467877	4.39276676632162e-37	8.13897911682102e-36
gene_5171	interaction_vs_self	2450.36253208889	-1.48470524068211	0.116715979659992	-12.7206681125175	4.53961950612414e-37	8.3929034497673e-36
gene_6381	interaction_vs_self	420.154658577109	-1.51752263925036	0.119363779291974	-12.7134265373617	4.98033549816787e-37	9.18786031558555e-36
gene_3822	interaction_vs_self	809.513003258291	-1.16745920330516	0.0920509203915545	-12.6827542662167	7.3695965385701e-37	1.35663970688516e-35
gene_512	interaction_vs_self	708.174162229568	1.11431283331205	0.0878719371202869	12.6811001308265	7.52679593258061e-37	1.38260457474013e-35
gene_2745	interaction_vs_self	153.026631250275	2.7771152996121	0.219000314351732	12.680873576975	7.54858418681737e-37	1.38363770105261e-35
gene_6533	interaction_vs_self	644.554864962286	1.45882987900986	0.11536919477388	12.6448822137411	1.19403347081391e-36	2.17930202775417e-35
gene_6960	interaction_vs_self	642.770740699188	1.45303155773738	0.11497125064837	12.6382165066757	1.29968612898448e-36	2.36708792853344e-35
gene_1872	interaction_vs_self	122745.053786939	-2.13567515582879	0.169165034822325	-12.6248025076334	1.5412763741577e-36	2.80113073519956e-35
gene_7026	interaction_vs_self	2136.4698525129	-1.44495800234198	0.114485047433448	-12.6213687702925	1.60998354210091e-36	2.91980066109826e-35
gene_5385	interaction_vs_self	762.657145650802	-2.04654267710501	0.162220020424862	-12.6158452683276	1.72694724426248e-36	3.12529987545175e-35
gene_6240	interaction_vs_self	3322.03114516275	-1.88275304523675	0.149277573265784	-12.6124306823007	1.80343775127268e-36	3.25684117107472e-35
gene_6819	interaction_vs_self	35413.1993722676	1.56304355351713	0.124029012894067	12.6022413389045	2.05228442197445e-36	3.69843255833712e-35
gene_3831	interaction_vs_self	5533.22985392928	1.11353062600969	0.0883772699415882	12.5997400320882	2.11841579879882e-36	3.80958807515081e-35
gene_5515	interaction_vs_self	337.706878930081	-1.8381916618662	0.14593927801987	-12.5955924053285	2.23277269845214e-36	3.99843813781387e-35
gene_7708	interaction_vs_self	129.9096172484	-3.19829082675735	0.254671894195235	-12.5584758257835	3.57146408031294e-36	6.36911094322474e-35
gene_8208	interaction_vs_self	647.08047702444	-1.58559411156262	0.126319693045226	-12.5522321447926	3.86460090317332e-36	6.8775433952523e-35
gene_7395	interaction_vs_self	2002.77247341228	-1.41274982511508	0.112611178997064	-12.5453781560347	4.21397864224176e-36	7.48374630240446e-35
gene_1198	interaction_vs_self	598.272991566334	1.3444665633507	0.107228729329933	12.5383054686203	4.60742323150437e-36	8.16553682436386e-35
gene_6501	interaction_vs_self	5932.51881073091	1.3779274418311	0.110223176649501	12.5012495893924	7.34869897670463e-36	1.29700748949673e-34
gene_4755	interaction_vs_self	148.495181830664	-3.64888334380872	0.292042939007942	-12.4943385250259	8.01602341490942e-36	1.41187572904577e-34
gene_4915	interaction_vs_self	1480.25368035494	-1.68453135171109	0.134917691374454	-12.4856224157869	8.94411411178116e-36	1.57210712108515e-34
gene_3945	interaction_vs_self	1788.75812800916	-1.70057402395675	0.136382108603739	-12.4691870610228	1.09941911438008e-35	1.92848926620769e-34
gene_5066	interaction_vs_self	497.094405599061	-1.44713019588762	0.116105831520052	-12.4638889962877	1.17497887634753e-35	2.05681373855518e-34
gene_1443	interaction_vs_self	931.709180003198	-1.0600243618777	0.0850770791140741	-12.4595763384917	1.24027745741728e-35	2.16668878275345e-34
gene_2132	interaction_vs_self	1138.35107835121	-1.59684337026242	0.128312729110614	-12.4449334164332	1.49008584628456e-35	2.59778713731076e-34
gene_2533	interaction_vs_self	3235.81259000201	1.12126909735393	0.0903037347587987	12.416641463931	2.12287731543705e-35	3.69346134555714e-34
gene_1995	interaction_vs_self	1689.26842580635	-1.13780305919583	0.0916585430177245	-12.4134971136931	2.20793966653742e-35	3.83366400518464e-34
gene_3357	interaction_vs_self	14841.5500179015	-1.01352589166648	0.0819761408886537	-12.3636692417996	4.10960879688355e-35	7.07811897410929e-34
gene_6812	interaction_vs_self	1506.66375817177	-1.17183808234756	0.0950103622830073	-12.3337923800039	5.957541251229e-35	1.02197501223488e-33
gene_2040	interaction_vs_self	700.874058698948	-1.35484418740235	0.109890187125208	-12.3290734400029	6.31688967383846e-35	1.08145151216114e-33
gene_2384	interaction_vs_self	211.159999709766	2.10631076618898	0.170938550613375	12.3220347816859	6.8932735693319e-35	1.17777288929104e-33
gene_5783	interaction_vs_self	1464.67426756324	1.02274025540682	0.0830453903068902	12.3154367945931	7.48090459338808e-35	1.27309231251296e-33
gene_6514	interaction_vs_self	777.702529567106	-1.31364904376702	0.106706433959417	-12.31087006681	7.91651182783077e-35	1.34455042155221e-33
gene_4221	interaction_vs_self	4068.81709782144	1.64838063932152	0.133961492560996	12.3048840962336	8.52587286622281e-35	1.44517765811618e-33
gene_544	interaction_vs_self	6050.64618467338	-1.06743804219776	0.0868919324207696	-12.2846622518274	1.09501381634341e-34	1.85243444029637e-33
gene_2518	interaction_vs_self	4173.19003746212	-1.3746757649443	0.111918961663371	-12.2827780432689	1.12082328740553e-34	1.89235647735529e-33
gene_1905	interaction_vs_self	1818.09544801364	-1.21546330955742	0.0991230640550194	-12.2621644230323	1.44585612522794e-34	2.43153800234797e-33
gene_6477	interaction_vs_self	1201.99558407779	1.18956818289844	0.0975132144890517	12.1990459357895	3.14487086267757e-34	5.25783097353906e-33
gene_2995	interaction_vs_self	3664.61142691388	-1.06192669760019	0.0870845470993952	-12.1942035983508	3.33750945545429e-34	5.56902162547538e-33
gene_4913	interaction_vs_self	6577.71996839485	-1.47775182473207	0.121201766839613	-12.1924940804501	3.40828073295305e-34	5.67604729067667e-33
gene_4920	interaction_vs_self	14739.2020113634	1.29884889591221	0.106656982118402	12.1778140550642	4.08072794813585e-34	6.78272451185298e-33
gene_4807	interaction_vs_self	263.314219037031	-1.91434179023985	0.157390031841207	-12.1630434141551	4.8902245055757e-34	8.08114319840309e-33
gene_5037	interaction_vs_self	594.813071973089	-1.38470284263353	0.113962706483875	-12.1504910277772	5.70220916846217e-34	9.40479970752143e-33
gene_4791	interaction_vs_self	900.57444868124	1.33626675597432	0.110176787152446	12.1283873900352	7.47060763961455e-34	1.22741653349521e-32
gene_5946	interaction_vs_self	7872.10627219754	1.00842516309107	0.0831878578125655	12.1222638688834	8.05042109165398e-34	1.31762150180799e-32
gene_2806	interaction_vs_self	3889.91744794662	-1.37646616797475	0.113606721374341	-12.1160627762438	8.68312415072609e-34	1.41846455592014e-32
gene_1416	interaction_vs_self	1306.08937539237	-1.4088501080577	0.116393410135072	-12.1042085322766	1.00332426579181e-33	1.63589632670055e-32
gene_1386	interaction_vs_self	2589.44008976919	-1.6284853468416	0.134614709651182	-12.0973803758993	1.09035320651496e-33	1.7710480925556e-32
gene_5766	interaction_vs_self	149.128934814904	-2.93814124286648	0.242949814155003	-12.0936138728303	1.14152683155141e-33	1.85065713600002e-32
gene_1251	interaction_vs_self	847.707262149128	1.06565662685053	0.0882002583583894	12.0822392891456	1.31100019282041e-33	2.12139161635968e-32
gene_5616	interaction_vs_self	431.712636303521	-1.5358779659593	0.12715849256973	-12.0784537070308	1.37277015329768e-33	2.217153304194e-32
gene_49	interaction_vs_self	2395.52654156394	1.21657849472091	0.10074609167893	12.0756892346559	1.41969676743244e-33	2.28862605070089e-32
gene_3635	interaction_vs_self	244.653818833679	2.33378169884024	0.193328514041419	12.0715855620773	1.4923095232966e-33	2.4011596841013e-32
gene_6350	interaction_vs_self	1578.4463722668	1.11232951640162	0.0923139779038449	12.0494159352578	1.95329070308057e-33	3.13699219856842e-32
gene_4164	interaction_vs_self	1356.34815461356	1.03758494424566	0.0861482492932543	12.0441791070374	2.08138057677637e-33	3.33020892284219e-32
gene_3959	interaction_vs_self	952.519579212434	1.57530145965234	0.131097517126058	12.0162570137586	2.9189683854549e-33	4.66163607826379e-32
gene_617	interaction_vs_self	465.058283171301	-1.47785386290452	0.123331931035048	-11.9827351319468	4.37642437650054e-33	6.97619975099528e-32
gene_8612	interaction_vs_self	468.58212494655	1.48951411818852	0.124675912998537	11.9470881132108	6.72400881749477e-33	1.06587991625473e-31
gene_2275	interaction_vs_self	1834.28939213944	1.13509767509242	0.0950188029730455	11.9460321491781	6.80996416455624e-33	1.0775100415638e-31
gene_2818	interaction_vs_self	2345.99719602003	-2.1083624888039	0.176710966491285	-11.9311355184506	8.14547354964884e-33	1.28644379308107e-31
gene_6748	interaction_vs_self	706.563159289324	1.68883517116667	0.141593761581042	11.9273275341304	8.52670996184102e-33	1.34417379877273e-31
gene_7745	interaction_vs_self	3556.84124408558	1.02731399856759	0.0861531047384343	11.9242829574927	8.84422263599485e-33	1.39166444419331e-31
gene_7146	interaction_vs_self	3112.95472923925	-1.06102512102759	0.0891129215033923	-11.9065238029167	1.09445549916093e-32	1.71584964703618e-31
gene_3729	interaction_vs_self	625.096550687805	1.91647384908606	0.161277245698883	11.8831013065802	1.44890111659191e-32	2.26324699963992e-31
gene_1027	interaction_vs_self	481.700039158648	1.46019862313123	0.122930420616202	11.8782528833125	1.53543000493551e-32	2.39404022627467e-31
gene_4610	interaction_vs_self	567.50907892034	1.19286230278096	0.100442983783318	11.8760142107515	1.57709633241069e-32	2.45453538280645e-31
gene_5189	interaction_vs_self	455.421864132064	-1.64203060137743	0.138288545398804	-11.8739451387101	1.61660364084695e-32	2.51145683587113e-31
gene_236	interaction_vs_self	362.258637807043	1.57452441674288	0.13260975944418	11.8733675661757	1.62780633991224e-32	2.52427939667551e-31
gene_1599	interaction_vs_self	863.236995577565	1.30130139584377	0.109695541478618	11.8628467329042	1.84590560188131e-32	2.85731500038047e-31
gene_6799	interaction_vs_self	2855.27297652028	-1.09416717655374	0.092360013337452	-11.8467628686456	2.23664987015516e-32	3.44967979973481e-31
gene_2880	interaction_vs_self	2229.95348128566	1.79057232000068	0.151258844394362	11.8378024582305	2.48889064253813e-32	3.83181724822417e-31
gene_2690	interaction_vs_self	240.748918396957	-2.25883012484533	0.191020240214329	-11.8250826316147	2.89617595880193e-32	4.44287924862804e-31
gene_4629	interaction_vs_self	664.843228120354	1.56742962001074	0.132582329571456	11.8223116540275	2.99332721865796e-32	4.58369964073562e-31
gene_3703	interaction_vs_self	5926.21354142964	-1.30223808243324	0.110359328755752	-11.799981905611	3.9039539468232e-32	5.96747246157261e-31
gene_3776	interaction_vs_self	2612.47695301737	-2.18637881528102	0.185664978679156	-11.7759355094062	5.19376752202236e-32	7.91079181290238e-31
gene_288	interaction_vs_self	186.620700736924	2.58151846873283	0.219897177201716	11.7396616981798	7.98050353623443e-32	1.21122535940012e-30
gene_5712	interaction_vs_self	292.141091307006	-3.23230217093934	0.275396101836302	-11.7369205641867	8.24335965571835e-32	1.24890546288405e-30
gene_3435	interaction_vs_self	121.043572722831	-2.7774180672883	0.23681118947537	-11.7284072321134	9.11578458486689e-32	1.37621015954957e-30
gene_1177	interaction_vs_self	5536.81641188346	1.19582399086066	0.102293405152024	11.6901376885781	1.4315434372784e-31	2.14982663563213e-30
gene_6014	interaction_vs_self	7552.35816399164	-1.27931665582127	0.109717935187934	-11.6600504159138	2.03921612261882e-31	3.04636823902567e-30
gene_983	interaction_vs_self	73562.5053166452	1.09236583002885	0.0938558019799053	11.6387672044263	2.61771894410315e-31	3.89698681069964e-30
gene_3977	interaction_vs_self	870.401129663478	1.38820577541004	0.119385201420666	11.627955214638	2.97129900060786e-31	4.41568045923667e-30
gene_1417	interaction_vs_self	50193.3832035598	-1.97043615865224	0.16976995501998	-11.6065069253293	3.81900078694381e-31	5.66562335116794e-30
gene_417	interaction_vs_self	3898.59435622067	1.01624892051675	0.0875932960927343	11.6019029520347	4.03015698467942e-31	5.96853698769133e-30
gene_3102	interaction_vs_self	497.565978812558	-1.37216745742732	0.118533629856496	-11.5761869360497	5.44129188537856e-31	8.01677427518769e-30
gene_6973	interaction_vs_self	119.35300619768	5.68133478142299	0.491692923645376	11.5546401182713	6.99398532070322e-31	1.02866863136116e-29
gene_1440	interaction_vs_self	4847.26808376752	1.26561349955278	0.109635464612934	11.5438330472808	7.93105579807051e-31	1.16449121151773e-29
gene_518	interaction_vs_self	631.254998612413	-1.64866398810778	0.143001783014299	-11.5289750474155	9.42591974675814e-31	1.37924569285897e-29
gene_699	interaction_vs_self	2210.97341072571	1.01915876120402	0.0884887619704114	11.5173807216876	1.07839439056312e-30	1.57526552614682e-29
gene_6491	interaction_vs_self	4244.09762546354	1.2336222923404	0.107220511722303	11.5054691730574	1.23814198609848e-30	1.80553584344173e-29
gene_1829	interaction_vs_self	567.399482044656	1.19980261193336	0.104377383055766	11.4948523981708	1.40020156350953e-30	2.03147887858332e-29
gene_6988	interaction_vs_self	295.917298060989	-1.5752499354767	0.137055487670209	-11.4935196120506	1.42197926893989e-30	2.05610515914281e-29
gene_7891	interaction_vs_self	1093.63503789311	1.01539894884976	0.0883964698462997	11.4868721637334	1.53572152358707e-30	2.21682567317121e-29
gene_8220	interaction_vs_self	1864.61450864908	-1.20787257248433	0.105168584267907	-11.4851082278278	1.56739059833441e-30	2.25873123261659e-29
gene_3883	interaction_vs_self	236.138462930777	1.80085089943023	0.156808747366634	11.48437781484	1.58069317892476e-30	2.27407287589848e-29
gene_8606	interaction_vs_self	1959.44811987532	1.67598056999629	0.146056649664431	11.4748665935232	1.76449601867984e-30	2.53424260400997e-29
gene_5283	interaction_vs_self	4413.61212880733	-1.65392371896991	0.144587868589428	-11.4388830481096	2.67304624727569e-30	3.82630031382607e-29
gene_8193	interaction_vs_self	8778.06087494303	-1.18383850310113	0.103516051034279	-11.4362796037216	2.75445641198294e-30	3.93625156704072e-29
gene_7824	interaction_vs_self	1611.20578382321	-1.07138062123752	0.0937536114695082	-11.4276197411975	3.04337034570764e-30	4.33465060886146e-29
gene_2951	interaction_vs_self	1805.92018852643	-1.06976271195275	0.0936559836113096	-11.4222569739107	3.23716294999353e-30	4.58776735959347e-29
gene_6192	interaction_vs_self	838.129507340789	-1.21712625912423	0.106703720973525	-11.4065962088259	3.87601547491409e-30	5.48408139921729e-29
gene_4924	interaction_vs_self	12929.0512366123	1.78640474567188	0.1568668183868	11.3880345381073	4.79687824702169e-30	6.77578841493493e-29
gene_4069	interaction_vs_self	196.793354204685	-2.13459035371561	0.187693260462317	-11.3727597275352	5.7151525288228e-30	8.05958906865291e-29
gene_7584	interaction_vs_self	232.697699954311	1.61861534626942	0.142370677445512	11.3690218752306	5.96522943912772e-30	8.3984151314035e-29
gene_2396	interaction_vs_self	1131.76672442763	-1.07932803875363	0.0953154799221837	-11.3237434216856	1.00104047914537e-29	1.40704540254259e-28
gene_5281	interaction_vs_self	901.154359690675	-1.13544415956021	0.10028402795096	-11.3222831467784	1.01785928135913e-29	1.42834023744822e-28
gene_7574	interaction_vs_self	26008.2718920087	1.31439700801537	0.116393296107679	11.2927209037827	1.42554160081855e-29	1.99389478807301e-28
gene_6133	interaction_vs_self	406.768737998993	1.32646715818613	0.117613382155867	11.2781992480093	1.68152762499357e-29	2.34427955536563e-28
gene_6225	interaction_vs_self	3633.99852623561	-1.04957356055398	0.0933913208250485	-11.2384486190121	2.63980561714747e-29	3.66235592913814e-28
gene_4502	interaction_vs_self	5745.67120592443	1.65497484800241	0.147289459445205	11.2362069508313	2.70767975076409e-29	3.74482194724454e-28
gene_1874	interaction_vs_self	22684.3425707667	-1.5903033441299	0.141533954647811	-11.2361966291917	2.70799624456118e-29	3.74482194724454e-28
gene_4574	interaction_vs_self	2046.36178522541	-1.29654198588395	0.115411434298006	-11.2340860658237	2.77348994414965e-29	3.82920547127758e-28
gene_63	interaction_vs_self	102.457976146002	2.65713827426486	0.236544555349867	11.2331407093043	2.80333302399664e-29	3.86417563372162e-28
gene_7995	interaction_vs_self	549.35574793598	1.18821378786168	0.105806634416906	11.2300499341072	2.90314431912139e-29	3.9953240147394e-28
gene_648	interaction_vs_self	134.216300760858	-2.47623462741912	0.220627254840286	-11.2236116485775	3.12252089411903e-29	4.29033368437542e-28
gene_6717	interaction_vs_self	69480.1194759729	-1.46701466161538	0.130780417967679	-11.2173877741998	3.35020601902359e-29	4.58844216365471e-28
gene_5593	interaction_vs_self	386.705203845723	1.48623166414418	0.132826776358357	11.1892474160062	4.60324037305306e-29	6.28448765443926e-28
gene_965	interaction_vs_self	4165.59058761649	1.71377602576188	0.15326498889904	11.1817841639671	5.00730461694173e-29	6.8252432358314e-28
gene_1248	interaction_vs_self	371.499808204124	-1.6153468515421	0.144555829516789	-11.1745535060175	5.43228675158469e-29	7.39274635827741e-28
gene_3419	interaction_vs_self	78.4873982011206	3.56196062315688	0.31940584383059	11.1518329797564	7.01462801005615e-29	9.51588205484638e-28
gene_5938	interaction_vs_self	1928.82625733023	1.17230373066027	0.105130958288028	11.1508898021123	7.08938553299179e-29	9.60207913962179e-28
gene_2253	interaction_vs_self	1139.87845838723	-1.35415319300869	0.121479744854085	-11.1471521004199	7.39349415061252e-29	9.99815322736859e-28
gene_4422	interaction_vs_self	90.6435440931073	5.37760284738474	0.483598490549143	11.1199744260539	1.00300739565528e-28	1.35208556012743e-27
gene_2241	interaction_vs_self	1355.69665536061	1.10409115941778	0.0992990928479664	11.1188443695877	1.01579188543529e-28	1.36716643700096e-27
gene_1159	interaction_vs_self	275.012806510201	1.49983616806382	0.135059015180904	11.1050429773597	1.18560295482019e-28	1.58574395207201e-27
gene_7391	interaction_vs_self	435.661625386206	-1.38266897395455	0.124600711125845	-11.096798416809	1.3001826835217e-28	1.73628139952351e-27
gene_4655	interaction_vs_self	563.9797732373	1.97699038173952	0.178372774112596	11.083476116661	1.50897921833415e-28	2.0119722911122e-27
gene_6011	interaction_vs_self	9108.66855888095	-1.42085097464271	0.128239455242232	-11.0796710104457	1.57450032397516e-28	2.09606886053303e-27
gene_7743	interaction_vs_self	833.301540332762	1.08682860564195	0.0982060029902945	11.0668245580605	1.81726360766837e-28	2.41174829172732e-27
gene_1395	interaction_vs_self	2503.93672289659	1.32480374327564	0.119830177122552	11.0556770847526	2.05778222361034e-28	2.72672071735364e-27
gene_6147	interaction_vs_self	1203.51575163318	-1.54410867162966	0.139770292110668	-11.0474740255036	2.25469815730342e-28	2.98303187426852e-27
gene_3385	interaction_vs_self	5239.00570541817	1.11238778699492	0.100709948205052	11.0454608191241	2.30581525825119e-28	3.04595348929478e-27
gene_4868	interaction_vs_self	366.330989636415	-2.30647295598917	0.209281802439264	-11.0208958882536	3.03027952357232e-28	3.99679394788583e-27
gene_8013	interaction_vs_self	1551.60861544794	-1.51504927607802	0.137585399981202	-11.0117009238263	3.35607047365681e-28	4.41968665453882e-27
gene_4675	interaction_vs_self	723.983757162856	1.39800234843617	0.126973890424799	11.0101560545957	3.41411842274014e-28	4.48922483850317e-27
gene_1450	interaction_vs_self	641.009338270882	-1.15350408092315	0.104881444359455	-10.998171201474	3.8996017330792e-28	5.1118822105908e-27
gene_3782	interaction_vs_self	931.707872493261	-1.09885040959561	0.0999505020581279	-10.9939458728938	4.08660494704771e-28	5.34882849338355e-27
gene_7771	interaction_vs_self	1705.32726180548	1.00459055507778	0.0914239097016553	10.9882694620704	4.35190125592236e-28	5.68737019094587e-27
gene_2942	interaction_vs_self	5528.35351706728	-1.12472910225679	0.102426848885197	-10.9808035148814	4.72700420563391e-28	6.16816402442473e-27
gene_664	interaction_vs_self	37312.9364248949	-1.50690004063925	0.137242352565909	-10.9798470549794	4.77731943060824e-28	6.22433094764178e-27
gene_5820	interaction_vs_self	593.331238416266	1.27742138790381	0.116603777390152	10.955231609947	6.27177243244769e-28	8.10972387035532e-27
gene_7088	interaction_vs_self	62.6622808900568	4.55973183821691	0.416616420875515	10.9446762291191	7.04690456535151e-28	9.08456371677846e-27
gene_398	interaction_vs_self	14250.8389217186	-1.1216904447939	0.102564571778687	-10.9364318042908	7.71779342114049e-28	9.93448296014475e-27
gene_56	interaction_vs_self	498.800705510545	1.16522269621051	0.106815928220906	10.908697940636	1.04745831768279e-27	1.34628276266737e-26
gene_8370	interaction_vs_self	749.146972264143	2.07223913694579	0.189966235150343	10.9084603129907	1.05019954790714e-27	1.3477823283486e-26
gene_3693	interaction_vs_self	4208.71410329601	-1.59484654105601	0.146606625676798	-10.8784069866796	1.46093743133156e-27	1.86372942059585e-26
gene_8359	interaction_vs_self	687.027637031258	1.22927393756094	0.113174574083425	10.8617500663603	1.75355963451486e-27	2.23038194226556e-26
gene_6673	interaction_vs_self	404.805622504116	-1.63886425477891	0.15097682470113	-10.8550716841685	1.88658712524292e-27	2.39602163087231e-26
gene_1428	interaction_vs_self	981.20561668869	-1.27106497416181	0.117141341717235	-10.8506950281482	1.97914607738403e-27	2.50613763645079e-26
gene_7970	interaction_vs_self	3349.42515916338	-1.0259896662244	0.0947304825989516	-10.8306179603032	2.46486203002458e-27	3.10282632014859e-26
gene_6223	interaction_vs_self	2012.0579427356	1.17499759227135	0.109131277659306	10.7668270497074	4.93723881582505e-27	6.1607528080849e-26
gene_4796	interaction_vs_self	4814.30442173778	1.04941031077711	0.0975391728052938	10.7588600620176	5.38319272974963e-27	6.70744246967349e-26
gene_81	interaction_vs_self	1406.57478501933	1.1356711389954	0.105738598428525	10.7403649743199	6.57838081046426e-27	8.17285046989464e-26
gene_1758	interaction_vs_self	254.453695252603	-2.22341811030212	0.207421316385496	-10.7193327525212	8.25970356650631e-27	1.02319916829658e-25
gene_6549	interaction_vs_self	2634.60044391911	1.21115229299575	0.113017475180042	10.7165046030832	8.51611320227132e-27	1.05343828051217e-25
gene_2846	interaction_vs_self	401.533344907581	2.06521455029584	0.19281183430318	10.711036268907	9.03448019829603e-27	1.11433934434314e-25
gene_5436	interaction_vs_self	366.402476455978	-2.28305835471648	0.213641139983642	-10.6864172082741	1.1783539008428e-26	1.447160601322e-25
gene_4988	interaction_vs_self	414.813909586958	-1.74502749080054	0.163304084452089	-10.6857553297297	1.18679008463933e-26	1.45543311239436e-25
gene_1869	interaction_vs_self	694.120828980835	-1.32086867556638	0.123635037094733	-10.6836112691444	1.21453120041331e-26	1.4873229006492e-25
gene_5282	interaction_vs_self	931.988311564342	-1.1861518199705	0.111223737356369	-10.6645563992333	1.49108873490426e-26	1.81819367105135e-25
gene_7198	interaction_vs_self	1162.23707508654	1.85698774365972	0.17475886209334	10.6260004294826	2.2558034275287e-26	2.72735555644712e-25
gene_3986	interaction_vs_self	2959.65474252931	1.02435135677734	0.0964333460428611	10.6223769972894	2.3451221436127e-26	2.82735852807391e-25
gene_2227	interaction_vs_self	444.604850426164	1.38102588059711	0.130214464359151	10.6057793763067	2.80118647273584e-26	3.36771856834534e-25
gene_6440	interaction_vs_self	5406.36607565102	-1.64853886174033	0.155514445080712	-10.6005513564012	2.96228605057894e-26	3.55640513225186e-25
gene_2389	interaction_vs_self	1042.10482960936	1.29304812072828	0.122071925346942	10.5925102520771	3.22816862252835e-26	3.87018535137853e-25
gene_1110	interaction_vs_self	3181.72833474176	-1.33941210509353	0.126460767356394	-10.5915228342619	3.26240731441019e-26	3.90576316242675e-25
gene_5925	interaction_vs_self	1699.86101945592	1.15693213356307	0.10963672557864	10.5524141427703	4.95083914538772e-26	5.91062525586037e-25
gene_1339	interaction_vs_self	386.50254067788	1.71815881602446	0.162836441490708	10.5514392251228	5.00248680012697e-26	5.9639675500121e-25
gene_1241	interaction_vs_self	853.356889004456	-1.37308719319161	0.130242644142285	-10.5425316126995	5.49981044963322e-26	6.53866353456394e-25
gene_4870	interaction_vs_self	442.566088478081	-1.58248776185704	0.15028550361489	-10.5298762940716	6.29171097153856e-26	7.44910731900002e-25
gene_1747	interaction_vs_self	9636.69885213152	1.20744150009603	0.115021978932698	10.497485013734	8.8712181453074e-26	1.04886225585402e-24
gene_821	interaction_vs_self	327.905973801985	-1.81458187932099	0.172954838853915	-10.4916514122722	9.43644625145437e-26	1.11261680320178e-24
gene_7032	interaction_vs_self	508.366331862368	1.76882249575579	0.169341413135262	10.4453037388021	1.5396174252041e-25	1.80783609873075e-24
gene_4000	interaction_vs_self	122.121798990973	-2.67832512668389	0.256547575384093	-10.4398769806107	1.63021829178124e-25	1.91159843529417e-24
gene_6984	interaction_vs_self	1059.50037918697	1.59686165242307	0.152996800082186	10.4372225534474	1.67643936953647e-25	1.9631082083765e-24
gene_3682	interaction_vs_self	457.844172877632	-1.90991617527357	0.183330622210698	-10.4178786513829	2.05485249151266e-25	2.39313433025148e-24
gene_700	interaction_vs_self	3195.47138036011	1.07579383230098	0.103338349492338	10.4104026974105	2.22279386187183e-25	2.58520590456832e-24
gene_3969	interaction_vs_self	7213.9831653609	-1.11226885191178	0.106845410489826	-10.4100760791938	2.23043335353945e-25	2.59057116774731e-24
gene_4766	interaction_vs_self	165.811948373248	-2.31118094451726	0.222190027514428	-10.4018212265048	2.43239102131745e-25	2.81749217083591e-24
gene_6217	interaction_vs_self	5109.95710615786	-1.10180570966067	0.106082783826355	-10.3862820140937	2.86296741136372e-25	3.30283032901259e-24
gene_2271	interaction_vs_self	987.038177618895	-1.33543660087974	0.128802048542792	-10.3681316872539	3.46227651670347e-25	3.97279986367047e-24
gene_6656	interaction_vs_self	562.454937125449	-1.19661515763649	0.115435478690688	-10.3660951659658	3.53683449639286e-25	4.05291878033774e-24
gene_1792	interaction_vs_self	576.178074530142	1.53531158186263	0.148209402896863	10.3590700175146	3.80644870654316e-25	4.3560429048141e-24
gene_3957	interaction_vs_self	63.0458560717601	4.60931981183976	0.446660819633636	10.3195077992748	5.75172499427598e-25	6.53848153399766e-24
gene_7690	interaction_vs_self	2269.9261241161	1.39869247023846	0.135658570802803	10.3103877769111	6.32456103521792e-25	7.18013825748878e-24
gene_3095	interaction_vs_self	1623.36190940446	-1.43396528360914	0.139113036422679	-10.3079144879866	6.48942374788626e-25	7.35754533535184e-24
gene_5622	interaction_vs_self	9869.79688917167	-1.24997310048722	0.121327064027453	-10.3025084345928	6.86474854017758e-25	7.75227539629553e-24
gene_489	interaction_vs_self	1748.87861614108	1.02224551541072	0.0992812924746351	10.2964565622661	7.31046996767033e-25	8.24474610319604e-24
gene_2251	interaction_vs_self	2791.91482590561	1.05251779359021	0.102255220286031	10.2930470507626	7.57408727798197e-25	8.53081409204286e-24
gene_6767	interaction_vs_self	5921.84152211802	-1.7397653333027	0.169618808771409	-10.2569128147064	1.1017274598615e-24	1.23439621157257e-23
gene_3744	interaction_vs_self	761.728861117377	-1.11798249748123	0.109027479204922	-10.2541350642432	1.13386549258142e-24	1.2687436099996e-23
gene_3686	interaction_vs_self	283.735343426375	1.57856465344055	0.154206419736419	10.2366986805008	1.35790965027589e-24	1.51547674137701e-23
gene_323	interaction_vs_self	784.120690665039	-1.14172681909865	0.111678352892752	-10.2233493736704	1.55860519580352e-24	1.73719537448934e-23
gene_1517	interaction_vs_self	374.746464015845	-1.37339243226422	0.134521828514716	-10.2094392220812	1.79901544523591e-24	1.9999444430155e-23
gene_3579	interaction_vs_self	351.511362410128	1.86529892524814	0.183063882125934	10.1893333823487	2.21276275508863e-24	2.45352968698947e-23
gene_1923	interaction_vs_self	34711.2629784235	-1.44720666434715	0.14204848985253	-10.1881172115916	2.24061470073523e-24	2.48119816795518e-23
gene_1457	interaction_vs_self	585.951423567542	1.41438990230471	0.13932283373929	10.1518887058485	3.25011630055852e-24	3.56222734094506e-23
gene_6558	interaction_vs_self	180.384914241997	-2.2395622132474	0.220610979592629	-10.1516353237853	3.25856707723568e-24	3.56692252955721e-23
gene_2059	interaction_vs_self	820.664250166698	1.54308450233506	0.15207912522568	10.1465898100425	3.43145017098011e-24	3.75136825844058e-23
gene_3313	interaction_vs_self	1002.59887946235	1.04307396259375	0.102815668251751	10.1450876148538	3.48465591558503e-24	3.80467533640406e-23
gene_3971	interaction_vs_self	1203.76930920047	1.26191104561552	0.12440773967625	10.1433483873224	3.54727846098803e-24	3.86811511159968e-23
gene_5586	interaction_vs_self	131.398504834539	2.31572482665503	0.228446585691213	10.1368327289652	3.79195105832934e-24	4.12440928326546e-23
gene_829	interaction_vs_self	469.651012888914	-1.78511617354594	0.176162394252182	-10.1333555389267	3.92929112370575e-24	4.26836700747732e-23
gene_6471	interaction_vs_self	612.196158904643	-1.77978295891946	0.175780904817083	-10.1250073821812	4.27946440627351e-24	4.64286632670485e-23
gene_846	interaction_vs_self	1377.76309557785	-1.08412594987438	0.107175790022943	-10.1153996592169	4.72086309418823e-24	5.11526431471535e-23
gene_3724	interaction_vs_self	301.912564723342	1.39300144132208	0.137778103227934	10.1104704498476	4.96453052263119e-24	5.37248815091315e-23
gene_8570	interaction_vs_self	136.664931466559	1.85968119424867	0.184291808191344	10.0909596172491	6.05744195691571e-24	6.54693221606041e-23
gene_7304	interaction_vs_self	983.13527977234	-1.141903064711	0.11316674928777	-10.0904468132001	6.08917139250455e-24	6.57292649682711e-23
gene_5479	interaction_vs_self	774.477309629886	1.27098568903246	0.126018815829878	10.0856818933155	6.39198144899309e-24	6.89110342611849e-23
gene_42	interaction_vs_self	953.695067042241	-1.03824399884844	0.102991040593679	-10.0809157074598	6.70978556053763e-24	7.22462445260404e-23
gene_3931	interaction_vs_self	190.992303866906	-1.86320775811556	0.185011025576953	-10.0707930908722	7.43758918829411e-24	7.99821148891929e-23
gene_563	interaction_vs_self	8577.46206180174	1.25659348251916	0.124780993379234	10.0703917198361	7.46800512952607e-24	8.02084365228898e-23
gene_5877	interaction_vs_self	1223.72999221896	1.30750538096061	0.129960360396153	10.0608014395697	8.23254038745387e-24	8.81984301834857e-23
gene_7160	interaction_vs_self	600.864946592368	1.58672928063133	0.157854883848615	10.0518225470491	9.01838439002795e-24	9.6496712973299e-23
gene_8424	interaction_vs_self	97.2104943030984	2.87937854939887	0.286858773162389	10.0376171788508	1.04159847736488e-23	1.11311897206534e-22
gene_641	interaction_vs_self	129.359999838738	2.13315903886476	0.212530895973256	10.0369361786024	1.04881240494007e-23	1.11943069654451e-22
gene_18	interaction_vs_self	2029.06043751688	-1.10532260472585	0.110151127175857	-10.0346009438578	1.07392766308616e-23	1.14338567114646e-22
gene_5520	interaction_vs_self	89.2307198085034	-5.63988721275123	0.56268697506464	-10.0231344649542	1.20615800692e-23	1.2825729862404e-22
gene_8276	interaction_vs_self	2710.19999479022	-1.09004044576303	0.108824811949965	-10.0164698310179	1.29029507406636e-23	1.37033819280497e-22
gene_7002	interaction_vs_self	312.063505751414	1.81013610756739	0.180865439429413	10.0081923516064	1.40292423576428e-23	1.48810798737822e-22
gene_8105	interaction_vs_self	500.434769563425	-1.30407263947096	0.130664909550027	-9.98028195911062	1.85937651047314e-23	1.96497073205556e-22
gene_4309	interaction_vs_self	1101.32610187147	1.16700825242561	0.116947605443527	9.97889822540353	1.88548733281921e-23	1.9901074684257e-22
gene_2557	interaction_vs_self	1699.89140981311	-1.04453160954504	0.10480545707949	-9.96638570788174	2.13870351642355e-23	2.24905431211126e-22
gene_8009	interaction_vs_self	555.67662033819	1.68766993011322	0.169512373613462	9.95602795322542	2.37357055185064e-23	2.49297716856951e-22
gene_2475	interaction_vs_self	1230.35362982934	-1.00344845061538	0.100791708756679	-9.95566463743362	2.38225684014891e-23	2.49903413623464e-22
gene_327	interaction_vs_self	2668.40701293302	1.05655934442252	0.106131313821082	9.95520837708362	2.39320987882877e-23	2.50745123167371e-22
gene_711	interaction_vs_self	19319.5538197746	-1.44801311259109	0.145490307306742	-9.95264316500616	2.45572539011479e-23	2.56980554271181e-22
gene_6557	interaction_vs_self	797.779763510103	-1.67326618621437	0.16823128639084	-9.94622476063692	2.61931901205959e-23	2.73431350527196e-22
gene_3742	interaction_vs_self	2404.95292839677	-1.43707377712473	0.1447010658986	-9.93132820550035	3.04176461612367e-23	3.17143789452114e-22
gene_2704	interaction_vs_self	992.470814208997	-1.18740248733334	0.119568988666957	-9.93068939171752	3.06131621917174e-23	3.18794000439296e-22
gene_4760	interaction_vs_self	189.87295020902	-1.89742479903469	0.192028620952509	-9.88094790049001	5.03543094019185e-23	5.20571121353167e-22
gene_6719	interaction_vs_self	2025.85479718885	-1.14825031314061	0.116338958507989	-9.86986928425833	5.62378488107627e-23	5.76522138706741e-22
gene_1171	interaction_vs_self	1004.67002602431	1.01635325317866	0.102974781215378	9.8699238899367	5.62072425628285e-23	5.76522138706741e-22
gene_5388	interaction_vs_self	273.813369425692	1.49809995824784	0.151985491742205	9.85686160616498	6.40191624331631e-23	6.53942757073838e-22
gene_4698	interaction_vs_self	1807.08120150955	-1.77711667809649	0.180362149379303	-9.85304668530643	6.64970668240073e-23	6.78444448168656e-22
gene_2738	interaction_vs_self	17756.516539123	1.02651737501059	0.104190111237992	9.8523493526733	6.69601612386218e-23	6.82355928812623e-22
gene_2086	interaction_vs_self	123.468357919561	2.50423030914647	0.254233103747936	9.85013466865171	6.8452195391426e-23	6.96731025624978e-22
gene_6071	interaction_vs_self	3947.47512847427	-1.16496050583099	0.118442307171042	-9.83567893648577	7.90327110909006e-23	8.03467941731721e-22
gene_2581	interaction_vs_self	3990.66366302673	-1.10001900574003	0.111895130180706	-9.83080321693661	8.29544809298937e-23	8.42337315254911e-22
gene_7969	interaction_vs_self	2071.57751234473	-1.08578141123185	0.11058577847077	-9.81845429174097	9.37702636167384e-23	9.51034901136588e-22
gene_666	interaction_vs_self	423.784874908668	-1.38901601283697	0.141492182059766	-9.81690997068832	9.521748905114e-23	9.64570066600897e-22
gene_6198	interaction_vs_self	5652.04816040289	1.14914427717268	0.117180233270187	9.80663926929602	1.05421175053155e-22	1.06541352828218e-21
gene_3946	interaction_vs_self	555.735297539655	1.14352796989198	0.116721941174414	9.79702666342095	1.15948478617933e-22	1.170423321898e-21
gene_3383	interaction_vs_self	293.911301424273	1.45759206187376	0.149315699340235	9.76181385021315	1.64191907325796e-22	1.65156607133821e-21
gene_4522	interaction_vs_self	3799.4881812134	-1.45427841648793	0.149234359108719	-9.74493022366565	1.93912037323764e-22	1.94594025731703e-21
gene_790	interaction_vs_self	6251.39377942826	-1.6338919429695	0.167694538315813	-9.74326271671681	1.97121578979405e-22	1.97352130533767e-21
gene_5874	interaction_vs_self	1932.52000944667	1.66898805615695	0.171397857692766	9.73750826657731	2.08606602102717e-22	2.08606602102717e-21
gene_6506	interaction_vs_self	910.009820848342	-1.67945088899819	0.172858793369568	-9.71573881930069	2.58368419590033e-22	2.57466085179358e-21
gene_3891	interaction_vs_self	15208.2067245494	-1.39747307930552	0.143943756985181	-9.70846606045858	2.7748144514967e-22	2.76190833776881e-21
gene_2106	interaction_vs_self	1002.39383882781	-1.06184687795044	0.109385229034002	-9.70740645083228	2.80380507489957e-22	2.78752281546345e-21
gene_7600	interaction_vs_self	1211.860424433	1.18237177917488	0.121921274408562	9.69782988990674	3.07979253914306e-22	3.05835546810494e-21
gene_368	interaction_vs_self	3143.96700099581	1.10342450295518	0.113840105958163	9.69275716732643	3.23670683527132e-22	3.21045312977085e-21
gene_6982	interaction_vs_self	292.002905172765	1.68002884777738	0.17345760074888	9.68553029976247	3.4740092517553e-22	3.42993300980684e-21
gene_5727	interaction_vs_self	691.333641090925	1.02763837057844	0.106154380905476	9.68060255085925	3.6456097549084e-22	3.59520962004792e-21
gene_3047	interaction_vs_self	165.134223654807	-2.2020867976148	0.227744374489721	-9.66911609803206	4.07885613317586e-22	4.01321936781441e-21
gene_6139	interaction_vs_self	161.628297277487	-2.00604348076056	0.207633611523395	-9.66145830649645	4.39561530549975e-22	4.31001913116585e-21
gene_6273	interaction_vs_self	1056.81536960057	-1.33421042179749	0.138100533952341	-9.6611532454895	4.40872592961987e-22	4.31792837042862e-21
gene_7636	interaction_vs_self	117.009356220124	-2.77873986321937	0.288760210299312	-9.62300124500912	6.3937837735159e-22	6.21940785242001e-21
gene_3216	interaction_vs_self	206.878271092048	-1.88726930656929	0.196221941436062	-9.61803401167677	6.71013659280761e-22	6.51972409017402e-21
gene_3951	interaction_vs_self	428.701721305263	1.0934137654796	0.113760337483658	9.61155521920521	7.14613431391451e-22	6.93547729332292e-21
gene_1785	interaction_vs_self	23082.8968120568	1.24612870486179	0.129659652065824	9.61076699657631	7.20105551402869e-22	6.98086468857141e-21
gene_6447	interaction_vs_self	62.6954616178967	-3.39241598137668	0.353253999390212	-9.60333354252939	7.73997924800644e-22	7.49482153426868e-21
gene_7330	interaction_vs_self	1855.44317371192	1.04089713020402	0.108430485929177	9.59967228113222	8.01990104674694e-22	7.75710202939591e-21
gene_5645	interaction_vs_self	166.437872110112	-2.13200309537765	0.222114704294899	-9.59865805438533	8.09920001653098e-22	7.82496073831887e-21
gene_4307	interaction_vs_self	401.232995942224	-1.86810993311589	0.195152554701767	-9.57256201934296	1.04288693472094e-21	1.00530542355982e-20
gene_7753	interaction_vs_self	1759.99246209842	-1.22092723201424	0.127574005373518	-9.57034490247085	1.06549623023399e-21	1.025944626637e-20
gene_94	interaction_vs_self	69.5403165557185	2.75855278251508	0.288408171177133	9.56475252159499	1.12470232646332e-21	1.08173617017146e-20
gene_6305	interaction_vs_self	732.564362291255	1.16443172312429	0.121768675881345	9.5626540626831	1.14774862315572e-21	1.10266309923826e-20
gene_3291	interaction_vs_self	1526.28648463605	-1.29139646985896	0.135134680649763	-9.55636601684767	1.21964161189964e-21	1.16780002213209e-20
gene_407	interaction_vs_self	4783.31878380307	-1.28452197820458	0.134707652064886	-9.53562740137325	1.48981961165197e-21	1.42013985253239e-20
gene_5453	interaction_vs_self	63.8082341527585	3.42436931353112	0.359325687939317	9.52998749732979	1.57302173190306e-21	1.49611844723225e-20
gene_2474	interaction_vs_self	1457.46643196846	-1.00359161773431	0.105369493811006	-9.52449880355678	1.65840221617909e-21	1.5755741365697e-20
gene_2189	interaction_vs_self	2661.83295695449	1.04253320914898	0.109492817063023	9.52147581104707	1.70736856780617e-21	1.62029655658767e-20
gene_2889	interaction_vs_self	177.139276741907	1.82185061632058	0.191649097422394	9.50617895322108	1.97794642223175e-21	1.87085319053081e-20
gene_7953	interaction_vs_self	550.201417323056	-1.37181749128097	0.14436178302125	-9.50263610334491	2.0464299017807e-21	1.93136052472357e-20
gene_6802	interaction_vs_self	1335.27464032495	1.2224867119055	0.128857016322583	9.48715674779485	2.37421679605062e-21	2.23578611377264e-20
gene_1262	interaction_vs_self	145.750900991812	2.14843009829294	0.226758952716569	9.47451058736504	2.68014117789451e-21	2.5210998332722e-20
gene_844	interaction_vs_self	1457.08149920754	-2.01701354209702	0.213021951158519	-9.46857134265973	2.83697139898928e-21	2.65985489324734e-20
gene_1329	interaction_vs_self	994.367812662065	1.13301341972471	0.119691493551406	9.46611480988908	2.90446118960847e-21	2.71125275714815e-20
gene_7450	interaction_vs_self	1569.09620599638	-1.37061454873566	0.144985728914092	-9.45344454934449	3.27860086098328e-21	3.05052427934966e-20
gene_2100	interaction_vs_self	1624.23652011511	-1.18653841330784	0.125594460538668	-9.44737855649717	3.47422398313305e-21	3.22902902232562e-20
gene_4390	interaction_vs_self	1076.83536138104	-1.47125270045119	0.155795403957436	-9.44349231799638	3.60557424852305e-21	3.34747457346609e-20
gene_6128	interaction_vs_self	2326.71285298445	-1.30222836345934	0.137994171231822	-9.43683600426625	3.84205679596014e-21	3.56316426580919e-20
gene_2212	interaction_vs_self	203.614034501782	1.62359507000908	0.172300653254614	9.42303490637287	4.38234358120796e-21	4.05106490876244e-20
gene_5454	interaction_vs_self	3307.78737244411	-1.18285250501908	0.125557069669062	-9.4208355462324	4.47512515476111e-21	4.13237015369526e-20
gene_4142	interaction_vs_self	48.721533136317	3.8697571802163	0.412431650136488	9.38278422360569	6.42531767938728e-21	5.90770347320678e-20
gene_6064	interaction_vs_self	1364.72456600657	-1.05941472691683	0.113164265180135	-9.36174264225949	7.84322403540861e-21	7.20364782651263e-20
gene_4944	interaction_vs_self	4077.6312752253	1.37496184779106	0.146885188086007	9.36079305005188	7.91404169294143e-21	7.25319602809982e-20
gene_893	interaction_vs_self	1130.29699342042	-1.30767284582673	0.139696816425427	-9.36079203010895	7.91411809608088e-21	7.25319602809982e-20
gene_3558	interaction_vs_self	379.103280001227	-1.21951923607182	0.130689746687454	-9.3314071454153	1.04474530683562e-20	9.55450836165909e-20
gene_3081	interaction_vs_self	917.280674106003	1.34187289086036	0.143848670273599	9.32836492897797	1.07516661521871e-20	9.82222649548789e-20
gene_4148	interaction_vs_self	2079.33169328318	1.03157593143885	0.110902759189906	9.30162548681424	1.38314701900489e-20	1.25687245039086e-19
gene_4994	interaction_vs_self	756.366365822343	-1.05943108878935	0.114135091101403	-9.28225560225034	1.65928045891732e-20	1.50402295412815e-19
gene_5126	interaction_vs_self	1061.81513521764	-1.16877157679199	0.125958669343752	-9.27900860561107	1.7106277529111e-20	1.54624852850253e-19
gene_8190	interaction_vs_self	69.2750260275834	-2.8510572817197	0.307315406470663	-9.27730019936985	1.73827171153128e-20	1.569578676235e-19
gene_6492	interaction_vs_self	801.796127787333	-1.20760623531707	0.130594138648355	-9.24701711589629	2.30844814171928e-20	2.08003327295969e-19
gene_943	interaction_vs_self	80.3935985492732	-2.62143719947505	0.283894716119077	-9.2338358223459	2.61109884142989e-20	2.34779475657982e-19
gene_4622	interaction_vs_self	1116.67355764499	1.163970207697	0.126102056874074	9.23038241048946	2.69667405505694e-20	2.42219621314663e-19
gene_6314	interaction_vs_self	649.551211921566	1.0705369860975	0.116007169556158	9.22819675881546	2.75226098924821e-20	2.46953396938833e-19
gene_1808	interaction_vs_self	2714.93474364688	1.28060341984543	0.138849533635677	9.22295802019451	2.89014989789126e-20	2.58783296296539e-19
gene_7652	interaction_vs_self	272.699247438572	1.37706356379111	0.149440550663773	9.21479181972083	3.11882911266375e-20	2.78385580859246e-19
gene_1875	interaction_vs_self	71048.3183731611	-1.05545927263982	0.114567746205447	-9.21253413458211	3.18514805808482e-20	2.84009035179229e-19
gene_4021	interaction_vs_self	130.27924397862	1.81569730948115	0.197173549414769	9.2086251673732	3.30328545481612e-20	2.93930597642682e-19
gene_7729	interaction_vs_self	182.0643087151	2.06160519855458	0.22403240497269	9.20226339044968	3.50487975448063e-20	3.11221687742264e-19
gene_7500	interaction_vs_self	543.206465206146	1.5519024165357	0.169230147547595	9.17036614944296	4.71415067515785e-20	4.15583210909899e-19
gene_5309	interaction_vs_self	462.344088144797	-1.12048679014204	0.122237499559216	-9.16647341595234	4.88746622172587e-20	4.30418835987381e-19
gene_5686	interaction_vs_self	900.755878041615	-1.6470154751601	0.180694984625546	-9.11489313648192	7.87480422029876e-20	6.88542636626735e-19
gene_4212	interaction_vs_self	4351.10554718159	1.29496215075575	0.142123046868972	9.11155635404871	8.12085131083516e-20	7.09331502252541e-19
gene_7241	interaction_vs_self	269.951029448475	-1.86957628655072	0.20574268699983	-9.08696349704167	1.01843564430074e-19	8.87760602363986e-19
gene_7838	interaction_vs_self	58.7375255409616	3.50196336364171	0.385408210362808	9.08637457501256	1.02396509248841e-19	8.91672552563662e-19
gene_5859	interaction_vs_self	115.56631684992	2.32201093762387	0.255611804428782	9.084130299901	1.04531012791047e-19	9.07684285178524e-19
gene_8553	interaction_vs_self	1807.06344254899	1.78532431292802	0.196532725007578	9.08410705066641	1.04553353409582e-19	9.07684285178524e-19
gene_5514	interaction_vs_self	28077.4753003219	-1.06798848499184	0.117746708134218	-9.07021947292536	1.18777523457498e-19	1.02908461619047e-18
gene_5114	interaction_vs_self	284.377328517037	-1.25201739049898	0.138191276182144	-9.06003204463324	1.30412237935148e-19	1.12874495118793e-18
gene_3308	interaction_vs_self	222.57582505226	-1.50993667373983	0.166746433280939	-9.05528618531739	1.36210130889071e-19	1.17654764925373e-18
gene_4907	interaction_vs_self	241.218484408428	1.72598202171568	0.190785710570296	9.04670489501745	1.47347574691146e-19	1.26890869150524e-18
gene_8548	interaction_vs_self	135.107668846134	-1.95703182615519	0.216509723992491	-9.03900199061296	1.58108679917943e-19	1.35884568282891e-18
gene_1497	interaction_vs_self	55.2747781008982	4.2129554866975	0.467040703291387	9.02053173739986	1.87178529212812e-19	1.60545912831831e-18
gene_7113	interaction_vs_self	208.098782850886	-1.47656374527748	0.163976641991609	-9.00471998538086	2.16216866007485e-19	1.84528053142979e-18
gene_4055	interaction_vs_self	373.12404928483	2.28802318154506	0.254730739628094	8.98212435957105	2.6558840922791e-19	2.25538629641936e-18
gene_5894	interaction_vs_self	608.521490514483	1.29147875276241	0.143801329144218	8.98099315526624	2.6833353950655e-19	2.27419316651096e-18
gene_1034	interaction_vs_self	2117.49844397629	-1.24116338280265	0.13873393003824	-8.94635784094449	3.67404622075462e-19	3.09850597533592e-18
gene_2027	interaction_vs_self	528.834022873652	1.358520190866	0.151929095694605	8.94180396885124	3.82868314360933e-19	3.22256909629261e-18
gene_4416	interaction_vs_self	1605.73698541065	-1.1357193142864	0.127382358204698	-8.91582892869158	4.84180519925304e-19	4.04744653375059e-18
gene_3341	interaction_vs_self	319.958539235646	-1.18922190963517	0.133410343776114	-8.91401577999747	4.92168162926964e-19	4.11020436551689e-18
gene_5539	interaction_vs_self	895.231699563869	-1.12066449203261	0.125843155098328	-8.90524789494489	5.32668781879716e-19	4.44409821919139e-18
gene_2708	interaction_vs_self	1120.18632286571	-1.46377122449846	0.164692868394554	-8.88788469572168	6.22832657238758e-19	5.17616266598424e-18
gene_6570	interaction_vs_self	5503.89268169592	1.33593999859267	0.150462005981427	8.87891923199254	6.75131061609583e-19	5.60535585584678e-18
gene_5467	interaction_vs_self	464.444389627978	1.16131704319213	0.131077171181469	8.85979635297712	8.01607374961903e-19	6.62971896586849e-18
gene_6410	interaction_vs_self	137.270702901074	-2.12728958026346	0.240128225995311	-8.85897345656064	8.07545937546965e-19	6.66595296567215e-18
gene_2248	interaction_vs_self	1043.93342245978	-1.26398574348686	0.14330025468031	-8.82054080299228	1.13908229865753e-18	9.33960198899277e-18
gene_2899	interaction_vs_self	100.682904115904	2.16441121432444	0.245608589606411	8.81244103796581	1.22449792295477e-18	1.00016242561955e-17
gene_3469	interaction_vs_self	72.4009807930766	3.9790485955721	0.4517026284063	8.8090003142355	1.26266833034644e-18	1.03035661656487e-17
gene_6856	interaction_vs_self	202.111750385159	1.4256581476578	0.162004938355685	8.80009067703689	1.36705648756925e-18	1.11341613069389e-17
gene_5257	interaction_vs_self	2154.9011853975	-1.70801328080282	0.194285105129686	-8.79127239148215	1.47875555730843e-18	1.20324596678328e-17
gene_6196	interaction_vs_self	375.491209922048	1.24888714723816	0.142069167326383	8.79069801520707	1.4863359149529e-18	1.20826547312411e-17
gene_6870	interaction_vs_self	246.782765497852	1.57466421928353	0.179583991835062	8.76839969527893	1.8122351544309e-18	1.46346536999326e-17
gene_6122	interaction_vs_self	1406.53940111095	-1.21823292916893	0.139057314343791	-8.76065336741004	1.94121886501742e-18	1.56467358611573e-17
gene_7144	interaction_vs_self	129.184435296324	-2.1982749840588	0.251120310135621	-8.75387173132908	2.06155393027319e-18	1.66010363529055e-17
gene_1179	interaction_vs_self	922.088106858213	-1.000022782019	0.114631667374019	-8.72379164438163	2.69037937988025e-18	2.15835496642689e-17
gene_1882	interaction_vs_self	1236.44712159727	-1.16848061858943	0.13407969954803	-8.7148212781522	2.91217709589422e-18	2.33192104217535e-17
gene_7555	interaction_vs_self	105.486026946753	10.3594479842909	1.19242257105733	8.68773221485158	3.69746086584235e-18	2.94695204949819e-17
gene_7214	interaction_vs_self	109.790587628241	2.18463455192898	0.251497058795756	8.6865212753965	3.73706984328396e-18	2.97575049846611e-17
gene_1060	interaction_vs_self	678.808850234484	-1.11559602498197	0.128602277085044	-8.67477660791522	4.14363081224702e-18	3.29335930852688e-17
gene_7528	interaction_vs_self	361.438975541386	-1.1590347647744	0.133656979912384	-8.67171146268737	4.25673204474262e-18	3.38011375723533e-17
gene_7061	interaction_vs_self	227.047160472158	-1.53373005603502	0.17700349291349	-8.66497056521156	4.51629669193166e-18	3.57860833006361e-17
gene_129	interaction_vs_self	1453.37833864993	-1.04362985101524	0.120443434261961	-8.66489615984695	4.51924720186771e-18	3.57860833006361e-17
gene_7887	interaction_vs_self	24811.6359232881	1.18052535427064	0.136354909119531	8.6577400248624	4.81209491796641e-18	3.80698082234681e-17
gene_7432	interaction_vs_self	1417.54530759625	-1.04580637663755	0.120902797066474	-8.64997669212361	5.15099500668029e-18	4.06757539272909e-17
gene_5506	interaction_vs_self	138.370736545625	1.93603918178636	0.223884110168291	8.64750598124656	5.26371441874526e-18	4.15275533865985e-17
gene_97	interaction_vs_self	6671.48792200929	3.33369118291696	0.385759003727976	8.64190116290264	5.52852467321001e-18	4.35765849011765e-17
gene_4228	interaction_vs_self	69.001629026452	2.8984103441583	0.335462864314213	8.6400333762234	5.61966018034946e-18	4.42541776851807e-17
gene_6554	interaction_vs_self	373.026770662306	-1.16481250369672	0.135401248858083	-8.60267178863014	7.78814553499786e-18	6.10499320325839e-17
gene_1288	interaction_vs_self	676.889644042674	-1.68828241899535	0.196522584166005	-8.59078067877039	8.63803804507205e-18	6.75883049961761e-17
gene_85	interaction_vs_self	856.750903597365	1.04962265009503	0.122217704735696	8.58813911098165	8.8389212036949e-18	6.90969547978341e-17
gene_4335	interaction_vs_self	115.085515183042	2.45172580002909	0.285642077167693	8.5832095339012	9.22620794759249e-18	7.20587044082041e-17
gene_7625	interaction_vs_self	1649.82162215599	-1.4019738313267	0.163646269305059	-8.56709925182117	1.06124417504253e-17	8.27345185643355e-17
gene_4696	interaction_vs_self	296.985257985278	-2.00669632286174	0.23457729710967	-8.55452061042192	1.18359574861207e-17	9.21052691647211e-17
gene_5389	interaction_vs_self	1376.34453035685	1.12770307735987	0.131923068239828	8.5481871548786	1.25036850417944e-17	9.71248130288203e-17
gene_4123	interaction_vs_self	798.279123794818	1.01228134583444	0.118931765827897	8.51144636412181	1.71776987829371e-17	1.32469460884632e-16
gene_5675	interaction_vs_self	433.585382838868	-1.14887690360969	0.135056976776194	-8.50660906998913	1.79094123188682e-17	1.3798791129569e-16
gene_3066	interaction_vs_self	321.553978449744	-1.10644513940564	0.130088758572002	-8.50530938684636	1.81111956782932e-17	1.39417117811321e-16
gene_1062	interaction_vs_self	140.309524985891	-2.16594194447837	0.255301136935938	-8.48387112753775	2.17823004282918e-17	1.66926133989416e-16
gene_1646	interaction_vs_self	3514.09740228601	-1.42938869209419	0.168544297758499	-8.48078938951893	2.23671173355281e-17	1.70796185898413e-16
gene_3195	interaction_vs_self	800.46934213202	-1.06847365179989	0.126447620197799	-8.44993088939519	2.91475309252421e-17	2.21583361207879e-16
gene_534	interaction_vs_self	296.210095700819	-1.50657423468274	0.178644726041876	-8.43335411049065	3.35896350668464e-17	2.53999360576153e-16
gene_4987	interaction_vs_self	367.170066520516	1.28186252522966	0.152069550568503	8.42944902801048	3.47296510356863e-17	2.61925826313193e-16
gene_7742	interaction_vs_self	1201.86614214406	1.25104528395214	0.148442789702627	8.42779421256051	3.522418043212e-17	2.65421641284285e-16
gene_3543	interaction_vs_self	202.031747475256	1.77104165125158	0.210543349176347	8.41176725923642	4.03878682840657e-17	3.03529545664269e-16
gene_1876	interaction_vs_self	151063.478093134	-1.34971363834568	0.160585285344641	-8.40496459840005	4.27990680985901e-17	3.20524954439135e-16
gene_5079	interaction_vs_self	2868.84492619144	-1.07636039616298	0.128240290211291	-8.39330911049521	4.72646782197238e-17	3.53041575533016e-16
gene_7230	interaction_vs_self	1150.01026767741	1.36888020677616	0.1632427474031	8.38554991601522	5.04891650999151e-17	3.7679795401506e-16
gene_7973	interaction_vs_self	1147.61414459394	-1.50181201285067	0.179569776732601	-8.36338965374464	6.0941524765503e-17	4.52436645266874e-16
gene_1941	interaction_vs_self	281.571474936766	-1.27100191522545	0.152271629259072	-8.34693843764549	7.00552098406168e-17	5.187479206191e-16
gene_7815	interaction_vs_self	25232.0664428359	-1.07993546160578	0.129622740106388	-8.33137349757781	7.99097931349589e-17	5.9018794584577e-16
gene_4116	interaction_vs_self	5839.72537260052	1.21314634168462	0.146153127423623	8.30051578826861	1.0366036140985e-16	7.61658964522161e-16
gene_2064	interaction_vs_self	1486.38080105356	-1.18731299785989	0.143086287317589	-8.29788109062174	1.0598467725647e-16	7.78069328743893e-16
gene_546	interaction_vs_self	11014.4212825599	1.06631685153799	0.128702851318814	8.28510666711322	1.18003275281401e-16	8.633402020588e-16
gene_6791	interaction_vs_self	2202.64671620788	1.41904918494449	0.171400756654016	8.27913022466372	1.24078191164004e-16	9.07010517817145e-16
gene_6596	interaction_vs_self	595.075831885841	1.25009540703769	0.151023388880299	8.27749540191097	1.25792989414515e-16	9.18761083095772e-16
gene_7930	interaction_vs_self	36.3932083588627	4.54599982617138	0.549625413665441	8.27108738632407	1.32742707330527e-16	9.68693584611519e-16
gene_7176	interaction_vs_self	1576.5636740179	-1.25823706137391	0.152232527848258	-8.26523134811302	1.3942408987709e-16	1.01485562019378e-15
gene_6550	interaction_vs_self	462.517970325654	1.00692658050235	0.12182643865327	8.26525499418201	1.39396455526384e-16	1.01485562019378e-15
gene_131	interaction_vs_self	992.396430600719	1.2614655661602	0.152868131666816	8.25198523986431	1.55784667295583e-16	1.13105746569143e-15
gene_7694	interaction_vs_self	306.913322341449	-1.26618166304227	0.153495776313376	-8.24896745339259	1.59768937364272e-16	1.1590017829137e-15
gene_901	interaction_vs_self	1763.53021732695	-1.06038465108202	0.128563797044264	-8.24792574162175	1.61167461834474e-16	1.16815704767409e-15
gene_1964	interaction_vs_self	99.7812996760882	2.35006521614205	0.285140985368747	8.24176578159369	1.69687496474236e-16	1.22783175808915e-15
gene_7166	interaction_vs_self	86.0383373013741	-2.89123497940127	0.350913764595655	-8.23916093098465	1.73422546155927e-16	1.25379813774893e-15
gene_5575	interaction_vs_self	142.612534513464	-1.72508794547014	0.209866284844247	-8.21993845629094	2.03607638994283e-16	1.46460620990845e-15
gene_5118	interaction_vs_self	278.540706615152	1.37512166312395	0.167533072658447	8.20806089987641	2.24789198709661e-16	1.61561338451276e-15
gene_4290	interaction_vs_self	370.819852065529	1.06967686208276	0.13033167770538	8.20734360913243	2.26135719799436e-16	1.62392765225098e-15
gene_7741	interaction_vs_self	632.988050378362	1.14176911639711	0.13921285649041	8.20160684279734	2.37194943487443e-16	1.70191845452851e-15
gene_7879	interaction_vs_self	748.536967821803	1.07037979242327	0.130515993480293	8.20113890934665	2.38120183527909e-16	1.70712627386843e-15
gene_1510	interaction_vs_self	183.541816389622	-1.34110769265464	0.164051506996008	-8.17491845830636	2.96066035712275e-16	2.11546349390407e-15
gene_4805	interaction_vs_self	360.171878854198	-1.29404623585658	0.158405978990157	-8.16917545730388	3.10504295287901e-16	2.21493063972036e-15
gene_2898	interaction_vs_self	2742.29894383124	1.05414900329283	0.129042939243181	8.1689785545437	3.11011434521206e-16	2.21670098209952e-15
gene_6869	interaction_vs_self	128.908328248773	-1.8219668153512	0.223139997916864	-8.16512876382663	3.21092527288061e-16	2.28474815759418e-15
gene_7222	interaction_vs_self	10994.7059240291	-1.32818888626932	0.162956420632209	-8.15057719797997	3.62191342258668e-16	2.57291111181262e-15
gene_8198	interaction_vs_self	984.777129239318	-1.10525415570388	0.135641539808261	-8.14834568574081	3.68936448281194e-16	2.61865339741875e-15
gene_4781	interaction_vs_self	1476.30000762229	1.11833968425614	0.137272493038277	8.14685928334022	3.73497880432072e-16	2.64664060968422e-15
gene_337	interaction_vs_self	1213.13210675818	-1.19948691365339	0.147478150083494	-8.13331949834128	4.17691845036094e-16	2.94517478872238e-15
gene_6446	interaction_vs_self	136.262868188709	-1.82233808155393	0.224393950579836	-8.12115512403514	4.6176736255198e-16	3.24526159560341e-15
gene_3465	interaction_vs_self	179.122648753024	-1.35889656603564	0.167490354354108	-8.1132825306624	4.9270332670191e-16	3.4570003906298e-15
gene_3340	interaction_vs_self	1018.49821924773	-1.00551417259585	0.124024918054348	-8.10735607303711	5.17330905870225e-16	3.6268243687544e-15
gene_2447	interaction_vs_self	2032.2809199269	-1.06363146780841	0.131399210748983	-8.09465644234582	5.74261962985748e-16	4.01280196176163e-15
gene_423	interaction_vs_self	298.969689681883	1.24695630790246	0.154310209679027	8.08084125150363	6.43214974796357e-16	4.47635787337952e-15
gene_3950	interaction_vs_self	1871.14223880719	1.20836355417986	0.149549246753541	8.0800377160793	6.47467451806558e-16	4.50229194757444e-15
gene_2428	interaction_vs_self	9965.7279046895	-1.12273934702432	0.139044044435514	-8.07470288700519	6.76411441604313e-16	4.6959302028653e-15
gene_556	interaction_vs_self	1429.32965601315	1.21440336506949	0.150939266000428	8.04564244446534	8.57941447531708e-16	5.92256354102534e-15
gene_4966	interaction_vs_self	445.694218996079	-1.39537922323999	0.173490796771492	-8.0429581811067	8.76952618350987e-16	6.0440534726928e-15
gene_1314	interaction_vs_self	110.620194215808	-2.32195473824064	0.288818710371771	-8.03948863026149	9.02141562877765e-16	6.21265629785492e-15
gene_5248	interaction_vs_self	23899.3654876872	1.03676760097735	0.129009978885367	8.03633649067238	9.25643284238051e-16	6.36426225950018e-15
gene_4389	interaction_vs_self	1423.51472892066	-1.21071015948954	0.15071675263743	-8.03301649155135	9.51048781823981e-16	6.53368986550022e-15
gene_8021	interaction_vs_self	4886.91604563342	1.03245809579183	0.128679535920125	8.02348320895957	1.02788042616172e-15	7.05020548713489e-15
gene_4183	interaction_vs_self	5213.13391599103	-1.10773891937676	0.138216451112888	-8.01452294902306	1.1056531556562e-15	7.57757486982951e-15
gene_3979	interaction_vs_self	195.603306047926	-1.63304425503782	0.204494067582915	-7.98577814183134	1.39638629352802e-15	9.53195109457721e-15
gene_2831	interaction_vs_self	163.79221063417	-1.69988584855276	0.212874490355321	-7.98539010341437	1.40078608705829e-15	9.55436566152904e-15
gene_427	interaction_vs_self	134.876143013136	-1.61039789283815	0.201825789305521	-7.97914824651247	1.47346519573359e-15	1.0034098707621e-14
gene_7226	interaction_vs_self	2203.44899453761	1.01869548369385	0.127686469501996	7.97810048055189	1.48602403550809e-15	1.01115784928054e-14
gene_3725	interaction_vs_self	111.034533380154	1.87761097668925	0.235554780673551	7.97101621678136	1.57374855594073e-15	1.06914981260736e-14
gene_8504	interaction_vs_self	649.03964794572	-1.18557931317049	0.148853329878844	-7.96474834748726	1.65560358686687e-15	1.12386730401114e-14
gene_8559	interaction_vs_self	353.261172061557	1.21687263306533	0.152858917706711	7.96075656770076	1.70990500360013e-15	1.15889048541703e-14
gene_4995	interaction_vs_self	524.14737923742	1.58806177914233	0.199513645071456	7.95966500724078	1.7250567914528e-15	1.16823466256614e-14
gene_3539	interaction_vs_self	3609.14034641048	-1.23541687466083	0.155237718239277	-7.95822618802348	1.74523101436832e-15	1.18002981698205e-14
gene_4059	interaction_vs_self	161.963328329293	-1.4361665220671	0.180603381451288	-7.95204669218481	1.83455079207126e-15	1.23651612441968e-14
gene_7323	interaction_vs_self	117.009621921611	-1.93719324461495	0.244104754804855	-7.93590950804544	2.08958328981314e-15	1.40178941699064e-14
gene_3274	interaction_vs_self	132.522462759592	1.43905046774743	0.181405988121638	7.93276166155275	2.14325513688302e-15	1.43554491171507e-14
gene_4716	interaction_vs_self	511.326188935557	-1.43905555599048	0.182309714384693	-7.89346613178231	2.93907352011106e-15	1.95481502192313e-14
gene_3872	interaction_vs_self	303.280218580294	-1.48864218748649	0.188727597698195	-7.88778220908137	3.07603972533293e-15	2.04432453795418e-14
gene_5009	interaction_vs_self	231.492088259768	-1.32539406941811	0.168051184945275	-7.88684750928543	3.09915721712454e-15	2.05649502159582e-14
gene_1495	interaction_vs_self	113.296848254203	-1.8216717304558	0.23108944835463	-7.88297234437231	3.19683843135543e-15	2.11802917743053e-14
gene_7201	interaction_vs_self	5236.84812291795	1.08536485830147	0.137698640526909	7.88217555488038	3.2172956510847e-15	2.12993432121307e-14
gene_8588	interaction_vs_self	276.873278016203	-1.32110622726665	0.167617930148355	-7.88165219614258	3.23080273716334e-15	2.13722344900449e-14
gene_1980	interaction_vs_self	119.355211061073	-2.69404964001696	0.341921471233599	-7.87914730916793	3.2962270862202e-15	2.17545904842289e-14
gene_8626	interaction_vs_self	316.402817634919	-1.18902469479651	0.15093782645581	-7.87757928357752	3.33784390677851e-15	2.19953378306574e-14
gene_4705	interaction_vs_self	1896.53984157806	-1.15651115789847	0.147281194011308	-7.85240210511656	4.08143443680295e-15	2.68128002908927e-14
gene_1579	interaction_vs_self	530.690635097152	1.13090111143019	0.144047673299251	7.8508807919501	4.13125501222474e-15	2.71192813685919e-14
gene_4841	interaction_vs_self	458.598249193891	1.22184379866279	0.155673079975308	7.84878026988734	4.20102908005979e-15	2.75350757467931e-14
gene_242	interaction_vs_self	1891.81200320204	-1.38797975420705	0.176896946785099	-7.84626178931859	4.28621734330757e-15	2.80504743568141e-14
gene_4454	interaction_vs_self	640.009864721599	1.09256518005933	0.139666660970487	7.82266270609992	5.17175430870581e-15	3.3665564169218e-14
gene_1192	interaction_vs_self	1354.02095749334	-1.07022389454855	0.136834651799702	-7.82129292889304	5.22835206610584e-15	3.39823034820547e-14
gene_1130	interaction_vs_self	7746.36192774253	-1.16682906087101	0.149328614937993	-7.81383435020488	5.54739912801965e-15	3.59740428301881e-14
gene_3658	interaction_vs_self	4319.58423274155	1.0391349119879	0.13303042064514	7.81125780816554	5.66200645459508e-15	3.66894589336365e-14
gene_394	interaction_vs_self	503.189625613637	-1.26401586286498	0.161973885890892	-7.80382501730209	6.00584527767056e-15	3.88293320066918e-14
gene_1382	interaction_vs_self	233.451076861688	1.47109675038992	0.188750188179517	7.79388229796509	6.4981081229304e-15	4.19802305904032e-14
gene_7464	interaction_vs_self	878.60979637518	-1.20236721861545	0.154531412183157	-7.78073015465852	7.21071540542958e-15	4.64603082208968e-14
gene_2350	interaction_vs_self	6752.18612164639	1.01496408382413	0.130517324762113	7.77647017876021	7.45761537252212e-15	4.79258165081001e-14
gene_8475	interaction_vs_self	170.672726600565	-1.35275513449863	0.174066480478727	-7.77148553115001	7.75709411526468e-15	4.97756563918034e-14
gene_5955	interaction_vs_self	191.044235497568	1.26501360409424	0.163760134077986	7.7247958498362	1.12032748548402e-14	7.12481669817474e-14
gene_2032	interaction_vs_self	604.412177855453	1.02403801726224	0.132612359241941	7.72204056330797	1.14481946126918e-14	7.26977343357878e-14
gene_4701	interaction_vs_self	2938.06525103979	-1.03780185229974	0.134507078568272	-7.71559283976999	1.20421166176802e-14	7.6412541324939e-14
gene_6257	interaction_vs_self	304.429872757936	1.05748613108258	0.137390983367259	7.69691070814898	1.39395232607506e-14	8.80607521121956e-14
gene_5617	interaction_vs_self	6223.36079900128	1.25920593089941	0.163605399519396	7.69660374656597	1.39730356998555e-14	8.82073640049878e-14
gene_5732	interaction_vs_self	2349.42547554836	-1.08190715152688	0.140878530030177	-7.67971635773835	1.59441218969085e-14	1.00354178998189e-13
gene_8146	interaction_vs_self	149.973823115395	1.35279430495882	0.176212674339398	7.6770545026361	1.62788183571455e-14	1.02310341510401e-13
gene_2649	interaction_vs_self	3421.43587520617	-1.01007333884015	0.131682817693765	-7.67050216976008	1.71324269498783e-14	1.0751728349777e-13
gene_6526	interaction_vs_self	238.587879394911	-1.72009197591046	0.224701440172428	-7.65501090954524	1.93295832485073e-14	1.21039672719256e-13
gene_8381	interaction_vs_self	301.223169449913	-1.0240837814834	0.134196272961072	-7.63123862449196	2.32508849166292e-14	1.44958175445263e-13
gene_1925	interaction_vs_self	1211.09928929704	-1.01392985046208	0.132905538397424	-7.62895107824738	2.36671421970431e-14	1.47445951387692e-13
gene_6731	interaction_vs_self	979.413464252675	-1.13480863392539	0.149730384170415	-7.57901370662225	3.48191727868561e-14	2.1488977581506e-13
gene_311	interaction_vs_self	592.464823510781	1.19194523192597	0.157320489770451	7.57654157869177	3.54888003615193e-14	2.18864647762684e-13
gene_5722	interaction_vs_self	797.705798279597	-1.04218018417713	0.138331620251744	-7.53392595474926	4.92370539993293e-14	3.01912021657779e-13
gene_2762	interaction_vs_self	850.348370024349	1.18485001235119	0.157445331975826	7.52546930088161	5.25312960421616e-14	3.21420939328737e-13
gene_2300	interaction_vs_self	126.512478805847	1.95732362384439	0.260175378162137	7.52309322146777	5.34952520906164e-14	3.26851790075429e-13
gene_8503	interaction_vs_self	2444.63004826671	1.12540969814222	0.149604827886818	7.52254933238943	5.37183377436733e-14	3.27980721173925e-13
gene_4748	interaction_vs_self	87.0773789896602	-2.11359034960468	0.281110248470294	-7.5187239209745	5.53134466693373e-14	3.37238677699093e-13
gene_6073	interaction_vs_self	831.147099667889	1.13533239482351	0.151249596823554	7.50634989227758	6.07987799438715e-14	3.70154734224424e-13
gene_6267	interaction_vs_self	306.548175646717	-1.05240759364317	0.140352948597085	-7.49829343923758	6.46540361844487e-14	3.9334651722735e-13
gene_2551	interaction_vs_self	4585.56507013801	-1.28804357781439	0.171978906999543	-7.48954392306849	6.91133526852173e-14	4.2017776916581e-13
gene_3021	interaction_vs_self	324.882498951587	1.25272481209215	0.168019104414064	7.45584745532838	8.92920088189226e-14	5.39406912836964e-13
gene_5652	interaction_vs_self	260.260781260308	-1.77992015825874	0.238766505655592	-7.45464759963518	9.01083494943236e-14	5.43954493421305e-13
gene_4873	interaction_vs_self	166.56096030414	-2.14103571414795	0.287264471493545	-7.45318661586055	9.11122616450726e-14	5.49627173842016e-13
gene_4325	interaction_vs_self	2108.0554363707	-1.11912813273781	0.15034670656523	-7.44364913808247	9.79414161088069e-14	5.89577019614196e-13
gene_7437	interaction_vs_self	174.845250334067	-1.3341375900171	0.179302649474539	-7.44070204164243	1.001516119286e-13	6.02458045051876e-13
gene_1480	interaction_vs_self	33.9246051967723	5.80333926995371	0.780154652505326	7.43870366127706	1.01678125743118e-13	6.10782285165677e-13
gene_135	interaction_vs_self	1322.53619453342	-1.09121550888761	0.14670300515602	-7.43826282036343	1.02017939540066e-13	6.12393802568699e-13
gene_6089	interaction_vs_self	84.5588709398781	2.44286605537966	0.328549182730098	7.43531313966612	1.04320538912931e-13	6.25338804688158e-13
gene_3640	interaction_vs_self	1921.42361541582	1.69856539746365	0.229108776338051	7.41379455039911	1.22736008592516e-13	7.3367334745247e-13
gene_626	interaction_vs_self	407.812963527081	-1.28457191383244	0.174037567160906	-7.38100362345791	1.57100731230346e-13	9.32581317151012e-13
gene_8364	interaction_vs_self	159.784189014251	-1.52565960947938	0.207372506084614	-7.3570968412605	1.87952999860411e-13	1.11187123621639e-12
gene_4058	interaction_vs_self	456.200279246667	-1.0191678509998	0.138701559780479	-7.34791917706495	2.01316160109381e-13	1.18927973121898e-12
gene_4305	interaction_vs_self	191.82276160898	-1.86728019674385	0.254192207669641	-7.34593799653625	2.04321081750006e-13	1.20536764974504e-12
gene_7579	interaction_vs_self	123.979673736659	1.73506537056403	0.236203663940807	7.34563275444719	2.04787953116798e-13	1.20728986134972e-12
gene_5195	interaction_vs_self	5114.81714742579	1.0849339558263	0.147701214373438	7.34546401956605	2.05046484736312e-13	1.20798204359451e-12
gene_285	interaction_vs_self	221.349568004591	-1.37530677329318	0.187830556272367	-7.32206090737915	2.44191265766394e-13	1.4316967362742e-12
gene_7968	interaction_vs_self	289.758797289071	-1.62899256156241	0.222614874760915	-7.3175369045394	2.52563692504983e-13	1.47875869209484e-12
gene_6467	interaction_vs_self	1689.82260027273	-1.15595844520366	0.158273260968768	-7.30356118353918	2.80249349451975e-13	1.63749790533031e-12
gene_5907	interaction_vs_self	181.610602706612	1.14059597577931	0.15619035631463	7.30260179112271	2.82255619038719e-13	1.64809556546483e-12
gene_8103	interaction_vs_self	435.659425869352	-1.25211280320017	0.171524308902459	-7.29991457894289	2.87950480392386e-13	1.67905729711092e-12
gene_5006	interaction_vs_self	14662.2091529102	1.01458088865047	0.138999499220937	7.29916938073149	2.89549625813761e-13	1.68723267322382e-12
gene_4820	interaction_vs_self	251.014268194447	1.39410792035947	0.191000673192157	7.29896862173318	2.89981930608986e-13	1.68860226259382e-12
gene_6968	interaction_vs_self	274.327356485915	1.3942918818584	0.191263105854489	7.28991550999473	3.10149464090202e-13	1.80358655748107e-12
gene_6650	interaction_vs_self	1673.58731128929	-1.20934346403076	0.165928729656004	-7.28833075825939	3.13818778911485e-13	1.82368550406131e-12
gene_1767	interaction_vs_self	147.065797720295	1.81179724965904	0.248979034984451	7.2769068679706	3.41560879020669e-13	1.98221093180809e-12
gene_2793	interaction_vs_self	216.361418573366	1.0983936355661	0.150966339773673	7.27575191405448	3.4449617528735e-13	1.99789109787243e-12
gene_5549	interaction_vs_self	267.054534127259	1.54906654430599	0.21310280727046	7.26910435459438	3.61878773531643e-13	2.09727982493626e-12
gene_3496	interaction_vs_self	4612.15489676647	1.55329957875323	0.214047341668208	7.25680387641055	3.96343724149389e-13	2.28927279265774e-12
gene_5632	interaction_vs_self	190.380875897695	1.20840893859006	0.166777498267062	7.24563535936379	4.30416670077352e-13	2.47938539425446e-12
gene_3688	interaction_vs_self	109.347169118543	3.40075086313691	0.469643866662094	7.24112695712842	4.44971616082596e-13	2.55806382381936e-12
gene_2550	interaction_vs_self	1733.93595697409	1.05633600719418	0.14593444394222	7.2384282877894	4.53914106921944e-13	2.60772131224955e-12
gene_887	interaction_vs_self	3256.7435471409	-1.10715132443349	0.153227918597901	-7.22551956956922	4.99189577109241e-13	2.86014911650275e-12
gene_289	interaction_vs_self	594.871352892281	1.44986091931509	0.200918112085229	7.21617829407072	5.34689440598067e-13	3.06149940569863e-12
gene_6451	interaction_vs_self	273.658268991024	-1.7981217008163	0.249387613897826	-7.21014838191999	5.58909394704765e-13	3.19376796974152e-12
gene_696	interaction_vs_self	177.484002538445	-1.68673570869182	0.234023870388968	-7.20753701700738	5.69729551360848e-13	3.25125663976591e-12
gene_7219	interaction_vs_self	1445.98369334636	-1.27849853186793	0.177883083625718	-7.18729687955044	6.60866110852109e-13	3.7438874314322e-12
gene_8032	interaction_vs_self	606.238489486868	1.24779602462975	0.174376008992883	7.15577809032594	8.31996398577872e-13	4.67315562455813e-12
gene_7243	interaction_vs_self	59.1005872234136	2.37424062513539	0.332365064540284	7.14347227925222	9.10022813306102e-13	5.0814059242663e-12
gene_1596	interaction_vs_self	8094.17567364273	1.04883365925517	0.146869833930015	7.14124630763147	9.24884483886927e-13	5.15766200786455e-12
gene_6449	interaction_vs_self	667.242196718958	-1.33984290131613	0.187716255790063	-7.13759655857705	9.49769023507901e-13	5.2905525357489e-12
gene_38	interaction_vs_self	1176.35998463364	-1.0249179116134	0.143711367821952	-7.13178036745984	9.90788868337431e-13	5.50724202140806e-12
gene_1805	interaction_vs_self	125.121371716133	-2.03639290043837	0.28586968473732	-7.12350070385944	1.0521971405082e-12	5.83342456136671e-12
gene_1008	interaction_vs_self	833.886815627867	-1.02013489064734	0.143503765873121	-7.108767386281	1.17083886629385e-12	6.474406134028e-12
gene_3864	interaction_vs_self	438.454046314769	1.14789143937458	0.161488184073665	7.10820699334235	1.17560158319219e-12	6.49654586967408e-12
gene_4669	interaction_vs_self	150.372242990073	-1.46142430080011	0.205668843762801	-7.10571554768682	1.19700726612468e-12	6.61056916001761e-12
gene_8589	interaction_vs_self	105.420411774913	-1.72435832264417	0.242703394580933	-7.10479688848836	1.20499620924774e-12	6.65039816322416e-12
gene_2492	interaction_vs_self	4138.13116070861	-1.00101175757882	0.140946245166402	-7.10208176455512	1.22891483372487e-12	6.77803542312173e-12
gene_3689	interaction_vs_self	2914.26269802578	-1.16858528180166	0.164647601843312	-7.09749348741653	1.27039790973609e-12	6.99331582465656e-12
gene_302	interaction_vs_self	365.295405828311	-1.07606391901085	0.152480092480021	-7.05707808481193	1.700400842892e-12	9.30654169766975e-12
gene_3417	interaction_vs_self	365.553502406156	-1.29529808986682	0.183639227710676	-7.05349345025327	1.74480725075399e-12	9.54348247057775e-12
gene_980	interaction_vs_self	686.782173777327	1.19008304744202	0.168914628543102	7.04547058893923	1.84835751242013e-12	1.0084091973433e-11
gene_5981	interaction_vs_self	228.898045129634	-1.27524571671191	0.18180737469864	-7.0142683641174	2.31155338951639e-12	1.25075202365742e-11
gene_8389	interaction_vs_self	89.3029571217067	-1.78304564838122	0.254213782902433	-7.01396135183415	2.31663413912025e-12	1.2527093007498e-11
gene_6328	interaction_vs_self	476.098308395907	1.04575237709587	0.149588610586524	6.99085560722545	2.73214843542465e-12	1.47367300612697e-11
gene_399	interaction_vs_self	2446.82725889246	1.43954164570262	0.206163511889909	6.98252388362169	2.89923660027272e-12	1.56182915659751e-11
gene_2812	interaction_vs_self	225.513834324079	-1.2517262273647	0.179359424425666	-6.97887067475213	2.97562225986056e-12	1.60096332774396e-11
gene_6037	interaction_vs_self	719.247903906265	1.10035621295132	0.158118010550191	6.95908207497996	3.42496946757141e-12	1.8369510427576e-11
gene_4029	interaction_vs_self	1812.09618368181	1.06425838268509	0.153070914211527	6.95271461705915	3.58323104705778e-12	1.9206297910341e-11
gene_5664	interaction_vs_self	117.731719381599	-1.70457436221463	0.245727823666676	-6.93683904728204	4.00970210263278e-12	2.14519062490854e-11
gene_553	interaction_vs_self	443.964759841725	-1.31942857937777	0.19028068233287	-6.93411734287145	4.08765257921841e-12	2.18552817477262e-11
gene_7563	interaction_vs_self	231.892906308736	1.21740402535363	0.175916868598392	6.9203370606425	4.50570293729804e-12	2.40304156655896e-11
gene_6560	interaction_vs_self	418.654071295531	-1.19909158227419	0.173500732117949	-6.91116151290372	4.8070136553643e-12	2.55895751802975e-11
gene_1871	interaction_vs_self	76.1637727885647	-2.27892704549713	0.330201148773399	-6.90163269862228	5.14082173880194e-12	2.72987236501054e-11
gene_6289	interaction_vs_self	7690.61212051141	-1.0517173740945	0.152386757359215	-6.90163234863861	5.14083440700583e-12	2.72987236501054e-11
gene_1057	interaction_vs_self	2008.94121208154	-1.11849469148487	0.162071098009398	-6.90125941776497	5.15435062357975e-12	2.73535284177574e-11
gene_2968	interaction_vs_self	353.843078455778	1.39922823973435	0.202770889584897	6.90053805355784	5.18059411379916e-12	2.7475765560174e-11
gene_6715	interaction_vs_self	352.679643741498	-1.08570150471654	0.15736262172967	-6.89936080616171	5.22370434646629e-12	2.7670117082767e-11
gene_5202	interaction_vs_self	44.6045778979324	2.57645971306266	0.374710750142758	6.8758628144004	6.16157743885103e-12	3.24373326424138e-11
gene_2811	interaction_vs_self	303.072249481083	-1.4221530612979	0.207706465451663	-6.84693689339611	7.54479793930326e-12	3.94282480832942e-11
gene_6262	interaction_vs_self	243.621132092618	-1.10093704142303	0.160941559325498	-6.84060130917723	7.88614532953123e-12	4.113674833686e-11
gene_3398	interaction_vs_self	148.183628911817	1.63889992910001	0.239691145096935	6.83754891503068	8.05595862764416e-12	4.1945867306955e-11
gene_1699	interaction_vs_self	3990.30116584603	1.1485012028131	0.168042727497924	6.83457844271951	8.22465225829953e-12	4.27721891440121e-11
gene_522	interaction_vs_self	346.961535991816	1.52523573581359	0.22328938374599	6.83075796182354	8.44671422452963e-12	4.38471035548658e-11
gene_8487	interaction_vs_self	283.109039871701	1.13530920702412	0.1662291989589	6.82978209685548	8.50437090866564e-12	4.41196454413199e-11
gene_6795	interaction_vs_self	893.603872152514	-1.00964086762395	0.147874868900472	-6.82767041574522	8.63045782292222e-12	4.47466498874708e-11
gene_1415	interaction_vs_self	618.468840076234	-1.12769560525586	0.165425593680686	-6.81693551865139	9.30029816731136e-12	4.80160146635617e-11
gene_2871	interaction_vs_self	444.256799045834	1.04279291555093	0.152977603053897	6.81663782628059	9.31958157505592e-12	4.80653634183826e-11
gene_6774	interaction_vs_self	264.163659985007	-1.36731957854306	0.20094448253929	-6.80446440362306	1.0142586211769e-11	5.22071785765138e-11
gene_4133	interaction_vs_self	135.981000702337	-1.17694015208788	0.173268473465915	-6.79258106535696	1.10144885363229e-11	5.64913252671804e-11
gene_2817	interaction_vs_self	865.826980290353	-1.20702295970885	0.177926318155206	-6.78383598460094	1.17026181827755e-11	5.99487801583233e-11
gene_7693	interaction_vs_self	133.015883644016	-1.48785459366154	0.219731716733811	-6.77123273680133	1.27689669006355e-11	6.52551383101132e-11
gene_3361	interaction_vs_self	33.355574538979	-3.37423221922192	0.498751752784853	-6.76535410729167	1.32983540523301e-11	6.78390409344136e-11
gene_3879	interaction_vs_self	204.219500220738	-1.22222713093612	0.180737290670056	-6.76245132592669	1.35676268176856e-11	6.91302890234456e-11
gene_6589	interaction_vs_self	115.90450400716	-1.50362641596496	0.222529841464561	-6.75696529539128	1.40911925289426e-11	7.17552695108559e-11
gene_1668	interaction_vs_self	676.457732969912	-1.10735783450831	0.164050065683606	-6.75012125044802	1.47721653405105e-11	7.51335325696792e-11
gene_5391	interaction_vs_self	174.623942691487	-1.2652981511297	0.187482228896302	-6.74889646116566	1.48973846236788e-11	7.57254230277257e-11
gene_8587	interaction_vs_self	81.0106633876584	-1.92718104679282	0.286714219129744	-6.72160959663019	1.79727974289145e-11	9.07652778710963e-11
gene_1079	interaction_vs_self	56.2533801675286	-2.59194077498174	0.385808641028786	-6.71820301398679	1.83979254586588e-11	9.2802735371903e-11
gene_4864	interaction_vs_self	255.548693788867	-1.13152193339059	0.168771659562367	-6.70445462422235	2.02159959529505e-11	1.01673869187577e-10
gene_2037	interaction_vs_self	121.246842222575	-1.29950751289307	0.193837510293664	-6.70410753276966	2.0264100206895e-11	1.01848961835567e-10
gene_1258	interaction_vs_self	167.033887070052	1.92128766371155	0.286627966331336	6.70307119121299	2.04083971584527e-11	1.02460926496396e-10
gene_2331	interaction_vs_self	118.73149185978	1.34799605170229	0.201304046348223	6.69631870871824	2.13735313406974e-11	1.07055253526255e-10
gene_4695	interaction_vs_self	284.463205109581	-1.20639376342759	0.180955830002906	-6.66678583059863	2.61466206475267e-11	1.29823128041084e-10
gene_1049	interaction_vs_self	33.4777625777788	-2.78907781982951	0.418522493834422	-6.66410494278699	2.66283149471212e-11	1.31985162679419e-10
gene_7263	interaction_vs_self	1199.54499408026	1.07023315256891	0.161059939458549	6.64493701020139	3.0334677599007e-11	1.49662732131124e-10
gene_2004	interaction_vs_self	120.96014894022	1.58241192533455	0.238419702370052	6.63708539858205	3.19946302900526e-11	1.57489381991288e-10
gene_8604	interaction_vs_self	213.15089127234	-1.06844779427974	0.161508673573341	-6.61542052597295	3.70496991425443e-11	1.81537163514699e-10
gene_7264	interaction_vs_self	302.508123970479	1.15607054617023	0.174934198955876	6.60860228057425	3.87965453536753e-11	1.89879032720103e-10
gene_860	interaction_vs_self	315.891785360983	-1.0975886728053	0.166429229038049	-6.59492734028328	4.25464182196404e-11	2.07401674236971e-10
gene_7656	interaction_vs_self	141.31587932637	1.38967980664845	0.210873122823676	6.59012295184935	4.39462487477854e-11	2.13860084866994e-10
gene_6323	interaction_vs_self	650.662289280686	-1.15621186971097	0.175497175114656	-6.58820786691063	4.45167114702008e-11	2.16390147748392e-10
gene_5577	interaction_vs_self	39.6581210464196	-3.28942875830518	0.499332262448483	-6.58765516607202	4.46826920956079e-11	2.17073691451988e-10
gene_2656	interaction_vs_self	29.6687111053074	3.28209946196245	0.499827246588842	6.566467683308	5.15228227527143e-11	2.49313376350048e-10
gene_7053	interaction_vs_self	40.5354484008717	-2.83007590184406	0.432262855570206	-6.54711795236455	5.86580347427308e-11	2.83039897067517e-10
gene_4719	interaction_vs_self	157.466205759948	1.6832963712243	0.258253346705748	6.51800409441446	7.12490480939304e-11	3.4165736351626e-10
gene_4869	interaction_vs_self	60.6376104012333	-1.8117692160678	0.277981451250228	-6.51759032093444	7.14458019005108e-11	3.42236185936414e-10
gene_2751	interaction_vs_self	272.937434103413	-1.03376110618655	0.15882960597402	-6.50861720550792	7.58457205717699e-11	3.63109266272008e-10
gene_8317	interaction_vs_self	897.017920767735	1.00045729840176	0.15372327561447	6.50817057080447	7.60715139597513e-11	3.63783329327079e-10
gene_1379	interaction_vs_self	114.64678431842	-1.74307408423979	0.26905093540306	-6.47860257994838	9.25759840817239e-11	4.39274070809067e-10
gene_7475	interaction_vs_self	170.257491322615	-1.13218344542934	0.174884943911854	-6.4738760244563	9.55202854310993e-11	4.52492331649258e-10
gene_8543	interaction_vs_self	21.0093802617062	7.99736972377649	1.23563351069898	6.472282966211	9.65331224536077e-11	4.56532336023692e-10
gene_3071	interaction_vs_self	222.318836571164	-1.07435492671735	0.1660101146903	-6.47162330272233	9.69555915830011e-11	4.58277119795963e-10
gene_5418	interaction_vs_self	242.4428095994	1.03447277265996	0.159954722978044	6.46728495039159	9.97793896284385e-11	4.71364003984235e-10
gene_5341	interaction_vs_self	152.415244264397	1.84437347287465	0.285195625452118	6.46704685582319	9.99366692283451e-11	4.71846601541442e-10
gene_2246	interaction_vs_self	541.380664077569	1.04345608870704	0.16136828046525	6.46630233462609	1.00430047709666e-10	4.73392735900186e-10
gene_3512	interaction_vs_self	2788.12022184281	1.13069167011657	0.174912201143683	6.46433846651872	1.0174291452188e-10	4.7879018598532e-10
gene_7353	interaction_vs_self	243.131283064329	-1.21072201683726	0.187889152808078	-6.44381008026565	1.16510867411518e-10	5.47383658091434e-10
gene_8613	interaction_vs_self	218.596968212908	1.17823215096049	0.182879720447569	6.44266159242237	1.17396262636153e-10	5.5124081632774e-10
gene_3563	interaction_vs_self	151.51199201551	-1.50662333613283	0.234317413834081	-6.42983938530348	1.27738847414428e-10	5.97837361327231e-10
gene_5755	interaction_vs_self	99.7270877780354	-1.4822657756911	0.230661826631079	-6.42614253663153	1.30882685246175e-10	6.12216276342763e-10
gene_291	interaction_vs_self	952.510223890542	1.11199240485102	0.17343652544243	6.41152376648674	1.4407229321791e-10	6.70978688762411e-10
gene_8602	interaction_vs_self	62.1498931347539	-1.89053377649672	0.295197157042278	-6.40430888779176	1.51052028037279e-10	7.01576429733646e-10
gene_3594	interaction_vs_self	106.807624252647	1.66268266730029	0.260585202675653	6.38057207480734	1.76427666894687e-10	8.15013938811936e-10
gene_8104	interaction_vs_self	46.5298241176984	-2.64720056040615	0.415396928468037	-6.37270133452574	1.85727357634471e-10	8.55205046450283e-10
gene_3444	interaction_vs_self	289.433178053711	-1.01435034917338	0.159228598383591	-6.37040305240738	1.88532085343364e-10	8.67653037924301e-10
gene_1136	interaction_vs_self	198.918018606059	-1.21393375346875	0.190879055024129	-6.3597011904491	2.02146600660242e-10	9.28312715478363e-10
gene_4566	interaction_vs_self	48.5612214845056	2.12357049845678	0.334863991727006	6.34159106658441	2.27404271002438e-10	1.04150912775863e-09
gene_1822	interaction_vs_self	161.684279762565	1.18123992652121	0.186617776393876	6.32972886799425	2.45592363060612e-10	1.12180929978593e-09
gene_5694	interaction_vs_self	52.5862404946639	-3.58259252533032	0.566060148179106	-6.32899619740897	2.46761190711316e-10	1.12654708932739e-09
gene_5365	interaction_vs_self	3572.2212253277	2.5761957292308	0.407311307435188	6.32488144130574	2.53427085315995e-10	1.15513091070549e-09
gene_8002	interaction_vs_self	65.2925443331794	1.99460290348999	0.315542230523668	6.32119162046798	2.59553924677462e-10	1.18179872087185e-09
gene_5570	interaction_vs_self	6187.56662465484	1.17486292608602	0.186006205869601	6.31625660333967	2.67974961236912e-10	1.21849515347179e-09
gene_5507	interaction_vs_self	344.902986443202	-1.00999697327114	0.159903411169264	-6.31629410458303	2.67909974616969e-10	1.21849515347179e-09
gene_665	interaction_vs_self	143.554801310421	-1.28155493737688	0.203294847712877	-6.30392236593663	2.90205896533208e-10	1.31576402241751e-09
gene_8476	interaction_vs_self	509.904234253669	1.30719453733258	0.207547081448051	6.29830363410709	3.00920620440631e-10	1.36289974125492e-09
gene_1947	interaction_vs_self	143.043879784571	-1.44279951031315	0.22937471796394	-6.29014183917152	3.17176031662614e-10	1.43348829515944e-09
gene_4745	interaction_vs_self	52.271190357949	-3.24679148257099	0.523981993652004	-6.19637987928131	5.77765853508813e-10	2.55987355384857e-09
gene_8596	interaction_vs_self	413.454787372192	1.00389406115441	0.16222007514438	6.1884699551576	6.07509836326892e-10	2.68609721020568e-09
gene_8544	interaction_vs_self	121.165990929845	-1.75048200289304	0.283114216732995	-6.18295337864971	6.29132992624435e-10	2.77453808184707e-09
gene_8226	interaction_vs_self	69.5651782724052	2.05816075772281	0.336886589232995	6.10935793677247	1.00032752808578e-09	4.33779313090894e-09
gene_1403	interaction_vs_self	88.8582142476727	1.5011890668143	0.245950291043748	6.10362793409859	1.03687500456907e-09	4.49172572829515e-09
gene_5610	interaction_vs_self	912.025523907196	1.3697863386455	0.22540263433151	6.07706446159318	1.22402567482389e-09	5.25459366925402e-09
gene_32	interaction_vs_self	188.075520121207	-1.28427063082014	0.211710854538741	-6.06615392308633	1.31009580487728e-09	5.60721004487475e-09
gene_7941	interaction_vs_self	1195.17568636052	1.00825730202895	0.166238159626411	6.06513753698202	1.31840780496757e-09	5.63714825700418e-09
gene_6525	interaction_vs_self	169.391103990423	-1.10034192693015	0.181677075927623	-6.05658100402556	1.39045137120989e-09	5.93333187315886e-09
gene_7701	interaction_vs_self	2099.79359254606	1.10225863729441	0.183286605549896	6.01385264344555	1.81165203309922e-09	7.66192757081489e-09
gene_7981	interaction_vs_self	879.316249641154	-1.17743343257721	0.196040554259601	-6.00607071850059	1.900733127245e-09	8.00702537855178e-09
gene_7731	interaction_vs_self	61.8366963094707	2.30269713401696	0.383410117395412	6.00583299590444	1.90352048711274e-09	8.01482310363258e-09
gene_3477	interaction_vs_self	43.8052472722936	2.89101920356456	0.483501504495044	5.9793385887886	2.24045437759732e-09	9.36897385062678e-09
gene_6539	interaction_vs_self	157.203051202249	-1.51381195767433	0.253859513829922	-5.96318780744431	2.47363828707109e-09	1.0293798608327e-08
gene_4047	interaction_vs_self	346.730742529538	1.01538574507801	0.170320646968915	5.96161277653747	2.4976044828927e-09	1.03834358298016e-08
gene_4744	interaction_vs_self	44.7091971936645	-2.67045682246752	0.449675903208014	-5.93862558215001	2.87421441754391e-09	1.1914419086768e-08
gene_7225	interaction_vs_self	134.59688155316	1.33099138899791	0.224777956235474	5.92136084556075	3.19288409484434e-09	1.31970486971837e-08
gene_278	interaction_vs_self	4081.40339689256	1.1313612530824	0.191437039885125	5.90983465770934	3.42451285636447e-09	1.40931875242692e-08
gene_7327	interaction_vs_self	1572.82599508802	1.06780886864131	0.18071621011679	5.90876085743068	3.44690656687435e-09	1.41785296551872e-08
gene_6485	interaction_vs_self	209.702814537153	-1.11177039146078	0.188621015461491	-5.89420213193455	3.76496076405465e-09	1.54348966189213e-08
gene_4321	interaction_vs_self	31.5377277722627	-3.33460101849101	0.565854322979403	-5.89303798358077	3.79159207134564e-09	1.55366338586495e-08
gene_1798	interaction_vs_self	70.2782561361869	-1.68430115912904	0.285857698119821	-5.8920965578581	3.81326234368623e-09	1.56104857302507e-08
gene_4761	interaction_vs_self	71.603177898409	-1.83862879519735	0.312219864679469	-5.88889114113518	3.88795427859846e-09	1.59010456879134e-08
gene_95	interaction_vs_self	390.893514022478	-1.15062165286402	0.196181099346805	-5.86509942443526	4.4886365144198e-09	1.82878289211963e-08
gene_1863	interaction_vs_self	342.922130176066	-1.08530917554334	0.185690607105392	-5.84471768637904	5.07428084329961e-09	2.05467568678546e-08
gene_1859	interaction_vs_self	250.39357055296	-1.53975598190016	0.263460708197387	-5.84434769205342	5.08557093935506e-09	2.05730090930431e-08
gene_5826	interaction_vs_self	421.217448394275	1.0628674244318	0.182007054040014	5.83970456550617	5.22934708743277e-09	2.11246866769346e-08
gene_3921	interaction_vs_self	81.064905379957	-1.469135484671	0.252506666326594	-5.81820474700182	5.94830140839037e-09	2.39273778457808e-08
gene_6126	interaction_vs_self	128.955662186794	-1.15084614944225	0.197809426303663	-5.81795403256238	5.95722778000759e-09	2.395202902624e-08
gene_5881	interaction_vs_self	35.2351443792254	-5.14223882090011	0.883902334241642	-5.81765498482587	5.96789203923838e-09	2.39723866052935e-08
gene_6399	interaction_vs_self	337.598569333001	1.22788869543082	0.212808589069578	5.76992075742468	7.93088177385619e-09	3.15027136817675e-08
gene_7766	interaction_vs_self	354.209889071784	-1.02352866011737	0.177462152793014	-5.76758843510247	8.0413890626197e-09	3.19268508237591e-08
gene_6763	interaction_vs_self	116.840216641054	-1.88013376640045	0.326052699851217	-5.76634932714368	8.10070649562907e-09	3.21309614421704e-08
gene_6609	interaction_vs_self	2355.63047204195	-1.01175152826584	0.175723431700825	-5.75763583987126	8.53001216005283e-09	3.3741637749562e-08
gene_3772	interaction_vs_self	25.3531219318401	-3.02215158991747	0.525082634194112	-5.75557330048786	8.6348243442188e-09	3.41404602247173e-08
gene_6951	interaction_vs_self	37.8359320811776	-2.23904450947447	0.389093443706101	-5.75451615978838	8.68902938281509e-09	3.43389157511067e-08
gene_14	interaction_vs_self	1337.977212241	-1.04988283891125	0.182518773847807	-5.75219094878804	8.80942148608942e-09	3.47986377115484e-08
gene_2552	interaction_vs_self	237.122141681395	1.02687090006747	0.17857414602836	5.75038953233684	8.9038065065258e-09	3.51390427366809e-08
gene_5401	interaction_vs_self	219.099786117684	-1.14278584816561	0.19879452708256	-5.74857801639082	8.99971178920132e-09	3.54684774012722e-08
gene_6593	interaction_vs_self	216.78225514054	1.63214988309601	0.284415186237501	5.73861721199755	9.54526905499029e-09	3.75494040030868e-08
gene_6977	interaction_vs_self	259.444747162813	-1.05822735808118	0.184724738319021	-5.72867157756434	1.0122014230905e-08	3.97269334326211e-08
gene_3893	interaction_vs_self	159.121889823589	-1.18786588517636	0.207528154639209	-5.72387822385584	1.04119394757444e-08	4.08273943712195e-08
gene_5887	interaction_vs_self	101.617030198318	-1.32337512471397	0.231893358155703	-5.70682634137976	1.15102109459589e-08	4.49691491088125e-08
gene_4025	interaction_vs_self	178.570317482907	-1.09904684563266	0.19397040929414	-5.66605416584984	1.46123349898639e-08	5.65724050263388e-08
gene_817	interaction_vs_self	46.991699714718	-2.57857291300952	0.455547885653986	-5.6603773043699	1.51040545229668e-08	5.83705222196822e-08
gene_3486	interaction_vs_self	121.091109739838	-1.27399722456534	0.225282701964405	-5.65510451293609	1.55751469066058e-08	6.01096742653497e-08
gene_5947	interaction_vs_self	606.172737094564	1.5613559196001	0.276814184964553	5.64044765191509	1.69608628949561e-08	6.51345833920252e-08
gene_3830	interaction_vs_self	62.9645824974614	-1.54518034627623	0.274864923428486	-5.62159888210783	1.89198153537976e-08	7.22040211451214e-08
gene_2185	interaction_vs_self	190.698381631631	-1.08473434940172	0.193214290610393	-5.61415175852096	1.97528801350479e-08	7.52155933968015e-08
gene_1721	interaction_vs_self	163.884004736625	-1.09900515754061	0.195823084108071	-5.61223495455774	1.99729991819628e-08	7.60199524222328e-08
gene_1835	interaction_vs_self	609.403407372899	1.15282087145043	0.205568514027513	5.6079642201244	2.04720334484544e-08	7.77464979231452e-08
gene_8603	interaction_vs_self	28.5623522059004	-2.93039125120594	0.522656219701486	-5.60672798054452	2.06187328276676e-08	7.82688926850709e-08
gene_2795	interaction_vs_self	184.49541827283	-1.02751262553104	0.183356015593635	-5.60392099601616	2.09556253474567e-08	7.95124791552436e-08
gene_4323	interaction_vs_self	188.179438413233	-1.26216281321461	0.225360313221392	-5.60064367666489	2.13557316275691e-08	8.09588408910504e-08
gene_3998	interaction_vs_self	114.095641366255	-1.30733777122782	0.234477228104051	-5.57554258807463	2.46759527234297e-08	9.31332254464543e-08
gene_1754	interaction_vs_self	72.3102673081125	-1.68208090506809	0.303488724759312	-5.54248236537321	2.98213445214929e-08	1.11471925372916e-07
gene_1066	interaction_vs_self	298.378621492025	-1.0399114016115	0.188129476083226	-5.52763672797056	3.24573252244209e-08	1.21166464858719e-07
gene_6527	interaction_vs_self	53.4878231679494	-1.71855246186321	0.312066263871892	-5.50701136528077	3.64976706312084e-08	1.35481379272829e-07
gene_1283	interaction_vs_self	23.8473246135909	-3.67978296793082	0.668264051299738	-5.50648050089458	3.66078490189795e-08	1.35831464066955e-07
gene_4862	interaction_vs_self	1382.10653252565	-1.07117663801121	0.194643692580007	-5.50326919826033	3.72812494728754e-08	1.38210262229456e-07
gene_1588	interaction_vs_self	67.3085608192514	-1.62046400018719	0.294673120231343	-5.49919177872415	3.81535993979774e-08	1.41199658818282e-07
gene_4073	interaction_vs_self	235.62289700127	-1.14127631391783	0.20756115607948	-5.49850624979565	3.83021967385698e-08	1.41627129193156e-07
gene_3338	interaction_vs_self	150.215632894171	-1.12435089117653	0.20451121994184	-5.49774673241047	3.84674874256719e-08	1.42176896530117e-07
gene_2041	interaction_vs_self	1478.00822983907	1.27453742525293	0.231918870027484	5.49561760585454	3.89345365278395e-08	1.43778961466051e-07
gene_3450	interaction_vs_self	39.9899225207843	-2.03243567879172	0.370539332002364	-5.48507406166198	4.1329622804854e-08	1.52295123206866e-07
gene_5657	interaction_vs_self	384.553645447192	-1.00755640954553	0.184640747990975	-5.45684752964055	4.8466218025255e-08	1.77827186582162e-07
gene_927	interaction_vs_self	125.553731326043	-1.18039260640529	0.216452311243956	-5.45336106425266	4.94265663380369e-08	1.81195463748863e-07
gene_1737	interaction_vs_self	1954.15698972372	1.23247443698793	0.226341278443524	5.445204009906	5.17460434772641e-08	1.89212358891662e-07
gene_1724	interaction_vs_self	10.6494207925706	6.98853388222402	1.28737931816521	5.42849631310232	5.68308196751458e-08	2.07097410140165e-07
gene_4970	interaction_vs_self	87.3714308579922	-1.44225978099814	0.267647161194799	-5.38866085692734	7.09846124262032e-08	2.56383241505611e-07
gene_4468	interaction_vs_self	90.9096005942832	-1.36969698187377	0.254682534148129	-5.37805620026196	7.52943154634228e-08	2.71034205368755e-07
gene_4278	interaction_vs_self	3549.16695417124	1.0034711002213	0.186612279734777	5.37730476069146	7.56091310353024e-08	2.72053031383854e-07
gene_1740	interaction_vs_self	718.984756038941	-1.19176005609639	0.221689268152278	-5.37581302888228	7.62378736845934e-08	2.74200083504252e-07
gene_4867	interaction_vs_self	52.6537253163278	-1.88286296374527	0.350437350599313	-5.37289464300888	7.74826056325324e-08	2.78559892572229e-07
gene_5463	interaction_vs_self	26.4580390197731	-3.34513073770493	0.627283417174416	-5.33272623844098	9.67491154534919e-08	3.4435444003405e-07
gene_1512	interaction_vs_self	18.452381283645	5.06833674607167	0.952358551345101	5.32187875975199	1.02701013431817e-07	3.6447789178124e-07
gene_4763	interaction_vs_self	44.9501938586623	-2.4274349264336	0.458042625302354	-5.2995830351624	1.16067441455187e-07	4.09655702489628e-07
gene_7841	interaction_vs_self	149.384084084493	-1.0439012793179	0.196979965449866	-5.29953021838451	1.16101020355121e-07	4.09655702489628e-07
gene_1230	interaction_vs_self	21.6174929994559	2.62398159592547	0.49540288270435	5.29666194431781	1.17938744483653e-07	4.15968542554622e-07
gene_3130	interaction_vs_self	87.55692895074	1.46476156166689	0.276961126357696	5.28869008055357	1.23195422955224e-07	4.33793838131105e-07
gene_4122	interaction_vs_self	174.910661799787	1.03598333152333	0.196085588892992	5.28332213178956	1.2686203148932e-07	4.46337439189718e-07
gene_4526	interaction_vs_self	92.1491079090103	-1.62658316944023	0.309404287270959	-5.25714489539623	1.46309037018437e-07	5.11812569218562e-07
gene_3987	interaction_vs_self	22.1016248571699	-3.22422149976578	0.613692819537793	-5.25380352697318	1.48989816027244e-07	5.20764730581137e-07
gene_1394	interaction_vs_self	117.980308036725	1.24498934769684	0.237061961090642	5.25174659810059	1.50663647002167e-07	5.25970969958624e-07
gene_8061	interaction_vs_self	95.5824212961583	-1.03198455639973	0.197478153420186	-5.22581631702781	1.73388423449591e-07	6.01623390647954e-07
gene_4348	interaction_vs_self	123.396972152952	-1.10392453766609	0.211497939055641	-5.21955222162078	1.79356238466958e-07	6.21826407969688e-07
gene_5481	interaction_vs_self	36.3267443406487	-6.37270571174077	1.22614642498134	-5.19734477212846	2.02155222032445e-07	6.98043041790128e-07
gene_3289	interaction_vs_self	75.2279129791724	-1.73244663469111	0.335702260397506	-5.16066419284669	2.46075232061886e-07	8.43573883239784e-07
gene_7271	interaction_vs_self	221.663807737433	1.28478217979735	0.249375199846573	5.15200461227821	2.57716696041074e-07	8.80309225104388e-07
gene_3257	interaction_vs_self	39.0580845393356	-2.04968356240144	0.399879764969531	-5.12574964266475	2.96356195786394e-07	1.0074698315852e-06
gene_5517	interaction_vs_self	149.796644791935	-1.0384768498287	0.203612509546925	-5.10026054950898	3.39186239224684e-07	1.1439851094418e-06
gene_5379	interaction_vs_self	461.11493154652	1.10925167982949	0.217545659028132	5.0989373209513	3.41565621740491e-07	1.1506500283741e-06
gene_184	interaction_vs_self	241.675786227329	1.30815976140626	0.256887638795004	5.0923421910938	3.53667052196472e-07	1.19094805932407e-06
gene_8586	interaction_vs_self	26.8945382862663	-6.20820907766017	1.2226433401205	-5.07769426613676	3.82042802322892e-07	1.28146018334011e-06
gene_7020	interaction_vs_self	117.639446102241	-1.19012413102931	0.234648694995873	-5.07194012329896	3.93780300204896e-07	1.31927959677257e-06
gene_1915	interaction_vs_self	196.230609628339	1.22675438576812	0.243295022418367	5.04225024241805	4.60089060087255e-07	1.52708893150326e-06
gene_2315	interaction_vs_self	34.7259859866189	-2.05131943390232	0.407079514114644	-5.0391124160687	4.67695729388438e-07	1.55053270471147e-06
gene_1850	interaction_vs_self	164.360088679337	-1.06126856809521	0.210950718023849	-5.0308838862318	4.88223775963183e-07	1.61608488872577e-06
gene_1531	interaction_vs_self	52.2997275742412	1.69503057564956	0.337660107974628	5.01993139141247	5.16899380107284e-07	1.70704424911974e-06
gene_6863	interaction_vs_self	75.4538962730751	1.30770961552756	0.260514803581027	5.01971326600956	5.17486648114962e-07	1.70832460773779e-06
gene_8502	interaction_vs_self	19.171189870675	2.71183829411187	0.541227027174063	5.0105374601696	5.42782310825096e-07	1.78769395177485e-06
gene_8095	interaction_vs_self	103.585133950178	-1.13767905529747	0.227310879926298	-5.00494765435927	5.5877213194468e-07	1.83752956183114e-06
gene_7378	interaction_vs_self	110.330400044017	-1.21313607081146	0.242578332276189	-5.00100754848229	5.70314793871853e-07	1.87404784473822e-06
gene_3621	interaction_vs_self	83.9283018615379	-1.27195038147035	0.254373201402719	-5.0003316955414	5.72317684714561e-07	1.87990766736632e-06
gene_3954	interaction_vs_self	13.259707790991	-6.29603096745717	1.26595314884014	-4.97335227075785	6.58049245264529e-07	2.14996241964289e-06
gene_4550	interaction_vs_self	627.623375076043	1.36475565268631	0.274815487963637	4.96607983341496	6.83198395400967e-07	2.22572282660973e-06
gene_6158	interaction_vs_self	115.331795727485	1.04193840216855	0.209817175477697	4.96593474674482	6.83709429497156e-07	2.22615166089603e-06
gene_1380	interaction_vs_self	99.1079332086337	1.4365763733641	0.289451690310493	4.96309547138279	6.93784568246254e-07	2.25723903617938e-06
gene_3602	interaction_vs_self	51.7817254966448	1.58571789020997	0.319811690991361	4.95828618802058	7.11177489291939e-07	2.3111918406754e-06
gene_7452	interaction_vs_self	21.757565543382	-2.65613070849471	0.536306790177734	-4.95263300249184	7.3215980281514e-07	2.37667345927099e-06
gene_7809	interaction_vs_self	2630.37966634348	-1.72817409829158	0.349364998786496	-4.9466148706777	7.55151726060303e-07	2.44759514391374e-06
gene_1053	interaction_vs_self	182.475874444661	-1.40733339054274	0.285625915755264	-4.9271908216781	8.34202763663847e-07	2.68955768623824e-06
gene_7880	interaction_vs_self	144.924114418154	1.032355755614	0.210471080012568	4.90497675762557	9.3438402855866e-07	2.99562819642777e-06
gene_1199	interaction_vs_self	560.065848500072	-1.00642511023171	0.20599582383953	-4.88565783263508	1.0308408787566e-06	3.28640518516072e-06
gene_3362	interaction_vs_self	286.185795706416	-1.04985118785115	0.214970139407333	-4.88370706157405	1.04109711809041e-06	3.31786721178479e-06
gene_7246	interaction_vs_self	40.9518048771743	-1.87521779664094	0.384415654544694	-4.87809945945612	1.07112913333337e-06	3.40850014175971e-06
gene_5544	interaction_vs_self	54.5203029915445	-1.58277848101782	0.325370507936978	-4.8645419372932	1.14722181835974e-06	3.63711806117015e-06
gene_5653	interaction_vs_self	45.6702364701957	-2.07034097589691	0.425609898899632	-4.86440982986896	1.14798827016688e-06	3.63820051559737e-06
gene_7183	interaction_vs_self	45.6464517844418	-1.9088602274192	0.394775281911086	-4.83530837639711	1.329393835005e-06	4.17141174033826e-06
gene_1583	interaction_vs_self	67.0807412644504	-1.38990443564373	0.28854813498198	-4.81688934059658	1.4581349946388e-06	4.55306343720109e-06
gene_7374	interaction_vs_self	129.01264148968	-1.0527909485045	0.218827515607262	-4.81105379084954	1.501366003142e-06	4.68185536863224e-06
gene_5532	interaction_vs_self	138.070238967923	1.19173826294997	0.248327001207897	4.79906839430744	1.59405356732061e-06	4.95824801463098e-06
gene_3999	interaction_vs_self	7.83183855397731	-6.35181296701355	1.32402497185963	-4.79735133552069	1.60777454358737e-06	4.99729487767171e-06
gene_3773	interaction_vs_self	139.92770473544	-1.09406863954452	0.229042130804507	-4.77671350550931	1.781833522201e-06	5.49837597333835e-06
gene_6978	interaction_vs_self	124.365620488423	-1.18519476672931	0.248844434013331	-4.76279395771342	1.90930767610757e-06	5.87057245239971e-06
gene_143	interaction_vs_self	328.83636593572	1.47483969504107	0.31085351401165	4.74448455160716	2.09037930507178e-06	6.38830662313974e-06
gene_8583	interaction_vs_self	51.6113523880477	-1.63737541331757	0.345571896729438	-4.73816137485142	2.1566604192042e-06	6.58146637732191e-06
gene_8235	interaction_vs_self	28.9830200929824	2.0677581801889	0.436519918467199	4.73691598644489	2.16995068231541e-06	6.61730596388311e-06
gene_1466	interaction_vs_self	12.5355654726706	-6.22279644900227	1.31790442098161	-4.72173577228564	2.33840348216736e-06	7.10317026520673e-06
gene_6437	interaction_vs_self	108.734820137154	-1.00291276671091	0.213619000763459	-4.69486685700509	2.66780429044596e-06	8.0325025417578e-06
gene_6261	interaction_vs_self	17.7061160121304	2.27307040684663	0.485646480338924	4.68050423275033	2.86170202659715e-06	8.59213235625099e-06
gene_4605	interaction_vs_self	74.4597692807039	1.24459871233805	0.266131043450325	4.67663860706412	2.91615516575791e-06	8.74029699540887e-06
gene_3441	interaction_vs_self	22.1791466576183	-3.87635876124095	0.830543363219387	-4.66725632026634	3.0524843686479e-06	9.12016272098641e-06
gene_2958	interaction_vs_self	14.2359853843173	-3.86928204887321	0.82940417509517	-4.66513452072897	3.08415208714117e-06	9.21156380527857e-06
gene_6462	interaction_vs_self	27.722986801031	-2.47438260107495	0.531749595782155	-4.65328534464679	3.26687668417923e-06	9.72000848681759e-06
gene_1727	interaction_vs_self	554.609578227482	1.18004714539507	0.25405740340577	4.64480518802417	3.40397508820928e-06	1.00928391946905e-05
gene_7972	interaction_vs_self	199.711091148777	-1.35950817017906	0.293495126473778	-4.6321320102074	3.61919251301678e-06	1.07235333719016e-05
gene_6789	interaction_vs_self	22.9080648255571	-2.91077277895274	0.629070835897069	-4.62709859184922	3.70824012608725e-06	1.09646063831803e-05
gene_3159	interaction_vs_self	346.264361229994	1.24798502797125	0.269705766037997	4.62720929665044	3.70625922004904e-06	1.09646063831803e-05
gene_5609	interaction_vs_self	283.558524513024	1.21810876671752	0.263252925555206	4.62714237324618	3.7074565985347e-06	1.09646063831803e-05
gene_2017	interaction_vs_self	104.184118725872	1.22332428193034	0.265129417316983	4.61406468701192	3.94869439661318e-06	1.16594770731317e-05
gene_3642	interaction_vs_self	310.331942817511	1.03292492097317	0.224318728179772	4.60471994182032	4.1302130261707e-06	1.21618931902378e-05
gene_4480	interaction_vs_self	19.8151585720003	2.68525032035596	0.586305323403872	4.57995213955485	4.6508234355599e-06	1.36339207562989e-05
gene_1779	interaction_vs_self	30.4335181175514	1.9599639497257	0.430324503295582	4.55461851397162	5.24807307175029e-06	1.53009214898442e-05
gene_7364	interaction_vs_self	476.303750877902	-1.05376984052074	0.232652059797265	-4.5293810913989	5.91567153724379e-06	1.71596571869898e-05
gene_5702	interaction_vs_self	33.7740089339307	-1.72199387476302	0.380678301404723	-4.52348838483511	6.08286591818022e-06	1.75969355389059e-05
gene_7123	interaction_vs_self	113.254663082572	1.44451815806003	0.319646037994359	4.51911798163918	6.20977852449516e-06	1.79216804348208e-05
gene_15	interaction_vs_self	125.0330330668	-1.0845807401518	0.241023107698119	-4.49990355908214	6.79842989185918e-06	1.95349311427709e-05
gene_7314	interaction_vs_self	62.3339447637247	-1.29084425186506	0.290149244395296	-4.44889751326191	8.63121862259687e-06	2.4513348178311e-05
gene_5637	interaction_vs_self	89.4429617357323	-1.2182599299466	0.274855142493237	-4.43237088051417	9.32025176764248e-06	2.63872487274278e-05
gene_6942	interaction_vs_self	138.201272649815	-1.06966347332008	0.242564061275825	-4.4098184524695	1.03457315933565e-05	2.90835673034915e-05
gene_5864	interaction_vs_self	146.259557372696	1.41333154519674	0.320506268791213	4.40968456101377	1.03521299373403e-05	2.90920000865506e-05
gene_2228	interaction_vs_self	35.5077933438199	1.72945445755397	0.395244793093469	4.37565399411848	1.21068932699614e-05	3.37024411027219e-05
gene_2960	interaction_vs_self	28.4937253081186	2.31174581191783	0.529038218449375	4.36971419322713	1.24409257935698e-05	3.45760794782328e-05
gene_5516	interaction_vs_self	39.7302966028292	-1.63498896365851	0.376679789364827	-4.34052744485043	1.42141113131413e-05	3.93254016937589e-05
gene_4598	interaction_vs_self	166.950747204195	-1.0058198359493	0.231938152961107	-4.33658638351735	1.4471256987823e-05	4.00109689327407e-05
gene_4802	interaction_vs_self	23.4872968887211	-2.72621450145195	0.632217678225877	-4.31214531852736	1.61678109911936e-05	4.43436277105471e-05
gene_3221	interaction_vs_self	83.0847981654992	1.23827680426224	0.287279164697065	4.31036064020864	1.6298851774623e-05	4.4660106014972e-05
gene_1054	interaction_vs_self	71.3107163824412	-1.24047599134857	0.28834610346926	-4.30203833665059	1.69234020939818e-05	4.6282530966289e-05
gene_264	interaction_vs_self	83.0101177275597	-1.02814096806373	0.239269259089739	-4.29700401955155	1.73122057112822e-05	4.72854118980776e-05
gene_6423	interaction_vs_self	2123.43455265084	1.04031306454818	0.242294635574349	4.29358686411756	1.75809484846849e-05	4.80041209023612e-05
gene_4157	interaction_vs_self	98.0479802786074	-1.09120105672027	0.25435543871202	-4.29006378729617	1.78621806687251e-05	4.87098650921588e-05
gene_8531	interaction_vs_self	11.6341228709754	-3.75713636632028	0.879081673987686	-4.27393321632696	1.92054582235033e-05	5.21238815450818e-05
gene_5660	interaction_vs_self	219.673982867943	1.06602012950304	0.249443659253525	4.27359080881499	1.92349893464933e-05	5.2187482981294e-05
gene_4465	interaction_vs_self	31.7597741012728	-2.06527795849024	0.483356869216277	-4.27278081687121	1.93050198004736e-05	5.23608902066077e-05
gene_1810	interaction_vs_self	211.013285808868	1.2446062919602	0.291375894509403	4.2714799522307	1.94179986424307e-05	5.26173055964568e-05
gene_2445	interaction_vs_self	101.722882852496	-1.44032991637749	0.337280523923116	-4.27042124942209	1.95104104618639e-05	5.28137921558457e-05
gene_7864	interaction_vs_self	85.3336220777094	1.09384359347165	0.256147466796837	4.27036662571891	1.95151897884275e-05	5.28137921558457e-05
gene_6135	interaction_vs_self	33.1249895564245	-1.52410709022564	0.357167142251212	-4.26720968961268	1.97933096451987e-05	5.34650459333861e-05
gene_7467	interaction_vs_self	146.336673012091	-1.20021537615975	0.281478793510943	-4.26396376504679	2.00832026539508e-05	5.41797083888492e-05
gene_6309	interaction_vs_self	75.3844386590822	1.18991537274001	0.27943421166464	4.25830239486951	2.0598518754171e-05	5.54824797154511e-05
gene_8512	interaction_vs_self	139.337542696202	1.03163849775657	0.242345524352967	4.25689106704536	2.07289291860723e-05	5.58161792490654e-05
gene_3992	interaction_vs_self	10.0959485371713	3.68977364172436	0.868417135716413	4.2488494180627	2.14871288463355e-05	5.77487670093037e-05
gene_4680	interaction_vs_self	20.6004164657349	-2.40763523792373	0.569730815288989	-4.22591717582011	2.37969513688533e-05	6.37963995356669e-05
gene_6450	interaction_vs_self	158.4390659183	-1.09659099544482	0.260512085137885	-4.20936708124083	2.56087041669751e-05	6.84177614448524e-05
gene_4	interaction_vs_self	78.8179022753935	-1.5766280992592	0.37480275363419	-4.2065542047698	2.59293912862925e-05	6.91665906546163e-05
gene_882	interaction_vs_self	94.4978124093858	1.03763977669479	0.247310672161783	4.19569348797045	2.72037935843217e-05	7.24757152448784e-05
gene_8545	interaction_vs_self	39.5126419255352	-1.93534449649464	0.462004338823555	-4.18901801100567	2.80164165736725e-05	7.44553014190116e-05
gene_4694	interaction_vs_self	24.60374448432	1.7208670999272	0.413154245374068	4.16519282857455	3.11089516710902e-05	8.22906756194476e-05
gene_2342	interaction_vs_self	34.5640710095483	1.40610725361719	0.341490215129182	4.11756235265855	3.82900951600564e-05	0.000100172131592324
gene_7797	interaction_vs_self	72.0311082086525	-1.0733489210243	0.263643412645597	-4.0712146389455	4.67686304638711e-05	0.000121278241978411
gene_4306	interaction_vs_self	83.4223448114571	-1.28868654798691	0.317315003673907	-4.06122160334797	4.88166066235642e-05	0.000126282911060051
gene_2453	interaction_vs_self	55.9476650544128	-1.45237272428164	0.359929579522264	-4.03515800565594	5.45655650202009e-05	0.00014034892925869
gene_5648	interaction_vs_self	17.0374902288844	-3.05327569081038	0.756931979553382	-4.03375174161875	5.48933126757116e-05	0.000141149521328955
gene_906	interaction_vs_self	71.8636425546571	-1.10266579086157	0.273497978962895	-4.03171458539796	5.53714071158127e-05	0.000142250673742904
gene_6803	interaction_vs_self	4.69681262303136	5.67064667436842	1.40872309250202	4.02538064758832	5.68832261193051e-05	0.000145959357188625
gene_6443	interaction_vs_self	13.8481922616181	2.42944469842111	0.605408086193717	4.01290427700653	5.99762389511786e-05	0.000153435925111204
gene_6263	interaction_vs_self	16.0854657105777	-2.40207868902465	0.608185486278463	-3.94958239421853	7.82876593543796e-05	0.000198032613496894
gene_4847	interaction_vs_self	48.0468481784437	-1.1770537103673	0.302546647197088	-3.89048671096503	0.000100043356030487	0.000250035365728751
gene_6265	interaction_vs_self	80.344428579383	1.14700224573182	0.295812005307132	3.87747023499241	0.00010554823567614	0.000262719656117405
gene_3098	interaction_vs_self	73.2493743513893	-1.09790460646421	0.284007880138036	-3.86575402742557	0.000110746510654967	0.000274939133180544
gene_4830	interaction_vs_self	129.241654321705	1.25181831038277	0.324451804336735	3.85825658433868	0.000114198725698453	0.000282935193047397
gene_1173	interaction_vs_self	31.6146271898404	1.56359125694169	0.406167976260327	3.84961727248417	0.000118302532437427	0.000292594532697017
gene_1924	interaction_vs_self	21.4747653989562	-2.39714864816303	0.623509073349239	-3.84460908529609	0.000120744764629703	0.00029837620820735
gene_102	interaction_vs_self	167.25874349621	1.20885011853787	0.314653585359437	3.84184441171063	0.000122113236873926	0.000301583758696136
gene_3210	interaction_vs_self	16.7598996313706	3.37051601638192	0.884771041087875	3.8094782264095	0.000139260369296277	0.000341565758481541
gene_5371	interaction_vs_self	55.3686304325153	-1.15789119961893	0.303977808603671	-3.80913068930174	0.000139456236169899	0.000341851483852902
gene_2469	interaction_vs_self	16.1296583756377	2.46049559336806	0.647142827281372	3.80209049631985	0.000143480296238182	0.00035061128626858
gene_1757	interaction_vs_self	11.6385008572697	-3.17746643033435	0.850297177531538	-3.73688930681708	0.000186310893298908	0.000448487414690285
gene_6385	interaction_vs_self	39.656853822315	1.32433783082827	0.354411132822435	3.73672751270988	0.000186430764756097	0.000448649802168173
gene_3651	interaction_vs_self	12.6942139866575	2.32670950807907	0.624285998369402	3.72699293938404	0.000193777884768898	0.000465023463308596
gene_4967	interaction_vs_self	57.3162580458265	-1.3786163560154	0.371831258335597	-3.70763975623353	0.000209199967948167	0.000500070294788134
gene_4961	interaction_vs_self	66.8944203873735	-1.09580570689463	0.296219038198428	-3.69930884104951	0.000216187399716281	0.000515898023042476
gene_609	interaction_vs_self	19.3107606247856	-2.33406266687711	0.632262716760596	-3.69160256488902	0.000222845497994273	0.000529877073008605
gene_8182	interaction_vs_self	11.2141852219467	3.4641394531897	0.939103112336684	3.6887743291258	0.000225336975365757	0.000535355123266965
gene_1857	interaction_vs_self	18.2294663168765	-2.40608603877067	0.658033260827726	-3.65648088326736	0.000255701470810443	0.000601154789930621
gene_4569	interaction_vs_self	11.8372173471625	-2.59390481897511	0.712830176651052	-3.63888188791549	0.000273824342998996	0.000641646968538572
gene_6406	interaction_vs_self	42.7018307777758	-1.26542663687	0.349484074424283	-3.62084206255917	0.000293645737306081	0.000684533635985854
gene_1405	interaction_vs_self	11.3407703270551	3.84151718703779	1.0650827358857	3.60677819441253	0.000310022451410858	0.000721531317041039
gene_6142	interaction_vs_self	50.596279312228	-1.08001371589956	0.300360151566173	-3.59572902819508	0.000323484385330421	0.000750820590680152
gene_1341	interaction_vs_self	56.2082813770484	1.27609647576876	0.355809103475548	3.58646381810874	0.000335192547856011	0.000776101760791847
gene_5875	interaction_vs_self	123.903640543038	1.3806374235825	0.385662560333898	3.57991043358519	0.000343711997643831	0.000794752755221825
gene_7205	interaction_vs_self	83.9722454168652	1.03076672094726	0.290326192315597	3.5503745381222	0.000384683443016063	0.000885185557047714
gene_3908	interaction_vs_self	35.5583336439291	-1.26232611191062	0.35582470361451	-3.54760672625525	0.00038874821415966	0.000893818080367094
gene_256	interaction_vs_self	122.33245916097	1.05494784933131	0.297659297584402	3.54414546393324	0.000393887861252193	0.000904178088581059
gene_4848	interaction_vs_self	326.273161737942	1.04139461683709	0.294366443493335	3.537749087425	0.000403553347782987	0.000924135007229099
gene_1287	interaction_vs_self	43.6780858648148	-1.64091220021211	0.464022271181451	-3.53627897220142	0.00040580591740868	0.000928739755201125
gene_803	interaction_vs_self	35.4311195545416	-1.38829066810945	0.392668165228147	-3.53553150228726	0.00040695571974667	0.000930930240788748
gene_6353	interaction_vs_self	17.7231131064977	1.90020234396575	0.540162456697153	3.51783490393727	0.000435082956720023	0.000991826926637389
gene_7	interaction_vs_self	46.3291310521539	1.50295955645656	0.42741612828087	3.51638475249327	0.000437466533351244	0.000995934448267725
gene_2585	interaction_vs_self	44.6642818929167	-1.21759410555421	0.350760287050105	-3.47129977510904	0.000517945431748203	0.00116889346052323
gene_7247	interaction_vs_self	75.2890250194561	-1.11262289298316	0.320990855414512	-3.4662136762319	0.000527843605932884	0.00118997663070463
gene_7115	interaction_vs_self	43.7883807649445	-1.36435410893363	0.393649941844204	-3.46590705066993	0.000528445935098886	0.00119102085425131
gene_8506	interaction_vs_self	25.6800337471872	-1.58275451504114	0.456913185845263	-3.46401584387007	0.00053217516516122	0.0011987945825737
gene_7293	interaction_vs_self	12.3633514526779	-2.36773760425815	0.684155618898984	-3.46081730362541	0.000538538158246304	0.00121121561602427
gene_3439	interaction_vs_self	17.1182969507214	-1.94624913110839	0.564443976227376	-3.44808202953411	0.000564582543054179	0.00126546911980722
gene_6727	interaction_vs_self	11.2444124881255	2.55129365146259	0.740066472262524	3.44738445407857	0.000566042471321575	0.00126807735004257
gene_8035	interaction_vs_self	52.6996511984165	-1.08607133183736	0.315125755841898	-3.4464695814399	0.000567962501601736	0.0012710481081597
gene_4747	interaction_vs_self	12.4721317471405	-3.27705814056147	0.95577485052029	-3.42869258254447	0.000606496076256875	0.00135022273413754
gene_7012	interaction_vs_self	20.5169400199167	-1.71293352464388	0.505190911516932	-3.39066575742717	0.00069723077393403	0.0015366363091852
gene_1665	interaction_vs_self	20.4173286645043	-1.93326771238196	0.570799890672223	-3.38694478393326	0.000706756105392834	0.00155602681639986
gene_3188	interaction_vs_self	13.9674819430798	-2.23938271730701	0.663382842917038	-3.37570189102263	0.000736276498224071	0.00161603251917899
gene_7003	interaction_vs_self	42.8930630747667	1.18349247133594	0.351546625444333	3.36653059843793	0.000761201368633288	0.00166646642340178
gene_7030	interaction_vs_self	419.40785835521	1.02851229772017	0.307404988567483	3.34578922259223	0.000820487402525406	0.00178620858739
gene_35	interaction_vs_self	9.88336718644342	2.32610930360038	0.696831915933329	3.33812107398211	0.000843469876826242	0.00183158349711634
gene_3696	interaction_vs_self	4.90782877859497	-4.80972441738064	1.44196411124989	-3.33553684162888	0.000851348723259082	0.00184728645655203
gene_1733	interaction_vs_self	24.5326376954368	-1.49361597679639	0.45216280114438	-3.30327035531493	0.000955642058357506	0.00205793610554472
gene_1474	interaction_vs_self	35.1448208060407	-1.66115533005525	0.512790284359409	-3.23944384424211	0.00119763046976202	0.00253692571669461
gene_3917	interaction_vs_self	27.9806123714035	-1.42673970105135	0.441334294716641	-3.23278684238077	0.00122588996092645	0.0025910168063038
gene_3337	interaction_vs_self	18.4832101482923	-1.80572331607608	0.564261179116327	-3.200155146069	0.00137353629561337	0.00288013311297282
gene_3641	interaction_vs_self	20.746825497042	1.50423740208809	0.470617029255833	3.19630890634509	0.00139197997155027	0.00291614012639999
gene_5358	interaction_vs_self	187.422520373068	1.21480968964223	0.38110163312421	3.18762656481793	0.00143445664342896	0.00299998750739114
gene_8556	interaction_vs_self	59.7514672143422	-1.14813992735049	0.360587125265657	-3.18408464113803	0.00145212544991616	0.00303323422432464
gene_8033	interaction_vs_self	34.8739382140742	1.03344719333312	0.324710715047019	3.1826704369256	0.00145923604109818	0.00304660012482938
gene_8584	interaction_vs_self	6.56023600843575	-4.27866341575104	1.34528772157387	-3.18048202413189	0.00147030260853551	0.00306671304314424
gene_2985	interaction_vs_self	72.9630158602899	1.14701048563371	0.361035858960216	3.17699878604053	0.00148807658861713	0.00309925440354322
gene_3418	interaction_vs_self	9.33743689093727	-2.96902910654415	0.941287948767382	-3.15421982235308	0.00160927818936035	0.00333222576219753
gene_5958	interaction_vs_self	13.6778070818694	2.07018692000909	0.658102345081704	3.14569144978822	0.00165694709273394	0.00342595824004892
gene_4332	interaction_vs_self	44.1347299132588	1.0222272590576	0.326178426578986	3.13395116218719	0.00172469558434176	0.00355401882570185
gene_1071	interaction_vs_self	35.9346756298584	-1.39022307938158	0.446621657256755	-3.11275339382472	0.00185350823453632	0.00380115728021824
gene_7750	interaction_vs_self	14.2191416171121	-2.20216194868006	0.707530724230682	-3.11246123067593	0.00185534381160901	0.00380401030595764
gene_5404	interaction_vs_self	17.6302462411656	1.82855798402708	0.592772620480832	3.08475445870599	0.00203720261766156	0.00415201295409117
gene_5914	interaction_vs_self	12.0465031800577	-1.99940555822792	0.648755405127367	-3.08190967262213	0.00205677239406459	0.00418790953691552
gene_5407	interaction_vs_self	15.698574983145	2.48143297619115	0.815498009537834	3.04284369448976	0.00234354026533724	0.00472758374204455
gene_1670	interaction_vs_self	23.842137682131	-1.27593687089471	0.419582935968534	-3.0409646377764	0.00235821525359085	0.00475084080271539
gene_2965	interaction_vs_self	3.99693352272579	-4.37471925982424	1.44126026416344	-3.03534300403647	0.00240262272662616	0.00483688865002821
gene_7145	interaction_vs_self	2122.32851018045	-1.0794687753499	0.357777892019005	-3.01714778757923	0.0025516537639681	0.00511765609643086
gene_3142	interaction_vs_self	31.1680761636769	-1.21103321824539	0.401788734998199	-3.01410446027269	0.00257739046466369	0.00516564326329224
gene_8144	interaction_vs_self	53.5951737506255	1.02367948492857	0.341993477833133	2.99327195189392	0.00276003689940917	0.00550207635280449
gene_4767	interaction_vs_self	11.7201349511619	-3.48598074094691	1.16590369021531	-2.98993885189877	0.00279033299865086	0.005558587495567
gene_2043	interaction_vs_self	26.1129793872081	1.16560140136078	0.392593148305111	2.96898049900482	0.00298789557623764	0.00591908959328725
gene_6974	interaction_vs_self	7.07361004769679	2.28517248406901	0.775540324499129	2.94655533939497	0.00321334915246183	0.00632764406373897
gene_8139	interaction_vs_self	16.9862669430548	1.57247975795744	0.534491059509835	2.94201321047261	0.0032608601589891	0.00641087803420916
gene_1726	interaction_vs_self	1384.67683306653	1.3417298177784	0.456363147722074	2.94004856543658	0.00328160806653466	0.00645018715259167
gene_6587	interaction_vs_self	22.2956839478186	-1.41590649834234	0.485127363224515	-2.91862839673931	0.00351575054730767	0.00686626162102524
gene_4621	interaction_vs_self	9.27267339077125	1.84393674498978	0.63295414650867	2.91322326452999	0.0035771874235906	0.00697669727635806
gene_1469	interaction_vs_self	31.0939460087257	1.16246689332786	0.402769888300965	2.88618123423174	0.00389947537358745	0.00754168757295719
gene_6295	interaction_vs_self	32.4687196916909	1.17731169123577	0.40996811426073	2.87171526341443	0.00408250627811833	0.00787255096658998
gene_4661	interaction_vs_self	27.2132317084653	1.35476928441694	0.473463472216071	2.86140191148404	0.00421771993941563	0.00810954238126635
gene_4746	interaction_vs_self	24.520496416257	-2.17449171273035	0.761368539816821	-2.85603042286658	0.00428974027851757	0.00823691717902881
gene_6463	interaction_vs_self	14.0128190095138	-1.83100357878962	0.64318250301103	-2.84678698537018	0.00441629026144097	0.00844580979399792
gene_7021	interaction_vs_self	33.0194400191902	-1.3793352351055	0.486959378177156	-2.83254681379953	0.00461788037845934	0.00878423467546932
gene_3525	interaction_vs_self	12.0653682498333	-1.9420074612456	0.687521693028028	-2.82464899789922	0.00473324356757093	0.0089697952044293
gene_1667	interaction_vs_self	37.0288474258918	-1.06262397502389	0.377847394582781	-2.81230991733378	0.00491870858093477	0.00930889795551661
gene_7274	interaction_vs_self	17.3743669302283	-1.67253702264575	0.597679287840489	-2.79838544964289	0.00513587830182932	0.00967700492444718
gene_8313	interaction_vs_self	16.2590869473191	1.31392758200334	0.469755281677713	2.79704695881374	0.00515720370903978	0.00971088071917741
gene_6193	interaction_vs_self	18.3492822385879	1.59296295213417	0.571358156489311	2.78802872426303	0.0053029841635849	0.00996565190785658
gene_6728	interaction_vs_self	14.5056006072135	1.8709053696692	0.673363020887678	2.77844982815189	0.00546189474152306	0.0102350742091588
gene_5585	interaction_vs_self	4.98405737606298	-4.03907473034176	1.45388496786799	-2.77812538103668	0.00546735169258154	0.0102430576687455
gene_3445	interaction_vs_self	17.9704973350775	-1.7201272575144	0.621085472820375	-2.76954997788506	0.00561337915580221	0.0104959645202418
gene_8541	interaction_vs_self	11.7672041787272	-1.98500521012784	0.718091161022071	-2.76428024445051	0.00570485196776118	0.0106623434157283
gene_2131	interaction_vs_self	10.338338136718	-2.13881982306176	0.776990994061089	-2.75269577049126	0.0059106794984974	0.0110109720363738
gene_6817	interaction_vs_self	53.9183934123677	-1.15555290964061	0.425636658931631	-2.71488107378041	0.0066299574277813	0.0122734506016021
gene_5872	interaction_vs_self	6.74016986132019	2.42319101625576	0.893548593969143	2.7118737946774	0.00669040603224527	0.0123773234571039
gene_8566	interaction_vs_self	40.7988814922398	-1.00842661569326	0.372076478441591	-2.71026703949941	0.0067229057022017	0.0124320744892734
gene_3990	interaction_vs_self	9.39976207458763	-2.40193688384847	0.889757113274538	-2.69954220990571	0.00694349470626172	0.0128261360996116
gene_1465	interaction_vs_self	3.43227530263713	-4.29812316195021	1.59609404466105	-2.69290094548469	0.00708333100176094	0.0130731594167904
gene_6979	interaction_vs_self	79.6847106998157	1.00027044842236	0.373924985323174	2.67505646234859	0.00747166655121364	0.013730671034433
gene_1070	interaction_vs_self	5.26824178682125	-3.84639506779039	1.43974450151735	-2.67158170337631	0.00754946913764965	0.0138528308292135
gene_8034	interaction_vs_self	9.66473734536256	-2.30189668104952	0.862252031878004	-2.66963323477005	0.00759341403443792	0.0139245124538964
gene_5600	interaction_vs_self	6.88686138125733	-3.43336986208439	1.28938822647347	-2.66278983442775	0.00774957988809378	0.014183537276477
gene_5328	interaction_vs_self	14.5986634258868	1.96012354182594	0.737826652170497	2.65661796854283	0.00789288304285149	0.014421148099639
gene_558	interaction_vs_self	29.8876824434081	-1.13323332860702	0.430178226119001	-2.63433446836877	0.00843023985004352	0.0153407425842629
gene_4138	interaction_vs_self	12.9653593704014	1.54925340327389	0.590075962099254	2.62551519259024	0.00865179477985927	0.0157105140677971
gene_7309	interaction_vs_self	33.0223818189601	-1.04914455336344	0.400664534434818	-2.61851115633025	0.0088314403729511	0.0160129484415296
gene_5518	interaction_vs_self	13.3723215545316	-1.89523514037297	0.726040415384347	-2.61037140662436	0.00904439686010407	0.0163747963457045
gene_1515	interaction_vs_self	11.0094986651146	-1.7364624054552	0.665325718644743	-2.60994330565237	0.00905572292914499	0.0163883696138438
gene_6713	interaction_vs_self	25.7569668884686	-1.22684689607944	0.471102449691109	-2.60420402586285	0.00920879196941523	0.016647784426229
gene_8387	interaction_vs_self	3.639794535709	-4.09831108968951	1.59543539766776	-2.56877282256649	0.0102059339904841	0.0182614537956823
gene_1949	interaction_vs_self	27.7841014881933	1.09430849866612	0.42676957967822	2.56416706057451	0.0103423750892247	0.0184824072575706
gene_4991	interaction_vs_self	16.9727114599111	1.53201280962362	0.599693069199359	2.55466152321718	0.0106291101260791	0.0189394635052534
gene_4627	interaction_vs_self	21.6395596240271	-1.27548181402216	0.507956317369358	-2.51100689253699	0.0120387346389417	0.0212521279664551
gene_4836	interaction_vs_self	75.8319080365863	1.03095066055169	0.416748677064134	2.4737946808	0.0133686502242037	0.0234211309699516
gene_3363	interaction_vs_self	2.3279682952681	-4.18565421498893	1.69242176767267	-2.47317441487699	0.0133918767300375	0.02345702165114
gene_7354	interaction_vs_self	28.7582842280681	-1.07813493173228	0.436134176582609	-2.47202578844007	0.0134349824370629	0.023522898273933
gene_5091	interaction_vs_self	17.571064831895	-1.26685481086858	0.515396534999548	-2.45801965057777	0.0139705529548436	0.0243808222820511
gene_7390	interaction_vs_self	20.2011020405437	-1.35974439232112	0.554089171014952	-2.45401726554304	0.0141270198404406	0.024623760911051
gene_3365	interaction_vs_self	15.2159714191443	-1.38853358740954	0.566738144686424	-2.45004434663175	0.0142838621264206	0.0248667601794103
gene_6806	interaction_vs_self	20.8888286191011	1.22945989190655	0.502581753462549	2.44628835694125	0.0144335510705372	0.0251069289095302
gene_5646	interaction_vs_self	6.76742924388857	2.0543004454566	0.840256239156478	2.44484997519196	0.0144912407781011	0.0251816932725427
gene_6444	interaction_vs_self	16.2755530948796	-1.2218288968146	0.500960614633406	-2.43897196930085	0.0147291107155758	0.0255587244527324
gene_7300	interaction_vs_self	3.93563866763147	2.50867273623948	1.02920075455974	2.43749601341151	0.0147893772953414	0.0256477045478368
gene_2439	interaction_vs_self	1.84591949146278	4.13561652035036	1.69780446916911	2.435861487851	0.0148563721214574	0.0257534518751875
gene_3206	interaction_vs_self	8.12779916492903	-2.21349601469602	0.910056592527238	-2.43226194158884	0.0150048515126368	0.0259740200097414
gene_7015	interaction_vs_self	4.34375492154829	3.19224198306694	1.31425994282289	2.42892739788626	0.0151435644813747	0.0261929504870817
gene_8561	interaction_vs_self	2.8381892842795	-3.61361511102471	1.49277722746959	-2.42073300994158	0.0154892489239311	0.0267584199372048
gene_6953	interaction_vs_self	13.7209475767193	1.59911538713521	0.66255902750025	2.4135440327007	0.0157982188522341	0.0272426981013546
gene_3043	interaction_vs_self	26.2558097804178	1.13247829038951	0.469819706033797	2.41045293725513	0.0159327267665514	0.0274525243803703
gene_4968	interaction_vs_self	11.5077709774033	-3.1761333750457	1.32548797462	-2.3961993136575	0.0165660793586753	0.028475027973948
gene_6712	interaction_vs_self	12.0092336006496	-1.69893863131674	0.71374466182367	-2.38031711085002	0.0172977451793229	0.0296078181833642
gene_5615	interaction_vs_self	7.65870765622771	2.17972773145229	0.917548620974096	2.37559915804596	0.017520484200242	0.029947153505206
gene_4626	interaction_vs_self	9.30292814035736	-1.79932344641665	0.757672114803942	-2.37480489417543	0.017558228413532	0.0299996876686295
gene_1215	interaction_vs_self	6.52167123219826	2.13489724658708	0.905459257270089	2.35780597464284	0.0183832985387025	0.0312969442106788
gene_4921	interaction_vs_self	10.8845387145461	1.57988534663845	0.670799902790799	2.35522596241516	0.0185114452221884	0.0314830585215937
gene_1310	interaction_vs_self	3.4638144103854	3.34451128284087	1.42937101865329	2.33984825436852	0.0192915763870095	0.0326484566771058
gene_5241	interaction_vs_self	6.00589121976159	-2.41090691569559	1.03361366984414	-2.33250293222141	0.0196742488419493	0.0332434998197959
gene_1072	interaction_vs_self	9.53713052503178	-1.823891915876	0.783764098808357	-2.32709295902819	0.019960318182316	0.0336604262491382
gene_6858	interaction_vs_self	1.92244052302951	-4.04528995419793	1.74981458402333	-2.31183920349814	0.0207865461076995	0.0349504684112959
gene_5576	interaction_vs_self	3.11814837888343	-3.87588846216773	1.67718734739817	-2.31094544576693	0.0208358684069863	0.035019641383036
gene_6074	interaction_vs_self	9.18825626004461	2.14200744671824	0.932773534824098	2.29638531406466	0.0216538599239548	0.0362789996721049
gene_5062	interaction_vs_self	3.13008160235528	3.49275261000435	1.5212119635221	2.29603283024247	0.0216740043040227	0.0362997230794506
gene_7415	interaction_vs_self	5.89133556990454	-2.6530209133195	1.17536870069746	-2.25718186280204	0.023996713256294	0.039963397952116
gene_8062	interaction_vs_self	21.9921492892862	-1.05180027389726	0.472006580747291	-2.22835934243125	0.0258565620361286	0.042810864802565
gene_1429	interaction_vs_self	2.43770195136399	-3.71731032217293	1.68008234644812	-2.21257626450973	0.0269268729262322	0.0444540081482253
gene_4889	interaction_vs_self	8.82266200106728	-2.00338792836372	0.910803457803787	-2.19958313859993	0.0278364845691601	0.0458672392515901
gene_5757	interaction_vs_self	4.22286768258774	-3.37353924741457	1.5344456760466	-2.19853938140467	0.0279106913683048	0.0459629700101364
