gene_id	contrast	baseMean	log2FoldChange	lfcSE	stat	pvalue	padj
gene_1322	interaction_vs_onu	12434.5333763648	9.61278226923638	0.124575672060828	77.1642015669211	0	0
gene_4925	interaction_vs_onu	6720.10727881526	-3.49470367684521	0.0831249983811569	-42.0415488108738	0	0
gene_412	interaction_vs_onu	10429.1991296384	3.03757645278598	0.0805402213270833	37.7150248997954	0	0
gene_2352	interaction_vs_onu	5973.03635894417	2.97877052162455	0.0790856804455567	37.6651058047754	0	0
gene_5989	interaction_vs_onu	3841.81062586484	2.7985011979826	0.0693819853638628	40.3346947093875	0	0
gene_2419	interaction_vs_onu	10359.0184742219	2.6343661608141	0.0627562801178103	41.9777296530115	0	0
gene_6950	interaction_vs_onu	26829.7452189817	2.2296068323482	0.0454353419491025	49.0720821435843	0	0
gene_8037	interaction_vs_onu	1715.6533994264	-4.98817655607198	0.1366481412598	-36.5038010036909	9.65182001382197e-292	1.03274474147895e-288
gene_5946	interaction_vs_onu	7872.10627219754	3.04673535639528	0.0836755447259506	36.4112999368427	2.82038119583188e-290	2.68249589292455e-287
gene_4146	interaction_vs_onu	5245.56773993899	-3.26444243270277	0.0905275014216671	-36.0602290070655	9.53475939199206e-285	8.16175403954521e-282
gene_2632	interaction_vs_onu	1040.79370861967	5.28669620442021	0.147702357551483	35.7929033230055	1.4241025925685e-280	1.10821074476239e-277
gene_6634	interaction_vs_onu	11218.2748854183	1.57923175489672	0.0441593445546561	35.7621194522511	4.28778905482943e-280	3.05862285911166e-277
gene_1762	interaction_vs_onu	1704.08270423939	-4.30434042389372	0.120679307788925	-35.6675929184335	1.25765034153892e-278	8.28114378736397e-276
gene_5483	interaction_vs_onu	5514.05342088249	2.22991329979816	0.0636173025123147	35.0519939031761	3.63575070977215e-269	2.2230018625464e-266
gene_8379	interaction_vs_onu	8814.81998041104	1.86875571654464	0.0549986255625724	33.9782257725431	4.67271211390007e-253	2.6665610463323e-250
gene_4334	interaction_vs_onu	4962.65751129807	2.75447584623074	0.0818485274713327	33.6533341689683	2.78672816173351e-248	1.49089956652743e-245
gene_6708	interaction_vs_onu	2541.04870657103	-2.98538435384779	0.0949245153346329	-31.4500879285352	4.18601087766427e-217	2.10777959487095e-214
gene_7477	interaction_vs_onu	16726.3379585231	-1.59432266936771	0.0515321458268898	-30.9384102638277	3.63795922482018e-210	1.73005172024782e-207
gene_8391	interaction_vs_onu	1505.09387311416	-3.95493711562264	0.127986180924884	-30.9012823653503	1.14800422003751e-209	5.17206111764268e-207
gene_4150	interaction_vs_onu	143538.67373119	3.22283622800687	0.106047810469695	30.3904080030756	7.35460291741148e-203	3.14777004865211e-200
gene_4227	interaction_vs_onu	871.139850525061	-3.27963173649885	0.110006182437881	-29.8131583499937	2.63800933869865e-195	1.0753028542505e-192
gene_6998	interaction_vs_onu	179882.54796647	3.42693276551389	0.119170072913047	28.756655775602	7.47822147253704e-182	2.9097079911326e-179
gene_4899	interaction_vs_onu	11339.2835033494	1.48446552861698	0.0519985210629206	28.548225954748	2.95506209676391e-179	1.09979702383909e-176
gene_425	interaction_vs_onu	1824.14268481341	2.22479746679359	0.0790243683555447	28.1533090752947	2.1829698867863e-174	7.78592592953781e-172
gene_1970	interaction_vs_onu	582.67167028229	2.83540714627162	0.101987934661376	27.8013978387329	4.17217557648416e-170	1.42855291738817e-167
gene_6516	interaction_vs_onu	2584.74806427892	2.60621238622444	0.0954666661749013	27.2997108901832	4.27525233349514e-164	1.40754461441225e-161
gene_5980	interaction_vs_onu	7546.98083061133	-2.27658632911253	0.0846045806399259	-26.9085469355566	1.74450182878464e-159	5.53071690903574e-157
gene_1109	interaction_vs_onu	27494.895952857	-2.44581083515737	0.0909061305538209	-26.9047953120096	1.93006132948518e-159	5.90047320728325e-157
gene_3034	interaction_vs_onu	2218.69959052093	-2.15023243881589	0.08034030007669	-26.7640578484691	8.47233394276272e-158	2.50079926034651e-155
gene_4072	interaction_vs_onu	1931.83769106385	-4.96817003581255	0.185664451539047	-26.7588652250305	9.73727897579081e-158	2.77837026775898e-155
gene_3732	interaction_vs_onu	2659.2899866233	2.45640229663188	0.0946662903592528	25.9480147295303	1.91457057952591e-148	5.28668521314252e-146
gene_2947	interaction_vs_onu	1030.53678945043	-3.16806430651978	0.123454082392582	-25.6618837151563	3.11549999990037e-145	8.33396249973348e-143
gene_5450	interaction_vs_onu	598.115071330502	3.45158561427918	0.13453259578857	25.6561288663727	3.61205535140617e-145	9.36945266910205e-143
gene_4613	interaction_vs_onu	722.048659341216	-3.65793082538016	0.142682841118277	-25.636795543957	5.93495738161211e-145	1.49421279960587e-142
gene_175	interaction_vs_onu	1140.90820501998	-2.82746059101979	0.112075143122184	-25.2282576872314	1.96226406662479e-140	4.79913726008807e-138
gene_331	interaction_vs_onu	3575.53889726439	1.60504833357833	0.0637544446925663	25.1754735111899	7.43684399661273e-140	1.76831623919458e-137
gene_2417	interaction_vs_onu	3658.57180896771	1.61167415922677	0.0643926626658802	25.0288478920247	2.96749751847904e-138	6.86534561031908e-136
gene_3734	interaction_vs_onu	1378.94514306718	-2.51929275293693	0.101435975214301	-24.8362846378169	3.6376711041678e-136	8.19433280307272e-134
gene_4724	interaction_vs_onu	454.526733539346	-4.53285981765286	0.183055353748424	-24.7622357108574	2.28895065991189e-135	5.0239532432938e-133
gene_4491	interaction_vs_onu	8562.97982097531	1.05131744071581	0.042811552280731	24.5568633863573	3.65323653858891e-133	7.81792619258027e-131
gene_8489	interaction_vs_onu	4349.96181085528	1.53912124285527	0.0627536376657	24.5264067567596	7.72379573262086e-133	1.61257784076182e-130
gene_6651	interaction_vs_onu	13253.6139234038	1.56857247586236	0.0645678123497604	24.293412131814	2.30122529175192e-130	4.69011630890391e-128
gene_1450	interaction_vs_onu	641.009338270882	2.95476175108229	0.123425004930533	23.939733709108	1.18202425586377e-126	2.35305293725439e-124
gene_5013	interaction_vs_onu	12232.1436006373	-2.14399909442654	0.0897864202975206	-23.8788793151802	5.07715562379897e-126	9.87737548629981e-124
gene_596	interaction_vs_onu	742.668705013353	-5.98902812157814	0.251554479028688	-23.8080758677135	2.75474716319602e-125	5.24014127043509e-123
gene_6716	interaction_vs_onu	7155.68252599581	-1.66224108690717	0.0702298902688733	-23.6685701849074	7.6006037751808e-124	1.41437322425104e-121
gene_3397	interaction_vs_onu	5223.1323679081	2.95556417838384	0.125413677691395	23.5665218721723	8.50010773207916e-123	1.54810472737442e-120
gene_7234	interaction_vs_onu	5202.92738097929	1.42502557444067	0.0607614356617645	23.4527963159601	1.23785218229857e-121	2.20750305843245e-119
gene_1502	interaction_vs_onu	11217.3948536144	1.50869918020095	0.0645433312382095	23.3749816016283	7.68011312900167e-121	1.3416687425358e-118
gene_7107	interaction_vs_onu	46644.373489694	-1.85180988014532	0.079705946336706	-23.2330204364254	2.1123408199617e-119	3.61632748377442e-117
gene_8180	interaction_vs_onu	96598.2317177156	2.56056902446349	0.110521781309549	23.168003574715	9.57363800644385e-119	1.6068694379443e-116
gene_848	interaction_vs_onu	6072.91935089025	1.70079494527193	0.0734590666864619	23.1529615334111	1.3572440273585e-118	2.23423247580553e-116
gene_5170	interaction_vs_onu	2333.56899560541	-1.61128908412996	0.0703197198776004	-22.9137585720563	3.38813734120256e-116	5.47216144164036e-114
gene_8275	interaction_vs_onu	83224.1256816872	1.64712472978226	0.0719388449591102	22.8961798138194	5.07174934243587e-116	8.03966192060204e-114
gene_1125	interaction_vs_onu	2670.07431552957	1.55841226831491	0.0687440679121599	22.6697708710842	8.90563978623637e-114	1.38604139218515e-111
gene_5097	interaction_vs_onu	1334.90290596111	2.46835796501241	0.109415855195899	22.5594175596676	1.08542409428089e-112	1.65914825840078e-110
gene_3215	interaction_vs_onu	1112.6715068825	1.89120406888722	0.0838469908297758	22.5554197016647	1.18806826090225e-112	1.78418672163565e-110
gene_4151	interaction_vs_onu	10644.6232314092	2.02710853556937	0.0898981783824739	22.5489389445133	1.37543510840017e-112	2.02995250481129e-110
gene_7428	interaction_vs_onu	583.887674460287	2.6856943095058	0.12004236103367	22.3728880903343	7.23011837674253e-111	1.048979886524e-108
gene_4757	interaction_vs_onu	1108.09445627869	-4.04519892497801	0.182010742469746	-22.2250558955354	1.96638015804593e-109	2.80536902547886e-107
gene_1735	interaction_vs_onu	738.714069199106	1.82586995618679	0.0825079980755577	22.1296116591597	1.63983287101798e-108	2.30114252064162e-106
gene_3698	interaction_vs_onu	3938.97136626651	-4.16181731990114	0.188083348549962	-22.1275160825606	1.71782807624864e-108	2.37171102140135e-106
gene_786	interaction_vs_onu	2476.46047719493	2.1985966444642	0.100231616402146	21.9351610138968	1.20012488017105e-106	1.63064586893082e-104
gene_3415	interaction_vs_onu	1280.42818449349	1.96317901891414	0.0896094078261373	21.9081798054414	2.17086240060258e-106	2.90352846080595e-104
gene_4904	interaction_vs_onu	2937.72706931775	-2.05872543381458	0.0944459333062792	-21.7979256675704	2.42772172167392e-105	3.1971227596198e-103
gene_5408	interaction_vs_onu	424.162503106543	2.72100407801847	0.126360258274202	21.5337014594722	7.5274751116072e-103	9.76290711444812e-101
gene_4965	interaction_vs_onu	720.239765753949	1.97103492345887	0.0917713420238458	21.4776735306619	2.51805763920909e-102	3.2171005062134e-100
gene_6247	interaction_vs_onu	13971.3211844893	2.18695222558495	0.102227072821783	21.3930827247452	1.54971024240855e-101	1.9508117169143e-99
gene_7730	interaction_vs_onu	996.706784914379	1.78589380110299	0.0837210800949116	21.331471107138	5.7956291543539e-101	7.18993993641586e-99
gene_4962	interaction_vs_onu	6656.1437993279	1.86604292628969	0.0879553592297218	21.2157956335096	6.82621475507618e-100	8.34748547192172e-98
gene_4071	interaction_vs_onu	914.255153302194	-2.98267917513869	0.141302738357523	-21.1084315124307	6.65446432329071e-99	8.02284712779838e-97
gene_6065	interaction_vs_onu	6105.48892061455	1.05790941896586	0.0504268552967018	20.9790876853479	1.01828227440962e-97	1.21062448179811e-95
gene_6922	interaction_vs_onu	5601.03159765576	1.20257177321746	0.0577824500280656	20.8120592434789	3.36572862825393e-96	3.94666261066488e-94
gene_8445	interaction_vs_onu	5840.33180001053	2.46924048773327	0.118810929222593	20.7829406258337	6.17576413470673e-96	7.14385689095805e-94
gene_3583	interaction_vs_onu	2646.28359892638	-1.7097380227261	0.0826349482999911	-20.6902534327148	4.23978982052585e-95	4.83901344849351e-93
gene_4619	interaction_vs_onu	5876.1685292755	1.93532879659848	0.0936952175775658	20.6555771642914	8.69756303112644e-95	9.7962025719003e-93
gene_5677	interaction_vs_onu	1108.06791451302	-2.50750756535011	0.121685913977929	-20.6063913511379	2.40507844860387e-94	2.67369760000638e-92
gene_5183	interaction_vs_onu	2214.28497757622	2.49395833230068	0.12106695208754	20.5998275276425	2.75422141940994e-94	3.02258145514732e-92
gene_2318	interaction_vs_onu	7986.01594693916	1.46799079345908	0.0714768365669323	20.5379933411634	9.85509709108598e-94	1.06784343164172e-91
gene_7065	interaction_vs_onu	1180.2468074594	1.89580603432805	0.0924448559666447	20.5074259081768	1.84820094740026e-93	1.97757501371828e-91
gene_3485	interaction_vs_onu	388.924259236762	-3.36433945912663	0.16790076388627	-20.0376661859949	2.58612271320198e-89	2.73298894135913e-87
gene_4765	interaction_vs_onu	1235.99835422434	-1.82371126960414	0.0917050269349909	-19.8867099280933	5.30429307166172e-88	5.53716447480785e-86
gene_2636	interaction_vs_onu	676.00949141637	-2.99832550925174	0.151846694668239	-19.745741030469	8.72751724514285e-87	9.00090935161721e-85
gene_594	interaction_vs_onu	1348.64559506588	2.52573570641355	0.128922896941944	19.5910560988319	1.8432681691686e-85	1.87837803905752e-83
gene_935	interaction_vs_onu	5950.22741500932	2.09930367636765	0.107325060620278	19.5602375086942	3.37501656525277e-85	3.39884021159573e-83
gene_1516	interaction_vs_onu	8225.04538804096	1.44264219978992	0.0739335372177111	19.5126901008644	8.56538973613307e-85	8.52555071410455e-83
gene_5011	interaction_vs_onu	406.626012747588	-2.73081948720011	0.140843383121889	-19.3890506367403	9.5482995834868e-84	9.39464878559161e-82
gene_5987	interaction_vs_onu	2252.24473847186	1.98842264254477	0.102764582844993	19.3492990240038	2.06633280521507e-83	2.00997827416375e-81
gene_7465	interaction_vs_onu	3306.38365503551	1.26646107076438	0.065518095280791	19.3299433589561	3.0074791088734e-83	2.89258664853441e-81
gene_6022	interaction_vs_onu	964.993399145179	2.10727355924551	0.109210047044326	19.2956016069676	5.84803346426043e-83	5.5621296060077e-81
gene_2709	interaction_vs_onu	3115.14478976151	1.35923553982527	0.0707458408453817	19.2129392142775	2.88462457930432e-82	2.71344905481813e-80
gene_4394	interaction_vs_onu	390.097094713573	2.41525715186293	0.125804823911694	19.1984462659258	3.81329046696087e-82	3.54801808665055e-80
gene_1870	interaction_vs_onu	41143.3317791654	-2.95618575642841	0.154373662877126	-19.1495472824363	9.76317833358274e-82	8.98632328338368e-80
gene_892	interaction_vs_onu	1704.27434134779	1.55844866364652	0.0819437926993142	19.0185078370135	1.19846008570449e-80	1.09136365251387e-78
gene_2006	interaction_vs_onu	345.454325747584	2.34954064447127	0.123756574532464	18.9851783902999	2.26166850225722e-80	2.03788235571809e-78
gene_6471	interaction_vs_onu	612.196158904643	-3.23068590570435	0.170753528347209	-18.9201707102362	7.78021043512651e-80	6.93735430465447e-78
gene_2272	interaction_vs_onu	668.260220183656	2.1863996479853	0.115750444717532	18.8889092678721	1.40723389454528e-79	1.2418476430214e-77
gene_1761	interaction_vs_onu	1181.74532463285	-1.56061846647362	0.0827037403233321	-18.8699865371547	2.01349789402008e-79	1.75872877273591e-77
gene_6259	interaction_vs_onu	1995.13799741098	1.61608566366439	0.0857261649111026	18.8517200709989	2.84441581659892e-79	2.45941407980675e-77
gene_7351	interaction_vs_onu	90126.4367417258	1.22800212169443	0.0651762816054807	18.8412424189471	3.46730433259399e-79	2.96801250870045e-77
gene_3515	interaction_vs_onu	17693.6583463051	1.65224858117825	0.0887135144089739	18.6245420687686	2.0322317807201e-77	1.72236673692713e-75
gene_6535	interaction_vs_onu	1289.72400412896	2.04702332590392	0.111317698215647	18.389019524446	1.60862809513378e-75	1.34998593081816e-73
gene_5815	interaction_vs_onu	1973.75704950333	1.26074711021938	0.0689567506242161	18.2831571790541	1.12708825263184e-74	9.36686936167817e-73
gene_1892	interaction_vs_onu	1220.03244393468	1.99572207765467	0.109537301558788	18.2195658397115	3.61007898404237e-74	2.97137270225026e-72
gene_7798	interaction_vs_onu	3111.18057590765	1.37054212507374	0.075314398031318	18.1976110929524	5.39079662004627e-74	4.39478276834248e-72
gene_4149	interaction_vs_onu	8744.74011960034	2.0154078697139	0.111664678094289	18.0487500981475	8.06962802576292e-73	6.51660527363496e-71
gene_5201	interaction_vs_onu	2296.90003129523	1.17553336660131	0.0653123404892206	17.9986409581405	1.99658356318481e-72	1.59726685054785e-70
gene_4620	interaction_vs_onu	5217.04533292967	1.60826031149319	0.0897621816256394	17.9169031140595	8.70407187905178e-72	6.89878289672993e-70
gene_6121	interaction_vs_onu	289.263902462869	-6.03791130897564	0.338615126745689	-17.8311919110167	4.04700745326185e-71	3.17820034861664e-69
gene_5659	interaction_vs_onu	2849.55633332275	-2.46054827918365	0.139357095734464	-17.6564262208224	9.08104726003635e-70	7.0667058678101e-68
gene_6390	interaction_vs_onu	2821.82611247286	-1.36931455713598	0.0777934158707959	-17.6019338115995	2.38055196746957e-69	1.83581304878734e-67
gene_1417	interaction_vs_onu	50193.3832035598	2.98772069181901	0.170038124309124	17.5708871405063	4.11684060151919e-69	3.14644245973252e-67
gene_4567	interaction_vs_onu	35813.0232953538	1.56336524039122	0.0890134839624143	17.5632406552175	4.7107391049514e-69	3.56848909189239e-67
gene_6102	interaction_vs_onu	444.205200007386	1.76850518323784	0.100734934423283	17.5560265499025	5.3491093816543e-69	4.0165242374527e-67
gene_1177	interaction_vs_onu	5536.81641188346	1.78583419262248	0.10185183852561	17.5336470943866	7.93149365932856e-69	5.90379006294369e-67
gene_1535	interaction_vs_onu	3436.0528549087	1.11076005414435	0.0636494133098753	17.4512221933083	3.36945229613959e-68	2.48642341853059e-66
gene_3136	interaction_vs_onu	972.034029038747	1.55746598699148	0.0892884167366331	17.4430910964119	3.88482429970616e-68	2.84223042781921e-66
gene_8356	interaction_vs_onu	16364.2098208027	1.08539026599833	0.0622459378147728	17.4371260856919	4.31219910677312e-68	3.12817155542186e-66
gene_3386	interaction_vs_onu	11894.5628785993	1.93222897142279	0.111361568978277	17.3509496063198	1.94010484369271e-67	1.39557121529493e-65
gene_1157	interaction_vs_onu	4428.26361679358	-1.06754337664989	0.0617190196226504	-17.2968297807846	4.96995817551133e-67	3.54523683186475e-65
gene_6610	interaction_vs_onu	3143.83033228001	1.2643419241555	0.0731349173975577	17.2878013559871	5.81274236053467e-67	4.11215492613031e-65
gene_6963	interaction_vs_onu	877.053478753135	1.82867688438479	0.10626535734959	17.2085892335435	2.28941347194278e-66	1.60634256719919e-64
gene_1042	interaction_vs_onu	30785.6265525869	-1.67182497374237	0.0971838350588169	-17.2027063217927	2.53414071726061e-66	1.76359711705291e-64
gene_7190	interaction_vs_onu	7464.03973812948	-1.51345622485611	0.0884113362048953	-17.1183503136819	1.08301201515972e-65	7.47627649174771e-64
gene_3955	interaction_vs_onu	2587.9637461091	-2.09469621967106	0.12242191782174	-17.1104672834906	1.24000694277757e-65	8.49156754414083e-64
gene_4305	interaction_vs_onu	191.82276160898	-4.05653557228949	0.237121197741068	-17.1074353998463	1.30625641550293e-65	8.87424993389291e-64
gene_6320	interaction_vs_onu	3932.19366184	1.52857701446393	0.0894074919095398	17.0967441521623	1.56929890945235e-65	1.05591995176395e-63
gene_1768	interaction_vs_onu	1685.35373620958	-1.22134637359748	0.0714388589901713	-17.0963869084964	1.57894572226385e-65	1.05591995176395e-63
gene_2016	interaction_vs_onu	2305.10685951929	3.29618719521343	0.193357486812579	17.0471143866718	3.67220498696876e-65	2.43674997584904e-63
gene_1304	interaction_vs_onu	1911.32246606701	1.18212080088326	0.0695088198184125	17.0067741614873	7.3156522242852e-65	4.81707561845241e-63
gene_93	interaction_vs_onu	1865.05572702828	1.75542125965868	0.103308235188024	16.9920747989138	9.40043261671964e-65	6.14257276329161e-63
gene_861	interaction_vs_onu	11143.8909271428	1.72029254125236	0.101361186000456	16.971906201301	1.3255839781219e-64	8.5962112520632e-63
gene_4908	interaction_vs_onu	306.831807762808	2.91453759038919	0.17266918329606	16.8793153170354	6.38814097963534e-64	4.11146517185553e-62
gene_7321	interaction_vs_onu	296.103208591643	2.08740662042533	0.123741425760863	16.8691010919767	7.59432605482035e-64	4.85130082307927e-62
gene_4954	interaction_vs_onu	1307.10931217054	-2.32606254073703	0.138069099927597	-16.8470899133608	1.10205817339969e-63	6.98786515874172e-62
gene_6964	interaction_vs_onu	951.099082959875	2.05244371612754	0.12208814863908	16.8111625821686	2.02167243270081e-63	1.27246441352345e-61
gene_8014	interaction_vs_onu	943.614901632366	1.59611305433542	0.0949995915681508	16.801262279011	2.38905213362524e-63	1.49272162509723e-61
gene_8188	interaction_vs_onu	1359.34745040129	1.23200215857136	0.0735899610546723	16.7414432745258	6.53834539987409e-63	4.05566932050161e-61
gene_3928	interaction_vs_onu	4263.04861465156	0.914292129077128	0.054630233356079	16.7360099510794	7.16317538033815e-63	4.41127922702839e-61
gene_2401	interaction_vs_onu	2098.38591893807	-1.34873654513409	0.0809470104443248	-16.6619685857547	2.47734367807353e-62	1.5147187060221e-60
gene_4924	interaction_vs_onu	12929.0512366123	2.61044996061851	0.156750766975404	16.6535067801494	2.85378393474103e-62	1.73250996321867e-60
gene_8320	interaction_vs_onu	283.096359523236	3.0090695853984	0.181414830090017	16.5866791811083	8.69996512844982e-62	5.24448602109369e-60
gene_5485	interaction_vs_onu	18048.6745173714	1.57184975899613	0.0948189146609633	16.5773861113732	1.01550734617326e-61	6.07884117709305e-60
gene_102	interaction_vs_onu	167.25874349621	-3.55627107258692	0.214891993087091	-16.5491092594857	1.62488950679806e-61	9.65906540152177e-60
gene_5433	interaction_vs_onu	265.613500117144	2.21088431486564	0.133868826029668	16.5153036777633	2.84724201098742e-61	1.68085459407257e-59
gene_1471	interaction_vs_onu	857.676978855392	-2.02312641681825	0.123598980015038	-16.3684717832793	3.21177831042559e-60	1.88307002309884e-58
gene_4395	interaction_vs_onu	295.107732078903	2.48847269230671	0.152062979230621	16.364750348161	3.41424972336242e-60	1.98816174367227e-58
gene_6562	interaction_vs_onu	4750.87279296434	1.11292107618771	0.0681420288643794	16.3323736427442	5.80799952847392e-60	3.35922134890113e-58
gene_1490	interaction_vs_onu	3086.08118042237	1.04940415285836	0.064565141075476	16.2534168651722	2.11255024265208e-59	1.21365302530884e-57
gene_8266	interaction_vs_onu	8394.80090446801	1.0302049491831	0.0637301617174792	16.1651080339335	8.88819723054408e-59	5.07219788623049e-57
gene_2942	interaction_vs_onu	5528.35351706728	-1.64580720999405	0.101845509697001	-16.1598406732949	9.68115561524418e-59	5.48812530241657e-57
gene_8208	interaction_vs_onu	647.08047702444	-1.97107009363165	0.122801809444636	-16.0508228872661	5.6411145183925e-58	3.17683817614735e-56
gene_3776	interaction_vs_onu	2612.47695301737	-2.95590058652576	0.184937720566541	-15.9832216892833	1.67272622961932e-57	9.35852060492898e-56
gene_5343	interaction_vs_onu	607.081646315611	-2.79758170695034	0.175277023358476	-15.9609152035217	2.39197967447353e-57	1.32956792295412e-55
gene_3793	interaction_vs_onu	777.458058909788	-1.51846908261716	0.0951522835278476	-15.958304165898	2.49416704269887e-57	1.3774238635808e-55
gene_1439	interaction_vs_onu	3522.25300867635	-1.6810569998906	0.105515722529029	-15.9318152745257	3.81129954822399e-57	2.09132847005111e-55
gene_107	interaction_vs_onu	43463.7313789275	1.20315715732412	0.0757160835216291	15.8903775969927	7.38811960107907e-57	4.02817221562018e-55
gene_3727	interaction_vs_onu	22572.766376954	-0.867660308211989	0.0550759596318317	-15.7538845262447	6.45889725051127e-56	3.49925066230231e-54
gene_4292	interaction_vs_onu	6595.90068100259	1.44490242070876	0.0917968000195187	15.7402264610698	8.01563004832896e-56	4.31533290652175e-54
gene_972	interaction_vs_onu	20570.5811283141	1.57115327093825	0.0998242504155933	15.7391942779149	8.14744771800278e-56	4.35888452913149e-54
gene_5452	interaction_vs_onu	4804.10572337327	1.66842104924257	0.10612302499003	15.7215745536778	1.07615649153043e-55	5.72167675000028e-54
gene_3271	interaction_vs_onu	18002.9559726521	1.19860688488151	0.0762445390114107	15.720560454856	1.09352081855187e-55	5.77811000420003e-54
gene_4176	interaction_vs_onu	847.532643970541	1.52387996351142	0.0971906535214661	15.6792850783213	2.09600034440657e-55	1.10072165325891e-53
gene_6545	interaction_vs_onu	5610.1060879349	0.996793065943102	0.0636226452857885	15.6672684932476	2.53230705968942e-55	1.32174075798424e-53
gene_3456	interaction_vs_onu	1237.61197353785	2.88490538855037	0.184406057879676	15.6443092039458	3.6329003712895e-55	1.88470467746898e-53
gene_6336	interaction_vs_onu	1408.0359311187	1.79350048742731	0.114692817183138	15.6374264010231	4.04758686007316e-55	2.08718936880881e-53
gene_2946	interaction_vs_onu	3235.13609911483	-1.31952558085242	0.0845453919461925	-15.607303372515	6.4923627339089e-55	3.32782185642277e-53
gene_7824	interaction_vs_onu	1611.20578382321	1.4888657778698	0.0960042254689351	15.5083359153974	3.04673052640387e-54	1.55238174440578e-52
gene_3693	interaction_vs_onu	4208.71410329601	-2.25883399944575	0.146049714869095	-15.4661993107645	5.867029329599e-54	2.97170242966671e-52
gene_3398	interaction_vs_onu	148.183628911817	3.97299635673857	0.257957775920652	15.4017313204028	1.59345200188362e-53	8.02349949183752e-52
gene_6175	interaction_vs_onu	12021.2409866858	1.42072505025876	0.0923834924387705	15.3785596620563	2.27962530673738e-53	1.14114576758316e-51
gene_3994	interaction_vs_onu	1558.63247856288	1.45912534743412	0.0949655549944698	15.3647851320312	2.81971924800496e-53	1.40330213737921e-51
gene_910	interaction_vs_onu	19119.6809672272	1.62443075479939	0.105859639184901	15.3451378382469	3.81747676553344e-53	1.88887867705007e-51
gene_1391	interaction_vs_onu	468.975014510957	1.8411212385389	0.120033737305088	15.3383646954135	4.2373554271505e-53	2.08458404921886e-51
gene_6270	interaction_vs_onu	7392.90328916525	1.42830246745764	0.0933282535627232	15.3040736640134	7.1817222940678e-53	3.51288816212688e-51
gene_5827	interaction_vs_onu	602.481210095514	1.85551229243945	0.121554657423705	15.264839141224	1.31150840012767e-52	6.3786999460755e-51
gene_649	interaction_vs_onu	45894.6759012884	2.32806982449602	0.152531849351422	15.2628440184471	1.352237697154e-52	6.50600409585268e-51
gene_6380	interaction_vs_onu	2752.88449499997	-1.34751859320082	0.0882876968422092	-15.2628128425317	1.35288402927778e-52	6.50600409585268e-51
gene_2396	interaction_vs_onu	1131.76672442763	-1.41196607769237	0.0925984692890275	-15.2482658572379	1.69063850114946e-52	8.08484110046894e-51
gene_4976	interaction_vs_onu	2024.95929415223	1.1222869115443	0.0738875420416333	15.1891222868387	4.17472115182649e-52	1.98531183664638e-50
gene_3248	interaction_vs_onu	4584.5201937203	0.954696086052389	0.0629403382019534	15.168270672285	5.73684818268029e-52	2.71311715158803e-50
gene_4754	interaction_vs_onu	777.358381037307	-2.23285898411895	0.147306379890897	-15.1579244956853	6.71582420721745e-52	3.1586513853726e-50
gene_7161	interaction_vs_onu	374.276878454393	1.82845600354224	0.12087329306635	15.1270471512558	1.07407833533016e-51	5.02410412591596e-50
gene_73	interaction_vs_onu	5831.93822175884	1.05561525624258	0.0697981249559017	15.1238340128694	1.12780546718823e-51	5.24674717344089e-50
gene_4555	interaction_vs_onu	8694.63141393915	2.19983115313282	0.145960020845801	15.0714636815297	2.49523157550313e-51	1.15455039385442e-49
gene_1877	interaction_vs_onu	69389.1636233211	-2.28968042451753	0.152278776827978	-15.0361099045606	4.25850421839587e-51	1.95982774782089e-49
gene_392	interaction_vs_onu	13709.950494424	1.84443024369675	0.123336129854173	14.954500728031	1.45569342181364e-50	6.66349502177792e-49
gene_7678	interaction_vs_onu	9711.82048077297	1.21273119797126	0.0811147063259118	14.950817834421	1.53848100155932e-50	7.00499860284454e-49
gene_4061	interaction_vs_onu	3797.36620838758	1.14711602492804	0.0767530463096631	14.9455439240803	1.66525898206068e-50	7.54212533674044e-49
gene_7463	interaction_vs_onu	21357.1010944733	-1.47469538709992	0.0987795368470502	-14.9291587526203	2.12935480658779e-50	9.59330376020603e-49
gene_3548	interaction_vs_onu	580.412382253167	-1.76596978526362	0.118560244232729	-14.895126074446	3.54515294868537e-50	1.58882247333753e-48
gene_6679	interaction_vs_onu	229.129150945105	2.24189454946981	0.150551143615379	14.8912488848129	3.75685831269076e-50	1.67493266440796e-48
gene_1307	interaction_vs_onu	679.355907960736	-2.21210909030072	0.148692732155682	-14.877049188824	4.6454072092792e-50	2.06034640991865e-48
gene_393	interaction_vs_onu	7669.7638345728	1.6125459471481	0.108419203282458	14.8732502944799	4.91671824323607e-50	2.16943856505674e-48
gene_4147	interaction_vs_onu	10518.9848082465	-0.733879422658662	0.0493446733010825	-14.8725155840187	4.97098251326203e-50	2.18213386223195e-48
gene_2900	interaction_vs_onu	1100.39126264762	1.58688044415541	0.106702060495876	14.8720693563058	5.00423061166569e-50	2.18552112427848e-48
gene_7492	interaction_vs_onu	3776.38090951688	-0.789719880029227	0.0531250821697174	-14.8652923962796	5.53726051992443e-50	2.40603807363214e-48
gene_5649	interaction_vs_onu	286.885062195625	2.14878701466434	0.14481684599975	14.8379630824722	8.3245461661011e-50	3.5988947061528e-48
gene_5809	interaction_vs_onu	1205.24203718541	1.2547330818098	0.0850171500913964	14.7585878903364	2.7089342933084e-49	1.16525012817688e-47
gene_5037	interaction_vs_onu	594.813071973089	-1.62364715093022	0.110042524812191	-14.7547246276045	2.86859853430004e-49	1.22776017268042e-47
gene_7087	interaction_vs_onu	6201.9686646117	1.43033445333147	0.0971738421672459	14.7193362064425	4.84391627058581e-49	2.06288175503555e-47
gene_6749	interaction_vs_onu	8340.26748842206	-0.994667619182577	0.0676031650975412	-14.7133291429095	5.29376646964808e-49	2.24329905842512e-47
gene_8295	interaction_vs_onu	2504.81712750306	1.07003098062676	0.0729467636038994	14.6686559863988	1.02352363274248e-48	4.31594201786976e-47
gene_5656	interaction_vs_onu	16738.0260201908	1.62478595674699	0.110891144927266	14.6520802703651	1.30653380299082e-48	5.48231831058895e-47
gene_826	interaction_vs_onu	5025.47794956075	2.40550480530027	0.164269756792345	14.6436255356553	1.47963188349333e-48	6.17836532814778e-47
gene_705	interaction_vs_onu	2364.12744061774	-2.01282522967529	0.137751478699613	-14.6120045220316	2.35486081590375e-48	9.78524688550297e-47
gene_1120	interaction_vs_onu	6932.18635933832	1.50904905513773	0.103289489530169	14.6098994389644	2.42876196544449e-48	1.00435760503405e-46
gene_7976	interaction_vs_onu	7621.68050997381	-2.1353185809742	0.14627332142376	-14.5981410703603	2.88607910096661e-48	1.18773255309011e-46
gene_3216	interaction_vs_onu	206.878271092048	-2.72195834514606	0.187125098658512	-14.5461959120374	6.17423102533727e-48	2.52877596061661e-46
gene_5106	interaction_vs_onu	4115.16819453424	1.61431308857355	0.111070236268701	14.5341645323253	7.36060832676776e-48	3.0003241560539e-46
gene_636	interaction_vs_onu	578.912871531249	1.2780461122192	0.0879979110678126	14.5235960343913	8.58839353302269e-48	3.48420135747271e-46
gene_8585	interaction_vs_onu	334.855153211807	-2.43241432126027	0.168086500155308	-14.4712057126109	1.84214432236966e-47	7.43809216956805e-46
gene_2801	interaction_vs_onu	5149.41672555328	0.852604382953477	0.0589388621357752	14.4659118289282	1.98950850671801e-47	7.99539568897005e-46
gene_8276	interaction_vs_onu	2710.19999479022	1.58792032796181	0.110143275851398	14.4168612717148	4.05362035260525e-47	1.6214481410421e-45
gene_613	interaction_vs_onu	3309.67303837819	0.901357224388721	0.0625423489762911	14.4119502887621	4.35244080994507e-47	1.73287875968046e-45
gene_7099	interaction_vs_onu	11018.7853708311	1.56464949166389	0.108648897760692	14.4009697651067	5.10225341972979e-47	2.02200413300403e-45
gene_5753	interaction_vs_onu	1181.26611733189	1.3569475875242	0.094237442760663	14.3992403419781	5.23153707387884e-47	2.06368467061764e-45
gene_4766	interaction_vs_onu	165.811948373248	-3.061609546233	0.212918280029421	-14.3792705154764	6.98266606159221e-47	2.74181749941419e-45
gene_1792	interaction_vs_onu	576.178074530142	2.07644611382551	0.144690842989805	14.350915862532	1.05139527516019e-46	4.1095632672928e-45
gene_8173	interaction_vs_onu	12982.7696859859	1.58509037739838	0.110751830260871	14.3120919416389	1.83897163907537e-46	7.15527146840234e-45
gene_6657	interaction_vs_onu	350.239637668616	1.61025958279438	0.112600629783029	14.3006267895411	2.16847654024261e-46	8.39916705179942e-45
gene_5557	interaction_vs_onu	19581.4084539021	-0.810101154013032	0.0566590143870531	-14.2978335005796	2.25727927463393e-46	8.70374350939932e-45
gene_6729	interaction_vs_onu	1202.10730665034	1.31917082017736	0.0925760553595859	14.2495898648242	4.50921679657531e-46	1.73089218738496e-44
gene_6346	interaction_vs_onu	290.723097483399	1.94268481152693	0.136571502718553	14.2246718594759	6.4405744527959e-46	2.46121952303272e-44
gene_8282	interaction_vs_onu	1823.68765582341	1.03735897947482	0.0729883204501897	14.2126709188048	7.64529973427929e-46	2.90861181001914e-44
gene_3959	interaction_vs_onu	952.519579212434	1.81730550673479	0.127898711273805	14.2089430662386	8.06333004226428e-46	3.05407544963638e-44
gene_7987	interaction_vs_onu	490.879829341858	-2.05811355365393	0.145721803022532	-14.1235800749439	2.71823616444385e-45	1.02502650077706e-43
gene_7058	interaction_vs_onu	3906.64175888245	0.873079634297693	0.0621491668062122	14.0481309591816	7.90940257052917e-45	2.96949500016358e-43
gene_2751	interaction_vs_onu	272.937434103413	-2.08291959923356	0.148398327202599	-14.0360045729483	9.38569590692915e-45	3.50836493289579e-43
gene_4670	interaction_vs_onu	3157.77496503122	0.7294188207227	0.0520431512348039	14.0156543832592	1.25040379455566e-44	4.65367673104194e-43
gene_5768	interaction_vs_onu	6283.83018933771	1.22409648197284	0.0873533322291054	14.0131629868721	1.29506124830082e-44	4.79901484218832e-43
gene_6549	interaction_vs_onu	2634.60044391911	1.5684910187584	0.11195749277831	14.0097011806455	1.3597589858554e-44	5.01704177539752e-43
gene_7787	interaction_vs_onu	618.828121364755	1.71631059174689	0.122840198205213	13.9718969590042	2.31380622955366e-44	8.50050700642889e-43
gene_2207	interaction_vs_onu	8561.56644539103	1.02310222359068	0.0733001117466354	13.9577171059039	2.82333283164031e-44	1.03280893328381e-42
gene_1248	interaction_vs_onu	371.499808204124	-1.94467768232595	0.139428448224406	-13.9474957018531	3.25847244472045e-44	1.18691592028966e-42
gene_7765	interaction_vs_onu	40782.5214825025	1.29458420195926	0.0933638764620793	13.8660074004647	1.01786930857824e-43	3.69193274636852e-42
gene_3809	interaction_vs_onu	11257.1832101299	0.993446494440435	0.0717427203837081	13.8473490986555	1.3199402375781e-43	4.76737908593608e-42
gene_2928	interaction_vs_onu	1842.42641539714	1.34582443595408	0.0973255623076153	13.8280674063856	1.72595431240195e-43	6.20763399754653e-42
gene_6273	interaction_vs_onu	1056.81536960057	1.96908253648264	0.142685452890794	13.8001632022691	2.54276318351966e-43	9.1071350840704e-42
gene_5602	interaction_vs_onu	997.699613855881	1.16939063547494	0.0847750822411407	13.7940371694201	2.76824157458563e-43	9.87339494935542e-42
gene_3026	interaction_vs_onu	967.523059548414	1.68717657370775	0.122355779766958	13.7891040122599	2.96418559234729e-43	1.05283936392086e-41
gene_1225	interaction_vs_onu	1568.1394664427	0.996261234578557	0.0723890651910742	13.7625928992021	4.27900323507063e-43	1.51356478066961e-41
gene_6375	interaction_vs_onu	8810.07916889159	-1.44327785328053	0.10488801186616	-13.7601793341473	4.42428054127196e-43	1.55851199313942e-41
gene_1826	interaction_vs_onu	1559.82173923373	1.17423371912659	0.0857461663241386	13.6942999257569	1.09813639336176e-42	3.85247849474452e-41
gene_6217	interaction_vs_onu	5109.95710615786	-1.44397729947231	0.105537844705086	-13.6820806176908	1.29921232212924e-42	4.53928876629645e-41
gene_6226	interaction_vs_onu	24832.0864548689	1.13288791958286	0.0828818837110347	13.6687038090572	1.56151929476487e-42	5.43357933462898e-41
gene_6813	interaction_vs_onu	2526.78005434358	1.11315661558543	0.0817741558155288	13.6125723889655	3.37164101343535e-42	1.16847154149824e-40
gene_4313	interaction_vs_onu	763.917157216578	1.52357134995149	0.112257082466091	13.5721623658953	5.85683352124036e-42	2.02155221539587e-40
gene_1863	interaction_vs_onu	342.922130176066	-2.40582161522772	0.177438592448005	-13.5586153048002	7.04535358130677e-42	2.42201713477855e-40
gene_8179	interaction_vs_onu	154.84140544625	2.52140183613587	0.186002938571415	13.5557096866391	7.32997659560013e-42	2.50978398633349e-40
gene_5590	interaction_vs_onu	2889.6915948803	-1.02514636229411	0.0757194266292783	-13.5387496700578	9.23473756070776e-42	3.14937663424934e-40
gene_2793	interaction_vs_onu	216.361418573366	1.98058184449452	0.146528250407138	13.5167234918274	1.24602979902343e-41	4.23254566652402e-40
gene_1702	interaction_vs_onu	4838.7353378342	0.944382702158936	0.0698973228539531	13.5109996148519	1.34680221962299e-41	4.55676956520665e-40
gene_6269	interaction_vs_onu	1921.03416707394	-1.07028345450402	0.0793944748356511	-13.4805785505798	2.03504786787632e-41	6.85827155473281e-40
gene_829	interaction_vs_onu	469.651012888914	-2.32292770055274	0.172374270977894	-13.4760697601479	2.16327054144591e-41	7.26180228814783e-40
gene_4422	interaction_vs_onu	90.6435440931073	4.93946888658734	0.366573140138922	13.4747158090072	2.20332071444523e-41	7.36735363892625e-40
gene_2880	interaction_vs_onu	2229.95348128566	2.02009851794344	0.149937324552655	13.4729529419742	2.25657380965176e-41	7.51605907027979e-40
gene_1250	interaction_vs_onu	12172.928067505	0.957650269283376	0.071096127329241	13.4697951246847	2.35518594503224e-41	7.81410530599844e-40
gene_2976	interaction_vs_onu	15050.4571605631	-1.07198616335932	0.0796785960451138	-13.4538786646336	2.92137415914954e-41	9.65519799317376e-40
gene_2129	interaction_vs_onu	1013.66638370962	1.1219547012722	0.0834129620358228	13.4506037657596	3.05368685298716e-41	1.00536767159885e-39
gene_4796	interaction_vs_onu	4814.30442173778	1.30236581911359	0.0968498095338972	13.447272899982	3.1943744394466e-41	1.04765690427827e-39
gene_5082	interaction_vs_onu	1593.86991189273	1.10005104581258	0.0818098921425061	13.4464307066482	3.23095603958823e-41	1.05561006484257e-39
gene_4917	interaction_vs_onu	10230.4665451832	1.3518109022273	0.100683926385156	13.4262831294053	4.24173096699351e-41	1.38057859610131e-39
gene_5650	interaction_vs_onu	1821.87250221578	-1.96192057714927	0.146211697105964	-13.4183558222938	4.72070666813207e-41	1.53065337421252e-39
gene_3100	interaction_vs_onu	6922.93757464927	0.972528198785806	0.0729393788381034	13.3333764871296	1.48042575294842e-40	4.78205450763716e-39
gene_413	interaction_vs_onu	11822.0248955108	0.668499745070563	0.0502117478841134	13.3136123166521	1.92923717531e-40	6.20837226340361e-39
gene_5792	interaction_vs_onu	12322.2362771506	1.16309702967811	0.0875918398267472	13.2786002894637	3.08099497496509e-40	9.87764681112403e-39
gene_4755	interaction_vs_onu	148.495181830664	-3.8090229935812	0.287031647291807	-13.2703938033314	3.43769419163847e-40	1.09800978658303e-38
gene_2954	interaction_vs_onu	290.096978431957	-1.86898840860076	0.141148203972776	-13.2413190957871	5.06513185263121e-40	1.6118040393503e-38
gene_6470	interaction_vs_onu	2348.21248467645	-2.00464065008096	0.151632433775781	-13.2203948730733	6.69117481687101e-40	2.12135023823762e-38
gene_7979	interaction_vs_onu	17025.6511081037	-2.33394966982754	0.176548489109257	-13.2198790349499	6.73722084350825e-40	2.12806680518194e-38
gene_6024	interaction_vs_onu	1615.43415873104	0.955463566403599	0.0725405559779345	13.1714398038834	1.28130597808601e-39	4.03234528397656e-38
gene_2704	interaction_vs_onu	992.470814208997	-1.54216113403877	0.117092448942579	-13.1704575996615	1.29808506572645e-39	4.07018614015327e-38
gene_6410	interaction_vs_onu	137.270702901074	-3.00394853052177	0.228860369965706	-13.1256824017714	2.34659359801871e-39	7.33096394125554e-38
gene_1472	interaction_vs_onu	8606.71355745265	-1.23511703228972	0.0942092511817187	-13.1103582376143	2.87238420622723e-39	8.94094865647457e-38
gene_2463	interaction_vs_onu	6425.67415618903	1.04688562996261	0.0799129603198553	13.1003234740948	3.27857359414294e-39	1.01683296977766e-37
gene_3969	interaction_vs_onu	7213.9831653609	-1.39355935241809	0.10647744606703	-13.0878360055782	3.86461944779694e-39	1.19426507123256e-37
gene_5096	interaction_vs_onu	2363.60647582981	2.09541255199389	0.160133052264968	13.0854468977876	3.98807676795956e-39	1.22798335013431e-37
gene_6258	interaction_vs_onu	9202.71905453037	1.67061781455965	0.12768133964255	13.0842754253411	4.05003761320281e-39	1.24259218526939e-37
gene_8570	interaction_vs_onu	136.664931466559	2.18515961205135	0.167698424524793	13.0302930289503	8.22910126966433e-39	2.51575381672595e-37
gene_7985	interaction_vs_onu	1392.65781360918	-1.64008216341969	0.126104751022824	-13.0057127119886	1.13535443166673e-38	3.4585885889919e-37
gene_1730	interaction_vs_onu	516.794621310083	-1.59641121736467	0.122769309942143	-13.0033411291227	1.17112691491976e-38	3.55491006798339e-37
gene_1815	interaction_vs_onu	411.101595882028	1.90372449356596	0.146562729496269	12.9891446489091	1.40994000022935e-38	4.26469484168312e-37
gene_3437	interaction_vs_onu	1271.46927827754	1.1472852636691	0.0883796145286628	12.981333645634	1.56137913762026e-38	4.70612866832023e-37
gene_6829	interaction_vs_onu	224.373981880288	-1.91547365420803	0.147606750763825	-12.9768702603097	1.65506477980326e-38	4.97100158425118e-37
gene_1088	interaction_vs_onu	1983.09023138124	0.964985625645932	0.0743636582204221	12.9765755039324	1.66144478112148e-38	4.97271584839155e-37
gene_6935	interaction_vs_onu	660.426574257427	-1.44513053404366	0.111442637334016	-12.9674832596821	1.87072349464848e-38	5.57957948229651e-37
gene_8008	interaction_vs_onu	2896.89969724713	1.00539753483405	0.0775415383446717	12.9659219599831	1.90920930017482e-38	5.67459430885293e-37
gene_3599	interaction_vs_onu	20972.4868212726	0.806125115451547	0.0622447342680493	12.9508965686972	2.32225904894114e-38	6.87838666399175e-37
gene_2413	interaction_vs_onu	31896.9752063215	1.0549154232945	0.0815900014307512	12.9294693564855	3.0692988292102e-38	9.0597234407032e-37
gene_5997	interaction_vs_onu	4464.76219350731	0.969812953094301	0.0751156465669947	12.9109313094887	3.90548719096379e-38	1.14883059637973e-36
gene_8427	interaction_vs_onu	4959.31986247013	0.912626336707896	0.0707576714624546	12.8979136515558	4.62448448397151e-38	1.35567079393138e-36
gene_417	interaction_vs_onu	3898.59435622067	1.11382594153724	0.0865471971551124	12.8695784282997	6.67655601920063e-38	1.95055698035349e-36
gene_4325	interaction_vs_onu	2108.0554363707	-1.91757853715765	0.149121617857317	-12.8591586163747	7.64037784685061e-38	2.22454538670208e-36
gene_7088	interaction_vs_onu	62.6622808900568	3.4657999033411	0.270238178297521	12.8249824846192	1.18813421320512e-37	3.44760300509689e-36
gene_3309	interaction_vs_onu	3182.56944012754	0.791005449601998	0.0620067015328684	12.7567735429807	2.85795345895231e-37	8.26489243534858e-36
gene_6972	interaction_vs_onu	1839.54559173792	0.992842622364961	0.0780135598364574	12.7265391355848	4.21094350606801e-37	1.21365913844923e-35
gene_3581	interaction_vs_onu	3001.46165485086	-1.42621836436301	0.112158631650412	-12.7160820649846	4.81399128935084e-37	1.38281092069944e-35
gene_1284	interaction_vs_onu	220.222602477215	-4.28626969076551	0.339893635758	-12.6106206172606	1.84534114175022e-36	5.28298333557922e-35
gene_2071	interaction_vs_onu	4529.22261055247	0.757488286166126	0.0601511450033552	12.5930817463886	2.30495504050493e-36	6.57680504890741e-35
gene_1413	interaction_vs_onu	4606.77790950347	0.75443626500972	0.0599763784567837	12.5788899633767	2.7587909730716e-36	7.84559824900095e-35
gene_5771	interaction_vs_onu	11086.7972116769	-0.996382811665305	0.0794449003424058	-12.5418095733133	4.40813231058268e-36	1.24945737015191e-34
gene_5837	interaction_vs_onu	185.111339657423	-2.73141679723953	0.218273584058849	-12.5137304590331	6.28039848344097e-36	1.77426439004141e-34
gene_168	interaction_vs_onu	1504.91279976052	-0.973091397217132	0.077944242268531	-12.4844551553233	9.07625168064422e-36	2.55568139428666e-34
gene_1544	interaction_vs_onu	27980.1313958837	-0.958081226761147	0.0767844476612854	-12.4775427308857	9.89947971916033e-36	2.77834578347582e-34
gene_5188	interaction_vs_onu	6868.15126796665	0.78396029308803	0.0629830557964837	12.4471619100418	1.44906856896226e-35	4.05360357853494e-34
gene_5232	interaction_vs_onu	1930.5861027975	0.742409866900902	0.059740332014344	12.4272805635336	1.8584971825586e-35	5.18199865886047e-34
gene_4112	interaction_vs_onu	36116.9609681716	0.915082174125726	0.0736370009958043	12.426934309531	1.86656276064585e-35	5.18759001010665e-34
gene_4142	interaction_vs_onu	48.721533136317	4.7146054205974	0.380100059975476	12.403590309619	2.49871637805907e-35	6.92201041947755e-34
gene_7032	interaction_vs_onu	508.366331862368	2.0376837846893	0.164384589099802	12.395832211815	2.75272988741316e-35	7.60108639879246e-34
gene_6056	interaction_vs_onu	1880.70653564026	0.975957624845987	0.0789127752243538	12.367549133474	3.91588292552815e-35	1.0778121492772e-33
gene_7160	interaction_vs_onu	600.864946592368	1.9009859777321	0.153845711371818	12.3564443934206	4.49607365960338e-35	1.23353815789118e-33
gene_5601	interaction_vs_onu	1606.95060425469	1.04880078924623	0.084995908285065	12.3394268078023	5.55499324905877e-35	1.51919304191512e-33
gene_2392	interaction_vs_onu	16772.6752944284	-0.642341737351054	0.0520827749474732	-12.3330935803415	6.00944499491848e-35	1.63824360371026e-33
gene_1339	interaction_vs_onu	386.50254067788	1.91877113673694	0.155914746659155	12.3065404514402	8.35274224514482e-35	2.26982455931554e-33
gene_4145	interaction_vs_onu	2006.16459318888	1.05311642202727	0.0857108847430585	12.2868457744226	1.06584222891979e-34	2.88721818973208e-33
gene_8559	interaction_vs_onu	353.261172061557	1.81877600675135	0.148348010379264	12.2601981792779	1.48137156107216e-34	4.00017052453554e-33
gene_6561	interaction_vs_onu	984.338188831336	1.34409231835244	0.109665912451389	12.2562452480229	1.55541534489139e-34	4.18690419882715e-33
gene_5968	interaction_vs_onu	1680.54041958257	-0.928467764358496	0.0759186804482049	-12.2297668884266	2.15556339336477e-34	5.78420772639575e-33
gene_2386	interaction_vs_onu	208.304479759728	1.8275658434111	0.149612359001699	12.2153400668613	2.57422822180612e-34	6.88606049333138e-33
gene_6139	interaction_vs_onu	161.628297277487	-2.43185291717191	0.19921262511997	-12.2073232843922	2.84082169342486e-34	7.57552451579963e-33
gene_1145	interaction_vs_onu	10278.1109139446	-1.14124677700981	0.0936504106664517	-12.1862442341498	3.67993729619278e-34	9.78269045199075e-33
gene_7063	interaction_vs_onu	1862.13235413805	1.31615137814094	0.108235527505114	12.1600680338417	5.07164346512599e-34	1.34406402667116e-32
gene_3385	interaction_vs_onu	5239.00570541817	1.21583528112872	0.100010492139739	12.1570772737515	5.2607365882255e-34	1.38987361713612e-32
gene_928	interaction_vs_onu	875.034415699132	1.21154751014574	0.099779568693063	12.142240400664	6.30749849995763e-34	1.66129806645038e-32
gene_3427	interaction_vs_onu	122616.98940495	1.09553232492533	0.0902648059770385	12.1368712098491	6.73525206784407e-34	1.76852017486948e-32
gene_7335	interaction_vs_onu	893.594336730453	-1.29100432856093	0.106692585853559	-12.1002253177451	1.05321697042527e-33	2.75704503573098e-32
gene_653	interaction_vs_onu	8848.67282819065	0.615210330158	0.0509280505168966	12.079989787826	1.34736464061504e-33	3.51629308648315e-32
gene_4221	interaction_vs_onu	4068.81709782144	1.60110447541903	0.133043513762835	12.0344421921476	2.3421167691475e-33	6.09377493735641e-32
gene_2860	interaction_vs_onu	4553.98472865365	-1.55621526824286	0.129366322852253	-12.0295238662707	2.48590218410171e-33	6.4482796048214e-32
gene_7090	interaction_vs_onu	471.587957187133	1.53889202656545	0.127938426846337	12.0283800926657	2.52057703486411e-33	6.51847112339479e-32
gene_4044	interaction_vs_onu	45498.0397766748	1.08412268695789	0.0904926729108774	11.9802261562723	4.51091432532215e-33	1.163055018818e-31
gene_4396	interaction_vs_onu	9416.67515808758	0.914337759829784	0.0764175753601083	11.9650192448672	5.4185024995169e-33	1.39286430618212e-31
gene_7332	interaction_vs_onu	14141.9825430765	-0.677208849174	0.0566185815519095	-11.9608939435036	5.69455507044426e-33	1.45944285637733e-31
gene_8046	interaction_vs_onu	5837.15455788318	0.981963790459104	0.0822362521251666	11.9407653569197	7.25524939025024e-33	1.85387865016544e-31
gene_7334	interaction_vs_onu	607.688039676299	-1.30379265561278	0.109199697334299	-11.9395262756215	7.36414121239031e-33	1.8761026422042e-31
gene_1314	interaction_vs_onu	110.620194215808	-3.29845337441245	0.27652728989617	-11.9281296817068	8.44495692524556e-33	2.1450691774511e-31
gene_1586	interaction_vs_onu	497.937468923691	1.12191638677207	0.0940836678488872	11.9246667612283	8.80355863173703e-33	2.22954029253459e-31
gene_3863	interaction_vs_onu	6940.85343641319	1.03951745462036	0.0872446785446913	11.9149668720238	9.8905486805638e-33	2.49743648099192e-31
gene_5405	interaction_vs_onu	342.047641590788	1.47204994430196	0.12358286331685	11.9114406706035	1.03178967723714e-32	2.59768224622056e-31
gene_3347	interaction_vs_onu	2579.39333325741	0.800897089136785	0.0675993582864676	11.8477025439029	2.21171531951608e-32	5.55198918916647e-31
gene_3558	interaction_vs_onu	379.103280001227	-1.48232654940373	0.125160202196452	-11.8434336425653	2.32725940814637e-32	5.82495337243653e-31
gene_8388	interaction_vs_onu	5710.92119476854	0.774818116431595	0.0654780772757465	11.8332447846417	2.62783236946124e-32	6.558088945361e-31
gene_3646	interaction_vs_onu	954.426227379847	-1.9046360451513	0.161400792204875	-11.8006610694552	3.8725715289004e-32	9.63639892075216e-31
gene_4159	interaction_vs_onu	670.986251649403	1.08376382011347	0.0919324872184862	11.788692473182	4.46417820079456e-32	1.1076337796754e-30
gene_4470	interaction_vs_onu	5404.10938409169	0.758047133461257	0.0643620353942708	11.7778614181107	5.07647369822355e-32	1.25591372418479e-30
gene_3577	interaction_vs_onu	3553.37454551312	-1.28200778096959	0.108919977355182	-11.7701803847153	5.56054873296789e-32	1.3717088517062e-30
gene_8402	interaction_vs_onu	1359.72368204067	0.960613698262722	0.0819182368411127	11.7264938224429	9.32414958169424e-32	2.29352644883054e-30
gene_1060	interaction_vs_onu	678.808850234484	-1.46730436235871	0.125218582396838	-11.7179442082213	1.03144653866711e-31	2.52985168223222e-30
gene_390	interaction_vs_onu	975.245639096084	-1.12634147653855	0.0961947048561418	-11.708975854991	1.14656158931892e-31	2.80416205844856e-30
gene_3372	interaction_vs_onu	944.966138210389	-1.43499719525355	0.123031339677886	-11.6636720286927	1.9542853769167e-31	4.76600650324984e-30
gene_3703	interaction_vs_onu	5926.21354142964	-1.28296118507483	0.110015456758878	-11.661644853111	2.00138251229923e-31	4.86699838218221e-30
gene_4756	interaction_vs_onu	1011.61408363706	-1.64212200228931	0.140930694057918	-11.6519826519442	2.24181496934458e-31	5.43624253189507e-30
gene_4099	interaction_vs_onu	739.936206059539	1.34884656786312	0.115819509063635	11.6461084904273	2.40178270710353e-31	5.80770055728989e-30
gene_4850	interaction_vs_onu	17975.8021909213	0.70169407178912	0.0603318767061774	11.6305692794283	2.8816931202746e-31	6.94853327029595e-30
gene_94	interaction_vs_onu	69.5403165557185	2.91500732554931	0.25084797676454	11.6206132620535	3.23803530734616e-31	7.78583770530425e-30
gene_3343	interaction_vs_onu	550.997398397031	1.56379289880929	0.134716505141026	11.6080275180258	3.75170259122037e-31	8.99567904225389e-30
gene_1966	interaction_vs_onu	3757.56802174918	0.962400596533796	0.0829646344653236	11.6001306187403	4.11449778270329e-31	9.83801704467603e-30
gene_6737	interaction_vs_onu	4605.51812651811	-0.637349747898435	0.0549540614276895	-11.5978643132152	4.22490273420824e-31	1.00738627868586e-29
gene_5456	interaction_vs_onu	964.348487524442	1.78539712602779	0.153998640058102	11.5935902119277	4.4411833247256e-31	1.05601470165698e-29
gene_4913	interaction_vs_onu	6577.71996839485	1.41072984660379	0.121768916077741	11.5853034751753	4.89230862717691e-31	1.16005988500372e-29
gene_2232	interaction_vs_onu	6812.3818732166	1.15756719640209	0.0999487762952297	11.581604490913	5.10809256580013e-31	1.20788045202346e-29
gene_6748	interaction_vs_onu	706.563159289324	1.57903779446559	0.136347820353243	11.5809536989642	5.14702278791867e-31	1.21373319737146e-29
gene_1386	interaction_vs_onu	2589.44008976919	-1.55153146338085	0.134019053040305	-11.5769469204818	5.39328034152407e-31	1.26830988251225e-29
gene_2846	interaction_vs_onu	401.533344907581	2.1482558705384	0.185656663018503	11.5711218526227	5.77229283120954e-31	1.35372127767544e-29
gene_5464	interaction_vs_onu	2099.86572080197	0.828883346449315	0.0716397626093232	11.5701576367514	5.83753196826483e-31	1.36528070077451e-29
gene_305	interaction_vs_onu	3295.09671694703	-0.920525907049608	0.0797126650259517	-11.5480508241685	7.55136197702023e-31	1.76129859736494e-29
gene_5945	interaction_vs_onu	37585.9012396001	0.792718168455583	0.0687296887097123	11.5338536131557	8.90657368576549e-31	2.07174648777589e-29
gene_5095	interaction_vs_onu	4835.34965018735	0.790758874876552	0.0686626171889702	11.5165851121034	1.08839524436453e-30	2.52484100047707e-29
gene_8504	interaction_vs_onu	649.03964794572	-1.67602976693262	0.145539123051344	-11.5160084229815	1.09570175414067e-30	2.5349208149849e-29
gene_4914	interaction_vs_onu	10623.8069253593	-0.738739761669344	0.0642966408007593	-11.4895545470024	1.48877621233382e-30	3.43502004786456e-29
gene_1505	interaction_vs_onu	16421.8367368399	0.596735475393953	0.0519809594974401	11.4798857343782	1.66500417921905e-30	3.83129993927824e-29
gene_4496	interaction_vs_onu	8435.08050506147	0.714588440098653	0.0623544914500956	11.4600957121198	2.09283392951697e-30	4.80285748972259e-29
gene_4526	interaction_vs_onu	92.1491079090103	-3.28639608717473	0.287888955991477	-11.4154989928548	3.49890111435489e-30	8.00818009060906e-29
gene_6053	interaction_vs_onu	2292.77590094024	1.10860205739979	0.0972734174183523	11.3967627212266	4.33957160293713e-30	9.90579544563783e-29
gene_5693	interaction_vs_onu	783.977733097073	-1.83291910245616	0.160921735225758	-11.3901276287181	4.68303269705502e-30	1.06613723103168e-28
gene_4329	interaction_vs_onu	12340.6258817773	-1.1122174477313	0.0977040470695429	-11.3835350846793	5.05099097724008e-30	1.14685630676857e-28
gene_327	interaction_vs_onu	2668.40701293302	1.19358161477956	0.104884892662411	11.3799193046924	5.26484252855283e-30	1.19225005408498e-28
gene_3286	interaction_vs_onu	3712.31337561929	0.793655575412679	0.069751904502944	11.3782638777868	5.36572662638584e-30	1.21188970770086e-28
gene_4243	interaction_vs_onu	4292.92810494595	0.769016363916987	0.0676429360383181	11.3687608633865	5.98309235499666e-30	1.34777027786241e-28
gene_7448	interaction_vs_onu	4549.9027028134	0.927653999296088	0.0817750246422213	11.3439770070962	7.94499316807708e-30	1.7850168377622e-28
gene_7810	interaction_vs_onu	1693.01766268038	0.986088924447346	0.0869534881374562	11.3404182577303	8.27480240231938e-30	1.85424891528413e-28
gene_1181	interaction_vs_onu	3584.37307950701	0.619359200741978	0.0546187202974604	11.3396871506485	8.3442221425774e-30	1.86492275562565e-28
gene_3291	interaction_vs_onu	1526.28648463605	-1.51663604204523	0.133838433604411	-11.3318424401766	9.12644999786534e-30	2.03443781202415e-28
gene_6911	interaction_vs_onu	843.676599202199	0.925607693129836	0.0818136391452979	11.3136110653383	1.1236772202061e-29	2.49835766362708e-28
gene_2999	interaction_vs_onu	3061.6307182071	0.672515778098749	0.05962500829632	11.2790890486175	1.66460729734621e-29	3.69146074230143e-28
gene_6204	interaction_vs_onu	3540.19088811452	1.01263155840506	0.089782438306683	11.2787264135784	1.67148262210343e-29	3.6971295207249e-28
gene_845	interaction_vs_onu	4835.78261750776	-0.82542653254289	0.0732314913411855	-11.2714696563699	1.81514533646414e-29	4.00454744333325e-28
gene_1893	interaction_vs_onu	201.380498138483	1.74751163695835	0.155240735328946	11.2567853614934	2.14439006536789e-29	4.71876065798179e-28
gene_5200	interaction_vs_onu	2256.29366170774	1.25237356808461	0.111538899988974	11.2281326802435	2.96682260311363e-29	6.51179525196222e-28
gene_6517	interaction_vs_onu	3462.79995781534	0.707474995848531	0.0630750773959582	11.2163952080044	3.3880091728357e-29	7.41722724283211e-28
gene_1927	interaction_vs_onu	589.038424063532	-1.38930479688432	0.123902887585512	-11.2128524520906	3.52642365789168e-29	7.70055778355938e-28
gene_2573	interaction_vs_onu	1589.08609931048	-1.81523978002282	0.161927103289196	-11.2102282023835	3.63255622016562e-29	7.91213263221824e-28
gene_6533	interaction_vs_onu	644.554864962286	1.21489669575823	0.108450567149842	11.2023083667202	3.97245502323042e-29	8.63051142102853e-28
gene_4870	interaction_vs_onu	442.566088478081	-1.64355159112302	0.146832452422588	-11.1933810544336	4.39354295220651e-29	9.52119687870575e-28
gene_6352	interaction_vs_onu	623.769054089366	1.28327111611019	0.114668176063589	11.1911705598121	4.50447291917816e-29	9.73694146165785e-28
gene_4768	interaction_vs_onu	2385.86425596015	1.06202784937628	0.0949592056028057	11.1840431123499	4.88142533229372e-29	1.05251891295804e-27
gene_6305	interaction_vs_onu	732.564362291255	1.31574488940433	0.117723702076434	11.1765503989168	5.3114659305919e-29	1.14236553683082e-27
gene_6122	interaction_vs_onu	1406.53940111095	-1.53687396515838	0.137591947343944	-11.1697958697873	5.73124395875233e-29	1.2295601074416e-27
gene_2676	interaction_vs_onu	899.671170744658	1.27276496948677	0.114369274744511	11.1285567940341	9.10984710293409e-29	1.9495072800279e-27
gene_2099	interaction_vs_onu	12859.4077407423	0.590770676590557	0.0531002595372802	11.1255704160126	9.42013824811041e-29	2.01088237914776e-27
gene_5878	interaction_vs_onu	801.587068666381	-1.24657580219744	0.112049550292068	-11.1252191458878	9.45731831175892e-29	2.01379713305115e-27
gene_1498	interaction_vs_onu	3155.20679482041	1.05652341371814	0.0949937106476681	11.1220354117631	9.80100863246314e-29	2.08180232987306e-27
gene_1740	interaction_vs_onu	718.984756038941	2.5338366884852	0.227905508137161	11.1179265003119	1.02629474874216e-28	2.17452550723586e-27
gene_150	interaction_vs_onu	3886.25146828636	1.28867317414591	0.115916680323592	11.1172367130293	1.03425858858847e-28	2.1859885230413e-27
gene_182	interaction_vs_onu	2154.03774336368	0.807651062523602	0.0726954525072244	11.1100630736611	1.12080320379668e-28	2.36307276465508e-27
gene_4140	interaction_vs_onu	4681.09651750131	0.795035068184283	0.0716789970838692	11.0916042429282	1.37794169909242e-28	2.89807885607644e-27
gene_5803	interaction_vs_onu	955.630238730359	-1.00293686119493	0.0904807115502486	-11.0845377319778	1.49118659670301e-28	3.12856795778867e-27
gene_4331	interaction_vs_onu	2009.34092527869	0.703231882091314	0.0634916789486466	11.0759692251972	1.64094878790291e-28	3.43435736539092e-27
gene_8626	interaction_vs_onu	316.402817634919	-1.60060849870722	0.144576449833262	-11.0710181399058	1.73419012045735e-28	3.62065059295486e-27
gene_7208	interaction_vs_onu	456.560499023837	-1.43056614258686	0.129359136923397	-11.05887204113	1.98579016031825e-28	4.13585493243899e-27
gene_4706	interaction_vs_onu	11322.7549545236	-1.40562242309101	0.127296647490146	-11.0421008785783	2.39369978096768e-28	4.97331799152509e-27
gene_8601	interaction_vs_onu	278.35655855202	-1.9147045242706	0.173451691217995	-11.0388345643986	2.48231852768865e-28	5.14495074988253e-27
gene_5159	interaction_vs_onu	1036.88105885508	0.92515282946619	0.0840501076603427	11.0071581728943	3.5296191093122e-28	7.2979564192542e-27
gene_7120	interaction_vs_onu	9193.95107882073	0.582625703626068	0.0530253465005663	10.9876831001914	4.38026079503033e-28	9.03494756758063e-27
gene_5616	interaction_vs_onu	431.712636303521	-1.35772659295801	0.123690878200871	-10.9767721978099	4.94270105218784e-28	1.01705579343096e-26
gene_4307	interaction_vs_onu	401.232995942224	-2.1054953304417	0.191900459236917	-10.9718097539427	5.22166454428172e-28	1.07188125897006e-26
gene_1373	interaction_vs_onu	5383.99068604768	0.754515356900328	0.0687816762269478	10.9697145851865	5.34408186799712e-28	1.09438614330276e-26
gene_3688	interaction_vs_onu	109.347169118543	-2.36136518502165	0.215360361570456	-10.9647159198752	5.64776388972617e-28	1.1538152481159e-26
gene_288	interaction_vs_onu	186.620700736924	2.16132611981941	0.197207619107614	10.9596481596383	5.97311345367677e-28	1.21737740865412e-26
gene_902	interaction_vs_onu	905.176372500863	-1.48360088985707	0.135375608534552	-10.9591447522721	6.0064299149049e-28	1.22125985918256e-26
gene_2905	interaction_vs_onu	47820.8071362656	0.555261833273177	0.0506745104729445	10.9574187908463	6.122062822469e-28	1.24182127394158e-26
gene_3171	interaction_vs_onu	2807.24683539097	-1.05945299981767	0.0967550861169821	-10.9498429729755	6.65629061813448e-28	1.34699403525369e-26
gene_3360	interaction_vs_onu	6871.99512066851	1.17765803393625	0.10771989277773	10.9325956753989	8.05118987780002e-28	1.62542889985774e-26
gene_1623	interaction_vs_onu	3964.98849212727	-0.736205178680786	0.0673453255328071	-10.9317933034884	8.12270959688118e-28	1.63600927410125e-26
gene_1514	interaction_vs_onu	1870.32807449344	0.760901550590922	0.0696098517559586	10.9309462870073	8.19889248460072e-28	1.64747698751601e-26
gene_6030	interaction_vs_onu	718.471467654755	1.42651345702008	0.130582299068589	10.9242482878234	8.82682343176744e-28	1.76949902988125e-26
gene_3886	interaction_vs_onu	2392.39978609653	0.952489596128509	0.0872133925342159	10.9213684785261	9.11125273291022e-28	1.82225054658204e-26
gene_3292	interaction_vs_onu	938.478921889938	-1.02368414057842	0.0938688348712884	-10.9054740264122	1.08526141871011e-27	2.1654633436267e-26
gene_7984	interaction_vs_onu	884.994551257425	-2.04088891059222	0.187392995099091	-10.8909562468598	1.27296568658246e-27	2.53408983189439e-26
gene_7005	interaction_vs_onu	3275.85698448065	0.804895825297855	0.0740362992562366	10.8716377423478	1.57350614096369e-27	3.12510732404853e-26
gene_2862	interaction_vs_onu	849.067462775215	-1.24764154621267	0.114792630909932	-10.8686553860029	1.62579169513488e-27	3.22147613665616e-26
gene_6376	interaction_vs_onu	16748.3902499411	-1.52910336064345	0.140923069136856	-10.850624883556	1.98066560404518e-27	3.91558835349348e-26
gene_6590	interaction_vs_onu	1146.49779663943	1.41912359910914	0.130819170200386	10.8479789081015	2.03883760636027e-27	4.02130182268293e-26
gene_8374	interaction_vs_onu	35902.2864011126	0.585725136518075	0.053995614720139	10.8476427123556	2.04634918244855e-27	4.02683885097922e-26
gene_5429	interaction_vs_onu	5678.849830569	1.21935814859375	0.112468538223012	10.8417711109208	2.18205196496647e-27	4.28402862846628e-26
gene_1903	interaction_vs_onu	2151.12744115128	1.12776721669793	0.104079461928798	10.8356365011711	2.33337020409155e-27	4.57062904966217e-26
gene_905	interaction_vs_onu	3608.71427326226	0.831773627754016	0.0767732921671032	10.8341534441899	2.37148672378687e-27	4.63468638256063e-26
gene_2605	interaction_vs_onu	1055.2526625975	-1.3690485938963	0.126589043002161	-10.8149059462669	2.92592651151995e-27	5.70522344843069e-26
gene_3582	interaction_vs_onu	2667.06419229855	-1.6380306544451	0.15150767841623	-10.8115355707915	3.03545816662364e-27	5.89195508079329e-26
gene_3770	interaction_vs_onu	574.734279263442	-1.28040389316398	0.118427338889466	-10.8117256131124	3.02917534103124e-27	5.89195508079329e-26
gene_231	interaction_vs_onu	10649.3707552844	0.636399839438841	0.0588971332706566	10.8052769990404	3.24974682441548e-27	6.2936273341621e-26
gene_33	interaction_vs_onu	1647.41556014433	-1.31548089443194	0.121770840516681	-10.8029220201674	3.33420712008517e-27	6.4426214329411e-26
gene_7953	interaction_vs_onu	550.201417323056	-1.52090081958725	0.141208427547218	-10.7706094176191	4.73854227612159e-27	9.13556799180198e-26
gene_2209	interaction_vs_onu	1555.99772690585	0.745274809433374	0.0692024061222353	10.7694927271309	4.79636497842434e-27	9.22626611580052e-26
gene_3891	interaction_vs_onu	15208.2067245494	-1.54840026130169	0.143828769613778	-10.7655809436429	5.00449190039382e-27	9.60503378192177e-26
gene_2271	interaction_vs_onu	987.038177618895	-1.36602239493961	0.126980544509617	-10.7577298570819	5.44960992729227e-27	1.04359420531592e-25
gene_6707	interaction_vs_onu	154.987173738105	-1.844371194235	0.172061266382485	-10.7192701356448	8.26529689197308e-27	1.57926208471628e-25
gene_2432	interaction_vs_onu	3669.74063569789	1.58019007390953	0.147469866828999	10.715342109462	8.62378344523006e-27	1.64408878154052e-25
gene_1833	interaction_vs_onu	353.951437268764	1.9067742840075	0.178033868734294	10.7101772127036	9.11870928812416e-27	1.7345811445854e-25
gene_8484	interaction_vs_onu	4120.30632502602	-1.6580129154414	0.154931089600461	-10.7016152775864	1.00019274078889e-26	1.89837025746183e-25
gene_7331	interaction_vs_onu	2027.63469180325	-0.837502260541199	0.0782612855321132	-10.7013608944303	1.00294269451321e-26	1.89937820022855e-25
gene_5784	interaction_vs_onu	2786.87978885299	0.655809527324299	0.0613000498118948	10.6983522743736	1.03604092841982e-26	1.95772855348204e-25
gene_1582	interaction_vs_onu	9945.20959084675	-0.703320103779309	0.0657653536525272	-10.6943864013158	1.08132987073972e-26	2.03880698095419e-25
gene_7253	interaction_vs_onu	3198.30945719266	0.966471186237579	0.0904466877935772	10.6855343165613	1.18962039297531e-26	2.23805506898213e-25
gene_7995	interaction_vs_onu	549.35574793598	1.04925201247415	0.098280623372313	10.6760821866108	1.31713738596476e-26	2.47252105786367e-25
gene_3977	interaction_vs_onu	870.401129663478	1.22511882143153	0.114764154977882	10.6750999183294	1.33114236116612e-26	2.49334324104638e-25
gene_6191	interaction_vs_onu	1276.66418632948	1.29908357253854	0.121706188892314	10.6739319040544	1.34798792961861e-26	2.51938355404702e-25
gene_6866	interaction_vs_onu	607.96244473493	0.981227308088984	0.0923912289553681	10.6203512950671	2.39657512648714e-26	4.4694298655185e-25
gene_4907	interaction_vs_onu	241.218484408428	1.92423199859477	0.181300060524933	10.6135209939996	2.57845390771365e-26	4.79816640218019e-25
gene_3788	interaction_vs_onu	876.750473238397	1.17208815855614	0.110471902115623	10.6098305189803	2.68235177805728e-26	4.98067922346427e-25
gene_1552	interaction_vs_onu	2623.93615499737	0.663055014309294	0.0626118503847094	10.5899284278495	3.31845482057118e-26	6.14847906149119e-25
gene_8138	interaction_vs_onu	1634.33409039196	1.13112579715305	0.106920546119385	10.5791247632617	3.72420788170366e-26	6.8853605761087e-25
gene_6467	interaction_vs_onu	1689.82260027273	-1.65670162608629	0.15706224496771	-10.5480577234006	5.18580016904332e-26	9.5669072084075e-25
gene_7754	interaction_vs_onu	956.297136101644	-1.05327337269281	0.099926312587551	-10.5405007491893	5.6198857885898e-26	1.0345424161361e-24
gene_6581	interaction_vs_onu	808.430834896522	0.926048585564059	0.087902916733537	10.5349016844483	5.96455698486569e-26	1.09563536031009e-24
gene_5065	interaction_vs_onu	1701.16694549723	0.623563833006375	0.0592323990045784	10.52741140804	6.45861580242443e-26	1.18384906357073e-24
gene_341	interaction_vs_onu	2602.97150159517	0.65674155325074	0.0624082691990801	10.5233098382485	6.74612638531813e-26	1.2339068773146e-24
gene_3208	interaction_vs_onu	2086.87475002065	0.95934843528467	0.0912241019499384	10.5163922119084	7.26005255782866e-26	1.32507569072523e-24
gene_1182	interaction_vs_onu	1778.20918164497	0.937907226296724	0.0893004950587745	10.5028222484033	8.383545064449e-26	1.52687544152518e-24
gene_1980	interaction_vs_onu	119.355211061073	-3.49860881805189	0.333290610927986	-10.4971718474477	8.90069037513893e-26	1.61762016159637e-24
gene_7175	interaction_vs_onu	897.888834977281	-1.08176197086531	0.103096170783436	-10.4927463614304	9.32770016254588e-26	1.69163375829222e-24
gene_860	interaction_vs_onu	315.891785360983	-1.67769104485956	0.15994871838549	-10.4889308385465	9.71211322874319e-26	1.75762556528629e-24
gene_2635	interaction_vs_onu	235.980042164658	-1.85405817978512	0.176881804370913	-10.4819044919807	1.0461548709435e-25	1.88925858550134e-24
gene_666	interaction_vs_onu	423.784874908668	-1.44207115727687	0.137614901457803	-10.4790334622232	1.07840200358899e-25	1.94339392646774e-24
gene_8021	interaction_vs_onu	4886.91604563342	1.34284672810686	0.128190185609912	10.4754254135585	1.12032748182019e-25	2.01470656394555e-24
gene_7707	interaction_vs_onu	13235.9229286697	1.15508005260279	0.110327165225054	10.4695887929919	1.19159492928258e-25	2.13837580600816e-24
gene_7091	interaction_vs_onu	840.581276555409	0.817511212486083	0.0781894767038951	10.4555145647286	1.38246301604145e-25	2.47570782789014e-24
gene_7591	interaction_vs_onu	6044.40726992169	0.616792390795973	0.0590278980979232	10.4491674389753	1.47817117380964e-25	2.64157520831118e-24
gene_7687	interaction_vs_onu	25228.7353240332	0.817458282604432	0.0782698384581857	10.4441033571463	1.55921813759599e-25	2.77482479372592e-24
gene_7919	interaction_vs_onu	2062.00958149861	0.693960429301887	0.0664451511259348	10.4441094277385	1.55911839299019e-25	2.77482479372592e-24
gene_4993	interaction_vs_onu	4313.64803239471	-0.727114591846467	0.0696900476025753	-10.4335499380488	1.74253863353467e-25	3.09463292594539e-24
gene_5547	interaction_vs_onu	3040.86072475391	0.891838656594329	0.0855299206959842	10.4272124811663	1.86272791315532e-25	3.30123207797299e-24
gene_1480	interaction_vs_onu	33.9246051967723	4.31059716704929	0.413608320358581	10.4219304952864	1.96915050869721e-25	3.4826298252992e-24
gene_8126	interaction_vs_onu	1214.07282054353	-1.39927768868805	0.134488791666696	-10.4044186236418	2.36696475078038e-25	4.17757077663506e-24
gene_502	interaction_vs_onu	1550.14079708142	0.680801692475788	0.065466680447368	10.3992089995019	2.49999807015891e-25	4.40328878200828e-24
gene_1701	interaction_vs_onu	1704.65280113508	1.54947649571943	0.149034978188613	10.396730449133	2.56586589350404e-25	4.5100230078839e-24
gene_8068	interaction_vs_onu	2626.00259094117	1.47293032731015	0.141697276037904	10.3949092635778	2.6153575064283e-25	4.58759431455456e-24
gene_929	interaction_vs_onu	4161.45575521959	1.06897000749726	0.102887827908352	10.3896644455304	2.76323528703016e-25	4.83707444927979e-24
gene_4577	interaction_vs_onu	3899.98245987766	-0.607906308783436	0.0585169631111385	-10.3885484902706	2.79575302401014e-25	4.88400936439322e-24
gene_7330	interaction_vs_onu	1855.44317371192	-1.07097014234399	0.103142552821949	-10.3833976670401	2.95082544887224e-25	5.14441259518257e-24
gene_1014	interaction_vs_onu	1902.86994548189	0.680950082894035	0.0657003130536052	10.3644876446547	3.59680830289254e-25	6.2578616001545e-24
gene_1192	interaction_vs_onu	1354.02095749334	-1.398322888548	0.135251601789971	-10.3386789512439	4.70985170115704e-25	8.17775467787105e-24
gene_77	interaction_vs_onu	682.267041048489	1.28822124836005	0.124676093790815	10.3325441886354	5.02108414312926e-25	8.70050207797298e-24
gene_7379	interaction_vs_onu	5287.27763492343	0.934710344277989	0.0904846384214148	10.3300445311474	5.15366539009078e-25	8.91219711902568e-24
gene_6949	interaction_vs_onu	2555.6019010379	0.829692693455356	0.0803277190008508	10.3288466767812	5.21842298418066e-25	9.00598805334405e-24
gene_275	interaction_vs_onu	41115.0350575078	0.743795276602298	0.0720210230186382	10.3274744710279	5.29359757806701e-25	9.11734311232468e-24
gene_6091	interaction_vs_onu	4054.82474179281	0.691901479207065	0.0670111943970349	10.325162615482	5.42268406696493e-25	9.32091879783529e-24
gene_1251	interaction_vs_onu	847.707262149128	0.849470802444032	0.0823267076793186	10.3182894881806	5.8251653387184e-25	9.99266839667925e-24
gene_6407	interaction_vs_onu	977.820630442417	0.965484769887329	0.0936020501406289	10.3147822984301	6.04180786775712e-25	1.03435750696002e-23
gene_5606	interaction_vs_onu	1678.9279362813	-0.920312651279954	0.0895596587560063	-10.2759731788084	9.04271456617677e-25	1.54502268835276e-23
gene_525	interaction_vs_onu	8034.36105475494	-1.14237090994621	0.11128836404093	-10.2649627370393	1.01360099659196e-24	1.7283714204835e-23
gene_6374	interaction_vs_onu	968.374672435996	-1.22570568823578	0.119457129332269	-10.260632371522	1.06010216894375e-24	1.80407049028996e-23
gene_8170	interaction_vs_onu	6540.79210289352	-0.731701789772922	0.0713431636681654	-10.2560883503323	1.11117099489274e-24	1.8872269278337e-23
gene_3931	interaction_vs_onu	190.992303866906	-1.8366935221887	0.17914666885212	-10.2524570172434	1.15372839643047e-24	1.9556267472168e-23
gene_3742	interaction_vs_onu	2404.95292839677	-1.47591328348124	0.14403673509304	-10.2467837980907	1.22346936130136e-24	2.06974263492878e-23
gene_5750	interaction_vs_onu	7684.23841589279	0.9251509524898	0.0904480313227871	10.2285360881782	1.47735647675968e-24	2.49431389370076e-23
gene_1541	interaction_vs_onu	1780.31145294813	0.978137253795268	0.0956369149091993	10.2276119500921	1.49151917637839e-24	2.51326853342501e-23
gene_23	interaction_vs_onu	1297.16033958663	-1.17605024101669	0.115030237783788	-10.2238356077052	1.55080409405624e-24	2.60803203244036e-23
gene_4920	interaction_vs_onu	14739.2020113634	1.08706047416593	0.106353226775142	10.2212270104813	1.59311393294023e-24	2.67393240509184e-23
gene_4064	interaction_vs_onu	1483.93909373477	-1.16195490335074	0.113693278711778	-10.2200843929956	1.6120047643033e-24	2.70034457581923e-23
gene_283	interaction_vs_onu	293.342074260783	-1.26333679303865	0.1236963005671	-10.2132140350741	1.73036227727319e-24	2.89294943231612e-23
gene_4077	interaction_vs_onu	726.423734749196	-1.45649127064642	0.142889643049515	-10.1931199460111	2.1282230935392e-24	3.55118707226034e-23
gene_3539	interaction_vs_onu	3609.14034641048	-1.5761740572257	0.154719096473601	-10.1873271829418	2.25889320427594e-24	3.76189218455292e-23
gene_5706	interaction_vs_onu	4637.1784872581	-1.62103394335018	0.159280271151204	-10.1772424898206	2.50561033055717e-24	4.16466493778046e-23
gene_7241	interaction_vs_onu	269.951029448475	-2.04697924842208	0.2013601321631	-10.1657623405016	2.81907986167038e-24	4.67661310385629e-23
gene_5938	interaction_vs_onu	1928.82625733023	1.04308566639298	0.102985306438905	10.1284901940043	4.12976614774899e-24	6.837678573449e-23
gene_5126	interaction_vs_onu	1061.81513521764	-1.25706969139393	0.124117131879209	-10.1280916853389	4.14662855693727e-24	6.85234371571101e-23
gene_2592	interaction_vs_onu	1817.87387406419	0.942307173905344	0.0932136319965499	10.1091133745354	5.03377506073997e-24	8.30233420422623e-23
gene_6252	interaction_vs_onu	1048.12437639235	0.898531195852836	0.0888913294610602	10.1081984182321	5.08099958890371e-24	8.36410701557995e-23
gene_7017	interaction_vs_onu	4096.35008195495	-1.57228455171106	0.155561189580088	-10.1071774775905	5.13421254203228e-24	8.43548164295515e-23
gene_4966	interaction_vs_onu	445.694218996079	-1.71640079777091	0.169858684539536	-10.1048751344321	5.25624862165813e-24	8.61944218417502e-23
gene_7198	interaction_vs_onu	1162.23707508654	1.73705943591637	0.171959318023042	10.1015720223059	5.43636417059984e-24	8.89775856602957e-23
gene_2832	interaction_vs_onu	26939.8420826258	-0.807222112204198	0.0799857880208994	-10.0920692560193	5.98934321285705e-24	9.78411792023976e-23
gene_1690	interaction_vs_onu	3204.63859489086	-0.576228661075756	0.0571243840792168	-10.0872625650839	6.28991232420621e-24	1.0255552284801e-22
gene_5586	interaction_vs_onu	131.398504834539	2.0480198672098	0.203077695049879	10.0849079792184	6.44255213192306e-24	1.04844574618368e-22
gene_8017	interaction_vs_onu	3726.27002236217	0.99034941455804	0.0982145297530712	10.0835326203562	6.53340342027462e-24	1.06121315517174e-22
gene_918	interaction_vs_onu	1332.76203065433	0.744688844608958	0.0738810758946291	10.0795614518534	6.80290710705324e-24	1.10289554614348e-22
gene_822	interaction_vs_onu	1241.34118272646	-1.24678648896231	0.123812105105342	-10.0699886162303	7.49867635349659e-24	1.21339640049018e-22
gene_278	interaction_vs_onu	4081.40339689256	1.92531432602812	0.191199861430817	10.0696428941962	7.52508090790859e-24	1.21537155795656e-22
gene_6638	interaction_vs_onu	692.647182463707	1.2819012034958	0.127332196360977	10.0673768310861	7.70044615784776e-24	1.24135252563421e-22
gene_8436	interaction_vs_onu	5424.52780558539	0.707440873682389	0.0702804438056824	10.065970494415	7.8113083645942e-24	1.25685713535576e-22
gene_6429	interaction_vs_onu	836.43220379418	1.86274688660438	0.185245456424063	10.055560457797	8.68259654109375e-24	1.39442826250962e-22
gene_4614	interaction_vs_onu	816.246354231588	-0.902190294256576	0.0897644503456829	-10.0506413260733	9.1271476509423e-24	1.46307835003869e-22
gene_8548	interaction_vs_onu	135.107668846134	-2.09533148244111	0.2085422222938	-10.047516802085	9.42114727241655e-24	1.50738356358665e-22
gene_4955	interaction_vs_onu	877.272173101524	-0.93357816376031	0.0932549200335139	-10.0110338781568	1.36320390256863e-23	2.177056978729e-22
gene_7147	interaction_vs_onu	5095.16878387325	1.28379352235553	0.128300205662104	10.0061688578784	1.4319062795499e-23	2.28251727242964e-22
gene_6304	interaction_vs_onu	4604.32469687849	0.642519254245929	0.0642441587013259	10.0012089384349	1.50547802449312e-23	2.39533306499278e-22
gene_7383	interaction_vs_onu	224.436906653072	-1.62193848970237	0.162188536511432	-10.0003275483533	1.51893814507262e-23	2.41226540293537e-22
gene_1427	interaction_vs_onu	2079.07738234407	0.951778309086319	0.0956060489543366	9.95521015140902	2.39316718773452e-23	3.79361317166805e-22
gene_1808	interaction_vs_onu	2714.93474364688	1.37089102556416	0.137797357528714	9.94860170144045	2.55751377305079e-23	4.04663916771068e-22
gene_7981	interaction_vs_onu	879.316249641154	-1.92796412205832	0.193863958400284	-9.94493323033014	2.65351914781078e-23	4.1907977684982e-22
gene_2383	interaction_vs_onu	7536.2863663318	0.472545467707111	0.0475558116093528	9.93665025820262	2.88361063636114e-23	4.54580240280872e-22
gene_5102	interaction_vs_onu	7215.58037942025	-0.56370008408209	0.0567532261563455	-9.93247648211561	3.00693070777995e-23	4.73149390783022e-22
gene_1756	interaction_vs_onu	9477.5718214534	-0.831125411391433	0.0837508607332849	-9.92378351833607	3.28078721139578e-23	5.15294284945832e-22
gene_3065	interaction_vs_onu	17708.3021764421	0.575269297958481	0.057988471298458	9.92040805831311	3.39365885207767e-23	5.3204614970302e-22
gene_6766	interaction_vs_onu	4295.51466117689	-1.45100863717421	0.146484448093745	-9.90554735370688	3.93807699275093e-23	6.16269452613308e-22
gene_7270	interaction_vs_onu	1595.35801646001	-0.939941524635945	0.0949203100863552	-9.90242787640305	4.06289856173077e-23	6.34642549058675e-22
gene_7978	interaction_vs_onu	15277.8650634826	-1.53276784935378	0.154819851070367	-9.90033150630744	4.1489745923092e-23	6.4690751384639e-22
gene_3920	interaction_vs_onu	9779.44632042788	0.722928440133222	0.0730250738486466	9.89972898393201	4.17404623288499e-23	6.49633377336282e-22
gene_1	interaction_vs_onu	1029.21093673536	-1.58810077798388	0.160523174516111	-9.89328041120001	4.45195418647781e-23	6.91628454378404e-22
gene_6138	interaction_vs_onu	504.521821778778	-1.18390850465451	0.119715361218005	-9.88936167096034	4.6297048877081e-23	7.17939743456184e-22
gene_1576	interaction_vs_onu	181.136826786267	-1.67713124642821	0.169638363207003	-9.88650924662408	4.7634898900284e-23	7.37350333791015e-22
gene_3787	interaction_vs_onu	1745.90137536063	1.35569246965336	0.137348858314122	9.87043129658084	5.59236307307185e-23	8.64090756416878e-22
gene_7380	interaction_vs_onu	1537.60764451627	0.740077773927338	0.0750193435907928	9.86515928430715	5.8940825105708e-23	9.0906930253128e-22
gene_2820	interaction_vs_onu	14172.1426151548	-0.801055623113344	0.0812168964275626	-9.8631646658378	6.01239020417593e-23	9.2564856380838e-22
gene_3254	interaction_vs_onu	4125.11309730331	0.897272436708033	0.0911066418766668	9.84859520914723	6.95086743216016e-23	1.06821230196214e-21
gene_4257	interaction_vs_onu	6379.59704025831	0.485306416385222	0.0494511099938627	9.81386295364154	9.8138091392655e-23	1.50548756688374e-21
gene_4108	interaction_vs_onu	35721.9778619216	1.01253499026026	0.10330617478276	9.80130173621751	1.11143946884032e-22	1.70195381990575e-21
gene_2550	interaction_vs_onu	1733.93595697409	1.41804487389673	0.144762974600911	9.79563232799037	1.17559527436507e-22	1.79698134795803e-21
gene_7022	interaction_vs_onu	3001.50692709173	0.959640999219819	0.0980020011339281	9.79205514291884	1.21794745635378e-22	1.85840110987315e-21
gene_6077	interaction_vs_onu	1540.04322803393	0.705115069970019	0.0720336851153156	9.78868523582031	1.2592257394526e-22	1.91796660671073e-21
gene_2459	interaction_vs_onu	2292.03200375903	0.740470330328817	0.0757012522622634	9.78148059907243	1.35217804928986e-22	2.05588705185101e-21
gene_954	interaction_vs_onu	3284.21055036906	0.705104873511283	0.0722050046505148	9.76531858039644	1.58612710696207e-22	2.40731348148853e-21
gene_3564	interaction_vs_onu	4501.75758795447	0.672140529350368	0.0688413384969971	9.76361796596513	1.61296088179632e-22	2.44370710587195e-21
gene_3880	interaction_vs_onu	148.608102919838	-2.55188641904344	0.26143916070752	-9.76091880090723	1.65647606044952e-22	2.50520054371871e-21
gene_3038	interaction_vs_onu	1275.56893077649	0.92281768925463	0.0945461249657527	9.7605025017038	1.66329016134667e-22	2.5110694499343e-21
gene_7762	interaction_vs_onu	2730.93842637928	0.616098925217986	0.0631755526466244	9.75217310189854	1.80561053936934e-22	2.72113137623267e-21
gene_830	interaction_vs_onu	1084.16564556298	-0.847120293959115	0.0868754064540294	-9.75097934543045	1.82697164743219e-22	2.74848458734966e-21
gene_5652	interaction_vs_onu	260.260781260308	-2.27619101226169	0.23387331148661	-9.73258127570495	2.18964719767446e-22	3.2883122828234e-21
gene_617	interaction_vs_onu	465.058283171301	-1.17127862781783	0.120353240513878	-9.73200740434374	2.20203801179836e-22	3.30112878826514e-21
gene_4705	interaction_vs_onu	1896.53984157806	-1.42328044649804	0.146281431691141	-9.72974102074113	2.25165482286316e-22	3.36960931533368e-21
gene_7692	interaction_vs_onu	4741.9073519892	0.542873726663519	0.0558419067510442	9.72161873131899	2.43873279161092e-22	3.64320291382015e-21
gene_2429	interaction_vs_onu	10513.1619435058	0.726624462587331	0.0747944005714035	9.71495803210094	2.60356257992084e-22	3.88266475333142e-21
gene_3879	interaction_vs_onu	204.219500220738	-1.67287643858178	0.172367094571098	-9.70531204197884	2.86199220297922e-22	4.2606353491308e-21
gene_6262	interaction_vs_onu	243.621132092618	-1.48703890017071	0.153270673673215	-9.70204452380229	2.95516602076447e-22	4.39170505863608e-21
gene_850	interaction_vs_onu	1463.68118087904	0.803437529427163	0.0828265395878295	9.70024262060587	3.00782535036855e-22	4.46221577108401e-21
gene_2128	interaction_vs_onu	4566.19632231494	0.702879683646583	0.0726231634556469	9.67845037590316	3.7231627292732e-22	5.51388805580944e-21
gene_7808	interaction_vs_onu	1944.37841429284	0.657163616031353	0.0679638491367352	9.66931132327744	4.07108331602462e-22	6.01873457429547e-21
gene_5781	interaction_vs_onu	4947.13158171602	-0.602918744580924	0.0623873055934931	-9.66412539931533	4.28262252564273e-22	6.3205601412934e-21
gene_5204	interaction_vs_onu	2201.752103866	0.736233646336925	0.0761838549900008	9.66390643310917	4.29178981086514e-22	6.32318774199752e-21
gene_6345	interaction_vs_onu	723.181961245754	1.63612225450002	0.169556340266741	9.64943128594381	4.94290880063576e-22	7.26998270334057e-21
gene_8133	interaction_vs_onu	852.493452787055	0.915800561068666	0.0949212935851599	9.64799916308603	5.01241345232653e-22	7.35956417700087e-21
gene_3592	interaction_vs_onu	1905.41497936934	-0.62350993534655	0.0646324021255016	-9.64701782452451	5.06059791214201e-22	7.41758872053692e-21
gene_5874	interaction_vs_onu	1932.52000944667	1.63853549688726	0.169888066943125	9.64479451894531	5.1714660781384e-22	7.56713668869482e-21
gene_2681	interaction_vs_onu	2698.09624453365	0.698289509469716	0.0724124083656458	9.6432300103003	5.25091986906507e-22	7.67028567904386e-21
gene_7339	interaction_vs_onu	7023.28497478721	0.913629936258664	0.0947809227923352	9.63938638010969	5.45128527338171e-22	7.94940407838969e-21
gene_6046	interaction_vs_onu	909.802608103287	-1.07186110042849	0.111309537270641	-9.62955310668787	5.99898044292724e-22	8.73320962439748e-21
gene_1680	interaction_vs_onu	2606.38734156325	0.900177164303067	0.0935719046760591	9.62016502089416	6.5725634204727e-22	9.55197671973622e-21
gene_2384	interaction_vs_onu	211.159999709766	1.4208136798667	0.147938808583737	9.60406328446591	7.68535342117372e-22	1.11502754720758e-20
gene_1574	interaction_vs_onu	552.291339581293	1.48190828605217	0.154304399996344	9.60379798688354	7.70516835729051e-22	1.1160108483656e-20
gene_8291	interaction_vs_onu	6418.51523154494	0.519348391133728	0.0540915968239148	9.60127675328888	7.89601900672657e-22	1.14172166718884e-20
gene_5834	interaction_vs_onu	9346.33282345706	0.562021163619421	0.058612225781088	9.58880431735394	8.91116784958764e-22	1.286333841357e-20
gene_7924	interaction_vs_onu	1207.72726842082	-1.08731331058117	0.113416043835074	-9.58694443761684	9.07322322293404e-22	1.30752173044302e-20
gene_665	interaction_vs_onu	143.554801310421	-1.83947730220534	0.192100330234047	-9.57560718383044	1.01260541641757e-21	1.45679031336712e-20
gene_6558	interaction_vs_onu	180.384914241997	-2.06759074561205	0.216091085338625	-9.56814457372012	1.08841367093214e-21	1.56322500388911e-20
gene_5982	interaction_vs_onu	1778.42693675915	0.876567444845239	0.0916666901529458	9.56255149370712	1.14888698462725e-21	1.64731534144208e-20
gene_747	interaction_vs_onu	1170.2466580159	0.942998306280032	0.0986270338823945	9.56125586626166	1.16336304135247e-21	1.66528221303966e-20
gene_4492	interaction_vs_onu	1550.44086435095	0.865943790478552	0.090583312194739	9.55963929224532	1.18167831965133e-21	1.68867552858353e-20
gene_7432	interaction_vs_onu	1417.54530759625	-1.13913870037777	0.119436310139834	-9.53762468920952	1.4614112772981e-21	2.08494675561195e-20
gene_5034	interaction_vs_onu	1211.10270738522	0.718416763453169	0.0753294086345516	9.53700256613524	1.47020206303436e-21	2.09399827946325e-20
gene_4860	interaction_vs_onu	6312.59332936698	0.520145501421342	0.0545468925960212	9.5357494564096	1.48806800136075e-21	2.1159239354897e-20
gene_7438	interaction_vs_onu	441.144654725295	1.14231375396339	0.120014227264717	9.51815280569838	1.76284588306225e-21	2.50248105456266e-20
gene_5666	interaction_vs_onu	816.988772195978	-1.22268698735683	0.12846782049203	-9.51745723305614	1.77468218667464e-21	2.51511250296936e-20
gene_7930	interaction_vs_onu	36.3932083588627	3.42503410670032	0.359918147130143	9.51614730740947	1.79718655990404e-21	2.54279619054191e-20
gene_8288	interaction_vs_onu	1192.24963835666	0.9328178851364	0.098047909349299	9.51389877996485	1.83647609629454e-21	2.59409824823123e-20
gene_1818	interaction_vs_onu	189.330407319777	-2.91613167973092	0.30704993372987	-9.49725552553418	2.1549476552619e-21	3.03893771483391e-20
gene_3431	interaction_vs_onu	214.040515801108	1.61172094964374	0.16995150120259	9.48341696448151	2.46089840580776e-21	3.46468591343987e-20
gene_7555	interaction_vs_onu	105.486026946753	9.82194853046034	1.03597803173608	9.48084633995651	2.52228912195102e-21	3.54528651623986e-20
gene_7977	interaction_vs_onu	4849.69656192265	-1.47810608460479	0.155971159512647	-9.47679102484925	2.62223042727614e-21	3.67972007499734e-20
gene_6744	interaction_vs_onu	2629.87896102676	0.804763032916336	0.0849796320872743	9.47006962903584	2.79657216996853e-21	3.91794726267277e-20
gene_6747	interaction_vs_onu	4907.92253614975	0.641723635637828	0.0677741015931921	9.46856720417654	2.83708378313781e-21	3.96820869014047e-20
gene_5369	interaction_vs_onu	3154.03916275568	0.652440554461516	0.0690419633386816	9.44991310952448	3.39112084281108e-21	4.73539876255511e-20
gene_3957	interaction_vs_onu	63.0458560717601	2.60216026104145	0.275526746184748	9.4443109319653	3.57750382549399e-21	4.98752976322941e-20
gene_8289	interaction_vs_onu	14917.2979838154	0.733146663998171	0.0776488036091613	9.44182820495733	3.66331029140473e-21	5.09885139746739e-20
gene_3689	interaction_vs_onu	2914.26269802578	-1.54737526357376	0.164022594113484	-9.43391532085606	3.9506042643656e-21	5.48980073100155e-20
gene_893	interaction_vs_onu	1130.29699342042	-1.30369110402903	0.138260627670383	-9.42922888457491	4.13114787551361e-21	5.73138181756831e-20
gene_6461	interaction_vs_onu	567.553739134665	-1.63587052179932	0.173603852215725	-9.42300819319692	4.38345899972354e-21	6.07158722291804e-20
gene_1862	interaction_vs_onu	193.753416676145	-2.14471893294223	0.227753108806258	-9.41685909001872	4.64783310388815e-21	6.42737501927021e-20
gene_4591	interaction_vs_onu	114929.966230789	0.672300583984026	0.0714154655369389	9.41393546802948	4.77900348670446e-21	6.59810803970809e-20
gene_4303	interaction_vs_onu	21228.7009283425	0.530604088768932	0.0564599785900293	9.39787973746478	5.56736114057829e-21	7.67417252227861e-20
gene_7791	interaction_vs_onu	324.090214504236	1.32109568790829	0.140883774119044	9.37720256409363	6.77462657383675e-21	9.32328030097147e-20
gene_1923	interaction_vs_onu	34711.2629784235	1.33199770445033	0.142131259023139	9.37160279593022	7.14393107291729e-21	9.81573836022023e-20
gene_6220	interaction_vs_onu	5766.24066872857	-0.899656127405317	0.0960932066387939	-9.36232808617831	7.79987610878764e-21	1.06998300466702e-19
gene_4730	interaction_vs_onu	6136.00279505531	0.90029072095027	0.0963256236788148	9.34632641416547	9.0744820959948e-21	1.24284106786745e-19
gene_2886	interaction_vs_onu	3781.64597397289	-1.04007125181988	0.111324953967583	-9.34266051547384	9.39432769998939e-21	1.28459177495063e-19
gene_4805	interaction_vs_onu	360.171878854198	-1.4382673912716	0.153999692455294	-9.33941729584379	9.68657373517556e-21	1.32244132652477e-19
gene_2934	interaction_vs_onu	4441.6771471412	1.0798150367203	0.115919291514308	9.31523150818267	1.21686870979605e-20	1.65866180825703e-19
gene_1406	interaction_vs_onu	312.02570499325	1.63156701954477	0.17535335204318	9.30445298327119	1.346838181271e-20	1.83289901934495e-19
gene_6440	interaction_vs_onu	5406.36607565102	-1.44241770544963	0.155292627343186	-9.28838496796107	1.56647098039463e-20	2.12841136383778e-19
gene_7329	interaction_vs_onu	870.517775471068	-1.23907381677512	0.133575455565288	-9.27620880296754	1.75616249464976e-20	2.38236940637115e-19
gene_2305	interaction_vs_onu	1503.37597499953	-0.771076680435659	0.0831903832103532	-9.26881991258452	1.88216731051585e-20	2.54926458512907e-19
gene_6313	interaction_vs_onu	90.212440536688	-2.04883422746064	0.221318387278432	-9.25740627633925	2.09458349479915e-20	2.82640023577061e-19
gene_4740	interaction_vs_onu	3508.16120886853	0.86644433153361	0.0935941342930578	9.25746402889563	2.09345117318334e-20	2.82640023577061e-19
gene_5801	interaction_vs_onu	2076.76662369459	0.802654051625159	0.0867049930876587	9.2572990671215	2.09668709078778e-20	2.82640023577061e-19
gene_6567	interaction_vs_onu	1273.11875503974	1.07540854555242	0.116172327992344	9.25701123612923	2.10234507818509e-20	2.82957136309188e-19
gene_1678	interaction_vs_onu	2853.34703772108	0.610063092431723	0.0659323482447892	9.25286462066726	2.18555158704805e-20	2.93694216407084e-19
gene_5297	interaction_vs_onu	1460.68180463877	0.735651080426289	0.0795363194898125	9.24924720109177	2.26079285363602e-20	3.03328947133611e-19
gene_3919	interaction_vs_onu	3251.22273223088	0.900558031852523	0.097373489680332	9.24849294000831	2.27680098837022e-20	3.04998692651785e-19
gene_6386	interaction_vs_onu	190.562901451336	1.45243888536838	0.157078374196085	9.24658720719419	2.31774850662994e-20	3.09998862761755e-19
gene_2690	interaction_vs_onu	240.748918396957	-1.74046538747876	0.188246185657162	-9.24568740345438	2.33733435369299e-20	3.12130765485367e-19
gene_584	interaction_vs_onu	5400.83962617489	0.511657545007593	0.0554546067021899	9.22660127688522	2.79355217082265e-20	3.72473622776354e-19
gene_650	interaction_vs_onu	2816.10536331725	0.628913055657081	0.0683592320853354	9.20011879115297	3.57554264313329e-20	4.75997589816812e-19
gene_7693	interaction_vs_onu	133.015883644016	-1.92705383457981	0.209521322208075	-9.19741157735753	3.66675729772305e-20	4.87382647026542e-19
gene_6506	interaction_vs_onu	910.009820848342	-1.57697899763092	0.171574396489027	-9.19122567178477	3.88390322777422e-20	5.1544514154647e-19
gene_5886	interaction_vs_onu	7585.38959133845	1.12581307495037	0.122508220633497	9.18969412116775	3.9396000340674e-20	5.22027496774256e-19
gene_2189	interaction_vs_onu	2661.83295695449	0.993511886783543	0.108132084043262	9.18794727368849	4.00409072802704e-20	5.29752961853345e-19
gene_1143	interaction_vs_onu	3187.36691298343	0.755475974358423	0.0823428400153629	9.17476217989896	4.52572328483717e-20	5.97842458614293e-19
gene_7095	interaction_vs_onu	5492.3856570554	0.619832282271552	0.0676388737711438	9.16384687847932	5.0079506515737e-20	6.60524770068888e-19
gene_3534	interaction_vs_onu	960.527685164368	0.850480052973482	0.092844975238378	9.16021627223108	5.17934112294523e-20	6.82079384806326e-19
gene_7983	interaction_vs_onu	532.660925388012	-1.91626918058175	0.209294425302354	-9.15585390204946	5.39295891859657e-20	7.09120251047414e-19
gene_6002	interaction_vs_onu	12330.9579037737	0.734400681871862	0.0802407209266959	9.15246863924335	5.56471018430676e-20	7.30581582479537e-19
gene_5645	interaction_vs_onu	166.437872110112	-1.9867444355945	0.217110946490302	-9.15082573085849	5.65000083050129e-20	7.40643294166784e-19
gene_641	interaction_vs_onu	129.359999838738	1.68441123313521	0.184925212136942	9.10860781864543	8.34458377292562e-20	1.09219628587528e-18
gene_3383	interaction_vs_onu	293.911301424273	1.25509073281802	0.137862048891308	9.1039611184623	8.70959683106535e-20	1.13823128051785e-18
gene_1737	interaction_vs_onu	1954.15698972372	2.05177650203561	0.225923150558181	9.08174526145883	1.06847601030056e-19	1.39423089148975e-18
gene_5221	interaction_vs_onu	1334.89065227291	-0.765615520339311	0.0843049616311384	-9.08150013387264	1.07088549706211e-19	1.39524807531988e-18
gene_3872	interaction_vs_onu	303.280218580294	-1.67225450156477	0.184304001573212	-9.07334885455806	1.15414047465608e-19	1.50143502478056e-18
gene_5593	interaction_vs_onu	386.705203845723	1.10589029019223	0.121915413672341	9.07096368605536	1.17968964292745e-19	1.53234345120773e-18
gene_7815	interaction_vs_onu	25232.0664428359	1.17544786571633	0.12969467693812	9.06319282692812	1.26686802737686e-19	1.64308944156756e-18
gene_6420	interaction_vs_onu	5893.91899690473	0.701354547199047	0.0774397901607684	9.0567723097261	1.34367698639355e-19	1.7400718613508e-18
gene_7125	interaction_vs_onu	3378.74745779112	0.585683976998457	0.0646979217911359	9.05259335669574	1.39612405704567e-19	1.80526011001676e-18
gene_7879	interaction_vs_onu	748.536967821803	1.14706057300518	0.126741807027829	9.05037256375336	1.42481365075945e-19	1.83957840882367e-18
gene_1666	interaction_vs_onu	9450.97451760848	0.690744870784812	0.076381540792716	9.04334821759296	1.51944911498128e-19	1.95880789521683e-18
gene_7220	interaction_vs_onu	7862.20746674751	1.02185992730057	0.113027588769229	9.04080090912072	1.55528064901584e-19	2.00198531662791e-18
gene_3251	interaction_vs_onu	950.214749231948	-0.887734418791811	0.098229353689358	-9.03736393908481	1.60495307061343e-19	2.06282256523288e-18
gene_246	interaction_vs_onu	11915.2697866739	-0.658202136332544	0.0728426462145392	-9.03594488308373	1.62591614593376e-19	2.08663301487151e-18
gene_7102	interaction_vs_onu	2352.74602560655	-1.27939984540524	0.141605450796927	-9.03496184790227	1.6405964910413e-19	2.10232125199304e-18
gene_1572	interaction_vs_onu	683.292807035003	0.710613275425444	0.0788033082907912	9.01755637978062	1.92331412045178e-19	2.46092210329854e-18
gene_2551	interaction_vs_onu	4585.56507013801	-1.54757711482251	0.171631398225194	-9.01686480926972	1.93549044428288e-19	2.47280570194948e-18
gene_2477	interaction_vs_onu	1925.71473903889	-0.799383428259285	0.0886707195250806	-9.01519049964603	1.96528597405773e-19	2.50713084022864e-18
gene_1460	interaction_vs_onu	15422.1515103733	-1.18552192816728	0.131522222280239	-9.01385262211617	1.98941984626764e-19	2.53414194703139e-18
gene_823	interaction_vs_onu	6648.77826142477	-1.12983295589363	0.125351538385607	-9.01331543628952	1.99919229091847e-19	2.54280624223805e-18
gene_7114	interaction_vs_onu	189.664050635529	-1.33291125765079	0.147953653613963	-9.0089783191741	2.07984997806638e-19	2.64147118876086e-18
gene_5254	interaction_vs_onu	3014.12716719986	0.710331626380266	0.0789171683241472	9.00097711897904	2.23717576559143e-19	2.83707030421669e-18
gene_4306	interaction_vs_onu	83.4223448114571	-2.67424301994854	0.297173453605186	-8.99892970756885	2.27928785820759e-19	2.88619882636938e-18
gene_654	interaction_vs_onu	13154.5587468269	-1.17109838060358	0.130227891346883	-8.99268481192074	2.41263363636665e-19	3.05053824627748e-18
gene_6909	interaction_vs_onu	4482.05478580632	0.665347192658993	0.0739930637153244	8.99202113347816	2.42725031672861e-19	3.06449302525029e-18
gene_4663	interaction_vs_onu	3881.8833519371	0.787044256775604	0.087566808331684	8.98792900838012	2.51932680602875e-19	3.17605853602446e-18
gene_2576	interaction_vs_onu	1979.94382387172	0.681066908897834	0.0757942789669564	8.98572976985182	2.57022876609644e-19	3.23546444673317e-18
gene_2795	interaction_vs_onu	184.49541827283	-1.55687382620569	0.173498788848247	-8.973398814717	2.87502857962041e-19	3.61383915441273e-18
gene_1635	interaction_vs_onu	10641.4640563935	-0.685879267251174	0.0764961322090729	-8.96619538065775	3.06933280007509e-19	3.85241770801213e-18
gene_2388	interaction_vs_onu	2180.87054015219	-0.587493137525049	0.0655333870102145	-8.96479129689235	3.10869010104034e-19	3.89610355269477e-18
gene_6869	interaction_vs_onu	128.908328248773	-1.92856375315801	0.215164490720749	-8.96320645984747	3.15371327636599e-19	3.94675228738199e-18
gene_1748	interaction_vs_onu	1711.83747783036	0.697793874588311	0.0778924704767722	8.95842525365009	3.29348120441463e-19	4.11564950507872e-18
gene_6124	interaction_vs_onu	1628.39108705521	1.19466529776198	0.13362501921775	8.94043125124043	3.87654562780748e-19	4.83720562303674e-18
gene_7811	interaction_vs_onu	1281.48131707527	0.777845067543176	0.0870242758584773	8.93825383629899	3.95368060301786e-19	4.92627452137305e-18
gene_95	interaction_vs_onu	390.893514022478	1.81212845757451	0.202800498541419	8.93552269648101	4.05257801011529e-19	5.0421610125853e-18
gene_6936	interaction_vs_onu	4952.69854060724	-1.09658469689828	0.122772508263287	-8.93184241659903	4.18971998256309e-19	5.20522540649347e-18
gene_7230	interaction_vs_onu	1150.01026767741	1.43066085777292	0.161016904161337	8.88515938885159	6.38291921949422e-19	7.91852007519863e-18
gene_5697	interaction_vs_onu	1456.15290799019	1.11715925477709	0.125792649320098	8.88095815467178	6.62868881005417e-19	8.21151609465466e-18
gene_2067	interaction_vs_onu	707.965630848454	-0.91898121622232	0.103574875659113	-8.87262678689457	7.14404369610299e-19	8.83714075702913e-18
gene_4873	interaction_vs_onu	166.56096030414	-2.49717717110235	0.281577380501746	-8.86852902265301	7.41184494675977e-19	9.15517932817657e-18
gene_6171	interaction_vs_onu	1473.62354158051	-0.939884949927167	0.10606520098017	-8.86138847842173	7.90239749876817e-19	9.74704936447486e-18
gene_7691	interaction_vs_onu	6392.95546006686	0.688563120027413	0.0777317718187588	8.8581940680946	8.13210578204027e-19	1.00159461142827e-17
gene_2532	interaction_vs_onu	3540.83026650316	0.69655359751527	0.0787006611397083	8.85067021582903	8.69952702972743e-19	1.06994183009291e-17
gene_7196	interaction_vs_onu	543.47032445739	-1.72060093282784	0.194493422415391	-8.84657646238056	9.02451044586823e-19	1.10831864299329e-17
gene_8415	interaction_vs_onu	2063.35931323443	-1.05572831179298	0.119438739463304	-8.83907781124348	9.6511888766428e-19	1.18358419461407e-17
gene_8074	interaction_vs_onu	486.029619980237	-1.18975179679237	0.134628440738277	-8.83729908976137	9.80603670378909e-19	1.20085370793183e-17
gene_5612	interaction_vs_onu	282.538013450813	1.1587935057985	0.131154759728197	8.83531416015673	9.98173426817588e-19	1.22062350479408e-17
gene_3958	interaction_vs_onu	319.730503704071	1.06464546121945	0.120551744116389	8.83143971929241	1.03336884044781e-18	1.26185981087494e-17
gene_5120	interaction_vs_onu	420.523038030077	-1.39963772287572	0.158542933753105	-8.82813058736089	1.06439741094999e-18	1.29789769768261e-17
gene_6156	interaction_vs_onu	284.773719623338	1.19155270406597	0.134988128163691	8.82709257677127	1.07431873752377e-18	1.30813206162211e-17
gene_3893	interaction_vs_onu	159.121889823589	-1.74336280956649	0.19751330727044	-8.82655874512514	1.07945661910594e-18	1.3125211164129e-17
gene_4454	interaction_vs_onu	640.009864721599	1.19676740427177	0.135602122253823	8.82558019285002	1.0889378218873e-18	1.32217131281635e-17
gene_4006	interaction_vs_onu	7458.61726214621	0.621442797965516	0.0704325664088224	8.82323092358131	1.11203696681444e-18	1.34830544418294e-17
gene_2397	interaction_vs_onu	3478.90321291202	-0.900565525538467	0.102108044873314	-8.81973136059749	1.14734649505684e-18	1.38914936318056e-17
gene_4408	interaction_vs_onu	2248.54179252015	0.667256289183573	0.0757066089041724	8.81371255220493	1.21068240164716e-18	1.46376290368639e-17
gene_2085	interaction_vs_onu	3366.75806602663	0.829653757502695	0.094207645015239	8.80665000561781	1.28941506960327e-18	1.55675500646037e-17
gene_7634	interaction_vs_onu	1088.74058532603	1.14814820978408	0.13038495337735	8.80583364908065	1.29883559441343e-18	1.56592009692662e-17
gene_1302	interaction_vs_onu	2966.61948965079	0.679239018230929	0.0771414705611668	8.80510850117058	1.30726058146796e-18	1.57386084069841e-17
gene_5556	interaction_vs_onu	1599.21769343968	-0.727545812867837	0.082667964600206	-8.8008192337425	1.35820975239961e-18	1.63290385962649e-17
gene_6526	interaction_vs_onu	238.587879394911	-1.93548362552759	0.219974372126852	-8.7986778042101	1.38437524690313e-18	1.66202694438862e-17
gene_1732	interaction_vs_onu	1162.27799356009	-0.726476301124618	0.0825949013335215	-8.79565553557692	1.42215247303198e-18	1.70498951948932e-17
gene_4246	interaction_vs_onu	638.59889217285	-0.92925199861062	0.105826371637659	-8.78091145175332	1.62155175482757e-18	1.94132629668867e-17
gene_63	interaction_vs_onu	102.457976146002	1.62578789425805	0.185185715067944	8.77922950839678	1.6459834276559e-18	1.96782376267242e-17
gene_5694	interaction_vs_onu	52.5862404946639	-4.8314797139402	0.551280755316561	-8.76410008393241	1.88274517351753e-18	2.24774040241424e-17
gene_2768	interaction_vs_onu	1674.38244803608	0.654730894581111	0.074731732403827	8.76108278934509	1.93383704038576e-18	2.30552159689444e-17
gene_1872	interaction_vs_onu	122745.053786939	-1.48101933411054	0.169159727755921	-8.75515321381632	2.03826405376123e-18	2.4266398192206e-17
gene_3387	interaction_vs_onu	217206.367354007	0.662024356917511	0.0756344604315054	8.75294611927642	2.07853941317539e-18	2.47115241344186e-17
gene_3585	interaction_vs_onu	8749.91836205062	-0.80267433658784	0.091745698942965	-8.74890426293263	2.15434333222344e-18	2.55772245822922e-17
gene_6924	interaction_vs_onu	563.783394578124	-0.945306949799281	0.108119810875592	-8.7431428351923	2.26713766396241e-18	2.68790836613825e-17
gene_7043	interaction_vs_onu	3005.17699597326	0.548402040539953	0.06277406566345	8.73612430139695	2.41244512472177e-18	2.85622825278262e-17
gene_407	interaction_vs_onu	4783.31878380307	-1.17387288002498	0.134381654827743	-8.73536556406976	2.42869398425765e-18	2.87149454492341e-17
gene_3694	interaction_vs_onu	2031.78379956041	-1.10041574379578	0.126101143034238	-8.72645336368602	2.62783643664729e-18	3.10052406436092e-17
gene_3932	interaction_vs_onu	1179.34871904663	0.583112877532016	0.0668218885155753	8.72637530135205	2.62965008262387e-18	3.10052406436092e-17
gene_8012	interaction_vs_onu	8691.12856017304	0.903420290417501	0.103596749048598	8.72054672288698	2.76861670072644e-18	3.25988431337253e-17
gene_6213	interaction_vs_onu	3698.94685842289	-0.820018445961052	0.0940374884432812	-8.72012278864346	2.77900255625481e-18	3.26761839032159e-17
gene_1629	interaction_vs_onu	3313.51272002273	0.71400480802265	0.0818818434523397	8.7199405621375	2.78347868873399e-18	3.26839198567393e-17
gene_3906	interaction_vs_onu	472.483844107342	-0.919482117923615	0.105564234683521	-8.71016704360336	3.03427315925154e-18	3.5579970196155e-17
gene_6635	interaction_vs_onu	910.022494637434	1.48700242233051	0.170742770112834	8.70902130349555	3.0650967365016e-18	3.58922408542458e-17
gene_2797	interaction_vs_onu	327.023093065457	0.896978158487824	0.1030940988906	8.70057712459048	3.30200549975201e-18	3.86136162266082e-17
gene_5727	interaction_vs_onu	691.333641090925	0.872804860804334	0.100463312247836	8.68779698056528	3.69535414095272e-18	4.31544767347276e-17
gene_3376	interaction_vs_onu	1261.30435212788	1.0939071482746	0.125936850670216	8.68615613661131	3.749095265331e-18	4.37224188981381e-17
gene_7189	interaction_vs_onu	1829.96866795005	-1.35375260626844	0.155879384337088	-8.6846160704674	3.80023732068059e-18	4.42585462109195e-17
gene_7690	interaction_vs_onu	2269.9261241161	1.16328611681109	0.134030382126189	8.6792718065659	3.98310765988239e-18	4.63252738703713e-17
gene_8543	interaction_vs_onu	21.0093802617062	5.30656257259318	0.611649179966744	8.67582716759583	4.1055528625797e-18	4.76199627421168e-17
gene_3671	interaction_vs_onu	610.03289229542	0.878964789678624	0.101310488358634	8.67595057450647	4.10110266564651e-18	4.76199627421168e-17
gene_1503	interaction_vs_onu	5051.14482865633	0.603411207203469	0.0696359359147395	8.66522721748538	4.5061338512699e-18	5.21955423097028e-17
gene_3735	interaction_vs_onu	1670.03046002603	-0.810971450150521	0.0936263321261424	-8.66178810740874	4.64421023639484e-18	5.37222157074863e-17
gene_8198	interaction_vs_onu	984.777129239318	-1.15871090376433	0.133827035675171	-8.65827220873959	4.78968642540451e-18	5.5330250744214e-17
gene_4160	interaction_vs_onu	7030.37603154906	-0.651713238668071	0.0753973968837932	-8.64371006962654	5.44165330035152e-18	6.27770245970471e-17
gene_6760	interaction_vs_onu	3749.37688554301	-1.5101649071046	0.174794634282963	-8.63965254596943	5.63842335285349e-18	6.49594938094561e-17
gene_1941	interaction_vs_onu	281.571474936766	-1.26774148220401	0.147014849413842	-8.62322062879076	6.50968638812936e-18	7.48963917774024e-17
gene_1073	interaction_vs_onu	1411.11514497562	-0.728017607088148	0.0844819496392537	-8.6174337855229	6.84713355959911e-18	7.86731050606288e-17
gene_4258	interaction_vs_onu	37822.6879963219	0.718920839871291	0.0834514258764442	8.61484189540037	7.00381779882167e-18	8.03655232679806e-17
gene_4878	interaction_vs_onu	417.290978388011	-0.978607525563096	0.113598737933757	-8.61459857180593	7.01870757914208e-18	8.04285634236362e-17
gene_7982	interaction_vs_onu	574.034051163453	-1.20120603029131	0.139523592280534	-8.60933990200092	7.34824689327977e-18	8.40922371744316e-17
gene_5468	interaction_vs_onu	1043.39207272025	-0.644789068040984	0.0749074877600722	-8.60780527183391	7.44726234555446e-18	8.51115696634795e-17
gene_8253	interaction_vs_onu	814.534875833929	-0.964654996195379	0.112108502228378	-8.60465510662399	7.65465759639827e-18	8.73651587002256e-17
gene_1420	interaction_vs_onu	1135.96467400682	-0.723476849007001	0.0841405793282037	-8.59842961367029	8.08142763782929e-18	9.21132098266561e-17
gene_4799	interaction_vs_onu	1324.70315764092	-1.23221373755313	0.143334412299009	-8.59677531577424	8.19872839987986e-18	9.33259509348027e-17
gene_6830	interaction_vs_onu	1543.72994487978	-1.05909744577915	0.123426711275564	-8.58077992060078	9.42320200248025e-18	1.07121658886097e-16
gene_13	interaction_vs_onu	246.540786874651	-1.83498868959081	0.213925470543726	-8.57770084565852	9.67882800131622e-18	1.09881654762953e-16
gene_7401	interaction_vs_onu	4292.24053199278	-0.937721497314365	0.109391335380992	-8.57217341801741	1.0155001264536e-17	1.15134848774077e-16
gene_7061	interaction_vs_onu	227.047160472158	1.63570429789711	0.190861812541326	8.57009726627712	1.03397670252251e-17	1.17074610761808e-16
gene_1819	interaction_vs_onu	271.577089926578	1.26045499082932	0.147164351007291	8.56494784369939	1.08124777078011e-17	1.22265269720974e-16
gene_8248	interaction_vs_onu	16406.8408361975	0.578034753964299	0.0675804658972025	8.55328157760195	1.19637571696926e-17	1.35105226085182e-16
gene_7713	interaction_vs_onu	3199.41186682678	0.573952359822092	0.0671264084798428	8.55032129410653	1.22746343139844e-17	1.38433293448889e-16
gene_234	interaction_vs_onu	11799.8575103337	0.799766531670627	0.0936640067687062	8.53867519938123	1.35769418406493e-17	1.52919239678893e-16
gene_8407	interaction_vs_onu	528.29633791348	-0.893775495737241	0.104724144148819	-8.53456958757413	1.40678144423712e-17	1.58239805028511e-16
gene_4289	interaction_vs_onu	2102.42333752906	-0.795162366023573	0.0931751312611446	-8.53406220373276	1.41296809963444e-17	1.58727125103292e-16
gene_6043	interaction_vs_onu	297.800291193595	1.01713120769731	0.119388752292915	8.51948938373878	1.60258298025412e-17	1.79791747194957e-16
gene_3822	interaction_vs_onu	809.513003258291	-0.765615457184739	0.0898751990913583	-8.51865102859455	1.61422435181473e-17	1.80860738894425e-16
gene_1855	interaction_vs_onu	1690.73767458368	0.692811309533666	0.0813415888883493	8.51730730862203	1.63305748872307e-17	1.82731661483261e-16
gene_1905	interaction_vs_onu	1818.09544801364	0.851846036895932	0.100078201618883	8.5118040004348	1.71247872999104e-17	1.91368380270539e-16
gene_3635	interaction_vs_onu	244.653818833679	1.46782961285594	0.172524720201031	8.50793794156329	1.77053910059563e-17	1.97598627132967e-16
gene_1597	interaction_vs_onu	5337.77362548423	0.810090279465184	0.0952491859871088	8.50495750771899	1.81662117667984e-17	2.02477568650774e-16
gene_7704	interaction_vs_onu	2819.01656284617	0.705799195512483	0.0832053801303157	8.48261487907471	2.20188526349389e-17	2.45099321918176e-16
gene_6916	interaction_vs_onu	400.233941826184	1.37929317071933	0.162629740101804	8.48118658897147	2.22908804486357e-17	2.47805112519898e-16
gene_323	interaction_vs_onu	784.120690665039	-0.927955637565586	0.109454901682886	-8.47797241875994	2.29152271253487e-17	2.54415491819696e-16
gene_8482	interaction_vs_onu	1127.17730711272	-0.953629911517827	0.112606443979575	-8.46869750802891	2.48152179794266e-17	2.75153194176026e-16
gene_1061	interaction_vs_onu	568.451599862375	-0.917473281569828	0.108360808790558	-8.46683678176614	2.52147033664211e-17	2.79221035985207e-16
gene_8467	interaction_vs_onu	2234.45090463093	0.648606657576336	0.0766579602876275	8.46104768692913	2.6498601097768e-17	2.93059464337073e-16
gene_5660	interaction_vs_onu	219.673982867943	2.09416994815777	0.247543529695045	8.45980483003386	2.67825377914221e-17	2.95817449670417e-16
gene_1511	interaction_vs_onu	2848.06190489484	0.653468364340617	0.0773115421783032	8.45240368939383	2.85365931592274e-17	3.14785099797663e-16
gene_5386	interaction_vs_onu	809.511484403083	1.42312741523395	0.168385034515089	8.45162647222324	2.8727240847773e-17	3.16480285272763e-16
gene_2088	interaction_vs_onu	2148.86494132609	1.38843214933052	0.164315801261344	8.44977864984648	2.91855625314006e-17	3.21116214998444e-16
gene_5705	interaction_vs_onu	2567.41327133576	-1.09499935714702	0.129652896349282	-8.44562202603723	3.02430738730842e-17	3.32324406102184e-16
gene_4745	interaction_vs_onu	52.271190357949	-4.29369087271534	0.509508066062112	-8.42713032180321	3.54245260189643e-17	3.88761465028634e-16
gene_1106	interaction_vs_onu	2557.88499240299	0.742914225856628	0.0882141381718188	8.42171381201525	3.7101647052172e-17	4.06645452966187e-16
gene_1261	interaction_vs_onu	383.446922250658	1.06667081391415	0.126724426138861	8.41724714338273	3.85434007814699e-17	4.21907302671845e-16
gene_3716	interaction_vs_onu	1145.86691968093	-0.906414892353806	0.107731952200308	-8.41361243197833	3.97572833216794e-17	4.34639010515422e-16
gene_800	interaction_vs_onu	1499.1228088779	0.898475776219006	0.10685400844129	8.40844240965154	4.15491332891499e-17	4.53648700197861e-16
gene_1241	interaction_vs_onu	853.356889004456	-1.08082675879624	0.12865030613404	-8.40127622914577	4.41652126554011e-17	4.81597732904756e-16
gene_3887	interaction_vs_onu	1306.19832027784	-0.741666512193965	0.0883128630336871	-8.39817085208817	4.53487057960756e-17	4.93873946074309e-16
gene_3792	interaction_vs_onu	6080.24301225478	0.862902932931267	0.102777920014499	8.39580070125509	4.6272995098055e-17	5.03299667140217e-16
gene_243	interaction_vs_onu	13390.084984025	0.788484636581261	0.0940668022698514	8.38217753293365	5.19573869479057e-17	5.64410193241209e-16
gene_2811	interaction_vs_onu	303.072249481083	-1.70400325983201	0.203370846506783	-8.37879808783297	5.34709122117912e-17	5.80115346683058e-16
gene_5077	interaction_vs_onu	3434.85230280148	0.738689230484574	0.0882460498382763	8.37079089475766	5.72327914079227e-17	6.20142651204834e-16
gene_5896	interaction_vs_onu	254.079487132894	-1.17824237074519	0.140861811114007	-8.36452663377705	6.03567529143532e-17	6.5316536655735e-16
gene_2531	interaction_vs_onu	3137.0967267517	0.906817513617483	0.108441821142822	8.36224902958027	6.1533784934379e-17	6.65062119997834e-16
gene_329	interaction_vs_onu	677.01145681423	-1.54033019298954	0.184302333878801	-8.35762716929282	6.39923088297261e-17	6.90761870847989e-16
gene_2930	interaction_vs_onu	3469.27306191567	0.694186630388776	0.0831483256909812	8.34877460995071	6.89748182531838e-17	7.43607612402083e-16
gene_1687	interaction_vs_onu	1307.43651215212	0.725755029066309	0.0869513664426706	8.34667767463803	7.02099883078951e-17	7.55971698007022e-16
gene_2292	interaction_vs_onu	2552.16944566931	0.501417399238793	0.0600790326166146	8.34596326539598	7.06357627700709e-17	7.59600664964581e-16
gene_5443	interaction_vs_onu	2337.22131810027	-0.608006878722379	0.0729175494919605	-8.33827909685054	7.53794895501594e-17	8.09596525156041e-16
gene_5665	interaction_vs_onu	732.423276728826	-0.940991933008658	0.11302721982838	-8.32535679845485	8.40751165579484e-17	9.0185839315293e-16
gene_4697	interaction_vs_onu	556.247132307133	-1.46752466709934	0.176384512738486	-8.32003130158681	8.79400853335244e-17	9.4213658379846e-16
gene_4101	interaction_vs_onu	4298.20175135664	0.950924534357347	0.114500764353058	8.30496232693444	9.98511238843875e-17	1.06840702556295e-15
gene_4464	interaction_vs_onu	719.599340751279	-0.896365765738203	0.107975315115494	-8.30158045641658	1.02735441901025e-16	1.09789685726938e-15
gene_5947	interaction_vs_onu	606.172737094564	2.28410584901664	0.275343722508203	8.29547094159224	1.08155863308481e-16	1.15438178294339e-15
gene_6437	interaction_vs_onu	108.734820137154	-1.6450052150246	0.198315838277246	-8.29487563532311	1.0869886482454e-16	1.15873260634877e-15
gene_6218	interaction_vs_onu	2292.92437314735	-1.06823910134984	0.128894596810363	-8.28769496770672	1.15464234929742e-16	1.22932071019726e-15
gene_1030	interaction_vs_onu	18659.5662564679	0.659124419854952	0.0796293523295879	8.27740526039719	1.25888217401887e-16	1.33863744218653e-15
gene_2646	interaction_vs_onu	4238.83472712562	0.604864298945736	0.0731181699749044	8.27242119371063	1.3126562599218e-16	1.39408654899884e-15
gene_236	interaction_vs_onu	362.258637807043	0.985913779408408	0.119277203866954	8.26573517357207	1.38836453186777e-16	1.47266423702455e-15
gene_5664	interaction_vs_onu	117.731719381599	-1.95327467323945	0.236823850401837	-8.24779543920586	1.61343243195372e-16	1.7092799031589e-15
gene_2452	interaction_vs_onu	1126.19151828247	-1.30805212527052	0.158663214119262	-8.24420539147342	1.66261357048513e-16	1.75920545900528e-15
gene_700	interaction_vs_onu	3195.47138036011	0.840729105487342	0.101987229203516	8.24347432568897	1.67280831137787e-16	1.76780730190057e-15
gene_8589	interaction_vs_onu	105.420411774913	-1.91927548916567	0.232988353947133	-8.23764560181052	1.75632518369375e-16	1.85352976581721e-15
gene_3702	interaction_vs_onu	5737.34372209478	-1.19823541822134	0.14546080187455	-8.2375141810007	1.75825487131259e-16	1.85352976581721e-15
gene_1704	interaction_vs_onu	1270.52297799962	0.802629595214055	0.0975263176118019	8.22987696930051	1.87405823609106e-16	1.97317816739723e-15
gene_4676	interaction_vs_onu	1164.25758282121	-1.30718271659666	0.158874360283934	-8.22777642824504	1.90720625448715e-16	2.00561247400615e-15
gene_3744	interaction_vs_onu	761.728861117377	-0.877906115291958	0.106730452863136	-8.22545104739434	1.9445767758531e-16	2.04240211058927e-15
gene_6865	interaction_vs_onu	10766.7461257835	-0.637947892357609	0.077581795422524	-8.22290704775822	1.98628778507036e-16	2.08365483335812e-15
gene_128	interaction_vs_onu	9355.90543032118	-0.656420184418687	0.0798389616655162	-8.22180262274385	2.00466917714471e-16	2.10036329943191e-15
gene_1739	interaction_vs_onu	489.342036438064	0.89507054411018	0.108981381690661	8.21305924208964	2.1562309650564e-16	2.25639817370206e-15
gene_3409	interaction_vs_onu	135.771332474707	-1.50403654220464	0.18321670330964	-8.20905798999552	2.22930550250577e-16	2.33001893790591e-15
gene_4781	interaction_vs_onu	1476.30000762229	1.10940145794389	0.135311906069741	8.19884583823756	2.42705935523586e-16	2.53361318058767e-15
gene_1697	interaction_vs_onu	344.290934126861	-1.0640295227354	0.129872524900155	-8.19287623424135	2.55056414248421e-16	2.65929708400302e-15
gene_3047	interaction_vs_onu	165.134223654807	-1.83254941003107	0.223762331491757	-8.18971360288397	2.61848518217659e-16	2.72679235516199e-15
gene_7216	interaction_vs_onu	197.829623282586	-1.3816048224318	0.168724120099161	-8.18854365113781	2.64406036789276e-16	2.75007979941216e-15
gene_144	interaction_vs_onu	22324.1688519696	0.512758335267214	0.0626211121031012	8.18826619404322	2.65016161861816e-16	2.75308051642857e-15
gene_4425	interaction_vs_onu	460.345389503936	-0.900034646836693	0.109930309580793	-8.18732022377521	2.67106789965917e-16	2.77143529952515e-15
gene_7395	interaction_vs_onu	2002.77247341228	0.929493792037576	0.113709022706803	8.17431871201866	2.97542341614193e-16	3.08348964190979e-15
gene_7345	interaction_vs_onu	1420.95588804393	-0.866381353692801	0.106077848596581	-8.16741068144857	3.15078859432697e-16	3.26127573971449e-15
gene_519	interaction_vs_onu	1533.60721676945	-0.894149622499173	0.109628148412341	-8.15620472888072	3.45716242671415e-16	3.57407130104748e-15
gene_6795	interaction_vs_onu	893.603872152514	-1.18871218629438	0.145848276808333	-8.15033411643616	3.62920156182966e-16	3.74740233646102e-15
gene_8424	interaction_vs_onu	97.2104943030984	1.95475983575506	0.239857737757803	8.1496634381205	3.64938506627707e-16	3.76370315269057e-15
gene_4734	interaction_vs_onu	1260.44285896333	0.790005024046477	0.0969403904955041	8.14938974361895	3.65765342278027e-16	3.76769113104682e-15
gene_2864	interaction_vs_onu	2048.040200583	-0.603053691338147	0.0740394803719393	-8.14502868346307	3.79192012554561e-16	3.90130243685943e-15
gene_4479	interaction_vs_onu	4568.56731218604	0.677784040884511	0.0832249031721143	8.1440051601239	3.82412912731419e-16	3.92971732650774e-15
gene_142	interaction_vs_onu	49523.1590085897	0.619252995218763	0.0760721121516317	8.14034181125967	3.9416351782789e-16	4.04561116619513e-15
gene_3730	interaction_vs_onu	700.301935885347	0.753759933687221	0.0926346845689829	8.13690829946005	4.05499611628577e-16	4.15697805453966e-15
gene_2582	interaction_vs_onu	1280.99707907901	0.90001934218194	0.110769140303378	8.12518125280141	4.46694385591242e-16	4.57380854146057e-15
gene_3986	interaction_vs_onu	2959.65474252931	0.7708905925411	0.0948818445640293	8.12474289557975	4.48311688810819e-16	4.58488417708556e-15
gene_4744	interaction_vs_onu	44.7091971936645	-3.50961455343904	0.432146175491257	-8.12135974464975	4.60989358601245e-16	4.70891277998407e-15
gene_2174	interaction_vs_onu	102800.027333824	0.656247201765205	0.0808806112652129	8.11377648486516	4.90703635655929e-16	5.00646379167431e-15
gene_3275	interaction_vs_onu	894.822820905121	0.708451220966809	0.0873584131407023	8.10970798915216	5.07415551722031e-16	5.1708060985007e-15
gene_6582	interaction_vs_onu	164.486547231273	-1.48437100040111	0.183057200009131	-8.10878239330146	5.1129518635463e-16	5.20414601093417e-15
gene_3217	interaction_vs_onu	1978.29921108478	-0.928866797378443	0.114683682888023	-8.09938060923093	5.52397080744563e-16	5.61581830305636e-15
gene_6469	interaction_vs_onu	3435.1281090428	-1.05372564371343	0.130156851311658	-8.09581388220823	5.68827378701163e-16	5.77599331160375e-15
gene_6539	interaction_vs_onu	157.203051202249	-1.99288380160433	0.246188639307294	-8.09494624614583	5.72896450603236e-16	5.81041897768211e-15
gene_6934	interaction_vs_onu	3873.14264844103	-1.12149635047063	0.138557265469645	-8.09409991362973	5.76893242729427e-16	5.8440309559336e-15
gene_4314	interaction_vs_onu	366.758712162604	-1.25436484141005	0.15498807816777	-8.09329889265566	5.80701355022651e-16	5.8756543723332e-15
gene_5480	interaction_vs_onu	147.318135704461	-1.45649452353257	0.179972307603981	-8.092881304481	5.82696411339445e-16	5.88887990680714e-15
gene_1501	interaction_vs_onu	456.23088957473	1.04802998430934	0.129547900741008	8.08990325829019	5.97121396523181e-16	6.02754617245097e-15
gene_7176	interaction_vs_onu	1576.5636740179	-1.22379461391602	0.151302400769926	-8.08840182104547	6.04526870860794e-16	6.09511191350812e-15
gene_3308	interaction_vs_onu	222.57582505226	-1.30794634858884	0.161724177635668	-8.08751274985846	6.08954581509325e-16	6.13253084437626e-15
gene_3933	interaction_vs_onu	2777.38966311696	-0.523408736007051	0.0647234065712323	-8.0868539487489	6.12256109364786e-16	6.15853383802887e-15
gene_5701	interaction_vs_onu	1051.43622261852	1.40166269252022	0.173820127331317	8.06386874776894	7.391711933573e-16	7.42641480650057e-15
gene_4533	interaction_vs_onu	4577.75160594131	0.818398018032855	0.101530721291734	8.06059493738165	7.59240207560049e-16	7.61910454479955e-15
gene_8474	interaction_vs_onu	1095.81997531908	-0.846812879365662	0.105121305506255	-8.05557803232645	7.91040847421301e-16	7.92893402099103e-15
gene_2448	interaction_vs_onu	669.301961341156	-1.96653562545522	0.244386763471957	-8.04681725604538	8.49749193449989e-16	8.50743052155779e-15
gene_3603	interaction_vs_onu	2578.29066359674	-0.593757636769307	0.0739154133503133	-8.0329339965301	9.51688723709006e-16	9.51688723709006e-15
gene_6501	interaction_vs_onu	5932.51881073091	0.878385206773251	0.109355683513056	8.03236904159973	9.56082685830523e-16	9.54967070094432e-15
gene_8196	interaction_vs_onu	4258.12103267544	0.871374950238424	0.108490132343364	8.03183599666538	9.60246788477576e-16	9.58008450975298e-15
gene_5899	interaction_vs_onu	215.610036892398	-1.39515237227596	0.173760783614699	-8.02915561988717	9.81458001495352e-16	9.7803032512226e-15
gene_1934	interaction_vs_onu	3862.80488790267	-0.698304642379435	0.0870439657848787	-8.02243597339339	1.03668438541323e-15	1.0318625975741e-14
gene_6557	interaction_vs_onu	797.779763510103	-1.33945311090991	0.167001720034682	-8.02059470184942	1.05234417452887e-15	1.04623300046076e-14
gene_1904	interaction_vs_onu	198.734503256449	1.63549240756735	0.204162043709662	8.01075644546924	1.14005024931557e-15	1.13211486474957e-14
gene_1110	interaction_vs_onu	3181.72833474176	-1.00916227549908	0.126031959582303	-8.00719340430521	1.17355855064801e-15	1.16403953575284e-14
gene_2547	interaction_vs_onu	268.514053955403	-1.28458401321663	0.160538042686265	-8.00174209004814	1.22671119764996e-15	1.21535276063468e-14
gene_2245	interaction_vs_onu	19345.8931361286	0.732070874229727	0.0915902607373024	7.99288994633873	1.31811787190751e-15	1.30440335069691e-14
gene_1811	interaction_vs_onu	2514.8849319103	-0.694919296865366	0.0869796990915778	-7.98944241154146	1.35550427729088e-15	1.33985180295727e-14
gene_853	interaction_vs_onu	2823.96800057233	0.576478512445365	0.0721742988890273	7.98731018269728	1.37914774446794e-15	1.36164990687953e-14
gene_6130	interaction_vs_onu	1377.54960419847	-0.93455218490936	0.117017661658612	-7.98641992723997	1.38913923302117e-15	1.36993454316374e-14
gene_6430	interaction_vs_onu	2762.93737726564	-0.426940009405239	0.0534921069231454	-7.98136461550568	1.44724259169725e-15	1.42559224222422e-14
gene_7166	interaction_vs_onu	86.0383373013741	-2.75245821849654	0.345013904853303	-7.97781822638965	1.4894252079158e-15	1.46545744594934e-14
gene_7988	interaction_vs_onu	670.944080290977	-1.32951930424263	0.166755735812226	-7.97285501315366	1.55050038773293e-15	1.52379831446543e-14
gene_1995	interaction_vs_onu	1689.26842580635	-0.722127612798429	0.0906121034115654	-7.96943880133191	1.5939653968958e-15	1.56471832539313e-14
gene_7288	interaction_vs_onu	4326.66385629582	0.605667130304796	0.0760143072107631	7.96780438484398	1.61518261028006e-15	1.5837300279493e-14
gene_5738	interaction_vs_onu	1994.17293452429	0.534172725090649	0.0670893715136491	7.96210656082795	1.6913471512873e-15	1.65651391476194e-14
gene_5948	interaction_vs_onu	1045.63200379775	0.621177990371946	0.078064464530992	7.95724397911338	1.75913620870494e-15	1.72093782245878e-14
gene_2812	interaction_vs_onu	225.513834324079	-1.37790647368885	0.173217511087221	-7.95477584823986	1.79456111407265e-15	1.75358939913948e-14
gene_2269	interaction_vs_onu	7054.45004611208	0.779471721973407	0.0980730531991764	7.94786841590809	1.89748038446434e-15	1.85204470821148e-14
gene_5651	interaction_vs_onu	1522.99870979299	-1.46852530506367	0.185048542129395	-7.93589232406276	2.08987265834677e-15	2.03750682863876e-14
gene_7360	interaction_vs_onu	25001.3441492039	0.864004626189162	0.108892578764284	7.93446749075012	2.11400384451577e-15	2.0586886130893e-14
gene_4760	interaction_vs_onu	189.87295020902	-1.49102065422873	0.187986439454709	-7.9315330326683	2.16457005030053e-15	2.10314638258485e-14
gene_2627	interaction_vs_onu	5601.62334137931	0.496416854722287	0.0625868587920391	7.93164674347628	2.16258859975832e-15	2.10314638258485e-14
gene_7151	interaction_vs_onu	2739.45900927782	0.611931939982651	0.0771702451536826	7.92963581706919	2.19789468826004e-15	2.1331041418941e-14
gene_4319	interaction_vs_onu	2779.17389676459	0.744238280218658	0.0938679234668333	7.9285687030418	2.21686005450403e-15	2.14907384672191e-14
gene_398	interaction_vs_onu	14250.8389217186	-0.812084538475116	0.102440534206238	-7.92737508416529	2.23826472843765e-15	2.16736946554596e-14
gene_4981	interaction_vs_onu	3857.86912451269	0.446695407881056	0.0563514752034279	7.92695144658579	2.24591047762899e-15	2.17231567101742e-14
gene_3753	interaction_vs_onu	654.898253856463	0.855947279011023	0.107987624673799	7.92634601970924	2.25688179580055e-15	2.18046367630391e-14
gene_6011	interaction_vs_onu	9108.66855888095	1.01801973713763	0.128479433548091	7.92360075868935	2.30729630426916e-15	2.22665798923833e-14
gene_2284	interaction_vs_onu	660.022607386686	0.773567536982328	0.097680224347112	7.9193873903628	2.3868362165131e-15	2.30082410060272e-14
gene_7538	interaction_vs_onu	3602.5735071764	0.489689415369563	0.061965291001436	7.90264045331788	2.73056376490588e-15	2.62920425507247e-14
gene_3901	interaction_vs_onu	6438.37837193289	0.420830753336597	0.0533178652384684	7.89286576749458	2.95325210821863e-15	2.84043124116309e-14
gene_6982	interaction_vs_onu	292.002905172765	1.27383150012424	0.161405937753183	7.89209813378829	2.97147918587938e-15	2.85475441426796e-14
gene_4841	interaction_vs_onu	458.598249193891	1.18074941762474	0.149792680812713	7.88255748691111	3.20747368010763e-15	3.0780240696997e-14
gene_2629	interaction_vs_onu	522.161671912591	-1.32634160464892	0.168286830661256	-7.88143433111952	3.2364419443543e-15	3.10234524565205e-14
gene_2581	interaction_vs_onu	3990.66366302673	-0.87831166638876	0.11145563158711	-7.88037045667182	3.26411873105871e-15	3.12537542929112e-14
gene_1805	interaction_vs_onu	125.121371716133	-2.19888353791621	0.279180727906227	-7.87620103438796	3.37485081396947e-15	3.22779027570712e-14
gene_5559	interaction_vs_onu	2270.52275574239	0.674632109279092	0.0857091445831571	7.871180053892	3.51311592716074e-15	3.3562803946982e-14
gene_8372	interaction_vs_onu	726.537211918841	0.695872289452199	0.0884957513588295	7.86334121997111	3.7402035774558e-15	3.56924666923318e-14
gene_7336	interaction_vs_onu	951.852215805537	-0.972642064500792	0.123725868878253	-7.86126679342925	3.80267870697572e-15	3.62482513716171e-14
gene_7259	interaction_vs_onu	831.667263415376	0.812963120156498	0.103458474017257	7.85786884910846	3.90724086911968e-15	3.72035393099716e-14
gene_3807	interaction_vs_onu	2278.52118676808	-0.556011564028731	0.0708092939372837	-7.85223991247808	4.08671768962254e-15	3.88692260257432e-14
gene_7636	interaction_vs_onu	117.009356220124	-2.23899457679853	0.285228332965036	-7.84983228532557	4.16593996020405e-15	3.95787414643137e-14
gene_4109	interaction_vs_onu	5641.17058557948	0.629864980537258	0.080253977094817	7.84839584701324	4.21392364708882e-15	3.9990228845987e-14
gene_2194	interaction_vs_onu	3877.42582415503	-0.469071389198058	0.0598307346897876	-7.83997374643843	4.50640638338561e-15	4.27185367018613e-14
gene_6938	interaction_vs_onu	955.377209929887	1.03919953985508	0.132798744213745	7.82537173832342	5.06159008817406e-15	4.79283309234181e-14
gene_8588	interaction_vs_onu	276.873278016203	-1.27484341773292	0.162933400085596	-7.82432218969952	5.10399367659655e-15	4.82764484769795e-14
gene_5130	interaction_vs_onu	3241.35264370351	0.546067855400122	0.0698586714859952	7.81675121762936	5.4204081643401e-15	5.12126864092177e-14
gene_7002	interaction_vs_onu	312.063505751414	1.32107273441437	0.169011835588572	7.81645101843802	5.43334462451941e-15	5.12783131046154e-14
gene_4867	interaction_vs_onu	52.6537253163278	-2.59464550024608	0.331967035459431	-7.81597334402549	5.45399169117304e-15	5.14164855467415e-14
gene_4166	interaction_vs_onu	3267.61013648058	0.593603892823313	0.0760191751994577	7.80860738446353	5.78233171000972e-15	5.44518805695085e-14
gene_8055	interaction_vs_onu	600.822153625229	-0.813322787813336	0.104247037768684	-7.80187912502643	6.09920545556629e-15	5.73727458237884e-14
gene_6984	interaction_vs_onu	1059.50037918697	1.16452979591558	0.149313132318878	7.79924563787579	6.22783345124706e-15	5.85183911555157e-14
gene_4238	interaction_vs_onu	1605.18309595531	-0.561716635269925	0.0720498522772734	-7.79622188687133	6.37881838058261e-15	5.98713655019596e-14
gene_5770	interaction_vs_onu	2123.86138357076	0.557977663813694	0.0715863108084513	7.79447435567277	6.46771468127415e-15	6.06392526524717e-14
gene_8638	interaction_vs_onu	479.034417628897	1.112119624512	0.142719683574166	7.79233527331973	6.57819021255688e-15	6.16075582270098e-14
gene_6041	interaction_vs_onu	1731.76269150749	-0.570817870939598	0.0732746565481267	-7.79011322372674	6.69491742436777e-15	6.26322329536482e-14
gene_7946	interaction_vs_onu	2433.52163946409	0.519722815041757	0.0667209514907848	7.78949945151096	6.72751745364739e-15	6.28685037153075e-14
gene_2172	interaction_vs_onu	4565.9960907847	0.746954393368753	0.0960183908904273	7.77928463955567	7.29357921454375e-15	6.80840109885436e-14
gene_4242	interaction_vs_onu	2937.00848932165	0.863789739419482	0.111064400906221	7.77737720071829	7.40435846986351e-15	6.90428197189887e-14
gene_4698	interaction_vs_onu	1807.08120150955	-1.39895507242773	0.17988065166538	-7.77712922138017	7.418881585908e-15	6.91029666761398e-14
gene_493	interaction_vs_onu	206.345701009828	1.07472968039952	0.13819386523857	7.77697098597079	7.42816342332503e-15	6.91142161996329e-14
gene_7603	interaction_vs_onu	2743.67246275923	1.0890775473466	0.140044976315495	7.77662702368642	7.448379146743e-15	6.91519799307159e-14
gene_658	interaction_vs_onu	4347.85056782289	0.541286675834899	0.0696032971974385	7.77673899987053	7.44179202383697e-15	6.91519799307159e-14
gene_6696	interaction_vs_onu	2087.99596911201	0.656838546780808	0.0845504318347525	7.76860073363729	7.93578817887242e-15	7.35973421572567e-14
gene_6160	interaction_vs_onu	2180.59557851551	0.777960836161316	0.10031710750256	7.75501662207975	8.83319059249055e-15	8.18312894715575e-14
gene_8281	interaction_vs_onu	496.501903118581	-1.14836050499449	0.148180130333398	-7.74976039237331	9.20661039957891e-15	8.51984702923195e-14
gene_7009	interaction_vs_onu	70.0801542001669	2.0637107428399	0.266568683034236	7.74175990723882	9.8050014155794e-15	9.06380260446648e-14
gene_134	interaction_vs_onu	822.252367210706	-0.68105544288197	0.0879933641376739	-7.73985003933245	9.95341416811671e-15	9.19107068814229e-14
gene_1066	interaction_vs_onu	298.378621492025	-1.41382215070431	0.182756534444346	-7.73609630431492	1.0251582009356e-14	9.45620064656113e-14
gene_1950	interaction_vs_onu	4539.8207291825	0.645243818723156	0.0834229223982126	7.73461058632227	1.03720088146843e-14	9.55698551708263e-14
gene_2027	interaction_vs_onu	528.834022873652	1.1263100160379	0.145790440724401	7.72554092326979	1.11379351033817e-14	1.02516908048331e-13
gene_2817	interaction_vs_onu	865.826980290353	-1.36154863323252	0.176256804079006	-7.72480041463939	1.12028733950608e-14	1.03003862794544e-13
gene_7873	interaction_vs_onu	39672.7999550418	1.08729266716036	0.140763235783159	7.7242659357114	1.12499754382705e-14	1.03325954669094e-13
gene_2748	interaction_vs_onu	1881.64269582331	0.598014456305034	0.0774905293886909	7.71725862531414	1.18858325061673e-14	1.09049009917248e-13
gene_5932	interaction_vs_onu	1146.29209397825	0.628423450758471	0.0815738970841411	7.70373211555984	1.32148731333157e-14	1.21112755911331e-13
gene_916	interaction_vs_onu	1452.3717082032	0.639804948858333	0.0830806297598742	7.70101226612683	1.34992529878519e-14	1.23586743931564e-13
gene_2678	interaction_vs_onu	3884.17213974887	0.537153600793983	0.0697783317761531	7.69800003985702	1.38212328509021e-14	1.26399308978335e-13
gene_484	interaction_vs_onu	213.380619987647	-1.15104735702401	0.149807076399498	-7.68353127695019	1.54762158739384e-14	1.41232844222722e-13
gene_6000	interaction_vs_onu	2576.17855527124	0.756222826797415	0.0984209117019681	7.6835584401754	1.54729331845806e-14	1.41232844222722e-13
gene_5520	interaction_vs_onu	89.2307198085034	-4.32113019325004	0.562662277829443	-7.67979365867474	1.59345040795421e-14	1.45260228882727e-13
gene_6120	interaction_vs_onu	392.48011897163	-1.05395960230433	0.137438373738307	-7.66859774047642	1.73886831942081e-14	1.58348008662151e-13
gene_7944	interaction_vs_onu	3218.95616003655	0.720118069562301	0.0939520982000279	7.66473642801611	1.79198818070366e-14	1.63011889764328e-13
gene_6114	interaction_vs_onu	476.909592299278	-1.06127520291408	0.138468325350789	-7.66438967341808	1.79683585420713e-14	1.63279351507569e-13
gene_1721	interaction_vs_onu	163.884004736625	-1.43132229325915	0.186781652350167	-7.66307758417187	1.81529607584249e-14	1.64781913141164e-13
gene_196	interaction_vs_onu	2922.13732037872	0.694929838882132	0.0907456782379104	7.65799377310526	1.88860041581033e-14	1.71254444484496e-13
gene_363	interaction_vs_onu	333.160237539613	-1.07656387311796	0.140608626972418	-7.6564567644142	1.91133061345415e-14	1.73132169853624e-13
gene_6329	interaction_vs_onu	507.200451722992	1.27494371485769	0.166529761640495	7.65595111827541	1.91886707651993e-14	1.73631101215757e-13
gene_6809	interaction_vs_onu	1494.49371407818	0.607740525852995	0.0794328702188102	7.65099541510812	1.99429453741509e-14	1.8026569419507e-13
gene_1972	interaction_vs_onu	15078.4639685882	0.486449707126669	0.0636160072680273	7.6466557399171	2.06273595896195e-14	1.86255483214286e-13
gene_4616	interaction_vs_onu	4360.73735545264	-0.446692961549991	0.0584186721915847	-7.64640730082082	2.06672328325284e-14	1.86418875707527e-13
gene_4490	interaction_vs_onu	1822.35237160593	0.77320871705265	0.101168773144325	7.64276063671945	2.12613031226258e-14	1.91575531294397e-13
gene_7990	interaction_vs_onu	109.881224406143	-2.04928733724785	0.268306027807602	-7.63787289459395	2.20839709251958e-14	1.98778960167903e-13
gene_1277	interaction_vs_onu	4063.8484584771	0.928702604686089	0.121742497193099	7.62841757067829	2.37652720310543e-14	2.13687740111161e-13
gene_4118	interaction_vs_onu	1266.78613313883	-0.732982769631831	0.0961531828788004	-7.62307338859229	2.47705953723017e-14	2.22493490437464e-13
gene_8422	interaction_vs_onu	4347.86172211463	0.605574435545539	0.0795056108696031	7.6167509301795	2.60140609061696e-14	2.33417569556406e-13
gene_6377	interaction_vs_onu	330.089538708067	-0.975359122594901	0.128095636108653	-7.61430406393845	2.65116018498622e-14	2.37632787261592e-13
gene_2326	interaction_vs_onu	2246.16090895785	-1.25586606042498	0.164951758923858	-7.61353542768033	2.66698179892762e-14	2.38800880740799e-13
gene_8520	interaction_vs_onu	1705.45599162079	0.950402640463245	0.124852476183266	7.61220497596047	2.69458761060791e-14	2.41020584606099e-13
gene_6428	interaction_vs_onu	576.750066563332	-1.12123299142458	0.147305081641542	-7.61163823358812	2.70643224539468e-14	2.41798839824816e-13
gene_619	interaction_vs_onu	724.035439192184	-0.85113389188245	0.111821823027297	-7.61151865387387	2.70893793682241e-14	2.41798839824816e-13
gene_6214	interaction_vs_onu	759.246148061687	-0.814713451446673	0.107075285676502	-7.60879082693366	2.76672097689861e-14	2.46699287106793e-13
gene_1484	interaction_vs_onu	661.083251163527	-0.76629473733065	0.100715987600733	-7.60847165961837	2.77356055246716e-14	2.4705180363287e-13
gene_4173	interaction_vs_onu	1965.53804283879	0.931926354372197	0.122584644136191	7.60230908968362	2.9089292848068e-14	2.58840277317528e-13
gene_2794	interaction_vs_onu	1056.7922175942	0.895985404575182	0.117926474621608	7.59783083018583	3.01135626407447e-14	2.67676112362175e-13
gene_6037	interaction_vs_onu	719.247903906265	1.17615448115342	0.154834127209679	7.59622250177863	3.04900104649073e-14	2.70741171763077e-13
gene_7116	interaction_vs_onu	278.907369324629	-0.934782076711992	0.123145804533892	-7.59085606083092	3.17798828252617e-14	2.81610555884307e-13
gene_5117	interaction_vs_onu	4593.13619293961	0.829132920182518	0.109226898705285	7.5909224743227	3.17635964308177e-14	2.81610555884307e-13
gene_4212	interaction_vs_onu	4351.10554718159	1.07257757744622	0.141347930769171	7.58820855466076	3.2435855659347e-14	2.87126085257508e-13
gene_1937	interaction_vs_onu	1191.53739691926	0.559700067915773	0.0737970714926838	7.58431271857802	3.34254092206355e-14	2.95580065008925e-13
gene_8174	interaction_vs_onu	2054.46709339477	0.733562029513059	0.0967327043416928	7.58339213718112	3.36635419866581e-14	2.97378657797516e-13
gene_6492	interaction_vs_onu	801.796127787333	-0.976227066864332	0.128773593678447	-7.58095692585868	3.43015476916841e-14	3.02702317774037e-13
gene_8606	interaction_vs_onu	1959.44811987532	1.08910521720278	0.143753346996001	7.57620771941451	3.55801983246002e-14	3.13662716435199e-13
gene_7803	interaction_vs_onu	5198.26446342059	0.466798058415241	0.0616351956664	7.57356334101349	3.63123532217396e-14	3.19787802035073e-13
gene_3414	interaction_vs_onu	719.892754245954	-1.01694564817951	0.134408125199047	-7.56610247091462	3.84588718248879e-14	3.38343209476917e-13
gene_1476	interaction_vs_onu	36.6292408806104	-3.01273109755935	0.398256349772728	-7.56480367300764	3.88450844471256e-14	3.4139006454558e-13
gene_6554	interaction_vs_onu	373.026770662306	-0.994096587302875	0.131440247458889	-7.56310648010461	3.93555173738884e-14	3.45521260226138e-13
gene_4748	interaction_vs_onu	87.0773789896602	-2.06346328627362	0.272970999265485	-7.55927659651032	4.05317183858062e-14	3.55483103875513e-13
gene_511	interaction_vs_onu	5282.53987308431	0.604958911288927	0.0800437807283651	7.55785028873015	4.0978530542658e-14	3.59034003526257e-13
gene_4240	interaction_vs_onu	5586.06026042488	0.513847378011427	0.0679924505286427	7.5574181253397	4.11148657389034e-14	3.59860174565453e-13
gene_28	interaction_vs_onu	1802.56596248615	-0.872171726888634	0.115413857469455	-7.55690647563235	4.12768533055104e-14	3.60908952293329e-13
gene_366	interaction_vs_onu	1501.63921948922	-0.558094439600057	0.0738775703592798	-7.55431502262384	4.21069918150311e-14	3.67791683608843e-13
gene_5820	interaction_vs_onu	593.331238416266	0.822054194489077	0.108836093588032	7.55313947228509	4.24889560647112e-14	3.70749708373015e-13
gene_6734	interaction_vs_onu	2987.92067592439	0.425886693031157	0.0563902607854725	7.55248667232402	4.27025355051585e-14	3.72233914383052e-13
gene_4133	interaction_vs_onu	135.981000702337	1.41460085455228	0.187438718401057	7.54700451763384	4.45383143451611e-14	3.87841272425818e-13
gene_696	interaction_vs_onu	177.484002538445	-1.72512919351176	0.228638743984527	-7.54521811766296	4.51531142623962e-14	3.92795384233853e-13
gene_7708	interaction_vs_onu	129.9096172484	-1.91983491947206	0.25445619970207	-7.54485417026545	4.52793882700795e-14	3.93493973189726e-13
gene_4865	interaction_vs_onu	411.332486137408	-1.24154280207022	0.164616854684922	-7.54201508980681	4.62764184358606e-14	4.01750650923902e-13
gene_4280	interaction_vs_onu	6743.1551598969	0.74885498464629	0.0993025223744011	7.54114766413361	4.65853242775967e-14	4.04022670533158e-13
gene_1285	interaction_vs_onu	920.25192608256	-0.88072662773738	0.116826039314517	-7.53878701105586	4.74362991433635e-14	4.10766024446962e-13
gene_5885	interaction_vs_onu	3633.77477424117	0.806708257017106	0.107008578941983	7.53872507226247	4.74588315628557e-14	4.10766024446962e-13
gene_5715	interaction_vs_onu	960.76671749141	-0.965207176566457	0.128039300950007	-7.53836649688774	4.75894829589336e-14	4.11480781947951e-13
gene_2700	interaction_vs_onu	1013.56429816046	-0.730618061931595	0.0969954780296316	-7.5324961201634	4.9779405484111e-14	4.29981544847618e-13
gene_7374	interaction_vs_onu	129.01264148968	-1.56084528923503	0.20729180681615	-7.52970082710198	5.08567106934548e-14	4.38844197112876e-13
gene_8161	interaction_vs_onu	949.436222588478	0.613726970050747	0.0815393758154169	7.52675580249791	5.20165207815716e-14	4.48400219426237e-13
gene_627	interaction_vs_onu	3432.85868614593	-0.599862901460853	0.0797036123496572	-7.52616956467762	5.22504774312359e-14	4.49963870031569e-13
gene_5902	interaction_vs_onu	198.373219663913	-1.22286190382976	0.162536720895313	-7.5236038791344	5.32866261062903e-14	4.58425647708387e-13
gene_2645	interaction_vs_onu	969.997076025017	0.555387436442637	0.0738297823789064	7.52253925918809	5.37224780591514e-14	4.61711257215197e-13
gene_3964	interaction_vs_onu	3341.50343230217	-0.723774137430755	0.0963511328857568	-7.51183837442712	5.83027444512138e-14	5.00573212138806e-13
gene_8478	interaction_vs_onu	4163.71031043933	0.951262113865179	0.126641137019611	7.51147799405712	5.84635001448599e-14	5.01450462164329e-13
gene_71	interaction_vs_onu	1154.93817472498	0.576608545506812	0.0767811076382574	7.5097711304637	5.92308237643757e-14	5.07523374797854e-13
gene_3452	interaction_vs_onu	749.990598531276	0.80629405780676	0.107483354762066	7.50157137904409	6.30572762345781e-14	5.39770284567988e-13
gene_7225	interaction_vs_onu	134.59688155316	1.59871479785738	0.213194049604593	7.49887157180273	6.43695559062533e-14	5.50452945611916e-13
gene_1464	interaction_vs_onu	465.940342362141	-0.840255475341949	0.112103819204016	-7.49533317694363	6.6130164870873e-14	5.64944322649374e-13
gene_5627	interaction_vs_onu	1204.15635841162	0.611908943059159	0.0816428319964542	7.49494999249578	6.63236446243252e-14	5.66032301080981e-13
gene_3464	interaction_vs_onu	6063.840090586	-0.824734579700822	0.110179770576178	-7.48535393918438	7.13545745223371e-14	6.08361711066938e-13
gene_1083	interaction_vs_onu	1039.86803774429	0.843691753888612	0.112789789850411	7.48021390063381	7.42017381577304e-14	6.32006844408131e-13
gene_4622	interaction_vs_onu	1116.67355764499	0.918600743286298	0.122816293762637	7.47946966272771	7.46231350986078e-14	6.34964250938452e-13
gene_6515	interaction_vs_onu	1017.88618916714	0.66185000881476	0.0885615397146797	7.47333448522975	7.81877673119379e-14	6.64634844280226e-13
gene_285	interaction_vs_onu	221.349568004591	-1.36362828846395	0.182510129330937	-7.47152113399332	7.92730334405853e-14	6.73191633185923e-13
gene_1129	interaction_vs_onu	2807.40949039266	0.700636599404112	0.0937870630038712	7.47050368103746	7.98884359941407e-14	6.7774530437051e-13
gene_364	interaction_vs_onu	1332.52084826928	-0.77486341939774	0.103753949483156	-7.46827878126737	8.12505668098857e-14	6.8861866524022e-13
gene_194	interaction_vs_onu	3281.19999336064	0.676944318420053	0.0906776115392235	7.46539644052307	8.30491864166761e-14	7.03166207444854e-13
gene_7067	interaction_vs_onu	4060.8339310558	0.57396919882603	0.0768957677335957	7.46424953860319	8.37757029448321e-14	7.08616617794232e-13
gene_5479	interaction_vs_onu	774.477309629886	0.901181955803234	0.120763734495076	7.46235581046872	8.49890005850564e-14	7.18169639692086e-13
gene_6904	interaction_vs_onu	276.620885248298	1.29218422156082	0.173228527791523	7.45941928869785	8.69046442818729e-14	7.3363289452942e-13
gene_1652	interaction_vs_onu	34618.7655188662	0.953311111513109	0.127871652190294	7.45521853502312	8.97189939068679e-14	7.56644914130827e-13
gene_7103	interaction_vs_onu	13502.3639217769	-0.3906797321404	0.0524286071607699	-7.4516519376988	9.21786518123878e-14	7.76623286923267e-13
gene_3081	interaction_vs_onu	917.280674106003	1.04292462991035	0.140000288888867	7.4494462703447	9.3732803650761e-14	7.88940805556061e-13
gene_1057	interaction_vs_onu	2008.94121208154	-1.20157234269903	0.161310371508605	-7.44882261110489	9.41768961256491e-14	7.9190003029033e-13
gene_563	interaction_vs_onu	8577.46206180174	0.925092737828654	0.124313450958537	7.44161416721675	9.94623699911537e-14	8.35522951054245e-13
gene_1092	interaction_vs_onu	1549.1579556853	-0.941800475430068	0.126741972155273	-7.43084914503504	1.07902717629224e-13	9.05536532260939e-13
gene_7323	interaction_vs_onu	117.009621921611	-1.76485760085205	0.237692714512119	-7.42495454467144	1.12818652894782e-13	9.45864513985636e-13
gene_6382	interaction_vs_onu	5849.98050453106	-0.49935637989263	0.067270849566507	-7.42307229818682	1.14434268579782e-13	9.5847097753712e-13
gene_1495	interaction_vs_onu	113.296848254203	-1.66232243462945	0.223965298175614	-7.42223214118646	1.1516273180677e-13	9.63629505636312e-13
gene_2020	interaction_vs_onu	1732.61571406305	0.735524370723499	0.099151077062173	7.41821866707798	1.1870600435737e-13	9.92308005174893e-13
gene_1075	interaction_vs_onu	11220.0801621602	0.556340271909789	0.0750404358396724	7.41387314298703	1.22663257711386e-13	1.02438779122875e-12
gene_1350	interaction_vs_onu	5058.27811181324	0.830505231210425	0.112141805586847	7.40584857595546	1.30314462537449e-13	1.08722397594597e-12
gene_1330	interaction_vs_onu	378.980299236747	-0.965951771953727	0.13043689276683	-7.4055104461931	1.30646954352549e-13	1.0889366399784e-12
gene_8326	interaction_vs_onu	3183.82080488684	0.683722176748131	0.0923573752372569	7.40300571547987	1.33136017012914e-13	1.10860341014645e-12
gene_634	interaction_vs_onu	1660.72585684227	0.475496639032479	0.0642388201369742	7.40201389157824	1.34134464785544e-13	1.11583189364845e-12
gene_8217	interaction_vs_onu	10208.5744142631	0.612266245352062	0.0828051464227379	7.39406029458982	1.42411784801119e-13	1.18353871640541e-12
gene_179	interaction_vs_onu	2326.44786922165	0.723572457380378	0.0979287098322747	7.38876738619002	1.48196163604761e-13	1.2304162565051e-12
gene_4398	interaction_vs_onu	1283.95777194171	0.735489622857001	0.0995831107906474	7.38568635803328	1.5166893823806e-13	1.25802917763352e-12
gene_6606	interaction_vs_onu	1813.62568746107	1.05254816906176	0.142545839049518	7.38392769708361	1.53686928185932e-13	1.27353349977887e-12
gene_2453	interaction_vs_onu	55.9476650544128	-2.49891633323139	0.338527053912811	-7.38173302354438	1.56242259129495e-13	1.2934562264492e-12
gene_7353	interaction_vs_onu	243.131283064329	-1.34611133428448	0.182378645629309	-7.38086046005901	1.57269771595586e-13	1.30070458440407e-12
gene_8547	interaction_vs_onu	104.767718795563	-1.49044055598601	0.201984451940402	-7.37898655895447	1.59498930836957e-13	1.3178676138652e-12
gene_6995	interaction_vs_onu	559.286322298595	-0.78935419987853	0.107123332658015	-7.36864864350792	1.72366275267112e-13	1.42281129825119e-12
gene_2695	interaction_vs_onu	2103.75444541352	-1.16973648252326	0.15876389373364	-7.36777396305066	1.73500632194027e-13	1.43079519420122e-12
gene_5114	interaction_vs_onu	284.377328517037	-0.983198591175196	0.133603043558486	-7.35910324336881	1.85149794082643e-13	1.52539195124873e-12
gene_2250	interaction_vs_onu	1884.35316898827	-0.47557322805805	0.0646286064718516	-7.3585561258416	1.85910089374573e-13	1.53018304331379e-12
gene_7113	interaction_vs_onu	208.098782850886	-1.16845786457422	0.159023135692056	-7.34772245239145	2.01612586711689e-13	1.65783260542945e-12
gene_4859	interaction_vs_onu	10039.7910843108	0.435726605000656	0.0593446746731573	7.3423033726351	2.0994883461088e-13	1.72472363173621e-12
gene_5562	interaction_vs_onu	482.406123010452	1.28607932087786	0.175330064540098	7.33518991310093	2.21407299613463e-13	1.81711072357741e-12
gene_5309	interaction_vs_onu	462.344088144797	-0.872063626526203	0.118902193103882	-7.33429387433001	2.22893526489115e-13	1.82755611757358e-12
gene_3426	interaction_vs_onu	1052.82574701132	1.40318684110732	0.1913315227788	7.33379853318555	2.23719332712355e-13	1.83257175886866e-12
gene_2408	interaction_vs_onu	5326.89511476116	-0.366898901626104	0.050048599051285	-7.33085258290929	2.2869311829939e-13	1.87152303311929e-12
gene_4808	interaction_vs_onu	647.903164061355	0.673797653499866	0.0919247742523202	7.32988097039421	2.30357236038221e-13	1.88334091737074e-12
gene_5954	interaction_vs_onu	6856.29235909711	0.852202477929616	0.116479354837648	7.31633926988551	2.54826915512533e-13	2.08141068395733e-12
gene_1079	interaction_vs_onu	56.2533801675286	-2.7464863228636	0.375437052371954	-7.31543758270984	2.56544007540461e-13	2.09343823121673e-12
gene_3980	interaction_vs_onu	2194.82694245114	0.578408735340785	0.0791180452546193	7.31070558529774	2.65743222316107e-13	2.16643998383417e-12
gene_3945	interaction_vs_onu	1788.75812800916	-0.993496436864816	0.135946418058759	-7.30800010071176	2.71147589160203e-13	2.20839520762259e-12
gene_8593	interaction_vs_onu	720.375623919025	1.18971809739954	0.162890767669933	7.30377856534067	2.79796713433923e-13	2.27667287737109e-12
gene_3701	interaction_vs_onu	3127.80122707621	-1.10365053048035	0.151119856345275	-7.30314703290055	2.81113692115401e-13	2.28521671843099e-12
gene_6754	interaction_vs_onu	5382.18636680632	0.533781215558965	0.0731168301380464	7.30038781154999	2.86939461857705e-13	2.33036223292406e-12
gene_6601	interaction_vs_onu	5697.91554476667	0.78406828758347	0.10747154318566	7.29558973791763	2.97353704200911e-13	2.41265185588607e-12
gene_1876	interaction_vs_onu	151063.478093134	-1.17040103869931	0.160577156546617	-7.2887144340455	3.12926528204592e-13	2.53660140287056e-12
gene_7239	interaction_vs_onu	998.149445592945	-0.877817421827443	0.120525520551191	-7.28324937169309	3.2587404435795e-13	2.63905564778056e-12
gene_6468	interaction_vs_onu	706.581661597612	-1.19306940872788	0.163845180538061	-7.28168753459754	3.2966995530284e-13	2.66727298430275e-12
gene_6648	interaction_vs_onu	3649.21873385635	-0.619039100813675	0.0850473401822639	-7.27875909448809	3.36904681283363e-13	2.72323330669083e-12
gene_6157	interaction_vs_onu	1693.31758213449	1.16241505723021	0.159713053012915	7.27814687216711	3.38436769828745e-13	2.73303655635288e-12
gene_322	interaction_vs_onu	2024.92226914306	0.826315012348411	0.11354632499834	7.27733823494942	3.40470878951777e-13	2.74687155874384e-12
gene_5607	interaction_vs_onu	958.846381924053	-0.637224435077915	0.0875680651960392	-7.27690435607269	3.41567236237815e-13	2.75312197946864e-12
gene_5859	interaction_vs_onu	115.56631684992	1.63263529353698	0.224427407361454	7.27466984862293	3.47268696979034e-13	2.7964440697465e-12
gene_4822	interaction_vs_onu	651.486076975125	-0.751086870002139	0.103265091654759	-7.27338598132668	3.50586719976032e-13	2.82050970206282e-12
gene_14	interaction_vs_onu	1337.977212241	-1.3182787401853	0.181359409538484	-7.26887424005186	3.62495671949349e-13	2.91358023651308e-12
gene_4323	interaction_vs_onu	188.179438413233	-1.58862707944496	0.218645287217764	-7.26577325155304	3.70910322010961e-13	2.97841684466588e-12
gene_4918	interaction_vs_onu	1266.44358541293	0.545362542894618	0.0750626767072894	7.2654289297634	3.71856401952184e-13	2.98321537086289e-12
gene_1054	interaction_vs_onu	71.3107163824412	-1.96531814864449	0.270573445874628	-7.26352928792256	3.77118735401812e-13	3.02259960209692e-12
gene_6198	interaction_vs_onu	5652.04816040289	0.844914584548036	0.116462583294452	7.2548157583955	4.02208936489703e-13	3.22068147460417e-12
gene_6691	interaction_vs_onu	3206.93910307993	-0.500187638429763	0.0689689798008452	-7.25235663734777	4.09581683695922e-13	3.27665346956738e-12
gene_1613	interaction_vs_onu	5548.92598548494	0.728726824002689	0.100487941246829	7.25188331018461	4.11015930355168e-13	3.28505729583589e-12
gene_7544	interaction_vs_onu	782.66376020747	0.963765799903939	0.132932641438013	7.25003121489427	4.16675592003214e-13	3.3271856973391e-12
gene_340	interaction_vs_onu	530.074288248119	-1.15808485409505	0.159751813328214	-7.24927517233081	4.19007851815015e-13	3.34269078428381e-12
gene_6513	interaction_vs_onu	1512.40222768017	-0.792688879908947	0.109402048231135	-7.24564935232497	4.30372231070376e-13	3.42708388523365e-12
gene_6960	interaction_vs_onu	642.770740699188	0.77077970852603	0.106378348631395	7.24564461135614	4.30387286989039e-13	3.42708388523365e-12
gene_1866	interaction_vs_onu	5405.87892565661	-1.089165982286	0.15037770297179	-7.2428688612854	4.39291632928202e-13	3.49473641065558e-12
gene_5009	interaction_vs_onu	231.492088259768	-1.17927183267623	0.162905625424904	-7.23898778572169	4.5204573398274e-13	3.59286117260191e-12
gene_7074	interaction_vs_onu	2682.02811397279	0.665380478329063	0.0919261508768557	7.23820666896416	4.54656269860081e-13	3.61025757885185e-12
gene_3691	interaction_vs_onu	199.280348738546	-1.53550839215345	0.212280622928802	-7.23338932667658	4.71086377326234e-13	3.73725615376512e-12
gene_2651	interaction_vs_onu	15418.0759123886	0.508743799124172	0.0703785049440995	7.2286815346285	4.87705590472008e-13	3.8655183837411e-12
gene_2845	interaction_vs_onu	1322.42947350158	-0.582871995756633	0.0806404931120052	-7.22803114493678	4.9004635924087e-13	3.88047810832733e-12
gene_3	interaction_vs_onu	596.514151919306	-1.25697945371721	0.173957540369378	-7.22578309079428	4.98222435183306e-13	3.93873548859829e-12
gene_1282	interaction_vs_onu	4397.33372530751	0.904976380739027	0.125243150352302	7.22575548597569	4.9832366053177e-13	3.93873548859829e-12
gene_512	interaction_vs_onu	708.174162229568	0.572865610629232	0.0793362207332965	7.22073228765239	5.17083610728652e-13	4.0832432729126e-12
gene_3250	interaction_vs_onu	845.340561500956	-0.720623291888329	0.0998472790265753	-7.21725518125064	5.3047377861013e-13	4.18512031788268e-12
gene_2225	interaction_vs_onu	2930.07730693219	0.698890368281059	0.0969212605012169	7.21090877963028	5.55796801816017e-13	4.38086613586106e-12
gene_5622	interaction_vs_onu	9869.79688917167	0.875951159893839	0.12148455080886	7.21039139595645	5.57912791045147e-13	4.39349907207586e-12
gene_1169	interaction_vs_onu	2030.47015252084	0.54640262295157	0.0758476787043714	7.20394654503881	5.84943055597583e-13	4.60212551095157e-12
gene_7289	interaction_vs_onu	1309.02644108875	0.713939997753015	0.0991229420153919	7.20257069894226	5.90877867140579e-13	4.64294779617656e-12
gene_2449	interaction_vs_onu	6677.54471866398	0.53110484542557	0.0737390337346932	7.20249260841198	5.91216483391642e-13	4.64294779617656e-12
gene_3066	interaction_vs_onu	321.553978449744	-0.903091522396377	0.125423208075048	-7.20035419486323	6.00563471564256e-13	4.71202870448215e-12
gene_8054	interaction_vs_onu	380.967529083804	-0.956189359838035	0.132909788908857	-7.19427340670702	6.27942555854806e-13	4.92233358801936e-12
gene_4864	interaction_vs_onu	255.548693788867	-1.17422946450656	0.163236139370786	-7.19344055202957	6.31786680826514e-13	4.94793594499082e-12
gene_2017	interaction_vs_onu	104.184118725872	1.84526671493349	0.256527818150275	7.19324215299147	6.32705813322608e-13	4.95060490131767e-12
gene_6870	interaction_vs_onu	246.782765497852	1.19813285952946	0.166575057462833	7.19275069016136	6.34988293264901e-13	4.96392674917585e-12
gene_6508	interaction_vs_onu	446.633776670401	-0.818156722966821	0.113753195988951	-7.19238449393802	6.36694256338387e-13	4.97272156410273e-12
gene_4845	interaction_vs_onu	9614.17485787139	0.700642449819675	0.0974739684730157	7.18799553148016	6.57494133949217e-13	5.13049205706955e-12
gene_1233	interaction_vs_onu	8447.46219107487	0.697799008751224	0.0970997656029409	7.18641290654248	6.6515685867211e-13	5.18555802389186e-12
gene_6780	interaction_vs_onu	3095.51764324143	0.987361358711499	0.13744375517976	7.18374841708997	6.78256241866273e-13	5.28286936339881e-12
gene_4199	interaction_vs_onu	1629.22953261166	-0.671063239436989	0.0934302397081669	-7.18250580896593	6.84451523367606e-13	5.32627730911519e-12
gene_1117	interaction_vs_onu	1835.05534765461	-0.66743527945084	0.0929355929057503	-7.18169711498708	6.8851324013032e-13	5.35301847004137e-12
gene_7804	interaction_vs_onu	421.593118290692	-0.949727501092177	0.132268251701079	-7.18031340762349	6.95517944024408e-13	5.40257132563424e-12
gene_5879	interaction_vs_onu	302.743356593045	-1.33107208691855	0.18542577866861	-7.17846297573013	7.04994762334995e-13	5.47121955175662e-12
gene_7914	interaction_vs_onu	2460.1291638631	-0.54822934726814	0.076373135035349	-7.17830094331462	7.05830606718062e-13	5.47274455933569e-12
gene_8146	interaction_vs_onu	149.973823115395	1.13070077607735	0.15764000020568	7.1726768244232	7.35453285271773e-13	5.6972670786664e-12
gene_3535	interaction_vs_onu	3176.26008627605	-1.29360492565341	0.180379677200187	-7.17156691780611	7.41441792486992e-13	5.73846450604761e-12
gene_1776	interaction_vs_onu	1503.88508917156	0.562898992624491	0.0785398434881988	7.16705009361358	7.66309983443572e-13	5.925576746411e-12
gene_3728	interaction_vs_onu	5520.17404551941	0.386149819544425	0.0538841888404061	7.16629177973006	7.70564524634388e-13	5.95309777154365e-12
gene_6133	interaction_vs_onu	406.768737998993	0.75593808855734	0.10550458303443	7.16497868448661	7.77986582595393e-13	6.00501816683189e-12
gene_4368	interaction_vs_onu	40089.1173386546	0.639655533989463	0.0893449388505268	7.15939304698166	8.10350383144838e-13	6.24918854028812e-12
gene_7319	interaction_vs_onu	1229.94851847133	-0.578013350014903	0.0808142617086174	-7.15236813149365	8.52934556993635e-13	6.57166499357832e-12
gene_3486	interaction_vs_onu	121.091109739838	-1.53978418882062	0.215317557260869	-7.15122449097401	8.60071994861955e-13	6.62069808994454e-12
gene_8615	interaction_vs_onu	1133.56927723069	0.873450971317458	0.122161799686873	7.14995173250803	8.68084188135755e-13	6.67637075511416e-12
gene_8308	interaction_vs_onu	1698.33546101739	0.811625475457641	0.11355574515226	7.14737483664417	8.845310677299e-13	6.79675578076117e-12
gene_4389	interaction_vs_onu	1423.51472892066	-1.07014686665151	0.149753978123799	-7.14603298061865	8.93216080678404e-13	6.85733600951312e-12
gene_6538	interaction_vs_onu	603.655019173533	1.19693452368624	0.167604736986339	7.14141226082289	9.23768330455325e-13	7.08553486442436e-12
gene_5675	interaction_vs_onu	433.585382838868	-0.940209268444159	0.131727856072896	-7.13751287293299	9.50347243013369e-13	7.2828759178106e-12
gene_6496	interaction_vs_onu	566.80422351892	-1.05652511945607	0.148053213061485	-7.13611746485577	9.60039771581642e-13	7.35057284860363e-12
gene_2997	interaction_vs_onu	5932.10308331608	0.500321409656361	0.0702338707431191	7.12364852403324	1.0510687261974e-12	8.04034700290415e-12
gene_6052	interaction_vs_onu	827.346618217522	0.869289657243334	0.122065425314602	7.12150598748906	1.0675409625981e-12	8.15822543706412e-12
gene_1127	interaction_vs_onu	1161.6923339583	0.589698755958591	0.0828066098936303	7.12139715315109	1.06838442931646e-12	8.15822543706412e-12
gene_8583	interaction_vs_onu	51.6113523880477	-2.32364970469578	0.326468009563887	-7.11754180080256	1.09868904766637e-12	8.38215530126928e-12
gene_5928	interaction_vs_onu	2756.11312194554	1.75973868785718	0.247263367166661	7.11685967889889	1.10413793074265e-12	8.41622501082558e-12
gene_6031	interaction_vs_onu	36821.9677758384	0.569277150212612	0.0799975909708952	7.11617866617667	1.10960440508764e-12	8.45036806721545e-12
gene_738	interaction_vs_onu	732.078152213789	-0.741286862447746	0.104181583918302	-7.1153349235797	1.11641395511586e-12	8.49466973848159e-12
gene_158	interaction_vs_onu	2819.7321141579	0.502835086913291	0.0706963153776203	7.11260670697513	1.1387143169807e-12	8.65665590884081e-12
gene_5177	interaction_vs_onu	1181.72270608236	0.573979651720379	0.0807051475876125	7.11205751897392	1.14325592841575e-12	8.68347005078865e-12
gene_1755	interaction_vs_onu	998.158703933761	-0.68831920218108	0.0968056050898498	-7.11032384480443	1.15770980230367e-12	8.78545736499949e-12
gene_423	interaction_vs_onu	298.969689681883	1.02447480834228	0.144143857096159	7.10730813633525	1.18328059843391e-12	8.97155174720482e-12
gene_1722	interaction_vs_onu	3552.06765210077	0.811278159941271	0.114200556507467	7.1039772900601	1.21216783527211e-12	9.18184750840291e-12
gene_1085	interaction_vs_onu	5727.75957447866	0.720857407189056	0.101473987395856	7.10386401173875	1.2131623285051e-12	9.18184750840291e-12
gene_5924	interaction_vs_onu	2103.89150750326	0.657484269032148	0.0926237378599338	7.09844241037216	1.26170741868067e-12	9.5408264168786e-12
gene_2087	interaction_vs_onu	1081.70183137151	0.743316809748318	0.104777623045178	7.09423241475723	1.30071380886661e-12	9.8271052108545e-12
gene_1898	interaction_vs_onu	4665.92628546819	0.43773309859745	0.0617064367358911	7.09379963829358	1.30479000617439e-12	9.84920851221584e-12
gene_4719	interaction_vs_onu	157.466205759948	-1.46967464182616	0.20719102441609	-7.09333160530494	1.3092123821427e-12	9.87388369263568e-12
gene_6238	interaction_vs_onu	16855.1056687164	-0.548771288140992	0.0773782551772609	-7.09206077190352	1.3212946193682e-12	9.95623410368996e-12
gene_7694	interaction_vs_onu	306.913322341449	-1.05966895964401	0.149425406526815	-7.09162507417271	1.32546207453023e-12	9.97885255758904e-12
gene_5794	interaction_vs_onu	8619.21630860655	0.399755016236004	0.0563864167104134	7.08956233713247	1.3453679056768e-12	1.0119814826532e-11
gene_1513	interaction_vs_onu	857.39934577888	0.638657756850455	0.0901103550198767	7.08750683214575	1.36549564053478e-12	1.02621972633694e-11
gene_2275	interaction_vs_onu	1834.28939213944	0.651940335157953	0.092052155994048	7.08229294705609	1.41788521127745e-12	1.06465766741535e-11
gene_3049	interaction_vs_onu	10329.6243903309	1.12676587484712	0.159278578301672	7.07418340156851	1.50331358612979e-12	1.12781457469509e-11
gene_8191	interaction_vs_onu	10862.4047510307	0.844221989382197	0.11935386529528	7.07326894938512	1.51325789454952e-12	1.13428087367284e-11
gene_5845	interaction_vs_onu	519.547407572821	0.873860277117445	0.123560816770653	7.07230900504207	1.52376634475854e-12	1.14040602994588e-11
gene_3233	interaction_vs_onu	618.901945318234	0.82159951998753	0.116171816707558	7.07227917469658	1.52409404002112e-12	1.14040602994588e-11
gene_4281	interaction_vs_onu	4619.30513513948	0.673933293750481	0.0953924010844536	7.06485302905656	1.60786076664888e-12	1.20098500545501e-11
gene_7075	interaction_vs_onu	4106.21036223722	0.553450856330933	0.0783379098372068	7.06491732395023	1.60711649305055e-12	1.20098500545501e-11
gene_6686	interaction_vs_onu	163.859338042985	-1.21834860493457	0.172503266057815	-7.06275673949409	1.632313399711e-12	1.21818680920019e-11
gene_6663	interaction_vs_onu	1752.8750309975	0.933501494588584	0.132182392007352	7.06222273944522	1.63860043948322e-12	1.22181356811641e-11
gene_4970	interaction_vs_onu	87.3714308579922	-1.80426129020427	0.255515882254104	-7.06124908670054	1.65012492649178e-12	1.22933588953608e-11
gene_489	interaction_vs_onu	1748.87861614108	0.681768114885515	0.0966130012992801	7.05669118769624	1.70513982899598e-12	1.26921712488744e-11
gene_2385	interaction_vs_onu	3267.5238801245	0.611870887129858	0.0867573520000949	7.0526690018062	1.75518032141176e-12	1.30532958742699e-11
gene_1052	interaction_vs_onu	375.004353817646	-1.19741508889692	0.169907289938538	-7.04746152640111	1.82211183090063e-12	1.35393031879422e-11
gene_3205	interaction_vs_onu	817.305558745278	-0.846458025157985	0.120118587746183	-7.04685295623521	1.83009531450976e-12	1.35868307824836e-11
gene_2821	interaction_vs_onu	4414.54664785109	-0.879336631169068	0.124850797514624	-7.04309983335164	1.8800941825756e-12	1.39459325847895e-11
gene_3274	interaction_vs_onu	132.522462759592	1.12100955056869	0.15925297681843	7.0391748585447	1.93381568371482e-12	1.43320019503021e-11
gene_3559	interaction_vs_onu	1024.29743246131	-0.751984115353031	0.106884057608073	-7.03551242515921	1.98530024089324e-12	1.47008391540191e-11
gene_2004	interaction_vs_onu	120.96014894022	1.5599118467714	0.2218090271609	7.0326797188459	2.02604082490263e-12	1.49895500960817e-11
gene_2609	interaction_vs_onu	7882.35619760346	-0.590567740658819	0.0841652873173146	-7.01676141652434	2.27069854169502e-12	1.67851291165021e-11
gene_11	interaction_vs_onu	358.002816578833	-1.39861163944175	0.199467729164443	-7.01171886450222	2.35407873259132e-12	1.7386465876602e-11
gene_8078	interaction_vs_onu	42861.6345405785	0.696427299365692	0.0994020590412403	7.00616572818431	2.44937764628305e-12	1.8074717803606e-11
gene_995	interaction_vs_onu	683.872448080422	-0.859851386849344	0.122876850435113	-6.99766785854755	2.60258164793616e-12	1.91887156815965e-11
gene_4106	interaction_vs_onu	1997.4286582671	0.954062629352402	0.1364762330988	6.99068700600579	2.73543410050052e-12	2.01508742687474e-11
gene_4483	interaction_vs_onu	1087.65872755697	-0.646396237980505	0.0925630628877094	-6.98330649197148	2.88312473744612e-12	2.12205913607385e-11
gene_4574	interaction_vs_onu	2046.36178522541	-0.801372433517282	0.114791903148664	-6.98108848739483	2.92901746260329e-12	2.15398535050551e-11
gene_6465	interaction_vs_onu	62333.1770139278	0.966119023193447	0.138420776321726	6.97958102003371	2.96061656274305e-12	2.17535431562923e-11
gene_5571	interaction_vs_onu	3622.58768352354	0.392817351255209	0.0562967144995879	6.97762480007753	3.00212107284057e-12	2.20395852345757e-11
gene_8325	interaction_vs_onu	2145.46144906552	0.649149065681224	0.0930374132335872	6.97729056644576	3.00926924791763e-12	2.20731317585047e-11
gene_2595	interaction_vs_onu	7535.27524898009	0.329604249933556	0.0472417521339297	6.97696920722018	3.01615781808662e-12	2.21047182558403e-11
gene_2953	interaction_vs_onu	16726.0212418224	0.539906605308327	0.0773874164224874	6.97667179326379	3.02254688014339e-12	2.21325930658917e-11
gene_8212	interaction_vs_onu	409.290656908949	0.921693398444197	0.132149155469328	6.97464463674249	3.06644924729911e-12	2.24348765443422e-11
gene_7576	interaction_vs_onu	3057.65546515214	0.566706896266113	0.0812543610175541	6.97447975923018	3.07004739238971e-12	2.24420202210554e-11
gene_7522	interaction_vs_onu	15695.7908955484	-0.927456619298759	0.133127669989815	-6.9666705604456	3.24529397459309e-12	2.37028297120451e-11
gene_4473	interaction_vs_onu	1362.97011933115	-0.64893260281831	0.0931541655820586	-6.96622205527322	3.25565144478036e-12	2.37582066217561e-11
gene_7371	interaction_vs_onu	2804.63589357913	0.720767810796516	0.103488235956682	6.96473182805256	3.29029903764487e-12	2.39856485681931e-11
gene_6101	interaction_vs_onu	893.961086489056	0.541731076298325	0.0777830582678835	6.96464099460595	3.29242255462931e-12	2.39856485681931e-11
gene_3549	interaction_vs_onu	592.139063679053	-0.680723393833162	0.0977470551406845	-6.96413199204228	3.30434697508045e-12	2.40520494104495e-11
gene_259	interaction_vs_onu	898.553480371143	-0.826368960700983	0.118734757111758	-6.95978987789711	3.40780628384461e-12	2.47840457006881e-11
gene_2552	interaction_vs_onu	237.122141681395	1.18645918146836	0.170545278378613	6.95685739733234	3.47946834717261e-12	2.52837428283511e-11
gene_8411	interaction_vs_onu	28844.6860503128	0.797650965907425	0.11468238593158	6.9553049444167	3.51800223665201e-12	2.55420688259044e-11
gene_5158	interaction_vs_onu	3732.81941790523	0.534856829800504	0.0769114913965092	6.95418617021877	3.54603076805235e-12	2.57237486224815e-11
gene_2641	interaction_vs_onu	701.0590814028	0.605271149998918	0.0870507392736015	6.95308454643382	3.57384353252228e-12	2.59035568487644e-11
gene_154	interaction_vs_onu	4147.16093347077	0.443553002912702	0.0638290355228822	6.94907888360136	3.67678926303004e-12	2.66271709742277e-11
gene_4356	interaction_vs_onu	1441.40264284215	0.618435741388231	0.0890485764218498	6.94492563764878	3.78659729879542e-12	2.73992162955949e-11
gene_7973	interaction_vs_onu	1147.61414459394	-1.24051274689339	0.178695805188963	-6.94203619151329	3.86488162575655e-12	2.79420495916183e-11
gene_2351	interaction_vs_onu	1550.01103223047	0.522976185148901	0.0753491990174031	6.9406999937466	3.90161794415061e-12	2.81838393265226e-11
gene_5943	interaction_vs_onu	533.252184500904	0.924321737890152	0.133180912987187	6.94034690976384	3.91138238964094e-12	2.82305508055029e-11
gene_7887	interaction_vs_onu	24811.6359232881	0.945151827897974	0.13621791463691	6.93852809608253	3.96206203205626e-12	2.85722417812987e-11
gene_2447	interaction_vs_onu	2032.2809199269	-0.906014263161752	0.13062082603324	-6.93621599767862	4.02741679455165e-12	2.9019097442224e-11
gene_4074	interaction_vs_onu	1621.4909434505	-0.723961715631149	0.104382816159091	-6.93564077182734	4.04383985715139e-12	2.91129261372716e-11
gene_518	interaction_vs_onu	631.254998612413	-0.982838367301056	0.141757060519104	-6.93325865887718	4.11255244123283e-12	2.95827301655067e-11
gene_6451	interaction_vs_onu	273.658268991024	-1.708486704214	0.246438445995368	-6.93271172569441	4.12848970301037e-12	2.96724364884708e-11
gene_4338	interaction_vs_onu	1977.65239308303	-0.819477042062105	0.118230727186086	-6.93116807758705	4.17379788122543e-12	2.99729109591357e-11
gene_6040	interaction_vs_onu	2050.91554590035	-0.575126968710049	0.083174610000956	-6.91469390362562	4.68874671936741e-12	3.36426420098785e-11
gene_3186	interaction_vs_onu	747.863888287813	0.658250194159109	0.0953089717703896	6.90648720610385	4.96801716521696e-12	3.56166054725772e-11
gene_8419	interaction_vs_onu	3287.31164857865	0.516098657999303	0.0748096841549829	6.89882150725438	5.24357046373891e-12	3.75606386356528e-11
gene_2348	interaction_vs_onu	189.323378779465	-1.58634331637797	0.229955414920895	-6.89848211195061	5.25611069314141e-12	3.76189862318482e-11
gene_5047	interaction_vs_onu	16233.6609175201	0.56138387309545	0.0814401236201404	6.89320998226749	5.45472637684202e-12	3.90079012412429e-11
gene_1543	interaction_vs_onu	3335.2434324309	0.54245447725746	0.0786957478553334	6.89305956218442	5.46049972953507e-12	3.90165923913358e-11
gene_1397	interaction_vs_onu	3236.74418854786	0.520878487814347	0.0755735858621814	6.8923352236354	5.48838491938609e-12	3.91831317013719e-11
gene_2253	interaction_vs_onu	1139.87845838723	-0.830161839033812	0.120468165715198	-6.89113040034508	5.53507701580232e-12	3.94835493793899e-11
gene_2070	interaction_vs_onu	2657.23568010826	0.988792296634498	0.143550172700853	6.88813031730069	5.65304153782691e-12	4.02914534253109e-11
gene_2603	interaction_vs_onu	454.29852602467	0.711401525017028	0.103320285946624	6.8854002725519	5.76252725106795e-12	4.10376316714988e-11
gene_8389	interaction_vs_onu	89.3029571217067	-1.69032289840948	0.24554269855351	-6.88402835175776	5.818328687943e-12	4.14005765326618e-11
gene_1881	interaction_vs_onu	7017.37669378216	-0.706566532124183	0.102747428250831	-6.87673204237564	6.12411464739841e-12	4.35402170944605e-11
gene_5766	interaction_vs_onu	149.128934814904	-1.668585894548	0.242697884272029	-6.87515632677604	6.19219167713527e-12	4.39876852749194e-11
gene_4311	interaction_vs_onu	115.011222450997	-1.56604676319578	0.227827641818198	-6.87382246815097	6.25039875256414e-12	4.43643559883491e-11
gene_5876	interaction_vs_onu	323.577628680699	1.01472690180965	0.147701343344701	6.87012642425001	6.41450313617566e-12	4.54914224073435e-11
gene_5039	interaction_vs_onu	2736.17346960673	0.446154142549559	0.0649423115030038	6.8700071220736	6.41986990141093e-12	4.54917933411238e-11
gene_7570	interaction_vs_onu	1357.6961992256	0.699696864099268	0.101879146122062	6.86791056592642	6.51490406939122e-12	4.61270296393622e-11
gene_8091	interaction_vs_onu	816.238124203145	1.39682720825879	0.203457101378838	6.86546303271023	6.62759265666755e-12	4.68861100339456e-11
gene_7079	interaction_vs_onu	1858.85604034599	0.71042849837419	0.103562567136814	6.85989656316319	6.89104257610441e-12	4.8709599051572e-11
gene_5581	interaction_vs_onu	532.730236086828	-0.903087431475843	0.131703577369146	-6.85696963981943	7.03365715098205e-12	4.96766544656818e-11
gene_6399	interaction_vs_onu	337.598569333001	1.42419990725873	0.20779632080807	6.853826389805	7.19003341137074e-12	5.07392300093434e-11
gene_92	interaction_vs_onu	847.675056558364	0.872303194491848	0.127274847168622	6.85369665646632	7.19656031145492e-12	5.07434565618238e-11
gene_7363	interaction_vs_onu	316.547981060602	-0.874623318502238	0.127793792067908	-6.84402038901447	7.70009547669854e-12	5.42492323296621e-11
gene_7049	interaction_vs_onu	2418.8909996773	1.22692615037764	0.179273025113673	6.84389717638597	7.70672478290102e-12	5.42512863006848e-11
gene_6483	interaction_vs_onu	2395.24876347713	0.699294424854674	0.102266907532749	6.83793459414753	8.03430605368582e-12	5.65108133274861e-11
gene_7462	interaction_vs_onu	173.376168925303	-1.2027195721217	0.176205755337651	-6.82565430293133	8.75254670370514e-12	6.15121508897504e-11
gene_7201	interaction_vs_onu	5236.84812291795	0.935793485894071	0.137106098784731	6.82532355736672	8.77273644294855e-12	6.16034650956847e-11
gene_5577	interaction_vs_onu	39.6581210464196	-3.3380047305164	0.4891799042207	-6.82367509727139	8.87404602176699e-12	6.22637983166602e-11
gene_2451	interaction_vs_onu	449.834352255003	-1.66303413311708	0.243755019671781	-6.82256363522841	8.94299932215926e-12	6.26962114641141e-11
gene_7790	interaction_vs_onu	2839.06807373311	0.610260541729872	0.0894800867847212	6.82007096392395	9.09955498947291e-12	6.37415635923798e-11
gene_4999	interaction_vs_onu	2822.18628632989	0.639541869718096	0.0939085823204041	6.81026008396188	9.74224559312354e-12	6.81877532928352e-11
gene_1658	interaction_vs_onu	827.192393507215	-0.881889139874914	0.129534269762566	-6.80815309717962	9.88596312942042e-12	6.91371277678422e-11
gene_7117	interaction_vs_onu	5369.79478508306	0.429842136893613	0.0631467225322171	6.8070379531465	9.96286554360712e-12	6.96180645332873e-11
gene_6794	interaction_vs_onu	3466.52066376783	-0.748883661674639	0.11006061147276	-6.80428403634656	1.01553003609235e-11	7.0904870382957e-11
gene_7965	interaction_vs_onu	326.257161775038	0.777759001209354	0.114329458623807	6.80278740554974	1.02614024020492e-11	7.15872897812073e-11
gene_2296	interaction_vs_onu	6653.82539958702	0.540950263683852	0.0795424310600077	6.80077609490906	1.04057041347903e-11	7.25348757278541e-11
gene_3067	interaction_vs_onu	462.736639418026	-0.951665266127676	0.139947082639604	-6.80017938336329	1.04488963484244e-11	7.27766905960237e-11
gene_8357	interaction_vs_onu	5879.34690784153	0.948457310810348	0.139615557940111	6.79334971548943	1.09559361351644e-11	7.62461896886236e-11
gene_1130	interaction_vs_onu	7746.36192774253	-1.01301816740015	0.149150495038421	-6.7919195785384	1.10651230355033e-11	7.69435038049622e-11
gene_2762	interaction_vs_onu	850.348370024349	1.04674128409498	0.154162381985475	6.78986190154741	1.12240932529802e-11	7.79855829914858e-11
gene_375	interaction_vs_onu	4669.41436540454	0.805643191378834	0.118708301644093	6.78674684264533	1.14690196946414e-11	7.96227158038368e-11
gene_7484	interaction_vs_onu	878.391709165558	1.0333129545525	0.152352666534671	6.78237524853132	1.18215931757793e-11	8.2003920246897e-11
gene_2897	interaction_vs_onu	4126.60123363468	0.590570280915629	0.0870999939966173	6.78037108634662	1.19867593997421e-11	8.3082316163395e-11
gene_4610	interaction_vs_onu	567.50907892034	0.614712712762997	0.0907112440846612	6.77658783060325	1.23047270443557e-11	8.52172034787091e-11
gene_438	interaction_vs_onu	3036.31218367071	-0.711607398070839	0.105056113743607	-6.77359339416974	1.25622415833818e-11	8.69303055406212e-11
gene_4786	interaction_vs_onu	10621.8752722235	0.409502737153353	0.0605136689327432	6.76711137129178	1.3137894670451e-11	9.08403702577228e-11
gene_6763	interaction_vs_onu	116.840216641054	-2.15988145885225	0.319209416952898	-6.76634630478635	1.32075200227455e-11	9.11764898809841e-11
gene_725	interaction_vs_onu	2969.16036814356	0.723990005824475	0.106998712809397	6.76634313455862	1.32078092818248e-11	9.11764898809841e-11
gene_53	interaction_vs_onu	3902.40127816967	0.606724178837438	0.0896994443306317	6.76396808659211	1.34262670469499e-11	9.2609867785569e-11
gene_8574	interaction_vs_onu	380.033620804775	-1.24042615452864	0.183442955343738	-6.76191763376421	1.36177119770211e-11	9.3854762096055e-11
gene_3338	interaction_vs_onu	150.215632894171	-1.32383087448618	0.195831053010861	-6.76006615974618	1.37928741983845e-11	9.49855214305478e-11
gene_1728	interaction_vs_onu	2589.12408857161	0.83218455639314	0.123148106562634	6.75759116093177	1.40304765903538e-11	9.65441154448782e-11
gene_6620	interaction_vs_onu	2807.660681251	-0.711042003637552	0.105227123848652	-6.75721218666249	1.40672106497176e-11	9.67191350695441e-11
gene_7968	interaction_vs_onu	289.758797289071	-1.48372110985483	0.219586202365893	-6.75689589723186	1.40979407525258e-11	9.68526266786684e-11
gene_3419	interaction_vs_onu	78.4873982011206	1.40747495833915	0.208305593263916	6.75677948098075	1.4109268087977e-11	9.68527143809807e-11
gene_1822	interaction_vs_onu	161.684279762565	1.16908381945061	0.173223526169671	6.74898984740388	1.48878005604121e-11	1.02115042305391e-10
gene_427	interaction_vs_onu	134.876143013136	-1.31952349020942	0.195619668837656	-6.74535182504829	1.52656657139591e-11	1.04622977190945e-10
gene_7100	interaction_vs_onu	1315.77236774313	0.844539653864795	0.125206926201921	6.74515124269407	1.52867702994333e-11	1.04683803010519e-10
gene_6048	interaction_vs_onu	91.9517150983793	-1.55207972258755	0.230182767602451	-6.74281458492215	1.55347405341383e-11	1.06296865685231e-10
gene_3035	interaction_vs_onu	7803.00569814891	0.538528562454993	0.0799392210325022	6.7367251706898	1.61996170206861e-11	1.10757764933765e-10
gene_4235	interaction_vs_onu	2774.58311123256	-0.86043283499651	0.12780691088104	-6.73228723756089	1.67016511032536e-11	1.14099068989506e-10
gene_4167	interaction_vs_onu	2278.42641347383	0.563237830791448	0.08370885550828	6.72853340750472	1.71381652937719e-11	1.16987794987789e-10
gene_1536	interaction_vs_onu	1734.3029830637	0.60075213160692	0.0892962446026984	6.72763042029167	1.72448247664261e-11	1.17622071713631e-10
gene_714	interaction_vs_onu	2681.01833967392	0.593498593782819	0.0882239313067637	6.72718371299011	1.72978291970072e-11	1.17889663954126e-10
gene_7222	interaction_vs_onu	10994.7059240291	-1.095369355727	0.162850953792589	-6.72620780055174	1.74141824916216e-11	1.18588227627908e-10
gene_8600	interaction_vs_onu	1442.09101860928	-0.971732435191279	0.144486869613682	-6.72540306111843	1.75107039037359e-11	1.19150735624785e-10
gene_2167	interaction_vs_onu	161.241515057373	-1.04736392544204	0.155751888087164	-6.72456647752417	1.76116000919679e-11	1.19742094350473e-10
gene_6767	interaction_vs_onu	5921.84152211802	-1.13965210907116	0.169496343007551	-6.72375632918752	1.77098505356748e-11	1.20314540147124e-10
gene_2240	interaction_vs_onu	1421.55395290969	-0.768540956575522	0.114351916191965	-6.72084021124188	1.80679646406892e-11	1.22650100970895e-10
gene_6839	interaction_vs_onu	2450.87460576485	0.553249771186762	0.0823940849151444	6.71467826551554	1.88481625176722e-11	1.27844905825098e-10
gene_5351	interaction_vs_onu	6689.24783769766	0.577772742943732	0.086066926172413	6.7130635267061	1.90580090704602e-11	1.29165920540886e-10
gene_1821	interaction_vs_onu	849.862529299477	0.608111177553922	0.0906069991825784	6.71152541238611	1.92600242380465e-11	1.30431809713353e-10
gene_6819	interaction_vs_onu	35413.1993722676	0.831177050208807	0.123875984748146	6.70975130408599	1.94956394180508e-11	1.31923061990921e-10
gene_2176	interaction_vs_onu	585.755671925837	0.707987637117843	0.10553591720872	6.70849939852844	1.96635980959398e-11	1.32954502133685e-10
gene_4651	interaction_vs_onu	1191.69144782659	0.821938754700852	0.122561463788052	6.70633924642289	1.99567467906356e-11	1.34830112492377e-10
gene_6415	interaction_vs_onu	1294.07127317376	0.703805578782428	0.104953907384569	6.70585399172957	2.00231857005472e-11	1.35172294634609e-10
gene_5575	interaction_vs_onu	142.612534513464	-1.37136560904412	0.204588320011762	-6.7030493674579	2.04114466198703e-11	1.37684777829858e-10
gene_5617	interaction_vs_onu	6223.36079900128	1.09326200114264	0.163154437261947	6.70078006758337	2.07309858666725e-11	1.39730109463557e-10
gene_1533	interaction_vs_onu	221.724702907748	-1.20749501434477	0.180217256674811	-6.7002185951793	2.08107993171144e-11	1.40157704291502e-10
gene_8404	interaction_vs_onu	169.977455914761	-1.08745647648896	0.162350870817733	-6.69818690230382	2.11021267839504e-11	1.4200802301149e-10
gene_681	interaction_vs_onu	7446.2217286033	0.704209289514314	0.105337044363596	6.68529569790821	2.30458825049971e-11	1.5496681401632e-10
gene_3827	interaction_vs_onu	2447.2787965107	0.466438160663655	0.0697870653238208	6.68373370479648	2.32929912367371e-11	1.56505498419521e-10
gene_5293	interaction_vs_onu	1491.99453219041	-0.816762804845782	0.122237691796664	-6.68175906171744	2.36090963855135e-11	1.58504992203918e-10
gene_81	interaction_vs_onu	1406.57478501933	0.682795332291987	0.10230642949092	6.67402171779033	2.48886760830396e-11	1.66964786262397e-10
gene_5436	interaction_vs_onu	366.402476455978	-1.41923438942738	0.212669953222324	-6.6734128066682	2.49922097065946e-11	1.675280462713e-10
gene_515	interaction_vs_onu	1933.97599567662	0.556437591532924	0.0833989136158754	6.67200047827726	2.52339746862848e-11	1.69016293673394e-10
gene_1024	interaction_vs_onu	4824.0458683677	-0.571478143008554	0.0856571930030597	-6.67168889118443	2.52876201977669e-11	1.69243181307963e-10
gene_6952	interaction_vs_onu	5451.45113321424	0.481028592643552	0.0721401832558922	6.66797020652513	2.59365416847171e-11	1.73450622516546e-10
gene_8364	interaction_vs_onu	159.784189014251	-1.34442577639724	0.201654504704054	-6.66697616485338	2.61127480893598e-11	1.74492680440999e-10
gene_8545	interaction_vs_onu	39.5126419255352	-2.92957761341795	0.439674385854437	-6.66306181954353	2.68180785920515e-11	1.79066109787801e-10
gene_2095	interaction_vs_onu	4632.65345773942	0.461336848824802	0.0692411070828107	6.66275956958709	2.68733104284273e-11	1.79295040738377e-10
gene_4054	interaction_vs_onu	7986.7967993099	0.555197513221398	0.08336677477383	6.65969764006851	2.74391489399279e-11	1.82927659599519e-10
gene_5455	interaction_vs_onu	6330.2811498686	0.493612612165725	0.0742167184486106	6.65096251200482	2.91182448761677e-11	1.9397056508949e-10
gene_5279	interaction_vs_onu	8664.51628475929	0.384291464649201	0.0577846504319666	6.6504073621013	2.92282919421878e-11	1.94552238744267e-10
gene_8168	interaction_vs_onu	2587.42255602912	-0.757794473934208	0.113987961345616	-6.64802199274839	2.97057928552795e-11	1.97576990552597e-10
gene_4566	interaction_vs_onu	48.5612214845056	1.95582376290975	0.294261942640162	6.64653996830784	3.00062996955975e-11	1.99420749529748e-10
gene_2333	interaction_vs_onu	7074.2102932908	0.526334499528931	0.0791948532860678	6.64606950691233	3.01023147941409e-11	1.99903657593364e-10
gene_8335	interaction_vs_onu	23409.6957012128	0.476159408282787	0.0716659542213916	6.6441508168834	3.049701816697e-11	2.02367810472297e-10
gene_380	interaction_vs_onu	409.87699770071	-1.08298865775835	0.163022546349988	-6.64318330197904	3.06979671375997e-11	2.03543453677656e-10
gene_1008	interaction_vs_onu	833.886815627867	-0.940964964644627	0.141649454253975	-6.64291274258983	3.07543927248534e-11	2.03759753656924e-10
gene_242	interaction_vs_onu	1891.81200320204	1.18130518345895	0.177876489122847	6.64115414737639	3.11236325971746e-11	2.06046631888488e-10
gene_5176	interaction_vs_onu	4341.88816638938	-0.493274950579557	0.0742964679925343	-6.63927860782189	3.15222075982699e-11	2.0852403171653e-10
gene_6152	interaction_vs_onu	1766.06367032723	0.629905470792382	0.0949235687797938	6.63592276280355	3.22478680047518e-11	2.13159652602838e-10
gene_5208	interaction_vs_onu	2849.66867189636	-0.419577396346109	0.0633012066839276	-6.62826853271726	3.39647185262516e-11	2.24334869278328e-10
gene_5873	interaction_vs_onu	595.96108724425	0.794542677560026	0.119941467856982	6.6244201589015	3.48613879153608e-11	2.30079784545481e-10
gene_7157	interaction_vs_onu	959.774219504044	0.806812741966191	0.121823785241965	6.62278503630233	3.52493457420214e-11	2.32461016603778e-10
gene_7871	interaction_vs_onu	3859.23224900808	0.387770887252558	0.0585847404257865	6.61897423175878	3.6169988845991e-11	2.38348810255337e-10
gene_4450	interaction_vs_onu	11023.6081186886	-0.598563932828801	0.090528325915244	-6.61189662768313	3.79426931208619e-11	2.49838040857367e-10
gene_5428	interaction_vs_onu	1110.79165234272	0.621529131380427	0.0940526941159814	6.60830757930216	3.88738379802952e-11	2.55772523529075e-10
gene_1187	interaction_vs_onu	3511.81953411205	0.372244914238251	0.0563323167613573	6.60801713189263	3.89501623515516e-11	2.56077872295915e-10
gene_983	interaction_vs_onu	73562.5053166452	0.619299756494822	0.0937822575175143	6.60359190414204	4.01313310304382e-11	2.63640977452456e-10
gene_8366	interaction_vs_onu	553.118881401708	-0.782399251654451	0.118627026558817	-6.59545530517471	4.23952746051473e-11	2.78300268880415e-10
gene_6931	interaction_vs_onu	1563.44427275995	0.562798205764006	0.0853439089587838	6.59447420009558	4.26765616647941e-11	2.79932082644167e-10
gene_3831	interaction_vs_onu	5533.22985392928	0.575668927925257	0.0872983376387261	6.5942713629622	4.27349433204301e-11	2.80100394198225e-10
gene_8143	interaction_vs_onu	787.981533761522	-0.598760553446675	0.0908383926276968	-6.59149216676157	4.35427802326461e-11	2.85176892724905e-10
gene_2720	interaction_vs_onu	1207.0240393789	-0.826473344362665	0.125640097203022	-6.57810175860631	4.76492102796239e-11	3.1183275228867e-10
gene_7574	interaction_vs_onu	26008.2718920087	0.763920729406315	0.116205717707285	6.5738652493037	4.90256031369908e-11	3.20595235181544e-10
gene_6439	interaction_vs_onu	29.7824477758853	-3.17387967891634	0.482816828731506	-6.57367243651181	4.90891625990194e-11	3.20765825837867e-10
gene_8085	interaction_vs_onu	1580.11393608027	0.611532394885345	0.0930462980264974	6.57234525022366	4.95288532271449e-11	3.23392054633379e-10
gene_6146	interaction_vs_onu	754.040477115548	0.596702930891161	0.0907987862784927	6.5717060254637	4.97419978338229e-11	3.2453620537921e-10
gene_6872	interaction_vs_onu	1065.35913715503	-0.542608882928713	0.0825922106304626	-6.56973434645641	5.0405107364581e-11	3.28612124174267e-10
gene_330	interaction_vs_onu	181.928149494997	-1.14317366448361	0.174053090754525	-6.56795957789616	5.10093828010749e-11	3.32298566801523e-10
gene_3444	interaction_vs_onu	289.433178053711	-1.01253201813813	0.154167035850517	-6.56775952493435	5.10779399132009e-11	3.3249214118403e-10
gene_909	interaction_vs_onu	118.239915319797	1.67189227288566	0.254816656915811	6.56115770892496	5.339161502927e-11	3.47288924506497e-10
gene_8107	interaction_vs_onu	3364.64249259648	0.432081536354577	0.0659091683933545	6.55571215488349	5.53769576814121e-11	3.59929201027249e-10
gene_8169	interaction_vs_onu	609.528521723126	-0.779183468777542	0.118926576586036	-6.55180272690226	5.68466072294271e-11	3.69201030260923e-10
gene_7076	interaction_vs_onu	3214.03401417065	0.938606552153036	0.143376942915916	6.54642603660122	5.89303138757358e-11	3.82443886866033e-10
gene_8414	interaction_vs_onu	1229.50814262913	0.731817738920308	0.11190318514618	6.53974002584762	6.16258631125387e-11	3.99634385032827e-10
gene_4215	interaction_vs_onu	1486.96312265236	0.722517299753216	0.110488256231661	6.53931308535012	6.18020271636042e-11	4.00473393278162e-10
gene_2227	interaction_vs_onu	444.604850426164	0.784026733841727	0.119908162956743	6.53856013226194	6.21139115022739e-11	4.02189926217447e-10
gene_3858	interaction_vs_onu	2135.08184935701	0.741269512638124	0.113406570948975	6.53638943877108	6.30216863381063e-11	4.07759361341036e-10
gene_4852	interaction_vs_onu	852.337855377177	0.673333439280843	0.103082511302279	6.5319852104336	6.49035662906148e-11	4.19618223147782e-10
gene_3565	interaction_vs_onu	2572.05021301098	1.14168861639459	0.174795759692573	6.53155785015934	6.50890714194719e-11	4.20499963283532e-10
gene_4019	interaction_vs_onu	13760.3101937927	-0.389011813440809	0.059575466425279	-6.52973172990122	6.58875981973358e-11	4.25337737985818e-10
gene_3781	interaction_vs_onu	455.235835432221	1.11950161123377	0.171528970780932	6.52660367596759	6.72777538723222e-11	4.33984606742335e-10
gene_2255	interaction_vs_onu	1422.58018194272	-0.659472407128087	0.101047454590123	-6.52636337850462	6.73857244276049e-11	4.34353765888779e-10
gene_3690	interaction_vs_onu	1860.49899293159	-1.15588481500507	0.177199348376493	-6.5230759909409	6.88799423143206e-11	4.43651095719025e-10
gene_637	interaction_vs_onu	3344.6771079627	-0.606070676033875	0.0930229214116585	-6.5152831886649	7.25526484240151e-11	4.66955391360579e-10
gene_4866	interaction_vs_onu	316.514867886975	-0.85095231230702	0.130688818854954	-6.51128627347573	7.45099874748134e-11	4.79192706825246e-10
gene_1606	interaction_vs_onu	3225.84919940419	0.406555747033542	0.06247281526927	6.50772252348814	7.62986818942641e-11	4.90327865626802e-10
gene_4573	interaction_vs_onu	1877.64685484895	0.540432972067644	0.0830944802146259	6.50383720641553	7.82966270826259e-11	5.02790043381304e-10
gene_2436	interaction_vs_onu	1822.50977407733	0.463989356321275	0.0713876971100573	6.49957030559411	8.05497510620984e-11	5.16870966335504e-10
gene_4148	interaction_vs_onu	2079.33169328318	0.707225937177936	0.108901705109214	6.49416771269724	8.34936949608196e-11	5.35360321246903e-10
gene_5712	interaction_vs_onu	292.141091307006	-1.78965920841543	0.275621041613075	-6.49318788558895	8.40387716983555e-11	5.38452010282877e-10
gene_2350	interaction_vs_onu	6752.18612164639	0.844116381868068	0.130038232007671	6.49129389746141	8.51022760677989e-11	5.44858252161824e-10
gene_5171	interaction_vs_onu	2450.36253208889	-0.755094048845808	0.116347828729492	-6.48997112444099	8.58528272691659e-11	5.49252766385695e-10
gene_3859	interaction_vs_onu	2123.75197699683	0.653280235272373	0.100744249525481	6.48454118571941	8.90022103752693e-11	5.68976042428906e-10
gene_2898	interaction_vs_onu	2742.29894383124	0.828620671134194	0.127796459058419	6.48390947010051	8.93758625826645e-11	5.70702060079323e-10
gene_7146	interaction_vs_onu	3112.95472923925	0.57935076512945	0.0893527649966852	6.48385939876558	8.94055446923331e-11	5.70702060079323e-10
gene_82	interaction_vs_onu	868.083214428524	0.796436990207465	0.122868880764502	6.48200736632382	9.05102199197687e-11	5.77323012304933e-10
gene_7818	interaction_vs_onu	7432.49894809509	0.406470523117568	0.0627095598553868	6.48179518489559	9.0637627875757e-11	5.77705208202889e-10
gene_5056	interaction_vs_onu	384.652318413235	-0.864136204399924	0.13332122329957	-6.4816102268896	9.0748832099415e-11	5.77983633014131e-10
gene_5124	interaction_vs_onu	512.590366900409	-0.681613079214258	0.105183104541194	-6.4802525290296	9.15692285215258e-11	5.82775164419525e-10
gene_1669	interaction_vs_onu	1402.8155492857	0.475588267565867	0.0734129691647652	6.47825953611105	9.27866552435403e-11	5.90084523688488e-10
gene_699	interaction_vs_onu	2210.97341072571	0.55681326919087	0.0859698428385344	6.47684409795488	9.36608765419179e-11	5.95202006829114e-10
gene_8386	interaction_vs_onu	4711.79188409523	-0.822938719298478	0.127090231549516	-6.47523188261603	9.46664461069071e-11	6.01145978245641e-10
gene_3116	interaction_vs_onu	1936.34509874144	-0.435975000768853	0.0673742433528885	-6.47094466776171	9.73920968447749e-11	6.17995810964621e-10
gene_4308	interaction_vs_onu	1692.82410298444	-0.427714712499982	0.0661431536974626	-6.4665001378123	1.00298735915382e-10	6.35968281063462e-10
gene_8370	interaction_vs_onu	749.146972264143	1.1885906226461	0.183826017252575	6.46584547938605	1.0073397409941e-10	6.38255231895598e-10
gene_8194	interaction_vs_onu	469.396955050879	0.991050803965783	0.153352512133319	6.46256647627787	1.02941898170979e-10	6.51762313863592e-10
gene_3584	interaction_vs_onu	1259.73260032812	-0.751058807324226	0.116288391613897	-6.45858797168598	1.05684421273121e-10	6.68631667478137e-10
gene_4441	interaction_vs_onu	3319.14202354934	0.596711426357741	0.0924937267639491	6.45137186309503	1.10842146735986e-10	7.00745034017755e-10
gene_1696	interaction_vs_onu	1901.13981842363	0.579864728815799	0.0899500118785433	6.44652198155095	1.14446024205294e-10	7.22994809739714e-10
gene_4439	interaction_vs_onu	350.733101276096	-0.762454053649419	0.118327962378422	-6.44356615565668	1.16698366784611e-10	7.36679955513475e-10
gene_6014	interaction_vs_onu	7552.35816399164	-0.705716767160838	0.109555813051572	-6.44161863714733	1.18205996202956e-10	7.4564725681452e-10
gene_1553	interaction_vs_onu	735.718780812567	1.10373254019768	0.171571241148638	6.43308594615506	1.25038899620894e-10	7.88168616167048e-10
gene_4374	interaction_vs_onu	3474.84088621899	0.495037308231753	0.0770061032641845	6.42854640408736	1.28829926537498e-10	8.11467381281076e-10
gene_1551	interaction_vs_onu	1444.03903620986	0.712038530406913	0.110802732303702	6.4261820588979	1.30848678539274e-10	8.23576976688373e-10
gene_2533	interaction_vs_onu	3235.81259000201	0.568524627693229	0.0884812591176108	6.42536773733674	1.31551104079597e-10	8.27389750860652e-10
gene_1630	interaction_vs_onu	1769.36408159107	-0.842071564537257	0.131061512805585	-6.42501026053602	1.31860622723692e-10	8.28727555444058e-10
gene_6454	interaction_vs_onu	1240.95624354329	-0.831894404506324	0.12963395115472	-6.41725718529901	1.38751412257241e-10	8.71395516450466e-10
gene_7045	interaction_vs_onu	4685.74776670605	-0.480612213671371	0.0749469871126226	-6.41269558907227	1.42968820942992e-10	8.97223685683293e-10
gene_968	interaction_vs_onu	5338.53688036935	0.682855159566745	0.10652968073372	6.40999911821384	1.4552047811244e-10	9.12567979957868e-10
gene_3050	interaction_vs_onu	2287.5043481405	0.452918937618401	0.070689505069172	6.40715955183454	1.48255651300722e-10	9.29039806101155e-10
gene_2638	interaction_vs_onu	608.980861733876	0.981914067334523	0.153283657932736	6.4058627030248	1.49521473925081e-10	9.36286625309946e-10
gene_682	interaction_vs_onu	4359.40811661368	-0.74886328681935	0.116909484593464	-6.40549643532702	1.49880887526106e-10	9.37851167561014e-10
gene_1621	interaction_vs_onu	604.93024099207	-0.647145106905812	0.101043287477779	-6.40463234183794	1.50732159598457e-10	9.42488886897581e-10
gene_6626	interaction_vs_onu	1355.35750751744	-1.18135144191446	0.184523495329296	-6.40217355413872	1.53180396974696e-10	9.56412089962033e-10
gene_5499	interaction_vs_onu	132.927902534006	-1.12756456572695	0.176122202897905	-6.40217160116135	1.53182356932003e-10	9.56412089962033e-10
gene_241	interaction_vs_onu	1855.82535072928	0.487075378683365	0.0762181664972443	6.39054179689531	1.65299012880914e-10	1.03131162555439e-09
gene_2152	interaction_vs_onu	10100.8436249281	0.548330701283027	0.0858641993776789	6.38602240814197	1.70256063875537e-10	1.06146533632527e-09
gene_4502	interaction_vs_onu	5745.67120592443	0.934887402197187	0.146471762037026	6.38271424604599	1.73976369879068e-10	1.08387025193946e-09
gene_5044	interaction_vs_onu	1783.97816411164	0.607358248106659	0.0951947697191099	6.38016405626889	1.76898375412654e-10	1.10127279529623e-09
gene_6715	interaction_vs_onu	352.679643741498	-0.97702966034966	0.153514262909816	-6.36442270464228	1.96025606112082e-10	1.21946161941818e-09
gene_3684	interaction_vs_onu	1391.59572770045	0.440288805493533	0.0692775917435377	6.3554288538704	2.07845931911329e-10	1.29205604732097e-09
gene_1437	interaction_vs_onu	2646.48350164447	0.464523828322093	0.0730951139689659	6.35505990891972	2.08345406429362e-10	1.2938793769992e-09
gene_3137	interaction_vs_onu	2470.84932844116	-0.396249255014048	0.0623524691535662	-6.35498899070279	2.08441549168446e-10	1.2938793769992e-09
gene_6364	interaction_vs_onu	412.201430994618	-0.726910016394626	0.11440242766026	-6.35397369847187	2.09822726231149e-10	1.30150908444829e-09
gene_3301	interaction_vs_onu	1338.73206521651	0.688039469707192	0.108292321984252	6.35353880219918	2.10417079041165e-10	1.30425068543981e-09
gene_4927	interaction_vs_onu	3866.93358380661	-0.8547813328543	0.134583662251249	-6.35130088270702	2.13501643309006e-10	1.32241249401237e-09
gene_5785	interaction_vs_onu	3468.71374777629	0.429054640104245	0.0675876169964942	6.34812498458853	2.17954982981783e-10	1.34901999589592e-09
gene_3686	interaction_vs_onu	283.735343426375	-0.776184123041939	0.12230856783045	-6.34611406878643	2.20821530074357e-10	1.36577478138475e-09
gene_2728	interaction_vs_onu	733.498847222864	0.893702969583899	0.140877979489803	6.34380882534297	2.24152959873342e-10	1.38537858232188e-09
gene_2484	interaction_vs_onu	19904.0265754923	-0.49834049750107	0.0786349342339904	-6.33739320005254	2.33685084012562e-10	1.44324986951481e-09
gene_4511	interaction_vs_onu	1684.70183662909	-0.560574804214898	0.0884808022684468	-6.33555290913999	2.36491640512136e-10	1.4595302399307e-09
gene_165	interaction_vs_onu	7365.49814529795	0.693675920303518	0.109495393870092	6.33520640262284	2.37023754971296e-10	1.46176033325237e-09
gene_1053	interaction_vs_onu	182.475874444661	-1.77430617172883	0.280076821057996	-6.33506966062507	2.37234065153132e-10	1.46200403002938e-09
gene_2031	interaction_vs_onu	562.013004390446	0.600089105311339	0.0948007865173834	6.33000133602585	2.45159076291846e-10	1.50975661371094e-09
gene_1272	interaction_vs_onu	811.366140697297	-0.533455294246724	0.0843140927298848	-6.32700035041286	2.49972787986633e-10	1.53829407991774e-09
gene_6455	interaction_vs_onu	2376.36749790004	-1.06010032142261	0.167572634936589	-6.32621383451876	2.51249584849844e-10	1.54504055051341e-09
gene_1743	interaction_vs_onu	293.832094688404	-0.933468837631604	0.147599449005735	-6.32433822700338	2.54320127744791e-10	1.56279992354301e-09
gene_1784	interaction_vs_onu	249.143829773064	-0.904140761486581	0.143217663680292	-6.3130534198974	2.73583006870849e-10	1.67996451851827e-09
gene_4823	interaction_vs_onu	959.667394772815	-0.740702066807377	0.117337906263166	-6.31255568124871	2.74464660595004e-10	1.68417024709192e-09
gene_3828	interaction_vs_onu	4231.51700069089	0.453081703215501	0.0718442800774802	6.30644085690436	2.85525012210198e-10	1.75078374249233e-09
gene_6472	interaction_vs_onu	2019.34966371759	-0.99441671720672	0.157753085270673	-6.30362769451067	2.90758447531584e-10	1.78159793190433e-09
gene_49	interaction_vs_onu	2395.52654156394	0.620198495042661	0.0984195908727078	6.30157562679571	2.94634957895982e-10	1.80405954190959e-09
gene_1929	interaction_vs_onu	21683.308012345	-0.618930704315427	0.0982229065270253	-6.30128679958307	2.95184610022417e-10	1.80613313923652e-09
gene_6891	interaction_vs_onu	6503.57125431528	0.42305693895897	0.0671754729344183	6.2977887684094	3.01921553617038e-10	1.8460346421156e-09
gene_7743	interaction_vs_onu	833.301540332762	0.578326910689806	0.0918970792040661	6.29320230521774	3.10982608072278e-10	1.90007931841449e-09
gene_8121	interaction_vs_onu	2510.11251901933	0.45437007099237	0.0723705238151559	6.27838582670609	3.4210610842337e-10	2.08875056212842e-09
gene_944	interaction_vs_onu	21731.1228421606	-0.5640214654596	0.0898396142333495	-6.27809313600357	3.42750589562412e-10	2.09119390353118e-09
gene_8197	interaction_vs_onu	123.234923501486	-1.21690038218284	0.193844581222638	-6.27771163118138	3.43592411940002e-10	2.09483692749745e-09
gene_1123	interaction_vs_onu	955.516596342044	-1.10273237904845	0.175771855845004	-6.27365725728489	3.52664381803544e-10	2.1486171588885e-09
gene_3458	interaction_vs_onu	261.240767439634	-0.815520695773831	0.130038376048949	-6.27138480618103	3.57850999136627e-10	2.17866611138658e-09
gene_3838	interaction_vs_onu	9104.08719523637	0.546602378668076	0.0871733077711434	6.27029526174542	3.60364103215785e-10	2.19240705296881e-09
gene_1931	interaction_vs_onu	3661.45268336309	0.847255950469773	0.135211989432847	6.26613034852627	3.70130540236172e-10	2.25022544348127e-09
gene_2014	interaction_vs_onu	1354.59316356349	0.520600647052627	0.0831073504082602	6.26419497788349	3.74756332751166e-10	2.276731162775e-09
gene_1874	interaction_vs_onu	22684.3425707667	-0.88626889945542	0.141500147596561	-6.26337791521117	3.76726120405225e-10	2.2870748869991e-09
gene_8594	interaction_vs_onu	3588.20955097322	0.622395977767837	0.0993867358933821	6.26236461206973	3.7918305216366e-10	2.30035926755558e-09
gene_4639	interaction_vs_onu	1824.35648148025	0.476485182675001	0.0761178119255688	6.2598381459116	3.85377237210018e-10	2.33628126807206e-09
gene_5522	interaction_vs_onu	1416.89304795025	-0.84895329773853	0.135752033715993	-6.25370592616407	4.00825443441002e-10	2.42821358517691e-09
gene_3729	interaction_vs_onu	625.096550687805	0.956104408688495	0.152893851354407	6.25338691006123	4.01645435638352e-10	2.43146034587291e-09
gene_3487	interaction_vs_onu	181.940515767309	-1.24359669799941	0.199006603479919	-6.24902227490606	4.13030016470866e-10	2.49861267914531e-09
gene_7449	interaction_vs_onu	5936.90701764868	0.628453656398174	0.100575123255815	6.24859941558001	4.14149581855063e-10	2.50361611629897e-09
gene_6650	interaction_vs_onu	1673.58731128929	1.04189169411293	0.166749094875909	6.24825996739763	4.1505045023826e-10	2.50729135782604e-09
gene_3601	interaction_vs_onu	725.523993879019	-0.697982969759577	0.111737254415112	-6.24664507297202	4.1936251436072e-10	2.5315536833059e-09
gene_1684	interaction_vs_onu	656.363216055788	0.602853391459392	0.0966830345758535	6.23535860354505	4.50744328006273e-10	2.71907783490747e-09
gene_2389	interaction_vs_onu	1042.10482960936	0.733300131285294	0.117614060819002	6.23479987153732	4.52356017644238e-10	2.72687852889766e-09
gene_3138	interaction_vs_onu	2112.51056174572	-0.679248744900002	0.108947992200266	-6.23461461916088	4.52891627713283e-10	2.72818601915954e-09
gene_1638	interaction_vs_onu	10499.4783242978	0.735043110235127	0.118072495712008	6.22535422667766	4.80469206148497e-10	2.89227595262387e-09
gene_4725	interaction_vs_onu	104.845960058852	2.69398922338223	0.433150254610463	6.21952589132138	4.98659336445542e-10	2.99584326495193e-09
gene_3640	interaction_vs_onu	1921.42361541582	1.41676566477589	0.227793937634282	6.21950557371931	4.98723908008938e-10	2.99584326495193e-09
gene_2062	interaction_vs_onu	1672.80930224652	0.594640003318358	0.0956076589570492	6.2195854370359	4.98470140639663e-10	2.99584326495193e-09
gene_4548	interaction_vs_onu	1954.06227703627	0.697372630595253	0.112158971327432	6.21771600025978	5.04443495877312e-10	3.02807596403211e-09
gene_4628	interaction_vs_onu	322.942577450939	-0.817031584776759	0.131431228369712	-6.2164189965453	5.08628759745099e-10	3.05105969405609e-09
gene_7280	interaction_vs_onu	1158.93879372707	0.592925209572685	0.0953875181817498	6.21596222309647	5.1011076224855e-10	3.05780681011736e-09
gene_3064	interaction_vs_onu	5260.92854873376	0.374302892432868	0.0602317698927588	6.21437645115368	5.15288585785018e-10	3.08668320106351e-09
gene_6499	interaction_vs_onu	493.640957588958	-1.05263770092407	0.169392944741898	-6.2141767623673	5.15944229655175e-10	3.08844937471909e-09
gene_1212	interaction_vs_onu	758.833036373349	-0.582910901006442	0.0938165191411717	-6.21330770255182	5.1880713246513e-10	3.10341652963069e-09
gene_6968	interaction_vs_onu	274.327356485915	1.12736752126533	0.181554454624257	6.20952828504549	5.31438838479831e-10	3.1767573026448e-09
gene_32	interaction_vs_onu	188.075520121207	-1.27892924478792	0.206038272883618	-6.20724114451461	5.39228244787208e-10	3.2210703247582e-09
gene_1849	interaction_vs_onu	139.808498232398	-1.2866809740673	0.207296228880786	-6.2069675893972	5.40167329243441e-10	3.22442980357312e-09
gene_3261	interaction_vs_onu	3941.77937724964	-0.394153217095943	0.0635069842397006	-6.20645464140215	5.41932526858882e-10	3.23271249471221e-09
gene_4761	interaction_vs_onu	71.603177898409	-1.87638427273826	0.302464491130564	-6.20365142937817	5.5167905456032e-10	3.28856038094453e-09
gene_5748	interaction_vs_onu	1480.86637279004	-0.506402393507403	0.081645092715	-6.20248415021232	5.55787838683596e-10	3.31074732020291e-09
gene_6721	interaction_vs_onu	1640.69139132287	-0.874808168364833	0.141070382536219	-6.20121780799902	5.60279092017814e-10	3.33518013050938e-09
gene_3259	interaction_vs_onu	891.943033104332	0.642581449994237	0.103661001840567	6.19887362252721	5.68686705111306e-10	3.38265246097916e-09
gene_527	interaction_vs_onu	1233.41168667124	0.597178464609434	0.0963381470391407	6.19877465950024	5.6904433923014e-10	3.38265246097916e-09
gene_3336	interaction_vs_onu	365.990856421279	0.790096535887802	0.127511168100902	6.19629282403393	5.78085343309037e-10	3.43401147725563e-09
gene_1194	interaction_vs_onu	8508.36488676742	0.334983472017306	0.0540720296559534	6.19513404894768	5.82354462679495e-10	3.45697239981725e-09
gene_1589	interaction_vs_onu	5734.88473549678	0.857774367614806	0.138738782939904	6.18265743318763	6.30313982760561e-10	3.73907670993098e-09
gene_3890	interaction_vs_onu	4334.33205878085	-0.758965578804492	0.122822289915029	-6.17937981232528	6.43539040487733e-10	3.81488517075831e-09
gene_1479	interaction_vs_onu	508.38840954146	-1.15666690020453	0.18722676357395	-6.17789293648543	6.49627416321232e-10	3.84831189184065e-09
gene_4791	interaction_vs_onu	900.57444868124	0.642335514024209	0.103994101670246	6.17665332656065	6.54746226095467e-10	3.87595276305477e-09
gene_4129	interaction_vs_onu	2778.32491747651	0.551089721789466	0.0892708176531914	6.17323484064408	6.69067170140112e-10	3.95799238175491e-09
gene_7986	interaction_vs_onu	155.282726433405	-1.44544518776737	0.234250523589471	-6.17050995497683	6.80700892520848e-10	4.02403290053761e-09
gene_5223	interaction_vs_onu	3178.91630537091	0.74455975409426	0.120706089870423	6.16836942438896	6.89977929957445e-10	4.07408220580601e-09
gene_7802	interaction_vs_onu	2617.93208783169	-0.666537785319334	0.108057937983247	-6.16833707693619	6.90119065235831e-10	4.07408220580601e-09
gene_1596	interaction_vs_onu	8094.17567364273	0.90320263566112	0.146515488584175	6.16455396210361	7.06820908540859e-10	4.16980494631961e-09
gene_6350	interaction_vs_onu	1578.4463722668	0.546114785774523	0.0886387553218779	6.1611287725261	7.22282245583212e-10	4.25808265991205e-09
gene_3692	interaction_vs_onu	2011.82751354921	-0.707827410430331	0.1149895287741	-6.15558145142831	7.48025383757805e-10	4.40681162076174e-09
gene_7876	interaction_vs_onu	5460.30551057036	0.543919367822286	0.0883843232777941	6.15402537068406	7.5540591785991e-10	4.44723153843248e-09
gene_7108	interaction_vs_onu	4209.35717433123	-0.653289854330544	0.106160381618142	-6.1538009224611	7.56476326864613e-10	4.44741960507861e-09
gene_4942	interaction_vs_onu	8127.38695521663	0.403051160335616	0.0654962964144769	6.15380078569646	7.56476979555427e-10	4.44741960507861e-09
gene_2564	interaction_vs_onu	645.037356446344	0.725621817291749	0.117925366242394	6.15322928741422	7.59209180611439e-10	4.45782083261429e-09
gene_2799	interaction_vs_onu	2475.18180328422	0.540024223006994	0.0877629674973865	6.15321289156586	7.59287707237341e-10	4.45782083261429e-09
gene_5749	interaction_vs_onu	3846.14940365685	0.464900774904841	0.0755701500548781	6.15191017309395	7.65552362739041e-10	4.49152037357518e-09
gene_2608	interaction_vs_onu	2108.96756077853	0.545372550322827	0.0886574230403196	6.15145953514577	7.6773115450272e-10	4.50121827571458e-09
gene_6527	interaction_vs_onu	53.4878231679494	-1.8330131291751	0.298168631717362	-6.14757199178698	7.86779934094974e-10	4.60974417238397e-09
gene_2306	interaction_vs_onu	254.544409623483	-1.11474437496384	0.181339177753531	-6.14728923321223	7.88183282643165e-10	4.61480772874521e-09
gene_821	interaction_vs_onu	327.905973801985	-1.0527482974716	0.17128598937825	-6.14614365887696	7.93893865389707e-10	4.64506595197259e-09
gene_8635	interaction_vs_onu	249.436464127248	-1.06013045045585	0.172496041612916	-6.14582480005427	7.95490513865086e-10	4.64856324347915e-09
gene_7533	interaction_vs_onu	712.242364870142	-0.58603291584773	0.0953549106199382	-6.14580740559358	7.95577704637495e-10	4.64856324347915e-09
gene_6225	interaction_vs_onu	3633.99852623561	0.574972926892677	0.0935766596606329	6.14440533545316	8.02636406476523e-10	4.68660821244136e-09
gene_7989	interaction_vs_onu	584.030455418587	-1.22547034006841	0.199562088468435	-6.14079733016148	8.21082892806108e-10	4.79104946313585e-09
gene_5434	interaction_vs_onu	4525.36021009048	0.591506909337545	0.0963364071492911	6.14001421519588	8.25140965394389e-10	4.8114486810463e-09
gene_6354	interaction_vs_onu	213.502979989413	1.07017987077019	0.174335251389342	6.1386315288591	8.32353806839159e-10	4.85020325836841e-09
gene_2975	interaction_vs_onu	7233.2133929649	0.363824054772097	0.05929056954119	6.13628874857313	8.44715627865165e-10	4.91888828199035e-09
gene_1154	interaction_vs_onu	511.711227612901	0.632157189294759	0.103082785694386	6.13251946031939	8.64981240730636e-10	5.03347343348351e-09
gene_3239	interaction_vs_onu	3183.83515505412	0.777488985527079	0.126816767956958	6.13080587096307	8.74350421383322e-10	5.08453777652258e-09
gene_5637	interaction_vs_onu	89.4429617357323	-1.61087302033875	0.262774716725036	-6.13024358056616	8.77446298975612e-10	5.09907693091055e-09
gene_2441	interaction_vs_onu	368.514494756249	-1.12732736003107	0.183943869081048	-6.12864873215402	8.86285548348569e-10	5.14694999583701e-09
gene_6334	interaction_vs_onu	3079.59343033608	1.02701210003109	0.167630416846004	6.12664526733575	8.97512640627552e-10	5.20861573137074e-09
gene_8556	interaction_vs_onu	59.7514672143422	-2.08718889096533	0.340991906108019	-6.12093382153228	9.30285381542633e-10	5.39515099322828e-09
gene_6141	interaction_vs_onu	485.815086449573	-1.15492107724702	0.188713850044718	-6.11995927682757	9.35992750045765e-10	5.4245754505022e-09
gene_7193	interaction_vs_onu	464.262846984263	-1.26698857666767	0.207098862946886	-6.11779590983372	9.48784697794774e-10	5.49499121320924e-09
gene_5890	interaction_vs_onu	531.140307755686	-0.655888138862974	0.107307290031865	-6.11224212882655	9.82409750694775e-10	5.68588740091093e-09
gene_1724	interaction_vs_onu	10.6494207925706	4.46579048298729	0.731086138753131	6.10843270890582	1.00614263701094e-09	5.81931146811731e-09
gene_4484	interaction_vs_onu	974.589451174608	-0.468662736780054	0.0767392127561712	-6.107213247928	1.01385739337403e-09	5.85997250998088e-09
gene_1928	interaction_vs_onu	180.958834748591	-1.15871965687133	0.18974328675094	-6.10677551081045	1.01664072284419e-09	5.87209486339155e-09
gene_5283	interaction_vs_onu	4413.61212880733	0.885611963466126	0.145064274470909	6.1049625532972	1.02824786523274e-09	5.93513265434409e-09
gene_574	interaction_vs_onu	1230.32589455702	0.468667878598688	0.076787861031104	6.10341103796143	1.0382836982768e-09	5.98902187146187e-09
gene_4375	interaction_vs_onu	2036.37780639174	-0.547307713667077	0.0897234559467104	-6.09994017609108	1.06108170264162e-09	6.11640361926754e-09
gene_1189	interaction_vs_onu	2394.24476229613	0.386880921746677	0.0634289035637738	6.09944205259189	1.06439336991677e-09	6.13136423047614e-09
gene_6702	interaction_vs_onu	3945.70359395456	0.735226315652061	0.120556310301282	6.09861328548179	1.06992559540895e-09	6.159087489375e-09
gene_2064	interaction_vs_onu	1486.38080105356	-0.866774729566658	0.142252288470052	-6.09322169006187	1.10660643770158e-09	6.36596176527254e-09
gene_6976	interaction_vs_onu	2157.18151306949	0.627974577073356	0.103110904178883	6.09028290532598	1.12711332080343e-09	6.47957691475983e-09
gene_3124	interaction_vs_onu	2331.45180845961	-0.512942664901725	0.084228653133558	-6.08988326203403	1.12993049927352e-09	6.49141280119552e-09
gene_2705	interaction_vs_onu	934.970459502378	-0.56982205034211	0.0935927823434746	-6.08831189835697	1.14107412167032e-09	6.55103586954924e-09
gene_6050	interaction_vs_onu	794.247385896834	0.784410667335423	0.128873307455006	6.08668065424866	1.15275573394902e-09	6.61366560496222e-09
gene_5724	interaction_vs_onu	26967.5061501307	0.387260843337186	0.0636280164089496	6.08632588588313	1.15531168261133e-09	6.62389015616407e-09
gene_1201	interaction_vs_onu	733.520636868701	-0.584632263986338	0.0960882168110637	-6.08432837437173	1.1698063308712e-09	6.70250481409469e-09
gene_7491	interaction_vs_onu	4952.00931262141	-0.723630206911369	0.11898269342253	-6.0818106070403	1.18832888828228e-09	6.80407711284035e-09
gene_5829	interaction_vs_onu	2127.88053729914	0.728182246783281	0.119760857617451	6.08030254016126	1.19955993516267e-09	6.86379214237465e-09
gene_3003	interaction_vs_onu	6313.91672812244	0.457344561441503	0.075251279043021	6.07756528869151	1.22021005751178e-09	6.97728663480351e-09
gene_5907	interaction_vs_onu	181.610602706612	0.847974748428574	0.139564873687706	6.07584649362436	1.23335352893702e-09	7.04773445106868e-09
gene_1662	interaction_vs_onu	2245.55602457629	-0.801890302671255	0.132172864169688	-6.06698135588379	1.30336680411915e-09	7.4428417900333e-09
gene_8359	interaction_vs_onu	687.027637031258	0.642446070200858	0.105935975333186	6.06447496405506	1.32385397743238e-09	7.55479336454745e-09
gene_7770	interaction_vs_onu	1625.58197964421	0.494558754811909	0.0816526368615124	6.05686201721457	1.38802551825064e-09	7.91572180961056e-09
gene_2739	interaction_vs_onu	4669.83566172401	0.427476083692997	0.0705974738152834	6.05511869746895	1.40314162115419e-09	7.99659938553919e-09
gene_105	interaction_vs_onu	1179.25140310035	-0.726642852424788	0.120027794138164	-6.05395489971554	1.41332194840144e-09	8.04390683398692e-09
gene_4632	interaction_vs_onu	2331.9773294598	0.607494754899271	0.100346470379999	6.05397232806265	1.41316896417965e-09	8.04390683398692e-09
gene_3652	interaction_vs_onu	11360.7418062273	0.445810444367535	0.0736912489592382	6.04970672452752	1.4510975225161e-09	8.25341846693544e-09
gene_6034	interaction_vs_onu	1986.50723968333	-0.498333817995827	0.0823787662787373	-6.04929935840095	1.45477118193477e-09	8.26881893583108e-09
gene_7525	interaction_vs_onu	40352.637531715	0.426627665558498	0.0705343678219277	6.04850768118557	1.46193653252649e-09	8.30403232808679e-09
gene_2855	interaction_vs_onu	285.116882179826	-1.02617588054824	0.169689634065267	-6.04736928216572	1.47230033675714e-09	8.35735469671159e-09
gene_7831	interaction_vs_onu	772.914125379998	0.64272744054974	0.106313615751957	6.0455797312858	1.48873704156991e-09	8.44505571626136e-09
gene_1148	interaction_vs_onu	1659.12411040909	-0.64198626629889	0.106198330360742	-6.04516346083924	1.49258597375644e-09	8.4612820763941e-09
gene_8604	interaction_vs_onu	213.15089127234	-0.9394184071489	0.155448591115362	-6.04327385927696	1.51017994250518e-09	8.5553542738877e-09
gene_5950	interaction_vs_onu	1100.52055349176	0.808773811987674	0.133834685758847	6.04308074100448	1.51198939829603e-09	8.55993997977116e-09
gene_4731	interaction_vs_onu	1527.742049238	0.559815709500047	0.0927293006150659	6.03709621216633	1.56912175612403e-09	8.87751634661052e-09
gene_7131	interaction_vs_onu	1561.14485839419	0.522422436798001	0.086548826590534	6.03615851742973	1.57826220950548e-09	8.9233319110746e-09
gene_5150	interaction_vs_onu	3973.34496804672	-0.552977226309403	0.0917305983256806	-6.0282744951266	1.65719418106321e-09	9.36342058739347e-09
gene_1197	interaction_vs_onu	1357.47763037626	-0.654558522049569	0.108621451711248	-6.02605205267925	1.68013092084112e-09	9.48675506754618e-09
gene_6249	interaction_vs_onu	1067.13853729856	-0.476237900332399	0.0790438879193471	-6.02498071474333	1.69129789406182e-09	9.54351349582675e-09
gene_6436	interaction_vs_onu	252.922671298789	-0.881801077782896	0.146409339765291	-6.02284717079193	1.7137525055879e-09	9.66384812110173e-09
gene_4743	interaction_vs_onu	138.123776549784	-1.17665586347335	0.195511529177335	-6.01834515040844	1.76209163940491e-09	9.92989100283481e-09
gene_6166	interaction_vs_onu	2246.63641712857	0.525864037498611	0.0874020377804404	6.01661072044585	1.78106692460664e-09	1.0030218996469e-08
gene_8104	interaction_vs_onu	46.5298241176984	-2.44522491632795	0.406628403231019	-6.01341395952299	1.81656366330672e-09	1.02233957645664e-08
gene_4390	interaction_vs_onu	1076.83536138104	-0.931533974858692	0.154985400804539	-6.01046272760556	1.84994538838695e-09	1.04044234721368e-08
gene_6300	interaction_vs_onu	790.737744706379	-0.946254882660284	0.157513244402459	-6.00746233277074	1.8844956872418e-09	1.05917814069533e-08
gene_3052	interaction_vs_onu	14921.7862114484	0.642419959831928	0.107030249222498	6.0022280102931	1.94628121468022e-09	1.09318682399362e-08
gene_5439	interaction_vs_onu	80.3689266253048	-1.54302085934906	0.257083041527348	-6.00203284581457	1.94862268039204e-09	1.09378427174793e-08
gene_8073	interaction_vs_onu	1085.98202099552	0.445714927843691	0.0742652308848436	6.00166353128049	1.95306100623095e-09	1.09555715683728e-08
gene_2815	interaction_vs_onu	443.272055524379	0.58279192188021	0.0971323409040619	5.99997813761985	1.97344097402163e-09	1.10626422643256e-08
gene_7783	interaction_vs_onu	2388.11108163972	-0.544565702857907	0.0908075327297673	-5.99692213286392	2.01092423696026e-09	1.1265387086636e-08
gene_4608	interaction_vs_onu	4030.56405397185	-0.717524612271216	0.119751026429792	-5.99180344138336	2.07526663833399e-09	1.16182357254016e-08
gene_2788	interaction_vs_onu	4498.53218322568	0.476666191425296	0.0795626420477042	5.99108047643134	2.08451449984735e-09	1.16623817769238e-08
gene_8515	interaction_vs_onu	384.369769309032	0.982929651438432	0.164095570454395	5.98998284180747	2.09863177137375e-09	1.17336955995815e-08
gene_5881	interaction_vs_onu	35.2351443792254	-5.25408957107086	0.877412805495896	-5.98816148813939	2.12226294138125e-09	1.18580749205114e-08
gene_3685	interaction_vs_onu	557.911896453032	-1.09896558442021	0.183554211928	-5.98714446744092	2.13557086161709e-09	1.19246487771966e-08
gene_5079	interaction_vs_onu	2868.84492619144	-0.763524259957042	0.127746591278172	-5.97686601511306	2.27471132366125e-09	1.26933043875752e-08
gene_1645	interaction_vs_onu	1014.54593996919	-0.571055177916446	0.0955781729450943	-5.97474465477064	2.30450850627865e-09	1.28471210461822e-08
gene_1359	interaction_vs_onu	889.551944082063	-0.522960416714352	0.0875292936731072	-5.97469024104587	2.30527779520279e-09	1.28471210461822e-08
gene_6705	interaction_vs_onu	425.258208423741	-1.14184088826465	0.191150160194809	-5.97352828321439	2.32176512287665e-09	1.29305851996253e-08
gene_6790	interaction_vs_onu	4765.35990934833	-0.416740082620756	0.0697802041668304	-5.97218204785435	2.34101086337331e-09	1.30292932317786e-08
gene_3192	interaction_vs_onu	341.322740660459	-0.918985663992292	0.154012074121954	-5.96697154578019	2.41697537787157e-09	1.34433458314364e-08
gene_6673	interaction_vs_onu	404.805622504116	-0.891088675586792	0.14935461546626	-5.96626138941179	2.427512970142e-09	1.34931889768932e-08
gene_920	interaction_vs_onu	2304.47881251732	-0.666329073594968	0.111686769302067	-5.96605200203099	2.43062847883286e-09	1.35017389868976e-08
gene_2714	interaction_vs_onu	1386.02813575761	0.490021946798036	0.0821558530745932	5.96454091168795	2.45322799138074e-09	1.36184381363289e-08
gene_3897	interaction_vs_onu	348.285933790958	-0.7904360206466	0.13255814855747	-5.96293799550095	2.47742450691969e-09	1.37438456119459e-08
gene_5360	interaction_vs_onu	2832.92387758224	0.378005340499484	0.0633958814442245	5.96261668562889	2.48230266906028e-09	1.37619888906451e-08
gene_1245	interaction_vs_onu	17937.2232921115	-0.478689281983922	0.0802839262738308	-5.96245480510281	2.48476389987378e-09	1.37667177882975e-08
gene_1953	interaction_vs_onu	1312.36844560845	0.576011042899274	0.0966116839285348	5.96212610604488	2.48976875385192e-09	1.37855242774724e-08
gene_1211	interaction_vs_onu	674.840041865573	-0.539181008320015	0.0904455966609303	-5.9613848349228	2.50109159806032e-09	1.38392657268237e-08
gene_6190	interaction_vs_onu	1675.98286128906	0.537522228608028	0.0902578055360653	5.95540989962629	2.5942079196606e-09	1.4345232423963e-08
gene_778	interaction_vs_onu	404.408523329935	-0.988453149974118	0.166074241511236	-5.95187514318555	2.65087577802675e-09	1.4649126313692e-08
gene_4	interaction_vs_onu	78.8179022753935	-2.16377411247567	0.363791465765007	-5.94784187123666	2.71700876162149e-09	1.50048999996645e-08
gene_2891	interaction_vs_onu	903.292803436789	-0.872171141907074	0.146643003733198	-5.94758099400298	2.72134121329258e-09	1.50191365478946e-08
gene_1802	interaction_vs_onu	2158.6672091236	-0.894269656439612	0.150383710052095	-5.94658594424772	2.73792810073309e-09	1.51009436483732e-08
gene_337	interaction_vs_onu	1213.13210675818	-0.870097955352076	0.146497268617124	-5.93934592477699	2.86161474246805e-09	1.57729698618973e-08
gene_8159	interaction_vs_onu	1467.17932838651	-0.450736312859441	0.0758931650927101	-5.93908967044434	2.8660907689801e-09	1.57874755356948e-08
gene_4002	interaction_vs_onu	474.21804022165	0.837711564756726	0.141054517582404	5.93892049056377	2.86904959064832e-09	1.57936106083278e-08
gene_8134	interaction_vs_onu	759.460832514055	-0.578662436646902	0.097459473376871	-5.93746730406846	2.89458747080382e-09	1.59239516388694e-08
gene_2299	interaction_vs_onu	1052.91285458519	-0.440652298006317	0.0742287237616905	-5.9364121552328	2.91326892410612e-09	1.60164303085089e-08
gene_710	interaction_vs_onu	3192.27136550165	-0.497305126328649	0.083796699919254	-5.93466242474762	2.94450704454932e-09	1.61777793975239e-08
gene_4704	interaction_vs_onu	829.033885359796	-1.09451049002461	0.184438755358063	-5.9342760576527	2.95144873115274e-09	1.62055170870221e-08
gene_5755	interaction_vs_onu	99.7270877780354	-1.31856922122609	0.222285956121257	-5.931860222905	2.99521567830483e-09	1.64352860296727e-08
gene_7362	interaction_vs_onu	1897.72689404351	-0.969273077939908	0.163484914929304	-5.92882271957051	3.05114274959855e-09	1.67314426243201e-08
gene_3423	interaction_vs_onu	3116.84632463656	-0.474065630883042	0.0799701156966811	-5.92803482592331	3.06581487330633e-09	1.68011365656224e-08
gene_111	interaction_vs_onu	2633.09689554284	-0.623344915124879	0.105167598660684	-5.92715744262696	3.08223431801708e-09	1.68803107883725e-08
gene_2224	interaction_vs_onu	3888.17439582402	-0.39423619065575	0.0665310574897874	-5.92559633846593	3.11166094049877e-09	1.70305739454408e-08
gene_8285	interaction_vs_onu	4160.39676605777	0.375679708783722	0.0634272154687979	5.92300491211903	3.16111397953457e-09	1.72901825334287e-08
gene_7753	interaction_vs_onu	1759.99246209842	-0.751300155922401	0.126895891059451	-5.92060270549198	3.20763900004957e-09	1.7533454559658e-08
gene_8475	interaction_vs_onu	170.672726600565	-0.996833355530233	0.16856909243958	-5.91350016247804	3.34913196911731e-09	1.82951944196836e-08
gene_6168	interaction_vs_onu	7509.55697459786	0.524117722569091	0.0886671238766582	5.91107165377523	3.39889129320861e-09	1.85551718557817e-08
gene_4214	interaction_vs_onu	3829.81577686705	-0.486805755645336	0.0823846955212003	-5.9089343301641	3.44327922637344e-09	1.87855131789399e-08
gene_4351	interaction_vs_onu	3061.22601532739	0.418501513120608	0.0708277298186745	5.90872408577842	3.44767594527566e-09	1.87975198035412e-08
gene_3540	interaction_vs_onu	3973.83032226754	-1.00708904745902	0.170474476663874	-5.90756497492995	3.47201406144036e-09	1.89181670056839e-08
gene_2171	interaction_vs_onu	930.035910199443	-0.533211828661082	0.0903051933927449	-5.90455331114899	3.53603515817268e-09	1.92547461539174e-08
gene_7427	interaction_vs_onu	1033.08458748158	-0.769283695151932	0.13031532880161	-5.90324793120136	3.56414022183909e-09	1.93954483782216e-08
gene_2861	interaction_vs_onu	3201.00305605359	-0.826954790556949	0.140088194256205	-5.90310122096761	3.56731247984897e-09	1.94003779082002e-08
gene_101	interaction_vs_onu	1673.29654433717	0.670935879419949	0.113691982817311	5.90134733157097	3.60544963286014e-09	1.95953326077986e-08
gene_756	interaction_vs_onu	913.518817599572	-0.743080247961735	0.125945290393983	-5.90002409488461	3.63448491682292e-09	1.97406033553326e-08
gene_4018	interaction_vs_onu	993.006039954768	-0.509930775583322	0.0864466244187972	-5.89879337697356	3.66169431860978e-09	1.98757789266326e-08
gene_4102	interaction_vs_onu	776.546370103943	0.672970450006477	0.1141469804043	5.89564829155243	3.73213159887069e-09	2.02452766073087e-08
gene_3645	interaction_vs_onu	1690.63430019313	0.562860294364738	0.0954823008218126	5.89491758703153	3.74868428934385e-09	2.03221896876399e-08
gene_8339	interaction_vs_onu	367.484025393431	-1.00002138264382	0.169754473531589	-5.89098691680563	3.83895951137839e-09	2.07984135553158e-08
gene_6681	interaction_vs_onu	798.062086058743	0.878844842087799	0.149210669279368	5.88995978861492	3.86289601279513e-09	2.08884332719686e-08
gene_2309	interaction_vs_onu	751.596620040498	-0.725015027258408	0.123093371834765	-5.88995992596282	3.86289280230763e-09	2.08884332719686e-08
gene_7966	interaction_vs_onu	2863.74229364267	0.590600360189296	0.100269751806885	5.89011491049431	3.85927171565866e-09	2.08884332719686e-08
gene_1758	interaction_vs_onu	254.453695252603	-1.21572705763333	0.206413567442045	-5.88976331691312	3.8674911706733e-09	2.0900078548588e-08
gene_56	interaction_vs_onu	498.800705510545	0.567582657653496	0.0963869526613392	5.88858390043441	3.89518787272368e-09	2.10364720444888e-08
gene_447	interaction_vs_onu	3699.99310114641	-0.739133946683788	0.12553836267495	-5.88771377079045	3.91574513201895e-09	2.11341603594465e-08
gene_8361	interaction_vs_onu	1330.21067726499	-0.648137985399787	0.110142614805934	-5.88453421540586	3.99176556787715e-09	2.15308842224502e-08
gene_559	interaction_vs_onu	9854.63195239144	-0.428754172680246	0.0728693414637306	-5.88387604536883	4.0076803459618e-09	2.16031131998948e-08
gene_2418	interaction_vs_onu	1104.327317885	-0.610049388402392	0.103686814831084	-5.88357728411488	4.01492485907469e-09	2.16285442376836e-08
gene_7756	interaction_vs_onu	1056.9567304617	-0.511186795256575	0.0869385155800375	-5.87986569411764	4.10599502696689e-09	2.21052310885765e-08
gene_8457	interaction_vs_onu	2404.23975361906	0.480691743386563	0.0817627355665919	5.87910543911611	4.12489572123296e-09	2.21930278904803e-08
gene_5640	interaction_vs_onu	1769.79971256408	-0.540620242304426	0.0920005058768172	-5.87627466992716	4.1960189486207e-09	2.25615089197194e-08
gene_15	interaction_vs_onu	125.0330330668	-1.36097200933574	0.231702657424781	-5.87378679408353	4.25951129368751e-09	2.2888522708076e-08
gene_1124	interaction_vs_onu	1618.55409817685	0.744580346621124	0.126781183073052	5.87295629030445	4.28091375673438e-09	2.29890977149601e-08
gene_7464	interaction_vs_onu	878.60979637518	0.914869151185662	0.155905742878485	5.86809141404575	4.40840193153763e-09	2.36588843473117e-08
gene_2144	interaction_vs_onu	2752.7639887041	0.494845857953379	0.0844048729486224	5.86276408773927	4.55224776349086e-09	2.44155644457906e-08
gene_1888	interaction_vs_onu	3180.34273468206	1.01685455550901	0.173481919334662	5.86144400182366	4.58859222450082e-09	2.45950841839242e-08
gene_2752	interaction_vs_onu	4549.65657853859	-0.828040308359937	0.141287468248888	-5.86067765685547	4.60982052917475e-09	2.46934065893216e-08
gene_6118	interaction_vs_onu	1458.60089705876	-0.856224570011655	0.146181358061372	-5.85727606698102	4.70520621755944e-09	2.51844739577075e-08
gene_430	interaction_vs_onu	559.813887683137	-0.796825521662466	0.136042068652759	-5.85719939099371	4.70737830985187e-09	2.51844739577075e-08
gene_5135	interaction_vs_onu	299.061427796632	-1.38404142336939	0.236343552824144	-5.85605745039811	4.73984313358838e-09	2.53423218135644e-08
gene_744	interaction_vs_onu	835.623848349316	-0.495902126961977	0.0846950447229142	-5.85514924260747	4.76581849031444e-09	2.54652973015553e-08
gene_7145	interaction_vs_onu	2122.32851018045	2.09960713572316	0.35862420889112	5.85461629100619	4.78112570259697e-09	2.55311515996445e-08
gene_4971	interaction_vs_onu	147.843400042202	-1.33648934359066	0.22834499050317	-5.85293918927514	4.82960750944435e-09	2.57739652623713e-08
gene_3257	interaction_vs_onu	39.0580845393356	-2.25021613456876	0.384491607081859	-5.85244539314401	4.84397314245098e-09	2.58345234264052e-08
gene_8568	interaction_vs_onu	828.509887253876	-0.74238468919575	0.126946367461658	-5.84801837216789	4.97463620491227e-09	2.65148729228201e-08
gene_8145	interaction_vs_onu	3478.8632592877	-0.819830751315424	0.140217843593986	-5.84683611088274	5.01010675201029e-09	2.66873141239627e-08
gene_5453	interaction_vs_onu	63.8082341527585	1.48386680086206	0.253946303409715	5.84323056070637	5.11980786071146e-09	2.72546985619963e-08
gene_1933	interaction_vs_onu	2105.09228503723	0.591011442094879	0.101160709461395	5.84230226578649	5.14842798735616e-09	2.737300842967e-08
gene_2263	interaction_vs_onu	58568.3684046818	0.582860376182412	0.0997655280287508	5.84230232324777	5.14842621096737e-09	2.737300842967e-08
gene_943	interaction_vs_onu	80.3935985492732	2.03938358898706	0.34920219375766	5.84012250049711	5.21624527851299e-09	2.77163622495786e-08
gene_7434	interaction_vs_onu	2742.44076623594	0.406802284227792	0.0697726790173445	5.83039507665553	5.52962991809018e-09	2.93632953466823e-08
gene_6180	interaction_vs_onu	664.758062549038	1.02433263776732	0.175713004893474	5.82957782998662	5.55677755678473e-09	2.94891604997379e-08
gene_8047	interaction_vs_onu	1415.0888030118	0.551966172779739	0.0947518620238222	5.82538602398088	5.6980736271925e-09	3.02202665729664e-08
gene_1599	interaction_vs_onu	863.236995577565	0.601598379929132	0.103276825221093	5.82510528031089	5.70766072202797e-09	3.02523689043712e-08
gene_5409	interaction_vs_onu	279.412329118602	-1.08304345657216	0.185950926249747	-5.82435096406857	5.73349759965795e-09	3.03705070872971e-08
gene_3846	interaction_vs_onu	1185.41431186094	0.627285562338774	0.107714269281681	5.8236069048417	5.75909460300434e-09	3.04872293146056e-08
gene_7110	interaction_vs_onu	768.415676860847	-0.551695089444982	0.0947758163909171	-5.82105341271272	5.84778761184559e-09	3.09376155484538e-08
gene_6064	interaction_vs_onu	1364.72456600657	-0.652404045034496	0.11209176105044	-5.82026759969381	5.87534841428358e-09	3.10642263287631e-08
gene_6450	interaction_vs_onu	158.4390659183	-1.47097219012406	0.253249656171958	-5.80838770863032	6.30773129880381e-09	3.33297406899757e-08
gene_1573	interaction_vs_onu	238.156746767853	0.977847380748372	0.168412073122435	5.80627838977719	6.38767215436628e-09	3.37313224191088e-08
gene_307	interaction_vs_onu	629.118415965844	1.03602099632174	0.178441513513523	5.80594154309962	6.40052918448749e-09	3.37783784335468e-08
gene_1486	interaction_vs_onu	551.209307080732	-0.764469482882009	0.131866611642773	-5.79729374523521	6.73935877866119e-09	3.55446156163523e-08
gene_8277	interaction_vs_onu	1244.86826891031	0.494844299317269	0.0854119370014181	5.79361991648841	6.88852589220413e-09	3.63089788406818e-08
gene_5125	interaction_vs_onu	321.793139410002	-0.673158145266529	0.116202119492348	-5.7929936924331	6.91427052306166e-09	3.64222496476356e-08
gene_4460	interaction_vs_onu	768.09765585782	0.601332319766312	0.103822553820119	5.79192379343864	6.95847168773916e-09	3.66325446783808e-08
gene_2102	interaction_vs_onu	1044.50290185831	0.480628659805692	0.082986895857042	5.79162113297563	6.97102540464867e-09	3.66760771135788e-08
gene_2331	interaction_vs_onu	118.73149185978	1.04109337673855	0.179814088122488	5.78983208495522	7.04568246801022e-09	3.70033921682845e-08
gene_2165	interaction_vs_onu	3292.59281274356	0.60846048989344	0.105091442079066	5.78981958812274	7.04620668625044e-09	3.70033921682845e-08
gene_1858	interaction_vs_onu	1727.51858614813	-0.47366126464192	0.0818089048987604	-5.78984971413664	7.04494302203185e-09	3.70033921682845e-08
gene_5175	interaction_vs_onu	3147.2177681431	-0.595743834411933	0.102969392478909	-5.78563998553221	7.22367751741393e-09	3.79121272526445e-08
gene_4154	interaction_vs_onu	571.372817114295	-0.830614153656853	0.14365936191403	-5.78183101045597	7.38919156821333e-09	3.87439502202082e-08
gene_3080	interaction_vs_onu	13143.332565449	0.459550405224329	0.0794824475871025	5.78178477355923	7.39122321373832e-09	3.87439502202082e-08
gene_737	interaction_vs_onu	265.143052993005	0.78945176771365	0.136699853997449	5.77507396407595	7.69192885768102e-09	4.02955391809973e-08
gene_3160	interaction_vs_onu	291.08363132201	-0.792725824927475	0.13728780227126	-5.77418978097682	7.73242463861765e-09	4.04829081997352e-08
gene_5487	interaction_vs_onu	1375.04785836554	0.465734514899582	0.0806828172119992	5.77241265232268	7.81444554870874e-09	4.08873190079137e-08
gene_5481	interaction_vs_onu	36.3267443406487	-7.03936889063857	1.21951360541748	-5.77227581501951	7.82079604462265e-09	4.08955492620464e-08
gene_6267	interaction_vs_onu	306.548175646717	-0.78475118385511	0.136017241662444	-5.76949785382826	7.95080907999314e-09	4.15500157049703e-08
gene_4304	interaction_vs_onu	281.052781930166	-1.18212223764213	0.20498558839668	-5.76685535255547	8.07643129775708e-09	4.21807516222091e-08
gene_6289	interaction_vs_onu	7690.61212051141	-0.877349576847227	0.152211126211476	-5.76403051921626	8.2128554021432e-09	4.28670989282596e-08
gene_2666	interaction_vs_onu	1185.22223646352	0.466024827674015	0.0809092732942758	5.75984443685499	8.41914923866998e-09	4.39170734204845e-08
gene_2719	interaction_vs_onu	572.252050852733	-0.655585445227648	0.113874528566962	-5.75708592147667	8.55783583705598e-09	4.46133220250909e-08
gene_2925	interaction_vs_onu	3975.9462018719	-1.13738260728591	0.197576552995727	-5.75666793473468	8.57904330054154e-09	4.46966589486522e-08
gene_6739	interaction_vs_onu	2289.43662463622	0.558774097940103	0.0972634995678113	5.7449516048981	9.19472800790893e-09	4.78752261239054e-08
gene_7647	interaction_vs_onu	3981.46281269865	0.631536257994567	0.10994251474565	5.74424061024633	9.23344167015817e-09	4.80475748915222e-08
gene_3710	interaction_vs_onu	1538.56647786157	0.913158619260436	0.159002073446469	5.74306107755174	9.29801698205447e-09	4.83542073914862e-08
gene_1114	interaction_vs_onu	4076.75304730643	0.441991714950269	0.0770171726424538	5.73887225128584	9.53090769380185e-09	4.95352579592859e-08
gene_7729	interaction_vs_onu	182.0643087151	1.16121528011641	0.202382301720318	5.73773136408515	9.59531509834025e-09	4.98397434719615e-08
gene_5895	interaction_vs_onu	3294.66836084137	0.726262883221042	0.126699848843324	5.73215272039615	9.91639223716831e-09	5.14762386598913e-08
gene_5035	interaction_vs_onu	482.322933611105	-0.837945662933921	0.146210687433955	-5.73108353185489	9.97911050873214e-09	5.17704157301497e-08
gene_5180	interaction_vs_onu	681.160127768713	0.494059948267345	0.0862220107500934	5.73009077344916	1.00376905058875e-08	5.20427805756494e-08
gene_136	interaction_vs_onu	12624.5435872089	0.555809344204968	0.0970267191201697	5.72841531946047	1.01373134138771e-08	5.25274835489033e-08
gene_4763	interaction_vs_onu	44.9501938586623	-2.56054674367843	0.447030268207829	-5.7279046314779	1.01678696869001e-08	5.26539410283514e-08
gene_7579	interaction_vs_onu	123.979673736659	1.22402269160223	0.213767897244538	5.72594251700018	1.02861048417774e-08	5.32340129659096e-08
gene_2501	interaction_vs_onu	4286.5111331524	0.39668015459488	0.0693042847849097	5.72374645847659	1.04200221943821e-08	5.38944954585563e-08
gene_5475	interaction_vs_onu	2957.65904865758	0.468048596682238	0.0817902406670397	5.72254822659857	1.04938042583941e-08	5.42433360216507e-08
gene_2098	interaction_vs_onu	877.387576290244	0.745111440539935	0.130226577542764	5.72165417074909	1.05491869679556e-08	5.44967051573327e-08
gene_4247	interaction_vs_onu	5097.08073944586	-0.361455888578077	0.0632363275831636	-5.71595319324509	1.0909076559515e-08	5.6321891043093e-08
gene_8258	interaction_vs_onu	11599.1685012349	0.544864545103163	0.0953408955561164	5.71490903169106	1.09762725610561e-08	5.66346552879086e-08
gene_8298	interaction_vs_onu	3334.80406076103	0.345734390835052	0.0605265248388837	5.71211368495657	1.1158150340576e-08	5.75384138044162e-08
gene_6197	interaction_vs_onu	3280.05469778022	0.566362761968032	0.099187755610499	5.71000682979546	1.12971639851581e-08	5.82201828494602e-08
gene_8471	interaction_vs_onu	3996.18190597554	-0.663287583265047	0.116179279898572	-5.70917278747224	1.13526591767002e-08	5.84709762650745e-08
gene_1260	interaction_vs_onu	347.649122409838	-0.63170426077782	0.110782739709959	-5.70219027288625	1.18277694028242e-08	6.0881362650737e-08
gene_446	interaction_vs_onu	3973.91226173648	0.503541726649013	0.0883353613461928	5.70034150509213	1.19567654758771e-08	6.15083608614831e-08
gene_875	interaction_vs_onu	1556.14668392771	0.661792923942068	0.116127710770932	5.69883725037418	1.20627311790686e-08	6.20162035392354e-08
gene_762	interaction_vs_onu	1618.27681177118	0.358912562055912	0.063018061187717	5.69539200812272	1.2308877636534e-08	6.32436930184461e-08
gene_4837	interaction_vs_onu	13728.1872475912	0.354940763188457	0.0623291150279812	5.69462221674597	1.23645390146282e-08	6.34915740643174e-08
gene_4087	interaction_vs_onu	178.07680381244	-1.06745533347278	0.187511309903025	-5.69275172801489	1.25008096868747e-08	6.41528362827624e-08
gene_7640	interaction_vs_onu	408.714927292522	-0.676360564525874	0.118881018968448	-5.68939070673161	1.27493458445857e-08	6.53890955240586e-08
gene_5842	interaction_vs_onu	15072.6698364428	-0.500326696444699	0.0879735888271819	-5.68723753475099	1.29110816006712e-08	6.61789571866737e-08
gene_2600	interaction_vs_onu	5442.72496552015	0.554191928132824	0.0974573480196059	5.68650737368038	1.29663790012007e-08	6.64226237284726e-08
gene_372	interaction_vs_onu	1426.03280568635	0.427842298570726	0.0752827349614571	5.68313968388331	1.32244170360138e-08	6.77039532465778e-08
gene_1116	interaction_vs_onu	572.919609891522	-0.585269426810726	0.103063675197832	-5.6787168290602	1.35708926442064e-08	6.94362468824905e-08
gene_6093	interaction_vs_onu	3452.79811729125	0.659899202417646	0.116228812390404	5.6775870702446	1.36607996202708e-08	6.98545070188279e-08
gene_6861	interaction_vs_onu	377.314593189554	-0.702907448486584	0.123821264146594	-5.67679108536966	1.3724491832719e-08	7.01382985600447e-08
gene_3313	interaction_vs_onu	1002.59887946235	0.555299612016681	0.0979317913340084	5.67026911743872	1.42573386658516e-08	7.28179110857339e-08
gene_3545	interaction_vs_onu	1294.56648231897	-1.10750140632304	0.195323936294242	-5.67007519577461	1.42734858777298e-08	7.28569106221629e-08
gene_7998	interaction_vs_onu	727.585322025225	-0.894232918944066	0.157720249577114	-5.66974070445438	1.43013796151914e-08	7.29557863563997e-08
gene_797	interaction_vs_onu	981.236140966316	0.435659908062442	0.0768508090738441	5.66890463890662	1.43713321788922e-08	7.32689716803557e-08
gene_4737	interaction_vs_onu	7547.92999233779	0.486728570957191	0.0859392814540847	5.6636332387447	1.48200995589119e-08	7.5511935847789e-08
gene_4488	interaction_vs_onu	1215.29896464002	-0.595474352277897	0.105268175699449	-5.65673669483959	1.54278166520932e-08	7.85616362533714e-08
gene_7023	interaction_vs_onu	1557.26145328133	-1.02818746929707	0.181797871492236	-5.65566285709228	1.55245943846249e-08	7.90074482356653e-08
gene_1994	interaction_vs_onu	722.391587844822	1.05823578532227	0.187154762860517	5.65433531665425	1.56450519285578e-08	7.95731696425756e-08
gene_65	interaction_vs_onu	3283.50420344557	0.518962143061449	0.0917934274665245	5.65358716179005	1.57133369935208e-08	7.98730193969942e-08
gene_7500	interaction_vs_onu	543.206465206146	0.917017568886735	0.162221777410428	5.65286352748215	1.57796593901404e-08	8.01625426585174e-08
gene_6057	interaction_vs_onu	625.612727832464	0.726756324476479	0.128682412540592	5.64767406926902	1.62633133731476e-08	8.25705590000851e-08
gene_4701	interaction_vs_onu	2938.06525103979	-0.756782474118515	0.134031265035614	-5.64631299956341	1.63925286489951e-08	8.31772645141659e-08
gene_1609	interaction_vs_onu	575.950932910268	0.592118895131806	0.104898644435109	5.64467632847338	1.6549229297054e-08	8.39226319803213e-08
gene_6265	interaction_vs_onu	80.344428579383	1.60305530320034	0.284192069942531	5.64074607544296	1.69314901693772e-08	8.58102758140134e-08
gene_4410	interaction_vs_onu	2643.91097341682	-0.332925025199097	0.0591009677046135	-5.63315691991806	1.76940321530743e-08	8.96218433315478e-08
gene_1978	interaction_vs_onu	350.298753277826	-0.803799691682654	0.142753465599606	-5.63068425909285	1.79496062498717e-08	9.08625839733306e-08
gene_5458	interaction_vs_onu	735.363823481851	0.490801172411846	0.0871681540737928	5.63051010574751	1.79677412383058e-08	9.09006294325634e-08
gene_6227	interaction_vs_onu	2556.70440582764	-0.583273605383179	0.10364946796219	-5.62736709459955	1.82981047295229e-08	9.25172926666956e-08
gene_2039	interaction_vs_onu	5555.36439238376	-0.469068683763901	0.083359132141559	-5.6270821410105	1.83283462908462e-08	9.26154924732253e-08
gene_931	interaction_vs_onu	7030.8519093625	0.328806782664239	0.0584455753219124	5.62586270822391	1.84583114272401e-08	9.32171951723746e-08
gene_5303	interaction_vs_onu	1293.22785135782	-0.674833358801674	0.119959802372722	-5.62549575319348	1.84975957403441e-08	9.33605068026802e-08
gene_1628	interaction_vs_onu	152.678941846171	-0.948679354072827	0.168780858069215	-5.62077574984117	1.90101899804232e-08	9.58911174027241e-08
gene_546	interaction_vs_onu	11014.4212825599	0.72005261304704	0.128369705529542	5.60920982155977	2.03252481797221e-08	1.02464148656314e-07
gene_4261	interaction_vs_onu	2076.18380946265	-0.715607037646965	0.127594571201746	-5.60844423792515	2.04153452897025e-08	1.02857772619102e-07
gene_7546	interaction_vs_onu	861.818255606273	-0.521002698613953	0.0929697752774912	-5.60400083854019	2.09459692799268e-08	1.05469115903632e-07
gene_2911	interaction_vs_onu	5820.08449658968	0.476668029402175	0.0850677492385554	5.60339298581246	2.10195911964374e-08	1.05777601788068e-07
gene_4600	interaction_vs_onu	6555.50398625891	0.601377089851822	0.107327565011114	5.60319326903157	2.10438352794304e-08	1.05837385424162e-07
gene_6720	interaction_vs_onu	9107.21668440295	-0.387081471237903	0.0690847521485446	-5.60299428165579	2.10680178152491e-08	1.05896789488275e-07
gene_3680	interaction_vs_onu	1077.78914789656	0.812627952197983	0.145052317631902	5.60230932855675	2.11514652193277e-08	1.06253839364698e-07
gene_1632	interaction_vs_onu	1167.93905529275	-0.681967920358088	0.121744096929018	-5.60165081971658	2.12319934105438e-08	1.06595814424783e-07
gene_4282	interaction_vs_onu	1601.07045744407	0.499070751147599	0.0891219562949834	5.5998630628768	2.14521196158972e-08	1.07637833477187e-07
gene_1343	interaction_vs_onu	3161.89679787762	-0.355449593986894	0.063496504647274	-5.59793953952951	2.16914368122936e-08	1.08774867670318e-07
gene_5949	interaction_vs_onu	2711.5881997084	0.768404335146468	0.137268807969142	5.59780729879437	2.1707984557174e-08	1.08794114642511e-07
gene_4055	interaction_vs_onu	373.12404928483	1.36863520679419	0.244505042186028	5.5975745717051	2.1737136275153e-08	1.08876469581808e-07
gene_2492	interaction_vs_onu	4138.13116070861	-0.786992239848152	0.140602487216986	-5.59728533559737	2.1773419358326e-08	1.08994426729398e-07
gene_3029	interaction_vs_onu	3384.83845074371	0.554767109927616	0.0991688408809258	5.59416753286183	2.21682820547521e-08	1.10906191927924e-07
gene_955	interaction_vs_onu	1643.86272503636	-0.782435282107473	0.139923275573331	-5.59188797504539	2.2461372953803e-08	1.12306864769015e-07
gene_2726	interaction_vs_onu	1399.38525436006	0.484789512444888	0.0868070043295157	5.58468197571531	2.3412825033862e-08	1.16995786508966e-07
gene_1717	interaction_vs_onu	2928.40794876167	0.564562972407889	0.101107515321751	5.58378841188314	2.35334995090192e-08	1.17530195914355e-07
gene_4184	interaction_vs_onu	1439.54837085905	0.585074742296285	0.104846822608363	5.58028109713664	2.40130190552634e-08	1.19855068870586e-07
gene_6855	interaction_vs_onu	6973.44304711825	0.588045537721989	0.105389096288763	5.57975690493407	2.40854962487857e-08	1.20146764504432e-07
gene_6799	interaction_vs_onu	2855.27297652028	-0.512367498548778	0.0918442109960726	-5.57865861105484	2.42380404429609e-08	1.20837289570032e-07
gene_7972	interaction_vs_onu	199.711091148777	-1.61118241022718	0.288902208291018	-5.57691275452001	2.44824577485067e-08	1.2192493024382e-07
gene_5374	interaction_vs_onu	2644.08314093829	0.374488117070562	0.0671499088275639	5.57689688056347	2.4484691015085e-08	1.2192493024382e-07
gene_5673	interaction_vs_onu	1862.55390978499	-0.548619964830703	0.0983767933581879	-5.5767213598149	2.45093977660276e-08	1.21977002835579e-07
gene_7706	interaction_vs_onu	652.461362486577	-0.55722504671956	0.0999684834502926	-5.57400720194609	2.48945435854665e-08	1.23821785642994e-07
gene_491	interaction_vs_onu	1301.13155998275	-0.498204933419348	0.0894186048619168	-5.57160262328733	2.52406613657657e-08	1.2547041886815e-07
gene_6025	interaction_vs_onu	1324.54153653486	0.426514008268835	0.0765703632746859	5.57022312586886	2.5441331207899e-08	1.26394541578419e-07
gene_7641	interaction_vs_onu	3176.86606491526	0.77527400132136	0.139212708379179	5.56898871049699	2.56222084938733e-08	1.27219318275844e-07
gene_4892	interaction_vs_onu	1417.46435559354	0.524202019360204	0.094153326567682	5.56753583192179	2.58366960183285e-08	1.28209923430082e-07
gene_6216	interaction_vs_onu	13551.8759010544	-0.541329405962074	0.0972374176094435	-5.56708949363851	2.59029378034442e-08	1.28464164309086e-07
gene_8625	interaction_vs_onu	238.937012309112	-1.06468509546545	0.19128898487536	-5.56584633537146	2.60883069130997e-08	1.29308573929434e-07
gene_2243	interaction_vs_onu	289.367709878812	-0.63946737821334	0.114911892173902	-5.56484943477916	2.62378856561723e-08	1.29974711352335e-07
gene_6941	interaction_vs_onu	1517.20630258591	0.74393106906119	0.133751520313096	5.56203822819909	2.66641861546518e-08	1.32010082986593e-07
gene_6272	interaction_vs_onu	36940.9034200867	-0.394603040010407	0.0709563345727573	-5.56120947321185	2.67911388694636e-08	1.32561935677809e-07
gene_5892	interaction_vs_onu	19.4726911302844	-2.87368229095076	0.516845123951105	-5.56004527813367	2.69704670784504e-08	1.3337215377905e-07
gene_777	interaction_vs_onu	1002.14373138059	0.528064541727188	0.0949947979143594	5.55887852094021	2.7151358350838e-08	1.34189161364419e-07
gene_3563	interaction_vs_onu	151.51199201551	-1.27340312828294	0.229182450866427	-5.5562854986009	2.7557599960929e-08	1.36118324100146e-07
gene_7969	interaction_vs_onu	2071.57751234473	-0.610553073242327	0.109913555401937	-5.55484781662851	2.77853727716215e-08	1.3716423928782e-07
gene_7626	interaction_vs_onu	581.28428229463	-0.77618420494702	0.139781020064575	-5.55285835364803	2.81035797682631e-08	1.38655125542555e-07
gene_8602	interaction_vs_onu	62.1498931347539	-1.5898605772446	0.286366535061112	-5.55183788114529	2.82681696357914e-08	1.39386827236391e-07
gene_7459	interaction_vs_onu	1433.16034596455	0.72532144682305	0.130703698423637	5.54935671729911	2.86722624882562e-08	1.41297965975517e-07
gene_6379	interaction_vs_onu	1164.99189856314	-0.589753137887248	0.106283115242026	-5.54888833042083	2.87491723187161e-08	1.41595463203803e-07
gene_3717	interaction_vs_onu	963.229458953897	-0.546575513906009	0.0985127291866154	-5.54827298379498	2.88505174415126e-08	1.42012897814461e-07
gene_2345	interaction_vs_onu	1746.94313773049	0.397243936029479	0.0716032853413853	5.54784510425082	2.89211917113035e-08	1.42278966119976e-07
gene_5573	interaction_vs_onu	367.560002675193	-0.688008945528473	0.124051415694033	-5.54615956359108	2.92012357692724e-08	1.43574140255584e-07
gene_6274	interaction_vs_onu	3881.27109746615	0.509967358930283	0.0919635172917563	5.54532247078371	2.93412905034388e-08	1.44179934965233e-07
gene_6199	interaction_vs_onu	13845.8982284444	-0.682501409457439	0.123107223826497	-5.54395906465515	2.95707995027593e-08	1.45224350971669e-07
gene_582	interaction_vs_onu	3076.76745738285	0.501039366342032	0.0903940126961656	5.5428379756316	2.97608221041849e-08	1.46073759869164e-07
gene_644	interaction_vs_onu	3469.454830225	0.396770369518523	0.0715948959230779	5.5418806662533	2.99240216300662e-08	1.46790616133735e-07
gene_2364	interaction_vs_onu	941.252114745935	-0.667062209455963	0.120387988072405	-5.54093660120618	3.00858134675487e-08	1.47499749875267e-07
gene_1814	interaction_vs_onu	1120.90611435698	-0.487006337429012	0.0878941497674803	-5.54082767416675	3.01045356693776e-08	1.47507055140167e-07
gene_321	interaction_vs_onu	3695.7161972126	0.618961146101332	0.111751875308266	5.53870925560702	3.04709015696091e-08	1.49216771988475e-07
gene_6443	interaction_vs_onu	13.8481922616181	3.10087156972103	0.560007191036549	5.53719955627972	3.07346295806104e-08	1.50422200806189e-07
gene_5961	interaction_vs_onu	958.483580959986	0.939224399912338	0.169692897948805	5.53484801818693	3.11498341140468e-08	1.52367188580709e-07
gene_4341	interaction_vs_onu	6019.83910700261	0.457350951480392	0.0826903707335508	5.53088524604747	3.18618719791807e-08	1.55761064615527e-07
gene_4963	interaction_vs_onu	7277.87679822598	0.596859490806753	0.107996382689869	5.52666187459948	3.26381118997986e-08	1.59464747638285e-07
gene_5389	interaction_vs_onu	1376.34453035685	0.713865465082052	0.129174350138637	5.52637163891975	3.26921245811736e-08	1.59637527903506e-07
gene_3597	interaction_vs_onu	4020.93354646353	0.41686585937704	0.0754360168370618	5.52608524224509	3.27455078159792e-08	1.59807039284369e-07
gene_6159	interaction_vs_onu	1051.8444761147	0.459679448774201	0.08321141092643	5.52423572267774	3.30922929668417e-08	1.61407423245678e-07
gene_2148	interaction_vs_onu	2174.27757054301	-0.452273827028654	0.0818830540927229	-5.52341179795892	3.32479234870244e-08	1.62074160050643e-07
gene_4572	interaction_vs_onu	192.819930494664	-1.10336924742684	0.199795766596007	-5.52248561731485	3.34237166936434e-08	1.62838369321336e-07
gene_949	interaction_vs_onu	162.077261652201	-1.02688155096785	0.186021255914762	-5.5202377057296	3.38541382080167e-08	1.64841537577146e-07
gene_4049	interaction_vs_onu	681.23769479046	-0.538263792037747	0.0975237870080154	-5.51930773559386	3.40337732587557e-08	1.65622000622484e-07
gene_4735	interaction_vs_onu	5914.5553296585	0.521638726835508	0.0945295641748399	5.51826014844092	3.42372348613789e-08	1.66517460462161e-07
gene_2951	interaction_vs_onu	1805.92018852643	-0.51216162651496	0.0928273212054931	-5.5173586813001	3.44132611631031e-08	1.67278543757049e-07
gene_7648	interaction_vs_onu	4122.09446197905	0.662264359049384	0.120036793050469	5.5171780436598	3.44486390581299e-08	1.67355476922583e-07
gene_2674	interaction_vs_onu	2975.07566345039	0.491056213279213	0.0890200057587775	5.51624557978412	3.46318239675044e-08	1.68149979104843e-07
gene_6514	interaction_vs_onu	777.702529567106	-0.581355446564294	0.105435688750825	-5.51383932188466	3.51089152142716e-08	1.70369792649753e-07
gene_1860	interaction_vs_onu	1678.40701887332	-0.791151296313142	0.143566161126421	-5.51070872206768	3.57391728354767e-08	1.73231777730283e-07
gene_5345	interaction_vs_onu	2131.12443919426	-0.379847079546896	0.0689286333882047	-5.51072987923038	3.57348768365343e-08	1.73231777730283e-07
gene_6192	interaction_vs_onu	838.129507340789	0.59430653295729	0.107879055215683	5.50900758047138	3.6086236819058e-08	1.7481504650319e-07
gene_8211	interaction_vs_onu	1433.09795898202	-0.798139689257447	0.144941092704239	-5.50664876582721	3.65728915578329e-08	1.77072370890865e-07
gene_6812	interaction_vs_onu	1506.66375817177	-0.518406824356955	0.0941592523060923	-5.5056387095314	3.67832204309747e-08	1.77990032158928e-07
gene_6764	interaction_vs_onu	2768.93198746051	-0.647637893915873	0.117673367339173	-5.50369134971018	3.71920445706918e-08	1.79866611031142e-07
gene_4733	interaction_vs_onu	1967.24897982664	0.429895172019124	0.0781164325552687	5.50326170764346	3.72828341885965e-08	1.80203873887287e-07
gene_4116	interaction_vs_onu	5839.72537260052	0.8008619982486	0.145551721636061	5.50225026022765	3.7497417146336e-08	1.81138764544377e-07
gene_4084	interaction_vs_onu	8554.90168912738	0.478359132676004	0.0869488938626065	5.50161263042506	3.76333081002779e-08	1.81692677573818e-07
gene_4695	interaction_vs_onu	284.463205109581	-0.974139275622062	0.17726808642019	-5.49528849379575	3.90072201095369e-08	1.88219731757405e-07
gene_8061	interaction_vs_onu	95.5824212961583	1.14546278463338	0.208456455558298	5.49497390985352	3.90768181776889e-08	1.88449331606207e-07
gene_5521	interaction_vs_onu	709.394121177223	-0.57852822298244	0.105301514590251	-5.49401616143516	3.92894511627656e-08	1.8936807542414e-07
gene_7423	interaction_vs_onu	2924.55140258213	0.60618590835806	0.110358115310574	5.49289833966545	3.95390416852008e-08	1.90463813632706e-07
gene_5285	interaction_vs_onu	608.553979499093	-0.620607874628209	0.112997808544365	-5.49221159793155	3.96931411122407e-08	1.91098587132048e-07
gene_185	interaction_vs_onu	12279.2738616226	-0.547182103340058	0.0996553558932469	-5.49074456094675	4.00242860177026e-08	1.92584535307214e-07
gene_1142	interaction_vs_onu	1346.09501017621	-0.555308439953039	0.101139363414121	-5.49052733977861	4.00735450986543e-08	1.92609778870471e-07
gene_7623	interaction_vs_onu	1727.09051733544	-0.495885032767346	0.0903165390013467	-5.49052297896349	4.00745345991016e-08	1.92609778870471e-07
gene_3407	interaction_vs_onu	779.207288993292	0.465074634937107	0.0847464693642753	5.4878349319548	4.06890016836787e-08	1.95453341421038e-07
gene_8112	interaction_vs_onu	104.075212951188	-1.42939286950965	0.260487300810193	-5.48738024872542	4.07938381739234e-08	1.95847030156357e-07
gene_6477	interaction_vs_onu	1201.99558407779	0.507858854056351	0.0925603863089939	5.48678408018921	4.09316939037959e-08	1.96398710659469e-07
gene_1358	interaction_vs_onu	1536.38372572222	-0.706722804824224	0.128895216438876	-5.48292500179292	4.18350404580637e-08	2.00620698219062e-07
gene_130	interaction_vs_onu	1169.55158004793	0.409344268079768	0.0747025887694622	5.47965304580053	4.26160682449995e-08	2.04251704466515e-07
gene_6215	interaction_vs_onu	7000.50332364529	-0.468533100260987	0.0855190964306534	-5.47869563426592	4.2847267037546e-08	2.05244882955453e-07
gene_3103	interaction_vs_onu	1963.04758902738	-0.581571786615967	0.106165097411414	-5.47799418826171	4.3017425858426e-08	2.05944723349064e-07
gene_2675	interaction_vs_onu	2360.67519168118	0.58642974557736	0.107089871621836	5.47605237261099	4.3491901589653e-08	2.08099875688893e-07
gene_7903	interaction_vs_onu	3212.28369736352	0.501482190237506	0.0916129596909551	5.47392194214872	4.40183018273114e-08	2.10500929408819e-07
gene_4115	interaction_vs_onu	1125.67413642076	0.741053707756847	0.135390464406499	5.47345568984751	4.41343275306411e-08	2.10937936159848e-07
gene_3659	interaction_vs_onu	8349.36501019208	-0.542750482251895	0.0992286033901643	-5.46969788658431	4.5080334356295e-08	2.15339097148373e-07
gene_5	interaction_vs_onu	101.080783046542	-1.35623954796041	0.248009558529247	-5.46849708536728	4.53867527845756e-08	2.1668187609368e-07
gene_3902	interaction_vs_onu	7561.31042069783	-0.290603271898863	0.0531469627092056	-5.46791871228658	4.55350605965436e-08	2.17268739524199e-07
gene_6498	interaction_vs_onu	767.414138614083	-0.966302490587685	0.176729146979907	-5.46770301956785	4.55904892253055e-08	2.17412026612042e-07
gene_1131	interaction_vs_onu	2953.37085357231	0.546708319004772	0.100022412182359	5.46585817194672	4.60672573321168e-08	2.19563320023897e-07
gene_2041	interaction_vs_onu	1478.00822983907	1.26046497070028	0.230684925650019	5.46401099746147	4.65494678350685e-08	2.21738143944455e-07
gene_8532	interaction_vs_onu	6013.37502853523	-0.741952517893748	0.135802352950259	-5.46347321511804	4.66907747975825e-08	2.22287559659236e-07
gene_7141	interaction_vs_onu	1255.48016762053	-0.669791336183529	0.122675357219278	-5.4598686432704	4.76486987756158e-08	2.26596034177373e-07
gene_8156	interaction_vs_onu	500.916150234144	-0.53868480574751	0.098661538194967	-5.45992709624093	4.76330138618515e-08	2.26596034177373e-07
gene_8491	interaction_vs_onu	4724.76770160977	0.622507902725768	0.114018681664436	5.4597009335527	4.76937287734091e-08	2.26684241144021e-07
gene_6084	interaction_vs_onu	1635.65183952297	0.68080532255634	0.124766392896499	5.45664025985836	4.85228013050011e-08	2.30368929101947e-07
gene_3586	interaction_vs_onu	686.649996689676	0.492005684855156	0.0901654810678934	5.45669672060733	4.85073815513618e-08	2.30368929101947e-07
gene_90	interaction_vs_onu	848.128485690936	-0.610015991369129	0.111806538393379	-5.45599568804158	4.86991746511726e-08	2.31078123621972e-07
gene_8425	interaction_vs_onu	2416.26390340023	0.763540614681642	0.139958477555033	5.45547956808413	4.88408477390758e-08	2.31621970441268e-07
gene_6387	interaction_vs_onu	1818.90297938243	0.822212066495887	0.150730008323598	5.45486645718685	4.90096637088824e-08	2.32293865641215e-07
gene_3501	interaction_vs_onu	67.4685826099301	1.29965438013798	0.238365614390473	5.45235680683786	4.9706594110026e-08	2.35466765678928e-07
gene_2614	interaction_vs_onu	829.761157796298	0.496528756002057	0.0910941534281635	5.45072035159334	5.01662020008981e-08	2.37512549296287e-07
gene_3024	interaction_vs_onu	5189.53476113069	0.616851337145077	0.113190602894348	5.44966915425695	5.04636068141688e-08	2.38788543023375e-07
gene_3218	interaction_vs_onu	4611.95727639541	-0.382591418775352	0.0702263729472415	-5.44797349939713	5.09469466546516e-08	2.4094246594686e-07
gene_3062	interaction_vs_onu	604.875755489364	-0.69239345346966	0.127150142402095	-5.44547918224158	5.16661060377256e-08	2.44208651398637e-07
gene_8245	interaction_vs_onu	261.94718226737	-0.858490009584141	0.157697975572027	-5.44388731985993	5.2130203369313e-08	2.4626630289256e-07
gene_5447	interaction_vs_onu	673.978032582845	-0.504728796004925	0.0927177434647227	-5.44371311405961	5.21812365591032e-08	2.46371420268022e-07
gene_2823	interaction_vs_onu	536.108669209732	-1.06139656834175	0.195084629602868	-5.44069807294619	5.30721951300661e-08	2.50439906457203e-07
gene_2785	interaction_vs_onu	5922.79228072306	0.567156385880966	0.104277301528476	5.43892465155597	5.36031171058383e-08	2.52805885634146e-07
gene_4900	interaction_vs_onu	955.155856875528	-0.57974192340734	0.106606234267009	-5.43816154274151	5.3833155223475e-08	2.53750995987305e-07
gene_2257	interaction_vs_onu	528.334753924034	-0.823760850212938	0.151517198606984	-5.43674815655525	5.42617481661189e-08	2.55630470171699e-07
gene_1850	interaction_vs_onu	164.360088679337	-1.1086763501299	0.204003394403534	-5.4345975632977	5.49202412401038e-08	2.58590354793888e-07
gene_6312	interaction_vs_onu	273.90400620085	-0.944638487815518	0.17393079139867	-5.43111705649803	5.60023830547973e-08	2.63540626140222e-07
gene_4840	interaction_vs_onu	1242.87958584883	0.54953612207245	0.101267627924167	5.42657247273496	5.74465059005806e-08	2.70187961818115e-07
gene_1878	interaction_vs_onu	57701.2825771125	-0.731786076309959	0.134876273195966	-5.42561014602415	5.77568994054924e-08	2.71498659478866e-07
gene_6203	interaction_vs_onu	111.645728468974	1.02338371786734	0.188702445107413	5.4232668648507	5.8519524532472e-08	2.74932563116334e-07
gene_6446	interaction_vs_onu	136.262868188709	-1.19524355007759	0.220646972137099	-5.41699502377456	6.06090268946039e-08	2.84593126833686e-07
gene_795	interaction_vs_onu	2236.37723405661	0.419320602020399	0.0774336283621607	5.41522605733024	6.12113216372353e-08	2.8726365856071e-07
gene_5887	interaction_vs_onu	101.617030198318	-1.20889743521965	0.223258681482756	-5.41478354700853	6.13628912065161e-08	2.87817177385084e-07
gene_2534	interaction_vs_onu	1980.44744942464	-0.396328644806598	0.073203846814856	-5.41404122940391	6.16179684183483e-08	2.88855317448555e-07
gene_3909	interaction_vs_onu	3934.82011861994	0.712989168698209	0.131712657025824	5.41321680693466	6.19024628092427e-08	2.90030148684794e-07
gene_6400	interaction_vs_onu	3155.48706347918	0.397158760127017	0.0733798927348057	5.41236495891791	6.21977580336459e-08	2.91254271754928e-07
gene_2597	interaction_vs_onu	3306.69786072536	-0.426790940864352	0.0788693599329831	-5.41136559529588	6.25459298879757e-08	2.92724526977076e-07
gene_2204	interaction_vs_onu	3549.78341395019	-0.686735600009531	0.126933710175077	-5.41019087098557	6.29576110028348e-08	2.94490246002331e-07
gene_5779	interaction_vs_onu	504.903175106118	0.735961683856818	0.1360418135193	5.40981970776514	6.30882297385263e-08	2.94940058198681e-07
gene_3406	interaction_vs_onu	197.547193407216	-0.824527651787673	0.15243696321649	-5.40897453209354	6.33866419966727e-08	2.96173392735545e-07
gene_2789	interaction_vs_onu	1280.99080660271	-0.41931535255525	0.0775630664344902	-5.4061213903837	6.44041556424288e-08	3.00763541898085e-07
gene_5334	interaction_vs_onu	1068.61781401031	0.550830711699594	0.101955831723954	5.40264055901161	6.56669635642946e-08	3.06493570398234e-07
gene_1549	interaction_vs_onu	637.253099293926	0.73289538267183	0.135720936741212	5.40001712535548	6.66345356686306e-08	3.10840122792086e-07
gene_4431	interaction_vs_onu	2148.98574372483	0.475492393400894	0.0881039276637611	5.39694887628118	6.77836918923113e-08	3.16028541720144e-07
gene_2466	interaction_vs_onu	488.454667398141	-0.735598105730809	0.136430310112318	-5.39174986207403	6.97748517758286e-08	3.25134856396893e-07
gene_6980	interaction_vs_onu	751.275975664146	0.781629913500455	0.144990773337353	5.39089416180863	7.0107958756264e-08	3.26509318255506e-07
gene_3399	interaction_vs_onu	1074.57324321794	-0.683381003240795	0.126772609822097	-5.39060451780397	7.02210599208326e-08	3.26858223448791e-07
gene_4967	interaction_vs_onu	57.3162580458265	-1.91965064996994	0.356760083450708	-5.38078876818955	7.41601732960679e-08	3.45006023594751e-07
gene_70	interaction_vs_onu	944.732011302309	0.664889386581981	0.123601937650985	5.37927963928392	7.47844699860578e-08	3.47721381358313e-07
gene_4983	interaction_vs_onu	1730.52978536987	-0.498987933859864	0.0927997140640564	-5.37704171712673	7.57196340639285e-08	3.51878429743337e-07
gene_1900	interaction_vs_onu	2349.80182331315	0.479683920721603	0.0893647163773747	5.36771043614087	7.9742442349347e-08	3.70371842924802e-07
gene_475	interaction_vs_onu	226.265125305239	-0.756302982482961	0.140973517402991	-5.36485856645664	8.10126733313123e-08	3.76067507438196e-07
gene_3900	interaction_vs_onu	687.706506760645	0.782922046266084	0.145946559068076	5.36444333641942	8.11992443871034e-08	3.7672928561171e-07
gene_8080	interaction_vs_onu	597.425724160534	0.746928926944008	0.139292556333609	5.3623032458037	8.21674470471744e-08	3.81014814043236e-07
gene_2607	interaction_vs_onu	273.493378903052	-0.774713550023667	0.144493569964938	-5.36157802877772	8.24980727970855e-08	3.82340824657852e-07
gene_2896	interaction_vs_onu	1643.31841653839	-0.626281334367063	0.11689774590443	-5.35751420629684	8.43747354568123e-08	3.90826696704715e-07
gene_334	interaction_vs_onu	1223.52751814713	0.45177597207395	0.0844034025974385	5.35258008766178	8.67089054605483e-08	4.01421433608596e-07
gene_121	interaction_vs_onu	434.225768599279	0.710934273043241	0.132862306457506	5.35091021674098	8.75129349438468e-08	4.04924715199637e-07
gene_691	interaction_vs_onu	4407.05553138323	-0.341419613644034	0.0638133535768417	-5.35028476810749	8.78159377596368e-08	4.06107200012151e-07
gene_4040	interaction_vs_onu	3659.40758211455	0.561937237648741	0.105051750596297	5.34914682010589	8.83698316182945e-08	4.08448033829698e-07
gene_6678	interaction_vs_onu	289.705339407274	1.3088580784212	0.244974503974095	5.34283387531463	9.15046174528392e-08	4.22708864218189e-07
gene_1415	interaction_vs_onu	618.468840076234	0.891945965300933	0.167001228040247	5.34095452930428	9.24584475417716e-08	4.2688474161681e-07
gene_7177	interaction_vs_onu	711.60192754011	-0.952876961515783	0.178416568877018	-5.34074255274237	9.2566634778482e-08	4.27153851053264e-07
gene_3588	interaction_vs_onu	2665.17227803509	0.731510865255048	0.136977717139573	5.34036396963513	9.27601585626788e-08	4.27816248543389e-07
gene_6783	interaction_vs_onu	125.215425732814	-1.1353443974096	0.212642174656805	-5.33922491736175	9.33447833193179e-08	4.30280745941498e-07
gene_7866	interaction_vs_onu	2755.41370507514	0.604979914911445	0.113342107372039	5.33764484302053	9.41616743897334e-08	4.33812665649148e-07
gene_7584	interaction_vs_onu	232.697699954311	0.632980155022738	0.118690260871191	5.33304207419075	9.65809219864665e-08	4.44719038302395e-07
gene_5218	interaction_vs_onu	268.795976473374	-0.775595757060077	0.145438793392444	-5.33279834746191	9.67106899447947e-08	4.45077153724431e-07
gene_8111	interaction_vs_onu	111.081450196357	-1.1233678752675	0.210820297776315	-5.32855653424519	9.89963837052801e-08	4.55351447886726e-07
gene_1580	interaction_vs_onu	86.2699765907319	1.14420121290597	0.214757006201382	5.32788770501407	9.93615208439558e-08	4.5678550935782e-07
gene_8381	interaction_vs_onu	301.223169449913	0.727130538541191	0.136536943778638	5.32552229761388	1.00663366210753e-07	4.62521961762772e-07
gene_2800	interaction_vs_onu	1004.31261968897	0.59447572806979	0.1116362386563	5.32511427494466	1.00889592257146e-07	4.63312719807494e-07
gene_6789	interaction_vs_onu	22.9080648255571	-3.25583478096931	0.611458127173338	-5.32470603673298	1.01116430271045e-07	4.63742716686075e-07
gene_1328	interaction_vs_onu	1124.25458798874	-0.738018414536936	0.138604030917524	-5.32465332827217	1.01145753744498e-07	4.63742716686075e-07
gene_7534	interaction_vs_onu	12499.2812399226	0.515638608032623	0.096836807955078	5.32482037482921	1.01052848460158e-07	4.63742716686075e-07
gene_3106	interaction_vs_onu	1298.09456977847	-0.538681923810258	0.101181953265512	-5.32389330730453	1.01569494865112e-07	4.65436229146336e-07
gene_3724	interaction_vs_onu	301.912564723342	-0.589094750741099	0.110729400557433	-5.32012950287353	1.03693413718553e-07	4.74914725217127e-07
gene_3030	interaction_vs_onu	1802.43760007641	0.546110240471369	0.102667277249641	5.31922395432258	1.04210795358232e-07	4.7702909532966e-07
gene_1334	interaction_vs_onu	5582.81137254659	-0.732386237953047	0.137692529926487	-5.31899761260876	1.04340504602829e-07	4.77367567824807e-07
gene_7340	interaction_vs_onu	3964.83430303714	0.317914329780452	0.0597799256198136	5.31807837638195	1.04868897485828e-07	4.79528719272803e-07
gene_4399	interaction_vs_onu	1319.57649920313	1.11583990920989	0.209838064345938	5.31762391484093	1.05131085623417e-07	4.80470951914815e-07
gene_2214	interaction_vs_onu	826.641483838264	0.490217147662156	0.0922795472653301	5.31230551286345	1.0824692706894e-07	4.94447009450442e-07
gene_2186	interaction_vs_onu	1395.05436258125	-0.472132726254805	0.0889353231598229	-5.30871997177488	1.10397792693323e-07	5.0400272290925e-07
gene_445	interaction_vs_onu	615.562937334201	-0.56706194519645	0.106821783720646	-5.30848601704122	1.10539563829728e-07	5.04380952229465e-07
gene_1871	interaction_vs_onu	76.1637727885647	-1.72724571781873	0.325385087697209	-5.30831246767533	1.10644844524815e-07	5.04592365014606e-07
gene_8036	interaction_vs_onu	1185.494869284	-0.53490191472461	0.100791798999316	-5.30699838712316	1.11445163680314e-07	5.07971566082795e-07
gene_2093	interaction_vs_onu	2240.25119903356	0.404974405446494	0.076372294326157	5.30263505921404	1.14142960778673e-07	5.19991348730944e-07
gene_3341	interaction_vs_onu	319.958539235646	-0.689212420739877	0.130016769920258	-5.30095018636892	1.15201521316909e-07	5.24534586421669e-07
gene_6286	interaction_vs_onu	5364.90625830034	-0.439209306201778	0.0828751650968494	-5.29964924580856	1.1602536051714e-07	5.28004830423561e-07
gene_3923	interaction_vs_onu	874.525815755438	-0.595352343874862	0.112451869508334	-5.29428587072748	1.1948239949347e-07	5.43448108216847e-07
gene_4007	interaction_vs_onu	3314.43646404961	0.613949798171375	0.115986432609703	5.29328977844616	1.20135326578739e-07	5.4612766623155e-07
gene_1043	interaction_vs_onu	422.255646672603	-0.670721306393408	0.126787949517515	-5.29010295494014	1.22247526597892e-07	5.55434621909745e-07
gene_6631	interaction_vs_onu	339.448568885524	0.840033455945069	0.15879900254103	5.28991645100556	1.223722464765e-07	5.55676623562956e-07
gene_4711	interaction_vs_onu	2310.91986611958	0.415142090779802	0.0784792992952203	5.28982922258438	1.2243062056539e-07	5.55676623562956e-07
gene_5431	interaction_vs_onu	226.421138071115	-1.05498986193836	0.199576335413969	-5.28614707625558	1.24919470989267e-07	5.66672322028683e-07
gene_2914	interaction_vs_onu	222.033412534436	-0.773438453235565	0.146362998762767	-5.28438512310886	1.26127665074626e-07	5.71850006906145e-07
gene_7316	interaction_vs_onu	2527.23696432106	-0.803748662843681	0.15219728845933	-5.28096571877138	1.28504735647298e-07	5.82318971488022e-07
gene_1447	interaction_vs_onu	217.672621574496	0.723946685441447	0.137159249239322	5.27814704043962	1.30496734169409e-07	5.91032827772564e-07
gene_8106	interaction_vs_onu	887.571667621623	-0.486907002366719	0.0923071252504722	-5.27485826305947	1.32858730262446e-07	6.01412337941056e-07
gene_66	interaction_vs_onu	3762.606248372	0.514622532323469	0.097578882082787	5.27391297521586	1.33545251974372e-07	6.0420050576143e-07
gene_748	interaction_vs_onu	2584.75588525596	0.47115886843237	0.0893993117277523	5.27027400241279	1.36220255121904e-07	6.15977487503166e-07
gene_4752	interaction_vs_onu	610.464471320136	-0.697639506880419	0.132385906538318	-5.2697415089158	1.36616011705565e-07	6.17440897676681e-07
gene_6182	interaction_vs_onu	1235.8724244278	0.981495170470628	0.186256085462985	5.2696005503975	1.36720960073761e-07	6.17589138908388e-07
gene_6603	interaction_vs_onu	1845.89290955246	0.526156365086097	0.0998497558422525	5.26948073781316	1.36810225892531e-07	6.17666420696239e-07
gene_6519	interaction_vs_onu	1303.2930966285	-0.750181314171269	0.142399922418142	-5.26813007642267	1.37820438106624e-07	6.21899288451608e-07
gene_5249	interaction_vs_onu	501.028824353433	0.761863252995573	0.144623616731877	5.26790347393966	1.37990628232052e-07	6.22339187390077e-07
gene_2548	interaction_vs_onu	7476.63966353289	0.323524978804083	0.0614553615610733	5.26438980401359	1.4065573414577e-07	6.34024794253709e-07
gene_8603	interaction_vs_onu	28.5623522059004	-2.69474905798517	0.511943158812733	-5.2637661263697	1.4113396561713e-07	6.35845655622437e-07
gene_3441	interaction_vs_onu	22.1791466576183	-4.28886694377315	0.816599577569287	-5.25210526870404	1.5037047462002e-07	6.76746194925011e-07
gene_5955	interaction_vs_onu	191.044235497568	0.768245251071733	0.146273028216531	5.25213199206135	1.50348653416389e-07	6.76746194925011e-07
gene_7376	interaction_vs_onu	5606.02256218084	0.648369132906265	0.123488720969365	5.25043200558462	1.51742910038742e-07	6.82564009422822e-07
gene_5121	interaction_vs_onu	180.14901715196	-1.14331523744164	0.217905424063901	-5.24684157061807	1.54728844512137e-07	6.95629679109186e-07
gene_965	interaction_vs_onu	4165.59058761649	0.797602908049446	0.152065029752284	5.24514353726662	1.56160704346522e-07	7.01698493021642e-07
gene_5897	interaction_vs_onu	196.130207844011	-0.985830039788478	0.188002994837996	-5.24369327540753	1.57393769976012e-07	7.06868137982507e-07
gene_6962	interaction_vs_onu	5791.77358069886	0.507279246265726	0.0967549209370124	5.24292967585562	1.58046788658265e-07	7.09428689520056e-07
gene_5411	interaction_vs_onu	79.0679752088927	-1.18503756497509	0.226060554539421	-5.24212447142536	1.58738224978585e-07	7.12158912901828e-07
gene_7711	interaction_vs_onu	5103.06598933291	-0.63905058629089	0.121966197130313	-5.23957130194117	1.6095005144716e-07	7.2170374038119e-07
gene_1252	interaction_vs_onu	2109.96226638657	0.438053454257058	0.0836703039458948	5.23547105243367	1.64564616413998e-07	7.37525191886819e-07
gene_6550	interaction_vs_onu	462.517970325654	0.593163616627868	0.113332772382705	5.23382252244616	1.66039888848991e-07	7.43747487465916e-07
gene_5643	interaction_vs_onu	5008.99655025125	-0.485678068912109	0.0928237345402193	-5.23226167658307	1.6744847288528e-07	7.49664711243721e-07
gene_7889	interaction_vs_onu	3928.2962363662	0.491335821167147	0.0939222086084581	5.23130608241361	1.68316542785658e-07	7.5315713865407e-07
gene_7388	interaction_vs_onu	3179.26603993841	-0.588987697970214	0.11262447747187	-5.22965976128344	1.69822290454309e-07	7.59497808928363e-07
gene_8586	interaction_vs_onu	26.8945382862663	-6.36018203175946	1.21631335043631	-5.22906537980363	1.70369113079348e-07	7.61545487184972e-07
gene_167	interaction_vs_onu	1810.73504249882	-0.470024928239714	0.0899017162861568	-5.22820862222058	1.7116031450197e-07	7.64682824706086e-07
gene_5966	interaction_vs_onu	1314.54815492947	-0.576175181520611	0.110222909758611	-5.22736319320944	1.71944535954179e-07	7.67385415937317e-07
gene_7535	interaction_vs_onu	3260.97870870199	-0.48292858633923	0.0923846154741375	-5.22737020510111	1.71938017446801e-07	7.67385415937317e-07
gene_5958	interaction_vs_onu	13.6778070818694	3.47459889477062	0.664765395274561	5.22680470353838	1.72464496206079e-07	7.69304891883293e-07
gene_1020	interaction_vs_onu	846.320851930099	0.518096741193345	0.0992028145911975	5.22260122687403	1.76427055047638e-07	7.86161161482446e-07
gene_825	interaction_vs_onu	7723.54668323745	0.363676714005512	0.0696342852867566	5.22266743326047	1.76363966360576e-07	7.86161161482446e-07
gene_1655	interaction_vs_onu	532.102384833873	-0.753171286970863	0.14423259515489	-5.22192148149341	1.77076054045907e-07	7.88642571609241e-07
gene_3837	interaction_vs_onu	2901.94306109708	-0.417116624513166	0.0798977605052004	-5.22062973825175	1.78315735172135e-07	7.93750750428223e-07
gene_8409	interaction_vs_onu	213.291280917874	-0.778347415787132	0.149102998428091	-5.22019962034843	1.78730376576428e-07	7.95182964394086e-07
gene_2596	interaction_vs_onu	7785.41122810694	0.667337283212166	0.127880441443993	5.21844682170913	1.80429765712473e-07	8.01910069833214e-07
gene_6732	interaction_vs_onu	2514.58445905406	0.389533759566316	0.0746450499252133	5.21848079620268	1.80396678496046e-07	8.01910069833214e-07
gene_3606	interaction_vs_onu	461.542722488185	-0.801257914556033	0.153560634113533	-5.21786015785553	1.81002034428511e-07	8.04036022162977e-07
gene_5789	interaction_vs_onu	1360.63264781345	0.426804853554185	0.0818980316662991	5.21141772116379	1.87402954258649e-07	8.32038012683627e-07
gene_7601	interaction_vs_onu	1836.9525036422	0.636502611746185	0.122178204610853	5.20962485717885	1.89222835028611e-07	8.39682461298555e-07
gene_7851	interaction_vs_onu	713.853003931546	0.613725773766074	0.117876972694906	5.20649419250479	1.92441714164422e-07	8.53523872148937e-07
gene_593	interaction_vs_onu	1305.48053995831	-0.482849823058138	0.0928290525645172	-5.20149467993926	1.97692132428629e-07	8.76356630548454e-07
gene_6919	interaction_vs_onu	1481.81454646585	-0.411686839412277	0.0791706772988743	-5.19999137885524	1.99297770198222e-07	8.83017035660857e-07
gene_5364	interaction_vs_onu	730.60612736326	0.671759673696608	0.1292254894657	5.19835271256537	2.01062345096374e-07	8.90374378698895e-07
gene_6534	interaction_vs_onu	677.934123646368	0.711325645564322	0.136934554756004	5.19463948914717	2.05116931259897e-07	9.07859840529846e-07
gene_4714	interaction_vs_onu	1352.37320817526	-0.536329734996371	0.103279034364728	-5.19301655263674	2.0691378007045e-07	9.15339512869792e-07
gene_5570	interaction_vs_onu	6187.56662465484	0.963834565688592	0.185609552811504	5.19280689538331	2.07147010570931e-07	9.15897939301223e-07
gene_6706	interaction_vs_onu	1534.72819809418	-0.86095304390265	0.16584247344838	-5.19139051655927	2.08729311986586e-07	9.22108407892157e-07
gene_2032	interaction_vs_onu	604.412177855453	0.657968766912066	0.126743120585582	5.19135684739418	2.08767067113902e-07	9.22108407892157e-07
gene_4530	interaction_vs_onu	3731.7063641604	0.390126915101577	0.0751521478073332	5.19116121739783	2.08986568638318e-07	9.22601870832389e-07
gene_2319	interaction_vs_onu	2330.64902834883	-0.409341525423473	0.078873502477061	-5.18984846073652	2.10465293407194e-07	9.28650985343082e-07
gene_2059	interaction_vs_onu	820.664250166698	0.760796458445987	0.14659762673932	5.18969150707218	2.10642765543712e-07	9.2895521538082e-07
gene_1859	interaction_vs_onu	250.39357055296	-1.35226011136983	0.260573254744863	-5.189558355457	2.10793437380202e-07	9.29141001016749e-07
gene_3223	interaction_vs_onu	16310.8256317381	0.435557426407449	0.0839602364863301	5.18766316812797	2.12949319452209e-07	9.38160666243393e-07
gene_5783	interaction_vs_onu	1464.67426756324	0.407979411902819	0.0786618736666217	5.18649496745887	2.14288811838499e-07	9.43576249659234e-07
gene_6604	interaction_vs_onu	628.528036904489	-0.4875863563549	0.0940283858799975	-5.18552298640089	2.15409515444675e-07	9.4802336874366e-07
gene_8627	interaction_vs_onu	165.495743635757	-0.784769922604978	0.151362049810788	-5.18472050019134	2.16339056359221e-07	9.51625037222473e-07
gene_3086	interaction_vs_onu	3833.73989795035	0.413677638190242	0.0799164928164752	5.17637378232094	2.26239982061018e-07	9.94665766020706e-07
gene_4349	interaction_vs_onu	159.011149586013	-0.91233141465445	0.176325523969622	-5.17413131187762	2.28973756626917e-07	1.00589941365909e-06
gene_8292	interaction_vs_onu	4802.23076163985	0.449361509602178	0.0868484920960982	5.17408533823429	2.29030135189435e-07	1.00589941365909e-06
gene_7060	interaction_vs_onu	1618.15061432978	0.629770385506204	0.121719266918332	5.1739580877426	2.29186255416824e-07	1.00606889557334e-06
gene_3109	interaction_vs_onu	3805.32074471726	-0.310718355982529	0.0600611208121392	-5.17336925753355	2.29910015203532e-07	1.00872871867874e-06
gene_759	interaction_vs_onu	1492.18688802176	-0.512293585347838	0.0990436354769932	-5.17240287960591	2.31102625911806e-07	1.01344184313784e-06
gene_7621	interaction_vs_onu	1189.22319661064	-0.590175354659403	0.114124396286127	-5.17133385906153	2.32428871476494e-07	1.01873586269267e-06
gene_1084	interaction_vs_onu	1649.19391829138	-0.768475523833227	0.14862745073718	-5.17048176512246	2.33491257859322e-07	1.02286856053009e-06
gene_3541	interaction_vs_onu	4571.2388094784	-0.567682770956671	0.109797511314965	-5.17026992832486	2.33756102187035e-07	1.02350497939694e-06
gene_6099	interaction_vs_onu	1650.87190953453	0.716041575286687	0.138643239890993	5.16463388946815	2.4090998382898e-07	1.05428909078531e-06
gene_5438	interaction_vs_onu	77.2235824154442	-1.22390249704644	0.237027057257769	-5.16355605645238	2.42301974084445e-07	1.05983898730856e-06
gene_7646	interaction_vs_onu	722.33885245831	-0.511919484152469	0.0992385610915416	-5.15847346557407	2.48971383176885e-07	1.08845507660579e-06
gene_4982	interaction_vs_onu	184.242604495166	-0.815918073868795	0.158195001265542	-5.15767291849643	2.50037902550006e-07	1.0925596966963e-06
gene_1345	interaction_vs_onu	3467.31985722863	-0.724807207458735	0.140633059435908	-5.15388920902383	2.55138716612718e-07	1.11427929296167e-06
gene_6449	interaction_vs_onu	667.242196718958	-0.960262351719759	0.18640703773208	-5.15142756090535	2.58511075724938e-07	1.12843182468408e-06
gene_1344	interaction_vs_onu	3948.52420159764	0.373112652734148	0.0724794629547507	5.14783964344609	2.63503600326391e-07	1.14963854168905e-06
gene_1889	interaction_vs_onu	2961.19044054427	0.376197736277012	0.0730880400561406	5.14718599634147	2.64423112381239e-07	1.15306257869761e-06
gene_1760	interaction_vs_onu	5091.1339046039	0.451854169550711	0.0878895458907435	5.14115945157364	2.73048199555063e-07	1.19006750926239e-06
gene_5501	interaction_vs_onu	223.071563192531	-0.929995693062411	0.180996969106408	-5.13818379199305	2.77406499736289e-07	1.20844765279523e-06
gene_1048	interaction_vs_onu	3541.03557041122	-0.61174056324266	0.11910908335809	-5.13596902936044	2.80693885354868e-07	1.22214631670278e-06
gene_6089	interaction_vs_onu	84.5588709398781	1.48877453291676	0.289941145640373	5.13474736270566	2.82523279638039e-07	1.22948615846549e-06
gene_7971	interaction_vs_onu	133.933670860371	-1.05165933807552	0.204822262432836	-5.13449722497997	2.82899267887002e-07	1.23049681560607e-06
gene_8534	interaction_vs_onu	76.6864539839009	-1.14141253668728	0.222320786147581	-5.13407925757149	2.83528603686685e-07	1.23260784538244e-06
gene_522	interaction_vs_onu	346.961535991816	1.10818800847967	0.215864734661101	5.13371491744344	2.84078295368243e-07	1.2337443979463e-06
gene_5679	interaction_vs_onu	1270.27095079433	0.643943672769307	0.125431917525534	5.13381032095136	2.839342576427e-07	1.2337443979463e-06
gene_817	interaction_vs_onu	46.991699714718	-2.29945528097758	0.448111194397259	-5.13143904844981	2.87535337632483e-07	1.24812499499699e-06
gene_3417	interaction_vs_onu	365.553502406156	-0.929433261525147	0.181162238365854	-5.13039179637521	2.89139727418288e-07	1.25445315088725e-06
gene_612	interaction_vs_onu	2468.41350502855	0.481512009036185	0.093864566859355	5.12985916994295	2.89959023937785e-07	1.25737043814966e-06
gene_1136	interaction_vs_onu	198.918018606059	1.00810273017422	0.196526718200597	5.12959631852827	2.90364172906116e-07	1.25848978231714e-06
gene_7263	interaction_vs_onu	1199.54499408026	0.813951535166514	0.158725472978934	5.12804605266188	2.92764835560717e-07	1.26825252651809e-06
gene_5502	interaction_vs_onu	782.904625396642	-0.782721370188556	0.152640967134621	-5.12785908581304	2.93055654766511e-07	1.26887020981352e-06
gene_4321	interaction_vs_onu	31.5377277722627	-2.8640035801811	0.558869646140849	-5.12463612929748	2.98112900379823e-07	1.29011447282674e-06
gene_3709	interaction_vs_onu	4100.17601816459	0.47692794725486	0.0930691593182087	5.12444670983023	2.98412731931317e-07	1.29075946707027e-06
gene_5038	interaction_vs_onu	76.098762858732	-1.28894190772339	0.2516095513952	-5.12278608095788	3.01053833240176e-07	1.30152566289692e-06
gene_3202	interaction_vs_onu	222.910364663924	-1.03919310622746	0.202866810653684	-5.12253878729074	3.01449060376718e-07	1.30257645473231e-06
gene_4784	interaction_vs_onu	346.104393072213	0.859701298573185	0.167856625827626	5.12164053301073	3.02888878384694e-07	1.30813763823057e-06
gene_8587	interaction_vs_onu	81.0106633876584	-1.43839315265991	0.280934208107941	-5.1200356209638	3.05477950520013e-07	1.31865418883072e-06
gene_6261	interaction_vs_onu	17.7061160121304	2.0450561217719	0.399491255904043	5.11915114923846	3.06913915495415e-07	1.32418503862941e-06
gene_4596	interaction_vs_onu	1318.95144569392	-0.496710626847832	0.0970665783126805	-5.11721578613577	3.10078801672587e-07	1.33716601628078e-06
gene_2038	interaction_vs_onu	1879.63555281665	0.669688443850845	0.130888944054164	5.11646303429354	3.11318263605779e-07	1.34183501332602e-06
gene_2130	interaction_vs_onu	1800.25861487433	0.42459052434676	0.0829940561117812	5.11591485268411	3.12223894212387e-07	1.34506116480022e-06
gene_3075	interaction_vs_onu	20998.4904578861	0.367023814404954	0.0717484252980099	5.11542675508913	3.13032402511561e-07	1.34786587801759e-06
gene_3594	interaction_vs_onu	106.807624252647	1.21946414063052	0.238498094107774	5.11309805301613	3.16917686122536e-07	1.36390919718899e-06
gene_3362	interaction_vs_onu	286.185795706416	-1.07910429956453	0.211086042577125	-5.11215372835585	3.18506460898709e-07	1.37005794235827e-06
gene_3764	interaction_vs_onu	1162.31633489509	0.422678675559621	0.0827179016649303	5.10988150148909	3.22360934426347e-07	1.38594153625793e-06
gene_4788	interaction_vs_onu	318.940799801003	-0.865324789590259	0.169376504975255	-5.10888325223547	3.24068508735028e-07	1.39258355159229e-06
gene_7365	interaction_vs_onu	652.909293780397	0.443231134912818	0.0868101795236012	5.10575070049609	3.29483839911904e-07	1.41514383825685e-06
gene_5390	interaction_vs_onu	789.773263630439	0.820676984746592	0.160856864591894	5.10190837567742	3.3624553926504e-07	1.44346129193016e-06
gene_8232	interaction_vs_onu	725.35409881665	-0.571149836287747	0.111999152337789	-5.09959070551858	3.40388722152824e-07	1.46051501835998e-06
gene_7701	interaction_vs_onu	2099.79359254606	0.928576235537411	0.182153961004674	5.09775483561175	3.43705550926743e-07	1.47326966246015e-06
gene_3105	interaction_vs_onu	3118.47846574196	-0.485059512751883	0.0951504142501575	-5.09781819211659	3.43590568061245e-07	1.47326966246015e-06
gene_2836	interaction_vs_onu	2031.52654958311	-0.697818590078781	0.136952216559612	-5.09534352644113	3.48109441198255e-07	1.49139980813667e-06
gene_3122	interaction_vs_onu	4236.87308891049	0.360319314582758	0.0707278405858066	5.09444812111322	3.49758590414843e-07	1.49771562478792e-06
gene_4213	interaction_vs_onu	3149.73521171929	0.540381867307716	0.106092290998156	5.09350738139032	3.51499358921543e-07	1.5044172561842e-06
gene_1332	interaction_vs_onu	1292.64925038962	-0.541650633556038	0.106345406071907	-5.09331482725068	3.51856695546341e-07	1.50519405990839e-06
gene_7785	interaction_vs_onu	558.398160400199	-0.835721014108232	0.164102190717506	-5.09268651718907	3.53025136318027e-07	1.50943814529586e-06
gene_12	interaction_vs_onu	63.3328414562614	-1.32086848891116	0.259585377550784	-5.08837786386002	3.61139249288523e-07	1.54336094553657e-06
gene_1952	interaction_vs_onu	2036.63395873037	-0.454182657126943	0.0892815295363713	-5.08708418735051	3.63610453627273e-07	1.55314644862747e-06
gene_6405	interaction_vs_onu	84.1427113906333	-1.19609672931621	0.235221626068434	-5.08497772636017	3.67669214159724e-07	1.56969998663703e-06
gene_5692	interaction_vs_onu	1415.69079904961	-0.71863406663641	0.141366289587329	-5.08348962637569	3.70562826273947e-07	1.58126510114905e-06
gene_277	interaction_vs_onu	559.445269034847	0.458806189844597	0.0902967028822597	5.08109571224153	3.75263968403079e-07	1.60052793698573e-06
gene_8053	interaction_vs_onu	325.457628104503	-0.701619514879448	0.138134884116429	-5.07923483171766	3.78958053673891e-07	1.61547855550225e-06
gene_2991	interaction_vs_onu	1084.96696731958	0.437428205846706	0.0861291976105056	5.078744699618	3.79936852252665e-07	1.61884492547676e-06
gene_3950	interaction_vs_onu	1871.14223880719	0.749979444937008	0.147675525237809	5.07856290830373	3.80300511179249e-07	1.61958824661412e-06
gene_3687	interaction_vs_onu	90.4451920923758	-1.46106434730644	0.287866235855449	-5.07549745445001	3.86483531082556e-07	1.64510145503067e-06
gene_1699	interaction_vs_onu	3990.30116584603	0.849197176419203	0.167335758945791	5.07480996153551	3.87883462653207e-07	1.65023978146692e-06
gene_6841	interaction_vs_onu	368.780442319089	1.06942401944795	0.210869255003052	5.07150281074628	3.94686435154335e-07	1.67834867606613e-06
gene_38	interaction_vs_onu	1176.35998463364	-0.722718146345299	0.142620810404095	-5.06741017876413	4.03264687010591e-07	1.71397503515921e-06
gene_7742	interaction_vs_onu	1201.86614214406	0.73631212683604	0.145377707677377	5.06482141312938	4.0878338873124e-07	1.73656863897738e-06
gene_4819	interaction_vs_onu	3311.83821229985	-0.555371244774816	0.109656665436088	-5.06463736213559	4.09178509007143e-07	1.73738493903826e-06
gene_2378	interaction_vs_onu	4828.65217072339	0.476812282549127	0.0941902334471869	5.06222635934413	4.14388597421132e-07	1.75863480115265e-06
gene_8550	interaction_vs_onu	6294.84489525795	0.879574472166761	0.173877619831642	5.05858357745186	4.22382117592692e-07	1.79167042943184e-06
gene_8301	interaction_vs_onu	1230.22828986825	0.465920924267736	0.0921125511378744	5.05816979892723	4.23299443565885e-07	1.79378378065544e-06
gene_6303	interaction_vs_onu	6988.41905047561	0.320449543645893	0.0633525135064488	5.05819778742123	4.23237333935183e-07	1.79378378065544e-06
gene_1474	interaction_vs_onu	35.1448208060407	-2.48911654441851	0.492122696745702	-5.05791860623069	4.23857262295459e-07	1.79525886454682e-06
gene_938	interaction_vs_onu	5879.96532274552	-0.551637383298604	0.10912651519438	-5.05502610722984	4.30331897437623e-07	1.82178093079429e-06
gene_6915	interaction_vs_onu	2467.32696091957	0.774612703177093	0.153411071969433	5.04926204629764	4.43520005486016e-07	1.87668376023742e-06
gene_343	interaction_vs_onu	566.856811849269	0.519735225596139	0.102937513122683	5.04903615630104	4.44044698876511e-07	1.87797560394414e-06
gene_2324	interaction_vs_onu	710.973842843394	-0.656805994431235	0.130128348251156	-5.0473705634345	4.47932036820764e-07	1.89348060996827e-06
gene_2381	interaction_vs_onu	5459.01080425862	-0.661776158108197	0.131122575299774	-5.04700397010383	4.48792028601821e-07	1.89617954828805e-06
gene_5891	interaction_vs_onu	33.5734072723758	-2.0206491511843	0.40042326029594	-5.04628314971239	4.50487649256205e-07	1.90240467569468e-06
gene_6161	interaction_vs_onu	53938.956273376	0.437550810636169	0.0867456571583652	5.0440658929745	4.55742239187146e-07	1.92364574331458e-06
gene_1128	interaction_vs_onu	1490.24162363444	0.431376097264539	0.0855722731352573	5.04107325257911	4.62928208696926e-07	1.95301402979087e-06
gene_6092	interaction_vs_onu	442.547909367816	0.636145335096324	0.126246934524122	5.03889728090607	4.68221676581774e-07	1.97437317809851e-06
gene_6170	interaction_vs_onu	1525.06754632997	-0.61136571554791	0.121411168443376	-5.03549816204132	4.76607702480191e-07	2.00874541271809e-06
gene_5683	interaction_vs_onu	4131.65682061205	-0.693774742981565	0.137798885491716	-5.03469052384514	4.7862143756389e-07	2.01623991414709e-06
gene_1015	interaction_vs_onu	484.490706332999	0.506547007125793	0.100722561990299	5.02913147875031	4.92706470021677e-07	2.07455355798601e-06
gene_1528	interaction_vs_onu	45816.1922698519	-0.424991156884863	0.0845137780546035	-5.02866120374219	4.93916182356965e-07	2.07760320441062e-06
gene_5197	interaction_vs_onu	3050.21378040621	0.374734318348704	0.0745191084830623	5.02870104026913	4.93813597887939e-07	2.07760320441062e-06
gene_209	interaction_vs_onu	307.953559982124	-0.890668835787296	0.177160602519956	-5.02746560532252	4.9700459323965e-07	2.08956744505472e-06
gene_1639	interaction_vs_onu	2449.64265289983	-0.459622396152147	0.0914256043625776	-5.02728310473472	4.97477655108121e-07	2.09052956687556e-06
gene_6906	interaction_vs_onu	4102.98413109205	0.333907975830027	0.0664229897889178	5.02699407074471	4.98227752004455e-07	2.09265434600497e-06
gene_4482	interaction_vs_onu	1492.38180359539	-0.476853025352913	0.0949261927889251	-5.02340830642211	5.07624656790402e-07	2.13107751943396e-06
gene_1497	interaction_vs_onu	55.2747781008982	1.48051343133259	0.294821620826724	5.02172611079544	5.12091720211865e-07	2.14877702206547e-06
gene_8241	interaction_vs_onu	2974.17339028317	0.269607659196197	0.0537570478319389	5.01529883186803	5.29511013234118e-07	2.22075104366541e-06
gene_4080	interaction_vs_onu	16061.1232252627	0.219894532817127	0.0438455524237076	5.01520725961314	5.2976327466878e-07	2.22075104366541e-06
gene_5953	interaction_vs_onu	1533.38032853474	-0.44880472662947	0.0894945097129611	-5.01488558425469	5.30650338405089e-07	2.22338076199097e-06
gene_4232	interaction_vs_onu	5106.79518299203	-0.469519632339845	0.0936604423047704	-5.0129982390221	5.35883874903394e-07	2.24421035673828e-06
gene_8443	interaction_vs_onu	666.759380333618	-0.732829215698639	0.146251989364505	-5.010729897644	5.42239768770117e-07	2.26971756512088e-06
gene_4686	interaction_vs_onu	38.1723407428461	-1.80623096749983	0.36064940320825	-5.00827382890983	5.49203620972046e-07	2.29774339957024e-06
gene_6697	interaction_vs_onu	1726.53864103724	1.0398928509517	0.207695079841412	5.00682467656782	5.53352861642148e-07	2.31284203889492e-06
gene_7312	interaction_vs_onu	3615.43755554293	-0.394731137767748	0.0788384439958255	-5.00683572330079	5.53321118407993e-07	2.31284203889492e-06
gene_124	interaction_vs_onu	322.935704163235	0.83399136226641	0.16659331159846	5.00615153312146	5.55290483278467e-07	2.31980797309111e-06
gene_8083	interaction_vs_onu	488.895749091007	0.554753376004887	0.110820755566862	5.0058617013325	5.56126767790258e-07	2.322168357212e-06
gene_3913	interaction_vs_onu	3634.94414074383	0.327343389654469	0.0653974933763973	5.00544245282359	5.57338621996176e-07	2.32609390750233e-06
gene_5391	interaction_vs_onu	174.623942691487	-0.912829117478622	0.18239281097572	-5.00474285469584	5.59366508759253e-07	2.33341974414191e-06
gene_4468	interaction_vs_onu	90.9096005942832	-1.23144020616634	0.246074664368019	-5.00433561223779	5.60550233883516e-07	2.3372187053302e-06
gene_7217	interaction_vs_onu	8310.40339973411	-0.622026161082467	0.124325082768335	-5.00322338205506	5.63795453380786e-07	2.34960520006793e-06
gene_6060	interaction_vs_onu	2857.34018232918	0.330759621029369	0.0661250007991179	5.00203579632745	5.67280535682404e-07	2.3629787763705e-06
gene_6119	interaction_vs_onu	1042.71426459271	-0.833720213889231	0.166729645102735	-5.00043176710124	5.72020695443332e-07	2.38156476312982e-06
gene_531	interaction_vs_onu	1857.17243033725	0.374334632183293	0.0748800448289452	4.99912403950101	5.7591347074649e-07	2.39660637315992e-06
gene_8416	interaction_vs_onu	2564.68404165908	0.727345072918367	0.145632337532874	4.99439262762766	5.90212165976912e-07	2.45491552029269e-06
gene_7121	interaction_vs_onu	2541.01070064333	0.373059124199427	0.0746979276168498	4.99423660202422	5.90689468309988e-07	2.4557075515947e-06
gene_5711	interaction_vs_onu	635.888407046579	0.539481706970719	0.108120425507276	4.9896372904527	6.04927685263172e-07	2.51368009021978e-06
gene_4222	interaction_vs_onu	1630.5918503754	-0.431568149421888	0.0865071979702725	-4.98881202429181	6.07517248474074e-07	2.52321574329843e-06
gene_6080	interaction_vs_onu	1048.22696914398	0.89462726863995	0.179332860526129	4.98864104445378	6.08055092530583e-07	2.52422482641212e-06
gene_5685	interaction_vs_onu	2503.94773776692	-0.559480794547123	0.112167643324555	-4.9878982740885	6.10396926362438e-07	2.53149112871244e-06
gene_729	interaction_vs_onu	1972.44597461602	-0.364140855873203	0.0730039760181956	-4.98795922817195	6.10204421108538e-07	2.53149112871244e-06
gene_8187	interaction_vs_onu	12605.9816381227	-0.389101912766276	0.0780128613027462	-4.98766365274413	6.11138454201127e-07	2.53333906438821e-06
gene_4629	interaction_vs_onu	664.843228120354	0.619221203869909	0.12416206793345	4.98720111686453	6.12602856795835e-07	2.53818027791498e-06
gene_4421	interaction_vs_onu	1174.42117684407	0.527623207162171	0.105848765510282	4.98468928398528	6.20614640527028e-07	2.57013126410806e-06
gene_2063	interaction_vs_onu	858.430229181439	0.565537953820074	0.113465326415912	4.98423590434201	6.22071466813678e-07	2.57491864406436e-06
gene_5090	interaction_vs_onu	1008.81109143913	-0.545202183592356	0.109453080298461	-4.98114975024621	6.320760213408e-07	2.61506560786721e-06
gene_3157	interaction_vs_onu	657.049930450602	-0.44924230794652	0.0902081481332433	-4.98006352245431	6.35634062279632e-07	2.6285157358037e-06
gene_1303	interaction_vs_onu	732.004435417958	0.482457040205032	0.0969012936152728	4.97885035591507	6.39630721734034e-07	2.64376580301465e-06
gene_579	interaction_vs_onu	1627.82151877759	0.321100994186887	0.0645265683126384	4.97626020697579	6.48244929804244e-07	2.67807750922989e-06
gene_5614	interaction_vs_onu	279.342382080171	-0.92484920178158	0.185870389871591	-4.97577479888277	6.49871671461498e-07	2.68350289807546e-06
gene_155	interaction_vs_onu	739.439970492789	-0.530765800777575	0.106693274193019	-4.97468846834118	6.53526543236643e-07	2.69729373679155e-06
gene_1510	interaction_vs_onu	183.541816389622	-0.79419340481913	0.15965052870452	-4.97457422323365	6.53912060861463e-07	2.69758421251765e-06
gene_4621	interaction_vs_onu	9.27267339077125	3.15733639308466	0.634745927588452	4.97417353283402	6.55265914948498e-07	2.70186716375681e-06
gene_2015	interaction_vs_onu	864.179115627035	0.538231572623827	0.108210492496972	4.97393145714485	6.56085149634137e-07	2.70394264846809e-06
gene_1844	interaction_vs_onu	4445.51391617464	0.585745778301053	0.117802822597793	4.97225588813714	6.61782746347605e-07	2.72611179438667e-06
gene_3579	interaction_vs_onu	351.511362410128	0.844060767484071	0.169788499857338	4.97124815987702	6.65232351117048e-07	2.7390038121991e-06
gene_4000	interaction_vs_onu	122.121798990973	1.4402909260251	0.289741155337834	4.97095735103886	6.66231050808186e-07	2.74179701678754e-06
gene_7475	interaction_vs_onu	170.257491322615	-0.83930370626996	0.16885716323295	-4.9704951226267	6.67821415958491e-07	2.74702129774372e-06
gene_7133	interaction_vs_onu	969.303819944727	-0.49029528528035	0.0987026078071527	-4.96739950618428	6.78567022936168e-07	2.78988170813333e-06
gene_8132	interaction_vs_onu	1794.34823652883	0.33109731990112	0.0666714742541752	4.96610167399119	6.83121498924681e-07	2.80725877618592e-06
gene_1785	interaction_vs_onu	23082.8968120568	0.64278315844937	0.129469732010734	4.96473691932936	6.87942595092229e-07	2.82571430613699e-06
gene_1530	interaction_vs_onu	1775.91357943677	-0.487983659999821	0.0983078837606549	-4.9638303799509	6.91163116029682e-07	2.83758094638565e-06
gene_7740	interaction_vs_onu	273.127333639441	-0.677995881659852	0.136693591970722	-4.95996829028437	7.0504687559656e-07	2.89319331500794e-06
gene_7721	interaction_vs_onu	4961.83582962466	0.352163906862171	0.0710300361805725	4.9579575880674	7.12381091339771e-07	2.92188890362647e-06
gene_2346	interaction_vs_onu	1357.03572330838	-0.631592990567099	0.127398569564457	-4.95761445930165	7.13640004403405e-07	2.92565059276492e-06
gene_3374	interaction_vs_onu	2844.69402616508	0.753161265147732	0.15193869182997	4.95700769880638	7.1587141036465e-07	2.93339362025917e-06
gene_1045	interaction_vs_onu	2997.60429734393	0.717354638717613	0.144747279194127	4.95591103826925	7.19921525613126e-07	2.9485781144729e-06
gene_5169	interaction_vs_onu	5197.8786493525	-0.681298901366902	0.137526479760181	-4.95394706935679	7.27229962416757e-07	2.9756637085504e-06
gene_486	interaction_vs_onu	3267.16827561073	0.320007096067832	0.0645960632140179	4.95397211758236	7.27136303056915e-07	2.9756637085504e-06
gene_5507	interaction_vs_onu	344.902986443202	-0.774568237875984	0.156383496785575	-4.95300497684889	7.30761049977963e-07	2.98868351065999e-06
gene_2517	interaction_vs_onu	21923.7988386736	0.476444251122452	0.0962253960072909	4.95133583120149	7.37057827436417e-07	3.01299665847934e-06
gene_1525	interaction_vs_onu	31456.5993784646	-0.552645277378896	0.111623792954356	-4.95096307652688	7.38471151044747e-07	3.01733319949548e-06
gene_878	interaction_vs_onu	2726.38769972591	0.629676892728355	0.127247069545922	4.9484588916298	7.48033842531957e-07	3.0549473721725e-06
gene_1595	interaction_vs_onu	896.648008137577	0.86833337329718	0.175502144857039	4.94770804085904	7.50924275792887e-07	3.06528936613596e-06
gene_6205	interaction_vs_onu	3821.96767371192	0.357152618175308	0.0722202517702396	4.94532502201111	7.60169249009349e-07	3.10154850882747e-06
gene_455	interaction_vs_onu	508.768624855536	-0.495818292007271	0.100295963432667	-4.94355181442707	7.6711949283876e-07	3.12841489218665e-06
gene_3340	interaction_vs_onu	1018.49821924773	-0.606461799752986	0.1226931573822	-4.9429146065889	7.69632004500836e-07	3.13716664691769e-06
gene_5401	interaction_vs_onu	219.099786117684	-0.959481000211327	0.194213839399106	-4.94033279595288	7.79893455545342e-07	3.17748118965642e-06
gene_1890	interaction_vs_onu	2081.2645276738	-0.391302507554106	0.0792085866699517	-4.94015262744928	7.8061443652458e-07	3.17890560259296e-06
gene_4884	interaction_vs_onu	4662.65548331324	0.327040175898386	0.0662323472035609	4.9377711904615	7.90204777523341e-07	3.21643028796947e-06
gene_8483	interaction_vs_onu	5950.04619794285	-0.761302898232532	0.154280642924775	-4.93453283445111	8.03428294939552e-07	3.2687006676248e-06
gene_8633	interaction_vs_onu	248.474304115467	-0.991514536230317	0.200952614186321	-4.93407134933312	8.05329989519519e-07	3.27488109752356e-06
gene_3855	interaction_vs_onu	677.073762198314	0.464645360035177	0.0941836058812881	4.93339956234878	8.08106050179083e-07	3.28460958667281e-06
gene_3505	interaction_vs_onu	1935.48303382209	0.825161473622609	0.167324492413288	4.93150441828012	8.15987219150002e-07	3.31506910105554e-06
gene_4229	interaction_vs_onu	3138.37078217089	-0.379940584445386	0.0770470137171458	-4.93128242244689	8.16915242906793e-07	3.31667015004635e-06
gene_211	interaction_vs_onu	1808.81078513353	0.313901058832112	0.0636557996547404	4.93122481430859	8.17156232061654e-07	3.31667015004635e-06
gene_4194	interaction_vs_onu	697.333177363565	0.460663867018676	0.0934228671580322	4.93095406972927	8.18289741275539e-07	3.31969677029318e-06
gene_4089	interaction_vs_onu	2561.48573117128	0.749534664533562	0.152096416662964	4.92802316437529	8.30657709243387e-07	3.36827569451606e-06
gene_8309	interaction_vs_onu	1156.00706644344	0.802555261743877	0.162990653007661	4.92393426821939	8.48213384970371e-07	3.43783455272082e-06
gene_1171	interaction_vs_onu	1004.67002602431	0.48267154182027	0.0980316030354745	4.92363204185905	8.49525079729079e-07	3.44152138309556e-06
gene_3954	interaction_vs_onu	13.259707790991	-6.18389141480661	1.25598804504181	-4.92352728930691	8.49980172721468e-07	3.44173617715032e-06
gene_6167	interaction_vs_onu	6673.06752380471	0.721609794841663	0.146570102742825	4.92330824184394	8.50932573980719e-07	3.4423359325496e-06
gene_5722	interaction_vs_onu	797.705798279597	-0.673368206426889	0.136771272255596	-4.92331609790474	8.5089839868092e-07	3.4423359325496e-06
gene_5639	interaction_vs_onu	1117.28983145788	-0.452483819532329	0.0919557044584624	-4.92067155808395	8.62477610679341e-07	3.4873917559826e-06
gene_2	interaction_vs_onu	220.107912912225	-1.3286282261693	0.270043679028483	-4.92004934516227	8.65223961801002e-07	3.49559617211043e-06
gene_1017	interaction_vs_onu	2587.198762433	-0.309163342843623	0.0628377348556446	-4.92002685255692	8.6532339821285e-07	3.49559617211043e-06
gene_4465	interaction_vs_onu	31.7597741012728	-2.29829786358158	0.467322123560563	-4.91801639107234	8.74255936025788e-07	3.53001453414186e-06
gene_2109	interaction_vs_onu	2011.00628907007	0.421751789604003	0.0857877907740245	4.91622159515623	8.82305227241212e-07	3.5608358063106e-06
gene_832	interaction_vs_onu	1817.75310644693	0.458548774810828	0.0932877793059208	4.91542170070421	8.85915535253895e-07	3.57372148057179e-06
gene_5993	interaction_vs_onu	649.676665339093	-0.48771466761531	0.0992578558989075	-4.9136127634274	8.94132674154303e-07	3.60516989673143e-06
gene_1258	interaction_vs_onu	167.033887070052	-1.19202355555764	0.24273935038269	-4.91071412063333	9.07453052744808e-07	3.65715542914104e-06
gene_8430	interaction_vs_onu	2221.41453078656	-0.614246339557762	0.125166088934178	-4.90745013116757	9.22681055345185e-07	3.71677639235519e-06
gene_6929	interaction_vs_onu	1204.27994928581	0.5153093542588	0.105038408699726	4.90591356664512	9.29934722729239e-07	3.74423387890983e-06
gene_984	interaction_vs_onu	474.761965352595	0.603607365801757	0.123063744223554	4.90483504796719	9.35058850302065e-07	3.76309532608635e-06
gene_3115	interaction_vs_onu	1476.66863358866	-0.427519716816252	0.0871843947085709	-4.90362659791711	9.4083258546922e-07	3.78455212951904e-06
gene_2852	interaction_vs_onu	3106.15220544181	-0.500995536771947	0.102174771637165	-4.90331936880701	9.4230592869821e-07	3.78869833238923e-06
gene_4524	interaction_vs_onu	1135.39773635177	-0.452085022386389	0.0922143758625334	-4.90254386214494	9.4603482340284e-07	3.80190520578794e-06
gene_6607	interaction_vs_onu	435.553776799806	0.699029949187405	0.142654555835662	4.90015860406649	9.57593195549464e-07	3.84654986105275e-06
gene_5156	interaction_vs_onu	1573.77716798202	1.15262794645709	0.235371184507391	4.89706481644909	9.7278758339603e-07	3.90575127292215e-06
gene_4155	interaction_vs_onu	109.093767869872	-0.987535025510319	0.201745298579625	-4.89495929998367	9.83260758121945e-07	3.94511831754787e-06
gene_4183	interaction_vs_onu	5213.13391599103	-0.675448980844019	0.137992708499727	-4.89481645941715	9.83975187846343e-07	3.94511831754787e-06
gene_1209	interaction_vs_onu	2993.78504937923	-0.334998582304326	0.0684390655218425	-4.89484448319083	9.83834985074565e-07	3.94511831754787e-06
gene_1475	interaction_vs_onu	56.8071613574719	-1.55239707108639	0.31720192276423	-4.89403424026612	9.87896395591335e-07	3.95898555536602e-06
gene_1581	interaction_vs_onu	3807.79001356586	-0.637802859522637	0.13044939570049	-4.88927415951411	1.0120845996544e-06	4.05212543173137e-06
gene_1236	interaction_vs_onu	6246.88979825966	0.463881921142318	0.0948757649537743	4.88936159163863	1.01163522033475e-06	4.05212543173137e-06
gene_6556	interaction_vs_onu	11868.4311331238	-0.552396157019306	0.113000093973674	-4.88845750117694	1.0162913094655e-06	4.06706573586941e-06
gene_6196	interaction_vs_onu	375.491209922048	0.641728575867565	0.131324062717725	4.88660312959502	1.02590599873817e-06	4.10362399495266e-06
gene_1577	interaction_vs_onu	182.897812309512	-1.02385732191171	0.209624853435909	-4.88423631611386	1.03830487861803e-06	4.15127966416178e-06
gene_8199	interaction_vs_onu	1705.60135400292	0.462228483498993	0.0946427954509608	4.88392678276813	1.03993703741481e-06	4.15586416445881e-06
gene_1140	interaction_vs_onu	2114.96348504733	-0.411168246731904	0.0842300187182337	-4.88149299963169	1.05285661489066e-06	4.20553085555952e-06
gene_1958	interaction_vs_onu	550.897116506472	-0.588977558826494	0.120702983762893	-4.87956088959221	1.06322295279528e-06	4.24495731153338e-06
gene_4343	interaction_vs_onu	206.770854755406	-1.0107071711437	0.207451761340249	-4.87201055616011	1.10468265051364e-06	4.4084305307211e-06
gene_6438	interaction_vs_onu	180.571250042297	-0.806926910184596	0.165680682814988	-4.87037412252625	1.11387143440774e-06	4.44302864796379e-06
gene_769	interaction_vs_onu	1109.3718343903	-0.603974359366726	0.124104984323279	-4.86664063220412	1.13511159778197e-06	4.52564288635941e-06
gene_3489	interaction_vs_onu	1203.60382786021	0.763345770827994	0.156951657172483	4.86357254571139	1.15285743757437e-06	4.59425496538016e-06
gene_2379	interaction_vs_onu	631.959915050817	-0.454891828391916	0.0935392914753952	-4.86310962181675	1.15555806343464e-06	4.60073349907e-06
gene_4315	interaction_vs_onu	18621.9583448833	-0.266781462193079	0.0548575897652491	-4.8631641188523	1.15523982038273e-06	4.60073349907e-06
gene_4938	interaction_vs_onu	4386.38685530221	-0.809719145136947	0.166596212170555	-4.8603694801175	1.17166870773999e-06	4.66270764214518e-06
gene_2633	interaction_vs_onu	521.130719971698	-0.771801808297491	0.158864699052955	-4.85823353393457	1.18437665620799e-06	4.71108930164517e-06
gene_6335	interaction_vs_onu	993.056450927657	0.729992051889565	0.15030307818229	4.85680041099504	1.19297733824682e-06	4.74309615206351e-06
gene_1798	interaction_vs_onu	70.2782561361869	-1.34920284245242	0.277865852443462	-4.85559067653678	1.20028412700038e-06	4.76993134963939e-06
gene_3857	interaction_vs_onu	100.241067318066	-0.943479572130248	0.194326035755606	-4.855137236046	1.20303398310458e-06	4.77642434850425e-06
gene_37	interaction_vs_onu	1882.93751807802	-0.388775919984153	0.0800744265048638	-4.85518207190079	1.20276180960635e-06	4.77642434850425e-06
gene_6184	interaction_vs_onu	3382.96042369948	0.296348942369958	0.061069669428587	4.85263708061331	1.21830516798015e-06	4.83481327673163e-06
gene_4335	interaction_vs_onu	115.085515183042	1.209448671302	0.249435453552743	4.8487440501166	1.24245607299259e-06	4.92837070658785e-06
gene_1964	interaction_vs_onu	99.7812996760882	1.19361185025592	0.246338655287878	4.84541027010572	1.26350307068715e-06	5.00953510193699e-06
gene_3213	interaction_vs_onu	69.4523442023231	-1.30020320105727	0.268366773326412	-4.84487399442643	1.26692057793569e-06	5.02075932737476e-06
gene_1457	interaction_vs_onu	585.951423567542	0.636082779473102	0.131330002072467	4.84339274678544	1.27640633992443e-06	5.05601030529992e-06
gene_245	interaction_vs_onu	876.885800667955	-0.487414669667171	0.100707907354521	-4.83988479624874	1.29914416155727e-06	5.14369751291872e-06
gene_6784	interaction_vs_onu	45.2937164109074	-1.4911394720609	0.308131614894295	-4.83929398991544	1.30301178327956e-06	5.15424254384151e-06
gene_2827	interaction_vs_onu	1289.62723668432	-0.858219459913752	0.177343306993889	-4.83931124586124	1.30289866306937e-06	5.15424254384151e-06
gene_7895	interaction_vs_onu	6443.80720287777	0.275205286832242	0.056909927039829	4.83580459766951	1.32608140246012e-06	5.24307473674764e-06
gene_6717	interaction_vs_onu	69480.1194759729	0.631756400945397	0.130799612669268	4.82995620593172	1.36563083256459e-06	5.39695287477048e-06
gene_7809	interaction_vs_onu	2630.37966634348	1.69096812639311	0.350135905908332	4.82946221127008	1.36902291270603e-06	5.40786162102614e-06
gene_7778	interaction_vs_onu	639.418772690778	0.575339468916346	0.119170509238284	4.82786783906361	1.3800262505171e-06	5.44881213303801e-06
gene_554	interaction_vs_onu	488.446406634821	0.659583345101008	0.136635378819654	4.82732474413963	1.38379372674509e-06	5.46116841905852e-06
gene_2035	interaction_vs_onu	128.717626595203	-0.973647884395174	0.201714975119314	-4.82684978554152	1.38709664382993e-06	5.47168077013098e-06
gene_6351	interaction_vs_onu	107.021158264297	-1.12027566560455	0.232180969932938	-4.82501070577888	1.39995747431969e-06	5.51986917557648e-06
gene_1856	interaction_vs_onu	2467.77522966918	0.305452955973705	0.0633198740985792	4.82396657166693	1.4073101394154e-06	5.54630515349715e-06
gene_2901	interaction_vs_onu	1025.90916198837	0.393124490969895	0.0815682688835862	4.81957624393084	1.43863466009833e-06	5.6671480397799e-06
gene_5397	interaction_vs_onu	4041.9094776615	0.711169583533772	0.147580543150812	4.81885733952768	1.44382743154939e-06	5.68498749496908e-06
gene_8328	interaction_vs_onu	2022.32565669412	0.620444474468957	0.128840836543061	4.81558868380672	1.46766562650584e-06	5.77619207489197e-06
gene_4517	interaction_vs_onu	30353.541711024	-0.437487975061397	0.0908646775535502	-4.81471994223022	1.47406471012511e-06	5.7987104405657e-06
gene_6623	interaction_vs_onu	1791.04679023335	0.467352617858575	0.0970769342822062	4.81424986598736	1.47753843192849e-06	5.80970554768391e-06
gene_3410	interaction_vs_onu	9824.98664677365	0.30049013835818	0.0624194815901974	4.81404412056781	1.47906130374636e-06	5.81302330581672e-06
gene_6004	interaction_vs_onu	954.586125381523	0.819582330581529	0.170382458097879	4.8102506545052	1.50741142707352e-06	5.92172639547926e-06
gene_3757	interaction_vs_onu	1382.39758088767	0.434618584310511	0.0905178216603407	4.80146976958167	1.57505289286457e-06	6.18461135913796e-06
gene_2066	interaction_vs_onu	443.509987574159	-0.665177433851818	0.138560912431769	-4.80061383963079	1.58180025702824e-06	6.20825777173855e-06
gene_4746	interaction_vs_onu	24.520496416257	-3.52400243351796	0.734343023710633	-4.79885056402004	1.59578798927433e-06	6.26028652070958e-06
gene_652	interaction_vs_onu	5123.79212393687	-0.384853124982776	0.0801989271501634	-4.79873158729646	1.59673607905043e-06	6.26113643457247e-06
gene_5540	interaction_vs_onu	798.917754119318	0.525215553603726	0.109565209501444	4.79363436617903	1.63786670350012e-06	6.41947755584294e-06
gene_3012	interaction_vs_onu	7468.53177398856	0.587793117607961	0.122625672938456	4.79339361426352	1.63983435913151e-06	6.42424810716966e-06
gene_7385	interaction_vs_onu	202.253355473244	-0.956879486458422	0.199679603555483	-4.79207425005	1.65065787855517e-06	6.46369233322611e-06
gene_2546	interaction_vs_onu	3059.81578795777	-0.771204184685321	0.160937352330819	-4.79195272891063	1.65165823415084e-06	6.46465225620994e-06
gene_609	interaction_vs_onu	19.3107606247856	-2.90952326943218	0.6072906810098	-4.79098948891202	1.65960821628946e-06	6.49279996866444e-06
gene_8103	interaction_vs_onu	435.659425869352	-0.811251207845695	0.169448764787347	-4.787589976615	1.68796067280016e-06	6.60070505215594e-06
gene_7974	interaction_vs_onu	2477.79915040827	0.863253957242298	0.180331780914448	4.78703173042936	1.6926608098358e-06	6.61304268927177e-06
gene_6850	interaction_vs_onu	406.164312053411	-0.520888067007689	0.108811100899585	-4.78708571736981	1.69220571957771e-06	6.61304268927177e-06
gene_7027	interaction_vs_onu	146.531417475408	-1.12119191614702	0.23431909607089	-4.78489348477096	1.71078033408571e-06	6.68078451632013e-06
gene_8634	interaction_vs_onu	1490.33114008864	-0.736717058861148	0.154003830517921	-4.78375801682035	1.72047793759056e-06	6.7155910377452e-06
gene_1055	interaction_vs_onu	2156.35187577493	-0.291974238494516	0.0610847849927012	-4.77981936957629	1.75452756569913e-06	6.84537646416799e-06
gene_7997	interaction_vs_onu	674.728784882535	-0.604014706035631	0.126511179995428	-4.77439785209071	1.80245740902627e-06	7.02720529680869e-06
gene_8563	interaction_vs_onu	3365.94265863664	0.583762600596327	0.12227027083686	4.77436253801398	1.80277369530279e-06	7.02720529680869e-06
gene_753	interaction_vs_onu	1332.23927863569	0.514350579051548	0.107735086931033	4.7742160302967	1.80408644371778e-06	7.02912151034329e-06
gene_2290	interaction_vs_onu	820.306948538217	0.646577741879075	0.135505615061189	4.77159372020935	1.82773898620337e-06	7.11803718011868e-06
gene_6181	interaction_vs_onu	2094.77912951163	0.643522309454193	0.134885241831787	4.77088746489195	1.83415997930315e-06	7.13979509906093e-06
gene_104	interaction_vs_onu	107.111595291262	-1.02728471532013	0.215377340090338	-4.76969728983212	1.8450296478915e-06	7.17884262997784e-06
gene_8368	interaction_vs_onu	99.1001504659784	-0.966265736193606	0.202700461104909	-4.76696368092378	1.87023007252882e-06	7.2735890144692e-06
gene_1932	interaction_vs_onu	3517.29313833261	0.557527799716693	0.116982459734592	4.76590935924587	1.8800376888757e-06	7.30841172423977e-06
gene_3357	interaction_vs_onu	14841.5500179015	-0.39015344928679	0.0818682272075652	-4.76562718644941	1.88267091569026e-06	7.3153259365904e-06
gene_862	interaction_vs_onu	2075.97377618492	-0.730049694186531	0.15319685767094	-4.76543517462118	1.88446478913739e-06	7.31897395418152e-06
gene_5510	interaction_vs_onu	31672.8748868777	0.339091835748706	0.0711681097982765	4.76465985551464	1.8917249374295e-06	7.34383921287825e-06
gene_127	interaction_vs_onu	2159.99356104745	0.37852067604238	0.0794535950504882	4.76404718756718	1.89748100847246e-06	7.36284561764472e-06
gene_7153	interaction_vs_onu	1358.1984053143	0.447204620203657	0.0938857547048507	4.76328513957774	1.90466400273408e-06	7.38736921767273e-06
gene_4042	interaction_vs_onu	275.985005451549	-0.904097224015892	0.18990312397893	-4.76083386662035	1.92794707864869e-06	7.47428758751485e-06
gene_7232	interaction_vs_onu	1279.55150492094	-0.432433563409872	0.0908721982186034	-4.75870037136775	1.94843413721571e-06	7.55029253715096e-06
gene_3111	interaction_vs_onu	2667.94748868553	0.316986528919796	0.0666190183071733	4.75819873925798	1.9532813801202e-06	7.56565095648366e-06
gene_2569	interaction_vs_onu	1700.69109957443	-0.460936136416784	0.0968922962953894	-4.75720107831439	1.9629561755577e-06	7.59968560053096e-06
gene_6560	interaction_vs_onu	418.654071295531	-0.814481827502073	0.171223202504486	-4.75684262172782	1.96644352911885e-06	7.60974530255756e-06
gene_2363	interaction_vs_onu	696.160622275868	-0.493450538586348	0.103748840937046	-4.75620290433674	1.97268200810116e-06	7.63043741045906e-06
gene_6800	interaction_vs_onu	2620.77264870147	-0.469777595217362	0.0987957593573699	-4.75503805298014	1.98409041860491e-06	7.67109936009847e-06
gene_6406	interaction_vs_onu	42.7018307777758	-1.57244564760272	0.330707429990142	-4.75479382985013	1.98649033391617e-06	7.67691072610494e-06
gene_7389	interaction_vs_onu	5921.17721576611	-0.461999819413529	0.0971780167847621	-4.75415978530211	1.9927339445879e-06	7.69756433468972e-06
gene_449	interaction_vs_onu	1791.49623375812	0.298293628832176	0.0627536831536904	4.75340432372111	2.00019779526097e-06	7.72291074760212e-06
gene_1965	interaction_vs_onu	1553.19711072482	0.362732062117931	0.0763338708502609	4.75191495043502	2.01499132352607e-06	7.77652196996534e-06
gene_8470	interaction_vs_onu	3806.72964878521	-0.354746723797283	0.0746671039793864	-4.75104436747967	2.02368719338307e-06	7.80656258465935e-06
gene_8622	interaction_vs_onu	190.94837898233	-0.84182111896838	0.177201936388968	-4.7506316021318	2.02782271127707e-06	7.81899207591517e-06
gene_548	interaction_vs_onu	2206.1444770497	0.375871567292532	0.0791327197877377	4.74988814109707	2.03529197444679e-06	7.84425902803445e-06
gene_7581	interaction_vs_onu	700.841112577776	0.954449218171436	0.200946405403993	4.74977005063895	2.03648081278493e-06	7.84530862170972e-06
gene_1214	interaction_vs_onu	74.1431989678227	-1.45924268404169	0.307326282466531	-4.74818708094257	2.05248139938364e-06	7.90339216316869e-06
gene_7587	interaction_vs_onu	571.964164489559	0.770150315959621	0.162211349161941	4.74782017373369	2.0562072821344e-06	7.91417910749573e-06
gene_6384	interaction_vs_onu	1859.51110777009	-0.447176331953126	0.0942011105079001	-4.74703885699547	2.06416308509712e-06	7.94122966671073e-06
gene_8244	interaction_vs_onu	275.656132698372	0.603475510041606	0.127252270701876	4.74235553293519	2.11247466378183e-06	8.12344255254827e-06
gene_3830	interaction_vs_onu	62.9645824974614	-1.25685882325633	0.265041027737761	-4.74212929969432	2.11483569601643e-06	8.12887003048972e-06
gene_20	interaction_vs_onu	4594.61691949484	-0.436771420718507	0.0922244287262766	-4.73596233395872	2.18018080031156e-06	8.37627811968892e-06
gene_1875	interaction_vs_onu	71048.3183731611	-0.542187735114131	0.114549428316319	-4.73322078585083	2.20984883094573e-06	8.48645401206616e-06
gene_6373	interaction_vs_onu	1101.13982190476	0.56417022597231	0.119204285265802	4.73280154915842	2.21441969558497e-06	8.5001939884338e-06
gene_979	interaction_vs_onu	1190.64942743119	0.397971631566367	0.0841761478728957	4.72784323852995	2.26917264352036e-06	8.7064624959813e-06
gene_8312	interaction_vs_onu	1638.55918390311	0.54139352224068	0.114570887329256	4.72540219300922	2.29660353473276e-06	8.8077626600862e-06
gene_3853	interaction_vs_onu	2169.61686901564	0.663727347501853	0.140484662695271	4.72455380372419	2.3062115302322e-06	8.84064966358603e-06
gene_3591	interaction_vs_onu	2459.42386732078	0.474919880779224	0.100557051997603	4.72288985550754	2.32516791732404e-06	8.90534110617172e-06
gene_4130	interaction_vs_onu	4584.75269694372	0.432744171432716	0.0916258513185173	4.72294843873674	2.32449797941312e-06	8.90534110617172e-06
gene_2722	interaction_vs_onu	1720.02261483296	0.292219709592473	0.0618826715502414	4.72215730626991	2.3335607700178e-06	8.93348845767099e-06
gene_6878	interaction_vs_onu	682.017528615316	0.656269174522988	0.13900817247349	4.72108339276342	2.34591724634913e-06	8.97677766148796e-06
gene_610	interaction_vs_onu	18191.563253449	-0.316204734437944	0.0670039873116331	-4.71919279918801	2.36782326433199e-06	9.05655368305713e-06
gene_7515	interaction_vs_onu	7299.40862831372	0.464675744090021	0.0984852494691098	4.71822680650027	2.37909174961012e-06	9.09558971713382e-06
gene_7499	interaction_vs_onu	1476.09752112827	0.403304762349581	0.0855024888555561	4.71687745874749	2.39491836570056e-06	9.15200946892715e-06
gene_1440	interaction_vs_onu	4847.26808376752	0.511497238366178	0.108483049766517	4.71499685404354	2.41714483923363e-06	9.23282455325296e-06
gene_2137	interaction_vs_onu	4071.57667072117	0.5786318272883	0.122748275373175	4.7139711375102	2.42935089115522e-06	9.27530937925454e-06
gene_581	interaction_vs_onu	8205.22333694708	0.626001578593044	0.132841823692247	4.71238320277274	2.44836414259467e-06	9.34373475729395e-06
gene_4157	interaction_vs_onu	98.0479802786074	-1.15277013838396	0.244643665207518	-4.71203755636233	2.45252165542657e-06	9.35543020073593e-06
gene_1990	interaction_vs_onu	1553.28971297232	0.566527124160683	0.120286659311136	4.70980844762918	2.47949711807547e-06	9.45411818740581e-06
gene_145	interaction_vs_onu	61.8962936337984	-1.27741016096541	0.27123765271952	-4.70956059440004	2.48251403851711e-06	9.46140702124063e-06
gene_2948	interaction_vs_onu	178.451672986064	-0.700987345181112	0.149049982083934	-4.70303542060388	2.56321930603251e-06	9.76464497536193e-06
gene_7724	interaction_vs_onu	2622.25131946925	0.284238274616229	0.0604433976933026	4.70255289185578	2.56928632996598e-06	9.78340346285979e-06
gene_7398	interaction_vs_onu	2102.57215498242	0.305783254303602	0.0650392372756441	4.70151968430465	2.58232364467064e-06	9.82867514378864e-06
gene_5840	interaction_vs_onu	9258.1801398194	0.349983926318503	0.0744475430346866	4.70108094978283	2.58787891039057e-06	9.84544154353036e-06
gene_3236	interaction_vs_onu	4053.01643627893	0.666649906539713	0.141829446029306	4.70036318411598	2.59699201596378e-06	9.87572263733895e-06
gene_3806	interaction_vs_onu	49117.3255926203	-0.48666107656258	0.103541576596494	-4.70015130693943	2.59968799557281e-06	9.88158492100499e-06
gene_6654	interaction_vs_onu	1200.79129231398	0.673230133682312	0.143265241767851	4.69918680466281	2.61199455392226e-06	9.92395622795143e-06
gene_5653	interaction_vs_onu	45.6702364701957	-1.95368528687743	0.415834914665962	-4.69822330442553	2.62434414412994e-06	9.96645336013853e-06
gene_1747	interaction_vs_onu	9636.69885213152	0.537860451415269	0.114500041152238	4.6974695030907	2.63404498782074e-06	9.99885813558562e-06
gene_42	interaction_vs_onu	953.695067042241	-0.476963412628187	0.101571963497061	-4.69581758791136	2.65542436197098e-06	1.0075546337975e-05
gene_4563	interaction_vs_onu	2170.62663134284	0.310296601730764	0.0660948453002218	4.69471711933522	2.66975913941235e-06	1.01254489292732e-05
gene_835	interaction_vs_onu	131.926565581829	-1.1968439084771	0.25502159086437	-4.69310815770743	2.69085132381123e-06	1.02009244162197e-05
gene_5843	interaction_vs_onu	1420.49543958407	0.381629385395165	0.0813301213995748	4.69234988006744	2.70084708583822e-06	1.02342855488159e-05
gene_6366	interaction_vs_onu	439.681327259845	-0.787658363955653	0.167872006697988	-4.69201732587076	2.70524211156837e-06	1.02464037500112e-05
gene_2420	interaction_vs_onu	2389.95971577632	-0.879584187255161	0.187545318530656	-4.68998210217328	2.73228947174619e-06	1.03442715073628e-05
gene_2772	interaction_vs_onu	593.332702094343	-0.481631462881606	0.102717750117749	-4.6888825186445	2.74701031008077e-06	1.03954059479626e-05
gene_1851	interaction_vs_onu	1464.42625855049	0.501657138140864	0.107000107797538	4.68837974528104	2.75376659182202e-06	1.04163685488274e-05
gene_3348	interaction_vs_onu	297.402193945877	-0.630219838018302	0.134439094134965	-4.68777212516485	2.76195308923129e-06	1.04427201606978e-05
gene_7715	interaction_vs_onu	595.288180340759	-0.720354665627543	0.153704743559176	-4.68661310605686	2.77763342019312e-06	1.04973695703546e-05
gene_8216	interaction_vs_onu	1252.56135160264	-0.46243823404778	0.0986770859129995	-4.68637910989282	2.78080949409299e-06	1.05047348938376e-05
gene_1583	interaction_vs_onu	67.0807412644504	-1.30205494131723	0.277898934579712	-4.68535420362956	2.79476184639771e-06	1.05527840340381e-05
gene_1714	interaction_vs_onu	660.09662572272	0.655924766556208	0.139997882654625	4.68524776317065	2.79621469624755e-06	1.05536145502112e-05
gene_8434	interaction_vs_onu	2435.84565605008	-0.460968037856266	0.0983933868242336	-4.68494939278513	2.80029114122901e-06	1.05643420753285e-05
gene_2918	interaction_vs_onu	684.861657142628	-0.486379411826308	0.103820196926085	-4.6848245931626	2.80199789007784e-06	1.05661242022319e-05
gene_4279	interaction_vs_onu	7473.81389227807	0.431156991999248	0.0920391828863757	4.68449391311437	2.80652506971518e-06	1.05738796640677e-05
gene_6026	interaction_vs_onu	1218.59761247116	0.359857238199391	0.0768186156107873	4.68450564147967	2.80636438238701e-06	1.05738796640677e-05
gene_5051	interaction_vs_onu	4088.65438837245	-0.568597566730941	0.121389318033076	-4.68408238833677	2.81216885824861e-06	1.0590481929876e-05
gene_7767	interaction_vs_onu	1903.17350284691	0.356699918978716	0.0761574732119703	4.68371525386494	2.81721305361598e-06	1.06048125501112e-05
gene_5274	interaction_vs_onu	2391.28876315795	0.360153094007647	0.0769084649160309	4.68287976363674	2.82872454065361e-06	1.06434646452725e-05
gene_3873	interaction_vs_onu	739.510292261181	-0.504009388735703	0.107639514177974	-4.68238260442502	2.83559586636939e-06	1.06646312021625e-05
gene_2037	interaction_vs_onu	121.246842222575	-0.876995752529477	0.187321966207891	-4.6817560710215	2.84427810773761e-06	1.06925870014203e-05
gene_782	interaction_vs_onu	6956.47539216948	0.334049514478034	0.0713625140207787	4.68102222941261	2.85447981843231e-06	1.07262279393242e-05
gene_992	interaction_vs_onu	1927.82296997113	-0.689009335641142	0.147204562610357	-4.68062486259286	2.86001857130842e-06	1.07423251296183e-05
gene_3063	interaction_vs_onu	1422.36546173238	-0.652196717377454	0.139349947308409	-4.68027961240642	2.86483925994589e-06	1.07557123092705e-05
gene_4527	interaction_vs_onu	878.672398871435	-0.541625339159908	0.115740460212794	-4.67965427270729	2.87359066264422e-06	1.07838386989191e-05
gene_569	interaction_vs_onu	3423.69845075518	0.279341864468878	0.0596974544791279	4.67929272539661	2.87866208251742e-06	1.07981364707928e-05
gene_3987	interaction_vs_onu	22.1016248571699	-2.82465511034162	0.603753598691697	-4.67848989465653	2.88995410440986e-06	1.0835745568878e-05
gene_30	interaction_vs_onu	2215.79116671243	0.443017717634765	0.0946992657055864	4.67815367240625	2.89469577287222e-06	1.08487722485929e-05
gene_399	interaction_vs_onu	2446.82725889246	0.958205526140768	0.205023916988348	4.67362803430989	2.95925079762644e-06	1.10858585679135e-05
gene_5974	interaction_vs_onu	2647.50080623456	-0.654780365006634	0.140110661395584	-4.6733086439293	2.96385847992203e-06	1.10978054429323e-05
gene_440	interaction_vs_onu	1109.12803183112	-0.6092894454603	0.130378730597619	-4.6732273175808	2.96503283270865e-06	1.10978054429323e-05
gene_1089	interaction_vs_onu	775.182036867332	-0.557335147691557	0.119296599097161	-4.67184439380067	2.98507072595409e-06	1.11679219467513e-05
gene_6676	interaction_vs_onu	1194.74174345705	0.441329886424708	0.094572046732429	4.66659971601709	3.0622506640483e-06	1.14516669655978e-05
gene_7794	interaction_vs_onu	19.5518696127324	2.16451666708524	0.463918180801291	4.66572933905421	3.07524281356199e-06	1.14952307790789e-05
gene_553	interaction_vs_onu	443.964759841725	-0.878757228575048	0.18845739258099	-4.66289603469602	3.11790288448562e-06	1.16496065871658e-05
gene_1287	interaction_vs_onu	43.6780858648148	-2.0942072965189	0.449294038700583	-4.66110634936448	3.14514146112089e-06	1.17462525773101e-05
gene_899	interaction_vs_onu	567.371210699967	-0.46098398471502	0.098915595542758	-4.66037718506938	3.15630448137244e-06	1.1782802599454e-05
gene_997	interaction_vs_onu	2039.3123211681	-0.59085098518969	0.12682739272738	-4.65870166123925	3.18209981635195e-06	1.18739208491598e-05
gene_7894	interaction_vs_onu	4244.83288078562	0.413726619747315	0.0888104917153601	4.65853315026472	3.18470526988928e-06	1.18784649717875e-05
gene_4968	interaction_vs_onu	11.5077709774033	-5.8432773391639	1.25540527431068	-4.65449481433182	3.2477601042964e-06	1.2108373908004e-05
gene_4820	interaction_vs_onu	251.014268194447	0.831186465363614	0.178681306207289	4.65178189597153	3.29079030467352e-06	1.22634588628669e-05
gene_4107	interaction_vs_onu	2876.71758066123	0.334637043737573	0.0719979780173178	4.64786724506461	3.35384637029879e-06	1.24930047562044e-05
gene_1466	interaction_vs_onu	12.5355654726706	-6.07795436034277	1.30788491725787	-4.64716297293639	3.3653128828475e-06	1.2530264583373e-05
gene_6423	interaction_vs_onu	2123.43455265084	1.1222959634919	0.241584837296776	4.64555630249762	3.39161255479068e-06	1.26226971604384e-05
gene_5780	interaction_vs_onu	1058.18419721528	-0.510922500722495	0.110077958221917	-4.6414605519161	3.45955074426215e-06	1.28699497483199e-05
gene_192	interaction_vs_onu	2014.3826986076	0.372839983109318	0.0803793761493305	4.63850307094506	3.50941722082759e-06	1.30497877542503e-05
gene_4029	interaction_vs_onu	1812.09618368181	0.701886121319809	0.151354572422604	4.63736318028135	3.52882047563732e-06	1.31162411078834e-05
gene_7313	interaction_vs_onu	8575.76195925488	-0.674030357091534	0.145418623194424	-4.63510341581461	3.56759077831435e-06	1.32545907388762e-05
gene_1276	interaction_vs_onu	2305.72311304955	-0.68780632298487	0.148398558005915	-4.63485853385082	3.57181660950502e-06	1.32645336995067e-05
gene_623	interaction_vs_onu	789.616638721633	-0.689136951061042	0.14876244256446	-4.63246595835123	3.61335763824206e-06	1.34129841211414e-05
gene_4645	interaction_vs_onu	1707.42741833589	0.666283126217272	0.143863003258899	4.63137228560574	3.63250039433154e-06	1.34781982555171e-05
gene_7327	interaction_vs_onu	1572.82599508802	-0.821319451927045	0.177345975321645	-4.63117051535819	3.63604262347412e-06	1.34854960385349e-05
gene_3864	interaction_vs_onu	438.454046314769	0.714575900984134	0.15431205909569	4.63071975820776	3.64396797277688e-06	1.35090367461975e-05
gene_7258	interaction_vs_onu	564.027892496693	0.821807883327259	0.177626287510624	4.62661183119141	3.71696206960449e-06	1.37736776258937e-05
gene_3120	interaction_vs_onu	555.312825114502	0.610560394593488	0.132001368230487	4.62540959065964	3.73858857817381e-06	1.38478226867883e-05
gene_1308	interaction_vs_onu	1300.71032360688	-0.819544492956955	0.177189353122093	-4.62524682502929	3.74152574293516e-06	1.38527077679606e-05
gene_3655	interaction_vs_onu	403.422983073349	1.37313760918637	0.297082469193236	4.62207552305357	3.79919640801428e-06	1.4060147536793e-05
gene_3072	interaction_vs_onu	3158.57547570822	0.709675512369873	0.153545016427714	4.62193778007751	3.80172049814908e-06	1.40634085843371e-05
gene_6083	interaction_vs_onu	1635.26253718764	-0.29506554979369	0.0638502572975329	-4.62121160168123	3.81505405289871e-06	1.4106636152403e-05
gene_3173	interaction_vs_onu	848.81888650656	-0.363414605797639	0.0786519402013814	-4.62054216167011	3.82738551988607e-06	1.41461226469019e-05
gene_7550	interaction_vs_onu	6323.78927741629	0.33774606752606	0.073101638071041	4.62022570818228	3.83322806454436e-06	1.41616021719895e-05
gene_6751	interaction_vs_onu	4277.92356653905	0.285631095500253	0.061827005127105	4.61984362517717	3.84029369158481e-06	1.41815849870431e-05
gene_7852	interaction_vs_onu	316.34930489595	1.3134193429582	0.284327576166077	4.61938782255517	3.84873890020761e-06	1.42066429434141e-05
gene_824	interaction_vs_onu	9184.74993211831	0.469723741716587	0.101711242641323	4.61820866128862	3.87066933038587e-06	1.42814351155617e-05
gene_3612	interaction_vs_onu	2181.62542443001	0.445750923012667	0.0965827812273311	4.61522144370107	3.92676396687804e-06	1.44821626697441e-05
gene_476	interaction_vs_onu	1088.23227084445	-0.527058276094328	0.114204010644739	-4.61505925333812	3.9298318091013e-06	1.44829982707842e-05
gene_957	interaction_vs_onu	7620.45206990095	-0.507662460105164	0.11000197102697	-4.61503057959475	3.93037441390556e-06	1.44829982707842e-05
gene_8352	interaction_vs_onu	2896.45055757678	0.7293434567619	0.158041632833076	4.61488181112528	3.9331907725895e-06	1.4487139850846e-05
gene_5686	interaction_vs_onu	900.755878041615	-0.831190941398444	0.180146591043306	-4.61396985968294	3.95049738207829e-06	1.45446269206839e-05
gene_7304	interaction_vs_onu	983.13527977234	0.525080721013916	0.113813729843903	4.61350947494709	3.95926205997441e-06	1.45643675261629e-05
gene_5625	interaction_vs_onu	1315.61134146172	0.493333825958968	0.106930456530695	4.61359505948948	3.95763131596418e-06	1.45643675261629e-05
gene_173	interaction_vs_onu	1390.33490302066	0.319342287614201	0.0692434256226292	4.61187881365935	3.99045629952494e-06	1.46728118229955e-05
gene_630	interaction_vs_onu	200.899334094479	-0.929208218958278	0.201537161044279	-4.61060488370243	4.01499009216941e-06	1.4756683206943e-05
gene_664	interaction_vs_onu	37312.9364248949	-0.632643219575118	0.137226386577338	-4.61021553765515	4.0225170535766e-06	1.47780025659295e-05
gene_5604	interaction_vs_onu	4076.78689897075	-0.749104790447498	0.16250739765798	-4.60966578287159	4.03316812048717e-06	1.48107761095539e-05
gene_106	interaction_vs_onu	160.901586290317	0.954398490300194	0.207272638028313	4.60455610243078	4.13346578955593e-06	1.51725845448537e-05
gene_1382	interaction_vs_onu	233.451076861688	0.802655543629101	0.174334560207417	4.60411029616923	4.14232897698623e-06	1.5198600961424e-05
gene_6153	interaction_vs_onu	622.57341653701	-0.430132681336086	0.0934270709825648	-4.60394055826022	4.14570836428004e-06	1.52044831183535e-05
gene_8013	interaction_vs_onu	1551.60861544794	-0.631435537677984	0.13721279804265	-4.60187057392207	4.18713375624524e-06	1.53498350978412e-05
gene_1149	interaction_vs_onu	2331.34371778614	0.413953066745011	0.0899766952436254	4.60066982482709	4.21134512488008e-06	1.54319838480195e-05
gene_208	interaction_vs_onu	751.172194445197	0.889825477176297	0.19348256388292	4.59899568890739	4.24532566553842e-06	1.55498449709067e-05
gene_7991	interaction_vs_onu	441.833946780997	-0.82893620727078	0.180280449588979	-4.59803716465468	4.26489928862192e-06	1.56148579600529e-05
gene_1137	interaction_vs_onu	3412.14725467607	0.304287603887941	0.0662088702658538	4.59587367472229	4.30939737536053e-06	1.57710310102976e-05
gene_4641	interaction_vs_onu	6735.19706671768	0.388401783435542	0.0845542507126424	4.59352167587086	4.35827726313329e-06	1.59430997318038e-05
gene_5526	interaction_vs_onu	275.067648785492	0.703613316892441	0.153183475680588	4.59327165522468	4.3635043860455e-06	1.59554026247542e-05
gene_1001	interaction_vs_onu	1857.14677665976	0.344827750658931	0.075091088376743	4.59212615122689	4.38753006966449e-06	1.60364036705073e-05
gene_5149	interaction_vs_onu	1336.15146306013	0.511664248991659	0.111451670632605	4.59090694726629	4.4132407502506e-06	1.61234916014277e-05
gene_4187	interaction_vs_onu	1862.56409973238	-0.4551676463155	0.0991984439578866	-4.58845550549901	4.46537455998936e-06	1.63069992463775e-05
gene_6725	interaction_vs_onu	2191.3325328554	0.642939534244231	0.140149365286348	4.58753083134269	4.48519206019091e-06	1.63723855160913e-05
gene_2323	interaction_vs_onu	2084.78744455243	-0.403101272599834	0.0878889606367935	-4.58648355469437	4.5077389189092e-06	1.64476748277335e-05
gene_2332	interaction_vs_onu	4776.67193582192	0.234354363405974	0.0511019568682319	4.58601544379727	4.51785197328819e-06	1.64775512958444e-05
gene_4053	interaction_vs_onu	395.097007470149	-0.585758862462867	0.127750267990739	-4.58518695636184	4.53580389175059e-06	1.65359801164332e-05
gene_776	interaction_vs_onu	1458.19115510031	0.461926633462265	0.100746211288542	4.58505215783532	4.53873120356544e-06	1.65396079619073e-05
gene_2262	interaction_vs_onu	9371.73731734416	-0.254996246005575	0.0556550665267809	-4.58172565264785	4.61154633342778e-06	1.67978028145284e-05
gene_4008	interaction_vs_onu	1858.6786653822	-0.414097665892901	0.0904393466656758	-4.57873349554019	4.67799766013115e-06	1.70326073886528e-05
gene_6973	interaction_vs_onu	119.35300619768	1.09686842375641	0.239572647218895	4.57843763254918	4.6846179396635e-06	1.70494598484352e-05
gene_4021	interaction_vs_onu	130.27924397862	0.7462827761288	0.163074076404948	4.57634219111332	4.73176340803814e-06	1.72137249353194e-05
gene_396	interaction_vs_onu	834.238018000268	-0.459601341715258	0.10043960016703	-4.57589776294357	4.74182087673502e-06	1.72429850063092e-05
gene_8535	interaction_vs_onu	1490.1927066703	-0.398254023191471	0.0870472666458739	-4.57514679710335	4.75886188162847e-06	1.72976041217579e-05
gene_3970	interaction_vs_onu	5543.83979855272	0.292785146300938	0.0640536881565091	4.57093345796959	4.85556458969697e-06	1.76416098844678e-05
gene_2530	interaction_vs_onu	4927.30548569903	0.446606210880992	0.0977344433402594	4.56958873061922	4.88682238353015e-06	1.77476451434103e-05
gene_2866	interaction_vs_onu	15169.688129859	-0.356812300226043	0.0781753142226704	-4.56425796012432	5.01264134766023e-06	1.81968659609718e-05
gene_3249	interaction_vs_onu	167.046616108611	-0.646696490814636	0.141724178663009	-4.56306395221629	5.04124502705561e-06	1.82929450748605e-05
gene_3133	interaction_vs_onu	2989.39469694453	0.621703260077738	0.136263957543065	4.5624923221627	5.05499427399065e-06	1.83350639768475e-05
gene_3361	interaction_vs_onu	33.355574538979	-2.26581593462575	0.496792373954202	-4.56089113564902	5.09369856729966e-06	1.8467623776402e-05
gene_2621	interaction_vs_onu	1187.08128401196	-0.396286571187918	0.0868905719745661	-4.56075454657976	5.09701333773709e-06	1.84718180232978e-05
gene_3611	interaction_vs_onu	818.065826728494	0.592798844357561	0.129985267921556	4.56050792398494	5.10300365607928e-06	1.84857009293435e-05
gene_420	interaction_vs_onu	1144.9413654993	-0.590770799993724	0.129554298530533	-4.56002468999122	5.11476067854828e-06	1.8520453218432e-05
gene_873	interaction_vs_onu	2574.97637466028	0.411212817845463	0.0901933477439888	4.55923666358053	5.13398891965783e-06	1.85822178233704e-05
gene_4024	interaction_vs_onu	1879.78415217477	0.492159319369858	0.107951443569237	4.55908048190392	5.13780804116442e-06	1.85881812478307e-05
gene_297	interaction_vs_onu	497.230394132364	-0.695905078981612	0.152647140676279	-4.55891329440247	5.14189930358218e-06	1.85951238017167e-05
gene_268	interaction_vs_onu	2688.53226949339	0.405856203882052	0.0890313040138934	4.55857867496491	5.15009718224369e-06	1.86169053547323e-05
gene_1374	interaction_vs_onu	727.983478983656	0.604479493783977	0.132614311222883	4.55817692834099	5.15995615094728e-06	1.86446706002992e-05
gene_4353	interaction_vs_onu	620.113157507061	0.555677655762536	0.121956752276609	4.55635006171869	5.20501633158618e-06	1.87995526575433e-05
gene_811	interaction_vs_onu	2990.97101923597	-0.380857832719372	0.0836252798770917	-4.55433851198033	5.25506756697469e-06	1.897232322788e-05
gene_8617	interaction_vs_onu	3320.25967588502	0.287617328214498	0.063156302212339	4.5540558604507	5.26213730045133e-06	1.89898378127586e-05
gene_3621	interaction_vs_onu	83.9283018615379	-1.11574633517277	0.2450565319216	-4.55301609968808	5.28822243994564e-06	1.90759309253833e-05
gene_8431	interaction_vs_onu	1874.98380317655	-0.467121911116691	0.102714896331785	-4.54775234945294	5.42218862322917e-06	1.95509412867909e-05
gene_1097	interaction_vs_onu	887.34857939944	0.515235239258111	0.113357322096282	4.5452312186811	5.48749816602666e-06	1.97780986531319e-05
gene_7460	interaction_vs_onu	725.581480625536	-0.542769292855889	0.119536258141242	-4.54062475516476	5.60877789056254e-06	2.0206708225259e-05
gene_2949	interaction_vs_onu	424.989479759528	-0.744752057437703	0.164049616900777	-4.53979760213738	5.63082530705529e-06	2.02776039665096e-05
gene_8002	interaction_vs_onu	65.2925443331794	1.25404343148691	0.276350681602735	4.53786986959432	5.68253063666853e-06	2.04546388515833e-05
gene_5687	interaction_vs_onu	236.529803445533	-0.722860645385545	0.159298057053803	-4.53778695581577	5.68476469952296e-06	2.04546388515833e-05
gene_7264	interaction_vs_onu	302.508123970479	0.750104026669702	0.165424323242147	4.53442403129377	5.77608863302184e-06	2.07745036549021e-05
gene_2168	interaction_vs_onu	2398.62111620636	-0.520507225626157	0.114812005428582	-4.53356096066047	5.79975173817407e-06	2.08508504320748e-05
gene_1986	interaction_vs_onu	992.53358247521	0.358449462459648	0.0790767005153016	4.53293397579591	5.81700015469446e-06	2.09040811604469e-05
gene_2266	interaction_vs_onu	1383.38748545845	-0.376233892557827	0.0830268864003727	-4.53147057380364	5.85744972724038e-06	2.10406083362055e-05
gene_3979	interaction_vs_onu	195.603306047926	-0.914891348970493	0.201911476678697	-4.53115079944843	5.86632431023114e-06	2.10636476910984e-05
gene_3552	interaction_vs_onu	1817.3564893313	0.311883973497084	0.0688501047516389	4.52989831492826	5.9012081366252e-06	2.11800174631076e-05
gene_4713	interaction_vs_onu	987.536820097984	-0.399887681951658	0.0883264347137945	-4.52738393944486	5.97183803685346e-06	2.14245321020392e-05
gene_2828	interaction_vs_onu	842.123778431443	-0.69531301022121	0.153588477408636	-4.52711702044724	5.97938323054059e-06	2.14426143499905e-05
gene_901	interaction_vs_onu	1763.53021732695	-0.578493664451912	0.127886572445784	-4.52349025693967	6.08281208959674e-06	2.17952580523014e-05
gene_1499	interaction_vs_onu	522.877956263571	-0.556880212220966	0.123106856681322	-4.5235515488997	6.08105001488837e-06	2.17952580523014e-05
gene_1226	interaction_vs_onu	3418.64286260792	0.590512693543698	0.130578524780164	4.52228032548121	6.11769644381524e-06	2.19110801502337e-05
gene_6071	interaction_vs_onu	3947.47512847427	-0.534145952361605	0.118170967818962	-4.52011151486816	6.18070658306932e-06	2.21274982647735e-05
gene_840	interaction_vs_onu	1475.6885428931	-0.640833408285889	0.14182010606949	-4.5186357988753	6.2239348727042e-06	2.22729441932893e-05
gene_5195	interaction_vs_onu	5114.81714742579	0.664328225212535	0.147047847351558	4.51776912873995	6.24945701037804e-06	2.23456983541603e-05
gene_3739	interaction_vs_onu	826.549579509395	-0.608735319846603	0.134742488115244	-4.51776813951928	6.24948619858175e-06	2.23456983541603e-05
gene_6299	interaction_vs_onu	3477.14080110699	-0.523427800280083	0.115916574039855	-4.51555616283239	6.31508065658335e-06	2.25708101963898e-05
gene_4185	interaction_vs_onu	406.449789757035	-0.499517246301763	0.110669758348186	-4.51358396148473	6.37411983577082e-06	2.2772314605258e-05
gene_7615	interaction_vs_onu	1854.02594991244	0.384289956180214	0.0851593818368987	4.51259682598712	6.40386836145663e-06	2.28690501351977e-05
gene_5515	interaction_vs_onu	337.706878930081	-0.656167876622926	0.145429471417946	-4.5119319366649	6.42398042786008e-06	2.29313062812687e-05
gene_1283	interaction_vs_onu	23.8473246135909	-2.98646137103621	0.662508798573616	-4.50780635286064	6.55013155459807e-06	2.33648980505074e-05
gene_6838	interaction_vs_onu	6052.42889364314	-0.331656674626676	0.0735742609032898	-4.50778126147437	6.55090599546936e-06	2.33648980505074e-05
gene_4171	interaction_vs_onu	938.910101789677	0.387329188832228	0.0859610916169695	4.50586633494735	6.61026898953197e-06	2.35668065599307e-05
gene_6832	interaction_vs_onu	1375.0484213762	0.634418064029672	0.140835001024835	4.50469030719002	6.64698072217784e-06	2.36878247218328e-05
gene_2273	interaction_vs_onu	711.157007560424	-0.681974206828538	0.151451791254478	-4.50291278287125	6.70283963677835e-06	2.38769485188609e-05
gene_4069	interaction_vs_onu	196.793354204685	-0.844174250021483	0.187533897418409	-4.50144886680425	6.74918030407073e-06	2.40320230461087e-05
gene_3114	interaction_vs_onu	1003.99366678538	-0.484216202261318	0.107585282012946	-4.50076621264097	6.77089454132457e-06	2.40993169537373e-05
gene_4132	interaction_vs_onu	3361.16548754244	0.549175115089225	0.122050719548298	4.49956474752207	6.80927380992647e-06	2.42258453087991e-05
gene_8166	interaction_vs_onu	8934.62030469403	-0.331569183423155	0.073720274133357	-4.49766617556739	6.8703458138331e-06	2.44329705718369e-05
gene_764	interaction_vs_onu	337.572837710399	-0.668416066483661	0.148672959823088	-4.49588188248243	6.92821909002602e-06	2.46285529113882e-05
gene_3450	interaction_vs_onu	39.9899225207843	-1.62248922822344	0.360900080623144	-4.49567433019683	6.9349812127746e-06	2.4642357484994e-05
gene_4278	interaction_vs_onu	3549.16695417124	0.835965410411484	0.185978146572511	4.49496581086504	6.95811259894812e-06	2.47142920526954e-05
gene_7276	interaction_vs_onu	956.723587964033	-0.656430787660397	0.146042059931805	-4.49480641376135	6.96332667531244e-06	2.47225534386871e-05
gene_3201	interaction_vs_onu	220.632284775438	-0.602124699785762	0.133968418057021	-4.49452720662478	6.97246889356054e-06	2.47447486438135e-05
gene_3944	interaction_vs_onu	2723.60263446549	0.475933526968109	0.10591032356935	4.49374065651369	6.99828506145575e-06	2.4826075477025e-05
gene_1633	interaction_vs_onu	4485.5980042485	-0.343556999843156	0.0765896369630109	-4.48568518491709	7.26799889172196e-06	2.5772191596164e-05
gene_6942	interaction_vs_onu	138.201272649815	-1.05719846861814	0.235704008882152	-4.48527996461323	7.28182581940467e-06	2.57998464462351e-05
gene_7233	interaction_vs_onu	1687.40960800142	0.436369022313366	0.0972889763741003	4.48528742491255	7.2815710319133e-06	2.57998464462351e-05
gene_3669	interaction_vs_onu	4420.99039886167	0.506878637982504	0.113049919288233	4.48367094088905	7.33697758922653e-06	2.5984496551005e-05
gene_1190	interaction_vs_onu	1349.12347304871	-0.388228600363306	0.0865919551742349	-4.48342573605292	7.34541735916345e-06	2.60036280374025e-05
gene_1636	interaction_vs_onu	2278.42572177827	-0.657025015367029	0.146587586045979	-4.48213271730218	7.39007588956038e-06	2.6150909307415e-05
gene_5352	interaction_vs_onu	647.004971273907	-0.542705559589945	0.12111675983885	-4.48084608861756	7.43477136437202e-06	2.6298199536787e-05
gene_2923	interaction_vs_onu	821.464776849206	0.377778517199979	0.0843357122565129	4.47946080126695	7.48318303322409e-06	2.64507563368673e-05
gene_1004	interaction_vs_onu	36285.3537055336	0.338047904963084	0.0754666359606097	4.47943519225543	7.48408082335195e-06	2.64507563368673e-05
gene_6316	interaction_vs_onu	683.180455806828	-0.387067690869693	0.0864543537664285	-4.47713358560777	7.56519155663852e-06	2.67263886606792e-05
gene_43	interaction_vs_onu	248.160626751105	-0.890145804872379	0.199080385973214	-4.47128832165388	7.77497928549821e-06	2.74561974768419e-05
gene_4564	interaction_vs_onu	3267.50299015302	-0.640427926837754	0.14330525244821	-4.4689773465854	7.85944529466128e-06	2.77430316380621e-05
gene_8385	interaction_vs_onu	432.292398391852	-0.483878126825434	0.108386165566575	-4.46439012115636	8.02971426950817e-06	2.83323801100536e-05
gene_2967	interaction_vs_onu	749.951912853921	-0.484379565422565	0.108509656174722	-4.46393051547981	8.04696698094896e-06	2.83815563893379e-05
gene_2960	interaction_vs_onu	28.4937253081186	2.14954359250545	0.481711285399368	4.46230689970933	8.10819853241937e-06	2.8585741119238e-05
gene_3638	interaction_vs_onu	3711.74706346928	0.291478745155598	0.0653359997133649	4.46122729328919	8.14916008401503e-06	2.8718324544738e-05
gene_1532	interaction_vs_onu	1955.53394210131	0.438082054587564	0.0982347808763959	4.45954122032177	8.21352764027309e-06	2.89332496299332e-05
gene_1810	interaction_vs_onu	211.013285808868	1.26963112685056	0.284742342681508	4.45887715502388	8.23901216688508e-06	2.90110835658314e-05
gene_225	interaction_vs_onu	2035.76698950956	-0.389574994316974	0.0873776749502526	-4.45851866095972	8.25280132462757e-06	2.90476888728668e-05
gene_8565	interaction_vs_onu	117.544083695813	0.839031329660543	0.188232743126784	4.45741434632025	8.29541658429612e-06	2.91856826804664e-05
gene_6327	interaction_vs_onu	892.987375597345	0.765512874662722	0.17188853375082	4.45354240889887	8.44650152528348e-06	2.97050341234292e-05
gene_5296	interaction_vs_onu	3352.99550187858	0.321555215774971	0.0722452143142909	4.4508860389852	8.55167167246372e-06	3.00625501093591e-05
gene_292	interaction_vs_onu	1611.50021464817	0.512615568034071	0.115174515769338	4.45077250475005	8.55619445656357e-06	3.00661020312743e-05
gene_1912	interaction_vs_onu	1757.69207098478	0.551614143229565	0.124013558104279	4.44801481113645	8.66675550942998e-06	3.04421120889293e-05
gene_7137	interaction_vs_onu	2610.58987733771	0.541740596691356	0.121828017589291	4.44676526312429	8.71730047015175e-06	3.06070927089824e-05
gene_3087	interaction_vs_onu	4754.73900473409	0.29547397717186	0.0664510393876261	4.4464914303038	8.72841474088332e-06	3.06335507101112e-05
gene_2315	interaction_vs_onu	34.7259859866189	-1.75946191064978	0.395749297517669	-4.4459002749619	8.75245462401787e-06	3.0705332615407e-05
gene_3190	interaction_vs_onu	1601.16689347654	-0.444826889388214	0.100058233563558	-4.44568001598445	8.76142782960459e-06	3.07242204921816e-05
gene_6293	interaction_vs_onu	5133.90139339732	-0.435563949265989	0.0980508641437497	-4.44222448287065	8.90336003022572e-06	3.1209157190308e-05
gene_7683	interaction_vs_onu	412.763058734479	-0.865224698745413	0.195029547509862	-4.43637751198527	9.14853519417327e-06	3.20554487360308e-05
gene_1155	interaction_vs_onu	913.159044134602	0.356749925385418	0.0804221076348507	4.4359683658778	9.16593086213995e-06	3.21032603027488e-05
gene_4505	interaction_vs_onu	3574.31815134498	-0.348631316576569	0.078612773947846	-4.43479219812114	9.21611417951033e-06	3.22658230579176e-05
gene_6877	interaction_vs_onu	657.763205152522	0.581871845143505	0.131271525148771	4.43258234780212	9.31111222986194e-06	3.25850861355757e-05
gene_1268	interaction_vs_onu	2707.8909608951	0.329573252198983	0.0743843962116501	4.43067725200362	9.39375959777591e-06	3.28608835949987e-05
gene_5248	interaction_vs_onu	23899.3654876872	0.570842870182742	0.128848809322082	4.43033096841285	9.40885724245252e-06	3.29002524490987e-05
gene_7455	interaction_vs_onu	360.157264843772	0.749395635942979	0.169182565731268	4.42950863585631	9.44480312725783e-06	3.30048478442193e-05
gene_5512	interaction_vs_onu	1777.48229976584	0.480598742002831	0.108500273570946	4.42947032468613	9.44648098345062e-06	3.30048478442193e-05
gene_223	interaction_vs_onu	1874.46709418685	-0.621098621283858	0.140228354312294	-4.42919425482699	9.45858001806447e-06	3.30336372723916e-05
gene_4259	interaction_vs_onu	960.882945419786	0.420962158078589	0.0950823551108814	4.42734256621724	9.54011558188432e-06	3.33048080672634e-05
gene_2100	interaction_vs_onu	1624.23652011511	0.557948227934076	0.126032367511292	4.42702330323268	9.55424140858398e-06	3.33405244425107e-05
gene_3871	interaction_vs_onu	9139.52192876373	-0.350670389549996	0.0792566620838677	-4.42449101854585	9.66699252516909e-06	3.37202347251212e-05
gene_7425	interaction_vs_onu	1311.45052464088	-0.689209943547295	0.155792220705679	-4.42390473943717	9.69327748029266e-06	3.37981487703891e-05
gene_7558	interaction_vs_onu	2559.37549911336	0.397259744046288	0.0898002424071434	4.42381594300336	9.69726448505345e-06	3.37982833843883e-05
gene_7878	interaction_vs_onu	1144.399887303	-0.578342029922684	0.130745135501043	-4.42343057511359	9.71458585693733e-06	3.38448738035749e-05
gene_4636	interaction_vs_onu	302.699655443696	1.09920516124308	0.248524497970138	4.422924782953	9.73736486856059e-06	3.39104325772492e-05
gene_6039	interaction_vs_onu	1463.3170264239	0.390143222009901	0.0882408057596622	4.42134700211734	9.80875056571402e-06	3.41451422702367e-05
gene_1065	interaction_vs_onu	2764.21665765317	-0.308920634118061	0.0698913515976125	-4.42001230562285	9.86952809895518e-06	3.43427481817302e-05
gene_8070	interaction_vs_onu	3358.39001208683	-0.318720837353331	0.0721317206201461	-4.41859468501731	9.9344755762318e-06	3.45546976564584e-05
gene_6006	interaction_vs_onu	512.702325033258	-0.436014419061151	0.0987417212384997	-4.41570608241684	1.00680808508253e-05	3.50051876860538e-05
gene_4073	interaction_vs_onu	235.62289700127	-0.899153428861905	0.203677866321682	-4.41458586099783	1.01203543512103e-05	3.51726484962892e-05
gene_1519	interaction_vs_onu	25041.1319744579	0.362726750230706	0.0821959088132707	4.4129538254116	1.01969750457218e-05	3.54101851486323e-05
gene_2590	interaction_vs_onu	5197.93877077223	-0.318793190388183	0.0722395836600875	-4.41299872225478	1.01948598409734e-05	3.54101851486323e-05
gene_4592	interaction_vs_onu	897.931811947073	0.613554046481891	0.13907276202428	4.41174848008536	1.02539188606928e-05	3.55934896380901e-05
gene_4807	interaction_vs_onu	263.314219037031	0.727967036955201	0.16508309401694	4.40970071036167	1.03513579992863e-05	3.59171562520839e-05
gene_1443	interaction_vs_onu	931.709180003198	-0.368520809869842	0.0836175348980474	-4.40721925513793	1.0470618406371e-05	3.63162453640745e-05
gene_2258	interaction_vs_onu	2228.8846671744	-0.403481761029875	0.091568481043219	-4.40633891086866	1.05132427963431e-05	3.64493148386784e-05
gene_7183	interaction_vs_onu	45.6464517844418	-1.69520895400905	0.384900253277122	-4.40428121201711	1.0613519397583e-05	3.67820753211785e-05
gene_1617	interaction_vs_onu	2444.110729354	0.368598739578922	0.0837465083859641	4.40136247687073	1.07573240772442e-05	3.72653557673857e-05
gene_6928	interaction_vs_onu	2234.70448882903	-0.486472517076002	0.110532627093534	-4.40116669500983	1.0767036444641e-05	3.72839126076567e-05
gene_3146	interaction_vs_onu	4380.47120200295	0.746495674292373	0.169824331115588	4.39569329900252	1.10419751415961e-05	3.82205043316064e-05
gene_4553	interaction_vs_onu	779.87782696428	0.439958434586753	0.100120130457778	4.39430544661836	1.11127474950666e-05	3.84499266603761e-05
gene_266	interaction_vs_onu	623.866924709688	-0.635604367025117	0.144705248437197	-4.39240714410558	1.12102513833249e-05	3.87716169055599e-05
gene_2919	interaction_vs_onu	543.25873373478	-0.725317847219362	0.165173996178488	-4.39123508542822	1.12708599141557e-05	3.89654930796335e-05
gene_977	interaction_vs_onu	95.8046886784864	-1.02795856913425	0.234100995988028	-4.39109011388752	1.12783782657132e-05	3.89757440268491e-05
gene_5714	interaction_vs_onu	826.304657468131	-0.447114573684966	0.101859302696346	-4.38953106735735	1.13595349735969e-05	3.92403629434985e-05
gene_4380	interaction_vs_onu	1578.92441464898	-0.433712877611823	0.0988209665629659	-4.38887508083089	1.13938489480897e-05	3.93430201676675e-05
gene_1686	interaction_vs_onu	1110.35138256858	0.771879671258954	0.175959061430345	4.38670032099774	1.15083175521506e-05	3.97222573574232e-05
gene_6081	interaction_vs_onu	616.175637964977	-0.427058742342484	0.0973636896008171	-4.3862218460844	1.15336490213186e-05	3.97936459582777e-05
gene_7294	interaction_vs_onu	574.303978798234	-0.69880702701324	0.159359465073472	-4.38509897539539	1.15933053395933e-05	3.99833576579042e-05
gene_3353	interaction_vs_onu	606.344029594987	-0.420343353491496	0.0958749953721559	-4.3842855153198	1.1636707023225e-05	4.01168796289996e-05
gene_6879	interaction_vs_onu	691.059032065899	0.954915728288442	0.217865095583826	4.38305973579428	1.1702400819154e-05	4.03271139339607e-05
gene_7412	interaction_vs_onu	1616.83924928524	0.371919449697163	0.0848880710648598	4.38129227147821	1.17977489034907e-05	4.06393282148411e-05
gene_4494	interaction_vs_onu	507.392442226684	-0.828106437294361	0.189041458336427	-4.38055463908148	1.18377603178087e-05	4.07607515367831e-05
gene_6489	interaction_vs_onu	776.942543301169	-0.626987905206263	0.14319331215389	-4.37861165284338	1.19437746067653e-05	4.11092523658668e-05
gene_7520	interaction_vs_onu	452.3333512433	-0.502713900121329	0.114851135314899	-4.37709125593743	1.20273626678356e-05	4.13803152880518e-05
gene_1340	interaction_vs_onu	341.801632909394	-0.49668633063912	0.113576261289984	-4.37315267290738	1.22465015844124e-05	4.21070507297018e-05
gene_796	interaction_vs_onu	450.436045792256	0.494265630968092	0.11302361256719	4.37311832228208	1.22484294762801e-05	4.21070507297018e-05
gene_6834	interaction_vs_onu	1701.42470520911	0.341003813548124	0.0779910295592863	4.37234660800193	1.22918175302137e-05	4.22392445036649e-05
gene_8093	interaction_vs_onu	441.290920241474	-0.557294275712721	0.127493301154894	-4.3711651566356	1.23585264827982e-05	4.24514392828059e-05
gene_312	interaction_vs_onu	166.15384785193	-1.05705017589809	0.24185458910344	-4.37060210358876	1.23904398883083e-05	4.25439893477413e-05
gene_3683	interaction_vs_onu	139.351664656769	-1.10162623008409	0.252233932515183	-4.36747831308452	1.25689272076219e-05	4.31395416588787e-05
gene_7251	interaction_vs_onu	1861.15503599567	0.46903041880024	0.107518331382037	4.36232977922312	1.28684700532756e-05	4.4149941345106e-05
gene_3951	interaction_vs_onu	428.701721305263	0.446299302261165	0.102337842163968	4.36103881832974	1.29446396443302e-05	4.43934757033119e-05
gene_6910	interaction_vs_onu	527.235004942577	-0.699180564716836	0.160330376875933	-4.36087395502024	1.29543978676488e-05	4.44091492779631e-05
gene_6900	interaction_vs_onu	1720.1006896297	0.334079240035086	0.0766529936335584	4.35833258688057	1.31057117370061e-05	4.49098848954254e-05
gene_7350	interaction_vs_onu	6424.26089341993	0.391053397254435	0.0897325572678262	4.35798788267286	1.31263649392504e-05	4.49626586154395e-05
gene_2523	interaction_vs_onu	1261.67726970722	-0.539681248246406	0.123893563023589	-4.35600716514749	1.32456442150459e-05	4.53530857923173e-05
gene_1094	interaction_vs_onu	589.034850189763	-0.719205128224434	0.165131515514624	-4.35534746945832	1.32856002793352e-05	4.54717066737741e-05
gene_1462	interaction_vs_onu	3533.154152391	-0.512300357712023	0.117657494635201	-4.35416680680154	1.33573971748414e-05	4.56991685917834e-05
gene_5022	interaction_vs_onu	579.300904863403	-0.553920070230194	0.127226704836752	-4.35380347970928	1.33795657160321e-05	4.57384514893111e-05
gene_8272	interaction_vs_onu	399.427911499954	0.459819714314092	0.105612267507826	4.35384757059608	1.33768736237573e-05	4.57384514893111e-05
gene_869	interaction_vs_onu	17934.1865616865	-0.303684351311224	0.069800193298614	-4.35076662341069	1.35662383352223e-05	4.63580838920172e-05
gene_2139	interaction_vs_onu	137.652933988721	0.725177801866366	0.166774809825402	4.34824541323452	1.37230995864079e-05	4.68753920429574e-05
gene_2045	interaction_vs_onu	564.607275899909	-0.395830944079979	0.0910550463636362	-4.34716097446367	1.37911005001812e-05	4.70888792507183e-05
gene_3039	interaction_vs_onu	2750.99387271702	-0.396138627974965	0.0911733634955153	-4.3448943067067	1.39342737899019e-05	4.75587654073206e-05
gene_3324	interaction_vs_onu	253.084183291942	-0.576884924298342	0.132877901315468	-4.34146625275747	1.4153501994912e-05	4.82877549128922e-05
gene_6062	interaction_vs_onu	1643.94916451471	0.2960102449441	0.0682008839792068	4.3402699154801	1.42307805913561e-05	4.85320644868557e-05
gene_5194	interaction_vs_onu	810.39858848642	0.785839797327116	0.181088326635344	4.33953867666774	1.42782136665017e-05	4.86744360753702e-05
gene_3774	interaction_vs_onu	2031.0245582202	-0.639385707849168	0.14735177019922	-4.33917900670428	1.43015995667386e-05	4.87347501159562e-05
gene_2052	interaction_vs_onu	841.300039333503	-0.426430448224856	0.0982806061217429	-4.33890739030064	1.43192843900563e-05	4.8775596648978e-05
gene_2188	interaction_vs_onu	2609.79493524424	0.367624158853715	0.0847636118780887	4.33705160396481	1.44406730192602e-05	4.91695151332009e-05
gene_2624	interaction_vs_onu	388.923904418902	-0.515848518229761	0.118954868890097	-4.33650613079449	1.4476539109776e-05	4.92720376857586e-05
gene_4045	interaction_vs_onu	251.815670120175	0.649738550511023	0.149837380748369	4.33629143319163	1.44906792461087e-05	4.93005621409739e-05
gene_6999	interaction_vs_onu	40732.287228582	0.663915572035852	0.153117747233939	4.33598053804629	1.45111783681347e-05	4.93506900402198e-05
gene_4266	interaction_vs_onu	2443.7268469754	0.709472879914291	0.163662715565984	4.33496949785276	1.45780334850014e-05	4.95583664144607e-05
gene_771	interaction_vs_onu	277.004768619409	-0.707396827607116	0.163190709018546	-4.33478616436873	1.45901878438385e-05	4.95799952136789e-05
gene_1372	interaction_vs_onu	647.113891331559	0.397904154328931	0.0918085045877622	4.33406639303839	1.46379996352987e-05	4.97227289199035e-05
gene_2112	interaction_vs_onu	3886.42708453441	0.419058770508367	0.0966953386644803	4.33380529295672	1.46553804643432e-05	4.97620217274011e-05
gene_5469	interaction_vs_onu	273.662082893339	-0.661640375740343	0.152683815458126	-4.33340216024272	1.46822547321048e-05	4.98167999771143e-05
gene_7333	interaction_vs_onu	230.595841244327	-0.534921514271782	0.123441849060882	-4.33338870359888	1.4683152610077e-05	4.98167999771143e-05
gene_1360	interaction_vs_onu	1501.58506678887	0.661613744780045	0.152688767214413	4.33308721296424	1.47032829342851e-05	4.98653335647706e-05
gene_3425	interaction_vs_onu	75.8310378995681	0.965411736709944	0.222960452915506	4.3299684947976	1.49130676208394e-05	5.05567757759942e-05
gene_7366	interaction_vs_onu	3940.86130740295	-0.524245036512678	0.121191182319398	-4.32576880990431	1.52000779474298e-05	5.15093694497225e-05
gene_3936	interaction_vs_onu	3020.4663102996	0.314747006864388	0.072765129248628	4.32551979381418	1.5217260288464e-05	5.15471895802343e-05
gene_7279	interaction_vs_onu	76.7408648558777	-1.04939797838271	0.242818198190572	-4.32174353570939	1.54801061893189e-05	5.24168152613014e-05
gene_6176	interaction_vs_onu	579.033563028614	0.944516341975263	0.218602226722224	4.32070778114923	1.55529526978365e-05	5.2642655236647e-05
gene_2933	interaction_vs_onu	83.8924936347475	-0.912851739049777	0.211434715900613	-4.31741653758917	1.57866072333149e-05	5.34123944336663e-05
gene_6801	interaction_vs_onu	3549.67724680598	-0.532170525962795	0.123330327315839	-4.31500132647786	1.59601944942337e-05	5.39783741093008e-05
gene_1919	interaction_vs_onu	37722.5070825853	-0.452729562804719	0.104945088523444	-4.31396618150055	1.6035148633619e-05	5.42104550962792e-05
gene_3699	interaction_vs_onu	254.776731065909	-1.103700373203	0.255888393087911	-4.31320998926208	1.60901159569944e-05	5.437480955068e-05
gene_1852	interaction_vs_onu	1014.5645962199	-0.349829472623484	0.08112617432341	-4.312165285015	1.61663506391921e-05	5.46108766659372e-05
gene_6845	interaction_vs_onu	665.779360084014	0.417452947234245	0.0968189520221473	4.31168628161512	1.6201419718449e-05	5.47077525798516e-05
gene_8566	interaction_vs_onu	40.7988814922398	-1.51125853641793	0.350549621627362	-4.3111115892871	1.62435901201706e-05	5.48285218567274e-05
gene_6987	interaction_vs_onu	1478.04606174141	-0.589042682277574	0.136658252388663	-4.31033378505607	1.63008313355869e-05	5.50000458149878e-05
gene_1956	interaction_vs_onu	1886.21376649589	-0.279559858981558	0.0648744254380158	-4.30924601018106	1.63812068675971e-05	5.52494605148271e-05
gene_6023	interaction_vs_onu	5586.9819986435	0.394202896074172	0.0914822862208593	4.30906257767187	1.63947978347075e-05	5.5273520860613e-05
gene_2336	interaction_vs_onu	139.63455377999	-1.00854254055932	0.234078833314645	-4.30855932712061	1.64321401207984e-05	5.53776060763914e-05
gene_1296	interaction_vs_onu	1131.85667111508	0.685361326671774	0.15915575060859	4.30623036900046	1.66060120506308e-05	5.59415439407318e-05
gene_6589	interaction_vs_onu	115.90450400716	-0.936759666567247	0.217552954982686	-4.30589263493019	1.66313712102717e-05	5.60049321636216e-05
gene_1610	interaction_vs_onu	664.917655609938	0.456572701589396	0.10607677202966	4.30417227875046	1.67611200384842e-05	5.64196569128686e-05
gene_3883	interaction_vs_onu	236.138462930777	0.567905799116337	0.131947097603173	4.30404161540784	1.67710139517311e-05	5.64307702149443e-05
gene_289	interaction_vs_onu	594.871352892281	0.842340140791713	0.195792723947571	4.3022034925939	1.69107890451109e-05	5.68787246468169e-05
gene_1977	interaction_vs_onu	57.5559562554143	-1.13015570152161	0.262726815618318	-4.30163818208594	1.69539993007392e-05	5.7001663006413e-05
gene_4443	interaction_vs_onu	1073.19747072473	0.35997740526583	0.0837105288902011	4.30026437579907	1.70594469725946e-05	5.7333673374719e-05
gene_4520	interaction_vs_onu	5034.6493543974	-0.59397330631431	0.138197640552221	-4.29799889448809	1.72347022732136e-05	5.78999417027899e-05
gene_635	interaction_vs_onu	2841.61978307446	-0.254015785144963	0.0591249859980484	-4.29625108331269	1.73710821347001e-05	5.83352150149208e-05
gene_7370	interaction_vs_onu	2627.12313905391	-0.293008587042926	0.0682607454872432	-4.29249028781387	1.76680281023837e-05	5.93091453162369e-05
gene_5543	interaction_vs_onu	5429.99346284615	0.41332883824684	0.0963031384781923	4.2919560543755	1.77106005447967e-05	5.94287497700743e-05
gene_8221	interaction_vs_onu	4068.59723898753	0.553436263363797	0.128968842647556	4.29124005459379	1.77678110323181e-05	5.95973598889666e-05
gene_7277	interaction_vs_onu	2464.20160852384	-0.390736400157263	0.0910607403974154	-4.29094249016619	1.77916390619067e-05	5.96539092714145e-05
gene_5310	interaction_vs_onu	2208.23941299093	0.434649586587262	0.101313380465357	4.29014987547361	1.7855257817515e-05	5.98437771800816e-05
gene_2089	interaction_vs_onu	392.605413333088	0.596000711245326	0.138956916465271	4.28910432388793	1.79395099811562e-05	6.01026244378461e-05
gene_4747	interaction_vs_onu	12.4721317471405	-3.98577059699534	0.929473614547091	-4.2882019829444	1.80125263769652e-05	6.03137154443855e-05
gene_3615	interaction_vs_onu	340.241064463942	-0.502806844613473	0.1172549124304	-4.28815163639244	1.80166086905717e-05	6.03137154443855e-05
gene_5199	interaction_vs_onu	1492.24182817476	0.602313400804599	0.140511054802631	4.28659084262545	1.81436026362842e-05	6.07151049908495e-05
gene_5162	interaction_vs_onu	849.976921109266	-0.398481264073964	0.0929731776408338	-4.28598090530307	1.81934615405005e-05	6.08581597446987e-05
gene_4481	interaction_vs_onu	5807.54509617369	0.296552516750521	0.0691953190038673	4.28573089942611	1.82139357902964e-05	6.09028477988035e-05
gene_4710	interaction_vs_onu	5034.91268296839	-0.451919812986039	0.105484508951589	-4.28422919609401	1.83373805603938e-05	6.12916741885869e-05
gene_3924	interaction_vs_onu	3109.08684718388	-0.393033440261905	0.0918167596118616	-4.28062852493794	1.86366218868042e-05	6.22675579043888e-05
gene_6925	interaction_vs_onu	17356.6083599267	0.243627599678171	0.056921545838762	4.28005944125761	1.8684340395336e-05	6.24026351088866e-05
gene_643	interaction_vs_onu	2292.7091864717	0.271602484250461	0.063463544446116	4.27966144376109	1.87177822099687e-05	6.24899437275087e-05
gene_110	interaction_vs_onu	236.172248293771	-0.64498601609679	0.150735909865774	-4.27891413977686	1.87807286602379e-05	6.26756480825092e-05
gene_7140	interaction_vs_onu	2180.39722048333	0.327104022179267	0.0764506374933612	4.27863040655053	1.88046806728538e-05	6.27311249258099e-05
gene_4274	interaction_vs_onu	1208.43350114201	0.380133017407044	0.0888846259678599	4.27670154729005	1.89682828207952e-05	6.32522403373614e-05
gene_6785	interaction_vs_onu	1533.74495649177	-0.701861919102167	0.16413732318802	-4.27606534254358	1.90225411749309e-05	6.34084705831029e-05
gene_2312	interaction_vs_onu	298.892446565498	-1.08316502031644	0.25335691363592	-4.27525345478817	1.90919972717572e-05	6.36152186244617e-05
gene_5912	interaction_vs_onu	1628.91569401148	-0.44499566560164	0.10412035219804	-4.27385862809265	1.92118874454747e-05	6.39897885343439e-05
gene_1105	interaction_vs_onu	1663.03846837139	0.291600539630132	0.0682311477655636	4.27371587873689	1.92241976128001e-05	6.40058854786342e-05
gene_3238	interaction_vs_onu	83.2249299306312	-1.03854768857004	0.243090854643119	-4.2722614558854	1.93500505181669e-05	6.43998570900112e-05
gene_2367	interaction_vs_onu	696.752274053629	-0.559490322512878	0.130988526687961	-4.27129258309538	1.94343232605835e-05	6.46551912594615e-05
gene_1524	interaction_vs_onu	27725.3912654479	-0.473804536490612	0.110967570092451	-4.26975679557433	1.95686229284899e-05	6.50766947427635e-05
gene_4135	interaction_vs_onu	2928.36427392043	-0.462479044798029	0.108366758058684	-4.26772059147127	1.97480456338692e-05	6.5647872087736e-05
gene_5087	interaction_vs_onu	1326.36469368477	-0.369250835949607	0.0865292113714442	-4.2673546897882	1.97804531358006e-05	6.57300771903932e-05
gene_7608	interaction_vs_onu	207.118583861846	-0.601605294685612	0.141034308260366	-4.26566629145993	1.99306498270576e-05	6.62034778888682e-05
gene_4720	interaction_vs_onu	839.905086638989	0.798806201142295	0.187277360512721	4.26536447841507	1.99576127045149e-05	6.6251594941958e-05
gene_6125	interaction_vs_onu	294.469078878166	-0.738169078375511	0.173062558608764	-4.26533089715993	1.99606148779568e-05	6.6251594941958e-05
gene_573	interaction_vs_onu	984.559766407032	-0.380620753323336	0.0893359804817316	-4.26055382468399	2.03920963856667e-05	6.76574980857779e-05
gene_5821	interaction_vs_onu	450.612116910296	-0.51258796281477	0.120372854993436	-4.25833517733479	2.05954988706468e-05	6.83058776957524e-05
gene_1720	interaction_vs_onu	421.274397289334	-0.469342335462425	0.110285700542581	-4.2556952819211	2.08400377091308e-05	6.90901327614872e-05
gene_8348	interaction_vs_onu	3058.93567304346	0.296921326052077	0.0697748719609471	4.25541914599662	2.08657758405357e-05	6.91486802922904e-05
gene_6035	interaction_vs_onu	25049.4019399961	0.3155837682825	0.0741851578868203	4.25400143737601	2.09983951548094e-05	6.95612471072634e-05
gene_7310	interaction_vs_onu	175.199934306582	-0.704062715542225	0.165538174885198	-4.25317432689165	2.10761373187549e-05	6.9791773867908e-05
gene_5063	interaction_vs_onu	397.701810703615	0.558530952775848	0.131370571187251	4.25156827536158	2.12278773750554e-05	7.02670650929907e-05
gene_2579	interaction_vs_onu	1638.16393591369	-0.361100508169279	0.0849391512673124	-4.2512846288381	2.12547841839164e-05	7.03289341377366e-05
gene_4615	interaction_vs_onu	1077.68813163187	-0.382649784396698	0.0900132477382072	-4.25103853056818	2.12781554543411e-05	7.03790613172953e-05
gene_1207	interaction_vs_onu	6091.70263986887	0.242477785994167	0.0570468273915591	4.25050431516276	2.13289726311273e-05	7.05198940604287e-05
gene_2415	interaction_vs_onu	28792.6308753145	-0.458393679301893	0.107861638289067	-4.24983049185111	2.13932347738619e-05	7.07050539244238e-05
gene_6315	interaction_vs_onu	213.064537859131	-0.571352047653046	0.134499759018599	-4.24797822555234	2.15708354138625e-05	7.1264512212529e-05
gene_3649	interaction_vs_onu	545.339107924082	0.402497620654052	0.0948040906426663	4.24557229467173	2.18036192190831e-05	7.20057795198114e-05
gene_1723	interaction_vs_onu	244.345173840618	1.27205467094675	0.299667776833047	4.24488306480627	2.18707444554475e-05	7.21717704466581e-05
gene_1218	interaction_vs_onu	1606.62095272045	-0.323285625597479	0.0761580392268754	-4.24493105231358	2.18660645089737e-05	7.21717704466581e-05
gene_3436	interaction_vs_onu	2319.32957282055	-0.575187678929942	0.135595024329132	-4.24195269535687	2.21583402907001e-05	7.30926369512111e-05
gene_462	interaction_vs_onu	1915.19204263438	0.33284306277197	0.0785022624316517	4.23991681847082	2.23602629927069e-05	7.37302970791877e-05
gene_2247	interaction_vs_onu	246.621182590644	-0.677868219268741	0.159897958109664	-4.23938008516554	2.24137883743974e-05	7.38783321081409e-05
gene_4456	interaction_vs_onu	281.567519485398	0.745963790206544	0.176044117071126	4.23736846545775	2.26154828467097e-05	7.45144469468188e-05
gene_3008	interaction_vs_onu	895.105405250454	-0.686428212730511	0.162112542230732	-4.23426962087567	2.29295710433561e-05	7.55202493771175e-05
gene_988	interaction_vs_onu	2580.74576305238	-0.445405132935962	0.105197092428341	-4.23400611798625	2.29564694367609e-05	7.55797609148745e-05
gene_5935	interaction_vs_onu	956.842729684503	0.635478670031228	0.150113395486913	4.23332420114785	2.30262190325228e-05	7.57511279471158e-05
gene_620	interaction_vs_onu	3700.88897904341	0.366205912301764	0.0865053368494594	4.23333317502771	2.30252998346292e-05	7.57511279471158e-05
gene_5774	interaction_vs_onu	354.066073255685	0.880497474625357	0.207996692253584	4.23322825514878	2.30360490001853e-05	7.57543524554691e-05
gene_7450	interaction_vs_onu	1569.09620599638	0.61644222907407	0.145628503875926	4.23297783515837	2.30617241282841e-05	7.58096614969708e-05
gene_361	interaction_vs_onu	4591.49305972771	0.259589164841272	0.0613409000683344	4.23190994185098	2.3171519371999e-05	7.61413458058778e-05
gene_1913	interaction_vs_onu	934.790764642136	0.66206997044687	0.156500950408799	4.23045335327016	2.33220804363965e-05	7.66066801748096e-05
gene_7077	interaction_vs_onu	1190.02596629005	0.752591738827563	0.178104847226129	4.22555450089486	2.3835312672779e-05	7.82624765933978e-05
gene_6378	interaction_vs_onu	444.020905369605	-0.438977582556855	0.10396486440263	-4.22236478717276	2.41752427626025e-05	7.93481894355358e-05
gene_5263	interaction_vs_onu	3601.52968592211	0.404115739652483	0.0957153913927376	4.22205597001973	2.42083974171889e-05	7.94265549601905e-05
gene_5341	interaction_vs_onu	152.415244264397	1.13116077231393	0.268075937775867	4.21955354030944	2.4478658738111e-05	8.02824976238429e-05
gene_206	interaction_vs_onu	1675.53998040616	0.48925662541659	0.116010747541552	4.21733878786833	2.47202432242012e-05	8.10437694366766e-05
gene_7064	interaction_vs_onu	19347.6524129041	-0.465020124814	0.110274641621541	-4.21692710106403	2.47653991620823e-05	8.11607261973293e-05
gene_7633	interaction_vs_onu	1995.49437370484	0.339241625270912	0.080465630605303	4.2159816895607	2.48693939730438e-05	8.14703453537141e-05
gene_131	interaction_vs_onu	992.396430600719	0.628125474210501	0.1490423719309	4.21440873540121	2.50433393067654e-05	8.20087928331722e-05
gene_1463	interaction_vs_onu	169.586788162306	-1.04744238712268	0.24873747568133	-4.21103568834398	2.54202579766144e-05	8.32112459961067e-05
gene_5648	interaction_vs_onu	17.0374902288844	-3.11996501785039	0.740986743317027	-4.21055443432614	2.5474473202958e-05	8.33568389209941e-05
gene_5216	interaction_vs_onu	1739.57916881656	-0.33734982716265	0.0801479835891985	-4.20908689221365	2.56404776648008e-05	8.38679743258292e-05
gene_2574	interaction_vs_onu	6960.56207747663	-0.447510674477817	0.106325549248819	-4.20887244542296	2.56648213060962e-05	8.39155349045772e-05
gene_8089	interaction_vs_onu	863.078445813548	0.705562536546515	0.167673248773435	4.20796126816801	2.5768501980196e-05	8.42223661513851e-05
gene_6555	interaction_vs_onu	567.365920301352	0.41079287135228	0.09764985122829	4.20679464622952	2.59018307265844e-05	8.46258286334209e-05
gene_2445	interaction_vs_onu	101.722882852496	-1.39231614219315	0.33103377970265	-4.2059639455641	2.59971679699589e-05	8.49049056935704e-05
gene_8502	interaction_vs_onu	19.171189870675	1.77856463110817	0.422969092132498	4.20495176643077	2.61137840990486e-05	8.52532387062763e-05
gene_4832	interaction_vs_onu	2516.24977666471	1.00943665779693	0.240127076884752	4.2037602376737	2.62517011808823e-05	8.56708204759254e-05
gene_8192	interaction_vs_onu	695.849480083673	-0.463926081971354	0.110379653954461	-4.20300359124839	2.63396408178275e-05	8.59250477898641e-05
gene_3335	interaction_vs_onu	1352.48780685701	-0.481422841805337	0.114607037489102	-4.20063944023608	2.66162180316996e-05	8.67942195624186e-05
gene_7260	interaction_vs_onu	949.499181708022	0.53899873118992	0.128321397332646	4.20038078133361	2.66466450688211e-05	8.68603510240324e-05
gene_6396	interaction_vs_onu	646.788761392128	-0.663501022269407	0.15799992937796	-4.1993754356827	2.67652221539509e-05	8.72136664019108e-05
gene_499	interaction_vs_onu	1958.02679429974	-0.497213478530682	0.118420860109433	-4.19869842248404	2.6845356090899e-05	8.74360964211991e-05
gene_7745	interaction_vs_onu	3556.84124408558	0.354221352106819	0.0843660120719409	4.19862624068051	2.68539132583332e-05	8.74360964211991e-05
gene_6505	interaction_vs_onu	78.1939985742627	-0.97410065177053	0.232076116643405	-4.19733260733279	2.70077142569769e-05	8.7903434996092e-05
gene_5967	interaction_vs_onu	2771.94049313492	0.275443730492727	0.065653504562933	4.19541549725951	2.7237182131049e-05	8.86166016882477e-05
gene_1709	interaction_vs_onu	81.3298720726572	-1.17052137199088	0.27902076255732	-4.19510491356506	2.72745313989326e-05	8.87029864432131e-05
gene_1817	interaction_vs_onu	3234.10408797395	-0.239037286948148	0.0569811701335094	-4.19502243263999	2.7284458330021e-05	8.87029864432131e-05
gene_2149	interaction_vs_onu	4240.25368573253	0.47640239079561	0.113590524824359	4.1940328344486	2.74038288850343e-05	8.90572419346596e-05
gene_8262	interaction_vs_onu	701.256750727538	-0.471606606289419	0.112472042841065	-4.19310074198484	2.75167167909073e-05	8.93901691575585e-05
gene_5764	interaction_vs_onu	8094.42983240297	-0.565926488166765	0.134976490074559	-4.19277822274202	2.75558807161603e-05	8.94834366200047e-05
gene_368	interaction_vs_onu	3143.96700099581	0.470793293017314	0.112303870244988	4.19213774191657	2.76338123089926e-05	8.97024775748869e-05
gene_7194	interaction_vs_onu	61.2517552021913	-1.19094651476738	0.284141755342272	-4.1913815635185	2.77260913603023e-05	8.99679082805868e-05
gene_2803	interaction_vs_onu	6930.63532103089	0.271185920483789	0.0647375286389249	4.18900637984399	2.80178523995207e-05	9.08801881545652e-05
gene_803	interaction_vs_onu	35.4311195545416	-1.56846180647471	0.374563032783739	-4.18744421951617	2.82113325635245e-05	9.14731086150642e-05
gene_1944	interaction_vs_onu	323.331462116287	1.11709462387719	0.266868211521327	4.18594113367418	2.83986946807356e-05	9.20457502715248e-05
gene_6431	interaction_vs_onu	19356.0318174401	0.33887260732265	0.080991021148813	4.18407624099473	2.86328012061951e-05	9.27694089042507e-05
gene_6257	interaction_vs_onu	304.429872757936	0.522631583742508	0.124954087104973	4.18258894807858	2.88208201195229e-05	9.33432539625866e-05
gene_394	interaction_vs_onu	503.189625613637	-0.67056178153719	0.160379961896099	-4.18108206043601	2.90125127167347e-05	9.39285585685509e-05
gene_5524	interaction_vs_onu	279.913753868334	0.732567689833046	0.175400177880134	4.17655043847033	2.95963139630725e-05	9.57823998200002e-05
gene_2639	interaction_vs_onu	2948.77653028066	-0.419467861537372	0.100516015183613	-4.17314455583151	3.00424194573955e-05	9.71893841856786e-05
gene_2205	interaction_vs_onu	1347.53139989763	0.290566154863526	0.0696449724537361	4.1721052450203	3.01798169974438e-05	9.75969903657418e-05
gene_1614	interaction_vs_onu	2246.81028527393	0.34941942603143	0.0837598864111165	4.17167979808836	3.02362334408236e-05	9.77425068932969e-05
gene_4509	interaction_vs_onu	79432.3868962023	0.404706004127557	0.0970476044199317	4.17018025892083	3.04358802656092e-05	9.83507493671629e-05
gene_4857	interaction_vs_onu	8271.31337653931	0.350644969203237	0.084096726302278	4.16954362697634	3.0521018956549e-05	9.85886499124751e-05
gene_3203	interaction_vs_onu	6390.16556755607	-0.324806838255094	0.0779304404632285	-4.1679071274896	3.07409127997259e-05	9.92614913487942e-05
gene_6481	interaction_vs_onu	141.59288563753	-1.10402837190595	0.264923395503593	-4.16734947023951	3.08161876320002e-05	9.94670309690504e-05
gene_83	interaction_vs_onu	913.54552704232	0.55290444860692	0.132746380897052	4.16511881431789	3.11190458625336e-05	0.000100402671289687
gene_8496	interaction_vs_onu	6476.75210895408	0.261536540987751	0.0627932535850929	4.16504203964102	3.11295198134147e-05	0.000100402671289687
gene_1588	interaction_vs_onu	67.3085608192514	-1.1955697009149	0.287201084126293	-4.16283143412219	3.14325415152349e-05	0.00010134182876475
gene_5359	interaction_vs_onu	777.776636542399	0.530209864736523	0.127371928074032	4.16269010569071	3.1452009315051e-05	0.000101366415563568
gene_6231	interaction_vs_onu	2834.32058674152	0.274007769407991	0.0658564708219875	4.16068103844563	3.17299976373758e-05	0.000102223853886314
gene_550	interaction_vs_onu	1974.74287846124	0.275041120447793	0.0661161446100543	4.15996912811469	3.18290614124328e-05	0.0001025044265201
gene_5294	interaction_vs_onu	363.367499189104	-0.497417273728796	0.119607430098429	-4.15874894493974	3.19995361996138e-05	0.000103014678401164
gene_7858	interaction_vs_onu	1609.47663340202	0.395214522578691	0.0950474457277139	4.15807620660189	3.20938967524033e-05	0.0001032796075942
gene_4190	interaction_vs_onu	1085.42708014802	-0.467606824951413	0.112463635943604	-4.15784907741999	3.21258143093869e-05	0.000103343468804341
gene_1643	interaction_vs_onu	1546.22453761715	-0.762177275403875	0.183321495970223	-4.15759903861834	3.21609861369863e-05	0.000103417746556199
gene_328	interaction_vs_onu	4619.80687746409	0.349014532398982	0.0840140857899946	4.15423829369987	3.26372916747409e-05	0.000104909957467436
gene_2854	interaction_vs_onu	1655.65818709464	-0.596144117765822	0.143571043147682	-4.15225873334786	3.29209754148689e-05	0.000105782113194924
gene_2770	interaction_vs_onu	3498.54999205405	0.286524711909567	0.0690166949508854	4.15152757044463	3.30263469148006e-05	0.000106080874142849
gene_4035	interaction_vs_onu	1104.95658225731	0.371626316391899	0.0895805520807138	4.14851558468914	3.3463806957677e-05	0.000107445681754582
gene_6317	interaction_vs_onu	797.013615506238	0.417068131330649	0.100618902546125	4.14502763175597	3.39772735875941e-05	0.00010905341653911
gene_2892	interaction_vs_onu	3339.95764695737	-0.526544697694541	0.127063248554008	-4.14395746753424	3.41363083556239e-05	0.000109522788427339
gene_3402	interaction_vs_onu	1532.61534637351	0.488877896365314	0.117999077112497	4.14306542329337	3.42694131362129e-05	0.000109867481814975
gene_1388	interaction_vs_onu	1904.68445735443	-0.312889153883295	0.0755199107807571	-4.14313458064918	3.42590763444812e-05	0.000109867481814975
gene_1208	interaction_vs_onu	724.14972668731	-0.486878735440085	0.117530486545874	-4.14257398015663	3.43429533797925e-05	0.000110062029551113
gene_638	interaction_vs_onu	1483.57185912973	-0.393521001695173	0.0949976012965677	-4.14243092798377	3.43643880573696e-05	0.000110089506650855
gene_590	interaction_vs_onu	3414.65143711819	0.698904743325803	0.16872861315766	4.14218270538826	3.44016114349013e-05	0.000110167524834551
gene_265	interaction_vs_onu	482.891396364594	0.809386691642368	0.195452120958485	4.14109955764709	3.45644885043249e-05	0.000110647726850045
gene_152	interaction_vs_onu	863.0252557309	-0.350362121828844	0.084627678684957	-4.14004173661829	3.47242638078585e-05	0.000111117644185147
gene_3912	interaction_vs_onu	6650.98748219368	-0.522530867475405	0.126230344390695	-4.1395028271342	3.48059311728292e-05	0.000111337358310694
gene_333	interaction_vs_onu	4378.62484890692	-0.388441258780578	0.0938637049157202	-4.13835421401017	3.49806033036222e-05	0.000111854301187525
gene_7431	interaction_vs_onu	2149.97645417354	0.374314719040601	0.090452376446545	4.13825190388238	3.49962021427793e-05	0.000111862393705075
gene_443	interaction_vs_onu	6271.79359383332	-0.321575444072039	0.0777454804526955	-4.13625901080775	3.53013718082202e-05	0.000112795723284198
gene_794	interaction_vs_onu	2129.24847346425	-0.373309636539315	0.0902620328047693	-4.13584344313138	3.53653248854738e-05	0.000112957903365543
gene_6665	interaction_vs_onu	853.399699731396	0.907309708264159	0.219582948555705	4.13196796122805	3.59670562539619e-05	0.000114837001691128
gene_2831	interaction_vs_onu	163.79221063417	-0.869414681518066	0.210463304876086	-4.13095613997864	3.61257509930983e-05	0.000115257707231055
gene_3720	interaction_vs_onu	1563.91880334271	0.501951795989951	0.121508323908872	4.13100748856023	3.61176814580428e-05	0.000115257707231055
gene_4655	interaction_vs_onu	563.9797732373	0.696166683730522	0.168644394614847	4.12801555201666	3.65907372551907e-05	0.000116697731335482
gene_2138	interaction_vs_onu	910.151847685864	0.382408901857858	0.0926737171202976	4.12640081503866	3.68484818968181e-05	0.000117475979529521
gene_6433	interaction_vs_onu	119.082168868368	-0.864894680055978	0.209671205548456	-4.12500456509321	3.70727403500184e-05	0.000118146931271838
gene_5030	interaction_vs_onu	3771.16476720403	0.604235183793047	0.146631384859051	4.12077662891793	3.77597385386974e-05	0.000120291537733997
gene_6613	interaction_vs_onu	2070.63687583354	0.970455722888757	0.235556399831834	4.11984443463041	3.79128285904303e-05	0.00012073430533262
gene_2765	interaction_vs_onu	861.633580461787	-0.63137554181549	0.153273542655015	-4.119272843041	3.80069896942967e-05	0.000120989152764292
gene_5173	interaction_vs_onu	106.64788888605	-0.821151311443762	0.199362533005646	-4.11888482285941	3.80710366286031e-05	0.000121147982728938
gene_4207	interaction_vs_onu	828.576930190935	0.380934867755793	0.0926065228922724	4.11347771040845	3.89742688839906e-05	0.000123976121013363
gene_3430	interaction_vs_onu	35441.4056237569	0.483287696506186	0.117500982719228	4.1130523789832	3.90461747661392e-05	0.000124158713223682
gene_7257	interaction_vs_onu	368.09030251812	0.652518613621331	0.158670676136674	4.11240835111379	3.91552928543886e-05	0.000124459452964562
gene_3771	interaction_vs_onu	447.496938500019	-0.745974968308789	0.181411266223367	-4.11206527487819	3.921353859021e-05	0.000124598326032738
gene_6339	interaction_vs_onu	2174.90196685956	0.28215003780634	0.068626247881001	4.11140119878902	3.93265157698467e-05	0.000124910936916471
gene_6687	interaction_vs_onu	474.288293930264	0.851536663562616	0.207156009987885	4.1106056426382	3.94622679764994e-05	0.000125249170885738
gene_80	interaction_vs_onu	1939.05153172062	0.507060094606154	0.123352916653851	4.11064536097716	3.94554799792717e-05	0.000125249170885738
gene_702	interaction_vs_onu	785.600486443657	-0.431462375124793	0.10500051347882	-4.10914538253018	3.97126021774081e-05	0.000125996988376061
gene_5266	interaction_vs_onu	735.585240947145	-0.529019603528126	0.128759733063531	-4.10857952980615	3.98100115696742e-05	0.000126259243807489
gene_4518	interaction_vs_onu	87142.3022555577	-0.376589853324086	0.0917020881818627	-4.10666606170665	4.01410903867666e-05	0.000127262123596564
gene_5857	interaction_vs_onu	24.4192802612321	-1.99380575959649	0.485573040904717	-4.10608825374993	4.02415784578632e-05	0.000127533473379974
gene_8129	interaction_vs_onu	49.5707762459493	-1.2198423344795	0.297238511226148	-4.10391752215244	4.06212331804295e-05	0.000128689028876564
gene_2731	interaction_vs_onu	1270.28542291773	-0.422896660204406	0.103070414423625	-4.10298787066364	4.07848639122021e-05	0.00012915961342525
gene_1411	interaction_vs_onu	1448.75175692492	-0.374320863333372	0.0912598618003601	-4.1017031578706	4.10120197110704e-05	0.000129830949972915
gene_1657	interaction_vs_onu	1725.55862678482	-0.548827647224328	0.133840946080357	-4.10059599320836	4.12087450391004e-05	0.000130405492619113
gene_5900	interaction_vs_onu	64.8972938158411	-1.10714257928099	0.270057224654616	-4.09965917666872	4.137590126603e-05	0.000130886073480124
gene_6422	interaction_vs_onu	823.32624915319	0.582762891630379	0.142173853355586	4.09894560691726	4.15036549931398e-05	0.000131241701788429
gene_908	interaction_vs_onu	1029.92901781433	-0.536146292233637	0.130854604034577	-4.09726731580622	4.18056042122376e-05	0.000132147700168668
gene_7284	interaction_vs_onu	940.53778050168	-0.460241324513124	0.112382276849492	-4.09531945263488	4.21586666494646e-05	0.00013316538247949
gene_5489	interaction_vs_onu	5078.34973658359	0.393001098480968	0.0959627807082356	4.09534921331474	4.21532511217391e-05	0.00013316538247949
gene_5454	interaction_vs_onu	3307.78737244411	-0.51250797773853	0.125268366933771	-4.091280107527	4.28998595739604e-05	0.000135456583531207
gene_7292	interaction_vs_onu	2138.20813934383	-0.562650957425754	0.137560949743788	-4.09019389931307	4.31012707140287e-05	0.000136042358890887
gene_5598	interaction_vs_onu	1618.89934409667	0.47549972409752	0.116261839587726	4.08990366730545	4.3155238919523e-05	0.000136162493605277
gene_4895	interaction_vs_onu	227.864925685094	-0.800143372141888	0.195761764973523	-4.08733223390231	4.36362011048857e-05	0.000137629285725063
gene_6038	interaction_vs_onu	795.126500167623	0.44095468141264	0.107889240228808	4.08710526163201	4.3678897447639e-05	0.000137713208895687
gene_1229	interaction_vs_onu	2125.93382316123	0.362441322203106	0.0887709820130839	4.08288062139141	4.44808755566235e-05	0.000140190093801435
gene_6233	interaction_vs_onu	1237.10317542211	0.542929971957532	0.132981210844826	4.08275701889246	4.45045484330953e-05	0.000140213078611445
gene_4664	interaction_vs_onu	513.861300063911	0.449386637060573	0.110100713058749	4.08159606396721	4.47274834455904e-05	0.000140863597606422
gene_8043	interaction_vs_onu	304.638733734114	-0.69454619869099	0.170192459747852	-4.08094576998296	4.48528200053859e-05	0.000141206377067342
gene_6127	interaction_vs_onu	7605.28339544752	-0.499064328116537	0.122334307699302	-4.07951242380216	4.51302580097802e-05	0.000142027576677838
gene_5523	interaction_vs_onu	4044.47128904998	-0.490814667492225	0.120388534339547	-4.07692202737445	4.56357876292605e-05	0.000143565726610242
gene_8390	interaction_vs_onu	1431.07941876042	0.382162585315285	0.0937424449733362	4.07672944122575	4.56735855273838e-05	0.000143631848682735
gene_6563	interaction_vs_onu	1289.11854543579	0.533396882011467	0.130896048290299	4.07496550872574	4.60211675249241e-05	0.00014467175689069
gene_1371	interaction_vs_onu	1694.65745098684	-0.611801619303188	0.150218680341235	-4.07273994095427	4.64632942164892e-05	0.000145954421465375
gene_4298	interaction_vs_onu	2057.51679893625	0.30385973866367	0.0746077456445924	4.07276397428172	4.64584983654204e-05	0.000145954421465375
gene_8360	interaction_vs_onu	1327.70411430328	0.540362739893366	0.132699237021814	4.0720862607864	4.65939162828023e-05	0.000146311050396474
gene_4800	interaction_vs_onu	1706.69144545603	-0.469561148191538	0.115317993759462	-4.07188100385252	4.6635003667517e-05	0.000146386370148128
gene_1945	interaction_vs_onu	1201.16169815938	0.335212659464273	0.0823659874019322	4.06979470577451	4.70545830965861e-05	0.000147649278338261
gene_7320	interaction_vs_onu	777.31458520689	0.474322812315927	0.116613677365025	4.06747152678496	4.75260135014429e-05	0.000149073900905955
gene_8147	interaction_vs_onu	1617.00568323016	0.301270301285156	0.074091022016335	4.06621872780664	4.77820924545634e-05	0.000149822238612111
gene_164	interaction_vs_onu	567.190374769391	0.575861006465238	0.141693340625614	4.06413599907136	4.82107110374215e-05	0.000151110833570241
gene_8105	interaction_vs_onu	500.434769563425	-0.524878767517908	0.129171593741746	-4.06342255532825	4.83583717022287e-05	0.000151518177807862
gene_3102	interaction_vs_onu	497.565978812558	-0.476165907697177	0.117231102146853	-4.06177114244559	4.87018093596194e-05	0.000152538414971951
gene_6367	interaction_vs_onu	241.894431667229	0.642739896105347	0.158349076636141	4.05900627751845	4.92819889434532e-05	0.000154299131439634
gene_3678	interaction_vs_onu	717.701987597885	-0.464939135911287	0.114552843815217	-4.05873062969323	4.93401887172965e-05	0.000154424868526529
gene_7309	interaction_vs_onu	33.0223818189601	-1.52782018946457	0.376448323610985	-4.05851240034581	4.93863114625652e-05	0.000154512728844868
gene_8220	interaction_vs_onu	1864.61450864908	-0.424737737303865	0.10465910204686	-4.05829716667829	4.94318411018345e-05	0.000154598670015237
gene_4767	interaction_vs_onu	11.7201349511619	-4.6081868439583	1.13556240300919	-4.05806570536926	4.94808478695384e-05	0.00015469541919768
gene_2212	interaction_vs_onu	203.614034501782	0.607896163443229	0.149843542468359	4.05687261145466	4.97341902859211e-05	0.000155430693263047
gene_1534	interaction_vs_onu	1228.14227156599	0.348441333212474	0.0859202927926826	4.05540206960455	5.00481380053453e-05	0.00015635476690721
gene_3713	interaction_vs_onu	47.7446565766549	-1.23478662674748	0.304503885570756	-4.05507675027865	5.01178441100698e-05	0.000156515412470703
gene_3834	interaction_vs_onu	2511.50460898766	0.459083586589233	0.113229208118675	4.05446257389764	5.02496944927421e-05	0.000156869943420085
gene_3665	interaction_vs_onu	959.829049739426	-0.522394142630387	0.128881487367125	-4.05329076582057	5.05021689242209e-05	0.000157600643817474
gene_5517	interaction_vs_onu	149.796644791935	-0.799772794308378	0.197322459472148	-4.0531260174226	5.05377613999704e-05	0.000157654241101949
gene_4941	interaction_vs_onu	138.694236727981	-1.05232276981018	0.25982572519201	-4.05011000751567	5.11935611763871e-05	0.000159641851974453
gene_2570	interaction_vs_onu	84863.9406250745	0.324192519969668	0.0800593600459119	4.04940184113078	5.13487095328816e-05	0.000160067353824278
gene_7274	interaction_vs_onu	17.3743669302283	-2.29115691062057	0.566045209699758	-4.04765709762979	5.17328596012314e-05	0.00016120614422517
gene_6362	interaction_vs_onu	616.241952100182	0.755504232292858	0.186698064629904	4.046663439123	5.19528546483872e-05	0.000161832764115791
gene_2340	interaction_vs_onu	1774.14960634949	-0.405935006688463	0.100327523588193	-4.0460981410712	5.20784064580236e-05	0.000162164845136661
gene_3033	interaction_vs_onu	445.768780786149	-0.420574844151617	0.10398341167434	-4.04463401786422	5.24049240373555e-05	0.000163122236276277
gene_3620	interaction_vs_onu	178.738010231415	-0.735478833470488	0.182030821132825	-4.04040826104838	5.33582342969869e-05	0.000166029256845586
gene_7665	interaction_vs_onu	503.748717920465	-0.504322243587888	0.124873691430312	-4.03865888652241	5.37576743592186e-05	0.000167211370826639
gene_7737	interaction_vs_onu	1321.50033518827	0.294057399373016	0.0728613598128169	4.03584835814838	5.44053489104116e-05	0.000169164470277197
gene_1869	interaction_vs_onu	694.120828980835	-0.494493659940679	0.122584795110346	-4.03389065907852	5.48608533709808e-05	0.000170518847079011
gene_5449	interaction_vs_onu	2672.10703660979	-0.250891981330699	0.0621990997949094	-4.0336915189765	5.49073898864748e-05	0.000170601545345998
gene_2011	interaction_vs_onu	2752.16049651086	0.486217792529207	0.12056045106795	4.03297920853967	5.50741541123956e-05	0.000171057604935452
gene_6660	interaction_vs_onu	13129.740383737	-0.47942891211204	0.118911547150328	-4.03181123786023	5.53486351655729e-05	0.000171847775486871
gene_4440	interaction_vs_onu	869.194588997313	0.452390956909211	0.112357552751411	4.02635110707792	5.66490821564824e-05	0.000175821661805471
gene_7243	interaction_vs_onu	59.1005872234136	1.09638173714682	0.272439661822207	4.02431029980618	5.71425332035952e-05	0.000177160479617086
gene_2804	interaction_vs_onu	540.366399534539	-0.68005113583527	0.168983166191234	-4.02437207896597	5.71275359211878e-05	0.000177160479617086
gene_5136	interaction_vs_onu	1937.99972966402	-0.47879543760486	0.118974647768739	-4.02434843543755	5.7133275097065e-05	0.000177160479617086
gene_3626	interaction_vs_onu	4274.32427128892	0.238288484412431	0.0592433620018922	4.02219719408936	5.76577539505201e-05	0.000178693111446941
gene_624	interaction_vs_onu	1536.54991457865	0.483984530901472	0.120332782666639	4.02205051837177	5.76936794713545e-05	0.000178739738065434
gene_1173	interaction_vs_onu	31.6146271898404	1.47765904771925	0.367472887793635	4.02113760444028	5.79177580217994e-05	0.000179369033526267
gene_3005	interaction_vs_onu	2775.53422994302	0.491400712478577	0.122231775926049	4.02023703538332	5.81396139115051e-05	0.000179990992796558
gene_913	interaction_vs_onu	1008.41972159745	-0.412045955503398	0.102504174223873	-4.01979683874603	5.8248349320586e-05	0.000180262425952356
gene_2514	interaction_vs_onu	1958.33098468991	-0.408476761035036	0.101624961329546	-4.01945305258657	5.83334037573228e-05	0.000180460403383695
gene_7860	interaction_vs_onu	1747.12014707696	0.301208143991815	0.0749495591716777	4.01881141557984	5.84924627191308e-05	0.00018088709569211
gene_4397	interaction_vs_onu	1165.58067326067	0.507828698649522	0.126371375909995	4.01854213418719	5.85593386659924e-05	0.000180963154866749
gene_2617	interaction_vs_onu	486.053145438846	-0.446736926430165	0.111168503188148	-4.01855663806213	5.85557347890537e-05	0.000180963154866749
gene_494	interaction_vs_onu	19701.4371028872	0.471517181559815	0.117362840907619	4.01760197617374	5.87933947880251e-05	0.000181620880326775
gene_7638	interaction_vs_onu	468.489636448942	-0.459153819649123	0.114307751642682	-4.01682137082361	5.8988402519121e-05	0.000182157548904645
gene_7227	interaction_vs_onu	2209.13224483129	-0.447967275819861	0.111564297235962	-4.01532826287964	5.93631123564617e-05	0.000183248554551501
gene_8572	interaction_vs_onu	1155.89368822084	-0.421797097265809	0.105055484462441	-4.01499359528067	5.94474090929362e-05	0.000183442617821029
gene_5587	interaction_vs_onu	2157.0655184058	0.56711912219249	0.141280329185377	4.01414071911143	5.96627460451151e-05	0.000184040758971598
gene_4234	interaction_vs_onu	1763.28163910259	-0.588150898208476	0.14658863492564	-4.01225441867869	6.01416315546668e-05	0.0001854511405288
gene_5463	interaction_vs_onu	26.4580390197731	-2.49827473843469	0.622931171376792	-4.01051489029365	6.05864791398647e-05	0.000186755585681398
gene_4170	interaction_vs_onu	866.931612266277	0.747899753831809	0.186540985428922	4.00930525863864	6.08976513900374e-05	0.000187647190748279
gene_4995	interaction_vs_onu	524.14737923742	0.772641637884033	0.192769695280903	4.00810737786427	6.12072915681319e-05	0.000188533434984962
gene_8497	interaction_vs_onu	147.993953670724	-0.731831499002955	0.182605031236986	-4.00772910825869	6.13053797489404e-05	0.000188767644119039
gene_1512	interaction_vs_onu	18.452381283645	2.05864306345179	0.514101549595242	4.00435101795079	6.21879676770029e-05	0.000191347592852317
gene_6042	interaction_vs_onu	380.644781878323	-0.512850984098461	0.128073015816726	-4.00436407956816	6.21845320405442e-05	0.000191347592852317
gene_4153	interaction_vs_onu	156.831380965786	0.756362704628127	0.188945509574096	4.00307319466364	6.25249474764263e-05	0.000192246246551081
gene_365	interaction_vs_onu	7084.53805422322	-0.382796316759352	0.0956244551547896	-4.00312154604918	6.25121651364684e-05	0.000192246246551081
gene_7229	interaction_vs_onu	654.300406902652	-0.533745606072774	0.133350651139084	-4.00257217728979	6.26575439038139e-05	0.000192584766900053
gene_2036	interaction_vs_onu	2160.27368953474	-0.338067086096111	0.0844648972821908	-4.00245660592772	6.2688168129958e-05	0.000192609734096354
gene_6710	interaction_vs_onu	221.393072210217	0.707250675953399	0.176731057187978	4.00184714111192	6.28498993093268e-05	0.000193037365657638
gene_4036	interaction_vs_onu	892.054214774441	0.402317699887656	0.10053915300537	4.00160224013594	6.29149988610538e-05	0.000193168002241973
gene_5122	interaction_vs_onu	273.729245511089	-0.613857907380974	0.153433960010806	-4.00079556923213	6.31298797305066e-05	0.000193758254031243
gene_5105	interaction_vs_onu	1176.0761113987	0.428872111035156	0.107243999550508	3.9990313008904	6.36022690494256e-05	0.000195138144467055
gene_7409	interaction_vs_onu	50.3392666598621	-1.20800430046547	0.302195481080674	-3.9974267521988	6.40347964449255e-05	0.000196394789526536
gene_3148	interaction_vs_onu	1082.86898226255	0.306473601684055	0.0766977083845767	3.99586386789211	6.4458768222518e-05	0.000197624303719468
gene_291	interaction_vs_onu	952.510223890542	0.68068775180698	0.170404025783008	3.99455205755389	6.48166794780822e-05	0.00019865047487733
gene_7097	interaction_vs_onu	2758.03086692337	0.250215148522046	0.0626693323869009	3.99262508458356	6.53458427586685e-05	0.000200200577671511
gene_6447	interaction_vs_onu	62.6954616178967	-1.43098962188559	0.358427860580469	-3.99240622525304	6.54062013035236e-05	0.000200313804349969
gene_2906	interaction_vs_onu	6003.43590596608	0.302798320999662	0.0758780768571778	3.99059034626836	6.59090360668599e-05	0.000201781598259056
gene_3375	interaction_vs_onu	661.417607768473	0.421163849041413	0.105580711251397	3.98902265432351	6.63460858972729e-05	0.000203047012971275
gene_1703	interaction_vs_onu	1277.43049930679	0.756363242328613	0.18968413503346	3.98748815864433	6.6776536190107e-05	0.000204291333019055
gene_3538	interaction_vs_onu	216.705100385391	-0.582587510956486	0.146114222692515	-3.98720603799462	6.6855962553817e-05	0.000204461250253903
gene_6393	interaction_vs_onu	1421.28404596503	-0.456937632229003	0.114614663787685	-3.98672924675194	6.69903984296158e-05	0.000204799218056254
gene_1380	interaction_vs_onu	99.1079332086337	1.07882225365098	0.270628868008902	3.98635319871159	6.70966091932255e-05	0.000205050687145309
gene_4951	interaction_vs_onu	5419.07106408787	0.220858864438346	0.0554375822989491	3.98391948709734	6.77878474383293e-05	0.000207089212730942
gene_3174	interaction_vs_onu	314.041916012388	-0.651469050421129	0.163560129102757	-3.98305536926938	6.80348966311776e-05	0.000207769787785544
gene_6520	interaction_vs_onu	21803.664226988	-0.482350524788999	0.121119641403786	-3.98243025820189	6.82141451739893e-05	0.000208242896822164
gene_3839	interaction_vs_onu	1008.91294106513	0.47457288075045	0.119180894783037	3.98195433600652	6.83509138095592e-05	0.000208586032873379
gene_4523	interaction_vs_onu	3997.42731190055	0.338506299461938	0.0850248264228559	3.98126422250411	6.85496968687155e-05	0.000209118105914542
gene_1880	interaction_vs_onu	259.636902035196	-0.80120249781639	0.201292988442845	-3.98028020754376	6.88340827099252e-05	0.000209910847166712
gene_5613	interaction_vs_onu	1047.56333245925	0.288861197015435	0.0726627425090208	3.97536876590606	7.02702852604204e-05	0.000214214259910683
gene_2476	interaction_vs_onu	1038.36977896814	0.378086970090003	0.0951116703593343	3.97519009666827	7.03230623364601e-05	0.000214298830046315
gene_1150	interaction_vs_onu	1993.79010790398	0.423171915068965	0.106478653374676	3.97424180018422	7.06038077468296e-05	0.000215077791570413
gene_2360	interaction_vs_onu	827.84425717988	-0.448208864405065	0.112845542516581	-3.97187921126089	7.13078763310058e-05	0.00021714529398556
gene_604	interaction_vs_onu	1106.03276753169	0.740498430605621	0.186501696970281	3.97046484099081	7.1732541575746e-05	0.000218360795123892
gene_3537	interaction_vs_onu	63.9750845954853	-0.979420993439922	0.246824985695233	-3.96807880158964	7.24543777060857e-05	0.000220479727395696
gene_4680	interaction_vs_onu	20.6004164657349	-2.20308374424778	0.555270394596868	-3.96758726142287	7.26039318136538e-05	0.000220856309994626
gene_3352	interaction_vs_onu	2247.31353132336	0.340611116736519	0.0858580705770868	3.96714152143338	7.27398033345577e-05	0.000221191018310414
gene_411	interaction_vs_onu	2175.14597999325	0.282820676349967	0.0713210402794053	3.96545921430754	7.32547780374866e-05	0.000222677876420769
gene_5962	interaction_vs_onu	746.417323032914	0.481647031705727	0.12150892984688	3.96388176830028	7.37407844251327e-05	0.000224075653063236
gene_941	interaction_vs_onu	65.2925521819021	-1.46092379029029	0.368579089986549	-3.96366432600287	7.38080164091344e-05	0.00022420036212285
gene_5605	interaction_vs_onu	2326.64925326394	-0.615876355092552	0.155469594670271	-3.9613942288763	7.4513388775361e-05	0.000226262720084104
gene_5381	interaction_vs_onu	432.897375565218	-0.497085984996867	0.125500176331803	-3.96083893685254	7.46868989025872e-05	0.000226709168300052
gene_6683	interaction_vs_onu	3516.2793202381	-0.315960674025505	0.0797919624114823	-3.9598057808895	7.50107427427314e-05	0.000227611470357242
gene_157	interaction_vs_onu	431.551849159625	0.40471335113879	0.102208656122162	3.95967784426272	7.50509368887363e-05	0.000227652735566117
gene_4037	interaction_vs_onu	1784.57262475194	0.541055686651659	0.136738237477993	3.95687187893391	7.59376324520755e-05	0.000230260762943594
gene_6073	interaction_vs_onu	831.147099667889	0.581102822534488	0.146981720135011	3.95357206325189	7.69930608647551e-05	0.000233378399788351
gene_4779	interaction_vs_onu	547.31907116257	-0.626674843784081	0.158680979455667	-3.94927511749551	7.83882157735201e-05	0.000237523230804011
gene_1069	interaction_vs_onu	670.373531748633	-0.48307375655666	0.122325138667121	-3.94909633310314	7.8446779210953e-05	0.000237616571141457
gene_2474	interaction_vs_onu	1457.46643196846	-0.412284510091061	0.104485060173064	-3.94587043744026	7.95106014915664e-05	0.000240753713748783
gene_1176	interaction_vs_onu	313.747277281805	0.506024548648953	0.128254824165317	3.94546210594543	7.96462276404921e-05	0.000241079104880697
gene_6668	interaction_vs_onu	203.876814724852	0.646521140897788	0.163936556070681	3.94372772244308	8.02247392020585e-05	0.00024274435050181
gene_4510	interaction_vs_onu	2725.72272713724	-0.366026666768599	0.0928479715361406	-3.94221500710034	8.07325532213397e-05	0.000244194577941579
gene_2969	interaction_vs_onu	1835.20334109947	-0.482861473091793	0.122493517770711	-3.94193490300146	8.08269161049807e-05	0.000244393642479207
gene_3391	interaction_vs_onu	3184.15903526552	-0.313507719734974	0.0795868797479088	-3.93918847840258	8.17576844961166e-05	0.000247120684776398
gene_4004	interaction_vs_onu	1141.84818447488	0.46453605961564	0.117992987355204	3.93698023948837	8.25133987022796e-05	0.000249316870064071
gene_6804	interaction_vs_onu	702.765628015493	-0.620316790290838	0.157601727466669	-3.93597710039079	8.28588742387596e-05	0.000250272393607545
gene_3842	interaction_vs_onu	8489.11328043765	-0.291619182595782	0.0741042800514197	-3.93525424433559	8.31086688412362e-05	0.000250938344014456
gene_906	interaction_vs_onu	71.8636425546571	-1.03247339126606	0.26247031860561	-3.93367675534187	8.36562691516934e-05	0.000252502702376056
gene_1387	interaction_vs_onu	19171.5336833597	-0.559163535761923	0.142213798567539	-3.93185148975802	8.42941362128648e-05	0.000254338317230216
gene_937	interaction_vs_onu	4169.42597873414	0.237419337251989	0.0604321815810306	3.92869049305535	8.54096803466156e-05	0.000257613412180067
gene_3252	interaction_vs_onu	131.942374736724	-0.671344092341896	0.170909923082794	-3.92805800993004	8.56345577945305e-05	0.000258200709658747
gene_2487	interaction_vs_onu	2710.46330447161	-0.429934523745764	0.109483573912577	-3.9269317613715	8.60363777753339e-05	0.000259320913294668
gene_7841	interaction_vs_onu	149.384084084493	-0.749087444669608	0.190794541101067	-3.92614715466521	8.63173598341333e-05	0.000260076240823718
gene_296	interaction_vs_onu	1132.45769926431	-0.618800031244088	0.157646181319213	-3.92524592772152	8.66411756397501e-05	0.000260960050484258
gene_1232	interaction_vs_onu	1065.08958803791	-0.367160209072646	0.0935732053141114	-3.92377505761551	8.71721338587623e-05	0.000262466924316217
gene_5854	interaction_vs_onu	935.406086783746	0.770708239742058	0.196477089286504	3.92263669286248	8.75851722799313e-05	0.000263617818113998
gene_5811	interaction_vs_onu	3549.63338738839	-0.446117254185065	0.113732793963064	-3.92250325205189	8.76337101517633e-05	0.000263671198207063
gene_2984	interaction_vs_onu	75.2845341556513	-0.871352318803127	0.222198041390922	-3.9215121490208	8.79950109361484e-05	0.000264665247228893
gene_8466	interaction_vs_onu	4600.36617824285	0.348757081210381	0.0889875346731989	3.91916780806626	8.88552359866725e-05	0.0002671587004025
gene_2511	interaction_vs_onu	1566.99127987372	-0.473391814789974	0.12084518191597	-3.91734124012613	8.95309707966974e-05	0.000269067609926018
gene_5342	interaction_vs_onu	1064.33699550091	0.359055154603463	0.0916592578440746	3.91728193145822	8.9552993070003e-05	0.000269067609926018
gene_7046	interaction_vs_onu	3695.38811696192	0.276967753821697	0.07072509375446	3.91611716745489	8.99865273324377e-05	0.000270275324198479
gene_5215	interaction_vs_onu	6838.93745305573	-0.496016421905257	0.12667042545627	-3.91580292020487	9.01038317657234e-05	0.000270532725329566
gene_3392	interaction_vs_onu	718.757960045993	-0.39114550208413	0.0999047035204279	-3.91518605532072	9.03345196446138e-05	0.00027113025531483
gene_7034	interaction_vs_onu	1074.49069171431	0.904112906887027	0.231095827840925	3.91228571858672	9.14266513654588e-05	0.000274311999890756
gene_1423	interaction_vs_onu	2326.69021691843	0.311336785733591	0.0796230350088435	3.91013461995027	9.22446970410181e-05	0.000276669448728492
gene_5219	interaction_vs_onu	1716.07840405414	-0.302437298179506	0.0773601165941323	-3.90947314319903	9.24976379317677e-05	0.000277330921434652
gene_8127	interaction_vs_onu	110.294274714029	-0.927825165941765	0.237370073860863	-3.9087705996402	9.27669995336862e-05	0.000277943827794314
gene_5033	interaction_vs_onu	863.441544029239	0.343748845561973	0.0879417262934912	3.90882531023745	9.27459964214904e-05	0.000277943827794314
gene_7825	interaction_vs_onu	2995.11799292232	0.486173102985461	0.124393520952965	3.90834747067968	9.29295883104205e-05	0.000278333546514066
gene_7275	interaction_vs_onu	40.120850285066	-1.30365632235922	0.333658078534669	-3.90716247028847	9.33863622881739e-05	0.000279603798946054
gene_5329	interaction_vs_onu	668.750930828896	-0.667826828239214	0.170954214642503	-3.90646600691165	9.36558117042435e-05	0.000280312499366547
gene_6248	interaction_vs_onu	132.949977837929	-0.681336547594706	0.174428251976353	-3.90611348720662	9.37924750713567e-05	0.000280588959746571
gene_7588	interaction_vs_onu	1156.70394461473	-0.317711602559892	0.0813381539878986	-3.90605868197059	9.3813738644239e-05	0.000280588959746571
gene_8045	interaction_vs_onu	649.948666732061	0.652891324245937	0.167245758136216	3.90378405719672	9.47002836834803e-05	0.000283141609615994
gene_4583	interaction_vs_onu	842.871684510038	0.632309102997851	0.161981455563348	3.90358946213179	9.47764942102228e-05	0.000283270527388096
gene_1329	interaction_vs_onu	994.367812662065	-0.439407764885005	0.112568749983226	-3.90346135095647	9.48266988315329e-05	0.000283321655147617
gene_5388	interaction_vs_onu	273.813369425692	0.523746744348857	0.13418767419319	3.90309130475588	9.49718548024836e-05	0.000283656342327027
gene_8135	interaction_vs_onu	981.757003688631	0.614959910630252	0.157564142564467	3.9029178886855	9.50399519442614e-05	0.000283760721535709
gene_3060	interaction_vs_onu	1723.95684827713	-0.497083360094689	0.127409951678806	-3.90144846258014	9.56188206186032e-05	0.00028538950644883
gene_5793	interaction_vs_onu	2827.07020216588	-0.345025131843262	0.0884614682623189	-3.90028719419559	9.60786465186051e-05	0.000286661977762029
gene_3575	interaction_vs_onu	365.372574213881	-0.655858414762675	0.168240765069414	-3.89833233635187	9.68574280981735e-05	0.000288884872655179
gene_7037	interaction_vs_onu	333.673088200918	0.617337594436843	0.158389003413957	3.89760388114448	9.71491534224963e-05	0.00028965404155227
gene_7452	interaction_vs_onu	21.757565543382	-2.05384348682762	0.527023390466508	-3.8970632499055	9.73661967623839e-05	0.000290200085057802
gene_4984	interaction_vs_onu	1290.44958618255	-0.326446396843177	0.0838270385739696	-3.89428521389454	9.84887141510079e-05	0.000293443575751002
gene_2285	interaction_vs_onu	614.345401633272	-0.467040366299666	0.119975785999043	-3.89278855237833	9.90985213064129e-05	0.000295157739172893
gene_3590	interaction_vs_onu	1274.20436110733	0.370893753311605	0.0952804779406057	3.89265210805099	9.91542917935866e-05	0.000295221126174992
gene_808	interaction_vs_onu	920.389594867927	-0.379940978061993	0.0976222531384411	-3.8919505117669	9.94415316541218e-05	0.000295973404366927
gene_2622	interaction_vs_onu	2264.57600923397	-0.478350611295941	0.122921309880159	-3.89151898692185	9.96185917931986e-05	0.000296397339502878
gene_1829	interaction_vs_onu	567.399482044656	0.364805587831556	0.0937780892197513	3.89009405999628	0.000100205373711687	0.000298039610483685
gene_500	interaction_vs_onu	2651.55598030563	-0.557751612247137	0.143409760006853	-3.8892165513734	0.000100568351616123	0.000299015314287605
gene_4647	interaction_vs_onu	900.100317258976	0.682505365980436	0.175493234858692	3.88906937939796	0.000100629350114089	0.000299092790616877
gene_3651	interaction_vs_onu	12.6942139866575	2.04229543011934	0.525313559514143	3.88776454201609	0.000101171696777983	0.000300600390287934
gene_7136	interaction_vs_onu	486.867436999445	0.362684887374022	0.0933031600038134	3.88716617271268	0.000101421326525986	0.000301237527780165
gene_6822	interaction_vs_onu	533.726439547313	-0.401027537044321	0.103183378428659	-3.88655172132778	0.000101678270413325	0.000301895939902207
gene_6230	interaction_vs_onu	1961.87353893797	0.480365802107237	0.123692218595498	3.88355716763512	0.000102939314952615	0.000305534166433559
gene_2504	interaction_vs_onu	810.035344491594	-0.425570962324944	0.109612182390266	-3.88251518257095	0.000103381559269735	0.000306694310122467
gene_3295	interaction_vs_onu	2258.33034721485	0.246568046978987	0.0635080776621669	3.88246749162544	0.000103401843342692	0.000306694310122467
gene_694	interaction_vs_onu	1952.71493323818	0.315638790500174	0.0813429140197408	3.88034771441275	0.000104307237464991	0.000309272584932567
gene_8018	interaction_vs_onu	761.141355217743	-0.625420704114946	0.161201450131483	-3.87974614127121	0.000104565539656319	0.000309931100920392
gene_2428	interaction_vs_onu	9965.7279046895	-0.53899853704766	0.138946046618946	-3.87919304048887	0.000104803561436682	0.000310529070923501
gene_6565	interaction_vs_onu	815.345270779227	-0.430469410219011	0.111071099128796	-3.87562033324122	0.000106353404573514	0.000315012160259265
gene_98	interaction_vs_onu	304.879945715634	0.955626700761987	0.246725944257362	3.87323150647328	0.000107401716841222	0.000317960728721738
gene_791	interaction_vs_onu	1994.5333788535	0.277986360529102	0.0717720729989926	3.8731828260416	0.000107423180778419	0.000317960728721738
gene_1781	interaction_vs_onu	63.4746487399419	-0.985765823462722	0.254526701469799	-3.87293677940382	0.000107531728395777	0.00031817199967779
gene_7085	interaction_vs_onu	837.066376098372	0.617270558349551	0.159399799877262	3.87246758668987	0.000107739007568146	0.000318675157146971
gene_2577	interaction_vs_onu	1598.7271990974	-0.474438158274477	0.122552743013653	-3.87129774991346	0.00010825745909515	0.000320098048308974
gene_8239	interaction_vs_onu	812.505844282348	-0.433521283201369	0.111989659797876	-3.87108313378047	0.000108352828444298	0.000320158857950706
gene_5568	interaction_vs_onu	682.893262627233	0.410274036766603	0.105983085821465	3.87112748781192	0.00010833311226921	0.000320158857950706
gene_2613	interaction_vs_onu	1290.61987777419	-0.328096807052969	0.0847706389937329	-3.87040620370014	0.000108654156644517	0.000320938433704992
gene_628	interaction_vs_onu	805.718170701925	0.46415485227438	0.119932756328622	3.87012578117167	0.000108779215196314	0.000321196992783874
gene_3472	interaction_vs_onu	1656.37034055189	0.279384970341032	0.0722087321281176	3.86912998064179	0.000109224405349618	0.00032240031372163
gene_4430	interaction_vs_onu	618.261771279369	-0.367787123459458	0.0950663599888558	-3.86874098790122	0.00010939877784784	0.000322803701612378
gene_5057	interaction_vs_onu	1896.84152902057	-0.422551643077788	0.109254487016761	-3.86759074721538	0.000109915930242383	0.000324217905883805
gene_4602	interaction_vs_onu	728.445301933223	0.417332314269927	0.107913165380769	3.86729749606899	0.00011004814550294	0.000324496081813699
gene_7224	interaction_vs_onu	331.710814790858	0.601144167824036	0.155484874885062	3.86625495417748	0.000110519401991341	0.000325773443886323
gene_5086	interaction_vs_onu	1355.67419331941	0.414948390265621	0.10732967781976	3.86611046166045	0.000110584866444401	0.000325854201984189
gene_5379	interaction_vs_onu	461.11493154652	0.822895910450345	0.212912045517427	3.86495704576277	0.000111108751480266	0.000327285241800097
gene_7934	interaction_vs_onu	734.8538735152	0.452325216145431	0.117052543849693	3.86429206294108	0.000111411851824064	0.000327990554058318
gene_7071	interaction_vs_onu	1749.96009301854	0.41283175750427	0.106833227983188	3.86426363124811	0.000111424828411401	0.000327990554058318
gene_6587	interaction_vs_onu	22.2956839478186	-1.77322493881218	0.459048484098033	-3.86282713098667	0.000112082324442857	0.000329785553927689
gene_148	interaction_vs_onu	188.961678263348	-0.795753179323568	0.206006203636285	-3.86276318517335	0.000112111677795511	0.000329785553927689
gene_2438	interaction_vs_onu	1044.18027138123	-0.4722848960054	0.122279687767453	-3.86233318573378	0.000112309250906182	0.000330253242101312
gene_3495	interaction_vs_onu	3464.22638592079	0.640314500846176	0.166036062448806	3.85647847463021	0.000115032222398853	0.000338144170238387
gene_5728	interaction_vs_onu	5674.53288626724	-0.440303442478898	0.114216913635246	-3.85497583908647	0.000115741059081638	0.000340111042134851
gene_1727	interaction_vs_onu	554.609578227482	0.966329315266541	0.250805601694386	3.85290164469309	0.00011672628661184	0.00034288847405537
gene_3562	interaction_vs_onu	950.189716909576	0.43708087901599	0.113464672334492	3.85213185763657	0.000117093938132843	0.000343850466695417
gene_1998	interaction_vs_onu	10891.2726132945	0.251905525281363	0.0654143174193089	3.85092339444034	0.000117673305630185	0.000345433297734699
gene_2837	interaction_vs_onu	13610.2883385308	-0.630265442584548	0.163669716403553	-3.85083726198029	0.000117714702721649	0.000345436357661063
gene_5304	interaction_vs_onu	3646.05141410832	0.243652678473767	0.0632924073945977	3.84963518538186	0.000118293881446521	0.000347017006573755
gene_2489	interaction_vs_onu	208.023887254075	-0.57470104431045	0.149337548320068	-3.84833587249418	0.000118922931577422	0.000348742820932762
gene_7596	interaction_vs_onu	307.281106697535	0.992186614072889	0.257862415283342	3.84773644884488	0.000119214198933619	0.000349477240709512
gene_3204	interaction_vs_onu	2712.52729333201	-0.551314815250295	0.143327560948536	-3.84653734146954	0.00011979887988324	0.000351071007121031
gene_5516	interaction_vs_onu	39.7302966028292	-1.4020567033609	0.364765696389779	-3.84371863154231	0.000121183939497051	0.000355008392229553
gene_5230	interaction_vs_onu	3790.48800085321	0.417923394241605	0.108737790649188	3.84340523884576	0.000121338863831606	0.000355340634416199
gene_4672	interaction_vs_onu	930.263595942275	-0.336863893291711	0.0876571642238678	-3.84297046652563	0.000121554100905811	0.000355849214690064
gene_1731	interaction_vs_onu	3724.38346251224	0.597059397869394	0.155398171529303	3.84212627467632	0.000121973052389812	0.000356953616566424
gene_7620	interaction_vs_onu	4788.62367320505	-0.314714874327021	0.0819241915475067	-3.84153774827942	0.000122265928387381	0.000357688430278872
gene_6967	interaction_vs_onu	666.370792373376	0.611111967671563	0.15920444998398	3.83853571764519	0.000123770212286661	0.000361965499546914
gene_7281	interaction_vs_onu	2145.99522174099	0.352721166914529	0.0919234550772437	3.83711824820048	0.000124486538436566	0.000363936054992147
gene_4578	interaction_vs_onu	154.644581139122	0.927681057985795	0.241865849119488	3.83551899271028	0.000125299422576953	0.000366187455533874
gene_2563	interaction_vs_onu	4864.61339431585	-0.398096642798198	0.103797234766655	-3.83532994586177	0.000125395843032829	0.00036634416940649
gene_3934	interaction_vs_onu	69980.2271012513	-0.339865223254438	0.0886300398192662	-3.83465046329088	0.000125742980492467	0.000367232996593489
gene_5377	interaction_vs_onu	2546.51001901516	0.693435413702726	0.181055556823626	3.82995930016239	0.000128164455051619	0.000374177263042927
gene_4550	interaction_vs_onu	627.623375076043	1.04060053621951	0.271806474911222	3.82846117466255	0.000128946967336414	0.000376333460756803
gene_5898	interaction_vs_onu	6.27090118481526	-5.07919160866311	1.3269984174929	-3.82757925081723	0.000129409723700155	0.000377555294776186
gene_1383	interaction_vs_onu	1124.82959104512	0.296621654783454	0.0775755899783088	3.82364677943659	0.0001314922533232	0.000383500404922179
gene_7589	interaction_vs_onu	282.071288081556	-0.666974735797396	0.174455635241843	-3.82317679146786	0.000131743248144597	0.000384101568159996
gene_4300	interaction_vs_onu	120.45909326791	-0.689208598388595	0.18027517402108	-3.82309212641783	0.000131788511069785	0.000384102708463522
gene_8001	interaction_vs_onu	88.5894743776276	-1.13351410515089	0.296543153640794	-3.82242547580083	0.000132145422568676	0.000385011850642569
gene_272	interaction_vs_onu	1777.75341932834	0.301083376701154	0.0787759290418363	3.82202254372976	0.000132361585798864	0.000385510437032417
gene_3330	interaction_vs_onu	5704.30792531051	0.353411836957812	0.0924865156811056	3.82122555223488	0.000132790133953669	0.00038662705668143
gene_8376	interaction_vs_onu	2407.0849736353	-0.311203537871711	0.0814677674223776	-3.81995907974556	0.000133473815859789	0.000388485502808499
gene_715	interaction_vs_onu	2991.11300715588	-0.278464715092622	0.0729308279931921	-3.81820312143742	0.000134427226284219	0.000391127483682161
gene_3813	interaction_vs_onu	4130.23516700273	-0.507505709277187	0.132926467582983	-3.81794324715928	0.000134568870800543	0.000391406569504806
gene_7237	interaction_vs_onu	347.807539860201	0.703075979859074	0.18417095097005	3.81751832281849	0.000134800778857417	0.00039194791678651
gene_4098	interaction_vs_onu	825.042780590244	0.766711493460692	0.200895071266597	3.81647737113087	0.000135370483989609	0.000393470744635332
gene_4255	interaction_vs_onu	762.444233549726	0.615715952081793	0.161347642162938	3.81608273804218	0.000135587056135798	0.000393966463178015
gene_7053	interaction_vs_onu	40.5354484008717	-1.64243228778766	0.431024900667593	-3.81052761741556	0.000138670519044176	0.000402789156097097
gene_8392	interaction_vs_onu	71.1020103825272	-1.12236703826036	0.294555863238173	-3.81037072534126	0.000138758556348774	0.000402908155476765
gene_7941	interaction_vs_onu	1195.17568636052	0.624290516826681	0.163859058140286	3.80992374734755	0.000139009659149483	0.000403500400922203
gene_8190	interaction_vs_onu	69.2750260275834	-1.18099213787546	0.310148765177965	-3.80782472952229	0.000140194578195886	0.000406801894697214
gene_2710	interaction_vs_onu	2059.04420172316	0.437828024753724	0.114995387705281	3.8073529164128	0.000140462228336402	0.000407440418352965
gene_2518	interaction_vs_onu	4173.19003746212	-0.425493273534321	0.111768771727229	-3.8069065890134	0.000140715863868472	0.000408037870838117
gene_4245	interaction_vs_onu	1954.38466513107	-0.334686826300269	0.0879732376511271	-3.80441637975775	0.00014213891676163	0.000412024763792602
gene_1305	interaction_vs_onu	562.493874848709	0.571728848602602	0.150304886709156	3.80379414881509	0.000142496606882376	0.000412921785684881
gene_932	interaction_vs_onu	576.771225987028	-0.482617576818038	0.126905690960645	-3.80296244529889	0.000142976036502434	0.000414170853624647
gene_6045	interaction_vs_onu	1255.29238398848	-0.438199892656592	0.11523660271717	-3.80261030197222	0.000143179484445655	0.000414619887298648
gene_2126	interaction_vs_onu	3007.53573010645	0.241447120850441	0.0634993517883254	3.80235567845327	0.000143326760916614	0.0004149060106345
gene_7213	interaction_vs_onu	418.020553967259	-0.672460525348704	0.176915481371407	-3.80102702225916	0.00014409758461731	0.000416996390914189
gene_2425	interaction_vs_onu	2308.63321586101	-0.253753118639503	0.0667631806532194	-3.80079433239624	0.00014423298138321	0.000417247151280931
gene_3454	interaction_vs_onu	21.4400607016334	1.6775763911819	0.441654835224369	3.79838792057978	0.000145640259703033	0.000421175886168231
gene_1295	interaction_vs_onu	1374.04400909558	0.350944159505307	0.0924114423842607	3.79762668399902	0.000146088118817951	0.000422328367808733
gene_5040	interaction_vs_onu	1974.49655275224	-0.505824731098085	0.133202182564923	-3.7974207430989	0.000146209502931249	0.000422536578356345
gene_1112	interaction_vs_onu	5842.80380598651	0.372207161230589	0.0980631404389648	3.79558679810232	0.000147294649157252	0.000425528922303771
gene_4848	interaction_vs_onu	326.273161737942	1.1026400695698	0.290512934302633	3.79549389846152	0.000147349819218791	0.000425544687082609
gene_7341	interaction_vs_onu	1436.15131462699	0.693830010785235	0.183199217790523	3.78729788889484	0.000152294474970301	0.000439676460622521
gene_5301	interaction_vs_onu	4285.25817000735	0.341486966164997	0.0901831621970044	3.78659339333236	0.000152726709178674	0.000440775667757739
gene_5167	interaction_vs_onu	6513.80491916521	0.450025842480961	0.118863146159595	3.78608388740377	0.000153040029296799	0.000441531058571149
gene_4164	interaction_vs_onu	1356.34815461356	0.307743420205992	0.0813053624343924	3.78503226591381	0.000153688637014521	0.000443252942332985
gene_7549	interaction_vs_onu	1390.915890475	0.350990970485702	0.0927434056097685	3.78453829873952	0.000153994193088914	0.000443984605200775
gene_2727	interaction_vs_onu	427.214773537428	0.56560075002215	0.149634598010001	3.77987950343108	0.000156904273665187	0.000452222418375084
gene_5168	interaction_vs_onu	122.155487478564	-0.961916647767024	0.254517930747047	-3.77936691903654	0.000157227597249916	0.000452849337974186
gene_6010	interaction_vs_onu	1005.72280949835	0.629789025729776	0.166637738808224	3.77939013235514	0.00015721294140688	0.000452849337974186
gene_6971	interaction_vs_onu	132.183042908509	-0.690814140309793	0.182795040319242	-3.77917332496178	0.000157349873910658	0.000453049081962742
gene_8553	interaction_vs_onu	1807.06344254899	0.733835457128572	0.194195025800566	3.77885815614147	0.000157549130309218	0.000453470260742067
gene_7577	interaction_vs_onu	487.502214859299	0.397994142318143	0.105345660977374	3.77798324701407	0.000158103511698001	0.000454912961389879
gene_6126	interaction_vs_onu	128.955662186794	-0.723953405611249	0.191662140162819	-3.77723740847433	0.000158577557280128	0.000456123619058433
gene_5465	interaction_vs_onu	311.028184252522	-0.71532386414202	0.189415352940374	-3.77648302018684	0.000159058397440126	0.000457353000365293
gene_4005	interaction_vs_onu	883.717820166302	0.951503108037043	0.251967353916087	3.77629519558285	0.000159178328271163	0.000457544153794882
gene_6131	interaction_vs_onu	300.530502103772	-0.746783310972898	0.197780735029759	-3.77581421598284	0.000159485834191814	0.000458267469511629
gene_3777	interaction_vs_onu	229.56488959639	-0.540680415478355	0.143198749060673	-3.77573420874837	0.000159537039619703	0.000458267469511629
gene_6129	interaction_vs_onu	1276.38981436769	0.30045370465693	0.0795955933623263	3.77475299781029	0.000160166284052051	0.000459920627804614
gene_8184	interaction_vs_onu	959.362547356965	0.404762289082614	0.107288686811144	3.77264650274918	0.000161525063632581	0.000463666849327596
gene_431	interaction_vs_onu	681.208883400605	-0.439508524671771	0.116566122674682	-3.77046533406941	0.00016294343650454	0.000467581567709979
gene_7503	interaction_vs_onu	7328.5005827462	0.27656570180549	0.0733692144849236	3.76950610343961	0.000163570908981698	0.000469224859545354
gene_2587	interaction_vs_onu	1438.31840344342	0.286614638435228	0.0760611924389779	3.76821121579407	0.000164421555151907	0.00047150703922959
gene_4804	interaction_vs_onu	4888.45743023846	-0.522279684422606	0.138700932579898	-3.76550953701591	0.000166209778777843	0.00047647545423253
gene_6229	interaction_vs_onu	355.170550164985	-0.717552365448628	0.190825306092263	-3.76025790364354	0.000169738273122524	0.000486427726122801
gene_1035	interaction_vs_onu	7280.06110456724	0.28227944697899	0.0750761247733591	3.75990966277414	0.000169974724680509	0.000486942317023146
gene_8193	interaction_vs_onu	8778.06087494303	0.389377045968463	0.103570842601948	3.75952378281742	0.000170237094600976	0.00048753078948958
gene_1764	interaction_vs_onu	410.380504643938	0.99893436878689	0.265798209380377	3.75824340997474	0.000171110385288105	0.00048986785888501
gene_6774	interaction_vs_onu	264.163659985007	-0.746433317724012	0.198623189452068	-3.75803711431259	0.000171251484775739	0.000490107893574163
gene_1264	interaction_vs_onu	68.6311003746438	-1.19665735352573	0.318501295061493	-3.75715066808345	0.000171859031387071	0.000491682255572637
gene_3245	interaction_vs_onu	2633.16355078597	0.33047106503209	0.0879872797101397	3.75589592178296	0.000172722467435432	0.000493987411041529
gene_8488	interaction_vs_onu	767.1161450074	0.616465691915827	0.164194278827031	3.75448947624561	0.000173695142240872	0.000496439380844791
gene_3791	interaction_vs_onu	2112.17637308141	0.243771714369452	0.0649280751435359	3.75448854490986	0.000173695788040905	0.000496439380844791
gene_5014	interaction_vs_onu	1510.74166605335	-0.272551688197301	0.0726152734116496	-3.75336586081869	0.000174475915643133	0.000498502616123239
gene_3040	interaction_vs_onu	1266.9644467677	0.491930003488875	0.131071859544851	3.75313210018617	0.000174638764523286	0.000498801409515959
gene_2824	interaction_vs_onu	1072.45933774398	-0.513634108170584	0.136875491776762	-3.7525644766873	0.000175034793470978	0.000499765787895788
gene_703	interaction_vs_onu	504.766229410554	-0.572060912403302	0.152464084318167	-3.75210276545856	0.000175357550526539	0.000500520384297158
gene_4469	interaction_vs_onu	75.1095800653884	-0.947441510683575	0.25256195761496	-3.75132311940655	0.000175903829231147	0.000501912259406207
gene_4915	interaction_vs_onu	1480.25368035494	-0.505549567165819	0.134777512762928	-3.75099344691926	0.000176135303669913	0.00050240526471658
gene_7739	interaction_vs_onu	1142.62070521676	-0.407550923686441	0.108656869463308	-3.75080678929431	0.000176266489406219	0.000502611975122329
gene_5151	interaction_vs_onu	604.581582505946	-0.468005242367253	0.124875975111582	-3.74776046352448	0.000178420521155493	0.000508584635727944
gene_838	interaction_vs_onu	4859.2152241824	-0.327905044029838	0.0875659560399637	-3.74466355258187	0.000180635675483081	0.000514727490724094
gene_3156	interaction_vs_onu	887.781436902747	-0.426938980040557	0.114021982180876	-3.74435676239422	0.000180856518010895	0.00051518528924235
gene_3150	interaction_vs_onu	5697.33218838156	0.305221112938551	0.081566908243173	3.74197232079221	0.000182581629334389	0.000519926396241639
gene_6997	interaction_vs_onu	1038.74743059394	-0.353346717693701	0.0944761670823901	-3.74006195007421	0.000183974906457852	0.000523719720412109
gene_461	interaction_vs_onu	1445.78835393763	-0.464557637916787	0.124241201442346	-3.73915925251549	0.000184636736117047	0.000525429009694787
gene_1191	interaction_vs_onu	9869.77724210404	-0.403105997438375	0.107817273138328	-3.73878865329116	0.000184909095406349	0.000526029197965551
gene_3968	interaction_vs_onu	4258.63175552624	0.261939690644907	0.0700668827111904	3.73842363909066	0.000185177719316687	0.000526618364568385
gene_3300	interaction_vs_onu	1072.31856556929	-0.520979925897478	0.139425949721685	-3.73660661403012	0.000186520384567095	0.0005300844926608
gene_8623	interaction_vs_onu	1142.55869546264	-0.519425204286283	0.139008977505725	-3.73663063786574	0.000186502572947384	0.0005300844926608
gene_5134	interaction_vs_onu	565.555567449748	-0.379743627198664	0.101776621205724	-3.73114790705299	0.00019060926925447	0.000541525172525146
gene_4009	interaction_vs_onu	384.814562227612	0.981010803607669	0.262952544755004	3.73075227137158	0.000190908873828269	0.000541836856753973
gene_6421	interaction_vs_onu	527.729372018627	0.645324621475629	0.17296771111175	3.73089646228077	0.000190799630595515	0.000541836856753973
gene_6948	interaction_vs_onu	1966.36723564886	0.538272091976646	0.144277271962266	3.7308169516639	0.000190859862886525	0.000541836856753973
gene_1537	interaction_vs_onu	1656.58576089501	0.360142663664324	0.0965547649848958	3.72993154424498	0.000191531800992956	0.000543424665727446
gene_7505	interaction_vs_onu	754.131807937474	-0.377907466815893	0.101383715373325	-3.72749672296309	0.000193391074691638	0.00054851809123937
gene_7297	interaction_vs_onu	1617.83977695259	-0.585543686488204	0.157140196643805	-3.72625018292091	0.000194349506983096	0.000551053918441636
gene_6504	interaction_vs_onu	603.120247162181	-0.381443766910952	0.102373638747539	-3.72599598468529	0.00019454550053515	0.000551426981649298
gene_3082	interaction_vs_onu	1606.42000853506	0.520220895281431	0.139646572714945	3.72526790430681	0.000195107898077192	0.000552838003158148
gene_1134	interaction_vs_onu	1410.55292536427	0.265224011480441	0.0712164125386823	3.72419786431085	0.00019593721163262	0.000555004146782007
gene_4442	interaction_vs_onu	860.438747958414	0.413920740042857	0.11116523814615	3.72347279550349	0.00019650104343433	0.000556417112734988
gene_299	interaction_vs_onu	765.089209906831	-0.316864618525136	0.0851431245017908	-3.72155262540866	0.000198001589724055	0.000560480690488726
gene_3188	interaction_vs_onu	13.9674819430798	-2.3756900432424	0.638787060173752	-3.71906413163129	0.000199962282058386	0.000565843680799929
gene_3079	interaction_vs_onu	4548.30055009987	0.318081160275158	0.0856124430373061	3.7153613305551	0.000202913522543998	0.000574005205874627
gene_3610	interaction_vs_onu	856.629996930234	0.450937646242176	0.121387021787101	3.71487527746641	0.000203303945205559	0.000574919646831709
gene_2867	interaction_vs_onu	636.493480807272	-0.362170620962832	0.0975073878466515	-3.71428902938527	0.000203775788472544	0.00057606365565554
gene_466	interaction_vs_onu	24676.45259629	0.22519751303608	0.0607169917506198	3.70897019998988	0.000208103916094183	0.00058810482725857
gene_4950	interaction_vs_onu	2675.18906868696	-0.303414456326223	0.0818236742682854	-3.70814998274681	0.000208778991599223	0.000589817877257211
gene_4958	interaction_vs_onu	1569.16413994541	-0.315616787645941	0.0851182616295223	-3.70797971673417	0.000208919385699668	0.000590019776175902
gene_5518	interaction_vs_onu	13.3723215545316	-2.56529563226237	0.691928813369672	-3.7074560022576	0.000209351774356755	0.000591045906495324
gene_8224	interaction_vs_onu	3094.89779358459	-0.314754468742882	0.0849165393900681	-3.70663325429505	0.000210032748447237	0.000592772939897248
gene_693	interaction_vs_onu	5554.11425088204	-0.420706626829633	0.113511506789311	-3.7062905667397	0.00021031699816971	0.000593379533399049
gene_362	interaction_vs_onu	1972.36802667625	0.399721973244399	0.107855919432154	3.70607357805561	0.00021049717096776	0.000593692185661952
gene_8439	interaction_vs_onu	308.914688053306	-0.630976617884264	0.170267430380235	-3.70579750029228	0.000210726616904904	0.000594143557544789
gene_3654	interaction_vs_onu	978.344788812919	0.47508047732278	0.128214233085715	3.70536457528218	0.00021108689028706	0.000594963378616146
gene_5674	interaction_vs_onu	633.931121304341	-0.437955243007336	0.118274732019399	-3.70286396366981	0.000213179205743873	0.000600662936526516
gene_5108	interaction_vs_onu	159.974922315724	0.570288393669756	0.154036149060515	3.70230233064132	0.000213651806882945	0.000601796468219154
gene_2330	interaction_vs_onu	3857.0731066034	0.324339265389812	0.0876223463797472	3.70155877798747	0.000214279002754582	0.000603364560387901
gene_4818	interaction_vs_onu	236.759646576138	0.781618312402346	0.211359682541401	3.69804828907824	0.000217263563751829	0.000611567282379367
gene_4694	interaction_vs_onu	24.60374448432	1.29729297013182	0.350862127861435	3.6974437168213	0.000217781484669923	0.000612823638650408
gene_2995	interaction_vs_onu	3664.61142691388	0.321751056535107	0.0871163338460599	3.69334936779665	0.000221319630100546	0.000622575101433018
gene_108	interaction_vs_onu	1050.70093478134	0.492657051699281	0.133399199887699	3.69310349772727	0.000221533807885188	0.00062297286317254
gene_1550	interaction_vs_onu	237.915142166704	0.606763810575342	0.164338065347969	3.69216839257894	0.000222350157943551	0.000625063169785482
gene_2759	interaction_vs_onu	158.296985173943	-0.722069887261549	0.195726497805027	-3.68917798744266	0.00022497978808739	0.000632247861466861
gene_7195	interaction_vs_onu	68.8595263308035	-0.91077867894847	0.247046040340692	-3.68667588313679	0.000227202430521013	0.000638284478260541
gene_3570	interaction_vs_onu	1243.31366992954	-0.524203652120039	0.142228081034067	-3.68565509925202	0.0002281151080184	0.000640638229867948
gene_6510	interaction_vs_onu	1945.1178564766	0.268319531922417	0.0728605376294154	3.68264551226823	0.000230826032701907	0.000648038976690168
gene_6047	interaction_vs_onu	13.443083841341	-2.18841180287237	0.59435170540642	-3.68201484569801	0.000231397932426283	0.000649431574284911
gene_7300	interaction_vs_onu	3.93563866763147	3.77683308931729	1.02598056350415	3.6811936050892	0.000232144641445998	0.000651313710513846
gene_1441	interaction_vs_onu	1982.8852496856	-0.688876793527834	0.187172937224831	-3.68042946668277	0.000232841460927226	0.0006530546872664
gene_839	interaction_vs_onu	554.86664427909	0.334027618806781	0.0907633739389521	3.68020275481881	0.000233048577234246	0.000653421493981376
gene_768	interaction_vs_onu	1431.68418687895	0.308370667859167	0.0837953871069006	3.68004347859588	0.000233194189999967	0.000653615673346337
gene_4290	interaction_vs_onu	370.819852065529	0.437809601438701	0.119001159728155	3.67903642652582	0.000234116830736712	0.000655986929985681
gene_1203	interaction_vs_onu	621.058454672724	0.393855698595193	0.107067452648268	3.67857541067185	0.000234540346178931	0.000656958561286536
gene_5217	interaction_vs_onu	8944.26310340053	0.347331764317483	0.0944685077568463	3.67669366823793	0.000236276489282083	0.000661605086115352
gene_767	interaction_vs_onu	1776.81478209311	-0.431033796965235	0.117248688731149	-3.6762355436963	0.000236700988052176	0.000662576997294515
gene_4952	interaction_vs_onu	548.09366150942	-0.461774468687928	0.1256240070246	-3.67584572109296	0.000237062761583675	0.000663372748988644
gene_7830	interaction_vs_onu	226.396413969589	0.504259910945982	0.137207243264445	3.67516975743111	0.000237691317450832	0.000664914273653308
gene_1022	interaction_vs_onu	3448.87471314882	-0.273364785673686	0.0743890870928803	-3.67479688697309	0.000238038705985969	0.000665668514616103
gene_6445	interaction_vs_onu	1828.00555822065	0.485322731150268	0.132080202878807	3.67445476742328	0.000238357864133168	0.000666343343233154
gene_3112	interaction_vs_onu	6368.67649216279	0.256831943630897	0.0699155755639115	3.67345818952918	0.000239289846267143	0.000668730357181437
gene_3227	interaction_vs_onu	63.1689520218843	1.05758831630974	0.287942852512899	3.67291046497625	0.000239803523466546	0.000669947180441786
gene_2937	interaction_vs_onu	280.309610439622	-0.540545800424937	0.147214668854332	-3.67182023796693	0.000240829060948053	0.000672592744442197
gene_1078	interaction_vs_onu	1086.98170780405	0.326928975092895	0.0890513923176655	3.67123934375634	0.000241377166158223	0.000673903634153421
gene_8637	interaction_vs_onu	112.271295023095	-0.747684466911563	0.203847518771274	-3.66786150461069	0.000244587599398312	0.000682644229165162
gene_5565	interaction_vs_onu	327.383920514054	0.977953139395961	0.266864254024313	3.66460897122199	0.000247716755015714	0.000690927149864617
gene_5754	interaction_vs_onu	3966.55095194189	0.315669639863928	0.0861399057539007	3.66461557046263	0.000247710368256553	0.000690927149864617
gene_2409	interaction_vs_onu	13933.4558903621	0.3599972873653	0.0982563508603367	3.66385769686284	0.000248444850475421	0.000692732221521043
gene_2589	interaction_vs_onu	2954.18141450856	-0.544971567080486	0.148748968871683	-3.66369979714349	0.000248598133604727	0.000692933905456355
gene_6821	interaction_vs_onu	347.558933985404	0.698324729311071	0.190714611134591	3.66162154622883	0.000250623906280738	0.000698353072188515
gene_4898	interaction_vs_onu	1714.60718354693	0.365800014564462	0.0999089633940343	3.66133329921331	0.000250906094224455	0.000698911866762557
gene_903	interaction_vs_onu	851.791398263485	-0.381926269770256	0.104363853035565	-3.659564673605	0.000252644076630647	0.00070352416914715
gene_4905	interaction_vs_onu	3552.24501363776	0.446371502452924	0.121980150130393	3.65937820191043	0.000252827973994757	0.000703807303217924
gene_3152	interaction_vs_onu	1321.86405190842	-0.283224422670461	0.0774174735992756	-3.6584043563146	0.000253790416649491	0.000706256816163734
gene_237	interaction_vs_onu	3791.51397225492	-0.288920189952969	0.0789765512047348	-3.65830345267911	0.000253890334988622	0.00070630525430699
gene_1835	interaction_vs_onu	609.403407372899	0.737069162080519	0.201544516741543	3.65710352232366	0.000255081379646415	0.000709388112337009
gene_3521	interaction_vs_onu	1136.31675831007	0.463321668581102	0.126759737271052	3.65511698395505	0.000257064731917088	0.000714671680808793
gene_809	interaction_vs_onu	2877.54894836625	0.315049054718524	0.0862568331213908	3.65245329926674	0.000259746845227276	0.000721752332702694
gene_5621	interaction_vs_onu	6606.06153188841	-0.25226150036284	0.0690669420613726	-3.65242028724366	0.000259780249656192	0.000721752332702694
gene_2327	interaction_vs_onu	4803.39185409031	0.397117594195276	0.108775266432008	3.65080782811506	0.000261416787717112	0.000726063498656222
gene_3888	interaction_vs_onu	1212.46557601126	0.524439958453791	0.143728690248805	3.64881887913922	0.000263448753205362	0.000731469778604574
gene_5066	interaction_vs_onu	497.094405599061	0.430750077961564	0.118132595197712	3.64632705512515	0.000266015367955009	0.000738356533623502
gene_7050	interaction_vs_onu	1073.87173433455	0.769537704946355	0.211272523735189	3.64239367874878	0.000270114555471084	0.000749491278713932
gene_7540	interaction_vs_onu	4084.72626206257	-0.495796985805491	0.136173597327679	-3.64091861811096	0.000271667005560201	0.000753554623329657
gene_3821	interaction_vs_onu	695.462384826291	-0.436812027910734	0.11997891996687	-3.64073979021774	0.000271855783074505	0.000753833982221498
gene_1174	interaction_vs_onu	417.793347365692	-0.507018187447105	0.139302917442192	-3.63968104011538	0.000272975961105433	0.000756695021717134
gene_5970	interaction_vs_onu	2119.04466327221	0.495277382256145	0.136137158410701	3.63807639323558	0.00027468195829577	0.000761177585953963
gene_3337	interaction_vs_onu	18.4832101482923	-1.96907646971115	0.541399059753292	-3.63701494163738	0.000275815937268748	0.000764072628809217
gene_836	interaction_vs_onu	15.1186590427044	1.68354339827966	0.462939008203601	3.63664190842877	0.000276215500068003	0.000764931957483698
gene_6895	interaction_vs_onu	1044.47417210418	0.581153357069799	0.159825213156837	3.63618071010806	0.000276710248085221	0.000766054244375644
gene_8115	interaction_vs_onu	403.660015275724	-0.497172120933124	0.136765742266156	-3.63520946616582	0.00027775486204974	0.000768697581359772
gene_7992	interaction_vs_onu	338.382171084864	-0.838870630658793	0.230897857660017	-3.63308104787173	0.00028005700285489	0.000774818340154445
gene_2361	interaction_vs_onu	232.389270882501	0.675783743882785	0.186054737359939	3.63217703280204	0.000281040203780377	0.000777287284122788
gene_313	interaction_vs_onu	598.758101394556	0.462629076988223	0.127404099005515	3.63119460519238	0.000282112352575975	0.000779913429208153
gene_6066	interaction_vs_onu	2365.11345251813	0.30957746929879	0.0852562723954625	3.63114009797203	0.000282171949796454	0.000779913429208153
gene_109	interaction_vs_onu	1526.65967840648	0.459147285987994	0.126460431164263	3.63075850493973	0.000282589507299072	0.00078081542365399
gene_7212	interaction_vs_onu	22853.6884836118	-0.441000315527799	0.121491955001371	-3.62987257487809	0.000283561168199054	0.000783247370049663
gene_7488	interaction_vs_onu	2266.12637024532	0.336744409731651	0.0927746909031386	3.62970123051371	0.000283749454337742	0.000783514622300346
gene_1839	interaction_vs_onu	842.138564796247	-0.670483629942202	0.184743981622496	-3.62925830684034	0.000284236715277673	0.00078460699218861
gene_1653	interaction_vs_onu	3026.27937308776	-0.403307131086846	0.11114224841981	-3.62874727496478	0.000284799876188881	0.000785654830865878
gene_1039	interaction_vs_onu	2978.58488648746	-0.345042947016067	0.0950846889714599	-3.62879608429527	0.000284746042822434	0.000785654830865878
gene_1381	interaction_vs_onu	1328.86626260712	-0.580889582760012	0.160091086528997	-3.62849422384797	0.000285079127238974	0.000786171819963149
gene_17	interaction_vs_onu	5985.56051556044	0.356839078124081	0.0983605585117091	3.62786754694568	0.000285771792571757	0.000787828194658372
gene_6542	interaction_vs_onu	1627.2488840396	-0.635259722399555	0.175155119192217	-3.62684074167661	0.000286910128766283	0.000790483545741467
gene_4251	interaction_vs_onu	614.639214074873	-0.537581196664271	0.14822334595162	-3.62683215125732	0.00028691967016574	0.000790483545741467
gene_2626	interaction_vs_onu	1430.19480196155	0.370724436094712	0.102254033369385	3.62552384369523	0.0002883762858533	0.000794240993212434
gene_6394	interaction_vs_onu	170.753215935507	-0.598815021118686	0.165210380750448	-3.62456050520942	0.000289453252656762	0.000796694483196748
gene_1080	interaction_vs_onu	3040.04587219118	-0.343050573190607	0.0946448636132284	-3.62460845833645	0.000289399554342559	0.000796694483196748
gene_5532	interaction_vs_onu	138.070238967923	0.847793358038559	0.233913025516197	3.62439567513462	0.000289637901951266	0.000796946461170954
gene_7746	interaction_vs_onu	446.06890030634	-0.370974483948882	0.102361462289377	-3.62416162930666	0.000289900279114187	0.000797412078797379
gene_4693	interaction_vs_onu	21177.7828998845	0.544810619412001	0.150390655416989	3.62263611327048	0.000291615922477826	0.000801873529203401
gene_78	interaction_vs_onu	266.720554378221	0.818695997664762	0.226004877334989	3.62247048523326	0.000291802764278243	0.000802129628202236
gene_7214	interaction_vs_onu	109.790587628241	0.760283923751224	0.210003963125318	3.62033131392636	0.000294226021301675	0.000808531217445373
gene_487	interaction_vs_onu	2759.41377439985	0.31509906512643	0.0870398946017849	3.62016827534128	0.000294411482658811	0.000808781223221895
gene_3866	interaction_vs_onu	2764.56723863707	-0.267748182674292	0.0739623573003574	-3.62006015555968	0.000294534532583797	0.000808859672414919
gene_7960	interaction_vs_onu	1366.30607791621	0.396607042285616	0.109582398194593	3.61925864755517	0.000295448223289262	0.000811108656624787
gene_6835	interaction_vs_onu	347.556736879573	0.818254216528106	0.22609417436242	3.61908580278799	0.000295645607874673	0.000811390318501826
gene_3700	interaction_vs_onu	2544.2442740085	-0.588870324739774	0.162723863375684	-3.61883200486849	0.000295935662869642	0.00081168304448179
gene_4047	interaction_vs_onu	346.730742529538	0.58662227051452	0.162102898376056	3.61882653790458	0.000295941913764914	0.00081168304448179
gene_349	interaction_vs_onu	1647.25921200775	0.420263583377844	0.116169604484392	3.61767249912871	0.000297264207064074	0.000815048562610016
gene_436	interaction_vs_onu	2670.27095502835	-0.211663624157493	0.0585129930516835	-3.6173781773654	0.000297602324333226	0.000815714343993729
gene_8299	interaction_vs_onu	1683.63743066439	0.397844977480503	0.110023661740266	3.61599469775602	0.000299196499200271	0.000819821393455287
gene_233	interaction_vs_onu	1698.86138955405	0.309282142876785	0.0855370797647741	3.61576691333521	0.000299459739318151	0.00082028011794028
gene_6694	interaction_vs_onu	589.605270007164	0.502231937804007	0.138912103669768	3.61546564004206	0.000299808240368934	0.000820972020971872
gene_5260	interaction_vs_onu	3664.05490011792	-0.394525943153548	0.10921235314345	-3.61246628058036	0.000303298556168634	0.000830264036074034
gene_8444	interaction_vs_onu	2669.4264959905	0.495963887447	0.137333586211857	3.61138088014322	0.00030457097226072	0.000833480665777418
gene_980	interaction_vs_onu	686.782173777327	0.592397684970921	0.164118455734153	3.60957384299615	0.000306700458489277	0.000839039924790097
gene_5027	interaction_vs_onu	71.9820442211186	0.876471688013899	0.242981279825711	3.60715726183757	0.000309570049940616	0.000846619689294465
gene_5926	interaction_vs_onu	4499.91308521941	-0.509306650580141	0.141214415229159	-3.60661940747091	0.000310212141026108	0.00084810473560635
gene_6677	interaction_vs_onu	456.394369162988	0.640099448116074	0.17761389393901	3.60388162164766	0.000313499884768866	0.000856819608435981
gene_2203	interaction_vs_onu	357.962617751377	-0.490934880023914	0.136301705344656	-3.60182492788717	0.000315991147993516	0.000863352769493936
gene_3667	interaction_vs_onu	557.047013331472	-0.441466190853755	0.12258416890369	-3.6013311898423	0.0003165919628896	0.000864718315997121
gene_4912	interaction_vs_onu	721.536290723978	1.47870705348878	0.410653091136459	3.60086673010677	0.000317158125902377	0.000865876829776889
gene_2096	interaction_vs_onu	778.057228052276	0.540136655348978	0.150003904486471	3.60081730671013	0.000317218427357514	0.000865876829776889
gene_224	interaction_vs_onu	4667.39332936765	0.249851955725612	0.0694730513672138	3.59638666804729	0.000322668066042837	0.000880471356495597
gene_2591	interaction_vs_onu	4381.17623308164	0.21787317705666	0.0605858152105351	3.59610869804348	0.000323012870847647	0.000881131349412319
gene_4256	interaction_vs_onu	913.317663501228	-0.46641172247464	0.129726953188847	-3.5953339765536	0.000323975686394942	0.000883476226677509
gene_2370	interaction_vs_onu	3208.76196020683	0.345104583503153	0.0960135646002548	3.59433153992324	0.000325225490486501	0.000886601974065112
gene_483	interaction_vs_onu	773.987743940016	-0.466552769937415	0.129808659087043	-3.59415753323951	0.000325442895222185	0.000886629911872026
gene_4558	interaction_vs_onu	920.544203210731	0.417446141093634	0.116145507939811	3.59416518553574	0.000325433331550203	0.000886629911872026
gene_2616	interaction_vs_onu	4674.4374569046	-0.422165589267894	0.117498419352619	-3.5929469655328	0.000326959152828725	0.000890477361824335
gene_7925	interaction_vs_onu	38.2618453854608	-1.25116769399014	0.348287272584015	-3.59234400013376	0.000327716841924617	0.000892257050532672
gene_6202	interaction_vs_onu	1098.61077184541	0.331397256810359	0.0922800639436297	3.59121182461248	0.000329143980292461	0.000895857701527335
gene_6302	interaction_vs_onu	1739.55958304159	-0.292239076967644	0.0813851064541901	-3.59081765325377	0.000329642207548841	0.000896928574894495
gene_7106	interaction_vs_onu	1545.90175698922	0.251206957907874	0.069970077176879	3.59020552846957	0.000330417324193621	0.000898751920907974
gene_6001	interaction_vs_onu	412.174188407423	0.616349585799004	0.171723216032281	3.589203603566	0.000331689715490788	0.00090192629116936
gene_6568	interaction_vs_onu	1359.23424340469	0.313449513556659	0.0873575814938969	3.58812032334661	0.000333070581494656	0.000905393514637743
gene_4643	interaction_vs_onu	1026.06521418525	0.485031567441751	0.135234670562355	3.58659185122286	0.000335028088754783	0.000910425536425697
gene_8313	interaction_vs_onu	16.2590869473191	1.51204199212212	0.421601581365246	3.5864239105218	0.000335243824767675	0.00091072267217115
gene_6395	interaction_vs_onu	257.306725306617	-0.64151986853451	0.178936203680033	-3.58518765538164	0.000336835918378948	0.000914757443313387
gene_5864	interaction_vs_onu	146.259557372696	1.108864290645	0.309315755760892	3.58489430296651	0.000337214745223413	0.000915495787856776
gene_2540	interaction_vs_onu	4369.90911411025	0.411113297056493	0.114705596807766	3.58407356308407	0.000338276743899237	0.000918087802085436
gene_5767	interaction_vs_onu	62.3018732703177	-1.11448492795538	0.311023879451182	-3.58327768890913	0.000339309555265104	0.000920598983540187
gene_1838	interaction_vs_onu	95.5313830052034	-0.755275799203472	0.210948069022394	-3.58038735648863	0.000343085223766837	0.000930548008695857
gene_5654	interaction_vs_onu	3374.80179270751	-0.592537630485368	0.165657943361216	-3.57687424135975	0.000347727356703959	0.000942840092931863
gene_3527	interaction_vs_onu	3590.59498836423	0.202778594949358	0.0566937928972978	3.57673361732379	0.000347914390752714	0.000943048506916793
gene_7563	interaction_vs_onu	231.892906308736	0.578636814593321	0.161801133821435	3.57622224842941	0.000348595319784662	0.000944215052558143
gene_8306	interaction_vs_onu	404.485952142115	-0.46806479797257	0.130879191099837	-3.57631181885532	0.000348475959540769	0.000944215052558143
gene_1410	interaction_vs_onu	1623.84140832713	0.257752397966137	0.0720751466391873	3.57616196407427	0.000348675675366389	0.000944215052558143
gene_3027	interaction_vs_onu	2254.37737210338	-0.306396642367097	0.0856972197604073	-3.57533935434221	0.000349773899529214	0.000946889493981679
gene_2774	interaction_vs_onu	57426.6625762022	0.224382690532549	0.0627599522922738	3.57525272625442	0.000349889740365101	0.000946903628683295
gene_3926	interaction_vs_onu	2367.639605773	0.408341883970518	0.114220777049523	3.57502281562551	0.000350197355541695	0.000947436587685495
gene_7483	interaction_vs_onu	1811.75702271597	0.350779050276536	0.0981737131082984	3.57304454696117	0.00035285470589598	0.000954324259864009
gene_7916	interaction_vs_onu	510.899480150045	-0.52699840093059	0.147523441174925	-3.5723027929216	0.000353855934696584	0.000956729880291459
gene_97	interaction_vs_onu	6671.48792200929	1.37503229998054	0.38493776332965	3.57208990899393	0.00035414377840114	0.000957052664174814
gene_2462	interaction_vs_onu	1045.53889452428	-0.298051682617342	0.0834399727069458	-3.5720491384165	0.000354198929918903	0.000957052664174814
gene_4554	interaction_vs_onu	568.767959867603	-0.346278496125079	0.0969472974135461	-3.57182206583817	0.000354506244425129	0.000957580767522595
gene_6541	interaction_vs_onu	60.2300646917425	-1.24793365922169	0.349396229657614	-3.57168610675791	0.000354690367472328	0.000957775881881112
gene_5321	interaction_vs_onu	930.550303094034	-0.324274455217717	0.0907993146322186	-3.57133152966171	0.000355170975568758	0.000958771223862684
gene_4598	interaction_vs_onu	166.950747204195	-0.809777580539243	0.226750868127386	-3.57122152266389	0.000355320207234106	0.000958871681564925
gene_7891	interaction_vs_onu	1093.63503789311	0.29493345360265	0.082601119191358	3.57057454535685	0.000356199061392608	0.000960940424053176
gene_6290	interaction_vs_onu	8431.70762522282	0.458832711613105	0.128514006672713	3.5702934138659	0.000356581583734925	0.000961669299549765
gene_854	interaction_vs_onu	1004.96317218615	-0.348935458187069	0.0977495347360661	-3.56968919728601	0.000357405013167341	0.000963586429200769
gene_7221	interaction_vs_onu	2644.19292047353	-0.640870646443731	0.1795379065985	-3.56955619337207	0.000357586510216858	0.000963772206377929
gene_8005	interaction_vs_onu	1575.1221249678	-0.490623635853747	0.137487004176841	-3.56850917503947	0.000359018283527527	0.000967326568144675
gene_8154	interaction_vs_onu	336.779480953669	1.09559025132509	0.307034642505713	3.56829523334554	0.00035931150268962	0.000967811977036861
gene_3473	interaction_vs_onu	6342.02009647971	-0.380790897781527	0.106740685980223	-3.56743910988244	0.000360487110767441	0.000970673063280684
gene_7728	interaction_vs_onu	1046.4390722258	0.351824261254374	0.098645731522686	3.56654318259542	0.000361721227326826	0.0009734540583109
gene_149	interaction_vs_onu	5200.69482837001	0.245289581482735	0.0687755261394545	3.56652424563596	0.000361747355080254	0.0009734540583109
gene_5504	interaction_vs_onu	597.018061525915	-0.349253592401238	0.0979867339740286	-3.56429465741564	0.000364835933688009	0.000981234267476645
gene_273	interaction_vs_onu	1483.5328114225	-0.282026382202171	0.0791259489577017	-3.56427172017783	0.000364867835675019	0.000981234267476645
gene_6402	interaction_vs_onu	1096.71097518998	0.507835348440957	0.142580257928487	3.56175080490924	0.000368389960433213	0.000990395119757634
gene_1780	interaction_vs_onu	2294.06900783012	0.694087520527761	0.194877616354497	3.56165850912894	0.00036851951372574	0.000990432350861016
gene_1820	interaction_vs_onu	834.522766194704	-0.305618819582807	0.085856313548183	-3.55965457812595	0.000371342906074484	0.000997707242937094
gene_7622	interaction_vs_onu	546.458971474223	0.337534525735018	0.0948526457863049	3.55851460902266	0.000372958050121074	0.0010017323216305
gene_7604	interaction_vs_onu	421.997390628352	0.620998977630342	0.174532667393392	3.55806730570746	0.000373593595615789	0.00100312458546774
gene_1179	interaction_vs_onu	922.088106858213	-0.40322065130521	0.113358828411286	-3.5570290991563	0.000375072622850775	0.00100678007262547
gene_7777	interaction_vs_onu	3233.74272332138	-0.458178488862356	0.128823283263578	-3.55664346735288	0.000375623386001185	0.0010079423774828
gene_966	interaction_vs_onu	12353.8914693317	0.487225328485786	0.137049875753184	3.55509500324714	0.000377842539065492	0.00101357948429978
gene_429	interaction_vs_onu	1014.43577311238	-0.574907567380307	0.161734714576398	-3.55463308471564	0.000378506898540483	0.00101504356250205
gene_5291	interaction_vs_onu	2326.61300579084	-0.376199454620905	0.105843289113529	-3.5543061612285	0.000378977759565625	0.00101598798054549
gene_220	interaction_vs_onu	1468.52694775718	-0.40933724299165	0.115206739961323	-3.55306680085794	0.00038076776075471	0.00102046713589866
gene_4451	interaction_vs_onu	5943.16418733516	0.201938829071465	0.0568607972610113	3.5514596839804	0.000383100678929242	0.00102639806310933
gene_3985	interaction_vs_onu	1834.78009084288	0.340462561157957	0.0958768130871845	3.55104169814615	0.000383709619585296	0.0010277078672247
gene_5242	interaction_vs_onu	971.697227450839	0.324644144289713	0.0914674502824135	3.54928603877497	0.000386277236418852	0.00103426122732104
gene_8459	interaction_vs_onu	2881.12684465663	-0.24025631866267	0.0677096003786422	-3.54833461309949	0.000387675377130132	0.00103768018393806
gene_7010	interaction_vs_onu	51.88185908766	-0.894568992726215	0.252171106256494	-3.54746824886556	0.000388952630721929	0.00104077352890894
gene_3877	interaction_vs_onu	490.184256884012	-0.560460895146093	0.158019093948282	-3.546792233409	0.000389951989262374	0.00104312157127685
gene_7861	interaction_vs_onu	1584.32755964225	0.69140743468313	0.194958392709827	3.54643585778947	0.000390479787285745	0.00104388100536102
gene_5474	interaction_vs_onu	6810.43650658583	-0.515659789184145	0.145399644830424	-3.54649964781927	0.000390385264202395	0.00104388100536102
gene_6553	interaction_vs_onu	3390.79472001642	-0.261462488604565	0.0737781630253047	-3.54390076796691	0.000394253604112175	0.00105364060293482
gene_2745	interaction_vs_onu	153.026631250275	0.57013707885315	0.160903068909513	3.54335739347382	0.00039506691163434	0.00105548463283082
gene_8505	interaction_vs_onu	366.097221488632	2.04325791960041	0.576844660053195	3.54212851586766	0.000396912045939923	0.00106008334266638
gene_3507	interaction_vs_onu	754.81342130473	0.565839337197846	0.159758401665632	3.54184400506288	0.000397340379338769	0.0010605655276395
gene_2977	interaction_vs_onu	508.410849317752	-0.491283463004517	0.138707198177163	-3.54187431842599	0.000397294721769329	0.0010605655276395
gene_1206	interaction_vs_onu	2766.05808862657	-0.563489605370871	0.159142320668054	-3.54079042586179	0.000398930315364926	0.00106447740010093
gene_4048	interaction_vs_onu	501.69421833957	-0.33686805589869	0.0952005041947604	-3.53851125840183	0.00040239012167157	0.0010733747091021
gene_7271	interaction_vs_onu	221.663807737433	0.84793497643798	0.239710657113711	3.5373269868254	0.00040419890897463	0.00107786375726568
gene_6178	interaction_vs_onu	1328.92392271394	0.43782284427213	0.123783201404205	3.53701341785831	0.000404679106139597	0.00107880820571627
gene_8618	interaction_vs_onu	3413.84572373879	0.265857411522144	0.0751917538199738	3.53572563500338	0.00040665680114965	0.00108374290717341
gene_2970	interaction_vs_onu	1321.55508207365	-0.372775384844774	0.105439476687937	-3.53544418612825	0.000407090232945238	0.00108456034671996
gene_3929	interaction_vs_onu	2287.32465008799	0.416799288116992	0.117898096975818	3.53525034591935	0.000407388998136955	0.00108501861358193
gene_2848	interaction_vs_onu	568.596433803209	0.514028495633246	0.145504088330487	3.53274262964846	0.000411272641933285	0.0010950214043387
gene_2349	interaction_vs_onu	1919.52440975714	0.303494034492214	0.0859349000104232	3.53167379557552	0.000412938408548312	0.00109911466951914
gene_8512	interaction_vs_onu	139.337542696202	-0.758726330289511	0.214851550074175	-3.53139798166487	0.000413369283321277	0.00109957770827537
gene_6140	interaction_vs_onu	673.088584933512	-0.582794563024991	0.1650300118253	-3.53144592658658	0.000413294353923583	0.00109957770827537
gene_3642	interaction_vs_onu	310.331942817511	0.768651376511044	0.217893284309458	3.52765060633711	0.000419265172989327	0.00111491453270849
gene_3996	interaction_vs_onu	2584.51590421139	-0.47558181511894	0.134838641092659	-3.52704396354845	0.00042022698094337	0.00111712514188672
gene_5031	interaction_vs_onu	2039.48395744622	0.381082445859329	0.108120915753397	3.52459506288778	0.000424130601135022	0.00112715242027811
gene_2192	interaction_vs_onu	1249.85635279963	0.376049474176712	0.106697043099284	3.52446012797926	0.000424346672566115	0.00112737663475045
gene_389	interaction_vs_onu	2563.74851102234	0.319388961160101	0.090647869599213	3.52340283971631	0.000426043270947683	0.00113153285737269
gene_2963	interaction_vs_onu	591.397937902393	0.812017204076394	0.230568253759916	3.52180836188282	0.000428613863226421	0.00113800703139521
gene_4978	interaction_vs_onu	987.590571351557	-0.56535236200681	0.160674603040792	-3.5186168274726	0.000433802765738631	0.001151426875883
gene_4477	interaction_vs_onu	50.5534678198775	-1.02320394077508	0.290807101840389	-3.51849708724333	0.000433998580093685	0.0011515895367644
gene_3668	interaction_vs_onu	1316.43555978973	0.698815543811226	0.198638816032431	3.5180210885728	0.000434777809577479	0.00115329967461519
gene_3593	interaction_vs_onu	3368.18094653284	0.263180240426272	0.074815269747302	3.51773429829494	0.000435247927443396	0.00115418905170863
gene_1266	interaction_vs_onu	2023.80965663387	0.393606112651575	0.111921284770474	3.5168119581434	0.000436763082838332	0.00115784824685541
gene_6831	interaction_vs_onu	1019.78517090298	-0.360123986945013	0.102419111479139	-3.51617956594327	0.000437804775954802	0.00116025042791737
gene_6338	interaction_vs_onu	225.784800266133	0.604965859521992	0.172096306821921	3.51527508459544	0.000439298692768452	0.00116384921389599
gene_4599	interaction_vs_onu	184.25867347417	-0.680625218392375	0.193720794002705	-3.51343397024726	0.000442354343787934	0.00117158204914131
gene_3401	interaction_vs_onu	1233.12098049764	-0.301783594355173	0.0858973999508042	-3.5133030164826	0.000442572438443584	0.00117179711508725
gene_1279	interaction_vs_onu	3348.60833922953	-0.506156091173833	0.144079626238877	-3.51303029017198	0.000443026967917939	0.0011722753772419
gene_2952	interaction_vs_onu	7711.39060966048	-0.440659495760421	0.125434602977597	-3.5130616695867	0.000442974648373796	0.0011722753772419
gene_2760	interaction_vs_onu	192.554422087008	-0.599376550839613	0.170745905213215	-3.51034216657294	0.000447530403905982	0.00118382579030754
gene_5413	interaction_vs_onu	2171.21643913495	0.224825411597772	0.0640674178589196	3.50920045026398	0.000449456027551126	0.00118855223844227
gene_3894	interaction_vs_onu	52.0928090824688	-1.06339429527135	0.303067325634016	-3.50877249154699	0.0004501798149646	0.00119009858434125
gene_1152	interaction_vs_onu	400.45554397694	-0.40423514398036	0.115223155289226	-3.50828045774022	0.000451013313925796	0.00119193392010028
gene_2816	interaction_vs_onu	1060.84802743024	0.485288407124499	0.138353545126873	3.50759647452097	0.000452174365484629	0.00119463350881124
gene_2202	interaction_vs_onu	666.771669266835	0.290365470697238	0.0828129071443738	3.50628278501348	0.000454412161706003	0.00120017528670268
gene_6990	interaction_vs_onu	193.836175040229	0.997630944442962	0.284547212445367	3.50602958247045	0.00045484466420219	0.00120057672697217
gene_1922	interaction_vs_onu	3387.2154539301	0.349786627430134	0.099766831141586	3.50604127070778	0.00045482469073606	0.00120057672697217
gene_252	interaction_vs_onu	347.905503735603	0.594394082374121	0.169596627143083	3.50475178891766	0.000457033166807722	0.0012059814759168
gene_1935	interaction_vs_onu	1593.20720241706	0.648515082136424	0.185090803870581	3.50376717035535	0.000458726241418743	0.00121007600201678
gene_556	interaction_vs_onu	1429.32965601315	0.51903469986136	0.148221105491093	3.50175974023181	0.000462196209048122	0.00121885383532099
gene_4932	interaction_vs_onu	2323.94146432269	0.234068847224121	0.0668565606659592	3.50106025336269	0.000463411058202349	0.00122168113896277
gene_7582	interaction_vs_onu	591.481542237788	0.720290334919478	0.205923745592851	3.49784981253994	0.000469025174806193	0.00123610083015425
gene_4088	interaction_vs_onu	5082.76249068927	0.257688863376781	0.0736861111664331	3.49711579696131	0.000470317633240103	0.00123912555879818
gene_7048	interaction_vs_onu	226.285571658659	-0.615511164809399	0.176024816591706	-3.49672947671404	0.000470999201708845	0.00124053943588545
gene_763	interaction_vs_onu	7358.75938016016	0.247622133066811	0.0708312006612442	3.49594713565683	0.000472382276234179	0.0012437995338556
gene_463	interaction_vs_onu	4654.84886019605	0.279499584138983	0.079954027965217	3.49575363808532	0.000472724938029824	0.00124431902507235
gene_5407	interaction_vs_onu	15.698574983145	2.67633596133192	0.765726018802774	3.49516131829556	0.000473775309617796	0.00124670047658418
gene_1368	interaction_vs_onu	1440.43264831614	-0.25752401527037	0.0737270269162933	-3.49293910308837	0.000477735441524968	0.00125673490456476
gene_6095	interaction_vs_onu	1047.38812307794	0.627484020875562	0.179777095162152	3.49034464212248	0.000482398000141069	0.00126822078661166
gene_2375	interaction_vs_onu	2739.67568186608	0.241157197752255	0.0690910584669143	3.49042557898774	0.000482251907751207	0.00126822078661166
gene_261	interaction_vs_onu	936.929282062746	0.576969061923705	0.16535623530018	3.4892488987567	0.000484379901649985	0.00127304020820506
gene_2538	interaction_vs_onu	2091.96113657947	-0.396046379608304	0.113541529199753	-3.48811912610002	0.000486431302445848	0.00127803927223341
gene_2179	interaction_vs_onu	1955.91705246212	-0.373500139410137	0.10709368304641	-3.48760196479821	0.000487373046261917	0.00128012067382694
gene_3098	interaction_vs_onu	73.2493743513893	-0.955834681960625	0.274094513772057	-3.4872448514439	0.000488024337050509	0.00128122681198273
gene_4778	interaction_vs_onu	1263.93791182894	0.406523568012311	0.116575693778438	3.48720693685034	0.000488093531994823	0.00128122681198273
gene_4715	interaction_vs_onu	88.9341517704414	0.707816381911101	0.203031699859666	3.48623580652843	0.000489868987117659	0.00128509915100434
gene_4017	interaction_vs_onu	794.856052744645	-0.372237781721812	0.106771177582351	-3.48631334926236	0.000489726999777084	0.00128509915100434
gene_5778	interaction_vs_onu	3079.49945971931	0.23022911135716	0.0660511073045848	3.4856207678017	0.00049099653588897	0.00128766248382647
gene_5999	interaction_vs_onu	415.42224472327	0.552796417545945	0.158682905021517	3.48365450878899	0.000494617530510006	0.00129665983126075
gene_1253	interaction_vs_onu	1570.69520852658	0.441891618666146	0.126849363221031	3.4835935115903	0.000494730258048785	0.00129665983126075
gene_7206	interaction_vs_onu	44.4927910436506	-1.07808290419183	0.309502530989908	-3.48327653652366	0.000495316438281238	0.00129779880982167
gene_7307	interaction_vs_onu	175.679170500596	1.03465350527153	0.297081728815348	3.48272345592353	0.000496340798298276	0.00130008483275191
gene_2046	interaction_vs_onu	378.702410711758	0.602543856807445	0.173078541716015	3.48133194810534	0.00049892675176416	0.00130645854851674
gene_4992	interaction_vs_onu	1927.17302503561	-0.415980983845234	0.119528928155549	-3.48016994935231	0.000501095808856524	0.00131173704092105
gene_4475	interaction_vs_onu	536.055001173828	-0.675857597336814	0.194232234637014	-3.47963662468217	0.000502094285729125	0.00131394897151981
gene_4453	interaction_vs_onu	877.244001152529	0.30189422067173	0.0867804899621359	3.47882595273953	0.000503615558348058	0.001317527255336
gene_3598	interaction_vs_onu	22.3339900733373	-1.71972740702576	0.494615863660308	-3.47689496713522	0.000507256489679259	0.00132664697575755
gene_5467	interaction_vs_onu	464.444389627978	0.421962549652651	0.121366161010085	3.47677265343828	0.000507487940240429	0.00132684690545451
gene_1603	interaction_vs_onu	2043.51065268757	0.427041893016137	0.122867850910034	3.47561945499336	0.000509674948186775	0.00133215803251261
gene_2713	interaction_vs_onu	1485.33331908405	-0.287946897981831	0.0828499783823476	-3.47552170325228	0.000509860734937737	0.00133223684098505
gene_300	interaction_vs_onu	761.363118239988	0.520250536230329	0.149752664253484	3.47406531178444	0.000512636237193852	0.00133908031442764
gene_3578	interaction_vs_onu	2278.30635274901	0.271155734483879	0.078070350725762	3.47322295805188	0.000514247965721043	0.0013428805938292
gene_1827	interaction_vs_onu	77.7752877747345	-0.81794972741654	0.235522333219897	-3.47291790223926	0.000514832812335247	0.00134379043650158
gene_3007	interaction_vs_onu	21187.1321365379	0.321040274514589	0.092443610440347	3.4728227617392	0.000515015340503216	0.00134379043650158
gene_5448	interaction_vs_onu	1120.86848620854	-0.265142512578973	0.0763484345866298	-3.47279566391273	0.000515067339037582	0.00134379043650158
gene_3428	interaction_vs_onu	400.588792688812	-0.467675532078755	0.134676134102027	-3.4725939766318	0.000515454514379899	0.0013443908114235
gene_4158	interaction_vs_onu	4379.67172613497	-0.345188699359136	0.0994187861086029	-3.47206713006996	0.000516467172212108	0.00134662168569468
gene_5376	interaction_vs_onu	442.515563043284	0.686606632701558	0.19776916136181	3.4717578209549	0.000517062562419183	0.00134776356099519
gene_1222	interaction_vs_onu	3260.62907737963	0.488278069800322	0.140731019451865	3.46958383234999	0.000521265365299488	0.00135830487883215
gene_1422	interaction_vs_onu	1526.70375342053	-0.241526512368309	0.0696179934036503	-3.46931160408374	0.000521793880282093	0.0013592682943441
gene_4348	interaction_vs_onu	123.396972152952	-0.711492613035242	0.205192853536142	-3.46743368871725	0.000525453369039485	0.00136838480041922
gene_4631	interaction_vs_onu	14785.8253319265	0.430595460783489	0.124186402150213	3.46733179581651	0.000525652609942261	0.00136848733002
gene_473	interaction_vs_onu	581.311599768406	-0.398448097339372	0.114918891188486	-3.4672114673109	0.000525887990405797	0.00136868385462865
gene_4361	interaction_vs_onu	306.580574625935	-0.444526054703844	0.128258270884225	-3.46586658029332	0.000528525482133977	0.00137485740679254
gene_4252	interaction_vs_onu	2758.70745171498	-0.232943216883054	0.0672112209485133	-3.46583819778395	0.00052858127637316	0.00137485740679254
gene_5229	interaction_vs_onu	606.924839283601	-0.343867027414732	0.0992491357709747	-3.46468535714237	0.000530852171226869	0.0013803446493627
gene_3009	interaction_vs_onu	1556.65612224607	0.432484333752962	0.124941578353378	3.46149247874673	0.000537189130207705	0.00139639810342483
gene_3296	interaction_vs_onu	1795.4805509085	0.291356930843816	0.0841978249818992	3.46038547796753	0.000539402618178136	0.00140172629374768
gene_2858	interaction_vs_onu	989.319957220482	-0.376991326369481	0.109044505477743	-3.45722441234263	0.000545770149586038	0.00141768199137491
gene_2668	interaction_vs_onu	521.339333324154	-0.367426042034852	0.106279326226068	-3.45717323473895	0.000545873813501369	0.00141768199137491
gene_936	interaction_vs_onu	2488.80452258098	-0.208795210330668	0.0603973344930103	-3.45702690496765	0.000546170316185708	0.00141802180969052
gene_5145	interaction_vs_onu	297.663536823458	-0.511550659340322	0.148007792234948	-3.45624140199514	0.000547764518245773	0.00142172961679315
gene_4923	interaction_vs_onu	226.086772490798	-0.674570834104886	0.195187296099548	-3.45601813020068	0.000548218445661301	0.0014224764761627
gene_4417	interaction_vs_onu	2419.53786108592	0.315903861355512	0.0914637348260334	3.45387012630056	0.000552603427817563	0.00143341980064192
gene_2782	interaction_vs_onu	2804.81265903702	-0.221144704927106	0.0640304849288839	-3.45374090439457	0.000552868263294914	0.00143367232166145
gene_7600	interaction_vs_onu	1211.860424433	0.406916202151525	0.117836251349655	3.45323444602869	0.000553907370952578	0.00143593188835677
gene_6886	interaction_vs_onu	1293.40425832652	0.738386498765033	0.213833553585123	3.45308996827336	0.0005542041312919	0.00143626623186759
gene_3020	interaction_vs_onu	4553.60956867823	0.225191028478669	0.0652264942965157	3.45244721347377	0.000555526158969919	0.0014392566346194
gene_895	interaction_vs_onu	3329.47851284356	0.315206910078842	0.0913022635842427	3.4523449661027	0.000555736733496194	0.00143936654727002
gene_8560	interaction_vs_onu	1395.69995871025	0.506176817785231	0.146680304334297	3.45088469840921	0.000558752223055313	0.00144673896834649
gene_6584	interaction_vs_onu	467.244497667878	1.01128942137534	0.293179663048323	3.44938462259115	0.000561865780710777	0.00145436077498768
gene_8242	interaction_vs_onu	3673.72065970469	-0.250628514232331	0.0726729933316581	-3.44871599121473	0.000563258791920531	0.00145752577353076
gene_8264	interaction_vs_onu	5123.89238185931	0.333322591657994	0.0966953056549709	3.44714347196294	0.000566547629830464	0.00146551433642431
gene_2145	interaction_vs_onu	1217.02233092999	0.296238825991403	0.0859391537491249	3.44707636819636	0.000566688370743512	0.00146551433642431
gene_6596	interaction_vs_onu	595.075831885841	0.497105270837035	0.144216748452094	3.44693162321687	0.000566992064281587	0.00146585686205086
gene_7266	interaction_vs_onu	27.4487551073105	-1.23470160598602	0.358250096665905	-3.44647947754073	0.000567941700386517	0.0014678686459265
gene_383	interaction_vs_onu	671.223049447078	-0.322967978882822	0.0937252549984597	-3.44590130897088	0.00056915817882036	0.00147056867211056
gene_5901	interaction_vs_onu	21.9427910084385	-1.74233953824428	0.505940282461255	-3.44376520044677	0.000573673668526265	0.00148178835322415
gene_6221	interaction_vs_onu	45.68549500327	-1.28789081492757	0.374331371423722	-3.44050996855872	0.000580619048277198	0.00149792014865968
gene_3972	interaction_vs_onu	2733.40824930942	-0.469013169047816	0.136319200998807	-3.44055104204962	0.000580530928078979	0.00149792014865968
gene_5500	interaction_vs_onu	1066.10119449602	-0.467383615746156	0.135843956216906	-3.44059190237268	0.000580443277572008	0.00149792014865968
gene_2557	interaction_vs_onu	1699.89140981311	-0.358289889587135	0.1041372823542	-3.44055348370328	0.00058052569008012	0.00149792014865968
gene_7192	interaction_vs_onu	2670.09059956117	0.267977102747063	0.0778939365115812	3.44028193654355	0.000581108500978684	0.00149873117456388
gene_7635	interaction_vs_onu	1188.27739877259	0.313421604831892	0.0911219561044117	3.43958380867899	0.000582609366650759	0.00150214945136461
gene_4078	interaction_vs_onu	1240.6561511716	0.287100191901767	0.0835179160281173	3.43758807158349	0.000586919817665069	0.00151280747943782
gene_6054	interaction_vs_onu	2549.28408832403	-0.214560850001769	0.0624496067918714	-3.43574381047499	0.00059092948298871	0.00152268403804436
gene_3965	interaction_vs_onu	1892.62388558289	-0.363990939918375	0.105953361934779	-3.43538829982983	0.000591705335249551	0.00152422439655015
gene_4868	interaction_vs_onu	366.330989636415	-0.720824278967203	0.20987890052187	-3.4344771064402	0.000593698219259731	0.00152889794129461
gene_3553	interaction_vs_onu	377.041361301093	0.565612190343478	0.164710181406087	3.43398438102003	0.000594778467014933	0.00153121915117228
gene_6833	interaction_vs_onu	4403.77685991376	0.243504567456625	0.0709151283457754	3.43374641119339	0.000595300845326033	0.00153210319783248
gene_203	interaction_vs_onu	4500.4035850229	-0.18846581298932	0.0548959848097695	-3.43314385637508	0.000596625450870989	0.00153505075426981
gene_2682	interaction_vs_onu	409.588548265057	-0.529432202514261	0.154222982254318	-3.43290082175439	0.000597160493630374	0.0015359656927512
gene_5172	interaction_vs_onu	4285.05857208066	0.42703550767368	0.124401592699391	3.43271736645354	0.000597564667780141	0.00153654357350496
gene_6016	interaction_vs_onu	1647.91836758937	0.447233431956925	0.130330756147136	3.43152641155571	0.000600194683053155	0.00154284278886937
gene_6615	interaction_vs_onu	7782.46018876503	1.44766772120158	0.422068553784345	3.42993503832853	0.000603725769919201	0.00155145379480888
gene_2818	interaction_vs_onu	2345.99719602003	0.608916462447562	0.1775490775203	3.42956702987062	0.000604545089183911	0.00155309302623478
gene_6713	interaction_vs_onu	25.7569668884686	-1.53574067638908	0.44781152815842	-3.42943533120878	0.000604838549144206	0.00155338073227555
gene_1230	interaction_vs_onu	21.6174929994559	1.25145892949911	0.364929237724781	3.42931944094577	0.000605096893404849	0.00155357810664232
gene_2390	interaction_vs_onu	1142.18953004725	-0.518000382912171	0.151069200674462	-3.4288947091764	0.000606044589787864	0.00155554473420813
gene_1098	interaction_vs_onu	3923.05773728067	0.290467024237823	0.084731764490884	3.4280771323849	0.000607872724063541	0.00155976933992323
gene_8612	interaction_vs_onu	468.58212494655	0.381475718081113	0.11135435617204	3.42578172237592	0.000613032819710746	0.00157253848867965
gene_126	interaction_vs_onu	3356.87513994023	-0.390383156225732	0.114017745347222	-3.42388068661493	0.000617337186446478	0.00158310554702872
gene_4825	interaction_vs_onu	437.09931597892	0.570545361660329	0.166715431955043	3.42227084181496	0.000621004205249409	0.00159203234409552
gene_639	interaction_vs_onu	1272.14466791401	-0.260357792669744	0.0761114045529783	-3.42074613126498	0.000624495977412503	0.00160050466067396
gene_7938	interaction_vs_onu	2874.95286497132	0.318760524132735	0.0932044827873178	3.42001279981469	0.000626181893057703	0.00160434510762464
gene_6566	interaction_vs_onu	202.124465939359	0.915947592540863	0.267852990477115	3.41959069006221	0.000627154234844928	0.00160635555065008
gene_4367	interaction_vs_onu	24668.3094548321	-0.308229180918196	0.090175623538572	-3.41809869256244	0.00063060236200703	0.00161470422338623
gene_7562	interaction_vs_onu	2931.94813745721	0.183677619135497	0.0537380619926	3.41801718046308	0.000630791250218876	0.00161470487496219
gene_4124	interaction_vs_onu	2457.13982956962	-0.514637342967613	0.150589168512059	-3.41749242692978	0.000632008523708024	0.00161733720865192
gene_6551	interaction_vs_onu	1310.61570391545	0.660108735684045	0.193169715255623	3.41724754737313	0.000632577319580893	0.00161830898255004
gene_724	interaction_vs_onu	1018.006908336	-0.372229351124758	0.108947380394835	-3.4165975333759	0.000634089455108941	0.00162169278032045
gene_6726	interaction_vs_onu	143.625259979294	0.874869622388672	0.256436992782234	3.41163578973807	0.000645743295660634	0.00165100436405467
gene_6148	interaction_vs_onu	517.589893783322	0.459519876044175	0.134760579689049	3.40989833306214	0.000649871001037194	0.00166106174048324
gene_1918	interaction_vs_onu	411.228636222086	-0.334851886385758	0.0982253129498978	-3.40901826962422	0.000651971132679009	0.00166593220768129
gene_520	interaction_vs_onu	11400.1244389598	0.363785279930691	0.10676098572354	3.40747397061997	0.000655671619047833	0.00167488781230959
gene_3532	interaction_vs_onu	35.0614965416438	-1.05457838580255	0.309549274246809	-3.40681911908384	0.000657246679407931	0.00167790980487083
gene_4801	interaction_vs_onu	1266.42878612135	0.659945627799768	0.19371103859639	3.40685607067962	0.000657157709200814	0.00167790980487083
gene_2877	interaction_vs_onu	505.492979961501	0.478683963615818	0.140537220370001	3.40610097706186	0.000658978011655332	0.00168182819909649
gene_698	interaction_vs_onu	4090.33967327083	0.29931538204552	0.0878816775204228	3.40589063034172	0.000659485928354438	0.00168262281571207
gene_7317	interaction_vs_onu	8815.36801426547	0.215621962083814	0.063322325642212	3.40514913021571	0.000661279307075212	0.00168669572960781
gene_6609	interaction_vs_onu	2355.63047204195	0.598811003704738	0.175868363456065	3.40488187833926	0.000661926788585023	0.00168767764512668
gene_506	interaction_vs_onu	3926.83747010051	0.258156707469772	0.0758207888651365	3.40482750619964	0.000662058590226096	0.00168767764512668
gene_1930	interaction_vs_onu	1882.59160498722	-0.513081813671178	0.150748184888834	-3.40356876634725	0.000665116688529273	0.00169496839946727
gene_6322	interaction_vs_onu	3113.68966920039	0.338774219911737	0.0995486745704471	3.40310126049944	0.0006662558312661	0.00169736604632078
gene_1478	interaction_vs_onu	806.956213226075	-0.420526951304063	0.123676272549024	-3.40022336246728	0.000673308277297766	0.00171482262828589
gene_6796	interaction_vs_onu	457.526707586971	-0.570400210532049	0.167837940568313	-3.39851769272565	0.000677520805783767	0.00172503810157913
gene_8481	interaction_vs_onu	465.44307007615	0.918301197021548	0.270246147763311	3.39801771319169	0.000678760251444979	0.00172767997394262
gene_6930	interaction_vs_onu	906.756958837268	0.310639776929085	0.0914281113075499	3.39763965903376	0.00067969884408262	0.0017295547281056
gene_3696	interaction_vs_onu	4.90782877859497	-4.80734975410869	1.41582124962707	-3.39544964124175	0.000685159767610602	0.00174293242518477
gene_3658	interaction_vs_onu	4319.58423274155	-0.447005695444378	0.131652834564415	-3.39533665889789	0.000685442598220715	0.00174313388020479
gene_7547	interaction_vs_onu	61.1882629062804	-0.896112464354771	0.263939693688882	-3.39514095750623	0.000685932757621711	0.00174386231221914
gene_508	interaction_vs_onu	1080.78506760492	-0.525379661353051	0.154761912031012	-3.39476072929219	0.000686886019835	0.00174576731882055
gene_7408	interaction_vs_onu	69.4303811232439	-0.759728640635361	0.223810531172355	-3.39451694545285	0.000687497852891995	0.00174659426282215
gene_8441	interaction_vs_onu	3946.55703262851	0.403535623607871	0.118880355576266	3.39446851123345	0.0006876194702933	0.00174659426282215
gene_1012	interaction_vs_onu	1089.74380742008	-0.332974856174363	0.0981142737242994	-3.3937453087613	0.000689437798017404	0.00175069342955472
gene_1779	interaction_vs_onu	30.4335181175514	1.25333025019932	0.369447608909874	3.39244379980563	0.000692721408807912	0.00175850986340324
gene_2529	interaction_vs_onu	1901.22334565618	-0.498814556091016	0.147279559067147	-3.38685530599395	0.000706986642095241	0.00179419082607034
gene_4552	interaction_vs_onu	2717.60024905625	-0.281169457422632	0.0831766022354795	-3.38039123823091	0.000723827158915287	0.00183638425616919
gene_5939	interaction_vs_onu	400.695231186894	0.591264550631197	0.174924276958573	3.38011716218912	0.00072454936484728	0.00183767187054599
gene_8186	interaction_vs_onu	2739.84526285896	-0.398023895497866	0.117976877822498	-3.37374494768978	0.000741530396014137	0.00188018370553347
gene_5848	interaction_vs_onu	219.332530128682	-0.602202922157658	0.178545556915313	-3.37282502327007	0.000744012172753627	0.00188591773727304
gene_402	interaction_vs_onu	26788.7546381645	-0.460191442846211	0.136494894334462	-3.37149198942617	0.000747622128914333	0.00189450723016776
gene_2881	interaction_vs_onu	2249.40631179326	0.376647457549281	0.111733930096221	3.37093179506822	0.000749144026188145	0.00189780197223158
gene_7578	interaction_vs_onu	792.988019518054	-0.3193595308412	0.0947624189187457	-3.37010741689737	0.000751388872595471	0.00190292566550806
gene_315	interaction_vs_onu	809.542764038864	0.603436175855107	0.179078270933776	3.36967836861826	0.000752559674759024	0.00190532706771288
gene_1366	interaction_vs_onu	1982.91829318735	-0.415675864995088	0.123362122511419	-3.36955830957442	0.000752887599361285	0.00190559368732484
gene_708	interaction_vs_onu	1139.82405533831	-0.314613669694511	0.0933738067493203	-3.36939962766165	0.000753321220554837	0.00190612759324546
gene_7569	interaction_vs_onu	746.6819656616	-0.310521164662974	0.0922228755423313	-3.36707311322603	0.000759705440633199	0.00192171352595159
gene_469	interaction_vs_onu	1761.67287310352	-0.337840625057139	0.100385046283822	-3.36544771919465	0.000764195476707161	0.00193192949811379
gene_1170	interaction_vs_onu	3443.73217784139	0.248451215385643	0.0738224584165507	3.36552345606986	0.000763985712836371	0.00193192949811379
gene_915	interaction_vs_onu	5586.77474067201	0.405312871878536	0.120522264617494	3.36297092628398	0.000771084841734207	0.00194877066585321
gene_6088	interaction_vs_onu	4050.21033888088	0.301774329189038	0.0897426791167155	3.36266236042009	0.000771947166015731	0.00195037418568319
gene_7718	interaction_vs_onu	1918.85022926832	0.436062003972635	0.129727431873086	3.36137081939029	0.00077556625730477	0.00195893985321004
gene_1940	interaction_vs_onu	143.977930641144	-0.613827661514434	0.182641934280018	-3.36082545300545	0.000777099180149362	0.00196223273807626
gene_1590	interaction_vs_onu	497.010114336985	0.473662456250999	0.140940795130785	3.36071934184469	0.000777397765435756	0.0019624078065851
gene_4172	interaction_vs_onu	1724.24476315558	-0.351396587807808	0.104583412341855	-3.35996483514217	0.00077952393828077	0.00196719484424628
gene_3395	interaction_vs_onu	11830.7403858521	-0.330977189973766	0.0985604905618462	-3.35811224241097	0.000784767398243384	0.00197984348039003
gene_7354	interaction_vs_onu	28.7582842280681	-1.38762245656572	0.413350352772257	-3.35701287602445	0.000787894433257435	0.001987146832258
gene_4624	interaction_vs_onu	219.639024804759	0.565163118948903	0.168376348514683	3.35654694934555	0.000789223200104474	0.00198991180939449
gene_1056	interaction_vs_onu	737.26540456724	0.331412008297688	0.0987473213353734	3.35616200840649	0.000790322574112596	0.00199209694770431
gene_618	interaction_vs_onu	688.137965542168	-0.365726126415218	0.109042357626593	-3.35398219898745	0.00079657487161732	0.00200726549927708
gene_1256	interaction_vs_onu	10091.4933382052	0.25328924894211	0.0755343855202858	3.35329727245992	0.000798548888873247	0.00201164758350647
gene_8032	interaction_vs_onu	606.238489486868	0.56586315998038	0.168784710111881	3.35257358089659	0.000800639562173301	0.00201632087443467
gene_1793	interaction_vs_onu	2913.52153634487	0.20716252615142	0.0618051456731754	3.35186534867003	0.000802690491939476	0.00202089135617703
gene_3856	interaction_vs_onu	5907.3541954746	0.396261305046775	0.118233926337664	3.3515025451755	0.000803743001545882	0.00202294621970972
gene_6301	interaction_vs_onu	27.4762979208676	-1.47553152300994	0.440564740593751	-3.34918205442713	0.000810505200662395	0.00203936640731044
gene_3496	interaction_vs_onu	4612.15489676647	0.714289670987471	0.213337563348618	3.3481664446511	0.000813481390627206	0.00204625351271492
gene_7921	interaction_vs_onu	738.162721643429	0.788777736932116	0.235607475672628	3.34784681462361	0.000814420145070798	0.0020480130557597
gene_4729	interaction_vs_onu	84.5984429054019	0.757473583739218	0.226264450303953	3.34773572570355	0.000814746648907455	0.00204823239784077
gene_6920	interaction_vs_onu	2243.14635331355	-0.291658549880492	0.0871399877652871	-3.34701160007136	0.000816877919988245	0.00205298737378138
gene_881	interaction_vs_onu	1262.98594482466	-0.304648169725528	0.0910684322717226	-3.34526643454829	0.000822035623711087	0.00206534339271115
gene_6480	interaction_vs_onu	5103.84944904199	-0.536005326540366	0.160330155992871	-3.34313481591198	0.00082837644662861	0.00208066384481834
gene_1195	interaction_vs_onu	674.455875872665	-0.354278875298213	0.105974761596068	-3.34304951445494	0.000828631130448222	0.0020806930116271
gene_1689	interaction_vs_onu	52.575087424038	-1.01565971679705	0.303947619348764	-3.34156167754561	0.00083308505149538	0.00209126335507345
gene_5572	interaction_vs_onu	281.055556870235	1.04377526796603	0.312445128648666	3.34066743968896	0.000835772675511031	0.00209739492886967
gene_295	interaction_vs_onu	657.57480550168	0.645708533909478	0.193292212711658	3.34058224514564	0.000836029146138897	0.00209742364916441
gene_7437	interaction_vs_onu	174.845250334067	-0.588170400388704	0.176079781998225	-3.34036306561667	0.000836689302242053	0.00209846481898388
gene_770	interaction_vs_onu	4473.91791848634	0.349302890087786	0.104597145408195	3.33950691220699	0.000839272622955145	0.0021043273733146
gene_8176	interaction_vs_onu	311.386535955826	-0.460885352762194	0.13803758470571	-3.33883959028103	0.000841291300087434	0.00210877116508007
gene_1985	interaction_vs_onu	415.64605399467	0.992352850240302	0.297243940865761	3.33851330106158	0.000842279977330087	0.00211001363943387
gene_8300	interaction_vs_onu	6828.19646513926	0.323792997559151	0.0969848966611084	3.33859197366134	0.000842041495766224	0.00211001363943387
gene_5292	interaction_vs_onu	1090.97106301307	0.4460767978528	0.133627894331515	3.33820120480336	0.000843226657260644	0.00211114951335218
gene_4031	interaction_vs_onu	478.699833445734	-0.394264408011509	0.118106328653728	-3.33821576291174	0.000843182476292971	0.00211114951335218
gene_1716	interaction_vs_onu	3941.3980055897	0.367584882546208	0.110129436579132	3.33775322896605	0.000844587225013999	0.00211393761582451
gene_8029	interaction_vs_onu	1930.65579157695	0.233761184905734	0.0700854441899386	3.33537423651361	0.000851846751491384	0.00213148441764579
gene_2958	interaction_vs_onu	14.2359853843173	-2.75751230575377	0.826780856689944	-3.33523966289399	0.000852259128960329	0.00213189308705448
gene_2430	interaction_vs_onu	4434.93931329985	0.19026928302714	0.0570667133000869	3.33415527238451	0.000855588817968169	0.00213959692720056
gene_6529	interaction_vs_onu	135.006638488693	-0.663332259610822	0.199012635740936	-3.33311629757175	0.000858790368000951	0.00214697592000238
gene_8079	interaction_vs_onu	568.774065167102	0.448309904186573	0.134509188767746	3.33293143980417	0.000859361160983578	0.00214777563153852
gene_180	interaction_vs_onu	482.92741193822	0.356147792871871	0.106902184061942	3.33152962212174	0.000863701074136094	0.0021579921758917
gene_3176	interaction_vs_onu	1688.55304571338	0.473607212626245	0.142208119572824	3.33038095186762	0.000867272403480804	0.00216628298038975
gene_7849	interaction_vs_onu	2954.88688683164	-0.242617823603242	0.0728775261999369	-3.32911716758371	0.000871217450279215	0.00217550215122231
gene_760	interaction_vs_onu	1585.74528125706	-0.315372335680194	0.0947949752446378	-3.32688873926399	0.000878214305050767	0.0021923343398176
gene_7246	interaction_vs_onu	40.9518048771743	-1.25392655311768	0.377194706088639	-3.32434822885083	0.000886254573660462	0.00221176068528675
gene_2018	interaction_vs_onu	1076.25824856571	0.431813154525422	0.129903715405509	3.32410164849765	0.000887038579247857	0.00221307206014621
gene_2637	interaction_vs_onu	420.182804583264	0.787538578013025	0.236939628187649	3.32379426791924	0.000888016800232712	0.0022142219079499
gene_765	interaction_vs_onu	1545.61890515037	-0.275915334429447	0.0830105933249965	-3.32385691244495	0.000887817356540949	0.0022142219079499
gene_526	interaction_vs_onu	1343.39493870856	0.362819334301827	0.109200002874287	3.32252128893724	0.000892078638324505	0.00222370213863068
gene_6802	interaction_vs_onu	1335.27464032495	0.4161749372292	0.125262153264643	3.32243160749393	0.000892365443435101	0.00222376948931716
gene_8181	interaction_vs_onu	1504.98847070764	0.332247494901412	0.100003851075794	3.32234700291288	0.000892636090870167	0.00222379654768586
gene_2965	interaction_vs_onu	3.99693352272579	-4.65672971091813	1.4018101693858	-3.32194031161757	0.000893938146001218	0.00222639235663963
gene_3394	interaction_vs_onu	2603.05610943094	0.327400964198849	0.0985762049072343	3.32129812166081	0.000895997754369632	0.00223087282647006
gene_4679	interaction_vs_onu	1596.82778077115	-0.46181638792945	0.139059640054971	-3.32099513379218	0.000896971012432045	0.0022326466607788
gene_3092	interaction_vs_onu	609.258769993625	-0.579407854340865	0.174487774571424	-3.32062149204437	0.000898172574249253	0.0022349875684807
gene_806	interaction_vs_onu	1721.66912463294	0.288238627640194	0.0869089860980823	3.31655724662233	0.000911339146527078	0.00226709186116588
gene_5187	interaction_vs_onu	353.221592103536	0.446202521980981	0.134700413878687	3.31255494421002	0.000924479650090762	0.00229911266844187
gene_4134	interaction_vs_onu	954.057070871419	0.742613416422658	0.224294019393315	3.3108926329437	0.000929988835706681	0.00231214186280836
gene_2936	interaction_vs_onu	911.548460673582	0.384344390203274	0.11609220391917	3.31068217527231	0.000930688493867435	0.00231320949695274
gene_6741	interaction_vs_onu	176.399062595164	-0.701426771696563	0.211895266064562	-3.3102522048928	0.000932119429526293	0.00231609356073877
gene_5041	interaction_vs_onu	5491.2685895239	0.356096636926861	0.107584242133649	3.30993303354307	0.000933182945335497	0.00231739077808873
gene_3627	interaction_vs_onu	2538.61456431402	0.302403728090165	0.0913604119377766	3.31000836879024	0.000932931818276378	0.00231739077808873
gene_5179	interaction_vs_onu	921.667475621276	-0.354940541134468	0.107253560903096	-3.30935903801979	0.00093509839410589	0.00232147397144618
gene_1210	interaction_vs_onu	24.6415512848691	-1.41111171812756	0.426436745995168	-3.30907627304601	0.000936043332075701	0.00232314610686228
gene_3576	interaction_vs_onu	4524.13542019464	-0.221727734038764	0.0670131288381847	-3.30872081162135	0.000937232460534536	0.0023254231484567
gene_3860	interaction_vs_onu	50.0301412356136	-1.12981219956856	0.342002659922892	-3.30351874989302	0.000954795842321073	0.00236831423073555
gene_4751	interaction_vs_onu	5090.62105951512	0.303403589097118	0.0918489963813516	3.3032869280074	0.000955585577863298	0.00236958648508396
gene_1500	interaction_vs_onu	74.7447019853648	-0.819604979243216	0.248202637044786	-3.30216064181189	0.000959431055883653	0.00237843319964207
gene_3943	interaction_vs_onu	14126.4934472042	-0.441354446353861	0.133660764633464	-3.30204939021695	0.000959811678897606	0.00237868788979835
gene_4854	interaction_vs_onu	918.779370529306	0.274679189067062	0.0832244977587336	3.30046075932296	0.000965262111625763	0.00239150323459234
gene_8371	interaction_vs_onu	737.662682404785	0.352145113504823	0.10672832901714	3.29945307630808	0.000968734213596697	0.00239941113089923
gene_2913	interaction_vs_onu	1717.19550304156	0.283017403976314	0.0857949419989543	3.2987656076481	0.000971109608882719	0.00240459885797977
gene_6049	interaction_vs_onu	2230.31930468064	0.21413638853644	0.0649655795543537	3.29615143904446	0.000980191627607843	0.00242638528985631
gene_7959	interaction_vs_onu	8441.50138717875	-0.371721417487537	0.112859840491305	-3.29365535047141	0.000988936759851532	0.00244732543056638
gene_4175	interaction_vs_onu	6915.19622916163	-0.316785772111178	0.0961927756426347	-3.29323870732318	0.000990403499700872	0.00245024680850851
gene_5133	interaction_vs_onu	12287.9079489283	0.171046877313182	0.0519432401702164	3.29295740413319	0.000991394930956727	0.002451990930075
gene_4297	interaction_vs_onu	1932.82324876219	-0.552041192866466	0.167806239605057	-3.2897536716497	0.00100275124649561	0.00247864587640844
gene_6772	interaction_vs_onu	629.365686224591	-0.524275685843775	0.159364080006317	-3.28979833989563	0.00100259208590277	0.00247864587640844
gene_5812	interaction_vs_onu	845.609064898363	-0.288195086207925	0.0876395917529543	-3.28841201155196	0.00100754272687232	0.00248977071074684
gene_4883	interaction_vs_onu	5519.25165857869	0.366199147245596	0.11139731413613	3.28732474463516	0.0010114412285938	0.00249868309286087
gene_1221	interaction_vs_onu	461.099692965783	-0.446679975934384	0.135889975593662	-3.28707083788171	0.00101235364491684	0.00249949443336838
gene_2560	interaction_vs_onu	1845.52637972156	-0.330858017934876	0.100654301127502	-3.28707282479433	0.00101234650197079	0.00249949443336838
gene_7948	interaction_vs_onu	548.034261083929	0.540086443706658	0.164337637566342	3.28644400457948	0.00101460943949669	0.00250434163843473
gene_381	interaction_vs_onu	2842.76822398504	0.397489038030012	0.120975865207936	3.2856887392109	0.00101733360446918	0.00251034178560283
gene_5580	interaction_vs_onu	35.7093348679349	-1.15149193134063	0.350505004161288	-3.28523678027364	0.00101896701027574	0.00251292354017872
gene_3311	interaction_vs_onu	1341.70431544465	0.270845350719497	0.0824423884345135	3.28526812314077	0.00101885365705297	0.00251292354017872
gene_1118	interaction_vs_onu	1270.03707434957	-0.333628342713541	0.10156377739141	-3.28491467413419	0.00102013260160824	0.0025150734647945
gene_7393	interaction_vs_onu	195.493217773624	-0.680597983005845	0.207196101213491	-3.28480110880354	0.00102054384964155	0.00251536290035463
gene_8117	interaction_vs_onu	352.440736432221	0.531950203257656	0.16200353127457	3.28357165471958	0.00102500583888038	0.00252563327024066
gene_4427	interaction_vs_onu	8110.58016629155	0.514530962691976	0.156733495953092	3.28283982669517	0.00102767038690032	0.00253147007535734
gene_1749	interaction_vs_onu	291.504686872656	0.761783829801224	0.232061574785204	3.28267973923012	0.00102825411095548	0.00253217928359577
gene_7185	interaction_vs_onu	725.129000097125	-0.443078533540363	0.135080014941067	-3.28011907411817	0.00103763282441675	0.00255454040178526
gene_1529	interaction_vs_onu	46.3998786972895	-1.01326655559106	0.308969736993939	-3.27950098106513	0.00103990848621749	0.00255940674008675
gene_5921	interaction_vs_onu	70.3554746538562	-0.998810330534849	0.304645349931206	-3.27860028311739	0.00104323289687772	0.00256685070344158
gene_3471	interaction_vs_onu	417.538278029304	0.431264714250936	0.131547235403497	3.2784019590234	0.00104396621651404	0.00256791690039085
gene_2146	interaction_vs_onu	2414.41325046896	0.312364195407841	0.095302600029967	3.27760412947413	0.0010469210783803	0.00257444539814288
gene_5307	interaction_vs_onu	481.419877044188	0.548101797376923	0.167247807387742	3.2771837546798	0.0010484811003029	0.00257754113112947
gene_7516	interaction_vs_onu	417.845680827242	-0.454022047165275	0.138544403844644	-3.27708687298832	0.00104884093564947	0.00257768544621289
gene_8549	interaction_vs_onu	624.062955072299	-0.325016997759426	0.0991994322071461	-3.27639977898999	0.00105139620217605	0.0025832237343935
gene_4327	interaction_vs_onu	336.806117983545	-0.404149131436678	0.123355422095076	-3.27629807083129	0.00105177493852534	0.00258341276148548
gene_3992	interaction_vs_onu	10.0959485371713	1.77443624084416	0.541921236959106	3.27434342820941	0.00105907811833311	0.00260060490330793
gene_6277	interaction_vs_onu	1648.1707215977	-0.250150101160544	0.0765185754994251	-3.26914215963708	0.0010787408875936	0.00264812790301154
gene_7937	interaction_vs_onu	1450.71318829909	0.254270425877774	0.0779100837784613	3.26363948729405	0.00109991026074485	0.00269932105274539
gene_1467	interaction_vs_onu	637.72520198939	-0.368894076801526	0.113049784508312	-3.26311172025634	0.00110196069902107	0.00270357798326752
gene_3520	interaction_vs_onu	300.270673428016	-0.564250978584745	0.17292405881935	-3.26299869686847	0.00110240026773649	0.00270388145897546
gene_2554	interaction_vs_onu	983.910698656708	-0.314827078610189	0.0965028252050044	-3.26236126187384	0.00110488240698705	0.00270919318356034
gene_3749	interaction_vs_onu	1928.40552711388	0.223504455089002	0.0685464747488811	3.26062654436726	0.00111166350118052	0.00272503996852957
gene_1033	interaction_vs_onu	2507.86643416557	0.277486558173704	0.0851385365713941	3.25923570392843	0.00111712813673324	0.00273765154607403
gene_2237	interaction_vs_onu	1318.08277907026	0.403960476735941	0.12395455722641	3.25894009687829	0.00111829277757617	0.00273972128679221
gene_5544	interaction_vs_onu	54.5203029915445	-1.03645029606194	0.318083301996483	-3.25842409694741	0.00112032841882902	0.00274392310877724
gene_3467	interaction_vs_onu	3748.07706389906	-0.486694793964074	0.149372634311734	-3.25825942754926	0.00112097876723844	0.00274473062001174
gene_5718	interaction_vs_onu	1706.06348069397	0.714284184677208	0.219250486366873	3.25784538275547	0.00112261554600597	0.00274795226588822
gene_8237	interaction_vs_onu	583.159847823635	0.332656731239755	0.102125426173866	3.25733506045219	0.00112463596359854	0.00275211087718797
gene_4411	interaction_vs_onu	1724.98198838122	0.33542903670499	0.103055906911456	3.25482591689949	0.00113461890575048	0.00277574673713179
gene_345	interaction_vs_onu	4246.90131250929	0.212495697817268	0.065318469751198	3.25322529181526	0.0011410299224102	0.00279063318166608
gene_4595	interaction_vs_onu	370.78540655298	0.527346927600028	0.162221419298559	3.25078482163615	0.00115086926181584	0.00281389342506243
gene_178	interaction_vs_onu	10143.0500107122	0.576689707470533	0.177490999728402	3.24912084755276	0.0011576228711851	0.0028284972946024
gene_3619	interaction_vs_onu	969.608502083807	-0.478869627324961	0.147386716647507	-3.24906910349482	0.00115783347199612	0.0028284972946024
gene_647	interaction_vs_onu	361.68622828632	-0.431656230376465	0.132853824716485	-3.24910653718577	0.00115768111152689	0.0028284972946024
gene_5782	interaction_vs_onu	223.748296117897	0.691013728725882	0.212759176775815	3.24786803181705	0.00116273185281826	0.00283965325538496
gene_6397	interaction_vs_onu	17.048144323255	-1.48558943006362	0.457443029710606	-3.24759441848629	0.00116385041660575	0.00284157432006425
gene_367	interaction_vs_onu	1106.69987679716	-0.322187817219512	0.0992478564638826	-3.24629496997509	0.00116917630550092	0.00285376366555116
gene_4844	interaction_vs_onu	177.061577342386	0.818746014449523	0.252218602558849	3.24617615886794	0.00116966438395488	0.0028541411421476
gene_470	interaction_vs_onu	5921.72393019135	-0.410214626862322	0.126380762947177	-3.2458628773572	0.00117095225372451	0.00285646944767223
gene_2939	interaction_vs_onu	7018.97387171412	-0.400448704785291	0.123406648582288	-3.24495243478127	0.00117470243574652	0.00286480138176359
gene_5856	interaction_vs_onu	135.074116076253	-0.656180550908333	0.202282346649655	-3.24388441095559	0.00117911585167579	0.00287474556831238
gene_1038	interaction_vs_onu	2240.48620684288	-0.414290361131813	0.12774365564949	-3.24313844805386	0.0011822074912008	0.00288146245007939
gene_8544	interaction_vs_onu	121.165990929845	0.950783363622177	0.293342213895261	3.24120879500029	0.00119023970939157	0.00290021403711694
gene_4110	interaction_vs_onu	585.457288881366	0.60678920988285	0.187242546025482	3.24065882868455	0.00119253817049378	0.00290498768907989
gene_6854	interaction_vs_onu	1544.63709324929	0.268990531653471	0.0830202908665838	3.24005768765309	0.00119505519521569	0.00291029088792213
gene_3921	interaction_vs_onu	81.064905379957	-0.800435377094075	0.247064977279795	-3.23977678223329	0.00119623305006801	0.0029120943453686
gene_7952	interaction_vs_onu	1073.79395683583	0.353131687566529	0.109000720493417	3.23971883826087	0.00119647614633894	0.0029120943453686
gene_6890	interaction_vs_onu	10478.857101389	0.296084797517142	0.0914209933493446	3.23869591293677	0.00120077521589282	0.00292172707448622
gene_716	interaction_vs_onu	3613.87313993413	-0.349953003710555	0.10808011204391	-3.23790378352291	0.00120411411358977	0.00292901870199728
gene_6946	interaction_vs_onu	640.453777601839	-0.333166067564497	0.102901151220997	-3.23772925386393	0.00120485092408316	0.00292997838356586
gene_7115	interaction_vs_onu	43.7883807649445	-1.23659648091558	0.382004248161112	-3.23712756302658	0.00120739427175588	0.00293532944226935
gene_2512	interaction_vs_onu	987.27549640738	-0.399751562068493	0.123541389882551	-3.23577031510275	0.00121314958142876	0.00294848393442083
gene_3242	interaction_vs_onu	1939.46557960993	0.431121025585818	0.133250416136693	3.23541973139926	0.00121464031839852	0.00295126912446531
gene_7629	interaction_vs_onu	886.170273616824	0.423521239934592	0.130923696410184	3.2348707800588	0.00121697794503772	0.00295610987784418
gene_1968	interaction_vs_onu	7168.79991103265	0.220585324983865	0.0682041775767237	3.23419081970054	0.00121987921506554	0.00296231661871235
gene_7025	interaction_vs_onu	209.827210863357	0.619345990027895	0.191505555347939	3.23408889576403	0.00122031465655528	0.00296253359617504
gene_1175	interaction_vs_onu	1645.62458839685	-0.252050206402722	0.0779536499767935	-3.23333425025969	0.00122354313743703	0.00296952913423901
gene_6490	interaction_vs_onu	90.0668624738328	-0.835692587548145	0.258468226161408	-3.233250755651	0.00122390082353747	0.002969555286134
gene_5300	interaction_vs_onu	2598.89625789753	0.425939132451672	0.131792764847686	3.23188555110693	0.00122976299735597	0.0029829331984605
gene_3016	interaction_vs_onu	8133.23580527761	-0.431444258438533	0.133557016413646	-3.23041252360928	0.00123611723880151	0.00299749676037988
gene_7101	interaction_vs_onu	958.199094295572	0.38327695798537	0.118750007030202	3.22759524458715	0.00124835474525717	0.00302631453395677
gene_1682	interaction_vs_onu	4405.83786977266	0.259014537117662	0.0802855624048432	3.22616581810277	0.00125460648041122	0.00304060913712345
gene_1068	interaction_vs_onu	341.956731612312	-0.425335174061158	0.13184590928497	-3.22600205321384	0.00125532456469716	0.00304148833110888
gene_2142	interaction_vs_onu	1702.56624429292	0.381248447326564	0.11818644317584	3.22582215930921	0.00125611380965489	0.00304253939180697
gene_2483	interaction_vs_onu	1957.8720062798	-0.366116066953521	0.113596238819181	-3.22295941097392	0.00126873530433102	0.00307224164217073
gene_4749	interaction_vs_onu	143.493294622672	-0.890933246342215	0.276558842947406	-3.22149614471611	0.00127523178072796	0.00308586690246815
gene_460	interaction_vs_onu	1067.4611879807	-0.342014882530641	0.106163851226897	-3.22157569246122	0.00127487782405947	0.00308586690246815
gene_1224	interaction_vs_onu	1326.67886069099	-0.253917018321529	0.0788207584582297	-3.22144855350625	0.00127544358655751	0.00308586690246815
gene_779	interaction_vs_onu	1267.42793687709	0.395720476162481	0.122878220798292	3.22042810834694	0.00127999292320255	0.00309599870658769
gene_6892	interaction_vs_onu	3196.124101797	0.291904941136658	0.0906464785290324	3.22025682490431	0.00128075800356722	0.00309697415551849
gene_3163	interaction_vs_onu	446.509318742374	-0.387381610765195	0.120315831356738	-3.21970605527882	0.0012832210159525	0.00310205362794505
gene_7643	interaction_vs_onu	1081.25272903993	0.384471110616228	0.119435330707755	3.21907352152762	0.00128605506678957	0.00310802692595107
gene_4777	interaction_vs_onu	927.857449928419	0.512676549017066	0.159327966282682	3.21774363269953	0.00129203245119676	0.00312159124534131
gene_1356	interaction_vs_onu	1370.1837866006	-0.366434712783209	0.11391300384065	-3.21679439948581	0.00129631459405747	0.00313105330844581
gene_5366	interaction_vs_onu	582.443096176952	-0.323305360189403	0.100549424944511	-3.21538746111995	0.00130268561820131	0.00314555398922516
gene_4309	interaction_vs_onu	1101.32610187147	-0.355119432601248	0.110457305344983	-3.21499272041926	0.00130447830256941	0.00314899443598256
gene_7656	interaction_vs_onu	141.31587932637	0.607515214651296	0.188983288951774	3.21465044883584	0.00130603454514094	0.00315150023542208
gene_1983	interaction_vs_onu	1185.60515621123	-0.276447975449691	0.0859975611026834	-3.2146025062223	0.00130625266767261	0.00315150023542208
gene_6075	interaction_vs_onu	6521.27606433134	0.252195598900777	0.0784645989974646	3.21413225993707	0.00130839391059483	0.00315577680323803
gene_1787	interaction_vs_onu	6542.34924156333	-0.299561533923469	0.0932645238072597	-3.2119558616151	0.00131834628406912	0.00317888568778356
gene_4504	interaction_vs_onu	1225.96891611995	-0.408954524180166	0.127328859686047	-3.2117975860973	0.00131907277441137	0.00317974174851065
gene_5940	interaction_vs_onu	2307.89513629906	0.20583216625775	0.0641025147294954	3.21098426678479	0.0013228117693921	0.00318785719200347
gene_2143	interaction_vs_onu	3871.83230963563	-0.368505494359091	0.114813854270891	-3.20959083465347	0.00132924039946455	0.00320244802122616
gene_5193	interaction_vs_onu	2570.58711378483	0.283919768436034	0.0884663087776328	3.20935475164551	0.00133033242508154	0.00320417714088294
gene_1775	interaction_vs_onu	338.960184107543	0.608632719581901	0.18974622027779	3.20761445835842	0.00133840790276957	0.00322272057600773
gene_311	interaction_vs_onu	592.464823510781	0.484264639976589	0.151015268314045	3.20672634881881	0.00134254640128451	0.00323177648903132
gene_7247	interaction_vs_onu	75.2890250194561	-1.00101670682559	0.312255621142439	-3.20576040605195	0.00134706099544258	0.00324075048812864
gene_6954	interaction_vs_onu	1177.10026636115	-0.423366073957878	0.132064991998305	-3.20574035216927	0.00134715487089828	0.00324075048812864
gene_5669	interaction_vs_onu	2627.7834576698	0.246425487733026	0.076871378342331	3.20568582282499	0.0013474101620619	0.00324075048812864
gene_4096	interaction_vs_onu	2062.28339884341	0.240637702143189	0.0750725226697541	3.20540316996886	0.00134873417920703	0.003243023756745
gene_6585	interaction_vs_onu	1666.62285525131	0.248828939058862	0.0776464756308943	3.20463919369261	0.00135231884491227	0.00325072993890734
gene_1456	interaction_vs_onu	14.4441957502697	-1.8615412263125	0.580939275905029	-3.2043645584342	0.00135360961166514	0.00325205731658641
gene_2959	interaction_vs_onu	1309.85010071576	0.2992793678604	0.0933975471880402	3.20436003804094	0.0013536308667053	0.00325205731658641
gene_3630	interaction_vs_onu	738.441063276166	-0.292660544380785	0.0913347560218414	-3.20426261729761	0.00135408901711983	0.00325224522630353
gene_6528	interaction_vs_onu	606.788606665641	-0.416273797049321	0.129960703375468	-3.20307436199902	0.00135968867034193	0.0032647784062067
gene_169	interaction_vs_onu	1294.71633643822	0.320719265941437	0.100134431192201	3.20288698026196	0.00136057365407205	0.00326598723467659
gene_3097	interaction_vs_onu	3689.64342557619	0.306675970476843	0.0957550391250023	3.20271364597842	0.00136139276623035	0.00326703730836327
gene_3566	interaction_vs_onu	1235.45492586189	0.613825960370112	0.191669539106143	3.20252223296779	0.00136229784009628	0.00326829302444623
gene_2196	interaction_vs_onu	1503.3046965125	0.302904137252217	0.0945985435224688	3.20199578104785	0.00136478996915175	0.00327335447910871
gene_7532	interaction_vs_onu	2594.73551765333	0.222462872641566	0.0694784057803315	3.20189949874386	0.0013652462069351	0.00327353152139061
gene_1327	interaction_vs_onu	1353.88192825407	0.339635706648109	0.106077562228483	3.20176764541931	0.0013658712277472	0.00327411305223075
gene_1786	interaction_vs_onu	1892.63337554286	0.434605140610527	0.135794080049099	3.20047192376418	0.00137202735839227	0.00328794910073848
gene_1566	interaction_vs_onu	163.096091334306	-0.714768433855985	0.223404420999393	-3.1994372835528	0.00137696142417299	0.00329884964761288
gene_2656	interaction_vs_onu	29.6687111053074	1.06454378856605	0.332817232772759	3.19858373827926	0.00138104418481921	0.00330770515446346
gene_858	interaction_vs_onu	737.52158214616	-0.326254254936339	0.102014037342782	-3.19813099681641	0.0013832143104088	0.0033119760831047
gene_1767	interaction_vs_onu	147.065797720295	0.720776780266083	0.225386387909948	3.1979605643002	0.00138403205900459	0.00331300738956356
gene_2873	interaction_vs_onu	5394.77731017526	0.234046705186892	0.0732188097440891	3.19653796619914	0.00139087520878891	0.0033284573070263
gene_720	interaction_vs_onu	3740.42738804527	-0.238430517658908	0.0746336287511262	-3.19467941796023	0.00139986242783431	0.00334902805541132
gene_4424	interaction_vs_onu	1865.66551573541	-0.303801177305825	0.0951053673847455	-3.19436416324231	0.00140139217870196	0.00335175106166213
gene_7390	interaction_vs_onu	20.2011020405437	-1.68975113836989	0.529058146690601	-3.19388549054529	0.00140371785084121	0.00335637564335217
gene_1352	interaction_vs_onu	698.154833407665	-0.332151769322412	0.104055841626078	-3.19205307584738	0.00141265371978159	0.00337679861528355
gene_437	interaction_vs_onu	2336.16836882054	-0.385545553630753	0.120845081498234	-3.19041163157631	0.0014207028134479	0.00339509103381185
gene_1306	interaction_vs_onu	547.96219948048	-0.333902113916259	0.104680268663179	-3.18973306221278	0.00142404262618595	0.00340212248957625
gene_8508	interaction_vs_onu	1831.98016645259	0.353387509717193	0.110797982142196	3.18947604355883	0.0014253095208204	0.00340324951135917
gene_6775	interaction_vs_onu	1194.63411109342	-0.229386012972941	0.0719190626106679	-3.18950226332504	0.00142518023094769	0.00340324951135917
gene_8448	interaction_vs_onu	50625.0910259516	-0.268784640517484	0.0842834630826996	-3.18905548830795	0.00142738476021129	0.0034072541961541
gene_1237	interaction_vs_onu	669.158788170091	-0.478296492022353	0.150013822395345	-3.18834947596932	0.00143087485812777	0.00341463305981982
gene_8584	interaction_vs_onu	6.56023600843575	-4.22460758093387	1.32517050269393	-3.18797284752845	0.00143273989726565	0.00341622660740779
gene_2342	interaction_vs_onu	34.5640710095483	0.934461832021062	0.293120162348389	3.18798210445313	0.00143269403073744	0.00341622660740779
gene_7242	interaction_vs_onu	239.209791960472	-0.486310258689629	0.152542956702642	-3.18802171664742	0.00143249777416555	0.00341622660740779
gene_4974	interaction_vs_onu	5217.03501960298	0.3439340130854	0.107888069990807	3.18787807692459	0.00143320954777868	0.0034163948006086
gene_6605	interaction_vs_onu	1014.14805926002	0.563169827003447	0.176706850576161	3.18702882863457	0.00143742446840197	0.00342453477581988
gene_3187	interaction_vs_onu	635.010932748353	0.543982363756988	0.170684857200453	3.18705696966505	0.00143728461826809	0.00342453477581988
gene_482	interaction_vs_onu	2367.68549082743	-0.452463114466029	0.142089020150637	-3.18436367557709	0.00145072624781922	0.00345526340604688
gene_6711	interaction_vs_onu	5.66045268027011	-3.84515987029807	1.20797145241393	-3.18315458748149	0.00145679813715466	0.00346875995940026
gene_2222	interaction_vs_onu	4085.52902900537	0.294643126354868	0.0925921344621453	3.18216150935939	0.00146180276087736	0.00347970846304511
gene_1071	interaction_vs_onu	35.9346756298584	-1.37745985381482	0.432929001531973	-3.18172228919871	0.00146402126330883	0.00348402057657035
gene_7203	interaction_vs_onu	87.0217224510127	-0.693675251979644	0.218049446216088	-3.18127499985581	0.0014662837117222	0.00348843484500889
gene_7650	interaction_vs_onu	602.070682513765	0.723158151272523	0.227330939395923	3.18108108466952	0.00146726556113752	0.00348980083449213
gene_5773	interaction_vs_onu	1382.94719288371	0.266035557772068	0.0836583688839164	3.18002324598531	0.00147263238440201	0.003501592558467
gene_336	interaction_vs_onu	452.486023282899	-0.383517890006601	0.120684924232285	-3.17784422906406	0.00148374442985095	0.0035270348013119
gene_3998	interaction_vs_onu	114.095641366255	-0.729646996379955	0.229610841291922	-3.17775498872154	0.00148420115964693	0.00352714101237581
gene_7942	interaction_vs_onu	642.310104633341	-0.317398177613905	0.0999158227825614	-3.17665579659622	0.00148983743139337	0.00353955270961067
gene_667	interaction_vs_onu	1251.6579672989	0.366994326318292	0.115534319760304	3.17649618814292	0.0014906574852915	0.00354051833354474
gene_5776	interaction_vs_onu	472.485128737664	-0.431405688691058	0.135847672545036	-3.17565756268691	0.00149497310505408	0.00354978357261107
gene_4499	interaction_vs_onu	1616.57648002553	-0.612919801283129	0.193084587870557	-3.1743590104355	0.00150167825410037	0.00356471598865756
gene_6177	interaction_vs_onu	770.217033472692	0.564081942343577	0.177708542975517	3.17419710329452	0.00150251621070287	0.00356571631927269
gene_7567	interaction_vs_onu	2192.27444698188	0.46715224245182	0.147194835977318	3.17369994232546	0.00150509197932386	0.00357083906402778
gene_679	interaction_vs_onu	258.446273577232	-0.53609115660185	0.16894822920676	-3.17310905902292	0.00150815860938011	0.00357712321870151
gene_3305	interaction_vs_onu	325.164744864903	-0.58190413658878	0.183462872887344	-3.17178144782514	0.00151506979625161	0.00359252007089026
gene_7897	interaction_vs_onu	185.188048970449	-0.569883921805903	0.179704111612057	-3.17123474078413	0.00151792427727655	0.00359729562942615
gene_5045	interaction_vs_onu	671.332539209287	0.405979142227842	0.128016915028062	3.17129296654938	0.00151762003185867	0.00359729562942615
gene_3819	interaction_vs_onu	2962.10055425312	0.48457373706179	0.152879724278996	3.16964031265175	0.00152627746278377	0.00361609052904209
gene_8034	interaction_vs_onu	9.66473734536256	-2.63314464018828	0.831010422427812	-3.16860603564453	0.00153171864372354	0.00362797775049073
gene_1707	interaction_vs_onu	3777.23180186087	-0.535885987325846	0.169227007906789	-3.16666939842732	0.00154195508533898	0.00365121314813324
gene_379	interaction_vs_onu	705.449762199456	0.464998665521121	0.146940372122855	3.16453986609167	0.00155328381199625	0.00367702141335395
gene_2410	interaction_vs_onu	880.829692599102	-0.316082062032197	0.0999105617716194	-3.16365013295304	0.00155803969288987	0.00368522237389811
gene_4340	interaction_vs_onu	8035.35639933308	0.261251570209797	0.08257703725815	3.16373145470307	0.00155760444848737	0.00368522237389811
gene_6986	interaction_vs_onu	19441.6323820004	-0.234117943883121	0.0740010290746459	-3.16371200253124	0.00155770854880891	0.00368522237389811
gene_4648	interaction_vs_onu	842.958143462341	0.530690519119006	0.167799137634127	3.16265343553871	0.00156338325045988	0.00369683995136368
gene_1317	interaction_vs_onu	860.759610092795	-0.296937077126768	0.0939056136260273	-3.16208015326219	0.00156646440730041	0.00370310282421748
gene_5203	interaction_vs_onu	1130.382536515	0.277796807930339	0.087867518615808	3.16154151507314	0.00156936446015555	0.00370893422941235
gene_7826	interaction_vs_onu	846.604299749734	-0.358009619973041	0.113261495801625	-3.16091198901423	0.00157276012222729	0.00371593338290523
gene_3971	interaction_vs_onu	1203.76930920047	0.379550199131535	0.120080636108448	3.16079437477957	0.00157339528263907	0.00371640828349625
gene_4435	interaction_vs_onu	17369.7686056821	-0.331434337990977	0.104986780560326	-3.15691495845548	0.00159447840567773	0.003765168317959
gene_1167	interaction_vs_onu	3379.44022636445	-0.436203058994248	0.138186078721724	-3.15663533569589	0.00159600805027574	0.00376566397749733
gene_5591	interaction_vs_onu	792.853192588898	0.379663760084618	0.12027273505889	3.15669016671751	0.00159570799695735	0.00376566397749733
gene_3276	interaction_vs_onu	1788.50560462732	-0.326276465829216	0.103357901970285	-3.15676363015786	0.00159530606233482	0.00376566397749733
gene_2166	interaction_vs_onu	8672.36483168531	0.190007802322976	0.0602065138151407	3.15593430482256	0.00159984890077202	0.00377368602662124
gene_5835	interaction_vs_onu	343.121857553592	0.586854940180418	0.186043850174857	3.15439042800314	0.00160833760788101	0.00379266389076072
gene_545	interaction_vs_onu	11961.3374305647	0.400656105567025	0.127051693216265	3.15348891010084	0.00161331358189486	0.00380335011319747
gene_1292	interaction_vs_onu	129.283926538503	0.599007039558082	0.18996654940905	3.15322377240351	0.0016147797171634	0.00380575836423973
gene_7226	interaction_vs_onu	2203.44899453761	-0.393692347773164	0.124975688960251	-3.15015144984221	0.0016318584475262	0.00384495136548976
gene_1873	interaction_vs_onu	9950.24383545044	-0.389670866986564	0.123732272013342	-3.14930664931576	0.00163658366178578	0.00385502370525215
gene_1591	interaction_vs_onu	297.047704627189	0.504339248549335	0.160253225153056	3.14713946048603	0.00164876301703987	0.00388264413366198
gene_3380	interaction_vs_onu	3944.30527080619	-0.369540198954073	0.117437063039016	-3.14670845294641	0.00165119515114589	0.00388730211600903
gene_1647	interaction_vs_onu	1055.26813274571	-0.330933557340567	0.105172556490894	-3.14657709560592	0.00165193704409389	0.00388797940540108
gene_5251	interaction_vs_onu	12768.442436691	-0.519557111946417	0.165206167152545	-3.14490143377442	0.0016614279628108	0.00390924226543718
gene_1857	interaction_vs_onu	18.2294663168765	-2.03053036150528	0.645770856395877	-3.14435119112978	0.0016645554528862	0.00391444908700711
gene_2844	interaction_vs_onu	2252.07007093496	-0.378063896145562	0.120233748092503	-3.14440747413693	0.00166423530088187	0.00391444908700711
gene_7269	interaction_vs_onu	1478.5009543494	-0.2919045584471	0.0928467159308656	-3.1439405855179	0.00166689279678398	0.00391886908554541
gene_8598	interaction_vs_onu	109.369694417539	-0.754237064013663	0.240002159494838	-3.14262615636959	0.00167439541349289	0.00393542689168016
gene_6464	interaction_vs_onu	16351.3410330603	0.478142760775396	0.15219273753669	3.14169236005843	0.00167974428122648	0.00394691491828127
gene_3135	interaction_vs_onu	383.91456974709	-0.512114135472125	0.163019111817355	-3.14143617740902	0.00168121446338231	0.00394928534757207
gene_5506	interaction_vs_onu	138.370736545625	-0.539405672695163	0.171729653310058	-3.14101648898845	0.00168362553150658	0.00395386407399076
gene_5237	interaction_vs_onu	2670.54312630596	-0.285628777020348	0.0909631699063302	-3.14004862973086	0.00168919791732983	0.00396586236213476
gene_8628	interaction_vs_onu	139.049071097036	-0.770383098633448	0.245373878645762	-3.13962962514695	0.00169161556661674	0.00397044947908946
gene_4070	interaction_vs_onu	315.302327676943	-0.449769025256406	0.143259850317733	-3.13953298330881	0.00169217363990874	0.00397067060241744
gene_7521	interaction_vs_onu	1350.59252752388	0.424031470025492	0.135070011535874	3.13934577486041	0.00169325518595972	0.00397211959216641
gene_2022	interaction_vs_onu	418.911067634385	0.496600692009969	0.158200942979762	3.13905013874347	0.00169496443845388	0.00397503988853841
gene_5015	interaction_vs_onu	10541.6659009701	0.293443283907489	0.0935499891295976	3.13675380016318	0.00170829510875326	0.00400520573293014
gene_4802	interaction_vs_onu	23.4872968887211	-1.96455650483173	0.626349011043992	-3.1365204864892	0.00170965492036775	0.0040061993206537
gene_1280	interaction_vs_onu	1221.22380520779	0.527176682554681	0.168076390574462	3.1365302452823	0.00170959802368863	0.0040061993206537
gene_606	interaction_vs_onu	4921.65587651963	0.205728980608304	0.0655976225383511	3.13622617173398	0.00171137168182127	0.00400912468428847
gene_2183	interaction_vs_onu	781.862739547299	-0.494245718451155	0.157629257816205	-3.13549480152626	0.00171564469021101	0.00401803517050786
gene_8461	interaction_vs_onu	1892.1660886328	0.367064795066665	0.117085101476355	3.13502563894343	0.00171839092215774	0.00402116629132593
gene_3756	interaction_vs_onu	2263.62505639069	-0.344143416809982	0.109771925424389	-3.13507680109909	0.00171809124943266	0.00402116629132593
gene_5698	interaction_vs_onu	1331.99047380918	0.21625729613462	0.0689781619636068	3.13515596789486	0.00171762763950665	0.00402116629132593
gene_1677	interaction_vs_onu	12992.81539905	0.223069945977728	0.0711611111399751	3.13471701613745	0.00172019964213626	0.0040242986981925
gene_5578	interaction_vs_onu	807.287191917602	0.558984976062273	0.178327932010689	3.1345901326819	0.00172094376518465	0.00402493951638814
gene_7012	interaction_vs_onu	20.5169400199167	-1.52724339546662	0.487410506140323	-3.13338218242455	0.00172804277112464	0.00404043871096063
gene_6242	interaction_vs_onu	221.815320111376	0.595696380484328	0.190197262945061	3.13199239179586	0.00173624374510417	0.00405791312203253
gene_2507	interaction_vs_onu	496.713185114619	-0.3359873694707	0.107277199633143	-3.13195507171775	0.00173646445864546	0.00405791312203253
gene_7458	interaction_vs_onu	1211.34099758197	0.388544422960567	0.124063109146165	3.1318288380376	0.00173721120465801	0.00405855019428836
gene_3674	interaction_vs_onu	13217.8311666431	0.17508848131175	0.0559449788714729	3.12965497250425	0.0017501173057869	0.00408758639496204
gene_8044	interaction_vs_onu	797.250395075293	0.513212927278964	0.163993898403521	3.12946354879716	0.00175125798902054	0.00408913485706925
gene_6475	interaction_vs_onu	658.984639421677	0.42014480965882	0.134285504913806	3.12874282245504	0.00175555889191666	0.00409805948044902
gene_6502	interaction_vs_onu	71.7509715639965	-0.777812952534725	0.248621410965111	-3.12850349258083	0.00175698922889333	0.00410028020701389
gene_5001	interaction_vs_onu	110.184925037737	-0.620094727473606	0.198310337508914	-3.12689058605295	0.00176665661865704	0.0041217172678398
gene_7733	interaction_vs_onu	1217.73485323963	0.471313603692092	0.150748253002592	3.12649463131084	0.00176903734419051	0.00412564604442479
gene_6419	interaction_vs_onu	1475.15361068663	0.41213317171708	0.131821440214807	3.12645022725815	0.00176930451274339	0.00412564604442479
gene_3195	interaction_vs_onu	800.46934213202	0.395980187610655	0.12672159160236	3.12480440470794	0.00177923323849442	0.00414766789801531
gene_7920	interaction_vs_onu	3158.21793945231	0.413784495992174	0.132447989581898	3.12412817513032	0.00178332754211217	0.00415608052286418
gene_1618	interaction_vs_onu	939.114076552068	0.367054816148175	0.117531446612435	3.12303495556005	0.00178996487720477	0.00417041354079283
gene_4027	interaction_vs_onu	2165.14147225754	0.349085412339106	0.111781340779525	3.12293098208254	0.00179059731916959	0.00417075185090931
gene_4774	interaction_vs_onu	2610.6293418872	-0.294455073987185	0.0942921566237255	-3.12279498667331	0.00179142485172881	0.00417154426844359
gene_6712	interaction_vs_onu	12.0092336006496	-2.12504179276819	0.680523685315501	-3.12265662257294	0.00179226715853608	0.00417237064918925
gene_3905	interaction_vs_onu	1170.81142451601	0.244026888224051	0.0781774152838847	3.12144993970342	0.00179962841973609	0.00418836848095185
gene_2802	interaction_vs_onu	1480.82698101004	-0.339939039858263	0.10893066748283	-3.12069179151816	0.00180426763878764	0.00419736818416555
gene_3533	interaction_vs_onu	1630.68513258929	0.213171964935247	0.0683099462463403	3.12065777605069	0.0018044760417908	0.00419736818416555
gene_24	interaction_vs_onu	2308.35472995717	0.199763546370952	0.0640426848280992	3.11922504353385	0.00181327409917178	0.00421668739171704
gene_8629	interaction_vs_onu	680.430773394669	-0.360548246838793	0.115595830342354	-3.11904197384089	0.00181440112105622	0.0042181623020753
gene_5042	interaction_vs_onu	1292.38095263595	0.363808370780751	0.116647302344292	3.11887513443687	0.00181542878593806	0.00421940548673088
gene_4161	interaction_vs_onu	12274.5375375789	0.219723132279578	0.0704943016422763	3.11689210561393	0.00182768449170867	0.00424673703828073
gene_6791	interaction_vs_onu	2202.64671620788	0.528417018883579	0.169590630426941	3.11583851981268	0.00183422684769447	0.0042607820396919
gene_8234	interaction_vs_onu	883.566094488704	-0.331042275487039	0.106253676786191	-3.11558418964812	0.00183580935949391	0.00426330117126095
gene_8499	interaction_vs_onu	28.2599183450782	-1.11939109435692	0.35947584771112	-3.11395355622467	0.00184598544965958	0.004285770395738
gene_2623	interaction_vs_onu	2081.61141920655	-0.302285057776016	0.0971439749236603	-3.11172214245468	0.00185999474907694	0.00431712447182716
gene_4275	interaction_vs_onu	229.308924925601	-0.425582951108393	0.136808556516229	-3.11079191203883	0.0018658637306975	0.00432957265783968
gene_7676	interaction_vs_onu	1474.24260686647	0.199921893874515	0.0643272372908619	3.10788869993823	0.00188429016252502	0.00437114465886564
gene_543	interaction_vs_onu	18680.2529292963	0.323809738537549	0.104192763117197	3.10779490676645	0.00188488823721758	0.00437134741549241
gene_7613	interaction_vs_onu	25.6356325043179	-1.29348041167493	0.416239285065438	-3.10754044148326	0.00188651172031152	0.00437392749888044
gene_4082	interaction_vs_onu	643.541245221518	-0.353511860165802	0.113766664410027	-3.10734134642207	0.00188778283803673	0.00437568943774558
gene_3307	interaction_vs_onu	698.176378524862	-0.4256910114909	0.137011333666474	-3.10697662813178	0.00189011341406017	0.00437974862389041
gene_586	interaction_vs_onu	2099.22260355221	0.190918962062628	0.0614498438211885	3.10690719765177	0.00189055737912092	0.00437974862389041
gene_2105	interaction_vs_onu	1177.68543393017	0.243636897293719	0.0784973620908912	3.10375904112057	0.00191078881563356	0.00442541998425954
gene_6287	interaction_vs_onu	897.737615128458	-0.3575478637901	0.115231535894329	-3.10286468903777	0.00191657247271296	0.00443761438096374
gene_1611	interaction_vs_onu	439.880048814558	0.561672468243264	0.181041808563488	3.10244618466842	0.00191928440299022	0.00444269185765177
gene_814	interaction_vs_onu	7538.69017649696	0.288126968140353	0.0928851508066694	3.10197018186533	0.00192237320916684	0.00444863873221632
gene_1626	interaction_vs_onu	898.460656539154	-0.485158639387015	0.156415940005494	-3.10172121441059	0.00192399058905377	0.00445117822764871
gene_6135	interaction_vs_onu	33.1249895564245	-1.06984944661357	0.345087759304799	-3.10022426981717	0.00193374163787024	0.00447252861933781
gene_7682	interaction_vs_onu	684.515939102947	0.375255442436123	0.121062833608572	3.09967503031875	0.00193733073053283	0.00447961940933577
gene_7768	interaction_vs_onu	12228.3831294357	0.303294608118907	0.0978551429028227	3.09942430333069	0.00193897117832984	0.004482201805699
gene_1773	interaction_vs_onu	1157.98940762491	0.569382982945814	0.183905435447956	3.09606391762655	0.00196108083450524	0.00453208745771188
gene_7447	interaction_vs_onu	752.102412661757	0.267354785984251	0.0863945651379735	3.09457875686139	0.00197092600126362	0.00455361041047682
gene_7481	interaction_vs_onu	174.975629696841	-0.53623459452966	0.173300829056267	-3.09424136889477	0.00197316886919594	0.00455756220192047
gene_5083	interaction_vs_onu	5339.49861644276	0.203834730924022	0.0658905501769315	3.09353511811145	0.00197787142893335	0.00456719164598582
gene_7377	interaction_vs_onu	6951.51068940481	0.513531834099446	0.16600975699349	3.09338344564641	0.00197888267859202	0.00456829442522862
gene_6787	interaction_vs_onu	4457.15175551324	-0.338298054243933	0.109371734005923	-3.09310314331866	0.00198075279447525	0.00457137878692589
gene_6977	interaction_vs_onu	259.444747162813	-0.561444109605092	0.181606909114433	-3.09153496605857	0.00199124528905631	0.00459435570736441
gene_704	interaction_vs_onu	1373.67863638525	-0.407220855098173	0.131818564977355	-3.08925267975819	0.00200660697518382	0.00462855179401065
gene_7689	interaction_vs_onu	1220.00793366251	0.247102091777621	0.0800005806350882	3.08875372923534	0.002009979781982	0.00463508268689814
gene_3061	interaction_vs_onu	33.1415552833611	-1.20893868924766	0.391872443118555	-3.08503113826229	0.00203530843603574	0.00469222736667545
gene_2542	interaction_vs_onu	1390.32880773596	-0.25881552988972	0.0838986795445733	-3.08485820390316	0.00203649217606403	0.00469369225285624
gene_6328	interaction_vs_onu	476.098308395907	0.438219395024049	0.142069193820063	3.08454903727456	0.00203861000367293	0.00469730864910909
gene_3379	interaction_vs_onu	3083.58254758748	-0.21306777834207	0.0691043328894347	-3.08327668372073	0.0020473470624813	0.00471617084360601
gene_736	interaction_vs_onu	1058.00300367054	-0.229818324487079	0.0745409247445401	-3.08311609058636	0.00204845226956817	0.00471744724979918
gene_4131	interaction_vs_onu	1285.87836336019	-0.407949110016254	0.132337307631327	-3.08264628711309	0.00205168861577193	0.0047228745905251
gene_5798	interaction_vs_onu	645.902294989908	0.396855317730853	0.128739875004034	3.08261381889967	0.0020519124535237	0.0047228745905251
gene_1612	interaction_vs_onu	579.759736422767	-0.310359465410358	0.100727626005407	-3.08117522191674	0.00206185274220768	0.00474447835303702
gene_6803	interaction_vs_onu	4.69681262303136	2.75591663140003	0.894509164264681	3.08092610059003	0.00206357857914591	0.00474717351182181
gene_8189	interaction_vs_onu	2196.31148340151	0.269100913022687	0.0873578371493892	3.08044385946166	0.00206692316545606	0.00475359008498224
gene_6637	interaction_vs_onu	2685.50619376449	-0.340076200772907	0.110445320298393	-3.07913635321184	0.00207601641816662	0.00477322066599685
gene_8024	interaction_vs_onu	2201.60968618844	0.689973276765322	0.224176912131576	3.07780703286857	0.00208529898734483	0.00479327586779585
gene_7764	interaction_vs_onu	529.689571253478	1.30988770664324	0.425633812602275	3.07749917384321	0.00208745417184933	0.00479694166739067
gene_4703	interaction_vs_onu	245.50227832816	0.44065436993501	0.143223528764956	3.07668979904948	0.00209312999572569	0.00480869370998708
gene_4696	interaction_vs_onu	296.985257985278	-0.721138209927036	0.234458204724715	-3.07576444498391	0.00209963647657595	0.00482234726039446
gene_3344	interaction_vs_onu	889.634294077389	0.545949500746663	0.177513435069101	3.07553904601159	0.00210122414077309	0.00482469920735451
gene_7684	interaction_vs_onu	3647.8996032416	0.344767645133724	0.112120843159472	3.07496479172346	0.00210527404766096	0.0048327020241292
gene_7673	interaction_vs_onu	104.944083092028	-0.652985657061749	0.21236141232762	-3.07487904654899	0.00210587937619042	0.00483279556573458
gene_4753	interaction_vs_onu	136.063360162345	-0.650990084337756	0.211748411224791	-3.07435640519006	0.00210957247966325	0.00483997331169056
gene_7152	interaction_vs_onu	265.82779939379	0.474900777719713	0.154564773052867	3.07250331585762	0.00212271474944901	0.00486882054000094
gene_6724	interaction_vs_onu	904.968395781839	0.486408195461291	0.158315288521158	3.07240191395846	0.0021234360624869	0.00486917029062092
gene_7040	interaction_vs_onu	1848.74477522488	0.296377436777096	0.0964891050305039	3.07161556409296	0.00212903732394811	0.00488070688082373
gene_4359	interaction_vs_onu	463.333504932182	-0.455304407431234	0.148251610894971	-3.07115993332304	0.00213228903109785	0.00488685250500605
gene_2841	interaction_vs_onu	934.512729364997	-0.56570852848727	0.184286353317211	-3.06972555647416	0.00214255552760512	0.00490906726881686
gene_4188	interaction_vs_onu	4436.5561881561	0.235019879175441	0.0765692003241312	3.06937878651676	0.00214504431359147	0.00491345446195959
gene_4926	interaction_vs_onu	3336.5977388942	-0.543914436886823	0.177283082898133	-3.06805606037072	0.00215456194576399	0.00493393532791326
gene_4122	interaction_vs_onu	174.910661799787	0.556733295659263	0.181469504481619	3.06791654746406	0.0021555680601727	0.00493491912144378
gene_1523	interaction_vs_onu	199.119267119447	-0.581666430604063	0.189612250801399	-3.0676627071597	0.00215739976552146	0.00493779197670152
gene_8373	interaction_vs_onu	1306.21042640492	0.321275752503906	0.104760718246166	3.06675782566682	0.00216394098434819	0.00495143940818511
gene_5525	interaction_vs_onu	380.488353131121	-0.478968041290898	0.15619463696245	-3.06648199071038	0.00216593855655435	0.00495468574134294
gene_2496	interaction_vs_onu	1711.93342002212	0.284940464514545	0.092932073762974	3.06611542147757	0.0021685958343748	0.00495943904414862
gene_4104	interaction_vs_onu	846.615399194408	0.552268023516898	0.180226432711637	3.06430091972429	0.00218179330810813	0.00498828811896516
gene_8069	interaction_vs_onu	380.219329870103	0.825703088906886	0.269543068867309	3.06334380021979	0.00218878437725623	0.00500293571944281
gene_4928	interaction_vs_onu	4377.39587775398	0.200640512124423	0.0655174182742877	3.06239954823073	0.00219570157391485	0.00501740669319571
gene_7758	interaction_vs_onu	2951.71974091116	0.208019828109222	0.0679508843890518	3.06132627970236	0.00220358821848491	0.00503408464110778
gene_6183	interaction_vs_onu	1823.40035001767	-0.319844696304236	0.104551202533224	-3.0592158536158	0.00221917192387217	0.00506833288909973
gene_4637	interaction_vs_onu	79.5630784031448	0.789964652492227	0.258354350773268	3.05767892093871	0.00223058435487673	0.00509303869771801
gene_4206	interaction_vs_onu	376.447612087252	-0.402410904521353	0.13163849707999	-3.05693937144261	0.00223609499307352	0.00510425950418916
gene_118	interaction_vs_onu	269.729235023478	0.687491896201474	0.224952392766616	3.05616618585931	0.00224186960186559	0.00511607672406543
gene_3815	interaction_vs_onu	1459.28978822484	-0.21594323441455	0.0706826820955289	-3.05510809737948	0.00224979418014097	0.00513279269243248
gene_4276	interaction_vs_onu	922.104274491375	0.371362279741666	0.121560566396353	3.05495680672319	0.00225092936995779	0.0051340142304393
gene_7413	interaction_vs_onu	235.755620018593	0.418625717602215	0.137119841026003	3.05299156175967	0.00226572309353543	0.00516637977641536
gene_6778	interaction_vs_onu	1700.02733390949	-0.353485137918547	0.115840717990818	-3.05147571639331	0.00227719467625883	0.00519115484121852
gene_6722	interaction_vs_onu	492.543320760569	-0.418822036263033	0.137414081029153	-3.04788296167537	0.00230459666504755	0.00525222243152476
gene_4437	interaction_vs_onu	1578.1025852823	0.299816511815098	0.0983908712207104	3.04719846562339	0.00230985145212508	0.0052627970269339
gene_517	interaction_vs_onu	394.763550217949	-0.399266991579482	0.131098023131656	-3.04556073418831	0.00232246867191978	0.00529013619788007
gene_4467	interaction_vs_onu	80.2756709225893	-0.938998217454866	0.308488587704991	-3.04386695287683	0.00233558407323292	0.00531859528248838
gene_4897	interaction_vs_onu	2659.38216244272	0.688157855130007	0.226127827697241	3.04322498534489	0.00234057269905414	0.00532853784678282
gene_7358	interaction_vs_onu	1988.66227584953	-0.255607903612739	0.0840309261183192	-3.04183132829968	0.00235143618293073	0.00535184624458576
gene_7819	interaction_vs_onu	390.932477219779	-0.388035944990073	0.127643711340446	-3.03999265545578	0.00236583917903552	0.00538319600546094
gene_5610	interaction_vs_onu	912.025523907196	0.676000615822936	0.222394935253082	3.03964033647464	0.00236860822678142	0.00538806442233563
gene_1491	interaction_vs_onu	42.5970551048486	-1.20229716999904	0.39555919227029	-3.03948737254346	0.00236981136893062	0.00538936910681353
gene_7421	interaction_vs_onu	3377.04510052361	0.458525646694303	0.150869428796623	3.03922173200781	0.00237190210177859	0.00539269109992689
gene_859	interaction_vs_onu	9887.16994258427	-0.506084610252939	0.166619946328201	-3.03735910018885	0.00238660950862508	0.00542468863351851
gene_4985	interaction_vs_onu	2464.6324959327	0.285185809455452	0.0939015575199127	3.03707219547424	0.00238888232415762	0.00542841324523207
gene_5818	interaction_vs_onu	26.05482180564	-1.31119083066847	0.431744769140753	-3.03695823177654	0.00238978567696535	0.00542902478631193
gene_2135	interaction_vs_onu	1645.71789314692	-0.280610473183945	0.0924038219562414	-3.03678427194094	0.00239116520246644	0.00543071746699728
gene_5190	interaction_vs_onu	113.028188838791	-0.618962430484119	0.203854665066783	-3.03629269549139	0.00239506741309116	0.00543813715014863
gene_6544	interaction_vs_onu	3296.11963728253	-0.222237711531542	0.073199014508267	-3.03607518522593	0.00239679590318738	0.00544061865056589
gene_7625	interaction_vs_onu	1649.82162215599	-0.495956859688513	0.163360517594445	-3.03596528091178	0.00239766971463601	0.0054411592675727
gene_2899	interaction_vs_onu	100.682904115904	0.597288313174447	0.196743878710831	3.03586732704566	0.00239844875794594	0.00544148459263642
gene_8528	interaction_vs_onu	892.07675838493	0.493292110622836	0.162553383446058	3.03464683518279	0.00240817498061211	0.00546210329465809
gene_5713	interaction_vs_onu	454.413570135737	-0.394722903619318	0.130080392918749	-3.0344535003509	0.00240971899360368	0.00546415750602583
gene_2526	interaction_vs_onu	3455.38805130653	-0.288020368427181	0.0949754594203766	-3.0325767328206	0.00242475441805656	0.0054967949731367
gene_3306	interaction_vs_onu	35.2874283325694	-0.981458018734391	0.323746349613044	-3.03156474167963	0.0024328974095266	0.00551379449974786
gene_2734	interaction_vs_onu	1568.87676338997	0.219429624996202	0.0723994373961713	3.03081947716635	0.00243891017772647	0.0055259584757381
gene_4432	interaction_vs_onu	2874.35948020426	0.254441248123251	0.0839586323521829	3.0305549411041	0.0024410477137496	0.0055293380337911
gene_7474	interaction_vs_onu	2863.65983020448	-0.187337522120104	0.0618194208425115	-3.03039917823489	0.0024423071293859	0.00553072725596384
gene_1102	interaction_vs_onu	884.169837922222	-0.248781774729849	0.0821226918184334	-3.02939138039807	0.00245047002663933	0.00554774488972035
gene_2502	interaction_vs_onu	235.467585934596	0.530433191340934	0.175174140945464	3.02803363828723	0.00246150685738447	0.00557125824939478
gene_7714	interaction_vs_onu	674.120175677439	-0.359562122847704	0.118826265803982	-3.02594818085795	0.00247854776261652	0.00560834492413359
gene_2956	interaction_vs_onu	2809.19297110815	0.308861625172588	0.10210047527281	3.02507529320817	0.00248571238333027	0.00562307029632851
gene_5791	interaction_vs_onu	527.456506389763	-0.325206644656919	0.107518993302409	-3.02464369008963	0.00248926195768915	0.00562961224777256
gene_6340	interaction_vs_onu	2274.68196415614	0.198114681088522	0.0655216967250367	3.02365004251821	0.00249745151165725	0.00564664155831645
gene_3134	interaction_vs_onu	1233.36426327462	0.276132531804678	0.0913913479093702	3.02142968805438	0.00251584062513052	0.00568671659654536
gene_238	interaction_vs_onu	174.370564827926	-0.547227859709601	0.181186914561779	-3.02023940875165	0.00252574950894095	0.00570760712685706
gene_1974	interaction_vs_onu	1431.99400032575	0.232431696303373	0.0769845692025716	3.01919850576508	0.00253444410417541	0.00572574334434984
gene_8019	interaction_vs_onu	6901.99668415454	-0.437995416104176	0.145100960217512	-3.01855628968688	0.00253982214007451	0.00573637929262212
gene_1736	interaction_vs_onu	1666.5436993169	0.247332988872443	0.0819628773339819	3.01762208596718	0.00254766397065204	0.00575257282742851
gene_2769	interaction_vs_onu	2780.17669744657	0.218123641977416	0.0722930127280711	3.01721610078534	0.00255107876192841	0.00575876429380465
gene_6552	interaction_vs_onu	649.966991046032	0.417154790066979	0.13828015749523	3.01673644016039	0.00255511864051709	0.00576636318555927
gene_415	interaction_vs_onu	2736.13511354021	0.266259247636598	0.0882889491371193	3.01577094572818	0.00256326813685964	0.00578323016645191
gene_8597	interaction_vs_onu	4890.12011703386	-0.297697272067346	0.0987183846841198	-3.01562138622832	0.00256453265518371	0.00578455850550002
gene_7467	interaction_vs_onu	146.336673012091	-0.836438040393171	0.277396123004211	-3.01531986580964	0.00256708373025618	0.00578878733693175
gene_1166	interaction_vs_onu	2427.45297378519	-0.21568050115093	0.0715441243936502	-3.01465009151852	0.0025727587972279	0.00580005670378478
gene_7018	interaction_vs_onu	12166.9010000641	0.303522021472824	0.100748843947945	3.01266009195747	0.00258968801805873	0.00583668494854733
gene_7069	interaction_vs_onu	101.821528085476	-0.637130440847718	0.2115635922408	-3.01153158773435	0.00259933356874268	0.00585534088116773
gene_1159	interaction_vs_onu	275.012806510201	0.341224659198189	0.113304305904134	3.011577154772	0.00259894346267982	0.00585534088116773
gene_6389	interaction_vs_onu	77.7519319214299	-0.683424269291633	0.226945610345896	-3.01140113814056	0.00260045066280155	0.00585631614669331
gene_3019	interaction_vs_onu	4701.06794312902	-0.241364799958355	0.0801615118322237	-3.01098113597865	0.00260405029809641	0.0058628802082339
gene_5765	interaction_vs_onu	6511.19051830845	-0.383893056186675	0.127510951036931	-3.01066734319538	0.00260674263679821	0.00586739862503093
gene_3131	interaction_vs_onu	1802.94540429425	-0.349164891839535	0.115979526863664	-3.01057351484098	0.00260754817718618	0.00586766887400466
gene_5186	interaction_vs_onu	16301.5744720834	-0.479986083505243	0.159561876955237	-3.00815014629025	0.00262843242370002	0.00591310947355378
gene_8450	interaction_vs_onu	4766.42679790413	-0.352356263584866	0.117140241003206	-3.00798650034552	0.00262984819767164	0.00591474003470028
gene_3510	interaction_vs_onu	227.459220225521	-0.484196108333467	0.160995686843878	-3.00750981486235	0.00263397618988859	0.00592091286382519
gene_2966	interaction_vs_onu	1170.88536630201	-0.262245208394449	0.0871946348916028	-3.00758422488336	0.00263333142546613	0.00592091286382519
gene_7211	interaction_vs_onu	53.6760557996351	-0.876676961577838	0.291678893767551	-3.00562358233741	0.00265036870652754	0.00595619746071823
gene_4969	interaction_vs_onu	118.679626571821	-0.593566721381024	0.197509060060381	-3.00526325830098	0.0026535107310428	0.00596169340097806
gene_2187	interaction_vs_onu	1442.03886105598	-0.207055267304616	0.0689078057716723	-3.00481585483506	0.00265741682599656	0.0059689026582342
gene_2178	interaction_vs_onu	652.214282708461	-0.393977425843527	0.131145217438655	-3.00413109633841	0.00266340534770187	0.00598078430648689
gene_6765	interaction_vs_onu	2523.98312797064	-0.392267016687776	0.130585603701245	-3.00390705843202	0.00266536733643379	0.00598362035139607
gene_5264	interaction_vs_onu	1042.39518336778	0.225548958271082	0.0751332498709409	3.00198592046152	0.00268224580994891	0.0060199329137815
gene_3903	interaction_vs_onu	1365.26288770371	0.275551839028499	0.0917948504436702	3.00182240830156	0.00268368687392156	0.00602158837241639
gene_7283	interaction_vs_onu	255.103707777934	0.429448535907372	0.143082034051462	3.00141480902426	0.00268728220505053	0.00602807538659133
gene_4025	interaction_vs_onu	178.570317482907	-0.569598478882177	0.189842605250871	-3.00037221955245	0.00269649866344914	0.00604716493558414
gene_2076	interaction_vs_onu	785.453897281336	-0.335120752841649	0.111702143178657	-3.00012822767111	0.0026986597106439	0.00605042617158507
gene_6932	interaction_vs_onu	1800.05606411483	0.483070284156079	0.161049464901273	2.99951499033053	0.00270409817084508	0.00606103177335268
gene_5636	interaction_vs_onu	959.365067324784	0.432380785009341	0.144169479054743	2.99911456879969	0.00270765468873945	0.00606582678241551
gene_2583	interaction_vs_onu	2059.03040090342	0.274532822495816	0.0915367918919851	2.99915276493161	0.00270731524887459	0.00606582678241551
gene_3211	interaction_vs_onu	1502.30296100747	0.357745580480398	0.119311145625775	2.99842549163415	0.00271378503490816	0.00607796962292355
gene_332	interaction_vs_onu	733.228899914231	0.257888962390179	0.0860262934178837	2.99779232771835	0.00271942912842436	0.00608901735268442
gene_7296	interaction_vs_onu	109.633732834221	0.644305198363463	0.214982319705365	2.99701482078381	0.00272637458223821	0.00610297239120269
gene_3518	interaction_vs_onu	885.199977311111	0.434644433442699	0.145041802429696	2.99668389499901	0.00272933564955094	0.00610800344056368
gene_2703	interaction_vs_onu	2728.00745356248	0.321748584941016	0.107404276544812	2.99567759582435	0.00273835790318206	0.00612659269504403
gene_4267	interaction_vs_onu	10854.232718563	-0.324395116848492	0.108438039270573	-2.99152510530983	0.0027758771256828	0.00620729054227919
gene_7940	interaction_vs_onu	9387.32003534487	0.259952161333197	0.0868941122364993	2.99159695222717	0.00277522399127384	0.00620729054227919
gene_1395	interaction_vs_onu	2503.93672289659	-0.349170372806209	0.116746779553658	-2.9908351574334	0.00278215634442826	0.00621970705361867
gene_4377	interaction_vs_onu	1240.1446658609	-0.241031049336135	0.0805972690086977	-2.99056099915896	0.00278465505982378	0.00622366770550694
gene_6194	interaction_vs_onu	7026.27317674428	-0.328354737435217	0.109829570170567	-2.98967515692976	0.00279274276242399	0.00624011434256052
gene_8487	interaction_vs_onu	283.109039871701	0.460659607996136	0.154103790737174	2.98928148225631	0.00279634387646436	0.00624653016245693
gene_5863	interaction_vs_onu	1104.05531127809	0.375653193523774	0.125688243468096	2.98876953928574	0.00280103318536293	0.00625537283243064
gene_6100	interaction_vs_onu	71.5835875153506	-0.69391453503148	0.232326379477013	-2.98680905970963	0.00281905732358164	0.00629398296553439
gene_6164	interaction_vs_onu	190.068344355249	-0.470327947024988	0.157489865977885	-2.98640134147445	0.00282281905647034	0.00630073823295596
gene_5298	interaction_vs_onu	4327.35746018223	0.200507234218905	0.0671536183744269	2.98579941144707	0.00282838102580641	0.00631150719001639
gene_1750	interaction_vs_onu	473.808926141605	0.521323792494849	0.174618085970941	2.98550857201358	0.00283107203189957	0.00631393003034357
gene_5533	interaction_vs_onu	875.476830108275	0.31989458832147	0.107146610241668	2.98557824274562	0.00283042718719134	0.00631393003034357
gene_4633	interaction_vs_onu	1307.02380530295	-0.205652465286868	0.0688850764496917	-2.98544294186942	0.00283167960122535	0.00631393003034357
gene_3350	interaction_vs_onu	1454.32666832603	-0.345104469759818	0.115601058406045	-2.98530545064431	0.00283295280859593	0.00631512396916175
gene_61	interaction_vs_onu	757.797934003269	0.527294331478306	0.176703800133971	2.98405767775526	0.00284453145637233	0.0063392838496608
gene_5191	interaction_vs_onu	1074.2036855737	-0.244002295722959	0.0817765049705623	-2.98377016492444	0.00284720553536098	0.00634359171855544
gene_8346	interaction_vs_onu	1241.11296726235	-0.253133128833367	0.0848556822142455	-2.98310168780744	0.00285343173412719	0.00635580943120707
gene_1847	interaction_vs_onu	968.334676876276	-0.234622094506238	0.0786706258477292	-2.98233415557619	0.00286059586114956	0.00637010940984397
gene_3359	interaction_vs_onu	1387.20055077118	0.320660037772071	0.107529605727082	2.98206280590229	0.00286313255875825	0.00637410005278819
gene_8225	interaction_vs_onu	1731.37578545394	0.289787064250921	0.0971960642101325	2.98146912229303	0.00286868974086263	0.00638481127971505
gene_3279	interaction_vs_onu	5725.51747437604	0.226694651054138	0.0760724837173578	2.97998224819906	0.00288265088203731	0.00641421667539366
gene_2278	interaction_vs_onu	870.771451401861	-0.343495573536196	0.115279178476517	-2.97968443283249	0.00288545469153411	0.00641717561792567
gene_867	interaction_vs_onu	8257.05231084021	-0.335496775158318	0.112594835285144	-2.97968174391551	0.00288548001792008	0.00641717561792567
gene_8182	interaction_vs_onu	11.2141852219467	2.24791175171292	0.754848433962592	2.97796438407172	0.0029016970103445	0.00644989000481665
gene_2747	interaction_vs_onu	1314.35532601028	0.254156829488335	0.0853454250118399	2.97797836794504	0.00290156462566438	0.00644989000481665
gene_6808	interaction_vs_onu	1500.98777010185	0.430027295927974	0.144442082108302	2.97716073910885	0.00290931434890278	0.00646514299756173
gene_1067	interaction_vs_onu	24.8446945705622	-1.51504701015272	0.508976450694632	-2.97665443673286	0.0029141226961125	0.00647414748993588
gene_281	interaction_vs_onu	1441.95588158614	0.414971098342221	0.1394172678565	2.97646844413379	0.00291589088631203	0.0064763949109577
gene_7748	interaction_vs_onu	1430.67673592159	0.291100066027531	0.0978628085831478	2.97457297866331	0.00293396657355901	0.00651485184686514
gene_1193	interaction_vs_onu	1169.15312727418	-0.306620904985065	0.103083815582344	-2.97448152508609	0.00293484128078699	0.00651510408805411
gene_7337	interaction_vs_onu	10.3456174629855	-1.80615035864481	0.607979878659711	-2.97074035184596	0.00297082835640721	0.00659328253327606
gene_5691	interaction_vs_onu	1037.85847113678	0.282743388856012	0.0951793130035762	2.97063910143361	0.00297180787574758	0.00659374686791065
gene_4934	interaction_vs_onu	3336.36413636804	-0.416141865770119	0.140101468453365	-2.97028910805912	0.00297519606085929	0.0065995538432121
gene_3310	interaction_vs_onu	958.180711854021	-0.221585926552939	0.0746567450148902	-2.96806305322773	0.00299682848108941	0.00664581652801175
gene_490	interaction_vs_onu	3391.20321119211	0.181168373999727	0.0610749937345611	2.96632652615743	0.00301380327663633	0.0066817290981629
gene_7954	interaction_vs_onu	2992.9042963822	-0.414555737359769	0.139795232641473	-2.96544974765314	0.00302240718943655	0.00669906927539536
gene_6844	interaction_vs_onu	433.398474180231	0.307951962382226	0.103852199406421	2.9652907125931	0.00302397021442068	0.00670079861129718
gene_468	interaction_vs_onu	2735.84535577087	-0.184687637500472	0.0622861241190656	-2.96514898161628	0.00302536379308096	0.0067021516741131
gene_3404	interaction_vs_onu	426.519538963876	0.328184849666886	0.110684447961939	2.96504934261171	0.00302634385044927	0.00670258819142193
gene_335	interaction_vs_onu	2429.8489008429	0.200121209067439	0.0675278815620417	2.96353453474735	0.00304127933553164	0.0067339242400804
gene_4219	interaction_vs_onu	1265.15830003344	0.52755198027381	0.178034360997709	2.96320315537627	0.00304455557113788	0.00673943514066207
gene_5633	interaction_vs_onu	190.546771195014	0.575430711035071	0.194216363703102	2.96283330643926	0.00304821594326845	0.00674579329740899
gene_5338	interaction_vs_onu	969.991229552267	0.395687223751896	0.133631368987938	2.96103547205006	0.00306606624003282	0.0067835427797056
gene_1198	interaction_vs_onu	598.272991566334	0.283889810138709	0.0959169348168477	2.95974647939692	0.00307892297921109	0.00681022757158836
gene_7610	interaction_vs_onu	20285.6107431005	0.240368600522166	0.0812409417097328	2.95871263261551	0.00308927033568444	0.00683134954106403
gene_190	interaction_vs_onu	1226.6286651796	0.297384885629724	0.100541634958131	2.95782822463118	0.00309814717368389	0.00684920966083008
gene_3073	interaction_vs_onu	4082.48426731372	0.171957313767964	0.0581379830434957	2.95774474390202	0.00309898627319149	0.00684929576517407
gene_4549	interaction_vs_onu	33.4508885856858	0.981000639768504	0.331683859848212	2.95763755347468	0.00310006399258201	0.00684990908015023
gene_7486	interaction_vs_onu	508.23430230941	0.557712102386952	0.18857667138452	2.95748195305528	0.00310162904624875	0.00685159861571337
gene_5747	interaction_vs_onu	992.683947782777	-0.26615516103295	0.0899964389759423	-2.95739658214808	0.00310248802638339	0.00685172794268365
gene_5473	interaction_vs_onu	1597.95076715129	-0.308191248268848	0.10426511342044	-2.95584244968012	0.00311816327137781	0.00688456992597215
gene_668	interaction_vs_onu	2507.51804429316	0.226586821809302	0.0766841787788072	2.95480535121702	0.00312866375661702	0.00690597260356929
gene_6773	interaction_vs_onu	3456.89004450753	-0.319267558620205	0.108071355824229	-2.95422923294746	0.00313451079637179	0.00691709523509733
gene_2879	interaction_vs_onu	564.136389062804	0.427134933645071	0.144679816898756	2.95227726161674	0.00315439553594008	0.00695918190403276
gene_7422	interaction_vs_onu	2151.83447153448	-0.330779890192388	0.11204918245472	-2.95209552578448	0.00315625271846539	0.00696148499615144
gene_2162	interaction_vs_onu	348.900877630329	0.505075319141768	0.171101972543943	2.95189653066128	0.00315828741910588	0.00696417833785325
gene_3438	interaction_vs_onu	18.3023688476386	-1.52591385647043	0.517043890070798	-2.95122693793266	0.00316514270566835	0.00697749718272498
gene_1759	interaction_vs_onu	1725.43306889828	-0.232796502591776	0.0789015260043397	-2.95046895010589	0.00317291934562992	0.00699283975246964
gene_426	interaction_vs_onu	421.196086151761	0.442670729687889	0.150053492396211	2.95008615007128	0.00317685332955222	0.00699970772225664
gene_7565	interaction_vs_onu	493.245576753126	0.472705157030806	0.160256639950305	2.94967595213147	0.00318107381187809	0.00700720325004541
gene_3889	interaction_vs_onu	2089.15237303231	-0.418884288136854	0.142059580598885	-2.94865215264574	0.00319162987767021	0.00702864722224261
gene_5166	interaction_vs_onu	1111.81659851669	-0.33636350832439	0.114083777384325	-2.94839034993775	0.00319433436152296	0.00703279375890858
gene_4879	interaction_vs_onu	57.6609316972472	-0.829433076209839	0.28132905204139	-2.94826670118595	0.00319561240836039	0.00703379846118923
gene_6485	interaction_vs_onu	209.702814537153	-0.545809656291252	0.185185387399769	-2.94736892556747	0.00320490589825944	0.00705244074269943
gene_7856	interaction_vs_onu	1222.64663963363	-0.420395525323502	0.142657560964331	-2.9468856924353	0.00320991836544913	0.00706165541203921
gene_7814	interaction_vs_onu	14417.069721515	-0.264384755472271	0.0897331751244254	-2.94634348005263	0.00321555111532836	0.00707222958561428
gene_6155	interaction_vs_onu	1990.0590912985	-0.410304539846087	0.139269793062477	-2.94611294253897	0.00321794877212591	0.00707568494461797
gene_540	interaction_vs_onu	4576.52830945368	0.281899031958989	0.0957263196651614	2.94484351790643	0.0032311803626502	0.00710295426406926
gene_4038	interaction_vs_onu	1358.05728036163	0.223238061223798	0.0758129244358835	2.94459108238985	0.00323381747500903	0.00710692620951919
gene_4568	interaction_vs_onu	1015.02112583794	0.391877495638326	0.133090916183432	2.94443457807611	0.00323545340971226	0.00710869640326923
gene_8283	interaction_vs_onu	271.206653081027	-0.433514252453325	0.147244486606848	-2.94417986332374	0.00323811754747487	0.00711272419973952
gene_7909	interaction_vs_onu	266.940442887694	0.444570940588005	0.151062181315487	2.94296651032423	0.00325083582895026	0.00713882880857214
gene_2510	interaction_vs_onu	2017.06317914252	-0.34751928294082	0.118088234442525	-2.94287813329924	0.00325176396661764	0.00713903553584174
gene_8151	interaction_vs_onu	1808.5910704788	-0.372256635891136	0.126521571021969	-2.94223848853803	0.00325848873196964	0.00715196501170772
gene_6318	interaction_vs_onu	1505.34720030246	-0.263696575735843	0.0896408123057241	-2.94170221077977	0.00326413653261183	0.00716252466525436
gene_5457	interaction_vs_onu	517.309028955459	-0.485770320751444	0.16514147020419	-2.94154048738219	0.00326584146938799	0.00716442926139447
gene_3746	interaction_vs_onu	1132.80714594554	0.285595014277807	0.0971060519247086	2.94106297822965	0.00327088024997451	0.00717364461690542
gene_6503	interaction_vs_onu	276.79667645213	-0.415642632301474	0.141346235041779	-2.94059924679719	0.00327578042280007	0.00718255133687721
gene_7254	interaction_vs_onu	152.33536100623	0.782208937249632	0.26607679195387	2.93978641092923	0.00328438566113979	0.00719957522646776
gene_1333	interaction_vs_onu	5540.85444675092	0.169237476227939	0.0575809163579744	2.93912439975438	0.0032914093754569	0.00721312448896852
gene_1763	interaction_vs_onu	234.981754928003	-0.486555192428156	0.16555798041572	-2.93888093588969	0.00329399588385509	0.00721694516657272
gene_6974	interaction_vs_onu	7.07361004769679	1.83340204705121	0.623935612205036	2.93844751154983	0.00329860507435491	0.00722334598016834
gene_7872	interaction_vs_onu	3482.67252748803	0.236596434555872	0.0805159351392169	2.9385044605988	0.00329799912260803	0.00722334598016834
gene_3990	interaction_vs_onu	9.39976207458763	-2.5358372471888	0.86304028906111	-2.93826056480805	0.00330059494613517	0.00722585492043915
gene_2344	interaction_vs_onu	540.274724570082	-0.266066637173312	0.0906111413600021	-2.93635675679459	0.00332092154041874	0.00726849613551122
gene_4762	interaction_vs_onu	566.533616122801	-0.360982833101032	0.122943687808791	-2.93616402382896	0.00332298565580935	0.0072711547069857
gene_5852	interaction_vs_onu	403.762583951985	0.336028515457128	0.114447945773301	2.93608166740481	0.00332386802602203	0.00727122675766639
gene_1955	interaction_vs_onu	1961.84138389638	-0.383706275309238	0.130711331634965	-2.93552418531552	0.00332984652608422	0.00728244411427718
gene_35	interaction_vs_onu	9.88336718644342	1.64368469930491	0.560252578395083	2.93382799596114	0.00334809692866794	0.00732048779294956
gene_8120	interaction_vs_onu	2329.02784906857	0.223372677882494	0.0761414190287106	2.93365530524546	0.00334996012010637	0.00732269117163191
gene_8332	interaction_vs_onu	2956.90244864428	0.30094979699138	0.102619665558289	2.93267177742298	0.00336058959401978	0.00734366055749135
gene_5154	interaction_vs_onu	2177.2522116815	0.276923984703236	0.0944292209507058	2.93260901567531	0.00336126893273962	0.00734366055749135
gene_2091	interaction_vs_onu	520.37679332709	-0.331460864019991	0.113154532918844	-2.92927605699825	0.00339752532721629	0.00742097902550943
gene_6852	interaction_vs_onu	5199.02360617984	-0.169727200673085	0.0579562628019412	-2.92853942727654	0.00340558637777898	0.0074366886208643
gene_2199	interaction_vs_onu	275.836905436615	-0.400703389323969	0.136837616017541	-2.9283131421451	0.00340806614392217	0.00744020560876659
gene_5075	interaction_vs_onu	869.698751257631	0.493086322087694	0.168410366526547	2.92788580808632	0.00341275360685365	0.00744853923372445
gene_6868	interaction_vs_onu	883.6434165556	0.37168366078717	0.126965200708898	2.92744514805561	0.00341759338946926	0.00745720097217865
gene_3526	interaction_vs_onu	1403.27576804723	0.448529744013005	0.153235946852933	2.92705303960747	0.00342190518115527	0.00746470651138867
gene_1278	interaction_vs_onu	26961.619489685	-0.352457177101622	0.120458893906819	-2.92595395549842	0.00343401758636445	0.0074892205195617
gene_5141	interaction_vs_onu	3523.66149856205	-0.303559691935402	0.103760674319623	-2.92557555090977	0.00343819679940279	0.00749642501347118
gene_7799	interaction_vs_onu	2765.9175802248	-0.309816348388598	0.105911939767955	-2.92522589112599	0.00344206266120037	0.00750294280108865
gene_2221	interaction_vs_onu	1172.27675902416	0.381132832214082	0.130298950867774	2.92506447424009	0.00344384863150842	0.00750492471632181
gene_3042	interaction_vs_onu	8675.33137758188	-0.273932432100085	0.093674272967733	-2.9243080668952	0.00345222901757869	0.00752127268782733
gene_5762	interaction_vs_onu	5108.75111966001	-0.161438382630578	0.0552104821296377	-2.92405312186028	0.00345505778355603	0.00752552026138413
gene_6068	interaction_vs_onu	2324.38132658821	0.210110622275508	0.0718607634315568	2.92385736307444	0.00345723127480731	0.00752833877190297
gene_7154	interaction_vs_onu	2330.45616373669	-0.338356569478269	0.115858780980358	-2.92042231598857	0.00349557334167912	0.00760989516906746
gene_3369	interaction_vs_onu	10377.2535127984	-0.339277797654899	0.116215592742412	-2.91938275793073	0.00350725295103164	0.00763338043753645
gene_2471	interaction_vs_onu	1698.74486334651	0.379344588754513	0.129965353691329	2.91881319120991	0.00351366717609035	0.00764539680410103
gene_2890	interaction_vs_onu	1155.63149373974	-0.463511489689961	0.159127711720659	-2.9128269656993	0.0035817301146705	0.00779151455694524
gene_6206	interaction_vs_onu	542.598796498698	0.456496746048225	0.156729965070588	2.9126322196437	0.00358396437058859	0.00779439405798737
gene_5534	interaction_vs_onu	292.737785045251	0.825730037503916	0.283520113496974	2.9124213704603	0.00358638480153796	0.00779732092385397
gene_5527	interaction_vs_onu	787.916524231511	0.48309651166537	0.165878230760009	2.91235630770808	0.00358713198576366	0.00779732092385397
gene_4376	interaction_vs_onu	495.329710892438	0.283391490161456	0.0973359528076259	2.91147805088577	0.00359723180087007	0.00781728972212434
gene_4081	interaction_vs_onu	13724.0669564337	-0.323176256505221	0.111010888745288	-2.91121222573708	0.00360029384334594	0.0078219581977262
gene_1290	interaction_vs_onu	1182.20619595293	-0.528343412417008	0.181523188461638	-2.91061112849868	0.0036072266316133	0.0078350317093656
gene_1394	interaction_vs_onu	117.980308036725	-0.585651832081923	0.201377176804947	-2.90823340248325	0.00363476943552762	0.00789240669385019
gene_5222	interaction_vs_onu	2723.96466273355	-0.361868128673608	0.124431483980611	-2.90817176728354	0.00363548593386113	0.00789240669385019
gene_4452	interaction_vs_onu	897.453242847231	0.453322956833979	0.155930939966914	2.90720338715438	0.00364676005710036	0.00791487476896022
gene_5868	interaction_vs_onu	675.000346030367	0.587447681995074	0.202096667351187	2.90676580516914	0.00365186491731261	0.00791992999548921
gene_6996	interaction_vs_onu	749.229459540171	0.541716393633478	0.18636364180768	2.90677080775502	0.00365180652011592	0.00791992999548921
gene_3088	interaction_vs_onu	1096.80726678392	-0.260364742135479	0.0895710175293728	-2.90679674427164	0.0036515037663413	0.00791992999548921
gene_4233	interaction_vs_onu	4876.16374971289	-0.214076235452009	0.0736752150033858	-2.90567506918264	0.00366461781309594	0.0079455745896913
gene_1604	interaction_vs_onu	3370.35327980283	0.210027861649921	0.0722857501479268	2.90552233628505	0.00366640679622182	0.00794744040913111
gene_7416	interaction_vs_onu	164.67508764569	-0.494029365850363	0.170090021100154	-2.90451704723738	0.00367820172464699	0.00797098905391854
gene_3468	interaction_vs_onu	6045.26693066678	-0.472656394040272	0.1627359722848	-2.90443709159207	0.00367914131355921	0.00797100724982709
gene_5278	interaction_vs_onu	3672.49568178927	-0.296784031503016	0.102188860771571	-2.90426989069225	0.00368110685969345	0.00797324765156273
gene_4472	interaction_vs_onu	730.3760129417	-0.400650724265223	0.137996749764424	-2.90333449845145	0.00369212057426995	0.0079950802215408
gene_8447	interaction_vs_onu	7098.07899833424	-0.358276258196307	0.123430282028309	-2.9026609378899	0.00370006991361811	0.00801026769361939
gene_7199	interaction_vs_onu	1918.56909033829	-0.287824672255512	0.0991788285713251	-2.9020777559247	0.0037069651727697	0.00802316608821963
gene_5332	interaction_vs_onu	2615.7820433733	-0.485341829432942	0.16732114086178	-2.90066053179658	0.00372377045426504	0.00805750128627622
gene_7030	interaction_vs_onu	419.40785835521	0.881780698324424	0.304156779113786	2.8990992766745	0.00374236378609293	0.00809568713898294
gene_8137	interaction_vs_onu	534.434856020579	0.400898129342209	0.138298560725713	2.89878742944627	0.00374608773935925	0.00810169556566831
gene_4316	interaction_vs_onu	832.013952442842	0.352544971578091	0.121655093927721	2.89790554752724	0.00375663705375793	0.00812038514069679
gene_8167	interaction_vs_onu	919.657723543205	0.352185827151019	0.121534446751741	2.89782721330383	0.00375757541382009	0.00812038514069679
gene_6005	interaction_vs_onu	21947.6692700768	-0.258514984845478	0.0892069400729757	-2.8979245856208	0.00375640902996999	0.00812038514069679
gene_524	interaction_vs_onu	473.866247651198	-0.577815847334022	0.199477571690113	-2.89664568521845	0.00377175471762986	0.00814897031370813
gene_887	interaction_vs_onu	3256.7435471409	-0.443065123900977	0.152982541222788	-2.89618096522362	0.003777345049764	0.00815898905525607
gene_7731	interaction_vs_onu	61.8366963094707	0.969303983040315	0.334711932017806	2.89593495277232	0.00378030749483465	0.00816332799086392
gene_85	interaction_vs_onu	856.750903597365	0.338100397451259	0.11684282726713	2.8936341695865	0.0038081155659596	0.00822130371869211
gene_6123	interaction_vs_onu	26.2070031390492	1.01084252700551	0.349371075701053	2.89332059036983	0.00381191995349872	0.0082274419571228
gene_8432	interaction_vs_onu	542.92589829822	0.507709878889679	0.175610443024226	2.89111439015981	0.0038387836576712	0.0082833345373495
gene_4847	interaction_vs_onu	48.0468481784437	-0.840720809638806	0.290851586160265	-2.89054916542746	0.00384569371524688	0.00829615378087533
gene_7943	interaction_vs_onu	301.814153780432	-0.498393783442558	0.172501239016186	-2.88921857190715	0.0038620052935341	0.00832924296111159
gene_3298	interaction_vs_onu	2672.85564248571	0.288183231706365	0.0997697065117471	2.88848430833495	0.00387103342612223	0.00834661111526608
gene_7910	interaction_vs_onu	929.531753899754	0.231300168604022	0.0800977177838187	2.88772483166491	0.00388039173336683	0.00836468225575926
gene_5280	interaction_vs_onu	2573.23180381963	0.185836395067515	0.0643579376377831	2.88754428573259	0.00388261945016386	0.00836737726420006
gene_2926	interaction_vs_onu	1842.09161002041	-0.329074393312329	0.113996924014397	-2.88669537496266	0.00389310955578195	0.0083878725893515
gene_2642	interaction_vs_onu	9979.91357695045	0.206079349663607	0.0714090989143692	2.88589763484803	0.00390299079526994	0.00840704610153766
gene_4100	interaction_vs_onu	1342.56999338604	0.442704247677126	0.153575715177806	2.88264487106294	0.00394351752918474	0.0084900679199752
gene_509	interaction_vs_onu	6292.87644186676	0.227687179003605	0.0789834265960715	2.8827209557268	0.00394256522904596	0.0084900679199752
gene_4079	interaction_vs_onu	656.824981549594	0.245922155300614	0.085346770112869	2.88144653834454	0.00395854382665569	0.00852027537243468
gene_386	interaction_vs_onu	4761.26449876394	0.368837993436026	0.128054493916709	2.8803205741138	0.00397271002944174	0.00854861685571173
gene_4210	interaction_vs_onu	5512.99482430469	-0.414101566653796	0.14379461135944	-2.87981282983322	0.00397911320826344	0.00855809272933042
gene_2649	interaction_vs_onu	3421.43587520617	-0.378398408562818	0.131394729611678	-2.87985986714331	0.00397851962568148	0.00855809272933042
gene_5981	interaction_vs_onu	228.898045129634	0.530630654878311	0.184282481199219	2.87944166708213	0.00398379988053102	0.00856602034095592
gene_2132	interaction_vs_onu	1138.35107835121	-0.36903577416195	0.128180489338987	-2.87903233998424	0.00398897426518036	0.00857499239325562
gene_7282	interaction_vs_onu	2175.15417313159	0.427178825525286	0.148396850437477	2.87862460871612	0.00399413454241823	0.00858392962166709
gene_5931	interaction_vs_onu	2659.64002950402	0.26013917746839	0.0903801204178308	2.87827872175603	0.00399851686435224	0.00859119085312629
gene_5916	interaction_vs_onu	163.442612401772	-0.597355041128785	0.207701012585724	-2.87603336012741	0.00402707148032309	0.00865037186237531
gene_3983	interaction_vs_onu	21375.0196527478	-0.3345051046779	0.116321833860243	-2.87568630563198	0.00403150150701632	0.00865771522831402
gene_2884	interaction_vs_onu	1197.66089644244	0.216645245913734	0.0753396424048764	2.8755810221328	0.00403284628760711	0.0086584309560865
gene_7945	interaction_vs_onu	929.093147097462	0.660564334176553	0.2298350127104	2.8740805257939	0.00405205635652474	0.00869749308220957
gene_1592	interaction_vs_onu	102.122234856736	-0.637456354641718	0.221908619444343	-2.87260745543774	0.00407099606391572	0.0087359554542789
gene_3108	interaction_vs_onu	1480.98900936948	0.224489528201151	0.0781573155017706	2.87227787648446	0.00407524454355175	0.00874288052451202
gene_8076	interaction_vs_onu	991.981026714369	0.608130372759594	0.211794605922619	2.87132134508553	0.00408759763111103	0.0087649889083944
gene_8551	interaction_vs_onu	164.569392290069	0.434482132682758	0.151314474085701	2.87138514215552	0.00408677266981852	0.0087649889083944
gene_4059	interaction_vs_onu	161.963328329293	-0.51159507812047	0.17820817852816	-2.87077216290402	0.00409470537043131	0.00877803104705534
gene_5367	interaction_vs_onu	1031.40228109158	0.646215744683732	0.225125083815844	2.8704741991894	0.00409856643008086	0.00878190954730716
gene_7793	interaction_vs_onu	805.380570266824	0.351048815495817	0.122293207825889	2.8705503906285	0.0040975788154035	0.00878190954730716
gene_757	interaction_vs_onu	1270.4021660092	-0.330475376904215	0.11514047371255	-2.87019295863982	0.00410221381917716	0.00878752509813725
gene_1539	interaction_vs_onu	574.92669127058	0.469845510047104	0.16376704996219	2.86898683316076	0.00411788940436025	0.00881889749845478
gene_1365	interaction_vs_onu	674.339392545167	-0.314255670813989	0.109602449655848	-2.86723218140426	0.00414079105958076	0.00886572573036802
gene_1029	interaction_vs_onu	2414.47559862822	-0.359008608636241	0.125270963139816	-2.86585653720526	0.00415882667330207	0.00890211460951881
gene_516	interaction_vs_onu	2639.6718168531	-0.228402501192849	0.0797017930126711	-2.86571346213676	0.00416070656894915	0.00890391205755117
gene_4254	interaction_vs_onu	9.32651073460201	1.80570589425361	0.630244681346554	2.8650870807757	0.00416894581462867	0.00891931421475167
gene_6151	interaction_vs_onu	937.864399897344	0.33971342559741	0.118590249561637	2.86459828572032	0.00417538556779514	0.00893085968523898
gene_5583	interaction_vs_onu	460.073607669642	-0.287641233243846	0.100427231665231	-2.86417566704101	0.00418096073679558	0.00894055056381967
gene_1540	interaction_vs_onu	4005.63603846733	-0.316495929440693	0.110511182091672	-2.86392673981309	0.00418424773455958	0.00894534480715035
gene_2944	interaction_vs_onu	550.260981662786	-0.389641329307137	0.136074136790171	-2.86344884118554	0.00419056479177286	0.00895661288828356
gene_7433	interaction_vs_onu	758.580101908447	-0.529586122901731	0.184992080079258	-2.86275024679347	0.00419981466271544	0.0089741421649636
gene_4123	interaction_vs_onu	798.279123794818	-0.318078462107465	0.111143036103849	-2.86188386837176	0.0042113118358749	0.00899646351761645
gene_388	interaction_vs_onu	8349.00192063415	0.227617161334208	0.0796039815261008	2.85936905379005	0.00424484627754159	0.00906583935522854
gene_8536	interaction_vs_onu	751.411430701155	-0.471624155183608	0.164956221860888	-2.85908679201772	0.00424862524731082	0.0090716468238914
gene_8229	interaction_vs_onu	3282.07224554406	-0.33262838708833	0.116385805958702	-2.85798069917873	0.0042634632337722	0.00910105867358854
gene_2359	interaction_vs_onu	1925.03970688713	-0.290029995397258	0.101549921217079	-2.85603368196883	0.00428969624477765	0.00915477433440456
gene_6236	interaction_vs_onu	3147.99048178417	-0.253250822384396	0.0887197504316332	-2.85450332256682	0.00431041808288861	0.00919484574299273
gene_8405	interaction_vs_onu	2865.12457731187	-0.192891127676287	0.0675746763756041	-2.85448836786327	0.004310621024139	0.00919484574299273
gene_8172	interaction_vs_onu	1546.00521105598	0.268846678001699	0.094215631467648	2.85352519336471	0.00432370994543909	0.00922046764647699
gene_5519	interaction_vs_onu	59.3474999623225	-0.758861504637543	0.265975890066703	-2.85312140302353	0.00432920790788741	0.00922783032289884
gene_1299	interaction_vs_onu	1189.97414755407	-0.314969477893078	0.110395012948875	-2.85311328364935	0.00432931852532263	0.00922783032289884
gene_718	interaction_vs_onu	2641.83964956047	0.362218845958011	0.1269971231394	2.85218150619378	0.00434202999017201	0.00925262054166602
gene_8000	interaction_vs_onu	1567.45015755774	0.419000025133098	0.146949698531254	2.85131598989965	0.00435386781157845	0.00927553719938068
gene_1070	interaction_vs_onu	5.26824178682125	-4.02284175274331	1.41145762089416	-2.85013286491368	0.00437009695645978	0.00930655387500427
gene_6733	interaction_vs_onu	1454.3164673834	0.283899883191136	0.0996106329888891	2.85009616616735	0.00437060123569126	0.00930655387500427
gene_7556	interaction_vs_onu	246.291652160268	-0.430237861452666	0.150963047749132	-2.84995479269621	0.00437254434836209	0.00930837593185265
gene_7197	interaction_vs_onu	750.476831173591	0.451656573699167	0.158501223503296	2.84954629192357	0.00437816340294391	0.00931802056916953
gene_2521	interaction_vs_onu	2205.84939988502	-0.425042603625221	0.149283730156417	-2.84721317708145	0.00441038175405968	0.00938425747321672
gene_459	interaction_vs_onu	2539.68756699515	0.240197876815811	0.0843679131758612	2.84702877876248	0.00441293727966998	0.00938736160884072
gene_5690	interaction_vs_onu	1738.82021983381	-0.442604146753189	0.155579720944441	-2.8448704244125	0.00444294926441206	0.00944885607537074
gene_4806	interaction_vs_onu	212.402034185865	-0.548408910493792	0.192793606035053	-2.84453889199044	0.0044475755856007	0.00945634550738748
gene_4587	interaction_vs_onu	1458.01966431745	-0.188590054772177	0.0663031453132715	-2.84436060885376	0.00445006521635348	0.00945928935981767
gene_1003	interaction_vs_onu	5389.85754474677	-0.479004105847873	0.168415324707962	-2.84418360786635	0.00445253819178699	0.00946219635593262
gene_8460	interaction_vs_onu	473.955390585132	0.425613248841506	0.149650877673897	2.84404111393824	0.00445452995539546	0.00946407952796851
gene_6142	interaction_vs_onu	50.596279312228	-0.818826922909654	0.288123659820489	-2.84192878647943	0.00448415066987679	0.00952464757671101
gene_3476	interaction_vs_onu	418.423567069262	0.483819898392359	0.170368791204783	2.83983876959489	0.00451363405939997	0.0095848939589342
gene_3089	interaction_vs_onu	2501.42319282806	-0.510394736793317	0.179785639650813	-2.83890714400009	0.00452683278818127	0.00961053786379754
gene_851	interaction_vs_onu	2145.29743532387	-0.238838915681539	0.0842189859824681	-2.83592723060401	0.00456928557780536	0.00969826048748174
gene_7508	interaction_vs_onu	1041.7328689107	-0.230587911964362	0.0813169473515418	-2.83566857186001	0.00457298746743821	0.00970371163145044
gene_1951	interaction_vs_onu	2569.05736651585	0.578425569266334	0.203993343243766	2.83551198322748	0.00457522986298551	0.00970507624559671
gene_5977	interaction_vs_onu	1644.41363897159	-0.327608229182027	0.115539493767184	-2.83546533311085	0.00457589809897527	0.00970507624559671
gene_4525	interaction_vs_onu	4199.37807915031	0.214943199050372	0.0758132927032839	2.83516506652219	0.00458020136055272	0.00971179679126363
gene_7877	interaction_vs_onu	2214.43354615458	0.379387507381832	0.133824467371531	2.83496370158197	0.0045830892689819	0.00971551365589031
gene_7844	interaction_vs_onu	2087.27032997437	0.276994193178569	0.0977140789474266	2.83474189351569	0.00458627227459418	0.00971985409025159
gene_4404	interaction_vs_onu	515.276213028848	-0.307890064184218	0.108627733543667	-2.8343596440816	0.00459176235567415	0.00972908063479474
gene_3708	interaction_vs_onu	30.1576636867643	-1.15805627668543	0.408610144319104	-2.83413491511616	0.00459499281689293	0.00973351608824634
gene_2941	interaction_vs_onu	11021.5796750576	0.411759297475789	0.145352398581792	2.83283455583352	0.00461372582572599	0.00977078007625297
gene_6292	interaction_vs_onu	4534.60688079456	-0.291986555007104	0.103101407025284	-2.83203268928715	0.00462531198147425	0.00979289402953736
gene_4594	interaction_vs_onu	343.394178781637	0.710336519066029	0.250873368039562	2.83145446890963	0.00463368302011962	0.00980576678670554
gene_6862	interaction_vs_onu	474.852221201244	0.360288215680293	0.127241501783573	2.8315306769415	0.0046325789533607	0.00980576678670554
gene_8619	interaction_vs_onu	2631.60471707657	0.234725291423803	0.0829130935042351	2.83097978260591	0.0046405654218468	0.00981790410553846
gene_5538	interaction_vs_onu	230.352861340525	0.516182831793438	0.182346930525827	2.83077335222996	0.0046435613101498	0.00982181487889358
gene_8526	interaction_vs_onu	1506.45723525768	0.355586194577015	0.125642242655222	2.83014842032697	0.00465264151756703	0.00983858977034925
gene_7436	interaction_vs_onu	113.237182333697	-0.610180195807481	0.215735369629929	-2.82837346909865	0.00467851915159908	0.00989086785322009
gene_8233	interaction_vs_onu	2175.65108487561	-0.244294838122241	0.086379032000084	-2.82817290800392	0.00468145138081051	0.00989462316536741
gene_8582	interaction_vs_onu	912.259913018693	0.385074085970025	0.136166266976738	2.82796976460998	0.00468442305953887	0.00989845998263458
gene_4989	interaction_vs_onu	367.496748247566	-0.314927092587127	0.111366672217429	-2.82783966079432	0.00468632717739552	0.00990003964425115
gene_975	interaction_vs_onu	4779.5401860928	0.213352146408977	0.0754576936216229	2.82744059842083	0.00469217197561075	0.00990994130550901
gene_6914	interaction_vs_onu	3267.24115375692	0.190025077512053	0.0672260975680255	2.82665637879349	0.00470367714407517	0.00993178992434225
gene_6028	interaction_vs_onu	36.860857733272	-0.864367368154303	0.305852943234706	-2.82608811611469	0.00471202999137976	0.00994697329869562
gene_673	interaction_vs_onu	1499.48277674382	0.250139635120757	0.0885211940487544	2.82575983987505	0.00471686141399671	0.00995471738259661
gene_6614	interaction_vs_onu	1075.05100958382	0.283782408964999	0.100441446630581	2.82535166990114	0.00472287493072899	0.00996495178877007
gene_6811	interaction_vs_onu	2851.1542872145	-0.161337028032151	0.0571159531301436	-2.82472792959491	0.00473207782409818	0.00998190886502722
gene_7293	interaction_vs_onu	12.3633514526779	-1.88850597243015	0.669055449973723	-2.82264492801654	0.00476292892955246	0.0100445113665851
gene_3154	interaction_vs_onu	554.875625258133	-0.250333329737132	0.0887168652879093	-2.82171071897925	0.0047768244329157	0.0100713342723543
gene_7375	interaction_vs_onu	1128.01508924754	-0.253005247405293	0.0897076333520373	-2.8203313135286	0.00479740891025207	0.010112243356749
gene_7494	interaction_vs_onu	4873.13269234901	0.365880890599585	0.129747628613965	2.81994279593489	0.00480322111888727	0.0101220021609244
gene_6978	interaction_vs_onu	124.365620488423	-0.68773316489616	0.244092174613293	-2.8175141869489	0.00483969765248274	0.0101963603015634
gene_1113	interaction_vs_onu	882.175379939422	0.432894538749008	0.153655018435596	2.81731467775297	0.00484270529617946	0.0101986763995207
gene_4987	interaction_vs_onu	367.170066520516	0.39525858009542	0.14029778010846	2.81728320854298	0.00484317985561351	0.0101986763995207
gene_3525	interaction_vs_onu	12.0653682498333	-1.86806987381816	0.663805238312759	-2.81418368822512	0.00489012766926016	0.010292474268224
gene_7838	interaction_vs_onu	58.7375255409616	0.671567559461792	0.238633170365578	2.81422552628779	0.00488949122511791	0.010292474268224
gene_5127	interaction_vs_onu	2680.67890825871	0.222002973698811	0.0789187523647759	2.81305731586677	0.00490729033268926	0.0103260583205064
gene_5549	interaction_vs_onu	267.054534127259	0.561998514054128	0.199920606493714	2.81110848906812	0.0049371135574422	0.0103862600274527
gene_1318	interaction_vs_onu	1775.85113022288	-0.222434878074161	0.0791345913470506	-2.810842569448	0.00494119565530279	0.0103922935649611
gene_3477	interaction_vs_onu	43.8052472722936	1.12872846764193	0.40209584758147	2.80711296679888	0.00499877083509996	0.0105108028367614
gene_1961	interaction_vs_onu	239.79140265975	-0.418743226495327	0.149299701931688	-2.80471575681325	0.00503609695788547	0.0105866871216846
gene_5744	interaction_vs_onu	3956.3805916754	0.227356523410142	0.0811054854143845	2.80322005655389	0.00505951346142454	0.0106333010630479
gene_4836	interaction_vs_onu	75.8319080365863	1.13584977807387	0.405412666248653	2.80171260701858	0.00508321345976683	0.0106804877799715
gene_5914	interaction_vs_onu	12.0465031800577	-1.75578156109256	0.627026014475527	-2.80017339083001	0.00510751639364692	0.0107289178722988
gene_6381	interaction_vs_onu	420.154658577109	-0.332802805543721	0.118862198327525	-2.79990451317989	0.00511177250555301	0.0107352239076383
gene_294	interaction_vs_onu	401.016583394086	0.350325386595317	0.125132790199443	2.79962898643075	0.00511613719246287	0.0107417548117445
gene_8200	interaction_vs_onu	1890.56920765453	0.276512555292204	0.0988365053180612	2.7976763686896	0.00514716573508534	0.0108042517636907
gene_4429	interaction_vs_onu	1633.14617785645	0.213767407065973	0.0764145794324823	2.79746886855343	0.00515047304246312	0.0108085435752597
gene_7795	interaction_vs_onu	1583.97913263473	0.192290044606694	0.0687525214567741	2.79684352707835	0.00516045186620372	0.0108268303859568
gene_2086	interaction_vs_onu	123.468357919561	0.571838222445811	0.2044675917347	2.79671813804008	0.00516245485076612	0.010826934602648
gene_6723	interaction_vs_onu	2055.43629367413	0.185085911986092	0.0661805337899301	2.79668206626424	0.00516303119719735	0.010826934602648
gene_6094	interaction_vs_onu	465.545390044583	0.260597350503458	0.0931944789376006	2.79627455911786	0.00516954629151529	0.0108379417720722
gene_534	interaction_vs_onu	296.210095700819	-0.496211102965704	0.177570665100388	-2.79444300490273	0.00519892042351189	0.0108968557358623
gene_734	interaction_vs_onu	1318.61028029631	-0.398342489976269	0.142566526638071	-2.7940814675771	0.0052047364846391	0.0109063755957186
gene_5733	interaction_vs_onu	1722.10678460223	-0.205019811295138	0.0734081677015149	-2.79287465842723	0.0052241930449677	0.0109444670741369
gene_2276	interaction_vs_onu	2636.57450837475	-0.399282240517195	0.143065897180601	-2.79089740032984	0.00525621309654459	0.0110088534637685
gene_4541	interaction_vs_onu	1164.39762722135	-0.265463682690656	0.0951769626640795	-2.7891590071811	0.00528451127113714	0.0110654149904437
gene_5866	interaction_vs_onu	856.211643063589	0.533519267878723	0.191345958937297	2.78824424012818	0.00529945736456688	0.0110939973198074
gene_4575	interaction_vs_onu	400.039317951323	0.489126495527094	0.175440599590658	2.78798919217294	0.00530363131461634	0.0111000205508841
gene_5592	interaction_vs_onu	564.156041908702	-0.295045805284842	0.105854586126848	-2.78727465743698	0.00531534074495791	0.0111218080608261
gene_3256	interaction_vs_onu	1897.06572288826	0.167210099344439	0.0600076629662681	2.78647911081676	0.00532840522229216	0.0111464195265936
gene_1311	interaction_vs_onu	2173.91890057559	0.210234429783445	0.0754656388121842	2.78582985703821	0.00533908876008157	0.0111660395275588
gene_3178	interaction_vs_onu	864.419859613936	0.349346865747268	0.125409881703179	2.78564066086996	0.00534220564037304	0.0111671014118665
gene_886	interaction_vs_onu	1510.71074047488	0.302680161965376	0.108655492059862	2.7856867262505	0.00534144659274711	0.0111671014118665
gene_5336	interaction_vs_onu	323.830185828702	-0.420026831796417	0.150801615160991	-2.78529398606248	0.00534792114025855	0.011173591642815
gene_5026	interaction_vs_onu	942.60655611484	-0.356843953494941	0.128114970244037	-2.78534157885854	0.00534713616848584	0.011173591642815
gene_5070	interaction_vs_onu	621.858935924701	-0.452185917505557	0.162395265782575	-2.78447721567802	0.00536140876984395	0.0111979800489027
gene_6597	interaction_vs_onu	9223.17251726447	-0.260897972251065	0.0936989224852348	-2.78442873547642	0.00536221030612761	0.0111979800489027
gene_2106	interaction_vs_onu	1002.39383882781	-0.301724702236135	0.108421493687762	-2.7828864183061	0.00538776639969887	0.0112486049710786
gene_1894	interaction_vs_onu	1489.72440562493	-0.203701543106684	0.0732062669764356	-2.78256973781021	0.0053930273636128	0.0112568432656731
gene_7700	interaction_vs_onu	30.3464095372991	-0.947932371943914	0.340749043013111	-2.78190765720636	0.00540404139446608	0.0112770829684616
gene_7727	interaction_vs_onu	14.2891292824356	-1.42919627305421	0.513810125853409	-2.781565020114	0.00540974929913796	0.0112862427493592
gene_4691	interaction_vs_onu	12539.2187813925	-0.439377904318913	0.157996350753612	-2.78093704204664	0.00542022475883873	0.0113053420895857
gene_6021	interaction_vs_onu	5627.97750149412	0.388667818126711	0.139794557326468	2.78027861427422	0.00543122782143732	0.0113255323146172
gene_5275	interaction_vs_onu	1171.95058823672	-0.363712133125215	0.130864928264558	-2.77929417719873	0.00544771647855149	0.0113571488203606
gene_5073	interaction_vs_onu	441.57798601146	0.475634127533245	0.171147619830244	2.77908701274964	0.00545119209339127	0.0113616275430799
gene_7457	interaction_vs_onu	175.47609816228	-0.70675474611571	0.254346760891648	-2.77870551068975	0.00545759782223354	0.0113722096782666
gene_1465	interaction_vs_onu	3.43227530263713	-4.33634769176462	1.56157803491595	-2.77690105445036	0.00548798827766891	0.0114327524110114
gene_2687	interaction_vs_onu	916.657381622301	0.330901725097029	0.119224738483368	2.77544517443577	0.00551261929403935	0.0114812703544956
gene_1670	interaction_vs_onu	23.842137682131	-1.11039633003461	0.400129981788669	-2.77508904749124	0.00551865952450155	0.0114910546168167
gene_5508	interaction_vs_onu	30.4158195967202	-1.18959875183948	0.428816508651471	-2.77414401693745	0.00553471705139912	0.0115205129003004
gene_2555	interaction_vs_onu	903.634590791753	-0.420540965168087	0.151595565143354	-2.77409807318841	0.0055354987802495	0.0115205129003004
gene_7836	interaction_vs_onu	1104.67534481955	0.347063782915802	0.125119178237155	2.77386558803931	0.00553945602262274	0.0115259464155689
gene_6256	interaction_vs_onu	1041.85442094918	0.285136080067269	0.102797101673233	2.77377548030147	0.00554099047646292	0.011526337418839
gene_5085	interaction_vs_onu	198.110609486233	0.448747939936797	0.161801475614314	2.77344775894676	0.0055465745117684	0.01153515010222
gene_88	interaction_vs_onu	355.441292925206	0.399401162319982	0.14404135238193	2.7728229131101	0.00555723531662291	0.011554514041849
gene_2723	interaction_vs_onu	5081.0130947751	0.23965459579844	0.0864482518375398	2.77223183470289	0.0055673370133498	0.0115727063706348
gene_1757	interaction_vs_onu	11.6385008572697	-2.33704785618086	0.843059711704215	-2.77210240714338	0.0055695511769331	0.0115744981972681
gene_6355	interaction_vs_onu	153.842262500938	1.09548982047387	0.395237552815382	2.77172503642532	0.00557601152946516	0.0115851113330635
gene_6458	interaction_vs_onu	277.899315347813	-0.584321913208941	0.210827876776502	-2.77155906582686	0.00557885498337933	0.0115882064202201
gene_3719	interaction_vs_onu	10576.4770664431	-0.393255806346928	0.14189472134418	-2.77146184594878	0.00558052118864359	0.0115888552583186
gene_1836	interaction_vs_onu	2342.24535424663	0.268189411521741	0.0967789807703445	2.77115350241342	0.00558580871271712	0.0115970222121898
gene_2308	interaction_vs_onu	1356.67710173605	-0.301434422944633	0.108779457407884	-2.77106018109984	0.00558740989231877	0.0115975336271214
gene_692	interaction_vs_onu	18041.4887721836	-0.345397309393732	0.124667543540533	-2.77054716556144	0.0055962194599042	0.0116130032913406
gene_184	interaction_vs_onu	241.675786227329	0.685423239735015	0.247411571505494	2.77037664634774	0.00559915041121552	0.0116154779256945
gene_5164	interaction_vs_onu	8515.83883792641	0.16118984293462	0.0581862164678189	2.77024100757212	0.00560148281276485	0.0116154779256945
gene_8222	interaction_vs_onu	4130.54627212765	-0.160018494137582	0.0577617742765614	-2.77031819298727	0.00560015544927904	0.0116154779256945
gene_55	interaction_vs_onu	368.120626401543	0.424567166273049	0.153349542650507	2.76862362244317	0.00562936248157888	0.0116704632701175
gene_308	interaction_vs_onu	215.143736509266	0.856908969286105	0.309635276760411	2.76747849357346	0.0056491772619202	0.0117087063830598
gene_6896	interaction_vs_onu	153.658521543506	-0.475574585410792	0.171919534930888	-2.76626263328349	0.00567028479221332	0.0117467661716714
gene_3342	interaction_vs_onu	315.984722796026	0.328296825420432	0.118676302819595	2.76632164653369	0.00566925867237131	0.0117467661716714
gene_5531	interaction_vs_onu	965.125472624195	0.428537776639347	0.154922772665321	2.76613805231278	0.00567245155089348	0.0117484116321433
gene_171	interaction_vs_onu	37.6593554377833	-0.946235647054233	0.342336450087416	-2.76405170063723	0.00570884931053934	0.0118209361630906
gene_3681	interaction_vs_onu	4777.8652617904	0.367167172995166	0.13285890346051	2.76358726010636	0.005716980385764	0.011834909819139
gene_6903	interaction_vs_onu	7995.03588275423	0.174698736104839	0.063245964072342	2.76221160776386	0.00574112559192875	0.0118820200838757
gene_1676	interaction_vs_onu	136.612609988712	-0.689139571169051	0.249503848399551	-2.76203984663786	0.00574414676170135	0.0118853991491814
gene_6898	interaction_vs_onu	950.047698734979	0.311328150218304	0.112746677740092	2.76130664298589	0.00575705947995812	0.0119063612342212
gene_2169	interaction_vs_onu	3738.28494025303	0.179784134861789	0.0651065444503923	2.76138345813722	0.00575570543373984	0.0119063612342212
gene_3773	interaction_vs_onu	139.92770473544	0.640006274747908	0.231806317347895	2.76095268701149	0.00576330249164303	0.0119135158967555
gene_161	interaction_vs_onu	3277.55875882046	0.220279896957289	0.0797828699956551	2.76099239058817	0.0057626019032643	0.0119135158967555
gene_940	interaction_vs_onu	10551.7204959398	0.201354380059511	0.0729661056072285	2.75956046144751	0.0057879175867009	0.0119615100294929
gene_7123	interaction_vs_onu	113.254663082572	0.834940409280321	0.302666870431161	2.75861182986733	0.00580474402268238	0.0119933885672607
gene_2558	interaction_vs_onu	1824.45300996962	0.305049106346646	0.1106165155021	2.75771755204902	0.00582064672611418	0.0120233436234405
gene_187	interaction_vs_onu	2671.64136916195	-0.184340800397917	0.066864541650795	-2.75692909645071	0.00583470019068974	0.0120494652912676
gene_5603	interaction_vs_onu	127.675373294194	0.577349454212391	0.209483161866133	2.7560661633575	0.0058501161982293	0.0120783875197402
gene_4299	interaction_vs_onu	2589.49671554546	0.26727455021414	0.0969880368587025	2.75574760424855	0.00585581642148827	0.0120872410339859
gene_669	interaction_vs_onu	3113.04870975952	0.359539789988068	0.130478795998859	2.75554190422796	0.00585949983000171	0.0120919282894924
gene_942	interaction_vs_onu	792.370259953023	-0.304132716785118	0.110374626033148	-2.75545863859851	0.00586099143635517	0.0120920912738492
gene_3439	interaction_vs_onu	17.1182969507214	-1.5144466697099	0.549779482807111	-2.75464384734278	0.00587560554059843	0.0121180752558539
gene_1326	interaction_vs_onu	3053.42094233107	-0.290158169898335	0.105335915105586	-2.75459865334145	0.00587641710129081	0.0121180752558539
gene_3829	interaction_vs_onu	884.898994085601	0.408659351791732	0.148438314358428	2.75305842401955	0.00590413587909352	0.012172303257476
gene_7908	interaction_vs_onu	1165.22955238586	0.213352316441729	0.0775029381628629	2.75282875074227	0.00590827928125951	0.0121779125084473
gene_3942	interaction_vs_onu	2.98352471389182	3.54057648296172	1.28622972208731	2.75267817417252	0.00591099716778332	0.0121805815494042
gene_6341	interaction_vs_onu	663.255129949845	0.63757035648608	0.231673503781493	2.7520210385708	0.00592287156965932	0.0122021132698637
gene_6158	interaction_vs_onu	115.331795727485	0.518310635423392	0.188459730228257	2.75024608597088	0.00595505238789834	0.0122654592012536
gene_784	interaction_vs_onu	2299.96047192285	-0.319343541265585	0.11617943193419	-2.74870978407328	0.00598303345977483	0.0123201266335512
gene_792	interaction_vs_onu	148.483363392018	-0.45896587442441	0.166987405696088	-2.74850592780461	0.00598675523686268	0.0123248255958501
gene_2154	interaction_vs_onu	553.505909304549	0.47217354131889	0.171907589478918	2.7466707127366	0.00602035455369834	0.0123910158643082
gene_6761	interaction_vs_onu	1772.12779574673	-0.189308033509624	0.0689666160511391	-2.74492275174486	0.00605251427803005	0.0124542120721003
gene_3017	interaction_vs_onu	1351.93792794892	0.268388816061163	0.0978186268209917	2.74373935500357	0.00607437467713215	0.0124961901553115
gene_3745	interaction_vs_onu	133.648862956072	-0.471169987930713	0.171834274612472	-2.74200236823134	0.00610659013310646	0.0125594453482439
gene_5444	interaction_vs_onu	238.769104745524	0.870032905637349	0.317404204645991	2.7410881547953	0.006123607556533	0.0125914198135773
gene_5813	interaction_vs_onu	1323.35619304998	0.347896441255268	0.126945854051452	2.74051046294323	0.00613438288274859	0.0126105469443631
gene_4654	interaction_vs_onu	989.95751808009	0.264523894901089	0.0965651288792875	2.73933145402582	0.00615642720465726	0.0126497880153303
gene_2156	interaction_vs_onu	3447.4321414524	-0.259985670246248	0.0949069519509236	-2.7393743545856	0.00615562382963291	0.0126497880153303
gene_3418	interaction_vs_onu	9.33743689093727	-2.53636434343188	0.926063233146443	-2.73886733934376	0.00616512446118726	0.0126646185235812
gene_2527	interaction_vs_onu	891.700317398785	-0.421873826165796	0.154061697545542	-2.7383433578037	0.00617495688570929	0.0126817732585584
gene_6880	interaction_vs_onu	2305.55428820772	-0.227522696293591	0.0831182831318364	-2.73733633228096	0.00619389320343499	0.0127176123342297
gene_5212	interaction_vs_onu	1256.75421307031	0.53750254838843	0.196449748974672	2.7360816249133	0.00621756013325511	0.012760085049308
gene_3814	interaction_vs_onu	2535.29769383763	-0.163145177105912	0.0596271071661049	-2.73609076240164	0.00621738748338948	0.012760085049308
gene_6912	interaction_vs_onu	19519.9512924513	0.130809276131308	0.0478349645563237	2.73459544382614	0.00624569855249048	0.0128147602131636
gene_2236	interaction_vs_onu	583.498939866762	-0.290351671402084	0.1061976266698	-2.73406930556813	0.00625568756740395	0.012832179625444
gene_189	interaction_vs_onu	418.809083868309	0.330508954841377	0.120892414730631	2.73390977901969	0.00625871910394972	0.0128353223598011
gene_2206	interaction_vs_onu	1381.57210405128	0.263830530849674	0.0965116054162644	2.73366637837746	0.00626334707638317	0.0128417367602012
gene_1228	interaction_vs_onu	1425.89684879621	-0.346461148109429	0.126757964009085	-2.73324955017893	0.00627127972211611	0.0128549220357552
gene_575	interaction_vs_onu	501.594882085	-0.295160566450659	0.107998347781924	-2.73301001832604	0.0062758423368215	0.0128611947338262
gene_3751	interaction_vs_onu	5561.54681737607	-0.233698759235665	0.0855202371379228	-2.7326720207612	0.0062822856143905	0.0128713175823798
gene_7933	interaction_vs_onu	3976.3388083046	0.44849289509148	0.1641367777993	2.73243389510106	0.00628682859967135	0.0128775431474484
gene_6150	interaction_vs_onu	265.57390422529	-0.40340997301231	0.147721348675917	-2.73088471387669	0.00631645630290386	0.0129351353954203
gene_6173	interaction_vs_onu	191.939139661363	0.898001438203562	0.328964673281623	2.72978076717311	0.0063376456272878	0.0129754237191063
gene_963	interaction_vs_onu	2753.1044782334	-0.271171590569809	0.0993856407967722	-2.72847856486946	0.00636272252282812	0.0130236501184621
gene_2851	interaction_vs_onu	12563.8444534143	-0.422739261026142	0.154972923022307	-2.72782659565177	0.00637531120109237	0.0130462978439758
gene_6418	interaction_vs_onu	2037.31649001942	0.245526780537915	0.0900851106480814	2.72549790716324	0.00642045834826255	0.0131355457603077
gene_7645	interaction_vs_onu	1291.41335803037	0.216142192736362	0.0793220114048626	2.72487029650778	0.00643267517884786	0.0131573953478943
gene_6709	interaction_vs_onu	958.040355026172	0.411901720065507	0.151190455946256	2.72438969435958	0.00644204453327751	0.0131734116590672
gene_2406	interaction_vs_onu	13777.028730784	-0.430148236111614	0.157907469349192	-2.72405249659469	0.00644862554168451	0.0131837197604059
gene_3262	interaction_vs_onu	2532.54010022028	0.172469857247123	0.0633474936275486	2.72259954373505	0.00647705170956796	0.0132386730262421
gene_1384	interaction_vs_onu	3974.68205524625	-0.286478896469694	0.105230799236535	-2.72238639778601	0.00648123125214561	0.0132440533584069
gene_4829	interaction_vs_onu	829.684617775753	0.477175474528484	0.175304624776442	2.72197881337703	0.00648923026125358	0.0132572341375491
gene_1683	interaction_vs_onu	14953.41846983	-0.182506041134159	0.0670634710535381	-2.72139270853518	0.00650074837302315	0.0132775962951749
gene_1663	interaction_vs_onu	50757.3402839112	-0.427939685036099	0.157261100522939	-2.72120494905018	0.0065044421030973	0.0132819714700651
gene_348	interaction_vs_onu	1294.24393644929	0.201043491736495	0.0739062646294841	2.72024966685018	0.00652326430533052	0.0133172292996969
gene_3416	interaction_vs_onu	444.558931267181	-0.349642791957368	0.128540459460873	-2.7200991300626	0.00652623483941921	0.013320116887322
gene_6263	interaction_vs_onu	16.0854657105777	-1.62968925172495	0.599516878311291	-2.7183375659338	0.00656108621698848	0.013384866067069
gene_3511	interaction_vs_onu	2006.51070456693	-0.428423010936537	0.157600844206846	-2.71840555862915	0.00655973792721977	0.013384866067069
gene_1059	interaction_vs_onu	1227.02250826454	-0.321297493408738	0.118247492039981	-2.71716116651423	0.0065844536177237	0.0134293359465606
gene_855	interaction_vs_onu	843.884534940672	0.379523095299568	0.139703141405877	2.71663966522375	0.00659483637559975	0.0134473080931715
gene_4291	interaction_vs_onu	1115.58110586769	-0.31047733143541	0.114303659904194	-2.71625013315971	0.0066026013132382	0.0134599350419907
gene_2058	interaction_vs_onu	758.890040803918	0.437692233823598	0.161178528469306	2.71557407788935	0.00661609732639226	0.0134834863827127
gene_6547	interaction_vs_onu	2222.33135743892	0.24881850461697	0.0916285222500671	2.71551366874508	0.00661730447357195	0.0134834863827127
gene_4669	interaction_vs_onu	150.372242990073	-0.551303964224249	0.203310950550719	-2.71162946575629	0.00669533892492295	0.0136392435024608
gene_227	interaction_vs_onu	258.231631729398	-0.406863522109998	0.150050065295974	-2.71151846090475	0.00669758114365087	0.0136405649749349
gene_6507	interaction_vs_onu	1401.14821909161	-0.337704185430323	0.124588523081633	-2.7105561337223	0.00671704777482656	0.0136769574102082
gene_6059	interaction_vs_onu	6830.28538681932	0.352185686902911	0.129957032395035	2.7100163832024	0.00672798847674423	0.013695976542433
gene_8099	interaction_vs_onu	297.011537488345	-0.349794185620984	0.129083222536294	-2.709834622564	0.00673167635460944	0.0137002257716255
gene_3346	interaction_vs_onu	1173.33628947488	-0.209163855346488	0.0771916545013256	-2.709669286113	0.00673503256783527	0.0137037981413525
gene_7607	interaction_vs_onu	392.625429425107	0.524432841731881	0.193552520488022	2.70951181834046	0.00673823045071921	0.0137070467343528
gene_8537	interaction_vs_onu	1914.41818547311	-0.407132047796693	0.150272869906923	-2.70928510281906	0.00674283702591694	0.0137131586937156
gene_3551	interaction_vs_onu	1084.00184436059	-0.425963251980684	0.15725219732885	-2.70879046026873	0.00675289736874302	0.0137270960523487
gene_6815	interaction_vs_onu	1001.473716153	-0.273833631322616	0.101089375187741	-2.7088270237506	0.00675215325678457	0.0137270960523487
gene_8511	interaction_vs_onu	691.818590344624	0.580927577637547	0.214530297350472	2.70790459348734	0.00677094839015376	0.0137605218945195
gene_7874	interaction_vs_onu	1871.66635280568	-0.313377551330524	0.11574247823043	-2.70754139812546	0.00677836163057577	0.0137723179581601
gene_6294	interaction_vs_onu	5602.1803924481	0.16631071555581	0.0614434203845633	2.70672945150027	0.00679496079440782	0.0138027680114217
gene_7679	interaction_vs_onu	1678.08810915975	0.29884343390819	0.110450526124841	2.70567687084089	0.00681653376917454	0.0138433046415502
gene_8009	interaction_vs_onu	555.67662033819	0.43336010386648	0.160264594888879	2.70402894767216	0.00685043210153142	0.0139088469613636
gene_4813	interaction_vs_onu	465.68779385184	0.667700792340198	0.247021066768626	2.70301153288114	0.00687143621388713	0.0139481844891804
gene_8490	interaction_vs_onu	4904.71461610618	0.246717462076501	0.0912963404127782	2.70238063169911	0.00688448995724821	0.0139713689032823
gene_5420	interaction_vs_onu	727.781189647365	-0.465412772634019	0.172331944923614	-2.70067614475257	0.00691986834176956	0.0140398371665199
gene_2395	interaction_vs_onu	1107.39845940214	-0.222762343836698	0.0824864459256788	-2.70059330762546	0.00692159186578824	0.0140400062490871
gene_6497	interaction_vs_onu	1366.71434969735	0.486212971881362	0.180067212415699	2.70017492556558	0.00693030269108006	0.0140510163514082
gene_8486	interaction_vs_onu	388.540761282322	0.46847029498941	0.173495322988446	2.70018976258286	0.00692999361211122	0.0140510163514082
gene_2740	interaction_vs_onu	2424.66886991023	0.292394731470324	0.108304871746974	2.69973757185576	0.00693941903736662	0.01406616788062
gene_1231	interaction_vs_onu	1363.08764089797	0.354945650096629	0.131504420353595	2.69911573422577	0.00695239937385695	0.0140891426705056
gene_5576	interaction_vs_onu	3.11814837888343	-4.38526686287452	1.62515336925083	-2.69837108659847	0.00696797195763335	0.0141140179738148
gene_6755	interaction_vs_onu	6105.25596165576	-0.347566673938555	0.128804333280489	-2.69840823741295	0.00696719429232435	0.0141140179738148
gene_1774	interaction_vs_onu	462.387583747159	0.74170943736007	0.274963769659871	2.69748061090943	0.00698663532641647	0.014148473715194
gene_978	interaction_vs_onu	403.344480537278	0.310146800445266	0.1150138289256	2.69660442872389	0.00700504292811096	0.014180034406284
gene_5849	interaction_vs_onu	5157.40597551493	0.164272663912275	0.0609188661531538	2.69658111330049	0.00700553335329146	0.014180034406284
gene_2249	interaction_vs_onu	2076.65623279149	-0.216952641582133	0.0804656916268231	-2.69621297221053	0.00701328105649036	0.0141923607195171
gene_3264	interaction_vs_onu	222.374829205502	0.461167842290401	0.171049615362223	2.6961056960801	0.00701554018074733	0.0141935769196873
gene_1178	interaction_vs_onu	4226.56967088815	-0.335742743031572	0.124567825632739	-2.69526052434627	0.00703336149125158	0.0142262699350457
gene_5717	interaction_vs_onu	580.956969914678	0.389087583213523	0.144395757495389	2.69459151683142	0.0070474970133771	0.0142514940785514
gene_1294	interaction_vs_onu	736.727939124317	-0.334233196778184	0.124066796984666	-2.69397779987416	0.00706048672558654	0.014274389790038
gene_3754	interaction_vs_onu	2993.3139560096	0.189733131050515	0.0704474096825421	2.69325915467313	0.00707572463412212	0.014301818859052
gene_6881	interaction_vs_onu	839.459934616781	0.40686017116348	0.151172274387022	2.6913676652232	0.00711597236781773	0.0143797741899244
gene_5600	interaction_vs_onu	6.88686138125733	-3.41314681739636	1.26829730508948	-2.69112518310963	0.0071211468173041	0.0143834395366029
gene_2061	interaction_vs_onu	561.958772714419	-0.506713398448995	0.188288501377357	-2.69115423800346	0.0071205266220298	0.0143834395366029
gene_5554	interaction_vs_onu	2.87016511162973	-4.8779071611828	1.81324413284152	-2.69015466413707	0.00714189104956318	0.0144219361604767
gene_2246	interaction_vs_onu	541.380664077569	0.4174383540308	0.155195369050716	2.68976037483686	0.00715033421984397	0.0144355804061001
gene_1023	interaction_vs_onu	2403.2047538889	-0.334266473197753	0.124348277133954	-2.68814720157051	0.00718497153509639	0.0145020882670184
gene_2301	interaction_vs_onu	559.40406822386	-0.308650218195236	0.114847641989568	-2.68747544876256	0.00719943946301675	0.0145278646401281
gene_7771	interaction_vs_onu	1705.32726180548	0.235770544428252	0.0877715766070131	2.68618331289509	0.00722734248111514	0.0145772977470183
gene_5719	interaction_vs_onu	2702.73249333097	0.194505717248717	0.0724079509014453	2.68624805462951	0.00722594210992501	0.0145772977470183
gene_3083	interaction_vs_onu	2220.50051797446	-0.184100714212221	0.0685779247323039	-2.68454775980556	0.00726280057747084	0.0146453646509188
gene_6758	interaction_vs_onu	17447.4440047407	0.469983378812772	0.17509668316512	2.68413638863489	0.0072717434639012	0.014659944430286
gene_4626	interaction_vs_onu	9.30292814035736	-1.94277303045974	0.724057425206139	-2.68317534331843	0.00729267435364318	0.014688304109926
gene_1249	interaction_vs_onu	1789.77496213676	0.28500742155206	0.106214134775431	2.68332856219797	0.0072893337363215	0.014688304109926
gene_5668	interaction_vs_onu	1271.72100129317	0.242814460928038	0.0904949253974115	2.68318317145089	0.00729250364428796	0.014688304109926
gene_7094	interaction_vs_onu	35095.415550505	-0.227773688774927	0.0848857170116574	-2.68329816597587	0.0072899963531911	0.014688304109926
gene_8122	interaction_vs_onu	696.49248605103	-0.244840783164709	0.0912698947365285	-2.6826017918778	0.00730519164288174	0.014710054213848
gene_3849	interaction_vs_onu	20845.2349344198	-0.321114361856708	0.119746707180851	-2.6816132937312	0.00732681005212706	0.0147501161914882
gene_2663	interaction_vs_onu	5317.15665960525	-0.345525439010282	0.128885671564372	-2.68086773972938	0.00734315323735863	0.0147792696495274
gene_21	interaction_vs_onu	1818.28257049683	-0.271547705141379	0.101293714041662	-2.68079522713218	0.00734474451975343	0.0147792696495274
gene_7672	interaction_vs_onu	764.345479568766	-0.361374934199057	0.134815460809167	-2.68051551379992	0.00735088570232757	0.0147881507901114
gene_7688	interaction_vs_onu	85.5142308937343	0.541914976259008	0.202362622495747	2.67794007398969	0.00740764702572297	0.0148959723128036
gene_2493	interaction_vs_onu	3105.84548769416	-0.257383206450625	0.0961128956863975	-2.67792583515982	0.00740796193172955	0.0148959723128036
gene_2955	interaction_vs_onu	2050.63888346953	0.1838304123664	0.0686551167064424	2.67759230753954	0.00741534166529126	0.014907309688796
gene_547	interaction_vs_onu	434.24183215911	0.316131040425095	0.11808091109726	2.67724086380656	0.00742312495051288	0.0149194528237592
gene_5482	interaction_vs_onu	625.081831330699	0.51237747017983	0.191469974408911	2.6760199439186	0.00745022115686051	0.0149703974419545
gene_5800	interaction_vs_onu	91.391170835774	0.540180121234435	0.201992788036786	2.67425449435383	0.0074895591392089	0.0150459108734166
gene_4020	interaction_vs_onu	1119.93266556225	0.671307977514956	0.251057158355034	2.67392486202534	0.00749692465256027	0.0150571738681173
gene_2353	interaction_vs_onu	771.929156890535	-0.437717589802051	0.163851197586302	-2.6714335705206	0.00755280203389927	0.0151658422261735
gene_7026	interaction_vs_onu	2136.4698525129	-0.305397251269559	0.114337682137325	-2.67101138977753	0.00756230807448005	0.0151813689300069
gene_5084	interaction_vs_onu	2063.17606673907	-0.289739583227546	0.108489112276926	-2.67067890174975	0.00756980209645008	0.0151928501630979
gene_6174	interaction_vs_onu	249.215186798553	0.738996332976707	0.276742115723345	2.6703428606995	0.00757738296531238	0.0152009370009548
gene_2300	interaction_vs_onu	126.512478805847	0.612790698199068	0.229479568712131	2.670349703192	0.00757722853524422	0.0152009370009548
gene_1899	interaction_vs_onu	84.8262628560751	-0.539153156209748	0.201947928550872	-2.66976324084419	0.00759047481077941	0.0152236327039062
gene_4707	interaction_vs_onu	1710.77706546782	-0.362191971186691	0.135743749736308	-2.66820366971058	0.00762580151154902	0.0152909020704754
gene_4797	interaction_vs_onu	1140.92324807156	-0.266795322976165	0.0999946219246007	-2.66809672201509	0.00762822943368685	0.0152921882792411
gene_5760	interaction_vs_onu	1419.30093091878	-0.185891396686747	0.069691022613683	-2.66736503089064	0.00764485885064573	0.0153219367271195
gene_2888	interaction_vs_onu	1170.68036010618	-0.186103108809199	0.0697733240419793	-2.66725301344722	0.00764740757898584	0.0153234571339229
gene_6867	interaction_vs_onu	1235.31666762499	-0.212640092149556	0.0797281204417882	-2.66706515808072	0.00765168355422119	0.0153284369820111
gene_3881	interaction_vs_onu	56.9260316641964	-0.9135896862438	0.342566908046061	-2.66689415931839	0.00765557770148156	0.0153326497718021
gene_6793	interaction_vs_onu	3491.30980895058	0.354797116031331	0.133082944407405	2.66598486839301	0.00767631479616465	0.0153705858842502
gene_7347	interaction_vs_onu	4267.26357620549	-0.448676666228614	0.168327942114644	-2.66549130579303	0.00768759194706811	0.015389566666722
gene_934	interaction_vs_onu	1050.53387238494	0.346811370828287	0.130215703052185	2.66336058324163	0.00773644629700723	0.0154837456867856
gene_342	interaction_vs_onu	1160.19685433549	0.539324097928398	0.202567496187007	2.66244144830868	0.0077576064722612	0.01552246643351
gene_8521	interaction_vs_onu	2520.44086877055	0.567069338883527	0.213022161320246	2.66202039904677	0.00776731710831629	0.015538264652299
gene_785	interaction_vs_onu	1640.50863190767	0.224327601317516	0.0842843942345757	2.6615555982188	0.00777804943115708	0.0155524651087841
gene_4310	interaction_vs_onu	1480.79640472477	-0.20258221345235	0.0761131862899811	-2.66159154972884	0.00777721883137503	0.0155524651087841
gene_2957	interaction_vs_onu	22805.4263218015	0.21880746851502	0.0822171972048167	2.66133456203736	0.00778315785089532	0.0155590451199589
gene_6743	interaction_vs_onu	809.821681130423	0.429262472581377	0.161361268733603	2.66025717292829	0.00780810070864979	0.0156052631487374
gene_3799	interaction_vs_onu	3825.09233192356	0.166359548812659	0.0625440558941759	2.6598778482505	0.00781689956375492	0.0156192017427036
gene_2125	interaction_vs_onu	31.5193637921125	-0.979084088499206	0.368161542261591	-2.6593871877132	0.00782829415352924	0.0156383192425228
gene_1625	interaction_vs_onu	731.36985283574	-0.340083739922915	0.127947959795397	-2.65798485936584	0.00786094245062904	0.0156998757296744
gene_4174	interaction_vs_onu	933.765292546155	-0.285620006898175	0.107544040594217	-2.65584225141653	0.00791106114200685	0.0157962872347979
gene_564	interaction_vs_onu	6365.27890480838	0.279895840266865	0.105393303330384	2.65572699044696	0.00791376535664291	0.0157980017380745
gene_256	interaction_vs_onu	122.33245916097	0.756785430283796	0.285023401382914	2.65516945840912	0.00792685768003827	0.0158130742813161
gene_7994	interaction_vs_onu	524.083798543254	-0.36874811259816	0.138878707679162	-2.65518104798357	0.00792658532893538	0.0158130742813161
gene_3947	interaction_vs_onu	15455.7948458748	0.285189974787682	0.107403327299879	2.65531787475641	0.00792337057925426	0.0158130742813161
gene_6593	interaction_vs_onu	216.78225514054	0.722487380811315	0.272313459610982	2.65314605397558	0.00797453566289575	0.0159044793276765
gene_5060	interaction_vs_onu	1014.58785233997	0.317164480357843	0.119562055550923	2.65271853094528	0.00798464229627134	0.0159209266378017
gene_4569	interaction_vs_onu	11.8372173471625	-1.86221272901376	0.702137272031856	-2.65220606167916	0.00799677217029489	0.0159413995756228
gene_7956	interaction_vs_onu	1143.14187484067	0.519190526375606	0.195794302516329	2.65171416993764	0.00800843050249861	0.0159572078913846
gene_8153	interaction_vs_onu	1463.31852212171	0.302552440287667	0.114096012200665	2.65173545027637	0.00800792582214058	0.0159572078913846
gene_2116	interaction_vs_onu	2522.20750079768	-0.214823290346152	0.0810218810311797	-2.65142314165085	0.00801533533112899	0.0159672493447671
gene_6224	interaction_vs_onu	1743.03143760043	-0.26938059301335	0.10161976297604	-2.65086814930737	0.00802851764965528	0.0159897885251394
gene_8517	interaction_vs_onu	1500.65119957133	-0.241782597602129	0.0912247536040455	-2.65040559771276	0.00803951911954395	0.0160079747995572
gene_26	interaction_vs_onu	3411.16916531267	0.250572958137878	0.0945700063086456	2.64960284892114	0.0080586439869166	0.0160423238437223
gene_1738	interaction_vs_onu	561.977463928383	0.304461684585868	0.114928955387525	2.64912948664037	0.00806994055731046	0.0160610767660027
gene_3267	interaction_vs_onu	368.067075142187	-0.424907836339226	0.160428702872381	-2.64857739750745	0.008083133815434	0.0160835949465632
gene_2631	interaction_vs_onu	2839.69606104119	-0.310450835243619	0.117243644075174	-2.64791185648038	0.00809906389694222	0.0161115470503893
gene_3230	interaction_vs_onu	831.703408163415	-0.290498358217411	0.109750230638089	-2.64690430743016	0.00812323360468783	0.016155873526052
gene_6627	interaction_vs_onu	688.388777382431	0.422199787055834	0.159637448870129	2.64474150673324	0.00817533437160643	0.016255717124495
gene_8337	interaction_vs_onu	918.691022049532	0.214013680241099	0.0809394168751209	2.64412184450617	0.00819031673647841	0.0162817257929064
gene_6572	interaction_vs_onu	6.83537423678014	1.74923839496074	0.661698125624112	2.64355954357717	0.00820393346514656	0.016305008233493
gene_1882	interaction_vs_onu	1236.44712159727	-0.352842508441067	0.133506621515558	-2.6428839591297	0.00822032026808702	0.0163337840052983
gene_674	interaction_vs_onu	682.531056271284	0.329017724220906	0.124523214785268	2.64221996507458	0.00823645447251983	0.0163620446239893
gene_4459	interaction_vs_onu	374.405103286492	0.297735420318644	0.112708039850137	2.64165201270939	0.00825027746592144	0.0163857018812732
gene_5609	interaction_vs_onu	283.558524513024	0.675868128062227	0.255901574051312	2.64112532549997	0.00826311468263122	0.0164073907871313
gene_385	interaction_vs_onu	1548.84463955214	-0.469207103674481	0.177666759782031	-2.64093916189007	0.00826765641677933	0.0164126017921222
gene_1289	interaction_vs_onu	626.32724636912	-0.242362774256421	0.0917791424901821	-2.64071735342643	0.00827307067534859	0.0164195420776684
gene_8125	interaction_vs_onu	793.57398470219	0.315341506149522	0.119423961974753	2.64052122317117	0.00827786078139464	0.0164252406788915
gene_7885	interaction_vs_onu	1065.51335279496	0.512642089272025	0.19424869532682	2.63910184008965	0.0083126005219873	0.0164903500505704
gene_828	interaction_vs_onu	1068.93304521944	0.302188709648156	0.114670707000048	2.63527379880923	0.00840694389415012	0.0166736421997046
gene_1281	interaction_vs_onu	964.584300674646	-0.238577657722868	0.0905405456241329	-2.63503666869086	0.00841281942328479	0.0166814302208288
gene_1914	interaction_vs_onu	2345.6320712146	0.222694274425181	0.0845176542251428	2.63488470505766	0.00841658665703656	0.016685035151513
gene_6070	interaction_vs_onu	1865.4941870292	-0.222583266586033	0.0844785922784907	-2.63478901083328	0.00841895972581552	0.0166858752611671
gene_5888	interaction_vs_onu	439.555289819712	0.7271455576519	0.275991256830181	2.63466881524916	0.00842194123828541	0.0166879206017878
gene_1981	interaction_vs_onu	446.244641403166	-0.383776333902028	0.145682528874642	-2.6343332784418	0.00843026939752119	0.0167005568254528
gene_8226	interaction_vs_onu	69.5651782724052	0.771540041708074	0.292894633492404	2.6341897511348	0.00843383405189057	0.0167037527728328
gene_444	interaction_vs_onu	2258.60159262967	-0.176894614061444	0.0671652335766251	-2.63372290456839	0.00844543801149253	0.0167228659214379
gene_1568	interaction_vs_onu	1382.59326220618	0.195083138504055	0.0741233219300248	2.63187257970198	0.00849157034234258	0.0168103242669872
gene_7169	interaction_vs_onu	4216.82195725071	0.174033510395084	0.0661416470490812	2.63122432173393	0.00850778594398026	0.0168385312556002
gene_3497	interaction_vs_onu	976.647206019156	0.563125100400346	0.214030064486725	2.63105607032732	0.0085119991278164	0.0168429756204596
gene_780	interaction_vs_onu	4323.2135318987	0.222746258476918	0.0846834475804603	2.63033998781498	0.00852995142556098	0.0168745976895775
gene_6275	interaction_vs_onu	2181.53315276164	0.364466050054489	0.138581909696296	2.62996844864688	0.00853927930184301	0.0168891476025361
gene_138	interaction_vs_onu	344.316513731192	0.677675387622124	0.257723606890089	2.62946571251089	0.00855191553329472	0.0169102326091483
gene_5074	interaction_vs_onu	438.943335751081	-0.333470538465279	0.12687750494941	-2.62828732798807	0.00858159967164882	0.0169650099744374
gene_4579	interaction_vs_onu	1601.72744612493	0.2636668646408	0.100400645921663	2.62614709517431	0.00863574894363749	0.0170681161296553
gene_5996	interaction_vs_onu	1501.97555690985	0.197087793514638	0.0750516266782819	2.62602960438792	0.00863873036023891	0.0170700673784961
gene_1448	interaction_vs_onu	858.241201775235	-0.241926511250476	0.0921293405482565	-2.62594424111564	0.00864089709416634	0.0170704082912679
gene_7386	interaction_vs_onu	1344.63311663588	-0.262090326608657	0.0998205440329291	-2.62561508903616	0.00864925634776657	0.0170829797731615
gene_4337	interaction_vs_onu	1858.37847788971	0.238509411322906	0.0908764936098272	2.62454460827826	0.00867649262906391	0.0171328205086014
gene_293	interaction_vs_onu	1974.78647374379	-0.31019112012836	0.118195083187756	-2.62439952460302	0.00868018989084094	0.017136168234686
gene_4929	interaction_vs_onu	1455.68696632206	-0.296647348060605	0.113052539286324	-2.62397775346997	0.0086909461573147	0.0171534468772455
gene_3561	interaction_vs_onu	465.044711148536	0.583501954252579	0.222459206680872	2.62296158904154	0.00871690994527619	0.0172007259408862
gene_6337	interaction_vs_onu	228.978510387849	1.47356166248476	0.562411346029614	2.6200781205562	0.00879096262224354	0.0173428532026745
gene_4849	interaction_vs_onu	3297.26617870737	0.257271933726615	0.0982062454432181	2.61971051398526	0.00880044370788752	0.017357557175004
gene_6076	interaction_vs_onu	1454.72712821834	0.25806700951286	0.0985205573688404	2.61942295501548	0.00880786662172663	0.017368195872375
gene_3110	interaction_vs_onu	560.829316382997	0.321377115443331	0.122787207138398	2.61735015343329	0.00886153865201468	0.0174700071076107
gene_2140	interaction_vs_onu	1855.42890306442	-0.260051212646061	0.0993919008527303	-2.61642256979651	0.00888565149752076	0.0175135106651572
gene_2809	interaction_vs_onu	16294.8580993665	-0.236373839885745	0.0903629964026324	-2.61582560667343	0.00890120073269857	0.0175401193075276
gene_3440	interaction_vs_onu	7.60619183185024	-2.28911287396827	0.875855465121257	-2.61357377458546	0.00896007370256421	0.0176520669491253
gene_5404	interaction_vs_onu	17.6302462411656	1.38435522503785	0.52977814076823	2.61308483402203	0.00897290265613233	0.0176732735242735
gene_7805	interaction_vs_onu	11423.844123498	0.128670842640539	0.0492695487969502	2.61156933201921	0.00901277108795817	0.017747715783971
gene_5462	interaction_vs_onu	1394.65397276084	0.201416223841023	0.077184962890922	2.60952673029934	0.00906675622527968	0.0178499156597043
gene_1262	interaction_vs_onu	145.750900991812	0.495279994435076	0.189840581600981	2.60892581690508	0.00908269298993727	0.017877179120226
gene_4858	interaction_vs_onu	2300.4487738015	0.364897248055334	0.139919789997316	2.60790305690378	0.0091098750200836	0.0179265586602105
gene_6644	interaction_vs_onu	150.029703851316	-0.584806069704186	0.22426388726072	-2.60766937043374	0.00911609591975342	0.0179346773323579
gene_8035	interaction_vs_onu	52.6996511984165	-0.793091501677089	0.304287821037525	-2.60638595055463	0.00915032912232373	0.0179978900016294
gene_6682	interaction_vs_onu	3488.67428624725	0.243079314790856	0.0932744400708348	2.6060656553527	0.00915889036438911	0.018010590746421
gene_6779	interaction_vs_onu	2141.87643284093	0.289364783933494	0.111077024382151	2.60508224399277	0.00918522088072828	0.0180582201972977
gene_2150	interaction_vs_onu	1055.90324671334	0.298518202804248	0.114620303032474	2.60440947115339	0.00920327305261171	0.0180895562182219
gene_5235	interaction_vs_onu	2053.70547724618	0.185684568866595	0.071314234175196	2.60375184581563	0.00922094937608509	0.0181201392698091
gene_4790	interaction_vs_onu	1527.13664818085	0.519886830969936	0.199867686450958	2.60115499509473	0.00929104659325447	0.0182536972316406
gene_3318	interaction_vs_onu	865.237309331688	-0.27443375452582	0.105543791470694	-2.6001885160817	0.00931725608604832	0.0183009894668595
gene_4944	interaction_vs_onu	4077.6312752253	0.378691025410613	0.145709454289615	2.59894615113938	0.00935104409282358	0.0183631423341523
gene_421	interaction_vs_onu	384.114056835856	-0.342368092628157	0.131842092001437	-2.59680415738872	0.00940955565748985	0.018469570380214
gene_7047	interaction_vs_onu	1377.92557572152	0.181678653334678	0.0699615199432385	2.59683685377445	0.00940866006087826	0.018469570380214
gene_1548	interaction_vs_onu	538.928869115057	-0.401409298598165	0.154631350216995	-2.59591148906652	0.00943403640412608	0.0185133772625675
gene_1239	interaction_vs_onu	1365.36454611565	-0.291378692192634	0.112301010335712	-2.59462217945848	0.00946949501908467	0.0185762945246338
gene_76	interaction_vs_onu	1508.44470569787	-0.222607968554726	0.0857970409192282	-2.59458795046668	0.00947043800297922	0.0185762945246338
gene_201	interaction_vs_onu	1490.01752051889	-0.324429047216543	0.125074694811345	-2.59388238129138	0.00948989458725993	0.0186101941963219
gene_5646	interaction_vs_onu	6.76742924388857	1.88847126078213	0.728115313805444	2.59364310154688	0.00949650099090684	0.0186188842148792
gene_8334	interaction_vs_onu	449.692230010876	0.253835496234114	0.0979460356103233	2.59158519946631	0.00955348826182307	0.0187263245983983
gene_8118	interaction_vs_onu	504.113196656802	0.572658767821843	0.220992603187279	2.59130287422583	0.00956133013169258	0.0187374052031338
gene_1718	interaction_vs_onu	177.26250465489	-0.41874678062137	0.161633397620071	-2.59071941063603	0.00957755461486676	0.0187639953452541
gene_4415	interaction_vs_onu	1116.81230697255	0.32985424220846	0.12732453646731	2.59065731838065	0.00957928267041596	0.0187639953452541
gene_5909	interaction_vs_onu	113.96088467589	-0.470828692806005	0.181756638801789	-2.59043463782062	0.0095854822575907	0.0187718435426622
gene_8557	interaction_vs_onu	1448.3350930225	0.350287860934275	0.135250813258364	2.58991315834187	0.00960001462249033	0.0187917048178635
gene_866	interaction_vs_onu	2253.26073360222	-0.275513980687254	0.106377677278901	-2.58996048545891	0.00959869492081529	0.0187917048178635
gene_8495	interaction_vs_onu	313.829419147309	0.382205984404432	0.147580926533468	2.58980610423094	0.00960300038932973	0.0187932517907322
gene_5029	interaction_vs_onu	16412.2893891171	-0.216079895131854	0.0834533026732418	-2.58923120128519	0.00961904874728067	0.0188203559489652
gene_6082	interaction_vs_onu	4071.40063170678	-0.316961547538614	0.122465369566738	-2.58817287417636	0.00964865437694419	0.0188739674283917
gene_5723	interaction_vs_onu	343.060121349105	-0.361763420974793	0.139789779534704	-2.58791037641619	0.00965601004724931	0.0188840406681412
gene_3731	interaction_vs_onu	2702.83588742763	0.249425769619907	0.096391226574599	2.58763975191115	0.00966359867701188	0.0188945647956194
gene_7698	interaction_vs_onu	537.267596010982	-0.230332696621266	0.0890674030717461	-2.58604931408774	0.00970830395391753	0.0189776391517547
gene_640	interaction_vs_onu	1944.12348411939	-0.240752191456275	0.0931139682290983	-2.58556472283435	0.00972196181820124	0.0189999984392243
gene_2974	interaction_vs_onu	710.121587981307	-0.270674760873906	0.104694469436355	-2.5853778363952	0.00972723365553453	0.0190059621299648
gene_7609	interaction_vs_onu	3763.16284317529	0.22405961234642	0.0866868834127936	2.58470028596451	0.00974636789301395	0.0190390025477406
gene_2813	interaction_vs_onu	437.51821450926	0.254392224936984	0.0984419628195706	2.58418480951306	0.00976094757172957	0.0190631328345893
gene_632	interaction_vs_onu	5229.37695329382	0.296098052862215	0.114613703554749	2.58344372163818	0.0097819424791726	0.0190997781983845
gene_5978	interaction_vs_onu	5623.91854909687	-0.359265219178027	0.139203340606287	-2.58086636149162	0.00985527240875125	0.0192338680520335
gene_5493	interaction_vs_onu	341.515117458414	-0.30724083502331	0.119044004038578	-2.58090138604329	0.00985427263157169	0.0192338680520335
gene_4513	interaction_vs_onu	1374.24509913977	0.256406079626609	0.0993516515301186	2.58079333033411	0.00985735737666718	0.0192338680520335
gene_3224	interaction_vs_onu	2912.48060823425	-0.178007616998138	0.0689810553388507	-2.58052904705101	0.00986490569007256	0.0192442098238426
gene_3782	interaction_vs_onu	931.707872493261	-0.255314329284703	0.0989852005844765	-2.57931819885349	0.00989955515992515	0.0193074030915833
gene_7630	interaction_vs_onu	1385.60810749073	-0.256975145391418	0.0996341341201063	-2.57918782213374	0.00990329246098553	0.0193102923612839
gene_2691	interaction_vs_onu	1654.66780484594	0.263090957609265	0.102017790178366	2.57887332345939	0.00991231286554061	0.0193234794190452
gene_7078	interaction_vs_onu	3432.48775036115	0.273957600069352	0.106244379905007	2.57856086424804	0.00992128202245552	0.0193365605902139
gene_7685	interaction_vs_onu	1397.4204146287	0.221288198959395	0.0858797112206063	2.57672267191204	0.0099741939528821	0.0194352606958049
gene_912	interaction_vs_onu	3372.79662661226	0.189709706153544	0.0736367389398584	2.5762915208465	0.00998664086800585	0.019455085532574
gene_3166	interaction_vs_onu	381.769316847698	-0.345364105113287	0.134076716027917	-2.57586936303972	0.00999884155988303	0.0194744217867119
gene_3995	interaction_vs_onu	866.547376689131	0.333791156222991	0.129660579545124	2.57434570625859	0.0100429869402313	0.0195559527316607
gene_4418	interaction_vs_onu	157.479031982817	0.428235066902144	0.166354443678962	2.57423280936558	0.0100462648337948	0.0195578865083656
gene_3915	interaction_vs_onu	697.240867148619	0.442451376582472	0.171892027972631	2.57400754299624	0.0100528081551191	0.0195617271670424
gene_387	interaction_vs_onu	3453.90022451357	-0.323587337613627	0.125711546097131	-2.57404628023274	0.0100516826829	0.0195617271670424
gene_1099	interaction_vs_onu	1377.18199434549	0.220476012856742	0.0856645179316855	2.57371451074486	0.010061325554443	0.0195738515331892
gene_1831	interaction_vs_onu	2815.73087196216	0.453592082719199	0.176300753036106	2.57283122679745	0.0100870383544249	0.0196194156586861
gene_2001	interaction_vs_onu	2382.79522968169	0.418392256671356	0.162854708929365	2.56911365610451	0.0101959011055533	0.0198266500371504
gene_2104	interaction_vs_onu	764.547818537011	0.282271858891437	0.109875800392624	2.56900844301276	0.0101989972544587	0.0198281663634264
gene_6330	interaction_vs_onu	1272.10530251469	-0.211188500007058	0.0822167983580519	-2.56867822908085	0.0102087200321966	0.0198425620970942
gene_1087	interaction_vs_onu	1529.70759135189	-0.168898549148505	0.0657680108840775	-2.56809574864906	0.0102258906293909	0.0198714242423579
gene_5710	interaction_vs_onu	4749.67042256362	0.453363778166183	0.176575544510742	2.5675343628268	0.0102424637153186	0.0198991124382949
gene_4803	interaction_vs_onu	1425.97617708823	-0.355499893796803	0.13847161441361	-2.5673124076891	0.0102490228095454	0.0199073372474947
gene_4687	interaction_vs_onu	9.3594247823537	-1.85867231243604	0.724446557495223	-2.56564448157834	0.0102984321643809	0.0199987702647686
gene_1217	interaction_vs_onu	4478.15295492708	-0.380701661809811	0.148404133373142	-2.56530362838742	0.0103085553861557	0.0200138884339969
gene_2134	interaction_vs_onu	2653.77723839518	0.287698617749891	0.11215988759066	2.56507583887637	0.0103153255919205	0.0200224913983762
gene_7249	interaction_vs_onu	764.376523710926	0.501057253815506	0.195443179566148	2.5636978221894	0.0103563665169901	0.0200975963240616
gene_7557	interaction_vs_onu	2064.25796651984	0.448922905338173	0.175143522944207	2.56317160801419	0.0103720768437168	0.0201235217094777
gene_1733	interaction_vs_onu	24.5326376954368	-1.12244721313345	0.437981812613806	-2.56277128594648	0.0103840428133586	0.0201376090807316
gene_5925	interaction_vs_onu	1699.86101945592	0.272346452077164	0.106269193097397	2.56279777929202	0.0103832505251417	0.0201376090807316
gene_6731	interaction_vs_onu	979.413464252675	-0.381837933974392	0.149006068424101	-2.562566330437	0.0103901738624482	0.0201449350538066
gene_6137	interaction_vs_onu	52.5918149992422	-0.744205567628209	0.290443935744154	-2.56230368770297	0.0103980352785705	0.0201556118624464
gene_6608	interaction_vs_onu	283.651878954229	0.429502889263215	0.167636880008367	2.56210261871838	0.0104040572471572	0.0201588568245505
gene_8214	interaction_vs_onu	1163.5047017104	0.396352086446826	0.154698704606444	2.56209053240071	0.010404419328372	0.0201588568245505
gene_1693	interaction_vs_onu	478.771908578247	0.712580468472561	0.278178801920714	2.56159155029958	0.010419377596068	0.0201832704734878
gene_3126	interaction_vs_onu	435.205736839369	-0.36011576880317	0.140607474676124	-2.56114242598172	0.0104328576080823	0.0202048102093177
gene_813	interaction_vs_onu	920.246350719675	0.228251178345956	0.0891321153511173	2.56081859436196	0.0104425867117698	0.0202190776414272
gene_4320	interaction_vs_onu	1317.43287289564	0.171352285632824	0.0669393396779435	2.55981439998107	0.0104728077854769	0.02027300647754
gene_1885	interaction_vs_onu	3831.80697495607	-0.287397474920782	0.112308280112987	-2.55900521877504	0.0104972165529951	0.0203156621509468
gene_7236	interaction_vs_onu	771.509862833562	0.315094935767929	0.123193507919565	2.55772354476389	0.0105359815304317	0.0203860763789546
gene_4066	interaction_vs_onu	2199.33233791828	-0.247825941069151	0.0969002082152523	-2.55753775594202	0.0105416113761932	0.020392360085924
gene_3741	interaction_vs_onu	278.149251369742	-0.538517107308125	0.210571484358053	-2.55740756612818	0.0105455580333741	0.0203953856226123
gene_1726	interaction_vs_onu	1384.67683306653	1.16494516912472	0.455609378660864	2.55689462001145	0.0105611206031174	0.0204208701971279
gene_2122	interaction_vs_onu	2801.8279451493	0.329821194760679	0.129023371901966	2.55629030538189	0.0105794814625402	0.0204517527821464
gene_8086	interaction_vs_onu	2.3404938771913	-4.52196395028464	1.77000415268592	-2.5547758989281	0.010625618374333	0.0205363046476158
gene_1151	interaction_vs_onu	488.662349566328	-0.3398313954968	0.133035032254313	-2.55445043112532	0.0106355571913462	0.0205508734893733
gene_3182	interaction_vs_onu	2295.24030505621	0.184401816826881	0.0722016314972971	2.55398407214364	0.0106498128153767	0.0205737751522511
gene_8210	interaction_vs_onu	566.832692200175	0.566858835138654	0.221965649490803	2.55381333300467	0.010655036203469	0.0205792215482163
gene_7963	interaction_vs_onu	963.167871256422	-0.211562375046129	0.0828607872501187	-2.55322670791818	0.0106730000713514	0.0206092669999476
gene_7674	interaction_vs_onu	24.9455230141842	-1.01697008623381	0.398478487846994	-2.55213296890521	0.0107065649128757	0.020669417152507
gene_7642	interaction_vs_onu	661.557983412829	-0.25322799372582	0.0992649021380497	-2.55103252279089	0.0107404302709432	0.0207301202072771
gene_5398	interaction_vs_onu	364.431998364368	-0.433842407002569	0.170073014131274	-2.55091855235599	0.0107439430575428	0.0207322255573865
gene_3914	interaction_vs_onu	2991.17269016175	-0.159650293774774	0.062599515079854	-2.55034393750685	0.0107616693473607	0.0207617510961026
gene_6546	interaction_vs_onu	5355.05998471872	-0.188826771283787	0.0740475722466106	-2.5500737641325	0.0107700129071025	0.0207731659497064
gene_4063	interaction_vs_onu	590.661166879374	-0.300691342957375	0.117932934618063	-2.54968083284955	0.0107821577704192	0.020791905950617
gene_1976	interaction_vs_onu	5414.03604876989	0.212209033502888	0.0832870563347589	2.54792332496358	0.0108366286068314	0.0208922389356929
gene_3758	interaction_vs_onu	519.007823926375	0.53634530438498	0.210621705212228	2.54648638346434	0.0108813456634992	0.0209737263858484
gene_2834	interaction_vs_onu	11784.158201884	0.18475699892218	0.0725905449689379	2.54519371636126	0.0109217130072	0.0210467949891113
gene_3997	interaction_vs_onu	735.74440504531	0.37390429372814	0.146975086664987	2.54399777685052	0.0109591782098832	0.0211099694566233
gene_6917	interaction_vs_onu	2843.3327881725	-0.214297215515792	0.0842366641567662	-2.54398981323596	0.0109594280683685	0.0211099694566233
gene_1668	interaction_vs_onu	676.457732969912	-0.414525345698339	0.162999251070081	-2.54311196509802	0.0109870016154803	0.0211583203213749
gene_591	interaction_vs_onu	852.086866904849	-0.221963916604147	0.0873096045515097	-2.54226230601234	0.0110137484216434	0.0212050576898938
gene_3843	interaction_vs_onu	1001.580091864	-0.216679341357596	0.0852502969278476	-2.54168430100583	0.0110319767541712	0.0212353768868238
gene_611	interaction_vs_onu	314.496563891369	0.617481348240411	0.242951569586814	2.54158204983222	0.0110352042008519	0.0212368138397689
gene_7349	interaction_vs_onu	1309.11085917397	0.283978666863443	0.111756200443576	2.54105513373122	0.0110518490357632	0.0212640655756649
gene_5585	interaction_vs_onu	4.98405737606298	-3.64822364099722	1.43584876429646	-2.54081330270517	0.0110594957385968	0.021273996297166
gene_3783	interaction_vs_onu	915.695229645726	0.350691058354987	0.138034576567641	2.54060299292576	0.0110661495597228	0.0212820130827291
gene_2298	interaction_vs_onu	394.95818784281	0.287059673922353	0.113042915803057	2.53938667348661	0.0111047015154808	0.0213513578105381
gene_4092	interaction_vs_onu	1136.64165217025	-0.24895440392143	0.0980496202495255	-2.53906545775361	0.0111149025294839	0.0213661723899353
gene_7471	interaction_vs_onu	2577.47327900015	-0.299306577408006	0.117975429268862	-2.53702469457343	0.011179906757367	0.0214863048592415
gene_6571	interaction_vs_onu	952.854719962292	0.207137612736414	0.0816551271204923	2.5367373738915	0.0111890858184951	0.0214991188790837
gene_5358	interaction_vs_onu	187.422520373068	0.949629340799057	0.374421867490708	2.53625501940702	0.011204510694188	0.0215239253909895
gene_8393	interaction_vs_onu	1955.45387497275	0.183509419996357	0.0723666652150249	2.5358280563446	0.0112181799997911	0.0215453490684792
gene_72	interaction_vs_onu	148.803981457282	-0.454524233856618	0.179274620608239	-2.53535181005832	0.0112334445883497	0.0215698263069253
gene_1369	interaction_vs_onu	5605.75260148023	0.17309422861839	0.0682751520753313	2.53524486371566	0.0112368749546877	0.0215715742570367
gene_3381	interaction_vs_onu	55.833196393444	-0.689858677349988	0.272229583131847	-2.53410621069744	0.0112734556328074	0.0216272479195049
gene_5064	interaction_vs_onu	87.4500536737431	-0.639099110662986	0.252194763697633	-2.53414900964887	0.0112720787516942	0.0216272479195049
gene_8403	interaction_vs_onu	722.864466373658	0.285547039207234	0.112677433627488	2.53419899632481	0.0112704708240089	0.0216272479195049
gene_7590	interaction_vs_onu	1350.50036610672	0.437722041553188	0.172807852388671	2.53299856171283	0.0113091416912879	0.0216908476086544
gene_1679	interaction_vs_onu	2594.38737920534	0.228491498285893	0.0902202374953194	2.53259694974476	0.0113221055166858	0.0217108474961538
gene_959	interaction_vs_onu	3563.35813800397	-0.414852440472884	0.163891566885916	-2.53126166498646	0.0113653027258616	0.0217887998507
gene_8095	interaction_vs_onu	103.585133950178	-0.561025043047456	0.221652078211536	-2.53110662247902	0.0113703279064381	0.021793552816639
gene_8071	interaction_vs_onu	626.15791418798	-0.266774773669878	0.105445305772594	-2.5299824559778	0.0114068230154387	0.0218548700325185
gene_514	interaction_vs_onu	2997.36703733627	0.151437587285489	0.0598576071341203	2.5299639350128	0.0114074251524875	0.0218548700325185
gene_4114	interaction_vs_onu	435.353702241482	-0.326277541908264	0.128969438283217	-2.52988263150964	0.0114100687530679	0.0218550433041533
gene_6953	interaction_vs_onu	13.7209475767193	-1.18233724744766	0.467385190923147	-2.529684873225	0.0114165011757135	0.021862472050136
gene_8476	interaction_vs_onu	509.904234253669	0.509811727607696	0.201547160001249	2.52949100153303	0.0114228103048135	0.0218675761959057
gene_2177	interaction_vs_onu	3166.6513004575	0.311782521447675	0.123261189836106	2.52944598265063	0.0114242757883283	0.0218675761959057
gene_4195	interaction_vs_onu	3143.48802806449	-0.274583946410471	0.108597852326139	-2.52844729917722	0.0114568285171625	0.0219249837037584
gene_5069	interaction_vs_onu	692.882095106527	-0.289014684319202	0.114324154987297	-2.52802816999886	0.0114705148104151	0.0219413646429392
gene_2718	interaction_vs_onu	1120.61304077556	0.243320467240453	0.0962465151533926	2.52809638720594	0.0114682862495117	0.0219413646429392
gene_1642	interaction_vs_onu	1407.41586026491	-0.358128569441971	0.141709750421569	-2.52719779956271	0.0114976726841122	0.0219883999499554
gene_1993	interaction_vs_onu	3586.25929045259	-0.220706394417872	0.0873587635884852	-2.5264367918202	0.0115226120991783	0.0220311725639862
gene_7955	interaction_vs_onu	326.487435160748	-0.33086312214092	0.130978084424037	-2.5260952898789	0.0115338192493475	0.0220449771149748
gene_8051	interaction_vs_onu	14546.2270386246	-0.246685326870232	0.097656168618183	-2.52605985224267	0.0115349827684547	0.0220449771149748
gene_4001	interaction_vs_onu	13380.6501112126	-0.293051097972523	0.116025806871253	-2.52574065955606	0.0115454674739157	0.0220600896376604
gene_3074	interaction_vs_onu	265.526756341621	-0.329947828995684	0.130811477904197	-2.52231558179725	0.0116585063447569	0.0222711033945814
gene_2000	interaction_vs_onu	1834.3450899526	0.267993295432545	0.106258459104885	2.52208904298164	0.0116660173755174	0.0222804794141966
gene_2783	interaction_vs_onu	1662.40097938335	0.205964079717413	0.0816840084146678	2.52147370966222	0.0116864407934575	0.0223145066232425
gene_914	interaction_vs_onu	2446.87534332006	-0.288769538794936	0.114560428615391	-2.52067439241529	0.0117130181481664	0.0223602665807994
gene_4013	interaction_vs_onu	45329.5762242857	-0.19837504384908	0.0787130770661484	-2.52022981749742	0.0117278234873243	0.0223835382500549
gene_5513	interaction_vs_onu	1223.32357292191	-0.20221624581828	0.0802449916475676	-2.51998587907398	0.0117359542335632	0.0223940633614135
gene_733	interaction_vs_onu	2711.91860594121	-0.375324470214323	0.148952697252073	-2.51975611813971	0.0117436170001093	0.0224036910008772
gene_5875	interaction_vs_onu	123.903640543038	0.941648051976165	0.374070074420023	2.51730388600623	0.0118256783604341	0.0225552154111667
gene_5972	interaction_vs_onu	15095.5076632636	-0.165546315551671	0.0657780270683886	-2.51674188068236	0.0118445567515897	0.022586189751305
gene_8317	interaction_vs_onu	897.017920767735	0.377024253926633	0.149871553725707	2.51564919795692	0.0118813377029072	0.0226512807877251
gene_8573	interaction_vs_onu	2686.79177177691	0.351735691522235	0.139845100512771	2.5151806551143	0.0118971403918788	0.0226763575494283
gene_2650	interaction_vs_onu	1564.48737492151	0.199620101863354	0.0793999753404775	2.51410785717952	0.0119333931854383	0.0227403930693125
gene_810	interaction_vs_onu	2886.90580881804	-0.239979849327791	0.0954836101745504	-2.51330934061973	0.0119604408059365	0.0227868625192113
gene_5757	interaction_vs_onu	4.22286768258774	-3.75394279921129	1.49478199608106	-2.51136474017829	0.0120265364330071	0.0229076884438231
gene_6207	interaction_vs_onu	890.911790015243	0.249155569367718	0.099286595914499	2.50945827151008	0.0120916500977428	0.0230265906199506
gene_3560	interaction_vs_onu	1189.64747924638	-0.253855198775315	0.101170732505256	-2.50917624582907	0.0121013089057584	0.0230398585928141
gene_4503	interaction_vs_onu	3878.33308017904	-0.322397248380682	0.12853787507224	-2.50818872024678	0.0121351835699047	0.0230992153343083
gene_5104	interaction_vs_onu	622.878799974415	0.451561603139513	0.180047600333196	2.50801233842524	0.0121412427567513	0.0231042687383673
gene_7970	interaction_vs_onu	3349.42515916338	-0.236773010778084	0.0944088212761988	-2.50795431589374	0.012143236571719	0.0231042687383673
gene_8305	interaction_vs_onu	2670.77051051562	-0.252047338050021	0.10051147220589	-2.50764746071693	0.0121537857916809	0.0231192014170642
gene_2895	interaction_vs_onu	1825.29460255511	-0.302275771488777	0.120563651979638	-2.50718824890797	0.0121695879748468	0.02314411754381
gene_5657	interaction_vs_onu	384.553645447192	-0.457619223658535	0.182636460907851	-2.50562905886261	0.0122233780393789	0.0232412518918443
gene_1742	interaction_vs_onu	107.907429835642	0.499489611757553	0.199361173054131	2.50545080622058	0.0122295409265155	0.0232478059806734
gene_5276	interaction_vs_onu	14648.7563264857	-0.217260733140233	0.086777353372502	-2.50365705678549	0.0122917112344217	0.0233608011027198
gene_3255	interaction_vs_onu	130.773852599367	-0.519898341203005	0.207669596409201	-2.50348799339204	0.0122975852865856	0.0233667769263424
gene_3494	interaction_vs_onu	1457.79270103014	0.416775273744163	0.16648535096635	2.50337504966669	0.0123015108647663	0.0233690486023966
gene_8468	interaction_vs_onu	250.077430319545	0.686906201088203	0.274408842700821	2.5032218143098	0.0123068386315076	0.0233739824019758
gene_4961	interaction_vs_onu	66.8944203873735	-0.720310937654253	0.287836734822474	-2.50249829334158	0.0123320220067691	0.0234166167652935
gene_2193	interaction_vs_onu	1267.68838078301	-0.177550265554396	0.0709679426050958	-2.50183757675464	0.012355059235303	0.0234551579184284
gene_8286	interaction_vs_onu	2616.37153816287	0.275317255786925	0.110133142968294	2.49985833843119	0.0124242977041272	0.0235813721390972
gene_4528	interaction_vs_onu	2413.66185184135	0.267094751723071	0.106925042554453	2.49796254780117	0.0124909389691683	0.0237026019898207
gene_3600	interaction_vs_onu	1441.93159833821	0.359855183743511	0.14413411075986	2.49666912187817	0.0125365872320912	0.0237839509544992
gene_3550	interaction_vs_onu	757.635275273255	0.247504144599851	0.0991510461022813	2.49623331603111	0.0125520011549651	0.0238079171031468
gene_1554	interaction_vs_onu	1262.83407088243	-0.345183999967713	0.138324421540102	-2.49546678832588	0.0125791530237718	0.0238541315647954
gene_5459	interaction_vs_onu	413.879789060074	0.673462057802956	0.269914446926846	2.4950945215077	0.0125923581717838	0.023873883931444
gene_1531	interaction_vs_onu	52.2997275742412	0.73091521466269	0.292966558982957	2.49487592440614	0.0126001180244131	0.0238780186603887
gene_2619	interaction_vs_onu	752.674857423218	-0.435542113045625	0.174571504725117	-2.4949209994577	0.0125985175847305	0.0238780186603887
gene_6096	interaction_vs_onu	1493.47482623177	0.289859596210889	0.116216093415888	2.49414334702858	0.0126261542425253	0.0239220629296185
gene_6306	interaction_vs_onu	2522.69431366555	0.277255785995557	0.111182358703065	2.49370304092958	0.0126418258777595	0.0239464548602835
gene_5318	interaction_vs_onu	1431.05665568091	-0.273915794490048	0.109872878044779	-2.49302466053918	0.0126660048969061	0.0239869473268841
gene_8554	interaction_vs_onu	335.133824821685	0.68782778842803	0.276006447313613	2.49207145384718	0.0127000485188886	0.0240411952526166
gene_1040	interaction_vs_onu	693.829464034418	-0.244662265883168	0.0981765050043838	-2.49206534569797	0.0127002669313472	0.0240411952526166
gene_3836	interaction_vs_onu	3331.55362431432	-0.213606388481482	0.0857319118413104	-2.49156217205172	0.0127182706104128	0.0240699527802639
gene_3462	interaction_vs_onu	645.233808146978	0.243958888562081	0.0979357345982214	2.49100994200856	0.012738055535903	0.0241020679459173
gene_6777	interaction_vs_onu	3798.79741416151	-0.350662535124164	0.140776142957673	-2.49092301974488	0.012741172208143	0.0241026373705424
gene_3323	interaction_vs_onu	477.899483726119	0.4739054204399	0.190276522022956	2.49061426707561	0.0127522482566399	0.024112445892773
gene_6888	interaction_vs_onu	894.775823359476	-0.313670738420204	0.12594472152941	-2.49054295099582	0.0127548078273921	0.024112445892773
gene_6718	interaction_vs_onu	2837.50206671632	-0.244733958311558	0.0982592898363869	-2.49069537057583	0.012749337962791	0.024112445892773
gene_5076	interaction_vs_onu	1557.83379413344	0.183308241254753	0.0736084154350493	2.49031636085823	0.0127629432813902	0.0241224982311107
gene_6288	interaction_vs_onu	1307.50726432497	0.23937605276005	0.0961486568339794	2.48964531218967	0.0127870634443375	0.0241627512325671
gene_8331	interaction_vs_onu	2089.99833580262	0.221286991711115	0.0889737135509498	2.48710526828126	0.0128787284691052	0.0243305927379255
gene_7299	interaction_vs_onu	18.5476672376711	-1.41120917749937	0.56771490515624	-2.48577087668853	0.0129271165063526	0.0244166189969943
gene_4972	interaction_vs_onu	406.086468964576	-0.320301350194017	0.128863888977166	-2.48557879741448	0.0129340949584531	0.0244244105105578
gene_5206	interaction_vs_onu	3850.51396923245	0.315124512693281	0.126827393962731	2.48467230025937	0.0129670739988334	0.024481286596827
gene_5721	interaction_vs_onu	366.183115110299	0.573758283687878	0.230957967610548	2.48425412478246	0.0129823125900102	0.0245046517685749
gene_1453	interaction_vs_onu	1263.58163153461	-0.351214855256498	0.141388834785031	-2.4840352902723	0.0129902933765979	0.0245143102521335
gene_19	interaction_vs_onu	2282.18340172218	0.154418174829239	0.0621771407396888	2.48352003633823	0.0130091015742322	0.0245443926549323
gene_8097	interaction_vs_onu	704.499501506799	0.298151432790477	0.120069222577839	2.4831628488074	0.0130221540424966	0.0245636048047093
gene_3910	interaction_vs_onu	608.303033345108	-0.255568489287202	0.103077401151197	-2.4793842921236	0.01316094235426	0.0248199309434822
gene_1507	interaction_vs_onu	772.187817897686	-0.261494476604139	0.105490970224384	-2.47883279533715	0.0131813081158729	0.024852862879267
gene_5555	interaction_vs_onu	576.453984909203	-0.336194577830908	0.135832505914061	-2.47506718342967	0.0133211114541849	0.0251059088972051
gene_8067	interaction_vs_onu	944.499042268949	0.303024803372832	0.122431300695004	2.47505990422919	0.0133213829685871	0.0251059088972051
gene_5314	interaction_vs_onu	897.617903885447	-0.258794973638717	0.104592096358645	-2.47432628897038	0.0133487719425343	0.0251519893964548
gene_2229	interaction_vs_onu	4748.45990256837	0.144224728208997	0.0583173844630182	2.47310008048212	0.0133946626509544	0.025232903233312
gene_7219	interaction_vs_onu	1445.98369334636	-0.438976365626823	0.177533619837272	-2.47263794896533	0.0134119940118651	0.0252599931224567
gene_2277	interaction_vs_onu	597.912908113932	-0.400413062007359	0.161961964445896	-2.47226602478707	0.0134259567088824	0.0252807279868089
gene_8144	interaction_vs_onu	53.5951737506255	0.785024742013574	0.31786336049134	2.46969245149902	0.0135229257200899	0.025457718091922
gene_3022	interaction_vs_onu	1824.31256005934	-0.363947815323442	0.147419876948138	-2.46878387675956	0.0135573071784672	0.0255168314528759
gene_3798	interaction_vs_onu	416.240095763992	-0.258000865524067	0.104531640045696	-2.46816050538652	0.0135809408793372	0.0255556944223183
gene_418	interaction_vs_onu	436.345665623914	0.311405560266491	0.126177672651613	2.46799258317521	0.013587313485925	0.025562066690004
gene_2368	interaction_vs_onu	2424.06458838912	0.190054106597397	0.0770185362463931	2.46764111420383	0.0136006601985167	0.0255815537902225
gene_4644	interaction_vs_onu	843.127533080734	0.445024331312528	0.180368926994949	2.4673004309938	0.0136136083846029	0.0256002829025046
gene_1992	interaction_vs_onu	339.23946750895	0.310565298941871	0.125937176410252	2.46603352397052	0.0136618547160522	0.025685367091897
gene_2822	interaction_vs_onu	4760.19716357847	-0.210661177388119	0.0854464937351643	-2.46541628777712	0.0136854149628103	0.0257240123148125
gene_5328	interaction_vs_onu	14.5986634258868	1.66817523840225	0.676736212845891	2.46503025364497	0.0137001683335654	0.0257460902163162
gene_1286	interaction_vs_onu	2859.50683731607	0.287530071370045	0.116661930431304	2.46464352430168	0.0137149623575054	0.0257682348069022
gene_2541	interaction_vs_onu	1468.4961903151	0.337408526555952	0.13693836672516	2.463944434456	0.013741741293572	0.0258072192788452
gene_7788	interaction_vs_onu	796.203405943309	0.20586423754473	0.0835505020846082	2.46394973588859	0.0137415380462868	0.0258072192788452
gene_7163	interaction_vs_onu	1026.84118742779	0.253587377722564	0.102945855414571	2.46330827697091	0.0137661496969393	0.0258473878933539
gene_1957	interaction_vs_onu	507.743609374246	-0.353185707093512	0.143392945923706	-2.46306193668291	0.0137756116809708	0.0258594815765592
gene_1199	interaction_vs_onu	560.065848500072	-0.503705962036472	0.204686602513799	-2.46086434505412	0.0138602761259695	0.026011655518101
gene_2894	interaction_vs_onu	4466.22256394027	-0.405057211641453	0.164603859197172	-2.46080021220069	0.0138627537936421	0.026011655518101
gene_5295	interaction_vs_onu	445.180780797098	-0.362664840363115	0.147433557448017	-2.45985274072347	0.0138994033925448	0.0260747080955914
gene_2223	interaction_vs_onu	1235.53556820548	-0.206853590329245	0.0840998108304026	-2.45962016188586	0.0139084129522931	0.0260858928290159
gene_4370	interaction_vs_onu	1151.93264546164	0.328593079996903	0.133606060096214	2.45941748271202	0.0139162684728617	0.0260891936328726
gene_4014	interaction_vs_onu	1124.13932035877	0.180089597881203	0.0732236666853163	2.45944523176025	0.0139151927327632	0.0260891936328726
gene_2457	interaction_vs_onu	976.552600676802	-0.209891562800734	0.0853690871949733	-2.45863660602773	0.0139465706334299	0.0261402769043486
gene_3653	interaction_vs_onu	455.291785503456	0.45819105676179	0.186401962959919	2.45808064188848	0.0139681804772814	0.0261750492306323
gene_3006	interaction_vs_onu	3096.35438254732	0.231542422397518	0.0942331318839799	2.45712328316323	0.0140054614581919	0.026239166137475
gene_4922	interaction_vs_onu	246.943690462745	-0.375734691585119	0.152960646976131	-2.45641411051139	0.0140331343015873	0.0262852581228857
gene_44	interaction_vs_onu	3754.05679479077	0.165145554114105	0.0672376063067229	2.45614862255429	0.014043506397	0.0262989312531876
gene_1270	interaction_vs_onu	15444.9595667133	-0.165072482186366	0.0672741373497563	-2.45372870897116	0.0141383600355369	0.0264707703202529
gene_8562	interaction_vs_onu	479.964139843415	0.256708541903768	0.104715125575514	2.45149438051952	0.0142264407838937	0.0266298563547191
gene_1521	interaction_vs_onu	436.387196868529	0.357261289903663	0.145806034696905	2.45025036615476	0.0142756913122438	0.0267162041173605
gene_1103	interaction_vs_onu	1242.3618747386	-0.245486391921516	0.100213696312356	-2.44962915205083	0.0143003414406957	0.0267549129761438
gene_1622	interaction_vs_onu	1830.34534858714	-0.17028516000369	0.0695163018892512	-2.4495716166688	0.014302626376032	0.0267549129761438
gene_3726	interaction_vs_onu	1052.26665579561	0.316446247017974	0.129202356253798	2.44922969048927	0.014316212130189	0.0267744758213716
gene_1146	interaction_vs_onu	3469.2083686566	0.170616447549962	0.0696793839495741	2.44859293924634	0.0143415425106373	0.0268159903650186
gene_5382	interaction_vs_onu	117.559515641865	-0.437144469375403	0.17854419205139	-2.44838246684373	0.0143499239292119	0.0268258023223529
gene_846	interaction_vs_onu	1377.76309557785	-0.260762460879245	0.106534952988521	-2.44767049277565	0.0143783081509847	0.0268729951468186
gene_143	interaction_vs_onu	328.83636593572	0.74455062475323	0.304469908177209	2.4453997086631	0.014469168453868	0.0270310087221977
gene_2849	interaction_vs_onu	647.062886209173	0.317921567071456	0.130005130819098	2.44545399914903	0.014466990248314	0.0270310087221977
gene_1886	interaction_vs_onu	3282.94145962862	0.146184092399712	0.0597929792047374	2.44483707525531	0.0144917590792258	0.0270673047606748
gene_5375	interaction_vs_onu	2495.63628576766	0.476290399391151	0.19483363922541	2.44460043596534	0.0145012698104197	0.0270751660881802
gene_5745	interaction_vs_onu	3168.56059372738	-0.329451202448924	0.134768296190581	-2.44457496133241	0.0145022939853162	0.0270751660881802
gene_6347	interaction_vs_onu	1968.1650106555	-0.269888314406754	0.110409377186926	-2.4444329031023	0.0145080064236369	0.0270799247680618
gene_6019	interaction_vs_onu	2159.64527100238	0.290823865615012	0.118980717150228	2.44429410563907	0.0145135896563732	0.0270844402569335
gene_4702	interaction_vs_onu	269.765456601737	-0.365781485711249	0.14968054976066	-2.44374760980058	0.0145355912838207	0.0271195861790552
gene_3393	interaction_vs_onu	2542.21898278323	0.243690060720465	0.0997692226750128	2.44253742974683	0.0145844171734261	0.0272047528883259
gene_452	interaction_vs_onu	607.85953771478	-0.296688675497667	0.121523490862439	-2.44141007958296	0.0146300312411263	0.0272838926849762
gene_8418	interaction_vs_onu	1210.48597045464	0.17752178587017	0.0727453653923357	2.44031746782419	0.0146743597109882	0.0273606009858546
gene_2528	interaction_vs_onu	1211.04896205255	0.357157493125011	0.146363006298542	2.44021697939507	0.0146784425769189	0.027362253584152
gene_3587	interaction_vs_onu	1244.76352300557	0.258599177485126	0.106004404417918	2.43951351743471	0.0147070524347366	0.027409616555921
gene_4293	interaction_vs_onu	740.285232817912	0.241484936481706	0.0990445323909541	2.43814505104131	0.0147628489192323	0.0275076157485042
gene_6818	interaction_vs_onu	77.0686971354902	-0.617334353516989	0.253392071935988	-2.43628124905557	0.0148391417636557	0.0276437548415436
gene_4889	interaction_vs_onu	8.82266200106728	-2.14685991389035	0.881665790056217	-2.43500421373213	0.0148916162848883	0.027735473324335
gene_2754	interaction_vs_onu	2326.89562628287	-0.275077140060692	0.112989792842917	-2.43453088229939	0.0149111073864938	0.0277657340066101
gene_8231	interaction_vs_onu	6704.18410635045	0.243110243676627	0.0999188164353797	2.43307769596984	0.0149710879947843	0.0278652996815294
gene_4436	interaction_vs_onu	2893.45455374636	-0.231627861187007	0.0951977320993459	-2.43312373182679	0.0149691845987113	0.0278652996815294
gene_5739	interaction_vs_onu	5031.4178689865	0.253856721440254	0.104374288014197	2.43217679631715	0.015008379480383	0.0279286365982779
gene_7703	interaction_vs_onu	1139.19553858565	0.201271207173289	0.0827909012157457	2.43107882892583	0.015053938923159	0.0280073282291331
gene_6769	interaction_vs_onu	1381.13710971705	-0.379525382025657	0.156175625457527	-2.4301191745755	0.0150938588751938	0.0280693964743991
gene_3589	interaction_vs_onu	718.610239978624	-0.346284470978744	0.14249276632524	-2.43018982583543	0.015090916729499	0.0280693964743991
gene_7957	interaction_vs_onu	79.7699213704588	0.487878041612587	0.200829420302503	2.42931558970648	0.0151273583011994	0.0281255836355922
gene_8235	interaction_vs_onu	28.9830200929824	0.864195755159025	0.355992412828738	2.42756790318105	0.0152004410847257	0.0282369304872509
gene_7391	interaction_vs_onu	435.661625386206	0.305798490123392	0.125966861870718	2.42761060791717	0.01519865160722	0.0282369304872509
gene_2669	interaction_vs_onu	755.037345956157	-0.28824202640755	0.1187291947763	-2.42772661728762	0.0151937913460683	0.0282369304872509
gene_3930	interaction_vs_onu	4985.52000750176	-0.206602621382453	0.0851056532490699	-2.42760161628524	0.0151990283725652	0.0282369304872509
gene_3705	interaction_vs_onu	4040.5992742449	0.177356544340008	0.0730644916224448	2.42739722677445	0.0152075948745121	0.0282440902854901
gene_7616	interaction_vs_onu	1125.60768131572	0.322092493216023	0.13269659621316	2.42728526885966	0.0152122891271767	0.028246680027903
gene_4721	interaction_vs_onu	2144.44487261615	0.320085018844578	0.131960589137328	2.42561071405548	0.0152826534890204	0.0283711806258978
gene_6020	interaction_vs_onu	1636.5285921626	0.17788730705983	0.0734320861537695	2.4224738309535	0.0154152359926159	0.028611105831915
gene_7381	interaction_vs_onu	823.018333929207	0.39446102445528	0.162950838861474	2.42073638412267	0.0154891051649228	0.0287419770673616
gene_4831	interaction_vs_onu	1977.41737186732	-0.283707965294851	0.117234989428809	-2.4199939512694	0.0155207652714671	0.0287944843354483
gene_7709	interaction_vs_onu	671.069192006471	0.241627414878542	0.0998762908970202	2.41926700229265	0.0155518202527704	0.0288458464493422
gene_3884	interaction_vs_onu	241.66313413536	-0.29350490674688	0.121365574960804	-2.418353860571	0.0155909067848344	0.0289120801729164
gene_7118	interaction_vs_onu	782.27752790292	0.207743128824214	0.0859275154904549	2.41765548134916	0.015620858832882	0.0289613497096535
gene_7854	interaction_vs_onu	184.65545883948	-0.486266555573161	0.201139402775506	-2.41755990553421	0.0156249618187776	0.0289626836658156
gene_481	interaction_vs_onu	2808.49492540797	0.317244096053377	0.131469617036152	2.41306016709655	0.0158192079337041	0.0293163931397503
gene_1772	interaction_vs_onu	776.84625844273	0.475802889903514	0.197196597125466	2.41283519512655	0.0158289750983951	0.029328144338152
gene_2313	interaction_vs_onu	3732.57429200236	0.387937621360712	0.160817075221292	2.41229123727621	0.0158526129624055	0.0293655847128741
gene_4652	interaction_vs_onu	2099.56883358483	0.230500499966622	0.0955680016681961	2.41190038447073	0.0158696167583525	0.0293907225122236
gene_7364	interaction_vs_onu	476.303750877902	-0.557797987778714	0.23128868235271	-2.41169599007047	0.0158785151884678	0.0293944831343608
gene_5641	interaction_vs_onu	1058.59400587624	0.185361850928107	0.0768574412278422	2.41176193179013	0.0158756438976982	0.0293944831343608
gene_642	interaction_vs_onu	1252.57634255201	-0.218935248519088	0.0907872120315811	-2.41152078161547	0.0158861464837042	0.0294022516541638
gene_286	interaction_vs_onu	916.380870492046	-0.346284319092848	0.143644853602438	-2.41069770624187	0.0159220391384218	0.0294623119379358
gene_1468	interaction_vs_onu	2800.10636018831	-0.33285943462188	0.13812368572898	-2.40986499067945	0.0159584247284938	0.0295232581966516
gene_2505	interaction_vs_onu	1086.0314117842	-0.335019740831873	0.13916691765075	-2.40732313747605	0.0160699438376493	0.0297231459054187
gene_2497	interaction_vs_onu	1183.8606034674	-0.248485760166417	0.10324090043133	-2.40685386439162	0.0160906070726503	0.0297549355242788
gene_5471	interaction_vs_onu	4.17784117863417	-3.08353110142699	1.28160168847435	-2.40599800168623	0.0161283529356528	0.0298182939803862
gene_8333	interaction_vs_onu	659.385543318959	-0.367637135944912	0.15281295349356	-2.40579824903657	0.0161371737624778	0.0298281596646103
gene_2677	interaction_vs_onu	2304.29586137473	-0.369060680403338	0.153469038356151	-2.40478916370656	0.01618179855225	0.0299041873072668
gene_1050	interaction_vs_onu	2058.86229192431	-0.33225449648528	0.138211691213743	-2.4039536277105	0.0162188305118409	0.0299661535034229
gene_3141	interaction_vs_onu	1155.76614065355	0.221693039903868	0.0922313712082952	2.40366197530769	0.0162317744215246	0.029983597118742
gene_7244	interaction_vs_onu	30.6966813070484	0.772468053705844	0.321420970665193	2.40329077504555	0.016248261897137	0.0300066338358482
gene_3769	interaction_vs_onu	1258.30543695426	-0.365520444275188	0.152095908082337	-2.4032233929483	0.0162512563624991	0.0300066338358482
gene_4612	interaction_vs_onu	54.7357330251226	-0.604962413867275	0.25177337929129	-2.40280531472456	0.0162698466309623	0.0300344807334565
gene_4675	interaction_vs_onu	723.983757162856	0.285392674547993	0.118809322858425	2.40210673440224	0.0163009514087525	0.0300854126905824
gene_1969	interaction_vs_onu	211.469382015436	-0.457055536103185	0.190307262679256	-2.40167153722087	0.0163203552722098	0.0301147318668066
gene_993	interaction_vs_onu	3341.12838492657	-0.257484416511076	0.107281251300541	-2.40008774496628	0.0163911422483637	0.0302388313892227
gene_6640	interaction_vs_onu	843.370326952278	0.200674869484172	0.0836183206708441	2.39989117066953	0.0163999468492829	0.0302485552746954
gene_8472	interaction_vs_onu	2079.59715276192	-0.216545237539647	0.0902369194420356	-2.39974102483348	0.0164066747089365	0.0302544453917485
gene_7132	interaction_vs_onu	398.684197613508	-0.379470469624944	0.158299918420896	-2.39716149831479	0.01652263953008	0.0304617261205006
gene_129	interaction_vs_onu	1453.37833864993	0.288682240420219	0.12044216864174	2.39685355781758	0.0165365312461287	0.0304807724950176
gene_2640	interaction_vs_onu	1023.55251882343	0.215749660043641	0.0900473341058662	2.39595832776115	0.0165769748625077	0.0305487416196052
gene_4750	interaction_vs_onu	417.850513573524	0.254019319993663	0.10605768013396	2.39510537730803	0.0166155892068724	0.0306133111517063
gene_1044	interaction_vs_onu	56.3603382815165	0.68685245611279	0.286843885273646	2.39451663910333	0.0166422883225426	0.0306559044633021
gene_3447	interaction_vs_onu	12.6027852192809	-1.52329176153289	0.636268287896764	-2.39410291304672	0.016661073217459	0.030677304095816
gene_1987	interaction_vs_onu	157.102879261465	-0.43493214194566	0.181662660244104	-2.3941746826851	0.0166578132413087	0.030677304095816
gene_3939	interaction_vs_onu	870.371591967233	-0.269094152542777	0.112473783893033	-2.39250555310467	0.0167337748676684	0.0308045404015573
gene_998	interaction_vs_onu	2058.52843757887	-0.267140134621213	0.111661025567166	-2.39242057167497	0.0167376504721844	0.0308050501057619
gene_4581	interaction_vs_onu	133.078712352281	0.552640524664326	0.231027452791432	2.39209893883581	0.0167523257741639	0.0308254317770513
gene_5213	interaction_vs_onu	579.504538852864	-0.232358012092455	0.0971579233570138	-2.39154979917221	0.0167774077528117	0.0308649495731932
gene_8343	interaction_vs_onu	775.943762327311	0.505968765668981	0.211598650715806	2.39117198506402	0.0167946835672603	0.0308900926806507
gene_7295	interaction_vs_onu	2230.59656685472	-0.378431533336966	0.158440276135815	-2.38848064751272	0.0169181993246598	0.0311105878021672
gene_119	interaction_vs_onu	310.978543281654	0.34408112388875	0.144068146550165	2.38832199988733	0.0169255050896491	0.0311173375359529
gene_7806	interaction_vs_onu	1561.83266647616	-0.264420886284472	0.110783345986548	-2.38682884985782	0.0169944008167676	0.0312372924611403
gene_505	interaction_vs_onu	1236.9084261934	0.394489404188726	0.165303867148667	2.38644994211744	0.0170119231739452	0.0312588362155512
gene_2889	interaction_vs_onu	177.139276741907	0.387039780265625	0.162195165153876	2.38625966377258	0.0170207284580238	0.0312588362155512
gene_4519	interaction_vs_onu	5643.25282671814	-0.238267628405343	0.0998462610287766	-2.38634502634677	0.0170167777414594	0.0312588362155512
gene_7112	interaction_vs_onu	1102.39223399658	0.187706468217189	0.0786592268087823	2.38632485764825	0.0170177111085014	0.0312588362155512
gene_5006	interaction_vs_onu	14662.2091529102	0.330972153640741	0.138730691935143	2.38571688084328	0.0170458681553936	0.0312982907357721
gene_2155	interaction_vs_onu	551.905435246665	-0.368807614930994	0.154681663757568	-2.38430080186508	0.0171116091370593	0.0314122612509603
gene_5737	interaction_vs_onu	12915.863562673	0.204970453961496	0.0859795828090164	2.3839433417209	0.0171282392239278	0.0314360479753048
gene_1954	interaction_vs_onu	1129.47358678477	-0.324136228550218	0.135976332865379	-2.38376945252026	0.017136334181215	0.031444163042058
gene_1565	interaction_vs_onu	741.390265076009	0.201253628850693	0.0844435339765028	2.38329235376025	0.0171585615069774	0.0314782011358179
gene_687	interaction_vs_onu	529.719708744522	-0.261005787381746	0.109549768239499	-2.38253162536255	0.0171940550352425	0.0315365569105798
gene_1133	interaction_vs_onu	1531.59840187697	-0.286614873013401	0.120337035575359	-2.38176777118556	0.0172297591903524	0.0315952739223258
gene_5059	interaction_vs_onu	1297.27297809077	0.592390035551844	0.248730032499565	2.38165865858149	0.0172348646482552	0.0315978670784033
gene_1027	interaction_vs_onu	481.700039158648	-0.252489063667771	0.106054876507486	-2.38073978286089	0.0172779121770975	0.0316700060462429
gene_2566	interaction_vs_onu	372.840709682783	-0.341659330845597	0.143564708390945	-2.37982812541377	0.0173207147095829	0.0317416651496531
gene_457	interaction_vs_onu	994.444156435751	-0.241830191863717	0.101691936020155	-2.37806655402634	0.0174036844153725	0.031886887541864
gene_7848	interaction_vs_onu	1402.69132736182	0.335676192013508	0.141183215567965	2.37759276598935	0.0174260591362025	0.0319210499049633
gene_5826	interaction_vs_onu	421.217448394275	0.415602142586516	0.174851157386442	2.37689100145895	0.0174592464330261	0.0319681603137333
gene_6441	interaction_vs_onu	1820.19868178233	0.175413467904207	0.073798939974037	2.37691039960626	0.0174583283268735	0.0319681603137333
gene_2525	interaction_vs_onu	5055.19223976278	-0.170073669387079	0.0715824100090814	-2.37591426951821	0.0175055295075741	0.0320460505955591
gene_4589	interaction_vs_onu	619.383862371711	0.489584561037276	0.206084608871876	2.3756483500505	0.0175181488879212	0.0320622951636959
gene_401	interaction_vs_onu	5474.91913213913	0.147874698208494	0.062299463170305	2.37361111450119	0.0176150920948826	0.0322328320504906
gene_4052	interaction_vs_onu	13230.7955154127	-0.236716136510442	0.0997331176814577	-2.37349580574128	0.0176205931726746	0.0322360071720656
gene_4994	interaction_vs_onu	756.366365822343	-0.267952136209107	0.112978124348272	-2.37171698286568	0.0177056471281346	0.0323846879095795
gene_8458	interaction_vs_onu	3848.17297890382	-0.241561082134032	0.10191264300756	-2.37027590498376	0.0177748154942044	0.0325042556356312
gene_6409	interaction_vs_onu	165.348156957678	0.597018447195925	0.251987545764654	2.36923791366068	0.01782478323706	0.0325886681993238
gene_4657	interaction_vs_onu	391.48170069774	-0.284282516541223	0.120035587799418	-2.36831861077954	0.0178691401791819	0.0326627887964547
gene_6442	interaction_vs_onu	7.6783635015666	-1.78295944662366	0.752994713604581	-2.3678246532285	0.017893013860485	0.0326994446297505
gene_7129	interaction_vs_onu	1497.32249632119	0.198256152450658	0.0837428369864931	2.36744012485073	0.0179116180109941	0.0327264568141109
gene_472	interaction_vs_onu	645.041690924483	-0.324797825666435	0.1372975004492	-2.36564995432389	0.0179984528324579	0.0328780956563891
gene_5816	interaction_vs_onu	7130.87748349216	0.237125814420791	0.100294302705225	2.36429994550863	0.0180641806435695	0.0329911214655334
gene_7359	interaction_vs_onu	5038.96279349151	0.234465529588193	0.0992117401164753	2.36328411650606	0.0181137767718138	0.0330746435935849
gene_1947	interaction_vs_onu	143.043879784571	-0.53651404612541	0.227109282209265	-2.36236071421797	0.0181589637483176	0.0331500809736828
gene_319	interaction_vs_onu	519.984687055079	-0.273975347500506	0.115980448050759	-2.36225460502273	0.0181641625524148	0.0331525013749832
gene_4226	interaction_vs_onu	1076.38304173642	0.217552267601621	0.0921046572149625	2.36201158746921	0.0181760740718764	0.0331671699115885
gene_1569	interaction_vs_onu	4661.11261766048	0.286224790766173	0.121241131442301	2.36078950568346	0.0182360782218894	0.0332695715216055
gene_7248	interaction_vs_onu	462.116318582756	-0.292174669488674	0.123849615020018	-2.35910841904071	0.018318902837517	0.0334135538651492
gene_6992	interaction_vs_onu	7378.68469828322	0.400359677061281	0.169729235232274	2.35881388679675	0.0183334478519986	0.0334329598664483
gene_5667	interaction_vs_onu	1.8044446612348	3.89260267568379	1.65041815408604	2.35855541581788	0.0183462203649743	0.0334442488815843
gene_7652	interaction_vs_onu	272.699247438572	-0.296420118072298	0.12568000249711	-2.35853049158807	0.0183474524238224	0.0334442488815843
gene_2786	interaction_vs_onu	3526.22789186025	-0.178875607699548	0.0758480776450538	-2.35834068908947	0.0183568371499509	0.0334542316379774
gene_1051	interaction_vs_onu	708.119837598382	0.226705907474076	0.0961527550018529	2.35776819363842	0.0183851694677571	0.0334987336406984
gene_3420	interaction_vs_onu	411.637457176987	0.261898710305905	0.111094693329355	2.35743672768844	0.0184015909287474	0.0335215191211062
gene_3805	interaction_vs_onu	671.834928272009	0.583298939158176	0.247539714043406	2.35638528311418	0.0184537664997096	0.0336094130292583
gene_2612	interaction_vs_onu	700.564759762326	-0.204251397642441	0.086726670513106	-2.35511632620066	0.0185169080186677	0.0337172373196758
gene_1200	interaction_vs_onu	658.963895653142	-0.286915063965844	0.121840335565791	-2.35484466316917	0.0185304501347577	0.0337347199390741
gene_7468	interaction_vs_onu	28.7794845839218	-0.88179562331312	0.374591483815668	-2.35401940890637	0.0185716413580304	0.0338025196735574
gene_3278	interaction_vs_onu	4913.37446072075	0.18809640210099	0.0799132197632274	2.35375827251481	0.0185846922328425	0.0338190828046624
gene_8213	interaction_vs_onu	958.600131642282	-0.325972005691087	0.138519555365275	-2.35325622314843	0.0186098058186387	0.0338575850813066
gene_7552	interaction_vs_onu	3174.91539550827	0.269185206274746	0.114394182821227	2.35313719313353	0.018615764307867	0.0338612287452915
gene_4627	interaction_vs_onu	21.6395596240271	-1.15106146330693	0.489296425899832	-2.35248287618306	0.0186485483890069	0.0339136550265348
gene_5476	interaction_vs_onu	155.481277315761	-0.434728996368595	0.184806299749654	-2.35234944348487	0.0186552401359899	0.0339186184290725
gene_1901	interaction_vs_onu	424.801111715252	0.293881805388892	0.124959065848601	2.35182460266594	0.0186815816725938	0.0339592990268428
gene_8636	interaction_vs_onu	34.1530131296782	0.818231801297245	0.34794946999601	2.35158226079961	0.018693755684926	0.033974214153496
gene_5209	interaction_vs_onu	1756.58138291051	-0.25319662996313	0.107712685583261	-2.35066676308438	0.0187398082488728	0.0340506810890153
gene_6281	interaction_vs_onu	893.719129409902	-0.353370088390712	0.150334326618731	-2.35056155396171	0.0187451069684507	0.0340530805708697
gene_6009	interaction_vs_onu	43268.8333303399	0.161436728420968	0.0686935742829888	2.3500994104036	0.0187683977484607	0.0340881571667353
gene_847	interaction_vs_onu	267.830297572874	0.307674881177083	0.130939193952674	2.3497538963642	0.018785827250834	0.0341125755763977
gene_8123	interaction_vs_onu	224.253732350773	0.486912696938523	0.207254648134037	2.34934512360671	0.0188064661297979	0.0341428101953489
gene_1424	interaction_vs_onu	1470.2309586959	-0.188602200028021	0.0803041217551736	-2.34859924877854	0.0188441763587178	0.034204018157469
gene_2440	interaction_vs_onu	6783.45969215034	-0.288585291371679	0.122941254774604	-2.34734298019619	0.0189078407837926	0.0343122995779658
gene_4700	interaction_vs_onu	2327.1300289603	-0.149496088832404	0.0637200906044608	-2.34613741779486	0.0189691123322833	0.0344161936338163
gene_4230	interaction_vs_onu	8403.09391405164	-0.269908286416212	0.115050526926554	-2.34599782918436	0.0189762179919621	0.0344217897883441
gene_2787	interaction_vs_onu	1584.21330996403	0.176832182547527	0.0754218273846083	2.34457568424832	0.019048744024742	0.0345460272991083
gene_4770	interaction_vs_onu	1179.24580564806	0.290318633973816	0.123882416553849	2.34350154000766	0.019103683378845	0.0346383244488273
gene_882	interaction_vs_onu	94.4978124093858	0.528381893924394	0.225560639420632	2.34252702635344	0.0191536467115142	0.0347215620183316
gene_2042	interaction_vs_onu	2384.77298886632	0.263565948395332	0.112534747250309	2.34208504337853	0.0191763448125554	0.0347553486333844
gene_7911	interaction_vs_onu	1509.01994269131	-0.305140314251405	0.130319876793837	-2.34147178280508	0.0192078778427563	0.0347977638802103
gene_503	interaction_vs_onu	4983.65944976258	-0.28043849243089	0.119767946293207	-2.3415154146865	0.0192056328537605	0.0347977638802103
gene_8140	interaction_vs_onu	1112.9966728318	0.206047381409257	0.0880613703829867	2.33981575023349	0.0192932553377871	0.034945041407418
gene_5362	interaction_vs_onu	133.229233813187	-0.410110659522708	0.175375453098291	-2.33847241605048	0.0193627549700594	0.0350635038171585
gene_6371	interaction_vs_onu	22.5657413135757	-0.95255843004324	0.40737596972918	-2.33827839839569	0.0193728108551148	0.0350742937647595
gene_6518	interaction_vs_onu	735.830049421667	-0.240432445667821	0.102854652043338	-2.33759427397132	0.0194083052710489	0.035131125633364
gene_3722	interaction_vs_onu	867.344223686292	-0.263436496406939	0.11270333133011	-2.33743309357315	0.0194166760568614	0.0351388471557575
gene_7038	interaction_vs_onu	1609.05381411164	-0.200040583107406	0.0855974174996152	-2.33699320552872	0.0194395373741341	0.0351727837502828
gene_7051	interaction_vs_onu	982.652909239019	0.350003956208703	0.149802434096206	2.33643704336556	0.0194684752068787	0.0352176981764331
gene_5202	interaction_vs_onu	44.6045778979324	0.646215057116084	0.276748110981914	2.33502969477654	0.0195418695313376	0.0353429966592541
gene_6200	interaction_vs_onu	593.252387780658	0.958208965794057	0.410450050842603	2.33453245730382	0.019567858575764	0.0353825241674145
gene_7073	interaction_vs_onu	196.214302644127	0.449019975288197	0.192402073636514	2.33375850270972	0.0196083708260822	0.0354482902368033
gene_5918	interaction_vs_onu	74.1459845836482	-0.614817224226684	0.263609891848052	-2.33229952000843	0.0196849397689853	0.035579198568943
gene_4068	interaction_vs_onu	106.909707761903	0.627877255257747	0.269274693934842	2.33173509951023	0.0197146311225493	0.0356178223742131
gene_3037	interaction_vs_onu	505.171221222373	0.356839711376508	0.1530312098148	2.331810039327	0.0197106866614603	0.0356178223742131
gene_4236	interaction_vs_onu	957.318743265735	-0.259415956701062	0.111289356706439	-2.33100418924474	0.0197531387844968	0.0356798624172384
gene_267	interaction_vs_onu	940.443529335827	0.519892692586097	0.223045776785976	2.33087888987452	0.0197597467132582	0.0356842683260528
gene_7443	interaction_vs_onu	8911.98393341525	0.213885516694758	0.0917944069463849	2.33004955105472	0.0198035323490485	0.0357557977025639
gene_3490	interaction_vs_onu	7856.99865911052	0.417898729074983	0.179437254529543	2.32894072176176	0.0198622062567538	0.0358501204942326
gene_2515	interaction_vs_onu	3270.43656767377	0.201983868392556	0.0867291501321602	2.32890404304398	0.0198641497084282	0.0358501204942326
gene_4333	interaction_vs_onu	986.761029590949	0.252962922798699	0.108624954275146	2.32877357221202	0.0198710641571953	0.035855039878919
gene_2568	interaction_vs_onu	1780.32671895129	0.167427061984822	0.0719214642420838	2.32791509112316	0.0199166127519077	0.0359296533522297
gene_5964	interaction_vs_onu	134.42878494803	-0.41875813864362	0.179892651422276	-2.32782237258061	0.019921537586618	0.0359309653901075
gene_6939	interaction_vs_onu	2123.77976362628	0.185802409719913	0.0798501381569625	2.32688901996235	0.0199711727543273	0.036012900521812
gene_4580	interaction_vs_onu	459.267471981373	-0.360999525390217	0.155238440085304	-2.32545189961873	0.0200478090770971	0.0361434805602256
gene_2964	interaction_vs_onu	235.117638275387	-0.381298870306321	0.163993455885099	-2.32508588985084	0.020067367987874	0.036166073590355
gene_4539	interaction_vs_onu	1466.01914664446	-0.180010768181737	0.0774220124374595	-2.32505927596686	0.0200687908357694	0.036166073590355
gene_2814	interaction_vs_onu	3015.92223337751	-0.280940834679118	0.120883463256705	-2.32406341703265	0.020122095387068	0.0362545014761739
gene_1429	interaction_vs_onu	2.43770195136399	-3.7884322643589	1.63038814340518	-2.32363825735785	0.0201448901799498	0.0362879334891352
gene_7490	interaction_vs_onu	772.572847037836	0.484946880339089	0.208734175839937	2.32327494234083	0.0201643870444791	0.0363154119715424
gene_2737	interaction_vs_onu	231.169287783095	-0.320972256240455	0.138214858077247	-2.32227027329484	0.0202183871498124	0.0364050050488839
gene_1841	interaction_vs_onu	194.524512163808	0.5017560668754	0.216084336087432	2.32203812622669	0.0202308827885035	0.0364198436739412
gene_3712	interaction_vs_onu	2967.8080185298	0.223507585601224	0.0962617413843494	2.32187349186644	0.020239748545072	0.0364281428817949
gene_1963	interaction_vs_onu	5437.90853569956	0.177578938705264	0.0765331324177102	2.32028839138656	0.0203252816776516	0.0365743979736593
gene_8397	interaction_vs_onu	255.545775409913	0.405280870624138	0.174703874911239	2.31981615078685	0.0203508250023601	0.0366126654098787
gene_428	interaction_vs_onu	1408.34068312671	-0.409932446474828	0.176740794530579	-2.31939913795003	0.0203734043546287	0.0366455854750203
gene_5623	interaction_vs_onu	2918.94735979753	0.144325359629746	0.0622905822596643	2.31696918529533	0.0205054104201379	0.0368752758815924
gene_4957	interaction_vs_onu	866.577080142685	-0.209228135357983	0.0903146238762709	-2.31665843667378	0.020522345375358	0.0368979786626894
gene_8303	interaction_vs_onu	1222.01188165114	0.222861530107384	0.0962066276458686	2.31648832893015	0.020531620949939	0.0369069036815368
gene_4466	interaction_vs_onu	8994.65688660741	-0.186019274740473	0.0803158610845204	-2.31609637534379	0.020553007173923	0.0369375900501324
gene_615	interaction_vs_onu	1840.00272716289	0.191790580579047	0.0828178009772269	2.31581348835603	0.0205684544474971	0.0369575923741761
gene_257	interaction_vs_onu	1475.77866514195	0.381214139052825	0.164723421423953	2.31426797572206	0.0206530272914775	0.0371017657114475
gene_3368	interaction_vs_onu	24.4531822152818	-0.915406919066726	0.395626402408901	-2.31381655393313	0.0206777869341365	0.0371384507251801
gene_5238	interaction_vs_onu	1237.22557021716	-0.30539651394651	0.13199292725141	-2.31373392730971	0.0206823216510662	0.0371388028808741
gene_4640	interaction_vs_onu	3658.68177143877	0.326598892259431	0.141166092092891	2.31357890140162	0.0206908321272923	0.0371462925775214
gene_3320	interaction_vs_onu	719.483715331438	0.3218346774326	0.139270793878974	2.31085548138882	0.0208408387654639	0.0374077542110236
gene_3365	interaction_vs_onu	15.2159714191443	-1.25534493652178	0.54363703759111	-2.30916006400942	0.0209347007489709	0.0375683518681742
gene_3096	interaction_vs_onu	472.032992566532	-0.363852750195452	0.157598191617934	-2.30873683549328	0.0209581889795277	0.0376026195063419
gene_1412	interaction_vs_onu	492.818345391417	0.251513601251958	0.10900994954494	2.30725362503054	0.0210406851852854	0.037742721120294
gene_3800	interaction_vs_onu	1468.56054167166	-0.266923111370091	0.115707276653071	-2.30688267057236	0.0210613618602922	0.0377718955633985
gene_645	interaction_vs_onu	1239.41675473422	-0.190246498886432	0.0825072732592666	-2.30581488602358	0.0211209780856631	0.0378708781762205
gene_8318	interaction_vs_onu	456.903937094984	0.394528421427829	0.171149781138981	2.30516462716044	0.0211573551235791	0.0379281591325314
gene_3529	interaction_vs_onu	538.858983177747	0.44353446032996	0.19244696527455	2.30471007790225	0.0211828160981658	0.0379658512982201
gene_5306	interaction_vs_onu	151.12384145487	-0.552449400324388	0.239721454343782	-2.30454717470605	0.0211919473996577	0.0379742662217019
gene_7761	interaction_vs_onu	1236.5126536457	0.272279575675732	0.118177901720427	2.303980454145	0.0212237408144512	0.0380232778090629
gene_2163	interaction_vs_onu	1909.27461861544	0.450660047658709	0.19571406328937	2.30264519618293	0.0212988140239504	0.038149790342125
gene_4936	interaction_vs_onu	6689.90216975193	-0.305524702766151	0.132702775022444	-2.30232338935247	0.0213169417604168	0.0381742722738846
gene_7482	interaction_vs_onu	963.736529358214	-0.224320678489045	0.097437414365634	-2.30220270056923	0.0213237437576428	0.0381784661295592
gene_2878	interaction_vs_onu	3562.72126834888	-0.231024883219197	0.100398951558559	-2.30106868281834	0.0213877491660719	0.0382850549689618
gene_3818	interaction_vs_onu	22.9877180965155	-0.911763686207492	0.396281730000718	-2.30079667363378	0.0214031265660589	0.038304571065328
gene_1685	interaction_vs_onu	8179.15639488021	0.249550177229107	0.108471413496264	2.30060777476365	0.0214138111834994	0.0383156822179672
gene_2228	interaction_vs_onu	35.5077933438199	0.777540419124878	0.33798962233962	2.30048607333745	0.0214206973964808	0.0383199936706115
gene_7062	interaction_vs_onu	738.026158758615	0.229949836330129	0.0999767220687742	2.30003376357895	0.0214463072732719	0.0383577915292953
gene_1451	interaction_vs_onu	1728.36957554445	-0.277027864427383	0.120483586790448	-2.29929961256222	0.0214879318199598	0.0384161855427853
gene_1790	interaction_vs_onu	274.641938986283	0.267395606550943	0.116291665985752	2.29935313321337	0.0214848949561373	0.0384161855427853
gene_5050	interaction_vs_onu	788.938000173261	0.312735869816268	0.136057180099321	2.29856204272331	0.0215298210204946	0.0384830377814645
gene_5910	interaction_vs_onu	14484.4193313827	-0.309900063621986	0.134851581032043	-2.29808253822659	0.0215570918955563	0.0385237383352739
gene_2940	interaction_vs_onu	3266.13434804384	-0.350336020019808	0.152517673716871	-2.29701916821889	0.0216176762864501	0.038623942603217
gene_7419	interaction_vs_onu	1711.41798878573	0.169061643097888	0.0736218486844934	2.29635150595582	0.0216557913437747	0.0386839678428029
gene_1263	interaction_vs_onu	11.0327094975505	-1.867030189455	0.813093338235709	-2.29620647674494	0.0216640784034634	0.0386851424239062
gene_3557	interaction_vs_onu	469.874097084125	-0.305346186296036	0.132979968481192	-2.29618182184502	0.0216654874743232	0.0386851424239062
gene_4179	interaction_vs_onu	630.540869913631	0.416339550028109	0.181440086080535	2.29463928849388	0.0217538047414524	0.0388347379743133
gene_8599	interaction_vs_onu	156.975487769104	-0.363627777164059	0.158518161618194	-2.29391871222865	0.0217951683690455	0.0389004673142263
gene_8033	interaction_vs_onu	34.8739382140742	0.647966132283715	0.282549839372368	2.29328083754375	0.0218318417288762	0.0389577997079801
gene_7750	interaction_vs_onu	14.2191416171121	1.86052852245291	0.811608610858346	2.2923962333091	0.0218827891867497	0.0390405742889907
gene_4144	interaction_vs_onu	104.775268796419	0.596725688193437	0.260341373548229	2.29208934431197	0.0219004881536731	0.0390640088758995
gene_2119	interaction_vs_onu	216.394296298952	-0.345751076401555	0.150878056318999	-2.29159285874243	0.0219291479493283	0.0391069805096354
gene_7057	interaction_vs_onu	383.991304714061	0.484547746627613	0.211467149782705	2.2913617889375	0.0219424976550954	0.0391226369355586
gene_2030	interaction_vs_onu	98.5853307294331	-0.581492076189123	0.253836376620737	-2.29081459454467	0.0219741391778236	0.0391708936614266
gene_8116	interaction_vs_onu	156.715734687653	-0.406199362322149	0.17734725922686	-2.29041804250577	0.0219970946051636	0.0392036497647722
gene_1470	interaction_vs_onu	327.767353872295	-0.319863273908676	0.139681861716106	-2.28994137090452	0.0220247155658555	0.0392447055045219
gene_5198	interaction_vs_onu	7.78811527314653	-1.77744167871027	0.776604590919739	-2.28873444670889	0.0220947863049024	0.0393613674859448
gene_2872	interaction_vs_onu	1138.4975120587	0.342753505458074	0.149838514330126	2.28748601112606	0.0221674710279315	0.0394826367039313
gene_1455	interaction_vs_onu	501.276083135664	-0.393356973055706	0.17218828846891	-2.28445834820368	0.0223446077979898	0.0397898570315775
gene_8394	interaction_vs_onu	2383.2061407416	0.156369020818302	0.06848919566954	2.28311953863179	0.0224233279443569	0.039921731947524
gene_1469	interaction_vs_onu	31.0939460087257	0.82962966330896	0.363689021668253	2.28115124152888	0.0225394988452517	0.0401202142057298
gene_7738	interaction_vs_onu	633.276553743469	0.217125063066046	0.0952258115904471	2.28010724655066	0.0226013285508486	0.0402219069428823
gene_4798	interaction_vs_onu	212.73474849494	0.55577193489187	0.243850103358629	2.27915398532556	0.0226579133231256	0.0403142253265341
gene_6307	interaction_vs_onu	1066.01142940855	0.314456256771974	0.138044995982683	2.2779257917572	0.0227309993080901	0.0404358591182983
gene_1342	interaction_vs_onu	17.7729932489476	-1.1611708485985	0.509787149019218	-2.27775621812453	0.022741106184997	0.040445432982251
gene_5904	interaction_vs_onu	1704.59043986231	-0.340980996388871	0.149762087559054	-2.27681786456413	0.0227971042689287	0.0405324161902387
gene_3762	interaction_vs_onu	3212.81776041005	0.263095057086466	0.115555866047903	2.27677803026808	0.0227994841070093	0.0405324161902387
gene_4540	interaction_vs_onu	1368.16233828771	0.21709073257359	0.0953705467822698	2.27628696592468	0.0228288397192804	0.0405761769096844
gene_6385	interaction_vs_onu	39.656853822315	0.709503978819336	0.311878763857278	2.27493520252639	0.0229098172163549	0.0406877768580771
gene_395	interaction_vs_onu	825.503815308838	0.210266192339794	0.0924278901234584	2.27492147726121	0.0229106407074687	0.0406877768580771
gene_488	interaction_vs_onu	2097.45129261019	0.209386072092281	0.0920367435714687	2.27502695083608	0.0229043131439087	0.0406877768580771
gene_199	interaction_vs_onu	4350.35871057085	0.195763648829829	0.0860516924681294	2.27495407951835	0.0229086846729419	0.0406877768580771
gene_6466	interaction_vs_onu	809.555112241064	-0.305278180295651	0.134205121499763	-2.27471334092262	0.0229231316635816	0.0406966971443631
gene_1257	interaction_vs_onu	1946.82894813545	0.221033229739785	0.0971711594297792	2.27467934968415	0.0229251721530512	0.0406966971443631
gene_8546	interaction_vs_onu	1.51075352822899	4.10673829459511	1.8062405344589	2.27363865235445	0.0229877214834267	0.0407823618441726
gene_5348	interaction_vs_onu	927.463405010778	-0.195319854833846	0.0859017639152724	-2.27375837155679	0.0229805184286653	0.0407823618441726
gene_6143	interaction_vs_onu	1262.21831982454	-0.174110303387295	0.076576270198992	-2.27368482344269	0.0229849433101834	0.0407823618441726
gene_8558	interaction_vs_onu	89.109266621235	0.487233410582227	0.21440580618616	2.27248235133699	0.0230573927694759	0.0408974890399324
gene_7789	interaction_vs_onu	953.948394917778	0.24113273747724	0.106237977138382	2.26974142366386	0.0232232764884936	0.0411831876406682
gene_5853	interaction_vs_onu	22059.0668479654	-0.203329384905044	0.0896009974358827	-2.2692759090159	0.0232515526034811	0.0412247908628413
gene_6241	interaction_vs_onu	106.882848085584	0.536701134703485	0.236536954751363	2.26899486072965	0.0232686383991442	0.0412465406288413
gene_8110	interaction_vs_onu	634.432594520706	0.287468976265553	0.126735254102638	2.26826369900789	0.023313139058403	0.0413168675652029
gene_5317	interaction_vs_onu	948.167863946603	0.211120422404221	0.0930985597768719	2.26770879066454	0.0233469617136021	0.0413682451393984
gene_2124	interaction_vs_onu	8651.07489042585	0.230094256275182	0.101493810220191	2.26707673872912	0.023385538291753	0.0414280231327413
gene_2433	interaction_vs_onu	2418.50785481	-0.140383403117676	0.0619437274093274	-2.2663053869848	0.0234326918300921	0.041502967528572
gene_2839	interaction_vs_onu	2353.17250526627	-0.166217628187648	0.0734514050196408	-2.26296049943771	0.0236381243771816	0.0418581598404375
gene_4216	interaction_vs_onu	241.994643366172	0.379266444866498	0.167615749536262	2.2627136526001	0.0236533466686142	0.0418677931106985
gene_2173	interaction_vs_onu	1969.38504404245	-0.163188777945198	0.0721196521272468	-2.26275048661175	0.0236510746877326	0.0418677931106985
gene_3845	interaction_vs_onu	858.2159284735	0.286405852544311	0.126591437527404	2.26244253275274	0.0236700756028892	0.0418887424355451
gene_239	interaction_vs_onu	1700.21662149168	0.34807799679755	0.153862547426292	2.26226591603974	0.0236809789220786	0.0418993756868527
gene_1204	interaction_vs_onu	2025.34800871805	0.283215309855185	0.125250534593249	2.26119042744948	0.0237474676231246	0.0420083328898422
gene_3948	interaction_vs_onu	344.012337353408	-0.303934772462939	0.134468748472955	-2.26026326499252	0.0238049164542661	0.0420956641956882
gene_3967	interaction_vs_onu	1849.0773092331	-0.182309747892084	0.0806596440568808	-2.26023496661502	0.0238066717723512	0.0420956641956882
gene_7187	interaction_vs_onu	1.87541389546461	-4.15468531148265	1.8383750830673	-2.25997694907322	0.0238226815039539	0.0421152733733676
gene_3277	interaction_vs_onu	1009.11005718297	-0.347193770948225	0.153664772851312	-2.25942331808328	0.0238570652768386	0.0421673505615814
gene_2442	interaction_vs_onu	1521.2949788851	0.196239014044201	0.0868596106373761	2.25926656364447	0.0238668084745174	0.0421758630350679
gene_1837	interaction_vs_onu	343.114731231292	0.305937082323719	0.135461224372779	2.25848454965831	0.023915466754408	0.0422531259892121
gene_587	interaction_vs_onu	387.663980526458	-0.306867469052136	0.135889652608053	-2.25821071113659	0.023932525794027	0.0422745399911002
gene_7675	interaction_vs_onu	1348.60399336607	-0.207316995762033	0.0918440219127812	-2.25727261768773	0.0239910452720031	0.0423691659848043
gene_7188	interaction_vs_onu	567.45711298428	0.307664418966126	0.136352333665621	2.25639276347566	0.0240460444427834	0.0424575372174559
gene_218	interaction_vs_onu	609.582271721181	0.396575447260957	0.175898602933996	2.25456848801561	0.0241604272712143	0.0426507027101659
gene_6840	interaction_vs_onu	7243.34966505647	0.381081403630466	0.169056114542616	2.25417107604471	0.0241854076475447	0.042685997827419
gene_925	interaction_vs_onu	441.040752555357	0.425269606336694	0.188671448424226	2.25402205733047	0.0241947803819776	0.0426937373881114
gene_2238	interaction_vs_onu	2470.52244315281	-0.285248365301093	0.126565841632535	-2.25375473841725	0.0242116016591196	0.0427146146335663
gene_6353	interaction_vs_onu	17.7231131064977	1.01841992356877	0.451898738273128	2.25364630903934	0.0242184275624629	0.0427178528610514
gene_5596	interaction_vs_onu	1154.71066149052	0.282298227372362	0.125348336312194	2.25210988576081	0.0243153287365244	0.0428799369560463
gene_2508	interaction_vs_onu	1801.45313889478	-0.250303195458552	0.11116132972075	-2.25171105893877	0.0243405373459308	0.0429155509127019
gene_3164	interaction_vs_onu	747.996532210852	0.35201694263687	0.156343914355084	2.25155513144809	0.0243503991976261	0.0429240974323888
gene_1547	interaction_vs_onu	714.932046718253	0.252358244371294	0.112094010631195	2.25130890535791	0.0243659791622603	0.0429427180623735
gene_1425	interaction_vs_onu	2475.21655789608	-0.243067626499052	0.107990733005943	-2.25081930396448	0.024396984378731	0.0429885109678752
gene_7044	interaction_vs_onu	4538.26436852239	-0.181578786286909	0.0807020009333305	-2.24999113016931	0.0244495083663835	0.0430721941996795
gene_3673	interaction_vs_onu	1173.3069139968	-0.260189458686424	0.115722235095777	-2.24839641639378	0.0245509234983638	0.0432419557913568
gene_232	interaction_vs_onu	3371.57552932194	0.3003509236409	0.133611203269667	2.24794715032018	0.0245795601035619	0.0432834878598003
gene_7024	interaction_vs_onu	182.401306795789	-0.326437345315793	0.14523724265277	-2.24761458805875	0.0246007765433547	0.0433116002205405
gene_5424	interaction_vs_onu	2642.84893198164	0.3162766708766	0.140721369190498	2.24753832837177	0.0246056439103374	0.0433116002205405
gene_3605	interaction_vs_onu	7390.68289974054	0.456904271491304	0.203352852119394	2.24685450304402	0.0246493271884555	0.0433795725191569
gene_2121	interaction_vs_onu	497.507497061485	-0.312808579755841	0.139248238192134	-2.24640960501224	0.0246777836712679	0.0434207252263214
gene_4462	interaction_vs_onu	1423.25017780312	-0.170220971547275	0.075785887736446	-2.24607742458909	0.0246990490846182	0.0434492108845729
gene_7003	interaction_vs_onu	42.8930630747667	0.710548642813626	0.316388495166565	2.24581062102006	0.0247161407180997	0.0434703440614205
gene_1291	interaction_vs_onu	22687.401816892	0.191099383293049	0.0851011517292139	2.24555578167866	0.0247324754797042	0.0434901376553549
gene_6659	interaction_vs_onu	1772.81140493913	0.217690023595741	0.0969493186209668	2.24540024305712	0.0247424498314242	0.0434987411289775
gene_4330	interaction_vs_onu	28.5308418768549	-0.873879707969315	0.389338449310596	-2.24452455059781	0.0247986711292679	0.0435707358100438
gene_3325	interaction_vs_onu	672.083170693076	-0.228360028368426	0.101737777531442	-2.2445942294921	0.0247941935494355	0.0435707358100438
gene_2893	interaction_vs_onu	1616.75399052275	-0.173607950750921	0.0773427211164164	-2.2446579102073	0.0247901020262248	0.0435707358100438
gene_6746	interaction_vs_onu	35683.7611248785	0.173608638436758	0.0773716437100702	2.24382771403061	0.0248434885256217	0.0436405216046218
gene_7068	interaction_vs_onu	742.67587738492	-0.259948493862508	0.115908123915941	-2.2427115984642	0.0249154182198594	0.0437578949450137
gene_1163	interaction_vs_onu	1089.94781121124	-0.187272910726631	0.0835090032209794	-2.24254755180199	0.0249260056330351	0.0437675093782114
gene_5862	interaction_vs_onu	240.193177616062	0.411751918914157	0.183804415056243	2.24016337577181	0.0250803183705738	0.0440294350393995
gene_51	interaction_vs_onu	549.531067659133	0.266044915775663	0.118822434720145	2.2390124929039	0.0251551033046955	0.0441516678876755
gene_400	interaction_vs_onu	6080.73000185133	-0.15929969192535	0.0711670731200643	-2.23839038113313	0.0251956087502158	0.0442136963718423
gene_539	interaction_vs_onu	1246.21336132138	-0.159438534386284	0.0712368171324849	-2.23814792412417	0.0252114103102166	0.044232357502655
gene_4095	interaction_vs_onu	1626.485511941	0.281906280276964	0.125998037136149	2.23738628540972	0.025261104113946	0.0443104613146266
gene_1007	interaction_vs_onu	1885.99214801629	-0.192800538029947	0.0861867424521158	-2.23700922606588	0.0252857370486761	0.0443445829003621
gene_3413	interaction_vs_onu	32.660405295381	-0.690649124264535	0.308766595344739	-2.23680001229868	0.0252994137541576	0.0443594800769335
gene_1705	interaction_vs_onu	4717.90835314826	-0.249644836156726	0.111627889604708	-2.23640200527625	0.0253254499127495	0.044390449579482
gene_6435	interaction_vs_onu	1464.83665762239	-0.171960317956001	0.0768925556152392	-2.23637147419666	0.0253274481011904	0.044390449579482
gene_3512	interaction_vs_onu	2788.12022184281	0.388462593973223	0.1737153504663	2.23620188388926	0.0253385498780024	0.0444008161628864
gene_1238	interaction_vs_onu	1316.86955257889	0.291750075834047	0.130578395359893	2.23429055802028	0.0254639611953326	0.0446023138596373
gene_2910	interaction_vs_onu	1442.79615717243	0.288490478212883	0.129117072874571	2.23433254634833	0.0254612003793895	0.0446023138596373
gene_3287	interaction_vs_onu	400.903741836783	-0.288402042017485	0.129098740204281	-2.23396480524232	0.025485388888527	0.0446307137655056
gene_2479	interaction_vs_onu	3703.28687034224	0.208533834634093	0.093381155322375	2.23314686902494	0.0255392606955056	0.044715907456234
gene_2068	interaction_vs_onu	833.357507663001	0.591603949261174	0.264949640100694	2.2328920659652	0.0255560629255618	0.0447361755915765
gene_1895	interaction_vs_onu	624.271633341785	0.25182245020491	0.112795045108956	2.23256659866271	0.0255775388074468	0.0447646150463596
gene_7306	interaction_vs_onu	1505.88164931609	-0.314517776032399	0.140955223380773	-2.23133111699429	0.0256592039481593	0.0448983617735576
gene_5548	interaction_vs_onu	371.05873063102	0.341516610727715	0.153152694255932	2.22990925746961	0.0257534676874574	0.0450540942989241
gene_5363	interaction_vs_onu	1054.49260314191	-0.179740996881027	0.0806285004889196	-2.22924891063461	0.0257973478560723	0.0451216382607232
gene_5695	interaction_vs_onu	1366.80299377584	-0.261129310008229	0.117144932109068	-2.22911316184898	0.0258063763955876	0.0451282087734893
gene_5795	interaction_vs_onu	1363.78271204204	-0.21059983841523	0.0945360242921438	-2.22772049059748	0.0258991597392905	0.0452812106552954
gene_1879	interaction_vs_onu	5190.3433054276	-0.31605003973037	0.141909918662563	-2.22711733407362	0.0259394330079497	0.0453423619661118
gene_4344	interaction_vs_onu	2039.86804533971	-0.161766929719892	0.0726483199759363	-2.22671260358773	0.0259664875502562	0.0453803865721097
gene_1168	interaction_vs_onu	4070.42370767708	0.234845952126639	0.105479217228278	2.2264665807899	0.0259829450660015	0.0453998795192842
gene_123	interaction_vs_onu	507.41859091288	0.479425416146568	0.215398209081024	2.22576324191362	0.0260300441592094	0.0454728934699658
gene_5101	interaction_vs_onu	10134.7157629731	-0.208284242085947	0.0935926852449392	-2.2254329122073	0.026052190151181	0.0455022949794143
gene_485	interaction_vs_onu	717.759590316275	-0.216902304870436	0.0974981849548129	-2.22468043862522	0.0261026983676449	0.0455812113478254
gene_3332	interaction_vs_onu	4420.28100410165	0.222592040166587	0.10007490118667	2.22425440871919	0.0261313322456795	0.0456219057766707
gene_8077	interaction_vs_onu	559.590254731025	0.645748960409763	0.290415553979489	2.2235343512468	0.0261797897230213	0.0456971859765624
gene_5689	interaction_vs_onu	6093.64089335703	-0.271107046063104	0.121974412825682	-2.22265506168537	0.0262390683015788	0.0457913200125413
gene_2024	interaction_vs_onu	98.127390686409	-0.464929324538992	0.209187767806933	-2.22254546436048	0.0262464650880925	0.0457948922042543
gene_7171	interaction_vs_onu	459.121138881735	-0.35002887962037	0.157553325855792	-2.2216533844595	0.0263067391316286	0.0458907044969922
gene_6625	interaction_vs_onu	1307.79615682186	0.179229204513175	0.0807393948743497	2.21984825118023	0.0264290702912809	0.0460947110214678
gene_3197	interaction_vs_onu	4745.25069360408	0.121140098562978	0.0545772206065652	2.21960915591964	0.0264453102200795	0.04611363933263
gene_4736	interaction_vs_onu	880.82668745785	0.333791997724009	0.150389640717729	2.21951456317735	0.0264517375678629	0.0461154528678016
gene_1984	interaction_vs_onu	439.404257735728	-0.236893304677869	0.10678975792665	-2.21831483914949	0.0265333730901742	0.0462483554575222
gene_3647	interaction_vs_onu	534.135324098221	-0.241194852331116	0.108892369621462	-2.21498396232509	0.0267611653409013	0.0466359070273037
gene_1527	interaction_vs_onu	41060.1968802934	0.172478697637793	0.0778905486263163	2.21437261233411	0.0268031573088981	0.0466995779695029
gene_4863	interaction_vs_onu	9546.49386627513	-0.184236854274369	0.083279439095721	-2.21227299649087	0.0269478077557221	0.0469420501402079
gene_2369	interaction_vs_onu	1053.56964805035	0.196602845864164	0.0888797989119582	2.21200822088845	0.0269660969115471	0.0469643518947799
gene_4057	interaction_vs_onu	702.564082955983	0.338560596229365	0.153086043178142	2.21157062525544	0.0269963469581198	0.0470074715137317
gene_8513	interaction_vs_onu	1752.33687852367	0.496556864167732	0.224628735008123	2.21056697910788	0.0270658375227084	0.0471188873692056
gene_6495	interaction_vs_onu	759.705668743019	0.222034485473092	0.100499733206331	2.20930422787535	0.0271534873251152	0.0472618648847064
gene_7215	interaction_vs_onu	121.692368394295	-0.441050468817488	0.19968952709985	-2.20868102209963	0.0271968353553634	0.0473180712686811
gene_8236	interaction_vs_onu	403.663297349282	-0.31829509104051	0.144109905872957	-2.20869682144619	0.027195735670278	0.0473180712686811
gene_3400	interaction_vs_onu	26.0815466155143	-0.996007342208767	0.451193294886859	-2.2074958859008	0.0272794341053034	0.0474521349200156
gene_2662	interaction_vs_onu	463.549640101979	0.246994684108488	0.111906631714272	2.2071496597193	0.027303605357959	0.04748453105732
gene_2543	interaction_vs_onu	1285.52808979738	-0.188038725343036	0.0852106176448393	-2.20675228674891	0.0273313701205884	0.0475231623465847
gene_1667	interaction_vs_onu	37.0288474258918	-0.803859160922986	0.364582186522932	-2.20487777691361	0.027462672344531	0.0477417699571864
gene_884	interaction_vs_onu	152.408231138024	-0.528944226382699	0.24001463852045	-2.20379985838918	0.0275384225525862	0.0478637354416524
gene_5234	interaction_vs_onu	1952.59332286543	0.217592290804365	0.0989120874481851	2.1998554111837	0.0278171551174956	0.0483383775488759
gene_6325	interaction_vs_onu	495.822574705847	0.464542766441795	0.211221903242191	2.19931152646202	0.0278557786712872	0.0483956698652767
gene_6548	interaction_vs_onu	2534.24758849163	0.166305017791061	0.0756751718586386	2.19761665162411	0.0279764355863989	0.0485954319439072
gene_5588	interaction_vs_onu	252.057896382435	0.284560584341079	0.129704983318522	2.1939063331304	0.0282421440145654	0.0490470182115398
gene_6278	interaction_vs_onu	1221.22385659724	-0.170552706579212	0.0777939289662163	-2.19236525067757	0.0283531436662622	0.0492297991446662
gene_870	interaction_vs_onu	1664.43646328897	0.18035205190113	0.0822667391240649	2.19228395122291	0.0283590098505081	0.0492299988481747
gene_176	interaction_vs_onu	2373.19008001795	0.186193394926701	0.084934915976185	2.19218907544346	0.0283658569602983	0.049231900969212
gene_5055	interaction_vs_onu	708.49929932845	0.190181084100851	0.0867621309832033	2.19198263050581	0.028380760849391	0.0492477828645423
gene_5825	interaction_vs_onu	592.388964687904	0.206631803284107	0.0942738990434901	2.19182409320723	0.0283922107192669	0.0492576659418169
gene_2781	interaction_vs_onu	1066.07796722508	-0.329860042338134	0.150546082660477	-2.19109017324655	0.0284452677043704	0.049339714599678
gene_8530	interaction_vs_onu	1366.20237174099	0.267584284869075	0.122245634172298	2.188906676961	0.0286036236820807	0.0496043392865906
gene_69	interaction_vs_onu	543.061974754702	0.37852277627228	0.172980239925342	2.18824286771512	0.0286519160617692	0.0496780233924943
gene_4853	interaction_vs_onu	228.080857141406	-0.341431125876054	0.156104039154689	-2.18720237941901	0.0287277532723343	0.0497994264907212
