gene_id	contrast	baseMean	log2FoldChange	lfcSE	stat	pvalue	padj
gene_594	onu_vs_self	1348.64559506588	-5.50419314673942	0.121144575136742	-45.4349122981906	0	0
gene_972	onu_vs_self	20570.5811283141	-4.62906031410344	0.0991388869111689	-46.6926799193459	0	0
gene_6950	onu_vs_self	26829.7452189817	-4.587958559085	0.0447637032186557	-102.492828546252	0	0
gene_8173	onu_vs_self	12982.7696859859	-4.48050274189834	0.109871178900576	-40.7796001347432	0	0
gene_5989	onu_vs_self	3841.81062586484	-4.46512090708115	0.0675024973012873	-66.1474921016885	0	0
gene_6516	onu_vs_self	2584.74806427892	-4.33243936730372	0.0933221407521516	-46.4245604782039	0	0
gene_3809	onu_vs_self	11257.1832101299	4.29456354574599	0.0820004420658637	52.3724438253217	0	0
gene_8180	onu_vs_self	96598.2317177156	-4.26212946526387	0.110473991476779	-38.5803880921579	0	0
gene_5987	onu_vs_self	2252.24473847186	-3.79833954274171	0.100268989943794	-37.881498007219	0	0
gene_848	onu_vs_self	6072.91935089025	-3.62519223029528	0.0720479023157567	-50.3164160756206	0	0
gene_7351	onu_vs_self	90126.4367417258	-3.26331348847154	0.065074780321055	-50.1471303071874	0	0
gene_5107	onu_vs_self	1726.66403373498	-3.17084506331942	0.0832712620873371	-38.0785037218933	0	0
gene_6651	onu_vs_self	13253.6139234038	-2.99408526820667	0.0640841940804107	-46.7211191647319	0	0
gene_6634	onu_vs_self	11218.2748854183	-2.19761103555511	0.0438265650924855	-50.1433555405854	0	0
gene_6065	onu_vs_self	6105.48892061455	-2.14737383868552	0.0493728132180246	-43.4930419946492	0	0
gene_8012	onu_vs_self	8691.12856017304	-3.80413572697621	0.102151080691603	-37.2402886119336	1.52170726183027e-303	8.14113385079197e-301
gene_1502	onu_vs_self	11217.3948536144	-2.22907908618057	0.0642731558968431	-34.681338656502	1.50596091199974e-263	7.58295612159871e-261
gene_1450	onu_vs_self	641.009338270882	-4.10826284816537	0.119349992628511	-34.421978231308	1.18283913217462e-259	5.62505720634151e-257
gene_5485	onu_vs_self	18048.6745173714	-3.18727311910955	0.0945323807368743	-33.7162049052922	3.34612803190052e-249	1.50751873437202e-246
gene_8295	onu_vs_self	2504.81712750306	-2.37668039559435	0.0707305585597564	-33.6018892539414	1.57425144735044e-247	6.7377961946599e-245
gene_6610	onu_vs_self	3143.83033228001	-2.400887155948	0.0716636579359644	-33.5021575104822	4.48331971034178e-246	1.82748651050122e-243
gene_93	onu_vs_self	1865.05572702828	-3.30969707626708	0.100830972325585	-32.8242106560273	2.65858927317637e-236	1.03443291719953e-233
gene_4917	onu_vs_self	10230.4665451832	-3.27130399092532	0.100066462162646	-32.691312555931	2.07532797892484e-234	7.7238293476507e-232
gene_861	onu_vs_self	11143.8909271428	-3.22633800763496	0.100962217188747	-31.9558949622053	4.47418636111249e-224	1.59579313546345e-221
gene_4768	onu_vs_self	2385.86425596015	-2.94392436866326	0.0921362900435449	-31.9518440266253	5.09313783258779e-224	1.74389039387806e-221
gene_4151	onu_vs_self	10644.6232314092	-2.85016935963338	0.0896665786201901	-31.7863065982046	1.00084809395059e-221	3.29509987854501e-219
gene_2413	onu_vs_self	31896.9752063215	-2.58641033016602	0.0814149666187835	-31.768241609391	1.77796811350129e-221	5.63681742650778e-219
gene_1225	onu_vs_self	1568.1394664427	-2.15604483898262	0.069204900715933	-31.1545109765072	4.40645127777815e-213	1.34711510492075e-210
gene_7765	onu_vs_self	40782.5214825025	-2.8975177647485	0.093238298544253	-31.0764761904494	5.0082082346235e-212	1.47828491339232e-209
gene_4555	onu_vs_self	8694.63141393915	-4.5087722853261	0.145299617206529	-31.0308614159481	2.06775833596741e-211	5.90000378529368e-209
gene_826	onu_vs_self	5025.47794956075	-5.05503964072489	0.162983717513915	-31.0156113618731	3.32032170075874e-211	9.16837218015963e-209
gene_5809	onu_vs_self	1205.24203718541	-2.50433109926183	0.0812668293881059	-30.816153627723	1.59226333884085e-208	4.25930443139927e-206
gene_7713	onu_vs_self	3199.41186682678	-1.99114944760291	0.0649609160672966	-30.6514989034356	2.5238920220164e-206	6.54682294195769e-204
gene_3064	onu_vs_self	5260.92854873376	1.95450224925416	0.0639382478342363	30.5685925945503	3.20171209495134e-205	8.06078103905397e-203
gene_3208	onu_vs_self	2086.87475002065	-2.68634081658733	0.0882025544772784	-30.4564967818404	9.82661984403613e-204	2.40331045328427e-201
gene_7725	onu_vs_self	938.303152049709	4.61297288752665	0.152058405068898	30.3368490905617	3.74620867183418e-202	8.90765173080573e-200
gene_650	onu_vs_self	2816.10536331725	-1.99603510166772	0.0660484814911242	-30.2207568835016	1.26431817106689e-200	2.92501717414394e-198
gene_649	onu_vs_self	45894.6759012884	-4.55907606785332	0.152408188995032	-29.9135899318502	1.3100014503876e-196	2.95095063560996e-194
gene_5945	onu_vs_self	37585.9012396001	-2.04623677627769	0.0685938975117509	-29.831178144195	1.54038497592399e-195	3.38094753689983e-193
gene_3211	onu_vs_self	1502.30296100747	5.47675535572054	0.184631760776837	29.6631269326422	2.29686200754734e-193	4.9152846961513e-191
gene_7125	onu_vs_self	3378.74745779112	-1.85959952561168	0.062817199554739	-29.6033497002874	1.35305418202369e-192	2.82491312149335e-190
gene_8356	onu_vs_self	16364.2098208027	-1.83378514502375	0.0620439433326407	-29.5562313825242	5.46139180604957e-192	1.1130836633282e-189
gene_4150	onu_vs_self	143538.67373119	-3.1216993735187	0.106050533361094	-29.435961089319	1.90428347236581e-190	3.7908526798724e-188
gene_7380	onu_vs_self	1537.60764451627	-2.0908477362865	0.0712065347953996	-29.3631440189332	1.62381953900253e-189	3.15906710315037e-187
gene_1417	onu_vs_self	50193.3832035598	-4.95815684610099	0.169945441691967	-29.1749916722559	4.02718732381781e-187	7.66060522041789e-185
gene_3360	onu_vs_self	6871.99512066851	-3.06420527064679	0.106868486354848	-28.6726740048733	8.36315671392412e-181	1.55627437980849e-178
gene_7448	onu_vs_self	4549.9027028134	-2.30704205070856	0.0806182066688634	-28.6168862597584	4.14217663237034e-180	7.54404935597662e-178
gene_6053	onu_vs_self	2292.77590094024	-2.7076981308175	0.0949735639976591	-28.5100191763282	8.80096591727868e-179	1.56950558858137e-176
gene_4099	onu_vs_self	739.936206059539	-3.09894718693333	0.10905528250523	-28.4162959899233	1.27205516152368e-177	2.22220248625361e-175
gene_5656	onu_vs_self	16738.0260201908	-3.130121461968	0.110645917978679	-28.2895340302672	4.64866285425941e-176	7.9585108064921e-174
gene_5886	onu_vs_self	7585.38959133845	-3.35704002077258	0.121631074840887	-27.6001837948413	1.10706850967176e-167	1.85813851819417e-165
gene_7824	onu_vs_self	1611.20578382321	-2.56024617250812	0.0939679646149834	-27.2459468819854	1.85618016943103e-163	3.05555812506339e-161
gene_3680	onu_vs_self	1077.78914789656	-3.69479231847346	0.136592424581589	-27.0497601151117	3.84436053521953e-161	6.20900493990173e-159
gene_5082	onu_vs_self	1593.86991189273	-2.1412958893064	0.0793813315624752	-26.9748043672099	2.91980060293178e-160	4.62842465946222e-158
gene_928	onu_vs_self	875.034415699132	-2.5256247952948	0.0950962596027538	-26.5586134075631	2.04246651226041e-155	3.17882060817257e-153
gene_7398	onu_vs_self	2102.57215498242	1.89390501119344	0.0725580093315653	26.1019428267242	3.4652707631581e-150	5.29691388082738e-148
gene_4303	onu_vs_self	21228.7009283425	1.48888713175287	0.0572366707979261	26.0128185479093	3.54650017443166e-149	5.32597219177808e-147
gene_4044	onu_vs_self	45498.0397766748	-2.30286763761718	0.09041040678257	-25.4712672973078	4.10440829052265e-143	6.05754051152998e-141
gene_1855	onu_vs_self	1690.73767458368	-1.97796348909975	0.0783279789479432	-25.2523238268959	1.06791918589285e-140	1.54938783580386e-138
gene_7339	onu_vs_self	7023.28497478721	2.4676686862867	0.0982826484683078	25.1078773796213	4.07969260321556e-139	5.8203614472542e-137
gene_7412	onu_vs_self	1616.83924928524	-2.02424706889247	0.0806714842687909	-25.0924733471847	6.00911406765404e-139	8.43246170805222e-137
gene_6429	onu_vs_self	836.43220379418	-4.40302524233078	0.178807147053055	-24.62443652224	6.91568729788117e-134	9.54811020481658e-132
gene_5750	onu_vs_self	7684.23841589279	-2.2103414004226	0.0898810463119931	-24.5918521325409	1.54398759457963e-133	2.09786250946058e-131
gene_7147	onu_vs_self	5095.16878387325	-3.1277997117807	0.127364728971687	-24.5578170427073	3.56853635819889e-133	4.77291737909101e-131
gene_8276	onu_vs_self	2710.19999479022	-2.67796088863286	0.109081701259229	-24.5500469622195	4.32000674827547e-133	5.68911657926739e-131
gene_6226	onu_vs_self	24832.0864548689	-2.03114760727346	0.0827621870669767	-24.5419759826999	5.26823318821193e-133	6.83273880168092e-131
gene_7328	onu_vs_self	15314.7122548756	1.10776452432052	0.0451807826346965	24.518489050471	9.3819653741657e-133	1.19865109855013e-130
gene_6970	onu_vs_self	1367.77174959765	2.52843696685651	0.103644699295964	24.3952366501291	1.92131340348661e-131	2.41859451968315e-129
gene_4130	onu_vs_self	4584.75269694372	-2.19763770224305	0.0901695578281778	-24.3722799043858	3.36597979102171e-131	4.17576623349939e-129
gene_8191	onu_vs_self	10862.4047510307	-2.89193662609882	0.1187928877847	-24.3443583200045	6.65244467949901e-131	8.13498949378737e-129
gene_5946	onu_vs_self	7872.10627219754	-2.03831032909818	0.0840555980104576	-24.2495488384317	6.68502464586713e-130	8.0596916857215e-128
gene_7818	onu_vs_self	7432.49894809509	-1.49654445439806	0.0619572756153636	-24.1544586900293	6.70311709271315e-129	7.96926143244785e-127
gene_150	onu_vs_self	3886.25146828636	-2.77283492185915	0.114895866405383	-24.1334610949001	1.11384654672505e-128	1.30609951232417e-126
gene_1768	onu_vs_self	1685.35373620958	1.76046612706271	0.0733676143008538	23.9951393246028	3.12545300815954e-127	3.61538888511427e-125
gene_4913	onu_vs_self	6577.71996839485	-2.88848164760188	0.12120108607474	-23.8321432682596	1.551202901388e-125	1.77043957811751e-123
gene_6464	onu_vs_self	16351.3410330603	-3.60209885104814	0.151562361445425	-23.7664471356577	7.42834517418073e-125	8.3666624593404e-123
gene_7005	onu_vs_self	3275.85698448065	-1.72685214102739	0.0728652355548437	-23.6992597070195	3.66962119519381e-124	4.07947499102066e-122
gene_6273	onu_vs_self	1056.81536960057	-3.30329304626042	0.140084486905293	-23.5807198872327	6.07863447494953e-123	6.67091168020102e-121
gene_3728	onu_vs_self	5520.17404551941	-1.24512877144983	0.0529542924643275	-23.5132736838776	2.98382072959801e-122	3.23310195510873e-120
gene_7379	onu_vs_self	5287.27763492343	-2.10359416279572	0.0897400101528829	-23.4409842300217	1.63368208295244e-121	1.74387022525491e-119
gene_6031	onu_vs_self	36821.9677758384	-1.87199959369009	0.0798615663934829	-23.4405569315611	1.65015757296318e-121	1.74387022525491e-119
gene_1427	onu_vs_self	2079.07738234407	-2.19051726152906	0.0936712412016231	-23.3851631880704	6.05058007032484e-121	6.31621529292447e-119
gene_4914	onu_vs_self	10623.8069253593	-1.46330696978263	0.0629079190896025	-23.261093213056	1.09854231884379e-119	1.13295448786781e-117
gene_2096	onu_vs_self	778.057228052276	-3.241540904296	0.139754170920303	-23.1945914955522	5.16305289158806e-119	5.26139675618974e-117
gene_8011	onu_vs_self	2482.7184287363	-2.04283866554331	0.0888581374715808	-22.9898884184543	5.88403140712371e-117	5.92556574646811e-115
gene_136	onu_vs_self	12624.5435872089	-2.20277411859126	0.0965801789960641	-22.8077245402602	3.84330433906017e-115	3.82542850492501e-113
gene_1514	onu_vs_self	1870.32807449344	1.78713223829056	0.0788230929578395	22.6726987133892	8.33262317669533e-114	8.19853498764506e-112
gene_1575	onu_vs_self	935.456501955207	3.15249843018125	0.13926821110871	22.6361666103435	1.90944695273363e-113	1.85737112674998e-111
gene_5351	onu_vs_self	6689.24783769766	-1.92064675464943	0.0853206040939151	-22.5109371299729	3.24342151144498e-112	3.11951552112012e-110
gene_7350	onu_vs_self	6424.26089341993	-1.99829416078181	0.088789922665413	-22.5058666658826	3.63635289490357e-112	3.45857564226384e-110
gene_7420	onu_vs_self	1206.00690704895	-1.96941235135992	0.0879864609841651	-22.3831295102818	5.74664943241543e-111	5.40563946609627e-109
gene_1357	onu_vs_self	3032.1310716306	-2.13260646701507	0.0955026337976203	-22.3303419205618	1.87487477874187e-110	1.74444870717721e-108
gene_7808	onu_vs_self	1944.37841429284	-1.45830813013979	0.0660243792225296	-22.0874190308504	4.17582274228555e-108	3.84355297569509e-106
gene_7360	onu_vs_self	25001.3441492039	-2.36796525730497	0.108717291298359	-21.7809442180308	3.51748251393613e-105	3.20315428928652e-103
gene_2417	onu_vs_self	3658.57180896771	-1.39503239181939	0.0645660428414869	-21.606286066567	1.56762132152028e-103	1.41250931707512e-101
gene_6175	onu_vs_self	12021.2409866858	-1.97612129433057	0.0922420489652516	-21.4232155128622	8.11865404646497e-102	7.23913319143126e-100
gene_2674	onu_vs_self	2975.07566345039	-1.86430801009021	0.0873169113139331	-21.3510531011273	3.81250324799955e-101	3.36443585596661e-99
gene_2099	onu_vs_self	12859.4077407423	-1.11559872345498	0.0528704154825647	-21.1006233499881	7.84945315385898e-99	6.85625704051356e-97
gene_1905	onu_vs_self	1818.09544801364	-2.06730964520589	0.0979839929915036	-21.0984425321914	8.21992433268241e-99	7.1073285139153e-97
gene_6922	onu_vs_self	5601.03159765576	-1.2165651442996	0.0577294627162657	-21.0735573666933	1.39080043531533e-98	1.19052517262992e-96
gene_7395	onu_vs_self	2002.77247341228	-2.3422436333509	0.111741715801844	-20.9612284592487	1.48212338171851e-97	1.25613625222876e-95
gene_6336	onu_vs_self	1408.0359311187	-2.37127162017009	0.11365532404452	-20.8637091144208	1.14442585699863e-96	9.60420130971397e-95
gene_2207	onu_vs_self	8561.56644539103	-1.52227591988956	0.0730648966446138	-20.834572959076	2.10382687259056e-96	1.74842310964808e-94
gene_179	onu_vs_self	2326.44786922165	-1.9970683083753	0.0961500718806895	-20.7703256930833	8.03119103106072e-96	6.61028800248844e-94
gene_1861	onu_vs_self	1036.74623177306	2.75074028563751	0.132775400966344	20.7172432967066	2.42159093515412e-95	1.97417318142088e-93
gene_3456	onu_vs_self	1237.61197353785	-3.78640681015069	0.183317266509654	-20.6549381967316	8.81338603594536e-95	7.11722494978229e-93
gene_4061	onu_vs_self	3797.36620838758	-1.56833188894083	0.0763065330675767	-20.5530486826328	7.2278354710167e-94	5.78226837681336e-92
gene_3050	onu_vs_self	2287.5043481405	-1.38351931372458	0.068814748856203	-20.1049823870696	6.67441872692395e-90	5.29009484282121e-88
gene_7449	onu_vs_self	5936.90701764868	-2.00587576803014	0.0998341312022665	-20.0920841787684	8.65516105903748e-90	6.79708061150099e-88
gene_6022	onu_vs_self	964.993399145179	-2.1728091105196	0.108871597864973	-19.9575385420025	1.28907186730547e-88	1.0031322894668e-86
gene_7330	onu_vs_self	1855.44317371192	2.11186620382011	0.105994358255094	19.9243265262998	2.50392196254858e-88	1.91371178566213e-86
gene_7503	onu_vs_self	7328.5005827462	1.49063727773673	0.0748139089551302	19.9246009004923	2.49023685089466e-88	1.91371178566213e-86
gene_6054	onu_vs_self	2549.28408832403	1.29577857662855	0.0650784072468932	19.9110370312636	3.26486403818248e-88	2.4732067404285e-86
gene_3223	onu_vs_self	16310.8256317381	-1.66224904412961	0.0836784916184087	-19.8647108950029	8.22241707103912e-88	6.17402544983288e-86
gene_3599	onu_vs_self	20972.4868212726	1.24907846901149	0.0629348561929298	19.8471649030607	1.1659666491399e-87	8.67884740577181e-86
gene_6911	onu_vs_self	843.676599202199	-1.56150698724077	0.078856173039493	-19.8019625737953	2.86318775049236e-87	2.11283509863919e-85
gene_2707	onu_vs_self	1950.68174278917	-2.15029094317964	0.108952478865119	-19.7360442422026	1.05739444675532e-86	7.73615082412439e-85
gene_7335	onu_vs_self	893.594336730453	2.19697251284477	0.111688996419619	19.6704472532878	3.86357809651061e-86	2.80273122933312e-84
gene_1923	onu_vs_self	34711.2629784235	-2.77920436860445	0.142041152372718	-19.566191362006	3.00302752346399e-85	2.16016097486149e-83
gene_7591	onu_vs_self	6044.40726992169	-1.13822442208736	0.0585645975773156	-19.435366572522	3.87635413760612e-84	2.76513261815904e-82
gene_5133	onu_vs_self	12287.9079489283	-0.9965465533256	0.0515288533712272	-19.3395833232737	2.49482813794152e-83	1.7649362694859e-81
gene_1970	onu_vs_self	582.67167028229	-2.02524638847708	0.104966911426716	-19.2941409911925	6.01564235883089e-83	4.22081135996659e-81
gene_5443	onu_vs_self	2337.22131810027	1.4333841927162	0.0748840117538582	19.1413915887372	1.14179453718431e-81	7.94614734820948e-80
gene_6420	onu_vs_self	5893.91899690473	-1.46748696240861	0.0769229022238719	-19.0773738377385	3.89336123281235e-81	2.68767517361885e-79
gene_763	onu_vs_self	7358.75938016016	-1.33586017252954	0.0701496372150979	-19.043008995662	7.508731140063e-81	5.14197908471514e-79
gene_6011	onu_vs_self	9108.66855888095	-2.43887070536937	0.128095083034959	-19.0395341303129	8.02381382727957e-81	5.4510989175804e-79
gene_393	onu_vs_self	7669.7638345728	-2.06036405983631	0.108259781589349	-19.0316665116847	9.32398164378801e-81	6.28451046226971e-79
gene_7289	onu_vs_self	1309.02644108875	2.0989720302392	0.110720112249881	18.9574593774083	3.83213520062333e-80	2.56274041541685e-78
gene_6571	onu_vs_self	952.854719962292	-1.44141161493634	0.0761131670858984	-18.937743233173	5.57354125946861e-80	3.6984118745001e-78
gene_1761	onu_vs_self	1181.74532463285	1.55384612755449	0.0821045885284525	18.9252044910501	7.07145438905381e-80	4.65628073617697e-78
gene_636	onu_vs_self	578.912871531249	2.48067258322893	0.131100651344378	18.92189365797	7.52998370908214e-80	4.92035576715596e-78
gene_4310	onu_vs_self	1480.79640472477	1.52130264824386	0.0809016854026964	18.8043381379686	6.95853307326995e-79	4.51250326569627e-77
gene_4331	onu_vs_self	2009.34092527869	1.3120387063462	0.0698040894073088	18.7960149252921	8.14078655652229e-79	5.23948367848352e-77
gene_7338	onu_vs_self	552.782231744367	2.27208790096202	0.121187221808831	18.7485765169712	1.9884241540977e-78	1.27021722082659e-76
gene_8388	onu_vs_self	5710.92119476854	-1.22026236156367	0.0651025735933891	-18.7436885242826	2.17979903071739e-78	1.38215405206969e-76
gene_1892	onu_vs_self	1220.03244393468	2.60070041678411	0.139124267696505	18.6933628463544	5.60651098748844e-78	3.52880397447802e-76
gene_3224	onu_vs_self	2912.48060823425	-1.23911269728898	0.0664080231248789	-18.6590812221416	1.06547417024823e-77	6.65726926812033e-76
gene_7288	onu_vs_self	4326.66385629582	1.47008798116828	0.0787996253470578	18.6560275470037	1.12812479726591e-77	6.99764366999726e-76
gene_7146	onu_vs_self	3112.95472923925	-1.64037615983272	0.0881402699724596	-18.6109727182056	2.6182081157085e-77	1.61236413456581e-75
gene_936	onu_vs_self	2488.80452258098	-1.06179580069021	0.0572899504862804	-18.5337182468761	1.10388709909693e-76	6.74948112019268e-75
gene_4414	onu_vs_self	1393.02683652497	-1.28974452132168	0.0696348101437095	-18.5215486142629	1.38398252948366e-76	8.40204996622706e-75
gene_2976	onu_vs_self	15050.4571605631	-1.45497862539142	0.0786656140922125	-18.4957384771176	2.23460019503301e-76	1.34705476545652e-74
gene_392	onu_vs_self	13709.950494424	-2.2769429469556	0.123257321449536	-18.4730847642818	3.40083628637928e-76	2.03574535744102e-74
gene_7635	onu_vs_self	1188.27739877259	-1.60685678351202	0.0870663026624037	-18.4555532321448	4.70522296855078e-76	2.79699365352741e-74
gene_4109	onu_vs_self	5641.17058557948	-1.46308941112222	0.0796820026711861	-18.3616044034406	2.66612563906977e-75	1.57393348071981e-73
gene_5169	onu_vs_self	5197.8786493525	-2.4744939036573	0.135124170505527	-18.3127407509679	6.54889733627793e-75	3.83962747935199e-73
gene_5274	onu_vs_self	2391.28876315795	1.47089626965795	0.081110171491608	18.1345476480732	1.70092869441644e-73	9.90472763551344e-72
gene_5792	onu_vs_self	12322.2362771506	-1.56414878048589	0.0874827407102804	-17.8795127791656	1.70318845520995e-71	9.85087376797109e-70
gene_8138	onu_vs_self	1634.33409039196	-1.88726858763924	0.105615079463927	-17.8693099244775	2.04508502836664e-71	1.17489448609519e-69
gene_6445	onu_vs_self	1828.00555822065	-2.30951794865554	0.129424383288607	-17.8445350866033	3.18744790523166e-71	1.8189702712522e-69
gene_6204	onu_vs_self	3540.19088811452	-1.58734608166732	0.0892293395000108	-17.7895083675603	8.52243497217357e-71	4.83126114978846e-69
gene_4807	onu_vs_self	263.314219037031	-2.64230886201248	0.149043548329035	-17.7284350220863	2.52978510800925e-70	1.4246684555631e-68
gene_5558	onu_vs_self	1249.02003555959	1.48064021414703	0.0838177671138447	17.664992341492	7.8023407071182e-70	4.36523114071449e-68
gene_7061	onu_vs_self	227.047160472158	-3.16943267894971	0.179741725268198	-17.6332605810949	1.3684286330887e-69	7.60633058392161e-68
gene_5283	onu_vs_self	4413.61212880733	-2.53953557448806	0.144209265594807	-17.6100721684801	2.06182008860865e-69	1.13865677151549e-67
gene_8046	onu_vs_self	5837.15455788318	-1.44151268696442	0.0819418367840919	-17.5919010793309	2.84181819965295e-69	1.5593566531429e-67
gene_5622	onu_vs_self	9869.79688917167	-2.12592424291821	0.121157435646577	-17.5467913427918	6.2936663813091e-69	3.43145122445897e-67
gene_6225	onu_vs_self	3633.99852623561	-1.62454671740313	0.0925979897643919	-17.5440819129731	6.60109376228735e-69	3.57628877247973e-67
gene_102	onu_vs_self	167.25874349621	4.76511547999667	0.271682112190296	17.539305188628	7.17998832209484e-69	3.86545283252402e-67
gene_6192	onu_vs_self	838.129507340789	-1.81143393061311	0.103473576023195	-17.5062465243016	1.28385432800928e-68	6.86862065484966e-67
gene_5346	onu_vs_self	1635.11443766081	-1.23674838957804	0.0706603714564825	-17.5027156535643	1.36598150826634e-68	7.26260975823594e-67
gene_1735	onu_vs_self	738.714069199106	2.08628595843856	0.119847309185704	17.4078664979107	7.19144118301655e-68	3.79992200781615e-66
gene_7815	onu_vs_self	25232.0664428359	-2.25538333551164	0.129590525653944	-17.4039214991254	7.70433378874883e-68	4.04595688537976e-66
gene_610	onu_vs_self	18191.563253449	-1.15778935829369	0.066572783883039	-17.3913315736923	9.59782753212238e-68	5.009597785059e-66
gene_2449	onu_vs_self	6677.54471866398	-1.25957947837124	0.0732710356836054	-17.1906875154635	3.11812741816e-66	1.61764670905755e-64
gene_5066	onu_vs_self	497.094405599061	-1.87788039781709	0.109613186168413	-17.1318840685084	8.58296161752882e-66	4.42591273771366e-64
gene_1498	onu_vs_self	3155.20679482041	-1.61735337638173	0.094420271113224	-17.1293023978111	8.97240967059406e-66	4.59903154372965e-64
gene_5456	onu_vs_self	964.348487524442	-2.60688599110533	0.152409049349806	-17.1045354736257	1.37291996277505e-65	6.99535409604431e-64
gene_1690	onu_vs_self	3204.63859489086	0.980758232825828	0.0578507560434939	16.953248322087	1.82108275746448e-64	9.22394580112189e-63
gene_5547	onu_vs_self	3040.86072475391	-1.43470805173347	0.0848769171042253	-16.9033949474355	4.24732755016761e-64	2.13865434290793e-62
gene_690	onu_vs_self	3684.3833293992	-1.27180518709746	0.0757058822734229	-16.7992915333072	2.46976314048957e-63	1.2363258761749e-61
gene_5065	onu_vs_self	1701.16694549723	1.09890555752862	0.0654628025092612	16.7867172715857	3.05269694784936e-63	1.51924917869713e-61
gene_8422	onu_vs_self	4347.86172211463	-1.32127636049697	0.0788524008554691	-16.7563237918244	5.09148665273605e-63	2.51925582355032e-61
gene_4724	onu_vs_self	454.526733539346	2.07908374790066	0.125179241716335	16.6088539872451	6.01309912674189e-62	2.95816830602934e-60
gene_1574	onu_vs_self	552.291339581293	3.73952855471709	0.225308961274993	16.5973360915412	7.28532295372189e-62	3.56356368479197e-60
gene_786	onu_vs_self	2476.46047719493	-1.66549978277153	0.100709487970094	-16.5376650834141	1.9649210284046e-61	9.55666136542239e-60
gene_929	onu_vs_self	4161.45575521959	-1.693786444465	0.102445286732086	-16.5335712212371	2.10305783361397e-61	1.01707203704721e-59
gene_1740	onu_vs_self	718.984756038941	-3.72559562670055	0.225831541477565	-16.4972333019773	3.84092088109249e-61	1.84709453607594e-59
gene_6184	onu_vs_self	3382.96042369948	-0.988892778233744	0.0599464852068947	-16.4962595358303	3.90334830897207e-61	1.86662913546374e-59
gene_7946	onu_vs_self	2433.52163946409	-1.07660176492602	0.0655798422742734	-16.416656819993	1.45358147894881e-60	6.91258747766766e-59
gene_6102	onu_vs_self	444.205200007386	4.53254635687033	0.277011965485279	16.3622764414889	3.555834050612e-60	1.68165411454358e-58
gene_3334	onu_vs_self	3061.93802918286	1.40469316659584	0.0859171252671872	16.3493967265256	4.39307681745943e-60	2.06619437128861e-58
gene_6813	onu_vs_self	2526.78005434358	-1.32768079707648	0.081403113400495	-16.3099510769867	8.3859881884316e-60	3.922626169015e-58
gene_3686	onu_vs_self	283.735343426375	2.3547466751281	0.144983055776128	16.2415301741476	2.56446716185814e-59	1.19303472312531e-57
gene_608	onu_vs_self	6216.72233719787	-1.0648750423478	0.0656949557012622	-16.2093882396414	4.3285584125209e-59	2.00283567627994e-57
gene_6043	onu_vs_self	297.800291193595	3.98367788177489	0.246055984879007	16.1901279651206	5.92053238953447e-59	2.7247181319578e-57
gene_653	onu_vs_self	8848.67282819065	-0.821736768181259	0.0507719933316877	-16.1848435379117	6.45136651811663e-59	2.95313889813253e-57
gene_7067	onu_vs_self	4060.8339310558	-1.23108493462153	0.0762239700091315	-16.1508897329022	1.11935405355377e-58	5.09663335022355e-57
gene_2995	onu_vs_self	3664.61142691388	-1.38367757825605	0.0860253225940958	-16.0845380933336	3.27485672804829e-58	1.48321553397319e-56
gene_6717	onu_vs_self	69480.1194759729	-2.09877106841477	0.130741047084849	-16.0528855719864	5.45670003837517e-58	2.45838696465745e-56
gene_4000	onu_vs_self	122.121798990973	-4.11861561345665	0.256919896906275	-16.0307382302864	7.79511910645362e-58	3.49351934823262e-56
gene_5595	onu_vs_self	4295.52409149222	-1.04246114108407	0.0651982917082504	-15.9890867348009	1.52246568218511e-57	6.78765949974194e-56
gene_3262	onu_vs_self	2532.54010022028	1.05660086413424	0.0661431290811043	15.974461426502	1.92509948688432e-57	8.53826508172529e-56
gene_1815	onu_vs_self	411.101595882028	-2.30766139496943	0.14450921769466	-15.9689563875806	2.102746927405e-57	9.27809984463238e-56
gene_6624	onu_vs_self	1345.55660082781	-2.81353129153561	0.176820614151603	-15.9117832784097	5.24966389410291e-57	2.30446784274466e-55
gene_3806	onu_vs_self	49117.3255926203	-1.6445567616656	0.103372180020101	-15.9090846429457	5.48089722947805e-57	2.39369797369041e-55
gene_243	onu_vs_self	13390.084984025	-1.49200557714904	0.0938987150703948	-15.8895207035634	7.48980491855032e-57	3.25445330471019e-55
gene_7140	onu_vs_self	2180.39722048333	-1.16803213089567	0.0747744901048718	-15.6207301348026	5.25998317134569e-55	2.27401292660198e-53
gene_4101	onu_vs_self	4298.20175135664	-1.77729263235037	0.113988472893465	-15.5918628194226	8.26867721139077e-55	3.556777735151e-53
gene_1261	onu_vs_self	383.446922250658	2.78642838247449	0.178990717455966	15.5674463015658	1.21148262231773e-54	5.18514562351987e-53
gene_107	onu_vs_self	43463.7313789275	1.18241962784503	0.0760523682008699	15.5474399524551	1.65593881696698e-54	7.05215734986931e-53
gene_3966	onu_vs_self	4793.81704127611	0.931413309040934	0.0600452177694681	15.511864951792	2.8837965431999e-54	1.22204447573224e-52
gene_6272	onu_vs_self	36940.9034200867	-1.09741392834849	0.0707577861895279	-15.5094440830726	2.99460319901902e-54	1.26274893515285e-52
gene_1572	onu_vs_self	683.292807035003	1.468332214584	0.0947245733382855	15.5010697101819	3.4116438225619e-54	1.43155250593774e-52
gene_3828	onu_vs_self	4231.51700069089	-1.10165324501983	0.0711506896952266	-15.4833811132226	4.492289202097e-54	1.8758046619488e-52
gene_579	onu_vs_self	1627.82151877759	1.0718770991454	0.0692893891374247	15.4695706296312	5.56771694413247e-54	2.31357558455213e-52
gene_2818	onu_vs_self	2345.99719602003	-2.71727922807713	0.175678566105314	-15.4673349647458	5.76445555378895e-54	2.38375553335427e-52
gene_791	onu_vs_self	1994.5333788535	-1.07673686940468	0.0698888805419463	-15.406411736105	1.48216512471034e-53	6.09967955169254e-52
gene_673	onu_vs_self	1499.48277674382	1.44153288721457	0.0937623164279102	15.3743309906694	2.43343966333895e-53	9.94452174534772e-52
gene_401	onu_vs_self	5474.91913213913	-0.945748599900508	0.0615154424433133	-15.3741656133258	2.43966070855493e-53	9.94452174534772e-52
gene_3724	onu_vs_self	301.912564723342	1.98209628641632	0.12893340175821	15.3730240526296	2.48303724537035e-53	1.00733643698437e-51
gene_5738	onu_vs_self	1994.17293452429	-1.00871716138188	0.065878570417443	-15.3117645842963	6.3808991962547e-53	2.57643854339341e-51
gene_8193	onu_vs_self	8778.06087494303	-1.57321557207475	0.10314781448031	-15.2520494981022	1.59545527320716e-52	6.41178269420344e-51
gene_3427	onu_vs_self	122616.98940495	-1.3753455902365	0.0902639146759226	-15.2369370991104	2.01078054974521e-52	8.04312219898083e-51
gene_8055	onu_vs_self	600.822153625229	1.67250553788393	0.110006609409944	15.20368227741	3.34289799833741e-52	1.33093985422178e-50
gene_7334	onu_vs_self	607.688039676299	1.69035852198284	0.111416465911312	15.1715323956548	5.45873324571664e-52	2.16327576774696e-50
gene_4088	onu_vs_self	5082.76249068927	-1.10389920258575	0.0729425170803351	-15.1338238214342	9.68976331658964e-52	3.82232138202799e-50
gene_5612	onu_vs_self	282.538013450813	3.90320557583383	0.258226804973493	15.1154159857049	1.28159204199791e-51	5.0323063667441e-50
gene_7304	onu_vs_self	983.13527977234	-1.66698361603712	0.110483668355899	-15.0880545590439	1.94080797059529e-51	7.5859891453405e-50
gene_4863	onu_vs_self	9546.49386627513	-1.24567035928292	0.0826391262727046	-15.0736148295212	2.41528378170079e-51	9.39764962334489e-50
gene_2928	onu_vs_self	1842.42641539714	-1.46254164144182	0.0970457834011767	-15.0706356338619	2.52670367432995e-51	9.78668934491599e-50
gene_5188	onu_vs_self	6868.15126796665	-0.945131606166253	0.0628474048288337	-15.0385144580009	4.10662463208037e-51	1.5834552635409e-49
gene_943	onu_vs_self	80.3935985492732	-4.66081576472967	0.310414923510416	-15.0147928199505	5.87451337882026e-51	2.25497015796867e-49
gene_4133	onu_vs_self	135.981000702337	-2.59154422416374	0.173079067077147	-14.9731811473689	1.09934448616148e-50	4.20106642925995e-49
gene_3435	onu_vs_self	121.043572722831	-3.12769487606471	0.209092734655874	-14.9584101102905	1.37266316136699e-50	5.22222073835618e-49
gene_95	onu_vs_self	390.893514022478	-2.96274939032646	0.198549147575234	-14.9219950148807	2.37077686614114e-50	8.97957963458769e-49
gene_4243	onu_vs_self	4292.92810494595	-1.00299496896544	0.0673571193838609	-14.8907046224688	3.78756706742918e-50	1.42826317608783e-48
gene_7492	onu_vs_self	3776.38090951688	0.788103386647772	0.052964095710988	14.8799554881152	4.44795324091237e-50	1.66993332202675e-48
gene_6129	onu_vs_self	1276.38981436769	-1.1347889107869	0.0768130426596479	-14.7733883660234	2.17497748807146e-49	8.13004685497454e-48
gene_8244	onu_vs_self	275.656132698372	2.62790528776226	0.178639855883326	14.7106326008156	5.50899989436449e-49	2.05030604764174e-47
gene_1413	onu_vs_self	4606.77790950347	-0.877108676068109	0.0597901651224033	-14.6697817989377	1.00668260572849e-48	3.71431168320512e-47
gene_3109	onu_vs_self	3805.32074471726	-0.853809197663586	0.0582007876290623	-14.6700625961502	1.00252531897025e-48	3.71431168320512e-47
gene_7329	onu_vs_self	870.517775471068	2.00026598595015	0.136835505763692	14.6180333443903	2.15536813576608e-48	7.91843400950972e-47
gene_242	onu_vs_self	1891.81200320204	-2.56928470727142	0.176585738861071	-14.5497859784294	5.85860544018598e-48	2.14314797299111e-46
gene_1027	onu_vs_self	481.700039158648	1.71269027387358	0.11797892739109	14.5169168066444	9.46737362541907e-48	3.44854120142925e-46
gene_5385	onu_vs_self	762.657145650802	-2.2860691347708	0.157709273732366	-14.495464221402	1.29424414463761e-47	4.69437706699064e-46
gene_1864	onu_vs_self	238.932105171567	-2.03976157674012	0.14084669224104	-14.4821404342911	1.57126904685694e-47	5.67513208485037e-46
gene_1216	onu_vs_self	2333.57972794588	-0.878372456088245	0.0609058101952674	-14.4218171184676	3.77277156894332e-47	1.35692960630903e-45
gene_4904	onu_vs_self	2937.72706931775	-1.23935965380592	0.0860263482211851	-14.4067449035423	4.69313522336957e-47	1.68088859883027e-45
gene_7391	onu_vs_self	435.661625386206	-1.68846505014496	0.117210765685047	-14.4053751400444	4.78711499692884e-47	1.70740434890462e-45
gene_2713	onu_vs_self	1485.33331908405	1.22959904897134	0.0857371856508272	14.3414906803566	1.20440352139289e-46	4.27788138718802e-45
gene_6077	onu_vs_self	1540.04322803393	-1.01614326143292	0.0710235011030547	-14.3071412370745	1.97465140439293e-46	6.98471736429897e-45
gene_5200	onu_vs_self	2256.29366170774	1.67747676979645	0.117625313541956	14.2611885085272	3.81894606088664e-46	1.3452748263864e-44
gene_2330	onu_vs_self	3857.0731066034	-1.23524129380481	0.0867398931132655	-14.2407518555715	5.11735079904672e-46	1.79526732950164e-44
gene_7447	onu_vs_self	752.102412661757	-1.16035341309223	0.0816502646845292	-14.2112633385264	7.80054508899686e-46	2.72541493721686e-44
gene_7103	onu_vs_self	13502.3639217769	-0.735490951248262	0.0518601912557715	-14.1821874049955	1.18106881228625e-45	4.10973537933751e-44
gene_7905	onu_vs_self	1684.73658797616	1.07900883772835	0.0762250541587403	14.1555666917768	1.725412173614e-45	5.97956607535863e-44
gene_8170	onu_vs_self	6540.79210289352	1.01260007274766	0.071545579835179	14.1532163843022	1.78407052554962e-45	6.15792084625191e-44
gene_8028	onu_vs_self	1554.87262582413	1.53716530853608	0.108686752404833	14.1430788437813	2.06067691117598e-45	7.08409412034794e-44
gene_3026	onu_vs_self	967.523059548414	-1.72403607927082	0.122105514839699	-14.1192318916483	2.89125470951035e-45	9.89965612536342e-44
gene_3638	onu_vs_self	3711.74706346928	0.947768547039621	0.0671911718270279	14.1055516858597	3.51033285633877e-45	1.19714937252031e-43
gene_7903	onu_vs_self	3212.28369736352	1.32827005273761	0.0942063027546048	14.0995879670343	3.81993481087892e-45	1.29756515798109e-43
gene_1395	onu_vs_self	2503.93672289659	1.67397420582343	0.11879152880617	14.0916967956092	4.27172966797223e-45	1.44529667817558e-43
gene_8490	onu_vs_self	4904.71461610618	1.30601356604358	0.0927229232910577	14.0851206981902	4.6885705656826e-45	1.5800851985135e-43
gene_2100	onu_vs_self	1624.23652011511	-1.74448665372692	0.12415773735343	-14.0505673743154	7.64193237225123e-45	2.56529180809688e-43
gene_3593	onu_vs_self	3368.18094653284	1.07768619311587	0.0768253937756355	14.0277340622971	1.05467853936873e-44	3.5265813660142e-43
gene_8179	onu_vs_self	154.84140544625	-2.58707315296834	0.184635435165755	-14.011791131241	1.32032512787834e-44	4.39765879168818e-43
gene_6816	onu_vs_self	2289.5056528511	-1.08768640461254	0.0776805966727988	-14.0020346289824	1.51471320186757e-44	5.02556008061487e-43
gene_4308	onu_vs_self	1692.82410298444	0.945996959213657	0.0676494979926556	13.9837986575504	1.95754431733272e-44	6.46972175921547e-43
gene_6120	onu_vs_self	392.48011897163	2.04262716183549	0.146303430682508	13.9615807524581	2.67435676743122e-44	8.80480535738894e-43
gene_4711	onu_vs_self	2310.91986611958	-1.07717619457822	0.0772674866502408	-13.9408726914357	3.57541476971498e-44	1.1726264532092e-42
gene_3100	onu_vs_self	6922.93757464927	-1.01446445068159	0.072890808816122	-13.917590806829	4.95320377651987e-44	1.6182986384355e-42
gene_1552	onu_vs_self	2623.93615499737	0.91927409062468	0.0660823059269093	13.9110474086883	5.4278714080538e-44	1.76663799440838e-42
gene_5526	onu_vs_self	275.067648785492	2.91421135943858	0.209669573628981	13.8990665598214	6.41728008494111e-44	2.08075445178394e-42
gene_1391	onu_vs_self	468.975014510957	2.36463393510683	0.170467882798119	13.8714337052406	9.4371442845435e-44	3.04837566323367e-42
gene_4159	onu_vs_self	670.986251649403	-1.25580869743432	0.0907676849194621	-13.8354161896781	1.55831913824901e-43	5.01474128699683e-42
gene_7450	onu_vs_self	1569.09620599638	-1.98705693615963	0.143673636485273	-13.8303517943135	1.67200806943977e-43	5.36044534621889e-42
gene_7464	onu_vs_self	878.60979637518	-2.11723675445467	0.15316432111284	-13.8233025751138	1.84411280876831e-43	5.89015135934952e-42
gene_1998	onu_vs_self	10891.2726132945	-0.899864955924626	0.0651217122037126	-13.8182017252508	1.97953345065803e-43	6.29918451213112e-42
gene_4976	onu_vs_self	2024.95929415223	-1.01971029297408	0.0739401024243562	-13.7910316531856	2.88602946529401e-43	9.14978230478398e-42
gene_6754	onu_vs_self	5382.18636680632	-0.996472884010495	0.0727315939607908	-13.7006881018954	1.00566701630139e-42	3.17657183008853e-41
gene_5185	onu_vs_self	841.07810922454	-1.72815246300896	0.12616821351323	-13.6972095814588	1.05501436393868e-42	3.3201922629835e-41
gene_648	onu_vs_self	134.216300760858	-2.68102436819974	0.195773114873919	-13.6945482525849	1.09438867236929e-42	3.43148975658648e-41
gene_5753	onu_vs_self	1181.26611733189	-1.28880016130595	0.0942110064806514	-13.6799319893757	1.33817800261169e-42	4.18058529283069e-41
gene_2168	onu_vs_self	2398.62111620636	-1.52714013677365	0.111742277656387	-13.6666279657345	1.60669854882698e-42	5.00121439198508e-41
gene_2412	onu_vs_self	1160.50817650022	-1.08839974486821	0.0796942554748998	-13.6571919567152	1.82901735557114e-42	5.67260455206123e-41
gene_6908	onu_vs_self	2109.9041093859	-0.889876193929517	0.0652443066261334	-13.6391394122515	2.34309299644456e-42	7.2407494763774e-41
gene_8381	onu_vs_self	301.223169449913	-1.7512160781216	0.128418775683735	-13.6367604253947	2.42077797322083e-42	7.45390627725551e-41
gene_4899	onu_vs_self	11339.2835033494	0.728406369577511	0.0534895503949044	13.6177321401995	3.14173057351682e-42	9.63914469867526e-41
gene_6650	onu_vs_self	1673.58731128929	-2.25123504034087	0.16540558504889	-13.6103931416551	3.47370164136934e-42	1.06196021607577e-40
gene_3735	onu_vs_self	1670.03046002603	1.28703582190398	0.0947576110632856	13.5824004790962	5.09295017179575e-42	1.55144674272497e-40
gene_5512	onu_vs_self	1777.48229976584	-1.45111461412277	0.106871371825479	-13.5781415484443	5.39787304800777e-42	1.63850330818959e-40
gene_6723	onu_vs_self	2055.43629367413	-0.873967737943088	0.0644235727420993	-13.5659619723631	6.37379303267607e-42	1.92790347560803e-40
gene_1652	onu_vs_self	34618.7655188662	1.7376014087336	0.128187031557178	13.5552043574591	7.38063128134645e-42	2.21677907959037e-40
gene_3372	onu_vs_self	944.966138210389	1.67738296410069	0.123742459891854	13.5554357458761	7.35739361323105e-42	2.21677907959037e-40
gene_2128	onu_vs_self	4566.19632231494	-0.976712981923641	0.0723365276899823	-13.5023481650876	1.51470251712296e-41	4.53351522607433e-40
gene_2392	onu_vs_self	16772.6752944284	-0.695255117954925	0.0515056774487746	-13.4986112675908	1.59351586413918e-41	4.75278599199699e-40
gene_7336	onu_vs_self	951.852215805537	1.70576981034193	0.126487503112677	13.4856785719172	1.8991015326297e-41	5.64455177753826e-40
gene_1329	onu_vs_self	994.367812662065	1.57242231696624	0.116850595928071	13.4566906097267	2.81232586050461e-41	8.32993403665032e-40
gene_4993	onu_vs_self	4313.64803239471	-0.90788727230752	0.0674775576710384	-13.4546552015647	2.89084624286404e-41	8.53298063410901e-40
gene_5771	onu_vs_self	11086.7972116769	1.06771205290392	0.079455741929112	13.4378211943008	3.62967029712809e-41	1.06769682967067e-39
gene_3855	onu_vs_self	677.073762198314	-1.21040498046809	0.0902388014273793	-13.4133539156344	5.05022180015414e-41	1.48047597977121e-39
gene_7790	onu_vs_self	2839.06807373311	1.23962728669644	0.092445600070993	13.4092621579013	5.33671226246785e-41	1.55912139818173e-39
gene_5405	onu_vs_self	342.047641590788	2.4003029371593	0.179047318822821	13.4059697343726	5.5789257337068e-41	1.62434028165069e-39
gene_2040	onu_vs_self	700.874058698948	-1.38936781768339	0.103763386107212	-13.3897694534356	6.93958202059607e-41	2.01365498631533e-39
gene_7966	onu_vs_self	2863.74229364267	-1.33083370446724	0.0994453656097541	-13.3825613321161	7.64661660180316e-41	2.21131885511605e-39
gene_1250	onu_vs_self	12172.928067505	-0.948754398754634	0.0710912989046829	-13.3455769323711	1.25693667768141e-40	3.62268618213902e-39
gene_5106	onu_vs_self	4115.16819453424	-1.4798450532484	0.111107127048073	-13.3190830558342	1.79296037244589e-40	5.15024858662309e-39
gene_2794	onu_vs_self	1056.7922175942	-1.54796229546312	0.116281383531151	-13.3122108497138	1.96577466615836e-40	5.62776961281456e-39
gene_753	onu_vs_self	1332.23927863569	-1.40646678343239	0.105723807518916	-13.3032172832098	2.21718550719032e-40	6.32636931384971e-39
gene_7803	onu_vs_self	5198.26446342059	-0.814922925503258	0.0612612638251326	-13.3024177860486	2.24102557237427e-40	6.3731491360544e-39
gene_751	onu_vs_self	2440.56040905251	-1.11034830267016	0.0834958634532187	-13.2982432512033	2.36970793617368e-40	6.7167880574989e-39
gene_4309	onu_vs_self	1101.32610187147	1.52212805780079	0.114465277071519	13.2977274571201	2.38610921681894e-40	6.74095541121126e-39
gene_3583	onu_vs_self	2646.28359892638	1.07576703917761	0.080911055780901	13.2956742288801	2.45252467938023e-40	6.90579317614959e-39
gene_7976	onu_vs_self	7621.68050997381	1.93640655491008	0.146096241866134	13.2543214676554	4.25952005072278e-40	1.19545874210449e-38
gene_1819	onu_vs_self	271.577089926578	-1.88429123610186	0.142311815927463	-13.2405817733525	5.11510581534556e-40	1.43089234573065e-38
gene_6009	onu_vs_self	43268.8333303399	-0.907992510719553	0.0686239865739842	-13.2314159530886	5.77883251864339e-40	1.61129662409079e-38
gene_1428	onu_vs_self	981.20561668869	-1.50281543522691	0.113680893958785	-13.2195955089143	6.76266369593558e-40	1.87949354666262e-38
gene_4996	onu_vs_self	3090.70919965655	0.911901468916788	0.0689958010418758	13.2167676169645	7.02171856162146e-40	1.94517510962717e-38
gene_544	onu_vs_self	6050.64618467338	-1.13811662088287	0.0861308677359987	-13.2138065109402	7.30355659868843e-40	2.01672401563784e-38
gene_8564	onu_vs_self	1116.8141953906	-1.00204920797346	0.0760503118676398	-13.1761354209494	1.20402287866413e-39	3.31396650847748e-38
gene_1922	onu_vs_self	3387.2154539301	-1.30193662873408	0.0988439300485687	-13.1716396555089	1.27791839038535e-39	3.50608378900596e-38
gene_2972	onu_vs_self	1845.27422181308	-1.97130288981896	0.14988615286926	-13.1520013829326	1.65728915839849e-39	4.53239463127509e-38
gene_4018	onu_vs_self	993.006039954768	1.17193586441692	0.0891930587551543	13.1393169017112	1.95987982456618e-39	5.34285710136512e-38
gene_7873	onu_vs_self	39672.7999550418	-1.8390495793681	0.140713377184592	-13.0694722574641	4.92057045584797e-39	1.33714549530345e-37
gene_1903	onu_vs_self	2151.12744115128	-1.34962967016139	0.103723322541539	-13.0118245066908	1.04809426336262e-38	2.83914142227343e-37
gene_825	onu_vs_self	7723.54668323745	-0.901666939958572	0.0693079681361749	-13.0095711100201	1.07946224763038e-38	2.91488859297037e-37
gene_8394	onu_vs_self	2383.2061407416	0.921082156296602	0.0708112603111329	13.007566201329	1.10815485883526e-38	2.98295773321692e-37
gene_8563	onu_vs_self	3365.94265863664	-1.57897925533228	0.121498399099273	-12.99588527123	1.29105108125675e-38	3.46438785440684e-37
gene_6491	onu_vs_self	4244.09762546354	1.38130434784614	0.10661672888359	12.9557937324669	2.17870813677503e-38	5.8280442658732e-37
gene_7801	onu_vs_self	2893.1420602656	-0.93256116017084	0.0720245922872526	-12.9478158856012	2.41734165990367e-38	6.4462444264098e-37
gene_4719	onu_vs_self	157.466205759948	3.15297373810163	0.243572023610533	12.9447285914214	2.51651021179472e-38	6.68985323383938e-37
gene_3792	onu_vs_self	6080.24301225478	-1.32734140452316	0.102541568779572	-12.9444226406997	2.52655538921407e-38	6.69576288906268e-37
gene_5944	onu_vs_self	3854.81724862876	-1.00014901880563	0.0775183328478655	-12.9020966016966	4.38015603831471e-38	1.15722641012265e-36
gene_1256	onu_vs_self	10091.4933382052	0.982343205776683	0.076151070252718	12.8999264556183	4.50526935945333e-38	1.18661863744371e-36
gene_4305	onu_vs_self	191.82276160898	2.18925612010005	0.169846014447365	12.8896525904557	5.14751692271757e-38	1.35161794044363e-36
gene_6657	onu_vs_self	350.239637668616	2.10531552863749	0.164155274798896	12.8251469909613	1.18561509643345e-37	3.10362850931815e-36
gene_5176	onu_vs_self	4341.88816638938	0.958778460928043	0.0747996311509094	12.8179570697841	1.30082906286134e-37	3.3948465786869e-36
gene_2806	onu_vs_self	3889.91744794662	-1.43996631060964	0.112572510585342	-12.7914559524546	1.83012809632783e-37	4.76167067008092e-36
gene_2102	onu_vs_self	1044.50290185831	-1.03329360682549	0.0807984597815634	-12.7885309895631	1.90031981555348e-37	4.92931443064782e-36
gene_3688	onu_vs_self	109.347169118543	5.76212035849816	0.450740348997186	12.7836799419396	2.02267945825551e-37	5.22748789908218e-36
gene_1406	onu_vs_self	312.02570499325	3.44974366494431	0.269859184455983	12.7834954807959	2.02748362441038e-37	5.22748789908218e-36
gene_7889	onu_vs_self	3928.2962363662	-1.19046810200649	0.0933097578383389	-12.7582380405381	2.8047349233528e-37	7.2097690522222e-36
gene_6903	onu_vs_self	7995.03588275423	0.815214269807549	0.0639482773490123	12.7480254918883	3.19741362773761e-37	8.19456905791435e-36
gene_3035	onu_vs_self	7803.00569814891	-1.01532549941533	0.0796931656358407	-12.7404337789124	3.52429830436755e-37	9.00537118966752e-36
gene_2866	onu_vs_self	15169.688129859	0.998606606063879	0.0783839055640961	12.7399444934177	3.54647052003472e-37	9.03505584865988e-36
gene_6094	onu_vs_self	465.545390044583	1.36347917968389	0.107049845346789	12.7368626761383	3.68934656135166e-37	9.37115921815139e-36
gene_548	onu_vs_self	2206.1444770497	1.04546038567703	0.082154069667746	12.7256067764526	4.26151354441723e-37	1.07924721716602e-35
gene_2432	onu_vs_self	3669.74063569789	-1.87056886635858	0.14728637876585	-12.7002162863433	5.89665170004049e-37	1.48894803989223e-35
gene_3152	onu_vs_self	1321.86405190842	1.01451528247437	0.0798844547748828	12.6997835227555	5.92934910986663e-37	1.49280083471936e-35
gene_6517	onu_vs_self	3462.79995781534	-0.797699289876902	0.0628702984854053	-12.6880149942676	6.89101848895652e-37	1.72982751511636e-35
gene_7099	onu_vs_self	11018.7853708311	1.39398094633369	0.109932220807728	12.6803673762924	7.59749355104738e-37	1.90159487710426e-35
gene_1137	onu_vs_self	3412.14725467607	-0.828561661708239	0.0654129958247731	-12.6666215369156	9.05301386483126e-37	2.2592944222436e-35
gene_1015	onu_vs_self	484.490706332999	-1.21154594946381	0.095809966493096	-12.6453018804794	1.18767490813232e-36	2.95537709698043e-35
gene_5168	onu_vs_self	122.155487478564	-2.3260035948407	0.184136683191519	-12.6319403310933	1.40763847030109e-36	3.49257545094996e-35
gene_6208	onu_vs_self	2648.57796182954	-0.750505908878958	0.0597136896723764	-12.5684062230397	3.15010236768542e-36	7.79331684028532e-35
gene_6963	onu_vs_self	877.053478753135	-1.34805578771427	0.107379046167257	-12.5541791981882	3.77071055768971e-36	9.30181048237001e-35
gene_6852	onu_vs_self	5199.02360617984	-0.714212049139209	0.0569431665535295	-12.5425418424494	4.36758041268364e-36	1.07432437737276e-34
gene_3515	onu_vs_self	17693.6583463051	1.1211666098199	0.0895635827851171	12.5181080854015	5.94349876567293e-36	1.45777505542006e-34
gene_3734	onu_vs_self	1378.94514306718	1.18086093179144	0.0943347916235173	12.5177668966946	5.96909828751948e-36	1.45987089546191e-34
gene_5982	onu_vs_self	1778.42693675915	-1.140011435056	0.0910878800169924	-12.5155117765759	6.14107826807673e-36	1.49765327563353e-34
gene_824	onu_vs_self	9184.74993211831	-1.26419160005425	0.101439601313146	-12.4625056061849	1.19554392169339e-35	2.90734544593619e-34
gene_8391	onu_vs_self	1505.09387311416	-0.991869457190873	0.0796093832773007	-12.4592028773283	1.24609892177393e-35	3.02170163466992e-34
gene_7778	onu_vs_self	639.418772690778	1.64361572507482	0.131997391196871	12.4518803756008	1.36588706126833e-35	3.30282295041155e-34
gene_1966	onu_vs_self	3757.56802174918	1.05940239208324	0.0855694716206068	12.3806115898479	3.32797054090674e-35	8.02462755779203e-34
gene_6900	onu_vs_self	1720.1006896297	-0.927391183953576	0.0751088838538738	-12.3472901788534	5.03799329880529e-35	1.21138265836442e-33
gene_1415	onu_vs_self	618.468840076234	-2.01964210803438	0.163591599023177	-12.3456346175102	5.14271197217411e-35	1.23309844486864e-33
gene_1202	onu_vs_self	1329.37304294024	-0.915631003392784	0.0743079421199845	-12.3221149350943	6.8864245213677e-35	1.64658642186892e-33
gene_8217	onu_vs_self	10208.5744142631	-1.01684165986588	0.0826525751767016	-12.3026010707107	8.77036431354818e-35	2.0912066441218e-33
gene_1573	onu_vs_self	238.156746767853	2.85600215420421	0.233090134362219	12.2527800759084	1.6233399575776e-34	3.85994167690674e-33
gene_4985	onu_vs_self	2464.6324959327	-1.1342592471743	0.0926812069569846	-12.2382873984446	1.94084709384794e-34	4.60211942474747e-33
gene_3030	onu_vs_self	1802.43760007641	-1.24113355111894	0.101447301797252	-12.2342687201224	2.03933212682495e-34	4.82228812309987e-33
gene_6829	onu_vs_self	224.373981880288	1.72904493306488	0.141747009781086	12.1981051715674	3.18141138182705e-34	7.50217119240759e-33
gene_2056	onu_vs_self	3536.9447147691	-0.971152798011941	0.0796641380889053	-12.19058940835	3.48888801069923e-34	8.20463773944655e-33
gene_1968	onu_vs_self	7168.79991103265	0.840516731719631	0.0689875584730397	12.1835987578558	3.80130684372984e-34	8.91484563899381e-33
gene_4723	onu_vs_self	913.815016486724	-0.979830169693341	0.0804351263326763	-12.1816203239466	3.89466505376891e-34	9.10883411482566e-33
gene_2532	onu_vs_self	3540.83026650316	0.985608677390451	0.0809917444386398	12.1692486588823	4.53235162807174e-34	1.05713705548485e-32
gene_7576	onu_vs_self	3057.65546515214	-0.981647437544702	0.0806889476137101	-12.165822787084	4.72658626803768e-34	1.09944506669572e-32
gene_4988	onu_vs_self	414.813909586958	-1.88326674792634	0.155615187964222	-12.102075462964	1.02974325724283e-33	2.38878110623269e-32
gene_1541	onu_vs_self	1780.31145294813	-1.15220483450427	0.0952351222399932	-12.0985284357667	1.07521309305397e-33	2.48752002068703e-32
gene_3920	onu_vs_self	9779.44632042788	-0.881794844353486	0.0729467797939373	-12.0881942540084	1.21937336346968e-33	2.81343288175214e-32
gene_966	onu_vs_self	12353.8914693317	1.66197025798661	0.137648667259596	12.0740018125438	1.44912012026506e-33	3.33453447028734e-32
gene_8174	onu_vs_self	2054.46709339477	-1.1592346480778	0.0960186446423947	-12.0730161563431	1.46658628056328e-33	3.36567789855809e-32
gene_8231	onu_vs_self	6704.18410635045	-1.19886468122332	0.099447737965578	-12.0552232333157	1.82038615984557e-33	4.16644532841661e-32
gene_8379	onu_vs_self	8814.81998041104	-0.669111385506932	0.0556932709719288	-12.0142231517374	2.99167851893351e-33	6.82900483255224e-32
gene_4369	onu_vs_self	1378.49485732468	-0.849444165864361	0.0707528562046685	-12.005793284262	3.31272090502965e-33	7.5417263157058e-32
gene_4567	onu_vs_self	35813.0232953538	-1.06743315026963	0.089058127610221	-11.9858027438151	4.21738989952707e-33	9.5758242811543e-32
gene_6884	onu_vs_self	12791.5540891822	0.738189428618583	0.0618853369613323	11.9283414273049	8.42350647739053e-33	1.90754538218156e-31
gene_7734	onu_vs_self	1004.03244607795	0.990382921654214	0.0831545430794042	11.9101480806466	1.047909955916e-32	2.36678343605301e-31
gene_268	onu_vs_self	2688.53226949339	-1.0488101910725	0.0881399624131439	-11.8993718894086	1.19241240625304e-32	2.68606584145421e-31
gene_1136	onu_vs_self	198.918018606059	-2.2220363694068	0.186756468635513	-11.8980423309646	1.21155993041461e-32	2.72203490927796e-31
gene_2568	onu_vs_self	1780.32671895129	0.888882514031292	0.0747669320934531	11.8887118829519	1.35479893161763e-32	3.03588451692329e-31
gene_3195	onu_vs_self	800.46934213202	-1.4644543873214	0.123229889998078	-11.8839218905757	1.43474321906011e-32	3.20663236427012e-31
gene_6729	onu_vs_self	1202.10730665034	-1.10341873555137	0.092905454078142	-11.876791804099	1.5624979697903e-32	3.48306839099089e-31
gene_6909	onu_vs_self	4482.05478580632	-0.874982403022276	0.073759287738812	-11.8626742454545	1.84971304468508e-32	4.11260874350762e-31
gene_3376	onu_vs_self	1261.30435212788	-1.47792535417847	0.125145630138806	-11.8096441125369	3.48031280174853e-32	7.71799937382576e-31
gene_4274	onu_vs_self	1208.43350114201	-1.02460240368153	0.0868481863183009	-11.797625801031	4.01479387372854e-32	8.88026758633497e-31
gene_7652	onu_vs_self	272.699247438572	1.67348248908413	0.141919485223595	11.7917739516004	4.30379016352414e-32	9.4949597422079e-31
gene_5189	onu_vs_self	455.421864132064	-1.51928510275002	0.129055094566243	-11.7723760371985	5.41767758560229e-32	1.19216761266724e-30
gene_8491	onu_vs_self	4724.76770160977	1.3590116903054	0.115606456314614	11.7554999403057	6.6167951256773e-32	1.45230169937943e-30
gene_2975	onu_vs_self	7233.2133929649	0.706957620051481	0.0601606365370136	11.7511658909481	6.96511593986877e-32	1.52484379655439e-30
gene_4759	onu_vs_self	1091.90742011574	-1.86406487430327	0.158632910578375	-11.7508079975769	6.99468016706698e-32	1.52740975076769e-30
gene_5167	onu_vs_self	6513.80491916521	-1.39196355198201	0.118468054683729	-11.7496953562552	7.08738941372e-32	1.54371637102909e-30
gene_5537	onu_vs_self	1771.8201700068	-0.939547754809128	0.080081311360889	-11.7324221949242	8.6934757926163e-32	1.88873484225369e-30
gene_4322	onu_vs_self	3437.87049647892	-0.831424949443775	0.070872442294718	-11.7312868376449	8.81088685735138e-32	1.90939725313741e-30
gene_6121	onu_vs_self	289.263902462869	1.4056662806931	0.119986229780603	11.715230016506	1.06501798110645e-31	2.30216008037151e-30
gene_612	onu_vs_self	2468.41350502855	-1.08714692542964	0.0930006443133521	-11.6896708991247	1.43943299115137e-31	3.10366408167651e-30
gene_6304	onu_vs_self	4604.32469687849	0.769856188120386	0.0659382028263139	11.6754196372055	1.70223639781783e-31	3.6610913480705e-30
gene_1448	onu_vs_self	858.241201775235	1.11731565795104	0.0960751439764904	11.6296017024387	2.91454297172054e-31	6.25275384409219e-30
gene_4318	onu_vs_self	1359.5896545535	0.869195496496356	0.0747660553745212	11.6255363766665	3.05667436537367e-31	6.54128314189965e-30
gene_5506	onu_vs_self	138.370736545625	2.4754558699616	0.212971153395535	11.6234327067015	3.1329027773893e-31	6.68769271183351e-30
gene_4962	onu_vs_self	6656.1437993279	-1.02554214223879	0.0883263758343522	-11.6108255608958	3.63092894756949e-31	7.73153029631711e-30
gene_5972	onu_vs_self	15095.5076632636	0.766021876726395	0.065999166236134	11.6065386945298	3.81758256679119e-31	8.10881061333315e-30
gene_3964	onu_vs_self	3341.50343230217	1.12297935847003	0.096791745619292	11.6020157636893	4.02484704483818e-31	8.52789373856802e-30
gene_4963	onu_vs_self	7277.87679822598	-1.2473310129423	0.107731133957878	-11.5781851273375	5.31595654466663e-31	1.12357007462584e-29
gene_1462	onu_vs_self	3533.154152391	1.37200798036166	0.118505242117435	11.5776142544145	5.35146884288146e-31	1.12828998263708e-29
gene_2815	onu_vs_self	443.272055524379	1.31394553192214	0.113520256081891	11.5745469334943	5.54634850050745e-31	1.16650474605267e-29
gene_2517	onu_vs_self	21923.7988386736	1.1127780045572	0.0965294904086257	11.5278553719347	9.54929291999819e-31	2.00347910282315e-29
gene_4123	onu_vs_self	798.279123794818	1.33035945951245	0.115565590367343	11.5117264168659	1.15149830685387e-30	2.40998178647167e-29
gene_6379	onu_vs_self	1164.99189856314	1.24647237896013	0.108280741952435	11.511487236647	1.15469679398509e-30	2.41078159914936e-29
gene_4329	onu_vs_self	12340.6258817773	1.12408520645993	0.0976861343602277	11.507111155763	1.21479835935285e-30	2.53009098687601e-29
gene_3565	onu_vs_self	2572.05021301098	-2.00253770346441	0.174204271039584	-11.4953421722328	1.39228212064674e-30	2.8927026584311e-29
gene_6046	onu_vs_self	909.802608103287	1.28215296167126	0.111860394080831	11.462081572364	2.04538952392333e-30	4.23935455805901e-29
gene_798	onu_vs_self	1105.74633350724	-0.998376189854846	0.0871252376880933	-11.4590928684638	2.11720643980434e-30	4.37760558568241e-29
gene_2172	onu_vs_self	4565.9960907847	-1.09641909892255	0.0957505095774775	-11.4507912674383	2.33008775957015e-30	4.8061569209447e-29
gene_3095	onu_vs_self	1623.36190940446	-1.56986342567601	0.13711870791359	-11.4489368340994	2.38047136635927e-30	4.89827761923926e-29
gene_4860	onu_vs_self	6312.59332936698	-0.622878190192166	0.0544159119308015	-11.4466186100906	2.44497906338394e-30	5.0189498279536e-29
gene_1289	onu_vs_self	626.32724636912	1.10773539907927	0.0969953233378369	11.4205031846845	3.30315902615389e-30	6.76436393872662e-29
gene_4227	onu_vs_self	871.139850525061	0.973434985285675	0.0854465283492464	11.3923292624242	4.56617646760382e-30	9.3285132607849e-29
gene_1755	onu_vs_self	998.158703933761	-1.01659836311666	0.0894090687765044	-11.3701929460629	5.8857338925653e-30	1.19956862191331e-28
gene_6314	onu_vs_self	649.551211921566	1.27351609770055	0.112081531859959	11.362408030716	6.43461379652195e-30	1.30832052489852e-28
gene_3682	onu_vs_self	457.844172877632	-2.00474015650061	0.176503901505544	-11.3580501020123	6.76374531497152e-30	1.37198246199422e-28
gene_6988	onu_vs_self	295.917298060989	-1.38895454847672	0.12230756716599	-11.3562437767378	6.90501632208031e-30	1.3973271800711e-28
gene_7707	onu_vs_self	13235.9229286697	-1.25079453524506	0.110297317720939	-11.3402080947215	8.29469879390476e-30	1.67459013386379e-28
gene_8061	onu_vs_self	95.5824212961583	-2.17744550070154	0.192022383547918	-11.3395400081479	8.35826325625601e-30	1.68345255231886e-28
gene_18	onu_vs_self	2029.06043751688	-1.2281724644328	0.108368944922527	-11.3332511016954	8.98081495421745e-30	1.80459568094135e-28
gene_4703	onu_vs_self	245.50227832816	1.96685157107838	0.174442557917164	11.2750672459891	1.74245433332503e-29	3.49307004526048e-28
gene_1258	onu_vs_self	167.033887070052	3.11331027061313	0.276202759117181	11.2718290018685	1.80775135198617e-29	3.61550270397234e-28
gene_2152	onu_vs_self	10100.8436249281	-0.965284007234853	0.0857087927922419	-11.2623684897149	2.01275246956733e-29	4.01612147773807e-28
gene_2070	onu_vs_self	2657.23568010826	-1.60994269812882	0.14303823371821	-11.2553312235417	2.18005530478216e-29	4.3398310253338e-28
gene_129	onu_vs_self	1453.37833864993	-1.33231196078989	0.118454489689174	-11.2474585326896	2.38361457760693e-29	4.73404658568801e-28
gene_3658	onu_vs_self	4319.58423274155	1.48614078099416	0.132431483300444	11.2219597935227	3.18140845111214e-29	6.30390193090738e-28
gene_384	onu_vs_self	3950.19915700545	0.803483179774205	0.0717092915502552	11.2047290163383	3.86534815006466e-29	7.64142728973521e-28
gene_1965	onu_vs_self	1553.19711072482	-0.839138316390163	0.074917654984017	-11.2008086287429	4.0402862073247e-29	7.9688594319584e-28
gene_7226	onu_vs_self	2203.44899453761	1.41238908952732	0.126523035756846	11.1630983328733	6.17995401042985e-29	1.21610129492597e-27
gene_7128	onu_vs_self	8097.79090903059	-0.776153175810661	0.0695673290452848	-11.156863235405	6.62893705344677e-29	1.30146103618129e-27
gene_2738	onu_vs_self	17756.516539123	1.15772325410695	0.104041936274225	11.1274673998331	9.22184471679276e-29	1.80638422827794e-27
gene_6223	onu_vs_self	2012.0579427356	1.19993596839358	0.107967284510991	11.1138848571432	1.07383831494121e-28	2.0986429168714e-27
gene_1501	onu_vs_self	456.23088957473	-1.41344675901268	0.127454236635896	-11.0898373904237	1.4054300612684e-28	2.74042854771242e-27
gene_6335	onu_vs_self	993.056450927657	-1.64517507036057	0.14836576918319	-11.088643151435	1.42431722944791e-28	2.77094442819866e-27
gene_6381	onu_vs_self	420.154658577109	-1.18472126912554	0.106894017235801	-11.0831391668266	1.51467039184452e-28	2.94004048847825e-27
gene_7609	onu_vs_self	3763.16284317529	-0.952149223571044	0.0859357852602967	-11.0797756800268	1.57266079441227e-28	3.0456960181378e-27
gene_1014	onu_vs_self	1902.86994548189	-0.724734666702593	0.06541408469521	-11.0791837886201	1.58309120194464e-28	3.05897532475082e-27
gene_1078	onu_vs_self	1086.98170780405	-0.961506023751986	0.0867960718123732	-11.0777596690144	1.60846932275195e-28	3.10101292854881e-27
gene_1145	onu_vs_self	10278.1109139446	-1.02124224523527	0.0926144000110848	-11.0268192107603	2.83722988869863e-28	5.45508196133714e-27
gene_3933	onu_vs_self	2777.38966311696	0.716431476307454	0.064972663170384	11.0266601574987	2.84225064807987e-28	5.45508196133714e-27
gene_5877	onu_vs_self	1223.72999221896	1.41438071499962	0.128274938137744	11.026165637132	2.85791730743706e-28	5.47287967598686e-27
gene_6623	onu_vs_self	1791.04679023335	-1.0563577276224	0.0959447950654056	-11.0100576785044	3.41784841893804e-28	6.5305318004709e-27
gene_1894	onu_vs_self	1489.72440562493	0.826035304213503	0.0750561894240656	11.0055587760581	3.59281676474669e-28	6.84955712833668e-27
gene_6865	onu_vs_self	10766.7461257835	0.853244798591199	0.0776642297643595	10.9863292429478	4.44644261635118e-28	8.45812195465913e-27
gene_1416	onu_vs_self	1306.08937539237	-1.2399873956678	0.112897388123969	-10.9833133987671	4.59745572720255e-28	8.72599135806072e-27
gene_619	onu_vs_self	724.035439192184	1.24536714466802	0.113469294753874	10.9753669252051	5.02016253996923e-28	9.50721047392402e-27
gene_8289	onu_vs_self	14917.2979838154	-0.851222976791442	0.0776144429050918	-10.9673270196931	5.48705682901215e-28	1.03684782464336e-26
gene_6904	onu_vs_self	276.620885248298	-1.85586654238028	0.169595305220336	-10.9429122461212	7.18540380155616e-28	1.35478098108636e-26
gene_7501	onu_vs_self	42337.7659400867	-0.700331739386979	0.0640471312158926	-10.9346308896533	7.87256943871986e-28	1.48108119550422e-26
gene_3519	onu_vs_self	14483.1976078143	0.748872186146436	0.0684924502317994	10.9336457319314	7.95853546877236e-28	1.49397069326078e-26
gene_6240	onu_vs_self	3322.03114516275	-1.61524101571576	0.147913351792658	-10.9201839870411	9.23086255437698e-28	1.72901933184829e-26
gene_1390	onu_vs_self	1208.97100293653	0.830082137975076	0.0760565131683683	10.9140177927629	9.87913716728967e-28	1.84640642253274e-26
gene_5297	onu_vs_self	1460.68180463877	0.924122577488445	0.0846776912947485	10.9134125335531	9.94515370328577e-28	1.85469533115743e-26
gene_3254	onu_vs_self	4125.11309730331	-0.992406193952612	0.0909887462608647	-10.9069114009702	1.0682426839275e-27	1.98786029878683e-26
gene_1963	onu_vs_self	5437.90853569956	0.844193486682813	0.0774110248746817	10.9053392336486	1.08687111029797e-27	2.01813811369862e-26
gene_1919	onu_vs_self	37722.5070825853	-1.1423736178144	0.104793777122941	-10.9011589158982	1.13798514218405e-27	2.10847463573494e-26
gene_5770	onu_vs_self	2123.86138357076	-0.774120615204332	0.0710244955630395	-10.8993468952869	1.16087532580724e-27	2.1462403431771e-26
gene_5803	onu_vs_self	955.630238730359	0.97863721436873	0.0898661694527713	10.889940233661	1.2872472026661e-27	2.37474914974607e-26
gene_1295	onu_vs_self	1374.04400909558	1.05047408278938	0.0964680409737568	10.8893481425123	1.29564305585286e-27	2.38509775443021e-26
gene_7063	onu_vs_self	1862.13235413805	-1.17825731459665	0.10832124980514	-10.8774346373978	1.47660182140705e-27	2.71238446164042e-26
gene_187	onu_vs_self	2671.64136916195	0.736846760645277	0.0678622100204419	10.8579835584977	1.82739737306035e-27	3.34957634119842e-26
gene_728	onu_vs_self	1077.91817830833	-0.78133679899992	0.072071994722708	-10.8410597209923	2.19908798500082e-27	4.02226349393313e-26
gene_1893	onu_vs_self	201.380498138483	2.86886781235042	0.264639518649335	10.840662902474	2.20864804207382e-27	4.03113587210062e-26
gene_1972	onu_vs_self	15078.4639685882	-0.688743549765797	0.0635496754472171	-10.8378767463235	2.27694202021251e-27	4.14694121128065e-26
gene_6648	onu_vs_self	3649.21873385635	-0.899626884569825	0.0831164800051267	-10.8236884492021	2.65858026223955e-27	4.83172973349692e-26
gene_2860	onu_vs_self	4553.98472865365	1.39761308391335	0.129150463381477	10.8215878388695	2.72023235950946e-27	4.93330275368664e-26
gene_790	onu_vs_self	6251.39377942826	-1.79503684330606	0.167220829685521	-10.7345289859035	7.00754010574966e-27	1.268172162901e-25
gene_4442	onu_vs_self	860.438747958414	1.26690523053827	0.118034831372599	10.7333167320674	7.10010819576637e-27	1.28221363197806e-25
gene_1817	onu_vs_self	3234.10408797395	-0.593358249270648	0.0553164516258367	-10.7266144488832	7.63421040543605e-27	1.37576507516911e-25
gene_6303	onu_vs_self	6988.41905047561	0.687736487110979	0.0641409932513648	10.7222612599057	8.00226129273823e-27	1.43906211482855e-25
gene_1701	onu_vs_self	1704.65280113508	-1.59240643655746	0.148905709057985	-10.6940589896212	1.08515535531811e-26	1.94736474665053e-25
gene_7810	onu_vs_self	1693.01766268038	0.981671272502823	0.0920600824040821	10.6633759917131	1.51014126364663e-26	2.70435339263915e-25
gene_2241	onu_vs_self	1355.69665536061	1.03950939515795	0.0974977633697374	10.661879403488	1.53464449189404e-26	2.74249621098392e-25
gene_1157	onu_vs_self	4428.26361679358	0.649393779150844	0.0609515459041536	10.6542626526982	1.66559298664793e-26	2.97030749285547e-25
gene_3730	onu_vs_self	700.301935885347	1.09790428750269	0.103105428079314	10.6483655415128	1.77453334962132e-26	3.15800529579179e-25
gene_1833	onu_vs_self	353.951437268764	2.46192777714647	0.23127144079865	10.6451871819741	1.83614864264206e-26	3.26087808734773e-25
gene_5513	onu_vs_self	1223.32357292191	0.876176700022577	0.0825100488301812	10.6190301962599	2.43073245794633e-26	4.3078819544556e-25
gene_1437	onu_vs_self	2646.48350164447	-0.769847901762238	0.0725180476280461	-10.6159490905062	2.51228199399848e-26	4.44320947698904e-25
gene_1888	onu_vs_self	3180.34273468206	-1.83013028878096	0.173016365820872	-10.5777871364825	3.77774960234762e-26	6.6675333187826e-25
gene_3803	onu_vs_self	5645.4407234988	0.83492070681213	0.0789952730905343	10.5692489455065	4.13795156143843e-26	7.28824390245123e-25
gene_7528	onu_vs_self	361.438975541386	-1.32253404007179	0.125250988903486	-10.559070644072	4.61205261676679e-26	8.10660583152438e-25
gene_5201	onu_vs_self	2296.90003129523	0.737879389795162	0.0698866216270509	10.5582352189357	4.65327716359791e-26	8.16230584434388e-25
gene_7327	onu_vs_self	1572.82599508802	1.88912938762153	0.179208515992786	10.5415157151214	5.55955433634353e-26	9.73206239654409e-25
gene_7678	onu_vs_self	9711.82048077297	-0.855767929947354	0.081227280210429	-10.5354743841033	5.92836146873086e-26	1.03564845249666e-24
gene_3038	onu_vs_self	1275.56893077649	-0.991103822242914	0.0942058846051516	-10.5206147832162	6.94191340967438e-26	1.21023989382511e-24
gene_5281	onu_vs_self	901.154359690675	-0.999227125322801	0.0949920978603205	-10.5190552459647	7.0577704424895e-26	1.22793729649817e-24
gene_2726	onu_vs_self	1399.38525436006	-0.897996393961753	0.0856091484041956	-10.4894910263789	9.6547062221819e-26	1.67635467062631e-24
gene_6570	onu_vs_self	5503.89268169592	1.57060833336072	0.150101643415916	10.4636318271928	1.26896438161889e-25	2.19885326045702e-24
gene_4079	onu_vs_self	656.824981549594	-0.851882295998603	0.081442272667101	-10.4599524067889	1.31921914005005e-25	2.28131633107645e-24
gene_6128	onu_vs_self	2326.71285298445	-1.42874581710123	0.136656032208169	-10.4550512261676	1.38923686508992e-25	2.39755394459066e-24
gene_3034	onu_vs_self	2218.69959052093	0.787619630917874	0.0755206185574977	10.4291999451543	1.82417734871454e-25	3.14184267706165e-24
gene_6148	onu_vs_self	517.589893783322	-1.36076132112236	0.130480495384321	-10.4288485195763	1.83093588262963e-25	3.14715083439953e-24
gene_467	onu_vs_self	9950.93295892323	-0.88038339085685	0.0845309738115236	-10.4149207226669	2.11974117288783e-25	3.63626942683764e-24
gene_6638	onu_vs_self	692.647182463707	1.47530626872446	0.141833612257116	10.401668865699	2.4362840297131e-25	4.17091825886883e-24
gene_1075	onu_vs_self	11220.0801621602	-0.779590800765894	0.074951105124929	-10.4013249633407	2.44509387576083e-25	4.17764542445363e-24
gene_4905	onu_vs_self	3552.24501363776	-1.25971322057377	0.12136682233024	-10.3793870218178	3.07744743489691e-25	5.24759961010311e-24
gene_5981	onu_vs_self	228.898045129634	-1.80587614313021	0.174154781707256	-10.3693744462658	3.41754596890386e-25	5.81594304052028e-24
gene_800	onu_vs_self	1499.1228088779	-1.10136101783606	0.106368514640887	-10.3542013494725	4.00515145380889e-25	6.8024000882151e-24
gene_4492	onu_vs_self	1550.44086435095	0.989491952943076	0.0955747591451026	10.3530677115369	4.05287378925863e-25	6.86982171010968e-24
gene_6147	onu_vs_self	1203.51575163318	-1.41130054125915	0.136502611243002	-10.3390003195378	4.69408553212011e-25	7.94098263931781e-24
gene_1373	onu_vs_self	5383.99068604768	-0.710189487920479	0.0687744140710919	-10.3263618819981	5.3553363215737e-25	9.04175126482661e-24
gene_5559	onu_vs_self	2270.52275574239	-0.878779229902138	0.0853014424275615	-10.3020441963617	6.8979645122532e-25	1.16233417765526e-23
gene_2745	onu_vs_self	153.026631250275	2.20697931500753	0.21501328923075	10.2643856242719	1.01967954984475e-24	1.71482454747957e-23
gene_3802	onu_vs_self	4234.64558885409	-0.880992461280063	0.0859512676554214	-10.2499065495108	1.18458009720726e-24	1.98823639844983e-23
gene_1233	onu_vs_self	8447.46219107487	1.00341034506857	0.0979100264191813	10.2482900042604	1.20455638128736e-24	2.01780873264575e-23
gene_5455	onu_vs_self	6330.2811498686	-0.75765695507163	0.0740178179990258	-10.2361428039071	1.36573124487427e-24	2.28333192502416e-23
gene_8374	onu_vs_self	35902.2864011126	-0.552694310248514	0.0540137339321204	-10.2324773722011	1.41843588946355e-24	2.36682479801326e-23
gene_1484	onu_vs_self	661.083251163527	1.04087435646235	0.101818387736688	10.2228524689877	1.56661766248238e-24	2.60899750794731e-23
gene_2753	onu_vs_self	1592.1027319345	0.929399487985896	0.0910193533506741	10.2110095685382	1.77013350036458e-24	2.94220247827588e-23
gene_3692	onu_vs_self	2011.82751354921	1.18122381808553	0.115736735544893	10.2061269701817	1.861474328655e-24	3.08802718086953e-23
gene_1198	onu_vs_self	598.272991566334	1.0605819758015	0.104119463771817	10.1862028229978	2.28516194363652e-24	3.78355633221056e-23
gene_5621	onu_vs_self	6606.06153188841	-0.695062025004899	0.0683244835441305	-10.1729568809102	2.61837072722882e-24	4.32688290059435e-23
gene_1953	onu_vs_self	1312.36844560845	-0.971453380309069	0.0955216917126711	-10.1699767130507	2.69973205092497e-24	4.45273725547549e-23
gene_7026	onu_vs_self	2136.4698525129	-1.13956087432164	0.112136349493113	-10.1622790421907	2.92165790725487e-24	4.8094984011734e-23
gene_1296	onu_vs_self	1131.85667111508	-1.60090271408332	0.157542533545477	-10.1617174616606	2.93853821788796e-24	4.82800137142436e-23
gene_3863	onu_vs_self	6940.85343641319	-0.8862560652151	0.0872914271531715	-10.1528419699219	3.21851714333198e-24	5.27787485573214e-23
gene_465	onu_vs_self	5963.32520272474	-0.775418756094406	0.0767009212591669	-10.1096407104984	5.00675492043075e-24	8.19461225982547e-23
gene_1112	onu_vs_self	5842.80380598651	-0.985657972463402	0.0977083174545879	-10.0877591400702	6.25818134273547e-24	1.022328860569e-22
gene_886	onu_vs_self	1510.71074047488	-1.07810691649641	0.107069783359145	-10.0691986354367	7.55914644873881e-24	1.23250083049913e-22
gene_8188	onu_vs_self	1359.34745040129	-0.75137200037572	0.0746895305304739	-10.0599373839839	8.30511531191127e-24	1.35155488726161e-22
gene_3029	onu_vs_self	3384.83845074371	-0.991984134429423	0.0987288417134334	-10.0475617581812	9.41685138053545e-24	1.52956826977957e-22
gene_7049	onu_vs_self	2418.8909996773	-1.79677637722831	0.178854124775667	-10.0460438331068	9.56297918123338e-24	1.55036177635147e-22
gene_2149	onu_vs_self	4240.25368573253	-1.13653390810194	0.113140439889225	-10.0453375399169	9.63173610404345e-24	1.5585569196713e-22
gene_415	onu_vs_self	2736.13511354021	-0.876795839850872	0.087426968430186	-10.0288944657967	1.13783422178096e-23	1.83770961102735e-22
gene_2808	onu_vs_self	2306.50301127316	0.682445039375792	0.0681805199090193	10.0093845028823	1.38612206251154e-23	2.2345018559508e-22
gene_5701	onu_vs_self	1051.43622261852	-1.72739969792973	0.173227253255678	-9.97187027713325	2.02381397178119e-23	3.25636233053515e-22
gene_5183	onu_vs_self	2214.28497757622	1.29483097972426	0.129914259367569	9.96681184981219	2.12955000010238e-23	3.42006529097118e-22
gene_5980	onu_vs_self	7546.98083061133	0.828321852680509	0.0831583838177255	9.9607738228307	2.26294418340132e-23	3.62749105054594e-22
gene_7924	onu_vs_self	1207.72726842082	-1.05597730100561	0.106039645439037	-9.9583254605722	2.31936257028846e-23	3.71098011246153e-22
gene_8014	onu_vs_self	943.614901632366	1.07037042619241	0.107499427627582	9.95698721206745	2.35078666441359e-23	3.75424138943663e-22
gene_1904	onu_vs_self	198.734503256449	-2.00260828245464	0.201273461366354	-9.94968869149383	2.52973317132359e-23	4.03249831406516e-22
gene_2174	onu_vs_self	102800.027333824	-0.804046101888797	0.0808841017690661	-9.94071868640447	2.76822666671541e-23	4.40446473365872e-22
gene_6461	onu_vs_self	567.553739134665	-1.51937156968934	0.152914718825653	-9.93607143483465	2.90040890464078e-23	4.6062152548655e-22
gene_8562	onu_vs_self	479.964139843415	-0.988940104293732	0.0995907469600522	-9.93004003364304	3.08131807090619e-23	4.88445975684389e-22
gene_5732	onu_vs_self	2349.42547554836	-1.38618726292676	0.139820732845676	-9.91403230919076	3.61744797140878e-23	5.72372544089817e-22
gene_4319	onu_vs_self	2779.17389676459	0.95397218783403	0.0963265005928659	9.9035279176817	4.01844110199456e-23	6.34646786588071e-22
gene_2132	onu_vs_self	1138.35107835121	-1.22780748028796	0.123989680216538	-9.90249735416443	4.06007631205424e-23	6.40041495970245e-22
gene_2038	onu_vs_self	1879.63555281665	-1.28667584600166	0.130075276060097	-9.89177870671738	4.51925720820288e-23	7.11118413643689e-22
gene_364	onu_vs_self	1332.52084826928	1.0306682103017	0.104284675529475	9.88321826834846	4.92260510231016e-23	7.73165131665595e-22
gene_7665	onu_vs_self	503.748717920465	1.27872030893604	0.129450365366398	9.87807415851418	5.18191914932443e-23	8.12403441725588e-22
gene_7987	onu_vs_self	490.879829341858	1.37280072419982	0.139053367981116	9.87247374250049	5.47962770496729e-23	8.57506639022304e-22
gene_5282	onu_vs_self	931.988311564342	-1.05098160131903	0.10655330785777	-9.86343476752409	5.99623295760121e-23	9.36637848851576e-22
gene_4302	onu_vs_self	3111.13055938526	-0.936575911816152	0.0949966120435588	-9.85904540876367	6.26420915393607e-23	9.76714578464348e-22
gene_6435	onu_vs_self	1464.83665762239	0.774505573448405	0.0786045951775638	9.85318443150602	6.64059661292074e-23	1.03351830921094e-21
gene_729	onu_vs_self	1972.44597461602	0.726146952931227	0.0737434345240898	9.84693698656002	7.06647189040828e-23	1.09780398152259e-21
gene_3548	onu_vs_self	580.412382253167	1.10844717342588	0.112581481545638	9.8457326925169	7.15162153534814e-23	1.10901957142355e-21
gene_806	onu_vs_self	1721.66912463294	-0.842446741972169	0.08562180471419	-9.83916123684032	7.63446501127794e-23	1.18175443935875e-21
gene_3585	onu_vs_self	8749.91836205062	0.902165090502249	0.0917672292648749	9.83101590545204	8.27794551797351e-23	1.27904717750638e-21
gene_5172	onu_vs_self	4285.05857208066	-1.21555244672292	0.123914761965172	-9.80958545572293	1.02388310500094e-22	1.5791782664519e-21
gene_5542	onu_vs_self	4439.54334802841	0.741851371521162	0.0757727161846695	9.79048144074919	1.23705444211086e-22	1.904529860516e-21
gene_7120	onu_vs_self	9193.95107882073	0.52652478590766	0.0537957755320073	9.78747458700339	1.27439071813076e-22	1.95848914671441e-21
gene_7809	onu_vs_self	2630.37966634348	-3.41914222468469	0.349544512113627	-9.7817076400651	1.3491477407484e-22	2.06966033347784e-21
gene_3674	onu_vs_self	13217.8311666431	-0.545350897232779	0.0557801059879485	-9.7767992292916	1.41618355636562e-22	2.16861024015916e-21
gene_8544	onu_vs_self	121.165990929845	-2.70126447582933	0.276531399584668	-9.76838246899429	1.53889292047854e-22	2.35230774987434e-21
gene_7698	onu_vs_self	537.267596010982	0.912913182623462	0.0935693687493103	9.75653886336805	1.72957371414679e-22	2.63906434814555e-21
gene_3671	onu_vs_self	610.03289229542	1.10527421638451	0.11332616054049	9.75303681968124	1.79030947099932e-22	2.726877059031e-21
gene_3685	onu_vs_self	557.911896453032	1.81736226875454	0.186811398661106	9.72832643928446	2.28318274401234e-22	3.47141106372037e-21
gene_3437	onu_vs_self	1271.46927827754	0.925673527995206	0.0953485488121815	9.70831270666328	2.77899173407286e-22	4.21776050419569e-21
gene_3343	onu_vs_self	550.997398397031	-1.31285616796439	0.135304952851248	-9.70294242966639	2.92926703147368e-22	4.4379691662681e-21
gene_1205	onu_vs_self	2398.94446589102	0.69184999725747	0.0713203063998344	9.70060326688496	2.9972119125531e-22	4.53288586068101e-21
gene_4118	onu_vs_self	1266.78613313883	0.935468317926885	0.0965516339707447	9.6887880552113	3.36497809006146e-22	5.08010801603635e-21
gene_5118	onu_vs_self	278.540706615152	1.56396934721533	0.161437603441226	9.68776365529187	3.39889274522219e-22	5.12227498223626e-21
gene_736	onu_vs_self	1058.00300367054	0.740923514602732	0.0764846802724874	9.68721464171763	3.4172078615132e-22	5.14082588656467e-21
gene_5257	onu_vs_self	2154.9011853975	-1.86937152149029	0.193079987885394	-9.68185021121858	3.60138500115585e-22	5.40839572103405e-21
gene_3469	onu_vs_self	72.4009807930766	4.29249664180047	0.44350115309052	9.67865948462225	3.71555650330895e-22	5.56034329865814e-21
gene_7331	onu_vs_self	2027.63469180325	0.75328365989198	0.0778283583347911	9.67878130811407	3.71113232563485e-22	5.56034329865814e-21
gene_3407	onu_vs_self	779.207288993292	0.885089640965538	0.0916488314655731	9.6574023564939	4.57312615610335e-22	6.83175565379488e-21
gene_6448	onu_vs_self	6294.735665693	-0.668574947133109	0.0692668667221764	-9.65216096484783	4.81306134330724e-22	7.17766639350348e-21
gene_5539	onu_vs_self	895.231699563869	-1.17844386457234	0.122100838528758	-9.65139862077846	4.84898151595099e-22	7.21865770026791e-21
gene_7144	onu_vs_self	129.184435296324	-2.21407650628739	0.22948471618948	-9.64803470597701	5.01067681582354e-22	7.44642249018221e-21
gene_5352	onu_vs_self	647.004971273907	1.19530717711778	0.124135708271411	9.62903578480702	6.02925585649989e-22	8.94461527411422e-21
gene_8372	onu_vs_self	726.537211918841	0.936291372809644	0.0973306391252894	9.61969818778646	6.60246035742608e-22	9.77803817639571e-21
gene_3072	onu_vs_self	3158.57547570822	-1.47160349748688	0.153037850777779	-9.61594461767329	6.84778871772761e-22	1.0123846532599e-20
gene_1528	onu_vs_self	45816.1922698519	0.813006029223126	0.0845561704204898	9.61498167644212	6.91216566224648e-22	1.02014031153155e-20
gene_6081	onu_vs_self	616.175637964977	0.963083573516488	0.100213169794384	9.61034937316649	7.23032342885178e-22	1.0652593554384e-20
gene_6025	onu_vs_self	1324.54153653486	-0.724322468585782	0.0754437356789229	-9.60082983785942	7.9303340336762e-22	1.16638589911114e-20
gene_6194	onu_vs_self	7026.27317674428	1.05722482190159	0.110181932245624	9.59526485290495	8.37018507701691e-22	1.22896713995308e-20
gene_7096	onu_vs_self	4830.14397579012	-0.54320481592807	0.0566402226084441	-9.59044281452184	8.77077700770639e-22	1.28557964359532e-20
gene_3884	onu_vs_self	241.66313413536	1.27595740814769	0.133153566906761	9.58260028468599	9.46318640231993e-22	1.38469872827109e-20
gene_1821	onu_vs_self	849.862529299477	-0.855473498619179	0.0893401591137208	-9.57546423809531	1.01400722522227e-21	1.48121191943731e-20
gene_2729	onu_vs_self	1307.92096951752	-0.889309990302181	0.093010968444011	-9.56134534646321	1.16235750297421e-21	1.69502218491639e-20
gene_24	onu_vs_self	2308.35472995717	0.629348143150692	0.0658420176458507	9.55845773949111	1.19524512545867e-21	1.74001671325276e-20
gene_4397	onu_vs_self	1165.58067326067	1.25264587165662	0.131163806398211	9.55024031441726	1.29395784974838e-21	1.8805227833355e-20
gene_6197	onu_vs_self	3280.05469778022	-0.943337224295639	0.0987879940650198	-9.54910799863755	1.30817753185891e-21	1.89796604622242e-20
gene_1244	onu_vs_self	6139.42219715025	-1.00674489892031	0.105480744141082	-9.54434771121615	1.36966801321841e-21	1.9838169531556e-20
gene_2782	onu_vs_self	2804.81265903702	0.617175050928057	0.0646856577846687	9.54114207174895	1.41267900573894e-21	2.04265748127117e-20
gene_3073	onu_vs_self	4082.48426731372	-0.54864772973514	0.0575568528308396	-9.53227465976333	1.53874052495937e-21	2.22118362456193e-20
gene_1350	onu_vs_self	5058.27811181324	-1.06386281510562	0.111990649087544	-9.49956825657821	2.10762305008511e-21	3.03724803177249e-20
gene_8197	onu_vs_self	123.234923501486	1.97184937448211	0.207985888938688	9.48068825507385	2.52611350920634e-21	3.6342069981187e-20
gene_1333	onu_vs_self	5540.85444675092	-0.541860329794292	0.0571612354344273	-9.47950697139654	2.5548732666382e-21	3.66941529570855e-20
gene_4616	onu_vs_self	4360.73735545264	0.553291474696348	0.0584745424484439	9.46209156205328	3.0184408793564e-21	4.32794873153949e-20
gene_7944	onu_vs_self	3218.95616003655	-0.886694533808962	0.0937301711228984	-9.46007590924307	3.07719733179643e-21	4.40481758531395e-20
gene_5665	onu_vs_self	732.423276728826	1.06995512192086	0.113205769651779	9.45141864422673	3.34269133459725e-21	4.77686775027587e-20
gene_4280	onu_vs_self	6743.1551598969	0.946603175173573	0.100275917519476	9.43998517879149	3.72832134866312e-21	5.31907179075939e-20
gene_6345	onu_vs_self	723.181961245754	1.74695974341854	0.185436985658862	9.420772976931	4.47779291333083e-21	6.37768840900364e-20
gene_6471	onu_vs_self	612.196158904643	1.45090258947014	0.154130432021753	9.41347254035707	4.8001061739736e-21	6.81408106952139e-20
gene_1129	onu_vs_self	2807.40949039266	0.904132133479598	0.0960459284505873	9.41353941874534	4.79705181789662e-21	6.81408106952139e-20
gene_822	onu_vs_self	1241.34118272646	1.1595528528333	0.123280574489819	9.40580344982948	5.16341911333843e-21	7.3176933129432e-20
gene_6322	onu_vs_self	3113.68966920039	-0.929283338171743	0.0989044167176396	-9.39577188776854	5.67998036261858e-21	8.03646808330827e-20
gene_3423	onu_vs_self	3116.84632463656	-0.733937423425731	0.0781298478270175	-9.39381611302631	5.78648821943664e-21	8.17365332646495e-20
gene_5829	onu_vs_self	2127.88053729914	-1.11994520247821	0.119237976213258	-9.39252105784809	5.85809909543303e-21	8.26117434215927e-20
gene_7117	onu_vs_self	5369.79478508306	-0.590856835573012	0.0629597741329215	-9.38467209754575	6.31125105197198e-21	8.88557713896056e-20
gene_375	onu_vs_self	4669.41436540454	-1.1120456041337	0.118514231823409	-9.38322416661905	6.39855516038685e-21	8.99369986418907e-20
gene_241	onu_vs_self	1855.82535072928	-0.709180266462624	0.0755904635732564	-9.3818748151391	6.48099005456378e-21	9.09463522410918e-20
gene_5910	onu_vs_self	14484.4193313827	1.26668455473704	0.135041349702856	9.37997552249182	6.59880459436514e-21	9.24480643662284e-20
gene_954	onu_vs_self	3284.21055036906	-0.676737394081734	0.0721599616580938	-9.37829481240902	6.70482525259788e-21	9.37799087618265e-20
gene_6561	onu_vs_self	984.338188831336	1.11597724362191	0.119185497443452	9.36336439885555	7.72372470543277e-21	1.07854948578311e-19
gene_5897	onu_vs_self	196.130207844011	1.85939049089757	0.198606854413422	9.3621667610074	7.81179737674441e-21	1.08907142581323e-19
gene_2905	onu_vs_self	47820.8071362656	0.475120987589609	0.0508396861182317	9.34547444853765	9.14784083798602e-21	1.27326044834407e-19
gene_1120	onu_vs_self	6932.18635933832	-0.96693966327474	0.10347401044037	-9.34475873854299	9.20992029566094e-21	1.2798200930334e-19
gene_8017	onu_vs_self	3726.27002236217	0.936834168949049	0.100265729521511	9.34351321652785	9.31894966913468e-21	1.2928721096887e-19
gene_6973	onu_vs_self	119.35300619768	4.5844672568698	0.490866894380996	9.33953238515099	9.67605083730832e-21	1.34024264024853e-19
gene_8393	onu_vs_self	1955.45387497275	-0.663063775964728	0.07113963477195	-9.32059572825037	1.15688894233505e-20	1.59983349699321e-19
gene_7196	onu_vs_self	543.47032445739	1.81137279372736	0.194498314589795	9.31305136266924	1.24211561985432e-20	1.714920920315e-19
gene_2676	onu_vs_self	899.671170744658	1.15665926452994	0.124229166177883	9.31069007477459	1.27004472853072e-20	1.75065746799082e-19
gene_1049	onu_vs_self	33.4777625777788	-3.52264901965859	0.378509622690419	-9.30663002599472	1.31952570866488e-20	1.81593891739089e-19
gene_6199	onu_vs_self	13845.8982284444	-1.14159633206168	0.122668188615084	-9.3063763714964	1.32267957043853e-20	1.8173574836202e-19
gene_7977	onu_vs_self	4849.69656192265	1.45038323779906	0.155886986484336	9.3040687392132	1.35171648999105e-20	1.85427774909029e-19
gene_2153	onu_vs_self	2421.99224532556	-0.621625930255854	0.0668189169868089	-9.30314285666397	1.36354325580937e-20	1.86750884315651e-19
gene_985	onu_vs_self	5235.71103343579	0.579717224757304	0.0623205440668058	9.30218491250436	1.3758872582392e-20	1.88140494097884e-19
gene_8178	onu_vs_self	2547.05375264281	-0.793322000040077	0.0852999176545392	-9.30038412525784	1.39939192858597e-20	1.91049360585262e-19
gene_6654	onu_vs_self	1200.79129231398	-1.31940544651574	0.142047572793	-9.28847582942128	1.56513452410209e-20	2.13336807743852e-19
gene_5849	onu_vs_self	5157.40597551493	-0.561364821186982	0.0604667081341396	-9.28386608944624	1.63438097399079e-20	2.22421321738651e-19
gene_3021	onu_vs_self	324.882498951587	1.5051581177513	0.162542056494282	9.26011489096827	2.04212354952987e-20	2.77469485459932e-19
gene_235	onu_vs_self	1353.56469359588	0.857526117783284	0.0926090627036877	9.25963499411529	2.05132246190415e-20	2.78277658857362e-19
gene_5885	onu_vs_self	3633.77477424117	-0.987840033716052	0.106825941513636	-9.24719239277619	2.30466691282138e-20	3.12151088192263e-19
gene_1881	onu_vs_self	7017.37669378216	-0.941252816652033	0.101828609602164	-9.24350062648829	2.38561818940581e-20	3.2260492419137e-19
gene_8574	onu_vs_self	380.033620804775	1.72056990893757	0.186369140238491	9.23205369051873	2.65491915638614e-20	3.58455961808601e-19
gene_1235	onu_vs_self	3319.77781216446	-0.584322293792896	0.0633703622043522	-9.22075041813104	2.95028157888484e-20	3.97707249059122e-19
gene_5706	onu_vs_self	4637.1784872581	1.46650370174114	0.159096508529412	9.21769883762113	3.03544324326366e-20	4.08543933370077e-19
gene_3036	onu_vs_self	843.10798519467	-0.79403318457681	0.086175514993718	-9.21413912797265	3.13786021671981e-20	4.21665360362976e-19
gene_711	onu_vs_self	19319.5538197746	-1.33759184746594	0.145295873465013	-9.20598648514289	3.38547056621851e-20	4.54226144934647e-19
gene_2071	onu_vs_self	4529.22261055247	0.568607544495028	0.0617916117151224	9.20201834379199	3.51288346941282e-20	4.70583450675646e-19
gene_6609	onu_vs_self	2355.63047204195	-1.61056227399441	0.175073571924481	-9.19934548824497	3.60136633663182e-20	4.81682747524506e-19
gene_2029	onu_vs_self	2832.00630819546	0.639831731068496	0.0697137170126375	9.17798904557777	4.3921669728235e-20	5.86535870317772e-19
gene_7479	onu_vs_self	1552.24927937938	-0.640020260448961	0.0699415472468929	-9.15078784559479	5.65198278803829e-20	7.52425702420027e-19
gene_6041	onu_vs_self	1731.76269150749	-0.636086882838338	0.0695104384958636	-9.15095482926913	5.64325223902074e-20	7.52425702420027e-19
gene_1517	onu_vs_self	374.746464015845	-1.12888704963808	0.123399625827396	-9.14822101014393	5.78787899013872e-20	7.69320561422165e-19
gene_5515	onu_vs_self	337.706878930081	-1.18202214398079	0.129347390912537	-9.13835320250145	6.34105363246692e-20	8.41541381301036e-19
gene_7612	onu_vs_self	12191.0923465434	-0.496789465320523	0.0544332192021902	-9.12658616561364	7.06933446564713e-20	9.36741532909279e-19
gene_8612	onu_vs_self	468.58212494655	1.10803537246937	0.121588415009628	9.11300120477457	8.01339209604979e-20	1.06019530667985e-18
gene_8044	onu_vs_self	797.250395075293	-1.47176964595123	0.161609040141021	-9.1069759752731	8.47101433740857e-20	1.11901053592928e-18
gene_1603	onu_vs_self	2043.51065268757	-1.10963693131367	0.121964490529855	-9.09803276751317	9.19827480985699e-20	1.2132085111306e-18
gene_2267	onu_vs_self	4595.29614219862	0.681931269812505	0.0750553305890006	9.08571402538653	1.03020236731549e-19	1.35669727141856e-18
gene_830	onu_vs_self	1084.16564556298	0.782183622859003	0.0861781402969492	9.07635764897903	1.1226899770897e-19	1.47622522333147e-18
gene_484	onu_vs_self	213.380619987647	1.37376848165524	0.151362685345312	9.07600495142638	1.12633239585991e-19	1.47874314548479e-18
gene_3901	onu_vs_self	6438.37837193289	-0.482182963873365	0.0532204174705739	-9.06011239276673	1.30316208486493e-19	1.70827985397301e-18
gene_4619	onu_vs_self	5876.1685292755	0.869516528090482	0.0960330356995381	9.05434803509668	1.37386040104638e-19	1.79820260442767e-18
gene_5031	onu_vs_self	2039.48395744622	-0.97074937046139	0.107216661458306	-9.05409063533368	1.37710423791592e-19	1.79969653077256e-18
gene_6567	onu_vs_self	1273.11875503974	-1.05083276709381	0.116073670713726	-9.05315357593448	1.38897743073851e-19	1.8124461596222e-18
gene_8068	onu_vs_self	2626.00259094117	-1.28240217288908	0.141773484695682	-9.0454302907329	1.49076866751077e-19	1.94231047091206e-18
gene_2683	onu_vs_self	1441.54742960402	-0.780892727700682	0.0864366814021747	-9.03427474346597	1.65093519114091e-19	2.14772116051158e-18
gene_7045	onu_vs_self	4685.74776670605	-0.665705611179825	0.073714975507363	-9.03080556695473	1.70412635272099e-19	2.21355410914897e-18
gene_752	onu_vs_self	4678.52582941941	-0.690432285198574	0.0765209647603524	-9.02278594318384	1.83365625854044e-19	2.37819660198579e-18
gene_283	onu_vs_self	293.342074260783	1.0790785562655	0.119741623718201	9.01172476836454	2.02840864375852e-19	2.62680453715173e-18
gene_6719	onu_vs_self	2025.85479718885	-1.0291692320257	0.114357410052458	-8.99958499893975	2.26572499936858e-19	2.92969879072433e-18
gene_762	onu_vs_self	1618.27681177118	-0.559399210711003	0.0621622270911613	-8.9990213814354	2.27738562781576e-19	2.94033498855247e-18
gene_4522	onu_vs_self	3799.4881812134	-1.33381066540792	0.148302917916785	-8.9938261778257	2.38769961328997e-19	3.07811877857864e-18
gene_3880	onu_vs_self	148.608102919838	2.27813547304663	0.253318610073865	8.99316269097776	2.40216284320906e-19	3.09210735907813e-18
gene_6830	onu_vs_self	1543.72994487978	1.10909565536265	0.123351708240049	8.99132789636188	2.44261141984861e-19	3.13945251560121e-18
gene_3271	onu_vs_self	18002.9559726521	-0.685369676823497	0.0763497774008348	-8.9767082518829	2.78988432860559e-19	3.58042126729593e-18
gene_4915	onu_vs_self	1480.25368035494	-1.17898185552284	0.131452025377187	-8.96891357999146	2.99453392573359e-19	3.83730694674844e-18
gene_5606	onu_vs_self	1678.9279362813	0.798024719537952	0.0889788665334582	8.96869954213089	3.00035786941026e-19	3.83902292408846e-18
gene_7333	onu_vs_self	230.595841244327	1.17090003714542	0.130761425727469	8.95447591391208	3.41353281956567e-19	4.36117028887793e-18
gene_628	onu_vs_self	805.718170701925	-1.0545952738546	0.117861608229264	-8.94774209938837	3.62827549468655e-19	4.6286197070815e-18
gene_584	onu_vs_self	5400.83962617489	-0.495252730304743	0.0554165255544383	-8.93691413075388	4.00189113144386e-19	5.09764703648205e-18
gene_3249	onu_vs_self	167.046616108611	1.35965345991021	0.152251554056633	8.93030923943447	4.24819604995768e-19	5.40335188523592e-18
gene_6375	onu_vs_self	8810.07916889159	0.933681026659009	0.104585687112614	8.92742642359517	4.36033961001105e-19	5.53776069164608e-18
gene_6744	onu_vs_self	2629.87896102676	-0.758184268545718	0.0849510551077517	-8.92495411132963	4.45884024145618e-19	5.6544699950911e-18
gene_5705	onu_vs_self	2567.41327133576	1.15663961638581	0.129627940249087	8.92276475398177	4.54790071211682e-19	5.75888019167455e-18
gene_3782	onu_vs_self	931.707872493261	-0.84353571292447	0.0945615372941226	-8.92049491857087	4.64209034690184e-19	5.86946726284782e-18
gene_1159	onu_vs_self	275.012806510201	1.15860907969148	0.129986972731502	8.91327073278856	4.95488002265393e-19	6.23731955792906e-18
gene_4675	onu_vs_self	723.983757162856	1.11260997899025	0.124825664179137	8.91331110718983	4.95307533310726e-19	6.23731955792906e-18
gene_839	onu_vs_self	554.86664427909	-0.77957177189774	0.0874597531921903	-8.91349155976524	4.94501724291959e-19	6.23731955792906e-18
gene_5773	onu_vs_self	1382.94719288371	-0.732719934716158	0.082207922080695	-8.91300882166713	4.96660293480439e-19	6.24289590630332e-18
gene_6656	onu_vs_self	562.454937125449	-0.957099767439202	0.107441132513148	-8.90813178390571	5.18996846302002e-19	6.51409531428906e-18
gene_2475	onu_vs_self	1230.35362982934	-0.865206509935307	0.0971454077891253	-8.9063037525502	5.27622378536384e-19	6.61266114241793e-18
gene_2262	onu_vs_self	9371.73731734416	0.496736671272385	0.0557949711479487	8.90289323665413	5.44095081731496e-19	6.80914312810177e-18
gene_7332	onu_vs_self	14141.9825430765	0.502545699565546	0.0565193447021855	8.89156981938812	6.02515551075882e-19	7.52924542658329e-18
gene_147	onu_vs_self	1394.46369614141	0.799026714707843	0.0898848856692974	8.88944463530394	6.14150972936466e-19	7.66345820457164e-18
gene_7985	onu_vs_self	1392.65781360918	1.10466441794991	0.124273900538091	8.88894943481177	6.16893930087525e-19	7.68648040982418e-18
gene_388	onu_vs_self	8349.00192063415	0.71110558177351	0.0800980166347526	8.87794244664203	6.81084613377212e-19	8.47395972457694e-18
gene_7145	onu_vs_self	2122.32851018045	-3.17907591107307	0.35822473231476	-8.87452937861286	7.02297475274293e-19	8.72520520805218e-18
gene_2650	onu_vs_self	1564.48737492151	-0.691621368271952	0.0779693397084846	-8.87042741233693	7.28656871620201e-19	9.03956930589699e-18
gene_2456	onu_vs_self	1554.12968879236	0.736541102576974	0.0830769133038209	8.86577357398158	7.59747285642403e-19	9.41163062966566e-18
gene_8419	onu_vs_self	3287.31164857865	-0.660419002990022	0.0745562397532081	-8.85799773668983	8.14643703714364e-19	1.00770955257153e-17
gene_5158	onu_vs_self	3732.81941790523	-0.67931754398233	0.0766975939236114	-8.85709067560725	8.21297268767452e-19	1.01447397123368e-17
gene_5303	onu_vs_self	1293.22785135782	-1.02175884373732	0.115489579856821	-8.84719508897736	8.97464245866521e-19	1.10695878164516e-17
gene_8054	onu_vs_self	380.967529083804	1.18407821692185	0.134005197847193	8.83606185389965	9.91518955427198e-19	1.22120895805134e-17
gene_2138	onu_vs_self	910.151847685864	-0.801878192913268	0.0908665938131541	-8.82478542732815	1.09669880006531e-18	1.34881346674699e-17
gene_1443	onu_vs_self	931.709180003198	-0.691501365882903	0.0783813677736267	-8.82226714746837	1.12165266282036e-18	1.37752464759574e-17
gene_6875	onu_vs_self	3569.65814238583	-0.77125488228899	0.0874471365870684	-8.81966994449356	1.14797594895355e-18	1.40783296891725e-17
gene_4470	onu_vs_self	5404.10938409169	-0.568264219516072	0.0644766655229968	-8.81348647462841	1.21312752412148e-18	1.48560394942488e-17
gene_3259	onu_vs_self	891.943033104332	-0.904024823737742	0.102581870965873	-8.81271529974817	1.22150484776097e-18	1.49372592811913e-17
gene_2886	onu_vs_self	3781.64597397289	-0.962122486973602	0.109196056702268	-8.81096365592125	1.24074592254108e-18	1.51509059870922e-17
gene_3252	onu_vs_self	131.942374736724	1.65760861744337	0.188274223496023	8.80422495795542	1.31759882130561e-18	1.60664471657778e-17
gene_5590	onu_vs_self	2889.6915948803	0.657810684505136	0.0748571856274786	8.78754229124621	1.5286734209632e-18	1.86137190376174e-17
gene_539	onu_vs_self	1246.21336132138	0.63952519621646	0.072815251855862	8.78284672395835	1.59388310396801e-18	1.9380169559611e-17
gene_158	onu_vs_self	2819.7321141579	-0.618215841950289	0.0704207976154562	-8.77888156459336	1.65108280453593e-18	2.00471897969186e-17
gene_7455	onu_vs_self	360.157264843772	-1.45188015027284	0.165478765601417	-8.77381544995283	1.72712202303759e-18	2.09407429422122e-17
gene_7001	onu_vs_self	15855.2449953397	-0.655402868240755	0.074771736985158	-8.76538241141636	1.86143727725976e-18	2.25373452522539e-17
gene_672	onu_vs_self	2717.38704970099	0.732701600022009	0.0836972488204091	8.75418977742246	2.05574930850529e-18	2.48548221480301e-17
gene_6338	onu_vs_self	225.784800266133	-1.44363541836732	0.164984511099246	-8.75012695888102	2.13112849686674e-18	2.57298447576576e-17
gene_5894	onu_vs_self	608.521490514483	1.2335626340789	0.141057563346908	8.74510097019861	2.22816303304861e-18	2.68634867083043e-17
gene_1818	onu_vs_self	189.330407319777	-1.71313916529967	0.196185356132188	-8.7322479061351	2.4966025937685e-18	3.00575502147094e-17
gene_3428	onu_vs_self	400.588792688812	1.21982057954198	0.139727694093719	8.72998432740051	2.5470791568993e-18	3.06221876166545e-17
gene_3709	onu_vs_self	4100.17601816459	-0.809161676513451	0.0927605890207119	-8.72311921534671	2.70641072250868e-18	3.2492111899964e-17
gene_2634	onu_vs_self	12335.1797748759	-0.775576103583721	0.0890013772421534	-8.7142033934323	2.92810265822091e-18	3.51044240257297e-17
gene_199	onu_vs_self	4350.35871057085	0.75717523569375	0.0869358117657513	8.70958952720151	3.0497715012879e-18	3.65119497217125e-17
gene_389	onu_vs_self	2563.74851102234	-0.782788385094977	0.0899507111530542	-8.70241463419934	3.248960174342e-18	3.88423171681111e-17
gene_4509	onu_vs_self	79432.3868962023	-0.84408777446678	0.0970331340465224	-8.69896435646491	3.34926695113136e-18	3.99856695978862e-17
gene_5232	onu_vs_self	1930.5861027975	-0.522622177903562	0.0600849619349012	-8.69805290830998	3.37627125150667e-18	4.02519246697731e-17
gene_5418	onu_vs_self	242.4428095994	1.31881342819434	0.151829331959797	8.68615708948488	3.74906383388311e-18	4.46341952962996e-17
gene_3398	onu_vs_self	148.183628911817	-2.33409771512373	0.269125384809924	-8.67290061386159	4.2124960668916e-18	5.00818976841557e-17
gene_7438	onu_vs_self	441.144654725295	-1.04055209817229	0.120062925772181	-8.66672281622334	4.44735910066283e-18	5.28008237193812e-17
gene_3972	onu_vs_self	2733.40824930942	1.18747682624932	0.137053511820264	8.66432979701105	4.54176851080607e-18	5.38470061668975e-17
gene_3770	onu_vs_self	574.734279263442	1.00244715729031	0.115830092825887	8.65446217674327	4.95241378146415e-18	5.8634387232826e-17
gene_3592	onu_vs_self	1905.41497936934	0.554876038847813	0.0641390143826655	8.65114695304355	5.09843994869501e-18	6.02798977359521e-17
gene_4164	onu_vs_self	1356.34815461356	0.729839271127324	0.0844169335833344	8.64565011007945	5.3499815944648e-18	6.3166679239474e-17
gene_2925	onu_vs_self	3975.9462018719	-1.69137377056962	0.195666063516676	-8.64418560976197	5.41904041494751e-18	6.38939200440093e-17
gene_4291	onu_vs_self	1115.58110586769	1.00416773383045	0.116219056262746	8.64030191021545	5.6064668118379e-18	6.60128692012825e-17
gene_2296	onu_vs_self	6653.82539958702	0.693856045839983	0.0803613167047197	8.63420454382913	5.91371001235288e-18	6.95348320133801e-17
gene_6313	onu_vs_self	90.212440536688	1.80262161056088	0.208836011143717	8.63175656673671	6.04168617964526e-18	7.09421587074944e-17
gene_3958	onu_vs_self	319.730503704071	-1.03597163309483	0.120037786629634	-8.63037933456092	6.11488321801887e-18	7.17032881455364e-17
gene_6367	onu_vs_self	241.894431667229	-1.31488076733525	0.152510331136157	-8.62158489552655	6.60337016031166e-18	7.73253742438684e-17
gene_5292	onu_vs_self	1090.97106301307	-1.13802588016617	0.132048192763461	-8.61826168423772	6.79781856594489e-18	7.94936160170605e-17
gene_5121	onu_vs_self	180.14901715196	1.96296447550041	0.227811818969558	8.61660507509806	6.89685051325379e-18	8.05416649296759e-17
gene_3725	onu_vs_self	111.034533380154	1.94530422129129	0.225979215315987	8.60833249009722	7.4130982387671e-18	8.6452480822679e-17
gene_1516	onu_vs_self	8225.04538804096	0.647326539574485	0.0752549939940321	8.60177518087131	7.84924368160238e-18	9.14143209721311e-17
gene_135	onu_vs_self	1322.53619453342	-1.24405565813044	0.144687556292927	-8.59822150573742	8.0960923021407e-18	9.41610735140277e-17
gene_1356	onu_vs_self	1370.1837866006	0.990165417221914	0.115312928907416	8.58676842747543	8.944967358453e-18	1.03892700934e-16
gene_2518	onu_vs_self	4173.19003746212	-0.949182463552895	0.110659185687768	-8.57752980607574	9.69322669951186e-18	1.1243092215152e-16
gene_8457	onu_vs_self	2404.23975361906	0.718990498626252	0.0838478439425363	8.57494319256438	9.91357154445409e-18	1.14831085819387e-16
gene_5514	onu_vs_self	28077.4753003219	-1.00848694857052	0.117613165055948	-8.57460938229817	9.94236545586825e-18	1.15008984192206e-16
gene_3122	onu_vs_self	4236.87308891049	-0.603575326663754	0.0704192972640603	-8.57116373087977	1.02444470634245e-17	1.18343410071409e-16
gene_4228	onu_vs_self	69.001629026452	2.79798132689708	0.326564400796155	8.56793122604815	1.05360686986211e-17	1.21548177978702e-16
gene_2727	onu_vs_self	427.214773537428	-1.25125268235012	0.146081849730427	-8.56542195118094	1.07680784121038e-17	1.24057538637428e-16
gene_5116	onu_vs_self	1265.15197823702	0.702309183670721	0.0820081867641322	8.56389113553587	1.09120876180619e-17	1.25547674745443e-16
gene_7322	onu_vs_self	705.698699210036	0.891695138328796	0.104285404466062	8.55052672897278	1.22528053259758e-17	1.40783910859534e-16
gene_411	onu_vs_self	2175.14597999325	-0.602837349156403	0.0705402391971528	-8.54600659166371	1.27420744044807e-17	1.46209325606373e-16
gene_2251	onu_vs_self	2791.91482590561	0.866933369047157	0.101478962694353	8.54298611287832	1.30797123297186e-17	1.49882647312438e-16
gene_3825	onu_vs_self	7083.78749249539	0.604605852026763	0.0707962916939786	8.54007798374821	1.34131282683497e-17	1.53497831520152e-16
gene_7771	onu_vs_self	1705.32726180548	0.768820092226723	0.0900435813321694	8.53831090292331	1.36198053826834e-17	1.55654918659239e-16
gene_391	onu_vs_self	1385.67546061373	-0.650393699150518	0.076250681194617	-8.52967722990564	1.467566029649e-17	1.67498202850606e-16
gene_2088	onu_vs_self	2148.86494132609	-1.40078351714613	0.164236633400376	-8.52905644827301	1.47546183101315e-17	1.68175143455028e-16
gene_7858	onu_vs_self	1609.47663340202	-0.802397595073956	0.0940995464907944	-8.5271143698068	1.50043507228435e-17	1.70794205036623e-16
gene_3078	onu_vs_self	3160.45401167192	0.47540595620641	0.0557664924748712	8.52493917240054	1.52890141788213e-17	1.73803401554728e-16
gene_823	onu_vs_self	6648.77826142477	1.06678627431196	0.125272522555729	8.51572437872314	1.65552160344443e-17	1.87947810682816e-16
gene_6949	onu_vs_self	2555.6019010379	-0.684837539727899	0.0804332884685002	-8.51435460078322	1.67520667779714e-17	1.89930717376735e-16
gene_7872	onu_vs_self	3482.67252748803	-0.679559550286797	0.0799564456161543	-8.49912155361618	1.91030786026756e-17	2.16299408517068e-16
gene_1005	onu_vs_self	14901.2291992077	-0.900497408386909	0.105964086699554	-8.49813777888863	1.92656360965895e-17	2.17851842783099e-16
gene_3838	onu_vs_self	9104.08719523637	0.745304873637578	0.0877576301341407	8.49276436132508	2.01779148798767e-17	2.27866690464043e-16
gene_412	onu_vs_self	10429.1991296384	-0.692369464010213	0.0815360411980253	-8.49157567423057	2.03854121365843e-17	2.29906624359897e-16
gene_7970	onu_vs_self	3349.42515916338	-0.789216335513264	0.0932364920169156	-8.46467213041518	2.56874285312518e-17	2.89321563457257e-16
gene_2768	onu_vs_self	1674.38244803608	0.661612222517787	0.07823206227616	8.45704693533821	2.74233561653388e-17	3.08467711925493e-16
gene_4215	onu_vs_self	1486.96312265236	0.965730826120952	0.114336791020319	8.44636986487864	3.00500622465876e-17	3.37265198820846e-16
gene_3203	onu_vs_self	6390.16556755607	0.660010594721413	0.0781417725630594	8.44632228157855	3.00623068575123e-17	3.37265198820846e-16
gene_3225	onu_vs_self	7002.15658174868	0.857248851087747	0.101503962521417	8.44547178054127	3.02819983958234e-17	3.39285217628598e-16
gene_3336	onu_vs_self	365.990856421279	-1.05813743865828	0.125317032726238	-8.44368411570867	3.07489434192798e-17	3.44066608717693e-16
gene_3042	onu_vs_self	8675.33137758188	0.7927588655595	0.0938945170121719	8.44307943409232	3.09084906954021e-17	3.45400365995616e-16
gene_6052	onu_vs_self	827.346618217522	-1.02376542880625	0.121409117475489	-8.43236035393249	3.38761926898095e-17	3.78070677216127e-16
gene_6270	onu_vs_self	7392.90328916525	-0.788459632466372	0.093567174649313	-8.426669239736	3.55643300623479e-17	3.96394095486586e-16
gene_2999	onu_vs_self	3061.6307182071	-0.503742644317945	0.0597836116071239	-8.42609923984449	3.57379114325829e-17	3.97810821668283e-16
gene_7611	onu_vs_self	1076.3364727956	0.745960041984464	0.0885617879632695	8.42304631760423	3.66819372233937e-17	4.07788808613312e-16
gene_4888	onu_vs_self	1024.08169851077	0.803087932286353	0.0954426500560378	8.41435073119649	3.95077000067827e-17	4.38632830166096e-16
gene_2856	onu_vs_self	679.679927024418	0.807277246674666	0.0959549880051569	8.41308266987935	3.99373280638971e-17	4.42828404439067e-16
gene_5434	onu_vs_self	4525.36021009048	0.819420058585175	0.0975087714972333	8.40355227538093	4.33171855990146e-17	4.79683193696721e-16
gene_7212	onu_vs_self	22853.6884836118	1.02009327396125	0.121564977249913	8.39134179134624	4.80624799105141e-17	5.31543705470285e-16
gene_6735	onu_vs_self	15575.3124038522	0.484835557764404	0.0577861946539339	8.39016240242076	4.85471073416968e-17	5.36210630767644e-16
gene_3837	onu_vs_self	2901.94306109708	0.671996464289957	0.0801987709907129	8.37913668736612	5.33173268949633e-17	5.88139585336193e-16
gene_1125	onu_vs_self	2670.07431552957	-0.587593838073873	0.0701547589962465	-8.37568037408996	5.49057394518996e-17	6.04881762816294e-16
gene_7463	onu_vs_self	21357.1010944733	-0.821424285170301	0.0982349202843033	-8.36183592141169	6.17496854702239e-17	6.79405279723801e-16
gene_5392	onu_vs_self	2715.86605697494	0.640284666503208	0.0766025832564252	8.35852577399213	6.35068427433531e-17	6.97841558258154e-16
gene_1730	onu_vs_self	516.794621310083	-0.839578705469247	0.100500510318715	-8.35397455004667	6.60035736891122e-17	7.24346911254872e-16
gene_7891	onu_vs_self	1093.63503789311	0.720463119445984	0.0862646555216526	8.35177646150974	6.72438354008437e-17	7.37013099911936e-16
gene_4808	onu_vs_self	647.903164061355	0.838819584232185	0.100471816138831	8.34880483371684	6.89571729664336e-17	7.54825320450986e-16
gene_622	onu_vs_self	7546.92353715683	0.614005096264074	0.0735922110908296	8.34334350283689	7.22189947358548e-17	7.89520555477545e-16
gene_7991	onu_vs_self	441.833946780997	1.52997930981609	0.183918248109017	8.31880101918544	8.8857579054215e-17	9.70179689673572e-16
gene_8634	onu_vs_self	1490.33114008864	1.28804769398529	0.15492277280281	8.31412755324711	9.24296978834814e-17	1.00789581386319e-15
gene_4165	onu_vs_self	1421.16913731691	0.948440476848739	0.114160903457834	8.30792721607225	9.73882295473802e-17	1.06061481542694e-15
gene_3102	onu_vs_self	497.565978812558	-0.896002352747391	0.107888877486107	-8.30486305562655	9.9934641222377e-17	1.08696382320654e-15
gene_7237	onu_vs_self	347.807539860201	-1.49642697294489	0.180191515573824	-8.30464724257126	1.00116443312604e-16	1.08755933344656e-15
gene_6258	onu_vs_self	9202.71905453037	-1.05771668621007	0.127802618237242	-8.27617384368932	1.27196260189333e-16	1.3799746352607e-15
gene_2709	onu_vs_self	3115.14478976151	0.612320965218971	0.0739890984657746	8.27582681659805	1.27567295597695e-16	1.3822481649573e-15
gene_3846	onu_vs_self	1185.41431186094	0.927997365762393	0.112143477322142	8.27508998224334	1.28358648344934e-16	1.38906451306274e-15
gene_3577	onu_vs_self	3553.37454551312	0.896199551797579	0.108368324045855	8.26994012953784	1.34026300768572e-16	1.44856708911487e-15
gene_1829	onu_vs_self	567.399482044656	0.83500021045874	0.101169128170551	8.25350801729849	1.53811551342728e-16	1.66031132344736e-15
gene_6645	onu_vs_self	4730.48979814181	-0.709566298086368	0.0860168738482937	-8.249152362103	1.59521946165612e-16	1.71978319795673e-15
gene_6768	onu_vs_self	4087.8232349153	-0.733196076972034	0.0889918488913692	-8.23891273308676	1.73782633871973e-16	1.87116898860891e-15
gene_2033	onu_vs_self	7291.4303923836	0.480920194164203	0.058385247304513	8.23701562238701	1.765594367353e-16	1.8986793699173e-15
gene_7459	onu_vs_self	1433.16034596455	-1.07113221270247	0.130057022050456	-8.23586605179162	1.78263300318693e-16	1.91459705235635e-15
gene_1886	onu_vs_self	3282.94145962862	-0.486841196599809	0.0591370763347931	-8.23241909768504	1.83470056852445e-16	1.96804973265279e-15
gene_4620	onu_vs_self	5217.04533292967	0.755732248967242	0.0918227619124284	8.23033671855771	1.86687918394982e-16	2.00006080282985e-15
gene_6877	onu_vs_self	657.763205152522	-1.06401602183791	0.129360577766507	-8.22519534319363	1.94872991934239e-16	2.08514101369636e-15
gene_6935	onu_vs_self	660.426574257427	0.88001054602573	0.10708766924959	8.21766457513125	2.07504371315485e-16	2.21752486699195e-15
gene_6138	onu_vs_self	504.521821778778	0.963824790803318	0.117289920839932	8.21745623069067	2.0786506473687e-16	2.21860966851323e-15
gene_8212	onu_vs_self	409.290656908949	1.21201153572346	0.147607804060592	8.2110261272225	2.19306153056596e-16	2.33604429142731e-15
gene_8520	onu_vs_self	1705.45599162079	-1.0235434848742	0.124655651207162	-8.21096737261595	2.19413505877051e-16	2.33604429142731e-15
gene_3905	onu_vs_self	1170.81142451601	-0.628824162892821	0.0765873962526389	-8.21054368813529	2.2018917138288e-16	2.34139044352479e-15
gene_2591	onu_vs_self	4381.17623308164	0.503630568279538	0.0614535754423958	8.19530132549606	2.49966174463289e-16	2.65472760968456e-15
gene_5510	onu_vs_self	31672.8748868777	-0.582784700680076	0.07114066134289	-8.19200566425885	2.5690854298704e-16	2.72507698633093e-15
gene_1394	onu_vs_self	117.980308036725	1.83064584708704	0.223805236353366	8.17963813946086	2.84697525937451e-16	3.01610250250567e-15
gene_3465	onu_vs_self	179.122648753024	-1.22338634545686	0.149721267485256	-8.17109263102738	3.05608865641522e-16	3.23363645227618e-15
gene_5120	onu_vs_self	420.523038030077	1.28218066549355	0.156933265173157	8.17022868974793	3.07805417508638e-16	3.25285725169623e-15
gene_6846	onu_vs_self	4283.69944071182	-0.685784524167709	0.0839692112391558	-8.1670949869292	3.15904162704918e-16	3.33432753730468e-15
gene_2708	onu_vs_self	1120.18632286571	-1.32125926456432	0.161791534716789	-8.16643013416709	3.17649226683394e-16	3.34861746355893e-15
gene_6247	onu_vs_self	13971.3211844893	0.842619228026991	0.103272925123273	8.15914942877029	3.3739203405441e-16	3.54800468243949e-15
gene_5468	onu_vs_self	1043.39207272025	0.605493703427204	0.0742096889726143	8.15922707411764	3.3717523731559e-16	3.54800468243949e-15
gene_6538	onu_vs_self	603.655019173533	-1.36186648939255	0.166946585566888	-8.15749830862463	3.42034855490565e-16	3.59241516932422e-15
gene_7356	onu_vs_self	12680.831485781	1.07093461706813	0.131376836096363	8.1516243569956	3.59068177331006e-16	3.76669558572722e-15
gene_5925	onu_vs_self	1699.86101945592	0.884586335461667	0.108539673270796	8.14988942572832	3.64257183010966e-16	3.81645224794843e-15
gene_6822	onu_vs_self	533.726439547313	0.860894233879731	0.105684907195898	8.14585787811665	3.76602257110841e-16	3.94097227490074e-15
gene_5747	onu_vs_self	992.683947782777	0.746145172961307	0.0916319839220135	8.142846427906	3.86091847910553e-16	4.03534336766097e-15
gene_7922	onu_vs_self	6007.68917419337	-0.768606277990402	0.0944110060487475	-8.14106649381054	3.91811125457941e-16	4.09012589502436e-15
gene_8528	onu_vs_self	892.07675838493	-1.30774054336442	0.160712346355674	-8.13715046179614	4.04689663714049e-16	4.21941963628777e-15
gene_5896	onu_vs_self	254.079487132894	1.12871282481606	0.138724153262786	8.13638287398977	4.07262472818779e-16	4.24107879237074e-15
gene_1288	onu_vs_self	676.889644042674	-1.56285230598052	0.192143501069085	-8.13377656431167	4.16119204184586e-16	4.32804421363312e-15
gene_5943	onu_vs_self	533.252184500904	-1.07519229802531	0.132254022570031	-8.12975119494742	4.30172455628873e-16	4.46878182061062e-15
gene_3965	onu_vs_self	1892.62388558289	0.867980959051781	0.106792510506353	8.12773250611187	4.37395108109556e-16	4.53458100717711e-15
gene_4371	onu_vs_self	2464.21073558266	-0.716857302589001	0.0881994426580211	-8.12768517561384	4.37565877561717e-16	4.53458100717711e-15
gene_8530	onu_vs_self	1366.20237174099	-0.980670828711465	0.120791525351297	-8.11870556199528	4.71182098709768e-16	4.87704808338043e-15
gene_3791	onu_vs_self	2112.17637308141	-0.520537049424616	0.0641265403725449	-8.11734184318289	4.76505173169797e-16	4.92618874677954e-15
gene_4868	onu_vs_self	366.330989636415	-1.58564948544481	0.196267604051817	-8.0790178955167	6.52904464312088e-16	6.74169145296921e-15
gene_2869	onu_vs_self	1810.33156286671	-0.629102301439061	0.0779107780141625	-8.07465048449014	6.76701980612668e-16	6.97899873981258e-15
gene_5380	onu_vs_self	808.241438840219	0.944731859098603	0.117032361912736	8.07239846875035	6.89304863231307e-16	7.10042073316485e-15
gene_7730	onu_vs_self	996.706784914379	0.772002793771233	0.0956385099328397	8.07209140244194	6.91041107957858e-16	7.10974986072027e-15
gene_6707	onu_vs_self	154.987173738105	1.26583327859745	0.15690480984088	8.06752374182251	7.1738258662057e-16	7.37190269084283e-15
gene_3883	onu_vs_self	236.138462930777	1.23294529530883	0.152906428019853	8.06339740765341	7.42028047579022e-16	7.61601928930028e-15
gene_6856	onu_vs_self	202.111750385159	1.25168283500049	0.155306547757015	8.05943376552813	7.66486592218287e-16	7.85763500525574e-15
gene_3041	onu_vs_self	2339.82803016715	0.731561234094381	0.0908169572375848	8.05533742096814	7.92598552033396e-16	8.11560239881085e-15
gene_4069	onu_vs_self	196.793354204685	-1.29041702703419	0.160259784486086	-8.05203271158913	8.14301347258333e-16	8.32786085129191e-15
gene_302	onu_vs_self	365.295405828311	-1.1680227016585	0.145096824422548	-8.0499535831123	8.28254423624402e-16	8.4604509143495e-15
gene_1226	onu_vs_self	3418.64286260792	-1.04823643057499	0.130228173242847	-8.04922932167882	8.3317006532919e-16	8.50051937928232e-15
gene_1863	onu_vs_self	342.922130176066	1.32051284257415	0.164207806571503	8.04171780955577	8.85877114582551e-16	9.02750964384123e-15
gene_1034	onu_vs_self	2117.49844397629	-1.10220866920504	0.137068688226081	-8.04128706176174	8.88997237189949e-16	9.04853311575026e-15
gene_3946	onu_vs_self	555.735297539655	0.91173693755225	0.113417519552625	8.03876633123874	9.07474408761723e-16	9.22563056888402e-15
gene_6788	onu_vs_self	14680.3018371119	-0.888953468078841	0.110713269979058	-8.02933079518822	9.80057761293878e-16	9.95171344801376e-15
gene_4733	onu_vs_self	1967.24897982664	-0.622930304806752	0.0775923459733239	-8.02824424229825	9.88774837220877e-16	1.00283324722876e-14
gene_1900	onu_vs_self	2349.80182331315	-0.713689999069801	0.088932032224545	-8.02511739828233	1.01428897140122e-15	1.0274927331591e-14
gene_5850	onu_vs_self	14170.5379911584	-1.16936281446338	0.145749403342615	-8.0231053276736	1.03104869322392e-15	1.04323603002325e-14
gene_2210	onu_vs_self	1137.87902711337	-0.923927864138356	0.115174698361044	-8.02196903734943	1.04063375559169e-15	1.0516912571269e-14
gene_4725	onu_vs_self	104.845960058852	-3.43725303291939	0.428583883960579	-8.02002399426561	1.05724511230404e-15	1.06721912279747e-14
gene_3347	onu_vs_self	2579.39333325741	-0.544555693050298	0.0679076280721877	-8.01906514053796	1.06552991794754e-15	1.07431520584581e-14
gene_2993	onu_vs_self	1398.45342052678	-0.586360965785355	0.0731393725411572	-8.01703576900931	1.08327583577984e-15	1.09092248873829e-14
gene_1132	onu_vs_self	2765.0290772656	-0.761174425505316	0.0951182680809027	-8.00239996861486	1.22017287350292e-15	1.22734192681375e-14
gene_2751	onu_vs_self	272.937434103413	1.0491548300808	0.131147977076382	7.99977897844172	1.24642741210481e-15	1.25227918399263e-14
gene_1607	onu_vs_self	1482.30547813025	-0.684977531007521	0.0856373999700092	-7.99857925681308	1.2586299639259e-15	1.26305656403349e-14
gene_1950	onu_vs_self	4539.8207291825	0.676174287388404	0.0846382374082686	7.98899301419462	1.3604540314777e-15	1.36364010649287e-14
gene_5254	onu_vs_self	3014.12716719986	-0.630465766793318	0.0789331701288893	-7.98733619546556	1.37885686566788e-15	1.38046956375638e-14
gene_3321	onu_vs_self	1799.47473600216	-0.618446892167462	0.0775061315836826	-7.97932859672826	1.47131403503227e-15	1.47131403503227e-14
gene_6393	onu_vs_self	1421.28404596503	0.92056298947642	0.11555962793383	7.96612974561961	1.63721046963652e-15	1.63530007235574e-14
gene_6447	onu_vs_self	62.6954616178967	-1.96142158671367	0.24624795129317	-7.96523007161388	1.64916650435279e-15	1.64532229338694e-14
gene_1141	onu_vs_self	562.356912883612	-0.889970117590297	0.111993601841592	-7.94661572586177	1.91675818332937e-15	1.91006403367862e-14
gene_2723	onu_vs_self	5081.0130947751	0.692655097246536	0.0871756731130209	7.9455090223224	1.93394977485306e-15	1.92495465962118e-14
gene_1614	onu_vs_self	2246.81028527393	-0.660404572345371	0.0831422932702464	-7.94306418995187	1.97246802779705e-15	1.9610135096333e-14
gene_245	onu_vs_self	876.885800667955	0.806979267045616	0.101721536634325	7.9332193923357	2.13536714053126e-15	2.12050379616561e-14
gene_6278	onu_vs_self	1221.22385659724	-0.593237644398666	0.0747924886071816	-7.93178105777996	2.16025042709221e-15	2.14272811771834e-14
gene_846	onu_vs_self	1377.76309557785	-0.8233637865781	0.103821547738851	-7.93056744491191	2.18146796481588e-15	2.16126918736388e-14
gene_5659	onu_vs_self	2849.55633332275	-1.04926998406777	0.132362613245397	-7.92723835183318	2.24072964792683e-15	2.21741569783279e-14
gene_7978	onu_vs_self	15277.8650634826	1.22607186092698	0.154723808518561	7.92426112481517	2.29506884089e-15	2.26856689122614e-14
gene_7754	onu_vs_self	956.297136101644	0.778404730935371	0.0982612979434863	7.92178352236971	2.34127674226701e-15	2.31157196237666e-14
gene_6191	onu_vs_self	1276.66418632948	-0.966796766533773	0.122155325930314	-7.91448722493937	2.48274212078726e-15	2.44841849699757e-14
gene_3750	onu_vs_self	4934.86020620078	0.635945927131366	0.0804202286303534	7.90778561516471	2.62007507779106e-15	2.58087947823837e-14
gene_1201	onu_vs_self	733.520636868701	-0.700749265256252	0.08872048180384	-7.89839336992782	2.82521320411186e-15	2.77975000312615e-14
gene_3839	onu_vs_self	1008.91294106513	-0.93078527760435	0.117858641759996	-7.89747161264401	2.84617800864143e-15	2.7971623138887e-14
gene_4410	onu_vs_self	2643.91097341682	0.467697462561925	0.0592280789575893	7.89654958920452	2.86730210437871e-15	2.81469105659194e-14
gene_1181	onu_vs_self	3584.37307950701	-0.43263400720939	0.0547996946961572	-7.89482513740589	2.90722549468711e-15	2.85061285618805e-14
gene_2229	onu_vs_self	4748.45990256837	-0.456842404492106	0.0579204266571282	-7.88741435204679	3.0851174280905e-15	3.02157954055545e-14
gene_173	onu_vs_self	1390.33490302066	0.568069097207113	0.0721022652926286	7.87865811013831	3.30915573698879e-15	3.23729978384275e-14
gene_2077	onu_vs_self	1411.21619866678	0.708728054859451	0.0899621725682088	7.8780673546106	3.32483490970378e-15	3.24892543687949e-14
gene_2386	onu_vs_self	208.304479759728	-1.21206154654992	0.153879354106146	-7.87670024734989	3.36140018551477e-15	3.28091055735535e-14
gene_7745	onu_vs_self	3556.84124408558	0.673093221334275	0.0855281833309119	7.86984120462435	3.55091676626986e-15	3.46194163089636e-14
gene_2167	onu_vs_self	161.241515057373	1.23229788864997	0.15683034036023	7.85752224868892	3.91806429648673e-15	3.81554384276751e-14
gene_3773	onu_vs_self	139.92770473544	-1.73407458468787	0.220818685465756	-7.85293409853576	4.06415247237149e-15	3.95331195039772e-14
gene_7031	onu_vs_self	2188.04721762509	-0.485345850275353	0.0618174575008337	-7.85127486469026	4.11829259569173e-15	4.00142844711932e-14
gene_7537	onu_vs_self	1452.94956539889	0.552050225314194	0.0703167242833872	7.85090930984422	4.13031561328175e-15	4.00856027774284e-14
gene_3037	onu_vs_self	505.171221222373	-1.17293399281044	0.149494432465971	-7.84600451978326	4.29501470177063e-15	4.16368356139939e-14
gene_6352	onu_vs_self	623.769054089366	0.995667136294448	0.127012873418351	7.83910409628283	4.53772264269647e-15	4.39399387120835e-14
gene_6678	onu_vs_self	289.705339407274	-1.89923460260603	0.24241997179627	-7.83448075062954	4.70784190193976e-15	4.55357363622648e-14
gene_1669	onu_vs_self	1402.8155492857	0.601188186864616	0.0767522516036303	7.83284104770395	4.76967169556441e-15	4.60817039661753e-14
gene_2822	onu_vs_self	4760.19716357847	0.672012803804792	0.0858135206657227	7.83108301106238	4.83685171272844e-15	4.66780728984842e-14
gene_3720	onu_vs_self	1563.91880334271	-0.943960833073035	0.120702200476682	-7.82057683575864	5.25818252751938e-15	5.06869847247363e-14
gene_844	onu_vs_self	1457.08149920754	-1.64660106626783	0.210591140680538	-7.81894746828729	5.32668319735311e-15	5.12319192913962e-14
gene_1929	onu_vs_self	21683.308012345	0.76816311304296	0.0982427374064119	7.8190320559291	5.32310550675012e-15	5.12319192913962e-14
gene_4552	onu_vs_self	2717.60024905625	-0.638289553039705	0.0816814735538868	-7.8143736304979	5.52370196434137e-15	5.30672152803167e-14
gene_6590	onu_vs_self	1146.49779663943	1.07728317582394	0.137946711892719	7.80941539702479	5.74538489120511e-15	5.51350837093226e-14
gene_4311	onu_vs_self	115.011222450997	1.79685573379243	0.230278239152981	7.8029766963726	6.04637185996429e-15	5.795850293538e-14
gene_2201	onu_vs_self	1052.55738516815	0.73895447338466	0.094838624311922	7.79170384161475	6.61115487497806e-15	6.33014381765237e-14
gene_4242	onu_vs_self	2937.00848932165	-0.864619839755217	0.111001121829285	-7.78928920272507	6.73872054110013e-15	6.44507797003543e-14
gene_2263	onu_vs_self	58568.3684046818	0.777719039309881	0.0998537149481272	7.78858392713678	6.77643536505316e-15	6.47391592911329e-14
gene_8512	onu_vs_self	139.337542696202	1.79036370552801	0.229900354941051	7.78756390344453	6.83134922793241e-15	6.5191024962209e-14
gene_5778	onu_vs_self	3079.49945971931	-0.510214882229461	0.0655183928432631	-7.78735344516198	6.84273382175353e-15	6.52269504612586e-14
gene_7423	onu_vs_self	2924.55140258213	0.87193220066559	0.112034108355779	7.78273878787572	7.09710741266034e-15	6.75764621272219e-14
gene_6248	onu_vs_self	132.949977837929	1.45117540907085	0.186731223606105	7.7714662874592	7.75827291189896e-15	7.37897956953945e-14
gene_2601	onu_vs_self	5375.83307349764	-0.549087757099185	0.0706640591006898	-7.77039649416099	7.8240825290146e-15	7.43331259138346e-14
gene_7770	onu_vs_self	1625.58197964421	-0.630407790653038	0.0811725697208536	-7.76626627469062	8.08335292614126e-15	7.67111985008528e-14
gene_5159	onu_vs_self	1036.88105885508	-0.657224214338316	0.0846417505875643	-7.7647757729018	8.17897894822342e-15	7.75327351016528e-14
gene_2954	onu_vs_self	290.096978431957	0.990464801095394	0.127565713274169	7.76434964908363	8.20652180231675e-15	7.77077728183975e-14
gene_774	onu_vs_self	581.520385354303	-0.712194148760797	0.091738819522913	-7.76328006469406	8.2760580004792e-15	7.82796204244221e-14
gene_1925	onu_vs_self	1211.09928929704	-1.00927338317502	0.130299449035742	-7.74579931568381	9.49824252927942e-15	8.97405695923089e-14
gene_7090	onu_vs_self	471.587957187133	-1.00600289376597	0.129914878507114	-7.74355412810463	9.66756038283909e-15	9.1239599643994e-14
gene_3687	onu_vs_self	90.4451920923758	2.37531923505756	0.307137728172723	7.73372665477869	1.04443164097388e-14	9.84618375191238e-14
gene_2086	onu_vs_self	123.468357919561	1.93239042631136	0.249896642349033	7.73275866432962	1.05240693224373e-14	9.91045471947888e-14
gene_2820	onu_vs_self	14172.1426151548	0.627248337444771	0.081141157957015	7.73033505113471	1.07263893024083e-14	1.00898782888588e-13
gene_3902	onu_vs_self	7561.31042069783	-0.405895835539182	0.052514202899059	-7.72925824123011	1.08175034111346e-14	1.01644159384536e-13
gene_8503	onu_vs_self	2444.63004826671	1.1505736561664	0.148889721086498	7.72769031851415	1.09515363179634e-14	1.02678149925265e-13
gene_6585	onu_vs_self	1666.62285525131	0.616583287738563	0.0797884921192403	7.72772202308457	1.09488099527943e-14	1.02678149925265e-13
gene_5124	onu_vs_self	512.590366900409	0.814386304217313	0.10539067502273	7.72730892976703	1.09843854094194e-14	1.02873456350799e-13
gene_6562	onu_vs_self	4750.87279296434	0.539445036629779	0.0699197623105354	7.71520123643922	1.20791494109836e-14	1.13002752959584e-13
gene_7711	onu_vs_self	5103.06598933291	0.939775034351859	0.122115705446035	7.69577533798192	1.40638731079995e-14	1.3142658712279e-13
gene_5801	onu_vs_self	2076.76662369459	-0.667884660893487	0.0868043989002251	-7.69413381528243	1.42455905376427e-14	1.32979558344844e-13
gene_2889	onu_vs_self	177.139276741907	1.4348142033638	0.186547532294758	7.69141347362715	1.45518330431794e-14	1.35690295043154e-13
gene_2500	onu_vs_self	1407.74491275936	0.547161338217924	0.0711952474283531	7.68536325080626	1.52563489922963e-14	1.42104839362411e-13
gene_2720	onu_vs_self	1207.0240393789	0.965956807845438	0.125799743785186	7.67852762478509	1.60927458293034e-14	1.49732504672649e-13
gene_1063	onu_vs_self	473.859450460785	-1.11635004246333	0.145399375995425	-7.67781866201721	1.61820334255628e-14	1.50399789492745e-13
gene_918	onu_vs_self	1332.76203065433	-0.56908048552596	0.0741470016394398	-7.67503031738587	1.65379532284057e-14	1.53541084202985e-13
gene_4448	onu_vs_self	2024.86409054927	0.554144219138573	0.0722074041991318	7.67434067578954	1.66271642160592e-14	1.5420208633745e-13
gene_2644	onu_vs_self	2516.08115655234	1.16952838206561	0.152477365855334	7.67017698335127	1.71759188184723e-14	1.59118901608358e-13
gene_6334	onu_vs_self	3079.59343033608	-1.28339683460832	0.167439028500954	-7.66486073228146	1.79025352598665e-14	1.65671028999413e-13
gene_1304	onu_vs_self	1911.32246606701	0.566916348111518	0.0739887607832205	7.6621954755064	1.82781150854775e-14	1.68964001222125e-13
gene_1111	onu_vs_self	14433.5897477666	-0.397085260614109	0.0518617195095562	-7.65661579232716	1.90896638772751e-14	1.7627564486459e-13
gene_387	onu_vs_self	3453.90022451357	0.966340593297887	0.126236404207638	7.6550072806923	1.9330129085031e-14	1.78303776905027e-13
gene_6066	onu_vs_self	2365.11345251813	-0.647830379764112	0.0846356297598007	-7.6543458305052	1.94298752796217e-14	1.7903092830308e-13
gene_8220	onu_vs_self	1864.61450864908	-0.783134545144943	0.102322157550478	-7.65361641987079	1.95404569520975e-14	1.79856248935435e-13
gene_4511	onu_vs_self	1684.70183662909	0.677764971975812	0.088574062740285	7.65195759353548	1.97942521115369e-14	1.81996560767729e-13
gene_4279	onu_vs_self	7473.81389227807	-0.70294418582457	0.0918967455131012	-7.64928270201206	2.02103484011131e-14	1.8562294239649e-13
gene_395	onu_vs_self	825.503815308838	-0.689101156889263	0.0901158931448306	-7.64683268224138	2.05990073747963e-14	1.88989821144969e-13
gene_6891	onu_vs_self	6503.57125431528	0.51912185428801	0.0678915621665632	7.6463383330967	2.06783152492754e-14	1.89514323911989e-13
gene_2903	onu_vs_self	579.231244114539	0.893083909631835	0.116841653219324	7.64354050995344	2.11328598612687e-14	1.93473027179102e-13
gene_3357	onu_vs_self	14841.5500179015	-0.623372347084527	0.0815680559699828	-7.6423587600755	2.13277907558295e-14	1.95049026570406e-13
gene_5345	onu_vs_self	2131.12443919426	0.527899141359077	0.0690957229878898	7.64011314349515	2.17030937914363e-14	1.98269458756344e-13
gene_1062	onu_vs_self	140.309524985891	-1.77089158424529	0.231856784238769	-7.63786830762563	2.20847574865207e-14	2.01541070452683e-13
gene_6680	onu_vs_self	1033.95109375563	-0.589271368635437	0.0771976284108517	-7.63328331149359	2.28849205404294e-14	2.08620787887195e-13
gene_7169	onu_vs_self	4216.82195725071	-0.501437809444688	0.0657038837811243	-7.63178339830108	2.31528208513971e-14	2.10838453710595e-13
gene_2799	onu_vs_self	2475.18180328422	0.68388733847824	0.0896845093628568	7.62547895212632	2.43129981134367e-14	2.21168186876746e-13
gene_3489	onu_vs_self	1203.60382786021	-1.19086612703563	0.156184674695034	-7.62473097543603	2.44543835927276e-14	2.22218177870221e-13
gene_5817	onu_vs_self	1424.18800589553	-0.545535509102565	0.0716013917555067	-7.61906292220374	2.555238909298e-14	2.31949576496192e-13
gene_1656	onu_vs_self	15942.1009476837	-0.842525824225184	0.110684873798743	-7.61193282613428	2.700269030117e-14	2.44854903578406e-13
gene_3215	onu_vs_self	1112.6715068825	-0.664470882055191	0.0873493499982964	-7.60705010475923	2.80422620327345e-14	2.54012447619267e-13
gene_945	onu_vs_self	1018.48383841924	-0.685019167241503	0.0901333458451375	-7.6000636703143	2.95985087439836e-14	2.67825829649577e-13
gene_2248	onu_vs_self	1043.93342245978	-1.06296827485724	0.139882408884749	-7.59901322355003	2.98397291134537e-14	2.69723422609465e-13
gene_1736	onu_vs_self	1666.5436993169	-0.61505808722151	0.0809563728531278	-7.59740173065012	3.02135488767155e-14	2.72814323190595e-13
gene_6470	onu_vs_self	2348.21248467645	1.14028063927634	0.150098905075812	7.59686180722245	3.03398226336011e-14	2.73665839561249e-13
gene_5226	onu_vs_self	1668.40218195898	0.659782573221167	0.0868669367158423	7.59532450625532	3.07022062131042e-14	2.76643037035971e-13
gene_2640	onu_vs_self	1023.55251882343	-0.670076125645409	0.0882309847667481	-7.59456700406163	3.08823322912693e-14	2.77973464156956e-13
gene_7846	onu_vs_self	1235.83020370561	0.653380210625858	0.0860403375698408	7.59388246350725	3.10460026023011e-14	2.79153132642539e-13
gene_3691	onu_vs_self	199.280348738546	1.60643014317324	0.211870135322687	7.58214526425149	3.3988740848737e-14	3.05292362712685e-13
gene_2830	onu_vs_self	5902.58568577492	-0.52306713325756	0.0690310545880183	-7.57727281408719	3.52894218442271e-14	3.1664303038426e-13
gene_4315	onu_vs_self	18621.9583448833	-0.413934937592932	0.0546309009667726	-7.57693778187355	3.53806345646893e-14	3.17129038611246e-13
gene_7871	onu_vs_self	3859.23224900808	-0.442516459857541	0.0584412028814277	-7.57199438135059	3.67537365602099e-14	3.29092034472172e-13
gene_4526	onu_vs_self	92.1491079090103	1.6598131933164	0.219241102089323	7.57072089812869	3.71158713298974e-14	3.3198731304485e-13
gene_6640	onu_vs_self	843.370326952278	-0.615524768190047	0.0813742266901422	-7.56412433305019	3.90486106370035e-14	3.4891034139118e-13
gene_8166	onu_vs_self	8934.62030469403	0.557938302795443	0.0738215305218835	7.5579346411688	4.09519716603026e-14	3.65535847145141e-13
gene_2912	onu_vs_self	656.998520509392	-0.773566468157257	0.102448932864349	-7.55075183829902	4.32752727926662e-14	3.85871182401274e-13
gene_8291	onu_vs_self	6418.51523154494	-0.408668130298627	0.0541451904564591	-7.54763492109716	4.43233282721882e-14	3.94805088459866e-13
gene_5783	onu_vs_self	1464.67426756324	0.614759671330354	0.081522803801628	7.54095348371811	4.66547526546716e-14	4.15140002831589e-13
gene_3732	onu_vs_self	2659.2899866233	-0.728632078180478	0.0967224330099508	-7.53322735487347	4.9501310558076e-14	4.39555205785405e-13
gene_2305	onu_vs_self	1503.37597499953	-0.592710679967408	0.0786785009181665	-7.53332451750557	4.94644739250046e-14	4.39555205785405e-13
gene_494	onu_vs_self	19701.4371028872	-0.882934710083269	0.117299525929773	-7.52718054983344	5.18476557600417e-14	4.59912884254877e-13
gene_654	onu_vs_self	13154.5587468269	0.978906629787154	0.130151529250428	7.52128411725084	5.42408326940906e-14	4.80643403583245e-13
gene_5462	onu_vs_self	1394.65397276084	-0.570566068174773	0.0758784063698959	-7.51947880129887	5.49950341832453e-14	4.86822639719318e-13
gene_3388	onu_vs_self	655.400613369274	-0.714345040246886	0.0950102042964098	-7.51861387455073	5.5360015949753e-14	4.89547248481287e-13
gene_3552	onu_vs_self	1817.3564893313	-0.512459052407096	0.0681621263733204	-7.51823746812686	5.55195946593388e-14	4.90451734039154e-13
gene_5320	onu_vs_self	2524.4032807206	1.10736283635961	0.147334533378332	7.51597613246634	5.64878590534604e-14	4.98490797420228e-13
gene_8477	onu_vs_self	544.985515731745	0.759991158763826	0.101139124818792	7.51431416996614	5.72100483140019e-14	5.04343989256289e-13
gene_1470	onu_vs_self	327.767353872295	1.09336980279639	0.145538550811063	7.51257860342307	5.79739106595362e-14	5.10552135026368e-13
gene_5262	onu_vs_self	1035.33503692745	0.873986303390958	0.116395592899343	7.50875769108173	5.96910928520604e-14	5.25134383158928e-13
gene_5428	onu_vs_self	1110.79165234272	-0.702412395423142	0.0935969209545124	-7.50465280545405	6.1591626402017e-14	5.41298071869882e-13
gene_4100	onu_vs_self	1342.56999338604	-1.14339947234383	0.152442522174007	-7.5005284354892	6.35610663521218e-14	5.58033567152987e-13
gene_1164	onu_vs_self	927.467758132306	0.75778817963949	0.101151165763601	7.49164059473627	6.80179688566656e-14	5.96551038333051e-13
gene_927	onu_vs_self	125.553731326043	-1.52003739136456	0.203135675625528	-7.48286772711791	7.27180633698627e-14	6.3712039144936e-13
gene_8009	onu_vs_self	555.67662033819	1.25430866692594	0.167732840071363	7.47801483831245	7.54536802368521e-14	6.60412579578174e-13
gene_3772	onu_vs_self	25.3531219318401	-3.42598549139686	0.45827998154502	-7.47574764196918	7.67661477452888e-14	6.71213712665651e-13
gene_952	onu_vs_self	3557.77738701457	-0.77066789309666	0.103115240250167	-7.47385053098796	7.7881599510131e-14	6.80271930415022e-13
gene_5095	onu_vs_self	4835.34965018735	0.521511491726812	0.0699923539836095	7.45097802895638	9.26507929727206e-14	8.08451363757888e-13
gene_108	onu_vs_self	1050.70093478134	-0.984821769868339	0.132193190090974	-7.44986764590971	9.34339182323256e-14	8.14454521454895e-13
gene_6902	onu_vs_self	942.267493695748	0.724240119344292	0.0972664281516042	7.44594135003555	9.62555645115754e-14	8.38196980894289e-13
gene_1683	onu_vs_self	14953.41846983	0.499937256732646	0.0671697698756863	7.44289071792116	9.85055744682132e-14	8.56918412040554e-13
gene_8081	onu_vs_self	476.015961329588	-1.05064003361238	0.141166910190351	-7.44253757623293	9.87693510510864e-14	8.58340756342436e-13
gene_7838	onu_vs_self	58.7375255409616	2.8304139370807	0.380402551872539	7.44057557749792	1.00247543551633e-13	8.70303217851903e-13
gene_1262	onu_vs_self	145.750900991812	1.65315530023	0.22219643111261	7.44006234462052	1.00637793307168e-13	8.72222740691095e-13
gene_1748	onu_vs_self	1711.83747783036	-0.580172954896205	0.077980058984029	-7.44001687681501	1.0067243782743e-13	8.72222740691095e-13
gene_625	onu_vs_self	3365.7748620817	-0.806551902884791	0.108491420895415	-7.43424591758549	1.05166161702195e-13	9.10234928383e-13
gene_6376	onu_vs_self	16748.3902499411	1.04630237120815	0.140795937925293	7.43133918936872	1.07503644010155e-13	9.29526457299928e-13
gene_3472	onu_vs_self	1656.37034055189	-0.530183275294916	0.0713534664860631	-7.43037866840671	1.08287225797111e-13	9.3535686460471e-13
gene_166	onu_vs_self	1239.71804208418	0.580357519685095	0.0781220068843996	7.4288608655929	1.09536888649126e-13	9.45197345601331e-13
gene_5264	onu_vs_self	1042.39518336778	0.581384907862906	0.0782812391423796	7.42687410460469	1.11194100617889e-13	9.58531219827922e-13
gene_5119	onu_vs_self	302.211974551849	0.981556990838135	0.13218335311485	7.42572319212759	1.12165353927858e-13	9.65931015716761e-13
gene_2576	onu_vs_self	1979.94382387172	-0.563089277117738	0.0758773973458261	-7.42104100581296	1.16203329437923e-13	9.99698994963435e-13
gene_5304	onu_vs_self	3646.05141410832	-0.466343033324518	0.0629050702011397	-7.41344110790086	1.23063704541559e-13	1.0576559346142e-12
gene_2080	onu_vs_self	1310.10415505507	0.7711664866953	0.104075076852269	7.40971335327426	1.2657269558052e-13	1.08672244149373e-12
gene_6919	onu_vs_self	1481.81454646585	-0.562719793999213	0.0759858111935506	-7.40559040115867	1.30568257372267e-13	1.11990409128918e-12
gene_6514	onu_vs_self	777.702529567106	-0.732292759851642	0.0990390683335914	-7.39397868107033	1.42499269386714e-13	1.22101476071099e-12
gene_360	onu_vs_self	1161.40534135176	-0.715773059597968	0.0968256539824285	-7.39239065431835	1.44212083752003e-13	1.23445543691715e-12
gene_833	onu_vs_self	2105.06266906455	-0.442337109591854	0.0598391147337493	-7.39210651026518	1.44520682453317e-13	1.23586118061977e-12
gene_2766	onu_vs_self	978.220360614177	-0.654964583402669	0.0886664049535257	-7.38684041318656	1.5035888039058e-13	1.28450301012312e-12
gene_7533	onu_vs_self	712.242364870142	0.70500090840683	0.0954692898588717	7.38458314133272	1.52931767978484e-13	1.30518039271767e-12
gene_6082	onu_vs_self	4071.40063170678	0.907324156702573	0.122875820358605	7.38407405179151	1.53517990734652e-13	1.30887848674166e-12
gene_7761	onu_vs_self	1236.5126536457	-0.862011052605373	0.116776332916969	-7.38172736780734	1.56248897920427e-13	1.33083638427747e-12
gene_5651	onu_vs_self	1522.99870979299	-1.32492543333002	0.179544130778283	-7.37938593473796	1.59021252260256e-13	1.35310329955049e-12
gene_5795	onu_vs_self	1363.78271204204	-0.678875858064211	0.0919979683351648	-7.37924837199607	1.59185627045783e-13	1.35315686942592e-12
gene_5448	onu_vs_self	1120.86848620854	0.569804616509651	0.0772431064344247	7.37676982208613	1.62176029559362e-13	1.37720913990887e-12
gene_1246	onu_vs_self	5639.06158390816	-0.537043898273609	0.0728661870343193	-7.37027584578656	1.70275341167849e-13	1.44455591714251e-12
gene_4534	onu_vs_self	1331.43936789386	-0.464167816546189	0.0630250614887793	-7.36481338663712	1.77394846524787e-13	1.50346523391305e-12
gene_6828	onu_vs_self	3006.79349922701	0.442541609038244	0.0600904207525469	7.36459494701553	1.7768555058707e-13	1.50443947875897e-12
gene_3788	onu_vs_self	876.750473238397	0.871344983978023	0.118361055480647	7.36175408743708	1.81509121758586e-13	1.53529454768132e-12
gene_6892	onu_vs_self	3196.124101797	0.67425516004798	0.0917728812833542	7.34699783442755	2.02708151123029e-13	1.71291389300408e-12
gene_4077	onu_vs_self	726.423734749196	1.03164602729748	0.140457383452667	7.34490421178272	2.05906507698299e-13	1.73651202551472e-12
gene_7397	onu_vs_self	2025.44320418763	0.575219363472931	0.0783150290309736	7.34494222361115	2.05847998813766e-13	1.73651202551472e-12
gene_1846	onu_vs_self	1041.37516563205	0.618817031453999	0.0842619911858801	7.34396401918515	2.07358889660501e-13	1.74703946406879e-12
gene_8309	onu_vs_self	1156.00706644344	-1.19075148718896	0.162282929046216	-7.33750305215313	2.17615437648651e-13	1.83165009466318e-12
gene_178	onu_vs_self	10143.0500107122	-1.29988163021864	0.17734108816297	-7.32983903326504	2.30429330520753e-13	1.93759829986016e-12
gene_2692	onu_vs_self	8260.58375213856	-0.549645137816265	0.07500611769289	-7.32800409783597	2.3360557905389e-13	1.96237856398558e-12
gene_5339	onu_vs_self	904.087019671871	0.886040245979495	0.120913785733567	7.3278678738244	2.33843088541942e-13	1.96244788031277e-12
gene_1423	onu_vs_self	2326.69021691843	0.593640857180146	0.0812116780783813	7.30979670937466	2.6754684808918e-13	2.24309600356844e-12
gene_2547	onu_vs_self	268.514053955403	-0.971964409559496	0.132976304796193	-7.30930530103977	2.68527029593894e-13	2.24911093280209e-12
gene_851	onu_vs_self	2145.29743532387	0.62010578614843	0.0848436522081898	7.3088059036734	2.69526759864414e-13	2.25527767784886e-12
gene_1379	onu_vs_self	114.64678431842	-1.83873156217479	0.251596144798622	-7.30826604535821	2.70611600179645e-13	2.26214384525172e-12
gene_4994	onu_vs_self	756.366365822343	-0.791479807012049	0.108353386219259	-7.30461533902083	2.7806106150675e-13	2.32214896243686e-12
gene_3464	onu_vs_self	6063.840090586	-0.797310786162781	0.109178762328768	-7.30280110486919	2.81837658998967e-13	2.35139411406545e-12
gene_754	onu_vs_self	7266.12210674407	-0.477135991449142	0.065350435846625	-7.30119065416735	2.85232230654104e-13	2.37739814449769e-12
gene_2943	onu_vs_self	1857.98999493902	0.883867890344112	0.121268879446847	7.28849721689329	3.13431367413722e-13	2.60989543293917e-12
gene_7867	onu_vs_self	1092.27908279656	0.669532682259087	0.0919687334780578	7.28000328958348	3.33812036448939e-13	2.77690090573656e-12
gene_7741	onu_vs_self	632.988050378362	0.994180891646571	0.136614910915558	7.27725022827907	3.40692980949226e-13	2.83139021060716e-12
gene_8242	onu_vs_self	3673.72065970469	-0.521048941303824	0.0716102506105441	-7.27617815691743	3.43410013090031e-13	2.85120243651859e-12
gene_4494	onu_vs_self	507.392442226684	1.39170291492277	0.191332903194627	7.27372496672517	3.49707634241765e-13	2.90067572588131e-12
gene_8445	onu_vs_self	5840.33180001053	-0.868459410071283	0.119483482556654	-7.26844741623175	3.63642650444616e-13	3.01334084008317e-12
gene_2202	onu_vs_self	666.771669266835	0.639244124410709	0.0879723420334161	7.2664215779079	3.69135351561001e-13	3.05589807481834e-12
gene_2021	onu_vs_self	2233.46634036239	0.841334839866898	0.115796641847553	7.26562382503736	3.71320604912234e-13	3.07101872275239e-12
gene_3932	onu_vs_self	1179.34871904663	-0.485332712068998	0.0668346174430242	-7.26169656739247	3.82264969623364e-13	3.15848276059459e-12
gene_2106	onu_vs_self	1002.39383882781	-0.760122965440725	0.104773017171894	-7.25494966126289	4.01811242475114e-13	3.31678325514655e-12
gene_8190	onu_vs_self	69.2750260275834	-1.6700620358102	0.23034946606437	-7.25012332063973	4.16392334352088e-13	3.43383273800952e-12
gene_1511	onu_vs_self	2848.06190489484	-0.560176556490436	0.0773447815860415	-7.24259019165078	4.40195508227773e-13	3.62663479348386e-12
gene_4629	onu_vs_self	664.843228120354	0.948207106201568	0.1310054176821	7.23792285066028	4.55608468302059e-13	3.75000816217849e-12
gene_3110	onu_vs_self	560.829316382997	-0.868346084791137	0.119979262144892	-7.23746811963623	4.57138155161385e-13	3.75898425377661e-12
gene_4691	onu_vs_self	12539.2187813925	1.14395721771675	0.158117594482773	7.23485088081951	4.66040922288801e-13	3.8285127589176e-12
gene_2651	onu_vs_self	15418.0759123886	0.511504203673319	0.0707032238880085	7.23452447491679	4.67163091402854e-13	3.83405183356513e-12
gene_4655	onu_vs_self	563.9797732373	1.28082580309495	0.177158302440056	7.22983786508303	4.83571008183118e-13	3.96491171460488e-12
gene_6048	onu_vs_self	91.9517150983793	1.66023530693001	0.229772668565143	7.22555609985145	4.99055398363772e-13	4.08664080605891e-12
gene_4721	onu_vs_self	2144.44487261615	-0.948000806463231	0.131202651885121	-7.22546985782942	4.99372229338507e-13	4.08664080605891e-12
gene_4098	onu_vs_self	825.042780590244	-1.44192170649489	0.199581382651809	-7.22473052013312	5.02096481789315e-13	4.10501039552678e-12
gene_77	onu_vs_self	682.267041048489	0.975970106047626	0.135135349456209	7.22216733056876	5.11654582062508e-13	4.17916338020522e-12
gene_5682	onu_vs_self	1820.35743421283	-0.689392989543641	0.0955253986698283	-7.21685540330946	5.32034956391546e-13	4.3414863934334e-12
gene_1565	onu_vs_self	741.390265076009	-0.591729182914042	0.0820204462432433	-7.21441067461624	5.41680505304282e-13	4.41598583371872e-12
gene_4523	onu_vs_self	3997.42731190055	-0.611053955103064	0.0847237496603854	-7.21231009666675	5.50105203389375e-13	4.48040013417036e-12
gene_1197	onu_vs_self	1357.47763037626	0.783901027859563	0.108750638357656	7.2082430015858	5.66784195212351e-13	4.61185618918035e-12
gene_6238	onu_vs_self	16855.1056687164	0.557638128417803	0.0773723303353686	7.20720347959966	5.71126285562529e-13	4.64277398330033e-12
gene_4017	onu_vs_self	794.856052744645	0.779636204827678	0.108202532307324	7.20534157752707	5.78985241984029e-13	4.70219513413974e-12
gene_5594	onu_vs_self	8107.84029223796	-0.641418920063025	0.0890303671053979	-7.20449595926844	5.82589503134461e-13	4.72698212969762e-12
gene_8460	onu_vs_self	473.955390585132	-1.05573249531739	0.146627281909351	-7.20010956740011	6.01641939584863e-13	4.87694602542276e-12
gene_1004	onu_vs_self	36285.3537055336	0.544186688818379	0.0755860376543318	7.19956629168789	6.04043836849626e-13	4.89178357940662e-12
gene_2437	onu_vs_self	1217.83321002053	-1.04028510045659	0.144768904575711	-7.18583250667992	6.67988942291644e-13	5.40452301135773e-12
gene_6812	onu_vs_self	1506.66375817177	-0.653430235394592	0.0909566714699599	-7.18397259744052	6.7714442047827e-13	5.47342421085363e-12
gene_1190	onu_vs_self	1349.12347304871	0.625088626321538	0.0870785924650913	7.17844200998228	7.05102859415768e-13	5.69403818547073e-12
gene_2916	onu_vs_self	1490.99412905354	0.641343331552712	0.0893574023015242	7.17728263170171	7.11105879804931e-13	5.73710304536307e-12
gene_2382	onu_vs_self	4814.38162776381	-0.578086236483339	0.0805459263620738	-7.17710084908203	7.12051651090208e-13	5.73932404268567e-12
gene_6854	onu_vs_self	1544.63709324929	-0.588411222621435	0.08206320177741	-7.17022014589992	7.48772610442032e-13	6.02962704175333e-12
gene_7378	onu_vs_self	110.330400044017	-1.64886149648397	0.229966576661111	-7.17000496517285	7.49950466420147e-13	6.03343608322975e-12
gene_3234	onu_vs_self	1473.01185319264	-0.633766719392777	0.0884501943528799	-7.16523829065099	7.76513657128662e-13	6.24127408922193e-12
gene_3971	onu_vs_self	1203.76930920047	0.882361102435516	0.12317686265375	7.16336723817873	7.87190969446702e-13	6.32115825371836e-12
gene_7058	onu_vs_self	3906.64175888245	-0.448007048769847	0.0625877624349107	-7.15806143790106	8.18258847757868e-13	6.56447585455234e-12
gene_6205	onu_vs_self	3821.96767371192	-0.515090705886135	0.0719754828077338	-7.15647447981812	8.27782817434761e-13	6.63466378018872e-12
gene_4064	onu_vs_self	1483.93909373477	0.805317842600278	0.112533798121881	7.15623089276761	8.29254280368226e-13	6.64024007479140e-12
gene_1299	onu_vs_self	1189.97414755407	0.798094591268063	0.111568729930221	7.1533895901407	8.46608826017875e-13	6.772870608143e-12
gene_3068	onu_vs_self	3721.46964809876	-0.837973801940973	0.11723225906358	-7.1479796485582	8.80643639602021e-13	7.03857101306564e-12
gene_5219	onu_vs_self	1716.07840405414	0.556239939120028	0.0778344738998789	7.14644695659584	8.90527778205644e-13	7.11093076626895e-12
gene_3126	onu_vs_self	435.205736839369	1.03150680659699	0.144389274074791	7.14392958345845	9.06998777646228e-13	7.23570320284409e-12
gene_8296	onu_vs_self	1627.8292396333	-0.500308358955647	0.0700673159018679	-7.14039566830774	9.30626451910012e-13	7.41728345283957e-12
gene_1172	onu_vs_self	477.764148859767	0.862634996055505	0.120833641066742	7.13903006182716	9.39917788223848e-13	7.48436862064757e-12
gene_1188	onu_vs_self	411.260069600375	-0.83185114132284	0.116547556543838	-7.13743956536703	9.50854039850599e-13	7.56441503821666e-12
gene_1037	onu_vs_self	1187.04079644258	0.638054954697152	0.0894004839755376	7.13704139310634	9.53611358524128e-13	7.57930661928183e-12
gene_7584	onu_vs_self	232.697699954311	0.985630148206239	0.138219221366368	7.1309195527422	9.97005816789371e-13	7.91685509435716e-12
gene_4102	onu_vs_self	776.546370103943	-0.808818098079636	0.113430152143116	-7.13053877472666	9.99768057359442e-13	7.93143148377834e-12
gene_3138	onu_vs_self	2112.51056174572	0.77615626244333	0.108982698960837	7.12183006884644	1.06503319855299e-12	8.44137424038293e-12
gene_7319	onu_vs_self	1229.94851847133	-0.543404092120378	0.0763073711928003	-7.12125294877998	1.06950302139724e-12	8.46896009543054e-12
gene_7562	onu_vs_self	2931.94813745721	-0.378371598290287	0.0531985433278445	-7.11244283435568	1.14006763537813e-12	9.01938905622626e-12
gene_7758	onu_vs_self	2951.71974091116	-0.479451650956243	0.0674200007950573	-7.11141568232365	1.14858624391351e-12	9.07839173397936e-12
gene_6749	onu_vs_self	8340.26748842206	-0.472797825473931	0.0665061755307119	-7.109081550714	1.1681771060242e-12	9.22471958262653e-12
gene_3201	onu_vs_self	220.632284775438	0.976803504186887	0.137441372810042	7.10705578833913	1.18544526419062e-12	9.35245295988172e-12
gene_5068	onu_vs_self	4950.49634701044	0.415589693237391	0.0584954175788959	7.10465384193322	1.20624488476909e-12	9.50778656871402e-12
gene_2558	onu_vs_self	1824.45300996962	-0.779937350525131	0.109786801898356	-7.10410848152055	1.2110170786658e-12	9.53662023309961e-12
gene_362	onu_vs_self	1972.36802667625	-0.761795261589037	0.107239631582718	-7.10367287117575	1.2148422055682e-12	9.55794970557338e-12
gene_8323	onu_vs_self	1299.54780896374	0.912630150311189	0.128566866938005	7.0984863522517	1.26130640348465e-12	9.9144011146268e-12
gene_4975	onu_vs_self	3099.74766233665	-0.980388278852341	0.138171359936921	-7.09545219284166	1.28929218820856e-12	1.01250836064819e-11
gene_4357	onu_vs_self	594.807406864854	-0.747114472627606	0.105327545345773	-7.09324868603889	1.30999740643922e-12	1.02782564611547e-11
gene_6477	onu_vs_self	1201.99558407779	0.681707083456556	0.096114069134336	7.09268777814154	1.3153198508641e-12	1.03105658639164e-11
gene_1869	onu_vs_self	694.120828980835	-0.82637443561176	0.116527534060941	-7.09166672298746	1.32506314615022e-12	1.03774387292277e-11
gene_2414	onu_vs_self	4604.81427255737	-0.658932973149688	0.0929224837725765	-7.09121136669566	1.32943112858979e-12	1.04021302200445e-11
gene_8175	onu_vs_self	1076.56309484827	-0.729180091000794	0.10287791767286	-7.08781930559193	1.36241693173247e-12	1.06504921786575e-11
gene_5669	onu_vs_self	2627.7834576698	-0.54051841194366	0.0763131032587655	-7.08290436192653	1.4116410356423e-12	1.10252256068413e-11
gene_5164	onu_vs_self	8515.83883792641	0.414529421482458	0.0585593489580278	7.07879149714541	1.45416979376568e-12	1.13470313898215e-11
gene_3649	onu_vs_self	545.339107924082	-0.656421332957842	0.0927461822014981	-7.07761028407311	1.46661469042129e-12	1.14337174408072e-11
gene_6380	onu_vs_self	2752.88449499997	-0.597111430857811	0.0844342823925619	-7.07190745201872	1.52818332828667e-12	1.19028655961182e-11
gene_1717	onu_vs_self	2928.40794876167	-0.713176582329723	0.10088985485305	-7.06886320104723	1.56208042039698e-12	1.21558258169074e-11
gene_7365	onu_vs_self	652.909293780397	-0.603823322235934	0.0854401130118179	-7.0672111839601	1.58078292538515e-12	1.22901924080808e-11
gene_4416	onu_vs_self	1605.73698541065	-0.881190583578717	0.124935877743076	-7.05314277609543	1.74921200293101e-12	1.35873455037109e-11
gene_7202	onu_vs_self	2475.6569553961	0.931596766891877	0.132128899425841	7.05066621261573	1.78063171984872e-12	1.38188644804216e-11
gene_1418	onu_vs_self	1101.51799911225	-0.672712997052516	0.0954719678345516	-7.04618342232451	1.83891819066684e-12	1.42582787247356e-11
gene_2116	onu_vs_self	2522.20750079768	0.57425022499024	0.0815344913368115	7.0430343720189	1.88097803693213e-12	1.45711963765964e-11
gene_4592	onu_vs_self	897.931811947073	-0.971818425002944	0.138052338528148	-7.03949266896915	1.92941033321288e-12	1.493286840172e-11
gene_4729	onu_vs_self	84.5984429054019	-1.50092774679065	0.213412896933209	-7.03297583397874	2.02174394250458e-12	1.5633358760469e-11
gene_7708	onu_vs_self	129.9096172484	-1.27845471939182	0.181821753996559	-7.03136281160292	2.04525902432567e-12	1.58009180940683e-11
gene_6465	onu_vs_self	62333.1770139278	0.973029057012293	0.138502004595134	7.02537887344398	2.13486146212088e-12	1.64782814389132e-11
gene_1107	onu_vs_self	1480.37828889139	-0.720082388273528	0.102499500238308	-7.02522828500975	2.13716530801477e-12	1.64812027356815e-11
gene_5122	onu_vs_self	273.729245511089	1.10176357771543	0.157239300901278	7.00692238772524	2.43617312598214e-12	1.87701547780442e-11
gene_7383	onu_vs_self	224.436906653072	1.06993221618786	0.152730026741356	7.00538223567367	2.46312439960325e-12	1.89607417811185e-11
gene_1272	onu_vs_self	811.366140697297	0.588347993226637	0.0840553627786735	6.99952952170128	2.56823463221999e-12	1.97521010348635e-11
gene_3731	onu_vs_self	2702.83588742763	-0.670372680315888	0.0958101983970696	-6.99688228947861	2.61720990203118e-12	2.01106972723401e-11
gene_6315	onu_vs_self	213.064537859131	0.967139339568292	0.138329473929802	6.99156377952457	2.7183899408473e-12	2.08694330884779e-11
gene_7174	onu_vs_self	1154.31457826777	0.722855287937954	0.103448826013622	6.98756395594831	2.7970008424094e-12	2.14536982177639e-11
gene_8067	onu_vs_self	944.499042268949	-0.843470508732438	0.120786151888312	-6.98317228876018	2.88588138002424e-12	2.21156173795949e-11
gene_1236	onu_vs_self	6246.88979825966	-0.661313745463419	0.0947460644210055	-6.97985451432433	2.954858936238e-12	2.26239646638616e-11
gene_4271	onu_vs_self	570.595216236901	-0.697757461646894	0.099986680211794	-6.97850413844013	2.98339430536191e-12	2.2822033292134e-11
gene_6167	onu_vs_self	6673.06752380471	-1.02156707804682	0.146450732142368	-6.97549997260331	3.04784940093582e-12	2.32942775642952e-11
gene_6703	onu_vs_self	1300.95561368268	0.659572314335632	0.0945806946822342	6.97364632974644	3.08829889268822e-12	2.3582371562365e-11
gene_1461	onu_vs_self	362.289976153798	0.946188922447846	0.135724217914892	6.97140817596141	3.13784099594183e-12	2.39393216802692e-11
gene_1362	onu_vs_self	1413.15571029709	-0.687263624768197	0.0985865462065996	-6.97117052186772	3.1431470754055e-12	2.39584496575878e-11
gene_910	onu_vs_self	19119.6809672272	-0.738772115247792	0.105977487219202	-6.97102879708524	3.14631553747441e-12	2.39612642355702e-11
gene_2635	onu_vs_self	235.980042164658	-0.921262346170721	0.132221479050087	-6.9675695113177	3.22463140825753e-12	2.45358620930528e-11
gene_511	onu_vs_self	5282.53987308431	-0.557505415915346	0.080037199119332	-6.96557878148797	3.27056337250977e-12	2.48632526364864e-11
gene_1944	onu_vs_self	323.331462116287	-1.8406586326333	0.264282340566898	-6.96474319352931	3.29003342849355e-12	2.49890737780877e-11
gene_8063	onu_vs_self	3338.82616167288	-0.578613669507131	0.0831060437527289	-6.96235367945946	3.34634092477941e-12	2.53942183653473e-11
gene_6249	onu_vs_self	1067.13853729856	0.549551328262629	0.0789448879278479	6.96120220938047	3.37381095959265e-12	2.55800016068318e-11
gene_7231	onu_vs_self	1249.69430879087	1.01330703719995	0.14567838742572	6.95578153428299	3.50612836463452e-12	2.65596980542226e-11
gene_1862	onu_vs_self	193.753416676145	1.51017190206118	0.217134658585419	6.95500161926979	3.52557987358819e-12	2.66834338796772e-11
gene_5242	onu_vs_self	971.697227450839	-0.62624088863974	0.0901399903100902	-6.94742573729386	3.72011775307113e-12	2.81309257652729e-11
gene_7748	onu_vs_self	1430.67673592159	-0.672435599912561	0.096858667146439	-6.94244118490622	3.85381419578694e-12	2.91161955127416e-11
gene_6104	onu_vs_self	3536.47049827806	0.502607370195124	0.0724265231261808	6.93954850379172	3.93355052371533e-12	2.96924095970046e-11
gene_6866	onu_vs_self	607.96244473493	0.708957716285734	0.102387773587363	6.9242419426262	4.38316248961111e-12	3.30571549877278e-11
gene_8518	onu_vs_self	637.724816583581	-0.774963251682027	0.11200561931753	-6.91896760541135	4.54946871762612e-12	3.42812079426757e-11
gene_2213	onu_vs_self	706.887016956029	-0.587189077572311	0.0849410754378147	-6.91289902495045	4.74847960398574e-12	3.57493275374828e-11
gene_168	onu_vs_self	1504.91279976052	0.525495282207197	0.0760432990286054	6.91047454437136	4.83035114297601e-12	3.63337484919812e-11
gene_7692	onu_vs_self	4741.9073519892	0.39359471336121	0.0569603589021917	6.90997600694657	4.84735681521748e-12	3.64296526235835e-11
gene_2282	onu_vs_self	1891.52725007763	-0.448369911731651	0.0648892246577508	-6.90977452876831	4.85424610178607e-12	3.64494268695516e-11
gene_4475	onu_vs_self	536.055001173828	1.35977120613735	0.196817132033874	6.90880510291818	4.88752879118575e-12	3.66671748050394e-11
gene_3137	onu_vs_self	2470.84932844116	0.429818355760294	0.0622375494108837	6.90609382645664	4.98180553692056e-12	3.73417297688617e-11
gene_8386	onu_vs_self	4711.79188409523	0.877348128350973	0.127072732650491	6.90429890072552	5.04519713090239e-12	3.7783803535017e-11
gene_5446	onu_vs_self	535.186343060338	-0.633842687563923	0.091825426753141	-6.90269253273296	5.10259940665352e-12	3.81802892665683e-11
gene_6604	onu_vs_self	628.528036904489	0.651549016838244	0.0944209361323857	6.90047190301863	5.1830072399306e-12	3.87480715928436e-11
gene_1979	onu_vs_self	4611.60045192384	0.733737707239335	0.10634835272334	6.89938008864242	5.22299540679896e-12	3.90129499844669e-11
gene_8537	onu_vs_self	1914.41818547311	1.04197270343574	0.151064403729963	6.89753957721457	5.2910905429675e-12	3.94871273302544e-11
gene_1440	onu_vs_self	4847.26808376752	0.754116294759766	0.109333403187177	6.89740072819949	5.2962628270595e-12	3.94912977348687e-11
gene_3508	onu_vs_self	2726.76942693844	0.397385437294932	0.0578105351386471	6.87392767324989	6.24578838756318e-12	4.65308516949877e-11
gene_6951	onu_vs_self	37.8359320811776	-2.34663570347439	0.341728689580226	-6.86695549723076	6.55865186772135e-12	4.88191825979954e-11
gene_3684	onu_vs_self	1391.59572770045	0.496050207939441	0.0722549360004722	6.86527779826972	6.63619849929739e-12	4.93534831919945e-11
gene_1847	onu_vs_self	968.334676876276	-0.513884376958852	0.0749071684640625	-6.86028303426518	6.87242481832624e-12	5.10659344139519e-11
gene_5707	onu_vs_self	339.034586061996	-0.724428322751661	0.105619537899089	-6.85884768255465	6.94182053714673e-12	5.15368463122081e-11
gene_761	onu_vs_self	1068.93164041816	-0.687994126851472	0.100356142606391	-6.85552582017694	7.10506868686548e-12	5.2703109150406e-11
gene_5411	onu_vs_self	79.0679752088927	1.602463218467	0.234053669382379	6.84656310963026	7.56452831622407e-12	5.60626514172104e-11
gene_1227	onu_vs_self	4643.48380007439	0.640983582069885	0.0938107400221425	6.83273132605703	8.33129054214928e-12	6.16919092048424e-11
gene_3485	onu_vs_self	388.924259236762	0.869717877945781	0.127350951240941	6.8293002091545	8.53298415722831e-12	6.31308075936684e-11
gene_1697	onu_vs_self	344.290934126861	-0.753549687124168	0.11047664953025	-6.82089554967757	9.04747082336141e-12	6.68794043592174e-11
gene_4978	onu_vs_self	987.590571351557	1.10400147182744	0.161886822993429	6.81958822474541	9.13018295761461e-12	6.74325850881631e-11
gene_3885	onu_vs_self	305.789924417238	1.08162821094387	0.158644216689397	6.81794920429745	9.2349281058559e-12	6.81474005052815e-11
gene_7143	onu_vs_self	2485.946693952	-0.669995221191213	0.0983008007016233	-6.81576565408535	9.37630343763199e-12	6.91310572145821e-11
gene_6702	onu_vs_self	3945.70359395456	-0.820857970796017	0.120458792230201	-6.81442969498921	9.46384419156203e-12	6.97164425815585e-11
gene_7020	onu_vs_self	117.639446102241	-1.50687518571347	0.221188522674482	-6.81262828420397	9.58315326556793e-12	7.0534644843733e-11
gene_2780	onu_vs_self	745.540070900877	-0.72535151169423	0.106511628418728	-6.81006874519527	9.75521185029532e-12	7.17393586241649e-11
gene_2491	onu_vs_self	1519.25120008064	0.520633135656556	0.076452805120144	6.80986308924037	9.76916717756034e-12	7.17803184891987e-11
gene_967	onu_vs_self	2935.3163528667	-0.680193974614323	0.0999167436581231	-6.80760751112633	9.92351482276538e-12	7.28518755427715e-11
gene_5602	onu_vs_self	997.699613855881	-0.588185675771277	0.0864279572728598	-6.80550245928327	1.00697158896446e-11	7.38618406301266e-11
gene_2457	onu_vs_self	976.552600676802	0.588927626410753	0.0866141176120937	6.79944150731062	1.05025495061094e-11	7.69707395310756e-11
gene_174	onu_vs_self	609.912416197113	-0.661670034823025	0.097315152737649	-6.79924982090729	1.05165316984496e-11	7.70072808714529e-11
gene_4944	onu_vs_self	4077.6312752253	0.996270552429817	0.14657232749205	6.79712582502215	1.06726881798593e-11	7.80839408714496e-11
gene_3824	onu_vs_self	831.200524902391	0.583981970059467	0.085922113004379	6.79664349071239	1.07084647015147e-11	7.82787855208932e-11
gene_3431	onu_vs_self	214.040515801108	-1.17183450281909	0.172448790298586	-6.79526078895723	1.081167720444e-11	7.89658335068313e-11
gene_2280	onu_vs_self	1373.94418686201	-0.678680771389259	0.0999182522313476	-6.79236031689048	1.10313607722033e-11	8.04330904685351e-11
gene_2732	onu_vs_self	9667.17497864696	0.676298117915455	0.0995669936045701	6.79239267383497	1.10288860852014e-11	8.04330904685351e-11
gene_7982	onu_vs_self	574.034051163453	0.931190575671769	0.137457541124088	6.77438697110949	1.24934862257523e-11	9.10163762488851e-11
gene_3222	onu_vs_self	3351.11778149017	0.744253215267864	0.10989193193312	6.77259196535754	1.26495343154052e-11	9.19966132029469e-11
gene_7411	onu_vs_self	1412.73672686783	0.528610633414288	0.0780512984102032	6.77260525041036	1.26483724020527e-11	9.19966132029469e-11
gene_1281	onu_vs_self	964.584300674646	-0.589043423419487	0.0869763446631974	-6.77245549580714	1.26614760239773e-11	9.20052926699875e-11
gene_8119	onu_vs_self	8682.14011765002	-0.780580367951408	0.115268283860466	-6.77185728640078	1.27139524967213e-11	9.23082556165686e-11
gene_2747	onu_vs_self	1314.35532601028	0.594159589907565	0.0877448065944486	6.77145021988294	1.27497831629165e-11	9.24899524360723e-11
gene_1109	onu_vs_self	27494.895952857	-0.609337026631123	0.0900467849669258	-6.76689375256355	1.31576625290304e-11	9.53679858158343e-11
gene_7963	onu_vs_self	963.167871256422	0.568669455641617	0.0840494412572845	6.76589215984027	1.32490205672505e-11	9.59489137526773e-11
gene_7396	onu_vs_self	951.204918191376	-0.575888844206108	0.0851586310105296	-6.76254229750243	1.35591074677549e-11	9.81115468503654e-11
gene_722	onu_vs_self	1114.43997012595	-0.548807238621235	0.081220131963407	-6.75703455971353	1.40844604740789e-11	1.01826842616651e-10
gene_6462	onu_vs_self	27.722986801031	-3.44699823920825	0.510192512282571	-6.75626975352222	1.4158969766407e-11	1.02279140253539e-10
gene_1493	onu_vs_self	1349.16084757355	0.711664279999357	0.105366206213555	6.75419857631548	1.43626926331973e-11	1.03663279038928e-10
gene_3159	onu_vs_self	346.264361229994	1.79510303381977	0.265868101270097	6.75185562030291	1.45966095171249e-11	1.05262828531246e-10
gene_3419	onu_vs_self	78.4873982011206	2.15448866589189	0.319357583064201	6.74632067671543	1.51641275847635e-11	1.09263410880114e-10
gene_471	onu_vs_self	222.620138445683	0.909310591534837	0.134799543547764	6.74565037538599	1.5234306107157e-11	1.09676753807623e-10
gene_6300	onu_vs_self	790.737744706379	1.06230008496863	0.157622164113939	6.73953495652256	1.5889436560765e-11	1.14297123495923e-10
gene_2459	onu_vs_self	2292.03200375903	-0.51172478193646	0.0759649129562093	-6.73633078776051	1.62436259478552e-11	1.16746799423711e-10
gene_4765	onu_vs_self	1235.99835422434	0.575452207360803	0.0854279862941419	6.73610876627047	1.62684526633849e-11	1.16827143287395e-10
gene_3070	onu_vs_self	1254.61763267986	-0.523710984702154	0.0777858715986332	-6.73272631570483	1.66513096683619e-11	1.19476287310292e-10
gene_2557	onu_vs_self	1699.89140981311	-0.686241202620066	0.101933117847449	-6.73226932631534	1.67037078342164e-11	1.19751875260379e-10
gene_4731	onu_vs_self	1527.742049238	-0.622163359978418	0.0924380909687201	-6.73059507675196	1.6897059423912e-11	1.21036676710198e-10
gene_6766	onu_vs_self	4295.51466117689	-0.971359944869869	0.144499598397271	-6.72223283416553	1.78960676020979e-11	1.28085567453142e-10
gene_4716	onu_vs_self	511.326188935557	-1.18399562628225	0.176261420369027	-6.71727042595822	1.85160153719878e-11	1.32411939502269e-10
gene_1931	onu_vs_self	3661.45268336309	-0.907587158289279	0.135129448745133	-6.71642759381841	1.86233781227794e-11	1.33068544850577e-10
gene_1527	onu_vs_self	41060.1968802934	0.523627420225827	0.0779730299063679	6.71549407345864	1.87430045641966e-11	1.33811608898685e-10
gene_3543	onu_vs_self	202.031747475256	1.38625862642852	0.206431279269083	6.71535162373108	1.87613248993283e-11	1.33830784281875e-10
gene_2173	onu_vs_self	1969.38504404245	-0.473022083943253	0.0704418728135878	-6.71506967446797	1.87976378605554e-11	1.33978168265074e-10
gene_5265	onu_vs_self	1263.65318074366	0.872092242063874	0.129953094975207	6.7108231799347	1.93529508115464e-11	1.37821346877568e-10
gene_139	onu_vs_self	2401.63695886314	0.512845728141901	0.0765226545746003	6.70188104415456	2.05753508001935e-11	1.46404823648925e-10
gene_5632	onu_vs_self	190.380875897695	1.06870674438589	0.159523731568522	6.6993589848846	2.09335763612049e-11	1.48830077783982e-10
gene_1472	onu_vs_self	8606.71355745265	-0.623854335289097	0.0931622821583597	-6.69642607325412	2.1357841666092e-11	1.5172043540394e-10
gene_5766	onu_vs_self	149.128934814904	-1.26955444404009	0.189671289728616	-6.69344551754028	2.17976210039479e-11	1.54716115915252e-10
gene_773	onu_vs_self	244.399186774568	-0.819580915578098	0.122576556002724	-6.68627788465427	2.28918158719464e-11	1.62347923665171e-10
gene_8458	onu_vs_self	3848.17297890382	0.683227072917676	0.102270795618424	6.68056866856517	2.38016819750713e-11	1.68660925253816e-10
gene_7686	onu_vs_self	8006.13877473893	0.621703185979887	0.0930660460670409	6.68023637247937	2.3855715904018e-11	1.68903993497431e-10
gene_2613	onu_vs_self	1290.61987777419	-0.545933098717922	0.08173582144732	-6.67923915182996	2.40185936777168e-11	1.69916662711782e-10
gene_1576	onu_vs_self	181.136826786267	1.04589792062472	0.156753095015436	6.67226328463704	2.5188814305364e-11	1.78048101118015e-10
gene_6987	onu_vs_self	1478.04606174141	0.914160528725617	0.137153421624709	6.66524041395789	2.64232454700758e-11	1.86619621471822e-10
gene_2947	onu_vs_self	1030.53678945043	-0.603217168061902	0.0905864351906114	-6.65902313953095	2.75653539158272e-11	1.94525498367255e-10
gene_3769	onu_vs_self	1258.30543695426	1.02054864680848	0.153316656491373	6.6564760161327	2.80470875803271e-11	1.97762001390115e-10
gene_5687	onu_vs_self	236.529803445533	1.0780462430508	0.162085660432465	6.65108955458763	2.90931183729652e-11	2.04968801047393e-10
gene_3130	onu_vs_self	87.55692895074	1.7575055465892	0.264494243237179	6.64477806805496	3.03674291051168e-11	2.13770718042599e-10
gene_8375	onu_vs_self	1914.50293300111	-0.609830777712078	0.0918834421757244	-6.63700404851828	3.20122859212859e-11	2.25164476159579e-10
gene_3865	onu_vs_self	4838.83069092611	-0.362076495451286	0.0545782385981601	-6.63408172838124	3.26528878390295e-11	2.29481707637186e-10
gene_2272	onu_vs_self	668.260220183656	0.884810360970161	0.133621230375414	6.62177977619465	3.54899529485237e-11	2.49215748350585e-10
gene_4707	onu_vs_self	1710.77706546782	0.903479769527721	0.136534328433982	6.61723523959456	3.65978872268171e-11	2.56785175952094e-10
gene_1526	onu_vs_self	27956.8304898788	0.871610962385933	0.131738912971171	6.61619974484432	3.68550311191977e-11	2.58377613743106e-10
gene_4368	onu_vs_self	40089.1173386546	0.591616669149316	0.0894705628158329	6.61241698419966	3.78095159520021e-11	2.64852255768525e-10
gene_3474	onu_vs_self	839.674302367171	-0.713572204554844	0.107988463732053	-6.60785587547017	3.89926009333388e-11	2.72916323785266e-10
gene_6374	onu_vs_self	968.374672435996	0.775389399424034	0.117363066142275	6.60675819839316	3.92826862176026e-11	2.74722053940096e-10
gene_5940	onu_vs_self	2307.89513629906	-0.419345244825167	0.0634885332773917	-6.60505485286579	3.97370184317191e-11	2.77672553286135e-10
gene_4241	onu_vs_self	2616.73444173419	-0.436679489816973	0.0661315999810521	-6.60318954844717	4.02404486894079e-11	2.80961044682979e-10
gene_7724	onu_vs_self	2622.25131946925	0.407649003145074	0.0617605898891623	6.60047133417371	4.09852633673421e-11	2.85928161715117e-10
gene_856	onu_vs_self	3153.90210819948	-0.595612458647641	0.0902443876763537	-6.59999445930871	4.11173148492411e-11	2.86615810349759e-10
gene_3778	onu_vs_self	965.33211805022	-0.753400623781816	0.114252133818258	-6.59419302382799	4.2757512216122e-11	2.9780659444264e-10
gene_8016	onu_vs_self	5610.87567826636	0.521284536267844	0.079054237469365	6.5940113136864	4.28099064018416e-11	2.97929104715255e-10
gene_6320	onu_vs_self	3932.19366184	-0.594235262018435	0.0901266059213307	-6.59333895849942	4.30043196691465e-11	2.99038973491385e-10
gene_1011	onu_vs_self	2005.3477196131	-0.452388581082267	0.0687006534064722	-6.5849239949099	4.55118148588828e-11	3.1621845388964e-10
gene_4452	onu_vs_self	897.453242847231	-1.01770545190575	0.1545597007173	-6.58454595332841	4.56277593544791e-11	3.16766926256562e-10
gene_6188	onu_vs_self	555.630456126486	-1.14647601483471	0.174127846317435	-6.58410494978892	4.5763379360678e-11	3.1745099459271e-10
gene_5483	onu_vs_self	5514.05342088249	-0.42916055134472	0.0652323481049697	-6.57895298593467	4.73772533272077e-11	3.28379990672792e-10
gene_8013	onu_vs_self	1551.60861544794	-0.883613831320352	0.134382175285385	-6.57537972907373	4.85291568199153e-11	3.36091895128216e-10
gene_5388	onu_vs_self	273.813369425692	0.974350216981159	0.148206285963943	6.57428401665909	4.88878364361683e-11	3.38302247286661e-10
gene_1646	onu_vs_self	3514.09740228601	-1.10104415694221	0.167559315374532	-6.5710709934636	4.99546328407649e-11	3.45405215764901e-10
gene_1490	onu_vs_self	3086.08118042237	0.440319021227939	0.0670298459922554	6.56899944658703	5.06544726871625e-11	3.49961490074343e-10
gene_1370	onu_vs_self	2161.25170198576	-0.669897803170738	0.101995275682382	-6.56792972702807	5.1019606821835e-11	3.52199866447506e-10
gene_4925	onu_vs_self	6720.10727881526	-0.491986734285616	0.0749270014391708	-6.56621411287936	5.16105910021605e-11	3.55992472988311e-10
gene_2498	onu_vs_self	3801.04686250124	0.430488865414562	0.0656265177807482	6.55967861730503	5.39238677879964e-11	3.71649201501811e-10
gene_3516	onu_vs_self	1942.08357162381	-0.491075028596088	0.0748684889239654	-6.55916842524779	5.41086621614395e-11	3.72622806196237e-10
gene_3612	onu_vs_self	2181.62542443001	-0.631051143443994	0.0962157403026815	-6.55871005574341	5.42752143173148e-11	3.73469320382809e-10
gene_329	onu_vs_self	677.01145681423	1.19706604262935	0.182528506041043	6.55824160616413	5.44459472827256e-11	3.74343219871592e-10
gene_8492	onu_vs_self	455.90408274791	0.732723443864534	0.111814472253552	6.55302868311178	5.63816814761585e-11	3.87341246738296e-10
gene_750	onu_vs_self	556.791649680406	-0.769526107719128	0.117485878718896	-6.54994554333074	5.75580684776241e-11	3.95105907111838e-10
gene_3714	onu_vs_self	1738.48236791995	0.55972102732563	0.0855124204841091	6.54549390786621	5.92990756927065e-11	4.06730839687153e-10
gene_1948	onu_vs_self	4361.96686989714	0.504033758157684	0.0770875675324922	6.53845716360469	6.21566821247672e-11	4.25989750991199e-10
gene_4697	onu_vs_self	556.247132307133	-1.06129416017011	0.162445790827393	-6.53322043473442	6.43702923950165e-11	4.40807762321073e-10
gene_6000	onu_vs_self	2576.17855527124	-0.64315206614978	0.0984695862164371	-6.53147932130155	6.5123214950825e-11	4.45607290151129e-10
gene_7419	onu_vs_self	1711.41798878573	-0.47454172780956	0.072660729893089	-6.53092431782322	6.53650245886398e-11	4.46904640957474e-10
gene_2899	onu_vs_self	100.682904115904	1.56712558098201	0.240147953010711	6.52566703707075	6.76995628215242e-11	4.62496614327412e-10
gene_515	onu_vs_self	1933.97599567662	-0.54272971805923	0.0832861842278192	-6.51644355052524	7.19938849453699e-11	4.9144151126983e-10
gene_4999	onu_vs_self	2822.18628632989	-0.611246897098202	0.0938633594259039	-6.51209269342978	7.41109599961649e-11	5.05337858105325e-10
gene_7474	onu_vs_self	2863.65983020448	-0.394479820280916	0.0605771981451483	-6.51201825702977	7.41477044135851e-11	5.05337858105325e-10
gene_2190	onu_vs_self	1455.1596824013	-0.62543099504562	0.0960509406510183	-6.51145101553974	7.4428300487013e-11	5.0684666043662e-10
gene_4639	onu_vs_self	1824.35648148025	-0.493695246947803	0.0759126596358684	-6.50346397183184	7.84912271204232e-11	5.34089748927522e-10
gene_1277	onu_vs_self	4063.8484584771	-0.791936423373325	0.121777108796911	-6.50316328903853	7.86483434397075e-11	5.34733772711593e-10
gene_1781	onu_vs_self	63.4746487399419	1.79028893216557	0.275302983192714	6.50297687080405	7.8745907289545e-11	5.34972195554369e-10
gene_6747	onu_vs_self	4907.92253614975	0.447198623194214	0.0688421033202715	6.49600464869193	8.24811094303668e-11	5.59903486696225e-10
gene_3430	onu_vs_self	35441.4056237569	-0.762900003721489	0.117474376125575	-6.49418221132739	8.34856554001517e-11	5.66273542175355e-10
gene_2122	onu_vs_self	2801.8279451493	-0.834606956419497	0.128534392109263	-6.49325789559908	8.39997100559458e-11	5.69309198795642e-10
gene_7116	onu_vs_self	278.907369324629	0.777445393012591	0.119765185692467	6.49141391563415	8.50344952040312e-11	5.75866518153882e-10
gene_1647	onu_vs_self	1055.26813274571	0.688308320953355	0.106098548592424	6.48744332589771	8.73051635436697e-11	5.90776442635425e-10
gene_2254	onu_vs_self	6074.58725393168	-0.536791597976027	0.0828038959791235	-6.48268528465572	9.01043246564196e-11	6.09236191989693e-10
gene_70	onu_vs_self	944.732011302309	-0.797775402042606	0.1230718201583	-6.48219390122346	9.03983565088572e-11	6.10741856129296e-10
gene_1218	onu_vs_self	1606.62095272045	0.495158156176254	0.0764165569765695	6.47972344956704	9.18908873435948e-11	6.20335958723321e-10
gene_5728	onu_vs_self	5674.53288626724	0.740091639540051	0.114354141248411	6.47192687086297	9.67609530121983e-11	6.52697996678028e-10
gene_1131	onu_vs_self	2953.37085357231	-0.646159173692512	0.0998527242827981	-6.47112212845081	9.72777670700931e-11	6.55667469385824e-10
gene_6840	onu_vs_self	7243.34966505647	-1.09242884617115	0.168845679129916	-6.46998402209982	9.80132807980014e-11	6.60105179882684e-10
gene_1599	onu_vs_self	863.236995577565	0.69970074700937	0.108151111098069	6.46965842426619	9.82247002988637e-11	6.61008989432604e-10
gene_6907	onu_vs_self	5116.24994412312	1.09321847463011	0.169050017774798	6.46683442581148	1.0007720000456e-10	6.72946450934039e-10
gene_6062	onu_vs_self	1643.94916451471	-0.43687715934178	0.067583093194502	-6.46429659684947	1.01771086719532e-10	6.83799452369852e-10
gene_7044	onu_vs_self	4538.26436852239	-0.516201226709277	0.0800100981114176	-6.45170095892701	1.1060166055526e-10	7.42549187727864e-10
gene_3897	onu_vs_self	348.285933790958	0.852517123988975	0.13218270502482	6.4495360707658	1.12193056375e-10	7.52643074114419e-10
gene_6799	onu_vs_self	2855.27297652028	-0.581799272689797	0.09024589869065	-6.44682230584374	1.14219569117053e-10	7.65637832139369e-10
gene_4524	onu_vs_self	1135.39773635177	0.595777842541624	0.0924161494153138	6.44668541495087	1.14322735293711e-10	7.65729745003258e-10
gene_253	onu_vs_self	3125.58049445426	-0.447233225923455	0.0694490256530464	-6.43973362790925	1.19683359107907e-10	8.01008251730792e-10
gene_7984	onu_vs_self	884.994551257425	1.18390981202053	0.18405911775321	6.43222583304969	1.25748717714075e-10	8.40944549712879e-10
gene_7787	onu_vs_self	618.828121364755	0.879369243309769	0.136731482824453	6.43135893171565	1.26468122577811e-10	8.45095339005513e-10
gene_8132	onu_vs_self	1794.34823652883	-0.425760145894794	0.0662178598700875	-6.42968750017126	1.2786654566767e-10	8.53773503054021e-10
gene_8105	onu_vs_self	500.434769563425	-0.779193037629808	0.121199755059959	-6.42899845172402	1.28447435612336e-10	8.56983670180513e-10
gene_7600	onu_vs_self	1211.860424433	0.775455103750211	0.120689942807935	6.42518411815194	1.31710000593153e-10	8.78066670621018e-10
gene_2143	onu_vs_self	3871.83230963563	0.739310005043297	0.11507280189481	6.42471542249497	1.32116441568421e-10	8.79406485089954e-10
gene_6912	onu_vs_self	19519.9512924513	-0.306962988585658	0.0477780624572478	-6.42476845645072	1.32070390434899e-10	8.79406485089954e-10
gene_3815	onu_vs_self	1459.28978822484	-0.43834845522968	0.0682329565003083	-6.4242922733049	1.32484438555556e-10	8.81170780136409e-10
gene_5815	onu_vs_self	1973.75704950333	-0.452883294814685	0.0705121110433438	-6.42277316780797	1.33813819957005e-10	8.89321660583822e-10
gene_6659	onu_vs_self	1772.81140493913	0.632645834421788	0.0985655900819547	6.41852632237843	1.3759981821759e-10	9.13773812213008e-10
gene_5971	onu_vs_self	2991.93297813956	-0.454716263699776	0.0709505532392594	-6.40891780175951	1.46556177359761e-10	9.72496804805859e-10
gene_3147	onu_vs_self	2262.17124549912	0.927131332411341	0.144704121898524	6.40708308959924	1.48329992823426e-10	9.83504832353622e-10
gene_2097	onu_vs_self	434.004228441202	-0.938870329720309	0.146572798075277	-6.40548820824259	1.49888970341349e-10	9.92304397619451e-10
gene_1579	onu_vs_self	530.690635097152	0.904652208990893	0.14122912552445	6.40556404800706	1.49814476626514e-10	9.92304397619451e-10
gene_1754	onu_vs_self	72.3102673081125	-1.78891475144088	0.279314231523623	-6.40466739443451	1.50697535351619e-10	9.96886323500663e-10
gene_5677	onu_vs_self	1108.06791451302	0.718751102018934	0.112323212459473	6.39895428808414	1.5644466610867e-10	1.03410528331291e-09
gene_4751	onu_vs_self	5090.62105951512	0.591768321353577	0.0924880801923079	6.39831987130806	1.57095922254041e-10	1.03760886920879e-09
gene_569	onu_vs_self	3423.69845075518	0.388292893924966	0.0606914449014605	6.39781924051082	1.57611710743853e-10	1.04021298686768e-09
gene_5259	onu_vs_self	1621.37750338167	-0.823255244141835	0.128824483497865	-6.39051849298102	1.65324208195805e-10	1.09027366884136e-09
gene_2786	onu_vs_self	3526.22789186025	-0.478889325691863	0.0749446994557745	-6.38990254373439	1.65991511350764e-10	1.09383166833144e-09
gene_5171	onu_vs_self	2450.36253208889	-0.729611134268213	0.114232942041069	-6.38704668926326	1.69120015987713e-10	1.1135902591191e-09
gene_6365	onu_vs_self	807.290416183296	0.830687631753967	0.130070806911929	6.38642637403202	1.6980713062599e-10	1.11725521764679e-09
gene_7242	onu_vs_self	239.209791960472	1.00281303338325	0.157032393490901	6.38602654579904	1.7025145976326e-10	1.11931835297504e-09
gene_4799	onu_vs_self	1324.70315764092	0.908903021602413	0.142352160146333	6.38489096806183	1.71519631637271e-10	1.12679051942827e-09
gene_4791	onu_vs_self	900.57444868124	0.693928518035041	0.108780126113023	6.37918471719777	1.78033197716741e-10	1.16868418133075e-09
gene_2266	onu_vs_self	1383.38748545845	0.530903702031981	0.0832483253673426	6.37734993093626	1.80178458275923e-10	1.18186023206276e-09
gene_664	onu_vs_self	37312.9364248949	-0.874256834425542	0.137102601923528	-6.37666114398893	1.8099030167158e-10	1.1862764029929e-09
gene_5878	onu_vs_self	801.587068666381	0.693532278415418	0.108814004947134	6.37355714232155	1.84693416253663e-10	1.209621762151e-09
gene_5800	onu_vs_self	91.391170835774	-1.20654578446363	0.189430201413419	-6.3693422456455	1.89840566801091e-10	1.24238169099185e-09
gene_6012	onu_vs_self	2680.05133959847	-0.472773307851743	0.0742579272790934	-6.36663754530687	1.93217034187571e-10	1.26351246191414e-09
gene_345	onu_vs_self	4246.90131250929	-0.413603496275298	0.0650225258090055	-6.36092632713469	2.00540621218666e-10	1.31040283788685e-09
gene_2401	onu_vs_self	2098.38591893807	-0.48143063681448	0.0757294131045268	-6.35724769383828	2.05400649290956e-10	1.34113619979449e-09
gene_858	onu_vs_self	737.52158214616	0.655903541774685	0.103183694479217	6.35665882177532	2.06189247256993e-10	1.34525911320112e-09
gene_3154	onu_vs_self	554.875625258133	0.573860236241378	0.0902830308043565	6.35623584109548	2.06757513441295e-10	1.34793931078255e-09
gene_1303	onu_vs_self	732.004435417958	-0.609565650320405	0.0959874777743665	-6.35047054526512	2.1465731050249e-10	1.39837639109689e-09
gene_8194	onu_vs_self	469.396955050879	-0.971822869668115	0.153097620443896	-6.34773334066448	2.18510403478465e-10	1.42239471770012e-09
gene_4692	onu_vs_self	10614.4507093831	0.766194176374013	0.120729593435559	6.34636591220676	2.20460521710697e-10	1.43399853027627e-09
gene_3672	onu_vs_self	485.580468174493	0.716748076408613	0.112941096846876	6.34621140062388	2.20681940023763e-10	1.43434882809674e-09
gene_2630	onu_vs_self	9820.87387217208	-0.765495810060514	0.120629756284972	-6.34582903618019	2.21230810568747e-10	1.43682529474088e-09
gene_5326	onu_vs_self	442.163524324168	-0.987119782600026	0.155562600066646	-6.34548266856639	2.21729159880757e-10	1.4389701353899e-09
gene_3134	onu_vs_self	1233.36426327462	-0.573288835803874	0.0903597274466955	-6.34451709852783	2.23124206187853e-10	1.44692667043032e-09
gene_4450	onu_vs_self	11023.6081186886	-0.571505749999295	0.0900806515566221	-6.34437851107308	2.23325138301999e-10	1.44713337158601e-09
gene_2884	onu_vs_self	1197.66089644244	0.492813261614727	0.0776921906168652	6.34315054964802	2.2511324644573e-10	1.45761678485283e-09
gene_512	onu_vs_self	708.174162229568	0.541447878411571	0.0853611132046997	6.343027381955	2.25293368100017e-10	1.45768044666375e-09
gene_357	onu_vs_self	829.96042670879	-0.553784264704906	0.0874197919862418	-6.33476987444745	2.37695776488021e-10	1.53676423469597e-09
gene_5033	onu_vs_self	863.441544029239	0.580959181532774	0.0917358306339	6.33295820747805	2.40504725477221e-10	1.55375128308303e-09
gene_2379	onu_vs_self	631.959915050817	0.593707999551344	0.0937657842970129	6.33181926651103	2.42287198776314e-10	1.56408629074302e-09
gene_1523	onu_vs_self	199.119267119447	1.23973561727805	0.195864916602585	6.32954404894012	2.45886693462532e-10	1.58612667372967e-09
gene_222	onu_vs_self	6727.63091410922	0.548533445183838	0.0867176283240615	6.32551253747373	2.5239341112365e-10	1.62687319218256e-09
gene_6635	onu_vs_self	910.022494637434	-1.08191616159605	0.171301242278625	-6.31586874213257	2.68647996985915e-10	1.73034375786262e-09
gene_2825	onu_vs_self	646.64946602168	0.82273368315017	0.130279221379897	6.31515658779585	2.69888062942939e-10	1.73702392390342e-09
gene_4989	onu_vs_self	367.496748247566	0.719562624718621	0.114038602557659	6.30981622521027	2.79366997118063e-10	1.79668031204404e-09
gene_6802	onu_vs_self	1335.27464032495	0.80631187124557	0.12781478310241	6.3084398508076	2.81862229951325e-10	1.81136688317068e-09
gene_600	onu_vs_self	445.189982133746	0.863678113001811	0.136946868194221	6.30666567545687	2.85110765729802e-10	1.83086883319363e-09
gene_8196	onu_vs_self	4258.12103267544	-0.684132078725383	0.108563638235097	-6.30166867882488	2.94458088353965e-10	1.88947618913788e-09
gene_3878	onu_vs_self	1024.45495659533	0.80988832807927	0.128562577884732	6.29956509432635	2.98481933048629e-10	1.91386168306836e-09
gene_3695	onu_vs_self	331.102575838533	1.00721782547224	0.159975251776832	6.29608526497166	3.05256505454942e-10	1.95583509483106e-09
gene_8435	onu_vs_self	814.237509648516	-0.517730419527002	0.0822335530103352	-6.29585370659994	3.05712595690545e-10	1.95729231047948e-09
gene_2991	onu_vs_self	1084.96696731958	-0.538380835157549	0.0855289305363386	-6.29472193539012	3.07951386760724e-10	1.97015236970986e-09
gene_1746	onu_vs_self	1767.48503159392	0.500381017583975	0.0795148914487159	6.29292209883354	3.11544711062309e-10	1.99165252180236e-09
gene_8617	onu_vs_self	3320.25967588502	0.403691510364967	0.0641689212017185	6.29107522465495	3.15274497459545e-10	2.01399231212963e-09
gene_1476	onu_vs_self	36.6292408806104	2.04070401132353	0.324663027609433	6.28560642198681	3.26576354605816e-10	2.08308017542905e-09
gene_6036	onu_vs_self	1164.4257519917	0.508476974252815	0.0808946441684111	6.28566921184842	3.26444375089765e-10	2.08308017542905e-09
gene_7740	onu_vs_self	273.127333639441	0.863899349856325	0.137517541214131	6.28210293922527	3.34023545444271e-10	2.12899594117867e-09
gene_7704	onu_vs_self	2819.01656284617	-0.523378055176077	0.0833487611049483	-6.27937414111132	3.39938651156649e-10	2.16508545677152e-09
gene_3836	onu_vs_self	3331.55362431432	0.540333862012458	0.086062328036096	6.27840164613991	3.42071309038758e-10	2.17704862852920e-09
gene_4222	onu_vs_self	1630.5918503754	0.543432827096849	0.0865866954186032	6.27617007982144	3.47014580119187e-10	2.20686835499275e-09
gene_5477	onu_vs_self	1498.93950807004	-0.572028997152764	0.091169053260486	-6.27437684932821	3.51037346567002e-10	2.23079412517709e-09
gene_5489	onu_vs_self	5078.34973658359	-0.600326198533062	0.0957948595192354	-6.26678927810858	3.68568368057272e-10	2.34046382089781e-09
gene_7955	onu_vs_self	326.487435160748	0.84276512272362	0.134620267011382	6.26031385491432	3.84203432773921e-10	2.43794024058174e-09
gene_4367	onu_vs_self	24668.3094548321	0.564465255833874	0.0902147258758612	6.2569081749536	3.92684460421684e-10	2.48991035645157e-09
gene_3218	onu_vs_self	4611.95727639541	0.439166960267458	0.0702181703207105	6.25432075859613	3.99249698522216e-10	2.52966500321996e-09
gene_6664	onu_vs_self	810.952986352418	-0.924484239251553	0.14794734229185	-6.24873840199075	4.13781274014038e-10	2.6197985987871e-09
gene_3019	onu_vs_self	4701.06794312902	-0.496394379033402	0.079445268659183	-6.24825603099052	4.1506090836002e-10	2.62595814897396e-09
gene_2731	onu_vs_self	1270.28542291773	0.646371129515797	0.103479169319282	6.24638885070132	4.20050682243416e-10	2.65556413589633e-09
gene_5175	onu_vs_self	3147.2177681431	0.642772450234268	0.102938160928219	6.24425814914733	4.25816229965794e-10	2.69002725351085e-09
gene_8136	onu_vs_self	398.182198540373	-0.991224186999829	0.158754797779559	-6.24374318674895	4.27221235637435e-10	2.69691281493838e-09
gene_6850	onu_vs_self	406.164312053411	0.681639773938797	0.109257161829211	6.23885668020854	4.40780600660642e-10	2.78045832104281e-09
gene_1882	onu_vs_self	1236.44712159727	-0.815638142958952	0.130865955692517	-6.23262282877738	4.58689630254646e-10	2.89129840572885e-09
gene_4670	onu_vs_self	3157.77496503122	-0.327903908176872	0.0526376914203102	-6.22945078572255	4.68073163520862e-10	2.94827540819616e-09
gene_1420	onu_vs_self	1135.96467400682	-0.490723025871751	0.0788963761323452	-6.21984240503752	4.97654474174241e-10	3.13229580803787e-09
gene_3451	onu_vs_self	303.709243634671	0.899990932580358	0.144803580982737	6.21525328636489	5.12419258639307e-10	3.22167883611072e-09
gene_103	onu_vs_self	585.446047536866	0.846900722700625	0.136262928188216	6.21519538704485	5.12608244717617e-10	3.22167883611072e-09
gene_6939	onu_vs_self	2123.77976362628	-0.491657608283404	0.0791490781281028	-6.21179197422434	5.23837466566382e-10	3.28983764769496e-09
gene_260	onu_vs_self	4098.09742733164	0.68883852976008	0.110899601401304	6.21137065468282	5.25244157122177e-10	3.29625365466703e-09
gene_5556	onu_vs_self	1599.21769343968	0.507731818160342	0.0817648057505654	6.20966213396565	5.30986400866865e-10	3.32984878492334e-09
gene_6178	onu_vs_self	1328.92392271394	-0.763968568381478	0.12304829419512	-6.20868881912364	5.34285001232503e-10	3.34808170611291e-09
gene_6976	onu_vs_self	2157.18151306949	-0.639400413458907	0.102999289506864	-6.20781382590312	5.37267448814203e-10	3.36430823836838e-09
gene_6350	onu_vs_self	1578.4463722668	0.566212912027594	0.0912253101558569	6.20675239207441	5.40907199226425e-10	3.3846239951595e-09
gene_7505	onu_vs_self	754.131807937474	-0.598642476815288	0.0964644016822722	-6.20583828205409	5.44061038547284e-10	3.40187179690632e-09
gene_5073	onu_vs_self	441.57798601146	-1.0456182664725	0.16857711924833	-6.20261083553224	5.55340470011515e-10	3.4698645425537e-09
gene_8547	onu_vs_self	104.767718795563	1.18843402109391	0.191691436289282	6.19972411965472	5.65622193780631e-10	3.53152879559606e-09
gene_2918	onu_vs_self	684.861657142628	0.645558839039297	0.104161971295739	6.19764421706666	5.73145153049223e-10	3.57589104234792e-09
gene_1279	onu_vs_self	3348.60833922953	0.892697733407189	0.144333557573131	6.18496313966954	6.21169826335187e-10	3.87269753345171e-09
gene_3111	onu_vs_self	2667.94748868553	0.419827711628265	0.0678927830333721	6.1836868790885	6.26215208905396e-10	3.90131163626652e-09
gene_7826	onu_vs_self	846.604299749734	0.706571018421759	0.114294960940584	6.18199623681632	6.32960350972199e-10	3.94046589405238e-09
gene_5484	onu_vs_self	716.758989919681	0.586779243587415	0.0949853077624214	6.17757901100952	6.50920027183331e-10	4.04932807608235e-09
gene_3858	onu_vs_self	2135.08184935701	-0.700210238927292	0.11336683001884	-6.17650011745877	6.55381609235099e-10	4.07412242196982e-09
gene_1997	onu_vs_self	493.73917687426	0.702792783851982	0.113836431510681	6.17370708590807	6.67070768938125e-10	4.14377778092188e-09
gene_731	onu_vs_self	3446.11599618397	-0.46034254180324	0.0745738872936865	-6.17297231657405	6.70179501557849e-10	4.16007000241856e-09
gene_13	onu_vs_self	246.540786874651	1.27717250459509	0.206962598875274	6.17103047379481	6.78463428377765e-10	4.20843981660411e-09
gene_2951	onu_vs_self	1805.92018852643	-0.557600560607305	0.0903608696004006	-6.17081888513424	6.79372081087096e-10	4.2110246300547e-09
gene_3141	onu_vs_self	1155.76614065355	0.583632309116486	0.0946114722927659	6.16872663507966	6.8842125395158e-10	4.26402744849894e-09
gene_8489	onu_vs_self	4349.96181085528	-0.394205506398457	0.0639437306795769	-6.16488125120237	7.05360535865914e-10	4.36578900000884e-09
gene_533	onu_vs_self	1160.4916003602	0.573419911004833	0.093036041768937	6.16341688771509	7.11917525386153e-10	4.40318931886233e-09
gene_5834	onu_vs_self	9346.33282345706	0.36453092037202	0.0591640396301715	6.16135954628295	7.21230246424665e-10	4.45756744360659e-09
gene_2533	onu_vs_self	3235.81259000201	0.552745179681707	0.0897815088777166	6.15655925803778	7.43423657628263e-10	4.59141883787729e-09
gene_1114	onu_vs_self	4076.75304730643	0.47960180817035	0.0779680995728233	6.15125687041269	7.68712989955e-10	4.74418398991694e-09
gene_1154	onu_vs_self	511.711227612901	-0.63057249986405	0.102556661611715	-6.14852794498549	7.82053503172055e-10	4.82303889564322e-09
gene_626	onu_vs_self	407.812963527081	-1.02322890052219	0.166487801118399	-6.14596921605395	7.94766979878015e-10	4.89791601710281e-09
gene_6069	onu_vs_self	1818.79412469553	-0.598107255178818	0.0973362774755503	-6.14475168653389	8.00887046847047e-10	4.9320813820221e-09
gene_3462	onu_vs_self	645.233808146978	0.627967325589546	0.102224638715485	6.14301340146892	8.09704488676657e-10	4.98279685339481e-09
gene_3001	onu_vs_self	3897.48444500119	-0.392789416130897	0.0639667724367771	-6.14052266775096	8.22503961876365e-10	5.05792666211328e-09
gene_495	onu_vs_self	439.392186501148	0.679707184438738	0.110704553385161	6.13983041938588	8.26096219054513e-10	5.07637016159844e-09
gene_507	onu_vs_self	3545.90779208031	0.484332928565036	0.0789715991670464	6.13300140396727	8.62363866810114e-10	5.29543378758578e-09
gene_5568	onu_vs_self	682.893262627233	-0.64103480707791	0.104654612967655	-6.12524177291671	9.0546008660801e-10	5.5560848325194e-09
gene_2627	onu_vs_self	5601.62334137931	-0.383487892346479	0.0626382002537537	-6.12226869215479	9.22522833831509e-10	5.65673027048547e-09
gene_4107	onu_vs_self	2876.71758066123	-0.439128857683467	0.0717398787846554	-6.12112628460968	9.29162251873358e-10	5.69336354762774e-09
gene_4862	onu_vs_self	1382.10653252565	-1.18115400276898	0.193146903840614	-6.1153141949595	9.63669054512069e-10	5.90057732948735e-09
gene_1505	onu_vs_self	16421.8367368399	0.320052627627029	0.0523406812596299	6.11479674938591	9.66801055975144e-10	5.91552325886149e-09
gene_4085	onu_vs_self	1111.50241163347	0.544980157994969	0.0891306863170825	6.11439427332806	9.69244029435403e-10	5.9262349228336e-09
gene_5125	onu_vs_self	321.793139410002	0.705117265667168	0.115330049177715	6.1139076129295	9.72206030967079e-10	5.94010251611577e-09
gene_3301	onu_vs_self	1338.73206521651	-0.661229614858312	0.10818985382475	-6.1117525487131	9.85429011232281e-10	6.01659938384332e-09
gene_4676	onu_vs_self	1164.25758282121	0.963643804416583	0.157787366675748	6.1072304121588	1.0137484070008e-09	6.18479995509865e-09
gene_3831	onu_vs_self	5533.22985392928	0.53786138471623	0.0880711386103563	6.10712423164906	1.01442279637366e-09	6.18479995509865e-09
gene_3071	onu_vs_self	222.318836571164	-0.934857814970582	0.153158742356165	-6.10384886026684	1.03544205259528e-09	6.30845834179045e-09
gene_8569	onu_vs_self	2705.92154606164	-0.441753077587149	0.0723771086676491	-6.10349163871204	1.03775999600639e-09	6.3180836172224e-09
gene_5296	onu_vs_self	3352.99550187858	0.446731613038251	0.0732440644982417	6.09921931693148	1.0658774388107e-09	6.48465591771116e-09
gene_847	onu_vs_self	267.830297572874	-0.768419715999432	0.126033312857638	-6.096957213744	1.08106439552085e-09	6.57238013185972e-09
gene_8409	onu_vs_self	213.291280917874	0.910550564793534	0.149349795858317	6.09676470972441	1.08236649702679e-09	6.57562612814005e-09
gene_2206	onu_vs_self	1381.57210405128	0.600803307608222	0.0985952726986181	6.09363198826715	1.10377246825017e-09	6.7009165448379e-09
gene_4484	onu_vs_self	974.589451174608	-0.437664679638773	0.0719021553796258	-6.08694798268577	1.15083339423944e-09	6.98166821735623e-09
gene_2234	onu_vs_self	63433.1030207481	0.694555455046489	0.11421456403369	6.08114613860992	1.19326470244209e-09	7.23395598647612e-09
gene_4014	onu_vs_self	1124.13932035877	0.458982968301754	0.0754822692447182	6.08067262543078	1.19679425048987e-09	7.25021853092234e-09
gene_6087	onu_vs_self	15981.5241507261	0.346115172064128	0.0569391543291904	6.07868480207983	1.21172277860024e-09	7.33546462858419e-09
gene_534	onu_vs_self	296.210095700819	-1.01036281834656	0.166219916692857	-6.07847024862563	1.21334488543485e-09	7.34009344121716e-09
gene_1255	onu_vs_self	5353.7964333912	0.387762636346735	0.0638427402427533	6.07371542750703	1.24984134681398e-09	7.55553808525967e-09
gene_2136	onu_vs_self	3450.07851807939	-0.42373904221651	0.0697802751543603	-6.07247594365544	1.25952971705906e-09	7.60873280030035e-09
gene_2841	onu_vs_self	934.512729364997	1.12606604342476	0.185459971096729	6.0717471094474	1.26526075746602e-09	7.63796338780617e-09
gene_6515	onu_vs_self	1017.88618916714	-0.538398832008008	0.0886845890903333	-6.07094014338388	1.27163582750877e-09	7.67103783190633e-09
gene_4232	onu_vs_self	5106.79518299203	0.568672672425877	0.0936872587951369	6.0699040588793	1.27986686898895e-09	7.71525380179255e-09
gene_2921	onu_vs_self	1060.75481404545	-0.94740647301311	0.156104255225947	-6.06906244574708	1.28659116497357e-09	7.7503310149006e-09
gene_3529	onu_vs_self	538.858983177747	-1.15362903630055	0.190156813110692	-6.06672470698702	1.30545035885254e-09	7.85288480096822e-09
gene_2318	onu_vs_self	7986.01594693916	0.440970702560191	0.0726855618317534	6.06682663581682	1.30462248085395e-09	7.85288480096822e-09
gene_7344	onu_vs_self	15080.0276699823	0.427981693383941	0.070615257845302	6.06075381501158	1.35485068522475e-09	8.14432715275551e-09
gene_6760	onu_vs_self	3749.37688554301	1.05588521917054	0.174372234790024	6.05535176194773	1.40111149570108e-09	8.41650133557982e-09
gene_4337	onu_vs_self	1858.37847788971	0.559145282627552	0.092385757687698	6.05228875772924	1.4280219475526e-09	8.57213735697771e-09
gene_8403	onu_vs_self	722.864466373658	-0.670827862253558	0.110904067694108	-6.04872189272454	1.45999434898008e-09	8.75791985092463e-09
gene_1051	onu_vs_self	708.119837598382	0.604176018664839	0.0999306815212104	6.04595114801255	1.48531100450353e-09	8.90354495696793e-09
gene_2212	onu_vs_self	203.614034501782	1.01569668720581	0.168280533264777	6.03573489755756	1.58240856464056e-09	9.47894843479582e-09
gene_6686	onu_vs_self	163.859338042985	1.00834438698896	0.167175727079245	6.03164349637302	1.62300515230048e-09	9.71533154104344e-09
gene_3311	onu_vs_self	1341.70431544465	-0.492122128807604	0.081595587979671	-6.03123454334581	1.62711831163709e-09	9.73314657415336e-09
gene_4517	onu_vs_self	30353.541711024	0.547373808697493	0.0908775619821361	6.02320085132885	1.71001019083486e-09	1.02218486267782e-08
gene_2326	onu_vs_self	2246.16090895785	0.99007674042871	0.164506294045667	6.01847331235767	1.76069734416422e-09	1.0510159878693e-08
gene_2419	onu_vs_self	10359.0184742219	-0.385080359814989	0.0639829213219581	-6.01848668142689	1.76055196176313e-09	1.0510159878693e-08
gene_6960	onu_vs_self	642.770740699188	0.682255024777249	0.113414927803849	6.01556636316175	1.79258845011757e-09	1.06930711728268e-08
gene_5693	onu_vs_self	783.977733097073	0.942636320572937	0.156750579052036	6.01360662444515	1.81440493614883e-09	1.08147880322389e-08
gene_5280	onu_vs_self	2573.23180381963	-0.383913741190675	0.0638419038486585	-6.01350708620419	1.81551990681394e-09	1.08147880322389e-08
gene_98	onu_vs_self	304.879945715634	-1.46951358892251	0.244510014396804	-6.01003436422732	1.85484006168581e-09	1.10413288790198e-08
gene_2865	onu_vs_self	3940.14595289384	0.73532734599461	0.122370633878987	6.0090180355017	1.86650363120517e-09	1.10953271410529e-08
gene_1641	onu_vs_self	3532.38124375587	0.601434810035402	0.100087817030055	6.00907111256906	1.86589274475427e-09	1.10953271410529e-08
gene_8268	onu_vs_self	1312.54664260136	0.844744539685306	0.140640979272246	6.00638977385171	1.89699836906842e-09	1.12687758773252e-08
gene_597	onu_vs_self	18039.6920301987	-0.843892998647015	0.140630047029093	-6.00080151059349	1.96345890426352e-09	1.16554842028403e-08
gene_8623	onu_vs_self	1142.55869546264	0.837645659102059	0.139602366219853	6.00022536711799	1.97043853242692e-09	1.16888106982498e-08
gene_4019	onu_vs_self	13760.3101937927	0.3572475546234	0.0595490960008804	5.99921037622667	1.9827933781837e-09	1.17539552058535e-08
gene_1945	onu_vs_self	1201.16169815938	-0.489449048526181	0.0816263485342897	-5.99621393477588	2.01970909606804e-09	1.19645050950466e-08
gene_8211	onu_vs_self	1433.09795898202	0.868032971182381	0.144916266359549	5.98989328795374	2.09978767265335e-09	1.24302783388055e-08
gene_3379	onu_vs_self	3083.58254758748	-0.407386623084174	0.0680146208149611	-5.98969189569549	2.10238937546343e-09	1.24370788209862e-08
gene_965	onu_vs_self	4165.59058761649	0.916172753298002	0.153085231256896	5.98472331900226	2.16758004024576e-09	1.2813870956149e-08
gene_3729	onu_vs_self	625.096550687805	0.960369315096327	0.16048509254547	5.98416525712024	2.17502399897456e-09	1.2840141676705e-08
gene_2356	onu_vs_self	2448.74907703417	-0.542645711382015	0.0906800090435045	-5.98418236947546	2.17479536848881e-09	1.2840141676705e-08
gene_1185	onu_vs_self	475.617311164657	0.658376588693558	0.110024079573823	5.983931801509	2.17814543400284e-09	1.28497070400167e-08
gene_2321	onu_vs_self	1340.35003035346	0.671410727217792	0.112264952810998	5.98059065101232	2.22329953848028e-09	1.31070551304347e-08
gene_2242	onu_vs_self	3382.33859146228	0.451401162846024	0.0755403211847126	5.9756320302405	2.29199822666352e-09	1.35027562424224e-08
gene_4294	onu_vs_self	1513.12721096464	-0.687756679795206	0.115192939544204	-5.97047599025186	2.3656239621936e-09	1.3926919612364e-08
gene_3330	onu_vs_self	5704.30792531051	0.555455168465952	0.0930586092763376	5.96887459188787	2.38895638359962e-09	1.40546162499057e-08
gene_4850	onu_vs_self	17975.8021909213	0.362048265965797	0.0606653500507383	5.96795807924941	2.40241069354622e-09	1.41240628686509e-08
gene_5996	onu_vs_self	1501.97555690985	-0.442377869338779	0.0741411057690171	-5.96670180125159	2.42097270007072e-09	1.422342231476e-08
gene_4038	onu_vs_self	1358.05728036163	-0.446356177529567	0.0748818711605926	-5.96080427226914	2.5099946423894e-09	1.47363197111477e-08
gene_4987	onu_vs_self	367.170066520516	0.886602964510952	0.148797670869909	5.95844652223147	2.54646948691617e-09	1.49402185113108e-08
gene_3278	onu_vs_self	4913.37446072075	-0.474436401817589	0.0796372927785422	-5.95746521842368	2.56180212273374e-09	1.50198809387677e-08
gene_7795	onu_vs_self	1583.97913263473	0.41934875482614	0.0703929561184948	5.95725450313859	2.56510620540273e-09	1.50289590131741e-08
gene_3323	onu_vs_self	477.899483726119	-1.11922985268546	0.187890938434688	-5.95680591097006	2.57215410198345e-09	1.50599446737198e-08
gene_4417	onu_vs_self	2419.53786108592	-0.542330902000936	0.091051254791127	-5.95632540424678	2.57972433267101e-09	1.50939441474121e-08
gene_49	onu_vs_self	2395.52654156394	0.596379330205371	0.100152858838963	5.95469103048066	2.60563614580644e-09	1.52351403060813e-08
gene_6168	onu_vs_self	7509.55697459786	-0.527535894497502	0.0886417236185614	-5.95132712860557	2.65976859161025e-09	1.55410369584872e-08
gene_6157	onu_vs_self	1693.31758213449	-0.950951743110805	0.159840984254759	-5.94936115755613	2.69191075311063e-09	1.57181146293499e-08
gene_8619	onu_vs_self	2631.60471707657	-0.490460096491573	0.0824494158331913	-5.9486182107567	2.70415560145148e-09	1.57788493172629e-08
gene_7988	onu_vs_self	670.944080290977	0.980094337788095	0.164909421588043	5.94322827859073	2.79462822044907e-09	1.62956522936267e-08
gene_4932	onu_vs_self	2323.94146432269	-0.394446932337706	0.0663825039139469	-5.94203154567709	2.81511227317462e-09	1.64039217551904e-08
gene_7070	onu_vs_self	603.628010250162	0.539849260331967	0.0908559567291406	5.94181471162494	2.81883935793862e-09	1.64144659210576e-08
gene_7648	onu_vs_self	4122.09446197905	-0.712768212238557	0.119962564281893	-5.94158866564126	2.82272989903079e-09	1.64259469311377e-08
gene_2009	onu_vs_self	1330.12035998786	-1.00489015202622	0.169152493272406	-5.94073508811915	2.83746827039072e-09	1.64892928679868e-08
gene_2113	onu_vs_self	1189.41643187014	0.679453198509296	0.114370466200959	5.94080990555233	2.83617343806903e-09	1.64892928679868e-08
gene_3103	onu_vs_self	1963.04758902738	0.630348681044575	0.106111775552862	5.94042157677921	2.8429003357109e-09	1.65096518817403e-08
gene_7772	onu_vs_self	2236.7088498366	0.367514435519369	0.0619135263036632	5.93593124896238	2.92182228834667e-09	1.69564737547441e-08
gene_4374	onu_vs_self	3474.84088621899	0.463772799466451	0.0781583680611557	5.93375745900385	2.96079121741918e-09	1.71709842961438e-08
gene_4111	onu_vs_self	926.36584398727	-0.547343365009589	0.0923390889853434	-5.92753698378448	3.07512106290891e-09	1.7821960933311e-08
gene_2261	onu_vs_self	1279.83094477326	0.48029407698362	0.0810969664747491	5.92246662066167	3.17148193965609e-09	1.83679874177646e-08
gene_525	onu_vs_self	8034.36105475494	-0.653226549263723	0.11039108236707	-5.91738512982079	3.2710015407283e-09	1.89315572607398e-08
gene_85	onu_vs_self	856.750903597365	0.711521689800197	0.120328890391877	5.91314095462005	3.35644706825037e-09	1.94129641244751e-08
gene_7409	onu_vs_self	50.3392666598621	1.90497205729853	0.322199648133266	5.91239645460632	3.3716580246367e-09	1.94877735927685e-08
gene_1052	onu_vs_self	375.004353817646	0.991214025704462	0.167746117633442	5.9090132140671	3.44163098170602e-09	1.98787862371144e-08
gene_4610	onu_vs_self	567.50907892034	0.578153221499452	0.0978601912702925	5.90795106768775	3.46388866400211e-09	1.999385499923e-08
gene_4652	onu_vs_self	2099.56883358483	0.571996614279451	0.096857067459039	5.90557436112083	3.51420225868108e-09	2.0270600629589e-08
gene_6819	onu_vs_self	35413.1993722676	0.731866489140762	0.124001813981247	5.90206276539989	3.58984531285101e-09	2.06929803892287e-08
gene_6282	onu_vs_self	3018.78514707919	0.422043966653484	0.0715593224828759	5.8978194875235	3.68336605524831e-09	2.12177748539203e-08
gene_3951	onu_vs_self	428.701721305263	0.647108642016139	0.110074809473176	5.87880774096483	4.13231984074527e-09	2.37879339857294e-08
gene_6504	onu_vs_self	603.120247162181	0.606263741901366	0.103134139089423	5.87840018110496	4.14250482994749e-09	2.383053853787e-08
gene_2166	onu_vs_self	8672.36483168531	0.355655277028134	0.0605377825021128	5.87493070159485	4.23020269319811e-09	2.43186937903128e-08
gene_3296	onu_vs_self	1795.4805509085	0.504205292015348	0.0858472604536391	5.87328342629686	4.27247084802495e-09	2.45452016503984e-08
gene_7022	onu_vs_self	3001.50692709173	0.586169441838501	0.0998244172534223	5.87200464542061	4.30556676642991e-09	2.47187468280617e-08
gene_5663	onu_vs_self	1497.57093998824	-0.5709661219141	0.0972452649455081	-5.87140281055375	4.32122897128594e-09	2.47920375296298e-08
gene_7902	onu_vs_self	51320.8538435522	-0.378457509055734	0.0644590143681373	-5.8712891092981	4.32419416385272e-09	2.47924327143867e-08
gene_5046	onu_vs_self	632.718448198467	0.697218779011977	0.118768615550403	5.87039577569288	4.34756023256614e-09	2.49097159242076e-08
gene_2341	onu_vs_self	2068.20050950745	-0.390566547296128	0.0665740874880874	-5.86664514727318	4.44700986261896e-09	2.54624778755975e-08
gene_5557	onu_vs_self	19581.4084539021	0.331106813757619	0.0564852497046394	5.86182791948292	4.57799322676791e-09	2.61949345061051e-08
gene_8153	onu_vs_self	1463.31852212171	0.68029434971585	0.116062921820799	5.86142705218315	4.58906071128412e-09	2.62407212348645e-08
gene_595	onu_vs_self	1093.08060926134	-0.590493598264194	0.100778812407932	-5.85930300382981	4.6481391180542e-09	2.65607949603097e-08
gene_4059	onu_vs_self	161.963328329293	-0.924568766896478	0.157845126736047	-5.85744258321367	4.70049247161044e-09	2.68420383969216e-08
gene_6030	onu_vs_self	718.471467654755	-0.774248592760108	0.132275208248203	-5.85331599937681	4.81867315697755e-09	2.74985614824852e-08
gene_2423	onu_vs_self	1613.42938510204	0.442171804121669	0.0755932872791209	5.84935276711797	4.93489480473572e-09	2.81430376605848e-08
gene_7689	onu_vs_self	1220.00793366251	-0.462210528798261	0.0790450791262928	-5.84742951626087	4.99227257998544e-09	2.84513004558425e-08
gene_2996	onu_vs_self	3888.96418766991	-0.456966418042682	0.0781563672634383	-5.84682264597081	5.01051214412379e-09	2.85362501355287e-08
gene_1497	onu_vs_self	55.2747781008982	2.7324394534475	0.467467713824396	5.8451939516703	5.0597838642091e-09	2.87977060356582e-08
gene_7843	onu_vs_self	1776.50942653961	-0.502867966960305	0.0860491785805537	-5.84396010810902	5.09742398042427e-09	2.89926573238749e-08
gene_7428	onu_vs_self	583.887674460287	0.848521934212313	0.145371997199943	5.8369008513054	5.31807203449927e-09	3.02275541934354e-08
gene_3757	onu_vs_self	1382.39758088767	0.542538446990538	0.0930103475716757	5.83309772681417	5.44076794379378e-09	3.09044284000496e-08
gene_1561	onu_vs_self	832.212025164432	0.536043851903086	0.0919332313059528	5.83079528793171	5.51638264225744e-09	3.1313153460029e-08
gene_3868	onu_vs_self	163.505463049655	-0.934395655226199	0.160285494974225	-5.82957088772417	5.55700872221539e-09	3.15228592857281e-08
gene_1747	onu_vs_self	9636.69885213152	0.669581046475461	0.114878779019237	5.82858777044749	5.58983948740624e-09	3.16880966968195e-08
gene_6063	onu_vs_self	695.268999149235	-0.617843432072068	0.106071519558714	-5.8247815685347	5.71873461042535e-09	3.23973317440377e-08
gene_1455	onu_vs_self	501.276083135664	1.01680818718257	0.174698674470767	5.82035433447276	5.8723001745624e-09	3.32452972845596e-08
gene_3790	onu_vs_self	1730.85047264281	-0.544711071368354	0.0937388193831301	-5.81094444065917	6.21213794016497e-09	3.51460018293537e-08
gene_598	onu_vs_self	1392.95208851981	-0.551743303547042	0.0949924249532449	-5.80828738521634	6.31151130555931e-09	3.56846345941794e-08
gene_8319	onu_vs_self	808.594723145702	0.69813177428963	0.120311297752029	5.80271169319887	6.52509330583488e-09	3.68678539260374e-08
gene_5712	onu_vs_self	292.141091307006	-1.44264139075499	0.248704772893405	-5.80061803386983	6.60709470130059e-09	3.73065505561564e-08
gene_2348	onu_vs_self	189.323378779465	1.30679504034637	0.225381239899256	5.79815356828502	6.70490402339043e-09	3.78338684510363e-08
gene_2474	onu_vs_self	1457.46643196846	-0.591306632564267	0.101985838335327	-5.79792883223711	6.71389305376962e-09	3.7859634084498e-08
gene_2506	onu_vs_self	2004.04846250897	-0.48837346726817	0.0842558354408388	-5.79631623985364	6.77873847018421e-09	3.82001325245404e-08
gene_7527	onu_vs_self	23160.4353564737	0.495946924644353	0.0855900589044714	5.79444541798818	6.85473119388296e-09	3.86029598813409e-08
gene_4696	onu_vs_self	296.985257985278	-1.28555959907049	0.222058720114117	-5.7892777118135	7.06897387891834e-09	3.97833112449316e-08
gene_4912	onu_vs_self	721.536290723978	-2.37176400687442	0.409777437833283	-5.78793215023071	7.1258181175953e-09	4.00768745641365e-08
gene_1047	onu_vs_self	766.294617145681	0.851379032983929	0.147119125018473	5.78700446238396	7.16526760195363e-09	4.02722854055963e-08
gene_6431	onu_vs_self	19356.0318174401	0.469687376430734	0.0811678066752111	5.78662151498271	7.18161411764433e-09	4.03376750964799e-08
gene_5623	onu_vs_self	2918.94735979753	-0.357224222009751	0.0617945953193731	-5.78083277612724	7.4331748397123e-09	4.17232633625818e-08
gene_7102	onu_vs_self	2352.74602560655	-0.800645473385577	0.138628607355958	-5.77547079680137	7.67382095004525e-09	4.30458108338056e-08
gene_2968	onu_vs_self	353.843078455778	1.15445909887459	0.199915171811802	5.77474480006641	7.70698048784083e-09	4.31994038216947e-08
gene_7018	onu_vs_self	12166.9010000641	-0.581308787761968	0.100665621681826	-5.77465055149923	7.71129544854551e-09	4.31994038216947e-08
gene_8596	onu_vs_self	413.454787372192	0.91527402999393	0.158578806936204	5.77172982744249	7.8461848297308e-09	4.39263192560468e-08
gene_5467	onu_vs_self	464.444389627978	0.739353497420717	0.128104909412314	5.77146887510033	7.8583475742877e-09	4.39656570169299e-08
gene_3331	onu_vs_self	694.902787001724	-0.6682455578679	0.115833356547142	-5.76902524270663	7.97313622039788e-09	4.45787368037922e-08
gene_2325	onu_vs_self	970.866868215371	-0.497637942585834	0.0863431708302073	-5.76348931595798	8.23924712206195e-09	4.6036524389589e-08
gene_42	onu_vs_self	953.695067042241	-0.561279267561832	0.0974070543330351	-5.76220348110329	8.30228183644042e-09	4.63584687018461e-08
gene_1177	onu_vs_self	5536.81641188346	-0.590010087557176	0.102448659086532	-5.75908062455782	8.45733022840041e-09	4.71934463853373e-08
gene_748	onu_vs_self	2584.75588525596	-0.5139592482804	0.0892520762420943	-5.75851307801844	8.48580936595241e-09	4.732151672479e-08
gene_27	onu_vs_self	2790.90916211095	-0.518120979977936	0.0900037043610898	-5.75666283577912	8.57930232229091e-09	4.78117369002671e-08
gene_7649	onu_vs_self	8959.54686340314	0.641590683798322	0.111475226461071	5.75545530757342	8.64085811014534e-09	4.81234518040625e-08
gene_7214	onu_vs_self	109.790587628241	1.42434979911185	0.247528940017939	5.75427583945788	8.70139791309611e-09	4.84291067204829e-08
gene_56	onu_vs_self	498.800705510545	0.597637566982049	0.103881474829146	5.75307164212852	8.76363237489985e-09	4.87437902073702e-08
gene_2734	onu_vs_self	1568.87676338997	-0.412144664105837	0.0716409912859822	-5.75291682467939	8.77166486506706e-09	4.87567865227104e-08
gene_1685	onu_vs_self	8179.15639488021	0.62571611293545	0.108802832964702	5.75091747048943	8.87604387650031e-09	4.9304954953175e-08
gene_4491	onu_vs_self	8562.97982097531	0.252531344676058	0.0439566996917796	5.74500238750373	9.19196894043057e-09	5.1026753651158e-08
gene_8310	onu_vs_self	612.029175227286	-0.486560157908204	0.0846979455480896	-5.74465123988097	9.21106359676404e-09	5.10996139911213e-08
gene_3501	onu_vs_self	67.4685826099301	-1.35368522795676	0.235652428383559	-5.74441450589867	9.2239584388019e-09	5.11380079249639e-08
gene_5954	onu_vs_self	6856.29235909711	0.672833579094751	0.117158299451419	5.74294422371459	9.30443817167465e-09	5.15508030741327e-08
gene_1680	onu_vs_self	2606.38734156325	-0.539258801178534	0.0939198369680945	-5.74169226211206	9.37350529091109e-09	5.18998740557561e-08
gene_2867	onu_vs_self	636.493480807272	0.562782504712775	0.0981076063619482	5.73637993609286	9.67215583711023e-09	5.35188454852383e-08
gene_1525	onu_vs_self	31456.5993784646	0.639907216455442	0.111625799739819	5.73261036379546	9.88966426435248e-09	5.46870323661869e-08
gene_1436	onu_vs_self	618.506280393897	0.953993169090698	0.166445165279424	5.73157632718955	9.95015553214031e-09	5.49860112040808e-08
gene_7384	onu_vs_self	185.564272311024	0.881696704089009	0.153840929870452	5.73122318508784	9.97089665453745e-09	5.5065080879252e-08
gene_7136	onu_vs_self	486.867436999445	0.569852238719893	0.0994455622245937	5.73029329788397	1.00257130114913e-08	5.53321104954002e-08
gene_6291	onu_vs_self	14212.025303664	-0.770121789155409	0.134575859607094	-5.72258495248586	1.04915353089973e-08	5.78656844362223e-08
gene_4028	onu_vs_self	3167.87928723063	-0.432666110831122	0.0756192473877559	-5.72164000274326	1.05500668942118e-08	5.81510448257907e-08
gene_2129	onu_vs_self	1013.66638370962	-0.486991009359521	0.0852665290451965	-5.71139713100536	1.12052421224968e-08	6.17225692204459e-08
gene_344	onu_vs_self	1449.89114462367	0.524385820005914	0.0918618811485843	5.70841586792385	1.14032520434157e-08	6.27728858467129e-08
gene_8117	onu_vs_self	352.440736432221	-0.910885805714827	0.159596598315661	-5.70742619409226	1.14697329423161e-08	6.30982737700677e-08
gene_3175	onu_vs_self	2134.15913702504	0.430477073077104	0.0754383915076057	5.70633949735929	1.15431651550479e-08	6.34614603257609e-08
gene_7933	onu_vs_self	3976.3388083046	-0.934626233358435	0.163866731689148	-5.70357523900215	1.17320216829991e-08	6.44583476293149e-08
gene_481	onu_vs_self	2808.49492540797	-0.746564549770207	0.13105049930763	-5.69676997580689	1.22098481787055e-08	6.70406032134181e-08
gene_2793	onu_vs_self	216.361418573366	-0.88218299522952	0.155038387199443	-5.69009399004307	1.26969464168348e-08	6.96704239282732e-08
gene_6207	onu_vs_self	890.911790015243	-0.55702762054812	0.0979107849562844	-5.68913445844423	1.27684902738134e-08	7.00181145059852e-08
gene_1343	onu_vs_self	3161.89679787762	0.360379001742991	0.0633724475174327	5.68668271244939	1.29530790870666e-08	7.09848636269465e-08
gene_4869	onu_vs_self	60.6376104012333	-1.31850893187508	0.231880950244523	-5.68614597484046	1.29938339386063e-08	7.11626478019641e-08
gene_3216	onu_vs_self	206.878271092048	0.834691511400286	0.146814706784118	5.6853399069049	1.30552733608277e-08	7.14371603517951e-08
gene_2170	onu_vs_self	401.958082992633	0.637191709358265	0.112077660211016	5.68526955468718	1.30606490596448e-08	7.14371603517951e-08
gene_5698	onu_vs_self	1331.99047380918	-0.386970514095798	0.0680932278615487	-5.68295153936027	1.32389791896539e-08	7.23663230290148e-08
gene_2268	onu_vs_self	18276.290398459	0.488574911281367	0.0860214790144322	5.67968508422643	1.34942959187503e-08	7.37148519875574e-08
gene_4058	onu_vs_self	456.200279246667	-0.741479013933381	0.130846084244824	-5.66680323842181	1.45486245344037e-08	7.94236135296527e-08
gene_5918	onu_vs_self	74.1459845836482	1.61053340676012	0.284232250512901	5.66625850463449	1.45949286451733e-08	7.96256145332592e-08
gene_2293	onu_vs_self	435.134190898413	-0.832224312759425	0.146917275047441	-5.66457765086298	1.47387107523238e-08	8.0358830598657e-08
gene_8412	onu_vs_self	1391.44616443699	0.392812222940121	0.0693472997590219	5.66441987366663	1.47522776117486e-08	8.03816017546583e-08
gene_12	onu_vs_self	63.3328414562614	1.47498463448011	0.260435907032727	5.66352255833432	1.48296664546404e-08	8.07518733153446e-08
gene_6339	onu_vs_self	2174.90196685956	0.396373129885209	0.0699923445809776	5.66309261760228	1.4866886236613e-08	8.09030808553129e-08
gene_272	onu_vs_self	1777.75341932834	0.455293920339027	0.0804347641000791	5.6604122040134	1.51009830371175e-08	8.21247870379452e-08
gene_5449	onu_vs_self	2672.10703660979	-0.34418898360998	0.060824038644647	-5.65876569987138	1.52465532853006e-08	8.28638070616973e-08
gene_1457	onu_vs_self	585.951423567542	0.778308160854272	0.137624422860726	5.65530553862455	1.55569276330768e-08	8.44434372473923e-08
gene_2394	onu_vs_self	3768.22063391818	0.503885198954969	0.089098574282435	5.65536769822708	1.55512982019819e-08	8.44434372473923e-08
gene_1978	onu_vs_self	350.298753277826	0.802143585812399	0.141915987509564	5.65224256892367	1.58367880587218e-08	8.58536452075103e-08
gene_738	onu_vs_self	732.078152213789	0.581380642487554	0.102857500770198	5.65229213362343	1.58322207004208e-08	8.58536452075103e-08
gene_496	onu_vs_self	5821.41210241238	0.502356648246694	0.0889285155265768	5.64899397310374	1.61389513315867e-08	8.74363439230269e-08
gene_4024	onu_vs_self	1879.78415217477	-0.60816772391272	0.107670757057212	-5.64840204095121	1.61946088455475e-08	8.76823856533122e-08
gene_6140	onu_vs_self	673.088584933512	0.936955007112376	0.166019703479305	5.6436373965044	1.66494541068173e-08	9.00880702619192e-08
gene_2351	onu_vs_self	1550.01103223047	-0.425248243240332	0.0753912992968661	-5.64054801026634	1.69509794748153e-08	9.1661645170195e-08
gene_8440	onu_vs_self	3313.89169668892	-0.553129608695551	0.0981108698501476	-5.63780149478228	1.72234883632753e-08	9.30764270136597e-08
gene_4449	onu_vs_self	5656.29072436057	-0.495457044325099	0.0879112609330411	-5.63587689525318	1.74169770584459e-08	9.40626647446671e-08
gene_8053	onu_vs_self	325.457628104503	0.776886901487073	0.137885446778104	5.63429223054484	1.75778735954528e-08	9.48717515618384e-08
gene_8615	onu_vs_self	1133.56927723069	-0.688957643327701	0.122379753172963	-5.62967014939129	1.80554579660178e-08	9.73879774348533e-08
gene_2946	onu_vs_self	3235.13609911483	-0.458564881835867	0.0814789514523503	-5.62801648354594	1.82293672814705e-08	9.82640956734181e-08
gene_4843	onu_vs_self	445.138828326109	0.650636809900999	0.115626573040605	5.6270526124865	1.83314828685009e-08	9.87523557925539e-08
gene_3579	onu_vs_self	351.511362410128	1.02123851110073	0.181523941455467	5.62591635523335	1.84525750468186e-08	9.93421650319291e-08
gene_6149	onu_vs_self	1393.73264229306	-0.410428562257484	0.072966072586698	-5.62492330623681	1.85590411158e-08	9.98525405098982e-08
gene_5197	onu_vs_self	3050.21378040621	-0.41830946987554	0.0743687331038628	-5.6248029570617	1.85719843592284e-08	9.98594133888159e-08
gene_3973	onu_vs_self	6254.46681360642	0.904710461138124	0.160968695464597	5.62041245676307	1.90502104163857e-08	1.0236647907361e-07
gene_1756	onu_vs_self	9477.5718214534	-0.46696420173312	0.0830912785579491	-5.61989428779161	1.9107433591309e-08	1.02609555546803e-07
gene_2702	onu_vs_self	1011.91528286504	-0.506467727375794	0.090146041237036	-5.61830248367817	1.92842677635579e-08	1.03494252072762e-07
gene_8406	onu_vs_self	611.76389494393	-0.512666478419897	0.0912822079560515	-5.61628043294838	1.9511190646017e-08	1.0464648617162e-07
gene_7625	onu_vs_self	1649.82162215599	-0.906017248695808	0.161354476050518	-5.61507353791753	1.96478666658589e-08	1.05313549567785e-07
gene_6845	onu_vs_self	665.779360084014	0.570293760250329	0.101583645088124	5.61403127201821	1.97666467325766e-08	1.05883914912926e-07
gene_4425	onu_vs_self	460.345389503936	0.598357494357639	0.106608530316086	5.61266056837623	1.99239184318265e-08	1.06659625876444e-07
gene_5495	onu_vs_self	811.390842621186	-0.64978413192525	0.115797917005877	-5.61136287013068	2.00739327839453e-08	1.07395540394107e-07
gene_6007	onu_vs_self	3924.92438295216	-0.368187706415096	0.0656457537597429	-5.60870559522596	2.0384544157955e-08	1.08989192999435e-07
gene_3909	onu_vs_self	3934.82011861994	-0.738383343088764	0.1316524643682	-5.60857973021823	2.03993717968461e-08	1.09000388627342e-07
gene_209	onu_vs_self	307.953559982124	0.993837173087464	0.177224656867864	5.60778161826802	2.04936380870877e-08	1.0936754490366e-07
gene_3841	onu_vs_self	876.390783496523	-0.442493703999588	0.0789068981267364	-5.60779493940918	2.04920612407723e-08	1.0936754490366e-07
gene_2845	onu_vs_self	1322.42947350158	0.447718678325867	0.0798421562701563	5.60754743159682	2.05213784112422e-08	1.09447351526625e-07
gene_5892	onu_vs_self	19.4726911302844	2.73675188685125	0.48808745662318	5.60709325698594	2.05752811061411e-08	1.09666504525883e-07
gene_2110	onu_vs_self	619.678355356277	0.667882448667989	0.1191243769849	5.60659762151493	2.06342613386806e-08	1.09912431275113e-07
gene_4953	onu_vs_self	3401.00839994231	0.564057896311569	0.100611045233599	5.60632180097062	2.0667154820178e-08	1.10019182376072e-07
gene_1983	onu_vs_self	1185.60515621123	-0.466346619364145	0.0832239158256946	-5.60351690661695	2.1004561796995e-08	1.11745835290415e-07
gene_8133	onu_vs_self	852.493452787055	0.565392713238903	0.100905020685659	5.60321686073701	2.10409700142843e-08	1.11870002063524e-07
gene_2101	onu_vs_self	503.087077793974	-0.667649095592188	0.119179100270029	-5.60206524532796	2.11812791975225e-08	1.12546089342516e-07
gene_6683	onu_vs_self	3516.2793202381	-0.44124414566762	0.0787838518411565	-5.6006927226312	2.13496896279884e-08	1.13370560307432e-07
gene_6439	onu_vs_self	29.7824477758853	2.2892070781651	0.408943991496293	5.59784989085932	2.17026535259971e-08	1.15173412388428e-07
gene_3764	onu_vs_self	1162.31633489509	-0.460764169704989	0.0823295436608812	-5.59658354967806	2.18616990994826e-08	1.15945566475571e-07
gene_8631	onu_vs_self	2207.02211146914	0.764357888318238	0.136650161954484	5.59353810771795	2.22488363917609e-08	1.17925721060974e-07
gene_1901	onu_vs_self	424.801111715252	-0.683375920184381	0.122178161356579	-5.59327389278625	2.22827354372976e-08	1.18032311474794e-07
gene_6948	onu_vs_self	1966.36723564886	-0.804550708102811	0.143915139591518	-5.59045219555363	2.26479032223492e-08	1.19818326071266e-07
gene_2858	onu_vs_self	989.319957220482	0.612536597045121	0.109567073623413	5.5905170849998	2.26394407197309e-08	1.19818326071266e-07
gene_5110	onu_vs_self	2404.2410554246	-0.583359712166796	0.104370442058972	-5.58931916602576	2.27961621391943e-08	1.2052819512755e-07
gene_6024	onu_vs_self	1615.43415873104	-0.411610224877198	0.0736923961932062	-5.58551826430017	2.33004297294787e-08	1.2311832005206e-07
gene_4408	onu_vs_self	2248.54179252015	-0.424410211374824	0.0760027044553011	-5.58414617501446	2.34851118345199e-08	1.2401761709037e-07
gene_368	onu_vs_self	3143.96700099581	0.632631301018611	0.113359436503936	5.58075552004572	2.39476057076953e-08	1.26381938876616e-07
gene_2809	onu_vs_self	16294.8580993665	0.504591321712552	0.0904201181522966	5.58052048618934	2.39799904885989e-08	1.26474872817256e-07
gene_667	onu_vs_self	1251.6579672989	-0.640075395911382	0.114798176792952	-5.57565820113858	2.4659568673411e-08	1.29979007293348e-07
gene_4187	onu_vs_self	1862.56409973238	0.553169619350623	0.0992392869017883	5.57409909543248	2.48814081298018e-08	1.3106760220991e-07
gene_350	onu_vs_self	706.487205204096	0.791545073338526	0.14205225337763	5.57221060924877	2.51527086112457e-08	1.32333857229418e-07
gene_5130	onu_vs_self	3241.35264370351	-0.389931021870748	0.0699776705556694	-5.57222066374081	2.51512566065365e-08	1.32333857229418e-07
gene_900	onu_vs_self	1556.56064408956	0.704650362204899	0.126465312495295	5.5718864588352	2.51995639310285e-08	1.32498935657005e-07
gene_1421	onu_vs_self	869.091943908671	-0.77901329227958	0.139830352903267	-5.57113156124614	2.53090115085556e-08	1.32992718547106e-07
gene_5135	onu_vs_self	299.061427796632	1.30998102395972	0.235172085043394	5.57030832855016	2.54288923909457e-08	1.33540686421163e-07
gene_6718	onu_vs_self	2837.50206671632	-0.541533000536419	0.0972209517718523	-5.57012650737292	2.54554437747345e-08	1.33598159847779e-07
gene_5891	onu_vs_self	33.5734072723758	2.25853152124382	0.405957519898763	5.56346763032508	2.64465938345592e-08	1.3871497746558e-07
gene_2664	onu_vs_self	654.001710273168	-0.887728051821371	0.159578411854	-5.56295830687652	2.65239278215661e-08	1.39035408544156e-07
gene_7190	onu_vs_self	7464.03973812948	-0.483283723784778	0.0869135827707908	-5.56050859230251	2.6898960814818e-08	1.4091499667983e-07
gene_704	onu_vs_self	1373.67863638525	0.735816420305463	0.132348834330964	5.55967435621995	2.70278467650553e-08	1.41503589179739e-07
gene_8426	onu_vs_self	951.70093618502	-0.555682644364028	0.099982222724746	-5.55781447161701	2.73173520373377e-08	1.4293186640563e-07
gene_2114	onu_vs_self	882.092688155208	-0.653212783971779	0.117611031703804	-5.55400947095555	2.79190344491887e-08	1.45990797119765e-07
gene_1967	onu_vs_self	231.929152060089	0.742548854764328	0.13371418689901	5.55325408608399	2.80400034513353e-08	1.46533839770104e-07
gene_4021	onu_vs_self	130.27924397862	1.06940934272853	0.192642919199321	5.55125175206698	2.83631276408887e-08	1.48132015012817e-07
gene_2990	onu_vs_self	282.137083840697	0.753546373836728	0.135758487718356	5.55063912762517	2.84627089139601e-08	1.48561456282621e-07
gene_7375	onu_vs_self	1128.01508924754	-0.482351342358352	0.0869483240677982	-5.54756342378994	2.89678094587107e-08	1.51105697115517e-07
gene_2893	onu_vs_self	1616.75399052275	-0.418717895537535	0.0755416223334179	-5.54287666327102	2.9754244926503e-08	1.55019072775938e-07
gene_2863	onu_vs_self	8534.10069312597	0.332013809598847	0.0598987506568688	5.5429171052464	2.97473710066927e-08	1.55019072775938e-07
gene_1705	onu_vs_self	4717.90835314826	0.619786512608593	0.111840128363384	5.54171853768639	2.99517467114063e-08	1.5595313372849e-07
gene_4643	onu_vs_self	1026.06521418525	-0.745019639860237	0.134505385433926	-5.53895769642782	3.04277125703675e-08	1.58335087904162e-07
gene_5258	onu_vs_self	2075.89602079818	-0.699907324607435	0.126373638383938	-5.53839656401308	3.05253444747671e-08	1.58746627402191e-07
gene_5650	onu_vs_self	1821.87250221578	-0.774717821769627	0.139931392835116	-5.53641185207448	3.08731106889512e-08	1.60457697326911e-07
gene_8	onu_vs_self	1111.62069404125	0.737585472304239	0.133281211130955	5.53405439555563	3.12911860775506e-08	1.62531888849413e-07
gene_5131	onu_vs_self	2888.36406641107	-0.735712488791402	0.132947886067197	-5.53384119563619	3.13292649832882e-08	1.6263099348511e-07
gene_7208	onu_vs_self	456.560499023837	0.677751502114312	0.122501345446542	5.53260455747462	3.15510248707189e-08	1.63682892662639e-07
gene_6391	onu_vs_self	416.797495947552	-0.848619987631298	0.153396750116064	-5.53219013433602	3.16256813075065e-08	1.63970824949883e-07
gene_7737	onu_vs_self	1321.50033518827	0.415054582966722	0.0750337776553936	5.5315698600827	3.17377411741845e-08	1.6445221819069e-07
gene_7990	onu_vs_self	109.881224406143	1.39683969849185	0.252562448544221	5.53067055907672	3.19008948605402e-08	1.65157594474748e-07
gene_1612	onu_vs_self	579.759736422767	0.562336606468228	0.101677195391891	5.53060697928218	3.19124604277142e-08	1.65157594474748e-07
gene_1912	onu_vs_self	1757.69207098478	-0.684210458073377	0.12372917363295	-5.52990404755411	3.20405995497412e-08	1.65720563230081e-07
gene_5790	onu_vs_self	4077.91765200619	-0.523284836870823	0.0946520117184838	-5.52851257326879	3.22957283258561e-08	1.66939272022541e-07
gene_4296	onu_vs_self	13895.8565818176	-0.587434056594523	0.106370229050518	-5.52254199166514	3.34129908714662e-08	1.7261026062749e-07
gene_1100	onu_vs_self	1082.92743200505	0.684914748261492	0.124103593804069	5.51889536206996	3.41137237841608e-08	1.7612392979036e-07
gene_2938	onu_vs_self	1706.13826358172	0.326815335191716	0.0592377860580983	5.51700792583955	3.44819888988693e-08	1.77917917404654e-07
gene_8252	onu_vs_self	17539.3331062704	0.282825000467131	0.0512671064551385	5.5166952071816	3.454337587219e-08	1.78127287630088e-07
gene_909	onu_vs_self	118.239915319797	-1.41077318056886	0.25626999593245	-5.50502674117467	3.69112237291683e-08	1.90222802601855e-07
gene_5552	onu_vs_self	407.542965245416	0.713898111683538	0.129799034229662	5.50002637477558	3.79734443437201e-08	1.95579231998944e-07
gene_2079	onu_vs_self	5235.35648149552	0.755243991512188	0.137320038400634	5.49988188401715	3.80045748132743e-08	1.9562186434253e-07
gene_1623	onu_vs_self	3964.98849212727	0.366798168244705	0.0667070992262209	5.49863766374848	3.82736676353805e-08	1.96888578701236e-07
gene_2787	onu_vs_self	1584.21330996403	-0.409727126035051	0.0745944986070913	-5.49272578656492	3.95777065800856e-08	2.0347457557089e-07
gene_1745	onu_vs_self	195.154429070574	-0.728412258787358	0.132643484539316	-5.49150424777521	3.98524737223522e-08	2.0476421072229e-07
gene_7664	onu_vs_self	643.785215753771	0.494111356490649	0.0900249971483258	5.48860174554128	4.05127887029316e-08	2.08032076362984e-07
gene_347	onu_vs_self	967.195694078399	0.698869428687108	0.12737971892261	5.48650471674938	4.09964481649765e-08	2.10389446218344e-07
gene_2722	onu_vs_self	1720.02261483296	-0.337312263456891	0.0614994450145567	-5.48480174702472	4.13933368826922e-08	2.12298959685947e-07
gene_7750	onu_vs_self	14.2191416171121	-4.06269048054184	0.740820781872682	-5.48403956793974	4.15721723994849e-08	2.13088500442869e-07
gene_6564	onu_vs_self	2850.91775814861	0.31146398986704	0.0568037293506204	5.48316093727812	4.17792614516366e-08	2.14021830057456e-07
gene_6687	onu_vs_self	474.288293930264	-1.1300577463392	0.206113967033173	-5.48268398597813	4.18920950903203e-08	2.14471491610731e-07
gene_3540	onu_vs_self	3973.83032226754	0.933527945569194	0.170360628902929	5.47971647898246	4.26007929966818e-08	2.17969389152179e-07
gene_5496	onu_vs_self	804.779138580321	0.533802712367865	0.0974795808854516	5.47604644499998	4.34933577191832e-08	2.22403310678738e-07
gene_3065	onu_vs_self	17708.3021764421	-0.317864921257271	0.0580656800481407	-5.47423057809256	4.39416612798833e-08	2.24561564510926e-07
gene_2093	onu_vs_self	2240.25119903356	-0.417163152014049	0.0762187344361494	-5.47323640441077	4.41889986196732e-08	2.25690828272316e-07
gene_2675	onu_vs_self	2360.67519168118	-0.585541760593947	0.10700560238983	-5.47206639200788	4.44818115148184e-08	2.27050868555066e-07
gene_3421	onu_vs_self	921.77688405779	0.547598838451439	0.100089829149274	5.4710737654947	4.47317051339068e-08	2.28190343233756e-07
gene_3819	onu_vs_self	2962.10055425312	-0.834291302817637	0.152591143863639	-5.46749491283184	4.56440304082173e-08	2.32705717864407e-07
gene_764	onu_vs_self	337.572837710399	0.814747817579335	0.149056507843451	5.46603318008119	4.60218228819686e-08	2.34492145160507e-07
gene_7680	onu_vs_self	1285.43244734623	-0.474037063913424	0.0867542048463462	-5.46413934348209	4.6515805135268e-08	2.36868109433607e-07
gene_7259	onu_vs_self	831.667263415376	0.594707614792881	0.108840571566814	5.46402509865366	4.65457682083151e-08	2.36879771619011e-07
gene_4306	onu_vs_self	83.4223448114571	1.38556013282826	0.253641507544846	5.46267109922173	4.6902310626482e-08	2.38552453334929e-07
gene_611	onu_vs_self	314.496563891369	-1.3105957284614	0.239978011074928	-5.46131590386501	4.72618184013809e-08	2.40238221802744e-07
gene_4568	onu_vs_self	1015.02112583794	-0.721547615877625	0.132177179301048	-5.45894245658109	4.78978952348436e-08	2.43326993003122e-07
gene_2031	onu_vs_self	562.013004390446	-0.516934310962329	0.0947130132934279	-5.45790164399931	4.81794401189743e-08	2.4461210404414e-07
gene_3369	onu_vs_self	10377.2535127984	0.634117328435563	0.11628483070052	5.45313885410103	4.94883955086125e-08	2.51108871104756e-07
gene_4234	onu_vs_self	1763.28163910259	0.800046890376632	0.146790707703415	5.45025569324929	5.02974530656535e-08	2.5506291365047e-07
gene_3871	onu_vs_self	9139.52192876373	0.432043515611967	0.0792729423859877	5.45007543063439	5.03484610245417e-08	2.55170412297263e-07
gene_5601	onu_vs_self	1606.95060425469	-0.468898888354923	0.0860637213726251	-5.44827577609338	5.08604564565344e-08	2.57612726194044e-07
gene_2728	onu_vs_self	733.498847222864	-0.767682960265275	0.140998484902193	-5.44461850634634	5.19165310782831e-08	2.62806331182793e-07
gene_2023	onu_vs_self	5090.68831407613	0.737402363541905	0.135449148322196	5.44412698548559	5.20600729206486e-08	2.63377201064274e-07
gene_443	onu_vs_self	6271.79359383332	-0.419915652493312	0.0771840502496539	-5.44044593585181	5.31473672471271e-08	2.68719116146136e-07
gene_1179	onu_vs_self	922.088106858213	-0.596802098004984	0.109703938690183	-5.44011550661297	5.32460376177964e-08	2.69059080288274e-07
gene_6673	onu_vs_self	404.805622504116	-0.747776501023169	0.137502640979865	-5.43827009935516	5.38003727055596e-08	2.71699817321292e-07
gene_5546	onu_vs_self	515.688084110981	-0.546667384773168	0.100534735705859	-5.43759707463289	5.40039286665508e-08	2.72566998458535e-07
gene_1758	onu_vs_self	254.453695252603	-1.00769123746993	0.185362472247844	-5.43632821277098	5.43897272129456e-08	2.74352424833715e-07
gene_3124	onu_vs_self	2331.45180845961	0.45648063965267	0.0839745399123869	5.4359409426825	5.45080080962434e-08	2.74787131509919e-07
gene_7766	onu_vs_self	354.209889071784	-0.925452222358142	0.17032281732109	-5.43351875523227	5.52534731311625e-08	2.78381241908623e-07
gene_4325	onu_vs_self	2108.0554363707	0.798450102911882	0.147044694878029	5.42998238443205	5.63596147437747e-08	2.83620401062147e-07
gene_6556	onu_vs_self	11868.4311331238	0.613579441904384	0.112997026606947	5.43004944757246	5.63384398260205e-08	2.83620401062147e-07
gene_2864	onu_vs_self	2048.040200583	0.398009287965274	0.073321541721771	5.42827221876454	5.69022061561393e-08	2.86182658458609e-07
gene_863	onu_vs_self	2226.34546116454	-0.572835338607669	0.105624483323196	-5.4233196753718	5.85022302717559e-08	2.94057011818104e-07
gene_5230	onu_vs_self	3790.48800085321	-0.588746039019508	0.108560875808113	-5.42318800062141	5.85453600211376e-08	2.94101104331536e-07
gene_3753	onu_vs_self	654.898253856463	0.622839089987112	0.114880145464707	5.42164259513806	5.90538623544185e-08	2.96481561145937e-07
gene_6316	onu_vs_self	683.180455806828	0.467806374100957	0.0863082892778965	5.42017896559979	5.95394013036748e-08	2.98744006541299e-07
gene_917	onu_vs_self	1834.9230404622	0.479283223090874	0.0884585568063846	5.41816688395578	6.02132000734164e-08	3.01947857427326e-07
gene_694	onu_vs_self	1952.71493323818	-0.438511252143706	0.0809583489836655	-5.41650438341056	6.07755014066852e-08	3.04589163958563e-07
gene_2617	onu_vs_self	486.053145438846	0.603845303977344	0.111558583182409	5.41280900807067	6.20436574127366e-08	3.10648590205547e-07
gene_5208	onu_vs_self	2849.66867189636	-0.333884169796027	0.0616845279068463	-5.41277012446697	6.20571365947997e-08	3.10648590205547e-07
gene_130	onu_vs_self	1169.55158004793	0.418663381200602	0.0775229015187337	5.40051227442036	6.64508641500674e-08	3.32448507962932e-07
gene_5454	onu_vs_self	3307.78737244411	-0.670344571452044	0.12417376749932	-5.39843950096556	6.72230282848356e-08	3.36115141424178e-07
gene_4898	onu_vs_self	1714.60718354693	-0.536908516728653	0.0994701711598846	-5.39768365197288	6.75067594234007e-08	3.37336754620146e-07
gene_1284	onu_vs_self	220.222602477215	-0.948553016421147	0.175746043239198	-5.39729372529957	6.76535836326708e-08	3.37873206473549e-07
gene_4702	onu_vs_self	269.765456601737	0.825863801999551	0.153069990943957	5.39533449310729	6.83960136824184e-08	3.4138185254898e-07
gene_5929	onu_vs_self	737.960146540875	0.54606516282276	0.101251764252747	5.39314220204262	6.92361159075923e-08	3.45172482334881e-07
gene_1265	onu_vs_self	2076.10217966518	0.425595453429075	0.0789128030742675	5.39323705214897	6.9199562666545e-08	3.45172482334881e-07
gene_5453	onu_vs_self	63.8082341527585	1.94049750308937	0.359838572627252	5.39268897417367	6.94110387885273e-08	3.45843126909077e-07
gene_3251	onu_vs_self	950.214749231948	0.518857283484314	0.0962247439535278	5.39213992333302	6.9623517926136e-08	3.46700007822993e-07
gene_3955	onu_vs_self	2587.9637461091	-0.630456315090997	0.11700351353423	-5.38835370022074	7.11060101382724e-08	3.53670799990478e-07
gene_2233	onu_vs_self	2912.03262179189	-0.395946354775349	0.0734815978649476	-5.38837431792191	7.10978551006793e-08	3.53670799990478e-07
gene_3511	onu_vs_self	2006.51070456693	0.8512420969533	0.158026300561489	5.38671154060257	7.17584610995312e-08	3.56708726487798e-07
gene_2448	onu_vs_self	669.301961341156	-1.24450868133573	0.231184659933546	-5.38318018891678	7.31812137496463e-08	3.63570046254772e-07
gene_2322	onu_vs_self	1291.53171194747	0.495738977601841	0.0921048709633324	5.38233181825094	7.35270642471058e-08	3.65076374684006e-07
gene_5899	onu_vs_self	215.610036892398	0.893415534014061	0.166006249933443	5.38181866268444	7.3737027307607e-08	3.65694642962408e-07
gene_6071	onu_vs_self	3947.47512847427	-0.630814546991431	0.117211156264263	-5.38186438131542	7.37182975042305e-08	3.65694642962408e-07
gene_7108	onu_vs_self	4209.35717433123	0.570136079686456	0.106024623161281	5.37739312517229	7.55720447039041e-08	3.74578287588546e-07
gene_146	onu_vs_self	883.935775704292	0.677781742370021	0.12606022580418	5.37665023242841	7.58843841169561e-08	3.7590875465344e-07
gene_3781	onu_vs_self	455.235835432221	-0.923701875984779	0.171922033410684	-5.37279520059108	7.75253640767334e-08	3.83815567667344e-07
gene_2948	onu_vs_self	178.451672986064	0.797893534137186	0.148706154735902	5.36557169105894	8.06932206156445e-08	3.99268189867004e-07
gene_3536	onu_vs_self	3027.07989845665	-0.44388302759926	0.0827669818167441	-5.36304475354762	8.18307211516628e-08	4.04662607197131e-07
gene_1460	onu_vs_self	15422.1515103733	0.704637397583514	0.131395250960244	5.36273109137495	8.19729948148109e-08	4.05132122179435e-07
gene_8335	onu_vs_self	23409.6957012128	0.385265077625984	0.0718434406052463	5.36256440922528	8.20486974139052e-08	4.052722734351e-07
gene_8553	onu_vs_self	1807.06344254899	1.05148996179439	0.196178986681955	5.35985010208592	8.32910326036531e-08	4.11147079846341e-07
gene_5480	onu_vs_self	147.318135704461	0.897472163476881	0.167446439087094	5.35975663842023	8.33341335903506e-08	4.11147079846341e-07
gene_281	onu_vs_self	1441.95588158614	-0.74387959712013	0.138806279358836	-5.35912064321735	8.36279982796401e-08	4.12359254189931e-07
gene_4479	onu_vs_self	4568.56731218604	0.450933745380753	0.0841990101546191	5.35557062431826	8.52868250020549e-08	4.20296616014732e-07
gene_4106	onu_vs_self	1997.4286582671	-0.731595228421219	0.13662516254696	-5.3547619983234	8.56691050130376e-08	4.21937594310473e-07
gene_3929	onu_vs_self	2287.32465008799	-0.629314109971177	0.11757649883475	-5.35238007771992	8.68048302852074e-08	4.27285421070371e-07
gene_8238	onu_vs_self	599.897268540148	0.495369385692009	0.0926104439791405	5.3489581132295	8.84620106786176e-08	4.35192420349981e-07
gene_2127	onu_vs_self	1431.80638344121	-0.426904732324872	0.0798475538508333	-5.34649731565216	8.96726103471027e-08	4.40894626405054e-07
gene_6386	onu_vs_self	190.562901451336	1.00471335350992	0.188210352840781	5.33824701109756	9.38495434230723e-08	4.61166527957232e-07
gene_4624	onu_vs_self	219.639024804759	-0.881262138439167	0.165127034151552	-5.3368737770119	9.45628203690507e-08	4.6440490095185e-07
gene_7526	onu_vs_self	1466.35333134638	-0.371671867472991	0.0696464874128905	-5.33654863696974	9.47324694478857e-08	4.64971294996503e-07
gene_4937	onu_vs_self	6211.79670112223	0.674757639116154	0.126559587048192	5.33154109343939	9.73827779705876e-08	4.77705776176636e-07
gene_2974	onu_vs_self	710.121587981307	-0.535987485272338	0.100572833829765	-5.32934655276374	9.85667581499826e-08	4.83236798261083e-07
gene_2188	onu_vs_self	2609.79493524424	0.457945893804616	0.0859432454704023	5.32846870394634	9.90442591328656e-08	4.85299861578323e-07
gene_8613	onu_vs_self	218.596968212908	0.945693295489735	0.177507171003242	5.32763431553118	9.95001951900216e-08	4.87254960427108e-07
gene_5520	onu_vs_self	89.2307198085034	-1.31875622629732	0.247560754521998	-5.32700035126181	9.98479707307853e-08	4.88528950762647e-07
gene_6410	onu_vs_self	137.270702901074	0.876659084058288	0.164570484054094	5.32695209044977	9.98744934386252e-08	4.88528950762647e-07
gene_7269	onu_vs_self	1478.5009543494	0.496198210976052	0.093172915472552	5.32556278248294	1.00640946380749e-07	4.91996859519825e-07
gene_6323	onu_vs_self	650.662289280686	-0.910568098260001	0.171082918831493	-5.32237878848009	1.02419027354411e-07	5.00403466982736e-07
gene_3945	onu_vs_self	1788.75812800916	-0.707077619941644	0.132909480956844	-5.31999383980165	1.03770765648848e-07	5.06718627469558e-07
gene_3429	onu_vs_self	26276.0823100655	0.674092325237058	0.126727872217598	5.31921126300937	1.04218064214679e-07	5.08612673704475e-07
gene_3232	onu_vs_self	1366.25572742443	-0.597918163823484	0.112409743913795	-5.31909550725439	1.04284385126797e-07	5.08646345689676e-07
gene_1403	onu_vs_self	88.8582142476727	1.25813680218207	0.236585084997912	5.31790413665839	1.04969345046832e-07	5.1169566833763e-07
gene_3248	onu_vs_self	4584.5201937203	0.342262316057019	0.0643924657097487	5.31525407956543	1.06508604862446e-07	5.18903618453353e-07
gene_498	onu_vs_self	1098.02442648994	-0.572311764427478	0.107711691463435	-5.31336716239166	1.0761789348683e-07	5.24009765783427e-07
gene_6013	onu_vs_self	1421.82913587175	-0.46298796978369	0.0871406263178551	-5.31311271616169	1.07768331253649e-07	5.24443954253116e-07
gene_2739	onu_vs_self	4669.83566172401	0.379125360856876	0.0713688370850721	5.31219754085325	1.08311100103817e-07	5.26785805050383e-07
gene_7577	onu_vs_self	487.502214859299	-0.551077700526363	0.103870535014076	-5.30542853612611	1.12408600903875e-07	5.46404102065401e-07
gene_4974	onu_vs_self	5217.03501960298	-0.571367353025435	0.10772754453043	-5.30381858712134	1.13405016418964e-07	5.50934699515514e-07
gene_4300	onu_vs_self	120.45909326791	0.972175684814498	0.183306728698522	5.30354609302642	1.13574509660134e-07	5.51445151838199e-07
gene_5408	onu_vs_self	424.162503106543	-0.728928173847307	0.137477654813809	-5.30215746576796	1.14442060262581e-07	5.5502778234997e-07
gene_1769	onu_vs_self	642.339451291562	-0.482287891752153	0.0909589779805172	-5.30225715437849	1.14379566330204e-07	5.5502778234997e-07
gene_3526	onu_vs_self	1403.27576804723	-0.809092738386735	0.152621157258387	-5.30131439782587	1.14971895249821e-07	5.57281666669572e-07
gene_3678	onu_vs_self	717.701987597885	0.608503302622891	0.114798504094568	5.30062048649711	1.1540977136206e-07	5.59087517181231e-07
gene_7189	onu_vs_self	1829.96866795005	-0.80607542188573	0.152167126114704	-5.29730331686823	1.17525384987662e-07	5.69014307406329e-07
gene_1316	onu_vs_self	2525.63773143952	0.679981690198698	0.128381097673723	5.29658728987388	1.17986949982423e-07	5.70926111842589e-07
gene_8622	onu_vs_self	190.94837898233	0.936002454869613	0.177052842175872	5.28657119177932	1.24630325830893e-07	6.02731971249971e-07
gene_3787	onu_vs_self	1745.90137536063	0.743472816835459	0.140705318799346	5.28389987798324	1.26462384506234e-07	6.11246759668754e-07
gene_5668	onu_vs_self	1271.72100129317	-0.47361650015868	0.0896535004484385	-5.2827440957653	1.27263101632145e-07	6.14769836326838e-07
gene_7054	onu_vs_self	708.367504707146	0.749088955351312	0.141804498523434	5.28254719103656	1.27400003825425e-07	6.15084056822132e-07
gene_3060	onu_vs_self	1723.95684827713	0.673603638971206	0.127581975263747	5.27977120262231	1.29345298516139e-07	6.24012225846512e-07
gene_7743	onu_vs_self	833.301540332762	0.508501200767977	0.0963125046803554	5.27970072479794	1.29395058513733e-07	6.24012225846512e-07
gene_5807	onu_vs_self	4764.67789834763	0.34969871782367	0.0662358803176495	5.2795964384652	1.29468722568766e-07	6.24015915083691e-07
gene_634	onu_vs_self	1660.72585684227	-0.33978081718163	0.0643804529222217	-5.27770156559975	1.30814278592045e-07	6.30146440488412e-07
gene_3513	onu_vs_self	1072.19497977212	0.661505585994697	0.125379115924911	5.27604283308928	1.32003246874583e-07	6.35516194176845e-07
gene_7248	onu_vs_self	462.116318582756	-0.621113178014456	0.117781795238907	-5.27342257565862	1.33902758656386e-07	6.44298827486603e-07
gene_699	onu_vs_self	2210.97341072571	0.462346838523976	0.0876814176846415	5.27303105644199	1.34188844937816e-07	6.45312647566128e-07
gene_7687	onu_vs_self	25228.7353240332	0.413829119509487	0.0784873520258864	5.27255804697041	1.34535265548888e-07	6.46615313362428e-07
gene_8359	onu_vs_self	687.027637031258	0.586825924038151	0.111359184469323	5.26966793834423	1.36670777750133e-07	6.56142376635525e-07
gene_5211	onu_vs_self	1050.85873119466	0.519827241476383	0.0986433959287503	5.26976222363484	1.36600595467834e-07	6.56142376635525e-07
gene_1171	onu_vs_self	1004.67002602431	0.533679382593011	0.101300634645999	5.2682728440743	1.37713316531007e-07	6.60776899946985e-07
gene_121	onu_vs_self	434.225768599279	-0.697779907496994	0.132477070248582	-5.26717496233627	1.38539156405407e-07	6.64367046963744e-07
gene_6014	onu_vs_self	7552.35816399164	-0.57359987199643	0.10894234352146	-5.26516920285854	1.40060299769941e-07	6.71285647273626e-07
gene_5291	onu_vs_self	2326.61300579084	-0.54959830222156	0.104431265032001	-5.26277549212052	1.41896811395227e-07	6.79707165944682e-07
gene_1977	onu_vs_self	57.5559562554143	1.40554389096027	0.267393764022484	5.25645725545822	1.46856889639867e-07	7.03073252414574e-07
gene_5202	onu_vs_self	44.6045778979324	1.93024815185247	0.367311052553192	5.2550777833535	1.47961923636186e-07	7.07967616727643e-07
gene_2137	onu_vs_self	4071.57667072117	-0.64425912781039	0.1226636292637	-5.25224250804917	1.50258443084867e-07	7.18554342349978e-07
gene_304	onu_vs_self	4233.04101824002	0.389406001301117	0.0741518245275648	5.25146891235779	1.50891003062433e-07	7.21176430047138e-07
gene_5853	onu_vs_self	22059.0668479654	0.470750471251779	0.0896453795137067	5.25125191956828	1.51068897490438e-07	7.21623751405219e-07
gene_2300	onu_vs_self	126.512478805847	1.34453292024881	0.25604988704291	5.25105843934031	1.51227686956755e-07	7.21979364389195e-07
gene_4924	onu_vs_self	12929.0512366123	-0.824045346715881	0.157006732363331	-5.24847141464576	1.533664318668e-07	7.31374182050033e-07
gene_1238	onu_vs_self	1316.86955257889	0.695443686495229	0.132503316991294	5.24850020577918	1.53342469488524e-07	7.31374182050033e-07
gene_1586	onu_vs_self	497.937468923691	-0.508997605202866	0.097151177574299	-5.23923248190787	1.61245803762195e-07	7.6852120278641e-07
gene_8558	onu_vs_self	89.109266621235	-1.06737452131985	0.203739924335708	-5.2389070271819	1.61530384424605e-07	7.69449132261891e-07
gene_4714	onu_vs_self	1352.37320817526	0.539528898235668	0.103063760128099	5.2349040784567	1.65070566764531e-07	7.85875445775519e-07
gene_8448	onu_vs_self	50625.0910259516	0.441279496871871	0.0843020586407926	5.23450439985272	1.65428131305288e-07	7.87139968856733e-07
gene_3994	onu_vs_self	1558.63247856288	-0.505973241164867	0.0966887063965598	-5.23301283078155	1.66769158205514e-07	7.93079996799555e-07
gene_3564	onu_vs_self	4501.75758795447	-0.361491459036098	0.0690852283935452	-5.23254344585584	1.67193338714775e-07	7.94655735368392e-07
gene_6057	onu_vs_self	625.612727832464	-0.672493777195414	0.128572251448982	-5.23047368010244	1.69076248668806e-07	8.03159094675351e-07
gene_6183	onu_vs_self	1823.40035001767	-0.537934099951498	0.102868443340494	-5.229340334926	1.7011594694783e-07	8.07649753673556e-07
gene_2749	onu_vs_self	910.615412109529	0.465197759753317	0.0889755782681514	5.22837579488745	1.71005654876341e-07	8.11423728238069e-07
gene_8277	onu_vs_self	1244.86826891031	-0.446022032568902	0.0853155251564455	-5.22791170482767	1.7143534080132e-07	8.13011920919279e-07
gene_2861	onu_vs_self	3201.00305605359	0.731246550077633	0.139923468679991	5.22604647366208	1.73172850388075e-07	8.20797120333291e-07
gene_3171	onu_vs_self	2807.24683539097	-0.492406397413083	0.0942603840481367	-5.22389551438303	1.75197663184614e-07	8.29934696657606e-07
gene_5371	onu_vs_self	55.3686304325153	-1.47313262375746	0.282128626905741	-5.22149290525429	1.77486430550751e-07	8.40311861457097e-07
gene_8056	onu_vs_self	370.674481156571	0.648750147939432	0.124250985410414	5.22128774911962	1.77683199874803e-07	8.40778436112944e-07
gene_1010	onu_vs_self	248.799169758359	-0.727192555519229	0.139320062231525	-5.21958247700725	1.79326942443669e-07	8.48087639402104e-07
gene_4471	onu_vs_self	6664.83707578567	0.312760698211619	0.0599273443117362	5.21899813521968	1.79893574404116e-07	8.50297623909017e-07
gene_2597	onu_vs_self	3306.69786072536	-0.404720732159217	0.0776552097489441	-5.21176535956392	1.87052041021707e-07	8.83645403502103e-07
gene_6791	onu_vs_self	2202.64671620788	0.890631323531668	0.170971042455677	5.20925246017937	1.89602980605029e-07	8.95196064074841e-07
gene_1743	onu_vs_self	293.832094688404	0.754597823214228	0.144860029008001	5.20915140209278	1.89706268718664e-07	8.95196064074841e-07
gene_3553	onu_vs_self	377.041361301093	-0.848586031636777	0.162964163944623	-5.20719409161105	1.9171753199992e-07	9.04188470478962e-07
gene_1419	onu_vs_self	1630.14501885749	-0.529913240313586	0.101809997597119	-5.20492341440325	1.94076629332404e-07	9.14810543549215e-07
gene_7974	onu_vs_self	2477.79915040827	-0.937865157368059	0.180217650917862	-5.20406937162614	1.94971169608675e-07	9.18092854377164e-07
gene_747	onu_vs_self	1170.2466580159	-0.517758339819733	0.0994913496357539	-5.20405383699476	1.94987477717019e-07	9.18092854377164e-07
gene_2192	onu_vs_self	1249.85635279963	-0.552098020008225	0.106116846209831	-5.2027367918241	1.96374903965853e-07	9.24117195133427e-07
gene_4916	onu_vs_self	5757.81988315315	-0.646715562656899	0.124314872174844	-5.20223808578042	1.9690274677601e-07	9.26092039781673e-07
gene_8316	onu_vs_self	6986.01795806108	0.622952947890767	0.11976242559214	5.20157257011711	1.97609281492412e-07	9.28904694989044e-07
gene_845	onu_vs_self	4835.78261750776	-0.373479502125682	0.0718498224785354	-5.19805740977657	2.01381939468154e-07	9.46119320443138e-07
gene_7983	onu_vs_self	532.660925388012	1.06336328112353	0.204585700917156	5.19764224164483	2.01832089783812e-07	9.47714036505448e-07
gene_4672	onu_vs_self	930.263595942275	-0.436409436219828	0.0839711678732184	-5.19713429350809	2.02384160657465e-07	9.49785315366172e-07
gene_4026	onu_vs_self	231.572545339185	0.932523003626988	0.179607399152066	5.19200772367657	2.0803837101715e-07	9.75785455291401e-07
gene_8484	onu_vs_self	4120.30632502602	0.800081105568276	0.154183110239935	5.1891617980933	2.11242791417033e-07	9.90272888570539e-07
gene_4594	onu_vs_self	343.394178781637	-1.28992451904859	0.248652343239571	-5.18766283173845	2.12949703998922e-07	9.97182421351626e-07
gene_8228	onu_vs_self	440.654730998742	-0.559187199257946	0.107790531617825	-5.18772095160049	2.12883273711224e-07	9.97182421351626e-07
gene_223	onu_vs_self	1874.46709418685	0.727510448843972	0.140266994253657	5.18661180924967	2.14154472093821e-07	1.0022757141187e-06
gene_8266	onu_vs_self	8394.80090446801	0.33483402253691	0.0645778054770471	5.18497059575554	2.1604894910515e-07	1.01058961985797e-06
gene_926	onu_vs_self	469.964861630461	0.760539564799314	0.146784201763243	5.1813448290984	2.20291807512213e-07	1.02987322354153e-06
gene_1568	onu_vs_self	1382.59326220618	-0.379691798991302	0.07329819133143	-5.18009779087812	2.21769609070402e-07	1.03621607731585e-06
gene_1153	onu_vs_self	1456.19889109774	-0.425985687469815	0.0822468767562616	-5.17935396783786	2.22655632031348e-07	1.03978843981906e-06
gene_874	onu_vs_self	2395.93615458985	-0.569398572833944	0.10995596704244	-5.17842358308915	2.23768698278973e-07	1.04441660701636e-06
gene_2059	onu_vs_self	820.664250166698	0.78228851926683	0.151144793809805	5.17575564164805	2.26990386806942e-07	1.05887613682148e-06
gene_3378	onu_vs_self	2954.10500217384	-0.532796824313225	0.102980326054163	-5.17377294021188	2.29413591629404e-07	1.06959713744428e-06
gene_2942	onu_vs_self	5528.35351706728	0.521078220257659	0.100801567302298	5.16934641199551	2.34914102980059e-07	1.0946460106202e-06
gene_837	onu_vs_self	912.13394681244	-0.467778363995515	0.0905326086982876	-5.16695995753807	2.37932211778284e-07	1.10810649228624e-06
gene_6389	onu_vs_self	77.7519319214299	1.22425581386762	0.23698898334454	5.16587647488985	2.3931480709456e-07	1.11393950447495e-06
gene_5734	onu_vs_self	4458.6778916059	0.449939883468815	0.0871133537054769	5.16499324535278	2.40447605721905e-07	1.11860407879321e-06
gene_2871	onu_vs_self	444.256799045834	0.774098404057104	0.149879624840115	5.16480078518263	2.4069513475481e-07	1.11914739462313e-06
gene_7481	onu_vs_self	174.975629696841	0.912672109749929	0.176796652928058	5.16227029547506	2.43972662029243e-07	1.1337708941207e-06
gene_7825	onu_vs_self	2995.11799292232	-0.641002092709982	0.124207447649924	-5.16073798180472	2.45978251510716e-07	1.14247088059236e-06
gene_6541	onu_vs_self	60.2300646917425	1.87005973773136	0.362412994246352	5.1600239710505	2.46918225179534e-07	1.14621475462951e-06
gene_2395	onu_vs_self	1107.39845940214	0.427895759107678	0.0829313036072901	5.15964105826577	2.47423746805729e-07	1.14793890116913e-06
gene_4434	onu_vs_self	3961.64106502749	0.522725955616576	0.101341308966179	5.15807384914506	2.49503216944268e-07	1.1569596625368e-06
gene_6731	onu_vs_self	979.413464252675	-0.752970725920908	0.146083336698391	-5.15439161603708	2.54455680075928e-07	1.17906971893851e-06
gene_6171	onu_vs_self	1473.62354158051	-0.526045190585427	0.102058997416909	-5.1543244975898	2.54546827172705e-07	1.17906971893851e-06
gene_990	onu_vs_self	681.560626849033	0.533891600406072	0.103616554546078	5.15257048205219	2.56939999259077e-07	1.18951129997712e-06
gene_2839	onu_vs_self	2353.17250526627	0.379756622281659	0.0737330201694014	5.15042814480092	2.59892489333851e-07	1.20252957226906e-06
gene_8005	onu_vs_self	1575.1221249678	0.709172215482214	0.137735351109575	5.14880319227584	2.62153766668739e-07	1.21233724618282e-06
gene_4304	onu_vs_self	281.052781930166	1.04557897041272	0.203146535327886	5.14692002364265	2.64798153475304e-07	1.22390507221847e-06
gene_3353	onu_vs_self	606.344029594987	-0.462447647426105	0.0898653881429256	-5.14600400646587	2.66093741023753e-07	1.22922958616477e-06
gene_76	onu_vs_self	1508.44470569787	0.443058604589506	0.0861788588340734	5.14115190875943	2.73059163078284e-07	1.2607262329828e-06
gene_8204	onu_vs_self	873.571408199604	-0.596463754377905	0.116049822777084	-5.13972137229049	2.75146160666723e-07	1.26967716189064e-06
gene_154	onu_vs_self	4147.16093347077	-0.328160893239911	0.0638908207423702	-5.13627606324183	2.80235917038241e-07	1.29246737599534e-06
gene_1684	onu_vs_self	656.363216055788	-0.496790090811643	0.0967426739743921	-5.13517014159794	2.81888887022487e-07	1.29939088471324e-06
gene_4126	onu_vs_self	1974.69790183511	0.350138884461091	0.0681898134734997	5.13476818054597	2.82492009585683e-07	1.30147018409766e-06
gene_3478	onu_vs_self	2721.62624359287	0.555082868909678	0.108109943001096	5.13442939197601	2.83001312626303e-07	1.3031152426472e-06
gene_7938	onu_vs_self	2874.95286497132	0.48307170872662	0.0941577167220553	5.13045266542096	2.89046239908608e-07	1.33023430839661e-06
gene_907	onu_vs_self	571.739108184219	0.627971990824543	0.122424773194263	5.12945194375062	2.90586939122051e-07	1.33660623260868e-06
gene_2275	onu_vs_self	1834.28939213944	0.483158831522325	0.0942190546233103	5.12803735352689	2.92778360521776e-07	1.34596281743631e-06
gene_5184	onu_vs_self	2631.51874634481	0.611461921187816	0.119246008580226	5.12773491094619	2.93248957781203e-07	1.34740261868336e-06
gene_2781	onu_vs_self	1066.07796722508	0.776265708081688	0.151421947506079	5.12650722611083	2.95166732888358e-07	1.35548671326414e-06
gene_6390	onu_vs_self	2821.82611247286	-0.37915091165063	0.0739682210549087	-5.12586224520899	2.96179108944918e-07	1.35940652684638e-06
gene_5625	onu_vs_self	1315.61134146172	-0.546095202244381	0.106651238236725	-5.12038314109637	3.04915518722312e-07	1.39800580624691e-06
gene_8438	onu_vs_self	2216.93069193622	-0.338265427501323	0.0660612358069867	-5.12048288787156	3.0475427180884e-07	1.39800580624691e-06
gene_8010	onu_vs_self	2964.10022893211	-0.50639269302837	0.0989006114072538	-5.12021802315399	3.05182623292172e-07	1.39848140009689e-06
gene_153	onu_vs_self	850.06082492579	0.509007253429814	0.0994308908291529	5.11920640743746	3.06824011691467e-07	1.40525069025092e-06
gene_8611	onu_vs_self	1544.98322310939	0.504900221723879	0.0986343716673923	5.11890746794096	3.07310682790492e-07	1.40620287051567e-06
gene_7142	onu_vs_self	940.331863292607	0.456388945112355	0.0891580228721629	5.1188769155047	3.07360463870891e-07	1.40620287051567e-06
gene_8150	onu_vs_self	1961.14662091401	-0.428381043455798	0.0838006586708035	-5.11190544621636	3.18925457068258e-07	1.45833435497024e-06
gene_6598	onu_vs_self	306.247839622803	-0.836228982591269	0.163766785759149	-5.1062184478671	3.2866971928719e-07	1.50208905344279e-06
gene_5823	onu_vs_self	887.92851494194	0.453938255463517	0.0889024128946186	5.10602851692673	3.29000062207924e-07	1.50279644210236e-06
gene_4460	onu_vs_self	768.09765585782	-0.528807059098267	0.103768982520083	-5.09600312401565	3.46899404154678e-07	1.58371141310082e-06
gene_6373	onu_vs_self	1101.13982190476	-0.605833076719401	0.118930409004016	-5.09401322834888	3.50562290201849e-07	1.59958059921526e-06
gene_4795	onu_vs_self	1623.7939412837	-0.536856245386603	0.105419511662673	-5.09257002730636	3.53242178622333e-07	1.61094994619455e-06
gene_8285	onu_vs_self	4160.39676605777	0.32692771935829	0.0642428345966828	5.08893671038562	3.60076751392969e-07	1.64124440464527e-06
gene_7947	onu_vs_self	536.143958000304	0.684845159187711	0.13467135041523	5.08530698679517	3.67031919605227e-07	1.67205600416219e-06
gene_1042	onu_vs_self	30785.6265525869	-0.492189080830691	0.0968119790826776	-5.08396879698493	3.69628687688068e-07	1.68299019500525e-06
gene_8135	onu_vs_self	981.757003688631	-0.798408011536981	0.157062242837962	-5.08338603289067	3.70765080120483e-07	1.6872669249502e-06
gene_3139	onu_vs_self	2082.31731190739	-0.348631546270174	0.0685897865519722	-5.08284926657423	3.71814759262978e-07	1.69114470738103e-06
gene_1016	onu_vs_self	3675.55503885116	-0.462442700082694	0.0910239729423173	-5.08044952482736	3.76542776837756e-07	1.71173986709038e-06
gene_7856	onu_vs_self	1222.64663963363	0.726916150610102	0.143116423517901	5.07919449593553	3.79038512644732e-07	1.72217073685717e-06
gene_214	onu_vs_self	2209.5842010732	-0.87304073876962	0.171929884571039	-5.07788823884711	3.81653072115778e-07	1.7331301311995e-06
gene_97	onu_vs_self	6671.48792200929	1.95865888293642	0.385756834367721	5.07744441170246	3.82545376155376e-07	1.73626109220043e-06
gene_7788	onu_vs_self	796.203405943309	-0.416706150540346	0.0821125375198404	-5.07481759943979	3.87867882856244e-07	1.75948546754078e-06
gene_3	onu_vs_self	596.514151919306	0.871751886815826	0.17186791774374	5.07221998299668	3.93201469726508e-07	1.78273547714985e-06
gene_4518	onu_vs_self	87142.3022555577	0.464552701750467	0.0917100027875024	5.06545292367794	4.07430459944373e-07	1.84627037433765e-06
gene_2087	onu_vs_self	1081.70183137151	-0.532026908419314	0.1051150786316	-5.06137573548247	4.16241993699219e-07	1.88520183389699e-06
gene_4160	onu_vs_self	7030.37603154906	-0.377708268564165	0.0746407984970567	-5.06034603286109	4.18496281048478e-07	1.89440939491009e-06
gene_5246	onu_vs_self	791.533826361723	0.481728661981948	0.0952507901552078	5.05747680619749	4.24840080071506e-07	1.92210945317764e-06
gene_3458	onu_vs_self	261.240767439634	0.639949922880891	0.126579258350681	5.05572501545193	4.28758758687081e-07	1.93881403822578e-06
gene_2231	onu_vs_self	2693.85015699681	0.327839072124848	0.0648566117125375	5.05482885195917	4.3077689642796e-07	1.94691142208202e-06
gene_3601	onu_vs_self	725.523993879019	0.558195154056987	0.11061581736094	5.04625077474765	4.50563951283665e-07	2.03526513086447e-06
gene_4766	onu_vs_self	165.811948373248	0.750424828117095	0.148755342929089	5.04469159453869	4.54253455613806e-07	2.05084893462773e-06
gene_2701	onu_vs_self	1839.39982527015	0.423395662255404	0.0839377258173439	5.04416408870489	4.55508282984302e-07	2.05543010139464e-06
gene_691	onu_vs_self	4407.05553138323	0.3213282257602	0.0637062308967737	5.04390577243321	4.5612398295005e-07	2.05712396946914e-06
gene_2997	onu_vs_self	5932.10308331608	-0.354587778861038	0.0703018764586055	-5.04378825606203	4.56404350247696e-07	2.05730449611389e-06
gene_983	onu_vs_self	73562.5053166452	0.47306606081722	0.0938408844532837	5.04115091810248	4.62740343413719e-07	2.08476702085339e-06
gene_4529	onu_vs_self	3626.16274009357	-0.388090382514266	0.0769873072105278	-5.04096579781654	4.63188252537924e-07	2.08568723920285e-06
gene_706	onu_vs_self	648.369751185111	0.533716626252217	0.105953940191986	5.03725133095698	4.72264499927164e-07	2.1254385485681e-06
gene_3783	onu_vs_self	915.695229645726	-0.69015893930568	0.137024565582228	-5.03675334691368	4.73494280714568e-07	2.12985341193731e-06
gene_1617	onu_vs_self	2444.110729354	-0.420817540200714	0.0835612752477538	-5.03603539980712	4.75272702273449e-07	2.13673021610332e-06
gene_4713	onu_vs_self	987.536820097984	-0.426102358013543	0.0846286717501636	-5.03496450081906	4.77937395571518e-07	2.14758220792241e-06
gene_5702	onu_vs_self	33.7740089339307	-1.68317299279189	0.334404852007389	-5.0333390280913	4.82009575944909e-07	2.16474395072845e-06
gene_8305	onu_vs_self	2670.77051051562	0.506776242047107	0.100759864628832	5.02954468938513	4.91645906074944e-07	2.20686363712718e-06
gene_3727	onu_vs_self	22572.766376954	0.275864190162648	0.0548869388029697	5.02604437738696	5.00700070158671e-07	2.24632735878314e-06
gene_6242	onu_vs_self	221.815320111376	-0.940717568654584	0.187183182428458	-5.02565217905795	5.01724520562237e-07	2.24974431430736e-06
gene_6596	onu_vs_self	595.075831885841	0.752892507521571	0.149815990518832	5.02544825097913	5.02257993926123e-07	2.25095729215058e-06
gene_6276	onu_vs_self	512.643273722569	-0.691358103473311	0.137594717393454	-5.02459772126542	5.0448887364344e-07	2.25977224405434e-06
gene_3602	onu_vs_self	51.7817254966448	1.53487328775024	0.305564198621559	5.02307958417334	5.08494612770681e-07	2.27652399859677e-06
gene_7234	onu_vs_self	5202.92738097929	0.314405084892927	0.0626279726268678	5.02020218291475	5.16171211105951e-07	2.30968403924043e-06
gene_2398	onu_vs_self	3472.19473367819	0.375386623090116	0.0748308743473549	5.01646715161473	5.26302697555886e-07	2.35378844883928e-06
gene_1314	onu_vs_self	110.620194215808	0.976499384605428	0.194857286724406	5.01135677818674	5.40476018011279e-07	2.41591368886504e-06
gene_647	onu_vs_self	361.68622828632	0.670572680312356	0.133943809746081	5.00637305735569	5.5465211193104e-07	2.47798647084014e-06
gene_7833	onu_vs_self	953.364951907074	0.47969299324742	0.0958630540138933	5.003940237267	5.61701774262056e-07	2.50817276352801e-06
gene_4686	onu_vs_self	38.1723407428461	1.76850720878366	0.353515438971315	5.00263075901238	5.65531973466398e-07	2.52395917250905e-06
gene_7726	onu_vs_self	1037.12709857913	-0.484977689870096	0.0970836906467721	-4.99545996489392	5.86957000864008e-07	2.61821361510991e-06
gene_4290	onu_vs_self	370.819852065529	0.631865409998175	0.126573615182426	4.99207839712479	5.97329984853794e-07	2.66309618247316e-06
gene_904	onu_vs_self	2826.07418338959	-0.618896818952559	0.123978364698633	-4.99197436953596	5.97651875426441e-07	2.66314422365973e-06
gene_3293	onu_vs_self	9281.70317127463	0.560135954435929	0.112250753920661	4.9900418025863	6.03662274894278e-07	2.68852709318159e-06
gene_1874	onu_vs_self	22684.3425707667	-0.704034467189076	0.141284459145172	-4.98309914231734	6.2573868500633e-07	2.7853994506782e-06
gene_4283	onu_vs_self	2727.25916349478	-0.475405698630526	0.095437628712397	-4.98132345747158	6.3150881029311e-07	2.80962339714606e-06
gene_518	onu_vs_self	631.254998612413	-0.665825276387207	0.133670032315618	-4.98111106021937	6.32202423809504e-07	2.81124818068019e-06
gene_8288	onu_vs_self	1192.24963835666	-0.49245039785675	0.0989437261308845	-4.97707552680327	6.4552138704292e-07	2.86898394241298e-06
gene_7831	onu_vs_self	772.914125379998	-0.529522283795554	0.106411024117412	-4.97619760910568	6.48454492590502e-07	2.87976449032358e-06
gene_1702	onu_vs_self	4838.7353378342	-0.350174603156734	0.0703706133866115	-4.97614822870589	6.48619852493443e-07	2.87976449032358e-06
gene_767	onu_vs_self	1776.81478209311	0.584013155417165	0.117384834915075	4.97520106272403	6.5179949914084e-07	2.89238139587641e-06
gene_4259	onu_vs_self	960.882945419786	-0.470042253679759	0.0946377321568767	-4.96675314345647	6.80831630707316e-07	3.01964702531328e-06
gene_3087	onu_vs_self	4754.73900473409	0.332995894456981	0.0670539776848195	4.96608711301506	6.83172764399757e-07	3.02846134814185e-06
gene_4774	onu_vs_self	2610.6293418872	0.468729165990631	0.09444255164793	4.9631141663558	6.93717763832737e-07	3.0736149370643e-06
gene_3582	onu_vs_self	2667.06419229855	0.745896086396891	0.150302523820819	4.96263181372855	6.95443382158781e-07	3.07829776564932e-06
gene_4487	onu_vs_self	4085.22188219261	0.636445779551504	0.128247996747376	4.96261770704441	6.9549391107077e-07	3.07829776564932e-06
gene_37	onu_vs_self	1882.93751807802	-0.387324200359139	0.0780924896263609	-4.9598137056754	7.0560814524695e-07	3.12144998620873e-06
gene_2451	onu_vs_self	449.834352255003	1.19562469758678	0.241074188759656	4.9595715897183	7.06488091171411e-07	3.12372833699756e-06
gene_6133	onu_vs_self	406.768737998993	0.570531214112029	0.115091418667192	4.95720029102975	7.15162411195266e-07	3.16044927198321e-06
gene_3581	onu_vs_self	3001.46165485086	0.549453180230599	0.110845366666954	4.95693412140072	7.16142453207225e-07	3.16314726494006e-06
gene_7112	onu_vs_self	1102.39223399658	0.399348216338717	0.0805976921604349	4.95483438339386	7.23919228381647e-07	3.19584765082357e-06
gene_6259	onu_vs_self	1995.13799741098	0.446096418584901	0.0900369674043617	4.95459177985698	7.24822982181437e-07	3.19818800385211e-06
gene_6794	onu_vs_self	3466.52066376783	0.543776558522909	0.109769862303974	4.95378737942741	7.27827342153093e-07	3.20978982423002e-06
gene_8302	onu_vs_self	873.317492828709	0.810268176635154	0.163669265831198	4.95064343644598	7.39685166228529e-07	3.2604042342514e-06
gene_4669	onu_vs_self	150.372242990073	-0.910120257198456	0.183854377857625	-4.95022347470695	7.41283132930182e-07	3.2657661440465e-06
gene_5286	onu_vs_self	6343.42667738694	-0.308961300296427	0.0624403327006771	-4.94810464539816	7.49396191047027e-07	3.29981038856098e-06
gene_5694	onu_vs_self	52.5862404946639	1.24888867305281	0.252458556758561	4.94690569845564	7.54024819167972e-07	3.31848455119683e-06
gene_1426	onu_vs_self	1528.50573265906	0.48302470834721	0.0976526200008966	4.9463568754507	7.56152770435234e-07	3.32613962740267e-06
gene_975	onu_vs_self	4779.5401860928	0.375698377528491	0.0759620604044674	4.94586870772131	7.58050403473729e-07	3.33277424434264e-06
gene_7404	onu_vs_self	1466.88152052313	-0.537671094431132	0.10872219585543	-4.94536640104368	7.60007786754925e-07	3.33966460709556e-06
gene_7875	onu_vs_self	1639.54242049867	-0.752158612439417	0.152159064154765	-4.94323894943502	7.68352131140557e-07	3.3745994061381e-06
gene_2458	onu_vs_self	2023.83993774881	-0.619380348674487	0.125325699966656	-4.94216548432826	7.72595933123468e-07	3.39149804489071e-06
gene_1496	onu_vs_self	1002.990919977	-0.485833408361807	0.0983856498231555	-4.93805152717977	7.89069960806352e-07	3.46203939748969e-06
gene_7064	onu_vs_self	19347.6524129041	0.544466556089115	0.110277206839583	4.9372537779374	7.92303418322334e-07	3.47444531805286e-06
gene_5578	onu_vs_self	807.287191917602	-0.875711179397858	0.17751031827134	-4.93329733125291	8.08529312302001e-07	3.54378438981317e-06
gene_6474	onu_vs_self	2486.93867271416	0.479726011016797	0.0973150744173768	4.92961664869401	8.23911290225363e-07	3.60935549863312e-06
gene_1013	onu_vs_self	784.7289916566	-0.640533882236243	0.12994356464025	-4.92932361836901	8.25147935405143e-07	3.61292395246446e-06
gene_5101	onu_vs_self	10134.7157629731	0.461074972537228	0.0936690011756875	4.92238592010206	8.54954042672286e-07	3.74151666936338e-06
gene_5006	onu_vs_self	14662.2091529102	0.683608665986453	0.138893527042511	4.92181803243588	8.57439219796611e-07	3.75047507483852e-06
gene_2269	onu_vs_self	7054.45004611208	0.485635882099144	0.0986881062328109	4.92091601143406	8.61400930130992e-07	3.765879449398e-06
gene_3059	onu_vs_self	197.084316648673	0.816410974009657	0.165931328125272	4.92017380463138	8.64673944145208e-07	3.77825878605563e-06
gene_1873	onu_vs_self	9950.24383545044	-0.607256069064281	0.123426710992251	-4.91997286634661	8.65562108003463e-07	3.780210022709e-06
gene_2187	onu_vs_self	1442.03886105598	0.339691623630188	0.0690556054925017	4.91910281877222	8.69417937890387e-07	3.79511348717069e-06
gene_8043	onu_vs_self	304.638733734114	0.838704377588252	0.170576703126146	4.91687529549688	8.79365287505643e-07	3.83657842051392e-06
gene_6582	onu_vs_self	164.486547231273	0.837516259561541	0.170615743868577	4.9087864963193	9.16416788312413e-07	3.99619343247797e-06
gene_1592	onu_vs_self	102.122234856736	1.12178721155832	0.228736419116342	4.90427897705153	9.37711397303838e-07	4.08697024486805e-06
gene_3404	onu_vs_self	426.519538963876	0.570807323952856	0.116476598248451	4.90061808583464	9.55356140196348e-07	4.1617549924075e-06
gene_3934	onu_vs_self	69980.2271012513	-0.434085123108224	0.0885914810682595	-4.89985174504265	9.59089991959679e-07	4.1758953871693e-06
gene_2050	onu_vs_self	3604.64351853685	-0.300576616947667	0.0613507279498727	-4.89931622642287	9.61707540595811e-07	4.18516347102193e-06
gene_416	onu_vs_self	5849.84864143953	-0.482581374858049	0.0985262098120002	-4.89799999186888	9.68170389838301e-07	4.21114763059749e-06
gene_2949	onu_vs_self	424.989479759528	0.802441566122586	0.163854906784169	4.89726906487804	9.71777352428112e-07	4.22468975966716e-06
gene_6832	onu_vs_self	1375.0484213762	-0.688458132534155	0.140588647622933	-4.89696817043607	9.73265955504306e-07	4.22901349193749e-06
gene_7852	onu_vs_self	316.34930489595	-1.38967895314627	0.283830078944959	-4.89616519261075	9.77249249081634e-07	4.24416721062343e-06
gene_4502	onu_vs_self	5745.67120592443	0.720087181645916	0.14717861757284	4.89260731973882	9.95088225657164e-07	4.31944990447532e-06
gene_2605	onu_vs_self	1055.2526625975	0.605028253369991	0.123665171368708	4.89247090893603	9.95778383736669e-07	4.32025492386512e-06
gene_4827	onu_vs_self	335.296403084245	0.576745559702793	0.117898759530505	4.89187131399433	9.98817447538369e-07	4.33124485862636e-06
gene_4355	onu_vs_self	212.161963330968	1.23454720411499	0.252421095158684	4.89082421316213	1.00414612999415e-06	4.35214727734175e-06
gene_8264	onu_vs_self	5123.89238185931	-0.472218340847424	0.0965697571599514	-4.88991952278884	1.0087721133252e-06	4.36998445853427e-06
gene_3663	onu_vs_self	1709.94317042848	0.450699384149986	0.0921741436626514	4.88965089602029	1.01014963670816e-06	4.37373843713799e-06
gene_7192	onu_vs_self	2670.09059956117	-0.379437944913898	0.077621209991257	-4.88832813810345	1.0169592171826e-06	4.40099641005211e-06
gene_1029	onu_vs_self	2414.47559862822	0.612682736332407	0.125491274733925	4.88227358939064	1.04869617009493e-06	4.53604811319483e-06
gene_7671	onu_vs_self	895.091082167094	-0.476486444060784	0.0976249039209069	-4.88078784125433	1.05662867357879e-06	4.56805123526991e-06
gene_8066	onu_vs_self	505.979387794944	-0.97970598736661	0.200760781850617	-4.87996698526305	1.06103600949649e-06	4.58478962205452e-06
gene_3887	onu_vs_self	1306.19832027784	0.424091604738762	0.0869423890564152	4.87784623060654	1.0725048132208e-06	4.63200867869327e-06
gene_4633	onu_vs_self	1307.02380530295	0.336658229642166	0.0690285287183055	4.87708829802841	1.07663249298723e-06	4.64749074128629e-06
gene_3611	onu_vs_self	818.065826728494	-0.631987436975603	0.129649542806369	-4.87458284306852	1.09038621177913e-06	4.70448889759542e-06
gene_46	onu_vs_self	2969.65511514753	0.666662934624581	0.136909581387066	4.86936654009491	1.11956567632055e-06	4.82795072509014e-06
gene_1651	onu_vs_self	8137.44621562087	-0.623409892954745	0.128052742469264	-4.8683837685427	1.12514668150361e-06	4.8495748205795e-06
gene_821	onu_vs_self	327.905973801985	-0.761833060693289	0.156519005485151	-4.86735178473622	1.13103596794332e-06	4.8725052267714e-06
gene_435	onu_vs_self	2990.27050370052	0.397406523161382	0.0816538319165594	4.86696721799272	1.13323817622064e-06	4.87953661390778e-06
gene_4859	onu_vs_self	10039.7910843108	0.290710313525962	0.0597342202122464	4.86672986594646	1.13459942306979e-06	4.8829417101445e-06
gene_3694	onu_vs_self	2031.78379956041	0.608956700794922	0.125142203665598	4.86611776808855	1.13811715366805e-06	4.89561951527561e-06
gene_2067	onu_vs_self	707.965630848454	0.489662491480536	0.100640287217024	4.86547192005336	1.14184022451638e-06	4.90916741429443e-06
gene_2290	onu_vs_self	820.306948538217	-0.65803805461186	0.135260157993389	-4.8649806740875	1.14467991665559e-06	4.91890566594974e-06
gene_3535	onu_vs_self	3176.26008627605	0.872864203272883	0.179958365504913	4.85036747707656	1.232329474784e-06	5.29289528557503e-06
gene_2378	onu_vs_self	4828.65217072339	-0.456671446335935	0.0941615557900124	-4.84987150546182	1.23541478841109e-06	5.30348575165443e-06
gene_7519	onu_vs_self	1163.74938523289	-0.480910487682301	0.0991849132498965	-4.84862537985638	1.24319944470856e-06	5.33422919634349e-06
gene_3401	onu_vs_self	1233.12098049764	0.416835575898459	0.0859925638126477	4.84734443790535	1.251250777259e-06	5.36608549766384e-06
gene_7381	onu_vs_self	823.018333929207	-0.784408305096879	0.161890192980925	-4.84531082861396	1.26413610791786e-06	5.41863048761989e-06
gene_1309	onu_vs_self	2194.45133203779	-0.351457609697277	0.0725667073382021	-4.84323490191286	1.27742118126005e-06	5.47283549128431e-06
gene_6438	onu_vs_self	180.571250042297	0.793890800717218	0.163980294804661	4.84137927464352	1.2894100216175e-06	5.52143561032807e-06
gene_623	onu_vs_self	789.616638721633	0.719083841044795	0.148574479982806	4.83988798835449	1.29912329495573e-06	5.56024770241053e-06
gene_2649	onu_vs_self	3421.43587520617	-0.631675014288111	0.130551474528851	-4.8385130582996	1.30814102802054e-06	5.59604557713933e-06
gene_6364	onu_vs_self	412.201430994618	0.541737969356671	0.111966983341759	4.83837246648966	1.30906651102498e-06	5.5972074597272e-06
gene_2277	onu_vs_self	597.912908113932	0.789483138400616	0.163178493394179	4.83815680595553	1.31048737794856e-06	5.59769059642696e-06
gene_5127	onu_vs_self	2680.67890825871	0.386034120031687	0.079788961067205	4.83818957996629	1.31027135273499e-06	5.59769059642696e-06
gene_5857	onu_vs_self	24.4192802612321	2.44163814105357	0.504755010432143	4.83727370821575	1.31632110500314e-06	5.61980481736999e-06
gene_3822	onu_vs_self	809.513003258291	-0.401845770455631	0.0831008096892711	-4.83564205882236	1.32716552498821e-06	5.66327861111621e-06
gene_6090	onu_vs_self	704.024423459626	-0.600428678882658	0.124170380066119	-4.83552259856931	1.32796285981176e-06	5.66385753860918e-06
gene_4395	onu_vs_self	295.107732078903	0.908812955719482	0.188024160384707	4.83349030177826	1.34159817762563e-06	5.7191635460535e-06
gene_2832	onu_vs_self	26939.8420826258	-0.385170816160587	0.0797721960716566	-4.82838426329146	1.37645294112878e-06	5.8648268671291e-06
gene_8417	onu_vs_self	7987.15641812836	0.619824547424586	0.128392670258866	4.82756956588637	1.38209416342721e-06	5.88593335270493e-06
gene_5240	onu_vs_self	2108.34162711393	-0.674020821007171	0.139713889279909	-4.82429359372289	1.40500330519728e-06	5.98052127920873e-06
gene_3657	onu_vs_self	1254.70178044292	0.500208729475889	0.103695450601148	4.82382521678682	1.40830839269692e-06	5.99161025918768e-06
gene_3145	onu_vs_self	979.571223159986	0.365390602056479	0.0758418787590335	4.81779470702995	1.45153603267742e-06	6.17245327358109e-06
gene_4375	onu_vs_self	2036.37780639174	0.430312891302772	0.0893206040487481	4.81762182293261	1.45279391411013e-06	6.17473480873026e-06
gene_3313	onu_vs_self	1002.59887946235	0.487773548839717	0.101266295316258	4.81674131868241	1.4592166248071e-06	6.19895499173636e-06
gene_5276	onu_vs_self	14648.7563264857	0.418055161419835	0.0868233453126814	4.81500868129731	1.47193490979995e-06	6.24988235510295e-06
gene_868	onu_vs_self	14990.4948170889	0.620167534361132	0.128854604132731	4.81292491281343	1.48737184582686e-06	6.31229697584427e-06
gene_3630	onu_vs_self	738.441063276166	-0.419625041336496	0.0872067124622306	-4.81184337178444	1.49544534201829e-06	6.34341532590514e-06
gene_2891	onu_vs_self	903.292803436789	0.701647826399106	0.145846210942294	4.81087456345864	1.50271307216603e-06	6.36639183119068e-06
gene_3076	onu_vs_self	17293.6539909942	0.453573975917621	0.0942795914446318	4.81094549697953	1.50217979853928e-06	6.36639183119068e-06
gene_2442	onu_vs_self	1521.2949788851	-0.414471823727937	0.0861540190475407	-4.81082401390036	1.50309321154631e-06	6.36639183119068e-06
gene_1115	onu_vs_self	684.532157711883	0.480750109971494	0.0999748966125512	4.80870824837781	1.51908723169674e-06	6.43095287009104e-06
gene_4615	onu_vs_self	1077.68813163187	-0.417415786309675	0.0868132615759358	-4.80820301797509	1.52293062612471e-06	6.44403665824395e-06
gene_2505	onu_vs_self	1086.0314117842	-0.656755623374697	0.136715472897865	-4.80381341960713	1.55671901374644e-06	6.58375235062722e-06
gene_157	onu_vs_self	431.551849159625	0.520828619313351	0.108449801568198	4.8024856826117	1.5670802753635e-06	6.62429983067237e-06
gene_3210	onu_vs_self	16.7598996313706	4.12768197896129	0.860160582278468	4.79873417127245	1.59671548237083e-06	6.74624112985896e-06
gene_4981	onu_vs_self	3857.86912451269	0.275099895052201	0.057349139793843	4.79693149785894	1.61114668952701e-06	6.80385577817028e-06
gene_3309	onu_vs_self	3182.56944012754	0.305678067961691	0.063732755933564	4.7962474473932	1.6166555663895e-06	6.82375327825152e-06
gene_83	onu_vs_self	913.54552704232	-0.634674357170501	0.132348603552981	-4.79547452811947	1.62290191941634e-06	6.84674244958298e-06
gene_5525	onu_vs_self	380.488353131121	0.754253636200312	0.157382804133502	4.79247806234604	1.64733789824191e-06	6.94641005367033e-06
gene_976	onu_vs_self	402.096435376983	0.731225999412852	0.152601875232659	4.7917235505659	1.65354640412823e-06	6.9691566811116e-06
gene_6176	onu_vs_self	579.033563028614	-1.04528378248531	0.218184719035448	-4.79082030632717	1.66100833580188e-06	6.99716109963785e-06
gene_4977	onu_vs_self	301.92978740044	0.769064102017635	0.16058904678583	4.78901965862778	1.67598063664718e-06	7.05329117487702e-06
gene_2879	onu_vs_self	564.136389062804	-0.686825082202867	0.143414752366788	-4.78908250977061	1.67545585451836e-06	7.05329117487702e-06
gene_7276	onu_vs_self	956.723587964033	0.698299998560365	0.145923193411891	4.78539416684298	1.70652090663034e-06	7.17828941560476e-06
gene_7522	onu_vs_self	15695.7908955484	0.636380217955056	0.133048666281677	4.78306348902271	1.72643565449125e-06	7.25849174972745e-06
gene_6124	onu_vs_self	1628.39108705521	-0.641912689936458	0.134247274062441	-4.78156964019913	1.73931727166009e-06	7.30906030702524e-06
gene_568	onu_vs_self	924.286277863858	-0.704710595514147	0.147401994220704	-4.7808755861131	1.74533355340441e-06	7.33074348240516e-06
gene_5147	onu_vs_self	820.475647980108	0.641022204629656	0.134086076005168	4.78067688851561	1.74705960641464e-06	7.33439442418309e-06
gene_1194	onu_vs_self	8508.36488676742	0.260414888829311	0.0544745953768104	4.78048321475315	1.74874359687716e-06	7.33786528885711e-06
gene_7219	onu_vs_self	1445.98369334636	-0.839522611127234	0.175637016011021	-4.77987288895045	1.75406058009999e-06	7.35656960590686e-06
gene_5376	onu_vs_self	442.515563043284	-0.939594686119871	0.196657196756016	-4.77783016141323	1.77196948366534e-06	7.42804053877341e-06
gene_7525	onu_vs_self	40352.637531715	-0.336942610120078	0.0705518722391802	-4.77581387178214	1.7898188430383e-06	7.4991920197787e-06
gene_1169	onu_vs_self	2030.47015252084	0.3708177008519	0.0776814741973533	4.77356673110787	1.80991540293179e-06	7.57968485767913e-06
gene_2573	onu_vs_self	1589.08609931048	-0.745344369420591	0.156212789073032	-4.77134025865277	1.83004086930998e-06	7.66021997129265e-06
gene_3890	onu_vs_self	4334.33205878085	0.584821571673739	0.12263260210436	4.76889148267486	1.85242405928807e-06	7.75012216398136e-06
gene_3930	onu_vs_self	4985.52000750176	0.406334526552214	0.0852218722253469	4.76796057094086	1.8610019306502e-06	7.78220641248934e-06
gene_31	onu_vs_self	3087.58045361037	0.390699563310505	0.0820019655740729	4.76451461346476	1.89308798063095e-06	7.9125161690434e-06
gene_203	onu_vs_self	4500.4035850229	0.261477211074386	0.0549059339365196	4.76227599327784	1.91421633641627e-06	7.99692134686347e-06
gene_8003	onu_vs_self	2462.59621473266	0.406860639457448	0.0855480513578835	4.75593111706752	1.97533820921575e-06	8.24824149799359e-06
gene_659	onu_vs_self	13050.6792628176	-0.483975364762578	0.101781164073546	-4.75505825825361	1.98389199158832e-06	8.27991976986643e-06
gene_3999	onu_vs_self	7.83183855397731	-3.60068419553881	0.757316795445751	-4.75452837860209	1.9891020149346e-06	8.29761854183243e-06
gene_4786	onu_vs_self	10621.8752722235	0.28925169659346	0.0608622466798726	4.75256357385039	2.00853585505232e-06	8.37460639028148e-06
gene_7851	onu_vs_self	713.853003931546	-0.559668624509603	0.117768595686422	-4.75227390840096	2.01141631127054e-06	8.38253341016348e-06
gene_6679	onu_vs_self	229.129150945105	0.90226360974513	0.189888389732289	4.75154700620281	2.01866216818067e-06	8.40863657402751e-06
gene_1589	onu_vs_self	5734.88473549678	-0.659282214606859	0.138776964460606	-4.75066029271744	2.02753499645457e-06	8.44148811753458e-06
gene_4394	onu_vs_self	390.097094713573	0.729315420656131	0.153567288017122	4.74915869175741	2.04264614800373e-06	8.50026787890713e-06
gene_5779	onu_vs_self	504.903175106118	-0.646078607873478	0.1360540227719	-4.74869169400933	2.04736772717557e-06	8.51577635793143e-06
gene_6387	onu_vs_self	1818.90297938243	-0.715657499337523	0.15075382908851	-4.74719284853024	2.06259272159957e-06	8.57493622967085e-06
gene_1995	onu_vs_self	1689.26842580635	-0.415674630420341	0.0875964431554342	-4.74533685897216	2.08159626150087e-06	8.64973980507156e-06
gene_1409	onu_vs_self	472.638977490747	0.674767637411877	0.142203758451662	4.7450759723854	2.08428093146774e-06	8.65669324277724e-06
gene_4947	onu_vs_self	9270.75897538155	0.666102293889822	0.140410119014467	4.74397642110958	2.09563252392419e-06	8.69961901299276e-06
gene_1073	onu_vs_self	1411.11514497562	-0.382623202199161	0.0806594826085411	-4.74368530301787	2.0986479085013e-06	8.70791376479453e-06
gene_3739	onu_vs_self	826.549579509395	0.637977078749753	0.134546028116064	4.74170131725786	2.11930917254121e-06	8.78938300239959e-06
gene_2397	onu_vs_self	3478.90321291202	0.481434051901283	0.101544933987145	4.741093750302	2.12567536368801e-06	8.81151627756386e-06
gene_2278	onu_vs_self	870.771451401861	0.548619526950409	0.115719296592133	4.74095110415409	2.12717269468867e-06	8.81345511448935e-06
gene_7777	onu_vs_self	3233.74272332138	0.610850894546679	0.128891092355179	4.73927936667174	2.14479629581692e-06	8.88217527440388e-06
gene_3402	onu_vs_self	1532.61534637351	-0.558026195111143	0.117756310963251	-4.73882198369217	2.14964244560738e-06	8.89793971682747e-06
gene_5759	onu_vs_self	2475.11229078108	-0.337002669742736	0.0711422746943783	-4.7370240998123	2.16879383124802e-06	8.9728734632591e-06
gene_7945	onu_vs_self	929.093147097462	-1.08529389355741	0.229128204493046	-4.7366228699721	2.17309011384859e-06	8.98630501185697e-06
gene_6614	onu_vs_self	1075.05100958382	-0.472057850895797	0.0996683158065688	-4.73628802770123	2.17668178826414e-06	8.99681125424481e-06
gene_6108	onu_vs_self	167.847285162255	0.901069441225493	0.190274139761421	4.73563797137811	2.18367087956022e-06	9.02134301594377e-06
gene_7574	onu_vs_self	26008.2718920087	0.550476286705225	0.116352974592496	4.73108907299675	2.23318498726854e-06	9.22144886204474e-06
gene_4327	onu_vs_self	336.806117983545	0.586603000481608	0.124033562971908	4.72938925905454	2.25196248632055e-06	9.29450283650141e-06
gene_2349	onu_vs_self	1919.52440975714	0.41248480185807	0.087261807546129	4.72697980316325	2.27883921592656e-06	9.40089816305126e-06
gene_7425	onu_vs_self	1311.45052464088	0.735753403387778	0.155719986525916	4.72484887651419	2.30286546633591e-06	9.49543756832147e-06
gene_240	onu_vs_self	1691.8834495111	-0.445073480803917	0.0942092815902817	-4.72430606932714	2.30902439108045e-06	9.51624881446734e-06
gene_2631	onu_vs_self	2839.69606104119	-0.549308445220832	0.116282759994816	-4.72390271133331	2.31361130484403e-06	9.53056437414095e-06
gene_6359	onu_vs_self	315.020978250911	0.780959970290851	0.165475830927897	4.71948057859363	2.3644761825976e-06	9.73444276900434e-06
gene_5191	onu_vs_self	1074.2036855737	-0.373028117175969	0.0790413789974599	-4.71940294953554	2.36537861676741e-06	9.73444276900434e-06
gene_2103	onu_vs_self	1666.44529592147	0.513193641596957	0.108776043850373	4.71789213351867	2.38300776762507e-06	9.80228087019251e-06
gene_6264	onu_vs_self	2857.46678295925	0.419313203025648	0.0889111589367073	4.71609197360865	2.40417788348028e-06	9.88461223947703e-06
gene_5762	onu_vs_self	5108.75111966001	-0.257521209016794	0.0546420618853519	-4.71287502944372	2.44246000196277e-06	1.00371856057615e-05
gene_7094	onu_vs_self	35095.415550505	0.400121694610791	0.0849077242780946	4.712429852675	2.44780354553249e-06	1.00543178261795e-05
gene_1374	onu_vs_self	727.983478983656	-0.623444159877098	0.132303343959407	-4.71223282208483	2.45017212321436e-06	1.0059219843988e-05
gene_7437	onu_vs_self	174.845250334067	-0.745963371745648	0.158310948433394	-4.71201378759662	2.45280780040293e-06	1.00652132173773e-05
gene_1286	onu_vs_self	2859.50683731607	0.553030833204479	0.117479613727946	4.70746213453819	2.50819852398928e-06	1.0287579954647e-05
gene_6346	onu_vs_self	290.723097483399	0.768098197769255	0.163202282338369	4.70641823609273	2.52107033107021e-06	1.03354224300579e-05
gene_4282	onu_vs_self	1601.07045744407	-0.41939925160043	0.0891243879964889	-4.7057742670497	2.52904239947013e-06	1.03631416656124e-05
gene_1375	onu_vs_self	3668.13552919615	0.502212135095856	0.106851269701308	4.70010451443152	2.60028375749124e-06	1.06499660115431e-05
gene_3345	onu_vs_self	1156.9143663296	-0.397557415769021	0.0845893533439435	-4.69985169590478	2.60350490876385e-06	1.06580593108649e-05
gene_8126	onu_vs_self	1214.07282054353	0.620458906858227	0.13204007717783	4.69901957132758	2.61413404635365e-06	1.06964567097454e-05
gene_5683	onu_vs_self	4131.65682061205	0.646856369036872	0.137706884521928	4.69734226638368	2.63568581764456e-06	1.07777766052353e-05
gene_766	onu_vs_self	7121.05135459579	-0.462166004111376	0.0983901931596352	-4.69727712965788	2.6365261929162e-06	1.07777766052353e-05
gene_6469	onu_vs_self	3435.1281090428	0.608951892784826	0.129656941319551	4.69663935140972	2.64476822211963e-06	1.08063083443169e-05
gene_7009	onu_vs_self	70.0801542001669	-1.29479496598954	0.275837049951127	-4.69405747421875	2.67838729058706e-06	1.09384519119395e-05
gene_4857	onu_vs_self	8271.31337653931	0.396230593830656	0.0844420562054472	4.69233710826071	2.70101575102634e-06	1.1025605545439e-05
gene_4960	onu_vs_self	3981.4773325946	0.517808785241329	0.110404454143504	4.6901077430108	2.73061226360072e-06	1.11411062804681e-05
gene_5549	onu_vs_self	267.054534127259	0.987069307667146	0.210466384520364	4.68991430587169	2.73319491062559e-06	1.11463308408552e-05
gene_144	onu_vs_self	22324.1688519696	0.294498906493742	0.0628183025040953	4.68810672613356	2.75744210808649e-06	1.12398592596287e-05
gene_4980	onu_vs_self	168.115404622007	0.730927877143744	0.15614489346777	4.68108729597753	2.85357386021702e-06	1.16261743186376e-05
gene_3573	onu_vs_self	333.703063843232	0.602266341027157	0.128716608198481	4.67901034261611	2.88262903429213e-06	1.17389650492581e-05
gene_3033	onu_vs_self	445.768780786149	0.484669729328398	0.103637757938047	4.67657482148665	2.91706196504758e-06	1.18735380032369e-05
gene_8156	onu_vs_self	500.916150234144	0.454423854278945	0.0972003648278616	4.67512498624582	2.93774646848828e-06	1.19520483698953e-05
gene_7211	onu_vs_self	53.6760557996351	1.42051294732822	0.304022512628662	4.6723939455867	2.97709248119705e-06	1.21063713249628e-05
gene_1105	onu_vs_self	1663.03846837139	-0.317249939367032	0.0679311742812463	-4.67016716145028	3.00954736569276e-06	1.22325382005366e-05
gene_3808	onu_vs_self	312.480881167202	0.72921979131932	0.156208965030391	4.66823265346804	3.03801766978511e-06	1.2342397367518e-05
gene_1927	onu_vs_self	589.038424063532	0.549864026048295	0.117941354323975	4.66218171904203	3.12874735082604e-06	1.27049702671114e-05
gene_3576	onu_vs_self	4524.13542019464	0.312516727807291	0.0670451252750357	4.66128934095163	3.14234593182988e-06	1.27541399603906e-05
gene_8370	onu_vs_self	749.146972264143	0.883650840169386	0.189672029056785	4.65883580496116	3.18002719809939e-06	1.29009634197776e-05
gene_4336	onu_vs_self	838.325244254902	-0.475617916898918	0.102102288981788	-4.6582493070626	3.18909857385887e-06	1.29316360929569e-05
gene_330	onu_vs_self	181.928149494997	0.779295150160394	0.167394028634001	4.65545370118479	3.23268046969639e-06	1.30987063283369e-05
gene_2227	onu_vs_self	444.604850426164	0.596998384566415	0.128237542572712	4.65541036259262	3.2333605691327e-06	1.30987063283369e-05
gene_4253	onu_vs_self	1453.87638893917	-0.491831412799705	0.105649603173018	-4.65530771558367	3.23497192511364e-06	1.30990348528726e-05
gene_1785	onu_vs_self	23082.8968120568	0.60334557462744	0.129607398574005	4.65517849494474	3.23700152988224e-06	1.31010558372539e-05
gene_3985	onu_vs_self	1834.78009084288	0.452250407360082	0.0972827548341283	4.64882401954169	3.33832878585378e-06	1.35047705136618e-05
gene_4108	onu_vs_self	35721.9778619216	-0.480421309849296	0.103346279334014	-4.64865608075333	3.34104753385766e-06	1.35093844543323e-05
gene_3910	onu_vs_self	608.303033345108	0.482485783699536	0.103820582242729	4.64730377423142	3.36301744279213e-06	1.35917985412184e-05
gene_8627	onu_vs_self	165.495743635757	0.686831185500038	0.147823417723862	4.64629485690189	3.37949873519788e-06	1.36519628000443e-05
gene_915	onu_vs_self	5586.77474067201	0.561962345392904	0.120995569921441	4.64448694904921	3.40922598067863e-06	1.37655539597213e-05
gene_687	onu_vs_self	529.719708744522	-0.485545301561254	0.104583000263405	-4.6426790237261	3.43920418178027e-06	1.38800508232151e-05
gene_5090	onu_vs_self	1008.81109143913	0.506041278538271	0.109024541582025	4.64153548545351	3.45829614832896e-06	1.39505254616852e-05
gene_3322	onu_vs_self	1276.22329209638	-0.478011907578065	0.102995513733406	-4.64109445402985	3.46568651903583e-06	1.39737525214068e-05
gene_244	onu_vs_self	485.837295213043	-0.568287915946731	0.122469939183127	-4.64022371315938	3.48032202708965e-06	1.40261565686852e-05
gene_6660	onu_vs_self	13129.740383737	0.55171602666058	0.118909875839259	4.63978305222001	3.48775127129492e-06	1.40494827681339e-05
gene_5686	onu_vs_self	900.755878041615	-0.815824926687002	0.175895550988617	-4.63812144253608	3.51590189218493e-06	1.41562183429459e-05
gene_3899	onu_vs_self	1235.8194578909	-0.539869755648318	0.116437975989481	-4.63654362814663	3.54283443706517e-06	1.42579514721569e-05
gene_1385	onu_vs_self	2511.74454715966	-0.474949727060623	0.102444690261052	-4.63615757781439	3.54945419201159e-06	1.42778796445579e-05
gene_679	onu_vs_self	258.446273577232	0.789505389805133	0.170335985094589	4.63498883906836	3.56956738683392e-06	1.43520417244238e-05
gene_8463	onu_vs_self	189.720207041314	0.90506470109264	0.195292501268587	4.63440580264728	3.57964185425169e-06	1.43857907382134e-05
gene_3213	onu_vs_self	69.4523442023231	1.21958794364073	0.263171983760545	4.63418607943621	3.58344558802279e-06	1.43943192085758e-05
gene_6255	onu_vs_self	1003.66280909226	-0.504602986414044	0.108901117955507	-4.63358867096485	3.59380721443215e-06	1.44291696789583e-05
gene_5930	onu_vs_self	560.794464440731	-0.496809103295157	0.107222206933373	-4.63345343753156	3.59615672651568e-06	1.44318338391815e-05
gene_3506	onu_vs_self	951.896994104431	0.720189377083444	0.155449889174336	4.63293593137116	3.60516135833846e-06	1.44611908281993e-05
gene_1992	onu_vs_self	339.23946750895	0.614072511605889	0.132616763878041	4.63042901703297	3.64908865591908e-06	1.4630538123966e-05
gene_556	onu_vs_self	1429.32965601315	0.695368071484598	0.150180280447968	4.63022221965765	3.65273507549295e-06	1.46383016133987e-05
gene_7880	onu_vs_self	144.924114418154	0.937224140859798	0.202446243319911	4.62949633191648	3.66556219055501e-06	1.46828321718067e-05
gene_1408	onu_vs_self	467.61673382492	-0.670447853047987	0.144906856554069	-4.62675037601015	3.71447757614457e-06	1.48718091916733e-05
gene_3844	onu_vs_self	1792.88997890805	0.445267677170816	0.0962509319922126	4.62611289007405	3.72592267579181e-06	1.49036907031673e-05
gene_8246	onu_vs_self	5827.41586618955	-0.351098584414368	0.0758938703346162	-4.62617841027706	3.72474480230883e-06	1.49036907031673e-05
gene_8433	onu_vs_self	3959.46818445158	0.27303169820627	0.0590272833960088	4.6255169219719	3.73665295525754e-06	1.4939630685196e-05
gene_2358	onu_vs_self	1716.94677833878	-0.404844670821371	0.0875275795981321	-4.62533835255295	3.73987382351052e-06	1.49455275113212e-05
gene_5070	onu_vs_self	621.858935924701	0.754793498005437	0.163230393632006	4.62409898800513	3.76230177257927e-06	1.50281396048897e-05
gene_1138	onu_vs_self	813.435256903119	-0.495708982241391	0.107219836767333	-4.62329543848382	3.77691190559277e-06	1.50794617126279e-05
gene_7960	onu_vs_self	1366.30607791621	0.515605899460918	0.111526020474823	4.62318925454097	3.77884660494078e-06	1.50801524187847e-05
gene_2389	onu_vs_self	1042.10482960936	0.5597472910948	0.121096066781678	4.62234080735223	3.79433969487235e-06	1.51349244119792e-05
gene_984	onu_vs_self	474.761965352595	-0.567004229630042	0.122789143639358	-4.61770652375734	3.88004456901735e-06	1.54695768564455e-05
gene_4346	onu_vs_self	905.573094091953	-0.460376915394027	0.0997073877568136	-4.61727988017183	3.88802738569001e-06	1.54941873470701e-05
gene_7744	onu_vs_self	1064.05844203649	0.457719322320561	0.099197043669425	4.61424358417288	3.94529510901119e-06	1.57150889405006e-05
gene_6890	onu_vs_self	10478.857101389	0.422809070505908	0.0916640554445972	4.61259398196121	3.97674637530867e-06	1.58329995221592e-05
gene_3184	onu_vs_self	2003.4539693221	0.321456482917665	0.0697231226956848	4.61047168413127	4.0175636282142e-06	1.59880728300853e-05
gene_4140	onu_vs_self	4681.09651750131	0.335389719837406	0.0727577990771019	4.60967379568466	4.03301268460447e-06	1.60420950651553e-05
gene_500	onu_vs_self	2651.55598030563	0.660901815679312	0.143430702328395	4.60781272733454	4.06926907330178e-06	1.61779116711009e-05
gene_6224	onu_vs_self	1743.03143760043	-0.461095457616408	0.100070036434354	-4.60772748812663	4.07093711910647e-06	1.61779116711009e-05
gene_1921	onu_vs_self	528.710810350665	-0.620323458714852	0.134686805264557	-4.60567356614029	4.11132900884975e-06	1.63308474783081e-05
gene_3693	onu_vs_self	4208.71410329601	0.663987310606584	0.144410829070322	4.59790526016057	4.26759961443461e-06	1.69437164654732e-05
gene_3726	onu_vs_self	1052.26665579561	0.604017838891566	0.131403072424811	4.5966797255611	4.2927669888449e-06	1.70357373317164e-05
gene_6953	onu_vs_self	13.7209475767193	2.78145052926153	0.60562224347136	4.59271527630584	4.37515803409267e-06	1.73546583743435e-05
gene_979	onu_vs_self	1190.64942743119	0.39704113214711	0.0865574002388142	4.58702700233212	4.49602549484889e-06	1.78258352181133e-05
gene_3093	onu_vs_self	921.411557794825	0.431527802593138	0.0942074505170372	4.58061225757401	4.63616684039893e-06	1.8372957478618e-05
gene_7575	onu_vs_self	6990.73811942581	0.585272220764628	0.127782254506924	4.58023082330978	4.64463041683261e-06	1.83979807348853e-05
gene_7436	onu_vs_self	113.237182333697	1.00996959748469	0.220553478470912	4.57925036814999	4.66645353069192e-06	1.84758752186507e-05
gene_8497	onu_vs_self	147.993953670724	0.835213426777594	0.182481840380301	4.57696735761196	4.71765038767385e-06	1.86699432817791e-05
gene_970	onu_vs_self	6197.84627069284	0.359784522921144	0.0786656562467848	4.57359081569791	4.79435726713387e-06	1.89559806959196e-05
gene_3660	onu_vs_self	2522.77098519625	-0.351541308734273	0.076862222672167	-4.57365525628459	4.79288221437964e-06	1.89559806959196e-05
gene_7703	onu_vs_self	1139.19553858565	0.386391822992979	0.0845842744755567	4.56812835942264	4.92098655294132e-06	1.94476661556684e-05
gene_7228	onu_vs_self	1766.73208637587	0.736165402896516	0.161183623962446	4.56724687532795	4.94171871967621e-06	1.95205870975673e-05
gene_5830	onu_vs_self	938.278303458395	-0.578597247324842	0.126731485688182	-4.56553668713756	4.98218051048707e-06	1.96659210881777e-05
gene_689	onu_vs_self	2528.83245668997	0.356600074795471	0.0781076006383641	4.56549774773544	4.98310547199268e-06	1.96659210881777e-05
gene_4065	onu_vs_self	92.6782209278729	0.972656621120392	0.21315456445077	4.56315173745687	5.03913672962959e-06	1.98778849795527e-05
gene_3842	onu_vs_self	8489.11328043765	0.337990537407711	0.0741026982779208	4.56110972018972	5.08839820928778e-06	2.00629611568417e-05
gene_1134	onu_vs_self	1410.55292536427	-0.322704238121376	0.0707691596953802	-4.55995577042922	5.11643959486715e-06	2.0164237077377e-05
gene_8536	onu_vs_self	751.411430701155	0.755037869622493	0.165584027888155	4.55984722229663	5.11908495391164e-06	2.01653783734393e-05
gene_2006	onu_vs_self	345.454325747584	0.69933329114182	0.15338866439602	4.55922407236219	5.13429671283221e-06	2.02159980965242e-05
gene_6357	onu_vs_self	803.591793917251	-0.407699747067668	0.0894292929796387	-4.55890607522183	5.14207603513131e-06	2.0237319935965e-05
gene_3273	onu_vs_self	481.871655971925	0.458491296614298	0.100720725094041	4.55210480450985	5.31118644825841e-06	2.08932702192518e-05
gene_311	onu_vs_self	592.464823510781	0.707680797543545	0.155498999678373	4.551031189958	5.33836330013268e-06	2.09905327740633e-05
gene_4153	onu_vs_self	156.831380965786	-0.851095815171815	0.187096343483418	-4.54897086349123	5.3908905703691e-06	2.118733851348e-05
gene_4284	onu_vs_self	954.792730573243	0.560852182189361	0.123297139030213	4.5487850456281	5.39565217917424e-06	2.11896552055113e-05
gene_651	onu_vs_self	6609.03183267067	-0.491966168322984	0.108154034183194	-4.54875467233777	5.39643088177742e-06	2.11896552055113e-05
gene_1312	onu_vs_self	719.030705005315	-0.503594794234482	0.110785059200461	-4.54569233314439	5.47549705743643e-06	2.14902589691223e-05
gene_1206	onu_vs_self	2766.05808862657	0.723270743207973	0.159205854068174	4.54299088083946	5.54616516524639e-06	2.17576415281893e-05
gene_5348	onu_vs_self	927.463405010778	-0.377452250490946	0.0830954245821014	-4.54239511247708	5.56186713746646e-06	2.18092453947379e-05
gene_6510	onu_vs_self	1945.1178564766	0.336477580190178	0.0741075220776755	4.54039712510561	5.61483701879413e-06	2.20068703667023e-05
gene_1278	onu_vs_self	26961.619489685	0.546930945678263	0.120470662480415	4.53995134099288	5.62672119563624e-06	2.2043356262996e-05
gene_3426	onu_vs_self	1052.82574701132	-0.871043737045221	0.191940193514735	-4.53809971270219	5.67634204264846e-06	2.22155654437579e-05
gene_6501	onu_vs_self	5932.51881073091	0.499542158993408	0.110075630014767	4.53817215423971	5.67439287016955e-06	2.22155654437579e-05
gene_3151	onu_vs_self	2574.78957275412	-0.400556964636026	0.0882668849648053	-4.53802085341224	5.67846462511008e-06	2.22155654437579e-05
gene_1928	onu_vs_self	180.958834748591	0.835252280430946	0.184144792695293	4.53584523464124	5.73732425537337e-06	2.24355850278648e-05
gene_7320	onu_vs_self	777.31458520689	-0.52682515668103	0.116161019365261	-4.5353007365101	5.75214632890486e-06	2.24832751485962e-05
gene_6952	onu_vs_self	5451.45113321424	-0.327479993435099	0.0722164520467575	-4.53470066935811	5.76852352853464e-06	2.25369974460322e-05
gene_6827	onu_vs_self	289.510961689955	0.566609360545999	0.124963468737679	4.53420000476631	5.7822219499417e-06	2.25802098045168e-05
gene_3471	onu_vs_self	417.538278029304	-0.590164916285033	0.130178876715016	-4.53349215462202	5.80164220522403e-06	2.26457169524476e-05
gene_2501	onu_vs_self	4286.5111331524	-0.314204835034748	0.0693263590181061	-4.53225640989868	5.83569525590888e-06	2.27682549638013e-05
gene_2339	onu_vs_self	1234.61996604206	-0.457578832175342	0.100987378453789	-4.53104971315526	5.86913239790409e-06	2.28882794196169e-05
gene_2363	onu_vs_self	696.160622275868	-0.446568884471262	0.0985835631737013	-4.52985132708604	5.90252068408305e-06	2.30080041237481e-05
gene_7216	onu_vs_self	197.829623282586	0.714542351123937	0.157752823547627	4.5295059388158	5.9121772584958e-06	2.30351558182631e-05
gene_777	onu_vs_self	1002.14373138059	0.444488473750178	0.0981500602385084	4.52866226133794	5.93582892076234e-06	2.31167859698479e-05
gene_2393	onu_vs_self	22165.3432842125	0.447380470093287	0.098808139262982	4.52776940675469	5.96095783089065e-06	2.32040923294334e-05
gene_7267	onu_vs_self	238.526058409224	0.75249836334603	0.166333270928197	4.52403995392399	6.06702636546479e-06	2.36062480401721e-05
gene_3053	onu_vs_self	934.180085129356	0.522642763698617	0.11565948734902	4.51880581245757	6.21893994259666e-06	2.41863361692991e-05
gene_4551	onu_vs_self	152.08263075579	-0.938374526030307	0.207733403632689	-4.51720575324287	6.26610124947832e-06	2.4358686056101e-05
gene_4952	onu_vs_self	548.09366150942	0.567745927853707	0.125696951874206	4.51678357659693	6.27860173503035e-06	2.43962010221787e-05
gene_508	onu_vs_self	1080.78506760492	0.69992574609439	0.154976153525455	4.51634480642487	6.29161883380858e-06	2.44356883926504e-05
gene_989	onu_vs_self	1244.39121402625	0.400240638469649	0.0886308961552118	4.51581396366275	6.30740199317799e-06	2.44858780324733e-05
gene_5214	onu_vs_self	2277.67273019197	0.491589465587143	0.108948751082793	4.51211657500846	6.41838929724577e-06	2.49054453238549e-05
gene_6525	onu_vs_self	169.391103990423	-0.74044177104029	0.164124952552337	-4.51145154667554	6.43854921216327e-06	2.49723521776699e-05
gene_5365	onu_vs_self	3572.2212253277	1.83709773800359	0.407236878332153	4.51112813143902	6.44837522327158e-06	2.499913582935e-05
gene_4493	onu_vs_self	347.31128264751	0.58795649647674	0.130406135268262	4.50865670750259	6.52393724406416e-06	2.52806259887683e-05
gene_3983	onu_vs_self	21375.0196527478	0.524496434321614	0.116338596466294	4.50836137148665	6.5330233903031e-06	2.53043801904953e-05
gene_5997	onu_vs_self	4464.76219350731	-0.340794525357524	0.0756228381402412	-4.50650271450441	6.5904842691912e-06	2.55153981656611e-05
gene_8629	onu_vs_self	680.430773394669	0.522408104016962	0.115930626666299	4.50621306068403	6.59948242616231e-06	2.55271439529821e-05
gene_5321	onu_vs_self	930.550303094034	0.409031204016192	0.0907687908788172	4.50629781509679	6.59684829681418e-06	2.55271439529821e-05
gene_4819	onu_vs_self	3311.83821229985	0.49343360868324	0.109514165346778	4.5056601319179	6.61669191738705e-06	2.55821512253086e-05
gene_7376	onu_vs_self	5606.02256218084	-0.556198378406518	0.123494412312624	-4.50383436781342	6.6738229003974e-06	2.57913878227547e-05
gene_4236	onu_vs_self	957.318743265735	0.503658057001177	0.11183380042342	4.50362998569528	6.68024762373637e-06	2.58045666332055e-05
gene_1341	onu_vs_self	56.2082813770484	1.53468224966064	0.340796780505007	4.50321815654034	6.69321139279812e-06	2.58429812910924e-05
gene_6861	onu_vs_self	377.314593189554	0.547749699854431	0.121645358922787	4.50284091974367	6.70510736209387e-06	2.58683603837839e-05
gene_2253	onu_vs_self	1139.87845838723	-0.523991028642899	0.116369575705008	-4.50281807309495	6.70582846864677e-06	2.58683603837839e-05
gene_2388	onu_vs_self	2180.87054015219	0.290301939701856	0.0645355330083837	4.49832714117575	6.84902509924825e-06	2.64088535358401e-05
gene_6606	onu_vs_self	1813.62568746107	-0.642777764478244	0.142910460678384	-4.49776567388443	6.86713225049903e-06	2.64667501415001e-05
gene_1017	onu_vs_self	2587.198762433	-0.276279528012334	0.0614333851088062	-4.49722129951016	6.88473187436331e-06	2.65226394439919e-05
gene_365	onu_vs_self	7084.53805422322	0.429764599874617	0.0956165036135295	4.49466968183311	6.96780232338948e-06	2.68305838453504e-05
gene_3406	onu_vs_self	197.547193407216	0.668634436973011	0.148789672584502	4.49382289347586	6.99558160405252e-06	2.69254399868209e-05
gene_236	onu_vs_self	362.258637807043	0.588607239103316	0.130990649452111	4.49350576980309	7.00601222995194e-06	2.69534672756803e-05
gene_4792	onu_vs_self	1555.92145709417	-0.811887241346025	0.180722394425241	-4.49245509350463	7.04067678022667e-06	2.7074660035373e-05
gene_1606	onu_vs_self	3225.84919940419	-0.28081912394659	0.0625594785322777	-4.48883415487073	7.16140216133673e-06	2.75265390664762e-05
gene_3011	onu_vs_self	3671.52894751239	-0.328941343615739	0.0733043992890355	-4.48733427742502	7.21198712826982e-06	2.77085322342862e-05
gene_3823	onu_vs_self	3768.41364316669	-0.369273049461564	0.0823183976526866	-4.48591153364745	7.26028635329417e-06	2.78815842010759e-05
gene_4258	onu_vs_self	37822.6879963219	-0.374412709854114	0.0834878672085708	-4.48463617975472	7.30384479043799e-06	2.80237164527787e-05
gene_436	onu_vs_self	2670.27095502835	-0.25710807439977	0.0573300163510207	-4.4847026176575	7.30156951335295e-06	2.80237164527787e-05
gene_408	onu_vs_self	2232.25846794722	-0.258035892009201	0.0575597096942858	-4.4829255286327	7.36266292578618e-06	2.82367359519398e-05
gene_1875	onu_vs_self	71048.3183731611	-0.513271538332764	0.114498920726378	-4.48276311319429	7.36827081745282e-06	2.82455880866082e-05
gene_4474	onu_vs_self	2434.95567602513	-0.304307617218879	0.0678986562370427	-4.48179145337579	7.40190576451014e-06	2.83618233411848e-05
gene_7461	onu_vs_self	432.058445474802	0.682979859730494	0.152423030806315	4.48081799789404	7.4357500697974e-06	2.84787564194478e-05
gene_2185	onu_vs_self	190.698381631631	-0.803458346833272	0.179339703719217	-4.48009186014495	7.4610921406386e-06	2.8563036101908e-05
gene_2134	onu_vs_self	2653.77723839518	0.506273308302426	0.11301298865792	4.4797798404825	7.47200691807018e-06	2.85920336248014e-05
gene_4007	onu_vs_self	3314.43646404961	-0.519423795159381	0.116002733041591	-4.47768584015301	7.54565330097576e-06	2.88609438142772e-05
gene_6407	onu_vs_self	977.820630442417	0.440957456796444	0.0985027211172969	4.47660178109549	7.58405202267662e-06	2.89948572193443e-05
gene_3635	onu_vs_self	244.653818833679	0.865951511695166	0.193541320786777	4.47424616187867	7.66813611294555e-06	2.93032344316134e-05
gene_1028	onu_vs_self	2374.14284724842	0.378318017028008	0.084571376416644	4.47335768977213	7.70008112237464e-06	2.9412179566054e-05
gene_2802	onu_vs_self	1480.82698101004	-0.478609442006116	0.107010300811632	-4.47255486972796	7.7290559106181e-06	2.95096871520477e-05
gene_2656	onu_vs_self	29.6687111053074	2.21756403229928	0.49603962254094	4.47053810125067	7.80230420078334e-06	2.97653258606629e-05
gene_3090	onu_vs_self	1528.31755349368	-0.402756806748716	0.0900917143406892	-4.47051995509441	7.802966265342e-06	2.97653258606629e-05
gene_5761	onu_vs_self	179.325331557055	0.707041803057492	0.158161851195126	4.47036878814226	7.80848369645538e-06	2.97731048737898e-05
gene_6991	onu_vs_self	624.755650344577	0.542771004455047	0.121419702148359	4.47020536907472	7.81445251215768e-06	2.97825972858725e-05
gene_8225	onu_vs_self	1731.37578545394	0.440415177957062	0.0985349004826414	4.469636400908	7.83526789576524e-06	2.98486396029152e-05
gene_5626	onu_vs_self	231.758645275129	0.644158189468989	0.144126857335948	4.46938344022523	7.84453933462646e-06	2.98706657937733e-05
gene_1268	onu_vs_self	2707.8909608951	0.336830738338586	0.0753806485415099	4.46839798881676	7.88075792030806e-06	2.99952369043295e-05
gene_4320	onu_vs_self	1317.43287289564	0.305561414021237	0.06838955814618	4.46795420681198	7.89712052816724e-06	3.0044156320494e-05
gene_6301	onu_vs_self	27.4762979208676	2.06763725199972	0.463048036696293	4.46527592850126	7.99656246801435e-06	3.04089625616183e-05
gene_5592	onu_vs_self	564.156041908702	-0.450915807495225	0.100991751027458	-4.4648776054257	8.01145369442023e-06	3.04520620001053e-05
gene_7399	onu_vs_self	574.31189033427	0.59864047887465	0.134103942462358	4.46400357724518	8.04422201623703e-06	3.05630450328402e-05
gene_3467	onu_vs_self	3748.07706389906	0.666876230218249	0.149435990415597	4.46262127592957	8.09630777323875e-06	3.0747291277251e-05
gene_3023	onu_vs_self	2972.52711217312	-0.508374292699346	0.113949170475311	-4.46141284380383	8.14210602824776e-06	3.09075066970292e-05
gene_8616	onu_vs_self	1284.4548384302	-0.428082943370395	0.095967151572776	-4.46072365757112	8.16833621360502e-06	3.09933324416928e-05
gene_607	onu_vs_self	4319.65013435753	-0.502073391184261	0.112621430683544	-4.45806262748553	8.27037413023e-06	3.13665939542618e-05
gene_8534	onu_vs_self	76.6864539839009	0.953755298649893	0.214009939750121	4.45659346366575	8.32723046582876e-06	3.15682430414058e-05
gene_3690	onu_vs_self	1860.49899293159	0.786494328084775	0.176580782019029	4.4540199623763	8.42772595017444e-06	3.19350748709576e-05
gene_8437	onu_vs_self	1803.10959271463	-0.285101127471434	0.0640147187077969	-4.45368086006615	8.4410540441382e-06	3.19714259370898e-05
gene_3186	onu_vs_self	747.863888287813	-0.426836945367054	0.0958929711175394	-4.45118073194191	8.53994285452919e-06	3.23316721958292e-05
gene_4597	onu_vs_self	1076.38584387105	-0.390157933449028	0.087737023448285	-4.44690186781866	8.7117610442156e-06	3.29675837924339e-05
gene_1582	onu_vs_self	9945.20959084675	0.291129511859224	0.0654972726435004	4.44491045365863	8.79284835870003e-06	3.32597357271199e-05
gene_3117	onu_vs_self	12613.5902346009	0.408329737694427	0.0918722342334692	4.44453910478289	8.80804868415595e-06	3.3302516226314e-05
gene_1767	onu_vs_self	147.065797720295	1.09102131162247	0.24569978418606	4.44046507910761	8.97646708490726e-06	3.39243082767356e-05
gene_3062	onu_vs_self	604.875755489364	0.559238188670788	0.126006655316788	4.43816389908002	9.07295220623212e-06	3.42738176899148e-05
gene_333	onu_vs_self	4378.62484890692	-0.413250278511094	0.0931284437566003	-4.43742278772704	9.10423631816586e-06	3.43768252684163e-05
gene_2535	onu_vs_self	4859.12826499134	-0.389147312151646	0.0877129262328731	-4.43660163746539	9.13901942661008e-06	3.44929481004331e-05
gene_1820	onu_vs_self	834.522766194704	0.379805317185073	0.0857406230342989	4.42970092523283	9.43638602090306e-06	3.55995876328471e-05
gene_7860	onu_vs_self	1747.12014707696	-0.330784117098555	0.0746910015242491	-4.42870105297977	9.48023193453652e-06	3.57492446518205e-05
gene_3854	onu_vs_self	1269.19282665212	-0.537054907817489	0.121372832559149	-4.42483623800873	9.6515469858264e-06	3.63792347858538e-05
gene_2013	onu_vs_self	678.212393382179	-0.489263836822928	0.110586210523707	-4.42427527361599	9.67665720205073e-06	3.64578281908249e-05
gene_6732	onu_vs_self	2514.58445905406	0.335339532367691	0.0758132444429804	4.4232315188661	9.72354453444827e-06	3.66183639308742e-05
gene_7284	onu_vs_self	940.53778050168	0.495646454845467	0.112203735755427	4.41737925665718	9.99048458128811e-06	3.76071011503194e-05
gene_6413	onu_vs_self	620.976693318064	-0.59072912258525	0.133748705137046	-4.41670909621112	1.00214955756946e-05	3.77072536826134e-05
gene_6647	onu_vs_self	252.037645668652	-0.869482503162975	0.196937669972962	-4.41501366032383	1.01003611990066e-05	3.79872987097964e-05
gene_7346	onu_vs_self	1454.58228752523	0.466250661006284	0.105661504374268	4.41268240280546	1.02097713854005e-05	3.83819249271096e-05
gene_1240	onu_vs_self	3885.43517141446	0.471761425082953	0.107012664950532	4.4084634776737	1.0410657157348e-05	3.91199408546529e-05
gene_7080	onu_vs_self	1117.07850820845	-0.421435741778571	0.0956037905143412	-4.40814887685183	1.04257872693307e-05	3.91596046623392e-05
gene_4918	onu_vs_self	1266.44358541293	-0.332569154138408	0.0754607906519608	-4.40717823475079	1.04726008549353e-05	3.93181856658974e-05
gene_2952	onu_vs_self	7711.39060966048	0.55280060348129	0.125446542563092	4.40666272809603	1.04975450286937e-05	3.93945574071099e-05
gene_5607	onu_vs_self	958.846381924053	0.378771469276184	0.0859654837120997	4.40608780315479	1.0525431235434e-05	3.94818980610497e-05
gene_3957	onu_vs_self	63.0458560717601	2.00715496146552	0.455574272977731	4.40576889547851	1.05409300468715e-05	3.95219363883253e-05
gene_4525	onu_vs_self	4199.37807915031	0.336316482508824	0.0763370502820845	4.40567825539565	1.05453391017447e-05	3.95219363883253e-05
gene_5692	onu_vs_self	1415.69079904961	0.621151603549547	0.141008780784881	4.40505619644466	1.05756458041716e-05	3.96181742160653e-05
gene_7918	onu_vs_self	9907.62066075936	0.345913322314105	0.0785495785024553	4.4037578419761	1.06391697904634e-05	3.98387110264072e-05
gene_5473	onu_vs_self	1597.95076715129	0.459838019665392	0.104424445280262	4.40354764089236	1.06494884085093e-05	3.98599128888672e-05
gene_4519	onu_vs_self	5643.25282671814	-0.437456569792217	0.0994029028019162	-4.40084300821629	1.07831123005947e-05	4.03424131525744e-05
gene_4574	onu_vs_self	2046.36178522541	-0.495169477549715	0.112532066485731	-4.40025223932506	1.08125118513209e-05	4.04347319560098e-05
gene_2831	onu_vs_self	163.79221063417	-0.830469947041996	0.188745763052873	-4.39993954624221	1.08281039487648e-05	4.04753579918893e-05
gene_8576	onu_vs_self	490.421799923362	-0.502744325010234	0.114295396359364	-4.39864019920384	1.08931247127242e-05	4.06828741452527e-05
gene_7969	onu_vs_self	2071.57751234473	-0.475228105257446	0.108039251301336	-4.39866159320164	1.08920511213216e-05	4.06828741452527e-05
gene_8368	onu_vs_self	99.1001504659784	0.871065210693617	0.198058635197116	4.39801682883808	1.09244510188065e-05	4.07820761975507e-05
gene_22	onu_vs_self	2182.78966814967	-0.391727473368717	0.0891095660570021	-4.39602043531594	1.10253558834132e-05	4.11408223025356e-05
gene_3870	onu_vs_self	656.504405808274	-0.397220585107886	0.0903741409356532	-4.39529030091372	1.1062481228989e-05	4.12613678954884e-05
gene_1488	onu_vs_self	446.651807285123	-0.715371523506792	0.162762617548544	-4.39518320779912	1.10679366487034e-05	4.12637359376746e-05
gene_615	onu_vs_self	1840.00272716289	-0.36173434098583	0.0823083652861952	-4.39486727415907	1.10840455623236e-05	4.13058032274661e-05
gene_6503	onu_vs_self	276.79667645213	0.625576984219414	0.142354791066362	4.39449195586109	1.11032114887106e-05	4.13592212112111e-05
gene_710	onu_vs_self	3192.27136550165	-0.362649302489898	0.0825553235885548	-4.39280335569025	1.11898332789102e-05	4.16637550532715e-05
gene_8177	onu_vs_self	411.720555898625	-0.735554752117843	0.16751691086699	-4.39092834455311	1.12867734175725e-05	4.20064262845306e-05
gene_735	onu_vs_self	511.823756789944	-0.681803811402051	0.155290938900799	-4.39049320087884	1.1309385169953e-05	4.20722890285952e-05
gene_7188	onu_vs_self	567.45711298428	0.615245601089259	0.140164900498262	4.38944128595796	1.13642255116769e-05	4.22579367419437e-05
gene_7535	onu_vs_self	3260.97870870199	0.404685723250751	0.0922000172587932	4.38921526570707	1.1376041897646e-05	4.22835078783541e-05
gene_3873	onu_vs_self	739.510292261181	0.469670133929592	0.107046444748313	4.38753603666031	1.14642003429109e-05	4.25926887740092e-05
gene_2247	onu_vs_self	246.621182590644	0.697618370021882	0.159064652113148	4.38575359612672	1.15584906842131e-05	4.29243732133901e-05
gene_6524	onu_vs_self	904.54762740459	0.762808938873274	0.173961711662102	4.38492431228161	1.16026113404521e-05	4.30695373262227e-05
gene_4415	onu_vs_self	1116.81230697255	-0.555275431607842	0.126667938928694	-4.38370937669101	1.16675403357736e-05	4.32730265486232e-05
gene_2612	onu_vs_self	700.564759762326	0.38211732174806	0.087167364318019	4.38372003946287	1.16669689867382e-05	4.32730265486232e-05
gene_4188	onu_vs_self	4436.5561881561	-0.334818630279763	0.0764204275829913	-4.3812713546539	1.17988817149839e-05	4.37411985622616e-05
gene_5430	onu_vs_self	250.502081068208	0.7592109649724	0.173298422764434	4.38094561313118	1.18165365983796e-05	4.37876854035193e-05
gene_4235	onu_vs_self	2774.58311123256	0.557899868955379	0.127368965274924	4.38018686695899	1.18577577440207e-05	4.39214220202582e-05
gene_8015	onu_vs_self	187.97678641089	0.715122856086612	0.163298445219545	4.37923860894799	1.19094676517893e-05	4.40938767730609e-05
gene_3121	onu_vs_self	1959.99988692555	-0.537487284388446	0.122741141688766	-4.37903116260193	1.19208086635862e-05	4.4116784332165e-05
gene_7619	onu_vs_self	1312.00360415801	0.389627337364533	0.0889986025798651	4.37790399028897	1.1982611120954e-05	4.43263401881446e-05
gene_506	onu_vs_self	3926.83747010051	0.334435113459383	0.076424850429237	4.37599958103997	1.20877245808488e-05	4.46958628129872e-05
gene_4741	onu_vs_self	540.678920832178	-0.904405428042761	0.206711532568761	-4.37520547017335	1.21318148345748e-05	4.48395228773576e-05
gene_1365	onu_vs_self	674.339392545167	-0.461603750412256	0.105551465237525	-4.37325762720107	1.22406129315841e-05	4.52221176928615e-05
gene_5436	onu_vs_self	366.402476455978	-0.863824933306718	0.197574345164782	-4.37215131643871	1.23028206307407e-05	4.54323315785764e-05
gene_5223	onu_vs_self	3178.91630537091	-0.527748198272385	0.120814890345531	-4.3682380273079	1.25252941875719e-05	4.6233944909709e-05
gene_4335	onu_vs_self	115.085515183042	1.24227842407119	0.284562134133595	4.36557881410875	1.26786575833907e-05	4.67798745318208e-05
gene_887	onu_vs_self	3256.7435471409	-0.664086373908066	0.152133511911082	-4.36515509019608	1.27032596842908e-05	4.68504536396076e-05
gene_202	onu_vs_self	12776.3468609886	-0.461685808650512	0.105876652231533	-4.3606007454872	1.29705845347429e-05	4.78157638317827e-05
gene_5697	onu_vs_self	1456.15290799019	-0.5517261560419	0.126562719772923	-4.35931020628981	1.30473054755009e-05	4.80778884504036e-05
gene_4451	onu_vs_self	5943.16418733516	-0.247455952994891	0.056767580133156	-4.35910694826958	1.3059428305538e-05	4.81018529670419e-05
gene_7738	onu_vs_self	633.276553743469	0.428434644060286	0.0982943643688957	4.35868980700037	1.30843413480772e-05	4.81728868557166e-05
gene_5239	onu_vs_self	21158.1388829296	0.493501969205133	0.11323238894429	4.35831102572545	1.31070026797554e-05	4.82355730604928e-05
gene_6189	onu_vs_self	1639.63564159045	-0.456606532128908	0.104806908142573	-4.35664537978515	1.32070983209889e-05	4.85830518382747e-05
gene_1538	onu_vs_self	3159.36809122588	0.267386084000676	0.06137984624832	4.35625209810614	1.32308384620312e-05	4.86494747572969e-05
gene_6196	onu_vs_self	375.491209922048	0.607156838824825	0.139412284812595	4.35511719531026	1.32995744430916e-05	4.8881218219349e-05
gene_3619	onu_vs_self	969.608502083807	0.642546893709425	0.14760405940102	4.35317901361854	1.34177497790655e-05	4.92943940381119e-05
gene_4591	onu_vs_self	114929.966230789	0.311095719832934	0.0714682986414692	4.35291906686613	1.34336752984469e-05	4.93317291096976e-05
gene_1668	onu_vs_self	676.457732969912	-0.692832869743072	0.159190498432813	-4.35222501696911	1.3476284339076e-05	4.94669785345157e-05
gene_5802	onu_vs_self	2506.83586914828	-0.332154543386151	0.0763589608472487	-4.34990916194637	1.36193937950136e-05	4.99708576447993e-05
gene_2585	onu_vs_self	44.6642818929167	-1.41215932261775	0.324711687530597	-4.34896364019753	1.36782385662404e-05	5.01652622652177e-05
gene_7993	onu_vs_self	422.796901238608	-0.754715253954652	0.173596317319285	-4.3475303255803	1.37679039247996e-05	5.04724871932697e-05
gene_6629	onu_vs_self	634.478226143706	-0.798744447837721	0.18381164970874	-4.34545062352347	1.38990035259695e-05	5.09312800437925e-05
gene_4657	onu_vs_self	391.48170069774	0.526271048420964	0.121114893549422	4.345221574308	1.39135148302947e-05	5.096263883069e-05
gene_1734	onu_vs_self	1818.07583248422	0.517618950964134	0.119159639464923	4.34391169097574	1.39967798845507e-05	5.12456953856946e-05
gene_1360	onu_vs_self	1501.58506678887	-0.662351668301777	0.152581740385272	-4.34096286114791	1.41859701775819e-05	5.19161627704577e-05
gene_5710	onu_vs_self	4749.67042256362	-0.765619551474916	0.176418509108929	-4.3397915294828	1.4261794900793e-05	5.21564755174601e-05
gene_7316	onu_vs_self	2527.23696432106	0.659442033171936	0.151953561059029	4.33976030950513	1.42638211666325e-05	5.21564755174601e-05
gene_6394	onu_vs_self	170.753215935507	0.716975601861991	0.16529145675314	4.33764464265556	1.44017755395874e-05	5.26384281037012e-05
gene_8292	onu_vs_self	4802.23076163985	-0.376724987408542	0.086857164058133	-4.33729320423589	1.44248143496985e-05	5.26890701645172e-05
gene_4585	onu_vs_self	9133.31671062715	0.250037242552384	0.0576488557493467	4.33724554116961	1.44279416431809e-05	5.26890701645172e-05
gene_712	onu_vs_self	2598.15332607604	-0.588500690101398	0.135826620727453	-4.33273453281498	1.47268645462831e-05	5.37577656785429e-05
gene_63	onu_vs_self	102.457976146002	1.03135424005517	0.238112216297743	4.3313789443106	1.48178407935337e-05	5.40668018723993e-05
gene_1947	onu_vs_self	143.043879784571	-0.906285230686709	0.209279449439411	-4.33050274699375	1.48769290089154e-05	5.42592723972372e-05
gene_4314	onu_vs_self	366.758712162604	0.647009166555872	0.149420992156511	4.33010889044401	1.49035626882505e-05	5.43332609077618e-05
gene_8635	onu_vs_self	249.436464127248	0.728067879939322	0.168164328087147	4.32950250639375	1.49446569722686e-05	5.44598823680798e-05
gene_7023	onu_vs_self	1557.26145328133	0.78414719145836	0.181289191479099	4.3253940572004	1.52259432658185e-05	5.5461308236343e-05
gene_5851	onu_vs_self	1302.36086732127	-0.406160394823878	0.093910222543188	-4.32498596877555	1.5254157133067e-05	5.55404445168241e-05
gene_3371	onu_vs_self	1601.56504375526	-0.519509825289311	0.120213016954228	-4.32157713408956	1.54917875466968e-05	5.63816757651891e-05
gene_81	onu_vs_self	1406.57478501933	0.452874366962118	0.104830443113907	4.32006536946554	1.55982987672289e-05	5.67346419143228e-05
gene_2284	onu_vs_self	660.022607386686	-0.426953638190718	0.0988315715636233	-4.32001263802493	1.56020265264388e-05	5.67346419143228e-05
gene_8181	onu_vs_self	1504.98847070764	-0.430454489074142	0.0996450051787905	-4.31988024188256	1.56113897892824e-05	5.6744584541935e-05
gene_2434	onu_vs_self	5396.26194162158	0.339462607953849	0.0786385456921898	4.31674575064737	1.58346370028689e-05	5.75316183126308e-05
gene_7634	onu_vs_self	1088.74058532603	-0.567152721816548	0.131402374148963	-4.31615277493844	1.58772112907704e-05	5.76373743210326e-05
gene_7129	onu_vs_self	1497.32249632119	-0.358848600435589	0.0831391846552086	-4.31623911064068	1.58710058066582e-05	5.76373743210326e-05
gene_3898	onu_vs_self	1833.26250029499	0.325439569367428	0.0754164299003619	4.31523435672293	1.59433670485503e-05	5.7852997853154e-05
gene_4968	onu_vs_self	11.5077709774033	2.66714223436108	0.618169144850829	4.31458324404833	1.5990427264223e-05	5.79991768566734e-05
gene_2508	onu_vs_self	1801.45313889478	-0.473607750095916	0.109809142238192	-4.31300837473615	1.61048015380969e-05	5.83892846955145e-05
gene_7675	onu_vs_self	1348.60399336607	-0.387865561078469	0.0900080532133213	-4.30923175462108	1.63822627122419e-05	5.93700968741705e-05
gene_5775	onu_vs_self	1001.20612645509	0.392569960321767	0.0911029880969975	4.30907886252641	1.6393590815087e-05	5.93860082002306e-05
gene_3962	onu_vs_self	385.116683578807	0.57782127795513	0.134113045625751	4.30846436496245	1.6439195605218e-05	5.95260213116185e-05
gene_191	onu_vs_self	1528.61130622874	-0.341457404354841	0.0792724498258738	-4.30739058909962	1.65191760172937e-05	5.97903368744331e-05
gene_2603	onu_vs_self	454.29852602467	-0.449211262751017	0.104325552799529	-4.30586036399172	1.66337962424656e-05	6.01797531003829e-05
gene_5360	onu_vs_self	2832.92387758224	0.27743680658867	0.0644725276784651	4.30317868057372	1.68364958337769e-05	6.08873698086734e-05
gene_7604	onu_vs_self	421.997390628352	-0.74737172194596	0.173692567910326	-4.30284226284116	1.6862090093289e-05	6.09541770264163e-05
gene_4039	onu_vs_self	115.043170859966	-0.950506874491357	0.221000223512274	-4.30093173384763	1.70081455161375e-05	6.14561948578038e-05
gene_7017	onu_vs_self	4096.35008195495	0.665671802684817	0.154800156623073	4.30020109285598	1.70643193353063e-05	6.16331533798404e-05
gene_1	onu_vs_self	1029.21093673536	0.677098151597683	0.157570464030163	4.29711339472903	1.73036688694026e-05	6.24712802708083e-05
gene_2670	onu_vs_self	657.525857774442	0.403936447109373	0.0940077003281325	4.29684425530503	1.73246826831273e-05	6.25207773050463e-05
gene_6005	onu_vs_self	21947.6692700768	0.38335800467563	0.0892251265207998	4.29652520118605	1.73496252264772e-05	6.25844045253453e-05
gene_1345	onu_vs_self	3467.31985722863	0.603385156850466	0.140464907978467	4.2956291755302	1.74198565174769e-05	6.28112770807088e-05
gene_8079	onu_vs_self	568.774065167102	-0.573953728666254	0.13367910565713	-4.29351861567935	1.75863561687392e-05	6.33849300229084e-05
gene_3163	onu_vs_self	446.509318742374	0.517327942546758	0.120527194176265	4.29220929004777	1.76904083182398e-05	6.37331208771601e-05
gene_4503	onu_vs_self	3878.33308017904	0.55208501483708	0.128650746711801	4.29134714681325	1.77592428648531e-05	6.39541939096099e-05
gene_319	onu_vs_self	519.984687055079	0.501030125346126	0.116769451190204	4.29076372492327	1.78059686601773e-05	6.40685547419579e-05
gene_1503	onu_vs_self	5051.14482865633	0.302262858883891	0.0704435445411805	4.29085249546454	1.77988515507386e-05	6.40685547419579e-05
gene_2639	onu_vs_self	2948.77653028066	0.430947217533052	0.100439416629843	4.29061848418788	1.78176190713602e-05	6.40835375003544e-05
gene_5794	onu_vs_self	8619.21630860655	0.243677800320279	0.0567995064222506	4.2901393985498	1.78561001912722e-05	6.41949675083116e-05
gene_1569	onu_vs_self	4661.11261766048	-0.519367122662002	0.12107184875073	-4.28974305770538	1.78879949192549e-05	6.42826349743164e-05
gene_5746	onu_vs_self	1515.30902484348	-0.367816890963726	0.0857619576862496	-4.28881173992485	1.79631545908109e-05	6.45256413333367e-05
gene_5369	onu_vs_self	3154.03916275568	0.301880947705457	0.0703951596085218	4.28837649327401	1.799838315369e-05	6.462506702835e-05
gene_7558	onu_vs_self	2559.37549911336	-0.384744864116254	0.089722706581457	-4.28815490276092	1.80163438127193e-05	6.46624331391517e-05
gene_7221	onu_vs_self	2644.19292047353	0.769056354820389	0.179563701740431	4.28291657704907	1.84459344280423e-05	6.61765292137644e-05
gene_890	onu_vs_self	233.126912564861	0.924598095072224	0.216150987231284	4.27755666034916	1.88955871771104e-05	6.77613013138101e-05
gene_6329	onu_vs_self	507.200451722992	-0.718986122909707	0.168100764456729	-4.27711393956678	1.89331909623536e-05	6.78614156989007e-05
gene_4756	onu_vs_self	1011.61408363706	-0.56732986682542	0.132645400228676	-4.27704138890127	1.89393600589572e-05	6.78614156989007e-05
gene_250	onu_vs_self	6570.67776741193	-0.524832397442093	0.122715209373595	-4.27683251425086	1.89571316900507e-05	6.78904463210633e-05
gene_3747	onu_vs_self	3996.72818499872	-0.246568208063044	0.057653041354484	-4.27675977312283	1.8963324433839e-05	6.78904463210633e-05
gene_6705	onu_vs_self	425.258208423741	0.807321185742404	0.188839591445954	4.27516909754308	1.90992277769046e-05	6.83484070946083e-05
gene_7626	onu_vs_self	581.28428229463	0.591366749279711	0.138430546450051	4.2719382711755	1.93781224271631e-05	6.93174793048541e-05
gene_6400	onu_vs_self	3155.48706347918	0.31746732268071	0.0743182788923897	4.27172597928958	1.93965832583375e-05	6.9354533287957e-05
gene_5301	onu_vs_self	4285.25817000735	-0.384758379247644	0.0900975158889353	-4.27046601064942	1.95064948882632e-05	6.97184117927069e-05
gene_7954	onu_vs_self	2992.9042963822	0.59689228377975	0.139886229574452	4.26698385963763	1.98133488163217e-05	7.07560558480241e-05
gene_4984	onu_vs_self	1290.44958618255	-0.347349758682797	0.0814033204013612	-4.26702199578813	1.98099634246792e-05	7.07560558480241e-05
gene_5203	onu_vs_self	1130.382536515	-0.372421762690651	0.0873074924580698	-4.26563347778554	1.99335795995983e-05	7.11557303471898e-05
gene_1794	onu_vs_self	1326.72890771893	0.725119944414929	0.170011457211681	4.26512398815619	1.99791220898713e-05	7.1288572359024e-05
gene_6228	onu_vs_self	1871.76915664177	-0.371606704405724	0.0871943128360767	-4.26182273039224	2.0276626187737e-05	7.2319966736262e-05
gene_3541	onu_vs_self	4571.2388094784	0.467362355084055	0.109666408976139	4.261672826232	2.02902349386814e-05	7.23383636297845e-05
gene_6118	onu_vs_self	1458.60089705876	0.620356539477149	0.145570570175812	4.26155189697969	2.03012195976419e-05	7.23473937368088e-05
gene_4528	onu_vs_self	2413.66185184135	-0.454314659876302	0.106612005100588	-4.26138369171145	2.03165080093052e-05	7.23717472158355e-05
gene_3221	onu_vs_self	83.0847981654992	1.17939206985273	0.277065913113744	4.25672020277916	2.0744770737367e-05	7.38665713443685e-05
gene_1630	onu_vs_self	1769.36408159107	0.555040396209967	0.130420256412833	4.25578366027006	2.08318065098284e-05	7.41456398021335e-05
gene_7874	onu_vs_self	1871.66635280568	-0.48652921822051	0.114355873995741	-4.25451882112003	2.09499038575424e-05	7.4534986292836e-05
gene_6724	onu_vs_self	904.968395781839	-0.671073606262599	0.157760249901865	-4.25375597896201	2.10214378654252e-05	7.47584163390276e-05
gene_3512	onu_vs_self	2788.12022184281	0.742229614207403	0.174512504935508	4.25316004994426	2.10774816471128e-05	7.48954931088772e-05
gene_2338	onu_vs_self	2209.22637071266	0.538936695839276	0.126712497810264	4.25322446603701	2.10714168249086e-05	7.48954931088772e-05
gene_5641	onu_vs_self	1058.59400587624	0.334337350626095	0.0786139005931541	4.25290372444908	2.11016313471398e-05	7.49501926686791e-05
gene_2854	onu_vs_self	1655.65818709464	0.609770282964682	0.143459435249736	4.2504717929719	2.13320700285889e-05	7.57372540210372e-05
gene_6384	onu_vs_self	1859.51110777009	-0.392478155670345	0.0923515058364899	-4.24982951945835	2.13933276434456e-05	7.59232523332894e-05
gene_3845	onu_vs_self	858.2159284735	0.548097645435548	0.129023357948713	4.24804976517057	2.15639500094067e-05	7.64970626110738e-05
gene_4149	onu_vs_self	8744.74011960034	-0.476360150357077	0.112138740050459	-4.24795347390856	2.15732181486503e-05	7.64982383398701e-05
gene_5298	onu_vs_self	4327.35746018223	0.287264103061395	0.0676491475336526	4.24638171410059	2.17250389006495e-05	7.70046927493001e-05
gene_3776	onu_vs_self	2612.47695301737	0.769521398437085	0.181283780060466	4.24484417845004	2.18745375181508e-05	7.75025004782165e-05
gene_7549	onu_vs_self	1390.915890475	-0.392406120392394	0.0924554603508734	-4.2442719867836	2.19304228260061e-05	7.76683572158096e-05
gene_1851	onu_vs_self	1464.42625855049	-0.453884357929716	0.106943428689954	-4.24415378756558	2.19419841328961e-05	7.76771646722874e-05
gene_2125	onu_vs_self	31.5193637921125	1.65953279185931	0.391080589436935	4.24345476784888	2.2010475372477e-05	7.78874200861525e-05
gene_1787	onu_vs_self	6542.34924156333	0.39575010070293	0.0932851913507313	4.2423678932597	2.21173736805646e-05	7.82333548370383e-05
gene_8254	onu_vs_self	22734.4614499102	0.221291638751752	0.0521767397870752	4.24119329139397	2.22334558314759e-05	7.86114753892747e-05
gene_296	onu_vs_self	1132.45769926431	0.668196887614219	0.157571066155654	4.2406065016667	2.22916633623941e-05	7.87847392163889e-05
gene_2115	onu_vs_self	435.960482930084	-0.574262475509886	0.135467026773726	-4.23913102093171	2.24386675461733e-05	7.92715617809506e-05
gene_3341	onu_vs_self	319.958539235646	-0.500013183521957	0.117994118513965	-4.23761107603664	2.25910662818123e-05	7.97770327443536e-05
gene_487	onu_vs_self	2759.41377439985	-0.367948832330702	0.0868818374753458	-4.2350489241795	2.28501951193684e-05	8.06588330811521e-05
gene_1985	onu_vs_self	415.64605399467	-1.25484535459398	0.296438945144422	-4.23306510547267	2.3052773364118e-05	8.13403709797403e-05
gene_1425	onu_vs_self	2475.21655789608	-0.452831473776773	0.107018476231174	-4.23133920164026	2.32304037031903e-05	8.19333562831929e-05
gene_1720	onu_vs_self	421.274397289334	-0.433559473797851	0.102468575125633	-4.23114572703172	2.32503971355689e-05	8.19700986328131e-05
gene_21	onu_vs_self	1818.28257049683	0.429182940570072	0.101451795812593	4.23041245482614	2.33263213328242e-05	8.22039154421471e-05
gene_3044	onu_vs_self	754.992376489435	0.564740434654138	0.133600734031649	4.22707583717583	2.36747892355516e-05	8.3397611463507e-05
gene_543	onu_vs_self	18680.2529292963	-0.439925340332443	0.10416603612871	-4.22330883157406	2.40741576973684e-05	8.47695556929138e-05
gene_2953	onu_vs_self	16726.0212418224	0.327663107286375	0.0776095009219647	4.22194581067897	2.42202346045323e-05	8.52488520620051e-05
gene_92	onu_vs_self	847.675056558364	-0.539950062769165	0.127950311705148	-4.21999802558857	2.44304458114972e-05	8.59533975118851e-05
gene_6150	onu_vs_self	265.57390422529	-0.581519232696483	0.1378347904139	-4.21895829746797	2.45433659964047e-05	8.63152066266326e-05
gene_5494	onu_vs_self	571.493081767744	0.422073210019634	0.100091164374888	4.21688780079301	2.47697139195558e-05	8.70754624851737e-05
gene_4347	onu_vs_self	688.330266904174	-0.455719747428012	0.108094735723785	-4.21592915118931	2.48751853359943e-05	8.74103392759076e-05
gene_4797	onu_vs_self	1140.92324807156	0.42237579143943	0.100220482179737	4.21446576840385	2.50370121349388e-05	8.79428903878031e-05
gene_8311	onu_vs_self	315.430723912769	0.603577407609643	0.143273923941628	4.21275128791441	2.52278803003327e-05	8.85769710298801e-05
gene_8373	onu_vs_self	1306.21042640492	-0.43935956676243	0.10431737021111	-4.21175846240453	2.53390406750426e-05	8.89307864609942e-05
gene_2428	onu_vs_self	9965.7279046895	-0.583740856219227	0.138626713080961	-4.21088290449698	2.54374577980538e-05	8.92396060456313e-05
gene_5308	onu_vs_self	367.333893320327	0.653949138164309	0.155477348980137	4.20607337630804	2.59845898433711e-05	9.11217079308714e-05
gene_4489	onu_vs_self	1582.84450216346	-0.356136252198354	0.0846819263759162	-4.2055757047544	2.60418396574152e-05	9.12850726730033e-05
gene_668	onu_vs_self	2507.51804429316	-0.32123320469151	0.0764066640029207	-4.20425638108255	2.61941896088447e-05	9.17815239671349e-05
gene_4463	onu_vs_self	749.551440929209	0.527025911441587	0.125486370001689	4.19986578171393	2.67073249673613e-05	9.35412036500052e-05
gene_2292	onu_vs_self	2552.16944566931	0.258421187747886	0.0615364360026745	4.199482526688	2.67525672976347e-05	9.36613399050114e-05
gene_5044	onu_vs_self	1783.97816411164	-0.400598172609409	0.0954277233837954	-4.19792234797707	2.69374959682063e-05	9.42702230122018e-05
gene_3625	onu_vs_self	646.326752763859	0.481620101499536	0.114785473959233	4.19582796400342	2.71876560821045e-05	9.51067985544808e-05
gene_8041	onu_vs_self	4327.4209076976	0.400381181382413	0.0955404199362172	4.19069940921034	2.7809588298166e-05	9.72426780360707e-05
gene_2984	onu_vs_self	75.2845341556513	0.922695435910758	0.220339110493627	4.18761532550276	2.81900785804248e-05	9.8532900223943e-05
gene_7908	onu_vs_self	1165.22955238586	-0.321655011112595	0.0768185954899096	-4.18720244832966	2.82413902189198e-05	9.86719592954913e-05
gene_483	onu_vs_self	773.987743940016	0.543344922597979	0.129774522492636	4.18683815714915	2.82867373994948e-05	9.87900743123932e-05
gene_7175	onu_vs_self	897.888834977281	0.416931993400911	0.0996363757188896	4.18453592267574	2.85749259678543e-05	9.96873129312125e-05
gene_8006	onu_vs_self	4179.4626915484	0.391540003079141	0.093566273839428	4.18462750532392	2.85634087433831e-05	9.96873129312125e-05
gene_8255	onu_vs_self	999.815992609993	0.355338137052597	0.0849175660188568	4.18450685425546	2.85785824688312e-05	9.96873129312125e-05
gene_6141	onu_vs_self	485.815086449573	0.779624741651533	0.186473632105262	4.18088462615156	2.90377181325988e-05	0.000101247603753583
gene_8306	onu_vs_self	404.485952142115	0.546431554006509	0.130739652416542	4.17953959572691	2.92099859655958e-05	0.000101806791476181
gene_2979	onu_vs_self	1704.11802662922	-0.356188844371579	0.0852466869990418	-4.17833064146624	2.93656541289661e-05	0.000102307692040679
gene_5776	onu_vs_self	472.485128737664	0.568510118775165	0.136105817184256	4.17697149568217	2.95416028594924e-05	0.000102836974573914
gene_7340	onu_vs_self	3964.83430303714	-0.249722861136969	0.0597848343135907	-4.17702689995079	2.95344109305226e-05	0.000102836974573914
gene_1387	onu_vs_self	19171.5336833597	0.593784558627694	0.142198849038149	4.17573392924154	2.97026836701382e-05	0.000103355679762757
gene_1524	onu_vs_self	27725.3912654479	0.463311293450002	0.110958028474662	4.1755544850529	2.97261091873852e-05	0.000103395162390905
gene_8036	onu_vs_self	1185.494869284	-0.40786028481987	0.097685696523375	-4.17523034933035	2.97684679540328e-05	0.000103500440977466
gene_6893	onu_vs_self	637.074816757019	0.86273796765504	0.206641078062601	4.17505549111429	2.97913426243056e-05	0.00010353791833701
gene_325	onu_vs_self	688.799672064795	-0.405031831277904	0.0970192755332724	-4.17475629509313	2.98305217198343e-05	0.000103608889196413
gene_2223	onu_vs_self	1235.53556820548	-0.342496621830731	0.0820407250753786	-4.17471471048125	2.9835971012752e-05	0.000103608889196413
gene_5013	onu_vs_self	12232.1436006373	-0.368974888457311	0.0883907313286142	-4.17436175616147	2.98822606409833e-05	0.000103727555185246
gene_613	onu_vs_self	3309.67303837819	-0.264473880879795	0.0633676400706042	-4.17364258137305	2.99767910579446e-05	0.000104013510926634
gene_3289	onu_vs_self	75.2279129791724	-1.28329286145808	0.307535766000167	-4.17282476815194	3.00846321427164e-05	0.000104345401597104
gene_3235	onu_vs_self	1297.34801629129	0.342830368555132	0.0821781141454723	4.17179649496764	3.02207488691604e-05	0.00010477505480762
gene_3028	onu_vs_self	1225.70359368774	-0.605844197874934	0.145282750301746	-4.17010413567077	3.04460485621285e-05	0.000105513431454178
gene_131	onu_vs_self	992.396430600719	0.633340677508305	0.151918784834409	4.16894249252088	3.06016181752924e-05	0.000106009652602389
gene_2587	onu_vs_self	1438.31840344342	0.323758280679973	0.0776639242086632	4.16870875350203	3.06330121383444e-05	0.000106075478925658
gene_555	onu_vs_self	2664.73085208148	-0.353760274311166	0.0848762887604916	-4.16795172688836	3.07349001445086e-05	0.000106385258890818
gene_3039	onu_vs_self	2750.99387271702	0.379243921271019	0.0910422993299374	4.16557934127563	3.10562889334852e-05	0.00010745425758716
gene_935	onu_vs_self	5950.22741500932	-0.450323952699125	0.108118019700316	-4.16511469547207	3.11196076892098e-05	0.000107629835078641
gene_2882	onu_vs_self	2727.73320163733	0.419822330398208	0.100821632414016	4.16401044444749	3.12705800283427e-05	0.000108064660897301
gene_8376	onu_vs_self	2407.0849736353	-0.33398918275208	0.0802080823254823	-4.16403401089631	3.12673507864192e-05	0.000108064660897301
gene_911	onu_vs_self	782.473814704725	-0.464589543528899	0.111616380255806	-4.16237780211237	3.14950693479615e-05	0.000108796526883999
gene_2955	onu_vs_self	2050.63888346953	0.289627609550653	0.0695942635816523	4.16165923231365	3.15943576792589e-05	0.000109095482748873
gene_3517	onu_vs_self	1182.18685067455	-0.461832149959629	0.111057765977522	-4.15848586449237	3.20364053247217e-05	0.000110577269991781
gene_7173	onu_vs_self	376.567238378779	0.726409063050047	0.17469010669247	4.1582724792128	3.20663396146858e-05	0.000110635980290895
gene_5250	onu_vs_self	1488.16877680629	0.35265351669266	0.084827843626681	4.1572849387125	3.22052209965202e-05	0.000111070383452946
gene_5890	onu_vs_self	531.140307755686	0.437118730532503	0.105148045762517	4.15717408119748	3.22208469163613e-05	0.000111079520581576
gene_8237	onu_vs_self	583.159847823635	0.440356490268765	0.105949043933631	4.15630452073371	3.23436658886243e-05	0.000111458043480928
gene_6137	onu_vs_self	52.5918149992422	1.25292125763228	0.301511260316858	4.15547086472188	3.24618311307258e-05	0.000111820231178677
gene_7605	onu_vs_self	558.251198136585	-0.38691116520434	0.0931373575639593	-4.15419951053089	3.26428271805586e-05	0.000112398471707796
gene_4001	onu_vs_self	13380.6501112126	-0.481187413574488	0.1158390345895	-4.1539314901896	3.26811060013902e-05	0.00011248502910008
gene_4628	onu_vs_self	322.942577450939	0.530361825026492	0.127707965693925	4.15292673518579	3.28249856139933e-05	0.000112934837964543
gene_8487	onu_vs_self	283.109039871701	0.674647291950996	0.162491074083357	4.15190370152212	3.29721008552921e-05	0.000113395413146364
gene_1223	onu_vs_self	5061.24102220746	-0.269674584553026	0.0649657945997775	-4.15102418456295	3.3099078476648e-05	0.000113786390265103
gene_6540	onu_vs_self	2084.84248425531	0.539057560033408	0.130002557967827	4.14651502601061	3.37574035775278e-05	0.000116002960507281
gene_278	onu_vs_self	4081.40339689256	-0.79395272348603	0.191568927419101	-4.14447548557327	3.40592387431954e-05	0.000116993211734251
gene_326	onu_vs_self	2617.25345971504	-0.488581318694868	0.117906323350937	-4.14380929545781	3.41583835263054e-05	0.000117286707976404
gene_2823	onu_vs_self	536.108669209732	0.802285547648278	0.193642241773458	4.14313292544337	3.42593237097123e-05	0.000117586131096687
gene_367	onu_vs_self	1106.69987679716	-0.400537879401611	0.0967145695419626	-4.14144302454684	3.45127609400387e-05	0.000118408510479652
gene_720	onu_vs_self	3740.42738804527	0.308886620213629	0.0746373423630957	4.13849971654882	3.49584304528728e-05	0.000119889489053121
gene_7835	onu_vs_self	1675.45148203668	-0.349589694804728	0.0844767898687775	-4.13829284171149	3.49899597138111e-05	0.00011994956153393
gene_6119	onu_vs_self	1042.71426459271	0.686982262756012	0.166183335146933	4.13388178874019	3.56686986386805e-05	0.000122178495537057
gene_3074	onu_vs_self	265.526756341621	-0.501616582862938	0.121342036611478	-4.13390607963051	3.56649269388118e-05	0.000122178495537057
gene_591	onu_vs_self	852.086866904849	0.361745166143085	0.0875201642532766	4.13327796205024	3.57625779558178e-05	0.00012245106692072
gene_6328	onu_vs_self	476.098308395907	0.607532216014899	0.147041053788982	4.13171832192364	3.6006148228396e-05	0.000123235757231136
gene_1597	onu_vs_self	5337.77362548423	-0.394319758310924	0.0954571942083966	-4.13085427013566	3.61417651153859e-05	0.000123650483368387
gene_252	onu_vs_self	347.905503735603	-0.69638978849245	0.168652301095274	-4.12914489734147	3.64114891643769e-05	0.000124523510686003
gene_6762	onu_vs_self	5665.52401684047	-0.428437618648726	0.10382725953279	-4.12644637426282	3.68411861525881e-05	0.000125942713045589
gene_8529	onu_vs_self	75.4157771096063	-0.861056211395454	0.20871805061327	-4.1254515786509	3.70008027079208e-05	0.000126437872726468
gene_4730	onu_vs_self	6136.00279505531	-0.398289420937586	0.0965483651159712	-4.12528394923282	3.7027763672117e-05	0.000126479511984566
gene_741	onu_vs_self	2144.54117068718	-0.269213597122848	0.0652829733025525	-4.12379497292784	3.72680657144106e-05	0.000127249558243061
gene_8183	onu_vs_self	855.592882031774	-0.353575463725391	0.0857794415386502	-4.12191379872855	3.75737808004426e-05	0.000128242250259884
gene_7426	onu_vs_self	4521.12491093785	0.708927664075566	0.172083732928455	4.11966693197147	3.79420457470159e-05	0.000129447553445379
gene_19	onu_vs_self	2282.18340172218	0.259125348208045	0.0629644819489166	4.11542095142265	3.86473433996716e-05	0.000131801298606051
gene_2772	onu_vs_self	593.332702094343	0.418624993426079	0.101732522341255	4.11495737834778	3.87250964022786e-05	0.000132013869057549
gene_7965	onu_vs_self	326.257161775038	-0.476374818344975	0.115845579807645	-4.11215360254547	3.91985349132034e-05	0.000133574625341171
gene_356	onu_vs_self	2349.01358578762	0.34967040815008	0.0850665694968236	4.11055024574768	3.94717373417264e-05	0.000134452077853234
gene_4995	onu_vs_self	524.14737923742	0.815422469788193	0.198410400450491	4.10977684605633	3.96041652111523e-05	0.000134849504458021
gene_4979	onu_vs_self	922.781868970142	0.354438565932148	0.0862846331547126	4.10778319352209	3.99474820024649e-05	0.000135964392024294
gene_781	onu_vs_self	738.311913775495	0.410322986217783	0.0999089195321767	4.10697051013182	4.00882388141465e-05	0.000136389238572772
gene_2666	onu_vs_self	1185.22223646352	-0.332829115409915	0.0810589166448509	-4.10601484927515	4.02543614961219e-05	0.000136900013669767
gene_4630	onu_vs_self	9572.4842660097	0.316252524129895	0.0770843790201254	4.10267979258583	4.08392274959998e-05	0.000138833910788625
gene_5551	onu_vs_self	2017.25272529266	0.485574065548838	0.118459923670407	4.09905772774139	4.1483556724441e-05	0.000140968338849232
gene_3722	onu_vs_self	867.344223686292	0.463424587555561	0.1131239917926	4.09660745003762	4.19248936376267e-05	0.000142411543467494
gene_6938	onu_vs_self	955.377209929887	-0.547406578225237	0.133736028936735	-4.09318702355215	4.25484258630733e-05	0.000144472243311348
gene_8077	onu_vs_self	559.590254731025	-1.18403033889616	0.289276091817668	-4.09308052890337	4.25679799950108e-05	0.000144481327818117
gene_8317	onu_vs_self	897.017920767735	0.62343353321591	0.152321255936493	4.09288598221536	4.26037239141795e-05	0.000144545333612912
gene_4361	onu_vs_self	306.580574625935	0.52385512191962	0.12799678361688	4.09272098186171	4.26340616210531e-05	0.000144590953833682
gene_4572	onu_vs_self	192.819930494664	0.798651308947568	0.195149529926002	4.0925095194972	4.26729720066815e-05	0.000144627147583686
gene_2415	onu_vs_self	28792.6308753145	0.441384592233296	0.107852613019995	4.09247935561343	4.26785250930363e-05	0.000144627147583686
gene_5699	onu_vs_self	197.074495501716	-0.580932646276031	0.142014156929937	-4.09066714780156	4.30134081575493e-05	0.000145661113267976
gene_644	onu_vs_self	3469.454830225	0.296328118756099	0.0724404539061718	4.09064414670726	4.30176745725986e-05	0.000145661113267976
gene_7785	onu_vs_self	558.398160400199	0.666447958170368	0.162957532942007	4.08970328734384	4.31925366725147e-05	0.000146195379168337
gene_6084	onu_vs_self	1635.65183952297	-0.510730196990066	0.124900825567309	-4.08908583806623	4.33076580645985e-05	0.00014652709606046
gene_5129	onu_vs_self	1565.05346060736	0.303813305439365	0.074339551797629	4.08683262264509	4.37302366652405e-05	0.000147898390302038
gene_526	onu_vs_self	1343.39493870856	-0.444716739544423	0.108865382752086	-4.08501516553848	4.40739378604017e-05	0.000149001938422211
gene_414	onu_vs_self	1827.58587963562	-0.392294263507225	0.0960418705171538	-4.08461706748161	4.41495639274558e-05	0.000149198684255437
gene_7620	onu_vs_self	4788.62367320505	-0.332056898911764	0.0813037341963805	-4.08415311047973	4.42378564276968e-05	0.000149438062754966
gene_6583	onu_vs_self	1697.84802561018	0.386469121626784	0.0946314744709421	4.0839384970743	4.42787546741465e-05	0.000149517214994357
gene_7812	onu_vs_self	812.273136126657	0.342854055895324	0.0839885176726101	4.08215391098792	4.46202297311068e-05	0.000150610870070297
gene_7051	onu_vs_self	982.652909239019	-0.608600237770538	0.149098173104165	-4.08187588821327	4.46736528820382e-05	0.000150731757457724
gene_2593	onu_vs_self	2145.44361659149	0.323121827521289	0.0791854565310453	4.08057036830502	4.49253258665819e-05	0.00015152119362409
gene_1124	onu_vs_self	1618.55409817685	-0.517548136014718	0.126995615355085	-4.07532287290102	4.59505471088594e-05	0.000154917953230341
gene_1964	onu_vs_self	99.7812996760882	1.15645397058544	0.283798575381992	4.07491111972235	4.60319246118445e-05	0.000155131210502909
gene_733	onu_vs_self	2711.91860594121	0.607487253889342	0.149090913955284	4.07460949680369	4.60916230479439e-05	0.000155271268512554
gene_5382	onu_vs_self	117.559515641865	0.740742150442814	0.181851157285733	4.07334306527907	4.6343082562528e-05	0.000156056957803005
gene_1707	onu_vs_self	3777.23180186087	0.689418219199159	0.169258890552008	4.07315808907139	4.63799196822911e-05	0.000156119588077236
gene_7163	onu_vs_self	1026.84118742779	-0.416309819746977	0.102225143711759	-4.07247967213263	4.65152609450484e-05	0.000156513613871704
gene_2923	onu_vs_self	821.464776849206	0.355814672872269	0.0873817599996793	4.07195589644309	4.66200080355111e-05	0.000156804427812957
gene_5660	onu_vs_self	219.673982867943	-1.02815355202576	0.25250475852158	-4.07181851956224	4.66475183037429e-05	0.00015683533255304
gene_3380	onu_vs_self	3944.30527080619	-0.475072060127094	0.116749650657945	-4.06915187711327	4.71845832954717e-05	0.000158578733022865
gene_7595	onu_vs_self	328.485910271272	-0.679658706792854	0.167053680481887	-4.06850483528585	4.73157793812757e-05	0.000158957249412763
gene_7471	onu_vs_self	2577.47327900015	0.480370267229516	0.118102521173092	4.06740061480552	4.7540473486978e-05	0.000159649451960978
gene_3104	onu_vs_self	6856.78135155366	0.3480281185155	0.0855719348820125	4.06708249609367	4.76053938722705e-05	0.000159804773155543
gene_2078	onu_vs_self	744.897823847245	0.441752930789834	0.108725480458338	4.06301199063549	4.84435400826432e-05	0.000162554568054655
gene_4602	onu_vs_self	728.445301933223	-0.436506934299143	0.107502009226678	-4.06045372955522	4.89774431390881e-05	0.000164281705827035
gene_3944	onu_vs_self	2723.60263446549	0.433907558527842	0.106913745532998	4.05848243707746	4.93926473856886e-05	0.000165609503181157
gene_1926	onu_vs_self	2950.48080854875	0.31797174689432	0.0783509884877265	4.05829911059935	4.94314297148201e-05	0.000165674643053587
gene_1213	onu_vs_self	4819.70854796454	0.432575820142308	0.106603638917451	4.05779600523086	4.95380089527445e-05	0.000165966871481602
gene_8538	onu_vs_self	3091.56430384365	0.383804263421232	0.0946036421427637	4.05697132507904	4.97131827972081e-05	0.000166488593405361
gene_4887	onu_vs_self	207.157880046737	0.781021657998256	0.192520726729207	4.05681856321275	4.97456959896044e-05	0.000166532326034812
gene_2561	onu_vs_self	1823.48912215793	-0.314654622283552	0.0775890740988974	-4.05539859752011	5.0048881482761e-05	0.000167481792608458
gene_7837	onu_vs_self	55.1604547365169	1.13466602171221	0.279838790909275	4.05471313689344	5.01958643815974e-05	0.000167908010592604
gene_5016	onu_vs_self	344.601105450679	0.772097343726915	0.190519067885921	4.05259878863795	5.06518245059943e-05	0.000169367038191918
gene_7695	onu_vs_self	113.004583044534	0.925956778491399	0.228606966332089	4.05043115416832	5.11233494047469e-05	0.000170876950763231
gene_4563	onu_vs_self	2170.62663134284	-0.2672306876025	0.0660188508621933	-4.04779368487211	5.17026884242166e-05	0.000172745906678881
gene_5649	onu_vs_self	286.885062195625	0.697473432424373	0.172376178542348	4.04622865132737	5.20493948322641e-05	0.000173836449381264
gene_2687	onu_vs_self	916.657381622301	-0.479737996984883	0.118568160288167	-4.0460946329852	5.20791864953772e-05	0.000173868110920604
gene_5583	onu_vs_self	460.073607669642	0.406666387722955	0.100512273035369	4.04593762972463	5.21141081546983e-05	0.000173916867759929
gene_26	onu_vs_self	3411.16916531267	0.384960387868025	0.0951760804120184	4.04471781356751	5.23861843417814e-05	0.000174756717835405
gene_570	onu_vs_self	3036.15508547235	-0.357410297618392	0.0883717464550704	-4.04439554445272	5.24582899326564e-05	0.000174929085244854
gene_2620	onu_vs_self	1701.37067440091	0.280511739028761	0.0693777704476896	4.04325098974267	5.27151374002532e-05	0.000175717124667511
gene_6029	onu_vs_self	425.086302349742	0.624019593866927	0.154367977422033	4.04241607805027	5.29032496470837e-05	0.00017627552237409
gene_7729	onu_vs_self	182.0643087151	0.900389884842592	0.222936516224707	4.03877256220803	5.37316326067383e-05	0.000178966060355517
gene_8328	onu_vs_self	2022.32565669412	-0.520254755300125	0.128866405571433	-4.03716354928313	5.41013536364725e-05	0.00018012741623034
gene_1359	onu_vs_self	889.551944082063	0.34812076498598	0.0862400317859576	4.03664931211985	5.42200230863524e-05	0.00018045233188926
gene_502	onu_vs_self	1550.14079708142	-0.268051811143263	0.0664278338126158	-4.03523336165684	5.45480547883118e-05	0.000181473513015138
gene_6880	onu_vs_self	2305.55428820772	-0.330841265912941	0.082003779359722	-4.03446363687282	5.47271640688098e-05	0.000181998649739321
gene_5294	onu_vs_self	363.367499189104	0.478161808909191	0.118529878588522	4.03410359145929	5.48111351141648e-05	0.000182136380658871
gene_5995	onu_vs_self	1105.47806133427	0.339167497846591	0.0840750330815205	4.03410483963448	5.48108437996683e-05	0.000182136380658871
gene_7	onu_vs_self	46.3291310521539	1.6670580206065	0.413577357449337	4.03082516627066	5.55813771039398e-05	0.000184624209549757
gene_2698	onu_vs_self	182.75429464745	0.653700199353177	0.162182788546696	4.03063854809084	5.56255286968795e-05	0.000184670502042908
gene_2969	onu_vs_self	1835.20334109947	0.493259538066976	0.122379175980364	4.03058391360733	5.56384608374603e-05	0.000184670502042908
gene_4251	onu_vs_self	614.639214074873	0.596836388821921	0.148106168568714	4.02978751384698	5.58272946173958e-05	0.000185225442606554
gene_2712	onu_vs_self	10812.9775268542	0.672295172279516	0.166842466556758	4.02952069790222	5.58906948125928e-05	0.000185363947150637
gene_413	onu_vs_self	11822.0248955108	-0.203077495096386	0.0504411930850921	-4.0260248157454	5.67277048110415e-05	0.000188067061650858
gene_8606	onu_vs_self	1959.44811987532	0.586874796855903	0.14584406883159	4.02398809603689	5.72208106701224e-05	0.000189628393084107
gene_8131	onu_vs_self	747.607327880385	-0.469554951828172	0.116723841076389	-4.02278529817123	5.7513921343129e-05	0.000190525993303864
gene_374	onu_vs_self	3429.30513422561	0.257506482265832	0.0640307716028592	4.02160517232207	5.78028887536802e-05	0.000191409179006384
gene_7530	onu_vs_self	2535.97548900185	0.285949413141295	0.0711101141468901	4.02121999903724	5.78975001324182e-05	0.000191648337638631
gene_6753	onu_vs_self	411.347068421867	0.53294164154383	0.132593416961948	4.01936727897114	5.83546429107324e-05	0.00019308687410741
gene_7068	onu_vs_self	742.67587738492	0.467880784947235	0.116410470051532	4.01923284684029	5.83879455585623e-05	0.000193122416530639
gene_1567	onu_vs_self	334.75016586093	0.511280072074033	0.127256318069614	4.01771856855344	5.87643205985659e-05	0.00019429223032975
gene_709	onu_vs_self	4663.09853388978	-0.461261108135462	0.114813552244083	-4.01747963650548	5.88239168026025e-05	0.000194414180629451
gene_3527	onu_vs_self	3590.59498836423	0.230099647362532	0.0572874868878932	4.01657778796997	5.90493787026644e-05	0.000195084014548363
gene_2440	onu_vs_self	6783.45969215034	0.493865598607584	0.12299729868548	4.01525565102419	5.93813923531818e-05	0.00019610521548736
gene_4247	onu_vs_self	5097.08073944586	0.253059518715403	0.0630466591215516	4.01384501956739	5.97375775128933e-05	0.000197205423644569
gene_3827	onu_vs_self	2447.2787965107	0.285225521017218	0.0711016495322017	4.01151763557947	6.03296693660582e-05	0.000199083257430015
gene_3197	onu_vs_self	4745.25069360408	-0.218093860410013	0.0543804371129259	-4.01052054725344	6.05850274557396e-05	0.000199848876694078
gene_6257	onu_vs_self	304.429872757936	0.534852282954883	0.133387831744001	4.00975318334417	6.07822487864016e-05	0.000200422207092295
gene_2384	onu_vs_self	211.159999709766	0.685505798503419	0.170982095189826	4.00922563115374	6.09181881930911e-05	0.000200793103940262
gene_5323	onu_vs_self	288.991082633154	-0.73048898264136	0.182328435646352	-4.00644573103359	6.16392794009356e-05	0.00020309169810316
gene_864	onu_vs_self	1173.81635068646	0.402762466676182	0.100535942408747	4.00615398857732	6.17154226262501e-05	0.000203264339238438
gene_2671	onu_vs_self	713.142665026883	0.499213012782189	0.124692477986502	4.00355354904591	6.23980690669632e-05	0.00020543364277431
gene_1432	onu_vs_self	1190.41247657195	0.474035763831607	0.118506726220772	4.00007475481604	6.33224777496686e-05	0.00020839692792663
gene_7275	onu_vs_self	40.120850285066	1.31866716728393	0.329703111248643	3.99955936809304	6.34605273947053e-05	0.000208770989430699
gene_3204	onu_vs_self	2712.52729333201	0.57252228047307	0.143266034449799	3.99621782421627	6.4362516553808e-05	0.000211656988743986
gene_7962	onu_vs_self	1079.02175840325	-0.564894581143834	0.141439538205646	-3.99389441106988	6.49968172759406e-05	0.000213660812550711
gene_1507	onu_vs_self	772.187817897686	-0.408507930025593	0.102323315257227	-3.99232500431265	6.54286143994999e-05	0.000214997673420238
gene_5058	onu_vs_self	1925.68215176787	0.367885422247338	0.0921520923669935	3.99215484746937	6.54755931203203e-05	0.000215069484692994
gene_1368	onu_vs_self	1440.43264831614	0.293583347132322	0.0735525143434257	3.99147941784214	6.56623880109127e-05	0.000215600322736253
gene_1463	onu_vs_self	169.586788162306	0.985172365036758	0.247084077866086	3.98719485911471	6.68591116216854e-05	0.000219445550414734
gene_6309	onu_vs_self	75.3844386590822	1.06960233106533	0.268298588167428	3.98661185051729	6.7023538652493e-05	0.000219900916391468
gene_3127	onu_vs_self	921.669349704601	-0.494170551333406	0.124012938484865	-3.98483059405705	6.75282836438982e-05	0.000221472072027498
gene_1478	onu_vs_self	806.956213226075	0.492485671323105	0.123623838407402	3.98374356974842	6.78380728646263e-05	0.000222402873887859
gene_5666	onu_vs_self	816.988772195978	0.498176670402895	0.125065268170044	3.98333348412567	6.79552914457506e-05	0.000222701873956978
gene_3399	onu_vs_self	1074.57324321794	0.501747762672323	0.126014813226927	3.98165699590235	6.84364938784422e-05	0.000224193030080163
gene_7710	onu_vs_self	81.9076686610064	0.890347358801333	0.223622390363471	3.98147679824986	6.84884074778235e-05	0.000224277263967165
gene_4396	onu_vs_self	9416.67515808758	-0.30516902393664	0.0766562199306674	-3.98100798881882	6.86236426014173e-05	0.000224634179987813
gene_8037	onu_vs_self	1715.6533994264	0.356819496876317	0.0896554157833458	3.97989896938941	6.89445624003474e-05	0.000225598415193797
gene_6581	onu_vs_self	808.430834896522	0.371833895761066	0.0934901921818842	3.97725030918395	6.97167668831801e-05	0.000228038030003829
gene_497	onu_vs_self	2615.38968730905	-0.372041319347237	0.0935632838125756	-3.97636021510857	6.99781014701341e-05	0.000228802288412074
gene_8380	onu_vs_self	1949.86016724892	-0.327246439945794	0.0822998002050472	-3.97627259277022	7.00038777279465e-05	0.000228802288412074
gene_1739	onu_vs_self	489.342036438064	-0.441049746097495	0.110930738615639	-3.97590200517528	7.01129945147187e-05	0.000229071462994653
gene_5784	onu_vs_self	2786.87978885299	0.250036785853531	0.0628917384714689	3.97566980863412	7.01814450481063e-05	0.000229207619081186
gene_109	onu_vs_self	1526.65967840648	-0.501617275961818	0.12627145731119	-3.97253097923474	7.11129842141022e-05	0.000232161382483873
gene_869	onu_vs_self	17934.1865616865	0.27706426212238	0.0697878780027922	3.97009151232961	7.18450320756668e-05	0.000234461866018951
gene_4027	onu_vs_self	2165.14147225754	-0.442459701213199	0.111568017798674	-3.96582918602732	7.31412302686868e-05	0.000238600964596021
gene_3452	onu_vs_self	749.990598531276	-0.430262616887942	0.108537936904528	-3.9641680057583	7.36523696528283e-05	0.000240176870182175
gene_7220	onu_vs_self	7862.20746674751	0.450204885759601	0.113589753194363	3.96342868171617	7.38809418035664e-05	0.000240830488133484
gene_2917	onu_vs_self	1474.99563737537	-0.323159272633375	0.0815479815000924	-3.96281142327243	7.40722894079626e-05	0.000241362313411557
gene_2748	onu_vs_self	1881.64269582331	-0.30871827997593	0.0779304806445505	-3.96145740950872	7.44936711194534e-05	0.000242643007908113
gene_4778	onu_vs_self	1263.93791182894	-0.460690952685402	0.116300764785796	-3.96120312307409	7.45730598601705e-05	0.000242809202131251
gene_5353	onu_vs_self	279.485849584992	0.49884032562191	0.125993633082128	3.95925026859686	7.51854171591523e-05	0.000244709950905834
gene_5820	onu_vs_self	593.331238416266	0.455364642636302	0.11502067545373	3.95898077315224	7.52702953860063e-05	0.00024489309331213
gene_3906	onu_vs_self	472.483844107342	0.397473354964462	0.100408783677087	3.95855163670472	7.54056399745594e-05	0.000245240227272883
gene_5278	onu_vs_self	3672.49568178927	-0.401561443838786	0.101489705211181	-3.95667169397342	7.60012687613145e-05	0.000246989696506018
gene_4145	onu_vs_self	2006.16459318888	-0.343480743187456	0.0868091771884087	-3.95673308182582	7.59817489677105e-05	0.000246989696506018
gene_1889	onu_vs_self	2961.19044054427	-0.289235900189359	0.073113507832453	-3.95598445163064	7.62201184825845e-05	0.000247606912414012
gene_7756	onu_vs_self	1056.9567304617	-0.3294325353921	0.0832781012414988	-3.95581227814952	7.62750397461162e-05	0.00024769132785537
gene_4818	onu_vs_self	236.759646576138	-0.832807590856356	0.210563692370303	-3.9551338670095	7.64918091424131e-05	0.000248301056601842
gene_799	onu_vs_self	1144.63426912246	-0.371789381747197	0.0940316990307105	-3.95387284904606	7.689628460483e-05	0.000249519407209001
gene_7981	onu_vs_self	879.316249641154	0.750529626016064	0.189831991200192	3.9536519702023	7.69673399933666e-05	0.000249655335484357
gene_7035	onu_vs_self	986.987555668807	0.401281385464221	0.101503304022668	3.95338249654028	7.70541121131849e-05	0.000249842121094266
gene_885	onu_vs_self	959.206418939206	0.392895752305192	0.0994448216892975	3.95089201861856	7.78604502350863e-05	0.000252361020072828
gene_124	onu_vs_self	322.935704163235	-0.659598910920564	0.167051029993707	-3.94848754267132	7.86465077934382e-05	0.00025481230382734
gene_3677	onu_vs_self	179.297560007764	0.874728677819323	0.221676213065025	3.94597447206813	7.94760815999173e-05	0.000257402670637644
gene_8032	onu_vs_self	606.238489486868	0.681933825040718	0.172908947206373	3.94388975271943	8.01705255113992e-05	0.000259553592427223
gene_3571	onu_vs_self	275.965753033803	0.553464335787888	0.14038823981905	3.94238389555465	8.06757075585587e-05	0.000260991706992163
gene_4737	onu_vs_self	7547.92999233779	-0.338987930317261	0.0859844912768367	-3.94243107429515	8.06598345686452e-05	0.000260991706992163
gene_1291	onu_vs_self	22687.401816892	-0.335058275197043	0.0850755853051034	-3.93835991836478	8.20404682679507e-05	0.000265306538864246
gene_3327	onu_vs_self	11178.5682987111	0.300322823689011	0.0762587481997939	3.93820815025944	8.20923661045834e-05	0.000265374113993668
gene_4393	onu_vs_self	1357.2202393408	-0.355791512457891	0.0904500863336798	-3.9335674168993	8.36943503479916e-05	0.000270450599841
gene_7697	onu_vs_self	492.936306704161	0.6929216457862	0.176219403177633	3.93215294849069	8.41884709300327e-05	0.000271944645721162
gene_2246	onu_vs_self	541.380664077569	0.626017844772831	0.159249494840625	3.93105074147547	8.4575418014329e-05	0.000273091504414431
gene_827	onu_vs_self	3815.14402087392	-0.343559102416487	0.0875428674306269	-3.92446709252172	8.69219396366694e-05	0.000280562520094227
gene_1104	onu_vs_self	1081.1133849699	-0.496919256077323	0.126625514894292	-3.92432170161089	8.69744470464783e-05	0.000280626184213288
gene_2890	onu_vs_self	1155.63149373974	0.625093430941896	0.159291043915557	3.92422207536835	8.70104440109303e-05	0.000280636548882277
gene_785	onu_vs_self	1640.50863190767	-0.329078573062124	0.083868024898827	-3.92376681648463	8.71751174041482e-05	0.000281061772120342
gene_860	onu_vs_self	315.891785360983	0.580102396172617	0.14787661793284	3.92288114430692	8.74963211836192e-05	0.00028194743392576
gene_1397	onu_vs_self	3236.74418854786	0.30050344128117	0.0766037803546691	3.92282782768506	8.75156929837319e-05	0.00028194743392576
gene_3496	onu_vs_self	4612.15489676647	0.839010375613842	0.213890455251448	3.9226171856407	8.75922662676055e-05	0.000282087960590934
gene_3342	onu_vs_self	315.984722796026	0.490452961884337	0.125047311878995	3.92213918487857	8.77662655327854e-05	0.000282542020669666
gene_2462	onu_vs_self	1045.53889452428	-0.316299155561004	0.0806621207977228	-3.92128489101087	8.80780546183167e-05	0.000283439153207816
gene_8045	onu_vs_self	649.948666732061	-0.654621002651344	0.167015632080483	-3.91951935574442	8.87257358045057e-05	0.000285416121189992
gene_8593	onu_vs_self	720.375623919025	-0.642671532050921	0.163975583722032	-3.91931236018873	8.88019654885389e-05	0.000285554028768555
gene_52	onu_vs_self	317.379720667957	0.569719326165272	0.145419719174422	3.91775839892751	8.93762174242667e-05	0.000287292685374286
gene_4579	onu_vs_self	1601.72744612493	-0.391774069429207	0.10000407305618	-3.9175811290118	8.94419483334244e-05	0.000287396050200493
gene_1752	onu_vs_self	379.521345769199	-0.447694036409508	0.11428831231693	-3.91723376899658	8.95708803403943e-05	0.000287702339855075
gene_120	onu_vs_self	428.098134431179	0.584451726092417	0.149318073590414	3.9141392065879	9.07272850681504e-05	0.000291307411921743
gene_1510	onu_vs_self	183.541816389622	-0.546913128297035	0.139735869145964	-3.9139065126202	9.08148079821e-05	0.000291479098735199
gene_6999	onu_vs_self	40732.287228582	-0.59345082757945	0.151640653799177	-3.91353382296397	9.09551534885875e-05	0.00029182013263205
gene_8601	onu_vs_self	278.35655855202	-0.552860512989594	0.141310318840844	-3.91238599930042	9.1388683073623e-05	0.00029310120910836
gene_2236	onu_vs_self	583.498939866762	-0.398395318808311	0.101859622006669	-3.91121929337444	9.18313441331911e-05	0.000294410601415774
gene_3979	onu_vs_self	195.603306047926	-0.718152328309523	0.18367879420479	-3.9098271056202	9.23622055205223e-05	0.000295797549209622
gene_5876	onu_vs_self	323.577628680699	-0.585312071498007	0.149703077227018	-3.90981990711124	9.23649579333432e-05	0.000295797549209622
gene_6166	onu_vs_self	2246.63641712857	-0.342397033797155	0.0875737635510574	-3.90981293840969	9.23676225510886e-05	0.000295797549209622
gene_7407	onu_vs_self	1852.9484406103	-0.511280972799193	0.130826091905254	-3.90809635412384	9.30262079378254e-05	0.000297795190705978
gene_4121	onu_vs_self	323.969707028117	-0.456776303414537	0.116912965932911	-3.90697729520138	9.34579317309944e-05	0.000299065381539182
gene_5591	onu_vs_self	792.853192588898	-0.46771923700502	0.119723777218421	-3.90665286271184	9.35834485076592e-05	0.000299355126765905
gene_2633	onu_vs_self	521.130719971698	0.61585388468095	0.157680183599067	3.90571516739783	9.39471206449699e-05	0.000300406183310027
gene_8434	onu_vs_self	2435.84565605008	0.383354508053484	0.0981582365667671	3.90547468518067	9.40406031439647e-05	0.000300592816621485
gene_5661	onu_vs_self	300.740387564835	0.580300741769557	0.148592358136964	3.9053202267284	9.41006920022958e-05	0.00030067261050379
gene_5788	onu_vs_self	1983.85440206132	-0.315347363171652	0.0808013671300016	-3.90274786643509	9.51067611593616e-05	0.000303773834150797
gene_7343	onu_vs_self	4155.54025193261	0.390792317726458	0.100235132093577	3.89875595077407	9.66881632778325e-05	0.000308709689540562
gene_5192	onu_vs_self	39840.8212119286	0.38055145526476	0.0976273287885699	3.89800130749163	9.69898929403328e-05	0.000309557600137677
gene_2876	onu_vs_self	964.533305191918	0.315742373555136	0.0810104885458183	3.8975493077857	9.7171041850651e-05	0.000310020170794474
gene_2821	onu_vs_self	4414.54664785109	0.485019418683888	0.124503005342866	3.89564426455574	9.79380464472461e-05	0.000312350848579891
gene_440	onu_vs_self	1109.12803183112	0.505930217023964	0.129883899048758	3.89524968629127	9.80976236697614e-05	0.000312743262053318
gene_6311	onu_vs_self	4037.0432449191	-0.604472343002517	0.155212710644601	-3.89447707273544	9.84107989084992e-05	0.000313508164740139
gene_8559	onu_vs_self	353.261172061557	-0.601904793448576	0.154551322322599	-3.89453020785033	9.83892306518792e-05	0.000313508164740139
gene_4173	onu_vs_self	1965.53804283879	-0.478882958216146	0.123042999083328	-3.89199679611055	9.94225582499134e-05	0.000316613503950617
gene_6404	onu_vs_self	668.43966538785	-0.895336951916193	0.230123849225886	-3.89067432570774	9.99660287986216e-05	0.000318225811274154
gene_6034	onu_vs_self	1986.50723968333	0.317944424940933	0.0817925757108088	3.88720396903844	0.00010140554133951	0.000322688265377771
gene_8449	onu_vs_self	33031.1841841633	0.427441415047298	0.109971636509756	3.88683326549731	0.000101560461486629	0.000323061148392994
gene_6020	onu_vs_self	1636.5285921626	-0.28348049572265	0.072939527151938	-3.8865140314406	0.000101694051100182	0.000323365927718262
gene_4398	onu_vs_self	1283.95777194171	-0.389113204539946	0.100204581538117	-3.88318776015176	0.000103095895958486	0.000327701771037743
gene_7830	onu_vs_self	226.396413969589	-0.527689673217659	0.13596862829109	-3.88096636591751	0.000104042230333782	0.000330587042189004
gene_6787	onu_vs_self	4457.15175551324	-0.422034299125815	0.108784628980954	-3.87953981255664	0.000104654271580457	0.000332408372812139
gene_587	onu_vs_self	387.663980526458	0.530583106241778	0.136770313232466	3.8793733354983	0.000104725917041256	0.000332512555590931
gene_5074	onu_vs_self	438.943335751081	0.49374752366455	0.127296082406267	3.87873306335342	0.000105001897653193	0.00033326519981881
gene_11	onu_vs_self	358.002816578833	0.754916548719096	0.194644094956669	3.87844567741524	0.000105125994498008	0.000333535401372479
gene_5145	onu_vs_self	297.663536823458	0.572644275663339	0.147668339915319	3.87790826382774	0.000105358427906106	0.000334148996990094
gene_7243	onu_vs_self	59.1005872234136	1.27786192720021	0.329608794335708	3.87690483130344	0.000105793714945077	0.000335405259233283
gene_2582	onu_vs_self	1280.99707907901	-0.432476328021801	0.111576856800977	-3.87603971308514	0.000106170363256597	0.000336474753601061
gene_128	onu_vs_self	9355.90543032118	0.308459394984538	0.0796355087307437	3.8733901484509	0.000107331797276345	0.000340029676049412
gene_8226	onu_vs_self	69.5651782724052	1.28662070094865	0.33221771253663	3.87282391153901	0.000107581556573668	0.000340694829548872
gene_5255	onu_vs_self	1959.20919618034	-0.442779771223327	0.114348663342268	-3.87219017941644	0.000107861737370416	0.000341455795817588
gene_1872	onu_vs_self	122745.053786939	-0.654655828115874	0.169090096909351	-3.87163908520813	0.000108105942462835	0.00034210235396742
gene_3162	onu_vs_self	3109.12513309505	0.451510325487444	0.116628312931284	3.87136119986122	0.000108229278902359	0.000342366085515223
gene_4230	onu_vs_self	8403.09391405164	0.445536523921424	0.115089213186906	3.87122747288114	0.000108288679499353	0.000342427446071099
gene_8476	onu_vs_self	509.904234253669	0.797385075992985	0.205994141555939	3.87091142481084	0.000108429188137573	0.000342745144186716
gene_4512	onu_vs_self	15559.7770446471	-0.297265126369437	0.0767974687195018	-3.87076724436297	0.000108493344995293	0.000342821348527023
gene_2469	onu_vs_self	16.1296583756377	2.4231078135862	0.626079617205831	3.87028701621119	0.000108707293474511	0.000343370639166721
gene_6061	onu_vs_self	1160.47723743653	0.355374578802863	0.0918287194858641	3.86997206094732	0.000108847826605776	0.000343687715140333
gene_1332	onu_vs_self	1292.64925038962	-0.401060689752144	0.103653318097143	-3.86925085578327	0.000109170274469886	0.000344578742427075
gene_5238	onu_vs_self	1237.22557021716	0.510746693874225	0.132274228410435	3.86127139059486	0.000112798524781777	0.000355899510553634
gene_6925	onu_vs_self	17356.6083599267	0.220341636654384	0.0570769926345316	3.86042828264005	0.000113188459219986	0.000356998235417495
gene_5025	onu_vs_self	2755.22778284604	0.420464840330341	0.108919288759402	3.86033406129862	0.000113232115155177	0.000357004385166967
gene_8442	onu_vs_self	466.582970790968	0.63182305832986	0.163718578777708	3.85920194914304	0.000113757904408139	0.000358530066912251
gene_8115	onu_vs_self	403.660015275724	-0.500043670232327	0.129600233952845	-3.85835468795732	0.000114152905409004	0.000359642572801278
gene_2304	onu_vs_self	4374.97826029565	-0.302758368962028	0.0784788242596984	-3.85783517806223	0.000114395745140389	0.000360275047241255
gene_1856	onu_vs_self	2467.77522966918	-0.244047346451865	0.0632905487408592	-3.85598404986355	0.000115265003677144	0.00036287915832157
gene_466	onu_vs_self	24676.45259629	0.234489898015909	0.0608247814622631	3.8551704153905	0.000115649040186785	0.00036395433235253
gene_3881	onu_vs_self	56.9260316641964	1.34932060092074	0.350245699519055	3.8524972691273	0.000116919281081223	0.000367816628465736
gene_7864	onu_vs_self	85.3336220777094	0.945770853992199	0.245519754115461	3.85211714389153	0.000117100976065253	0.000368252885789333
gene_394	onu_vs_self	503.189625613637	-0.593454137207864	0.154073326909226	-3.85176428076681	0.000117269878393004	0.00036864860780173
gene_3375	onu_vs_self	661.417607768473	-0.405325356461413	0.105258058257848	-3.85077744326709	0.000117743460947322	0.000370001477866768
gene_7959	onu_vs_self	8441.50138717875	0.434563086569127	0.112856690417651	3.85057443170565	0.000117841109446972	0.000370172439216911
gene_8280	onu_vs_self	922.181881013982	0.352927837473278	0.0917858795912258	3.8451212653304	0.000120492835916958	0.000378363417259414
gene_2566	onu_vs_self	372.840709682783	0.554789947231455	0.144373999370473	3.84272756625538	0.000121674507057749	0.000381933912876541
gene_5808	onu_vs_self	559.140778634696	-0.365440387939601	0.0951235751852195	-3.84174361853026	0.000122163403199839	0.000383187516083043
gene_4886	onu_vs_self	11717.480305564	0.238613760971022	0.0621104151932523	3.8417672821634	0.000122151623698344	0.000383187516083043
gene_1383	onu_vs_self	1124.82959104512	0.305304396238826	0.0795149091179543	3.83958680988908	0.000123241547794655	0.000386427710301189
gene_2562	onu_vs_self	1407.2811944418	0.368170826979074	0.0958974489238486	3.8392139844245	0.00012342882252554	0.000386873204254346
gene_7133	onu_vs_self	969.303819944727	0.375874679889933	0.0979142777932175	3.83881379060705	0.000123630143229196	0.000387362381420907
gene_5662	onu_vs_self	2150.55303460838	-0.436814345241437	0.113866509945947	-3.83619683653072	0.000124954272914774	0.000391367938584145
gene_5630	onu_vs_self	801.144838863843	-0.475585250703477	0.124087028570527	-3.83267498772583	0.000126757373456758	0.000396870196338643
gene_542	onu_vs_self	20140.413007874	0.368155345708044	0.0961674176706657	3.82827525814228	0.000129044390120197	0.000403882990650416
gene_5209	onu_vs_self	1756.58138291051	-0.407184609952024	0.106392976414189	-3.82717566211185	0.000129622013267254	0.000405542556128543
gene_1317	onu_vs_self	860.759610092795	0.358873477751297	0.0937723040191064	3.82707326545134	0.000129675926567298	0.000405563000152016
gene_1797	onu_vs_self	162.413658690543	0.599183490282498	0.156581363271815	3.82665904653259	0.000129894234447131	0.000406097387460716
gene_7876	onu_vs_self	5460.30551057036	0.340344674568084	0.088964338076468	3.82563038096845	0.000130437876214933	0.000407648127199644
gene_4292	onu_vs_self	6595.90068100259	0.355075549566439	0.0928375505761594	3.82469752123794	0.000130932738564058	0.000409045343835159
gene_901	onu_vs_self	1763.53021732695	-0.481891007521492	0.126047414194374	-3.8230931638025	0.000131787956383157	0.000411566912309312
gene_2542	onu_vs_self	1390.32880773596	-0.313388200456571	0.0819864254468496	-3.82244010210855	0.000132137582171298	0.000412508279863717
gene_2694	onu_vs_self	471.659614438168	-0.404880659056069	0.105947854743161	-3.821508798244	0.000132637680971019	0.000413918537773211
gene_1422	onu_vs_self	1526.70375342053	-0.258826190308858	0.0677368825865048	-3.82105258502735	0.000132883312180534	0.000414533947618576
gene_4480	onu_vs_self	19.8151585720003	2.19194514975601	0.573755346978751	3.82034810010614	0.000133263458253446	0.000415568379835884
gene_3938	onu_vs_self	2530.59299650206	-0.412096334649805	0.107873078788267	-3.82019628325125	0.000133345514013959	0.000415672833197192
gene_6834	onu_vs_self	1701.42470520911	0.303300127225821	0.079407262681676	3.81955147404685	0.000133694558856749	0.000416609182312984
gene_6154	onu_vs_self	1397.06743276425	0.421634982067604	0.110401819128751	3.81909451669352	0.000133942437687442	0.00041722971856059
gene_1376	onu_vs_self	177.095178102453	0.700059623191337	0.183368738947837	3.81776974204138	0.000134663518061028	0.000419323286505055
gene_1396	onu_vs_self	825.348168523627	0.358688863676589	0.0939904647025939	3.8162260907163	0.000135508347370333	0.000421800528541837
gene_2112	onu_vs_self	3886.42708453441	0.371511412753865	0.0973537303548589	3.81609838061355	0.000135578465382046	0.000421865381196044
gene_6700	onu_vs_self	952.873346594303	0.405275101538989	0.106211252259486	3.81574544050057	0.000135772421584671	0.000422315381091854
gene_554	onu_vs_self	488.446406634821	-0.522029340168685	0.136855022887588	-3.81446971513407	0.000136475671369283	0.00042434861856922
gene_2245	onu_vs_self	19345.8931361286	-0.34958445205845	0.0916508538808718	-3.81430654768194	0.000136565865334466	0.000424474875549394
gene_8461	onu_vs_self	1892.1660886328	0.450834517910667	0.118246949753283	3.81265240965041	0.000137483397767309	0.000427152645498824
gene_1673	onu_vs_self	1563.99906940479	-0.372773464504703	0.0977747554980944	-3.81257373240854	0.000137527183527425	0.000427152645498824
gene_273	onu_vs_self	1483.5328114225	0.300732275429635	0.0789237459341493	3.81041563435868	0.000138733351044912	0.000430742649599001
gene_3374	onu_vs_self	2844.69402616508	-0.578891207903084	0.151996066272329	-3.80859335442205	0.000139759581133084	0.000433771578861204
gene_8633	onu_vs_self	248.474304115467	0.75453887721515	0.198126050708681	3.80837792161216	0.000139881375194695	0.00043399223329706
gene_2488	onu_vs_self	941.757255539765	-0.582932958246826	0.153105800936032	-3.80738649145225	0.0001404431659935	0.000435577355400129
gene_6921	onu_vs_self	7512.41508639963	0.305395293974614	0.0802154787104737	3.80718657900047	0.000140556702916611	0.000435771596148566
gene_5673	onu_vs_self	1862.55390978499	-0.367009140740024	0.0964146801982238	-3.80656908248279	0.000140907945870629	0.00043670239560195
gene_2422	onu_vs_self	1029.74975953932	-0.413680627413222	0.108722860006189	-3.80490935751389	0.00014185612852292	0.000439481889307345
gene_2396	onu_vs_self	1131.76672442763	0.332639310714396	0.0874287754281991	3.80468912077553	0.000141982398006257	0.000439713938832692
gene_2200	onu_vs_self	1665.02832177526	-0.365104698881344	0.0959678985965515	-3.80444611396819	0.000142121845206766	0.000439986616625648
gene_3600	onu_vs_self	1441.93159833821	-0.546830512517003	0.143740308977172	-3.80429481756468	0.000142208730386055	0.000440096432431174
gene_7565	onu_vs_self	493.245576753126	-0.606284374780879	0.159428268661684	-3.80286620353038	0.000143031612349391	0.000442483050853194
gene_1959	onu_vs_self	8179.48939260227	0.218345230420918	0.0574261367087269	3.80219257179696	0.000143421178186484	0.000443527920981325
gene_3814	onu_vs_self	2535.29769383763	0.226550076298238	0.0595889296811626	3.80188195207432	0.000143601148104912	0.000443924098150252
gene_5429	onu_vs_self	5678.849830569	-0.428769064511682	0.112802909855188	-3.80104613491016	0.000144086468735693	0.000445263600136293
gene_7749	onu_vs_self	1064.57917816528	-0.651785327109916	0.171548329640826	-3.7994268348434	0.000145031120165158	0.000448021071314958
gene_7656	onu_vs_self	141.31587932637	0.782163430618688	0.206004143826583	3.79683348154939	0.000146556163896184	0.000452568817803511
gene_3976	onu_vs_self	833.213681841894	0.385077463163011	0.101425621692166	3.79664878300424	0.000146665351478629	0.000452742664499482
gene_6422	onu_vs_self	823.32624915319	-0.539289854640102	0.142076245462965	-3.79577777328497	0.000147181296317959	0.000454171556049651
gene_8236	onu_vs_self	403.663297349282	0.550291214485818	0.144983805740584	3.79553572673102	0.00014732497636852	0.000454451098275507
gene_6597	onu_vs_self	9223.17251726447	0.35566124160323	0.0937151792911515	3.79512950082796	0.000147566410964002	0.00045503187242502
gene_4613	onu_vs_self	722.048659341216	0.394131092233607	0.103864180290128	3.7946777332923	0.000147835350089519	0.000455697009998661
gene_7716	onu_vs_self	1907.78028347572	-0.293771144056214	0.0774560962377285	-3.79274399725196	0.00014899173519639	0.000459096203484918
gene_5742	onu_vs_self	375.215763531523	0.483731595293907	0.127567583863236	3.79196329227737	0.000149461009988602	0.000460376482728476
gene_5266	onu_vs_self	735.585240947145	0.486013485913961	0.128241294148928	3.7898360987339	0.000150746718223798	0.000464169751077594
gene_5935	onu_vs_self	956.842729684503	-0.568745736543044	0.150082842608866	-3.78954533813878	0.000150923265083303	0.000464546260019083
gene_1122	onu_vs_self	315.834886789672	-0.742339591214663	0.195905186595492	-3.78927992727143	0.000151084589763779	0.000464875660811628
gene_7041	onu_vs_self	671.458434988833	0.341511746776647	0.0901444539601452	3.78849426419108	0.000151563091388972	0.000466180403266117
gene_3179	onu_vs_self	1570.08442715473	-0.291588154839667	0.0769714020442031	-3.7882661234651	0.00015170230567422	0.000466440997331654
gene_8147	onu_vs_self	1617.00568323016	-0.279964019989504	0.0739340131777043	-3.78667419711948	0.00015267707448715	0.000469269571852785
gene_7414	onu_vs_self	1428.97041537095	-0.265883439676146	0.0702398653008021	-3.78536374660601	0.00015348391120318	0.000471580143538844
gene_6617	onu_vs_self	285.535257531424	-0.795131809399233	0.21009739834682	-3.78458665198064	0.000153964257722128	0.000472886274166277
gene_6100	onu_vs_self	71.5835875153506	0.88533553186363	0.234025181183625	3.7830780747007	0.000154900799188733	0.000475421599517949
gene_1217	onu_vs_self	4478.15295492708	0.561627020991564	0.148454664557586	3.78315509765412	0.00015485285287835	0.000475421599517949
gene_589	onu_vs_self	509.405554687358	0.458912861633419	0.121315284610249	3.78281156498766	0.000155066807673538	0.000475760528202683
gene_4339	onu_vs_self	5359.93439557272	-0.309498227012832	0.0818196401453155	-3.78268868529792	0.00015514340563201	0.00047582499183447
gene_3448	onu_vs_self	39.8314914949935	1.27467670384132	0.337022599097811	3.78216982259811	0.000155467235359636	0.0004765378312307
gene_3307	onu_vs_self	698.176378524862	0.518289764629798	0.137036188508445	3.782137917517	0.000155487168531232	0.0004765378312307
gene_5928	onu_vs_self	2756.11312194554	-0.936018148101892	0.247528728757486	-3.78145257239594	0.000155915929288082	0.000477680871405147
gene_5458	onu_vs_self	735.363823481851	-0.330730006369189	0.087471159346845	-3.78101775303746	0.000156188534606811	0.000478344850173276
gene_8408	onu_vs_self	573.446882869535	-0.449944177989871	0.119021936148724	-3.78034665330636	0.000156610153990047	0.000479464563002433
gene_6994	onu_vs_self	3019.69309911989	-0.375206674707531	0.0992557091376637	-3.78020244847714	0.000156700890590772	0.000479570834271364
gene_3754	onu_vs_self	2993.3139560096	0.268620924368165	0.0710670120713426	3.77982578046903	0.000156938131195615	0.000480125233393303
gene_2537	onu_vs_self	1207.96237697755	0.541666621981263	0.143379156005632	3.77786169950663	0.000158180674694459	0.00048375368895483
gene_6478	onu_vs_self	1795.41899260322	-0.369797240192994	0.0979411771582169	-3.77570753101745	0.000159554117072651	0.000487779729336391
gene_4418	onu_vs_self	157.479031982817	-0.615405632269939	0.163006246113638	-3.77535000616427	0.000159783148706893	0.000488305516933596
gene_8365	onu_vs_self	377.636869524133	0.53884320742854	0.14274481964132	3.77487049114994	0.000160090813410347	0.000489071150175793
gene_7500	onu_vs_self	543.206465206146	0.634885430863526	0.168247290529834	3.77352543903789	0.000160956798612802	0.00049154127582076
gene_998	onu_vs_self	2058.52843757887	0.42173280478627	0.111784405482055	3.77273379920575	0.000161468538898382	0.000492928207193348
gene_10	onu_vs_self	204.739190306532	0.796290617543294	0.211142545933475	3.77134136572447	0.000162372367221784	0.000495510682145622
gene_8047	onu_vs_self	1415.0888030118	-0.358199377164686	0.0950113374911491	-3.77006983190879	0.000163201875956723	0.000497864596646311
gene_5923	onu_vs_self	118.035433289852	0.658448528973904	0.174808185899404	3.76669162022434	0.000165425125840839	0.000504287420654409
gene_7753	onu_vs_self	1759.99246209842	-0.469627076132712	0.124677009668554	-3.7667495986725	0.000165386730227716	0.000504287420654409
gene_8245	onu_vs_self	261.94718226737	0.579533265372922	0.153955421808935	3.76429266708222	0.000167021179302858	0.000508971625073856
gene_746	onu_vs_self	771.711429938929	-0.357517529881423	0.0949797252765941	-3.76414575679475	0.000167119389780983	0.000509089671361287
gene_5691	onu_vs_self	1037.85847113678	-0.356164343337647	0.0946839211561512	-3.76161378815593	0.000168820587372517	0.000514089017399056
gene_4167	onu_vs_self	2278.42641347383	-0.315716979959826	0.0839880042254136	-3.75907229694945	0.000170544555288534	0.000519154122784442
gene_5319	onu_vs_self	3318.83884192053	0.395898659124383	0.105361398174392	3.75753042370508	0.000171598509217593	0.000522176764629432
gene_1622	onu_vs_self	1830.34534858714	-0.256067046813626	0.0681769594363421	-3.75591767263719	0.000172707465202926	0.000525364570766542
gene_7784	onu_vs_self	3624.94661899426	0.340969132939061	0.090786085081798	3.75574222230036	0.000172828513627404	0.000525546030781733
gene_3849	onu_vs_self	20845.2349344198	0.449631179302489	0.119752948738732	3.75465643258155	0.000173579409077761	0.000527641953730695
gene_2301	onu_vs_self	559.40406822386	0.431757553013076	0.115007600614874	3.75416538302458	0.000173920008979241	0.000528489626149202
gene_6437	onu_vs_self	108.734820137154	0.642094089685552	0.171094183583841	3.75286918722697	0.00017482209310513	0.000531042270042553
gene_4535	onu_vs_self	675.37725101895	-0.345733124706325	0.0921422219773639	-3.75216830337844	0.000175311702493449	0.000532340607784293
gene_7431	onu_vs_self	2149.97645417354	0.34341293843316	0.091572384744378	3.75018013773245	0.000176707581725211	0.000536388971477944
gene_406	onu_vs_self	196.126519949431	0.557683424941411	0.148782886093041	3.74830358239364	0.000178034682121538	0.000540225763544973
gene_2868	onu_vs_self	2798.38705932238	0.339434915660295	0.0905878976485679	3.74702277535041	0.000178945844230516	0.000542798166765846
gene_5215	onu_vs_self	6838.93745305573	0.474431763153521	0.126625203188365	3.74674038980822	0.000179147321482332	0.000543024458884123
gene_627	onu_vs_self	3432.85868614593	-0.29380564613478	0.0784161152426351	-3.74675084611991	0.000179139857281655	0.000543024458884123
gene_3877	onu_vs_self	490.184256884012	0.590832282602927	0.157727805081131	3.74589808245299	0.000179749561086547	0.000544657077133041
gene_1776	onu_vs_self	1503.88508917156	0.302317893369304	0.0807243837862509	3.74506288174101	0.000180348598678342	0.000546278841007292
gene_7280	onu_vs_self	1158.93879372707	0.367157459332769	0.0980447691067346	3.7447939617571	0.000180541877419429	0.000546670842133114
gene_4092	onu_vs_self	1136.64165217025	0.367524352581805	0.0981581188184288	3.74420737689203	0.000180964144850759	0.000547755685969766
gene_8453	onu_vs_self	1685.43770971153	0.385799986630884	0.103052722264044	3.74371465551758	0.000181319559759304	0.000548443615385032
gene_7723	onu_vs_self	1209.79105622594	-0.340422469565821	0.0909296449674845	-3.74380071194111	0.000181257437379839	0.000548443615385032
gene_2155	onu_vs_self	551.905435246665	-0.563405103947943	0.150532669119403	-3.74274306862286	0.000182022318740581	0.00055037479633323
gene_2453	onu_vs_self	55.9476650544128	1.04654933741717	0.279628815228825	3.7426376697293	0.000182098708639251	0.000550411350971748
gene_3384	onu_vs_self	2937.66243946001	0.210927865676048	0.0563803478671793	3.74115935171155	0.000183173329428344	0.000553464066327789
gene_4718	onu_vs_self	942.566126278093	0.354115669084087	0.0946570306178469	3.74103927381513	0.000183260877897143	0.000553533209174151
gene_5173	onu_vs_self	106.64788888605	0.730710179159726	0.195337557087248	3.74075620712996	0.000183467416745825	0.000553961582837481
gene_2563	onu_vs_self	4864.61339431585	0.387924443298515	0.103739594108685	3.73940583276331	0.000184455729338365	0.00055674930999168
gene_2541	onu_vs_self	1468.4961903151	0.51677705655456	0.138293261077495	3.73682023641756	0.000186362057925389	0.000562304975622605
gene_3276	onu_vs_self	1788.50560462732	-0.38075294346912	0.101899269727549	-3.73656204295821	0.000186553434440711	0.000562684072872615
gene_4052	onu_vs_self	13230.7955154127	-0.371414283149732	0.099563801783994	-3.73041483445483	0.000191164755660353	0.000576389682441923
gene_5464	onu_vs_self	2099.86572080197	-0.270771092623027	0.0725999481938515	-3.72963203637601	0.00019175960110978	0.000577979642781591
gene_953	onu_vs_self	2291.91957079686	-0.295154167094901	0.0791472155685223	-3.72917941553319	0.00019210433930881	0.000578814904781207
gene_4514	onu_vs_self	674.371918094539	0.469931170990196	0.126082840709838	3.72716198607611	0.000193648008048448	0.000583260713896803
gene_5841	onu_vs_self	2572.3195011347	-0.375868225331668	0.100854121138431	-3.72685043594557	0.000193887432179959	0.000583776440190098
gene_3255	onu_vs_self	130.773852599367	0.782266546694618	0.209911730508333	3.72664521796967	0.000194045292718749	0.000584046310011425
gene_3219	onu_vs_self	1084.85225547298	-0.456865569257783	0.122672432390424	-3.72427252280886	0.000195879241704439	0.000589358983827769
gene_2973	onu_vs_self	6347.61021825913	-0.473058161399524	0.127047061948709	-3.72348761272817	0.000196489505943043	0.000590987410707115
gene_6064	onu_vs_self	1364.72456600657	-0.407010249474716	0.109324681954352	-3.72294931207446	0.000196909064650427	0.000592041304323025
gene_6162	onu_vs_self	648.780685036036	-0.570191508359015	0.153234064660181	-3.72104929555644	0.000198396701763058	0.000596304693501325
gene_4009	onu_vs_self	384.814562227612	-0.977359849734672	0.262712188065924	-3.72026839306526	0.00019901117380185	0.000597941610299695
gene_3063	onu_vs_self	1422.36546173238	0.516757096875741	0.138924077368336	3.71970868307903	0.00019945269476478	0.000599057918311059
gene_378	onu_vs_self	3012.22813178741	0.382061881573739	0.102771073377924	3.71760135431075	0.000201123306528375	0.00060386373338579
gene_2719	onu_vs_self	572.252050852733	0.415976740908376	0.111897514796338	3.71747971047869	0.000201220141431123	0.00060394264048051
gene_1023	onu_vs_self	2403.2047538889	0.462362454111039	0.124410860157018	3.71641554063283	0.000202069146360351	0.000606065834914016
gene_5273	onu_vs_self	1555.44090879008	-0.427486588285034	0.11502563425098	-3.71644626059857	0.000202044590577014	0.000606065834914016
gene_2410	onu_vs_self	880.829692599102	0.370431421687781	0.0997666559631606	3.71297823016705	0.000204834512584743	0.000614144808310122
gene_226	onu_vs_self	6295.29146878827	-0.289430300967662	0.0779752465515315	-3.71182283824375	0.000205771997499736	0.000616739600349348
gene_7822	onu_vs_self	1277.2776167254	0.379802122396167	0.102337524386932	3.71126939674795	0.00020622248613336	0.000617873462128654
gene_7563	onu_vs_self	231.892906308736	0.638766442961024	0.172151728504472	3.71048521272577	0.000206862380290448	0.000619573819204419
gene_4969	onu_vs_self	118.679626571821	0.734583597784944	0.197980037494082	3.71039225511261	0.000206938357220985	0.000619584588251707
gene_7000	onu_vs_self	7370.00386825428	-0.289326485768899	0.0781241301855834	-3.70342025033246	0.000212712071302324	0.000636648716904857
gene_2512	onu_vs_self	987.27549640738	-0.447453829752929	0.120874381717577	-3.70180863301875	0.000214068054322393	0.000640483238378078
gene_3245	onu_vs_self	2633.16355078597	0.328702432349705	0.0888458627989128	3.69969317641347	0.000215860280178622	0.000645619845677499
gene_7998	onu_vs_self	727.585322025225	0.57806484176645	0.156286034911336	3.69876196612446	0.000216653664065347	0.000647766456304356
gene_562	onu_vs_self	49.8647641249732	1.25099158637385	0.338273208652866	3.69816927375296	0.000217160058377545	0.000649053805765289
gene_1802	onu_vs_self	2158.6672091236	0.5539280373622	0.149848421438543	3.69658907344165	0.000218515612729172	0.000652877362988381
gene_5579	onu_vs_self	356.247829664725	-0.522614111131463	0.141432223892724	-3.69515586156564	0.000219751941543392	0.000656342156179844
gene_6073	onu_vs_self	831.147099667889	0.554229982853945	0.150020553111589	3.69436034835637	0.000220441004737551	0.000658170561755646
gene_2258	onu_vs_self	2228.8846671744	0.337282488016061	0.0913151785160874	3.69360815471264	0.000221094410419387	0.000659891266802634
gene_3468	onu_vs_self	6045.26693066678	0.600931889268277	0.162741886239821	3.69254592749851	0.000222020229309929	0.000662423549283022
gene_4128	onu_vs_self	705.984410673059	0.337582123938056	0.091468524643486	3.6906916915282	0.000223645076465752	0.000667038973709699
gene_964	onu_vs_self	415.493866395181	0.492432789795228	0.133473091982015	3.68937875404566	0.000224802332644156	0.00067025704194844
gene_171	onu_vs_self	37.6593554377833	1.29194596282309	0.350228605805183	3.68886476263947	0.000225256906744345	0.000671378524279802
gene_4437	onu_vs_self	1578.1025852823	-0.361863241887214	0.0981127324480218	-3.68823936362105	0.000225811173370741	0.000672796256196847
gene_249	onu_vs_self	1134.76588005676	-0.27803989949912	0.0753891489072492	-3.68806258631717	0.000225968076076688	0.000673029481982062
gene_8483	onu_vs_self	5950.04619794285	0.568039348526315	0.154151725136234	3.68493669483298	0.00022875949145071	0.000681106520632376
gene_6708	onu_vs_self	2541.04870657103	-0.30424485275164	0.0825825923194237	-3.68412814621805	0.00022948677432283	0.000683034349166698
gene_491	onu_vs_self	1301.13155998275	-0.319100663869166	0.0866405550301881	-3.68304039324289	0.000230468623163697	0.000685718253139119
gene_3298	onu_vs_self	2672.85564248571	0.370092788968724	0.100523328307745	3.68166071696024	0.000231719645406083	0.000689200891131366
gene_2852	onu_vs_self	3106.15220544181	0.375233243464235	0.101941683196971	3.68086176033812	0.000232447010657643	0.000691124144226962
gene_6298	onu_vs_self	9207.32688375242	-0.349421226824891	0.0949837755250696	-3.67874644794116	0.000234383137779959	0.000696638770623766
gene_2089	onu_vs_self	392.605413333088	-0.511034965670039	0.138924153059203	-3.67851776970892	0.000234593348987122	0.000697021543675726
gene_3960	onu_vs_self	963.428101034539	0.389768602516609	0.105990980165075	3.67737520598042	0.000235646297194454	0.000699907114498449
gene_6476	onu_vs_self	663.950923812375	-0.389336122180137	0.105880696807209	-3.67712089096894	0.000235881267948693	0.0007003620026503
gene_714	onu_vs_self	2681.01833967392	0.328756501601361	0.0894347731170938	3.67593599383242	0.000236978938145617	0.000703377153441914
gene_425	onu_vs_self	1824.14268481341	0.314956317721826	0.0857463739273218	3.67311529684954	0.000239611303255204	0.000710697420604487
gene_8436	onu_vs_self	5424.52780558539	0.261078075797575	0.0710765641873103	3.6731949382014	0.000239536604522671	0.000710697420604487
gene_3118	onu_vs_self	4506.65604883992	-0.375041414804543	0.102110727069281	-3.67288947565794	0.000239823228625692	0.000711079611027337
gene_1813	onu_vs_self	19834.8559002372	0.366931380526644	0.0999230672687392	3.67213888200405	0.000240528899153844	0.000712924991951836
gene_1050	onu_vs_self	2058.86229192431	0.507756634576763	0.138335577766919	3.67047033578217	0.000242104567185927	0.000717346865736079
gene_5749	onu_vs_self	3846.14940365685	-0.277845253363433	0.0757011410879188	-3.67029148267059	0.000242274038012401	0.000717600610860262
gene_5233	onu_vs_self	2679.02049647413	-0.426047727907831	0.116156827434034	-3.66786642954573	0.000244582889520475	0.000724188700897705
gene_8270	onu_vs_self	1435.90255355285	-0.310476534520266	0.084652559320621	-3.66765679634491	0.000244783443947264	0.0007245319087789
gene_5017	onu_vs_self	7651.71359502085	-0.247443041390722	0.0674800576140126	-3.66690619628841	0.000245502802843848	0.000726409952417332
gene_8345	onu_vs_self	1341.35860523905	-0.523232643380907	0.142726038260765	-3.66599290330573	0.000246380757491695	0.000728755799629893
gene_2477	onu_vs_self	1925.71473903889	0.320270736852992	0.0873860935829709	3.66500805473017	0.000247330798781914	0.000731313173600409
gene_2531	onu_vs_self	3137.0967267517	-0.398569792468854	0.108823892848692	-3.6625209964049	0.000249745275286511	0.0007381973606535
gene_3477	onu_vs_self	43.8052472722936	1.76230339150926	0.481234220584219	3.66204919793489	0.000250205792345305	0.000739303273205318
gene_6213	onu_vs_self	3698.94685842289	0.341822773505414	0.0934143121375813	3.65921201669798	0.000252991970725995	0.00074727787074345
gene_8189	onu_vs_self	2196.31148340151	0.322913807934979	0.088270882733057	3.65821432772474	0.000253978620344018	0.000749933421919557
gene_7488	onu_vs_self	2266.12637024532	-0.338846537532317	0.0926645727517701	-3.65669993903732	0.000255483150436687	0.000754115781978634
gene_1883	onu_vs_self	242.086776192863	-0.720152942066325	0.196947625836657	-3.65657082184681	0.000255611813004991	0.000754235477188116
gene_7603	onu_vs_self	2743.67246275923	-0.513261443155743	0.140419744031705	-3.65519426555753	0.000256987304686545	0.000758032849109865
gene_7497	onu_vs_self	10784.8863362618	0.357674758821259	0.0978700894025059	3.65458702454298	0.000257596279599727	0.000759567396959581
gene_1479	onu_vs_self	508.38840954146	0.674545683298434	0.184600472536216	3.65408427200044	0.000258101491339075	0.000760795029566971
gene_7581	onu_vs_self	700.841112577776	-0.734664047487377	0.201214129147941	-3.65115536666525	0.000261063244309792	0.000769260368775154
gene_3610	onu_vs_self	856.629996930234	0.452805267898915	0.124091992387133	3.64894832606351	0.000263316057429525	0.000775631607569421
gene_5898	onu_vs_self	6.27090118481526	3.82537556609733	1.04873259376654	3.64761769476281	0.0002646830783537	0.000779390144722281
gene_5950	onu_vs_self	1100.52055349176	-0.48989349775219	0.134311835653763	-3.64743356657762	0.000264872765194152	0.000779412468223423
gene_3136	onu_vs_self	972.034029038747	-0.339795878238277	0.0931590711744873	-3.64748031463128	0.000264824593794209	0.000779412468223423
gene_1178	onu_vs_self	4226.56967088815	-0.452157890189369	0.124004818886287	-3.64629289611721	0.000266050714548937	0.000782609662040858
gene_7132	onu_vs_self	398.684197613508	0.578976810828657	0.15894025010415	3.64273247619319	0.000269759159166399	0.000793245758318234
gene_5050	onu_vs_self	788.938000173261	-0.492805220675347	0.135305242211401	-3.64217389231222	0.00027034534466094	0.000794696480184631
gene_1956	onu_vs_self	1886.21376649589	0.234882320045305	0.0644988756244011	3.64164983918641	0.000270896378439861	0.000796042910897773
gene_5216	onu_vs_self	1739.57916881656	-0.285383161953791	0.0784021625262593	-3.63999094869619	0.000272647624835763	0.000800914093546374
gene_6356	onu_vs_self	501.243857609889	0.543234416686648	0.149354048547003	3.63722592036524	0.000275590193915973	0.000809280294998535
gene_639	onu_vs_self	1272.14466791401	-0.268871894816463	0.0739299481032615	-3.63684679503517	0.000275995975117802	0.000810193946161997
gene_8248	onu_vs_self	16406.8408361975	-0.246070111706133	0.0676696753380741	-3.63634243073844	0.000276536668677147	0.000811502874143427
gene_605	onu_vs_self	1757.63323996381	-0.35085653438015	0.0965076687376059	-3.63553009796653	0.00027740960104069	0.000813785532867822
gene_7053	onu_vs_self	40.5354484008717	-1.18764105193476	0.326919090606279	-3.63282869083066	0.000280331139950922	0.00082207418909897
gene_2403	onu_vs_self	785.998144954532	-0.302118497747491	0.0831939174025742	-3.63149743611115	0.000281781457399464	0.000826044272376511
gene_8099	onu_vs_self	297.011537488345	0.468816402511821	0.129195365131841	3.62874010250602	0.000284807787725822	0.000834630148213979
gene_4919	onu_vs_self	2047.37802291975	-0.254896785842929	0.0702705304660923	-3.62736390564071	0.000286329609288734	0.000838802688402315
gene_5833	onu_vs_self	629.234247722293	-0.551148954049317	0.152022736455997	-3.62543766082547	0.000288472481107014	0.000844791118123859
gene_4432	onu_vs_self	2874.35948020426	0.306731498650221	0.0846481205420278	3.62360672258433	0.000290523247550457	0.000850505813622405
gene_6695	onu_vs_self	1997.02812979556	0.426221013757509	0.117699752066656	3.62125668298885	0.000293175457331709	0.000857976722994677
gene_3922	onu_vs_self	1743.35133059475	-0.3626693346222	0.100160071410754	-3.62089732479223	0.000293583015762433	0.000858875808245533
gene_4777	onu_vs_self	927.857449928419	-0.575446162061188	0.159033598680275	-3.61839364031546	0.000296437279187459	0.000866929658300188
gene_5096	onu_vs_self	2363.60647582981	0.590275179362621	0.163175042830892	3.61743541856678	0.000297536537356275	0.000869640367996197
gene_2618	onu_vs_self	2382.04463643514	0.43271662490751	0.119620610607292	3.61740859464507	0.000297567364236082	0.000869640367996197
gene_5714	onu_vs_self	826.304657468131	-0.354829512328274	0.0980941476338349	-3.61723426817244	0.000297767778509889	0.000869929073052782
gene_1704	onu_vs_self	1270.52297799962	-0.355793436437057	0.0984067660801363	-3.615538347712	0.000299724100251371	0.000875345717554327
gene_1737	onu_vs_self	1954.15698972372	-0.819301151836002	0.226655298498424	-3.61474519794515	0.000300643160141254	0.000877730372035858
gene_5386	onu_vs_self	809.511484403083	-0.61417640310338	0.169916130370535	-3.61458562976953	0.000300828377894292	0.000877971672272465
gene_5248	onu_vs_self	23899.3654876872	0.465924702552782	0.128953818391814	3.61311288307194	0.000302542911255923	0.000882674614979788
gene_1530	onu_vs_self	1775.91357943677	-0.348396000666249	0.096440979198406	-3.61253072668934	0.00030322316270637	0.000884357844213469
gene_8431	onu_vs_self	1874.98380317655	0.369707805934048	0.102378283437714	3.61119363911757	0.000304790980017159	0.000888627652911063
gene_4055	onu_vs_self	373.12404928483	0.919393423224148	0.254619762494301	3.61084864041033	0.000305196742438838	0.000889507700128176
gene_3704	onu_vs_self	4237.04563667828	-0.523939749079706	0.145132998760469	-3.61006630852044	0.000306118739197434	0.000891309134068159
gene_7111	onu_vs_self	1009.69610610264	-0.339092554331092	0.093929916775737	-3.61005913739596	0.00030612720258883	0.000891309134068159
gene_246	onu_vs_self	11915.2697866739	-0.261496210105656	0.0724339349209427	-3.61013398472779	0.000306038878241633	0.000891309134068159
gene_7897	onu_vs_self	185.188048970449	0.647614129783755	0.1794020988414	3.609847008291	0.000306377657379992	0.000891735038141018
gene_1792	onu_vs_self	576.178074530142	-0.541134727992205	0.149987984122515	-3.6078538634814	0.000308740295589342	0.000898306230538671
gene_2657	onu_vs_self	1209.91912359699	0.386547813830823	0.107165556840289	3.60701539961112	0.000309739284281713	0.00090090665084997
gene_4275	onu_vs_self	229.308924925601	0.49123201936281	0.136250453705016	3.60536061352377	0.000311719767916309	0.000906359107800138
gene_5826	onu_vs_self	421.217448394275	0.647266062786406	0.179589184793917	3.60414834294815	0.000313178156835668	0.000910290330225236
gene_3699	onu_vs_self	254.776731065909	0.915202682779422	0.253986188883351	3.60335609901903	0.000314134692945687	0.000912760682829287
gene_6901	onu_vs_self	534.15264663702	0.444638252379939	0.123419846685491	3.60264790729326	0.000314992061017849	0.000914941310591378
gene_186	onu_vs_self	668.353076364671	0.449487128965494	0.124987502983421	3.59625657154793	0.000322829399892123	0.000937387945412676
gene_2180	onu_vs_self	2240.1016638683	-0.252583099089583	0.0702430569344824	-3.59584434551551	0.000323341103917237	0.000938555391499339
gene_2608	onu_vs_self	2108.96756077853	0.323791303856968	0.0900809514601656	3.59444808928501	0.000325079949207206	0.000943282835665656
gene_3263	onu_vs_self	77.3120140939553	0.859404175832083	0.239257957851302	3.59195649561716	0.000328204648908913	0.000952027039871329
gene_7139	onu_vs_self	4225.40817661345	-0.294927091570836	0.0821268886438083	-3.59111487651701	0.000329266455982644	0.000954783490247776
gene_6841	onu_vs_self	368.780442319089	-0.760109271063952	0.211680044311871	-3.59084047594054	0.000329613340743937	0.000955465694808027
gene_4884	onu_vs_self	4662.65548331324	0.239776426405834	0.0667788093950263	3.59060648996375	0.00032990940531418	0.0009560001724744
gene_1382	onu_vs_self	233.451076861688	0.668442332461894	0.186245028952485	3.58904791296431	0.00033188784537557	0.000961407768668317
gene_4113	onu_vs_self	730.396309021648	0.640769539006856	0.178552963986834	3.58868049400796	0.000332355857229743	0.000962437800367592
gene_5028	onu_vs_self	653.698524196518	-0.356964626517872	0.099520080246958	-3.58686031635091	0.000334683489214327	0.000968850411793926
gene_6243	onu_vs_self	160.317876811075	0.61751116851815	0.172273602188016	3.58447934376045	0.000337751292359818	0.000977400629682232
gene_6072	onu_vs_self	866.568916387223	0.420019136068087	0.117225491057359	3.58300171984409	0.00033966837052857	0.000982616171586536
gene_662	onu_vs_self	3413.01019696568	-0.351623925232099	0.0981629990159389	-3.58204138786555	0.000340919764110504	0.000985903101616862
gene_5042	onu_vs_self	1292.38095263595	-0.416611502432157	0.116379272794261	-3.57977406482559	0.000343891410813226	0.000994160917447218
gene_4625	onu_vs_self	2408.1288884995	-0.362145367768082	0.101169664001158	-3.57958456562568	0.000344140870355411	0.000994546201972423
gene_3886	onu_vs_self	2392.39978609653	-0.314916809239577	0.0880248292323607	-3.5775906864674	0.000346775923236227	0.00100156937584894
gene_4429	onu_vs_self	1633.14617785645	0.277298265376348	0.0775102560811684	3.57756869085767	0.000346805096964517	0.00100156937584894
gene_433	onu_vs_self	2653.74199939685	-0.345961244319066	0.096707027899035	-3.57741574562978	0.000347008018325909	0.00100181741547042
gene_1231	onu_vs_self	1363.08764089797	0.475621575405802	0.13296560756799	3.57702705312424	0.0003475242192551	0.00100296942576657
gene_2705	onu_vs_self	934.970459502378	0.329586501514749	0.0921709288156622	3.57581838167116	0.00034913398183307	0.00100727566042841
gene_727	onu_vs_self	4575.21359349782	-0.334537610057978	0.0936315854196246	-3.57291408191685	0.000353030616982154	0.00101817455571672
gene_1897	onu_vs_self	1280.53240670034	-0.35889317563676	0.100477919621271	-3.57186113117717	0.000354453356591308	0.00102193355756874
gene_5804	onu_vs_self	3718.68411633678	-0.406771505116332	0.113906844651978	-3.57108922083786	0.000355499760958522	0.0010246053716515
gene_7369	onu_vs_self	1379.51467448316	0.302393061833108	0.0846958098929695	3.57034264404867	0.000356514570816034	0.00102696823358074
gene_1793	onu_vs_self	2913.52153634487	0.223015091569812	0.062463796064601	3.57030961325447	0.000356559531565648	0.00102696823358074
gene_5336	onu_vs_self	323.830185828702	-0.511730252959229	0.143333549442201	-3.57020568422875	0.000356701031933055	0.00102703021639655
gene_2366	onu_vs_self	17.4513347184693	1.71931106353276	0.481653928378099	3.56959834070553	0.000357528986667728	0.00102906796431599
gene_3947	onu_vs_self	15455.7948458748	0.383813481293855	0.107530130605998	3.56935752919513	0.000357857767742693	0.00102966806449662
gene_3416	onu_vs_self	444.558931267181	-0.439631171062453	0.123176777789615	-3.5691075781617	0.000358199326075589	0.00103030451317441
gene_4390	onu_vs_self	1076.83536138104	-0.5397189954062	0.151240577335718	-3.56861237185145	0.000358876926486513	0.00103190678223868
gene_3892	onu_vs_self	52.7288676117729	0.938150645818486	0.262927153096595	3.56810103015045	0.000359577863015151	0.00103352849057023
gene_902	onu_vs_self	905.176372500863	-0.454631452206935	0.127418241677482	-3.56802484653403	0.000359682403435597	0.00103352849057023
gene_980	onu_vs_self	686.782173777327	0.597685439646216	0.167609068668292	3.56594929137796	0.000362541473211067	0.00104139429888817
gene_4908	onu_vs_self	306.831807762808	0.743826916794672	0.208684937201903	3.56435364606607	0.000364753901996163	0.00104739798761729
gene_5854	onu_vs_self	935.406086783746	-0.700078725148419	0.196447395494306	-3.56369563152957	0.000365669937705131	0.00104932439381694
gene_1930	onu_vs_self	1882.59160498722	0.536945013596706	0.150668266012905	3.56375650829297	0.000365585099690675	0.00104932439381694
gene_8109	onu_vs_self	682.46793728577	-0.68197313885753	0.191379004864838	-3.56346893609974	0.0003659860229699	0.00104987947607987
gene_538	onu_vs_self	9738.97682155657	0.396880405436515	0.111379659652978	3.56331135032253	0.000366205897971272	0.00105015828697959
gene_7859	onu_vs_self	1292.44664998729	-0.402370389524937	0.112990278106977	-3.56110628512642	0.000369295547118482	0.00105866372516216
gene_6767	onu_vs_self	5921.84152211802	-0.600113354137218	0.168706877410121	-3.55713627891033	0.000374919681782472	0.00107442667427451
gene_4476	onu_vs_self	4378.84538173632	0.35764164787763	0.100569292911187	3.55617144681989	0.000376298559383661	0.00107801729194248
gene_6689	onu_vs_self	2165.90072473162	0.408012462260401	0.114753310880571	3.55556157055057	0.000377172600040246	0.00108015973782018
gene_2028	onu_vs_self	71.9466759958869	1.2113056250803	0.340696780481092	3.55537737506599	0.000377436951622103	0.00108055528624923
gene_757	onu_vs_self	1270.4021660092	0.409249738090771	0.115135138359484	3.55451640500034	0.000378674887091699	0.00108373688850048
gene_204	onu_vs_self	187.204933487012	0.98997921981888	0.278729403944428	3.55175738838181	0.000382667520553602	0.00109443166586663
gene_2373	onu_vs_self	551.895093471806	0.434603271791767	0.122360137046973	3.55183707930081	0.000382551648363552	0.00109443166586663
gene_6739	onu_vs_self	2289.43662463622	-0.345995803454181	0.0974553469746233	-3.55030087311963	0.00038479110998479	0.00110013757564122
gene_7050	onu_vs_self	1073.87173433455	-0.74924762749625	0.211175500444462	-3.54798556612535	0.0003881894939337	0.00110948316129298
gene_4343	onu_vs_self	206.770854755406	0.7221197699481	0.203628212106559	3.54626582671273	0.000390731841201699	0.00111637668914771
gene_8029	onu_vs_self	1930.65579157695	-0.247538649079015	0.0698694002019249	-3.54287640030714	0.000395788156304972	0.00113044598530883
gene_320	onu_vs_self	5661.73482086659	0.668497487568752	0.188754385504726	3.54162625562951	0.000397668494646941	0.00113543772987919
gene_8308	onu_vs_self	1698.33546101739	-0.403296784404664	0.114067987142795	-3.53558254604599	0.000406877104514739	0.00116134311925514
gene_5	onu_vs_self	101.080783046542	0.834819709389201	0.236152607079959	3.53508572152473	0.000407642893927331	0.00116314105733932
gene_8504	onu_vs_self	649.03964794572	0.490450624554265	0.13877575541554	3.53412325579275	0.000409130239606174	0.00116699595169239
gene_4040	onu_vs_self	3659.40758211455	-0.371457794383863	0.105147416053359	-3.53273345486074	0.000411286913998502	0.00117275682339346
gene_101	onu_vs_self	1673.29654433717	-0.40251974597459	0.113994766780564	-3.53103705847678	0.000413933749552936	0.00117991105433671
gene_4745	onu_vs_self	52.271190357949	1.04689866306248	0.296592365883312	3.52975593267414	0.000415943185836898	0.00118524423127958
gene_4784	onu_vs_self	346.104393072213	-0.595426482415434	0.168732889636524	-3.52881103202862	0.000417431089079387	0.00118908822712797
gene_4839	onu_vs_self	448.520094862286	-0.574407104979893	0.162821479717354	-3.52783371074272	0.000418975272394899	0.00119308993070537
gene_1716	onu_vs_self	3941.3980055897	0.390343810927132	0.110674735333764	3.52694596241828	0.000420382551008137	0.00119669924729952
gene_5951	onu_vs_self	610.29074927717	-0.401107261083703	0.113739657678802	-3.52653831802817	0.000421030235799677	0.0011981445540044
gene_7910	onu_vs_self	929.531753899754	0.289108936001598	0.0819896849840707	3.52616229782768	0.000421628500688186	0.00119944831036586
gene_145	onu_vs_self	61.8962936337984	0.908613232429549	0.257724144254709	3.52552623681066	0.000422642309601316	0.00120113485065978
gene_7622	onu_vs_self	546.458971474223	0.347454304474467	0.0985507528510691	3.52563825666095	0.000422463597715365	0.00120113485065978
gene_4473	onu_vs_self	1362.97011933115	0.324097893832725	0.0919286305450921	3.52553814748443	0.000422623304446254	0.00120113485065978
gene_7936	onu_vs_self	1636.9409641445	-0.531226157288223	0.150687040659972	-3.5253606080628	0.000422906676287451	0.00120148727149704
gene_7813	onu_vs_self	3448.52587220332	-0.318139250314866	0.0902587910559365	-3.52474530838447	0.000423890133723052	0.00120388173346693
gene_1335	onu_vs_self	89.4076833726042	0.81298702271533	0.230869123988675	3.52141944608933	0.000429243060353272	0.00121868013155025
gene_229	onu_vs_self	16139.2520284336	-0.344147080130121	0.0977323052497848	-3.52132367338055	0.00042939813597302	0.00121871619493669
gene_8594	onu_vs_self	3588.20955097322	0.352971945807792	0.1002516369174	3.52085967532496	0.000430150184686674	0.00122034871060712
gene_1696	onu_vs_self	1901.13981842363	-0.317866465392388	0.0902826355539016	-3.5207929347899	0.000430258458950034	0.00122034871060712
gene_3547	onu_vs_self	2136.21876092102	0.486405810530252	0.13818142108118	3.52005216565614	0.000431461930643959	0.00122335678248171
gene_7816	onu_vs_self	2112.74328905336	-0.326371483367139	0.0927303285549269	-3.51957648002746	0.000432236397443652	0.0012251468748734
gene_3143	onu_vs_self	1583.61749499702	-0.305469693212626	0.0868083527186926	-3.51889747525238	0.000433344138185804	0.00122788011349569
gene_6312	onu_vs_self	273.90400620085	0.598123996023776	0.170060179942958	3.51713138386893	0.00043623779630936	0.00123567026353677
gene_4409	onu_vs_self	76.9516263694516	0.889238693722767	0.252851134358615	3.51684676431617	0.00043670581642493	0.0012365867643392
gene_4577	onu_vs_self	3899.98245987766	-0.20078857190719	0.0571205983911444	-3.51516926577434	0.00043947378254617	0.00124401308815979
gene_6388	onu_vs_self	614.058936632249	-0.512738595966818	0.145998704555214	-3.51193935267356	0.000444849500559495	0.00125881379331877
gene_7774	onu_vs_self	1171.97718169349	0.303239150625164	0.0863612999397838	3.51128515708541	0.000445945761129159	0.00126149891449623
gene_737	onu_vs_self	265.143052993005	-0.485579765280025	0.138314403375858	-3.51069558504692	0.000446935889213363	0.0012638821313731
gene_3852	onu_vs_self	1404.59196885888	-0.852905148430829	0.242955290835059	-3.5105436292386	0.00044719141636382	0.00126418709513682
gene_2924	onu_vs_self	919.666887447411	0.528110186077437	0.150545719555819	3.50797211395722	0.000451536378168468	0.00127604866197494
gene_7731	onu_vs_self	61.8366963094707	1.33339611146077	0.380209480903498	3.50700384507034	0.000453182600142946	0.00128027823670746
gene_1087	onu_vs_self	1529.70759135189	0.230267266266449	0.0656655973491077	3.50666521835239	0.000453759643922238	0.00128148550048643
gene_3924	onu_vs_self	3109.08684718388	0.321156085484859	0.0916341148976248	3.5047655105706	0.000457009613355026	0.00129023822240073
gene_3774	onu_vs_self	2031.0245582202	0.51517548983872	0.147082796557537	3.50262234534811	0.000460702152461409	0.00130023423180668
gene_2904	onu_vs_self	2042.85551412769	0.304618400211073	0.086979450319849	3.5021881500849	0.000461453626831325	0.00130192585552938
gene_765	onu_vs_self	1545.61890515037	0.28992692450019	0.0828203038447618	3.50067448488994	0.000464082324017317	0.00130847980684724
gene_8107	onu_vs_self	3364.64249259648	-0.231382188556495	0.0660951085869952	-3.50074602346627	0.000463957773098324	0.00130847980684724
gene_6649	onu_vs_self	119.677393204938	-1.254846532141	0.358578990482826	-3.49949820108354	0.000466134750048108	0.00131383386908522
gene_8572	onu_vs_self	1155.89368822084	0.366142062575063	0.10463427206728	3.49925560087649	0.000466559100417261	0.00131459707030012
gene_3316	onu_vs_self	983.923165570095	0.470931349778564	0.134593406996369	3.49891841129536	0.000467149502835364	0.00131546274059733
gene_3500	onu_vs_self	8339.43607290174	-0.239694994172636	0.0685057241936327	-3.49890460971019	0.00046717368357662	0.00131546274059733
gene_1439	onu_vs_self	3522.25300867635	-0.359095825340199	0.102641433533133	-3.49854647367412	0.000467801555801128	0.00131679753951255
gene_1578	onu_vs_self	168.673330586918	0.690710761278881	0.19748812977979	3.4974798842293	0.000469676131766249	0.0013213720869152
gene_2270	onu_vs_self	1858.82074425019	-0.267648416486279	0.0765268142323339	-3.49744621112416	0.000469735427626513	0.0013213720869152
gene_4801	onu_vs_self	1266.42878612135	-0.676678966303863	0.193579037188131	-3.4956210968558	0.000472959786996429	0.00133000518288089
gene_596	onu_vs_self	742.668705013353	0.423087531285304	0.121102804679467	3.49362289672088	0.000476513600254947	0.00133955875802376
gene_1012	onu_vs_self	1089.74380742008	-0.333960021688758	0.0956843498897486	-3.4902261662807	0.000482611925444458	0.00135625675699427
gene_7839	onu_vs_self	128.299137578741	-0.617495516276631	0.176942173912897	-3.48981535956829	0.000483354382001481	0.00135789744336484
gene_7325	onu_vs_self	203.585769894284	-0.724017148757975	0.207472300005228	-3.4897051256468	0.000483553790469344	0.00135801195748609
gene_1405	onu_vs_self	11.3407703270551	3.66085647709682	1.04970024542814	3.48752559889482	0.000487512251540584	0.00136867985345602
gene_3361	onu_vs_self	33.355574538979	-1.10841229593056	0.317874824050466	-3.48694584178391	0.000488570284579433	0.00137091709648793
gene_7270	onu_vs_self	1595.35801646001	-0.318576125519156	0.0913633588385455	-3.48691345818551	0.000488629446423444	0.00137091709648793
gene_6888	onu_vs_self	894.775823359476	0.439590031734073	0.126080464123741	3.48658322912452	0.000489233125972322	0.0013721610610495
gene_2840	onu_vs_self	3984.20715207145	0.480004883623383	0.137744686648982	3.48474337051267	0.000492609255375751	0.001381177604329
gene_7742	onu_vs_self	1201.86614214406	0.514733654728855	0.14773776286591	3.48410348677095	0.00049378852116071	0.00138403069454344
gene_299	onu_vs_self	765.089209906831	0.29420722924178	0.0844691216830603	3.48301513475759	0.000495800334306212	0.00138921468466814
gene_307	onu_vs_self	629.118415965844	-0.624382999334628	0.179278795073469	-3.48274874939199	0.000496293909221448	0.00139014262530615
gene_768	onu_vs_self	1431.68418687895	-0.291231298635449	0.0836287576816671	-3.48243004809447	0.000496885020214926	0.00139134307263322
gene_3961	onu_vs_self	957.623634470585	-0.364875033289871	0.10479842206785	-3.48168441938601	0.000498270540023137	0.00139476645604907
gene_7199	onu_vs_self	1918.56909033829	0.344963389854355	0.0991419016689842	3.47949135579546	0.000502366575700923	0.00140577243805162
gene_7762	onu_vs_self	2730.93842637928	0.224810111612335	0.0646243535460732	3.47872124480222	0.000503812361889707	0.00140935745678951
gene_3702	onu_vs_self	5737.34372209478	0.504501132484797	0.145050005478248	3.47811867239436	0.000504946319640995	0.0014120681137298
gene_2193	onu_vs_self	1267.68838078301	-0.240116478088239	0.0690641201354812	-3.47671812248109	0.000507591159271292	0.00141900075877278
gene_6550	onu_vs_self	462.517970325654	0.413764530210011	0.119075098276449	3.47481997662852	0.000511196289482002	0.00142861254912372
gene_8208	onu_vs_self	647.08047702444	0.38547651346458	0.110957992606947	3.47407612924359	0.000512615570122917	0.00143211138389431
gene_7518	onu_vs_self	3418.80399808162	0.361100651975356	0.10394948130504	3.47380907958265	0.000513126003430125	0.0014330696865781
gene_1328	onu_vs_self	1124.25458798874	0.478370490602687	0.137740491050888	3.47298377516278	0.000514706469686668	0.00143654626035797
gene_819	onu_vs_self	1307.09829670741	0.357851081896851	0.10303803026175	3.47300002715301	0.000514675303213775	0.00143654626035797
gene_8202	onu_vs_self	2087.28112517677	0.324956462236352	0.0935882553878619	3.47219275420426	0.000516225540394272	0.00144031637085234
gene_1392	onu_vs_self	127.246784406332	0.730961528169364	0.210537946463564	3.47187545260808	0.000516836057488897	0.00144132410143386
gene_468	onu_vs_self	2735.84535577087	-0.213090709657967	0.0613770567331179	-3.47183004529749	0.000516923480303965	0.00144132410143386
gene_4338	onu_vs_self	1977.65239308303	0.407381724691035	0.117397955343724	3.47009216215292	0.000520279808621442	0.00145021008199269
gene_8505	onu_vs_self	366.097221488632	-2.00123925204993	0.576808250354425	-3.46950524861641	0.00052141787969616	0.00145251525233075
gene_2404	onu_vs_self	1954.03030526178	-0.465648999562582	0.134215367146886	-3.4694164272037	0.000521590313330193	0.00145251525233075
gene_180	onu_vs_self	482.92741193822	-0.368617825716176	0.106248192495549	-3.46940326285193	0.000521615874493542	0.00145251525233075
gene_640	onu_vs_self	1944.12348411939	0.323030020940286	0.0931249814360254	3.46877943983485	0.000522828488209712	0.00145541849075614
gene_2888	onu_vs_self	1170.68036010618	-0.234421146386943	0.0676432373293087	-3.46555185177946	0.000529144481465755	0.00147252170394892
gene_3008	onu_vs_self	895.105405250454	0.559692449550288	0.161541001477104	3.4647083058329	0.000530806877762991	0.00147619889871401
gene_838	onu_vs_self	4859.2152241824	-0.301447569021061	0.0870052293285424	-3.46470633256718	0.0005308107722245	0.00147619889871401
gene_1655	onu_vs_self	532.102384833873	0.493264836679401	0.142435389964176	3.46307779831588	0.000534033961730619	0.00148419828325133
gene_2565	onu_vs_self	957.353518988695	0.363402656437086	0.104933936163998	3.46315662712903	0.000533877524930737	0.00148419828325133
gene_7025	onu_vs_self	209.827210863357	-0.659346097865308	0.190541060275917	-3.46038852156343	0.000539396520765579	0.00149861545529158
gene_489	onu_vs_self	1748.87861614108	0.34047818320534	0.098492164785542	3.45690628230886	0.000546414842289863	0.00151762201492577
gene_2222	onu_vs_self	4085.52902900537	0.321298049779636	0.0930869176779412	3.4515918863191	0.0005572899641802	0.00154732471403909
gene_8450	onu_vs_self	4766.42679790413	0.404042707136405	0.117125436141558	3.44965807980496	0.000561296991247247	0.00155794495625047
gene_349	onu_vs_self	1647.25921200775	-0.400371255276632	0.11607863504864	-3.44913820798175	0.000562378781467218	0.00156044161081341
gene_4185	onu_vs_self	406.449789757035	0.374906993367319	0.108759050891771	3.44713373547548	0.000566568048753518	0.00157155622078098
gene_3205	onu_vs_self	817.305558745278	0.406301499442522	0.117971114433043	3.44407613164601	0.000573014327522895	0.00158892213916293
gene_7258	onu_vs_self	564.027892496693	-0.612901604123021	0.177986929220884	-3.44352030121494	0.000574193483580348	0.0015916762368678
gene_4930	onu_vs_self	3846.61431865268	-0.446511425143342	0.129681446142343	-3.44314039074823	0.000575000737017029	0.00159339796337513
gene_2476	onu_vs_self	1038.36977896814	0.334554151304914	0.0972336380764292	3.44072440282387	0.00058015913227306	0.00160717222403152
gene_6216	onu_vs_self	13551.8759010544	0.334279260991085	0.0971635482946545	3.44037724906219	0.000580903873481515	0.00160871470624451
gene_4229	onu_vs_self	3138.37078217089	0.264051735628443	0.0767681734923725	3.4395990371541	0.000582576589344751	0.00161282522794019
gene_3503	onu_vs_self	4122.69448579042	0.241067936497611	0.0701038750163895	3.43872484140502	0.000584460963758111	0.00161751886510489
gene_1346	onu_vs_self	3543.63319376683	-0.483594634903741	0.14064506435294	-3.43840459051013	0.000585152700224932	0.00161890986229005
gene_5540	onu_vs_self	798.917754119318	-0.377300754569046	0.109781977953982	-3.43681869830404	0.00058858944695545	0.00162789197607065
gene_7679	onu_vs_self	1678.08810915975	-0.378633935825452	0.110188704021525	-3.43623186412544	0.000589865916486852	0.00163089542801274
gene_169	onu_vs_self	1294.71633643822	0.349329461415417	0.101670052623988	3.43591305797157	0.000590560456825351	0.001632288508371
gene_2789	onu_vs_self	1280.99080660271	0.263247292111763	0.0766670136538644	3.43364479149103	0.00059552404541451	0.00164547638113241
gene_5374	onu_vs_self	2644.08314093829	0.233803690342039	0.0681429821490122	3.4310751154208	0.00060119410323779	0.00166060713898531
gene_5117	onu_vs_self	4593.13619293961	-0.375311935602161	0.109456250213232	-3.42887623932863	0.000606085832551935	0.00167357894407889
gene_8064	onu_vs_self	452.923085955989	-0.542275091931362	0.158198357527926	-3.42781745907593	0.000608454436925925	0.00167957754920539
gene_3209	onu_vs_self	891.487191577814	-0.267170671344812	0.0779589154753059	-3.42707013964862	0.000610131453063739	0.00168366384211012
gene_2472	onu_vs_self	824.299129034983	0.352724010491078	0.102937200824299	3.42659415319767	0.000611201827853917	0.00168607400787287
gene_5614	onu_vs_self	279.342382080171	0.62595625816369	0.182738676587029	3.42541748607651	0.000613855362490102	0.00169196292551531
gene_3190	onu_vs_self	1601.16689347654	0.341297096218261	0.0996375969076437	3.42538466212324	0.000613929538160112	0.00169196292551531
gene_5047	onu_vs_self	16233.6609175201	0.279688267018255	0.0816475675427518	3.42555541378261	0.000613543764175659	0.00169196292551531
gene_8524	onu_vs_self	1371.32250755294	-0.339527589859988	0.0991296750793502	-3.42508526925168	0.000614606492173774	0.00169316571787499
gene_1006	onu_vs_self	1330.27879623532	-0.276846616837138	0.0808307342572748	-3.42501672638488	0.000614761571396666	0.00169316571787499
gene_960	onu_vs_self	1575.87680139198	-0.24658226165791	0.0719969440660699	-3.42489899893011	0.000615028016438336	0.00169335471878809
gene_2945	onu_vs_self	787.176255764767	-0.437383259998474	0.127877431533056	-3.4203319127927	0.000625447738407563	0.00172148959510249
gene_3302	onu_vs_self	1503.96926139664	-0.369188332753611	0.107951429117343	-3.41994854326851	0.000626329819277728	0.00172336330858803
gene_8322	onu_vs_self	285.7582095786	0.763787936895203	0.223338904386873	3.41986067761913	0.00062653214908875	0.00172336606561687
gene_4812	onu_vs_self	556.43487867598	-0.337133293840515	0.0986103922614641	-3.41884142339288	0.00062888365231639	0.00172927852998018
gene_322	onu_vs_self	2024.92226914306	-0.389562078728066	0.114015147127216	-3.4167572339612	0.000633717630416665	0.00174201121270605
gene_1486	onu_vs_self	551.209307080732	0.442790736644631	0.129629405265887	3.41582016623782	0.000635902268882543	0.00174745535204962
gene_4404	onu_vs_self	515.276213028848	0.370198118631577	0.108389191370118	3.41545235232411	0.000636761687040383	0.00174925546889142
gene_3719	onu_vs_self	10576.4770664431	0.484540292084663	0.141890251236421	3.41489487729014	0.000638066319154339	0.00175227709077996
gene_439	onu_vs_self	1938.1333286155	-0.227033684002827	0.0665072938366888	-3.413665944074	0.000640951119590615	0.00175963488893382
gene_3587	onu_vs_self	1244.76352300557	0.366588782569218	0.107410991110075	3.41295410069846	0.00064262764614639	0.00176367189836906
gene_633	onu_vs_self	2299.75456462082	-0.469155368941011	0.137482126454592	-3.41248263348594	0.000643740285490584	0.0017661592448075
gene_6969	onu_vs_self	347.372854881434	-0.632269841944539	0.185332021586401	-3.41155207034623	0.000645941628770659	0.00177163099720501
gene_3626	onu_vs_self	4274.32427128892	0.203797159826712	0.0597398251504346	3.41141205742597	0.000646273449119622	0.00177197332622164
gene_237	onu_vs_self	3791.51397225492	0.269020155369068	0.0788727581143787	3.41081206997914	0.000647697171425929	0.00177530828927504
gene_829	onu_vs_self	469.651012888914	0.537811743405501	0.157729765776009	3.40970355696366	0.000650335260408895	0.00178196857525613
gene_7091	onu_vs_self	840.581276555409	0.283179862233729	0.083081171996184	3.4084721655917	0.000653277494834072	0.00178945771384949
gene_1659	onu_vs_self	3967.83737076708	0.330968909985078	0.097122894322045	3.40773318480023	0.000655049122828228	0.00179373656155138
gene_5381	onu_vs_self	432.897375565218	0.423541033539643	0.12432913882149	3.40661117381145	0.000657747568564632	0.00180054978794795
gene_5344	onu_vs_self	1408.39142466991	0.255142097694234	0.0749104012513761	3.40596357023981	0.000659309761776891	0.00180424922020786
gene_1639	onu_vs_self	2449.64265289983	0.309993688191247	0.0910575181877424	3.40437225130715	0.000663163115953613	0.00181421421302746
gene_3410	onu_vs_self	9824.98664677365	-0.212545137940384	0.0624464766361866	-3.4036369926629	0.000664950597169347	0.00181852303890403
gene_3557	onu_vs_self	469.874097084125	0.453646399570924	0.133300855139067	3.40317696460128	0.000666071244733727	0.0018204246024651
gene_8575	onu_vs_self	4509.33056711112	0.200737565049684	0.0589844846122911	3.40322656659874	0.000665950327788952	0.0018204246024651
gene_8326	onu_vs_self	3183.82080488684	-0.315136547543341	0.0926671788289948	-3.40073531454846	0.000672048657501881	0.00183617507443859
gene_2098	onu_vs_self	877.387576290244	-0.444759711386799	0.130793963664154	-3.40046053294042	0.000672724464459542	0.001837435040132
gene_1324	onu_vs_self	723.305992352907	-0.596769271997572	0.17550479573039	-3.40030179525309	0.000673115157028285	0.00183791570786671
gene_1640	onu_vs_self	2886.43375062895	0.579475645214124	0.170460874826393	3.39946422194709	0.000675180126637749	0.0018429661619959
gene_1628	onu_vs_self	152.678941846171	0.545143102630468	0.160382681449924	3.39901476706932	0.000676290648034015	0.00184540897263984
gene_2795	onu_vs_self	184.49541827283	0.529358043427405	0.155775457223776	3.39821209875806	0.000678278120798527	0.00185014705944996
gene_6284	onu_vs_self	3216.51024425227	0.383236445022624	0.112778329857867	3.39813903527045	0.000678459301356708	0.00185014705944996
gene_405	onu_vs_self	920.782509833554	-0.679811712619332	0.200103168358002	-3.39730609064165	0.00068052799395497	0.00185519733383903
gene_665	onu_vs_self	143.554801310421	0.557927717706873	0.164265753456539	3.39649443640417	0.000682549449199361	0.00186011565907244
gene_2520	onu_vs_self	929.666546651663	0.432723957003223	0.127436139501679	3.39561413815053	0.000684748173658735	0.00186551380220203
gene_5893	onu_vs_self	24.5815851501156	1.40591596884507	0.414424643887677	3.39245261974845	0.000692699107911259	0.00188657472596894
gene_239	onu_vs_self	1700.21662149168	-0.520928425742742	0.153561770372863	-3.39230541871116	0.000693071387622569	0.00188698825637697
gene_4556	onu_vs_self	1133.61614422183	-0.617440713373172	0.182066171361344	-3.39129838759418	0.000695623217776126	0.00189333378192803
gene_1650	onu_vs_self	1997.75893741879	0.468894519489405	0.138280614976181	3.39089119302929	0.00069665753125281	0.00189554623888241
gene_1080	onu_vs_self	3040.04587219118	0.320443118878622	0.0945268887579506	3.38996790319802	0.000699008073288457	0.00190133749836326
gene_2452	onu_vs_self	1126.19151828247	0.530503298778708	0.15649675003094	3.38986783223182	0.000699263279515574	0.00190142746907666
gene_6489	onu_vs_self	776.942543301169	0.482642807998818	0.142399914994365	3.38934758505943	0.000700591436940037	0.00190438489492936
gene_284	onu_vs_self	1716.7500714922	0.382515622073085	0.11286084998356	3.38926759924991	0.000700795843344333	0.00190438489492936
gene_1840	onu_vs_self	120.906680726841	-0.960126990022443	0.283437055409109	-3.38744342597199	0.000705472650875056	0.0019164855257031
gene_8404	onu_vs_self	169.977455914761	0.512973020009575	0.151526346062316	3.38537180721439	0.000710819020925887	0.00193039683347893
gene_1318	onu_vs_self	1775.85113022288	0.267479772777832	0.0790457343363895	3.38386093852372	0.000714741938681377	0.00194043482242708
gene_7536	onu_vs_self	3603.70688892509	0.260308861520514	0.0769451976915877	3.38304233831311	0.000716875798082641	0.00194561091680006
gene_778	onu_vs_self	404.408523329935	0.550233171831959	0.16278557504183	3.38011013377917	0.00072456789390689	0.00196586407982345
gene_6898	onu_vs_self	950.047698734979	0.387666337811386	0.114697805628499	3.37989323934426	0.000725139911075684	0.00196679266121922
gene_5573	onu_vs_self	367.560002675193	0.408097130721848	0.12078945458873	3.37858244423205	0.000728605818168223	0.00197556724850174
gene_5034	onu_vs_self	1211.10270738522	-0.258359024312466	0.0765492759558498	-3.37506816473974	0.000737974095541745	0.0020003351038117
gene_8638	onu_vs_self	479.034417628897	-0.489005450841634	0.144977910725747	-3.37296522203773	0.000743633446232185	0.00201503713192387
gene_7482	onu_vs_self	963.736529358214	0.328788680811	0.0974996609781963	3.37220332370721	0.0007456937628763	0.00201998057285479
gene_5010	onu_vs_self	533.910093917268	-0.453047849297708	0.134534123031931	-3.36753114442332	0.000758444592996303	0.00205387083709217
gene_6737	onu_vs_self	4605.51812651811	-0.180655971270322	0.0536593670892918	-3.36671826504591	0.000760683588377273	0.00205928257954126
gene_3597	onu_vs_self	4020.93354646353	0.256026430023431	0.076105307597281	3.36410742044722	0.000767916479450767	0.00207820583752721
gene_2295	onu_vs_self	2119.84682697737	0.353106662416557	0.104982357762661	3.36348573171544	0.000769648146656339	0.00208223392395015
gene_8256	onu_vs_self	1528.89248368906	0.319939776341775	0.0952123861681691	3.36027474174085	0.000778649980185428	0.0021059222212914
gene_2775	onu_vs_self	34.6325200615228	-1.20189112073649	0.357703944041905	-3.36001640674024	0.000779378439670233	0.00210722660883676
gene_3158	onu_vs_self	603.972152871739	-0.469064345061336	0.139617038196944	-3.35964973271868	0.000780413482498156	0.00210935882860253
gene_3775	onu_vs_self	10645.595179731	-0.469956478843589	0.139892848203022	-3.35940317807782	0.000781110171130743	0.00211057546239872
gene_227	onu_vs_self	258.231631729398	-0.473699498358601	0.141075689967962	-3.35776843243636	0.000785744090317484	0.00212242644781245
gene_4125	onu_vs_self	3132.40916680631	0.353395778656387	0.10526891717199	3.35707622107486	0.000787713941222233	0.00212707613150231
gene_5764	onu_vs_self	8094.42983240297	0.45276775701733	0.13490476954515	3.356202738746	0.000790206182890377	0.00213313305756595
gene_1099	onu_vs_self	1377.18199434549	0.291313767712821	0.0868834347113686	3.35292646613916	0.000799619477892018	0.00215786340818275
gene_8511	onu_vs_self	691.818590344624	-0.717627612077429	0.214081616617163	-3.35212160398035	0.000801947854412449	0.00216346474433362
gene_2471	onu_vs_self	1698.74486334651	0.439121004754787	0.131126430918156	3.34883670424057	0.000811516095303869	0.00218858783106526
gene_2368	onu_vs_self	2424.06458838912	0.260052827154415	0.0776968435481272	3.34701920025016	0.000816855524049066	0.00220229394830236
gene_3446	onu_vs_self	32.3939477168632	1.32383884422305	0.395564541210234	3.34670756932042	0.000817774294472197	0.00220364325726548
gene_2621	onu_vs_self	1187.08128401196	-0.282091356956162	0.08429004044314	-3.34667483219983	0.000817870867795844	0.00220364325726548
gene_1664	onu_vs_self	169631.147452214	0.44190019618502	0.132052257285353	3.34640395604987	0.000818670348745779	0.00220510326786151
gene_1106	onu_vs_self	2557.88499240299	-0.296869950410197	0.0887169548743402	-3.34625947013947	0.000819097090041617	0.00220555869479592
gene_371	onu_vs_self	528.108947336112	-0.450045991337771	0.134552836053806	-3.34475292039035	0.000823559018850853	0.00221687584948532
gene_8605	onu_vs_self	1921.03605351003	0.319636519962744	0.095582144791153	3.34410282026156	0.000825491367794476	0.00222137884574685
gene_2463	onu_vs_self	6425.67415618903	-0.268621225467494	0.0803417592525791	-3.34348199450053	0.000827340627580841	0.00222565549091515
gene_2737	onu_vs_self	231.169287783095	0.463193956452154	0.138563467317815	3.34282885249799	0.000829290295973013	0.00223019947644643
gene_4158	onu_vs_self	4379.67172613497	0.332041725405249	0.0993509932588252	3.34210775870381	0.000831447754451538	0.00223529923935464
gene_3340	onu_vs_self	1018.49821924773	-0.399052082849105	0.119493319718911	-3.33953466007816	0.000839188781841047	0.00225540218918661
gene_6143	onu_vs_self	1262.21831982454	-0.24967465612152	0.074797444450577	-3.33801051567336	0.000843805559190697	0.00226709842645084
gene_8192	onu_vs_self	695.849480083673	-0.354365513041981	0.106164456661221	-3.33789221163529	0.000844164896735803	0.00226735221715045
gene_2540	onu_vs_self	4369.90911411025	-0.382686539026238	0.114678460025196	-3.33703939643204	0.000846759446080858	0.00227360754656592
gene_3919	onu_vs_self	3251.22273223088	-0.326486303086559	0.0978532273100217	-3.33648988451015	0.00084843516136833	0.00227739259370113
gene_962	onu_vs_self	361.201198014776	-0.460545576280658	0.138071771541875	-3.33555201861795	0.000851302252837858	0.00228437218943325
gene_6351	onu_vs_self	107.021158264297	0.745376503235346	0.223564152522115	3.33406091641464	0.000855879113674645	0.00229593394329519
gene_2105	onu_vs_self	1177.68543393017	-0.260448911102742	0.0781424915575087	-3.33299983033002	0.000859149947737044	0.00230398607538505
gene_7004	onu_vs_self	644.966994752018	-0.509392358638583	0.152853672860224	-3.33254902618136	0.000860543072176975	0.00230699927899621
gene_6498	onu_vs_self	767.414138614083	0.584016981375675	0.175292674164327	3.33166793284351	0.000863271973493965	0.00231359051130505
gene_8111	onu_vs_self	111.081450196357	0.666212706998747	0.200100784350007	3.32938578508237	0.000870377540323981	0.00233190351961605
gene_4600	onu_vs_self	6555.50398625891	-0.357136520146835	0.107404170109584	-3.32516437473937	0.000883664206005953	0.00236676020131757
gene_5639	onu_vs_self	1117.28983145788	-0.296111739394381	0.0890719270125411	-3.32441151017974	0.000886053473419848	0.00237241718250669
gene_5313	onu_vs_self	3554.74504150958	-0.234278340536723	0.070490010428571	-3.32356796533775	0.000888737634196805	0.0023788599589508
gene_2966	onu_vs_self	1170.88536630201	-0.28267588288777	0.0850858278432562	-3.32224402174838	0.000892965627098632	0.00238942974928549
gene_7797	onu_vs_self	72.0311082086525	-0.784582507927597	0.236349743568939	-3.3195826493408	0.000901521142295747	0.00241099352399778
gene_7717	onu_vs_self	1479.3498943586	0.30007337040576	0.0903954695253946	3.31956205306794	0.000901587648401505	0.00241099352399778
gene_3940	onu_vs_self	1733.56310036975	-0.207988192703686	0.0626689488495229	-3.31883965699018	0.000903923170072319	0.00241648417733262
gene_3586	onu_vs_self	686.649996689676	0.311451416815578	0.0938850739934764	3.3173688166579	0.000908695768295517	0.00242848447599426
gene_504	onu_vs_self	1091.57564730454	0.33876227918978	0.102139182180615	3.31667311170299	0.000910961324889842	0.00243377931993041
gene_8531	onu_vs_self	11.6341228709754	-1.82755379793261	0.551367372539235	-3.3145845926938	0.000917794050145841	0.00245125785927209
gene_1056	onu_vs_self	737.26540456724	0.336006100664023	0.101374638125038	3.31449864461747	0.000918076249629245	0.00245125785927209
gene_7098	onu_vs_self	1511.11246330656	0.44928024358263	0.135554887657432	3.3143787829918	0.000918469934156565	0.00245154432066735
gene_8195	onu_vs_self	1961.55458202193	-0.400633989304299	0.1209137415639	-3.31338675093909	0.000921734265602995	0.00245949043440201
gene_6863	onu_vs_self	75.4538962730751	0.834278428385007	0.251806656532754	3.31317066781548	0.000922446722352552	0.00246062447595446
gene_5438	onu_vs_self	77.2235824154442	0.735135731893992	0.221899331066087	3.31292450663157	0.000923258972482413	0.00246202392661977
gene_4605	onu_vs_self	74.4597692807039	0.850346789803799	0.256744164478169	3.31203940518813	0.000926184991735433	0.00246905746784656
gene_309	onu_vs_self	782.860115194506	-0.342127011757193	0.103338723865691	-3.31073385618592	0.000930516637564015	0.00247983263310958
gene_7097	onu_vs_self	2758.03086692337	-0.207225007074223	0.0626136017536701	-3.30958451950221	0.000934345518317994	0.00248926163610396
gene_6495	onu_vs_self	759.705668743019	0.339406292792567	0.102568153782669	3.30908064809016	0.000936028704910795	0.00249283092427578
gene_383	onu_vs_self	671.223049447078	0.307999578872013	0.0930790948597719	3.30900917478871	0.000936267689433018	0.00249283092427578
gene_8127	onu_vs_self	110.294274714029	0.771431460984072	0.233160715782604	3.30858248738328	0.000937695576063646	0.00249585638405
gene_4581	onu_vs_self	133.078712352281	-0.754904357074046	0.228184600834682	-3.30830544354292	0.00093862376841265	0.00249755034429975
gene_3045	onu_vs_self	752.915043420734	-0.512702983387909	0.155019938731517	-3.30733573747485	0.000941879325829272	0.00250543412961422
gene_3170	onu_vs_self	3150.26327418794	0.307313227364756	0.0929279047227198	3.30700695643277	0.000942985502398102	0.00250759735959234
gene_6774	onu_vs_self	264.163659985007	-0.620886514981204	0.187863111460837	-3.30499431289702	0.000949783271967957	0.00252488969193966
gene_6780	onu_vs_self	3095.51764324143	-0.455229682980009	0.137755154043606	-3.30462904375909	0.000951021836450914	0.0025273973672834
gene_4589	onu_vs_self	619.383862371711	-0.678623655467549	0.205439511868304	-3.30327719967802	0.000955618732080144	0.00253882568175234
gene_5681	onu_vs_self	3042.9531282647	-0.295499108252184	0.0894737321114469	-3.30263532412078	0.000957808604381592	0.00254385406562409
gene_5038	onu_vs_self	76.098762858732	0.780567821176191	0.236374079429149	3.30225641940643	0.000959103485769755	0.00254650305154749
gene_2829	onu_vs_self	1076.1750153612	0.509305520541566	0.154278256209714	3.30121387844347	0.000962674672095928	0.00255519230795074
gene_1653	onu_vs_self	3026.27937308776	0.366482219605188	0.111021195514052	3.30101128805446	0.000963370065651356	0.00255624543148655
gene_818	onu_vs_self	226.428449907909	0.659073887774327	0.199664072628292	3.30091377531552	0.000963704944941065	0.00255634159550527
gene_1839	onu_vs_self	842.138564796247	0.608199151860834	0.184367257645901	3.29884579087764	0.000970832275926255	0.00257444990146491
gene_338	onu_vs_self	572.544174978426	-0.477585021403677	0.144810009824091	-3.29801111113676	0.000973722811828862	0.00258131535127131
gene_3487	onu_vs_self	181.940515767309	0.626870072896416	0.190116613663498	3.29729243971261	0.000976217988425938	0.0025871287866644
gene_7615	onu_vs_self	1854.02594991244	-0.280944810581875	0.0852130942093516	-3.29696759856706	0.000977347755846587	0.00258920510767548
gene_2609	onu_vs_self	7882.35619760346	0.27679497181421	0.0839563033069036	3.29689327556958	0.000977606414486818	0.00258920510767548
gene_3928	onu_vs_self	4263.04861465156	-0.182967320588553	0.0555024777666518	-3.29656130592583	0.000978762508170389	0.00259146522423091
gene_3288	onu_vs_self	6.07241551886537	-2.39145977961833	0.725463988742857	-3.29645553290997	0.000979131131556728	0.00259163960609944
gene_620	onu_vs_self	3700.88897904341	-0.285114086255033	0.0865206743520171	-3.2953289880176	0.00098306517153784	0.00260124818187447
gene_8122	onu_vs_self	696.49248605103	-0.289494809292932	0.087890710671884	-3.29380439730067	0.000988412547820775	0.00261458943428487
gene_642	onu_vs_self	1252.57634255201	0.298971169330464	0.0907732200785511	3.29360541657273	0.000989112439732382	0.00261563252521137
gene_5447	onu_vs_self	673.978032582845	0.2993796457083	0.0909095860387978	3.29315816684648	0.000990687264530402	0.00261898795070421
gene_5924	onu_vs_self	2103.89150750326	0.309889823612277	0.0941570351577231	3.29120201260775	0.000997602458712666	0.00263645478437185
gene_1024	onu_vs_self	4824.0458683677	-0.279253317804085	0.0848534333529192	-3.29100787993604	0.000998291168420422	0.0026374606178021
gene_5317	onu_vs_self	948.167863946603	-0.304174367726723	0.0924580706532612	-3.28986280567595	0.00100236242454316	0.0026473996772877
gene_1292	onu_vs_self	129.283926538503	-0.620013361178107	0.188484135408959	-3.28947239953562	0.0010037540045882	0.00265025733475477
gene_5521	onu_vs_self	709.394121177223	-0.329389900801806	0.100383186101483	-3.28132542504486	0.00103320461494963	0.00272717591858428
gene_6446	onu_vs_self	136.262868188709	-0.627092642841934	0.191204242866263	-3.27970045769618	0.00103917355964333	0.0027420855951131
gene_1464	onu_vs_self	465.940342362141	0.352840597744678	0.107595717152136	3.27931823945907	0.00104058217847151	0.00274495637834087
gene_2377	onu_vs_self	4971.62834837649	-0.226332651968113	0.069027692160413	-3.27886743543649	0.00104224583268592	0.00274849794448289
gene_779	onu_vs_self	1267.42793687709	-0.402214024644784	0.122710084727866	-3.27775851134626	0.00104634870259719	0.00275846778387186
gene_5252	onu_vs_self	2089.27130755339	-0.292147736219625	0.0891604282109916	-3.27665245761583	0.00105045583474974	0.00276844271719758
gene_1899	onu_vs_self	84.8262628560751	0.660816672817228	0.20188556027086	3.27322405788032	0.0010632815479041	0.00279965858199295
gene_6187	onu_vs_self	220.324070504673	0.612632088038934	0.187156031222444	3.27337614522714	0.00106270952892893	0.00279965858199295
gene_6217	onu_vs_self	5109.95710615786	0.342171532928895	0.10453596081427	3.2732423394169	0.00106321277376698	0.00279965858199295
gene_7999	onu_vs_self	1648.5962444229	-0.308493058915701	0.0942584185685253	-3.27284356772259	0.0010647138655252	0.00280256786251405
gene_2994	onu_vs_self	2540.40694890319	-0.399364671527385	0.122049214755856	-3.27216092562548	0.00106728807906212	0.00280848015886006
gene_175	onu_vs_self	1140.90820501998	0.314390493366204	0.096096904515406	3.27159854889812	0.00106941310121328	0.00281320717467292
gene_6496	onu_vs_self	566.80422351892	0.473149931751423	0.144676832396264	3.27039183755064	0.00107398605117528	0.00282416907339915
gene_3549	onu_vs_self	592.139063679053	-0.29653488014451	0.0906744386626092	-3.27032496167842	0.00107424001203126	0.00282416907339915
gene_7845	onu_vs_self	235.951058348529	0.491308279097628	0.150276132072045	3.26937000788712	0.00107787251045302	0.0028328488454031
gene_1209	onu_vs_self	2993.78504937923	-0.220206260929392	0.0673791182953785	-3.26816774247543	0.00108246190060192	0.00284403740612413
gene_7739	onu_vs_self	1142.62070521676	0.353736760734264	0.108253331005717	3.26767552968493	0.00108434602642558	0.00284811352752468
gene_2779	onu_vs_self	497.15544182468	0.3699837339921	0.113296248120746	3.26563094655868	0.00109220493579888	0.00286787553694431
gene_5501	onu_vs_self	223.071563192531	0.57543682354722	0.17635757971557	3.26289816675465	0.00110279138406014	0.00289478511117904
gene_4900	onu_vs_self	955.155856875528	-0.336056890101901	0.103012259866494	-3.26229994893265	0.00110512142869392	0.00290001208755976
gene_1581	onu_vs_self	3807.79001356586	0.424636011588184	0.130222063395195	3.26086072142405	0.00111074585039457	0.00291298544098576
gene_5235	onu_vs_self	2053.70547724618	-0.2316715293994	0.0710457805557085	-3.26087668524862	0.00111068331974845	0.00291298544098576
gene_3454	onu_vs_self	21.4400607016334	-1.44990779828657	0.444910015001462	-3.25887876064513	0.00111853457235452	0.00293161541315208
gene_6026	onu_vs_self	1218.59761247116	0.256362980342359	0.0786655692390212	3.25889690778711	0.00111846302911253	0.00293161541315208
gene_1984	onu_vs_self	439.404257735728	-0.332124203062845	0.101922970729063	-3.25858048178084	0.00111971111261136	0.00293380077255992
gene_698	onu_vs_self	4090.33967327083	0.287893822527722	0.0883733053868544	3.25770119457981	0.00112318606117411	0.00294200510515618
gene_3904	onu_vs_self	516.088806895365	-0.349305261454324	0.1072310310332	-3.25750165869594	0.00112397601500676	0.00294317365813944
gene_6485	onu_vs_self	209.702814537153	-0.565959595099498	0.173771382253759	-3.25692060314641	0.00112627931521887	0.00294830303922738
gene_5785	onu_vs_self	3468.71374777629	-0.220687224373077	0.0677756071316678	-3.25614529640948	0.00112935942180438	0.00295546213715851
gene_1993	onu_vs_self	3586.25929045259	-0.282380433439959	0.0867432900210184	-3.25535765788382	0.00113249649203208	0.00296276588380031
gene_2690	onu_vs_self	240.748918396957	-0.518366104416021	0.159276951451888	-3.25449539114641	0.00113594003291194	0.00296995927969646
gene_7042	onu_vs_self	586.294713091006	0.368357397030117	0.113181664426695	3.254567768516	0.00113565061557985	0.00296995927969646
gene_7227	onu_vs_self	2209.13224483129	0.362242315702576	0.111321590934501	3.25401669758486	0.00113785591509054	0.00297406004066413
gene_3984	onu_vs_self	1507.25806524145	0.346885451120561	0.106628321808268	3.2532205819042	0.0011410488364258	0.00298149512814557
gene_8113	onu_vs_self	3402.33918941772	0.196032654377694	0.0602612963564388	3.25304409679777	0.0011417577725432	0.00298243714768685
gene_3530	onu_vs_self	123.429391374342	-0.634885713128527	0.195213841585714	-3.25225766764987	0.00114492179025097	0.00298978966581705
gene_2819	onu_vs_self	692.222202918086	0.414264989597083	0.127544708058252	3.24799825805301	0.00116219982153504	0.00303398306567246
gene_4035	onu_vs_self	1104.95658225731	-0.29076945919787	0.0895689077505877	-3.24632136865555	0.00116906788474048	0.00305098204066418
gene_4163	onu_vs_self	26.6720974650001	1.17854318707856	0.363064108301585	3.24610216248528	0.00116996845774796	0.00305240170628545
gene_1823	onu_vs_self	536.640844422987	0.343698148175438	0.105897516079773	3.24557327592582	0.0011721439424131	0.00305714568770753
gene_2074	onu_vs_self	1435.50435744673	-0.25529455651059	0.0787058830401557	-3.24365278235096	0.00118007503463714	0.00307689378510323
gene_4656	onu_vs_self	771.815701934815	0.432119967060448	0.133258292116852	3.24272478804943	0.00118392512967382	0.00308599242083066
gene_2765	onu_vs_self	861.633580461787	0.494831081496158	0.152628301082049	3.24206636638213	0.00118666384742666	0.00309218950805851
gene_7197	onu_vs_self	750.476831173591	0.522206909963334	0.161118621011429	3.24113318923137	0.00119055544393788	0.00310138606211451
gene_3198	onu_vs_self	1416.23011639033	0.305354661885749	0.094234231609276	3.24037938943295	0.00119370759476572	0.00310865135722378
gene_6980	onu_vs_self	751.275975664146	-0.471630418827878	0.145606557236963	-3.23907403469706	0.00119918441590293	0.00312196429444315
gene_5155	onu_vs_self	1349.66393988864	-0.424809829663225	0.131275385480624	-3.23602043222281	0.00121208707728081	0.00315459573776945
gene_6467	onu_vs_self	1689.82260027273	0.500742816535321	0.154757538133465	3.23566026298166	0.00121361735824648	0.00315665894457304
gene_1228	onu_vs_self	1425.89684879621	0.410045603263201	0.126724908988258	3.23571432433377	0.00121338754951788	0.00315665894457304
gene_5396	onu_vs_self	327.166003345372	0.419246822886261	0.129607225000656	3.23474885666397	0.00121749770109872	0.0031657898910708
gene_3480	onu_vs_self	565.781268646988	-0.662814131011574	0.204921364756435	-3.23448036664884	0.00121864298958512	0.00316780564556595
gene_2629	onu_vs_self	522.161671912591	0.529253523001371	0.163725869171353	3.23255894551069	0.00122686821568904	0.0031882185568604
gene_4922	onu_vs_self	246.943690462745	0.494847706878866	0.153116345765502	3.23184114932267	0.00122995409284097	0.00319526768883725
gene_2287	onu_vs_self	1311.88109613823	-0.30228925642318	0.0935435907476656	-3.23153359847611	0.00123127847687518	0.00319773779188457
gene_6377	onu_vs_self	330.089538708067	0.3920694585908	0.121336341941606	3.23126156860313	0.00123245099700846	0.00319981211234226
gene_5245	onu_vs_self	571.510866298246	0.406044968454787	0.125714078334963	3.22990848624677	0.00123829847264668	0.00321401908000471
gene_2885	onu_vs_self	172.60876224643	0.639633472280674	0.198058963702948	3.22951034541414	0.00124002394880779	0.00321752197690047
gene_7065	onu_vs_self	1180.2468074594	-0.312375501522401	0.0967325267492418	-3.22927056720194	0.00124106417864967	0.00321924526340642
gene_5743	onu_vs_self	681.201370055295	0.286994374675543	0.0888794314344548	3.22903027217484	0.00124210745896803	0.00322097541616671
gene_4950	onu_vs_self	2675.18906868696	-0.260869868948087	0.0808255676554164	-3.22756618376321	0.00124848155860512	0.00323652396779523
gene_6997	onu_vs_self	1038.74743059394	0.303253303889223	0.0939704073334862	3.2271149236698	0.00125045225913701	0.00324065132855369
gene_5992	onu_vs_self	702.806737633902	0.396815819149684	0.122998119937715	3.22619418370482	0.00125448214007621	0.00325011111351463
gene_1529	onu_vs_self	46.3998786972895	0.981373869983495	0.304392270293215	3.2240433340773	0.00126394271517317	0.00327363075397348
gene_2092	onu_vs_self	2758.2750885692	-0.484364376171792	0.150260607645046	-3.22349539086108	0.00126636336487315	0.00327890816797161
gene_7184	onu_vs_self	940.810505690538	0.461858087935504	0.143323572981248	3.22248516645571	0.0012708374578618	0.00328941406501339
gene_2681	onu_vs_self	2698.09624453365	-0.235307997091732	0.0730224589067413	-3.22240582712025	0.0012711894540963	0.00328941406501339
gene_6593	onu_vs_self	216.78225514054	0.909666690907021	0.282413433350648	3.22104611000415	0.00127723596996008	0.00330334864551062
gene_3344	onu_vs_self	889.634294077389	-0.571103572852583	0.177305118011607	-3.2210213628193	0.00127734626362619	0.00330334864551062
gene_274	onu_vs_self	1056.33716340359	-0.32379729140217	0.100542534091031	-3.22050060036287	0.00127966924655044	0.0033083566144584
gene_5978	onu_vs_self	5623.91854909687	0.447758930049594	0.139202847713294	3.21659317610952	0.00129722402593643	0.00335272876268594
gene_8329	onu_vs_self	221.612532812298	0.50987566711891	0.158555857044651	3.21574791762707	0.00130105061915853	0.0033616037730145
gene_5904	onu_vs_self	1704.59043986231	-0.477671240114367	0.148546161194435	-3.2156417659904	0.00130153191680164	0.0033618325913766
gene_1030	onu_vs_self	18659.5662564679	-0.256287994189586	0.0797096933527982	-3.21526759681843	0.00130322973213121	0.00336520256622719
gene_2590	onu_vs_self	5197.93877077223	0.231770389812352	0.0720993850354261	3.21459593169167	0.00130628258216462	0.0033720684268182
gene_3409	onu_vs_self	135.771332474707	0.51848253905782	0.161338761824465	3.2136266151709	0.00131069995252965	0.00338245149039911
gene_4744	onu_vs_self	44.7091971936645	0.83915642429401	0.26113830062717	3.21345594376093	0.00131147916229831	0.00338344232347001
gene_452	onu_vs_self	607.85953771478	-0.379012769246594	0.117967883217305	-3.21284708100107	0.00131426244305351	0.0033896012390895
gene_3411	onu_vs_self	679.58139982582	-0.27920875936936	0.0869290698998577	-3.21191472186472	0.00131853508148839	0.00339959647516284
gene_742	onu_vs_self	2020.86997163368	-0.336284162831429	0.104726208058831	-3.21107933787231	0.00132237420397755	0.00340791585698865
gene_4214	onu_vs_self	3829.81577686705	-0.261582055967761	0.0814633591617399	-3.21103940052862	0.00132255799963975	0.00340791585698865
gene_8320	onu_vs_self	283.096359523236	0.705870778958146	0.219836993620098	3.2108826059456	0.00132327981199837	0.0034087496812236
gene_3859	onu_vs_self	2123.75197699683	-0.324330970102369	0.101105630308911	-3.20784281855948	0.00133734567181545	0.00344394673608312
gene_6193	onu_vs_self	18.3492822385879	1.74786420931401	0.545020742782609	3.20696823462218	0.00134141807020334	0.00345339509201222
gene_4508	onu_vs_self	1816.79313144832	0.262840675443641	0.0819691239303453	3.20658148874441	0.00134322255303201	0.00345700091820625
gene_4365	onu_vs_self	354.858043337864	0.513166396804617	0.160047650701268	3.20633507930993	0.00134437342032667	0.00345892289690302
gene_1663	onu_vs_self	50757.3402839112	0.50403173986164	0.157246307878698	3.20536454344261	0.0013489152087686	0.0034695655610154
gene_1116	onu_vs_self	572.919609891522	-0.310366979962098	0.0968353972142677	-3.20509843394714	0.0013501629839216	0.00347173179404293
gene_6369	onu_vs_self	399.729818561114	0.398382169869771	0.124329726519355	3.20423909086419	0.00135419967870635	0.00348106584075867
gene_8420	onu_vs_self	2548.95404731012	-0.26006098751374	0.0812099441605246	-3.20232934774204	0.00136321043656236	0.00350317662472946
gene_1631	onu_vs_self	8885.85524313658	0.204974022818993	0.0640471435090113	3.20036166468773	0.00137255239234885	0.00352612499354926
gene_7673	onu_vs_self	104.944083092028	0.674028406454155	0.210765471585221	3.19800203223333	0.00138383305157318	0.00355403868030795
gene_6620	onu_vs_self	2807.660681251	0.334412904865704	0.10463791569571	3.19590563938779	0.00139392690710811	0.00357888851974969
gene_5821	onu_vs_self	450.612116910296	0.379562678050829	0.118781935497534	3.19545793273176	0.00139609133466311	0.00358337086198387
gene_4831	onu_vs_self	1977.41737186732	-0.370719222860941	0.116159876487389	-3.19145675831696	0.00141557298618345	0.00363154246127958
gene_810	onu_vs_self	2886.90580881804	0.304700981982568	0.0954747715783638	3.19142928488157	0.00141570761603855	0.00363154246127958
gene_335	onu_vs_self	2429.8489008429	0.217687312477946	0.0682214769311519	3.19089123059639	0.00141834665895488	0.0036372221092432
gene_474	onu_vs_self	2563.19765581332	-0.235471588349151	0.0738218274725091	-3.1897285181248	0.00142406501585641	0.00365079261327669
gene_7127	onu_vs_self	1130.39879756109	-0.344770281520006	0.108133368048568	-3.18838012485796	0.0014307231853718	0.00366676361280917
gene_8350	onu_vs_self	4547.99536787022	0.395360371550056	0.124026533899986	3.18770797762415	0.00143405285736299	0.003674197084414
gene_1349	onu_vs_self	565.788797036259	-0.549899720653427	0.172539803696083	-3.18708905929926	0.00143712516039272	0.00368096689795384
gene_2018	onu_vs_self	1076.25824856571	-0.413529677300604	0.129768976990076	-3.1866605323723	0.00143925591631819	0.00368532176000111
gene_3925	onu_vs_self	830.569674279148	0.348072912110301	0.109237292914478	3.18639269450596	0.00144058915964694	0.00368763253785222
gene_3927	onu_vs_self	873.801959665527	-0.475446446760032	0.149247156841611	-3.18563151768847	0.00144438436293938	0.00369624219634115
gene_33	onu_vs_self	1647.41556014433	-0.375160016225007	0.117808169900079	-3.18449914418672	0.00145004739646736	0.00370962513860149
gene_4086	onu_vs_self	5321.30766397851	0.434278011926609	0.136423009240669	3.18331940003231	0.00145596909265703	0.00372366161731227
gene_2805	onu_vs_self	6996.00772764413	0.294192150165941	0.0924359066018643	3.18266094833766	0.00145928385771819	0.00373102443908832
gene_6548	onu_vs_self	2534.24758849163	-0.240059392982832	0.0754321639637429	-3.18245401389013	0.00146032703868589	0.00373257672473909
gene_8424	onu_vs_self	97.2104943030984	0.924619922608276	0.290554606383545	3.18225869524759	0.00146131229344495	0.00373286578092771
gene_3875	onu_vs_self	5720.59235060798	-0.45046507922736	0.14155247882073	-3.18231855054869	0.00146101029753043	0.00373286578092771
gene_770	onu_vs_self	4473.91791848634	0.334243595147713	0.105045251440884	3.18190104324529	0.00146311800188416	0.00373636339383305
gene_8229	onu_vs_self	3282.07224554406	0.370138336764425	0.116350311064201	3.18124062908768	0.00146645769683295	0.00374377509242173
gene_5838	onu_vs_self	158.468012652875	0.677917649741494	0.213303767684166	3.17817944381212	0.0014820299659473	0.00378240205978201
gene_4332	onu_vs_self	44.1347299132588	0.979882021328373	0.308394928660413	3.17736100779843	0.00148621909276696	0.00379196287156042
gene_4071	onu_vs_self	914.255153302194	-0.371878850326586	0.117096496514671	-3.17583242364552	0.00149407231074206	0.00381086382000955
gene_4420	onu_vs_self	4.07251634471884	-3.66144318837298	1.15337610718798	-3.17454398921082	0.00150072141632116	0.00382668314677066
gene_2985	onu_vs_self	72.9630158602899	1.11598460065047	0.351567878923644	3.17430763034197	0.00150194412709338	0.00382866043118503
gene_4521	onu_vs_self	4604.92101597297	-0.531327353363374	0.167497140845799	-3.17215774956138	0.00151310791380383	0.0038559701524742
gene_2704	onu_vs_self	992.470814208997	0.354759119504886	0.111840679083419	3.17200434056986	0.00151390744244787	0.00385685943671243
gene_780	onu_vs_self	4323.2135318987	-0.268245453014519	0.0845897861201895	-3.17113289107247	0.00151845660474635	0.00386729798769078
gene_54	onu_vs_self	4011.68107235513	0.336783142990781	0.106242302631761	3.16995334860241	0.00152463413922252	0.00388187633305913
gene_6808	onu_vs_self	1500.98777010185	-0.457185579561603	0.14428988145246	-3.16852141646699	0.00153216460263091	0.0038998896813918
gene_2036	onu_vs_self	2160.27368953474	-0.26347914829518	0.0831804150795648	-3.16756231672027	0.00153722760388213	0.00391161364126963
gene_1031	onu_vs_self	368.903645971922	-0.348331115993787	0.10998703966612	-3.16701965114428	0.00154009910783462	0.00391690923577331
gene_5083	onu_vs_self	5339.49861644276	0.209748373534624	0.0662294387239342	3.16699609080069	0.00154022388873983	0.00391690923577331
gene_2420	onu_vs_self	2389.95971577632	0.592520019977206	0.187191765928365	3.16531027440573	0.00154917656007536	0.00393850649071727
gene_920	onu_vs_self	2304.47881251732	0.351668386701533	0.111104298402785	3.16520955315909	0.00154971296296373	0.00393870040468217
gene_4547	onu_vs_self	527.861830186399	0.325777932541092	0.102931849382423	3.1649866828947	0.00155090049287589	0.00394054859573097
gene_7314	onu_vs_self	62.3339447637247	-0.809354189889553	0.255803555380288	-3.16396771220139	0.00155634060321171	0.00395319749658522
gene_4806	onu_vs_self	212.402034185865	0.608755064359424	0.192449577717322	3.16319251816488	0.00156049099471537	0.0039625639023327
gene_5752	onu_vs_self	376.120065098416	-0.380915351204111	0.120454692903384	-3.16231225220623	0.00156521629778484	0.00397338419603744
gene_7223	onu_vs_self	3345.40121031445	-0.487075288025054	0.154086937731579	-3.16104204026394	0.00157205807218247	0.00398956925522737
gene_6231	onu_vs_self	2834.32058674152	0.210390385290459	0.0665869688315723	3.15963301802533	0.00157967973098643	0.00400772332461288
gene_3893	onu_vs_self	159.121889823589	0.555498961974312	0.175847426710278	3.15898260421825	0.00158320940200091	0.00401548814255637
gene_6549	onu_vs_self	2634.60044391911	-0.357338716504662	0.113134612480529	-3.15852689702863	0.00158568676184214	0.00402058017813055
gene_1054	onu_vs_self	71.3107163824412	0.724839989343223	0.229573054578371	3.15733913404797	0.00159216057748308	0.00403579939095504
gene_8626	onu_vs_self	316.402817634919	0.4115823525131	0.130445595575905	3.15520313810523	0.00160386392495353	0.0040642614557733
gene_3107	onu_vs_self	18614.9497626396	-0.313956493269506	0.0995219655479307	-3.15464522370492	0.00160693381276058	0.00407083558367284
gene_5389	onu_vs_self	1376.34453035685	0.413837653890975	0.131200808706336	3.15423096832627	0.00160921672402962	0.00407541276854838
gene_758	onu_vs_self	303.875619632402	-0.448499778625982	0.142202374629281	-3.1539542134596	0.00161074354961075	0.00407807299162023
gene_588	onu_vs_self	963.735150650487	0.482894301989689	0.15320884759958	3.15186955293706	0.00162228730805849	0.0041060849665821
gene_7913	onu_vs_self	1177.88023567914	-0.260729813693496	0.0827282435860218	-3.15164208003988	0.00162355153067543	0.00410807008648587
gene_2052	onu_vs_self	841.300039333503	-0.298628583581587	0.0947990428624589	-3.15012234896567	0.00163202100814635	0.0041282800915286
gene_547	onu_vs_self	434.24183215911	0.384313543371496	0.122008900818284	3.14988120369907	0.00163336864501566	0.0041304684198919
gene_1942	onu_vs_self	56.6180148046191	-0.882715815141735	0.28027152020334	-3.14950236292762	0.00163548785956506	0.00413460604780772
gene_4183	onu_vs_self	5213.13391599103	-0.432290032301751	0.137374988868273	-3.14678847920612	0.00165074332123686	0.00417194060519266
gene_7250	onu_vs_self	353.810050460162	-0.57201674186146	0.181799825936845	-3.14640973341841	0.00165288273311477	0.00417611457953436
gene_5253	onu_vs_self	691.104733085932	-0.430009853937717	0.136783544328239	-3.1437250441897	0.00166812095903841	0.00421337132173763
gene_3080	onu_vs_self	13143.332565449	0.250328081839878	0.0796993981903224	3.14090303721107	0.0016842778465836	0.0042529257719043
gene_3936	onu_vs_self	3020.4663102996	-0.228503129429681	0.0727900710970375	-3.13920739444065	0.00169405504999183	0.004276352470637
gene_1447	onu_vs_self	217.672621574496	-0.436023926815237	0.138914155586462	-3.13880126164573	0.00169640457882067	0.00428102098900498
gene_5469	onu_vs_self	273.662082893339	0.470765215015533	0.149990717785829	3.13862898961345	0.00169740209904917	0.00428227585259679
gene_1512	onu_vs_self	18.452381283645	3.00968876096065	0.959016018143849	3.13830916691655	0.00169925542414989	0.0042856884003309
gene_142	onu_vs_self	49523.1590085897	0.23897352338961	0.0761552400873551	3.13797872760288	0.00170117222580694	0.00428925898465608
gene_5026	onu_vs_self	942.60655611484	0.401639735796105	0.127998662449922	3.13784322514496	0.00170195881888886	0.00428997864831821
gene_71	onu_vs_self	1154.93817472498	0.249293763304382	0.0794685647759023	3.13701101822311	0.00170679712917173	0.00430090769081837
gene_2646	onu_vs_self	4238.83472712562	-0.230315365627005	0.0734282441508219	-3.13660456259768	0.00170916478866519	0.00430560641288228
gene_4779	onu_vs_self	547.31907116257	0.494597983841787	0.157707265716517	3.13617753497065	0.00171165553654943	0.00431061235447576
gene_5186	onu_vs_self	16301.5744720834	0.500292066264399	0.159538837911291	3.13586379852269	0.00171348761148335	0.00431290057686282
gene_4942	onu_vs_self	8127.38695521663	0.206489446238848	0.0658480114832359	3.13584938387118	0.00171357182966243	0.00431290057686282
gene_8074	onu_vs_self	486.029619980237	0.403577658437376	0.128764749282778	3.13422470579341	0.00172308850873707	0.00433557837589339
gene_4381	onu_vs_self	1038.03338098743	0.302012148907795	0.0963638744958429	3.13408059283486	0.00172393500428809	0.00433643362818279
gene_2347	onu_vs_self	20664.9275690313	0.325789852642127	0.10398129668932	3.13315820262885	0.00172936203441327	0.00434880699605686
gene_8336	onu_vs_self	671.794091477456	-0.325240635115319	0.103871232119372	-3.13119069138933	0.00174099073671184	0.00437676379038277
gene_5548	onu_vs_self	371.05873063102	-0.475676901710539	0.151948165279279	-3.13052086437668	0.00174496603326516	0.00438546953750728
gene_8234	onu_vs_self	883.566094488704	-0.323804637258624	0.103529775026335	-3.12764745384849	0.00176211405429103	0.00442726630605553
gene_3148	onu_vs_self	1082.86898226255	0.24548962962992	0.0785132680651025	3.12672794904374	0.0017676341365713	0.00443983222096546
gene_6954	onu_vs_self	1177.10026636115	-0.406456204819715	0.130005512823413	-3.12645360948505	0.00176928416138897	0.00444267304825156
gene_7114	onu_vs_self	189.664050635529	0.40806872979515	0.130580317923238	3.12504010010938	0.00177780822764776	0.00446228636122039
gene_8508	onu_vs_self	1831.98016645259	0.34952448108532	0.111848349738354	3.12498558899583	0.00177813770772462	0.00446228636122039
gene_4004	onu_vs_self	1141.84818447488	-0.368794918554626	0.118029159333996	-3.12460853432852	0.00178041826662354	0.00446669998895003
gene_111	onu_vs_self	2633.09689554284	-0.324326184503061	0.103811825113979	-3.12417380338871	0.00178305100875589	0.00447199432609153
gene_5136	onu_vs_self	1937.99972966402	0.370665796485889	0.118675058745292	3.12336728883729	0.00178794476233644	0.00448295464721731
gene_159	onu_vs_self	1342.23765742449	-0.361970095816601	0.115904371592072	-3.1230064133436	0.00179013847118042	0.00448714064811256
gene_5080	onu_vs_self	802.336361496571	0.315311835634175	0.10098492024046	3.12236554609708	0.0017940403073884	0.00449490948261986
gene_8467	onu_vs_self	2234.45090463093	0.244251865955075	0.0782275624437419	3.1223248983468	0.00179428804931216	0.00449490948261986
gene_1915	onu_vs_self	196.230609628339	0.748123194441497	0.239711175105645	3.12093582667468	0.00180277315395706	0.00451484441131433
gene_5812	onu_vs_self	845.609064898363	0.271777374304365	0.0871028876529584	3.12018787927216	0.00180735722909182	0.00452500084265163
gene_1980	onu_vs_self	119.355211061073	0.804560843533751	0.257875954534917	3.11995294398342	0.00180879932722463	0.0045272872049833
gene_400	onu_vs_self	6080.73000185133	0.222044407285372	0.0711725997066949	3.11980183666785	0.0018097274246884	0.00452828610211422
gene_7534	onu_vs_self	12499.2812399226	0.302718429765147	0.0970516286073826	3.11914837606465	0.0018137460045762	0.00453568968716688
gene_196	onu_vs_self	2922.13732037872	0.28663786330419	0.0918958222728605	3.11916098267334	0.00181366840032998	0.00453568968716688
gene_7337	onu_vs_self	10.3456174629855	1.87101798675783	0.600634707019192	3.11506805199994	0.00183902476607792	0.00459748438472283
gene_4564	onu_vs_self	3267.50299015302	0.445676325588203	0.1430748638913	3.11498689194492	0.00183953084318641	0.00459748438472283
gene_552	onu_vs_self	1372.34174536959	0.217044944209315	0.0696873515319596	3.11455292012031	0.00184223906576218	0.00460290904930657
gene_2750	onu_vs_self	2922.10398394569	-0.211510346469258	0.0679482935203753	-3.11281322180422	0.00185313255841113	0.00462877580974591
gene_655	onu_vs_self	1228.25080875011	-0.298017949883969	0.095774493899964	-3.11166300910185	0.00186036732606489	0.00464549133929856
gene_3921	onu_vs_self	81.064905379957	-0.668698851846308	0.214907596759205	-3.11156451391319	0.00186098805937062	0.00464568614412731
gene_6661	onu_vs_self	1612.75428941308	0.239480738671529	0.076974783091216	3.1111583437363	0.00186354982306224	0.00465072492286086
gene_6056	onu_vs_self	1880.70653564026	0.253457682513012	0.0814723865607869	3.11096425687624	0.00186477509553374	0.0046524263531824
gene_4477	onu_vs_self	50.5534678198775	0.880403314508318	0.283097849490026	3.10989050638951	0.00187156707715096	0.00466801112482874
gene_1264	onu_vs_self	68.6311003746438	0.968388915542124	0.311533729496519	3.10845607988314	0.00188067596394902	0.00468936389496173
gene_5955	onu_vs_self	191.044235497568	0.496769459660884	0.159917475850779	3.10641133508402	0.00189373089995427	0.00472054062423079
gene_5657	onu_vs_self	384.553645447192	-0.549937782822089	0.177095627194352	-3.10531542497412	0.00190076208920849	0.00473668805927937
gene_89	onu_vs_self	427.003751288549	-0.518821912990016	0.167127501958285	-3.10434791946758	0.00190698937296962	0.00475082335058788
gene_189	onu_vs_self	418.809083868309	0.387693517009387	0.124984452648281	3.10193395094025	0.00192260850030992	0.00478834121694876
gene_2220	onu_vs_self	587.659662274663	0.368970989388329	0.118992565699119	3.1007902655137	0.00193004943752905	0.00480547503933935
gene_550	onu_vs_self	1974.74287846124	0.208118158291345	0.0671278022096914	3.10032730762185	0.00193306900147866	0.00481159367625977
gene_2937	onu_vs_self	280.309610439622	0.45091826415533	0.145461861162488	3.09990715471207	0.00193581313125442	0.00481702337312147
gene_4951	onu_vs_self	5419.07106408787	0.172990228839643	0.0558083414828782	3.09971993868902	0.00193703704021338	0.00481866813839771
gene_5439	onu_vs_self	80.3689266253048	0.727375970052959	0.234697469488595	3.09920670060017	0.00194039593556402	0.00482562150157698
gene_7164	onu_vs_self	2238.1011227511	-0.272891710272236	0.088089086669791	-3.09790600162756	0.00194893234597918	0.00484544318372981
gene_1619	onu_vs_self	4321.21621650783	-0.216461415911965	0.0699090955413952	-3.09632694051651	0.00195934196243582	0.00486990917492759
gene_1186	onu_vs_self	2506.18202841839	0.408539033895919	0.132011702216725	3.09471832448016	0.00196999887631526	0.00489497543723037
gene_5000	onu_vs_self	58.2831048596244	0.924907976229717	0.298877573816474	3.09460480563744	0.00197075293309373	0.00489542806363388
gene_8556	onu_vs_self	59.7514672143422	0.939047045684126	0.303634543986986	3.09268844497605	0.00198352254674433	0.00492429031326318
gene_7508	onu_vs_self	1041.7328689107	-0.244472507293745	0.0790475226613554	-3.0927282609612	0.0019832564633114	0.00492429031326318
gene_8022	onu_vs_self	476.97096186611	0.347157313399421	0.112281518256331	3.09184733864112	0.00198915117989505	0.00493683215421909
gene_294	onu_vs_self	401.016583394086	0.400189788328937	0.129498005526419	3.09031623075688	0.00199943490997873	0.00496091676215014
gene_5152	onu_vs_self	175.659407690729	0.535763895907529	0.173443131598787	3.08898882860851	0.00200838990909543	0.0049802484420211
gene_2344	onu_vs_self	540.274724570082	0.277757337826071	0.089917061664754	3.08903930670754	0.00200804869861492	0.0049802484420211
gene_6019	onu_vs_self	2159.64527100238	0.369880599718236	0.119761882313396	3.08846681910294	0.00201192159290466	0.00498756120337791
gene_2057	onu_vs_self	4222.04456582209	-0.353972973632638	0.114645160139819	-3.08755269913653	0.00201811985301597	0.00500147826919998
gene_5610	onu_vs_self	912.025523907196	0.693787654858194	0.224725342529688	3.08726931750716	0.00202004489891604	0.00500480009688025
gene_7986	onu_vs_self	155.282726433405	0.688372879553809	0.223056303954599	3.08609470949506	0.0020280421348646	0.00502315991737297
gene_4170	onu_vs_self	866.931612266277	-0.576061315454696	0.186695581247033	-3.08556480880209	0.00203165942698568	0.00503066378218033
gene_8221	onu_vs_self	4068.59723898753	0.399549005631362	0.129542623219852	3.08430534831204	0.00204028072553028	0.00505055032115073
gene_7362	onu_vs_self	1897.72689404351	0.501843121278812	0.162746201668902	3.08359344877236	0.00204516867892012	0.00506118643872687
gene_5543	onu_vs_self	5429.99346284615	0.298149612214139	0.0967222748038249	3.08253308577424	0.00205246912950604	0.00507778489843113
gene_5398	onu_vs_self	364.431998364368	0.524064023260589	0.170069935232306	3.08146188533997	0.00205986846355657	0.0050946183322867
gene_1513	onu_vs_self	857.39934577888	-0.280861228792316	0.091150508457873	-3.08129086215818	0.00206105207178396	0.00509607329129714
gene_7866	onu_vs_self	2755.41370507514	0.352195203425326	0.114304408155022	3.0812040332484	0.00206165323149432	0.00509608768743614
gene_4356	onu_vs_self	1441.40264284215	-0.276265367525307	0.0896683873765848	-3.08096727963961	0.00206329321179664	0.00509866913769609
gene_1732	onu_vs_self	1162.27799356009	0.247268883776745	0.0803070569101541	3.07904302922449	0.00207666685516357	0.00513023615590193
gene_540	onu_vs_self	4576.52830945368	0.295908884020438	0.0961232967475922	3.07843045372713	0.00208094094430816	0.0051393117378182
gene_3950	onu_vs_self	1871.14223880719	0.458384662073987	0.149101159061556	3.07431991111984	0.00210983057683771	0.00520915769764373
gene_7916	onu_vs_self	510.899480150045	-0.437854409915977	0.142461129902434	-3.07350089260028	0.00211563054831692	0.005221971595615
gene_769	onu_vs_self	1109.3718343903	-0.372656575853816	0.121285844049994	-3.07254798589856	0.00212239706453943	0.00523716312264558
gene_788	onu_vs_self	3341.54883663028	-0.234660343540732	0.0763958130052521	-3.07163880204533	0.00212887160322665	0.0052516256264035
gene_1212	onu_vs_self	758.833036373349	0.28167475646825	0.0917268200488381	3.07080040841139	0.0021348580717905	0.00526487614362625
gene_3518	onu_vs_self	885.199977311111	0.451915222277148	0.147206627579086	3.06993801644128	0.00214103199968554	0.0052785811973814
gene_8088	onu_vs_self	900.36780382583	-0.31791301690958	0.103615975327737	-3.06818534404584	0.00215362998507696	0.00530811191254212
gene_603	onu_vs_self	2326.49553899102	-0.208052138463519	0.0678289066384959	-3.06730785994183	0.00215996272601655	0.00532218794896422
gene_6804	onu_vs_self	702.765628015493	0.48076043718598	0.156821621501866	3.0656514872234	0.00217196320056695	0.00535021726528145
gene_6936	onu_vs_self	4952.69854060724	0.374651947846943	0.122218141367312	3.06543647003247	0.0021735254812092	0.00535252535073382
gene_5021	onu_vs_self	493.517730836281	0.412950642428165	0.134728233550488	3.06506388116055	0.00217623509190021	0.00535765671172442
gene_6542	onu_vs_self	1627.2488840396	0.536031488536226	0.174898838013395	3.06480874672919	0.00217809231414352	0.00536068723664995
gene_5472	onu_vs_self	2707.82850427457	0.38328566619237	0.125119629711305	3.06335358469926	0.00218871280491357	0.00538527784135102
gene_3140	onu_vs_self	719.937965290158	0.269636106994256	0.0880324447707289	3.06291740160681	0.00219190551872941	0.00539158368974821
gene_5362	onu_vs_self	133.229233813187	0.537205482060142	0.175556629334963	3.0600125104655	0.00221327746090205	0.00544258979181889
gene_3813	onu_vs_self	4130.23516700273	-0.404690902528364	0.132279587804487	-3.05936017223239	0.00221810304474777	0.00545288973665736
gene_1547	onu_vs_self	714.932046718253	-0.340397095357989	0.111413676922115	-3.05525411925815	0.00224869902140528	0.0055265184103443
gene_5703	onu_vs_self	810.93827380614	-0.592910651407605	0.194115247231534	-3.05442596531534	0.00225491662216166	0.00554020846317561
gene_7016	onu_vs_self	4104.32970403011	-0.293088180944898	0.0959847123745333	-3.05348814091628	0.00226197662063323	0.00555595979128277
gene_20	onu_vs_self	4594.61691949484	0.281003884128253	0.0920328566950705	3.05329959559219	0.00226339844388258	0.00555785733781837
gene_5306	onu_vs_self	151.12384145487	0.734729922516063	0.240651049854428	3.05309252945503	0.00226496087623863	0.00556009896776676
gene_4174	onu_vs_self	933.765292546155	0.327701314710451	0.107387470787264	3.05157866469945	0.00227641390532153	0.00558661210709641
gene_6849	onu_vs_self	909.9812642154	-0.292665676072345	0.0959435261434397	-3.05039524641607	0.00228540388700172	0.00560706714609765
gene_4293	onu_vs_self	740.285232817912	0.308436899267875	0.101131730067198	3.04985289051153	0.00228953481785176	0.00561559256183697
gene_5051	onu_vs_self	4088.65438837245	0.369468779355968	0.121179162686436	3.04894646212409	0.00229645402899577	0.00563095001094352
gene_1162	onu_vs_self	1479.95729832464	-0.32684399866426	0.107239332125655	-3.04779964762638	0.00230523567038674	0.00565086407173841
gene_127	onu_vs_self	2159.99356104745	0.245076199953871	0.0805112856238484	3.04399809361977	0.00233456619818251	0.00572112415014093
gene_2124	onu_vs_self	8651.07489042585	-0.308752789618004	0.101443875363384	-3.04358236031516	0.00233779439330025	0.0057273955371065
gene_7075	onu_vs_self	4106.21036223722	-0.23905660459561	0.0785788991740367	-3.04224934566908	0.00234817292198094	0.00575117602636819
gene_7109	onu_vs_self	1507.06121537151	0.413269468108424	0.135894456114721	3.0411061637389	0.00235710704627312	0.00577140626890673
gene_7602	onu_vs_self	230.566639623654	-0.694677881832375	0.228442585723166	-3.04092986705293	0.00235848759585083	0.00577313520745872
gene_8568	onu_vs_self	828.509887253876	0.38088887009199	0.125285008374082	3.04017914860742	0.00236437463781785	0.0057858910519499
gene_1556	onu_vs_self	866.770427100298	0.418489436176651	0.137672740591638	3.03974072411302	0.00236781892893693	0.00579266362723639
gene_4498	onu_vs_self	1203.30132611768	-0.257090405151509	0.0846050074994959	-3.0387138155273	0.0023759043777674	0.00581078327819685
gene_4070	onu_vs_self	315.302327676943	0.432267188575904	0.142300455661502	3.03770769086055	0.00238385069015386	0.0058285523872371
gene_6058	onu_vs_self	1772.15122531096	-0.304283562083823	0.100183792675944	-3.03725337159139	0.00238744684406463	0.00583567817966683
gene_289	onu_vs_self	594.871352892281	0.607522549785354	0.200032449653017	3.03711998147892	0.00238850363321819	0.00583659466181779
gene_6454	onu_vs_self	1240.95624354329	0.38974680649996	0.128338653123735	3.03686221581422	0.00239054700667896	0.00583992076974083
gene_3173	onu_vs_self	848.81888650656	0.235055895159553	0.0774182205294896	3.03618313043009	0.00239593795172408	0.00585142050406795
gene_3295	onu_vs_self	2258.33034721485	0.19534532706426	0.0643422009115804	3.03603737977047	0.00239709644848036	0.0058525800339395
gene_7087	onu_vs_self	6201.9686646117	0.297961938693402	0.0981571771314745	3.03555936917688	0.00240089950745007	0.00586019383626249
gene_3332	onu_vs_self	4420.28100410165	-0.303384730261261	0.0999697739354558	-3.0347645925171	0.00240723498936436	0.00587398275625967
gene_267	onu_vs_self	940.443529335827	-0.675665304571406	0.22268791661375	-3.03413546116803	0.00241226089345842	0.00588456917868456
gene_7847	onu_vs_self	365.953784750268	0.565800366404827	0.18657796589786	3.03251438979975	0.00242525533953934	0.00591458282235234
gene_2514	onu_vs_self	1958.33098468991	0.307175602837082	0.101298932675529	3.03236761458284	0.00242643504136754	0.00591577441016978
gene_656	onu_vs_self	1024.99063937117	-0.282263368096378	0.0930931201709509	-3.0320540076221	0.00242895740891622	0.00592023787594615
gene_4673	onu_vs_self	9242.49094681543	-0.303848572438095	0.10021909622191	-3.03184307075868	0.00243065534178837	0.0059226899304607
gene_398	onu_vs_self	14250.8389217186	-0.309605879278637	0.102130182185346	-3.03148268860194	0.00243355874566305	0.00592807708106877
gene_5731	onu_vs_self	3543.20523488127	-0.196201364184335	0.064737471080812	-3.03072333393154	0.00243968684759611	0.00594131420068924
gene_2511	onu_vs_self	1566.99127987372	0.365087490894939	0.120477854769536	3.03032861593793	0.00244287785423507	0.00594739318323441
gene_574	onu_vs_self	1230.32589455702	-0.233853964444241	0.0772659375436588	-3.02661136172849	0.00247311704149147	0.00601930107340546
gene_6842	onu_vs_self	286.859892132161	0.475718128126195	0.157189817947307	3.02639276728258	0.00247490588523576	0.0060219426883508
gene_1958	onu_vs_self	550.897116506472	0.359667527625939	0.11887043178642	3.02571061802965	0.00248049579342001	0.00603382892630727
gene_2302	onu_vs_self	2053.06002093559	0.227125385866251	0.0751270138180754	3.02321860437909	0.00250101505472693	0.00608201388308594
gene_6579	onu_vs_self	893.919740237073	-0.497795603168606	0.164676682837719	-3.02286634993224	0.00250392801416934	0.0060873683048252
gene_2390	onu_vs_self	1142.18953004725	0.455588055834963	0.150751286604503	3.02211719778021	0.00251013343153503	0.00610072179839292
gene_8331	onu_vs_self	2089.99833580262	-0.26824053949546	0.0887685010819445	-3.02179868113172	0.00251277604541402	0.00610541099879193
gene_4376	onu_vs_self	495.329710892438	0.304030913971235	0.100630516288382	3.02125960578359	0.00251725435171449	0.00611455654105449
gene_343	onu_vs_self	566.856811849269	-0.312514089373189	0.103517804142296	-3.01894048045694	0.00253660360272422	0.00615980903243103
gene_796	onu_vs_self	450.436045792256	0.355599442252554	0.117870860146661	3.01685625955472	0.00255410892956308	0.00620055939791831
gene_1232	onu_vs_self	1065.08958803791	0.280175662734828	0.0929439641855341	3.0144578530731	0.00257438977115655	0.00624802280722996
gene_6697	onu_vs_self	1726.53864103724	-0.626616915084397	0.207940088383416	-3.01344930626841	0.00258296190478366	0.0062670504265726
gene_974	onu_vs_self	2326.38774413588	0.374867302112071	0.12440291801147	3.01333206731943	0.00258396006756091	0.00626769571502448
gene_957	onu_vs_self	7620.45206990095	-0.330182367380534	0.109615182086017	-3.01219558365038	0.00259365429328051	0.00628942797464055
gene_3502	onu_vs_self	164.551160516169	0.547342360376849	0.181859170346839	3.00970448360105	0.00261501985497559	0.00633886139362692
gene_7842	onu_vs_self	494.281691252027	-0.307537726009565	0.102184009651675	-3.00964629454158	0.00261552084606195	0.00633886139362692
gene_5502	onu_vs_self	782.904625396642	0.45477284064713	0.151274346047649	3.00627867532729	0.00264466500764334	0.00640767972415144
gene_5421	onu_vs_self	697.439686727462	0.322278170449434	0.107213714379112	3.00594165882403	0.00264759790683016	0.00641297059492535
gene_2069	onu_vs_self	5096.41641930566	-0.280819429853242	0.0935044425441259	-3.0032736649996	0.00267092136213413	0.00646763418949593
gene_348	onu_vs_self	1294.24393644929	-0.220827424778223	0.0735492917494534	-3.00244121358061	0.00267823694961514	0.00648351478752987
gene_7926	onu_vs_self	1040.7814322043	-0.344596498505412	0.114776726901165	-3.00232031187076	0.00267930095604098	0.00648425676666971
gene_3069	onu_vs_self	5176.81843786625	-0.308733763226756	0.102872482422547	-3.00113068097879	0.00268979103033704	0.00650780418871821
gene_8215	onu_vs_self	788.465053850041	0.327920041229862	0.109279854581328	3.00073643478194	0.00269327573455967	0.00651409716798676
gene_1025	onu_vs_self	2446.64986653251	-0.323287273850066	0.107738568690727	-3.00066427258831	0.00269391401573284	0.00651409716798676
gene_3968	onu_vs_self	4258.63175552624	-0.210042123508057	0.0700567315417395	-2.99817189420141	0.0027160443444226	0.00656575532003881
gene_1127	onu_vs_self	1161.6923339583	0.255913017810172	0.0853739515781701	2.99755385664506	0.00272155766502036	0.00657722575171493
gene_4419	onu_vs_self	709.58990369941	0.281702416851551	0.0939837040437548	2.99735384679457	0.00272334407941933	0.00657968538521858
gene_4025	onu_vs_self	178.570317482907	-0.529450376855404	0.176666082154321	-2.9968988410176	0.00272741201511642	0.00658765430287714
gene_708	onu_vs_self	1139.82405533831	-0.273095891678723	0.0911928942682485	-2.99470582516437	0.00274709643420001	0.00663332735592442
gene_5922	onu_vs_self	57.6502440583571	0.811791888263637	0.271162422158308	2.99374773909382	0.00275573684007978	0.00665231453781244
gene_123	onu_vs_self	507.41859091288	-0.642372080169422	0.214714510423253	-2.99174973737524	0.00277383554320293	0.00669411678878406
gene_6618	onu_vs_self	827.888855445136	-0.383718469022635	0.128359319734892	-2.9894087146547	0.00279517956264571	0.00674372521314748
gene_1139	onu_vs_self	992.888634976022	0.311210822475237	0.104131012052848	2.98864686263965	0.00280215794830726	0.00675865653353343
gene_6796	onu_vs_self	457.526707586971	0.499165450640326	0.167045667469856	2.98819752826215	0.00280628120137576	0.00676669495317648
gene_3801	onu_vs_self	2452.57974946433	0.423835531111256	0.141854573432466	2.98781717681479	0.00280977577164586	0.0067732133498419
gene_1412	onu_vs_self	492.818345391417	-0.322497210600277	0.108038197550055	-2.9850295350481	0.00283550944170318	0.0068333223032036
gene_5768	onu_vs_self	6283.83018933771	0.263407009529174	0.0882491445737015	2.98481091008411	0.00283753671576549	0.00683628322177107
gene_2516	onu_vs_self	3085.22565203901	0.397012846471861	0.133068003390858	2.98353350433705	0.00284940837335126	0.00686295320086853
gene_176	onu_vs_self	2373.19008001795	-0.252722001396431	0.0847160119732417	-2.98316688321277	0.00285282395724711	0.00686924699691568
gene_1487	onu_vs_self	280.784778263704	0.434040379605395	0.145503219132213	2.98302939408509	0.00285410582249706	0.00687040096754072
gene_4820	onu_vs_self	251.014268194447	0.56292114060247	0.188765626632812	2.98211676905281	0.00286262792365874	0.00688897807886387
gene_1540	onu_vs_self	4005.63603846733	0.329279616787057	0.110462604792349	2.98091483001009	0.00287388708671957	0.00691412969711059
gene_8632	onu_vs_self	20.0039731951171	1.39796057420158	0.469220215003081	2.97932725296671	0.00288882067652229	0.00694810480220027
gene_2046	onu_vs_self	378.702410711758	-0.515507984451226	0.173079748156347	-2.97844196067096	0.00289717893443951	0.00696429420915536
gene_564	onu_vs_self	6365.27890480838	0.314717246951053	0.105662050968645	2.97852676590997	0.00289637731282093	0.00696429420915536
gene_5654	onu_vs_self	3374.80179270751	0.492887926000589	0.165522842210291	2.97776379029544	0.00290359662917251	0.00697776169166667
gene_6815	onu_vs_self	1001.473716153	-0.294279902247361	0.0988887126014142	-2.97586948505944	0.00292159171292637	0.0070190359423659
gene_6589	onu_vs_self	115.90450400716	-0.566869293707267	0.190564036761692	-2.97469188489201	0.00293282965135727	0.00704208185571339
gene_2020	onu_vs_self	1732.61571406305	-0.296844053531045	0.099789107343456	-2.97471398866573	0.00293261835039139	0.00704208185571339
gene_7853	onu_vs_self	1555.75708726479	-0.261371463374376	0.0878954587071997	-2.97366288564538	0.00294268175931033	0.00706375655067203
gene_6018	onu_vs_self	2083.66153442387	0.254679155197861	0.0856600871145607	2.97313677555869	0.00294773063681666	0.00707389241691914
gene_4239	onu_vs_self	8756.3256087856	0.197980059431138	0.0666564038923605	2.97015812240403	0.00297646500136499	0.00714084652793842
gene_7118	onu_vs_self	782.27752790292	-0.253167913476516	0.0852669094710962	-2.96912266489891	0.0029865135238251	0.00716294641746787
gene_8112	onu_vs_self	104.075212951188	0.731404891619642	0.246395574215744	2.96841732627562	0.00299337614298229	0.00717739489745892
gene_1682	onu_vs_self	4405.83786977266	-0.238097889656446	0.0802490655665125	-2.9669864437126	0.00300734218459651	0.0072088628115783
gene_1060	onu_vs_self	678.808850234484	0.351709436424153	0.118544760069869	2.9668914612241	0.00300827135588243	0.0072090713343655
gene_4584	onu_vs_self	1170.01200909226	-0.427453401829959	0.144087815111226	-2.96661727780377	0.00301095503921018	0.00721348310541258
gene_6080	onu_vs_self	1048.22696914398	-0.533046377103418	0.179760235083669	-2.96531864711521	0.00302369561557772	0.0072419794262298
gene_2243	onu_vs_self	289.367709878812	0.325766923634994	0.109954740126422	2.96273651559212	0.00304917453872819	0.00729891891820841
gene_1189	onu_vs_self	2394.24476229613	0.191106104043358	0.0645029503153183	2.96274981391005	0.00304904281879479	0.00729891891820841
gene_6059	onu_vs_self	6830.28538681932	0.385659455360673	0.130211250268243	2.96179826678717	0.00305848101050761	0.00731914941290052
gene_1543	onu_vs_self	3335.2434324309	-0.233845496384395	0.0789804766595478	-2.96080127994677	0.00306839848563975	0.00734083036251432
gene_1467	onu_vs_self	637.72520198939	0.332710339698585	0.112404669307004	2.95993344182059	0.00307705512551391	0.00735948361955827
gene_6047	onu_vs_self	13.443083841341	1.57644910887862	0.532959779707037	2.95791384060008	0.00309728682717601	0.00740580313983985
gene_5479	onu_vs_self	774.477309629886	0.369802867151453	0.125039410681943	2.95749048347727	0.00310154322725173	0.00741390952953779
gene_2144	onu_vs_self	2752.7639887041	-0.250278340742244	0.0846370401475161	-2.95707813394736	0.00310569408427356	0.00742175917403174
gene_6040	onu_vs_self	2050.91554590035	-0.240290152514364	0.0812664077284489	-2.95682015768794	0.00310829354004978	0.00742589804711865
gene_6366	onu_vs_self	439.681327259845	0.490190408302669	0.165789726260672	2.95669954561562	0.00310950954836692	0.00742673039453706
gene_7791	onu_vs_self	324.090214504236	-0.431188511352366	0.145891009579384	-2.95555231672957	0.00312109758754016	0.00745232785197874
gene_8142	onu_vs_self	170.87636249034	-1.08139647417683	0.366114053051008	-2.95371473770268	0.00313974084094345	0.00749266283760132
gene_1887	onu_vs_self	930.820949262858	-0.43515153385211	0.147320099276774	-2.95378251839609	0.00313905136911024	0.00749266283760132
gene_1613	onu_vs_self	5548.92598548494	-0.29727921077807	0.100688119260259	-2.95247555483344	0.00315237028774249	0.00752070503430204
gene_8210	onu_vs_self	566.832692200175	-0.654093344068036	0.221551937379285	-2.95232509273103	0.0031539069090653	0.00752227448916105
gene_2035	onu_vs_self	128.717626595203	0.571098773590812	0.193455269954677	2.95209726633247	0.003156234926849	0.00752573007627506
gene_2483	onu_vs_self	1957.8720062798	0.33473456603764	0.113418958948228	2.95131051405996	0.00316428631359338	0.00754282674585333
gene_5535	onu_vs_self	212.357424822657	-0.541854330883062	0.183713210569339	-2.94945763129293	0.0031833221745513	0.00758609070550087
gene_8478	onu_vs_self	4163.71031043933	-0.374321111696353	0.126922998178081	-2.94919846733496	0.00318599303744529	0.00759034244378838
gene_3785	onu_vs_self	1090.26339138596	-0.25985410382875	0.0881173103917105	-2.94895637047492	0.00318848985701279	0.00759417728882289
gene_264	onu_vs_self	83.0101177275597	-0.624146688432891	0.211697193752107	-2.94829930133014	0.00319527540452525	0.00760822182551771
gene_2900	onu_vs_self	1100.39126264762	0.330921972810157	0.112255050998382	2.9479472849282	0.00319891608636333	0.0076147724413988
gene_2515	onu_vs_self	3270.43656767377	-0.255220086552666	0.0865938887426677	-2.94732215238777	0.00320539075381324	0.00762806362319747
gene_376	onu_vs_self	106.555283345809	-0.547936733811498	0.185995435755731	-2.94596870931342	0.00321944966771797	0.00765726289404442
gene_3879	onu_vs_self	204.219500220738	0.450652668752164	0.152968341337311	2.94605187460607	0.00321858416915568	0.00765726289404442
gene_7919	onu_vs_self	2062.00958149861	-0.198275806169843	0.0673695684648658	-2.94310637113917	0.00324936750048259	0.00772627383448083
gene_6206	onu_vs_self	542.598796498698	-0.460039040212912	0.156415443739808	-2.94113566546646	0.00327011278171196	0.00777344221367796
gene_8545	onu_vs_self	39.5126419255352	0.994229715558111	0.338113739072834	2.94051853167653	0.00327663400902687	0.00778678154282898
gene_4148	onu_vs_self	2079.33169328318	0.324349936543363	0.110326088499459	2.93992056597704	0.00328296398637206	0.00779965909612679
gene_905	onu_vs_self	3608.71427326226	-0.227423523623695	0.0773663177564746	-2.93956763380615	0.00328670530037952	0.00780638106860397
gene_7531	onu_vs_self	4283.61754363506	-0.313312780090071	0.106592645416612	-2.93934707094943	0.00328904538389328	0.00780977211820429
gene_3025	onu_vs_self	25829.8229365459	0.337008518510185	0.114675663700891	2.93879719230757	0.00329488598574803	0.00782147089240241
gene_4244	onu_vs_self	4916.5324400492	0.337176702881291	0.114756559079951	2.93819112026861	0.00330133439624664	0.00783460560905774
gene_2641	onu_vs_self	701.0590814028	-0.259235583557612	0.0882737778773872	-2.93672243095443	0.00331700848322355	0.00786962101341285
gene_7394	onu_vs_self	3027.7310341646	-0.25079350264229	0.0854042237748268	-2.93654683055866	0.00331888704808707	0.007871896129572
gene_1722	onu_vs_self	3552.06765210077	-0.336185171634403	0.114499287700867	-2.93613330165597	0.0033233147895198	0.0078802145701633
gene_50	onu_vs_self	2219.13229742809	0.406991444489519	0.138713310501339	2.93404751871732	0.00334572982013837	0.00793116789265701
gene_2111	onu_vs_self	535.640150218601	-0.415717861176308	0.141707641894525	-2.93363050586737	0.00335022776261139	0.00793963168547993
gene_4938	onu_vs_self	4386.38685530221	0.487996653369955	0.166362936842047	2.93332555095059	0.00335352052207875	0.00794523544671855
gene_7989	onu_vs_self	584.030455418587	0.576887756157108	0.196773635565937	2.93173297580202	0.00337076432944205	0.00798388009408521
gene_889	onu_vs_self	88.5975869111678	0.825484449942606	0.281633992932366	2.93105402990485	0.0033781402174522	0.00799692485104835
gene_115	onu_vs_self	822.219537277721	0.322992597725667	0.110195091952712	2.93109785564925	0.00337766366287593	0.00799692485104835
gene_5911	onu_vs_self	1957.36956392795	-0.454034008773464	0.154939083028601	-2.93040335529579	0.00338522276121139	0.0080097678498475
gene_5962	onu_vs_self	746.417323032914	0.364322768660822	0.124325960708241	2.9303836993127	0.00338543692532106	0.0080097678498475
gene_2126	onu_vs_self	3007.53573010645	-0.185952281419106	0.0634737176016574	-2.92959493228502	0.0033940412173375	0.00802790627809035
gene_3568	onu_vs_self	113.73171526966	-0.665267814188945	0.227460773695236	-2.92475842485398	0.00344723718002823	0.00814922680503773
gene_5432	onu_vs_self	161.872506934481	0.486820563572309	0.166447900405088	2.92476241747431	0.00344719295460074	0.00814922680503773
gene_6873	onu_vs_self	13433.2142606888	0.221313576790104	0.0758368814176222	2.91828425237272	0.00351963342388533	0.0083180734700327
gene_5355	onu_vs_self	395.055889001575	-0.385261172808834	0.132025363316437	-2.9180845492956	0.0035218884018704	0.00832110536020166
gene_6809	onu_vs_self	1494.49371407818	0.237795991059887	0.0815257559067402	2.91682043809455	0.00353619283026629	0.0083525967514016
gene_5984	onu_vs_self	160.023480659658	0.557430816987458	0.191259727039305	2.91452270489178	0.00356232895098049	0.00841200988148772
gene_2911	onu_vs_self	5820.08449658968	0.249227328618704	0.0855182754923991	2.91431658535789	0.00356468207540814	0.00841524505391442
gene_1531	onu_vs_self	52.2997275742412	0.964117841203696	0.330883474795582	2.91376848541416	0.0035709462350346	0.00842770878739901
gene_8557	onu_vs_self	1448.3350930225	-0.39348507565347	0.135057458635368	-2.91346423684613	0.00357442777095069	0.00843360025340074
gene_1242	onu_vs_self	1272.58965947108	0.220131616302824	0.075559120094267	2.91336924024776	0.00357551545551972	0.00843384191216557
gene_1219	onu_vs_self	26600.9376361052	0.322214687925825	0.110622184089629	2.91274928783504	0.00358262113471341	0.00844827463172088
gene_5237	onu_vs_self	2670.54312630596	0.264454749437718	0.0908257922743156	2.91167016345976	0.00359502032901607	0.00847517874314998
gene_2950	onu_vs_self	2333.0856376963	0.240388433743706	0.0825772774318671	2.9110724065957	0.00360190537264143	0.00848907213375844
gene_4867	onu_vs_self	52.6537253163278	0.711780622412683	0.244534781742617	2.91075411579635	0.00360557637996717	0.00849538502959509
gene_2204	onu_vs_self	3549.78341395019	0.368425311803521	0.12659376169204	2.91029594886181	0.00361086662378098	0.00850550861297887
gene_883	onu_vs_self	1171.41446990544	0.362267828540388	0.124498194884588	2.90982394464609	0.00361632402215	0.008516020255737
gene_854	onu_vs_self	1004.96317218615	-0.277095486330767	0.0952326309756552	-2.90966954805231	0.00361811081117308	0.00851788463796522
gene_3913	onu_vs_self	3634.94414074383	-0.190546803780677	0.0654911463815371	-2.90950478512917	0.00362001845241508	0.00852003243130962
gene_5889	onu_vs_self	250.275961661483	0.454331201701653	0.156171457306407	2.90918205885894	0.00362375765961199	0.00852648861085173
gene_1924	onu_vs_self	21.4747653989562	-1.56902133281203	0.53935685584143	-2.90905977335591	0.00362517541498717	0.00852748050351476
gene_4423	onu_vs_self	287.657650998058	-0.431854431426325	0.148466572047017	-2.90876542424353	0.00362859011259373	0.00853316795708856
gene_8185	onu_vs_self	1372.3064163793	-0.463542607523915	0.159423191688373	-2.9076234305358	0.00364186590848105	0.00856203575297935
gene_4840	onu_vs_self	1242.87958584883	-0.295649642318565	0.101688889782607	-2.90739374724821	0.00364454132992217	0.00856597303243652
gene_6459	onu_vs_self	181.754163018888	-0.610859578262087	0.210139426568961	-2.90692512221938	0.0036500055623677	0.00857646105239295
gene_185	onu_vs_self	12279.2738616226	0.289285413694976	0.0995593515166644	2.9056578743038	0.0036648191796102	0.00860890564694382
gene_3319	onu_vs_self	824.024919557144	-0.250613112633675	0.0863229744833621	-2.90320293216933	0.00369367209382257	0.00867430264008812
gene_5076	onu_vs_self	1557.83379413344	-0.2125789658912	0.0732960048882508	-2.90028039338984	0.00372828985613066	0.00875319834571544
gene_7239	onu_vs_self	998.149445592945	0.343556047907299	0.11846825543756	2.89998402220395	0.00373181682187296	0.00875907649992666
gene_6089	onu_vs_self	84.5588709398781	0.954093598261952	0.329030001562674	2.89971611625275	0.00373500764669442	0.00876416267974349
gene_3481	onu_vs_self	958.030234026535	-0.31571544900352	0.108958661294952	-2.89757092507659	0.00376064696105086	0.00882190682011382
gene_6897	onu_vs_self	1739.03469505039	0.545343057889474	0.188262563507833	2.89671535183778	0.00377091731399152	0.00884170697093325
gene_87	onu_vs_self	416.037112392272	-0.352745605069195	0.121775167055213	-2.89669571883454	0.00377115328865389	0.00884170697093325
gene_161	onu_vs_self	3277.55875882046	0.232431861870577	0.0802767223058982	2.8953830599222	0.0037869609887392	0.0088763379144599
gene_105	onu_vs_self	1179.25140310035	0.343678519754295	0.118754473070119	2.89402589114576	0.00380336799148087	0.00891048219550722
gene_4360	onu_vs_self	8941.58992369165	-0.183538042887708	0.0634200650094762	-2.89400590901766	0.00380361003999806	0.00891048219550722
gene_7881	onu_vs_self	7051.71222529955	-0.353376772982059	0.122171932642124	-2.89245463618227	0.00382244377615871	0.00895215286564119
gene_1152	onu_vs_self	400.45554397694	0.329158702052039	0.11382114074877	2.89189424641745	0.00382926817867954	0.00896568260653635
gene_6481	onu_vs_self	141.59288563753	0.750998651238177	0.259708633401524	2.89169690434239	0.0038316740363963	0.0089688623876271
gene_572	onu_vs_self	1209.67064545798	0.384178672927364	0.132932318390085	2.89003214252238	0.0038520243839722	0.00901403191000601
gene_114	onu_vs_self	427.692995763476	0.528179583772812	0.182782576431999	2.88966045934533	0.00385658129362001	0.0090222289897205
gene_8339	onu_vs_self	367.484025393431	0.4785660059841	0.165659393274672	2.88885523799192	0.00386647026961274	0.00904289221526915
gene_3356	onu_vs_self	671.320089727963	-0.513312699153891	0.177713649236558	-2.88842585450829	0.00387175296798191	0.00905277394316448
gene_5593	onu_vs_self	386.705203845723	0.380335545044113	0.131710370974067	2.88766588561959	0.00388111892804508	0.00907219498199505
gene_621	onu_vs_self	9917.96846208979	0.331859796211614	0.114973798201934	2.88639499956984	0.00389682749714351	0.00910642734795208
gene_2643	onu_vs_self	1214.12583430972	0.390563062354984	0.135347715496982	2.88562729648505	0.00390634451647279	0.00912617605376831
gene_8400	onu_vs_self	787.939937329283	-0.543936964854607	0.188512681510984	-2.88541312178467	0.0039090033493581	0.00912989595375316
gene_4141	onu_vs_self	172.512135015716	0.508207990594043	0.176362496420486	2.88161032480718	0.00395648699014735	0.0092382784057996
gene_1679	onu_vs_self	2594.38737920534	-0.259403441835169	0.0900825306243879	-2.87961983347014	0.00398154954829928	0.00929426346698715
gene_3492	onu_vs_self	1104.13992383071	0.249984958661096	0.0868435284801107	2.87856749991853	0.00399485779931776	0.00932278701258452
gene_1595	onu_vs_self	896.648008137577	-0.506521241911881	0.176018422842352	-2.87766038197909	0.00400636199076523	0.00934708602914972
gene_6977	onu_vs_self	259.444747162813	-0.496782976806915	0.172646825376059	-2.87745213805596	0.00400900720946397	0.00935070891362712
gene_6632	onu_vs_self	947.319160852177	-0.587839905704641	0.204392046604736	-2.87604099802101	0.00402697403505603	0.00939005658950684
gene_3721	onu_vs_self	4389.7669931069	0.166364229629736	0.0578654156390549	2.87502004076944	0.00404001854077173	0.00941790814515415
gene_6736	onu_vs_self	3405.26858622903	-0.352712319696298	0.122744699455918	-2.87354420402464	0.00405894272777147	0.00945944725012899
gene_5846	onu_vs_self	1597.07735999445	-0.19175065086669	0.0667656127145596	-2.87199717145522	0.00407886618040429	0.00950329191732735
gene_4011	onu_vs_self	3051.86975311092	0.215822711369856	0.0752469120956204	2.86819359571324	0.0041282284393197	0.00961568311308209
gene_8535	onu_vs_self	1490.1927066703	0.2477522247455	0.086398193699452	2.86756255121884	0.00413647027272044	0.00963225939458296
gene_7215	onu_vs_self	121.692368394295	0.573431452897751	0.200037861038658	2.86661459945792	0.00414887917429683	0.00965327690458844
gene_4557	onu_vs_self	656.414939818507	0.388557845786316	0.135544565737933	2.86664274344697	0.0041485102771924	0.00965327690458844
gene_1933	onu_vs_self	2105.09228503723	0.293653238460929	0.102433834273286	2.86676019251104	0.00414697113577372	0.00965327690458844
gene_8040	onu_vs_self	1044.86281799621	-0.2855660850787	0.0996671679578973	-2.86519714495482	0.0041674969899958	0.00969396038977284
gene_8095	onu_vs_self	103.585133950178	-0.57665565348954	0.20127148571072	-2.86506382885425	0.00416925194866007	0.00969540795450426
gene_4548	onu_vs_self	1954.06227703627	-0.32221634634528	0.112572685071305	-2.86229600138955	0.00420583911748437	0.0097778334724786
gene_6777	onu_vs_self	3798.79741416151	0.402340101626846	0.140753101457407	2.85848125164472	0.00425674262334208	0.00989348814982574
gene_5789	onu_vs_self	1360.63264781345	-0.234848899566758	0.0821996061061343	-2.85705626452182	0.00427590035109979	0.00993531677671394
gene_1393	onu_vs_self	1105.99502777591	0.210128225015752	0.0735823121985921	2.85568934621998	0.00429435083270548	0.00997547981762792
gene_6327	onu_vs_self	892.987375597345	-0.491739617293446	0.172253223375642	-2.85474842012728	0.00430709324615638	0.0100023652162503
gene_8592	onu_vs_self	7.76542899157491	-1.86402066624206	0.653688322021825	-2.85154347025312	0.00435075369102429	0.0101002900749678
gene_6173	onu_vs_self	191.939139661363	-0.936378157647826	0.328393119915698	-2.85139395699948	0.00435280024375655	0.0101002900749678
gene_5195	onu_vs_self	5114.81714742579	0.420605935010222	0.14750557431732	2.85145789884115	0.00435192489449499	0.0101002900749678
gene_5990	onu_vs_self	19.2987088433694	-1.29632840181322	0.455438956691407	-2.84632744469327	0.00442266913920476	0.0102596335586972
gene_2936	onu_vs_self	911.548460673582	-0.330130601307289	0.116010222626926	-2.84570267888328	0.00443135489806967	0.0102769975419876
gene_3054	onu_vs_self	3040.93816085516	0.373679030627451	0.131514005201781	2.84136301722481	0.00449211457397085	0.0104150868778956
gene_5511	onu_vs_self	1755.56744504555	-0.298463136797245	0.105051875887347	-2.8411024008491	0.00449578738205524	0.010420779851176
gene_617	onu_vs_self	465.058283171301	-0.306573246031399	0.107925815038323	-2.84059236358363	0.0045029830962069	0.0104327442940256
gene_5716	onu_vs_self	10159.5683303381	0.228839823533676	0.0805614101456401	2.84056377761978	0.00450338670168513	0.0104327442940256
gene_1718	onu_vs_self	177.26250465489	-0.425226112440845	0.149757132823903	-2.83943812506655	0.00451930587915101	0.0104620270219111
gene_4225	onu_vs_self	992.635621493934	0.421146125076105	0.148321662482027	2.83941076460857	0.00451969344941908	0.0104620270219111
gene_1055	onu_vs_self	2156.35187577493	0.171904180563267	0.0605385821088197	2.83958055466618	0.00451728880131605	0.0104620270219111
gene_155	onu_vs_self	739.439970492789	0.298565569202557	0.105171548772603	2.83884351506605	0.00452773552012979	0.0104778091517467
gene_3789	onu_vs_self	607.231331487478	-0.288005581463609	0.10145540812467	-2.83874055397524	0.00452919662031074	0.0104783575864486
gene_6896	onu_vs_self	153.658521543506	0.483856871866636	0.170458729937523	2.83855729796872	0.00453179822622259	0.0104815435872644
gene_8290	onu_vs_self	262.855620969311	-0.587545680881492	0.207032535331338	-2.83793887729373	0.00454058767136586	0.0104990357825207
gene_7733	onu_vs_self	1217.73485323963	0.432163726663091	0.152294683511645	2.83768097938918	0.00454425766475226	0.0105018481669221
gene_5504	onu_vs_self	597.018061525915	0.275041921015946	0.096923152356935	2.83773189715353	0.00454353287118474	0.0105018481669221
gene_7462	onu_vs_self	173.376168925303	0.464779767686381	0.163929307700077	2.83524510782865	0.0045790538928254	0.0105794065648004
gene_2073	onu_vs_self	5422.43576432075	0.499060028191126	0.176072773945389	2.83439635219193	0.0045912348749466	0.010601826417465
gene_3701	onu_vs_self	3127.80122707621	0.426392331713203	0.150434837896455	2.83439885119357	0.004591198967297	0.010601826417465
gene_2913	onu_vs_self	1717.19550304156	-0.242834894362192	0.0857150912691855	-2.83304714218382	0.00461065858002295	0.0106415706201732
gene_3718	onu_vs_self	8749.56472842034	-0.19679564589592	0.069464769552542	-2.83302812581947	0.00461093287736244	0.0106415706201732
gene_6984	onu_vs_self	1059.50037918697	0.432335621035245	0.152666344704525	2.83189868645903	0.0046272507533698	0.010676352142546
gene_2939	onu_vs_self	7018.97387171412	-0.348462497879086	0.123072612898858	-2.83135694994511	0.00463509617734973	0.0106915718884704
gene_3974	onu_vs_self	45.5824533458463	0.833754327667803	0.294579063204524	2.83032445890064	0.00465008206692117	0.0107232495939777
gene_3647	onu_vs_self	534.135324098221	0.307581938857292	0.108703052683633	2.82956118769243	0.00466118860603113	0.0107459667297674
gene_3656	onu_vs_self	102.591824786571	0.706918553512503	0.249887208243933	2.82895054324841	0.00467009152542862	0.0107635927457375
gene_6916	onu_vs_self	400.233941826184	-0.470331285747871	0.166287253764436	-2.82842656367485	0.00467774318041876	0.0107783261438451
gene_5251	onu_vs_self	12768.442436691	0.467122530058659	0.165166342649698	2.82819442850643	0.00468113666860692	0.0107832427027113
gene_3912	onu_vs_self	6650.98748219368	0.356671958693064	0.126119967962645	2.82803718122341	0.00468343666779301	0.0107856383848018
gene_6218	onu_vs_self	2292.92437314735	0.361072011026024	0.127781540888421	2.82569773783925	0.00471777590817731	0.0108617971420112
gene_2164	onu_vs_self	541.742521639002	-0.268209534845248	0.0949481817176971	-2.82479906400628	0.00473102746148806	0.010889377539752
gene_8299	onu_vs_self	1683.63743066439	0.313987140258317	0.111179633033217	2.82414262119851	0.00474072843822866	0.0109087729653864
gene_4116	onu_vs_self	5839.72537260052	0.412284475916008	0.146009750484251	2.82367769651438	0.00474761002898902	0.0109216720903375
gene_2480	onu_vs_self	807.017069892398	0.341015698920808	0.120787378442836	2.82327262431809	0.00475361308105719	0.0109325437866334
gene_2544	onu_vs_self	788.587280706676	-0.297297093427666	0.105321672188137	-2.82275325914501	0.00476131997261329	0.0109473271462718
gene_1604	onu_vs_self	3370.35327980283	-0.203663215858944	0.0722065288394572	-2.82056510861732	0.00479391441253715	0.0110193091759715
gene_5934	onu_vs_self	344.568502782462	0.427332362197771	0.151562047044155	2.81952091920002	0.00480953959462626	0.0110522574308727
gene_973	onu_vs_self	5783.65958720709	0.411018084032192	0.145792240045444	2.81920412159164	0.0048142892367665	0.0110572352741404
gene_1046	onu_vs_self	1935.25428699496	0.255026998883124	0.0904593746952397	2.81924344206797	0.00481369948720759	0.0110572352741404
gene_8341	onu_vs_self	638.932374590689	-0.574371581238965	0.203779815981984	-2.81858916434464	0.00482352120587147	0.0110754671465289
gene_3636	onu_vs_self	1133.06610629934	-0.374883488652065	0.133077058687132	-2.81704068567841	0.00484683854114694	0.011126022502606
gene_8565	onu_vs_self	117.544083695813	-0.536981219245431	0.190740469439567	-2.815245347897	0.0048740007681475	0.0111853744169819
gene_1706	onu_vs_self	558.193554779185	0.359274316237068	0.127640184544871	2.81474300212069	0.00488162553158565	0.0111998698875297
gene_426	onu_vs_self	421.196086151761	-0.421193474283327	0.149734476004599	-2.81293584164539	0.0049091445002595	0.0112599884571868
gene_6182	onu_vs_self	1235.8724244278	-0.52492919487794	0.186720628405671	-2.81130799183834	0.00493405301889826	0.0113140888941251
gene_4175	onu_vs_self	6915.19622916163	-0.269363441517673	0.0958579132481685	-2.81002822187786	0.00495371559496796	0.0113561343044793
gene_6296	onu_vs_self	1996.93105729408	-0.324358385818699	0.115436070661512	-2.80985296848679	0.00495641372366513	0.0113592775032325
gene_2756	onu_vs_self	1055.37206462057	-0.235542406406054	0.0838786899931142	-2.80813167713266	0.0049829847301242	0.0114171170476079
gene_8235	onu_vs_self	28.9830200929824	1.20355157500314	0.429046821434405	2.80517536752605	0.00502892105379684	0.01151620230618
gene_6262	onu_vs_self	243.621132092618	0.386105144959053	0.137637658070647	2.8052289640156	0.00502808485372553	0.01151620230618
gene_4205	onu_vs_self	2799.93454960924	0.244979577335483	0.087342483412402	2.80481579827278	0.00503453422238413	0.0115259729723477
gene_2332	onu_vs_self	4776.67193582192	-0.143283210625431	0.0511397290166363	-2.8017983939418	0.00508186203652257	0.0116312136450891
gene_5218	onu_vs_self	268.795976473374	0.393730068253677	0.140547735865778	2.80139744570261	0.00508818106567166	0.0116425634648889
gene_4845	onu_vs_self	9614.17485787139	-0.273360299945777	0.097595481554024	-2.80095241698724	0.00509520312842839	0.0116555154407662
gene_557	onu_vs_self	2132.34064183148	-0.241966887924961	0.0864016716666849	-2.80048850048187	0.00510253254380764	0.0116691633916627
gene_6957	onu_vs_self	6.09619771355304	3.90662838926109	1.39515028536982	2.80014879416774	0.00510790560542335	0.0116783311918867
gene_5952	onu_vs_self	2093.58919692057	-0.223560692468556	0.0798873338397093	-2.79844978826207	0.005134855241842	0.0117368119813531
gene_2032	onu_vs_self	604.412177855453	0.366068292480008	0.130825945555972	2.79813221241647	0.00513990686236965	0.0117452223016242
gene_1168	onu_vs_self	4070.42370767708	0.295994601280464	0.105845296207213	2.79648328160939	0.00516620837536719	0.011802173390217
gene_3394	onu_vs_self	2603.05610943094	-0.275570446175752	0.0985524820096884	-2.79617966545644	0.00517106448712287	0.01181011526408
gene_7510	onu_vs_self	126.008557873319	-0.521503225518476	0.186514498581908	-2.79604657805976	0.00517319441983319	0.0118118282832148
gene_6625	onu_vs_self	1307.79615682186	-0.224602544542132	0.0803489674821607	-2.79533827976071	0.00518454337907088	0.0118345843532925
gene_7786	onu_vs_self	358.89752248695	0.358793811654091	0.128359356109721	2.79522913271235	0.00518629422523272	0.0118354248381744
gene_2281	onu_vs_self	11491.409625065	0.275928680478654	0.0987502432111924	2.79420760401104	0.00520270665688621	0.0118697145476935
gene_2084	onu_vs_self	757.718289554636	-0.278587033630492	0.0997448225310894	-2.79299743647004	0.00522221058007801	0.0119110371877079
gene_188	onu_vs_self	3.67199042905647	3.83963310122045	1.37530092392582	2.79184943049421	0.00524077369395812	0.0119501925466919
gene_6235	onu_vs_self	460.913927896321	-0.559698296128346	0.200552489737851	-2.79078208831986	0.00525808593841973	0.0119864755347198
gene_5810	onu_vs_self	759.975657057063	-0.602512563040575	0.215932507599266	-2.79028187899682	0.00526621707731358	0.0120018152773707
gene_5748	onu_vs_self	1480.86637279004	0.224616161050516	0.0805306877123949	2.78919958876675	0.00528384910415892	0.0120387938066543
gene_6170	onu_vs_self	1525.06754632997	-0.33283007737907	0.119380789840304	-2.78797014012301	0.00530394322730996	0.0120813608370871
gene_7483	onu_vs_self	1811.75702271597	0.276564908642946	0.0992102521335845	2.78766460819551	0.00530894754010687	0.0120895426824461
gene_4712	onu_vs_self	210.450817110937	0.574863426522169	0.206251862578505	2.78719144319659	0.00531670593426092	0.0121039901056578
gene_3003	onu_vs_self	6313.91672812244	0.210835687058516	0.0756797282294132	2.78589381847931	0.00533803540964304	0.0121493174970871
gene_6139	onu_vs_self	161.628297277487	0.425812398014035	0.152865525954969	2.78553581884428	0.00534393355010288	0.0121595085563213
gene_1230	onu_vs_self	21.6174929994559	1.37252900407625	0.492754043806206	2.78542413061565	0.00534577484785437	0.0121604657713615
gene_4436	onu_vs_self	2893.45455374636	-0.263193862474002	0.0945020200219497	-2.7850607046587	0.00535177027240542	0.0121708696949496
gene_4516	onu_vs_self	1184.78912973614	-0.365530641805316	0.131283370954707	-2.78428744742871	0.00536454687687126	0.0121966855952239
gene_4295	onu_vs_self	2184.6392190724	0.215285504208199	0.0773573586515539	2.78299967787066	0.00538588596144673	0.0122419500345151
gene_8482	onu_vs_self	1127.17730711272	0.306779361182407	0.110265588791558	2.78218585276255	0.00539941100537485	0.0122694340870742
gene_217	onu_vs_self	396.303775541174	-0.309155363292192	0.111148614662918	-2.7814594381565	0.00541150925901172	0.0122936622232326
gene_8415	onu_vs_self	2063.35931323443	0.328402263979867	0.118078014132753	2.78123125962001	0.0054153145637019	0.0122990428934169
gene_8488	onu_vs_self	767.1161450074	-0.457100804172347	0.164374687750593	-2.78084667674569	0.00542173367140632	0.0123103554979411
gene_1906	onu_vs_self	573.13110878032	-0.29340328730765	0.10554774131402	-2.77981587909808	0.00543897270373965	0.012346222843811
gene_793	onu_vs_self	397.293651427973	-0.583594497072823	0.20997226632039	-2.77938847496333	0.00544613509990038	0.012359203726179
gene_8023	onu_vs_self	363.828164246151	0.54437136128986	0.195890527569411	2.7789570432239	0.00545337362443016	0.0123690721317229
gene_8186	onu_vs_self	2739.84526285896	-0.32545900888103	0.117113206739306	-2.77901201702642	0.00545245079615003	0.0123690721317229
gene_3185	onu_vs_self	2660.67672458168	0.168313251179038	0.0605936299534102	2.77773837461879	0.00547386727893432	0.0124122659358087
gene_2503	onu_vs_self	3088.42830676622	-0.2701169845311	0.0972509469513728	-2.7775254945966	0.00547745428471039	0.0124138227898123
gene_7502	onu_vs_self	2393.30875246639	-0.238153596710549	0.0857427914683811	-2.77753491147266	0.00547729556650811	0.0124138227898123
gene_5417	onu_vs_self	1717.90546729457	-0.292324756567458	0.105295897122497	-2.77622171951657	0.00549946908242988	0.0124604169787188
gene_7151	onu_vs_self	2739.45900927782	-0.215538099202252	0.0776441042703847	-2.77597508822655	0.00550364252795136	0.0124665731778946
gene_6646	onu_vs_self	4214.0015758176	-0.273921393204098	0.0986797633316514	-2.77586187842262	0.0055055591987214	0.0124676155399617
gene_5722	onu_vs_self	797.705798279597	-0.368811840994613	0.132916658301288	-2.774760106883	0.00552424395627286	0.012506619483125
gene_3096	onu_vs_self	472.032992566532	0.436927764348798	0.157522352464124	2.77375088369322	0.00554140940124614	0.0125421640599331
gene_808	onu_vs_self	920.389594867927	0.26834710390853	0.0968178573460021	2.77166951701407	0.00557696255769091	0.0126192967205483
gene_6256	onu_vs_self	1041.85442094918	-0.284250391502313	0.102559173443093	-2.77157451605278	0.00557859023064443	0.0126196438621343
gene_3998	onu_vs_self	114.095641366255	-0.577691607653663	0.208509020814324	-2.7705832841069	0.00559559881782601	0.012654775661979
gene_6882	onu_vs_self	809.656618925825	0.531562309840446	0.191918880274183	2.76972390147877	0.0056103828493334	0.0126848592684347
gene_2527	onu_vs_self	891.700317398785	0.426054937399795	0.153847809668445	2.76932728725862	0.00561721771456585	0.0126969589745666
gene_2658	onu_vs_self	44070.9591436394	-0.316851351211522	0.11444533108101	-2.76858259064531	0.00563007139235201	0.0127226534103836
gene_6433	onu_vs_self	119.082168868368	0.561726483938638	0.202922217798407	2.76818620470965	0.00563692394290164	0.0127347767092209
gene_1090	onu_vs_self	1673.95204179684	-0.211718719441029	0.0765021528240127	-2.7674870788025	0.00564902847330441	0.0127587556019751
gene_7458	onu_vs_self	1211.34099758197	0.347365867266275	0.125543039333248	2.76690662509938	0.00565909614609295	0.0127781226617134
gene_2219	onu_vs_self	576.532794113062	0.289864020103658	0.104777498509641	2.76647204053059	0.00566664438537248	0.0127917921779505
gene_3459	onu_vs_self	7.60284821280822	2.22557841735823	0.804515550103768	2.7663584837747	0.00566861823293102	0.0127928742615053
gene_2592	onu_vs_self	1817.87387406419	-0.260810588704428	0.0942923828475701	-2.76597728075284	0.00567524885356775	0.0128044623580759
gene_2294	onu_vs_self	1325.48331773891	-0.252878764651359	0.0914728454079223	-2.76452277748274	0.00570061270777179	0.0128582990193746
gene_961	onu_vs_self	534.420935280406	-0.513193464626175	0.185685656884244	-2.76377547537826	0.005713683996599	0.0128843875160399
gene_1636	onu_vs_self	2278.42572177827	0.403945362930166	0.146199727989026	2.76296931934433	0.00572781502023243	0.012912851349273
gene_8378	onu_vs_self	1409.16982937078	0.196477837962145	0.0711161665460199	2.76277318512384	0.00573125779960764	0.0129172108385048
gene_8140	onu_vs_self	1112.9966728318	0.246652809437466	0.0893064400671268	2.76187035618114	0.00574712939714532	0.0129495729506617
gene_5207	onu_vs_self	1805.81669222002	-0.232602785498733	0.0842235467332543	-2.76173106596202	0.00574958162449215	0.0129516891330665
gene_6720	onu_vs_self	9107.21668440295	0.190389978984354	0.0689462864044076	2.76142471064523	0.005754978380593	0.0129604353953897
gene_4965	onu_vs_self	720.239765753949	-0.274057268083011	0.0993005091650031	-2.75987777290872	0.00578229907003145	0.0130185376221644
gene_4559	onu_vs_self	711.094036315222	-0.436324241719406	0.158107836056497	-2.75966234566321	0.00578611302429286	0.0130236990502095
gene_2983	onu_vs_self	286.189198009453	-0.375225376597983	0.135999112912962	-2.75902811835341	0.00579735464613978	0.0130455719692315
gene_7279	onu_vs_self	76.7408648558777	0.635352892132375	0.230506317441617	2.75633613509659	0.00584528930245897	0.0131499806646646
gene_3267	onu_vs_self	368.067075142187	-0.42666901792583	0.154808004554437	-2.75611728963146	0.00584920182241967	0.01315532517076
gene_82	onu_vs_self	868.083214428524	-0.34127056847472	0.123913156707463	-2.75411084297045	0.00588518327501402	0.0132324640748781
gene_1293	onu_vs_self	4983.05674592258	-0.320569662975921	0.116400099929149	-2.75403254096042	0.0058865914949925	0.0132324640748781
gene_1471	onu_vs_self	857.676978855392	0.313788181048254	0.114007456742023	2.75234787280885	0.00591696300956632	0.0132972442535804
gene_6209	onu_vs_self	2123.86104984074	-0.205499295095625	0.0746799156931355	-2.75173442803597	0.00592805733487305	0.0133186799964602
gene_6116	onu_vs_self	659.626029495275	0.348971741703999	0.126936127080731	2.74919165827434	0.00597424423280622	0.0134189269569198
gene_1616	onu_vs_self	2377.88472204203	-0.304795825335258	0.110888507712588	-2.74866919595724	0.00598377430541144	0.0134368069397487
gene_4800	onu_vs_self	1706.69144545603	-0.312618905049396	0.113764820890494	-2.74794002752673	0.00599709773917061	0.0134631934558879
gene_6714	onu_vs_self	19.0145999283079	-1.1002276919007	0.400431226845584	-2.74760712486835	0.00600318945017061	0.0134733355252911
gene_8366	onu_vs_self	553.118881401708	0.316699621929306	0.115284167819883	2.74712155119261	0.00601208485059811	0.0134897631248021
gene_997	onu_vs_self	2039.3123211681	0.34708674945519	0.126356161500531	2.74689216048819	0.00601629127094155	0.0134956638572483
gene_657	onu_vs_self	481.804383372444	-0.364276047816305	0.13265965633973	-2.74594445566349	0.00603369779737307	0.0135311640412663
gene_6347	onu_vs_self	1968.1650106555	-0.300296589258488	0.109396328065668	-2.74503353602714	0.00605047143791462	0.0135652266916053
gene_2048	onu_vs_self	527.773953628884	-0.3562129556655	0.129885586827456	-2.74251334860353	0.00609709716983251	0.0136661827111197
gene_2230	onu_vs_self	1084.97078703249	-0.253690444326004	0.0925099977365126	-2.74230300003429	0.00610100340239409	0.0136713584095533
gene_4240	onu_vs_self	5586.06026042488	0.187722954877064	0.0685510565717905	2.73843999297764	0.00617314248185203	0.0138293901189881
gene_5092	onu_vs_self	1271.60819271266	-0.281356773098031	0.102781252766976	-2.73743280533776	0.00619207684202205	0.0138681783798296
gene_7374	onu_vs_self	129.01264148968	0.508056931338942	0.185753454016363	2.73511431606643	0.00623586155235233	0.0139625882521936
gene_7556	onu_vs_self	246.291652160268	-0.38862431834075	0.142115600754746	-2.73456479286474	0.00624628008317819	0.0139822587635997
gene_1571	onu_vs_self	116.852305694635	0.583375283983919	0.213379401689008	2.73398125295227	0.00625736069732901	0.0140034006716696
gene_6721	onu_vs_self	1640.69139132287	0.382821347520427	0.14007650662763	2.73294470812364	0.00627708688714352	0.0140402047959102
gene_1020	onu_vs_self	846.320851930099	-0.272668889195427	0.0997686700611373	-2.7330111650114	0.00627582048758531	0.0140402047959102
gene_4387	onu_vs_self	289.344818577165	0.471980189867892	0.172742543614441	2.73227532715592	0.00628985541485162	0.0140650894334195
gene_1542	onu_vs_self	547.686782645713	0.25846372416566	0.0946848298798539	2.72972686853454	0.0063386818021487	0.0141705709653677
gene_5316	onu_vs_self	11275.0838994212	-0.214387336645079	0.0785486903495206	-2.7293559662308	0.0063458163523333	0.0141828167039094
gene_1248	onu_vs_self	371.499808204124	0.329331808099816	0.12068607862037	2.72883013405184	0.00635594346646057	0.0142017426449759
gene_1275	onu_vs_self	32.8727370127836	0.960375116532664	0.352025738485278	2.72813891582199	0.0063692779105087	0.0142278233073994
gene_4182	onu_vs_self	3751.17285684839	0.280512684154882	0.102888729272212	2.72636941032417	0.00640352861929725	0.0143006013517309
gene_5144	onu_vs_self	1307.56083500971	0.394141491897907	0.144653990417906	2.72471910909081	0.00643562125982986	0.0143685232092185
gene_2855	onu_vs_self	285.116882179826	0.446376181502164	0.163846485211436	2.72435616135517	0.00644269871826162	0.0143805739317652
gene_6430	onu_vs_self	2762.93737726564	0.143283547756042	0.0526017098706003	2.72393327343384	0.00645095383861797	0.0143952463134958
gene_7287	onu_vs_self	2849.28468852938	-0.233819955641472	0.0858491699997194	-2.72361346815859	0.0064572030187904	0.0144054359762434
gene_8274	onu_vs_self	15.6962660554087	1.32103035635859	0.485066567143438	2.72340013895031	0.00646137462254924	0.0144109866516471
gene_707	onu_vs_self	3772.87148071515	-0.2049849637708	0.0752804048084912	-2.72295246408769	0.00647013668513476	0.0144267699986334
gene_5643	onu_vs_self	5008.99655025125	-0.250979219923088	0.0922096910301076	-2.72183126436396	0.00649212815896046	0.0144720356876827
gene_8526	onu_vs_self	1506.45723525768	-0.341667430486929	0.125537001223989	-2.72164722078481	0.00649574445018434	0.01447632712668
gene_3346	onu_vs_self	1173.33628947488	-0.20494759677074	0.0753059530245437	-2.72153247571203	0.00649800000483862	0.0144775846021391
gene_1695	onu_vs_self	123.854388370886	-0.503555093748299	0.185053031028068	-2.72113939961309	0.00650573207994408	0.0144910399698989
gene_4129	onu_vs_self	2778.32491747651	-0.243666446371912	0.0895654449395497	-2.72054079043954	0.00651752302951779	0.0145135268295193
gene_1128	onu_vs_self	1490.24162363444	0.236814347150984	0.0870868455587142	2.71928952796118	0.00654223154971483	0.0145647599650348
gene_2355	onu_vs_self	625.664059332998	-0.341014206634082	0.12545852919788	-2.71814287011301	0.00656494839842663	0.014611533616883
gene_7081	onu_vs_self	736.685342617585	-0.301168380896491	0.110814021926769	-2.71778224145242	0.00657210759126504	0.0146236654487207
gene_7122	onu_vs_self	766.537326510854	-0.371194304228106	0.136592198066731	-2.71753664910467	0.00657698710354168	0.0146307197521613
gene_740	onu_vs_self	3792.101018431	0.265111189080279	0.0975635132094809	2.71731900952616	0.00658131396326236	0.0146365413160628
gene_1220	onu_vs_self	2114.13742900238	0.439635761662847	0.161830322210753	2.71664639640466	0.00659470226835083	0.0146602660827645
gene_6441	onu_vs_self	1820.19868178233	-0.199814932179694	0.0735530153681248	-2.71661102103894	0.00659540708933714	0.0146602660827645
gene_5832	onu_vs_self	2133.49706258658	-0.403804767282857	0.14870341086415	-2.71550440528738	0.00661748960141717	0.0147055324475937
gene_8103	onu_vs_self	435.659425869352	-0.440861757771907	0.16238145018903	-2.71497610877779	0.00662805518188438	0.0147213680220369
gene_4854	onu_vs_self	918.779370529306	-0.225479949990268	0.0830482188916158	-2.71504859465483	0.00662660461511257	0.0147213680220369
gene_760	onu_vs_self	1585.74528125706	-0.253310020318291	0.0933097494040021	-2.71472190136893	0.00663314456490126	0.0147288501882114
gene_3864	onu_vs_self	438.454046314769	0.433315452309869	0.159634566650373	2.71442120213791	0.00663916927793667	0.0147384048286146
gene_4750	onu_vs_self	417.850513573524	0.296838675334395	0.109370643758771	2.71406170003997	0.00664637860322609	0.0147505835736623
gene_8114	onu_vs_self	119.529723624549	-0.903517480433216	0.333120266917766	-2.71228613255241	0.00668208852228763	0.0148259921593525
gene_1816	onu_vs_self	38.7384732552264	-0.852878209148433	0.314463980808439	-2.71216502111248	0.00668453056770597	0.0148275671571814
gene_96	onu_vs_self	206.864466566616	0.627327574721585	0.231352554951861	2.71156536331366	0.006696633666148	0.0148505658503178
gene_418	onu_vs_self	436.345665623914	-0.340178628246995	0.125496424082098	-2.7106639152081	0.00671486496884655	0.0148871391176707
gene_2989	onu_vs_self	930.675570313474	-0.339366594311436	0.12520132128362	-2.71056719555431	0.00671682371966417	0.0148876258519744
gene_8407	onu_vs_self	528.29633791348	0.269456129760109	0.0994283551116121	2.7100531780661	0.00672724213922797	0.0149068580667335
gene_5767	onu_vs_self	62.3018732703177	0.817956753029195	0.301834222215909	2.70995365278391	0.00672926105596412	0.0149074727326741
gene_4878	onu_vs_self	417.290978388011	0.288973491764708	0.106679326748063	2.70880498193578	0.00675260182608286	0.0149553096070554
gene_8571	onu_vs_self	67.9677244928557	0.776081157156425	0.286513948684901	2.708702877185	0.00675468009226416	0.0149560428323283
gene_7002	onu_vs_self	312.063505751414	0.489063382434231	0.180562402717439	2.70855601760884	0.00675767031768856	0.0149587943934352
gene_5419	onu_vs_self	442.535602907295	0.47489709001485	0.175561718973066	2.70501503854441	0.00683012972782683	0.0151152819209405
gene_4207	onu_vs_self	828.576930190935	-0.25085605014996	0.0927674200228375	-2.70413955770467	0.00684815208288163	0.0151512488574481
gene_2574	onu_vs_self	6960.56207747663	-0.286135320777853	0.105943509952851	-2.70082915796537	0.0069166857353578	0.0152989224534012
gene_4195	onu_vs_self	3143.48802806449	0.292965070404128	0.108540719514765	2.69912592908761	0.00695218638898344	0.0153734733892271
gene_4771	onu_vs_self	901.227064284107	-0.667998902828592	0.247572306728679	-2.69819719198508	0.00697161307080997	0.0154124503838154
gene_7295	onu_vs_self	2230.59656685472	0.427371473578191	0.158400495315773	2.6980437954201	0.00697482640167046	0.0154155729404336
gene_2504	onu_vs_self	810.035344491594	0.293241056713094	0.1087077124452	2.69751841996416	0.0069858419793998	0.0154359337490094
gene_211	onu_vs_self	1808.81078513353	0.174754541765233	0.0647942767004798	2.69706756004174	0.00699530764080709	0.0154525826421701
gene_2194	onu_vs_self	3877.42582415503	0.15976299707732	0.0592375715680956	2.69698761863773	0.00699698718703873	0.0154525826421701
gene_8106	onu_vs_self	887.571667621623	-0.239214525437935	0.0887296822012135	-2.69599213592882	0.00701793235201999	0.0154948416129201
gene_4037	onu_vs_self	1784.57262475194	-0.368855071772411	0.136853113770367	-2.69526254544221	0.0070333188259294	0.0155248089607931
gene_8165	onu_vs_self	52.5847174408901	0.848467306864047	0.314878148250809	2.69458935647773	0.00704754270098351	0.0155521952875532
gene_4407	onu_vs_self	2084.40533594016	0.324231584777871	0.12037297032276	2.69355806298123	0.00706938310092712	0.015596370964932
gene_3598	onu_vs_self	22.3339900733373	1.25524043125653	0.466053218390161	2.69334140764518	0.00707397907490892	0.0156024892762743
gene_629	onu_vs_self	1738.05599549752	-0.35833911491834	0.133062761268501	-2.69300825792474	0.0070810515134633	0.0156140651610628
gene_546	onu_vs_self	11014.4212825599	0.346264195397171	0.128605993674973	2.69244212888156	0.00709308443423202	0.0156365703726567
gene_8243	onu_vs_self	633.782635687679	-0.355154455704938	0.131913339109042	-2.69233163305313	0.00709543513353723	0.0156377252170646
gene_922	onu_vs_self	950.580304488288	0.415813501161074	0.154495275199651	2.69143182937942	0.00711460370107026	0.015675935053066
gene_6824	onu_vs_self	851.798265186889	0.297408719720802	0.110511300080029	2.69120641513969	0.00711941298944733	0.0156824949021279
gene_314	onu_vs_self	945.230823333119	0.216328748164223	0.0803977995694777	2.69072971303496	0.00712959320233151	0.0157008792930172
gene_6508	onu_vs_self	446.633776670401	0.292793510634836	0.108846634835923	2.68996382916383	0.00714597640331233	0.0157329110114078
gene_7154	onu_vs_self	2330.45616373669	0.311205353192917	0.115720592571251	2.68928240236328	0.00716058136556946	0.0157529109455859
gene_6555	onu_vs_self	567.365920301352	0.271855273439976	0.101082435187643	2.68944127568081	0.00715717385412611	0.0157529109455859
gene_3105	onu_vs_self	3118.47846574196	0.25488228654557	0.0947767268522209	2.68929192862918	0.00716037700539212	0.0157529109455859
gene_6676	onu_vs_self	1194.74174345705	-0.254946167079523	0.0948575495803599	-2.68767397226029	0.00719516102833177	0.0158249173696094
gene_8269	onu_vs_self	1498.09827279579	-0.27993535591866	0.104167154766566	-2.68736682446576	0.00720178142159274	0.0158317413032842
gene_7869	onu_vs_self	10309.6155271438	0.265295866937541	0.0987224805853729	2.68728931206423	0.00720345302036803	0.0158317413032842
gene_2171	onu_vs_self	930.035910199443	0.238098765313818	0.0886023844642583	2.68727265923488	0.00720381219349205	0.0158317413032842
gene_5284	onu_vs_self	446.054680571361	-0.302135070552181	0.112438295215255	-2.68711892130492	0.00720712881764795	0.0158349647533538
gene_4441	onu_vs_self	3319.14202354934	-0.249268665816864	0.0927736145310048	-2.68684870237064	0.00721296163516025	0.0158437135224459
gene_7677	onu_vs_self	1698.74034737685	-0.230543721151444	0.0858654868559165	-2.68494047600638	0.00725427244489189	0.0159303674007887
gene_5567	onu_vs_self	1667.04071644933	0.210683304311384	0.0785224587358341	2.68309611929201	0.00729440220662935	0.0160143839160675
gene_5859	onu_vs_self	115.56631684992	0.689371486043347	0.257004452197804	2.68233285512412	0.00731106760276283	0.0160468560717051
gene_6711	onu_vs_self	5.66045268027011	2.30961053903596	0.86109832771441	2.68216818532942	0.00731466754194778	0.0160506419274732
gene_7776	onu_vs_self	1386.48118048862	0.488202596974059	0.182031496511623	2.68196771619074	0.00731905225736506	0.0160520336466935
gene_3916	onu_vs_self	4148.50461980936	-0.20553360632933	0.0766330704272928	-2.68204843135359	0.0073172865498926	0.0160520336466935
gene_6287	onu_vs_self	897.737615128458	0.307758027122878	0.114761282982618	2.68172347959453	0.0073243974531286	0.0160596419566549
gene_6075	onu_vs_self	6521.27606433134	-0.210388085017657	0.0784575604231324	-2.68155272586867	0.00732813653284733	0.0160637256648331
gene_7952	onu_vs_self	1073.79395683583	0.296578786621189	0.110622949943924	2.68098786708841	0.00734051773394443	0.016086746493232
gene_4720	onu_vs_self	839.905086638989	-0.503055682914276	0.187669251940036	-2.6805439767779	0.00735026057941322	0.0161039750600914
gene_6045	onu_vs_self	1255.29238398848	0.307402699693087	0.114699787177637	2.6800633833523	0.00736082209132831	0.0161229879994295
gene_4814	onu_vs_self	1425.71192881054	-0.250981046348627	0.0936580448110286	-2.67975961760706	0.00736750466153765	0.0161334970331958
gene_4263	onu_vs_self	3249.98363477626	-0.356671988350623	0.133129574846978	-2.67913413500036	0.00738128185378398	0.0161595326517624
gene_7623	onu_vs_self	1727.09051733544	-0.236914498573437	0.0884540756460559	-2.67838985194348	0.00739770591318342	0.0161913481505625
gene_3229	onu_vs_self	8067.67424380663	0.327181790318183	0.12217205338141	2.67804118259969	0.00740541125271534	0.016204069612281
gene_524	onu_vs_self	473.866247651198	0.532649233004972	0.198941235666281	2.67741994876556	0.00741915791169009	0.0162300004405998
gene_5441	onu_vs_self	738.370284327779	-0.728313064256762	0.27212362545226	-2.67640511935092	0.00744166329114234	0.0162750735238065
gene_6480	onu_vs_self	5103.84944904199	0.428768708221838	0.160232228012359	2.67592052822711	0.0074524314170934	0.0162944605186001
gene_8583	onu_vs_self	51.6113523880477	0.68627729472982	0.256610698660486	2.67439081188822	0.00748651507113948	0.0163648031177104
gene_681	onu_vs_self	7446.2217286033	0.282729121364561	0.105733262926125	2.67398464343338	0.00749558837695024	0.0163804535375783
gene_2400	onu_vs_self	4814.68017783082	0.185808990748833	0.0695692380286905	2.67084987580582	0.00756594764280478	0.0165299928081697
gene_834	onu_vs_self	2415.19804471458	-0.293415521690778	0.110010261479338	-2.66716502392721	0.0076494101350391	0.0167038139683507
gene_5368	onu_vs_self	1826.01230381864	0.26698022842769	0.100096053834384	2.66724029769873	0.00764769694802606	0.0167038139683507
gene_4666	onu_vs_self	13.0123900620536	1.60075101451608	0.600450934685329	2.66591476846475	0.00767791556846751	0.0167617845616123
gene_7709	onu_vs_self	671.069192006471	0.27149852994747	0.101948354195196	2.66309870415017	0.00774246995979919	0.0168984046037433
gene_6972	onu_vs_self	1839.54559173792	0.214529760514084	0.0805833641587562	2.66220903971497	0.00776296515298402	0.0169388176674849
gene_5786	onu_vs_self	778.662865309671	-0.340058838132228	0.127763670267104	-2.6616238984157	0.00777647153675113	0.0169639644124846
gene_454	onu_vs_self	1409.79644074943	-0.285639972407256	0.107325770484646	-2.66142950679417	0.00778096319185844	0.0169694381967664
gene_1884	onu_vs_self	5778.8699597359	-0.28001546280256	0.105225669461819	-2.66109461916195	0.00778870663037073	0.0169819991737069
gene_2930	onu_vs_self	3469.27306191567	0.223822607192299	0.0841227398808008	2.66066710986172	0.00779860174584713	0.016999243937981
gene_1210	onu_vs_self	24.6415512848691	1.07799679403016	0.405309897311384	2.65968534492009	0.00782136828834062	0.0170445296711293
gene_4929	onu_vs_self	1455.68696632206	0.30018995662581	0.112887609771734	2.65919313229161	0.0078328047995083	0.0170618811242488
gene_3969	onu_vs_self	7213.9831653609	0.281290551259275	0.105781290484935	2.65917110643811	0.00783331691802542	0.0170618811242488
gene_6271	onu_vs_self	167.757979656227	0.535810911938079	0.201541076840172	2.6585692621013	0.00784732188773254	0.0170847435246553
gene_563	onu_vs_self	8577.46206180174	0.331500688943256	0.124692360187303	2.65854851448239	0.00784780508632531	0.0170847435246553
gene_5505	onu_vs_self	801.705120966736	0.422843083769529	0.159093814399415	2.65782227527687	0.00786473553044693	0.0171172479381199
gene_6202	onu_vs_self	1098.61077184541	-0.245027201367968	0.0922871567477014	-2.65505201376866	0.00792961806243024	0.0172540748892737
gene_1307	onu_vs_self	679.355907960736	-0.350231929782038	0.131936119235193	-2.6545568553347	0.00794126558143358	0.0172750275418225
gene_6946	onu_vs_self	640.453777601839	-0.263314168765487	0.0992719057289379	-2.65245405366214	0.00799090027350605	0.0173785839281534
gene_1110	onu_vs_self	3181.72833474176	-0.330249870634201	0.124596975707265	-2.65054483673911	0.0080362059964284	0.0174726754710254
gene_7357	onu_vs_self	1774.36506922312	0.471388976217132	0.177863639912498	2.65028297210737	0.00804243794732722	0.0174773467451437
gene_4380	onu_vs_self	1578.92441464898	0.260348035580252	0.0982312928109509	2.65035741799001	0.0080406658167575	0.0174773467451437
gene_3055	onu_vs_self	42.1835258435496	0.97980599241222	0.369889624576327	2.64891450668424	0.00807507563352803	0.0175438191428934
gene_5519	onu_vs_self	59.3474999623225	0.691852003385855	0.261269097399881	2.64804376128323	0.00809590445350247	0.0175846085059582
gene_993	onu_vs_self	3341.12838492657	0.283498762009145	0.107235374119026	2.64370562734713	0.00820039394115209	0.0178070451893105
gene_1367	onu_vs_self	915.198819308693	-0.241323701365865	0.0913163085704876	-2.64272291711821	0.00822423078246358	0.0178542773263729
gene_195	onu_vs_self	280.881355612853	-0.595233550844609	0.225245346851738	-2.64260087573044	0.00822719537006184	0.0178561846774162
gene_3436	onu_vs_self	2319.32957282055	0.357263076647738	0.135236874547411	2.64175786259013	0.00824769968729058	0.0178932449265023
gene_5720	onu_vs_self	1427.04982433005	-0.286112624278287	0.108305144839659	-2.64172698999539	0.00824845145794137	0.0178932449265023
gene_8129	onu_vs_self	49.5707762459493	0.735565123423972	0.278600985954693	2.64021005131544	0.00828546565018586	0.0179689855499344
gene_3986	onu_vs_self	2959.65474252931	0.253461417769514	0.0960121558864681	2.6398888289648	0.00829332270408581	0.0179814696927494
gene_2919	onu_vs_self	543.25873373478	0.43164844344924	0.163518909321836	2.63974634639762	0.00829680994153516	0.0179844753354118
gene_212	onu_vs_self	1884.71311468555	0.186521161254111	0.070674428503373	2.63916051680856	0.00831116181469554	0.0180110240845048
gene_4545	onu_vs_self	8206.72969853882	0.349986981960898	0.132647392863134	2.63847614647063	0.00832795590187486	0.0180428505492404
gene_8206	onu_vs_self	1340.04973271215	-0.251791502287817	0.0954539707314682	-2.63783162039596	0.008343799984156	0.0180726032045484
gene_4959	onu_vs_self	1692.61255248029	0.445060875182631	0.168729275498697	2.6377217223698	0.00834650424512913	0.0180738872598799
gene_1770	onu_vs_self	3710.86374814907	-0.241484643970999	0.0916552807757796	-2.6347051902198	0.00842103883904072	0.0182306758882622
gene_8620	onu_vs_self	654.02157032921	-0.270738423056302	0.102780593587283	-2.63413951609829	0.008435082011258	0.0182564606868188
gene_5005	onu_vs_self	7.93364869516196	2.78801685726126	1.05851439199246	2.63389603235657	0.00844113307460075	0.018264939109854
gene_7624	onu_vs_self	2247.22273960048	0.256892271036712	0.0975505084016159	2.6334283157099	0.00845276767131484	0.0182854918540447
gene_2833	onu_vs_self	3501.94648898834	0.380720016159678	0.144693600408805	2.63121530657902	0.00850801164520512	0.0184003485808378
gene_2696	onu_vs_self	2005.99113649413	-0.293691126692671	0.111626399294768	-2.63101854532754	0.00851293904581946	0.0184063546936637
gene_2771	onu_vs_self	62.2659407065889	-0.836147361689052	0.317830569261607	-2.63079591000832	0.00851851747558242	0.0184110064243601
gene_1355	onu_vs_self	1280.79753403685	0.301922031951688	0.114766043059799	2.63076101521049	0.00851939210828159	0.0184110064243601
gene_6285	onu_vs_self	5391.48102421831	-0.260441046621105	0.0990045492001625	-2.63059676272611	0.00852351014995531	0.0184152566591664
gene_7033	onu_vs_self	976.874318620792	-0.254685757790424	0.0968750898447565	-2.62901183574189	0.00856333804546245	0.0184966373124296
gene_8123	onu_vs_self	224.253732350773	-0.542214391681991	0.206320296264627	-2.62802255279114	0.0085882821613091	0.018544793902183
gene_1101	onu_vs_self	2368.11488823827	-0.285419988616728	0.108609125409256	-2.62795586964927	0.00858996586707425	0.018544793902183
gene_5165	onu_vs_self	1923.01374832957	-0.251132839533327	0.0956058636126458	-2.62675143598734	0.00862042787121148	0.0186058655011524
gene_7134	onu_vs_self	1824.34041076598	0.241929119999153	0.0921212680955352	2.62620266742592	0.00863433907660117	0.0186311929658951
gene_5879	onu_vs_self	302.743356593045	0.466498212695982	0.177679567776914	2.62550285625242	0.00865210830022147	0.0186648304057197
gene_4377	onu_vs_self	1240.1446658609	-0.206747691960427	0.0787722921559675	-2.62462455137233	0.00867445598864255	0.0187083253370573
gene_3250	onu_vs_self	845.340561500956	0.255297826486587	0.0973055542064778	2.62367167597502	0.00869875939101971	0.0187560152108637
gene_7473	onu_vs_self	2796.23676055348	0.210368967261017	0.0801937270451028	2.62325963653866	0.00870928742632747	0.0187739864944254
gene_6755	onu_vs_self	6105.25596165576	0.337751663246969	0.128761496848611	2.62307965900765	0.0087138896112329	0.0187791780141374
gene_5035	onu_vs_self	482.322933611105	0.374984485040704	0.143086919228088	2.62067620900383	0.00877555658994085	0.0189073154819768
gene_5354	onu_vs_self	1858.04379985886	0.347841293029462	0.132785998678771	2.61956302991659	0.00880425009473466	0.0189643635659106
gene_8286	onu_vs_self	2616.37153816287	0.290004119460028	0.110711608573539	2.61945538680702	0.00880702916272967	0.018965577266155
gene_5852	onu_vs_self	403.762583951985	0.309918466120669	0.118322921365422	2.61925975579604	0.0088120818584223	0.0189716852887563
gene_6283	onu_vs_self	1002.5873683676	0.235377318220848	0.0898723763772844	2.61901740789331	0.00881834473448546	0.0189803950030665
gene_6566	onu_vs_self	202.124465939359	-0.7026082171594	0.268517542566047	-2.61661942249669	0.00888052935235313	0.0191094347049127
gene_6354	onu_vs_self	213.502979989413	-0.466366982534894	0.178268905875719	-2.61608708621359	0.00889438692633861	0.0191344438525907
gene_6181	onu_vs_self	2094.77912951163	-0.353203554071772	0.135110589062507	-2.6141811424445	0.00894416023625444	0.0192318542130967
gene_7863	onu_vs_self	26861.9019354093	0.324045463354908	0.123954082523735	2.61423792389297	0.00894267381324704	0.0192318542130967
gene_2037	onu_vs_self	121.246842222575	-0.422509902200781	0.161639391447985	-2.61390431141744	0.00895141027118079	0.0192426097240853
gene_4161	onu_vs_self	12274.5375375789	-0.184119655533372	0.0704965972569324	-2.61175237809462	0.00900794729594276	0.0193592841710444
gene_624	onu_vs_self	1536.54991457865	-0.314624357022984	0.120484818053503	-2.61131951814271	0.00901935812620755	0.019378942158719
gene_4485	onu_vs_self	973.125532554923	0.270363634343074	0.103557715081679	2.61075318366989	0.00903430703276601	0.0194061902636078
gene_3574	onu_vs_self	615.141264629719	0.415878537315101	0.159335169037851	2.61008627176532	0.00905193913335321	0.0194391868995242
gene_65	onu_vs_self	3283.50420344557	-0.240096599303564	0.0920100682224969	-2.60946007259736	0.00906852281564385	0.019469916052649
gene_2567	onu_vs_self	8.33065532368288	1.80644970839673	0.693014668594131	2.60665436138797	0.00914316021125409	0.0196252385677871
gene_1902	onu_vs_self	649.595342860619	-0.629474997803201	0.241701583404636	-2.60434784471142	0.00920492822569031	0.0197479161934609
gene_2862	onu_vs_self	849.067462775215	0.286630404679035	0.110056945547124	2.6043826971039	0.0092039921217851	0.0197479161934609
gene_718	onu_vs_self	2641.83964956047	0.332310975548979	0.127623550068491	2.60383742162507	0.0092186474687737	0.0197723934684798
gene_8303	onu_vs_self	1222.01188165114	0.253414935959638	0.0973270275093819	2.60374679515625	0.00922108525001477	0.0197726677705728
gene_2274	onu_vs_self	2583.33777545424	0.381680572428462	0.146657617409327	2.60252811392112	0.00925392275475817	0.0198381113901152
gene_5067	onu_vs_self	321.42469022141	0.430096304793286	0.165329143284952	2.60145486904263	0.00928292783509161	0.0198953085298909
gene_6773	onu_vs_self	3456.89004450753	-0.279463119252156	0.10745347848404	-2.60078243342924	0.00930114211691296	0.019929355824975
gene_6198	onu_vs_self	5652.04816040289	0.304229689599954	0.117018327854696	2.59984649565085	0.00932654696940039	0.0199787893038207
gene_5947	onu_vs_self	606.172737094564	-0.722747174942689	0.278032265792823	-2.59950827247241	0.0093357428294947	0.0199934847686952
gene_2076	onu_vs_self	785.453897281336	0.288869263811555	0.111153481878179	2.59883234362507	0.00935414472041773	0.0200278836435157
gene_4796	onu_vs_self	4814.30442173778	-0.252955775858191	0.0974988796825644	-2.59444802526717	0.0094742937117511	0.0202800585577868
gene_8038	onu_vs_self	352.848072276023	0.515058704778941	0.19861090299418	2.59330528694104	0.00950583487955762	0.0203424866422533
gene_7440	onu_vs_self	2386.60412645463	-0.18914635852285	0.0730419539789541	-2.58955775713981	0.00960993004232863	0.0205601102630175
gene_6156	onu_vs_self	284.773719623338	-0.363713942937438	0.140472682216055	-2.58921476545898	0.00961950790307535	0.0205754591829897
gene_7193	onu_vs_self	464.262846984263	0.526279327745637	0.203268672827791	2.58908232352902	0.00962320855072116	0.0205782326240752
gene_1660	onu_vs_self	5083.76971813024	-0.417871117951225	0.161419298170838	-2.58873085613946	0.009633035287791	0.0205941014144583
gene_4810	onu_vs_self	2173.45119002067	0.180944466815594	0.0699309167246144	2.58747454331462	0.00966823393359217	0.0206641903799124
gene_4444	onu_vs_self	672.4605685656	-0.277609292622404	0.107308666919065	-2.58701650661436	0.00968109543299564	0.0206865144549283
gene_7712	onu_vs_self	134.127133589734	0.466980626874327	0.180520322749402	2.58685902928829	0.00968552085938102	0.0206908057290495
gene_3286	onu_vs_self	3712.31337561929	-0.18208695201603	0.0703993189644424	-2.5864874077546	0.00969597131381768	0.0207079626861974
gene_2369	onu_vs_self	1053.56964805035	0.233009782806467	0.0900944614669571	2.58628309679086	0.00970172107020176	0.0207150741733417
gene_7277	onu_vs_self	2464.20160852384	0.234515111307398	0.0906903196329121	2.58588912528533	0.00971281686936564	0.0207335941151546
gene_2932	onu_vs_self	1855.02175665586	-0.292450720200948	0.113103471047041	-2.58569182266135	0.00971837794295543	0.0207402929921961
gene_421	onu_vs_self	384.114056835856	0.338980370995213	0.131122742001732	2.58521417276902	0.00973185249834449	0.0207638727282724
gene_6989	onu_vs_self	254.713802784044	-0.611151645688028	0.236420481581445	-2.58501988321808	0.00973733819013069	0.0207703999271166
gene_1175	onu_vs_self	1645.62458839685	-0.197809936910013	0.0765391469744578	-2.58442829230936	0.00975405851084078	0.0208008821257591
gene_4954	onu_vs_self	1307.10931217054	0.338329883228095	0.130943484367611	2.58378555345501	0.00977225344033536	0.020834493013517
gene_6158	onu_vs_self	115.331795727485	0.523624736787463	0.202796627698715	2.58201895529243	0.00982241898306658	0.0209362316969746
gene_2614	onu_vs_self	829.761157796298	0.242359313273412	0.0938728166536257	2.58178375714107	0.00982911511281453	0.0209452888637521
gene_7207	onu_vs_self	24.9644823973312	1.2378350543553	0.479580944794375	2.58107639136086	0.00984927845178194	0.0209830322417256
gene_6455	onu_vs_self	2376.36749790004	0.430402062080837	0.166814583673176	2.58012250849772	0.00987652707458182	0.0210358476632049
gene_1378	onu_vs_self	864.257101835937	0.327843238452812	0.127165832252338	2.57807645848033	0.00993520120685679	0.0211555528185806
gene_7152	onu_vs_self	265.82779939379	0.415014642253335	0.16099540481054	2.57780427175375	0.00994303000283061	0.0211669576782467
gene_5977	onu_vs_self	1644.41363897159	0.297065078687069	0.115333318577225	2.57570910428766	0.0100034766390288	0.0212903431203597
gene_3988	onu_vs_self	6065.95192041694	-0.261903261686954	0.101697081257844	-2.57532722126923	0.0100145293540983	0.0213085685486159
gene_271	onu_vs_self	159.936545847249	0.512446515689873	0.198990747220846	2.57522785781162	0.0100174069807159	0.0213093945713041
gene_455	onu_vs_self	508.768624855536	0.251765098564051	0.0977889498525181	2.57457615552426	0.0100362989404032	0.021344277994994
gene_2959	onu_vs_self	1309.85010071576	0.243643591919737	0.0946484660789403	2.57419482864656	0.0100473677953574	0.0213625107621111
gene_2288	onu_vs_self	326.598073499861	0.343912625961894	0.133655769637858	2.57312218465188	0.0100785619824118	0.0214235139233784
gene_8618	onu_vs_self	3413.84572373879	-0.193284154593837	0.0751990025766324	-2.57030210469705	0.0101609862041072	0.0215933569779437
gene_359	onu_vs_self	207.419640221375	-0.48114407499723	0.187316405293316	-2.56861685042382	0.0102105281668323	0.0216932541841858
gene_545	onu_vs_self	11961.3374305647	0.326526962169321	0.127194609647336	2.56714465396497	0.0102539826544216	0.0217801715935108
gene_282	onu_vs_self	231.991994818375	-0.35473644708855	0.138208389827704	-2.56667809769564	0.0102677881994565	0.0217987905894027
gene_565	onu_vs_self	1433.90419959612	-0.296670418740609	0.115585443797555	-2.56667629585106	0.0102678415486532	0.0217987905894027
gene_5452	onu_vs_self	4804.10572337327	0.275600511740561	0.10746697848556	2.56451344984629	0.010332057486813	0.0219296831359087
gene_7281	onu_vs_self	2145.99522174099	0.237957411566853	0.0927945094004392	2.56434796739954	0.010336985428294	0.0219347038339606
gene_6838	onu_vs_self	6052.42889364314	-0.187510301945787	0.0731270791188335	-2.56417053990461	0.0103422714078092	0.0219404815987228
gene_1618	onu_vs_self	939.114076552068	-0.301225668482518	0.117486043150843	-2.56392725811497	0.0103495232510921	0.0219504259240209
gene_6917	onu_vs_self	2843.3327881725	0.215678566924107	0.0841342525477755	2.56350487931932	0.0103621244401568	0.0219717080029087
gene_2521	onu_vs_self	2205.84939988502	0.382065871859111	0.149141203284583	2.56177275926944	0.0104139431813957	0.022076115312716
gene_1475	onu_vs_self	56.8071613574719	0.74743741228826	0.29180774516674	2.56140361134408	0.0104250165069036	0.0220941176774189
gene_2025	onu_vs_self	266.326671564098	0.416986392801065	0.162994967177438	2.55827771876619	0.0105192046156175	0.0222882157202193
gene_3396	onu_vs_self	888.960197558827	-0.21578734759441	0.0843721096865627	-2.55756728610968	0.0105407163626493	0.0223282682663395
gene_4047	onu_vs_self	346.730742529538	0.428763262597797	0.167666550164309	2.55723793551917	0.0105507022958578	0.0223438920466458
gene_5206	onu_vs_self	3850.51396923245	-0.323835387176185	0.12677150159329	-2.55448096067458	0.0106346245586215	0.0225160490283947
gene_4753	onu_vs_self	136.063360162345	0.533178044940178	0.208785218106298	2.55371548702612	0.0106580306125599	0.0225600252333117
gene_1456	onu_vs_self	14.4441957502697	1.37343698665082	0.538396208390722	2.55097819272549	0.0107421046999986	0.0227323649522838
gene_3628	onu_vs_self	4108.55600441134	-0.240982812214116	0.0944933889257028	-2.55026108126563	0.0107642275227783	0.022773551061538
gene_4193	onu_vs_self	1873.04267452461	0.217443485322519	0.0853043501799082	2.54903161285359	0.0108022507766242	0.0228483485663215
gene_5912	onu_vs_self	1628.91569401148	-0.261180972976461	0.102484410879681	-2.54849465137769	0.0108188945856005	0.0228778996177718
gene_3717	onu_vs_self	963.229458953897	0.247127714706036	0.0969972331352815	2.54778107290307	0.0108410481387787	0.0229190842351064
gene_4067	onu_vs_self	290.655536046589	-0.659641899247543	0.259008158944354	-2.54679969131498	0.0108715816889551	0.022977960310483
gene_8430	onu_vs_self	2221.41453078656	-0.315346918529087	0.123837857955644	-2.54645004148923	0.0108824787347664	0.0229953142358925
gene_5293	onu_vs_self	1491.99453219041	0.307770196381126	0.120965613310394	2.54427839415319	0.0109503770704412	0.0231330769306457
gene_6038	onu_vs_self	795.126500167623	0.28065390746989	0.110332683583474	2.54370598407097	0.0109683365171296	0.0231652999226819
gene_7627	onu_vs_self	741.5452518629	0.24128520123597	0.094882163605142	2.5429985159286	0.0109905695917443	0.0232065307610586
gene_4760	onu_vs_self	189.87295020902	-0.406401292637304	0.159923615256768	-2.54122126982185	0.0110465985308343	0.023319083458432
gene_4636	onu_vs_self	302.699655443696	-0.634756387965829	0.249958682354605	-2.53944524745625	0.0111028422484662	0.0234320339366053
gene_5148	onu_vs_self	1315.97710021681	0.171019385412224	0.0673811833930815	2.53808818427168	0.0111459895149824	0.0235172960927407
gene_529	onu_vs_self	2174.31398766492	-0.245026434365382	0.0965490303194809	-2.53784459102892	0.0111537502089948	0.0235278713132073
gene_8149	onu_vs_self	206.768646413664	0.375289466683113	0.147915261607046	2.53719232623956	0.0111745545023757	0.0235659488889717
gene_2044	onu_vs_self	305.329598291043	-0.692381346719756	0.2730208051522	-2.53600214215827	0.0112126048213814	0.0236403687859666
gene_1282	onu_vs_self	4397.33372530751	-0.318054489025094	0.125521506495895	-2.53386449783804	0.0112812345586564	0.0237792090180003
gene_3857	onu_vs_self	100.241067318066	0.459409581698681	0.181387384858382	2.53275376376017	0.0113170420725576	0.0238488134271524
gene_3876	onu_vs_self	3803.07078578815	-0.290211548250218	0.114588106018451	-2.53264983892384	0.0113203975274674	0.0238500130039677
gene_7266	onu_vs_self	27.4487551073105	0.845275436288823	0.333774539608937	2.53247427823338	0.0113260679189602	0.0238560879395422
gene_931	onu_vs_self	7030.8519093625	0.148790096260956	0.0587889674827555	2.53091868477875	0.011376421918472	0.0239562537815794
gene_756	onu_vs_self	913.518817599572	0.314180787629923	0.124215429629165	2.52932174825531	0.0114283208117774	0.0240596227616366
gene_444	onu_vs_self	2258.60159262967	-0.1674678537413	0.0662266523070933	-2.52870782241492	0.0114483286674404	0.0240958183902852
gene_4644	onu_vs_self	843.127533080734	-0.455315007016015	0.180177828908841	-2.52703126557472	0.0115031261652405	0.0242052015669761
gene_8542	onu_vs_self	475.281170486554	-0.278693368638231	0.110337145128008	-2.52583450763479	0.0115423839148161	0.0242818398404585
gene_2571	onu_vs_self	2467.25076460497	-0.28319332674228	0.112130838180951	-2.52556148992016	0.0115513564669585	0.0242947448052002
gene_6669	onu_vs_self	90.8616508690696	0.677247275088315	0.268610895970822	2.52129487391264	0.0116923824446042	0.0245792715436669
gene_5862	onu_vs_self	240.193177616062	0.479003998604062	0.18997899713078	2.52135239072938	0.0116904712096828	0.0245792715436669
gene_8519	onu_vs_self	419.568953887087	-0.57963492025152	0.229988213428159	-2.52028098141029	0.0117261187697262	0.0246441386370873
gene_775	onu_vs_self	311.256684913527	-0.380414895546504	0.150964398383735	-2.51989806616213	0.0117388823618998	0.0246649074663383
gene_1068	onu_vs_self	341.956731612312	0.328141078716119	0.130244415171539	2.51942533032175	0.0117546569124361	0.0246919909620744
gene_1148	onu_vs_self	1659.12411040909	0.264773423130449	0.105217244618454	2.51644513302538	0.0118545356166796	0.0248956881449405
gene_606	onu_vs_self	4921.65587651963	0.165791740607179	0.0659189432782913	2.51508492645662	0.0119003713537269	0.0249858177061326
gene_7195	onu_vs_self	68.8595263308035	0.594738567249883	0.23652477523925	2.51448740051985	0.0119205561910344	0.0250220600773062
gene_7759	onu_vs_self	1632.52482022076	-0.303083568412759	0.12054241843181	-2.5143312400374	0.0119258364004022	0.0250270065181277
gene_2958	onu_vs_self	14.2359853843173	-1.11177626333363	0.442417485881334	-2.51295732834537	0.0119723815347013	0.0251185259649615
gene_3588	onu_vs_self	2665.17227803509	-0.34475929399357	0.137230101444467	-2.51227165443061	0.0119956708604234	0.0251612209177221
gene_5715	onu_vs_self	960.76671749141	0.315515378526545	0.125607852351203	2.51190807438022	0.0120080363615384	0.0251809875685372
gene_3150	onu_vs_self	5697.33218838156	-0.204913353918197	0.0815961956985093	-2.51131014337156	0.0120283968044551	0.0252175059138222
gene_5341	onu_vs_self	152.415244264397	0.713208690887718	0.284008730432128	2.51122101001103	0.0120314345478392	0.0252176982687326
gene_7794	onu_vs_self	19.5518696127324	-1.22483090011686	0.487998774169975	-2.50990569023486	0.0120763409311972	0.0253004249974802
gene_2324	onu_vs_self	710.973842843394	0.322249470121758	0.128391776337489	2.50989182729817	0.0120768150163206	0.0253004249974802
gene_8069	onu_vs_self	380.219329870103	-0.676693105805763	0.269705974615708	-2.50900302364437	0.0121072448038121	0.0253579680745366
gene_5562	onu_vs_self	482.406123010452	-0.446414320253892	0.177945310804838	-2.50871640412879	0.0121170722169543	0.0253723429983192
gene_6096	onu_vs_self	1493.47482623177	0.29392863286699	0.117199598734624	2.50793207519879	0.0121440009005527	0.0254225110561828
gene_3617	onu_vs_self	200.292409091819	0.44151095939808	0.176084599054368	2.50737975819088	0.0121629956346394	0.0254560495434018
gene_4122	onu_vs_self	174.910661799787	0.4792484664197	0.191365228229476	2.50436545266734	0.0122671252714732	0.0256677077300931
gene_3546	onu_vs_self	1143.03089702686	0.273592924635905	0.109304889908761	2.50302548096684	0.0123136678387857	0.0257587968475087
gene_5527	onu_vs_self	787.916524231511	-0.415044777654445	0.165842680732174	-2.50264151436818	0.0123270333351408	0.025780455741218
gene_5618	onu_vs_self	1210.11649286232	-0.41883579501595	0.167367027127214	-2.50249886256029	0.0123320021762162	0.0257845477841745
gene_318	onu_vs_self	182.720339063709	-0.593013884068927	0.236985524962855	-2.50232111924083	0.0123381958056743	0.025791198069981
gene_2759	onu_vs_self	158.296985173943	0.478630433284892	0.191322684262552	2.50169202428746	0.0123601393392037	0.0258307599471639
gene_1828	onu_vs_self	6.72691722400452	2.43934364181994	0.975337369681465	2.50102550937488	0.0123834258304659	0.0258731083985327
gene_1987	onu_vs_self	157.102879261465	0.451248261586148	0.180489632330287	2.50013397312697	0.012414634795553	0.0259319848340493
gene_1533	onu_vs_self	221.724702907748	0.4262019473338	0.170531312471507	2.49925917508558	0.0124453255172264	0.025989750287255
gene_291	onu_vs_self	952.510223890542	0.431305660315031	0.172593528435049	2.49896774361004	0.0124555647790287	0.0260047889045086
gene_1199	onu_vs_self	560.065848500072	-0.502720068270129	0.20127731988667	-2.49764885856582	0.0125019963129505	0.026095364164559
gene_3980	onu_vs_self	2194.82694245114	0.200884803305405	0.0804436443271296	2.49721161921124	0.0125174231792961	0.0261211951279314
gene_8610	onu_vs_self	143.030659963459	0.457436491492924	0.183231457024908	2.49649541034179	0.0125427291879472	0.0261676241405869
gene_4281	onu_vs_self	4619.30513513948	-0.238781779347829	0.0956506380029563	-2.49639505112814	0.0125462788242231	0.0261678802471441
gene_7927	onu_vs_self	4146.61338441606	0.220697797600517	0.0884092895233503	2.4963190948642	0.0125489659362765	0.0261678802471441
gene_7088	onu_vs_self	62.6622808900568	1.09393380462405	0.438243272559539	2.49617934403187	0.0125539112461973	0.0261718169185215
gene_4715	onu_vs_self	88.9341517704414	-0.510050268388512	0.20439034051742	-2.49547149389402	0.0125789861850971	0.0262177067797495
gene_1384	onu_vs_self	3974.68205524625	-0.261326765856428	0.104725084905853	-2.49535978979019	0.0125829472483301	0.0262195784921387
gene_2686	onu_vs_self	456.947238109602	0.490069927914446	0.196657306343677	2.491999595774	0.0127026181981439	0.0264624998238287
gene_1251	onu_vs_self	847.707262149128	0.216185565691288	0.0867578330038569	2.49182763338127	0.012708769524514	0.0264688727809829
gene_7668	onu_vs_self	925.822759345088	-0.312294623793456	0.125473350832757	-2.48893188649845	0.012812751038984	0.0266789464591833
gene_1401	onu_vs_self	851.022340397331	0.252439486314308	0.101449535771914	2.48832569211416	0.0128346135381495	0.0267179698167703
gene_1096	onu_vs_self	580.686425188032	-0.374792348091186	0.150682338823442	-2.48730110653736	0.0128716404358681	0.0267885344349698
gene_7141	onu_vs_self	1255.48016762053	0.302169935740645	0.121560746275505	2.48575255581113	0.0129277819803219	0.0268988365949333
gene_6126	onu_vs_self	128.955662186794	-0.426893682306136	0.171749650854153	-2.48555778822891	0.0129348584475217	0.0269070202456344
gene_7693	onu_vs_self	133.015883644016	0.439200473862867	0.176900889933459	2.48274880939305	0.013037298506194	0.0271135265337756
gene_7377	onu_vs_self	6951.51068940481	-0.411958030723579	0.166000273424451	-2.48167079622954	0.0130768024735846	0.0271832561078879
gene_680	onu_vs_self	2034.27480896645	-0.219829482845336	0.0885816084506851	-2.4816605465876	0.0130771785808741	0.0271832561078879
gene_2323	onu_vs_self	2084.78744455243	0.216665495108838	0.0873721542690229	2.47980030847946	0.0131455980511372	0.0273188442140651
gene_631	onu_vs_self	22.3385618758782	-0.916509934127298	0.369654884734695	-2.47936649013873	0.0131615993139894	0.0273454587688712
gene_7427	onu_vs_self	1033.08458748158	0.319183571872184	0.128771202399368	2.47868751650137	0.0131866776309261	0.0273909149528579
gene_2550	onu_vs_self	1733.93595697409	-0.361709299700725	0.145934552871967	-2.47857202137772	0.0131909477178935	0.0273931374248346
gene_1192	onu_vs_self	1354.02095749334	0.32809889919531	0.132385004235977	2.47836906520372	0.0131984543777193	0.0273982904554264
gene_5724	onu_vs_self	26967.5061501307	0.157964054412938	0.0637380556082406	2.47833186791652	0.0131998305885722	0.0273982904554264
gene_5956	onu_vs_self	122.416438443342	0.528251888463901	0.213167540843498	2.47810659340359	0.0132081679192009	0.0274023066864663
gene_3762	onu_vs_self	3212.81776041005	0.287442547148692	0.115991339205789	2.47813801544888	0.0132070047209831	0.0274023066864663
gene_6643	onu_vs_self	3136.72250993655	-0.255722407941297	0.103209311382024	-2.47770675452678	0.0132229772819236	0.0274263837008156
gene_1224	onu_vs_self	1326.67886069099	-0.190918828194709	0.0770851703497921	-2.47672577395069	0.0132593733701539	0.0274952122210556
gene_1351	onu_vs_self	6119.77953005293	0.219239909484337	0.0885669292357814	2.47541504911703	0.0133081417546643	0.0275896569193332
gene_6432	onu_vs_self	1448.55561615645	0.317263604056056	0.128179824011153	2.47514463764946	0.0133182227123274	0.0276038708032741
gene_1310	onu_vs_self	3.4638144103854	3.42000497346325	1.38193919600615	2.47478686714089	0.0133315707940092	0.0276248477358312
gene_7253	onu_vs_self	3198.30945719266	-0.225525111209178	0.0911557299808241	-2.4740640139311	0.0133585758552202	0.0276741068055868
gene_4034	onu_vs_self	441.361172711799	-0.430506265070756	0.174108660137454	-2.47262982054357	0.013412299030094	0.027771959288245
gene_4972	onu_vs_self	406.086468964576	0.316934521059621	0.128176921726331	2.47263326963261	0.0134121696026176	0.027771959288245
gene_5079	onu_vs_self	2868.84492619144	-0.312836187024771	0.126549109648166	-2.47205363905382	0.0134339358091566	0.0278100339846144
gene_4856	onu_vs_self	566.673728959155	-0.256773239352533	0.103895596015037	-2.47145451011581	0.0134564670189851	0.0278499414125998
gene_891	onu_vs_self	1548.77804352406	-0.3538412024585	0.143247157816862	-2.47014466360915	0.0135058422524649	0.0279453733819433
gene_6529	onu_vs_self	135.006638488693	0.481281452708673	0.194866234849232	2.46980423817928	0.0135187009171374	0.0279595345324165
gene_1982	onu_vs_self	1044.69317317001	-0.207310264303872	0.0839383994792727	-2.46979053198487	0.0135192188586065	0.0279595345324165
gene_5979	onu_vs_self	728.152488217814	0.218437286473779	0.088450491362621	2.46959946868187	0.013526440749103	0.0279677132396913
gene_5272	onu_vs_self	1971.83369719614	0.203606927660796	0.082458005555377	2.46921965052936	0.0135408073981732	0.0279906571669555
gene_6397	onu_vs_self	17.048144323255	1.03618432090354	0.419935027628255	2.46748723667036	0.0136065072015104	0.0281196768819239
gene_7639	onu_vs_self	961.387613123985	0.277706586675124	0.112585370423466	2.46663119400497	0.0136390754693222	0.0281733798304532
gene_324	onu_vs_self	1183.69039020569	0.262860068737186	0.106565244601718	2.46665852191877	0.0136380347117495	0.0281733798304532
gene_5332	onu_vs_self	2615.7820433733	0.412332038726157	0.167179323053357	2.46640572048828	0.0136476650912122	0.0281843216358929
gene_8349	onu_vs_self	7856.54685757408	0.222371121297133	0.0901762606347607	2.46596077206838	0.0136646298325666	0.0282125497749085
gene_5941	onu_vs_self	1558.46210985948	0.220474626264693	0.0894136107323153	2.46578372642556	0.0136713853072987	0.02821969091644
gene_7775	onu_vs_self	7141.80471722166	0.266605678954857	0.108188206132575	2.46427673112684	0.0137290067744759	0.0283317979723996
gene_1155	onu_vs_self	913.159044134602	-0.198818077761116	0.0806916784050989	-2.46392294336702	0.0137425652500396	0.0283529425259915
gene_4611	onu_vs_self	203.167279303963	-0.378557451177683	0.15375602431347	-2.46206581412315	0.0138139315577869	0.0284933142493148
gene_4421	onu_vs_self	1174.42117684407	-0.261432925156837	0.10630691710272	-2.45922779327919	0.0139236240800624	0.0287126528849275
gene_3590	onu_vs_self	1274.20436110733	0.237796855041554	0.0967156458199713	2.45872167864333	0.0139432665395164	0.0287462335207757
gene_2228	onu_vs_self	35.5077933438199	0.951913133425224	0.387228526496964	2.45827223019089	0.0139607302706238	0.0287722931055001
gene_4500	onu_vs_self	9664.87104942101	0.235109637223512	0.0956420958961518	2.45822339024016	0.0139626291542345	0.0287722931055001
gene_462	onu_vs_self	1915.19204263438	0.195273097823965	0.0794880612430403	2.45663430168342	0.0140245369929704	0.0288929089434
gene_4238	onu_vs_self	1605.18309595531	0.173213052434664	0.0705275963044354	2.45596137555834	0.0140508258394334	0.0289401032689005
gene_948	onu_vs_self	1528.4540179767	-0.175538240402221	0.0715152483259961	-2.45455681845702	0.0141058370914074	0.0290464194136269
gene_3755	onu_vs_self	898.310844346279	0.220437293885455	0.0898983306072363	2.45207327429183	0.0142035735342037	0.0292406420040365
gene_6785	onu_vs_self	1533.74495649177	0.400960338778336	0.163542003043668	2.45172696503707	0.0142172494149215	0.0292617588342699
gene_6360	onu_vs_self	579.046896207392	-0.264391794855675	0.107871734967519	-2.45098305812256	0.0142466658630649	0.0293152547566912
gene_5048	onu_vs_self	1157.11173238628	0.257020087565697	0.104869115206408	2.45086541504445	0.014251322759021	0.029317789670084
gene_1009	onu_vs_self	63.3394154095465	0.58453609961636	0.238746169499294	2.44835802326072	0.0143508975999798	0.0295155414358067
gene_4876	onu_vs_self	410.475634366225	-0.525773760737061	0.214830540895508	-2.44738833941117	0.0143895704334902	0.0295879709129656
gene_520	onu_vs_self	11400.1244389598	-0.261148655444192	0.106771219045893	-2.44587125423699	0.0144502590757808	0.0297056238445447
gene_2140	onu_vs_self	1855.42890306442	0.242631054000719	0.0992111195044026	2.44560342845392	0.0144609964416647	0.0297205593134813
gene_4353	onu_vs_self	620.113157507061	0.306429408098363	0.125331910127864	2.44494325336415	0.0144874934800916	0.0297678694646144
gene_184	onu_vs_self	241.675786227329	0.622740037954846	0.254718306376998	2.44481854018436	0.014492503820657	0.0297710181677043
gene_5906	onu_vs_self	1250.62240195693	-0.190767492299789	0.0780449668611645	-2.44432793006561	0.0145122288687162	0.0298043855845035
gene_7249	onu_vs_self	764.376523710926	-0.477328320491753	0.195315230237234	-2.44388683827666	0.0145299832306236	0.0298336906822111
gene_3532	onu_vs_self	35.0614965416438	0.709328410017006	0.290470116438378	2.4420013277596	0.0146060929048092	0.0299747070220221
gene_6010	onu_vs_self	1005.72280949835	-0.407523080232805	0.166885971180814	-2.44192532990847	0.0146091679551257	0.0299747070220221
gene_7667	onu_vs_self	997.424499814842	-0.197365033281422	0.0808231405012105	-2.44193719840008	0.0146086876906699	0.0299747070220221
gene_370	onu_vs_self	13395.6720244833	-0.331875310701535	0.135994648610388	-2.44035566173142	0.0146728081471046	0.0300980679940607
gene_7218	onu_vs_self	3538.24388154078	-0.408769899186349	0.167613674893937	-2.43876222775386	0.0147376617164587	0.0302166189923082
gene_652	onu_vs_self	5123.79212393687	0.195049641956697	0.0799787178139384	2.43876930373475	0.0147373731628833	0.0302166189923082
gene_328	onu_vs_self	4619.80687746409	-0.205005938198215	0.0840809076582072	-2.43819844371297	0.0147606684471282	0.0302565426023509
gene_2444	onu_vs_self	333.828750481747	0.330563241124902	0.135588755584747	2.4379841801726	0.0147694203468559	0.0302672344192211
gene_6652	onu_vs_self	238.049329629372	-0.4149973736232	0.170261055597433	-2.43741807054471	0.0147925659092606	0.0303074112453975
gene_4143	onu_vs_self	638.387833008703	0.525201437476748	0.215552217658801	2.43653924409208	0.0148285603232365	0.0303738876206998
gene_6502	onu_vs_self	71.7509715639965	0.589151277830176	0.241811048479844	2.43641174186995	0.0148337888838856	0.0303773284320719
gene_8560	onu_vs_self	1395.69995871025	-0.357507558235629	0.146780509852344	-2.4356609647648	0.0148646094135723	0.0304331634968139
gene_5115	onu_vs_self	839.616831223647	0.29018202304871	0.119210562801468	2.43419724082653	0.0149248597604418	0.0305492107961219
gene_493	onu_vs_self	206.345701009828	-0.351388315300375	0.144362043551914	-2.43407689898773	0.0149298228744227	0.0305520640222469
gene_6115	onu_vs_self	1031.67756769927	-0.200830344111235	0.0825259321122302	-2.43354226933321	0.0149518895467913	0.0305899078681964
gene_7997	onu_vs_self	674.728784882535	0.303638639227601	0.124796657309321	2.43306708508226	0.0149715267422075	0.0306227643759369
gene_372	onu_vs_self	1426.03280568635	0.187045144103559	0.0768814097531044	2.43290471265072	0.0149782420597508	0.0306291810873069
gene_2019	onu_vs_self	824.671339934836	0.201235554182127	0.0827584144199552	2.43160234028848	0.0150322009875391	0.0307321806671446
gene_8076	onu_vs_self	991.981026714369	-0.514629089958279	0.211793302325881	-2.4298647988709	0.0151044560820149	0.0308725272354459
gene_2438	onu_vs_self	1044.18027138123	0.294980606262113	0.121531230800882	2.42720002355125	0.0152158642098395	0.0310928139499226
gene_2758	onu_vs_self	1259.94186272082	0.291854691246047	0.120296644878154	2.42612494755494	0.0152610151049846	0.0311776346774865
gene_553	onu_vs_self	443.964759841725	-0.440671924365115	0.181809765541005	-2.42380778091773	0.015358732466601	0.0313697804614899
gene_2481	onu_vs_self	1421.47203367341	-0.277425461949403	0.114487819008943	-2.42318758756103	0.0153849799340896	0.0314158941402212
gene_1560	onu_vs_self	108.82038918605	0.609711225398514	0.251680274904302	2.42256261691683	0.0154114695161379	0.0314624800997235
gene_5037	onu_vs_self	594.813071973089	0.238942661692315	0.0986384730300787	2.42240836006709	0.0154180139163186	0.0314683355087476
gene_6868	onu_vs_self	883.6434165556	0.311811204366167	0.128761080903866	2.42162617910119	0.0154512358752971	0.0315286243367206
gene_1949	onu_vs_self	27.7841014881933	0.983490103114543	0.40631042716365	2.42053867526866	0.0154975306507917	0.0316155534725397
gene_3239	onu_vs_self	3183.83515505412	-0.307649835018627	0.127110434711266	-2.42033500803817	0.0155062142738304	0.0316257312804355
gene_8475	onu_vs_self	170.672726600565	-0.355916090120711	0.147068583250931	-2.42006880227737	0.0155175707659969	0.0316413543966016
gene_8000	onu_vs_self	1567.45015755774	-0.355472700238268	0.146925279603439	-2.41941142598274	0.0155456461794182	0.031691052940181
gene_3997	onu_vs_self	735.74440504531	0.360439573852089	0.14901796634475	2.41876588906212	0.0155732594415876	0.0317397859095214
gene_3665	onu_vs_self	959.829049739426	0.309547298032325	0.127992898980844	2.41847243477667	0.0155858264023725	0.031757837182649
gene_692	onu_vs_self	18041.4887721836	0.301430276388553	0.124645121163399	2.41830786135147	0.0155928780410273	0.031764644462445
gene_5426	onu_vs_self	357.798352390935	0.345767674910762	0.143025289172877	2.41752823511391	0.0156263216112761	0.0318251993796154
gene_6463	onu_vs_self	14.0128190095138	-1.34954016572523	0.558343065122305	-2.41704473472705	0.0156470939832742	0.0318599249516716
gene_1441	onu_vs_self	1982.8852496856	0.451135533167852	0.186822664427204	2.41477946239033	0.0157447395557115	0.0320511226151939
gene_2014	onu_vs_self	1354.59316356349	-0.202232475263307	0.0837519280314087	-2.41466053399351	0.0157498807937809	0.0320539656668484
gene_531	onu_vs_self	1857.17243033725	-0.181350862346064	0.0751363744778338	-2.41362274406206	0.0157948068346947	0.0321377576669804
gene_8021	onu_vs_self	4886.91604563342	-0.310388541710288	0.12865359398888	-2.4125913010803	0.0158395697567448	0.0322211780222756
gene_1149	onu_vs_self	2331.34371778614	-0.217457219076735	0.0901609303435898	-2.41187860693138	0.0158705646475264	0.0322765581807617
gene_3738	onu_vs_self	60.8932869809116	0.59345639579831	0.246215524082361	2.41031266411859	0.0159388545158795	0.0324077421985579
gene_5534	onu_vs_self	292.737785045251	-0.683690037689977	0.283702531102013	-2.40988346150546	0.0159576168517127	0.0324381857636335
gene_160	onu_vs_self	1738.68259057544	-0.24458868666037	0.101529514049316	-2.40904025741288	0.0159945335728227	0.0325055098251097
gene_5311	onu_vs_self	519.862659357561	0.235350114601127	0.0978020511984938	2.40639241935195	0.0161109483903578	0.0327343266606843
gene_5597	onu_vs_self	9721.33392543665	0.268895466477246	0.1118496305887	2.40408005875355	0.0162132221582181	0.0329343098420376
gene_7069	onu_vs_self	101.821528085476	0.497600174203482	0.207077004253641	2.40297166745753	0.0162624473521778	0.0330264648480764
gene_7159	onu_vs_self	892.072951380394	0.322471229545677	0.134265307655786	2.40174647625575	0.0163170125667846	0.0331294183044773
gene_958	onu_vs_self	7068.10570573085	-0.25516498395283	0.10627100632589	-2.40107808116865	0.0163468480296898	0.0331821245278977
gene_6106	onu_vs_self	37.1433357919139	-0.751011631079137	0.312892204133791	-2.40022480955777	0.016385005556216	0.0332516945379822
gene_34	onu_vs_self	2345.12980135906	0.235659254975756	0.0982117388476116	2.39950191026973	0.0164173941589352	0.0333095269022245
gene_5615	onu_vs_self	7.65870765622771	2.12392851450556	0.885371602881329	2.39891194566609	0.0164438684553584	0.0333553350658456
gene_7178	onu_vs_self	379.058011265636	-0.304464824709604	0.126930255082302	-2.39867811273356	0.0164543719367045	0.0333687334229307
gene_1907	onu_vs_self	9.47922350869669	-1.72528042929939	0.719640445871993	-2.39742004385101	0.0165109840207277	0.0334676825047191
gene_2443	onu_vs_self	1171.4590870162	-0.27652276735566	0.115341727115269	-2.39742176809362	0.0165109063142737	0.0334676825047191
gene_7951	onu_vs_self	680.800575199285	0.229728869583549	0.0958823352113724	2.39594570863457	0.0165775455744111	0.033594647281477
gene_2773	onu_vs_self	308.048835679729	-0.429819845554136	0.179463888094839	-2.39502136121666	0.0166193970111648	0.0336714883823836
gene_1866	onu_vs_self	5405.87892565661	0.358939443190328	0.149951043189692	2.39371087759797	0.0166788904450617	0.0337840279720133
gene_3131	onu_vs_self	1802.94540429425	-0.274771867644794	0.114816576440645	-2.39313761272823	0.0167049743058954	0.0338288573594664
gene_3740	onu_vs_self	5008.97098968443	0.311337603297483	0.130106044028845	2.39295265351746	0.0167133976883811	0.0338379101732597
gene_7217	onu_vs_self	8310.40339973411	-0.296639498650265	0.123969867190588	-2.39283549601792	0.016718735185309	0.0338407125056149
gene_7636	onu_vs_self	117.009356220124	-0.539744591346348	0.225584363722442	-2.39265072472154	0.0167271560934908	0.0338497532293808
gene_6466	onu_vs_self	809.555112241064	0.320496528243121	0.133977276519876	2.39217079618403	0.0167490461234892	0.0338860399000395
gene_2276	onu_vs_self	2636.57450837475	0.341805804930109	0.142929279944546	2.3914330574024	0.0167827441856622	0.0339461933433999
gene_6324	onu_vs_self	531.966614027473	0.36393629823237	0.15227593959185	2.38997900264375	0.0168493360704339	0.034072836466552
gene_1123	onu_vs_self	955.516596342044	0.415357128804655	0.173824688201941	2.38951746786459	0.0168705215874253	0.0341076204034863
gene_261	onu_vs_self	936.929282062746	0.399709703853325	0.167332500192271	2.38871530272986	0.016907398464337	0.0341741040979279
gene_4578	onu_vs_self	154.644581139122	-0.58234106617707	0.243825843348579	-2.38834841368534	0.0169242885351975	0.0342001675782083
gene_6383	onu_vs_self	479.461668752303	-0.25580626737006	0.107114018757765	-2.38816795725457	0.0169326014428143	0.0342088903352585
gene_6488	onu_vs_self	1222.549770017	-0.411692251008858	0.172426150662101	-2.38764392424233	0.0169567618685161	0.0342496181204573
gene_8340	onu_vs_self	3030.5619588781	-0.198707926966861	0.0833053230241087	-2.38529687844022	0.0170653434667333	0.0344608020937101
gene_1086	onu_vs_self	7372.79902292775	0.3628618307686	0.152138678772617	2.3850728407529	0.0170757399700971	0.0344736637132148
gene_614	onu_vs_self	1373.60077070512	-0.27852267761655	0.116783019014992	-2.38495870346351	0.0170810386650238	0.0344762298921491
gene_8353	onu_vs_self	1013.29717852015	0.41656426688847	0.17490849573067	2.38161254059328	0.0172370229413104	0.0347828657184386
gene_3744	onu_vs_self	761.728861117377	-0.24007485498624	0.100830634776009	-2.38097137362623	0.0172670537237484	0.0348352533290799
gene_7746	onu_vs_self	446.06890030634	-0.230661060587548	0.0969036916155391	-2.38031241887755	0.0172979654523478	0.034889393089561
gene_5931	onu_vs_self	2659.64002950402	-0.215038834381012	0.0903465400873534	-2.38015572232315	0.0173053232650199	0.0348960111068482
gene_7170	onu_vs_self	676.619118582292	0.338576799407517	0.142348664786614	2.37850351399543	0.0173830712406731	0.035038299651086
gene_7789	onu_vs_self	953.948394917778	-0.251978388118087	0.105944696735238	-2.37839548257708	0.0173881655277819	0.035038299651086
gene_8263	onu_vs_self	1100.20636312715	-0.2182193094464	0.0917498994210222	-2.37841469934517	0.0173872592537045	0.035038299651086
gene_2710	onu_vs_self	2059.04420172316	-0.273751803412412	0.115111470326023	-2.37814531112393	0.0173999675408348	0.035053829642162
gene_2642	onu_vs_self	9979.91357695045	-0.169801136942395	0.0714081327200051	-2.37789633301565	0.0174117202304558	0.0350692529818121
gene_3155	onu_vs_self	1252.60035680235	0.328710481965635	0.13824320399227	2.37776955736656	0.0174177071850901	0.0350730589283394
gene_5279	onu_vs_self	8664.51628475929	0.138142363662862	0.0581001173447101	2.37766066535217	0.0174228510296658	0.035075165760569
gene_4679	onu_vs_self	1596.82778077115	-0.327202379131543	0.137672796318162	-2.37666690792985	0.0174698557551751	0.0351615248681635
gene_6290	onu_vs_self	8431.70762522282	0.305905261142481	0.128726329256043	2.37640009553928	0.0174824948992789	0.0351786921339509
gene_1085	onu_vs_self	5727.75957447866	0.24230211070912	0.101989736185601	2.37574995064385	0.0175133264248987	0.0352324498700666
gene_2150	onu_vs_self	1055.90324671334	-0.271918937067317	0.114480141249757	-2.3752498389575	0.0175370754211581	0.0352719374072165
gene_4029	onu_vs_self	1812.09618368181	0.362372829151246	0.152577467292397	2.37500881081478	0.0175485312962294	0.035286687314006
gene_7066	onu_vs_self	98.0412316147714	-0.48142853656345	0.202754717451321	-2.37443815174872	0.0175756804221971	0.0353329789605466
gene_1241	onu_vs_self	853.356889004456	-0.29226017722149	0.123094756107565	-2.37426992394462	0.0175836908898418	0.0353407828168692
gene_914	onu_vs_self	2446.87534332006	-0.270129520035116	0.113786143196192	-2.374010687482	0.0175960411631496	0.0353490054814739
gene_3200	onu_vs_self	1058.15787079161	-0.220465119329051	0.0928654370141439	-2.37402769445292	0.0175952307017772	0.0353490054814739
gene_6122	onu_vs_self	1406.53940111095	0.318640936760961	0.134407175716351	2.37071372910484	0.0177537759626074	0.0356575134302955
gene_3227	onu_vs_self	63.1689520218843	-0.691628019030906	0.292006074104728	-2.36853983654756	0.0178584570699493	0.0358509363317931
gene_933	onu_vs_self	4707.4070856408	-0.297219662019585	0.125484494914782	-2.36857678888081	0.0178566731677725	0.0358509363317931
gene_3335	onu_vs_self	1352.48780685701	0.269649688940966	0.113914201747705	2.3671296888704	0.0179266498033468	0.0359793956193783
gene_3043	onu_vs_self	26.2558097804178	1.06461261130034	0.449772521931708	2.3670023387111	0.0179328194918192	0.035983341502572
gene_6627	onu_vs_self	688.388777382431	-0.377478745471136	0.159529996691715	-2.36619289976291	0.0179720775991219	0.0360536639907391
gene_5902	onu_vs_self	198.373219663913	0.352593686217897	0.149023084270853	2.36603401374414	0.017979792466451	0.0360606896702954
gene_6639	onu_vs_self	367.616060126764	-0.350606800941638	0.148321967409626	-2.36382248068052	0.0180874772215062	0.0362596733058766
gene_871	onu_vs_self	1504.79346410531	-0.265263635498414	0.112215504366029	-2.36387687242546	0.0180848219991632	0.0362596733058766
gene_7566	onu_vs_self	5.44816506744995	2.14112252344191	0.905970505425602	2.36334683151309	0.01811071136773	0.0362977497793887
gene_4710	onu_vs_self	5034.91268296839	-0.247971156339416	0.10497209242194	-2.36225791653924	0.0181640002854597	0.0363960305345354
gene_645	onu_vs_self	1239.41675473422	0.194220436546516	0.0822251990814404	2.36205492618083	0.0181739493214206	0.0364074435271145
gene_2359	onu_vs_self	1925.03970688713	-0.237281986369327	0.100491729442992	-2.36120910332163	0.0182154564775258	0.0364820560242444
gene_7261	onu_vs_self	426.354479096496	0.355714943998576	0.150744601559108	2.35971928891329	0.0182887681832766	0.0366203171108416
gene_7185	onu_vs_self	725.129000097125	0.31675992477566	0.134287804732352	2.35881378362684	0.0183334529486543	0.0366926250270005
gene_1247	onu_vs_self	4424.3299986658	-0.276770656096184	0.117331852718498	-2.35887058529802	0.0183306470996462	0.0366926250270005
gene_143	onu_vs_self	328.83636593572	0.730293073381898	0.309631509996218	2.35858770766198	0.0183446242166408	0.0367064009570933
gene_4743	onu_vs_self	138.123776549784	0.427964770347703	0.181472423086232	2.35829093517059	0.0183592979121647	0.0367271769404369
gene_3528	onu_vs_self	695.590763283813	0.286444348180711	0.12148795511857	2.35780039182606	0.018383574991322	0.0367671499826441
gene_8002	onu_vs_self	65.2925443331794	0.740562429643793	0.314139636386005	2.3574307214573	0.0184018886073819	0.0367951802100419
gene_1643	onu_vs_self	1546.22453761715	0.430700557198916	0.182736182673133	2.3569527988298	0.0184255887495292	0.0368339653657099
gene_4562	onu_vs_self	281.487231897705	0.51161083004854	0.217167501162911	2.35583513789546	0.0184811177794807	0.0369363455970943
gene_6630	onu_vs_self	263.370791598538	-0.536611521188889	0.227802348440115	-2.35560135733172	0.0184927512617185	0.0369509689076354
gene_8293	onu_vs_self	1748.04301641441	-0.292029478870601	0.124070887610962	-2.35373087509692	0.0185860619450627	0.0371287491831357
gene_3558	onu_vs_self	379.103280001227	0.262806929715491	0.11169810391335	2.3528325057278	0.0186310241726644	0.0372098849552047
gene_7264	onu_vs_self	302.508123970479	0.405965726645289	0.172568491942555	2.35249043481487	0.0186481693809775	0.0372354396783688
gene_2935	onu_vs_self	2115.74105712608	0.271936505135254	0.115684396726334	2.35067574219671	0.0187393560883371	0.0374087892061954
gene_978	onu_vs_self	403.344480537278	0.278367320497613	0.118458195082552	2.34992032677538	0.0187774298796858	0.0374760549708815
gene_6982	onu_vs_self	292.002905172765	0.406197890914884	0.172943402159634	2.34873308748689	0.0188374048245633	0.037578230085822
gene_7082	onu_vs_self	1532.26159856718	-0.211872762538739	0.0902061727127843	-2.34876124512388	0.0188359804673466	0.037578230085822
gene_7937	onu_vs_self	1450.71318829909	-0.182890188355473	0.0778764388909865	-2.34846624935544	0.0188509075383271	0.0375964045964772
gene_3918	onu_vs_self	1207.95008148802	0.195821776030612	0.0834057064392234	2.34782228207976	0.0188835288526951	0.0376526920519613
gene_2353	onu_vs_self	771.929156890535	-0.378767454881391	0.161337467476533	-2.34767199960223	0.0188911487815999	0.0376591135469249
gene_2	onu_vs_self	220.107912912225	0.619485742044133	0.263920842453657	2.3472406964331	0.0189130325300376	0.0376939600598653
gene_1837	onu_vs_self	343.114731231292	0.326921865879977	0.139293610952557	2.34699828401553	0.0189253419422244	0.0377086625685495
gene_4883	onu_vs_self	5519.25165857869	-0.261481566590834	0.111414684053794	-2.34692194131774	0.0189292199833011	0.0377086625685495
gene_1687	onu_vs_self	1307.43651215212	0.209730681589283	0.0893798404443945	2.34650991259894	0.0189501621340674	0.037741597921735
gene_7385	onu_vs_self	202.253355473244	0.45412517151064	0.19357070015734	2.34604292458267	0.0189739221880935	0.0377801288509143
gene_5814	onu_vs_self	74.0882934802923	0.500274594975242	0.213408393145569	2.3442123695388	0.0190673110360871	0.0379572517369548
gene_1536	onu_vs_self	1734.3029830637	0.212819870040184	0.0908497039721073	2.34254885525576	0.0191525262938488	0.0381180248954536
gene_6560	onu_vs_self	418.654071295531	-0.38461000371981	0.164239565040158	-2.34176219125866	0.0191929397875331	0.0381895780058772
gene_4224	onu_vs_self	1359.6856871651	0.168957455726918	0.0721914742178686	2.34040733420981	0.0192627179628022	0.0383195133073638
gene_2881	onu_vs_self	2249.40631179326	-0.26161019346608	0.111784363191786	-2.34031116693164	0.0192676792096725	0.038320477238568
gene_8624	onu_vs_self	17.5558531718328	1.16181803439704	0.496522711990699	2.33990914481834	0.0192884315287247	0.0383528394624585
gene_292	onu_vs_self	1611.50021464817	0.27244047804196	0.116446515535418	2.33961898120598	0.0193034218639068	0.038373732270098
gene_6666	onu_vs_self	2049.79290454986	0.198343510825262	0.0847825531385778	2.33943781453559	0.0193127863974832	0.0383834343075125
gene_3551	onu_vs_self	1084.00184436059	0.367138408097038	0.156945361436442	2.33927530407274	0.019321189966369	0.0383912224029987
gene_2010	onu_vs_self	406.642263695895	-0.274641958137593	0.117444561930089	-2.33848169403602	0.0193622742087513	0.0384639283422863
gene_2814	onu_vs_self	3015.92223337751	0.282467403442565	0.120810356225899	2.33810587326132	0.0193817566211642	0.0384936976049109
gene_2226	onu_vs_self	1496.22293393876	0.335929713078507	0.143685630416332	2.33794925842719	0.019389880532322	0.0385008994100387
gene_2335	onu_vs_self	3109.36441020044	-0.131197240403646	0.0561326404285527	-2.33727185113692	0.0194250532206711	0.0385617939631133
gene_399	onu_vs_self	2446.82725889246	0.481335245960323	0.205969600573805	2.33692372378926	0.0194431505430088	0.0385887708435324
gene_3475	onu_vs_self	912.548130760822	0.228508594142297	0.0978291637994104	2.33579216327385	0.0195020762596802	0.0386967484429444
gene_1784	onu_vs_self	249.143829773064	0.315800563247126	0.135295637375099	2.33415185717769	0.0195877717454663	0.0388577812609946
gene_119	onu_vs_self	310.978543281654	-0.334700402607267	0.14347819444666	-2.33276146175435	0.0196606683803686	0.0389933552678302
gene_674	onu_vs_self	682.531056271284	-0.289979214223842	0.124354523063407	-2.33187508648949	0.0197072634594868	0.0390767142027351
gene_4189	onu_vs_self	1.49334887255419	-3.9442334768481	1.69152896670405	-2.33175638992069	0.0197135104306113	0.0390800484682799
gene_8414	onu_vs_self	1229.50814262913	-0.262680400265484	0.112761996882924	-2.3295117816884	0.0198319695876634	0.0393057790392218
gene_7904	onu_vs_self	1533.09075240563	0.231913329519166	0.0995745409648826	2.32904241658474	0.0198568187420668	0.0393459186185398
gene_6895	onu_vs_self	1044.47417210418	-0.372733429051148	0.160052746299046	-2.32881620384523	0.0198688046146625	0.0393605571630435
gene_4288	onu_vs_self	789.347470558275	0.28227094755061	0.121250145641825	2.32800501852132	0.0199118371868767	0.0394366789263454
gene_5933	onu_vs_self	2390.69987155879	0.323990900815382	0.139193875567674	2.32762324846586	0.0199321178491052	0.0394677142697988
gene_3689	onu_vs_self	2914.26269802578	0.378789742979446	0.162773620730527	2.32709539346389	0.0199601886415978	0.0395141569778162
gene_8304	onu_vs_self	4187.95335424672	0.25661055630714	0.110294192307361	2.32660080226195	0.0199865218079774	0.0395571391159043
gene_6444	onu_vs_self	16.2755530948796	-1.01359142670333	0.435731909277978	-2.32618131727576	0.0200088799093682	0.0395922357892261
gene_1880	onu_vs_self	259.636902035196	0.45988173957812	0.197998018501671	2.32265829253356	0.0201975165090129	0.0399562609931016
gene_7941	onu_vs_self	1195.17568636052	0.383967586741227	0.165475412144445	2.32039057504241	0.0203197582825143	0.0401852381585911
gene_247	onu_vs_self	236.17997768017	0.315555059549692	0.135995354511121	2.32033704889447	0.0203226514005305	0.0401852381585911
gene_1827	onu_vs_self	77.7752877747345	0.525553328550863	0.226522752758774	2.32009068471161	0.020335972155247	0.0402022913738833
gene_5718	onu_vs_self	1706.06348069397	-0.508829725453996	0.219322995998913	-2.32000170860569	0.0203407849085491	0.0402025210845487
gene_6568	onu_vs_self	1359.23424340469	-0.202782869896417	0.0874356042399246	-2.3192253505789	0.0203828206012059	0.0402763029423643
gene_1061	onu_vs_self	568.451599862375	0.239405873534713	0.103267140496047	2.3183160914955	0.0204321485110552	0.0403644567862064
gene_78	onu_vs_self	266.720554378221	-0.526081123952476	0.227001301778476	-2.31752470065508	0.0204751667090425	0.0404401077594379
gene_6584	onu_vs_self	467.244497667878	-0.680407629452682	0.29366443873991	-2.31695615707593	0.0205061201778382	0.0404919005126401
gene_8361	onu_vs_self	1330.21067726499	0.252290197663505	0.108910541631448	2.31649015682294	0.0205315212598222	0.0405327080221583
gene_7883	onu_vs_self	7455.16132221048	-0.360127301719022	0.155473693015998	-2.31632306876485	0.0205406356984814	0.0405413515284762
gene_2017	onu_vs_self	104.184118725872	-0.62194228599437	0.268643269039556	-2.31512327935078	0.0206061863619477	0.0406613543702794
gene_996	onu_vs_self	5354.50910735043	0.301613554472358	0.130368436189546	2.31354738376884	0.0206925627280381	0.0408223869444586
gene_5157	onu_vs_self	3219.10405711343	-0.121577953100161	0.0525537297537673	-2.31340294342183	0.0207004954131785	0.040828626897882
gene_3559	onu_vs_self	1024.29743246131	0.24231847725853	0.104781941964596	2.31259769303001	0.0207447684925688	0.0409065234499859
gene_7925	onu_vs_self	38.2618453854608	0.756653801030528	0.327222135290736	2.31235518452394	0.020758117897433	0.0409234198991308
gene_4830	onu_vs_self	129.241654321705	0.740911378773862	0.320501913001677	2.31172217299678	0.0207929986762134	0.0409827466425021
gene_3497	onu_vs_self	976.647206019156	-0.494594372883512	0.213992397204791	-2.31127077103671	0.0208179034354878	0.0410223879852153
gene_3796	onu_vs_self	1182.5358109229	-0.200352715888814	0.086699145605443	-2.31089608195903	0.0208385955342789	0.0410537118005587
gene_1298	onu_vs_self	1031.43824314162	0.242754926145865	0.105087722253279	2.31002176981993	0.0208869489087424	0.0411395036030452
gene_5652	onu_vs_self	260.260781260308	0.4962692996627	0.214888874427939	2.30942295632489	0.0209201223702463	0.0411953640417088
gene_5528	onu_vs_self	120.956956659287	-0.805202643915304	0.348791297799556	-2.30855141454257	0.0209684866577558	0.0412811052875781
gene_3510	onu_vs_self	227.459220225521	0.366401873347555	0.158777678329536	2.30764095559518	0.0210191145982322	0.041371262580103
gene_2836	onu_vs_self	2031.52654958311	0.314521265215944	0.136311149496091	2.30737739633662	0.0210337902179473	0.0413906308656617
gene_5476	onu_vs_self	155.481277315761	-0.399341710322482	0.173117796999868	-2.30676289349262	0.0210680419092896	0.0414485035034519
gene_3811	onu_vs_self	25.5641421497437	-0.781056145841846	0.338653750767733	-2.30635610581953	0.021090742516557	0.0414836295821984
gene_2312	onu_vs_self	298.892446565498	0.576561579976166	0.250000398806123	2.30624264092992	0.0210970781746868	0.0414865585057016
gene_1957	onu_vs_self	507.743609374246	0.329381030780775	0.14283320221556	2.30605367429683	0.0211076333833085	0.0414882529876282
gene_3751	onu_vs_self	5561.54681737607	-0.196409349150035	0.0851695737361219	-2.30609759488246	0.0211051796777309	0.0414882529876282
gene_8152	onu_vs_self	1140.9363644194	-0.219888646539423	0.0954346659443915	-2.30407519493544	0.0212184229001302	0.0416964416953891
gene_2835	onu_vs_self	2498.71822407451	0.269207969983374	0.116957475681984	2.30175940796952	0.0213487438706068	0.0419429073978413
gene_6297	onu_vs_self	1483.93040609074	0.281035001037122	0.122130557353201	2.30110307467417	0.0213858055886166	0.0420060798160987
gene_3358	onu_vs_self	1396.52488269903	-0.360219903698644	0.156785522329023	-2.297532950413	0.0215883856035169	0.0423881812851338
gene_1532	onu_vs_self	1955.53394210131	0.228035721805898	0.0992538345518508	2.29750037200599	0.0215902418695308	0.0423881812851338
gene_7934	onu_vs_self	734.8538735152	-0.269654154316087	0.117400214812561	-2.29687956488505	0.0216256410362148	0.0424479447993577
gene_7542	onu_vs_self	655.931420141308	-0.20731102696225	0.0902950419230343	-2.29592923982424	0.0216799275762069	0.0425447455415706
gene_4342	onu_vs_self	353.103239426774	0.34381853319513	0.149764860679396	2.29572231854272	0.0216917634975533	0.042558215800838
gene_2897	onu_vs_self	4126.60123363468	-0.200593225326814	0.0873805497992197	-2.29562786899065	0.0216971678921256	0.0425590644263508
gene_3473	onu_vs_self	6342.02009647971	-0.244193059794159	0.106383583835527	-2.29540170569635	0.0217101136980198	0.0425747017766437
gene_1694	onu_vs_self	334.941365090206	0.352918652794097	0.153925896955874	2.29278282455141	0.0218605113300246	0.0428598206562095
gene_337	onu_vs_self	1213.13210675818	-0.329389137424013	0.143672505209941	-2.29263864329988	0.0218688176660123	0.0428662878912445
gene_6237	onu_vs_self	9157.70578658671	0.225705022442005	0.0984587643445119	2.29238122116029	0.0218836546809576	0.0428855503820965
gene_3606	onu_vs_self	461.542722488185	0.344860043139257	0.150525569585132	2.29103961599173	0.0219611225074369	0.043017667886421
gene_2064	onu_vs_self	1486.38080105356	-0.320538460894596	0.139905711837789	-2.29110346306831	0.0219574304087577	0.043017667886421
gene_6411	onu_vs_self	440.043388121806	0.384882766200476	0.168016196830409	2.29074799609329	0.0219779929424723	0.0430408646963081
gene_2595	onu_vs_self	7535.27524898009	-0.108538288510178	0.0473974711088959	-2.28995948456429	0.0220236654100873	0.0431204427974262
gene_3128	onu_vs_self	3683.94680693257	0.158914798078806	0.0694445440827281	2.28836980900175	0.0221159942849317	0.0432913128467905
gene_4081	onu_vs_self	13724.0669564337	0.25392120063374	0.110978607624598	2.28801934056217	0.022136394840239	0.0433213396964896
gene_7583	onu_vs_self	749.4769389702	-0.347040530123724	0.151766441792397	-2.28667501211134	0.0222147992590194	0.0434549089710251
gene_5845	onu_vs_self	519.547407572821	-0.287803537266783	0.125860379897584	-2.2866889286444	0.0222139863783896	0.0434549089710251
gene_8283	onu_vs_self	271.206653081027	0.332422550962949	0.14538247706652	2.28653794921136	0.0222228066420616	0.0434606408170087
gene_7512	onu_vs_self	800.298762177159	-0.350974634159267	0.153518815339084	-2.28619946932272	0.0222425918069257	0.0434893983250991
gene_4956	onu_vs_self	95.084557012255	0.492868578813277	0.215701955214368	2.28495183700795	0.0223156520080395	0.0436222838978803
gene_776	onu_vs_self	1458.19115510031	-0.230925666727973	0.10106854310231	-2.28484214414973	0.0223220854891851	0.0436248976683617
gene_6155	onu_vs_self	1990.0590912985	0.317631330931334	0.139040769241803	2.28444745137268	0.0223452475453916	0.0436601960713427
gene_6535	onu_vs_self	1289.72400412896	-0.263121757808725	0.115194977562638	-2.28414261954825	0.0223631505219714	0.0436852050360737
gene_5161	onu_vs_self	1272.93077690546	-0.324097268922612	0.141950531244031	-2.28317052484606	0.0224203256153663	0.0437869010421025
gene_700	onu_vs_self	3195.47138036011	0.235065030058115	0.103013171209056	2.28189295892145	0.022495660649131	0.0439240089316975
gene_3161	onu_vs_self	155.547095956738	-0.514944448552483	0.225683473534817	-2.28171093118629	0.0225064122822534	0.0439349804187204
gene_6050	onu_vs_self	794.247385896834	-0.296596798694086	0.130060196448067	-2.28045787100218	0.0225805466988262	0.0440696488239745
gene_6622	onu_vs_self	781.714210188592	-0.39759151006387	0.174357026772384	-2.28032972013746	0.0225881403985467	0.0440704335498098
gene_3314	onu_vs_self	1805.46885569408	-0.168330990875023	0.0738204028260183	-2.28027732755332	0.0225912456094119	0.0440704335498098
gene_527	onu_vs_self	1233.41168667124	0.224247697173098	0.0983704433885183	2.27962474752118	0.0226299539130521	0.0441358864196231
gene_789	onu_vs_self	1334.88890644923	-0.387746541339845	0.170155895802704	-2.2787722959035	0.0226806045738908	0.0442145240611489
gene_5137	onu_vs_self	1941.03047413266	-0.242707963347085	0.106507758951691	-2.27878199425049	0.0226800277674541	0.0442145240611489
gene_7172	onu_vs_self	720.505248919256	0.256958953878648	0.112778673171433	2.27843568870551	0.0227006320924581	0.0442434905991442
gene_7072	onu_vs_self	36.6222876054814	0.834385261933406	0.366348685507938	2.27757132737228	0.0227521304377852	0.044328372500191
gene_2659	onu_vs_self	2197.33454397549	-0.242366108784164	0.106416166433071	-2.27753091384472	0.0227545407436728	0.044328372500191
gene_4722	onu_vs_self	514.119292827084	-0.44930294422896	0.197305004081389	-2.27719994391841	0.0227742884931101	0.0443365725496981
gene_888	onu_vs_self	1564.62032173377	-0.25455277944615	0.111779553920089	-2.27727496236144	0.0227698111159046	0.0443365725496981
gene_1996	onu_vs_self	2376.55963924925	-0.219738109901878	0.0964919275548944	-2.2772693578628	0.0227701455866057	0.0443365725496981
gene_5751	onu_vs_self	21560.303956244	0.141926774344838	0.0624071582330084	2.27420665134164	0.0229535645284227	0.0446754234568663
gene_6727	onu_vs_self	11.2444124881255	1.65867461650562	0.729741870807115	2.2729607315407	0.023028546435696	0.0448111746964215
gene_7980	onu_vs_self	1.71011489926817	4.09966085699207	1.80444948369305	2.27197319406335	0.0230881294307726	0.0449169063471394
gene_2418	onu_vs_self	1104.327317885	0.232087740373121	0.102172226620549	2.27153452606116	0.0231146393440265	0.0449582623914717
gene_8070	onu_vs_self	3358.39001208683	-0.162057770272695	0.0713470075665265	-2.27140248484264	0.0231226241317755	0.0449635762308039
gene_7010	onu_vs_self	51.88185908766	0.537789547130624	0.236807991516159	2.27099408126996	0.0231473362487721	0.0450014077423324
gene_4948	onu_vs_self	41.5627095609236	0.753990773767173	0.332044782931246	2.27075024974356	0.0231621011966171	0.0450198878844329
gene_6233	onu_vs_self	1237.10317542211	-0.302611227682193	0.13327963713418	-2.27049858619841	0.0231773489792553	0.0450392979029343
gene_1043	onu_vs_self	422.255646672603	0.27975234256386	0.123311002032307	2.26867301338259	0.0232882178835484	0.0452444723293632
gene_2536	onu_vs_self	399.474395321532	-0.405284995811457	0.178704186504057	-2.26790991156918	0.0233346981167242	0.0453244873789787
gene_1245	onu_vs_self	17937.2232921115	0.181834552113744	0.0802020108550472	2.26720689637548	0.023377589745745	0.0453974973283977
gene_4506	onu_vs_self	4983.52895262822	0.204935668992276	0.0904127391064611	2.26666807153098	0.023410510275689	0.0454511154365839
gene_3614	onu_vs_self	1886.96582085946	-0.187603329167579	0.0827734289559913	-2.26646801435909	0.0234227433891468	0.0454645540614732
gene_8154	onu_vs_self	336.779480953669	-0.697746905657855	0.307870269732543	-2.26636662989255	0.0234289449734959	0.0454662817894185
gene_5114	onu_vs_self	284.377328517037	-0.268814476494238	0.118659723972858	-2.26542307274982	0.0234867297864624	0.0455680886156206
gene_2485	onu_vs_self	5362.91951846409	-0.160385045064147	0.070806413227267	-2.2651203154347	0.0235052972779761	0.0455937785405563
gene_3737	onu_vs_self	159.577746683986	-0.345139378916176	0.152435542121998	-2.26416604757408	0.0235639039673149	0.0456971042048517
gene_3325	onu_vs_self	672.083170693076	-0.22410774445042	0.0990233680827932	-2.26318038650275	0.0236245717717101	0.0458043792448106
gene_4746	onu_vs_self	24.520496416257	1.3495127651686	0.596552182831578	2.26218728890245	0.0236858343194488	0.0459023639969395
gene_4005	onu_vs_self	883.717820166302	-0.570819291305097	0.252327197568081	-2.26221864629192	0.0236838978286618	0.0459023639969395
gene_2579	onu_vs_self	1638.16393591369	0.190679269678728	0.0842939843936341	2.26207446534143	0.0236928029295163	0.0459054760245947
gene_7994	onu_vs_self	524.083798543254	-0.305865565076862	0.135231162969535	-2.26179793444332	0.0237098905377516	0.045928188052309
gene_3397	onu_vs_self	5223.1323679081	-0.287222350718541	0.127028899257134	-2.26107879701564	0.0237543780920656	0.0459935481719253
gene_6820	onu_vs_self	1286.17532636864	-0.183996200502465	0.081374000011758	-2.2611178076029	0.0237519629479542	0.0459935481719253
gene_5781	onu_vs_self	4947.13158171602	-0.138856497816197	0.0614298760470747	-2.26040660915201	0.0237960266939731	0.0460637694483062
gene_4138	onu_vs_self	12.9653593704014	1.2748980248757	0.564130117419378	2.25993611315726	0.0238252161876981	0.0461098463863206
gene_5754	onu_vs_self	3966.55095194189	-0.194629723279688	0.0861922725655065	-2.25808784809298	0.0239401830970339	0.0463218732618919
gene_1715	onu_vs_self	2359.60639652524	0.180163563947149	0.0797907509606779	2.2579504739332	0.0239487473052316	0.0463279721881994
gene_7252	onu_vs_self	236.159599949881	0.443373351752018	0.196418327092958	2.25729115156441	0.0239898879043943	0.0463865914754044
gene_5309	onu_vs_self	462.344088144797	-0.248422039434341	0.11004961556856	-2.25736399124062	0.0239853398225314	0.0463865914754044
gene_8001	onu_vs_self	88.5894743776276	0.646966061852601	0.286809347396722	2.25573562272257	0.0240871932166848	0.0465642217558315
gene_3260	onu_vs_self	561.800422442388	0.22516176465064	0.09985539831512	2.25487823843116	0.0241409726078412	0.0466576485714881
gene_5729	onu_vs_self	2899.025944083	-0.287784337158356	0.12767419136255	-2.25405255429541	0.0241928619777136	0.0467473811578394
gene_925	onu_vs_self	441.040752555357	-0.424462599863063	0.188361007190433	-2.25345259188348	0.0242306266996469	0.0468097866280698
gene_4341	onu_vs_self	6019.83910700261	-0.186627743632074	0.0828251149842658	-2.25327479071447	0.0242418282320202	0.0468208595816997
gene_1150	onu_vs_self	1993.79010790398	0.241858919086896	0.107402547037169	2.25189183831175	0.0243291080357446	0.0469788325707136
gene_5089	onu_vs_self	2589.32011332269	-0.193364864214009	0.0858804493828911	-2.2515585980682	0.0243501799087661	0.0470089174603152
gene_2685	onu_vs_self	116.094689363589	0.400840897291221	0.178055484638196	2.2512134243195	0.0243720230526561	0.0470298731584167
gene_3359	onu_vs_self	1387.20055077118	-0.242078410358233	0.10753021643417	-2.25125939838904	0.0243691127604526	0.0470298731584167
gene_4373	onu_vs_self	676.455255767756	-0.230171173599811	0.102279739052962	-2.25040829915125	0.0244230386666885	0.0471176946105147
gene_4192	onu_vs_self	1.19379430328137	-4.44629153548023	1.97627120757513	-2.24983874603719	0.0244591834565155	0.0471767936880966
gene_792	onu_vs_self	148.483363392018	0.368851189690952	0.163953303708713	2.24973319443608	0.0244658870259547	0.0471790928006695
gene_5474	onu_vs_self	6810.43650658583	0.326791731216598	0.145290930369754	2.24922319916968	0.0244982991987735	0.0472309552120499
gene_2673	onu_vs_self	8273.58480937267	0.267839500438946	0.119086941382381	2.24910890589531	0.0245055680801464	0.0472343307286767
gene_8630	onu_vs_self	233.744527155521	0.504161946097385	0.224267148940144	2.24804189325091	0.0245735187010115	0.0473546420712875
gene_1658	onu_vs_self	827.192393507215	0.285425551853116	0.126992387142813	2.24758001857334	0.0246029828793016	0.0473954897148061
gene_2063	onu_vs_self	858.430229181439	0.260647066655852	0.115970138300212	2.24753605088506	0.0246057892865185	0.0473954897148061
gene_5644	onu_vs_self	2114.73858333939	-0.24671429285802	0.109841738303681	-2.24608875158116	0.0246983236957634	0.0475630260597828
gene_234	onu_vs_self	11799.8575103337	-0.210664407702552	0.0938149302591641	-2.24553178391319	0.0247340141766633	0.0476210439388749
gene_8062	onu_vs_self	21.9921492892862	-0.959675542066682	0.427561504876169	-2.24453214595319	0.0247981830161887	0.0477338535234035
gene_7718	onu_vs_self	1918.85022926832	0.293119181797826	0.130608445666096	2.24425901635177	0.0248157408340089	0.0477461770148609
gene_1920	onu_vs_self	540.2494105146	-0.290327300693792	0.129359526721983	-2.24434417820466	0.0248102651488208	0.0477461770148609
gene_6790	onu_vs_self	4765.35990934833	0.155775381730401	0.0694299407079228	2.24363408843622	0.0248559541006038	0.0478128015957682
gene_125	onu_vs_self	412.860531544014	-0.382188077997536	0.17036498346908	-2.24334878104162	0.0248743320019446	0.0478159177939918
gene_2047	onu_vs_self	466.193004771298	0.376958160111653	0.168032268823062	2.24336767426851	0.0248731146425638	0.0478159177939918
gene_3106	onu_vs_self	1298.09456977847	-0.221797902776916	0.0988629010839226	-2.24348972511576	0.0248652517053871	0.0478159177939918
gene_8347	onu_vs_self	787.501355298693	0.362630537857895	0.161658576777564	2.24318774225546	0.0248847104115482	0.0478251282269539
gene_6001	onu_vs_self	412.174188407423	-0.38644700586678	0.172330038042716	-2.24248198547365	0.0249302383101517	0.0479018720392588
gene_1434	onu_vs_self	899.52156014131	0.216481170723355	0.0965659675674025	2.24179569859591	0.0249745793724688	0.0479763014875075
gene_5709	onu_vs_self	1211.62406261407	-0.258128871703139	0.115168111080273	-2.24132243970921	0.0250051964432663	0.048024339590388
gene_5241	onu_vs_self	6.00589121976159	-1.95770471699344	0.873880201069968	-2.24024381671132	0.0250750984832484	0.0481477889225227
gene_7662	onu_vs_self	1.68464456946713	4.10893268091376	1.83453535929476	2.23976750303322	0.0251060206294267	0.0481963526772579
gene_1654	onu_vs_self	2200.77952298015	-0.245609016342939	0.109673667351267	-2.23945293592029	0.0251264603305963	0.0482247758811446
gene_7547	onu_vs_self	61.1882629062804	0.565417342269273	0.252573811478175	2.23862220299166	0.0251805083284932	0.0483176756987003
gene_7113	onu_vs_self	208.098782850886	-0.308103162754222	0.137672356056178	-2.23794501365618	0.0252246411108549	0.0483915123058982
gene_1113	onu_vs_self	882.175379939422	-0.343773405121818	0.153670256445609	-2.23708486647509	0.0252807938651687	0.0484775079493377
gene_1184	onu_vs_self	2620.83892329814	0.311841511383425	0.139391924016416	2.23715623113645	0.0252761308732664	0.0484775079493377
gene_2409	onu_vs_self	13933.4558903621	0.219909322432866	0.0983860939803721	2.23516671448241	0.025406405826483	0.0487074655934365
gene_2519	onu_vs_self	1882.80591327894	-0.216270762208225	0.0967648416442477	-2.23501385971711	0.0254164388557766	0.0487157896563922
gene_7256	onu_vs_self	53.6124999484351	0.748010532921687	0.334821728485593	2.23405612385121	0.0254793804682847	0.0488254973826992
gene_5667	onu_vs_self	1.8044446612348	-3.69790857301146	1.65654065986343	-2.23230776195757	0.0255946292288935	0.0490353684421058
gene_7321	onu_vs_self	296.103208591643	-0.307483547014504	0.137789956671623	-2.23153816462321	0.0256455024218707	0.0491218395012783
gene_3178	onu_vs_self	864.419859613936	-0.279583986376837	0.125374038235554	-2.22999905172992	0.0257475058308739	0.0492951576632253
gene_3275	onu_vs_self	894.822820905121	0.202307290598744	0.0907193077245411	2.23003565253195	0.0257450760766601	0.0492951576632253
gene_671	onu_vs_self	14.5392128341886	1.2657244655476	0.567815686595537	2.22911148005883	0.0258064882671949	0.049385991407822
gene_3142	onu_vs_self	31.1680761636769	-0.791275600878651	0.35496547955821	-2.22916211983056	0.0258031199257124	0.049385991407822
gene_2546	onu_vs_self	3059.81578795777	0.357815330627059	0.160535259853023	2.22888934776481	0.025821268052011	0.0494032307834631
gene_3616	onu_vs_self	3714.75998122902	0.326352253481925	0.146470694169903	2.22810614322182	0.0258734377349542	0.0494919836896554
gene_8222	onu_vs_self	4130.54627212765	-0.127559605195802	0.0572607930734283	-2.22769539765587	0.0259008341376308	0.0495333199772385
gene_6758	onu_vs_self	17447.4440047407	0.389654367004792	0.175165582791171	2.2244915970127	0.0261153872450217	0.0499324804148728
