gene_id	contrast	baseMean	log2FoldChange	lfcSE	stat	pvalue	padj
gene_594	onu_vs_self	1348.64559506588	-5.50419314673942	0.121144575136742	-45.4349122981906	0	0
gene_972	onu_vs_self	20570.5811283141	-4.62906031410344	0.0991388869111689	-46.6926799193459	0	0
gene_6950	onu_vs_self	26829.7452189817	-4.587958559085	0.0447637032186557	-102.492828546252	0	0
gene_8173	onu_vs_self	12982.7696859859	-4.48050274189834	0.109871178900576	-40.7796001347432	0	0
gene_5989	onu_vs_self	3841.81062586484	-4.46512090708115	0.0675024973012873	-66.1474921016885	0	0
gene_6516	onu_vs_self	2584.74806427892	-4.33243936730372	0.0933221407521516	-46.4245604782039	0	0
gene_3809	onu_vs_self	11257.1832101299	4.29456354574599	0.0820004420658637	52.3724438253217	0	0
gene_8180	onu_vs_self	96598.2317177156	-4.26212946526387	0.110473991476779	-38.5803880921579	0	0
gene_5987	onu_vs_self	2252.24473847186	-3.79833954274171	0.100268989943794	-37.881498007219	0	0
gene_848	onu_vs_self	6072.91935089025	-3.62519223029528	0.0720479023157567	-50.3164160756206	0	0
gene_7351	onu_vs_self	90126.4367417258	-3.26331348847154	0.065074780321055	-50.1471303071874	0	0
gene_5107	onu_vs_self	1726.66403373498	-3.17084506331942	0.0832712620873371	-38.0785037218933	0	0
gene_6651	onu_vs_self	13253.6139234038	-2.99408526820667	0.0640841940804107	-46.7211191647319	0	0
gene_6634	onu_vs_self	11218.2748854183	-2.19761103555511	0.0438265650924855	-50.1433555405854	0	0
gene_6065	onu_vs_self	6105.48892061455	-2.14737383868552	0.0493728132180246	-43.4930419946492	0	0
gene_8012	onu_vs_self	8691.12856017304	-3.80413572697621	0.102151080691603	-37.2402886119336	1.52170726183027e-303	8.14113385079197e-301
gene_1502	onu_vs_self	11217.3948536144	-2.22907908618057	0.0642731558968431	-34.681338656502	1.50596091199974e-263	7.58295612159871e-261
gene_1450	onu_vs_self	641.009338270882	-4.10826284816537	0.119349992628511	-34.421978231308	1.18283913217462e-259	5.62505720634151e-257
gene_5485	onu_vs_self	18048.6745173714	-3.18727311910955	0.0945323807368743	-33.7162049052922	3.34612803190052e-249	1.50751873437202e-246
gene_8295	onu_vs_self	2504.81712750306	-2.37668039559435	0.0707305585597564	-33.6018892539414	1.57425144735044e-247	6.7377961946599e-245
gene_6610	onu_vs_self	3143.83033228001	-2.400887155948	0.0716636579359644	-33.5021575104822	4.48331971034178e-246	1.82748651050122e-243
gene_93	onu_vs_self	1865.05572702828	-3.30969707626708	0.100830972325585	-32.8242106560273	2.65858927317637e-236	1.03443291719953e-233
gene_4917	onu_vs_self	10230.4665451832	-3.27130399092532	0.100066462162646	-32.691312555931	2.07532797892484e-234	7.7238293476507e-232
gene_861	onu_vs_self	11143.8909271428	-3.22633800763496	0.100962217188747	-31.9558949622053	4.47418636111249e-224	1.59579313546345e-221
gene_4768	onu_vs_self	2385.86425596015	-2.94392436866326	0.0921362900435449	-31.9518440266253	5.09313783258779e-224	1.74389039387806e-221
gene_4151	onu_vs_self	10644.6232314092	-2.85016935963338	0.0896665786201901	-31.7863065982046	1.00084809395059e-221	3.29509987854501e-219
gene_2413	onu_vs_self	31896.9752063215	-2.58641033016602	0.0814149666187835	-31.768241609391	1.77796811350129e-221	5.63681742650778e-219
gene_1225	onu_vs_self	1568.1394664427	-2.15604483898262	0.069204900715933	-31.1545109765072	4.40645127777815e-213	1.34711510492075e-210
gene_7765	onu_vs_self	40782.5214825025	-2.8975177647485	0.093238298544253	-31.0764761904494	5.0082082346235e-212	1.47828491339232e-209
gene_4555	onu_vs_self	8694.63141393915	-4.5087722853261	0.145299617206529	-31.0308614159481	2.06775833596741e-211	5.90000378529368e-209
gene_826	onu_vs_self	5025.47794956075	-5.05503964072489	0.162983717513915	-31.0156113618731	3.32032170075874e-211	9.16837218015963e-209
gene_5809	onu_vs_self	1205.24203718541	-2.50433109926183	0.0812668293881059	-30.816153627723	1.59226333884085e-208	4.25930443139927e-206
gene_7713	onu_vs_self	3199.41186682678	-1.99114944760291	0.0649609160672966	-30.6514989034356	2.5238920220164e-206	6.54682294195769e-204
gene_3064	onu_vs_self	5260.92854873376	1.95450224925416	0.0639382478342363	30.5685925945503	3.20171209495134e-205	8.06078103905397e-203
gene_3208	onu_vs_self	2086.87475002065	-2.68634081658733	0.0882025544772784	-30.4564967818404	9.82661984403613e-204	2.40331045328427e-201
gene_7725	onu_vs_self	938.303152049709	4.61297288752665	0.152058405068898	30.3368490905617	3.74620867183418e-202	8.90765173080573e-200
gene_650	onu_vs_self	2816.10536331725	-1.99603510166772	0.0660484814911242	-30.2207568835016	1.26431817106689e-200	2.92501717414394e-198
gene_649	onu_vs_self	45894.6759012884	-4.55907606785332	0.152408188995032	-29.9135899318502	1.3100014503876e-196	2.95095063560996e-194
gene_5945	onu_vs_self	37585.9012396001	-2.04623677627769	0.0685938975117509	-29.831178144195	1.54038497592399e-195	3.38094753689983e-193
gene_3211	onu_vs_self	1502.30296100747	5.47675535572054	0.184631760776837	29.6631269326422	2.29686200754734e-193	4.9152846961513e-191
gene_7125	onu_vs_self	3378.74745779112	-1.85959952561168	0.062817199554739	-29.6033497002874	1.35305418202369e-192	2.82491312149335e-190
gene_8356	onu_vs_self	16364.2098208027	-1.83378514502375	0.0620439433326407	-29.5562313825242	5.46139180604957e-192	1.1130836633282e-189
gene_4150	onu_vs_self	143538.67373119	-3.1216993735187	0.106050533361094	-29.435961089319	1.90428347236581e-190	3.7908526798724e-188
gene_7380	onu_vs_self	1537.60764451627	-2.0908477362865	0.0712065347953996	-29.3631440189332	1.62381953900253e-189	3.15906710315037e-187
gene_1417	onu_vs_self	50193.3832035598	-4.95815684610099	0.169945441691967	-29.1749916722559	4.02718732381781e-187	7.66060522041789e-185
gene_3360	onu_vs_self	6871.99512066851	-3.06420527064679	0.106868486354848	-28.6726740048733	8.36315671392412e-181	1.55627437980849e-178
gene_7448	onu_vs_self	4549.9027028134	-2.30704205070856	0.0806182066688634	-28.6168862597584	4.14217663237034e-180	7.54404935597662e-178
gene_6053	onu_vs_self	2292.77590094024	-2.7076981308175	0.0949735639976591	-28.5100191763282	8.80096591727868e-179	1.56950558858137e-176
gene_4099	onu_vs_self	739.936206059539	-3.09894718693333	0.10905528250523	-28.4162959899233	1.27205516152368e-177	2.22220248625361e-175
gene_5656	onu_vs_self	16738.0260201908	-3.130121461968	0.110645917978679	-28.2895340302672	4.64866285425941e-176	7.9585108064921e-174
gene_5886	onu_vs_self	7585.38959133845	-3.35704002077258	0.121631074840887	-27.6001837948413	1.10706850967176e-167	1.85813851819417e-165
gene_7824	onu_vs_self	1611.20578382321	-2.56024617250812	0.0939679646149834	-27.2459468819854	1.85618016943103e-163	3.05555812506339e-161
gene_3680	onu_vs_self	1077.78914789656	-3.69479231847346	0.136592424581589	-27.0497601151117	3.84436053521953e-161	6.20900493990173e-159
gene_5082	onu_vs_self	1593.86991189273	-2.1412958893064	0.0793813315624752	-26.9748043672099	2.91980060293178e-160	4.62842465946222e-158
gene_928	onu_vs_self	875.034415699132	-2.5256247952948	0.0950962596027538	-26.5586134075631	2.04246651226041e-155	3.17882060817257e-153
gene_7398	onu_vs_self	2102.57215498242	1.89390501119344	0.0725580093315653	26.1019428267242	3.4652707631581e-150	5.29691388082738e-148
gene_4303	onu_vs_self	21228.7009283425	1.48888713175287	0.0572366707979261	26.0128185479093	3.54650017443166e-149	5.32597219177808e-147
gene_4044	onu_vs_self	45498.0397766748	-2.30286763761718	0.09041040678257	-25.4712672973078	4.10440829052265e-143	6.05754051152998e-141
gene_1855	onu_vs_self	1690.73767458368	-1.97796348909975	0.0783279789479432	-25.2523238268959	1.06791918589285e-140	1.54938783580386e-138
gene_7339	onu_vs_self	7023.28497478721	2.4676686862867	0.0982826484683078	25.1078773796213	4.07969260321556e-139	5.8203614472542e-137
gene_7412	onu_vs_self	1616.83924928524	-2.02424706889247	0.0806714842687909	-25.0924733471847	6.00911406765404e-139	8.43246170805222e-137
gene_6429	onu_vs_self	836.43220379418	-4.40302524233078	0.178807147053055	-24.62443652224	6.91568729788117e-134	9.54811020481658e-132
gene_5750	onu_vs_self	7684.23841589279	-2.2103414004226	0.0898810463119931	-24.5918521325409	1.54398759457963e-133	2.09786250946058e-131
gene_7147	onu_vs_self	5095.16878387325	-3.1277997117807	0.127364728971687	-24.5578170427073	3.56853635819889e-133	4.77291737909101e-131
gene_8276	onu_vs_self	2710.19999479022	-2.67796088863286	0.109081701259229	-24.5500469622195	4.32000674827547e-133	5.68911657926739e-131
gene_6226	onu_vs_self	24832.0864548689	-2.03114760727346	0.0827621870669767	-24.5419759826999	5.26823318821193e-133	6.83273880168092e-131
gene_7328	onu_vs_self	15314.7122548756	1.10776452432052	0.0451807826346965	24.518489050471	9.3819653741657e-133	1.19865109855013e-130
gene_6970	onu_vs_self	1367.77174959765	2.52843696685651	0.103644699295964	24.3952366501291	1.92131340348661e-131	2.41859451968315e-129
gene_4130	onu_vs_self	4584.75269694372	-2.19763770224305	0.0901695578281778	-24.3722799043858	3.36597979102171e-131	4.17576623349939e-129
gene_8191	onu_vs_self	10862.4047510307	-2.89193662609882	0.1187928877847	-24.3443583200045	6.65244467949901e-131	8.13498949378737e-129
gene_5946	onu_vs_self	7872.10627219754	-2.03831032909818	0.0840555980104576	-24.2495488384317	6.68502464586713e-130	8.0596916857215e-128
gene_7818	onu_vs_self	7432.49894809509	-1.49654445439806	0.0619572756153636	-24.1544586900293	6.70311709271315e-129	7.96926143244785e-127
gene_150	onu_vs_self	3886.25146828636	-2.77283492185915	0.114895866405383	-24.1334610949001	1.11384654672505e-128	1.30609951232417e-126
gene_1768	onu_vs_self	1685.35373620958	1.76046612706271	0.0733676143008538	23.9951393246028	3.12545300815954e-127	3.61538888511427e-125
gene_4913	onu_vs_self	6577.71996839485	-2.88848164760188	0.12120108607474	-23.8321432682596	1.551202901388e-125	1.77043957811751e-123
gene_6464	onu_vs_self	16351.3410330603	-3.60209885104814	0.151562361445425	-23.7664471356577	7.42834517418073e-125	8.3666624593404e-123
gene_7005	onu_vs_self	3275.85698448065	-1.72685214102739	0.0728652355548437	-23.6992597070195	3.66962119519381e-124	4.07947499102066e-122
gene_6273	onu_vs_self	1056.81536960057	-3.30329304626042	0.140084486905293	-23.5807198872327	6.07863447494953e-123	6.67091168020102e-121
gene_3728	onu_vs_self	5520.17404551941	-1.24512877144983	0.0529542924643275	-23.5132736838776	2.98382072959801e-122	3.23310195510873e-120
gene_7379	onu_vs_self	5287.27763492343	-2.10359416279572	0.0897400101528829	-23.4409842300217	1.63368208295244e-121	1.74387022525491e-119
gene_6031	onu_vs_self	36821.9677758384	-1.87199959369009	0.0798615663934829	-23.4405569315611	1.65015757296318e-121	1.74387022525491e-119
gene_1427	onu_vs_self	2079.07738234407	-2.19051726152906	0.0936712412016231	-23.3851631880704	6.05058007032484e-121	6.31621529292447e-119
gene_4914	onu_vs_self	10623.8069253593	-1.46330696978263	0.0629079190896025	-23.261093213056	1.09854231884379e-119	1.13295448786781e-117
gene_2096	onu_vs_self	778.057228052276	-3.241540904296	0.139754170920303	-23.1945914955522	5.16305289158806e-119	5.26139675618974e-117
gene_8011	onu_vs_self	2482.7184287363	-2.04283866554331	0.0888581374715808	-22.9898884184543	5.88403140712371e-117	5.92556574646811e-115
gene_136	onu_vs_self	12624.5435872089	-2.20277411859126	0.0965801789960641	-22.8077245402602	3.84330433906017e-115	3.82542850492501e-113
gene_1514	onu_vs_self	1870.32807449344	1.78713223829056	0.0788230929578395	22.6726987133892	8.33262317669533e-114	8.19853498764506e-112
gene_1575	onu_vs_self	935.456501955207	3.15249843018125	0.13926821110871	22.6361666103435	1.90944695273363e-113	1.85737112674998e-111
gene_5351	onu_vs_self	6689.24783769766	-1.92064675464943	0.0853206040939151	-22.5109371299729	3.24342151144498e-112	3.11951552112012e-110
gene_7350	onu_vs_self	6424.26089341993	-1.99829416078181	0.088789922665413	-22.5058666658826	3.63635289490357e-112	3.45857564226384e-110
gene_7420	onu_vs_self	1206.00690704895	-1.96941235135992	0.0879864609841651	-22.3831295102818	5.74664943241543e-111	5.40563946609627e-109
gene_1357	onu_vs_self	3032.1310716306	-2.13260646701507	0.0955026337976203	-22.3303419205618	1.87487477874187e-110	1.74444870717721e-108
gene_7808	onu_vs_self	1944.37841429284	-1.45830813013979	0.0660243792225296	-22.0874190308504	4.17582274228555e-108	3.84355297569509e-106
gene_7360	onu_vs_self	25001.3441492039	-2.36796525730497	0.108717291298359	-21.7809442180308	3.51748251393613e-105	3.20315428928652e-103
gene_2417	onu_vs_self	3658.57180896771	-1.39503239181939	0.0645660428414869	-21.606286066567	1.56762132152028e-103	1.41250931707512e-101
gene_6175	onu_vs_self	12021.2409866858	-1.97612129433057	0.0922420489652516	-21.4232155128622	8.11865404646497e-102	7.23913319143126e-100
gene_2674	onu_vs_self	2975.07566345039	-1.86430801009021	0.0873169113139331	-21.3510531011273	3.81250324799955e-101	3.36443585596661e-99
gene_2099	onu_vs_self	12859.4077407423	-1.11559872345498	0.0528704154825647	-21.1006233499881	7.84945315385898e-99	6.85625704051356e-97
gene_1905	onu_vs_self	1818.09544801364	-2.06730964520589	0.0979839929915036	-21.0984425321914	8.21992433268241e-99	7.1073285139153e-97
gene_6922	onu_vs_self	5601.03159765576	-1.2165651442996	0.0577294627162657	-21.0735573666933	1.39080043531533e-98	1.19052517262992e-96
gene_7395	onu_vs_self	2002.77247341228	-2.3422436333509	0.111741715801844	-20.9612284592487	1.48212338171851e-97	1.25613625222876e-95
gene_6336	onu_vs_self	1408.0359311187	-2.37127162017009	0.11365532404452	-20.8637091144208	1.14442585699863e-96	9.60420130971397e-95
gene_2207	onu_vs_self	8561.56644539103	-1.52227591988956	0.0730648966446138	-20.834572959076	2.10382687259056e-96	1.74842310964808e-94
gene_179	onu_vs_self	2326.44786922165	-1.9970683083753	0.0961500718806895	-20.7703256930833	8.03119103106072e-96	6.61028800248844e-94
gene_1861	onu_vs_self	1036.74623177306	2.75074028563751	0.132775400966344	20.7172432967066	2.42159093515412e-95	1.97417318142088e-93
gene_3456	onu_vs_self	1237.61197353785	-3.78640681015069	0.183317266509654	-20.6549381967316	8.81338603594536e-95	7.11722494978229e-93
gene_4061	onu_vs_self	3797.36620838758	-1.56833188894083	0.0763065330675767	-20.5530486826328	7.2278354710167e-94	5.78226837681336e-92
gene_3050	onu_vs_self	2287.5043481405	-1.38351931372458	0.068814748856203	-20.1049823870696	6.67441872692395e-90	5.29009484282121e-88
gene_7449	onu_vs_self	5936.90701764868	-2.00587576803014	0.0998341312022665	-20.0920841787684	8.65516105903748e-90	6.79708061150099e-88
gene_6022	onu_vs_self	964.993399145179	-2.1728091105196	0.108871597864973	-19.9575385420025	1.28907186730547e-88	1.0031322894668e-86
gene_7330	onu_vs_self	1855.44317371192	2.11186620382011	0.105994358255094	19.9243265262998	2.50392196254858e-88	1.91371178566213e-86
gene_7503	onu_vs_self	7328.5005827462	1.49063727773673	0.0748139089551302	19.9246009004923	2.49023685089466e-88	1.91371178566213e-86
gene_6054	onu_vs_self	2549.28408832403	1.29577857662855	0.0650784072468932	19.9110370312636	3.26486403818248e-88	2.4732067404285e-86
gene_3223	onu_vs_self	16310.8256317381	-1.66224904412961	0.0836784916184087	-19.8647108950029	8.22241707103912e-88	6.17402544983288e-86
gene_3599	onu_vs_self	20972.4868212726	1.24907846901149	0.0629348561929298	19.8471649030607	1.1659666491399e-87	8.67884740577181e-86
gene_6911	onu_vs_self	843.676599202199	-1.56150698724077	0.078856173039493	-19.8019625737953	2.86318775049236e-87	2.11283509863919e-85
gene_2707	onu_vs_self	1950.68174278917	-2.15029094317964	0.108952478865119	-19.7360442422026	1.05739444675532e-86	7.73615082412439e-85
gene_7335	onu_vs_self	893.594336730453	2.19697251284477	0.111688996419619	19.6704472532878	3.86357809651061e-86	2.80273122933312e-84
gene_1923	onu_vs_self	34711.2629784235	-2.77920436860445	0.142041152372718	-19.566191362006	3.00302752346399e-85	2.16016097486149e-83
gene_7591	onu_vs_self	6044.40726992169	-1.13822442208736	0.0585645975773156	-19.435366572522	3.87635413760612e-84	2.76513261815904e-82
gene_1970	onu_vs_self	582.67167028229	-2.02524638847708	0.104966911426716	-19.2941409911925	6.01564235883089e-83	4.22081135996659e-81
gene_5443	onu_vs_self	2337.22131810027	1.4333841927162	0.0748840117538582	19.1413915887372	1.14179453718431e-81	7.94614734820948e-80
gene_6420	onu_vs_self	5893.91899690473	-1.46748696240861	0.0769229022238719	-19.0773738377385	3.89336123281235e-81	2.68767517361885e-79
gene_763	onu_vs_self	7358.75938016016	-1.33586017252954	0.0701496372150979	-19.043008995662	7.508731140063e-81	5.14197908471514e-79
gene_6011	onu_vs_self	9108.66855888095	-2.43887070536937	0.128095083034959	-19.0395341303129	8.02381382727957e-81	5.4510989175804e-79
gene_393	onu_vs_self	7669.7638345728	-2.06036405983631	0.108259781589349	-19.0316665116847	9.32398164378801e-81	6.28451046226971e-79
gene_7289	onu_vs_self	1309.02644108875	2.0989720302392	0.110720112249881	18.9574593774083	3.83213520062333e-80	2.56274041541685e-78
gene_6571	onu_vs_self	952.854719962292	-1.44141161493634	0.0761131670858984	-18.937743233173	5.57354125946861e-80	3.6984118745001e-78
gene_1761	onu_vs_self	1181.74532463285	1.55384612755449	0.0821045885284525	18.9252044910501	7.07145438905381e-80	4.65628073617697e-78
gene_636	onu_vs_self	578.912871531249	2.48067258322893	0.131100651344378	18.92189365797	7.52998370908214e-80	4.92035576715596e-78
gene_4310	onu_vs_self	1480.79640472477	1.52130264824386	0.0809016854026964	18.8043381379686	6.95853307326995e-79	4.51250326569627e-77
gene_4331	onu_vs_self	2009.34092527869	1.3120387063462	0.0698040894073088	18.7960149252921	8.14078655652229e-79	5.23948367848352e-77
gene_7338	onu_vs_self	552.782231744367	2.27208790096202	0.121187221808831	18.7485765169712	1.9884241540977e-78	1.27021722082659e-76
gene_8388	onu_vs_self	5710.92119476854	-1.22026236156367	0.0651025735933891	-18.7436885242826	2.17979903071739e-78	1.38215405206969e-76
gene_1892	onu_vs_self	1220.03244393468	2.60070041678411	0.139124267696505	18.6933628463544	5.60651098748844e-78	3.52880397447802e-76
gene_3224	onu_vs_self	2912.48060823425	-1.23911269728898	0.0664080231248789	-18.6590812221416	1.06547417024823e-77	6.65726926812033e-76
gene_7288	onu_vs_self	4326.66385629582	1.47008798116828	0.0787996253470578	18.6560275470037	1.12812479726591e-77	6.99764366999726e-76
gene_7146	onu_vs_self	3112.95472923925	-1.64037615983272	0.0881402699724596	-18.6109727182056	2.6182081157085e-77	1.61236413456581e-75
gene_936	onu_vs_self	2488.80452258098	-1.06179580069021	0.0572899504862804	-18.5337182468761	1.10388709909693e-76	6.74948112019268e-75
gene_4414	onu_vs_self	1393.02683652497	-1.28974452132168	0.0696348101437095	-18.5215486142629	1.38398252948366e-76	8.40204996622706e-75
gene_2976	onu_vs_self	15050.4571605631	-1.45497862539142	0.0786656140922125	-18.4957384771176	2.23460019503301e-76	1.34705476545652e-74
gene_392	onu_vs_self	13709.950494424	-2.2769429469556	0.123257321449536	-18.4730847642818	3.40083628637928e-76	2.03574535744102e-74
gene_7635	onu_vs_self	1188.27739877259	-1.60685678351202	0.0870663026624037	-18.4555532321448	4.70522296855078e-76	2.79699365352741e-74
gene_4109	onu_vs_self	5641.17058557948	-1.46308941112222	0.0796820026711861	-18.3616044034406	2.66612563906977e-75	1.57393348071981e-73
gene_5169	onu_vs_self	5197.8786493525	-2.4744939036573	0.135124170505527	-18.3127407509679	6.54889733627793e-75	3.83962747935199e-73
gene_5274	onu_vs_self	2391.28876315795	1.47089626965795	0.081110171491608	18.1345476480732	1.70092869441644e-73	9.90472763551344e-72
gene_5792	onu_vs_self	12322.2362771506	-1.56414878048589	0.0874827407102804	-17.8795127791656	1.70318845520995e-71	9.85087376797109e-70
gene_8138	onu_vs_self	1634.33409039196	-1.88726858763924	0.105615079463927	-17.8693099244775	2.04508502836664e-71	1.17489448609519e-69
gene_6445	onu_vs_self	1828.00555822065	-2.30951794865554	0.129424383288607	-17.8445350866033	3.18744790523166e-71	1.8189702712522e-69
gene_6204	onu_vs_self	3540.19088811452	-1.58734608166732	0.0892293395000108	-17.7895083675603	8.52243497217357e-71	4.83126114978846e-69
gene_4807	onu_vs_self	263.314219037031	-2.64230886201248	0.149043548329035	-17.7284350220863	2.52978510800925e-70	1.4246684555631e-68
gene_5558	onu_vs_self	1249.02003555959	1.48064021414703	0.0838177671138447	17.664992341492	7.8023407071182e-70	4.36523114071449e-68
gene_7061	onu_vs_self	227.047160472158	-3.16943267894971	0.179741725268198	-17.6332605810949	1.3684286330887e-69	7.60633058392161e-68
gene_5283	onu_vs_self	4413.61212880733	-2.53953557448806	0.144209265594807	-17.6100721684801	2.06182008860865e-69	1.13865677151549e-67
gene_8046	onu_vs_self	5837.15455788318	-1.44151268696442	0.0819418367840919	-17.5919010793309	2.84181819965295e-69	1.5593566531429e-67
gene_5622	onu_vs_self	9869.79688917167	-2.12592424291821	0.121157435646577	-17.5467913427918	6.2936663813091e-69	3.43145122445897e-67
gene_6225	onu_vs_self	3633.99852623561	-1.62454671740313	0.0925979897643919	-17.5440819129731	6.60109376228735e-69	3.57628877247973e-67
gene_102	onu_vs_self	167.25874349621	4.76511547999667	0.271682112190296	17.539305188628	7.17998832209484e-69	3.86545283252402e-67
gene_6192	onu_vs_self	838.129507340789	-1.81143393061311	0.103473576023195	-17.5062465243016	1.28385432800928e-68	6.86862065484966e-67
gene_5346	onu_vs_self	1635.11443766081	-1.23674838957804	0.0706603714564825	-17.5027156535643	1.36598150826634e-68	7.26260975823594e-67
gene_1735	onu_vs_self	738.714069199106	2.08628595843856	0.119847309185704	17.4078664979107	7.19144118301655e-68	3.79992200781615e-66
gene_7815	onu_vs_self	25232.0664428359	-2.25538333551164	0.129590525653944	-17.4039214991254	7.70433378874883e-68	4.04595688537976e-66
gene_610	onu_vs_self	18191.563253449	-1.15778935829369	0.066572783883039	-17.3913315736923	9.59782753212238e-68	5.009597785059e-66
gene_2449	onu_vs_self	6677.54471866398	-1.25957947837124	0.0732710356836054	-17.1906875154635	3.11812741816e-66	1.61764670905755e-64
gene_5066	onu_vs_self	497.094405599061	-1.87788039781709	0.109613186168413	-17.1318840685084	8.58296161752882e-66	4.42591273771366e-64
gene_1498	onu_vs_self	3155.20679482041	-1.61735337638173	0.094420271113224	-17.1293023978111	8.97240967059406e-66	4.59903154372965e-64
gene_5456	onu_vs_self	964.348487524442	-2.60688599110533	0.152409049349806	-17.1045354736257	1.37291996277505e-65	6.99535409604431e-64
gene_5547	onu_vs_self	3040.86072475391	-1.43470805173347	0.0848769171042253	-16.9033949474355	4.24732755016761e-64	2.13865434290793e-62
gene_690	onu_vs_self	3684.3833293992	-1.27180518709746	0.0757058822734229	-16.7992915333072	2.46976314048957e-63	1.2363258761749e-61
gene_5065	onu_vs_self	1701.16694549723	1.09890555752862	0.0654628025092612	16.7867172715857	3.05269694784936e-63	1.51924917869713e-61
gene_8422	onu_vs_self	4347.86172211463	-1.32127636049697	0.0788524008554691	-16.7563237918244	5.09148665273605e-63	2.51925582355032e-61
gene_4724	onu_vs_self	454.526733539346	2.07908374790066	0.125179241716335	16.6088539872451	6.01309912674189e-62	2.95816830602934e-60
gene_1574	onu_vs_self	552.291339581293	3.73952855471709	0.225308961274993	16.5973360915412	7.28532295372189e-62	3.56356368479197e-60
gene_786	onu_vs_self	2476.46047719493	-1.66549978277153	0.100709487970094	-16.5376650834141	1.9649210284046e-61	9.55666136542239e-60
gene_929	onu_vs_self	4161.45575521959	-1.693786444465	0.102445286732086	-16.5335712212371	2.10305783361397e-61	1.01707203704721e-59
gene_1740	onu_vs_self	718.984756038941	-3.72559562670055	0.225831541477565	-16.4972333019773	3.84092088109249e-61	1.84709453607594e-59
gene_7946	onu_vs_self	2433.52163946409	-1.07660176492602	0.0655798422742734	-16.416656819993	1.45358147894881e-60	6.91258747766766e-59
gene_6102	onu_vs_self	444.205200007386	4.53254635687033	0.277011965485279	16.3622764414889	3.555834050612e-60	1.68165411454358e-58
gene_3334	onu_vs_self	3061.93802918286	1.40469316659584	0.0859171252671872	16.3493967265256	4.39307681745943e-60	2.06619437128861e-58
gene_6813	onu_vs_self	2526.78005434358	-1.32768079707648	0.081403113400495	-16.3099510769867	8.3859881884316e-60	3.922626169015e-58
gene_3686	onu_vs_self	283.735343426375	2.3547466751281	0.144983055776128	16.2415301741476	2.56446716185814e-59	1.19303472312531e-57
gene_608	onu_vs_self	6216.72233719787	-1.0648750423478	0.0656949557012622	-16.2093882396414	4.3285584125209e-59	2.00283567627994e-57
gene_6043	onu_vs_self	297.800291193595	3.98367788177489	0.246055984879007	16.1901279651206	5.92053238953447e-59	2.7247181319578e-57
gene_7067	onu_vs_self	4060.8339310558	-1.23108493462153	0.0762239700091315	-16.1508897329022	1.11935405355377e-58	5.09663335022355e-57
gene_2995	onu_vs_self	3664.61142691388	-1.38367757825605	0.0860253225940958	-16.0845380933336	3.27485672804829e-58	1.48321553397319e-56
gene_6717	onu_vs_self	69480.1194759729	-2.09877106841477	0.130741047084849	-16.0528855719864	5.45670003837517e-58	2.45838696465745e-56
gene_4000	onu_vs_self	122.121798990973	-4.11861561345665	0.256919896906275	-16.0307382302864	7.79511910645362e-58	3.49351934823262e-56
gene_5595	onu_vs_self	4295.52409149222	-1.04246114108407	0.0651982917082504	-15.9890867348009	1.52246568218511e-57	6.78765949974194e-56
gene_3262	onu_vs_self	2532.54010022028	1.05660086413424	0.0661431290811043	15.974461426502	1.92509948688432e-57	8.53826508172529e-56
gene_1815	onu_vs_self	411.101595882028	-2.30766139496943	0.14450921769466	-15.9689563875806	2.102746927405e-57	9.27809984463238e-56
gene_6624	onu_vs_self	1345.55660082781	-2.81353129153561	0.176820614151603	-15.9117832784097	5.24966389410291e-57	2.30446784274466e-55
gene_3806	onu_vs_self	49117.3255926203	-1.6445567616656	0.103372180020101	-15.9090846429457	5.48089722947805e-57	2.39369797369041e-55
gene_243	onu_vs_self	13390.084984025	-1.49200557714904	0.0938987150703948	-15.8895207035634	7.48980491855032e-57	3.25445330471019e-55
gene_7140	onu_vs_self	2180.39722048333	-1.16803213089567	0.0747744901048718	-15.6207301348026	5.25998317134569e-55	2.27401292660198e-53
gene_4101	onu_vs_self	4298.20175135664	-1.77729263235037	0.113988472893465	-15.5918628194226	8.26867721139077e-55	3.556777735151e-53
gene_1261	onu_vs_self	383.446922250658	2.78642838247449	0.178990717455966	15.5674463015658	1.21148262231773e-54	5.18514562351987e-53
gene_107	onu_vs_self	43463.7313789275	1.18241962784503	0.0760523682008699	15.5474399524551	1.65593881696698e-54	7.05215734986931e-53
gene_6272	onu_vs_self	36940.9034200867	-1.09741392834849	0.0707577861895279	-15.5094440830726	2.99460319901902e-54	1.26274893515285e-52
gene_1572	onu_vs_self	683.292807035003	1.468332214584	0.0947245733382855	15.5010697101819	3.4116438225619e-54	1.43155250593774e-52
gene_3828	onu_vs_self	4231.51700069089	-1.10165324501983	0.0711506896952266	-15.4833811132226	4.492289202097e-54	1.8758046619488e-52
gene_579	onu_vs_self	1627.82151877759	1.0718770991454	0.0692893891374247	15.4695706296312	5.56771694413247e-54	2.31357558455213e-52
gene_2818	onu_vs_self	2345.99719602003	-2.71727922807713	0.175678566105314	-15.4673349647458	5.76445555378895e-54	2.38375553335427e-52
gene_791	onu_vs_self	1994.5333788535	-1.07673686940468	0.0698888805419463	-15.406411736105	1.48216512471034e-53	6.09967955169254e-52
gene_673	onu_vs_self	1499.48277674382	1.44153288721457	0.0937623164279102	15.3743309906694	2.43343966333895e-53	9.94452174534772e-52
gene_3724	onu_vs_self	301.912564723342	1.98209628641632	0.12893340175821	15.3730240526296	2.48303724537035e-53	1.00733643698437e-51
gene_5738	onu_vs_self	1994.17293452429	-1.00871716138188	0.065878570417443	-15.3117645842963	6.3808991962547e-53	2.57643854339341e-51
gene_8193	onu_vs_self	8778.06087494303	-1.57321557207475	0.10314781448031	-15.2520494981022	1.59545527320716e-52	6.41178269420344e-51
gene_3427	onu_vs_self	122616.98940495	-1.3753455902365	0.0902639146759226	-15.2369370991104	2.01078054974521e-52	8.04312219898083e-51
gene_8055	onu_vs_self	600.822153625229	1.67250553788393	0.110006609409944	15.20368227741	3.34289799833741e-52	1.33093985422178e-50
gene_7334	onu_vs_self	607.688039676299	1.69035852198284	0.111416465911312	15.1715323956548	5.45873324571664e-52	2.16327576774696e-50
gene_4088	onu_vs_self	5082.76249068927	-1.10389920258575	0.0729425170803351	-15.1338238214342	9.68976331658964e-52	3.82232138202799e-50
gene_5612	onu_vs_self	282.538013450813	3.90320557583383	0.258226804973493	15.1154159857049	1.28159204199791e-51	5.0323063667441e-50
gene_7304	onu_vs_self	983.13527977234	-1.66698361603712	0.110483668355899	-15.0880545590439	1.94080797059529e-51	7.5859891453405e-50
gene_4863	onu_vs_self	9546.49386627513	-1.24567035928292	0.0826391262727046	-15.0736148295212	2.41528378170079e-51	9.39764962334489e-50
gene_2928	onu_vs_self	1842.42641539714	-1.46254164144182	0.0970457834011767	-15.0706356338619	2.52670367432995e-51	9.78668934491599e-50
gene_943	onu_vs_self	80.3935985492732	-4.66081576472967	0.310414923510416	-15.0147928199505	5.87451337882026e-51	2.25497015796867e-49
gene_4133	onu_vs_self	135.981000702337	-2.59154422416374	0.173079067077147	-14.9731811473689	1.09934448616148e-50	4.20106642925995e-49
gene_3435	onu_vs_self	121.043572722831	-3.12769487606471	0.209092734655874	-14.9584101102905	1.37266316136699e-50	5.22222073835618e-49
gene_95	onu_vs_self	390.893514022478	-2.96274939032646	0.198549147575234	-14.9219950148807	2.37077686614114e-50	8.97957963458769e-49
gene_4243	onu_vs_self	4292.92810494595	-1.00299496896544	0.0673571193838609	-14.8907046224688	3.78756706742918e-50	1.42826317608783e-48
gene_6129	onu_vs_self	1276.38981436769	-1.1347889107869	0.0768130426596479	-14.7733883660234	2.17497748807146e-49	8.13004685497454e-48
gene_8244	onu_vs_self	275.656132698372	2.62790528776226	0.178639855883326	14.7106326008156	5.50899989436449e-49	2.05030604764174e-47
gene_7329	onu_vs_self	870.517775471068	2.00026598595015	0.136835505763692	14.6180333443903	2.15536813576608e-48	7.91843400950972e-47
gene_242	onu_vs_self	1891.81200320204	-2.56928470727142	0.176585738861071	-14.5497859784294	5.85860544018598e-48	2.14314797299111e-46
gene_1027	onu_vs_self	481.700039158648	1.71269027387358	0.11797892739109	14.5169168066444	9.46737362541907e-48	3.44854120142925e-46
gene_5385	onu_vs_self	762.657145650802	-2.2860691347708	0.157709273732366	-14.495464221402	1.29424414463761e-47	4.69437706699064e-46
gene_1864	onu_vs_self	238.932105171567	-2.03976157674012	0.14084669224104	-14.4821404342911	1.57126904685694e-47	5.67513208485037e-46
gene_4904	onu_vs_self	2937.72706931775	-1.23935965380592	0.0860263482211851	-14.4067449035423	4.69313522336957e-47	1.68088859883027e-45
gene_7391	onu_vs_self	435.661625386206	-1.68846505014496	0.117210765685047	-14.4053751400444	4.78711499692884e-47	1.70740434890462e-45
gene_2713	onu_vs_self	1485.33331908405	1.22959904897134	0.0857371856508272	14.3414906803566	1.20440352139289e-46	4.27788138718802e-45
gene_6077	onu_vs_self	1540.04322803393	-1.01614326143292	0.0710235011030547	-14.3071412370745	1.97465140439293e-46	6.98471736429897e-45
gene_5200	onu_vs_self	2256.29366170774	1.67747676979645	0.117625313541956	14.2611885085272	3.81894606088664e-46	1.3452748263864e-44
gene_2330	onu_vs_self	3857.0731066034	-1.23524129380481	0.0867398931132655	-14.2407518555715	5.11735079904672e-46	1.79526732950164e-44
gene_7447	onu_vs_self	752.102412661757	-1.16035341309223	0.0816502646845292	-14.2112633385264	7.80054508899686e-46	2.72541493721686e-44
gene_7905	onu_vs_self	1684.73658797616	1.07900883772835	0.0762250541587403	14.1555666917768	1.725412173614e-45	5.97956607535863e-44
gene_8170	onu_vs_self	6540.79210289352	1.01260007274766	0.071545579835179	14.1532163843022	1.78407052554962e-45	6.15792084625191e-44
gene_8028	onu_vs_self	1554.87262582413	1.53716530853608	0.108686752404833	14.1430788437813	2.06067691117598e-45	7.08409412034794e-44
gene_3026	onu_vs_self	967.523059548414	-1.72403607927082	0.122105514839699	-14.1192318916483	2.89125470951035e-45	9.89965612536342e-44
gene_7903	onu_vs_self	3212.28369736352	1.32827005273761	0.0942063027546048	14.0995879670343	3.81993481087892e-45	1.29756515798109e-43
gene_1395	onu_vs_self	2503.93672289659	1.67397420582343	0.11879152880617	14.0916967956092	4.27172966797223e-45	1.44529667817558e-43
gene_8490	onu_vs_self	4904.71461610618	1.30601356604358	0.0927229232910577	14.0851206981902	4.6885705656826e-45	1.5800851985135e-43
gene_2100	onu_vs_self	1624.23652011511	-1.74448665372692	0.12415773735343	-14.0505673743154	7.64193237225123e-45	2.56529180809688e-43
gene_3593	onu_vs_self	3368.18094653284	1.07768619311587	0.0768253937756355	14.0277340622971	1.05467853936873e-44	3.5265813660142e-43
gene_8179	onu_vs_self	154.84140544625	-2.58707315296834	0.184635435165755	-14.011791131241	1.32032512787834e-44	4.39765879168818e-43
gene_6816	onu_vs_self	2289.5056528511	-1.08768640461254	0.0776805966727988	-14.0020346289824	1.51471320186757e-44	5.02556008061487e-43
gene_6120	onu_vs_self	392.48011897163	2.04262716183549	0.146303430682508	13.9615807524581	2.67435676743122e-44	8.80480535738894e-43
gene_4711	onu_vs_self	2310.91986611958	-1.07717619457822	0.0772674866502408	-13.9408726914357	3.57541476971498e-44	1.1726264532092e-42
gene_3100	onu_vs_self	6922.93757464927	-1.01446445068159	0.072890808816122	-13.917590806829	4.95320377651987e-44	1.6182986384355e-42
gene_5526	onu_vs_self	275.067648785492	2.91421135943858	0.209669573628981	13.8990665598214	6.41728008494111e-44	2.08075445178394e-42
gene_1391	onu_vs_self	468.975014510957	2.36463393510683	0.170467882798119	13.8714337052406	9.4371442845435e-44	3.04837566323367e-42
gene_4159	onu_vs_self	670.986251649403	-1.25580869743432	0.0907676849194621	-13.8354161896781	1.55831913824901e-43	5.01474128699683e-42
gene_7450	onu_vs_self	1569.09620599638	-1.98705693615963	0.143673636485273	-13.8303517943135	1.67200806943977e-43	5.36044534621889e-42
gene_7464	onu_vs_self	878.60979637518	-2.11723675445467	0.15316432111284	-13.8233025751138	1.84411280876831e-43	5.89015135934952e-42
gene_4976	onu_vs_self	2024.95929415223	-1.01971029297408	0.0739401024243562	-13.7910316531856	2.88602946529401e-43	9.14978230478398e-42
gene_5185	onu_vs_self	841.07810922454	-1.72815246300896	0.12616821351323	-13.6972095814588	1.05501436393868e-42	3.3201922629835e-41
gene_648	onu_vs_self	134.216300760858	-2.68102436819974	0.195773114873919	-13.6945482525849	1.09438867236929e-42	3.43148975658648e-41
gene_5753	onu_vs_self	1181.26611733189	-1.28880016130595	0.0942110064806514	-13.6799319893757	1.33817800261169e-42	4.18058529283069e-41
gene_2168	onu_vs_self	2398.62111620636	-1.52714013677365	0.111742277656387	-13.6666279657345	1.60669854882698e-42	5.00121439198508e-41
gene_2412	onu_vs_self	1160.50817650022	-1.08839974486821	0.0796942554748998	-13.6571919567152	1.82901735557114e-42	5.67260455206123e-41
gene_8381	onu_vs_self	301.223169449913	-1.7512160781216	0.128418775683735	-13.6367604253947	2.42077797322083e-42	7.45390627725551e-41
gene_6650	onu_vs_self	1673.58731128929	-2.25123504034087	0.16540558504889	-13.6103931416551	3.47370164136934e-42	1.06196021607577e-40
gene_3735	onu_vs_self	1670.03046002603	1.28703582190398	0.0947576110632856	13.5824004790962	5.09295017179575e-42	1.55144674272497e-40
gene_5512	onu_vs_self	1777.48229976584	-1.45111461412277	0.106871371825479	-13.5781415484443	5.39787304800777e-42	1.63850330818959e-40
gene_1652	onu_vs_self	34618.7655188662	1.7376014087336	0.128187031557178	13.5552043574591	7.38063128134645e-42	2.21677907959037e-40
gene_3372	onu_vs_self	944.966138210389	1.67738296410069	0.123742459891854	13.5554357458761	7.35739361323105e-42	2.21677907959037e-40
gene_7336	onu_vs_self	951.852215805537	1.70576981034193	0.126487503112677	13.4856785719172	1.8991015326297e-41	5.64455177753826e-40
gene_1329	onu_vs_self	994.367812662065	1.57242231696624	0.116850595928071	13.4566906097267	2.81232586050461e-41	8.32993403665032e-40
gene_5771	onu_vs_self	11086.7972116769	1.06771205290392	0.079455741929112	13.4378211943008	3.62967029712809e-41	1.06769682967067e-39
gene_3855	onu_vs_self	677.073762198314	-1.21040498046809	0.0902388014273793	-13.4133539156344	5.05022180015414e-41	1.48047597977121e-39
gene_7790	onu_vs_self	2839.06807373311	1.23962728669644	0.092445600070993	13.4092621579013	5.33671226246785e-41	1.55912139818173e-39
gene_5405	onu_vs_self	342.047641590788	2.4003029371593	0.179047318822821	13.4059697343726	5.5789257337068e-41	1.62434028165069e-39
gene_2040	onu_vs_self	700.874058698948	-1.38936781768339	0.103763386107212	-13.3897694534356	6.93958202059607e-41	2.01365498631533e-39
gene_7966	onu_vs_self	2863.74229364267	-1.33083370446724	0.0994453656097541	-13.3825613321161	7.64661660180316e-41	2.21131885511605e-39
gene_5106	onu_vs_self	4115.16819453424	-1.4798450532484	0.111107127048073	-13.3190830558342	1.79296037244589e-40	5.15024858662309e-39
gene_2794	onu_vs_self	1056.7922175942	-1.54796229546312	0.116281383531151	-13.3122108497138	1.96577466615836e-40	5.62776961281456e-39
gene_753	onu_vs_self	1332.23927863569	-1.40646678343239	0.105723807518916	-13.3032172832098	2.21718550719032e-40	6.32636931384971e-39
gene_751	onu_vs_self	2440.56040905251	-1.11034830267016	0.0834958634532187	-13.2982432512033	2.36970793617368e-40	6.7167880574989e-39
gene_4309	onu_vs_self	1101.32610187147	1.52212805780079	0.114465277071519	13.2977274571201	2.38610921681894e-40	6.74095541121126e-39
gene_3583	onu_vs_self	2646.28359892638	1.07576703917761	0.080911055780901	13.2956742288801	2.45252467938023e-40	6.90579317614959e-39
gene_7976	onu_vs_self	7621.68050997381	1.93640655491008	0.146096241866134	13.2543214676554	4.25952005072278e-40	1.19545874210449e-38
gene_1819	onu_vs_self	271.577089926578	-1.88429123610186	0.142311815927463	-13.2405817733525	5.11510581534556e-40	1.43089234573065e-38
gene_1428	onu_vs_self	981.20561668869	-1.50281543522691	0.113680893958785	-13.2195955089143	6.76266369593558e-40	1.87949354666262e-38
gene_544	onu_vs_self	6050.64618467338	-1.13811662088287	0.0861308677359987	-13.2138065109402	7.30355659868843e-40	2.01672401563784e-38
gene_8564	onu_vs_self	1116.8141953906	-1.00204920797346	0.0760503118676398	-13.1761354209494	1.20402287866413e-39	3.31396650847748e-38
gene_1922	onu_vs_self	3387.2154539301	-1.30193662873408	0.0988439300485687	-13.1716396555089	1.27791839038535e-39	3.50608378900596e-38
gene_2972	onu_vs_self	1845.27422181308	-1.97130288981896	0.14988615286926	-13.1520013829326	1.65728915839849e-39	4.53239463127509e-38
gene_4018	onu_vs_self	993.006039954768	1.17193586441692	0.0891930587551543	13.1393169017112	1.95987982456618e-39	5.34285710136512e-38
gene_7873	onu_vs_self	39672.7999550418	-1.8390495793681	0.140713377184592	-13.0694722574641	4.92057045584797e-39	1.33714549530345e-37
gene_1903	onu_vs_self	2151.12744115128	-1.34962967016139	0.103723322541539	-13.0118245066908	1.04809426336262e-38	2.83914142227343e-37
gene_8563	onu_vs_self	3365.94265863664	-1.57897925533228	0.121498399099273	-12.99588527123	1.29105108125675e-38	3.46438785440684e-37
gene_6491	onu_vs_self	4244.09762546354	1.38130434784614	0.10661672888359	12.9557937324669	2.17870813677503e-38	5.8280442658732e-37
gene_4719	onu_vs_self	157.466205759948	3.15297373810163	0.243572023610533	12.9447285914214	2.51651021179472e-38	6.68985323383938e-37
gene_3792	onu_vs_self	6080.24301225478	-1.32734140452316	0.102541568779572	-12.9444226406997	2.52655538921407e-38	6.69576288906268e-37
gene_5944	onu_vs_self	3854.81724862876	-1.00014901880563	0.0775183328478655	-12.9020966016966	4.38015603831471e-38	1.15722641012265e-36
gene_4305	onu_vs_self	191.82276160898	2.18925612010005	0.169846014447365	12.8896525904557	5.14751692271757e-38	1.35161794044363e-36
gene_6657	onu_vs_self	350.239637668616	2.10531552863749	0.164155274798896	12.8251469909613	1.18561509643345e-37	3.10362850931815e-36
gene_2806	onu_vs_self	3889.91744794662	-1.43996631060964	0.112572510585342	-12.7914559524546	1.83012809632783e-37	4.76167067008092e-36
gene_2102	onu_vs_self	1044.50290185831	-1.03329360682549	0.0807984597815634	-12.7885309895631	1.90031981555348e-37	4.92931443064782e-36
gene_3688	onu_vs_self	109.347169118543	5.76212035849816	0.450740348997186	12.7836799419396	2.02267945825551e-37	5.22748789908218e-36
gene_1406	onu_vs_self	312.02570499325	3.44974366494431	0.269859184455983	12.7834954807959	2.02748362441038e-37	5.22748789908218e-36
gene_7889	onu_vs_self	3928.2962363662	-1.19046810200649	0.0933097578383389	-12.7582380405381	2.8047349233528e-37	7.2097690522222e-36
gene_3035	onu_vs_self	7803.00569814891	-1.01532549941533	0.0796931656358407	-12.7404337789124	3.52429830436755e-37	9.00537118966752e-36
gene_6094	onu_vs_self	465.545390044583	1.36347917968389	0.107049845346789	12.7368626761383	3.68934656135166e-37	9.37115921815139e-36
gene_548	onu_vs_self	2206.1444770497	1.04546038567703	0.082154069667746	12.7256067764526	4.26151354441723e-37	1.07924721716602e-35
gene_2432	onu_vs_self	3669.74063569789	-1.87056886635858	0.14728637876585	-12.7002162863433	5.89665170004049e-37	1.48894803989223e-35
gene_3152	onu_vs_self	1321.86405190842	1.01451528247437	0.0798844547748828	12.6997835227555	5.92934910986663e-37	1.49280083471936e-35
gene_7099	onu_vs_self	11018.7853708311	1.39398094633369	0.109932220807728	12.6803673762924	7.59749355104738e-37	1.90159487710426e-35
gene_1015	onu_vs_self	484.490706332999	-1.21154594946381	0.095809966493096	-12.6453018804794	1.18767490813232e-36	2.95537709698043e-35
gene_5168	onu_vs_self	122.155487478564	-2.3260035948407	0.184136683191519	-12.6319403310933	1.40763847030109e-36	3.49257545094996e-35
gene_6963	onu_vs_self	877.053478753135	-1.34805578771427	0.107379046167257	-12.5541791981882	3.77071055768971e-36	9.30181048237001e-35
gene_3515	onu_vs_self	17693.6583463051	1.1211666098199	0.0895635827851171	12.5181080854015	5.94349876567293e-36	1.45777505542006e-34
gene_3734	onu_vs_self	1378.94514306718	1.18086093179144	0.0943347916235173	12.5177668966946	5.96909828751948e-36	1.45987089546191e-34
gene_5982	onu_vs_self	1778.42693675915	-1.140011435056	0.0910878800169924	-12.5155117765759	6.14107826807673e-36	1.49765327563353e-34
gene_824	onu_vs_self	9184.74993211831	-1.26419160005425	0.101439601313146	-12.4625056061849	1.19554392169339e-35	2.90734544593619e-34
gene_7778	onu_vs_self	639.418772690778	1.64361572507482	0.131997391196871	12.4518803756008	1.36588706126833e-35	3.30282295041155e-34
gene_1966	onu_vs_self	3757.56802174918	1.05940239208324	0.0855694716206068	12.3806115898479	3.32797054090674e-35	8.02462755779203e-34
gene_1415	onu_vs_self	618.468840076234	-2.01964210803438	0.163591599023177	-12.3456346175102	5.14271197217411e-35	1.23309844486864e-33
gene_8217	onu_vs_self	10208.5744142631	-1.01684165986588	0.0826525751767016	-12.3026010707107	8.77036431354818e-35	2.0912066441218e-33
gene_1573	onu_vs_self	238.156746767853	2.85600215420421	0.233090134362219	12.2527800759084	1.6233399575776e-34	3.85994167690674e-33
gene_4985	onu_vs_self	2464.6324959327	-1.1342592471743	0.0926812069569846	-12.2382873984446	1.94084709384794e-34	4.60211942474747e-33
gene_3030	onu_vs_self	1802.43760007641	-1.24113355111894	0.101447301797252	-12.2342687201224	2.03933212682495e-34	4.82228812309987e-33
gene_6829	onu_vs_self	224.373981880288	1.72904493306488	0.141747009781086	12.1981051715674	3.18141138182705e-34	7.50217119240759e-33
gene_4988	onu_vs_self	414.813909586958	-1.88326674792634	0.155615187964222	-12.102075462964	1.02974325724283e-33	2.38878110623269e-32
gene_1541	onu_vs_self	1780.31145294813	-1.15220483450427	0.0952351222399932	-12.0985284357667	1.07521309305397e-33	2.48752002068703e-32
gene_966	onu_vs_self	12353.8914693317	1.66197025798661	0.137648667259596	12.0740018125438	1.44912012026506e-33	3.33453447028734e-32
gene_8174	onu_vs_self	2054.46709339477	-1.1592346480778	0.0960186446423947	-12.0730161563431	1.46658628056328e-33	3.36567789855809e-32
gene_8231	onu_vs_self	6704.18410635045	-1.19886468122332	0.099447737965578	-12.0552232333157	1.82038615984557e-33	4.16644532841661e-32
gene_4567	onu_vs_self	35813.0232953538	-1.06743315026963	0.089058127610221	-11.9858027438151	4.21738989952707e-33	9.5758242811543e-32
gene_268	onu_vs_self	2688.53226949339	-1.0488101910725	0.0881399624131439	-11.8993718894086	1.19241240625304e-32	2.68606584145421e-31
gene_1136	onu_vs_self	198.918018606059	-2.2220363694068	0.186756468635513	-11.8980423309646	1.21155993041461e-32	2.72203490927796e-31
gene_3195	onu_vs_self	800.46934213202	-1.4644543873214	0.123229889998078	-11.8839218905757	1.43474321906011e-32	3.20663236427012e-31
gene_6729	onu_vs_self	1202.10730665034	-1.10341873555137	0.092905454078142	-11.876791804099	1.5624979697903e-32	3.48306839099089e-31
gene_3376	onu_vs_self	1261.30435212788	-1.47792535417847	0.125145630138806	-11.8096441125369	3.48031280174853e-32	7.71799937382576e-31
gene_4274	onu_vs_self	1208.43350114201	-1.02460240368153	0.0868481863183009	-11.797625801031	4.01479387372854e-32	8.88026758633497e-31
gene_7652	onu_vs_self	272.699247438572	1.67348248908413	0.141919485223595	11.7917739516004	4.30379016352414e-32	9.4949597422079e-31
gene_5189	onu_vs_self	455.421864132064	-1.51928510275002	0.129055094566243	-11.7723760371985	5.41767758560229e-32	1.19216761266724e-30
gene_8491	onu_vs_self	4724.76770160977	1.3590116903054	0.115606456314614	11.7554999403057	6.6167951256773e-32	1.45230169937943e-30
gene_4759	onu_vs_self	1091.90742011574	-1.86406487430327	0.158632910578375	-11.7508079975769	6.99468016706698e-32	1.52740975076769e-30
gene_5167	onu_vs_self	6513.80491916521	-1.39196355198201	0.118468054683729	-11.7496953562552	7.08738941372e-32	1.54371637102909e-30
gene_6121	onu_vs_self	289.263902462869	1.4056662806931	0.119986229780603	11.715230016506	1.06501798110645e-31	2.30216008037151e-30
gene_612	onu_vs_self	2468.41350502855	-1.08714692542964	0.0930006443133521	-11.6896708991247	1.43943299115137e-31	3.10366408167651e-30
gene_1448	onu_vs_self	858.241201775235	1.11731565795104	0.0960751439764904	11.6296017024387	2.91454297172054e-31	6.25275384409219e-30
gene_5506	onu_vs_self	138.370736545625	2.4754558699616	0.212971153395535	11.6234327067015	3.1329027773893e-31	6.68769271183351e-30
gene_4962	onu_vs_self	6656.1437993279	-1.02554214223879	0.0883263758343522	-11.6108255608958	3.63092894756949e-31	7.73153029631711e-30
gene_3964	onu_vs_self	3341.50343230217	1.12297935847003	0.096791745619292	11.6020157636893	4.02484704483818e-31	8.52789373856802e-30
gene_4963	onu_vs_self	7277.87679822598	-1.2473310129423	0.107731133957878	-11.5781851273375	5.31595654466663e-31	1.12357007462584e-29
gene_1462	onu_vs_self	3533.154152391	1.37200798036166	0.118505242117435	11.5776142544145	5.35146884288146e-31	1.12828998263708e-29
gene_2815	onu_vs_self	443.272055524379	1.31394553192214	0.113520256081891	11.5745469334943	5.54634850050745e-31	1.16650474605267e-29
gene_2517	onu_vs_self	21923.7988386736	1.1127780045572	0.0965294904086257	11.5278553719347	9.54929291999819e-31	2.00347910282315e-29
gene_4123	onu_vs_self	798.279123794818	1.33035945951245	0.115565590367343	11.5117264168659	1.15149830685387e-30	2.40998178647167e-29
gene_6379	onu_vs_self	1164.99189856314	1.24647237896013	0.108280741952435	11.511487236647	1.15469679398509e-30	2.41078159914936e-29
gene_4329	onu_vs_self	12340.6258817773	1.12408520645993	0.0976861343602277	11.507111155763	1.21479835935285e-30	2.53009098687601e-29
gene_3565	onu_vs_self	2572.05021301098	-2.00253770346441	0.174204271039584	-11.4953421722328	1.39228212064674e-30	2.8927026584311e-29
gene_6046	onu_vs_self	909.802608103287	1.28215296167126	0.111860394080831	11.462081572364	2.04538952392333e-30	4.23935455805901e-29
gene_2172	onu_vs_self	4565.9960907847	-1.09641909892255	0.0957505095774775	-11.4507912674383	2.33008775957015e-30	4.8061569209447e-29
gene_3095	onu_vs_self	1623.36190940446	-1.56986342567601	0.13711870791359	-11.4489368340994	2.38047136635927e-30	4.89827761923926e-29
gene_1289	onu_vs_self	626.32724636912	1.10773539907927	0.0969953233378369	11.4205031846845	3.30315902615389e-30	6.76436393872662e-29
gene_1755	onu_vs_self	998.158703933761	-1.01659836311666	0.0894090687765044	-11.3701929460629	5.8857338925653e-30	1.19956862191331e-28
gene_6314	onu_vs_self	649.551211921566	1.27351609770055	0.112081531859959	11.362408030716	6.43461379652195e-30	1.30832052489852e-28
gene_3682	onu_vs_self	457.844172877632	-2.00474015650061	0.176503901505544	-11.3580501020123	6.76374531497152e-30	1.37198246199422e-28
gene_6988	onu_vs_self	295.917298060989	-1.38895454847672	0.12230756716599	-11.3562437767378	6.90501632208031e-30	1.3973271800711e-28
gene_7707	onu_vs_self	13235.9229286697	-1.25079453524506	0.110297317720939	-11.3402080947215	8.29469879390476e-30	1.67459013386379e-28
gene_8061	onu_vs_self	95.5824212961583	-2.17744550070154	0.192022383547918	-11.3395400081479	8.35826325625601e-30	1.68345255231886e-28
gene_18	onu_vs_self	2029.06043751688	-1.2281724644328	0.108368944922527	-11.3332511016954	8.98081495421745e-30	1.80459568094135e-28
gene_4703	onu_vs_self	245.50227832816	1.96685157107838	0.174442557917164	11.2750672459891	1.74245433332503e-29	3.49307004526048e-28
gene_1258	onu_vs_self	167.033887070052	3.11331027061313	0.276202759117181	11.2718290018685	1.80775135198617e-29	3.61550270397234e-28
gene_2070	onu_vs_self	2657.23568010826	-1.60994269812882	0.14303823371821	-11.2553312235417	2.18005530478216e-29	4.3398310253338e-28
gene_129	onu_vs_self	1453.37833864993	-1.33231196078989	0.118454489689174	-11.2474585326896	2.38361457760693e-29	4.73404658568801e-28
gene_3658	onu_vs_self	4319.58423274155	1.48614078099416	0.132431483300444	11.2219597935227	3.18140845111214e-29	6.30390193090738e-28
gene_7226	onu_vs_self	2203.44899453761	1.41238908952732	0.126523035756846	11.1630983328733	6.17995401042985e-29	1.21610129492597e-27
gene_2738	onu_vs_self	17756.516539123	1.15772325410695	0.104041936274225	11.1274673998331	9.22184471679276e-29	1.80638422827794e-27
gene_6223	onu_vs_self	2012.0579427356	1.19993596839358	0.107967284510991	11.1138848571432	1.07383831494121e-28	2.0986429168714e-27
gene_1501	onu_vs_self	456.23088957473	-1.41344675901268	0.127454236635896	-11.0898373904237	1.4054300612684e-28	2.74042854771242e-27
gene_6335	onu_vs_self	993.056450927657	-1.64517507036057	0.14836576918319	-11.088643151435	1.42431722944791e-28	2.77094442819866e-27
gene_6381	onu_vs_self	420.154658577109	-1.18472126912554	0.106894017235801	-11.0831391668266	1.51467039184452e-28	2.94004048847825e-27
gene_1145	onu_vs_self	10278.1109139446	-1.02124224523527	0.0926144000110848	-11.0268192107603	2.83722988869863e-28	5.45508196133714e-27
gene_5877	onu_vs_self	1223.72999221896	1.41438071499962	0.128274938137744	11.026165637132	2.85791730743706e-28	5.47287967598686e-27
gene_6623	onu_vs_self	1791.04679023335	-1.0563577276224	0.0959447950654056	-11.0100576785044	3.41784841893804e-28	6.5305318004709e-27
gene_1416	onu_vs_self	1306.08937539237	-1.2399873956678	0.112897388123969	-10.9833133987671	4.59745572720255e-28	8.72599135806072e-27
gene_619	onu_vs_self	724.035439192184	1.24536714466802	0.113469294753874	10.9753669252051	5.02016253996923e-28	9.50721047392402e-27
gene_6904	onu_vs_self	276.620885248298	-1.85586654238028	0.169595305220336	-10.9429122461212	7.18540380155616e-28	1.35478098108636e-26
gene_6240	onu_vs_self	3322.03114516275	-1.61524101571576	0.147913351792658	-10.9201839870411	9.23086255437698e-28	1.72901933184829e-26
gene_1919	onu_vs_self	37722.5070825853	-1.1423736178144	0.104793777122941	-10.9011589158982	1.13798514218405e-27	2.10847463573494e-26
gene_1295	onu_vs_self	1374.04400909558	1.05047408278938	0.0964680409737568	10.8893481425123	1.29564305585286e-27	2.38509775443021e-26
gene_7063	onu_vs_self	1862.13235413805	-1.17825731459665	0.10832124980514	-10.8774346373978	1.47660182140705e-27	2.71238446164042e-26
gene_1893	onu_vs_self	201.380498138483	2.86886781235042	0.264639518649335	10.840662902474	2.20864804207382e-27	4.03113587210062e-26
gene_2860	onu_vs_self	4553.98472865365	1.39761308391335	0.129150463381477	10.8215878388695	2.72023235950946e-27	4.93330275368664e-26
gene_790	onu_vs_self	6251.39377942826	-1.79503684330606	0.167220829685521	-10.7345289859035	7.00754010574966e-27	1.268172162901e-25
gene_4442	onu_vs_self	860.438747958414	1.26690523053827	0.118034831372599	10.7333167320674	7.10010819576637e-27	1.28221363197806e-25
gene_1701	onu_vs_self	1704.65280113508	-1.59240643655746	0.148905709057985	-10.6940589896212	1.08515535531811e-26	1.94736474665053e-25
gene_2241	onu_vs_self	1355.69665536061	1.03950939515795	0.0974977633697374	10.661879403488	1.53464449189404e-26	2.74249621098392e-25
gene_3730	onu_vs_self	700.301935885347	1.09790428750269	0.103105428079314	10.6483655415128	1.77453334962132e-26	3.15800529579179e-25
gene_1833	onu_vs_self	353.951437268764	2.46192777714647	0.23127144079865	10.6451871819741	1.83614864264206e-26	3.26087808734773e-25
gene_1888	onu_vs_self	3180.34273468206	-1.83013028878096	0.173016365820872	-10.5777871364825	3.77774960234762e-26	6.6675333187826e-25
gene_7528	onu_vs_self	361.438975541386	-1.32253404007179	0.125250988903486	-10.559070644072	4.61205261676679e-26	8.10660583152438e-25
gene_7327	onu_vs_self	1572.82599508802	1.88912938762153	0.179208515992786	10.5415157151214	5.55955433634353e-26	9.73206239654409e-25
gene_6570	onu_vs_self	5503.89268169592	1.57060833336072	0.150101643415916	10.4636318271928	1.26896438161889e-25	2.19885326045702e-24
gene_6128	onu_vs_self	2326.71285298445	-1.42874581710123	0.136656032208169	-10.4550512261676	1.38923686508992e-25	2.39755394459066e-24
gene_6148	onu_vs_self	517.589893783322	-1.36076132112236	0.130480495384321	-10.4288485195763	1.83093588262963e-25	3.14715083439953e-24
gene_6638	onu_vs_self	692.647182463707	1.47530626872446	0.141833612257116	10.401668865699	2.4362840297131e-25	4.17091825886883e-24
gene_4905	onu_vs_self	3552.24501363776	-1.25971322057377	0.12136682233024	-10.3793870218178	3.07744743489691e-25	5.24759961010311e-24
gene_5981	onu_vs_self	228.898045129634	-1.80587614313021	0.174154781707256	-10.3693744462658	3.41754596890386e-25	5.81594304052028e-24
gene_800	onu_vs_self	1499.1228088779	-1.10136101783606	0.106368514640887	-10.3542013494725	4.00515145380889e-25	6.8024000882151e-24
gene_6147	onu_vs_self	1203.51575163318	-1.41130054125915	0.136502611243002	-10.3390003195378	4.69408553212011e-25	7.94098263931781e-24
gene_2745	onu_vs_self	153.026631250275	2.20697931500753	0.21501328923075	10.2643856242719	1.01967954984475e-24	1.71482454747957e-23
gene_1233	onu_vs_self	8447.46219107487	1.00341034506857	0.0979100264191813	10.2482900042604	1.20455638128736e-24	2.01780873264575e-23
gene_1484	onu_vs_self	661.083251163527	1.04087435646235	0.101818387736688	10.2228524689877	1.56661766248238e-24	2.60899750794731e-23
gene_3692	onu_vs_self	2011.82751354921	1.18122381808553	0.115736735544893	10.2061269701817	1.861474328655e-24	3.08802718086953e-23
gene_1198	onu_vs_self	598.272991566334	1.0605819758015	0.104119463771817	10.1862028229978	2.28516194363652e-24	3.78355633221056e-23
gene_7026	onu_vs_self	2136.4698525129	-1.13956087432164	0.112136349493113	-10.1622790421907	2.92165790725487e-24	4.8094984011734e-23
gene_1296	onu_vs_self	1131.85667111508	-1.60090271408332	0.157542533545477	-10.1617174616606	2.93853821788796e-24	4.82800137142436e-23
gene_886	onu_vs_self	1510.71074047488	-1.07810691649641	0.107069783359145	-10.0691986354367	7.55914644873881e-24	1.23250083049913e-22
gene_7049	onu_vs_self	2418.8909996773	-1.79677637722831	0.178854124775667	-10.0460438331068	9.56297918123338e-24	1.55036177635147e-22
gene_2149	onu_vs_self	4240.25368573253	-1.13653390810194	0.113140439889225	-10.0453375399169	9.63173610404345e-24	1.5585569196713e-22
gene_5701	onu_vs_self	1051.43622261852	-1.72739969792973	0.173227253255678	-9.97187027713325	2.02381397178119e-23	3.25636233053515e-22
gene_5183	onu_vs_self	2214.28497757622	1.29483097972426	0.129914259367569	9.96681184981219	2.12955000010238e-23	3.42006529097118e-22
gene_7924	onu_vs_self	1207.72726842082	-1.05597730100561	0.106039645439037	-9.9583254605722	2.31936257028846e-23	3.71098011246153e-22
gene_8014	onu_vs_self	943.614901632366	1.07037042619241	0.107499427627582	9.95698721206745	2.35078666441359e-23	3.75424138943663e-22
gene_1904	onu_vs_self	198.734503256449	-2.00260828245464	0.201273461366354	-9.94968869149383	2.52973317132359e-23	4.03249831406516e-22
gene_6461	onu_vs_self	567.553739134665	-1.51937156968934	0.152914718825653	-9.93607143483465	2.90040890464078e-23	4.6062152548655e-22
gene_5732	onu_vs_self	2349.42547554836	-1.38618726292676	0.139820732845676	-9.91403230919076	3.61744797140878e-23	5.72372544089817e-22
gene_2132	onu_vs_self	1138.35107835121	-1.22780748028796	0.123989680216538	-9.90249735416443	4.06007631205424e-23	6.40041495970245e-22
gene_2038	onu_vs_self	1879.63555281665	-1.28667584600166	0.130075276060097	-9.89177870671738	4.51925720820288e-23	7.11118413643689e-22
gene_364	onu_vs_self	1332.52084826928	1.0306682103017	0.104284675529475	9.88321826834846	4.92260510231016e-23	7.73165131665595e-22
gene_7665	onu_vs_self	503.748717920465	1.27872030893604	0.129450365366398	9.87807415851418	5.18191914932443e-23	8.12403441725588e-22
gene_7987	onu_vs_self	490.879829341858	1.37280072419982	0.139053367981116	9.87247374250049	5.47962770496729e-23	8.57506639022304e-22
gene_5282	onu_vs_self	931.988311564342	-1.05098160131903	0.10655330785777	-9.86343476752409	5.99623295760121e-23	9.36637848851576e-22
gene_3548	onu_vs_self	580.412382253167	1.10844717342588	0.112581481545638	9.8457326925169	7.15162153534814e-23	1.10901957142355e-21
gene_5172	onu_vs_self	4285.05857208066	-1.21555244672292	0.123914761965172	-9.80958545572293	1.02388310500094e-22	1.5791782664519e-21
gene_7809	onu_vs_self	2630.37966634348	-3.41914222468469	0.349544512113627	-9.7817076400651	1.3491477407484e-22	2.06966033347784e-21
gene_8544	onu_vs_self	121.165990929845	-2.70126447582933	0.276531399584668	-9.76838246899429	1.53889292047854e-22	2.35230774987434e-21
gene_3671	onu_vs_self	610.03289229542	1.10527421638451	0.11332616054049	9.75303681968124	1.79030947099932e-22	2.726877059031e-21
gene_3685	onu_vs_self	557.911896453032	1.81736226875454	0.186811398661106	9.72832643928446	2.28318274401234e-22	3.47141106372037e-21
gene_3343	onu_vs_self	550.997398397031	-1.31285616796439	0.135304952851248	-9.70294242966639	2.92926703147368e-22	4.4379691662681e-21
gene_5118	onu_vs_self	278.540706615152	1.56396934721533	0.161437603441226	9.68776365529187	3.39889274522219e-22	5.12227498223626e-21
gene_5257	onu_vs_self	2154.9011853975	-1.86937152149029	0.193079987885394	-9.68185021121858	3.60138500115585e-22	5.40839572103405e-21
gene_3469	onu_vs_self	72.4009807930766	4.29249664180047	0.44350115309052	9.67865948462225	3.71555650330895e-22	5.56034329865814e-21
gene_5539	onu_vs_self	895.231699563869	-1.17844386457234	0.122100838528758	-9.65139862077846	4.84898151595099e-22	7.21865770026791e-21
gene_7144	onu_vs_self	129.184435296324	-2.21407650628739	0.22948471618948	-9.64803470597701	5.01067681582354e-22	7.44642249018221e-21
gene_5352	onu_vs_self	647.004971273907	1.19530717711778	0.124135708271411	9.62903578480702	6.02925585649989e-22	8.94461527411422e-21
gene_3072	onu_vs_self	3158.57547570822	-1.47160349748688	0.153037850777779	-9.61594461767329	6.84778871772761e-22	1.0123846532599e-20
gene_6194	onu_vs_self	7026.27317674428	1.05722482190159	0.110181932245624	9.59526485290495	8.37018507701691e-22	1.22896713995308e-20
gene_3884	onu_vs_self	241.66313413536	1.27595740814769	0.133153566906761	9.58260028468599	9.46318640231993e-22	1.38469872827109e-20
gene_4397	onu_vs_self	1165.58067326067	1.25264587165662	0.131163806398211	9.55024031441726	1.29395784974838e-21	1.8805227833355e-20
gene_1244	onu_vs_self	6139.42219715025	-1.00674489892031	0.105480744141082	-9.54434771121615	1.36966801321841e-21	1.9838169531556e-20
gene_1350	onu_vs_self	5058.27811181324	-1.06386281510562	0.111990649087544	-9.49956825657821	2.10762305008511e-21	3.03724803177249e-20
gene_8197	onu_vs_self	123.234923501486	1.97184937448211	0.207985888938688	9.48068825507385	2.52611350920634e-21	3.6342069981187e-20
gene_5665	onu_vs_self	732.423276728826	1.06995512192086	0.113205769651779	9.45141864422673	3.34269133459725e-21	4.77686775027587e-20
gene_6345	onu_vs_self	723.181961245754	1.74695974341854	0.185436985658862	9.420772976931	4.47779291333083e-21	6.37768840900364e-20
gene_6471	onu_vs_self	612.196158904643	1.45090258947014	0.154130432021753	9.41347254035707	4.8001061739736e-21	6.81408106952139e-20
gene_822	onu_vs_self	1241.34118272646	1.1595528528333	0.123280574489819	9.40580344982948	5.16341911333843e-21	7.3176933129432e-20
gene_5829	onu_vs_self	2127.88053729914	-1.11994520247821	0.119237976213258	-9.39252105784809	5.85809909543303e-21	8.26117434215927e-20
gene_375	onu_vs_self	4669.41436540454	-1.1120456041337	0.118514231823409	-9.38322416661905	6.39855516038685e-21	8.99369986418907e-20
gene_5910	onu_vs_self	14484.4193313827	1.26668455473704	0.135041349702856	9.37997552249182	6.59880459436514e-21	9.24480643662284e-20
gene_6561	onu_vs_self	984.338188831336	1.11597724362191	0.119185497443452	9.36336439885555	7.72372470543277e-21	1.07854948578311e-19
gene_5897	onu_vs_self	196.130207844011	1.85939049089757	0.198606854413422	9.3621667610074	7.81179737674441e-21	1.08907142581323e-19
gene_6973	onu_vs_self	119.35300619768	4.5844672568698	0.490866894380996	9.33953238515099	9.67605083730832e-21	1.34024264024853e-19
gene_7196	onu_vs_self	543.47032445739	1.81137279372736	0.194498314589795	9.31305136266924	1.24211561985432e-20	1.714920920315e-19
gene_2676	onu_vs_self	899.671170744658	1.15665926452994	0.124229166177883	9.31069007477459	1.27004472853072e-20	1.75065746799082e-19
gene_1049	onu_vs_self	33.4777625777788	-3.52264901965859	0.378509622690419	-9.30663002599472	1.31952570866488e-20	1.81593891739089e-19
gene_6199	onu_vs_self	13845.8982284444	-1.14159633206168	0.122668188615084	-9.3063763714964	1.32267957043853e-20	1.8173574836202e-19
gene_7977	onu_vs_self	4849.69656192265	1.45038323779906	0.155886986484336	9.3040687392132	1.35171648999105e-20	1.85427774909029e-19
gene_6654	onu_vs_self	1200.79129231398	-1.31940544651574	0.142047572793	-9.28847582942128	1.56513452410209e-20	2.13336807743852e-19
gene_3021	onu_vs_self	324.882498951587	1.5051581177513	0.162542056494282	9.26011489096827	2.04212354952987e-20	2.77469485459932e-19
gene_8574	onu_vs_self	380.033620804775	1.72056990893757	0.186369140238491	9.23205369051873	2.65491915638614e-20	3.58455961808601e-19
gene_5706	onu_vs_self	4637.1784872581	1.46650370174114	0.159096508529412	9.21769883762113	3.03544324326366e-20	4.08543933370077e-19
gene_711	onu_vs_self	19319.5538197746	-1.33759184746594	0.145295873465013	-9.20598648514289	3.38547056621851e-20	4.54226144934647e-19
gene_6609	onu_vs_self	2355.63047204195	-1.61056227399441	0.175073571924481	-9.19934548824497	3.60136633663182e-20	4.81682747524506e-19
gene_1517	onu_vs_self	374.746464015845	-1.12888704963808	0.123399625827396	-9.14822101014393	5.78787899013872e-20	7.69320561422165e-19
gene_5515	onu_vs_self	337.706878930081	-1.18202214398079	0.129347390912537	-9.13835320250145	6.34105363246692e-20	8.41541381301036e-19
gene_8612	onu_vs_self	468.58212494655	1.10803537246937	0.121588415009628	9.11300120477457	8.01339209604979e-20	1.06019530667985e-18
gene_8044	onu_vs_self	797.250395075293	-1.47176964595123	0.161609040141021	-9.1069759752731	8.47101433740857e-20	1.11901053592928e-18
gene_1603	onu_vs_self	2043.51065268757	-1.10963693131367	0.121964490529855	-9.09803276751317	9.19827480985699e-20	1.2132085111306e-18
gene_484	onu_vs_self	213.380619987647	1.37376848165524	0.151362685345312	9.07600495142638	1.12633239585991e-19	1.47874314548479e-18
gene_6567	onu_vs_self	1273.11875503974	-1.05083276709381	0.116073670713726	-9.05315357593448	1.38897743073851e-19	1.8124461596222e-18
gene_8068	onu_vs_self	2626.00259094117	-1.28240217288908	0.141773484695682	-9.0454302907329	1.49076866751077e-19	1.94231047091206e-18
gene_283	onu_vs_self	293.342074260783	1.0790785562655	0.119741623718201	9.01172476836454	2.02840864375852e-19	2.62680453715173e-18
gene_6719	onu_vs_self	2025.85479718885	-1.0291692320257	0.114357410052458	-8.99958499893975	2.26572499936858e-19	2.92969879072433e-18
gene_4522	onu_vs_self	3799.4881812134	-1.33381066540792	0.148302917916785	-8.9938261778257	2.38769961328997e-19	3.07811877857864e-18
gene_3880	onu_vs_self	148.608102919838	2.27813547304663	0.253318610073865	8.99316269097776	2.40216284320906e-19	3.09210735907813e-18
gene_6830	onu_vs_self	1543.72994487978	1.10909565536265	0.123351708240049	8.99132789636188	2.44261141984861e-19	3.13945251560121e-18
gene_4915	onu_vs_self	1480.25368035494	-1.17898185552284	0.131452025377187	-8.96891357999146	2.99453392573359e-19	3.83730694674844e-18
gene_7333	onu_vs_self	230.595841244327	1.17090003714542	0.130761425727469	8.95447591391208	3.41353281956567e-19	4.36117028887793e-18
gene_628	onu_vs_self	805.718170701925	-1.0545952738546	0.117861608229264	-8.94774209938837	3.62827549468655e-19	4.6286197070815e-18
gene_3249	onu_vs_self	167.046616108611	1.35965345991021	0.152251554056633	8.93030923943447	4.24819604995768e-19	5.40335188523592e-18
gene_5705	onu_vs_self	2567.41327133576	1.15663961638581	0.129627940249087	8.92276475398177	4.54790071211682e-19	5.75888019167455e-18
gene_1159	onu_vs_self	275.012806510201	1.15860907969148	0.129986972731502	8.91327073278856	4.95488002265393e-19	6.23731955792906e-18
gene_4675	onu_vs_self	723.983757162856	1.11260997899025	0.124825664179137	8.91331110718983	4.95307533310726e-19	6.23731955792906e-18
gene_7985	onu_vs_self	1392.65781360918	1.10466441794991	0.124273900538091	8.88894943481177	6.16893930087525e-19	7.68648040982418e-18
gene_7145	onu_vs_self	2122.32851018045	-3.17907591107307	0.35822473231476	-8.87452937861286	7.02297475274293e-19	8.72520520805218e-18
gene_5303	onu_vs_self	1293.22785135782	-1.02175884373732	0.115489579856821	-8.84719508897736	8.97464245866521e-19	1.10695878164516e-17
gene_8054	onu_vs_self	380.967529083804	1.18407821692185	0.134005197847193	8.83606185389965	9.91518955427198e-19	1.22120895805134e-17
gene_3252	onu_vs_self	131.942374736724	1.65760861744337	0.188274223496023	8.80422495795542	1.31759882130561e-18	1.60664471657778e-17
gene_7455	onu_vs_self	360.157264843772	-1.45188015027284	0.165478765601417	-8.77381544995283	1.72712202303759e-18	2.09407429422122e-17
gene_6338	onu_vs_self	225.784800266133	-1.44363541836732	0.164984511099246	-8.75012695888102	2.13112849686674e-18	2.57298447576576e-17
gene_5894	onu_vs_self	608.521490514483	1.2335626340789	0.141057563346908	8.74510097019861	2.22816303304861e-18	2.68634867083043e-17
gene_1818	onu_vs_self	189.330407319777	-1.71313916529967	0.196185356132188	-8.7322479061351	2.4966025937685e-18	3.00575502147094e-17
gene_3428	onu_vs_self	400.588792688812	1.21982057954198	0.139727694093719	8.72998432740051	2.5470791568993e-18	3.06221876166545e-17
gene_5418	onu_vs_self	242.4428095994	1.31881342819434	0.151829331959797	8.68615708948488	3.74906383388311e-18	4.46341952962996e-17
gene_3398	onu_vs_self	148.183628911817	-2.33409771512373	0.269125384809924	-8.67290061386159	4.2124960668916e-18	5.00818976841557e-17
gene_7438	onu_vs_self	441.144654725295	-1.04055209817229	0.120062925772181	-8.66672281622334	4.44735910066283e-18	5.28008237193812e-17
gene_3972	onu_vs_self	2733.40824930942	1.18747682624932	0.137053511820264	8.66432979701105	4.54176851080607e-18	5.38470061668975e-17
gene_3770	onu_vs_self	574.734279263442	1.00244715729031	0.115830092825887	8.65446217674327	4.95241378146415e-18	5.8634387232826e-17
gene_2925	onu_vs_self	3975.9462018719	-1.69137377056962	0.195666063516676	-8.64418560976197	5.41904041494751e-18	6.38939200440093e-17
gene_4291	onu_vs_self	1115.58110586769	1.00416773383045	0.116219056262746	8.64030191021545	5.6064668118379e-18	6.60128692012825e-17
gene_6313	onu_vs_self	90.212440536688	1.80262161056088	0.208836011143717	8.63175656673671	6.04168617964526e-18	7.09421587074944e-17
gene_3958	onu_vs_self	319.730503704071	-1.03597163309483	0.120037786629634	-8.63037933456092	6.11488321801887e-18	7.17032881455364e-17
gene_6367	onu_vs_self	241.894431667229	-1.31488076733525	0.152510331136157	-8.62158489552655	6.60337016031166e-18	7.73253742438684e-17
gene_5292	onu_vs_self	1090.97106301307	-1.13802588016617	0.132048192763461	-8.61826168423772	6.79781856594489e-18	7.94936160170605e-17
gene_5121	onu_vs_self	180.14901715196	1.96296447550041	0.227811818969558	8.61660507509806	6.89685051325379e-18	8.05416649296759e-17
gene_3725	onu_vs_self	111.034533380154	1.94530422129129	0.225979215315987	8.60833249009722	7.4130982387671e-18	8.6452480822679e-17
gene_135	onu_vs_self	1322.53619453342	-1.24405565813044	0.144687556292927	-8.59822150573742	8.0960923021407e-18	9.41610735140277e-17
gene_5514	onu_vs_self	28077.4753003219	-1.00848694857052	0.117613165055948	-8.57460938229817	9.94236545586825e-18	1.15008984192206e-16
gene_4228	onu_vs_self	69.001629026452	2.79798132689708	0.326564400796155	8.56793122604815	1.05360686986211e-17	1.21548177978702e-16
gene_2727	onu_vs_self	427.214773537428	-1.25125268235012	0.146081849730427	-8.56542195118094	1.07680784121038e-17	1.24057538637428e-16
gene_2088	onu_vs_self	2148.86494132609	-1.40078351714613	0.164236633400376	-8.52905644827301	1.47546183101315e-17	1.68175143455028e-16
gene_823	onu_vs_self	6648.77826142477	1.06678627431196	0.125272522555729	8.51572437872314	1.65552160344443e-17	1.87947810682816e-16
gene_3336	onu_vs_self	365.990856421279	-1.05813743865828	0.125317032726238	-8.44368411570867	3.07489434192798e-17	3.44066608717693e-16
gene_6052	onu_vs_self	827.346618217522	-1.02376542880625	0.121409117475489	-8.43236035393249	3.38761926898095e-17	3.78070677216127e-16
gene_7212	onu_vs_self	22853.6884836118	1.02009327396125	0.121564977249913	8.39134179134624	4.80624799105141e-17	5.31543705470285e-16
gene_7991	onu_vs_self	441.833946780997	1.52997930981609	0.183918248109017	8.31880101918544	8.8857579054215e-17	9.70179689673572e-16
gene_8634	onu_vs_self	1490.33114008864	1.28804769398529	0.15492277280281	8.31412755324711	9.24296978834814e-17	1.00789581386319e-15
gene_7237	onu_vs_self	347.807539860201	-1.49642697294489	0.180191515573824	-8.30464724257126	1.00116443312604e-16	1.08755933344656e-15
gene_6258	onu_vs_self	9202.71905453037	-1.05771668621007	0.127802618237242	-8.27617384368932	1.27196260189333e-16	1.3799746352607e-15
gene_7459	onu_vs_self	1433.16034596455	-1.07113221270247	0.130057022050456	-8.23586605179162	1.78263300318693e-16	1.91459705235635e-15
gene_6877	onu_vs_self	657.763205152522	-1.06401602183791	0.129360577766507	-8.22519534319363	1.94872991934239e-16	2.08514101369636e-15
gene_8212	onu_vs_self	409.290656908949	1.21201153572346	0.147607804060592	8.2110261272225	2.19306153056596e-16	2.33604429142731e-15
gene_8520	onu_vs_self	1705.45599162079	-1.0235434848742	0.124655651207162	-8.21096737261595	2.19413505877051e-16	2.33604429142731e-15
gene_1394	onu_vs_self	117.980308036725	1.83064584708704	0.223805236353366	8.17963813946086	2.84697525937451e-16	3.01610250250567e-15
gene_3465	onu_vs_self	179.122648753024	-1.22338634545686	0.149721267485256	-8.17109263102738	3.05608865641522e-16	3.23363645227618e-15
gene_5120	onu_vs_self	420.523038030077	1.28218066549355	0.156933265173157	8.17022868974793	3.07805417508638e-16	3.25285725169623e-15
gene_2708	onu_vs_self	1120.18632286571	-1.32125926456432	0.161791534716789	-8.16643013416709	3.17649226683394e-16	3.34861746355893e-15
gene_6538	onu_vs_self	603.655019173533	-1.36186648939255	0.166946585566888	-8.15749830862463	3.42034855490565e-16	3.59241516932422e-15
gene_7356	onu_vs_self	12680.831485781	1.07093461706813	0.131376836096363	8.1516243569956	3.59068177331006e-16	3.76669558572722e-15
gene_8528	onu_vs_self	892.07675838493	-1.30774054336442	0.160712346355674	-8.13715046179614	4.04689663714049e-16	4.21941963628777e-15
gene_5896	onu_vs_self	254.079487132894	1.12871282481606	0.138724153262786	8.13638287398977	4.07262472818779e-16	4.24107879237074e-15
gene_1288	onu_vs_self	676.889644042674	-1.56285230598052	0.192143501069085	-8.13377656431167	4.16119204184586e-16	4.32804421363312e-15
gene_5943	onu_vs_self	533.252184500904	-1.07519229802531	0.132254022570031	-8.12975119494742	4.30172455628873e-16	4.46878182061062e-15
gene_4868	onu_vs_self	366.330989636415	-1.58564948544481	0.196267604051817	-8.0790178955167	6.52904464312088e-16	6.74169145296921e-15
gene_6707	onu_vs_self	154.987173738105	1.26583327859745	0.15690480984088	8.06752374182251	7.1738258662057e-16	7.37190269084283e-15
gene_3883	onu_vs_self	236.138462930777	1.23294529530883	0.152906428019853	8.06339740765341	7.42028047579022e-16	7.61601928930028e-15
gene_6856	onu_vs_self	202.111750385159	1.25168283500049	0.155306547757015	8.05943376552813	7.66486592218287e-16	7.85763500525574e-15
gene_4069	onu_vs_self	196.793354204685	-1.29041702703419	0.160259784486086	-8.05203271158913	8.14301347258333e-16	8.32786085129191e-15
gene_302	onu_vs_self	365.295405828311	-1.1680227016585	0.145096824422548	-8.0499535831123	8.28254423624402e-16	8.4604509143495e-15
gene_1226	onu_vs_self	3418.64286260792	-1.04823643057499	0.130228173242847	-8.04922932167882	8.3317006532919e-16	8.50051937928232e-15
gene_1863	onu_vs_self	342.922130176066	1.32051284257415	0.164207806571503	8.04171780955577	8.85877114582551e-16	9.02750964384123e-15
gene_1034	onu_vs_self	2117.49844397629	-1.10220866920504	0.137068688226081	-8.04128706176174	8.88997237189949e-16	9.04853311575026e-15
gene_5850	onu_vs_self	14170.5379911584	-1.16936281446338	0.145749403342615	-8.0231053276736	1.03104869322392e-15	1.04323603002325e-14
gene_4725	onu_vs_self	104.845960058852	-3.43725303291939	0.428583883960579	-8.02002399426561	1.05724511230404e-15	1.06721912279747e-14
gene_2751	onu_vs_self	272.937434103413	1.0491548300808	0.131147977076382	7.99977897844172	1.24642741210481e-15	1.25227918399263e-14
gene_6447	onu_vs_self	62.6954616178967	-1.96142158671367	0.24624795129317	-7.96523007161388	1.64916650435279e-15	1.64532229338694e-14
gene_5659	onu_vs_self	2849.55633332275	-1.04926998406777	0.132362613245397	-7.92723835183318	2.24072964792683e-15	2.21741569783279e-14
gene_7978	onu_vs_self	15277.8650634826	1.22607186092698	0.154723808518561	7.92426112481517	2.29506884089e-15	2.26856689122614e-14
gene_2386	onu_vs_self	208.304479759728	-1.21206154654992	0.153879354106146	-7.87670024734989	3.36140018551477e-15	3.28091055735535e-14
gene_2167	onu_vs_self	161.241515057373	1.23229788864997	0.15683034036023	7.85752224868892	3.91806429648673e-15	3.81554384276751e-14
gene_3773	onu_vs_self	139.92770473544	-1.73407458468787	0.220818685465756	-7.85293409853576	4.06415247237149e-15	3.95331195039772e-14
gene_3037	onu_vs_self	505.171221222373	-1.17293399281044	0.149494432465971	-7.84600451978326	4.29501470177063e-15	4.16368356139939e-14
gene_6678	onu_vs_self	289.705339407274	-1.89923460260603	0.24241997179627	-7.83448075062954	4.70784190193976e-15	4.55357363622648e-14
gene_844	onu_vs_self	1457.08149920754	-1.64660106626783	0.210591140680538	-7.81894746828729	5.32668319735311e-15	5.12319192913962e-14
gene_6590	onu_vs_self	1146.49779663943	1.07728317582394	0.137946711892719	7.80941539702479	5.74538489120511e-15	5.51350837093226e-14
gene_4311	onu_vs_self	115.011222450997	1.79685573379243	0.230278239152981	7.8029766963726	6.04637185996429e-15	5.795850293538e-14
gene_8512	onu_vs_self	139.337542696202	1.79036370552801	0.229900354941051	7.78756390344453	6.83134922793241e-15	6.5191024962209e-14
gene_6248	onu_vs_self	132.949977837929	1.45117540907085	0.186731223606105	7.7714662874592	7.75827291189896e-15	7.37897956953945e-14
gene_1925	onu_vs_self	1211.09928929704	-1.00927338317502	0.130299449035742	-7.74579931568381	9.49824252927942e-15	8.97405695923089e-14
gene_7090	onu_vs_self	471.587957187133	-1.00600289376597	0.129914878507114	-7.74355412810463	9.66756038283909e-15	9.1239599643994e-14
gene_3687	onu_vs_self	90.4451920923758	2.37531923505756	0.307137728172723	7.73372665477869	1.04443164097388e-14	9.84618375191238e-14
gene_2086	onu_vs_self	123.468357919561	1.93239042631136	0.249896642349033	7.73275866432962	1.05240693224373e-14	9.91045471947888e-14
gene_8503	onu_vs_self	2444.63004826671	1.1505736561664	0.148889721086498	7.72769031851415	1.09515363179634e-14	1.02678149925265e-13
gene_2889	onu_vs_self	177.139276741907	1.4348142033638	0.186547532294758	7.69141347362715	1.45518330431794e-14	1.35690295043154e-13
gene_1063	onu_vs_self	473.859450460785	-1.11635004246333	0.145399375995425	-7.67781866201721	1.61820334255628e-14	1.50399789492745e-13
gene_2644	onu_vs_self	2516.08115655234	1.16952838206561	0.152477365855334	7.67017698335127	1.71759188184723e-14	1.59118901608358e-13
gene_6334	onu_vs_self	3079.59343033608	-1.28339683460832	0.167439028500954	-7.66486073228146	1.79025352598665e-14	1.65671028999413e-13
gene_1062	onu_vs_self	140.309524985891	-1.77089158424529	0.231856784238769	-7.63786830762563	2.20847574865207e-14	2.01541070452683e-13
gene_3489	onu_vs_self	1203.60382786021	-1.19086612703563	0.156184674695034	-7.62473097543603	2.44543835927276e-14	2.22218177870221e-13
gene_2248	onu_vs_self	1043.93342245978	-1.06296827485724	0.139882408884749	-7.59901322355003	2.98397291134537e-14	2.69723422609465e-13
gene_6470	onu_vs_self	2348.21248467645	1.14028063927634	0.150098905075812	7.59686180722245	3.03398226336011e-14	2.73665839561249e-13
gene_3691	onu_vs_self	199.280348738546	1.60643014317324	0.211870135322687	7.58214526425149	3.3988740848737e-14	3.05292362712685e-13
gene_4526	onu_vs_self	92.1491079090103	1.6598131933164	0.219241102089323	7.57072089812869	3.71158713298974e-14	3.3198731304485e-13
gene_5320	onu_vs_self	2524.4032807206	1.10736283635961	0.147334533378332	7.51597613246634	5.64878590534604e-14	4.98490797420228e-13
gene_1470	onu_vs_self	327.767353872295	1.09336980279639	0.145538550811063	7.51257860342307	5.79739106595362e-14	5.10552135026368e-13
gene_4100	onu_vs_self	1342.56999338604	-1.14339947234383	0.152442522174007	-7.5005284354892	6.35610663521218e-14	5.58033567152987e-13
gene_927	onu_vs_self	125.553731326043	-1.52003739136456	0.203135675625528	-7.48286772711791	7.27180633698627e-14	6.3712039144936e-13
gene_8009	onu_vs_self	555.67662033819	1.25430866692594	0.167732840071363	7.47801483831245	7.54536802368521e-14	6.60412579578174e-13
gene_3772	onu_vs_self	25.3531219318401	-3.42598549139686	0.45827998154502	-7.47574764196918	7.67661477452888e-14	6.71213712665651e-13
gene_8081	onu_vs_self	476.015961329588	-1.05064003361238	0.141166910190351	-7.44253757623293	9.87693510510864e-14	8.58340756342436e-13
gene_7838	onu_vs_self	58.7375255409616	2.8304139370807	0.380402551872539	7.44057557749792	1.00247543551633e-13	8.70303217851903e-13
gene_1262	onu_vs_self	145.750900991812	1.65315530023	0.22219643111261	7.44006234462052	1.00637793307168e-13	8.72222740691095e-13
gene_6376	onu_vs_self	16748.3902499411	1.04630237120815	0.140795937925293	7.43133918936872	1.07503644010155e-13	9.29526457299928e-13
gene_5651	onu_vs_self	1522.99870979299	-1.32492543333002	0.179544130778283	-7.37938593473796	1.59021252260256e-13	1.35310329955049e-12
gene_4077	onu_vs_self	726.423734749196	1.03164602729748	0.140457383452667	7.34490421178272	2.05906507698299e-13	1.73651202551472e-12
gene_8309	onu_vs_self	1156.00706644344	-1.19075148718896	0.162282929046216	-7.33750305215313	2.17615437648651e-13	1.83165009466318e-12
gene_178	onu_vs_self	10143.0500107122	-1.29988163021864	0.17734108816297	-7.32983903326504	2.30429330520753e-13	1.93759829986016e-12
gene_1379	onu_vs_self	114.64678431842	-1.83873156217479	0.251596144798622	-7.30826604535821	2.70611600179645e-13	2.26214384525172e-12
gene_4494	onu_vs_self	507.392442226684	1.39170291492277	0.191332903194627	7.27372496672517	3.49707634241765e-13	2.90067572588131e-12
gene_8190	onu_vs_self	69.2750260275834	-1.6700620358102	0.23034946606437	-7.25012332063973	4.16392334352088e-13	3.43383273800952e-12
gene_4691	onu_vs_self	12539.2187813925	1.14395721771675	0.158117594482773	7.23485088081951	4.66040922288801e-13	3.8285127589176e-12
gene_4655	onu_vs_self	563.9797732373	1.28082580309495	0.177158302440056	7.22983786508303	4.83571008183118e-13	3.96491171460488e-12
gene_6048	onu_vs_self	91.9517150983793	1.66023530693001	0.229772668565143	7.22555609985145	4.99055398363772e-13	4.08664080605891e-12
gene_4098	onu_vs_self	825.042780590244	-1.44192170649489	0.199581382651809	-7.22473052013312	5.02096481789315e-13	4.10501039552678e-12
gene_8460	onu_vs_self	473.955390585132	-1.05573249531739	0.146627281909351	-7.20010956740011	6.01641939584863e-13	4.87694602542276e-12
gene_2437	onu_vs_self	1217.83321002053	-1.04028510045659	0.144768904575711	-7.18583250667992	6.67988942291644e-13	5.40452301135773e-12
gene_7378	onu_vs_self	110.330400044017	-1.64886149648397	0.229966576661111	-7.17000496517285	7.49950466420147e-13	6.03343608322975e-12
gene_3126	onu_vs_self	435.205736839369	1.03150680659699	0.144389274074791	7.14392958345845	9.06998777646228e-13	7.23570320284409e-12
gene_4729	onu_vs_self	84.5984429054019	-1.50092774679065	0.213412896933209	-7.03297583397874	2.02174394250458e-12	1.5633358760469e-11
gene_7708	onu_vs_self	129.9096172484	-1.27845471939182	0.181821753996559	-7.03136281160292	2.04525902432567e-12	1.58009180940683e-11
gene_5122	onu_vs_self	273.729245511089	1.10176357771543	0.157239300901278	7.00692238772524	2.43617312598214e-12	1.87701547780442e-11
gene_7383	onu_vs_self	224.436906653072	1.06993221618786	0.152730026741356	7.00538223567367	2.46312439960325e-12	1.89607417811185e-11
gene_6167	onu_vs_self	6673.06752380471	-1.02156707804682	0.146450732142368	-6.97549997260331	3.04784940093582e-12	2.32942775642952e-11
gene_1944	onu_vs_self	323.331462116287	-1.8406586326333	0.264282340566898	-6.96474319352931	3.29003342849355e-12	2.49890737780877e-11
gene_7231	onu_vs_self	1249.69430879087	1.01330703719995	0.14567838742572	6.95578153428299	3.50612836463452e-12	2.65596980542226e-11
gene_1862	onu_vs_self	193.753416676145	1.51017190206118	0.217134658585419	6.95500161926979	3.52557987358819e-12	2.66834338796772e-11
gene_4475	onu_vs_self	536.055001173828	1.35977120613735	0.196817132033874	6.90880510291818	4.88752879118575e-12	3.66671748050394e-11
gene_8537	onu_vs_self	1914.41818547311	1.04197270343574	0.151064403729963	6.89753957721457	5.2910905429675e-12	3.94871273302544e-11
gene_6951	onu_vs_self	37.8359320811776	-2.34663570347439	0.341728689580226	-6.86695549723076	6.55865186772135e-12	4.88191825979954e-11
gene_5411	onu_vs_self	79.0679752088927	1.602463218467	0.234053669382379	6.84656310963026	7.56452831622407e-12	5.60626514172104e-11
gene_4978	onu_vs_self	987.590571351557	1.10400147182744	0.161886822993429	6.81958822474541	9.13018295761461e-12	6.74325850881631e-11
gene_3885	onu_vs_self	305.789924417238	1.08162821094387	0.158644216689397	6.81794920429745	9.2349281058559e-12	6.81474005052815e-11
gene_7020	onu_vs_self	117.639446102241	-1.50687518571347	0.221188522674482	-6.81262828420397	9.58315326556793e-12	7.0534644843733e-11
gene_3431	onu_vs_self	214.040515801108	-1.17183450281909	0.172448790298586	-6.79526078895723	1.081167720444e-11	7.89658335068313e-11
gene_6462	onu_vs_self	27.722986801031	-3.44699823920825	0.510192512282571	-6.75626975352222	1.4158969766407e-11	1.02279140253539e-10
gene_3159	onu_vs_self	346.264361229994	1.79510303381977	0.265868101270097	6.75185562030291	1.45966095171249e-11	1.05262828531246e-10
gene_3419	onu_vs_self	78.4873982011206	2.15448866589189	0.319357583064201	6.74632067671543	1.51641275847635e-11	1.09263410880114e-10
gene_6300	onu_vs_self	790.737744706379	1.06230008496863	0.157622164113939	6.73953495652256	1.5889436560765e-11	1.14297123495923e-10
gene_4716	onu_vs_self	511.326188935557	-1.18399562628225	0.176261420369027	-6.71727042595822	1.85160153719878e-11	1.32411939502269e-10
gene_3543	onu_vs_self	202.031747475256	1.38625862642852	0.206431279269083	6.71535162373108	1.87613248993283e-11	1.33830784281875e-10
gene_5632	onu_vs_self	190.380875897695	1.06870674438589	0.159523731568522	6.6993589848846	2.09335763612049e-11	1.48830077783982e-10
gene_5766	onu_vs_self	149.128934814904	-1.26955444404009	0.189671289728616	-6.69344551754028	2.17976210039479e-11	1.54716115915252e-10
gene_1576	onu_vs_self	181.136826786267	1.04589792062472	0.156753095015436	6.67226328463704	2.5188814305364e-11	1.78048101118015e-10
gene_3769	onu_vs_self	1258.30543695426	1.02054864680848	0.153316656491373	6.6564760161327	2.80470875803271e-11	1.97762001390115e-10
gene_5687	onu_vs_self	236.529803445533	1.0780462430508	0.162085660432465	6.65108955458763	2.90931183729652e-11	2.04968801047393e-10
gene_3130	onu_vs_self	87.55692895074	1.7575055465892	0.264494243237179	6.64477806805496	3.03674291051168e-11	2.13770718042599e-10
gene_4452	onu_vs_self	897.453242847231	-1.01770545190575	0.1545597007173	-6.58454595332841	4.56277593544791e-11	3.16766926256562e-10
gene_6188	onu_vs_self	555.630456126486	-1.14647601483471	0.174127846317435	-6.58410494978892	4.5763379360678e-11	3.1745099459271e-10
gene_1646	onu_vs_self	3514.09740228601	-1.10104415694221	0.167559315374532	-6.5710709934636	4.99546328407649e-11	3.45405215764901e-10
gene_329	onu_vs_self	677.01145681423	1.19706604262935	0.182528506041043	6.55824160616413	5.44459472827256e-11	3.74343219871592e-10
gene_4697	onu_vs_self	556.247132307133	-1.06129416017011	0.162445790827393	-6.53322043473442	6.43702923950165e-11	4.40807762321073e-10
gene_2899	onu_vs_self	100.682904115904	1.56712558098201	0.240147953010711	6.52566703707075	6.76995628215242e-11	4.62496614327412e-10
gene_1781	onu_vs_self	63.4746487399419	1.79028893216557	0.275302983192714	6.50297687080405	7.8745907289545e-11	5.34972195554369e-10
gene_6840	onu_vs_self	7243.34966505647	-1.09242884617115	0.168845679129916	-6.46998402209982	9.80132807980014e-11	6.60105179882684e-10
gene_6907	onu_vs_self	5116.24994412312	1.09321847463011	0.169050017774798	6.46683442581148	1.0007720000456e-10	6.72946450934039e-10
gene_7984	onu_vs_self	884.994551257425	1.18390981202053	0.18405911775321	6.43222583304969	1.25748717714075e-10	8.40944549712879e-10
gene_1754	onu_vs_self	72.3102673081125	-1.78891475144088	0.279314231523623	-6.40466739443451	1.50697535351619e-10	9.96886323500663e-10
gene_7242	onu_vs_self	239.209791960472	1.00281303338325	0.157032393490901	6.38602654579904	1.7025145976326e-10	1.11931835297504e-09
gene_5800	onu_vs_self	91.391170835774	-1.20654578446363	0.189430201413419	-6.3693422456455	1.89840566801091e-10	1.24238169099185e-09
gene_1523	onu_vs_self	199.119267119447	1.23973561727805	0.195864916602585	6.32954404894012	2.45886693462532e-10	1.58612667372967e-09
gene_6635	onu_vs_self	910.022494637434	-1.08191616159605	0.171301242278625	-6.31586874213257	2.68647996985915e-10	1.73034375786262e-09
gene_3695	onu_vs_self	331.102575838533	1.00721782547224	0.159975251776832	6.29608526497166	3.05256505454942e-10	1.95583509483106e-09
gene_1476	onu_vs_self	36.6292408806104	2.04070401132353	0.324663027609433	6.28560642198681	3.26576354605816e-10	2.08308017542905e-09
gene_5073	onu_vs_self	441.57798601146	-1.0456182664725	0.16857711924833	-6.20261083553224	5.55340470011515e-10	3.4698645425537e-09
gene_8547	onu_vs_self	104.767718795563	1.18843402109391	0.191691436289282	6.19972411965472	5.65622193780631e-10	3.53152879559606e-09
gene_13	onu_vs_self	246.540786874651	1.27717250459509	0.206962598875274	6.17103047379481	6.78463428377765e-10	4.20843981660411e-09
gene_626	onu_vs_self	407.812963527081	-1.02322890052219	0.166487801118399	-6.14596921605395	7.94766979878015e-10	4.89791601710281e-09
gene_4862	onu_vs_self	1382.10653252565	-1.18115400276898	0.193146903840614	-6.1153141949595	9.63669054512069e-10	5.90057732948735e-09
gene_534	onu_vs_self	296.210095700819	-1.01036281834656	0.166219916692857	-6.07847024862563	1.21334488543485e-09	7.34009344121716e-09
gene_2841	onu_vs_self	934.512729364997	1.12606604342476	0.185459971096729	6.0717471094474	1.26526075746602e-09	7.63796338780617e-09
gene_3529	onu_vs_self	538.858983177747	-1.15362903630055	0.190156813110692	-6.06672470698702	1.30545035885254e-09	7.85288480096822e-09
gene_6760	onu_vs_self	3749.37688554301	1.05588521917054	0.174372234790024	6.05535176194773	1.40111149570108e-09	8.41650133557982e-09
gene_2212	onu_vs_self	203.614034501782	1.01569668720581	0.168280533264777	6.03573489755756	1.58240856464056e-09	9.47894843479582e-09
gene_6686	onu_vs_self	163.859338042985	1.00834438698896	0.167175727079245	6.03164349637302	1.62300515230048e-09	9.71533154104344e-09
gene_98	onu_vs_self	304.879945715634	-1.46951358892251	0.244510014396804	-6.01003436422732	1.85484006168581e-09	1.10413288790198e-08
gene_3323	onu_vs_self	477.899483726119	-1.11922985268546	0.187890938434688	-5.95680591097006	2.57215410198345e-09	1.50599446737198e-08
gene_2009	onu_vs_self	1330.12035998786	-1.00489015202622	0.169152493272406	-5.94073508811915	2.83746827039072e-09	1.64892928679868e-08
gene_7409	onu_vs_self	50.3392666598621	1.90497205729853	0.322199648133266	5.91239645460632	3.3716580246367e-09	1.94877735927685e-08
gene_1497	onu_vs_self	55.2747781008982	2.7324394534475	0.467467713824396	5.8451939516703	5.0597838642091e-09	2.87977060356582e-08
gene_1455	onu_vs_self	501.276083135664	1.01680818718257	0.174698674470767	5.82035433447276	5.8723001745624e-09	3.32452972845596e-08
gene_5712	onu_vs_self	292.141091307006	-1.44264139075499	0.248704772893405	-5.80061803386983	6.60709470130059e-09	3.73065505561564e-08
gene_2348	onu_vs_self	189.323378779465	1.30679504034637	0.225381239899256	5.79815356828502	6.70490402339043e-09	3.78338684510363e-08
gene_4696	onu_vs_self	296.985257985278	-1.28555959907049	0.222058720114117	-5.7892777118135	7.06897387891834e-09	3.97833112449316e-08
gene_4912	onu_vs_self	721.536290723978	-2.37176400687442	0.409777437833283	-5.78793215023071	7.1258181175953e-09	4.00768745641365e-08
gene_2968	onu_vs_self	353.843078455778	1.15445909887459	0.199915171811802	5.77474480006641	7.70698048784083e-09	4.31994038216947e-08
gene_7214	onu_vs_self	109.790587628241	1.42434979911185	0.247528940017939	5.75427583945788	8.70139791309611e-09	4.84291067204829e-08
gene_3501	onu_vs_self	67.4685826099301	-1.35368522795676	0.235652428383559	-5.74441450589867	9.2239584388019e-09	5.11380079249639e-08
gene_4869	onu_vs_self	60.6376104012333	-1.31850893187508	0.231880950244523	-5.68614597484046	1.29938339386063e-08	7.11626478019641e-08
gene_5918	onu_vs_self	74.1459845836482	1.61053340676012	0.284232250512901	5.66625850463449	1.45949286451733e-08	7.96256145332592e-08
gene_12	onu_vs_self	63.3328414562614	1.47498463448011	0.260435907032727	5.66352255833432	1.48296664546404e-08	8.07518733153446e-08
gene_3579	onu_vs_self	351.511362410128	1.02123851110073	0.181523941455467	5.62591635523335	1.84525750468186e-08	9.93421650319291e-08
gene_5892	onu_vs_self	19.4726911302844	2.73675188685125	0.48808745662318	5.60709325698594	2.05752811061411e-08	1.09666504525883e-07
gene_6439	onu_vs_self	29.7824477758853	2.2892070781651	0.408943991496293	5.59784989085932	2.17026535259971e-08	1.15173412388428e-07
gene_5135	onu_vs_self	299.061427796632	1.30998102395972	0.235172085043394	5.57030832855016	2.54288923909457e-08	1.33540686421163e-07
gene_5891	onu_vs_self	33.5734072723758	2.25853152124382	0.405957519898763	5.56346763032508	2.64465938345592e-08	1.3871497746558e-07
gene_4021	onu_vs_self	130.27924397862	1.06940934272853	0.192642919199321	5.55125175206698	2.83631276408887e-08	1.48132015012817e-07
gene_7990	onu_vs_self	109.881224406143	1.39683969849185	0.252562448544221	5.53067055907672	3.19008948605402e-08	1.65157594474748e-07
gene_909	onu_vs_self	118.239915319797	-1.41077318056886	0.25626999593245	-5.50502674117467	3.69112237291683e-08	1.90222802601855e-07
gene_7750	onu_vs_self	14.2191416171121	-4.06269048054184	0.740820781872682	-5.48403956793974	4.15721723994849e-08	2.13088500442869e-07
gene_6687	onu_vs_self	474.288293930264	-1.1300577463392	0.206113967033173	-5.48268398597813	4.18920950903203e-08	2.14471491610731e-07
gene_4306	onu_vs_self	83.4223448114571	1.38556013282826	0.253641507544846	5.46267109922173	4.6902310626482e-08	2.38552453334929e-07
gene_611	onu_vs_self	314.496563891369	-1.3105957284614	0.239978011074928	-5.46131590386501	4.72618184013809e-08	2.40238221802744e-07
gene_1758	onu_vs_self	254.453695252603	-1.00769123746993	0.185362472247844	-5.43632821277098	5.43897272129456e-08	2.74352424833715e-07
gene_5453	onu_vs_self	63.8082341527585	1.94049750308937	0.359838572627252	5.39268897417367	6.94110387885273e-08	3.45843126909077e-07
gene_2448	onu_vs_self	669.301961341156	-1.24450868133573	0.231184659933546	-5.38318018891678	7.31812137496463e-08	3.63570046254772e-07
gene_8553	onu_vs_self	1807.06344254899	1.05148996179439	0.196178986681955	5.35985010208592	8.32910326036531e-08	4.11147079846341e-07
gene_6386	onu_vs_self	190.562901451336	1.00471335350992	0.188210352840781	5.33824701109756	9.38495434230723e-08	4.61166527957232e-07
gene_5520	onu_vs_self	89.2307198085034	-1.31875622629732	0.247560754521998	-5.32700035126181	9.98479707307853e-08	4.88528950762647e-07
gene_1403	onu_vs_self	88.8582142476727	1.25813680218207	0.236585084997912	5.31790413665839	1.04969345046832e-07	5.1169566833763e-07
gene_1977	onu_vs_self	57.5559562554143	1.40554389096027	0.267393764022484	5.25645725545822	1.46856889639867e-07	7.03073252414574e-07
gene_5202	onu_vs_self	44.6045778979324	1.93024815185247	0.367311052553192	5.2550777833535	1.47961923636186e-07	7.07967616727643e-07
gene_2300	onu_vs_self	126.512478805847	1.34453292024881	0.25604988704291	5.25105843934031	1.51227686956755e-07	7.21979364389195e-07
gene_8558	onu_vs_self	89.109266621235	-1.06737452131985	0.203739924335708	-5.2389070271819	1.61530384424605e-07	7.69449132261891e-07
gene_5371	onu_vs_self	55.3686304325153	-1.47313262375746	0.282128626905741	-5.22149290525429	1.77486430550751e-07	8.40311861457097e-07
gene_7983	onu_vs_self	532.660925388012	1.06336328112353	0.204585700917156	5.19764224164483	2.01832089783812e-07	9.47714036505448e-07
gene_4594	onu_vs_self	343.394178781637	-1.28992451904859	0.248652343239571	-5.18766283173845	2.12949703998922e-07	9.97182421351626e-07
gene_6389	onu_vs_self	77.7519319214299	1.22425581386762	0.23698898334454	5.16587647488985	2.3931480709456e-07	1.11393950447495e-06
gene_6541	onu_vs_self	60.2300646917425	1.87005973773136	0.362412994246352	5.1600239710505	2.46918225179534e-07	1.14621475462951e-06
gene_4304	onu_vs_self	281.052781930166	1.04557897041272	0.203146535327886	5.14692002364265	2.64798153475304e-07	1.22390507221847e-06
gene_97	onu_vs_self	6671.48792200929	1.95865888293642	0.385756834367721	5.07744441170246	3.82545376155376e-07	1.73626109220043e-06
gene_5702	onu_vs_self	33.7740089339307	-1.68317299279189	0.334404852007389	-5.0333390280913	4.82009575944909e-07	2.16474395072845e-06
gene_3602	onu_vs_self	51.7817254966448	1.53487328775024	0.305564198621559	5.02307958417334	5.08494612770681e-07	2.27652399859677e-06
gene_4686	onu_vs_self	38.1723407428461	1.76850720878366	0.353515438971315	5.00263075901238	5.65531973466398e-07	2.52395917250905e-06
gene_2451	onu_vs_self	449.834352255003	1.19562469758678	0.241074188759656	4.9595715897183	7.06488091171411e-07	3.12372833699756e-06
gene_5694	onu_vs_self	52.5862404946639	1.24888867305281	0.252458556758561	4.94690569845564	7.54024819167972e-07	3.31848455119683e-06
gene_1592	onu_vs_self	102.122234856736	1.12178721155832	0.228736419116342	4.90427897705153	9.37711397303838e-07	4.08697024486805e-06
gene_7852	onu_vs_self	316.34930489595	-1.38967895314627	0.283830078944959	-4.89616519261075	9.77249249081634e-07	4.24416721062343e-06
gene_4355	onu_vs_self	212.161963330968	1.23454720411499	0.252421095158684	4.89082421316213	1.00414612999415e-06	4.35214727734175e-06
gene_5857	onu_vs_self	24.4192802612321	2.44163814105357	0.504755010432143	4.83727370821575	1.31632110500314e-06	5.61980481736999e-06
gene_3210	onu_vs_self	16.7598996313706	4.12768197896129	0.860160582278468	4.79873417127245	1.59671548237083e-06	6.74624112985896e-06
gene_6176	onu_vs_self	579.033563028614	-1.04528378248531	0.218184719035448	-4.79082030632717	1.66100833580188e-06	6.99716109963785e-06
gene_3999	onu_vs_self	7.83183855397731	-3.60068419553881	0.757316795445751	-4.75452837860209	1.9891020149346e-06	8.29761854183243e-06
gene_7945	onu_vs_self	929.093147097462	-1.08529389355741	0.229128204493046	-4.7366228699721	2.17309011384859e-06	8.98630501185697e-06
gene_7009	onu_vs_self	70.0801542001669	-1.29479496598954	0.275837049951127	-4.69405747421875	2.67838729058706e-06	1.09384519119395e-05
gene_7211	onu_vs_self	53.6760557996351	1.42051294732822	0.304022512628662	4.6723939455867	2.97709248119705e-06	1.21063713249628e-05
gene_3213	onu_vs_self	69.4523442023231	1.21958794364073	0.263171983760545	4.63418607943621	3.58344558802279e-06	1.43943192085758e-05
gene_6953	onu_vs_self	13.7209475767193	2.78145052926153	0.60562224347136	4.59271527630584	4.37515803409267e-06	1.73546583743435e-05
gene_7436	onu_vs_self	113.237182333697	1.00996959748469	0.220553478470912	4.57925036814999	4.66645353069192e-06	1.84758752186507e-05
gene_5365	onu_vs_self	3572.2212253277	1.83709773800359	0.407236878332153	4.51112813143902	6.44837522327158e-06	2.499913582935e-05
gene_1341	onu_vs_self	56.2082813770484	1.53468224966064	0.340796780505007	4.50321815654034	6.69321139279812e-06	2.58429812910924e-05
gene_2656	onu_vs_self	29.6687111053074	2.21756403229928	0.49603962254094	4.47053810125067	7.80230420078334e-06	2.97653258606629e-05
gene_6301	onu_vs_self	27.4762979208676	2.06763725199972	0.463048036696293	4.46527592850126	7.99656246801435e-06	3.04089625616183e-05
gene_1767	onu_vs_self	147.065797720295	1.09102131162247	0.24569978418606	4.44046507910761	8.97646708490726e-06	3.39243082767356e-05
gene_3957	onu_vs_self	63.0458560717601	2.00715496146552	0.455574272977731	4.40576889547851	1.05409300468715e-05	3.95219363883253e-05
gene_4335	onu_vs_self	115.085515183042	1.24227842407119	0.284562134133595	4.36557881410875	1.26786575833907e-05	4.67798745318208e-05
gene_2585	onu_vs_self	44.6642818929167	-1.41215932261775	0.324711687530597	-4.34896364019753	1.36782385662404e-05	5.01652622652177e-05
gene_63	onu_vs_self	102.457976146002	1.03135424005517	0.238112216297743	4.3313789443106	1.48178407935337e-05	5.40668018723993e-05
gene_4968	onu_vs_self	11.5077709774033	2.66714223436108	0.618169144850829	4.31458324404833	1.5990427264223e-05	5.79991768566734e-05
gene_3221	onu_vs_self	83.0847981654992	1.17939206985273	0.277065913113744	4.25672020277916	2.0744770737367e-05	7.38665713443685e-05
gene_2125	onu_vs_self	31.5193637921125	1.65953279185931	0.391080589436935	4.24345476784888	2.2010475372477e-05	7.78874200861525e-05
gene_1985	onu_vs_self	415.64605399467	-1.25484535459398	0.296438945144422	-4.23306510547267	2.3052773364118e-05	8.13403709797403e-05
gene_3289	onu_vs_self	75.2279129791724	-1.28329286145808	0.307535766000167	-4.17282476815194	3.00846321427164e-05	0.000104345401597104
gene_6137	onu_vs_self	52.5918149992422	1.25292125763228	0.301511260316858	4.15547086472188	3.24618311307258e-05	0.000111820231178677
gene_8077	onu_vs_self	559.590254731025	-1.18403033889616	0.289276091817668	-4.09308052890337	4.25679799950108e-05	0.000144481327818117
gene_1964	onu_vs_self	99.7812996760882	1.15645397058544	0.283798575381992	4.07491111972235	4.60319246118445e-05	0.000155131210502909
gene_5660	onu_vs_self	219.673982867943	-1.02815355202576	0.25250475852158	-4.07181851956224	4.66475183037429e-05	0.00015683533255304
gene_7837	onu_vs_self	55.1604547365169	1.13466602171221	0.279838790909275	4.05471313689344	5.01958643815974e-05	0.000167908010592604
gene_7	onu_vs_self	46.3291310521539	1.6670580206065	0.413577357449337	4.03082516627066	5.55813771039398e-05	0.000184624209549757
gene_7275	onu_vs_self	40.120850285066	1.31866716728393	0.329703111248643	3.99955936809304	6.34605273947053e-05	0.000208770989430699
gene_6309	onu_vs_self	75.3844386590822	1.06960233106533	0.268298588167428	3.98661185051729	6.7023538652493e-05	0.000219900916391468
gene_7243	onu_vs_self	59.1005872234136	1.27786192720021	0.329608794335708	3.87690483130344	0.000105793714945077	0.000335405259233283
gene_8226	onu_vs_self	69.5651782724052	1.28662070094865	0.33221771253663	3.87282391153901	0.000107581556573668	0.000340694829548872
gene_2469	onu_vs_self	16.1296583756377	2.4231078135862	0.626079617205831	3.87028701621119	0.000108707293474511	0.000343370639166721
gene_3881	onu_vs_self	56.9260316641964	1.34932060092074	0.350245699519055	3.8524972691273	0.000116919281081223	0.000367816628465736
gene_4480	onu_vs_self	19.8151585720003	2.19194514975601	0.573755346978751	3.82034810010614	0.000133263458253446	0.000415568379835884
gene_3448	onu_vs_self	39.8314914949935	1.27467670384132	0.337022599097811	3.78216982259811	0.000155467235359636	0.0004765378312307
gene_2453	onu_vs_self	55.9476650544128	1.04654933741717	0.279628815228825	3.7426376697293	0.000182098708639251	0.000550411350971748
gene_562	onu_vs_self	49.8647641249732	1.25099158637385	0.338273208652866	3.69816927375296	0.000217160058377545	0.000649053805765289
gene_171	onu_vs_self	37.6593554377833	1.29194596282309	0.350228605805183	3.68886476263947	0.000225256906744345	0.000671378524279802
gene_3477	onu_vs_self	43.8052472722936	1.76230339150926	0.481234220584219	3.66204919793489	0.000250205792345305	0.000739303273205318
gene_5898	onu_vs_self	6.27090118481526	3.82537556609733	1.04873259376654	3.64761769476281	0.0002646830783537	0.000779390144722281
gene_7053	onu_vs_self	40.5354484008717	-1.18764105193476	0.326919090606279	-3.63282869083066	0.000280331139950922	0.00082207418909897
gene_2366	onu_vs_self	17.4513347184693	1.71931106353276	0.481653928378099	3.56959834070553	0.000357528986667728	0.00102906796431599
gene_2028	onu_vs_self	71.9466759958869	1.2113056250803	0.340696780481092	3.55537737506599	0.000377436951622103	0.00108055528624923
gene_4745	onu_vs_self	52.271190357949	1.04689866306248	0.296592365883312	3.52975593267414	0.000415943185836898	0.00118524423127958
gene_7731	onu_vs_self	61.8366963094707	1.33339611146077	0.380209480903498	3.50700384507034	0.000453182600142946	0.00128027823670746
gene_6649	onu_vs_self	119.677393204938	-1.254846532141	0.358578990482826	-3.49949820108354	0.000466134750048108	0.00131383386908522
gene_1405	onu_vs_self	11.3407703270551	3.66085647709682	1.04970024542814	3.48752559889482	0.000487512251540584	0.00136867985345602
gene_3361	onu_vs_self	33.355574538979	-1.10841229593056	0.317874824050466	-3.48694584178391	0.000488570284579433	0.00137091709648793
gene_8505	onu_vs_self	366.097221488632	-2.00123925204993	0.576808250354425	-3.46950524861641	0.00052141787969616	0.00145251525233075
gene_5893	onu_vs_self	24.5815851501156	1.40591596884507	0.414424643887677	3.39245261974845	0.000692699107911259	0.00188657472596894
gene_2775	onu_vs_self	34.6325200615228	-1.20189112073649	0.357703944041905	-3.36001640674024	0.000779378439670233	0.00210722660883676
gene_3446	onu_vs_self	32.3939477168632	1.32383884422305	0.395564541210234	3.34670756932042	0.000817774294472197	0.00220364325726548
gene_8531	onu_vs_self	11.6341228709754	-1.82755379793261	0.551367372539235	-3.3145845926938	0.000917794050145841	0.00245125785927209
gene_3288	onu_vs_self	6.07241551886537	-2.39145977961833	0.725463988742857	-3.29645553290997	0.000979131131556728	0.00259163960609944
gene_3454	onu_vs_self	21.4400607016334	-1.44990779828657	0.444910015001462	-3.25887876064513	0.00111853457235452	0.00293161541315208
gene_4163	onu_vs_self	26.6720974650001	1.17854318707856	0.363064108301585	3.24610216248528	0.00116996845774796	0.00305240170628545
gene_6193	onu_vs_self	18.3492822385879	1.74786420931401	0.545020742782609	3.20696823462218	0.00134141807020334	0.00345339509201222
gene_4420	onu_vs_self	4.07251634471884	-3.66144318837298	1.15337610718798	-3.17454398921082	0.00150072141632116	0.00382668314677066
gene_2985	onu_vs_self	72.9630158602899	1.11598460065047	0.351567878923644	3.17430763034197	0.00150194412709338	0.00382866043118503
gene_1512	onu_vs_self	18.452381283645	3.00968876096065	0.959016018143849	3.13830916691655	0.00169925542414989	0.0042856884003309
gene_7337	onu_vs_self	10.3456174629855	1.87101798675783	0.600634707019192	3.11506805199994	0.00183902476607792	0.00459748438472283
gene_8632	onu_vs_self	20.0039731951171	1.39796057420158	0.469220215003081	2.97932725296671	0.00288882067652229	0.00694810480220027
gene_6047	onu_vs_self	13.443083841341	1.57644910887862	0.532959779707037	2.95791384060008	0.00309728682717601	0.00740580313983985
gene_8142	onu_vs_self	170.87636249034	-1.08139647417683	0.366114053051008	-2.95371473770268	0.00313974084094345	0.00749266283760132
gene_1924	onu_vs_self	21.4747653989562	-1.56902133281203	0.53935685584143	-2.90905977335591	0.00362517541498717	0.00852748050351476
gene_8592	onu_vs_self	7.76542899157491	-1.86402066624206	0.653688322021825	-2.85154347025312	0.00435075369102429	0.0101002900749678
gene_5990	onu_vs_self	19.2987088433694	-1.29632840181322	0.455438956691407	-2.84632744469327	0.00442266913920476	0.0102596335586972
gene_8235	onu_vs_self	28.9830200929824	1.20355157500314	0.429046821434405	2.80517536752605	0.00502892105379684	0.01151620230618
gene_6957	onu_vs_self	6.09619771355304	3.90662838926109	1.39515028536982	2.80014879416774	0.00510790560542335	0.0116783311918867
gene_188	onu_vs_self	3.67199042905647	3.83963310122045	1.37530092392582	2.79184943049421	0.00524077369395812	0.0119501925466919
gene_1230	onu_vs_self	21.6174929994559	1.37252900407625	0.492754043806206	2.78542413061565	0.00534577484785437	0.0121604657713615
gene_3459	onu_vs_self	7.60284821280822	2.22557841735823	0.804515550103768	2.7663584837747	0.00566861823293102	0.0127928742615053
gene_6714	onu_vs_self	19.0145999283079	-1.1002276919007	0.400431226845584	-2.74760712486835	0.00600318945017061	0.0134733355252911
gene_8274	onu_vs_self	15.6962660554087	1.32103035635859	0.485066567143438	2.72340013895031	0.00646137462254924	0.0144109866516471
gene_3598	onu_vs_self	22.3339900733373	1.25524043125653	0.466053218390161	2.69334140764518	0.00707397907490892	0.0156024892762743
gene_6711	onu_vs_self	5.66045268027011	2.30961053903596	0.86109832771441	2.68216818532942	0.00731466754194778	0.0160506419274732
gene_4666	onu_vs_self	13.0123900620536	1.60075101451608	0.600450934685329	2.66591476846475	0.00767791556846751	0.0167617845616123
gene_1210	onu_vs_self	24.6415512848691	1.07799679403016	0.405309897311384	2.65968534492009	0.00782136828834062	0.0170445296711293
gene_5005	onu_vs_self	7.93364869516196	2.78801685726126	1.05851439199246	2.63389603235657	0.00844113307460075	0.018264939109854
gene_2567	onu_vs_self	8.33065532368288	1.80644970839673	0.693014668594131	2.60665436138797	0.00914316021125409	0.0196252385677871
gene_7207	onu_vs_self	24.9644823973312	1.2378350543553	0.479580944794375	2.58107639136086	0.00984927845178194	0.0209830322417256
gene_1456	onu_vs_self	14.4441957502697	1.37343698665082	0.538396208390722	2.55097819272549	0.0107421046999986	0.0227323649522838
gene_2958	onu_vs_self	14.2359853843173	-1.11177626333363	0.442417485881334	-2.51295732834537	0.0119723815347013	0.0251185259649615
gene_7794	onu_vs_self	19.5518696127324	-1.22483090011686	0.487998774169975	-2.50990569023486	0.0120763409311972	0.0253004249974802
gene_1828	onu_vs_self	6.72691722400452	2.43934364181994	0.975337369681465	2.50102550937488	0.0123834258304659	0.0258731083985327
gene_7088	onu_vs_self	62.6622808900568	1.09393380462405	0.438243272559539	2.49617934403187	0.0125539112461973	0.0261718169185215
gene_1310	onu_vs_self	3.4638144103854	3.42000497346325	1.38193919600615	2.47478686714089	0.0133315707940092	0.0276248477358312
gene_6397	onu_vs_self	17.048144323255	1.03618432090354	0.419935027628255	2.46748723667036	0.0136065072015104	0.0281196768819239
gene_6463	onu_vs_self	14.0128190095138	-1.34954016572523	0.558343065122305	-2.41704473472705	0.0156470939832742	0.0318599249516716
gene_5615	onu_vs_self	7.65870765622771	2.12392851450556	0.885371602881329	2.39891194566609	0.0164438684553584	0.0333553350658456
gene_1907	onu_vs_self	9.47922350869669	-1.72528042929939	0.719640445871993	-2.39742004385101	0.0165109840207277	0.0334676825047191
gene_3043	onu_vs_self	26.2558097804178	1.06461261130034	0.449772521931708	2.3670023387111	0.0179328194918192	0.035983341502572
gene_7566	onu_vs_self	5.44816506744995	2.14112252344191	0.905970505425602	2.36334683151309	0.01811071136773	0.0362977497793887
gene_8624	onu_vs_self	17.5558531718328	1.16181803439704	0.496522711990699	2.33990914481834	0.0192884315287247	0.0383528394624585
gene_4189	onu_vs_self	1.49334887255419	-3.9442334768481	1.69152896670405	-2.33175638992069	0.0197135104306113	0.0390800484682799
gene_6444	onu_vs_self	16.2755530948796	-1.01359142670333	0.435731909277978	-2.32618131727576	0.0200088799093682	0.0395922357892261
gene_6727	onu_vs_self	11.2444124881255	1.65867461650562	0.729741870807115	2.2729607315407	0.023028546435696	0.0448111746964215
gene_7980	onu_vs_self	1.71011489926817	4.09966085699207	1.80444948369305	2.27197319406335	0.0230881294307726	0.0449169063471394
gene_4746	onu_vs_self	24.520496416257	1.3495127651686	0.596552182831578	2.26218728890245	0.0236858343194488	0.0459023639969395
gene_4138	onu_vs_self	12.9653593704014	1.2748980248757	0.564130117419378	2.25993611315726	0.0238252161876981	0.0461098463863206
gene_4192	onu_vs_self	1.19379430328137	-4.44629153548023	1.97627120757513	-2.24983874603719	0.0244591834565155	0.0471767936880966
gene_5241	onu_vs_self	6.00589121976159	-1.95770471699344	0.873880201069968	-2.24024381671132	0.0250750984832484	0.0481477889225227
gene_7662	onu_vs_self	1.68464456946713	4.10893268091376	1.83453535929476	2.23976750303322	0.0251060206294267	0.0481963526772579
gene_5667	onu_vs_self	1.8044446612348	-3.69790857301146	1.65654065986343	-2.23230776195757	0.0255946292288935	0.0490353684421058
gene_671	onu_vs_self	14.5392128341886	1.2657244655476	0.567815686595537	2.22911148005883	0.0258064882671949	0.049385991407822
