Gene ID	CAZy ID	% Identical	Length	Mismatches	Gap Open	Gene Start	Gene End	CAZy Start	CAZy End	E Value	Bit Score
mRNA_3	GH43_36|CBM91|GH43_36|2085|Theste1_GeneCatalog_proteins_20220718.aa.fasta	41.0	578	243	12	110	662	45	549	4.54e-113	369
mRNA_4	GT2|3411|Exoaq1_GeneCatalog_proteins_20160901.aa.fasta	42.8	456	250	4	31	486	22	466	1.9599999999999997e-126	383
mRNA_6	CE4|13514|Pensub1_GeneCatalog_proteins_20160929.aa.fasta	68.3	429	127	2	42	470	35	454	1.01e-193	566
mRNA_10	QKD61358.1|GH35	74.3	479	121	2	23	500	26	503	6.470000000000001e-247	723
mRNA_14	GH78|1978574|Ophnu1_GeneCatalog_proteins_20170425.aa.fasta	100.0	816	0	0	1	816	1	816	0.0	1699
mRNA_19	GH78|GH43_14|CBM91|GH43_14|4465|Stely1_GeneCatalog_proteins_20170711.aa.fasta	44.0	887	371	24	17	854	21	830	5.79e-173	561
mRNA_22	GH18|4221|Pocchl1_GeneCatalog_proteins_20170916.aa.fasta	47.8	504	178	18	203	693	160	591	2.5500000000000004e-103	334
mRNA_23	GH0|479650|Asplac1_GeneCatalog_proteins_20140612.aa.fasta	46.6	483	197	14	801	1280	779	1203	6.96e-111	383
mRNA_26	ULT88936.1|GH47	51.3	335	159	1	44	374	688	1022	8.37e-104	335
mRNA_58	GH78|2559815|Fusox3_1_GeneCatalog_proteins_20230106.aa.fasta	43.5	1293	507	33	6	1277	5	1094	2.2900000000000002e-269	823
mRNA_60	GH37|1001|Clagr3_GeneCatalog_proteins_20111121.aa.fasta	45.9	780	368	13	65	841	711	1439	7.62e-205	627
mRNA_65	GH3|285|Pocchl1_GeneCatalog_proteins_20170916.aa.fasta	46.9	989	326	32	15	988	56	860	2.2099999999999998e-228	675
mRNA_80	GT39|639|Pocchl1_GeneCatalog_proteins_20170916.aa.fasta	54.1	1528	624	27	44	1547	29	1503	0.0	1631
mRNA_81	GH132|1978641|Ophnu1_GeneCatalog_proteins_20170425.aa.fasta	100.0	470	0	0	1	470	1	470	2.09e-290	797
mRNA_105	GH47|424120|Annbov1_GeneCatalog_proteins_20190619.aa.fasta	52.0	506	236	4	18	518	697	1200	1.3799999999999999e-172	526
mRNA_108	GH16|4897|Ascsa1_GeneCatalog_proteins_20140116.aa.fasta	34.6	1164	579	24	20	1177	336	1323	2.8400000000000003e-179	569
mRNA_121	AMJ20771.1|GH13_26	35.4	975	480	27	86	1035	10	859	1.2499999999999999e-147	467
mRNA_127	AA11|1978687|Ophnu1_GeneCatalog_proteins_20170425.aa.fasta	100.0	424	0	0	1	424	1	424	1.01e-197	558
mRNA_128	GH105|12056|Pyrco1_GeneCatalog_proteins_20131110.aa.fasta	49.3	1449	665	12	102	1532	60	1456	0.0	1333
mRNA_129	GH79|279057|Asppsen1_GeneCatalog_proteins_20160914.aa.fasta	34.7	755	412	19	9	747	15	704	5.62e-118	386
mRNA_163	CE8|222404|Krezon1_GeneCatalog_proteins_20220127.aa.fasta	50.3	545	244	8	1	536	493	1019	3.94e-165	511
mRNA_164	GH132|1978724|Ophnu1_GeneCatalog_proteins_20170425.aa.fasta	100.0	590	0	0	1	590	1	590	7.62e-305	843
mRNA_174	GH18|1978734|Ophnu1_GeneCatalog_proteins_20170425.aa.fasta	100.0	435	0	0	1	435	1	435	0.0	872
mRNA_175	GH72|4578|Fonnu1_GeneCatalog_proteins_20170705.aa.fasta	39.8	1426	777	19	145	1533	668	2048	9.76e-313	951
mRNA_187	GT0|1978747|Ophnu1_GeneCatalog_proteins_20170425.aa.fasta	99.8	495	1	0	1	495	1	495	1.26e-306	840
mRNA_194	GT50|2129455|Porspa1_GeneCatalog_proteins_20220228.aa.fasta	82.0	189	34	0	1	189	1	189	4.12e-107	325
mRNA_210	CBM18|CE4|1978770|Ophnu1_GeneCatalog_proteins_20170425.aa.fasta	100.0	454	0	0	1	454	1	454	0.0	881
mRNA_269	GH92|1614|Diaam1_GeneCatalog_proteins_20150926.aa.fasta	36.3	1522	764	35	503	2012	642	1969	1.58e-235	758
mRNA_275	CBA03971.1|GT30	60.2	402	157	3	7	407	4	403	1.22e-158	479
mRNA_278	GH15|1978838|Ophnu1_GeneCatalog_proteins_20170425.aa.fasta	100.0	703	0	0	1	703	1	703	0.0	1436
mRNA_284	GH47|645|Pocchl1_GeneCatalog_proteins_20170916.aa.fasta	48.3	693	259	16	795	1466	379	993	1.0299999999999999e-138	467
mRNA_287	GH5|1978847|Ophnu1_GeneCatalog_proteins_20170425.aa.fasta	100.0	284	0	0	1	284	1	284	3.37e-209	576
mRNA_289	GH20|3889|Pocchl1_GeneCatalog_proteins_20170916.aa.fasta	46.5	404	198	6	19	414	41	434	1.75e-114	348
mRNA_297	GH154|1978857|Ophnu1_GeneCatalog_proteins_20170425.aa.fasta	100.0	679	0	0	1	679	1	679	0.0	1416
mRNA_300	GH154|739374|Myche1_GeneCatalog_proteins_20150518.aa.fasta	68.3	1747	407	22	3	1705	5	1648	0.0	1930
mRNA_309	GH5_5|GH5_5|89608|Triatrob1_GeneCatalog_proteins_20181004.aa.fasta	53.6	360	122	9	1	357	337	654	2.3500000000000003e-110	341
mRNA_318	GH71|1378654|Suipic1_GeneCatalog_proteins_20160216.aa.fasta	36.5	1034	436	30	384	1346	817	1700	7.18e-149	502
mRNA_321	GH0|7782|Cormi1_GeneCatalog_proteins_20131203.aa.fasta	38.4	2140	813	75	173	2194	551	2302	2.86e-280	891
mRNA_323	GH2_16|GH2_16|11657|Exoaq1_GeneCatalog_proteins_20160901.aa.fasta	34.1	681	354	17	80	744	23	624	2.76e-107	346
mRNA_326	GH63|323916|Pcas15300_1_GeneCatalog_proteins_20220601.aa.fasta	42.5	461	202	9	10	468	8	407	1.93e-108	353
mRNA_330	GT8|11967|Magpo1_GeneCatalog_proteins_20150720.aa.fasta	83.0	235	38	2	1	235	1	233	1.37e-133	393
mRNA_335	GH76|335150|Clasam1_GeneCatalog_proteins_20220224.aa.fasta	65.8	600	180	11	5	598	451	1031	1.04e-237	691
mRNA_336	GH76|1978896|Ophnu1_GeneCatalog_proteins_20170425.aa.fasta	100.0	652	0	0	1	652	1	652	0.0	1238
mRNA_343	WFD05872.1|GH43_26	41.9	577	274	16	4	537	54	612	1.9600000000000002e-123	395
mRNA_344	AA3_2|AA3_2|3889|Exoaq1_GeneCatalog_proteins_20160901.aa.fasta	44.9	962	483	16	11	965	13	934	1.03e-241	730
mRNA_345	GT50|26967|Rozal_SC1_GeneCatalog_proteins_20141014.aa.fasta	45.0	442	223	7	476	913	467	892	3.98e-106	356
mRNA_362	GH27|2157|Byssp1_GeneCatalog_proteins_20170705.aa.fasta	51.1	752	337	9	595	1344	509	1231	1.8100000000000002e-252	777
mRNA_363	GT31|13421|Pocchl1_GeneCatalog_proteins_20170916.aa.fasta	39.4	554	291	10	76	596	6	547	6.08e-124	382
mRNA_372	GH16_1|GH16_1|1978932|Ophnu1_GeneCatalog_proteins_20170425.aa.fasta	100.0	375	0	0	1	375	1	375	2.24e-278	758
mRNA_373	QDS73620.1|GT8	52.6	669	230	17	4	655	790	1388	2.12e-149	473
mRNA_375	GH18|638368|Theau2_GeneCatalog_proteins_20190613.aa.fasta	42.7	532	263	13	89	599	376	886	1.5999999999999997e-126	401
mRNA_386	WAQ84589.1|GH36	62.9	669	245	3	697	1365	799	1464	2.1499999999999998e-284	853
mRNA_388	GH20|3137|Penant1_GeneCatalog_proteins_20170601.aa.fasta	52.5	625	279	8	44	668	29	635	4.66e-206	620
mRNA_394	GH16_1|GH16_1|1978954|Ophnu1_GeneCatalog_proteins_20170425.aa.fasta	100.0	811	0	0	1	811	1	811	7.280000000000001e-303	860
mRNA_395	GH16_1|GH16_1|2669|Grocl1_GeneCatalog_proteins_20131017.aa.fasta	67.0	324	88	1	31	335	733	1056	4.2500000000000004e-144	439
mRNA_397	GH31_15|GH31_15|2706|Aspbom1_GeneCatalog_proteins_20170529.aa.fasta	76.8	298	68	1	3	300	764	1060	4.48e-145	440
mRNA_416	GT31|6526|Neodi1_GeneCatalog_proteins_20170711.aa.fasta	69.4	1459	416	5	9	1466	490	1919	0.0	2033
mRNA_445	GT1|1979005|Ophnu1_GeneCatalog_proteins_20170425.aa.fasta	100.0	229	0	0	1	229	1	229	1.36e-167	466
mRNA_448	GH31_1|GH31_1|781977|Suitom1_GeneCatalog_proteins_20170729.aa.fasta	63.3	558	180	5	264	817	646	1182	2.37e-237	704
mRNA_453	GH76|12987|Pocchl1_GeneCatalog_proteins_20170916.aa.fasta	70.8	315	87	3	6	319	7	317	2.53e-153	442
mRNA_463	GH16_2|GH16_2|9394|Exoaq1_GeneCatalog_proteins_20160901.aa.fasta	63.0	616	210	4	1	612	1	602	3.84e-278	777
mRNA_474	QDS71101.1|GT1	50.9	684	321	8	79	761	1437	2106	4.4900000000000004e-209	652
mRNA_481	AA14|671|Exoaq1_GeneCatalog_proteins_20160901.aa.fasta	59.5	464	166	8	5	461	2	450	2.5399999999999997e-190	543
mRNA_482	GH0|1979042|Ophnu1_GeneCatalog_proteins_20170425.aa.fasta	100.0	651	0	0	1	651	1	651	0.0	1321
mRNA_487	GT90|269857|Krezon1_GeneCatalog_proteins_20220127.aa.fasta	57.2	505	120	3	108	612	1001	1409	9.190000000000001e-166	515
mRNA_492	GH16_1|GH16_1|6799|Aspnom13137_1_GeneCatalog_proteins_20160919.aa.fasta	48.4	1520	600	33	110	1605	101	1459	0.0	1293
mRNA_506	GH36|123061|Acastr1_GeneCatalog_proteins_20160720.aa.fasta	73.0	466	125	1	5	470	900	1364	1.06e-239	701
mRNA_508	GH31_1|GH31_1|7341|Stely1_GeneCatalog_proteins_20170711.aa.fasta	33.7	1414	694	33	399	1791	856	2046	3.54e-198	652
mRNA_532	AA9|1979092|Ophnu1_GeneCatalog_proteins_20170425.aa.fasta	100.0	378	0	0	1	378	1	378	1.9399999999999998e-285	776
mRNA_535	WEJ93299.1|GT4	47.7	724	242	18	144	857	89	685	1.85e-201	611
mRNA_538	PL38|9411|MoalAD071_1_GeneCatalog_proteins_20210416.aa.fasta	57.3	293	124	1	25	316	637	929	4.92e-116	363
mRNA_539	GH88|7034|Clasph1_GeneCatalog_proteins_20160727.aa.fasta	49.5	459	202	4	100	545	105	546	1.08e-130	423
mRNA_545	GT2|1979105|Ophnu1_GeneCatalog_proteins_20170425.aa.fasta	100.0	1884	0	0	1	1884	1	1884	0.0	3663
mRNA_546	GT2|1979106|Ophnu1_GeneCatalog_proteins_20170425.aa.fasta	100.0	1829	0	0	1	1829	1	1829	0.0	3616
mRNA_547	AA3_2|AA3_2|13978|Ocuya1_GeneCatalog_proteins_20220708.aa.fasta	64.6	802	194	11	1	795	1	719	8.7e-311	909
mRNA_549	GH6|1979109|Ophnu1_GeneCatalog_proteins_20170425.aa.fasta	100.0	398	0	0	1	398	1	398	4.29e-290	790
mRNA_552	GT0|12971|Exoaq1_GeneCatalog_proteins_20160901.aa.fasta	58.9	443	159	3	19	460	15	435	1.12e-155	454
mRNA_559	GT3|1979119|Ophnu1_GeneCatalog_proteins_20170425.aa.fasta	100.0	704	0	0	1	704	1	704	0.0	1430
mRNA_560	GH27|142397|Aspala1_GeneCatalog_proteins_20160910.aa.fasta	39.8	563	252	12	88	648	47	524	6.99e-107	352
mRNA_570	PL1_4|PL1_4|1182412|Mycden1_GeneCatalog_proteins_20210907.aa.fasta	79.5	464	90	2	158	616	816	1279	1.4899999999999998e-249	735
mRNA_581	AA11|3170|Talabor1_GeneCatalog_proteins_20170517.aa.fasta	75.2	371	89	2	1	368	397	767	5.0399999999999994e-188	544
mRNA_590	GT1|2074615|Phoaln1_GeneCatalog_proteins_20160826.aa.fasta	48.6	1295	528	29	92	1374	71	1240	0.0	1051
mRNA_592	GT15|1979152|Ophnu1_GeneCatalog_proteins_20170425.aa.fasta	100.0	394	0	0	1	394	1	394	7.55e-317	857
mRNA_593	GH18|329154|Schcon1_GeneCatalog_proteins_20220223.aa.fasta	46.5	846	411	9	1	843	1	807	2.6599999999999997e-228	686
mRNA_596	GH3|7119|Aspnom13137_1_GeneCatalog_proteins_20160919.aa.fasta	54.6	531	206	8	5	516	900	1414	3.1699999999999996e-189	573
mRNA_616	GH28|1979176|Ophnu1_GeneCatalog_proteins_20170425.aa.fasta	100.0	457	0	0	1	457	1	457	0.0	917
mRNA_619	GH81|1996|Pocchl1_GeneCatalog_proteins_20170916.aa.fasta	55.9	431	151	10	7	429	8	407	3.28e-130	405
mRNA_631	AA9|1979191|Ophnu1_GeneCatalog_proteins_20170425.aa.fasta	100.0	230	0	0	1	230	1	230	2.6399999999999998e-170	473
mRNA_636	CE12|1979196|Ophnu1_GeneCatalog_proteins_20170425.aa.fasta	100.0	268	0	0	1	268	1	268	9.24e-199	548
mRNA_648	GH7|1979208|Ophnu1_GeneCatalog_proteins_20170425.aa.fasta	100.0	456	0	0	1	456	1	456	0.0	942
mRNA_660	GH5_9|GH5_9|5057|Thelan1_GeneCatalog_proteins_20160730.aa.fasta	72.5	371	101	1	1	370	1	371	3.71e-181	543
mRNA_666	CBM1|CE1|41342|Stalo1_GeneCatalog_proteins_20220406.aa.fasta	45.1	523	283	3	61	581	30	550	5.62e-145	447
mRNA_667	QKX55219.1|GH27	45.9	765	313	12	47	807	869	1536	3.41e-208	639
mRNA_668	GH3|330285|Schco_TatD_1_GeneCatalog_proteins_20130515.aa.fasta	49.8	605	235	12	829	1408	1735	2295	9.8e-150	513
mRNA_677	GH25|6671|Pocchl1_GeneCatalog_proteins_20170916.aa.fasta	56.5	315	112	7	1	315	1	290	1.8200000000000002e-116	343
mRNA_679	GH10|5492|Fonmo1_GeneCatalog_proteins_20170704.aa.fasta	40.4	621	293	18	209	811	616	1177	1.18e-118	392
mRNA_693	GH47|2343|EndpusZ1_GeneCatalog_proteins_20180130.aa.fasta	59.5	702	221	5	1	678	576	1238	2.47e-286	827
mRNA_705	GH35|1979265|Ophnu1_GeneCatalog_proteins_20170425.aa.fasta	100.0	1048	0	0	1	1048	1	1048	0.0	2115
mRNA_711	CE16|390012|Krezon1_GeneCatalog_proteins_20220127.aa.fasta	37.4	1336	718	18	94	1360	44	1329	4.11e-245	756
mRNA_714	GT39|1129|Sakvas1_GeneCatalog_proteins_20160730.aa.fasta	55.9	460	193	5	19	475	30	482	3.69e-159	485
mRNA_727	GT8|9714|ChetHm540_1_GeneCatalog_proteins_20210514.aa.fasta	66.7	1531	495	6	27	1552	994	2514	0.0	1977
mRNA_732	GH154|354842|Dotsy1_GeneCatalog_proteins_20131210.aa.fasta	81.7	295	54	0	1	295	770	1064	1.78e-168	503
mRNA_738	GH3|1979298|Ophnu1_GeneCatalog_proteins_20170425.aa.fasta	100.0	879	0	0	1	879	1	879	0.0	1733
mRNA_753	QRW00673.1|GT90	43.1	671	314	8	3	669	2	608	4.23e-161	508
mRNA_772	GH16|1979332|Ophnu1_GeneCatalog_proteins_20170425.aa.fasta	100.0	168	0	0	1	168	1	168	1.67e-122	347
mRNA_782	GH16_18|GH16_18|CBM50|10104|Exoaq1_GeneCatalog_proteins_20160901.aa.fasta	67.3	376	109	5	1	371	1	367	7.83e-158	453
mRNA_822	USP82126.1|CE5	44.3	530	250	15	53	576	162	652	1.08e-131	411
mRNA_825	GH6|305562|Cyaste1_GeneCatalog_proteins_20220716.aa.fasta	65.7	466	145	6	63	526	403	855	2.0999999999999997e-197	578
mRNA_828	CUS02994.1|GT2	38.5	587	290	10	804	1358	1	548	2.21e-107	357
mRNA_832	GH79|6882|Exoaq1_GeneCatalog_proteins_20160901.aa.fasta	64.7	295	101	2	233	524	89	383	3.55e-133	397
mRNA_851	GT32|9360|Pocchl1_GeneCatalog_proteins_20170916.aa.fasta	69.2	370	101	3	9	378	18	374	3.4e-186	525
mRNA_865	GH3|1393|Dipse1_GeneCatalog_proteins_20150930.aa.fasta	38.9	594	282	17	1	568	1	539	3.22e-107	356
mRNA_870	GT90|1979430|Ophnu1_GeneCatalog_proteins_20170425.aa.fasta	100.0	622	0	0	1	622	1	622	0.0	1273
mRNA_874	CBM18|CBM18|CBM18|CE4|11141|CadmalM221_1_GeneCatalog_proteins_20220609.aa.fasta	39.5	1171	448	33	11	1129	576	1538	2.52e-146	483
mRNA_878	QZK27805.1|GT3	48.7	874	340	17	23	837	759	1583	2.6399999999999998e-225	706
mRNA_879	GH12|95415|Mixos1_GeneCatalog_proteins_20120207.aa.fasta	59.8	376	122	5	63	433	389	740	4.7700000000000005e-144	434
mRNA_882	GH105|4751|Fuspo1_GeneCatalog_proteins_20210311.aa.fasta	40.1	501	274	5	187	687	89	563	2.22e-105	348
mRNA_887	CE9|1944|Pocchl1_GeneCatalog_proteins_20170916.aa.fasta	49.5	398	158	5	184	569	72	438	4.0800000000000004e-103	324
mRNA_888	GH31_3|GH31_3|257682|Aspneoi1_GeneCatalog_proteins_20170406.aa.fasta	34.9	1805	835	43	192	1946	144	1658	1.22e-275	887
mRNA_895	GH10|209646|Venpi1_GeneCatalog_proteins_20150407.aa.fasta	43.6	1093	413	24	1	1086	46	942	6.92e-243	748
mRNA_904	GH16_22|GH16_22|4662|Pocchl1_GeneCatalog_proteins_20170916.aa.fasta	68.2	1465	395	18	19	1472	18	1422	0.0	1788
mRNA_925	GH125|6774|Tolca1_GeneCatalog_proteins_20210310.aa.fasta	51.6	546	260	4	405	948	633	1176	3.7700000000000005e-179	557
mRNA_927	GH29|7511|Neopa1_GeneCatalog_proteins_20130909.aa.fasta	54.4	546	231	7	38	577	1034	1567	1.37e-193	590
mRNA_928	GH29|1979488|Ophnu1_GeneCatalog_proteins_20170425.aa.fasta	100.0	805	0	0	1	805	1	805	0.0	1657
mRNA_929	GH0|4045|Exoaq1_GeneCatalog_proteins_20160901.aa.fasta	59.7	698	254	10	6	690	5	688	2.08e-277	783
mRNA_937	GT0|11508|Exoaq1_GeneCatalog_proteins_20160901.aa.fasta	60.7	522	183	11	55	560	6	521	1.04e-190	550
mRNA_943	CBM14|129668|Aspcand1_GeneCatalog_proteins_20161018.aa.fasta	40.9	470	271	5	107	573	74	539	2.17e-112	358
mRNA_950	GH16|1872440|Ilysp1_GeneCatalog_proteins_20121116.aa.fasta	57.7	470	140	6	13	480	12	424	1.82e-169	511
mRNA_952	GT20|5510|Thelan1_GeneCatalog_proteins_20160730.aa.fasta	47.1	741	345	11	17	750	12	712	3.44e-212	634
mRNA_954	GH72|11495|Horwer1_GeneCatalog_proteins_20160803.aa.fasta	66.6	494	145	5	3	496	805	1278	3.76e-214	641
mRNA_955	GH18|5957|Pocchl1_GeneCatalog_proteins_20170916.aa.fasta	57.8	510	210	1	100	604	62	571	1.03e-215	617
mRNA_956	GH13_22|GH13_22|GT5|2304|Uncre1_GeneCatalog_proteins_20131024.aa.fasta	69.2	389	108	4	148	527	1	386	2.64e-167	531
mRNA_963	GH13_22|GH13_22|GT5|2304|Uncre1_GeneCatalog_proteins_20131024.aa.fasta	71.7	768	202	6	17	781	425	1180	0.0	1098
mRNA_965	GH15|CBM20|7689|Colsub1_GeneCatalog_proteins_20210226.aa.fasta	63.6	492	168	4	11	501	7	488	9.940000000000001e-210	616
mRNA_968	GH43_26|GH43_26|298416|Phcit1_GeneCatalog_proteins_20161221.aa.fasta	55.5	1050	385	12	1	1045	363	1335	0.0	1041
mRNA_969	PL7_4|PL7_4|13084|Pocchl1_GeneCatalog_proteins_20170916.aa.fasta	80.1	236	43	1	1	232	1	236	1.3699999999999999e-126	363
mRNA_973	GT2|1979533|Ophnu1_GeneCatalog_proteins_20170425.aa.fasta	100.0	916	0	0	1	916	1	916	0.0	1833
mRNA_975	UQC84824.1|GT2	87.2	405	48	4	1	402	1726	2129	1.88e-232	699
mRNA_977	GH3|20850|Didma1_GeneCatalog_proteins_20160126.aa.fasta	53.5	527	233	5	91	617	869	1383	8.890000000000001e-177	545
mRNA_984	AA3_2|AA3_2|24578|Bauco1_GeneCatalog_proteins_20110511.aa.fasta	56.4	715	262	6	13	712	618	1297	1.86e-268	783
mRNA_988	GT57|2421|Grocl1_GeneCatalog_proteins_20131017.aa.fasta	68.6	1062	267	13	4	1059	2	1003	0.0	1244
mRNA_989	GT57|1979549|Ophnu1_GeneCatalog_proteins_20170425.aa.fasta	100.0	503	0	0	1	503	1	503	0.0	990
mRNA_998	GH79|5360|Byssp1_GeneCatalog_proteins_20170705.aa.fasta	59.1	323	116	6	91	412	581	888	2.59e-116	366
mRNA_999	CE5|974564|Mycalb1_GeneCatalog_proteins_20180325.aa.fasta	38.3	724	341	13	110	759	238	929	5.01e-135	428
mRNA_1003	GT35|11293|Fuspo1_GeneCatalog_proteins_20210311.aa.fasta	84.4	352	55	0	1	352	1	352	4.8000000000000006e-200	589
mRNA_1004	GT35|1979564|Ophnu1_GeneCatalog_proteins_20170425.aa.fasta	100.0	892	0	0	1	892	1	892	0.0	1796
mRNA_1012	GT8|11570|Lened1_GeneCatalog_proteins_20170819.aa.fasta	58.8	311	105	3	18	305	605	915	4.1199999999999997e-106	337
mRNA_1016	CBM50|356|Corco1_GeneCatalog_proteins_20210223.aa.fasta	64.7	995	229	22	94	1083	53	930	0.0	1011
mRNA_1019	GH18|12727|Pocchl1_GeneCatalog_proteins_20170916.aa.fasta	43.8	728	330	15	34	757	20	672	3.55e-133	415
mRNA_1030	AA3|3496998|Favcal1_2_GeneCatalog_proteins_20220405.aa.fasta	46.6	885	174	14	100	754	209	1024	9.51e-209	637
mRNA_1037	QKX61863.1|GH47	52.6	937	356	13	1	920	832	1697	2.2399999999999997e-229	701
mRNA_1042	GT0|433|Exoaq1_GeneCatalog_proteins_20160901.aa.fasta	44.5	449	244	3	67	515	39	482	7.830000000000001e-125	380
mRNA_1048	GH76|4180|Aspuda1_GeneCatalog_proteins_20160920.aa.fasta	50.0	1173	478	21	1	1147	381	1470	0.0	951
mRNA_1054	GH78|1979614|Ophnu1_GeneCatalog_proteins_20170425.aa.fasta	100.0	928	0	0	1	928	1	928	0.0	1910
mRNA_1055	GT22|5034|Pocchl1_GeneCatalog_proteins_20170916.aa.fasta	71.4	287	81	1	1	287	1	286	8.82e-149	423
mRNA_1056	GH95|11482|Pocchl1_GeneCatalog_proteins_20170916.aa.fasta	42.5	691	354	15	9	678	6	674	1.5e-163	491
mRNA_1063	GH43_6|GH43_6|1979623|Ophnu1_GeneCatalog_proteins_20170425.aa.fasta	100.0	322	0	0	1	322	1	322	1.55e-249	681
mRNA_1064	GT1|1979624|Ophnu1_GeneCatalog_proteins_20170425.aa.fasta	100.0	697	0	0	1	697	1	697	0.0	1315
mRNA_1075	CBM21|1979635|Ophnu1_GeneCatalog_proteins_20170425.aa.fasta	100.0	849	0	0	1	849	1	849	0.0	1564
mRNA_1079	CE1|1979639|Ophnu1_GeneCatalog_proteins_20170425.aa.fasta	100.0	292	0	0	1	292	1	292	3.02e-216	594
mRNA_1081	GH26|CBM35|17339|Didma1_GeneCatalog_proteins_20160126.aa.fasta	56.4	473	193	2	1	473	50	509	6.07e-183	541
mRNA_1082	AA3_2|AA3_2|46011|Achma1_GeneCatalog_proteins_20220407.aa.fasta	49.7	431	174	12	20	428	592	1001	8.77e-109	353
mRNA_1083	AA1_2|AA1_2|260|Marbr1_GeneCatalog_proteins_20141203.aa.fasta	39.8	2145	1164	42	86	2201	874	2919	0.0	1376
mRNA_1086	GH17|2690|Pocchl1_GeneCatalog_proteins_20170916.aa.fasta	72.6	252	60	2	1	245	1	250	3.2299999999999996e-120	348
mRNA_1090	PL3_2|PL3_2|578620|Collu1_GeneCatalog_proteins_20160428.aa.fasta	47.8	645	251	11	231	864	39	608	6.27e-162	514
mRNA_1100	GH55_2|GH55_2|3867|Mycthe1_GeneCatalog_proteins_20220709.aa.fasta	76.1	348	66	3	1	331	1733	2080	1.9900000000000002e-157	491
mRNA_1103	GH16_10|GH16_10|477634|XylFL1651_GeneCatalog_proteins_20190321.aa.fasta	48.6	911	393	15	152	1048	303	1152	1.31e-279	819
mRNA_1105	GT20|5351|Thelan1_GeneCatalog_proteins_20160730.aa.fasta	51.5	447	156	10	21	466	506	892	1.3500000000000001e-132	411
mRNA_1107	CAG5112430.1|GT18	40.0	760	298	13	246	995	632	1243	8.44e-143	471
mRNA_1109	GH31_1|GH31_1|1979669|Ophnu1_GeneCatalog_proteins_20170425.aa.fasta	100.0	1041	0	0	1	1041	1	1041	0.0	2016
mRNA_1110	AA1_3|AA1_3|9757|Exoaq1_GeneCatalog_proteins_20160901.aa.fasta	39.9	531	295	7	18	531	23	546	5.750000000000001e-116	363
mRNA_1111	CE4|251062|Armosto1_GeneCatalog_proteins_20170112.aa.fasta	52.2	462	212	5	3	461	410	865	9.08e-146	449
mRNA_1113	GH3|6316|Stely1_GeneCatalog_proteins_20170711.aa.fasta	44.8	1218	591	24	251	1431	1244	2417	1.06e-279	878
mRNA_1114	GH16_1|GH16_1|391528|ChetPR9b_4_GeneCatalog_proteins_20220623.aa.fasta	67.9	399	126	2	1	398	1	398	1.54e-172	513
mRNA_1119	GT31|6526|Neodi1_GeneCatalog_proteins_20170711.aa.fasta	33.0	1538	841	36	14	1495	501	1904	4.78e-217	700
mRNA_1125	GT1|1979685|Ophnu1_GeneCatalog_proteins_20170425.aa.fasta	100.0	1371	0	0	1	1371	1	1371	0.0	2597
mRNA_1129	AA2|1979689|Ophnu1_GeneCatalog_proteins_20170425.aa.fasta	100.0	362	0	0	1	362	1	362	1.38e-270	738
mRNA_1130	AA2|42417|Achma1_GeneCatalog_proteins_20220407.aa.fasta	65.2	594	191	5	1	588	1	584	1.07e-271	773
mRNA_1149	GT62|534608|Podfim1_GeneCatalog_proteins_20220226.aa.fasta	66.7	1593	465	13	59	1645	504	2036	0.0	1987
mRNA_1150	GT62|1979710|Ophnu1_GeneCatalog_proteins_20170425.aa.fasta	100.0	513	0	0	1	513	1	513	0.0	895
mRNA_1153	GH16_18|GH16_18|592733|Pcit141352_GeneCatalog_proteins_20200614.aa.fasta	55.4	767	241	7	236	1002	538	1203	2.4400000000000002e-276	835
mRNA_1161	CBM14|129668|Aspcand1_GeneCatalog_proteins_20161018.aa.fasta	40.3	526	304	4	31	556	46	561	7.830000000000001e-125	386
mRNA_1165	GH125|1979725|Ophnu1_GeneCatalog_proteins_20170425.aa.fasta	100.0	541	0	0	1	541	1	541	0.0	1101
mRNA_1166	CE5|12744|Pocchl1_GeneCatalog_proteins_20170916.aa.fasta	61.6	445	164	2	9	453	10	447	4.33e-193	549
mRNA_1175	GH125|115859|Tribre1_GeneCatalog_proteins_20190327.aa.fasta	67.9	520	135	5	4	521	9	498	1.77e-236	685
mRNA_1176	GH125|9709|Trigui1_GeneCatalog_proteins_20180905.aa.fasta	51.3	460	193	8	47	503	591	1022	1.5199999999999999e-137	429
mRNA_1184	GT2|1979744|Ophnu1_GeneCatalog_proteins_20170425.aa.fasta	100.0	1372	0	0	1	1372	1	1372	0.0	2595
mRNA_1189	WFD19281.1|GH16_2	43.4	571	315	3	6	572	5	571	2.2500000000000002e-154	484
mRNA_1192	GH76|322322|Pcas15300_1_GeneCatalog_proteins_20220601.aa.fasta	44.1	456	250	2	102	552	57	512	3.33e-119	384
mRNA_1205	GT15|4198|Byssp1_GeneCatalog_proteins_20170705.aa.fasta	48.7	472	192	10	9	439	5	467	2.48e-114	363
mRNA_1207	GH16_1|GH16_1|7965|Armcep1_GeneCatalog_proteins_20170112.aa.fasta	43.8	470	235	6	7	449	5	472	8.439999999999999e-119	374
mRNA_1209	GT24|2102|Ompol1_GeneCatalog_proteins_20130516.aa.fasta	45.5	554	253	11	25	543	12	551	2.19e-145	467
mRNA_1211	AA1_2|AA1_2|1979771|Ophnu1_GeneCatalog_proteins_20170425.aa.fasta	100.0	622	0	0	1	622	1	622	0.0	1266
mRNA_1212	AA1_2|AA1_2|278407|Asppset1_GeneCatalog_proteins_20160915.aa.fasta	50.2	329	153	5	1	322	1	325	6.4e-104	333
mRNA_1213	GH76|1979773|Ophnu1_GeneCatalog_proteins_20170425.aa.fasta	100.0	476	0	0	1	476	1	476	0.0	969
mRNA_1220	GH28|9090|Gansi1_GeneCatalog_proteins_20210227.aa.fasta	63.1	542	181	9	44	574	482	1015	6.2299999999999995e-233	676
mRNA_1236	AA3_3|AA3_3|8735|Exoaq1_GeneCatalog_proteins_20160901.aa.fasta	50.0	812	334	15	54	845	25	784	3.7100000000000005e-245	710
mRNA_1244	GT8|5359|Hypros1_GeneCatalog_proteins_20210912.aa.fasta	33.2	1044	510	35	119	1070	548	1496	8.540000000000001e-123	416
mRNA_1254	GH76|6744|Pocchl1_GeneCatalog_proteins_20170916.aa.fasta	60.9	297	110	4	3	299	43	333	4.57e-121	355
mRNA_1260	AA4|1979820|Ophnu1_GeneCatalog_proteins_20170425.aa.fasta	100.0	599	0	0	1	599	1	599	0.0	1242
mRNA_1261	AA9|384825|Aspsac1_GeneCatalog_proteins_20140605.aa.fasta	35.7	569	334	10	6	558	6	558	1.61e-114	363
mRNA_1272	GH16|15713|Didma1_GeneCatalog_proteins_20160126.aa.fasta	70.2	322	91	2	48	365	593	913	2.34e-143	447
mRNA_1285	CBM1|877564|Crevar1_GeneCatalog_proteins_20151207.aa.fasta	51.8	425	187	3	4	416	40	458	1.59e-153	451
mRNA_1288	AA7|345590|Krezon1_GeneCatalog_proteins_20220127.aa.fasta	44.0	489	215	11	19	481	541	996	6.1e-110	363
mRNA_1290	AA2|734184|Fusoxys1_GeneCatalog_proteins_20180511.aa.fasta	43.4	701	226	5	242	942	474	1003	6.9e-174	538
mRNA_1296	CBM24|CBM24|CBM24|CBM24|GH71|660173|Cadsp1_GeneCatalog_proteins_20140317.aa.fasta	48.2	556	278	3	64	619	1465	2010	1.43e-162	518
mRNA_1302	GH43_14|CBM91|GH43_14|2625|Mycth1_GeneCatalog_proteins_20220630.aa.fasta	67.1	404	109	3	60	462	5	385	1.52e-181	553
mRNA_1307	GH43_21|GH43_21|1979867|Ophnu1_GeneCatalog_proteins_20170425.aa.fasta	100.0	352	0	0	1	352	1	352	1.3499999999999998e-256	701
mRNA_1308	GH43_21|GH43_21|1494|Mycth1_GeneCatalog_proteins_20220630.aa.fasta	48.9	491	210	10	1	486	1	455	3.74e-146	452
mRNA_1330	AA9|5107|Exoaq1_GeneCatalog_proteins_20160901.aa.fasta	53.9	571	136	11	1	571	1	444	7.3e-179	518
mRNA_1343	GH7|161329|Coltof1_GeneCatalog_proteins_20180803.aa.fasta	57.1	331	116	4	26	354	496	802	1.6300000000000002e-117	378
mRNA_1347	CE12|1552|Stely1_GeneCatalog_proteins_20170711.aa.fasta	49.6	466	213	8	2	464	3	449	4.1e-139	426
mRNA_1363	GT69|GT69|19096|Rhoglu91_1_GeneCatalog_proteins_20190605.aa.fasta	59.9	344	125	2	55	386	4	346	1.77e-122	394
mRNA_1385	GH15|22358|Didma1_GeneCatalog_proteins_20160126.aa.fasta	42.4	1148	496	24	101	1227	62	1065	1.84e-217	691
mRNA_1388	GH55_2|GH55_2|1979948|Ophnu1_GeneCatalog_proteins_20170425.aa.fasta	100.0	785	0	0	1	785	1	785	0.0	1531
mRNA_1399	CE8|222404|Krezon1_GeneCatalog_proteins_20220127.aa.fasta	79.2	413	82	2	20	432	23	431	2.13e-207	617
mRNA_1403	AA1_2|AA1_2|1979963|Ophnu1_GeneCatalog_proteins_20170425.aa.fasta	100.0	567	0	0	1	567	1	567	0.0	1179
mRNA_1404	AA1_2|AA1_2|260|Marbr1_GeneCatalog_proteins_20141203.aa.fasta	60.1	2175	815	12	3	2171	795	2922	0.0	2558
mRNA_1419	GH30_3|GH30_3|12966|Pocchl1_GeneCatalog_proteins_20170916.aa.fasta	32.4	1090	506	32	539	1609	239	1116	5.580000000000001e-125	430
mRNA_1434	GT0|4311|Pocchl1_GeneCatalog_proteins_20170916.aa.fasta	49.0	627	231	17	39	661	74	615	2.01e-178	526
mRNA_1439	GH3|1979999|Ophnu1_GeneCatalog_proteins_20170425.aa.fasta	100.0	875	0	0	1	875	1	875	0.0	1775
mRNA_1440	GH75|2788|Pocchl1_GeneCatalog_proteins_20170916.aa.fasta	29.8	2850	1397	61	4	2830	3	2267	0.0	1087
mRNA_1443	GH0|143995|Conlig1_GeneCatalog_proteins_20140604.aa.fasta	58.4	339	137	2	30	366	37	373	2.5400000000000002e-129	381
mRNA_1458	QRW23113.1|AA9	28.0	1499	797	24	124	1482	466	1822	1.09e-162	543
mRNA_1464	AA12|3853|Exoaq1_GeneCatalog_proteins_20160901.aa.fasta	42.3	506	155	6	15	475	40	453	1.47e-109	340
mRNA_1474	GH3|363172|Cocvi2_GeneCatalog_proteins_20221119.aa.fasta	47.6	490	207	14	19	501	4	450	1.2600000000000001e-133	421
mRNA_1476	GT0|2748|Pocchl1_GeneCatalog_proteins_20170916.aa.fasta	50.8	526	251	5	27	549	44	564	5.55e-181	526
mRNA_1477	CBM1|2030|Chaol1_GeneCatalog_proteins_20220618.aa.fasta	59.3	324	131	1	13	336	14	336	1.65e-135	398
mRNA_1480	GH43|24856|Fusoxvas1_GeneCatalog_proteins_20191007.aa.fasta	51.3	439	180	7	4	432	5	419	3.4199999999999997e-149	455
mRNA_1481	GH28|1980041|Ophnu1_GeneCatalog_proteins_20170425.aa.fasta	100.0	489	0	0	1	489	1	489	0.0	983
mRNA_1482	GT31|13421|Pocchl1_GeneCatalog_proteins_20170916.aa.fasta	43.5	481	257	4	57	527	48	523	6.59e-126	385
mRNA_1483	PL26|1980043|Ophnu1_GeneCatalog_proteins_20170425.aa.fasta	100.0	918	0	0	1	918	1	918	0.0	1912
mRNA_1487	AA11|1980047|Ophnu1_GeneCatalog_proteins_20170425.aa.fasta	100.0	399	0	0	1	399	1	399	1.17e-221	617
mRNA_1489	GH79|164691|Triasper1_GeneCatalog_proteins_20210904.aa.fasta	55.0	547	200	6	56	600	547	1049	4.93e-184	553
mRNA_1492	AA4|1980052|Ophnu1_GeneCatalog_proteins_20170425.aa.fasta	100.0	641	0	0	1	641	1	641	0.0	1314
mRNA_1493	CBM57|67076|Aciri1_iso_GeneCatalog_proteins_20111207.aa.fasta	41.1	914	333	25	1	894	1	729	1.57e-162	501
mRNA_1495	GH76|8574|Pocchl1_GeneCatalog_proteins_20170916.aa.fasta	47.2	388	204	1	143	530	55	441	1.98e-117	360
mRNA_1497	GT0|146967|Aspsy1_GeneCatalog_proteins_20120625.aa.fasta	38.5	602	318	18	29	620	31	590	4.99e-107	353
mRNA_1500	GT1|47|Chathe1_GeneCatalog_proteins_20190529.aa.fasta	42.0	635	303	17	12	596	436	1055	3.97e-139	442
mRNA_1502	GH43_6|GH43_6|17118|Didma1_GeneCatalog_proteins_20160126.aa.fasta	59.6	867	295	12	26	886	438	1255	0.0	1044
mRNA_1505	USP77067.1|GT34	41.6	601	282	13	17	602	1066	1612	3.77e-138	446
mRNA_1506	AA3_2|AA3_2|7066|Exoaq1_GeneCatalog_proteins_20160901.aa.fasta	41.7	561	307	7	39	590	26	575	2.78e-139	422
mRNA_1512	AA16|1980072|Ophnu1_GeneCatalog_proteins_20170425.aa.fasta	100.0	197	0	0	1	197	1	197	8.64e-146	408
mRNA_1514	CBM1|AA9|5452|Chathe1_GeneCatalog_proteins_20190529.aa.fasta	58.9	380	153	2	48	427	362	738	7.39e-153	456
mRNA_1519	GH128|12773|Pocchl1_GeneCatalog_proteins_20170916.aa.fasta	79.3	1046	217	0	5	1050	10	1055	0.0	1625
mRNA_1523	GH5_5|GH5_5|6209|Dipse1_GeneCatalog_proteins_20150930.aa.fasta	67.0	288	95	0	9	296	4	291	5.28e-139	410
mRNA_1535	GH128|12796|Pocchl1_GeneCatalog_proteins_20170916.aa.fasta	43.3	846	414	14	3	831	4	800	2.98e-186	559
mRNA_1536	GH89|4108|Pocchl1_GeneCatalog_proteins_20170916.aa.fasta	43.1	506	268	3	32	517	30	535	8.000000000000001e-132	399
mRNA_1543	GH55_2|GH55_2|12795|Pocchl1_GeneCatalog_proteins_20170916.aa.fasta	54.0	708	286	15	4	684	5	699	3.12e-231	665
mRNA_1544	GH12|11086|Pocchl1_GeneCatalog_proteins_20170916.aa.fasta	40.6	431	245	4	47	476	55	475	2.23e-107	335
mRNA_1545	GT31|13421|Pocchl1_GeneCatalog_proteins_20170916.aa.fasta	40.8	517	288	4	56	566	43	547	3.7600000000000004e-129	394
mRNA_1546	GT66|8675|EndpusZ1_GeneCatalog_proteins_20180130.aa.fasta	74.8	321	79	1	28	348	23	341	3.99e-175	519
mRNA_1559	GH3|1980119|Ophnu1_GeneCatalog_proteins_20170425.aa.fasta	100.0	733	0	0	1	733	1	733	0.0	1452
mRNA_1562	GH131|1980122|Ophnu1_GeneCatalog_proteins_20170425.aa.fasta	100.0	287	0	0	1	287	1	287	1.31e-203	562
mRNA_1572	AA3|1980132|Ophnu1_GeneCatalog_proteins_20170425.aa.fasta	100.0	680	0	0	1	680	1	680	0.0	1350
mRNA_1573	AA3_2|AA3_2|2594086|Fusox3_1_GeneCatalog_proteins_20230106.aa.fasta	49.0	418	209	4	20	436	23	437	1.54e-120	382
mRNA_1575	GH28|1980135|Ophnu1_GeneCatalog_proteins_20170425.aa.fasta	100.0	379	0	0	1	379	1	379	2.84e-258	708
mRNA_1577	GH5_5|GH5_5|1320021|Acrst1_GeneCatalog_proteins_20141022.aa.fasta	56.2	434	185	3	38	470	428	857	1.4700000000000002e-163	489
mRNA_1588	GT4|1980148|Ophnu1_GeneCatalog_proteins_20170425.aa.fasta	100.0	601	0	0	1	601	1	601	0.0	1123
mRNA_1589	GT0|3078641|Lachat1_GeneCatalog_proteins_20180807.aa.fasta	49.3	446	197	5	49	491	1005	1424	3.31e-125	409
mRNA_1591	GH76|322322|Pcas15300_1_GeneCatalog_proteins_20220601.aa.fasta	42.3	461	242	3	97	557	57	493	5.4399999999999995e-112	363
mRNA_1595	CE4|199751|Melli1_GeneCatalog_proteins_20150227.aa.fasta	47.3	1183	555	21	8	1158	779	1925	1.12e-317	991
mRNA_1596	QSL65536.1|GT35	63.4	322	117	1	10	330	1182	1503	4.849999999999999e-128	405
mRNA_1606	GH95|121819|Volvo1_GeneCatalog_proteins_20130703.aa.fasta	46.5	417	202	8	77	475	950	1363	1.24e-114	373
mRNA_1617	GT17|196401|Clafu1_GeneCatalog_proteins_20110826.aa.fasta	40.9	607	273	13	475	1007	403	997	2.52e-121	408
mRNA_1620	GH3|12590|Pocchl1_GeneCatalog_proteins_20170916.aa.fasta	70.0	831	243	6	1	829	1	827	0.0	1194
mRNA_1627	AA3_2|AA3_2|23044|Didma1_GeneCatalog_proteins_20160126.aa.fasta	57.3	548	219	7	7	553	1057	1590	4.33e-177	549
mRNA_1638	GT71|7749|Exoaq1_GeneCatalog_proteins_20160901.aa.fasta	64.7	295	103	1	23	316	1	295	1.28e-134	389
mRNA_1641	CE16|9125|Pocchl1_GeneCatalog_proteins_20170916.aa.fasta	72.5	483	121	7	1	483	42	512	1.22e-222	629
mRNA_1648	WAO96723.1|GH0	51.4	558	253	5	29	569	3	559	1.82e-183	564
mRNA_1659	GT90|8744|Pocchl1_GeneCatalog_proteins_20170916.aa.fasta	52.7	421	152	6	320	739	225	599	2.16e-149	454
mRNA_1660	CE9|8474|Exoaq1_GeneCatalog_proteins_20160901.aa.fasta	37.0	781	417	21	1	754	1	733	2.07e-110	358
mRNA_1661	GT32|89212|Triatrob1_GeneCatalog_proteins_20181004.aa.fasta	51.9	1079	362	22	4	1026	242	1219	3.29e-313	919
mRNA_1666	GH72|CBM43|1980226|Ophnu1_GeneCatalog_proteins_20170425.aa.fasta	100.0	542	0	0	1	542	1	542	0.0	963
mRNA_1673	GH0|5894|Exoaq1_GeneCatalog_proteins_20160901.aa.fasta	34.3	1235	599	26	12	1224	36	1080	1.28e-193	600
mRNA_1687	GH3|1980247|Ophnu1_GeneCatalog_proteins_20170425.aa.fasta	100.0	809	0	0	1	809	1	809	0.0	1633
mRNA_1699	QKX60855.1|GT22	82.3	317	54	1	15	331	555	869	1.87e-172	506
mRNA_1700	AA7|1980260|Ophnu1_GeneCatalog_proteins_20170425.aa.fasta	100.0	490	0	0	1	490	1	490	0.0	997
mRNA_1703	GH64|10580|Diaam1_GeneCatalog_proteins_20150926.aa.fasta	70.5	455	121	6	33	487	394	835	2.25e-213	616
mRNA_1714	GH7|451926|Sorbr1_GeneCatalog_proteins_20171129.aa.fasta	53.2	365	129	6	16	369	459	792	3.28e-118	366
mRNA_1716	GH5_12|GH5_12|8792|Monha1_GeneCatalog_proteins_20131210.aa.fasta	53.5	325	150	1	125	448	81	405	1.09e-106	348
mRNA_1717	GH75|3891|Byssp1_GeneCatalog_proteins_20170705.aa.fasta	89.2	240	26	0	22	261	740	979	1.23e-139	422
mRNA_1719	GH13_1|GH13_1|2253|Humgr1_GeneCatalog_proteins_20210716.aa.fasta	71.1	575	154	8	5	571	531	1101	1.3999999999999998e-284	811
mRNA_1721	AA8|47013|Corin1_GeneCatalog_proteins_20220405.aa.fasta	67.6	448	145	0	28	475	212	659	4.8899999999999996e-216	618
mRNA_1724	AA8|1980284|Ophnu1_GeneCatalog_proteins_20170425.aa.fasta	100.0	217	0	0	1	217	1	217	1.65e-153	429
mRNA_1729	AA8|770032|XyFL0641_1_GeneCatalog_proteins_20190530.aa.fasta	53.9	484	182	10	1	484	232	674	5.4599999999999994e-170	500
mRNA_1731	CAN80640.1|GT47	46.3	430	224	5	1	429	940	1363	5.4400000000000006e-117	377
mRNA_1751	UQC88764.1|GT50	50.4	692	278	15	1	664	501	1155	8.05e-184	573
mRNA_1752	GT50|1980312|Ophnu1_GeneCatalog_proteins_20170425.aa.fasta	100.0	480	0	0	1	480	1	480	0.0	906
mRNA_1754	CE15|1980314|Ophnu1_GeneCatalog_proteins_20170425.aa.fasta	100.0	390	0	0	1	390	1	390	5.5499999999999996e-282	769
mRNA_1757	CAP71792.1|CE1	37.3	1030	350	9	66	821	21	1028	2.92e-191	591
mRNA_1764	USP82499.1|GH93	59.3	403	127	6	143	543	85	452	1.31e-139	431
mRNA_1765	GH3|1980325|Ophnu1_GeneCatalog_proteins_20170425.aa.fasta	100.0	897	0	0	1	897	1	897	0.0	1794
mRNA_1767	AA3_2|AA3_2|7847|Exoaq1_GeneCatalog_proteins_20160901.aa.fasta	57.4	1100	439	15	1	1091	4	1082	0.0	1206
mRNA_1778	WFD20538.1|GH5	81.7	382	70	0	18	399	15	396	1.29e-220	638
mRNA_1786	GH31_1|GH31_1|1980346|Ophnu1_GeneCatalog_proteins_20170425.aa.fasta	100.0	957	0	0	1	957	1	957	0.0	1956
mRNA_1800	GH55_2|GH55_2|1980360|Ophnu1_GeneCatalog_proteins_20170425.aa.fasta	100.0	1320	0	0	1	1320	1	1320	0.0	2658
mRNA_1807	QKX59956.1|GH28	47.0	602	231	7	1	581	466	1000	1.79e-175	528
mRNA_1808	CBM18|6188|Clasph1_GeneCatalog_proteins_20160727.aa.fasta	34.4	660	247	22	68	659	4	545	1.53e-103	332
mRNA_1813	GT8|433664|ChetHAW225_4_GeneCatalog_proteins_20220426.aa.fasta	70.6	469	138	0	5	473	673	1141	4.59e-234	679
mRNA_1826	GH18|1980386|Ophnu1_GeneCatalog_proteins_20170425.aa.fasta	100.0	431	0	0	1	431	1	431	0.0	873
mRNA_1831	GH29|8297|Pocchl1_GeneCatalog_proteins_20170916.aa.fasta	59.6	354	132	3	69	412	4	356	3.71e-145	422
mRNA_1833	GT4|5418|Thelan1_GeneCatalog_proteins_20160730.aa.fasta	58.6	391	155	3	1	389	1	386	9.290000000000001e-161	484
mRNA_1839	GH16|39190|Ganpr1_GeneCatalog_proteins_20111215.aa.fasta	43.0	493	260	4	14	498	9	488	9.599999999999999e-113	363
mRNA_1844	CAB4069936.1|GT57	59.7	382	136	2	5	385	306	670	3.56e-149	469
mRNA_1862	GT2|381797|Asppari1_GeneCatalog_proteins_20161018.aa.fasta	60.5	332	131	0	29	360	781	1112	4.02e-141	434
mRNA_1866	GH15|CBM20|5877|Pocchl1_GeneCatalog_proteins_20170916.aa.fasta	57.2	659	270	7	319	970	370	1023	7.29e-247	744
mRNA_1868	AA3_2|AA3_2|1980428|Ophnu1_GeneCatalog_proteins_20170425.aa.fasta	100.0	578	0	0	1	578	1	578	0.0	1183
mRNA_1870	GH20|8041|Pocchl1_GeneCatalog_proteins_20170916.aa.fasta	69.4	526	158	2	14	537	12	536	3.04e-261	729
mRNA_1878	CBM48|8771|Exoaq1_GeneCatalog_proteins_20160901.aa.fasta	63.3	335	115	3	4	330	9	343	8.120000000000001e-156	445
mRNA_1884	GT69|3526|Micmi1_GeneCatalog_proteins_20150625.aa.fasta	48.1	1946	742	55	8	1883	11	1758	0.0	1401
mRNA_1886	AA6|387739|Schves1_GeneCatalog_proteins_20170615.aa.fasta	58.8	323	130	2	362	684	376	695	1.9e-112	360
mRNA_1892	CE16|508927|Stael1_GeneCatalog_proteins_20170424.aa.fasta	26.7	2705	1636	80	28	2544	291	2837	8.139999999999999e-204	700
mRNA_1894	PL7_4|PL7_4|3512|Pocchl1_GeneCatalog_proteins_20170916.aa.fasta	61.9	517	184	3	56	572	17	520	3.85e-215	619
mRNA_1900	CBM0|22186|Didma1_GeneCatalog_proteins_20160126.aa.fasta	54.4	386	134	5	54	439	1329	1672	8.04e-105	363
mRNA_1902	GH1|1980462|Ophnu1_GeneCatalog_proteins_20170425.aa.fasta	100.0	477	0	0	1	477	1	477	0.0	1007
mRNA_1912	CBM1|AA9|6762|Colcu1_GeneCatalog_proteins_20180803.aa.fasta	47.2	1076	526	13	166	1226	22	1070	3.72e-306	914
mRNA_1927	GH11|1980487|Ophnu1_GeneCatalog_proteins_20170425.aa.fasta	100.0	476	0	0	1	476	1	476	0.0	966
mRNA_1932	GT2|1920520|Sclyun1_GeneCatalog_proteins_20220315.aa.fasta	53.9	807	359	6	1	797	1	804	3.7599999999999997e-239	745
mRNA_1935	GH27|1363|Exosp1_GeneCatalog_proteins_20160827.aa.fasta	64.3	263	90	3	1	260	449	710	9.81e-108	332
mRNA_1939	GH51_1|GH51_1|1980499|Ophnu1_GeneCatalog_proteins_20170425.aa.fasta	100.0	512	0	0	1	512	1	512	0.0	1065
mRNA_1941	QWU87121.1|GH78	37.2	506	312	3	21	521	29	533	1.55e-107	359
mRNA_1942	AA5_2|AA5_2|CBM32|CBM32|548126|Trepe1_GeneCatalog_proteins_20140415.aa.fasta	48.6	469	233	5	72	533	78	545	2.81e-136	434
mRNA_1948	CAE5964227.1|GT4	57.0	384	163	2	6	387	431	814	6.72e-139	421
mRNA_1951	GT34|6360|Stely1_GeneCatalog_proteins_20170711.aa.fasta	60.3	597	183	10	3	577	679	1243	5.97e-225	663
mRNA_1953	GH114|3995|Talabor1_GeneCatalog_proteins_20170517.aa.fasta	44.3	781	307	16	99	877	501	1155	1.53e-183	566
mRNA_1962	GH78|9678|Sclsc1_GeneCatalog_proteins_20110903.aa.fasta	78.8	1225	204	13	2	1217	3	1180	0.0	1731
mRNA_1963	CAD1828654.1|GH3	49.0	384	140	5	13	392	560	891	4.74e-111	351
mRNA_1964	GH72|4578|Fonnu1_GeneCatalog_proteins_20170705.aa.fasta	40.7	1376	766	21	55	1398	690	2047	0.0	979
mRNA_1968	GH92|7289|Ompol1_GeneCatalog_proteins_20130516.aa.fasta	47.3	476	210	6	15	487	17	454	1.59e-130	416
mRNA_1969	PL1_4|PL1_4|7562|Pesfi1_GeneCatalog_proteins_20210226.aa.fasta	38.4	636	346	17	8	621	519	1130	1.2900000000000001e-117	382
mRNA_1970	AA7|7278|Acrth1_GeneCatalog_proteins_20220321.aa.fasta	55.6	701	285	12	21	715	24	704	1.0399999999999999e-255	746
mRNA_1975	AA3|6136|Pocchl1_GeneCatalog_proteins_20170916.aa.fasta	36.2	733	392	15	36	730	60	754	1.53e-121	389
mRNA_1979	GH12|93457|Triatrob1_GeneCatalog_proteins_20181004.aa.fasta	48.1	520	266	3	39	558	287	802	1.26e-166	498
mRNA_1980	GH154|7263|Byssp1_GeneCatalog_proteins_20170705.aa.fasta	55.6	513	218	4	19	522	633	1144	4.05e-193	576
mRNA_1994	GH71|69974|Aspgl1_GeneCatalog_proteins_20121005.aa.fasta	41.4	488	270	5	50	536	463	935	2.2300000000000002e-110	356
mRNA_2009	GH36|4475|Penant1_GeneCatalog_proteins_20170601.aa.fasta	44.0	573	280	7	68	639	989	1521	4.799999999999999e-146	470
mRNA_2016	USP74617.1|AA9	47.9	633	281	13	29	649	32	627	2.16e-183	550
mRNA_2034	GH47|1980594|Ophnu1_GeneCatalog_proteins_20170425.aa.fasta	100.0	1185	0	0	1	1185	1	1185	0.0	2328
mRNA_2036	GT2|10417|Exoaq1_GeneCatalog_proteins_20160901.aa.fasta	44.3	711	346	18	53	751	148	820	8.67e-162	494
mRNA_2038	GH30_7|GH30_7|750218|Acema1_GeneCatalog_proteins_20150224.aa.fasta	43.6	516	264	11	50	554	68	567	6.85e-127	402
mRNA_2041	GH20|1917795|Clapy1_GeneCatalog_proteins_20140612.aa.fasta	71.1	315	89	2	6	319	512	825	1.3e-148	444
mRNA_2048	GH18|1472|Pocchl1_GeneCatalog_proteins_20170916.aa.fasta	70.2	467	114	5	9	453	6	469	5.67e-237	662
mRNA_2056	QWW22160.1|GT91	39.0	721	280	14	1	662	1	620	3.5e-121	406
mRNA_2060	GH47|1980620|Ophnu1_GeneCatalog_proteins_20170425.aa.fasta	100.0	656	0	0	1	656	1	656	0.0	1308
mRNA_2071	CBM12|14859|Venin1_GeneCatalog_proteins_20141010.aa.fasta	42.9	636	306	14	1	593	1	622	7.78e-149	464
mRNA_2072	GH45_1|GH45_1|1980632|Ophnu1_GeneCatalog_proteins_20170425.aa.fasta	100.0	230	0	0	1	230	1	230	6.01e-176	487
mRNA_2078	GH5_9|GH5_9|4186|Ascap1_GeneCatalog_proteins_20210318.aa.fasta	50.4	413	191	6	120	532	54	452	4.54e-122	395
mRNA_2081	GH43_14|CBM91|GH43_14|1980641|Ophnu1_GeneCatalog_proteins_20170425.aa.fasta	100.0	586	0	0	1	586	1	586	0.0	1237
mRNA_2085	GH16|2176|Pocchl1_GeneCatalog_proteins_20170916.aa.fasta	88.9	477	50	1	46	522	13	486	0.0	894
mRNA_2092	GH5_12|GH5_12|3511|Exoaq1_GeneCatalog_proteins_20160901.aa.fasta	29.8	1542	957	27	487	1981	247	1709	1.9099999999999997e-172	580
mRNA_2099	GT41|8059|Exoaq1_GeneCatalog_proteins_20160901.aa.fasta	62.9	898	326	5	1	897	1	892	0.0	1121
mRNA_2102	AA3_3|AA3_3|2432|Butyri1_GeneCatalog_proteins_20200504.aa.fasta	67.4	304	98	1	30	332	685	988	5.57e-142	432
mRNA_2115	GH75|4423|Pocchl1_GeneCatalog_proteins_20170916.aa.fasta	28.7	1525	867	50	6	1487	5	1352	6.079999999999999e-134	454
mRNA_2125	GH16_23|GH16_23|1980685|Ophnu1_GeneCatalog_proteins_20170425.aa.fasta	100.0	364	0	0	1	364	1	364	1.0899999999999999e-268	733
mRNA_2126	GH64|1980686|Ophnu1_GeneCatalog_proteins_20170425.aa.fasta	100.0	673	0	0	1	673	1	673	0.0	1183
mRNA_2138	AA9|491823|Xylni1_GeneCatalog_proteins_20190518.aa.fasta	42.1	746	249	16	16	756	286	853	2.03e-148	461
mRNA_2149	AA9|7756|Pocchl1_GeneCatalog_proteins_20170916.aa.fasta	45.1	964	321	33	1	953	1	767	9.74e-206	613
mRNA_2151	AA1|575427|Phiatr1_GeneCatalog_proteins_20220225.aa.fasta	56.1	611	233	11	1	607	1	580	1.92e-187	569
mRNA_2152	GT1|201643|Melli1_GeneCatalog_proteins_20150227.aa.fasta	46.6	534	263	8	7	524	1336	1863	1.94e-139	452
mRNA_2155	GH92|1980715|Ophnu1_GeneCatalog_proteins_20170425.aa.fasta	100.0	924	0	0	1	924	1	924	0.0	1848
mRNA_2169	GT39|6676|EndpusZ1_GeneCatalog_proteins_20180130.aa.fasta	54.7	849	284	8	4	770	1515	2344	2.21e-282	851
mRNA_2174	GT1|201643|Melli1_GeneCatalog_proteins_20150227.aa.fasta	60.5	607	234	3	6	608	1315	1919	1.9e-233	706
mRNA_2176	GH1|184127|Aspven1_GeneCatalog_proteins_20160614.aa.fasta	48.5	509	204	11	70	560	28	496	5.06e-137	412
mRNA_2189	GT90|2352|Pocchl1_GeneCatalog_proteins_20170916.aa.fasta	50.4	458	214	4	1	455	1	448	3.14e-131	392
mRNA_2196	GH16_18|GH16_18|4525|Exoaq1_GeneCatalog_proteins_20160901.aa.fasta	47.6	920	389	23	4	888	3	864	2.6e-215	638
mRNA_2211	AA1|578|Ascap1_GeneCatalog_proteins_20210318.aa.fasta	90.5	201	16	3	3	202	640	838	1.86e-115	353
mRNA_2222	GT39|1980782|Ophnu1_GeneCatalog_proteins_20170425.aa.fasta	100.0	758	0	0	1	758	1	758	0.0	1546
mRNA_2229	GH16|6313|MoalAD072_1_GeneCatalog_proteins_20210424.aa.fasta	37.8	669	394	8	37	699	282	934	2.34e-134	424
mRNA_2232	GH3|389500|ChetPR9b_4_GeneCatalog_proteins_20220623.aa.fasta	59.1	430	167	5	40	462	30	457	9.55e-162	499
mRNA_2234	GH43_26|GH43_26|330705|Paevar_HGY_1_GeneCatalog_proteins_20180620.aa.fasta	83.2	933	144	6	1	924	1	929	0.0	1436
mRNA_2251	GH128|1980811|Ophnu1_GeneCatalog_proteins_20170425.aa.fasta	100.0	444	0	0	1	444	1	444	5.779999999999999e-233	649
mRNA_2276	GH43_26|GH43_26|4326|Exoaq1_GeneCatalog_proteins_20160901.aa.fasta	56.8	310	126	3	6	310	5	311	4.3e-111	330
mRNA_2290	GH18|5739|Clapu1_GeneCatalog_proteins_20210223.aa.fasta	67.2	372	109	5	28	390	427	794	4.42e-171	504
mRNA_2291	GH71|2497551|Favcal1_2_GeneCatalog_proteins_20220405.aa.fasta	48.2	579	255	11	22	583	4	554	1.88e-157	481
mRNA_2294	GT2|GT2|208689|Melli1_GeneCatalog_proteins_20150227.aa.fasta	42.4	727	355	14	202	880	114	824	6.77e-162	529
mRNA_2303	GH15|CBM20|7871|Ompol1_GeneCatalog_proteins_20130516.aa.fasta	41.9	2166	1064	51	323	2423	72	2107	0.0	1429
mRNA_2307	GH131|13268|Pensub1_GeneCatalog_proteins_20160929.aa.fasta	78.2	536	117	0	1	536	1	536	1.06e-311	866
mRNA_2310	GH47|5515|Pocchl1_GeneCatalog_proteins_20170916.aa.fasta	36.4	1405	673	37	16	1411	8	1201	5.49e-244	741
mRNA_2316	GH17|6486|Tolpa1_GeneCatalog_proteins_20210310.aa.fasta	64.7	422	127	7	35	455	503	903	4.900000000000001e-156	470
mRNA_2318	GH17|1980878|Ophnu1_GeneCatalog_proteins_20170425.aa.fasta	100.0	440	0	0	1	440	1	440	4.4899999999999996e-228	637
mRNA_2333	CAD7222212.1|CE0	61.3	349	126	3	34	381	666	1006	1.62e-133	412
mRNA_2337	GH2_13|GH2_13|16612|Didma1_GeneCatalog_proteins_20160126.aa.fasta	40.0	523	273	8	29	527	1180	1685	1.3699999999999998e-106	362
mRNA_2339	GH13_40|GH13_40|2508|Phach1_GeneCatalog_proteins_20150930.aa.fasta	47.8	1170	422	18	28	1137	639	1679	2.8e-288	864
mRNA_2357	GH12|2569018|Fusox3_1_GeneCatalog_proteins_20230106.aa.fasta	43.5	595	322	4	314	902	1062	1648	1.12e-148	493
mRNA_2362	GT22|308291|Phcitr1_GeneCatalog_proteins_20170113.aa.fasta	37.4	783	384	27	7	733	607	1339	1.86e-111	393
mRNA_2365	GH28|112878|Triple1_GeneCatalog_proteins_20181221.aa.fasta	53.9	553	247	1	12	556	406	958	4.42e-209	612
mRNA_2366	PL4_5|PL4_5|6572|Stely1_GeneCatalog_proteins_20170711.aa.fasta	37.6	700	381	6	4	697	9	658	1.29e-137	441
mRNA_2370	GT66|1980930|Ophnu1_GeneCatalog_proteins_20170425.aa.fasta	100.0	754	0	0	1	754	1	754	0.0	1502
mRNA_2385	QKX64719.1|GT0	50.0	522	224	11	26	526	19	524	2.64e-162	490
mRNA_2392	GT0|599368|Decga1_GeneCatalog_proteins_20150425.aa.fasta	48.0	719	355	8	95	804	682	1390	3.9700000000000005e-210	640
mRNA_2397	WOD46476.1|GH93	51.6	428	142	13	11	432	631	999	2.0800000000000002e-107	345
mRNA_2400	GH16_22|GH16_22|18640|Didma1_GeneCatalog_proteins_20160126.aa.fasta	62.5	725	256	6	54	778	363	1071	4.8e-310	883
mRNA_2408	QKX56076.1|GH51_1	62.7	766	252	9	525	1267	840	1594	2.7e-282	848
mRNA_2417	QBZ58266.1|GH20	82.2	309	55	0	4	312	806	1114	2.2900000000000003e-166	497
mRNA_2424	QUC21958.1|AA12	82.3	283	46	3	274	553	622	903	1.91e-155	473
mRNA_2427	CBM1|GH95|114226|Volvo1_GeneCatalog_proteins_20130703.aa.fasta	76.9	273	61	2	127	398	1549	1820	7.15e-124	400
mRNA_2428	GH92|15007|Didma1_GeneCatalog_proteins_20160126.aa.fasta	51.0	891	403	12	24	894	860	1736	1.1400000000000001e-271	811
mRNA_2435	GH0|288583|Botdo1_1_GeneCatalog_proteins_20150128.aa.fasta	38.8	1801	932	27	1	1785	46	1692	0.0	1124
mRNA_2436	GH51_2|GH51_2|7602|Mycth1_GeneCatalog_proteins_20220630.aa.fasta	82.5	338	53	3	103	439	771	1103	7.1900000000000005e-143	442
mRNA_2442	GH2_10|GH2_10|3931|Tolop1_GeneCatalog_proteins_20210318.aa.fasta	57.6	948	329	9	93	1037	1147	2024	0.0	1065
mRNA_2448	CE16|1981008|Ophnu1_GeneCatalog_proteins_20170425.aa.fasta	100.0	344	0	0	1	344	1	344	5.3e-259	707
mRNA_2450	GT76|3187|Parbra1_GeneCatalog_proteins_20161024.aa.fasta	50.8	1969	910	16	52	2008	568	2490	0.0	1978
mRNA_2456	GH18|499125|Wesor1_GeneCatalog_proteins_20140626.aa.fasta	82.5	308	53	1	1	307	1	308	1.47e-182	528
mRNA_2457	GH47|2221|Pocchl1_GeneCatalog_proteins_20170916.aa.fasta	47.7	434	137	10	1	426	1	352	1.19e-125	373
mRNA_2458	GH45_2|CBM1|GH45_2|3859|Trigam1_GeneCatalog_proteins_20170914.aa.fasta	25.5	2133	1305	65	107	2104	2177	4159	8.49e-129	467
mRNA_2471	CE4|526729|Calvi1_GeneCatalog_proteins_20130829.aa.fasta	32.1	1083	611	26	42	1068	346	1360	2.21e-121	410
mRNA_2474	AA9|573974|Xylcur114988_1_GeneCatalog_proteins_20190615.aa.fasta	50.6	1290	443	24	1	1289	1	1097	0.0	1069
mRNA_2482	CBM50|510177|Truan1_GeneCatalog_proteins_20170627.aa.fasta	51.7	435	61	1	1	435	624	909	8.11e-131	404
mRNA_2501	GH71|7787|Pocchl1_GeneCatalog_proteins_20170916.aa.fasta	35.8	625	276	9	359	920	511	1073	5.47e-107	363
mRNA_2503	CE4|720307|Cyapal1_GeneCatalog_proteins_20220714.aa.fasta	35.5	642	333	14	18	595	565	1189	6.3800000000000005e-105	354
mRNA_2506	GT0|2115293|Thite2_GeneCatalog_proteins_20101221.aa.fasta	47.5	697	324	8	12	707	1	656	2.3399999999999997e-189	558
mRNA_2515	GH71|7787|Pocchl1_GeneCatalog_proteins_20170916.aa.fasta	73.9	1075	203	9	153	1224	115	1114	0.0	1380
mRNA_2519	GH27|CBM35|4573|Ompol1_GeneCatalog_proteins_20130516.aa.fasta	46.3	710	214	9	281	947	34	619	3.1500000000000003e-195	605
mRNA_2525	GH75|3891|Byssp1_GeneCatalog_proteins_20170705.aa.fasta	76.9	355	68	6	217	566	157	502	7.94e-180	539
mRNA_2528	GT0|399540|ChetPR9b_4_GeneCatalog_proteins_20220623.aa.fasta	48.4	506	212	11	1	498	1	465	1.31e-121	385
mRNA_2531	GH5|1453|Verda1_GeneCatalog_proteins_20110524.aa.fasta	61.4	1060	313	22	4	1030	750	1746	0.0	1034
mRNA_2532	GH13_40|GH13_40|1256|Mycth1_GeneCatalog_proteins_20220630.aa.fasta	74.5	518	132	0	1	518	557	1074	4.55e-295	834
mRNA_2533	GH13_40|GH13_40|1981093|Ophnu1_GeneCatalog_proteins_20170425.aa.fasta	100.0	608	0	0	1	608	1	608	0.0	1266
mRNA_2536	GH18|4632|Uncre1_GeneCatalog_proteins_20131024.aa.fasta	43.8	495	226	11	105	592	1111	1560	3.01e-107	360
mRNA_2539	GH18|1160|Exoaq1_GeneCatalog_proteins_20160901.aa.fasta	55.4	1372	585	13	34	1399	23	1373	0.0	1462
mRNA_2541	CAF2797714.1|GH20	32.4	1005	537	28	418	1412	330	1202	4.58e-142	478
mRNA_2545	EAA65303.1|GT0	70.1	903	265	4	1	898	677	1579	0.0	1228
mRNA_2546	PL20|7797|Pocchl1_GeneCatalog_proteins_20170916.aa.fasta	66.7	363	98	2	1	363	1	340	4.1e-170	488
mRNA_2549	GH45_2|CBM1|GH45_2|9440|Talabor1_GeneCatalog_proteins_20170517.aa.fasta	49.9	2299	1067	36	125	2396	465	2706	0.0	2094
mRNA_2554	GH55_2|GH55_2|10645|Pocchl1_GeneCatalog_proteins_20170916.aa.fasta	56.3	483	160	5	6	488	15	446	1.41e-180	519
mRNA_2558	GH16_18|GH16_18|3385|Exoaq1_GeneCatalog_proteins_20160901.aa.fasta	63.5	356	105	3	27	368	39	383	2.7500000000000004e-144	419
mRNA_2560	GT22|7703|Pocchl1_GeneCatalog_proteins_20170916.aa.fasta	64.1	359	129	0	1	359	1	359	6.52e-166	473
mRNA_2595	CBM12|207589|Venpi1_GeneCatalog_proteins_20150407.aa.fasta	60.2	588	193	8	26	590	24	593	5.66e-240	698
mRNA_2600	AA9|5619|Phach1_GeneCatalog_proteins_20150930.aa.fasta	71.5	439	112	4	33	462	973	1407	4.48e-218	646
mRNA_2604	GH76|322322|Pcas15300_1_GeneCatalog_proteins_20220601.aa.fasta	53.1	461	215	1	98	558	57	516	2.47e-160	488
mRNA_2626	GH2_16|GH2_16|3193|Parbra1_GeneCatalog_proteins_20161024.aa.fasta	34.7	1228	534	33	250	1418	798	1816	7.040000000000001e-123	429
mRNA_2627	WEW60766.1|CBM20|GH15	62.0	326	123	1	1	326	1	325	9.3e-137	416
mRNA_2630	QWW24293.1|CBM48	40.4	1282	687	22	22	1263	4	1248	5.5899999999999995e-279	868
mRNA_2636	GH3|350949|Krezon1_GeneCatalog_proteins_20220127.aa.fasta	71.3	700	196	3	100	797	785	1481	0.0	1039
mRNA_2648	GT39|6252|Stely1_GeneCatalog_proteins_20170711.aa.fasta	91.4	487	35	3	1	480	1	487	1.42e-304	874
mRNA_2651	GH45_1|GH45_1|6324|Traver1_GeneCatalog_proteins_20220719.aa.fasta	85.0	433	65	0	1	433	220	652	6.0600000000000006e-273	759
mRNA_2654	GH5_7|GH5_7|222744|Krezon1_GeneCatalog_proteins_20220127.aa.fasta	66.6	491	163	1	29	518	32	522	1.9e-233	671
mRNA_2655	GT66|3352696|Favcal1_2_GeneCatalog_proteins_20220405.aa.fasta	52.4	439	202	4	36	468	58	495	5.92e-127	405
mRNA_2656	GH36|11897|Exoaq1_GeneCatalog_proteins_20160901.aa.fasta	80.1	251	50	0	135	385	10	260	9.46e-144	415
mRNA_2663	GH47|771|Ompol1_GeneCatalog_proteins_20130516.aa.fasta	46.0	1181	631	3	1	1175	826	2005	1.22e-303	913
mRNA_2666	CBM50|1981226|Ophnu1_GeneCatalog_proteins_20170425.aa.fasta	100.0	604	0	0	1	604	1	604	0.0	1115
mRNA_2667	GH5_11|GH5_11|1981227|Ophnu1_GeneCatalog_proteins_20170425.aa.fasta	100.0	417	0	0	1	417	1	417	0.0	866
mRNA_2673	GT57|2580|TerJ132_1_GeneCatalog_proteins_20210308.aa.fasta	68.0	309	92	2	6	310	15	320	1.46e-135	413
mRNA_2690	GH2_1|GH2_1|1981250|Ophnu1_GeneCatalog_proteins_20170425.aa.fasta	100.0	883	0	0	1	883	1	883	0.0	1776
mRNA_2693	GT22|6909|Pocchl1_GeneCatalog_proteins_20170916.aa.fasta	77.1	428	98	0	2	429	17	444	1.51e-252	698
mRNA_2694	GT22|1981254|Ophnu1_GeneCatalog_proteins_20170425.aa.fasta	100.0	785	0	0	1	785	1	785	0.0	1551
mRNA_2699	AA3_2|AA3_2|8602|Fonmo1_GeneCatalog_proteins_20170704.aa.fasta	43.9	460	183	10	147	598	344	736	2.8e-103	352
mRNA_2709	GH43_6|GH43_6|17118|Didma1_GeneCatalog_proteins_20160126.aa.fasta	38.9	826	392	18	15	828	467	1191	1.2e-168	531
mRNA_2711	GT59|134893|Aspall1_GeneCatalog_proteins_20160910.aa.fasta	41.1	621	255	17	46	653	648	1170	1.76e-131	421
mRNA_2714	GT2|13978|Didma1_GeneCatalog_proteins_20160126.aa.fasta	58.7	412	150	8	1	405	1817	2215	7.61e-135	432
mRNA_2730	CAD7247907.1|CBM48	38.7	1841	1039	25	136	1933	287	2081	0.0	1267
mRNA_2740	AA9|57|Corbr1_GeneCatalog_proteins_20210224.aa.fasta	86.2	188	25	1	18	205	587	773	2.41e-105	325
mRNA_2743	GT2|1981303|Ophnu1_GeneCatalog_proteins_20170425.aa.fasta	100.0	438	0	0	1	438	1	438	3.0299999999999996e-308	839
mRNA_2749	GT57|3387812|Favcal1_2_GeneCatalog_proteins_20220405.aa.fasta	38.6	1085	540	17	584	1636	863	1853	1.18e-223	718
mRNA_2751	GH16_3|GH16_3|1981311|Ophnu1_GeneCatalog_proteins_20170425.aa.fasta	100.0	330	0	0	1	330	1	330	2.83e-231	635
mRNA_2760	UQC86497.1|CE5	72.0	518	105	2	42	558	322	800	9.920000000000001e-259	733
mRNA_2761	GT2|GT2|208689|Melli1_GeneCatalog_proteins_20150227.aa.fasta	36.3	777	412	18	74	809	121	855	2.9100000000000005e-132	443
mRNA_2768	QEO24085.1|GH47	59.7	382	150	4	45	425	825	1203	6.74e-152	466
mRNA_2780	AA9|4657|Colpa1_GeneCatalog_proteins_20180729.aa.fasta	53.0	443	191	5	11	447	359	790	6.4299999999999994e-152	456
mRNA_2786	GH43_25|GH43_25|573846|HyFL1284_2_GeneCatalog_proteins_20191111.aa.fasta	40.0	1144	533	24	9	1102	421	1461	4.45e-198	620
mRNA_2793	GT0|433|Exoaq1_GeneCatalog_proteins_20160901.aa.fasta	39.5	481	284	4	20	497	25	501	4.1000000000000004e-110	341
mRNA_2806	GT8|4826|Phach1_GeneCatalog_proteins_20150930.aa.fasta	55.0	398	137	4	48	442	190	548	3.65e-149	442
mRNA_2819	GH131|345867|Krezon1_GeneCatalog_proteins_20220127.aa.fasta	34.0	893	484	21	80	941	334	1152	6.869999999999999e-134	437
mRNA_2824	CBM1|GH45_1|GH45_1|295451|Plecuc1_GeneCatalog_proteins_20171208.aa.fasta	68.7	495	147	4	18	509	435	924	2.0099999999999998e-229	668
mRNA_2835	GT32|11588|Exoaq1_GeneCatalog_proteins_20160901.aa.fasta	48.5	404	190	5	9	402	14	409	1.41e-126	377
mRNA_2842	GT2|10766|Exoaq1_GeneCatalog_proteins_20160901.aa.fasta	51.5	1938	838	32	259	2162	250	2119	0.0	1765
mRNA_2846	GH63|6527|Exoaq1_GeneCatalog_proteins_20160901.aa.fasta	33.6	888	529	21	90	955	62	910	5.49e-139	446
mRNA_2856	CBM1|AA9|178|Mycth1_GeneCatalog_proteins_20220630.aa.fasta	63.6	822	222	12	12	804	336	1109	5.33e-308	880
mRNA_2862	GH28|1540|Ompol1_GeneCatalog_proteins_20130516.aa.fasta	58.4	457	180	6	49	500	417	868	1.2200000000000001e-164	495
mRNA_2872	GT15|5232|Ambph1_GeneCatalog_proteins_20181206.aa.fasta	51.8	363	167	4	7	368	373	728	5.39e-111	345
mRNA_2886	GH37|1981446|Ophnu1_GeneCatalog_proteins_20170425.aa.fasta	100.0	713	0	0	1	713	1	713	0.0	1445
mRNA_2887	GH37|337287|Apiver1_GeneCatalog_proteins_20220223.aa.fasta	71.8	348	98	0	38	385	70	417	1.41e-173	518
mRNA_2888	GT17|1981448|Ophnu1_GeneCatalog_proteins_20170425.aa.fasta	100.0	406	0	0	1	406	1	406	1.81e-311	845
mRNA_2889	GH92|7289|Ompol1_GeneCatalog_proteins_20130516.aa.fasta	47.3	471	207	6	19	486	22	454	1.22e-122	395
mRNA_2899	GH128|475544|Plesi1_GeneCatalog_proteins_20130603.aa.fasta	50.9	666	275	7	23	681	26	646	2.46e-208	625
mRNA_2902	GH47|7613|Exoaq1_GeneCatalog_proteins_20160901.aa.fasta	58.9	365	147	2	2	363	3	367	2.93e-147	432
mRNA_2905	CCO12112.1|GH13_31	51.7	433	191	10	3	429	4	424	3.93e-129	385
mRNA_2906	QSL66615.1|GT22	51.2	808	361	8	87	880	539	1327	2.37e-279	818
mRNA_2929	GH13_25|GH133|GH13_25|2142|Fonmo1_GeneCatalog_proteins_20170704.aa.fasta	82.2	366	65	0	2	367	1533	1898	4.14e-199	603
mRNA_2930	GH13_25|GH133|GH13_25|2014|Pneji1_GeneCatalog_proteins_20130607.aa.fasta	63.6	261	94	1	46	306	30	289	1.98e-108	352
mRNA_2937	AA1|1981497|Ophnu1_GeneCatalog_proteins_20170425.aa.fasta	100.0	727	0	0	1	727	1	727	0.0	1480
mRNA_2941	GH3|22675|Venin1_GeneCatalog_proteins_20141010.aa.fasta	38.1	609	313	12	31	625	840	1398	9.5e-121	396
mRNA_2942	GH78|1981502|Ophnu1_GeneCatalog_proteins_20170425.aa.fasta	100.0	739	0	0	1	739	1	739	0.0	1494
mRNA_2946	GH15|CBM20|1981506|Ophnu1_GeneCatalog_proteins_20170425.aa.fasta	100.0	641	0	0	1	641	1	641	0.0	1195
mRNA_2947	GH13_1|CBM20|GH13_1|1981507|Ophnu1_GeneCatalog_proteins_20170425.aa.fasta	100.0	628	0	0	1	628	1	628	0.0	1185
mRNA_2950	GH28|2587554|Fusox3_1_GeneCatalog_proteins_20230106.aa.fasta	62.8	1235	425	12	4	1235	483	1685	0.0	1385
mRNA_2956	GH27|11579|Pocchl1_GeneCatalog_proteins_20170916.aa.fasta	65.1	940	294	12	187	1112	144	1063	0.0	978
mRNA_2957	GT1|201643|Melli1_GeneCatalog_proteins_20150227.aa.fasta	65.8	608	185	3	8	593	1314	1920	8.48e-251	749
mRNA_2958	AA9|1981518|Ophnu1_GeneCatalog_proteins_20170425.aa.fasta	100.0	230	0	0	1	230	1	230	3.08e-169	470
mRNA_2959	QBZ56101.1|GH18	65.2	884	240	14	7	879	336	1162	0.0	1050
mRNA_2960	GH18|1981520|Ophnu1_GeneCatalog_proteins_20170425.aa.fasta	100.0	357	0	0	1	357	1	357	7.35e-268	730
mRNA_2967	GH18|1981527|Ophnu1_GeneCatalog_proteins_20170425.aa.fasta	100.0	381	0	0	1	381	1	381	1.4799999999999999e-286	780
mRNA_2975	GH16_18|GH16_18|1981535|Ophnu1_GeneCatalog_proteins_20170425.aa.fasta	100.0	400	0	0	1	400	1	400	4.87e-212	593
mRNA_2976	GH88|7034|Clasph1_GeneCatalog_proteins_20160727.aa.fasta	43.0	433	233	4	55	474	107	538	1.4999999999999999e-114	366
mRNA_2981	AA3_2|AA3_2|1981541|Ophnu1_GeneCatalog_proteins_20170425.aa.fasta	100.0	202	0	0	1	202	1	202	6.54e-148	414
mRNA_2994	GT35|4306|Neoirr1_GeneCatalog_proteins_20160803.aa.fasta	55.1	488	200	5	413	886	4	486	1.38e-159	505
mRNA_2997	GH0|295|Lened1_GeneCatalog_proteins_20170819.aa.fasta	36.7	683	331	10	249	870	57	699	2.86e-112	377
mRNA_3009	CBM50|800744|Zymps1_GeneCatalog_proteins_20141012.aa.fasta	53.8	1045	404	17	1	1039	1	972	0.0	1029
mRNA_3016	GT22|5758|Exoaq1_GeneCatalog_proteins_20160901.aa.fasta	84.9	436	64	2	1	436	1	434	4.9e-269	740
mRNA_3019	GH47|510492|Cyapal1_GeneCatalog_proteins_20220714.aa.fasta	46.9	529	251	6	66	573	647	1166	6.12e-147	461
mRNA_3029	CE9|1944|Pocchl1_GeneCatalog_proteins_20170916.aa.fasta	63.8	426	133	4	81	506	42	446	3.98e-164	478
mRNA_3030	GH81|1981590|Ophnu1_GeneCatalog_proteins_20170425.aa.fasta	100.0	737	0	0	1	737	1	737	0.0	1506
mRNA_3037	GH47|1981597|Ophnu1_GeneCatalog_proteins_20170425.aa.fasta	100.0	525	0	0	1	525	1	525	0.0	1076
mRNA_3053	UZJ55557.1|GH3	67.8	270	85	1	1	270	1	268	3.24e-115	363
mRNA_3055	GH45_1|GH45_1|10050|Pocchl1_GeneCatalog_proteins_20170916.aa.fasta	43.4	542	305	2	40	580	45	585	1.32e-148	446
mRNA_3059	AA2|1981619|Ophnu1_GeneCatalog_proteins_20170425.aa.fasta	100.0	310	0	0	1	310	1	310	1.86e-235	644
mRNA_3065	AA0|5633|Corbr1_GeneCatalog_proteins_20210224.aa.fasta	66.2	796	264	1	10	805	6	796	0.0	1077
mRNA_3073	XHH12422.1|GH43_30	44.8	979	413	26	29	969	463	1352	1.59e-221	672
mRNA_3081	GH135|4974|Pocchl1_GeneCatalog_proteins_20170916.aa.fasta	64.2	246	81	2	84	322	77	322	1.0299999999999999e-106	320
mRNA_3084	GH2_3|GH2_3|1220|Exoaq1_GeneCatalog_proteins_20160901.aa.fasta	64.5	595	183	6	100	682	236	814	1.92e-253	727
mRNA_3087	ULT88936.1|GH47	76.1	418	98	1	27	444	623	1038	8.059999999999999e-216	627
mRNA_3094	GT22|90476|Endsp1_GeneCatalog_proteins_20180904.aa.fasta	37.8	635	310	15	4	571	16	632	6.22e-115	378
mRNA_3100	CE5|10131|Pocchl1_GeneCatalog_proteins_20170916.aa.fasta	71.6	370	98	4	1	370	75	437	4.01e-199	560
mRNA_3114	GH13_5|GH13_5|7234|Stely1_GeneCatalog_proteins_20170711.aa.fasta	45.5	527	276	6	39	556	558	1082	9.11e-142	443
mRNA_3115	GH114|278662|Colfi1_GeneCatalog_proteins_20160218.aa.fasta	78.7	469	99	1	5	473	4	471	6.66e-284	795
mRNA_3118	GH16_22|GH16_22|4662|Pocchl1_GeneCatalog_proteins_20170916.aa.fasta	42.0	502	263	9	458	948	525	1009	3.32e-106	379
mRNA_3123	GH47|10530|Exoaq1_GeneCatalog_proteins_20160901.aa.fasta	44.0	587	266	15	85	658	55	591	4.18e-142	432
mRNA_3128	AA9|7713|Ompol1_GeneCatalog_proteins_20130516.aa.fasta	58.0	526	212	4	43	567	7	524	6.08e-205	605
mRNA_3151	GH38|843|Clagr3_GeneCatalog_proteins_20111121.aa.fasta	65.1	599	193	5	3	589	1084	1678	5.26e-275	807
mRNA_3169	GT32|2289|Horwer1_GeneCatalog_proteins_20160803.aa.fasta	48.5	1343	533	28	29	1343	39	1251	0.0	1047
mRNA_3181	GH0|5622|Ustvir1_GeneCatalog_proteins_20170701.aa.fasta	71.5	541	150	3	58	596	623	1161	7.75e-273	784
mRNA_3186	AA4|7679|Sclsc1_GeneCatalog_proteins_20110903.aa.fasta	50.0	350	158	5	8	356	597	930	8.83e-105	334
mRNA_3197	GH46|1965249|Rhimi59_2_GeneCatalog_proteins_20220409.aa.fasta	48.3	789	373	16	1	778	332	1096	5.8e-244	715
mRNA_3199	GH72|251264|Aspger1_GeneCatalog_proteins_20170324.aa.fasta	38.7	978	484	23	132	1089	171	1052	7.88e-190	587
mRNA_3213	GT0|2560|Exoaq1_GeneCatalog_proteins_20160901.aa.fasta	68.3	486	152	1	19	502	14	499	2.9e-245	685
mRNA_3214	GT0|2567|Exoaq1_GeneCatalog_proteins_20160901.aa.fasta	37.2	545	319	5	31	552	52	596	7.47e-141	427
mRNA_3218	GH3|3063|Exoaq1_GeneCatalog_proteins_20160901.aa.fasta	48.4	512	253	4	46	556	24	525	5.0499999999999994e-176	514
mRNA_3219	GT1|8579|Exoaq1_GeneCatalog_proteins_20160901.aa.fasta	51.0	510	194	7	116	622	56	512	2.6e-158	469
mRNA_3239	AA3_2|AA3_2|11287|Exoaq1_GeneCatalog_proteins_20160901.aa.fasta	52.2	567	245	7	11	571	15	561	1.0299999999999999e-168	496
mRNA_3262	GH17|1981822|Ophnu1_GeneCatalog_proteins_20170425.aa.fasta	100.0	300	0	0	1	300	1	300	2.39e-217	598
mRNA_3271	GT20|1478|Corco1_GeneCatalog_proteins_20210223.aa.fasta	50.1	483	233	4	30	506	902	1382	1.12e-155	486
mRNA_3274	GH53|2134|Ompol1_GeneCatalog_proteins_20130516.aa.fasta	43.8	512	287	1	34	545	390	900	3.49e-157	478
mRNA_3287	GH17|12315|Exoaq1_GeneCatalog_proteins_20160901.aa.fasta	32.9	1924	844	53	2	1708	4	1697	2.07e-258	803
mRNA_3293	CCA15473.1|GH72	49.0	398	191	9	1	396	565	952	8.150000000000001e-110	349
mRNA_3297	GH16_1|GH16_1|12573|Exoaq1_GeneCatalog_proteins_20160901.aa.fasta	52.5	1066	456	13	8	1055	3	1036	0.0	1057
mRNA_3298	GT39|1981858|Ophnu1_GeneCatalog_proteins_20170425.aa.fasta	100.0	979	0	0	1	979	1	979	0.0	1895
mRNA_3303	GH18|11919|Exoaq1_GeneCatalog_proteins_20160901.aa.fasta	52.5	295	136	3	27	318	39	332	1.6e-107	322
mRNA_3305	GH3|397620|Fusso1_GeneCatalog_proteins_20180401.aa.fasta	43.4	678	276	19	137	768	1066	1681	3.82e-136	446
mRNA_3307	GH3|1981867|Ophnu1_GeneCatalog_proteins_20170425.aa.fasta	100.0	877	0	0	1	877	1	877	0.0	1751
mRNA_3308	GT31|2244|Rhisol1_GeneCatalog_proteins_20210223.aa.fasta	44.1	472	253	5	32	502	24	485	2.21e-124	393
mRNA_3332	AA5_1|AA5_1|7410|Ascsa1_GeneCatalog_proteins_20140116.aa.fasta	69.5	547	167	0	78	624	1308	1854	8.08e-263	780
mRNA_3338	GH43_1|GH43_1|1981898|Ophnu1_GeneCatalog_proteins_20170425.aa.fasta	100.0	338	0	0	1	338	1	338	8.469999999999999e-262	713
mRNA_3343	GH0|7525|Exoaq1_GeneCatalog_proteins_20160901.aa.fasta	41.3	601	265	10	714	1301	648	1173	2.84e-112	387
mRNA_3376	CBM48|GH13_8|GH13_8|122404|Tribre1_GeneCatalog_proteins_20190327.aa.fasta	54.0	400	168	4	42	436	1990	2378	2.1899999999999998e-128	415
mRNA_3380	GH76|1981940|Ophnu1_GeneCatalog_proteins_20170425.aa.fasta	100.0	643	0	0	1	643	1	643	0.0	1273
mRNA_3385	GH76|4857|Byssp1_GeneCatalog_proteins_20170705.aa.fasta	61.9	774	284	6	97	863	12	781	0.0	961
mRNA_3394	CBM52|1981954|Ophnu1_GeneCatalog_proteins_20170425.aa.fasta	100.0	253	0	0	1	253	1	253	2e-181	503
mRNA_3396	CBM52|6695|Grocl1_GeneCatalog_proteins_20131017.aa.fasta	53.4	650	232	13	1	643	1	586	2.4e-215	629
mRNA_3401	GH16_2|GH16_2|106|Ompol1_GeneCatalog_proteins_20130516.aa.fasta	51.1	444	188	6	201	630	177	605	4.17e-131	421
mRNA_3407	GH136|11530|Pocchl1_GeneCatalog_proteins_20170916.aa.fasta	40.1	566	310	11	80	627	79	633	4.16e-125	389
mRNA_3414	GH1|3138|Pocchl1_GeneCatalog_proteins_20170916.aa.fasta	53.3	501	230	2	40	537	38	537	5.16e-165	506
mRNA_3417	AA9|905360|Trabet1_GeneCatalog_proteins_20170925.aa.fasta	42.4	460	256	5	25	478	10	466	9.85e-111	349
mRNA_3418	AA9|1981978|Ophnu1_GeneCatalog_proteins_20170425.aa.fasta	100.0	257	0	0	1	257	1	257	7.310000000000001e-195	537
mRNA_3420	GH75|8060|Pocchl1_GeneCatalog_proteins_20170916.aa.fasta	52.7	524	219	7	60	583	10	504	6.38e-178	520
mRNA_3427	GT20|1478|Corco1_GeneCatalog_proteins_20210223.aa.fasta	65.1	550	185	2	1	548	865	1409	1.64e-252	739
mRNA_3429	GH28|196786|Asplep1_GeneCatalog_proteins_20161018.aa.fasta	53.6	541	210	13	15	547	408	915	6.52e-149	457
mRNA_3431	GT71|1981991|Ophnu1_GeneCatalog_proteins_20170425.aa.fasta	100.0	624	0	0	1	624	1	624	0.0	1238
mRNA_3436	GH64|17913|Didma1_GeneCatalog_proteins_20160126.aa.fasta	73.1	360	97	0	84	443	91	450	3.23e-186	546
mRNA_3443	GH72|5842|Exoaq1_GeneCatalog_proteins_20160901.aa.fasta	63.5	619	203	6	1	612	1	603	1.62e-282	788
mRNA_3458	GT61|1982018|Ophnu1_GeneCatalog_proteins_20170425.aa.fasta	100.0	533	0	0	1	533	1	533	0.0	1100
mRNA_3466	GT90|1982026|Ophnu1_GeneCatalog_proteins_20170425.aa.fasta	100.0	638	0	0	1	638	1	638	0.0	1339
mRNA_3469	GH71|261128|Psol18327_1_GeneCatalog_proteins_20220503.aa.fasta	46.7	458	237	5	13	466	442	896	3.35e-134	416
mRNA_3477	CE5|1982037|Ophnu1_GeneCatalog_proteins_20170425.aa.fasta	100.0	224	0	0	1	224	1	224	3.0600000000000005e-157	439
mRNA_3478	GH47|6187|Zymbr1_GeneCatalog_proteins_20170711.aa.fasta	71.6	282	77	1	1	279	618	899	3.9399999999999996e-136	412
mRNA_3480	GH18|6266|Stely1_GeneCatalog_proteins_20170711.aa.fasta	33.7	1048	479	21	1	1040	1313	2152	4.0300000000000004e-122	419
mRNA_3494	GT90|6527|Stely1_GeneCatalog_proteins_20170711.aa.fasta	56.0	654	233	8	5	640	664	1280	1.2899999999999998e-229	679
mRNA_3499	CBM14|129668|Aspcand1_GeneCatalog_proteins_20161018.aa.fasta	38.9	524	313	5	38	559	35	553	8.260000000000001e-124	385
mRNA_3503	AA1_1|AA1_1|13095|Armcep1_GeneCatalog_proteins_20170112.aa.fasta	71.2	473	136	0	1	473	627	1099	2.87e-236	683
mRNA_3504	GH2_10|GH2_10|481125|Jimfl_AD_1_GeneCatalog_proteins_20180815.aa.fasta	34.5	1655	795	26	285	1761	250	1793	8.099999999999999e-254	819
mRNA_3529	GT1|1982089|Ophnu1_GeneCatalog_proteins_20170425.aa.fasta	100.0	878	0	0	1	878	1	878	0.0	1689
mRNA_3546	PL1_4|PL1_4|20140|Didma1_GeneCatalog_proteins_20160126.aa.fasta	42.6	507	264	7	10	513	20	502	4.35e-112	367
mRNA_3559	GH3|93|Stely1_GeneCatalog_proteins_20170711.aa.fasta	49.5	963	370	14	174	1116	174	1040	2.17e-295	900
mRNA_3562	GH72|CBM43|13334|Pocchl1_GeneCatalog_proteins_20170916.aa.fasta	52.3	390	159	4	90	478	54	417	8.41e-135	402
mRNA_3564	GH37|1982124|Ophnu1_GeneCatalog_proteins_20170425.aa.fasta	100.0	754	0	0	1	754	1	754	0.0	1526
mRNA_3572	GT90|417588|Linrh1_GeneCatalog_proteins_20160326.aa.fasta	64.2	2269	730	24	8	2252	957	3167	0.0	2823
mRNA_3576	GT8|5359|Hypros1_GeneCatalog_proteins_20210912.aa.fasta	59.1	970	373	10	74	1038	546	1496	0.0	1086
mRNA_3579	AA7|1982139|Ophnu1_GeneCatalog_proteins_20170425.aa.fasta	100.0	475	0	0	1	475	1	475	0.0	957
mRNA_3581	GH18|CBM18|473857|Podaus1_GeneCatalog_proteins_20220226.aa.fasta	35.5	1006	580	19	236	1228	623	1572	7.68e-183	590
mRNA_3585	GH16_4|GH16_4|9731|Pocchl1_GeneCatalog_proteins_20170916.aa.fasta	47.0	404	201	6	8	402	13	412	1.6400000000000002e-103	318
mRNA_3591	GH47|1982151|Ophnu1_GeneCatalog_proteins_20170425.aa.fasta	100.0	761	0	0	1	761	1	761	0.0	1524
mRNA_3592	GH47|455839|Hypcro1_GeneCatalog_proteins_20190611.aa.fasta	73.2	530	140	2	175	704	682	1209	1.52e-269	781
mRNA_3594	GH3|1982154|Ophnu1_GeneCatalog_proteins_20170425.aa.fasta	100.0	848	0	0	1	848	1	848	0.0	1699
mRNA_3597	CBM50|370792|CocheC4_6_GeneCatalog_proteins_20220427.aa.fasta	53.7	624	269	5	122	739	1201	1810	2.9900000000000003e-222	678
mRNA_3605	GH51_1|GH51_1|10441|Exoaq1_GeneCatalog_proteins_20160901.aa.fasta	52.8	320	146	2	3	317	8	327	2.1199999999999998e-114	339
mRNA_3610	GT69|638|Pocchl1_GeneCatalog_proteins_20170916.aa.fasta	41.4	616	261	19	7	599	5	543	1.25e-116	363
mRNA_3612	CAD7274631.1|GT8	52.6	342	145	4	6	338	7	340	8.21e-106	331
mRNA_3616	GH3|447370|Podcom1_GeneCatalog_proteins_20220226.aa.fasta	81.9	354	63	1	1	353	1	354	9.82e-202	592
mRNA_3617	GH11|188214|Annmae1_GeneCatalog_proteins_20190718.aa.fasta	31.0	1470	847	31	71	1508	226	1560	5.09e-216	694
mRNA_3622	GH54|CBM42|11841|Pocchl1_GeneCatalog_proteins_20170916.aa.fasta	59.9	382	131	5	88	456	103	475	6.97e-125	381
mRNA_3628	AA6|9298|Aspnom13137_1_GeneCatalog_proteins_20160919.aa.fasta	58.9	623	233	6	1	619	257	860	5.769999999999999e-256	739
mRNA_3638	AA3_2|AA3_2|117993|Tribre1_GeneCatalog_proteins_20190327.aa.fasta	64.3	342	120	1	1	342	1	340	1.47e-148	446
mRNA_3643	GH5_5|GH5_5|1982203|Ophnu1_GeneCatalog_proteins_20170425.aa.fasta	100.0	385	0	0	1	385	1	385	9.329999999999999e-292	793
mRNA_3644	GH5_5|GH5_5|611951|Phiatr1_GeneCatalog_proteins_20220225.aa.fasta	64.6	497	157	6	103	598	49	527	7.12e-215	628
mRNA_3666	QKX55086.1|GH55_2	52.1	637	242	10	1	596	782	1396	1.0100000000000001e-210	635
mRNA_3673	GT1|2128|Stely1_GeneCatalog_proteins_20170711.aa.fasta	51.1	835	381	12	233	1060	5246	6060	7.690000000000001e-252	798
mRNA_3676	GH154|1216|Exoaq1_GeneCatalog_proteins_20160901.aa.fasta	39.4	493	292	5	4	494	9	496	1.3e-111	345
mRNA_3677	GT69|1982237|Ophnu1_GeneCatalog_proteins_20170425.aa.fasta	100.0	428	0	0	1	428	1	428	0.0	878
mRNA_3687	GT22|7355|Fonnu1_GeneCatalog_proteins_20170705.aa.fasta	72.0	339	95	0	63	401	830	1168	4.14e-173	520
mRNA_3691	CCT70630.1|GT1	64.6	240	84	1	1	240	1	239	9.309999999999999e-104	310
mRNA_3703	BEJ11425.1|CBM13	46.6	532	246	8	13	540	381	878	7.649999999999999e-152	462
mRNA_3704	UQC87088.1|GH17|GT48	43.6	614	272	12	22	616	3663	4221	3.5699999999999998e-146	474
mRNA_3705	GH128|12773|Pocchl1_GeneCatalog_proteins_20170916.aa.fasta	37.8	994	534	23	61	1024	52	991	3.74e-188	582
mRNA_3712	GH3|389500|ChetPR9b_4_GeneCatalog_proteins_20220623.aa.fasta	74.3	470	114	1	1	470	3	465	2.7600000000000003e-247	721
mRNA_3714	GH16_18|GH16_18|1982274|Ophnu1_GeneCatalog_proteins_20170425.aa.fasta	100.0	576	0	0	1	576	1	576	0.0	1038
mRNA_3715	GH5_5|GH5_5|6678|Exoaq1_GeneCatalog_proteins_20160901.aa.fasta	49.1	855	387	13	273	1126	223	1030	1.07e-253	751
mRNA_3724	GH16_4|GH16_4|1982284|Ophnu1_GeneCatalog_proteins_20170425.aa.fasta	100.0	508	0	0	1	508	1	508	0.0	1029
mRNA_3725	GT0|1982285|Ophnu1_GeneCatalog_proteins_20170425.aa.fasta	100.0	914	0	0	1	914	1	914	0.0	1822
mRNA_3730	CBM50|15166|Colta1_GeneCatalog_proteins_20180729.aa.fasta	84.9	272	41	0	13	284	11	282	4.7e-162	460
mRNA_3731	GH3|1982291|Ophnu1_GeneCatalog_proteins_20170425.aa.fasta	100.0	993	0	0	1	993	1	993	0.0	1988
mRNA_3736	WDK18337.1|GH105	60.5	519	187	8	164	676	474	980	6.62e-178	539
mRNA_3743	AA3_2|AA3_2|7066|Exoaq1_GeneCatalog_proteins_20160901.aa.fasta	40.0	500	292	5	40	536	33	527	7.79e-113	361
mRNA_3745	GH79|87629|Triatrob1_GeneCatalog_proteins_20181004.aa.fasta	66.4	307	96	3	6	312	9	308	7.87e-145	427
mRNA_3752	GH16_1|GH16_1|4502|Exoaq1_GeneCatalog_proteins_20160901.aa.fasta	37.3	510	252	4	41	513	34	512	8.019999999999999e-106	331
mRNA_3759	USP75025.1|GH76	74.2	229	59	0	1	229	1	229	1.4100000000000002e-109	348
mRNA_3764	GT1|275722|Pieho1_1_GeneCatalog_proteins_20130807.aa.fasta	60.4	432	130	4	38	468	9	400	7.41e-154	484
mRNA_3766	GH55_2|GH55_2|1982326|Ophnu1_GeneCatalog_proteins_20170425.aa.fasta	100.0	887	0	0	1	887	1	887	0.0	1789
mRNA_3768	CBM1|19563|Achma1_GeneCatalog_proteins_20220407.aa.fasta	76.4	237	55	1	1	237	1	236	1.2599999999999999e-137	394
mRNA_3770	GH5_12|GH5_12|366964|Mictri1_GeneCatalog_proteins_20170510.aa.fasta	39.2	561	309	6	7	545	13	563	2.9400000000000003e-123	399
mRNA_3778	GH162|1761|Pocchl1_GeneCatalog_proteins_20170916.aa.fasta	45.4	872	338	10	42	894	12	764	5.63e-227	673
mRNA_3783	UQC73544.1|CE5	54.0	467	145	11	61	504	633	1052	8.079999999999999e-135	427
mRNA_3796	GT4|1982356|Ophnu1_GeneCatalog_proteins_20170425.aa.fasta	100.0	569	0	0	1	569	1	569	0.0	1025
mRNA_3798	GH125|1470|Exoaq1_GeneCatalog_proteins_20160901.aa.fasta	39.2	834	339	21	108	800	107	913	1.5600000000000002e-157	488
mRNA_3822	AA5_2|AA5_2|CBM32|12833|Pocchl1_GeneCatalog_proteins_20170916.aa.fasta	35.7	575	274	10	130	703	41	520	2.63e-103	331
mRNA_3823	GH12|96558|Mixos1_GeneCatalog_proteins_20120207.aa.fasta	39.7	741	348	15	1	718	294	958	3.59e-160	493
mRNA_3826	AA9|1982386|Ophnu1_GeneCatalog_proteins_20170425.aa.fasta	100.0	247	0	0	1	247	1	247	1.0299999999999998e-180	501
mRNA_3840	GH92|5965|Pocchl1_GeneCatalog_proteins_20170916.aa.fasta	54.9	377	164	3	68	440	92	466	1.16e-139	413
mRNA_3853	GT57|431563|ChetHAW225_4_GeneCatalog_proteins_20220426.aa.fasta	63.2	364	128	3	1	363	608	966	4.1099999999999995e-147	449
mRNA_3858	AMJ20543.1|GH13_11	45.0	407	193	6	58	463	5	381	4.3099999999999994e-104	323
mRNA_3863	QKD55908.1|GH18	61.3	1412	366	32	7	1390	936	2195	0.0	1487
mRNA_3867	AA1|1982427|Ophnu1_GeneCatalog_proteins_20170425.aa.fasta	100.0	680	0	0	1	680	1	680	0.0	1331
mRNA_3878	CUS02994.1|GT2	43.2	574	263	18	765	1297	6	557	2.1e-113	372
mRNA_3887	GH2_10|GH2_10|9451|Exoaq1_GeneCatalog_proteins_20160901.aa.fasta	58.8	364	138	4	32	390	44	400	7.69e-143	419
mRNA_3893	GT0|433|Exoaq1_GeneCatalog_proteins_20160901.aa.fasta	41.8	471	269	1	35	505	38	503	1.1200000000000001e-117	361
mRNA_3896	GH115|4241|Phach1_GeneCatalog_proteins_20150930.aa.fasta	50.2	404	191	7	4	401	445	844	1.29e-135	414
mRNA_3900	GT69|1982460|Ophnu1_GeneCatalog_proteins_20170425.aa.fasta	100.0	450	0	0	1	450	1	450	0.0	933
mRNA_3911	GT32|13326|Pocchl1_GeneCatalog_proteins_20170916.aa.fasta	59.0	702	192	11	1	692	1	616	1.98e-205	596
mRNA_3915	GH16_1|GH16_1|5076|Pocchl1_GeneCatalog_proteins_20170916.aa.fasta	59.8	376	113	8	1	368	1	346	1.14e-142	414
mRNA_3918	GH13_1|GH13_1|713636|Cyapal1_GeneCatalog_proteins_20220714.aa.fasta	71.4	440	120	2	17	456	524	957	4.06e-219	634
mRNA_3919	GH43_6|GH43_6|17118|Didma1_GeneCatalog_proteins_20160126.aa.fasta	35.7	641	271	8	858	1369	485	1113	1.65e-117	411
mRNA_3920	CBM48|1982480|Ophnu1_GeneCatalog_proteins_20170425.aa.fasta	100.0	713	0	0	1	713	1	713	0.0	967
mRNA_3929	GT62|5101|Pocchl1_GeneCatalog_proteins_20170916.aa.fasta	69.9	608	171	3	26	630	15	613	7.609999999999999e-250	707
mRNA_3938	GH3|1940628|Porspa1_GeneCatalog_proteins_20220228.aa.fasta	54.2	805	306	12	14	804	746	1501	1.03e-266	788
mRNA_3940	GT20|6138|Exoaq1_GeneCatalog_proteins_20160901.aa.fasta	48.5	859	353	19	1	831	1	798	2.9199999999999997e-246	712
mRNA_3946	GT1|1119|Byssp1_GeneCatalog_proteins_20170705.aa.fasta	75.9	377	89	2	4	379	203	578	9.060000000000001e-210	593
mRNA_3950	GH24|203|Pocchl1_GeneCatalog_proteins_20170916.aa.fasta	81.1	940	177	1	1	940	1	939	0.0	1535
mRNA_3955	CBM35|739|Horwer1_GeneCatalog_proteins_20160803.aa.fasta	49.4	688	325	12	8	681	4	682	2.7199999999999998e-216	644
mRNA_3958	GH76|1982518|Ophnu1_GeneCatalog_proteins_20170425.aa.fasta	100.0	459	0	0	1	459	1	459	0.0	943
mRNA_3959	QKX63840.1|CBM18|GH18	40.5	906	474	18	19	905	479	1338	1.69e-191	592
mRNA_3964	GT0|2567|Exoaq1_GeneCatalog_proteins_20160901.aa.fasta	36.0	569	329	9	29	581	52	601	4.8700000000000006e-123	381
mRNA_3968	GT57|6750|Pocchl1_GeneCatalog_proteins_20170916.aa.fasta	74.4	293	57	2	1	292	1	276	3.45e-159	449
mRNA_3973	GH5_24|GH5_24|537|Pocchl1_GeneCatalog_proteins_20170916.aa.fasta	47.9	430	214	6	337	760	262	687	1.0099999999999999e-126	399
mRNA_3977	GH5_24|GH5_24|1982537|Ophnu1_GeneCatalog_proteins_20170425.aa.fasta	100.0	415	0	0	1	415	1	415	0.0	872
mRNA_3982	GH72|769|Exoaq1_GeneCatalog_proteins_20160901.aa.fasta	51.8	628	248	7	206	822	1	584	2.3199999999999997e-205	602
mRNA_3985	GT20|787|Pocchl1_GeneCatalog_proteins_20170916.aa.fasta	65.3	476	164	1	35	509	39	514	1.54e-219	621
mRNA_3987	GT2|127595|Acastr1_GeneCatalog_proteins_20160720.aa.fasta	43.6	589	279	8	61	640	1898	2442	9.969999999999999e-138	451
mRNA_3991	CBM50|8550|Exoaq1_GeneCatalog_proteins_20160901.aa.fasta	44.4	500	211	10	3	463	11	482	2.76e-127	385
mRNA_4005	GT8|1940640|Porspa1_GeneCatalog_proteins_20220228.aa.fasta	74.4	289	58	2	136	417	311	590	7.14e-143	438
mRNA_4011	GT1|4176|Ompol1_GeneCatalog_proteins_20130516.aa.fasta	50.2	422	204	5	1	417	1	421	5.5e-124	389
mRNA_4023	GT8|90573|Triatrob1_GeneCatalog_proteins_20181004.aa.fasta	70.7	283	76	2	20	297	264	544	5.2700000000000005e-133	393
mRNA_4024	GT32|1982584|Ophnu1_GeneCatalog_proteins_20170425.aa.fasta	100.0	385	0	0	1	385	1	385	2.02e-286	780
mRNA_4025	GT32|450182|Podcom1_GeneCatalog_proteins_20220226.aa.fasta	57.7	684	238	12	71	751	369	1004	3.21e-244	712
mRNA_4040	GT1|3824|Marbr1_GeneCatalog_proteins_20141203.aa.fasta	55.9	1081	397	12	1	1070	1245	2256	0.0	1184
mRNA_4052	AA11|10974|Colme1_GeneCatalog_proteins_20180731.aa.fasta	42.9	553	231	6	3	483	14	553	1.1600000000000002e-129	402
mRNA_4054	GH152|967190|Conioc1_GeneCatalog_proteins_20180327.aa.fasta	84.2	748	86	9	129	860	17	748	0.0	1181
mRNA_4069	GT69|1982629|Ophnu1_GeneCatalog_proteins_20170425.aa.fasta	100.0	556	0	0	1	556	1	556	0.0	1147
mRNA_4071	GH35|1982631|Ophnu1_GeneCatalog_proteins_20170425.aa.fasta	100.0	575	0	0	1	575	1	575	0.0	1187
mRNA_4072	GT31|2244|Rhisol1_GeneCatalog_proteins_20210223.aa.fasta	45.6	469	252	3	37	505	24	489	2.85e-140	435
mRNA_4075	GT31|13421|Pocchl1_GeneCatalog_proteins_20170916.aa.fasta	43.6	516	273	3	74	582	43	547	6.65e-146	437
mRNA_4078	UKZ91547.1|GT15	68.7	1076	283	10	1	1075	1	1023	0.0	1408
mRNA_4086	GH78|887|Pensub1_GeneCatalog_proteins_20160929.aa.fasta	30.2	1237	698	32	184	1331	97	1256	8.970000000000001e-123	428
mRNA_4088	GT49|5705|Rhich1_GeneCatalog_proteins_20131210.aa.fasta	65.1	538	182	4	3	536	4	539	2.0799999999999998e-255	729
mRNA_4090	AA5_1|AA5_1|CBM18|1896|Thela1_GeneCatalog_proteins_20220709.aa.fasta	55.2	547	222	11	61	593	732	1269	9.9e-186	567
mRNA_4096	GT2|555512|Phiatr1_GeneCatalog_proteins_20220225.aa.fasta	64.2	681	235	7	3	676	7	685	2.01e-294	857
mRNA_4100	GT15|3417|Walic1_GeneCatalog_proteins_20131017.aa.fasta	37.3	1006	547	22	32	1001	42	999	4.99e-177	558
mRNA_4106	GH76|743180|Zoprh1_GeneCatalog_proteins_20130606.aa.fasta	67.1	565	174	6	55	615	16	572	1.3700000000000001e-251	725
mRNA_4109	GH152|11892|Neodi1_GeneCatalog_proteins_20170711.aa.fasta	73.9	482	121	2	1	477	1	482	4.1899999999999997e-243	704
mRNA_4123	GH95|11482|Pocchl1_GeneCatalog_proteins_20170916.aa.fasta	35.5	670	387	15	4	644	5	658	1.84e-115	367
mRNA_4129	GT2|3893|Rhich1_GeneCatalog_proteins_20131210.aa.fasta	37.1	908	365	18	289	1195	73	775	4.35e-139	476
mRNA_4130	GH29|4122|Pocchl1_GeneCatalog_proteins_20170916.aa.fasta	47.7	949	396	21	73	1003	15	881	2.86e-256	748
mRNA_4132	CBM18|CBM18|CBM18|CBM18|CE4|1684|Stely1_GeneCatalog_proteins_20170711.aa.fasta	36.6	966	531	20	613	1545	1057	1974	7.5e-140	489
mRNA_4140	GH5_5|GH5_5|1982700|Ophnu1_GeneCatalog_proteins_20170425.aa.fasta	100.0	453	0	0	1	453	1	453	1.2600000000000001e-257	712
mRNA_4141	AA12|2202|Pocchl1_GeneCatalog_proteins_20170916.aa.fasta	53.9	482	171	8	2	460	4	457	3.46e-156	456
mRNA_4142	GT31|359|Pocchl1_GeneCatalog_proteins_20170916.aa.fasta	60.4	386	143	3	23	398	29	414	1.7700000000000002e-161	466
mRNA_4155	GH15|CBM20|372782|Asphet1_GeneCatalog_proteins_20140624.aa.fasta	55.6	588	243	7	39	624	635	1206	2.9399999999999998e-229	675
mRNA_4164	CAD7250593.1|GT47|GT64	55.5	521	194	8	181	690	1104	1597	3.01e-159	515
mRNA_4165	GT0|5518|Pocchl1_GeneCatalog_proteins_20170916.aa.fasta	58.2	419	143	8	64	480	25	413	1.12e-164	477
mRNA_4168	GT2|3393287|Favcal1_2_GeneCatalog_proteins_20220405.aa.fasta	40.9	575	274	15	143	714	118	629	1.4999999999999999e-115	381
mRNA_4176	GH54|CBM42|8998|Pocchl1_GeneCatalog_proteins_20170916.aa.fasta	49.7	505	231	7	63	557	63	554	1.0099999999999999e-165	489
mRNA_4183	GH16_3|GH16_3|1982743|Ophnu1_GeneCatalog_proteins_20170425.aa.fasta	100.0	288	0	0	1	288	1	288	7.100000000000001e-213	585
mRNA_4188	GT1|9981|Pocchl1_GeneCatalog_proteins_20170916.aa.fasta	48.3	557	230	16	133	675	53	565	1.38e-113	373
mRNA_4195	GH18|1982755|Ophnu1_GeneCatalog_proteins_20170425.aa.fasta	100.0	621	0	0	1	621	1	621	0.0	1052
mRNA_4198	CAE6204650.1|GH28	47.1	648	287	7	115	757	745	1341	6.56e-175	543
mRNA_4200	AIE96983.1|GT7	33.6	1299	689	34	29	1263	7	1195	1.6800000000000001e-192	622
mRNA_4202	GH12|2813|Pocchl1_GeneCatalog_proteins_20170916.aa.fasta	67.7	480	151	2	21	498	22	499	1.79e-238	668
mRNA_4211	GT76|1982771|Ophnu1_GeneCatalog_proteins_20170425.aa.fasta	100.0	490	0	0	1	490	1	490	0.0	941
mRNA_4220	GT33|391379|Krezon1_GeneCatalog_proteins_20220127.aa.fasta	56.3	574	233	8	1	571	1	559	1.87e-216	636
mRNA_4221	WIA18545.1|GT32	29.8	1295	658	24	381	1436	510	1792	2.36e-135	473
mRNA_4239	QWU85921.1|GH130_3	81.0	499	90	2	5	503	1363	1856	1.51e-272	800
mRNA_4241	CBM48|614350|Phiatr1_GeneCatalog_proteins_20220225.aa.fasta	45.5	839	276	18	7	817	605	1290	1e-195	598
mRNA_4249	GH16_22|GH16_22|4662|Pocchl1_GeneCatalog_proteins_20170916.aa.fasta	42.7	562	289	10	165	707	521	1068	1.18e-130	439
mRNA_4257	AVI60826.1|GT22	85.0	426	64	0	11	436	583	1008	2.3e-245	735
mRNA_4258	QWU87001.1|GT22	63.8	340	121	1	11	350	487	824	3.74e-144	433
mRNA_4265	AA0|9452|Colsub1_GeneCatalog_proteins_20210226.aa.fasta	52.7	414	181	6	1	409	16	419	1.4e-110	339
mRNA_4275	GT1|1982835|Ophnu1_GeneCatalog_proteins_20170425.aa.fasta	100.0	278	0	0	1	278	1	278	1.65e-197	546
mRNA_4277	GH0|4156|Pocchl1_GeneCatalog_proteins_20170916.aa.fasta	41.7	518	256	6	173	686	108	583	5.67e-130	403
mRNA_4279	UKK01998.1|GT1	39.9	1022	501	15	113	1117	66	991	6.78e-220	676
mRNA_4280	GH45_1|GH45_1|6324|Traver1_GeneCatalog_proteins_20220719.aa.fasta	40.0	438	241	3	1	432	220	641	2.3800000000000002e-110	345
mRNA_4286	GT4|1982846|Ophnu1_GeneCatalog_proteins_20170425.aa.fasta	100.0	511	0	0	1	511	1	511	0.0	995
mRNA_4288	GH20|83|Ascap1_GeneCatalog_proteins_20210318.aa.fasta	42.4	2018	942	34	1	1993	1	1822	0.0	1430
mRNA_4292	GH13_5|GH13_5|3135|Dipse1_GeneCatalog_proteins_20150930.aa.fasta	80.6	288	56	0	12	299	21	308	3.85e-153	454
mRNA_4301	GH2_10|GH2_10|10944|Exoaq1_GeneCatalog_proteins_20160901.aa.fasta	48.5	390	155	5	6	395	1	344	6.37e-115	344
mRNA_4303	GH71|4608|Aspuda1_GeneCatalog_proteins_20160920.aa.fasta	63.9	488	169	3	16	502	3	484	1.89e-220	642
mRNA_4316	GH55_2|GH55_2|5462|Aspuda1_GeneCatalog_proteins_20160920.aa.fasta	55.0	420	164	10	1	419	1	396	1.9599999999999998e-138	427
mRNA_4322	UQC75315.1|GT31	58.5	914	290	14	1	896	1057	1899	0.0	986
mRNA_4325	GH31|1982885|Ophnu1_GeneCatalog_proteins_20170425.aa.fasta	100.0	809	0	0	1	809	1	809	0.0	1602
mRNA_4330	CBM1|AA9|1982890|Ophnu1_GeneCatalog_proteins_20170425.aa.fasta	100.0	325	0	0	1	325	1	325	4.72e-232	637
mRNA_4331	AA1|638982|Fusco1_GeneCatalog_proteins_20180421.aa.fasta	52.1	349	158	1	46	385	606	954	6.25e-125	388
mRNA_4332	CE1|4492|Zymbr1_GeneCatalog_proteins_20170711.aa.fasta	46.3	415	204	1	31	445	1	396	1.74e-120	373
mRNA_4334	GT1|142609|Colorb1_GeneCatalog_proteins_20180806.aa.fasta	64.9	282	92	4	145	425	537	812	4.41e-116	364
mRNA_4337	GT0|12973|Pocchl1_GeneCatalog_proteins_20170916.aa.fasta	71.4	346	98	1	4	348	2	347	2.3e-186	523
mRNA_4340	QSL66615.1|GT22	36.1	834	483	15	75	898	536	1329	2.82e-159	506
mRNA_4341	AA3_3|AA3_3|9050|Ascsa1_GeneCatalog_proteins_20140116.aa.fasta	53.2	943	338	16	158	1093	38	884	8.03e-291	899
mRNA_4344	CAL5870878.1|GH16_22	50.7	550	208	10	35	577	7	500	3.19e-155	476
mRNA_4346	GT2|281156|Acain1_GeneCatalog_proteins_20150309.aa.fasta	43.7	524	267	9	38	537	29	548	1.51e-116	381
mRNA_4368	VDC85193.1|GT95	78.3	300	64	1	11	310	77	375	1.7e-162	474
mRNA_4377	QWW23826.1|GH5_12	45.4	648	331	7	156	799	431	1059	2.99e-175	560
mRNA_4380	GH5_7|GH5_7|CBM1|276090|Cyaste1_GeneCatalog_proteins_20220716.aa.fasta	37.8	576	322	12	8	572	20	570	3.11e-107	352
mRNA_4381	GT4|1982941|Ophnu1_GeneCatalog_proteins_20170425.aa.fasta	100.0	583	0	0	1	583	1	583	0.0	1114
mRNA_4386	GT2|1982946|Ophnu1_GeneCatalog_proteins_20170425.aa.fasta	100.0	927	0	0	1	927	1	927	0.0	1819
mRNA_4404	GH89|3113308|Gaumor1_1_GeneCatalog_proteins_20160412.aa.fasta	61.6	362	110	5	30	374	769	1118	1.25e-140	433
mRNA_4407	GT32|1982967|Ophnu1_GeneCatalog_proteins_20170425.aa.fasta	100.0	406	0	0	1	406	1	406	6.78e-307	833
mRNA_4408	AA7|506|Exoaq1_GeneCatalog_proteins_20160901.aa.fasta	54.0	404	171	5	3	392	7	409	1.44e-142	417
mRNA_4422	CE16|540360|Fustr1_GeneCatalog_proteins_20180511.aa.fasta	38.6	495	272	5	7	498	315	780	1.63e-112	357
mRNA_4424	AA3_2|AA3_2|2374|Pocchl1_GeneCatalog_proteins_20170916.aa.fasta	51.5	1075	372	25	21	1086	16	950	3.79e-262	769
mRNA_4427	PL1_7|PL1_7|16676|Didma1_GeneCatalog_proteins_20160126.aa.fasta	83.3	198	33	0	3	200	688	885	1.9e-103	330
mRNA_4451	GT50|26967|Rozal_SC1_GeneCatalog_proteins_20141014.aa.fasta	49.0	449	226	3	268	716	447	892	9.15e-134	424
mRNA_4453	GT17|11423|Horwer1_GeneCatalog_proteins_20160803.aa.fasta	62.3	292	103	3	3	293	29	314	2.03e-110	338
mRNA_4457	GH24|2606|Pocchl1_GeneCatalog_proteins_20170916.aa.fasta	55.9	969	406	12	165	1126	160	1114	0.0	1022
mRNA_4465	AA11|1983025|Ophnu1_GeneCatalog_proteins_20170425.aa.fasta	100.0	367	0	0	1	367	1	367	6.33e-249	683
mRNA_4470	GT39|1983030|Ophnu1_GeneCatalog_proteins_20170425.aa.fasta	100.0	775	0	0	1	775	1	775	0.0	1570
mRNA_4476	GH2_10|GH2_10|133015|Jimlac1_GeneCatalog_proteins_20180910.aa.fasta	29.1	1410	685	25	480	1733	201	1451	4.5000000000000004e-154	533
mRNA_4490	GH20|1983050|Ophnu1_GeneCatalog_proteins_20170425.aa.fasta	100.0	639	0	0	1	639	1	639	0.0	1319
mRNA_4491	GH20|556268|Phiatr1_GeneCatalog_proteins_20220225.aa.fasta	60.6	561	188	8	2	553	567	1103	4.26e-231	674
mRNA_4493	GH16_18|GH16_18|1983053|Ophnu1_GeneCatalog_proteins_20170425.aa.fasta	100.0	362	0	0	1	362	1	362	4.78e-230	635
mRNA_4496	GT15|1380|Exoaq1_GeneCatalog_proteins_20160901.aa.fasta	73.1	260	57	2	51	310	1	247	7.139999999999999e-126	365
mRNA_4502	CE16|390012|Krezon1_GeneCatalog_proteins_20220127.aa.fasta	55.8	1348	529	10	27	1369	45	1330	0.0	1374
mRNA_4506	GH30_3|GH30_3|8781|Pocchl1_GeneCatalog_proteins_20170916.aa.fasta	69.7	575	152	6	4	578	3	555	1.09e-259	727
mRNA_4509	CAE6179499.1|GH152	49.0	720	326	10	2	690	75	784	1.3099999999999999e-197	592
mRNA_4519	GT31|6526|Neodi1_GeneCatalog_proteins_20170711.aa.fasta	31.4	982	562	23	362	1305	741	1648	1.8699999999999998e-108	390
mRNA_4521	GH5_30|GH5_30|113468|Volvo1_GeneCatalog_proteins_20130703.aa.fasta	66.9	719	223	7	1	708	581	1295	0.0	940
mRNA_4541	GH127|5337|Phach1_GeneCatalog_proteins_20150930.aa.fasta	66.8	322	100	3	31	347	519	838	2.67e-137	416
mRNA_4555	CE9|5725|Fonmo1_GeneCatalog_proteins_20170704.aa.fasta	52.9	1351	503	22	12	1353	412	1638	0.0	1313
mRNA_4565	GH18|CBM18|314361|Polci1_GeneCatalog_proteins_20130311.aa.fasta	46.0	491	231	10	67	549	1	465	5.06e-106	341
mRNA_4567	GH92|7289|Ompol1_GeneCatalog_proteins_20130516.aa.fasta	52.5	478	192	5	6	479	7	453	1.14e-151	472
mRNA_4579	AA9|124212|Acastr1_GeneCatalog_proteins_20160720.aa.fasta	44.6	1202	479	26	1	1200	370	1386	3.3800000000000004e-266	798
mRNA_4588	GT2|5480|Pocchl1_GeneCatalog_proteins_20170916.aa.fasta	63.3	703	236	4	63	753	32	724	0.0	956
mRNA_4592	GH2_13|GH2_13|4212|Pocchl1_GeneCatalog_proteins_20170916.aa.fasta	61.6	453	149	10	521	969	306	737	1.23e-137	446
mRNA_4597	GH93|261|ChetHm540_1_GeneCatalog_proteins_20210514.aa.fasta	42.2	573	209	16	74	635	667	1128	1.98e-114	374
mRNA_4603	CE8|CE8|CE8|CE8|CE8|1983163|Ophnu1_GeneCatalog_proteins_20170425.aa.fasta	100.0	2150	0	0	1	2150	1	2150	0.0	3406
mRNA_4607	PL9_3|PL9_3|137178|Aspnom1_GeneCatalog_proteins_20160910.aa.fasta	47.6	464	236	5	9	467	394	855	1.06e-133	412
mRNA_4612	GH16_18|GH16_18|1415|Penvul1_GeneCatalog_proteins_20170601.aa.fasta	50.3	370	179	5	85	451	335	702	5.29e-117	363
mRNA_4613	GH38|9493|Colsub1_GeneCatalog_proteins_20210226.aa.fasta	57.5	485	190	4	32	515	24	493	1.9000000000000002e-181	557
mRNA_4614	GH105|1983174|Ophnu1_GeneCatalog_proteins_20170425.aa.fasta	100.0	383	0	0	1	383	1	383	4.43e-289	786
mRNA_4620	GT0|2567|Exoaq1_GeneCatalog_proteins_20160901.aa.fasta	36.8	562	327	8	10	547	27	584	6.589999999999999e-128	393
mRNA_4647	PL9_3|PL9_3|137178|Aspnom1_GeneCatalog_proteins_20160910.aa.fasta	42.7	475	252	8	22	488	394	856	5.1700000000000004e-110	351
mRNA_4651	GT22|6849|EndpusZ1_GeneCatalog_proteins_20180130.aa.fasta	68.4	627	186	3	21	646	19	634	3.66e-299	859
mRNA_4665	GH1|655434|Lopnu1_GeneCatalog_proteins_20160906.aa.fasta	42.0	588	310	15	28	602	706	1275	8.620000000000001e-124	401
mRNA_4669	GT48|291365|Botdo1_1_GeneCatalog_proteins_20150128.aa.fasta	35.6	854	485	24	77	891	61	888	5.14e-113	407
mRNA_4671	GH29|5362|Pocchl1_GeneCatalog_proteins_20170916.aa.fasta	37.3	1286	517	45	336	1558	270	1329	1.3699999999999999e-140	473
mRNA_4682	GH5_15|GH5_15|1983242|Ophnu1_GeneCatalog_proteins_20170425.aa.fasta	100.0	418	0	0	1	418	1	418	0.0	885
mRNA_4687	PL9_3|PL9_3|137178|Aspnom1_GeneCatalog_proteins_20160910.aa.fasta	47.1	471	229	8	16	475	394	855	2.38e-134	414
mRNA_4692	GH12|1983252|Ophnu1_GeneCatalog_proteins_20170425.aa.fasta	100.0	330	0	0	1	330	1	330	1.99e-199	555
mRNA_4693	GT2|1983253|Ophnu1_GeneCatalog_proteins_20170425.aa.fasta	100.0	830	0	0	1	830	1	830	0.0	1662
mRNA_4698	AA1_2|AA1_2|4835|Grocl1_GeneCatalog_proteins_20131017.aa.fasta	64.7	482	162	2	16	489	572	1053	7.68e-223	648
mRNA_4703	CUS02994.1|GT2	38.9	571	292	12	666	1200	1	550	2.12e-103	344
mRNA_4704	QKD52171.1|GT31	50.7	359	151	6	21	379	525	857	6.779999999999999e-112	352
mRNA_4711	GH13_25|GH133|GH13_25|157367|Aspwel1_GeneCatalog_proteins_20160629.aa.fasta	45.9	859	359	14	46	882	1563	2337	4.7800000000000004e-223	701
mRNA_4715	GT31|13421|Pocchl1_GeneCatalog_proteins_20170916.aa.fasta	43.6	539	270	6	40	565	30	547	5.88e-148	442
mRNA_4720	GT20|367311|Dipgro1_GeneCatalog_proteins_20220226.aa.fasta	71.2	392	111	2	1	392	905	1294	8.03e-186	556
mRNA_4721	GT20|1983281|Ophnu1_GeneCatalog_proteins_20170425.aa.fasta	100.0	949	0	0	1	949	1	949	0.0	1883
mRNA_4724	GH51_2|GH51_2|1983284|Ophnu1_GeneCatalog_proteins_20170425.aa.fasta	100.0	631	0	0	1	631	1	631	0.0	1237
mRNA_4731	GH0|1983291|Ophnu1_GeneCatalog_proteins_20170425.aa.fasta	100.0	682	0	0	1	682	1	682	0.0	1417
mRNA_4734	GH51_1|GH51_1|3295|Monha1_GeneCatalog_proteins_20131210.aa.fasta	31.1	1862	1048	50	7	1755	588	2328	4.9399999999999995e-214	704
mRNA_4736	GH125|646314|Lopnu1_GeneCatalog_proteins_20160906.aa.fasta	45.1	894	368	18	81	973	15	786	1.2999999999999999e-229	675
mRNA_4737	GH5_31|GH5_31|3090|Pocchl1_GeneCatalog_proteins_20170916.aa.fasta	46.9	1181	529	27	147	1309	161	1261	1.78e-309	909
mRNA_4738	GT57|1983298|Ophnu1_GeneCatalog_proteins_20170425.aa.fasta	100.0	597	0	0	1	597	1	597	0.0	1192
mRNA_4741	VDC69778.1|CE8	38.9	665	338	20	148	801	658	1265	4.91e-131	427
mRNA_4745	GH2_13|GH2_13|350131|Clasp259_1_GeneCatalog_proteins_20220224.aa.fasta	48.9	358	171	3	5	362	877	1222	5.13e-110	354
mRNA_4747	GT31|2244|Rhisol1_GeneCatalog_proteins_20210223.aa.fasta	42.7	466	266	1	26	491	24	488	2.4600000000000002e-123	390
mRNA_4748	QPC79130.1|GH47	37.0	717	372	17	36	728	579	1239	1.37e-115	387
mRNA_4753	GT2|2008837|Fusox3_1_GeneCatalog_proteins_20230106.aa.fasta	66.3	516	173	1	1	516	1210	1724	1.2400000000000001e-231	691
mRNA_4754	GH154|1983314|Ophnu1_GeneCatalog_proteins_20170425.aa.fasta	100.0	724	0	0	1	724	1	724	0.0	1482
mRNA_4755	GH88|1983315|Ophnu1_GeneCatalog_proteins_20170425.aa.fasta	100.0	502	0	0	1	502	1	502	0.0	993
mRNA_4756	GH154|9851|Aspuda1_GeneCatalog_proteins_20160920.aa.fasta	45.8	590	235	13	135	722	264	770	6.85e-138	451
mRNA_4757	GT31|2244|Rhisol1_GeneCatalog_proteins_20210223.aa.fasta	40.4	480	274	4	28	502	24	496	4.38e-116	372
mRNA_4759	GH3|3063|Exoaq1_GeneCatalog_proteins_20160901.aa.fasta	44.9	501	271	5	1	499	38	535	2.56e-149	444
mRNA_4769	QBQ55251.1|CBM50	35.0	854	451	12	216	1068	144	894	5.49e-127	420
mRNA_4770	GT1|531616|Fusso1_GeneCatalog_proteins_20180401.aa.fasta	38.5	618	301	15	1	613	1	544	5.76e-112	372
mRNA_4775	UQC80667.1|GH37	81.7	268	29	1	44	291	1854	2121	1.7299999999999997e-126	404
mRNA_4786	AWP09643.1|GT27	50.1	397	189	5	25	417	574	965	1.06e-124	394
mRNA_4795	GT22|6123|Aspuda1_GeneCatalog_proteins_20160920.aa.fasta	52.9	546	160	10	30	574	2	451	1.05e-167	527
mRNA_4798	GT22|1983358|Ophnu1_GeneCatalog_proteins_20170425.aa.fasta	100.0	607	0	0	1	607	1	607	0.0	1135
mRNA_4808	GH5_12|GH5_12|2423|Rhives1_GeneCatalog_proteins_20170403.aa.fasta	48.9	421	195	5	47	455	842	1254	1.38e-121	391
mRNA_4832	AWP04987.1|GT13	44.9	849	449	12	88	928	80	917	2.44e-242	735
mRNA_4837	WFD20538.1|GH5	69.8	384	115	1	14	396	13	396	1.1e-185	548
mRNA_4838	CBM50|CBM50|CBM50|4831|Dipse1_GeneCatalog_proteins_20150930.aa.fasta	60.3	481	188	2	46	524	219	698	7.5e-205	591
mRNA_4849	GH38|1983409|Ophnu1_GeneCatalog_proteins_20170425.aa.fasta	100.0	1109	0	0	1	1109	1	1109	0.0	2293
mRNA_4857	GT20|425609|Cyapal1_GeneCatalog_proteins_20220714.aa.fasta	68.0	278	89	0	1	278	1	278	1.3100000000000001e-123	380
mRNA_4862	CBM38|GH32|1983422|Ophnu1_GeneCatalog_proteins_20170425.aa.fasta	100.0	680	0	0	1	680	1	680	0.0	1392
mRNA_4863	AA1_3|AA1_3|9757|Exoaq1_GeneCatalog_proteins_20160901.aa.fasta	45.1	528	260	10	18	525	26	543	6.780000000000001e-144	431
mRNA_4887	GH5_5|GH5_5|16311|CadmalM221_1_GeneCatalog_proteins_20220609.aa.fasta	53.5	368	152	9	2	368	391	740	2.1000000000000003e-117	362
mRNA_4890	AA9|905360|Trabet1_GeneCatalog_proteins_20170925.aa.fasta	39.0	451	271	3	61	507	5	455	2.65e-105	336
mRNA_4892	CAE6110940.1|CE8	44.9	543	269	8	96	634	267	783	2.07e-130	417
mRNA_4904	CBM14|129668|Aspcand1_GeneCatalog_proteins_20161018.aa.fasta	40.0	545	288	5	89	630	42	550	9.310000000000001e-132	407
mRNA_4908	GT71|5257|Fuspo1_GeneCatalog_proteins_20210311.aa.fasta	38.9	637	334	18	18	640	22	617	1.15e-116	380
mRNA_4913	AA3_2|AA3_2|1983473|Ophnu1_GeneCatalog_proteins_20170425.aa.fasta	100.0	551	0	0	1	551	1	551	0.0	1117
mRNA_4916	GH17|1983476|Ophnu1_GeneCatalog_proteins_20170425.aa.fasta	100.0	812	0	0	1	812	1	812	0.0	1384
mRNA_4919	PL7_4|PL7_4|161805|ColoR110_1_GeneCatalog_proteins_20210506.aa.fasta	49.9	401	141	6	1	383	1	359	1.1099999999999999e-108	340
mRNA_4921	AA8|1983481|Ophnu1_GeneCatalog_proteins_20170425.aa.fasta	100.0	215	0	0	1	215	1	215	8.94e-143	408
mRNA_4923	GH3|3063|Exoaq1_GeneCatalog_proteins_20160901.aa.fasta	39.4	493	293	1	32	524	35	521	2.08e-131	399
mRNA_4930	GT4|568248|Cirumb1_GeneCatalog_proteins_20170119.aa.fasta	44.6	1060	500	21	254	1285	907	1907	7.93e-246	762
mRNA_4941	GT0|2567|Exoaq1_GeneCatalog_proteins_20160901.aa.fasta	36.1	540	332	7	2	531	38	574	2.98e-116	363
mRNA_4946	CE1|1082386|Acral2_GeneCatalog_proteins_20110414.aa.fasta	47.8	460	180	12	74	512	291	711	1.3999999999999999e-112	359
mRNA_4949	GH154|151766|Coltof1_GeneCatalog_proteins_20180803.aa.fasta	46.2	407	214	1	2	403	46	452	2.89e-121	390
mRNA_4956	GT0|2567|Exoaq1_GeneCatalog_proteins_20160901.aa.fasta	38.0	542	319	6	42	568	35	574	1.11e-134	411
mRNA_4957	QKX53525.1|AA1	58.5	390	107	9	137	525	656	991	6.66e-136	430
mRNA_4963	GT2|4704|Penfla1_GeneCatalog_proteins_20170601.aa.fasta	54.1	381	129	2	212	592	135	469	2.5600000000000004e-122	405
mRNA_4965	CBM50|CBM50|CBM50|4195|Aspuda1_GeneCatalog_proteins_20160920.aa.fasta	51.5	373	171	3	33	405	796	1158	1.27e-117	375
mRNA_4967	GT0|2567|Exoaq1_GeneCatalog_proteins_20160901.aa.fasta	69.5	564	171	1	39	601	38	601	7.16e-311	860
mRNA_4968	CE0|175032|Settu3_GeneCatalog_proteins_20170818.aa.fasta	53.9	397	167	6	1	393	1	385	1.15e-145	433
mRNA_4971	GT15|2003|Exoaq1_GeneCatalog_proteins_20160901.aa.fasta	46.4	539	282	7	4	541	4	536	1.19e-171	504
mRNA_4981	GH37|1123|Hompol1_GeneCatalog_proteins_20160803.aa.fasta	59.4	318	119	5	156	471	272	581	1.01e-109	355
mRNA_4985	GH78|2558|Exoaq1_GeneCatalog_proteins_20160901.aa.fasta	54.3	591	203	10	312	902	21	544	2.53e-205	602
mRNA_4996	GH3|100650|Oidma1_GeneCatalog_proteins_20110606.aa.fasta	74.6	832	195	9	1	824	9	832	0.0	1157
mRNA_4997	CBM18|14076|Pocchl1_GeneCatalog_proteins_20170916.aa.fasta	56.7	577	178	11	13	567	4	530	3.39e-188	544
mRNA_5008	GH31_1|GH31_1|473|Mycth1_GeneCatalog_proteins_20220630.aa.fasta	38.7	998	388	21	1	975	1	797	3.14e-184	596
mRNA_5012	QRW27311.1|AA5_1	62.9	321	119	0	54	374	40	360	3.65e-130	411
mRNA_5013	GH12|11086|Pocchl1_GeneCatalog_proteins_20170916.aa.fasta	75.9	498	117	3	1	495	1	498	1.6000000000000002e-276	765
mRNA_5017	CBM50|2289|Pocchl1_GeneCatalog_proteins_20170916.aa.fasta	72.2	807	217	5	60	863	63	865	0.0	1102
mRNA_5018	GH3|904297|Suicli1_GeneCatalog_proteins_20180420.aa.fasta	49.6	794	242	11	72	865	341	976	9.439999999999999e-225	708
mRNA_5037	GH43_11|CBM91|GH43_11|1983597|Ophnu1_GeneCatalog_proteins_20170425.aa.fasta	100.0	576	0	0	1	576	1	576	0.0	1209
mRNA_5044	GH89|4571|Exoaq1_GeneCatalog_proteins_20160901.aa.fasta	76.2	407	94	1	57	460	46	452	1.02e-235	658
mRNA_5047	GH5_5|GH5_5|294680|Botdo1_1_GeneCatalog_proteins_20150128.aa.fasta	61.3	380	134	6	8	380	377	750	2.0299999999999999e-150	449
mRNA_5049	GT58|8380|Acrth1_GeneCatalog_proteins_20220321.aa.fasta	63.2	285	83	2	1	285	1	263	1.59e-117	345
mRNA_5062	CE16|1983622|Ophnu1_GeneCatalog_proteins_20170425.aa.fasta	100.0	354	0	0	1	354	1	354	6.78e-267	728
mRNA_5063	GH76|232422|Krezon1_GeneCatalog_proteins_20220127.aa.fasta	67.8	395	107	4	27	421	440	814	1.36e-182	535
mRNA_5065	AA1|1983625|Ophnu1_GeneCatalog_proteins_20170425.aa.fasta	100.0	647	0	0	1	647	1	647	0.0	1322
mRNA_5066	GH76|1983626|Ophnu1_GeneCatalog_proteins_20170425.aa.fasta	100.0	468	0	0	1	468	1	468	0.0	910
mRNA_5071	GT57|3994|Exoaq1_GeneCatalog_proteins_20160901.aa.fasta	61.5	1196	431	16	139	1330	4	1173	0.0	1436
mRNA_5090	GH32|201891|Aspser1_GeneCatalog_proteins_20160915.aa.fasta	29.8	806	413	17	83	823	53	770	8.230000000000001e-107	362
mRNA_5094	GH13|13080|Exoaq1_GeneCatalog_proteins_20160901.aa.fasta	54.2	463	200	6	6	464	8	462	4.3e-152	447
mRNA_5107	UQC89859.1|GH128	41.8	1130	524	23	10	1125	542	1551	3.3e-239	732
mRNA_5115	CBM1|GH18|4392|Thiau1_GeneCatalog_proteins_20220718.aa.fasta	48.6	531	161	9	22	518	403	855	1.38e-130	405
mRNA_5116	GT2|1983676|Ophnu1_GeneCatalog_proteins_20170425.aa.fasta	100.0	241	0	0	1	241	1	241	4.04e-175	486
mRNA_5120	GH76|335150|Clasam1_GeneCatalog_proteins_20220224.aa.fasta	38.4	615	333	17	1	601	448	1030	8.13e-104	343
mRNA_5129	GT34|1983689|Ophnu1_GeneCatalog_proteins_20170425.aa.fasta	100.0	357	0	0	1	357	1	357	1.04e-267	730
mRNA_5130	GT34|42235|Chale1_GeneCatalog_proteins_20220405.aa.fasta	71.2	548	143	4	39	585	305	838	1.1800000000000001e-281	794
mRNA_5131	GH79|5375|Pocchl1_GeneCatalog_proteins_20170916.aa.fasta	82.9	433	62	4	1	431	1	423	3.12e-262	724
mRNA_5133	GT35|9780|Exoaq1_GeneCatalog_proteins_20160901.aa.fasta	50.8	595	258	9	61	652	55	617	6.979999999999999e-207	600
mRNA_5137	AIE96983.1|GT7	31.7	1156	636	26	2	1057	94	1196	9.94e-142	475
mRNA_5146	GH15|280129|Pcvj18317_1_GeneCatalog_proteins_20220527.aa.fasta	31.1	908	445	26	196	1087	738	1480	4.5899999999999994e-104	364
mRNA_5151	CBM18|385597|Podcom1_GeneCatalog_proteins_20220226.aa.fasta	51.9	493	211	8	58	549	59	526	2.5e-155	464
mRNA_5154	CE8|4254|Colch1_GeneCatalog_proteins_20180729.aa.fasta	47.0	613	270	9	151	745	61	636	1.6900000000000002e-166	519
mRNA_5159	CE4|605506|Fusoxy1_GeneCatalog_proteins_20171014.aa.fasta	63.3	403	134	2	18	420	34	422	4.55e-181	528
mRNA_5160	CE4|1983720|Ophnu1_GeneCatalog_proteins_20170425.aa.fasta	100.0	243	0	0	1	243	1	243	4.38e-180	499
mRNA_5169	GH125|1983729|Ophnu1_GeneCatalog_proteins_20170425.aa.fasta	100.0	539	0	0	1	539	1	539	0.0	1067
mRNA_5171	GH16_1|GH16_1|4232|Exoaq1_GeneCatalog_proteins_20160901.aa.fasta	39.5	854	328	22	82	919	34	714	2.09e-169	522
mRNA_5184	GH3|611481|Cylol1_GeneCatalog_proteins_20180714.aa.fasta	46.4	491	254	5	99	587	827	1310	9.93e-130	417
mRNA_5185	CBM52|1500|Mycth1_GeneCatalog_proteins_20220630.aa.fasta	43.7	526	140	2	96	618	18	390	1.5e-135	417
mRNA_5195	AA6|1983755|Ophnu1_GeneCatalog_proteins_20170425.aa.fasta	100.0	203	0	0	1	203	1	203	4.09e-147	412
mRNA_5197	GT1|341776|Clasp332_1_GeneCatalog_proteins_20220224.aa.fasta	43.3	695	280	15	26	701	342	941	5.48e-147	478
mRNA_5198	GT1|601861|Lashir1_GeneCatalog_proteins_20170729.aa.fasta	53.6	345	148	2	122	463	3	338	6.61e-119	389
mRNA_5199	GH5|4421|Pocchl1_GeneCatalog_proteins_20170916.aa.fasta	41.6	524	264	7	442	962	249	733	2.59e-124	400
mRNA_5203	CE4|118117|Volvo1_GeneCatalog_proteins_20130703.aa.fasta	60.9	714	273	4	109	817	1025	1737	3.09e-302	887
mRNA_5226	GH16_1|GH16_1|772|Exoaq1_GeneCatalog_proteins_20160901.aa.fasta	64.7	414	116	8	3	405	2	396	9.91e-170	486
mRNA_5261	QWW23826.1|GH5_12	40.3	692	339	13	21	707	438	1060	2.15e-152	493
mRNA_5281	QPG77067.1|GT59	53.6	323	142	3	32	354	718	1032	1.03e-111	354
mRNA_5301	GT39|113|Thelan1_GeneCatalog_proteins_20160730.aa.fasta	70.6	568	145	5	8	575	12	557	1.88e-273	789
mRNA_5304	GH0|348158|Krezon1_GeneCatalog_proteins_20220127.aa.fasta	49.6	881	344	17	1	863	1	799	2.2399999999999997e-249	755
mRNA_5313	AA1_2|AA1_2|11936|Exoaq1_GeneCatalog_proteins_20160901.aa.fasta	62.5	339	122	2	11	349	7	340	1.59e-129	380
mRNA_5333	GH16_1|GH16_1|824|Rhives1_GeneCatalog_proteins_20170403.aa.fasta	80.8	203	37	1	1	203	1	201	3.69e-108	325
mRNA_5343	QWU87121.1|GH78	40.2	502	285	6	37	533	33	524	6.99e-107	358
mRNA_5345	GH78|1983905|Ophnu1_GeneCatalog_proteins_20170425.aa.fasta	100.0	935	0	0	1	935	1	935	0.0	1905
mRNA_5348	QWW23826.1|GH5_12	44.8	842	405	12	232	1052	278	1080	6.18e-218	685
mRNA_5351	CE4|1292345|Conioc1_GeneCatalog_proteins_20180327.aa.fasta	54.0	721	231	12	84	734	38	727	1.81e-235	689
mRNA_5359	GT62|1983919|Ophnu1_GeneCatalog_proteins_20170425.aa.fasta	100.0	373	0	0	1	373	1	373	1.89e-269	736
mRNA_5363	GH16_1|GH16_1|1983923|Ophnu1_GeneCatalog_proteins_20170425.aa.fasta	100.0	355	0	0	1	355	1	355	3.5899999999999997e-258	706
mRNA_5364	GT34|1983924|Ophnu1_GeneCatalog_proteins_20170425.aa.fasta	100.0	471	0	0	1	471	1	471	0.0	883
mRNA_5375	GH3|19474|Lentinedodes1_GeneCatalog_proteins_20190125.aa.fasta	56.1	515	213	8	51	560	968	1474	1.22e-190	580
mRNA_5376	GT2|9144|Fonmo1_GeneCatalog_proteins_20170704.aa.fasta	42.6	735	289	16	9	730	1828	2442	6.46e-160	518
mRNA_5379	GT32|1983939|Ophnu1_GeneCatalog_proteins_20170425.aa.fasta	100.0	530	0	0	1	530	1	530	0.0	986
mRNA_5387	CUS02883.1|GH3	46.4	375	162	5	11	384	9	345	7.56e-108	326
mRNA_5399	GH16_19|GH16_19|CBM18|1983959|Ophnu1_GeneCatalog_proteins_20170425.aa.fasta	100.0	451	0	0	1	451	1	451	3.7699999999999996e-288	790
mRNA_5405	WAO96723.1|GH0	57.4	606	226	5	40	639	5	584	5.71e-222	668
mRNA_5406	GT15|1983966|Ophnu1_GeneCatalog_proteins_20170425.aa.fasta	100.0	507	0	0	1	507	1	507	0.0	1054
mRNA_5408	USP72863.1|AA5_2	35.9	721	359	13	60	769	24	652	4.31e-123	411
mRNA_5422	AA9|1983982|Ophnu1_GeneCatalog_proteins_20170425.aa.fasta	100.0	224	0	0	1	224	1	224	2.4400000000000004e-163	455
mRNA_5423	GT8|390475|ChetPR9b_4_GeneCatalog_proteins_20220623.aa.fasta	46.5	437	222	7	33	462	49	480	3.95e-121	380
mRNA_5424	GT32|1983984|Ophnu1_GeneCatalog_proteins_20170425.aa.fasta	100.0	526	0	0	1	526	1	526	0.0	932
mRNA_5439	CE1|1983999|Ophnu1_GeneCatalog_proteins_20170425.aa.fasta	100.0	313	0	0	1	313	1	313	1.5999999999999998e-242	662
mRNA_5443	GH5_5|GH5_5|1984003|Ophnu1_GeneCatalog_proteins_20170425.aa.fasta	100.0	349	0	0	1	349	1	349	5.220000000000001e-248	679
mRNA_5448	QKX53119.1|GH72	62.0	589	210	5	6	584	6	590	8.62e-243	717
mRNA_5460	WDK16822.1|GT8	42.6	947	303	19	1	910	1	743	2.79e-173	538
mRNA_5461	GH28|459084|Dipgro1_GeneCatalog_proteins_20220226.aa.fasta	60.1	286	104	7	2	278	9	293	4.5699999999999996e-104	324
mRNA_5475	GH29|627|Byssp1_GeneCatalog_proteins_20170705.aa.fasta	55.8	346	153	0	5	350	5	350	1.27e-122	384
mRNA_5491	GH0|4031|Byssp1_GeneCatalog_proteins_20170705.aa.fasta	29.5	1686	1029	48	48	1678	41	1622	6.010000000000001e-169	576
mRNA_5497	GH18|CBM18|CBM18|1984057|Ophnu1_GeneCatalog_proteins_20170425.aa.fasta	100.0	1183	0	0	1	1183	1	1183	0.0	2436
mRNA_5498	CBM50|CBM50|CBM50|CBM50|1984058|Ophnu1_GeneCatalog_proteins_20170425.aa.fasta	100.0	580	0	0	1	580	1	580	0.0	1143
mRNA_5500	GH43_26|GH43_26|2763|Grocl1_GeneCatalog_proteins_20131017.aa.fasta	30.7	1489	875	47	280	1701	7	1405	1.23e-160	540
mRNA_5508	GH95|11482|Pocchl1_GeneCatalog_proteins_20170916.aa.fasta	42.6	658	363	8	6	650	6	661	1.84e-164	493
mRNA_5509	GT0|2748|Pocchl1_GeneCatalog_proteins_20170916.aa.fasta	40.7	518	294	5	46	555	53	565	4.0500000000000005e-124	381
mRNA_5516	CE4|1984076|Ophnu1_GeneCatalog_proteins_20170425.aa.fasta	100.0	331	0	0	1	331	1	331	7.2299999999999995e-264	718
mRNA_5517	UQC90151.1|CE4	52.9	713	265	16	29	725	388	1045	2.27e-222	656
mRNA_5529	GH15|2224|Stely1_GeneCatalog_proteins_20170711.aa.fasta	73.9	276	69	2	1	275	1	274	9.100000000000001e-133	408
mRNA_5532	GT33|1984092|Ophnu1_GeneCatalog_proteins_20170425.aa.fasta	100.0	481	0	0	1	481	1	481	0.0	928
mRNA_5533	GH125|12047|Pocchl1_GeneCatalog_proteins_20170916.aa.fasta	64.7	365	118	4	187	543	178	539	2.44e-111	349
mRNA_5540	GT22|1984100|Ophnu1_GeneCatalog_proteins_20170425.aa.fasta	100.0	614	0	0	1	614	1	614	0.0	1254
mRNA_5543	GT15|6600|Byssp1_GeneCatalog_proteins_20170705.aa.fasta	61.4	739	240	7	3	716	267	985	0.0	914
mRNA_5546	GH3|2089|Phaal1_GeneCatalog_proteins_20130924.aa.fasta	50.1	421	165	5	37	454	10	388	3.5e-126	397
mRNA_5552	GT59|1984112|Ophnu1_GeneCatalog_proteins_20170425.aa.fasta	100.0	802	0	0	1	802	1	802	0.0	1500
mRNA_5558	GH76|8574|Pocchl1_GeneCatalog_proteins_20170916.aa.fasta	60.9	409	148	5	90	497	55	452	9.12e-171	494
mRNA_5560	GH47|1984120|Ophnu1_GeneCatalog_proteins_20170425.aa.fasta	100.0	625	0	0	1	625	1	625	0.0	1269
mRNA_5565	GH72|251264|Aspger1_GeneCatalog_proteins_20170324.aa.fasta	40.7	934	493	18	153	1078	171	1051	3.1999999999999996e-207	632
mRNA_5573	GH15|CBM20|7689|Colsub1_GeneCatalog_proteins_20210226.aa.fasta	43.0	467	249	8	22	484	24	477	5.660000000000001e-109	354
mRNA_5584	GH92|1984144|Ophnu1_GeneCatalog_proteins_20170425.aa.fasta	100.0	827	0	0	1	827	1	827	0.0	1680
mRNA_5594	GT59|7620|Pocchl1_GeneCatalog_proteins_20170916.aa.fasta	64.5	1204	346	20	2	1189	4	1141	0.0	1351
mRNA_5595	GH16_18|GH16_18|17730|Didma1_GeneCatalog_proteins_20160126.aa.fasta	82.6	396	66	1	54	446	555	950	1.55e-218	632
mRNA_5597	GT15|1984157|Ophnu1_GeneCatalog_proteins_20170425.aa.fasta	100.0	429	0	0	1	429	1	429	0.0	865
mRNA_5609	GT58|1984169|Ophnu1_GeneCatalog_proteins_20170425.aa.fasta	100.0	485	0	0	1	485	1	485	0.0	946
mRNA_5610	GT58|40481|Corno1_GeneCatalog_proteins_20220405.aa.fasta	60.5	377	126	4	1	377	1	354	4.76e-151	451
mRNA_5612	GH28|1984172|Ophnu1_GeneCatalog_proteins_20170425.aa.fasta	100.0	441	0	0	1	441	1	441	0.0	892
mRNA_5615	PL1_7|PL1_7|104|Stachl1_GeneCatalog_proteins_20210223.aa.fasta	41.2	483	271	5	1	483	100	569	4.259999999999999e-104	329
mRNA_5623	CAE5960203.1|GH32	42.6	646	319	14	30	654	621	1235	1.45e-156	488
mRNA_5629	QWW23826.1|GH5_12	52.6	1002	391	13	258	1244	161	1093	0.0	1002
mRNA_5633	GH16_1|GH16_1|3398|Lened1_GeneCatalog_proteins_20170819.aa.fasta	45.4	613	309	14	17	615	16	616	3.4600000000000004e-169	519
mRNA_5642	PL1_7|PL1_7|104|Stachl1_GeneCatalog_proteins_20210223.aa.fasta	42.1	473	249	6	1	472	100	548	1.82e-106	335
mRNA_5643	GT0|1984203|Ophnu1_GeneCatalog_proteins_20170425.aa.fasta	100.0	342	0	0	1	342	1	342	2.85e-262	715
mRNA_5651	GT0|2748|Pocchl1_GeneCatalog_proteins_20170916.aa.fasta	45.6	539	285	6	23	554	26	563	1.4999999999999999e-170	501
mRNA_5656	GH27|10474|Exoaq1_GeneCatalog_proteins_20160901.aa.fasta	52.6	483	218	5	45	524	58	532	2.98e-168	499
mRNA_5659	GH3|1984219|Ophnu1_GeneCatalog_proteins_20170425.aa.fasta	100.0	797	0	0	1	797	1	797	0.0	1620
mRNA_5664	GT61|1984224|Ophnu1_GeneCatalog_proteins_20170425.aa.fasta	100.0	419	0	0	1	419	1	419	9.47e-316	857
mRNA_5675	SMY27695.1|GH43_21	42.6	486	267	6	82	557	59	542	1.09e-114	367
mRNA_5676	GH7|1984236|Ophnu1_GeneCatalog_proteins_20170425.aa.fasta	100.0	468	0	0	1	468	1	468	0.0	968
mRNA_5681	GH76|286713|Colfi1_GeneCatalog_proteins_20160218.aa.fasta	54.1	747	297	14	161	896	610	1321	4.37e-241	735
mRNA_5683	AA3_2|AA3_2|7630|Lentinedodes1_GeneCatalog_proteins_20190125.aa.fasta	60.6	355	133	3	2	351	222	574	1.06e-139	414
mRNA_5694	GH28|1984254|Ophnu1_GeneCatalog_proteins_20170425.aa.fasta	100.0	461	0	0	1	461	1	461	0.0	927
mRNA_5697	GH76|1984257|Ophnu1_GeneCatalog_proteins_20170425.aa.fasta	100.0	468	0	0	1	468	1	468	0.0	953
mRNA_5711	GH115|438098|Poddec1_GeneCatalog_proteins_20220226.aa.fasta	55.1	1202	336	30	15	1199	1103	2117	0.0	1021
mRNA_5712	GH115|1984272|Ophnu1_GeneCatalog_proteins_20170425.aa.fasta	100.0	1102	0	0	1	1102	1	1102	0.0	2144
mRNA_5719	GH23|178594|Cyaste1_GeneCatalog_proteins_20220716.aa.fasta	43.8	520	220	9	3	484	517	1002	1.2800000000000001e-129	418
mRNA_5730	USP75711.1|CE1	62.7	370	108	4	13	376	2	347	2.31e-158	466
mRNA_5731	CBM48|1984291|Ophnu1_GeneCatalog_proteins_20170425.aa.fasta	100.0	597	0	0	1	597	1	597	7.349999999999999e-297	824
mRNA_5739	AHX26706.1|GT2	35.3	720	425	11	77	769	98	803	2.78e-106	383
mRNA_5753	GT41|115739|Trire_Chr_GeneCatalog_proteins_20190325.aa.fasta	62.7	263	94	2	54	316	36	294	2.7900000000000002e-109	355
mRNA_5772	GT4|321|MospAD094_1_GeneCatalog_proteins_20210510.aa.fasta	41.8	479	211	10	67	543	57	469	1.84e-106	348
mRNA_5788	GH78|141959|Colorb1_GeneCatalog_proteins_20180806.aa.fasta	43.4	1068	500	25	5	1005	657	1686	4.25e-250	758
mRNA_5790	GT15|3693|Calth1_GeneCatalog_proteins_20220616.aa.fasta	34.9	705	394	16	36	714	377	1042	3.7400000000000004e-107	377
mRNA_5791	GH32|6777|Talabor1_GeneCatalog_proteins_20170517.aa.fasta	86.1	209	29	0	1	209	688	896	7.68e-135	405
mRNA_5792	AA9|1014976|Patat1_GeneCatalog_proteins_20130514.aa.fasta	63.0	443	131	4	28	460	218	637	2.7000000000000002e-194	565
mRNA_5800	GT0|2567|Exoaq1_GeneCatalog_proteins_20160901.aa.fasta	33.6	571	352	10	77	637	39	592	1.69e-103	332
mRNA_5801	GH0|10413|Pocchl1_GeneCatalog_proteins_20170916.aa.fasta	70.1	1427	368	7	97	1510	92	1472	0.0	1862
mRNA_5815	ATY59959.1|GT31	45.8	755	257	16	1	725	1	633	2.3800000000000003e-161	499
mRNA_5816	WEJ95735.1|GT71	60.8	388	151	1	2	388	3	390	7.7e-150	457
mRNA_5823	QSZ33083.1|CE0	44.6	522	241	10	72	565	329	830	5.3500000000000007e-132	410
mRNA_5829	GT31|417020|XylFL1019_GeneCatalog_proteins_20190320.aa.fasta	67.9	399	122	4	23	419	440	834	4.58e-187	546
mRNA_5834	GH45_1|GH45_1|6324|Traver1_GeneCatalog_proteins_20220719.aa.fasta	39.7	453	251	5	4	452	222	656	3.36e-111	347
mRNA_5841	GH47|734|MoalCK1249_1_GeneCatalog_proteins_20210510.aa.fasta	73.2	317	81	3	6	321	4	317	5.19e-144	436
mRNA_5848	GT34|9740|Exoaq1_GeneCatalog_proteins_20160901.aa.fasta	51.8	326	137	5	4	327	17	324	3.84e-107	322
mRNA_5863	WAO93097.1|GH3	37.6	747	347	17	51	782	844	1486	3.55e-131	432
mRNA_5878	GT71|395504|Krezon1_GeneCatalog_proteins_20220127.aa.fasta	39.7	733	373	10	8	726	15	692	2.3799999999999998e-141	454
mRNA_5880	GH20|367251|Krezon1_GeneCatalog_proteins_20220127.aa.fasta	54.2	1012	337	23	1	988	1258	2167	4.63e-294	901
mRNA_5888	GH28|1540|Ompol1_GeneCatalog_proteins_20130516.aa.fasta	58.8	456	177	5	60	511	417	865	5.6600000000000004e-167	501
mRNA_5889	GT39|1129|Sakvas1_GeneCatalog_proteins_20160730.aa.fasta	53.9	462	201	7	38	496	26	478	1.0999999999999999e-147	456
mRNA_5897	WDK18612.1|AA9	44.5	431	209	11	22	430	268	690	4.69e-112	350
mRNA_5900	GH3|1984460|Ophnu1_GeneCatalog_proteins_20170425.aa.fasta	100.0	865	0	0	1	865	1	865	0.0	1732
mRNA_5908	GH29|3041|Pocchl1_GeneCatalog_proteins_20170916.aa.fasta	32.1	1272	750	33	9	1244	51	1244	2.15e-150	530
mRNA_5917	QGA15049.1|GH55_2	43.4	452	233	8	11	459	36	467	7.44e-104	344
mRNA_5918	GH18|CBM18|66868|Bysni1_GeneCatalog_proteins_20180319.aa.fasta	60.5	484	185	1	3	486	7	484	3.64e-199	583
mRNA_5919	UQC86497.1|CE5	42.5	511	252	4	5	513	301	771	2.4e-127	396
mRNA_5920	GH95|11482|Pocchl1_GeneCatalog_proteins_20170916.aa.fasta	42.7	675	347	12	2	661	6	655	2.89e-162	488
mRNA_5925	GH47|349930|Sodal1_GeneCatalog_proteins_20130716.aa.fasta	53.4	500	225	2	69	564	699	1194	1.51e-165	508
mRNA_5935	GH131|363549|ChetPR9b_4_GeneCatalog_proteins_20220623.aa.fasta	56.4	337	93	8	12	344	288	574	1.7500000000000002e-109	336
mRNA_5938	GT32|716844|Conlig1_GeneCatalog_proteins_20140604.aa.fasta	36.5	635	329	12	69	691	303	875	2.1100000000000002e-117	379
mRNA_5954	GH17|1984514|Ophnu1_GeneCatalog_proteins_20170425.aa.fasta	100.0	593	0	0	1	593	1	593	1.07e-315	871
mRNA_5962	GT71|1451|Mycth1_GeneCatalog_proteins_20220630.aa.fasta	54.6	894	368	13	37	913	18	890	3.3e-313	911
mRNA_5967	GH47|576280|Phiatr1_GeneCatalog_proteins_20220225.aa.fasta	79.9	846	151	7	1	843	620	1449	0.0	1233
mRNA_5971	GH47|1984531|Ophnu1_GeneCatalog_proteins_20170425.aa.fasta	100.0	646	0	0	1	646	1	646	0.0	1318
mRNA_5978	GH1|504410|Xylacu1_GeneCatalog_proteins_20190613.aa.fasta	49.9	766	333	6	1	751	1	730	3.54e-235	731
mRNA_5980	AA3_3|AA3_3|1984540|Ophnu1_GeneCatalog_proteins_20170425.aa.fasta	100.0	666	0	0	1	666	1	666	0.0	1396
mRNA_6002	GH16_1|GH16_1|1896396|Piscro1_GeneCatalog_proteins_20180803.aa.fasta	53.3	580	219	11	10	559	12	569	3.7499999999999994e-188	549
mRNA_6009	AA0|5025|Corse1_GeneCatalog_proteins_20220626.aa.fasta	72.4	744	183	4	4	731	2	739	0.0	1105
mRNA_6010	CBM18|532829|Hypfra2_GeneCatalog_proteins_20191031.aa.fasta	55.0	558	224	8	2	559	107	637	2.2899999999999997e-199	577
mRNA_6018	QBQ55251.1|CBM50	34.5	977	538	17	5	980	22	897	4.07e-153	487
mRNA_6023	GT2|1984583|Ophnu1_GeneCatalog_proteins_20170425.aa.fasta	100.0	1228	0	0	1	1228	1	1228	0.0	2413
mRNA_6035	GH0|7389|Sakvas1_GeneCatalog_proteins_20160730.aa.fasta	83.1	213	36	0	3	215	312	524	9.58e-127	373
mRNA_6049	AA9|491823|Xylni1_GeneCatalog_proteins_20190518.aa.fasta	38.2	591	287	9	233	812	330	853	1.42e-112	369
mRNA_6062	WEJ94881.1|GT1	47.1	605	297	7	187	768	23	627	3.6700000000000004e-161	523
mRNA_6065	GT2|2008837|Fusox3_1_GeneCatalog_proteins_20230106.aa.fasta	40.9	486	279	4	49	532	1239	1718	1.32e-111	370
mRNA_6066	GH81|1984626|Ophnu1_GeneCatalog_proteins_20170425.aa.fasta	100.0	784	0	0	1	784	1	784	0.0	1612
mRNA_6071	CBM35|739|Horwer1_GeneCatalog_proteins_20160803.aa.fasta	34.6	789	364	19	8	777	5	660	2.4700000000000002e-123	406
mRNA_6078	GH79|10322|Pensub1_GeneCatalog_proteins_20160929.aa.fasta	47.9	1228	624	8	43	1266	1	1216	3.34e-307	914
mRNA_6086	GT41|1984646|Ophnu1_GeneCatalog_proteins_20170425.aa.fasta	100.0	1865	0	0	1	1865	1	1865	0.0	3176
mRNA_6088	GT41|317074|Pbre18316_1_GeneCatalog_proteins_20220613.aa.fasta	81.7	765	133	4	1	761	1	762	0.0	1281
mRNA_6091	GT8|1984651|Ophnu1_GeneCatalog_proteins_20170425.aa.fasta	100.0	720	0	0	1	720	1	720	0.0	1420
mRNA_6103	GH114|278662|Colfi1_GeneCatalog_proteins_20160218.aa.fasta	46.5	415	203	7	25	421	64	477	8.06e-110	360
mRNA_6106	CE12|6556|Stely1_GeneCatalog_proteins_20170711.aa.fasta	40.2	510	294	6	34	542	258	757	4.32e-119	386
mRNA_6120	GT4|5418|Thelan1_GeneCatalog_proteins_20160730.aa.fasta	54.6	388	170	3	3	390	6	387	4.56e-134	415
mRNA_6121	GH79|3517|Pocchl1_GeneCatalog_proteins_20170916.aa.fasta	54.5	492	217	2	51	542	19	503	2.5599999999999997e-188	543
mRNA_6122	GH2_10|GH2_10|1984682|Ophnu1_GeneCatalog_proteins_20170425.aa.fasta	100.0	1130	0	0	1	1130	1	1130	0.0	2314
mRNA_6125	GH18|CBM18|66868|Bysni1_GeneCatalog_proteins_20180319.aa.fasta	64.4	483	167	2	6	488	7	484	6.01e-215	624
mRNA_6126	AA3_2|AA3_2|8230|Horwer1_GeneCatalog_proteins_20160803.aa.fasta	39.0	498	289	6	17	509	572	1059	5.37e-105	345
mRNA_6127	GT2|35|Exoaq1_GeneCatalog_proteins_20160901.aa.fasta	63.1	336	120	3	65	399	9	341	9.58e-155	445
mRNA_6136	GH16_22|GH16_22|1984696|Ophnu1_GeneCatalog_proteins_20170425.aa.fasta	100.0	283	0	0	1	283	1	283	9.32e-211	580
mRNA_6137	GH18|CBM50|CBM50|CBM18|1984697|Ophnu1_GeneCatalog_proteins_20170425.aa.fasta	100.0	1482	0	0	1	1482	1	1482	0.0	2983
mRNA_6139	CBM50|CBM50|CBM50|1984699|Ophnu1_GeneCatalog_proteins_20170425.aa.fasta	100.0	482	0	0	1	482	1	482	5.54e-315	860
mRNA_6145	CE15|1984705|Ophnu1_GeneCatalog_proteins_20170425.aa.fasta	100.0	152	0	0	1	152	1	152	7.59e-109	311
mRNA_6158	GH2|2499|Clapu1_GeneCatalog_proteins_20210223.aa.fasta	35.1	487	308	4	6	492	237	715	2.31e-107	341
mRNA_6164	CE1|490956|Cercau1_GeneCatalog_proteins_20170822.aa.fasta	60.6	520	202	3	102	621	94	610	5.19e-208	611
mRNA_6170	GH2_13|GH2_13|350131|Clasp259_1_GeneCatalog_proteins_20220224.aa.fasta	80.2	353	67	2	8	360	877	1226	2.33e-187	557
mRNA_6171	GH2_13|GH2_13|1984731|Ophnu1_GeneCatalog_proteins_20170425.aa.fasta	100.0	916	0	0	1	916	1	916	0.0	1830
mRNA_6172	GH2_13|GH2_13|488828|Podcom1_GeneCatalog_proteins_20220226.aa.fasta	77.0	300	60	3	1	296	1	295	7.089999999999999e-137	423
mRNA_6177	GT0|602880|HyNC0597_1_GeneCatalog_proteins_20190326.aa.fasta	76.7	429	96	3	1	429	1	425	5.8999999999999996e-229	638
mRNA_6182	CE4|837737|Cyapal1_GeneCatalog_proteins_20220714.aa.fasta	40.2	660	322	16	8	654	12	611	3.33e-130	424
mRNA_6194	GT2|1984754|Ophnu1_GeneCatalog_proteins_20170425.aa.fasta	100.0	509	0	0	1	509	1	509	0.0	1022
mRNA_6196	GH3|22675|Venin1_GeneCatalog_proteins_20141010.aa.fasta	40.7	615	318	12	6	606	819	1400	1.15e-135	436
mRNA_6198	GT0|12973|Pocchl1_GeneCatalog_proteins_20170916.aa.fasta	61.1	339	125	3	1	338	10	342	8.64e-143	413
mRNA_6200	GH3|611481|Cylol1_GeneCatalog_proteins_20180714.aa.fasta	51.7	466	217	4	149	613	852	1310	4.33e-143	454
mRNA_6201	GH78|4024|Fonmo1_GeneCatalog_proteins_20170704.aa.fasta	45.3	614	258	12	208	813	838	1381	3.21e-138	450
mRNA_6209	CE5|225|Exoaq1_GeneCatalog_proteins_20160901.aa.fasta	40.3	476	217	7	5	479	1	410	1.52e-103	320
mRNA_6219	CE3|1984779|Ophnu1_GeneCatalog_proteins_20170425.aa.fasta	100.0	174	0	0	1	174	1	174	1.26e-120	343
mRNA_6225	GH11|381872|Xylgra1_GeneCatalog_proteins_20190320.aa.fasta	51.1	1329	425	30	1	1295	1	1138	0.0	1042
mRNA_6230	GH1|5786|Phach1_GeneCatalog_proteins_20150930.aa.fasta	51.6	764	255	12	120	880	1	652	5.180000000000001e-252	741
mRNA_6233	CBM67|CBM67|13896|Armme1_1_GeneCatalog_proteins_20140802.aa.fasta	28.1	1948	1040	36	48	1811	374	2144	4.86e-202	680
mRNA_6236	GT22|1984796|Ophnu1_GeneCatalog_proteins_20170425.aa.fasta	100.0	505	0	0	1	505	1	505	0.0	1042
mRNA_6240	GH38|5151|Pocchl1_GeneCatalog_proteins_20170916.aa.fasta	46.0	491	244	9	31	510	2	482	1.27e-139	417
mRNA_6247	GT4|1984807|Ophnu1_GeneCatalog_proteins_20170425.aa.fasta	100.0	691	0	0	1	691	1	691	0.0	1395
mRNA_6260	AA4|9279|Exoaq1_GeneCatalog_proteins_20160901.aa.fasta	56.7	737	311	5	5	736	6	739	6.19e-247	724
mRNA_6268	GT4|1400|Pocchl1_GeneCatalog_proteins_20170916.aa.fasta	67.0	500	156	3	40	538	41	532	1.17e-252	707
mRNA_6290	AA1_3|AA1_3|3848|Ascap1_GeneCatalog_proteins_20210318.aa.fasta	49.2	423	193	5	5	423	6	410	1.6600000000000002e-124	391
mRNA_6293	GT15|9847|TerJ132_1_GeneCatalog_proteins_20210308.aa.fasta	55.2	690	272	7	6	658	313	1002	6.910000000000001e-133	422
mRNA_6311	GH3|1984871|Ophnu1_GeneCatalog_proteins_20170425.aa.fasta	100.0	834	0	0	1	834	1	834	0.0	1649
mRNA_6328	GH5_9|GH5_9|6065|CadmalM221_1_GeneCatalog_proteins_20220609.aa.fasta	58.1	320	127	4	14	331	24	338	9.029999999999999e-128	389
mRNA_6330	GH18|1984890|Ophnu1_GeneCatalog_proteins_20170425.aa.fasta	100.0	418	0	0	1	418	1	418	1.6399999999999999e-279	765
mRNA_6340	GH18|860|Pocchl1_GeneCatalog_proteins_20170916.aa.fasta	78.4	343	74	0	8	350	3	345	3.73e-206	573
mRNA_6341	GH63|1984901|Ophnu1_GeneCatalog_proteins_20170425.aa.fasta	100.0	824	0	0	1	824	1	824	0.0	1684
mRNA_6347	AA3|6136|Pocchl1_GeneCatalog_proteins_20170916.aa.fasta	36.9	762	388	21	35	759	59	764	8.89e-121	388
mRNA_6354	GT21|1984914|Ophnu1_GeneCatalog_proteins_20170425.aa.fasta	100.0	531	0	0	1	531	1	531	0.0	1041
mRNA_6357	CE12|5098|Grocl1_GeneCatalog_proteins_20131017.aa.fasta	47.0	615	240	17	60	618	27	611	1.15e-113	368
mRNA_6360	CE12|1984920|Ophnu1_GeneCatalog_proteins_20170425.aa.fasta	100.0	400	0	0	1	400	1	400	1.32e-253	698
mRNA_6364	GH154|191728|Asptaic1_GeneCatalog_proteins_20160414.aa.fasta	59.7	491	167	3	36	526	672	1131	5.7000000000000006e-179	540
mRNA_6378	GH47|6507|MoalAD072_1_GeneCatalog_proteins_20210424.aa.fasta	40.1	823	423	20	17	798	1066	1859	8.83e-168	536
mRNA_6380	GT0|2748|Pocchl1_GeneCatalog_proteins_20170916.aa.fasta	50.8	512	246	4	57	562	51	562	1.49e-179	524
mRNA_6381	GT0|2748|Pocchl1_GeneCatalog_proteins_20170916.aa.fasta	47.4	502	260	2	47	546	52	551	1.5300000000000002e-164	485
mRNA_6382	GH47|305583|XylFL0043_GeneCatalog_proteins_20190321.aa.fasta	39.1	489	288	5	31	512	681	1166	7.71e-104	343
mRNA_6383	GH43_26|GH43_26|1984943|Ophnu1_GeneCatalog_proteins_20170425.aa.fasta	100.0	383	0	0	1	383	1	383	1.18e-293	798
mRNA_6384	GH31_4|GH31_4|389659|ChetPR9b_4_GeneCatalog_proteins_20220623.aa.fasta	46.0	487	254	5	88	570	1546	2027	4.71e-133	435
mRNA_6387	CBM1|GH7|603|Pocchl1_GeneCatalog_proteins_20170916.aa.fasta	64.0	726	187	17	111	820	143	810	1.34e-265	762
mRNA_6399	UKZ76804.1|GT90	37.9	746	286	16	91	784	75	695	7.55e-125	416
mRNA_6409	GH67|11104|Exoaq1_GeneCatalog_proteins_20160901.aa.fasta	66.1	251	64	3	1	250	1	231	2.65e-111	325
mRNA_6410	GH43_14|CBM91|GH43_14|2562381|Fusox3_1_GeneCatalog_proteins_20230106.aa.fasta	46.9	484	256	1	3	486	537	1019	1.23e-151	466
mRNA_6414	QKX53460.1|AA4	67.7	405	129	1	38	442	635	1037	3.35e-194	572
mRNA_6421	GH105|10071|Pocchl1_GeneCatalog_proteins_20170916.aa.fasta	59.8	518	186	10	2	500	4	518	2.7899999999999995e-197	565
mRNA_6436	AA3_2|AA3_2|14372|Armcep1_GeneCatalog_proteins_20170112.aa.fasta	43.2	493	274	4	58	545	294	785	4.950000000000001e-125	405
mRNA_6443	AA1_3|AA1_3|1985003|Ophnu1_GeneCatalog_proteins_20170425.aa.fasta	100.0	587	0	0	1	587	1	587	0.0	1207
mRNA_6465	GH79|6911|Corco1_GeneCatalog_proteins_20210223.aa.fasta	78.5	339	73	0	1	339	521	859	6.07e-193	559
mRNA_6483	AA1_2|AA1_2|1985043|Ophnu1_GeneCatalog_proteins_20170425.aa.fasta	100.0	608	0	0	1	608	1	608	0.0	1253
mRNA_6491	CBM18|385597|Podcom1_GeneCatalog_proteins_20220226.aa.fasta	40.8	520	251	5	47	564	63	527	1.08e-112	354
mRNA_6511	AA9|5619|Phach1_GeneCatalog_proteins_20150930.aa.fasta	32.5	942	392	22	92	1021	21	730	4.66e-118	402
mRNA_6516	QIW98711.1|GT76	48.7	390	160	7	74	437	353	728	2.7399999999999997e-104	333
mRNA_6528	GH64|767589|Zymar1_GeneCatalog_proteins_20141012.aa.fasta	51.6	475	224	5	13	485	7	477	5.57e-143	469
mRNA_6530	CUS03126.1|CBM50	47.3	423	202	7	11	426	6	414	2.38e-118	357
mRNA_6533	GT32|837|Rhich1_GeneCatalog_proteins_20131210.aa.fasta	44.1	422	227	4	13	430	98	514	8.860000000000001e-110	354
mRNA_6540	QSS55893.1|GT22	53.3	334	146	6	257	586	1	328	3.32e-123	372
mRNA_6541	AA3_1|AA3_1|CBM1|1985101|Ophnu1_GeneCatalog_proteins_20170425.aa.fasta	100.0	637	0	0	1	637	1	637	0.0	1290
mRNA_6562	GH72|1985122|Ophnu1_GeneCatalog_proteins_20170425.aa.fasta	100.0	450	0	0	1	450	1	450	4.78e-302	825
mRNA_6563	GH72|44960|Stalo1_GeneCatalog_proteins_20220406.aa.fasta	70.5	756	190	9	7	747	8	745	0.0	976
mRNA_6567	QPH04291.1|GT0	62.8	712	251	10	122	827	104	807	2.94e-299	867
mRNA_6569	GT76|45301|Rhoglu91_1_GeneCatalog_proteins_20190605.aa.fasta	42.3	834	309	16	294	1091	514	1211	8.48e-169	546
mRNA_6582	GT57|132|Marbr1_GeneCatalog_proteins_20141203.aa.fasta	58.3	333	135	2	201	533	1181	1509	6.769999999999999e-115	380
mRNA_6600	GH36|1985160|Ophnu1_GeneCatalog_proteins_20170425.aa.fasta	100.0	969	0	0	1	969	1	969	0.0	1946
mRNA_6601	GH20|3388|TerJ132_1_GeneCatalog_proteins_20210308.aa.fasta	64.8	421	146	2	55	474	477	896	8.97e-187	550
mRNA_6608	GH71|3957|Phach1_GeneCatalog_proteins_20150930.aa.fasta	51.6	818	257	11	82	857	24	744	2.99e-247	734
mRNA_6614	CBM18|CBM18|CBM18|CE4|4440|Pocchl1_GeneCatalog_proteins_20170916.aa.fasta	39.2	757	376	16	1	754	1	676	3.7499999999999997e-147	452
mRNA_6630	GT57|1968126|Rhimi59_2_GeneCatalog_proteins_20220409.aa.fasta	52.2	454	182	7	2	453	516	936	4.8999999999999996e-142	435
mRNA_6631	GH131|332549|Aspkev1_GeneCatalog_proteins_20170406.aa.fasta	52.4	721	332	4	162	875	74	790	1.86e-266	775
mRNA_6637	AA0|1411|Colsub1_GeneCatalog_proteins_20210226.aa.fasta	45.5	841	358	14	1	821	4	764	1.31e-231	674
mRNA_6646	GH92|44267|Stalo1_GeneCatalog_proteins_20220406.aa.fasta	47.9	1188	559	25	1	1163	1	1153	5.18e-305	920
mRNA_6647	GH125|1985207|Ophnu1_GeneCatalog_proteins_20170425.aa.fasta	100.0	601	0	0	1	601	1	601	0.0	1229
mRNA_6652	GH92|1985212|Ophnu1_GeneCatalog_proteins_20170425.aa.fasta	100.0	880	0	0	1	880	1	880	0.0	1807
mRNA_6653	GH55_2|GH55_2|1985213|Ophnu1_GeneCatalog_proteins_20170425.aa.fasta	100.0	769	0	0	1	769	1	769	0.0	1521
mRNA_6663	GH1|520674|Tribi1_GeneCatalog_proteins_20141117.aa.fasta	60.6	1067	398	9	22	1071	20	1081	0.0	1189
mRNA_6676	GT39|5021|Exoaq1_GeneCatalog_proteins_20160901.aa.fasta	48.5	649	243	17	1	627	1	580	4.14e-156	469
mRNA_6679	GH0|676|Rhiso1_GeneCatalog_proteins_20131028.aa.fasta	56.1	396	155	5	1	391	10	391	8.040000000000001e-144	432
mRNA_6682	QIW95080.1|GH47	34.8	2031	1217	38	50	2050	507	2460	0.0	1058
mRNA_6694	GH31_1|GH31_1|299062|Botdo1_1_GeneCatalog_proteins_20150128.aa.fasta	54.8	622	198	15	1	609	988	1539	2.4199999999999997e-180	569
mRNA_6695	QRW23113.1|AA9	33.3	1257	660	26	425	1605	698	1851	7.69e-183	602
mRNA_6702	CBM48|GH13_8|GH13_8|200|Rhives1_GeneCatalog_proteins_20170403.aa.fasta	35.4	804	374	17	90	826	1785	2510	1.84e-121	412
mRNA_6714	QKX54493.1|GH31_4	50.0	450	220	3	95	543	568	1013	4.24e-138	444
mRNA_6720	GH18|CBM5|CBM5|304206|Cyaste1_GeneCatalog_proteins_20220716.aa.fasta	75.7	317	77	0	1	317	9	325	7.889999999999999e-176	512
mRNA_6734	QRW17253.1|GH79	46.7	597	239	8	43	615	11	552	5.26e-150	497
mRNA_6735	GT1|469144|EurotioJF034F_1_GeneCatalog_proteins_20180726.aa.fasta	64.8	372	116	1	3	359	1120	1491	8.07e-174	528
mRNA_6738	CAE6170668.1|GH16_20	62.2	320	119	1	2	319	287	606	4.8899999999999995e-146	436
mRNA_6749	GT20|96008|Conap1_GeneCatalog_proteins_20160826.aa.fasta	74.7	498	122	1	24	521	958	1451	1.1599999999999999e-250	733
mRNA_6750	GH93|4634|Ascsa1_GeneCatalog_proteins_20140116.aa.fasta	73.6	518	125	3	1	511	448	960	2.25e-275	781
mRNA_6758	GT48|1985318|Ophnu1_GeneCatalog_proteins_20170425.aa.fasta	100.0	1944	0	0	1	1944	1	1944	0.0	3776
mRNA_6759	GT48|422192|Echmac1_GeneCatalog_proteins_20220225.aa.fasta	79.5	513	104	1	9	521	1865	2376	6.2e-277	825
mRNA_6765	GH16_1|GH16_1|4232|Exoaq1_GeneCatalog_proteins_20160901.aa.fasta	47.6	719	314	15	70	779	52	716	1.24e-195	583
mRNA_6766	GH47|510492|Cyapal1_GeneCatalog_proteins_20220714.aa.fasta	45.3	532	265	6	3	512	639	1166	2.1699999999999997e-140	439
mRNA_6769	CBM1|GH18|1985329|Ophnu1_GeneCatalog_proteins_20170425.aa.fasta	100.0	522	0	0	1	522	1	522	0.0	982
mRNA_6774	GH10|193351|Clafu1_GeneCatalog_proteins_20110826.aa.fasta	66.0	627	180	5	1	627	254	847	5.79e-286	807
mRNA_6777	GH5_22|GH5_22|264241|Psol18327_1_GeneCatalog_proteins_20220503.aa.fasta	41.4	666	345	14	114	761	70	708	2.98e-119	407
mRNA_6781	GH0|344322|Krezon1_GeneCatalog_proteins_20220127.aa.fasta	56.7	714	244	5	68	779	836	1486	8.47e-256	759
mRNA_6787	GH5_22|GH5_22|304239|Aspins1_GeneCatalog_proteins_20170324.aa.fasta	34.2	1010	494	23	47	1014	555	1435	1.53e-138	457
mRNA_6789	GH16_3|GH16_3|1985349|Ophnu1_GeneCatalog_proteins_20170425.aa.fasta	100.0	285	0	0	1	285	1	285	3.7000000000000003e-227	621
mRNA_6790	AA1_3|AA1_3|856|EndpusZ1_GeneCatalog_proteins_20180130.aa.fasta	68.3	404	123	3	16	415	499	901	9.72e-176	519
mRNA_6791	GH128|1985351|Ophnu1_GeneCatalog_proteins_20170425.aa.fasta	100.0	326	0	0	1	326	1	326	5.78e-238	652
mRNA_6797	GH18|1985357|Ophnu1_GeneCatalog_proteins_20170425.aa.fasta	100.0	440	0	0	1	440	1	440	0.0	869
mRNA_6806	GH29|3041|Pocchl1_GeneCatalog_proteins_20170916.aa.fasta	29.5	2511	1497	70	14	2426	51	2386	6.94e-261	847
mRNA_6811	GT2|9565|Pocchl1_GeneCatalog_proteins_20170916.aa.fasta	56.7	704	210	12	29	726	20	634	1.86e-254	731
mRNA_6824	GH85|5044|Pyrco1_GeneCatalog_proteins_20131110.aa.fasta	47.1	665	282	13	2	661	10	609	1.1100000000000001e-166	514
mRNA_6829	GH0|7553|Neopa1_GeneCatalog_proteins_20130909.aa.fasta	50.5	529	235	5	146	673	49	551	1.47e-174	526
mRNA_6833	QSL67079.1|GT2	41.4	707	321	15	82	766	21	656	6.05e-142	447
mRNA_6838	GH31_1|GH31_1|145004|Jimfl_GMNB39_1_GeneCatalog_proteins_20180904.aa.fasta	64.1	555	168	5	10	539	37	585	1.74e-223	668
mRNA_6840	GH32|11068|Neodi1_GeneCatalog_proteins_20170711.aa.fasta	66.7	475	128	2	1	475	595	1039	2.5300000000000002e-223	648
mRNA_6844	GH23|6696|Pocchl1_GeneCatalog_proteins_20170916.aa.fasta	71.7	431	92	3	101	530	48	449	2.4000000000000002e-198	565
mRNA_6847	EAA57680.1|GH78|GH79	47.4	504	217	7	51	554	1327	1782	8.25e-128	421
mRNA_6853	AA3|7342|Fonmo1_GeneCatalog_proteins_20170704.aa.fasta	79.1	363	75	1	4	365	687	1049	1.77e-203	593
mRNA_6855	GH2_18|GH2_18|1251|Stely1_GeneCatalog_proteins_20170711.aa.fasta	72.5	306	61	8	3	292	685	983	1.0100000000000001e-129	397
mRNA_6865	GH131|332549|Aspkev1_GeneCatalog_proteins_20170406.aa.fasta	51.2	777	371	4	21	791	9	783	1.0600000000000001e-291	837
mRNA_6867	GH18|9692|Pocchl1_GeneCatalog_proteins_20170916.aa.fasta	50.4	669	273	9	1	663	1	616	5.85e-205	594
mRNA_6871	GT76|9499|Exoaq1_GeneCatalog_proteins_20160901.aa.fasta	34.2	1272	687	35	34	1231	30	1225	2.77e-187	602
mRNA_6875	GH10|11378|Lened1_GeneCatalog_proteins_20170819.aa.fasta	40.8	517	251	8	12	503	9	495	5.05e-107	351
mRNA_6892	GH72|1985452|Ophnu1_GeneCatalog_proteins_20170425.aa.fasta	100.0	478	0	0	1	478	1	478	0.0	867
mRNA_6905	AA3_2|AA3_2|7066|Exoaq1_GeneCatalog_proteins_20160901.aa.fasta	34.4	588	369	6	23	607	11	584	3.52e-105	336
mRNA_6924	GH3|611481|Cylol1_GeneCatalog_proteins_20180714.aa.fasta	62.9	488	175	4	99	586	831	1312	2.68e-203	610
mRNA_6933	CDS04937.1|GH18	31.1	1737	1000	40	1045	2753	1514	3081	1.21e-227	775
mRNA_6953	CBM0|535250|Parch1_GeneCatalog_proteins_20171014.aa.fasta	39.4	536	319	5	52	584	19	551	6.04e-117	372
mRNA_6968	UQC80931.1|GH28	64.0	520	175	8	2	518	814	1324	5.23e-205	637
mRNA_6969	UQC80931.1|GH28	39.8	722	333	15	187	904	1482	2105	7.820000000000001e-123	421
mRNA_6971	GH89|5391|Ustvir1_GeneCatalog_proteins_20170701.aa.fasta	38.8	618	151	7	3	413	777	1374	4.23e-107	351
mRNA_6990	GH88|11532|Pocchl1_GeneCatalog_proteins_20170916.aa.fasta	63.7	534	160	6	39	559	24	536	1.13e-225	639
mRNA_6991	GH136|11530|Pocchl1_GeneCatalog_proteins_20170916.aa.fasta	55.4	592	259	4	3	591	44	633	1.44e-236	672
mRNA_6998	GH105|12056|Pyrco1_GeneCatalog_proteins_20131110.aa.fasta	60.4	1407	544	6	135	1535	65	1464	0.0	1690
mRNA_6999	GH75|2788|Pocchl1_GeneCatalog_proteins_20170916.aa.fasta	41.1	2320	1189	43	65	2265	6	2267	0.0	1573
mRNA_7001	CE16|390012|Krezon1_GeneCatalog_proteins_20220127.aa.fasta	46.5	1361	610	14	164	1478	42	1330	0.0	1103
mRNA_7008	PL1_7|PL1_7|16676|Didma1_GeneCatalog_proteins_20160126.aa.fasta	75.3	368	90	1	1	368	927	1293	2.2e-191	570
mRNA_7010	PL9_3|PL9_3|137178|Aspnom1_GeneCatalog_proteins_20160910.aa.fasta	50.7	444	213	4	11	449	394	836	3.34e-147	447
mRNA_7011	GH72|6235|Thefe1_GeneCatalog_proteins_20220626.aa.fasta	56.9	441	163	8	36	457	987	1419	4.3e-146	457
mRNA_7013	GT0|2567|Exoaq1_GeneCatalog_proteins_20160901.aa.fasta	34.6	546	330	10	19	548	40	574	1.28e-107	341
mRNA_7014	PL4_5|PL4_5|6572|Stely1_GeneCatalog_proteins_20170711.aa.fasta	35.8	695	395	8	29	719	17	664	3.41e-123	404
mRNA_7015	PL9_3|PL9_3|137178|Aspnom1_GeneCatalog_proteins_20160910.aa.fasta	51.4	465	219	4	17	476	394	856	2.0800000000000003e-160	481
mRNA_7016	GH95|454047|Aspste1_GeneCatalog_proteins_20140201.aa.fasta	54.0	467	206	5	5	463	4	469	3.92e-167	509
mRNA_7019	AA3_2|AA3_2|8602|Fonmo1_GeneCatalog_proteins_20170704.aa.fasta	54.3	376	154	5	34	398	369	737	1.14e-121	397
mRNA_7020	CBM13|CBM13|794573|Clapol1_1_GeneCatalog_proteins_20180327.aa.fasta	54.0	424	189	4	16	434	46	468	6.61e-146	439
mRNA_7022	AA9|1985582|Ophnu1_GeneCatalog_proteins_20170425.aa.fasta	100.0	343	0	0	1	343	1	343	2.51e-204	568
mRNA_7031	GH36|4307|Exoaq1_GeneCatalog_proteins_20160901.aa.fasta	62.3	324	110	3	48	360	2	324	1.7899999999999998e-150	432
mRNA_7032	GH5_9|GH5_9|1985592|Ophnu1_GeneCatalog_proteins_20170425.aa.fasta	100.0	948	0	0	1	948	1	948	0.0	1416
mRNA_7049	EAA31326.1|GH71	65.1	681	193	5	99	777	94	731	2.22e-308	866
mRNA_7062	GH27|4560|Rhives1_GeneCatalog_proteins_20170403.aa.fasta	42.7	464	218	10	90	542	92	518	7e-105	343
mRNA_7063	GH76|8588|Pocchl1_GeneCatalog_proteins_20170916.aa.fasta	72.4	257	53	6	8	262	1	241	1.04e-111	345
mRNA_7067	GT32|837|Rhich1_GeneCatalog_proteins_20131210.aa.fasta	52.8	551	231	2	1	551	1	522	2.2200000000000002e-194	579
mRNA_7068	WFD34006.1|GH16_2	58.2	325	122	3	1	313	39	361	2.3600000000000003e-109	357
mRNA_7079	CE4|CE4|199841|Melli1_GeneCatalog_proteins_20150227.aa.fasta	63.9	546	188	5	8	547	555	1097	3.25e-226	682
mRNA_7081	AWO98658.1|GH37	70.5	404	118	1	14	416	68	471	6.68e-196	582
mRNA_7095	GH18|1985655|Ophnu1_GeneCatalog_proteins_20170425.aa.fasta	100.0	402	0	0	1	402	1	402	1.61e-312	847
mRNA_7096	QPC62610.1|GH18	64.4	441	154	2	5	444	392	830	3.8e-193	568
mRNA_7105	GH67|404934|ChetHAW225_4_GeneCatalog_proteins_20220426.aa.fasta	60.8	521	193	7	3	519	1395	1908	4.8600000000000005e-200	612
mRNA_7107	AA1_3|AA1_3|9757|Exoaq1_GeneCatalog_proteins_20160901.aa.fasta	57.8	531	192	6	26	543	14	525	3.23e-210	600
mRNA_7110	PL7_4|PL7_4|3512|Pocchl1_GeneCatalog_proteins_20170916.aa.fasta	40.5	472	274	6	102	572	46	511	6.27e-109	344
mRNA_7113	GH18|2592158|Fusox3_1_GeneCatalog_proteins_20230106.aa.fasta	53.7	572	235	5	21	567	13	579	3.36e-193	573
mRNA_7114	GH31_2|GH31_2|1985674|Ophnu1_GeneCatalog_proteins_20170425.aa.fasta	100.0	886	0	0	1	886	1	886	0.0	1824
mRNA_7117	GT20|1985677|Ophnu1_GeneCatalog_proteins_20170425.aa.fasta	100.0	486	0	0	1	486	1	486	0.0	1000
mRNA_7130	GH16|9008|Pocchl1_GeneCatalog_proteins_20170916.aa.fasta	44.1	460	210	11	1	446	1	427	4.95e-106	326
mRNA_7131	QRW22692.1|CBM5|GH18	57.1	643	226	10	14	638	6	616	2.37e-231	686
mRNA_7135	AA1_3|AA1_3|1985695|Ophnu1_GeneCatalog_proteins_20170425.aa.fasta	100.0	646	0	0	1	646	1	646	0.0	1296
mRNA_7137	UJR30406.1|CBM48|GH13	59.1	528	212	3	1	526	147	672	7.62e-205	609
mRNA_7139	GT20|8964|Pocchl1_GeneCatalog_proteins_20170916.aa.fasta	63.8	243	75	3	1	243	1	230	2.3099999999999998e-104	307
mRNA_7144	GH64|1985704|Ophnu1_GeneCatalog_proteins_20170425.aa.fasta	100.0	538	0	0	1	538	1	538	0.0	1035
mRNA_7153	CE9|1985713|Ophnu1_GeneCatalog_proteins_20170425.aa.fasta	100.0	489	0	0	1	489	1	489	0.0	973
mRNA_7154	GH3|1985714|Ophnu1_GeneCatalog_proteins_20170425.aa.fasta	100.0	1069	0	0	1	1069	1	1069	0.0	1970
mRNA_7155	GH3|360207|Dipgro1_GeneCatalog_proteins_20220226.aa.fasta	47.4	721	180	31	13	663	956	1547	5.8000000000000004e-148	473
mRNA_7160	GH3|1985720|Ophnu1_GeneCatalog_proteins_20170425.aa.fasta	100.0	854	0	0	1	854	1	854	0.0	1696
mRNA_7161	GH5_16|GH5_16|1985721|Ophnu1_GeneCatalog_proteins_20170425.aa.fasta	100.0	422	0	0	1	422	1	422	3.43e-315	855
mRNA_7165	GT8|256503|Penth1_GeneCatalog_proteins_20150617.aa.fasta	38.1	2134	1067	60	1	1996	1	2018	0.0	1128
mRNA_7172	GH5_5|CBM1|GH5_5|8923|Pocchl1_GeneCatalog_proteins_20170916.aa.fasta	46.7	651	273	16	21	647	24	624	1.31e-162	494
mRNA_7180	GH45_1|GH45_1|10050|Pocchl1_GeneCatalog_proteins_20170916.aa.fasta	50.2	552	261	2	73	623	49	587	7.29e-198	573
mRNA_7181	GH5_4|GH5_4|1985741|Ophnu1_GeneCatalog_proteins_20170425.aa.fasta	100.0	660	0	0	1	660	1	660	0.0	1349
mRNA_7185	CE5|163549|Aspamy1_GeneCatalog_proteins_20160516.aa.fasta	32.7	3438	1889	91	4	3373	9	3092	0.0	1465
mRNA_7187	GT90|1985747|Ophnu1_GeneCatalog_proteins_20170425.aa.fasta	100.0	635	0	0	1	635	1	635	0.0	1324
mRNA_7192	GT90|117025|Triple1_GeneCatalog_proteins_20181221.aa.fasta	49.5	1246	506	22	311	1536	930	2072	1.61e-227	726
mRNA_7197	GT0|5116|Exoaq1_GeneCatalog_proteins_20160901.aa.fasta	37.9	636	169	8	18	652	12	422	5.97e-120	369
mRNA_7198	AA3_1|AA3_1|AA8|5539|Colme1_GeneCatalog_proteins_20180731.aa.fasta	67.0	1052	343	3	63	1114	53	1100	0.0	1466
mRNA_7201	AA3_2|AA3_2|8852|Pocchl1_GeneCatalog_proteins_20170916.aa.fasta	70.6	963	277	4	1	963	1	957	0.0	1431
mRNA_7209	PL9_3|PL9_3|305611|Asppsec1_GeneCatalog_proteins_20160915.aa.fasta	44.2	482	246	10	1	469	386	857	6.74e-117	369
mRNA_7218	PL9_3|PL9_3|137178|Aspnom1_GeneCatalog_proteins_20160910.aa.fasta	49.1	462	231	3	14	472	395	855	6.04e-152	459
mRNA_7219	GH75|9774|Metac1_GeneCatalog_proteins_20131003.aa.fasta	65.6	413	142	0	10	422	16	428	4.8e-203	576
mRNA_7222	UQC76479.1|GT2	49.5	511	231	9	8	498	104	607	2.7800000000000004e-144	450
mRNA_7237	GH11|73057|Corsim1_GeneCatalog_proteins_20180612.aa.fasta	61.9	286	100	2	13	297	236	513	6.68e-113	341
mRNA_7243	GH72|14148|Pocchl1_GeneCatalog_proteins_20170916.aa.fasta	62.4	428	155	1	8	429	7	434	7.08e-195	552
mRNA_7244	AA9|7713|Ompol1_GeneCatalog_proteins_20130516.aa.fasta	48.8	521	261	5	40	559	9	524	1.41e-159	488
mRNA_7247	GT0|2748|Pocchl1_GeneCatalog_proteins_20170916.aa.fasta	49.5	505	252	1	43	547	46	547	4.6700000000000005e-173	507
mRNA_7248	GH35|1985808|Ophnu1_GeneCatalog_proteins_20170425.aa.fasta	100.0	1006	0	0	1	1006	1	1006	0.0	2017
mRNA_7249	GT15|69|Exoaq1_GeneCatalog_proteins_20160901.aa.fasta	70.6	279	80	2	1	277	5	283	1.97e-137	395
mRNA_7253	GT1|1985813|Ophnu1_GeneCatalog_proteins_20170425.aa.fasta	100.0	1839	0	0	1	1839	1	1839	0.0	3030
mRNA_7254	GT1|424281|Echmac1_GeneCatalog_proteins_20220225.aa.fasta	49.1	540	222	17	4	523	1	507	7.479999999999999e-134	435
mRNA_7268	GT24|3714|Clasph1_GeneCatalog_proteins_20160727.aa.fasta	43.2	841	411	17	44	862	257	1052	4.3899999999999996e-188	604
mRNA_7272	GT1|461185|Dipgro1_GeneCatalog_proteins_20220226.aa.fasta	48.6	770	273	13	9	711	2001	2714	4.86e-206	655
mRNA_7274	GH94|1985834|Ophnu1_GeneCatalog_proteins_20170425.aa.fasta	100.0	794	0	0	1	794	1	794	0.0	1625
mRNA_7275	GT2|1985835|Ophnu1_GeneCatalog_proteins_20170425.aa.fasta	100.0	826	0	0	1	826	1	826	0.0	1660
mRNA_7285	CBM1|AA9|10810|Pocchl1_GeneCatalog_proteins_20170916.aa.fasta	62.0	589	209	7	1	587	1	576	1.8e-237	672
mRNA_7286	GH27|1985846|Ophnu1_GeneCatalog_proteins_20170425.aa.fasta	100.0	367	0	0	1	367	1	367	7.509999999999999e-282	766
mRNA_7292	CE5|163549|Aspamy1_GeneCatalog_proteins_20160516.aa.fasta	34.4	3274	1891	75	4	3209	9	3092	0.0	1639
mRNA_7298	AA1_3|AA1_3|1985858|Ophnu1_GeneCatalog_proteins_20170425.aa.fasta	100.0	378	0	0	1	378	1	378	2.33e-277	756
mRNA_7316	GH1|1359953|Armlut1_GeneCatalog_proteins_20180531.aa.fasta	31.1	1158	637	41	108	1193	894	1962	3.66e-114	410
mRNA_7317	GT20|1985877|Ophnu1_GeneCatalog_proteins_20170425.aa.fasta	100.0	1032	0	0	1	1032	1	1032	0.0	2019
mRNA_7325	GH5_22|GH5_22|795683|Zymps1_GeneCatalog_proteins_20141012.aa.fasta	56.3	577	225	8	15	585	12	567	3.98e-217	656
mRNA_7328	GH13_5|GH13_5|3135|Dipse1_GeneCatalog_proteins_20150930.aa.fasta	70.2	295	85	1	7	298	14	308	2.43e-133	403
mRNA_7332	CE12|6556|Stely1_GeneCatalog_proteins_20170711.aa.fasta	41.2	493	282	3	47	534	268	757	4.22e-116	378
mRNA_7336	GH75|2788|Pocchl1_GeneCatalog_proteins_20170916.aa.fasta	35.1	1227	717	28	15	1211	6	1183	9.350000000000001e-173	598
mRNA_7345	GH78|1985905|Ophnu1_GeneCatalog_proteins_20170425.aa.fasta	100.0	760	0	0	1	760	1	760	0.0	1523
mRNA_7353	AA8|1985913|Ophnu1_GeneCatalog_proteins_20170425.aa.fasta	100.0	263	0	0	1	263	1	263	1.08e-199	550
mRNA_7354	GT2|1985914|Ophnu1_GeneCatalog_proteins_20170425.aa.fasta	100.0	321	0	0	1	321	1	321	3.0800000000000003e-235	645
mRNA_7355	AA2|1985915|Ophnu1_GeneCatalog_proteins_20170425.aa.fasta	100.0	289	0	0	1	289	1	289	7.07e-209	575
mRNA_7357	GT1|298148|Plecuc1_GeneCatalog_proteins_20171208.aa.fasta	71.1	280	74	3	10	286	854	1129	2.25e-114	360
mRNA_7359	GH43_24|GH43_24|1026|Phach1_GeneCatalog_proteins_20150930.aa.fasta	59.1	1588	614	15	12	1583	9	1576	0.0	1785
mRNA_7363	GT71|153|Fonnu1_GeneCatalog_proteins_20170705.aa.fasta	48.6	438	184	4	39	436	37	473	9.04e-127	401
mRNA_7367	GH5_5|CBM1|GH5_5|2520897|Favcal1_2_GeneCatalog_proteins_20220405.aa.fasta	39.5	702	332	15	19	713	30	645	2.5799999999999998e-141	454
mRNA_7369	GT1|287449|Botdo1_1_GeneCatalog_proteins_20150128.aa.fasta	51.0	743	348	5	5	744	7	736	6.190000000000001e-223	712
mRNA_7383	CBM48|GH13_8|GH13_8|7244|Talst1_2_GeneCatalog_proteins_20140114.aa.fasta	57.7	492	205	1	36	527	40	528	3.88e-203	605
mRNA_7384	GH53|394521|Prola1_GeneCatalog_proteins_20160129.aa.fasta	50.7	355	158	5	26	365	380	732	8.619999999999999e-111	347
mRNA_7391	GH18|1985951|Ophnu1_GeneCatalog_proteins_20170425.aa.fasta	100.0	409	0	0	1	409	1	409	7.890000000000001e-303	823
mRNA_7398	PL7_4|PL7_4|3512|Pocchl1_GeneCatalog_proteins_20170916.aa.fasta	42.2	521	273	5	76	591	12	509	6.11e-121	377
mRNA_7412	GT2|12908|Exoaq1_GeneCatalog_proteins_20160901.aa.fasta	42.9	995	447	18	1	941	1	928	5.18e-232	699
mRNA_7423	AA3_2|AA3_2|4163|Hypma1_GeneCatalog_proteins_20210308.aa.fasta	56.7	2254	886	30	23	2253	970	3157	0.0	2384
mRNA_7424	AA1|2752|Pocchl1_GeneCatalog_proteins_20170916.aa.fasta	50.9	645	241	20	1	638	1	576	1.1700000000000001e-125	389
mRNA_7427	AA11|4865|Phaal1_GeneCatalog_proteins_20130924.aa.fasta	70.0	523	137	6	6	521	350	859	6.68e-251	714
mRNA_7431	GH71|311886|Paevar_HGY_1_GeneCatalog_proteins_20180620.aa.fasta	62.6	470	167	3	135	599	524	989	5.69e-198	587
mRNA_7433	GH15|CBM20|7689|Colsub1_GeneCatalog_proteins_20210226.aa.fasta	45.7	484	244	6	12	488	15	486	6e-134	420
mRNA_7434	GH76|707|Pneji1_GeneCatalog_proteins_20130607.aa.fasta	53.3	499	202	9	1	492	1	475	1.06e-162	494
mRNA_7436	GH131|332549|Aspkev1_GeneCatalog_proteins_20170406.aa.fasta	41.3	712	392	12	72	762	73	779	3.6400000000000004e-181	552
mRNA_7437	GH45_1|GH45_1|10050|Pocchl1_GeneCatalog_proteins_20170916.aa.fasta	40.8	549	321	3	27	572	40	587	5.77e-143	431
mRNA_7438	GT2|5791|Pocchl1_GeneCatalog_proteins_20170916.aa.fasta	55.5	539	236	2	44	578	31	569	4.58e-214	612
mRNA_7443	SMR56934.1|GT22	53.2	633	261	10	16	635	526	1136	7.48e-220	649
mRNA_7444	CBM48|GH13_8|GH13_8|7244|Talst1_2_GeneCatalog_proteins_20140114.aa.fasta	52.9	524	242	3	17	539	22	541	3.96e-183	553
mRNA_7449	GT1|1986009|Ophnu1_GeneCatalog_proteins_20170425.aa.fasta	100.0	461	0	0	1	461	1	461	0.0	922
mRNA_7463	GT35|9780|Exoaq1_GeneCatalog_proteins_20160901.aa.fasta	43.6	589	312	8	39	625	47	617	9.08e-162	483
mRNA_7466	GH10|1986026|Ophnu1_GeneCatalog_proteins_20170425.aa.fasta	100.0	330	0	0	1	330	1	330	2.43e-232	638
mRNA_7477	GH1|3138|Pocchl1_GeneCatalog_proteins_20170916.aa.fasta	52.4	492	230	3	29	519	36	524	1.05e-168	494
mRNA_7488	GH13_25|GH133|GH13_25|2551|Phach1_GeneCatalog_proteins_20150930.aa.fasta	66.6	359	118	1	12	368	1559	1917	2.59e-149	469
mRNA_7493	GT90|1986053|Ophnu1_GeneCatalog_proteins_20170425.aa.fasta	100.0	644	0	0	1	644	1	644	0.0	1331
mRNA_7500	AA1_3|AA1_3|1986060|Ophnu1_GeneCatalog_proteins_20170425.aa.fasta	100.0	659	0	0	1	659	1	659	0.0	1375
mRNA_7501	GT0|599368|Decga1_GeneCatalog_proteins_20150425.aa.fasta	74.9	925	219	4	8	930	520	1433	0.0	1318
mRNA_7519	GH16_19|GH16_19|CBM18|8523|Tolpa1_GeneCatalog_proteins_20210310.aa.fasta	66.2	628	185	9	1	622	1	607	1.54e-254	736
mRNA_7523	GH43|431728|Aspuva1_GeneCatalog_proteins_20140531.aa.fasta	39.0	1283	579	27	99	1345	743	1857	6.19e-240	761
mRNA_7525	QPG95653.1|CE1	49.8	526	206	13	66	561	278	775	1.33e-158	477
mRNA_7530	GH16_18|GH16_18|293943|Botdo1_1_GeneCatalog_proteins_20150128.aa.fasta	53.0	1214	558	6	1	1208	499	1705	0.0	1070
mRNA_7534	CAD7245991.1|GT20	50.3	459	227	1	140	597	19	477	3.88e-151	478
mRNA_7540	GT4|406344|Asppari1_GeneCatalog_proteins_20161018.aa.fasta	58.0	617	236	6	340	950	1375	1974	5.7200000000000005e-226	702
mRNA_7556	GH131|1986116|Ophnu1_GeneCatalog_proteins_20170425.aa.fasta	100.0	258	0	0	1	258	1	258	1.66e-196	541
mRNA_7557	GH131|71445|Clasp332_1_GeneCatalog_proteins_20220224.aa.fasta	66.0	668	160	12	23	660	59	689	1.21e-279	786
mRNA_7560	CBM18|CBM18|4577|Exoaq1_GeneCatalog_proteins_20160901.aa.fasta	53.5	978	426	8	30	989	20	986	0.0	988
mRNA_7563	GH92|7289|Ompol1_GeneCatalog_proteins_20130516.aa.fasta	51.3	398	153	4	3	398	91	449	4.6700000000000003e-122	390
mRNA_7570	GH30_7|GH30_7|262978|Krezon1_GeneCatalog_proteins_20220127.aa.fasta	70.3	670	136	9	1	665	1	612	3.29e-310	881
mRNA_7573	GH30_7|GH30_7|340602|Clasp259_1_GeneCatalog_proteins_20220224.aa.fasta	49.0	594	221	12	1	594	468	979	3.01e-151	466
mRNA_7581	GH27|10144|Exoaq1_GeneCatalog_proteins_20160901.aa.fasta	46.9	733	309	12	28	747	2	667	3.4e-202	595
mRNA_7588	GH72|1986148|Ophnu1_GeneCatalog_proteins_20170425.aa.fasta	100.0	451	0	0	1	451	1	451	6.58e-305	832
mRNA_7591	PL7_4|PL7_4|3512|Pocchl1_GeneCatalog_proteins_20170916.aa.fasta	38.9	473	285	4	128	599	40	509	1.21e-104	335
mRNA_7596	GH72|7832|Grocl1_GeneCatalog_proteins_20131017.aa.fasta	70.2	514	135	4	43	538	513	1026	5.97e-223	649
mRNA_7611	GT0|199138|Melli1_GeneCatalog_proteins_20150227.aa.fasta	52.5	354	158	3	1	346	23	374	2.32e-112	352
mRNA_7612	GT34|73247|Saico1_GeneCatalog_proteins_20110913.aa.fasta	69.8	656	194	2	9	664	8	659	0.0	956
mRNA_7621	QWU87121.1|GH78	40.7	521	301	5	18	532	26	544	2.4600000000000002e-121	399
mRNA_7623	EAA65188.1|GH78	66.2	494	165	2	1	493	1	493	7.23e-237	698
mRNA_7624	GH51_1|GH51_1|10441|Exoaq1_GeneCatalog_proteins_20160901.aa.fasta	71.1	325	91	2	5	327	8	331	1.15e-165	469
mRNA_7633	GH132|7949|Pocchl1_GeneCatalog_proteins_20170916.aa.fasta	88.6	211	23	1	9	219	54	263	2.06e-140	398
mRNA_7643	GH0|7705|Grocl1_GeneCatalog_proteins_20131017.aa.fasta	63.5	658	178	10	1	646	1	608	1.1099999999999999e-250	744
mRNA_7644	GH0|1986204|Ophnu1_GeneCatalog_proteins_20170425.aa.fasta	100.0	1079	0	0	1	1079	1	1079	0.0	2258
mRNA_7648	QYO62262.1|GH13	55.8	339	149	1	31	369	3	340	1.5700000000000001e-117	361
mRNA_7656	GT39|4552|Exoaq1_GeneCatalog_proteins_20160901.aa.fasta	51.9	339	151	6	1	337	1	329	4.04e-112	335
mRNA_7678	CAD7280782.1|GT2	41.7	842	436	12	220	1037	392	1202	3.79e-194	627
mRNA_7686	CBM48|GH13_8|GH13_8|1986246|Ophnu1_GeneCatalog_proteins_20170425.aa.fasta	100.0	690	0	0	1	690	1	690	0.0	1425
mRNA_7687	CBM48|GH13_8|GH13_8|7672|Grocl1_GeneCatalog_proteins_20131017.aa.fasta	91.3	518	43	1	1	516	686	1203	0.0	908
mRNA_7691	GT2|1986251|Ophnu1_GeneCatalog_proteins_20170425.aa.fasta	100.0	880	0	0	1	880	1	880	0.0	1722
mRNA_7692	GH12|1986252|Ophnu1_GeneCatalog_proteins_20170425.aa.fasta	100.0	473	0	0	1	473	1	473	1.3300000000000001e-276	762
mRNA_7716	GH51_2|GH51_2|1739|Phach1_GeneCatalog_proteins_20150930.aa.fasta	42.9	807	336	12	25	805	4	711	1.6e-186	578
mRNA_7725	AA1|638982|Fusco1_GeneCatalog_proteins_20180421.aa.fasta	53.0	345	154	2	20	356	605	949	1.58e-122	382
mRNA_7728	GH20|367251|Krezon1_GeneCatalog_proteins_20220127.aa.fasta	63.5	466	146	6	1	458	1	450	3.1499999999999996e-172	539
mRNA_7735	GT0|294112|Botdo1_1_GeneCatalog_proteins_20150128.aa.fasta	58.7	559	142	11	1	547	744	1225	1.67e-193	580
mRNA_7737	GH3|612906|Phiatr1_GeneCatalog_proteins_20220225.aa.fasta	59.6	565	204	6	73	635	906	1448	1.1699999999999999e-225	686
mRNA_7738	GH3|1986298|Ophnu1_GeneCatalog_proteins_20170425.aa.fasta	100.0	878	0	0	1	878	1	878	0.0	1749
mRNA_7762	GH3|12577|Armme1_1_GeneCatalog_proteins_20140802.aa.fasta	68.7	454	126	3	36	486	14	454	2.76e-217	642
mRNA_7768	GH28|GH28|485|Armme1_1_GeneCatalog_proteins_20140802.aa.fasta	44.6	507	224	9	11	489	4	481	2.1399999999999998e-119	379
mRNA_7771	GH2_19|GH2_19|255299|Krezon1_GeneCatalog_proteins_20220127.aa.fasta	66.7	1052	301	14	1	1042	1	1013	0.0	1250
mRNA_7775	GT0|1842170|Porspa1_GeneCatalog_proteins_20220228.aa.fasta	48.9	666	318	8	354	1004	1281	1939	1.17e-203	642
mRNA_7789	GH13|GT5|34608|Dotse1_GeneCatalog_proteins_20100818.aa.fasta	62.2	376	130	1	14	389	11	374	2.04e-153	487
mRNA_7791	GH92|1614|Diaam1_GeneCatalog_proteins_20150926.aa.fasta	31.1	1127	678	27	205	1283	888	1964	5.229999999999999e-128	442
mRNA_7801	GH64|17913|Didma1_GeneCatalog_proteins_20160126.aa.fasta	80.3	360	68	2	127	485	94	451	5.2e-205	596
mRNA_7823	GT8|3683|Grocl1_GeneCatalog_proteins_20131017.aa.fasta	79.8	307	60	2	26	331	369	674	3.43e-176	509
mRNA_7824	GT8|1986384|Ophnu1_GeneCatalog_proteins_20170425.aa.fasta	100.0	336	0	0	1	336	1	336	9.48e-258	703
mRNA_7825	GT2|13360|Pocchl1_GeneCatalog_proteins_20170916.aa.fasta	42.7	2528	1008	56	1	2456	1	2159	0.0	1596
mRNA_7832	GH79|3313146|Favcal1_2_GeneCatalog_proteins_20220405.aa.fasta	50.6	498	229	7	4	494	491	978	2.14e-151	464
mRNA_7839	GH16_4|GH16_4|9731|Pocchl1_GeneCatalog_proteins_20170916.aa.fasta	47.1	382	195	3	29	404	32	412	9.23e-105	321
mRNA_7844	GH0|11673|Exoaq1_GeneCatalog_proteins_20160901.aa.fasta	50.6	1350	524	27	112	1431	23	1259	0.0	1129
mRNA_7857	QCE13289.1|CE8	49.9	429	183	8	8	413	407	826	5.23e-124	397
mRNA_7863	GH0|1986423|Ophnu1_GeneCatalog_proteins_20170425.aa.fasta	100.0	404	0	0	1	404	1	404	2.2499999999999998e-240	665
mRNA_7865	GT62|1986425|Ophnu1_GeneCatalog_proteins_20170425.aa.fasta	100.0	404	0	0	1	404	1	404	4.1999999999999994e-300	816
mRNA_7872	GH184|13276|Pocchl1_GeneCatalog_proteins_20170916.aa.fasta	47.7	512	197	12	1	502	1	451	2.5299999999999998e-126	383
mRNA_7878	GH76|13281|Pocchl1_GeneCatalog_proteins_20170916.aa.fasta	40.1	695	333	13	11	691	6	631	2.04e-143	439
mRNA_7882	PL1|1986442|Ophnu1_GeneCatalog_proteins_20170425.aa.fasta	100.0	306	0	0	1	306	1	306	1.6300000000000001e-202	561
mRNA_7896	CBM50|CBM50|CBM50|1986456|Ophnu1_GeneCatalog_proteins_20170425.aa.fasta	100.0	691	0	0	1	691	1	691	0.0	1233
mRNA_7899	GH18|1986459|Ophnu1_GeneCatalog_proteins_20170425.aa.fasta	100.0	294	0	0	1	294	1	294	5.910000000000001e-224	614
mRNA_7900	GH18|CBM18|428969|Dipgro1_GeneCatalog_proteins_20220226.aa.fasta	64.3	532	173	6	1	526	436	956	2.75e-233	702
mRNA_7901	GH18|CBM18|428969|Dipgro1_GeneCatalog_proteins_20220226.aa.fasta	52.2	663	259	20	3	649	1115	1735	7.11e-198	611
mRNA_7904	GT3|10591|Pocchl1_GeneCatalog_proteins_20170916.aa.fasta	56.1	1100	437	21	1	1078	1	1076	0.0	1060
mRNA_7905	QRW22854.1|GH78	53.5	739	296	7	30	745	36	749	1.55e-247	735
mRNA_7906	GT48|10516|Pocchl1_GeneCatalog_proteins_20170916.aa.fasta	51.6	597	244	6	11	605	8	561	6.5000000000000005e-211	605
mRNA_7918	GT1|201643|Melli1_GeneCatalog_proteins_20150227.aa.fasta	55.1	588	256	3	43	623	1316	1902	5.12e-204	629
mRNA_7923	GH1|2073|Pocchl1_GeneCatalog_proteins_20170916.aa.fasta	42.3	555	268	11	6	554	12	520	6.32e-137	413
mRNA_7933	AA1_3|AA1_3|856|EndpusZ1_GeneCatalog_proteins_20180130.aa.fasta	51.2	404	193	3	18	418	498	900	2.48e-124	387
mRNA_7939	EAA59719.1|GH75	36.3	663	310	15	2	648	7	573	1.4200000000000001e-105	354
mRNA_7957	AA2|1986517|Ophnu1_GeneCatalog_proteins_20170425.aa.fasta	100.0	365	0	0	1	365	1	365	1.67e-268	733
mRNA_7976	GH16_4|GH16_4|1986536|Ophnu1_GeneCatalog_proteins_20170425.aa.fasta	100.0	517	0	0	1	517	1	517	0.0	1041
mRNA_7977	GH128|1986537|Ophnu1_GeneCatalog_proteins_20170425.aa.fasta	100.0	203	0	0	1	203	1	203	6.82e-155	432
mRNA_7978	GT0|1986538|Ophnu1_GeneCatalog_proteins_20170425.aa.fasta	100.0	1101	0	0	1	1101	1	1101	0.0	2206
mRNA_7979	GH3|1986539|Ophnu1_GeneCatalog_proteins_20170425.aa.fasta	100.0	816	0	0	1	816	1	816	0.0	1635
mRNA_7980	PL1_4|PL1_4|1986540|Ophnu1_GeneCatalog_proteins_20170425.aa.fasta	100.0	371	0	0	1	371	1	371	3.6699999999999996e-250	687
mRNA_7987	AA3_1|AA3_1|2593068|Fusox3_1_GeneCatalog_proteins_20230106.aa.fasta	44.2	518	259	10	35	549	10	500	1.71e-132	419
mRNA_7993	AA1_3|AA1_3|10001|Exoaq1_GeneCatalog_proteins_20160901.aa.fasta	68.6	258	75	1	2	253	10	267	1.02e-115	337
mRNA_7994	CE0|3988|Thecr1_GeneCatalog_proteins_20220725.aa.fasta	53.4	446	177	8	17	462	4	418	8.65e-135	432
mRNA_7995	AA1|9993|Exoaq1_GeneCatalog_proteins_20160901.aa.fasta	56.3	394	164	4	5	395	12	400	3.8999999999999997e-150	436
mRNA_7996	AA5_2|AA5_2|CBM32|12833|Pocchl1_GeneCatalog_proteins_20170916.aa.fasta	37.7	506	283	9	46	545	41	520	2.46e-107	336
mRNA_8000	GH18|12654|Colsub1_GeneCatalog_proteins_20210226.aa.fasta	43.8	1028	452	23	81	1090	17	936	1.4699999999999998e-228	696
mRNA_8002	GH45_1|GH45_1|10050|Pocchl1_GeneCatalog_proteins_20170916.aa.fasta	42.9	539	306	2	66	602	47	585	4.86e-149	448
mRNA_8004	USP80507.1|CE0	33.1	1641	852	42	6	1579	32	1493	4.12e-220	701
mRNA_8014	GT0|442023|Aspgra1_GeneCatalog_proteins_20170405.aa.fasta	45.3	580	306	6	2	577	13	585	1.69e-152	471
mRNA_8018	CE5|163549|Aspamy1_GeneCatalog_proteins_20160516.aa.fasta	25.9	3163	1984	92	75	3098	99	3039	1.27e-234	800
mRNA_8024	GT90|556671|Phiatr1_GeneCatalog_proteins_20220225.aa.fasta	89.7	506	52	0	1	506	1	506	1.92e-303	868
mRNA_8025	GT8|27414|Rhoglu91_1_GeneCatalog_proteins_20190605.aa.fasta	43.6	727	363	12	16	717	4	708	7.7e-201	602
mRNA_8030	QIW99986.1|AA1_3	65.6	416	131	2	15	423	578	988	5.8e-168	536
mRNA_8037	GH43_14|CBM91|GH43_14|2562381|Fusox3_1_GeneCatalog_proteins_20230106.aa.fasta	39.5	491	285	5	15	505	544	1022	2.68e-125	397
mRNA_8041	GT57|6855|Grocl1_GeneCatalog_proteins_20131017.aa.fasta	88.1	303	34	1	1	301	707	1009	1.21e-175	517
mRNA_8043	PL4_5|PL4_5|6572|Stely1_GeneCatalog_proteins_20170711.aa.fasta	63.8	646	232	2	6	649	15	660	1.3499999999999999e-274	797
mRNA_8046	GH13_25|GH133|GH13_25|1986606|Ophnu1_GeneCatalog_proteins_20170425.aa.fasta	100.0	1575	0	0	1	1575	1	1575	0.0	3192
mRNA_8065	AA1_3|AA1_3|434980|NsAK0226_1_GeneCatalog_proteins_20190612.aa.fasta	53.0	515	187	13	4	477	485	985	1.34e-139	431
mRNA_8075	GT22|4206718|PpacPPUFV02_GeneCatalog_proteins_20210128.aa.fasta	32.5	839	524	16	397	1226	341	1146	2.3000000000000003e-117	407
mRNA_8078	CCD26081.1|GT3	90.9	375	34	0	1	375	1	375	3.3200000000000003e-257	705
mRNA_8083	AA9|3533|Stely1_GeneCatalog_proteins_20170711.aa.fasta	43.6	1441	635	31	9	1400	307	1618	3.8e-234	744
mRNA_8108	WFD37536.1|GH85	52.7	579	194	11	1	516	1	562	2.17e-148	471
mRNA_8113	CAD7276099.1|GT98	29.5	1029	647	22	24	986	769	1785	2.41e-116	401
mRNA_8121	GH0|2551|Exoaq1_GeneCatalog_proteins_20160901.aa.fasta	49.4	1026	482	11	17	1030	27	1027	0.0	957
mRNA_8140	GH78|393779|ChetPR9b_4_GeneCatalog_proteins_20220623.aa.fasta	60.2	545	156	7	8	533	4	506	7.83e-183	577
mRNA_8150	QGI79035.1|GH43_30	86.1	388	54	0	3	390	458	845	3.03e-231	687
mRNA_8166	CAG7859579.1|GT4	41.6	538	291	7	105	628	40	568	9.05e-127	406
mRNA_8171	QDS76924.1|GH28	42.4	486	254	8	6	491	4	463	1.51e-124	402
mRNA_8184	QWU86251.1|GT1	47.5	482	167	11	22	491	1664	2071	2.21e-120	396
mRNA_8207	GH79|3724|Phach1_GeneCatalog_proteins_20150930.aa.fasta	49.5	1437	482	24	150	1565	27	1241	0.0	1169
mRNA_8210	UQC89697.1|PL4_3	57.2	1202	357	24	1	1201	69	1113	0.0	1252
mRNA_8219	GH76|581889|Phiatr1_GeneCatalog_proteins_20220225.aa.fasta	45.5	1323	548	36	5	1242	409	1643	1.34e-292	875
mRNA_8220	GH76|1986780|Ophnu1_GeneCatalog_proteins_20170425.aa.fasta	100.0	403	0	0	1	403	1	403	5.9199999999999996e-295	803
mRNA_8221	CAB4069325.1|CBM18	26.1	2866	1792	68	1699	4432	96	2766	6.34e-239	821
mRNA_8224	GH47|8494|Pocchl1_GeneCatalog_proteins_20170916.aa.fasta	51.5	567	166	6	2	565	4	464	2.56e-177	518
mRNA_8227	GH3|2274|Exoaq1_GeneCatalog_proteins_20160901.aa.fasta	51.7	987	453	8	7	990	9	974	0.0	972
mRNA_8229	AA3_2|AA3_2|1330665|Mycpol1_GeneCatalog_proteins_20180505.aa.fasta	33.7	843	414	11	237	1040	648	1384	4.85e-136	451
mRNA_8230	GT4|1058757|Sissu1_GeneCatalog_proteins_20130130.aa.fasta	46.8	712	297	14	56	725	307	978	2.02e-178	566
mRNA_8235	GT31|1986795|Ophnu1_GeneCatalog_proteins_20170425.aa.fasta	100.0	1430	0	0	1	1430	1	1430	0.0	2780
mRNA_8244	GH5_5|GH5_5|5684|Phach1_GeneCatalog_proteins_20150930.aa.fasta	54.4	421	160	5	104	514	50	448	6.95e-131	413
mRNA_8245	GT2|1986805|Ophnu1_GeneCatalog_proteins_20170425.aa.fasta	100.0	898	0	0	1	898	1	898	0.0	1766
mRNA_8246	GT2|48418|Corin1_GeneCatalog_proteins_20220405.aa.fasta	64.7	1211	356	12	1	1204	1	1146	0.0	1385
mRNA_8248	UQC89363.1|GT2	58.5	749	240	6	1	686	1240	1980	8.68e-274	817
mRNA_8249	GT2|2943|Stely1_GeneCatalog_proteins_20170711.aa.fasta	72.7	611	166	1	463	1073	2311	2920	1.6999999999999999e-292	900
mRNA_8256	GT35|399100|Cocvi2_GeneCatalog_proteins_20221119.aa.fasta	64.8	281	91	3	1	276	906	1183	2.13e-106	340
mRNA_8269	GH47|9084|Pocchl1_GeneCatalog_proteins_20170916.aa.fasta	53.6	537	233	4	93	614	50	585	1.14e-168	524
mRNA_8287	CBM50|CBM18|322157|Pcas15300_1_GeneCatalog_proteins_20220601.aa.fasta	53.5	620	243	11	7	610	267	857	1.8100000000000003e-192	580
mRNA_8289	GH3|1940628|Porspa1_GeneCatalog_proteins_20220228.aa.fasta	52.5	751	310	13	52	780	774	1499	1.31e-246	735
mRNA_8300	GH16_19|GH16_19|CBM18|3285|Canbo1_GeneCatalog_proteins_20181210.aa.fasta	56.5	1222	496	10	12	1223	415	1610	0.0	1001
mRNA_8301	GT24|1986861|Ophnu1_GeneCatalog_proteins_20170425.aa.fasta	100.0	1531	0	0	1	1531	1	1531	0.0	2960
mRNA_8302	GT24|103683|Aurpu1_GeneCatalog_proteins_20220323.aa.fasta	75.2	685	162	4	1	681	1652	2332	0.0	1064
mRNA_8314	PL9_3|PL9_3|137178|Aspnom1_GeneCatalog_proteins_20160910.aa.fasta	45.7	477	252	5	28	501	381	853	5.93e-138	426
mRNA_8324	GH47|1986884|Ophnu1_GeneCatalog_proteins_20170425.aa.fasta	100.0	1042	0	0	1	1042	1	1042	0.0	1946
mRNA_8326	GH5_12|GH5_12|1986886|Ophnu1_GeneCatalog_proteins_20170425.aa.fasta	100.0	880	0	0	1	880	1	880	0.0	1769
mRNA_8348	GH5_12|GH5_12|8792|Monha1_GeneCatalog_proteins_20131210.aa.fasta	83.9	423	63	3	1	420	1	421	1.12e-213	625
mRNA_8364	GH55_2|GH55_2|531581|XyAK1471_1_GeneCatalog_proteins_20191118.aa.fasta	61.0	410	155	3	1	410	1	405	8.62e-170	525
mRNA_8366	AA9|905360|Trabet1_GeneCatalog_proteins_20170925.aa.fasta	51.3	427	195	6	17	442	21	435	1.1e-137	418
mRNA_8370	GH28|112878|Triple1_GeneCatalog_proteins_20181221.aa.fasta	37.1	561	322	8	3	534	400	958	3.92e-114	366
mRNA_8374	AA2|3948|Exoaq1_GeneCatalog_proteins_20160901.aa.fasta	66.5	400	132	2	1	399	1	399	1.8e-190	538
mRNA_8378	GH18|8932|Pocchl1_GeneCatalog_proteins_20170916.aa.fasta	74.8	433	69	10	4	432	10	406	3.4799999999999997e-220	615
mRNA_8386	GH3|1986946|Ophnu1_GeneCatalog_proteins_20170425.aa.fasta	100.0	757	0	0	1	757	1	757	0.0	1523
mRNA_8388	QKX56746.1|AA3_2	49.4	1015	480	12	5	1005	566	1560	0.0	946
mRNA_8390	GT2|590795|Cloaq1_GeneCatalog_proteins_20160307.aa.fasta	52.0	704	260	11	1	687	1	643	6.009999999999999e-221	674
mRNA_8391	GH154|1216|Exoaq1_GeneCatalog_proteins_20160901.aa.fasta	56.7	460	191	3	75	531	42	496	1.32e-175	509
mRNA_8392	GH72|CBM43|8897|Pocchl1_GeneCatalog_proteins_20170916.aa.fasta	42.3	970	500	26	51	985	50	994	1.56e-231	687
mRNA_8403	GH47|144674|Aspala1_GeneCatalog_proteins_20160910.aa.fasta	46.9	501	209	9	14	499	889	1347	6.28e-114	382
mRNA_8404	GH43_24|GH43_24|CBM35|1986964|Ophnu1_GeneCatalog_proteins_20170425.aa.fasta	100.0	442	0	0	1	442	1	442	0.0	881
mRNA_8411	WEJ94736.1|GT57	49.1	580	272	8	12	571	563	1139	5.88e-171	520
mRNA_8419	GH5_12|GH5_12|288241|Botdo1_1_GeneCatalog_proteins_20150128.aa.fasta	40.0	1312	679	14	26	1316	809	2033	1.8999999999999998e-298	905
mRNA_8422	GH47|11852|Horwer1_GeneCatalog_proteins_20160803.aa.fasta	39.5	989	422	22	9	929	8	888	1.64e-159	501
mRNA_8425	UQC80617.1|GH47	77.7	426	88	3	1	420	1	425	2.53e-176	528
mRNA_8426	GH2_13|GH2_13|6317|Exoaq1_GeneCatalog_proteins_20160901.aa.fasta	81.1	254	43	1	10	263	10	258	8.16e-139	396
mRNA_8437	GT20|388435|Prola1_GeneCatalog_proteins_20160129.aa.fasta	59.3	285	114	1	13	297	10	292	5.2e-118	364
mRNA_8441	UQC87088.1|GH17|GT48	63.6	566	175	6	49	599	3663	4212	1.1399999999999999e-232	723
mRNA_8467	CE0|587764|Pestal1_GeneCatalog_proteins_20180925.aa.fasta	69.0	390	119	2	117	506	385	772	1.9799999999999997e-180	532
mRNA_8472	GT2|1587157|Mucci3_GeneCatalog_proteins_20220410.aa.fasta	65.9	331	112	1	92	421	868	1198	9.300000000000001e-129	424
mRNA_8474	GH31_1|GH31_1|11112|Pocchl1_GeneCatalog_proteins_20170916.aa.fasta	37.4	871	335	18	32	896	48	714	6.57e-154	485
mRNA_8490	GT0|7488|Exoaq1_GeneCatalog_proteins_20160901.aa.fasta	75.7	1873	438	8	1	1863	1	1865	0.0	2746
mRNA_8497	GH71|261128|Psol18327_1_GeneCatalog_proteins_20220503.aa.fasta	47.6	372	187	4	1	369	536	902	8.75e-118	368
mRNA_8507	AA9|678903|Thiap1_GeneCatalog_proteins_20140116.aa.fasta	27.2	1708	1107	36	10	1659	4	1633	2.04e-146	504
mRNA_8524	GH128|7207|Exoaq1_GeneCatalog_proteins_20160901.aa.fasta	41.2	634	304	12	89	692	1	595	1.29e-140	430
mRNA_8531	CBM20|AA13|1987091|Ophnu1_GeneCatalog_proteins_20170425.aa.fasta	100.0	389	0	0	1	389	1	389	4.53e-260	713
mRNA_8545	GH47|349930|Sodal1_GeneCatalog_proteins_20130716.aa.fasta	53.2	491	222	4	36	520	691	1179	1.49e-163	502
mRNA_8548	GH5_7|GH5_7|1987108|Ophnu1_GeneCatalog_proteins_20170425.aa.fasta	100.0	601	0	0	1	601	1	601	0.0	1208
mRNA_8552	PL38|9411|MoalAD071_1_GeneCatalog_proteins_20210416.aa.fasta	78.6	290	62	0	8	297	635	924	5.48e-170	503
mRNA_8553	GT58|7637|Pocchl1_GeneCatalog_proteins_20170916.aa.fasta	70.3	222	42	1	1	198	1	222	7.49e-105	306
mRNA_8563	GH32|1987123|Ophnu1_GeneCatalog_proteins_20170425.aa.fasta	100.0	624	0	0	1	624	1	624	0.0	1266
mRNA_8574	GH154|945104|Colsa1_GeneCatalog_proteins_20160329.aa.fasta	41.1	1185	532	32	4	1149	8	1065	4.19e-266	808
mRNA_8575	CE16|CBM1|401399|Poddi1_GeneCatalog_proteins_20171014.aa.fasta	56.0	416	149	7	3	396	8	411	1.44e-141	429
mRNA_8585	GH15|CBM20|2225|Exoaq1_GeneCatalog_proteins_20160901.aa.fasta	44.2	520	259	8	40	553	37	531	8.05e-146	437
mRNA_8589	GT0|2560|Exoaq1_GeneCatalog_proteins_20160901.aa.fasta	45.6	480	251	8	8	482	23	497	9.070000000000001e-125	378
mRNA_8592	GH13_40|GH13_40|1606|Exoaq1_GeneCatalog_proteins_20160901.aa.fasta	63.8	553	185	6	1	552	1	539	2.1899999999999998e-279	776
mRNA_8593	ANH56445.1|GH36	58.9	350	136	4	1	348	1	344	4.3899999999999996e-128	399
mRNA_8603	AA8|47013|Corin1_GeneCatalog_proteins_20220405.aa.fasta	44.6	444	241	3	31	470	212	654	1.67e-137	417
mRNA_8611	CBM13|2591933|Fusox3_1_GeneCatalog_proteins_20230106.aa.fasta	66.1	413	138	1	5	415	11	423	2.29e-209	593
mRNA_8614	GH55_2|GH55_2|10645|Pocchl1_GeneCatalog_proteins_20170916.aa.fasta	64.5	439	150	3	63	499	15	449	5.79e-206	583
mRNA_8625	GT0|2567|Exoaq1_GeneCatalog_proteins_20160901.aa.fasta	39.4	541	310	7	5	532	39	574	1.23e-139	422
mRNA_8628	GH5|6095|Diaam1_GeneCatalog_proteins_20150926.aa.fasta	73.5	332	82	2	1	331	1	327	1.23e-168	486
mRNA_8634	GT0|2748|Pocchl1_GeneCatalog_proteins_20170916.aa.fasta	41.5	496	285	3	17	510	42	534	1.0999999999999999e-128	393
mRNA_8635	AA3_2|AA3_2|14372|Armcep1_GeneCatalog_proteins_20170112.aa.fasta	42.5	471	267	3	51	517	294	764	2.6400000000000002e-110	364
