gene_id	pathway
TRINITY_DN10097_c0_g1	map00010
TRINITY_DN10931_c0_g1	map00010
TRINITY_DN1115_c0_g1	map00010
TRINITY_DN12502_c0_g1	map00010
TRINITY_DN127_c0_g1	map00010
TRINITY_DN1296_c0_g1	map00010
TRINITY_DN13175_c0_g1	map00010
TRINITY_DN14106_c0_g1	map00010
TRINITY_DN14373_c0_g1	map00010
TRINITY_DN14873_c0_g1	map00010
TRINITY_DN14_c1_g1	map00010
TRINITY_DN15783_c0_g1	map00010
TRINITY_DN15838_c0_g1	map00010
TRINITY_DN15980_c0_g1	map00010
TRINITY_DN1685_c0_g1	map00010
TRINITY_DN1735_c0_g1	map00010
TRINITY_DN17962_c7_g1	map00010
TRINITY_DN17985_c0_g1	map00010
TRINITY_DN183_c0_g1	map00010
TRINITY_DN1989_c0_g1	map00010
TRINITY_DN2266_c0_g1	map00010
TRINITY_DN227_c0_g1	map00010
TRINITY_DN2349_c0_g1	map00010
TRINITY_DN2413_c0_g1	map00010
TRINITY_DN2770_c0_g1	map00010
TRINITY_DN2794_c0_g1	map00010
TRINITY_DN2809_c1_g1	map00010
TRINITY_DN2931_c0_g1	map00010
TRINITY_DN305_c0_g1	map00010
TRINITY_DN3101_c0_g1	map00010
TRINITY_DN3391_c0_g1	map00010
TRINITY_DN352_c0_g1	map00010
TRINITY_DN4009_c0_g1	map00010
TRINITY_DN4024_c0_g1	map00010
TRINITY_DN402_c0_g1	map00010
TRINITY_DN4118_c0_g1	map00010
TRINITY_DN4287_c0_g1	map00010
TRINITY_DN4369_c0_g1	map00010
TRINITY_DN4380_c0_g1	map00010
TRINITY_DN4474_c0_g1	map00010
TRINITY_DN4632_c0_g1	map00010
TRINITY_DN4691_c0_g1	map00010
TRINITY_DN4839_c0_g1	map00010
TRINITY_DN4854_c0_g1	map00010
TRINITY_DN4938_c0_g1	map00010
TRINITY_DN4960_c0_g1	map00010
TRINITY_DN5019_c0_g1	map00010
TRINITY_DN5057_c0_g1	map00010
TRINITY_DN5163_c0_g1	map00010
TRINITY_DN5176_c0_g1	map00010
TRINITY_DN5563_c0_g1	map00010
TRINITY_DN5762_c0_g1	map00010
TRINITY_DN5830_c0_g1	map00010
TRINITY_DN6645_c0_g1	map00010
TRINITY_DN6741_c1_g1	map00010
TRINITY_DN674_c0_g1	map00010
TRINITY_DN693_c0_g1	map00010
TRINITY_DN8475_c0_g1	map00010
TRINITY_DN8765_c0_g1	map00010
TRINITY_DN9_c0_g2	map00010
TRINITY_DN1001_c0_g1	map00020
TRINITY_DN1110_c0_g1	map00020
TRINITY_DN12915_c0_g1	map00020
TRINITY_DN1567_c0_g1	map00020
TRINITY_DN1577_c0_g1	map00020
TRINITY_DN1613_c0_g1	map00020
TRINITY_DN1615_c0_g1	map00020
TRINITY_DN1685_c0_g1	map00020
TRINITY_DN18445_c0_g1	map00020
TRINITY_DN1961_c0_g1	map00020
TRINITY_DN2526_c0_g1	map00020
TRINITY_DN2526_c0_g2	map00020
TRINITY_DN2526_c1_g1	map00020
TRINITY_DN3050_c0_g1	map00020
TRINITY_DN3101_c0_g1	map00020
TRINITY_DN3709_c0_g1	map00020
TRINITY_DN3823_c0_g1	map00020
TRINITY_DN4118_c0_g1	map00020
TRINITY_DN4369_c0_g1	map00020
TRINITY_DN4405_c0_g1	map00020
TRINITY_DN4474_c0_g1	map00020
TRINITY_DN4550_c0_g1	map00020
TRINITY_DN4603_c0_g1	map00020
TRINITY_DN465_c0_g1	map00020
TRINITY_DN4691_c0_g1	map00020
TRINITY_DN4997_c0_g1	map00020
TRINITY_DN8457_c0_g1	map00020
TRINITY_DN8475_c0_g1	map00020
TRINITY_DN855_c0_g1	map00020
TRINITY_DN8817_c0_g1	map00020
TRINITY_DN8_c0_g1	map00020
TRINITY_DN943_c0_g1	map00020
TRINITY_DN948_c0_g1	map00020
TRINITY_DN968_c0_g1	map00020
TRINITY_DN12712_c0_g1	map00030
TRINITY_DN12773_c0_g1	map00030
TRINITY_DN1296_c0_g1	map00030
TRINITY_DN1301_c0_g2	map00030
TRINITY_DN137_c0_g1	map00030
TRINITY_DN14484_c0_g1	map00030
TRINITY_DN1597_c0_g1	map00030
TRINITY_DN16298_c0_g1	map00030
TRINITY_DN17854_c0_g1	map00030
TRINITY_DN178_c0_g1	map00030
TRINITY_DN2266_c0_g1	map00030
TRINITY_DN227_c0_g1	map00030
TRINITY_DN23_c0_g1	map00030
TRINITY_DN2420_c0_g1	map00030
TRINITY_DN3079_c0_g1	map00030
TRINITY_DN3309_c0_g1	map00030
TRINITY_DN3470_c0_g1	map00030
TRINITY_DN3622_c0_g1	map00030
TRINITY_DN3804_c0_g1	map00030
TRINITY_DN3892_c1_g1	map00030
TRINITY_DN5107_c0_g1	map00030
TRINITY_DN568_c0_g1	map00030
TRINITY_DN5830_c0_g1	map00030
TRINITY_DN674_c0_g1	map00030
TRINITY_DN6773_c0_g1	map00030
TRINITY_DN7886_c0_g1	map00030
TRINITY_DN8876_c0_g1	map00030
TRINITY_DN1050_c0_g1	map00040
TRINITY_DN10843_c0_g1	map00040
TRINITY_DN1134_c0_g1	map00040
TRINITY_DN12609_c0_g1	map00040
TRINITY_DN13524_c0_g1	map00040
TRINITY_DN137_c0_g1	map00040
TRINITY_DN14374_c0_g1	map00040
TRINITY_DN14873_c0_g1	map00040
TRINITY_DN1559_c0_g1	map00040
TRINITY_DN15980_c0_g1	map00040
TRINITY_DN16128_c0_g1	map00040
TRINITY_DN17080_c0_g1	map00040
TRINITY_DN18222_c0_g1	map00040
TRINITY_DN2182_c0_g1	map00040
TRINITY_DN2652_c0_g1	map00040
TRINITY_DN2671_c0_g1	map00040
TRINITY_DN2728_c0_g1	map00040
TRINITY_DN314_c0_g1	map00040
TRINITY_DN3391_c0_g1	map00040
TRINITY_DN3396_c0_g1	map00040
TRINITY_DN3485_c0_g1	map00040
TRINITY_DN3555_c0_g1	map00040
TRINITY_DN3657_c0_g1	map00040
TRINITY_DN3853_c0_g1	map00040
TRINITY_DN402_c0_g1	map00040
TRINITY_DN4037_c0_g1	map00040
TRINITY_DN4187_c0_g1	map00040
TRINITY_DN4380_c0_g1	map00040
TRINITY_DN4680_c0_g1	map00040
TRINITY_DN4979_c0_g1	map00040
TRINITY_DN5171_c0_g1	map00040
TRINITY_DN5765_c0_g1	map00040
TRINITY_DN635_c0_g1	map00040
TRINITY_DN72_c0_g1	map00040
TRINITY_DN72_c1_g1	map00040
TRINITY_DN73_c0_g1	map00040
TRINITY_DN8765_c0_g1	map00040
TRINITY_DN8807_c0_g1	map00040
TRINITY_DN9048_c0_g1	map00040
TRINITY_DN9213_c0_g1	map00040
TRINITY_DN9408_c0_g1	map00040
TRINITY_DN1050_c0_g1	map00051
TRINITY_DN1063_c0_g1	map00051
TRINITY_DN10843_c0_g1	map00051
TRINITY_DN11058_c0_g1	map00051
TRINITY_DN11324_c1_g1	map00051
TRINITY_DN1134_c0_g1	map00051
TRINITY_DN1222_c0_g1	map00051
TRINITY_DN12318_c2_g1	map00051
TRINITY_DN12398_c0_g1	map00051
TRINITY_DN12433_c0_g1	map00051
TRINITY_DN1296_c0_g1	map00051
TRINITY_DN14184_c0_g1	map00051
TRINITY_DN14309_c0_g1	map00051
TRINITY_DN14762_c0_g1	map00051
TRINITY_DN14772_c0_g1	map00051
TRINITY_DN16128_c0_g1	map00051
TRINITY_DN17765_c0_g1	map00051
TRINITY_DN18346_c0_g1	map00051
TRINITY_DN2271_c0_g1	map00051
TRINITY_DN227_c0_g1	map00051
TRINITY_DN2349_c0_g1	map00051
TRINITY_DN2413_c0_g1	map00051
TRINITY_DN2671_c0_g1	map00051
TRINITY_DN3012_c0_g1	map00051
TRINITY_DN314_c0_g1	map00051
TRINITY_DN3226_c0_g1	map00051
TRINITY_DN3485_c0_g1	map00051
TRINITY_DN352_c0_g1	map00051
TRINITY_DN3771_c0_g1	map00051
TRINITY_DN3984_c0_g1	map00051
TRINITY_DN4436_c0_g1	map00051
TRINITY_DN4488_c0_g1	map00051
TRINITY_DN4675_c0_g1	map00051
TRINITY_DN5491_c0_g1	map00051
TRINITY_DN5563_c0_g1	map00051
TRINITY_DN573_c0_g1	map00051
TRINITY_DN5787_c0_g1	map00051
TRINITY_DN6003_c0_g1	map00051
TRINITY_DN674_c0_g1	map00051
TRINITY_DN8729_c0_g1	map00051
TRINITY_DN9_c0_g2	map00051
TRINITY_DN1024_c0_g1	map00052
TRINITY_DN10605_c0_g1	map00052
TRINITY_DN10720_c0_g1	map00052
TRINITY_DN10987_c0_g1	map00052
TRINITY_DN11113_c0_g1	map00052
TRINITY_DN1137_c0_g1	map00052
TRINITY_DN11443_c0_g1	map00052
TRINITY_DN12337_c1_g1	map00052
TRINITY_DN1296_c0_g1	map00052
TRINITY_DN12997_c0_g1	map00052
TRINITY_DN13024_c0_g1	map00052
TRINITY_DN13470_c0_g1	map00052
TRINITY_DN13793_c0_g1	map00052
TRINITY_DN14106_c0_g1	map00052
TRINITY_DN14556_c0_g1	map00052
TRINITY_DN15838_c0_g1	map00052
TRINITY_DN15996_c0_g1	map00052
TRINITY_DN16050_c0_g1	map00052
TRINITY_DN16125_c0_g1	map00052
TRINITY_DN17879_c0_g1	map00052
TRINITY_DN2242_c0_g1	map00052
TRINITY_DN2349_c0_g1	map00052
TRINITY_DN243_c0_g1	map00052
TRINITY_DN3396_c0_g1	map00052
TRINITY_DN3417_c0_g1	map00052
TRINITY_DN352_c0_g1	map00052
TRINITY_DN361_c0_g1	map00052
TRINITY_DN370_c0_g1	map00052
TRINITY_DN4312_c0_g1	map00052
TRINITY_DN43_c0_g1	map00052
TRINITY_DN5176_c0_g1	map00052
TRINITY_DN5372_c0_g1	map00052
TRINITY_DN5563_c0_g1	map00052
TRINITY_DN5830_c0_g1	map00052
TRINITY_DN5922_c0_g1	map00052
TRINITY_DN6808_c0_g2	map00052
TRINITY_DN7515_c0_g2	map00052
TRINITY_DN786_c0_g1	map00052
TRINITY_DN8908_c0_g1	map00052
TRINITY_DN9077_c0_g1	map00052
TRINITY_DN9113_c0_g1	map00052
TRINITY_DN9563_c0_g1	map00052
TRINITY_DN9_c0_g2	map00052
TRINITY_DN10931_c0_g1	map00053
TRINITY_DN1115_c0_g1	map00053
TRINITY_DN12712_c0_g1	map00053
TRINITY_DN13175_c0_g1	map00053
TRINITY_DN16298_c0_g1	map00053
TRINITY_DN16322_c0_g1	map00053
TRINITY_DN1735_c0_g1	map00053
TRINITY_DN17854_c0_g1	map00053
TRINITY_DN17962_c7_g1	map00053
TRINITY_DN2794_c0_g1	map00053
TRINITY_DN2809_c1_g1	map00053
TRINITY_DN3804_c0_g1	map00053
TRINITY_DN4141_c0_g1	map00053
TRINITY_DN4680_c0_g1	map00053
TRINITY_DN4839_c0_g1	map00053
TRINITY_DN4938_c0_g1	map00053
TRINITY_DN4960_c0_g1	map00053
TRINITY_DN5019_c0_g1	map00053
TRINITY_DN9179_c0_g1	map00053
TRINITY_DN9630_c0_g1	map00053
TRINITY_DN12361_c0_g1	map00061
TRINITY_DN12480_c0_g1	map00061
TRINITY_DN12951_c0_g1	map00061
TRINITY_DN1387_c0_g1	map00061
TRINITY_DN15031_c0_g1	map00061
TRINITY_DN2279_c0_g1	map00061
TRINITY_DN2371_c0_g1	map00061
TRINITY_DN2900_c0_g1	map00061
TRINITY_DN3477_c0_g1	map00061
TRINITY_DN3991_c0_g1	map00061
TRINITY_DN4139_c0_g1	map00061
TRINITY_DN4895_c0_g1	map00061
TRINITY_DN651_c0_g1	map00061
TRINITY_DN661_c0_g1	map00061
TRINITY_DN694_c0_g1	map00061
TRINITY_DN8990_c0_g1	map00061
TRINITY_DN16252_c0_g1	map00062
TRINITY_DN1960_c0_g1	map00062
TRINITY_DN243_c0_g1	map00062
TRINITY_DN2564_c0_g1	map00062
TRINITY_DN2631_c0_g1	map00062
TRINITY_DN2839_c0_g1	map00062
TRINITY_DN3356_c0_g1	map00062
TRINITY_DN784_c0_g1	map00062
TRINITY_DN8903_c0_g1	map00062
TRINITY_DN10097_c0_g1	map00071
TRINITY_DN10931_c0_g1	map00071
TRINITY_DN11021_c0_g1	map00071
TRINITY_DN1115_c0_g1	map00071
TRINITY_DN12491_c0_g1	map00071
TRINITY_DN13175_c0_g1	map00071
TRINITY_DN14133_c0_g1	map00071
TRINITY_DN14166_c0_g1	map00071
TRINITY_DN14373_c0_g1	map00071
TRINITY_DN1474_c0_g1	map00071
TRINITY_DN14_c1_g1	map00071
TRINITY_DN15990_c0_g1	map00071
TRINITY_DN1620_c0_g1	map00071
TRINITY_DN1735_c0_g1	map00071
TRINITY_DN17611_c0_g1	map00071
TRINITY_DN1766_c0_g1	map00071
TRINITY_DN17962_c7_g1	map00071
TRINITY_DN17985_c0_g1	map00071
TRINITY_DN1915_c0_g1	map00071
TRINITY_DN2128_c0_g1	map00071
TRINITY_DN2378_c0_g1	map00071
TRINITY_DN2770_c0_g1	map00071
TRINITY_DN2794_c0_g1	map00071
TRINITY_DN2809_c1_g1	map00071
TRINITY_DN2931_c0_g1	map00071
TRINITY_DN305_c0_g1	map00071
TRINITY_DN3356_c0_g1	map00071
TRINITY_DN3896_c0_g1	map00071
TRINITY_DN4009_c0_g1	map00071
TRINITY_DN4287_c0_g1	map00071
TRINITY_DN4632_c0_g1	map00071
TRINITY_DN4839_c0_g1	map00071
TRINITY_DN4895_c0_g1	map00071
TRINITY_DN4938_c0_g1	map00071
TRINITY_DN4960_c0_g1	map00071
TRINITY_DN5019_c0_g1	map00071
TRINITY_DN5163_c0_g1	map00071
TRINITY_DN6487_c0_g1	map00071
TRINITY_DN651_c0_g1	map00071
TRINITY_DN661_c0_g1	map00071
TRINITY_DN8246_c0_g1	map00071
TRINITY_DN8246_c0_g2	map00071
TRINITY_DN8378_c0_g1	map00071
TRINITY_DN8903_c0_g1	map00071
TRINITY_DN8990_c0_g1	map00071
TRINITY_DN9198_c0_g1	map00071
TRINITY_DN1197_c0_g1	map00072
TRINITY_DN14573_c0_g1	map00072
TRINITY_DN1474_c0_g1	map00072
TRINITY_DN17790_c0_g1	map00072
TRINITY_DN1915_c0_g1	map00072
TRINITY_DN4862_c0_g1	map00072
TRINITY_DN8802_c0_g1	map00072
TRINITY_DN9198_c0_g1	map00072
TRINITY_DN10593_c0_g1	map00100
TRINITY_DN12496_c0_g1	map00100
TRINITY_DN1310_c0_g1	map00100
TRINITY_DN1381_c0_g1	map00100
TRINITY_DN1384_c0_g1	map00100
TRINITY_DN14158_c0_g1	map00100
TRINITY_DN14212_c0_g1	map00100
TRINITY_DN1690_c0_g1	map00100
TRINITY_DN17653_c0_g1	map00100
TRINITY_DN18164_c0_g1	map00100
TRINITY_DN18619_c0_g1	map00100
TRINITY_DN2087_c0_g1	map00100
TRINITY_DN2389_c0_g1	map00100
TRINITY_DN2447_c0_g2	map00100
TRINITY_DN2683_c0_g1	map00100
TRINITY_DN2684_c0_g1	map00100
TRINITY_DN3093_c0_g1	map00100
TRINITY_DN3828_c0_g1	map00100
TRINITY_DN3963_c0_g1	map00100
TRINITY_DN3999_c0_g1	map00100
TRINITY_DN4059_c0_g1	map00100
TRINITY_DN4193_c0_g1	map00100
TRINITY_DN4236_c0_g1	map00100
TRINITY_DN465_c0_g1	map00100
TRINITY_DN4772_c0_g1	map00100
TRINITY_DN4839_c0_g1	map00100
TRINITY_DN6655_c0_g1	map00100
TRINITY_DN6655_c0_g2	map00100
TRINITY_DN7_c0_g2	map00100
TRINITY_DN8657_c0_g1	map00100
TRINITY_DN8985_c0_g1	map00100
TRINITY_DN9413_c0_g1	map00100
TRINITY_DN988_c0_g1	map00100
TRINITY_DN10667_c0_g1	map00120
TRINITY_DN17860_c0_g1	map00120
TRINITY_DN17911_c0_g1	map00120
TRINITY_DN2839_c0_g1	map00120
TRINITY_DN3570_c0_g1	map00120
TRINITY_DN4449_c0_g1	map00120
TRINITY_DN5354_c0_g1	map00120
TRINITY_DN12464_c0_g1	map00130
TRINITY_DN1619_c0_g1	map00130
TRINITY_DN2145_c0_g1	map00130
TRINITY_DN2569_c0_g1	map00130
TRINITY_DN2790_c0_g1	map00130
TRINITY_DN3111_c0_g1	map00130
TRINITY_DN4684_c0_g1	map00130
TRINITY_DN5126_c0_g1	map00130
TRINITY_DN580_c0_g1	map00130
TRINITY_DN751_c0_g1	map00130
TRINITY_DN910_c0_g1	map00130
TRINITY_DN17860_c0_g1	map00140
TRINITY_DN17911_c0_g1	map00140
TRINITY_DN2384_c0_g1	map00140
TRINITY_DN243_c0_g1	map00140
TRINITY_DN2957_c0_g1	map00140
TRINITY_DN3570_c0_g1	map00140
TRINITY_DN4449_c0_g1	map00140
TRINITY_DN484_c0_g1	map00140
TRINITY_DN10855_c0_g1	map00190
TRINITY_DN1092_c0_g1	map00190
TRINITY_DN1151_c0_g1	map00190
TRINITY_DN1198_c0_g1	map00190
TRINITY_DN121_c0_g1	map00190
TRINITY_DN1228_c0_g1	map00190
TRINITY_DN123_c0_g1	map00190
TRINITY_DN12729_c0_g1	map00190
TRINITY_DN1283_c0_g1	map00190
TRINITY_DN1329_c0_g1	map00190
TRINITY_DN1430_c0_g1	map00190
TRINITY_DN1468_c0_g1	map00190
TRINITY_DN1564_c0_g1	map00190
TRINITY_DN160_c0_g1	map00190
TRINITY_DN1613_c0_g1	map00190
TRINITY_DN16577_c0_g1	map00190
TRINITY_DN1780_c0_g1	map00190
TRINITY_DN1824_c0_g1	map00190
TRINITY_DN18445_c0_g1	map00190
TRINITY_DN1880_c0_g1	map00190
TRINITY_DN1890_c0_g1	map00190
TRINITY_DN1920_c0_g1	map00190
TRINITY_DN1990_c1_g1	map00190
TRINITY_DN2084_c0_g1	map00190
TRINITY_DN2111_c0_g1	map00190
TRINITY_DN2112_c0_g1	map00190
TRINITY_DN2153_c0_g1	map00190
TRINITY_DN2210_c0_g1	map00190
TRINITY_DN2290_c0_g1	map00190
TRINITY_DN2312_c0_g1	map00190
TRINITY_DN2392_c0_g1	map00190
TRINITY_DN242_c0_g1	map00190
TRINITY_DN2683_c0_g1	map00190
TRINITY_DN2738_c0_g1	map00190
TRINITY_DN2855_c0_g1	map00190
TRINITY_DN2880_c0_g1	map00190
TRINITY_DN2936_c0_g1	map00190
TRINITY_DN3070_c0_g1	map00190
TRINITY_DN3075_c0_g1	map00190
TRINITY_DN3111_c0_g1	map00190
TRINITY_DN3116_c0_g1	map00190
TRINITY_DN3236_c0_g1	map00190
TRINITY_DN3240_c0_g1	map00190
TRINITY_DN3450_c0_g1	map00190
TRINITY_DN3548_c0_g1	map00190
TRINITY_DN3631_c0_g1	map00190
TRINITY_DN3696_c0_g1	map00190
TRINITY_DN3903_c0_g1	map00190
TRINITY_DN3947_c0_g1	map00190
TRINITY_DN395_c0_g1	map00190
TRINITY_DN3967_c0_g1	map00190
TRINITY_DN3985_c0_g1	map00190
TRINITY_DN4048_c0_g1	map00190
TRINITY_DN4160_c0_g1	map00190
TRINITY_DN420_c0_g1	map00190
TRINITY_DN4377_c0_g1	map00190
TRINITY_DN4603_c0_g1	map00190
TRINITY_DN4720_c0_g1	map00190
TRINITY_DN4818_c0_g1	map00190
TRINITY_DN4986_c0_g1	map00190
TRINITY_DN506_c0_g1	map00190
TRINITY_DN5210_c0_g1	map00190
TRINITY_DN579_c0_g1	map00190
TRINITY_DN5975_c0_g1	map00190
TRINITY_DN6302_c0_g1	map00190
TRINITY_DN7178_c0_g1	map00190
TRINITY_DN7600_c0_g1	map00190
TRINITY_DN7695_c0_g1	map00190
TRINITY_DN788_c0_g1	map00190
TRINITY_DN794_c0_g1	map00190
TRINITY_DN828_c0_g2	map00190
TRINITY_DN8457_c0_g1	map00190
TRINITY_DN92_c0_g1	map00190
TRINITY_DN985_c0_g1	map00190
TRINITY_DN990_c0_g1	map00190
TRINITY_DN10822_c0_g1	map00220
TRINITY_DN10865_c0_g1	map00220
TRINITY_DN10887_c0_g1	map00220
TRINITY_DN1135_c0_g1	map00220
TRINITY_DN12695_c0_g1	map00220
TRINITY_DN1269_c0_g1	map00220
TRINITY_DN13118_c0_g1	map00220
TRINITY_DN15871_c0_g1	map00220
TRINITY_DN1804_c0_g1	map00220
TRINITY_DN2033_c0_g1	map00220
TRINITY_DN2347_c0_g1	map00220
TRINITY_DN2609_c0_g1	map00220
TRINITY_DN2660_c0_g1	map00220
TRINITY_DN2730_c0_g1	map00220
TRINITY_DN3624_c0_g1	map00220
TRINITY_DN3652_c0_g1	map00220
TRINITY_DN3835_c0_g1	map00220
TRINITY_DN393_c0_g1	map00220
TRINITY_DN4175_c0_g1	map00220
TRINITY_DN4186_c0_g1	map00220
TRINITY_DN4340_c0_g1	map00220
TRINITY_DN4484_c0_g1	map00220
TRINITY_DN5135_c0_g1	map00220
TRINITY_DN5321_c1_g1	map00220
TRINITY_DN5682_c0_g1	map00220
TRINITY_DN607_c0_g1	map00220
TRINITY_DN664_c0_g1	map00220
TRINITY_DN99_c0_g1	map00220
TRINITY_DN1057_c0_g1	map00230
TRINITY_DN10646_c1_g1	map00230
TRINITY_DN10690_c0_g1	map00230
TRINITY_DN1107_c0_g1	map00230
TRINITY_DN11200_c0_g1	map00230
TRINITY_DN1120_c0_g1	map00230
TRINITY_DN1146_c0_g1	map00230
TRINITY_DN1157_c0_g1	map00230
TRINITY_DN1185_c0_g1	map00230
TRINITY_DN1193_c0_g1	map00230
TRINITY_DN1204_c0_g1	map00230
TRINITY_DN12460_c0_g1	map00230
TRINITY_DN12501_c0_g1	map00230
TRINITY_DN12573_c0_g1	map00230
TRINITY_DN12575_c0_g1	map00230
TRINITY_DN12773_c0_g1	map00230
TRINITY_DN134_c0_g1	map00230
TRINITY_DN1386_c0_g1	map00230
TRINITY_DN1390_c0_g1	map00230
TRINITY_DN14008_c0_g1	map00230
TRINITY_DN14217_c0_g1	map00230
TRINITY_DN1438_c0_g1	map00230
TRINITY_DN1442_c0_g1	map00230
TRINITY_DN1444_c0_g1	map00230
TRINITY_DN1503_c0_g1	map00230
TRINITY_DN1510_c0_g1	map00230
TRINITY_DN1531_c0_g1	map00230
TRINITY_DN1533_c0_g1	map00230
TRINITY_DN1566_c0_g1	map00230
TRINITY_DN16058_c0_g1	map00230
TRINITY_DN16075_c0_g1	map00230
TRINITY_DN1622_c0_g1	map00230
TRINITY_DN16303_c0_g1	map00230
TRINITY_DN1657_c0_g1	map00230
TRINITY_DN17587_c0_g1	map00230
TRINITY_DN17692_c0_g1	map00230
TRINITY_DN17822_c0_g1	map00230
TRINITY_DN178_c0_g1	map00230
TRINITY_DN183_c0_g1	map00230
TRINITY_DN1950_c0_g1	map00230
TRINITY_DN1952_c0_g1	map00230
TRINITY_DN1985_c0_g1	map00230
TRINITY_DN2065_c0_g1	map00230
TRINITY_DN2167_c0_g1	map00230
TRINITY_DN2275_c0_g1	map00230
TRINITY_DN2299_c0_g1	map00230
TRINITY_DN22_c0_g1	map00230
TRINITY_DN2304_c0_g1	map00230
TRINITY_DN238_c0_g1	map00230
TRINITY_DN2392_c0_g1	map00230
TRINITY_DN23_c0_g1	map00230
TRINITY_DN2444_c1_g1	map00230
TRINITY_DN2547_c0_g1	map00230
TRINITY_DN2568_c0_g1	map00230
TRINITY_DN2606_c0_g1	map00230
TRINITY_DN2609_c0_g1	map00230
TRINITY_DN2616_c0_g1	map00230
TRINITY_DN2653_c0_g1	map00230
TRINITY_DN2666_c0_g1	map00230
TRINITY_DN2734_c0_g1	map00230
TRINITY_DN294_c0_g1	map00230
TRINITY_DN3118_c0_g1	map00230
TRINITY_DN3154_c0_g1	map00230
TRINITY_DN3407_c0_g1	map00230
TRINITY_DN3456_c0_g1	map00230
TRINITY_DN345_c0_g2	map00230
TRINITY_DN34_c0_g1	map00230
TRINITY_DN3623_c0_g1	map00230
TRINITY_DN3659_c0_g1	map00230
TRINITY_DN3661_c0_g1	map00230
TRINITY_DN3665_c0_g1	map00230
TRINITY_DN3758_c0_g1	map00230
TRINITY_DN3849_c0_g1	map00230
TRINITY_DN3914_c0_g1	map00230
TRINITY_DN4077_c0_g1	map00230
TRINITY_DN4101_c0_g1	map00230
TRINITY_DN4205_c0_g1	map00230
TRINITY_DN4215_c0_g1	map00230
TRINITY_DN448_c0_g1	map00230
TRINITY_DN4716_c0_g1	map00230
TRINITY_DN480_c0_g1	map00230
TRINITY_DN4878_c0_g1	map00230
TRINITY_DN4893_c0_g1	map00230
TRINITY_DN489_c0_g1	map00230
TRINITY_DN4978_c0_g1	map00230
TRINITY_DN5134_c0_g1	map00230
TRINITY_DN5234_c0_g1	map00230
TRINITY_DN525_c0_g1	map00230
TRINITY_DN5345_c0_g1	map00230
TRINITY_DN5643_c1_g1	map00230
TRINITY_DN5830_c0_g1	map00230
TRINITY_DN597_c0_g1	map00230
TRINITY_DN614_c0_g1	map00230
TRINITY_DN6390_c0_g1	map00230
TRINITY_DN63_c0_g1	map00230
TRINITY_DN651_c1_g1	map00230
TRINITY_DN6810_c0_g1	map00230
TRINITY_DN6941_c0_g1	map00230
TRINITY_DN6998_c0_g1	map00230
TRINITY_DN742_c0_g1	map00230
TRINITY_DN75_c0_g1	map00230
TRINITY_DN804_c1_g1	map00230
TRINITY_DN8710_c0_g1	map00230
TRINITY_DN87_c0_g1	map00230
TRINITY_DN9039_c0_g1	map00230
TRINITY_DN909_c0_g1	map00230
TRINITY_DN911_c0_g1	map00230
TRINITY_DN9228_c0_g1	map00230
TRINITY_DN925_c0_g1	map00230
TRINITY_DN933_c0_g1	map00230
TRINITY_DN985_c0_g1	map00230
TRINITY_DN987_c0_g1	map00230
TRINITY_DN14008_c0_g1	map00232
TRINITY_DN6810_c0_g1	map00232
TRINITY_DN1029_c2_g1	map00240
TRINITY_DN1057_c0_g1	map00240
TRINITY_DN10690_c0_g1	map00240
TRINITY_DN1107_c0_g1	map00240
TRINITY_DN1146_c0_g1	map00240
TRINITY_DN1157_c0_g1	map00240
TRINITY_DN1185_c0_g1	map00240
TRINITY_DN1193_c0_g1	map00240
TRINITY_DN1204_c0_g1	map00240
TRINITY_DN1301_c0_g2	map00240
TRINITY_DN1315_c0_g1	map00240
TRINITY_DN1386_c0_g1	map00240
TRINITY_DN1406_c0_g1	map00240
TRINITY_DN14217_c0_g1	map00240
TRINITY_DN1430_c0_g1	map00240
TRINITY_DN1444_c0_g1	map00240
TRINITY_DN14718_c0_g1	map00240
TRINITY_DN1538_c0_g4	map00240
TRINITY_DN1574_c0_g1	map00240
TRINITY_DN16075_c0_g1	map00240
TRINITY_DN1615_c0_g1	map00240
TRINITY_DN1670_c0_g1	map00240
TRINITY_DN17692_c0_g1	map00240
TRINITY_DN17821_c0_g1	map00240
TRINITY_DN17822_c0_g1	map00240
TRINITY_DN1909_c0_g1	map00240
TRINITY_DN2075_c0_g1	map00240
TRINITY_DN2275_c0_g1	map00240
TRINITY_DN23_c0_g1	map00240
TRINITY_DN2547_c0_g1	map00240
TRINITY_DN2653_c0_g1	map00240
TRINITY_DN2681_c0_g1	map00240
TRINITY_DN2734_c0_g1	map00240
TRINITY_DN2821_c0_g1	map00240
TRINITY_DN294_c0_g1	map00240
TRINITY_DN3011_c0_g1	map00240
TRINITY_DN3154_c0_g1	map00240
TRINITY_DN3407_c0_g1	map00240
TRINITY_DN3456_c0_g1	map00240
TRINITY_DN345_c0_g2	map00240
TRINITY_DN34_c0_g1	map00240
TRINITY_DN3623_c0_g1	map00240
TRINITY_DN3665_c0_g1	map00240
TRINITY_DN36_c0_g1	map00240
TRINITY_DN3727_c0_g1	map00240
TRINITY_DN3758_c0_g1	map00240
TRINITY_DN379_c0_g1	map00240
TRINITY_DN4205_c0_g1	map00240
TRINITY_DN4215_c0_g1	map00240
TRINITY_DN422_c0_g1	map00240
TRINITY_DN4373_c0_g1	map00240
TRINITY_DN4585_c0_g1	map00240
TRINITY_DN4716_c0_g1	map00240
TRINITY_DN480_c0_g1	map00240
TRINITY_DN489_c0_g1	map00240
TRINITY_DN5097_c0_g1	map00240
TRINITY_DN5234_c0_g1	map00240
TRINITY_DN5643_c1_g1	map00240
TRINITY_DN597_c0_g1	map00240
TRINITY_DN63_c0_g1	map00240
TRINITY_DN651_c1_g1	map00240
TRINITY_DN6941_c0_g1	map00240
TRINITY_DN6998_c0_g1	map00240
TRINITY_DN742_c0_g1	map00240
TRINITY_DN75_c0_g1	map00240
TRINITY_DN847_c0_g1	map00240
TRINITY_DN85_c0_g1	map00240
TRINITY_DN8710_c0_g1	map00240
TRINITY_DN9039_c0_g1	map00240
TRINITY_DN933_c0_g1	map00240
TRINITY_DN985_c0_g1	map00240
TRINITY_DN987_c0_g1	map00240
TRINITY_DN1029_c2_g1	map00250
TRINITY_DN10646_c1_g1	map00250
TRINITY_DN10822_c0_g1	map00250
TRINITY_DN10865_c0_g1	map00250
TRINITY_DN1120_c0_g1	map00250
TRINITY_DN11254_c0_g1	map00250
TRINITY_DN1135_c0_g1	map00250
TRINITY_DN12265_c0_g1	map00250
TRINITY_DN12333_c0_g1	map00250
TRINITY_DN1242_c0_g1	map00250
TRINITY_DN12483_c0_g1	map00250
TRINITY_DN12565_c0_g1	map00250
TRINITY_DN13118_c0_g1	map00250
TRINITY_DN1315_c0_g1	map00250
TRINITY_DN1531_c0_g1	map00250
TRINITY_DN15909_c0_g1	map00250
TRINITY_DN16040_c0_g1	map00250
TRINITY_DN1670_c0_g1	map00250
TRINITY_DN1804_c0_g1	map00250
TRINITY_DN2033_c0_g1	map00250
TRINITY_DN2150_c0_g1	map00250
TRINITY_DN2268_c0_g1	map00250
TRINITY_DN2730_c0_g1	map00250
TRINITY_DN2760_c0_g1	map00250
TRINITY_DN3331_c0_g1	map00250
TRINITY_DN347_c0_g1	map00250
TRINITY_DN3600_c0_g1	map00250
TRINITY_DN3624_c0_g1	map00250
TRINITY_DN3652_c0_g1	map00250
TRINITY_DN393_c0_g1	map00250
TRINITY_DN39_c0_g1	map00250
TRINITY_DN4125_c0_g1	map00250
TRINITY_DN415_c0_g1	map00250
TRINITY_DN4186_c0_g1	map00250
TRINITY_DN4484_c0_g1	map00250
TRINITY_DN498_c0_g1	map00250
TRINITY_DN5237_c0_g1	map00250
TRINITY_DN5321_c1_g1	map00250
TRINITY_DN5422_c0_g1	map00250
TRINITY_DN5682_c0_g1	map00250
TRINITY_DN6390_c0_g1	map00250
TRINITY_DN664_c0_g1	map00250
TRINITY_DN749_c0_g1	map00250
TRINITY_DN80_c0_g1	map00250
TRINITY_DN8983_c0_g1	map00250
TRINITY_DN9696_c0_g1	map00250
TRINITY_DN99_c0_g1	map00250
TRINITY_DN1387_c0_g1	map00254
TRINITY_DN2165_c0_g1	map00254
TRINITY_DN3462_c0_g1	map00254
TRINITY_DN5676_c0_g1	map00254
TRINITY_DN5716_c0_g1	map00254
TRINITY_DN0_c0_g1	map00260
TRINITY_DN1005_c0_g1	map00260
TRINITY_DN10558_c0_g1	map00260
TRINITY_DN10838_c0_g1	map00260
TRINITY_DN1111_c0_g1	map00260
TRINITY_DN11438_c0_g1	map00260
TRINITY_DN11641_c0_g1	map00260
TRINITY_DN12503_c0_g1	map00260
TRINITY_DN12728_c0_g1	map00260
TRINITY_DN127_c0_g1	map00260
TRINITY_DN12989_c0_g1	map00260
TRINITY_DN14161_c0_g1	map00260
TRINITY_DN14216_c0_g1	map00260
TRINITY_DN14260_c0_g1	map00260
TRINITY_DN14263_c0_g1	map00260
TRINITY_DN14455_c0_g1	map00260
TRINITY_DN14499_c0_g1	map00260
TRINITY_DN144_c0_g1	map00260
TRINITY_DN153_c0_g1	map00260
TRINITY_DN15967_c0_g1	map00260
TRINITY_DN16212_c0_g1	map00260
TRINITY_DN1667_c0_g1	map00260
TRINITY_DN1676_c0_g1	map00260
TRINITY_DN1756_c0_g1	map00260
TRINITY_DN17929_c0_g1	map00260
TRINITY_DN18127_c0_g1	map00260
TRINITY_DN181_c0_g1	map00260
TRINITY_DN18241_c0_g1	map00260
TRINITY_DN18292_c0_g1	map00260
TRINITY_DN1830_c0_g1	map00260
TRINITY_DN18335_c0_g1	map00260
TRINITY_DN2034_c0_g1	map00260
TRINITY_DN208_c0_g1	map00260
TRINITY_DN2268_c0_g1	map00260
TRINITY_DN2342_c0_g1	map00260
TRINITY_DN23_c0_g1	map00260
TRINITY_DN2487_c0_g1	map00260
TRINITY_DN25_c0_g1	map00260
TRINITY_DN2760_c0_g1	map00260
TRINITY_DN2787_c0_g1	map00260
TRINITY_DN2810_c0_g1	map00260
TRINITY_DN2952_c0_g1	map00260
TRINITY_DN3046_c0_g1	map00260
TRINITY_DN3214_c0_g1	map00260
TRINITY_DN3289_c0_g1	map00260
TRINITY_DN3600_c0_g1	map00260
TRINITY_DN3762_c0_g1	map00260
TRINITY_DN3861_c0_g1	map00260
TRINITY_DN4181_c0_g1	map00260
TRINITY_DN4199_c0_g1	map00260
TRINITY_DN4360_c0_g1	map00260
TRINITY_DN4474_c0_g1	map00260
TRINITY_DN4585_c0_g1	map00260
TRINITY_DN4590_c0_g1	map00260
TRINITY_DN4937_c0_g1	map00260
TRINITY_DN496_c0_g1	map00260
TRINITY_DN5054_c0_g1	map00260
TRINITY_DN5324_c0_g1	map00260
TRINITY_DN5676_c0_g1	map00260
TRINITY_DN590_c0_g1	map00260
TRINITY_DN7108_c0_g1	map00260
TRINITY_DN713_c0_g1	map00260
TRINITY_DN8475_c0_g1	map00260
TRINITY_DN8797_c0_g1	map00260
TRINITY_DN8810_c0_g1	map00260
TRINITY_DN8812_c0_g1	map00260
TRINITY_DN8833_c0_g1	map00260
TRINITY_DN8856_c0_g1	map00260
TRINITY_DN8983_c0_g1	map00260
TRINITY_DN9126_c0_g1	map00260
TRINITY_DN9310_c0_g1	map00260
TRINITY_DN9609_c0_g1	map00260
TRINITY_DN982_c0_g1	map00260
TRINITY_DN2810_c0_g1	map00261
TRINITY_DN448_c0_g1	map00261
TRINITY_DN713_c0_g1	map00261
TRINITY_DN1001_c0_g1	map00270
TRINITY_DN1071_c0_g1	map00270
TRINITY_DN10822_c0_g1	map00270
TRINITY_DN10865_c0_g1	map00270
TRINITY_DN1113_c0_g1	map00270
TRINITY_DN1232_c0_g1	map00270
TRINITY_DN1269_c0_g1	map00270
TRINITY_DN12728_c0_g1	map00270
TRINITY_DN133_c0_g1	map00270
TRINITY_DN13462_c0_g1	map00270
TRINITY_DN141_c0_g1	map00270
TRINITY_DN14282_c0_g1	map00270
TRINITY_DN14394_c0_g1	map00270
TRINITY_DN15954_c0_g1	map00270
TRINITY_DN16377_c0_g1	map00270
TRINITY_DN16380_c0_g1	map00270
TRINITY_DN1719_c0_g1	map00270
TRINITY_DN17878_c0_g1	map00270
TRINITY_DN1804_c0_g1	map00270
TRINITY_DN18231_c0_g1	map00270
TRINITY_DN1854_c0_g1	map00270
TRINITY_DN1945_c0_g1	map00270
TRINITY_DN1984_c0_g1	map00270
TRINITY_DN2412_c0_g1	map00270
TRINITY_DN25_c0_g1	map00270
TRINITY_DN2622_c0_g1	map00270
TRINITY_DN2810_c0_g1	map00270
TRINITY_DN2836_c0_g1	map00270
TRINITY_DN2879_c0_g1	map00270
TRINITY_DN2897_c0_g1	map00270
TRINITY_DN3187_c0_g1	map00270
TRINITY_DN3509_c0_g1	map00270
TRINITY_DN3574_c0_g1	map00270
TRINITY_DN3640_c0_g1	map00270
TRINITY_DN3792_c0_g1	map00270
TRINITY_DN3816_c0_g1	map00270
TRINITY_DN4186_c0_g1	map00270
TRINITY_DN4199_c0_g1	map00270
TRINITY_DN4484_c0_g1	map00270
TRINITY_DN4654_c0_g1	map00270
TRINITY_DN465_c0_g1	map00270
TRINITY_DN4736_c0_g1	map00270
TRINITY_DN4821_c0_g1	map00270
TRINITY_DN4850_c0_g1	map00270
TRINITY_DN496_c0_g1	map00270
TRINITY_DN5239_c0_g1	map00270
TRINITY_DN552_c0_g1	map00270
TRINITY_DN580_c0_g1	map00270
TRINITY_DN5924_c2_g1	map00270
TRINITY_DN6353_c0_g1	map00270
TRINITY_DN666_c0_g1	map00270
TRINITY_DN713_c0_g1	map00270
TRINITY_DN749_c0_g1	map00270
TRINITY_DN766_c0_g1	map00270
TRINITY_DN816_c0_g1	map00270
TRINITY_DN83_c0_g1	map00270
TRINITY_DN9374_c0_g1	map00270
TRINITY_DN99_c0_g1	map00270
TRINITY_DN10641_c0_g1	map00280
TRINITY_DN1086_c0_g1	map00280
TRINITY_DN10931_c0_g1	map00280
TRINITY_DN10947_c0_g1	map00280
TRINITY_DN10977_c0_g1	map00280
TRINITY_DN11021_c0_g1	map00280
TRINITY_DN1115_c0_g1	map00280
TRINITY_DN1197_c0_g1	map00280
TRINITY_DN12292_c0_g1	map00280
TRINITY_DN12491_c0_g1	map00280
TRINITY_DN1309_c0_g1	map00280
TRINITY_DN13175_c0_g1	map00280
TRINITY_DN14324_c0_g1	map00280
TRINITY_DN14394_c0_g1	map00280
TRINITY_DN14573_c0_g1	map00280
TRINITY_DN1474_c0_g1	map00280
TRINITY_DN16377_c0_g1	map00280
TRINITY_DN1735_c0_g1	map00280
TRINITY_DN17611_c0_g1	map00280
TRINITY_DN17790_c0_g1	map00280
TRINITY_DN17962_c7_g1	map00280
TRINITY_DN1915_c0_g1	map00280
TRINITY_DN1984_c0_g1	map00280
TRINITY_DN2128_c0_g1	map00280
TRINITY_DN2150_c0_g1	map00280
TRINITY_DN2378_c0_g1	map00280
TRINITY_DN2794_c0_g1	map00280
TRINITY_DN2809_c1_g1	map00280
TRINITY_DN3266_c0_g1	map00280
TRINITY_DN3356_c0_g1	map00280
TRINITY_DN3494_c0_g1	map00280
TRINITY_DN3814_c0_g1	map00280
TRINITY_DN3896_c0_g1	map00280
TRINITY_DN39_c0_g1	map00280
TRINITY_DN4021_c0_g1	map00280
TRINITY_DN4474_c0_g1	map00280
TRINITY_DN4645_c0_g1	map00280
TRINITY_DN4839_c0_g1	map00280
TRINITY_DN4850_c0_g1	map00280
TRINITY_DN4862_c0_g1	map00280
TRINITY_DN4938_c0_g1	map00280
TRINITY_DN4960_c0_g1	map00280
TRINITY_DN5019_c0_g1	map00280
TRINITY_DN552_c0_g1	map00280
TRINITY_DN599_c0_g1	map00280
TRINITY_DN8475_c0_g1	map00280
TRINITY_DN851_c0_g1	map00280
TRINITY_DN8802_c0_g1	map00280
TRINITY_DN8903_c0_g1	map00280
TRINITY_DN9198_c0_g1	map00280
TRINITY_DN17790_c0_g1	map00281
TRINITY_DN8802_c0_g1	map00281
TRINITY_DN11641_c0_g1	map00290
TRINITY_DN12728_c0_g1	map00290
TRINITY_DN1279_c0_g1	map00290
TRINITY_DN14021_c1_g1	map00290
TRINITY_DN14394_c0_g1	map00290
TRINITY_DN14818_c0_g1	map00290
TRINITY_DN1538_c0_g1	map00290
TRINITY_DN16377_c0_g1	map00290
TRINITY_DN1684_c0_g1	map00290
TRINITY_DN17811_c0_g1	map00290
TRINITY_DN18241_c0_g1	map00290
TRINITY_DN1984_c0_g1	map00290
TRINITY_DN3907_c0_g1	map00290
TRINITY_DN4850_c0_g1	map00290
TRINITY_DN5054_c0_g1	map00290
TRINITY_DN5135_c0_g1	map00290
TRINITY_DN552_c0_g1	map00290
TRINITY_DN582_c1_g1	map00290
TRINITY_DN590_c0_g1	map00290
TRINITY_DN8801_c0_g1	map00290
TRINITY_DN981_c0_g1	map00290
TRINITY_DN1100_c0_g1	map00300
TRINITY_DN1173_c0_g1	map00300
TRINITY_DN1252_c0_g1	map00300
TRINITY_DN1543_c0_g1	map00300
TRINITY_DN15894_c0_g1	map00300
TRINITY_DN17878_c0_g1	map00300
TRINITY_DN25_c0_g1	map00300
TRINITY_DN2731_c0_g1	map00300
TRINITY_DN2810_c0_g1	map00300
TRINITY_DN2913_c0_g1	map00300
TRINITY_DN580_c0_g1	map00300
TRINITY_DN713_c0_g1	map00300
TRINITY_DN1005_c0_g1	map00310
TRINITY_DN10931_c0_g1	map00310
TRINITY_DN1115_c0_g1	map00310
TRINITY_DN1158_c0_g1	map00310
TRINITY_DN1252_c0_g1	map00310
TRINITY_DN13175_c0_g1	map00310
TRINITY_DN14455_c0_g1	map00310
TRINITY_DN1474_c0_g1	map00310
TRINITY_DN1487_c0_g1	map00310
TRINITY_DN15909_c0_g1	map00310
TRINITY_DN15967_c0_g1	map00310
TRINITY_DN1620_c0_g1	map00310
TRINITY_DN1735_c0_g1	map00310
TRINITY_DN17878_c0_g1	map00310
TRINITY_DN17962_c7_g1	map00310
TRINITY_DN18292_c0_g1	map00310
TRINITY_DN1915_c0_g1	map00310
TRINITY_DN1958_c0_g1	map00310
TRINITY_DN2034_c0_g1	map00310
TRINITY_DN208_c0_g1	map00310
TRINITY_DN2794_c0_g1	map00310
TRINITY_DN2809_c1_g1	map00310
TRINITY_DN3331_c0_g1	map00310
TRINITY_DN3356_c0_g1	map00310
TRINITY_DN3547_c0_g1	map00310
TRINITY_DN3709_c0_g1	map00310
TRINITY_DN3861_c0_g1	map00310
TRINITY_DN39_c0_g1	map00310
TRINITY_DN4405_c0_g1	map00310
TRINITY_DN4590_c0_g1	map00310
TRINITY_DN4675_c0_g1	map00310
TRINITY_DN479_c0_g1	map00310
TRINITY_DN4839_c0_g1	map00310
TRINITY_DN4938_c0_g1	map00310
TRINITY_DN4960_c0_g1	map00310
TRINITY_DN5019_c0_g1	map00310
TRINITY_DN5237_c0_g1	map00310
TRINITY_DN5324_c0_g1	map00310
TRINITY_DN615_c0_g1	map00310
TRINITY_DN7108_c0_g1	map00310
TRINITY_DN8812_c0_g1	map00310
TRINITY_DN8856_c0_g1	map00310
TRINITY_DN8903_c0_g1	map00310
TRINITY_DN9198_c0_g1	map00310
TRINITY_DN948_c0_g1	map00310
TRINITY_DN2268_c0_g1	map00311
TRINITY_DN2527_c0_g1	map00311
TRINITY_DN2760_c0_g1	map00311
TRINITY_DN8983_c0_g1	map00311
TRINITY_DN971_c0_g1	map00311
TRINITY_DN10110_c0_g1	map00330
TRINITY_DN10822_c0_g1	map00330
TRINITY_DN10865_c0_g1	map00330
TRINITY_DN10931_c0_g1	map00330
TRINITY_DN11007_c0_g1	map00330
TRINITY_DN1115_c0_g1	map00330
TRINITY_DN11387_c0_g1	map00330
TRINITY_DN11621_c0_g1	map00330
TRINITY_DN12264_c0_g1	map00330
TRINITY_DN12565_c0_g1	map00330
TRINITY_DN13014_c0_g1	map00330
TRINITY_DN13071_c0_g1	map00330
TRINITY_DN1311_c0_g1	map00330
TRINITY_DN13175_c0_g1	map00330
TRINITY_DN13633_c0_g1	map00330
TRINITY_DN14107_c0_g1	map00330
TRINITY_DN14362_c0_g1	map00330
TRINITY_DN14772_c0_g1	map00330
TRINITY_DN16278_c0_g1	map00330
TRINITY_DN1689_c0_g1	map00330
TRINITY_DN1709_c0_g1	map00330
TRINITY_DN1735_c0_g1	map00330
TRINITY_DN17878_c0_g1	map00330
TRINITY_DN17962_c7_g1	map00330
TRINITY_DN1804_c0_g1	map00330
TRINITY_DN1830_c0_g1	map00330
TRINITY_DN2153_c0_g1	map00330
TRINITY_DN2268_c0_g1	map00330
TRINITY_DN2347_c0_g1	map00330
TRINITY_DN2412_c0_g1	map00330
TRINITY_DN2576_c0_g1	map00330
TRINITY_DN266_c0_g1	map00330
TRINITY_DN2760_c0_g1	map00330
TRINITY_DN2794_c0_g1	map00330
TRINITY_DN2809_c1_g1	map00330
TRINITY_DN2969_c0_g1	map00330
TRINITY_DN3063_c0_g1	map00330
TRINITY_DN3085_c0_g1	map00330
TRINITY_DN3099_c0_g1	map00330
TRINITY_DN3140_c0_g1	map00330
TRINITY_DN3264_c0_g1	map00330
TRINITY_DN3435_c0_g1	map00330
TRINITY_DN3609_c0_g1	map00330
TRINITY_DN368_c0_g1	map00330
TRINITY_DN4150_c0_g1	map00330
TRINITY_DN4175_c0_g1	map00330
TRINITY_DN4186_c0_g1	map00330
TRINITY_DN4204_c0_g1	map00330
TRINITY_DN4242_c0_g1	map00330
TRINITY_DN4411_c0_g1	map00330
TRINITY_DN4484_c0_g1	map00330
TRINITY_DN4511_c0_g1	map00330
TRINITY_DN4539_c0_g1	map00330
TRINITY_DN4646_c1_g1	map00330
TRINITY_DN4655_c0_g1	map00330
TRINITY_DN4742_c0_g1	map00330
TRINITY_DN4830_c0_g1	map00330
TRINITY_DN4839_c0_g1	map00330
TRINITY_DN4938_c0_g1	map00330
TRINITY_DN4960_c0_g1	map00330
TRINITY_DN498_c0_g1	map00330
TRINITY_DN5013_c0_g1	map00330
TRINITY_DN5019_c0_g1	map00330
TRINITY_DN5330_c0_g1	map00330
TRINITY_DN5787_c0_g1	map00330
TRINITY_DN5929_c0_g1	map00330
TRINITY_DN749_c0_g1	map00330
TRINITY_DN870_c0_g1	map00330
TRINITY_DN8884_c0_g1	map00330
TRINITY_DN888_c0_g1	map00330
TRINITY_DN8983_c0_g1	map00330
TRINITY_DN898_c0_g1	map00330
TRINITY_DN9385_c0_g1	map00330
TRINITY_DN9651_c0_g1	map00330
TRINITY_DN99_c0_g1	map00330
TRINITY_DN1689_c0_g1	map00332
TRINITY_DN1709_c0_g1	map00332
TRINITY_DN12480_c0_g1	map00333
TRINITY_DN2371_c0_g1	map00333
TRINITY_DN3477_c0_g1	map00333
TRINITY_DN3991_c0_g1	map00333
TRINITY_DN651_c0_g1	map00333
TRINITY_DN694_c0_g1	map00333
TRINITY_DN10931_c0_g1	map00340
TRINITY_DN1115_c0_g1	map00340
TRINITY_DN12695_c0_g1	map00340
TRINITY_DN13175_c0_g1	map00340
TRINITY_DN154_c0_g1	map00340
TRINITY_DN1735_c0_g1	map00340
TRINITY_DN17962_c7_g1	map00340
TRINITY_DN1830_c0_g1	map00340
TRINITY_DN230_c0_g1	map00340
TRINITY_DN2759_c0_g1	map00340
TRINITY_DN2794_c0_g1	map00340
TRINITY_DN2809_c1_g1	map00340
TRINITY_DN339_c0_g1	map00340
TRINITY_DN3434_c0_g1	map00340
TRINITY_DN3452_c0_g1	map00340
TRINITY_DN3727_c0_g1	map00340
TRINITY_DN4376_c0_g1	map00340
TRINITY_DN4839_c0_g1	map00340
TRINITY_DN4938_c0_g1	map00340
TRINITY_DN4960_c0_g1	map00340
TRINITY_DN5019_c0_g1	map00340
TRINITY_DN58_c0_g1	map00340
TRINITY_DN688_c0_g1	map00340
TRINITY_DN762_c0_g1	map00340
TRINITY_DN773_c0_g1	map00340
TRINITY_DN8840_c0_g1	map00340
TRINITY_DN1004_c0_g1	map00350
TRINITY_DN10097_c0_g1	map00350
TRINITY_DN10432_c0_g1	map00350
TRINITY_DN10822_c0_g1	map00350
TRINITY_DN10865_c0_g1	map00350
TRINITY_DN10931_c0_g1	map00350
TRINITY_DN1115_c0_g1	map00350
TRINITY_DN13296_c0_g1	map00350
TRINITY_DN13307_c0_g1	map00350
TRINITY_DN14216_c0_g1	map00350
TRINITY_DN14263_c0_g1	map00350
TRINITY_DN14373_c0_g1	map00350
TRINITY_DN14499_c0_g1	map00350
TRINITY_DN14902_c0_g1	map00350
TRINITY_DN14_c1_g1	map00350
TRINITY_DN15791_c0_g1	map00350
TRINITY_DN15909_c0_g1	map00350
TRINITY_DN16144_c0_g1	map00350
TRINITY_DN16190_c0_g1	map00350
TRINITY_DN1619_c0_g1	map00350
TRINITY_DN16596_c0_g1	map00350
TRINITY_DN1676_c0_g1	map00350
TRINITY_DN17106_c0_g1	map00350
TRINITY_DN1735_c0_g1	map00350
TRINITY_DN17644_c0_g1	map00350
TRINITY_DN17664_c0_g1	map00350
TRINITY_DN17962_c7_g1	map00350
TRINITY_DN17985_c0_g1	map00350
TRINITY_DN18022_c0_g1	map00350
TRINITY_DN1804_c0_g1	map00350
TRINITY_DN1830_c0_g1	map00350
TRINITY_DN18444_c0_g1	map00350
TRINITY_DN19050_c0_g1	map00350
TRINITY_DN2219_c0_g1	map00350
TRINITY_DN2384_c0_g1	map00350
TRINITY_DN2759_c0_g1	map00350
TRINITY_DN2770_c0_g1	map00350
TRINITY_DN2809_c1_g1	map00350
TRINITY_DN2931_c0_g1	map00350
TRINITY_DN305_c0_g1	map00350
TRINITY_DN3147_c0_g1	map00350
TRINITY_DN3331_c0_g1	map00350
TRINITY_DN34_c0_g1	map00350
TRINITY_DN4009_c0_g1	map00350
TRINITY_DN4176_c0_g1	map00350
TRINITY_DN4186_c0_g1	map00350
TRINITY_DN4287_c0_g1	map00350
TRINITY_DN4360_c0_g1	map00350
TRINITY_DN4484_c0_g1	map00350
TRINITY_DN4632_c0_g1	map00350
TRINITY_DN4682_c1_g1	map00350
TRINITY_DN4916_c0_g1	map00350
TRINITY_DN4938_c0_g1	map00350
TRINITY_DN5019_c0_g1	map00350
TRINITY_DN5154_c0_g1	map00350
TRINITY_DN5163_c0_g1	map00350
TRINITY_DN5237_c0_g1	map00350
TRINITY_DN580_c0_g1	map00350
TRINITY_DN7509_c0_g1	map00350
TRINITY_DN8248_c0_g1	map00350
TRINITY_DN8833_c0_g1	map00350
TRINITY_DN9126_c0_g1	map00350
TRINITY_DN9793_c0_g1	map00350
TRINITY_DN99_c0_g1	map00350
TRINITY_DN1007_c0_g1	map00360
TRINITY_DN10110_c0_g1	map00360
TRINITY_DN10822_c0_g1	map00360
TRINITY_DN10865_c0_g1	map00360
TRINITY_DN10931_c0_g1	map00360
TRINITY_DN11007_c0_g1	map00360
TRINITY_DN1115_c0_g1	map00360
TRINITY_DN11621_c0_g1	map00360
TRINITY_DN12404_c0_g1	map00360
TRINITY_DN12443_c0_g1	map00360
TRINITY_DN12464_c0_g1	map00360
TRINITY_DN13014_c0_g1	map00360
TRINITY_DN1311_c0_g1	map00360
TRINITY_DN13633_c0_g1	map00360
TRINITY_DN14116_c1_g1	map00360
TRINITY_DN14216_c0_g1	map00360
TRINITY_DN14263_c0_g1	map00360
TRINITY_DN14499_c0_g1	map00360
TRINITY_DN1482_c0_g1	map00360
TRINITY_DN15979_c0_g1	map00360
TRINITY_DN1619_c0_g1	map00360
TRINITY_DN1676_c0_g1	map00360
TRINITY_DN1735_c0_g1	map00360
TRINITY_DN17962_c7_g1	map00360
TRINITY_DN1804_c0_g1	map00360
TRINITY_DN1830_c0_g1	map00360
TRINITY_DN2759_c0_g1	map00360
TRINITY_DN2809_c1_g1	map00360
TRINITY_DN2969_c0_g1	map00360
TRINITY_DN3063_c0_g1	map00360
TRINITY_DN3085_c0_g1	map00360
TRINITY_DN3099_c0_g1	map00360
TRINITY_DN3264_c0_g1	map00360
TRINITY_DN3609_c0_g1	map00360
TRINITY_DN368_c0_g1	map00360
TRINITY_DN3731_c0_g1	map00360
TRINITY_DN4186_c0_g1	map00360
TRINITY_DN4242_c0_g1	map00360
TRINITY_DN4360_c0_g1	map00360
TRINITY_DN4415_c0_g1	map00360
TRINITY_DN4484_c0_g1	map00360
TRINITY_DN4539_c0_g1	map00360
TRINITY_DN4682_c1_g1	map00360
TRINITY_DN4684_c0_g1	map00360
TRINITY_DN4938_c0_g1	map00360
TRINITY_DN5013_c0_g1	map00360
TRINITY_DN5019_c0_g1	map00360
TRINITY_DN5716_c0_g1	map00360
TRINITY_DN580_c0_g1	map00360
TRINITY_DN5929_c0_g1	map00360
TRINITY_DN870_c0_g1	map00360
TRINITY_DN8833_c0_g1	map00360
TRINITY_DN8884_c0_g1	map00360
TRINITY_DN888_c0_g1	map00360
TRINITY_DN898_c0_g1	map00360
TRINITY_DN9126_c0_g1	map00360
TRINITY_DN9325_c0_g1	map00360
TRINITY_DN9385_c0_g1	map00360
TRINITY_DN9651_c0_g1	map00360
TRINITY_DN99_c0_g1	map00360
TRINITY_DN1153_c0_g1	map00361
TRINITY_DN12257_c0_g1	map00361
TRINITY_DN12950_c0_g1	map00361
TRINITY_DN16348_c0_g1	map00361
TRINITY_DN297_c0_g1	map00361
TRINITY_DN4072_c0_g1	map00361
TRINITY_DN5276_c0_g1	map00361
TRINITY_DN5640_c0_g1	map00361
TRINITY_DN5828_c0_g1	map00361
TRINITY_DN6977_c0_g1	map00361
TRINITY_DN12443_c0_g1	map00362
TRINITY_DN13315_c0_g1	map00362
TRINITY_DN1474_c0_g1	map00362
TRINITY_DN15799_c2_g1	map00362
TRINITY_DN1620_c0_g1	map00362
TRINITY_DN18094_c0_g1	map00362
TRINITY_DN19014_c0_g1	map00362
TRINITY_DN1915_c0_g1	map00362
TRINITY_DN2176_c0_g1	map00362
TRINITY_DN2357_c0_g1	map00362
TRINITY_DN5166_c0_g1	map00362
TRINITY_DN5276_c0_g1	map00362
TRINITY_DN5388_c1_g1	map00362
TRINITY_DN5580_c0_g1	map00362
TRINITY_DN5828_c0_g1	map00362
TRINITY_DN5889_c0_g1	map00362
TRINITY_DN9198_c0_g1	map00362
TRINITY_DN9329_c0_g1	map00362
TRINITY_DN1153_c0_g1	map00364
TRINITY_DN12950_c0_g1	map00364
TRINITY_DN16348_c0_g1	map00364
TRINITY_DN5276_c0_g1	map00364
TRINITY_DN5640_c0_g1	map00364
TRINITY_DN5828_c0_g1	map00364
TRINITY_DN6977_c0_g1	map00364
TRINITY_DN1007_c0_g1	map00380
TRINITY_DN10110_c0_g1	map00380
TRINITY_DN10931_c0_g1	map00380
TRINITY_DN10998_c0_g1	map00380
TRINITY_DN11007_c0_g1	map00380
TRINITY_DN1115_c0_g1	map00380
TRINITY_DN11621_c0_g1	map00380
TRINITY_DN12779_c0_g1	map00380
TRINITY_DN12952_c0_g1	map00380
TRINITY_DN13014_c0_g1	map00380
TRINITY_DN13040_c0_g1	map00380
TRINITY_DN1311_c0_g1	map00380
TRINITY_DN13175_c0_g1	map00380
TRINITY_DN13633_c0_g1	map00380
TRINITY_DN14116_c1_g1	map00380
TRINITY_DN1444_c0_g1	map00380
TRINITY_DN1474_c0_g1	map00380
TRINITY_DN15990_c0_g1	map00380
TRINITY_DN1620_c0_g1	map00380
TRINITY_DN1734_c0_g1	map00380
TRINITY_DN1735_c0_g1	map00380
TRINITY_DN1766_c0_g1	map00380
TRINITY_DN17962_c7_g1	map00380
TRINITY_DN18053_c0_g1	map00380
TRINITY_DN1830_c0_g1	map00380
TRINITY_DN1834_c0_g2	map00380
TRINITY_DN1915_c0_g1	map00380
TRINITY_DN2166_c0_g1	map00380
TRINITY_DN2428_c0_g1	map00380
TRINITY_DN24_c0_g1	map00380
TRINITY_DN2794_c0_g1	map00380
TRINITY_DN2809_c1_g1	map00380
TRINITY_DN2969_c0_g1	map00380
TRINITY_DN3063_c0_g1	map00380
TRINITY_DN3085_c0_g1	map00380
TRINITY_DN3094_c0_g1	map00380
TRINITY_DN3099_c0_g1	map00380
TRINITY_DN3125_c0_g1	map00380
TRINITY_DN3264_c0_g1	map00380
TRINITY_DN3356_c0_g1	map00380
TRINITY_DN3609_c0_g1	map00380
TRINITY_DN368_c0_g1	map00380
TRINITY_DN4076_c0_g1	map00380
TRINITY_DN4176_c0_g1	map00380
TRINITY_DN4242_c0_g1	map00380
TRINITY_DN4405_c0_g1	map00380
TRINITY_DN4539_c0_g1	map00380
TRINITY_DN4682_c1_g1	map00380
TRINITY_DN4740_c0_g1	map00380
TRINITY_DN4839_c0_g1	map00380
TRINITY_DN4938_c0_g1	map00380
TRINITY_DN4960_c0_g1	map00380
TRINITY_DN5013_c0_g1	map00380
TRINITY_DN5019_c0_g1	map00380
TRINITY_DN5250_c0_g1	map00380
TRINITY_DN580_c0_g1	map00380
TRINITY_DN5929_c0_g1	map00380
TRINITY_DN8246_c0_g1	map00380
TRINITY_DN8246_c0_g2	map00380
TRINITY_DN870_c0_g1	map00380
TRINITY_DN8884_c0_g1	map00380
TRINITY_DN888_c0_g1	map00380
TRINITY_DN8903_c0_g1	map00380
TRINITY_DN898_c0_g1	map00380
TRINITY_DN9055_c0_g1	map00380
TRINITY_DN9198_c0_g1	map00380
TRINITY_DN9385_c0_g1	map00380
TRINITY_DN9587_c0_g1	map00380
TRINITY_DN9651_c0_g1	map00380
TRINITY_DN10822_c0_g1	map00400
TRINITY_DN10865_c0_g1	map00400
TRINITY_DN11438_c0_g1	map00400
TRINITY_DN13533_c0_g1	map00400
TRINITY_DN16010_c0_g1	map00400
TRINITY_DN16047_c0_g1	map00400
TRINITY_DN1804_c0_g1	map00400
TRINITY_DN181_c0_g1	map00400
TRINITY_DN185_c0_g1	map00400
TRINITY_DN18759_c0_g1	map00400
TRINITY_DN1988_c0_g1	map00400
TRINITY_DN2655_c0_g1	map00400
TRINITY_DN2759_c0_g1	map00400
TRINITY_DN3016_c0_g1	map00400
TRINITY_DN4186_c0_g1	map00400
TRINITY_DN4272_c0_g1	map00400
TRINITY_DN4361_c0_g1	map00400
TRINITY_DN4484_c0_g1	map00400
TRINITY_DN4854_c0_g1	map00400
TRINITY_DN4_c1_g1	map00400
TRINITY_DN580_c0_g1	map00400
TRINITY_DN592_c0_g1	map00400
TRINITY_DN616_c0_g1	map00400
TRINITY_DN746_c0_g1	map00400
TRINITY_DN8797_c0_g1	map00400
TRINITY_DN886_c0_g1	map00400
TRINITY_DN8898_c0_g1	map00400
TRINITY_DN99_c0_g1	map00400
TRINITY_DN2759_c0_g1	map00401
TRINITY_DN580_c0_g1	map00401
TRINITY_DN1316_c0_g2	map00403
TRINITY_DN4427_c0_g1	map00403
TRINITY_DN4928_c0_g1	map00403
TRINITY_DN156_c0_g1	map00404
TRINITY_DN4361_c0_g1	map00405
TRINITY_DN10931_c0_g1	map00410
TRINITY_DN1115_c0_g1	map00410
TRINITY_DN1135_c0_g1	map00410
TRINITY_DN12292_c0_g1	map00410
TRINITY_DN13175_c0_g1	map00410
TRINITY_DN14216_c0_g1	map00410
TRINITY_DN14263_c0_g1	map00410
TRINITY_DN14362_c0_g1	map00410
TRINITY_DN14499_c0_g1	map00410
TRINITY_DN1538_c0_g4	map00410
TRINITY_DN1676_c0_g1	map00410
TRINITY_DN1735_c0_g1	map00410
TRINITY_DN17611_c0_g1	map00410
TRINITY_DN17878_c0_g1	map00410
TRINITY_DN17962_c7_g1	map00410
TRINITY_DN2150_c0_g1	map00410
TRINITY_DN2153_c0_g1	map00410
TRINITY_DN2794_c0_g1	map00410
TRINITY_DN2809_c1_g1	map00410
TRINITY_DN3011_c0_g1	map00410
TRINITY_DN3356_c0_g1	map00410
TRINITY_DN376_c0_g1	map00410
TRINITY_DN3814_c0_g1	map00410
TRINITY_DN3896_c0_g1	map00410
TRINITY_DN39_c0_g1	map00410
TRINITY_DN4021_c0_g1	map00410
TRINITY_DN4360_c0_g1	map00410
TRINITY_DN4839_c0_g1	map00410
TRINITY_DN4938_c0_g1	map00410
TRINITY_DN4960_c0_g1	map00410
TRINITY_DN5019_c0_g1	map00410
TRINITY_DN5422_c0_g1	map00410
TRINITY_DN749_c0_g1	map00410
TRINITY_DN8833_c0_g1	map00410
TRINITY_DN8903_c0_g1	map00410
TRINITY_DN9126_c0_g1	map00410
TRINITY_DN111_c0_g1	map00430
TRINITY_DN1135_c0_g1	map00430
TRINITY_DN16116_c0_g1	map00430
TRINITY_DN16380_c0_g1	map00430
TRINITY_DN1945_c0_g1	map00430
TRINITY_DN1972_c0_g1	map00430
TRINITY_DN2710_c0_g1	map00430
TRINITY_DN393_c0_g1	map00430
TRINITY_DN5422_c0_g1	map00430
TRINITY_DN7920_c0_g1	map00430
TRINITY_DN2385_c0_g1	map00440
TRINITY_DN3212_c0_g1	map00440
TRINITY_DN511_c0_g1	map00440
TRINITY_DN6133_c0_g1	map00440
TRINITY_DN873_c0_g1	map00440
TRINITY_DN1113_c0_g1	map00450
TRINITY_DN14282_c0_g1	map00450
TRINITY_DN15954_c0_g1	map00450
TRINITY_DN1993_c0_g1	map00450
TRINITY_DN2879_c0_g1	map00450
TRINITY_DN3434_c0_g1	map00450
TRINITY_DN3792_c0_g1	map00450
TRINITY_DN3816_c0_g1	map00450
TRINITY_DN4040_c0_g1	map00450
TRINITY_DN448_c0_g1	map00450
TRINITY_DN496_c0_g1	map00450
TRINITY_DN8962_c0_g1	map00450
TRINITY_DN10558_c0_g1	map00460
TRINITY_DN10644_c0_g1	map00460
TRINITY_DN10904_c0_g1	map00460
TRINITY_DN111_c0_g1	map00460
TRINITY_DN11401_c0_g1	map00460
TRINITY_DN12265_c0_g1	map00460
TRINITY_DN12483_c0_g1	map00460
TRINITY_DN12644_c0_g1	map00460
TRINITY_DN1264_c0_g1	map00460
TRINITY_DN13255_c0_g1	map00460
TRINITY_DN14253_c0_g1	map00460
TRINITY_DN14659_c0_g1	map00460
TRINITY_DN15612_c0_g1	map00460
TRINITY_DN15863_c0_g1	map00460
TRINITY_DN15920_c0_g1	map00460
TRINITY_DN16116_c0_g1	map00460
TRINITY_DN16557_c0_g1	map00460
TRINITY_DN16804_c0_g1	map00460
TRINITY_DN17196_c0_g1	map00460
TRINITY_DN17497_c0_g1	map00460
TRINITY_DN17628_c0_g1	map00460
TRINITY_DN17929_c0_g1	map00460
TRINITY_DN17961_c0_g1	map00460
TRINITY_DN18583_c0_g1	map00460
TRINITY_DN2435_c0_g1	map00460
TRINITY_DN2554_c0_g1	map00460
TRINITY_DN2690_c0_g1	map00460
TRINITY_DN2710_c0_g1	map00460
TRINITY_DN2952_c0_g1	map00460
TRINITY_DN3046_c0_g1	map00460
TRINITY_DN3233_c0_g1	map00460
TRINITY_DN3779_c0_g1	map00460
TRINITY_DN4076_c0_g1	map00460
TRINITY_DN415_c0_g1	map00460
TRINITY_DN5016_c0_g1	map00460
TRINITY_DN539_c0_g1	map00460
TRINITY_DN5980_c0_g1	map00460
TRINITY_DN683_c0_g1	map00460
TRINITY_DN7957_c0_g1	map00460
TRINITY_DN884_c0_g1	map00460
TRINITY_DN9309_c0_g1	map00460
TRINITY_DN9518_c0_g1	map00460
TRINITY_DN2268_c0_g1	map00472
TRINITY_DN2760_c0_g1	map00472
TRINITY_DN8983_c0_g1	map00472
TRINITY_DN111_c0_g1	map00480
TRINITY_DN1125_c0_g1	map00480
TRINITY_DN12370_c0_g1	map00480
TRINITY_DN12516_c0_g1	map00480
TRINITY_DN133_c0_g1	map00480
TRINITY_DN1372_c0_g1	map00480
TRINITY_DN1400_c0_g1	map00480
TRINITY_DN15161_c0_g1	map00480
TRINITY_DN1597_c0_g1	map00480
TRINITY_DN1607_c0_g1	map00480
TRINITY_DN16116_c0_g1	map00480
TRINITY_DN1736_c0_g1	map00480
TRINITY_DN17878_c0_g1	map00480
TRINITY_DN1841_c0_g3	map00480
TRINITY_DN2275_c0_g1	map00480
TRINITY_DN2633_c0_g1	map00480
TRINITY_DN268_c0_g1	map00480
TRINITY_DN2710_c0_g1	map00480
TRINITY_DN3140_c0_g1	map00480
TRINITY_DN345_c0_g2	map00480
TRINITY_DN3507_c0_g1	map00480
TRINITY_DN3509_c0_g1	map00480
TRINITY_DN3622_c0_g1	map00480
TRINITY_DN3625_c0_g1	map00480
TRINITY_DN405_c0_g1	map00480
TRINITY_DN4171_c0_g1	map00480
TRINITY_DN4569_c0_g1	map00480
TRINITY_DN4802_c0_g1	map00480
TRINITY_DN5725_c0_g1	map00480
TRINITY_DN588_c0_g1	map00480
TRINITY_DN5915_c0_g1	map00480
TRINITY_DN666_c0_g1	map00480
TRINITY_DN749_c0_g1	map00480
TRINITY_DN8_c0_g1	map00480
TRINITY_DN9185_c0_g1	map00480
TRINITY_DN9440_c0_g1	map00480
TRINITY_DN973_c0_g1	map00480
TRINITY_DN1024_c0_g1	map00500
TRINITY_DN10541_c0_g1	map00500
TRINITY_DN10605_c0_g1	map00500
TRINITY_DN10644_c0_g1	map00500
TRINITY_DN10720_c0_g1	map00500
TRINITY_DN10801_c0_g1	map00500
TRINITY_DN10904_c0_g1	map00500
TRINITY_DN10987_c0_g1	map00500
TRINITY_DN11113_c0_g1	map00500
TRINITY_DN1137_c0_g1	map00500
TRINITY_DN11401_c0_g1	map00500
TRINITY_DN11443_c0_g1	map00500
TRINITY_DN12644_c0_g1	map00500
TRINITY_DN1264_c0_g1	map00500
TRINITY_DN1286_c0_g1	map00500
TRINITY_DN13255_c0_g1	map00500
TRINITY_DN1359_c0_g1	map00500
TRINITY_DN14044_c0_g1	map00500
TRINITY_DN14253_c0_g1	map00500
TRINITY_DN14659_c0_g1	map00500
TRINITY_DN15299_c0_g1	map00500
TRINITY_DN15612_c0_g1	map00500
TRINITY_DN15807_c0_g1	map00500
TRINITY_DN1589_c0_g1	map00500
TRINITY_DN15920_c0_g1	map00500
TRINITY_DN15996_c0_g1	map00500
TRINITY_DN16557_c0_g1	map00500
TRINITY_DN16804_c0_g1	map00500
TRINITY_DN1703_c0_g1	map00500
TRINITY_DN17497_c0_g1	map00500
TRINITY_DN17628_c0_g1	map00500
TRINITY_DN1792_c0_g1	map00500
TRINITY_DN17959_c0_g1	map00500
TRINITY_DN17961_c0_g1	map00500
TRINITY_DN18583_c0_g1	map00500
TRINITY_DN2266_c0_g1	map00500
TRINITY_DN229_c1_g1	map00500
TRINITY_DN2349_c0_g1	map00500
TRINITY_DN242_c0_g1	map00500
TRINITY_DN2435_c0_g1	map00500
TRINITY_DN2554_c0_g1	map00500
TRINITY_DN2690_c0_g1	map00500
TRINITY_DN3233_c0_g1	map00500
TRINITY_DN3396_c0_g1	map00500
TRINITY_DN34_c1_g1	map00500
TRINITY_DN352_c0_g1	map00500
TRINITY_DN361_c0_g1	map00500
TRINITY_DN36_c0_g1	map00500
TRINITY_DN3712_c0_g1	map00500
TRINITY_DN3779_c0_g1	map00500
TRINITY_DN43_c0_g1	map00500
TRINITY_DN450_c0_g1	map00500
TRINITY_DN4552_c0_g1	map00500
TRINITY_DN4752_c0_g1	map00500
TRINITY_DN5016_c0_g1	map00500
TRINITY_DN533_c0_g1	map00500
TRINITY_DN5372_c0_g1	map00500
TRINITY_DN5563_c0_g1	map00500
TRINITY_DN572_c0_g1	map00500
TRINITY_DN5830_c0_g1	map00500
TRINITY_DN5980_c0_g1	map00500
TRINITY_DN6033_c0_g2	map00500
TRINITY_DN674_c0_g1	map00500
TRINITY_DN683_c0_g1	map00500
TRINITY_DN718_c0_g1	map00500
TRINITY_DN763_c0_g1	map00500
TRINITY_DN7695_c0_g1	map00500
TRINITY_DN7957_c0_g1	map00500
TRINITY_DN8690_c0_g1	map00500
TRINITY_DN884_c0_g1	map00500
TRINITY_DN9044_c0_g1	map00500
TRINITY_DN9113_c0_g1	map00500
TRINITY_DN9309_c0_g1	map00500
TRINITY_DN9518_c0_g1	map00500
TRINITY_DN9563_c0_g1	map00500
TRINITY_DN9600_c0_g1	map00500
TRINITY_DN9_c0_g2	map00500
TRINITY_DN1204_c0_g1	map00510
TRINITY_DN1242_c0_g1	map00510
TRINITY_DN1270_c0_g5	map00510
TRINITY_DN14002_c1_g1	map00510
TRINITY_DN1413_c0_g1	map00510
TRINITY_DN14212_c0_g1	map00510
TRINITY_DN14329_c0_g1	map00510
TRINITY_DN1502_c0_g1	map00510
TRINITY_DN16085_c0_g1	map00510
TRINITY_DN16748_c0_g1	map00510
TRINITY_DN17823_c0_g1	map00510
TRINITY_DN18371_c0_g1	map00510
TRINITY_DN2051_c0_g1	map00510
TRINITY_DN22_c0_g1	map00510
TRINITY_DN2371_c0_g1	map00510
TRINITY_DN2396_c0_g1	map00510
TRINITY_DN2452_c0_g1	map00510
TRINITY_DN2468_c0_g1	map00510
TRINITY_DN2539_c0_g1	map00510
TRINITY_DN2710_c0_g1	map00510
TRINITY_DN2747_c0_g1	map00510
TRINITY_DN3110_c0_g1	map00510
TRINITY_DN3410_c0_g1	map00510
TRINITY_DN36_c0_g1	map00510
TRINITY_DN3753_c0_g1	map00510
TRINITY_DN405_c0_g1	map00510
TRINITY_DN4128_c0_g1	map00510
TRINITY_DN4281_c0_g1	map00510
TRINITY_DN4298_c0_g1	map00510
TRINITY_DN4573_c0_g1	map00510
TRINITY_DN4726_c0_g1	map00510
TRINITY_DN47_c0_g1	map00510
TRINITY_DN4930_c0_g1	map00510
TRINITY_DN4_c0_g1	map00510
TRINITY_DN6302_c0_g1	map00510
TRINITY_DN7198_c0_g1	map00510
TRINITY_DN8906_c0_g1	map00510
TRINITY_DN9071_c0_g1	map00510
TRINITY_DN9720_c0_g1	map00510
TRINITY_DN10581_c0_g1	map00511
TRINITY_DN13024_c0_g1	map00511
TRINITY_DN13793_c0_g1	map00511
TRINITY_DN14385_c0_g1	map00511
TRINITY_DN14556_c0_g1	map00511
TRINITY_DN16125_c0_g1	map00511
TRINITY_DN17611_c0_g1	map00511
TRINITY_DN2804_c0_g1	map00511
TRINITY_DN3417_c0_g1	map00511
TRINITY_DN486_c0_g1	map00511
TRINITY_DN4878_c0_g1	map00511
TRINITY_DN5083_c0_g1	map00511
TRINITY_DN587_c0_g1	map00511
TRINITY_DN674_c0_g1	map00511
TRINITY_DN6808_c0_g2	map00511
TRINITY_DN9437_c0_g1	map00511
TRINITY_DN1242_c0_g1	map00513
TRINITY_DN1251_c0_g1	map00513
TRINITY_DN12604_c0_g1	map00513
TRINITY_DN1270_c0_g1	map00513
TRINITY_DN1270_c0_g5	map00513
TRINITY_DN1413_c0_g1	map00513
TRINITY_DN14329_c0_g1	map00513
TRINITY_DN1502_c0_g1	map00513
TRINITY_DN16085_c0_g1	map00513
TRINITY_DN17611_c0_g1	map00513
TRINITY_DN17823_c0_g1	map00513
TRINITY_DN2051_c0_g1	map00513
TRINITY_DN2249_c0_g1	map00513
TRINITY_DN22_c0_g1	map00513
TRINITY_DN2396_c0_g1	map00513
TRINITY_DN2452_c0_g1	map00513
TRINITY_DN2710_c0_g1	map00513
TRINITY_DN3410_c0_g1	map00513
TRINITY_DN36_c0_g1	map00513
TRINITY_DN3753_c0_g1	map00513
TRINITY_DN3857_c0_g1	map00513
TRINITY_DN4128_c0_g1	map00513
TRINITY_DN4298_c0_g1	map00513
TRINITY_DN4724_c1_g1	map00513
TRINITY_DN486_c0_g1	map00513
TRINITY_DN4930_c0_g1	map00513
TRINITY_DN4_c0_g1	map00513
TRINITY_DN5132_c0_g1	map00513
TRINITY_DN6302_c0_g1	map00513
TRINITY_DN7198_c0_g1	map00513
TRINITY_DN8906_c0_g1	map00513
TRINITY_DN9437_c0_g1	map00513
TRINITY_DN9720_c0_g1	map00513
TRINITY_DN1140_c0_g1	map00514
TRINITY_DN3552_c0_g1	map00514
TRINITY_DN4311_c0_g1	map00514
TRINITY_DN4385_c0_g1	map00514
TRINITY_DN5383_c0_g1	map00514
TRINITY_DN1140_c0_g1	map00515
TRINITY_DN4311_c0_g1	map00515
TRINITY_DN5383_c0_g1	map00515
TRINITY_DN10534_c0_g1	map00520
TRINITY_DN1099_c0_g1	map00520
TRINITY_DN11058_c0_g1	map00520
TRINITY_DN12482_c0_g1	map00520
TRINITY_DN12891_c0_g1	map00520
TRINITY_DN1313_c0_g1	map00520
TRINITY_DN14028_c1_g1	map00520
TRINITY_DN14164_c0_g1	map00520
TRINITY_DN14184_c0_g1	map00520
TRINITY_DN14579_c0_g1	map00520
TRINITY_DN15325_c0_g1	map00520
TRINITY_DN15808_c0_g1	map00520
TRINITY_DN15825_c0_g1	map00520
TRINITY_DN1631_c0_g1	map00520
TRINITY_DN16409_c0_g1	map00520
TRINITY_DN1682_c0_g1	map00520
TRINITY_DN172_c0_g1	map00520
TRINITY_DN17585_c0_g1	map00520
TRINITY_DN17611_c0_g1	map00520
TRINITY_DN1911_c0_g1	map00520
TRINITY_DN2266_c0_g1	map00520
TRINITY_DN2349_c0_g1	map00520
TRINITY_DN243_c0_g1	map00520
TRINITY_DN2454_c0_g1	map00520
TRINITY_DN2669_c0_g1	map00520
TRINITY_DN2884_c1_g1	map00520
TRINITY_DN2934_c0_g1	map00520
TRINITY_DN2937_c0_g1	map00520
TRINITY_DN3034_c0_g1	map00520
TRINITY_DN3172_c0_g1	map00520
TRINITY_DN3375_c0_g1	map00520
TRINITY_DN3396_c0_g1	map00520
TRINITY_DN350_c0_g1	map00520
TRINITY_DN352_c0_g1	map00520
TRINITY_DN3550_c0_g1	map00520
TRINITY_DN3578_c0_g1	map00520
TRINITY_DN3611_c0_g1	map00520
TRINITY_DN370_c0_g1	map00520
TRINITY_DN3836_c0_g1	map00520
TRINITY_DN3841_c0_g1	map00520
TRINITY_DN3997_c0_g1	map00520
TRINITY_DN4025_c0_g1	map00520
TRINITY_DN4125_c0_g1	map00520
TRINITY_DN4201_c0_g1	map00520
TRINITY_DN4249_c0_g1	map00520
TRINITY_DN4436_c0_g1	map00520
TRINITY_DN4488_c0_g1	map00520
TRINITY_DN4615_c0_g1	map00520
TRINITY_DN4618_c0_g1	map00520
TRINITY_DN4620_c0_g1	map00520
TRINITY_DN4680_c0_g1	map00520
TRINITY_DN4738_c0_g1	map00520
TRINITY_DN486_c0_g1	map00520
TRINITY_DN5176_c0_g1	map00520
TRINITY_DN54_c1_g1	map00520
TRINITY_DN5563_c0_g1	map00520
TRINITY_DN5677_c0_g1	map00520
TRINITY_DN5830_c0_g1	map00520
TRINITY_DN6571_c0_g1	map00520
TRINITY_DN663_c0_g1	map00520
TRINITY_DN7751_c0_g1	map00520
TRINITY_DN9437_c0_g1	map00520
TRINITY_DN9_c0_g2	map00520
TRINITY_DN11675_c0_g1	map00521
TRINITY_DN16579_c0_g1	map00521
TRINITY_DN1825_c0_g1	map00521
TRINITY_DN2007_c0_g1	map00521
TRINITY_DN2349_c0_g1	map00521
TRINITY_DN352_c0_g1	map00521
TRINITY_DN400_c0_g1	map00521
TRINITY_DN5563_c0_g1	map00521
TRINITY_DN5830_c0_g1	map00521
TRINITY_DN6246_c0_g1	map00521
TRINITY_DN6353_c0_g1	map00521
TRINITY_DN886_c0_g1	map00521
TRINITY_DN9_c0_g2	map00521
TRINITY_DN1825_c0_g1	map00523
TRINITY_DN6353_c0_g1	map00523
TRINITY_DN2349_c0_g1	map00524
TRINITY_DN352_c0_g1	map00524
TRINITY_DN5563_c0_g1	map00524
TRINITY_DN9_c0_g2	map00524
TRINITY_DN1825_c0_g1	map00525
TRINITY_DN17611_c0_g1	map00531
TRINITY_DN3172_c0_g1	map00531
TRINITY_DN486_c0_g1	map00531
TRINITY_DN9437_c0_g1	map00531
TRINITY_DN2308_c0_g1	map00534
TRINITY_DN8988_c0_g1	map00534
TRINITY_DN10931_c0_g1	map00561
TRINITY_DN1111_c0_g1	map00561
TRINITY_DN1115_c0_g1	map00561
TRINITY_DN12989_c0_g1	map00561
TRINITY_DN1310_c0_g1	map00561
TRINITY_DN13175_c0_g1	map00561
TRINITY_DN1340_c0_g1	map00561
TRINITY_DN14198_c0_g1	map00561
TRINITY_DN14873_c0_g1	map00561
TRINITY_DN1564_c0_g1	map00561
TRINITY_DN15955_c0_g1	map00561
TRINITY_DN15980_c0_g1	map00561
TRINITY_DN1735_c0_g1	map00561
TRINITY_DN17749_c0_g1	map00561
TRINITY_DN17879_c0_g1	map00561
TRINITY_DN17962_c7_g1	map00561
TRINITY_DN2009_c0_g1	map00561
TRINITY_DN2403_c0_g1	map00561
TRINITY_DN2794_c0_g1	map00561
TRINITY_DN2809_c1_g1	map00561
TRINITY_DN2870_c0_g1	map00561
TRINITY_DN3062_c0_g1	map00561
TRINITY_DN3345_c0_g1	map00561
TRINITY_DN3388_c0_g1	map00561
TRINITY_DN3391_c0_g1	map00561
TRINITY_DN3512_c0_g1	map00561
TRINITY_DN3796_c0_g1	map00561
TRINITY_DN3984_c0_g1	map00561
TRINITY_DN402_c0_g1	map00561
TRINITY_DN4187_c0_g1	map00561
TRINITY_DN4312_c0_g1	map00561
TRINITY_DN4380_c0_g1	map00561
TRINITY_DN4839_c0_g1	map00561
TRINITY_DN4938_c0_g1	map00561
TRINITY_DN4960_c0_g1	map00561
TRINITY_DN5019_c0_g1	map00561
TRINITY_DN509_c0_g1	map00561
TRINITY_DN576_c0_g1	map00561
TRINITY_DN5922_c0_g1	map00561
TRINITY_DN773_c0_g1	map00561
TRINITY_DN786_c0_g1	map00561
TRINITY_DN823_c0_g1	map00561
TRINITY_DN8758_c0_g1	map00561
TRINITY_DN8765_c0_g1	map00561
TRINITY_DN8908_c0_g1	map00561
TRINITY_DN9077_c0_g1	map00561
TRINITY_DN919_c0_g1	map00561
TRINITY_DN10526_c0_g1	map00562
TRINITY_DN10741_c0_g1	map00562
TRINITY_DN10819_c0_g1	map00562
TRINITY_DN11675_c0_g1	map00562
TRINITY_DN12698_c1_g1	map00562
TRINITY_DN1281_c0_g1	map00562
TRINITY_DN1371_c0_g1	map00562
TRINITY_DN1376_c0_g1	map00562
TRINITY_DN15788_c0_g1	map00562
TRINITY_DN16277_c0_g1	map00562
TRINITY_DN1641_c0_g1	map00562
TRINITY_DN16579_c0_g1	map00562
TRINITY_DN1841_c0_g2	map00562
TRINITY_DN2007_c0_g1	map00562
TRINITY_DN2413_c0_g1	map00562
TRINITY_DN2431_c0_g1	map00562
TRINITY_DN254_c0_g1	map00562
TRINITY_DN2564_c0_g1	map00562
TRINITY_DN2690_c0_g1	map00562
TRINITY_DN3814_c0_g1	map00562
TRINITY_DN400_c0_g1	map00562
TRINITY_DN4021_c0_g1	map00562
TRINITY_DN4049_c0_g1	map00562
TRINITY_DN4268_c0_g1	map00562
TRINITY_DN4307_c0_g1	map00562
TRINITY_DN4955_c1_g1	map00562
TRINITY_DN5118_c0_g1	map00562
TRINITY_DN5491_c0_g1	map00562
TRINITY_DN6001_c0_g1	map00562
TRINITY_DN6246_c0_g1	map00562
TRINITY_DN774_c0_g1	map00562
TRINITY_DN886_c0_g1	map00562
TRINITY_DN8872_c0_g1	map00562
TRINITY_DN9630_c0_g1	map00562
TRINITY_DN10534_c0_g1	map00563
TRINITY_DN12513_c0_g1	map00563
TRINITY_DN1253_c0_g1	map00563
TRINITY_DN14475_c0_g1	map00563
TRINITY_DN1529_c0_g1	map00563
TRINITY_DN1656_c0_g1	map00563
TRINITY_DN173_c0_g1	map00563
TRINITY_DN2088_c0_g1	map00563
TRINITY_DN2377_c0_g1	map00563
TRINITY_DN2539_c0_g1	map00563
TRINITY_DN271_c0_g1	map00563
TRINITY_DN2745_c0_g1	map00563
TRINITY_DN2754_c0_g1	map00563
TRINITY_DN2755_c0_g1	map00563
TRINITY_DN2946_c0_g1	map00563
TRINITY_DN3054_c0_g1	map00563
TRINITY_DN3540_c0_g1	map00563
TRINITY_DN3562_c0_g1	map00563
TRINITY_DN3615_c0_g1	map00563
TRINITY_DN3869_c0_g1	map00563
TRINITY_DN4235_c0_g1	map00563
TRINITY_DN4601_c0_g1	map00563
TRINITY_DN5529_c0_g1	map00563
TRINITY_DN8725_c0_g1	map00563
TRINITY_DN8964_c0_g1	map00563
TRINITY_DN91_c0_g1	map00563
TRINITY_DN10844_c0_g1	map00564
TRINITY_DN1297_c0_g1	map00564
TRINITY_DN1310_c0_g1	map00564
TRINITY_DN1400_c0_g1	map00564
TRINITY_DN1402_c0_g1	map00564
TRINITY_DN14529_c0_g1	map00564
TRINITY_DN1465_c0_g1	map00564
TRINITY_DN153_c0_g1	map00564
TRINITY_DN16054_c0_g1	map00564
TRINITY_DN1613_c0_g1	map00564
TRINITY_DN1657_c0_g1	map00564
TRINITY_DN1682_c0_g1	map00564
TRINITY_DN1766_c0_g1	map00564
TRINITY_DN1993_c0_g1	map00564
TRINITY_DN2009_c0_g1	map00564
TRINITY_DN2385_c0_g1	map00564
TRINITY_DN248_c0_g1	map00564
TRINITY_DN2503_c0_g1	map00564
TRINITY_DN2870_c0_g1	map00564
TRINITY_DN2965_c0_g1	map00564
TRINITY_DN3044_c0_g1	map00564
TRINITY_DN320_c0_g1	map00564
TRINITY_DN3212_c0_g1	map00564
TRINITY_DN3345_c0_g1	map00564
TRINITY_DN3390_c0_g1	map00564
TRINITY_DN3767_c0_g1	map00564
TRINITY_DN3796_c0_g1	map00564
TRINITY_DN3826_c0_g1	map00564
TRINITY_DN3882_c0_g1	map00564
TRINITY_DN4307_c0_g1	map00564
TRINITY_DN4317_c0_g1	map00564
TRINITY_DN4570_c0_g1	map00564
TRINITY_DN4781_c0_g1	map00564
TRINITY_DN4813_c0_g1	map00564
TRINITY_DN5074_c1_g1	map00564
TRINITY_DN510_c0_g1	map00564
TRINITY_DN511_c0_g1	map00564
TRINITY_DN5217_c0_g1	map00564
TRINITY_DN5491_c0_g1	map00564
TRINITY_DN6267_c0_g1	map00564
TRINITY_DN761_c0_g1	map00564
TRINITY_DN773_c0_g1	map00564
TRINITY_DN798_c0_g1	map00564
TRINITY_DN806_c0_g1	map00564
TRINITY_DN873_c0_g1	map00564
TRINITY_DN8758_c0_g1	map00564
TRINITY_DN908_c0_g1	map00564
TRINITY_DN910_c0_g1	map00564
TRINITY_DN919_c0_g1	map00564
TRINITY_DN1026_c0_g1	map00565
TRINITY_DN1045_c0_g1	map00565
TRINITY_DN1310_c0_g1	map00565
TRINITY_DN1465_c0_g1	map00565
TRINITY_DN1766_c0_g1	map00565
TRINITY_DN248_c0_g1	map00565
TRINITY_DN2870_c0_g1	map00565
TRINITY_DN320_c0_g1	map00565
TRINITY_DN3353_c0_g1	map00565
TRINITY_DN3882_c0_g1	map00565
TRINITY_DN511_c0_g1	map00565
TRINITY_DN545_c0_g1	map00565
TRINITY_DN5491_c0_g1	map00565
TRINITY_DN873_c0_g1	map00565
TRINITY_DN910_c0_g1	map00565
TRINITY_DN1125_c0_g1	map00590
TRINITY_DN1310_c0_g1	map00590
TRINITY_DN1465_c0_g1	map00590
TRINITY_DN1928_c0_g1	map00590
TRINITY_DN2789_c0_g1	map00590
TRINITY_DN3625_c0_g1	map00590
TRINITY_DN3882_c0_g1	map00590
TRINITY_DN4643_c0_g1	map00590
TRINITY_DN5915_c0_g1	map00590
TRINITY_DN1310_c0_g1	map00591
TRINITY_DN1465_c0_g1	map00591
TRINITY_DN1928_c0_g1	map00591
TRINITY_DN3882_c0_g1	map00591
TRINITY_DN11021_c0_g1	map00592
TRINITY_DN12491_c0_g1	map00592
TRINITY_DN1310_c0_g1	map00592
TRINITY_DN14133_c0_g1	map00592
TRINITY_DN14166_c0_g1	map00592
TRINITY_DN14565_c0_g1	map00592
TRINITY_DN1465_c0_g1	map00592
TRINITY_DN15847_c0_g1	map00592
TRINITY_DN1958_c0_g1	map00592
TRINITY_DN2128_c0_g1	map00592
TRINITY_DN2378_c0_g1	map00592
TRINITY_DN3881_c0_g1	map00592
TRINITY_DN3882_c0_g1	map00592
TRINITY_DN6487_c0_g1	map00592
TRINITY_DN8378_c0_g1	map00592
TRINITY_DN10771_c0_g1	map00600
TRINITY_DN13024_c0_g1	map00600
TRINITY_DN1363_c0_g1	map00600
TRINITY_DN13793_c0_g1	map00600
TRINITY_DN14063_c0_g1	map00600
TRINITY_DN14556_c0_g1	map00600
TRINITY_DN16125_c0_g1	map00600
TRINITY_DN17879_c0_g1	map00600
TRINITY_DN18024_c0_g1	map00600
TRINITY_DN1823_c0_g1	map00600
TRINITY_DN2249_c0_g1	map00600
TRINITY_DN2566_c0_g1	map00600
TRINITY_DN2630_c0_g1	map00600
TRINITY_DN2735_c0_g1	map00600
TRINITY_DN2993_c0_g1	map00600
TRINITY_DN3417_c0_g1	map00600
TRINITY_DN370_c0_g1	map00600
TRINITY_DN3853_c0_g1	map00600
TRINITY_DN4312_c0_g1	map00600
TRINITY_DN4476_c0_g1	map00600
TRINITY_DN5207_c0_g1	map00600
TRINITY_DN5922_c0_g1	map00600
TRINITY_DN6038_c0_g1	map00600
TRINITY_DN6550_c0_g1	map00600
TRINITY_DN6808_c0_g2	map00600
TRINITY_DN694_c0_g1	map00600
TRINITY_DN763_c0_g1	map00600
TRINITY_DN786_c0_g1	map00600
TRINITY_DN8908_c0_g1	map00600
TRINITY_DN9077_c0_g1	map00600
TRINITY_DN9358_c0_g1	map00600
TRINITY_DN93_c0_g1	map00600
TRINITY_DN17611_c0_g1	map00603
TRINITY_DN17879_c0_g1	map00603
TRINITY_DN4312_c0_g1	map00603
TRINITY_DN486_c0_g1	map00603
TRINITY_DN5922_c0_g1	map00603
TRINITY_DN786_c0_g1	map00603
TRINITY_DN8908_c0_g1	map00603
TRINITY_DN9077_c0_g1	map00603
TRINITY_DN9437_c0_g1	map00603
TRINITY_DN17611_c0_g1	map00604
TRINITY_DN486_c0_g1	map00604
TRINITY_DN9437_c0_g1	map00604
TRINITY_DN1001_c0_g1	map00620
TRINITY_DN10879_c0_g1	map00620
TRINITY_DN10931_c0_g1	map00620
TRINITY_DN1100_c0_g1	map00620
TRINITY_DN1110_c0_g1	map00620
TRINITY_DN1115_c0_g1	map00620
TRINITY_DN1127_c0_g1	map00620
TRINITY_DN11442_c0_g1	map00620
TRINITY_DN12307_c0_g1	map00620
TRINITY_DN12765_c0_g1	map00620
TRINITY_DN1279_c0_g1	map00620
TRINITY_DN13175_c0_g1	map00620
TRINITY_DN1387_c0_g1	map00620
TRINITY_DN14246_c0_g1	map00620
TRINITY_DN1474_c0_g1	map00620
TRINITY_DN148_c0_g1	map00620
TRINITY_DN1534_c0_g1	map00620
TRINITY_DN1577_c0_g1	map00620
TRINITY_DN15809_c0_g1	map00620
TRINITY_DN15894_c0_g1	map00620
TRINITY_DN1685_c0_g1	map00620
TRINITY_DN1735_c0_g1	map00620
TRINITY_DN17962_c7_g1	map00620
TRINITY_DN1832_c0_g1	map00620
TRINITY_DN183_c0_g1	map00620
TRINITY_DN1915_c0_g1	map00620
TRINITY_DN1972_c0_g1	map00620
TRINITY_DN20_c0_g2	map00620
TRINITY_DN2513_c0_g1	map00620
TRINITY_DN2635_c0_g1	map00620
TRINITY_DN2677_c0_g1	map00620
TRINITY_DN2702_c0_g1	map00620
TRINITY_DN2794_c0_g1	map00620
TRINITY_DN2809_c1_g1	map00620
TRINITY_DN2820_c0_g1	map00620
TRINITY_DN3068_c0_g1	map00620
TRINITY_DN3101_c0_g1	map00620
TRINITY_DN329_c0_g1	map00620
TRINITY_DN3635_c0_g1	map00620
TRINITY_DN4024_c0_g1	map00620
TRINITY_DN4118_c0_g1	map00620
TRINITY_DN4153_c0_g1	map00620
TRINITY_DN4182_c0_g1	map00620
TRINITY_DN4369_c0_g1	map00620
TRINITY_DN4474_c0_g1	map00620
TRINITY_DN465_c0_g1	map00620
TRINITY_DN4691_c0_g1	map00620
TRINITY_DN4732_c0_g1	map00620
TRINITY_DN4839_c0_g1	map00620
TRINITY_DN4938_c0_g1	map00620
TRINITY_DN4960_c0_g1	map00620
TRINITY_DN5019_c0_g1	map00620
TRINITY_DN5286_c0_g1	map00620
TRINITY_DN555_c0_g1	map00620
TRINITY_DN6484_c0_g1	map00620
TRINITY_DN6645_c0_g1	map00620
TRINITY_DN704_c0_g1	map00620
TRINITY_DN8475_c0_g1	map00620
TRINITY_DN8841_c0_g1	map00620
TRINITY_DN9198_c0_g1	map00620
TRINITY_DN9226_c0_g1	map00620
TRINITY_DN10901_c0_g1	map00621
TRINITY_DN11359_c0_g1	map00621
TRINITY_DN12267_c0_g1	map00621
TRINITY_DN12780_c0_g1	map00621
TRINITY_DN14895_c0_g1	map00621
TRINITY_DN18840_c0_g1	map00621
TRINITY_DN2471_c0_g1	map00621
TRINITY_DN3342_c0_g1	map00621
TRINITY_DN3436_c0_g1	map00621
TRINITY_DN3491_c0_g1	map00621
TRINITY_DN4096_c0_g1	map00621
TRINITY_DN5360_c0_g1	map00621
TRINITY_DN6257_c0_g1	map00621
TRINITY_DN1153_c0_g1	map00623
TRINITY_DN12950_c0_g1	map00623
TRINITY_DN15049_c0_g1	map00623
TRINITY_DN16192_c0_g1	map00623
TRINITY_DN16348_c0_g1	map00623
TRINITY_DN16451_c0_g1	map00623
TRINITY_DN3326_c0_g1	map00623
TRINITY_DN5276_c0_g1	map00623
TRINITY_DN5640_c0_g1	map00623
TRINITY_DN5828_c0_g1	map00623
TRINITY_DN6977_c0_g1	map00623
TRINITY_DN10901_c0_g1	map00624
TRINITY_DN11359_c0_g1	map00624
TRINITY_DN12267_c0_g1	map00624
TRINITY_DN12780_c0_g1	map00624
TRINITY_DN14895_c0_g1	map00624
TRINITY_DN18840_c0_g1	map00624
TRINITY_DN2471_c0_g1	map00624
TRINITY_DN3342_c0_g1	map00624
TRINITY_DN3436_c0_g1	map00624
TRINITY_DN3491_c0_g1	map00624
TRINITY_DN4096_c0_g1	map00624
TRINITY_DN5360_c0_g1	map00624
TRINITY_DN6257_c0_g1	map00624
TRINITY_DN10097_c0_g1	map00625
TRINITY_DN10931_c0_g1	map00625
TRINITY_DN1115_c0_g1	map00625
TRINITY_DN12257_c0_g1	map00625
TRINITY_DN13175_c0_g1	map00625
TRINITY_DN14373_c0_g1	map00625
TRINITY_DN14_c1_g1	map00625
TRINITY_DN1735_c0_g1	map00625
TRINITY_DN17962_c7_g1	map00625
TRINITY_DN17985_c0_g1	map00625
TRINITY_DN2770_c0_g1	map00625
TRINITY_DN2789_c0_g1	map00625
TRINITY_DN2794_c0_g1	map00625
TRINITY_DN2809_c1_g1	map00625
TRINITY_DN2931_c0_g1	map00625
TRINITY_DN297_c0_g1	map00625
TRINITY_DN305_c0_g1	map00625
TRINITY_DN4009_c0_g1	map00625
TRINITY_DN4072_c0_g1	map00625
TRINITY_DN4287_c0_g1	map00625
TRINITY_DN4632_c0_g1	map00625
TRINITY_DN4839_c0_g1	map00625
TRINITY_DN4938_c0_g1	map00625
TRINITY_DN4960_c0_g1	map00625
TRINITY_DN5019_c0_g1	map00625
TRINITY_DN5163_c0_g1	map00625
TRINITY_DN10097_c0_g1	map00626
TRINITY_DN10901_c0_g1	map00626
TRINITY_DN11359_c0_g1	map00626
TRINITY_DN12267_c0_g1	map00626
TRINITY_DN12780_c0_g1	map00626
TRINITY_DN14373_c0_g1	map00626
TRINITY_DN14895_c0_g1	map00626
TRINITY_DN14_c1_g1	map00626
TRINITY_DN17985_c0_g1	map00626
TRINITY_DN18840_c0_g1	map00626
TRINITY_DN2471_c0_g1	map00626
TRINITY_DN2770_c0_g1	map00626
TRINITY_DN2931_c0_g1	map00626
TRINITY_DN305_c0_g1	map00626
TRINITY_DN3342_c0_g1	map00626
TRINITY_DN3436_c0_g1	map00626
TRINITY_DN3491_c0_g1	map00626
TRINITY_DN4009_c0_g1	map00626
TRINITY_DN4096_c0_g1	map00626
TRINITY_DN4287_c0_g1	map00626
TRINITY_DN4632_c0_g1	map00626
TRINITY_DN5163_c0_g1	map00626
TRINITY_DN5360_c0_g1	map00626
TRINITY_DN6257_c0_g1	map00626
TRINITY_DN10110_c0_g1	map00627
TRINITY_DN11007_c0_g1	map00627
TRINITY_DN11621_c0_g1	map00627
TRINITY_DN13014_c0_g1	map00627
TRINITY_DN1311_c0_g1	map00627
TRINITY_DN13633_c0_g1	map00627
TRINITY_DN15049_c0_g1	map00627
TRINITY_DN15799_c2_g1	map00627
TRINITY_DN15990_c0_g1	map00627
TRINITY_DN16192_c0_g1	map00627
TRINITY_DN16451_c0_g1	map00627
TRINITY_DN1766_c0_g1	map00627
TRINITY_DN19014_c0_g1	map00627
TRINITY_DN2176_c0_g1	map00627
TRINITY_DN2357_c0_g1	map00627
TRINITY_DN2969_c0_g1	map00627
TRINITY_DN3063_c0_g1	map00627
TRINITY_DN3085_c0_g1	map00627
TRINITY_DN3099_c0_g1	map00627
TRINITY_DN3264_c0_g1	map00627
TRINITY_DN3326_c0_g1	map00627
TRINITY_DN3356_c0_g1	map00627
TRINITY_DN3609_c0_g1	map00627
TRINITY_DN368_c0_g1	map00627
TRINITY_DN4076_c0_g1	map00627
TRINITY_DN4242_c0_g1	map00627
TRINITY_DN4539_c0_g1	map00627
TRINITY_DN4625_c0_g1	map00627
TRINITY_DN5013_c0_g1	map00627
TRINITY_DN5234_c0_g1	map00627
TRINITY_DN5388_c1_g1	map00627
TRINITY_DN5580_c0_g1	map00627
TRINITY_DN5929_c0_g1	map00627
TRINITY_DN8246_c0_g1	map00627
TRINITY_DN8246_c0_g2	map00627
TRINITY_DN870_c0_g1	map00627
TRINITY_DN8884_c0_g1	map00627
TRINITY_DN888_c0_g1	map00627
TRINITY_DN8903_c0_g1	map00627
TRINITY_DN898_c0_g1	map00627
TRINITY_DN9329_c0_g1	map00627
TRINITY_DN9385_c0_g1	map00627
TRINITY_DN9651_c0_g1	map00627
TRINITY_DN0_c0_g1	map00630
TRINITY_DN1001_c0_g1	map00630
TRINITY_DN10558_c0_g1	map00630
TRINITY_DN10839_c0_g1	map00630
TRINITY_DN10998_c0_g1	map00630
TRINITY_DN1111_c0_g1	map00630
TRINITY_DN11387_c0_g1	map00630
TRINITY_DN12264_c0_g1	map00630
TRINITY_DN12779_c0_g1	map00630
TRINITY_DN12915_c0_g1	map00630
TRINITY_DN12989_c0_g1	map00630
TRINITY_DN13040_c0_g1	map00630
TRINITY_DN14161_c0_g1	map00630
TRINITY_DN1444_c0_g1	map00630
TRINITY_DN1474_c0_g1	map00630
TRINITY_DN14772_c0_g1	map00630
TRINITY_DN1734_c0_g1	map00630
TRINITY_DN17929_c0_g1	map00630
TRINITY_DN18053_c0_g1	map00630
TRINITY_DN1915_c0_g1	map00630
TRINITY_DN2033_c0_g1	map00630
TRINITY_DN2166_c0_g1	map00630
TRINITY_DN2526_c0_g1	map00630
TRINITY_DN2526_c0_g2	map00630
TRINITY_DN2526_c1_g1	map00630
TRINITY_DN2555_c0_g1	map00630
TRINITY_DN2677_c0_g1	map00630
TRINITY_DN2952_c0_g1	map00630
TRINITY_DN3046_c0_g1	map00630
TRINITY_DN3050_c0_g1	map00630
TRINITY_DN3382_c0_g1	map00630
TRINITY_DN3545_c0_g1	map00630
TRINITY_DN3600_c0_g1	map00630
TRINITY_DN4150_c0_g1	map00630
TRINITY_DN4474_c0_g1	map00630
TRINITY_DN465_c0_g1	map00630
TRINITY_DN4740_c0_g1	map00630
TRINITY_DN4830_c0_g1	map00630
TRINITY_DN4937_c0_g1	map00630
TRINITY_DN4955_c0_g1	map00630
TRINITY_DN5321_c1_g1	map00630
TRINITY_DN539_c0_g1	map00630
TRINITY_DN5787_c0_g1	map00630
TRINITY_DN8475_c0_g1	map00630
TRINITY_DN8810_c0_g1	map00630
TRINITY_DN8817_c0_g1	map00630
TRINITY_DN9055_c0_g1	map00630
TRINITY_DN9165_c0_g1	map00630
TRINITY_DN9198_c0_g1	map00630
TRINITY_DN9609_c0_g1	map00630
TRINITY_DN968_c0_g1	map00630
TRINITY_DN10977_c0_g1	map00640
TRINITY_DN11442_c0_g1	map00640
TRINITY_DN12292_c0_g1	map00640
TRINITY_DN1387_c0_g1	map00640
TRINITY_DN1474_c0_g1	map00640
TRINITY_DN1567_c0_g1	map00640
TRINITY_DN1615_c0_g1	map00640
TRINITY_DN17611_c0_g1	map00640
TRINITY_DN1885_c0_g1	map00640
TRINITY_DN1915_c0_g1	map00640
TRINITY_DN1972_c0_g1	map00640
TRINITY_DN20_c0_g2	map00640
TRINITY_DN2150_c0_g1	map00640
TRINITY_DN3266_c0_g1	map00640
TRINITY_DN3356_c0_g1	map00640
TRINITY_DN3814_c0_g1	map00640
TRINITY_DN3896_c0_g1	map00640
TRINITY_DN39_c0_g1	map00640
TRINITY_DN4021_c0_g1	map00640
TRINITY_DN4024_c0_g1	map00640
TRINITY_DN4033_c0_g1	map00640
TRINITY_DN4382_c0_g1	map00640
TRINITY_DN4474_c0_g1	map00640
TRINITY_DN4645_c0_g1	map00640
TRINITY_DN4997_c0_g1	map00640
TRINITY_DN6484_c0_g1	map00640
TRINITY_DN6645_c0_g1	map00640
TRINITY_DN8475_c0_g1	map00640
TRINITY_DN8903_c0_g1	map00640
TRINITY_DN9198_c0_g1	map00640
TRINITY_DN943_c0_g1	map00640
TRINITY_DN10110_c0_g1	map00643
TRINITY_DN11007_c0_g1	map00643
TRINITY_DN11621_c0_g1	map00643
TRINITY_DN12404_c0_g1	map00643
TRINITY_DN13014_c0_g1	map00643
TRINITY_DN1311_c0_g1	map00643
TRINITY_DN13296_c0_g1	map00643
TRINITY_DN13633_c0_g1	map00643
TRINITY_DN15791_c0_g1	map00643
TRINITY_DN16596_c0_g1	map00643
TRINITY_DN17644_c0_g1	map00643
TRINITY_DN2969_c0_g1	map00643
TRINITY_DN3063_c0_g1	map00643
TRINITY_DN3085_c0_g1	map00643
TRINITY_DN3099_c0_g1	map00643
TRINITY_DN3147_c0_g1	map00643
TRINITY_DN3264_c0_g1	map00643
TRINITY_DN3609_c0_g1	map00643
TRINITY_DN368_c0_g1	map00643
TRINITY_DN3731_c0_g1	map00643
TRINITY_DN4076_c0_g1	map00643
TRINITY_DN4242_c0_g1	map00643
TRINITY_DN4415_c0_g1	map00643
TRINITY_DN4539_c0_g1	map00643
TRINITY_DN5013_c0_g1	map00643
TRINITY_DN5154_c0_g1	map00643
TRINITY_DN5716_c0_g1	map00643
TRINITY_DN5929_c0_g1	map00643
TRINITY_DN7541_c0_g1	map00643
TRINITY_DN870_c0_g1	map00643
TRINITY_DN8884_c0_g1	map00643
TRINITY_DN888_c0_g1	map00643
TRINITY_DN898_c0_g1	map00643
TRINITY_DN9325_c0_g1	map00643
TRINITY_DN9385_c0_g1	map00643
TRINITY_DN9651_c0_g1	map00643
TRINITY_DN1135_c0_g1	map00650
TRINITY_DN1197_c0_g1	map00650
TRINITY_DN12443_c0_g1	map00650
TRINITY_DN1309_c0_g1	map00650
TRINITY_DN1372_c0_g1	map00650
TRINITY_DN14021_c1_g1	map00650
TRINITY_DN14573_c0_g1	map00650
TRINITY_DN1474_c0_g1	map00650
TRINITY_DN14818_c0_g1	map00650
TRINITY_DN15909_c0_g1	map00650
TRINITY_DN17790_c0_g1	map00650
TRINITY_DN1915_c0_g1	map00650
TRINITY_DN2150_c0_g1	map00650
TRINITY_DN3331_c0_g1	map00650
TRINITY_DN3356_c0_g1	map00650
TRINITY_DN3494_c0_g1	map00650
TRINITY_DN39_c0_g1	map00650
TRINITY_DN4862_c0_g1	map00650
TRINITY_DN5087_c0_g1	map00650
TRINITY_DN5135_c0_g1	map00650
TRINITY_DN5237_c0_g1	map00650
TRINITY_DN5422_c0_g1	map00650
TRINITY_DN80_c0_g1	map00650
TRINITY_DN8802_c0_g1	map00650
TRINITY_DN8903_c0_g1	map00650
TRINITY_DN9198_c0_g1	map00650
TRINITY_DN14021_c1_g1	map00660
TRINITY_DN14818_c0_g1	map00660
TRINITY_DN1538_c0_g1	map00660
TRINITY_DN17811_c0_g1	map00660
TRINITY_DN5135_c0_g1	map00660
TRINITY_DN10558_c0_g1	map00670
TRINITY_DN12501_c0_g1	map00670
TRINITY_DN14718_c0_g1	map00670
TRINITY_DN168_c0_g1	map00670
TRINITY_DN17929_c0_g1	map00670
TRINITY_DN1855_c0_g1	map00670
TRINITY_DN1860_c0_g1	map00670
TRINITY_DN1985_c0_g1	map00670
TRINITY_DN2101_c0_g1	map00670
TRINITY_DN2279_c0_g1	map00670
TRINITY_DN2952_c0_g1	map00670
TRINITY_DN3046_c0_g1	map00670
TRINITY_DN3382_c0_g1	map00670
TRINITY_DN398_c1_g1	map00670
TRINITY_DN435_c0_g1	map00670
TRINITY_DN4952_c0_g1	map00670
TRINITY_DN8810_c0_g1	map00670
TRINITY_DN0_c0_g1	map00680
TRINITY_DN10558_c0_g1	map00680
TRINITY_DN11053_c0_g1	map00680
TRINITY_DN127_c0_g1	map00680
TRINITY_DN1296_c0_g1	map00680
TRINITY_DN14260_c0_g1	map00680
TRINITY_DN17929_c0_g1	map00680
TRINITY_DN18073_c0_g1	map00680
TRINITY_DN1972_c0_g1	map00680
TRINITY_DN227_c0_g1	map00680
TRINITY_DN2487_c0_g1	map00680
TRINITY_DN2555_c0_g1	map00680
TRINITY_DN2952_c0_g1	map00680
TRINITY_DN3046_c0_g1	map00680
TRINITY_DN305_c0_g1	map00680
TRINITY_DN3600_c0_g1	map00680
TRINITY_DN3984_c0_g1	map00680
TRINITY_DN4024_c0_g1	map00680
TRINITY_DN4181_c0_g1	map00680
TRINITY_DN4767_c0_g1	map00680
TRINITY_DN5791_c0_g1	map00680
TRINITY_DN6645_c0_g1	map00680
TRINITY_DN674_c0_g1	map00680
TRINITY_DN693_c0_g1	map00680
TRINITY_DN9084_c0_g1	map00680
TRINITY_DN982_c0_g1	map00680
TRINITY_DN1001_c0_g1	map00710
TRINITY_DN10822_c0_g1	map00710
TRINITY_DN10865_c0_g1	map00710
TRINITY_DN137_c0_g1	map00710
TRINITY_DN1685_c0_g1	map00710
TRINITY_DN1720_c0_g1	map00710
TRINITY_DN1804_c0_g1	map00710
TRINITY_DN1989_c0_g1	map00710
TRINITY_DN227_c0_g1	map00710
TRINITY_DN2413_c0_g1	map00710
TRINITY_DN2420_c0_g1	map00710
TRINITY_DN3079_c0_g1	map00710
TRINITY_DN329_c0_g1	map00710
TRINITY_DN3309_c0_g1	map00710
TRINITY_DN3470_c0_g1	map00710
TRINITY_DN4186_c0_g1	map00710
TRINITY_DN4484_c0_g1	map00710
TRINITY_DN465_c0_g1	map00710
TRINITY_DN664_c0_g1	map00710
TRINITY_DN6741_c1_g1	map00710
TRINITY_DN674_c0_g1	map00710
TRINITY_DN99_c0_g1	map00710
TRINITY_DN1110_c0_g1	map00720
TRINITY_DN1474_c0_g1	map00720
TRINITY_DN1577_c0_g1	map00720
TRINITY_DN168_c0_g1	map00720
TRINITY_DN1915_c0_g1	map00720
TRINITY_DN1972_c0_g1	map00720
TRINITY_DN3050_c0_g1	map00720
TRINITY_DN4024_c0_g1	map00720
TRINITY_DN4550_c0_g1	map00720
TRINITY_DN4952_c0_g1	map00720
TRINITY_DN6645_c0_g1	map00720
TRINITY_DN855_c0_g1	map00720
TRINITY_DN8817_c0_g1	map00720
TRINITY_DN8_c0_g1	map00720
TRINITY_DN9198_c0_g1	map00720
TRINITY_DN968_c0_g1	map00720
TRINITY_DN10661_c0_g1	map00730
TRINITY_DN1067_c0_g1	map00730
TRINITY_DN1107_c0_g1	map00730
TRINITY_DN12340_c0_g1	map00730
TRINITY_DN1438_c0_g1	map00730
TRINITY_DN1638_c0_g1	map00730
TRINITY_DN1688_c0_g1	map00730
TRINITY_DN18163_c0_g1	map00730
TRINITY_DN2466_c0_g1	map00730
TRINITY_DN3620_c0_g1	map00730
TRINITY_DN3659_c0_g1	map00730
TRINITY_DN3692_c0_g1	map00730
TRINITY_DN4757_c0_g1	map00730
TRINITY_DN4911_c0_g1	map00730
TRINITY_DN6420_c0_g1	map00730
TRINITY_DN9151_c0_g1	map00730
TRINITY_DN971_c0_g1	map00730
TRINITY_DN1060_c0_g1	map00740
TRINITY_DN12282_c0_g1	map00740
TRINITY_DN12340_c0_g1	map00740
TRINITY_DN12600_c0_g1	map00740
TRINITY_DN1550_c0_g1	map00740
TRINITY_DN1638_c0_g1	map00740
TRINITY_DN18163_c0_g1	map00740
TRINITY_DN1840_c0_g1	map00740
TRINITY_DN2558_c0_g1	map00740
TRINITY_DN2569_c0_g1	map00740
TRINITY_DN3620_c0_g1	map00740
TRINITY_DN4006_c0_g1	map00740
TRINITY_DN4757_c0_g1	map00740
TRINITY_DN9151_c0_g1	map00740
TRINITY_DN1031_c0_g1	map00750
TRINITY_DN1032_c0_g1	map00750
TRINITY_DN144_c0_g1	map00750
TRINITY_DN1966_c0_g1	map00750
TRINITY_DN2075_c0_g1	map00750
TRINITY_DN2487_c0_g1	map00750
TRINITY_DN2826_c0_g1	map00750
TRINITY_DN4989_c0_g1	map00750
TRINITY_DN10662_c0_g1	map00760
TRINITY_DN1182_c0_g1	map00760
TRINITY_DN1198_c0_g1	map00760
TRINITY_DN12312_c0_g1	map00760
TRINITY_DN15909_c0_g1	map00760
TRINITY_DN1657_c0_g1	map00760
TRINITY_DN1660_c0_g1	map00760
TRINITY_DN1746_c0_g1	map00760
TRINITY_DN2388_c0_g1	map00760
TRINITY_DN2521_c0_g1	map00760
TRINITY_DN2681_c0_g1	map00760
TRINITY_DN296_c0_g1	map00760
TRINITY_DN3154_c0_g1	map00760
TRINITY_DN3331_c0_g1	map00760
TRINITY_DN343_c0_g1	map00760
TRINITY_DN3481_c0_g1	map00760
TRINITY_DN3982_c0_g1	map00760
TRINITY_DN4660_c0_g1	map00760
TRINITY_DN4842_c0_g1	map00760
TRINITY_DN4867_c0_g1	map00760
TRINITY_DN4893_c0_g1	map00760
TRINITY_DN5237_c0_g1	map00760
TRINITY_DN5379_c0_g1	map00760
TRINITY_DN6353_c0_g1	map00760
TRINITY_DN8840_c0_g1	map00760
TRINITY_DN933_c0_g1	map00760
TRINITY_DN987_c0_g1	map00760
TRINITY_DN1291_c0_g1	map00770
TRINITY_DN14021_c1_g1	map00770
TRINITY_DN14394_c0_g1	map00770
TRINITY_DN14818_c0_g1	map00770
TRINITY_DN1507_c0_g1	map00770
TRINITY_DN15126_c0_g1	map00770
TRINITY_DN1538_c0_g4	map00770
TRINITY_DN15989_c0_g1	map00770
TRINITY_DN16377_c0_g1	map00770
TRINITY_DN1684_c0_g1	map00770
TRINITY_DN1903_c0_g1	map00770
TRINITY_DN1984_c0_g1	map00770
TRINITY_DN2242_c0_g1	map00770
TRINITY_DN2243_c0_g1	map00770
TRINITY_DN2265_c0_g1	map00770
TRINITY_DN3011_c0_g1	map00770
TRINITY_DN376_c0_g1	map00770
TRINITY_DN3828_c0_g1	map00770
TRINITY_DN3907_c0_g1	map00770
TRINITY_DN4250_c0_g1	map00770
TRINITY_DN4850_c0_g1	map00770
TRINITY_DN5135_c0_g1	map00770
TRINITY_DN552_c0_g1	map00770
TRINITY_DN582_c1_g1	map00770
TRINITY_DN6977_c0_g1	map00770
TRINITY_DN7266_c0_g1	map00770
TRINITY_DN8801_c0_g1	map00770
TRINITY_DN988_c0_g1	map00770
TRINITY_DN12480_c0_g1	map00780
TRINITY_DN2243_c0_g1	map00780
TRINITY_DN2279_c0_g1	map00780
TRINITY_DN2371_c0_g1	map00780
TRINITY_DN2572_c0_g1	map00780
TRINITY_DN2900_c0_g1	map00780
TRINITY_DN3114_c0_g1	map00780
TRINITY_DN3477_c0_g1	map00780
TRINITY_DN651_c0_g1	map00780
TRINITY_DN65_c0_g1	map00780
TRINITY_DN694_c0_g1	map00780
TRINITY_DN917_c0_g1	map00780
TRINITY_DN12357_c0_g1	map00785
TRINITY_DN3923_c0_g1	map00785
TRINITY_DN757_c0_g1	map00785
TRINITY_DN116_c0_g1	map00790
TRINITY_DN1191_c0_g1	map00790
TRINITY_DN1235_c0_g1	map00790
TRINITY_DN1300_c0_g1	map00790
TRINITY_DN14076_c0_g1	map00790
TRINITY_DN1550_c0_g1	map00790
TRINITY_DN15837_c0_g1	map00790
TRINITY_DN1855_c0_g1	map00790
TRINITY_DN2082_c1_g1	map00790
TRINITY_DN2138_c0_g1	map00790
TRINITY_DN2238_c0_g1	map00790
TRINITY_DN2279_c0_g1	map00790
TRINITY_DN2725_c0_g1	map00790
TRINITY_DN300_c0_g1	map00790
TRINITY_DN3692_c0_g1	map00790
TRINITY_DN3696_c0_g1	map00790
TRINITY_DN3741_c0_g1	map00790
TRINITY_DN4392_c0_g1	map00790
TRINITY_DN467_c0_g1	map00790
TRINITY_DN872_c0_g1	map00790
TRINITY_DN8809_c0_g1	map00790
TRINITY_DN9043_c0_g1	map00790
TRINITY_DN12668_c0_g1	map00791
TRINITY_DN16720_c0_g1	map00791
TRINITY_DN2609_c0_g1	map00791
TRINITY_DN2660_c0_g1	map00791
TRINITY_DN4650_c0_g1	map00791
TRINITY_DN10097_c0_g1	map00830
TRINITY_DN12599_c0_g1	map00830
TRINITY_DN14373_c0_g1	map00830
TRINITY_DN14_c1_g1	map00830
TRINITY_DN17123_c0_g1	map00830
TRINITY_DN17985_c0_g1	map00830
TRINITY_DN18724_c0_g1	map00830
TRINITY_DN2770_c0_g1	map00830
TRINITY_DN2931_c0_g1	map00830
TRINITY_DN305_c0_g1	map00830
TRINITY_DN3512_c0_g1	map00830
TRINITY_DN4009_c0_g1	map00830
TRINITY_DN4287_c0_g1	map00830
TRINITY_DN4632_c0_g1	map00830
TRINITY_DN5163_c0_g1	map00830
TRINITY_DN10530_c0_g1	map00860
TRINITY_DN12599_c0_g1	map00860
TRINITY_DN14060_c0_g1	map00860
TRINITY_DN1643_c0_g1	map00860
TRINITY_DN2543_c0_g1	map00860
TRINITY_DN3095_c0_g1	map00860
TRINITY_DN3108_c0_g1	map00860
TRINITY_DN3261_c0_g1	map00860
TRINITY_DN3320_c0_g1	map00860
TRINITY_DN3622_c0_g1	map00860
TRINITY_DN3694_c0_g1	map00860
TRINITY_DN3762_c0_g1	map00860
TRINITY_DN3985_c0_g1	map00860
TRINITY_DN4003_c0_g1	map00860
TRINITY_DN4720_c0_g1	map00860
TRINITY_DN4795_c0_g1	map00860
TRINITY_DN4937_c0_g1	map00860
TRINITY_DN6760_c0_g1	map00860
TRINITY_DN890_c0_g1	map00860
TRINITY_DN925_c0_g1	map00860
TRINITY_DN967_c0_g1	map00860
TRINITY_DN11136_c0_g1	map00900
TRINITY_DN1182_c0_g1	map00900
TRINITY_DN1197_c0_g1	map00900
TRINITY_DN12643_c0_g1	map00900
TRINITY_DN1373_c0_g1	map00900
TRINITY_DN14477_c0_g1	map00900
TRINITY_DN1452_c0_g1	map00900
TRINITY_DN1474_c0_g1	map00900
TRINITY_DN1566_c0_g1	map00900
TRINITY_DN17166_c0_g1	map00900
TRINITY_DN1915_c0_g1	map00900
TRINITY_DN213_c0_g1	map00900
TRINITY_DN2924_c0_g1	map00900
TRINITY_DN3262_c0_g1	map00900
TRINITY_DN3512_c0_g1	map00900
TRINITY_DN357_c0_g1	map00900
TRINITY_DN3818_c0_g1	map00900
TRINITY_DN3835_c0_g1	map00900
TRINITY_DN4288_c0_g1	map00900
TRINITY_DN4819_c0_g1	map00900
TRINITY_DN4953_c0_g1	map00900
TRINITY_DN6353_c0_g1	map00900
TRINITY_DN778_c0_g2	map00900
TRINITY_DN907_c0_g1	map00900
TRINITY_DN9198_c0_g1	map00900
TRINITY_DN4682_c1_g1	map00901
TRINITY_DN10931_c0_g1	map00903
TRINITY_DN1115_c0_g1	map00903
TRINITY_DN13175_c0_g1	map00903
TRINITY_DN1735_c0_g1	map00903
TRINITY_DN17962_c7_g1	map00903
TRINITY_DN2794_c0_g1	map00903
TRINITY_DN2809_c1_g1	map00903
TRINITY_DN4839_c0_g1	map00903
TRINITY_DN4938_c0_g1	map00903
TRINITY_DN4960_c0_g1	map00903
TRINITY_DN5019_c0_g1	map00903
TRINITY_DN13132_c0_g1	map00904
TRINITY_DN8285_c0_g1	map00904
TRINITY_DN16974_c0_g1	map00906
TRINITY_DN17829_c0_g1	map00906
TRINITY_DN4600_c0_g1	map00906
TRINITY_DN4700_c0_g1	map00906
TRINITY_DN5019_c0_g1	map00906
TRINITY_DN7327_c0_g1	map00906
TRINITY_DN2472_c0_g1	map00908
TRINITY_DN14158_c0_g1	map00909
TRINITY_DN14212_c0_g1	map00909
TRINITY_DN3828_c0_g1	map00909
TRINITY_DN988_c0_g1	map00909
TRINITY_DN11120_c0_g1	map00910
TRINITY_DN13118_c0_g1	map00910
TRINITY_DN14068_c0_g1	map00910
TRINITY_DN14764_c0_g1	map00910
TRINITY_DN1860_c0_g1	map00910
TRINITY_DN1870_c0_g1	map00910
TRINITY_DN1963_c0_g1	map00910
TRINITY_DN1992_c0_g1	map00910
TRINITY_DN2033_c0_g1	map00910
TRINITY_DN2615_c0_g1	map00910
TRINITY_DN3445_c0_g1	map00910
TRINITY_DN347_c0_g1	map00910
TRINITY_DN393_c0_g1	map00910
TRINITY_DN4069_c0_g1	map00910
TRINITY_DN4076_c0_g1	map00910
TRINITY_DN4949_c0_g1	map00910
TRINITY_DN5321_c1_g1	map00910
TRINITY_DN539_c0_g1	map00910
TRINITY_DN6967_c0_g1	map00910
TRINITY_DN75_c1_g1	map00910
TRINITY_DN7975_c0_g1	map00910
TRINITY_DN8995_c0_g1	map00910
TRINITY_DN965_c0_g1	map00910
TRINITY_DN11105_c0_g1	map00920
TRINITY_DN1113_c0_g1	map00920
TRINITY_DN12746_c0_g1	map00920
TRINITY_DN14088_c0_g1	map00920
TRINITY_DN15110_c0_g1	map00920
TRINITY_DN15127_c0_g1	map00920
TRINITY_DN15954_c0_g1	map00920
TRINITY_DN159_c0_g1	map00920
TRINITY_DN16043_c0_g1	map00920
TRINITY_DN1726_c0_g1	map00920
TRINITY_DN2392_c0_g1	map00920
TRINITY_DN2666_c0_g1	map00920
TRINITY_DN2897_c0_g1	map00920
TRINITY_DN313_c0_g1	map00920
TRINITY_DN3792_c0_g1	map00920
TRINITY_DN3816_c0_g1	map00920
TRINITY_DN3997_c0_g1	map00920
TRINITY_DN448_c0_g1	map00920
TRINITY_DN4654_c0_g1	map00920
TRINITY_DN4949_c0_g1	map00920
TRINITY_DN5239_c0_g1	map00920
TRINITY_DN5398_c0_g1	map00920
TRINITY_DN5617_c0_g1	map00920
TRINITY_DN7920_c0_g1	map00920
TRINITY_DN83_c0_g1	map00920
TRINITY_DN12712_c0_g1	map00930
TRINITY_DN14873_c0_g1	map00930
TRINITY_DN15980_c0_g1	map00930
TRINITY_DN16298_c0_g1	map00930
TRINITY_DN17854_c0_g1	map00930
TRINITY_DN3356_c0_g1	map00930
TRINITY_DN3391_c0_g1	map00930
TRINITY_DN3804_c0_g1	map00930
TRINITY_DN402_c0_g1	map00930
TRINITY_DN4380_c0_g1	map00930
TRINITY_DN8765_c0_g1	map00930
TRINITY_DN8903_c0_g1	map00930
TRINITY_DN1007_c0_g1	map00940
TRINITY_DN10644_c0_g1	map00940
TRINITY_DN10904_c0_g1	map00940
TRINITY_DN11401_c0_g1	map00940
TRINITY_DN12464_c0_g1	map00940
TRINITY_DN12644_c0_g1	map00940
TRINITY_DN1264_c0_g1	map00940
TRINITY_DN13255_c0_g1	map00940
TRINITY_DN14116_c1_g1	map00940
TRINITY_DN14253_c0_g1	map00940
TRINITY_DN14659_c0_g1	map00940
TRINITY_DN1482_c0_g1	map00940
TRINITY_DN15612_c0_g1	map00940
TRINITY_DN15920_c0_g1	map00940
TRINITY_DN16428_c0_g1	map00940
TRINITY_DN16557_c0_g1	map00940
TRINITY_DN16804_c0_g1	map00940
TRINITY_DN17497_c0_g1	map00940
TRINITY_DN17628_c0_g1	map00940
TRINITY_DN17961_c0_g1	map00940
TRINITY_DN18583_c0_g1	map00940
TRINITY_DN2435_c0_g1	map00940
TRINITY_DN2554_c0_g1	map00940
TRINITY_DN2690_c0_g1	map00940
TRINITY_DN3233_c0_g1	map00940
TRINITY_DN3779_c0_g1	map00940
TRINITY_DN4684_c0_g1	map00940
TRINITY_DN5016_c0_g1	map00940
TRINITY_DN5980_c0_g1	map00940
TRINITY_DN683_c0_g1	map00940
TRINITY_DN7957_c0_g1	map00940
TRINITY_DN884_c0_g1	map00940
TRINITY_DN9035_c0_g1	map00940
TRINITY_DN9309_c0_g1	map00940
TRINITY_DN9518_c0_g1	map00940
TRINITY_DN16428_c0_g1	map00941
TRINITY_DN9035_c0_g1	map00941
TRINITY_DN16428_c0_g1	map00945
TRINITY_DN9035_c0_g1	map00945
TRINITY_DN1004_c0_g1	map00950
TRINITY_DN10432_c0_g1	map00950
TRINITY_DN10822_c0_g1	map00950
TRINITY_DN10865_c0_g1	map00950
TRINITY_DN13307_c0_g1	map00950
TRINITY_DN14216_c0_g1	map00950
TRINITY_DN14263_c0_g1	map00950
TRINITY_DN14499_c0_g1	map00950
TRINITY_DN14902_c0_g1	map00950
TRINITY_DN16144_c0_g1	map00950
TRINITY_DN16190_c0_g1	map00950
TRINITY_DN1676_c0_g1	map00950
TRINITY_DN17106_c0_g1	map00950
TRINITY_DN17664_c0_g1	map00950
TRINITY_DN18022_c0_g1	map00950
TRINITY_DN1804_c0_g1	map00950
TRINITY_DN1830_c0_g1	map00950
TRINITY_DN18444_c0_g1	map00950
TRINITY_DN19050_c0_g1	map00950
TRINITY_DN4186_c0_g1	map00950
TRINITY_DN4360_c0_g1	map00950
TRINITY_DN4484_c0_g1	map00950
TRINITY_DN4682_c1_g1	map00950
TRINITY_DN4916_c0_g1	map00950
TRINITY_DN580_c0_g1	map00950
TRINITY_DN7509_c0_g1	map00950
TRINITY_DN8248_c0_g1	map00950
TRINITY_DN8833_c0_g1	map00950
TRINITY_DN9126_c0_g1	map00950
TRINITY_DN99_c0_g1	map00950
TRINITY_DN10822_c0_g1	map00960
TRINITY_DN10865_c0_g1	map00960
TRINITY_DN14216_c0_g1	map00960
TRINITY_DN14263_c0_g1	map00960
TRINITY_DN14499_c0_g1	map00960
TRINITY_DN1676_c0_g1	map00960
TRINITY_DN1804_c0_g1	map00960
TRINITY_DN2759_c0_g1	map00960
TRINITY_DN4186_c0_g1	map00960
TRINITY_DN4360_c0_g1	map00960
TRINITY_DN4484_c0_g1	map00960
TRINITY_DN580_c0_g1	map00960
TRINITY_DN8833_c0_g1	map00960
TRINITY_DN9126_c0_g1	map00960
TRINITY_DN99_c0_g1	map00960
TRINITY_DN1004_c0_g1	map00965
TRINITY_DN10432_c0_g1	map00965
TRINITY_DN1166_c0_g1	map00965
TRINITY_DN13307_c0_g1	map00965
TRINITY_DN14902_c0_g1	map00965
TRINITY_DN16144_c0_g1	map00965
TRINITY_DN16190_c0_g1	map00965
TRINITY_DN17106_c0_g1	map00965
TRINITY_DN17664_c0_g1	map00965
TRINITY_DN18022_c0_g1	map00965
TRINITY_DN18444_c0_g1	map00965
TRINITY_DN19050_c0_g1	map00965
TRINITY_DN2384_c0_g1	map00965
TRINITY_DN4682_c1_g1	map00965
TRINITY_DN4916_c0_g1	map00965
TRINITY_DN7509_c0_g1	map00965
TRINITY_DN8248_c0_g1	map00965
TRINITY_DN10696_c0_g1	map00970
TRINITY_DN11037_c0_g1	map00970
TRINITY_DN1185_c0_g1	map00970
TRINITY_DN12271_c0_g1	map00970
TRINITY_DN12272_c0_g1	map00970
TRINITY_DN12683_c0_g1	map00970
TRINITY_DN1376_c0_g1	map00970
TRINITY_DN1398_c0_g1	map00970
TRINITY_DN1500_c0_g1	map00970
TRINITY_DN1561_c0_g1	map00970
TRINITY_DN1809_c0_g1	map00970
TRINITY_DN186_c0_g1	map00970
TRINITY_DN1941_c0_g1	map00970
TRINITY_DN1981_c0_g1	map00970
TRINITY_DN1993_c0_g1	map00970
TRINITY_DN2022_c0_g1	map00970
TRINITY_DN212_c0_g1	map00970
TRINITY_DN2147_c0_g2	map00970
TRINITY_DN2226_c0_g1	map00970
TRINITY_DN2331_c0_g1	map00970
TRINITY_DN2373_c0_g1	map00970
TRINITY_DN2534_c0_g1	map00970
TRINITY_DN2858_c0_g1	map00970
TRINITY_DN3010_c0_g1	map00970
TRINITY_DN3427_c0_g1	map00970
TRINITY_DN3603_c0_g1	map00970
TRINITY_DN3658_c0_g1	map00970
TRINITY_DN3694_c0_g1	map00970
TRINITY_DN3751_c0_g1	map00970
TRINITY_DN3948_c0_g1	map00970
TRINITY_DN3985_c0_g1	map00970
TRINITY_DN398_c1_g1	map00970
TRINITY_DN4003_c0_g1	map00970
TRINITY_DN4389_c0_g1	map00970
TRINITY_DN438_c0_g1	map00970
TRINITY_DN4959_c0_g1	map00970
TRINITY_DN543_c0_g1	map00970
TRINITY_DN574_c0_g1	map00970
TRINITY_DN672_c0_g1	map00970
TRINITY_DN8818_c0_g1	map00970
TRINITY_DN8879_c1_g1	map00970
TRINITY_DN8962_c0_g1	map00970
TRINITY_DN906_c0_g1	map00970
TRINITY_DN10097_c0_g1	map00980
TRINITY_DN10809_c0_g1	map00980
TRINITY_DN10931_c0_g1	map00980
TRINITY_DN1115_c0_g1	map00980
TRINITY_DN11934_c0_g1	map00980
TRINITY_DN12516_c0_g1	map00980
TRINITY_DN12527_c0_g1	map00980
TRINITY_DN12815_c0_g1	map00980
TRINITY_DN1372_c0_g1	map00980
TRINITY_DN1400_c0_g1	map00980
TRINITY_DN14373_c0_g1	map00980
TRINITY_DN14_c1_g1	map00980
TRINITY_DN15161_c0_g1	map00980
TRINITY_DN1572_c0_g1	map00980
TRINITY_DN1607_c0_g1	map00980
TRINITY_DN16209_c0_g1	map00980
TRINITY_DN1735_c0_g1	map00980
TRINITY_DN1736_c0_g1	map00980
TRINITY_DN17962_c7_g1	map00980
TRINITY_DN17985_c0_g1	map00980
TRINITY_DN1841_c0_g3	map00980
TRINITY_DN268_c0_g1	map00980
TRINITY_DN2770_c0_g1	map00980
TRINITY_DN2809_c1_g1	map00980
TRINITY_DN2931_c0_g1	map00980
TRINITY_DN305_c0_g1	map00980
TRINITY_DN3625_c0_g1	map00980
TRINITY_DN4001_c0_g1	map00980
TRINITY_DN4009_c0_g1	map00980
TRINITY_DN405_c0_g1	map00980
TRINITY_DN4287_c0_g1	map00980
TRINITY_DN4632_c0_g1	map00980
TRINITY_DN4802_c0_g1	map00980
TRINITY_DN4938_c0_g1	map00980
TRINITY_DN4991_c0_g1	map00980
TRINITY_DN5019_c0_g1	map00980
TRINITY_DN5163_c0_g1	map00980
TRINITY_DN5725_c0_g1	map00980
TRINITY_DN588_c0_g1	map00980
TRINITY_DN5915_c0_g1	map00980
TRINITY_DN6133_c0_g1	map00980
TRINITY_DN6589_c0_g1	map00980
TRINITY_DN677_c0_g1	map00980
TRINITY_DN9185_c0_g1	map00980
TRINITY_DN9440_c0_g1	map00980
TRINITY_DN973_c0_g1	map00980
TRINITY_DN10931_c0_g1	map00981
TRINITY_DN1115_c0_g1	map00981
TRINITY_DN13175_c0_g1	map00981
TRINITY_DN1735_c0_g1	map00981
TRINITY_DN17962_c7_g1	map00981
TRINITY_DN2794_c0_g1	map00981
TRINITY_DN2809_c1_g1	map00981
TRINITY_DN4839_c0_g1	map00981
TRINITY_DN4938_c0_g1	map00981
TRINITY_DN4960_c0_g1	map00981
TRINITY_DN5019_c0_g1	map00981
TRINITY_DN10097_c0_g1	map00982
TRINITY_DN10931_c0_g1	map00982
TRINITY_DN1115_c0_g1	map00982
TRINITY_DN12516_c0_g1	map00982
TRINITY_DN1372_c0_g1	map00982
TRINITY_DN1400_c0_g1	map00982
TRINITY_DN14373_c0_g1	map00982
TRINITY_DN14_c1_g1	map00982
TRINITY_DN15161_c0_g1	map00982
TRINITY_DN1607_c0_g1	map00982
TRINITY_DN1735_c0_g1	map00982
TRINITY_DN1736_c0_g1	map00982
TRINITY_DN17962_c7_g1	map00982
TRINITY_DN17985_c0_g1	map00982
TRINITY_DN1830_c0_g1	map00982
TRINITY_DN1841_c0_g3	map00982
TRINITY_DN268_c0_g1	map00982
TRINITY_DN2735_c0_g1	map00982
TRINITY_DN2770_c0_g1	map00982
TRINITY_DN2809_c1_g1	map00982
TRINITY_DN2931_c0_g1	map00982
TRINITY_DN305_c0_g1	map00982
TRINITY_DN3223_c0_g1	map00982
TRINITY_DN3625_c0_g1	map00982
TRINITY_DN3726_c0_g1	map00982
TRINITY_DN4009_c0_g1	map00982
TRINITY_DN405_c0_g1	map00982
TRINITY_DN4287_c0_g1	map00982
TRINITY_DN4632_c0_g1	map00982
TRINITY_DN4802_c0_g1	map00982
TRINITY_DN4938_c0_g1	map00982
TRINITY_DN5019_c0_g1	map00982
TRINITY_DN5163_c0_g1	map00982
TRINITY_DN5725_c0_g1	map00982
TRINITY_DN588_c0_g1	map00982
TRINITY_DN5915_c0_g1	map00982
TRINITY_DN9185_c0_g1	map00982
TRINITY_DN9440_c0_g1	map00982
TRINITY_DN973_c0_g1	map00982
TRINITY_DN1007_c0_g1	map00983
TRINITY_DN1204_c0_g1	map00983
TRINITY_DN12516_c0_g1	map00983
TRINITY_DN1372_c0_g1	map00983
TRINITY_DN14008_c0_g1	map00983
TRINITY_DN1400_c0_g1	map00983
TRINITY_DN14116_c1_g1	map00983
TRINITY_DN1430_c0_g1	map00983
TRINITY_DN15161_c0_g1	map00983
TRINITY_DN1538_c0_g4	map00983
TRINITY_DN1607_c0_g1	map00983
TRINITY_DN1622_c0_g1	map00983
TRINITY_DN1736_c0_g1	map00983
TRINITY_DN17821_c0_g1	map00983
TRINITY_DN1841_c0_g3	map00983
TRINITY_DN2075_c0_g1	map00983
TRINITY_DN2275_c0_g1	map00983
TRINITY_DN268_c0_g1	map00983
TRINITY_DN3011_c0_g1	map00983
TRINITY_DN345_c0_g2	map00983
TRINITY_DN3625_c0_g1	map00983
TRINITY_DN3914_c0_g1	map00983
TRINITY_DN405_c0_g1	map00983
TRINITY_DN4077_c0_g1	map00983
TRINITY_DN422_c0_g1	map00983
TRINITY_DN4373_c0_g1	map00983
TRINITY_DN4802_c0_g1	map00983
TRINITY_DN5134_c0_g1	map00983
TRINITY_DN525_c0_g1	map00983
TRINITY_DN5725_c0_g1	map00983
TRINITY_DN588_c0_g1	map00983
TRINITY_DN5915_c0_g1	map00983
TRINITY_DN7625_c0_g1	map00983
TRINITY_DN9064_c0_g1	map00983
TRINITY_DN9185_c0_g1	map00983
TRINITY_DN9440_c0_g1	map00983
TRINITY_DN973_c0_g1	map00983
TRINITY_DN11021_c0_g1	map01040
TRINITY_DN1192_c0_g1	map01040
TRINITY_DN1216_c0_g1	map01040
TRINITY_DN12480_c0_g1	map01040
TRINITY_DN12491_c0_g1	map01040
TRINITY_DN14133_c0_g1	map01040
TRINITY_DN14166_c0_g1	map01040
TRINITY_DN16252_c0_g1	map01040
TRINITY_DN2128_c0_g1	map01040
TRINITY_DN2371_c0_g1	map01040
TRINITY_DN2378_c0_g1	map01040
TRINITY_DN243_c0_g1	map01040
TRINITY_DN2631_c0_g1	map01040
TRINITY_DN2839_c0_g1	map01040
TRINITY_DN3477_c0_g1	map01040
TRINITY_DN6487_c0_g1	map01040
TRINITY_DN651_c0_g1	map01040
TRINITY_DN694_c0_g1	map01040
TRINITY_DN784_c0_g1	map01040
TRINITY_DN8377_c0_g1	map01040
TRINITY_DN8378_c0_g1	map01040
TRINITY_DN3079_c0_g1	map01051
TRINITY_DN1825_c0_g1	map01055
TRINITY_DN0_c0_g1	map01100
TRINITY_DN1001_c0_g1	map01100
TRINITY_DN1004_c0_g1	map01100
TRINITY_DN1005_c0_g1	map01100
TRINITY_DN1007_c0_g1	map01100
TRINITY_DN10097_c0_g1	map01100
TRINITY_DN1024_c0_g1	map01100
TRINITY_DN1026_c0_g1	map01100
TRINITY_DN1029_c2_g1	map01100
TRINITY_DN1032_c0_g1	map01100
TRINITY_DN10432_c0_g1	map01100
TRINITY_DN1045_c0_g1	map01100
TRINITY_DN1050_c0_g1	map01100
TRINITY_DN10526_c0_g1	map01100
TRINITY_DN10530_c0_g1	map01100
TRINITY_DN10534_c0_g1	map01100
TRINITY_DN10541_c0_g1	map01100
TRINITY_DN10558_c0_g1	map01100
TRINITY_DN1057_c0_g1	map01100
TRINITY_DN10593_c0_g1	map01100
TRINITY_DN10605_c0_g1	map01100
TRINITY_DN1060_c0_g1	map01100
TRINITY_DN10641_c0_g1	map01100
TRINITY_DN10644_c0_g1	map01100
TRINITY_DN10646_c1_g1	map01100
TRINITY_DN10661_c0_g1	map01100
TRINITY_DN10662_c0_g1	map01100
TRINITY_DN10667_c0_g1	map01100
TRINITY_DN1067_c0_g1	map01100
TRINITY_DN10690_c0_g1	map01100
TRINITY_DN10696_c0_g1	map01100
TRINITY_DN10720_c0_g1	map01100
TRINITY_DN10771_c0_g1	map01100
TRINITY_DN10822_c0_g1	map01100
TRINITY_DN10839_c0_g1	map01100
TRINITY_DN10843_c0_g1	map01100
TRINITY_DN10855_c0_g1	map01100
TRINITY_DN10865_c0_g1	map01100
TRINITY_DN1086_c0_g1	map01100
TRINITY_DN10887_c0_g1	map01100
TRINITY_DN10901_c0_g1	map01100
TRINITY_DN10904_c0_g1	map01100
TRINITY_DN1092_c0_g1	map01100
TRINITY_DN10931_c0_g1	map01100
TRINITY_DN10977_c0_g1	map01100
TRINITY_DN10987_c0_g1	map01100
TRINITY_DN1100_c0_g1	map01100
TRINITY_DN11021_c0_g1	map01100
TRINITY_DN11053_c0_g1	map01100
TRINITY_DN11058_c0_g1	map01100
TRINITY_DN1107_c0_g1	map01100
TRINITY_DN1110_c0_g1	map01100
TRINITY_DN11113_c0_g1	map01100
TRINITY_DN1111_c0_g1	map01100
TRINITY_DN11136_c0_g1	map01100
TRINITY_DN1113_c0_g1	map01100
TRINITY_DN1115_c0_g1	map01100
TRINITY_DN111_c0_g1	map01100
TRINITY_DN1120_c0_g1	map01100
TRINITY_DN11254_c0_g1	map01100
TRINITY_DN1134_c0_g1	map01100
TRINITY_DN11359_c0_g1	map01100
TRINITY_DN1135_c0_g1	map01100
TRINITY_DN1137_c0_g1	map01100
TRINITY_DN11387_c0_g1	map01100
TRINITY_DN11401_c0_g1	map01100
TRINITY_DN1140_c0_g1	map01100
TRINITY_DN11438_c0_g1	map01100
TRINITY_DN11443_c0_g1	map01100
TRINITY_DN1146_c0_g1	map01100
TRINITY_DN1151_c0_g1	map01100
TRINITY_DN1153_c0_g1	map01100
TRINITY_DN1157_c0_g1	map01100
TRINITY_DN11641_c0_g1	map01100
TRINITY_DN11675_c0_g1	map01100
TRINITY_DN116_c0_g1	map01100
TRINITY_DN1173_c0_g1	map01100
TRINITY_DN1182_c0_g1	map01100
TRINITY_DN1185_c0_g1	map01100
TRINITY_DN1191_c0_g1	map01100
TRINITY_DN1193_c0_g1	map01100
TRINITY_DN1197_c0_g1	map01100
TRINITY_DN1198_c0_g1	map01100
TRINITY_DN1204_c0_g1	map01100
TRINITY_DN121_c0_g1	map01100
TRINITY_DN12257_c0_g1	map01100
TRINITY_DN12264_c0_g1	map01100
TRINITY_DN12265_c0_g1	map01100
TRINITY_DN12267_c0_g1	map01100
TRINITY_DN12271_c0_g1	map01100
TRINITY_DN12282_c0_g1	map01100
TRINITY_DN1228_c0_g1	map01100
TRINITY_DN12292_c0_g1	map01100
TRINITY_DN12312_c0_g1	map01100
TRINITY_DN1232_c0_g1	map01100
TRINITY_DN12340_c0_g1	map01100
TRINITY_DN12357_c0_g1	map01100
TRINITY_DN12361_c0_g1	map01100
TRINITY_DN123_c0_g1	map01100
TRINITY_DN12404_c0_g1	map01100
TRINITY_DN1242_c0_g1	map01100
TRINITY_DN12443_c0_g1	map01100
TRINITY_DN12460_c0_g1	map01100
TRINITY_DN12464_c0_g1	map01100
TRINITY_DN12480_c0_g1	map01100
TRINITY_DN12483_c0_g1	map01100
TRINITY_DN12491_c0_g1	map01100
TRINITY_DN12501_c0_g1	map01100
TRINITY_DN12502_c0_g1	map01100
TRINITY_DN12503_c0_g1	map01100
TRINITY_DN12513_c0_g1	map01100
TRINITY_DN1251_c0_g1	map01100
TRINITY_DN1252_c0_g1	map01100
TRINITY_DN1253_c0_g1	map01100
TRINITY_DN12565_c0_g1	map01100
TRINITY_DN12575_c0_g1	map01100
TRINITY_DN12599_c0_g1	map01100
TRINITY_DN12600_c0_g1	map01100
TRINITY_DN12604_c0_g1	map01100
TRINITY_DN12609_c0_g1	map01100
TRINITY_DN12643_c0_g1	map01100
TRINITY_DN12644_c0_g1	map01100
TRINITY_DN1264_c0_g1	map01100
TRINITY_DN12695_c0_g1	map01100
TRINITY_DN12698_c1_g1	map01100
TRINITY_DN1269_c0_g1	map01100
TRINITY_DN1270_c0_g1	map01100
TRINITY_DN1270_c0_g5	map01100
TRINITY_DN12712_c0_g1	map01100
TRINITY_DN12728_c0_g1	map01100
TRINITY_DN12746_c0_g1	map01100
TRINITY_DN12773_c0_g1	map01100
TRINITY_DN12780_c0_g1	map01100
TRINITY_DN1279_c0_g1	map01100
TRINITY_DN127_c0_g1	map01100
TRINITY_DN1281_c0_g1	map01100
TRINITY_DN1283_c0_g1	map01100
TRINITY_DN1286_c0_g1	map01100
TRINITY_DN12891_c0_g1	map01100
TRINITY_DN12915_c0_g1	map01100
TRINITY_DN1291_c0_g1	map01100
TRINITY_DN12950_c0_g1	map01100
TRINITY_DN12951_c0_g1	map01100
TRINITY_DN1296_c0_g1	map01100
TRINITY_DN1297_c0_g1	map01100
TRINITY_DN12989_c0_g1	map01100
TRINITY_DN1300_c0_g1	map01100
TRINITY_DN1301_c0_g2	map01100
TRINITY_DN13024_c0_g1	map01100
TRINITY_DN13071_c0_g1	map01100
TRINITY_DN1310_c0_g1	map01100
TRINITY_DN13118_c0_g1	map01100
TRINITY_DN13132_c0_g1	map01100
TRINITY_DN1313_c0_g1	map01100
TRINITY_DN1315_c0_g1	map01100
TRINITY_DN1316_c0_g2	map01100
TRINITY_DN13175_c0_g1	map01100
TRINITY_DN13255_c0_g1	map01100
TRINITY_DN13296_c0_g1	map01100
TRINITY_DN1329_c0_g1	map01100
TRINITY_DN13307_c0_g1	map01100
TRINITY_DN13315_c0_g1	map01100
TRINITY_DN133_c0_g1	map01100
TRINITY_DN1340_c0_g1	map01100
TRINITY_DN13462_c0_g1	map01100
TRINITY_DN134_c0_g1	map01100
TRINITY_DN13524_c0_g1	map01100
TRINITY_DN1359_c0_g1	map01100
TRINITY_DN1363_c0_g1	map01100
TRINITY_DN1371_c0_g1	map01100
TRINITY_DN1373_c0_g1	map01100
TRINITY_DN1376_c0_g1	map01100
TRINITY_DN13793_c0_g1	map01100
TRINITY_DN137_c0_g1	map01100
TRINITY_DN1381_c0_g1	map01100
TRINITY_DN1384_c0_g1	map01100
TRINITY_DN1386_c0_g1	map01100
TRINITY_DN1387_c0_g1	map01100
TRINITY_DN14002_c1_g1	map01100
TRINITY_DN14008_c0_g1	map01100
TRINITY_DN1400_c0_g1	map01100
TRINITY_DN14021_c1_g1	map01100
TRINITY_DN1402_c0_g1	map01100
TRINITY_DN14060_c0_g1	map01100
TRINITY_DN14063_c0_g1	map01100
TRINITY_DN1406_c0_g1	map01100
TRINITY_DN14088_c0_g1	map01100
TRINITY_DN14106_c0_g1	map01100
TRINITY_DN14107_c0_g1	map01100
TRINITY_DN14116_c1_g1	map01100
TRINITY_DN14133_c0_g1	map01100
TRINITY_DN1413_c0_g1	map01100
TRINITY_DN14158_c0_g1	map01100
TRINITY_DN14161_c0_g1	map01100
TRINITY_DN14164_c0_g1	map01100
TRINITY_DN14166_c0_g1	map01100
TRINITY_DN14184_c0_g1	map01100
TRINITY_DN14198_c0_g1	map01100
TRINITY_DN141_c0_g1	map01100
TRINITY_DN14212_c0_g1	map01100
TRINITY_DN14216_c0_g1	map01100
TRINITY_DN14217_c0_g1	map01100
TRINITY_DN14253_c0_g1	map01100
TRINITY_DN14260_c0_g1	map01100
TRINITY_DN14263_c0_g1	map01100
TRINITY_DN14282_c0_g1	map01100
TRINITY_DN1430_c0_g1	map01100
TRINITY_DN14324_c0_g1	map01100
TRINITY_DN14329_c0_g1	map01100
TRINITY_DN14362_c0_g1	map01100
TRINITY_DN14373_c0_g1	map01100
TRINITY_DN14374_c0_g1	map01100
TRINITY_DN1438_c0_g1	map01100
TRINITY_DN14394_c0_g1	map01100
TRINITY_DN1444_c0_g1	map01100
TRINITY_DN14455_c0_g1	map01100
TRINITY_DN14475_c0_g1	map01100
TRINITY_DN14477_c0_g1	map01100
TRINITY_DN14484_c0_g1	map01100
TRINITY_DN14499_c0_g1	map01100
TRINITY_DN144_c0_g1	map01100
TRINITY_DN14556_c0_g1	map01100
TRINITY_DN14565_c0_g1	map01100
TRINITY_DN14579_c0_g1	map01100
TRINITY_DN14659_c0_g1	map01100
TRINITY_DN1465_c0_g1	map01100
TRINITY_DN14718_c0_g1	map01100
TRINITY_DN1474_c0_g1	map01100
TRINITY_DN14772_c0_g1	map01100
TRINITY_DN14818_c0_g1	map01100
TRINITY_DN1482_c0_g1	map01100
TRINITY_DN14873_c0_g1	map01100
TRINITY_DN14895_c0_g1	map01100
TRINITY_DN14902_c0_g1	map01100
TRINITY_DN14_c1_g1	map01100
TRINITY_DN1502_c0_g1	map01100
TRINITY_DN15031_c0_g1	map01100
TRINITY_DN1503_c0_g1	map01100
TRINITY_DN1507_c0_g1	map01100
TRINITY_DN15126_c0_g1	map01100
TRINITY_DN1529_c0_g1	map01100
TRINITY_DN1531_c0_g1	map01100
TRINITY_DN15325_c0_g1	map01100
TRINITY_DN1538_c0_g1	map01100
TRINITY_DN1538_c0_g4	map01100
TRINITY_DN153_c0_g1	map01100
TRINITY_DN1543_c0_g1	map01100
TRINITY_DN1550_c0_g1	map01100
TRINITY_DN1559_c0_g1	map01100
TRINITY_DN15612_c0_g1	map01100
TRINITY_DN1564_c0_g1	map01100
TRINITY_DN1566_c0_g1	map01100
TRINITY_DN1567_c0_g1	map01100
TRINITY_DN1574_c0_g1	map01100
TRINITY_DN1577_c0_g1	map01100
TRINITY_DN15783_c0_g1	map01100
TRINITY_DN15788_c0_g1	map01100
TRINITY_DN15791_c0_g1	map01100
TRINITY_DN15799_c2_g1	map01100
TRINITY_DN15809_c0_g1	map01100
TRINITY_DN15837_c0_g1	map01100
TRINITY_DN15838_c0_g1	map01100
TRINITY_DN15847_c0_g1	map01100
TRINITY_DN15871_c0_g1	map01100
TRINITY_DN15874_c0_g1	map01100
TRINITY_DN15894_c0_g1	map01100
TRINITY_DN1589_c0_g1	map01100
TRINITY_DN15909_c0_g1	map01100
TRINITY_DN15920_c0_g1	map01100
TRINITY_DN15954_c0_g1	map01100
TRINITY_DN15955_c0_g1	map01100
TRINITY_DN15967_c0_g1	map01100
TRINITY_DN1597_c0_g1	map01100
TRINITY_DN15980_c0_g1	map01100
TRINITY_DN15989_c0_g1	map01100
TRINITY_DN15996_c0_g1	map01100
TRINITY_DN16010_c0_g1	map01100
TRINITY_DN16040_c0_g1	map01100
TRINITY_DN16043_c0_g1	map01100
TRINITY_DN16047_c0_g1	map01100
TRINITY_DN16058_c0_g1	map01100
TRINITY_DN16075_c0_g1	map01100
TRINITY_DN16085_c0_g1	map01100
TRINITY_DN160_c0_g1	map01100
TRINITY_DN16116_c0_g1	map01100
TRINITY_DN16125_c0_g1	map01100
TRINITY_DN16128_c0_g1	map01100
TRINITY_DN1613_c0_g1	map01100
TRINITY_DN16144_c0_g1	map01100
TRINITY_DN1615_c0_g1	map01100
TRINITY_DN16190_c0_g1	map01100
TRINITY_DN1619_c0_g1	map01100
TRINITY_DN1620_c0_g1	map01100
TRINITY_DN16212_c0_g1	map01100
TRINITY_DN1622_c0_g1	map01100
TRINITY_DN16277_c0_g1	map01100
TRINITY_DN16278_c0_g1	map01100
TRINITY_DN16298_c0_g1	map01100
TRINITY_DN1631_c0_g1	map01100
TRINITY_DN16322_c0_g1	map01100
TRINITY_DN16348_c0_g1	map01100
TRINITY_DN16377_c0_g1	map01100
TRINITY_DN16380_c0_g1	map01100
TRINITY_DN1638_c0_g1	map01100
TRINITY_DN1641_c0_g1	map01100
TRINITY_DN16428_c0_g1	map01100
TRINITY_DN16557_c0_g1	map01100
TRINITY_DN1656_c0_g1	map01100
TRINITY_DN16577_c0_g1	map01100
TRINITY_DN16579_c0_g1	map01100
TRINITY_DN1657_c0_g1	map01100
TRINITY_DN16596_c0_g1	map01100
TRINITY_DN1660_c0_g1	map01100
TRINITY_DN1670_c0_g1	map01100
TRINITY_DN1676_c0_g1	map01100
TRINITY_DN16804_c0_g1	map01100
TRINITY_DN1682_c0_g1	map01100
TRINITY_DN1684_c0_g1	map01100
TRINITY_DN1685_c0_g1	map01100
TRINITY_DN1688_c0_g1	map01100
TRINITY_DN1689_c0_g1	map01100
TRINITY_DN168_c0_g1	map01100
TRINITY_DN1690_c0_g1	map01100
TRINITY_DN16974_c0_g1	map01100
TRINITY_DN1703_c0_g1	map01100
TRINITY_DN17080_c0_g1	map01100
TRINITY_DN1709_c0_g1	map01100
TRINITY_DN17106_c0_g1	map01100
TRINITY_DN17123_c0_g1	map01100
TRINITY_DN17166_c0_g1	map01100
TRINITY_DN1719_c0_g1	map01100
TRINITY_DN1720_c0_g1	map01100
TRINITY_DN1726_c0_g1	map01100
TRINITY_DN1735_c0_g1	map01100
TRINITY_DN173_c0_g1	map01100
TRINITY_DN17497_c0_g1	map01100
TRINITY_DN1756_c0_g1	map01100
TRINITY_DN17611_c0_g1	map01100
TRINITY_DN17628_c0_g1	map01100
TRINITY_DN17644_c0_g1	map01100
TRINITY_DN17653_c0_g1	map01100
TRINITY_DN17664_c0_g1	map01100
TRINITY_DN1766_c0_g1	map01100
TRINITY_DN17692_c0_g1	map01100
TRINITY_DN17749_c0_g1	map01100
TRINITY_DN17790_c0_g1	map01100
TRINITY_DN1780_c0_g1	map01100
TRINITY_DN17811_c0_g1	map01100
TRINITY_DN17821_c0_g1	map01100
TRINITY_DN17822_c0_g1	map01100
TRINITY_DN17823_c0_g1	map01100
TRINITY_DN17829_c0_g1	map01100
TRINITY_DN17854_c0_g1	map01100
TRINITY_DN17860_c0_g1	map01100
TRINITY_DN17878_c0_g1	map01100
TRINITY_DN178_c0_g1	map01100
TRINITY_DN17911_c0_g1	map01100
TRINITY_DN17929_c0_g1	map01100
TRINITY_DN17959_c0_g1	map01100
TRINITY_DN17961_c0_g1	map01100
TRINITY_DN17962_c7_g1	map01100
TRINITY_DN17985_c0_g1	map01100
TRINITY_DN18022_c0_g1	map01100
TRINITY_DN18024_c0_g1	map01100
TRINITY_DN1804_c0_g1	map01100
TRINITY_DN18094_c0_g1	map01100
TRINITY_DN18127_c0_g1	map01100
TRINITY_DN18163_c0_g1	map01100
TRINITY_DN18164_c0_g1	map01100
TRINITY_DN181_c0_g1	map01100
TRINITY_DN18222_c0_g1	map01100
TRINITY_DN18231_c0_g1	map01100
TRINITY_DN1823_c0_g1	map01100
TRINITY_DN18241_c0_g1	map01100
TRINITY_DN1824_c0_g1	map01100
TRINITY_DN18292_c0_g1	map01100
TRINITY_DN1830_c0_g1	map01100
TRINITY_DN1832_c0_g1	map01100
TRINITY_DN18335_c0_g1	map01100
TRINITY_DN1834_c0_g2	map01100
TRINITY_DN18371_c0_g1	map01100
TRINITY_DN183_c0_g1	map01100
TRINITY_DN1840_c0_g1	map01100
TRINITY_DN1841_c0_g2	map01100
TRINITY_DN18444_c0_g1	map01100
TRINITY_DN18445_c0_g1	map01100
TRINITY_DN1854_c0_g1	map01100
TRINITY_DN1855_c0_g1	map01100
TRINITY_DN18583_c0_g1	map01100
TRINITY_DN185_c0_g1	map01100
TRINITY_DN1860_c0_g1	map01100
TRINITY_DN18619_c0_g1	map01100
TRINITY_DN18724_c0_g1	map01100
TRINITY_DN1880_c0_g1	map01100
TRINITY_DN18840_c0_g1	map01100
TRINITY_DN1890_c0_g1	map01100
TRINITY_DN19014_c0_g1	map01100
TRINITY_DN1903_c0_g1	map01100
TRINITY_DN19050_c0_g1	map01100
TRINITY_DN1909_c0_g1	map01100
TRINITY_DN1911_c0_g1	map01100
TRINITY_DN1915_c0_g1	map01100
TRINITY_DN1920_c0_g1	map01100
TRINITY_DN1928_c0_g1	map01100
TRINITY_DN1945_c0_g1	map01100
TRINITY_DN1950_c0_g1	map01100
TRINITY_DN1958_c0_g1	map01100
TRINITY_DN1960_c0_g1	map01100
TRINITY_DN1961_c0_g1	map01100
TRINITY_DN1972_c0_g1	map01100
TRINITY_DN1981_c0_g1	map01100
TRINITY_DN1984_c0_g1	map01100
TRINITY_DN1985_c0_g1	map01100
TRINITY_DN1988_c0_g1	map01100
TRINITY_DN1989_c0_g1	map01100
TRINITY_DN1990_c1_g1	map01100
TRINITY_DN1993_c0_g1	map01100
TRINITY_DN2007_c0_g1	map01100
TRINITY_DN2009_c0_g1	map01100
TRINITY_DN2033_c0_g1	map01100
TRINITY_DN2034_c0_g1	map01100
TRINITY_DN2051_c0_g1	map01100
TRINITY_DN2075_c0_g1	map01100
TRINITY_DN2082_c1_g1	map01100
TRINITY_DN2084_c0_g1	map01100
TRINITY_DN2087_c0_g1	map01100
TRINITY_DN2088_c0_g1	map01100
TRINITY_DN208_c0_g1	map01100
TRINITY_DN2101_c0_g1	map01100
TRINITY_DN2111_c0_g1	map01100
TRINITY_DN2112_c0_g1	map01100
TRINITY_DN2128_c0_g1	map01100
TRINITY_DN2145_c0_g1	map01100
TRINITY_DN2150_c0_g1	map01100
TRINITY_DN2153_c0_g1	map01100
TRINITY_DN2176_c0_g1	map01100
TRINITY_DN2182_c0_g1	map01100
TRINITY_DN2238_c0_g1	map01100
TRINITY_DN2242_c0_g1	map01100
TRINITY_DN2243_c0_g1	map01100
TRINITY_DN2249_c0_g1	map01100
TRINITY_DN2266_c0_g1	map01100
TRINITY_DN2268_c0_g1	map01100
TRINITY_DN2275_c0_g1	map01100
TRINITY_DN2279_c0_g1	map01100
TRINITY_DN227_c0_g1	map01100
TRINITY_DN2290_c0_g1	map01100
TRINITY_DN2299_c0_g1	map01100
TRINITY_DN229_c1_g1	map01100
TRINITY_DN22_c0_g1	map01100
TRINITY_DN2304_c0_g1	map01100
TRINITY_DN2308_c0_g1	map01100
TRINITY_DN2312_c0_g1	map01100
TRINITY_DN2347_c0_g1	map01100
TRINITY_DN2349_c0_g1	map01100
TRINITY_DN2371_c0_g1	map01100
TRINITY_DN2378_c0_g1	map01100
TRINITY_DN2384_c0_g1	map01100
TRINITY_DN2385_c0_g1	map01100
TRINITY_DN2388_c0_g1	map01100
TRINITY_DN2392_c0_g1	map01100
TRINITY_DN2396_c0_g1	map01100
TRINITY_DN23_c0_g1	map01100
TRINITY_DN2403_c0_g1	map01100
TRINITY_DN2412_c0_g1	map01100
TRINITY_DN2413_c0_g1	map01100
TRINITY_DN2420_c0_g1	map01100
TRINITY_DN2428_c0_g1	map01100
TRINITY_DN242_c0_g1	map01100
TRINITY_DN2431_c0_g1	map01100
TRINITY_DN2435_c0_g1	map01100
TRINITY_DN243_c0_g1	map01100
TRINITY_DN2447_c0_g2	map01100
TRINITY_DN2452_c0_g1	map01100
TRINITY_DN2454_c0_g1	map01100
TRINITY_DN2466_c0_g1	map01100
TRINITY_DN2468_c0_g1	map01100
TRINITY_DN2471_c0_g1	map01100
TRINITY_DN2472_c0_g1	map01100
TRINITY_DN2487_c0_g1	map01100
TRINITY_DN248_c0_g1	map01100
TRINITY_DN24_c0_g1	map01100
TRINITY_DN2503_c0_g1	map01100
TRINITY_DN2526_c0_g1	map01100
TRINITY_DN2526_c0_g2	map01100
TRINITY_DN2526_c1_g1	map01100
TRINITY_DN2527_c0_g1	map01100
TRINITY_DN2539_c0_g1	map01100
TRINITY_DN2543_c0_g1	map01100
TRINITY_DN2547_c0_g1	map01100
TRINITY_DN254_c0_g1	map01100
TRINITY_DN2554_c0_g1	map01100
TRINITY_DN2555_c0_g1	map01100
TRINITY_DN2558_c0_g1	map01100
TRINITY_DN2564_c0_g1	map01100
TRINITY_DN2566_c0_g1	map01100
TRINITY_DN2569_c0_g1	map01100
TRINITY_DN2572_c0_g1	map01100
TRINITY_DN2576_c0_g1	map01100
TRINITY_DN25_c0_g1	map01100
TRINITY_DN2606_c0_g1	map01100
TRINITY_DN2609_c0_g1	map01100
TRINITY_DN2616_c0_g1	map01100
TRINITY_DN2622_c0_g1	map01100
TRINITY_DN2630_c0_g1	map01100
TRINITY_DN2655_c0_g1	map01100
TRINITY_DN2660_c0_g1	map01100
TRINITY_DN2666_c0_g1	map01100
TRINITY_DN266_c0_g1	map01100
TRINITY_DN2671_c0_g1	map01100
TRINITY_DN2677_c0_g1	map01100
TRINITY_DN2683_c0_g1	map01100
TRINITY_DN2684_c0_g1	map01100
TRINITY_DN2690_c0_g1	map01100
TRINITY_DN2702_c0_g1	map01100
TRINITY_DN2710_c0_g1	map01100
TRINITY_DN271_c0_g1	map01100
TRINITY_DN2728_c0_g1	map01100
TRINITY_DN2730_c0_g1	map01100
TRINITY_DN2731_c0_g1	map01100
TRINITY_DN2734_c0_g1	map01100
TRINITY_DN2735_c0_g1	map01100
TRINITY_DN2738_c0_g1	map01100
TRINITY_DN2747_c0_g1	map01100
TRINITY_DN2754_c0_g1	map01100
TRINITY_DN2755_c0_g1	map01100
TRINITY_DN2759_c0_g1	map01100
TRINITY_DN2760_c0_g1	map01100
TRINITY_DN2770_c0_g1	map01100
TRINITY_DN2787_c0_g1	map01100
TRINITY_DN2789_c0_g1	map01100
TRINITY_DN2790_c0_g1	map01100
TRINITY_DN2794_c0_g1	map01100
TRINITY_DN2809_c1_g1	map01100
TRINITY_DN2810_c0_g1	map01100
TRINITY_DN2821_c0_g1	map01100
TRINITY_DN2826_c0_g1	map01100
TRINITY_DN2836_c0_g1	map01100
TRINITY_DN2839_c0_g1	map01100
TRINITY_DN2870_c0_g1	map01100
TRINITY_DN2879_c0_g1	map01100
TRINITY_DN2880_c0_g1	map01100
TRINITY_DN2884_c1_g1	map01100
TRINITY_DN2897_c0_g1	map01100
TRINITY_DN2900_c0_g1	map01100
TRINITY_DN2913_c0_g1	map01100
TRINITY_DN2931_c0_g1	map01100
TRINITY_DN2934_c0_g1	map01100
TRINITY_DN2936_c0_g1	map01100
TRINITY_DN2946_c0_g1	map01100
TRINITY_DN2952_c0_g1	map01100
TRINITY_DN2965_c0_g1	map01100
TRINITY_DN296_c0_g1	map01100
TRINITY_DN297_c0_g1	map01100
TRINITY_DN2993_c0_g1	map01100
TRINITY_DN300_c0_g1	map01100
TRINITY_DN3011_c0_g1	map01100
TRINITY_DN3016_c0_g1	map01100
TRINITY_DN3034_c0_g1	map01100
TRINITY_DN3044_c0_g1	map01100
TRINITY_DN3046_c0_g1	map01100
TRINITY_DN3050_c0_g1	map01100
TRINITY_DN3054_c0_g1	map01100
TRINITY_DN305_c0_g1	map01100
TRINITY_DN3062_c0_g1	map01100
TRINITY_DN3070_c0_g1	map01100
TRINITY_DN3075_c0_g1	map01100
TRINITY_DN3079_c0_g1	map01100
TRINITY_DN3093_c0_g1	map01100
TRINITY_DN3094_c0_g1	map01100
TRINITY_DN3095_c0_g1	map01100
TRINITY_DN3101_c0_g1	map01100
TRINITY_DN3108_c0_g1	map01100
TRINITY_DN3110_c0_g1	map01100
TRINITY_DN3111_c0_g1	map01100
TRINITY_DN3114_c0_g1	map01100
TRINITY_DN3116_c0_g1	map01100
TRINITY_DN3118_c0_g1	map01100
TRINITY_DN3125_c0_g1	map01100
TRINITY_DN313_c0_g1	map01100
TRINITY_DN3140_c0_g1	map01100
TRINITY_DN3147_c0_g1	map01100
TRINITY_DN314_c0_g1	map01100
TRINITY_DN3154_c0_g1	map01100
TRINITY_DN3172_c0_g1	map01100
TRINITY_DN320_c0_g1	map01100
TRINITY_DN3212_c0_g1	map01100
TRINITY_DN3214_c0_g1	map01100
TRINITY_DN3233_c0_g1	map01100
TRINITY_DN3236_c0_g1	map01100
TRINITY_DN3240_c0_g1	map01100
TRINITY_DN3261_c0_g1	map01100
TRINITY_DN3266_c0_g1	map01100
TRINITY_DN3289_c0_g1	map01100
TRINITY_DN329_c0_g1	map01100
TRINITY_DN3309_c0_g1	map01100
TRINITY_DN3331_c0_g1	map01100
TRINITY_DN3342_c0_g1	map01100
TRINITY_DN3345_c0_g1	map01100
TRINITY_DN3353_c0_g1	map01100
TRINITY_DN3356_c0_g1	map01100
TRINITY_DN3391_c0_g1	map01100
TRINITY_DN3396_c0_g1	map01100
TRINITY_DN339_c0_g1	map01100
TRINITY_DN3407_c0_g1	map01100
TRINITY_DN3410_c0_g1	map01100
TRINITY_DN3417_c0_g1	map01100
TRINITY_DN3434_c0_g1	map01100
TRINITY_DN3435_c0_g1	map01100
TRINITY_DN3436_c0_g1	map01100
TRINITY_DN343_c0_g1	map01100
TRINITY_DN3450_c0_g1	map01100
TRINITY_DN3456_c0_g1	map01100
TRINITY_DN345_c0_g2	map01100
TRINITY_DN3470_c0_g1	map01100
TRINITY_DN3477_c0_g1	map01100
TRINITY_DN347_c0_g1	map01100
TRINITY_DN3481_c0_g1	map01100
TRINITY_DN3485_c0_g1	map01100
TRINITY_DN3491_c0_g1	map01100
TRINITY_DN34_c0_g1	map01100
TRINITY_DN34_c1_g1	map01100
TRINITY_DN3507_c0_g1	map01100
TRINITY_DN3509_c0_g1	map01100
TRINITY_DN3512_c0_g1	map01100
TRINITY_DN352_c0_g1	map01100
TRINITY_DN3540_c0_g1	map01100
TRINITY_DN3545_c0_g1	map01100
TRINITY_DN3548_c0_g1	map01100
TRINITY_DN3555_c0_g1	map01100
TRINITY_DN3562_c0_g1	map01100
TRINITY_DN3570_c0_g1	map01100
TRINITY_DN3574_c0_g1	map01100
TRINITY_DN3578_c0_g1	map01100
TRINITY_DN3600_c0_g1	map01100
TRINITY_DN3611_c0_g1	map01100
TRINITY_DN3615_c0_g1	map01100
TRINITY_DN361_c0_g1	map01100
TRINITY_DN3620_c0_g1	map01100
TRINITY_DN3622_c0_g1	map01100
TRINITY_DN3623_c0_g1	map01100
TRINITY_DN3624_c0_g1	map01100
TRINITY_DN3625_c0_g1	map01100
TRINITY_DN3631_c0_g1	map01100
TRINITY_DN3640_c0_g1	map01100
TRINITY_DN3652_c0_g1	map01100
TRINITY_DN3657_c0_g1	map01100
TRINITY_DN3659_c0_g1	map01100
TRINITY_DN3665_c0_g1	map01100
TRINITY_DN3692_c0_g1	map01100
TRINITY_DN3694_c0_g1	map01100
TRINITY_DN3696_c0_g1	map01100
TRINITY_DN36_c0_g1	map01100
TRINITY_DN3709_c0_g1	map01100
TRINITY_DN370_c0_g1	map01100
TRINITY_DN3712_c0_g1	map01100
TRINITY_DN3727_c0_g1	map01100
TRINITY_DN3731_c0_g1	map01100
TRINITY_DN3753_c0_g1	map01100
TRINITY_DN3758_c0_g1	map01100
TRINITY_DN3762_c0_g1	map01100
TRINITY_DN376_c0_g1	map01100
TRINITY_DN3779_c0_g1	map01100
TRINITY_DN3792_c0_g1	map01100
TRINITY_DN379_c0_g1	map01100
TRINITY_DN3804_c0_g1	map01100
TRINITY_DN3814_c0_g1	map01100
TRINITY_DN3816_c0_g1	map01100
TRINITY_DN3823_c0_g1	map01100
TRINITY_DN3826_c0_g1	map01100
TRINITY_DN3828_c0_g1	map01100
TRINITY_DN3835_c0_g1	map01100
TRINITY_DN3836_c0_g1	map01100
TRINITY_DN3849_c0_g1	map01100
TRINITY_DN3853_c0_g1	map01100
TRINITY_DN3857_c0_g1	map01100
TRINITY_DN3861_c0_g1	map01100
TRINITY_DN3869_c0_g1	map01100
TRINITY_DN3881_c0_g1	map01100
TRINITY_DN3882_c0_g1	map01100
TRINITY_DN3896_c0_g1	map01100
TRINITY_DN3903_c0_g1	map01100
TRINITY_DN3907_c0_g1	map01100
TRINITY_DN3914_c0_g1	map01100
TRINITY_DN3923_c0_g1	map01100
TRINITY_DN393_c0_g1	map01100
TRINITY_DN3947_c0_g1	map01100
TRINITY_DN395_c0_g1	map01100
TRINITY_DN3963_c0_g1	map01100
TRINITY_DN3967_c0_g1	map01100
TRINITY_DN3982_c0_g1	map01100
TRINITY_DN3984_c0_g1	map01100
TRINITY_DN3985_c0_g1	map01100
TRINITY_DN3991_c0_g1	map01100
TRINITY_DN3997_c0_g1	map01100
TRINITY_DN3999_c0_g1	map01100
TRINITY_DN39_c0_g1	map01100
TRINITY_DN4003_c0_g1	map01100
TRINITY_DN4006_c0_g1	map01100
TRINITY_DN4009_c0_g1	map01100
TRINITY_DN400_c0_g1	map01100
TRINITY_DN4021_c0_g1	map01100
TRINITY_DN4024_c0_g1	map01100
TRINITY_DN4025_c0_g1	map01100
TRINITY_DN402_c0_g1	map01100
TRINITY_DN4048_c0_g1	map01100
TRINITY_DN4049_c0_g1	map01100
TRINITY_DN4059_c0_g1	map01100
TRINITY_DN405_c0_g1	map01100
TRINITY_DN4072_c0_g1	map01100
TRINITY_DN4077_c0_g1	map01100
TRINITY_DN4096_c0_g1	map01100
TRINITY_DN4101_c0_g1	map01100
TRINITY_DN4118_c0_g1	map01100
TRINITY_DN4125_c0_g1	map01100
TRINITY_DN4128_c0_g1	map01100
TRINITY_DN4139_c0_g1	map01100
TRINITY_DN4141_c0_g1	map01100
TRINITY_DN4150_c0_g1	map01100
TRINITY_DN4153_c0_g1	map01100
TRINITY_DN415_c0_g1	map01100
TRINITY_DN4160_c0_g1	map01100
TRINITY_DN4175_c0_g1	map01100
TRINITY_DN4176_c0_g1	map01100
TRINITY_DN4181_c0_g1	map01100
TRINITY_DN4182_c0_g1	map01100
TRINITY_DN4186_c0_g1	map01100
TRINITY_DN4187_c0_g1	map01100
TRINITY_DN4193_c0_g1	map01100
TRINITY_DN4199_c0_g1	map01100
TRINITY_DN4205_c0_g1	map01100
TRINITY_DN420_c0_g1	map01100
TRINITY_DN4215_c0_g1	map01100
TRINITY_DN422_c0_g1	map01100
TRINITY_DN4235_c0_g1	map01100
TRINITY_DN4236_c0_g1	map01100
TRINITY_DN4250_c0_g1	map01100
TRINITY_DN4272_c0_g1	map01100
TRINITY_DN4281_c0_g1	map01100
TRINITY_DN4287_c0_g1	map01100
TRINITY_DN4288_c0_g1	map01100
TRINITY_DN4298_c0_g1	map01100
TRINITY_DN4307_c0_g1	map01100
TRINITY_DN4311_c0_g1	map01100
TRINITY_DN4317_c0_g1	map01100
TRINITY_DN4340_c0_g1	map01100
TRINITY_DN435_c0_g1	map01100
TRINITY_DN4360_c0_g1	map01100
TRINITY_DN4361_c0_g1	map01100
TRINITY_DN4369_c0_g1	map01100
TRINITY_DN4373_c0_g1	map01100
TRINITY_DN4376_c0_g1	map01100
TRINITY_DN4380_c0_g1	map01100
TRINITY_DN4382_c0_g1	map01100
TRINITY_DN43_c0_g1	map01100
TRINITY_DN4405_c0_g1	map01100
TRINITY_DN4411_c0_g1	map01100
TRINITY_DN4415_c0_g1	map01100
TRINITY_DN4427_c0_g1	map01100
TRINITY_DN4436_c0_g1	map01100
TRINITY_DN4449_c0_g1	map01100
TRINITY_DN4474_c0_g1	map01100
TRINITY_DN4476_c0_g1	map01100
TRINITY_DN4484_c0_g1	map01100
TRINITY_DN4488_c0_g1	map01100
TRINITY_DN448_c0_g1	map01100
TRINITY_DN450_c0_g1	map01100
TRINITY_DN4550_c0_g1	map01100
TRINITY_DN4552_c0_g1	map01100
TRINITY_DN4573_c0_g1	map01100
TRINITY_DN4585_c0_g1	map01100
TRINITY_DN4590_c0_g1	map01100
TRINITY_DN4600_c0_g1	map01100
TRINITY_DN4601_c0_g1	map01100
TRINITY_DN4603_c0_g1	map01100
TRINITY_DN4618_c0_g1	map01100
TRINITY_DN4620_c0_g1	map01100
TRINITY_DN4632_c0_g1	map01100
TRINITY_DN4643_c0_g1	map01100
TRINITY_DN4645_c0_g1	map01100
TRINITY_DN4646_c1_g1	map01100
TRINITY_DN4654_c0_g1	map01100
TRINITY_DN4655_c0_g1	map01100
TRINITY_DN465_c0_g1	map01100
TRINITY_DN4660_c0_g1	map01100
TRINITY_DN4680_c0_g1	map01100
TRINITY_DN4682_c1_g1	map01100
TRINITY_DN4684_c0_g1	map01100
TRINITY_DN4691_c0_g1	map01100
TRINITY_DN4700_c0_g1	map01100
TRINITY_DN4716_c0_g1	map01100
TRINITY_DN4720_c0_g1	map01100
TRINITY_DN4724_c1_g1	map01100
TRINITY_DN4726_c0_g1	map01100
TRINITY_DN4742_c0_g1	map01100
TRINITY_DN4757_c0_g1	map01100
TRINITY_DN4772_c0_g1	map01100
TRINITY_DN4781_c0_g1	map01100
TRINITY_DN4795_c0_g1	map01100
TRINITY_DN47_c0_g1	map01100
TRINITY_DN480_c0_g1	map01100
TRINITY_DN4813_c0_g1	map01100
TRINITY_DN4818_c0_g1	map01100
TRINITY_DN4821_c0_g1	map01100
TRINITY_DN4822_c0_g1	map01100
TRINITY_DN4830_c0_g1	map01100
TRINITY_DN4839_c0_g1	map01100
TRINITY_DN4842_c0_g1	map01100
TRINITY_DN4850_c0_g1	map01100
TRINITY_DN4854_c0_g1	map01100
TRINITY_DN4867_c0_g1	map01100
TRINITY_DN486_c0_g1	map01100
TRINITY_DN4878_c0_g1	map01100
TRINITY_DN4893_c0_g1	map01100
TRINITY_DN4895_c0_g1	map01100
TRINITY_DN489_c0_g1	map01100
TRINITY_DN4911_c0_g1	map01100
TRINITY_DN4916_c0_g1	map01100
TRINITY_DN4930_c0_g1	map01100
TRINITY_DN4937_c0_g1	map01100
TRINITY_DN4938_c0_g1	map01100
TRINITY_DN4949_c0_g1	map01100
TRINITY_DN4952_c0_g1	map01100
TRINITY_DN4953_c0_g1	map01100
TRINITY_DN4955_c0_g1	map01100
TRINITY_DN4955_c1_g1	map01100
TRINITY_DN4960_c0_g1	map01100
TRINITY_DN496_c0_g1	map01100
TRINITY_DN4979_c0_g1	map01100
TRINITY_DN4989_c0_g1	map01100
TRINITY_DN498_c0_g1	map01100
TRINITY_DN4997_c0_g1	map01100
TRINITY_DN4_c0_g1	map01100
TRINITY_DN4_c1_g1	map01100
TRINITY_DN5016_c0_g1	map01100
TRINITY_DN5019_c0_g1	map01100
TRINITY_DN5054_c0_g1	map01100
TRINITY_DN5057_c0_g1	map01100
TRINITY_DN506_c0_g1	map01100
TRINITY_DN5097_c0_g1	map01100
TRINITY_DN509_c0_g1	map01100
TRINITY_DN5107_c0_g1	map01100
TRINITY_DN5118_c0_g1	map01100
TRINITY_DN511_c0_g1	map01100
TRINITY_DN5132_c0_g1	map01100
TRINITY_DN5134_c0_g1	map01100
TRINITY_DN5135_c0_g1	map01100
TRINITY_DN5154_c0_g1	map01100
TRINITY_DN5163_c0_g1	map01100
TRINITY_DN5171_c0_g1	map01100
TRINITY_DN5176_c0_g1	map01100
TRINITY_DN5207_c0_g1	map01100
TRINITY_DN5210_c0_g1	map01100
TRINITY_DN5217_c0_g1	map01100
TRINITY_DN5234_c0_g1	map01100
TRINITY_DN5237_c0_g1	map01100
TRINITY_DN5239_c0_g1	map01100
TRINITY_DN5250_c0_g1	map01100
TRINITY_DN525_c0_g1	map01100
TRINITY_DN5276_c0_g1	map01100
TRINITY_DN5286_c0_g1	map01100
TRINITY_DN5321_c1_g1	map01100
TRINITY_DN5324_c0_g1	map01100
TRINITY_DN5330_c0_g1	map01100
TRINITY_DN5345_c0_g1	map01100
TRINITY_DN5354_c0_g1	map01100
TRINITY_DN5360_c0_g1	map01100
TRINITY_DN5372_c0_g1	map01100
TRINITY_DN5379_c0_g1	map01100
TRINITY_DN5383_c0_g1	map01100
TRINITY_DN5388_c1_g1	map01100
TRINITY_DN5398_c0_g1	map01100
TRINITY_DN5422_c0_g1	map01100
TRINITY_DN545_c0_g1	map01100
TRINITY_DN5491_c0_g1	map01100
TRINITY_DN54_c1_g1	map01100
TRINITY_DN552_c0_g1	map01100
TRINITY_DN5563_c0_g1	map01100
TRINITY_DN5580_c0_g1	map01100
TRINITY_DN5617_c0_g1	map01100
TRINITY_DN5640_c0_g1	map01100
TRINITY_DN5643_c1_g1	map01100
TRINITY_DN5676_c0_g1	map01100
TRINITY_DN5682_c0_g1	map01100
TRINITY_DN568_c0_g1	map01100
TRINITY_DN5716_c0_g1	map01100
TRINITY_DN572_c0_g1	map01100
TRINITY_DN5762_c0_g1	map01100
TRINITY_DN5765_c0_g1	map01100
TRINITY_DN5787_c0_g1	map01100
TRINITY_DN5791_c0_g1	map01100
TRINITY_DN579_c0_g1	map01100
TRINITY_DN580_c0_g1	map01100
TRINITY_DN5828_c0_g1	map01100
TRINITY_DN582_c1_g1	map01100
TRINITY_DN5830_c0_g1	map01100
TRINITY_DN5889_c0_g1	map01100
TRINITY_DN590_c0_g1	map01100
TRINITY_DN5915_c0_g1	map01100
TRINITY_DN5924_c2_g1	map01100
TRINITY_DN592_c0_g1	map01100
TRINITY_DN5975_c0_g1	map01100
TRINITY_DN597_c0_g1	map01100
TRINITY_DN5980_c0_g1	map01100
TRINITY_DN599_c0_g1	map01100
TRINITY_DN6001_c0_g1	map01100
TRINITY_DN6033_c0_g2	map01100
TRINITY_DN607_c0_g1	map01100
TRINITY_DN6133_c0_g1	map01100
TRINITY_DN614_c0_g1	map01100
TRINITY_DN616_c0_g1	map01100
TRINITY_DN6246_c0_g1	map01100
TRINITY_DN6257_c0_g1	map01100
TRINITY_DN6267_c0_g1	map01100
TRINITY_DN6302_c0_g1	map01100
TRINITY_DN6353_c0_g1	map01100
TRINITY_DN635_c0_g1	map01100
TRINITY_DN6390_c0_g1	map01100
TRINITY_DN63_c0_g1	map01100
TRINITY_DN6420_c0_g1	map01100
TRINITY_DN6487_c0_g1	map01100
TRINITY_DN651_c0_g1	map01100
TRINITY_DN651_c1_g1	map01100
TRINITY_DN6550_c0_g1	map01100
TRINITY_DN6571_c0_g1	map01100
TRINITY_DN65_c0_g1	map01100
TRINITY_DN661_c0_g1	map01100
TRINITY_DN663_c0_g1	map01100
TRINITY_DN6645_c0_g1	map01100
TRINITY_DN664_c0_g1	map01100
TRINITY_DN666_c0_g1	map01100
TRINITY_DN6741_c1_g1	map01100
TRINITY_DN674_c0_g1	map01100
TRINITY_DN6773_c0_g1	map01100
TRINITY_DN6808_c0_g2	map01100
TRINITY_DN6810_c0_g1	map01100
TRINITY_DN683_c0_g1	map01100
TRINITY_DN693_c0_g1	map01100
TRINITY_DN6941_c0_g1	map01100
TRINITY_DN694_c0_g1	map01100
TRINITY_DN6977_c0_g1	map01100
TRINITY_DN6998_c0_g1	map01100
TRINITY_DN7108_c0_g1	map01100
TRINITY_DN713_c0_g1	map01100
TRINITY_DN7178_c0_g1	map01100
TRINITY_DN718_c0_g1	map01100
TRINITY_DN7198_c0_g1	map01100
TRINITY_DN7266_c0_g1	map01100
TRINITY_DN72_c0_g1	map01100
TRINITY_DN72_c1_g1	map01100
TRINITY_DN7327_c0_g1	map01100
TRINITY_DN73_c0_g1	map01100
TRINITY_DN742_c0_g1	map01100
TRINITY_DN746_c0_g1	map01100
TRINITY_DN749_c0_g1	map01100
TRINITY_DN7509_c0_g1	map01100
TRINITY_DN751_c0_g1	map01100
TRINITY_DN757_c0_g1	map01100
TRINITY_DN75_c0_g1	map01100
TRINITY_DN7600_c0_g1	map01100
TRINITY_DN762_c0_g1	map01100
TRINITY_DN763_c0_g1	map01100
TRINITY_DN766_c0_g1	map01100
TRINITY_DN7695_c0_g1	map01100
TRINITY_DN773_c0_g1	map01100
TRINITY_DN788_c0_g1	map01100
TRINITY_DN794_c0_g1	map01100
TRINITY_DN7957_c0_g1	map01100
TRINITY_DN7_c0_g2	map01100
TRINITY_DN80_c0_g1	map01100
TRINITY_DN816_c0_g1	map01100
TRINITY_DN8248_c0_g1	map01100
TRINITY_DN8285_c0_g1	map01100
TRINITY_DN8378_c0_g1	map01100
TRINITY_DN83_c0_g1	map01100
TRINITY_DN8457_c0_g1	map01100
TRINITY_DN8475_c0_g1	map01100
TRINITY_DN847_c0_g1	map01100
TRINITY_DN851_c0_g1	map01100
TRINITY_DN855_c0_g1	map01100
TRINITY_DN85_c0_g1	map01100
TRINITY_DN8657_c0_g1	map01100
TRINITY_DN8690_c0_g1	map01100
TRINITY_DN8710_c0_g1	map01100
TRINITY_DN8725_c0_g1	map01100
TRINITY_DN872_c0_g1	map01100
TRINITY_DN873_c0_g1	map01100
TRINITY_DN8765_c0_g1	map01100
TRINITY_DN8797_c0_g1	map01100
TRINITY_DN8801_c0_g1	map01100
TRINITY_DN8802_c0_g1	map01100
TRINITY_DN8809_c0_g1	map01100
TRINITY_DN8810_c0_g1	map01100
TRINITY_DN8812_c0_g1	map01100
TRINITY_DN8817_c0_g1	map01100
TRINITY_DN8833_c0_g1	map01100
TRINITY_DN8840_c0_g1	map01100
TRINITY_DN8841_c0_g1	map01100
TRINITY_DN884_c0_g1	map01100
TRINITY_DN8856_c0_g1	map01100
TRINITY_DN886_c0_g1	map01100
TRINITY_DN8872_c0_g1	map01100
TRINITY_DN8898_c0_g1	map01100
TRINITY_DN8903_c0_g1	map01100
TRINITY_DN8906_c0_g1	map01100
TRINITY_DN890_c0_g1	map01100
TRINITY_DN8964_c0_g1	map01100
TRINITY_DN8983_c0_g1	map01100
TRINITY_DN8985_c0_g1	map01100
TRINITY_DN8988_c0_g1	map01100
TRINITY_DN8990_c0_g1	map01100
TRINITY_DN8_c0_g1	map01100
TRINITY_DN9035_c0_g1	map01100
TRINITY_DN9039_c0_g1	map01100
TRINITY_DN9043_c0_g1	map01100
TRINITY_DN9044_c0_g1	map01100
TRINITY_DN9048_c0_g1	map01100
TRINITY_DN9071_c0_g1	map01100
TRINITY_DN907_c0_g1	map01100
TRINITY_DN909_c0_g1	map01100
TRINITY_DN910_c0_g1	map01100
TRINITY_DN9113_c0_g1	map01100
TRINITY_DN911_c0_g1	map01100
TRINITY_DN9126_c0_g1	map01100
TRINITY_DN9151_c0_g1	map01100
TRINITY_DN9165_c0_g1	map01100
TRINITY_DN9179_c0_g1	map01100
TRINITY_DN917_c0_g1	map01100
TRINITY_DN9198_c0_g1	map01100
TRINITY_DN91_c0_g1	map01100
TRINITY_DN9213_c0_g1	map01100
TRINITY_DN9226_c0_g1	map01100
TRINITY_DN9228_c0_g1	map01100
TRINITY_DN925_c0_g1	map01100
TRINITY_DN92_c0_g1	map01100
TRINITY_DN9309_c0_g1	map01100
TRINITY_DN9310_c0_g1	map01100
TRINITY_DN9325_c0_g1	map01100
TRINITY_DN9329_c0_g1	map01100
TRINITY_DN933_c0_g1	map01100
TRINITY_DN9358_c0_g1	map01100
TRINITY_DN9374_c0_g1	map01100
TRINITY_DN93_c0_g1	map01100
TRINITY_DN9413_c0_g1	map01100
TRINITY_DN9437_c0_g1	map01100
TRINITY_DN943_c0_g1	map01100
TRINITY_DN948_c0_g1	map01100
TRINITY_DN9518_c0_g1	map01100
TRINITY_DN9563_c0_g1	map01100
TRINITY_DN9587_c0_g1	map01100
TRINITY_DN9600_c0_g1	map01100
TRINITY_DN9609_c0_g1	map01100
TRINITY_DN967_c0_g1	map01100
TRINITY_DN968_c0_g1	map01100
TRINITY_DN971_c0_g1	map01100
TRINITY_DN9720_c0_g1	map01100
TRINITY_DN981_c0_g1	map01100
TRINITY_DN982_c0_g1	map01100
TRINITY_DN985_c0_g1	map01100
TRINITY_DN987_c0_g1	map01100
TRINITY_DN988_c0_g1	map01100
TRINITY_DN990_c0_g1	map01100
TRINITY_DN99_c0_g1	map01100
TRINITY_DN9_c0_g2	map01100
TRINITY_DN0_c0_g1	map01110
TRINITY_DN1001_c0_g1	map01110
TRINITY_DN1004_c0_g1	map01110
TRINITY_DN1007_c0_g1	map01110
TRINITY_DN10097_c0_g1	map01110
TRINITY_DN1026_c0_g1	map01110
TRINITY_DN10432_c0_g1	map01110
TRINITY_DN10530_c0_g1	map01110
TRINITY_DN10558_c0_g1	map01110
TRINITY_DN1060_c0_g1	map01110
TRINITY_DN10644_c0_g1	map01110
TRINITY_DN10646_c1_g1	map01110
TRINITY_DN10822_c0_g1	map01110
TRINITY_DN10839_c0_g1	map01110
TRINITY_DN10844_c0_g1	map01110
TRINITY_DN10865_c0_g1	map01110
TRINITY_DN10887_c0_g1	map01110
TRINITY_DN10904_c0_g1	map01110
TRINITY_DN10931_c0_g1	map01110
TRINITY_DN10977_c0_g1	map01110
TRINITY_DN10998_c0_g1	map01110
TRINITY_DN11021_c0_g1	map01110
TRINITY_DN11058_c0_g1	map01110
TRINITY_DN1111_c0_g1	map01110
TRINITY_DN11136_c0_g1	map01110
TRINITY_DN1113_c0_g1	map01110
TRINITY_DN1115_c0_g1	map01110
TRINITY_DN1120_c0_g1	map01110
TRINITY_DN11254_c0_g1	map01110
TRINITY_DN1135_c0_g1	map01110
TRINITY_DN11401_c0_g1	map01110
TRINITY_DN11438_c0_g1	map01110
TRINITY_DN1153_c0_g1	map01110
TRINITY_DN11641_c0_g1	map01110
TRINITY_DN1182_c0_g1	map01110
TRINITY_DN1197_c0_g1	map01110
TRINITY_DN1204_c0_g1	map01110
TRINITY_DN12265_c0_g1	map01110
TRINITY_DN1232_c0_g1	map01110
TRINITY_DN1242_c0_g1	map01110
TRINITY_DN12460_c0_g1	map01110
TRINITY_DN12464_c0_g1	map01110
TRINITY_DN12483_c0_g1	map01110
TRINITY_DN12491_c0_g1	map01110
TRINITY_DN12501_c0_g1	map01110
TRINITY_DN12502_c0_g1	map01110
TRINITY_DN1252_c0_g1	map01110
TRINITY_DN12599_c0_g1	map01110
TRINITY_DN12643_c0_g1	map01110
TRINITY_DN12644_c0_g1	map01110
TRINITY_DN1264_c0_g1	map01110
TRINITY_DN12695_c0_g1	map01110
TRINITY_DN1269_c0_g1	map01110
TRINITY_DN12712_c0_g1	map01110
TRINITY_DN12728_c0_g1	map01110
TRINITY_DN12773_c0_g1	map01110
TRINITY_DN12779_c0_g1	map01110
TRINITY_DN1279_c0_g1	map01110
TRINITY_DN127_c0_g1	map01110
TRINITY_DN12915_c0_g1	map01110
TRINITY_DN12950_c0_g1	map01110
TRINITY_DN1296_c0_g1	map01110
TRINITY_DN12989_c0_g1	map01110
TRINITY_DN1301_c0_g2	map01110
TRINITY_DN13040_c0_g1	map01110
TRINITY_DN1310_c0_g1	map01110
TRINITY_DN13132_c0_g1	map01110
TRINITY_DN1316_c0_g2	map01110
TRINITY_DN13175_c0_g1	map01110
TRINITY_DN13255_c0_g1	map01110
TRINITY_DN13307_c0_g1	map01110
TRINITY_DN1373_c0_g1	map01110
TRINITY_DN137_c0_g1	map01110
TRINITY_DN1387_c0_g1	map01110
TRINITY_DN14008_c0_g1	map01110
TRINITY_DN1400_c0_g1	map01110
TRINITY_DN14021_c1_g1	map01110
TRINITY_DN14060_c0_g1	map01110
TRINITY_DN14106_c0_g1	map01110
TRINITY_DN14107_c0_g1	map01110
TRINITY_DN14116_c1_g1	map01110
TRINITY_DN14133_c0_g1	map01110
TRINITY_DN14158_c0_g1	map01110
TRINITY_DN14161_c0_g1	map01110
TRINITY_DN14166_c0_g1	map01110
TRINITY_DN14184_c0_g1	map01110
TRINITY_DN14212_c0_g1	map01110
TRINITY_DN14216_c0_g1	map01110
TRINITY_DN14253_c0_g1	map01110
TRINITY_DN14263_c0_g1	map01110
TRINITY_DN14282_c0_g1	map01110
TRINITY_DN14373_c0_g1	map01110
TRINITY_DN1438_c0_g1	map01110
TRINITY_DN14394_c0_g1	map01110
TRINITY_DN14477_c0_g1	map01110
TRINITY_DN14484_c0_g1	map01110
TRINITY_DN14499_c0_g1	map01110
TRINITY_DN144_c0_g1	map01110
TRINITY_DN1452_c0_g1	map01110
TRINITY_DN14565_c0_g1	map01110
TRINITY_DN14659_c0_g1	map01110
TRINITY_DN1465_c0_g1	map01110
TRINITY_DN1474_c0_g1	map01110
TRINITY_DN14818_c0_g1	map01110
TRINITY_DN1482_c0_g1	map01110
TRINITY_DN14873_c0_g1	map01110
TRINITY_DN14902_c0_g1	map01110
TRINITY_DN14_c1_g1	map01110
TRINITY_DN1538_c0_g1	map01110
TRINITY_DN153_c0_g1	map01110
TRINITY_DN1543_c0_g1	map01110
TRINITY_DN1550_c0_g1	map01110
TRINITY_DN15612_c0_g1	map01110
TRINITY_DN1566_c0_g1	map01110
TRINITY_DN1567_c0_g1	map01110
TRINITY_DN1577_c0_g1	map01110
TRINITY_DN15783_c0_g1	map01110
TRINITY_DN15838_c0_g1	map01110
TRINITY_DN15847_c0_g1	map01110
TRINITY_DN15871_c0_g1	map01110
TRINITY_DN1589_c0_g1	map01110
TRINITY_DN15920_c0_g1	map01110
TRINITY_DN15954_c0_g1	map01110
TRINITY_DN1597_c0_g1	map01110
TRINITY_DN15980_c0_g1	map01110
TRINITY_DN16010_c0_g1	map01110
TRINITY_DN16040_c0_g1	map01110
TRINITY_DN16047_c0_g1	map01110
TRINITY_DN16054_c0_g1	map01110
TRINITY_DN16058_c0_g1	map01110
TRINITY_DN1613_c0_g1	map01110
TRINITY_DN16144_c0_g1	map01110
TRINITY_DN1615_c0_g1	map01110
TRINITY_DN16190_c0_g1	map01110
TRINITY_DN16252_c0_g1	map01110
TRINITY_DN16298_c0_g1	map01110
TRINITY_DN16348_c0_g1	map01110
TRINITY_DN16377_c0_g1	map01110
TRINITY_DN16428_c0_g1	map01110
TRINITY_DN16557_c0_g1	map01110
TRINITY_DN1676_c0_g1	map01110
TRINITY_DN16804_c0_g1	map01110
TRINITY_DN1684_c0_g1	map01110
TRINITY_DN1685_c0_g1	map01110
TRINITY_DN1689_c0_g1	map01110
TRINITY_DN1690_c0_g1	map01110
TRINITY_DN17106_c0_g1	map01110
TRINITY_DN17166_c0_g1	map01110
TRINITY_DN1734_c0_g1	map01110
TRINITY_DN1735_c0_g1	map01110
TRINITY_DN17497_c0_g1	map01110
TRINITY_DN1756_c0_g1	map01110
TRINITY_DN17611_c0_g1	map01110
TRINITY_DN17628_c0_g1	map01110
TRINITY_DN17653_c0_g1	map01110
TRINITY_DN17664_c0_g1	map01110
TRINITY_DN1766_c0_g1	map01110
TRINITY_DN17811_c0_g1	map01110
TRINITY_DN17829_c0_g1	map01110
TRINITY_DN17854_c0_g1	map01110
TRINITY_DN17878_c0_g1	map01110
TRINITY_DN178_c0_g1	map01110
TRINITY_DN17929_c0_g1	map01110
TRINITY_DN17961_c0_g1	map01110
TRINITY_DN17962_c7_g1	map01110
TRINITY_DN17985_c0_g1	map01110
TRINITY_DN18022_c0_g1	map01110
TRINITY_DN1804_c0_g1	map01110
TRINITY_DN18053_c0_g1	map01110
TRINITY_DN181_c0_g1	map01110
TRINITY_DN18241_c0_g1	map01110
TRINITY_DN1830_c0_g1	map01110
TRINITY_DN18335_c0_g1	map01110
TRINITY_DN183_c0_g1	map01110
TRINITY_DN1840_c0_g1	map01110
TRINITY_DN18444_c0_g1	map01110
TRINITY_DN18445_c0_g1	map01110
TRINITY_DN1854_c0_g1	map01110
TRINITY_DN18583_c0_g1	map01110
TRINITY_DN185_c0_g1	map01110
TRINITY_DN18619_c0_g1	map01110
TRINITY_DN1903_c0_g1	map01110
TRINITY_DN19050_c0_g1	map01110
TRINITY_DN1915_c0_g1	map01110
TRINITY_DN1958_c0_g1	map01110
TRINITY_DN1961_c0_g1	map01110
TRINITY_DN1984_c0_g1	map01110
TRINITY_DN1985_c0_g1	map01110
TRINITY_DN1988_c0_g1	map01110
TRINITY_DN1989_c0_g1	map01110
TRINITY_DN1993_c0_g1	map01110
TRINITY_DN2009_c0_g1	map01110
TRINITY_DN2087_c0_g1	map01110
TRINITY_DN2128_c0_g1	map01110
TRINITY_DN2145_c0_g1	map01110
TRINITY_DN2166_c0_g1	map01110
TRINITY_DN2242_c0_g1	map01110
TRINITY_DN2266_c0_g1	map01110
TRINITY_DN227_c0_g1	map01110
TRINITY_DN2336_c0_g1	map01110
TRINITY_DN2347_c0_g1	map01110
TRINITY_DN2349_c0_g1	map01110
TRINITY_DN2378_c0_g1	map01110
TRINITY_DN23_c0_g1	map01110
TRINITY_DN2413_c0_g1	map01110
TRINITY_DN2420_c0_g1	map01110
TRINITY_DN242_c0_g1	map01110
TRINITY_DN2435_c0_g1	map01110
TRINITY_DN243_c0_g1	map01110
TRINITY_DN2472_c0_g1	map01110
TRINITY_DN248_c0_g1	map01110
TRINITY_DN2503_c0_g1	map01110
TRINITY_DN2526_c0_g1	map01110
TRINITY_DN2526_c0_g2	map01110
TRINITY_DN2526_c1_g1	map01110
TRINITY_DN2543_c0_g1	map01110
TRINITY_DN2554_c0_g1	map01110
TRINITY_DN2558_c0_g1	map01110
TRINITY_DN2569_c0_g1	map01110
TRINITY_DN2576_c0_g1	map01110
TRINITY_DN25_c0_g1	map01110
TRINITY_DN2631_c0_g1	map01110
TRINITY_DN2655_c0_g1	map01110
TRINITY_DN266_c0_g1	map01110
TRINITY_DN2677_c0_g1	map01110
TRINITY_DN2690_c0_g1	map01110
TRINITY_DN2730_c0_g1	map01110
TRINITY_DN2759_c0_g1	map01110
TRINITY_DN2770_c0_g1	map01110
TRINITY_DN2787_c0_g1	map01110
TRINITY_DN2790_c0_g1	map01110
TRINITY_DN2794_c0_g1	map01110
TRINITY_DN2809_c1_g1	map01110
TRINITY_DN2810_c0_g1	map01110
TRINITY_DN2839_c0_g1	map01110
TRINITY_DN2870_c0_g1	map01110
TRINITY_DN2879_c0_g1	map01110
TRINITY_DN2897_c0_g1	map01110
TRINITY_DN2924_c0_g1	map01110
TRINITY_DN2931_c0_g1	map01110
TRINITY_DN2952_c0_g1	map01110
TRINITY_DN3016_c0_g1	map01110
TRINITY_DN3046_c0_g1	map01110
TRINITY_DN3050_c0_g1	map01110
TRINITY_DN305_c0_g1	map01110
TRINITY_DN3079_c0_g1	map01110
TRINITY_DN3095_c0_g1	map01110
TRINITY_DN3101_c0_g1	map01110
TRINITY_DN3108_c0_g1	map01110
TRINITY_DN3111_c0_g1	map01110
TRINITY_DN3140_c0_g1	map01110
TRINITY_DN3154_c0_g1	map01110
TRINITY_DN3233_c0_g1	map01110
TRINITY_DN3261_c0_g1	map01110
TRINITY_DN3262_c0_g1	map01110
TRINITY_DN3266_c0_g1	map01110
TRINITY_DN3289_c0_g1	map01110
TRINITY_DN3345_c0_g1	map01110
TRINITY_DN3353_c0_g1	map01110
TRINITY_DN3356_c0_g1	map01110
TRINITY_DN3391_c0_g1	map01110
TRINITY_DN339_c0_g1	map01110
TRINITY_DN347_c0_g1	map01110
TRINITY_DN352_c0_g1	map01110
TRINITY_DN3545_c0_g1	map01110
TRINITY_DN3600_c0_g1	map01110
TRINITY_DN3622_c0_g1	map01110
TRINITY_DN3624_c0_g1	map01110
TRINITY_DN3652_c0_g1	map01110
TRINITY_DN3659_c0_g1	map01110
TRINITY_DN3694_c0_g1	map01110
TRINITY_DN3709_c0_g1	map01110
TRINITY_DN3727_c0_g1	map01110
TRINITY_DN3762_c0_g1	map01110
TRINITY_DN376_c0_g1	map01110
TRINITY_DN3779_c0_g1	map01110
TRINITY_DN3792_c0_g1	map01110
TRINITY_DN3796_c0_g1	map01110
TRINITY_DN3804_c0_g1	map01110
TRINITY_DN3816_c0_g1	map01110
TRINITY_DN3823_c0_g1	map01110
TRINITY_DN3828_c0_g1	map01110
TRINITY_DN3835_c0_g1	map01110
TRINITY_DN3849_c0_g1	map01110
TRINITY_DN3881_c0_g1	map01110
TRINITY_DN3882_c0_g1	map01110
TRINITY_DN3896_c0_g1	map01110
TRINITY_DN3907_c0_g1	map01110
TRINITY_DN3914_c0_g1	map01110
TRINITY_DN3985_c0_g1	map01110
TRINITY_DN3999_c0_g1	map01110
TRINITY_DN4003_c0_g1	map01110
TRINITY_DN4006_c0_g1	map01110
TRINITY_DN4009_c0_g1	map01110
TRINITY_DN4024_c0_g1	map01110
TRINITY_DN402_c0_g1	map01110
TRINITY_DN4101_c0_g1	map01110
TRINITY_DN4118_c0_g1	map01110
TRINITY_DN415_c0_g1	map01110
TRINITY_DN4175_c0_g1	map01110
TRINITY_DN4186_c0_g1	map01110
TRINITY_DN4193_c0_g1	map01110
TRINITY_DN4250_c0_g1	map01110
TRINITY_DN4272_c0_g1	map01110
TRINITY_DN4287_c0_g1	map01110
TRINITY_DN4288_c0_g1	map01110
TRINITY_DN4340_c0_g1	map01110
TRINITY_DN4360_c0_g1	map01110
TRINITY_DN4361_c0_g1	map01110
TRINITY_DN4369_c0_g1	map01110
TRINITY_DN4376_c0_g1	map01110
TRINITY_DN4380_c0_g1	map01110
TRINITY_DN4405_c0_g1	map01110
TRINITY_DN4427_c0_g1	map01110
TRINITY_DN4436_c0_g1	map01110
TRINITY_DN4474_c0_g1	map01110
TRINITY_DN4484_c0_g1	map01110
TRINITY_DN4488_c0_g1	map01110
TRINITY_DN4550_c0_g1	map01110
TRINITY_DN4600_c0_g1	map01110
TRINITY_DN4603_c0_g1	map01110
TRINITY_DN4632_c0_g1	map01110
TRINITY_DN4645_c0_g1	map01110
TRINITY_DN4646_c1_g1	map01110
TRINITY_DN4654_c0_g1	map01110
TRINITY_DN4655_c0_g1	map01110
TRINITY_DN465_c0_g1	map01110
TRINITY_DN4682_c1_g1	map01110
TRINITY_DN4684_c0_g1	map01110
TRINITY_DN4691_c0_g1	map01110
TRINITY_DN4720_c0_g1	map01110
TRINITY_DN4740_c0_g1	map01110
TRINITY_DN4772_c0_g1	map01110
TRINITY_DN4781_c0_g1	map01110
TRINITY_DN4795_c0_g1	map01110
TRINITY_DN4813_c0_g1	map01110
TRINITY_DN4839_c0_g1	map01110
TRINITY_DN4850_c0_g1	map01110
TRINITY_DN4854_c0_g1	map01110
TRINITY_DN4916_c0_g1	map01110
TRINITY_DN4928_c0_g1	map01110
TRINITY_DN4937_c0_g1	map01110
TRINITY_DN4938_c0_g1	map01110
TRINITY_DN4953_c0_g1	map01110
TRINITY_DN4960_c0_g1	map01110
TRINITY_DN4997_c0_g1	map01110
TRINITY_DN4_c1_g1	map01110
TRINITY_DN5016_c0_g1	map01110
TRINITY_DN5019_c0_g1	map01110
TRINITY_DN5054_c0_g1	map01110
TRINITY_DN5057_c0_g1	map01110
TRINITY_DN5074_c1_g1	map01110
TRINITY_DN5107_c0_g1	map01110
TRINITY_DN511_c0_g1	map01110
TRINITY_DN5126_c0_g1	map01110
TRINITY_DN5135_c0_g1	map01110
TRINITY_DN5163_c0_g1	map01110
TRINITY_DN5176_c0_g1	map01110
TRINITY_DN5217_c0_g1	map01110
TRINITY_DN5239_c0_g1	map01110
TRINITY_DN525_c0_g1	map01110
TRINITY_DN5330_c0_g1	map01110
TRINITY_DN5422_c0_g1	map01110
TRINITY_DN5491_c0_g1	map01110
TRINITY_DN552_c0_g1	map01110
TRINITY_DN5563_c0_g1	map01110
TRINITY_DN5640_c0_g1	map01110
TRINITY_DN5682_c0_g1	map01110
TRINITY_DN568_c0_g1	map01110
TRINITY_DN5762_c0_g1	map01110
TRINITY_DN580_c0_g1	map01110
TRINITY_DN582_c1_g1	map01110
TRINITY_DN5830_c0_g1	map01110
TRINITY_DN590_c0_g1	map01110
TRINITY_DN592_c0_g1	map01110
TRINITY_DN5980_c0_g1	map01110
TRINITY_DN607_c0_g1	map01110
TRINITY_DN616_c0_g1	map01110
TRINITY_DN6267_c0_g1	map01110
TRINITY_DN6353_c0_g1	map01110
TRINITY_DN6390_c0_g1	map01110
TRINITY_DN6487_c0_g1	map01110
TRINITY_DN6645_c0_g1	map01110
TRINITY_DN6741_c1_g1	map01110
TRINITY_DN674_c0_g1	map01110
TRINITY_DN6773_c0_g1	map01110
TRINITY_DN683_c0_g1	map01110
TRINITY_DN693_c0_g1	map01110
TRINITY_DN6977_c0_g1	map01110
TRINITY_DN713_c0_g1	map01110
TRINITY_DN746_c0_g1	map01110
TRINITY_DN7509_c0_g1	map01110
TRINITY_DN751_c0_g1	map01110
TRINITY_DN762_c0_g1	map01110
TRINITY_DN7695_c0_g1	map01110
TRINITY_DN773_c0_g1	map01110
TRINITY_DN784_c0_g1	map01110
TRINITY_DN7957_c0_g1	map01110
TRINITY_DN7_c0_g2	map01110
TRINITY_DN8248_c0_g1	map01110
TRINITY_DN8378_c0_g1	map01110
TRINITY_DN8457_c0_g1	map01110
TRINITY_DN8475_c0_g1	map01110
TRINITY_DN855_c0_g1	map01110
TRINITY_DN8657_c0_g1	map01110
TRINITY_DN8690_c0_g1	map01110
TRINITY_DN873_c0_g1	map01110
TRINITY_DN8758_c0_g1	map01110
TRINITY_DN8765_c0_g1	map01110
TRINITY_DN8797_c0_g1	map01110
TRINITY_DN8801_c0_g1	map01110
TRINITY_DN8810_c0_g1	map01110
TRINITY_DN8817_c0_g1	map01110
TRINITY_DN8833_c0_g1	map01110
TRINITY_DN884_c0_g1	map01110
TRINITY_DN886_c0_g1	map01110
TRINITY_DN8898_c0_g1	map01110
TRINITY_DN8903_c0_g1	map01110
TRINITY_DN890_c0_g1	map01110
TRINITY_DN8985_c0_g1	map01110
TRINITY_DN8_c0_g1	map01110
TRINITY_DN9035_c0_g1	map01110
TRINITY_DN9055_c0_g1	map01110
TRINITY_DN907_c0_g1	map01110
TRINITY_DN909_c0_g1	map01110
TRINITY_DN910_c0_g1	map01110
TRINITY_DN911_c0_g1	map01110
TRINITY_DN9126_c0_g1	map01110
TRINITY_DN9165_c0_g1	map01110
TRINITY_DN9198_c0_g1	map01110
TRINITY_DN919_c0_g1	map01110
TRINITY_DN9228_c0_g1	map01110
TRINITY_DN925_c0_g1	map01110
TRINITY_DN9309_c0_g1	map01110
TRINITY_DN933_c0_g1	map01110
TRINITY_DN9413_c0_g1	map01110
TRINITY_DN943_c0_g1	map01110
TRINITY_DN948_c0_g1	map01110
TRINITY_DN9518_c0_g1	map01110
TRINITY_DN9609_c0_g1	map01110
TRINITY_DN967_c0_g1	map01110
TRINITY_DN968_c0_g1	map01110
TRINITY_DN981_c0_g1	map01110
TRINITY_DN987_c0_g1	map01110
TRINITY_DN988_c0_g1	map01110
TRINITY_DN99_c0_g1	map01110
TRINITY_DN9_c0_g2	map01110
TRINITY_DN0_c0_g1	map01120
TRINITY_DN1001_c0_g1	map01120
TRINITY_DN10097_c0_g1	map01120
TRINITY_DN10110_c0_g1	map01120
TRINITY_DN1032_c0_g1	map01120
TRINITY_DN10530_c0_g1	map01120
TRINITY_DN10558_c0_g1	map01120
TRINITY_DN10822_c0_g1	map01120
TRINITY_DN10839_c0_g1	map01120
TRINITY_DN10843_c0_g1	map01120
TRINITY_DN10865_c0_g1	map01120
TRINITY_DN10901_c0_g1	map01120
TRINITY_DN10931_c0_g1	map01120
TRINITY_DN11007_c0_g1	map01120
TRINITY_DN1100_c0_g1	map01120
TRINITY_DN11053_c0_g1	map01120
TRINITY_DN1110_c0_g1	map01120
TRINITY_DN1115_c0_g1	map01120
TRINITY_DN11359_c0_g1	map01120
TRINITY_DN1135_c0_g1	map01120
TRINITY_DN1153_c0_g1	map01120
TRINITY_DN11621_c0_g1	map01120
TRINITY_DN11675_c0_g1	map01120
TRINITY_DN1173_c0_g1	map01120
TRINITY_DN12257_c0_g1	map01120
TRINITY_DN12267_c0_g1	map01120
TRINITY_DN12404_c0_g1	map01120
TRINITY_DN12443_c0_g1	map01120
TRINITY_DN12668_c0_g1	map01120
TRINITY_DN12712_c0_g1	map01120
TRINITY_DN12746_c0_g1	map01120
TRINITY_DN12773_c0_g1	map01120
TRINITY_DN12780_c0_g1	map01120
TRINITY_DN127_c0_g1	map01120
TRINITY_DN12915_c0_g1	map01120
TRINITY_DN12950_c0_g1	map01120
TRINITY_DN1296_c0_g1	map01120
TRINITY_DN13014_c0_g1	map01120
TRINITY_DN1301_c0_g2	map01120
TRINITY_DN1311_c0_g1	map01120
TRINITY_DN13175_c0_g1	map01120
TRINITY_DN13296_c0_g1	map01120
TRINITY_DN13315_c0_g1	map01120
TRINITY_DN134_c0_g1	map01120
TRINITY_DN13633_c0_g1	map01120
TRINITY_DN137_c0_g1	map01120
TRINITY_DN14008_c0_g1	map01120
TRINITY_DN14088_c0_g1	map01120
TRINITY_DN14106_c0_g1	map01120
TRINITY_DN14246_c0_g1	map01120
TRINITY_DN14260_c0_g1	map01120
TRINITY_DN14309_c0_g1	map01120
TRINITY_DN14373_c0_g1	map01120
TRINITY_DN14484_c0_g1	map01120
TRINITY_DN144_c0_g1	map01120
TRINITY_DN1474_c0_g1	map01120
TRINITY_DN14772_c0_g1	map01120
TRINITY_DN14873_c0_g1	map01120
TRINITY_DN14895_c0_g1	map01120
TRINITY_DN14_c1_g1	map01120
TRINITY_DN15049_c0_g1	map01120
TRINITY_DN1566_c0_g1	map01120
TRINITY_DN1567_c0_g1	map01120
TRINITY_DN1577_c0_g1	map01120
TRINITY_DN15791_c0_g1	map01120
TRINITY_DN15799_c2_g1	map01120
TRINITY_DN15838_c0_g1	map01120
TRINITY_DN15894_c0_g1	map01120
TRINITY_DN15909_c0_g1	map01120
TRINITY_DN1597_c0_g1	map01120
TRINITY_DN15980_c0_g1	map01120
TRINITY_DN15990_c0_g1	map01120
TRINITY_DN16043_c0_g1	map01120
TRINITY_DN1613_c0_g1	map01120
TRINITY_DN1615_c0_g1	map01120
TRINITY_DN16192_c0_g1	map01120
TRINITY_DN1620_c0_g1	map01120
TRINITY_DN16298_c0_g1	map01120
TRINITY_DN16303_c0_g1	map01120
TRINITY_DN16348_c0_g1	map01120
TRINITY_DN16451_c0_g1	map01120
TRINITY_DN16579_c0_g1	map01120
TRINITY_DN16596_c0_g1	map01120
TRINITY_DN16720_c0_g1	map01120
TRINITY_DN1685_c0_g1	map01120
TRINITY_DN168_c0_g1	map01120
TRINITY_DN1720_c0_g1	map01120
TRINITY_DN1726_c0_g1	map01120
TRINITY_DN1735_c0_g1	map01120
TRINITY_DN1756_c0_g1	map01120
TRINITY_DN17644_c0_g1	map01120
TRINITY_DN1766_c0_g1	map01120
TRINITY_DN17854_c0_g1	map01120
TRINITY_DN178_c0_g1	map01120
TRINITY_DN17929_c0_g1	map01120
TRINITY_DN17962_c7_g1	map01120
TRINITY_DN17985_c0_g1	map01120
TRINITY_DN1804_c0_g1	map01120
TRINITY_DN18073_c0_g1	map01120
TRINITY_DN18094_c0_g1	map01120
TRINITY_DN18335_c0_g1	map01120
TRINITY_DN183_c0_g1	map01120
TRINITY_DN18445_c0_g1	map01120
TRINITY_DN18840_c0_g1	map01120
TRINITY_DN19014_c0_g1	map01120
TRINITY_DN1915_c0_g1	map01120
TRINITY_DN1961_c0_g1	map01120
TRINITY_DN1972_c0_g1	map01120
TRINITY_DN1989_c0_g1	map01120
TRINITY_DN1992_c0_g1	map01120
TRINITY_DN2033_c0_g1	map01120
TRINITY_DN2150_c0_g1	map01120
TRINITY_DN2176_c0_g1	map01120
TRINITY_DN2219_c0_g1	map01120
TRINITY_DN2242_c0_g1	map01120
TRINITY_DN2266_c0_g1	map01120
TRINITY_DN227_c0_g1	map01120
TRINITY_DN2349_c0_g1	map01120
TRINITY_DN2357_c0_g1	map01120
TRINITY_DN2392_c0_g1	map01120
TRINITY_DN23_c0_g1	map01120
TRINITY_DN2413_c0_g1	map01120
TRINITY_DN2420_c0_g1	map01120
TRINITY_DN2471_c0_g1	map01120
TRINITY_DN2487_c0_g1	map01120
TRINITY_DN2526_c0_g1	map01120
TRINITY_DN2526_c0_g2	map01120
TRINITY_DN2526_c1_g1	map01120
TRINITY_DN2543_c0_g1	map01120
TRINITY_DN2555_c0_g1	map01120
TRINITY_DN25_c0_g1	map01120
TRINITY_DN2609_c0_g1	map01120
TRINITY_DN2615_c0_g1	map01120
TRINITY_DN2616_c0_g1	map01120
TRINITY_DN2660_c0_g1	map01120
TRINITY_DN2666_c0_g1	map01120
TRINITY_DN2677_c0_g1	map01120
TRINITY_DN2731_c0_g1	map01120
TRINITY_DN2735_c0_g1	map01120
TRINITY_DN2770_c0_g1	map01120
TRINITY_DN2787_c0_g1	map01120
TRINITY_DN2789_c0_g1	map01120
TRINITY_DN2794_c0_g1	map01120
TRINITY_DN2809_c1_g1	map01120
TRINITY_DN2810_c0_g1	map01120
TRINITY_DN2826_c0_g1	map01120
TRINITY_DN2897_c0_g1	map01120
TRINITY_DN2913_c0_g1	map01120
TRINITY_DN2931_c0_g1	map01120
TRINITY_DN2952_c0_g1	map01120
TRINITY_DN2969_c0_g1	map01120
TRINITY_DN297_c0_g1	map01120
TRINITY_DN3012_c0_g1	map01120
TRINITY_DN3046_c0_g1	map01120
TRINITY_DN3050_c0_g1	map01120
TRINITY_DN305_c0_g1	map01120
TRINITY_DN3063_c0_g1	map01120
TRINITY_DN3079_c0_g1	map01120
TRINITY_DN3085_c0_g1	map01120
TRINITY_DN3092_c0_g1	map01120
TRINITY_DN3099_c0_g1	map01120
TRINITY_DN3101_c0_g1	map01120
TRINITY_DN3108_c0_g1	map01120
TRINITY_DN313_c0_g1	map01120
TRINITY_DN3147_c0_g1	map01120
TRINITY_DN3223_c0_g1	map01120
TRINITY_DN3226_c0_g1	map01120
TRINITY_DN3261_c0_g1	map01120
TRINITY_DN3264_c0_g1	map01120
TRINITY_DN3289_c0_g1	map01120
TRINITY_DN329_c0_g1	map01120
TRINITY_DN3309_c0_g1	map01120
TRINITY_DN3326_c0_g1	map01120
TRINITY_DN3331_c0_g1	map01120
TRINITY_DN3342_c0_g1	map01120
TRINITY_DN3356_c0_g1	map01120
TRINITY_DN3391_c0_g1	map01120
TRINITY_DN3436_c0_g1	map01120
TRINITY_DN3445_c0_g1	map01120
TRINITY_DN3470_c0_g1	map01120
TRINITY_DN347_c0_g1	map01120
TRINITY_DN3491_c0_g1	map01120
TRINITY_DN34_c0_g1	map01120
TRINITY_DN352_c0_g1	map01120
TRINITY_DN3545_c0_g1	map01120
TRINITY_DN3600_c0_g1	map01120
TRINITY_DN3609_c0_g1	map01120
TRINITY_DN3622_c0_g1	map01120
TRINITY_DN368_c0_g1	map01120
TRINITY_DN3694_c0_g1	map01120
TRINITY_DN3709_c0_g1	map01120
TRINITY_DN3726_c0_g1	map01120
TRINITY_DN3731_c0_g1	map01120
TRINITY_DN3771_c0_g1	map01120
TRINITY_DN3804_c0_g1	map01120
TRINITY_DN3823_c0_g1	map01120
TRINITY_DN3984_c0_g1	map01120
TRINITY_DN3997_c0_g1	map01120
TRINITY_DN39_c0_g1	map01120
TRINITY_DN4003_c0_g1	map01120
TRINITY_DN4009_c0_g1	map01120
TRINITY_DN4024_c0_g1	map01120
TRINITY_DN402_c0_g1	map01120
TRINITY_DN4072_c0_g1	map01120
TRINITY_DN4076_c0_g1	map01120
TRINITY_DN4096_c0_g1	map01120
TRINITY_DN4118_c0_g1	map01120
TRINITY_DN4176_c0_g1	map01120
TRINITY_DN4181_c0_g1	map01120
TRINITY_DN4186_c0_g1	map01120
TRINITY_DN4242_c0_g1	map01120
TRINITY_DN4287_c0_g1	map01120
TRINITY_DN4369_c0_g1	map01120
TRINITY_DN4380_c0_g1	map01120
TRINITY_DN4405_c0_g1	map01120
TRINITY_DN4415_c0_g1	map01120
TRINITY_DN4474_c0_g1	map01120
TRINITY_DN4484_c0_g1	map01120
TRINITY_DN448_c0_g1	map01120
TRINITY_DN4539_c0_g1	map01120
TRINITY_DN4550_c0_g1	map01120
TRINITY_DN4603_c0_g1	map01120
TRINITY_DN4625_c0_g1	map01120
TRINITY_DN4632_c0_g1	map01120
TRINITY_DN4650_c0_g1	map01120
TRINITY_DN4654_c0_g1	map01120
TRINITY_DN465_c0_g1	map01120
TRINITY_DN4691_c0_g1	map01120
TRINITY_DN4732_c0_g1	map01120
TRINITY_DN4767_c0_g1	map01120
TRINITY_DN4839_c0_g1	map01120
TRINITY_DN4854_c0_g1	map01120
TRINITY_DN4937_c0_g1	map01120
TRINITY_DN4938_c0_g1	map01120
TRINITY_DN4949_c0_g1	map01120
TRINITY_DN4952_c0_g1	map01120
TRINITY_DN4960_c0_g1	map01120
TRINITY_DN4989_c0_g1	map01120
TRINITY_DN4997_c0_g1	map01120
TRINITY_DN5013_c0_g1	map01120
TRINITY_DN5019_c0_g1	map01120
TRINITY_DN5056_c0_g1	map01120
TRINITY_DN5107_c0_g1	map01120
TRINITY_DN5154_c0_g1	map01120
TRINITY_DN5163_c0_g1	map01120
TRINITY_DN5176_c0_g1	map01120
TRINITY_DN5234_c0_g1	map01120
TRINITY_DN5237_c0_g1	map01120
TRINITY_DN5239_c0_g1	map01120
TRINITY_DN5276_c0_g1	map01120
TRINITY_DN5321_c1_g1	map01120
TRINITY_DN5360_c0_g1	map01120
TRINITY_DN5388_c1_g1	map01120
TRINITY_DN5398_c0_g1	map01120
TRINITY_DN5422_c0_g1	map01120
TRINITY_DN5563_c0_g1	map01120
TRINITY_DN5580_c0_g1	map01120
TRINITY_DN5617_c0_g1	map01120
TRINITY_DN5640_c0_g1	map01120
TRINITY_DN568_c0_g1	map01120
TRINITY_DN5716_c0_g1	map01120
TRINITY_DN5787_c0_g1	map01120
TRINITY_DN5791_c0_g1	map01120
TRINITY_DN5828_c0_g1	map01120
TRINITY_DN5830_c0_g1	map01120
TRINITY_DN5889_c0_g1	map01120
TRINITY_DN5929_c0_g1	map01120
TRINITY_DN6003_c0_g1	map01120
TRINITY_DN6133_c0_g1	map01120
TRINITY_DN6257_c0_g1	map01120
TRINITY_DN6645_c0_g1	map01120
TRINITY_DN664_c0_g1	map01120
TRINITY_DN6741_c1_g1	map01120
TRINITY_DN674_c0_g1	map01120
TRINITY_DN6773_c0_g1	map01120
TRINITY_DN6810_c0_g1	map01120
TRINITY_DN693_c0_g1	map01120
TRINITY_DN6977_c0_g1	map01120
TRINITY_DN713_c0_g1	map01120
TRINITY_DN7541_c0_g1	map01120
TRINITY_DN75_c1_g1	map01120
TRINITY_DN80_c0_g1	map01120
TRINITY_DN8246_c0_g1	map01120
TRINITY_DN8246_c0_g2	map01120
TRINITY_DN83_c0_g1	map01120
TRINITY_DN8457_c0_g1	map01120
TRINITY_DN8475_c0_g1	map01120
TRINITY_DN855_c0_g1	map01120
TRINITY_DN870_c0_g1	map01120
TRINITY_DN8765_c0_g1	map01120
TRINITY_DN8817_c0_g1	map01120
TRINITY_DN8884_c0_g1	map01120
TRINITY_DN888_c0_g1	map01120
TRINITY_DN8903_c0_g1	map01120
TRINITY_DN898_c0_g1	map01120
TRINITY_DN8_c0_g1	map01120
TRINITY_DN9084_c0_g1	map01120
TRINITY_DN9165_c0_g1	map01120
TRINITY_DN9198_c0_g1	map01120
TRINITY_DN925_c0_g1	map01120
TRINITY_DN9325_c0_g1	map01120
TRINITY_DN9329_c0_g1	map01120
TRINITY_DN9385_c0_g1	map01120
TRINITY_DN943_c0_g1	map01120
TRINITY_DN948_c0_g1	map01120
TRINITY_DN9651_c0_g1	map01120
TRINITY_DN968_c0_g1	map01120
TRINITY_DN9793_c0_g1	map01120
TRINITY_DN982_c0_g1	map01120
TRINITY_DN99_c0_g1	map01120
TRINITY_DN9_c0_g2	map01120
TRINITY_DN0_c0_g1	map01130
TRINITY_DN1001_c0_g1	map01130
TRINITY_DN10097_c0_g1	map01130
TRINITY_DN1026_c0_g1	map01130
TRINITY_DN10558_c0_g1	map01130
TRINITY_DN10593_c0_g1	map01130
TRINITY_DN10646_c1_g1	map01130
TRINITY_DN10822_c0_g1	map01130
TRINITY_DN10865_c0_g1	map01130
TRINITY_DN10887_c0_g1	map01130
TRINITY_DN10931_c0_g1	map01130
TRINITY_DN10977_c0_g1	map01130
TRINITY_DN10998_c0_g1	map01130
TRINITY_DN1100_c0_g1	map01130
TRINITY_DN11021_c0_g1	map01130
TRINITY_DN11058_c0_g1	map01130
TRINITY_DN1111_c0_g1	map01130
TRINITY_DN11136_c0_g1	map01130
TRINITY_DN1113_c0_g1	map01130
TRINITY_DN1115_c0_g1	map01130
TRINITY_DN1120_c0_g1	map01130
TRINITY_DN1135_c0_g1	map01130
TRINITY_DN11438_c0_g1	map01130
TRINITY_DN1153_c0_g1	map01130
TRINITY_DN11641_c0_g1	map01130
TRINITY_DN11675_c0_g1	map01130
TRINITY_DN1173_c0_g1	map01130
TRINITY_DN1182_c0_g1	map01130
TRINITY_DN1197_c0_g1	map01130
TRINITY_DN1204_c0_g1	map01130
TRINITY_DN12460_c0_g1	map01130
TRINITY_DN12480_c0_g1	map01130
TRINITY_DN12491_c0_g1	map01130
TRINITY_DN12501_c0_g1	map01130
TRINITY_DN12502_c0_g1	map01130
TRINITY_DN1252_c0_g1	map01130
TRINITY_DN12643_c0_g1	map01130
TRINITY_DN12695_c0_g1	map01130
TRINITY_DN1269_c0_g1	map01130
TRINITY_DN12712_c0_g1	map01130
TRINITY_DN12728_c0_g1	map01130
TRINITY_DN12746_c0_g1	map01130
TRINITY_DN12773_c0_g1	map01130
TRINITY_DN12779_c0_g1	map01130
TRINITY_DN127_c0_g1	map01130
TRINITY_DN12915_c0_g1	map01130
TRINITY_DN12950_c0_g1	map01130
TRINITY_DN1296_c0_g1	map01130
TRINITY_DN12989_c0_g1	map01130
TRINITY_DN1301_c0_g2	map01130
TRINITY_DN13040_c0_g1	map01130
TRINITY_DN13175_c0_g1	map01130
TRINITY_DN1373_c0_g1	map01130
TRINITY_DN137_c0_g1	map01130
TRINITY_DN1381_c0_g1	map01130
TRINITY_DN1384_c0_g1	map01130
TRINITY_DN14021_c1_g1	map01130
TRINITY_DN14106_c0_g1	map01130
TRINITY_DN14107_c0_g1	map01130
TRINITY_DN14158_c0_g1	map01130
TRINITY_DN14161_c0_g1	map01130
TRINITY_DN14184_c0_g1	map01130
TRINITY_DN14212_c0_g1	map01130
TRINITY_DN14260_c0_g1	map01130
TRINITY_DN14373_c0_g1	map01130
TRINITY_DN1438_c0_g1	map01130
TRINITY_DN14394_c0_g1	map01130
TRINITY_DN14477_c0_g1	map01130
TRINITY_DN14484_c0_g1	map01130
TRINITY_DN1474_c0_g1	map01130
TRINITY_DN14818_c0_g1	map01130
TRINITY_DN14873_c0_g1	map01130
TRINITY_DN14_c1_g1	map01130
TRINITY_DN1543_c0_g1	map01130
TRINITY_DN1567_c0_g1	map01130
TRINITY_DN156_c0_g1	map01130
TRINITY_DN1577_c0_g1	map01130
TRINITY_DN15783_c0_g1	map01130
TRINITY_DN15838_c0_g1	map01130
TRINITY_DN15871_c0_g1	map01130
TRINITY_DN15894_c0_g1	map01130
TRINITY_DN15954_c0_g1	map01130
TRINITY_DN1597_c0_g1	map01130
TRINITY_DN15980_c0_g1	map01130
TRINITY_DN16010_c0_g1	map01130
TRINITY_DN16047_c0_g1	map01130
TRINITY_DN16058_c0_g1	map01130
TRINITY_DN1613_c0_g1	map01130
TRINITY_DN1615_c0_g1	map01130
TRINITY_DN1620_c0_g1	map01130
TRINITY_DN16298_c0_g1	map01130
TRINITY_DN16348_c0_g1	map01130
TRINITY_DN16377_c0_g1	map01130
TRINITY_DN16579_c0_g1	map01130
TRINITY_DN1684_c0_g1	map01130
TRINITY_DN1685_c0_g1	map01130
TRINITY_DN1689_c0_g1	map01130
TRINITY_DN1690_c0_g1	map01130
TRINITY_DN1709_c0_g1	map01130
TRINITY_DN17166_c0_g1	map01130
TRINITY_DN1719_c0_g1	map01130
TRINITY_DN1726_c0_g1	map01130
TRINITY_DN1734_c0_g1	map01130
TRINITY_DN1735_c0_g1	map01130
TRINITY_DN1756_c0_g1	map01130
TRINITY_DN17611_c0_g1	map01130
TRINITY_DN17653_c0_g1	map01130
TRINITY_DN17854_c0_g1	map01130
TRINITY_DN17878_c0_g1	map01130
TRINITY_DN178_c0_g1	map01130
TRINITY_DN17929_c0_g1	map01130
TRINITY_DN17962_c7_g1	map01130
TRINITY_DN17985_c0_g1	map01130
TRINITY_DN1804_c0_g1	map01130
TRINITY_DN18053_c0_g1	map01130
TRINITY_DN18164_c0_g1	map01130
TRINITY_DN181_c0_g1	map01130
TRINITY_DN18241_c0_g1	map01130
TRINITY_DN1825_c0_g1	map01130
TRINITY_DN18335_c0_g1	map01130
TRINITY_DN183_c0_g1	map01130
TRINITY_DN18445_c0_g1	map01130
TRINITY_DN185_c0_g1	map01130
TRINITY_DN18619_c0_g1	map01130
TRINITY_DN1915_c0_g1	map01130
TRINITY_DN1961_c0_g1	map01130
TRINITY_DN1984_c0_g1	map01130
TRINITY_DN1985_c0_g1	map01130
TRINITY_DN1988_c0_g1	map01130
TRINITY_DN1989_c0_g1	map01130
TRINITY_DN2007_c0_g1	map01130
TRINITY_DN2087_c0_g1	map01130
TRINITY_DN2128_c0_g1	map01130
TRINITY_DN213_c0_g1	map01130
TRINITY_DN2166_c0_g1	map01130
TRINITY_DN2266_c0_g1	map01130
TRINITY_DN2268_c0_g1	map01130
TRINITY_DN227_c0_g1	map01130
TRINITY_DN2347_c0_g1	map01130
TRINITY_DN2349_c0_g1	map01130
TRINITY_DN2371_c0_g1	map01130
TRINITY_DN2378_c0_g1	map01130
TRINITY_DN23_c0_g1	map01130
TRINITY_DN2413_c0_g1	map01130
TRINITY_DN2420_c0_g1	map01130
TRINITY_DN2447_c0_g2	map01130
TRINITY_DN2487_c0_g1	map01130
TRINITY_DN2526_c0_g1	map01130
TRINITY_DN2526_c0_g2	map01130
TRINITY_DN2526_c1_g1	map01130
TRINITY_DN2527_c0_g1	map01130
TRINITY_DN2576_c0_g1	map01130
TRINITY_DN25_c0_g1	map01130
TRINITY_DN2655_c0_g1	map01130
TRINITY_DN266_c0_g1	map01130
TRINITY_DN2683_c0_g1	map01130
TRINITY_DN2684_c0_g1	map01130
TRINITY_DN2730_c0_g1	map01130
TRINITY_DN2731_c0_g1	map01130
TRINITY_DN2759_c0_g1	map01130
TRINITY_DN2760_c0_g1	map01130
TRINITY_DN2770_c0_g1	map01130
TRINITY_DN2787_c0_g1	map01130
TRINITY_DN2794_c0_g1	map01130
TRINITY_DN2809_c1_g1	map01130
TRINITY_DN2810_c0_g1	map01130
TRINITY_DN2897_c0_g1	map01130
TRINITY_DN2913_c0_g1	map01130
TRINITY_DN2931_c0_g1	map01130
TRINITY_DN2934_c0_g1	map01130
TRINITY_DN2952_c0_g1	map01130
TRINITY_DN3016_c0_g1	map01130
TRINITY_DN3046_c0_g1	map01130
TRINITY_DN3050_c0_g1	map01130
TRINITY_DN305_c0_g1	map01130
TRINITY_DN3079_c0_g1	map01130
TRINITY_DN3093_c0_g1	map01130
TRINITY_DN3101_c0_g1	map01130
TRINITY_DN3140_c0_g1	map01130
TRINITY_DN3172_c0_g1	map01130
TRINITY_DN3266_c0_g1	map01130
TRINITY_DN3353_c0_g1	map01130
TRINITY_DN3356_c0_g1	map01130
TRINITY_DN3391_c0_g1	map01130
TRINITY_DN3396_c0_g1	map01130
TRINITY_DN3477_c0_g1	map01130
TRINITY_DN347_c0_g1	map01130
TRINITY_DN3512_c0_g1	map01130
TRINITY_DN352_c0_g1	map01130
TRINITY_DN3574_c0_g1	map01130
TRINITY_DN357_c0_g1	map01130
TRINITY_DN3600_c0_g1	map01130
TRINITY_DN3622_c0_g1	map01130
TRINITY_DN3624_c0_g1	map01130
TRINITY_DN3652_c0_g1	map01130
TRINITY_DN3659_c0_g1	map01130
TRINITY_DN3709_c0_g1	map01130
TRINITY_DN3792_c0_g1	map01130
TRINITY_DN3804_c0_g1	map01130
TRINITY_DN3816_c0_g1	map01130
TRINITY_DN3818_c0_g1	map01130
TRINITY_DN3823_c0_g1	map01130
TRINITY_DN3828_c0_g1	map01130
TRINITY_DN3835_c0_g1	map01130
TRINITY_DN3849_c0_g1	map01130
TRINITY_DN3896_c0_g1	map01130
TRINITY_DN3907_c0_g1	map01130
TRINITY_DN3963_c0_g1	map01130
TRINITY_DN3991_c0_g1	map01130
TRINITY_DN3999_c0_g1	map01130
TRINITY_DN4009_c0_g1	map01130
TRINITY_DN4024_c0_g1	map01130
TRINITY_DN402_c0_g1	map01130
TRINITY_DN4059_c0_g1	map01130
TRINITY_DN4118_c0_g1	map01130
TRINITY_DN4125_c0_g1	map01130
TRINITY_DN4175_c0_g1	map01130
TRINITY_DN4181_c0_g1	map01130
TRINITY_DN4186_c0_g1	map01130
TRINITY_DN4199_c0_g1	map01130
TRINITY_DN4236_c0_g1	map01130
TRINITY_DN4272_c0_g1	map01130
TRINITY_DN4287_c0_g1	map01130
TRINITY_DN4288_c0_g1	map01130
TRINITY_DN4340_c0_g1	map01130
TRINITY_DN4361_c0_g1	map01130
TRINITY_DN4369_c0_g1	map01130
TRINITY_DN4380_c0_g1	map01130
TRINITY_DN4405_c0_g1	map01130
TRINITY_DN4474_c0_g1	map01130
TRINITY_DN4484_c0_g1	map01130
TRINITY_DN4488_c0_g1	map01130
TRINITY_DN448_c0_g1	map01130
TRINITY_DN4550_c0_g1	map01130
TRINITY_DN4603_c0_g1	map01130
TRINITY_DN4632_c0_g1	map01130
TRINITY_DN4645_c0_g1	map01130
TRINITY_DN4646_c1_g1	map01130
TRINITY_DN4654_c0_g1	map01130
TRINITY_DN4655_c0_g1	map01130
TRINITY_DN465_c0_g1	map01130
TRINITY_DN4691_c0_g1	map01130
TRINITY_DN4740_c0_g1	map01130
TRINITY_DN4772_c0_g1	map01130
TRINITY_DN4819_c0_g1	map01130
TRINITY_DN4821_c0_g1	map01130
TRINITY_DN4839_c0_g1	map01130
TRINITY_DN4850_c0_g1	map01130
TRINITY_DN4854_c0_g1	map01130
TRINITY_DN4937_c0_g1	map01130
TRINITY_DN4938_c0_g1	map01130
TRINITY_DN4953_c0_g1	map01130
TRINITY_DN4960_c0_g1	map01130
TRINITY_DN496_c0_g1	map01130
TRINITY_DN4997_c0_g1	map01130
TRINITY_DN4_c1_g1	map01130
TRINITY_DN5019_c0_g1	map01130
TRINITY_DN5054_c0_g1	map01130
TRINITY_DN5057_c0_g1	map01130
TRINITY_DN5107_c0_g1	map01130
TRINITY_DN5135_c0_g1	map01130
TRINITY_DN5163_c0_g1	map01130
TRINITY_DN5176_c0_g1	map01130
TRINITY_DN5239_c0_g1	map01130
TRINITY_DN525_c0_g1	map01130
TRINITY_DN5330_c0_g1	map01130
TRINITY_DN552_c0_g1	map01130
TRINITY_DN5563_c0_g1	map01130
TRINITY_DN5617_c0_g1	map01130
TRINITY_DN5640_c0_g1	map01130
TRINITY_DN5682_c0_g1	map01130
TRINITY_DN568_c0_g1	map01130
TRINITY_DN5762_c0_g1	map01130
TRINITY_DN580_c0_g1	map01130
TRINITY_DN582_c1_g1	map01130
TRINITY_DN5830_c0_g1	map01130
TRINITY_DN590_c0_g1	map01130
TRINITY_DN592_c0_g1	map01130
TRINITY_DN607_c0_g1	map01130
TRINITY_DN6133_c0_g1	map01130
TRINITY_DN616_c0_g1	map01130
TRINITY_DN6246_c0_g1	map01130
TRINITY_DN6353_c0_g1	map01130
TRINITY_DN6390_c0_g1	map01130
TRINITY_DN651_c0_g1	map01130
TRINITY_DN663_c0_g1	map01130
TRINITY_DN6645_c0_g1	map01130
TRINITY_DN6741_c1_g1	map01130
TRINITY_DN674_c0_g1	map01130
TRINITY_DN6773_c0_g1	map01130
TRINITY_DN693_c0_g1	map01130
TRINITY_DN694_c0_g1	map01130
TRINITY_DN6977_c0_g1	map01130
TRINITY_DN713_c0_g1	map01130
TRINITY_DN746_c0_g1	map01130
TRINITY_DN766_c0_g1	map01130
TRINITY_DN778_c0_g2	map01130
TRINITY_DN7_c0_g2	map01130
TRINITY_DN8457_c0_g1	map01130
TRINITY_DN8475_c0_g1	map01130
TRINITY_DN855_c0_g1	map01130
TRINITY_DN8765_c0_g1	map01130
TRINITY_DN8797_c0_g1	map01130
TRINITY_DN8801_c0_g1	map01130
TRINITY_DN8810_c0_g1	map01130
TRINITY_DN8817_c0_g1	map01130
TRINITY_DN886_c0_g1	map01130
TRINITY_DN8898_c0_g1	map01130
TRINITY_DN8903_c0_g1	map01130
TRINITY_DN8983_c0_g1	map01130
TRINITY_DN8985_c0_g1	map01130
TRINITY_DN8_c0_g1	map01130
TRINITY_DN9055_c0_g1	map01130
TRINITY_DN907_c0_g1	map01130
TRINITY_DN909_c0_g1	map01130
TRINITY_DN9198_c0_g1	map01130
TRINITY_DN9228_c0_g1	map01130
TRINITY_DN925_c0_g1	map01130
TRINITY_DN9413_c0_g1	map01130
TRINITY_DN943_c0_g1	map01130
TRINITY_DN948_c0_g1	map01130
TRINITY_DN9609_c0_g1	map01130
TRINITY_DN968_c0_g1	map01130
TRINITY_DN971_c0_g1	map01130
TRINITY_DN982_c0_g1	map01130
TRINITY_DN988_c0_g1	map01130
TRINITY_DN99_c0_g1	map01130
TRINITY_DN9_c0_g2	map01130
TRINITY_DN0_c0_g1	map01200
TRINITY_DN1001_c0_g1	map01200
TRINITY_DN10558_c0_g1	map01200
TRINITY_DN10822_c0_g1	map01200
TRINITY_DN10839_c0_g1	map01200
TRINITY_DN10865_c0_g1	map01200
TRINITY_DN10998_c0_g1	map01200
TRINITY_DN11053_c0_g1	map01200
TRINITY_DN1110_c0_g1	map01200
TRINITY_DN1111_c0_g1	map01200
TRINITY_DN11641_c0_g1	map01200
TRINITY_DN12292_c0_g1	map01200
TRINITY_DN12307_c0_g1	map01200
TRINITY_DN12712_c0_g1	map01200
TRINITY_DN12728_c0_g1	map01200
TRINITY_DN12773_c0_g1	map01200
TRINITY_DN12779_c0_g1	map01200
TRINITY_DN127_c0_g1	map01200
TRINITY_DN12915_c0_g1	map01200
TRINITY_DN1296_c0_g1	map01200
TRINITY_DN12989_c0_g1	map01200
TRINITY_DN1301_c0_g2	map01200
TRINITY_DN13040_c0_g1	map01200
TRINITY_DN137_c0_g1	map01200
TRINITY_DN14161_c0_g1	map01200
TRINITY_DN14260_c0_g1	map01200
TRINITY_DN14484_c0_g1	map01200
TRINITY_DN1474_c0_g1	map01200
TRINITY_DN1567_c0_g1	map01200
TRINITY_DN1577_c0_g1	map01200
TRINITY_DN1597_c0_g1	map01200
TRINITY_DN1613_c0_g1	map01200
TRINITY_DN1615_c0_g1	map01200
TRINITY_DN16298_c0_g1	map01200
TRINITY_DN1685_c0_g1	map01200
TRINITY_DN168_c0_g1	map01200
TRINITY_DN1720_c0_g1	map01200
TRINITY_DN1734_c0_g1	map01200
TRINITY_DN17611_c0_g1	map01200
TRINITY_DN17854_c0_g1	map01200
TRINITY_DN178_c0_g1	map01200
TRINITY_DN17929_c0_g1	map01200
TRINITY_DN1804_c0_g1	map01200
TRINITY_DN18053_c0_g1	map01200
TRINITY_DN18073_c0_g1	map01200
TRINITY_DN18241_c0_g1	map01200
TRINITY_DN183_c0_g1	map01200
TRINITY_DN18445_c0_g1	map01200
TRINITY_DN1915_c0_g1	map01200
TRINITY_DN1961_c0_g1	map01200
TRINITY_DN1972_c0_g1	map01200
TRINITY_DN1989_c0_g1	map01200
TRINITY_DN2166_c0_g1	map01200
TRINITY_DN2266_c0_g1	map01200
TRINITY_DN227_c0_g1	map01200
TRINITY_DN2349_c0_g1	map01200
TRINITY_DN23_c0_g1	map01200
TRINITY_DN2413_c0_g1	map01200
TRINITY_DN2420_c0_g1	map01200
TRINITY_DN2487_c0_g1	map01200
TRINITY_DN2526_c0_g1	map01200
TRINITY_DN2526_c0_g2	map01200
TRINITY_DN2526_c1_g1	map01200
TRINITY_DN2555_c0_g1	map01200
TRINITY_DN2677_c0_g1	map01200
TRINITY_DN2897_c0_g1	map01200
TRINITY_DN2952_c0_g1	map01200
TRINITY_DN3046_c0_g1	map01200
TRINITY_DN3050_c0_g1	map01200
TRINITY_DN305_c0_g1	map01200
TRINITY_DN3079_c0_g1	map01200
TRINITY_DN3101_c0_g1	map01200
TRINITY_DN329_c0_g1	map01200
TRINITY_DN3356_c0_g1	map01200
TRINITY_DN352_c0_g1	map01200
TRINITY_DN3600_c0_g1	map01200
TRINITY_DN3622_c0_g1	map01200
TRINITY_DN3709_c0_g1	map01200
TRINITY_DN3804_c0_g1	map01200
TRINITY_DN3814_c0_g1	map01200
TRINITY_DN3823_c0_g1	map01200
TRINITY_DN3896_c0_g1	map01200
TRINITY_DN3984_c0_g1	map01200
TRINITY_DN4021_c0_g1	map01200
TRINITY_DN4024_c0_g1	map01200
TRINITY_DN4118_c0_g1	map01200
TRINITY_DN4181_c0_g1	map01200
TRINITY_DN4186_c0_g1	map01200
TRINITY_DN4369_c0_g1	map01200
TRINITY_DN4405_c0_g1	map01200
TRINITY_DN4474_c0_g1	map01200
TRINITY_DN4484_c0_g1	map01200
TRINITY_DN4603_c0_g1	map01200
TRINITY_DN4654_c0_g1	map01200
TRINITY_DN465_c0_g1	map01200
TRINITY_DN4691_c0_g1	map01200
TRINITY_DN4740_c0_g1	map01200
TRINITY_DN4767_c0_g1	map01200
TRINITY_DN4937_c0_g1	map01200
TRINITY_DN4952_c0_g1	map01200
TRINITY_DN4997_c0_g1	map01200
TRINITY_DN5054_c0_g1	map01200
TRINITY_DN5107_c0_g1	map01200
TRINITY_DN5239_c0_g1	map01200
TRINITY_DN539_c0_g1	map01200
TRINITY_DN5563_c0_g1	map01200
TRINITY_DN568_c0_g1	map01200
TRINITY_DN5791_c0_g1	map01200
TRINITY_DN590_c0_g1	map01200
TRINITY_DN6645_c0_g1	map01200
TRINITY_DN664_c0_g1	map01200
TRINITY_DN6741_c1_g1	map01200
TRINITY_DN674_c0_g1	map01200
TRINITY_DN6773_c0_g1	map01200
TRINITY_DN693_c0_g1	map01200
TRINITY_DN8457_c0_g1	map01200
TRINITY_DN8475_c0_g1	map01200
TRINITY_DN8810_c0_g1	map01200
TRINITY_DN8817_c0_g1	map01200
TRINITY_DN8903_c0_g1	map01200
TRINITY_DN8_c0_g1	map01200
TRINITY_DN9055_c0_g1	map01200
TRINITY_DN9084_c0_g1	map01200
TRINITY_DN9198_c0_g1	map01200
TRINITY_DN943_c0_g1	map01200
TRINITY_DN948_c0_g1	map01200
TRINITY_DN9609_c0_g1	map01200
TRINITY_DN968_c0_g1	map01200
TRINITY_DN982_c0_g1	map01200
TRINITY_DN99_c0_g1	map01200
TRINITY_DN9_c0_g2	map01200
TRINITY_DN10822_c0_g1	map01210
TRINITY_DN10865_c0_g1	map01210
TRINITY_DN10887_c0_g1	map01210
TRINITY_DN1100_c0_g1	map01210
TRINITY_DN1135_c0_g1	map01210
TRINITY_DN1173_c0_g1	map01210
TRINITY_DN12695_c0_g1	map01210
TRINITY_DN1269_c0_g1	map01210
TRINITY_DN1279_c0_g1	map01210
TRINITY_DN12915_c0_g1	map01210
TRINITY_DN14021_c1_g1	map01210
TRINITY_DN14394_c0_g1	map01210
TRINITY_DN14818_c0_g1	map01210
TRINITY_DN1538_c0_g1	map01210
TRINITY_DN15871_c0_g1	map01210
TRINITY_DN15894_c0_g1	map01210
TRINITY_DN16377_c0_g1	map01210
TRINITY_DN1684_c0_g1	map01210
TRINITY_DN17811_c0_g1	map01210
TRINITY_DN1804_c0_g1	map01210
TRINITY_DN1961_c0_g1	map01210
TRINITY_DN1984_c0_g1	map01210
TRINITY_DN2526_c0_g1	map01210
TRINITY_DN2526_c0_g2	map01210
TRINITY_DN2526_c1_g1	map01210
TRINITY_DN2731_c0_g1	map01210
TRINITY_DN2810_c0_g1	map01210
TRINITY_DN2913_c0_g1	map01210
TRINITY_DN3050_c0_g1	map01210
TRINITY_DN3823_c0_g1	map01210
TRINITY_DN3835_c0_g1	map01210
TRINITY_DN3907_c0_g1	map01210
TRINITY_DN4186_c0_g1	map01210
TRINITY_DN4340_c0_g1	map01210
TRINITY_DN4484_c0_g1	map01210
TRINITY_DN4850_c0_g1	map01210
TRINITY_DN5135_c0_g1	map01210
TRINITY_DN552_c0_g1	map01210
TRINITY_DN580_c0_g1	map01210
TRINITY_DN582_c1_g1	map01210
TRINITY_DN607_c0_g1	map01210
TRINITY_DN664_c0_g1	map01210
TRINITY_DN713_c0_g1	map01210
TRINITY_DN8801_c0_g1	map01210
TRINITY_DN8817_c0_g1	map01210
TRINITY_DN8_c0_g1	map01210
TRINITY_DN968_c0_g1	map01210
TRINITY_DN981_c0_g1	map01210
TRINITY_DN99_c0_g1	map01210
TRINITY_DN11021_c0_g1	map01212
TRINITY_DN1192_c0_g1	map01212
TRINITY_DN1216_c0_g1	map01212
TRINITY_DN12361_c0_g1	map01212
TRINITY_DN12480_c0_g1	map01212
TRINITY_DN12491_c0_g1	map01212
TRINITY_DN12951_c0_g1	map01212
TRINITY_DN1387_c0_g1	map01212
TRINITY_DN14133_c0_g1	map01212
TRINITY_DN14166_c0_g1	map01212
TRINITY_DN1474_c0_g1	map01212
TRINITY_DN15031_c0_g1	map01212
TRINITY_DN16252_c0_g1	map01212
TRINITY_DN17611_c0_g1	map01212
TRINITY_DN1915_c0_g1	map01212
TRINITY_DN1960_c0_g1	map01212
TRINITY_DN2128_c0_g1	map01212
TRINITY_DN2279_c0_g1	map01212
TRINITY_DN2371_c0_g1	map01212
TRINITY_DN2378_c0_g1	map01212
TRINITY_DN243_c0_g1	map01212
TRINITY_DN2564_c0_g1	map01212
TRINITY_DN2631_c0_g1	map01212
TRINITY_DN2900_c0_g1	map01212
TRINITY_DN3356_c0_g1	map01212
TRINITY_DN3477_c0_g1	map01212
TRINITY_DN3896_c0_g1	map01212
TRINITY_DN3991_c0_g1	map01212
TRINITY_DN4139_c0_g1	map01212
TRINITY_DN4895_c0_g1	map01212
TRINITY_DN6487_c0_g1	map01212
TRINITY_DN651_c0_g1	map01212
TRINITY_DN661_c0_g1	map01212
TRINITY_DN694_c0_g1	map01212
TRINITY_DN784_c0_g1	map01212
TRINITY_DN8377_c0_g1	map01212
TRINITY_DN8378_c0_g1	map01212
TRINITY_DN8903_c0_g1	map01212
TRINITY_DN8990_c0_g1	map01212
TRINITY_DN9198_c0_g1	map01212
TRINITY_DN10097_c0_g1	map01220
TRINITY_DN10901_c0_g1	map01220
TRINITY_DN11359_c0_g1	map01220
TRINITY_DN12267_c0_g1	map01220
TRINITY_DN12712_c0_g1	map01220
TRINITY_DN12780_c0_g1	map01220
TRINITY_DN13315_c0_g1	map01220
TRINITY_DN14373_c0_g1	map01220
TRINITY_DN14873_c0_g1	map01220
TRINITY_DN14895_c0_g1	map01220
TRINITY_DN14_c1_g1	map01220
TRINITY_DN15799_c2_g1	map01220
TRINITY_DN15980_c0_g1	map01220
TRINITY_DN16298_c0_g1	map01220
TRINITY_DN17854_c0_g1	map01220
TRINITY_DN17985_c0_g1	map01220
TRINITY_DN18094_c0_g1	map01220
TRINITY_DN18840_c0_g1	map01220
TRINITY_DN19014_c0_g1	map01220
TRINITY_DN2176_c0_g1	map01220
TRINITY_DN2471_c0_g1	map01220
TRINITY_DN2770_c0_g1	map01220
TRINITY_DN2931_c0_g1	map01220
TRINITY_DN305_c0_g1	map01220
TRINITY_DN3342_c0_g1	map01220
TRINITY_DN3391_c0_g1	map01220
TRINITY_DN3436_c0_g1	map01220
TRINITY_DN3491_c0_g1	map01220
TRINITY_DN3804_c0_g1	map01220
TRINITY_DN4009_c0_g1	map01220
TRINITY_DN402_c0_g1	map01220
TRINITY_DN4096_c0_g1	map01220
TRINITY_DN4287_c0_g1	map01220
TRINITY_DN4380_c0_g1	map01220
TRINITY_DN4632_c0_g1	map01220
TRINITY_DN5163_c0_g1	map01220
TRINITY_DN5276_c0_g1	map01220
TRINITY_DN5360_c0_g1	map01220
TRINITY_DN5388_c1_g1	map01220
TRINITY_DN5580_c0_g1	map01220
TRINITY_DN5828_c0_g1	map01220
TRINITY_DN5889_c0_g1	map01220
TRINITY_DN6257_c0_g1	map01220
TRINITY_DN8765_c0_g1	map01220
TRINITY_DN9329_c0_g1	map01220
TRINITY_DN10558_c0_g1	map01230
TRINITY_DN10822_c0_g1	map01230
TRINITY_DN10865_c0_g1	map01230
TRINITY_DN10887_c0_g1	map01230
TRINITY_DN1100_c0_g1	map01230
TRINITY_DN1110_c0_g1	map01230
TRINITY_DN1113_c0_g1	map01230
TRINITY_DN1135_c0_g1	map01230
TRINITY_DN11438_c0_g1	map01230
TRINITY_DN11641_c0_g1	map01230
TRINITY_DN1173_c0_g1	map01230
TRINITY_DN1252_c0_g1	map01230
TRINITY_DN12695_c0_g1	map01230
TRINITY_DN1269_c0_g1	map01230
TRINITY_DN12728_c0_g1	map01230
TRINITY_DN12773_c0_g1	map01230
TRINITY_DN1279_c0_g1	map01230
TRINITY_DN127_c0_g1	map01230
TRINITY_DN12915_c0_g1	map01230
TRINITY_DN1296_c0_g1	map01230
TRINITY_DN137_c0_g1	map01230
TRINITY_DN14021_c1_g1	map01230
TRINITY_DN14107_c0_g1	map01230
TRINITY_DN14260_c0_g1	map01230
TRINITY_DN14282_c0_g1	map01230
TRINITY_DN14394_c0_g1	map01230
TRINITY_DN14484_c0_g1	map01230
TRINITY_DN144_c0_g1	map01230
TRINITY_DN14818_c0_g1	map01230
TRINITY_DN1538_c0_g1	map01230
TRINITY_DN1543_c0_g1	map01230
TRINITY_DN15871_c0_g1	map01230
TRINITY_DN15894_c0_g1	map01230
TRINITY_DN15954_c0_g1	map01230
TRINITY_DN16010_c0_g1	map01230
TRINITY_DN16047_c0_g1	map01230
TRINITY_DN16377_c0_g1	map01230
TRINITY_DN1684_c0_g1	map01230
TRINITY_DN1689_c0_g1	map01230
TRINITY_DN1709_c0_g1	map01230
TRINITY_DN1756_c0_g1	map01230
TRINITY_DN17811_c0_g1	map01230
TRINITY_DN17878_c0_g1	map01230
TRINITY_DN178_c0_g1	map01230
TRINITY_DN17929_c0_g1	map01230
TRINITY_DN1804_c0_g1	map01230
TRINITY_DN181_c0_g1	map01230
TRINITY_DN18241_c0_g1	map01230
TRINITY_DN18335_c0_g1	map01230
TRINITY_DN183_c0_g1	map01230
TRINITY_DN1854_c0_g1	map01230
TRINITY_DN1961_c0_g1	map01230
TRINITY_DN1984_c0_g1	map01230
TRINITY_DN1988_c0_g1	map01230
TRINITY_DN1989_c0_g1	map01230
TRINITY_DN2033_c0_g1	map01230
TRINITY_DN2347_c0_g1	map01230
TRINITY_DN23_c0_g1	map01230
TRINITY_DN2413_c0_g1	map01230
TRINITY_DN2420_c0_g1	map01230
TRINITY_DN2487_c0_g1	map01230
TRINITY_DN2526_c0_g1	map01230
TRINITY_DN2526_c0_g2	map01230
TRINITY_DN2526_c1_g1	map01230
TRINITY_DN25_c0_g1	map01230
TRINITY_DN2655_c0_g1	map01230
TRINITY_DN2730_c0_g1	map01230
TRINITY_DN2731_c0_g1	map01230
TRINITY_DN2759_c0_g1	map01230
TRINITY_DN2787_c0_g1	map01230
TRINITY_DN2810_c0_g1	map01230
TRINITY_DN2879_c0_g1	map01230
TRINITY_DN2897_c0_g1	map01230
TRINITY_DN2913_c0_g1	map01230
TRINITY_DN2952_c0_g1	map01230
TRINITY_DN3016_c0_g1	map01230
TRINITY_DN3046_c0_g1	map01230
TRINITY_DN3050_c0_g1	map01230
TRINITY_DN3079_c0_g1	map01230
TRINITY_DN3289_c0_g1	map01230
TRINITY_DN339_c0_g1	map01230
TRINITY_DN347_c0_g1	map01230
TRINITY_DN3624_c0_g1	map01230
TRINITY_DN3652_c0_g1	map01230
TRINITY_DN3727_c0_g1	map01230
TRINITY_DN3792_c0_g1	map01230
TRINITY_DN3816_c0_g1	map01230
TRINITY_DN3823_c0_g1	map01230
TRINITY_DN3835_c0_g1	map01230
TRINITY_DN3907_c0_g1	map01230
TRINITY_DN4175_c0_g1	map01230
TRINITY_DN4181_c0_g1	map01230
TRINITY_DN4186_c0_g1	map01230
TRINITY_DN4199_c0_g1	map01230
TRINITY_DN4272_c0_g1	map01230
TRINITY_DN4340_c0_g1	map01230
TRINITY_DN4361_c0_g1	map01230
TRINITY_DN4376_c0_g1	map01230
TRINITY_DN4484_c0_g1	map01230
TRINITY_DN4646_c1_g1	map01230
TRINITY_DN4654_c0_g1	map01230
TRINITY_DN4655_c0_g1	map01230
TRINITY_DN4850_c0_g1	map01230
TRINITY_DN4854_c0_g1	map01230
TRINITY_DN496_c0_g1	map01230
TRINITY_DN4_c1_g1	map01230
TRINITY_DN5054_c0_g1	map01230
TRINITY_DN5135_c0_g1	map01230
TRINITY_DN5239_c0_g1	map01230
TRINITY_DN5321_c1_g1	map01230
TRINITY_DN552_c0_g1	map01230
TRINITY_DN5682_c0_g1	map01230
TRINITY_DN580_c0_g1	map01230
TRINITY_DN582_c1_g1	map01230
TRINITY_DN590_c0_g1	map01230
TRINITY_DN592_c0_g1	map01230
TRINITY_DN607_c0_g1	map01230
TRINITY_DN616_c0_g1	map01230
TRINITY_DN6353_c0_g1	map01230
TRINITY_DN664_c0_g1	map01230
TRINITY_DN6741_c1_g1	map01230
TRINITY_DN674_c0_g1	map01230
TRINITY_DN6773_c0_g1	map01230
TRINITY_DN693_c0_g1	map01230
TRINITY_DN713_c0_g1	map01230
TRINITY_DN746_c0_g1	map01230
TRINITY_DN762_c0_g1	map01230
TRINITY_DN773_c0_g1	map01230
TRINITY_DN8797_c0_g1	map01230
TRINITY_DN8801_c0_g1	map01230
TRINITY_DN8817_c0_g1	map01230
TRINITY_DN886_c0_g1	map01230
TRINITY_DN8898_c0_g1	map01230
TRINITY_DN8_c0_g1	map01230
TRINITY_DN968_c0_g1	map01230
TRINITY_DN981_c0_g1	map01230
TRINITY_DN982_c0_g1	map01230
TRINITY_DN99_c0_g1	map01230
TRINITY_DN3172_c0_g1	map01501
TRINITY_DN1018_c0_g1	map01521
TRINITY_DN1029_c0_g1	map01521
TRINITY_DN12303_c0_g1	map01521
TRINITY_DN1324_c0_g1	map01521
TRINITY_DN209_c0_g1	map01521
TRINITY_DN2543_c0_g1	map01521
TRINITY_DN2648_c0_g1	map01521
TRINITY_DN2690_c0_g1	map01521
TRINITY_DN3029_c0_g1	map01521
TRINITY_DN3119_c0_g1	map01521
TRINITY_DN4556_c0_g1	map01521
TRINITY_DN481_c0_g1	map01521
TRINITY_DN532_c0_g1	map01521
TRINITY_DN1018_c0_g1	map01522
TRINITY_DN1029_c0_g1	map01522
TRINITY_DN2543_c0_g1	map01522
TRINITY_DN2648_c0_g1	map01522
TRINITY_DN3821_c0_g1	map01522
TRINITY_DN4556_c0_g1	map01522
TRINITY_DN481_c0_g1	map01522
TRINITY_DN871_c0_g1	map01522
TRINITY_DN962_c0_g1	map01522
TRINITY_DN10558_c0_g1	map01523
TRINITY_DN12501_c0_g1	map01523
TRINITY_DN14718_c0_g1	map01523
TRINITY_DN15837_c0_g1	map01523
TRINITY_DN168_c0_g1	map01523
TRINITY_DN17929_c0_g1	map01523
TRINITY_DN1855_c0_g1	map01523
TRINITY_DN2279_c0_g1	map01523
TRINITY_DN2952_c0_g1	map01523
TRINITY_DN3046_c0_g1	map01523
TRINITY_DN4028_c0_g1	map01523
TRINITY_DN4952_c0_g1	map01523
TRINITY_DN872_c0_g1	map01523
TRINITY_DN9043_c0_g1	map01523
TRINITY_DN1112_c0_g1	map01524
TRINITY_DN12516_c0_g1	map01524
TRINITY_DN1372_c0_g1	map01524
TRINITY_DN138_c0_g1	map01524
TRINITY_DN1400_c0_g1	map01524
TRINITY_DN15161_c0_g1	map01524
TRINITY_DN15874_c0_g1	map01524
TRINITY_DN1607_c0_g1	map01524
TRINITY_DN1736_c0_g1	map01524
TRINITY_DN1772_c0_g1	map01524
TRINITY_DN1841_c0_g3	map01524
TRINITY_DN1941_c0_g1	map01524
TRINITY_DN2543_c0_g1	map01524
TRINITY_DN2560_c0_g1	map01524
TRINITY_DN2641_c0_g1	map01524
TRINITY_DN268_c0_g1	map01524
TRINITY_DN3288_c0_g1	map01524
TRINITY_DN3350_c0_g1	map01524
TRINITY_DN3625_c0_g1	map01524
TRINITY_DN3953_c0_g1	map01524
TRINITY_DN405_c0_g1	map01524
TRINITY_DN4176_c0_g1	map01524
TRINITY_DN4602_c0_g1	map01524
TRINITY_DN4802_c0_g1	map01524
TRINITY_DN5398_c0_g1	map01524
TRINITY_DN556_c0_g1	map01524
TRINITY_DN5725_c0_g1	map01524
TRINITY_DN588_c0_g1	map01524
TRINITY_DN5915_c0_g1	map01524
TRINITY_DN6794_c3_g1	map01524
TRINITY_DN7967_c1_g1	map01524
TRINITY_DN8927_c0_g1	map01524
TRINITY_DN9041_c0_g1	map01524
TRINITY_DN9185_c0_g1	map01524
TRINITY_DN9440_c0_g1	map01524
TRINITY_DN973_c0_g1	map01524
TRINITY_DN12720_c0_g1	map02010
TRINITY_DN13011_c0_g1	map02010
TRINITY_DN13064_c0_g1	map02010
TRINITY_DN13234_c0_g1	map02010
TRINITY_DN1382_c0_g1	map02010
TRINITY_DN1426_c0_g1	map02010
TRINITY_DN158_c0_g1	map02010
TRINITY_DN1676_c0_g1	map02010
TRINITY_DN16901_c0_g1	map02010
TRINITY_DN17702_c0_g1	map02010
TRINITY_DN1821_c0_g1	map02010
TRINITY_DN2089_c1_g1	map02010
TRINITY_DN2339_c0_g1	map02010
TRINITY_DN2698_c0_g1	map02010
TRINITY_DN2757_c0_g1	map02010
TRINITY_DN2784_c0_g1	map02010
TRINITY_DN3142_c0_g1	map02010
TRINITY_DN3661_c0_g1	map02010
TRINITY_DN4028_c0_g1	map02010
TRINITY_DN4228_c0_g1	map02010
TRINITY_DN4336_c0_g1	map02010
TRINITY_DN4798_c0_g1	map02010
TRINITY_DN48_c0_g1	map02010
TRINITY_DN4996_c0_g1	map02010
TRINITY_DN627_c0_g1	map02010
TRINITY_DN8963_c0_g1	map02010
TRINITY_DN8968_c0_g1	map02010
TRINITY_DN9083_c0_g1	map02010
TRINITY_DN1029_c0_g1	map02020
TRINITY_DN1191_c0_g1	map02020
TRINITY_DN12307_c0_g1	map02020
TRINITY_DN14054_c0_g1	map02020
TRINITY_DN14144_c0_g1	map02020
TRINITY_DN1474_c0_g1	map02020
TRINITY_DN160_c0_g1	map02020
TRINITY_DN1915_c0_g1	map02020
TRINITY_DN2033_c0_g1	map02020
TRINITY_DN2082_c1_g1	map02020
TRINITY_DN2738_c0_g1	map02020
TRINITY_DN2998_c0_g1	map02020
TRINITY_DN3116_c0_g1	map02020
TRINITY_DN3692_c0_g1	map02020
TRINITY_DN3985_c0_g1	map02020
TRINITY_DN398_c0_g1	map02020
TRINITY_DN527_c0_g1	map02020
TRINITY_DN5321_c1_g1	map02020
TRINITY_DN5351_c0_g1	map02020
TRINITY_DN5398_c0_g1	map02020
TRINITY_DN59_c0_g1	map02020
TRINITY_DN9198_c0_g1	map02020
TRINITY_DN1135_c0_g1	map02024
TRINITY_DN1550_c0_g1	map02024
TRINITY_DN16010_c0_g1	map02024
TRINITY_DN1952_c0_g1	map02024
TRINITY_DN2652_c0_g1	map02024
TRINITY_DN3016_c0_g1	map02024
TRINITY_DN3710_c0_g1	map02024
TRINITY_DN4037_c0_g1	map02024
TRINITY_DN4361_c0_g1	map02024
TRINITY_DN4854_c0_g1	map02024
TRINITY_DN4895_c0_g1	map02024
TRINITY_DN5422_c0_g1	map02024
TRINITY_DN5491_c0_g1	map02024
TRINITY_DN661_c0_g1	map02024
TRINITY_DN8990_c0_g1	map02024
TRINITY_DN22_c0_g1	map02025
TRINITY_DN4361_c0_g1	map02025
TRINITY_DN8690_c0_g1	map02026
TRINITY_DN10542_c0_g1	map03008
TRINITY_DN10588_c0_g1	map03008
TRINITY_DN10859_c0_g1	map03008
TRINITY_DN1109_c0_g1	map03008
TRINITY_DN1234_c0_g1	map03008
TRINITY_DN12355_c0_g1	map03008
TRINITY_DN1281_c0_g1	map03008
TRINITY_DN1313_c0_g1	map03008
TRINITY_DN14064_c0_g1	map03008
TRINITY_DN14073_c0_g1	map03008
TRINITY_DN14379_c0_g1	map03008
TRINITY_DN147_c0_g1	map03008
TRINITY_DN1516_c0_g1	map03008
TRINITY_DN16191_c0_g1	map03008
TRINITY_DN1677_c0_g1	map03008
TRINITY_DN17610_c0_g1	map03008
TRINITY_DN17643_c0_g1	map03008
TRINITY_DN17750_c0_g1	map03008
TRINITY_DN1783_c0_g1	map03008
TRINITY_DN1890_c0_g1	map03008
TRINITY_DN2082_c0_g2	map03008
TRINITY_DN2132_c0_g1	map03008
TRINITY_DN2167_c0_g1	map03008
TRINITY_DN2213_c0_g1	map03008
TRINITY_DN2301_c0_g1	map03008
TRINITY_DN238_c0_g1	map03008
TRINITY_DN2400_c0_g1	map03008
TRINITY_DN2433_c0_g1	map03008
TRINITY_DN244_c0_g1	map03008
TRINITY_DN2550_c0_g1	map03008
TRINITY_DN2585_c0_g1	map03008
TRINITY_DN2600_c0_g1	map03008
TRINITY_DN2814_c0_g1	map03008
TRINITY_DN2895_c0_g1	map03008
TRINITY_DN2967_c0_g1	map03008
TRINITY_DN3314_c0_g1	map03008
TRINITY_DN3418_c0_g1	map03008
TRINITY_DN3490_c0_g1	map03008
TRINITY_DN36_c0_g1	map03008
TRINITY_DN3936_c0_g1	map03008
TRINITY_DN4176_c0_g1	map03008
TRINITY_DN418_c0_g1	map03008
TRINITY_DN4262_c0_g1	map03008
TRINITY_DN4309_c0_g1	map03008
TRINITY_DN4444_c0_g1	map03008
TRINITY_DN4456_c0_g1	map03008
TRINITY_DN4631_c0_g1	map03008
TRINITY_DN4892_c1_g1	map03008
TRINITY_DN499_c0_g1	map03008
TRINITY_DN5001_c0_g1	map03008
TRINITY_DN5069_c0_g1	map03008
TRINITY_DN5088_c0_g1	map03008
TRINITY_DN50_c0_g1	map03008
TRINITY_DN525_c0_g1	map03008
TRINITY_DN545_c0_g1	map03008
TRINITY_DN589_c0_g1	map03008
TRINITY_DN600_c0_g1	map03008
TRINITY_DN6092_c0_g1	map03008
TRINITY_DN667_c0_g1	map03008
TRINITY_DN679_c0_g1	map03008
TRINITY_DN733_c0_g1	map03008
TRINITY_DN819_c0_g1	map03008
TRINITY_DN8663_c1_g1	map03008
TRINITY_DN8722_c0_g1	map03008
TRINITY_DN8763_c0_g1	map03008
TRINITY_DN8772_c0_g1	map03008
TRINITY_DN8847_c0_g1	map03008
TRINITY_DN8863_c0_g1	map03008
TRINITY_DN8935_c0_g1	map03008
TRINITY_DN8992_c0_g1	map03008
TRINITY_DN9263_c0_g1	map03008
TRINITY_DN942_c0_g1	map03008
TRINITY_DN1022_c0_g1	map03010
TRINITY_DN10677_c0_g1	map03010
TRINITY_DN1141_c0_g1	map03010
TRINITY_DN1155_c0_g1	map03010
TRINITY_DN1168_c0_g1	map03010
TRINITY_DN121_c0_g1	map03010
TRINITY_DN12300_c0_g1	map03010
TRINITY_DN12543_c0_g1	map03010
TRINITY_DN1265_c0_g1	map03010
TRINITY_DN1297_c0_g1	map03010
TRINITY_DN1308_c0_g1	map03010
TRINITY_DN1375_c0_g1	map03010
TRINITY_DN1377_c0_g1	map03010
TRINITY_DN1397_c0_g1	map03010
TRINITY_DN1467_c0_g1	map03010
TRINITY_DN1469_c0_g1	map03010
TRINITY_DN1470_c0_g1	map03010
TRINITY_DN1473_c0_g1	map03010
TRINITY_DN147_c0_g1	map03010
TRINITY_DN150_c0_g1	map03010
TRINITY_DN1532_c0_g1	map03010
TRINITY_DN1572_c0_g1	map03010
TRINITY_DN1644_c0_g1	map03010
TRINITY_DN16657_c0_g1	map03010
TRINITY_DN16719_c0_g1	map03010
TRINITY_DN1716_c0_g1	map03010
TRINITY_DN1726_c0_g1	map03010
TRINITY_DN1761_c0_g1	map03010
TRINITY_DN17622_c0_g1	map03010
TRINITY_DN17659_c0_g1	map03010
TRINITY_DN1807_c0_g1	map03010
TRINITY_DN1820_c0_g1	map03010
TRINITY_DN1998_c0_g1	map03010
TRINITY_DN2008_c0_g1	map03010
TRINITY_DN2052_c0_g1	map03010
TRINITY_DN2100_c0_g1	map03010
TRINITY_DN2120_c0_g1	map03010
TRINITY_DN2122_c0_g1	map03010
TRINITY_DN2165_c0_g1	map03010
TRINITY_DN221_c0_g1	map03010
TRINITY_DN222_c0_g1	map03010
TRINITY_DN2293_c0_g1	map03010
TRINITY_DN229_c0_g1	map03010
TRINITY_DN2304_c0_g1	map03010
TRINITY_DN2345_c0_g1	map03010
TRINITY_DN2376_c0_g1	map03010
TRINITY_DN2377_c0_g1	map03010
TRINITY_DN238_c0_g1	map03010
TRINITY_DN2394_c0_g1	map03010
TRINITY_DN2490_c0_g1	map03010
TRINITY_DN2595_c0_g1	map03010
TRINITY_DN2600_c0_g1	map03010
TRINITY_DN2608_c0_g1	map03010
TRINITY_DN2647_c0_g1	map03010
TRINITY_DN2733_c0_g1	map03010
TRINITY_DN2774_c0_g1	map03010
TRINITY_DN27_c0_g1	map03010
TRINITY_DN2836_c0_g1	map03010
TRINITY_DN2858_c0_g1	map03010
TRINITY_DN2945_c0_g1	map03010
TRINITY_DN3042_c0_g1	map03010
TRINITY_DN3081_c0_g1	map03010
TRINITY_DN30_c0_g1	map03010
TRINITY_DN3107_c0_g1	map03010
TRINITY_DN3252_c0_g1	map03010
TRINITY_DN3506_c0_g1	map03010
TRINITY_DN3552_c0_g1	map03010
TRINITY_DN3603_c0_g1	map03010
TRINITY_DN3765_c0_g1	map03010
TRINITY_DN3773_c0_g1	map03010
TRINITY_DN3_c0_g1	map03010
TRINITY_DN419_c0_g1	map03010
TRINITY_DN425_c0_g1	map03010
TRINITY_DN4324_c0_g1	map03010
TRINITY_DN4425_c0_g1	map03010
TRINITY_DN4433_c0_g1	map03010
TRINITY_DN4639_c0_g1	map03010
TRINITY_DN465_c0_g1	map03010
TRINITY_DN4699_c0_g1	map03010
TRINITY_DN4749_c0_g1	map03010
TRINITY_DN4803_c0_g1	map03010
TRINITY_DN487_c0_g1	map03010
TRINITY_DN4920_c1_g1	map03010
TRINITY_DN500_c0_g1	map03010
TRINITY_DN5295_c0_g1	map03010
TRINITY_DN5307_c0_g2	map03010
TRINITY_DN532_c0_g1	map03010
TRINITY_DN5462_c0_g1	map03010
TRINITY_DN5780_c0_g1	map03010
TRINITY_DN5975_c0_g1	map03010
TRINITY_DN624_c0_g1	map03010
TRINITY_DN677_c0_g1	map03010
TRINITY_DN6841_c0_g1	map03010
TRINITY_DN7140_c0_g1	map03010
TRINITY_DN7147_c0_g1	map03010
TRINITY_DN735_c0_g1	map03010
TRINITY_DN741_c0_g1	map03010
TRINITY_DN745_c0_g1	map03010
TRINITY_DN751_c0_g1	map03010
TRINITY_DN7613_c0_g1	map03010
TRINITY_DN7613_c0_g2	map03010
TRINITY_DN775_c0_g1	map03010
TRINITY_DN826_c0_g1	map03010
TRINITY_DN839_c0_g1	map03010
TRINITY_DN8797_c0_g1	map03010
TRINITY_DN879_c0_g1	map03010
TRINITY_DN899_c0_g1	map03010
TRINITY_DN1026_c0_g2	map03013
TRINITY_DN10707_c0_g1	map03013
TRINITY_DN1088_c0_g1	map03013
TRINITY_DN1109_c0_g1	map03013
TRINITY_DN1193_c0_g1	map03013
TRINITY_DN11_c0_g1	map03013
TRINITY_DN1221_c4_g1	map03013
TRINITY_DN12303_c0_g1	map03013
TRINITY_DN12306_c0_g1	map03013
TRINITY_DN1270_c0_g2	map03013
TRINITY_DN1275_c0_g1	map03013
TRINITY_DN1303_c0_g1	map03013
TRINITY_DN14003_c0_g1	map03013
TRINITY_DN14049_c0_g1	map03013
TRINITY_DN14084_c0_g1	map03013
TRINITY_DN14150_c0_g1	map03013
TRINITY_DN14405_c1_g1	map03013
TRINITY_DN147_c0_g1	map03013
TRINITY_DN15137_c0_g1	map03013
TRINITY_DN15816_c1_g1	map03013
TRINITY_DN15870_c0_g1	map03013
TRINITY_DN15_c0_g1	map03013
TRINITY_DN160_c0_g1	map03013
TRINITY_DN16312_c0_g1	map03013
TRINITY_DN1757_c0_g1	map03013
TRINITY_DN17639_c0_g1	map03013
TRINITY_DN17884_c0_g1	map03013
TRINITY_DN17963_c0_g1	map03013
TRINITY_DN1826_c0_g1	map03013
TRINITY_DN1987_c0_g1	map03013
TRINITY_DN2006_c0_g1	map03013
TRINITY_DN2018_c0_g1	map03013
TRINITY_DN2101_c0_g1	map03013
TRINITY_DN2132_c0_g1	map03013
TRINITY_DN2201_c0_g1	map03013
TRINITY_DN2215_c0_g1	map03013
TRINITY_DN2353_c0_g1	map03013
TRINITY_DN2397_c0_g1	map03013
TRINITY_DN2400_c0_g1	map03013
TRINITY_DN2416_c0_g1	map03013
TRINITY_DN2448_c0_g1	map03013
TRINITY_DN2482_c0_g1	map03013
TRINITY_DN2505_c0_g1	map03013
TRINITY_DN2550_c0_g1	map03013
TRINITY_DN2707_c0_g1	map03013
TRINITY_DN2812_c0_g1	map03013
TRINITY_DN285_c0_g1	map03013
TRINITY_DN2868_c0_g1	map03013
TRINITY_DN2882_c0_g1	map03013
TRINITY_DN2887_c0_g1	map03013
TRINITY_DN2967_c0_g1	map03013
TRINITY_DN2977_c0_g1	map03013
TRINITY_DN3119_c0_g1	map03013
TRINITY_DN3159_c0_g1	map03013
TRINITY_DN31_c0_g1	map03013
TRINITY_DN3232_c0_g1	map03013
TRINITY_DN3558_c0_g1	map03013
TRINITY_DN3572_c0_g1	map03013
TRINITY_DN373_c0_g1	map03013
TRINITY_DN3797_c0_g1	map03013
TRINITY_DN3803_c0_g1	map03013
TRINITY_DN3897_c0_g1	map03013
TRINITY_DN3898_c0_g1	map03013
TRINITY_DN418_c0_g1	map03013
TRINITY_DN433_c0_g1	map03013
TRINITY_DN4396_c0_g1	map03013
TRINITY_DN4419_c0_g1	map03013
TRINITY_DN4451_c0_g1	map03013
TRINITY_DN492_c0_g1	map03013
TRINITY_DN5001_c0_g1	map03013
TRINITY_DN50_c0_g1	map03013
TRINITY_DN528_c0_g1	map03013
TRINITY_DN536_c0_g1	map03013
TRINITY_DN540_c0_g1	map03013
TRINITY_DN6044_c0_g1	map03013
TRINITY_DN6092_c0_g1	map03013
TRINITY_DN633_c0_g1	map03013
TRINITY_DN683_c0_g1	map03013
TRINITY_DN688_c0_g1	map03013
TRINITY_DN691_c0_g1	map03013
TRINITY_DN693_c0_g1	map03013
TRINITY_DN708_c0_g1	map03013
TRINITY_DN733_c0_g1	map03013
TRINITY_DN745_c0_g1	map03013
TRINITY_DN814_c0_g1	map03013
TRINITY_DN817_c0_g1	map03013
TRINITY_DN819_c0_g1	map03013
TRINITY_DN82_c1_g1	map03013
TRINITY_DN8377_c0_g1	map03013
TRINITY_DN8847_c0_g1	map03013
TRINITY_DN8973_c0_g1	map03013
TRINITY_DN9007_c0_g1	map03013
TRINITY_DN942_c0_g1	map03013
TRINITY_DN1075_c0_g1	map03015
TRINITY_DN11_c0_g1	map03015
TRINITY_DN12279_c0_g1	map03015
TRINITY_DN122_c0_g1	map03015
TRINITY_DN12428_c0_g1	map03015
TRINITY_DN1270_c0_g2	map03015
TRINITY_DN1275_c0_g1	map03015
TRINITY_DN1303_c0_g1	map03015
TRINITY_DN1365_c0_g1	map03015
TRINITY_DN16025_c0_g1	map03015
TRINITY_DN17884_c0_g1	map03015
TRINITY_DN1841_c0_g2	map03015
TRINITY_DN1880_c0_g1	map03015
TRINITY_DN1921_c0_g1	map03015
TRINITY_DN2006_c0_g1	map03015
TRINITY_DN2132_c0_g1	map03015
TRINITY_DN2201_c0_g1	map03015
TRINITY_DN2215_c0_g1	map03015
TRINITY_DN2261_c0_g1	map03015
TRINITY_DN235_c0_g1	map03015
TRINITY_DN2448_c0_g1	map03015
TRINITY_DN244_c0_g1	map03015
TRINITY_DN2505_c0_g1	map03015
TRINITY_DN2868_c0_g1	map03015
TRINITY_DN2909_c0_g1	map03015
TRINITY_DN298_c0_g1	map03015
TRINITY_DN3070_c0_g1	map03015
TRINITY_DN3132_c0_g1	map03015
TRINITY_DN31_c0_g1	map03015
TRINITY_DN3507_c0_g1	map03015
TRINITY_DN3571_c0_g1	map03015
TRINITY_DN3589_c0_g1	map03015
TRINITY_DN3663_c0_g1	map03015
TRINITY_DN3776_c0_g1	map03015
TRINITY_DN3988_c0_g1	map03015
TRINITY_DN4060_c0_g1	map03015
TRINITY_DN4246_c0_g1	map03015
TRINITY_DN4742_c1_g1	map03015
TRINITY_DN501_c0_g1	map03015
TRINITY_DN50_c0_g1	map03015
TRINITY_DN5108_c0_g1	map03015
TRINITY_DN5920_c0_g1	map03015
TRINITY_DN683_c0_g1	map03015
TRINITY_DN691_c0_g1	map03015
TRINITY_DN708_c0_g1	map03015
TRINITY_DN7178_c0_g1	map03015
TRINITY_DN758_c0_g1	map03015
TRINITY_DN817_c0_g1	map03015
TRINITY_DN82_c1_g1	map03015
TRINITY_DN942_c0_g1	map03015
TRINITY_DN96_c0_g2	map03015
TRINITY_DN104_c0_g1	map03018
TRINITY_DN10642_c0_g1	map03018
TRINITY_DN10814_c0_g1	map03018
TRINITY_DN1094_c0_g1	map03018
TRINITY_DN1096_c0_g1	map03018
TRINITY_DN1113_c0_g1	map03018
TRINITY_DN1213_c0_g1	map03018
TRINITY_DN12341_c0_g1	map03018
TRINITY_DN12439_c0_g1	map03018
TRINITY_DN1296_c0_g1	map03018
TRINITY_DN14635_c0_g1	map03018
TRINITY_DN1498_c0_g1	map03018
TRINITY_DN1522_c0_g1	map03018
TRINITY_DN16103_c0_g1	map03018
TRINITY_DN17687_c0_g1	map03018
TRINITY_DN17822_c0_g1	map03018
TRINITY_DN1869_c0_g1	map03018
TRINITY_DN1877_c0_g1	map03018
TRINITY_DN2348_c0_g1	map03018
TRINITY_DN2583_c0_g1	map03018
TRINITY_DN2653_c0_g1	map03018
TRINITY_DN2740_c0_g1	map03018
TRINITY_DN2777_c0_g1	map03018
TRINITY_DN300_c0_g1	map03018
TRINITY_DN3164_c0_g1	map03018
TRINITY_DN3306_c0_g1	map03018
TRINITY_DN3440_c0_g1	map03018
TRINITY_DN3788_c0_g1	map03018
TRINITY_DN3820_c0_g1	map03018
TRINITY_DN4309_c0_g1	map03018
TRINITY_DN4369_c0_g1	map03018
TRINITY_DN442_c0_g1	map03018
TRINITY_DN4444_c0_g1	map03018
TRINITY_DN4491_c0_g1	map03018
TRINITY_DN4553_c0_g1	map03018
TRINITY_DN4706_c0_g1	map03018
TRINITY_DN4892_c1_g1	map03018
TRINITY_DN4950_c0_g1	map03018
TRINITY_DN5019_c0_g1	map03018
TRINITY_DN501_c0_g1	map03018
TRINITY_DN644_c0_g1	map03018
TRINITY_DN693_c0_g1	map03018
TRINITY_DN708_c0_g1	map03018
TRINITY_DN804_c0_g1	map03018
TRINITY_DN8736_c0_g1	map03018
TRINITY_DN88_c0_g1	map03018
TRINITY_DN906_c0_g1	map03018
TRINITY_DN926_c0_g1	map03018
TRINITY_DN1057_c0_g1	map03020
TRINITY_DN1107_c0_g1	map03020
TRINITY_DN1157_c0_g1	map03020
TRINITY_DN1185_c0_g1	map03020
TRINITY_DN1193_c0_g1	map03020
TRINITY_DN1386_c0_g1	map03020
TRINITY_DN1444_c0_g1	map03020
TRINITY_DN17692_c0_g1	map03020
TRINITY_DN2547_c0_g1	map03020
TRINITY_DN2653_c0_g1	map03020
TRINITY_DN2734_c0_g1	map03020
TRINITY_DN34_c0_g1	map03020
TRINITY_DN3665_c0_g1	map03020
TRINITY_DN3758_c0_g1	map03020
TRINITY_DN4215_c0_g1	map03020
TRINITY_DN4716_c0_g1	map03020
TRINITY_DN480_c0_g1	map03020
TRINITY_DN489_c0_g1	map03020
TRINITY_DN5643_c1_g1	map03020
TRINITY_DN597_c0_g1	map03020
TRINITY_DN651_c1_g1	map03020
TRINITY_DN6941_c0_g1	map03020
TRINITY_DN6998_c0_g1	map03020
TRINITY_DN742_c0_g1	map03020
TRINITY_DN75_c0_g1	map03020
TRINITY_DN8710_c0_g1	map03020
TRINITY_DN9039_c0_g1	map03020
TRINITY_DN985_c0_g1	map03020
TRINITY_DN1002_c0_g1	map03022
TRINITY_DN116_c0_g1	map03022
TRINITY_DN12266_c0_g1	map03022
TRINITY_DN12326_c0_g1	map03022
TRINITY_DN1270_c0_g4	map03022
TRINITY_DN1270_c0_g5	map03022
TRINITY_DN1286_c0_g1	map03022
TRINITY_DN14056_c0_g1	map03022
TRINITY_DN1543_c0_g1	map03022
TRINITY_DN16074_c0_g1	map03022
TRINITY_DN1619_c0_g1	map03022
TRINITY_DN1736_c0_g1	map03022
TRINITY_DN1881_c0_g1	map03022
TRINITY_DN208_c0_g1	map03022
TRINITY_DN227_c0_g1	map03022
TRINITY_DN2956_c0_g1	map03022
TRINITY_DN3255_c0_g1	map03022
TRINITY_DN348_c0_g1	map03022
TRINITY_DN3677_c0_g1	map03022
TRINITY_DN3756_c0_g1	map03022
TRINITY_DN3891_c0_g1	map03022
TRINITY_DN3895_c0_g1	map03022
TRINITY_DN4405_c0_g1	map03022
TRINITY_DN4518_c0_g1	map03022
TRINITY_DN4698_c0_g1	map03022
TRINITY_DN475_c0_g1	map03022
TRINITY_DN4903_c0_g1	map03022
TRINITY_DN4972_c0_g1	map03022
TRINITY_DN5075_c0_g1	map03022
TRINITY_DN519_c0_g1	map03022
TRINITY_DN5273_c0_g1	map03022
TRINITY_DN8457_c0_g1	map03022
TRINITY_DN8727_c0_g1	map03022
TRINITY_DN10690_c0_g1	map03030
TRINITY_DN1079_c0_g1	map03030
TRINITY_DN10815_c0_g1	map03030
TRINITY_DN1146_c0_g1	map03030
TRINITY_DN12396_c0_g1	map03030
TRINITY_DN14196_c0_g1	map03030
TRINITY_DN14217_c0_g1	map03030
TRINITY_DN14313_c0_g1	map03030
TRINITY_DN1516_c0_g1	map03030
TRINITY_DN15939_c0_g1	map03030
TRINITY_DN15954_c0_g1	map03030
TRINITY_DN16075_c0_g1	map03030
TRINITY_DN16121_c0_g1	map03030
TRINITY_DN16150_c0_g1	map03030
TRINITY_DN16535_c0_g1	map03030
TRINITY_DN1689_c0_g1	map03030
TRINITY_DN16965_c0_g1	map03030
TRINITY_DN17822_c0_g1	map03030
TRINITY_DN2075_c0_g1	map03030
TRINITY_DN2131_c0_g1	map03030
TRINITY_DN2727_c0_g1	map03030
TRINITY_DN3026_c0_g1	map03030
TRINITY_DN3407_c0_g1	map03030
TRINITY_DN3456_c0_g1	map03030
TRINITY_DN3623_c0_g1	map03030
TRINITY_DN4104_c0_g1	map03030
TRINITY_DN4205_c0_g1	map03030
TRINITY_DN464_c0_g1	map03030
TRINITY_DN464_c0_g2	map03030
TRINITY_DN464_c1_g1	map03030
TRINITY_DN4710_c0_g1	map03030
TRINITY_DN4918_c0_g1	map03030
TRINITY_DN5234_c0_g1	map03030
TRINITY_DN63_c0_g1	map03030
TRINITY_DN742_c0_g1	map03030
TRINITY_DN8771_c0_g1	map03030
TRINITY_DN8941_c0_g1	map03030
TRINITY_DN904_c0_g1	map03030
TRINITY_DN1073_c0_g1	map03040
TRINITY_DN1094_c0_g1	map03040
TRINITY_DN10969_c0_g1	map03040
TRINITY_DN11099_c0_g1	map03040
TRINITY_DN1113_c0_g1	map03040
TRINITY_DN11150_c0_g1	map03040
TRINITY_DN1187_c0_g1	map03040
TRINITY_DN11_c0_g1	map03040
TRINITY_DN1225_c0_g1	map03040
TRINITY_DN12303_c0_g1	map03040
TRINITY_DN12346_c0_g1	map03040
TRINITY_DN12384_c0_g1	map03040
TRINITY_DN12465_c1_g1	map03040
TRINITY_DN1270_c0_g2	map03040
TRINITY_DN1275_c0_g1	map03040
TRINITY_DN1281_c0_g1	map03040
TRINITY_DN1334_c0_g1	map03040
TRINITY_DN14075_c0_g1	map03040
TRINITY_DN14635_c0_g1	map03040
TRINITY_DN1564_c0_g1	map03040
TRINITY_DN1578_c0_g1	map03040
TRINITY_DN15840_c0_g1	map03040
TRINITY_DN1593_c0_g2	map03040
TRINITY_DN16083_c0_g1	map03040
TRINITY_DN1694_c0_g1	map03040
TRINITY_DN170_c0_g1	map03040
TRINITY_DN170_c0_g2	map03040
TRINITY_DN171_c0_g1	map03040
TRINITY_DN1741_c0_g1	map03040
TRINITY_DN17831_c0_g1	map03040
TRINITY_DN17842_c0_g1	map03040
TRINITY_DN17884_c0_g1	map03040
TRINITY_DN17913_c0_g1	map03040
TRINITY_DN18051_c0_g1	map03040
TRINITY_DN18485_c0_g1	map03040
TRINITY_DN18875_c0_g1	map03040
TRINITY_DN1981_c0_g1	map03040
TRINITY_DN2006_c0_g1	map03040
TRINITY_DN2110_c0_g1	map03040
TRINITY_DN227_c0_g1	map03040
TRINITY_DN2333_c0_g1	map03040
TRINITY_DN2448_c0_g1	map03040
TRINITY_DN2463_c0_g1	map03040
TRINITY_DN249_c0_g1	map03040
TRINITY_DN2505_c0_g1	map03040
TRINITY_DN2511_c4_g1	map03040
TRINITY_DN2583_c0_g1	map03040
TRINITY_DN2682_c0_g2	map03040
TRINITY_DN272_c0_g1	map03040
TRINITY_DN2866_c0_g1	map03040
TRINITY_DN311_c0_g1	map03040
TRINITY_DN31_c0_g1	map03040
TRINITY_DN3308_c0_g1	map03040
TRINITY_DN3414_c0_g1	map03040
TRINITY_DN3423_c0_g1	map03040
TRINITY_DN3427_c0_g1	map03040
TRINITY_DN3617_c0_g1	map03040
TRINITY_DN3654_c0_g1	map03040
TRINITY_DN373_c0_g1	map03040
TRINITY_DN377_c0_g1	map03040
TRINITY_DN3797_c0_g1	map03040
TRINITY_DN3840_c0_g1	map03040
TRINITY_DN3855_c0_g1	map03040
TRINITY_DN385_c0_g1	map03040
TRINITY_DN3863_c0_g1	map03040
TRINITY_DN394_c0_g1	map03040
TRINITY_DN3984_c0_g1	map03040
TRINITY_DN408_c0_g1	map03040
TRINITY_DN446_c0_g1	map03040
TRINITY_DN4491_c0_g1	map03040
TRINITY_DN451_c0_g1	map03040
TRINITY_DN4560_c0_g1	map03040
TRINITY_DN495_c0_g1	map03040
TRINITY_DN524_c0_g1	map03040
TRINITY_DN528_c0_g1	map03040
TRINITY_DN579_c0_g1	map03040
TRINITY_DN593_c0_g1	map03040
TRINITY_DN619_c0_g1	map03040
TRINITY_DN644_c0_g1	map03040
TRINITY_DN6594_c0_g1	map03040
TRINITY_DN6594_c0_g3	map03040
TRINITY_DN683_c0_g1	map03040
TRINITY_DN6998_c0_g1	map03040
TRINITY_DN73_c0_g1	map03040
TRINITY_DN742_c0_g1	map03040
TRINITY_DN7814_c0_g1	map03040
TRINITY_DN801_c0_g1	map03040
TRINITY_DN864_c0_g1	map03040
TRINITY_DN919_c0_g1	map03040
TRINITY_DN9218_c0_g1	map03040
TRINITY_DN9601_c0_g1	map03040
TRINITY_DN1077_c0_g1	map03050
TRINITY_DN10845_c0_g1	map03050
TRINITY_DN12407_c0_g1	map03050
TRINITY_DN12528_c0_g1	map03050
TRINITY_DN1383_c0_g1	map03050
TRINITY_DN16290_c0_g1	map03050
TRINITY_DN1754_c0_g2	map03050
TRINITY_DN18298_c0_g1	map03050
TRINITY_DN1855_c1_g1	map03050
TRINITY_DN2054_c0_g1	map03050
TRINITY_DN2057_c0_g1	map03050
TRINITY_DN2218_c0_g1	map03050
TRINITY_DN233_c0_g1	map03050
TRINITY_DN2462_c0_g1	map03050
TRINITY_DN2799_c0_g1	map03050
TRINITY_DN2911_c0_g1	map03050
TRINITY_DN2960_c0_g1	map03050
TRINITY_DN2985_c0_g1	map03050
TRINITY_DN3035_c0_g1	map03050
TRINITY_DN3103_c0_g1	map03050
TRINITY_DN3505_c0_g1	map03050
TRINITY_DN3830_c0_g1	map03050
TRINITY_DN3879_c0_g1	map03050
TRINITY_DN3895_c0_g1	map03050
TRINITY_DN3957_c0_g1	map03050
TRINITY_DN3977_c0_g1	map03050
TRINITY_DN4125_c0_g1	map03050
TRINITY_DN43_c0_g1	map03050
TRINITY_DN4601_c0_g1	map03050
TRINITY_DN4949_c0_g1	map03050
TRINITY_DN5061_c0_g1	map03050
TRINITY_DN5851_c0_g1	map03050
TRINITY_DN5899_c0_g1	map03050
TRINITY_DN891_c0_g1	map03050
TRINITY_DN919_c0_g1	map03050
TRINITY_DN986_c0_g1	map03050
TRINITY_DN10793_c0_g1	map03060
TRINITY_DN14000_c0_g1	map03060
TRINITY_DN1952_c0_g1	map03060
TRINITY_DN2157_c0_g1	map03060
TRINITY_DN246_c0_g1	map03060
TRINITY_DN2472_c0_g1	map03060
TRINITY_DN3041_c0_g1	map03060
TRINITY_DN345_c0_g1	map03060
TRINITY_DN3710_c0_g1	map03060
TRINITY_DN3801_c0_g1	map03060
TRINITY_DN3819_c0_g1	map03060
TRINITY_DN3911_c0_g1	map03060
TRINITY_DN4199_c0_g1	map03060
TRINITY_DN4305_c0_g1	map03060
TRINITY_DN4309_c0_g1	map03060
TRINITY_DN5240_c0_g1	map03060
TRINITY_DN6594_c0_g2	map03060
TRINITY_DN8854_c0_g1	map03060
TRINITY_DN1952_c0_g1	map03070
TRINITY_DN3710_c0_g1	map03070
TRINITY_DN11021_c0_g1	map03320
TRINITY_DN1216_c0_g1	map03320
TRINITY_DN12491_c0_g1	map03320
TRINITY_DN14133_c0_g1	map03320
TRINITY_DN14166_c0_g1	map03320
TRINITY_DN14198_c0_g1	map03320
TRINITY_DN17611_c0_g1	map03320
TRINITY_DN1772_c0_g1	map03320
TRINITY_DN17860_c0_g1	map03320
TRINITY_DN17911_c0_g1	map03320
TRINITY_DN1941_c0_g1	map03320
TRINITY_DN2128_c0_g1	map03320
TRINITY_DN2378_c0_g1	map03320
TRINITY_DN2403_c0_g1	map03320
TRINITY_DN3176_c0_g1	map03320
TRINITY_DN3570_c0_g1	map03320
TRINITY_DN3896_c0_g1	map03320
TRINITY_DN4449_c0_g1	map03320
TRINITY_DN4895_c0_g1	map03320
TRINITY_DN5307_c0_g1	map03320
TRINITY_DN5354_c0_g1	map03320
TRINITY_DN6487_c0_g1	map03320
TRINITY_DN661_c0_g1	map03320
TRINITY_DN8377_c0_g1	map03320
TRINITY_DN8378_c0_g1	map03320
TRINITY_DN8990_c0_g1	map03320
TRINITY_DN10690_c0_g1	map03410
TRINITY_DN1072_c0_g1	map03410
TRINITY_DN1146_c0_g1	map03410
TRINITY_DN14006_c0_g1	map03410
TRINITY_DN14188_c1_g1	map03410
TRINITY_DN14196_c0_g1	map03410
TRINITY_DN14217_c0_g1	map03410
TRINITY_DN14440_c0_g1	map03410
TRINITY_DN15948_c0_g1	map03410
TRINITY_DN1736_c0_g1	map03410
TRINITY_DN1751_c0_g1	map03410
TRINITY_DN17822_c0_g1	map03410
TRINITY_DN18440_c0_g1	map03410
TRINITY_DN2075_c0_g1	map03410
TRINITY_DN2727_c0_g1	map03410
TRINITY_DN2934_c0_g1	map03410
TRINITY_DN29_c0_g2	map03410
TRINITY_DN3308_c0_g1	map03410
TRINITY_DN3407_c0_g1	map03410
TRINITY_DN3456_c0_g1	map03410
TRINITY_DN3588_c0_g1	map03410
TRINITY_DN3802_c0_g1	map03410
TRINITY_DN409_c0_g1	map03410
TRINITY_DN4104_c0_g1	map03410
TRINITY_DN451_c0_g1	map03410
TRINITY_DN4790_c0_g1	map03410
TRINITY_DN63_c0_g1	map03410
TRINITY_DN742_c0_g1	map03410
TRINITY_DN10690_c0_g1	map03420
TRINITY_DN1079_c0_g1	map03420
TRINITY_DN10831_c0_g1	map03420
TRINITY_DN1146_c0_g1	map03420
TRINITY_DN12266_c0_g1	map03420
TRINITY_DN12396_c0_g1	map03420
TRINITY_DN12549_c0_g1	map03420
TRINITY_DN14056_c0_g1	map03420
TRINITY_DN14175_c0_g1	map03420
TRINITY_DN14217_c0_g1	map03420
TRINITY_DN14234_c0_g1	map03420
TRINITY_DN1516_c0_g1	map03420
TRINITY_DN15982_c0_g1	map03420
TRINITY_DN16121_c0_g1	map03420
TRINITY_DN1619_c0_g1	map03420
TRINITY_DN1689_c0_g1	map03420
TRINITY_DN17760_c0_g1	map03420
TRINITY_DN17822_c0_g1	map03420
TRINITY_DN18344_c0_g1	map03420
TRINITY_DN190_c0_g1	map03420
TRINITY_DN2075_c0_g1	map03420
TRINITY_DN2560_c0_g1	map03420
TRINITY_DN2561_c0_g1	map03420
TRINITY_DN2727_c0_g1	map03420
TRINITY_DN3026_c0_g1	map03420
TRINITY_DN3407_c0_g1	map03420
TRINITY_DN3456_c0_g1	map03420
TRINITY_DN3713_c0_g1	map03420
TRINITY_DN3891_c0_g1	map03420
TRINITY_DN3953_c0_g1	map03420
TRINITY_DN4104_c0_g1	map03420
TRINITY_DN4114_c0_g1	map03420
TRINITY_DN4405_c0_g1	map03420
TRINITY_DN4518_c0_g1	map03420
TRINITY_DN4698_c0_g1	map03420
TRINITY_DN5075_c0_g1	map03420
TRINITY_DN5080_c0_g1	map03420
TRINITY_DN519_c0_g1	map03420
TRINITY_DN63_c0_g1	map03420
TRINITY_DN742_c0_g1	map03420
TRINITY_DN8941_c0_g1	map03420
TRINITY_DN904_c0_g1	map03420
TRINITY_DN1079_c0_g1	map03430
TRINITY_DN1146_c0_g1	map03430
TRINITY_DN12396_c0_g1	map03430
TRINITY_DN1516_c0_g1	map03430
TRINITY_DN16121_c0_g1	map03430
TRINITY_DN1689_c0_g1	map03430
TRINITY_DN17760_c0_g1	map03430
TRINITY_DN17822_c0_g1	map03430
TRINITY_DN1801_c0_g1	map03430
TRINITY_DN18344_c0_g1	map03430
TRINITY_DN2075_c0_g1	map03430
TRINITY_DN2524_c0_g1	map03430
TRINITY_DN2641_c0_g1	map03430
TRINITY_DN2727_c0_g1	map03430
TRINITY_DN3026_c0_g1	map03430
TRINITY_DN3288_c0_g1	map03430
TRINITY_DN3407_c0_g1	map03430
TRINITY_DN3456_c0_g1	map03430
TRINITY_DN3862_c0_g1	map03430
TRINITY_DN4104_c0_g1	map03430
TRINITY_DN8927_c0_g1	map03430
TRINITY_DN8941_c0_g1	map03430
TRINITY_DN9041_c0_g1	map03430
TRINITY_DN904_c0_g1	map03430
TRINITY_DN1079_c0_g1	map03440
TRINITY_DN1146_c0_g1	map03440
TRINITY_DN12397_c0_g1	map03440
TRINITY_DN1412_c0_g1	map03440
TRINITY_DN1606_c0_g3	map03440
TRINITY_DN1689_c0_g1	map03440
TRINITY_DN17822_c0_g1	map03440
TRINITY_DN1906_c0_g1	map03440
TRINITY_DN2318_c1_g1	map03440
TRINITY_DN2715_c0_g1	map03440
TRINITY_DN2765_c0_g1	map03440
TRINITY_DN2957_c0_g1	map03440
TRINITY_DN3350_c0_g1	map03440
TRINITY_DN3407_c0_g1	map03440
TRINITY_DN3456_c0_g1	map03440
TRINITY_DN4006_c0_g1	map03440
TRINITY_DN4738_c0_g1	map03440
TRINITY_DN5089_c0_g1	map03440
TRINITY_DN515_c0_g1	map03440
TRINITY_DN559_c0_g1	map03440
TRINITY_DN78_c0_g1	map03440
TRINITY_DN804_c0_g1	map03440
TRINITY_DN904_c0_g1	map03440
TRINITY_DN1187_c0_g1	map03450
TRINITY_DN12397_c0_g1	map03450
TRINITY_DN14196_c0_g1	map03450
TRINITY_DN1736_c0_g1	map03450
TRINITY_DN2765_c0_g1	map03450
TRINITY_DN3467_c0_g1	map03450
TRINITY_DN409_c0_g1	map03450
TRINITY_DN4144_c0_g1	map03450
TRINITY_DN4738_c0_g1	map03450
TRINITY_DN5097_c0_g1	map03450
TRINITY_DN8745_c0_g1	map03450
TRINITY_DN1079_c0_g1	map03460
TRINITY_DN10832_c0_g1	map03460
TRINITY_DN11057_c0_g1	map03460
TRINITY_DN1187_c0_g1	map03460
TRINITY_DN138_c0_g1	map03460
TRINITY_DN1412_c0_g1	map03460
TRINITY_DN14234_c0_g1	map03460
TRINITY_DN15874_c0_g1	map03460
TRINITY_DN1606_c0_g3	map03460
TRINITY_DN1689_c0_g1	map03460
TRINITY_DN17687_c0_g1	map03460
TRINITY_DN17793_c0_g1	map03460
TRINITY_DN2318_c1_g1	map03460
TRINITY_DN2524_c0_g1	map03460
TRINITY_DN2560_c0_g1	map03460
TRINITY_DN2715_c0_g1	map03460
TRINITY_DN2957_c0_g1	map03460
TRINITY_DN383_c0_g1	map03460
TRINITY_DN4006_c0_g1	map03460
TRINITY_DN4357_c0_g1	map03460
TRINITY_DN4359_c0_g1	map03460
TRINITY_DN4730_c0_g1	map03460
TRINITY_DN556_c0_g1	map03460
TRINITY_DN559_c0_g1	map03460
TRINITY_DN9041_c0_g1	map03460
TRINITY_DN904_c0_g1	map03460
TRINITY_DN1008_c0_g1	map04010
TRINITY_DN1018_c0_g1	map04010
TRINITY_DN1029_c0_g1	map04010
TRINITY_DN1324_c0_g1	map04010
TRINITY_DN14012_c0_g1	map04010
TRINITY_DN1465_c0_g1	map04010
TRINITY_DN16131_c0_g1	map04010
TRINITY_DN209_c0_g1	map04010
TRINITY_DN2543_c0_g1	map04010
TRINITY_DN2648_c0_g1	map04010
TRINITY_DN3178_c0_g1	map04010
TRINITY_DN3184_c0_g1	map04010
TRINITY_DN3821_c0_g1	map04010
TRINITY_DN3882_c0_g1	map04010
TRINITY_DN3906_c0_g1	map04010
TRINITY_DN481_c0_g1	map04010
TRINITY_DN5001_c0_g1	map04010
TRINITY_DN629_c0_g1	map04010
TRINITY_DN6381_c0_g1	map04010
TRINITY_DN6594_c0_g1	map04010
TRINITY_DN6594_c0_g3	map04010
TRINITY_DN827_c0_g1	map04010
TRINITY_DN871_c0_g1	map04010
TRINITY_DN898_c0_g1	map04010
TRINITY_DN9266_c0_g1	map04010
TRINITY_DN962_c0_g1	map04010
TRINITY_DN977_c0_g1	map04010
TRINITY_DN1037_c0_g1	map04011
TRINITY_DN10562_c0_g1	map04011
TRINITY_DN10844_c0_g1	map04011
TRINITY_DN10998_c0_g1	map04011
TRINITY_DN11442_c0_g1	map04011
TRINITY_DN1170_c0_g1	map04011
TRINITY_DN1170_c0_g2	map04011
TRINITY_DN11892_c0_g1	map04011
TRINITY_DN1238_c0_g1	map04011
TRINITY_DN12394_c0_g1	map04011
TRINITY_DN1253_c0_g1	map04011
TRINITY_DN12779_c0_g1	map04011
TRINITY_DN13040_c0_g1	map04011
TRINITY_DN1324_c0_g1	map04011
TRINITY_DN1325_c0_g1	map04011
TRINITY_DN14050_c0_g1	map04011
TRINITY_DN14054_c0_g1	map04011
TRINITY_DN14144_c0_g1	map04011
TRINITY_DN1432_c0_g1	map04011
TRINITY_DN14519_c0_g1	map04011
TRINITY_DN1497_c0_g1	map04011
TRINITY_DN1507_c0_g1	map04011
TRINITY_DN15784_c0_g1	map04011
TRINITY_DN15850_c0_g1	map04011
TRINITY_DN16054_c0_g1	map04011
TRINITY_DN16359_c0_g1	map04011
TRINITY_DN1734_c0_g1	map04011
TRINITY_DN17413_c0_g1	map04011
TRINITY_DN1772_c0_g1	map04011
TRINITY_DN18053_c0_g1	map04011
TRINITY_DN1814_c0_g1	map04011
TRINITY_DN19083_c0_g1	map04011
TRINITY_DN1941_c0_g1	map04011
TRINITY_DN1972_c0_g2	map04011
TRINITY_DN19_c0_g1	map04011
TRINITY_DN2084_c0_g1	map04011
TRINITY_DN20_c0_g2	map04011
TRINITY_DN2166_c0_g1	map04011
TRINITY_DN2174_c0_g1	map04011
TRINITY_DN2350_c0_g1	map04011
TRINITY_DN2543_c0_g1	map04011
TRINITY_DN254_c0_g1	map04011
TRINITY_DN2648_c0_g2	map04011
TRINITY_DN2948_c0_g1	map04011
TRINITY_DN298_c0_g1	map04011
TRINITY_DN2998_c0_g1	map04011
TRINITY_DN3083_c0_g1	map04011
TRINITY_DN3243_c0_g1	map04011
TRINITY_DN3253_c0_g1	map04011
TRINITY_DN334_c0_g1	map04011
TRINITY_DN3352_c0_g1	map04011
TRINITY_DN3384_c0_g1	map04011
TRINITY_DN33_c1_g1	map04011
TRINITY_DN3426_c0_g1	map04011
TRINITY_DN3582_c0_g1	map04011
TRINITY_DN3614_c0_g1	map04011
TRINITY_DN3740_c0_g1	map04011
TRINITY_DN3821_c0_g1	map04011
TRINITY_DN386_c0_g1	map04011
TRINITY_DN3906_c0_g1	map04011
TRINITY_DN398_c0_g1	map04011
TRINITY_DN4401_c0_g1	map04011
TRINITY_DN4413_c0_g1	map04011
TRINITY_DN4456_c0_g1	map04011
TRINITY_DN4659_c0_g1	map04011
TRINITY_DN4719_c0_g1	map04011
TRINITY_DN4740_c0_g1	map04011
TRINITY_DN4805_c0_g1	map04011
TRINITY_DN4923_c0_g1	map04011
TRINITY_DN5118_c0_g1	map04011
TRINITY_DN5211_c0_g1	map04011
TRINITY_DN5251_c0_g1	map04011
TRINITY_DN527_c0_g1	map04011
TRINITY_DN554_c1_g1	map04011
TRINITY_DN575_c0_g1	map04011
TRINITY_DN6484_c0_g1	map04011
TRINITY_DN685_c0_g1	map04011
TRINITY_DN714_c0_g1	map04011
TRINITY_DN763_c0_g1	map04011
TRINITY_DN792_c0_g1	map04011
TRINITY_DN795_c0_g1	map04011
TRINITY_DN814_c0_g1	map04011
TRINITY_DN877_c0_g1	map04011
TRINITY_DN894_c0_g1	map04011
TRINITY_DN898_c0_g1	map04011
TRINITY_DN9055_c0_g1	map04011
TRINITY_DN950_c0_g1	map04011
TRINITY_DN977_c0_g1	map04011
TRINITY_DN1018_c0_g1	map04012
TRINITY_DN1029_c0_g1	map04012
TRINITY_DN1324_c0_g1	map04012
TRINITY_DN2543_c0_g1	map04012
TRINITY_DN2648_c0_g1	map04012
TRINITY_DN3029_c0_g1	map04012
TRINITY_DN3906_c0_g1	map04012
TRINITY_DN4556_c0_g1	map04012
TRINITY_DN481_c0_g1	map04012
TRINITY_DN1008_c0_g1	map04013
TRINITY_DN1018_c0_g1	map04013
TRINITY_DN1029_c0_g1	map04013
TRINITY_DN1159_c0_g1	map04013
TRINITY_DN14012_c0_g1	map04013
TRINITY_DN14019_c0_g1	map04013
TRINITY_DN14081_c0_g1	map04013
TRINITY_DN16131_c0_g1	map04013
TRINITY_DN1661_c0_g1	map04013
TRINITY_DN2543_c0_g1	map04013
TRINITY_DN2648_c0_g1	map04013
TRINITY_DN28_c1_g1	map04013
TRINITY_DN28_c1_g2	map04013
TRINITY_DN2967_c0_g1	map04013
TRINITY_DN3326_c0_g1	map04013
TRINITY_DN3372_c0_g1	map04013
TRINITY_DN3776_c0_g1	map04013
TRINITY_DN3816_c0_g1	map04013
TRINITY_DN3821_c0_g1	map04013
TRINITY_DN481_c0_g1	map04013
TRINITY_DN6381_c0_g1	map04013
TRINITY_DN977_c0_g1	map04013
TRINITY_DN1018_c0_g1	map04014
TRINITY_DN1029_c0_g1	map04014
TRINITY_DN1052_c0_g1	map04014
TRINITY_DN1324_c0_g1	map04014
TRINITY_DN14519_c0_g1	map04014
TRINITY_DN1465_c0_g1	map04014
TRINITY_DN1766_c0_g1	map04014
TRINITY_DN1853_c0_g1	map04014
TRINITY_DN209_c0_g1	map04014
TRINITY_DN248_c0_g1	map04014
TRINITY_DN2543_c0_g1	map04014
TRINITY_DN2648_c0_g1	map04014
TRINITY_DN267_c0_g1	map04014
TRINITY_DN2738_c0_g1	map04014
TRINITY_DN3243_c0_g1	map04014
TRINITY_DN3882_c0_g1	map04014
TRINITY_DN3906_c0_g1	map04014
TRINITY_DN4401_c0_g1	map04014
TRINITY_DN481_c0_g1	map04014
TRINITY_DN485_c0_g1	map04014
TRINITY_DN575_c0_g1	map04014
TRINITY_DN57_c0_g1	map04014
TRINITY_DN827_c0_g1	map04014
TRINITY_DN871_c0_g1	map04014
TRINITY_DN9024_c0_g1	map04014
TRINITY_DN910_c0_g1	map04014
TRINITY_DN962_c0_g1	map04014
TRINITY_DN977_c0_g1	map04014
TRINITY_DN1029_c0_g1	map04015
TRINITY_DN1052_c0_g1	map04015
TRINITY_DN1324_c0_g1	map04015
TRINITY_DN1375_c0_g1	map04015
TRINITY_DN1661_c0_g1	map04015
TRINITY_DN2543_c0_g1	map04015
TRINITY_DN2648_c0_g1	map04015
TRINITY_DN3243_c0_g1	map04015
TRINITY_DN33_c1_g1	map04015
TRINITY_DN3821_c0_g1	map04015
TRINITY_DN4401_c0_g1	map04015
TRINITY_DN566_c0_g1	map04015
TRINITY_DN577_c0_g1	map04015
TRINITY_DN827_c0_g1	map04015
TRINITY_DN932_c0_g1	map04015
TRINITY_DN977_c0_g1	map04015
TRINITY_DN1052_c0_g1	map04016
TRINITY_DN10998_c0_g1	map04016
TRINITY_DN1112_c0_g1	map04016
TRINITY_DN1204_c0_g1	map04016
TRINITY_DN12530_c0_g1	map04016
TRINITY_DN12779_c0_g1	map04016
TRINITY_DN13040_c0_g1	map04016
TRINITY_DN14019_c0_g1	map04016
TRINITY_DN1734_c0_g1	map04016
TRINITY_DN18053_c0_g1	map04016
TRINITY_DN2166_c0_g1	map04016
TRINITY_DN3326_c0_g1	map04016
TRINITY_DN4740_c0_g1	map04016
TRINITY_DN9055_c0_g1	map04016
TRINITY_DN1052_c0_g1	map04020
TRINITY_DN1242_c0_g1	map04020
TRINITY_DN12698_c1_g1	map04020
TRINITY_DN1324_c0_g1	map04020
TRINITY_DN1461_c0_g1	map04020
TRINITY_DN15788_c0_g1	map04020
TRINITY_DN16277_c0_g1	map04020
TRINITY_DN1823_c0_g1	map04020
TRINITY_DN3178_c0_g1	map04020
TRINITY_DN3184_c0_g1	map04020
TRINITY_DN7_c1_g1	map04020
TRINITY_DN846_c0_g1	map04020
TRINITY_DN871_c0_g1	map04020
TRINITY_DN8872_c0_g1	map04020
TRINITY_DN962_c0_g1	map04020
TRINITY_DN1008_c0_g1	map04022
TRINITY_DN1052_c0_g1	map04022
TRINITY_DN1242_c0_g1	map04022
TRINITY_DN1324_c0_g1	map04022
TRINITY_DN14012_c0_g1	map04022
TRINITY_DN1461_c0_g1	map04022
TRINITY_DN16131_c0_g1	map04022
TRINITY_DN2543_c0_g1	map04022
TRINITY_DN3178_c0_g1	map04022
TRINITY_DN3184_c0_g1	map04022
TRINITY_DN3243_c0_g1	map04022
TRINITY_DN33_c1_g1	map04022
TRINITY_DN4401_c0_g1	map04022
TRINITY_DN4486_c0_g1	map04022
TRINITY_DN566_c0_g1	map04022
TRINITY_DN5920_c0_g1	map04022
TRINITY_DN6381_c0_g1	map04022
TRINITY_DN7_c1_g1	map04022
TRINITY_DN828_c0_g2	map04022
TRINITY_DN9266_c0_g1	map04022
TRINITY_DN932_c0_g1	map04022
TRINITY_DN96_c0_g2	map04022
TRINITY_DN1008_c0_g1	map04024
TRINITY_DN1052_c0_g1	map04024
TRINITY_DN14012_c0_g1	map04024
TRINITY_DN14133_c0_g1	map04024
TRINITY_DN14166_c0_g1	map04024
TRINITY_DN16131_c0_g1	map04024
TRINITY_DN1766_c0_g1	map04024
TRINITY_DN248_c0_g1	map04024
TRINITY_DN2543_c0_g1	map04024
TRINITY_DN3243_c0_g1	map04024
TRINITY_DN33_c1_g1	map04024
TRINITY_DN3906_c0_g1	map04024
TRINITY_DN4401_c0_g1	map04024
TRINITY_DN4486_c0_g1	map04024
TRINITY_DN566_c0_g1	map04024
TRINITY_DN5920_c0_g1	map04024
TRINITY_DN6381_c0_g1	map04024
TRINITY_DN6487_c0_g1	map04024
TRINITY_DN827_c0_g1	map04024
TRINITY_DN828_c0_g2	map04024
TRINITY_DN8378_c0_g1	map04024
TRINITY_DN871_c0_g1	map04024
TRINITY_DN910_c0_g1	map04024
TRINITY_DN932_c0_g1	map04024
TRINITY_DN962_c0_g1	map04024
TRINITY_DN96_c0_g2	map04024
TRINITY_DN977_c0_g1	map04024
TRINITY_DN1018_c0_g1	map04062
TRINITY_DN1029_c0_g1	map04062
TRINITY_DN12262_c0_g1	map04062
TRINITY_DN14519_c0_g1	map04062
TRINITY_DN18010_c0_g1	map04062
TRINITY_DN2543_c0_g1	map04062
TRINITY_DN2648_c0_g1	map04062
TRINITY_DN286_c0_g1	map04062
TRINITY_DN3029_c0_g1	map04062
TRINITY_DN3243_c0_g1	map04062
TRINITY_DN33_c1_g1	map04062
TRINITY_DN359_c0_g1	map04062
TRINITY_DN3906_c0_g1	map04062
TRINITY_DN39_c0_g1	map04062
TRINITY_DN39_c0_g2	map04062
TRINITY_DN4023_c0_g1	map04062
TRINITY_DN4401_c0_g1	map04062
TRINITY_DN481_c0_g1	map04062
TRINITY_DN566_c0_g1	map04062
TRINITY_DN701_c2_g1	map04062
TRINITY_DN827_c0_g1	map04062
TRINITY_DN871_c0_g1	map04062
TRINITY_DN932_c0_g1	map04062
TRINITY_DN962_c0_g1	map04062
TRINITY_DN977_c0_g1	map04062
TRINITY_DN16191_c0_g1	map04064
TRINITY_DN1757_c0_g1	map04064
TRINITY_DN1928_c0_g1	map04064
TRINITY_DN3350_c0_g1	map04064
TRINITY_DN5069_c0_g1	map04064
TRINITY_DN679_c0_g1	map04064
TRINITY_DN8663_c1_g1	map04064
TRINITY_DN10549_c0_g1	map04066
TRINITY_DN12303_c0_g1	map04066
TRINITY_DN1324_c0_g1	map04066
TRINITY_DN1822_c0_g1	map04066
TRINITY_DN190_c0_g1	map04066
TRINITY_DN1989_c0_g1	map04066
TRINITY_DN2349_c0_g1	map04066
TRINITY_DN2543_c0_g1	map04066
TRINITY_DN3101_c0_g1	map04066
TRINITY_DN3119_c0_g1	map04066
TRINITY_DN352_c0_g1	map04066
TRINITY_DN4369_c0_g1	map04066
TRINITY_DN4556_c0_g1	map04066
TRINITY_DN532_c0_g1	map04066
TRINITY_DN5563_c0_g1	map04066
TRINITY_DN693_c0_g1	map04066
TRINITY_DN9_c0_g2	map04066
TRINITY_DN1018_c0_g1	map04068
TRINITY_DN1029_c0_g1	map04068
TRINITY_DN1079_c0_g1	map04068
TRINITY_DN10998_c0_g1	map04068
TRINITY_DN12779_c0_g1	map04068
TRINITY_DN13040_c0_g1	map04068
TRINITY_DN14024_c0_g1	map04068
TRINITY_DN14081_c0_g1	map04068
TRINITY_DN1734_c0_g1	map04068
TRINITY_DN1772_c0_g1	map04068
TRINITY_DN18053_c0_g1	map04068
TRINITY_DN1837_c0_g1	map04068
TRINITY_DN1941_c0_g1	map04068
TRINITY_DN2166_c0_g1	map04068
TRINITY_DN2404_c0_g1	map04068
TRINITY_DN2543_c0_g1	map04068
TRINITY_DN2648_c0_g1	map04068
TRINITY_DN2690_c0_g1	map04068
TRINITY_DN28_c1_g1	map04068
TRINITY_DN28_c1_g2	map04068
TRINITY_DN3350_c0_g1	map04068
TRINITY_DN3821_c0_g1	map04068
TRINITY_DN4250_c0_g1	map04068
TRINITY_DN4740_c0_g1	map04068
TRINITY_DN481_c0_g1	map04068
TRINITY_DN627_c0_g1	map04068
TRINITY_DN663_c0_g1	map04068
TRINITY_DN9055_c0_g1	map04068
TRINITY_DN10526_c0_g1	map04070
TRINITY_DN1052_c0_g1	map04070
TRINITY_DN12698_c1_g1	map04070
TRINITY_DN1281_c0_g1	map04070
TRINITY_DN1324_c0_g1	map04070
TRINITY_DN1371_c0_g1	map04070
TRINITY_DN1376_c0_g1	map04070
TRINITY_DN15788_c0_g1	map04070
TRINITY_DN16277_c0_g1	map04070
TRINITY_DN1641_c0_g1	map04070
TRINITY_DN1841_c0_g2	map04070
TRINITY_DN2431_c0_g1	map04070
TRINITY_DN254_c0_g1	map04070
TRINITY_DN2564_c0_g1	map04070
TRINITY_DN2690_c0_g1	map04070
TRINITY_DN400_c0_g1	map04070
TRINITY_DN4049_c0_g1	map04070
TRINITY_DN4268_c0_g1	map04070
TRINITY_DN4307_c0_g1	map04070
TRINITY_DN4661_c0_g1	map04070
TRINITY_DN4955_c1_g1	map04070
TRINITY_DN5118_c0_g1	map04070
TRINITY_DN6001_c0_g1	map04070
TRINITY_DN6267_c0_g1	map04070
TRINITY_DN886_c0_g1	map04070
TRINITY_DN8872_c0_g1	map04070
TRINITY_DN1029_c0_g1	map04071
TRINITY_DN10771_c0_g1	map04071
TRINITY_DN12428_c0_g1	map04071
TRINITY_DN1324_c0_g1	map04071
TRINITY_DN1363_c0_g1	map04071
TRINITY_DN14063_c0_g1	map04071
TRINITY_DN1766_c0_g1	map04071
TRINITY_DN1772_c0_g1	map04071
TRINITY_DN1823_c0_g1	map04071
TRINITY_DN1941_c0_g1	map04071
TRINITY_DN244_c0_g1	map04071
TRINITY_DN248_c0_g1	map04071
TRINITY_DN2543_c0_g1	map04071
TRINITY_DN2630_c0_g1	map04071
TRINITY_DN2648_c0_g1	map04071
TRINITY_DN2690_c0_g1	map04071
TRINITY_DN2735_c0_g1	map04071
TRINITY_DN2993_c0_g1	map04071
TRINITY_DN3243_c0_g1	map04071
TRINITY_DN33_c1_g1	map04071
TRINITY_DN3776_c0_g1	map04071
TRINITY_DN3821_c0_g1	map04071
TRINITY_DN4060_c0_g1	map04071
TRINITY_DN4401_c0_g1	map04071
TRINITY_DN566_c0_g1	map04071
TRINITY_DN694_c0_g1	map04071
TRINITY_DN763_c0_g1	map04071
TRINITY_DN8875_c0_g1	map04071
TRINITY_DN910_c0_g1	map04071
TRINITY_DN932_c0_g1	map04071
TRINITY_DN9358_c0_g1	map04071
TRINITY_DN93_c0_g1	map04071
TRINITY_DN977_c0_g1	map04071
TRINITY_DN1018_c0_g1	map04072
TRINITY_DN1029_c0_g1	map04072
TRINITY_DN1324_c0_g1	map04072
TRINITY_DN1465_c0_g1	map04072
TRINITY_DN1766_c0_g1	map04072
TRINITY_DN1823_c0_g1	map04072
TRINITY_DN1838_c0_g1	map04072
TRINITY_DN2009_c0_g1	map04072
TRINITY_DN2444_c1_g1	map04072
TRINITY_DN248_c0_g1	map04072
TRINITY_DN2543_c0_g1	map04072
TRINITY_DN254_c0_g1	map04072
TRINITY_DN2648_c0_g1	map04072
TRINITY_DN3243_c0_g1	map04072
TRINITY_DN3882_c0_g1	map04072
TRINITY_DN4401_c0_g1	map04072
TRINITY_DN4556_c0_g1	map04072
TRINITY_DN481_c0_g1	map04072
TRINITY_DN485_c0_g1	map04072
TRINITY_DN57_c0_g1	map04072
TRINITY_DN910_c0_g1	map04072
TRINITY_DN12530_c0_g1	map04075
TRINITY_DN1485_c0_g1	map04080
TRINITY_DN7869_c0_g1	map04080
TRINITY_DN10866_c0_g1	map04110
TRINITY_DN11096_c0_g1	map04110
TRINITY_DN11199_c0_g1	map04110
TRINITY_DN1170_c0_g1	map04110
TRINITY_DN1170_c0_g2	map04110
TRINITY_DN12251_c0_g1	map04110
TRINITY_DN12266_c0_g1	map04110
TRINITY_DN12384_c0_g1	map04110
TRINITY_DN13575_c0_g1	map04110
TRINITY_DN1361_c1_g1	map04110
TRINITY_DN14002_c1_g1	map04110
TRINITY_DN14024_c0_g1	map04110
TRINITY_DN1433_c0_g1	map04110
TRINITY_DN1476_c0_g1	map04110
TRINITY_DN1546_c0_g1	map04110
TRINITY_DN15868_c0_g1	map04110
TRINITY_DN15939_c0_g1	map04110
TRINITY_DN15954_c0_g1	map04110
TRINITY_DN16080_c0_g1	map04110
TRINITY_DN16094_c0_g1	map04110
TRINITY_DN1668_c0_g1	map04110
TRINITY_DN18341_c0_g1	map04110
TRINITY_DN1902_c0_g1	map04110
TRINITY_DN190_c0_g1	map04110
TRINITY_DN1913_c0_g1	map04110
TRINITY_DN2075_c0_g1	map04110
TRINITY_DN222_c0_g1	map04110
TRINITY_DN2277_c0_g1	map04110
TRINITY_DN2324_c0_g1	map04110
TRINITY_DN2743_c0_g1	map04110
TRINITY_DN2803_c0_g1	map04110
TRINITY_DN2811_c0_g1	map04110
TRINITY_DN3029_c0_g1	map04110
TRINITY_DN3270_c0_g1	map04110
TRINITY_DN3350_c0_g1	map04110
TRINITY_DN3494_c0_g1	map04110
TRINITY_DN3558_c0_g1	map04110
TRINITY_DN3803_c0_g1	map04110
TRINITY_DN3_c0_g1	map04110
TRINITY_DN4368_c0_g1	map04110
TRINITY_DN4419_c0_g1	map04110
TRINITY_DN4502_c0_g1	map04110
TRINITY_DN456_c0_g1	map04110
TRINITY_DN464_c0_g1	map04110
TRINITY_DN464_c0_g2	map04110
TRINITY_DN464_c1_g1	map04110
TRINITY_DN4710_c0_g1	map04110
TRINITY_DN4713_c0_g1	map04110
TRINITY_DN4730_c0_g1	map04110
TRINITY_DN4765_c0_g1	map04110
TRINITY_DN4833_c0_g1	map04110
TRINITY_DN4918_c0_g1	map04110
TRINITY_DN519_c0_g1	map04110
TRINITY_DN6694_c0_g1	map04110
TRINITY_DN698_c0_g1	map04110
TRINITY_DN8771_c0_g1	map04110
TRINITY_DN8914_c0_g1	map04110
TRINITY_DN0_c0_g2	map04111
TRINITY_DN1033_c0_g1	map04111
TRINITY_DN10709_c0_g1	map04111
TRINITY_DN10734_c0_g1	map04111
TRINITY_DN10866_c0_g1	map04111
TRINITY_DN11096_c0_g1	map04111
TRINITY_DN11199_c0_g1	map04111
TRINITY_DN1190_c0_g1	map04111
TRINITY_DN1207_c0_g1	map04111
TRINITY_DN12289_c0_g1	map04111
TRINITY_DN12384_c0_g1	map04111
TRINITY_DN12501_c0_g1	map04111
TRINITY_DN1325_c0_g1	map04111
TRINITY_DN1356_c0_g1	map04111
TRINITY_DN13575_c0_g1	map04111
TRINITY_DN1361_c1_g1	map04111
TRINITY_DN14002_c1_g1	map04111
TRINITY_DN14024_c0_g1	map04111
TRINITY_DN14096_c0_g1	map04111
TRINITY_DN1418_c0_g1	map04111
TRINITY_DN14209_c0_g1	map04111
TRINITY_DN1425_c0_g1	map04111
TRINITY_DN1433_c0_g1	map04111
TRINITY_DN1476_c0_g1	map04111
TRINITY_DN1530_c0_g1	map04111
TRINITY_DN1546_c0_g1	map04111
TRINITY_DN15784_c0_g1	map04111
TRINITY_DN1585_c0_g1	map04111
TRINITY_DN15868_c0_g1	map04111
TRINITY_DN15912_c0_g1	map04111
TRINITY_DN15939_c0_g1	map04111
TRINITY_DN15954_c0_g1	map04111
TRINITY_DN16080_c0_g1	map04111
TRINITY_DN16094_c0_g1	map04111
TRINITY_DN16359_c0_g1	map04111
TRINITY_DN1648_c0_g1	map04111
TRINITY_DN1668_c0_g1	map04111
TRINITY_DN1744_c0_g1	map04111
TRINITY_DN1803_c0_g1	map04111
TRINITY_DN18341_c0_g1	map04111
TRINITY_DN1902_c0_g1	map04111
TRINITY_DN190_c0_g1	map04111
TRINITY_DN1913_c0_g1	map04111
TRINITY_DN1972_c0_g2	map04111
TRINITY_DN2164_c0_g1	map04111
TRINITY_DN222_c0_g1	map04111
TRINITY_DN2277_c0_g1	map04111
TRINITY_DN2324_c0_g1	map04111
TRINITY_DN244_c0_g1	map04111
TRINITY_DN2484_c0_g1	map04111
TRINITY_DN2643_c0_g1	map04111
TRINITY_DN2743_c0_g1	map04111
TRINITY_DN2745_c0_g1	map04111
TRINITY_DN2800_c0_g1	map04111
TRINITY_DN2803_c0_g1	map04111
TRINITY_DN2811_c0_g1	map04111
TRINITY_DN294_c0_g1	map04111
TRINITY_DN3270_c0_g1	map04111
TRINITY_DN3274_c0_g1	map04111
TRINITY_DN334_c0_g1	map04111
TRINITY_DN3494_c0_g1	map04111
TRINITY_DN3558_c0_g1	map04111
TRINITY_DN3628_c0_g1	map04111
TRINITY_DN3638_c0_g1	map04111
TRINITY_DN3776_c0_g1	map04111
TRINITY_DN3803_c0_g1	map04111
TRINITY_DN3_c0_g1	map04111
TRINITY_DN4060_c0_g1	map04111
TRINITY_DN4368_c0_g1	map04111
TRINITY_DN4413_c0_g1	map04111
TRINITY_DN4419_c0_g1	map04111
TRINITY_DN4439_c0_g1	map04111
TRINITY_DN4456_c0_g1	map04111
TRINITY_DN4489_c0_g1	map04111
TRINITY_DN4502_c0_g1	map04111
TRINITY_DN456_c0_g1	map04111
TRINITY_DN464_c0_g1	map04111
TRINITY_DN464_c0_g2	map04111
TRINITY_DN464_c1_g1	map04111
TRINITY_DN4710_c0_g1	map04111
TRINITY_DN4713_c0_g1	map04111
TRINITY_DN4719_c0_g1	map04111
TRINITY_DN4730_c0_g1	map04111
TRINITY_DN4765_c0_g1	map04111
TRINITY_DN4833_c0_g1	map04111
TRINITY_DN4918_c0_g1	map04111
TRINITY_DN494_c0_g1	map04111
TRINITY_DN4954_c0_g1	map04111
TRINITY_DN5251_c0_g1	map04111
TRINITY_DN546_c0_g1	map04111
TRINITY_DN6694_c0_g1	map04111
TRINITY_DN698_c0_g1	map04111
TRINITY_DN714_c0_g1	map04111
TRINITY_DN792_c0_g1	map04111
TRINITY_DN795_c0_g1	map04111
TRINITY_DN814_c0_g1	map04111
TRINITY_DN8771_c0_g1	map04111
TRINITY_DN8914_c0_g1	map04111
TRINITY_DN908_c0_g1	map04111
TRINITY_DN978_c0_g1	map04111
TRINITY_DN139_c0_g1	map04112
TRINITY_DN14318_c0_g1	map04112
TRINITY_DN242_c0_g1	map04112
TRINITY_DN786_c0_g1	map04112
TRINITY_DN10706_c0_g1	map04113
TRINITY_DN10839_c0_g1	map04113
TRINITY_DN10866_c0_g1	map04113
TRINITY_DN11096_c0_g1	map04113
TRINITY_DN11199_c0_g1	map04113
TRINITY_DN12384_c0_g1	map04113
TRINITY_DN12428_c0_g1	map04113
TRINITY_DN12501_c0_g1	map04113
TRINITY_DN1325_c0_g1	map04113
TRINITY_DN13575_c0_g1	map04113
TRINITY_DN1361_c1_g1	map04113
TRINITY_DN14002_c1_g1	map04113
TRINITY_DN14024_c0_g1	map04113
TRINITY_DN14096_c0_g1	map04113
TRINITY_DN1421_c0_g1	map04113
TRINITY_DN1439_c0_g1	map04113
TRINITY_DN1476_c0_g1	map04113
TRINITY_DN1546_c0_g1	map04113
TRINITY_DN15868_c0_g1	map04113
TRINITY_DN15912_c0_g1	map04113
TRINITY_DN15939_c0_g1	map04113
TRINITY_DN15954_c0_g1	map04113
TRINITY_DN16080_c0_g1	map04113
TRINITY_DN16094_c0_g1	map04113
TRINITY_DN1639_c0_g1	map04113
TRINITY_DN16419_c0_g1	map04113
TRINITY_DN1648_c0_g1	map04113
TRINITY_DN165_c0_g1	map04113
TRINITY_DN1668_c0_g1	map04113
TRINITY_DN16776_c0_g1	map04113
TRINITY_DN1790_c0_g1	map04113
TRINITY_DN1803_c0_g1	map04113
TRINITY_DN18341_c0_g1	map04113
TRINITY_DN1913_c0_g1	map04113
TRINITY_DN222_c0_g1	map04113
TRINITY_DN2277_c0_g1	map04113
TRINITY_DN22_c0_g1	map04113
TRINITY_DN2324_c0_g1	map04113
TRINITY_DN244_c0_g1	map04113
TRINITY_DN2484_c0_g1	map04113
TRINITY_DN2743_c0_g1	map04113
TRINITY_DN2803_c0_g1	map04113
TRINITY_DN3029_c0_g1	map04113
TRINITY_DN3161_c0_g1	map04113
TRINITY_DN3270_c0_g1	map04113
TRINITY_DN331_c0_g1	map04113
TRINITY_DN3494_c0_g1	map04113
TRINITY_DN3558_c0_g1	map04113
TRINITY_DN3776_c0_g1	map04113
TRINITY_DN3980_c0_g1	map04113
TRINITY_DN3_c0_g1	map04113
TRINITY_DN4502_c0_g1	map04113
TRINITY_DN456_c0_g1	map04113
TRINITY_DN4617_c0_g1	map04113
TRINITY_DN4627_c0_g1	map04113
TRINITY_DN464_c0_g1	map04113
TRINITY_DN464_c0_g2	map04113
TRINITY_DN464_c1_g1	map04113
TRINITY_DN4710_c0_g1	map04113
TRINITY_DN4713_c0_g1	map04113
TRINITY_DN4719_c0_g1	map04113
TRINITY_DN4730_c0_g1	map04113
TRINITY_DN4765_c0_g1	map04113
TRINITY_DN4833_c0_g1	map04113
TRINITY_DN4918_c0_g1	map04113
TRINITY_DN5251_c0_g1	map04113
TRINITY_DN5920_c0_g1	map04113
TRINITY_DN698_c0_g1	map04113
TRINITY_DN792_c0_g1	map04113
TRINITY_DN795_c0_g1	map04113
TRINITY_DN871_c0_g1	map04113
TRINITY_DN8771_c0_g1	map04113
TRINITY_DN8899_c0_g1	map04113
TRINITY_DN8914_c0_g1	map04113
TRINITY_DN962_c0_g1	map04113
TRINITY_DN96_c0_g2	map04113
TRINITY_DN989_c0_g1	map04113
TRINITY_DN1052_c0_g1	map04114
TRINITY_DN10706_c0_g1	map04114
TRINITY_DN10866_c0_g1	map04114
TRINITY_DN11096_c0_g1	map04114
TRINITY_DN11199_c0_g1	map04114
TRINITY_DN1170_c0_g1	map04114
TRINITY_DN1170_c0_g2	map04114
TRINITY_DN12428_c0_g1	map04114
TRINITY_DN13575_c0_g1	map04114
TRINITY_DN1361_c1_g1	map04114
TRINITY_DN14024_c0_g1	map04114
TRINITY_DN14096_c0_g1	map04114
TRINITY_DN1433_c0_g1	map04114
TRINITY_DN1476_c0_g1	map04114
TRINITY_DN16094_c0_g1	map04114
TRINITY_DN1668_c0_g1	map04114
TRINITY_DN16776_c0_g1	map04114
TRINITY_DN190_c0_g1	map04114
TRINITY_DN1997_c0_g1	map04114
TRINITY_DN2324_c0_g1	map04114
TRINITY_DN244_c0_g1	map04114
TRINITY_DN2543_c0_g1	map04114
TRINITY_DN2743_c0_g1	map04114
TRINITY_DN2803_c0_g1	map04114
TRINITY_DN3178_c0_g1	map04114
TRINITY_DN3184_c0_g1	map04114
TRINITY_DN3270_c0_g1	map04114
TRINITY_DN3494_c0_g1	map04114
TRINITY_DN3558_c0_g1	map04114
TRINITY_DN3776_c0_g1	map04114
TRINITY_DN4502_c0_g1	map04114
TRINITY_DN5920_c0_g1	map04114
TRINITY_DN6694_c0_g1	map04114
TRINITY_DN871_c0_g1	map04114
TRINITY_DN8774_c0_g1	map04114
TRINITY_DN8914_c0_g1	map04114
TRINITY_DN962_c0_g1	map04114
TRINITY_DN96_c0_g2	map04114
TRINITY_DN16080_c0_g1	map04115
TRINITY_DN2690_c0_g1	map04115
TRINITY_DN2811_c0_g1	map04115
TRINITY_DN3350_c0_g1	map04115
TRINITY_DN345_c0_g2	map04115
TRINITY_DN3_c0_g1	map04115
TRINITY_DN456_c0_g1	map04115
TRINITY_DN4730_c0_g1	map04115
TRINITY_DN4765_c0_g1	map04115
TRINITY_DN5398_c0_g1	map04115
TRINITY_DN1033_c0_g1	map04120
TRINITY_DN1035_c0_g1	map04120
TRINITY_DN10682_c0_g1	map04120
TRINITY_DN11096_c0_g1	map04120
TRINITY_DN11199_c0_g1	map04120
TRINITY_DN1159_c0_g1	map04120
TRINITY_DN1207_c0_g1	map04120
TRINITY_DN12458_c0_g1	map04120
TRINITY_DN13575_c0_g1	map04120
TRINITY_DN1401_c0_g1	map04120
TRINITY_DN14048_c0_g1	map04120
TRINITY_DN14175_c0_g1	map04120
TRINITY_DN1433_c0_g1	map04120
TRINITY_DN1503_c0_g1	map04120
TRINITY_DN1567_c0_g1	map04120
TRINITY_DN16094_c0_g1	map04120
TRINITY_DN1757_c0_g1	map04120
TRINITY_DN17960_c0_g1	map04120
TRINITY_DN1822_c0_g1	map04120
TRINITY_DN1902_c0_g1	map04120
TRINITY_DN190_c0_g1	map04120
TRINITY_DN1914_c0_g1	map04120
TRINITY_DN1915_c0_g1	map04120
TRINITY_DN1997_c0_g1	map04120
TRINITY_DN2743_c0_g1	map04120
TRINITY_DN2803_c0_g1	map04120
TRINITY_DN298_c0_g1	map04120
TRINITY_DN3270_c0_g1	map04120
TRINITY_DN3414_c0_g1	map04120
TRINITY_DN3494_c0_g1	map04120
TRINITY_DN3558_c0_g1	map04120
TRINITY_DN3678_c0_g1	map04120
TRINITY_DN3713_c0_g1	map04120
TRINITY_DN3755_c0_g1	map04120
TRINITY_DN3_c0_g1	map04120
TRINITY_DN4044_c0_g1	map04120
TRINITY_DN4489_c0_g1	map04120
TRINITY_DN4502_c0_g1	map04120
TRINITY_DN465_c0_g1	map04120
TRINITY_DN4742_c0_g2	map04120
TRINITY_DN4753_c0_g1	map04120
TRINITY_DN4930_c0_g1	map04120
TRINITY_DN5031_c0_g1	map04120
TRINITY_DN5080_c0_g1	map04120
TRINITY_DN532_c0_g1	map04120
TRINITY_DN546_c0_g1	map04120
TRINITY_DN5643_c1_g1	map04120
TRINITY_DN5982_c0_g1	map04120
TRINITY_DN6694_c0_g1	map04120
TRINITY_DN694_c0_g1	map04120
TRINITY_DN718_c0_g1	map04120
TRINITY_DN825_c0_g1	map04120
TRINITY_DN8774_c0_g1	map04120
TRINITY_DN8826_c2_g1	map04120
TRINITY_DN895_c0_g1	map04120
TRINITY_DN931_c0_g1	map04120
TRINITY_DN10661_c0_g1	map04122
TRINITY_DN2021_c0_g1	map04122
TRINITY_DN2238_c0_g1	map04122
TRINITY_DN300_c0_g1	map04122
TRINITY_DN3023_c0_g1	map04122
TRINITY_DN3081_c0_g1	map04122
TRINITY_DN3173_c0_g1	map04122
TRINITY_DN4480_c0_g1	map04122
TRINITY_DN83_c0_g1	map04122
TRINITY_DN899_c0_g1	map04122
TRINITY_DN1162_c0_g1	map04130
TRINITY_DN1196_c0_g1	map04130
TRINITY_DN15864_c0_g1	map04130
TRINITY_DN18084_c0_g1	map04130
TRINITY_DN2132_c0_g1	map04130
TRINITY_DN2622_c0_g1	map04130
TRINITY_DN2651_c0_g1	map04130
TRINITY_DN2827_c0_g1	map04130
TRINITY_DN2828_c0_g1	map04130
TRINITY_DN2980_c0_g1	map04130
TRINITY_DN3161_c0_g1	map04130
TRINITY_DN3287_c0_g1	map04130
TRINITY_DN4723_c0_g1	map04130
TRINITY_DN4956_c0_g1	map04130
TRINITY_DN567_c0_g1	map04130
TRINITY_DN780_c0_g1	map04130
TRINITY_DN900_c0_g1	map04130
TRINITY_DN10703_c1_g1	map04136
TRINITY_DN10877_c0_g1	map04136
TRINITY_DN1178_c0_g1	map04136
TRINITY_DN1247_c0_g1	map04136
TRINITY_DN14022_c0_g1	map04136
TRINITY_DN1574_c0_g1	map04136
TRINITY_DN1829_c0_g1	map04136
TRINITY_DN2031_c0_g1	map04136
TRINITY_DN2068_c0_g1	map04136
TRINITY_DN2200_c0_g1	map04136
TRINITY_DN2564_c0_g1	map04136
TRINITY_DN274_c0_g1	map04136
TRINITY_DN3451_c0_g1	map04136
TRINITY_DN3713_c0_g1	map04136
TRINITY_DN3776_c0_g1	map04136
TRINITY_DN3790_c0_g1	map04136
TRINITY_DN4250_c0_g1	map04136
TRINITY_DN4556_c0_g1	map04136
TRINITY_DN4_c0_g1	map04136
TRINITY_DN570_c0_g3	map04136
TRINITY_DN6532_c0_g2	map04136
TRINITY_DN1006_c0_g1	map04137
TRINITY_DN1029_c0_g1	map04137
TRINITY_DN14018_c0_g1	map04137
TRINITY_DN14022_c0_g1	map04137
TRINITY_DN16191_c0_g1	map04137
TRINITY_DN2295_c0_g1	map04137
TRINITY_DN2648_c0_g1	map04137
TRINITY_DN274_c0_g1	map04137
TRINITY_DN3403_c0_g1	map04137
TRINITY_DN3589_c0_g1	map04137
TRINITY_DN3713_c0_g1	map04137
TRINITY_DN3896_c0_g1	map04137
TRINITY_DN5069_c0_g1	map04137
TRINITY_DN661_c0_g1	map04137
TRINITY_DN679_c0_g1	map04137
TRINITY_DN8663_c1_g1	map04137
TRINITY_DN9266_c0_g1	map04137
TRINITY_DN1029_c0_g1	map04138
TRINITY_DN10521_c2_g1	map04138
TRINITY_DN10522_c0_g1	map04138
TRINITY_DN10703_c1_g1	map04138
TRINITY_DN10839_c0_g1	map04138
TRINITY_DN10877_c0_g1	map04138
TRINITY_DN1162_c0_g1	map04138
TRINITY_DN1178_c0_g1	map04138
TRINITY_DN1196_c0_g1	map04138
TRINITY_DN1283_c0_g1	map04138
TRINITY_DN1376_c0_g1	map04138
TRINITY_DN14022_c0_g1	map04138
TRINITY_DN1429_c0_g1	map04138
TRINITY_DN14671_c0_g1	map04138
TRINITY_DN1574_c0_g1	map04138
TRINITY_DN1579_c0_g1	map04138
TRINITY_DN15955_c0_g1	map04138
TRINITY_DN15974_c0_g1	map04138
TRINITY_DN16201_c0_g1	map04138
TRINITY_DN17789_c0_g1	map04138
TRINITY_DN18084_c0_g1	map04138
TRINITY_DN1829_c0_g1	map04138
TRINITY_DN1841_c0_g2	map04138
TRINITY_DN2029_c0_g1	map04138
TRINITY_DN2031_c0_g1	map04138
TRINITY_DN2039_c0_g1	map04138
TRINITY_DN2051_c0_g1	map04138
TRINITY_DN2068_c0_g1	map04138
TRINITY_DN2093_c0_g1	map04138
TRINITY_DN2153_c0_g1	map04138
TRINITY_DN2198_c0_g1	map04138
TRINITY_DN2200_c0_g1	map04138
TRINITY_DN2234_c0_g1	map04138
TRINITY_DN2529_c0_g1	map04138
TRINITY_DN2564_c0_g1	map04138
TRINITY_DN2648_c0_g1	map04138
TRINITY_DN274_c0_g1	map04138
TRINITY_DN331_c0_g1	map04138
TRINITY_DN3451_c0_g1	map04138
TRINITY_DN3500_c0_g1	map04138
TRINITY_DN3712_c0_g1	map04138
TRINITY_DN3713_c0_g1	map04138
TRINITY_DN3776_c0_g1	map04138
TRINITY_DN3790_c0_g1	map04138
TRINITY_DN3823_c0_g2	map04138
TRINITY_DN3896_c0_g1	map04138
TRINITY_DN390_c0_g1	map04138
TRINITY_DN4250_c0_g1	map04138
TRINITY_DN4419_c0_g1	map04138
TRINITY_DN4473_c0_g1	map04138
TRINITY_DN4496_c0_g1	map04138
TRINITY_DN4556_c0_g1	map04138
TRINITY_DN4627_c0_g1	map04138
TRINITY_DN463_c0_g1	map04138
TRINITY_DN4661_c0_g1	map04138
TRINITY_DN4666_c0_g1	map04138
TRINITY_DN479_c0_g1	map04138
TRINITY_DN4_c0_g1	map04138
TRINITY_DN5379_c0_g1	map04138
TRINITY_DN560_c0_g1	map04138
TRINITY_DN570_c0_g3	map04138
TRINITY_DN57_c0_g1	map04138
TRINITY_DN5926_c0_g1	map04138
TRINITY_DN6532_c0_g2	map04138
TRINITY_DN763_c0_g1	map04138
TRINITY_DN871_c0_g1	map04138
TRINITY_DN8875_c0_g1	map04138
TRINITY_DN898_c0_g1	map04138
TRINITY_DN9057_c0_g1	map04138
TRINITY_DN908_c0_g1	map04138
TRINITY_DN93_c0_g1	map04138
TRINITY_DN962_c0_g1	map04138
TRINITY_DN964_c0_g1	map04138
TRINITY_DN1004_c0_g1	map04139
TRINITY_DN1006_c0_g1	map04139
TRINITY_DN1037_c0_g1	map04139
TRINITY_DN12394_c0_g1	map04139
TRINITY_DN123_c0_g1	map04139
TRINITY_DN1324_c0_g1	map04139
TRINITY_DN14075_c0_g1	map04139
TRINITY_DN14178_c0_g1	map04139
TRINITY_DN1474_c0_g1	map04139
TRINITY_DN1570_c0_g1	map04139
TRINITY_DN16191_c0_g1	map04139
TRINITY_DN1829_c0_g1	map04139
TRINITY_DN20_c0_g2	map04139
TRINITY_DN2173_c0_g1	map04139
TRINITY_DN254_c0_g1	map04139
TRINITY_DN286_c0_g1	map04139
TRINITY_DN2948_c0_g1	map04139
TRINITY_DN2998_c0_g1	map04139
TRINITY_DN3426_c0_g1	map04139
TRINITY_DN3818_c0_g1	map04139
TRINITY_DN3821_c0_g1	map04139
TRINITY_DN4448_c0_g2	map04139
TRINITY_DN4556_c0_g1	map04139
TRINITY_DN4627_c0_g1	map04139
TRINITY_DN4659_c0_g1	map04139
TRINITY_DN4822_c0_g1	map04139
TRINITY_DN5069_c0_g1	map04139
TRINITY_DN527_c0_g1	map04139
TRINITY_DN5886_c0_g1	map04139
TRINITY_DN5964_c0_g1	map04139
TRINITY_DN6532_c0_g2	map04139
TRINITY_DN679_c0_g1	map04139
TRINITY_DN862_c0_g1	map04139
TRINITY_DN8663_c1_g1	map04139
TRINITY_DN8764_c0_g1	map04139
TRINITY_DN894_c0_g1	map04139
TRINITY_DN898_c0_g1	map04139
TRINITY_DN1029_c0_g1	map04140
TRINITY_DN10693_c0_g1	map04140
TRINITY_DN10703_c1_g1	map04140
TRINITY_DN10877_c0_g1	map04140
TRINITY_DN1178_c0_g1	map04140
TRINITY_DN1247_c0_g1	map04140
TRINITY_DN14022_c0_g1	map04140
TRINITY_DN1574_c0_g1	map04140
TRINITY_DN16437_c0_g1	map04140
TRINITY_DN1772_c0_g1	map04140
TRINITY_DN1838_c0_g1	map04140
TRINITY_DN1941_c0_g1	map04140
TRINITY_DN2029_c0_g1	map04140
TRINITY_DN2031_c0_g1	map04140
TRINITY_DN2051_c0_g1	map04140
TRINITY_DN2068_c0_g1	map04140
TRINITY_DN2200_c0_g1	map04140
TRINITY_DN2543_c0_g1	map04140
TRINITY_DN2564_c0_g1	map04140
TRINITY_DN2648_c0_g1	map04140
TRINITY_DN2690_c0_g1	map04140
TRINITY_DN2743_c0_g1	map04140
TRINITY_DN274_c0_g1	map04140
TRINITY_DN3451_c0_g1	map04140
TRINITY_DN3713_c0_g1	map04140
TRINITY_DN3776_c0_g1	map04140
TRINITY_DN3790_c0_g1	map04140
TRINITY_DN3823_c0_g2	map04140
TRINITY_DN3896_c0_g1	map04140
TRINITY_DN4250_c0_g1	map04140
TRINITY_DN4348_c0_g1	map04140
TRINITY_DN4419_c0_g1	map04140
TRINITY_DN4556_c0_g1	map04140
TRINITY_DN4_c0_g1	map04140
TRINITY_DN570_c0_g3	map04140
TRINITY_DN6532_c0_g2	map04140
TRINITY_DN871_c0_g1	map04140
TRINITY_DN8875_c0_g1	map04140
TRINITY_DN962_c0_g1	map04140
TRINITY_DN1035_c0_g1	map04141
TRINITY_DN10682_c0_g1	map04141
TRINITY_DN10693_c0_g1	map04141
TRINITY_DN10793_c0_g1	map04141
TRINITY_DN1089_c0_g1	map04141
TRINITY_DN1098_c0_g1	map04141
TRINITY_DN1159_c0_g1	map04141
TRINITY_DN1180_c0_g1	map04141
TRINITY_DN1204_c0_g1	map04141
TRINITY_DN1215_c0_g1	map04141
TRINITY_DN12261_c0_g1	map04141
TRINITY_DN1242_c0_g1	map04141
TRINITY_DN1270_c0_g5	map04141
TRINITY_DN1338_c0_g1	map04141
TRINITY_DN1413_c0_g1	map04141
TRINITY_DN14329_c0_g1	map04141
TRINITY_DN1433_c0_g1	map04141
TRINITY_DN1500_c0_g1	map04141
TRINITY_DN1503_c0_g1	map04141
TRINITY_DN1514_c0_g1	map04141
TRINITY_DN1522_c0_g1	map04141
TRINITY_DN1561_c0_g1	map04141
TRINITY_DN15832_c0_g1	map04141
TRINITY_DN1651_c0_g1	map04141
TRINITY_DN1697_c0_g1	map04141
TRINITY_DN1777_c0_g1	map04141
TRINITY_DN17823_c0_g1	map04141
TRINITY_DN17918_c0_g1	map04141
TRINITY_DN17960_c0_g1	map04141
TRINITY_DN190_c0_g1	map04141
TRINITY_DN1987_c0_g1	map04141
TRINITY_DN2013_c0_g1	map04141
TRINITY_DN2018_c0_g1	map04141
TRINITY_DN2029_c0_g1	map04141
TRINITY_DN2151_c0_g1	map04141
TRINITY_DN2209_c0_g1	map04141
TRINITY_DN2331_c0_g1	map04141
TRINITY_DN2376_c0_g1	map04141
TRINITY_DN2418_c0_g1	map04141
TRINITY_DN2452_c0_g1	map04141
TRINITY_DN2472_c0_g1	map04141
TRINITY_DN248_c0_g1	map04141
TRINITY_DN2523_c0_g1	map04141
TRINITY_DN2561_c0_g1	map04141
TRINITY_DN2970_c0_g1	map04141
TRINITY_DN3030_c0_g1	map04141
TRINITY_DN3192_c0_g1	map04141
TRINITY_DN3410_c0_g1	map04141
TRINITY_DN3634_c0_g1	map04141
TRINITY_DN3753_c0_g1	map04141
TRINITY_DN3755_c0_g1	map04141
TRINITY_DN3801_c0_g1	map04141
TRINITY_DN3864_c0_g1	map04141
TRINITY_DN3911_c0_g1	map04141
TRINITY_DN3945_c0_g1	map04141
TRINITY_DN397_c0_g1	map04141
TRINITY_DN4109_c0_g1	map04141
TRINITY_DN4128_c0_g1	map04141
TRINITY_DN4298_c0_g1	map04141
TRINITY_DN4341_c0_g1	map04141
TRINITY_DN4348_c0_g1	map04141
TRINITY_DN4419_c0_g1	map04141
TRINITY_DN454_c0_g1	map04141
TRINITY_DN4556_c0_g1	map04141
TRINITY_DN4573_c0_g1	map04141
TRINITY_DN4707_c0_g1	map04141
TRINITY_DN4797_c0_g1	map04141
TRINITY_DN4878_c0_g1	map04141
TRINITY_DN4930_c0_g1	map04141
TRINITY_DN4_c0_g1	map04141
TRINITY_DN5084_c0_g1	map04141
TRINITY_DN540_c0_g1	map04141
TRINITY_DN6594_c0_g1	map04141
TRINITY_DN6594_c0_g2	map04141
TRINITY_DN6594_c0_g3	map04141
TRINITY_DN6694_c0_g1	map04141
TRINITY_DN6_c4_g1	map04141
TRINITY_DN718_c0_g1	map04141
TRINITY_DN7198_c0_g1	map04141
TRINITY_DN753_c0_g1	map04141
TRINITY_DN8776_c0_g1	map04141
TRINITY_DN8906_c0_g1	map04141
TRINITY_DN9071_c0_g1	map04141
TRINITY_DN9073_c0_g1	map04141
TRINITY_DN9266_c0_g1	map04141
TRINITY_DN9720_c0_g1	map04141
TRINITY_DN10581_c0_g1	map04142
TRINITY_DN10855_c0_g1	map04142
TRINITY_DN11091_c0_g1	map04142
TRINITY_DN1143_c0_g1	map04142
TRINITY_DN121_c0_g1	map04142
TRINITY_DN12400_c0_g1	map04142
TRINITY_DN12476_c0_g1	map04142
TRINITY_DN1283_c0_g1	map04142
TRINITY_DN1316_c0_g2	map04142
TRINITY_DN133_c0_g1	map04142
TRINITY_DN14108_c0_g1	map04142
TRINITY_DN14385_c0_g1	map04142
TRINITY_DN16353_c0_g1	map04142
TRINITY_DN16379_c0_g1	map04142
TRINITY_DN17611_c0_g1	map04142
TRINITY_DN17656_c0_g1	map04142
TRINITY_DN176_c0_g1	map04142
TRINITY_DN17786_c0_g1	map04142
TRINITY_DN17902_c0_g1	map04142
TRINITY_DN18207_c1_g1	map04142
TRINITY_DN1960_c0_g1	map04142
TRINITY_DN2084_c0_g1	map04142
TRINITY_DN2683_c0_g1	map04142
TRINITY_DN2735_c0_g1	map04142
TRINITY_DN2804_c0_g1	map04142
TRINITY_DN2880_c0_g1	map04142
TRINITY_DN2993_c0_g1	map04142
TRINITY_DN3170_c0_g1	map04142
TRINITY_DN3696_c0_g1	map04142
TRINITY_DN3944_c0_g1	map04142
TRINITY_DN3979_c1_g1	map04142
TRINITY_DN4043_c0_g1	map04142
TRINITY_DN413_c0_g1	map04142
TRINITY_DN4497_c0_g1	map04142
TRINITY_DN4733_c0_g1	map04142
TRINITY_DN4841_c0_g1	map04142
TRINITY_DN486_c0_g1	map04142
TRINITY_DN4874_c0_g1	map04142
TRINITY_DN5083_c0_g1	map04142
TRINITY_DN5463_c0_g1	map04142
TRINITY_DN6655_c0_g1	map04142
TRINITY_DN6655_c0_g2	map04142
TRINITY_DN674_c0_g1	map04142
TRINITY_DN7178_c0_g1	map04142
TRINITY_DN851_c0_g1	map04142
TRINITY_DN8875_c0_g1	map04142
TRINITY_DN8910_c0_g1	map04142
TRINITY_DN9437_c0_g1	map04142
TRINITY_DN12262_c0_g1	map04144
TRINITY_DN12330_c0_g1	map04144
TRINITY_DN1325_c0_g1	map04144
TRINITY_DN14108_c0_g1	map04144
TRINITY_DN14178_c0_g1	map04144
TRINITY_DN1432_c0_g1	map04144
TRINITY_DN14405_c1_g1	map04144
TRINITY_DN1522_c0_g1	map04144
TRINITY_DN1557_c0_g1	map04144
TRINITY_DN1579_c0_g1	map04144
TRINITY_DN15942_c0_g1	map04144
TRINITY_DN15945_c0_g1	map04144
TRINITY_DN1610_c0_g1	map04144
TRINITY_DN16111_c0_g1	map04144
TRINITY_DN164_c0_g1	map04144
TRINITY_DN1714_c0_g1	map04144
TRINITY_DN1741_c0_g1	map04144
TRINITY_DN17618_c0_g1	map04144
TRINITY_DN1766_c0_g1	map04144
TRINITY_DN17715_c0_g1	map04144
TRINITY_DN17886_c0_g1	map04144
TRINITY_DN1853_c0_g1	map04144
TRINITY_DN1915_c0_g1	map04144
TRINITY_DN1928_c0_g1	map04144
TRINITY_DN1996_c0_g1	map04144
TRINITY_DN2037_c0_g1	map04144
TRINITY_DN2085_c0_g1	map04144
TRINITY_DN220_c0_g1	map04144
TRINITY_DN23_c0_g1	map04144
TRINITY_DN241_c0_g1	map04144
TRINITY_DN2444_c1_g1	map04144
TRINITY_DN248_c0_g1	map04144
TRINITY_DN254_c0_g1	map04144
TRINITY_DN2557_c0_g1	map04144
TRINITY_DN2626_c0_g1	map04144
TRINITY_DN2825_c0_g1	map04144
TRINITY_DN2873_c0_g1	map04144
TRINITY_DN2888_c0_g1	map04144
TRINITY_DN2905_c0_g1	map04144
TRINITY_DN298_c0_g1	map04144
TRINITY_DN2996_c0_g1	map04144
TRINITY_DN3085_c0_g1	map04144
TRINITY_DN3243_c0_g1	map04144
TRINITY_DN3269_c0_g1	map04144
TRINITY_DN3317_c0_g1	map04144
TRINITY_DN3384_c0_g1	map04144
TRINITY_DN3432_c0_g1	map04144
TRINITY_DN3592_c0_g1	map04144
TRINITY_DN359_c0_g1	map04144
TRINITY_DN3670_c0_g1	map04144
TRINITY_DN3896_c0_g1	map04144
TRINITY_DN39_c0_g1	map04144
TRINITY_DN39_c0_g2	map04144
TRINITY_DN4023_c0_g1	map04144
TRINITY_DN4270_c0_g1	map04144
TRINITY_DN4369_c0_g1	map04144
TRINITY_DN4383_c0_g1	map04144
TRINITY_DN4401_c0_g1	map04144
TRINITY_DN4673_c0_g1	map04144
TRINITY_DN485_c0_g1	map04144
TRINITY_DN4946_c0_g1	map04144
TRINITY_DN497_c0_g1	map04144
TRINITY_DN4_c0_g1	map04144
TRINITY_DN51_c0_g1	map04144
TRINITY_DN5262_c0_g1	map04144
TRINITY_DN567_c0_g1	map04144
TRINITY_DN57_c0_g1	map04144
TRINITY_DN6594_c0_g1	map04144
TRINITY_DN6594_c0_g3	map04144
TRINITY_DN661_c0_g1	map04144
TRINITY_DN701_c2_g1	map04144
TRINITY_DN7955_c0_g1	map04144
TRINITY_DN804_c0_g2	map04144
TRINITY_DN834_c0_g1	map04144
TRINITY_DN874_c0_g1	map04144
TRINITY_DN8774_c0_g1	map04144
TRINITY_DN8866_c0_g1	map04144
TRINITY_DN8927_c0_g1	map04144
TRINITY_DN9024_c0_g1	map04144
TRINITY_DN910_c0_g1	map04144
TRINITY_DN930_c0_g1	map04144
TRINITY_DN977_c0_g1	map04144
TRINITY_DN10549_c0_g1	map04145
TRINITY_DN10793_c0_g1	map04145
TRINITY_DN10855_c0_g1	map04145
TRINITY_DN1191_c0_g1	map04145
TRINITY_DN1191_c0_g2	map04145
TRINITY_DN121_c0_g1	map04145
TRINITY_DN1283_c0_g1	map04145
TRINITY_DN1375_c0_g1	map04145
TRINITY_DN1564_c0_g1	map04145
TRINITY_DN1853_c0_g1	map04145
TRINITY_DN2084_c0_g1	map04145
TRINITY_DN2112_c0_g1	map04145
TRINITY_DN2151_c0_g1	map04145
TRINITY_DN2392_c0_g1	map04145
TRINITY_DN2472_c0_g1	map04145
TRINITY_DN2564_c0_g1	map04145
TRINITY_DN2683_c0_g1	map04145
TRINITY_DN2880_c0_g1	map04145
TRINITY_DN35_c0_g1	map04145
TRINITY_DN35_c0_g2	map04145
TRINITY_DN3631_c0_g1	map04145
TRINITY_DN3696_c0_g1	map04145
TRINITY_DN3896_c0_g1	map04145
TRINITY_DN3947_c0_g1	map04145
TRINITY_DN4056_c0_g1	map04145
TRINITY_DN413_c0_g1	map04145
TRINITY_DN4160_c0_g1	map04145
TRINITY_DN4248_c0_g1	map04145
TRINITY_DN4268_c0_g1	map04145
TRINITY_DN4383_c0_g1	map04145
TRINITY_DN4723_c0_g1	map04145
TRINITY_DN567_c0_g1	map04145
TRINITY_DN577_c0_g1	map04145
TRINITY_DN579_c0_g1	map04145
TRINITY_DN7178_c0_g1	map04145
TRINITY_DN9024_c0_g1	map04145
TRINITY_DN940_c0_g1	map04145
TRINITY_DN977_c0_g1	map04145
TRINITY_DN1005_c0_g1	map04146
TRINITY_DN10650_c0_g1	map04146
TRINITY_DN10667_c0_g1	map04146
TRINITY_DN10734_c0_g1	map04146
TRINITY_DN10998_c0_g1	map04146
TRINITY_DN11021_c0_g1	map04146
TRINITY_DN12491_c0_g1	map04146
TRINITY_DN12582_c0_g1	map04146
TRINITY_DN12779_c0_g1	map04146
TRINITY_DN13040_c0_g1	map04146
TRINITY_DN14008_c0_g1	map04146
TRINITY_DN14081_c0_g1	map04146
TRINITY_DN14133_c0_g1	map04146
TRINITY_DN14166_c0_g1	map04146
TRINITY_DN14455_c0_g1	map04146
TRINITY_DN1539_c0_g1	map04146
TRINITY_DN15967_c0_g1	map04146
TRINITY_DN16051_c0_g1	map04146
TRINITY_DN1678_c0_g1	map04146
TRINITY_DN1734_c0_g1	map04146
TRINITY_DN17612_c1_g1	map04146
TRINITY_DN17790_c0_g1	map04146
TRINITY_DN17869_c0_g1	map04146
TRINITY_DN1791_c0_g1	map04146
TRINITY_DN18053_c0_g1	map04146
TRINITY_DN18292_c0_g1	map04146
TRINITY_DN1841_c1_g1	map04146
TRINITY_DN2034_c0_g1	map04146
TRINITY_DN2045_c0_g1	map04146
TRINITY_DN208_c0_g1	map04146
TRINITY_DN2107_c0_g1	map04146
TRINITY_DN2128_c0_g1	map04146
TRINITY_DN2166_c0_g1	map04146
TRINITY_DN2268_c0_g1	map04146
TRINITY_DN227_c0_g1	map04146
TRINITY_DN2322_c0_g1	map04146
TRINITY_DN2378_c0_g1	map04146
TRINITY_DN2760_c0_g1	map04146
TRINITY_DN2789_c0_g1	map04146
TRINITY_DN2839_c0_g1	map04146
TRINITY_DN28_c1_g1	map04146
TRINITY_DN28_c1_g2	map04146
TRINITY_DN3014_c0_g1	map04146
TRINITY_DN3066_c0_g1	map04146
TRINITY_DN3081_c0_g1	map04146
TRINITY_DN3142_c0_g1	map04146
TRINITY_DN3259_c0_g1	map04146
TRINITY_DN3600_c0_g1	map04146
TRINITY_DN3633_c0_g1	map04146
TRINITY_DN3683_c0_g1	map04146
TRINITY_DN3837_c0_g1	map04146
TRINITY_DN3861_c0_g1	map04146
TRINITY_DN4123_c0_g1	map04146
TRINITY_DN4590_c0_g1	map04146
TRINITY_DN4660_c0_g1	map04146
TRINITY_DN4740_c0_g1	map04146
TRINITY_DN4895_c0_g1	map04146
TRINITY_DN48_c0_g1	map04146
TRINITY_DN4947_c0_g1	map04146
TRINITY_DN4953_c0_g1	map04146
TRINITY_DN5064_c0_g1	map04146
TRINITY_DN5324_c0_g1	map04146
TRINITY_DN5354_c0_g1	map04146
TRINITY_DN5435_c0_g1	map04146
TRINITY_DN55_c0_g1	map04146
TRINITY_DN5617_c0_g1	map04146
TRINITY_DN6487_c0_g1	map04146
TRINITY_DN651_c0_g1	map04146
TRINITY_DN661_c0_g1	map04146
TRINITY_DN674_c0_g1	map04146
TRINITY_DN7108_c0_g1	map04146
TRINITY_DN796_c0_g1	map04146
TRINITY_DN8378_c0_g1	map04146
TRINITY_DN8751_c0_g1	map04146
TRINITY_DN8802_c0_g1	map04146
TRINITY_DN8812_c0_g1	map04146
TRINITY_DN8856_c0_g1	map04146
TRINITY_DN8983_c0_g1	map04146
TRINITY_DN8990_c0_g1	map04146
TRINITY_DN8_c0_g1	map04146
TRINITY_DN9055_c0_g1	map04146
TRINITY_DN959_c0_g1	map04146
TRINITY_DN1018_c0_g1	map04150
TRINITY_DN1029_c0_g1	map04150
TRINITY_DN10703_c1_g1	map04150
TRINITY_DN107_c0_g1	map04150
TRINITY_DN10855_c0_g1	map04150
TRINITY_DN12303_c0_g1	map04150
TRINITY_DN1324_c0_g1	map04150
TRINITY_DN14366_c0_g1	map04150
TRINITY_DN1538_c0_g3	map04150
TRINITY_DN1564_c0_g1	map04150
TRINITY_DN16014_c0_g1	map04150
TRINITY_DN1772_c0_g1	map04150
TRINITY_DN1838_c0_g1	map04150
TRINITY_DN1935_c0_g1	map04150
TRINITY_DN1941_c0_g1	map04150
TRINITY_DN2068_c0_g1	map04150
TRINITY_DN2112_c0_g1	map04150
TRINITY_DN2331_c0_g1	map04150
TRINITY_DN2392_c0_g1	map04150
TRINITY_DN2543_c0_g1	map04150
TRINITY_DN2648_c0_g1	map04150
TRINITY_DN2690_c0_g1	map04150
TRINITY_DN2743_c0_g1	map04150
TRINITY_DN2818_c0_g1	map04150
TRINITY_DN3029_c0_g1	map04150
TRINITY_DN3119_c0_g1	map04150
TRINITY_DN3232_c0_g1	map04150
TRINITY_DN3243_c0_g1	map04150
TRINITY_DN3336_c0_g1	map04150
TRINITY_DN3631_c0_g1	map04150
TRINITY_DN3947_c0_g1	map04150
TRINITY_DN4109_c0_g1	map04150
TRINITY_DN4160_c0_g1	map04150
TRINITY_DN4348_c0_g1	map04150
TRINITY_DN4357_c0_g1	map04150
TRINITY_DN4401_c0_g1	map04150
TRINITY_DN4556_c0_g1	map04150
TRINITY_DN481_c0_g1	map04150
TRINITY_DN532_c0_g1	map04150
TRINITY_DN540_c0_g1	map04150
TRINITY_DN579_c0_g1	map04150
TRINITY_DN6532_c0_g2	map04150
TRINITY_DN678_c0_g1	map04150
TRINITY_DN8377_c0_g1	map04150
TRINITY_DN1008_c0_g1	map04151
TRINITY_DN1018_c0_g1	map04151
TRINITY_DN1029_c0_g1	map04151
TRINITY_DN10703_c1_g1	map04151
TRINITY_DN1170_c0_g1	map04151
TRINITY_DN1170_c0_g2	map04151
TRINITY_DN12303_c0_g1	map04151
TRINITY_DN12418_c0_g1	map04151
TRINITY_DN12428_c0_g1	map04151
TRINITY_DN1324_c0_g1	map04151
TRINITY_DN1359_c0_g1	map04151
TRINITY_DN14012_c0_g1	map04151
TRINITY_DN14519_c0_g1	map04151
TRINITY_DN16131_c0_g1	map04151
TRINITY_DN1772_c0_g1	map04151
TRINITY_DN1838_c0_g1	map04151
TRINITY_DN1941_c0_g1	map04151
TRINITY_DN2068_c0_g1	map04151
TRINITY_DN2404_c0_g1	map04151
TRINITY_DN244_c0_g1	map04151
TRINITY_DN2543_c0_g1	map04151
TRINITY_DN2648_c0_g1	map04151
TRINITY_DN2690_c0_g1	map04151
TRINITY_DN3005_c0_g2	map04151
TRINITY_DN3029_c0_g1	map04151
TRINITY_DN3119_c0_g1	map04151
TRINITY_DN3232_c0_g1	map04151
TRINITY_DN3776_c0_g1	map04151
TRINITY_DN4060_c0_g1	map04151
TRINITY_DN4556_c0_g1	map04151
TRINITY_DN4797_c0_g1	map04151
TRINITY_DN481_c0_g1	map04151
TRINITY_DN532_c0_g1	map04151
TRINITY_DN6381_c0_g1	map04151
TRINITY_DN9266_c0_g1	map04151
TRINITY_DN977_c0_g1	map04151
TRINITY_DN1008_c0_g1	map04152
TRINITY_DN10703_c1_g1	map04152
TRINITY_DN1079_c0_g1	map04152
TRINITY_DN1182_c0_g1	map04152
TRINITY_DN1216_c0_g1	map04152
TRINITY_DN1222_c0_g1	map04152
TRINITY_DN12428_c0_g1	map04152
TRINITY_DN1296_c0_g1	map04152
TRINITY_DN1359_c0_g1	map04152
TRINITY_DN1387_c0_g1	map04152
TRINITY_DN14012_c0_g1	map04152
TRINITY_DN1416_c0_g1	map04152
TRINITY_DN16131_c0_g1	map04152
TRINITY_DN1772_c0_g1	map04152
TRINITY_DN1837_c0_g1	map04152
TRINITY_DN1838_c0_g1	map04152
TRINITY_DN1941_c0_g1	map04152
TRINITY_DN2051_c0_g1	map04152
TRINITY_DN2085_c0_g1	map04152
TRINITY_DN227_c0_g1	map04152
TRINITY_DN244_c0_g1	map04152
TRINITY_DN2705_c0_g1	map04152
TRINITY_DN2800_c0_g1	map04152
TRINITY_DN3776_c0_g1	map04152
TRINITY_DN3823_c0_g2	map04152
TRINITY_DN4060_c0_g1	map04152
TRINITY_DN4311_c0_g1	map04152
TRINITY_DN4556_c0_g1	map04152
TRINITY_DN6381_c0_g1	map04152
TRINITY_DN804_c0_g2	map04152
TRINITY_DN8377_c0_g1	map04152
TRINITY_DN8729_c0_g1	map04152
TRINITY_DN1029_c0_g1	map04210
TRINITY_DN10693_c0_g1	map04210
TRINITY_DN1375_c0_g1	map04210
TRINITY_DN1772_c0_g1	map04210
TRINITY_DN1941_c0_g1	map04210
TRINITY_DN2543_c0_g1	map04210
TRINITY_DN2648_c0_g1	map04210
TRINITY_DN3132_c0_g1	map04210
TRINITY_DN3350_c0_g1	map04210
TRINITY_DN35_c0_g1	map04210
TRINITY_DN35_c0_g2	map04210
TRINITY_DN4419_c0_g1	map04210
TRINITY_DN4790_c0_g1	map04210
TRINITY_DN5398_c0_g1	map04210
TRINITY_DN577_c0_g1	map04210
TRINITY_DN8875_c0_g1	map04210
TRINITY_DN9266_c0_g1	map04210
TRINITY_DN1008_c0_g1	map04211
TRINITY_DN1029_c0_g1	map04211
TRINITY_DN10703_c1_g1	map04211
TRINITY_DN1079_c0_g1	map04211
TRINITY_DN10998_c0_g1	map04211
TRINITY_DN12303_c0_g1	map04211
TRINITY_DN1247_c0_g1	map04211
TRINITY_DN12779_c0_g1	map04211
TRINITY_DN13040_c0_g1	map04211
TRINITY_DN14012_c0_g1	map04211
TRINITY_DN14081_c0_g1	map04211
TRINITY_DN1416_c0_g1	map04211
TRINITY_DN16131_c0_g1	map04211
TRINITY_DN1734_c0_g1	map04211
TRINITY_DN18053_c0_g1	map04211
TRINITY_DN1837_c0_g1	map04211
TRINITY_DN1838_c0_g1	map04211
TRINITY_DN2051_c0_g1	map04211
TRINITY_DN2166_c0_g1	map04211
TRINITY_DN2648_c0_g1	map04211
TRINITY_DN2800_c0_g1	map04211
TRINITY_DN28_c1_g1	map04211
TRINITY_DN28_c1_g2	map04211
TRINITY_DN3119_c0_g1	map04211
TRINITY_DN3451_c0_g1	map04211
TRINITY_DN3713_c0_g1	map04211
TRINITY_DN3823_c0_g2	map04211
TRINITY_DN4556_c0_g1	map04211
TRINITY_DN4740_c0_g1	map04211
TRINITY_DN6381_c0_g1	map04211
TRINITY_DN871_c0_g1	map04211
TRINITY_DN9055_c0_g1	map04211
TRINITY_DN9266_c0_g1	map04211
TRINITY_DN962_c0_g1	map04211
TRINITY_DN10814_c0_g1	map04212
TRINITY_DN10998_c0_g1	map04212
TRINITY_DN1216_c0_g1	map04212
TRINITY_DN12439_c0_g1	map04212
TRINITY_DN12779_c0_g1	map04212
TRINITY_DN13040_c0_g1	map04212
TRINITY_DN14081_c0_g1	map04212
TRINITY_DN1435_c0_g1	map04212
TRINITY_DN1734_c0_g1	map04212
TRINITY_DN18053_c0_g1	map04212
TRINITY_DN2044_c0_g1	map04212
TRINITY_DN2166_c0_g1	map04212
TRINITY_DN2690_c0_g1	map04212
TRINITY_DN28_c1_g1	map04212
TRINITY_DN28_c1_g2	map04212
TRINITY_DN3821_c0_g1	map04212
TRINITY_DN4556_c0_g1	map04212
TRINITY_DN4740_c0_g1	map04212
TRINITY_DN4790_c0_g1	map04212
TRINITY_DN6532_c0_g2	map04212
TRINITY_DN666_c0_g1	map04212
TRINITY_DN786_c0_g1	map04212
TRINITY_DN8377_c0_g1	map04212
TRINITY_DN9055_c0_g1	map04212
TRINITY_DN909_c0_g1	map04212
TRINITY_DN919_c0_g1	map04212
TRINITY_DN9266_c0_g1	map04212
TRINITY_DN1029_c0_g1	map04213
TRINITY_DN10662_c0_g1	map04213
TRINITY_DN10703_c1_g1	map04213
TRINITY_DN1079_c0_g1	map04213
TRINITY_DN10998_c0_g1	map04213
TRINITY_DN1182_c0_g1	map04213
TRINITY_DN12251_c0_g1	map04213
TRINITY_DN12779_c0_g1	map04213
TRINITY_DN13040_c0_g1	map04213
TRINITY_DN14081_c0_g1	map04213
TRINITY_DN1680_c0_g1	map04213
TRINITY_DN1734_c0_g1	map04213
TRINITY_DN18053_c0_g1	map04213
TRINITY_DN1837_c0_g1	map04213
TRINITY_DN2107_c0_g1	map04213
TRINITY_DN2166_c0_g1	map04213
TRINITY_DN22_c0_g1	map04213
TRINITY_DN2388_c0_g1	map04213
TRINITY_DN2444_c1_g1	map04213
TRINITY_DN2648_c0_g1	map04213
TRINITY_DN28_c1_g1	map04213
TRINITY_DN28_c1_g2	map04213
TRINITY_DN331_c0_g1	map04213
TRINITY_DN343_c0_g1	map04213
TRINITY_DN3713_c0_g1	map04213
TRINITY_DN3980_c0_g1	map04213
TRINITY_DN4050_c0_g1	map04213
TRINITY_DN4556_c0_g1	map04213
TRINITY_DN4740_c0_g1	map04213
TRINITY_DN560_c0_g1	map04213
TRINITY_DN6594_c0_g1	map04213
TRINITY_DN6594_c0_g3	map04213
TRINITY_DN871_c0_g1	map04213
TRINITY_DN8840_c0_g1	map04213
TRINITY_DN9055_c0_g1	map04213
TRINITY_DN962_c0_g1	map04213
TRINITY_DN1029_c0_g1	map04214
TRINITY_DN14018_c0_g1	map04214
TRINITY_DN1485_c0_g1	map04214
TRINITY_DN2543_c0_g1	map04214
TRINITY_DN2648_c0_g1	map04214
TRINITY_DN275_c0_g1	map04214
TRINITY_DN286_c0_g1	map04214
TRINITY_DN3350_c0_g1	map04214
TRINITY_DN3589_c0_g1	map04214
TRINITY_DN3797_c0_g1	map04214
TRINITY_DN4690_c0_g1	map04214
TRINITY_DN4730_c0_g1	map04214
TRINITY_DN4790_c0_g1	map04214
TRINITY_DN5398_c0_g1	map04214
TRINITY_DN5964_c0_g1	map04214
TRINITY_DN9266_c0_g1	map04214
TRINITY_DN958_c0_g1	map04214
TRINITY_DN274_c0_g1	map04215
TRINITY_DN5398_c0_g1	map04215
TRINITY_DN10549_c0_g1	map04216
TRINITY_DN1242_c0_g1	map04216
TRINITY_DN133_c0_g1	map04216
TRINITY_DN13714_c0_g1	map04216
TRINITY_DN1574_c0_g1	map04216
TRINITY_DN3509_c0_g1	map04216
TRINITY_DN3713_c0_g1	map04216
TRINITY_DN4895_c0_g1	map04216
TRINITY_DN661_c0_g1	map04216
TRINITY_DN666_c0_g1	map04216
TRINITY_DN8990_c0_g1	map04216
TRINITY_DN954_c0_g1	map04216
TRINITY_DN10549_c0_g1	map04217
TRINITY_DN1242_c0_g1	map04217
TRINITY_DN13714_c0_g1	map04217
TRINITY_DN1432_c0_g1	map04217
TRINITY_DN1461_c0_g1	map04217
TRINITY_DN1465_c0_g1	map04217
TRINITY_DN1819_c0_g1	map04217
TRINITY_DN1928_c0_g1	map04217
TRINITY_DN2033_c0_g1	map04217
TRINITY_DN2113_c0_g1	map04217
TRINITY_DN220_c0_g1	map04217
TRINITY_DN23_c0_g1	map04217
TRINITY_DN2735_c0_g1	map04217
TRINITY_DN286_c0_g1	map04217
TRINITY_DN2888_c0_g1	map04217
TRINITY_DN2997_c0_g1	map04217
TRINITY_DN3592_c0_g1	map04217
TRINITY_DN3882_c0_g1	map04217
TRINITY_DN4369_c0_g1	map04217
TRINITY_DN4790_c0_g1	map04217
TRINITY_DN4797_c0_g1	map04217
TRINITY_DN5321_c1_g1	map04217
TRINITY_DN5964_c0_g1	map04217
TRINITY_DN8690_c0_g1	map04217
TRINITY_DN8774_c0_g1	map04217
TRINITY_DN1029_c0_g1	map04218
TRINITY_DN1052_c0_g1	map04218
TRINITY_DN12397_c0_g1	map04218
TRINITY_DN12418_c0_g1	map04218
TRINITY_DN1242_c0_g1	map04218
TRINITY_DN1452_c0_g1	map04218
TRINITY_DN1461_c0_g1	map04218
TRINITY_DN16080_c0_g1	map04218
TRINITY_DN1648_c0_g1	map04218
TRINITY_DN18075_c0_g1	map04218
TRINITY_DN1838_c0_g1	map04218
TRINITY_DN1997_c0_g1	map04218
TRINITY_DN219_c0_g1	map04218
TRINITY_DN2543_c0_g1	map04218
TRINITY_DN2648_c0_g1	map04218
TRINITY_DN2690_c0_g1	map04218
TRINITY_DN2765_c0_g1	map04218
TRINITY_DN2811_c0_g1	map04218
TRINITY_DN2997_c0_g1	map04218
TRINITY_DN3178_c0_g1	map04218
TRINITY_DN3184_c0_g1	map04218
TRINITY_DN3305_c0_g1	map04218
TRINITY_DN3350_c0_g1	map04218
TRINITY_DN3821_c0_g1	map04218
TRINITY_DN3_c0_g1	map04218
TRINITY_DN4556_c0_g1	map04218
TRINITY_DN456_c0_g1	map04218
TRINITY_DN4730_c0_g1	map04218
TRINITY_DN4765_c0_g1	map04218
TRINITY_DN4801_c0_g1	map04218
TRINITY_DN5920_c0_g1	map04218
TRINITY_DN846_c0_g1	map04218
TRINITY_DN8774_c0_g1	map04218
TRINITY_DN96_c0_g2	map04218
TRINITY_DN1092_c0_g1	map04260
TRINITY_DN123_c0_g1	map04260
TRINITY_DN1329_c0_g1	map04260
TRINITY_DN160_c0_g1	map04260
TRINITY_DN1890_c0_g1	map04260
TRINITY_DN2290_c0_g1	map04260
TRINITY_DN242_c0_g1	map04260
TRINITY_DN2738_c0_g1	map04260
TRINITY_DN2936_c0_g1	map04260
TRINITY_DN3116_c0_g1	map04260
TRINITY_DN4486_c0_g1	map04260
TRINITY_DN6302_c0_g1	map04260
TRINITY_DN7600_c0_g1	map04260
TRINITY_DN794_c0_g1	map04260
TRINITY_DN828_c0_g2	map04260
TRINITY_DN1008_c0_g1	map04261
TRINITY_DN1052_c0_g1	map04261
TRINITY_DN12428_c0_g1	map04261
TRINITY_DN1324_c0_g1	map04261
TRINITY_DN14012_c0_g1	map04261
TRINITY_DN16131_c0_g1	map04261
TRINITY_DN244_c0_g1	map04261
TRINITY_DN2543_c0_g1	map04261
TRINITY_DN33_c1_g1	map04261
TRINITY_DN3776_c0_g1	map04261
TRINITY_DN3821_c0_g1	map04261
TRINITY_DN4060_c0_g1	map04261
TRINITY_DN4486_c0_g1	map04261
TRINITY_DN566_c0_g1	map04261
TRINITY_DN5920_c0_g1	map04261
TRINITY_DN6381_c0_g1	map04261
TRINITY_DN828_c0_g2	map04261
TRINITY_DN871_c0_g1	map04261
TRINITY_DN9266_c0_g1	map04261
TRINITY_DN932_c0_g1	map04261
TRINITY_DN962_c0_g1	map04261
TRINITY_DN96_c0_g2	map04261
TRINITY_DN1052_c0_g1	map04270
TRINITY_DN1324_c0_g1	map04270
TRINITY_DN1465_c0_g1	map04270
TRINITY_DN2543_c0_g1	map04270
TRINITY_DN3243_c0_g1	map04270
TRINITY_DN3882_c0_g1	map04270
TRINITY_DN4401_c0_g1	map04270
TRINITY_DN5920_c0_g1	map04270
TRINITY_DN871_c0_g1	map04270
TRINITY_DN962_c0_g1	map04270
TRINITY_DN96_c0_g2	map04270
TRINITY_DN1324_c0_g1	map04310
TRINITY_DN1433_c0_g1	map04310
TRINITY_DN16191_c0_g1	map04310
TRINITY_DN190_c0_g1	map04310
TRINITY_DN1991_c0_g1	map04310
TRINITY_DN1997_c0_g1	map04310
TRINITY_DN3029_c0_g1	map04310
TRINITY_DN3178_c0_g1	map04310
TRINITY_DN3184_c0_g1	map04310
TRINITY_DN3243_c0_g1	map04310
TRINITY_DN4401_c0_g1	map04310
TRINITY_DN5069_c0_g1	map04310
TRINITY_DN6694_c0_g1	map04310
TRINITY_DN679_c0_g1	map04310
TRINITY_DN8663_c1_g1	map04310
TRINITY_DN86_c0_g1	map04310
TRINITY_DN871_c0_g1	map04310
TRINITY_DN8774_c0_g1	map04310
TRINITY_DN962_c0_g1	map04310
TRINITY_DN977_c0_g1	map04310
TRINITY_DN1018_c0_g1	map04320
TRINITY_DN1029_c0_g1	map04320
TRINITY_DN2543_c0_g1	map04320
TRINITY_DN2648_c0_g1	map04320
TRINITY_DN481_c0_g1	map04320
TRINITY_DN12251_c0_g1	map04330
TRINITY_DN171_c0_g1	map04330
TRINITY_DN4751_c0_g1	map04330
TRINITY_DN1433_c0_g1	map04340
TRINITY_DN1997_c0_g1	map04340
TRINITY_DN3029_c0_g1	map04340
TRINITY_DN871_c0_g1	map04340
TRINITY_DN8774_c0_g1	map04340
TRINITY_DN8826_c2_g1	map04340
TRINITY_DN962_c0_g1	map04340
TRINITY_DN1433_c0_g1	map04341
TRINITY_DN190_c0_g1	map04341
TRINITY_DN1997_c0_g1	map04341
TRINITY_DN3029_c0_g1	map04341
TRINITY_DN6694_c0_g1	map04341
TRINITY_DN871_c0_g1	map04341
TRINITY_DN8774_c0_g1	map04341
TRINITY_DN8826_c2_g1	map04341
TRINITY_DN962_c0_g1	map04341
TRINITY_DN1433_c0_g1	map04350
TRINITY_DN190_c0_g1	map04350
TRINITY_DN244_c0_g1	map04350
TRINITY_DN2543_c0_g1	map04350
TRINITY_DN3243_c0_g1	map04350
TRINITY_DN3776_c0_g1	map04350
TRINITY_DN4401_c0_g1	map04350
TRINITY_DN6694_c0_g1	map04350
TRINITY_DN1029_c0_g1	map04360
TRINITY_DN1324_c0_g1	map04360
TRINITY_DN1330_c0_g1	map04360
TRINITY_DN14007_c0_g1	map04360
TRINITY_DN2543_c0_g1	map04360
TRINITY_DN2648_c0_g1	map04360
TRINITY_DN3002_c0_g1	map04360
TRINITY_DN3029_c0_g1	map04360
TRINITY_DN3178_c0_g1	map04360
TRINITY_DN3184_c0_g1	map04360
TRINITY_DN3243_c0_g1	map04360
TRINITY_DN33_c1_g1	map04360
TRINITY_DN3906_c0_g1	map04360
TRINITY_DN4401_c0_g1	map04360
TRINITY_DN566_c0_g1	map04360
TRINITY_DN9244_c0_g1	map04360
TRINITY_DN932_c0_g1	map04360
TRINITY_DN977_c0_g1	map04360
TRINITY_DN1029_c0_g1	map04370
TRINITY_DN1324_c0_g1	map04370
TRINITY_DN1465_c0_g1	map04370
TRINITY_DN1823_c0_g1	map04370
TRINITY_DN1928_c0_g1	map04370
TRINITY_DN2543_c0_g1	map04370
TRINITY_DN2648_c0_g1	map04370
TRINITY_DN286_c0_g1	map04370
TRINITY_DN3178_c0_g1	map04370
TRINITY_DN3184_c0_g1	map04370
TRINITY_DN3821_c0_g1	map04370
TRINITY_DN3882_c0_g1	map04370
TRINITY_DN977_c0_g1	map04370
TRINITY_DN1029_c0_g1	map04371
TRINITY_DN1052_c0_g1	map04371
TRINITY_DN1079_c0_g1	map04371
TRINITY_DN10877_c0_g1	map04371
TRINITY_DN1324_c0_g1	map04371
TRINITY_DN14519_c0_g1	map04371
TRINITY_DN1823_c0_g1	map04371
TRINITY_DN1837_c0_g1	map04371
TRINITY_DN2543_c0_g1	map04371
TRINITY_DN2564_c0_g1	map04371
TRINITY_DN2648_c0_g1	map04371
TRINITY_DN274_c0_g1	map04371
TRINITY_DN33_c1_g1	map04371
TRINITY_DN4556_c0_g1	map04371
TRINITY_DN532_c0_g1	map04371
TRINITY_DN566_c0_g1	map04371
TRINITY_DN871_c0_g1	map04371
TRINITY_DN932_c0_g1	map04371
TRINITY_DN962_c0_g1	map04371
TRINITY_DN2543_c0_g1	map04380
TRINITY_DN2609_c0_g1	map04380
TRINITY_DN3178_c0_g1	map04380
TRINITY_DN3184_c0_g1	map04380
TRINITY_DN3821_c0_g1	map04380
TRINITY_DN977_c0_g1	map04380
TRINITY_DN1170_c0_g1	map04390
TRINITY_DN1170_c0_g2	map04390
TRINITY_DN1375_c0_g1	map04390
TRINITY_DN1997_c0_g1	map04390
TRINITY_DN244_c0_g1	map04390
TRINITY_DN3029_c0_g1	map04390
TRINITY_DN3628_c0_g1	map04390
TRINITY_DN3776_c0_g1	map04390
TRINITY_DN4060_c0_g1	map04390
TRINITY_DN5211_c0_g1	map04390
TRINITY_DN577_c0_g1	map04390
TRINITY_DN5920_c0_g1	map04390
TRINITY_DN8774_c0_g1	map04390
TRINITY_DN96_c0_g2	map04390
TRINITY_DN1170_c0_g1	map04391
TRINITY_DN1170_c0_g2	map04391
TRINITY_DN1375_c0_g1	map04391
TRINITY_DN244_c0_g1	map04391
TRINITY_DN3628_c0_g1	map04391
TRINITY_DN3776_c0_g1	map04391
TRINITY_DN4060_c0_g1	map04391
TRINITY_DN4750_c0_g1	map04391
TRINITY_DN5211_c0_g1	map04391
TRINITY_DN577_c0_g1	map04391
TRINITY_DN615_c0_g1	map04391
TRINITY_DN1356_c0_g1	map04392
TRINITY_DN2484_c0_g1	map04392
TRINITY_DN3628_c0_g1	map04392
TRINITY_DN3833_c0_g3	map04392
TRINITY_DN3906_c0_g1	map04392
TRINITY_DN5211_c0_g1	map04392
TRINITY_DN685_c0_g1	map04392
TRINITY_DN1018_c0_g1	map04510
TRINITY_DN1324_c0_g1	map04510
TRINITY_DN1375_c0_g1	map04510
TRINITY_DN15850_c0_g1	map04510
TRINITY_DN1772_c0_g1	map04510
TRINITY_DN1941_c0_g1	map04510
TRINITY_DN2543_c0_g1	map04510
TRINITY_DN2690_c0_g1	map04510
TRINITY_DN286_c0_g1	map04510
TRINITY_DN3029_c0_g1	map04510
TRINITY_DN3243_c0_g1	map04510
TRINITY_DN3906_c0_g1	map04510
TRINITY_DN4401_c0_g1	map04510
TRINITY_DN481_c0_g1	map04510
TRINITY_DN577_c0_g1	map04510
TRINITY_DN5920_c0_g1	map04510
TRINITY_DN827_c0_g1	map04510
TRINITY_DN96_c0_g2	map04510
TRINITY_DN977_c0_g1	map04510
TRINITY_DN12262_c0_g1	map04520
TRINITY_DN1375_c0_g1	map04520
TRINITY_DN16191_c0_g1	map04520
TRINITY_DN2543_c0_g1	map04520
TRINITY_DN3243_c0_g1	map04520
TRINITY_DN359_c0_g1	map04520
TRINITY_DN39_c0_g1	map04520
TRINITY_DN39_c0_g2	map04520
TRINITY_DN4023_c0_g1	map04520
TRINITY_DN4401_c0_g1	map04520
TRINITY_DN5069_c0_g1	map04520
TRINITY_DN577_c0_g1	map04520
TRINITY_DN679_c0_g1	map04520
TRINITY_DN701_c2_g1	map04520
TRINITY_DN8663_c1_g1	map04520
TRINITY_DN977_c0_g1	map04520
TRINITY_DN1079_c0_g1	map04530
TRINITY_DN12262_c0_g1	map04530
TRINITY_DN1324_c0_g1	map04530
TRINITY_DN1375_c0_g1	map04530
TRINITY_DN15813_c0_g1	map04530
TRINITY_DN1837_c0_g1	map04530
TRINITY_DN1987_c0_g1	map04530
TRINITY_DN2075_c0_g1	map04530
TRINITY_DN2261_c0_g1	map04530
TRINITY_DN244_c0_g1	map04530
TRINITY_DN2529_c0_g1	map04530
TRINITY_DN298_c0_g1	map04530
TRINITY_DN3243_c0_g1	map04530
TRINITY_DN359_c0_g1	map04530
TRINITY_DN35_c0_g1	map04530
TRINITY_DN35_c0_g2	map04530
TRINITY_DN3776_c0_g1	map04530
TRINITY_DN39_c0_g1	map04530
TRINITY_DN39_c0_g2	map04530
TRINITY_DN4023_c0_g1	map04530
TRINITY_DN4060_c0_g1	map04530
TRINITY_DN430_c0_g1	map04530
TRINITY_DN4401_c0_g1	map04530
TRINITY_DN577_c0_g1	map04530
TRINITY_DN57_c0_g1	map04530
TRINITY_DN701_c2_g1	map04530
TRINITY_DN804_c0_g2	map04530
TRINITY_DN827_c0_g1	map04530
TRINITY_DN871_c0_g1	map04530
TRINITY_DN962_c0_g1	map04530
TRINITY_DN977_c0_g1	map04530
TRINITY_DN1018_c0_g1	map04540
TRINITY_DN1029_c0_g1	map04540
TRINITY_DN1191_c0_g1	map04540
TRINITY_DN1191_c0_g2	map04540
TRINITY_DN1324_c0_g1	map04540
TRINITY_DN2543_c0_g1	map04540
TRINITY_DN2648_c0_g1	map04540
TRINITY_DN33_c1_g1	map04540
TRINITY_DN35_c0_g1	map04540
TRINITY_DN35_c0_g2	map04540
TRINITY_DN481_c0_g1	map04540
TRINITY_DN566_c0_g1	map04540
TRINITY_DN871_c0_g1	map04540
TRINITY_DN898_c0_g1	map04540
TRINITY_DN932_c0_g1	map04540
TRINITY_DN962_c0_g1	map04540
TRINITY_DN1029_c0_g1	map04550
TRINITY_DN15855_c0_g1	map04550
TRINITY_DN2543_c0_g1	map04550
TRINITY_DN2648_c0_g1	map04550
TRINITY_DN3029_c0_g1	map04550
TRINITY_DN3821_c0_g1	map04550
TRINITY_DN1375_c0_g1	map04611
TRINITY_DN14301_c0_g1	map04611
TRINITY_DN1465_c0_g1	map04611
TRINITY_DN1928_c0_g1	map04611
TRINITY_DN2543_c0_g1	map04611
TRINITY_DN3243_c0_g1	map04611
TRINITY_DN33_c1_g1	map04611
TRINITY_DN3821_c0_g1	map04611
TRINITY_DN3882_c0_g1	map04611
TRINITY_DN4401_c0_g1	map04611
TRINITY_DN566_c0_g1	map04611
TRINITY_DN577_c0_g1	map04611
TRINITY_DN5920_c0_g1	map04611
TRINITY_DN827_c0_g1	map04611
TRINITY_DN871_c0_g1	map04611
TRINITY_DN932_c0_g1	map04611
TRINITY_DN962_c0_g1	map04611
TRINITY_DN96_c0_g2	map04611
TRINITY_DN1987_c0_g1	map04612
TRINITY_DN2121_c0_g1	map04612
TRINITY_DN2151_c0_g1	map04612
TRINITY_DN4797_c0_g1	map04612
TRINITY_DN5751_c0_g1	map04612
TRINITY_DN6594_c0_g1	map04612
TRINITY_DN6594_c0_g3	map04612
TRINITY_DN896_c0_g1	map04612
TRINITY_DN98_c0_g1	map04612
TRINITY_DN12400_c0_g1	map04614
TRINITY_DN3170_c0_g1	map04614
TRINITY_DN4043_c0_g1	map04614
TRINITY_DN2543_c0_g1	map04620
TRINITY_DN3821_c0_g1	map04620
TRINITY_DN977_c0_g1	map04620
TRINITY_DN10549_c0_g1	map04621
TRINITY_DN1242_c0_g1	map04621
TRINITY_DN1334_c0_g1	map04621
TRINITY_DN13_c0_g1	map04621
TRINITY_DN13_c0_g2	map04621
TRINITY_DN14018_c0_g1	map04621
TRINITY_DN14186_c0_g1	map04621
TRINITY_DN14291_c0_g1	map04621
TRINITY_DN2223_c0_g1	map04621
TRINITY_DN2543_c0_g1	map04621
TRINITY_DN286_c0_g1	map04621
TRINITY_DN3243_c0_g1	map04621
TRINITY_DN3708_c0_g1	map04621
TRINITY_DN3713_c0_g1	map04621
TRINITY_DN3821_c0_g1	map04621
TRINITY_DN4189_c0_g1	map04621
TRINITY_DN4250_c0_g1	map04621
TRINITY_DN4401_c0_g1	map04621
TRINITY_DN4492_c0_g1	map04621
TRINITY_DN4797_c0_g1	map04621
TRINITY_DN5964_c0_g1	map04621
TRINITY_DN846_c0_g1	map04621
TRINITY_DN1673_c0_g1	map04622
TRINITY_DN1743_c0_g1	map04622
TRINITY_DN3541_c0_g1	map04622
TRINITY_DN3713_c0_g1	map04622
TRINITY_DN3821_c0_g1	map04622
TRINITY_DN3984_c0_g1	map04622
TRINITY_DN4250_c0_g1	map04622
TRINITY_DN8886_c1_g1	map04622
TRINITY_DN1107_c0_g1	map04623
TRINITY_DN1157_c0_g1	map04623
TRINITY_DN1193_c0_g1	map04623
TRINITY_DN1444_c0_g1	map04623
TRINITY_DN17692_c0_g1	map04623
TRINITY_DN2653_c0_g1	map04623
TRINITY_DN2734_c0_g1	map04623
TRINITY_DN3758_c0_g1	map04623
TRINITY_DN480_c0_g1	map04623
TRINITY_DN5643_c1_g1	map04623
TRINITY_DN6941_c0_g1	map04623
TRINITY_DN75_c0_g1	map04623
TRINITY_DN8710_c0_g1	map04623
TRINITY_DN9039_c0_g1	map04623
TRINITY_DN985_c0_g1	map04623
TRINITY_DN1008_c0_g1	map04624
TRINITY_DN1159_c0_g1	map04624
TRINITY_DN14012_c0_g1	map04624
TRINITY_DN14019_c0_g1	map04624
TRINITY_DN16131_c0_g1	map04624
TRINITY_DN1997_c0_g1	map04624
TRINITY_DN2961_c0_g1	map04624
TRINITY_DN3326_c0_g1	map04624
TRINITY_DN3821_c0_g1	map04624
TRINITY_DN4742_c0_g2	map04624
TRINITY_DN6381_c0_g1	map04624
TRINITY_DN8774_c0_g1	map04624
TRINITY_DN1052_c0_g1	map04626
TRINITY_DN12530_c0_g1	map04626
TRINITY_DN14019_c0_g1	map04626
TRINITY_DN14186_c0_g1	map04626
TRINITY_DN14198_c0_g1	map04626
TRINITY_DN2403_c0_g1	map04626
TRINITY_DN3326_c0_g1	map04626
TRINITY_DN4797_c0_g1	map04626
TRINITY_DN1018_c0_g1	map04630
TRINITY_DN3432_c0_g1	map04630
TRINITY_DN4044_c0_g1	map04630
TRINITY_DN4556_c0_g1	map04630
TRINITY_DN465_c0_g1	map04630
TRINITY_DN481_c0_g1	map04630
TRINITY_DN1018_c0_g1	map04650
TRINITY_DN1029_c0_g1	map04650
TRINITY_DN1324_c0_g1	map04650
TRINITY_DN2543_c0_g1	map04650
TRINITY_DN2648_c0_g1	map04650
TRINITY_DN3178_c0_g1	map04650
TRINITY_DN3184_c0_g1	map04650
TRINITY_DN3906_c0_g1	map04650
TRINITY_DN481_c0_g1	map04650
TRINITY_DN977_c0_g1	map04650
TRINITY_DN1086_c0_g1	map04657
TRINITY_DN1928_c0_g1	map04657
TRINITY_DN2543_c0_g1	map04657
TRINITY_DN3029_c0_g1	map04657
TRINITY_DN3270_c0_g1	map04657
TRINITY_DN3821_c0_g1	map04657
TRINITY_DN4797_c0_g1	map04657
TRINITY_DN898_c0_g1	map04657
TRINITY_DN2543_c0_g1	map04658
TRINITY_DN3178_c0_g1	map04658
TRINITY_DN3184_c0_g1	map04658
TRINITY_DN3821_c0_g1	map04658
TRINITY_DN2543_c0_g1	map04659
TRINITY_DN3178_c0_g1	map04659
TRINITY_DN3184_c0_g1	map04659
TRINITY_DN3821_c0_g1	map04659
TRINITY_DN4556_c0_g1	map04659
TRINITY_DN4797_c0_g1	map04659
TRINITY_DN1018_c0_g1	map04660
TRINITY_DN1029_c0_g1	map04660
TRINITY_DN1772_c0_g1	map04660
TRINITY_DN1941_c0_g1	map04660
TRINITY_DN2543_c0_g1	map04660
TRINITY_DN2648_c0_g1	map04660
TRINITY_DN3029_c0_g1	map04660
TRINITY_DN3178_c0_g1	map04660
TRINITY_DN3184_c0_g1	map04660
TRINITY_DN3243_c0_g1	map04660
TRINITY_DN3821_c0_g1	map04660
TRINITY_DN3906_c0_g1	map04660
TRINITY_DN4401_c0_g1	map04660
TRINITY_DN481_c0_g1	map04660
TRINITY_DN977_c0_g1	map04660
TRINITY_DN1018_c0_g1	map04662
TRINITY_DN1029_c0_g1	map04662
TRINITY_DN2543_c0_g1	map04662
TRINITY_DN2648_c0_g1	map04662
TRINITY_DN3029_c0_g1	map04662
TRINITY_DN3178_c0_g1	map04662
TRINITY_DN3184_c0_g1	map04662
TRINITY_DN481_c0_g1	map04662
TRINITY_DN977_c0_g1	map04662
TRINITY_DN1018_c0_g1	map04664
TRINITY_DN1029_c0_g1	map04664
TRINITY_DN1324_c0_g1	map04664
TRINITY_DN1465_c0_g1	map04664
TRINITY_DN1772_c0_g1	map04664
TRINITY_DN1941_c0_g1	map04664
TRINITY_DN2543_c0_g1	map04664
TRINITY_DN2648_c0_g1	map04664
TRINITY_DN3821_c0_g1	map04664
TRINITY_DN3882_c0_g1	map04664
TRINITY_DN481_c0_g1	map04664
TRINITY_DN977_c0_g1	map04664
TRINITY_DN12262_c0_g1	map04666
TRINITY_DN1324_c0_g1	map04666
TRINITY_DN1330_c0_g1	map04666
TRINITY_DN14007_c0_g1	map04666
TRINITY_DN1714_c0_g1	map04666
TRINITY_DN1766_c0_g1	map04666
TRINITY_DN1823_c0_g1	map04666
TRINITY_DN248_c0_g1	map04666
TRINITY_DN2543_c0_g1	map04666
TRINITY_DN254_c0_g1	map04666
TRINITY_DN2626_c0_g1	map04666
TRINITY_DN2905_c0_g1	map04666
TRINITY_DN2922_c0_g1	map04666
TRINITY_DN3002_c0_g1	map04666
TRINITY_DN3269_c0_g1	map04666
TRINITY_DN359_c0_g1	map04666
TRINITY_DN3670_c0_g1	map04666
TRINITY_DN3906_c0_g1	map04666
TRINITY_DN39_c0_g1	map04666
TRINITY_DN39_c0_g2	map04666
TRINITY_DN4023_c0_g1	map04666
TRINITY_DN485_c0_g1	map04666
TRINITY_DN4_c0_g1	map04666
TRINITY_DN57_c0_g1	map04666
TRINITY_DN701_c2_g1	map04666
TRINITY_DN910_c0_g1	map04666
TRINITY_DN9244_c0_g1	map04666
TRINITY_DN930_c0_g1	map04666
TRINITY_DN977_c0_g1	map04666
TRINITY_DN1008_c0_g1	map04668
TRINITY_DN14012_c0_g1	map04668
TRINITY_DN16131_c0_g1	map04668
TRINITY_DN1928_c0_g1	map04668
TRINITY_DN2543_c0_g1	map04668
TRINITY_DN286_c0_g1	map04668
TRINITY_DN3821_c0_g1	map04668
TRINITY_DN5964_c0_g1	map04668
TRINITY_DN6381_c0_g1	map04668
TRINITY_DN9266_c0_g1	map04668
TRINITY_DN10549_c0_g1	map04670
TRINITY_DN1324_c0_g1	map04670
TRINITY_DN1375_c0_g1	map04670
TRINITY_DN286_c0_g1	map04670
TRINITY_DN3243_c0_g1	map04670
TRINITY_DN33_c1_g1	map04670
TRINITY_DN3821_c0_g1	map04670
TRINITY_DN4401_c0_g1	map04670
TRINITY_DN566_c0_g1	map04670
TRINITY_DN577_c0_g1	map04670
TRINITY_DN827_c0_g1	map04670
TRINITY_DN932_c0_g1	map04670
TRINITY_DN977_c0_g1	map04670
TRINITY_DN1079_c0_g1	map04710
TRINITY_DN1433_c0_g1	map04710
TRINITY_DN15867_c0_g1	map04710
TRINITY_DN1837_c0_g1	map04710
TRINITY_DN190_c0_g1	map04710
TRINITY_DN1997_c0_g1	map04710
TRINITY_DN6694_c0_g1	map04710
TRINITY_DN8774_c0_g1	map04710
TRINITY_DN3029_c0_g1	map04711
TRINITY_DN16191_c0_g1	map04712
TRINITY_DN5069_c0_g1	map04712
TRINITY_DN679_c0_g1	map04712
TRINITY_DN8663_c1_g1	map04712
TRINITY_DN1052_c0_g1	map04713
TRINITY_DN1324_c0_g1	map04713
TRINITY_DN14519_c0_g1	map04713
TRINITY_DN2543_c0_g1	map04713
TRINITY_DN33_c1_g1	map04713
TRINITY_DN566_c0_g1	map04713
TRINITY_DN871_c0_g1	map04713
TRINITY_DN932_c0_g1	map04713
TRINITY_DN962_c0_g1	map04713
TRINITY_DN1008_c0_g1	map04714
TRINITY_DN1018_c0_g1	map04714
TRINITY_DN1029_c0_g1	map04714
TRINITY_DN10703_c1_g1	map04714
TRINITY_DN1079_c0_g1	map04714
TRINITY_DN1092_c0_g1	map04714
TRINITY_DN1151_c0_g1	map04714
TRINITY_DN1198_c0_g1	map04714
TRINITY_DN1228_c0_g1	map04714
TRINITY_DN123_c0_g1	map04714
TRINITY_DN12543_c0_g1	map04714
TRINITY_DN1329_c0_g1	map04714
TRINITY_DN1375_c0_g1	map04714
TRINITY_DN14012_c0_g1	map04714
TRINITY_DN14060_c0_g1	map04714
TRINITY_DN1473_c0_g1	map04714
TRINITY_DN160_c0_g1	map04714
TRINITY_DN16131_c0_g1	map04714
TRINITY_DN1613_c0_g1	map04714
TRINITY_DN16577_c0_g1	map04714
TRINITY_DN17749_c0_g1	map04714
TRINITY_DN1824_c0_g1	map04714
TRINITY_DN1837_c0_g1	map04714
TRINITY_DN1838_c0_g1	map04714
TRINITY_DN18445_c0_g1	map04714
TRINITY_DN1880_c0_g1	map04714
TRINITY_DN1890_c0_g1	map04714
TRINITY_DN1920_c0_g1	map04714
TRINITY_DN1941_c0_g1	map04714
TRINITY_DN1990_c1_g1	map04714
TRINITY_DN2068_c0_g1	map04714
TRINITY_DN2111_c0_g1	map04714
TRINITY_DN2153_c0_g1	map04714
TRINITY_DN2290_c0_g1	map04714
TRINITY_DN2312_c0_g1	map04714
TRINITY_DN242_c0_g1	map04714
TRINITY_DN254_c0_g1	map04714
TRINITY_DN2648_c0_g1	map04714
TRINITY_DN2738_c0_g1	map04714
TRINITY_DN2753_c0_g1	map04714
TRINITY_DN286_c0_g1	map04714
TRINITY_DN2934_c0_g1	map04714
TRINITY_DN2936_c0_g1	map04714
TRINITY_DN3057_c0_g1	map04714
TRINITY_DN3070_c0_g1	map04714
TRINITY_DN3075_c0_g1	map04714
TRINITY_DN3111_c0_g1	map04714
TRINITY_DN3116_c0_g1	map04714
TRINITY_DN3168_c0_g1	map04714
TRINITY_DN3236_c0_g1	map04714
TRINITY_DN3240_c0_g1	map04714
TRINITY_DN3270_c0_g1	map04714
TRINITY_DN3333_c0_g1	map04714
TRINITY_DN3416_c0_g1	map04714
TRINITY_DN3450_c0_g1	map04714
TRINITY_DN3548_c0_g1	map04714
TRINITY_DN364_c0_g1	map04714
TRINITY_DN3675_c0_g1	map04714
TRINITY_DN3821_c0_g1	map04714
TRINITY_DN3903_c0_g1	map04714
TRINITY_DN395_c0_g1	map04714
TRINITY_DN3985_c0_g1	map04714
TRINITY_DN4048_c0_g1	map04714
TRINITY_DN420_c0_g1	map04714
TRINITY_DN4370_c0_g1	map04714
TRINITY_DN4374_c0_g1	map04714
TRINITY_DN4556_c0_g1	map04714
TRINITY_DN4603_c0_g1	map04714
TRINITY_DN4720_c0_g1	map04714
TRINITY_DN481_c0_g1	map04714
TRINITY_DN4895_c0_g1	map04714
TRINITY_DN506_c0_g1	map04714
TRINITY_DN5144_c0_g1	map04714
TRINITY_DN5210_c0_g1	map04714
TRINITY_DN532_c0_g1	map04714
TRINITY_DN5653_c0_g1	map04714
TRINITY_DN577_c0_g1	map04714
TRINITY_DN5975_c0_g1	map04714
TRINITY_DN6302_c0_g1	map04714
TRINITY_DN630_c0_g1	map04714
TRINITY_DN6381_c0_g1	map04714
TRINITY_DN661_c0_g1	map04714
TRINITY_DN7147_c0_g1	map04714
TRINITY_DN7600_c0_g1	map04714
TRINITY_DN7695_c0_g1	map04714
TRINITY_DN788_c0_g1	map04714
TRINITY_DN78_c0_g1	map04714
TRINITY_DN794_c0_g1	map04714
TRINITY_DN8457_c0_g1	map04714
TRINITY_DN852_c0_g1	map04714
TRINITY_DN871_c0_g1	map04714
TRINITY_DN8760_c0_g1	map04714
TRINITY_DN8990_c0_g1	map04714
TRINITY_DN92_c0_g1	map04714
TRINITY_DN930_c0_g1	map04714
TRINITY_DN962_c0_g1	map04714
TRINITY_DN985_c0_g1	map04714
TRINITY_DN1029_c0_g1	map04720
TRINITY_DN1052_c0_g1	map04720
TRINITY_DN1324_c0_g1	map04720
TRINITY_DN2543_c0_g1	map04720
TRINITY_DN2648_c0_g1	map04720
TRINITY_DN3178_c0_g1	map04720
TRINITY_DN3184_c0_g1	map04720
TRINITY_DN5920_c0_g1	map04720
TRINITY_DN827_c0_g1	map04720
TRINITY_DN871_c0_g1	map04720
TRINITY_DN9266_c0_g1	map04720
TRINITY_DN962_c0_g1	map04720
TRINITY_DN96_c0_g2	map04720
TRINITY_DN10522_c0_g1	map04721
TRINITY_DN10855_c0_g1	map04721
TRINITY_DN121_c0_g1	map04721
TRINITY_DN1283_c0_g1	map04721
TRINITY_DN14108_c0_g1	map04721
TRINITY_DN1512_c0_g1	map04721
TRINITY_DN1564_c0_g1	map04721
TRINITY_DN1610_c0_g1	map04721
TRINITY_DN2084_c0_g1	map04721
TRINITY_DN2112_c0_g1	map04721
TRINITY_DN2132_c0_g1	map04721
TRINITY_DN2392_c0_g1	map04721
TRINITY_DN2557_c0_g1	map04721
TRINITY_DN2683_c0_g1	map04721
TRINITY_DN2880_c0_g1	map04721
TRINITY_DN2980_c0_g1	map04721
TRINITY_DN3631_c0_g1	map04721
TRINITY_DN3696_c0_g1	map04721
TRINITY_DN3712_c0_g1	map04721
TRINITY_DN3947_c0_g1	map04721
TRINITY_DN4160_c0_g1	map04721
TRINITY_DN4890_c0_g1	map04721
TRINITY_DN567_c0_g1	map04721
TRINITY_DN579_c0_g1	map04721
TRINITY_DN7178_c0_g1	map04721
TRINITY_DN930_c0_g1	map04721
TRINITY_DN1018_c0_g1	map04722
TRINITY_DN1029_c0_g1	map04722
TRINITY_DN1052_c0_g1	map04722
TRINITY_DN1170_c0_g1	map04722
TRINITY_DN1170_c0_g2	map04722
TRINITY_DN1772_c0_g1	map04722
TRINITY_DN1941_c0_g1	map04722
TRINITY_DN2543_c0_g1	map04722
TRINITY_DN2648_c0_g1	map04722
TRINITY_DN3029_c0_g1	map04722
TRINITY_DN3243_c0_g1	map04722
TRINITY_DN3821_c0_g1	map04722
TRINITY_DN4401_c0_g1	map04722
TRINITY_DN481_c0_g1	map04722
TRINITY_DN785_c0_g1	map04722
TRINITY_DN827_c0_g1	map04722
TRINITY_DN898_c0_g1	map04722
TRINITY_DN9266_c0_g1	map04722
TRINITY_DN977_c0_g1	map04722
TRINITY_DN1198_c0_g1	map04723
TRINITY_DN1228_c0_g1	map04723
TRINITY_DN1324_c0_g1	map04723
TRINITY_DN14519_c0_g1	map04723
TRINITY_DN1512_c0_g1	map04723
TRINITY_DN16577_c0_g1	map04723
TRINITY_DN17749_c0_g1	map04723
TRINITY_DN1824_c0_g1	map04723
TRINITY_DN1880_c0_g1	map04723
TRINITY_DN1920_c0_g1	map04723
TRINITY_DN1928_c0_g1	map04723
TRINITY_DN1990_c1_g1	map04723
TRINITY_DN2111_c0_g1	map04723
TRINITY_DN2543_c0_g1	map04723
TRINITY_DN3070_c0_g1	map04723
TRINITY_DN3075_c0_g1	map04723
TRINITY_DN3111_c0_g1	map04723
TRINITY_DN3236_c0_g1	map04723
TRINITY_DN3240_c0_g1	map04723
TRINITY_DN33_c1_g1	map04723
TRINITY_DN3450_c0_g1	map04723
TRINITY_DN3821_c0_g1	map04723
TRINITY_DN3903_c0_g1	map04723
TRINITY_DN395_c0_g1	map04723
TRINITY_DN4048_c0_g1	map04723
TRINITY_DN420_c0_g1	map04723
TRINITY_DN566_c0_g1	map04723
TRINITY_DN871_c0_g1	map04723
TRINITY_DN932_c0_g1	map04723
TRINITY_DN962_c0_g1	map04723
TRINITY_DN985_c0_g1	map04723
TRINITY_DN1324_c0_g1	map04724
TRINITY_DN14519_c0_g1	map04724
TRINITY_DN1465_c0_g1	map04724
TRINITY_DN1766_c0_g1	map04724
TRINITY_DN2033_c0_g1	map04724
TRINITY_DN248_c0_g1	map04724
TRINITY_DN2543_c0_g1	map04724
TRINITY_DN3178_c0_g1	map04724
TRINITY_DN3184_c0_g1	map04724
TRINITY_DN33_c1_g1	map04724
TRINITY_DN3882_c0_g1	map04724
TRINITY_DN5321_c1_g1	map04724
TRINITY_DN566_c0_g1	map04724
TRINITY_DN871_c0_g1	map04724
TRINITY_DN910_c0_g1	map04724
TRINITY_DN932_c0_g1	map04724
TRINITY_DN962_c0_g1	map04724
TRINITY_DN1008_c0_g1	map04725
TRINITY_DN1029_c0_g1	map04725
TRINITY_DN1324_c0_g1	map04725
TRINITY_DN14012_c0_g1	map04725
TRINITY_DN14519_c0_g1	map04725
TRINITY_DN16131_c0_g1	map04725
TRINITY_DN2543_c0_g1	map04725
TRINITY_DN2648_c0_g1	map04725
TRINITY_DN33_c1_g1	map04725
TRINITY_DN566_c0_g1	map04725
TRINITY_DN6381_c0_g1	map04725
TRINITY_DN871_c0_g1	map04725
TRINITY_DN9266_c0_g1	map04725
TRINITY_DN932_c0_g1	map04725
TRINITY_DN962_c0_g1	map04725
TRINITY_DN1029_c0_g1	map04726
TRINITY_DN1324_c0_g1	map04726
TRINITY_DN14519_c0_g1	map04726
TRINITY_DN1465_c0_g1	map04726
TRINITY_DN1830_c0_g1	map04726
TRINITY_DN1928_c0_g1	map04726
TRINITY_DN2543_c0_g1	map04726
TRINITY_DN2648_c0_g1	map04726
TRINITY_DN33_c1_g1	map04726
TRINITY_DN3882_c0_g1	map04726
TRINITY_DN4682_c1_g1	map04726
TRINITY_DN566_c0_g1	map04726
TRINITY_DN871_c0_g1	map04726
TRINITY_DN932_c0_g1	map04726
TRINITY_DN962_c0_g1	map04726
TRINITY_DN10522_c0_g1	map04727
TRINITY_DN1135_c0_g1	map04727
TRINITY_DN1324_c0_g1	map04727
TRINITY_DN14519_c0_g1	map04727
TRINITY_DN14526_c0_g1	map04727
TRINITY_DN1512_c0_g1	map04727
TRINITY_DN2033_c0_g1	map04727
TRINITY_DN2150_c0_g1	map04727
TRINITY_DN2984_c0_g1	map04727
TRINITY_DN33_c1_g1	map04727
TRINITY_DN3696_c0_g1	map04727
TRINITY_DN39_c0_g1	map04727
TRINITY_DN5321_c1_g1	map04727
TRINITY_DN5422_c0_g1	map04727
TRINITY_DN566_c0_g1	map04727
TRINITY_DN871_c0_g1	map04727
TRINITY_DN932_c0_g1	map04727
TRINITY_DN962_c0_g1	map04727
TRINITY_DN1008_c0_g1	map04728
TRINITY_DN1052_c0_g1	map04728
TRINITY_DN12428_c0_g1	map04728
TRINITY_DN1324_c0_g1	map04728
TRINITY_DN14012_c0_g1	map04728
TRINITY_DN14519_c0_g1	map04728
TRINITY_DN16131_c0_g1	map04728
TRINITY_DN1830_c0_g1	map04728
TRINITY_DN1915_c0_g1	map04728
TRINITY_DN2384_c0_g1	map04728
TRINITY_DN244_c0_g1	map04728
TRINITY_DN3029_c0_g1	map04728
TRINITY_DN3178_c0_g1	map04728
TRINITY_DN33_c1_g1	map04728
TRINITY_DN3776_c0_g1	map04728
TRINITY_DN3821_c0_g1	map04728
TRINITY_DN4060_c0_g1	map04728
TRINITY_DN4682_c1_g1	map04728
TRINITY_DN566_c0_g1	map04728
TRINITY_DN5920_c0_g1	map04728
TRINITY_DN6381_c0_g1	map04728
TRINITY_DN871_c0_g1	map04728
TRINITY_DN9266_c0_g1	map04728
TRINITY_DN932_c0_g1	map04728
TRINITY_DN962_c0_g1	map04728
TRINITY_DN96_c0_g2	map04728
TRINITY_DN1029_c0_g1	map04730
TRINITY_DN1324_c0_g1	map04730
TRINITY_DN1465_c0_g1	map04730
TRINITY_DN244_c0_g1	map04730
TRINITY_DN2543_c0_g1	map04730
TRINITY_DN2648_c0_g1	map04730
TRINITY_DN33_c1_g1	map04730
TRINITY_DN3776_c0_g1	map04730
TRINITY_DN3882_c0_g1	map04730
TRINITY_DN566_c0_g1	map04730
TRINITY_DN932_c0_g1	map04730
TRINITY_DN1052_c0_g1	map04740
TRINITY_DN14519_c0_g1	map04740
TRINITY_DN871_c0_g1	map04740
TRINITY_DN962_c0_g1	map04740
TRINITY_DN1390_c0_g1	map04742
TRINITY_DN1510_c0_g1	map04742
TRINITY_DN1533_c0_g1	map04742
TRINITY_DN238_c0_g1	map04742
TRINITY_DN2444_c1_g1	map04742
TRINITY_DN3661_c0_g1	map04742
TRINITY_DN804_c1_g1	map04742
TRINITY_DN871_c0_g1	map04742
TRINITY_DN962_c0_g1	map04742
TRINITY_DN1052_c0_g1	map04744
TRINITY_DN14519_c0_g1	map04744
TRINITY_DN1052_c0_g1	map04745
TRINITY_DN1324_c0_g1	map04745
TRINITY_DN1375_c0_g1	map04745
TRINITY_DN577_c0_g1	map04745
TRINITY_DN1052_c0_g1	map04750
TRINITY_DN1324_c0_g1	map04750
TRINITY_DN1465_c0_g1	map04750
TRINITY_DN3821_c0_g1	map04750
TRINITY_DN3882_c0_g1	map04750
TRINITY_DN5920_c0_g1	map04750
TRINITY_DN871_c0_g1	map04750
TRINITY_DN962_c0_g1	map04750
TRINITY_DN96_c0_g2	map04750
TRINITY_DN1018_c0_g1	map04810
TRINITY_DN1029_c0_g1	map04810
TRINITY_DN12262_c0_g1	map04810
TRINITY_DN1330_c0_g1	map04810
TRINITY_DN1375_c0_g1	map04810
TRINITY_DN14007_c0_g1	map04810
TRINITY_DN15850_c0_g1	map04810
TRINITY_DN1661_c0_g1	map04810
TRINITY_DN2333_c0_g1	map04810
TRINITY_DN2369_c0_g1	map04810
TRINITY_DN2543_c0_g1	map04810
TRINITY_DN254_c0_g1	map04810
TRINITY_DN2626_c0_g1	map04810
TRINITY_DN2648_c0_g1	map04810
TRINITY_DN286_c0_g1	map04810
TRINITY_DN2922_c0_g1	map04810
TRINITY_DN3002_c0_g1	map04810
TRINITY_DN3243_c0_g1	map04810
TRINITY_DN3269_c0_g1	map04810
TRINITY_DN359_c0_g1	map04810
TRINITY_DN3670_c0_g1	map04810
TRINITY_DN3906_c0_g1	map04810
TRINITY_DN39_c0_g1	map04810
TRINITY_DN39_c0_g2	map04810
TRINITY_DN4023_c0_g1	map04810
TRINITY_DN4268_c0_g1	map04810
TRINITY_DN4401_c0_g1	map04810
TRINITY_DN481_c0_g1	map04810
TRINITY_DN4_c0_g1	map04810
TRINITY_DN577_c0_g1	map04810
TRINITY_DN5920_c0_g1	map04810
TRINITY_DN701_c2_g1	map04810
TRINITY_DN9244_c0_g1	map04810
TRINITY_DN930_c0_g1	map04810
TRINITY_DN96_c0_g2	map04810
TRINITY_DN977_c0_g1	map04810
TRINITY_DN1018_c0_g1	map04910
TRINITY_DN1029_c0_g1	map04910
TRINITY_DN1052_c0_g1	map04910
TRINITY_DN10703_c1_g1	map04910
TRINITY_DN1079_c0_g1	map04910
TRINITY_DN12303_c0_g1	map04910
TRINITY_DN1359_c0_g1	map04910
TRINITY_DN1387_c0_g1	map04910
TRINITY_DN14009_c0_g1	map04910
TRINITY_DN1449_c0_g1	map04910
TRINITY_DN1772_c0_g1	map04910
TRINITY_DN1837_c0_g1	map04910
TRINITY_DN1838_c0_g1	map04910
TRINITY_DN1941_c0_g1	map04910
TRINITY_DN227_c0_g1	map04910
TRINITY_DN2349_c0_g1	map04910
TRINITY_DN2543_c0_g1	map04910
TRINITY_DN2648_c0_g1	map04910
TRINITY_DN3029_c0_g1	map04910
TRINITY_DN3119_c0_g1	map04910
TRINITY_DN352_c0_g1	map04910
TRINITY_DN4556_c0_g1	map04910
TRINITY_DN481_c0_g1	map04910
TRINITY_DN495_c0_g1	map04910
TRINITY_DN532_c0_g1	map04910
TRINITY_DN5563_c0_g1	map04910
TRINITY_DN5920_c0_g1	map04910
TRINITY_DN8690_c0_g1	map04910
TRINITY_DN871_c0_g1	map04910
TRINITY_DN962_c0_g1	map04910
TRINITY_DN96_c0_g2	map04910
TRINITY_DN9_c0_g2	map04910
TRINITY_DN1008_c0_g1	map04911
TRINITY_DN1324_c0_g1	map04911
TRINITY_DN14012_c0_g1	map04911
TRINITY_DN16131_c0_g1	map04911
TRINITY_DN4486_c0_g1	map04911
TRINITY_DN6381_c0_g1	map04911
TRINITY_DN828_c0_g2	map04911
TRINITY_DN871_c0_g1	map04911
TRINITY_DN9266_c0_g1	map04911
TRINITY_DN962_c0_g1	map04911
TRINITY_DN1018_c0_g1	map04912
TRINITY_DN1029_c0_g1	map04912
TRINITY_DN1052_c0_g1	map04912
TRINITY_DN1324_c0_g1	map04912
TRINITY_DN1465_c0_g1	map04912
TRINITY_DN1766_c0_g1	map04912
TRINITY_DN248_c0_g1	map04912
TRINITY_DN2543_c0_g1	map04912
TRINITY_DN2648_c0_g1	map04912
TRINITY_DN3821_c0_g1	map04912
TRINITY_DN3882_c0_g1	map04912
TRINITY_DN481_c0_g1	map04912
TRINITY_DN871_c0_g1	map04912
TRINITY_DN898_c0_g1	map04912
TRINITY_DN910_c0_g1	map04912
TRINITY_DN9266_c0_g1	map04912
TRINITY_DN962_c0_g1	map04912
TRINITY_DN977_c0_g1	map04912
TRINITY_DN1465_c0_g1	map04913
TRINITY_DN1928_c0_g1	map04913
TRINITY_DN3882_c0_g1	map04913
TRINITY_DN871_c0_g1	map04913
TRINITY_DN962_c0_g1	map04913
TRINITY_DN1029_c0_g1	map04914
TRINITY_DN11096_c0_g1	map04914
TRINITY_DN13575_c0_g1	map04914
TRINITY_DN1361_c1_g1	map04914
TRINITY_DN14024_c0_g1	map04914
TRINITY_DN1476_c0_g1	map04914
TRINITY_DN16094_c0_g1	map04914
TRINITY_DN1902_c0_g1	map04914
TRINITY_DN2324_c0_g1	map04914
TRINITY_DN2543_c0_g1	map04914
TRINITY_DN2648_c0_g1	map04914
TRINITY_DN2706_c0_g1	map04914
TRINITY_DN2743_c0_g1	map04914
TRINITY_DN2803_c0_g1	map04914
TRINITY_DN3270_c0_g1	map04914
TRINITY_DN33_c1_g1	map04914
TRINITY_DN3494_c0_g1	map04914
TRINITY_DN3558_c0_g1	map04914
TRINITY_DN3821_c0_g1	map04914
TRINITY_DN4502_c0_g1	map04914
TRINITY_DN4797_c0_g1	map04914
TRINITY_DN566_c0_g1	map04914
TRINITY_DN871_c0_g1	map04914
TRINITY_DN932_c0_g1	map04914
TRINITY_DN962_c0_g1	map04914
TRINITY_DN1008_c0_g1	map04915
TRINITY_DN1018_c0_g1	map04915
TRINITY_DN1029_c0_g1	map04915
TRINITY_DN1052_c0_g1	map04915
TRINITY_DN14012_c0_g1	map04915
TRINITY_DN16131_c0_g1	map04915
TRINITY_DN2543_c0_g1	map04915
TRINITY_DN2648_c0_g1	map04915
TRINITY_DN33_c1_g1	map04915
TRINITY_DN4797_c0_g1	map04915
TRINITY_DN481_c0_g1	map04915
TRINITY_DN566_c0_g1	map04915
TRINITY_DN6381_c0_g1	map04915
TRINITY_DN6594_c0_g1	map04915
TRINITY_DN6594_c0_g3	map04915
TRINITY_DN871_c0_g1	map04915
TRINITY_DN8875_c0_g1	map04915
TRINITY_DN9266_c0_g1	map04915
TRINITY_DN932_c0_g1	map04915
TRINITY_DN962_c0_g1	map04915
TRINITY_DN1004_c0_g1	map04916
TRINITY_DN1029_c0_g1	map04916
TRINITY_DN10432_c0_g1	map04916
TRINITY_DN1052_c0_g1	map04916
TRINITY_DN1324_c0_g1	map04916
TRINITY_DN13307_c0_g1	map04916
TRINITY_DN14902_c0_g1	map04916
TRINITY_DN16144_c0_g1	map04916
TRINITY_DN16190_c0_g1	map04916
TRINITY_DN17106_c0_g1	map04916
TRINITY_DN17664_c0_g1	map04916
TRINITY_DN18022_c0_g1	map04916
TRINITY_DN18444_c0_g1	map04916
TRINITY_DN19050_c0_g1	map04916
TRINITY_DN2543_c0_g1	map04916
TRINITY_DN2648_c0_g1	map04916
TRINITY_DN3029_c0_g1	map04916
TRINITY_DN33_c1_g1	map04916
TRINITY_DN4916_c0_g1	map04916
TRINITY_DN566_c0_g1	map04916
TRINITY_DN7509_c0_g1	map04916
TRINITY_DN8248_c0_g1	map04916
TRINITY_DN871_c0_g1	map04916
TRINITY_DN932_c0_g1	map04916
TRINITY_DN962_c0_g1	map04916
TRINITY_DN1018_c0_g1	map04917
TRINITY_DN1029_c0_g1	map04917
TRINITY_DN243_c0_g1	map04917
TRINITY_DN2543_c0_g1	map04917
TRINITY_DN2648_c0_g1	map04917
TRINITY_DN3029_c0_g1	map04917
TRINITY_DN3821_c0_g1	map04917
TRINITY_DN481_c0_g1	map04917
TRINITY_DN1008_c0_g1	map04918
TRINITY_DN1125_c0_g1	map04918
TRINITY_DN12388_c0_g1	map04918
TRINITY_DN1324_c0_g1	map04918
TRINITY_DN14012_c0_g1	map04918
TRINITY_DN16131_c0_g1	map04918
TRINITY_DN2151_c0_g1	map04918
TRINITY_DN4486_c0_g1	map04918
TRINITY_DN4569_c0_g1	map04918
TRINITY_DN6381_c0_g1	map04918
TRINITY_DN6594_c0_g2	map04918
TRINITY_DN828_c0_g2	map04918
TRINITY_DN8510_c0_g1	map04918
TRINITY_DN871_c0_g1	map04918
TRINITY_DN9266_c0_g1	map04918
TRINITY_DN962_c0_g1	map04918
TRINITY_DN1029_c0_g1	map04919
TRINITY_DN1222_c0_g1	map04919
TRINITY_DN12251_c0_g1	map04919
TRINITY_DN12698_c1_g1	map04919
TRINITY_DN1324_c0_g1	map04919
TRINITY_DN1375_c0_g1	map04919
TRINITY_DN1474_c0_g1	map04919
TRINITY_DN15788_c0_g1	map04919
TRINITY_DN16277_c0_g1	map04919
TRINITY_DN1772_c0_g1	map04919
TRINITY_DN1838_c0_g1	map04919
TRINITY_DN1941_c0_g1	map04919
TRINITY_DN2543_c0_g1	map04919
TRINITY_DN2648_c0_g1	map04919
TRINITY_DN3029_c0_g1	map04919
TRINITY_DN3622_c0_g1	map04919
TRINITY_DN4486_c0_g1	map04919
TRINITY_DN4556_c0_g1	map04919
TRINITY_DN4751_c0_g1	map04919
TRINITY_DN5491_c0_g1	map04919
TRINITY_DN577_c0_g1	map04919
TRINITY_DN828_c0_g2	map04919
TRINITY_DN871_c0_g1	map04919
TRINITY_DN8872_c0_g1	map04919
TRINITY_DN945_c0_g1	map04919
TRINITY_DN962_c0_g1	map04919
TRINITY_DN1079_c0_g1	map04920
TRINITY_DN1416_c0_g1	map04920
TRINITY_DN1837_c0_g1	map04920
TRINITY_DN2051_c0_g1	map04920
TRINITY_DN2800_c0_g1	map04920
TRINITY_DN3823_c0_g2	map04920
TRINITY_DN4556_c0_g1	map04920
TRINITY_DN4895_c0_g1	map04920
TRINITY_DN661_c0_g1	map04920
TRINITY_DN8990_c0_g1	map04920
TRINITY_DN1029_c0_g1	map04921
TRINITY_DN1052_c0_g1	map04921
TRINITY_DN1079_c0_g1	map04921
TRINITY_DN1324_c0_g1	map04921
TRINITY_DN1375_c0_g1	map04921
TRINITY_DN1398_c0_g1	map04921
TRINITY_DN1465_c0_g1	map04921
TRINITY_DN16080_c0_g1	map04921
TRINITY_DN1837_c0_g1	map04921
TRINITY_DN1928_c0_g1	map04921
TRINITY_DN2051_c0_g1	map04921
TRINITY_DN2543_c0_g1	map04921
TRINITY_DN2648_c0_g1	map04921
TRINITY_DN2705_c0_g1	map04921
TRINITY_DN3178_c0_g1	map04921
TRINITY_DN3184_c0_g1	map04921
TRINITY_DN3243_c0_g1	map04921
TRINITY_DN33_c1_g1	map04921
TRINITY_DN3823_c0_g2	map04921
TRINITY_DN3882_c0_g1	map04921
TRINITY_DN4401_c0_g1	map04921
TRINITY_DN566_c0_g1	map04921
TRINITY_DN577_c0_g1	map04921
TRINITY_DN5920_c0_g1	map04921
TRINITY_DN871_c0_g1	map04921
TRINITY_DN898_c0_g1	map04921
TRINITY_DN932_c0_g1	map04921
TRINITY_DN9412_c0_g1	map04921
TRINITY_DN962_c0_g1	map04921
TRINITY_DN96_c0_g2	map04921
TRINITY_DN1008_c0_g1	map04922
TRINITY_DN1052_c0_g1	map04922
TRINITY_DN1079_c0_g1	map04922
TRINITY_DN1359_c0_g1	map04922
TRINITY_DN1387_c0_g1	map04922
TRINITY_DN14012_c0_g1	map04922
TRINITY_DN1435_c0_g1	map04922
TRINITY_DN16131_c0_g1	map04922
TRINITY_DN1837_c0_g1	map04922
TRINITY_DN183_c0_g1	map04922
TRINITY_DN3101_c0_g1	map04922
TRINITY_DN3178_c0_g1	map04922
TRINITY_DN3184_c0_g1	map04922
TRINITY_DN4369_c0_g1	map04922
TRINITY_DN6381_c0_g1	map04922
TRINITY_DN663_c0_g1	map04922
TRINITY_DN8690_c0_g1	map04922
TRINITY_DN871_c0_g1	map04922
TRINITY_DN9266_c0_g1	map04922
TRINITY_DN937_c0_g1	map04922
TRINITY_DN962_c0_g1	map04922
TRINITY_DN17749_c0_g1	map04923
TRINITY_DN1928_c0_g1	map04923
TRINITY_DN33_c1_g1	map04923
TRINITY_DN566_c0_g1	map04923
TRINITY_DN871_c0_g1	map04923
TRINITY_DN932_c0_g1	map04923
TRINITY_DN962_c0_g1	map04923
TRINITY_DN1052_c0_g1	map04924
TRINITY_DN3178_c0_g1	map04924
TRINITY_DN3184_c0_g1	map04924
TRINITY_DN33_c1_g1	map04924
TRINITY_DN566_c0_g1	map04924
TRINITY_DN871_c0_g1	map04924
TRINITY_DN932_c0_g1	map04924
TRINITY_DN962_c0_g1	map04924
TRINITY_DN1008_c0_g1	map04925
TRINITY_DN1052_c0_g1	map04925
TRINITY_DN1324_c0_g1	map04925
TRINITY_DN1398_c0_g1	map04925
TRINITY_DN14012_c0_g1	map04925
TRINITY_DN16080_c0_g1	map04925
TRINITY_DN16131_c0_g1	map04925
TRINITY_DN4486_c0_g1	map04925
TRINITY_DN6381_c0_g1	map04925
TRINITY_DN828_c0_g2	map04925
TRINITY_DN871_c0_g1	map04925
TRINITY_DN9266_c0_g1	map04925
TRINITY_DN9412_c0_g1	map04925
TRINITY_DN962_c0_g1	map04925
TRINITY_DN1008_c0_g1	map04926
TRINITY_DN1018_c0_g1	map04926
TRINITY_DN1029_c0_g1	map04926
TRINITY_DN1324_c0_g1	map04926
TRINITY_DN14012_c0_g1	map04926
TRINITY_DN14301_c0_g1	map04926
TRINITY_DN14519_c0_g1	map04926
TRINITY_DN16131_c0_g1	map04926
TRINITY_DN2543_c0_g1	map04926
TRINITY_DN2648_c0_g1	map04926
TRINITY_DN33_c1_g1	map04926
TRINITY_DN3821_c0_g1	map04926
TRINITY_DN481_c0_g1	map04926
TRINITY_DN566_c0_g1	map04926
TRINITY_DN6381_c0_g1	map04926
TRINITY_DN871_c0_g1	map04926
TRINITY_DN9266_c0_g1	map04926
TRINITY_DN932_c0_g1	map04926
TRINITY_DN962_c0_g1	map04926
TRINITY_DN1008_c0_g1	map04927
TRINITY_DN14012_c0_g1	map04927
TRINITY_DN16131_c0_g1	map04927
TRINITY_DN6381_c0_g1	map04927
TRINITY_DN871_c0_g1	map04927
TRINITY_DN9266_c0_g1	map04927
TRINITY_DN962_c0_g1	map04927
TRINITY_DN1324_c0_g1	map04930
TRINITY_DN183_c0_g1	map04930
TRINITY_DN2349_c0_g1	map04930
TRINITY_DN2543_c0_g1	map04930
TRINITY_DN352_c0_g1	map04930
TRINITY_DN4556_c0_g1	map04930
TRINITY_DN5563_c0_g1	map04930
TRINITY_DN9_c0_g2	map04930
TRINITY_DN1008_c0_g1	map04931
TRINITY_DN1079_c0_g1	map04931
TRINITY_DN1324_c0_g1	map04931
TRINITY_DN1359_c0_g1	map04931
TRINITY_DN14012_c0_g1	map04931
TRINITY_DN1610_c0_g1	map04931
TRINITY_DN16131_c0_g1	map04931
TRINITY_DN1772_c0_g1	map04931
TRINITY_DN1837_c0_g1	map04931
TRINITY_DN1941_c0_g1	map04931
TRINITY_DN2690_c0_g1	map04931
TRINITY_DN3029_c0_g1	map04931
TRINITY_DN4125_c0_g1	map04931
TRINITY_DN4556_c0_g1	map04931
TRINITY_DN5920_c0_g1	map04931
TRINITY_DN621_c0_g1	map04931
TRINITY_DN6381_c0_g1	map04931
TRINITY_DN8690_c0_g1	map04931
TRINITY_DN96_c0_g2	map04931
TRINITY_DN10693_c0_g1	map04932
TRINITY_DN1079_c0_g1	map04932
TRINITY_DN1092_c0_g1	map04932
TRINITY_DN1198_c0_g1	map04932
TRINITY_DN1228_c0_g1	map04932
TRINITY_DN123_c0_g1	map04932
TRINITY_DN1329_c0_g1	map04932
TRINITY_DN1416_c0_g1	map04932
TRINITY_DN160_c0_g1	map04932
TRINITY_DN1613_c0_g1	map04932
TRINITY_DN16577_c0_g1	map04932
TRINITY_DN1824_c0_g1	map04932
TRINITY_DN1837_c0_g1	map04932
TRINITY_DN18445_c0_g1	map04932
TRINITY_DN1880_c0_g1	map04932
TRINITY_DN1890_c0_g1	map04932
TRINITY_DN1920_c0_g1	map04932
TRINITY_DN1990_c1_g1	map04932
TRINITY_DN2111_c0_g1	map04932
TRINITY_DN2290_c0_g1	map04932
TRINITY_DN242_c0_g1	map04932
TRINITY_DN2738_c0_g1	map04932
TRINITY_DN2800_c0_g1	map04932
TRINITY_DN2936_c0_g1	map04932
TRINITY_DN3029_c0_g1	map04932
TRINITY_DN3070_c0_g1	map04932
TRINITY_DN3075_c0_g1	map04932
TRINITY_DN3111_c0_g1	map04932
TRINITY_DN3116_c0_g1	map04932
TRINITY_DN3236_c0_g1	map04932
TRINITY_DN3240_c0_g1	map04932
TRINITY_DN3450_c0_g1	map04932
TRINITY_DN3903_c0_g1	map04932
TRINITY_DN395_c0_g1	map04932
TRINITY_DN4048_c0_g1	map04932
TRINITY_DN420_c0_g1	map04932
TRINITY_DN4419_c0_g1	map04932
TRINITY_DN4603_c0_g1	map04932
TRINITY_DN5398_c0_g1	map04932
TRINITY_DN6302_c0_g1	map04932
TRINITY_DN7600_c0_g1	map04932
TRINITY_DN794_c0_g1	map04932
TRINITY_DN8457_c0_g1	map04932
TRINITY_DN9266_c0_g1	map04932
TRINITY_DN977_c0_g1	map04932
TRINITY_DN985_c0_g1	map04932
TRINITY_DN1029_c0_g1	map04933
TRINITY_DN10549_c0_g1	map04933
TRINITY_DN12698_c1_g1	map04933
TRINITY_DN1324_c0_g1	map04933
TRINITY_DN14301_c0_g1	map04933
TRINITY_DN15788_c0_g1	map04933
TRINITY_DN15850_c0_g1	map04933
TRINITY_DN16277_c0_g1	map04933
TRINITY_DN2543_c0_g1	map04933
TRINITY_DN2609_c0_g1	map04933
TRINITY_DN2648_c0_g1	map04933
TRINITY_DN3821_c0_g1	map04933
TRINITY_DN8872_c0_g1	map04933
TRINITY_DN977_c0_g1	map04933
TRINITY_DN1008_c0_g1	map04934
TRINITY_DN14012_c0_g1	map04934
TRINITY_DN14105_c0_g1	map04934
TRINITY_DN1577_c0_g1	map04934
TRINITY_DN16131_c0_g1	map04934
TRINITY_DN2543_c0_g1	map04934
TRINITY_DN3029_c0_g1	map04934
TRINITY_DN33_c1_g1	map04934
TRINITY_DN4629_c0_g1	map04934
TRINITY_DN566_c0_g1	map04934
TRINITY_DN6381_c0_g1	map04934
TRINITY_DN661_c0_g1	map04934
TRINITY_DN827_c0_g1	map04934
TRINITY_DN871_c0_g1	map04934
TRINITY_DN9266_c0_g1	map04934
TRINITY_DN932_c0_g1	map04934
TRINITY_DN962_c0_g1	map04934
TRINITY_DN10814_c0_g1	map04940
TRINITY_DN1135_c0_g1	map04940
TRINITY_DN5422_c0_g1	map04940
TRINITY_DN1029_c0_g1	map04960
TRINITY_DN1324_c0_g1	map04960
TRINITY_DN1772_c0_g1	map04960
TRINITY_DN1941_c0_g1	map04960
TRINITY_DN2543_c0_g1	map04960
TRINITY_DN2648_c0_g1	map04960
TRINITY_DN4486_c0_g1	map04960
TRINITY_DN828_c0_g2	map04960
TRINITY_DN1324_c0_g1	map04961
TRINITY_DN14108_c0_g1	map04961
TRINITY_DN1610_c0_g1	map04961
TRINITY_DN2085_c0_g1	map04961
TRINITY_DN2557_c0_g1	map04961
TRINITY_DN4486_c0_g1	map04961
TRINITY_DN567_c0_g1	map04961
TRINITY_DN828_c0_g2	map04961
TRINITY_DN871_c0_g1	map04961
TRINITY_DN930_c0_g1	map04961
TRINITY_DN962_c0_g1	map04961
TRINITY_DN1008_c0_g1	map04962
TRINITY_DN10522_c0_g1	map04962
TRINITY_DN14012_c0_g1	map04962
TRINITY_DN15867_c0_g1	map04962
TRINITY_DN16131_c0_g1	map04962
TRINITY_DN1831_c0_g1	map04962
TRINITY_DN1853_c0_g1	map04962
TRINITY_DN2085_c0_g1	map04962
TRINITY_DN221_c0_g1	map04962
TRINITY_DN4056_c0_g1	map04962
TRINITY_DN4248_c0_g1	map04962
TRINITY_DN4305_c0_g1	map04962
TRINITY_DN4508_c0_g1	map04962
TRINITY_DN5901_c0_g1	map04962
TRINITY_DN6381_c0_g1	map04962
TRINITY_DN785_c0_g1	map04962
TRINITY_DN871_c0_g1	map04962
TRINITY_DN9024_c0_g1	map04962
TRINITY_DN940_c0_g1	map04962
TRINITY_DN962_c0_g1	map04962
TRINITY_DN1185_c0_g1	map04964
TRINITY_DN1391_c0_g1	map04964
TRINITY_DN4486_c0_g1	map04964
TRINITY_DN828_c0_g2	map04964
TRINITY_DN121_c0_g1	map04966
TRINITY_DN1283_c0_g1	map04966
TRINITY_DN1564_c0_g1	map04966
TRINITY_DN2084_c0_g1	map04966
TRINITY_DN2112_c0_g1	map04966
TRINITY_DN2392_c0_g1	map04966
TRINITY_DN2683_c0_g1	map04966
TRINITY_DN2880_c0_g1	map04966
TRINITY_DN3631_c0_g1	map04966
TRINITY_DN3947_c0_g1	map04966
TRINITY_DN4160_c0_g1	map04966
TRINITY_DN579_c0_g1	map04966
TRINITY_DN7178_c0_g1	map04966
TRINITY_DN1052_c0_g1	map04970
TRINITY_DN1324_c0_g1	map04970
TRINITY_DN4486_c0_g1	map04970
TRINITY_DN828_c0_g2	map04970
TRINITY_DN871_c0_g1	map04970
TRINITY_DN962_c0_g1	map04970
TRINITY_DN1052_c0_g1	map04971
TRINITY_DN1324_c0_g1	map04971
TRINITY_DN33_c1_g1	map04971
TRINITY_DN4486_c0_g1	map04971
TRINITY_DN566_c0_g1	map04971
TRINITY_DN828_c0_g2	map04971
TRINITY_DN871_c0_g1	map04971
TRINITY_DN932_c0_g1	map04971
TRINITY_DN962_c0_g1	map04971
TRINITY_DN1324_c0_g1	map04972
TRINITY_DN2085_c0_g1	map04972
TRINITY_DN3243_c0_g1	map04972
TRINITY_DN4401_c0_g1	map04972
TRINITY_DN4486_c0_g1	map04972
TRINITY_DN7869_c0_g1	map04972
TRINITY_DN7_c1_g1	map04972
TRINITY_DN804_c0_g2	map04972
TRINITY_DN827_c0_g1	map04972
TRINITY_DN828_c0_g2	map04972
TRINITY_DN977_c0_g1	map04972
TRINITY_DN2349_c0_g1	map04973
TRINITY_DN34_c1_g1	map04973
TRINITY_DN352_c0_g1	map04973
TRINITY_DN4486_c0_g1	map04973
TRINITY_DN5563_c0_g1	map04973
TRINITY_DN828_c0_g2	map04973
TRINITY_DN9_c0_g2	map04973
TRINITY_DN14301_c0_g1	map04974
TRINITY_DN15936_c0_g1	map04974
TRINITY_DN18207_c1_g1	map04974
TRINITY_DN3251_c0_g1	map04974
TRINITY_DN4486_c0_g1	map04974
TRINITY_DN7869_c0_g1	map04974
TRINITY_DN828_c0_g2	map04974
TRINITY_DN2009_c0_g1	map04975
TRINITY_DN3388_c0_g1	map04975
TRINITY_DN3512_c0_g1	map04975
TRINITY_DN576_c0_g1	map04975
TRINITY_DN99_c0_g1	map04975
TRINITY_DN1182_c0_g1	map04976
TRINITY_DN11934_c0_g1	map04976
TRINITY_DN12527_c0_g1	map04976
TRINITY_DN12720_c0_g1	map04976
TRINITY_DN12815_c0_g1	map04976
TRINITY_DN1426_c0_g1	map04976
TRINITY_DN1676_c0_g1	map04976
TRINITY_DN17860_c0_g1	map04976
TRINITY_DN17911_c0_g1	map04976
TRINITY_DN1821_c0_g1	map04976
TRINITY_DN2339_c0_g1	map04976
TRINITY_DN2698_c0_g1	map04976
TRINITY_DN2757_c0_g1	map04976
TRINITY_DN3570_c0_g1	map04976
TRINITY_DN4001_c0_g1	map04976
TRINITY_DN4028_c0_g1	map04976
TRINITY_DN4449_c0_g1	map04976
TRINITY_DN4486_c0_g1	map04976
TRINITY_DN4798_c0_g1	map04976
TRINITY_DN4991_c0_g1	map04976
TRINITY_DN677_c0_g1	map04976
TRINITY_DN828_c0_g2	map04976
TRINITY_DN871_c0_g1	map04976
TRINITY_DN8963_c0_g1	map04976
TRINITY_DN962_c0_g1	map04976
TRINITY_DN970_c0_g1	map04977
TRINITY_DN12421_c0_g1	map04978
TRINITY_DN13714_c0_g1	map04978
TRINITY_DN3241_c0_g1	map04978
TRINITY_DN4176_c0_g1	map04978
TRINITY_DN4486_c0_g1	map04978
TRINITY_DN6794_c3_g1	map04978
TRINITY_DN734_c0_g1	map04978
TRINITY_DN7967_c1_g1	map04978
TRINITY_DN828_c0_g2	map04978
TRINITY_DN954_c0_g1	map04978
TRINITY_DN1242_c0_g1	map04979
TRINITY_DN12476_c0_g1	map04979
TRINITY_DN12496_c0_g1	map04979
TRINITY_DN1485_c0_g1	map04979
TRINITY_DN17860_c0_g1	map04979
TRINITY_DN17911_c0_g1	map04979
TRINITY_DN2389_c0_g1	map04979
TRINITY_DN3570_c0_g1	map04979
TRINITY_DN4449_c0_g1	map04979
TRINITY_DN6655_c0_g1	map04979
TRINITY_DN6655_c0_g2	map04979
TRINITY_DN1052_c0_g1	map05010
TRINITY_DN10693_c0_g1	map05010
TRINITY_DN1092_c0_g1	map05010
TRINITY_DN1151_c0_g1	map05010
TRINITY_DN1198_c0_g1	map05010
TRINITY_DN1228_c0_g1	map05010
TRINITY_DN123_c0_g1	map05010
TRINITY_DN1329_c0_g1	map05010
TRINITY_DN160_c0_g1	map05010
TRINITY_DN1613_c0_g1	map05010
TRINITY_DN16577_c0_g1	map05010
TRINITY_DN1824_c0_g1	map05010
TRINITY_DN18445_c0_g1	map05010
TRINITY_DN1880_c0_g1	map05010
TRINITY_DN1890_c0_g1	map05010
TRINITY_DN1920_c0_g1	map05010
TRINITY_DN1989_c0_g1	map05010
TRINITY_DN1990_c1_g1	map05010
TRINITY_DN2111_c0_g1	map05010
TRINITY_DN2153_c0_g1	map05010
TRINITY_DN2290_c0_g1	map05010
TRINITY_DN2312_c0_g1	map05010
TRINITY_DN242_c0_g1	map05010
TRINITY_DN2543_c0_g1	map05010
TRINITY_DN2738_c0_g1	map05010
TRINITY_DN2936_c0_g1	map05010
TRINITY_DN3029_c0_g1	map05010
TRINITY_DN3070_c0_g1	map05010
TRINITY_DN3075_c0_g1	map05010
TRINITY_DN3111_c0_g1	map05010
TRINITY_DN3116_c0_g1	map05010
TRINITY_DN3178_c0_g1	map05010
TRINITY_DN3184_c0_g1	map05010
TRINITY_DN3236_c0_g1	map05010
TRINITY_DN3240_c0_g1	map05010
TRINITY_DN3450_c0_g1	map05010
TRINITY_DN3903_c0_g1	map05010
TRINITY_DN395_c0_g1	map05010
TRINITY_DN4048_c0_g1	map05010
TRINITY_DN420_c0_g1	map05010
TRINITY_DN4603_c0_g1	map05010
TRINITY_DN4614_c1_g1	map05010
TRINITY_DN506_c0_g1	map05010
TRINITY_DN5398_c0_g1	map05010
TRINITY_DN5975_c0_g1	map05010
TRINITY_DN6302_c0_g1	map05010
TRINITY_DN651_c0_g1	map05010
TRINITY_DN7600_c0_g1	map05010
TRINITY_DN7695_c0_g1	map05010
TRINITY_DN788_c0_g1	map05010
TRINITY_DN794_c0_g1	map05010
TRINITY_DN7_c1_g1	map05010
TRINITY_DN8457_c0_g1	map05010
TRINITY_DN92_c0_g1	map05010
TRINITY_DN985_c0_g1	map05010
TRINITY_DN10682_c0_g1	map05012
TRINITY_DN1092_c0_g1	map05012
TRINITY_DN1151_c0_g1	map05012
TRINITY_DN1198_c0_g1	map05012
TRINITY_DN1228_c0_g1	map05012
TRINITY_DN123_c0_g1	map05012
TRINITY_DN1242_c0_g1	map05012
TRINITY_DN1329_c0_g1	map05012
TRINITY_DN1461_c0_g1	map05012
TRINITY_DN160_c0_g1	map05012
TRINITY_DN1613_c0_g1	map05012
TRINITY_DN16577_c0_g1	map05012
TRINITY_DN17960_c0_g1	map05012
TRINITY_DN1824_c0_g1	map05012
TRINITY_DN18445_c0_g1	map05012
TRINITY_DN1880_c0_g1	map05012
TRINITY_DN1890_c0_g1	map05012
TRINITY_DN1920_c0_g1	map05012
TRINITY_DN1990_c1_g1	map05012
TRINITY_DN2111_c0_g1	map05012
TRINITY_DN2153_c0_g1	map05012
TRINITY_DN2290_c0_g1	map05012
TRINITY_DN2312_c0_g1	map05012
TRINITY_DN242_c0_g1	map05012
TRINITY_DN2738_c0_g1	map05012
TRINITY_DN2936_c0_g1	map05012
TRINITY_DN3070_c0_g1	map05012
TRINITY_DN3075_c0_g1	map05012
TRINITY_DN3111_c0_g1	map05012
TRINITY_DN3116_c0_g1	map05012
TRINITY_DN3236_c0_g1	map05012
TRINITY_DN3240_c0_g1	map05012
TRINITY_DN33_c1_g1	map05012
TRINITY_DN3450_c0_g1	map05012
TRINITY_DN3755_c0_g1	map05012
TRINITY_DN3903_c0_g1	map05012
TRINITY_DN395_c0_g1	map05012
TRINITY_DN4048_c0_g1	map05012
TRINITY_DN420_c0_g1	map05012
TRINITY_DN4603_c0_g1	map05012
TRINITY_DN4930_c0_g1	map05012
TRINITY_DN506_c0_g1	map05012
TRINITY_DN5398_c0_g1	map05012
TRINITY_DN566_c0_g1	map05012
TRINITY_DN5975_c0_g1	map05012
TRINITY_DN5982_c0_g1	map05012
TRINITY_DN6302_c0_g1	map05012
TRINITY_DN7600_c0_g1	map05012
TRINITY_DN7695_c0_g1	map05012
TRINITY_DN788_c0_g1	map05012
TRINITY_DN794_c0_g1	map05012
TRINITY_DN8457_c0_g1	map05012
TRINITY_DN871_c0_g1	map05012
TRINITY_DN92_c0_g1	map05012
TRINITY_DN932_c0_g1	map05012
TRINITY_DN962_c0_g1	map05012
TRINITY_DN985_c0_g1	map05012
TRINITY_DN10998_c0_g1	map05014
TRINITY_DN12779_c0_g1	map05014
TRINITY_DN13040_c0_g1	map05014
TRINITY_DN1734_c0_g1	map05014
TRINITY_DN18053_c0_g1	map05014
TRINITY_DN18111_c0_g1	map05014
TRINITY_DN2107_c0_g1	map05014
TRINITY_DN2166_c0_g1	map05014
TRINITY_DN2841_c0_g1	map05014
TRINITY_DN3178_c0_g1	map05014
TRINITY_DN3184_c0_g1	map05014
TRINITY_DN3821_c0_g1	map05014
TRINITY_DN3972_c0_g1	map05014
TRINITY_DN4740_c0_g1	map05014
TRINITY_DN5398_c0_g1	map05014
TRINITY_DN734_c0_g1	map05014
TRINITY_DN9055_c0_g1	map05014
TRINITY_DN977_c0_g1	map05014
TRINITY_DN1008_c0_g1	map05016
TRINITY_DN1092_c0_g1	map05016
TRINITY_DN1107_c0_g1	map05016
TRINITY_DN1151_c0_g1	map05016
TRINITY_DN1157_c0_g1	map05016
TRINITY_DN1185_c0_g1	map05016
TRINITY_DN1198_c0_g1	map05016
TRINITY_DN12251_c0_g1	map05016
TRINITY_DN1228_c0_g1	map05016
TRINITY_DN123_c0_g1	map05016
TRINITY_DN1242_c0_g1	map05016
TRINITY_DN1329_c0_g1	map05016
TRINITY_DN1386_c0_g1	map05016
TRINITY_DN14012_c0_g1	map05016
TRINITY_DN14081_c0_g1	map05016
TRINITY_DN14108_c0_g1	map05016
TRINITY_DN1461_c0_g1	map05016
TRINITY_DN1474_c0_g1	map05016
TRINITY_DN15867_c0_g1	map05016
TRINITY_DN160_c0_g1	map05016
TRINITY_DN1610_c0_g1	map05016
TRINITY_DN16131_c0_g1	map05016
TRINITY_DN1613_c0_g1	map05016
TRINITY_DN16577_c0_g1	map05016
TRINITY_DN1824_c0_g1	map05016
TRINITY_DN18445_c0_g1	map05016
TRINITY_DN1880_c0_g1	map05016
TRINITY_DN1890_c0_g1	map05016
TRINITY_DN1920_c0_g1	map05016
TRINITY_DN1990_c1_g1	map05016
TRINITY_DN208_c0_g1	map05016
TRINITY_DN2107_c0_g1	map05016
TRINITY_DN2111_c0_g1	map05016
TRINITY_DN2153_c0_g1	map05016
TRINITY_DN221_c0_g1	map05016
TRINITY_DN2290_c0_g1	map05016
TRINITY_DN2312_c0_g1	map05016
TRINITY_DN242_c0_g1	map05016
TRINITY_DN2547_c0_g1	map05016
TRINITY_DN2557_c0_g1	map05016
TRINITY_DN2738_c0_g1	map05016
TRINITY_DN28_c1_g1	map05016
TRINITY_DN28_c1_g2	map05016
TRINITY_DN2936_c0_g1	map05016
TRINITY_DN3070_c0_g1	map05016
TRINITY_DN3075_c0_g1	map05016
TRINITY_DN3111_c0_g1	map05016
TRINITY_DN3116_c0_g1	map05016
TRINITY_DN3236_c0_g1	map05016
TRINITY_DN3240_c0_g1	map05016
TRINITY_DN3450_c0_g1	map05016
TRINITY_DN34_c0_g1	map05016
TRINITY_DN3665_c0_g1	map05016
TRINITY_DN3758_c0_g1	map05016
TRINITY_DN3903_c0_g1	map05016
TRINITY_DN395_c0_g1	map05016
TRINITY_DN4048_c0_g1	map05016
TRINITY_DN420_c0_g1	map05016
TRINITY_DN4305_c0_g1	map05016
TRINITY_DN4603_c0_g1	map05016
TRINITY_DN4716_c0_g1	map05016
TRINITY_DN480_c0_g1	map05016
TRINITY_DN506_c0_g1	map05016
TRINITY_DN5398_c0_g1	map05016
TRINITY_DN567_c0_g1	map05016
TRINITY_DN5975_c0_g1	map05016
TRINITY_DN597_c0_g1	map05016
TRINITY_DN6302_c0_g1	map05016
TRINITY_DN6381_c0_g1	map05016
TRINITY_DN7600_c0_g1	map05016
TRINITY_DN7695_c0_g1	map05016
TRINITY_DN788_c0_g1	map05016
TRINITY_DN794_c0_g1	map05016
TRINITY_DN8457_c0_g1	map05016
TRINITY_DN92_c0_g1	map05016
TRINITY_DN930_c0_g1	map05016
TRINITY_DN985_c0_g1	map05016
TRINITY_DN1544_c0_g1	map05020
TRINITY_DN2107_c0_g1	map05020
TRINITY_DN2543_c0_g1	map05020
TRINITY_DN6594_c0_g2	map05020
TRINITY_DN871_c0_g1	map05020
TRINITY_DN962_c0_g1	map05020
TRINITY_DN1008_c0_g1	map05030
TRINITY_DN14012_c0_g1	map05030
TRINITY_DN16131_c0_g1	map05030
TRINITY_DN1830_c0_g1	map05030
TRINITY_DN33_c1_g1	map05030
TRINITY_DN4682_c1_g1	map05030
TRINITY_DN566_c0_g1	map05030
TRINITY_DN6381_c0_g1	map05030
TRINITY_DN871_c0_g1	map05030
TRINITY_DN9266_c0_g1	map05030
TRINITY_DN932_c0_g1	map05030
TRINITY_DN962_c0_g1	map05030
TRINITY_DN1008_c0_g1	map05031
TRINITY_DN1052_c0_g1	map05031
TRINITY_DN1324_c0_g1	map05031
TRINITY_DN14012_c0_g1	map05031
TRINITY_DN16131_c0_g1	map05031
TRINITY_DN1830_c0_g1	map05031
TRINITY_DN3178_c0_g1	map05031
TRINITY_DN3184_c0_g1	map05031
TRINITY_DN4682_c1_g1	map05031
TRINITY_DN5920_c0_g1	map05031
TRINITY_DN6381_c0_g1	map05031
TRINITY_DN871_c0_g1	map05031
TRINITY_DN9266_c0_g1	map05031
TRINITY_DN962_c0_g1	map05031
TRINITY_DN96_c0_g2	map05031
TRINITY_DN1324_c0_g1	map05032
TRINITY_DN14519_c0_g1	map05032
TRINITY_DN1512_c0_g1	map05032
TRINITY_DN33_c1_g1	map05032
TRINITY_DN566_c0_g1	map05032
TRINITY_DN871_c0_g1	map05032
TRINITY_DN932_c0_g1	map05032
TRINITY_DN962_c0_g1	map05032
TRINITY_DN1512_c0_g1	map05033
TRINITY_DN1008_c0_g1	map05034
TRINITY_DN1018_c0_g1	map05034
TRINITY_DN1029_c0_g1	map05034
TRINITY_DN1052_c0_g1	map05034
TRINITY_DN12251_c0_g1	map05034
TRINITY_DN1336_c0_g1	map05034
TRINITY_DN14012_c0_g1	map05034
TRINITY_DN14519_c0_g1	map05034
TRINITY_DN16131_c0_g1	map05034
TRINITY_DN17295_c0_g1	map05034
TRINITY_DN1819_c0_g1	map05034
TRINITY_DN1830_c0_g1	map05034
TRINITY_DN1_c0_g1	map05034
TRINITY_DN2051_c0_g1	map05034
TRINITY_DN2113_c0_g1	map05034
TRINITY_DN2543_c0_g1	map05034
TRINITY_DN2648_c0_g1	map05034
TRINITY_DN2829_c0_g1	map05034
TRINITY_DN33_c1_g1	map05034
TRINITY_DN3823_c0_g2	map05034
TRINITY_DN4414_c0_g1	map05034
TRINITY_DN4655_c0_g1	map05034
TRINITY_DN4682_c1_g1	map05034
TRINITY_DN481_c0_g1	map05034
TRINITY_DN566_c0_g1	map05034
TRINITY_DN5920_c0_g1	map05034
TRINITY_DN6381_c0_g1	map05034
TRINITY_DN6998_c0_g1	map05034
TRINITY_DN8861_c0_g1	map05034
TRINITY_DN9266_c0_g1	map05034
TRINITY_DN932_c0_g1	map05034
TRINITY_DN945_c0_g1	map05034
TRINITY_DN96_c0_g2	map05034
TRINITY_DN12262_c0_g1	map05100
TRINITY_DN1375_c0_g1	map05100
TRINITY_DN14108_c0_g1	map05100
TRINITY_DN14176_c0_g1	map05100
TRINITY_DN18010_c0_g1	map05100
TRINITY_DN2324_c0_g1	map05100
TRINITY_DN2626_c0_g1	map05100
TRINITY_DN286_c0_g1	map05100
TRINITY_DN3243_c0_g1	map05100
TRINITY_DN3269_c0_g1	map05100
TRINITY_DN359_c0_g1	map05100
TRINITY_DN3670_c0_g1	map05100
TRINITY_DN39_c0_g1	map05100
TRINITY_DN39_c0_g2	map05100
TRINITY_DN4023_c0_g1	map05100
TRINITY_DN4401_c0_g1	map05100
TRINITY_DN4_c0_g1	map05100
TRINITY_DN577_c0_g1	map05100
TRINITY_DN701_c2_g1	map05100
TRINITY_DN930_c0_g1	map05100
TRINITY_DN977_c0_g1	map05100
TRINITY_DN10793_c0_g1	map05110
TRINITY_DN10855_c0_g1	map05110
TRINITY_DN10909_c0_g1	map05110
TRINITY_DN121_c0_g1	map05110
TRINITY_DN1283_c0_g1	map05110
TRINITY_DN1324_c0_g1	map05110
TRINITY_DN1375_c0_g1	map05110
TRINITY_DN1564_c0_g1	map05110
TRINITY_DN2084_c0_g1	map05110
TRINITY_DN2112_c0_g1	map05110
TRINITY_DN2392_c0_g1	map05110
TRINITY_DN2444_c1_g1	map05110
TRINITY_DN2472_c0_g1	map05110
TRINITY_DN2683_c0_g1	map05110
TRINITY_DN2880_c0_g1	map05110
TRINITY_DN3631_c0_g1	map05110
TRINITY_DN3696_c0_g1	map05110
TRINITY_DN3947_c0_g1	map05110
TRINITY_DN4160_c0_g1	map05110
TRINITY_DN485_c0_g1	map05110
TRINITY_DN577_c0_g1	map05110
TRINITY_DN579_c0_g1	map05110
TRINITY_DN7178_c0_g1	map05110
TRINITY_DN871_c0_g1	map05110
TRINITY_DN962_c0_g1	map05110
TRINITY_DN10855_c0_g1	map05120
TRINITY_DN121_c0_g1	map05120
TRINITY_DN1283_c0_g1	map05120
TRINITY_DN1564_c0_g1	map05120
TRINITY_DN2084_c0_g1	map05120
TRINITY_DN2112_c0_g1	map05120
TRINITY_DN2392_c0_g1	map05120
TRINITY_DN2683_c0_g1	map05120
TRINITY_DN2880_c0_g1	map05120
TRINITY_DN3631_c0_g1	map05120
TRINITY_DN3696_c0_g1	map05120
TRINITY_DN3821_c0_g1	map05120
TRINITY_DN3906_c0_g1	map05120
TRINITY_DN3947_c0_g1	map05120
TRINITY_DN4160_c0_g1	map05120
TRINITY_DN579_c0_g1	map05120
TRINITY_DN7178_c0_g1	map05120
TRINITY_DN977_c0_g1	map05120
TRINITY_DN1191_c0_g1	map05130
TRINITY_DN1191_c0_g2	map05130
TRINITY_DN12262_c0_g1	map05130
TRINITY_DN12670_c0_g1	map05130
TRINITY_DN1324_c0_g1	map05130
TRINITY_DN1375_c0_g1	map05130
TRINITY_DN2626_c0_g1	map05130
TRINITY_DN3243_c0_g1	map05130
TRINITY_DN3269_c0_g1	map05130
TRINITY_DN359_c0_g1	map05130
TRINITY_DN35_c0_g1	map05130
TRINITY_DN35_c0_g2	map05130
TRINITY_DN3670_c0_g1	map05130
TRINITY_DN39_c0_g1	map05130
TRINITY_DN39_c0_g2	map05130
TRINITY_DN4023_c0_g1	map05130
TRINITY_DN4401_c0_g1	map05130
TRINITY_DN4_c0_g1	map05130
TRINITY_DN577_c0_g1	map05130
TRINITY_DN701_c2_g1	map05130
TRINITY_DN930_c0_g1	map05130
TRINITY_DN977_c0_g1	map05130
TRINITY_DN1073_c0_g1	map05131
TRINITY_DN12262_c0_g1	map05131
TRINITY_DN1375_c0_g1	map05131
TRINITY_DN15850_c0_g1	map05131
TRINITY_DN1661_c0_g1	map05131
TRINITY_DN18010_c0_g1	map05131
TRINITY_DN1997_c0_g1	map05131
TRINITY_DN2324_c0_g1	map05131
TRINITY_DN2543_c0_g1	map05131
TRINITY_DN2626_c0_g1	map05131
TRINITY_DN3269_c0_g1	map05131
TRINITY_DN359_c0_g1	map05131
TRINITY_DN3670_c0_g1	map05131
TRINITY_DN3713_c0_g1	map05131
TRINITY_DN3821_c0_g1	map05131
TRINITY_DN39_c0_g1	map05131
TRINITY_DN39_c0_g2	map05131
TRINITY_DN4023_c0_g1	map05131
TRINITY_DN4_c0_g1	map05131
TRINITY_DN577_c0_g1	map05131
TRINITY_DN701_c2_g1	map05131
TRINITY_DN8774_c0_g1	map05131
TRINITY_DN930_c0_g1	map05131
TRINITY_DN977_c0_g1	map05131
TRINITY_DN12262_c0_g1	map05132
TRINITY_DN1375_c0_g1	map05132
TRINITY_DN1661_c0_g1	map05132
TRINITY_DN1878_c0_g1	map05132
TRINITY_DN2543_c0_g1	map05132
TRINITY_DN2626_c0_g1	map05132
TRINITY_DN3269_c0_g1	map05132
TRINITY_DN359_c0_g1	map05132
TRINITY_DN3670_c0_g1	map05132
TRINITY_DN3821_c0_g1	map05132
TRINITY_DN3896_c0_g1	map05132
TRINITY_DN39_c0_g1	map05132
TRINITY_DN39_c0_g2	map05132
TRINITY_DN4023_c0_g1	map05132
TRINITY_DN4056_c0_g1	map05132
TRINITY_DN4248_c0_g1	map05132
TRINITY_DN4_c0_g1	map05132
TRINITY_DN577_c0_g1	map05132
TRINITY_DN6757_c0_g1	map05132
TRINITY_DN701_c2_g1	map05132
TRINITY_DN930_c0_g1	map05132
TRINITY_DN940_c0_g1	map05132
TRINITY_DN977_c0_g1	map05132
TRINITY_DN1052_c0_g1	map05133
TRINITY_DN1330_c0_g1	map05133
TRINITY_DN14007_c0_g1	map05133
TRINITY_DN2543_c0_g1	map05133
TRINITY_DN3002_c0_g1	map05133
TRINITY_DN3243_c0_g1	map05133
TRINITY_DN33_c1_g1	map05133
TRINITY_DN3821_c0_g1	map05133
TRINITY_DN4401_c0_g1	map05133
TRINITY_DN566_c0_g1	map05133
TRINITY_DN9244_c0_g1	map05133
TRINITY_DN932_c0_g1	map05133
TRINITY_DN10814_c0_g1	map05134
TRINITY_DN163_c0_g1	map05134
TRINITY_DN1697_c0_g1	map05134
TRINITY_DN2444_c1_g1	map05134
TRINITY_DN2523_c0_g1	map05134
TRINITY_DN2977_c0_g1	map05134
TRINITY_DN3030_c0_g1	map05134
TRINITY_DN4723_c0_g1	map05134
TRINITY_DN485_c0_g1	map05134
TRINITY_DN501_c0_g1	map05134
TRINITY_DN5398_c0_g1	map05134
TRINITY_DN6594_c0_g1	map05134
TRINITY_DN6594_c0_g3	map05134
TRINITY_DN804_c0_g1	map05134
TRINITY_DN10549_c0_g1	map05140
TRINITY_DN1928_c0_g1	map05140
TRINITY_DN2543_c0_g1	map05140
TRINITY_DN3821_c0_g1	map05140
TRINITY_DN244_c0_g1	map05142
TRINITY_DN2543_c0_g1	map05142
TRINITY_DN33_c1_g1	map05142
TRINITY_DN3776_c0_g1	map05142
TRINITY_DN3821_c0_g1	map05142
TRINITY_DN4060_c0_g1	map05142
TRINITY_DN566_c0_g1	map05142
TRINITY_DN932_c0_g1	map05142
TRINITY_DN1324_c0_g1	map05143
TRINITY_DN1834_c0_g2	map05143
TRINITY_DN2428_c0_g1	map05143
TRINITY_DN5250_c0_g1	map05143
TRINITY_DN1772_c0_g1	map05145
TRINITY_DN1941_c0_g1	map05145
TRINITY_DN2543_c0_g1	map05145
TRINITY_DN33_c1_g1	map05145
TRINITY_DN3821_c0_g1	map05145
TRINITY_DN5398_c0_g1	map05145
TRINITY_DN566_c0_g1	map05145
TRINITY_DN6594_c0_g1	map05145
TRINITY_DN6594_c0_g3	map05145
TRINITY_DN932_c0_g1	map05145
TRINITY_DN1324_c0_g1	map05146
TRINITY_DN14301_c0_g1	map05146
TRINITY_DN1853_c0_g1	map05146
TRINITY_DN2347_c0_g1	map05146
TRINITY_DN3896_c0_g1	map05146
TRINITY_DN4175_c0_g1	map05146
TRINITY_DN871_c0_g1	map05146
TRINITY_DN9024_c0_g1	map05146
TRINITY_DN962_c0_g1	map05146
TRINITY_DN1052_c0_g1	map05152
TRINITY_DN10814_c0_g1	map05152
TRINITY_DN10855_c0_g1	map05152
TRINITY_DN121_c0_g1	map05152
TRINITY_DN12439_c0_g1	map05152
TRINITY_DN1283_c0_g1	map05152
TRINITY_DN1823_c0_g1	map05152
TRINITY_DN1853_c0_g1	map05152
TRINITY_DN2084_c0_g1	map05152
TRINITY_DN2121_c0_g1	map05152
TRINITY_DN2543_c0_g1	map05152
TRINITY_DN2564_c0_g1	map05152
TRINITY_DN2683_c0_g1	map05152
TRINITY_DN2880_c0_g1	map05152
TRINITY_DN3178_c0_g1	map05152
TRINITY_DN3184_c0_g1	map05152
TRINITY_DN3243_c0_g1	map05152
TRINITY_DN3696_c0_g1	map05152
TRINITY_DN3821_c0_g1	map05152
TRINITY_DN3896_c0_g1	map05152
TRINITY_DN4401_c0_g1	map05152
TRINITY_DN5398_c0_g1	map05152
TRINITY_DN5751_c0_g1	map05152
TRINITY_DN7178_c0_g1	map05152
TRINITY_DN8875_c0_g1	map05152
TRINITY_DN896_c0_g1	map05152
TRINITY_DN9024_c0_g1	map05152
TRINITY_DN98_c0_g1	map05152
TRINITY_DN1018_c0_g1	map05160
TRINITY_DN1029_c0_g1	map05160
TRINITY_DN1772_c0_g1	map05160
TRINITY_DN1941_c0_g1	map05160
TRINITY_DN2029_c0_g1	map05160
TRINITY_DN244_c0_g1	map05160
TRINITY_DN2543_c0_g1	map05160
TRINITY_DN2648_c0_g1	map05160
TRINITY_DN3029_c0_g1	map05160
TRINITY_DN3558_c0_g1	map05160
TRINITY_DN3776_c0_g1	map05160
TRINITY_DN3821_c0_g1	map05160
TRINITY_DN4044_c0_g1	map05160
TRINITY_DN4060_c0_g1	map05160
TRINITY_DN4419_c0_g1	map05160
TRINITY_DN465_c0_g1	map05160
TRINITY_DN481_c0_g1	map05160
TRINITY_DN1008_c0_g1	map05161
TRINITY_DN1029_c0_g1	map05161
TRINITY_DN1324_c0_g1	map05161
TRINITY_DN14012_c0_g1	map05161
TRINITY_DN14175_c0_g1	map05161
TRINITY_DN16131_c0_g1	map05161
TRINITY_DN1673_c0_g1	map05161
TRINITY_DN2075_c0_g1	map05161
TRINITY_DN2543_c0_g1	map05161
TRINITY_DN2648_c0_g1	map05161
TRINITY_DN2690_c0_g1	map05161
TRINITY_DN3541_c0_g1	map05161
TRINITY_DN5398_c0_g1	map05161
TRINITY_DN6381_c0_g1	map05161
TRINITY_DN8886_c1_g1	map05161
TRINITY_DN9266_c0_g1	map05161
TRINITY_DN1026_c0_g2	map05162
TRINITY_DN16191_c0_g1	map05162
TRINITY_DN2029_c0_g1	map05162
TRINITY_DN3029_c0_g1	map05162
TRINITY_DN4419_c0_g1	map05162
TRINITY_DN4432_c0_g1	map05162
TRINITY_DN5069_c0_g1	map05162
TRINITY_DN6594_c0_g1	map05162
TRINITY_DN6594_c0_g3	map05162
TRINITY_DN679_c0_g1	map05162
TRINITY_DN8663_c1_g1	map05162
TRINITY_DN1008_c0_g1	map05164
TRINITY_DN1075_c0_g1	map05164
TRINITY_DN1215_c0_g1	map05164
TRINITY_DN1324_c0_g1	map05164
TRINITY_DN1375_c0_g1	map05164
TRINITY_DN14012_c0_g1	map05164
TRINITY_DN16131_c0_g1	map05164
TRINITY_DN17963_c0_g1	map05164
TRINITY_DN2029_c0_g1	map05164
TRINITY_DN2543_c0_g1	map05164
TRINITY_DN2967_c0_g1	map05164
TRINITY_DN3029_c0_g1	map05164
TRINITY_DN3070_c0_g1	map05164
TRINITY_DN31_c0_g1	map05164
TRINITY_DN3663_c0_g1	map05164
TRINITY_DN3821_c0_g1	map05164
TRINITY_DN4419_c0_g1	map05164
TRINITY_DN50_c0_g1	map05164
TRINITY_DN536_c0_g1	map05164
TRINITY_DN5398_c0_g1	map05164
TRINITY_DN577_c0_g1	map05164
TRINITY_DN6353_c0_g1	map05164
TRINITY_DN6381_c0_g1	map05164
TRINITY_DN6594_c0_g1	map05164
TRINITY_DN6594_c0_g3	map05164
TRINITY_DN7869_c0_g1	map05164
TRINITY_DN942_c0_g1	map05164
TRINITY_DN1008_c0_g1	map05165
TRINITY_DN1018_c0_g1	map05165
TRINITY_DN1029_c0_g1	map05165
TRINITY_DN121_c0_g1	map05165
TRINITY_DN12251_c0_g1	map05165
TRINITY_DN12407_c0_g1	map05165
TRINITY_DN12428_c0_g1	map05165
TRINITY_DN14012_c0_g1	map05165
TRINITY_DN16131_c0_g1	map05165
TRINITY_DN169_c0_g1	map05165
TRINITY_DN18298_c0_g1	map05165
TRINITY_DN1838_c0_g1	map05165
TRINITY_DN183_c0_g1	map05165
TRINITY_DN1928_c0_g1	map05165
TRINITY_DN208_c0_g1	map05165
TRINITY_DN2194_c0_g1	map05165
TRINITY_DN244_c0_g1	map05165
TRINITY_DN2543_c0_g1	map05165
TRINITY_DN2648_c0_g1	map05165
TRINITY_DN2690_c0_g1	map05165
TRINITY_DN286_c0_g1	map05165
TRINITY_DN3029_c0_g1	map05165
TRINITY_DN3350_c0_g1	map05165
TRINITY_DN3776_c0_g1	map05165
TRINITY_DN4060_c0_g1	map05165
TRINITY_DN4109_c0_g1	map05165
TRINITY_DN4399_c0_g1	map05165
TRINITY_DN4556_c0_g1	map05165
TRINITY_DN4730_c0_g1	map05165
TRINITY_DN481_c0_g1	map05165
TRINITY_DN6381_c0_g1	map05165
TRINITY_DN674_c0_g1	map05165
TRINITY_DN7178_c0_g1	map05165
TRINITY_DN871_c0_g1	map05165
TRINITY_DN8861_c0_g1	map05165
TRINITY_DN945_c0_g1	map05165
TRINITY_DN962_c0_g1	map05165
TRINITY_DN977_c0_g1	map05165
TRINITY_DN995_c0_g1	map05165
TRINITY_DN1008_c0_g1	map05166
TRINITY_DN1029_c0_g1	map05166
TRINITY_DN10690_c0_g1	map05166
TRINITY_DN11096_c0_g1	map05166
TRINITY_DN11199_c0_g1	map05166
TRINITY_DN1146_c0_g1	map05166
TRINITY_DN12418_c0_g1	map05166
TRINITY_DN1242_c0_g1	map05166
TRINITY_DN13575_c0_g1	map05166
TRINITY_DN14012_c0_g1	map05166
TRINITY_DN14096_c0_g1	map05166
TRINITY_DN14217_c0_g1	map05166
TRINITY_DN14277_c0_g1	map05166
TRINITY_DN1452_c0_g1	map05166
TRINITY_DN1461_c0_g1	map05166
TRINITY_DN1476_c0_g1	map05166
TRINITY_DN1485_c0_g1	map05166
TRINITY_DN16080_c0_g1	map05166
TRINITY_DN16094_c0_g1	map05166
TRINITY_DN16131_c0_g1	map05166
TRINITY_DN17822_c0_g1	map05166
TRINITY_DN18075_c0_g1	map05166
TRINITY_DN1906_c0_g1	map05166
TRINITY_DN2075_c0_g1	map05166
TRINITY_DN208_c0_g1	map05166
TRINITY_DN2151_c0_g1	map05166
TRINITY_DN2233_c0_g1	map05166
TRINITY_DN2324_c0_g1	map05166
TRINITY_DN2648_c0_g1	map05166
TRINITY_DN2743_c0_g1	map05166
TRINITY_DN2803_c0_g1	map05166
TRINITY_DN2811_c0_g1	map05166
TRINITY_DN2967_c0_g1	map05166
TRINITY_DN3029_c0_g1	map05166
TRINITY_DN3178_c0_g1	map05166
TRINITY_DN3184_c0_g1	map05166
TRINITY_DN3270_c0_g1	map05166
TRINITY_DN3350_c0_g1	map05166
TRINITY_DN3407_c0_g1	map05166
TRINITY_DN3456_c0_g1	map05166
TRINITY_DN348_c0_g1	map05166
TRINITY_DN3494_c0_g1	map05166
TRINITY_DN3558_c0_g1	map05166
TRINITY_DN3_c0_g1	map05166
TRINITY_DN4053_c0_g1	map05166
TRINITY_DN418_c0_g1	map05166
TRINITY_DN4419_c0_g1	map05166
TRINITY_DN4502_c0_g1	map05166
TRINITY_DN456_c0_g1	map05166
TRINITY_DN4730_c0_g1	map05166
TRINITY_DN4751_c0_g1	map05166
TRINITY_DN4765_c0_g1	map05166
TRINITY_DN5160_c0_g1	map05166
TRINITY_DN5165_c0_g1	map05166
TRINITY_DN5751_c0_g1	map05166
TRINITY_DN6353_c0_g1	map05166
TRINITY_DN6381_c0_g1	map05166
TRINITY_DN63_c0_g1	map05166
TRINITY_DN742_c0_g1	map05166
TRINITY_DN871_c0_g1	map05166
TRINITY_DN9266_c0_g1	map05166
TRINITY_DN962_c0_g1	map05166
TRINITY_DN98_c0_g1	map05166
TRINITY_DN995_c0_g1	map05166
TRINITY_DN1029_c0_g1	map05167
TRINITY_DN1052_c0_g1	map05167
TRINITY_DN14519_c0_g1	map05167
TRINITY_DN1928_c0_g1	map05167
TRINITY_DN2031_c0_g1	map05167
TRINITY_DN2543_c0_g1	map05167
TRINITY_DN2564_c0_g1	map05167
TRINITY_DN2648_c0_g1	map05167
TRINITY_DN274_c0_g1	map05167
TRINITY_DN3029_c0_g1	map05167
TRINITY_DN3178_c0_g1	map05167
TRINITY_DN3184_c0_g1	map05167
TRINITY_DN3821_c0_g1	map05167
TRINITY_DN4556_c0_g1	map05167
TRINITY_DN5398_c0_g1	map05167
TRINITY_DN977_c0_g1	map05167
TRINITY_DN11_c0_g1	map05168
TRINITY_DN12326_c0_g1	map05168
TRINITY_DN1270_c0_g2	map05168
TRINITY_DN1286_c0_g1	map05168
TRINITY_DN13257_c0_g1	map05168
TRINITY_DN1430_c0_g1	map05168
TRINITY_DN1433_c0_g1	map05168
TRINITY_DN16191_c0_g1	map05168
TRINITY_DN2029_c0_g1	map05168
TRINITY_DN208_c0_g1	map05168
TRINITY_DN227_c0_g1	map05168
TRINITY_DN3677_c0_g1	map05168
TRINITY_DN3756_c0_g1	map05168
TRINITY_DN4419_c0_g1	map05168
TRINITY_DN4716_c0_g1	map05168
TRINITY_DN4903_c0_g1	map05168
TRINITY_DN4972_c0_g1	map05168
TRINITY_DN5069_c0_g1	map05168
TRINITY_DN50_c0_g1	map05168
TRINITY_DN5398_c0_g1	map05168
TRINITY_DN5920_c0_g1	map05168
TRINITY_DN627_c0_g1	map05168
TRINITY_DN6694_c0_g1	map05168
TRINITY_DN679_c0_g1	map05168
TRINITY_DN825_c0_g1	map05168
TRINITY_DN8457_c0_g1	map05168
TRINITY_DN8663_c1_g1	map05168
TRINITY_DN96_c0_g2	map05168
TRINITY_DN1008_c0_g1	map05169
TRINITY_DN1077_c0_g1	map05169
TRINITY_DN10845_c0_g1	map05169
TRINITY_DN1107_c0_g1	map05169
TRINITY_DN1157_c0_g1	map05169
TRINITY_DN1170_c0_g1	map05169
TRINITY_DN1170_c0_g2	map05169
TRINITY_DN1185_c0_g1	map05169
TRINITY_DN1193_c0_g1	map05169
TRINITY_DN12251_c0_g1	map05169
TRINITY_DN12407_c0_g1	map05169
TRINITY_DN12528_c0_g1	map05169
TRINITY_DN1386_c0_g1	map05169
TRINITY_DN14012_c0_g1	map05169
TRINITY_DN1444_c0_g1	map05169
TRINITY_DN16074_c0_g1	map05169
TRINITY_DN16131_c0_g1	map05169
TRINITY_DN16191_c0_g1	map05169
TRINITY_DN16290_c0_g1	map05169
TRINITY_DN171_c0_g1	map05169
TRINITY_DN1736_c0_g1	map05169
TRINITY_DN17692_c0_g1	map05169
TRINITY_DN18298_c0_g1	map05169
TRINITY_DN1855_c1_g1	map05169
TRINITY_DN1881_c0_g1	map05169
TRINITY_DN2029_c0_g1	map05169
TRINITY_DN2057_c0_g1	map05169
TRINITY_DN208_c0_g1	map05169
TRINITY_DN2462_c0_g1	map05169
TRINITY_DN2547_c0_g1	map05169
TRINITY_DN2653_c0_g1	map05169
TRINITY_DN2734_c0_g1	map05169
TRINITY_DN2799_c0_g1	map05169
TRINITY_DN2911_c0_g1	map05169
TRINITY_DN2960_c0_g1	map05169
TRINITY_DN2967_c0_g1	map05169
TRINITY_DN298_c0_g1	map05169
TRINITY_DN3029_c0_g1	map05169
TRINITY_DN34_c0_g1	map05169
TRINITY_DN3665_c0_g1	map05169
TRINITY_DN3758_c0_g1	map05169
TRINITY_DN3821_c0_g1	map05169
TRINITY_DN3830_c0_g1	map05169
TRINITY_DN3879_c0_g1	map05169
TRINITY_DN3895_c0_g1	map05169
TRINITY_DN3957_c0_g1	map05169
TRINITY_DN418_c0_g1	map05169
TRINITY_DN4601_c0_g1	map05169
TRINITY_DN4716_c0_g1	map05169
TRINITY_DN480_c0_g1	map05169
TRINITY_DN4949_c0_g1	map05169
TRINITY_DN5069_c0_g1	map05169
TRINITY_DN5643_c1_g1	map05169
TRINITY_DN5851_c0_g1	map05169
TRINITY_DN597_c0_g1	map05169
TRINITY_DN627_c0_g1	map05169
TRINITY_DN6381_c0_g1	map05169
TRINITY_DN6594_c0_g1	map05169
TRINITY_DN6594_c0_g3	map05169
TRINITY_DN6773_c0_g1	map05169
TRINITY_DN679_c0_g1	map05169
TRINITY_DN6941_c0_g1	map05169
TRINITY_DN75_c0_g1	map05169
TRINITY_DN8663_c1_g1	map05169
TRINITY_DN8710_c0_g1	map05169
TRINITY_DN871_c0_g1	map05169
TRINITY_DN9039_c0_g1	map05169
TRINITY_DN962_c0_g1	map05169
TRINITY_DN985_c0_g1	map05169
TRINITY_DN1018_c0_g1	map05200
TRINITY_DN1029_c0_g1	map05200
TRINITY_DN1052_c0_g1	map05200
TRINITY_DN10707_c0_g1	map05200
TRINITY_DN10832_c0_g1	map05200
TRINITY_DN12251_c0_g1	map05200
TRINITY_DN12516_c0_g1	map05200
TRINITY_DN1324_c0_g1	map05200
TRINITY_DN1372_c0_g1	map05200
TRINITY_DN1400_c0_g1	map05200
TRINITY_DN1433_c0_g1	map05200
TRINITY_DN14519_c0_g1	map05200
TRINITY_DN15161_c0_g1	map05200
TRINITY_DN1577_c0_g1	map05200
TRINITY_DN1607_c0_g1	map05200
TRINITY_DN1736_c0_g1	map05200
TRINITY_DN1822_c0_g1	map05200
TRINITY_DN1841_c0_g3	map05200
TRINITY_DN190_c0_g1	map05200
TRINITY_DN1928_c0_g1	map05200
TRINITY_DN2543_c0_g1	map05200
TRINITY_DN2641_c0_g1	map05200
TRINITY_DN2648_c0_g1	map05200
TRINITY_DN268_c0_g1	map05200
TRINITY_DN2690_c0_g1	map05200
TRINITY_DN2715_c0_g1	map05200
TRINITY_DN3029_c0_g1	map05200
TRINITY_DN3243_c0_g1	map05200
TRINITY_DN3288_c0_g1	map05200
TRINITY_DN33_c1_g1	map05200
TRINITY_DN3625_c0_g1	map05200
TRINITY_DN405_c0_g1	map05200
TRINITY_DN4401_c0_g1	map05200
TRINITY_DN4556_c0_g1	map05200
TRINITY_DN4797_c0_g1	map05200
TRINITY_DN4802_c0_g1	map05200
TRINITY_DN481_c0_g1	map05200
TRINITY_DN4954_c0_g1	map05200
TRINITY_DN5398_c0_g1	map05200
TRINITY_DN566_c0_g1	map05200
TRINITY_DN5725_c0_g1	map05200
TRINITY_DN575_c0_g1	map05200
TRINITY_DN588_c0_g1	map05200
TRINITY_DN5915_c0_g1	map05200
TRINITY_DN6694_c0_g1	map05200
TRINITY_DN871_c0_g1	map05200
TRINITY_DN8927_c0_g1	map05200
TRINITY_DN9041_c0_g1	map05200
TRINITY_DN9185_c0_g1	map05200
TRINITY_DN932_c0_g1	map05200
TRINITY_DN9440_c0_g1	map05200
TRINITY_DN962_c0_g1	map05200
TRINITY_DN973_c0_g1	map05200
TRINITY_DN977_c0_g1	map05200
TRINITY_DN995_c0_g1	map05200
TRINITY_DN10213_c0_g1	map05202
TRINITY_DN10832_c0_g1	map05202
TRINITY_DN12251_c0_g1	map05202
TRINITY_DN1474_c0_g1	map05202
TRINITY_DN17295_c0_g1	map05202
TRINITY_DN1_c0_g1	map05202
TRINITY_DN227_c0_g1	map05202
TRINITY_DN3350_c0_g1	map05202
TRINITY_DN394_c0_g1	map05202
TRINITY_DN479_c0_g1	map05202
TRINITY_DN4809_c0_g1	map05202
TRINITY_DN497_c0_g1	map05202
TRINITY_DN5780_c0_g1	map05202
TRINITY_DN6998_c0_g1	map05202
TRINITY_DN1002_c0_g1	map05203
TRINITY_DN1008_c0_g1	map05203
TRINITY_DN1029_c0_g1	map05203
TRINITY_DN11199_c0_g1	map05203
TRINITY_DN1170_c0_g1	map05203
TRINITY_DN1170_c0_g2	map05203
TRINITY_DN12251_c0_g1	map05203
TRINITY_DN12407_c0_g1	map05203
TRINITY_DN1270_c0_g4	map05203
TRINITY_DN1270_c0_g5	map05203
TRINITY_DN1336_c0_g1	map05203
TRINITY_DN14012_c0_g1	map05203
TRINITY_DN14056_c0_g1	map05203
TRINITY_DN14175_c0_g1	map05203
TRINITY_DN16074_c0_g1	map05203
TRINITY_DN16131_c0_g1	map05203
TRINITY_DN1619_c0_g1	map05203
TRINITY_DN1673_c0_g1	map05203
TRINITY_DN171_c0_g1	map05203
TRINITY_DN1736_c0_g1	map05203
TRINITY_DN18298_c0_g1	map05203
TRINITY_DN183_c0_g1	map05203
TRINITY_DN1881_c0_g1	map05203
TRINITY_DN1906_c0_g1	map05203
TRINITY_DN208_c0_g1	map05203
TRINITY_DN2233_c0_g1	map05203
TRINITY_DN2543_c0_g1	map05203
TRINITY_DN2648_c0_g1	map05203
TRINITY_DN2829_c0_g1	map05203
TRINITY_DN286_c0_g1	map05203
TRINITY_DN2880_c0_g1	map05203
TRINITY_DN2922_c0_g1	map05203
TRINITY_DN3243_c0_g1	map05203
TRINITY_DN348_c0_g1	map05203
TRINITY_DN3541_c0_g1	map05203
TRINITY_DN3_c0_g1	map05203
TRINITY_DN4401_c0_g1	map05203
TRINITY_DN4405_c0_g1	map05203
TRINITY_DN4414_c0_g1	map05203
TRINITY_DN4751_c0_g1	map05203
TRINITY_DN5075_c0_g1	map05203
TRINITY_DN627_c0_g1	map05203
TRINITY_DN6381_c0_g1	map05203
TRINITY_DN6773_c0_g1	map05203
TRINITY_DN871_c0_g1	map05203
TRINITY_DN8861_c0_g1	map05203
TRINITY_DN8886_c1_g1	map05203
TRINITY_DN9266_c0_g1	map05203
TRINITY_DN945_c0_g1	map05203
TRINITY_DN962_c0_g1	map05203
TRINITY_DN977_c0_g1	map05203
TRINITY_DN10931_c0_g1	map05204
TRINITY_DN1115_c0_g1	map05204
TRINITY_DN11934_c0_g1	map05204
TRINITY_DN12516_c0_g1	map05204
TRINITY_DN12527_c0_g1	map05204
TRINITY_DN12815_c0_g1	map05204
TRINITY_DN1372_c0_g1	map05204
TRINITY_DN1400_c0_g1	map05204
TRINITY_DN15161_c0_g1	map05204
TRINITY_DN1607_c0_g1	map05204
TRINITY_DN1735_c0_g1	map05204
TRINITY_DN1736_c0_g1	map05204
TRINITY_DN17962_c7_g1	map05204
TRINITY_DN1841_c0_g3	map05204
TRINITY_DN1928_c0_g1	map05204
TRINITY_DN268_c0_g1	map05204
TRINITY_DN2809_c1_g1	map05204
TRINITY_DN305_c0_g1	map05204
TRINITY_DN3625_c0_g1	map05204
TRINITY_DN4001_c0_g1	map05204
TRINITY_DN405_c0_g1	map05204
TRINITY_DN4802_c0_g1	map05204
TRINITY_DN4938_c0_g1	map05204
TRINITY_DN4991_c0_g1	map05204
TRINITY_DN5019_c0_g1	map05204
TRINITY_DN5725_c0_g1	map05204
TRINITY_DN588_c0_g1	map05204
TRINITY_DN5915_c0_g1	map05204
TRINITY_DN677_c0_g1	map05204
TRINITY_DN9185_c0_g1	map05204
TRINITY_DN9440_c0_g1	map05204
TRINITY_DN973_c0_g1	map05204
TRINITY_DN1018_c0_g1	map05205
TRINITY_DN1029_c0_g1	map05205
TRINITY_DN1324_c0_g1	map05205
TRINITY_DN1375_c0_g1	map05205
TRINITY_DN1772_c0_g1	map05205
TRINITY_DN1941_c0_g1	map05205
TRINITY_DN2543_c0_g1	map05205
TRINITY_DN2648_c0_g1	map05205
TRINITY_DN286_c0_g1	map05205
TRINITY_DN2895_c0_g1	map05205
TRINITY_DN3232_c0_g1	map05205
TRINITY_DN3243_c0_g1	map05205
TRINITY_DN3821_c0_g1	map05205
TRINITY_DN3906_c0_g1	map05205
TRINITY_DN394_c0_g1	map05205
TRINITY_DN4401_c0_g1	map05205
TRINITY_DN4556_c0_g1	map05205
TRINITY_DN481_c0_g1	map05205
TRINITY_DN532_c0_g1	map05205
TRINITY_DN545_c0_g1	map05205
TRINITY_DN577_c0_g1	map05205
TRINITY_DN5920_c0_g1	map05205
TRINITY_DN871_c0_g1	map05205
TRINITY_DN962_c0_g1	map05205
TRINITY_DN96_c0_g2	map05205
TRINITY_DN977_c0_g1	map05205
TRINITY_DN1018_c0_g1	map05206
TRINITY_DN1029_c0_g1	map05206
TRINITY_DN10703_c1_g1	map05206
TRINITY_DN12720_c0_g1	map05206
TRINITY_DN1324_c0_g1	map05206
TRINITY_DN13462_c0_g1	map05206
TRINITY_DN1426_c0_g1	map05206
TRINITY_DN1487_c0_g1	map05206
TRINITY_DN1676_c0_g1	map05206
TRINITY_DN1757_c0_g1	map05206
TRINITY_DN1821_c0_g1	map05206
TRINITY_DN18231_c0_g1	map05206
TRINITY_DN1928_c0_g1	map05206
TRINITY_DN2339_c0_g1	map05206
TRINITY_DN2602_c0_g1	map05206
TRINITY_DN2648_c0_g1	map05206
TRINITY_DN2690_c0_g1	map05206
TRINITY_DN2698_c0_g1	map05206
TRINITY_DN2757_c0_g1	map05206
TRINITY_DN3243_c0_g1	map05206
TRINITY_DN3350_c0_g1	map05206
TRINITY_DN3640_c0_g1	map05206
TRINITY_DN4401_c0_g1	map05206
TRINITY_DN4556_c0_g1	map05206
TRINITY_DN4798_c0_g1	map05206
TRINITY_DN4809_c0_g1	map05206
TRINITY_DN481_c0_g1	map05206
TRINITY_DN7133_c0_g1	map05206
TRINITY_DN8949_c0_g1	map05206
TRINITY_DN8963_c0_g1	map05206
TRINITY_DN898_c0_g1	map05206
TRINITY_DN9374_c0_g1	map05206
TRINITY_DN9506_c0_g1	map05206
TRINITY_DN1018_c0_g1	map05210
TRINITY_DN1029_c0_g1	map05210
TRINITY_DN10832_c0_g1	map05210
TRINITY_DN2543_c0_g1	map05210
TRINITY_DN2641_c0_g1	map05210
TRINITY_DN2648_c0_g1	map05210
TRINITY_DN3029_c0_g1	map05210
TRINITY_DN3243_c0_g1	map05210
TRINITY_DN3288_c0_g1	map05210
TRINITY_DN4401_c0_g1	map05210
TRINITY_DN4556_c0_g1	map05210
TRINITY_DN481_c0_g1	map05210
TRINITY_DN5398_c0_g1	map05210
TRINITY_DN8927_c0_g1	map05210
TRINITY_DN9041_c0_g1	map05210
TRINITY_DN977_c0_g1	map05210
TRINITY_DN1018_c0_g1	map05211
TRINITY_DN1029_c0_g1	map05211
TRINITY_DN1577_c0_g1	map05211
TRINITY_DN1822_c0_g1	map05211
TRINITY_DN190_c0_g1	map05211
TRINITY_DN2543_c0_g1	map05211
TRINITY_DN2648_c0_g1	map05211
TRINITY_DN3906_c0_g1	map05211
TRINITY_DN481_c0_g1	map05211
TRINITY_DN827_c0_g1	map05211
TRINITY_DN977_c0_g1	map05211
TRINITY_DN1029_c0_g1	map05212
TRINITY_DN10832_c0_g1	map05212
TRINITY_DN2543_c0_g1	map05212
TRINITY_DN2648_c0_g1	map05212
TRINITY_DN2715_c0_g1	map05212
TRINITY_DN4556_c0_g1	map05212
TRINITY_DN575_c0_g1	map05212
TRINITY_DN977_c0_g1	map05212
TRINITY_DN1018_c0_g1	map05213
TRINITY_DN1029_c0_g1	map05213
TRINITY_DN10832_c0_g1	map05213
TRINITY_DN1772_c0_g1	map05213
TRINITY_DN1941_c0_g1	map05213
TRINITY_DN2543_c0_g1	map05213
TRINITY_DN2648_c0_g1	map05213
TRINITY_DN2690_c0_g1	map05213
TRINITY_DN3029_c0_g1	map05213
TRINITY_DN481_c0_g1	map05213
TRINITY_DN9041_c0_g1	map05213
TRINITY_DN1018_c0_g1	map05214
TRINITY_DN1029_c0_g1	map05214
TRINITY_DN1052_c0_g1	map05214
TRINITY_DN10832_c0_g1	map05214
TRINITY_DN1324_c0_g1	map05214
TRINITY_DN2543_c0_g1	map05214
TRINITY_DN2648_c0_g1	map05214
TRINITY_DN2690_c0_g1	map05214
TRINITY_DN4556_c0_g1	map05214
TRINITY_DN481_c0_g1	map05214
TRINITY_DN1008_c0_g1	map05215
TRINITY_DN1018_c0_g1	map05215
TRINITY_DN1029_c0_g1	map05215
TRINITY_DN14012_c0_g1	map05215
TRINITY_DN16131_c0_g1	map05215
TRINITY_DN1772_c0_g1	map05215
TRINITY_DN1941_c0_g1	map05215
TRINITY_DN2543_c0_g1	map05215
TRINITY_DN2648_c0_g1	map05215
TRINITY_DN2690_c0_g1	map05215
TRINITY_DN3029_c0_g1	map05215
TRINITY_DN4556_c0_g1	map05215
TRINITY_DN4797_c0_g1	map05215
TRINITY_DN481_c0_g1	map05215
TRINITY_DN6381_c0_g1	map05215
TRINITY_DN9266_c0_g1	map05215
TRINITY_DN1029_c0_g1	map05216
TRINITY_DN10707_c0_g1	map05216
TRINITY_DN10832_c0_g1	map05216
TRINITY_DN2543_c0_g1	map05216
TRINITY_DN2648_c0_g1	map05216
TRINITY_DN10832_c0_g1	map05217
TRINITY_DN3029_c0_g1	map05217
TRINITY_DN1029_c0_g1	map05218
TRINITY_DN10832_c0_g1	map05218
TRINITY_DN2543_c0_g1	map05218
TRINITY_DN2648_c0_g1	map05218
TRINITY_DN2690_c0_g1	map05218
TRINITY_DN1029_c0_g1	map05219
TRINITY_DN2543_c0_g1	map05219
TRINITY_DN2648_c0_g1	map05219
TRINITY_DN1018_c0_g1	map05220
TRINITY_DN1029_c0_g1	map05220
TRINITY_DN10832_c0_g1	map05220
TRINITY_DN12251_c0_g1	map05220
TRINITY_DN2543_c0_g1	map05220
TRINITY_DN2648_c0_g1	map05220
TRINITY_DN481_c0_g1	map05220
TRINITY_DN1018_c0_g1	map05221
TRINITY_DN1029_c0_g1	map05221
TRINITY_DN2543_c0_g1	map05221
TRINITY_DN2648_c0_g1	map05221
TRINITY_DN4556_c0_g1	map05221
TRINITY_DN481_c0_g1	map05221
TRINITY_DN10832_c0_g1	map05222
TRINITY_DN1928_c0_g1	map05222
TRINITY_DN2690_c0_g1	map05222
TRINITY_DN4954_c0_g1	map05222
TRINITY_DN5398_c0_g1	map05222
TRINITY_DN87_c0_g1	map05222
TRINITY_DN1018_c0_g1	map05223
TRINITY_DN1029_c0_g1	map05223
TRINITY_DN10832_c0_g1	map05223
TRINITY_DN1324_c0_g1	map05223
TRINITY_DN1772_c0_g1	map05223
TRINITY_DN1941_c0_g1	map05223
TRINITY_DN2543_c0_g1	map05223
TRINITY_DN2648_c0_g1	map05223
TRINITY_DN481_c0_g1	map05223
TRINITY_DN87_c0_g1	map05223
TRINITY_DN1018_c0_g1	map05224
TRINITY_DN1029_c0_g1	map05224
TRINITY_DN10832_c0_g1	map05224
TRINITY_DN2543_c0_g1	map05224
TRINITY_DN2648_c0_g1	map05224
TRINITY_DN2690_c0_g1	map05224
TRINITY_DN3029_c0_g1	map05224
TRINITY_DN4556_c0_g1	map05224
TRINITY_DN481_c0_g1	map05224
TRINITY_DN1018_c0_g1	map05225
TRINITY_DN1029_c0_g1	map05225
TRINITY_DN10832_c0_g1	map05225
TRINITY_DN12384_c0_g1	map05225
TRINITY_DN12516_c0_g1	map05225
TRINITY_DN1324_c0_g1	map05225
TRINITY_DN1372_c0_g1	map05225
TRINITY_DN1375_c0_g1	map05225
TRINITY_DN1400_c0_g1	map05225
TRINITY_DN15161_c0_g1	map05225
TRINITY_DN1607_c0_g1	map05225
TRINITY_DN1736_c0_g1	map05225
TRINITY_DN1841_c0_g3	map05225
TRINITY_DN1941_c0_g1	map05225
TRINITY_DN2543_c0_g1	map05225
TRINITY_DN2648_c0_g1	map05225
TRINITY_DN268_c0_g1	map05225
TRINITY_DN2690_c0_g1	map05225
TRINITY_DN2934_c0_g1	map05225
TRINITY_DN3029_c0_g1	map05225
TRINITY_DN3625_c0_g1	map05225
TRINITY_DN3675_c0_g1	map05225
TRINITY_DN405_c0_g1	map05225
TRINITY_DN4556_c0_g1	map05225
TRINITY_DN4802_c0_g1	map05225
TRINITY_DN481_c0_g1	map05225
TRINITY_DN5144_c0_g1	map05225
TRINITY_DN5725_c0_g1	map05225
TRINITY_DN577_c0_g1	map05225
TRINITY_DN588_c0_g1	map05225
TRINITY_DN5915_c0_g1	map05225
TRINITY_DN630_c0_g1	map05225
TRINITY_DN9185_c0_g1	map05225
TRINITY_DN9440_c0_g1	map05225
TRINITY_DN973_c0_g1	map05225
TRINITY_DN995_c0_g1	map05225
TRINITY_DN1018_c0_g1	map05226
TRINITY_DN1029_c0_g1	map05226
TRINITY_DN10832_c0_g1	map05226
TRINITY_DN12720_c0_g1	map05226
TRINITY_DN1426_c0_g1	map05226
TRINITY_DN1676_c0_g1	map05226
TRINITY_DN1821_c0_g1	map05226
TRINITY_DN2339_c0_g1	map05226
TRINITY_DN2543_c0_g1	map05226
TRINITY_DN2648_c0_g1	map05226
TRINITY_DN2698_c0_g1	map05226
TRINITY_DN2757_c0_g1	map05226
TRINITY_DN3029_c0_g1	map05226
TRINITY_DN4556_c0_g1	map05226
TRINITY_DN4798_c0_g1	map05226
TRINITY_DN481_c0_g1	map05226
TRINITY_DN8963_c0_g1	map05226
TRINITY_DN9041_c0_g1	map05226
TRINITY_DN995_c0_g1	map05226
TRINITY_DN1029_c0_g1	map05230
TRINITY_DN1296_c0_g1	map05230
TRINITY_DN183_c0_g1	map05230
TRINITY_DN2349_c0_g1	map05230
TRINITY_DN2543_c0_g1	map05230
TRINITY_DN2648_c0_g1	map05230
TRINITY_DN2690_c0_g1	map05230
TRINITY_DN3101_c0_g1	map05230
TRINITY_DN3333_c0_g1	map05230
TRINITY_DN352_c0_g1	map05230
TRINITY_DN3622_c0_g1	map05230
TRINITY_DN4369_c0_g1	map05230
TRINITY_DN4556_c0_g1	map05230
TRINITY_DN5563_c0_g1	map05230
TRINITY_DN9_c0_g2	map05230
TRINITY_DN1018_c0_g1	map05231
TRINITY_DN1029_c0_g1	map05231
TRINITY_DN12262_c0_g1	map05231
TRINITY_DN1324_c0_g1	map05231
TRINITY_DN1465_c0_g1	map05231
TRINITY_DN1766_c0_g1	map05231
TRINITY_DN1772_c0_g1	map05231
TRINITY_DN1838_c0_g1	map05231
TRINITY_DN1941_c0_g1	map05231
TRINITY_DN248_c0_g1	map05231
TRINITY_DN2543_c0_g1	map05231
TRINITY_DN254_c0_g1	map05231
TRINITY_DN2648_c0_g1	map05231
TRINITY_DN3212_c0_g1	map05231
TRINITY_DN3390_c0_g1	map05231
TRINITY_DN359_c0_g1	map05231
TRINITY_DN3882_c0_g1	map05231
TRINITY_DN39_c0_g1	map05231
TRINITY_DN39_c0_g2	map05231
TRINITY_DN4023_c0_g1	map05231
TRINITY_DN4556_c0_g1	map05231
TRINITY_DN481_c0_g1	map05231
TRINITY_DN511_c0_g1	map05231
TRINITY_DN701_c2_g1	map05231
TRINITY_DN910_c0_g1	map05231
TRINITY_DN977_c0_g1	map05231
TRINITY_DN1336_c0_g1	map05322
TRINITY_DN14075_c0_g1	map05322
TRINITY_DN17295_c0_g1	map05322
TRINITY_DN1819_c0_g1	map05322
TRINITY_DN1_c0_g1	map05322
TRINITY_DN2113_c0_g1	map05322
TRINITY_DN2333_c0_g1	map05322
TRINITY_DN2829_c0_g1	map05322
TRINITY_DN400_c0_g1	map05322
TRINITY_DN4414_c0_g1	map05322
TRINITY_DN524_c0_g1	map05322
TRINITY_DN6998_c0_g1	map05322
TRINITY_DN10855_c0_g1	map05323
TRINITY_DN121_c0_g1	map05323
TRINITY_DN1283_c0_g1	map05323
TRINITY_DN1564_c0_g1	map05323
TRINITY_DN2084_c0_g1	map05323
TRINITY_DN2112_c0_g1	map05323
TRINITY_DN2392_c0_g1	map05323
TRINITY_DN2683_c0_g1	map05323
TRINITY_DN2880_c0_g1	map05323
TRINITY_DN3631_c0_g1	map05323
TRINITY_DN3696_c0_g1	map05323
TRINITY_DN3947_c0_g1	map05323
TRINITY_DN4160_c0_g1	map05323
TRINITY_DN579_c0_g1	map05323
TRINITY_DN7178_c0_g1	map05323
TRINITY_DN14188_c1_g1	map05340
TRINITY_DN1503_c0_g1	map05340
TRINITY_DN2299_c0_g1	map05340
TRINITY_DN1079_c0_g1	map05410
TRINITY_DN1375_c0_g1	map05410
TRINITY_DN1837_c0_g1	map05410
TRINITY_DN577_c0_g1	map05410
TRINITY_DN1375_c0_g1	map05412
TRINITY_DN577_c0_g1	map05412
TRINITY_DN1375_c0_g1	map05414
TRINITY_DN577_c0_g1	map05414
TRINITY_DN871_c0_g1	map05414
TRINITY_DN962_c0_g1	map05414
TRINITY_DN1375_c0_g1	map05416
TRINITY_DN15_c0_g1	map05416
TRINITY_DN5398_c0_g1	map05416
TRINITY_DN577_c0_g1	map05416
TRINITY_DN977_c0_g1	map05416
TRINITY_DN1052_c0_g1	map05418
TRINITY_DN12516_c0_g1	map05418
TRINITY_DN1372_c0_g1	map05418
TRINITY_DN1375_c0_g1	map05418
TRINITY_DN13_c0_g1	map05418
TRINITY_DN13_c0_g2	map05418
TRINITY_DN1400_c0_g1	map05418
TRINITY_DN14291_c0_g1	map05418
TRINITY_DN15161_c0_g1	map05418
TRINITY_DN1607_c0_g1	map05418
TRINITY_DN1736_c0_g1	map05418
TRINITY_DN1841_c0_g3	map05418
TRINITY_DN2223_c0_g1	map05418
TRINITY_DN2609_c0_g1	map05418
TRINITY_DN268_c0_g1	map05418
TRINITY_DN2730_c0_g1	map05418
TRINITY_DN3243_c0_g1	map05418
TRINITY_DN3625_c0_g1	map05418
TRINITY_DN3652_c0_g1	map05418
TRINITY_DN3708_c0_g1	map05418
TRINITY_DN3821_c0_g1	map05418
TRINITY_DN405_c0_g1	map05418
TRINITY_DN4189_c0_g1	map05418
TRINITY_DN4401_c0_g1	map05418
TRINITY_DN4492_c0_g1	map05418
TRINITY_DN4797_c0_g1	map05418
TRINITY_DN4802_c0_g1	map05418
TRINITY_DN492_c0_g1	map05418
TRINITY_DN5725_c0_g1	map05418
TRINITY_DN577_c0_g1	map05418
TRINITY_DN588_c0_g1	map05418
TRINITY_DN5915_c0_g1	map05418
TRINITY_DN898_c0_g1	map05418
TRINITY_DN9185_c0_g1	map05418
TRINITY_DN9440_c0_g1	map05418
TRINITY_DN973_c0_g1	map05418
TRINITY_DN977_c0_g1	map05418
