ID	Description	GeneRatio	BgRatio	RichFactor	FoldEnrichment	zScore	pvalue	p.adjust	qvalue	geneID	Count	contrast	gene_set	direction	significant_padj_0.05	pathway_numeric_id	pathway_name	raw_prefixes_observed
map03010	map03010	60/598	107/2403	0.560747663551402	2.25330541055856	7.63240402551827	1.71607439515619e-12	5.19970541732326e-10	5.03983953945871e-10	TRINITY_DN1141_c0_g1/TRINITY_DN1308_c0_g1/TRINITY_DN1375_c0_g1/TRINITY_DN1377_c0_g1/TRINITY_DN1467_c0_g1/TRINITY_DN1469_c0_g1/TRINITY_DN1473_c0_g1/TRINITY_DN150_c0_g1/TRINITY_DN1532_c0_g1/TRINITY_DN1644_c0_g1/TRINITY_DN1726_c0_g1/TRINITY_DN1761_c0_g1/TRINITY_DN17659_c0_g1/TRINITY_DN1820_c0_g1/TRINITY_DN2008_c0_g1/TRINITY_DN2052_c0_g1/TRINITY_DN2122_c0_g1/TRINITY_DN221_c0_g1/TRINITY_DN222_c0_g1/TRINITY_DN229_c0_g1/TRINITY_DN2293_c0_g1/TRINITY_DN2304_c0_g1/TRINITY_DN2345_c0_g1/TRINITY_DN2394_c0_g1/TRINITY_DN2490_c0_g1/TRINITY_DN2600_c0_g1/TRINITY_DN2608_c0_g1/TRINITY_DN2774_c0_g1/TRINITY_DN2945_c0_g1/TRINITY_DN3_c0_g1/TRINITY_DN3042_c0_g1/TRINITY_DN3081_c0_g1/TRINITY_DN3107_c0_g1/TRINITY_DN3506_c0_g1/TRINITY_DN3773_c0_g1/TRINITY_DN419_c0_g1/TRINITY_DN425_c0_g1/TRINITY_DN4324_c0_g1/TRINITY_DN4425_c0_g1/TRINITY_DN4433_c0_g1/TRINITY_DN4639_c0_g1/TRINITY_DN4699_c0_g1/TRINITY_DN4749_c0_g1/TRINITY_DN487_c0_g1/TRINITY_DN4920_c1_g1/TRINITY_DN500_c0_g1/TRINITY_DN5462_c0_g1/TRINITY_DN5780_c0_g1/TRINITY_DN5975_c0_g1/TRINITY_DN624_c0_g1/TRINITY_DN677_c0_g1/TRINITY_DN6841_c0_g1/TRINITY_DN7140_c0_g1/TRINITY_DN7147_c0_g1/TRINITY_DN751_c0_g1/TRINITY_DN7613_c0_g2/TRINITY_DN775_c0_g1/TRINITY_DN839_c0_g1/TRINITY_DN879_c0_g1/TRINITY_DN899_c0_g1	60	interaction_vs_self	significant	down	TRUE	3010	map03010	ko,map
map05010	map05010	34/598	55/2403	0.618181818181818	2.48409851018547	6.4075723402284	4.69478335650003e-09	7.11259678509755e-07	6.89391871822899e-07	TRINITY_DN1052_c0_g1/TRINITY_DN1092_c0_g1/TRINITY_DN1151_c0_g1/TRINITY_DN1228_c0_g1/TRINITY_DN123_c0_g1/TRINITY_DN1329_c0_g1/TRINITY_DN160_c0_g1/TRINITY_DN1613_c0_g1/TRINITY_DN16577_c0_g1/TRINITY_DN1824_c0_g1/TRINITY_DN18445_c0_g1/TRINITY_DN1880_c0_g1/TRINITY_DN1890_c0_g1/TRINITY_DN1989_c0_g1/TRINITY_DN1990_c1_g1/TRINITY_DN2153_c0_g1/TRINITY_DN2290_c0_g1/TRINITY_DN2312_c0_g1/TRINITY_DN2936_c0_g1/TRINITY_DN3116_c0_g1/TRINITY_DN3236_c0_g1/TRINITY_DN3450_c0_g1/TRINITY_DN3903_c0_g1/TRINITY_DN395_c0_g1/TRINITY_DN4048_c0_g1/TRINITY_DN420_c0_g1/TRINITY_DN4614_c1_g1/TRINITY_DN506_c0_g1/TRINITY_DN5398_c0_g1/TRINITY_DN5975_c0_g1/TRINITY_DN6302_c0_g1/TRINITY_DN7_c1_g1/TRINITY_DN7695_c0_g1/TRINITY_DN794_c0_g1	34	interaction_vs_self	significant	down	TRUE	5010	map05010	ko,map
map05012	map05012	34/598	57/2403	0.596491228070175	2.39693715895089	6.1425511869971	1.74765718442486e-08	1.76513375626911e-06	1.71086440159487e-06	TRINITY_DN1092_c0_g1/TRINITY_DN1151_c0_g1/TRINITY_DN1228_c0_g1/TRINITY_DN123_c0_g1/TRINITY_DN1242_c0_g1/TRINITY_DN1329_c0_g1/TRINITY_DN1461_c0_g1/TRINITY_DN160_c0_g1/TRINITY_DN1613_c0_g1/TRINITY_DN16577_c0_g1/TRINITY_DN1824_c0_g1/TRINITY_DN18445_c0_g1/TRINITY_DN1880_c0_g1/TRINITY_DN1890_c0_g1/TRINITY_DN1990_c1_g1/TRINITY_DN2153_c0_g1/TRINITY_DN2290_c0_g1/TRINITY_DN2312_c0_g1/TRINITY_DN2936_c0_g1/TRINITY_DN3116_c0_g1/TRINITY_DN3236_c0_g1/TRINITY_DN3450_c0_g1/TRINITY_DN3755_c0_g1/TRINITY_DN3903_c0_g1/TRINITY_DN395_c0_g1/TRINITY_DN4048_c0_g1/TRINITY_DN420_c0_g1/TRINITY_DN506_c0_g1/TRINITY_DN5398_c0_g1/TRINITY_DN5975_c0_g1/TRINITY_DN5982_c0_g1/TRINITY_DN6302_c0_g1/TRINITY_DN7695_c0_g1/TRINITY_DN794_c0_g1	34	interaction_vs_self	significant	down	TRUE	5012	map05012	ko,map
map05016	map05016	38/598	77/2403	0.493506493506494	1.98310385266907	5.0458971704403	2.12551799554824e-06	0.000128849155462426	0.000124887665013086	TRINITY_DN1092_c0_g1/TRINITY_DN1151_c0_g1/TRINITY_DN1185_c0_g1/TRINITY_DN1228_c0_g1/TRINITY_DN123_c0_g1/TRINITY_DN1242_c0_g1/TRINITY_DN1329_c0_g1/TRINITY_DN1386_c0_g1/TRINITY_DN1461_c0_g1/TRINITY_DN160_c0_g1/TRINITY_DN1613_c0_g1/TRINITY_DN16577_c0_g1/TRINITY_DN1824_c0_g1/TRINITY_DN18445_c0_g1/TRINITY_DN1880_c0_g1/TRINITY_DN1890_c0_g1/TRINITY_DN1990_c1_g1/TRINITY_DN2153_c0_g1/TRINITY_DN221_c0_g1/TRINITY_DN2290_c0_g1/TRINITY_DN2312_c0_g1/TRINITY_DN28_c1_g1/TRINITY_DN2936_c0_g1/TRINITY_DN3116_c0_g1/TRINITY_DN3236_c0_g1/TRINITY_DN3450_c0_g1/TRINITY_DN3665_c0_g1/TRINITY_DN3903_c0_g1/TRINITY_DN395_c0_g1/TRINITY_DN4048_c0_g1/TRINITY_DN420_c0_g1/TRINITY_DN4305_c0_g1/TRINITY_DN506_c0_g1/TRINITY_DN5398_c0_g1/TRINITY_DN5975_c0_g1/TRINITY_DN6302_c0_g1/TRINITY_DN7695_c0_g1/TRINITY_DN794_c0_g1	38	interaction_vs_self	significant	down	TRUE	5016	map05016	ko,map
map04932	map04932	26/598	45/2403	0.577777777777778	2.32173913043478	5.15084634357254	2.12622368749878e-06	0.000128849155462426	0.000124887665013086	TRINITY_DN1092_c0_g1/TRINITY_DN1228_c0_g1/TRINITY_DN123_c0_g1/TRINITY_DN1329_c0_g1/TRINITY_DN1416_c0_g1/TRINITY_DN160_c0_g1/TRINITY_DN1613_c0_g1/TRINITY_DN16577_c0_g1/TRINITY_DN1824_c0_g1/TRINITY_DN18445_c0_g1/TRINITY_DN1880_c0_g1/TRINITY_DN1890_c0_g1/TRINITY_DN1990_c1_g1/TRINITY_DN2290_c0_g1/TRINITY_DN2936_c0_g1/TRINITY_DN3116_c0_g1/TRINITY_DN3236_c0_g1/TRINITY_DN3450_c0_g1/TRINITY_DN3903_c0_g1/TRINITY_DN395_c0_g1/TRINITY_DN4048_c0_g1/TRINITY_DN420_c0_g1/TRINITY_DN4419_c0_g1/TRINITY_DN5398_c0_g1/TRINITY_DN6302_c0_g1/TRINITY_DN794_c0_g1	26	interaction_vs_self	significant	down	TRUE	4932	map04932	ko,map
map00190	map00190	37/598	75/2403	0.493333333333333	1.98240802675585	4.97427207931262	2.9425134570876e-06	0.000148596929582924	0.000144028290267972	TRINITY_DN1092_c0_g1/TRINITY_DN1151_c0_g1/TRINITY_DN1228_c0_g1/TRINITY_DN123_c0_g1/TRINITY_DN1329_c0_g1/TRINITY_DN1468_c0_g1/TRINITY_DN160_c0_g1/TRINITY_DN1613_c0_g1/TRINITY_DN16577_c0_g1/TRINITY_DN1780_c0_g1/TRINITY_DN1824_c0_g1/TRINITY_DN18445_c0_g1/TRINITY_DN1880_c0_g1/TRINITY_DN1890_c0_g1/TRINITY_DN1990_c1_g1/TRINITY_DN2153_c0_g1/TRINITY_DN2210_c0_g1/TRINITY_DN2290_c0_g1/TRINITY_DN2312_c0_g1/TRINITY_DN2936_c0_g1/TRINITY_DN3116_c0_g1/TRINITY_DN3236_c0_g1/TRINITY_DN3450_c0_g1/TRINITY_DN3548_c0_g1/TRINITY_DN3631_c0_g1/TRINITY_DN3903_c0_g1/TRINITY_DN395_c0_g1/TRINITY_DN3967_c0_g1/TRINITY_DN3985_c0_g1/TRINITY_DN4048_c0_g1/TRINITY_DN420_c0_g1/TRINITY_DN4818_c0_g1/TRINITY_DN506_c0_g1/TRINITY_DN5975_c0_g1/TRINITY_DN6302_c0_g1/TRINITY_DN7695_c0_g1/TRINITY_DN794_c0_g1	37	interaction_vs_self	significant	down	TRUE	190	map00190	ko,map
map00020	map00020	20/598	34/2403	0.588235294117647	2.36376155813496	4.60886368065832	2.31648786756894e-05	0.00100270831981913	0.000971879872258247	TRINITY_DN1001_c0_g1/TRINITY_DN1110_c0_g1/TRINITY_DN1567_c0_g1/TRINITY_DN1613_c0_g1/TRINITY_DN1685_c0_g1/TRINITY_DN18445_c0_g1/TRINITY_DN1961_c0_g1/TRINITY_DN2526_c0_g1/TRINITY_DN2526_c0_g2/TRINITY_DN3050_c0_g1/TRINITY_DN3101_c0_g1/TRINITY_DN3823_c0_g1/TRINITY_DN4118_c0_g1/TRINITY_DN4550_c0_g1/TRINITY_DN4691_c0_g1/TRINITY_DN8_c0_g1/TRINITY_DN8475_c0_g1/TRINITY_DN855_c0_g1/TRINITY_DN943_c0_g1/TRINITY_DN968_c0_g1	20	interaction_vs_self	significant	down	TRUE	20	map00020	ko,map
map01230	map01230	53/598	135/2403	0.392592592592593	1.57759197324415	3.97525505754985	0.000103103071579418	0.00390502883607047	0.00378496802245496	TRINITY_DN10865_c0_g1/TRINITY_DN10887_c0_g1/TRINITY_DN1110_c0_g1/TRINITY_DN1173_c0_g1/TRINITY_DN1252_c0_g1/TRINITY_DN127_c0_g1/TRINITY_DN12728_c0_g1/TRINITY_DN14021_c1_g1/TRINITY_DN1538_c0_g1/TRINITY_DN1543_c0_g1/TRINITY_DN15894_c0_g1/TRINITY_DN16377_c0_g1/TRINITY_DN1689_c0_g1/TRINITY_DN1709_c0_g1/TRINITY_DN17878_c0_g1/TRINITY_DN17929_c0_g1/TRINITY_DN183_c0_g1/TRINITY_DN1854_c0_g1/TRINITY_DN1961_c0_g1/TRINITY_DN1984_c0_g1/TRINITY_DN1989_c0_g1/TRINITY_DN2347_c0_g1/TRINITY_DN2413_c0_g1/TRINITY_DN2526_c0_g1/TRINITY_DN2526_c0_g2/TRINITY_DN2731_c0_g1/TRINITY_DN2759_c0_g1/TRINITY_DN2787_c0_g1/TRINITY_DN2810_c0_g1/TRINITY_DN2879_c0_g1/TRINITY_DN2952_c0_g1/TRINITY_DN3016_c0_g1/TRINITY_DN3050_c0_g1/TRINITY_DN3079_c0_g1/TRINITY_DN3823_c0_g1/TRINITY_DN4181_c0_g1/TRINITY_DN4199_c0_g1/TRINITY_DN4340_c0_g1/TRINITY_DN4376_c0_g1/TRINITY_DN4654_c0_g1/TRINITY_DN4655_c0_g1/TRINITY_DN496_c0_g1/TRINITY_DN5321_c1_g1/TRINITY_DN5682_c0_g1/TRINITY_DN582_c1_g1/TRINITY_DN590_c0_g1/TRINITY_DN592_c0_g1/TRINITY_DN6741_c1_g1/TRINITY_DN693_c0_g1/TRINITY_DN8_c0_g1/TRINITY_DN886_c0_g1/TRINITY_DN968_c0_g1/TRINITY_DN99_c0_g1	53	interaction_vs_self	significant	down	TRUE	1230	map01230	ko,map
map04260	map04260	10/598	15/2403	0.666666666666667	2.67892976588629	3.75369937048324	0.000734540034404809	0.0233994760484653	0.0226800549505709	TRINITY_DN1092_c0_g1/TRINITY_DN123_c0_g1/TRINITY_DN1329_c0_g1/TRINITY_DN160_c0_g1/TRINITY_DN1890_c0_g1/TRINITY_DN2290_c0_g1/TRINITY_DN2936_c0_g1/TRINITY_DN3116_c0_g1/TRINITY_DN6302_c0_g1/TRINITY_DN794_c0_g1	10	interaction_vs_self	significant	down	TRUE	4260	map04260	ko,map
map00250	map00250	21/598	44/2403	0.477272727272727	1.91787017330496	3.53624312113576	0.000772259935592915	0.0233994760484653	0.0226800549505709	TRINITY_DN1029_c2_g1/TRINITY_DN10646_c1_g1/TRINITY_DN10865_c0_g1/TRINITY_DN12265_c0_g1/TRINITY_DN1242_c0_g1/TRINITY_DN12483_c0_g1/TRINITY_DN13118_c0_g1/TRINITY_DN1315_c0_g1/TRINITY_DN1531_c0_g1/TRINITY_DN1670_c0_g1/TRINITY_DN2150_c0_g1/TRINITY_DN2760_c0_g1/TRINITY_DN3331_c0_g1/TRINITY_DN393_c0_g1/TRINITY_DN4125_c0_g1/TRINITY_DN5237_c0_g1/TRINITY_DN5321_c1_g1/TRINITY_DN5682_c0_g1/TRINITY_DN749_c0_g1/TRINITY_DN8983_c0_g1/TRINITY_DN99_c0_g1	21	interaction_vs_self	significant	down	TRUE	250	map00250	ko,map
map04714	map04714	38/598	97/2403	0.391752577319588	1.57421646036617	3.32223495828536	0.00106058329778941	0.0292142490209265	0.0283160516826072	TRINITY_DN1092_c0_g1/TRINITY_DN1151_c0_g1/TRINITY_DN1228_c0_g1/TRINITY_DN123_c0_g1/TRINITY_DN1329_c0_g1/TRINITY_DN1375_c0_g1/TRINITY_DN1473_c0_g1/TRINITY_DN160_c0_g1/TRINITY_DN1613_c0_g1/TRINITY_DN16577_c0_g1/TRINITY_DN17749_c0_g1/TRINITY_DN1824_c0_g1/TRINITY_DN18445_c0_g1/TRINITY_DN1880_c0_g1/TRINITY_DN1890_c0_g1/TRINITY_DN1990_c1_g1/TRINITY_DN2153_c0_g1/TRINITY_DN2290_c0_g1/TRINITY_DN2312_c0_g1/TRINITY_DN2648_c0_g1/TRINITY_DN2936_c0_g1/TRINITY_DN3116_c0_g1/TRINITY_DN3236_c0_g1/TRINITY_DN3450_c0_g1/TRINITY_DN3548_c0_g1/TRINITY_DN3903_c0_g1/TRINITY_DN395_c0_g1/TRINITY_DN3985_c0_g1/TRINITY_DN4048_c0_g1/TRINITY_DN420_c0_g1/TRINITY_DN4556_c0_g1/TRINITY_DN506_c0_g1/TRINITY_DN5975_c0_g1/TRINITY_DN6302_c0_g1/TRINITY_DN7147_c0_g1/TRINITY_DN7695_c0_g1/TRINITY_DN794_c0_g1/TRINITY_DN852_c0_g1	38	interaction_vs_self	significant	down	TRUE	4714	map04714	ko,map
map01130	map01130	101/598	317/2403	0.318611987381703	1.28030870514755	3.08253172296564	0.00157101431102752	0.039668111353445	0.0384485081383052	TRINITY_DN1001_c0_g1/TRINITY_DN10646_c1_g1/TRINITY_DN10865_c0_g1/TRINITY_DN10887_c0_g1/TRINITY_DN11058_c0_g1/TRINITY_DN1173_c0_g1/TRINITY_DN1182_c0_g1/TRINITY_DN1197_c0_g1/TRINITY_DN1204_c0_g1/TRINITY_DN12501_c0_g1/TRINITY_DN1252_c0_g1/TRINITY_DN127_c0_g1/TRINITY_DN12728_c0_g1/TRINITY_DN14021_c1_g1/TRINITY_DN14161_c0_g1/TRINITY_DN14212_c0_g1/TRINITY_DN1438_c0_g1/TRINITY_DN1543_c0_g1/TRINITY_DN1567_c0_g1/TRINITY_DN15783_c0_g1/TRINITY_DN15894_c0_g1/TRINITY_DN1597_c0_g1/TRINITY_DN16058_c0_g1/TRINITY_DN1613_c0_g1/TRINITY_DN16377_c0_g1/TRINITY_DN1685_c0_g1/TRINITY_DN1689_c0_g1/TRINITY_DN1709_c0_g1/TRINITY_DN1726_c0_g1/TRINITY_DN17878_c0_g1/TRINITY_DN17929_c0_g1/TRINITY_DN18164_c0_g1/TRINITY_DN183_c0_g1/TRINITY_DN18445_c0_g1/TRINITY_DN1961_c0_g1/TRINITY_DN1984_c0_g1/TRINITY_DN1989_c0_g1/TRINITY_DN2007_c0_g1/TRINITY_DN2087_c0_g1/TRINITY_DN227_c0_g1/TRINITY_DN2347_c0_g1/TRINITY_DN2349_c0_g1/TRINITY_DN2413_c0_g1/TRINITY_DN2526_c0_g1/TRINITY_DN2526_c0_g2/TRINITY_DN266_c0_g1/TRINITY_DN2731_c0_g1/TRINITY_DN2759_c0_g1/TRINITY_DN2760_c0_g1/TRINITY_DN2787_c0_g1/TRINITY_DN2810_c0_g1/TRINITY_DN2952_c0_g1/TRINITY_DN3016_c0_g1/TRINITY_DN3050_c0_g1/TRINITY_DN3079_c0_g1/TRINITY_DN3093_c0_g1/TRINITY_DN3101_c0_g1/TRINITY_DN3140_c0_g1/TRINITY_DN3356_c0_g1/TRINITY_DN3396_c0_g1/TRINITY_DN3512_c0_g1/TRINITY_DN3823_c0_g1/TRINITY_DN4024_c0_g1/TRINITY_DN4118_c0_g1/TRINITY_DN4125_c0_g1/TRINITY_DN4181_c0_g1/TRINITY_DN4199_c0_g1/TRINITY_DN4236_c0_g1/TRINITY_DN4287_c0_g1/TRINITY_DN4340_c0_g1/TRINITY_DN448_c0_g1/TRINITY_DN4550_c0_g1/TRINITY_DN4654_c0_g1/TRINITY_DN4655_c0_g1/TRINITY_DN4691_c0_g1/TRINITY_DN4772_c0_g1/TRINITY_DN4821_c0_g1/TRINITY_DN496_c0_g1/TRINITY_DN4960_c0_g1/TRINITY_DN5330_c0_g1/TRINITY_DN5682_c0_g1/TRINITY_DN582_c1_g1/TRINITY_DN590_c0_g1/TRINITY_DN592_c0_g1/TRINITY_DN6645_c0_g1/TRINITY_DN6741_c1_g1/TRINITY_DN693_c0_g1/TRINITY_DN766_c0_g1/TRINITY_DN778_c0_g2/TRINITY_DN8_c0_g1/TRINITY_DN8475_c0_g1/TRINITY_DN855_c0_g1/TRINITY_DN8810_c0_g1/TRINITY_DN886_c0_g1/TRINITY_DN8983_c0_g1/TRINITY_DN925_c0_g1/TRINITY_DN943_c0_g1/TRINITY_DN9609_c0_g1/TRINITY_DN968_c0_g1/TRINITY_DN971_c0_g1/TRINITY_DN99_c0_g1	101	interaction_vs_self	significant	down	TRUE	1130	map01130	ko,map
map01200	map01200	44/598	128/2403	0.34375	1.38132316053512	2.55156101901637	0.00860417370358021	0.200543433244985	0.194377689335942	TRINITY_DN1001_c0_g1/TRINITY_DN10839_c0_g1/TRINITY_DN10865_c0_g1/TRINITY_DN1110_c0_g1/TRINITY_DN127_c0_g1/TRINITY_DN12728_c0_g1/TRINITY_DN14161_c0_g1/TRINITY_DN1567_c0_g1/TRINITY_DN1597_c0_g1/TRINITY_DN1613_c0_g1/TRINITY_DN1685_c0_g1/TRINITY_DN17929_c0_g1/TRINITY_DN183_c0_g1/TRINITY_DN18445_c0_g1/TRINITY_DN1961_c0_g1/TRINITY_DN1989_c0_g1/TRINITY_DN227_c0_g1/TRINITY_DN2349_c0_g1/TRINITY_DN2413_c0_g1/TRINITY_DN2526_c0_g1/TRINITY_DN2526_c0_g2/TRINITY_DN2677_c0_g1/TRINITY_DN2952_c0_g1/TRINITY_DN3050_c0_g1/TRINITY_DN3079_c0_g1/TRINITY_DN3101_c0_g1/TRINITY_DN3356_c0_g1/TRINITY_DN3823_c0_g1/TRINITY_DN4024_c0_g1/TRINITY_DN4118_c0_g1/TRINITY_DN4181_c0_g1/TRINITY_DN4654_c0_g1/TRINITY_DN4691_c0_g1/TRINITY_DN590_c0_g1/TRINITY_DN6645_c0_g1/TRINITY_DN6741_c1_g1/TRINITY_DN693_c0_g1/TRINITY_DN8_c0_g1/TRINITY_DN8475_c0_g1/TRINITY_DN8810_c0_g1/TRINITY_DN943_c0_g1/TRINITY_DN9609_c0_g1/TRINITY_DN968_c0_g1/TRINITY_DN99_c0_g1	44	interaction_vs_self	significant	down	FALSE	1200	map01200	ko,map
map01210	map01210	20/598	49/2403	0.408163265306122	1.64016108115487	2.60544895275587	0.00962611430234356	0.208336616686436	0.201931269951418	TRINITY_DN10865_c0_g1/TRINITY_DN10887_c0_g1/TRINITY_DN1173_c0_g1/TRINITY_DN14021_c1_g1/TRINITY_DN1538_c0_g1/TRINITY_DN15894_c0_g1/TRINITY_DN16377_c0_g1/TRINITY_DN1961_c0_g1/TRINITY_DN1984_c0_g1/TRINITY_DN2526_c0_g1/TRINITY_DN2526_c0_g2/TRINITY_DN2731_c0_g1/TRINITY_DN2810_c0_g1/TRINITY_DN3050_c0_g1/TRINITY_DN3823_c0_g1/TRINITY_DN4340_c0_g1/TRINITY_DN582_c1_g1/TRINITY_DN8_c0_g1/TRINITY_DN968_c0_g1/TRINITY_DN99_c0_g1	20	interaction_vs_self	significant	down	FALSE	1210	map01210	ko,map
map00300	map00300	7/598	12/2403	0.583333333333333	2.3440635451505	2.68608113877672	0.0136754667719966	0.266469285375913	0.25827663929088	TRINITY_DN1173_c0_g1/TRINITY_DN1252_c0_g1/TRINITY_DN1543_c0_g1/TRINITY_DN15894_c0_g1/TRINITY_DN17878_c0_g1/TRINITY_DN2731_c0_g1/TRINITY_DN2810_c0_g1	7	interaction_vs_self	significant	down	FALSE	300	map00300	ko,map
map00270	map00270	22/598	57/2403	0.385964912280702	1.55095933814469	2.42265438700868	0.0142842279470181	0.266469285375913	0.25827663929088	TRINITY_DN1001_c0_g1/TRINITY_DN10865_c0_g1/TRINITY_DN12728_c0_g1/TRINITY_DN16377_c0_g1/TRINITY_DN17878_c0_g1/TRINITY_DN1854_c0_g1/TRINITY_DN1984_c0_g1/TRINITY_DN2412_c0_g1/TRINITY_DN2810_c0_g1/TRINITY_DN2879_c0_g1/TRINITY_DN3509_c0_g1/TRINITY_DN3640_c0_g1/TRINITY_DN4199_c0_g1/TRINITY_DN4654_c0_g1/TRINITY_DN4736_c0_g1/TRINITY_DN4821_c0_g1/TRINITY_DN496_c0_g1/TRINITY_DN5924_c2_g1/TRINITY_DN666_c0_g1/TRINITY_DN749_c0_g1/TRINITY_DN766_c0_g1/TRINITY_DN99_c0_g1	22	interaction_vs_self	significant	down	FALSE	270	map00270	ko,map
map00260	map00260	25/598	67/2403	0.373134328358209	1.49940098836919	2.3858815020913	0.0149504219517839	0.266469285375913	0.25827663929088	TRINITY_DN127_c0_g1/TRINITY_DN12728_c0_g1/TRINITY_DN14161_c0_g1/TRINITY_DN14263_c0_g1/TRINITY_DN1667_c0_g1/TRINITY_DN17929_c0_g1/TRINITY_DN18292_c0_g1/TRINITY_DN2342_c0_g1/TRINITY_DN2760_c0_g1/TRINITY_DN2787_c0_g1/TRINITY_DN2810_c0_g1/TRINITY_DN2952_c0_g1/TRINITY_DN3762_c0_g1/TRINITY_DN3861_c0_g1/TRINITY_DN4181_c0_g1/TRINITY_DN4199_c0_g1/TRINITY_DN496_c0_g1/TRINITY_DN590_c0_g1/TRINITY_DN8475_c0_g1/TRINITY_DN8810_c0_g1/TRINITY_DN8812_c0_g1/TRINITY_DN8833_c0_g1/TRINITY_DN8983_c0_g1/TRINITY_DN9126_c0_g1/TRINITY_DN9609_c0_g1	25	interaction_vs_self	significant	down	FALSE	260	map00260	ko,map
map03050	map03050	15/598	36/2403	0.416666666666667	1.67433110367893	2.34597729131378	0.0192938881756702	0.324780450957116	0.314795017603041	TRINITY_DN1077_c0_g1/TRINITY_DN1754_c0_g2/TRINITY_DN2054_c0_g1/TRINITY_DN2462_c0_g1/TRINITY_DN2799_c0_g1/TRINITY_DN2960_c0_g1/TRINITY_DN3035_c0_g1/TRINITY_DN3830_c0_g1/TRINITY_DN3957_c0_g1/TRINITY_DN3977_c0_g1/TRINITY_DN4125_c0_g1/TRINITY_DN43_c0_g1/TRINITY_DN5851_c0_g1/TRINITY_DN5899_c0_g1/TRINITY_DN986_c0_g1	15	interaction_vs_self	significant	down	FALSE	3050	map03050	ko,map
map01110	map01110	120/598	414/2403	0.289855072463768	1.16475207212447	2.12037246036876	0.0207673896649426	0.3311852141304	0.321002865181107	TRINITY_DN1001_c0_g1/TRINITY_DN1007_c0_g1/TRINITY_DN10646_c1_g1/TRINITY_DN10839_c0_g1/TRINITY_DN10865_c0_g1/TRINITY_DN10887_c0_g1/TRINITY_DN11058_c0_g1/TRINITY_DN1182_c0_g1/TRINITY_DN1197_c0_g1/TRINITY_DN1204_c0_g1/TRINITY_DN12265_c0_g1/TRINITY_DN1242_c0_g1/TRINITY_DN12483_c0_g1/TRINITY_DN12501_c0_g1/TRINITY_DN1252_c0_g1/TRINITY_DN127_c0_g1/TRINITY_DN12728_c0_g1/TRINITY_DN1387_c0_g1/TRINITY_DN14021_c1_g1/TRINITY_DN14161_c0_g1/TRINITY_DN14212_c0_g1/TRINITY_DN14263_c0_g1/TRINITY_DN1438_c0_g1/TRINITY_DN1452_c0_g1/TRINITY_DN1482_c0_g1/TRINITY_DN1538_c0_g1/TRINITY_DN1543_c0_g1/TRINITY_DN1567_c0_g1/TRINITY_DN15783_c0_g1/TRINITY_DN15847_c0_g1/TRINITY_DN1589_c0_g1/TRINITY_DN1597_c0_g1/TRINITY_DN16054_c0_g1/TRINITY_DN16058_c0_g1/TRINITY_DN1613_c0_g1/TRINITY_DN16252_c0_g1/TRINITY_DN16377_c0_g1/TRINITY_DN1685_c0_g1/TRINITY_DN1689_c0_g1/TRINITY_DN1766_c0_g1/TRINITY_DN17878_c0_g1/TRINITY_DN17929_c0_g1/TRINITY_DN183_c0_g1/TRINITY_DN18445_c0_g1/TRINITY_DN1854_c0_g1/TRINITY_DN1961_c0_g1/TRINITY_DN1984_c0_g1/TRINITY_DN1989_c0_g1/TRINITY_DN2009_c0_g1/TRINITY_DN2087_c0_g1/TRINITY_DN227_c0_g1/TRINITY_DN2336_c0_g1/TRINITY_DN2347_c0_g1/TRINITY_DN2349_c0_g1/TRINITY_DN2413_c0_g1/TRINITY_DN243_c0_g1/TRINITY_DN2526_c0_g1/TRINITY_DN2526_c0_g2/TRINITY_DN2631_c0_g1/TRINITY_DN266_c0_g1/TRINITY_DN2677_c0_g1/TRINITY_DN2759_c0_g1/TRINITY_DN2787_c0_g1/TRINITY_DN2810_c0_g1/TRINITY_DN2879_c0_g1/TRINITY_DN2952_c0_g1/TRINITY_DN3016_c0_g1/TRINITY_DN3050_c0_g1/TRINITY_DN3079_c0_g1/TRINITY_DN3101_c0_g1/TRINITY_DN3108_c0_g1/TRINITY_DN3140_c0_g1/TRINITY_DN3345_c0_g1/TRINITY_DN3356_c0_g1/TRINITY_DN3762_c0_g1/TRINITY_DN3823_c0_g1/TRINITY_DN3881_c0_g1/TRINITY_DN3882_c0_g1/TRINITY_DN3985_c0_g1/TRINITY_DN4003_c0_g1/TRINITY_DN4006_c0_g1/TRINITY_DN4024_c0_g1/TRINITY_DN4118_c0_g1/TRINITY_DN4287_c0_g1/TRINITY_DN4340_c0_g1/TRINITY_DN4376_c0_g1/TRINITY_DN4427_c0_g1/TRINITY_DN4436_c0_g1/TRINITY_DN4550_c0_g1/TRINITY_DN4654_c0_g1/TRINITY_DN4655_c0_g1/TRINITY_DN4691_c0_g1/TRINITY_DN4772_c0_g1/TRINITY_DN4916_c0_g1/TRINITY_DN4960_c0_g1/TRINITY_DN5126_c0_g1/TRINITY_DN5330_c0_g1/TRINITY_DN5682_c0_g1/TRINITY_DN582_c1_g1/TRINITY_DN590_c0_g1/TRINITY_DN592_c0_g1/TRINITY_DN6645_c0_g1/TRINITY_DN6741_c1_g1/TRINITY_DN693_c0_g1/TRINITY_DN751_c0_g1/TRINITY_DN7695_c0_g1/TRINITY_DN784_c0_g1/TRINITY_DN8_c0_g1/TRINITY_DN8475_c0_g1/TRINITY_DN855_c0_g1/TRINITY_DN8810_c0_g1/TRINITY_DN8833_c0_g1/TRINITY_DN886_c0_g1/TRINITY_DN890_c0_g1/TRINITY_DN9126_c0_g1/TRINITY_DN925_c0_g1/TRINITY_DN943_c0_g1/TRINITY_DN9609_c0_g1/TRINITY_DN968_c0_g1/TRINITY_DN99_c0_g1	120	interaction_vs_self	significant	down	FALSE	1110	map01110	ko,map
map00720	map00720	8/598	16/2403	0.5	2.00919732441472	2.33081799655489	0.0259980559424034	0.393870547527412	0.381760926733187	TRINITY_DN1110_c0_g1/TRINITY_DN3050_c0_g1/TRINITY_DN4024_c0_g1/TRINITY_DN4550_c0_g1/TRINITY_DN6645_c0_g1/TRINITY_DN8_c0_g1/TRINITY_DN855_c0_g1/TRINITY_DN968_c0_g1	8	interaction_vs_self	significant	down	FALSE	720	map00720	ko,map
map05130	map05130	10/598	22/2403	0.454545454545455	1.8265430221952	2.24127732281325	0.0280255738024807	0.404368993435793	0.391936596034693	TRINITY_DN1191_c0_g1/TRINITY_DN1191_c0_g2/TRINITY_DN12262_c0_g1/TRINITY_DN12670_c0_g1/TRINITY_DN1375_c0_g1/TRINITY_DN35_c0_g1/TRINITY_DN35_c0_g2/TRINITY_DN3670_c0_g1/TRINITY_DN4401_c0_g1/TRINITY_DN701_c2_g1	10	interaction_vs_self	significant	down	FALSE	5130	map05130	ko,map
map05322	map05322	6/598	11/2403	0.545454545454545	2.19185162663423	2.2800083571383	0.0332672667108296	0.458180991517336	0.444094134560836	TRINITY_DN1336_c0_g1/TRINITY_DN1819_c0_g1/TRINITY_DN2829_c0_g1/TRINITY_DN4414_c0_g1/TRINITY_DN524_c0_g1/TRINITY_DN6998_c0_g1	6	interaction_vs_self	significant	down	FALSE	5322	map05322	ko,map
map00670	map00670	8/598	17/2403	0.470588235294118	1.89100924650797	2.12163143960993	0.0386762131722864	0.509517069182729	0.493851875289149	TRINITY_DN12501_c0_g1/TRINITY_DN17929_c0_g1/TRINITY_DN1855_c0_g1/TRINITY_DN1860_c0_g1/TRINITY_DN2101_c0_g1/TRINITY_DN2952_c0_g1/TRINITY_DN3382_c0_g1/TRINITY_DN8810_c0_g1	8	interaction_vs_self	significant	down	FALSE	670	map00670	ko,map
map00062	map00062	5/598	9/2403	0.555555555555556	2.23244147157191	2.13168964700336	0.0477198058397075	0.602462548726307	0.583939729354315	TRINITY_DN16252_c0_g1/TRINITY_DN243_c0_g1/TRINITY_DN2631_c0_g1/TRINITY_DN3356_c0_g1/TRINITY_DN784_c0_g1	5	interaction_vs_self	significant	down	FALSE	62	map00062	ko,map
map04723	map04723	12/598	31/2403	0.387096774193548	1.55550760599849	1.79148016731439	0.061260032543673	0.742471594429317	0.719644171776201	TRINITY_DN1228_c0_g1/TRINITY_DN16577_c0_g1/TRINITY_DN17749_c0_g1/TRINITY_DN1824_c0_g1/TRINITY_DN1880_c0_g1/TRINITY_DN1990_c1_g1/TRINITY_DN3236_c0_g1/TRINITY_DN3450_c0_g1/TRINITY_DN3903_c0_g1/TRINITY_DN395_c0_g1/TRINITY_DN4048_c0_g1/TRINITY_DN420_c0_g1	12	interaction_vs_self	significant	down	FALSE	4723	map04723	ko,map
map00220	map00220	11/598	28/2403	0.392857142857143	1.57865504061156	1.77241509325725	0.0648409724353632	0.750425900367224	0.727353921148013	TRINITY_DN10865_c0_g1/TRINITY_DN10887_c0_g1/TRINITY_DN13118_c0_g1/TRINITY_DN2347_c0_g1/TRINITY_DN2609_c0_g1/TRINITY_DN2660_c0_g1/TRINITY_DN393_c0_g1/TRINITY_DN4340_c0_g1/TRINITY_DN5321_c1_g1/TRINITY_DN5682_c0_g1/TRINITY_DN99_c0_g1	11	interaction_vs_self	significant	down	FALSE	220	map00220	ko,map
map03030	map03030	14/598	38/2403	0.368421052631579	1.48046118641084	1.71803902896158	0.0671154060237112	0.750425900367224	0.727353921148013	TRINITY_DN10690_c0_g1/TRINITY_DN10815_c0_g1/TRINITY_DN1146_c0_g1/TRINITY_DN14313_c0_g1/TRINITY_DN1516_c0_g1/TRINITY_DN15939_c0_g1/TRINITY_DN16075_c0_g1/TRINITY_DN1689_c0_g1/TRINITY_DN16965_c0_g1/TRINITY_DN2075_c0_g1/TRINITY_DN4205_c0_g1/TRINITY_DN464_c1_g1/TRINITY_DN8771_c0_g1/TRINITY_DN8941_c0_g1	14	interaction_vs_self	significant	down	FALSE	3030	map03030	ko,map
map00710	map00710	9/598	22/2403	0.409090909090909	1.64388871997568	1.74598677593811	0.0718229409592393	0.750425900367224	0.727353921148013	TRINITY_DN1001_c0_g1/TRINITY_DN10865_c0_g1/TRINITY_DN1685_c0_g1/TRINITY_DN1989_c0_g1/TRINITY_DN227_c0_g1/TRINITY_DN2413_c0_g1/TRINITY_DN3079_c0_g1/TRINITY_DN6741_c1_g1/TRINITY_DN99_c0_g1	9	interaction_vs_self	significant	down	FALSE	710	map00710	ko,map
map00920	map00920	9/598	22/2403	0.409090909090909	1.64388871997568	1.74598677593811	0.0718229409592393	0.750425900367224	0.727353921148013	TRINITY_DN14088_c0_g1/TRINITY_DN15127_c0_g1/TRINITY_DN159_c0_g1/TRINITY_DN1726_c0_g1/TRINITY_DN2666_c0_g1/TRINITY_DN3997_c0_g1/TRINITY_DN448_c0_g1/TRINITY_DN4654_c0_g1/TRINITY_DN5398_c0_g1	9	interaction_vs_self	significant	down	FALSE	920	map00920	ko,map
map00650	map00650	10/598	26/2403	0.384615384615385	1.54553640339594	1.60951233613749	0.0873914553681211	0.882653699218023	0.85551635255108	TRINITY_DN1197_c0_g1/TRINITY_DN1309_c0_g1/TRINITY_DN14021_c1_g1/TRINITY_DN14573_c0_g1/TRINITY_DN2150_c0_g1/TRINITY_DN3331_c0_g1/TRINITY_DN3356_c0_g1/TRINITY_DN4862_c0_g1/TRINITY_DN5237_c0_g1/TRINITY_DN8802_c0_g1	10	interaction_vs_self	significant	down	FALSE	650	map00650	ko,map
map00311	map00311	3/598	5/2403	0.6	2.41103678929766	1.81759550604412	0.102092944871746	0.937398857458754	0.908578361059553	TRINITY_DN2760_c0_g1/TRINITY_DN8983_c0_g1/TRINITY_DN971_c0_g1	3	interaction_vs_self	significant	down	FALSE	311	map00311	ko,map
map04975	map04975	3/598	5/2403	0.6	2.41103678929766	1.81759550604412	0.102092944871746	0.937398857458754	0.908578361059553	TRINITY_DN2009_c0_g1/TRINITY_DN3512_c0_g1/TRINITY_DN99_c0_g1	3	interaction_vs_self	significant	down	FALSE	4975	map04975	ko,map
map05416	map05416	3/598	5/2403	0.6	2.41103678929766	1.81759550604412	0.102092944871746	0.937398857458754	0.908578361059553	TRINITY_DN1375_c0_g1/TRINITY_DN15_c0_g1/TRINITY_DN5398_c0_g1	3	interaction_vs_self	significant	down	FALSE	5416	map05416	ko,map
map00072	map00072	4/598	8/2403	0.5	2.00919732441472	1.64538227858369	0.111876913731785	0.972155895341014	0.942266787563464	TRINITY_DN1197_c0_g1/TRINITY_DN14573_c0_g1/TRINITY_DN4862_c0_g1/TRINITY_DN8802_c0_g1	4	interaction_vs_self	significant	down	FALSE	72	map00072	ko,map
map04979	map04979	5/598	11/2403	0.454545454545455	1.8265430221952	1.58117416297971	0.112295235435431	0.972155895341014	0.942266787563464	TRINITY_DN1242_c0_g1/TRINITY_DN17911_c0_g1/TRINITY_DN3570_c0_g1/TRINITY_DN6655_c0_g1/TRINITY_DN6655_c0_g2	5	interaction_vs_self	significant	down	FALSE	4979	map04979	ko,map
map03008	map03008	22/598	71/2403	0.309859154929577	1.24513637005982	1.2066217309086	0.143308498954716	0.99993776974141	0.969194503240762	TRINITY_DN12355_c0_g1/TRINITY_DN1313_c0_g1/TRINITY_DN14073_c0_g1/TRINITY_DN1516_c0_g1/TRINITY_DN1677_c0_g1/TRINITY_DN17643_c0_g1/TRINITY_DN1890_c0_g1/TRINITY_DN2082_c0_g2/TRINITY_DN2213_c0_g1/TRINITY_DN2301_c0_g1/TRINITY_DN2600_c0_g1/TRINITY_DN3418_c0_g1/TRINITY_DN3490_c0_g1/TRINITY_DN4176_c0_g1/TRINITY_DN418_c0_g1/TRINITY_DN4631_c0_g1/TRINITY_DN4892_c1_g1/TRINITY_DN499_c0_g1/TRINITY_DN5088_c0_g1/TRINITY_DN733_c0_g1/TRINITY_DN8863_c0_g1/TRINITY_DN8992_c0_g1	22	interaction_vs_self	significant	down	FALSE	3008	map03008	ko,map
map00960	map00960	6/598	15/2403	0.4	1.60735785953177	1.35791196350549	0.145168836661425	0.99993776974141	0.969194503240762	TRINITY_DN10865_c0_g1/TRINITY_DN14263_c0_g1/TRINITY_DN2759_c0_g1/TRINITY_DN8833_c0_g1/TRINITY_DN9126_c0_g1/TRINITY_DN99_c0_g1	6	interaction_vs_self	significant	down	FALSE	960	map00960	ko,map
map00510	map00510	13/598	39/2403	0.333333333333333	1.33946488294314	1.22999093791053	0.148563188989644	0.99993776974141	0.969194503240762	TRINITY_DN1204_c0_g1/TRINITY_DN1242_c0_g1/TRINITY_DN14212_c0_g1/TRINITY_DN1502_c0_g1/TRINITY_DN18371_c0_g1/TRINITY_DN2051_c0_g1/TRINITY_DN2452_c0_g1/TRINITY_DN3410_c0_g1/TRINITY_DN4573_c0_g1/TRINITY_DN4726_c0_g1/TRINITY_DN6302_c0_g1/TRINITY_DN7198_c0_g1/TRINITY_DN9071_c0_g1	13	interaction_vs_self	significant	down	FALSE	510	map00510	ko,map
map00230	map00230	33/598	112/2403	0.294642857142857	1.18399128045867	1.14760438487312	0.150277436514221	0.99993776974141	0.969194503240762	TRINITY_DN1057_c0_g1/TRINITY_DN10646_c1_g1/TRINITY_DN10690_c0_g1/TRINITY_DN1146_c0_g1/TRINITY_DN1185_c0_g1/TRINITY_DN1193_c0_g1/TRINITY_DN1204_c0_g1/TRINITY_DN12501_c0_g1/TRINITY_DN1386_c0_g1/TRINITY_DN1438_c0_g1/TRINITY_DN1442_c0_g1/TRINITY_DN1531_c0_g1/TRINITY_DN16058_c0_g1/TRINITY_DN16075_c0_g1/TRINITY_DN16303_c0_g1/TRINITY_DN183_c0_g1/TRINITY_DN2275_c0_g1/TRINITY_DN2304_c0_g1/TRINITY_DN2568_c0_g1/TRINITY_DN2609_c0_g1/TRINITY_DN2666_c0_g1/TRINITY_DN3118_c0_g1/TRINITY_DN345_c0_g2/TRINITY_DN3665_c0_g1/TRINITY_DN4205_c0_g1/TRINITY_DN448_c0_g1/TRINITY_DN4878_c0_g1/TRINITY_DN5345_c0_g1/TRINITY_DN614_c0_g1/TRINITY_DN6941_c0_g1/TRINITY_DN6998_c0_g1/TRINITY_DN87_c0_g1/TRINITY_DN925_c0_g1	33	interaction_vs_self	significant	down	FALSE	230	map00230	ko,map
map00010	map00010	18/598	57/2403	0.315789473684211	1.26896673120929	1.18268878701255	0.152066613444611	0.99993776974141	0.969194503240762	TRINITY_DN127_c0_g1/TRINITY_DN15783_c0_g1/TRINITY_DN1685_c0_g1/TRINITY_DN183_c0_g1/TRINITY_DN1989_c0_g1/TRINITY_DN227_c0_g1/TRINITY_DN2349_c0_g1/TRINITY_DN2413_c0_g1/TRINITY_DN3101_c0_g1/TRINITY_DN4024_c0_g1/TRINITY_DN4118_c0_g1/TRINITY_DN4287_c0_g1/TRINITY_DN4691_c0_g1/TRINITY_DN4960_c0_g1/TRINITY_DN6645_c0_g1/TRINITY_DN6741_c1_g1/TRINITY_DN693_c0_g1/TRINITY_DN8475_c0_g1	18	interaction_vs_self	significant	down	FALSE	10	map00010	ko,map
map00290	map00290	7/598	19/2403	0.368421052631579	1.48046118641084	1.20998636030157	0.170909026308788	0.99993776974141	0.969194503240762	TRINITY_DN12728_c0_g1/TRINITY_DN14021_c1_g1/TRINITY_DN1538_c0_g1/TRINITY_DN16377_c0_g1/TRINITY_DN1984_c0_g1/TRINITY_DN582_c1_g1/TRINITY_DN590_c0_g1	7	interaction_vs_self	significant	down	FALSE	290	map00290	ko,map
map04210	map04210	6/598	16/2403	0.375	1.50689799331104	1.17071947838558	0.185947689551995	0.99993776974141	0.969194503240762	TRINITY_DN1375_c0_g1/TRINITY_DN2648_c0_g1/TRINITY_DN35_c0_g1/TRINITY_DN35_c0_g2/TRINITY_DN4419_c0_g1/TRINITY_DN5398_c0_g1	6	interaction_vs_self	significant	down	FALSE	4210	map04210	ko,map
map04540	map04540	6/598	16/2403	0.375	1.50689799331104	1.17071947838558	0.185947689551995	0.99993776974141	0.969194503240762	TRINITY_DN1191_c0_g1/TRINITY_DN1191_c0_g2/TRINITY_DN2648_c0_g1/TRINITY_DN35_c0_g1/TRINITY_DN35_c0_g2/TRINITY_DN898_c0_g1	6	interaction_vs_self	significant	down	FALSE	4540	map04540	ko,map
map00480	map00480	12/598	37/2403	0.324324324324324	1.30326312935009	1.06982217207075	0.187788536842733	0.99993776974141	0.969194503240762	TRINITY_DN1125_c0_g1/TRINITY_DN12370_c0_g1/TRINITY_DN1597_c0_g1/TRINITY_DN17878_c0_g1/TRINITY_DN2275_c0_g1/TRINITY_DN3140_c0_g1/TRINITY_DN345_c0_g2/TRINITY_DN3509_c0_g1/TRINITY_DN4569_c0_g1/TRINITY_DN666_c0_g1/TRINITY_DN749_c0_g1/TRINITY_DN8_c0_g1	12	interaction_vs_self	significant	down	FALSE	480	map00480	ko,map
map00051	map00051	12/598	38/2403	0.315789473684211	1.26896673120929	0.9617745507431	0.216170959260526	0.99993776974141	0.969194503240762	TRINITY_DN1050_c0_g1/TRINITY_DN1063_c0_g1/TRINITY_DN11058_c0_g1/TRINITY_DN17765_c0_g1/TRINITY_DN227_c0_g1/TRINITY_DN2271_c0_g1/TRINITY_DN2349_c0_g1/TRINITY_DN2413_c0_g1/TRINITY_DN314_c0_g1/TRINITY_DN4436_c0_g1/TRINITY_DN4675_c0_g1/TRINITY_DN573_c0_g1	12	interaction_vs_self	significant	down	FALSE	51	map00051	ko,map
map05162	map05162	4/598	10/2403	0.4	1.60735785953177	1.10757156375011	0.221088712429276	0.99993776974141	0.969194503240762	TRINITY_DN1026_c0_g2/TRINITY_DN4419_c0_g1/TRINITY_DN4432_c0_g1/TRINITY_DN6594_c0_g3	4	interaction_vs_self	significant	down	FALSE	5162	map05162	ko,map
map05034	map05034	10/598	31/2403	0.32258064516129	1.29625633833207	0.955409698862946	0.223176696564596	0.99993776974141	0.969194503240762	TRINITY_DN1052_c0_g1/TRINITY_DN1336_c0_g1/TRINITY_DN1819_c0_g1/TRINITY_DN2051_c0_g1/TRINITY_DN2648_c0_g1/TRINITY_DN2829_c0_g1/TRINITY_DN4414_c0_g1/TRINITY_DN4655_c0_g1/TRINITY_DN6998_c0_g1/TRINITY_DN8861_c0_g1	10	interaction_vs_self	significant	down	FALSE	5034	map05034	ko,map
map04066	map04066	6/598	17/2403	0.352941176470588	1.41825693488098	0.995934740695676	0.230551743900061	0.99993776974141	0.969194503240762	TRINITY_DN1989_c0_g1/TRINITY_DN2349_c0_g1/TRINITY_DN3101_c0_g1/TRINITY_DN3119_c0_g1/TRINITY_DN4556_c0_g1/TRINITY_DN693_c0_g1	6	interaction_vs_self	significant	down	FALSE	4066	map04066	ko,map
map00240	map00240	21/598	72/2403	0.291666666666667	1.17203177257525	0.8529081534266	0.234165253389507	0.99993776974141	0.969194503240762	TRINITY_DN1029_c2_g1/TRINITY_DN1057_c0_g1/TRINITY_DN10690_c0_g1/TRINITY_DN1146_c0_g1/TRINITY_DN1185_c0_g1/TRINITY_DN1193_c0_g1/TRINITY_DN1204_c0_g1/TRINITY_DN1315_c0_g1/TRINITY_DN1386_c0_g1/TRINITY_DN1538_c0_g4/TRINITY_DN16075_c0_g1/TRINITY_DN1670_c0_g1/TRINITY_DN17821_c0_g1/TRINITY_DN2075_c0_g1/TRINITY_DN2275_c0_g1/TRINITY_DN345_c0_g2/TRINITY_DN3665_c0_g1/TRINITY_DN379_c0_g1/TRINITY_DN4205_c0_g1/TRINITY_DN6941_c0_g1/TRINITY_DN6998_c0_g1	21	interaction_vs_self	significant	down	FALSE	240	map00240	ko,map
map04392	map04392	3/598	7/2403	0.428571428571429	1.72216913521261	1.10114123637021	0.240999832556597	0.99993776974141	0.969194503240762	TRINITY_DN3628_c0_g1/TRINITY_DN3833_c0_g3/TRINITY_DN685_c0_g1	3	interaction_vs_self	significant	down	FALSE	4392	map04392	ko,map
map00630	map00630	15/598	50/2403	0.3	1.20551839464883	0.845129434766902	0.24384050602585	0.99993776974141	0.969194503240762	TRINITY_DN1001_c0_g1/TRINITY_DN10839_c0_g1/TRINITY_DN14161_c0_g1/TRINITY_DN17929_c0_g1/TRINITY_DN2526_c0_g1/TRINITY_DN2526_c0_g2/TRINITY_DN2677_c0_g1/TRINITY_DN2952_c0_g1/TRINITY_DN3050_c0_g1/TRINITY_DN3382_c0_g1/TRINITY_DN5321_c1_g1/TRINITY_DN8475_c0_g1/TRINITY_DN8810_c0_g1/TRINITY_DN9609_c0_g1/TRINITY_DN968_c0_g1	15	interaction_vs_self	significant	down	FALSE	630	map00630	ko,map
map04072	map04072	7/598	21/2403	0.333333333333333	1.33946488294314	0.899149926519635	0.251576683557136	0.99993776974141	0.969194503240762	TRINITY_DN1766_c0_g1/TRINITY_DN2009_c0_g1/TRINITY_DN2648_c0_g1/TRINITY_DN3882_c0_g1/TRINITY_DN4401_c0_g1/TRINITY_DN4556_c0_g1/TRINITY_DN57_c0_g1	7	interaction_vs_self	significant	down	FALSE	4072	map04072	ko,map
map01523	map01523	5/598	14/2403	0.357142857142857	1.43514094601051	0.939689523429841	0.254645959430038	0.99993776974141	0.969194503240762	TRINITY_DN12501_c0_g1/TRINITY_DN17929_c0_g1/TRINITY_DN1855_c0_g1/TRINITY_DN2952_c0_g1/TRINITY_DN872_c0_g1	5	interaction_vs_self	significant	down	FALSE	1523	map01523	ko,map
map05134	map05134	5/598	14/2403	0.357142857142857	1.43514094601051	0.939689523429841	0.254645959430038	0.99993776974141	0.969194503240762	TRINITY_DN163_c0_g1/TRINITY_DN2523_c0_g1/TRINITY_DN2977_c0_g1/TRINITY_DN5398_c0_g1/TRINITY_DN6594_c0_g3	5	interaction_vs_self	significant	down	FALSE	5134	map05134	ko,map
map00970	map00970	13/598	43/2403	0.302325581395349	1.21486349848332	0.818162103471514	0.25561413660014	0.99993776974141	0.969194503240762	TRINITY_DN10696_c0_g1/TRINITY_DN1185_c0_g1/TRINITY_DN12271_c0_g1/TRINITY_DN12683_c0_g1/TRINITY_DN1398_c0_g1/TRINITY_DN1561_c0_g1/TRINITY_DN2022_c0_g1/TRINITY_DN212_c0_g1/TRINITY_DN3010_c0_g1/TRINITY_DN3427_c0_g1/TRINITY_DN3985_c0_g1/TRINITY_DN4003_c0_g1/TRINITY_DN906_c0_g1	13	interaction_vs_self	significant	down	FALSE	970	map00970	ko,map
map00620	map00620	17/598	58/2403	0.293103448275862	1.17780532810518	0.788834387643862	0.257985956887555	0.99993776974141	0.969194503240762	TRINITY_DN1001_c0_g1/TRINITY_DN1110_c0_g1/TRINITY_DN1127_c0_g1/TRINITY_DN1387_c0_g1/TRINITY_DN15894_c0_g1/TRINITY_DN1685_c0_g1/TRINITY_DN183_c0_g1/TRINITY_DN2677_c0_g1/TRINITY_DN3101_c0_g1/TRINITY_DN4024_c0_g1/TRINITY_DN4118_c0_g1/TRINITY_DN4182_c0_g1/TRINITY_DN4691_c0_g1/TRINITY_DN4960_c0_g1/TRINITY_DN6645_c0_g1/TRINITY_DN704_c0_g1/TRINITY_DN8475_c0_g1	17	interaction_vs_self	significant	down	FALSE	620	map00620	ko,map
map00330	map00330	20/598	70/2403	0.285714285714286	1.14811275680841	0.72374005071613	0.274963381696812	0.99993776974141	0.969194503240762	TRINITY_DN10865_c0_g1/TRINITY_DN11007_c0_g1/TRINITY_DN1689_c0_g1/TRINITY_DN1709_c0_g1/TRINITY_DN17878_c0_g1/TRINITY_DN2153_c0_g1/TRINITY_DN2347_c0_g1/TRINITY_DN2412_c0_g1/TRINITY_DN266_c0_g1/TRINITY_DN2760_c0_g1/TRINITY_DN3140_c0_g1/TRINITY_DN4655_c0_g1/TRINITY_DN4742_c0_g1/TRINITY_DN4960_c0_g1/TRINITY_DN5013_c0_g1/TRINITY_DN5330_c0_g1/TRINITY_DN749_c0_g1/TRINITY_DN898_c0_g1/TRINITY_DN8983_c0_g1/TRINITY_DN99_c0_g1	20	interaction_vs_self	significant	down	FALSE	330	map00330	ko,map
map04110	map04110	16/598	56/2403	0.285714285714286	1.14811275680841	0.645399202770995	0.305823179091919	0.99993776974141	0.969194503240762	TRINITY_DN10866_c0_g1/TRINITY_DN11199_c0_g1/TRINITY_DN1170_c0_g2/TRINITY_DN12384_c0_g1/TRINITY_DN1361_c1_g1/TRINITY_DN14024_c0_g1/TRINITY_DN15939_c0_g1/TRINITY_DN18341_c0_g1/TRINITY_DN1913_c0_g1/TRINITY_DN2075_c0_g1/TRINITY_DN222_c0_g1/TRINITY_DN2743_c0_g1/TRINITY_DN3_c0_g1/TRINITY_DN4419_c0_g1/TRINITY_DN464_c1_g1/TRINITY_DN8771_c0_g1	16	interaction_vs_self	significant	down	FALSE	4110	map04110	ko,map
map00680	map00680	8/598	26/2403	0.307692307692308	1.23642912271675	0.697543898566543	0.309235843385818	0.99993776974141	0.969194503240762	TRINITY_DN127_c0_g1/TRINITY_DN17929_c0_g1/TRINITY_DN227_c0_g1/TRINITY_DN2952_c0_g1/TRINITY_DN4024_c0_g1/TRINITY_DN4181_c0_g1/TRINITY_DN6645_c0_g1/TRINITY_DN693_c0_g1	8	interaction_vs_self	significant	down	FALSE	680	map00680	ko,map
map05230	map05230	5/598	15/2403	0.333333333333333	1.33946488294314	0.758965111761054	0.309384520814344	0.99993776974141	0.969194503240762	TRINITY_DN183_c0_g1/TRINITY_DN2349_c0_g1/TRINITY_DN2648_c0_g1/TRINITY_DN3101_c0_g1/TRINITY_DN4556_c0_g1	5	interaction_vs_self	significant	down	FALSE	5230	map05230	ko,map
map00140	map00140	3/598	8/2403	0.375	1.50689799331104	0.826439939015214	0.318473583851484	0.99993776974141	0.969194503240762	TRINITY_DN17911_c0_g1/TRINITY_DN243_c0_g1/TRINITY_DN3570_c0_g1	3	interaction_vs_self	significant	down	FALSE	140	map00140	ko,map
map00750	map00750	3/598	8/2403	0.375	1.50689799331104	0.826439939015214	0.318473583851484	0.99993776974141	0.969194503240762	TRINITY_DN1966_c0_g1/TRINITY_DN2075_c0_g1/TRINITY_DN4989_c0_g1	3	interaction_vs_self	significant	down	FALSE	750	map00750	ko,map
map04930	map04930	3/598	8/2403	0.375	1.50689799331104	0.826439939015214	0.318473583851484	0.99993776974141	0.969194503240762	TRINITY_DN183_c0_g1/TRINITY_DN2349_c0_g1/TRINITY_DN4556_c0_g1	3	interaction_vs_self	significant	down	FALSE	4930	map04930	ko,map
map04921	map04921	9/598	30/2403	0.3	1.20551839464883	0.651869929327535	0.320299479124397	0.99993776974141	0.969194503240762	TRINITY_DN1052_c0_g1/TRINITY_DN1375_c0_g1/TRINITY_DN1398_c0_g1/TRINITY_DN2051_c0_g1/TRINITY_DN2648_c0_g1/TRINITY_DN2705_c0_g1/TRINITY_DN3882_c0_g1/TRINITY_DN4401_c0_g1/TRINITY_DN898_c0_g1	9	interaction_vs_self	significant	down	FALSE	4921	map04921	ko,map
map01040	map01040	6/598	19/2403	0.315789473684211	1.26896673120929	0.677361845957429	0.327518280215209	0.99993776974141	0.969194503240762	TRINITY_DN1192_c0_g1/TRINITY_DN16252_c0_g1/TRINITY_DN243_c0_g1/TRINITY_DN2631_c0_g1/TRINITY_DN784_c0_g1/TRINITY_DN8377_c0_g1	6	interaction_vs_self	significant	down	FALSE	1040	map01040	ko,map
map01212	map01212	11/598	38/2403	0.289473684210526	1.16321950360852	0.583642311633861	0.337232762547021	0.99993776974141	0.969194503240762	TRINITY_DN1192_c0_g1/TRINITY_DN12361_c0_g1/TRINITY_DN1387_c0_g1/TRINITY_DN16252_c0_g1/TRINITY_DN243_c0_g1/TRINITY_DN2631_c0_g1/TRINITY_DN2900_c0_g1/TRINITY_DN3356_c0_g1/TRINITY_DN4139_c0_g1/TRINITY_DN784_c0_g1/TRINITY_DN8377_c0_g1	11	interaction_vs_self	significant	down	FALSE	1212	map01212	ko,map
map00910	map00910	7/598	23/2403	0.304347826086957	1.2229896757307	0.618384628923397	0.341013941557791	0.99993776974141	0.969194503240762	TRINITY_DN13118_c0_g1/TRINITY_DN1860_c0_g1/TRINITY_DN1963_c0_g1/TRINITY_DN1992_c0_g1/TRINITY_DN393_c0_g1/TRINITY_DN5321_c1_g1/TRINITY_DN75_c1_g1	7	interaction_vs_self	significant	down	FALSE	910	map00910	ko,map
map00450	map00450	4/598	12/2403	0.333333333333333	1.33946488294314	0.67841302789633	0.347509799497436	0.99993776974141	0.969194503240762	TRINITY_DN2879_c0_g1/TRINITY_DN4040_c0_g1/TRINITY_DN448_c0_g1/TRINITY_DN496_c0_g1	4	interaction_vs_self	significant	down	FALSE	450	map00450	ko,map
map00780	map00780	4/598	12/2403	0.333333333333333	1.33946488294314	0.67841302789633	0.347509799497436	0.99993776974141	0.969194503240762	TRINITY_DN2572_c0_g1/TRINITY_DN2900_c0_g1/TRINITY_DN3114_c0_g1/TRINITY_DN917_c0_g1	4	interaction_vs_self	significant	down	FALSE	780	map00780	ko,map
map05202	map05202	4/598	12/2403	0.333333333333333	1.33946488294314	0.67841302789633	0.347509799497436	0.99993776974141	0.969194503240762	TRINITY_DN227_c0_g1/TRINITY_DN394_c0_g1/TRINITY_DN5780_c0_g1/TRINITY_DN6998_c0_g1	4	interaction_vs_self	significant	down	FALSE	5202	map05202	ko,map
map04141	map04141	23/598	85/2403	0.270588235294118	1.08733031674208	0.471754740325222	0.358898292339646	0.99993776974141	0.969194503240762	TRINITY_DN1204_c0_g1/TRINITY_DN1242_c0_g1/TRINITY_DN1338_c0_g1/TRINITY_DN1561_c0_g1/TRINITY_DN17918_c0_g1/TRINITY_DN2151_c0_g1/TRINITY_DN2452_c0_g1/TRINITY_DN2523_c0_g1/TRINITY_DN2561_c0_g1/TRINITY_DN3192_c0_g1/TRINITY_DN3410_c0_g1/TRINITY_DN3755_c0_g1/TRINITY_DN3864_c0_g1/TRINITY_DN3945_c0_g1/TRINITY_DN4348_c0_g1/TRINITY_DN4419_c0_g1/TRINITY_DN4556_c0_g1/TRINITY_DN4573_c0_g1/TRINITY_DN4878_c0_g1/TRINITY_DN6594_c0_g2/TRINITY_DN6594_c0_g3/TRINITY_DN7198_c0_g1/TRINITY_DN9071_c0_g1	23	interaction_vs_self	significant	down	FALSE	4141	map04141	ko,map
map04530	map04530	9/598	31/2403	0.290322580645161	1.16663070449887	0.537374464637225	0.360031526535225	0.99993776974141	0.969194503240762	TRINITY_DN12262_c0_g1/TRINITY_DN1375_c0_g1/TRINITY_DN2075_c0_g1/TRINITY_DN2529_c0_g1/TRINITY_DN35_c0_g1/TRINITY_DN35_c0_g2/TRINITY_DN4401_c0_g1/TRINITY_DN57_c0_g1/TRINITY_DN701_c2_g1	9	interaction_vs_self	significant	down	FALSE	4530	map04530	ko,map
map03013	map03013	25/598	93/2403	0.268817204301075	1.08021361527673	0.454027402766793	0.363769580612309	0.99993776974141	0.969194503240762	TRINITY_DN1026_c0_g2/TRINITY_DN1088_c0_g1/TRINITY_DN1193_c0_g1/TRINITY_DN1221_c4_g1/TRINITY_DN12306_c0_g1/TRINITY_DN14049_c0_g1/TRINITY_DN14150_c0_g1/TRINITY_DN15_c0_g1/TRINITY_DN15870_c0_g1/TRINITY_DN160_c0_g1/TRINITY_DN2101_c0_g1/TRINITY_DN2482_c0_g1/TRINITY_DN285_c0_g1/TRINITY_DN2882_c0_g1/TRINITY_DN2977_c0_g1/TRINITY_DN3119_c0_g1/TRINITY_DN3232_c0_g1/TRINITY_DN418_c0_g1/TRINITY_DN433_c0_g1/TRINITY_DN4419_c0_g1/TRINITY_DN6044_c0_g1/TRINITY_DN693_c0_g1/TRINITY_DN733_c0_g1/TRINITY_DN814_c0_g1/TRINITY_DN8377_c0_g1	25	interaction_vs_self	significant	down	FALSE	3013	map03013	ko,map
map00440	map00440	2/598	5/2403	0.4	1.60735785953177	0.782354453419324	0.364771463049746	0.99993776974141	0.969194503240762	TRINITY_DN2385_c0_g1/TRINITY_DN3212_c0_g1	2	interaction_vs_self	significant	down	FALSE	440	map00440	ko,map
map00660	map00660	2/598	5/2403	0.4	1.60735785953177	0.782354453419324	0.364771463049746	0.99993776974141	0.969194503240762	TRINITY_DN14021_c1_g1/TRINITY_DN1538_c0_g1	2	interaction_vs_self	significant	down	FALSE	660	map00660	ko,map
map01120	map01120	76/598	294/2403	0.258503401360544	1.03876868473142	0.408333426528486	0.365265505836482	0.99993776974141	0.969194503240762	TRINITY_DN1001_c0_g1/TRINITY_DN10839_c0_g1/TRINITY_DN10865_c0_g1/TRINITY_DN11007_c0_g1/TRINITY_DN1110_c0_g1/TRINITY_DN1173_c0_g1/TRINITY_DN12404_c0_g1/TRINITY_DN127_c0_g1/TRINITY_DN14088_c0_g1/TRINITY_DN1567_c0_g1/TRINITY_DN15894_c0_g1/TRINITY_DN1597_c0_g1/TRINITY_DN15990_c0_g1/TRINITY_DN1613_c0_g1/TRINITY_DN16303_c0_g1/TRINITY_DN1685_c0_g1/TRINITY_DN1726_c0_g1/TRINITY_DN1766_c0_g1/TRINITY_DN17929_c0_g1/TRINITY_DN183_c0_g1/TRINITY_DN18445_c0_g1/TRINITY_DN1961_c0_g1/TRINITY_DN1989_c0_g1/TRINITY_DN1992_c0_g1/TRINITY_DN2150_c0_g1/TRINITY_DN227_c0_g1/TRINITY_DN2349_c0_g1/TRINITY_DN2413_c0_g1/TRINITY_DN2526_c0_g1/TRINITY_DN2526_c0_g2/TRINITY_DN2609_c0_g1/TRINITY_DN2660_c0_g1/TRINITY_DN2666_c0_g1/TRINITY_DN2677_c0_g1/TRINITY_DN2731_c0_g1/TRINITY_DN2787_c0_g1/TRINITY_DN2810_c0_g1/TRINITY_DN2952_c0_g1/TRINITY_DN3050_c0_g1/TRINITY_DN3079_c0_g1/TRINITY_DN3101_c0_g1/TRINITY_DN3108_c0_g1/TRINITY_DN3331_c0_g1/TRINITY_DN3356_c0_g1/TRINITY_DN3726_c0_g1/TRINITY_DN3823_c0_g1/TRINITY_DN3997_c0_g1/TRINITY_DN4003_c0_g1/TRINITY_DN4024_c0_g1/TRINITY_DN4118_c0_g1/TRINITY_DN4176_c0_g1/TRINITY_DN4181_c0_g1/TRINITY_DN4287_c0_g1/TRINITY_DN448_c0_g1/TRINITY_DN4550_c0_g1/TRINITY_DN4654_c0_g1/TRINITY_DN4691_c0_g1/TRINITY_DN4960_c0_g1/TRINITY_DN4989_c0_g1/TRINITY_DN5013_c0_g1/TRINITY_DN5237_c0_g1/TRINITY_DN5321_c1_g1/TRINITY_DN5398_c0_g1/TRINITY_DN5889_c0_g1/TRINITY_DN6645_c0_g1/TRINITY_DN6741_c1_g1/TRINITY_DN693_c0_g1/TRINITY_DN75_c1_g1/TRINITY_DN8_c0_g1/TRINITY_DN8475_c0_g1/TRINITY_DN855_c0_g1/TRINITY_DN898_c0_g1/TRINITY_DN925_c0_g1/TRINITY_DN943_c0_g1/TRINITY_DN968_c0_g1/TRINITY_DN99_c0_g1	76	interaction_vs_self	significant	down	FALSE	1120	map01120	ko,map
map04015	map04015	5/598	16/2403	0.3125	1.2557483277592	0.590670219300933	0.365492171388139	0.99993776974141	0.969194503240762	TRINITY_DN1052_c0_g1/TRINITY_DN1375_c0_g1/TRINITY_DN1661_c0_g1/TRINITY_DN2648_c0_g1/TRINITY_DN4401_c0_g1	5	interaction_vs_self	significant	down	FALSE	4015	map04015	ko,map
map05167	map05167	5/598	16/2403	0.3125	1.2557483277592	0.590670219300933	0.365492171388139	0.99993776974141	0.969194503240762	TRINITY_DN1052_c0_g1/TRINITY_DN2031_c0_g1/TRINITY_DN2648_c0_g1/TRINITY_DN4556_c0_g1/TRINITY_DN5398_c0_g1	5	interaction_vs_self	significant	down	FALSE	5167	map05167	ko,map
map05210	map05210	5/598	16/2403	0.3125	1.2557483277592	0.590670219300933	0.365492171388139	0.99993776974141	0.969194503240762	TRINITY_DN2648_c0_g1/TRINITY_DN4401_c0_g1/TRINITY_DN4556_c0_g1/TRINITY_DN5398_c0_g1/TRINITY_DN8927_c0_g1	5	interaction_vs_self	significant	down	FALSE	5210	map05210	ko,map
map00410	map00410	10/598	35/2403	0.285714285714286	1.14811275680841	0.507965397280975	0.367057826438946	0.99993776974141	0.969194503240762	TRINITY_DN14263_c0_g1/TRINITY_DN1538_c0_g4/TRINITY_DN17878_c0_g1/TRINITY_DN2150_c0_g1/TRINITY_DN2153_c0_g1/TRINITY_DN3356_c0_g1/TRINITY_DN4960_c0_g1/TRINITY_DN749_c0_g1/TRINITY_DN8833_c0_g1/TRINITY_DN9126_c0_g1	10	interaction_vs_self	significant	down	FALSE	410	map00410	ko,map
map00590	map00590	3/598	9/2403	0.333333333333333	1.33946488294314	0.587154678889665	0.396109075754502	0.99993776974141	0.969194503240762	TRINITY_DN1125_c0_g1/TRINITY_DN3882_c0_g1/TRINITY_DN4643_c0_g1	3	interaction_vs_self	significant	down	FALSE	590	map00590	ko,map
map04978	map04978	3/598	9/2403	0.333333333333333	1.33946488294314	0.587154678889665	0.396109075754502	0.99993776974141	0.969194503240762	TRINITY_DN4176_c0_g1/TRINITY_DN6794_c3_g1/TRINITY_DN7967_c1_g1	3	interaction_vs_self	significant	down	FALSE	4978	map04978	ko,map
map04912	map04912	5/598	17/2403	0.294117647058824	1.18188077906748	0.433086391238547	0.421717349508172	0.99993776974141	0.969194503240762	TRINITY_DN1052_c0_g1/TRINITY_DN1766_c0_g1/TRINITY_DN2648_c0_g1/TRINITY_DN3882_c0_g1/TRINITY_DN898_c0_g1	5	interaction_vs_self	significant	down	FALSE	4912	map04912	ko,map
map00860	map00860	6/598	21/2403	0.285714285714286	1.14811275680841	0.392310312767188	0.428526743459052	0.99993776974141	0.969194503240762	TRINITY_DN3108_c0_g1/TRINITY_DN3762_c0_g1/TRINITY_DN3985_c0_g1/TRINITY_DN4003_c0_g1/TRINITY_DN890_c0_g1/TRINITY_DN925_c0_g1	6	interaction_vs_self	significant	down	FALSE	860	map00860	ko,map
map00950	map00950	6/598	21/2403	0.285714285714286	1.14811275680841	0.392310312767188	0.428526743459052	0.99993776974141	0.969194503240762	TRINITY_DN10865_c0_g1/TRINITY_DN14263_c0_g1/TRINITY_DN4916_c0_g1/TRINITY_DN8833_c0_g1/TRINITY_DN9126_c0_g1/TRINITY_DN99_c0_g1	6	interaction_vs_self	significant	down	FALSE	950	map00950	ko,map
map05166	map05166	16/598	61/2403	0.262295081967213	1.05400515379133	0.245869789669059	0.452398739879361	0.99993776974141	0.969194503240762	TRINITY_DN10690_c0_g1/TRINITY_DN11199_c0_g1/TRINITY_DN1146_c0_g1/TRINITY_DN1242_c0_g1/TRINITY_DN1452_c0_g1/TRINITY_DN1461_c0_g1/TRINITY_DN1906_c0_g1/TRINITY_DN2075_c0_g1/TRINITY_DN2151_c0_g1/TRINITY_DN2233_c0_g1/TRINITY_DN2648_c0_g1/TRINITY_DN2743_c0_g1/TRINITY_DN3_c0_g1/TRINITY_DN418_c0_g1/TRINITY_DN4419_c0_g1/TRINITY_DN995_c0_g1	16	interaction_vs_self	significant	down	FALSE	5166	map05166	ko,map
map04550	map04550	2/598	6/2403	0.333333333333333	1.33946488294314	0.479109687736065	0.463467603532807	0.99993776974141	0.969194503240762	TRINITY_DN15855_c0_g1/TRINITY_DN2648_c0_g1	2	interaction_vs_self	significant	down	FALSE	4550	map04550	ko,map
map05221	map05221	2/598	6/2403	0.333333333333333	1.33946488294314	0.479109687736065	0.463467603532807	0.99993776974141	0.969194503240762	TRINITY_DN2648_c0_g1/TRINITY_DN4556_c0_g1	2	interaction_vs_self	significant	down	FALSE	5221	map05221	ko,map
map05222	map05222	2/598	6/2403	0.333333333333333	1.33946488294314	0.479109687736065	0.463467603532807	0.99993776974141	0.969194503240762	TRINITY_DN5398_c0_g1/TRINITY_DN87_c0_g1	2	interaction_vs_self	significant	down	FALSE	5222	map05222	ko,map
map04115	map04115	3/598	10/2403	0.3	1.20551839464883	0.374781236742535	0.471117802893885	0.99993776974141	0.969194503240762	TRINITY_DN3_c0_g1/TRINITY_DN345_c0_g2/TRINITY_DN5398_c0_g1	3	interaction_vs_self	significant	down	FALSE	4115	map04115	ko,map
map04122	map04122	3/598	10/2403	0.3	1.20551839464883	0.374781236742535	0.471117802893885	0.99993776974141	0.969194503240762	TRINITY_DN3081_c0_g1/TRINITY_DN4480_c0_g1/TRINITY_DN899_c0_g1	3	interaction_vs_self	significant	down	FALSE	4122	map04122	ko,map
map04920	map04920	3/598	10/2403	0.3	1.20551839464883	0.374781236742535	0.471117802893885	0.99993776974141	0.969194503240762	TRINITY_DN1416_c0_g1/TRINITY_DN2051_c0_g1/TRINITY_DN4556_c0_g1	3	interaction_vs_self	significant	down	FALSE	4920	map04920	ko,map
map05214	map05214	3/598	10/2403	0.3	1.20551839464883	0.374781236742535	0.471117802893885	0.99993776974141	0.969194503240762	TRINITY_DN1052_c0_g1/TRINITY_DN2648_c0_g1/TRINITY_DN4556_c0_g1	3	interaction_vs_self	significant	down	FALSE	5214	map05214	ko,map
map04918	map04918	4/598	14/2403	0.285714285714286	1.14811275680841	0.319850400508647	0.474798186950422	0.99993776974141	0.969194503240762	TRINITY_DN1125_c0_g1/TRINITY_DN2151_c0_g1/TRINITY_DN4569_c0_g1/TRINITY_DN6594_c0_g2	4	interaction_vs_self	significant	down	FALSE	4918	map04918	ko,map
map04722	map04722	5/598	18/2403	0.277777777777778	1.11622073578595	0.28482241984374	0.476969127645922	0.99993776974141	0.969194503240762	TRINITY_DN1052_c0_g1/TRINITY_DN1170_c0_g2/TRINITY_DN2648_c0_g1/TRINITY_DN4401_c0_g1/TRINITY_DN898_c0_g1	5	interaction_vs_self	significant	down	FALSE	4722	map04722	ko,map
map02020	map02020	6/598	22/2403	0.272727272727273	1.09592581331712	0.260115135312702	0.478391448626626	0.99993776974141	0.969194503240762	TRINITY_DN1191_c0_g1/TRINITY_DN160_c0_g1/TRINITY_DN3116_c0_g1/TRINITY_DN3985_c0_g1/TRINITY_DN5321_c1_g1/TRINITY_DN5398_c0_g1	6	interaction_vs_self	significant	down	FALSE	2020	map02020	ko,map
map05231	map05231	7/598	26/2403	0.269230769230769	1.08187548237715	0.241559679781069	0.479383323819754	0.99993776974141	0.969194503240762	TRINITY_DN12262_c0_g1/TRINITY_DN1766_c0_g1/TRINITY_DN2648_c0_g1/TRINITY_DN3212_c0_g1/TRINITY_DN3882_c0_g1/TRINITY_DN4556_c0_g1/TRINITY_DN701_c2_g1	7	interaction_vs_self	significant	down	FALSE	5231	map05231	ko,map
map05203	map05203	13/598	50/2403	0.26	1.04478260869565	0.184154322726262	0.481774045656805	0.99993776974141	0.969194503240762	TRINITY_DN11199_c0_g1/TRINITY_DN1170_c0_g2/TRINITY_DN1336_c0_g1/TRINITY_DN14175_c0_g1/TRINITY_DN183_c0_g1/TRINITY_DN1906_c0_g1/TRINITY_DN2233_c0_g1/TRINITY_DN2648_c0_g1/TRINITY_DN2829_c0_g1/TRINITY_DN3_c0_g1/TRINITY_DN4401_c0_g1/TRINITY_DN4414_c0_g1/TRINITY_DN8861_c0_g1	13	interaction_vs_self	significant	down	FALSE	5203	map05203	ko,map
map00520	map00520	16/598	62/2403	0.258064516129032	1.03700507066566	0.169884934154042	0.482083055263042	0.99993776974141	0.969194503240762	TRINITY_DN11058_c0_g1/TRINITY_DN1313_c0_g1/TRINITY_DN16409_c0_g1/TRINITY_DN1911_c0_g1/TRINITY_DN2349_c0_g1/TRINITY_DN243_c0_g1/TRINITY_DN3396_c0_g1/TRINITY_DN3578_c0_g1/TRINITY_DN370_c0_g1/TRINITY_DN3841_c0_g1/TRINITY_DN3997_c0_g1/TRINITY_DN4125_c0_g1/TRINITY_DN4436_c0_g1/TRINITY_DN4615_c0_g1/TRINITY_DN4680_c0_g1/TRINITY_DN54_c1_g1	16	interaction_vs_self	significant	down	FALSE	520	map00520	ko,map
map04113	map04113	19/598	74/2403	0.256756756756757	1.03174997740215	0.15965150854095	0.482167728938799	0.99993776974141	0.969194503240762	TRINITY_DN10839_c0_g1/TRINITY_DN10866_c0_g1/TRINITY_DN11199_c0_g1/TRINITY_DN12384_c0_g1/TRINITY_DN12501_c0_g1/TRINITY_DN1361_c1_g1/TRINITY_DN14024_c0_g1/TRINITY_DN15939_c0_g1/TRINITY_DN165_c0_g1/TRINITY_DN1790_c0_g1/TRINITY_DN18341_c0_g1/TRINITY_DN1913_c0_g1/TRINITY_DN222_c0_g1/TRINITY_DN2743_c0_g1/TRINITY_DN3_c0_g1/TRINITY_DN4627_c0_g1/TRINITY_DN464_c1_g1/TRINITY_DN8771_c0_g1/TRINITY_DN989_c0_g1	19	interaction_vs_self	significant	down	FALSE	4113	map04113	ko,map
map00640	map00640	8/598	31/2403	0.258064516129032	1.03700507066566	0.119339230411504	0.521867153398799	0.99993776974141	0.969194503240762	TRINITY_DN1387_c0_g1/TRINITY_DN1567_c0_g1/TRINITY_DN2150_c0_g1/TRINITY_DN3356_c0_g1/TRINITY_DN4024_c0_g1/TRINITY_DN6645_c0_g1/TRINITY_DN8475_c0_g1/TRINITY_DN943_c0_g1	8	interaction_vs_self	significant	down	FALSE	640	map00640	ko,map
map05132	map05132	6/598	23/2403	0.260869565217391	1.04827686491203	0.133879163223064	0.526877627592097	0.99993776974141	0.969194503240762	TRINITY_DN12262_c0_g1/TRINITY_DN1375_c0_g1/TRINITY_DN1661_c0_g1/TRINITY_DN1878_c0_g1/TRINITY_DN3670_c0_g1/TRINITY_DN701_c2_g1	6	interaction_vs_self	significant	down	FALSE	5132	map05132	ko,map
map04020	map04020	4/598	15/2403	0.266666666666667	1.07157190635452	0.160018260016616	0.534948610999905	0.99993776974141	0.969194503240762	TRINITY_DN1052_c0_g1/TRINITY_DN1242_c0_g1/TRINITY_DN1461_c0_g1/TRINITY_DN7_c1_g1	4	interaction_vs_self	significant	down	FALSE	4020	map04020	ko,map
map04520	map04520	4/598	15/2403	0.266666666666667	1.07157190635452	0.160018260016616	0.534948610999905	0.99993776974141	0.969194503240762	TRINITY_DN12262_c0_g1/TRINITY_DN1375_c0_g1/TRINITY_DN4401_c0_g1/TRINITY_DN701_c2_g1	4	interaction_vs_self	significant	down	FALSE	4520	map04520	ko,map
map05161	map05161	4/598	15/2403	0.266666666666667	1.07157190635452	0.160018260016616	0.534948610999905	0.99993776974141	0.969194503240762	TRINITY_DN14175_c0_g1/TRINITY_DN2075_c0_g1/TRINITY_DN2648_c0_g1/TRINITY_DN5398_c0_g1	4	interaction_vs_self	significant	down	FALSE	5161	map05161	ko,map
map00521	map00521	3/598	11/2403	0.272727272727273	1.09592581331712	0.183505774662534	0.54156582389086	0.99993776974141	0.969194503240762	TRINITY_DN2007_c0_g1/TRINITY_DN2349_c0_g1/TRINITY_DN886_c0_g1	3	interaction_vs_self	significant	down	FALSE	521	map00521	ko,map
map04216	map04216	3/598	11/2403	0.272727272727273	1.09592581331712	0.183505774662534	0.54156582389086	0.99993776974141	0.969194503240762	TRINITY_DN1242_c0_g1/TRINITY_DN3509_c0_g1/TRINITY_DN666_c0_g1	3	interaction_vs_self	significant	down	FALSE	4216	map04216	ko,map
map04270	map04270	3/598	11/2403	0.272727272727273	1.09592581331712	0.183505774662534	0.54156582389086	0.99993776974141	0.969194503240762	TRINITY_DN1052_c0_g1/TRINITY_DN3882_c0_g1/TRINITY_DN4401_c0_g1	3	interaction_vs_self	significant	down	FALSE	4270	map04270	ko,map
map04391	map04391	3/598	11/2403	0.272727272727273	1.09592581331712	0.183505774662534	0.54156582389086	0.99993776974141	0.969194503240762	TRINITY_DN1170_c0_g2/TRINITY_DN1375_c0_g1/TRINITY_DN3628_c0_g1	3	interaction_vs_self	significant	down	FALSE	4391	map04391	ko,map
map04972	map04972	3/598	11/2403	0.272727272727273	1.09592581331712	0.183505774662534	0.54156582389086	0.99993776974141	0.969194503240762	TRINITY_DN4401_c0_g1/TRINITY_DN7_c1_g1/TRINITY_DN7869_c0_g1	3	interaction_vs_self	significant	down	FALSE	4972	map04972	ko,map
map00564	map00564	12/598	48/2403	0.25	1.00459866220736	0.0185206047366254	0.548895924706284	0.99993776974141	0.969194503240762	TRINITY_DN16054_c0_g1/TRINITY_DN1613_c0_g1/TRINITY_DN1766_c0_g1/TRINITY_DN2009_c0_g1/TRINITY_DN2385_c0_g1/TRINITY_DN3044_c0_g1/TRINITY_DN320_c0_g1/TRINITY_DN3212_c0_g1/TRINITY_DN3345_c0_g1/TRINITY_DN3882_c0_g1/TRINITY_DN4570_c0_g1/TRINITY_DN761_c0_g1	12	interaction_vs_self	significant	down	FALSE	564	map00564	ko,map
map00120	map00120	2/598	7/2403	0.285714285714286	1.14811275680841	0.22583776597735	0.552454711923291	0.99993776974141	0.969194503240762	TRINITY_DN17911_c0_g1/TRINITY_DN3570_c0_g1	2	interaction_vs_self	significant	down	FALSE	120	map00120	ko,map
map04974	map04974	2/598	7/2403	0.285714285714286	1.14811275680841	0.22583776597735	0.552454711923291	0.99993776974141	0.969194503240762	TRINITY_DN18207_c1_g1/TRINITY_DN7869_c0_g1	2	interaction_vs_self	significant	down	FALSE	4974	map04974	ko,map
map04810	map04810	9/598	36/2403	0.25	1.00459866220736	0.0159986052104472	0.55824493415265	0.99993776974141	0.969194503240762	TRINITY_DN12262_c0_g1/TRINITY_DN1330_c0_g1/TRINITY_DN1375_c0_g1/TRINITY_DN1661_c0_g1/TRINITY_DN2369_c0_g1/TRINITY_DN2648_c0_g1/TRINITY_DN3670_c0_g1/TRINITY_DN4401_c0_g1/TRINITY_DN701_c2_g1	9	interaction_vs_self	significant	down	FALSE	4810	map04810	ko,map
map00100	map00100	8/598	32/2403	0.25	1.00459866220736	0.0150709008414562	0.56239428761337	0.99993776974141	0.969194503240762	TRINITY_DN14212_c0_g1/TRINITY_DN18164_c0_g1/TRINITY_DN2087_c0_g1/TRINITY_DN3093_c0_g1/TRINITY_DN4236_c0_g1/TRINITY_DN4772_c0_g1/TRINITY_DN6655_c0_g1/TRINITY_DN6655_c0_g2	8	interaction_vs_self	significant	down	FALSE	100	map00100	ko,map
map04152	map04152	8/598	32/2403	0.25	1.00459866220736	0.0150709008414562	0.56239428761337	0.99993776974141	0.969194503240762	TRINITY_DN1182_c0_g1/TRINITY_DN1387_c0_g1/TRINITY_DN1416_c0_g1/TRINITY_DN2051_c0_g1/TRINITY_DN227_c0_g1/TRINITY_DN2705_c0_g1/TRINITY_DN4556_c0_g1/TRINITY_DN8377_c0_g1	8	interaction_vs_self	significant	down	FALSE	4152	map04152	ko,map
map03020	map03020	7/598	28/2403	0.25	1.00459866220736	0.0140856602519155	0.56734819490119	0.99993776974141	0.969194503240762	TRINITY_DN1057_c0_g1/TRINITY_DN1185_c0_g1/TRINITY_DN1193_c0_g1/TRINITY_DN1386_c0_g1/TRINITY_DN3665_c0_g1/TRINITY_DN6941_c0_g1/TRINITY_DN6998_c0_g1	7	interaction_vs_self	significant	down	FALSE	3020	map03020	ko,map
map02010	map02010	6/598	24/2403	0.25	1.00459866220736	0.0130298195163027	0.573421643086403	0.99993776974141	0.969194503240762	TRINITY_DN1382_c0_g1/TRINITY_DN1426_c0_g1/TRINITY_DN158_c0_g1/TRINITY_DN4228_c0_g1/TRINITY_DN4336_c0_g1/TRINITY_DN8968_c0_g1	6	interaction_vs_self	significant	down	FALSE	2010	map02010	ko,map
map03430	map03430	6/598	24/2403	0.25	1.00459866220736	0.0130298195163027	0.573421643086403	0.99993776974141	0.969194503240762	TRINITY_DN1146_c0_g1/TRINITY_DN1516_c0_g1/TRINITY_DN1689_c0_g1/TRINITY_DN2075_c0_g1/TRINITY_DN8927_c0_g1/TRINITY_DN8941_c0_g1	6	interaction_vs_self	significant	down	FALSE	3430	map03430	ko,map
map04217	map04217	6/598	24/2403	0.25	1.00459866220736	0.0130298195163027	0.573421643086403	0.99993776974141	0.969194503240762	TRINITY_DN1242_c0_g1/TRINITY_DN1461_c0_g1/TRINITY_DN1819_c0_g1/TRINITY_DN2997_c0_g1/TRINITY_DN3882_c0_g1/TRINITY_DN5321_c1_g1	6	interaction_vs_self	significant	down	FALSE	4217	map04217	ko,map
map00061	map00061	4/598	16/2403	0.25	1.00459866220736	0.0106209602162815	0.591434090870493	0.99993776974141	0.969194503240762	TRINITY_DN12361_c0_g1/TRINITY_DN1387_c0_g1/TRINITY_DN2900_c0_g1/TRINITY_DN4139_c0_g1	4	interaction_vs_self	significant	down	FALSE	61	map00061	ko,map
map04214	map04214	4/598	16/2403	0.25	1.00459866220736	0.0106209602162815	0.591434090870493	0.99993776974141	0.969194503240762	TRINITY_DN2648_c0_g1/TRINITY_DN275_c0_g1/TRINITY_DN5398_c0_g1/TRINITY_DN958_c0_g1	4	interaction_vs_self	significant	down	FALSE	4214	map04214	ko,map
map00513	map00513	8/598	33/2403	0.242424242424242	0.974156278504105	-0.086027309301605	0.601360503271858	0.99993776974141	0.969194503240762	TRINITY_DN1242_c0_g1/TRINITY_DN1270_c0_g1/TRINITY_DN1502_c0_g1/TRINITY_DN2051_c0_g1/TRINITY_DN2452_c0_g1/TRINITY_DN3410_c0_g1/TRINITY_DN6302_c0_g1/TRINITY_DN7198_c0_g1	8	interaction_vs_self	significant	down	FALSE	513	map00513	ko,map
map05133	map05133	3/598	12/2403	0.25	1.00459866220736	0.00919032426953144	0.606251165355335	0.99993776974141	0.969194503240762	TRINITY_DN1052_c0_g1/TRINITY_DN1330_c0_g1/TRINITY_DN4401_c0_g1	3	interaction_vs_self	significant	down	FALSE	5133	map05133	ko,map
map04022	map04022	5/598	21/2403	0.238095238095238	0.956760630673674	-0.11452930098526	0.628826452918009	0.99993776974141	0.969194503240762	TRINITY_DN1052_c0_g1/TRINITY_DN1242_c0_g1/TRINITY_DN1461_c0_g1/TRINITY_DN4401_c0_g1/TRINITY_DN7_c1_g1	5	interaction_vs_self	significant	down	FALSE	4022	map04022	ko,map
map05100	map05100	5/598	21/2403	0.238095238095238	0.956760630673674	-0.11452930098526	0.628826452918009	0.99993776974141	0.969194503240762	TRINITY_DN12262_c0_g1/TRINITY_DN1375_c0_g1/TRINITY_DN3670_c0_g1/TRINITY_DN4401_c0_g1/TRINITY_DN701_c2_g1	5	interaction_vs_self	significant	down	FALSE	5100	map05100	ko,map
map04612	map04612	2/598	8/2403	0.25	1.00459866220736	0.00749759944673592	0.630448421280559	0.99993776974141	0.969194503240762	TRINITY_DN2151_c0_g1/TRINITY_DN6594_c0_g3	2	interaction_vs_self	significant	down	FALSE	4612	map04612	ko,map
map04917	map04917	2/598	8/2403	0.25	1.00459866220736	0.00749759944673592	0.630448421280559	0.99993776974141	0.969194503240762	TRINITY_DN243_c0_g1/TRINITY_DN2648_c0_g1	2	interaction_vs_self	significant	down	FALSE	4917	map04917	ko,map
map05212	map05212	2/598	8/2403	0.25	1.00459866220736	0.00749759944673592	0.630448421280559	0.99993776974141	0.969194503240762	TRINITY_DN2648_c0_g1/TRINITY_DN4556_c0_g1	2	interaction_vs_self	significant	down	FALSE	5212	map05212	ko,map
map04218	map04218	8/598	34/2403	0.235294117647059	0.945504623253984	-0.184168384238655	0.638505513135206	0.99993776974141	0.969194503240762	TRINITY_DN1052_c0_g1/TRINITY_DN1242_c0_g1/TRINITY_DN1452_c0_g1/TRINITY_DN1461_c0_g1/TRINITY_DN2648_c0_g1/TRINITY_DN2997_c0_g1/TRINITY_DN3_c0_g1/TRINITY_DN4556_c0_g1	8	interaction_vs_self	significant	down	FALSE	4218	map04218	ko,map
map05206	map05206	7/598	30/2403	0.233333333333333	0.937625418060201	-0.197841727940741	0.647795252114323	0.99993776974141	0.969194503240762	TRINITY_DN1426_c0_g1/TRINITY_DN2602_c0_g1/TRINITY_DN2648_c0_g1/TRINITY_DN3640_c0_g1/TRINITY_DN4401_c0_g1/TRINITY_DN4556_c0_g1/TRINITY_DN898_c0_g1	7	interaction_vs_self	significant	down	FALSE	5206	map05206	ko,map
map03460	map03460	6/598	26/2403	0.230769230769231	0.927321842037561	-0.214424539004405	0.659044117771193	0.99993776974141	0.969194503240762	TRINITY_DN1689_c0_g1/TRINITY_DN17687_c0_g1/TRINITY_DN17793_c0_g1/TRINITY_DN4006_c0_g1/TRINITY_DN4357_c0_g1/TRINITY_DN559_c0_g1	6	interaction_vs_self	significant	down	FALSE	3460	map03460	ko,map
map05205	map05205	6/598	26/2403	0.230769230769231	0.927321842037561	-0.214424539004405	0.659044117771193	0.99993776974141	0.969194503240762	TRINITY_DN1375_c0_g1/TRINITY_DN2648_c0_g1/TRINITY_DN3232_c0_g1/TRINITY_DN394_c0_g1/TRINITY_DN4401_c0_g1/TRINITY_DN4556_c0_g1	6	interaction_vs_self	significant	down	FALSE	5205	map05205	ko,map
map00592	map00592	3/598	13/2403	0.230769230769231	0.927321842037561	-0.151208124821883	0.664557249807127	0.99993776974141	0.969194503240762	TRINITY_DN15847_c0_g1/TRINITY_DN3881_c0_g1/TRINITY_DN3882_c0_g1	3	interaction_vs_self	significant	down	FALSE	592	map00592	ko,map
map01521	map01521	3/598	13/2403	0.230769230769231	0.927321842037561	-0.151208124821883	0.664557249807127	0.99993776974141	0.969194503240762	TRINITY_DN2648_c0_g1/TRINITY_DN3119_c0_g1/TRINITY_DN4556_c0_g1	3	interaction_vs_self	significant	down	FALSE	1521	map01521	ko,map
map04144	map04144	19/598	82/2403	0.231707317073171	0.931091443021454	-0.365376828507989	0.684194993717979	0.99993776974141	0.969194503240762	TRINITY_DN12262_c0_g1/TRINITY_DN1766_c0_g1/TRINITY_DN17715_c0_g1/TRINITY_DN17886_c0_g1/TRINITY_DN241_c0_g1/TRINITY_DN2825_c0_g1/TRINITY_DN2996_c0_g1/TRINITY_DN3317_c0_g1/TRINITY_DN3670_c0_g1/TRINITY_DN4401_c0_g1/TRINITY_DN4673_c0_g1/TRINITY_DN5262_c0_g1/TRINITY_DN57_c0_g1/TRINITY_DN6594_c0_g3/TRINITY_DN701_c2_g1/TRINITY_DN7955_c0_g1/TRINITY_DN834_c0_g1/TRINITY_DN8866_c0_g1/TRINITY_DN8927_c0_g1	19	interaction_vs_self	significant	down	FALSE	4144	map04144	ko,map
map00310	map00310	10/598	44/2403	0.227272727272727	0.913271511097598	-0.334135514158081	0.687155714656116	0.99993776974141	0.969194503240762	TRINITY_DN1252_c0_g1/TRINITY_DN17878_c0_g1/TRINITY_DN18292_c0_g1/TRINITY_DN3331_c0_g1/TRINITY_DN3356_c0_g1/TRINITY_DN3861_c0_g1/TRINITY_DN4675_c0_g1/TRINITY_DN4960_c0_g1/TRINITY_DN5237_c0_g1/TRINITY_DN8812_c0_g1	10	interaction_vs_self	significant	down	FALSE	310	map00310	ko,map
map04150	map04150	10/598	44/2403	0.227272727272727	0.913271511097598	-0.334135514158081	0.687155714656116	0.99993776974141	0.969194503240762	TRINITY_DN2648_c0_g1/TRINITY_DN2743_c0_g1/TRINITY_DN3119_c0_g1/TRINITY_DN3232_c0_g1/TRINITY_DN3631_c0_g1/TRINITY_DN4348_c0_g1/TRINITY_DN4357_c0_g1/TRINITY_DN4401_c0_g1/TRINITY_DN4556_c0_g1/TRINITY_DN8377_c0_g1	10	interaction_vs_self	significant	down	FALSE	4150	map04150	ko,map
map04111	map04111	23/598	99/2403	0.232323232323232	0.933566433566434	-0.388474412131763	0.689064676520984	0.99993776974141	0.969194503240762	TRINITY_DN10709_c0_g1/TRINITY_DN10866_c0_g1/TRINITY_DN11199_c0_g1/TRINITY_DN12289_c0_g1/TRINITY_DN12384_c0_g1/TRINITY_DN12501_c0_g1/TRINITY_DN1361_c1_g1/TRINITY_DN14024_c0_g1/TRINITY_DN15939_c0_g1/TRINITY_DN18341_c0_g1/TRINITY_DN1913_c0_g1/TRINITY_DN1972_c0_g2/TRINITY_DN222_c0_g1/TRINITY_DN2743_c0_g1/TRINITY_DN3_c0_g1/TRINITY_DN334_c0_g1/TRINITY_DN3628_c0_g1/TRINITY_DN4419_c0_g1/TRINITY_DN464_c1_g1/TRINITY_DN494_c0_g1/TRINITY_DN546_c0_g1/TRINITY_DN814_c0_g1/TRINITY_DN8771_c0_g1	23	interaction_vs_self	significant	down	FALSE	4111	map04111	ko,map
map03060	map03060	4/598	18/2403	0.222222222222222	0.892976588628763	-0.262282516115099	0.691279054968102	0.99993776974141	0.969194503240762	TRINITY_DN4199_c0_g1/TRINITY_DN4305_c0_g1/TRINITY_DN6594_c0_g2/TRINITY_DN8854_c0_g1	4	interaction_vs_self	significant	down	FALSE	3060	map03060	ko,map
map01522	map01522	2/598	9/2403	0.222222222222222	0.892976588628763	-0.185112805167185	0.69740252000229	0.99993776974141	0.969194503240762	TRINITY_DN2648_c0_g1/TRINITY_DN4556_c0_g1	2	interaction_vs_self	significant	down	FALSE	1522	map01522	ko,map
map04012	map04012	2/598	9/2403	0.222222222222222	0.892976588628763	-0.185112805167185	0.69740252000229	0.99993776974141	0.969194503240762	TRINITY_DN2648_c0_g1/TRINITY_DN4556_c0_g1	2	interaction_vs_self	significant	down	FALSE	4012	map04012	ko,map
map04750	map04750	2/598	9/2403	0.222222222222222	0.892976588628763	-0.185112805167185	0.69740252000229	0.99993776974141	0.969194503240762	TRINITY_DN1052_c0_g1/TRINITY_DN3882_c0_g1	2	interaction_vs_self	significant	down	FALSE	4750	map04750	ko,map
map05224	map05224	2/598	9/2403	0.222222222222222	0.892976588628763	-0.185112805167185	0.69740252000229	0.99993776974141	0.969194503240762	TRINITY_DN2648_c0_g1/TRINITY_DN4556_c0_g1	2	interaction_vs_self	significant	down	FALSE	5224	map05224	ko,map
map00400	map00400	6/598	27/2403	0.222222222222222	0.892976588628763	-0.321836980003532	0.697591448404443	0.99993776974141	0.969194503240762	TRINITY_DN10865_c0_g1/TRINITY_DN2759_c0_g1/TRINITY_DN3016_c0_g1/TRINITY_DN592_c0_g1/TRINITY_DN886_c0_g1/TRINITY_DN99_c0_g1	6	interaction_vs_self	significant	down	FALSE	400	map00400	ko,map
map05164	map05164	6/598	27/2403	0.222222222222222	0.892976588628763	-0.321836980003532	0.697591448404443	0.99993776974141	0.969194503240762	TRINITY_DN1375_c0_g1/TRINITY_DN3663_c0_g1/TRINITY_DN4419_c0_g1/TRINITY_DN5398_c0_g1/TRINITY_DN6594_c0_g3/TRINITY_DN7869_c0_g1	6	interaction_vs_self	significant	down	FALSE	5164	map05164	ko,map
map05168	map05168	6/598	27/2403	0.222222222222222	0.892976588628763	-0.321836980003532	0.697591448404443	0.99993776974141	0.969194503240762	TRINITY_DN1286_c0_g1/TRINITY_DN13257_c0_g1/TRINITY_DN227_c0_g1/TRINITY_DN3756_c0_g1/TRINITY_DN4419_c0_g1/TRINITY_DN5398_c0_g1	6	interaction_vs_self	significant	down	FALSE	5168	map05168	ko,map
map00280	map00280	11/598	49/2403	0.224489795918367	0.902088594635179	-0.398498403105693	0.707500482833813	0.99993776974141	0.969194503240762	TRINITY_DN1197_c0_g1/TRINITY_DN1309_c0_g1/TRINITY_DN14573_c0_g1/TRINITY_DN16377_c0_g1/TRINITY_DN1984_c0_g1/TRINITY_DN2150_c0_g1/TRINITY_DN3356_c0_g1/TRINITY_DN4862_c0_g1/TRINITY_DN4960_c0_g1/TRINITY_DN8475_c0_g1/TRINITY_DN8802_c0_g1	11	interaction_vs_self	significant	down	FALSE	280	map00280	ko,map
map03440	map03440	5/598	23/2403	0.217391304347826	0.873564054093355	-0.35062630247727	0.713681602088634	0.99993776974141	0.969194503240762	TRINITY_DN1146_c0_g1/TRINITY_DN1689_c0_g1/TRINITY_DN1906_c0_g1/TRINITY_DN4006_c0_g1/TRINITY_DN559_c0_g1	5	interaction_vs_self	significant	down	FALSE	3440	map03440	ko,map
map04390	map04390	3/598	14/2403	0.214285714285714	0.861084567606307	-0.299988722412546	0.716309721495319	0.99993776974141	0.969194503240762	TRINITY_DN1170_c0_g2/TRINITY_DN1375_c0_g1/TRINITY_DN3628_c0_g1	3	interaction_vs_self	significant	down	FALSE	4390	map04390	ko,map
map04910	map04910	7/598	32/2403	0.21875	0.879023829431438	-0.396467448272402	0.718720679028384	0.99993776974141	0.969194503240762	TRINITY_DN1052_c0_g1/TRINITY_DN1387_c0_g1/TRINITY_DN227_c0_g1/TRINITY_DN2349_c0_g1/TRINITY_DN2648_c0_g1/TRINITY_DN3119_c0_g1/TRINITY_DN4556_c0_g1	7	interaction_vs_self	significant	down	FALSE	4910	map04910	ko,map
map04014	map04014	6/598	28/2403	0.214285714285714	0.861084567606307	-0.425496697999419	0.733112335723512	0.99993776974141	0.969194503240762	TRINITY_DN1052_c0_g1/TRINITY_DN1766_c0_g1/TRINITY_DN2648_c0_g1/TRINITY_DN3882_c0_g1/TRINITY_DN4401_c0_g1/TRINITY_DN57_c0_g1	6	interaction_vs_self	significant	down	FALSE	4014	map04014	ko,map
map05226	map05226	4/598	19/2403	0.210526315789474	0.845977820806196	-0.387887182730858	0.734194954879662	0.99993776974141	0.969194503240762	TRINITY_DN1426_c0_g1/TRINITY_DN2648_c0_g1/TRINITY_DN4556_c0_g1/TRINITY_DN995_c0_g1	4	interaction_vs_self	significant	down	FALSE	5226	map05226	ko,map
map00900	map00900	5/598	24/2403	0.208333333333333	0.837165551839465	-0.461374063781817	0.750592117615537	0.99993776974141	0.969194503240762	TRINITY_DN1182_c0_g1/TRINITY_DN1197_c0_g1/TRINITY_DN1452_c0_g1/TRINITY_DN3512_c0_g1/TRINITY_DN778_c0_g2	5	interaction_vs_self	significant	down	FALSE	900	map00900	ko,map
map05131	map05131	5/598	24/2403	0.208333333333333	0.837165551839465	-0.461374063781817	0.750592117615537	0.99993776974141	0.969194503240762	TRINITY_DN12262_c0_g1/TRINITY_DN1375_c0_g1/TRINITY_DN1661_c0_g1/TRINITY_DN3670_c0_g1/TRINITY_DN701_c2_g1	5	interaction_vs_self	significant	down	FALSE	5131	map05131	ko,map
map05169	map05169	15/598	68/2403	0.220588235294118	0.88641058430061	-0.546823751257499	0.75072798894749	0.99993776974141	0.969194503240762	TRINITY_DN1077_c0_g1/TRINITY_DN1170_c0_g2/TRINITY_DN1185_c0_g1/TRINITY_DN1193_c0_g1/TRINITY_DN1386_c0_g1/TRINITY_DN2462_c0_g1/TRINITY_DN2799_c0_g1/TRINITY_DN2960_c0_g1/TRINITY_DN3665_c0_g1/TRINITY_DN3830_c0_g1/TRINITY_DN3957_c0_g1/TRINITY_DN418_c0_g1/TRINITY_DN5851_c0_g1/TRINITY_DN6594_c0_g3/TRINITY_DN6941_c0_g1	15	interaction_vs_self	significant	down	FALSE	5169	map05169	ko,map
map05145	map05145	2/598	10/2403	0.2	0.803678929765886	-0.358009090265042	0.753973699279391	0.99993776974141	0.969194503240762	TRINITY_DN5398_c0_g1/TRINITY_DN6594_c0_g3	2	interaction_vs_self	significant	down	FALSE	5145	map05145	ko,map
map05223	map05223	2/598	10/2403	0.2	0.803678929765886	-0.358009090265042	0.753973699279391	0.99993776974141	0.969194503240762	TRINITY_DN2648_c0_g1/TRINITY_DN87_c0_g1	2	interaction_vs_self	significant	down	FALSE	5223	map05223	ko,map
map00254	map00254	1/598	5/2403	0.2	0.803678929765886	-0.252886599205475	0.761209226665121	0.99993776974141	0.969194503240762	TRINITY_DN1387_c0_g1	1	interaction_vs_self	significant	down	FALSE	254	map00254	ko,map
map04320	map04320	1/598	5/2403	0.2	0.803678929765886	-0.252886599205475	0.761209226665121	0.99993776974141	0.969194503240762	TRINITY_DN2648_c0_g1	1	interaction_vs_self	significant	down	FALSE	4320	map04320	ko,map
map04913	map04913	1/598	5/2403	0.2	0.803678929765886	-0.252886599205475	0.761209226665121	0.99993776974141	0.969194503240762	TRINITY_DN3882_c0_g1	1	interaction_vs_self	significant	down	FALSE	4913	map04913	ko,map
map05216	map05216	1/598	5/2403	0.2	0.803678929765886	-0.252886599205475	0.761209226665121	0.99993776974141	0.969194503240762	TRINITY_DN2648_c0_g1	1	interaction_vs_self	significant	down	FALSE	5216	map05216	ko,map
map05218	map05218	1/598	5/2403	0.2	0.803678929765886	-0.252886599205475	0.761209226665121	0.99993776974141	0.969194503240762	TRINITY_DN2648_c0_g1	1	interaction_vs_self	significant	down	FALSE	5218	map05218	ko,map
map00565	map00565	3/598	15/2403	0.2	0.803678929765886	-0.438928591727821	0.761649999119173	0.99993776974141	0.969194503240762	TRINITY_DN1766_c0_g1/TRINITY_DN320_c0_g1/TRINITY_DN3882_c0_g1	3	interaction_vs_self	significant	down	FALSE	565	map00565	ko,map
map04138	map04138	16/598	73/2403	0.219178082191781	0.880744032620149	-0.595473007101999	0.765027785941999	0.99993776974141	0.969194503240762	TRINITY_DN10522_c0_g1/TRINITY_DN10839_c0_g1/TRINITY_DN15974_c0_g1/TRINITY_DN2031_c0_g1/TRINITY_DN2051_c0_g1/TRINITY_DN2153_c0_g1/TRINITY_DN2529_c0_g1/TRINITY_DN2648_c0_g1/TRINITY_DN3500_c0_g1/TRINITY_DN4419_c0_g1/TRINITY_DN4556_c0_g1/TRINITY_DN4627_c0_g1/TRINITY_DN57_c0_g1/TRINITY_DN5926_c0_g1/TRINITY_DN898_c0_g1/TRINITY_DN9057_c0_g1	16	interaction_vs_self	significant	down	FALSE	4138	map04138	ko,map
map04666	map04666	6/598	29/2403	0.206896551724138	0.831391996309538	-0.525696781889733	0.765576313362271	0.99993776974141	0.969194503240762	TRINITY_DN12262_c0_g1/TRINITY_DN1330_c0_g1/TRINITY_DN1766_c0_g1/TRINITY_DN3670_c0_g1/TRINITY_DN57_c0_g1/TRINITY_DN701_c2_g1	6	interaction_vs_self	significant	down	FALSE	4666	map04666	ko,map
map04922	map04922	4/598	20/2403	0.2	0.803678929765886	-0.50736251791971	0.772459682123585	0.99993776974141	0.969194503240762	TRINITY_DN1052_c0_g1/TRINITY_DN1387_c0_g1/TRINITY_DN183_c0_g1/TRINITY_DN3101_c0_g1	4	interaction_vs_self	significant	down	FALSE	4922	map04922	ko,map
map00360	map00360	12/598	56/2403	0.214285714285714	0.861084567606307	-0.605321994211828	0.773599496075289	0.99993776974141	0.969194503240762	TRINITY_DN1007_c0_g1/TRINITY_DN10865_c0_g1/TRINITY_DN11007_c0_g1/TRINITY_DN12404_c0_g1/TRINITY_DN14263_c0_g1/TRINITY_DN1482_c0_g1/TRINITY_DN2759_c0_g1/TRINITY_DN5013_c0_g1/TRINITY_DN8833_c0_g1/TRINITY_DN898_c0_g1/TRINITY_DN9126_c0_g1/TRINITY_DN99_c0_g1	12	interaction_vs_self	significant	down	FALSE	360	map00360	ko,map
map00350	map00350	11/598	52/2403	0.211538461538462	0.850045021867764	-0.629121801595984	0.782642218618447	0.99993776974141	0.969194503240762	TRINITY_DN10865_c0_g1/TRINITY_DN14263_c0_g1/TRINITY_DN2759_c0_g1/TRINITY_DN3331_c0_g1/TRINITY_DN4176_c0_g1/TRINITY_DN4287_c0_g1/TRINITY_DN4916_c0_g1/TRINITY_DN5237_c0_g1/TRINITY_DN8833_c0_g1/TRINITY_DN9126_c0_g1/TRINITY_DN99_c0_g1	11	interaction_vs_self	significant	down	FALSE	350	map00350	ko,map
map04976	map04976	5/598	25/2403	0.2	0.803678929765886	-0.56784457694958	0.783844163381514	0.99993776974141	0.969194503240762	TRINITY_DN1182_c0_g1/TRINITY_DN1426_c0_g1/TRINITY_DN17911_c0_g1/TRINITY_DN3570_c0_g1/TRINITY_DN677_c0_g1	5	interaction_vs_self	significant	down	FALSE	4976	map04976	ko,map
map04916	map04916	3/598	16/2403	0.1875	0.753448996655518	-0.56942829886837	0.800930593330407	0.99993776974141	0.969194503240762	TRINITY_DN1052_c0_g1/TRINITY_DN2648_c0_g1/TRINITY_DN4916_c0_g1	3	interaction_vs_self	significant	down	FALSE	4916	map04916	ko,map
map00130	map00130	2/598	11/2403	0.181818181818182	0.730617208878078	-0.515328419496053	0.801175449365731	0.99993776974141	0.969194503240762	TRINITY_DN5126_c0_g1/TRINITY_DN751_c0_g1	2	interaction_vs_self	significant	down	FALSE	130	map00130	ko,map
map04730	map04730	2/598	11/2403	0.181818181818182	0.730617208878078	-0.515328419496053	0.801175449365731	0.99993776974141	0.969194503240762	TRINITY_DN2648_c0_g1/TRINITY_DN3882_c0_g1	2	interaction_vs_self	significant	down	FALSE	4730	map04730	ko,map
map00983	map00983	7/598	35/2403	0.2	0.803678929765886	-0.673299941105654	0.805724642089217	0.99993776974141	0.969194503240762	TRINITY_DN1007_c0_g1/TRINITY_DN1204_c0_g1/TRINITY_DN1538_c0_g4/TRINITY_DN17821_c0_g1/TRINITY_DN2075_c0_g1/TRINITY_DN2275_c0_g1/TRINITY_DN345_c0_g2	7	interaction_vs_self	significant	down	FALSE	983	map00983	ko,map
map04114	map04114	7/598	35/2403	0.2	0.803678929765886	-0.673299941105654	0.805724642089217	0.99993776974141	0.969194503240762	TRINITY_DN1052_c0_g1/TRINITY_DN10866_c0_g1/TRINITY_DN11199_c0_g1/TRINITY_DN1170_c0_g2/TRINITY_DN1361_c1_g1/TRINITY_DN14024_c0_g1/TRINITY_DN2743_c0_g1	7	interaction_vs_self	significant	down	FALSE	4114	map04114	ko,map
map04380	map04380	1/598	6/2403	0.166666666666667	0.669732441471572	-0.466128883388537	0.820757551291583	0.99993776974141	0.969194503240762	TRINITY_DN2609_c0_g1	1	interaction_vs_self	significant	down	FALSE	4380	map04380	ko,map
map04630	map04630	1/598	6/2403	0.166666666666667	0.669732441471572	-0.466128883388537	0.820757551291583	0.99993776974141	0.969194503240762	TRINITY_DN4556_c0_g1	1	interaction_vs_self	significant	down	FALSE	4630	map04630	ko,map
map04659	map04659	1/598	6/2403	0.166666666666667	0.669732441471572	-0.466128883388537	0.820757551291583	0.99993776974141	0.969194503240762	TRINITY_DN4556_c0_g1	1	interaction_vs_self	significant	down	FALSE	4659	map04659	ko,map
map04970	map04970	1/598	6/2403	0.166666666666667	0.669732441471572	-0.466128883388537	0.820757551291583	0.99993776974141	0.969194503240762	TRINITY_DN1052_c0_g1	1	interaction_vs_self	significant	down	FALSE	4970	map04970	ko,map
map05020	map05020	1/598	6/2403	0.166666666666667	0.669732441471572	-0.466128883388537	0.820757551291583	0.99993776974141	0.969194503240762	TRINITY_DN6594_c0_g2	1	interaction_vs_self	significant	down	FALSE	5020	map05020	ko,map
map00730	map00730	3/598	17/2403	0.176470588235294	0.709128467440488	-0.692610307675709	0.834632586185291	0.99993776974141	0.969194503240762	TRINITY_DN1438_c0_g1/TRINITY_DN3620_c0_g1/TRINITY_DN971_c0_g1	3	interaction_vs_self	significant	down	FALSE	730	map00730	ko,map
map04724	map04724	3/598	17/2403	0.176470588235294	0.709128467440488	-0.692610307675709	0.834632586185291	0.99993776974141	0.969194503240762	TRINITY_DN1766_c0_g1/TRINITY_DN3882_c0_g1/TRINITY_DN5321_c1_g1	3	interaction_vs_self	significant	down	FALSE	4724	map04724	ko,map
map04621	map04621	4/598	22/2403	0.181818181818182	0.730617208878078	-0.73046595843757	0.835852112418495	0.99993776974141	0.969194503240762	TRINITY_DN1242_c0_g1/TRINITY_DN13_c0_g2/TRINITY_DN4189_c0_g1/TRINITY_DN4401_c0_g1	4	interaction_vs_self	significant	down	FALSE	4621	map04621	ko,map
map00760	map00760	5/598	27/2403	0.185185185185185	0.744147157190635	-0.769391530320944	0.839914598944254	0.99993776974141	0.969194503240762	TRINITY_DN1182_c0_g1/TRINITY_DN296_c0_g1/TRINITY_DN3331_c0_g1/TRINITY_DN4867_c0_g1/TRINITY_DN5237_c0_g1	5	interaction_vs_self	significant	down	FALSE	760	map00760	ko,map
map00830	map00830	2/598	12/2403	0.166666666666667	0.669732441471572	-0.660032379357267	0.840160306167811	0.99993776974141	0.969194503240762	TRINITY_DN3512_c0_g1/TRINITY_DN4287_c0_g1	2	interaction_vs_self	significant	down	FALSE	830	map00830	ko,map
map04664	map04664	2/598	12/2403	0.166666666666667	0.669732441471572	-0.660032379357267	0.840160306167811	0.99993776974141	0.969194503240762	TRINITY_DN2648_c0_g1/TRINITY_DN3882_c0_g1	2	interaction_vs_self	significant	down	FALSE	4664	map04664	ko,map
map04720	map04720	2/598	12/2403	0.166666666666667	0.669732441471572	-0.660032379357267	0.840160306167811	0.99993776974141	0.969194503240762	TRINITY_DN1052_c0_g1/TRINITY_DN2648_c0_g1	2	interaction_vs_self	significant	down	FALSE	4720	map04720	ko,map
map04211	map04211	6/598	32/2403	0.1875	0.753448996655518	-0.808005797386259	0.845268680394749	0.99993776974141	0.969194503240762	TRINITY_DN1416_c0_g1/TRINITY_DN2051_c0_g1/TRINITY_DN2648_c0_g1/TRINITY_DN28_c1_g1/TRINITY_DN3119_c0_g1/TRINITY_DN4556_c0_g1	6	interaction_vs_self	significant	down	FALSE	4211	map04211	ko,map
map05418	map05418	7/598	37/2403	0.189189189189189	0.760236825454217	-0.845813207576056	0.851194864885793	0.99993776974141	0.969194503240762	TRINITY_DN1052_c0_g1/TRINITY_DN13_c0_g2/TRINITY_DN1375_c0_g1/TRINITY_DN2609_c0_g1/TRINITY_DN4189_c0_g1/TRINITY_DN4401_c0_g1/TRINITY_DN898_c0_g1	7	interaction_vs_self	significant	down	FALSE	5418	map05418	ko,map
map03420	map03420	8/598	42/2403	0.19047619047619	0.765408504538939	-0.882647724360073	0.857326552678473	0.99993776974141	0.969194503240762	TRINITY_DN10690_c0_g1/TRINITY_DN1146_c0_g1/TRINITY_DN14175_c0_g1/TRINITY_DN1516_c0_g1/TRINITY_DN1689_c0_g1/TRINITY_DN2075_c0_g1/TRINITY_DN2561_c0_g1/TRINITY_DN8941_c0_g1	8	interaction_vs_self	significant	down	FALSE	3420	map03420	ko,map
map00770	map00770	5/598	28/2403	0.178571428571429	0.717570473005256	-0.865079056250754	0.863132482253111	0.99993776974141	0.969194503240762	TRINITY_DN14021_c1_g1/TRINITY_DN1538_c0_g4/TRINITY_DN16377_c0_g1/TRINITY_DN1984_c0_g1/TRINITY_DN582_c1_g1	5	interaction_vs_self	significant	down	FALSE	770	map00770	ko,map
map03410	map03410	5/598	28/2403	0.178571428571429	0.717570473005256	-0.865079056250754	0.863132482253111	0.99993776974141	0.969194503240762	TRINITY_DN10690_c0_g1/TRINITY_DN1146_c0_g1/TRINITY_DN14006_c0_g1/TRINITY_DN2075_c0_g1/TRINITY_DN409_c0_g1	5	interaction_vs_self	significant	down	FALSE	3410	map03410	ko,map
map04360	map04360	3/598	18/2403	0.166666666666667	0.669732441471572	-0.809387452073937	0.863303292428729	0.99993776974141	0.969194503240762	TRINITY_DN1330_c0_g1/TRINITY_DN2648_c0_g1/TRINITY_DN4401_c0_g1	3	interaction_vs_self	significant	down	FALSE	4360	map04360	ko,map
map04611	map04611	3/598	18/2403	0.166666666666667	0.669732441471572	-0.809387452073937	0.863303292428729	0.99993776974141	0.969194503240762	TRINITY_DN1375_c0_g1/TRINITY_DN3882_c0_g1/TRINITY_DN4401_c0_g1	3	interaction_vs_self	significant	down	FALSE	4611	map04611	ko,map
map04727	map04727	3/598	18/2403	0.166666666666667	0.669732441471572	-0.809387452073937	0.863303292428729	0.99993776974141	0.969194503240762	TRINITY_DN10522_c0_g1/TRINITY_DN2150_c0_g1/TRINITY_DN5321_c1_g1	3	interaction_vs_self	significant	down	FALSE	4727	map04727	ko,map
map04923	map04923	1/598	7/2403	0.142857142857143	0.574056378404204	-0.649465704415508	0.865474691186299	0.99993776974141	0.969194503240762	TRINITY_DN17749_c0_g1	1	interaction_vs_self	significant	down	FALSE	4923	map04923	ko,map
map04973	map04973	1/598	7/2403	0.142857142857143	0.574056378404204	-0.649465704415508	0.865474691186299	0.99993776974141	0.969194503240762	TRINITY_DN2349_c0_g1	1	interaction_vs_self	significant	down	FALSE	4973	map04973	ko,map
map05220	map05220	1/598	7/2403	0.142857142857143	0.574056378404204	-0.649465704415508	0.865474691186299	0.99993776974141	0.969194503240762	TRINITY_DN2648_c0_g1	1	interaction_vs_self	significant	down	FALSE	5220	map05220	ko,map
map04145	map04145	7/598	38/2403	0.184210526315789	0.740230593205422	-0.928886644803096	0.870485040250152	0.99993776974141	0.969194503240762	TRINITY_DN1191_c0_g1/TRINITY_DN1191_c0_g2/TRINITY_DN1375_c0_g1/TRINITY_DN2151_c0_g1/TRINITY_DN35_c0_g1/TRINITY_DN35_c0_g2/TRINITY_DN3631_c0_g1	7	interaction_vs_self	significant	down	FALSE	4145	map04145	ko,map
map04016	map04016	2/598	13/2403	0.153846153846154	0.618214561358374	-0.794310999064332	0.872088134597026	0.99993776974141	0.969194503240762	TRINITY_DN1052_c0_g1/TRINITY_DN1204_c0_g1	2	interaction_vs_self	significant	down	FALSE	4016	map04016	ko,map
map04370	map04370	2/598	13/2403	0.153846153846154	0.618214561358374	-0.794310999064332	0.872088134597026	0.99993776974141	0.969194503240762	TRINITY_DN2648_c0_g1/TRINITY_DN3882_c0_g1	2	interaction_vs_self	significant	down	FALSE	4370	map04370	ko,map
map04670	map04670	2/598	13/2403	0.153846153846154	0.618214561358374	-0.794310999064332	0.872088134597026	0.99993776974141	0.969194503240762	TRINITY_DN1375_c0_g1/TRINITY_DN4401_c0_g1	2	interaction_vs_self	significant	down	FALSE	4670	map04670	ko,map
map04925	map04925	2/598	13/2403	0.153846153846154	0.618214561358374	-0.794310999064332	0.872088134597026	0.99993776974141	0.969194503240762	TRINITY_DN1052_c0_g1/TRINITY_DN1398_c0_g1	2	interaction_vs_self	significant	down	FALSE	4925	map04925	ko,map
map00380	map00380	12/598	62/2403	0.193548387096774	0.777753802999245	-1.02030018763069	0.881047775510883	0.99993776974141	0.969194503240762	TRINITY_DN1007_c0_g1/TRINITY_DN11007_c0_g1/TRINITY_DN15990_c0_g1/TRINITY_DN1766_c0_g1/TRINITY_DN1834_c0_g2/TRINITY_DN2428_c0_g1/TRINITY_DN3356_c0_g1/TRINITY_DN4176_c0_g1/TRINITY_DN4960_c0_g1/TRINITY_DN5013_c0_g1/TRINITY_DN5250_c0_g1/TRINITY_DN898_c0_g1	12	interaction_vs_self	significant	down	FALSE	380	map00380	ko,map
map04914	map04914	4/598	24/2403	0.166666666666667	0.669732441471572	-0.935777947079936	0.883768240304525	0.99993776974141	0.969194503240762	TRINITY_DN1361_c1_g1/TRINITY_DN14024_c0_g1/TRINITY_DN2648_c0_g1/TRINITY_DN2743_c0_g1	4	interaction_vs_self	significant	down	FALSE	4914	map04914	ko,map
map04371	map04371	3/598	19/2403	0.157894736842105	0.634483365604647	-0.920511697075001	0.887511105719178	0.99993776974141	0.969194503240762	TRINITY_DN1052_c0_g1/TRINITY_DN2648_c0_g1/TRINITY_DN4556_c0_g1	3	interaction_vs_self	significant	down	FALSE	4371	map04371	ko,map
map04915	map04915	3/598	19/2403	0.157894736842105	0.634483365604647	-0.920511697075001	0.887511105719178	0.99993776974141	0.969194503240762	TRINITY_DN1052_c0_g1/TRINITY_DN2648_c0_g1/TRINITY_DN6594_c0_g3	3	interaction_vs_self	significant	down	FALSE	4915	map04915	ko,map
map04931	map04931	3/598	19/2403	0.157894736842105	0.634483365604647	-0.920511697075001	0.887511105719178	0.99993776974141	0.969194503240762	TRINITY_DN4125_c0_g1/TRINITY_DN4556_c0_g1/TRINITY_DN621_c0_g1	3	interaction_vs_self	significant	down	FALSE	4931	map04931	ko,map
map04140	map04140	7/598	39/2403	0.179487179487179	0.72125032158477	-1.0100001373445	0.887667774151609	0.99993776974141	0.969194503240762	TRINITY_DN2031_c0_g1/TRINITY_DN2051_c0_g1/TRINITY_DN2648_c0_g1/TRINITY_DN2743_c0_g1/TRINITY_DN4348_c0_g1/TRINITY_DN4419_c0_g1/TRINITY_DN4556_c0_g1	7	interaction_vs_self	significant	down	FALSE	4140	map04140	ko,map
map00740	map00740	2/598	14/2403	0.142857142857143	0.574056378404204	-0.919827845333739	0.89805120344731	0.99993776974141	0.969194503240762	TRINITY_DN3620_c0_g1/TRINITY_DN4006_c0_g1	2	interaction_vs_self	significant	down	FALSE	740	map00740	ko,map
map04933	map04933	2/598	14/2403	0.142857142857143	0.574056378404204	-0.919827845333739	0.89805120344731	0.99993776974141	0.969194503240762	TRINITY_DN2609_c0_g1/TRINITY_DN2648_c0_g1	2	interaction_vs_self	significant	down	FALSE	4933	map04933	ko,map
map00965	map00965	1/598	8/2403	0.125	0.502299331103679	-0.811444740121742	0.899049872601405	0.99993776974141	0.969194503240762	TRINITY_DN4916_c0_g1	1	interaction_vs_self	significant	down	FALSE	965	map00965	ko,map
map04350	map04350	1/598	8/2403	0.125	0.502299331103679	-0.811444740121742	0.899049872601405	0.99993776974141	0.969194503240762	TRINITY_DN4401_c0_g1	1	interaction_vs_self	significant	down	FALSE	4350	map04350	ko,map
map04626	map04626	1/598	8/2403	0.125	0.502299331103679	-0.811444740121742	0.899049872601405	0.99993776974141	0.969194503240762	TRINITY_DN1052_c0_g1	1	interaction_vs_self	significant	down	FALSE	4626	map04626	ko,map
map04657	map04657	1/598	8/2403	0.125	0.502299331103679	-0.811444740121742	0.899049872601405	0.99993776974141	0.969194503240762	TRINITY_DN898_c0_g1	1	interaction_vs_self	significant	down	FALSE	4657	map04657	ko,map
map04924	map04924	1/598	8/2403	0.125	0.502299331103679	-0.811444740121742	0.899049872601405	0.99993776974141	0.969194503240762	TRINITY_DN1052_c0_g1	1	interaction_vs_self	significant	down	FALSE	4924	map04924	ko,map
map04960	map04960	1/598	8/2403	0.125	0.502299331103679	-0.811444740121742	0.899049872601405	0.99993776974141	0.969194503240762	TRINITY_DN2648_c0_g1	1	interaction_vs_self	significant	down	FALSE	4960	map04960	ko,map
map00627	map00627	6/598	35/2403	0.171428571428571	0.688867654085045	-1.0670550539012	0.901432273905939	0.99993776974141	0.969194503240762	TRINITY_DN11007_c0_g1/TRINITY_DN15990_c0_g1/TRINITY_DN1766_c0_g1/TRINITY_DN3356_c0_g1/TRINITY_DN5013_c0_g1/TRINITY_DN898_c0_g1	6	interaction_vs_self	significant	down	FALSE	627	map00627	ko,map
map04062	map04062	4/598	25/2403	0.16	0.642943143812709	-1.03276127828172	0.90280139781367	0.99993776974141	0.969194503240762	TRINITY_DN12262_c0_g1/TRINITY_DN2648_c0_g1/TRINITY_DN4401_c0_g1/TRINITY_DN701_c2_g1	4	interaction_vs_self	significant	down	FALSE	4062	map04062	ko,map
map04212	map04212	4/598	25/2403	0.16	0.642943143812709	-1.03276127828172	0.90280139781367	0.99993776974141	0.969194503240762	TRINITY_DN28_c1_g1/TRINITY_DN4556_c0_g1/TRINITY_DN666_c0_g1/TRINITY_DN8377_c0_g1	4	interaction_vs_self	significant	down	FALSE	4212	map04212	ko,map
map04962	map04962	3/598	20/2403	0.15	0.602759197324415	-1.02660959226429	0.907814298118401	0.99993776974141	0.969194503240762	TRINITY_DN10522_c0_g1/TRINITY_DN221_c0_g1/TRINITY_DN4305_c0_g1	3	interaction_vs_self	significant	down	FALSE	4962	map04962	ko,map
map01524	map01524	6/598	36/2403	0.166666666666667	0.669732441471572	-1.14899073784122	0.915788418678448	0.99993776974141	0.969194503240762	TRINITY_DN4176_c0_g1/TRINITY_DN4602_c0_g1/TRINITY_DN5398_c0_g1/TRINITY_DN6794_c3_g1/TRINITY_DN7967_c1_g1/TRINITY_DN8927_c0_g1	6	interaction_vs_self	significant	down	FALSE	1524	map01524	ko,map
map04010	map04010	4/598	26/2403	0.153846153846154	0.618214561358374	-1.12639297657535	0.919027386515174	0.99993776974141	0.969194503240762	TRINITY_DN2648_c0_g1/TRINITY_DN3882_c0_g1/TRINITY_DN6594_c0_g3/TRINITY_DN898_c0_g1	4	interaction_vs_self	significant	down	FALSE	4010	map04010	ko,map
map04623	map04623	2/598	15/2403	0.133333333333333	0.535785953177258	-1.03787544347226	0.919036004113178	0.99993776974141	0.969194503240762	TRINITY_DN1193_c0_g1/TRINITY_DN6941_c0_g1	2	interaction_vs_self	significant	down	FALSE	4623	map04623	ko,map
map04660	map04660	2/598	15/2403	0.133333333333333	0.535785953177258	-1.03787544347226	0.919036004113178	0.99993776974141	0.969194503240762	TRINITY_DN2648_c0_g1/TRINITY_DN4401_c0_g1	2	interaction_vs_self	significant	down	FALSE	4660	map04660	ko,map
map04726	map04726	2/598	15/2403	0.133333333333333	0.535785953177258	-1.03787544347226	0.919036004113178	0.99993776974141	0.969194503240762	TRINITY_DN2648_c0_g1/TRINITY_DN3882_c0_g1	2	interaction_vs_self	significant	down	FALSE	4726	map04726	ko,map
map05215	map05215	2/598	15/2403	0.133333333333333	0.535785953177258	-1.03787544347226	0.919036004113178	0.99993776974141	0.969194503240762	TRINITY_DN2648_c0_g1/TRINITY_DN4556_c0_g1	2	interaction_vs_self	significant	down	FALSE	5215	map05215	ko,map
map00430	map00430	1/598	9/2403	0.111111111111111	0.446488294314381	-0.957380289224035	0.924255791676294	0.99993776974141	0.969194503240762	TRINITY_DN393_c0_g1	1	interaction_vs_self	significant	down	FALSE	430	map00430	ko,map
map04662	map04662	1/598	9/2403	0.111111111111111	0.446488294314381	-0.957380289224035	0.924255791676294	0.99993776974141	0.969194503240762	TRINITY_DN2648_c0_g1	1	interaction_vs_self	significant	down	FALSE	4662	map04662	ko,map
map04713	map04713	1/598	9/2403	0.111111111111111	0.446488294314381	-0.957380289224035	0.924255791676294	0.99993776974141	0.969194503240762	TRINITY_DN1052_c0_g1	1	interaction_vs_self	significant	down	FALSE	4713	map04713	ko,map
map04971	map04971	1/598	9/2403	0.111111111111111	0.446488294314381	-0.957380289224035	0.924255791676294	0.99993776974141	0.969194503240762	TRINITY_DN1052_c0_g1	1	interaction_vs_self	significant	down	FALSE	4971	map04971	ko,map
map05146	map05146	1/598	9/2403	0.111111111111111	0.446488294314381	-0.957380289224035	0.924255791676294	0.99993776974141	0.969194503240762	TRINITY_DN2347_c0_g1	1	interaction_vs_self	significant	down	FALSE	5146	map05146	ko,map
map00790	map00790	3/598	22/2403	0.136363636363636	0.547962906658559	-1.22575650531271	0.938775769241281	0.99993776974141	0.969194503240762	TRINITY_DN1191_c0_g1/TRINITY_DN1855_c0_g1/TRINITY_DN872_c0_g1	3	interaction_vs_self	significant	down	FALSE	790	map00790	ko,map
map04013	map04013	3/598	22/2403	0.136363636363636	0.547962906658559	-1.22575650531271	0.938775769241281	0.99993776974141	0.969194503240762	TRINITY_DN1661_c0_g1/TRINITY_DN2648_c0_g1/TRINITY_DN28_c1_g1	3	interaction_vs_self	significant	down	FALSE	4013	map04013	ko,map
map00903	map00903	1/598	10/2403	0.1	0.401839464882943	-1.09079941727262	0.943176024164839	0.99993776974141	0.969194503240762	TRINITY_DN4960_c0_g1	1	interaction_vs_self	significant	down	FALSE	903	map00903	ko,map
map00981	map00981	1/598	10/2403	0.1	0.401839464882943	-1.09079941727262	0.943176024164839	0.99993776974141	0.969194503240762	TRINITY_DN4960_c0_g1	1	interaction_vs_self	significant	down	FALSE	981	map00981	ko,map
map04650	map04650	1/598	10/2403	0.1	0.401839464882943	-1.09079941727262	0.943176024164839	0.99993776974141	0.969194503240762	TRINITY_DN2648_c0_g1	1	interaction_vs_self	significant	down	FALSE	4650	map04650	ko,map
map05160	map05160	2/598	17/2403	0.117647058823529	0.472752311626992	-1.25545865713284	0.949411621582678	0.99993776974141	0.969194503240762	TRINITY_DN2648_c0_g1/TRINITY_DN4419_c0_g1	2	interaction_vs_self	significant	down	FALSE	5160	map05160	ko,map
map00600	map00600	4/598	29/2403	0.137931034482759	0.554261330873025	-1.38975243639112	0.954145216190708	0.99993776974141	0.969194503240762	TRINITY_DN1363_c0_g1/TRINITY_DN370_c0_g1/TRINITY_DN5207_c0_g1/TRINITY_DN6038_c0_g1	4	interaction_vs_self	significant	down	FALSE	600	map00600	ko,map
map04120	map04120	9/598	55/2403	0.163636363636364	0.657555487990271	-1.47849887871819	0.954610279081316	0.99993776974141	0.969194503240762	TRINITY_DN11199_c0_g1/TRINITY_DN14175_c0_g1/TRINITY_DN1567_c0_g1/TRINITY_DN2743_c0_g1/TRINITY_DN3_c0_g1/TRINITY_DN3414_c0_g1/TRINITY_DN3755_c0_g1/TRINITY_DN546_c0_g1/TRINITY_DN5982_c0_g1	9	interaction_vs_self	significant	down	FALSE	4120	map04120	ko,map
map00561	map00561	7/598	45/2403	0.155555555555556	0.625083612040134	-1.46105737630183	0.9552529063341	0.99993776974141	0.969194503240762	TRINITY_DN1340_c0_g1/TRINITY_DN17749_c0_g1/TRINITY_DN2009_c0_g1/TRINITY_DN3345_c0_g1/TRINITY_DN3512_c0_g1/TRINITY_DN4960_c0_g1/TRINITY_DN509_c0_g1	7	interaction_vs_self	significant	down	FALSE	561	map00561	ko,map
map00500	map00500	11/598	65/2403	0.169230769230769	0.680036017494211	-1.50499136802236	0.955532351716243	0.99993776974141	0.969194503240762	TRINITY_DN1286_c0_g1/TRINITY_DN14044_c0_g1/TRINITY_DN1589_c0_g1/TRINITY_DN1792_c0_g1/TRINITY_DN17959_c0_g1/TRINITY_DN229_c1_g1/TRINITY_DN2349_c0_g1/TRINITY_DN3396_c0_g1/TRINITY_DN43_c0_g1/TRINITY_DN450_c0_g1/TRINITY_DN7695_c0_g1	11	interaction_vs_self	significant	down	FALSE	500	map00500	ko,map
map03450	map03450	1/598	11/2403	0.0909090909090909	0.365308604439039	-1.21416261365464	0.95737608164475	0.99993776974141	0.969194503240762	TRINITY_DN409_c0_g1	1	interaction_vs_self	significant	down	FALSE	3450	map03450	ko,map
map05211	map05211	1/598	11/2403	0.0909090909090909	0.365308604439039	-1.21416261365464	0.95737608164475	0.99993776974141	0.969194503240762	TRINITY_DN2648_c0_g1	1	interaction_vs_self	significant	down	FALSE	5211	map05211	ko,map
map05213	map05213	1/598	11/2403	0.0909090909090909	0.365308604439039	-1.21416261365464	0.95737608164475	0.99993776974141	0.969194503240762	TRINITY_DN2648_c0_g1	1	interaction_vs_self	significant	down	FALSE	5213	map05213	ko,map
map04151	map04151	5/598	35/2403	0.142857142857143	0.574056378404204	-1.46081016669674	0.958760015594472	0.99993776974141	0.969194503240762	TRINITY_DN1170_c0_g2/TRINITY_DN2648_c0_g1/TRINITY_DN3119_c0_g1/TRINITY_DN3232_c0_g1/TRINITY_DN4556_c0_g1	5	interaction_vs_self	significant	down	FALSE	4151	map04151	ko,map
map04213	map04213	5/598	35/2403	0.142857142857143	0.574056378404204	-1.46081016669674	0.958760015594472	0.99993776974141	0.969194503240762	TRINITY_DN1182_c0_g1/TRINITY_DN2648_c0_g1/TRINITY_DN28_c1_g1/TRINITY_DN4556_c0_g1/TRINITY_DN6594_c0_g3	5	interaction_vs_self	significant	down	FALSE	4213	map04213	ko,map
map03320	map03320	3/598	24/2403	0.125	0.502299331103679	-1.41018183037806	0.959868881841089	0.99993776974141	0.969194503240762	TRINITY_DN17911_c0_g1/TRINITY_DN3570_c0_g1/TRINITY_DN8377_c0_g1	3	interaction_vs_self	significant	down	FALSE	3320	map03320	ko,map
map04139	map04139	5/598	36/2403	0.138888888888889	0.558110367892977	-1.53732051885844	0.965690918322863	0.99993776974141	0.969194503240762	TRINITY_DN123_c0_g1/TRINITY_DN4556_c0_g1/TRINITY_DN4627_c0_g1/TRINITY_DN8764_c0_g1/TRINITY_DN898_c0_g1	5	interaction_vs_self	significant	down	FALSE	4139	map04139	ko,map
map05225	map05225	5/598	36/2403	0.138888888888889	0.558110367892977	-1.53732051885844	0.965690918322863	0.99993776974141	0.969194503240762	TRINITY_DN12384_c0_g1/TRINITY_DN1375_c0_g1/TRINITY_DN2648_c0_g1/TRINITY_DN4556_c0_g1/TRINITY_DN995_c0_g1	5	interaction_vs_self	significant	down	FALSE	5225	map05225	ko,map
map00340	map00340	3/598	25/2403	0.12	0.482207357859532	-1.49767797961387	0.967650811481192	0.99993776974141	0.969194503240762	TRINITY_DN2759_c0_g1/TRINITY_DN4376_c0_g1/TRINITY_DN4960_c0_g1	3	interaction_vs_self	significant	down	FALSE	340	map00340	ko,map
map04024	map04024	3/598	25/2403	0.12	0.482207357859532	-1.49767797961387	0.967650811481192	0.99993776974141	0.969194503240762	TRINITY_DN1052_c0_g1/TRINITY_DN1766_c0_g1/TRINITY_DN4401_c0_g1	3	interaction_vs_self	significant	down	FALSE	4024	map04024	ko,map
map00930	map00930	1/598	12/2403	0.0833333333333333	0.334866220735786	-1.32925508298407	0.968032061233562	0.99993776974141	0.969194503240762	TRINITY_DN3356_c0_g1	1	interaction_vs_self	significant	down	FALSE	930	map00930	ko,map
map00053	map00053	2/598	19/2403	0.105263157894737	0.422988910403098	-1.45313621141914	0.968723875316068	0.99993776974141	0.969194503240762	TRINITY_DN4680_c0_g1/TRINITY_DN4960_c0_g1	2	interaction_vs_self	significant	down	FALSE	53	map00053	ko,map
map04310	map04310	2/598	19/2403	0.105263157894737	0.422988910403098	-1.45313621141914	0.968723875316068	0.99993776974141	0.969194503240762	TRINITY_DN1991_c0_g1/TRINITY_DN4401_c0_g1	2	interaction_vs_self	significant	down	FALSE	4310	map04310	ko,map
map04510	map04510	2/598	19/2403	0.105263157894737	0.422988910403098	-1.45313621141914	0.968723875316068	0.99993776974141	0.969194503240762	TRINITY_DN1375_c0_g1/TRINITY_DN4401_c0_g1	2	interaction_vs_self	significant	down	FALSE	4510	map04510	ko,map
map00643	map00643	4/598	31/2403	0.129032258064516	0.51850253533283	-1.55280170649138	0.969091496827087	0.99993776974141	0.969194503240762	TRINITY_DN11007_c0_g1/TRINITY_DN12404_c0_g1/TRINITY_DN5013_c0_g1/TRINITY_DN898_c0_g1	4	interaction_vs_self	significant	down	FALSE	643	map00643	ko,map
map03018	map03018	7/598	48/2403	0.145833333333333	0.586015886287625	-1.66727534913123	0.972805979388492	0.99993776974141	0.969194503240762	TRINITY_DN17687_c0_g1/TRINITY_DN3164_c0_g1/TRINITY_DN3306_c0_g1/TRINITY_DN4491_c0_g1/TRINITY_DN4892_c1_g1/TRINITY_DN693_c0_g1/TRINITY_DN906_c0_g1	7	interaction_vs_self	significant	down	FALSE	3018	map03018	ko,map
map04919	map04919	3/598	26/2403	0.115384615384615	0.463660921018781	-1.58237719536083	0.973992997346325	0.99993776974141	0.969194503240762	TRINITY_DN1375_c0_g1/TRINITY_DN2648_c0_g1/TRINITY_DN4556_c0_g1	3	interaction_vs_self	significant	down	FALSE	4919	map04919	ko,map
map04146	map04146	13/598	79/2403	0.164556962025316	0.66125481563016	-1.76184258972918	0.975145821850388	0.99993776974141	0.969194503240762	TRINITY_DN18292_c0_g1/TRINITY_DN227_c0_g1/TRINITY_DN2760_c0_g1/TRINITY_DN28_c1_g1/TRINITY_DN3081_c0_g1/TRINITY_DN3837_c0_g1/TRINITY_DN3861_c0_g1/TRINITY_DN4123_c0_g1/TRINITY_DN55_c0_g1/TRINITY_DN8_c0_g1/TRINITY_DN8802_c0_g1/TRINITY_DN8812_c0_g1/TRINITY_DN8983_c0_g1	13	interaction_vs_self	significant	down	FALSE	4146	map04146	ko,map
map04011	map04011	14/598	84/2403	0.166666666666667	0.669732441471572	-1.77318347422088	0.975460355511394	0.99993776974141	0.969194503240762	TRINITY_DN10562_c0_g1/TRINITY_DN1170_c0_g2/TRINITY_DN16054_c0_g1/TRINITY_DN1972_c0_g2/TRINITY_DN2350_c0_g1/TRINITY_DN3253_c0_g1/TRINITY_DN334_c0_g1/TRINITY_DN3352_c0_g1/TRINITY_DN4401_c0_g1/TRINITY_DN4923_c0_g1/TRINITY_DN685_c0_g1/TRINITY_DN814_c0_g1/TRINITY_DN877_c0_g1/TRINITY_DN898_c0_g1	14	interaction_vs_self	significant	down	FALSE	4011	map04011	ko,map
map04966	map04966	1/598	13/2403	0.0769230769230769	0.309107280679187	-1.43741387330678	0.976027388453274	0.99993776974141	0.969194503240762	TRINITY_DN3631_c0_g1	1	interaction_vs_self	significant	down	FALSE	4966	map04966	ko,map
map00040	map00040	5/598	38/2403	0.131578947368421	0.528736138003873	-1.68515112302157	0.976444726868694	0.99993776974141	0.969194503240762	TRINITY_DN1050_c0_g1/TRINITY_DN1559_c0_g1/TRINITY_DN314_c0_g1/TRINITY_DN3396_c0_g1/TRINITY_DN4680_c0_g1	5	interaction_vs_self	significant	down	FALSE	40	map00040	ko,map
map00052	map00052	5/598	38/2403	0.131578947368421	0.528736138003873	-1.68515112302157	0.976444726868694	0.99993776974141	0.969194503240762	TRINITY_DN2349_c0_g1/TRINITY_DN243_c0_g1/TRINITY_DN3396_c0_g1/TRINITY_DN370_c0_g1/TRINITY_DN43_c0_g1	5	interaction_vs_self	significant	down	FALSE	52	map00052	ko,map
map00030	map00030	3/598	27/2403	0.111111111111111	0.446488294314381	-1.66450063095577	0.979143855492155	0.99993776974141	0.969194503240762	TRINITY_DN1597_c0_g1/TRINITY_DN227_c0_g1/TRINITY_DN3079_c0_g1	3	interaction_vs_self	significant	down	FALSE	30	map00030	ko,map
map04068	map04068	3/598	27/2403	0.111111111111111	0.446488294314381	-1.66450063095577	0.979143855492155	0.99993776974141	0.969194503240762	TRINITY_DN14024_c0_g1/TRINITY_DN2648_c0_g1/TRINITY_DN28_c1_g1	3	interaction_vs_self	significant	down	FALSE	4068	map04068	ko,map
map05152	map05152	3/598	27/2403	0.111111111111111	0.446488294314381	-1.66450063095577	0.979143855492155	0.99993776974141	0.969194503240762	TRINITY_DN1052_c0_g1/TRINITY_DN4401_c0_g1/TRINITY_DN5398_c0_g1	3	interaction_vs_self	significant	down	FALSE	5152	map05152	ko,map
map00460	map00460	4/598	33/2403	0.121212121212121	0.487078139252052	-1.70738906813892	0.979389924845685	0.99993776974141	0.969194503240762	TRINITY_DN12265_c0_g1/TRINITY_DN12483_c0_g1/TRINITY_DN17929_c0_g1/TRINITY_DN2952_c0_g1	4	interaction_vs_self	significant	down	FALSE	460	map00460	ko,map
map03022	map03022	4/598	33/2403	0.121212121212121	0.487078139252052	-1.70738906813892	0.979389924845685	0.99993776974141	0.969194503240762	TRINITY_DN1286_c0_g1/TRINITY_DN1543_c0_g1/TRINITY_DN227_c0_g1/TRINITY_DN3756_c0_g1	4	interaction_vs_self	significant	down	FALSE	3022	map03022	ko,map
map04071	map04071	4/598	33/2403	0.121212121212121	0.487078139252052	-1.70738906813892	0.979389924845685	0.99993776974141	0.969194503240762	TRINITY_DN1363_c0_g1/TRINITY_DN1766_c0_g1/TRINITY_DN2648_c0_g1/TRINITY_DN4401_c0_g1	4	interaction_vs_self	significant	down	FALSE	4071	map04071	ko,map
map05165	map05165	5/598	39/2403	0.128205128205128	0.515178801131978	-1.75666382909617	0.980556382328276	0.99993776974141	0.969194503240762	TRINITY_DN183_c0_g1/TRINITY_DN2648_c0_g1/TRINITY_DN4556_c0_g1/TRINITY_DN8861_c0_g1/TRINITY_DN995_c0_g1	5	interaction_vs_self	significant	down	FALSE	5165	map05165	ko,map
map04136	map04136	2/598	21/2403	0.0952380952380952	0.38270425226947	-1.6350481422426	0.980833804114411	0.99993776974141	0.969194503240762	TRINITY_DN2031_c0_g1/TRINITY_DN4556_c0_g1	2	interaction_vs_self	significant	down	FALSE	4136	map04136	ko,map
map00511	map00511	1/598	14/2403	0.0714285714285714	0.287028189202102	-1.53966696825493	0.982025556530655	0.99993776974141	0.969194503240762	TRINITY_DN4878_c0_g1	1	interaction_vs_self	significant	down	FALSE	511	map00511	ko,map
map04725	map04725	1/598	14/2403	0.0714285714285714	0.287028189202102	-1.53966696825493	0.982025556530655	0.99993776974141	0.969194503240762	TRINITY_DN2648_c0_g1	1	interaction_vs_self	significant	down	FALSE	4725	map04725	ko,map
map05031	map05031	1/598	14/2403	0.0714285714285714	0.287028189202102	-1.53966696825493	0.982025556530655	0.99993776974141	0.969194503240762	TRINITY_DN1052_c0_g1	1	interaction_vs_self	significant	down	FALSE	5031	map05031	ko,map
map02024	map02024	1/598	15/2403	0.0666666666666667	0.267892976588629	-1.6368222952167	0.986524810274761	0.99993776974141	0.969194503240762	TRINITY_DN3016_c0_g1	1	interaction_vs_self	significant	down	FALSE	2024	map02024	ko,map
map04137	map04137	1/598	15/2403	0.0666666666666667	0.267892976588629	-1.6368222952167	0.986524810274761	0.99993776974141	0.969194503240762	TRINITY_DN2648_c0_g1	1	interaction_vs_self	significant	down	FALSE	4137	map04137	ko,map
map05323	map05323	1/598	15/2403	0.0666666666666667	0.267892976588629	-1.6368222952167	0.986524810274761	0.99993776974141	0.969194503240762	TRINITY_DN3631_c0_g1	1	interaction_vs_self	significant	down	FALSE	5323	map05323	ko,map
map00071	map00071	5/598	41/2403	0.121951219512195	0.490048127906028	-1.8953074189299	0.986845288387153	0.99993776974141	0.969194503240762	TRINITY_DN15990_c0_g1/TRINITY_DN1766_c0_g1/TRINITY_DN3356_c0_g1/TRINITY_DN4287_c0_g1/TRINITY_DN4960_c0_g1	5	interaction_vs_self	significant	down	FALSE	71	map00071	ko,map
map00625	map00625	2/598	23/2403	0.0869565217391304	0.349425621637342	-1.80414269957827	0.98834277959722	0.99993776974141	0.969194503240762	TRINITY_DN4287_c0_g1/TRINITY_DN4960_c0_g1	2	interaction_vs_self	significant	down	FALSE	625	map00625	ko,map
map00362	map00362	1/598	16/2403	0.0625	0.251149665551839	-1.72952681703767	0.98989925058284	0.99993776974141	0.969194503240762	TRINITY_DN5889_c0_g1	1	interaction_vs_self	significant	down	FALSE	362	map00362	ko,map
map04934	map04934	1/598	16/2403	0.0625	0.251149665551839	-1.72952681703767	0.98989925058284	0.99993776974141	0.969194503240762	TRINITY_DN4629_c0_g1	1	interaction_vs_self	significant	down	FALSE	4934	map04934	ko,map
map05014	map05014	1/598	16/2403	0.0625	0.251149665551839	-1.72952681703767	0.98989925058284	0.99993776974141	0.969194503240762	TRINITY_DN5398_c0_g1	1	interaction_vs_self	significant	down	FALSE	5014	map05014	ko,map
map05200	map05200	7/598	55/2403	0.127272727272727	0.511432046214655	-2.10938457623392	0.992159084352114	0.99993776974141	0.969194503240762	TRINITY_DN1052_c0_g1/TRINITY_DN2648_c0_g1/TRINITY_DN4401_c0_g1/TRINITY_DN4556_c0_g1/TRINITY_DN5398_c0_g1/TRINITY_DN8927_c0_g1/TRINITY_DN995_c0_g1	7	interaction_vs_self	significant	down	FALSE	5200	map05200	ko,map
map04130	map04130	1/598	17/2403	0.0588235294117647	0.236376155813496	-1.81830700658997	0.99242972739535	0.99993776974141	0.969194503240762	TRINITY_DN3287_c0_g1	1	interaction_vs_self	significant	down	FALSE	4130	map04130	ko,map
map00940	map00940	2/598	25/2403	0.08	0.321471571906355	-1.96259468094601	0.992955707433014	0.99993776974141	0.969194503240762	TRINITY_DN1007_c0_g1/TRINITY_DN1482_c0_g1	2	interaction_vs_self	significant	down	FALSE	940	map00940	ko,map
map05110	map05110	2/598	25/2403	0.08	0.321471571906355	-1.96259468094601	0.992955707433014	0.99993776974141	0.969194503240762	TRINITY_DN1375_c0_g1/TRINITY_DN3631_c0_g1	2	interaction_vs_self	significant	down	FALSE	5110	map05110	ko,map
map00562	map00562	3/598	32/2403	0.09375	0.376724498327759	-2.04262084472783	0.993304347117268	0.99993776974141	0.969194503240762	TRINITY_DN2007_c0_g1/TRINITY_DN2413_c0_g1/TRINITY_DN886_c0_g1	3	interaction_vs_self	significant	down	FALSE	562	map00562	ko,map
map03015	map03015	6/598	51/2403	0.117647058823529	0.472752311626992	-2.19017896752973	0.994295064953974	0.99993776974141	0.969194503240762	TRINITY_DN1880_c0_g1/TRINITY_DN2909_c0_g1/TRINITY_DN3571_c0_g1/TRINITY_DN3663_c0_g1/TRINITY_DN4742_c1_g1/TRINITY_DN758_c0_g1	6	interaction_vs_self	significant	down	FALSE	3015	map03015	ko,map
map04926	map04926	1/598	18/2403	0.0555555555555556	0.223244147157191	-1.90359732399161	0.994327054728787	0.99993776974141	0.969194503240762	TRINITY_DN2648_c0_g1	1	interaction_vs_self	significant	down	FALSE	4926	map04926	ko,map
map05120	map05120	1/598	18/2403	0.0555555555555556	0.223244147157191	-1.90359732399161	0.994327054728787	0.99993776974141	0.969194503240762	TRINITY_DN3631_c0_g1	1	interaction_vs_self	significant	down	FALSE	5120	map05120	ko,map
map04070	map04070	2/598	26/2403	0.0769230769230769	0.309107280679187	-2.0383614141463	0.994535933273571	0.99993776974141	0.969194503240762	TRINITY_DN1052_c0_g1/TRINITY_DN886_c0_g1	2	interaction_vs_self	significant	down	FALSE	4070	map04070	ko,map
map04721	map04721	2/598	26/2403	0.0769230769230769	0.309107280679187	-2.0383614141463	0.994535933273571	0.99993776974141	0.969194503240762	TRINITY_DN10522_c0_g1/TRINITY_DN3631_c0_g1	2	interaction_vs_self	significant	down	FALSE	4721	map04721	ko,map
map00626	map00626	1/598	21/2403	0.0476190476190476	0.191352126134735	-2.14188775599505	0.997614748681881	0.99993776974141	0.969194503240762	TRINITY_DN4287_c0_g1	1	interaction_vs_self	significant	down	FALSE	626	map00626	ko,map
map04261	map04261	1/598	21/2403	0.0476190476190476	0.191352126134735	-2.14188775599505	0.997614748681881	0.99993776974141	0.969194503240762	TRINITY_DN1052_c0_g1	1	interaction_vs_self	significant	down	FALSE	4261	map04261	ko,map
map03040	map03040	12/598	91/2403	0.131868131868132	0.529898195450035	-2.63097783893771	0.998299168250323	0.99993776974141	0.969194503240762	TRINITY_DN12384_c0_g1/TRINITY_DN18485_c0_g1/TRINITY_DN227_c0_g1/TRINITY_DN3414_c0_g1/TRINITY_DN3427_c0_g1/TRINITY_DN3654_c0_g1/TRINITY_DN394_c0_g1/TRINITY_DN4491_c0_g1/TRINITY_DN524_c0_g1/TRINITY_DN6594_c0_g3/TRINITY_DN6998_c0_g1/TRINITY_DN9601_c0_g1	12	interaction_vs_self	significant	down	FALSE	3040	map03040	ko,map
map04142	map04142	4/598	48/2403	0.0833333333333333	0.334866220735786	-2.67875292145194	0.999238057592185	0.99993776974141	0.969194503240762	TRINITY_DN17656_c0_g1/TRINITY_DN18207_c1_g1/TRINITY_DN6655_c0_g1/TRINITY_DN6655_c0_g2	4	interaction_vs_self	significant	down	FALSE	4142	map04142	ko,map
map00563	map00563	1/598	25/2403	0.04	0.160735785953177	-2.42751138227815	0.999250141350678	0.99993776974141	0.969194503240762	TRINITY_DN3869_c0_g1	1	interaction_vs_self	significant	down	FALSE	563	map00563	ko,map
map04728	map04728	1/598	25/2403	0.04	0.160735785953177	-2.42751138227815	0.999250141350678	0.99993776974141	0.969194503240762	TRINITY_DN1052_c0_g1	1	interaction_vs_self	significant	down	FALSE	4728	map04728	ko,map
map00982	map00982	2/598	37/2403	0.0540540540540541	0.217210521558348	-2.76144858722286	0.999689550007655	0.99993776974141	0.969194503240762	TRINITY_DN3726_c0_g1/TRINITY_DN4287_c0_g1	2	interaction_vs_self	significant	down	FALSE	982	map00982	ko,map
map01220	map01220	2/598	40/2403	0.05	0.200919732441472	-2.93283095596579	0.999860577013153	0.99993776974141	0.969194503240762	TRINITY_DN4287_c0_g1/TRINITY_DN5889_c0_g1	2	interaction_vs_self	significant	down	FALSE	1220	map01220	ko,map
map05204	map05204	1/598	32/2403	0.03125	0.12557483277592	-2.86569754295555	0.999901565972577	0.99993776974141	0.969194503240762	TRINITY_DN677_c0_g1	1	interaction_vs_self	significant	down	FALSE	5204	map05204	ko,map
map00980	map00980	2/598	43/2403	0.0465116279069767	0.186902076689741	-3.0961327166303	0.99993776974141	0.99993776974141	0.969194503240762	TRINITY_DN4287_c0_g1/TRINITY_DN677_c0_g1	2	interaction_vs_self	significant	down	FALSE	980	map00980	ko,map
