# This file was produced by samtools stats (1.19.2+htslib-1.19) and can be plotted using plot-bamstats
# This file contains statistics for all reads.
# The command line was:  stats -@ 4 149_ophiostoma.sorted.bam
# CHK, Checksum	[2]Read Names	[3]Sequences	[4]Qualities
# CHK, CRC32 of reads which passed filtering followed by addition (32bit overflow)
CHK	9401a563	19b282bb	fe8ffba1
# Summary Numbers. Use `grep ^SN | cut -f 2-` to extract this part.
SN	raw total sequences:	49299372	# excluding supplementary and secondary reads
SN	filtered sequences:	0
SN	sequences:	49299372
SN	is sorted:	1
SN	1st fragments:	24649686
SN	last fragments:	24649686
SN	reads mapped:	46318576
SN	reads mapped and paired:	45494570	# paired-end technology bit set + both mates mapped
SN	reads unmapped:	2980796
SN	reads properly paired:	45140912	# proper-pair bit set
SN	reads paired:	49299372	# paired-end technology bit set
SN	reads duplicated:	0	# PCR or optical duplicate bit set
SN	reads MQ0:	8776	# mapped and MQ=0
SN	reads QC failed:	0
SN	non-primary alignments:	93232
SN	supplementary alignments:	0
SN	total length:	7160508273	# ignores clipping
SN	total first fragment length:	3579917887	# ignores clipping
SN	total last fragment length:	3580590386	# ignores clipping
SN	bases mapped:	6727616305	# ignores clipping
SN	bases mapped (cigar):	6712681772	# more accurate
SN	bases trimmed:	0
SN	bases duplicated:	0
SN	mismatches:	25379088	# from NM fields
SN	error rate:	3.780767e-03	# mismatches / bases mapped (cigar)
SN	average length:	145
SN	average first fragment length:	145
SN	average last fragment length:	145
SN	maximum length:	151
SN	maximum first fragment length:	151
SN	maximum last fragment length:	151
SN	average quality:	36.2
SN	insert size average:	207.8
SN	insert size standard deviation:	73.0
SN	inward oriented pairs:	20001184
SN	outward oriented pairs:	2602994
SN	pairs with other orientation:	11817
SN	pairs on different chromosomes:	131290
SN	percentage of properly paired reads (%):	91.6
# First Fragment Qualities. Use `grep ^FFQ | cut -f 2-` to extract this part.
# Columns correspond to qualities and rows to cycles. First column is the cycle number.
FFQ	1	0	0	0	0	0	0	0	0	0	0	0	329631	0	0	0	0	0	0	0	0	0	0	0	0	0	562631	0	0	0	0	0	0	0	0	0	0	0	23757424	0
FFQ	2	0	0	24	0	0	0	0	0	0	0	0	255456	0	0	0	0	0	0	0	0	0	0	0	0	0	566337	0	0	0	0	0	0	0	0	0	0	0	23827869	0
FFQ	3	0	0	145	0	0	0	0	0	0	0	0	247571	0	0	0	0	0	0	0	0	0	0	0	0	0	546621	0	0	0	0	0	0	0	0	0	0	0	23855349	0
FFQ	4	0	0	15752	0	0	0	0	0	0	0	0	204515	0	0	0	0	0	0	0	0	0	0	0	0	0	500108	0	0	0	0	0	0	0	0	0	0	0	23929311	0
FFQ	5	0	0	29	0	0	0	0	0	0	0	0	190510	0	0	0	0	0	0	0	0	0	0	0	0	0	476256	0	0	0	0	0	0	0	0	0	0	0	23982891	0
FFQ	6	0	0	1061	0	0	0	0	0	0	0	0	196196	0	0	0	0	0	0	0	0	0	0	0	0	0	519151	0	0	0	0	0	0	0	0	0	0	0	23933278	0
FFQ	7	0	0	0	0	0	0	0	0	0	0	0	217722	0	0	0	0	0	0	0	0	0	0	0	0	0	506678	0	0	0	0	0	0	0	0	0	0	0	23925286	0
FFQ	8	0	0	0	0	0	0	0	0	0	0	0	189270	0	0	0	0	0	0	0	0	0	0	0	0	0	465929	0	0	0	0	0	0	0	0	0	0	0	23994487	0
FFQ	9	0	0	0	0	0	0	0	0	0	0	0	200756	0	0	0	0	0	0	0	0	0	0	0	0	0	502850	0	0	0	0	0	0	0	0	0	0	0	23946080	0
FFQ	10	0	0	0	0	0	0	0	0	0	0	0	182644	0	0	0	0	0	0	0	0	0	0	0	0	0	489966	0	0	0	0	0	0	0	0	0	0	0	23977076	0
FFQ	11	0	0	0	0	0	0	0	0	0	0	0	190892	0	0	0	0	0	0	0	0	0	0	0	0	0	488662	0	0	0	0	0	0	0	0	0	0	0	23970132	0
FFQ	12	0	0	0	0	0	0	0	0	0	0	0	196116	0	0	0	0	0	0	0	0	0	0	0	0	0	499513	0	0	0	0	0	0	0	0	0	0	0	23954057	0
FFQ	13	0	0	6	0	0	0	0	0	0	0	0	196561	0	0	0	0	0	0	0	0	0	0	0	0	0	507516	0	0	0	0	0	0	0	0	0	0	0	23945603	0
FFQ	14	0	0	0	0	0	0	0	0	0	0	0	196398	0	0	0	0	0	0	0	0	0	0	0	0	0	513928	0	0	0	0	0	0	0	0	0	0	0	23939360	0
FFQ	15	0	0	0	0	0	0	0	0	0	0	0	192620	0	0	0	0	0	0	0	0	0	0	0	0	0	519130	0	0	0	0	0	0	0	0	0	0	0	23937936	0
FFQ	16	0	0	1500	0	0	0	0	0	0	0	0	199844	0	0	0	0	0	0	0	0	0	0	0	0	0	528985	0	0	0	0	0	0	0	0	0	0	0	23919357	0
FFQ	17	0	0	0	0	0	0	0	0	0	0	0	192646	0	0	0	0	0	0	0	0	0	0	0	0	0	514248	0	0	0	0	0	0	0	0	0	0	0	23942792	0
FFQ	18	0	0	0	0	0	0	0	0	0	0	0	200703	0	0	0	0	0	0	0	0	0	0	0	0	0	528645	0	0	0	0	0	0	0	0	0	0	0	23920338	0
FFQ	19	0	0	0	0	0	0	0	0	0	0	0	200270	0	0	0	0	0	0	0	0	0	0	0	0	0	533137	0	0	0	0	0	0	0	0	0	0	0	23916279	0
FFQ	20	0	0	3	0	0	0	0	0	0	0	0	199629	0	0	0	0	0	0	0	0	0	0	0	0	0	531469	0	0	0	0	0	0	0	0	0	0	0	23918585	0
FFQ	21	0	0	3	0	0	0	0	0	0	0	0	208001	0	0	0	0	0	0	0	0	0	0	0	0	0	542629	0	0	0	0	0	0	0	0	0	0	0	23899053	0
FFQ	22	0	0	59	0	0	0	0	0	0	0	0	209551	0	0	0	0	0	0	0	0	0	0	0	0	0	546625	0	0	0	0	0	0	0	0	0	0	0	23893451	0
FFQ	23	0	0	0	0	0	0	0	0	0	0	0	213559	0	0	0	0	0	0	0	0	0	0	0	0	0	558738	0	0	0	0	0	0	0	0	0	0	0	23877389	0
FFQ	24	0	0	1	0	0	0	0	0	0	0	0	215966	0	0	0	0	0	0	0	0	0	0	0	0	0	554932	0	0	0	0	0	0	0	0	0	0	0	23878787	0
FFQ	25	0	0	0	0	0	0	0	0	0	0	0	226757	0	0	0	0	0	0	0	0	0	0	0	0	0	572820	0	0	0	0	0	0	0	0	0	0	0	23850109	0
FFQ	26	0	0	232	0	0	0	0	0	0	0	0	242163	0	0	0	0	0	0	0	0	0	0	0	0	0	574734	0	0	0	0	0	0	0	0	0	0	0	23832557	0
FFQ	27	0	0	3	0	0	0	0	0	0	0	0	245092	0	0	0	0	0	0	0	0	0	0	0	0	0	583310	0	0	0	0	0	0	0	0	0	0	0	23821281	0
FFQ	28	0	0	0	0	0	0	0	0	0	0	0	246999	0	0	0	0	0	0	0	0	0	0	0	0	0	582548	0	0	0	0	0	0	0	0	0	0	0	23820139	0
FFQ	29	0	0	0	0	0	0	0	0	0	0	0	250683	0	0	0	0	0	0	0	0	0	0	0	0	0	595052	0	0	0	0	0	0	0	0	0	0	0	23803951	0
FFQ	30	0	0	31	0	0	0	0	0	0	0	0	256800	0	0	0	0	0	0	0	0	0	0	0	0	0	596249	0	0	0	0	0	0	0	0	0	0	0	23796606	0
FFQ	31	0	0	1	0	0	0	0	0	0	0	0	257782	0	0	0	0	0	0	0	0	0	0	0	0	0	593759	0	0	0	0	0	0	0	0	0	0	0	23798144	0
FFQ	32	0	0	3	0	0	0	0	0	0	0	0	258732	0	0	0	0	0	0	0	0	0	0	0	0	0	595452	0	0	0	0	0	0	0	0	0	0	0	23795499	0
FFQ	33	0	0	2	0	0	0	0	0	0	0	0	263069	0	0	0	0	0	0	0	0	0	0	0	0	0	602668	0	0	0	0	0	0	0	0	0	0	0	23783947	0
FFQ	34	0	0	0	0	0	0	0	0	0	0	0	265522	0	0	0	0	0	0	0	0	0	0	0	0	0	606299	0	0	0	0	0	0	0	0	0	0	0	23777865	0
FFQ	35	0	0	0	0	0	0	0	0	0	0	0	275263	0	0	0	0	0	0	0	0	0	0	0	0	0	621111	0	0	0	0	0	0	0	0	0	0	0	23753312	0
FFQ	36	0	0	542	0	0	0	0	0	0	0	0	276288	0	0	0	0	0	0	0	0	0	0	0	0	0	629031	0	0	0	0	0	0	0	0	0	0	0	23743616	0
FFQ	37	0	0	0	0	0	0	0	0	0	0	0	277314	0	0	0	0	0	0	0	0	0	0	0	0	0	623856	0	0	0	0	0	0	0	0	0	0	0	23748164	0
FFQ	38	0	0	1	0	0	0	0	0	0	0	0	274514	0	0	0	0	0	0	0	0	0	0	0	0	0	626439	0	0	0	0	0	0	0	0	0	0	0	23748190	0
FFQ	39	0	0	0	0	0	0	0	0	0	0	0	277509	0	0	0	0	0	0	0	0	0	0	0	0	0	625425	0	0	0	0	0	0	0	0	0	0	0	23746063	0
FFQ	40	0	0	1	0	0	0	0	0	0	0	0	279526	0	0	0	0	0	0	0	0	0	0	0	0	0	624404	0	0	0	0	0	0	0	0	0	0	0	23744883	0
FFQ	41	0	0	0	0	0	0	0	0	0	0	0	286054	0	0	0	0	0	0	0	0	0	0	0	0	0	639785	0	0	0	0	0	0	0	0	0	0	0	23722774	0
FFQ	42	0	0	0	0	0	0	0	0	0	0	0	282068	0	0	0	0	0	0	0	0	0	0	0	0	0	639147	0	0	0	0	0	0	0	0	0	0	0	23727179	0
FFQ	43	0	0	0	0	0	0	0	0	0	0	0	286106	0	0	0	0	0	0	0	0	0	0	0	0	0	636256	0	0	0	0	0	0	0	0	0	0	0	23725805	0
FFQ	44	0	0	619	0	0	0	0	0	0	0	0	290776	0	0	0	0	0	0	0	0	0	0	0	0	0	644519	0	0	0	0	0	0	0	0	0	0	0	23712042	0
FFQ	45	0	0	0	0	0	0	0	0	0	0	0	294382	0	0	0	0	0	0	0	0	0	0	0	0	0	658145	0	0	0	0	0	0	0	0	0	0	0	23695140	0
FFQ	46	0	0	0	0	0	0	0	0	0	0	0	301414	0	0	0	0	0	0	0	0	0	0	0	0	0	661713	0	0	0	0	0	0	0	0	0	0	0	23684231	0
FFQ	47	0	0	5	0	0	0	0	0	0	0	0	299965	0	0	0	0	0	0	0	0	0	0	0	0	0	663113	0	0	0	0	0	0	0	0	0	0	0	23683952	0
FFQ	48	0	0	1	0	0	0	0	0	0	0	0	299943	0	0	0	0	0	0	0	0	0	0	0	0	0	666452	0	0	0	0	0	0	0	0	0	0	0	23680282	0
FFQ	49	0	0	11	0	0	0	0	0	0	0	0	302174	0	0	0	0	0	0	0	0	0	0	0	0	0	662891	0	0	0	0	0	0	0	0	0	0	0	23681130	0
FFQ	50	0	0	509	0	0	0	0	0	0	0	0	297902	0	0	0	0	0	0	0	0	0	0	0	0	0	660873	0	0	0	0	0	0	0	0	0	0	0	23686399	0
FFQ	51	0	0	116	0	0	0	0	0	0	0	0	306513	0	0	0	0	0	0	0	0	0	0	0	0	0	675302	0	0	0	0	0	0	0	0	0	0	0	23663116	0
FFQ	52	0	0	1	0	0	0	0	0	0	0	0	307496	0	0	0	0	0	0	0	0	0	0	0	0	0	671504	0	0	0	0	0	0	0	0	0	0	0	23665404	0
FFQ	53	0	0	1824	0	0	0	0	0	0	0	0	303577	0	0	0	0	0	0	0	0	0	0	0	0	0	670231	0	0	0	0	0	0	0	0	0	0	0	23668147	0
FFQ	54	0	0	20890	0	0	0	0	0	0	0	0	305733	0	0	0	0	0	0	0	0	0	0	0	0	0	672932	0	0	0	0	0	0	0	0	0	0	0	23643674	0
FFQ	55	0	0	1481	0	0	0	0	0	0	0	0	312320	0	0	0	0	0	0	0	0	0	0	0	0	0	681468	0	0	0	0	0	0	0	0	0	0	0	23647292	0
FFQ	56	0	0	531	0	0	0	0	0	0	0	0	320450	0	0	0	0	0	0	0	0	0	0	0	0	0	697216	0	0	0	0	0	0	0	0	0	0	0	23623751	0
FFQ	57	0	0	0	0	0	0	0	0	0	0	0	319716	0	0	0	0	0	0	0	0	0	0	0	0	0	694944	0	0	0	0	0	0	0	0	0	0	0	23626680	0
FFQ	58	0	0	0	0	0	0	0	0	0	0	0	315171	0	0	0	0	0	0	0	0	0	0	0	0	0	686324	0	0	0	0	0	0	0	0	0	0	0	23639214	0
FFQ	59	0	0	5	0	0	0	0	0	0	0	0	324737	0	0	0	0	0	0	0	0	0	0	0	0	0	702382	0	0	0	0	0	0	0	0	0	0	0	23612828	0
FFQ	60	0	0	0	0	0	0	0	0	0	0	0	327357	0	0	0	0	0	0	0	0	0	0	0	0	0	701657	0	0	0	0	0	0	0	0	0	0	0	23610079	0
FFQ	61	0	0	0	0	0	0	0	0	0	0	0	312464	0	0	0	0	0	0	0	0	0	0	0	0	0	680356	0	0	0	0	0	0	0	0	0	0	0	23645315	0
FFQ	62	0	0	26	0	0	0	0	0	0	0	0	315027	0	0	0	0	0	0	0	0	0	0	0	0	0	690443	0	0	0	0	0	0	0	0	0	0	0	23631574	0
FFQ	63	0	0	8	0	0	0	0	0	0	0	0	328862	0	0	0	0	0	0	0	0	0	0	0	0	0	707258	0	0	0	0	0	0	0	0	0	0	0	23599802	0
FFQ	64	0	0	24	0	0	0	0	0	0	0	0	322256	0	0	0	0	0	0	0	0	0	0	0	0	0	697360	0	0	0	0	0	0	0	0	0	0	0	23615095	0
FFQ	65	0	0	8	0	0	0	0	0	0	0	0	322265	0	0	0	0	0	0	0	0	0	0	0	0	0	700435	0	0	0	0	0	0	0	0	0	0	0	23610697	0
FFQ	66	0	0	0	0	0	0	0	0	0	0	0	334769	0	0	0	0	0	0	0	0	0	0	0	0	0	718340	0	0	0	0	0	0	0	0	0	0	0	23578942	0
FFQ	67	0	0	98	0	0	0	0	0	0	0	0	340245	0	0	0	0	0	0	0	0	0	0	0	0	0	728663	0	0	0	0	0	0	0	0	0	0	0	23561600	0
FFQ	68	0	0	273	0	0	0	0	0	0	0	0	339836	0	0	0	0	0	0	0	0	0	0	0	0	0	731654	0	0	0	0	0	0	0	0	0	0	0	23557124	0
FFQ	69	0	0	209	0	0	0	0	0	0	0	0	341979	0	0	0	0	0	0	0	0	0	0	0	0	0	732178	0	0	0	0	0	0	0	0	0	0	0	23552648	0
FFQ	70	0	0	33	0	0	0	0	0	0	0	0	342200	0	0	0	0	0	0	0	0	0	0	0	0	0	731626	0	0	0	0	0	0	0	0	0	0	0	23551034	0
FFQ	71	0	0	207	0	0	0	0	0	0	0	0	342966	0	0	0	0	0	0	0	0	0	0	0	0	0	731042	0	0	0	0	0	0	0	0	0	0	0	23548372	0
FFQ	72	0	0	216	0	0	0	0	0	0	0	0	347354	0	0	0	0	0	0	0	0	0	0	0	0	0	739343	0	0	0	0	0	0	0	0	0	0	0	23533099	0
FFQ	73	0	0	24	0	0	0	0	0	0	0	0	348287	0	0	0	0	0	0	0	0	0	0	0	0	0	737013	0	0	0	0	0	0	0	0	0	0	0	23531928	0
FFQ	74	0	0	18	0	0	0	0	0	0	0	0	341844	0	0	0	0	0	0	0	0	0	0	0	0	0	731593	0	0	0	0	0	0	0	0	0	0	0	23540585	0
FFQ	75	0	0	17	0	0	0	0	0	0	0	0	346349	0	0	0	0	0	0	0	0	0	0	0	0	0	738145	0	0	0	0	0	0	0	0	0	0	0	23526063	0
FFQ	76	0	0	13	0	0	0	0	0	0	0	0	349034	0	0	0	0	0	0	0	0	0	0	0	0	0	740222	0	0	0	0	0	0	0	0	0	0	0	23517557	0
FFQ	77	0	0	919	0	0	0	0	0	0	0	0	365872	0	0	0	0	0	0	0	0	0	0	0	0	0	762893	0	0	0	0	0	0	0	0	0	0	0	23472864	0
FFQ	78	0	0	314	0	0	0	0	0	0	0	0	361368	0	0	0	0	0	0	0	0	0	0	0	0	0	760489	0	0	0	0	0	0	0	0	0	0	0	23475741	0
FFQ	79	0	0	21	0	0	0	0	0	0	0	0	358689	0	0	0	0	0	0	0	0	0	0	0	0	0	748886	0	0	0	0	0	0	0	0	0	0	0	23485048	0
FFQ	80	0	0	4	0	0	0	0	0	0	0	0	366658	0	0	0	0	0	0	0	0	0	0	0	0	0	765995	0	0	0	0	0	0	0	0	0	0	0	23453807	0
FFQ	81	0	0	5	0	0	0	0	0	0	0	0	372534	0	0	0	0	0	0	0	0	0	0	0	0	0	775519	0	0	0	0	0	0	0	0	0	0	0	23431953	0
FFQ	82	0	0	11	0	0	0	0	0	0	0	0	368404	0	0	0	0	0	0	0	0	0	0	0	0	0	763728	0	0	0	0	0	0	0	0	0	0	0	23440694	0
FFQ	83	0	0	6	0	0	0	0	0	0	0	0	371424	0	0	0	0	0	0	0	0	0	0	0	0	0	772120	0	0	0	0	0	0	0	0	0	0	0	23421273	0
FFQ	84	0	0	50	0	0	0	0	0	0	0	0	374610	0	0	0	0	0	0	0	0	0	0	0	0	0	778574	0	0	0	0	0	0	0	0	0	0	0	23402594	0
FFQ	85	0	0	53	0	0	0	0	0	0	0	0	380414	0	0	0	0	0	0	0	0	0	0	0	0	0	780555	0	0	0	0	0	0	0	0	0	0	0	23384824	0
FFQ	86	0	0	0	0	0	0	0	0	0	0	0	380266	0	0	0	0	0	0	0	0	0	0	0	0	0	787372	0	0	0	0	0	0	0	0	0	0	0	23367069	0
FFQ	87	0	0	0	0	0	0	0	0	0	0	0	380845	0	0	0	0	0	0	0	0	0	0	0	0	0	784242	0	0	0	0	0	0	0	0	0	0	0	23357521	0
FFQ	88	0	0	1	0	0	0	0	0	0	0	0	377719	0	0	0	0	0	0	0	0	0	0	0	0	0	781782	0	0	0	0	0	0	0	0	0	0	0	23350041	0
FFQ	89	0	0	0	0	0	0	0	0	0	0	0	377242	0	0	0	0	0	0	0	0	0	0	0	0	0	786191	0	0	0	0	0	0	0	0	0	0	0	23331387	0
FFQ	90	0	0	2	0	0	0	0	0	0	0	0	382809	0	0	0	0	0	0	0	0	0	0	0	0	0	786191	0	0	0	0	0	0	0	0	0	0	0	23310073	0
FFQ	91	0	0	0	0	0	0	0	0	0	0	0	384784	0	0	0	0	0	0	0	0	0	0	0	0	0	790587	0	0	0	0	0	0	0	0	0	0	0	23286336	0
FFQ	92	0	0	12	0	0	0	0	0	0	0	0	400853	0	0	0	0	0	0	0	0	0	0	0	0	0	815483	0	0	0	0	0	0	0	0	0	0	0	23226427	0
FFQ	93	0	0	1	0	0	0	0	0	0	0	0	400648	0	0	0	0	0	0	0	0	0	0	0	0	0	813507	0	0	0	0	0	0	0	0	0	0	0	23207921	0
FFQ	94	0	0	196	0	0	0	0	0	0	0	0	405174	0	0	0	0	0	0	0	0	0	0	0	0	0	817093	0	0	0	0	0	0	0	0	0	0	0	23176650	0
FFQ	95	0	0	209	0	0	0	0	0	0	0	0	406304	0	0	0	0	0	0	0	0	0	0	0	0	0	824199	0	0	0	0	0	0	0	0	0	0	0	23142552	0
FFQ	96	0	0	134	0	0	0	0	0	0	0	0	412197	0	0	0	0	0	0	0	0	0	0	0	0	0	829338	0	0	0	0	0	0	0	0	0	0	0	23104057	0
FFQ	97	0	0	4	0	0	0	0	0	0	0	0	398668	0	0	0	0	0	0	0	0	0	0	0	0	0	810400	0	0	0	0	0	0	0	0	0	0	0	23107230	0
FFQ	98	0	0	1	0	0	0	0	0	0	0	0	405753	0	0	0	0	0	0	0	0	0	0	0	0	0	826875	0	0	0	0	0	0	0	0	0	0	0	23051526	0
FFQ	99	0	0	0	0	0	0	0	0	0	0	0	425049	0	0	0	0	0	0	0	0	0	0	0	0	0	847170	0	0	0	0	0	0	0	0	0	0	0	22977819	0
FFQ	100	0	0	110	0	0	0	0	0	0	0	0	430561	0	0	0	0	0	0	0	0	0	0	0	0	0	853106	0	0	0	0	0	0	0	0	0	0	0	22930243	0
FFQ	101	0	0	92	0	0	0	0	0	0	0	0	408294	0	0	0	0	0	0	0	0	0	0	0	0	0	824569	0	0	0	0	0	0	0	0	0	0	0	22941406	0
FFQ	102	0	0	43	0	0	0	0	0	0	0	0	415424	0	0	0	0	0	0	0	0	0	0	0	0	0	833364	0	0	0	0	0	0	0	0	0	0	0	22883902	0
FFQ	103	0	0	11	0	0	0	0	0	0	0	0	411640	0	0	0	0	0	0	0	0	0	0	0	0	0	828054	0	0	0	0	0	0	0	0	0	0	0	22848631	0
FFQ	104	0	0	1	0	0	0	0	0	0	0	0	408869	0	0	0	0	0	0	0	0	0	0	0	0	0	826710	0	0	0	0	0	0	0	0	0	0	0	22804598	0
FFQ	105	0	0	1	0	0	0	0	0	0	0	0	420474	0	0	0	0	0	0	0	0	0	0	0	0	0	843725	0	0	0	0	0	0	0	0	0	0	0	22725935	0
FFQ	106	0	0	37	0	0	0	0	0	0	0	0	428167	0	0	0	0	0	0	0	0	0	0	0	0	0	849023	0	0	0	0	0	0	0	0	0	0	0	22659855	0
FFQ	107	0	0	0	0	0	0	0	0	0	0	0	425449	0	0	0	0	0	0	0	0	0	0	0	0	0	845572	0	0	0	0	0	0	0	0	0	0	0	22608969	0
FFQ	108	0	0	2	0	0	0	0	0	0	0	0	419311	0	0	0	0	0	0	0	0	0	0	0	0	0	841222	0	0	0	0	0	0	0	0	0	0	0	22560297	0
FFQ	109	0	0	0	0	0	0	0	0	0	0	0	430871	0	0	0	0	0	0	0	0	0	0	0	0	0	858814	0	0	0	0	0	0	0	0	0	0	0	22469033	0
FFQ	110	0	0	0	0	0	0	0	0	0	0	0	434271	0	0	0	0	0	0	0	0	0	0	0	0	0	857518	0	0	0	0	0	0	0	0	0	0	0	22401423	0
FFQ	111	0	0	4	0	0	0	0	0	0	0	0	436306	0	0	0	0	0	0	0	0	0	0	0	0	0	865658	0	0	0	0	0	0	0	0	0	0	0	22323733	0
FFQ	112	0	0	29	0	0	0	0	0	0	0	0	435629	0	0	0	0	0	0	0	0	0	0	0	0	0	859321	0	0	0	0	0	0	0	0	0	0	0	22259750	0
FFQ	113	0	0	14	0	0	0	0	0	0	0	0	424716	0	0	0	0	0	0	0	0	0	0	0	0	0	848317	0	0	0	0	0	0	0	0	0	0	0	22206060	0
FFQ	114	0	0	1262	0	0	0	0	0	0	0	0	429689	0	0	0	0	0	0	0	0	0	0	0	0	0	856417	0	0	0	0	0	0	0	0	0	0	0	22114559	0
FFQ	115	0	0	585	0	0	0	0	0	0	0	0	422453	0	0	0	0	0	0	0	0	0	0	0	0	0	842698	0	0	0	0	0	0	0	0	0	0	0	22055767	0
FFQ	116	0	0	0	0	0	0	0	0	0	0	0	422752	0	0	0	0	0	0	0	0	0	0	0	0	0	847341	0	0	0	0	0	0	0	0	0	0	0	21966276	0
FFQ	117	0	0	83	0	0	0	0	0	0	0	0	418203	0	0	0	0	0	0	0	0	0	0	0	0	0	839089	0	0	0	0	0	0	0	0	0	0	0	21892541	0
FFQ	118	0	0	279	0	0	0	0	0	0	0	0	418855	0	0	0	0	0	0	0	0	0	0	0	0	0	840886	0	0	0	0	0	0	0	0	0	0	0	21800018	0
FFQ	119	0	0	189	0	0	0	0	0	0	0	0	427040	0	0	0	0	0	0	0	0	0	0	0	0	0	848406	0	0	0	0	0	0	0	0	0	0	0	21690390	0
FFQ	120	0	0	1	0	0	0	0	0	0	0	0	445389	0	0	0	0	0	0	0	0	0	0	0	0	0	877402	0	0	0	0	0	0	0	0	0	0	0	21548336	0
FFQ	121	0	0	8	0	0	0	0	0	0	0	0	440372	0	0	0	0	0	0	0	0	0	0	0	0	0	861912	0	0	0	0	0	0	0	0	0	0	0	21471276	0
FFQ	122	0	0	0	0	0	0	0	0	0	0	0	435092	0	0	0	0	0	0	0	0	0	0	0	0	0	857073	0	0	0	0	0	0	0	0	0	0	0	21379722	0
FFQ	123	0	0	0	0	0	0	0	0	0	0	0	447235	0	0	0	0	0	0	0	0	0	0	0	0	0	876298	0	0	0	0	0	0	0	0	0	0	0	21244993	0
FFQ	124	0	0	33	0	0	0	0	0	0	0	0	432185	0	0	0	0	0	0	0	0	0	0	0	0	0	852173	0	0	0	0	0	0	0	0	0	0	0	21178202	0
FFQ	125	0	0	0	0	0	0	0	0	0	0	0	428972	0	0	0	0	0	0	0	0	0	0	0	0	0	853034	0	0	0	0	0	0	0	0	0	0	0	21069856	0
FFQ	126	0	0	0	0	0	0	0	0	0	0	0	442563	0	0	0	0	0	0	0	0	0	0	0	0	0	867898	0	0	0	0	0	0	0	0	0	0	0	20930448	0
FFQ	127	0	0	0	0	0	0	0	0	0	0	0	448543	0	0	0	0	0	0	0	0	0	0	0	0	0	865658	0	0	0	0	0	0	0	0	0	0	0	20812434	0
FFQ	128	0	0	0	0	0	0	0	0	0	0	0	449310	0	0	0	0	0	0	0	0	0	0	0	0	0	876184	0	0	0	0	0	0	0	0	0	0	0	20683222	0
FFQ	129	0	0	0	0	0	0	0	0	0	0	0	440687	0	0	0	0	0	0	0	0	0	0	0	0	0	860384	0	0	0	0	0	0	0	0	0	0	0	20588914	0
FFQ	130	0	0	0	0	0	0	0	0	0	0	0	439141	0	0	0	0	0	0	0	0	0	0	0	0	0	858235	0	0	0	0	0	0	0	0	0	0	0	20471723	0
FFQ	131	0	0	0	0	0	0	0	0	0	0	0	453196	0	0	0	0	0	0	0	0	0	0	0	0	0	881501	0	0	0	0	0	0	0	0	0	0	0	20310812	0
FFQ	132	0	0	0	0	0	0	0	0	0	0	0	469888	0	0	0	0	0	0	0	0	0	0	0	0	0	894410	0	0	0	0	0	0	0	0	0	0	0	20156723	0
FFQ	133	0	0	22	0	0	0	0	0	0	0	0	458981	0	0	0	0	0	0	0	0	0	0	0	0	0	877641	0	0	0	0	0	0	0	0	0	0	0	20057249	0
FFQ	134	0	0	1	0	0	0	0	0	0	0	0	453302	0	0	0	0	0	0	0	0	0	0	0	0	0	874957	0	0	0	0	0	0	0	0	0	0	0	19933364	0
FFQ	135	0	0	0	0	0	0	0	0	0	0	0	457436	0	0	0	0	0	0	0	0	0	0	0	0	0	879961	0	0	0	0	0	0	0	0	0	0	0	19790781	0
FFQ	136	0	0	0	0	0	0	0	0	0	0	0	445775	0	0	0	0	0	0	0	0	0	0	0	0	0	861317	0	0	0	0	0	0	0	0	0	0	0	19686125	0
FFQ	137	0	0	17	0	0	0	0	0	0	0	0	454645	0	0	0	0	0	0	0	0	0	0	0	0	0	875230	0	0	0	0	0	0	0	0	0	0	0	19523833	0
FFQ	138	0	0	12	0	0	0	0	0	0	0	0	462504	0	0	0	0	0	0	0	0	0	0	0	0	0	882055	0	0	0	0	0	0	0	0	0	0	0	19368384	0
FFQ	139	0	0	0	0	0	0	0	0	0	0	0	444966	0	0	0	0	0	0	0	0	0	0	0	0	0	860660	0	0	0	0	0	0	0	0	0	0	0	19266358	0
FFQ	140	0	0	3	0	0	0	0	0	0	0	0	444439	0	0	0	0	0	0	0	0	0	0	0	0	0	862821	0	0	0	0	0	0	0	0	0	0	0	19120633	0
FFQ	141	0	0	9	0	0	0	0	0	0	0	0	452290	0	0	0	0	0	0	0	0	0	0	0	0	0	871098	0	0	0	0	0	0	0	0	0	0	0	18959566	0
FFQ	142	0	0	21	0	0	0	0	0	0	0	0	455692	0	0	0	0	0	0	0	0	0	0	0	0	0	870695	0	0	0	0	0	0	0	0	0	0	0	18809626	0
FFQ	143	0	0	0	0	0	0	0	0	0	0	0	465185	0	0	0	0	0	0	0	0	0	0	0	0	0	887734	0	0	0	0	0	0	0	0	0	0	0	18631657	0
FFQ	144	0	0	0	0	0	0	0	0	0	0	0	459049	0	0	0	0	0	0	0	0	0	0	0	0	0	882078	0	0	0	0	0	0	0	0	0	0	0	18488308	0
FFQ	145	0	0	31	0	0	0	0	0	0	0	0	441668	0	0	0	0	0	0	0	0	0	0	0	0	0	860717	0	0	0	0	0	0	0	0	0	0	0	18370677	0
FFQ	146	0	0	11761	0	0	0	0	0	0	0	0	457418	0	0	0	0	0	0	0	0	0	0	0	0	0	884889	0	0	0	0	0	0	0	0	0	0	0	18151729	0
FFQ	147	0	0	255	0	0	0	0	0	0	0	0	441973	0	0	0	0	0	0	0	0	0	0	0	0	0	878698	0	0	0	0	0	0	0	0	0	0	0	17987965	0
FFQ	148	0	0	1	0	0	0	0	0	0	0	0	398242	0	0	0	0	0	0	0	0	0	0	0	0	0	851643	0	0	0	0	0	0	0	0	0	0	0	17861130	0
FFQ	149	0	0	146	0	0	0	0	0	0	0	0	409030	0	0	0	0	0	0	0	0	0	0	0	0	0	864901	0	0	0	0	0	0	0	0	0	0	0	17678311	0
FFQ	150	0	0	0	0	0	0	0	0	0	0	0	428263	0	0	0	0	0	0	0	0	0	0	0	0	0	883871	0	0	0	0	0	0	0	0	0	0	0	17485314	0
FFQ	151	0	0	0	0	0	0	0	0	0	0	0	530379	0	0	0	0	0	0	0	0	0	0	0	0	0	1058007	0	0	0	0	0	0	0	0	0	0	0	17048602	0
# Last Fragment Qualities. Use `grep ^LFQ | cut -f 2-` to extract this part.
# Columns correspond to qualities and rows to cycles. First column is the cycle number.
LFQ	1	0	0	0	0	0	0	0	0	0	0	0	351279	0	0	0	0	0	0	0	0	0	0	0	0	0	785507	0	0	0	0	0	0	0	0	0	0	0	23512900	0
LFQ	2	0	0	73	0	0	0	0	0	0	0	0	257043	0	0	0	0	0	0	0	0	0	0	0	0	0	643709	0	0	0	0	0	0	0	0	0	0	0	23748861	0
LFQ	3	0	0	142	0	0	0	0	0	0	0	0	249437	0	0	0	0	0	0	0	0	0	0	0	0	0	638638	0	0	0	0	0	0	0	0	0	0	0	23761469	0
LFQ	4	0	0	120	0	0	0	0	0	0	0	0	219881	0	0	0	0	0	0	0	0	0	0	0	0	0	588010	0	0	0	0	0	0	0	0	0	0	0	23841675	0
LFQ	5	0	0	0	0	0	0	0	0	0	0	0	225377	0	0	0	0	0	0	0	0	0	0	0	0	0	569545	0	0	0	0	0	0	0	0	0	0	0	23854764	0
LFQ	6	0	0	1	0	0	0	0	0	0	0	0	250382	0	0	0	0	0	0	0	0	0	0	0	0	0	640742	0	0	0	0	0	0	0	0	0	0	0	23758561	0
LFQ	7	0	0	0	0	0	0	0	0	0	0	0	267885	0	0	0	0	0	0	0	0	0	0	0	0	0	661568	0	0	0	0	0	0	0	0	0	0	0	23720233	0
LFQ	8	0	0	0	0	0	0	0	0	0	0	0	256673	0	0	0	0	0	0	0	0	0	0	0	0	0	621085	0	0	0	0	0	0	0	0	0	0	0	23771928	0
LFQ	9	0	0	0	0	0	0	0	0	0	0	0	255568	0	0	0	0	0	0	0	0	0	0	0	0	0	629406	0	0	0	0	0	0	0	0	0	0	0	23764712	0
LFQ	10	0	0	700	0	0	0	0	0	0	0	0	237112	0	0	0	0	0	0	0	0	0	0	0	0	0	614498	0	0	0	0	0	0	0	0	0	0	0	23797376	0
LFQ	11	0	0	0	0	0	0	0	0	0	0	0	237634	0	0	0	0	0	0	0	0	0	0	0	0	0	593001	0	0	0	0	0	0	0	0	0	0	0	23819051	0
LFQ	12	0	0	0	0	0	0	0	0	0	0	0	236079	0	0	0	0	0	0	0	0	0	0	0	0	0	586597	0	0	0	0	0	0	0	0	0	0	0	23827010	0
LFQ	13	0	0	0	0	0	0	0	0	0	0	0	238637	0	0	0	0	0	0	0	0	0	0	0	0	0	593858	0	0	0	0	0	0	0	0	0	0	0	23817191	0
LFQ	14	0	0	0	0	0	0	0	0	0	0	0	241406	0	0	0	0	0	0	0	0	0	0	0	0	0	604325	0	0	0	0	0	0	0	0	0	0	0	23803955	0
LFQ	15	0	0	0	0	0	0	0	0	0	0	0	242463	0	0	0	0	0	0	0	0	0	0	0	0	0	607972	0	0	0	0	0	0	0	0	0	0	0	23799251	0
LFQ	16	0	0	1	0	0	0	0	0	0	0	0	246006	0	0	0	0	0	0	0	0	0	0	0	0	0	613317	0	0	0	0	0	0	0	0	0	0	0	23790362	0
LFQ	17	0	0	0	0	0	0	0	0	0	0	0	248170	0	0	0	0	0	0	0	0	0	0	0	0	0	616281	0	0	0	0	0	0	0	0	0	0	0	23785235	0
LFQ	18	0	0	0	0	0	0	0	0	0	0	0	249350	0	0	0	0	0	0	0	0	0	0	0	0	0	618461	0	0	0	0	0	0	0	0	0	0	0	23781875	0
LFQ	19	0	0	0	0	0	0	0	0	0	0	0	254631	0	0	0	0	0	0	0	0	0	0	0	0	0	629623	0	0	0	0	0	0	0	0	0	0	0	23765432	0
LFQ	20	0	0	6	0	0	0	0	0	0	0	0	251729	0	0	0	0	0	0	0	0	0	0	0	0	0	623864	0	0	0	0	0	0	0	0	0	0	0	23774087	0
LFQ	21	0	0	0	0	0	0	0	0	0	0	0	259889	0	0	0	0	0	0	0	0	0	0	0	0	0	640510	0	0	0	0	0	0	0	0	0	0	0	23749287	0
LFQ	22	0	0	1	0	0	0	0	0	0	0	0	252387	0	0	0	0	0	0	0	0	0	0	0	0	0	623726	0	0	0	0	0	0	0	0	0	0	0	23773572	0
LFQ	23	0	0	1	0	0	0	0	0	0	0	0	257341	0	0	0	0	0	0	0	0	0	0	0	0	0	637684	0	0	0	0	0	0	0	0	0	0	0	23754660	0
LFQ	24	0	0	0	0	0	0	0	0	0	0	0	259481	0	0	0	0	0	0	0	0	0	0	0	0	0	641258	0	0	0	0	0	0	0	0	0	0	0	23748947	0
LFQ	25	0	0	153	0	0	0	0	0	0	0	0	265937	0	0	0	0	0	0	0	0	0	0	0	0	0	652151	0	0	0	0	0	0	0	0	0	0	0	23731445	0
LFQ	26	0	0	0	0	0	0	0	0	0	0	0	263587	0	0	0	0	0	0	0	0	0	0	0	0	0	651153	0	0	0	0	0	0	0	0	0	0	0	23734946	0
LFQ	27	0	0	15	0	0	0	0	0	0	0	0	267938	0	0	0	0	0	0	0	0	0	0	0	0	0	658893	0	0	0	0	0	0	0	0	0	0	0	23722840	0
LFQ	28	0	0	1	0	0	0	0	0	0	0	0	268891	0	0	0	0	0	0	0	0	0	0	0	0	0	657544	0	0	0	0	0	0	0	0	0	0	0	23723250	0
LFQ	29	0	0	0	0	0	0	0	0	0	0	0	270164	0	0	0	0	0	0	0	0	0	0	0	0	0	662351	0	0	0	0	0	0	0	0	0	0	0	23717171	0
LFQ	30	0	0	0	0	0	0	0	0	0	0	0	279495	0	0	0	0	0	0	0	0	0	0	0	0	0	677560	0	0	0	0	0	0	0	0	0	0	0	23692631	0
LFQ	31	0	0	0	0	0	0	0	0	0	0	0	271498	0	0	0	0	0	0	0	0	0	0	0	0	0	658621	0	0	0	0	0	0	0	0	0	0	0	23719567	0
LFQ	32	0	0	202	0	0	0	0	0	0	0	0	281799	0	0	0	0	0	0	0	0	0	0	0	0	0	677574	0	0	0	0	0	0	0	0	0	0	0	23690111	0
LFQ	33	0	0	0	0	0	0	0	0	0	0	0	278292	0	0	0	0	0	0	0	0	0	0	0	0	0	675634	0	0	0	0	0	0	0	0	0	0	0	23695760	0
LFQ	34	0	0	0	0	0	0	0	0	0	0	0	281104	0	0	0	0	0	0	0	0	0	0	0	0	0	680981	0	0	0	0	0	0	0	0	0	0	0	23687601	0
LFQ	35	0	0	1	0	0	0	0	0	0	0	0	285110	0	0	0	0	0	0	0	0	0	0	0	0	0	688068	0	0	0	0	0	0	0	0	0	0	0	23676507	0
LFQ	36	0	0	2	0	0	0	0	0	0	0	0	280669	0	0	0	0	0	0	0	0	0	0	0	0	0	679032	0	0	0	0	0	0	0	0	0	0	0	23689806	0
LFQ	37	0	0	3	0	0	0	0	0	0	0	0	284937	0	0	0	0	0	0	0	0	0	0	0	0	0	684831	0	0	0	0	0	0	0	0	0	0	0	23679611	0
LFQ	38	0	0	0	0	0	0	0	0	0	0	0	295083	0	0	0	0	0	0	0	0	0	0	0	0	0	703040	0	0	0	0	0	0	0	0	0	0	0	23651087	0
LFQ	39	0	0	0	0	0	0	0	0	0	0	0	285794	0	0	0	0	0	0	0	0	0	0	0	0	0	689194	0	0	0	0	0	0	0	0	0	0	0	23674065	0
LFQ	40	0	0	0	0	0	0	0	0	0	0	0	289681	0	0	0	0	0	0	0	0	0	0	0	0	0	697237	0	0	0	0	0	0	0	0	0	0	0	23661968	0
LFQ	41	0	0	301	0	0	0	0	0	0	0	0	294892	0	0	0	0	0	0	0	0	0	0	0	0	0	703226	0	0	0	0	0	0	0	0	0	0	0	23650279	0
LFQ	42	0	0	0	0	0	0	0	0	0	0	0	293751	0	0	0	0	0	0	0	0	0	0	0	0	0	700960	0	0	0	0	0	0	0	0	0	0	0	23653769	0
LFQ	43	0	0	0	0	0	0	0	0	0	0	0	292638	0	0	0	0	0	0	0	0	0	0	0	0	0	698638	0	0	0	0	0	0	0	0	0	0	0	23657000	0
LFQ	44	0	0	0	0	0	0	0	0	0	0	0	304044	0	0	0	0	0	0	0	0	0	0	0	0	0	719406	0	0	0	0	0	0	0	0	0	0	0	23624634	0
LFQ	45	0	0	1	0	0	0	0	0	0	0	0	305828	0	0	0	0	0	0	0	0	0	0	0	0	0	726631	0	0	0	0	0	0	0	0	0	0	0	23615364	0
LFQ	46	0	0	0	0	0	0	0	0	0	0	0	318755	0	0	0	0	0	0	0	0	0	0	0	0	0	745896	0	0	0	0	0	0	0	0	0	0	0	23582890	0
LFQ	47	0	0	1	0	0	0	0	0	0	0	0	326676	0	0	0	0	0	0	0	0	0	0	0	0	0	759919	0	0	0	0	0	0	0	0	0	0	0	23560646	0
LFQ	48	0	0	2	0	0	0	0	0	0	0	0	328133	0	0	0	0	0	0	0	0	0	0	0	0	0	761617	0	0	0	0	0	0	0	0	0	0	0	23557182	0
LFQ	49	0	0	0	0	0	0	0	0	0	0	0	328241	0	0	0	0	0	0	0	0	0	0	0	0	0	759515	0	0	0	0	0	0	0	0	0	0	0	23558802	0
LFQ	50	0	0	1	0	0	0	0	0	0	0	0	322779	0	0	0	0	0	0	0	0	0	0	0	0	0	752977	0	0	0	0	0	0	0	0	0	0	0	23570379	0
LFQ	51	0	0	14	0	0	0	0	0	0	0	0	307795	0	0	0	0	0	0	0	0	0	0	0	0	0	727135	0	0	0	0	0	0	0	0	0	0	0	23610678	0
LFQ	52	0	0	18	0	0	0	0	0	0	0	0	310484	0	0	0	0	0	0	0	0	0	0	0	0	0	732060	0	0	0	0	0	0	0	0	0	0	0	23602531	0
LFQ	53	0	0	1	0	0	0	0	0	0	0	0	325296	0	0	0	0	0	0	0	0	0	0	0	0	0	757154	0	0	0	0	0	0	0	0	0	0	0	23562110	0
LFQ	54	0	0	0	0	0	0	0	0	0	0	0	322958	0	0	0	0	0	0	0	0	0	0	0	0	0	750711	0	0	0	0	0	0	0	0	0	0	0	23570432	0
LFQ	55	0	0	0	0	0	0	0	0	0	0	0	320616	0	0	0	0	0	0	0	0	0	0	0	0	0	747719	0	0	0	0	0	0	0	0	0	0	0	23575180	0
LFQ	56	0	0	1	0	0	0	0	0	0	0	0	334626	0	0	0	0	0	0	0	0	0	0	0	0	0	772737	0	0	0	0	0	0	0	0	0	0	0	23535621	0
LFQ	57	0	0	14	0	0	0	0	0	0	0	0	326424	0	0	0	0	0	0	0	0	0	0	0	0	0	759872	0	0	0	0	0	0	0	0	0	0	0	23556114	0
LFQ	58	0	0	4	0	0	0	0	0	0	0	0	330908	0	0	0	0	0	0	0	0	0	0	0	0	0	762351	0	0	0	0	0	0	0	0	0	0	0	23548575	0
LFQ	59	0	0	0	0	0	0	0	0	0	0	0	327866	0	0	0	0	0	0	0	0	0	0	0	0	0	762145	0	0	0	0	0	0	0	0	0	0	0	23551120	0
LFQ	60	0	0	0	0	0	0	0	0	0	0	0	332503	0	0	0	0	0	0	0	0	0	0	0	0	0	765980	0	0	0	0	0	0	0	0	0	0	0	23541873	0
LFQ	61	0	0	0	0	0	0	0	0	0	0	0	342253	0	0	0	0	0	0	0	0	0	0	0	0	0	780172	0	0	0	0	0	0	0	0	0	0	0	23517043	0
LFQ	62	0	0	562	0	0	0	0	0	0	0	0	342494	0	0	0	0	0	0	0	0	0	0	0	0	0	780483	0	0	0	0	0	0	0	0	0	0	0	23514933	0
LFQ	63	0	0	3	0	0	0	0	0	0	0	0	343289	0	0	0	0	0	0	0	0	0	0	0	0	0	782681	0	0	0	0	0	0	0	0	0	0	0	23511423	0
LFQ	64	0	0	3	0	0	0	0	0	0	0	0	335289	0	0	0	0	0	0	0	0	0	0	0	0	0	776807	0	0	0	0	0	0	0	0	0	0	0	23524177	0
LFQ	65	0	0	4	0	0	0	0	0	0	0	0	346423	0	0	0	0	0	0	0	0	0	0	0	0	0	793469	0	0	0	0	0	0	0	0	0	0	0	23495109	0
LFQ	66	0	0	0	0	0	0	0	0	0	0	0	356860	0	0	0	0	0	0	0	0	0	0	0	0	0	812369	0	0	0	0	0	0	0	0	0	0	0	23464470	0
LFQ	67	0	0	0	0	0	0	0	0	0	0	0	368101	0	0	0	0	0	0	0	0	0	0	0	0	0	828712	0	0	0	0	0	0	0	0	0	0	0	23435515	0
LFQ	68	0	0	0	0	0	0	0	0	0	0	0	364426	0	0	0	0	0	0	0	0	0	0	0	0	0	821268	0	0	0	0	0	0	0	0	0	0	0	23445000	0
LFQ	69	0	0	613	0	0	0	0	0	0	0	0	361657	0	0	0	0	0	0	0	0	0	0	0	0	0	821273	0	0	0	0	0	0	0	0	0	0	0	23445384	0
LFQ	70	0	0	0	0	0	0	0	0	0	0	0	391228	0	0	0	0	0	0	0	0	0	0	0	0	0	865461	0	0	0	0	0	0	0	0	0	0	0	23370258	0
LFQ	71	0	0	0	0	0	0	0	0	0	0	0	384379	0	0	0	0	0	0	0	0	0	0	0	0	0	855742	0	0	0	0	0	0	0	0	0	0	0	23384624	0
LFQ	72	0	0	0	0	0	0	0	0	0	0	0	371554	0	0	0	0	0	0	0	0	0	0	0	0	0	835762	0	0	0	0	0	0	0	0	0	0	0	23414942	0
LFQ	73	0	0	1	0	0	0	0	0	0	0	0	366967	0	0	0	0	0	0	0	0	0	0	0	0	0	831913	0	0	0	0	0	0	0	0	0	0	0	23420664	0
LFQ	74	0	0	0	0	0	0	0	0	0	0	0	378251	0	0	0	0	0	0	0	0	0	0	0	0	0	846933	0	0	0	0	0	0	0	0	0	0	0	23391221	0
LFQ	75	0	0	0	0	0	0	0	0	0	0	0	379366	0	0	0	0	0	0	0	0	0	0	0	0	0	853226	0	0	0	0	0	0	0	0	0	0	0	23380435	0
LFQ	76	0	0	1	0	0	0	0	0	0	0	0	383287	0	0	0	0	0	0	0	0	0	0	0	0	0	855799	0	0	0	0	0	0	0	0	0	0	0	23370260	0
LFQ	77	0	0	9	0	0	0	0	0	0	0	0	366664	0	0	0	0	0	0	0	0	0	0	0	0	0	831952	0	0	0	0	0	0	0	0	0	0	0	23406521	0
LFQ	78	0	0	0	0	0	0	0	0	0	0	0	368767	0	0	0	0	0	0	0	0	0	0	0	0	0	835572	0	0	0	0	0	0	0	0	0	0	0	23396310	0
LFQ	79	0	0	8	0	0	0	0	0	0	0	0	370212	0	0	0	0	0	0	0	0	0	0	0	0	0	838275	0	0	0	0	0	0	0	0	0	0	0	23387010	0
LFQ	80	0	0	0	0	0	0	0	0	0	0	0	381101	0	0	0	0	0	0	0	0	0	0	0	0	0	857327	0	0	0	0	0	0	0	0	0	0	0	23351167	0
LFQ	81	0	0	0	0	0	0	0	0	0	0	0	386645	0	0	0	0	0	0	0	0	0	0	0	0	0	864782	0	0	0	0	0	0	0	0	0	0	0	23331899	0
LFQ	82	0	0	12	0	0	0	0	0	0	0	0	395058	0	0	0	0	0	0	0	0	0	0	0	0	0	871183	0	0	0	0	0	0	0	0	0	0	0	23310005	0
LFQ	83	0	0	0	0	0	0	0	0	0	0	0	408846	0	0	0	0	0	0	0	0	0	0	0	0	0	895368	0	0	0	0	0	0	0	0	0	0	0	23264092	0
LFQ	84	0	0	0	0	0	0	0	0	0	0	0	397356	0	0	0	0	0	0	0	0	0	0	0	0	0	880668	0	0	0	0	0	0	0	0	0	0	0	23281370	0
LFQ	85	0	0	0	0	0	0	0	0	0	0	0	389268	0	0	0	0	0	0	0	0	0	0	0	0	0	866743	0	0	0	0	0	0	0	0	0	0	0	23293502	0
LFQ	86	0	0	1	0	0	0	0	0	0	0	0	413395	0	0	0	0	0	0	0	0	0	0	0	0	0	903842	0	0	0	0	0	0	0	0	0	0	0	23221237	0
LFQ	87	0	0	2	0	0	0	0	0	0	0	0	408523	0	0	0	0	0	0	0	0	0	0	0	0	0	898189	0	0	0	0	0	0	0	0	0	0	0	23219781	0
LFQ	88	0	0	0	0	0	0	0	0	0	0	0	404872	0	0	0	0	0	0	0	0	0	0	0	0	0	888444	0	0	0	0	0	0	0	0	0	0	0	23220203	0
LFQ	89	0	0	1	0	0	0	0	0	0	0	0	409439	0	0	0	0	0	0	0	0	0	0	0	0	0	904308	0	0	0	0	0	0	0	0	0	0	0	23185155	0
LFQ	90	0	0	1	0	0	0	0	0	0	0	0	415455	0	0	0	0	0	0	0	0	0	0	0	0	0	913253	0	0	0	0	0	0	0	0	0	0	0	23154545	0
LFQ	91	0	0	122	0	0	0	0	0	0	0	0	406373	0	0	0	0	0	0	0	0	0	0	0	0	0	893468	0	0	0	0	0	0	0	0	0	0	0	23166041	0
LFQ	92	0	0	0	0	0	0	0	0	0	0	0	419262	0	0	0	0	0	0	0	0	0	0	0	0	0	914138	0	0	0	0	0	0	0	0	0	0	0	23113753	0
LFQ	93	0	0	0	0	0	0	0	0	0	0	0	419038	0	0	0	0	0	0	0	0	0	0	0	0	0	917203	0	0	0	0	0	0	0	0	0	0	0	23090290	0
LFQ	94	0	0	6	0	0	0	0	0	0	0	0	418333	0	0	0	0	0	0	0	0	0	0	0	0	0	916715	0	0	0	0	0	0	0	0	0	0	0	23068614	0
LFQ	95	0	0	1	0	0	0	0	0	0	0	0	459251	0	0	0	0	0	0	0	0	0	0	0	0	0	976123	0	0	0	0	0	0	0	0	0	0	0	22942545	0
LFQ	96	0	0	2	0	0	0	0	0	0	0	0	441740	0	0	0	0	0	0	0	0	0	0	0	0	0	947616	0	0	0	0	0	0	0	0	0	0	0	22961180	0
LFQ	97	0	0	2	0	0	0	0	0	0	0	0	423528	0	0	0	0	0	0	0	0	0	0	0	0	0	923249	0	0	0	0	0	0	0	0	0	0	0	22974498	0
LFQ	98	0	0	0	0	0	0	0	0	0	0	0	433503	0	0	0	0	0	0	0	0	0	0	0	0	0	939254	0	0	0	0	0	0	0	0	0	0	0	22916538	0
LFQ	99	0	0	11	0	0	0	0	0	0	0	0	423295	0	0	0	0	0	0	0	0	0	0	0	0	0	926008	0	0	0	0	0	0	0	0	0	0	0	22906016	0
LFQ	100	0	0	4	0	0	0	0	0	0	0	0	436271	0	0	0	0	0	0	0	0	0	0	0	0	0	941327	0	0	0	0	0	0	0	0	0	0	0	22841840	0
LFQ	101	0	0	3	0	0	0	0	0	0	0	0	429417	0	0	0	0	0	0	0	0	0	0	0	0	0	932471	0	0	0	0	0	0	0	0	0	0	0	22818049	0
LFQ	102	0	0	16	0	0	0	0	0	0	0	0	428235	0	0	0	0	0	0	0	0	0	0	0	0	0	931851	0	0	0	0	0	0	0	0	0	0	0	22778452	0
LFQ	103	0	0	4	0	0	0	0	0	0	0	0	432790	0	0	0	0	0	0	0	0	0	0	0	0	0	934968	0	0	0	0	0	0	0	0	0	0	0	22726572	0
LFQ	104	0	0	28	0	0	0	0	0	0	0	0	435353	0	0	0	0	0	0	0	0	0	0	0	0	0	941648	0	0	0	0	0	0	0	0	0	0	0	22669352	0
LFQ	105	0	0	0	0	0	0	0	0	0	0	0	456581	0	0	0	0	0	0	0	0	0	0	0	0	0	971173	0	0	0	0	0	0	0	0	0	0	0	22568768	0
LFQ	106	0	0	1	0	0	0	0	0	0	0	0	440274	0	0	0	0	0	0	0	0	0	0	0	0	0	947608	0	0	0	0	0	0	0	0	0	0	0	22555755	0
LFQ	107	0	0	1314	0	0	0	0	0	0	0	0	448508	0	0	0	0	0	0	0	0	0	0	0	0	0	960636	0	0	0	0	0	0	0	0	0	0	0	22476318	0
LFQ	108	0	0	0	0	0	0	0	0	0	0	0	441734	0	0	0	0	0	0	0	0	0	0	0	0	0	950354	0	0	0	0	0	0	0	0	0	0	0	22435890	0
LFQ	109	0	0	0	0	0	0	0	0	0	0	0	447052	0	0	0	0	0	0	0	0	0	0	0	0	0	957105	0	0	0	0	0	0	0	0	0	0	0	22362059	0
LFQ	110	0	0	0	0	0	0	0	0	0	0	0	470066	0	0	0	0	0	0	0	0	0	0	0	0	0	993310	0	0	0	0	0	0	0	0	0	0	0	22237553	0
LFQ	111	0	0	0	0	0	0	0	0	0	0	0	461865	0	0	0	0	0	0	0	0	0	0	0	0	0	977016	0	0	0	0	0	0	0	0	0	0	0	22194722	0
LFQ	112	0	0	0	0	0	0	0	0	0	0	0	444732	0	0	0	0	0	0	0	0	0	0	0	0	0	951940	0	0	0	0	0	0	0	0	0	0	0	22166158	0
LFQ	113	0	0	0	0	0	0	0	0	0	0	0	469112	0	0	0	0	0	0	0	0	0	0	0	0	0	987367	0	0	0	0	0	0	0	0	0	0	0	22030919	0
LFQ	114	0	0	0	0	0	0	0	0	0	0	0	468444	0	0	0	0	0	0	0	0	0	0	0	0	0	990211	0	0	0	0	0	0	0	0	0	0	0	21951846	0
LFQ	115	0	0	0	0	0	0	0	0	0	0	0	483213	0	0	0	0	0	0	0	0	0	0	0	0	0	1007087	0	0	0	0	0	0	0	0	0	0	0	21839954	0
LFQ	116	0	0	1	0	0	0	0	0	0	0	0	501482	0	0	0	0	0	0	0	0	0	0	0	0	0	1032570	0	0	0	0	0	0	0	0	0	0	0	21711408	0
LFQ	117	0	0	9	0	0	0	0	0	0	0	0	501550	0	0	0	0	0	0	0	0	0	0	0	0	0	1039276	0	0	0	0	0	0	0	0	0	0	0	21618419	0
LFQ	118	0	0	0	0	0	0	0	0	0	0	0	493295	0	0	0	0	0	0	0	0	0	0	0	0	0	1022175	0	0	0	0	0	0	0	0	0	0	0	21554134	0
LFQ	119	0	0	1	0	0	0	0	0	0	0	0	509117	0	0	0	0	0	0	0	0	0	0	0	0	0	1044229	0	0	0	0	0	0	0	0	0	0	0	21422562	0
LFQ	120	0	0	0	0	0	0	0	0	0	0	0	497994	0	0	0	0	0	0	0	0	0	0	0	0	0	1033819	0	0	0	0	0	0	0	0	0	0	0	21349428	0
LFQ	121	0	0	0	0	0	0	0	0	0	0	0	485391	0	0	0	0	0	0	0	0	0	0	0	0	0	1005438	0	0	0	0	0	0	0	0	0	0	0	21293194	0
LFQ	122	0	0	8	0	0	0	0	0	0	0	0	494496	0	0	0	0	0	0	0	0	0	0	0	0	0	1025102	0	0	0	0	0	0	0	0	0	0	0	21163184	0
LFQ	123	0	0	17	0	0	0	0	0	0	0	0	507554	0	0	0	0	0	0	0	0	0	0	0	0	0	1045279	0	0	0	0	0	0	0	0	0	0	0	21027013	0
LFQ	124	0	0	1	0	0	0	0	0	0	0	0	472780	0	0	0	0	0	0	0	0	0	0	0	0	0	988815	0	0	0	0	0	0	0	0	0	0	0	21012764	0
LFQ	125	0	0	2	0	0	0	0	0	0	0	0	468364	0	0	0	0	0	0	0	0	0	0	0	0	0	985490	0	0	0	0	0	0	0	0	0	0	0	20910070	0
LFQ	126	0	0	20	0	0	0	0	0	0	0	0	499847	0	0	0	0	0	0	0	0	0	0	0	0	0	1033248	0	0	0	0	0	0	0	0	0	0	0	20720175	0
LFQ	127	0	0	13	0	0	0	0	0	0	0	0	504404	0	0	0	0	0	0	0	0	0	0	0	0	0	1034425	0	0	0	0	0	0	0	0	0	0	0	20600679	0
LFQ	128	0	0	33	0	0	0	0	0	0	0	0	496597	0	0	0	0	0	0	0	0	0	0	0	0	0	1022697	0	0	0	0	0	0	0	0	0	0	0	20502644	0
LFQ	129	0	0	0	0	0	0	0	0	0	0	0	512700	0	0	0	0	0	0	0	0	0	0	0	0	0	1050724	0	0	0	0	0	0	0	0	0	0	0	20340138	0
LFQ	130	0	0	1	0	0	0	0	0	0	0	0	510623	0	0	0	0	0	0	0	0	0	0	0	0	0	1043920	0	0	0	0	0	0	0	0	0	0	0	20228529	0
LFQ	131	0	0	29	0	0	0	0	0	0	0	0	498070	0	0	0	0	0	0	0	0	0	0	0	0	0	1031125	0	0	0	0	0	0	0	0	0	0	0	20130657	0
LFQ	132	0	0	36	0	0	0	0	0	0	0	0	503193	0	0	0	0	0	0	0	0	0	0	0	0	0	1036729	0	0	0	0	0	0	0	0	0	0	0	19995893	0
LFQ	133	0	0	6	0	0	0	0	0	0	0	0	507865	0	0	0	0	0	0	0	0	0	0	0	0	0	1042559	0	0	0	0	0	0	0	0	0	0	0	19858891	0
LFQ	134	0	0	0	0	0	0	0	0	0	0	0	522490	0	0	0	0	0	0	0	0	0	0	0	0	0	1056353	0	0	0	0	0	0	0	0	0	0	0	19698632	0
LFQ	135	0	0	0	0	0	0	0	0	0	0	0	505052	0	0	0	0	0	0	0	0	0	0	0	0	0	1039393	0	0	0	0	0	0	0	0	0	0	0	19599883	0
LFQ	136	0	0	0	0	0	0	0	0	0	0	0	520760	0	0	0	0	0	0	0	0	0	0	0	0	0	1054805	0	0	0	0	0	0	0	0	0	0	0	19434003	0
LFQ	137	0	0	0	0	0	0	0	0	0	0	0	505904	0	0	0	0	0	0	0	0	0	0	0	0	0	1033187	0	0	0	0	0	0	0	0	0	0	0	19331243	0
LFQ	138	0	0	0	0	0	0	0	0	0	0	0	519042	0	0	0	0	0	0	0	0	0	0	0	0	0	1058442	0	0	0	0	0	0	0	0	0	0	0	19152243	0
LFQ	139	0	0	1	0	0	0	0	0	0	0	0	531480	0	0	0	0	0	0	0	0	0	0	0	0	0	1075608	0	0	0	0	0	0	0	0	0	0	0	18981923	0
LFQ	140	0	0	0	0	0	0	0	0	0	0	0	517767	0	0	0	0	0	0	0	0	0	0	0	0	0	1057938	0	0	0	0	0	0	0	0	0	0	0	18869053	0
LFQ	141	0	0	6	0	0	0	0	0	0	0	0	505616	0	0	0	0	0	0	0	0	0	0	0	0	0	1038235	0	0	0	0	0	0	0	0	0	0	0	18755829	0
LFQ	142	0	0	0	0	0	0	0	0	0	0	0	490416	0	0	0	0	0	0	0	0	0	0	0	0	0	1016695	0	0	0	0	0	0	0	0	0	0	0	18644445	0
LFQ	143	0	0	0	0	0	0	0	0	0	0	0	523254	0	0	0	0	0	0	0	0	0	0	0	0	0	1069595	0	0	0	0	0	0	0	0	0	0	0	18404633	0
LFQ	144	0	0	0	0	0	0	0	0	0	0	0	559536	0	0	0	0	0	0	0	0	0	0	0	0	0	1117621	0	0	0	0	0	0	0	0	0	0	0	18161309	0
LFQ	145	0	0	0	0	0	0	0	0	0	0	0	528798	0	0	0	0	0	0	0	0	0	0	0	0	0	1073664	0	0	0	0	0	0	0	0	0	0	0	18078737	0
LFQ	146	0	0	6	0	0	0	0	0	0	0	0	524081	0	0	0	0	0	0	0	0	0	0	0	0	0	1072150	0	0	0	0	0	0	0	0	0	0	0	17916056	0
LFQ	147	0	0	0	0	0	0	0	0	0	0	0	516369	0	0	0	0	0	0	0	0	0	0	0	0	0	1076185	0	0	0	0	0	0	0	0	0	0	0	17724043	0
LFQ	148	0	0	0	0	0	0	0	0	0	0	0	453993	0	0	0	0	0	0	0	0	0	0	0	0	0	1015620	0	0	0	0	0	0	0	0	0	0	0	17644320	0
LFQ	149	0	0	1	0	0	0	0	0	0	0	0	451887	0	0	0	0	0	0	0	0	0	0	0	0	0	1020973	0	0	0	0	0	0	0	0	0	0	0	17482440	0
LFQ	150	0	0	0	0	0	0	0	0	0	0	0	510837	0	0	0	0	0	0	0	0	0	0	0	0	0	1102249	0	0	0	0	0	0	0	0	0	0	0	17187259	0
LFQ	151	0	0	0	0	0	0	0	0	0	0	0	620038	0	0	0	0	0	0	0	0	0	0	0	0	0	1295004	0	0	0	0	0	0	0	0	0	0	0	16732045	0
# GC Content of first fragments. Use `grep ^GCF | cut -f 2-` to extract this part.
GCF	0.25	110
GCF	0.75	133
GCF	1.26	100
GCF	1.76	98
GCF	2.26	90
GCF	2.76	94
GCF	3.27	113
GCF	3.77	111
GCF	4.27	79
GCF	4.77	70
GCF	5.28	78
GCF	5.78	72
GCF	6.28	68
GCF	6.78	78
GCF	7.29	65
GCF	7.79	66
GCF	8.29	62
GCF	8.79	42
GCF	9.30	46
GCF	9.80	38
GCF	10.30	34
GCF	10.80	46
GCF	11.31	38
GCF	11.81	52
GCF	12.31	46
GCF	12.81	47
GCF	13.32	39
GCF	13.82	42
GCF	14.32	47
GCF	14.82	55
GCF	15.33	48
GCF	15.83	41
GCF	16.33	46
GCF	16.83	50
GCF	17.34	53
GCF	17.84	64
GCF	18.34	77
GCF	19.10	79
GCF	19.85	109
GCF	20.35	132
GCF	20.85	134
GCF	21.36	161
GCF	21.86	201
GCF	22.36	258
GCF	22.86	284
GCF	23.37	340
GCF	23.87	524
GCF	24.37	675
GCF	24.87	729
GCF	25.38	918
GCF	25.88	1141
GCF	26.38	1536
GCF	26.88	1719
GCF	27.39	2342
GCF	27.89	3157
GCF	28.39	3836
GCF	28.89	5111
GCF	29.40	5615
GCF	29.90	7414
GCF	30.40	10949
GCF	30.90	14071
GCF	31.41	15315
GCF	31.91	20054
GCF	32.41	25533
GCF	32.91	33628
GCF	33.42	36133
GCF	33.92	44080
GCF	34.42	55156
GCF	34.92	68008
GCF	35.43	72112
GCF	35.93	85630
GCF	36.43	100329
GCF	36.93	117426
GCF	37.44	122001
GCF	37.94	140288
GCF	38.44	151769
GCF	38.94	167253
GCF	39.45	172349
GCF	39.95	202050
GCF	40.45	227112
GCF	40.95	269655
GCF	41.46	275928
GCF	41.96	275801
GCF	42.46	283478
GCF	42.96	295855
GCF	43.47	309956
GCF	43.97	311587
GCF	44.47	338584
GCF	44.97	357525
GCF	45.48	407813
GCF	45.98	414997
GCF	46.48	472139
GCF	46.98	487124
GCF	47.49	560339
GCF	47.99	568422
GCF	48.49	563172
GCF	48.99	617067
GCF	49.50	656509
GCF	50.00	662387
GCF	50.50	715112
GCF	51.01	763405
GCF	51.51	813853
GCF	52.01	823954
GCF	52.51	865229
GCF	53.02	912726
GCF	53.52	962030
GCF	54.02	972755
GCF	54.52	1010570
GCF	55.03	1060005
GCF	55.53	1067866
GCF	56.03	1073225
GCF	56.53	1096196
GCF	57.04	1082396
GCF	57.54	1086243
GCF	58.04	1035055
GCF	58.54	1030445
GCF	59.05	974787
GCF	59.55	891156
GCF	60.05	805433
GCF	60.55	792760
GCF	61.06	701265
GCF	61.56	601623
GCF	62.06	509137
GCF	62.56	491368
GCF	63.07	409956
GCF	63.57	330274
GCF	64.07	257239
GCF	64.57	239630
GCF	65.08	179529
GCF	65.58	134910
GCF	66.08	99043
GCF	66.58	87167
GCF	67.09	60501
GCF	67.59	41825
GCF	68.09	28769
GCF	68.59	24036
GCF	69.10	16518
GCF	69.60	11198
GCF	70.10	7830
GCF	70.60	6214
GCF	71.11	4493
GCF	71.61	3066
GCF	72.11	2153
GCF	72.61	1643
GCF	73.12	1194
GCF	73.62	845
GCF	74.12	625
GCF	74.62	490
GCF	75.13	407
GCF	75.63	311
GCF	76.13	253
GCF	76.63	197
GCF	77.14	149
GCF	77.64	134
GCF	78.14	125
GCF	78.64	126
GCF	79.15	113
GCF	79.65	95
GCF	80.15	87
GCF	80.65	54
GCF	81.16	45
GCF	81.66	47
GCF	82.16	31
GCF	82.66	29
GCF	83.17	17
GCF	83.67	13
GCF	84.17	10
GCF	84.67	7
GCF	85.18	10
GCF	85.68	11
GCF	86.43	7
GCF	87.19	4
GCF	87.94	3
GCF	88.69	2
GCF	89.45	1
GCF	90.20	2
GCF	90.95	0
GCF	91.71	1
GCF	93.22	0
GCF	94.72	1
# GC Content of last fragments. Use `grep ^GCL | cut -f 2-` to extract this part.
GCL	0.25	857
GCL	0.75	608
GCL	1.26	526
GCL	1.76	462
GCL	2.51	465
GCL	3.27	551
GCL	3.77	540
GCL	4.27	533
GCL	4.77	591
GCL	5.28	673
GCL	5.78	712
GCL	6.28	701
GCL	6.78	784
GCL	7.29	800
GCL	7.79	860
GCL	8.29	854
GCL	8.79	883
GCL	9.30	887
GCL	9.80	963
GCL	10.30	931
GCL	10.80	867
GCL	11.31	882
GCL	11.81	814
GCL	12.31	786
GCL	12.81	793
GCL	13.32	777
GCL	13.82	718
GCL	14.32	688
GCL	14.82	668
GCL	15.33	679
GCL	15.83	622
GCL	16.33	588
GCL	16.83	600
GCL	17.34	598
GCL	17.84	553
GCL	18.34	508
GCL	18.84	517
GCL	19.35	551
GCL	19.85	520
GCL	20.35	562
GCL	20.85	560
GCL	21.36	690
GCL	21.86	778
GCL	22.36	888
GCL	22.86	911
GCL	23.37	973
GCL	23.87	1234
GCL	24.37	1556
GCL	24.87	1580
GCL	25.38	1872
GCL	25.88	2432
GCL	26.38	3089
GCL	26.88	3317
GCL	27.39	4148
GCL	27.89	5533
GCL	28.39	6731
GCL	28.89	8747
GCL	29.40	9251
GCL	29.90	12073
GCL	30.40	15667
GCL	30.90	21096
GCL	31.41	22266
GCL	31.91	28185
GCL	32.41	34412
GCL	32.91	44467
GCL	33.42	46981
GCL	33.92	56469
GCL	34.42	69457
GCL	34.92	82845
GCL	35.43	86852
GCL	35.93	102545
GCL	36.43	119490
GCL	36.93	131478
GCL	37.44	135987
GCL	37.94	152991
GCL	38.44	164629
GCL	38.94	184990
GCL	39.45	189687
GCL	39.95	213751
GCL	40.45	235795
GCL	40.95	255289
GCL	41.46	261432
GCL	41.96	277302
GCL	42.46	286382
GCL	42.96	292732
GCL	43.47	305467
GCL	43.97	307407
GCL	44.47	318288
GCL	44.97	336170
GCL	45.48	370592
GCL	45.98	377730
GCL	46.48	419553
GCL	46.98	452115
GCL	47.49	483794
GCL	47.99	490867
GCL	48.49	525091
GCL	48.99	564580
GCL	49.50	615341
GCL	50.00	621362
GCL	50.50	671209
GCL	51.01	712598
GCL	51.51	777816
GCL	52.01	788779
GCL	52.51	857011
GCL	53.02	888433
GCL	53.52	938406
GCL	54.02	949492
GCL	54.52	988428
GCL	55.03	1044520
GCL	55.53	1068863
GCL	56.03	1073533
GCL	56.53	1095065
GCL	57.04	1093600
GCL	57.54	1109688
GCL	58.04	1072500
GCL	58.54	1068139
GCL	59.05	1006146
GCL	59.55	928502
GCL	60.05	841864
GCL	60.55	829460
GCL	61.06	728167
GCL	61.56	625358
GCL	62.06	533365
GCL	62.56	515405
GCL	63.07	441218
GCL	63.57	348905
GCL	64.07	273490
GCL	64.57	255745
GCL	65.08	194445
GCL	65.58	146175
GCL	66.08	107684
GCL	66.58	95802
GCL	67.09	66931
GCL	67.59	45557
GCL	68.09	31185
GCL	68.59	26430
GCL	69.10	17731
GCL	69.60	12024
GCL	70.10	8210
GCL	70.60	6570
GCL	71.11	4641
GCL	71.61	3197
GCL	72.11	2183
GCL	72.61	1604
GCL	73.12	1176
GCL	73.62	834
GCL	74.12	532
GCL	74.62	407
GCL	75.13	349
GCL	75.63	251
GCL	76.13	212
GCL	76.63	157
GCL	77.14	130
GCL	77.64	120
GCL	78.14	80
GCL	78.64	67
GCL	79.15	61
GCL	79.65	57
GCL	80.15	41
GCL	80.65	42
GCL	81.16	38
GCL	81.91	26
GCL	82.66	19
GCL	83.17	16
GCL	83.67	22
GCL	84.17	20
GCL	84.67	14
GCL	85.18	16
GCL	85.68	20
GCL	86.18	21
GCL	86.68	23
GCL	87.19	22
GCL	87.69	21
GCL	88.19	27
GCL	88.69	32
GCL	89.20	30
GCL	89.70	33
GCL	90.20	37
GCL	90.70	45
GCL	91.21	53
GCL	91.71	56
GCL	92.21	64
GCL	92.71	82
GCL	93.22	98
GCL	93.72	119
GCL	94.22	140
GCL	94.72	159
GCL	95.23	201
GCL	95.73	229
GCL	96.23	244
GCL	96.73	309
GCL	97.24	344
GCL	97.74	354
GCL	98.24	355
GCL	98.74	367
GCL	99.50	341
# ACGT content per cycle. Use `grep ^GCC | cut -f 2-` to extract this part. The columns are: cycle; A,C,G,T base counts as a percentage of all A/C/G/T bases [%]; and N and O counts as a percentage of all A/C/G/T bases [%]
GCC	1	10.58	39.81	39.43	10.18	0.00	0.00
GCC	2	24.37	25.23	25.38	25.02	0.00	0.00
GCC	3	21.71	28.23	27.65	22.41	0.00	0.00
GCC	4	22.17	28.13	27.74	21.96	0.03	0.00
GCC	5	25.72	24.46	24.49	25.32	0.00	0.00
GCC	6	26.19	24.33	23.78	25.69	0.00	0.00
GCC	7	26.10	23.42	22.79	27.69	0.00	0.00
GCC	8	23.76	26.59	25.52	24.13	0.00	0.00
GCC	9	24.05	25.94	25.34	24.67	0.00	0.00
GCC	10	26.44	23.76	23.47	26.33	0.00	0.00
GCC	11	21.14	29.09	28.60	21.17	0.00	0.00
GCC	12	21.68	28.31	27.86	22.15	0.00	0.00
GCC	13	22.70	27.43	26.80	23.07	0.00	0.00
GCC	14	23.99	26.24	25.66	24.11	0.00	0.00
GCC	15	23.60	26.52	26.14	23.74	0.00	0.00
GCC	16	22.79	27.46	26.94	22.81	0.00	0.00
GCC	17	23.48	26.74	26.22	23.57	0.00	0.00
GCC	18	23.65	26.47	26.10	23.78	0.00	0.00
GCC	19	22.71	27.36	26.88	23.06	0.00	0.00
GCC	20	23.42	26.56	26.20	23.82	0.00	0.00
GCC	21	23.66	26.44	26.04	23.86	0.00	0.00
GCC	22	22.89	27.17	26.72	23.21	0.00	0.00
GCC	23	23.67	26.48	26.02	23.83	0.00	0.00
GCC	24	23.56	26.48	26.03	23.94	0.00	0.00
GCC	25	22.62	27.39	26.87	23.11	0.00	0.00
GCC	26	23.64	26.56	26.09	23.71	0.00	0.00
GCC	27	23.50	26.57	26.05	23.88	0.00	0.00
GCC	28	22.79	27.30	26.77	23.14	0.00	0.00
GCC	29	23.57	26.53	26.10	23.80	0.00	0.00
GCC	30	23.49	26.64	26.11	23.76	0.00	0.00
GCC	31	22.89	27.13	26.77	23.22	0.00	0.00
GCC	32	23.57	26.48	26.08	23.87	0.00	0.00
GCC	33	23.48	26.59	26.09	23.84	0.00	0.00
GCC	34	22.88	27.26	26.81	23.05	0.00	0.00
GCC	35	23.62	26.51	26.10	23.77	0.00	0.00
GCC	36	23.54	26.57	26.13	23.76	0.00	0.00
GCC	37	22.80	27.15	26.88	23.17	0.00	0.00
GCC	38	23.58	26.48	26.17	23.76	0.00	0.00
GCC	39	23.62	26.50	26.10	23.78	0.00	0.00
GCC	40	22.83	27.28	26.76	23.12	0.00	0.00
GCC	41	23.61	26.38	26.12	23.88	0.00	0.00
GCC	42	23.65	26.48	26.01	23.86	0.00	0.00
GCC	43	22.75	27.25	26.80	23.20	0.00	0.00
GCC	44	23.53	26.57	26.05	23.85	0.00	0.00
GCC	45	23.54	26.46	26.05	23.95	0.00	0.00
GCC	46	22.73	27.37	26.79	23.12	0.00	0.00
GCC	47	23.45	26.52	26.20	23.83	0.00	0.00
GCC	48	23.51	26.51	26.20	23.78	0.00	0.00
GCC	49	22.69	27.24	26.86	23.21	0.00	0.00
GCC	50	23.50	26.47	26.10	23.93	0.00	0.00
GCC	51	23.40	26.58	26.14	23.89	0.00	0.00
GCC	52	22.81	27.19	26.76	23.24	0.00	0.00
GCC	53	23.68	26.45	26.11	23.76	0.00	0.00
GCC	54	23.63	26.48	26.08	23.81	0.04	0.00
GCC	55	22.80	27.19	26.75	23.26	0.00	0.00
GCC	56	23.55	26.42	26.19	23.84	0.00	0.00
GCC	57	23.59	26.44	26.10	23.87	0.00	0.00
GCC	58	22.84	27.24	26.75	23.17	0.00	0.00
GCC	59	23.55	26.45	26.13	23.87	0.00	0.00
GCC	60	23.56	26.56	26.15	23.73	0.00	0.00
GCC	61	22.82	27.26	26.76	23.16	0.00	0.00
GCC	62	23.56	26.52	26.13	23.79	0.00	0.00
GCC	63	23.42	26.57	26.25	23.77	0.00	0.00
GCC	64	22.79	27.19	26.89	23.13	0.00	0.00
GCC	65	23.48	26.46	26.15	23.90	0.00	0.00
GCC	66	23.50	26.51	26.14	23.84	0.00	0.00
GCC	67	22.81	27.23	26.85	23.11	0.00	0.00
GCC	68	23.73	26.45	26.12	23.70	0.00	0.00
GCC	69	23.60	26.40	26.14	23.86	0.00	0.00
GCC	70	22.83	27.23	26.86	23.08	0.00	0.00
GCC	71	23.57	26.44	26.24	23.74	0.00	0.00
GCC	72	23.62	26.45	26.11	23.82	0.00	0.00
GCC	73	22.87	27.29	26.92	22.92	0.00	0.00
GCC	74	23.52	26.46	26.20	23.82	0.00	0.00
GCC	75	23.44	26.59	26.18	23.78	0.00	0.00
GCC	76	22.79	27.33	26.87	23.01	0.00	0.00
GCC	77	23.43	26.54	26.12	23.91	0.00	0.00
GCC	78	23.50	26.53	26.19	23.78	0.00	0.00
GCC	79	22.80	27.19	26.79	23.22	0.00	0.00
GCC	80	23.59	26.55	26.08	23.78	0.00	0.00
GCC	81	23.53	26.52	26.21	23.74	0.00	0.00
GCC	82	22.72	27.28	26.85	23.15	0.00	0.00
GCC	83	23.46	26.60	26.19	23.74	0.00	0.00
GCC	84	23.45	26.59	26.23	23.74	0.00	0.00
GCC	85	22.78	27.15	26.88	23.19	0.00	0.00
GCC	86	23.49	26.56	26.13	23.83	0.00	0.00
GCC	87	23.49	26.52	26.17	23.82	0.00	0.00
GCC	88	22.79	27.19	26.88	23.14	0.00	0.00
GCC	89	23.56	26.51	26.18	23.75	0.00	0.00
GCC	90	23.58	26.58	26.16	23.68	0.00	0.00
GCC	91	22.76	27.40	26.77	23.07	0.00	0.00
GCC	92	23.50	26.66	26.16	23.68	0.00	0.00
GCC	93	23.49	26.47	26.28	23.75	0.00	0.00
GCC	94	22.90	27.22	26.87	23.01	0.00	0.00
GCC	95	23.50	26.47	26.26	23.78	0.00	0.00
GCC	96	23.52	26.53	26.23	23.73	0.00	0.00
GCC	97	22.73	27.20	26.87	23.20	0.00	0.00
GCC	98	23.41	26.55	26.18	23.86	0.00	0.00
GCC	99	23.40	26.56	26.21	23.83	0.00	0.00
GCC	100	22.69	27.20	26.74	23.36	0.00	0.00
GCC	101	23.41	26.59	26.22	23.77	0.00	0.00
GCC	102	23.45	26.53	26.19	23.84	0.00	0.00
GCC	103	22.67	27.33	26.73	23.27	0.00	0.00
GCC	104	23.46	26.57	26.10	23.87	0.00	0.00
GCC	105	23.37	26.50	26.22	23.90	0.00	0.00
GCC	106	22.86	27.18	26.79	23.17	0.00	0.00
GCC	107	23.41	26.53	26.29	23.77	0.00	0.00
GCC	108	23.39	26.56	26.28	23.78	0.00	0.00
GCC	109	22.81	27.23	26.85	23.12	0.00	0.00
GCC	110	23.44	26.54	26.22	23.80	0.00	0.00
GCC	111	23.45	26.59	26.24	23.72	0.00	0.00
GCC	112	22.70	27.34	26.82	23.14	0.00	0.00
GCC	113	23.40	26.67	26.29	23.65	0.00	0.00
GCC	114	23.42	26.47	26.30	23.81	0.00	0.00
GCC	115	22.78	27.24	26.91	23.07	0.00	0.00
GCC	116	23.50	26.71	26.06	23.74	0.00	0.00
GCC	117	23.46	26.56	26.21	23.77	0.00	0.00
GCC	118	22.80	27.21	26.84	23.15	0.00	0.00
GCC	119	23.41	26.69	26.18	23.71	0.00	0.00
GCC	120	23.46	26.70	26.20	23.64	0.00	0.00
GCC	121	22.76	27.27	26.79	23.17	0.00	0.00
GCC	122	23.39	26.84	26.17	23.61	0.00	0.00
GCC	123	23.49	26.63	26.29	23.59	0.00	0.00
GCC	124	22.80	27.35	26.88	22.96	0.00	0.00
GCC	125	23.42	26.76	26.14	23.68	0.00	0.00
GCC	126	23.45	26.63	26.26	23.66	0.00	0.00
GCC	127	22.78	27.33	26.91	22.98	0.00	0.00
GCC	128	23.53	26.62	26.15	23.70	0.00	0.00
GCC	129	23.44	26.69	26.24	23.63	0.00	0.00
GCC	130	22.89	27.25	26.89	22.97	0.00	0.00
GCC	131	23.53	26.66	26.22	23.59	0.00	0.00
GCC	132	23.44	26.68	26.29	23.60	0.00	0.00
GCC	133	22.73	27.37	26.88	23.02	0.00	0.00
GCC	134	23.46	26.74	26.16	23.64	0.00	0.00
GCC	135	23.43	26.60	26.20	23.76	0.00	0.00
GCC	136	22.79	27.41	26.80	23.00	0.00	0.00
GCC	137	23.46	26.68	26.22	23.64	0.00	0.00
GCC	138	23.43	26.69	26.34	23.54	0.00	0.00
GCC	139	22.84	27.28	26.90	22.98	0.00	0.00
GCC	140	23.42	26.72	26.35	23.51	0.00	0.00
GCC	141	23.42	26.69	26.34	23.55	0.00	0.00
GCC	142	22.83	27.34	26.81	23.01	0.00	0.00
GCC	143	23.51	26.59	26.26	23.64	0.00	0.00
GCC	144	23.53	26.67	26.29	23.51	0.00	0.00
GCC	145	22.79	27.29	26.79	23.12	0.00	0.00
GCC	146	23.43	26.59	26.32	23.66	0.03	0.00
GCC	147	23.34	26.74	26.35	23.58	0.00	0.00
GCC	148	22.83	27.31	26.89	22.97	0.00	0.00
GCC	149	23.34	26.73	26.32	23.61	0.00	0.00
GCC	150	23.47	26.65	26.18	23.70	0.00	0.00
GCC	151	22.81	27.20	26.96	23.02	0.00	0.00
# ACGT content per cycle, read oriented. Use `grep ^GCT | cut -f 2-` to extract this part. The columns are: cycle; A,C,G,T base counts as a percentage of all A/C/G/T bases [%]
GCT	1	12.70	38.69	40.56	8.06
GCT	2	16.90	24.00	26.61	32.49
GCT	3	19.28	32.31	23.57	24.84
GCT	4	24.76	25.73	30.14	19.37
GCT	5	29.98	19.89	29.06	21.07
GCT	6	31.91	23.58	24.54	19.97
GCT	7	19.62	23.18	23.03	34.17
GCT	8	21.83	29.10	23.01	26.06
GCT	9	19.67	27.12	24.15	29.05
GCT	10	31.11	21.88	25.34	21.66
GCT	11	22.74	29.25	28.44	19.57
GCT	12	20.26	28.96	27.20	23.58
GCT	13	22.28	27.73	26.51	23.48
GCT	14	23.50	26.31	25.60	24.60
GCT	15	23.19	26.86	25.80	24.15
GCT	16	22.69	27.16	27.24	22.91
GCT	17	23.68	26.56	26.39	23.37
GCT	18	23.64	26.94	25.63	23.79
GCT	19	23.02	27.15	27.08	22.74
GCT	20	23.76	26.32	26.44	23.48
GCT	21	23.71	26.92	25.56	23.81
GCT	22	23.27	27.10	26.79	22.83
GCT	23	23.86	26.28	26.22	23.64
GCT	24	23.53	27.00	25.51	23.97
GCT	25	23.03	27.44	26.82	22.70
GCT	26	23.93	26.29	26.36	23.42
GCT	27	23.64	27.10	25.53	23.74
GCT	28	23.08	27.27	26.81	22.85
GCT	29	23.91	26.35	26.28	23.46
GCT	30	23.53	27.24	25.51	23.72
GCT	31	23.30	27.20	26.70	22.81
GCT	32	24.02	26.23	26.33	23.42
GCT	33	23.57	27.12	25.56	23.75
GCT	34	23.21	27.31	26.76	22.72
GCT	35	23.96	26.30	26.31	23.43
GCT	36	23.52	27.09	25.62	23.77
GCT	37	23.20	27.27	26.76	22.77
GCT	38	23.87	26.27	26.39	23.48
GCT	39	23.72	26.94	25.66	23.68
GCT	40	23.23	27.16	26.88	22.73
GCT	41	23.92	26.22	26.29	23.57
GCT	42	23.74	26.92	25.56	23.77
GCT	43	23.18	27.18	26.87	22.77
GCT	44	23.99	26.29	26.33	23.39
GCT	45	23.65	26.91	25.60	23.85
GCT	46	23.10	27.26	26.90	22.74
GCT	47	23.87	26.34	26.39	23.40
GCT	48	23.71	27.07	25.64	23.58
GCT	49	23.14	27.25	26.85	22.76
GCT	50	23.95	26.27	26.30	23.48
GCT	51	23.62	26.99	25.73	23.66
GCT	52	23.25	27.09	26.86	22.79
GCT	53	24.06	26.17	26.39	23.38
GCT	54	23.70	26.98	25.58	23.74
GCT	55	23.25	27.17	26.77	22.81
GCT	56	24.03	26.31	26.30	23.36
GCT	57	23.67	26.91	25.62	23.79
GCT	58	23.20	27.10	26.89	22.81
GCT	59	23.86	26.15	26.43	23.56
GCT	60	23.56	27.02	25.69	23.73
GCT	61	23.24	27.19	26.83	22.74
GCT	62	23.92	26.22	26.43	23.43
GCT	63	23.51	27.09	25.72	23.67
GCT	64	23.13	27.24	26.84	22.80
GCT	65	23.94	26.25	26.37	23.44
GCT	66	23.62	26.96	25.69	23.73
GCT	67	23.16	27.11	26.97	22.76
GCT	68	23.97	26.13	26.44	23.46
GCT	69	23.58	26.83	25.71	23.88
GCT	70	23.03	27.20	26.90	22.88
GCT	71	23.80	26.17	26.52	23.52
GCT	72	23.60	26.81	25.75	23.84
GCT	73	23.06	27.22	26.98	22.74
GCT	74	23.85	26.10	26.56	23.49
GCT	75	23.57	26.82	25.96	23.66
GCT	76	23.04	27.15	27.04	22.76
GCT	77	23.89	26.03	26.63	23.46
GCT	78	23.66	26.90	25.82	23.62
GCT	79	23.15	26.96	27.02	22.87
GCT	80	23.88	26.09	26.54	23.49
GCT	81	23.52	26.93	25.80	23.75
GCT	82	23.07	27.14	27.00	22.79
GCT	83	23.76	26.14	26.65	23.44
GCT	84	23.50	26.82	26.00	23.69
GCT	85	23.13	26.99	27.04	22.84
GCT	86	23.89	26.16	26.53	23.42
GCT	87	23.62	26.74	25.94	23.69
GCT	88	23.11	27.03	27.03	22.83
GCT	89	23.87	26.15	26.54	23.44
GCT	90	23.49	26.79	25.94	23.77
GCT	91	22.98	27.10	27.07	22.85
GCT	92	23.75	26.13	26.69	23.43
GCT	93	23.53	26.80	25.96	23.71
GCT	94	23.05	27.07	27.02	22.86
GCT	95	23.78	26.09	26.64	23.49
GCT	96	23.49	26.76	26.00	23.75
GCT	97	23.06	26.97	27.10	22.87
GCT	98	23.75	26.03	26.70	23.52
GCT	99	23.50	26.78	25.99	23.74
GCT	100	23.19	26.96	26.98	22.86
GCT	101	23.78	26.09	26.72	23.41
GCT	102	23.46	26.79	25.93	23.83
GCT	103	23.08	26.95	27.11	22.86
GCT	104	23.85	25.92	26.75	23.48
GCT	105	23.54	26.64	26.09	23.73
GCT	106	23.09	26.86	27.11	22.94
GCT	107	23.72	26.04	26.78	23.46
GCT	108	23.47	26.89	25.95	23.69
GCT	109	22.96	26.97	27.10	22.96
GCT	110	23.78	26.13	26.64	23.45
GCT	111	23.49	26.77	26.07	23.68
GCT	112	23.06	26.92	27.24	22.78
GCT	113	23.66	26.22	26.73	23.38
GCT	114	23.46	26.78	25.99	23.77
GCT	115	22.99	26.95	27.20	22.86
GCT	116	23.77	26.03	26.73	23.47
GCT	117	23.45	26.68	26.09	23.78
GCT	118	23.14	26.92	27.13	22.81
GCT	119	23.72	26.04	26.83	23.41
GCT	120	23.40	26.75	26.15	23.70
GCT	121	23.02	26.91	27.16	22.92
GCT	122	23.65	26.16	26.85	23.34
GCT	123	23.42	26.75	26.17	23.65
GCT	124	23.02	26.98	27.26	22.74
GCT	125	23.80	26.13	26.78	23.30
GCT	126	23.35	26.78	26.11	23.76
GCT	127	23.02	26.99	27.25	22.73
GCT	128	23.83	26.02	26.75	23.40
GCT	129	23.40	26.75	26.18	23.67
GCT	130	23.02	26.98	27.16	22.84
GCT	131	23.64	26.09	26.79	23.48
GCT	132	23.43	26.75	26.22	23.60
GCT	133	23.00	26.97	27.28	22.75
GCT	134	23.78	26.05	26.85	23.31
GCT	135	23.53	26.65	26.16	23.66
GCT	136	23.05	26.94	27.27	22.74
GCT	137	23.70	25.97	26.93	23.40
GCT	138	23.38	26.71	26.32	23.59
GCT	139	23.05	26.84	27.35	22.77
GCT	140	23.72	26.14	26.92	23.22
GCT	141	23.51	26.75	26.28	23.47
GCT	142	23.17	26.95	27.20	22.67
GCT	143	23.77	26.03	26.82	23.37
GCT	144	23.41	26.72	26.24	23.63
GCT	145	23.06	26.85	27.24	22.85
GCT	146	23.72	26.10	26.81	23.37
GCT	147	23.32	26.71	26.38	23.60
GCT	148	23.04	26.91	27.29	22.76
GCT	149	23.72	26.07	26.98	23.23
GCT	150	23.55	26.66	26.17	23.62
GCT	151	23.05	26.81	27.35	22.79
# ACGT content per cycle for first fragments. Use `grep ^FBC | cut -f 2-` to extract this part. The columns are: cycle; A,C,G,T base counts as a percentage of all A/C/G/T bases [%]; and N and O counts as a percentage of all A/C/G/T bases [%]
FBC	1	12.97	37.85	37.22	11.96	0.00	0.00
FBC	2	25.05	24.07	24.41	26.48	0.00	0.00
FBC	3	23.92	26.07	24.93	25.08	0.00	0.00
FBC	4	23.58	27.17	26.56	22.69	0.06	0.00
FBC	5	26.57	23.97	24.33	25.14	0.00	0.00
FBC	6	26.97	24.23	23.40	25.40	0.00	0.00
FBC	7	23.78	25.41	24.30	26.51	0.00	0.00
FBC	8	22.36	28.21	26.36	23.08	0.00	0.00
FBC	9	22.90	27.14	25.98	23.98	0.00	0.00
FBC	10	26.29	24.49	24.04	25.19	0.00	0.00
FBC	11	20.79	29.83	28.83	20.55	0.00	0.00
FBC	12	21.34	28.74	27.87	22.06	0.00	0.00
FBC	13	22.72	27.63	26.49	23.17	0.00	0.00
FBC	14	23.73	26.60	25.64	24.04	0.00	0.00
FBC	15	23.65	26.62	25.83	23.90	0.00	0.00
FBC	16	22.82	27.57	26.81	22.80	0.01	0.00
FBC	17	23.22	27.09	26.33	23.35	0.00	0.00
FBC	18	23.67	26.64	25.88	23.81	0.00	0.00
FBC	19	22.67	27.47	26.66	23.20	0.00	0.00
FBC	20	23.14	27.11	26.22	23.53	0.00	0.00
FBC	21	23.84	26.51	25.73	23.92	0.00	0.00
FBC	22	22.95	27.19	26.53	23.34	0.00	0.00
FBC	23	23.47	26.82	26.06	23.65	0.00	0.00
FBC	24	23.65	26.45	25.85	24.05	0.00	0.00
FBC	25	22.59	27.56	26.62	23.23	0.00	0.00
FBC	26	23.45	26.82	26.16	23.57	0.00	0.00
FBC	27	23.67	26.49	25.72	24.11	0.00	0.00
FBC	28	22.82	27.35	26.48	23.35	0.00	0.00
FBC	29	23.52	26.73	26.09	23.66	0.00	0.00
FBC	30	23.69	26.67	25.77	23.86	0.00	0.00
FBC	31	23.04	27.25	26.37	23.34	0.00	0.00
FBC	32	23.57	26.71	25.99	23.73	0.00	0.00
FBC	33	23.66	26.50	25.69	24.15	0.00	0.00
FBC	34	23.00	27.36	26.40	23.23	0.00	0.00
FBC	35	23.55	26.81	26.02	23.63	0.00	0.00
FBC	36	23.74	26.68	25.60	23.98	0.00	0.00
FBC	37	22.86	27.28	26.57	23.30	0.00	0.00
FBC	38	23.46	26.79	26.08	23.67	0.00	0.00
FBC	39	23.82	26.60	25.68	23.91	0.00	0.00
FBC	40	23.00	27.44	26.37	23.18	0.00	0.00
FBC	41	23.49	26.73	26.02	23.76	0.00	0.00
FBC	42	23.85	26.53	25.56	24.06	0.00	0.00
FBC	43	22.87	27.31	26.51	23.30	0.00	0.00
FBC	44	23.51	26.80	26.01	23.68	0.00	0.00
FBC	45	23.72	26.45	25.70	24.13	0.00	0.00
FBC	46	22.87	27.40	26.45	23.27	0.00	0.00
FBC	47	23.37	26.79	26.14	23.69	0.00	0.00
FBC	48	23.68	26.60	25.80	23.92	0.00	0.00
FBC	49	22.88	27.32	26.54	23.25	0.00	0.00
FBC	50	23.36	26.86	26.00	23.77	0.00	0.00
FBC	51	23.60	26.57	25.79	24.03	0.00	0.00
FBC	52	22.98	27.22	26.53	23.27	0.00	0.00
FBC	53	23.56	26.83	26.02	23.58	0.01	0.00
FBC	54	23.76	26.58	25.69	23.96	0.08	0.00
FBC	55	22.89	27.30	26.42	23.38	0.01	0.00
FBC	56	23.47	26.71	26.09	23.74	0.00	0.00
FBC	57	23.68	26.41	25.83	24.09	0.00	0.00
FBC	58	22.90	27.29	26.53	23.29	0.00	0.00
FBC	59	23.41	26.68	26.14	23.77	0.00	0.00
FBC	60	23.67	26.66	25.82	23.85	0.00	0.00
FBC	61	22.88	27.33	26.52	23.27	0.00	0.00
FBC	62	23.45	26.67	26.17	23.71	0.00	0.00
FBC	63	23.61	26.59	25.84	23.97	0.00	0.00
FBC	64	22.88	27.27	26.61	23.24	0.00	0.00
FBC	65	23.32	26.77	26.14	23.77	0.00	0.00
FBC	66	23.70	26.59	25.71	24.01	0.00	0.00
FBC	67	22.78	27.42	26.60	23.20	0.00	0.00
FBC	68	23.60	26.67	26.13	23.60	0.00	0.00
FBC	69	23.65	26.50	25.79	24.06	0.00	0.00
FBC	70	22.77	27.43	26.61	23.19	0.00	0.00
FBC	71	23.36	26.78	26.34	23.52	0.00	0.00
FBC	72	23.68	26.58	25.81	23.92	0.00	0.00
FBC	73	22.88	27.39	26.68	23.05	0.00	0.00
FBC	74	23.31	26.70	26.26	23.72	0.00	0.00
FBC	75	23.60	26.55	25.94	23.91	0.00	0.00
FBC	76	22.88	27.38	26.61	23.13	0.00	0.00
FBC	77	23.29	26.82	26.07	23.82	0.00	0.00
FBC	78	23.69	26.54	25.89	23.88	0.00	0.00
FBC	79	22.81	27.27	26.63	23.30	0.00	0.00
FBC	80	23.44	26.81	26.02	23.72	0.00	0.00
FBC	81	23.68	26.50	25.87	23.95	0.00	0.00
FBC	82	22.70	27.36	26.69	23.25	0.00	0.00
FBC	83	23.22	26.92	26.20	23.66	0.00	0.00
FBC	84	23.58	26.74	25.87	23.81	0.00	0.00
FBC	85	22.83	27.31	26.70	23.16	0.00	0.00
FBC	86	23.32	26.93	26.16	23.59	0.00	0.00
FBC	87	23.60	26.65	25.80	23.96	0.00	0.00
FBC	88	22.87	27.32	26.56	23.25	0.00	0.00
FBC	89	23.36	26.73	26.24	23.67	0.00	0.00
FBC	90	23.56	26.68	26.02	23.75	0.00	0.00
FBC	91	22.67	27.60	26.56	23.17	0.00	0.00
FBC	92	23.25	27.02	26.24	23.49	0.00	0.00
FBC	93	23.58	26.60	26.04	23.79	0.00	0.00
FBC	94	22.96	27.30	26.72	23.02	0.00	0.00
FBC	95	23.33	26.84	26.21	23.63	0.00	0.00
FBC	96	23.48	26.64	25.90	23.98	0.00	0.00
FBC	97	22.61	27.40	26.72	23.27	0.00	0.00
FBC	98	23.11	26.99	26.18	23.72	0.00	0.00
FBC	99	23.42	26.66	25.95	23.98	0.00	0.00
FBC	100	22.73	27.33	26.51	23.43	0.00	0.00
FBC	101	23.21	26.94	26.33	23.52	0.00	0.00
FBC	102	23.44	26.69	25.81	24.06	0.00	0.00
FBC	103	22.65	27.38	26.57	23.40	0.00	0.00
FBC	104	23.21	26.85	26.16	23.78	0.00	0.00
FBC	105	23.42	26.67	25.85	24.06	0.00	0.00
FBC	106	22.70	27.38	26.59	23.33	0.00	0.00
FBC	107	23.12	26.89	26.26	23.73	0.00	0.00
FBC	108	23.40	26.73	25.97	23.90	0.00	0.00
FBC	109	22.79	27.27	26.64	23.30	0.00	0.00
FBC	110	23.27	26.78	26.29	23.66	0.00	0.00
FBC	111	23.53	26.65	25.98	23.84	0.00	0.00
FBC	112	22.67	27.48	26.66	23.19	0.00	0.00
FBC	113	23.11	27.10	26.36	23.43	0.00	0.00
FBC	114	23.37	26.61	26.01	24.01	0.01	0.00
FBC	115	22.69	27.52	26.75	23.03	0.00	0.00
FBC	116	23.24	26.97	26.10	23.69	0.00	0.00
FBC	117	23.37	26.75	25.92	23.96	0.00	0.00
FBC	118	22.75	27.37	26.67	23.20	0.00	0.00
FBC	119	23.25	27.02	26.17	23.55	0.00	0.00
FBC	120	23.43	26.85	25.99	23.73	0.00	0.00
FBC	121	22.73	27.40	26.71	23.16	0.00	0.00
FBC	122	23.17	27.24	26.21	23.38	0.00	0.00
FBC	123	23.65	26.77	26.04	23.55	0.00	0.00
FBC	124	22.83	27.57	26.71	22.89	0.00	0.00
FBC	125	23.15	27.21	26.19	23.45	0.00	0.00
FBC	126	23.44	26.85	25.91	23.80	0.00	0.00
FBC	127	22.69	27.61	26.72	22.97	0.00	0.00
FBC	128	23.25	27.03	26.27	23.45	0.00	0.00
FBC	129	23.48	26.86	26.05	23.61	0.00	0.00
FBC	130	22.89	27.39	26.81	22.91	0.00	0.00
FBC	131	23.19	27.11	26.29	23.41	0.00	0.00
FBC	132	23.30	26.94	26.15	23.60	0.00	0.00
FBC	133	22.65	27.61	26.78	22.96	0.00	0.00
FBC	134	23.26	27.03	26.33	23.38	0.00	0.00
FBC	135	23.47	26.66	26.10	23.77	0.00	0.00
FBC	136	22.67	27.66	26.72	22.95	0.00	0.00
FBC	137	23.22	27.06	26.29	23.43	0.00	0.00
FBC	138	23.45	26.78	26.19	23.57	0.00	0.00
FBC	139	22.82	27.41	26.83	22.94	0.00	0.00
FBC	140	23.23	27.09	26.35	23.33	0.00	0.00
FBC	141	23.40	26.94	26.13	23.53	0.00	0.00
FBC	142	22.88	27.51	26.65	22.96	0.00	0.00
FBC	143	23.33	26.93	26.32	23.41	0.00	0.00
FBC	144	23.60	26.74	26.06	23.60	0.00	0.00
FBC	145	22.80	27.40	26.70	23.10	0.00	0.00
FBC	146	23.21	27.05	26.27	23.47	0.06	0.00
FBC	147	23.39	26.88	26.08	23.65	0.00	0.00
FBC	148	22.73	27.60	26.72	22.95	0.00	0.00
FBC	149	23.19	27.14	26.34	23.33	0.00	0.00
FBC	150	23.53	26.77	25.97	23.73	0.00	0.00
FBC	151	22.82	27.42	26.80	22.96	0.00	0.00
# ACGT raw counters for first fragments. Use `grep ^FTC | cut -f 2-` to extract this part. The columns are: A,C,G,T,N base counters
FTC	831408257	966669333	939555411	842221314	63572
# ACGT content per cycle for last fragments. Use `grep ^LBC | cut -f 2-` to extract this part. The columns are: cycle; A,C,G,T base counts as a percentage of all A/C/G/T bases [%]; and N and O counts as a percentage of all A/C/G/T bases [%]
LBC	1	8.18	41.77	41.65	8.39	0.00	0.00
LBC	2	23.70	26.39	26.34	23.57	0.00	0.00
LBC	3	19.49	30.39	30.38	19.74	0.00	0.00
LBC	4	20.76	29.09	28.93	21.23	0.00	0.00
LBC	5	24.88	24.95	24.66	25.51	0.00	0.00
LBC	6	25.42	24.44	24.17	25.98	0.00	0.00
LBC	7	28.42	21.43	21.28	28.86	0.00	0.00
LBC	8	25.16	24.97	24.68	25.18	0.00	0.00
LBC	9	25.20	24.73	24.70	25.37	0.00	0.00
LBC	10	26.60	23.04	22.89	27.47	0.00	0.00
LBC	11	21.48	28.36	28.37	21.79	0.00	0.00
LBC	12	22.03	27.87	27.85	22.24	0.00	0.00
LBC	13	22.68	27.24	27.12	22.96	0.00	0.00
LBC	14	24.25	25.89	25.69	24.18	0.00	0.00
LBC	15	23.55	26.42	26.45	23.58	0.00	0.00
LBC	16	22.76	27.35	27.07	22.81	0.00	0.00
LBC	17	23.73	26.38	26.10	23.79	0.00	0.00
LBC	18	23.64	26.30	26.32	23.75	0.00	0.00
LBC	19	22.75	27.24	27.09	22.91	0.00	0.00
LBC	20	23.70	26.01	26.17	24.11	0.00	0.00
LBC	21	23.48	26.38	26.34	23.80	0.00	0.00
LBC	22	22.84	27.15	26.92	23.09	0.00	0.00
LBC	23	23.86	26.14	25.98	24.02	0.00	0.00
LBC	24	23.46	26.51	26.20	23.83	0.00	0.00
LBC	25	22.66	27.23	27.11	23.00	0.00	0.00
LBC	26	23.82	26.30	26.03	23.85	0.00	0.00
LBC	27	23.32	26.65	26.39	23.65	0.00	0.00
LBC	28	22.75	27.26	27.06	22.93	0.00	0.00
LBC	29	23.61	26.33	26.11	23.95	0.00	0.00
LBC	30	23.28	26.61	26.45	23.66	0.00	0.00
LBC	31	22.73	27.00	27.17	23.10	0.00	0.00
LBC	32	23.57	26.25	26.17	24.01	0.00	0.00
LBC	33	23.29	26.68	26.49	23.54	0.00	0.00
LBC	34	22.76	27.15	27.22	22.87	0.00	0.00
LBC	35	23.69	26.22	26.18	23.92	0.00	0.00
LBC	36	23.33	26.47	26.67	23.53	0.00	0.00
LBC	37	22.74	27.03	27.18	23.04	0.00	0.00
LBC	38	23.70	26.17	26.27	23.86	0.00	0.00
LBC	39	23.43	26.39	26.52	23.66	0.00	0.00
LBC	40	22.66	27.11	27.16	23.07	0.00	0.00
LBC	41	23.73	26.04	26.23	24.00	0.00	0.00
LBC	42	23.45	26.43	26.46	23.66	0.00	0.00
LBC	43	22.64	27.19	27.09	23.09	0.00	0.00
LBC	44	23.55	26.33	26.09	24.03	0.00	0.00
LBC	45	23.37	26.46	26.40	23.77	0.00	0.00
LBC	46	22.58	27.34	27.12	22.97	0.00	0.00
LBC	47	23.53	26.25	26.26	23.96	0.00	0.00
LBC	48	23.35	26.42	26.60	23.63	0.00	0.00
LBC	49	22.50	27.16	27.17	23.17	0.00	0.00
LBC	50	23.63	26.07	26.20	24.10	0.00	0.00
LBC	51	23.19	26.59	26.48	23.74	0.00	0.00
LBC	52	22.64	27.16	26.99	23.21	0.00	0.00
LBC	53	23.80	26.07	26.19	23.94	0.00	0.00
LBC	54	23.49	26.38	26.48	23.65	0.00	0.00
LBC	55	22.70	27.08	27.08	23.14	0.00	0.00
LBC	56	23.63	26.14	26.28	23.95	0.00	0.00
LBC	57	23.50	26.47	26.37	23.66	0.00	0.00
LBC	58	22.79	27.18	26.98	23.05	0.00	0.00
LBC	59	23.68	26.21	26.12	23.98	0.00	0.00
LBC	60	23.46	26.45	26.49	23.60	0.00	0.00
LBC	61	22.75	27.20	27.00	23.06	0.00	0.00
LBC	62	23.67	26.37	26.10	23.86	0.00	0.00
LBC	63	23.23	26.55	26.65	23.56	0.00	0.00
LBC	64	22.70	27.11	27.17	23.02	0.00	0.00
LBC	65	23.64	26.15	26.17	24.04	0.00	0.00
LBC	66	23.30	26.44	26.58	23.68	0.00	0.00
LBC	67	22.84	27.04	27.09	23.02	0.00	0.00
LBC	68	23.85	26.23	26.11	23.81	0.00	0.00
LBC	69	23.54	26.30	26.49	23.67	0.00	0.00
LBC	70	22.89	27.03	27.12	22.96	0.00	0.00
LBC	71	23.78	26.11	26.14	23.97	0.00	0.00
LBC	72	23.56	26.32	26.42	23.71	0.00	0.00
LBC	73	22.86	27.19	27.16	22.80	0.00	0.00
LBC	74	23.73	26.21	26.14	23.93	0.00	0.00
LBC	75	23.28	26.63	26.43	23.66	0.00	0.00
LBC	76	22.70	27.27	27.13	22.89	0.00	0.00
LBC	77	23.57	26.26	26.16	24.01	0.00	0.00
LBC	78	23.30	26.52	26.50	23.68	0.00	0.00
LBC	79	22.80	27.11	26.95	23.15	0.00	0.00
LBC	80	23.74	26.29	26.13	23.84	0.00	0.00
LBC	81	23.38	26.54	26.56	23.52	0.00	0.00
LBC	82	22.73	27.20	27.02	23.04	0.00	0.00
LBC	83	23.71	26.28	26.18	23.83	0.00	0.00
LBC	84	23.31	26.44	26.59	23.66	0.00	0.00
LBC	85	22.73	26.99	27.07	23.22	0.00	0.00
LBC	86	23.66	26.19	26.09	24.06	0.00	0.00
LBC	87	23.38	26.39	26.55	23.69	0.00	0.00
LBC	88	22.72	27.05	27.19	23.04	0.00	0.00
LBC	89	23.75	26.29	26.12	23.83	0.00	0.00
LBC	90	23.60	26.49	26.29	23.62	0.00	0.00
LBC	91	22.84	27.20	26.98	22.98	0.00	0.00
LBC	92	23.76	26.29	26.08	23.87	0.00	0.00
LBC	93	23.40	26.35	26.53	23.72	0.00	0.00
LBC	94	22.85	27.14	27.01	23.00	0.00	0.00
LBC	95	23.66	26.10	26.31	23.92	0.00	0.00
LBC	96	23.55	26.41	26.56	23.47	0.00	0.00
LBC	97	22.86	27.00	27.01	23.13	0.00	0.00
LBC	98	23.72	26.10	26.18	24.00	0.00	0.00
LBC	99	23.39	26.46	26.47	23.68	0.00	0.00
LBC	100	22.65	27.08	26.98	23.29	0.00	0.00
LBC	101	23.61	26.24	26.12	24.03	0.00	0.00
LBC	102	23.46	26.36	26.56	23.61	0.00	0.00
LBC	103	22.68	27.28	26.90	23.14	0.00	0.00
LBC	104	23.70	26.29	26.04	23.97	0.00	0.00
LBC	105	23.33	26.34	26.59	23.74	0.00	0.00
LBC	106	23.02	26.99	26.98	23.01	0.00	0.00
LBC	107	23.70	26.16	26.33	23.81	0.01	0.00
LBC	108	23.38	26.38	26.59	23.66	0.00	0.00
LBC	109	22.82	27.19	27.05	22.93	0.00	0.00
LBC	110	23.61	26.31	26.15	23.93	0.00	0.00
LBC	111	23.37	26.53	26.50	23.59	0.00	0.00
LBC	112	22.73	27.20	26.98	23.09	0.00	0.00
LBC	113	23.68	26.23	26.22	23.87	0.00	0.00
LBC	114	23.48	26.33	26.58	23.60	0.00	0.00
LBC	115	22.87	26.96	27.07	23.10	0.00	0.00
LBC	116	23.76	26.44	26.01	23.78	0.00	0.00
LBC	117	23.55	26.36	26.51	23.57	0.00	0.00
LBC	118	22.85	27.05	27.00	23.10	0.00	0.00
LBC	119	23.57	26.36	26.19	23.88	0.00	0.00
LBC	120	23.50	26.54	26.41	23.56	0.00	0.00
LBC	121	22.80	27.15	26.88	23.17	0.00	0.00
LBC	122	23.60	26.43	26.13	23.84	0.00	0.00
LBC	123	23.33	26.49	26.55	23.63	0.00	0.00
LBC	124	22.78	27.14	27.05	23.03	0.00	0.00
LBC	125	23.68	26.32	26.10	23.91	0.00	0.00
LBC	126	23.46	26.41	26.61	23.52	0.00	0.00
LBC	127	22.86	27.05	27.10	22.98	0.00	0.00
LBC	128	23.81	26.21	26.03	23.95	0.00	0.00
LBC	129	23.41	26.52	26.43	23.64	0.00	0.00
LBC	130	22.90	27.11	26.96	23.03	0.00	0.00
LBC	131	23.87	26.22	26.15	23.76	0.00	0.00
LBC	132	23.57	26.42	26.42	23.59	0.00	0.00
LBC	133	22.81	27.14	26.98	23.08	0.00	0.00
LBC	134	23.65	26.44	26.00	23.90	0.00	0.00
LBC	135	23.39	26.54	26.31	23.75	0.00	0.00
LBC	136	22.92	27.15	26.88	23.05	0.00	0.00
LBC	137	23.71	26.29	26.15	23.85	0.00	0.00
LBC	138	23.40	26.61	26.48	23.51	0.00	0.00
LBC	139	22.85	27.16	26.98	23.01	0.00	0.00
LBC	140	23.61	26.36	26.34	23.70	0.00	0.00
LBC	141	23.45	26.44	26.55	23.57	0.00	0.00
LBC	142	22.78	27.18	26.98	23.06	0.00	0.00
LBC	143	23.68	26.26	26.19	23.87	0.00	0.00
LBC	144	23.46	26.60	26.52	23.43	0.00	0.00
LBC	145	22.78	27.18	26.89	23.15	0.00	0.00
LBC	146	23.64	26.14	26.36	23.85	0.00	0.00
LBC	147	23.29	26.59	26.62	23.50	0.00	0.00
LBC	148	22.94	27.02	27.06	22.99	0.00	0.00
LBC	149	23.50	26.32	26.30	23.89	0.00	0.00
LBC	150	23.40	26.52	26.40	23.68	0.00	0.00
LBC	151	22.81	26.98	27.11	23.09	0.00	0.00
# ACGT raw counters for last fragments. Use `grep ^LTC | cut -f 2-` to extract this part. The columns are: A,C,G,T,N base counters
LTC	831952665	954932147	952886055	840814813	4706
# Insert sizes. Use `grep ^IS | cut -f 2-` to extract this part. The columns are: insert size, pairs total, inward oriented pairs, outward oriented pairs, other pairs
IS	0	8779	2530	3948	2301
IS	1	0	0	0	0
IS	2	0	0	0	0
IS	3	0	0	0	0
IS	4	0	0	0	0
IS	5	0	0	0	0
IS	6	0	0	0	0
IS	7	0	0	0	0
IS	8	0	0	0	0
IS	9	0	0	0	0
IS	10	0	0	0	0
IS	11	0	0	0	0
IS	12	0	0	0	0
IS	13	0	0	0	0
IS	14	0	0	0	0
IS	15	0	0	0	0
IS	16	0	0	0	0
IS	17	0	0	0	0
IS	18	0	0	0	0
IS	19	0	0	0	0
IS	20	0	0	0	0
IS	21	0	0	0	0
IS	22	0	0	0	0
IS	23	0	0	0	0
IS	24	0	0	0	0
IS	25	0	0	0	0
IS	26	0	0	0	0
IS	27	0	0	0	0
IS	28	0	0	0	0
IS	29	0	0	0	0
IS	30	0	0	0	0
IS	31	0	0	0	0
IS	32	0	0	0	0
IS	33	0	0	0	0
IS	34	0	0	0	0
IS	35	54	28	26	0
IS	36	60	36	24	0
IS	37	82	44	38	0
IS	38	67	44	23	0
IS	39	97	54	43	0
IS	40	113	63	50	0
IS	41	120	57	63	0
IS	42	116	57	59	0
IS	43	126	52	74	0
IS	44	127	77	50	0
IS	45	127	70	57	0
IS	46	138	82	56	0
IS	47	168	80	88	0
IS	48	194	123	71	0
IS	49	221	127	94	0
IS	50	259	144	115	0
IS	51	316	174	142	0
IS	52	324	174	150	0
IS	53	290	149	141	0
IS	54	354	200	154	0
IS	55	370	195	175	0
IS	56	365	200	165	0
IS	57	416	235	181	0
IS	58	507	290	217	0
IS	59	563	286	277	0
IS	60	695	383	312	0
IS	61	756	433	323	0
IS	62	811	438	373	0
IS	63	877	496	381	0
IS	64	1012	572	440	0
IS	65	1014	537	477	0
IS	66	1092	571	521	0
IS	67	1343	746	597	0
IS	68	1396	757	639	0
IS	69	1579	868	711	0
IS	70	1802	991	811	0
IS	71	2041	1103	938	0
IS	72	2240	1255	985	0
IS	73	2562	1400	1162	0
IS	74	2712	1472	1240	0
IS	75	3067	1671	1396	0
IS	76	3556	1939	1617	0
IS	77	3773	2057	1716	0
IS	78	4283	2354	1929	0
IS	79	4908	2785	2123	0
IS	80	5236	2868	2368	0
IS	81	5885	3188	2697	0
IS	82	6769	3639	3130	0
IS	83	7507	4097	3410	0
IS	84	8374	4616	3758	0
IS	85	9305	5131	4174	0
IS	86	10011	5563	4448	0
IS	87	10868	6065	4803	0
IS	88	12356	6689	5667	0
IS	89	13190	7323	5867	0
IS	90	14603	8127	6476	0
IS	91	15980	8776	7204	0
IS	92	17418	9531	7887	0
IS	93	19134	10469	8665	0
IS	94	21699	11930	9769	0
IS	95	22955	12478	10477	0
IS	96	24672	13523	11149	0
IS	97	26916	14791	12125	0
IS	98	28596	15647	12949	0
IS	99	30283	16617	13666	0
IS	100	33528	18384	15144	0
IS	101	34998	19221	15777	0
IS	102	37241	20388	16853	0
IS	103	40307	22032	18275	0
IS	104	41886	22848	19038	0
IS	105	44550	24514	20036	0
IS	106	47703	26152	21551	0
IS	107	49382	26881	22501	0
IS	108	51472	28034	23438	0
IS	109	54645	29718	24927	0
IS	110	56362	30654	25708	0
IS	111	59090	32581	26509	0
IS	112	62715	34344	28371	0
IS	113	64100	34800	29300	0
IS	114	67019	36658	30361	0
IS	115	70460	38505	31955	0
IS	116	71607	39424	32183	0
IS	117	74231	40716	33515	0
IS	118	77846	42134	35712	0
IS	119	78034	42430	35604	0
IS	120	80590	43926	36664	0
IS	121	83855	45697	38158	0
IS	122	84903	46572	38331	0
IS	123	87200	47793	39407	0
IS	124	91143	50509	40634	0
IS	125	91406	50218	41188	0
IS	126	93909	51614	42295	0
IS	127	97015	53480	43535	0
IS	128	97974	53480	44494	0
IS	129	99580	54122	45458	0
IS	130	101595	55617	45978	0
IS	131	101644	55671	45973	0
IS	132	103797	56974	46823	0
IS	133	107810	58844	48966	0
IS	134	108553	59232	49321	0
IS	135	110859	60509	50350	0
IS	136	114563	62913	51650	0
IS	137	114410	62636	51774	0
IS	138	113833	62533	51300	0
IS	139	116117	63351	52766	0
IS	140	116402	63963	52439	0
IS	141	117178	64356	52822	0
IS	142	120154	65808	54346	0
IS	143	120002	66166	53836	0
IS	144	121431	66642	54789	0
IS	145	123532	67651	55881	0
IS	146	123889	67686	56203	0
IS	147	124739	68311	56428	0
IS	148	128071	70041	58030	0
IS	149	125736	69067	56669	0
IS	150	125067	69502	55565	0
IS	151	136392	78791	57601	0
IS	152	140553	134593	5960	0
IS	153	142090	138465	3625	0
IS	154	144219	141599	2620	0
IS	155	144293	142298	1995	0
IS	156	144581	143134	1447	0
IS	157	146652	145097	1555	0
IS	158	146232	144831	1401	0
IS	159	145330	143963	1367	0
IS	160	146954	145617	1337	0
IS	161	144195	142915	1280	0
IS	162	145737	144464	1273	0
IS	163	148914	147649	1265	0
IS	164	146641	145397	1244	0
IS	165	149028	147587	1441	0
IS	166	150489	149049	1440	0
IS	167	149046	147558	1488	0
IS	168	150474	148957	1517	0
IS	169	150550	148918	1632	0
IS	170	147653	145954	1699	0
IS	171	148207	146393	1814	0
IS	172	150709	148896	1813	0
IS	173	148562	146680	1882	0
IS	174	149362	147454	1908	0
IS	175	150988	148960	2028	0
IS	176	148939	146740	2199	0
IS	177	148915	146702	2213	0
IS	178	150091	147843	2248	0
IS	179	148000	145655	2345	0
IS	180	147650	145132	2518	0
IS	181	148706	146142	2564	0
IS	182	145098	142545	2553	0
IS	183	146109	143419	2690	0
IS	184	147130	144368	2762	0
IS	185	146449	143512	2937	0
IS	186	145473	142509	2964	0
IS	187	147906	144729	3177	0
IS	188	145230	142056	3174	0
IS	189	144000	140814	3186	0
IS	190	144137	140754	3383	0
IS	191	141250	137692	3558	0
IS	192	142547	138853	3694	0
IS	193	143192	139357	3835	0
IS	194	139248	135610	3638	0
IS	195	140241	136342	3899	0
IS	196	140023	136124	3899	0
IS	197	139019	135087	3932	0
IS	198	137798	133577	4221	0
IS	199	138467	134277	4190	0
IS	200	136056	131835	4221	0
IS	201	135728	131585	4143	0
IS	202	135640	131490	4150	0
IS	203	133105	128907	4198	0
IS	204	131502	127165	4337	0
IS	205	131599	127601	3998	0
IS	206	129253	125175	4078	0
IS	207	129293	125284	4009	0
IS	208	129861	126059	3802	0
IS	209	125388	121645	3743	0
IS	210	123051	119481	3570	0
IS	211	122261	118982	3279	0
IS	212	118216	115133	3083	0
IS	213	117573	114513	3060	0
IS	214	117750	114970	2780	0
IS	215	112900	110103	2797	0
IS	216	111006	108536	2470	0
IS	217	109825	107662	2163	0
IS	218	107587	105566	2021	0
IS	219	107599	105510	2089	0
IS	220	106566	104767	1799	0
IS	221	103419	101601	1818	0
IS	222	101695	100253	1442	0
IS	223	102188	100781	1407	0
IS	224	99325	97974	1351	0
IS	225	98033	96751	1282	0
IS	226	99164	97933	1231	0
IS	227	96609	95438	1171	0
IS	228	95418	94220	1198	0
IS	229	94953	93866	1087	0
IS	230	92500	91526	974	0
IS	231	90832	89779	1053	0
IS	232	90190	89280	910	0
IS	233	88079	87137	942	0
IS	234	87869	86943	926	0
IS	235	88096	87193	903	0
IS	236	86437	85512	925	0
IS	237	85062	84165	897	0
IS	238	85642	84721	921	0
IS	239	83556	82694	862	0
IS	240	82805	81849	956	0
IS	241	82629	81740	889	0
IS	242	79097	78249	848	0
IS	243	78906	78070	836	0
IS	244	79623	78815	808	0
IS	245	77114	76305	809	0
IS	246	76943	76168	775	0
IS	247	77026	76280	746	0
IS	248	76153	75325	828	0
IS	249	75150	74286	864	0
IS	250	74151	73236	915	0
IS	251	72091	71220	871	0
IS	252	70999	70185	814	0
IS	253	71633	70759	874	0
IS	254	69279	68424	855	0
IS	255	68844	67990	854	0
IS	256	69348	68594	754	0
IS	257	67726	67009	717	0
IS	258	67531	66782	749	0
IS	259	66714	65951	763	0
IS	260	65678	64890	788	0
IS	261	64427	63660	767	0
IS	262	63877	63107	770	0
IS	263	62711	61940	771	0
IS	264	61413	60606	807	0
IS	265	61532	60694	838	0
IS	266	60323	59581	742	0
IS	267	60596	59810	786	0
IS	268	60737	59933	804	0
IS	269	58574	57777	797	0
IS	270	57520	56785	735	0
IS	271	57776	57034	742	0
IS	272	55581	54831	750	0
IS	273	55485	54705	780	0
IS	274	55518	54831	687	0
IS	275	54657	53967	690	0
IS	276	53049	52332	717	0
IS	277	53590	52881	709	0
IS	278	52657	51948	709	0
IS	279	52354	51584	770	0
IS	280	51770	51065	705	0
IS	281	50933	50289	644	0
IS	282	49391	48745	646	0
IS	283	49128	48441	687	0
IS	284	47996	47457	539	0
IS	285	47115	46546	569	0
IS	286	46826	46267	559	0
IS	287	46393	45873	520	0
IS	288	45900	45246	654	0
IS	289	46117	45503	614	0
IS	290	45211	44614	597	0
IS	291	44326	43658	668	0
IS	292	44066	43531	535	0
IS	293	43237	42501	736	0
IS	294	42763	42107	656	0
IS	295	42854	42242	612	0
IS	296	41509	40812	697	0
IS	297	41188	40554	634	0
IS	298	41570	40709	861	0
IS	299	40639	39911	728	0
IS	300	40266	39565	701	0
IS	301	40110	39349	761	0
IS	302	39314	38374	940	0
IS	303	37996	37227	769	0
IS	304	37844	37207	637	0
IS	305	36747	36143	604	0
IS	306	36444	35930	514	0
IS	307	35566	35057	509	0
IS	308	35320	34593	727	0
IS	309	35034	34328	706	0
IS	310	34833	34284	549	0
IS	311	33682	33167	515	0
IS	312	33415	32906	509	0
IS	313	32953	32415	538	0
IS	314	31897	31391	506	0
IS	315	31117	30556	561	0
IS	316	30924	30439	485	0
IS	317	30240	29706	534	0
IS	318	30330	29776	554	0
IS	319	29559	29018	541	0
IS	320	28985	28466	519	0
IS	321	28948	28426	522	0
IS	322	28688	28226	462	0
IS	323	28131	27595	536	0
IS	324	27263	26781	482	0
IS	325	27043	26559	484	0
IS	326	26663	26177	486	0
IS	327	26121	25643	478	0
IS	328	26012	25509	503	0
IS	329	25153	24663	490	0
IS	330	25034	24580	454	0
IS	331	25217	24717	500	0
IS	332	24373	23876	497	0
IS	333	24674	24090	584	0
IS	334	23857	23334	523	0
IS	335	23769	23233	536	0
IS	336	23084	22451	633	0
IS	337	22654	22201	453	0
IS	338	22081	21650	431	0
IS	339	22098	21578	520	0
IS	340	21588	21173	415	0
IS	341	21589	21145	444	0
IS	342	21077	20581	496	0
IS	343	21230	20780	450	0
IS	344	20446	20063	383	0
IS	345	20076	19754	322	0
IS	346	19590	19286	304	0
IS	347	19450	19133	317	0
IS	348	18831	18505	326	0
IS	349	18469	18221	248	0
IS	350	18039	17763	276	0
IS	351	17974	17634	340	0
IS	352	18024	17763	261	0
IS	353	17724	17405	319	0
IS	354	17131	16858	273	0
IS	355	16670	16340	330	0
IS	356	16858	16503	355	0
IS	357	16191	15906	285	0
IS	358	15969	15685	284	0
IS	359	15541	15234	307	0
IS	360	15417	15164	253	0
IS	361	15377	15062	315	0
IS	362	14897	14646	251	0
IS	363	14561	14344	217	0
IS	364	14853	14623	230	0
IS	365	14192	13923	269	0
IS	366	14395	14096	299	0
IS	367	14157	13938	219	0
IS	368	13792	13566	226	0
IS	369	13416	13209	207	0
IS	370	13645	13426	219	0
IS	371	13384	13144	240	0
IS	372	13147	12966	181	0
IS	373	13032	12789	243	0
IS	374	12765	12584	181	0
IS	375	12350	12170	180	0
IS	376	12723	12530	193	0
IS	377	12309	12100	209	0
IS	378	12032	11811	221	0
IS	379	11915	11722	193	0
IS	380	11814	11620	194	0
IS	381	11732	11503	229	0
IS	382	11341	11195	146	0
IS	383	10985	10822	163	0
IS	384	10843	10694	149	0
IS	385	11272	11115	157	0
IS	386	10667	10482	185	0
IS	387	10603	10414	189	0
IS	388	10479	10314	165	0
IS	389	10474	10317	157	0
IS	390	10657	10497	160	0
IS	391	10023	9841	182	0
IS	392	9830	9683	147	0
IS	393	9497	9368	129	0
IS	394	9520	9363	157	0
IS	395	9126	8971	155	0
IS	396	9102	8912	190	0
IS	397	9388	9216	172	0
IS	398	9081	8897	184	0
IS	399	9046	8896	150	0
IS	400	8655	8472	183	0
IS	401	8684	8520	164	0
IS	402	7324	7149	175	0
IS	403	7297	7103	194	0
IS	404	7008	6854	154	0
IS	405	7105	6945	160	0
IS	406	7238	7037	201	0
IS	407	6877	6733	144	0
IS	408	6707	6534	173	0
IS	409	6760	6593	167	0
IS	410	6600	6436	164	0
IS	411	6399	6252	147	0
IS	412	6135	5970	165	0
IS	413	6181	5971	210	0
IS	414	6135	5940	195	0
IS	415	6153	5925	228	0
IS	416	6156	5928	228	0
IS	417	5886	5702	184	0
IS	418	5781	5581	200	0
IS	419	6070	5868	202	0
IS	420	6155	5983	172	0
IS	421	5803	5596	207	0
IS	422	5505	5321	184	0
IS	423	5590	5388	202	0
IS	424	5495	5265	230	0
IS	425	5618	5266	352	0
IS	426	5344	5011	333	0
IS	427	5172	4890	282	0
IS	428	5486	4975	511	0
IS	429	5477	4875	602	0
IS	430	5617	5061	556	0
IS	431	5610	4843	767	0
IS	432	4901	4508	393	0
IS	433	4935	4593	342	0
IS	434	4807	4524	283	0
IS	435	5048	4729	319	0
IS	436	5366	5064	302	0
IS	437	5246	4783	463	0
IS	438	7102	4263	2839	0
IS	439	6898	4321	2577	0
IS	440	5023	4112	911	0
IS	441	4439	3977	462	0
IS	442	4380	3827	553	0
IS	443	4297	3907	390	0
IS	444	4143	3826	317	0
IS	445	4057	3827	230	0
IS	446	4120	3866	254	0
IS	447	3975	3762	213	0
IS	448	3889	3639	250	0
IS	449	3811	3639	172	0
IS	450	3782	3587	195	0
IS	451	3796	3611	185	0
IS	452	3684	3500	184	0
IS	453	3783	3580	203	0
IS	454	3647	3459	188	0
IS	455	3736	3511	225	0
IS	456	3662	3434	228	0
IS	457	3604	3407	197	0
IS	458	3398	3232	166	0
IS	459	3307	3115	192	0
IS	460	3383	3218	165	0
IS	461	3204	3012	192	0
IS	462	3056	2893	163	0
IS	463	3176	3036	140	0
IS	464	3077	2939	138	0
IS	465	3046	2877	169	0
IS	466	2894	2759	135	0
IS	467	2967	2843	124	0
IS	468	2829	2712	117	0
IS	469	2889	2750	139	0
IS	470	2940	2850	90	0
IS	471	2749	2643	106	0
IS	472	2649	2540	109	0
IS	473	2552	2444	108	0
IS	474	2660	2522	138	0
IS	475	2693	2552	141	0
IS	476	2525	2392	133	0
IS	477	2513	2368	145	0
IS	478	2387	2251	136	0
IS	479	2429	2295	134	0
IS	480	2423	2274	149	0
IS	481	2339	2188	151	0
IS	482	2268	2132	136	0
IS	483	2258	2161	97	0
IS	484	2246	2148	98	0
IS	485	2175	2080	95	0
IS	486	2049	1917	132	0
IS	487	2131	2011	120	0
IS	488	2103	2025	78	0
IS	489	2038	1952	86	0
IS	490	2036	1935	101	0
IS	491	2065	1979	86	0
IS	492	1950	1842	108	0
IS	493	2038	1942	96	0
IS	494	1956	1874	82	0
IS	495	1984	1903	81	0
IS	496	1921	1854	67	0
IS	497	1903	1825	78	0
IS	498	1866	1777	89	0
IS	499	1895	1794	101	0
IS	500	1824	1738	86	0
IS	501	1903	1844	59	0
IS	502	1909	1820	89	0
IS	503	1828	1705	123	0
IS	504	1839	1751	88	0
IS	505	1873	1746	127	0
IS	506	1723	1613	110	0
IS	507	1684	1597	87	0
IS	508	1583	1534	49	0
IS	509	1528	1485	43	0
IS	510	1554	1505	49	0
IS	511	1619	1562	57	0
IS	512	1454	1391	63	0
IS	513	1694	1620	74	0
IS	514	1576	1490	86	0
IS	515	1522	1432	90	0
IS	516	1376	1294	82	0
IS	517	1445	1343	102	0
IS	518	1496	1399	97	0
IS	519	1377	1272	105	0
IS	520	1526	1420	106	0
IS	521	1408	1321	87	0
IS	522	1481	1415	66	0
IS	523	1455	1355	100	0
IS	524	1364	1270	94	0
IS	525	1334	1232	102	0
IS	526	1500	1407	93	0
IS	527	1412	1317	95	0
IS	528	1367	1243	124	0
IS	529	1448	1343	105	0
# Read lengths. Use `grep ^RL | cut -f 2-` to extract this part. The columns are: read length, count
RL	35	386
RL	36	270
RL	37	362
RL	38	304
RL	39	350
RL	40	389
RL	41	437
RL	42	431
RL	43	403
RL	44	549
RL	45	592
RL	46	622
RL	47	665
RL	48	848
RL	49	945
RL	50	1150
RL	51	1171
RL	52	1158
RL	53	1010
RL	54	1254
RL	55	1143
RL	56	1169
RL	57	1217
RL	58	1464
RL	59	1634
RL	60	1846
RL	61	2061
RL	62	2216
RL	63	2315
RL	64	2601
RL	65	2660
RL	66	2816
RL	67	3353
RL	68	3640
RL	69	4101
RL	70	4508
RL	71	5062
RL	72	5473
RL	73	6352
RL	74	6844
RL	75	7428
RL	76	8479
RL	77	9133
RL	78	10412
RL	79	12090
RL	80	12722
RL	81	14242
RL	82	15966
RL	83	17907
RL	84	19863
RL	85	22177
RL	86	24079
RL	87	26041
RL	88	29339
RL	89	31394
RL	90	34618
RL	91	37783
RL	92	41320
RL	93	45827
RL	94	51597
RL	95	54920
RL	96	58685
RL	97	64129
RL	98	68082
RL	99	71906
RL	100	79161
RL	101	83014
RL	102	88617
RL	103	96111
RL	104	99902
RL	105	105937
RL	106	113954
RL	107	117956
RL	108	123876
RL	109	130793
RL	110	134837
RL	111	141745
RL	112	151054
RL	113	154077
RL	114	160671
RL	115	169927
RL	116	172660
RL	117	179528
RL	118	187708
RL	119	189565
RL	120	194778
RL	121	202914
RL	122	206288
RL	123	211436
RL	124	221165
RL	125	221589
RL	126	228043
RL	127	235469
RL	128	237140
RL	129	241375
RL	130	246782
RL	131	248518
RL	132	253658
RL	133	264115
RL	134	266593
RL	135	269721
RL	136	278726
RL	137	281377
RL	138	281686
RL	139	288342
RL	140	290005
RL	141	295059
RL	142	305532
RL	143	314157
RL	144	313609
RL	145	336202
RL	146	392602
RL	147	400539
RL	148	317260
RL	149	309896
RL	150	313718
RL	151	37284075
# Read lengths - first fragments. Use `grep ^FRL | cut -f 2-` to extract this part. The columns are: read length, count
FRL	35	209
FRL	36	143
FRL	37	190
FRL	38	147
FRL	39	183
FRL	40	201
FRL	41	219
FRL	42	227
FRL	43	211
FRL	44	289
FRL	45	309
FRL	46	323
FRL	47	357
FRL	48	472
FRL	49	523
FRL	50	636
FRL	51	642
FRL	52	626
FRL	53	550
FRL	54	668
FRL	55	613
FRL	56	608
FRL	57	631
FRL	58	757
FRL	59	859
FRL	60	958
FRL	61	1065
FRL	62	1140
FRL	63	1195
FRL	64	1330
FRL	65	1354
FRL	66	1445
FRL	67	1719
FRL	68	1873
FRL	69	2121
FRL	70	2306
FRL	71	2575
FRL	72	2760
FRL	73	3212
FRL	74	3466
FRL	75	3748
FRL	76	4278
FRL	77	4636
FRL	78	5268
FRL	79	6180
FRL	80	6453
FRL	81	7174
FRL	82	8014
FRL	83	8995
FRL	84	9982
FRL	85	11139
FRL	86	12099
FRL	87	13065
FRL	88	14723
FRL	89	15745
FRL	90	17368
FRL	91	18932
FRL	92	20698
FRL	93	22964
FRL	94	25849
FRL	95	27538
FRL	96	29424
FRL	97	32147
FRL	98	34117
FRL	99	36018
FRL	100	39659
FRL	101	41628
FRL	102	44397
FRL	103	48158
FRL	104	50043
FRL	105	53053
FRL	106	57092
FRL	107	59158
FRL	108	62114
FRL	109	65506
FRL	110	67511
FRL	111	70972
FRL	112	75622
FRL	113	77180
FRL	114	80424
FRL	115	85134
FRL	116	86453
FRL	117	89878
FRL	118	94013
FRL	119	94897
FRL	120	97560
FRL	121	101681
FRL	122	103361
FRL	123	105933
FRL	124	110731
FRL	125	110953
FRL	126	114274
FRL	127	117919
FRL	128	118731
FRL	129	120886
FRL	130	123590
FRL	131	124488
FRL	132	127128
FRL	133	132269
FRL	134	133446
FRL	135	134961
FRL	136	139492
FRL	137	140770
FRL	138	140971
FRL	139	144088
FRL	140	144933
FRL	141	146929
FRL	142	151458
FRL	143	155141
FRL	144	156342
FRL	145	167296
FRL	146	196906
FRL	147	197875
FRL	148	158628
FRL	149	154940
FRL	150	160460
FRL	151	18636988
# Read lengths - last fragments. Use `grep ^LRL | cut -f 2-` to extract this part. The columns are: read length, count
LRL	35	177
LRL	36	127
LRL	37	172
LRL	38	157
LRL	39	167
LRL	40	188
LRL	41	218
LRL	42	204
LRL	43	192
LRL	44	260
LRL	45	283
LRL	46	299
LRL	47	308
LRL	48	376
LRL	49	422
LRL	50	514
LRL	51	529
LRL	52	532
LRL	53	460
LRL	54	586
LRL	55	530
LRL	56	561
LRL	57	586
LRL	58	707
LRL	59	775
LRL	60	888
LRL	61	996
LRL	62	1076
LRL	63	1120
LRL	64	1271
LRL	65	1306
LRL	66	1371
LRL	67	1634
LRL	68	1767
LRL	69	1980
LRL	70	2202
LRL	71	2487
LRL	72	2713
LRL	73	3140
LRL	74	3378
LRL	75	3680
LRL	76	4201
LRL	77	4497
LRL	78	5144
LRL	79	5910
LRL	80	6269
LRL	81	7068
LRL	82	7952
LRL	83	8912
LRL	84	9881
LRL	85	11038
LRL	86	11980
LRL	87	12976
LRL	88	14616
LRL	89	15649
LRL	90	17250
LRL	91	18851
LRL	92	20622
LRL	93	22863
LRL	94	25748
LRL	95	27382
LRL	96	29261
LRL	97	31982
LRL	98	33965
LRL	99	35888
LRL	100	39502
LRL	101	41386
LRL	102	44220
LRL	103	47953
LRL	104	49859
LRL	105	52884
LRL	106	56862
LRL	107	58798
LRL	108	61762
LRL	109	65287
LRL	110	67326
LRL	111	70773
LRL	112	75432
LRL	113	76897
LRL	114	80247
LRL	115	84793
LRL	116	86207
LRL	117	89650
LRL	118	93695
LRL	119	94668
LRL	120	97218
LRL	121	101233
LRL	122	102927
LRL	123	105503
LRL	124	110434
LRL	125	110636
LRL	126	113769
LRL	127	117550
LRL	128	118409
LRL	129	120489
LRL	130	123192
LRL	131	124030
LRL	132	126530
LRL	133	131846
LRL	134	133147
LRL	135	134760
LRL	136	139234
LRL	137	140607
LRL	138	140715
LRL	139	144254
LRL	140	145072
LRL	141	148130
LRL	142	154074
LRL	143	159016
LRL	144	157267
LRL	145	168906
LRL	146	195696
LRL	147	202664
LRL	148	158632
LRL	149	154956
LRL	150	153258
LRL	151	18647087
# Mapping qualities for reads !(UNMAP|SECOND|SUPPL|QCFAIL|DUP). Use `grep ^MAPQ | cut -f 2-` to extract this part. The columns are: mapq, count
MAPQ	0	8776
MAPQ	1	60527
MAPQ	60	46249273
# Indel distribution. Use `grep ^ID | cut -f 2-` to extract this part. The columns are: length, number of insertions, number of deletions
ID	1	471035	366561
ID	2	103228	162795
ID	3	61432	61752
ID	4	16620	13228
ID	5	5177	12036
ID	6	10786	18374
ID	7	3689	10441
ID	8	7139	5780
# Indels per cycle. Use `grep ^IC | cut -f 2-` to extract this part. The columns are: cycle, number of insertions (fwd), .. (rev) , number of deletions (fwd), .. (rev)
IC	2	2	1	1	1
IC	3	1	2	1	0
IC	4	0	9	0	1
IC	5	0	10	1	3
IC	6	2	5	8	4
IC	7	13	11	12	12
IC	8	991	446	777	668
IC	9	1157	839	1091	898
IC	10	1183	1185	800	641
IC	11	1366	979	848	957
IC	12	1661	1653	1098	1275
IC	13	1781	1486	1465	1097
IC	14	1527	1737	1555	1642
IC	15	2359	1736	2029	2252
IC	16	1601	1689	1706	1975
IC	17	1764	2754	1766	2685
IC	18	1788	2400	1853	2403
IC	19	2064	3378	1844	5873
IC	20	2330	3006	1793	2134
IC	21	2246	2222	2022	2321
IC	22	2076	2933	1984	2746
IC	23	2185	2537	1679	2373
IC	24	2281	2360	1986	2759
IC	25	2188	3005	2175	3476
IC	26	2179	2250	2617	4152
IC	27	2340	2598	1909	2644
IC	28	2944	2216	1880	2583
IC	29	2553	3006	1996	3212
IC	30	2051	2625	1813	3023
IC	31	2631	1924	2404	2689
IC	32	2219	2596	2117	2405
IC	33	3327	2301	2131	2553
IC	34	2368	2096	2450	2528
IC	35	2572	6054	2538	2933
IC	36	2134	4141	2402	3506
IC	37	2280	2893	2263	4340
IC	38	2395	2515	2298	7803
IC	39	2241	2598	2357	5356
IC	40	2178	2383	2397	5834
IC	41	2461	2409	2383	3496
IC	42	2991	2452	2561	2709
IC	43	2554	2416	2891	2726
IC	44	2661	2533	2765	4044
IC	45	2056	2346	2336	2864
IC	46	2060	3015	2307	3725
IC	47	2769	3269	2623	2224
IC	48	2840	4616	1792	3521
IC	49	2879	2727	2127	2601
IC	50	3140	2473	2305	2152
IC	51	2811	3367	2332	3117
IC	52	3463	2325	2858	2456
IC	53	3810	3812	1997	2831
IC	54	3306	2776	2171	3245
IC	55	2746	2877	2256	2551
IC	56	2742	3438	2181	3027
IC	57	2356	2552	2403	5509
IC	58	2254	4149	1911	2897
IC	59	2932	3784	2198	2931
IC	60	2624	2477	1935	3156
IC	61	2958	2643	2410	2829
IC	62	2178	2588	3635	2908
IC	63	2193	3052	2641	3308
IC	64	2467	2789	3354	2697
IC	65	2227	2580	2340	3133
IC	66	2587	2850	2659	2985
IC	67	1863	2934	3230	4816
IC	68	3152	3433	2721	2952
IC	69	1908	3616	2655	2685
IC	70	2381	4005	3306	2618
IC	71	2679	3553	2568	2266
IC	72	2370	2658	2305	3185
IC	73	2713	2760	2588	2562
IC	74	2018	3109	2832	2380
IC	75	2739	3298	2827	2097
IC	76	2579	2779	2577	2658
IC	77	2869	3275	3068	2130
IC	78	2024	2659	2977	4399
IC	79	2109	2510	2565	2354
IC	80	2377	2583	2130	1920
IC	81	3475	2715	2726	2625
IC	82	2728	2555	2574	2303
IC	83	2157	2480	2261	2867
IC	84	2411	2431	2759	3488
IC	85	2187	3795	2562	3023
IC	86	2282	3146	2716	1966
IC	87	2626	3944	2497	2664
IC	88	2081	2611	3093	2391
IC	89	2592	2452	2468	2093
IC	90	2645	2324	2933	1990
IC	91	2626	2340	3207	2565
IC	92	3361	2759	2657	2336
IC	93	2151	2302	3138	2586
IC	94	2371	2227	2459	2548
IC	95	2210	2072	3018	2140
IC	96	2467	2533	2921	2377
IC	97	2606	2128	3839	3021
IC	98	4056	2446	3797	2713
IC	99	4143	2386	2302	3165
IC	100	2771	2116	2758	1947
IC	101	2362	2597	2358	2125
IC	102	7883	3258	2375	2011
IC	103	15268	2732	2579	1889
IC	104	5048	2306	2000	2057
IC	105	2737	2913	2585	2130
IC	106	4680	2327	2271	2466
IC	107	2225	3730	2713	1893
IC	108	3722	3460	2333	2006
IC	109	2250	4244	2670	2132
IC	110	4102	2457	2260	1947
IC	111	2404	2993	1968	2454
IC	112	2377	2071	2246	2298
IC	113	2415	3024	2092	2357
IC	114	1974	1994	2917	2129
IC	115	1815	1915	2170	2248
IC	116	1926	2289	2801	2045
IC	117	1944	2085	2077	2347
IC	118	2263	2564	2587	1987
IC	119	2108	2696	3619	2321
IC	120	1954	2674	2739	2076
IC	121	2038	2652	2873	1857
IC	122	1834	2023	2450	1587
IC	123	1802	2247	2764	2755
IC	124	2076	2053	3496	1774
IC	125	1778	2013	2893	2040
IC	126	1591	1972	2174	2006
IC	127	1826	1960	1927	1426
IC	128	2033	1928	2010	1755
IC	129	2031	1989	1669	1613
IC	130	1628	1896	1626	1837
IC	131	1788	2230	2486	1884
IC	132	1591	1885	1774	2467
IC	133	1325	1752	1676	1351
IC	134	2205	1762	1722	1385
IC	135	1624	1785	1614	1472
IC	136	1706	1607	1365	1461
IC	137	1441	2842	1045	1363
IC	138	1081	1161	1155	1411
IC	139	951	1111	1277	971
IC	140	726	770	729	728
IC	141	777	866	589	428
IC	142	555	893	565	370
IC	143	563	807	746	389
IC	144	420	1025	11	14
IC	145	5	5	2	1
IC	146	46	16	0	3
IC	147	19	3	2	1
IC	148	7	1	0	0
IC	150	0	1	0	0
# Coverage distribution. Use `grep ^COV | cut -f 2-` to extract this part.
COV	[1-1]	1	1033607
COV	[2-2]	2	1265581
COV	[3-3]	3	657816
COV	[4-4]	4	706858
COV	[5-5]	5	486173
COV	[6-6]	6	478547
COV	[7-7]	7	382436
COV	[8-8]	8	363929
COV	[9-9]	9	311647
COV	[10-10]	10	294128
COV	[11-11]	11	260344
COV	[12-12]	12	250680
COV	[13-13]	13	229120
COV	[14-14]	14	217898
COV	[15-15]	15	203067
COV	[16-16]	16	194989
COV	[17-17]	17	186083
COV	[18-18]	18	181747
COV	[19-19]	19	169969
COV	[20-20]	20	163780
COV	[21-21]	21	158170
COV	[22-22]	22	153744
COV	[23-23]	23	147822
COV	[24-24]	24	144995
COV	[25-25]	25	139936
COV	[26-26]	26	138538
COV	[27-27]	27	134920
COV	[28-28]	28	130161
COV	[29-29]	29	127195
COV	[30-30]	30	123799
COV	[31-31]	31	121094
COV	[32-32]	32	118462
COV	[33-33]	33	114521
COV	[34-34]	34	113281
COV	[35-35]	35	111289
COV	[36-36]	36	109653
COV	[37-37]	37	106820
COV	[38-38]	38	106088
COV	[39-39]	39	104667
COV	[40-40]	40	100123
COV	[41-41]	41	100119
COV	[42-42]	42	100302
COV	[43-43]	43	97113
COV	[44-44]	44	96557
COV	[45-45]	45	95311
COV	[46-46]	46	94145
COV	[47-47]	47	92563
COV	[48-48]	48	92497
COV	[49-49]	49	90623
COV	[50-50]	50	91341
COV	[51-51]	51	88957
COV	[52-52]	52	86812
COV	[53-53]	53	86107
COV	[54-54]	54	85163
COV	[55-55]	55	84778
COV	[56-56]	56	83792
COV	[57-57]	57	83628
COV	[58-58]	58	82669
COV	[59-59]	59	81960
COV	[60-60]	60	80959
COV	[61-61]	61	79607
COV	[62-62]	62	78416
COV	[63-63]	63	77637
COV	[64-64]	64	77171
COV	[65-65]	65	76836
COV	[66-66]	66	75408
COV	[67-67]	67	74587
COV	[68-68]	68	74193
COV	[69-69]	69	72691
COV	[70-70]	70	71802
COV	[71-71]	71	71028
COV	[72-72]	72	70727
COV	[73-73]	73	70369
COV	[74-74]	74	69860
COV	[75-75]	75	69054
COV	[76-76]	76	69372
COV	[77-77]	77	68648
COV	[78-78]	78	69141
COV	[79-79]	79	67530
COV	[80-80]	80	67779
COV	[81-81]	81	67065
COV	[82-82]	82	66733
COV	[83-83]	83	66050
COV	[84-84]	84	64977
COV	[85-85]	85	64452
COV	[86-86]	86	63943
COV	[87-87]	87	62905
COV	[88-88]	88	62379
COV	[89-89]	89	62011
COV	[90-90]	90	61548
COV	[91-91]	91	61671
COV	[92-92]	92	60973
COV	[93-93]	93	61140
COV	[94-94]	94	60662
COV	[95-95]	95	59807
COV	[96-96]	96	59742
COV	[97-97]	97	58287
COV	[98-98]	98	58662
COV	[99-99]	99	58036
COV	[100-100]	100	56928
COV	[101-101]	101	56954
COV	[102-102]	102	56953
COV	[103-103]	103	56178
COV	[104-104]	104	56013
COV	[105-105]	105	55105
COV	[106-106]	106	54815
COV	[107-107]	107	54362
COV	[108-108]	108	53668
COV	[109-109]	109	53290
COV	[110-110]	110	53083
COV	[111-111]	111	52459
COV	[112-112]	112	52087
COV	[113-113]	113	51730
COV	[114-114]	114	50425
COV	[115-115]	115	50562
COV	[116-116]	116	49684
COV	[117-117]	117	50018
COV	[118-118]	118	49608
COV	[119-119]	119	49612
COV	[120-120]	120	48583
COV	[121-121]	121	49077
COV	[122-122]	122	47697
COV	[123-123]	123	47805
COV	[124-124]	124	48052
COV	[125-125]	125	46717
COV	[126-126]	126	46044
COV	[127-127]	127	46675
COV	[128-128]	128	45982
COV	[129-129]	129	44854
COV	[130-130]	130	45232
COV	[131-131]	131	44757
COV	[132-132]	132	44188
COV	[133-133]	133	44072
COV	[134-134]	134	43784
COV	[135-135]	135	43292
COV	[136-136]	136	43318
COV	[137-137]	137	42653
COV	[138-138]	138	42361
COV	[139-139]	139	41672
COV	[140-140]	140	41992
COV	[141-141]	141	41337
COV	[142-142]	142	40855
COV	[143-143]	143	40592
COV	[144-144]	144	39768
COV	[145-145]	145	39896
COV	[146-146]	146	39960
COV	[147-147]	147	39436
COV	[148-148]	148	38746
COV	[149-149]	149	38951
COV	[150-150]	150	38737
COV	[151-151]	151	38315
COV	[152-152]	152	38411
COV	[153-153]	153	38156
COV	[154-154]	154	37769
COV	[155-155]	155	38069
COV	[156-156]	156	36950
COV	[157-157]	157	36965
COV	[158-158]	158	36682
COV	[159-159]	159	36239
COV	[160-160]	160	35663
COV	[161-161]	161	35145
COV	[162-162]	162	35685
COV	[163-163]	163	34749
COV	[164-164]	164	34579
COV	[165-165]	165	34472
COV	[166-166]	166	33932
COV	[167-167]	167	33636
COV	[168-168]	168	33338
COV	[169-169]	169	33469
COV	[170-170]	170	33029
COV	[171-171]	171	32519
COV	[172-172]	172	32292
COV	[173-173]	173	32311
COV	[174-174]	174	31811
COV	[175-175]	175	31816
COV	[176-176]	176	31150
COV	[177-177]	177	30670
COV	[178-178]	178	30961
COV	[179-179]	179	30664
COV	[180-180]	180	29993
COV	[181-181]	181	30093
COV	[182-182]	182	29608
COV	[183-183]	183	29406
COV	[184-184]	184	29151
COV	[185-185]	185	29278
COV	[186-186]	186	28476
COV	[187-187]	187	28447
COV	[188-188]	188	27737
COV	[189-189]	189	28716
COV	[190-190]	190	27519
COV	[191-191]	191	27633
COV	[192-192]	192	27313
COV	[193-193]	193	26756
COV	[194-194]	194	26816
COV	[195-195]	195	27247
COV	[196-196]	196	26768
COV	[197-197]	197	26289
COV	[198-198]	198	26399
COV	[199-199]	199	26130
COV	[200-200]	200	26159
COV	[201-201]	201	26123
COV	[202-202]	202	25807
COV	[203-203]	203	25486
COV	[204-204]	204	25355
COV	[205-205]	205	25198
COV	[206-206]	206	24816
COV	[207-207]	207	25046
COV	[208-208]	208	24505
COV	[209-209]	209	24301
COV	[210-210]	210	24328
COV	[211-211]	211	23943
COV	[212-212]	212	23834
COV	[213-213]	213	23661
COV	[214-214]	214	23715
COV	[215-215]	215	23511
COV	[216-216]	216	23545
COV	[217-217]	217	23506
COV	[218-218]	218	23377
COV	[219-219]	219	22759
COV	[220-220]	220	22799
COV	[221-221]	221	22641
COV	[222-222]	222	22586
COV	[223-223]	223	22133
COV	[224-224]	224	22073
COV	[225-225]	225	21978
COV	[226-226]	226	21819
COV	[227-227]	227	21864
COV	[228-228]	228	21834
COV	[229-229]	229	21362
COV	[230-230]	230	21161
COV	[231-231]	231	21199
COV	[232-232]	232	21056
COV	[233-233]	233	20797
COV	[234-234]	234	20563
COV	[235-235]	235	20612
COV	[236-236]	236	19624
COV	[237-237]	237	19826
COV	[238-238]	238	19564
COV	[239-239]	239	19663
COV	[240-240]	240	19373
COV	[241-241]	241	19390
COV	[242-242]	242	19380
COV	[243-243]	243	19092
COV	[244-244]	244	19477
COV	[245-245]	245	19412
COV	[246-246]	246	18909
COV	[247-247]	247	18713
COV	[248-248]	248	18558
COV	[249-249]	249	18473
COV	[250-250]	250	18281
COV	[251-251]	251	18117
COV	[252-252]	252	18122
COV	[253-253]	253	17568
COV	[254-254]	254	17637
COV	[255-255]	255	17563
COV	[256-256]	256	17561
COV	[257-257]	257	17515
COV	[258-258]	258	17522
COV	[259-259]	259	17106
COV	[260-260]	260	17062
COV	[261-261]	261	17380
COV	[262-262]	262	17021
COV	[263-263]	263	17008
COV	[264-264]	264	16709
COV	[265-265]	265	16925
COV	[266-266]	266	16948
COV	[267-267]	267	16602
COV	[268-268]	268	16351
COV	[269-269]	269	16312
COV	[270-270]	270	16339
COV	[271-271]	271	16237
COV	[272-272]	272	16262
COV	[273-273]	273	15625
COV	[274-274]	274	15840
COV	[275-275]	275	15910
COV	[276-276]	276	15922
COV	[277-277]	277	15370
COV	[278-278]	278	15795
COV	[279-279]	279	15732
COV	[280-280]	280	15421
COV	[281-281]	281	15449
COV	[282-282]	282	15419
COV	[283-283]	283	15245
COV	[284-284]	284	15280
COV	[285-285]	285	15137
COV	[286-286]	286	15213
COV	[287-287]	287	15012
COV	[288-288]	288	15152
COV	[289-289]	289	14952
COV	[290-290]	290	14672
COV	[291-291]	291	14773
COV	[292-292]	292	14716
COV	[293-293]	293	14613
COV	[294-294]	294	14671
COV	[295-295]	295	14417
COV	[296-296]	296	14167
COV	[297-297]	297	14636
COV	[298-298]	298	14404
COV	[299-299]	299	13934
COV	[300-300]	300	13919
COV	[301-301]	301	13763
COV	[302-302]	302	13856
COV	[303-303]	303	13917
COV	[304-304]	304	14115
COV	[305-305]	305	13853
COV	[306-306]	306	13470
COV	[307-307]	307	13540
COV	[308-308]	308	13285
COV	[309-309]	309	13479
COV	[310-310]	310	13111
COV	[311-311]	311	13154
COV	[312-312]	312	13272
COV	[313-313]	313	13052
COV	[314-314]	314	12995
COV	[315-315]	315	12920
COV	[316-316]	316	12982
COV	[317-317]	317	12864
COV	[318-318]	318	12662
COV	[319-319]	319	12798
COV	[320-320]	320	12677
COV	[321-321]	321	12731
COV	[322-322]	322	12473
COV	[323-323]	323	12525
COV	[324-324]	324	12713
COV	[325-325]	325	12669
COV	[326-326]	326	12377
COV	[327-327]	327	12640
COV	[328-328]	328	12464
COV	[329-329]	329	12468
COV	[330-330]	330	12229
COV	[331-331]	331	12053
COV	[332-332]	332	11995
COV	[333-333]	333	11838
COV	[334-334]	334	12079
COV	[335-335]	335	11631
COV	[336-336]	336	11670
COV	[337-337]	337	11642
COV	[338-338]	338	11815
COV	[339-339]	339	11523
COV	[340-340]	340	11554
COV	[341-341]	341	11419
COV	[342-342]	342	11553
COV	[343-343]	343	11293
COV	[344-344]	344	11207
COV	[345-345]	345	10875
COV	[346-346]	346	10932
COV	[347-347]	347	10753
COV	[348-348]	348	10836
COV	[349-349]	349	11099
COV	[350-350]	350	10949
COV	[351-351]	351	10912
COV	[352-352]	352	10751
COV	[353-353]	353	10430
COV	[354-354]	354	10448
COV	[355-355]	355	10544
COV	[356-356]	356	10561
COV	[357-357]	357	10283
COV	[358-358]	358	10365
COV	[359-359]	359	10121
COV	[360-360]	360	10105
COV	[361-361]	361	9938
COV	[362-362]	362	9915
COV	[363-363]	363	9908
COV	[364-364]	364	9841
COV	[365-365]	365	9747
COV	[366-366]	366	9812
COV	[367-367]	367	9605
COV	[368-368]	368	9638
COV	[369-369]	369	9560
COV	[370-370]	370	9486
COV	[371-371]	371	9710
COV	[372-372]	372	9424
COV	[373-373]	373	9202
COV	[374-374]	374	9081
COV	[375-375]	375	9267
COV	[376-376]	376	9253
COV	[377-377]	377	9256
COV	[378-378]	378	9253
COV	[379-379]	379	9126
COV	[380-380]	380	9166
COV	[381-381]	381	9355
COV	[382-382]	382	8824
COV	[383-383]	383	8985
COV	[384-384]	384	8859
COV	[385-385]	385	8870
COV	[386-386]	386	8872
COV	[387-387]	387	8797
COV	[388-388]	388	9030
COV	[389-389]	389	8842
COV	[390-390]	390	8884
COV	[391-391]	391	8645
COV	[392-392]	392	8715
COV	[393-393]	393	8782
COV	[394-394]	394	8424
COV	[395-395]	395	8365
COV	[396-396]	396	8539
COV	[397-397]	397	8477
COV	[398-398]	398	8521
COV	[399-399]	399	8196
COV	[400-400]	400	8154
COV	[401-401]	401	8275
COV	[402-402]	402	8318
COV	[403-403]	403	8078
COV	[404-404]	404	7982
COV	[405-405]	405	7996
COV	[406-406]	406	7997
COV	[407-407]	407	7994
COV	[408-408]	408	7967
COV	[409-409]	409	7850
COV	[410-410]	410	7708
COV	[411-411]	411	7887
COV	[412-412]	412	7706
COV	[413-413]	413	7613
COV	[414-414]	414	7679
COV	[415-415]	415	7669
COV	[416-416]	416	7441
COV	[417-417]	417	7519
COV	[418-418]	418	7482
COV	[419-419]	419	7395
COV	[420-420]	420	7651
COV	[421-421]	421	7551
COV	[422-422]	422	7370
COV	[423-423]	423	7391
COV	[424-424]	424	7439
COV	[425-425]	425	7294
COV	[426-426]	426	7418
COV	[427-427]	427	7221
COV	[428-428]	428	7170
COV	[429-429]	429	7105
COV	[430-430]	430	7124
COV	[431-431]	431	7094
COV	[432-432]	432	7301
COV	[433-433]	433	6965
COV	[434-434]	434	7120
COV	[435-435]	435	6947
COV	[436-436]	436	6903
COV	[437-437]	437	6915
COV	[438-438]	438	6889
COV	[439-439]	439	6811
COV	[440-440]	440	6940
COV	[441-441]	441	6807
COV	[442-442]	442	6667
COV	[443-443]	443	6689
COV	[444-444]	444	6568
COV	[445-445]	445	6753
COV	[446-446]	446	6727
COV	[447-447]	447	6563
COV	[448-448]	448	6609
COV	[449-449]	449	6409
COV	[450-450]	450	6336
COV	[451-451]	451	6329
COV	[452-452]	452	6472
COV	[453-453]	453	6459
COV	[454-454]	454	6282
COV	[455-455]	455	6192
COV	[456-456]	456	6276
COV	[457-457]	457	6163
COV	[458-458]	458	6256
COV	[459-459]	459	6161
COV	[460-460]	460	6313
COV	[461-461]	461	6302
COV	[462-462]	462	6014
COV	[463-463]	463	6150
COV	[464-464]	464	6224
COV	[465-465]	465	6056
COV	[466-466]	466	6146
COV	[467-467]	467	6117
COV	[468-468]	468	6099
COV	[469-469]	469	6128
COV	[470-470]	470	6174
COV	[471-471]	471	6130
COV	[472-472]	472	5981
COV	[473-473]	473	5969
COV	[474-474]	474	6090
COV	[475-475]	475	5900
COV	[476-476]	476	5986
COV	[477-477]	477	5936
COV	[478-478]	478	5923
COV	[479-479]	479	5973
COV	[480-480]	480	5954
COV	[481-481]	481	5990
COV	[482-482]	482	5842
COV	[483-483]	483	5895
COV	[484-484]	484	5790
COV	[485-485]	485	5792
COV	[486-486]	486	5858
COV	[487-487]	487	5803
COV	[488-488]	488	5712
COV	[489-489]	489	5749
COV	[490-490]	490	5704
COV	[491-491]	491	5579
COV	[492-492]	492	5612
COV	[493-493]	493	5539
COV	[494-494]	494	5581
COV	[495-495]	495	5372
COV	[496-496]	496	5525
COV	[497-497]	497	5531
COV	[498-498]	498	5544
COV	[499-499]	499	5472
COV	[500-500]	500	5470
COV	[501-501]	501	5470
COV	[502-502]	502	5518
COV	[503-503]	503	5675
COV	[504-504]	504	5573
COV	[505-505]	505	5458
COV	[506-506]	506	5445
COV	[507-507]	507	5284
COV	[508-508]	508	5398
COV	[509-509]	509	5327
COV	[510-510]	510	5323
COV	[511-511]	511	5498
COV	[512-512]	512	5146
COV	[513-513]	513	5305
COV	[514-514]	514	5323
COV	[515-515]	515	5161
COV	[516-516]	516	5222
COV	[517-517]	517	5291
COV	[518-518]	518	5151
COV	[519-519]	519	5266
COV	[520-520]	520	5233
COV	[521-521]	521	5194
COV	[522-522]	522	5115
COV	[523-523]	523	5159
COV	[524-524]	524	5093
COV	[525-525]	525	4970
COV	[526-526]	526	4973
COV	[527-527]	527	5105
COV	[528-528]	528	5052
COV	[529-529]	529	5178
COV	[530-530]	530	5115
COV	[531-531]	531	4999
COV	[532-532]	532	5009
COV	[533-533]	533	4917
COV	[534-534]	534	4996
COV	[535-535]	535	4940
COV	[536-536]	536	4994
COV	[537-537]	537	4777
COV	[538-538]	538	4971
COV	[539-539]	539	4830
COV	[540-540]	540	4842
COV	[541-541]	541	4818
COV	[542-542]	542	4836
COV	[543-543]	543	4812
COV	[544-544]	544	4701
COV	[545-545]	545	4728
COV	[546-546]	546	4824
COV	[547-547]	547	4737
COV	[548-548]	548	4672
COV	[549-549]	549	4593
COV	[550-550]	550	4795
COV	[551-551]	551	4670
COV	[552-552]	552	4678
COV	[553-553]	553	4649
COV	[554-554]	554	4560
COV	[555-555]	555	4586
COV	[556-556]	556	4667
COV	[557-557]	557	4492
COV	[558-558]	558	4547
COV	[559-559]	559	4451
COV	[560-560]	560	4433
COV	[561-561]	561	4578
COV	[562-562]	562	4587
COV	[563-563]	563	4480
COV	[564-564]	564	4599
COV	[565-565]	565	4506
COV	[566-566]	566	4564
COV	[567-567]	567	4340
COV	[568-568]	568	4487
COV	[569-569]	569	4427
COV	[570-570]	570	4401
COV	[571-571]	571	4380
COV	[572-572]	572	4349
COV	[573-573]	573	4451
COV	[574-574]	574	4203
COV	[575-575]	575	4324
COV	[576-576]	576	4240
COV	[577-577]	577	4485
COV	[578-578]	578	4213
COV	[579-579]	579	4314
COV	[580-580]	580	4254
COV	[581-581]	581	4271
COV	[582-582]	582	4195
COV	[583-583]	583	4189
COV	[584-584]	584	4091
COV	[585-585]	585	4160
COV	[586-586]	586	4094
COV	[587-587]	587	4133
COV	[588-588]	588	4034
COV	[589-589]	589	4160
COV	[590-590]	590	4209
COV	[591-591]	591	4114
COV	[592-592]	592	4124
COV	[593-593]	593	4148
COV	[594-594]	594	3929
COV	[595-595]	595	4217
COV	[596-596]	596	4078
COV	[597-597]	597	3993
COV	[598-598]	598	3970
COV	[599-599]	599	4014
COV	[600-600]	600	4054
COV	[601-601]	601	4025
COV	[602-602]	602	3954
COV	[603-603]	603	3933
COV	[604-604]	604	3892
COV	[605-605]	605	3984
COV	[606-606]	606	3919
COV	[607-607]	607	4039
COV	[608-608]	608	3983
COV	[609-609]	609	3918
COV	[610-610]	610	3797
COV	[611-611]	611	3851
COV	[612-612]	612	3875
COV	[613-613]	613	4125
COV	[614-614]	614	3820
COV	[615-615]	615	3771
COV	[616-616]	616	3794
COV	[617-617]	617	3677
COV	[618-618]	618	3717
COV	[619-619]	619	3654
COV	[620-620]	620	3562
COV	[621-621]	621	3497
COV	[622-622]	622	3566
COV	[623-623]	623	3762
COV	[624-624]	624	3555
COV	[625-625]	625	3618
COV	[626-626]	626	3566
COV	[627-627]	627	3579
COV	[628-628]	628	3541
COV	[629-629]	629	3578
COV	[630-630]	630	3604
COV	[631-631]	631	3505
COV	[632-632]	632	3497
COV	[633-633]	633	3400
COV	[634-634]	634	3595
COV	[635-635]	635	3532
COV	[636-636]	636	3586
COV	[637-637]	637	3484
COV	[638-638]	638	3469
COV	[639-639]	639	3469
COV	[640-640]	640	3412
COV	[641-641]	641	3408
COV	[642-642]	642	3462
COV	[643-643]	643	3355
COV	[644-644]	644	3377
COV	[645-645]	645	3318
COV	[646-646]	646	3205
COV	[647-647]	647	3330
COV	[648-648]	648	3292
COV	[649-649]	649	3360
COV	[650-650]	650	3317
COV	[651-651]	651	3288
COV	[652-652]	652	3357
COV	[653-653]	653	3193
COV	[654-654]	654	3312
COV	[655-655]	655	3327
COV	[656-656]	656	3233
COV	[657-657]	657	3253
COV	[658-658]	658	3172
COV	[659-659]	659	3319
COV	[660-660]	660	3303
COV	[661-661]	661	3269
COV	[662-662]	662	3282
COV	[663-663]	663	3179
COV	[664-664]	664	3191
COV	[665-665]	665	3203
COV	[666-666]	666	3190
COV	[667-667]	667	3159
COV	[668-668]	668	3117
COV	[669-669]	669	3228
COV	[670-670]	670	3030
COV	[671-671]	671	3172
COV	[672-672]	672	3112
COV	[673-673]	673	3086
COV	[674-674]	674	3024
COV	[675-675]	675	2979
COV	[676-676]	676	3068
COV	[677-677]	677	2943
COV	[678-678]	678	2957
COV	[679-679]	679	2861
COV	[680-680]	680	2876
COV	[681-681]	681	2902
COV	[682-682]	682	2952
COV	[683-683]	683	2915
COV	[684-684]	684	2869
COV	[685-685]	685	2826
COV	[686-686]	686	2877
COV	[687-687]	687	2901
COV	[688-688]	688	2837
COV	[689-689]	689	2983
COV	[690-690]	690	2884
COV	[691-691]	691	2777
COV	[692-692]	692	2878
COV	[693-693]	693	2823
COV	[694-694]	694	2900
COV	[695-695]	695	2911
COV	[696-696]	696	2927
COV	[697-697]	697	2893
COV	[698-698]	698	2919
COV	[699-699]	699	2864
COV	[700-700]	700	2864
COV	[701-701]	701	2803
COV	[702-702]	702	2764
COV	[703-703]	703	2757
COV	[704-704]	704	2744
COV	[705-705]	705	2781
COV	[706-706]	706	2797
COV	[707-707]	707	2693
COV	[708-708]	708	2731
COV	[709-709]	709	2740
COV	[710-710]	710	2707
COV	[711-711]	711	2607
COV	[712-712]	712	2683
COV	[713-713]	713	2743
COV	[714-714]	714	2683
COV	[715-715]	715	2715
COV	[716-716]	716	2642
COV	[717-717]	717	2611
COV	[718-718]	718	2714
COV	[719-719]	719	2569
COV	[720-720]	720	2627
COV	[721-721]	721	2652
COV	[722-722]	722	2654
COV	[723-723]	723	2520
COV	[724-724]	724	2612
COV	[725-725]	725	2538
COV	[726-726]	726	2538
COV	[727-727]	727	2450
COV	[728-728]	728	2486
COV	[729-729]	729	2485
COV	[730-730]	730	2531
COV	[731-731]	731	2488
COV	[732-732]	732	2439
COV	[733-733]	733	2414
COV	[734-734]	734	2449
COV	[735-735]	735	2467
COV	[736-736]	736	2502
COV	[737-737]	737	2508
COV	[738-738]	738	2445
COV	[739-739]	739	2400
COV	[740-740]	740	2408
COV	[741-741]	741	2430
COV	[742-742]	742	2363
COV	[743-743]	743	2402
COV	[744-744]	744	2381
COV	[745-745]	745	2349
COV	[746-746]	746	2417
COV	[747-747]	747	2334
COV	[748-748]	748	2428
COV	[749-749]	749	2262
COV	[750-750]	750	2380
COV	[751-751]	751	2311
COV	[752-752]	752	2257
COV	[753-753]	753	2378
COV	[754-754]	754	2327
COV	[755-755]	755	2310
COV	[756-756]	756	2376
COV	[757-757]	757	2242
COV	[758-758]	758	2195
COV	[759-759]	759	2290
COV	[760-760]	760	2255
COV	[761-761]	761	2364
COV	[762-762]	762	2228
COV	[763-763]	763	2262
COV	[764-764]	764	2300
COV	[765-765]	765	2202
COV	[766-766]	766	2118
COV	[767-767]	767	2315
COV	[768-768]	768	2276
COV	[769-769]	769	2196
COV	[770-770]	770	2212
COV	[771-771]	771	2243
COV	[772-772]	772	2209
COV	[773-773]	773	2236
COV	[774-774]	774	2227
COV	[775-775]	775	2190
COV	[776-776]	776	2147
COV	[777-777]	777	2201
COV	[778-778]	778	2132
COV	[779-779]	779	2082
COV	[780-780]	780	2228
COV	[781-781]	781	2167
COV	[782-782]	782	2059
COV	[783-783]	783	2095
COV	[784-784]	784	2194
COV	[785-785]	785	2145
COV	[786-786]	786	2065
COV	[787-787]	787	2077
COV	[788-788]	788	2107
COV	[789-789]	789	2078
COV	[790-790]	790	2011
COV	[791-791]	791	1935
COV	[792-792]	792	2096
COV	[793-793]	793	2005
COV	[794-794]	794	2051
COV	[795-795]	795	2033
COV	[796-796]	796	1956
COV	[797-797]	797	2067
COV	[798-798]	798	1963
COV	[799-799]	799	2008
COV	[800-800]	800	1968
COV	[801-801]	801	2063
COV	[802-802]	802	2073
COV	[803-803]	803	2040
COV	[804-804]	804	1994
COV	[805-805]	805	1983
COV	[806-806]	806	2013
COV	[807-807]	807	1945
COV	[808-808]	808	1957
COV	[809-809]	809	1973
COV	[810-810]	810	2084
COV	[811-811]	811	1999
COV	[812-812]	812	1911
COV	[813-813]	813	1991
COV	[814-814]	814	2022
COV	[815-815]	815	2017
COV	[816-816]	816	1966
COV	[817-817]	817	1963
COV	[818-818]	818	1859
COV	[819-819]	819	1921
COV	[820-820]	820	1938
COV	[821-821]	821	1990
COV	[822-822]	822	2010
COV	[823-823]	823	1951
COV	[824-824]	824	1895
COV	[825-825]	825	1880
COV	[826-826]	826	1940
COV	[827-827]	827	1948
COV	[828-828]	828	1932
COV	[829-829]	829	1859
COV	[830-830]	830	1913
COV	[831-831]	831	1931
COV	[832-832]	832	1991
COV	[833-833]	833	1949
COV	[834-834]	834	1904
COV	[835-835]	835	1912
COV	[836-836]	836	1882
COV	[837-837]	837	1877
COV	[838-838]	838	1925
COV	[839-839]	839	1821
COV	[840-840]	840	1864
COV	[841-841]	841	1855
COV	[842-842]	842	1815
COV	[843-843]	843	1829
COV	[844-844]	844	1892
COV	[845-845]	845	1932
COV	[846-846]	846	1879
COV	[847-847]	847	1807
COV	[848-848]	848	1844
COV	[849-849]	849	1815
COV	[850-850]	850	1768
COV	[851-851]	851	1860
COV	[852-852]	852	1779
COV	[853-853]	853	1769
COV	[854-854]	854	1826
COV	[855-855]	855	1821
COV	[856-856]	856	1867
COV	[857-857]	857	1763
COV	[858-858]	858	1840
COV	[859-859]	859	1778
COV	[860-860]	860	1783
COV	[861-861]	861	1751
COV	[862-862]	862	1800
COV	[863-863]	863	1873
COV	[864-864]	864	1723
COV	[865-865]	865	1712
COV	[866-866]	866	1706
COV	[867-867]	867	1747
COV	[868-868]	868	1771
COV	[869-869]	869	1682
COV	[870-870]	870	1717
COV	[871-871]	871	1803
COV	[872-872]	872	1706
COV	[873-873]	873	1744
COV	[874-874]	874	1758
COV	[875-875]	875	1723
COV	[876-876]	876	1752
COV	[877-877]	877	1667
COV	[878-878]	878	1741
COV	[879-879]	879	1765
COV	[880-880]	880	1735
COV	[881-881]	881	1730
COV	[882-882]	882	1766
COV	[883-883]	883	1745
COV	[884-884]	884	1827
COV	[885-885]	885	1683
COV	[886-886]	886	1739
COV	[887-887]	887	1715
COV	[888-888]	888	1700
COV	[889-889]	889	1621
COV	[890-890]	890	1735
COV	[891-891]	891	1624
COV	[892-892]	892	1682
COV	[893-893]	893	1700
COV	[894-894]	894	1629
COV	[895-895]	895	1651
COV	[896-896]	896	1647
COV	[897-897]	897	1684
COV	[898-898]	898	1630
COV	[899-899]	899	1656
COV	[900-900]	900	1647
COV	[901-901]	901	1580
COV	[902-902]	902	1601
COV	[903-903]	903	1622
COV	[904-904]	904	1588
COV	[905-905]	905	1613
COV	[906-906]	906	1662
COV	[907-907]	907	1650
COV	[908-908]	908	1600
COV	[909-909]	909	1577
COV	[910-910]	910	1572
COV	[911-911]	911	1529
COV	[912-912]	912	1638
COV	[913-913]	913	1638
COV	[914-914]	914	1652
COV	[915-915]	915	1578
COV	[916-916]	916	1594
COV	[917-917]	917	1595
COV	[918-918]	918	1662
COV	[919-919]	919	1582
COV	[920-920]	920	1557
COV	[921-921]	921	1588
COV	[922-922]	922	1630
COV	[923-923]	923	1585
COV	[924-924]	924	1551
COV	[925-925]	925	1501
COV	[926-926]	926	1562
COV	[927-927]	927	1532
COV	[928-928]	928	1651
COV	[929-929]	929	1551
COV	[930-930]	930	1528
COV	[931-931]	931	1521
COV	[932-932]	932	1520
COV	[933-933]	933	1548
COV	[934-934]	934	1525
COV	[935-935]	935	1490
COV	[936-936]	936	1523
COV	[937-937]	937	1499
COV	[938-938]	938	1530
COV	[939-939]	939	1535
COV	[940-940]	940	1456
COV	[941-941]	941	1413
COV	[942-942]	942	1530
COV	[943-943]	943	1464
COV	[944-944]	944	1450
COV	[945-945]	945	1448
COV	[946-946]	946	1433
COV	[947-947]	947	1543
COV	[948-948]	948	1436
COV	[949-949]	949	1378
COV	[950-950]	950	1419
COV	[951-951]	951	1515
COV	[952-952]	952	1530
COV	[953-953]	953	1476
COV	[954-954]	954	1472
COV	[955-955]	955	1439
COV	[956-956]	956	1405
COV	[957-957]	957	1485
COV	[958-958]	958	1481
COV	[959-959]	959	1408
COV	[960-960]	960	1442
COV	[961-961]	961	1431
COV	[962-962]	962	1403
COV	[963-963]	963	1452
COV	[964-964]	964	1364
COV	[965-965]	965	1440
COV	[966-966]	966	1364
COV	[967-967]	967	1388
COV	[968-968]	968	1411
COV	[969-969]	969	1441
COV	[970-970]	970	1403
COV	[971-971]	971	1358
COV	[972-972]	972	1453
COV	[973-973]	973	1374
COV	[974-974]	974	1405
COV	[975-975]	975	1347
COV	[976-976]	976	1377
COV	[977-977]	977	1353
COV	[978-978]	978	1337
COV	[979-979]	979	1351
COV	[980-980]	980	1376
COV	[981-981]	981	1415
COV	[982-982]	982	1375
COV	[983-983]	983	1320
COV	[984-984]	984	1315
COV	[985-985]	985	1303
COV	[986-986]	986	1318
COV	[987-987]	987	1368
COV	[988-988]	988	1316
COV	[989-989]	989	1375
COV	[990-990]	990	1308
COV	[991-991]	991	1320
COV	[992-992]	992	1370
COV	[993-993]	993	1335
COV	[994-994]	994	1368
COV	[995-995]	995	1362
COV	[996-996]	996	1336
COV	[997-997]	997	1346
COV	[998-998]	998	1303
COV	[999-999]	999	1263
COV	[1000-1000]	1000	1287
COV	[1000<]	1000	1059679
# GC-depth. Use `grep ^GCD | cut -f 2-` to extract this part. The columns are: GC%, unique sequence percentiles, 10th, 25th, 50th, 75th and 90th depth percentile
GCD	0.0	0.128	0.000	0.000	0.000	0.000	0.000
GCD	41.0	0.192	0.015	0.015	0.015	0.015	0.015
GCD	42.0	0.257	0.646	0.646	0.646	0.646	0.646
GCD	44.0	0.449	0.087	0.087	0.254	7.923	7.923
GCD	45.0	0.641	1.714	1.714	6.797	61.221	61.221
GCD	46.0	0.834	0.559	0.559	34.946	715.552	715.552
GCD	47.0	0.962	3.450	3.450	3.951	4.452	4.452
GCD	48.0	1.475	29.928	47.982	165.565	372.302	1777.027
GCD	49.0	2.630	8.691	65.796	150.787	282.241	506.117
GCD	50.0	5.581	22.769	88.783	181.343	341.102	812.253
GCD	51.0	11.931	35.251	76.944	172.639	446.136	636.168
GCD	52.0	23.284	48.795	88.651	156.277	257.803	414.535
GCD	53.0	42.591	56.422	87.855	151.963	245.552	376.544
GCD	54.0	64.144	48.809	75.976	133.579	218.732	336.258
GCD	55.0	82.360	52.241	85.028	125.423	211.603	319.536
GCD	56.0	93.714	48.175	77.009	121.948	197.309	404.904
GCD	57.0	98.076	37.418	64.592	139.951	244.292	370.375
GCD	58.0	99.615	52.346	73.714	102.427	219.595	559.972
GCD	59.0	99.808	91.149	91.149	141.701	224.978	224.978
GCD	60.0	100.000	44.089	44.089	176.059	179.502	179.502
