# This file was produced by samtools stats (1.19.2+htslib-1.19) and can be plotted using plot-bamstats
# This file contains statistics for all reads.
# The command line was:  stats -@ 4 150_ophiostoma.sorted.bam
# CHK, Checksum	[2]Read Names	[3]Sequences	[4]Qualities
# CHK, CRC32 of reads which passed filtering followed by addition (32bit overflow)
CHK	58e8fed8	fb9c9f1b	4b432405
# Summary Numbers. Use `grep ^SN | cut -f 2-` to extract this part.
SN	raw total sequences:	46499564	# excluding supplementary and secondary reads
SN	filtered sequences:	0
SN	sequences:	46499564
SN	is sorted:	1
SN	1st fragments:	23249782
SN	last fragments:	23249782
SN	reads mapped:	43709776
SN	reads mapped and paired:	42856460	# paired-end technology bit set + both mates mapped
SN	reads unmapped:	2789788
SN	reads properly paired:	42243000	# proper-pair bit set
SN	reads paired:	46499564	# paired-end technology bit set
SN	reads duplicated:	0	# PCR or optical duplicate bit set
SN	reads MQ0:	6013	# mapped and MQ=0
SN	reads QC failed:	0
SN	non-primary alignments:	79429
SN	supplementary alignments:	0
SN	total length:	6694176950	# ignores clipping
SN	total first fragment length:	3346845705	# ignores clipping
SN	total last fragment length:	3347331245	# ignores clipping
SN	bases mapped:	6292069589	# ignores clipping
SN	bases mapped (cigar):	6277024980	# more accurate
SN	bases trimmed:	0
SN	bases duplicated:	0
SN	mismatches:	23907594	# from NM fields
SN	error rate:	3.808746e-03	# mismatches / bases mapped (cigar)
SN	average length:	144
SN	average first fragment length:	144
SN	average last fragment length:	144
SN	maximum length:	151
SN	maximum first fragment length:	151
SN	maximum last fragment length:	151
SN	average quality:	36.2
SN	insert size average:	199.7
SN	insert size standard deviation:	70.9
SN	inward oriented pairs:	18267859
SN	outward oriented pairs:	2897923
SN	pairs with other orientation:	21526
SN	pairs on different chromosomes:	240922
SN	percentage of properly paired reads (%):	90.8
# First Fragment Qualities. Use `grep ^FFQ | cut -f 2-` to extract this part.
# Columns correspond to qualities and rows to cycles. First column is the cycle number.
FFQ	1	0	0	0	0	0	0	0	0	0	0	0	318627	0	0	0	0	0	0	0	0	0	0	0	0	0	542747	0	0	0	0	0	0	0	0	0	0	0	22388408	0
FFQ	2	0	0	24	0	0	0	0	0	0	0	0	249734	0	0	0	0	0	0	0	0	0	0	0	0	0	547500	0	0	0	0	0	0	0	0	0	0	0	22452524	0
FFQ	3	0	0	174	0	0	0	0	0	0	0	0	241761	0	0	0	0	0	0	0	0	0	0	0	0	0	532017	0	0	0	0	0	0	0	0	0	0	0	22475830	0
FFQ	4	0	0	14411	0	0	0	0	0	0	0	0	200864	0	0	0	0	0	0	0	0	0	0	0	0	0	487672	0	0	0	0	0	0	0	0	0	0	0	22546835	0
FFQ	5	0	0	27	0	0	0	0	0	0	0	0	187896	0	0	0	0	0	0	0	0	0	0	0	0	0	460833	0	0	0	0	0	0	0	0	0	0	0	22601026	0
FFQ	6	0	0	888	0	0	0	0	0	0	0	0	192721	0	0	0	0	0	0	0	0	0	0	0	0	0	499333	0	0	0	0	0	0	0	0	0	0	0	22556840	0
FFQ	7	0	0	0	0	0	0	0	0	0	0	0	212005	0	0	0	0	0	0	0	0	0	0	0	0	0	487929	0	0	0	0	0	0	0	0	0	0	0	22549848	0
FFQ	8	0	0	0	0	0	0	0	0	0	0	0	185061	0	0	0	0	0	0	0	0	0	0	0	0	0	447723	0	0	0	0	0	0	0	0	0	0	0	22616998	0
FFQ	9	0	0	0	0	0	0	0	0	0	0	0	196030	0	0	0	0	0	0	0	0	0	0	0	0	0	480547	0	0	0	0	0	0	0	0	0	0	0	22573205	0
FFQ	10	0	0	0	0	0	0	0	0	0	0	0	177972	0	0	0	0	0	0	0	0	0	0	0	0	0	471470	0	0	0	0	0	0	0	0	0	0	0	22600340	0
FFQ	11	0	0	0	0	0	0	0	0	0	0	0	187222	0	0	0	0	0	0	0	0	0	0	0	0	0	468478	0	0	0	0	0	0	0	0	0	0	0	22594082	0
FFQ	12	0	0	0	0	0	0	0	0	0	0	0	191605	0	0	0	0	0	0	0	0	0	0	0	0	0	478982	0	0	0	0	0	0	0	0	0	0	0	22579195	0
FFQ	13	0	0	2	0	0	0	0	0	0	0	0	192922	0	0	0	0	0	0	0	0	0	0	0	0	0	489477	0	0	0	0	0	0	0	0	0	0	0	22567381	0
FFQ	14	0	0	0	0	0	0	0	0	0	0	0	192322	0	0	0	0	0	0	0	0	0	0	0	0	0	494684	0	0	0	0	0	0	0	0	0	0	0	22562776	0
FFQ	15	0	0	0	0	0	0	0	0	0	0	0	189223	0	0	0	0	0	0	0	0	0	0	0	0	0	497792	0	0	0	0	0	0	0	0	0	0	0	22562767	0
FFQ	16	0	0	1267	0	0	0	0	0	0	0	0	195510	0	0	0	0	0	0	0	0	0	0	0	0	0	506005	0	0	0	0	0	0	0	0	0	0	0	22547000	0
FFQ	17	0	0	0	0	0	0	0	0	0	0	0	189295	0	0	0	0	0	0	0	0	0	0	0	0	0	492048	0	0	0	0	0	0	0	0	0	0	0	22568439	0
FFQ	18	0	0	0	0	0	0	0	0	0	0	0	196992	0	0	0	0	0	0	0	0	0	0	0	0	0	508163	0	0	0	0	0	0	0	0	0	0	0	22544627	0
FFQ	19	0	0	2	0	0	0	0	0	0	0	0	196024	0	0	0	0	0	0	0	0	0	0	0	0	0	510913	0	0	0	0	0	0	0	0	0	0	0	22542843	0
FFQ	20	0	0	1	0	0	0	0	0	0	0	0	195957	0	0	0	0	0	0	0	0	0	0	0	0	0	509268	0	0	0	0	0	0	0	0	0	0	0	22544556	0
FFQ	21	0	0	1	0	0	0	0	0	0	0	0	202922	0	0	0	0	0	0	0	0	0	0	0	0	0	520263	0	0	0	0	0	0	0	0	0	0	0	22526596	0
FFQ	22	0	0	58	0	0	0	0	0	0	0	0	204525	0	0	0	0	0	0	0	0	0	0	0	0	0	523894	0	0	0	0	0	0	0	0	0	0	0	22521305	0
FFQ	23	0	0	0	0	0	0	0	0	0	0	0	208606	0	0	0	0	0	0	0	0	0	0	0	0	0	534632	0	0	0	0	0	0	0	0	0	0	0	22506544	0
FFQ	24	0	0	1	0	0	0	0	0	0	0	0	212062	0	0	0	0	0	0	0	0	0	0	0	0	0	531983	0	0	0	0	0	0	0	0	0	0	0	22505736	0
FFQ	25	0	0	0	0	0	0	0	0	0	0	0	221795	0	0	0	0	0	0	0	0	0	0	0	0	0	549425	0	0	0	0	0	0	0	0	0	0	0	22478562	0
FFQ	26	0	0	230	0	0	0	0	0	0	0	0	239105	0	0	0	0	0	0	0	0	0	0	0	0	0	551397	0	0	0	0	0	0	0	0	0	0	0	22459050	0
FFQ	27	0	0	8	0	0	0	0	0	0	0	0	240050	0	0	0	0	0	0	0	0	0	0	0	0	0	559779	0	0	0	0	0	0	0	0	0	0	0	22449945	0
FFQ	28	0	0	0	0	0	0	0	0	0	0	0	243591	0	0	0	0	0	0	0	0	0	0	0	0	0	559491	0	0	0	0	0	0	0	0	0	0	0	22446700	0
FFQ	29	0	0	1	0	0	0	0	0	0	0	0	246053	0	0	0	0	0	0	0	0	0	0	0	0	0	569085	0	0	0	0	0	0	0	0	0	0	0	22434643	0
FFQ	30	0	0	44	0	0	0	0	0	0	0	0	252922	0	0	0	0	0	0	0	0	0	0	0	0	0	568838	0	0	0	0	0	0	0	0	0	0	0	22427978	0
FFQ	31	0	0	0	0	0	0	0	0	0	0	0	253563	0	0	0	0	0	0	0	0	0	0	0	0	0	569867	0	0	0	0	0	0	0	0	0	0	0	22426352	0
FFQ	32	0	0	1	0	0	0	0	0	0	0	0	253635	0	0	0	0	0	0	0	0	0	0	0	0	0	570394	0	0	0	0	0	0	0	0	0	0	0	22425752	0
FFQ	33	0	0	2	0	0	0	0	0	0	0	0	258165	0	0	0	0	0	0	0	0	0	0	0	0	0	577621	0	0	0	0	0	0	0	0	0	0	0	22413994	0
FFQ	34	0	0	0	0	0	0	0	0	0	0	0	260914	0	0	0	0	0	0	0	0	0	0	0	0	0	580566	0	0	0	0	0	0	0	0	0	0	0	22408302	0
FFQ	35	0	0	0	0	0	0	0	0	0	0	0	269965	0	0	0	0	0	0	0	0	0	0	0	0	0	596396	0	0	0	0	0	0	0	0	0	0	0	22383421	0
FFQ	36	0	0	509	0	0	0	0	0	0	0	0	272625	0	0	0	0	0	0	0	0	0	0	0	0	0	601910	0	0	0	0	0	0	0	0	0	0	0	22374498	0
FFQ	37	0	0	4	0	0	0	0	0	0	0	0	273155	0	0	0	0	0	0	0	0	0	0	0	0	0	599070	0	0	0	0	0	0	0	0	0	0	0	22377146	0
FFQ	38	0	0	0	0	0	0	0	0	0	0	0	269354	0	0	0	0	0	0	0	0	0	0	0	0	0	598735	0	0	0	0	0	0	0	0	0	0	0	22381080	0
FFQ	39	0	0	2	0	0	0	0	0	0	0	0	273187	0	0	0	0	0	0	0	0	0	0	0	0	0	600308	0	0	0	0	0	0	0	0	0	0	0	22375508	0
FFQ	40	0	0	0	0	0	0	0	0	0	0	0	274177	0	0	0	0	0	0	0	0	0	0	0	0	0	599067	0	0	0	0	0	0	0	0	0	0	0	22375535	0
FFQ	41	0	0	2	0	0	0	0	0	0	0	0	280326	0	0	0	0	0	0	0	0	0	0	0	0	0	613774	0	0	0	0	0	0	0	0	0	0	0	22354436	0
FFQ	42	0	0	0	0	0	0	0	0	0	0	0	277547	0	0	0	0	0	0	0	0	0	0	0	0	0	612465	0	0	0	0	0	0	0	0	0	0	0	22358284	0
FFQ	43	0	0	0	0	0	0	0	0	0	0	0	279738	0	0	0	0	0	0	0	0	0	0	0	0	0	609589	0	0	0	0	0	0	0	0	0	0	0	22358724	0
FFQ	44	0	0	534	0	0	0	0	0	0	0	0	284454	0	0	0	0	0	0	0	0	0	0	0	0	0	616747	0	0	0	0	0	0	0	0	0	0	0	22346066	0
FFQ	45	0	0	0	0	0	0	0	0	0	0	0	289425	0	0	0	0	0	0	0	0	0	0	0	0	0	628888	0	0	0	0	0	0	0	0	0	0	0	22329167	0
FFQ	46	0	0	1	0	0	0	0	0	0	0	0	293836	0	0	0	0	0	0	0	0	0	0	0	0	0	634786	0	0	0	0	0	0	0	0	0	0	0	22318507	0
FFQ	47	0	0	14	0	0	0	0	0	0	0	0	293901	0	0	0	0	0	0	0	0	0	0	0	0	0	634753	0	0	0	0	0	0	0	0	0	0	0	22318075	0
FFQ	48	0	0	3	0	0	0	0	0	0	0	0	293394	0	0	0	0	0	0	0	0	0	0	0	0	0	635855	0	0	0	0	0	0	0	0	0	0	0	22317088	0
FFQ	49	0	0	6	0	0	0	0	0	0	0	0	294082	0	0	0	0	0	0	0	0	0	0	0	0	0	634795	0	0	0	0	0	0	0	0	0	0	0	22316906	0
FFQ	50	0	0	503	0	0	0	0	0	0	0	0	291564	0	0	0	0	0	0	0	0	0	0	0	0	0	631308	0	0	0	0	0	0	0	0	0	0	0	22321810	0
FFQ	51	0	0	105	0	0	0	0	0	0	0	0	298863	0	0	0	0	0	0	0	0	0	0	0	0	0	646813	0	0	0	0	0	0	0	0	0	0	0	22298767	0
FFQ	52	0	0	2	0	0	0	0	0	0	0	0	301882	0	0	0	0	0	0	0	0	0	0	0	0	0	644926	0	0	0	0	0	0	0	0	0	0	0	22297067	0
FFQ	53	0	0	1669	0	0	0	0	0	0	0	0	296656	0	0	0	0	0	0	0	0	0	0	0	0	0	643611	0	0	0	0	0	0	0	0	0	0	0	22301215	0
FFQ	54	0	0	19174	0	0	0	0	0	0	0	0	298830	0	0	0	0	0	0	0	0	0	0	0	0	0	644351	0	0	0	0	0	0	0	0	0	0	0	22280101	0
FFQ	55	0	0	1267	0	0	0	0	0	0	0	0	305296	0	0	0	0	0	0	0	0	0	0	0	0	0	653258	0	0	0	0	0	0	0	0	0	0	0	22281939	0
FFQ	56	0	0	501	0	0	0	0	0	0	0	0	313605	0	0	0	0	0	0	0	0	0	0	0	0	0	668506	0	0	0	0	0	0	0	0	0	0	0	22258419	0
FFQ	57	0	0	0	0	0	0	0	0	0	0	0	312738	0	0	0	0	0	0	0	0	0	0	0	0	0	664993	0	0	0	0	0	0	0	0	0	0	0	22262593	0
FFQ	58	0	0	0	0	0	0	0	0	0	0	0	308529	0	0	0	0	0	0	0	0	0	0	0	0	0	657233	0	0	0	0	0	0	0	0	0	0	0	22273708	0
FFQ	59	0	0	1	0	0	0	0	0	0	0	0	315979	0	0	0	0	0	0	0	0	0	0	0	0	0	671364	0	0	0	0	0	0	0	0	0	0	0	22251154	0
FFQ	60	0	0	0	0	0	0	0	0	0	0	0	318534	0	0	0	0	0	0	0	0	0	0	0	0	0	671950	0	0	0	0	0	0	0	0	0	0	0	22246928	0
FFQ	61	0	0	0	0	0	0	0	0	0	0	0	305235	0	0	0	0	0	0	0	0	0	0	0	0	0	652155	0	0	0	0	0	0	0	0	0	0	0	22278788	0
FFQ	62	0	0	16	0	0	0	0	0	0	0	0	306637	0	0	0	0	0	0	0	0	0	0	0	0	0	661768	0	0	0	0	0	0	0	0	0	0	0	22266450	0
FFQ	63	0	0	7	0	0	0	0	0	0	0	0	319958	0	0	0	0	0	0	0	0	0	0	0	0	0	677273	0	0	0	0	0	0	0	0	0	0	0	22236226	0
FFQ	64	0	0	20	0	0	0	0	0	0	0	0	314426	0	0	0	0	0	0	0	0	0	0	0	0	0	668611	0	0	0	0	0	0	0	0	0	0	0	22248912	0
FFQ	65	0	0	12	0	0	0	0	0	0	0	0	314994	0	0	0	0	0	0	0	0	0	0	0	0	0	670036	0	0	0	0	0	0	0	0	0	0	0	22245335	0
FFQ	66	0	0	2	0	0	0	0	0	0	0	0	325719	0	0	0	0	0	0	0	0	0	0	0	0	0	684652	0	0	0	0	0	0	0	0	0	0	0	22218309	0
FFQ	67	0	0	96	0	0	0	0	0	0	0	0	332498	0	0	0	0	0	0	0	0	0	0	0	0	0	698735	0	0	0	0	0	0	0	0	0	0	0	22195507	0
FFQ	68	0	0	264	0	0	0	0	0	0	0	0	331733	0	0	0	0	0	0	0	0	0	0	0	0	0	699224	0	0	0	0	0	0	0	0	0	0	0	22193579	0
FFQ	69	0	0	195	0	0	0	0	0	0	0	0	334186	0	0	0	0	0	0	0	0	0	0	0	0	0	700071	0	0	0	0	0	0	0	0	0	0	0	22188056	0
FFQ	70	0	0	23	0	0	0	0	0	0	0	0	334482	0	0	0	0	0	0	0	0	0	0	0	0	0	701421	0	0	0	0	0	0	0	0	0	0	0	22184057	0
FFQ	71	0	0	170	0	0	0	0	0	0	0	0	335189	0	0	0	0	0	0	0	0	0	0	0	0	0	700107	0	0	0	0	0	0	0	0	0	0	0	22181644	0
FFQ	72	0	0	219	0	0	0	0	0	0	0	0	338596	0	0	0	0	0	0	0	0	0	0	0	0	0	705319	0	0	0	0	0	0	0	0	0	0	0	22169926	0
FFQ	73	0	0	31	0	0	0	0	0	0	0	0	341158	0	0	0	0	0	0	0	0	0	0	0	0	0	706713	0	0	0	0	0	0	0	0	0	0	0	22162624	0
FFQ	74	0	0	21	0	0	0	0	0	0	0	0	334574	0	0	0	0	0	0	0	0	0	0	0	0	0	702459	0	0	0	0	0	0	0	0	0	0	0	22169357	0
FFQ	75	0	0	16	0	0	0	0	0	0	0	0	337828	0	0	0	0	0	0	0	0	0	0	0	0	0	707191	0	0	0	0	0	0	0	0	0	0	0	22156961	0
FFQ	76	0	0	7	0	0	0	0	0	0	0	0	341590	0	0	0	0	0	0	0	0	0	0	0	0	0	709500	0	0	0	0	0	0	0	0	0	0	0	22146225	0
FFQ	77	0	0	837	0	0	0	0	0	0	0	0	355842	0	0	0	0	0	0	0	0	0	0	0	0	0	728565	0	0	0	0	0	0	0	0	0	0	0	22106780	0
FFQ	78	0	0	279	0	0	0	0	0	0	0	0	351199	0	0	0	0	0	0	0	0	0	0	0	0	0	724085	0	0	0	0	0	0	0	0	0	0	0	22110877	0
FFQ	79	0	0	22	0	0	0	0	0	0	0	0	348012	0	0	0	0	0	0	0	0	0	0	0	0	0	715143	0	0	0	0	0	0	0	0	0	0	0	22116907	0
FFQ	80	0	0	3	0	0	0	0	0	0	0	0	354816	0	0	0	0	0	0	0	0	0	0	0	0	0	731665	0	0	0	0	0	0	0	0	0	0	0	22086283	0
FFQ	81	0	0	6	0	0	0	0	0	0	0	0	361635	0	0	0	0	0	0	0	0	0	0	0	0	0	736945	0	0	0	0	0	0	0	0	0	0	0	22066313	0
FFQ	82	0	0	6	0	0	0	0	0	0	0	0	357838	0	0	0	0	0	0	0	0	0	0	0	0	0	730159	0	0	0	0	0	0	0	0	0	0	0	22068165	0
FFQ	83	0	0	4	0	0	0	0	0	0	0	0	361358	0	0	0	0	0	0	0	0	0	0	0	0	0	735710	0	0	0	0	0	0	0	0	0	0	0	22049232	0
FFQ	84	0	0	40	0	0	0	0	0	0	0	0	365291	0	0	0	0	0	0	0	0	0	0	0	0	0	740245	0	0	0	0	0	0	0	0	0	0	0	22029797	0
FFQ	85	0	0	42	0	0	0	0	0	0	0	0	370672	0	0	0	0	0	0	0	0	0	0	0	0	0	746139	0	0	0	0	0	0	0	0	0	0	0	22006351	0
FFQ	86	0	0	0	0	0	0	0	0	0	0	0	368751	0	0	0	0	0	0	0	0	0	0	0	0	0	751376	0	0	0	0	0	0	0	0	0	0	0	21989882	0
FFQ	87	0	0	0	0	0	0	0	0	0	0	0	369489	0	0	0	0	0	0	0	0	0	0	0	0	0	746709	0	0	0	0	0	0	0	0	0	0	0	21979081	0
FFQ	88	0	0	0	0	0	0	0	0	0	0	0	367588	0	0	0	0	0	0	0	0	0	0	0	0	0	744575	0	0	0	0	0	0	0	0	0	0	0	21967266	0
FFQ	89	0	0	2	0	0	0	0	0	0	0	0	366375	0	0	0	0	0	0	0	0	0	0	0	0	0	748096	0	0	0	0	0	0	0	0	0	0	0	21947253	0
FFQ	90	0	0	2	0	0	0	0	0	0	0	0	369694	0	0	0	0	0	0	0	0	0	0	0	0	0	748784	0	0	0	0	0	0	0	0	0	0	0	21924290	0
FFQ	91	0	0	1	0	0	0	0	0	0	0	0	372274	0	0	0	0	0	0	0	0	0	0	0	0	0	755063	0	0	0	0	0	0	0	0	0	0	0	21894423	0
FFQ	92	0	0	18	0	0	0	0	0	0	0	0	388297	0	0	0	0	0	0	0	0	0	0	0	0	0	777512	0	0	0	0	0	0	0	0	0	0	0	21832940	0
FFQ	93	0	0	1	0	0	0	0	0	0	0	0	388325	0	0	0	0	0	0	0	0	0	0	0	0	0	775319	0	0	0	0	0	0	0	0	0	0	0	21809487	0
FFQ	94	0	0	164	0	0	0	0	0	0	0	0	394046	0	0	0	0	0	0	0	0	0	0	0	0	0	779543	0	0	0	0	0	0	0	0	0	0	0	21771278	0
FFQ	95	0	0	210	0	0	0	0	0	0	0	0	394827	0	0	0	0	0	0	0	0	0	0	0	0	0	784983	0	0	0	0	0	0	0	0	0	0	0	21733598	0
FFQ	96	0	0	107	0	0	0	0	0	0	0	0	398546	0	0	0	0	0	0	0	0	0	0	0	0	0	787644	0	0	0	0	0	0	0	0	0	0	0	21694168	0
FFQ	97	0	0	9	0	0	0	0	0	0	0	0	387171	0	0	0	0	0	0	0	0	0	0	0	0	0	769844	0	0	0	0	0	0	0	0	0	0	0	21687885	0
FFQ	98	0	0	1	0	0	0	0	0	0	0	0	394783	0	0	0	0	0	0	0	0	0	0	0	0	0	788085	0	0	0	0	0	0	0	0	0	0	0	21623998	0
FFQ	99	0	0	1	0	0	0	0	0	0	0	0	410302	0	0	0	0	0	0	0	0	0	0	0	0	0	803227	0	0	0	0	0	0	0	0	0	0	0	21552715	0
FFQ	100	0	0	105	0	0	0	0	0	0	0	0	415833	0	0	0	0	0	0	0	0	0	0	0	0	0	809465	0	0	0	0	0	0	0	0	0	0	0	21497356	0
FFQ	101	0	0	82	0	0	0	0	0	0	0	0	394937	0	0	0	0	0	0	0	0	0	0	0	0	0	783860	0	0	0	0	0	0	0	0	0	0	0	21496690	0
FFQ	102	0	0	51	0	0	0	0	0	0	0	0	400393	0	0	0	0	0	0	0	0	0	0	0	0	0	788774	0	0	0	0	0	0	0	0	0	0	0	21437253	0
FFQ	103	0	0	18	0	0	0	0	0	0	0	0	397208	0	0	0	0	0	0	0	0	0	0	0	0	0	786750	0	0	0	0	0	0	0	0	0	0	0	21389060	0
FFQ	104	0	0	2	0	0	0	0	0	0	0	0	393795	0	0	0	0	0	0	0	0	0	0	0	0	0	781315	0	0	0	0	0	0	0	0	0	0	0	21340266	0
FFQ	105	0	0	3	0	0	0	0	0	0	0	0	405832	0	0	0	0	0	0	0	0	0	0	0	0	0	796310	0	0	0	0	0	0	0	0	0	0	0	21252919	0
FFQ	106	0	0	45	0	0	0	0	0	0	0	0	413685	0	0	0	0	0	0	0	0	0	0	0	0	0	806868	0	0	0	0	0	0	0	0	0	0	0	21170425	0
FFQ	107	0	0	0	0	0	0	0	0	0	0	0	410520	0	0	0	0	0	0	0	0	0	0	0	0	0	802117	0	0	0	0	0	0	0	0	0	0	0	21110844	0
FFQ	108	0	0	0	0	0	0	0	0	0	0	0	403954	0	0	0	0	0	0	0	0	0	0	0	0	0	796060	0	0	0	0	0	0	0	0	0	0	0	21053615	0
FFQ	109	0	0	0	0	0	0	0	0	0	0	0	415149	0	0	0	0	0	0	0	0	0	0	0	0	0	808012	0	0	0	0	0	0	0	0	0	0	0	20955883	0
FFQ	110	0	0	1	0	0	0	0	0	0	0	0	416227	0	0	0	0	0	0	0	0	0	0	0	0	0	809971	0	0	0	0	0	0	0	0	0	0	0	20876048	0
FFQ	111	0	0	7	0	0	0	0	0	0	0	0	418262	0	0	0	0	0	0	0	0	0	0	0	0	0	814374	0	0	0	0	0	0	0	0	0	0	0	20790504	0
FFQ	112	0	0	34	0	0	0	0	0	0	0	0	416409	0	0	0	0	0	0	0	0	0	0	0	0	0	809332	0	0	0	0	0	0	0	0	0	0	0	20713692	0
FFQ	113	0	0	14	0	0	0	0	0	0	0	0	407485	0	0	0	0	0	0	0	0	0	0	0	0	0	797894	0	0	0	0	0	0	0	0	0	0	0	20645836	0
FFQ	114	0	0	1092	0	0	0	0	0	0	0	0	411342	0	0	0	0	0	0	0	0	0	0	0	0	0	802227	0	0	0	0	0	0	0	0	0	0	0	20545912	0
FFQ	115	0	0	543	0	0	0	0	0	0	0	0	404449	0	0	0	0	0	0	0	0	0	0	0	0	0	792103	0	0	0	0	0	0	0	0	0	0	0	20467945	0
FFQ	116	0	0	0	0	0	0	0	0	0	0	0	406767	0	0	0	0	0	0	0	0	0	0	0	0	0	796543	0	0	0	0	0	0	0	0	0	0	0	20362636	0
FFQ	117	0	0	73	0	0	0	0	0	0	0	0	401568	0	0	0	0	0	0	0	0	0	0	0	0	0	786751	0	0	0	0	0	0	0	0	0	0	0	20276755	0
FFQ	118	0	0	254	0	0	0	0	0	0	0	0	401368	0	0	0	0	0	0	0	0	0	0	0	0	0	788034	0	0	0	0	0	0	0	0	0	0	0	20171351	0
FFQ	119	0	0	179	0	0	0	0	0	0	0	0	407815	0	0	0	0	0	0	0	0	0	0	0	0	0	795091	0	0	0	0	0	0	0	0	0	0	0	20050210	0
FFQ	120	0	0	1	0	0	0	0	0	0	0	0	422923	0	0	0	0	0	0	0	0	0	0	0	0	0	818828	0	0	0	0	0	0	0	0	0	0	0	19902587	0
FFQ	121	0	0	6	0	0	0	0	0	0	0	0	419762	0	0	0	0	0	0	0	0	0	0	0	0	0	806384	0	0	0	0	0	0	0	0	0	0	0	19806184	0
FFQ	122	0	0	0	0	0	0	0	0	0	0	0	411239	0	0	0	0	0	0	0	0	0	0	0	0	0	800254	0	0	0	0	0	0	0	0	0	0	0	19705995	0
FFQ	123	0	0	0	0	0	0	0	0	0	0	0	422014	0	0	0	0	0	0	0	0	0	0	0	0	0	814934	0	0	0	0	0	0	0	0	0	0	0	19561941	0
FFQ	124	0	0	29	0	0	0	0	0	0	0	0	410616	0	0	0	0	0	0	0	0	0	0	0	0	0	793934	0	0	0	0	0	0	0	0	0	0	0	19473307	0
FFQ	125	0	0	0	0	0	0	0	0	0	0	0	407431	0	0	0	0	0	0	0	0	0	0	0	0	0	792401	0	0	0	0	0	0	0	0	0	0	0	19351825	0
FFQ	126	0	0	0	0	0	0	0	0	0	0	0	417634	0	0	0	0	0	0	0	0	0	0	0	0	0	805787	0	0	0	0	0	0	0	0	0	0	0	19201493	0
FFQ	127	0	0	0	0	0	0	0	0	0	0	0	423539	0	0	0	0	0	0	0	0	0	0	0	0	0	805250	0	0	0	0	0	0	0	0	0	0	0	19066215	0
FFQ	128	0	0	0	0	0	0	0	0	0	0	0	422633	0	0	0	0	0	0	0	0	0	0	0	0	0	811532	0	0	0	0	0	0	0	0	0	0	0	18928001	0
FFQ	129	0	0	0	0	0	0	0	0	0	0	0	416867	0	0	0	0	0	0	0	0	0	0	0	0	0	795645	0	0	0	0	0	0	0	0	0	0	0	18817333	0
FFQ	130	0	0	0	0	0	0	0	0	0	0	0	412761	0	0	0	0	0	0	0	0	0	0	0	0	0	793826	0	0	0	0	0	0	0	0	0	0	0	18688128	0
FFQ	131	0	0	0	0	0	0	0	0	0	0	0	423237	0	0	0	0	0	0	0	0	0	0	0	0	0	812074	0	0	0	0	0	0	0	0	0	0	0	18521751	0
FFQ	132	0	0	0	0	0	0	0	0	0	0	0	437562	0	0	0	0	0	0	0	0	0	0	0	0	0	820795	0	0	0	0	0	0	0	0	0	0	0	18360981	0
FFQ	133	0	0	18	0	0	0	0	0	0	0	0	427747	0	0	0	0	0	0	0	0	0	0	0	0	0	806353	0	0	0	0	0	0	0	0	0	0	0	18243571	0
FFQ	134	0	0	0	0	0	0	0	0	0	0	0	424405	0	0	0	0	0	0	0	0	0	0	0	0	0	803255	0	0	0	0	0	0	0	0	0	0	0	18104894	0
FFQ	135	0	0	0	0	0	0	0	0	0	0	0	425729	0	0	0	0	0	0	0	0	0	0	0	0	0	803473	0	0	0	0	0	0	0	0	0	0	0	17956548	0
FFQ	136	0	0	0	0	0	0	0	0	0	0	0	414864	0	0	0	0	0	0	0	0	0	0	0	0	0	789717	0	0	0	0	0	0	0	0	0	0	0	17832300	0
FFQ	137	0	0	10	0	0	0	0	0	0	0	0	423202	0	0	0	0	0	0	0	0	0	0	0	0	0	799789	0	0	0	0	0	0	0	0	0	0	0	17663131	0
FFQ	138	0	0	18	0	0	0	0	0	0	0	0	429052	0	0	0	0	0	0	0	0	0	0	0	0	0	803582	0	0	0	0	0	0	0	0	0	0	0	17502580	0
FFQ	139	0	0	2	0	0	0	0	0	0	0	0	412771	0	0	0	0	0	0	0	0	0	0	0	0	0	787386	0	0	0	0	0	0	0	0	0	0	0	17383288	0
FFQ	140	0	0	1	0	0	0	0	0	0	0	0	413125	0	0	0	0	0	0	0	0	0	0	0	0	0	786510	0	0	0	0	0	0	0	0	0	0	0	17230113	0
FFQ	141	0	0	9	0	0	0	0	0	0	0	0	419545	0	0	0	0	0	0	0	0	0	0	0	0	0	791678	0	0	0	0	0	0	0	0	0	0	0	17065327	0
FFQ	142	0	0	21	0	0	0	0	0	0	0	0	421624	0	0	0	0	0	0	0	0	0	0	0	0	0	791494	0	0	0	0	0	0	0	0	0	0	0	16907398	0
FFQ	143	0	0	0	0	0	0	0	0	0	0	0	428700	0	0	0	0	0	0	0	0	0	0	0	0	0	804261	0	0	0	0	0	0	0	0	0	0	0	16726396	0
FFQ	144	0	0	0	0	0	0	0	0	0	0	0	420932	0	0	0	0	0	0	0	0	0	0	0	0	0	796467	0	0	0	0	0	0	0	0	0	0	0	16579236	0
FFQ	145	0	0	27	0	0	0	0	0	0	0	0	405584	0	0	0	0	0	0	0	0	0	0	0	0	0	778330	0	0	0	0	0	0	0	0	0	0	0	16448457	0
FFQ	146	0	0	10000	0	0	0	0	0	0	0	0	419610	0	0	0	0	0	0	0	0	0	0	0	0	0	800098	0	0	0	0	0	0	0	0	0	0	0	16227210	0
FFQ	147	0	0	193	0	0	0	0	0	0	0	0	404368	0	0	0	0	0	0	0	0	0	0	0	0	0	789427	0	0	0	0	0	0	0	0	0	0	0	16064728	0
FFQ	148	0	0	1	0	0	0	0	0	0	0	0	363633	0	0	0	0	0	0	0	0	0	0	0	0	0	767120	0	0	0	0	0	0	0	0	0	0	0	15926721	0
FFQ	149	0	0	121	0	0	0	0	0	0	0	0	372265	0	0	0	0	0	0	0	0	0	0	0	0	0	774933	0	0	0	0	0	0	0	0	0	0	0	15748159	0
FFQ	150	0	0	0	0	0	0	0	0	0	0	0	387230	0	0	0	0	0	0	0	0	0	0	0	0	0	789260	0	0	0	0	0	0	0	0	0	0	0	15560690	0
FFQ	151	0	0	0	0	0	0	0	0	0	0	0	479028	0	0	0	0	0	0	0	0	0	0	0	0	0	943383	0	0	0	0	0	0	0	0	0	0	0	15149932	0
# Last Fragment Qualities. Use `grep ^LFQ | cut -f 2-` to extract this part.
# Columns correspond to qualities and rows to cycles. First column is the cycle number.
LFQ	1	0	0	0	0	0	0	0	0	0	0	0	320522	0	0	0	0	0	0	0	0	0	0	0	0	0	729442	0	0	0	0	0	0	0	0	0	0	0	22199818	0
LFQ	2	0	0	71	0	0	0	0	0	0	0	0	256762	0	0	0	0	0	0	0	0	0	0	0	0	0	609956	0	0	0	0	0	0	0	0	0	0	0	22382993	0
LFQ	3	0	0	137	0	0	0	0	0	0	0	0	253735	0	0	0	0	0	0	0	0	0	0	0	0	0	598650	0	0	0	0	0	0	0	0	0	0	0	22397260	0
LFQ	4	0	0	133	0	0	0	0	0	0	0	0	232117	0	0	0	0	0	0	0	0	0	0	0	0	0	562968	0	0	0	0	0	0	0	0	0	0	0	22454564	0
LFQ	5	0	0	1	0	0	0	0	0	0	0	0	238198	0	0	0	0	0	0	0	0	0	0	0	0	0	545319	0	0	0	0	0	0	0	0	0	0	0	22466264	0
LFQ	6	0	0	0	0	0	0	0	0	0	0	0	259524	0	0	0	0	0	0	0	0	0	0	0	0	0	604790	0	0	0	0	0	0	0	0	0	0	0	22385468	0
LFQ	7	0	0	0	0	0	0	0	0	0	0	0	281553	0	0	0	0	0	0	0	0	0	0	0	0	0	628059	0	0	0	0	0	0	0	0	0	0	0	22340170	0
LFQ	8	0	0	0	0	0	0	0	0	0	0	0	268314	0	0	0	0	0	0	0	0	0	0	0	0	0	588788	0	0	0	0	0	0	0	0	0	0	0	22392680	0
LFQ	9	0	0	0	0	0	0	0	0	0	0	0	270485	0	0	0	0	0	0	0	0	0	0	0	0	0	600306	0	0	0	0	0	0	0	0	0	0	0	22378991	0
LFQ	10	0	0	746	0	0	0	0	0	0	0	0	258780	0	0	0	0	0	0	0	0	0	0	0	0	0	590483	0	0	0	0	0	0	0	0	0	0	0	22399773	0
LFQ	11	0	0	0	0	0	0	0	0	0	0	0	251294	0	0	0	0	0	0	0	0	0	0	0	0	0	557445	0	0	0	0	0	0	0	0	0	0	0	22441043	0
LFQ	12	0	0	0	0	0	0	0	0	0	0	0	257570	0	0	0	0	0	0	0	0	0	0	0	0	0	565053	0	0	0	0	0	0	0	0	0	0	0	22427159	0
LFQ	13	0	0	0	0	0	0	0	0	0	0	0	256340	0	0	0	0	0	0	0	0	0	0	0	0	0	566117	0	0	0	0	0	0	0	0	0	0	0	22427325	0
LFQ	14	0	0	0	0	0	0	0	0	0	0	0	262672	0	0	0	0	0	0	0	0	0	0	0	0	0	588804	0	0	0	0	0	0	0	0	0	0	0	22398306	0
LFQ	15	0	0	0	0	0	0	0	0	0	0	0	260690	0	0	0	0	0	0	0	0	0	0	0	0	0	588818	0	0	0	0	0	0	0	0	0	0	0	22400274	0
LFQ	16	0	0	0	0	0	0	0	0	0	0	0	264212	0	0	0	0	0	0	0	0	0	0	0	0	0	592729	0	0	0	0	0	0	0	0	0	0	0	22392841	0
LFQ	17	0	0	0	0	0	0	0	0	0	0	0	266929	0	0	0	0	0	0	0	0	0	0	0	0	0	596823	0	0	0	0	0	0	0	0	0	0	0	22386030	0
LFQ	18	0	0	0	0	0	0	0	0	0	0	0	265583	0	0	0	0	0	0	0	0	0	0	0	0	0	600355	0	0	0	0	0	0	0	0	0	0	0	22383844	0
LFQ	19	0	0	0	0	0	0	0	0	0	0	0	270585	0	0	0	0	0	0	0	0	0	0	0	0	0	609080	0	0	0	0	0	0	0	0	0	0	0	22370117	0
LFQ	20	0	0	4	0	0	0	0	0	0	0	0	266353	0	0	0	0	0	0	0	0	0	0	0	0	0	603177	0	0	0	0	0	0	0	0	0	0	0	22380248	0
LFQ	21	0	0	0	0	0	0	0	0	0	0	0	274406	0	0	0	0	0	0	0	0	0	0	0	0	0	618043	0	0	0	0	0	0	0	0	0	0	0	22357333	0
LFQ	22	0	0	0	0	0	0	0	0	0	0	0	266373	0	0	0	0	0	0	0	0	0	0	0	0	0	606075	0	0	0	0	0	0	0	0	0	0	0	22377334	0
LFQ	23	0	0	0	0	0	0	0	0	0	0	0	270609	0	0	0	0	0	0	0	0	0	0	0	0	0	616488	0	0	0	0	0	0	0	0	0	0	0	22362685	0
LFQ	24	0	0	0	0	0	0	0	0	0	0	0	272925	0	0	0	0	0	0	0	0	0	0	0	0	0	619689	0	0	0	0	0	0	0	0	0	0	0	22357168	0
LFQ	25	0	0	155	0	0	0	0	0	0	0	0	277763	0	0	0	0	0	0	0	0	0	0	0	0	0	629948	0	0	0	0	0	0	0	0	0	0	0	22341916	0
LFQ	26	0	0	1	0	0	0	0	0	0	0	0	276659	0	0	0	0	0	0	0	0	0	0	0	0	0	629068	0	0	0	0	0	0	0	0	0	0	0	22344054	0
LFQ	27	0	0	20	0	0	0	0	0	0	0	0	279140	0	0	0	0	0	0	0	0	0	0	0	0	0	636162	0	0	0	0	0	0	0	0	0	0	0	22334460	0
LFQ	28	0	0	0	0	0	0	0	0	0	0	0	281772	0	0	0	0	0	0	0	0	0	0	0	0	0	635772	0	0	0	0	0	0	0	0	0	0	0	22332238	0
LFQ	29	0	0	0	0	0	0	0	0	0	0	0	282705	0	0	0	0	0	0	0	0	0	0	0	0	0	641246	0	0	0	0	0	0	0	0	0	0	0	22325831	0
LFQ	30	0	0	0	0	0	0	0	0	0	0	0	290121	0	0	0	0	0	0	0	0	0	0	0	0	0	654683	0	0	0	0	0	0	0	0	0	0	0	22304978	0
LFQ	31	0	0	0	0	0	0	0	0	0	0	0	283543	0	0	0	0	0	0	0	0	0	0	0	0	0	636878	0	0	0	0	0	0	0	0	0	0	0	22329361	0
LFQ	32	0	0	228	0	0	0	0	0	0	0	0	292819	0	0	0	0	0	0	0	0	0	0	0	0	0	655905	0	0	0	0	0	0	0	0	0	0	0	22300830	0
LFQ	33	0	0	0	0	0	0	0	0	0	0	0	290931	0	0	0	0	0	0	0	0	0	0	0	0	0	653581	0	0	0	0	0	0	0	0	0	0	0	22305270	0
LFQ	34	0	0	0	0	0	0	0	0	0	0	0	292563	0	0	0	0	0	0	0	0	0	0	0	0	0	657974	0	0	0	0	0	0	0	0	0	0	0	22299245	0
LFQ	35	0	0	1	0	0	0	0	0	0	0	0	295715	0	0	0	0	0	0	0	0	0	0	0	0	0	666541	0	0	0	0	0	0	0	0	0	0	0	22287525	0
LFQ	36	0	0	1	0	0	0	0	0	0	0	0	292842	0	0	0	0	0	0	0	0	0	0	0	0	0	656443	0	0	0	0	0	0	0	0	0	0	0	22300251	0
LFQ	37	0	0	0	0	0	0	0	0	0	0	0	296575	0	0	0	0	0	0	0	0	0	0	0	0	0	660973	0	0	0	0	0	0	0	0	0	0	0	22291784	0
LFQ	38	0	0	0	0	0	0	0	0	0	0	0	303182	0	0	0	0	0	0	0	0	0	0	0	0	0	679781	0	0	0	0	0	0	0	0	0	0	0	22266140	0
LFQ	39	0	0	0	0	0	0	0	0	0	0	0	296163	0	0	0	0	0	0	0	0	0	0	0	0	0	665588	0	0	0	0	0	0	0	0	0	0	0	22287127	0
LFQ	40	0	0	0	0	0	0	0	0	0	0	0	302264	0	0	0	0	0	0	0	0	0	0	0	0	0	673538	0	0	0	0	0	0	0	0	0	0	0	22272830	0
LFQ	41	0	0	293	0	0	0	0	0	0	0	0	305514	0	0	0	0	0	0	0	0	0	0	0	0	0	679808	0	0	0	0	0	0	0	0	0	0	0	22262748	0
LFQ	42	0	0	0	0	0	0	0	0	0	0	0	303162	0	0	0	0	0	0	0	0	0	0	0	0	0	679292	0	0	0	0	0	0	0	0	0	0	0	22265621	0
LFQ	43	0	0	0	0	0	0	0	0	0	0	0	301957	0	0	0	0	0	0	0	0	0	0	0	0	0	676611	0	0	0	0	0	0	0	0	0	0	0	22269240	0
LFQ	44	0	0	0	0	0	0	0	0	0	0	0	314922	0	0	0	0	0	0	0	0	0	0	0	0	0	696291	0	0	0	0	0	0	0	0	0	0	0	22236325	0
LFQ	45	0	0	0	0	0	0	0	0	0	0	0	314887	0	0	0	0	0	0	0	0	0	0	0	0	0	700219	0	0	0	0	0	0	0	0	0	0	0	22232091	0
LFQ	46	0	0	0	0	0	0	0	0	0	0	0	326336	0	0	0	0	0	0	0	0	0	0	0	0	0	717439	0	0	0	0	0	0	0	0	0	0	0	22203063	0
LFQ	47	0	0	1	0	0	0	0	0	0	0	0	333258	0	0	0	0	0	0	0	0	0	0	0	0	0	730823	0	0	0	0	0	0	0	0	0	0	0	22182347	0
LFQ	48	0	0	0	0	0	0	0	0	0	0	0	332383	0	0	0	0	0	0	0	0	0	0	0	0	0	731336	0	0	0	0	0	0	0	0	0	0	0	22182294	0
LFQ	49	0	0	1	0	0	0	0	0	0	0	0	333342	0	0	0	0	0	0	0	0	0	0	0	0	0	729497	0	0	0	0	0	0	0	0	0	0	0	22182658	0
LFQ	50	0	0	2	0	0	0	0	0	0	0	0	329856	0	0	0	0	0	0	0	0	0	0	0	0	0	726574	0	0	0	0	0	0	0	0	0	0	0	22188509	0
LFQ	51	0	0	17	0	0	0	0	0	0	0	0	316355	0	0	0	0	0	0	0	0	0	0	0	0	0	702384	0	0	0	0	0	0	0	0	0	0	0	22225599	0
LFQ	52	0	0	16	0	0	0	0	0	0	0	0	319212	0	0	0	0	0	0	0	0	0	0	0	0	0	705742	0	0	0	0	0	0	0	0	0	0	0	22218741	0
LFQ	53	0	0	1	0	0	0	0	0	0	0	0	331902	0	0	0	0	0	0	0	0	0	0	0	0	0	731294	0	0	0	0	0	0	0	0	0	0	0	22179852	0
LFQ	54	0	0	1	0	0	0	0	0	0	0	0	329391	0	0	0	0	0	0	0	0	0	0	0	0	0	725953	0	0	0	0	0	0	0	0	0	0	0	22187038	0
LFQ	55	0	0	0	0	0	0	0	0	0	0	0	327846	0	0	0	0	0	0	0	0	0	0	0	0	0	721570	0	0	0	0	0	0	0	0	0	0	0	22192291	0
LFQ	56	0	0	0	0	0	0	0	0	0	0	0	341915	0	0	0	0	0	0	0	0	0	0	0	0	0	744429	0	0	0	0	0	0	0	0	0	0	0	22154659	0
LFQ	57	0	0	7	0	0	0	0	0	0	0	0	335260	0	0	0	0	0	0	0	0	0	0	0	0	0	731356	0	0	0	0	0	0	0	0	0	0	0	22173701	0
LFQ	58	0	0	5	0	0	0	0	0	0	0	0	337703	0	0	0	0	0	0	0	0	0	0	0	0	0	734163	0	0	0	0	0	0	0	0	0	0	0	22167629	0
LFQ	59	0	0	0	0	0	0	0	0	0	0	0	333311	0	0	0	0	0	0	0	0	0	0	0	0	0	732211	0	0	0	0	0	0	0	0	0	0	0	22173029	0
LFQ	60	0	0	0	0	0	0	0	0	0	0	0	338727	0	0	0	0	0	0	0	0	0	0	0	0	0	736754	0	0	0	0	0	0	0	0	0	0	0	22162030	0
LFQ	61	0	0	0	0	0	0	0	0	0	0	0	347012	0	0	0	0	0	0	0	0	0	0	0	0	0	751421	0	0	0	0	0	0	0	0	0	0	0	22137869	0
LFQ	62	0	0	514	0	0	0	0	0	0	0	0	348523	0	0	0	0	0	0	0	0	0	0	0	0	0	754521	0	0	0	0	0	0	0	0	0	0	0	22131463	0
LFQ	63	0	0	1	0	0	0	0	0	0	0	0	349486	0	0	0	0	0	0	0	0	0	0	0	0	0	754911	0	0	0	0	0	0	0	0	0	0	0	22129242	0
LFQ	64	0	0	1	0	0	0	0	0	0	0	0	342665	0	0	0	0	0	0	0	0	0	0	0	0	0	748043	0	0	0	0	0	0	0	0	0	0	0	22141456	0
LFQ	65	0	0	3	0	0	0	0	0	0	0	0	352223	0	0	0	0	0	0	0	0	0	0	0	0	0	766657	0	0	0	0	0	0	0	0	0	0	0	22111717	0
LFQ	66	0	0	0	0	0	0	0	0	0	0	0	362679	0	0	0	0	0	0	0	0	0	0	0	0	0	782169	0	0	0	0	0	0	0	0	0	0	0	22084080	0
LFQ	67	0	0	0	0	0	0	0	0	0	0	0	372644	0	0	0	0	0	0	0	0	0	0	0	0	0	796793	0	0	0	0	0	0	0	0	0	0	0	22057671	0
LFQ	68	0	0	0	0	0	0	0	0	0	0	0	367587	0	0	0	0	0	0	0	0	0	0	0	0	0	790569	0	0	0	0	0	0	0	0	0	0	0	22066943	0
LFQ	69	0	0	564	0	0	0	0	0	0	0	0	364334	0	0	0	0	0	0	0	0	0	0	0	0	0	786980	0	0	0	0	0	0	0	0	0	0	0	22070993	0
LFQ	70	0	0	0	0	0	0	0	0	0	0	0	392733	0	0	0	0	0	0	0	0	0	0	0	0	0	827683	0	0	0	0	0	0	0	0	0	0	0	22000011	0
LFQ	71	0	0	0	0	0	0	0	0	0	0	0	386100	0	0	0	0	0	0	0	0	0	0	0	0	0	821057	0	0	0	0	0	0	0	0	0	0	0	22010439	0
LFQ	72	0	0	0	0	0	0	0	0	0	0	0	374215	0	0	0	0	0	0	0	0	0	0	0	0	0	802791	0	0	0	0	0	0	0	0	0	0	0	22037567	0
LFQ	73	0	0	1	0	0	0	0	0	0	0	0	369560	0	0	0	0	0	0	0	0	0	0	0	0	0	797984	0	0	0	0	0	0	0	0	0	0	0	22043518	0
LFQ	74	0	0	0	0	0	0	0	0	0	0	0	380795	0	0	0	0	0	0	0	0	0	0	0	0	0	814108	0	0	0	0	0	0	0	0	0	0	0	22012095	0
LFQ	75	0	0	1	0	0	0	0	0	0	0	0	382679	0	0	0	0	0	0	0	0	0	0	0	0	0	819446	0	0	0	0	0	0	0	0	0	0	0	22000498	0
LFQ	76	0	0	2	0	0	0	0	0	0	0	0	386302	0	0	0	0	0	0	0	0	0	0	0	0	0	821751	0	0	0	0	0	0	0	0	0	0	0	21989957	0
LFQ	77	0	0	11	0	0	0	0	0	0	0	0	372102	0	0	0	0	0	0	0	0	0	0	0	0	0	802008	0	0	0	0	0	0	0	0	0	0	0	22018629	0
LFQ	78	0	0	1	0	0	0	0	0	0	0	0	373222	0	0	0	0	0	0	0	0	0	0	0	0	0	801832	0	0	0	0	0	0	0	0	0	0	0	22012189	0
LFQ	79	0	0	4	0	0	0	0	0	0	0	0	373675	0	0	0	0	0	0	0	0	0	0	0	0	0	802280	0	0	0	0	0	0	0	0	0	0	0	22004996	0
LFQ	80	0	0	0	0	0	0	0	0	0	0	0	383209	0	0	0	0	0	0	0	0	0	0	0	0	0	821213	0	0	0	0	0	0	0	0	0	0	0	21969396	0
LFQ	81	0	0	0	0	0	0	0	0	0	0	0	387126	0	0	0	0	0	0	0	0	0	0	0	0	0	827136	0	0	0	0	0	0	0	0	0	0	0	21951797	0
LFQ	82	0	0	10	0	0	0	0	0	0	0	0	395680	0	0	0	0	0	0	0	0	0	0	0	0	0	835598	0	0	0	0	0	0	0	0	0	0	0	21926153	0
LFQ	83	0	0	0	0	0	0	0	0	0	0	0	408812	0	0	0	0	0	0	0	0	0	0	0	0	0	858498	0	0	0	0	0	0	0	0	0	0	0	21880343	0
LFQ	84	0	0	0	0	0	0	0	0	0	0	0	397945	0	0	0	0	0	0	0	0	0	0	0	0	0	842775	0	0	0	0	0	0	0	0	0	0	0	21896085	0
LFQ	85	0	0	0	0	0	0	0	0	0	0	0	392513	0	0	0	0	0	0	0	0	0	0	0	0	0	831105	0	0	0	0	0	0	0	0	0	0	0	21901062	0
LFQ	86	0	0	0	0	0	0	0	0	0	0	0	415008	0	0	0	0	0	0	0	0	0	0	0	0	0	866664	0	0	0	0	0	0	0	0	0	0	0	21829877	0
LFQ	87	0	0	0	0	0	0	0	0	0	0	0	411143	0	0	0	0	0	0	0	0	0	0	0	0	0	861811	0	0	0	0	0	0	0	0	0	0	0	21823949	0
LFQ	88	0	0	0	0	0	0	0	0	0	0	0	405759	0	0	0	0	0	0	0	0	0	0	0	0	0	850009	0	0	0	0	0	0	0	0	0	0	0	21825345	0
LFQ	89	0	0	0	0	0	0	0	0	0	0	0	410117	0	0	0	0	0	0	0	0	0	0	0	0	0	864236	0	0	0	0	0	0	0	0	0	0	0	21789130	0
LFQ	90	0	0	0	0	0	0	0	0	0	0	0	417094	0	0	0	0	0	0	0	0	0	0	0	0	0	871722	0	0	0	0	0	0	0	0	0	0	0	21755768	0
LFQ	91	0	0	113	0	0	0	0	0	0	0	0	406094	0	0	0	0	0	0	0	0	0	0	0	0	0	854112	0	0	0	0	0	0	0	0	0	0	0	21763348	0
LFQ	92	0	0	0	0	0	0	0	0	0	0	0	417403	0	0	0	0	0	0	0	0	0	0	0	0	0	874218	0	0	0	0	0	0	0	0	0	0	0	21709160	0
LFQ	93	0	0	0	0	0	0	0	0	0	0	0	417349	0	0	0	0	0	0	0	0	0	0	0	0	0	875216	0	0	0	0	0	0	0	0	0	0	0	21682690	0
LFQ	94	0	0	4	0	0	0	0	0	0	0	0	418872	0	0	0	0	0	0	0	0	0	0	0	0	0	873279	0	0	0	0	0	0	0	0	0	0	0	21655110	0
LFQ	95	0	0	0	0	0	0	0	0	0	0	0	454233	0	0	0	0	0	0	0	0	0	0	0	0	0	929512	0	0	0	0	0	0	0	0	0	0	0	21532234	0
LFQ	96	0	0	1	0	0	0	0	0	0	0	0	440579	0	0	0	0	0	0	0	0	0	0	0	0	0	906594	0	0	0	0	0	0	0	0	0	0	0	21535860	0
LFQ	97	0	0	1	0	0	0	0	0	0	0	0	424262	0	0	0	0	0	0	0	0	0	0	0	0	0	882769	0	0	0	0	0	0	0	0	0	0	0	21540601	0
LFQ	98	0	0	1	0	0	0	0	0	0	0	0	432990	0	0	0	0	0	0	0	0	0	0	0	0	0	896842	0	0	0	0	0	0	0	0	0	0	0	21479940	0
LFQ	99	0	0	12	0	0	0	0	0	0	0	0	422491	0	0	0	0	0	0	0	0	0	0	0	0	0	882315	0	0	0	0	0	0	0	0	0	0	0	21464481	0
LFQ	100	0	0	2	0	0	0	0	0	0	0	0	434148	0	0	0	0	0	0	0	0	0	0	0	0	0	896590	0	0	0	0	0	0	0	0	0	0	0	21395214	0
LFQ	101	0	0	2	0	0	0	0	0	0	0	0	427791	0	0	0	0	0	0	0	0	0	0	0	0	0	888579	0	0	0	0	0	0	0	0	0	0	0	21362612	0
LFQ	102	0	0	14	0	0	0	0	0	0	0	0	424328	0	0	0	0	0	0	0	0	0	0	0	0	0	885347	0	0	0	0	0	0	0	0	0	0	0	21320416	0
LFQ	103	0	0	4	0	0	0	0	0	0	0	0	429496	0	0	0	0	0	0	0	0	0	0	0	0	0	891601	0	0	0	0	0	0	0	0	0	0	0	21255775	0
LFQ	104	0	0	41	0	0	0	0	0	0	0	0	433273	0	0	0	0	0	0	0	0	0	0	0	0	0	898637	0	0	0	0	0	0	0	0	0	0	0	21187517	0
LFQ	105	0	0	0	0	0	0	0	0	0	0	0	452683	0	0	0	0	0	0	0	0	0	0	0	0	0	924377	0	0	0	0	0	0	0	0	0	0	0	21082234	0
LFQ	106	0	0	1	0	0	0	0	0	0	0	0	435140	0	0	0	0	0	0	0	0	0	0	0	0	0	900869	0	0	0	0	0	0	0	0	0	0	0	21059441	0
LFQ	107	0	0	1271	0	0	0	0	0	0	0	0	446894	0	0	0	0	0	0	0	0	0	0	0	0	0	916617	0	0	0	0	0	0	0	0	0	0	0	20963422	0
LFQ	108	0	0	0	0	0	0	0	0	0	0	0	438619	0	0	0	0	0	0	0	0	0	0	0	0	0	904880	0	0	0	0	0	0	0	0	0	0	0	20915141	0
LFQ	109	0	0	1	0	0	0	0	0	0	0	0	442527	0	0	0	0	0	0	0	0	0	0	0	0	0	908079	0	0	0	0	0	0	0	0	0	0	0	20833796	0
LFQ	110	0	0	0	0	0	0	0	0	0	0	0	465063	0	0	0	0	0	0	0	0	0	0	0	0	0	940053	0	0	0	0	0	0	0	0	0	0	0	20702802	0
LFQ	111	0	0	0	0	0	0	0	0	0	0	0	455724	0	0	0	0	0	0	0	0	0	0	0	0	0	925316	0	0	0	0	0	0	0	0	0	0	0	20648124	0
LFQ	112	0	0	0	0	0	0	0	0	0	0	0	437679	0	0	0	0	0	0	0	0	0	0	0	0	0	902133	0	0	0	0	0	0	0	0	0	0	0	20605936	0
LFQ	113	0	0	0	0	0	0	0	0	0	0	0	459588	0	0	0	0	0	0	0	0	0	0	0	0	0	934544	0	0	0	0	0	0	0	0	0	0	0	20463749	0
LFQ	114	0	0	0	0	0	0	0	0	0	0	0	458882	0	0	0	0	0	0	0	0	0	0	0	0	0	936378	0	0	0	0	0	0	0	0	0	0	0	20372329	0
LFQ	115	0	0	1	0	0	0	0	0	0	0	0	471634	0	0	0	0	0	0	0	0	0	0	0	0	0	952382	0	0	0	0	0	0	0	0	0	0	0	20248339	0
LFQ	116	0	0	0	0	0	0	0	0	0	0	0	491147	0	0	0	0	0	0	0	0	0	0	0	0	0	976667	0	0	0	0	0	0	0	0	0	0	0	20105818	0
LFQ	117	0	0	8	0	0	0	0	0	0	0	0	489384	0	0	0	0	0	0	0	0	0	0	0	0	0	975753	0	0	0	0	0	0	0	0	0	0	0	20008074	0
LFQ	118	0	0	0	0	0	0	0	0	0	0	0	480398	0	0	0	0	0	0	0	0	0	0	0	0	0	961900	0	0	0	0	0	0	0	0	0	0	0	19927152	0
LFQ	119	0	0	0	0	0	0	0	0	0	0	0	498702	0	0	0	0	0	0	0	0	0	0	0	0	0	981672	0	0	0	0	0	0	0	0	0	0	0	19781780	0
LFQ	120	0	0	0	0	0	0	0	0	0	0	0	486114	0	0	0	0	0	0	0	0	0	0	0	0	0	971057	0	0	0	0	0	0	0	0	0	0	0	19696496	0
LFQ	121	0	0	0	0	0	0	0	0	0	0	0	474009	0	0	0	0	0	0	0	0	0	0	0	0	0	943098	0	0	0	0	0	0	0	0	0	0	0	19625003	0
LFQ	122	0	0	6	0	0	0	0	0	0	0	0	482730	0	0	0	0	0	0	0	0	0	0	0	0	0	958918	0	0	0	0	0	0	0	0	0	0	0	19486076	0
LFQ	123	0	0	24	0	0	0	0	0	0	0	0	492011	0	0	0	0	0	0	0	0	0	0	0	0	0	974700	0	0	0	0	0	0	0	0	0	0	0	19342921	0
LFQ	124	0	0	4	0	0	0	0	0	0	0	0	458203	0	0	0	0	0	0	0	0	0	0	0	0	0	925176	0	0	0	0	0	0	0	0	0	0	0	19305789	0
LFQ	125	0	0	3	0	0	0	0	0	0	0	0	453911	0	0	0	0	0	0	0	0	0	0	0	0	0	920816	0	0	0	0	0	0	0	0	0	0	0	19188623	0
LFQ	126	0	0	24	0	0	0	0	0	0	0	0	482427	0	0	0	0	0	0	0	0	0	0	0	0	0	964116	0	0	0	0	0	0	0	0	0	0	0	18990464	0
LFQ	127	0	0	13	0	0	0	0	0	0	0	0	485899	0	0	0	0	0	0	0	0	0	0	0	0	0	966246	0	0	0	0	0	0	0	0	0	0	0	18855453	0
LFQ	128	0	0	49	0	0	0	0	0	0	0	0	481463	0	0	0	0	0	0	0	0	0	0	0	0	0	956441	0	0	0	0	0	0	0	0	0	0	0	18737303	0
LFQ	129	0	0	0	0	0	0	0	0	0	0	0	494791	0	0	0	0	0	0	0	0	0	0	0	0	0	978520	0	0	0	0	0	0	0	0	0	0	0	18570125	0
LFQ	130	0	0	0	0	0	0	0	0	0	0	0	490173	0	0	0	0	0	0	0	0	0	0	0	0	0	971576	0	0	0	0	0	0	0	0	0	0	0	18447027	0
LFQ	131	0	0	40	0	0	0	0	0	0	0	0	478894	0	0	0	0	0	0	0	0	0	0	0	0	0	958186	0	0	0	0	0	0	0	0	0	0	0	18334312	0
LFQ	132	0	0	54	0	0	0	0	0	0	0	0	484569	0	0	0	0	0	0	0	0	0	0	0	0	0	960667	0	0	0	0	0	0	0	0	0	0	0	18188855	0
LFQ	133	0	0	6	0	0	0	0	0	0	0	0	485945	0	0	0	0	0	0	0	0	0	0	0	0	0	962907	0	0	0	0	0	0	0	0	0	0	0	18044124	0
LFQ	134	0	0	0	0	0	0	0	0	0	0	0	500259	0	0	0	0	0	0	0	0	0	0	0	0	0	977809	0	0	0	0	0	0	0	0	0	0	0	17870177	0
LFQ	135	0	0	0	0	0	0	0	0	0	0	0	482130	0	0	0	0	0	0	0	0	0	0	0	0	0	958541	0	0	0	0	0	0	0	0	0	0	0	17761051	0
LFQ	136	0	0	0	0	0	0	0	0	0	0	0	493200	0	0	0	0	0	0	0	0	0	0	0	0	0	972366	0	0	0	0	0	0	0	0	0	0	0	17587525	0
LFQ	137	0	0	0	0	0	0	0	0	0	0	0	482466	0	0	0	0	0	0	0	0	0	0	0	0	0	955240	0	0	0	0	0	0	0	0	0	0	0	17464716	0
LFQ	138	0	0	1	0	0	0	0	0	0	0	0	494158	0	0	0	0	0	0	0	0	0	0	0	0	0	977570	0	0	0	0	0	0	0	0	0	0	0	17279882	0
LFQ	139	0	0	0	0	0	0	0	0	0	0	0	503062	0	0	0	0	0	0	0	0	0	0	0	0	0	985844	0	0	0	0	0	0	0	0	0	0	0	17110545	0
LFQ	140	0	0	1	0	0	0	0	0	0	0	0	492315	0	0	0	0	0	0	0	0	0	0	0	0	0	973095	0	0	0	0	0	0	0	0	0	0	0	16979810	0
LFQ	141	0	0	15	0	0	0	0	0	0	0	0	479592	0	0	0	0	0	0	0	0	0	0	0	0	0	953207	0	0	0	0	0	0	0	0	0	0	0	16858639	0
LFQ	142	0	0	0	0	0	0	0	0	0	0	0	465136	0	0	0	0	0	0	0	0	0	0	0	0	0	932725	0	0	0	0	0	0	0	0	0	0	0	16735892	0
LFQ	143	0	0	0	0	0	0	0	0	0	0	0	494413	0	0	0	0	0	0	0	0	0	0	0	0	0	979633	0	0	0	0	0	0	0	0	0	0	0	16495994	0
LFQ	144	0	0	0	0	0	0	0	0	0	0	0	522716	0	0	0	0	0	0	0	0	0	0	0	0	0	1019430	0	0	0	0	0	0	0	0	0	0	0	16261470	0
LFQ	145	0	0	0	0	0	0	0	0	0	0	0	493270	0	0	0	0	0	0	0	0	0	0	0	0	0	980114	0	0	0	0	0	0	0	0	0	0	0	16163777	0
LFQ	146	0	0	15	0	0	0	0	0	0	0	0	487625	0	0	0	0	0	0	0	0	0	0	0	0	0	976723	0	0	0	0	0	0	0	0	0	0	0	15994681	0
LFQ	147	0	0	0	0	0	0	0	0	0	0	0	479143	0	0	0	0	0	0	0	0	0	0	0	0	0	977420	0	0	0	0	0	0	0	0	0	0	0	15803809	0
LFQ	148	0	0	0	0	0	0	0	0	0	0	0	418524	0	0	0	0	0	0	0	0	0	0	0	0	0	924669	0	0	0	0	0	0	0	0	0	0	0	15710087	0
LFQ	149	0	0	0	0	0	0	0	0	0	0	0	419672	0	0	0	0	0	0	0	0	0	0	0	0	0	928217	0	0	0	0	0	0	0	0	0	0	0	15543373	0
LFQ	150	0	0	0	0	0	0	0	0	0	0	0	471504	0	0	0	0	0	0	0	0	0	0	0	0	0	997859	0	0	0	0	0	0	0	0	0	0	0	15263610	0
LFQ	151	0	0	0	0	0	0	0	0	0	0	0	569328	0	0	0	0	0	0	0	0	0	0	0	0	0	1169731	0	0	0	0	0	0	0	0	0	0	0	14835226	0
# GC Content of first fragments. Use `grep ^GCF | cut -f 2-` to extract this part.
GCF	0.25	112
GCF	0.75	120
GCF	1.26	105
GCF	1.76	104
GCF	2.26	95
GCF	2.76	106
GCF	3.27	103
GCF	3.77	99
GCF	4.27	114
GCF	4.77	111
GCF	5.28	89
GCF	6.03	108
GCF	6.78	85
GCF	7.29	83
GCF	7.79	71
GCF	8.29	89
GCF	8.79	85
GCF	9.30	100
GCF	9.80	89
GCF	10.30	85
GCF	10.80	91
GCF	11.31	94
GCF	11.81	88
GCF	12.31	76
GCF	12.81	79
GCF	13.32	83
GCF	13.82	76
GCF	14.32	83
GCF	14.82	77
GCF	15.33	93
GCF	15.83	77
GCF	16.33	72
GCF	16.83	87
GCF	17.34	84
GCF	17.84	90
GCF	18.34	92
GCF	18.84	107
GCF	19.35	120
GCF	19.85	147
GCF	20.35	165
GCF	20.85	173
GCF	21.36	217
GCF	21.86	271
GCF	22.36	339
GCF	22.86	415
GCF	23.37	490
GCF	23.87	628
GCF	24.37	760
GCF	24.87	869
GCF	25.38	1099
GCF	25.88	1490
GCF	26.38	1929
GCF	26.88	2168
GCF	27.39	3035
GCF	27.89	4004
GCF	28.39	4955
GCF	28.89	6494
GCF	29.40	7251
GCF	29.90	9200
GCF	30.40	12954
GCF	30.90	16626
GCF	31.41	18114
GCF	31.91	22936
GCF	32.41	28992
GCF	32.91	37428
GCF	33.42	40249
GCF	33.92	47924
GCF	34.42	57965
GCF	34.92	69589
GCF	35.43	73469
GCF	35.93	87262
GCF	36.43	98235
GCF	36.93	112493
GCF	37.44	117204
GCF	37.94	131608
GCF	38.44	140620
GCF	38.94	153971
GCF	39.45	159432
GCF	39.95	182476
GCF	40.45	204926
GCF	40.95	242642
GCF	41.46	248392
GCF	41.96	246946
GCF	42.46	252301
GCF	42.96	263805
GCF	43.47	277668
GCF	43.97	280551
GCF	44.47	300479
GCF	44.97	317468
GCF	45.48	356486
GCF	45.98	363385
GCF	46.48	414420
GCF	46.98	429852
GCF	47.49	495114
GCF	47.99	502458
GCF	48.49	504361
GCF	48.99	555330
GCF	49.50	588780
GCF	50.00	595788
GCF	50.50	644469
GCF	51.01	690501
GCF	51.51	740832
GCF	52.01	751520
GCF	52.51	793096
GCF	53.02	841217
GCF	53.52	892177
GCF	54.02	905219
GCF	54.52	945679
GCF	55.03	995434
GCF	55.53	1010185
GCF	56.03	1018459
GCF	56.53	1042802
GCF	57.04	1043436
GCF	57.54	1048433
GCF	58.04	1009322
GCF	58.54	1006378
GCF	59.05	961014
GCF	59.55	892147
GCF	60.05	815687
GCF	60.55	801414
GCF	61.06	720312
GCF	61.56	627607
GCF	62.06	538659
GCF	62.56	518741
GCF	63.07	440481
GCF	63.57	362087
GCF	64.07	287768
GCF	64.57	269135
GCF	65.08	206904
GCF	65.58	157742
GCF	66.08	117860
GCF	66.58	103089
GCF	67.09	73395
GCF	67.59	51522
GCF	68.09	36011
GCF	68.59	30152
GCF	69.10	21203
GCF	69.60	14685
GCF	70.10	10455
GCF	70.60	8271
GCF	71.11	5934
GCF	71.61	4067
GCF	72.11	2953
GCF	72.61	2121
GCF	73.12	1595
GCF	73.62	1143
GCF	74.12	876
GCF	74.62	660
GCF	75.13	491
GCF	75.63	398
GCF	76.13	263
GCF	76.63	226
GCF	77.14	210
GCF	77.64	159
GCF	78.14	152
GCF	78.64	126
GCF	79.15	113
GCF	79.65	105
GCF	80.15	91
GCF	80.65	68
GCF	81.16	52
GCF	81.66	49
GCF	82.16	25
GCF	82.66	24
GCF	83.17	22
GCF	83.92	13
GCF	84.67	9
GCF	85.18	7
GCF	85.68	4
GCF	86.18	5
GCF	86.68	6
GCF	87.19	4
GCF	87.94	3
GCF	88.69	4
GCF	89.20	5
GCF	89.70	6
GCF	90.20	3
GCF	90.70	1
GCF	91.46	2
GCF	92.21	1
GCF	94.22	0
GCF	96.48	1
# GC Content of last fragments. Use `grep ^GCL | cut -f 2-` to extract this part.
GCL	0.25	1086
GCL	0.75	816
GCL	1.26	760
GCL	1.76	792
GCL	2.26	827
GCL	2.76	918
GCL	3.27	1020
GCL	3.77	1150
GCL	4.27	1136
GCL	4.77	1322
GCL	5.28	1525
GCL	5.78	1659
GCL	6.28	1606
GCL	6.78	1764
GCL	7.29	2007
GCL	7.79	2140
GCL	8.29	2111
GCL	8.79	2267
GCL	9.30	2291
GCL	9.80	2246
GCL	10.30	2188
GCL	10.80	2172
GCL	11.31	2117
GCL	11.81	2063
GCL	12.31	2064
GCL	12.81	1994
GCL	13.32	1857
GCL	13.82	1734
GCL	14.32	1624
GCL	14.82	1657
GCL	15.33	1529
GCL	15.83	1366
GCL	16.33	1328
GCL	16.83	1313
GCL	17.34	1244
GCL	17.84	1147
GCL	18.34	1093
GCL	18.84	1103
GCL	19.35	1023
GCL	19.85	1010
GCL	20.35	1027
GCL	20.85	1030
GCL	21.36	1055
GCL	21.86	1094
GCL	22.36	1171
GCL	22.86	1239
GCL	23.37	1297
GCL	23.87	1564
GCL	24.37	1753
GCL	24.87	1896
GCL	25.38	2241
GCL	25.88	2783
GCL	26.38	3426
GCL	26.88	3711
GCL	27.39	4597
GCL	27.89	6111
GCL	28.39	7603
GCL	28.89	9751
GCL	29.40	10453
GCL	29.90	13350
GCL	30.40	17334
GCL	30.90	22887
GCL	31.41	24340
GCL	31.91	30379
GCL	32.41	37142
GCL	32.91	46788
GCL	33.42	49545
GCL	33.92	58695
GCL	34.42	69749
GCL	34.92	81903
GCL	35.43	85882
GCL	35.93	100797
GCL	36.43	113262
GCL	36.93	124878
GCL	37.44	129570
GCL	37.94	143238
GCL	38.44	153041
GCL	38.94	169488
GCL	39.45	174687
GCL	39.95	196102
GCL	40.45	213409
GCL	40.95	230311
GCL	41.46	235971
GCL	41.96	248602
GCL	42.46	256889
GCL	42.96	264373
GCL	43.47	272782
GCL	43.97	275799
GCL	44.47	286168
GCL	44.97	302470
GCL	45.48	331548
GCL	45.98	338257
GCL	46.48	372797
GCL	46.98	402522
GCL	47.49	431847
GCL	47.99	438788
GCL	48.49	472033
GCL	48.99	508062
GCL	49.50	555618
GCL	50.00	562504
GCL	50.50	606005
GCL	51.01	646880
GCL	51.51	707767
GCL	52.01	719156
GCL	52.51	781626
GCL	53.02	816186
GCL	53.52	866245
GCL	54.02	879051
GCL	54.52	918803
GCL	55.03	978525
GCL	55.53	1003265
GCL	56.03	1010848
GCL	56.53	1038514
GCL	57.04	1045969
GCL	57.54	1063150
GCL	58.04	1033335
GCL	58.54	1030246
GCL	59.05	986587
GCL	59.55	916510
GCL	60.05	842306
GCL	60.55	828218
GCL	61.06	741138
GCL	61.56	645271
GCL	62.06	560253
GCL	62.56	540092
GCL	63.07	468438
GCL	63.57	379731
GCL	64.07	302536
GCL	64.57	283605
GCL	65.08	220821
GCL	65.58	169483
GCL	66.08	125854
GCL	66.58	111294
GCL	67.09	79525
GCL	67.59	55767
GCL	68.09	38448
GCL	68.59	32598
GCL	69.10	22356
GCL	69.60	15593
GCL	70.10	10642
GCL	70.60	8533
GCL	71.11	6159
GCL	71.61	4128
GCL	72.11	3055
GCL	72.61	2065
GCL	73.12	1565
GCL	73.62	1148
GCL	74.12	808
GCL	74.62	552
GCL	75.13	405
GCL	75.63	311
GCL	76.13	221
GCL	76.63	177
GCL	77.14	162
GCL	77.64	140
GCL	78.14	116
GCL	78.64	96
GCL	79.15	76
GCL	79.65	61
GCL	80.15	57
GCL	80.65	37
GCL	81.16	28
GCL	81.66	31
GCL	82.16	36
GCL	82.66	38
GCL	83.17	41
GCL	83.67	39
GCL	84.17	42
GCL	84.67	32
GCL	85.18	41
GCL	85.68	42
GCL	86.18	41
GCL	86.93	40
GCL	87.69	45
GCL	88.19	59
GCL	88.69	60
GCL	89.20	76
GCL	89.70	84
GCL	90.20	78
GCL	90.70	103
GCL	91.21	135
GCL	91.71	191
GCL	92.21	217
GCL	92.71	242
GCL	93.22	284
GCL	93.72	291
GCL	94.22	378
GCL	94.72	438
GCL	95.23	555
GCL	95.73	666
GCL	96.23	784
GCL	96.73	827
GCL	97.24	893
GCL	97.74	917
GCL	98.24	953
GCL	98.74	958
GCL	99.50	1020
# ACGT content per cycle. Use `grep ^GCC | cut -f 2-` to extract this part. The columns are: cycle; A,C,G,T base counts as a percentage of all A/C/G/T bases [%]; and N and O counts as a percentage of all A/C/G/T bases [%]
GCC	1	10.50	39.65	39.88	9.96	0.00	0.00
GCC	2	24.35	25.31	25.38	24.95	0.00	0.00
GCC	3	21.98	27.94	27.42	22.66	0.00	0.00
GCC	4	22.43	27.84	27.54	22.19	0.03	0.00
GCC	5	25.93	24.29	24.36	25.42	0.00	0.00
GCC	6	25.99	24.54	23.99	25.49	0.00	0.00
GCC	7	26.02	23.53	22.97	27.49	0.00	0.00
GCC	8	23.61	26.73	25.68	23.97	0.00	0.00
GCC	9	23.72	26.29	25.74	24.25	0.00	0.00
GCC	10	26.15	24.06	23.81	25.97	0.00	0.00
GCC	11	20.92	29.32	28.85	20.91	0.00	0.00
GCC	12	21.41	28.61	28.19	21.80	0.00	0.00
GCC	13	22.62	27.53	26.95	22.90	0.00	0.00
GCC	14	23.96	26.27	25.74	24.03	0.00	0.00
GCC	15	23.40	26.75	26.39	23.46	0.00	0.00
GCC	16	22.66	27.60	27.08	22.66	0.00	0.00
GCC	17	23.43	26.77	26.30	23.50	0.00	0.00
GCC	18	23.44	26.66	26.35	23.55	0.00	0.00
GCC	19	22.60	27.46	27.04	22.90	0.00	0.00
GCC	20	23.42	26.58	26.25	23.75	0.00	0.00
GCC	21	23.49	26.62	26.24	23.66	0.00	0.00
GCC	22	22.79	27.28	26.87	23.06	0.00	0.00
GCC	23	23.59	26.57	26.15	23.69	0.00	0.00
GCC	24	23.30	26.71	26.32	23.66	0.00	0.00
GCC	25	22.50	27.56	27.03	22.91	0.00	0.00
GCC	26	23.57	26.64	26.17	23.62	0.00	0.00
GCC	27	23.30	26.78	26.28	23.64	0.00	0.00
GCC	28	22.67	27.42	26.96	22.96	0.00	0.00
GCC	29	23.52	26.57	26.17	23.74	0.00	0.00
GCC	30	23.29	26.85	26.32	23.54	0.00	0.00
GCC	31	22.78	27.29	26.91	23.02	0.00	0.00
GCC	32	23.54	26.53	26.17	23.76	0.00	0.00
GCC	33	23.28	26.81	26.33	23.58	0.00	0.00
GCC	34	22.76	27.40	27.00	22.85	0.00	0.00
GCC	35	23.57	26.57	26.20	23.66	0.00	0.00
GCC	36	23.33	26.79	26.38	23.50	0.00	0.00
GCC	37	22.67	27.28	27.04	23.00	0.00	0.00
GCC	38	23.52	26.58	26.26	23.64	0.00	0.00
GCC	39	23.43	26.70	26.33	23.55	0.00	0.00
GCC	40	22.73	27.40	26.91	22.96	0.00	0.00
GCC	41	23.58	26.46	26.18	23.78	0.00	0.00
GCC	42	23.44	26.68	26.26	23.62	0.00	0.00
GCC	43	22.63	27.38	26.98	23.00	0.00	0.00
GCC	44	23.49	26.62	26.16	23.73	0.00	0.00
GCC	45	23.33	26.68	26.30	23.69	0.00	0.00
GCC	46	22.59	27.53	26.97	22.91	0.00	0.00
GCC	47	23.41	26.58	26.29	23.71	0.00	0.00
GCC	48	23.34	26.72	26.42	23.52	0.00	0.00
GCC	49	22.61	27.35	27.00	23.03	0.00	0.00
GCC	50	23.45	26.53	26.20	23.82	0.00	0.00
GCC	51	23.22	26.80	26.35	23.63	0.00	0.00
GCC	52	22.71	27.35	26.91	23.03	0.00	0.00
GCC	53	23.64	26.53	26.17	23.66	0.00	0.00
GCC	54	23.44	26.71	26.29	23.57	0.04	0.00
GCC	55	22.68	27.33	26.91	23.07	0.00	0.00
GCC	56	23.51	26.48	26.29	23.71	0.00	0.00
GCC	57	23.38	26.67	26.35	23.60	0.00	0.00
GCC	58	22.72	27.38	26.91	22.99	0.00	0.00
GCC	59	23.49	26.54	26.21	23.77	0.00	0.00
GCC	60	23.37	26.77	26.36	23.50	0.00	0.00
GCC	61	22.71	27.38	26.90	23.01	0.00	0.00
GCC	62	23.52	26.60	26.22	23.65	0.00	0.00
GCC	63	23.27	26.76	26.45	23.53	0.00	0.00
GCC	64	22.70	27.32	27.03	22.95	0.00	0.00
GCC	65	23.44	26.54	26.24	23.78	0.00	0.00
GCC	66	23.33	26.73	26.37	23.57	0.00	0.00
GCC	67	22.70	27.39	27.00	22.90	0.00	0.00
GCC	68	23.69	26.53	26.17	23.61	0.00	0.00
GCC	69	23.39	26.64	26.36	23.62	0.00	0.00
GCC	70	22.73	27.36	27.00	22.91	0.00	0.00
GCC	71	23.49	26.55	26.32	23.64	0.00	0.00
GCC	72	23.40	26.67	26.36	23.57	0.00	0.00
GCC	73	22.72	27.44	27.07	22.76	0.00	0.00
GCC	74	23.48	26.53	26.25	23.74	0.00	0.00
GCC	75	23.26	26.79	26.40	23.55	0.00	0.00
GCC	76	22.66	27.46	27.01	22.86	0.00	0.00
GCC	77	23.37	26.61	26.21	23.81	0.00	0.00
GCC	78	23.31	26.74	26.39	23.55	0.00	0.00
GCC	79	22.68	27.35	26.93	23.04	0.00	0.00
GCC	80	23.55	26.61	26.16	23.68	0.00	0.00
GCC	81	23.32	26.76	26.42	23.50	0.00	0.00
GCC	82	22.57	27.41	27.01	23.00	0.00	0.00
GCC	83	23.40	26.64	26.28	23.68	0.00	0.00
GCC	84	23.25	26.81	26.45	23.49	0.00	0.00
GCC	85	22.67	27.29	27.04	23.01	0.00	0.00
GCC	86	23.44	26.64	26.23	23.69	0.00	0.00
GCC	87	23.29	26.76	26.37	23.58	0.00	0.00
GCC	88	22.66	27.33	27.05	22.96	0.00	0.00
GCC	89	23.53	26.59	26.22	23.66	0.00	0.00
GCC	90	23.37	26.81	26.36	23.47	0.00	0.00
GCC	91	22.61	27.54	26.95	22.90	0.00	0.00
GCC	92	23.46	26.70	26.24	23.60	0.00	0.00
GCC	93	23.29	26.72	26.47	23.52	0.00	0.00
GCC	94	22.78	27.38	27.00	22.84	0.00	0.00
GCC	95	23.48	26.54	26.30	23.68	0.00	0.00
GCC	96	23.32	26.75	26.43	23.50	0.00	0.00
GCC	97	22.64	27.33	27.02	23.02	0.00	0.00
GCC	98	23.37	26.62	26.26	23.75	0.00	0.00
GCC	99	23.21	26.77	26.42	23.60	0.00	0.00
GCC	100	22.59	27.34	26.90	23.18	0.00	0.00
GCC	101	23.38	26.66	26.29	23.67	0.00	0.00
GCC	102	23.26	26.76	26.38	23.59	0.00	0.00
GCC	103	22.56	27.44	26.90	23.10	0.00	0.00
GCC	104	23.43	26.64	26.18	23.75	0.00	0.00
GCC	105	23.18	26.73	26.43	23.65	0.00	0.00
GCC	106	22.75	27.34	26.94	22.98	0.00	0.00
GCC	107	23.39	26.61	26.36	23.64	0.00	0.00
GCC	108	23.18	26.80	26.50	23.52	0.00	0.00
GCC	109	22.67	27.37	27.02	22.93	0.00	0.00
GCC	110	23.39	26.63	26.31	23.67	0.00	0.00
GCC	111	23.28	26.82	26.45	23.45	0.00	0.00
GCC	112	22.59	27.48	26.97	22.96	0.00	0.00
GCC	113	23.34	26.75	26.34	23.57	0.00	0.00
GCC	114	23.23	26.68	26.52	23.57	0.00	0.00
GCC	115	22.68	27.42	27.03	22.88	0.00	0.00
GCC	116	23.50	26.78	26.10	23.62	0.00	0.00
GCC	117	23.29	26.78	26.44	23.50	0.00	0.00
GCC	118	22.69	27.37	27.00	22.94	0.00	0.00
GCC	119	23.37	26.77	26.27	23.59	0.00	0.00
GCC	120	23.28	26.90	26.43	23.40	0.00	0.00
GCC	121	22.63	27.44	26.97	22.97	0.00	0.00
GCC	122	23.37	26.93	26.22	23.48	0.00	0.00
GCC	123	23.35	26.83	26.46	23.35	0.00	0.00
GCC	124	22.70	27.50	27.01	22.79	0.00	0.00
GCC	125	23.39	26.82	26.21	23.58	0.00	0.00
GCC	126	23.31	26.84	26.44	23.41	0.00	0.00
GCC	127	22.65	27.47	27.08	22.80	0.00	0.00
GCC	128	23.50	26.69	26.23	23.58	0.00	0.00
GCC	129	23.25	26.90	26.46	23.38	0.00	0.00
GCC	130	22.75	27.43	27.04	22.78	0.00	0.00
GCC	131	23.50	26.74	26.26	23.51	0.00	0.00
GCC	132	23.24	26.93	26.48	23.36	0.00	0.00
GCC	133	22.63	27.51	27.03	22.82	0.00	0.00
GCC	134	23.40	26.81	26.23	23.56	0.00	0.00
GCC	135	23.26	26.82	26.39	23.52	0.00	0.00
GCC	136	22.69	27.53	26.96	22.81	0.00	0.00
GCC	137	23.42	26.77	26.28	23.53	0.00	0.00
GCC	138	23.25	26.89	26.52	23.34	0.00	0.00
GCC	139	22.74	27.45	27.03	22.78	0.00	0.00
GCC	140	23.37	26.82	26.40	23.41	0.00	0.00
GCC	141	23.24	26.88	26.53	23.34	0.00	0.00
GCC	142	22.71	27.49	26.98	22.81	0.00	0.00
GCC	143	23.45	26.67	26.34	23.55	0.00	0.00
GCC	144	23.32	26.89	26.49	23.30	0.00	0.00
GCC	145	22.70	27.45	26.92	22.93	0.00	0.00
GCC	146	23.39	26.66	26.39	23.56	0.03	0.00
GCC	147	23.15	26.96	26.55	23.34	0.00	0.00
GCC	148	22.74	27.44	27.04	22.79	0.00	0.00
GCC	149	23.30	26.84	26.40	23.46	0.00	0.00
GCC	150	23.30	26.87	26.39	23.44	0.00	0.00
GCC	151	22.71	27.38	27.10	22.81	0.00	0.00
# ACGT content per cycle, read oriented. Use `grep ^GCT | cut -f 2-` to extract this part. The columns are: cycle; A,C,G,T base counts as a percentage of all A/C/G/T bases [%]
GCT	1	13.30	33.29	46.25	7.17
GCT	2	16.87	24.57	26.13	32.43
GCT	3	19.65	31.72	23.64	24.98
GCT	4	25.56	24.79	30.60	19.05
GCT	5	30.61	19.84	28.81	20.73
GCT	6	31.62	24.00	24.53	19.86
GCT	7	19.49	23.17	23.32	34.01
GCT	8	21.61	29.56	22.86	25.98
GCT	9	19.58	27.61	24.42	28.39
GCT	10	31.00	21.89	25.98	21.12
GCT	11	22.54	29.49	28.68	19.29
GCT	12	19.96	29.31	27.48	23.25
GCT	13	22.28	27.61	26.86	23.24
GCT	14	23.45	26.35	25.66	24.54
GCT	15	22.93	27.05	26.09	23.93
GCT	16	22.70	27.02	27.66	22.63
GCT	17	23.66	26.64	26.43	23.27
GCT	18	23.45	27.18	25.82	23.55
GCT	19	23.04	27.04	27.46	22.46
GCT	20	23.75	26.36	26.47	23.42
GCT	21	23.54	27.09	25.76	23.60
GCT	22	23.32	26.95	27.20	22.53
GCT	23	23.84	26.40	26.32	23.45
GCT	24	23.29	27.26	25.78	23.67
GCT	25	23.04	27.37	27.23	22.37
GCT	26	23.88	26.38	26.43	23.31
GCT	27	23.42	27.34	25.73	23.51
GCT	28	23.07	27.17	27.20	22.56
GCT	29	23.89	26.39	26.35	23.37
GCT	30	23.30	27.40	25.77	23.53
GCT	31	23.29	27.10	27.11	22.50
GCT	32	23.98	26.31	26.39	23.32
GCT	33	23.34	27.35	25.79	23.52
GCT	34	23.17	27.24	27.15	22.44
GCT	35	23.91	26.40	26.38	23.32
GCT	36	23.30	27.31	25.86	23.54
GCT	37	23.21	27.19	27.13	22.47
GCT	38	23.81	26.37	26.47	23.35
GCT	39	23.53	27.20	25.82	23.45
GCT	40	23.23	27.10	27.21	22.46
GCT	41	23.89	26.31	26.33	23.47
GCT	42	23.52	27.15	25.79	23.54
GCT	43	23.14	27.13	27.24	22.49
GCT	44	23.94	26.39	26.39	23.28
GCT	45	23.41	27.16	25.82	23.61
GCT	46	23.06	27.21	27.29	22.44
GCT	47	23.82	26.41	26.46	23.31
GCT	48	23.49	27.31	25.84	23.37
GCT	49	23.12	27.17	27.19	22.52
GCT	50	23.89	26.36	26.37	23.38
GCT	51	23.39	27.24	25.91	23.46
GCT	52	23.21	27.06	27.20	22.53
GCT	53	24.00	26.27	26.42	23.30
GCT	54	23.48	27.21	25.78	23.53
GCT	55	23.21	27.12	27.13	22.55
GCT	56	23.94	26.38	26.39	23.28
GCT	57	23.41	27.17	25.85	23.57
GCT	58	23.15	27.09	27.19	22.56
GCT	59	23.79	26.27	26.47	23.46
GCT	60	23.35	27.28	25.85	23.52
GCT	61	23.23	27.17	27.11	22.50
GCT	62	23.85	26.33	26.49	23.33
GCT	63	23.32	27.32	25.89	23.48
GCT	64	23.10	27.17	27.18	22.55
GCT	65	23.85	26.34	26.45	23.36
GCT	66	23.36	27.20	25.90	23.54
GCT	67	23.09	27.10	27.29	22.51
GCT	68	23.90	26.22	26.48	23.40
GCT	69	23.33	27.09	25.90	23.68
GCT	70	23.01	27.15	27.22	22.63
GCT	71	23.74	26.29	26.58	23.39
GCT	72	23.37	27.06	25.97	23.60
GCT	73	23.00	27.21	27.30	22.49
GCT	74	23.82	26.20	26.57	23.40
GCT	75	23.33	27.06	26.14	23.48
GCT	76	23.00	27.10	27.37	22.53
GCT	77	23.82	26.15	26.67	23.36
GCT	78	23.40	27.15	25.99	23.46
GCT	79	23.10	26.98	27.30	22.62
GCT	80	23.79	26.21	26.56	23.44
GCT	81	23.27	27.17	26.00	23.55
GCT	82	23.04	27.11	27.31	22.53
GCT	83	23.71	26.24	26.67	23.37
GCT	84	23.26	27.07	26.18	23.48
GCT	85	23.07	26.98	27.34	22.61
GCT	86	23.79	26.29	26.58	23.35
GCT	87	23.38	27.01	26.11	23.49
GCT	88	23.04	27.07	27.31	22.58
GCT	89	23.81	26.27	26.55	23.37
GCT	90	23.26	27.04	26.13	23.57
GCT	91	22.91	27.14	27.36	22.60
GCT	92	23.69	26.23	26.71	23.36
GCT	93	23.28	27.07	26.12	23.53
GCT	94	23.01	27.10	27.29	22.61
GCT	95	23.73	26.17	26.67	23.43
GCT	96	23.25	27.02	26.16	23.57
GCT	97	23.02	26.95	27.39	22.63
GCT	98	23.69	26.17	26.70	23.43
GCT	99	23.26	27.06	26.13	23.55
GCT	100	23.15	26.98	27.26	22.61
GCT	101	23.71	26.20	26.74	23.35
GCT	102	23.23	27.06	26.09	23.63
GCT	103	23.04	26.96	27.39	22.62
GCT	104	23.78	26.08	26.74	23.40
GCT	105	23.26	26.93	26.23	23.57
GCT	106	23.03	26.94	27.34	22.70
GCT	107	23.66	26.19	26.78	23.38
GCT	108	23.21	27.19	26.11	23.50
GCT	109	22.91	27.02	27.37	22.69
GCT	110	23.69	26.29	26.65	23.37
GCT	111	23.23	27.07	26.21	23.50
GCT	112	23.00	26.98	27.47	22.55
GCT	113	23.59	26.36	26.73	23.32
GCT	114	23.21	27.07	26.14	23.58
GCT	115	22.92	27.02	27.43	22.63
GCT	116	23.72	26.16	26.72	23.40
GCT	117	23.21	26.98	26.23	23.57
GCT	118	23.07	26.99	27.38	22.56
GCT	119	23.62	26.20	26.84	23.35
GCT	120	23.15	27.04	26.29	23.52
GCT	121	22.94	27.00	27.41	22.66
GCT	122	23.59	26.31	26.84	23.26
GCT	123	23.20	27.05	26.24	23.51
GCT	124	22.96	27.03	27.48	22.53
GCT	125	23.71	26.28	26.75	23.26
GCT	126	23.13	27.05	26.23	23.59
GCT	127	22.95	27.08	27.47	22.50
GCT	128	23.75	26.19	26.73	23.34
GCT	129	23.16	27.06	26.31	23.47
GCT	130	22.96	27.07	27.40	22.57
GCT	131	23.61	26.24	26.75	23.39
GCT	132	23.17	27.07	26.34	23.42
GCT	133	22.92	27.06	27.49	22.53
GCT	134	23.71	26.21	26.83	23.25
GCT	135	23.30	26.97	26.25	23.48
GCT	136	22.97	27.01	27.48	22.54
GCT	137	23.62	26.14	26.91	23.33
GCT	138	23.17	27.00	26.40	23.42
GCT	139	22.96	26.94	27.54	22.56
GCT	140	23.62	26.33	26.89	23.16
GCT	141	23.25	27.05	26.36	23.33
GCT	142	23.06	27.07	27.41	22.46
GCT	143	23.68	26.19	26.82	23.31
GCT	144	23.17	27.06	26.32	23.45
GCT	145	23.00	26.97	27.41	22.63
GCT	146	23.63	26.27	26.78	23.32
GCT	147	23.06	27.02	26.49	23.43
GCT	148	22.96	27.00	27.47	22.56
GCT	149	23.60	26.28	26.96	23.16
GCT	150	23.28	27.00	26.25	23.46
GCT	151	22.92	26.94	27.54	22.60
# ACGT content per cycle for first fragments. Use `grep ^FBC | cut -f 2-` to extract this part. The columns are: cycle; A,C,G,T base counts as a percentage of all A/C/G/T bases [%]; and N and O counts as a percentage of all A/C/G/T bases [%]
FBC	1	13.07	37.16	37.94	11.82	0.00	0.00
FBC	2	24.89	24.37	24.43	26.31	0.00	0.00
FBC	3	23.73	26.25	25.11	24.91	0.00	0.00
FBC	4	23.68	27.05	26.54	22.73	0.06	0.00
FBC	5	26.65	23.98	24.33	25.04	0.00	0.00
FBC	6	26.49	24.75	23.82	24.94	0.00	0.00
FBC	7	23.69	25.49	24.47	26.34	0.00	0.00
FBC	8	22.11	28.47	26.54	22.87	0.00	0.00
FBC	9	22.54	27.57	26.39	23.51	0.00	0.00
FBC	10	26.05	24.72	24.33	24.90	0.00	0.00
FBC	11	20.58	30.05	29.05	20.32	0.00	0.00
FBC	12	21.04	29.04	28.21	21.71	0.00	0.00
FBC	13	22.66	27.65	26.59	23.10	0.00	0.00
FBC	14	23.69	26.64	25.71	23.97	0.00	0.00
FBC	15	23.36	26.86	26.15	23.63	0.00	0.00
FBC	16	22.71	27.66	26.91	22.72	0.01	0.00
FBC	17	23.13	27.18	26.39	23.30	0.00	0.00
FBC	18	23.39	26.90	26.17	23.54	0.00	0.00
FBC	19	22.55	27.55	26.85	23.06	0.00	0.00
FBC	20	23.09	27.13	26.31	23.47	0.00	0.00
FBC	21	23.56	26.78	25.97	23.69	0.00	0.00
FBC	22	22.85	27.27	26.65	23.24	0.00	0.00
FBC	23	23.36	26.92	26.21	23.52	0.00	0.00
FBC	24	23.31	26.76	26.20	23.72	0.00	0.00
FBC	25	22.47	27.70	26.77	23.06	0.00	0.00
FBC	26	23.35	26.93	26.24	23.48	0.00	0.00
FBC	27	23.37	26.81	25.97	23.84	0.00	0.00
FBC	28	22.68	27.45	26.69	23.19	0.00	0.00
FBC	29	23.43	26.80	26.17	23.60	0.00	0.00
FBC	30	23.38	26.95	26.04	23.63	0.00	0.00
FBC	31	22.92	27.40	26.49	23.19	0.00	0.00
FBC	32	23.49	26.79	26.07	23.65	0.00	0.00
FBC	33	23.37	26.81	25.98	23.83	0.00	0.00
FBC	34	22.84	27.50	26.61	23.05	0.00	0.00
FBC	35	23.45	26.89	26.13	23.54	0.00	0.00
FBC	36	23.44	26.95	25.93	23.68	0.00	0.00
FBC	37	22.74	27.39	26.73	23.15	0.00	0.00
FBC	38	23.34	26.92	26.18	23.56	0.00	0.00
FBC	39	23.56	26.87	25.95	23.62	0.00	0.00
FBC	40	22.90	27.56	26.51	23.03	0.00	0.00
FBC	41	23.42	26.83	26.07	23.68	0.00	0.00
FBC	42	23.55	26.82	25.87	23.76	0.00	0.00
FBC	43	22.70	27.44	26.73	23.13	0.00	0.00
FBC	44	23.41	26.88	26.14	23.57	0.00	0.00
FBC	45	23.40	26.76	25.99	23.84	0.00	0.00
FBC	46	22.73	27.53	26.63	23.11	0.00	0.00
FBC	47	23.27	26.90	26.26	23.58	0.00	0.00
FBC	48	23.41	26.90	26.07	23.62	0.00	0.00
FBC	49	22.78	27.41	26.68	23.13	0.00	0.00
FBC	50	23.27	26.97	26.13	23.64	0.00	0.00
FBC	51	23.31	26.91	26.06	23.73	0.00	0.00
FBC	52	22.85	27.36	26.65	23.13	0.00	0.00
FBC	53	23.47	26.92	26.13	23.49	0.01	0.00
FBC	54	23.46	26.88	25.97	23.69	0.08	0.00
FBC	55	22.74	27.45	26.59	23.22	0.01	0.00
FBC	56	23.36	26.79	26.22	23.62	0.00	0.00
FBC	57	23.38	26.74	26.12	23.76	0.00	0.00
FBC	58	22.77	27.41	26.70	23.13	0.00	0.00
FBC	59	23.33	26.78	26.22	23.67	0.00	0.00
FBC	60	23.37	26.94	26.07	23.61	0.00	0.00
FBC	61	22.75	27.45	26.68	23.12	0.00	0.00
FBC	62	23.36	26.77	26.25	23.61	0.00	0.00
FBC	63	23.34	26.88	26.09	23.69	0.00	0.00
FBC	64	22.76	27.36	26.78	23.10	0.00	0.00
FBC	65	23.25	26.85	26.25	23.65	0.00	0.00
FBC	66	23.41	26.86	26.00	23.73	0.00	0.00
FBC	67	22.66	27.54	26.76	23.04	0.00	0.00
FBC	68	23.51	26.77	26.20	23.52	0.00	0.00
FBC	69	23.33	26.83	26.08	23.77	0.00	0.00
FBC	70	22.66	27.53	26.74	23.06	0.00	0.00
FBC	71	23.28	26.88	26.41	23.43	0.00	0.00
FBC	72	23.40	26.86	26.09	23.66	0.00	0.00
FBC	73	22.67	27.55	26.83	22.95	0.00	0.00
FBC	74	23.21	26.82	26.31	23.66	0.00	0.00
FBC	75	23.34	26.83	26.19	23.64	0.00	0.00
FBC	76	22.73	27.47	26.77	23.04	0.00	0.00
FBC	77	23.17	26.92	26.17	23.74	0.00	0.00
FBC	78	23.38	26.81	26.16	23.65	0.00	0.00
FBC	79	22.64	27.44	26.73	23.19	0.00	0.00
FBC	80	23.35	26.88	26.13	23.64	0.00	0.00
FBC	81	23.39	26.78	26.14	23.69	0.00	0.00
FBC	82	22.56	27.48	26.83	23.13	0.00	0.00
FBC	83	23.13	26.96	26.31	23.60	0.00	0.00
FBC	84	23.29	27.00	26.13	23.57	0.00	0.00
FBC	85	22.69	27.42	26.84	23.05	0.00	0.00
FBC	86	23.23	27.01	26.25	23.51	0.00	0.00
FBC	87	23.30	26.94	26.06	23.71	0.00	0.00
FBC	88	22.70	27.47	26.73	23.11	0.00	0.00
FBC	89	23.27	26.85	26.29	23.59	0.00	0.00
FBC	90	23.25	26.94	26.28	23.53	0.00	0.00
FBC	91	22.53	27.72	26.71	23.04	0.00	0.00
FBC	92	23.16	27.05	26.34	23.45	0.00	0.00
FBC	93	23.30	26.89	26.25	23.56	0.00	0.00
FBC	94	22.80	27.44	26.85	22.91	0.00	0.00
FBC	95	23.28	26.89	26.28	23.55	0.00	0.00
FBC	96	23.20	26.92	26.15	23.72	0.00	0.00
FBC	97	22.52	27.47	26.88	23.14	0.00	0.00
FBC	98	23.04	27.06	26.27	23.63	0.00	0.00
FBC	99	23.17	26.93	26.18	23.72	0.00	0.00
FBC	100	22.64	27.44	26.65	23.27	0.00	0.00
FBC	101	23.17	27.00	26.38	23.45	0.00	0.00
FBC	102	23.19	26.95	26.07	23.78	0.00	0.00
FBC	103	22.55	27.49	26.70	23.27	0.00	0.00
FBC	104	23.15	26.93	26.24	23.69	0.00	0.00
FBC	105	23.16	26.94	26.11	23.80	0.00	0.00
FBC	106	22.63	27.51	26.68	23.18	0.00	0.00
FBC	107	23.09	26.97	26.29	23.65	0.00	0.00
FBC	108	23.14	27.00	26.22	23.64	0.00	0.00
FBC	109	22.65	27.39	26.80	23.16	0.00	0.00
FBC	110	23.18	26.90	26.35	23.57	0.00	0.00
FBC	111	23.26	26.95	26.22	23.57	0.00	0.00
FBC	112	22.57	27.58	26.78	23.07	0.00	0.00
FBC	113	23.04	27.17	26.42	23.38	0.00	0.00
FBC	114	23.10	26.86	26.25	23.79	0.01	0.00
FBC	115	22.59	27.62	26.87	22.92	0.00	0.00
FBC	116	23.22	27.05	26.15	23.59	0.00	0.00
FBC	117	23.16	26.99	26.18	23.66	0.00	0.00
FBC	118	22.65	27.48	26.85	23.02	0.00	0.00
FBC	119	23.20	27.07	26.26	23.46	0.00	0.00
FBC	120	23.20	27.07	26.24	23.49	0.00	0.00
FBC	121	22.61	27.52	26.83	23.04	0.00	0.00
FBC	122	23.12	27.33	26.25	23.29	0.00	0.00
FBC	123	23.42	27.01	26.22	23.35	0.00	0.00
FBC	124	22.68	27.67	26.82	22.82	0.00	0.00
FBC	125	23.10	27.25	26.27	23.38	0.00	0.00
FBC	126	23.21	27.08	26.16	23.55	0.00	0.00
FBC	127	22.58	27.70	26.88	22.83	0.00	0.00
FBC	128	23.19	27.08	26.35	23.37	0.00	0.00
FBC	129	23.22	27.12	26.27	23.38	0.00	0.00
FBC	130	22.77	27.51	26.96	22.76	0.00	0.00
FBC	131	23.16	27.17	26.32	23.35	0.00	0.00
FBC	132	23.03	27.22	26.39	23.36	0.00	0.00
FBC	133	22.57	27.71	26.91	22.82	0.00	0.00
FBC	134	23.15	27.11	26.40	23.34	0.00	0.00
FBC	135	23.25	26.95	26.27	23.53	0.00	0.00
FBC	136	22.58	27.74	26.85	22.82	0.00	0.00
FBC	137	23.15	27.13	26.35	23.37	0.00	0.00
FBC	138	23.24	26.99	26.40	23.37	0.00	0.00
FBC	139	22.73	27.53	26.93	22.81	0.00	0.00
FBC	140	23.16	27.18	26.39	23.27	0.00	0.00
FBC	141	23.18	27.15	26.33	23.34	0.00	0.00
FBC	142	22.79	27.61	26.80	22.80	0.00	0.00
FBC	143	23.24	26.98	26.37	23.41	0.00	0.00
FBC	144	23.33	26.98	26.28	23.41	0.00	0.00
FBC	145	22.71	27.55	26.78	22.96	0.00	0.00
FBC	146	23.19	27.09	26.32	23.41	0.06	0.00
FBC	147	23.15	27.12	26.32	23.41	0.00	0.00
FBC	148	22.64	27.66	26.84	22.86	0.00	0.00
FBC	149	23.15	27.22	26.39	23.24	0.00	0.00
FBC	150	23.29	27.03	26.19	23.49	0.00	0.00
FBC	151	22.75	27.52	26.88	22.85	0.00	0.00
# ACGT raw counters for first fragments. Use `grep ^FTC | cut -f 2-` to extract this part. The columns are: A,C,G,T,N base counters
FTC	772017646	908863863	883973570	781933373	57253
# ACGT content per cycle for last fragments. Use `grep ^LBC | cut -f 2-` to extract this part. The columns are: cycle; A,C,G,T base counts as a percentage of all A/C/G/T bases [%]; and N and O counts as a percentage of all A/C/G/T bases [%]
LBC	1	7.93	42.14	41.82	8.11	0.00	0.00
LBC	2	23.81	26.26	26.33	23.60	0.00	0.00
LBC	3	20.23	29.63	29.74	20.41	0.00	0.00
LBC	4	21.17	28.64	28.55	21.65	0.00	0.00
LBC	5	25.20	24.60	24.40	25.80	0.00	0.00
LBC	6	25.49	24.32	24.15	26.03	0.00	0.00
LBC	7	28.34	21.56	21.47	28.63	0.00	0.00
LBC	8	25.11	25.00	24.81	25.08	0.00	0.00
LBC	9	24.91	25.01	25.09	24.99	0.00	0.00
LBC	10	26.26	23.41	23.30	27.04	0.00	0.00
LBC	11	21.26	28.59	28.65	21.50	0.00	0.00
LBC	12	21.78	28.17	28.17	21.88	0.00	0.00
LBC	13	22.58	27.41	27.31	22.70	0.00	0.00
LBC	14	24.24	25.90	25.77	24.09	0.00	0.00
LBC	15	23.44	26.64	26.63	23.29	0.00	0.00
LBC	16	22.61	27.53	27.25	22.61	0.00	0.00
LBC	17	23.72	26.37	26.20	23.71	0.00	0.00
LBC	18	23.49	26.41	26.53	23.57	0.00	0.00
LBC	19	22.66	27.37	27.24	22.74	0.00	0.00
LBC	20	23.74	26.04	26.19	24.03	0.00	0.00
LBC	21	23.42	26.45	26.50	23.62	0.00	0.00
LBC	22	22.72	27.30	27.09	22.88	0.00	0.00
LBC	23	23.82	26.22	26.08	23.87	0.00	0.00
LBC	24	23.30	26.67	26.45	23.59	0.00	0.00
LBC	25	22.53	27.42	27.29	22.75	0.00	0.00
LBC	26	23.79	26.34	26.11	23.76	0.00	0.00
LBC	27	23.22	26.75	26.59	23.43	0.00	0.00
LBC	28	22.66	27.39	27.23	22.72	0.00	0.00
LBC	29	23.61	26.33	26.17	23.88	0.00	0.00
LBC	30	23.20	26.75	26.61	23.44	0.00	0.00
LBC	31	22.63	27.19	27.33	22.85	0.00	0.00
LBC	32	23.59	26.27	26.27	23.86	0.00	0.00
LBC	33	23.19	26.81	26.67	23.33	0.00	0.00
LBC	34	22.68	27.29	27.38	22.65	0.00	0.00
LBC	35	23.69	26.26	26.27	23.79	0.00	0.00
LBC	36	23.23	26.63	26.82	23.32	0.00	0.00
LBC	37	22.61	27.18	27.35	22.86	0.00	0.00
LBC	38	23.71	26.24	26.34	23.71	0.00	0.00
LBC	39	23.30	26.52	26.71	23.47	0.00	0.00
LBC	40	22.57	27.24	27.32	22.88	0.00	0.00
LBC	41	23.75	26.08	26.30	23.88	0.00	0.00
LBC	42	23.32	26.54	26.65	23.49	0.00	0.00
LBC	43	22.55	27.33	27.24	22.88	0.00	0.00
LBC	44	23.56	26.35	26.19	23.90	0.00	0.00
LBC	45	23.26	26.59	26.60	23.54	0.00	0.00
LBC	46	22.46	27.52	27.31	22.71	0.00	0.00
LBC	47	23.56	26.27	26.33	23.85	0.00	0.00
LBC	48	23.27	26.55	26.77	23.41	0.00	0.00
LBC	49	22.45	27.30	27.32	22.94	0.00	0.00
LBC	50	23.62	26.09	26.28	24.00	0.00	0.00
LBC	51	23.13	26.69	26.64	23.54	0.00	0.00
LBC	52	22.57	27.34	27.16	22.94	0.00	0.00
LBC	53	23.82	26.15	26.21	23.83	0.00	0.00
LBC	54	23.41	26.53	26.61	23.45	0.00	0.00
LBC	55	22.62	27.22	27.23	22.93	0.00	0.00
LBC	56	23.66	26.18	26.36	23.81	0.00	0.00
LBC	57	23.38	26.60	26.58	23.43	0.00	0.00
LBC	58	22.68	27.34	27.12	22.86	0.00	0.00
LBC	59	23.64	26.29	26.19	23.87	0.00	0.00
LBC	60	23.36	26.60	26.65	23.39	0.00	0.00
LBC	61	22.68	27.30	27.13	22.89	0.00	0.00
LBC	62	23.69	26.42	26.20	23.70	0.00	0.00
LBC	63	23.19	26.64	26.80	23.37	0.00	0.00
LBC	64	22.63	27.28	27.28	22.80	0.00	0.00
LBC	65	23.63	26.24	26.23	23.91	0.00	0.00
LBC	66	23.24	26.61	26.74	23.41	0.00	0.00
LBC	67	22.74	27.24	27.25	22.77	0.00	0.00
LBC	68	23.86	26.29	26.15	23.70	0.00	0.00
LBC	69	23.44	26.45	26.65	23.46	0.00	0.00
LBC	70	22.79	27.19	27.26	22.76	0.00	0.00
LBC	71	23.70	26.21	26.23	23.86	0.00	0.00
LBC	72	23.40	26.48	26.63	23.49	0.00	0.00
LBC	73	22.77	27.34	27.32	22.57	0.00	0.00
LBC	74	23.75	26.23	26.19	23.83	0.00	0.00
LBC	75	23.18	26.75	26.62	23.45	0.00	0.00
LBC	76	22.60	27.45	27.26	22.69	0.00	0.00
LBC	77	23.57	26.31	26.24	23.89	0.00	0.00
LBC	78	23.24	26.68	26.63	23.45	0.00	0.00
LBC	79	22.72	27.26	27.13	22.89	0.00	0.00
LBC	80	23.74	26.34	26.19	23.73	0.00	0.00
LBC	81	23.25	26.74	26.70	23.32	0.00	0.00
LBC	82	22.59	27.34	27.19	22.87	0.00	0.00
LBC	83	23.68	26.32	26.25	23.76	0.00	0.00
LBC	84	23.20	26.63	26.76	23.41	0.00	0.00
LBC	85	22.64	27.15	27.23	22.97	0.00	0.00
LBC	86	23.66	26.26	26.20	23.88	0.00	0.00
LBC	87	23.28	26.58	26.67	23.46	0.00	0.00
LBC	88	22.63	27.19	27.37	22.82	0.00	0.00
LBC	89	23.78	26.33	26.16	23.73	0.00	0.00
LBC	90	23.48	26.67	26.45	23.40	0.00	0.00
LBC	91	22.69	27.36	27.19	22.76	0.00	0.00
LBC	92	23.75	26.35	26.15	23.74	0.00	0.00
LBC	93	23.28	26.55	26.68	23.48	0.00	0.00
LBC	94	22.75	27.32	27.16	22.77	0.00	0.00
LBC	95	23.68	26.19	26.31	23.82	0.00	0.00
LBC	96	23.44	26.58	26.71	23.28	0.00	0.00
LBC	97	22.76	27.19	27.15	22.89	0.00	0.00
LBC	98	23.70	26.18	26.24	23.88	0.00	0.00
LBC	99	23.24	26.62	26.66	23.48	0.00	0.00
LBC	100	22.53	27.23	27.15	23.09	0.00	0.00
LBC	101	23.59	26.32	26.20	23.89	0.00	0.00
LBC	102	23.34	26.57	26.70	23.40	0.00	0.00
LBC	103	22.57	27.39	27.10	22.93	0.00	0.00
LBC	104	23.72	26.34	26.12	23.82	0.00	0.00
LBC	105	23.21	26.52	26.76	23.51	0.00	0.00
LBC	106	22.87	27.16	27.19	22.78	0.00	0.00
LBC	107	23.69	26.25	26.42	23.64	0.01	0.00
LBC	108	23.22	26.59	26.78	23.40	0.00	0.00
LBC	109	22.69	27.35	27.24	22.71	0.00	0.00
LBC	110	23.60	26.37	26.26	23.77	0.00	0.00
LBC	111	23.29	26.70	26.69	23.33	0.00	0.00
LBC	112	22.62	27.38	27.15	22.84	0.00	0.00
LBC	113	23.64	26.33	26.26	23.77	0.00	0.00
LBC	114	23.35	26.50	26.79	23.36	0.00	0.00
LBC	115	22.76	27.21	27.19	22.84	0.00	0.00
LBC	116	23.78	26.51	26.06	23.65	0.00	0.00
LBC	117	23.41	26.57	26.69	23.34	0.00	0.00
LBC	118	22.73	27.27	27.14	22.87	0.00	0.00
LBC	119	23.54	26.46	26.28	23.72	0.00	0.00
LBC	120	23.36	26.72	26.61	23.31	0.00	0.00
LBC	121	22.64	27.36	27.10	22.90	0.00	0.00
LBC	122	23.61	26.53	26.19	23.67	0.00	0.00
LBC	123	23.28	26.66	26.70	23.36	0.00	0.00
LBC	124	22.72	27.33	27.20	22.76	0.00	0.00
LBC	125	23.68	26.39	26.15	23.78	0.00	0.00
LBC	126	23.41	26.60	26.73	23.27	0.00	0.00
LBC	127	22.71	27.23	27.28	22.78	0.00	0.00
LBC	128	23.81	26.30	26.10	23.79	0.00	0.00
LBC	129	23.28	26.68	26.66	23.37	0.00	0.00
LBC	130	22.73	27.34	27.13	22.80	0.00	0.00
LBC	131	23.85	26.30	26.19	23.66	0.00	0.00
LBC	132	23.45	26.64	26.56	23.35	0.00	0.00
LBC	133	22.70	27.32	27.15	22.83	0.00	0.00
LBC	134	23.65	26.52	26.05	23.78	0.00	0.00
LBC	135	23.27	26.70	26.51	23.51	0.00	0.00
LBC	136	22.81	27.33	27.06	22.80	0.00	0.00
LBC	137	23.70	26.40	26.21	23.69	0.00	0.00
LBC	138	23.26	26.78	26.64	23.32	0.00	0.00
LBC	139	22.75	27.37	27.13	22.75	0.00	0.00
LBC	140	23.59	26.45	26.42	23.54	0.00	0.00
LBC	141	23.31	26.61	26.73	23.35	0.00	0.00
LBC	142	22.63	27.38	27.17	22.82	0.00	0.00
LBC	143	23.66	26.36	26.31	23.68	0.00	0.00
LBC	144	23.31	26.79	26.71	23.19	0.00	0.00
LBC	145	22.69	27.35	27.07	22.90	0.00	0.00
LBC	146	23.59	26.22	26.46	23.72	0.00	0.00
LBC	147	23.16	26.79	26.79	23.26	0.00	0.00
LBC	148	22.84	27.22	27.23	22.71	0.00	0.00
LBC	149	23.44	26.46	26.41	23.69	0.00	0.00
LBC	150	23.31	26.70	26.59	23.40	0.00	0.00
LBC	151	22.67	27.23	27.33	22.77	0.00	0.00
# ACGT raw counters for last fragments. Use `grep ^LTC | cut -f 2-` to extract this part. The columns are: A,C,G,T,N base counters
LTC	775496237	896694241	895179789	779956291	4687
# Insert sizes. Use `grep ^IS | cut -f 2-` to extract this part. The columns are: insert size, pairs total, inward oriented pairs, outward oriented pairs, other pairs
IS	0	12463	3170	5268	4025
IS	1	0	0	0	0
IS	2	0	0	0	0
IS	3	0	0	0	0
IS	4	0	0	0	0
IS	5	0	0	0	0
IS	6	0	0	0	0
IS	7	0	0	0	0
IS	8	0	0	0	0
IS	9	0	0	0	0
IS	10	0	0	0	0
IS	11	0	0	0	0
IS	12	0	0	0	0
IS	13	0	0	0	0
IS	14	0	0	0	0
IS	15	0	0	0	0
IS	16	0	0	0	0
IS	17	0	0	0	0
IS	18	0	0	0	0
IS	19	0	0	0	0
IS	20	0	0	0	0
IS	21	0	0	0	0
IS	22	0	0	0	0
IS	23	0	0	0	0
IS	24	0	0	0	0
IS	25	0	0	0	0
IS	26	0	0	0	0
IS	27	0	0	0	0
IS	28	0	0	0	0
IS	29	0	0	0	0
IS	30	0	0	0	0
IS	31	0	0	0	0
IS	32	0	0	0	0
IS	33	0	0	0	0
IS	34	0	0	0	0
IS	35	79	45	34	0
IS	36	94	53	41	0
IS	37	120	61	59	0
IS	38	98	54	44	0
IS	39	147	80	67	0
IS	40	150	89	61	0
IS	41	163	85	78	0
IS	42	171	94	77	0
IS	43	147	80	67	0
IS	44	162	82	80	0
IS	45	179	117	62	0
IS	46	219	116	103	0
IS	47	234	126	108	0
IS	48	290	161	129	0
IS	49	322	164	158	0
IS	50	340	178	162	0
IS	51	405	215	190	0
IS	52	447	253	194	0
IS	53	433	234	199	0
IS	54	440	224	216	0
IS	55	473	278	195	0
IS	56	487	265	222	0
IS	57	594	345	249	0
IS	58	732	392	340	0
IS	59	798	451	347	0
IS	60	937	517	420	0
IS	61	1031	550	481	0
IS	62	1069	598	471	0
IS	63	1192	662	530	0
IS	64	1226	672	554	0
IS	65	1380	745	635	0
IS	66	1493	833	660	0
IS	67	1629	931	698	0
IS	68	1786	945	841	0
IS	69	1988	1106	882	0
IS	70	2320	1256	1064	0
IS	71	2537	1421	1116	0
IS	72	2951	1650	1301	0
IS	73	3374	1921	1453	0
IS	74	3623	2011	1612	0
IS	75	3888	2160	1728	0
IS	76	4483	2461	2022	0
IS	77	4699	2507	2192	0
IS	78	5335	2967	2368	0
IS	79	5970	3293	2677	0
IS	80	6602	3646	2956	0
IS	81	7242	3939	3303	0
IS	82	8276	4586	3690	0
IS	83	9197	5066	4131	0
IS	84	10259	5497	4762	0
IS	85	11249	6133	5116	0
IS	86	12349	6807	5542	0
IS	87	13459	7317	6142	0
IS	88	14924	8271	6653	0
IS	89	16172	8949	7223	0
IS	90	17717	9745	7972	0
IS	91	19396	10616	8780	0
IS	92	21696	11990	9706	0
IS	93	23727	13054	10673	0
IS	94	26539	14633	11906	0
IS	95	27940	15286	12654	0
IS	96	29940	16507	13433	0
IS	97	32143	17564	14579	0
IS	98	34123	18606	15517	0
IS	99	36717	20108	16609	0
IS	100	39985	22037	17948	0
IS	101	41449	22837	18612	0
IS	102	45383	24860	20523	0
IS	103	48586	26701	21885	0
IS	104	50754	27674	23080	0
IS	105	53865	29562	24303	0
IS	106	56816	31070	25746	0
IS	107	58665	32024	26641	0
IS	108	62196	33957	28239	0
IS	109	64199	35333	28866	0
IS	110	66088	36002	30086	0
IS	111	69991	38255	31736	0
IS	112	73422	40239	33183	0
IS	113	75710	41364	34346	0
IS	114	80047	43514	36533	0
IS	115	82535	45070	37465	0
IS	116	84059	45769	38290	0
IS	117	86166	46689	39477	0
IS	118	89320	48582	40738	0
IS	119	89613	49121	40492	0
IS	120	93034	50957	42077	0
IS	121	94717	51777	42940	0
IS	122	97748	53582	44166	0
IS	123	100184	54904	45280	0
IS	124	104150	57296	46854	0
IS	125	104933	57529	47404	0
IS	126	107363	58785	48578	0
IS	127	109585	60481	49104	0
IS	128	109011	59586	49425	0
IS	129	111688	60894	50794	0
IS	130	114096	62401	51695	0
IS	131	112600	61733	50867	0
IS	132	116300	63060	53240	0
IS	133	118983	65178	53805	0
IS	134	119233	65022	54211	0
IS	135	122043	66724	55319	0
IS	136	124161	68108	56053	0
IS	137	122924	67332	55592	0
IS	138	123321	67683	55638	0
IS	139	124875	68964	55911	0
IS	140	123965	67971	55994	0
IS	141	125652	68913	56739	0
IS	142	128879	70827	58052	0
IS	143	127181	69948	57233	0
IS	144	128566	70414	58152	0
IS	145	131826	72309	59517	0
IS	146	129150	70796	58354	0
IS	147	131486	72480	59006	0
IS	148	132145	72655	59490	0
IS	149	128932	70604	58328	0
IS	150	130046	71476	58570	0
IS	151	138173	79080	59093	0
IS	152	141637	135964	5673	0
IS	153	143791	140107	3684	0
IS	154	146857	144073	2784	0
IS	155	144146	142031	2115	0
IS	156	145657	144043	1614	0
IS	157	145352	143700	1652	0
IS	158	145084	143464	1620	0
IS	159	143451	141900	1551	0
IS	160	144782	143223	1559	0
IS	161	142184	140726	1458	0
IS	162	143809	142358	1451	0
IS	163	144575	143087	1488	0
IS	164	144451	142960	1491	0
IS	165	145265	143640	1625	0
IS	166	145542	143898	1644	0
IS	167	143665	141950	1715	0
IS	168	144808	143091	1717	0
IS	169	143732	141901	1831	0
IS	170	139882	137820	2062	0
IS	171	140785	138671	2114	0
IS	172	142285	140231	2054	0
IS	173	140639	138281	2358	0
IS	174	142137	139991	2146	0
IS	175	142584	140158	2426	0
IS	176	139988	137511	2477	0
IS	177	140055	137516	2539	0
IS	178	140451	137837	2614	0
IS	179	137549	134740	2809	0
IS	180	137281	134420	2861	0
IS	181	137500	134635	2865	0
IS	182	133837	130893	2944	0
IS	183	135409	132397	3012	0
IS	184	135705	132442	3263	0
IS	185	134536	131298	3238	0
IS	186	135449	132124	3325	0
IS	187	136097	132452	3645	0
IS	188	132869	129333	3536	0
IS	189	132425	128868	3557	0
IS	190	130967	127136	3831	0
IS	191	129609	125659	3950	0
IS	192	129887	125806	4081	0
IS	193	128984	124853	4131	0
IS	194	127612	123643	3969	0
IS	195	129789	125243	4546	0
IS	196	128473	124040	4433	0
IS	197	126079	121810	4269	0
IS	198	125600	121269	4331	0
IS	199	124737	120198	4539	0
IS	200	123210	118689	4521	0
IS	201	122711	118213	4498	0
IS	202	121809	117487	4322	0
IS	203	119935	115476	4459	0
IS	204	119280	114678	4602	0
IS	205	119228	114686	4542	0
IS	206	116826	112407	4419	0
IS	207	115905	111555	4350	0
IS	208	115873	111564	4309	0
IS	209	111377	107294	4083	0
IS	210	110817	106881	3936	0
IS	211	108427	104647	3780	0
IS	212	104465	100958	3507	0
IS	213	103654	100582	3072	0
IS	214	103899	100900	2999	0
IS	215	100101	97193	2908	0
IS	216	99038	96453	2585	0
IS	217	97870	95483	2387	0
IS	218	96708	93343	3365	0
IS	219	95592	92496	3096	0
IS	220	92935	90804	2131	0
IS	221	89013	87044	1969	0
IS	222	87711	86031	1680	0
IS	223	88089	86595	1494	0
IS	224	86007	84524	1483	0
IS	225	85554	84217	1337	0
IS	226	85293	84008	1285	0
IS	227	83946	82738	1208	0
IS	228	82836	81608	1228	0
IS	229	81192	80136	1056	0
IS	230	79017	77999	1018	0
IS	231	77864	76791	1073	0
IS	232	77704	76758	946	0
IS	233	75475	74454	1021	0
IS	234	74701	73698	1003	0
IS	235	74633	73676	957	0
IS	236	73622	72710	912	0
IS	237	73529	72597	932	0
IS	238	73204	72216	988	0
IS	239	71643	70680	963	0
IS	240	71628	70648	980	0
IS	241	70129	69185	944	0
IS	242	68417	67502	915	0
IS	243	66768	65809	959	0
IS	244	66949	66047	902	0
IS	245	65110	64241	869	0
IS	246	65829	64991	838	0
IS	247	66033	65166	867	0
IS	248	65015	64133	882	0
IS	249	64393	63551	842	0
IS	250	63018	62056	962	0
IS	251	61136	60127	1009	0
IS	252	60398	59500	898	0
IS	253	60241	59369	872	0
IS	254	57405	56535	870	0
IS	255	58632	57757	875	0
IS	256	58062	57122	940	0
IS	257	57126	56254	872	0
IS	258	57446	56616	830	0
IS	259	57026	56096	930	0
IS	260	55384	54470	914	0
IS	261	54541	53649	892	0
IS	262	54011	53108	903	0
IS	263	52131	51332	799	0
IS	264	51866	50994	872	0
IS	265	51719	50885	834	0
IS	266	51306	50456	850	0
IS	267	51513	50616	897	0
IS	268	51047	50194	853	0
IS	269	49784	48936	848	0
IS	270	48947	48137	810	0
IS	271	47866	47052	814	0
IS	272	47008	46241	767	0
IS	273	46670	45901	769	0
IS	274	45926	45147	779	0
IS	275	45747	45018	729	0
IS	276	44386	43556	830	0
IS	277	44859	44086	773	0
IS	278	43466	42699	767	0
IS	279	44159	43323	836	0
IS	280	43202	42417	785	0
IS	281	41753	41001	752	0
IS	282	41616	40897	719	0
IS	283	40698	39994	704	0
IS	284	39414	38783	631	0
IS	285	38730	38078	652	0
IS	286	39215	38493	722	0
IS	287	38110	37392	718	0
IS	288	38185	37484	701	0
IS	289	37344	36772	572	0
IS	290	37083	36451	632	0
IS	291	37136	36504	632	0
IS	292	36191	35605	586	0
IS	293	35659	34911	748	0
IS	294	34693	34012	681	0
IS	295	34732	34092	640	0
IS	296	33748	33043	705	0
IS	297	33610	32958	652	0
IS	298	33907	32864	1043	0
IS	299	32997	32179	818	0
IS	300	32832	32050	782	0
IS	301	33003	32209	794	0
IS	302	32145	31162	983	0
IS	303	31133	30391	742	0
IS	304	30284	29635	649	0
IS	305	29325	28750	575	0
IS	306	29357	28784	573	0
IS	307	28786	28233	553	0
IS	308	28849	28025	824	0
IS	309	28318	27563	755	0
IS	310	28222	27630	592	0
IS	311	27252	26710	542	0
IS	312	26841	26334	507	0
IS	313	26617	26045	572	0
IS	314	25872	25265	607	0
IS	315	25669	25056	613	0
IS	316	24689	24163	526	0
IS	317	24378	23787	591	0
IS	318	24260	23658	602	0
IS	319	24015	23477	538	0
IS	320	23572	23055	517	0
IS	321	23151	22548	603	0
IS	322	22903	22425	478	0
IS	323	22677	22108	569	0
IS	324	21934	21432	502	0
IS	325	21938	21419	519	0
IS	326	21122	20616	506	0
IS	327	21018	20536	482	0
IS	328	20407	19889	518	0
IS	329	20212	19689	523	0
IS	330	19762	19257	505	0
IS	331	19865	19350	515	0
IS	332	19481	18978	503	0
IS	333	19407	18829	578	0
IS	334	18943	18372	571	0
IS	335	18778	18224	554	0
IS	336	18120	17447	673	0
IS	337	18169	17678	491	0
IS	338	17727	17255	472	0
IS	339	17375	16867	508	0
IS	340	17588	17142	446	0
IS	341	16677	16240	437	0
IS	342	16855	16355	500	0
IS	343	16592	16114	478	0
IS	344	15872	15507	365	0
IS	345	15434	15099	335	0
IS	346	15291	14942	349	0
IS	347	14560	14205	355	0
IS	348	14533	14234	299	0
IS	349	14370	14039	331	0
IS	350	14333	13991	342	0
IS	351	14358	14032	326	0
IS	352	14034	13766	268	0
IS	353	13543	13256	287	0
IS	354	13485	13193	292	0
IS	355	13298	12994	304	0
IS	356	12901	12563	338	0
IS	357	12593	12266	327	0
IS	358	12267	11971	296	0
IS	359	12206	11865	341	0
IS	360	11828	11564	264	0
IS	361	11829	11546	283	0
IS	362	11496	11251	245	0
IS	363	11451	11239	212	0
IS	364	11286	11056	230	0
IS	365	11072	10799	273	0
IS	366	10694	10467	227	0
IS	367	10885	10658	227	0
IS	368	10751	10498	253	0
IS	369	10436	10194	242	0
IS	370	10444	10168	276	0
IS	371	10321	10075	246	0
IS	372	10123	9932	191	0
IS	373	9992	9777	215	0
IS	374	9909	9730	179	0
IS	375	9500	9311	189	0
IS	376	9373	9162	211	0
IS	377	9186	8998	188	0
IS	378	9219	9007	212	0
IS	379	8883	8679	204	0
IS	380	8723	8545	178	0
IS	381	8505	8305	200	0
IS	382	8423	8247	176	0
IS	383	8419	8214	205	0
IS	384	7976	7804	172	0
IS	385	8066	7898	168	0
IS	386	7931	7733	198	0
IS	387	8023	7822	201	0
IS	388	7580	7412	168	0
IS	389	7732	7574	158	0
IS	390	7896	7710	186	0
IS	391	7496	7328	168	0
IS	392	7313	7148	165	0
IS	393	7126	6948	178	0
IS	394	7027	6879	148	0
IS	395	6976	6791	185	0
IS	396	6892	6682	210	0
IS	397	6908	6716	192	0
IS	398	6696	6533	163	0
IS	399	6560	6386	174	0
IS	400	6527	6355	172	0
IS	401	6314	6142	172	0
IS	402	5425	5228	197	0
IS	403	5307	5135	172	0
IS	404	5340	5180	160	0
IS	405	5256	5110	146	0
IS	406	5249	5052	197	0
IS	407	4998	4851	147	0
IS	408	4968	4797	171	0
IS	409	5028	4858	170	0
IS	410	4783	4614	169	0
IS	411	4805	4633	172	0
IS	412	4561	4381	180	0
IS	413	4604	4439	165	0
IS	414	4523	4330	193	0
IS	415	4458	4248	210	0
IS	416	4319	4136	183	0
IS	417	4327	4140	187	0
IS	418	4102	3946	156	0
IS	419	4340	4130	210	0
IS	420	4185	3990	195	0
IS	421	4217	3987	230	0
IS	422	4193	4012	181	0
IS	423	4113	3966	147	0
IS	424	4079	3908	171	0
IS	425	4079	3908	171	0
IS	426	3841	3593	248	0
IS	427	3992	3744	248	0
IS	428	3768	3531	237	0
IS	429	3831	3589	242	0
IS	430	3734	3410	324	0
IS	431	3794	3437	357	0
IS	432	3763	3382	381	0
IS	433	3779	3382	397	0
IS	434	3391	3114	277	0
IS	435	3626	3339	287	0
IS	436	3504	3219	285	0
IS	437	3460	3146	314	0
IS	438	3618	3325	293	0
IS	439	3522	3202	320	0
IS	440	4089	3027	1062	0
IS	441	3796	2980	816	0
IS	442	3304	2822	482	0
IS	443	3286	2887	399	0
IS	444	2984	2675	309	0
IS	445	2941	2746	195	0
IS	446	2868	2705	163	0
IS	447	3014	2794	220	0
IS	448	2983	2764	219	0
IS	449	2801	2618	183	0
IS	450	2903	2722	181	0
IS	451	2840	2710	130	0
IS	452	2705	2505	200	0
IS	453	2698	2499	199	0
IS	454	2761	2566	195	0
IS	455	2700	2486	214	0
IS	456	2744	2531	213	0
IS	457	2717	2485	232	0
IS	458	2602	2413	189	0
IS	459	2433	2273	160	0
IS	460	2385	2235	150	0
IS	461	2316	2144	172	0
IS	462	2295	2126	169	0
IS	463	2328	2180	148	0
IS	464	2187	2053	134	0
IS	465	2181	2021	160	0
IS	466	2132	2022	110	0
IS	467	2157	2067	90	0
IS	468	2118	2023	95	0
IS	469	2091	1985	106	0
IS	470	2009	1901	108	0
IS	471	2046	1959	87	0
IS	472	2041	1929	112	0
IS	473	1865	1763	102	0
IS	474	1932	1828	104	0
IS	475	1848	1758	90	0
IS	476	1859	1776	83	0
IS	477	1740	1650	90	0
IS	478	1864	1773	91	0
IS	479	1747	1622	125	0
IS	480	1711	1603	108	0
IS	481	1754	1650	104	0
IS	482	1636	1545	91	0
IS	483	1694	1611	83	0
IS	484	1602	1527	75	0
IS	485	1641	1541	100	0
IS	486	1511	1432	79	0
IS	487	1532	1443	89	0
IS	488	1498	1437	61	0
IS	489	1476	1401	75	0
IS	490	1577	1500	77	0
IS	491	1430	1339	91	0
IS	492	1494	1390	104	0
IS	493	1392	1290	102	0
IS	494	1365	1287	78	0
IS	495	1384	1284	100	0
IS	496	1408	1350	58	0
IS	497	1382	1314	68	0
IS	498	1417	1309	108	0
IS	499	1375	1256	119	0
IS	500	1460	1355	105	0
IS	501	1445	1376	69	0
IS	502	1377	1295	82	0
IS	503	1491	1381	110	0
IS	504	1407	1301	106	0
IS	505	1356	1239	117	0
IS	506	1273	1174	99	0
IS	507	1264	1152	112	0
IS	508	1162	1101	61	0
IS	509	1268	1202	66	0
IS	510	1204	1136	68	0
IS	511	1172	1107	65	0
IS	512	1216	1134	82	0
IS	513	1233	1167	66	0
IS	514	1108	1042	66	0
IS	515	1161	1069	92	0
IS	516	1148	1048	100	0
IS	517	1093	1007	86	0
IS	518	1163	1069	94	0
IS	519	1068	973	95	0
IS	520	1110	1037	73	0
IS	521	1118	1012	106	0
IS	522	1117	1015	102	0
IS	523	1076	984	92	0
IS	524	1096	1007	89	0
IS	525	1077	971	106	0
IS	526	1170	1056	114	0
IS	527	1055	944	111	0
IS	528	1078	978	100	0
IS	529	1059	957	102	0
IS	530	1060	951	109	0
IS	531	1060	975	85	0
IS	532	1053	965	88	0
IS	533	1074	960	114	0
IS	534	1025	944	81	0
# Read lengths. Use `grep ^RL | cut -f 2-` to extract this part. The columns are: read length, count
RL	35	485
RL	36	372
RL	37	435
RL	38	389
RL	39	472
RL	40	510
RL	41	530
RL	42	512
RL	43	520
RL	44	662
RL	45	709
RL	46	796
RL	47	819
RL	48	1066
RL	49	1161
RL	50	1223
RL	51	1315
RL	52	1388
RL	53	1361
RL	54	1372
RL	55	1433
RL	56	1386
RL	57	1678
RL	58	1921
RL	59	2126
RL	60	2443
RL	61	2588
RL	62	2788
RL	63	2970
RL	64	3157
RL	65	3367
RL	66	3666
RL	67	4045
RL	68	4520
RL	69	4969
RL	70	5704
RL	71	6073
RL	72	7044
RL	73	8180
RL	74	8789
RL	75	9286
RL	76	10560
RL	77	11090
RL	78	12645
RL	79	14454
RL	80	15627
RL	81	17349
RL	82	19652
RL	83	21779
RL	84	24294
RL	85	26326
RL	86	29376
RL	87	31640
RL	88	35333
RL	89	37855
RL	90	41926
RL	91	45880
RL	92	51161
RL	93	56091
RL	94	62699
RL	95	66098
RL	96	70957
RL	97	75902
RL	98	81096
RL	99	86831
RL	100	94160
RL	101	97977
RL	102	106664
RL	103	115066
RL	104	120488
RL	105	127884
RL	106	134789
RL	107	139416
RL	108	148822
RL	109	153282
RL	110	157854
RL	111	167096
RL	112	176105
RL	113	180948
RL	114	190766
RL	115	197818
RL	116	201212
RL	117	207909
RL	118	215008
RL	119	217443
RL	120	223560
RL	121	229228
RL	122	236673
RL	123	241487
RL	124	252048
RL	125	253065
RL	126	259330
RL	127	265193
RL	128	264141
RL	129	269790
RL	130	274997
RL	131	275011
RL	132	282812
RL	133	289872
RL	134	293327
RL	135	297500
RL	136	301418
RL	137	301711
RL	138	303945
RL	139	307928
RL	140	306958
RL	141	313722
RL	142	324893
RL	143	329146
RL	144	330692
RL	145	353597
RL	146	396874
RL	147	408333
RL	148	324015
RL	149	316587
RL	150	323525
RL	151	33146628
# Read lengths - first fragments. Use `grep ^FRL | cut -f 2-` to extract this part. The columns are: read length, count
FRL	35	240
FRL	36	167
FRL	37	206
FRL	38	164
FRL	39	226
FRL	40	241
FRL	41	242
FRL	42	245
FRL	43	250
FRL	44	321
FRL	45	350
FRL	46	387
FRL	47	403
FRL	48	551
FRL	49	604
FRL	50	637
FRL	51	671
FRL	52	726
FRL	53	695
FRL	54	696
FRL	55	729
FRL	56	707
FRL	57	854
FRL	58	972
FRL	59	1086
FRL	60	1234
FRL	61	1307
FRL	62	1407
FRL	63	1495
FRL	64	1592
FRL	65	1695
FRL	66	1846
FRL	67	2036
FRL	68	2292
FRL	69	2525
FRL	70	2873
FRL	71	3050
FRL	72	3534
FRL	73	4115
FRL	74	4415
FRL	75	4674
FRL	76	5298
FRL	77	5584
FRL	78	6356
FRL	79	7317
FRL	80	7868
FRL	81	8731
FRL	82	9864
FRL	83	10931
FRL	84	12169
FRL	85	13195
FRL	86	14730
FRL	87	15850
FRL	88	17703
FRL	89	18956
FRL	90	21009
FRL	91	22994
FRL	92	25635
FRL	93	28101
FRL	94	31413
FRL	95	33153
FRL	96	35556
FRL	97	38042
FRL	98	40622
FRL	99	43486
FRL	100	47190
FRL	101	49098
FRL	102	53435
FRL	103	57658
FRL	104	60314
FRL	105	64041
FRL	106	67542
FRL	107	69852
FRL	108	74585
FRL	109	76797
FRL	110	79100
FRL	111	83680
FRL	112	88238
FRL	113	90656
FRL	114	95533
FRL	115	99094
FRL	116	100799
FRL	117	104140
FRL	118	107712
FRL	119	108956
FRL	120	112003
FRL	121	114848
FRL	122	118599
FRL	123	121003
FRL	124	126229
FRL	125	126743
FRL	126	129910
FRL	127	132838
FRL	128	132321
FRL	129	135130
FRL	130	137653
FRL	131	137724
FRL	132	141649
FRL	133	145135
FRL	134	146804
FRL	135	148869
FRL	136	150749
FRL	137	150900
FRL	138	151785
FRL	139	153698
FRL	140	153190
FRL	141	156022
FRL	142	161180
FRL	143	162722
FRL	144	164237
FRL	145	175480
FRL	146	198202
FRL	147	201241
FRL	148	161997
FRL	149	158298
FRL	150	164837
FRL	151	16572343
# Read lengths - last fragments. Use `grep ^LRL | cut -f 2-` to extract this part. The columns are: read length, count
LRL	35	245
LRL	36	205
LRL	37	229
LRL	38	225
LRL	39	246
LRL	40	269
LRL	41	288
LRL	42	267
LRL	43	270
LRL	44	341
LRL	45	359
LRL	46	409
LRL	47	416
LRL	48	515
LRL	49	557
LRL	50	586
LRL	51	644
LRL	52	662
LRL	53	666
LRL	54	676
LRL	55	704
LRL	56	679
LRL	57	824
LRL	58	949
LRL	59	1040
LRL	60	1209
LRL	61	1281
LRL	62	1381
LRL	63	1475
LRL	64	1565
LRL	65	1672
LRL	66	1820
LRL	67	2009
LRL	68	2228
LRL	69	2444
LRL	70	2831
LRL	71	3023
LRL	72	3510
LRL	73	4065
LRL	74	4374
LRL	75	4612
LRL	76	5262
LRL	77	5506
LRL	78	6289
LRL	79	7137
LRL	80	7759
LRL	81	8618
LRL	82	9788
LRL	83	10848
LRL	84	12125
LRL	85	13131
LRL	86	14646
LRL	87	15790
LRL	88	17630
LRL	89	18899
LRL	90	20917
LRL	91	22886
LRL	92	25526
LRL	93	27990
LRL	94	31286
LRL	95	32945
LRL	96	35401
LRL	97	37860
LRL	98	40474
LRL	99	43345
LRL	100	46970
LRL	101	48879
LRL	102	53229
LRL	103	57408
LRL	104	60174
LRL	105	63843
LRL	106	67247
LRL	107	69564
LRL	108	74237
LRL	109	76485
LRL	110	78754
LRL	111	83416
LRL	112	87867
LRL	113	90292
LRL	114	95233
LRL	115	98724
LRL	116	100413
LRL	117	103769
LRL	118	107296
LRL	119	108487
LRL	120	111557
LRL	121	114380
LRL	122	118074
LRL	123	120484
LRL	124	125819
LRL	125	126322
LRL	126	129420
LRL	127	132355
LRL	128	131820
LRL	129	134660
LRL	130	137344
LRL	131	137287
LRL	132	141163
LRL	133	144737
LRL	134	146523
LRL	135	148631
LRL	136	150669
LRL	137	150811
LRL	138	152160
LRL	139	154230
LRL	140	153768
LRL	141	157700
LRL	142	163713
LRL	143	166424
LRL	144	166455
LRL	145	178117
LRL	146	198672
LRL	147	207092
LRL	148	162018
LRL	149	158289
LRL	150	158688
LRL	151	16574285
# Mapping qualities for reads !(UNMAP|SECOND|SUPPL|QCFAIL|DUP). Use `grep ^MAPQ | cut -f 2-` to extract this part. The columns are: mapq, count
MAPQ	0	6013
MAPQ	1	53104
MAPQ	60	43650659
# Indel distribution. Use `grep ^ID | cut -f 2-` to extract this part. The columns are: length, number of insertions, number of deletions
ID	1	424136	328827
ID	2	90939	172163
ID	3	54539	55726
ID	4	14768	11137
ID	5	4529	10650
ID	6	9930	16766
ID	7	3126	9213
ID	8	6177	4962
# Indels per cycle. Use `grep ^IC | cut -f 2-` to extract this part. The columns are: cycle, number of insertions (fwd), .. (rev) , number of deletions (fwd), .. (rev)
IC	2	3	0	1	0
IC	3	0	1	1	1
IC	4	0	2	1	4
IC	5	3	3	1	0
IC	6	2	13	5	3
IC	7	5	13	15	13
IC	8	936	420	791	632
IC	9	1017	805	1030	984
IC	10	1054	1258	720	559
IC	11	1274	883	798	840
IC	12	1511	1759	1091	1180
IC	13	1639	1426	1489	1109
IC	14	1440	1586	1486	1446
IC	15	2184	1682	1908	2076
IC	16	1509	1578	1494	2015
IC	17	1710	2703	1567	2649
IC	18	1526	2216	1723	2108
IC	19	1946	2907	1776	5470
IC	20	2186	2552	1672	2048
IC	21	2087	2188	1837	2153
IC	22	1911	2742	1664	2623
IC	23	2012	2230	1720	2062
IC	24	2203	2062	1974	2683
IC	25	2029	2811	1996	2945
IC	26	1979	2071	2417	3791
IC	27	2236	2254	1819	2420
IC	28	3013	1959	1773	2366
IC	29	2445	2913	1817	3018
IC	30	1868	2645	1740	2771
IC	31	2346	1721	2335	2406
IC	32	1964	2339	1953	2381
IC	33	3097	2094	2047	2643
IC	34	2173	1803	2267	2479
IC	35	2252	5635	2341	2850
IC	36	1887	3558	2214	3379
IC	37	2227	2500	2022	4237
IC	38	2268	2299	1985	7212
IC	39	1941	2301	2110	4624
IC	40	2056	2118	2228	4356
IC	41	2332	2368	2485	3171
IC	42	2706	2411	2625	2382
IC	43	2386	2071	2801	2653
IC	44	2427	2437	2460	3789
IC	45	1866	2189	2169	2436
IC	46	1909	2835	2034	4176
IC	47	2503	2721	2487	2148
IC	48	2607	3490	1693	3488
IC	49	2501	2416	2223	2395
IC	50	2716	2151	2174	1930
IC	51	2523	3238	2202	3281
IC	52	3135	2132	2358	2243
IC	53	3260	3501	1688	2536
IC	54	2784	2432	2052	3070
IC	55	2524	2481	2107	2295
IC	56	2444	3135	2068	2640
IC	57	2067	2257	2215	6024
IC	58	2055	3643	1737	2524
IC	59	2387	3739	1995	2714
IC	60	2466	2205	1767	3349
IC	61	2724	2495	2264	2599
IC	62	1966	2207	3848	2748
IC	63	2043	2855	2623	3769
IC	64	2390	2561	3407	2597
IC	65	2110	2432	2357	3057
IC	66	2390	2582	2544	3006
IC	67	1814	2640	2795	4873
IC	68	3032	3264	2853	2573
IC	69	1818	3272	2675	2677
IC	70	2133	3358	3480	2316
IC	71	2420	3110	2416	2120
IC	72	2009	2336	2156	3252
IC	73	2458	2525	2155	2424
IC	74	1851	2648	2948	2172
IC	75	2477	2843	2590	2000
IC	76	2389	2616	2566	2502
IC	77	2433	2972	2909	1996
IC	78	1845	2348	2433	5880
IC	79	1913	2222	2397	2050
IC	80	2269	2331	2064	2003
IC	81	3365	2416	2593	2440
IC	82	1995	2283	2343	2127
IC	83	1972	2227	2182	2674
IC	84	2062	2030	2746	3840
IC	85	1967	3184	2422	2684
IC	86	1984	2667	2597	1699
IC	87	2332	3126	2410	2622
IC	88	1937	2287	2643	2312
IC	89	2333	2305	2413	1991
IC	90	2359	2097	2816	1858
IC	91	2333	2018	3186	2499
IC	92	3170	2487	2571	2247
IC	93	1951	2206	3039	2217
IC	94	2146	1994	2326	2328
IC	95	2034	2029	3127	1848
IC	96	2199	2356	2658	2154
IC	97	2334	1847	3957	2744
IC	98	3816	2209	3490	2356
IC	99	3918	2055	2155	3566
IC	100	2492	1912	2837	1724
IC	101	2465	2236	2247	1880
IC	102	6200	3025	2344	1745
IC	103	14664	2288	2360	1792
IC	104	3806	2135	1905	1842
IC	105	2572	2517	2286	2038
IC	106	3753	2058	1976	2192
IC	107	1852	3538	2399	1603
IC	108	3119	3252	2157	1883
IC	109	2164	3645	2533	2000
IC	110	3101	2072	2087	1898
IC	111	1983	2690	1809	2315
IC	112	1955	1897	1874	1985
IC	113	2182	2624	1907	2020
IC	114	1776	1811	2722	2023
IC	115	1698	1694	2037	2091
IC	116	1776	2092	2479	1741
IC	117	1673	1899	1923	2197
IC	118	2037	2095	2457	1828
IC	119	1856	2191	3312	1881
IC	120	1524	2233	2284	2030
IC	121	1647	2397	2667	1621
IC	122	1611	1752	2187	1284
IC	123	1520	1935	2522	2365
IC	124	1776	1931	2905	1414
IC	125	1571	1642	2530	1836
IC	126	1366	1722	2032	1512
IC	127	1518	1802	1742	1253
IC	128	1710	1645	1823	1464
IC	129	1748	1763	1466	1385
IC	130	1375	1610	1546	1688
IC	131	1560	2069	1928	1910
IC	132	1431	1502	1525	2268
IC	133	1230	1362	1478	1207
IC	134	1831	1411	1356	1218
IC	135	1380	1553	1474	1389
IC	136	1478	1448	1194	1205
IC	137	1173	2342	852	1245
IC	138	797	1054	1053	1353
IC	139	832	934	1170	784
IC	140	684	689	680	619
IC	141	611	782	467	393
IC	142	495	771	444	299
IC	143	447	730	774	301
IC	144	386	916	6	24
IC	145	9	5	0	7
IC	146	35	10	2	4
IC	147	18	1	1	5
IC	148	2	1	0	1
IC	149	0	1	1	0
IC	150	1	0	0	0
# Coverage distribution. Use `grep ^COV | cut -f 2-` to extract this part.
COV	[1-1]	1	992459
COV	[2-2]	2	1293367
COV	[3-3]	3	632597
COV	[4-4]	4	723002
COV	[5-5]	5	473234
COV	[6-6]	6	487481
COV	[7-7]	7	373112
COV	[8-8]	8	364053
COV	[9-9]	9	302670
COV	[10-10]	10	288280
COV	[11-11]	11	258457
COV	[12-12]	12	248667
COV	[13-13]	13	224872
COV	[14-14]	14	215449
COV	[15-15]	15	198016
COV	[16-16]	16	193651
COV	[17-17]	17	181165
COV	[18-18]	18	176462
COV	[19-19]	19	166274
COV	[20-20]	20	163020
COV	[21-21]	21	155951
COV	[22-22]	22	152680
COV	[23-23]	23	144961
COV	[24-24]	24	142139
COV	[25-25]	25	139603
COV	[26-26]	26	134972
COV	[27-27]	27	133081
COV	[28-28]	28	129434
COV	[29-29]	29	125926
COV	[30-30]	30	120851
COV	[31-31]	31	116808
COV	[32-32]	32	117032
COV	[33-33]	33	114526
COV	[34-34]	34	111713
COV	[35-35]	35	109934
COV	[36-36]	36	107758
COV	[37-37]	37	106691
COV	[38-38]	38	104103
COV	[39-39]	39	104827
COV	[40-40]	40	103089
COV	[41-41]	41	102133
COV	[42-42]	42	101311
COV	[43-43]	43	98347
COV	[44-44]	44	97443
COV	[45-45]	45	95892
COV	[46-46]	46	95884
COV	[47-47]	47	96599
COV	[48-48]	48	94095
COV	[49-49]	49	92951
COV	[50-50]	50	91694
COV	[51-51]	51	90578
COV	[52-52]	52	88075
COV	[53-53]	53	88119
COV	[54-54]	54	87599
COV	[55-55]	55	86164
COV	[56-56]	56	84808
COV	[57-57]	57	84746
COV	[58-58]	58	84648
COV	[59-59]	59	82936
COV	[60-60]	60	82684
COV	[61-61]	61	80636
COV	[62-62]	62	80565
COV	[63-63]	63	79488
COV	[64-64]	64	78901
COV	[65-65]	65	76921
COV	[66-66]	66	77201
COV	[67-67]	67	76846
COV	[68-68]	68	76334
COV	[69-69]	69	75856
COV	[70-70]	70	73812
COV	[71-71]	71	73838
COV	[72-72]	72	73902
COV	[73-73]	73	72899
COV	[74-74]	74	72737
COV	[75-75]	75	72156
COV	[76-76]	76	71271
COV	[77-77]	77	70577
COV	[78-78]	78	70207
COV	[79-79]	79	68508
COV	[80-80]	80	69175
COV	[81-81]	81	67632
COV	[82-82]	82	66874
COV	[83-83]	83	67056
COV	[84-84]	84	66937
COV	[85-85]	85	66534
COV	[86-86]	86	65896
COV	[87-87]	87	65546
COV	[88-88]	88	64434
COV	[89-89]	89	64613
COV	[90-90]	90	63854
COV	[91-91]	91	63105
COV	[92-92]	92	62929
COV	[93-93]	93	62900
COV	[94-94]	94	61612
COV	[95-95]	95	62224
COV	[96-96]	96	61157
COV	[97-97]	97	59367
COV	[98-98]	98	59242
COV	[99-99]	99	58750
COV	[100-100]	100	57756
COV	[101-101]	101	57272
COV	[102-102]	102	57023
COV	[103-103]	103	56291
COV	[104-104]	104	56833
COV	[105-105]	105	56551
COV	[106-106]	106	55475
COV	[107-107]	107	55350
COV	[108-108]	108	54673
COV	[109-109]	109	55504
COV	[110-110]	110	53831
COV	[111-111]	111	54346
COV	[112-112]	112	53192
COV	[113-113]	113	52778
COV	[114-114]	114	52255
COV	[115-115]	115	52212
COV	[116-116]	116	51618
COV	[117-117]	117	50783
COV	[118-118]	118	50478
COV	[119-119]	119	50269
COV	[120-120]	120	49814
COV	[121-121]	121	49209
COV	[122-122]	122	48546
COV	[123-123]	123	48328
COV	[124-124]	124	48553
COV	[125-125]	125	47500
COV	[126-126]	126	46236
COV	[127-127]	127	46356
COV	[128-128]	128	46080
COV	[129-129]	129	45838
COV	[130-130]	130	44959
COV	[131-131]	131	45528
COV	[132-132]	132	45150
COV	[133-133]	133	44222
COV	[134-134]	134	44172
COV	[135-135]	135	44114
COV	[136-136]	136	43928
COV	[137-137]	137	43027
COV	[138-138]	138	42481
COV	[139-139]	139	42241
COV	[140-140]	140	41372
COV	[141-141]	141	40972
COV	[142-142]	142	40511
COV	[143-143]	143	39878
COV	[144-144]	144	40086
COV	[145-145]	145	39854
COV	[146-146]	146	40073
COV	[147-147]	147	39384
COV	[148-148]	148	39174
COV	[149-149]	149	38568
COV	[150-150]	150	38637
COV	[151-151]	151	37966
COV	[152-152]	152	38059
COV	[153-153]	153	38098
COV	[154-154]	154	37215
COV	[155-155]	155	36605
COV	[156-156]	156	36765
COV	[157-157]	157	36411
COV	[158-158]	158	35561
COV	[159-159]	159	35881
COV	[160-160]	160	35250
COV	[161-161]	161	35144
COV	[162-162]	162	34879
COV	[163-163]	163	34754
COV	[164-164]	164	34394
COV	[165-165]	165	33981
COV	[166-166]	166	33571
COV	[167-167]	167	33680
COV	[168-168]	168	32840
COV	[169-169]	169	33079
COV	[170-170]	170	33044
COV	[171-171]	171	32633
COV	[172-172]	172	31920
COV	[173-173]	173	31826
COV	[174-174]	174	31616
COV	[175-175]	175	31614
COV	[176-176]	176	31430
COV	[177-177]	177	31651
COV	[178-178]	178	31164
COV	[179-179]	179	30525
COV	[180-180]	180	30361
COV	[181-181]	181	30572
COV	[182-182]	182	30297
COV	[183-183]	183	29936
COV	[184-184]	184	29861
COV	[185-185]	185	29697
COV	[186-186]	186	29415
COV	[187-187]	187	28784
COV	[188-188]	188	28597
COV	[189-189]	189	28113
COV	[190-190]	190	28217
COV	[191-191]	191	27730
COV	[192-192]	192	27898
COV	[193-193]	193	27132
COV	[194-194]	194	27590
COV	[195-195]	195	27077
COV	[196-196]	196	26424
COV	[197-197]	197	26801
COV	[198-198]	198	26285
COV	[199-199]	199	26521
COV	[200-200]	200	26402
COV	[201-201]	201	25852
COV	[202-202]	202	25946
COV	[203-203]	203	25325
COV	[204-204]	204	25271
COV	[205-205]	205	25160
COV	[206-206]	206	24766
COV	[207-207]	207	24566
COV	[208-208]	208	24392
COV	[209-209]	209	24137
COV	[210-210]	210	23965
COV	[211-211]	211	23804
COV	[212-212]	212	23795
COV	[213-213]	213	23325
COV	[214-214]	214	23085
COV	[215-215]	215	23046
COV	[216-216]	216	22663
COV	[217-217]	217	22072
COV	[218-218]	218	22302
COV	[219-219]	219	22892
COV	[220-220]	220	22091
COV	[221-221]	221	21997
COV	[222-222]	222	21587
COV	[223-223]	223	21654
COV	[224-224]	224	21038
COV	[225-225]	225	21098
COV	[226-226]	226	21335
COV	[227-227]	227	21041
COV	[228-228]	228	20635
COV	[229-229]	229	20412
COV	[230-230]	230	20493
COV	[231-231]	231	20569
COV	[232-232]	232	20500
COV	[233-233]	233	20528
COV	[234-234]	234	20137
COV	[235-235]	235	20496
COV	[236-236]	236	20242
COV	[237-237]	237	19997
COV	[238-238]	238	19914
COV	[239-239]	239	19692
COV	[240-240]	240	19359
COV	[241-241]	241	19195
COV	[242-242]	242	19046
COV	[243-243]	243	18985
COV	[244-244]	244	18872
COV	[245-245]	245	19050
COV	[246-246]	246	18562
COV	[247-247]	247	18704
COV	[248-248]	248	18438
COV	[249-249]	249	18560
COV	[250-250]	250	18259
COV	[251-251]	251	18173
COV	[252-252]	252	18148
COV	[253-253]	253	17965
COV	[254-254]	254	17873
COV	[255-255]	255	18097
COV	[256-256]	256	17917
COV	[257-257]	257	17494
COV	[258-258]	258	17379
COV	[259-259]	259	17189
COV	[260-260]	260	16779
COV	[261-261]	261	17428
COV	[262-262]	262	16788
COV	[263-263]	263	16809
COV	[264-264]	264	16387
COV	[265-265]	265	16385
COV	[266-266]	266	16480
COV	[267-267]	267	16366
COV	[268-268]	268	16428
COV	[269-269]	269	16328
COV	[270-270]	270	16542
COV	[271-271]	271	16046
COV	[272-272]	272	16180
COV	[273-273]	273	16138
COV	[274-274]	274	15859
COV	[275-275]	275	15584
COV	[276-276]	276	15697
COV	[277-277]	277	15801
COV	[278-278]	278	15509
COV	[279-279]	279	15237
COV	[280-280]	280	15356
COV	[281-281]	281	15138
COV	[282-282]	282	15258
COV	[283-283]	283	15154
COV	[284-284]	284	14819
COV	[285-285]	285	14902
COV	[286-286]	286	14701
COV	[287-287]	287	14522
COV	[288-288]	288	14660
COV	[289-289]	289	14812
COV	[290-290]	290	14583
COV	[291-291]	291	14386
COV	[292-292]	292	14253
COV	[293-293]	293	14315
COV	[294-294]	294	14155
COV	[295-295]	295	14065
COV	[296-296]	296	13921
COV	[297-297]	297	13961
COV	[298-298]	298	13846
COV	[299-299]	299	13626
COV	[300-300]	300	13615
COV	[301-301]	301	13315
COV	[302-302]	302	13061
COV	[303-303]	303	13435
COV	[304-304]	304	13133
COV	[305-305]	305	12927
COV	[306-306]	306	13196
COV	[307-307]	307	12981
COV	[308-308]	308	12852
COV	[309-309]	309	12845
COV	[310-310]	310	12591
COV	[311-311]	311	12489
COV	[312-312]	312	12494
COV	[313-313]	313	12598
COV	[314-314]	314	12420
COV	[315-315]	315	12211
COV	[316-316]	316	12555
COV	[317-317]	317	12293
COV	[318-318]	318	12431
COV	[319-319]	319	12234
COV	[320-320]	320	12246
COV	[321-321]	321	12009
COV	[322-322]	322	11904
COV	[323-323]	323	12147
COV	[324-324]	324	11641
COV	[325-325]	325	11829
COV	[326-326]	326	11938
COV	[327-327]	327	11684
COV	[328-328]	328	11690
COV	[329-329]	329	11639
COV	[330-330]	330	11503
COV	[331-331]	331	11360
COV	[332-332]	332	11384
COV	[333-333]	333	11060
COV	[334-334]	334	11307
COV	[335-335]	335	11220
COV	[336-336]	336	11220
COV	[337-337]	337	11161
COV	[338-338]	338	11127
COV	[339-339]	339	11056
COV	[340-340]	340	11016
COV	[341-341]	341	10864
COV	[342-342]	342	10703
COV	[343-343]	343	10672
COV	[344-344]	344	10646
COV	[345-345]	345	10750
COV	[346-346]	346	10507
COV	[347-347]	347	10546
COV	[348-348]	348	10123
COV	[349-349]	349	10368
COV	[350-350]	350	10316
COV	[351-351]	351	10166
COV	[352-352]	352	9954
COV	[353-353]	353	10165
COV	[354-354]	354	9956
COV	[355-355]	355	9929
COV	[356-356]	356	9786
COV	[357-357]	357	9998
COV	[358-358]	358	9906
COV	[359-359]	359	9868
COV	[360-360]	360	9546
COV	[361-361]	361	9872
COV	[362-362]	362	9926
COV	[363-363]	363	9780
COV	[364-364]	364	9793
COV	[365-365]	365	9443
COV	[366-366]	366	9614
COV	[367-367]	367	9603
COV	[368-368]	368	9318
COV	[369-369]	369	9274
COV	[370-370]	370	9121
COV	[371-371]	371	9326
COV	[372-372]	372	9077
COV	[373-373]	373	9105
COV	[374-374]	374	9247
COV	[375-375]	375	9173
COV	[376-376]	376	9102
COV	[377-377]	377	8997
COV	[378-378]	378	8951
COV	[379-379]	379	8934
COV	[380-380]	380	9032
COV	[381-381]	381	9008
COV	[382-382]	382	8837
COV	[383-383]	383	8950
COV	[384-384]	384	8921
COV	[385-385]	385	8926
COV	[386-386]	386	8914
COV	[387-387]	387	8724
COV	[388-388]	388	8726
COV	[389-389]	389	8512
COV	[390-390]	390	8571
COV	[391-391]	391	8433
COV	[392-392]	392	8775
COV	[393-393]	393	8501
COV	[394-394]	394	8237
COV	[395-395]	395	8331
COV	[396-396]	396	8317
COV	[397-397]	397	8171
COV	[398-398]	398	8236
COV	[399-399]	399	8225
COV	[400-400]	400	8123
COV	[401-401]	401	8088
COV	[402-402]	402	7914
COV	[403-403]	403	7977
COV	[404-404]	404	7873
COV	[405-405]	405	7854
COV	[406-406]	406	7980
COV	[407-407]	407	7746
COV	[408-408]	408	7598
COV	[409-409]	409	7691
COV	[410-410]	410	7353
COV	[411-411]	411	7565
COV	[412-412]	412	7689
COV	[413-413]	413	7600
COV	[414-414]	414	7622
COV	[415-415]	415	7352
COV	[416-416]	416	7526
COV	[417-417]	417	7407
COV	[418-418]	418	7262
COV	[419-419]	419	7314
COV	[420-420]	420	7306
COV	[421-421]	421	7177
COV	[422-422]	422	7210
COV	[423-423]	423	7133
COV	[424-424]	424	7015
COV	[425-425]	425	6945
COV	[426-426]	426	7030
COV	[427-427]	427	7062
COV	[428-428]	428	6863
COV	[429-429]	429	7042
COV	[430-430]	430	6849
COV	[431-431]	431	6860
COV	[432-432]	432	6781
COV	[433-433]	433	6936
COV	[434-434]	434	6727
COV	[435-435]	435	6910
COV	[436-436]	436	6698
COV	[437-437]	437	6695
COV	[438-438]	438	6513
COV	[439-439]	439	6630
COV	[440-440]	440	6523
COV	[441-441]	441	6484
COV	[442-442]	442	6650
COV	[443-443]	443	6514
COV	[444-444]	444	6571
COV	[445-445]	445	6347
COV	[446-446]	446	6296
COV	[447-447]	447	6376
COV	[448-448]	448	6240
COV	[449-449]	449	6070
COV	[450-450]	450	6129
COV	[451-451]	451	6116
COV	[452-452]	452	6143
COV	[453-453]	453	6088
COV	[454-454]	454	6290
COV	[455-455]	455	6081
COV	[456-456]	456	6221
COV	[457-457]	457	6214
COV	[458-458]	458	6145
COV	[459-459]	459	6094
COV	[460-460]	460	6027
COV	[461-461]	461	6166
COV	[462-462]	462	6093
COV	[463-463]	463	6102
COV	[464-464]	464	5952
COV	[465-465]	465	5978
COV	[466-466]	466	5813
COV	[467-467]	467	6022
COV	[468-468]	468	5943
COV	[469-469]	469	5952
COV	[470-470]	470	5870
COV	[471-471]	471	5812
COV	[472-472]	472	5937
COV	[473-473]	473	5782
COV	[474-474]	474	5758
COV	[475-475]	475	5643
COV	[476-476]	476	5599
COV	[477-477]	477	5558
COV	[478-478]	478	5639
COV	[479-479]	479	5636
COV	[480-480]	480	5584
COV	[481-481]	481	5472
COV	[482-482]	482	5510
COV	[483-483]	483	5479
COV	[484-484]	484	5541
COV	[485-485]	485	5538
COV	[486-486]	486	5679
COV	[487-487]	487	5270
COV	[488-488]	488	5496
COV	[489-489]	489	5426
COV	[490-490]	490	5480
COV	[491-491]	491	5349
COV	[492-492]	492	5277
COV	[493-493]	493	5419
COV	[494-494]	494	5141
COV	[495-495]	495	5385
COV	[496-496]	496	5311
COV	[497-497]	497	5404
COV	[498-498]	498	5310
COV	[499-499]	499	5313
COV	[500-500]	500	5374
COV	[501-501]	501	5135
COV	[502-502]	502	5149
COV	[503-503]	503	5067
COV	[504-504]	504	5153
COV	[505-505]	505	5200
COV	[506-506]	506	5002
COV	[507-507]	507	5103
COV	[508-508]	508	5071
COV	[509-509]	509	4981
COV	[510-510]	510	5089
COV	[511-511]	511	4898
COV	[512-512]	512	4986
COV	[513-513]	513	4852
COV	[514-514]	514	4889
COV	[515-515]	515	4860
COV	[516-516]	516	4947
COV	[517-517]	517	4910
COV	[518-518]	518	4808
COV	[519-519]	519	4886
COV	[520-520]	520	4903
COV	[521-521]	521	5004
COV	[522-522]	522	4857
COV	[523-523]	523	5009
COV	[524-524]	524	4869
COV	[525-525]	525	4894
COV	[526-526]	526	4860
COV	[527-527]	527	4927
COV	[528-528]	528	4769
COV	[529-529]	529	4852
COV	[530-530]	530	4744
COV	[531-531]	531	4762
COV	[532-532]	532	4689
COV	[533-533]	533	4637
COV	[534-534]	534	4615
COV	[535-535]	535	4546
COV	[536-536]	536	4639
COV	[537-537]	537	4516
COV	[538-538]	538	4484
COV	[539-539]	539	4592
COV	[540-540]	540	4597
COV	[541-541]	541	4490
COV	[542-542]	542	4462
COV	[543-543]	543	4380
COV	[544-544]	544	4568
COV	[545-545]	545	4568
COV	[546-546]	546	4545
COV	[547-547]	547	4385
COV	[548-548]	548	4336
COV	[549-549]	549	4370
COV	[550-550]	550	4423
COV	[551-551]	551	4348
COV	[552-552]	552	4233
COV	[553-553]	553	4294
COV	[554-554]	554	4334
COV	[555-555]	555	4263
COV	[556-556]	556	4260
COV	[557-557]	557	4277
COV	[558-558]	558	4276
COV	[559-559]	559	4179
COV	[560-560]	560	4260
COV	[561-561]	561	4214
COV	[562-562]	562	4139
COV	[563-563]	563	4227
COV	[564-564]	564	4065
COV	[565-565]	565	4026
COV	[566-566]	566	4200
COV	[567-567]	567	3982
COV	[568-568]	568	4092
COV	[569-569]	569	4100
COV	[570-570]	570	4070
COV	[571-571]	571	3977
COV	[572-572]	572	4059
COV	[573-573]	573	4091
COV	[574-574]	574	4013
COV	[575-575]	575	3988
COV	[576-576]	576	3895
COV	[577-577]	577	4015
COV	[578-578]	578	4035
COV	[579-579]	579	4058
COV	[580-580]	580	4014
COV	[581-581]	581	3849
COV	[582-582]	582	4035
COV	[583-583]	583	4006
COV	[584-584]	584	4023
COV	[585-585]	585	4046
COV	[586-586]	586	3891
COV	[587-587]	587	3964
COV	[588-588]	588	3904
COV	[589-589]	589	3915
COV	[590-590]	590	3796
COV	[591-591]	591	3973
COV	[592-592]	592	3844
COV	[593-593]	593	3790
COV	[594-594]	594	3774
COV	[595-595]	595	3813
COV	[596-596]	596	4075
COV	[597-597]	597	3752
COV	[598-598]	598	3743
COV	[599-599]	599	3809
COV	[600-600]	600	3812
COV	[601-601]	601	3691
COV	[602-602]	602	3779
COV	[603-603]	603	3794
COV	[604-604]	604	3807
COV	[605-605]	605	3768
COV	[606-606]	606	3783
COV	[607-607]	607	3650
COV	[608-608]	608	3729
COV	[609-609]	609	3688
COV	[610-610]	610	3560
COV	[611-611]	611	3674
COV	[612-612]	612	3652
COV	[613-613]	613	3694
COV	[614-614]	614	3663
COV	[615-615]	615	3670
COV	[616-616]	616	3618
COV	[617-617]	617	3796
COV	[618-618]	618	3532
COV	[619-619]	619	3527
COV	[620-620]	620	3545
COV	[621-621]	621	3514
COV	[622-622]	622	3526
COV	[623-623]	623	3500
COV	[624-624]	624	3446
COV	[625-625]	625	3532
COV	[626-626]	626	3371
COV	[627-627]	627	3342
COV	[628-628]	628	3403
COV	[629-629]	629	3418
COV	[630-630]	630	3345
COV	[631-631]	631	3397
COV	[632-632]	632	3214
COV	[633-633]	633	3244
COV	[634-634]	634	3336
COV	[635-635]	635	3296
COV	[636-636]	636	3355
COV	[637-637]	637	3225
COV	[638-638]	638	3185
COV	[639-639]	639	3090
COV	[640-640]	640	3157
COV	[641-641]	641	3170
COV	[642-642]	642	3163
COV	[643-643]	643	3109
COV	[644-644]	644	3118
COV	[645-645]	645	3078
COV	[646-646]	646	3085
COV	[647-647]	647	3083
COV	[648-648]	648	3114
COV	[649-649]	649	3041
COV	[650-650]	650	3144
COV	[651-651]	651	3078
COV	[652-652]	652	3055
COV	[653-653]	653	3047
COV	[654-654]	654	3082
COV	[655-655]	655	3047
COV	[656-656]	656	2998
COV	[657-657]	657	3015
COV	[658-658]	658	3054
COV	[659-659]	659	2947
COV	[660-660]	660	2948
COV	[661-661]	661	2942
COV	[662-662]	662	2910
COV	[663-663]	663	2925
COV	[664-664]	664	2804
COV	[665-665]	665	2795
COV	[666-666]	666	2807
COV	[667-667]	667	2885
COV	[668-668]	668	2908
COV	[669-669]	669	2785
COV	[670-670]	670	2825
COV	[671-671]	671	2705
COV	[672-672]	672	2898
COV	[673-673]	673	2847
COV	[674-674]	674	2764
COV	[675-675]	675	2822
COV	[676-676]	676	2741
COV	[677-677]	677	2868
COV	[678-678]	678	2741
COV	[679-679]	679	2708
COV	[680-680]	680	2806
COV	[681-681]	681	2756
COV	[682-682]	682	2757
COV	[683-683]	683	2717
COV	[684-684]	684	2636
COV	[685-685]	685	2742
COV	[686-686]	686	2711
COV	[687-687]	687	2728
COV	[688-688]	688	2647
COV	[689-689]	689	2645
COV	[690-690]	690	2630
COV	[691-691]	691	2672
COV	[692-692]	692	2631
COV	[693-693]	693	2563
COV	[694-694]	694	2601
COV	[695-695]	695	2589
COV	[696-696]	696	2560
COV	[697-697]	697	2467
COV	[698-698]	698	2542
COV	[699-699]	699	2497
COV	[700-700]	700	2547
COV	[701-701]	701	2604
COV	[702-702]	702	2448
COV	[703-703]	703	2473
COV	[704-704]	704	2474
COV	[705-705]	705	2479
COV	[706-706]	706	2476
COV	[707-707]	707	2529
COV	[708-708]	708	2474
COV	[709-709]	709	2461
COV	[710-710]	710	2426
COV	[711-711]	711	2448
COV	[712-712]	712	2370
COV	[713-713]	713	2589
COV	[714-714]	714	2469
COV	[715-715]	715	2414
COV	[716-716]	716	2327
COV	[717-717]	717	2424
COV	[718-718]	718	2418
COV	[719-719]	719	2398
COV	[720-720]	720	2459
COV	[721-721]	721	2469
COV	[722-722]	722	2491
COV	[723-723]	723	2476
COV	[724-724]	724	2432
COV	[725-725]	725	2310
COV	[726-726]	726	2380
COV	[727-727]	727	2418
COV	[728-728]	728	2263
COV	[729-729]	729	2351
COV	[730-730]	730	2343
COV	[731-731]	731	2330
COV	[732-732]	732	2392
COV	[733-733]	733	2276
COV	[734-734]	734	2368
COV	[735-735]	735	2379
COV	[736-736]	736	2286
COV	[737-737]	737	2335
COV	[738-738]	738	2352
COV	[739-739]	739	2240
COV	[740-740]	740	2215
COV	[741-741]	741	2247
COV	[742-742]	742	2342
COV	[743-743]	743	2264
COV	[744-744]	744	2238
COV	[745-745]	745	2191
COV	[746-746]	746	2232
COV	[747-747]	747	2162
COV	[748-748]	748	2163
COV	[749-749]	749	2294
COV	[750-750]	750	2249
COV	[751-751]	751	2217
COV	[752-752]	752	2208
COV	[753-753]	753	2252
COV	[754-754]	754	2287
COV	[755-755]	755	2330
COV	[756-756]	756	2145
COV	[757-757]	757	2127
COV	[758-758]	758	2128
COV	[759-759]	759	2230
COV	[760-760]	760	2103
COV	[761-761]	761	2079
COV	[762-762]	762	2081
COV	[763-763]	763	2161
COV	[764-764]	764	2085
COV	[765-765]	765	2147
COV	[766-766]	766	1976
COV	[767-767]	767	2080
COV	[768-768]	768	2078
COV	[769-769]	769	2099
COV	[770-770]	770	2152
COV	[771-771]	771	2085
COV	[772-772]	772	2081
COV	[773-773]	773	2097
COV	[774-774]	774	2056
COV	[775-775]	775	2023
COV	[776-776]	776	2111
COV	[777-777]	777	2024
COV	[778-778]	778	2132
COV	[779-779]	779	2108
COV	[780-780]	780	2121
COV	[781-781]	781	2056
COV	[782-782]	782	2078
COV	[783-783]	783	2039
COV	[784-784]	784	2146
COV	[785-785]	785	2098
COV	[786-786]	786	2002
COV	[787-787]	787	1944
COV	[788-788]	788	2004
COV	[789-789]	789	1969
COV	[790-790]	790	1946
COV	[791-791]	791	1986
COV	[792-792]	792	1945
COV	[793-793]	793	1944
COV	[794-794]	794	1909
COV	[795-795]	795	2022
COV	[796-796]	796	1941
COV	[797-797]	797	2033
COV	[798-798]	798	1924
COV	[799-799]	799	1974
COV	[800-800]	800	1979
COV	[801-801]	801	2034
COV	[802-802]	802	1963
COV	[803-803]	803	2010
COV	[804-804]	804	1958
COV	[805-805]	805	1957
COV	[806-806]	806	1883
COV	[807-807]	807	1981
COV	[808-808]	808	1913
COV	[809-809]	809	1925
COV	[810-810]	810	1930
COV	[811-811]	811	1900
COV	[812-812]	812	1904
COV	[813-813]	813	1847
COV	[814-814]	814	1925
COV	[815-815]	815	1867
COV	[816-816]	816	1829
COV	[817-817]	817	1833
COV	[818-818]	818	1853
COV	[819-819]	819	1859
COV	[820-820]	820	1778
COV	[821-821]	821	1755
COV	[822-822]	822	1846
COV	[823-823]	823	1817
COV	[824-824]	824	1729
COV	[825-825]	825	1749
COV	[826-826]	826	1755
COV	[827-827]	827	1850
COV	[828-828]	828	1796
COV	[829-829]	829	1846
COV	[830-830]	830	1788
COV	[831-831]	831	1816
COV	[832-832]	832	1796
COV	[833-833]	833	1874
COV	[834-834]	834	1736
COV	[835-835]	835	1833
COV	[836-836]	836	1814
COV	[837-837]	837	1816
COV	[838-838]	838	1774
COV	[839-839]	839	1811
COV	[840-840]	840	1789
COV	[841-841]	841	1811
COV	[842-842]	842	1794
COV	[843-843]	843	1800
COV	[844-844]	844	1874
COV	[845-845]	845	1822
COV	[846-846]	846	1892
COV	[847-847]	847	1757
COV	[848-848]	848	1812
COV	[849-849]	849	1827
COV	[850-850]	850	1740
COV	[851-851]	851	1713
COV	[852-852]	852	1811
COV	[853-853]	853	1748
COV	[854-854]	854	1726
COV	[855-855]	855	1738
COV	[856-856]	856	1675
COV	[857-857]	857	1743
COV	[858-858]	858	1754
COV	[859-859]	859	1687
COV	[860-860]	860	1718
COV	[861-861]	861	1630
COV	[862-862]	862	1755
COV	[863-863]	863	1708
COV	[864-864]	864	1681
COV	[865-865]	865	1640
COV	[866-866]	866	1681
COV	[867-867]	867	1677
COV	[868-868]	868	1666
COV	[869-869]	869	1595
COV	[870-870]	870	1669
COV	[871-871]	871	1687
COV	[872-872]	872	1731
COV	[873-873]	873	1663
COV	[874-874]	874	1617
COV	[875-875]	875	1656
COV	[876-876]	876	1578
COV	[877-877]	877	1609
COV	[878-878]	878	1676
COV	[879-879]	879	1521
COV	[880-880]	880	1586
COV	[881-881]	881	1584
COV	[882-882]	882	1599
COV	[883-883]	883	1519
COV	[884-884]	884	1570
COV	[885-885]	885	1536
COV	[886-886]	886	1496
COV	[887-887]	887	1502
COV	[888-888]	888	1584
COV	[889-889]	889	1470
COV	[890-890]	890	1500
COV	[891-891]	891	1517
COV	[892-892]	892	1532
COV	[893-893]	893	1432
COV	[894-894]	894	1504
COV	[895-895]	895	1586
COV	[896-896]	896	1521
COV	[897-897]	897	1528
COV	[898-898]	898	1547
COV	[899-899]	899	1457
COV	[900-900]	900	1525
COV	[901-901]	901	1521
COV	[902-902]	902	1547
COV	[903-903]	903	1488
COV	[904-904]	904	1518
COV	[905-905]	905	1578
COV	[906-906]	906	1660
COV	[907-907]	907	1521
COV	[908-908]	908	1476
COV	[909-909]	909	1478
COV	[910-910]	910	1506
COV	[911-911]	911	1468
COV	[912-912]	912	1526
COV	[913-913]	913	1499
COV	[914-914]	914	1506
COV	[915-915]	915	1543
COV	[916-916]	916	1460
COV	[917-917]	917	1478
COV	[918-918]	918	1568
COV	[919-919]	919	1560
COV	[920-920]	920	1383
COV	[921-921]	921	1476
COV	[922-922]	922	1504
COV	[923-923]	923	1495
COV	[924-924]	924	1454
COV	[925-925]	925	1452
COV	[926-926]	926	1446
COV	[927-927]	927	1416
COV	[928-928]	928	1399
COV	[929-929]	929	1391
COV	[930-930]	930	1498
COV	[931-931]	931	1433
COV	[932-932]	932	1415
COV	[933-933]	933	1437
COV	[934-934]	934	1356
COV	[935-935]	935	1399
COV	[936-936]	936	1350
COV	[937-937]	937	1421
COV	[938-938]	938	1449
COV	[939-939]	939	1381
COV	[940-940]	940	1433
COV	[941-941]	941	1442
COV	[942-942]	942	1482
COV	[943-943]	943	1443
COV	[944-944]	944	1459
COV	[945-945]	945	1408
COV	[946-946]	946	1444
COV	[947-947]	947	1377
COV	[948-948]	948	1402
COV	[949-949]	949	1415
COV	[950-950]	950	1318
COV	[951-951]	951	1329
COV	[952-952]	952	1360
COV	[953-953]	953	1308
COV	[954-954]	954	1358
COV	[955-955]	955	1363
COV	[956-956]	956	1383
COV	[957-957]	957	1285
COV	[958-958]	958	1328
COV	[959-959]	959	1402
COV	[960-960]	960	1343
COV	[961-961]	961	1325
COV	[962-962]	962	1340
COV	[963-963]	963	1359
COV	[964-964]	964	1442
COV	[965-965]	965	1376
COV	[966-966]	966	1429
COV	[967-967]	967	1384
COV	[968-968]	968	1320
COV	[969-969]	969	1364
COV	[970-970]	970	1337
COV	[971-971]	971	1355
COV	[972-972]	972	1402
COV	[973-973]	973	1321
COV	[974-974]	974	1343
COV	[975-975]	975	1349
COV	[976-976]	976	1357
COV	[977-977]	977	1314
COV	[978-978]	978	1299
COV	[979-979]	979	1292
COV	[980-980]	980	1347
COV	[981-981]	981	1330
COV	[982-982]	982	1317
COV	[983-983]	983	1315
COV	[984-984]	984	1334
COV	[985-985]	985	1343
COV	[986-986]	986	1309
COV	[987-987]	987	1259
COV	[988-988]	988	1291
COV	[989-989]	989	1268
COV	[990-990]	990	1210
COV	[991-991]	991	1274
COV	[992-992]	992	1261
COV	[993-993]	993	1256
COV	[994-994]	994	1216
COV	[995-995]	995	1249
COV	[996-996]	996	1200
COV	[997-997]	997	1272
COV	[998-998]	998	1297
COV	[999-999]	999	1233
COV	[1000-1000]	1000	1187
COV	[1000<]	1000	974852
# GC-depth. Use `grep ^GCD | cut -f 2-` to extract this part. The columns are: GC%, unique sequence percentiles, 10th, 25th, 50th, 75th and 90th depth percentile
GCD	0.0	0.128	0.000	0.000	0.000	0.000	0.000
GCD	43.0	0.193	1.742	1.742	1.742	1.742	1.742
GCD	44.0	0.257	7.810	7.810	7.810	7.810	7.810
GCD	45.0	0.321	0.115	0.115	0.115	0.115	0.115
GCD	46.0	0.578	0.302	0.972	4.049	23.840	30.081
GCD	47.0	0.771	4.369	4.369	139.614	597.169	597.169
GCD	48.0	0.899	23.804	23.804	106.381	188.958	188.958
GCD	49.0	1.863	16.036	37.524	97.757	291.545	970.617
GCD	50.0	5.138	21.530	58.211	130.113	287.456	573.809
GCD	51.0	10.597	27.929	71.002	156.501	389.572	559.470
GCD	52.0	20.231	55.895	101.589	162.861	253.834	453.331
GCD	53.0	35.902	45.424	82.830	149.908	229.755	327.615
GCD	54.0	57.675	50.689	78.517	128.961	229.094	340.571
GCD	55.0	76.879	54.267	78.934	120.122	184.394	304.379
GCD	56.0	90.366	44.737	71.423	118.434	206.280	399.413
GCD	57.0	97.431	35.177	61.474	120.626	220.554	341.758
GCD	58.0	99.101	28.392	46.915	96.336	255.031	728.078
GCD	59.0	99.807	5.047	82.368	136.051	352.851	522.400
GCD	60.0	99.872	48.602	48.602	48.602	48.602	48.602
GCD	61.0	100.000	180.320	180.320	186.287	192.254	192.254
