# This file was produced by samtools stats (1.19.2+htslib-1.19) and can be plotted using plot-bamstats
# This file contains statistics for all reads.
# The command line was:  stats -@ 4 151_ophiostoma.sorted.bam
# CHK, Checksum	[2]Read Names	[3]Sequences	[4]Qualities
# CHK, CRC32 of reads which passed filtering followed by addition (32bit overflow)
CHK	32b0102c	ed4036e4	3fc54676
# Summary Numbers. Use `grep ^SN | cut -f 2-` to extract this part.
SN	raw total sequences:	42402286	# excluding supplementary and secondary reads
SN	filtered sequences:	0
SN	sequences:	42402286
SN	is sorted:	1
SN	1st fragments:	21201143
SN	last fragments:	21201143
SN	reads mapped:	40063848
SN	reads mapped and paired:	39451514	# paired-end technology bit set + both mates mapped
SN	reads unmapped:	2338438
SN	reads properly paired:	39024022	# proper-pair bit set
SN	reads paired:	42402286	# paired-end technology bit set
SN	reads duplicated:	0	# PCR or optical duplicate bit set
SN	reads MQ0:	6952	# mapped and MQ=0
SN	reads QC failed:	0
SN	non-primary alignments:	77998
SN	supplementary alignments:	0
SN	total length:	6061160844	# ignores clipping
SN	total first fragment length:	3030289088	# ignores clipping
SN	total last fragment length:	3030871756	# ignores clipping
SN	bases mapped:	5726985503	# ignores clipping
SN	bases mapped (cigar):	5713929940	# more accurate
SN	bases trimmed:	0
SN	bases duplicated:	0
SN	mismatches:	21304063	# from NM fields
SN	error rate:	3.728444e-03	# mismatches / bases mapped (cigar)
SN	average length:	143
SN	average first fragment length:	143
SN	average last fragment length:	143
SN	maximum length:	151
SN	maximum first fragment length:	151
SN	maximum last fragment length:	151
SN	average quality:	36.2
SN	insert size average:	196.0
SN	insert size standard deviation:	71.1
SN	inward oriented pairs:	16596730
SN	outward oriented pairs:	2952497
SN	pairs with other orientation:	14587
SN	pairs on different chromosomes:	161943
SN	percentage of properly paired reads (%):	92.0
# First Fragment Qualities. Use `grep ^FFQ | cut -f 2-` to extract this part.
# Columns correspond to qualities and rows to cycles. First column is the cycle number.
FFQ	1	0	0	0	0	0	0	0	0	0	0	0	298552	0	0	0	0	0	0	0	0	0	0	0	0	0	494458	0	0	0	0	0	0	0	0	0	0	0	20408133	0
FFQ	2	0	0	33	0	0	0	0	0	0	0	0	225635	0	0	0	0	0	0	0	0	0	0	0	0	0	489750	0	0	0	0	0	0	0	0	0	0	0	20485725	0
FFQ	3	0	0	142	0	0	0	0	0	0	0	0	220124	0	0	0	0	0	0	0	0	0	0	0	0	0	470008	0	0	0	0	0	0	0	0	0	0	0	20510869	0
FFQ	4	0	0	13879	0	0	0	0	0	0	0	0	179601	0	0	0	0	0	0	0	0	0	0	0	0	0	428933	0	0	0	0	0	0	0	0	0	0	0	20578730	0
FFQ	5	0	0	12	0	0	0	0	0	0	0	0	168006	0	0	0	0	0	0	0	0	0	0	0	0	0	404544	0	0	0	0	0	0	0	0	0	0	0	20628581	0
FFQ	6	0	0	981	0	0	0	0	0	0	0	0	170908	0	0	0	0	0	0	0	0	0	0	0	0	0	441480	0	0	0	0	0	0	0	0	0	0	0	20587774	0
FFQ	7	0	0	0	0	0	0	0	0	0	0	0	191189	0	0	0	0	0	0	0	0	0	0	0	0	0	431934	0	0	0	0	0	0	0	0	0	0	0	20578020	0
FFQ	8	0	0	0	0	0	0	0	0	0	0	0	165219	0	0	0	0	0	0	0	0	0	0	0	0	0	394713	0	0	0	0	0	0	0	0	0	0	0	20641211	0
FFQ	9	0	0	0	0	0	0	0	0	0	0	0	177297	0	0	0	0	0	0	0	0	0	0	0	0	0	430591	0	0	0	0	0	0	0	0	0	0	0	20593255	0
FFQ	10	0	0	0	0	0	0	0	0	0	0	0	159034	0	0	0	0	0	0	0	0	0	0	0	0	0	415514	0	0	0	0	0	0	0	0	0	0	0	20626595	0
FFQ	11	0	0	0	0	0	0	0	0	0	0	0	168280	0	0	0	0	0	0	0	0	0	0	0	0	0	417901	0	0	0	0	0	0	0	0	0	0	0	20614962	0
FFQ	12	0	0	0	0	0	0	0	0	0	0	0	170293	0	0	0	0	0	0	0	0	0	0	0	0	0	424610	0	0	0	0	0	0	0	0	0	0	0	20606240	0
FFQ	13	0	0	1	0	0	0	0	0	0	0	0	170780	0	0	0	0	0	0	0	0	0	0	0	0	0	431237	0	0	0	0	0	0	0	0	0	0	0	20599125	0
FFQ	14	0	0	0	0	0	0	0	0	0	0	0	172222	0	0	0	0	0	0	0	0	0	0	0	0	0	438259	0	0	0	0	0	0	0	0	0	0	0	20590662	0
FFQ	15	0	0	0	0	0	0	0	0	0	0	0	168998	0	0	0	0	0	0	0	0	0	0	0	0	0	444190	0	0	0	0	0	0	0	0	0	0	0	20587955	0
FFQ	16	0	0	1364	0	0	0	0	0	0	0	0	174473	0	0	0	0	0	0	0	0	0	0	0	0	0	448798	0	0	0	0	0	0	0	0	0	0	0	20576508	0
FFQ	17	0	0	0	0	0	0	0	0	0	0	0	169261	0	0	0	0	0	0	0	0	0	0	0	0	0	439914	0	0	0	0	0	0	0	0	0	0	0	20591968	0
FFQ	18	0	0	0	0	0	0	0	0	0	0	0	176886	0	0	0	0	0	0	0	0	0	0	0	0	0	449657	0	0	0	0	0	0	0	0	0	0	0	20574600	0
FFQ	19	0	0	0	0	0	0	0	0	0	0	0	175522	0	0	0	0	0	0	0	0	0	0	0	0	0	455879	0	0	0	0	0	0	0	0	0	0	0	20569742	0
FFQ	20	0	0	4	0	0	0	0	0	0	0	0	175501	0	0	0	0	0	0	0	0	0	0	0	0	0	453185	0	0	0	0	0	0	0	0	0	0	0	20572453	0
FFQ	21	0	0	1	0	0	0	0	0	0	0	0	182628	0	0	0	0	0	0	0	0	0	0	0	0	0	464527	0	0	0	0	0	0	0	0	0	0	0	20553987	0
FFQ	22	0	0	57	0	0	0	0	0	0	0	0	184458	0	0	0	0	0	0	0	0	0	0	0	0	0	466666	0	0	0	0	0	0	0	0	0	0	0	20549962	0
FFQ	23	0	0	0	0	0	0	0	0	0	0	0	188042	0	0	0	0	0	0	0	0	0	0	0	0	0	477869	0	0	0	0	0	0	0	0	0	0	0	20535232	0
FFQ	24	0	0	0	0	0	0	0	0	0	0	0	188620	0	0	0	0	0	0	0	0	0	0	0	0	0	471133	0	0	0	0	0	0	0	0	0	0	0	20541390	0
FFQ	25	0	0	2	0	0	0	0	0	0	0	0	199734	0	0	0	0	0	0	0	0	0	0	0	0	0	488879	0	0	0	0	0	0	0	0	0	0	0	20512528	0
FFQ	26	0	0	262	0	0	0	0	0	0	0	0	214045	0	0	0	0	0	0	0	0	0	0	0	0	0	490246	0	0	0	0	0	0	0	0	0	0	0	20496590	0
FFQ	27	0	0	5	0	0	0	0	0	0	0	0	214382	0	0	0	0	0	0	0	0	0	0	0	0	0	496692	0	0	0	0	0	0	0	0	0	0	0	20490064	0
FFQ	28	0	0	0	0	0	0	0	0	0	0	0	217614	0	0	0	0	0	0	0	0	0	0	0	0	0	497265	0	0	0	0	0	0	0	0	0	0	0	20486264	0
FFQ	29	0	0	0	0	0	0	0	0	0	0	0	220537	0	0	0	0	0	0	0	0	0	0	0	0	0	506800	0	0	0	0	0	0	0	0	0	0	0	20473806	0
FFQ	30	0	0	44	0	0	0	0	0	0	0	0	225929	0	0	0	0	0	0	0	0	0	0	0	0	0	508038	0	0	0	0	0	0	0	0	0	0	0	20467132	0
FFQ	31	0	0	1	0	0	0	0	0	0	0	0	228051	0	0	0	0	0	0	0	0	0	0	0	0	0	506320	0	0	0	0	0	0	0	0	0	0	0	20466771	0
FFQ	32	0	0	2	0	0	0	0	0	0	0	0	227213	0	0	0	0	0	0	0	0	0	0	0	0	0	509065	0	0	0	0	0	0	0	0	0	0	0	20464863	0
FFQ	33	0	0	4	0	0	0	0	0	0	0	0	230070	0	0	0	0	0	0	0	0	0	0	0	0	0	516116	0	0	0	0	0	0	0	0	0	0	0	20454953	0
FFQ	34	0	0	1	0	0	0	0	0	0	0	0	234147	0	0	0	0	0	0	0	0	0	0	0	0	0	515994	0	0	0	0	0	0	0	0	0	0	0	20451001	0
FFQ	35	0	0	0	0	0	0	0	0	0	0	0	241346	0	0	0	0	0	0	0	0	0	0	0	0	0	526813	0	0	0	0	0	0	0	0	0	0	0	20432984	0
FFQ	36	0	0	583	0	0	0	0	0	0	0	0	242441	0	0	0	0	0	0	0	0	0	0	0	0	0	532588	0	0	0	0	0	0	0	0	0	0	0	20425310	0
FFQ	37	0	0	1	0	0	0	0	0	0	0	0	244036	0	0	0	0	0	0	0	0	0	0	0	0	0	531810	0	0	0	0	0	0	0	0	0	0	0	20424904	0
FFQ	38	0	0	0	0	0	0	0	0	0	0	0	241085	0	0	0	0	0	0	0	0	0	0	0	0	0	530470	0	0	0	0	0	0	0	0	0	0	0	20429036	0
FFQ	39	0	0	1	0	0	0	0	0	0	0	0	242426	0	0	0	0	0	0	0	0	0	0	0	0	0	533101	0	0	0	0	0	0	0	0	0	0	0	20424856	0
FFQ	40	0	0	0	0	0	0	0	0	0	0	0	245401	0	0	0	0	0	0	0	0	0	0	0	0	0	532832	0	0	0	0	0	0	0	0	0	0	0	20421952	0
FFQ	41	0	0	0	0	0	0	0	0	0	0	0	250528	0	0	0	0	0	0	0	0	0	0	0	0	0	544823	0	0	0	0	0	0	0	0	0	0	0	20404600	0
FFQ	42	0	0	0	0	0	0	0	0	0	0	0	248947	0	0	0	0	0	0	0	0	0	0	0	0	0	542927	0	0	0	0	0	0	0	0	0	0	0	20407848	0
FFQ	43	0	0	0	0	0	0	0	0	0	0	0	250238	0	0	0	0	0	0	0	0	0	0	0	0	0	540377	0	0	0	0	0	0	0	0	0	0	0	20408864	0
FFQ	44	0	0	532	0	0	0	0	0	0	0	0	253963	0	0	0	0	0	0	0	0	0	0	0	0	0	548835	0	0	0	0	0	0	0	0	0	0	0	20395881	0
FFQ	45	0	0	0	0	0	0	0	0	0	0	0	256825	0	0	0	0	0	0	0	0	0	0	0	0	0	557253	0	0	0	0	0	0	0	0	0	0	0	20384851	0
FFQ	46	0	0	1	0	0	0	0	0	0	0	0	259512	0	0	0	0	0	0	0	0	0	0	0	0	0	561008	0	0	0	0	0	0	0	0	0	0	0	20378113	0
FFQ	47	0	0	8	0	0	0	0	0	0	0	0	260273	0	0	0	0	0	0	0	0	0	0	0	0	0	562836	0	0	0	0	0	0	0	0	0	0	0	20375153	0
FFQ	48	0	0	4	0	0	0	0	0	0	0	0	260511	0	0	0	0	0	0	0	0	0	0	0	0	0	561244	0	0	0	0	0	0	0	0	0	0	0	20376064	0
FFQ	49	0	0	12	0	0	0	0	0	0	0	0	262668	0	0	0	0	0	0	0	0	0	0	0	0	0	563210	0	0	0	0	0	0	0	0	0	0	0	20371413	0
FFQ	50	0	0	569	0	0	0	0	0	0	0	0	259502	0	0	0	0	0	0	0	0	0	0	0	0	0	561296	0	0	0	0	0	0	0	0	0	0	0	20375329	0
FFQ	51	0	0	107	0	0	0	0	0	0	0	0	265307	0	0	0	0	0	0	0	0	0	0	0	0	0	570653	0	0	0	0	0	0	0	0	0	0	0	20359902	0
FFQ	52	0	0	2	0	0	0	0	0	0	0	0	266330	0	0	0	0	0	0	0	0	0	0	0	0	0	567673	0	0	0	0	0	0	0	0	0	0	0	20361243	0
FFQ	53	0	0	1832	0	0	0	0	0	0	0	0	263312	0	0	0	0	0	0	0	0	0	0	0	0	0	567965	0	0	0	0	0	0	0	0	0	0	0	20361383	0
FFQ	54	0	0	19792	0	0	0	0	0	0	0	0	264453	0	0	0	0	0	0	0	0	0	0	0	0	0	568672	0	0	0	0	0	0	0	0	0	0	0	20340863	0
FFQ	55	0	0	1383	0	0	0	0	0	0	0	0	269202	0	0	0	0	0	0	0	0	0	0	0	0	0	574809	0	0	0	0	0	0	0	0	0	0	0	20347680	0
FFQ	56	0	0	496	0	0	0	0	0	0	0	0	275374	0	0	0	0	0	0	0	0	0	0	0	0	0	588875	0	0	0	0	0	0	0	0	0	0	0	20327624	0
FFQ	57	0	0	0	0	0	0	0	0	0	0	0	276516	0	0	0	0	0	0	0	0	0	0	0	0	0	586806	0	0	0	0	0	0	0	0	0	0	0	20328274	0
FFQ	58	0	0	0	0	0	0	0	0	0	0	0	272057	0	0	0	0	0	0	0	0	0	0	0	0	0	578569	0	0	0	0	0	0	0	0	0	0	0	20340122	0
FFQ	59	0	0	0	0	0	0	0	0	0	0	0	280413	0	0	0	0	0	0	0	0	0	0	0	0	0	596151	0	0	0	0	0	0	0	0	0	0	0	20313231	0
FFQ	60	0	0	0	0	0	0	0	0	0	0	0	281585	0	0	0	0	0	0	0	0	0	0	0	0	0	593381	0	0	0	0	0	0	0	0	0	0	0	20313728	0
FFQ	61	0	0	0	0	0	0	0	0	0	0	0	270629	0	0	0	0	0	0	0	0	0	0	0	0	0	575721	0	0	0	0	0	0	0	0	0	0	0	20341131	0
FFQ	62	0	0	21	0	0	0	0	0	0	0	0	271974	0	0	0	0	0	0	0	0	0	0	0	0	0	584092	0	0	0	0	0	0	0	0	0	0	0	20330006	0
FFQ	63	0	0	12	0	0	0	0	0	0	0	0	283616	0	0	0	0	0	0	0	0	0	0	0	0	0	598013	0	0	0	0	0	0	0	0	0	0	0	20303041	0
FFQ	64	0	0	21	0	0	0	0	0	0	0	0	277904	0	0	0	0	0	0	0	0	0	0	0	0	0	588305	0	0	0	0	0	0	0	0	0	0	0	20316907	0
FFQ	65	0	0	5	0	0	0	0	0	0	0	0	279868	0	0	0	0	0	0	0	0	0	0	0	0	0	592960	0	0	0	0	0	0	0	0	0	0	0	20308584	0
FFQ	66	0	0	0	0	0	0	0	0	0	0	0	287715	0	0	0	0	0	0	0	0	0	0	0	0	0	607168	0	0	0	0	0	0	0	0	0	0	0	20284776	0
FFQ	67	0	0	74	0	0	0	0	0	0	0	0	293957	0	0	0	0	0	0	0	0	0	0	0	0	0	614732	0	0	0	0	0	0	0	0	0	0	0	20268993	0
FFQ	68	0	0	246	0	0	0	0	0	0	0	0	293343	0	0	0	0	0	0	0	0	0	0	0	0	0	616682	0	0	0	0	0	0	0	0	0	0	0	20265330	0
FFQ	69	0	0	202	0	0	0	0	0	0	0	0	292274	0	0	0	0	0	0	0	0	0	0	0	0	0	616142	0	0	0	0	0	0	0	0	0	0	0	20264541	0
FFQ	70	0	0	10	0	0	0	0	0	0	0	0	292806	0	0	0	0	0	0	0	0	0	0	0	0	0	614438	0	0	0	0	0	0	0	0	0	0	0	20263176	0
FFQ	71	0	0	183	0	0	0	0	0	0	0	0	293578	0	0	0	0	0	0	0	0	0	0	0	0	0	614763	0	0	0	0	0	0	0	0	0	0	0	20258850	0
FFQ	72	0	0	252	0	0	0	0	0	0	0	0	297623	0	0	0	0	0	0	0	0	0	0	0	0	0	622346	0	0	0	0	0	0	0	0	0	0	0	20243837	0
FFQ	73	0	0	14	0	0	0	0	0	0	0	0	298649	0	0	0	0	0	0	0	0	0	0	0	0	0	620421	0	0	0	0	0	0	0	0	0	0	0	20241278	0
FFQ	74	0	0	16	0	0	0	0	0	0	0	0	291614	0	0	0	0	0	0	0	0	0	0	0	0	0	613725	0	0	0	0	0	0	0	0	0	0	0	20250845	0
FFQ	75	0	0	8	0	0	0	0	0	0	0	0	296813	0	0	0	0	0	0	0	0	0	0	0	0	0	620824	0	0	0	0	0	0	0	0	0	0	0	20233948	0
FFQ	76	0	0	4	0	0	0	0	0	0	0	0	299032	0	0	0	0	0	0	0	0	0	0	0	0	0	622684	0	0	0	0	0	0	0	0	0	0	0	20224839	0
FFQ	77	0	0	921	0	0	0	0	0	0	0	0	310155	0	0	0	0	0	0	0	0	0	0	0	0	0	638953	0	0	0	0	0	0	0	0	0	0	0	20190920	0
FFQ	78	0	0	294	0	0	0	0	0	0	0	0	307060	0	0	0	0	0	0	0	0	0	0	0	0	0	636462	0	0	0	0	0	0	0	0	0	0	0	20191079	0
FFQ	79	0	0	8	0	0	0	0	0	0	0	0	305097	0	0	0	0	0	0	0	0	0	0	0	0	0	629006	0	0	0	0	0	0	0	0	0	0	0	20193991	0
FFQ	80	0	0	3	0	0	0	0	0	0	0	0	313045	0	0	0	0	0	0	0	0	0	0	0	0	0	646334	0	0	0	0	0	0	0	0	0	0	0	20160868	0
FFQ	81	0	0	2	0	0	0	0	0	0	0	0	318820	0	0	0	0	0	0	0	0	0	0	0	0	0	651284	0	0	0	0	0	0	0	0	0	0	0	20141602	0
FFQ	82	0	0	5	0	0	0	0	0	0	0	0	313835	0	0	0	0	0	0	0	0	0	0	0	0	0	640935	0	0	0	0	0	0	0	0	0	0	0	20147518	0
FFQ	83	0	0	0	0	0	0	0	0	0	0	0	318847	0	0	0	0	0	0	0	0	0	0	0	0	0	651875	0	0	0	0	0	0	0	0	0	0	0	20121085	0
FFQ	84	0	0	27	0	0	0	0	0	0	0	0	321292	0	0	0	0	0	0	0	0	0	0	0	0	0	654934	0	0	0	0	0	0	0	0	0	0	0	20103861	0
FFQ	85	0	0	31	0	0	0	0	0	0	0	0	325162	0	0	0	0	0	0	0	0	0	0	0	0	0	655604	0	0	0	0	0	0	0	0	0	0	0	20086291	0
FFQ	86	0	0	0	0	0	0	0	0	0	0	0	322124	0	0	0	0	0	0	0	0	0	0	0	0	0	658210	0	0	0	0	0	0	0	0	0	0	0	20072238	0
FFQ	87	0	0	0	0	0	0	0	0	0	0	0	324899	0	0	0	0	0	0	0	0	0	0	0	0	0	660663	0	0	0	0	0	0	0	0	0	0	0	20051245	0
FFQ	88	0	0	1	0	0	0	0	0	0	0	0	322195	0	0	0	0	0	0	0	0	0	0	0	0	0	657933	0	0	0	0	0	0	0	0	0	0	0	20039232	0
FFQ	89	0	0	0	0	0	0	0	0	0	0	0	321854	0	0	0	0	0	0	0	0	0	0	0	0	0	658749	0	0	0	0	0	0	0	0	0	0	0	20019433	0
FFQ	90	0	0	1	0	0	0	0	0	0	0	0	324687	0	0	0	0	0	0	0	0	0	0	0	0	0	660918	0	0	0	0	0	0	0	0	0	0	0	19994158	0
FFQ	91	0	0	1	0	0	0	0	0	0	0	0	324362	0	0	0	0	0	0	0	0	0	0	0	0	0	658589	0	0	0	0	0	0	0	0	0	0	0	19974205	0
FFQ	92	0	0	4	0	0	0	0	0	0	0	0	337759	0	0	0	0	0	0	0	0	0	0	0	0	0	681972	0	0	0	0	0	0	0	0	0	0	0	19911983	0
FFQ	93	0	0	0	0	0	0	0	0	0	0	0	336902	0	0	0	0	0	0	0	0	0	0	0	0	0	677149	0	0	0	0	0	0	0	0	0	0	0	19890426	0
FFQ	94	0	0	146	0	0	0	0	0	0	0	0	340619	0	0	0	0	0	0	0	0	0	0	0	0	0	680199	0	0	0	0	0	0	0	0	0	0	0	19853114	0
FFQ	95	0	0	203	0	0	0	0	0	0	0	0	344196	0	0	0	0	0	0	0	0	0	0	0	0	0	688201	0	0	0	0	0	0	0	0	0	0	0	19808302	0
FFQ	96	0	0	106	0	0	0	0	0	0	0	0	347114	0	0	0	0	0	0	0	0	0	0	0	0	0	690983	0	0	0	0	0	0	0	0	0	0	0	19767172	0
FFQ	97	0	0	2	0	0	0	0	0	0	0	0	334102	0	0	0	0	0	0	0	0	0	0	0	0	0	673282	0	0	0	0	0	0	0	0	0	0	0	19759816	0
FFQ	98	0	0	0	0	0	0	0	0	0	0	0	342028	0	0	0	0	0	0	0	0	0	0	0	0	0	686932	0	0	0	0	0	0	0	0	0	0	0	19696941	0
FFQ	99	0	0	0	0	0	0	0	0	0	0	0	356054	0	0	0	0	0	0	0	0	0	0	0	0	0	702645	0	0	0	0	0	0	0	0	0	0	0	19623041	0
FFQ	100	0	0	57	0	0	0	0	0	0	0	0	360894	0	0	0	0	0	0	0	0	0	0	0	0	0	707014	0	0	0	0	0	0	0	0	0	0	0	19566967	0
FFQ	101	0	0	57	0	0	0	0	0	0	0	0	343702	0	0	0	0	0	0	0	0	0	0	0	0	0	685612	0	0	0	0	0	0	0	0	0	0	0	19554653	0
FFQ	102	0	0	57	0	0	0	0	0	0	0	0	348496	0	0	0	0	0	0	0	0	0	0	0	0	0	692674	0	0	0	0	0	0	0	0	0	0	0	19488468	0
FFQ	103	0	0	25	0	0	0	0	0	0	0	0	344067	0	0	0	0	0	0	0	0	0	0	0	0	0	684305	0	0	0	0	0	0	0	0	0	0	0	19444194	0
FFQ	104	0	0	2	0	0	0	0	0	0	0	0	342054	0	0	0	0	0	0	0	0	0	0	0	0	0	684259	0	0	0	0	0	0	0	0	0	0	0	19384712	0
FFQ	105	0	0	0	0	0	0	0	0	0	0	0	351528	0	0	0	0	0	0	0	0	0	0	0	0	0	696329	0	0	0	0	0	0	0	0	0	0	0	19298286	0
FFQ	106	0	0	40	0	0	0	0	0	0	0	0	358428	0	0	0	0	0	0	0	0	0	0	0	0	0	702576	0	0	0	0	0	0	0	0	0	0	0	19216655	0
FFQ	107	0	0	0	0	0	0	0	0	0	0	0	353892	0	0	0	0	0	0	0	0	0	0	0	0	0	697975	0	0	0	0	0	0	0	0	0	0	0	19152761	0
FFQ	108	0	0	2	0	0	0	0	0	0	0	0	347127	0	0	0	0	0	0	0	0	0	0	0	0	0	690593	0	0	0	0	0	0	0	0	0	0	0	19090859	0
FFQ	109	0	0	0	0	0	0	0	0	0	0	0	357534	0	0	0	0	0	0	0	0	0	0	0	0	0	703664	0	0	0	0	0	0	0	0	0	0	0	18988782	0
FFQ	110	0	0	2	0	0	0	0	0	0	0	0	359384	0	0	0	0	0	0	0	0	0	0	0	0	0	702964	0	0	0	0	0	0	0	0	0	0	0	18904802	0
FFQ	111	0	0	8	0	0	0	0	0	0	0	0	359429	0	0	0	0	0	0	0	0	0	0	0	0	0	709392	0	0	0	0	0	0	0	0	0	0	0	18813164	0
FFQ	112	0	0	24	0	0	0	0	0	0	0	0	360285	0	0	0	0	0	0	0	0	0	0	0	0	0	703461	0	0	0	0	0	0	0	0	0	0	0	18729373	0
FFQ	113	0	0	9	0	0	0	0	0	0	0	0	349122	0	0	0	0	0	0	0	0	0	0	0	0	0	690845	0	0	0	0	0	0	0	0	0	0	0	18658407	0
FFQ	114	0	0	1168	0	0	0	0	0	0	0	0	353030	0	0	0	0	0	0	0	0	0	0	0	0	0	696751	0	0	0	0	0	0	0	0	0	0	0	18550411	0
FFQ	115	0	0	548	0	0	0	0	0	0	0	0	344260	0	0	0	0	0	0	0	0	0	0	0	0	0	684197	0	0	0	0	0	0	0	0	0	0	0	18472185	0
FFQ	116	0	0	0	0	0	0	0	0	0	0	0	344168	0	0	0	0	0	0	0	0	0	0	0	0	0	684399	0	0	0	0	0	0	0	0	0	0	0	18367518	0
FFQ	117	0	0	53	0	0	0	0	0	0	0	0	338685	0	0	0	0	0	0	0	0	0	0	0	0	0	674712	0	0	0	0	0	0	0	0	0	0	0	18275945	0
FFQ	118	0	0	275	0	0	0	0	0	0	0	0	336537	0	0	0	0	0	0	0	0	0	0	0	0	0	674383	0	0	0	0	0	0	0	0	0	0	0	18167762	0
FFQ	119	0	0	159	0	0	0	0	0	0	0	0	344338	0	0	0	0	0	0	0	0	0	0	0	0	0	681203	0	0	0	0	0	0	0	0	0	0	0	18039826	0
FFQ	120	0	0	1	0	0	0	0	0	0	0	0	360000	0	0	0	0	0	0	0	0	0	0	0	0	0	705875	0	0	0	0	0	0	0	0	0	0	0	17885067	0
FFQ	121	0	0	6	0	0	0	0	0	0	0	0	355441	0	0	0	0	0	0	0	0	0	0	0	0	0	694203	0	0	0	0	0	0	0	0	0	0	0	17783607	0
FFQ	122	0	0	0	0	0	0	0	0	0	0	0	348181	0	0	0	0	0	0	0	0	0	0	0	0	0	685348	0	0	0	0	0	0	0	0	0	0	0	17678536	0
FFQ	123	0	0	0	0	0	0	0	0	0	0	0	357140	0	0	0	0	0	0	0	0	0	0	0	0	0	701578	0	0	0	0	0	0	0	0	0	0	0	17530078	0
FFQ	124	0	0	7	0	0	0	0	0	0	0	0	346066	0	0	0	0	0	0	0	0	0	0	0	0	0	677763	0	0	0	0	0	0	0	0	0	0	0	17440001	0
FFQ	125	0	0	0	0	0	0	0	0	0	0	0	341559	0	0	0	0	0	0	0	0	0	0	0	0	0	676572	0	0	0	0	0	0	0	0	0	0	0	17316218	0
FFQ	126	0	0	0	0	0	0	0	0	0	0	0	350982	0	0	0	0	0	0	0	0	0	0	0	0	0	688015	0	0	0	0	0	0	0	0	0	0	0	17165606	0
FFQ	127	0	0	0	0	0	0	0	0	0	0	0	353945	0	0	0	0	0	0	0	0	0	0	0	0	0	682862	0	0	0	0	0	0	0	0	0	0	0	17035255	0
FFQ	128	0	0	0	0	0	0	0	0	0	0	0	355318	0	0	0	0	0	0	0	0	0	0	0	0	0	692147	0	0	0	0	0	0	0	0	0	0	0	16888979	0
FFQ	129	0	0	0	0	0	0	0	0	0	0	0	347838	0	0	0	0	0	0	0	0	0	0	0	0	0	677890	0	0	0	0	0	0	0	0	0	0	0	16776057	0
FFQ	130	0	0	0	0	0	0	0	0	0	0	0	345819	0	0	0	0	0	0	0	0	0	0	0	0	0	673456	0	0	0	0	0	0	0	0	0	0	0	16645835	0
FFQ	131	0	0	0	0	0	0	0	0	0	0	0	357202	0	0	0	0	0	0	0	0	0	0	0	0	0	694393	0	0	0	0	0	0	0	0	0	0	0	16473662	0
FFQ	132	0	0	0	0	0	0	0	0	0	0	0	370302	0	0	0	0	0	0	0	0	0	0	0	0	0	703722	0	0	0	0	0	0	0	0	0	0	0	16310773	0
FFQ	133	0	0	21	0	0	0	0	0	0	0	0	357958	0	0	0	0	0	0	0	0	0	0	0	0	0	686312	0	0	0	0	0	0	0	0	0	0	0	16199283	0
FFQ	134	0	0	0	0	0	0	0	0	0	0	0	352176	0	0	0	0	0	0	0	0	0	0	0	0	0	680033	0	0	0	0	0	0	0	0	0	0	0	16065571	0
FFQ	135	0	0	0	0	0	0	0	0	0	0	0	354466	0	0	0	0	0	0	0	0	0	0	0	0	0	682585	0	0	0	0	0	0	0	0	0	0	0	15914859	0
FFQ	136	0	0	0	0	0	0	0	0	0	0	0	344477	0	0	0	0	0	0	0	0	0	0	0	0	0	666599	0	0	0	0	0	0	0	0	0	0	0	15794268	0
FFQ	137	0	0	5	0	0	0	0	0	0	0	0	351073	0	0	0	0	0	0	0	0	0	0	0	0	0	676983	0	0	0	0	0	0	0	0	0	0	0	15626613	0
FFQ	138	0	0	8	0	0	0	0	0	0	0	0	355489	0	0	0	0	0	0	0	0	0	0	0	0	0	680251	0	0	0	0	0	0	0	0	0	0	0	15469806	0
FFQ	139	0	0	2	0	0	0	0	0	0	0	0	339717	0	0	0	0	0	0	0	0	0	0	0	0	0	661498	0	0	0	0	0	0	0	0	0	0	0	15354888	0
FFQ	140	0	0	3	0	0	0	0	0	0	0	0	339592	0	0	0	0	0	0	0	0	0	0	0	0	0	661858	0	0	0	0	0	0	0	0	0	0	0	15202781	0
FFQ	141	0	0	6	0	0	0	0	0	0	0	0	344083	0	0	0	0	0	0	0	0	0	0	0	0	0	665278	0	0	0	0	0	0	0	0	0	0	0	15044312	0
FFQ	142	0	0	13	0	0	0	0	0	0	0	0	345088	0	0	0	0	0	0	0	0	0	0	0	0	0	665572	0	0	0	0	0	0	0	0	0	0	0	14892182	0
FFQ	143	0	0	0	0	0	0	0	0	0	0	0	355514	0	0	0	0	0	0	0	0	0	0	0	0	0	676710	0	0	0	0	0	0	0	0	0	0	0	14715331	0
FFQ	144	0	0	0	0	0	0	0	0	0	0	0	350247	0	0	0	0	0	0	0	0	0	0	0	0	0	674336	0	0	0	0	0	0	0	0	0	0	0	14567070	0
FFQ	145	0	0	28	0	0	0	0	0	0	0	0	331364	0	0	0	0	0	0	0	0	0	0	0	0	0	651237	0	0	0	0	0	0	0	0	0	0	0	14451716	0
FFQ	146	0	0	9978	0	0	0	0	0	0	0	0	346051	0	0	0	0	0	0	0	0	0	0	0	0	0	673034	0	0	0	0	0	0	0	0	0	0	0	14239660	0
FFQ	147	0	0	197	0	0	0	0	0	0	0	0	334434	0	0	0	0	0	0	0	0	0	0	0	0	0	664791	0	0	0	0	0	0	0	0	0	0	0	14081670	0
FFQ	148	0	0	3	0	0	0	0	0	0	0	0	299447	0	0	0	0	0	0	0	0	0	0	0	0	0	644216	0	0	0	0	0	0	0	0	0	0	0	13950073	0
FFQ	149	0	0	152	0	0	0	0	0	0	0	0	308439	0	0	0	0	0	0	0	0	0	0	0	0	0	656023	0	0	0	0	0	0	0	0	0	0	0	13774259	0
FFQ	150	0	0	0	0	0	0	0	0	0	0	0	321773	0	0	0	0	0	0	0	0	0	0	0	0	0	669482	0	0	0	0	0	0	0	0	0	0	0	13595508	0
FFQ	151	0	0	0	0	0	0	0	0	0	0	0	400197	0	0	0	0	0	0	0	0	0	0	0	0	0	799830	0	0	0	0	0	0	0	0	0	0	0	13230342	0
# Last Fragment Qualities. Use `grep ^LFQ | cut -f 2-` to extract this part.
# Columns correspond to qualities and rows to cycles. First column is the cycle number.
LFQ	1	0	0	0	0	0	0	0	0	0	0	0	225941	0	0	0	0	0	0	0	0	0	0	0	0	0	511786	0	0	0	0	0	0	0	0	0	0	0	20463416	0
LFQ	2	0	0	72	0	0	0	0	0	0	0	0	207585	0	0	0	0	0	0	0	0	0	0	0	0	0	507478	0	0	0	0	0	0	0	0	0	0	0	20486008	0
LFQ	3	0	0	68	0	0	0	0	0	0	0	0	199934	0	0	0	0	0	0	0	0	0	0	0	0	0	494648	0	0	0	0	0	0	0	0	0	0	0	20506493	0
LFQ	4	0	0	52	0	0	0	0	0	0	0	0	178288	0	0	0	0	0	0	0	0	0	0	0	0	0	465296	0	0	0	0	0	0	0	0	0	0	0	20557507	0
LFQ	5	0	0	0	0	0	0	0	0	0	0	0	181929	0	0	0	0	0	0	0	0	0	0	0	0	0	461537	0	0	0	0	0	0	0	0	0	0	0	20557677	0
LFQ	6	0	0	0	0	0	0	0	0	0	0	0	197263	0	0	0	0	0	0	0	0	0	0	0	0	0	517638	0	0	0	0	0	0	0	0	0	0	0	20486242	0
LFQ	7	0	0	0	0	0	0	0	0	0	0	0	212950	0	0	0	0	0	0	0	0	0	0	0	0	0	540543	0	0	0	0	0	0	0	0	0	0	0	20447650	0
LFQ	8	0	0	0	0	0	0	0	0	0	0	0	196014	0	0	0	0	0	0	0	0	0	0	0	0	0	489759	0	0	0	0	0	0	0	0	0	0	0	20515370	0
LFQ	9	0	0	0	0	0	0	0	0	0	0	0	207901	0	0	0	0	0	0	0	0	0	0	0	0	0	518816	0	0	0	0	0	0	0	0	0	0	0	20474426	0
LFQ	10	0	0	438	0	0	0	0	0	0	0	0	183449	0	0	0	0	0	0	0	0	0	0	0	0	0	492652	0	0	0	0	0	0	0	0	0	0	0	20524604	0
LFQ	11	0	0	0	0	0	0	0	0	0	0	0	180191	0	0	0	0	0	0	0	0	0	0	0	0	0	464754	0	0	0	0	0	0	0	0	0	0	0	20556198	0
LFQ	12	0	0	0	0	0	0	0	0	0	0	0	186342	0	0	0	0	0	0	0	0	0	0	0	0	0	473681	0	0	0	0	0	0	0	0	0	0	0	20541120	0
LFQ	13	0	0	0	0	0	0	0	0	0	0	0	186034	0	0	0	0	0	0	0	0	0	0	0	0	0	475735	0	0	0	0	0	0	0	0	0	0	0	20539374	0
LFQ	14	0	0	0	0	0	0	0	0	0	0	0	190134	0	0	0	0	0	0	0	0	0	0	0	0	0	488006	0	0	0	0	0	0	0	0	0	0	0	20523003	0
LFQ	15	0	0	0	0	0	0	0	0	0	0	0	192131	0	0	0	0	0	0	0	0	0	0	0	0	0	492381	0	0	0	0	0	0	0	0	0	0	0	20516631	0
LFQ	16	0	0	0	0	0	0	0	0	0	0	0	193146	0	0	0	0	0	0	0	0	0	0	0	0	0	496320	0	0	0	0	0	0	0	0	0	0	0	20511677	0
LFQ	17	0	0	0	0	0	0	0	0	0	0	0	194435	0	0	0	0	0	0	0	0	0	0	0	0	0	498565	0	0	0	0	0	0	0	0	0	0	0	20508143	0
LFQ	18	0	0	0	0	0	0	0	0	0	0	0	194675	0	0	0	0	0	0	0	0	0	0	0	0	0	496770	0	0	0	0	0	0	0	0	0	0	0	20509698	0
LFQ	19	0	0	0	0	0	0	0	0	0	0	0	200733	0	0	0	0	0	0	0	0	0	0	0	0	0	508466	0	0	0	0	0	0	0	0	0	0	0	20491944	0
LFQ	20	0	0	1	0	0	0	0	0	0	0	0	198280	0	0	0	0	0	0	0	0	0	0	0	0	0	504817	0	0	0	0	0	0	0	0	0	0	0	20498045	0
LFQ	21	0	0	0	0	0	0	0	0	0	0	0	206938	0	0	0	0	0	0	0	0	0	0	0	0	0	523754	0	0	0	0	0	0	0	0	0	0	0	20470451	0
LFQ	22	0	0	0	0	0	0	0	0	0	0	0	199975	0	0	0	0	0	0	0	0	0	0	0	0	0	507432	0	0	0	0	0	0	0	0	0	0	0	20493736	0
LFQ	23	0	0	0	0	0	0	0	0	0	0	0	203437	0	0	0	0	0	0	0	0	0	0	0	0	0	518931	0	0	0	0	0	0	0	0	0	0	0	20478775	0
LFQ	24	0	0	0	0	0	0	0	0	0	0	0	204841	0	0	0	0	0	0	0	0	0	0	0	0	0	521142	0	0	0	0	0	0	0	0	0	0	0	20475160	0
LFQ	25	0	0	152	0	0	0	0	0	0	0	0	209466	0	0	0	0	0	0	0	0	0	0	0	0	0	530746	0	0	0	0	0	0	0	0	0	0	0	20460779	0
LFQ	26	0	0	0	0	0	0	0	0	0	0	0	207609	0	0	0	0	0	0	0	0	0	0	0	0	0	526130	0	0	0	0	0	0	0	0	0	0	0	20467404	0
LFQ	27	0	0	11	0	0	0	0	0	0	0	0	213658	0	0	0	0	0	0	0	0	0	0	0	0	0	535884	0	0	0	0	0	0	0	0	0	0	0	20451590	0
LFQ	28	0	0	0	0	0	0	0	0	0	0	0	211775	0	0	0	0	0	0	0	0	0	0	0	0	0	531622	0	0	0	0	0	0	0	0	0	0	0	20457746	0
LFQ	29	0	0	0	0	0	0	0	0	0	0	0	213269	0	0	0	0	0	0	0	0	0	0	0	0	0	538890	0	0	0	0	0	0	0	0	0	0	0	20448984	0
LFQ	30	0	0	0	0	0	0	0	0	0	0	0	222499	0	0	0	0	0	0	0	0	0	0	0	0	0	551590	0	0	0	0	0	0	0	0	0	0	0	20427054	0
LFQ	31	0	0	0	0	0	0	0	0	0	0	0	213269	0	0	0	0	0	0	0	0	0	0	0	0	0	532984	0	0	0	0	0	0	0	0	0	0	0	20454890	0
LFQ	32	0	0	145	0	0	0	0	0	0	0	0	222234	0	0	0	0	0	0	0	0	0	0	0	0	0	551104	0	0	0	0	0	0	0	0	0	0	0	20427660	0
LFQ	33	0	0	0	0	0	0	0	0	0	0	0	220043	0	0	0	0	0	0	0	0	0	0	0	0	0	547004	0	0	0	0	0	0	0	0	0	0	0	20434096	0
LFQ	34	0	0	0	0	0	0	0	0	0	0	0	222813	0	0	0	0	0	0	0	0	0	0	0	0	0	553205	0	0	0	0	0	0	0	0	0	0	0	20425125	0
LFQ	35	0	0	2	0	0	0	0	0	0	0	0	225781	0	0	0	0	0	0	0	0	0	0	0	0	0	561453	0	0	0	0	0	0	0	0	0	0	0	20413907	0
LFQ	36	0	0	0	0	0	0	0	0	0	0	0	221778	0	0	0	0	0	0	0	0	0	0	0	0	0	550964	0	0	0	0	0	0	0	0	0	0	0	20428224	0
LFQ	37	0	0	0	0	0	0	0	0	0	0	0	225333	0	0	0	0	0	0	0	0	0	0	0	0	0	557233	0	0	0	0	0	0	0	0	0	0	0	20418244	0
LFQ	38	0	0	0	0	0	0	0	0	0	0	0	233860	0	0	0	0	0	0	0	0	0	0	0	0	0	572052	0	0	0	0	0	0	0	0	0	0	0	20394740	0
LFQ	39	0	0	0	0	0	0	0	0	0	0	0	225824	0	0	0	0	0	0	0	0	0	0	0	0	0	556876	0	0	0	0	0	0	0	0	0	0	0	20417744	0
LFQ	40	0	0	0	0	0	0	0	0	0	0	0	229836	0	0	0	0	0	0	0	0	0	0	0	0	0	567856	0	0	0	0	0	0	0	0	0	0	0	20402566	0
LFQ	41	0	0	142	0	0	0	0	0	0	0	0	232448	0	0	0	0	0	0	0	0	0	0	0	0	0	571474	0	0	0	0	0	0	0	0	0	0	0	20395962	0
LFQ	42	0	0	0	0	0	0	0	0	0	0	0	232129	0	0	0	0	0	0	0	0	0	0	0	0	0	568188	0	0	0	0	0	0	0	0	0	0	0	20399476	0
LFQ	43	0	0	0	0	0	0	0	0	0	0	0	232095	0	0	0	0	0	0	0	0	0	0	0	0	0	565465	0	0	0	0	0	0	0	0	0	0	0	20402009	0
LFQ	44	0	0	0	0	0	0	0	0	0	0	0	239763	0	0	0	0	0	0	0	0	0	0	0	0	0	585449	0	0	0	0	0	0	0	0	0	0	0	20374109	0
LFQ	45	0	0	0	0	0	0	0	0	0	0	0	242560	0	0	0	0	0	0	0	0	0	0	0	0	0	590062	0	0	0	0	0	0	0	0	0	0	0	20366438	0
LFQ	46	0	0	0	0	0	0	0	0	0	0	0	252187	0	0	0	0	0	0	0	0	0	0	0	0	0	604370	0	0	0	0	0	0	0	0	0	0	0	20342232	0
LFQ	47	0	0	3	0	0	0	0	0	0	0	0	260435	0	0	0	0	0	0	0	0	0	0	0	0	0	617111	0	0	0	0	0	0	0	0	0	0	0	20320892	0
LFQ	48	0	0	0	0	0	0	0	0	0	0	0	261367	0	0	0	0	0	0	0	0	0	0	0	0	0	619800	0	0	0	0	0	0	0	0	0	0	0	20316862	0
LFQ	49	0	0	0	0	0	0	0	0	0	0	0	258844	0	0	0	0	0	0	0	0	0	0	0	0	0	615653	0	0	0	0	0	0	0	0	0	0	0	20323091	0
LFQ	50	0	0	1	0	0	0	0	0	0	0	0	256427	0	0	0	0	0	0	0	0	0	0	0	0	0	612423	0	0	0	0	0	0	0	0	0	0	0	20328219	0
LFQ	51	0	0	14	0	0	0	0	0	0	0	0	243046	0	0	0	0	0	0	0	0	0	0	0	0	0	586685	0	0	0	0	0	0	0	0	0	0	0	20366710	0
LFQ	52	0	0	19	0	0	0	0	0	0	0	0	245646	0	0	0	0	0	0	0	0	0	0	0	0	0	593100	0	0	0	0	0	0	0	0	0	0	0	20357067	0
LFQ	53	0	0	1	0	0	0	0	0	0	0	0	259013	0	0	0	0	0	0	0	0	0	0	0	0	0	614329	0	0	0	0	0	0	0	0	0	0	0	20321818	0
LFQ	54	0	0	0	0	0	0	0	0	0	0	0	255753	0	0	0	0	0	0	0	0	0	0	0	0	0	610826	0	0	0	0	0	0	0	0	0	0	0	20327921	0
LFQ	55	0	0	0	0	0	0	0	0	0	0	0	254873	0	0	0	0	0	0	0	0	0	0	0	0	0	605590	0	0	0	0	0	0	0	0	0	0	0	20333393	0
LFQ	56	0	0	0	0	0	0	0	0	0	0	0	267020	0	0	0	0	0	0	0	0	0	0	0	0	0	627979	0	0	0	0	0	0	0	0	0	0	0	20298210	0
LFQ	57	0	0	3	0	0	0	0	0	0	0	0	258965	0	0	0	0	0	0	0	0	0	0	0	0	0	615547	0	0	0	0	0	0	0	0	0	0	0	20317957	0
LFQ	58	0	0	2	0	0	0	0	0	0	0	0	261886	0	0	0	0	0	0	0	0	0	0	0	0	0	618437	0	0	0	0	0	0	0	0	0	0	0	20311351	0
LFQ	59	0	0	0	0	0	0	0	0	0	0	0	258727	0	0	0	0	0	0	0	0	0	0	0	0	0	614298	0	0	0	0	0	0	0	0	0	0	0	20317738	0
LFQ	60	0	0	0	0	0	0	0	0	0	0	0	261855	0	0	0	0	0	0	0	0	0	0	0	0	0	618521	0	0	0	0	0	0	0	0	0	0	0	20309336	0
LFQ	61	0	0	0	0	0	0	0	0	0	0	0	272808	0	0	0	0	0	0	0	0	0	0	0	0	0	634100	0	0	0	0	0	0	0	0	0	0	0	20281651	0
LFQ	62	0	0	256	0	0	0	0	0	0	0	0	272102	0	0	0	0	0	0	0	0	0	0	0	0	0	634734	0	0	0	0	0	0	0	0	0	0	0	20280138	0
LFQ	63	0	0	0	0	0	0	0	0	0	0	0	272206	0	0	0	0	0	0	0	0	0	0	0	0	0	633207	0	0	0	0	0	0	0	0	0	0	0	20280442	0
LFQ	64	0	0	0	0	0	0	0	0	0	0	0	266634	0	0	0	0	0	0	0	0	0	0	0	0	0	627016	0	0	0	0	0	0	0	0	0	0	0	20290730	0
LFQ	65	0	0	1	0	0	0	0	0	0	0	0	276643	0	0	0	0	0	0	0	0	0	0	0	0	0	645957	0	0	0	0	0	0	0	0	0	0	0	20260102	0
LFQ	66	0	0	0	0	0	0	0	0	0	0	0	285477	0	0	0	0	0	0	0	0	0	0	0	0	0	661268	0	0	0	0	0	0	0	0	0	0	0	20234239	0
LFQ	67	0	0	0	0	0	0	0	0	0	0	0	295414	0	0	0	0	0	0	0	0	0	0	0	0	0	671602	0	0	0	0	0	0	0	0	0	0	0	20212113	0
LFQ	68	0	0	0	0	0	0	0	0	0	0	0	289338	0	0	0	0	0	0	0	0	0	0	0	0	0	666907	0	0	0	0	0	0	0	0	0	0	0	20220784	0
LFQ	69	0	0	282	0	0	0	0	0	0	0	0	287510	0	0	0	0	0	0	0	0	0	0	0	0	0	663996	0	0	0	0	0	0	0	0	0	0	0	20222882	0
LFQ	70	0	0	0	0	0	0	0	0	0	0	0	312817	0	0	0	0	0	0	0	0	0	0	0	0	0	701956	0	0	0	0	0	0	0	0	0	0	0	20157256	0
LFQ	71	0	0	0	0	0	0	0	0	0	0	0	305694	0	0	0	0	0	0	0	0	0	0	0	0	0	695139	0	0	0	0	0	0	0	0	0	0	0	20168216	0
LFQ	72	0	0	0	0	0	0	0	0	0	0	0	295497	0	0	0	0	0	0	0	0	0	0	0	0	0	677771	0	0	0	0	0	0	0	0	0	0	0	20192521	0
LFQ	73	0	0	0	0	0	0	0	0	0	0	0	292418	0	0	0	0	0	0	0	0	0	0	0	0	0	674100	0	0	0	0	0	0	0	0	0	0	0	20195619	0
LFQ	74	0	0	1	0	0	0	0	0	0	0	0	302589	0	0	0	0	0	0	0	0	0	0	0	0	0	687554	0	0	0	0	0	0	0	0	0	0	0	20167887	0
LFQ	75	0	0	0	0	0	0	0	0	0	0	0	304118	0	0	0	0	0	0	0	0	0	0	0	0	0	693440	0	0	0	0	0	0	0	0	0	0	0	20155937	0
LFQ	76	0	0	2	0	0	0	0	0	0	0	0	309953	0	0	0	0	0	0	0	0	0	0	0	0	0	695530	0	0	0	0	0	0	0	0	0	0	0	20143036	0
LFQ	77	0	0	10	0	0	0	0	0	0	0	0	292021	0	0	0	0	0	0	0	0	0	0	0	0	0	674363	0	0	0	0	0	0	0	0	0	0	0	20176558	0
LFQ	78	0	0	1	0	0	0	0	0	0	0	0	293383	0	0	0	0	0	0	0	0	0	0	0	0	0	674497	0	0	0	0	0	0	0	0	0	0	0	20169109	0
LFQ	79	0	0	9	0	0	0	0	0	0	0	0	295270	0	0	0	0	0	0	0	0	0	0	0	0	0	679462	0	0	0	0	0	0	0	0	0	0	0	20155539	0
LFQ	80	0	0	0	0	0	0	0	0	0	0	0	303881	0	0	0	0	0	0	0	0	0	0	0	0	0	695051	0	0	0	0	0	0	0	0	0	0	0	20123674	0
LFQ	81	0	0	1	0	0	0	0	0	0	0	0	308017	0	0	0	0	0	0	0	0	0	0	0	0	0	698149	0	0	0	0	0	0	0	0	0	0	0	20108015	0
LFQ	82	0	0	7	0	0	0	0	0	0	0	0	312759	0	0	0	0	0	0	0	0	0	0	0	0	0	704119	0	0	0	0	0	0	0	0	0	0	0	20088002	0
LFQ	83	0	0	1	0	0	0	0	0	0	0	0	327923	0	0	0	0	0	0	0	0	0	0	0	0	0	725506	0	0	0	0	0	0	0	0	0	0	0	20041034	0
LFQ	84	0	0	0	0	0	0	0	0	0	0	0	320649	0	0	0	0	0	0	0	0	0	0	0	0	0	716291	0	0	0	0	0	0	0	0	0	0	0	20045906	0
LFQ	85	0	0	0	0	0	0	0	0	0	0	0	308569	0	0	0	0	0	0	0	0	0	0	0	0	0	699906	0	0	0	0	0	0	0	0	0	0	0	20061393	0
LFQ	86	0	0	1	0	0	0	0	0	0	0	0	329950	0	0	0	0	0	0	0	0	0	0	0	0	0	730532	0	0	0	0	0	0	0	0	0	0	0	19994956	0
LFQ	87	0	0	0	0	0	0	0	0	0	0	0	324906	0	0	0	0	0	0	0	0	0	0	0	0	0	725068	0	0	0	0	0	0	0	0	0	0	0	19989800	0
LFQ	88	0	0	1	0	0	0	0	0	0	0	0	321322	0	0	0	0	0	0	0	0	0	0	0	0	0	718363	0	0	0	0	0	0	0	0	0	0	0	19982714	0
LFQ	89	0	0	0	0	0	0	0	0	0	0	0	326808	0	0	0	0	0	0	0	0	0	0	0	0	0	728236	0	0	0	0	0	0	0	0	0	0	0	19948089	0
LFQ	90	0	0	0	0	0	0	0	0	0	0	0	333240	0	0	0	0	0	0	0	0	0	0	0	0	0	739688	0	0	0	0	0	0	0	0	0	0	0	19910015	0
LFQ	91	0	0	55	0	0	0	0	0	0	0	0	322412	0	0	0	0	0	0	0	0	0	0	0	0	0	721290	0	0	0	0	0	0	0	0	0	0	0	19916633	0
LFQ	92	0	0	0	0	0	0	0	0	0	0	0	333321	0	0	0	0	0	0	0	0	0	0	0	0	0	737331	0	0	0	0	0	0	0	0	0	0	0	19864398	0
LFQ	93	0	0	0	0	0	0	0	0	0	0	0	334160	0	0	0	0	0	0	0	0	0	0	0	0	0	737915	0	0	0	0	0	0	0	0	0	0	0	19835809	0
LFQ	94	0	0	7	0	0	0	0	0	0	0	0	334387	0	0	0	0	0	0	0	0	0	0	0	0	0	740457	0	0	0	0	0	0	0	0	0	0	0	19802724	0
LFQ	95	0	0	0	0	0	0	0	0	0	0	0	372391	0	0	0	0	0	0	0	0	0	0	0	0	0	796280	0	0	0	0	0	0	0	0	0	0	0	19675813	0
LFQ	96	0	0	0	0	0	0	0	0	0	0	0	354208	0	0	0	0	0	0	0	0	0	0	0	0	0	765785	0	0	0	0	0	0	0	0	0	0	0	19689134	0
LFQ	97	0	0	2	0	0	0	0	0	0	0	0	337118	0	0	0	0	0	0	0	0	0	0	0	0	0	743914	0	0	0	0	0	0	0	0	0	0	0	19690031	0
LFQ	98	0	0	1	0	0	0	0	0	0	0	0	347710	0	0	0	0	0	0	0	0	0	0	0	0	0	759571	0	0	0	0	0	0	0	0	0	0	0	19622624	0
LFQ	99	0	0	6	0	0	0	0	0	0	0	0	338099	0	0	0	0	0	0	0	0	0	0	0	0	0	746897	0	0	0	0	0	0	0	0	0	0	0	19600807	0
LFQ	100	0	0	1	0	0	0	0	0	0	0	0	346955	0	0	0	0	0	0	0	0	0	0	0	0	0	755114	0	0	0	0	0	0	0	0	0	0	0	19537079	0
LFQ	101	0	0	3	0	0	0	0	0	0	0	0	338549	0	0	0	0	0	0	0	0	0	0	0	0	0	747477	0	0	0	0	0	0	0	0	0	0	0	19502310	0
LFQ	102	0	0	12	0	0	0	0	0	0	0	0	336854	0	0	0	0	0	0	0	0	0	0	0	0	0	744214	0	0	0	0	0	0	0	0	0	0	0	19453117	0
LFQ	103	0	0	0	0	0	0	0	0	0	0	0	340472	0	0	0	0	0	0	0	0	0	0	0	0	0	747648	0	0	0	0	0	0	0	0	0	0	0	19389166	0
LFQ	104	0	0	22	0	0	0	0	0	0	0	0	341827	0	0	0	0	0	0	0	0	0	0	0	0	0	751408	0	0	0	0	0	0	0	0	0	0	0	19322589	0
LFQ	105	0	0	0	0	0	0	0	0	0	0	0	361143	0	0	0	0	0	0	0	0	0	0	0	0	0	775184	0	0	0	0	0	0	0	0	0	0	0	19214778	0
LFQ	106	0	0	0	0	0	0	0	0	0	0	0	346106	0	0	0	0	0	0	0	0	0	0	0	0	0	756223	0	0	0	0	0	0	0	0	0	0	0	19180459	0
LFQ	107	0	0	695	0	0	0	0	0	0	0	0	352686	0	0	0	0	0	0	0	0	0	0	0	0	0	762741	0	0	0	0	0	0	0	0	0	0	0	19093721	0
LFQ	108	0	0	0	0	0	0	0	0	0	0	0	346020	0	0	0	0	0	0	0	0	0	0	0	0	0	752172	0	0	0	0	0	0	0	0	0	0	0	19035892	0
LFQ	109	0	0	0	0	0	0	0	0	0	0	0	348958	0	0	0	0	0	0	0	0	0	0	0	0	0	760731	0	0	0	0	0	0	0	0	0	0	0	18946056	0
LFQ	110	0	0	0	0	0	0	0	0	0	0	0	369058	0	0	0	0	0	0	0	0	0	0	0	0	0	786876	0	0	0	0	0	0	0	0	0	0	0	18817188	0
LFQ	111	0	0	0	0	0	0	0	0	0	0	0	360158	0	0	0	0	0	0	0	0	0	0	0	0	0	774288	0	0	0	0	0	0	0	0	0	0	0	18753694	0
LFQ	112	0	0	0	0	0	0	0	0	0	0	0	347443	0	0	0	0	0	0	0	0	0	0	0	0	0	754099	0	0	0	0	0	0	0	0	0	0	0	18697849	0
LFQ	113	0	0	0	0	0	0	0	0	0	0	0	366742	0	0	0	0	0	0	0	0	0	0	0	0	0	781735	0	0	0	0	0	0	0	0	0	0	0	18556332	0
LFQ	114	0	0	0	0	0	0	0	0	0	0	0	365816	0	0	0	0	0	0	0	0	0	0	0	0	0	780837	0	0	0	0	0	0	0	0	0	0	0	18461347	0
LFQ	115	0	0	0	0	0	0	0	0	0	0	0	375326	0	0	0	0	0	0	0	0	0	0	0	0	0	794499	0	0	0	0	0	0	0	0	0	0	0	18338214	0
LFQ	116	0	0	0	0	0	0	0	0	0	0	0	391755	0	0	0	0	0	0	0	0	0	0	0	0	0	815247	0	0	0	0	0	0	0	0	0	0	0	18196170	0
LFQ	117	0	0	6	0	0	0	0	0	0	0	0	393889	0	0	0	0	0	0	0	0	0	0	0	0	0	819785	0	0	0	0	0	0	0	0	0	0	0	18083052	0
LFQ	118	0	0	0	0	0	0	0	0	0	0	0	385958	0	0	0	0	0	0	0	0	0	0	0	0	0	806213	0	0	0	0	0	0	0	0	0	0	0	17994279	0
LFQ	119	0	0	0	0	0	0	0	0	0	0	0	397548	0	0	0	0	0	0	0	0	0	0	0	0	0	818937	0	0	0	0	0	0	0	0	0	0	0	17856700	0
LFQ	120	0	0	0	0	0	0	0	0	0	0	0	389290	0	0	0	0	0	0	0	0	0	0	0	0	0	812246	0	0	0	0	0	0	0	0	0	0	0	17757301	0
LFQ	121	0	0	1	0	0	0	0	0	0	0	0	371415	0	0	0	0	0	0	0	0	0	0	0	0	0	780736	0	0	0	0	0	0	0	0	0	0	0	17689314	0
LFQ	122	0	0	1	0	0	0	0	0	0	0	0	379669	0	0	0	0	0	0	0	0	0	0	0	0	0	795187	0	0	0	0	0	0	0	0	0	0	0	17545746	0
LFQ	123	0	0	14	0	0	0	0	0	0	0	0	393729	0	0	0	0	0	0	0	0	0	0	0	0	0	813817	0	0	0	0	0	0	0	0	0	0	0	17390103	0
LFQ	124	0	0	1	0	0	0	0	0	0	0	0	360169	0	0	0	0	0	0	0	0	0	0	0	0	0	762233	0	0	0	0	0	0	0	0	0	0	0	17350611	0
LFQ	125	0	0	2	0	0	0	0	0	0	0	0	355537	0	0	0	0	0	0	0	0	0	0	0	0	0	760194	0	0	0	0	0	0	0	0	0	0	0	17228012	0
LFQ	126	0	0	13	0	0	0	0	0	0	0	0	384915	0	0	0	0	0	0	0	0	0	0	0	0	0	798077	0	0	0	0	0	0	0	0	0	0	0	17031323	0
LFQ	127	0	0	8	0	0	0	0	0	0	0	0	386466	0	0	0	0	0	0	0	0	0	0	0	0	0	797014	0	0	0	0	0	0	0	0	0	0	0	16898626	0
LFQ	128	0	0	20	0	0	0	0	0	0	0	0	376905	0	0	0	0	0	0	0	0	0	0	0	0	0	787853	0	0	0	0	0	0	0	0	0	0	0	16782034	0
LFQ	129	0	0	0	0	0	0	0	0	0	0	0	391471	0	0	0	0	0	0	0	0	0	0	0	0	0	807647	0	0	0	0	0	0	0	0	0	0	0	16613319	0
LFQ	130	0	0	0	0	0	0	0	0	0	0	0	390643	0	0	0	0	0	0	0	0	0	0	0	0	0	807353	0	0	0	0	0	0	0	0	0	0	0	16478106	0
LFQ	131	0	0	20	0	0	0	0	0	0	0	0	377508	0	0	0	0	0	0	0	0	0	0	0	0	0	788084	0	0	0	0	0	0	0	0	0	0	0	16370938	0
LFQ	132	0	0	29	0	0	0	0	0	0	0	0	379387	0	0	0	0	0	0	0	0	0	0	0	0	0	788552	0	0	0	0	0	0	0	0	0	0	0	16228438	0
LFQ	133	0	0	2	0	0	0	0	0	0	0	0	382397	0	0	0	0	0	0	0	0	0	0	0	0	0	793239	0	0	0	0	0	0	0	0	0	0	0	16079960	0
LFQ	134	0	0	0	0	0	0	0	0	0	0	0	393183	0	0	0	0	0	0	0	0	0	0	0	0	0	803569	0	0	0	0	0	0	0	0	0	0	0	15913334	0
LFQ	135	0	0	0	0	0	0	0	0	0	0	0	379055	0	0	0	0	0	0	0	0	0	0	0	0	0	789825	0	0	0	0	0	0	0	0	0	0	0	15795630	0
LFQ	136	0	0	0	0	0	0	0	0	0	0	0	390512	0	0	0	0	0	0	0	0	0	0	0	0	0	801343	0	0	0	0	0	0	0	0	0	0	0	15626374	0
LFQ	137	0	0	0	0	0	0	0	0	0	0	0	377327	0	0	0	0	0	0	0	0	0	0	0	0	0	778750	0	0	0	0	0	0	0	0	0	0	0	15511724	0
LFQ	138	0	0	0	0	0	0	0	0	0	0	0	386025	0	0	0	0	0	0	0	0	0	0	0	0	0	797751	0	0	0	0	0	0	0	0	0	0	0	15335268	0
LFQ	139	0	0	2	0	0	0	0	0	0	0	0	399155	0	0	0	0	0	0	0	0	0	0	0	0	0	809782	0	0	0	0	0	0	0	0	0	0	0	15160919	0
LFQ	140	0	0	1	0	0	0	0	0	0	0	0	389289	0	0	0	0	0	0	0	0	0	0	0	0	0	799882	0	0	0	0	0	0	0	0	0	0	0	15028831	0
LFQ	141	0	0	5	0	0	0	0	0	0	0	0	374607	0	0	0	0	0	0	0	0	0	0	0	0	0	776861	0	0	0	0	0	0	0	0	0	0	0	14915913	0
LFQ	142	0	0	0	0	0	0	0	0	0	0	0	358187	0	0	0	0	0	0	0	0	0	0	0	0	0	756507	0	0	0	0	0	0	0	0	0	0	0	14801010	0
LFQ	143	0	0	0	0	0	0	0	0	0	0	0	387404	0	0	0	0	0	0	0	0	0	0	0	0	0	798892	0	0	0	0	0	0	0	0	0	0	0	14572391	0
LFQ	144	0	0	0	0	0	0	0	0	0	0	0	416516	0	0	0	0	0	0	0	0	0	0	0	0	0	838003	0	0	0	0	0	0	0	0	0	0	0	14345928	0
LFQ	145	0	0	0	0	0	0	0	0	0	0	0	387660	0	0	0	0	0	0	0	0	0	0	0	0	0	796196	0	0	0	0	0	0	0	0	0	0	0	14259065	0
LFQ	146	0	0	11	0	0	0	0	0	0	0	0	385394	0	0	0	0	0	0	0	0	0	0	0	0	0	796939	0	0	0	0	0	0	0	0	0	0	0	14094752	0
LFQ	147	0	0	0	0	0	0	0	0	0	0	0	382741	0	0	0	0	0	0	0	0	0	0	0	0	0	799499	0	0	0	0	0	0	0	0	0	0	0	13910709	0
LFQ	148	0	0	0	0	0	0	0	0	0	0	0	330885	0	0	0	0	0	0	0	0	0	0	0	0	0	746814	0	0	0	0	0	0	0	0	0	0	0	13828617	0
LFQ	149	0	0	1	0	0	0	0	0	0	0	0	331092	0	0	0	0	0	0	0	0	0	0	0	0	0	750367	0	0	0	0	0	0	0	0	0	0	0	13669962	0
LFQ	150	0	0	0	0	0	0	0	0	0	0	0	376722	0	0	0	0	0	0	0	0	0	0	0	0	0	816035	0	0	0	0	0	0	0	0	0	0	0	13406510	0
LFQ	151	0	0	0	0	0	0	0	0	0	0	0	459836	0	0	0	0	0	0	0	0	0	0	0	0	0	960578	0	0	0	0	0	0	0	0	0	0	0	13028418	0
# GC Content of first fragments. Use `grep ^GCF | cut -f 2-` to extract this part.
GCF	0.25	38
GCF	0.75	40
GCF	1.26	29
GCF	1.76	24
GCF	2.26	30
GCF	2.76	33
GCF	3.27	41
GCF	3.77	50
GCF	4.27	53
GCF	4.77	35
GCF	5.28	32
GCF	5.78	38
GCF	6.28	35
GCF	7.04	37
GCF	7.79	36
GCF	8.29	38
GCF	8.79	34
GCF	9.30	38
GCF	9.80	26
GCF	10.30	27
GCF	10.80	33
GCF	11.31	35
GCF	11.81	25
GCF	12.31	29
GCF	12.81	25
GCF	13.32	31
GCF	13.82	38
GCF	14.32	34
GCF	14.82	29
GCF	15.33	41
GCF	15.83	34
GCF	16.33	35
GCF	16.83	33
GCF	17.34	41
GCF	17.84	52
GCF	18.34	60
GCF	18.84	72
GCF	19.35	80
GCF	19.85	110
GCF	20.35	104
GCF	20.85	109
GCF	21.36	128
GCF	21.86	178
GCF	22.36	249
GCF	22.86	266
GCF	23.37	340
GCF	23.87	484
GCF	24.37	534
GCF	24.87	566
GCF	25.38	727
GCF	25.88	925
GCF	26.38	1284
GCF	26.88	1462
GCF	27.39	1897
GCF	27.89	2648
GCF	28.39	3171
GCF	28.89	4130
GCF	29.40	4653
GCF	29.90	6174
GCF	30.40	8672
GCF	30.90	11267
GCF	31.41	12493
GCF	31.91	16341
GCF	32.41	20596
GCF	32.91	27224
GCF	33.42	29783
GCF	33.92	36381
GCF	34.42	44972
GCF	34.92	56584
GCF	35.43	60452
GCF	35.93	71084
GCF	36.43	83237
GCF	36.93	96917
GCF	37.44	102597
GCF	37.94	117166
GCF	38.44	128566
GCF	38.94	140464
GCF	39.45	145851
GCF	39.95	168484
GCF	40.45	189428
GCF	40.95	222906
GCF	41.46	229886
GCF	41.96	231175
GCF	42.46	236442
GCF	42.96	247281
GCF	43.47	257312
GCF	43.97	260167
GCF	44.47	278327
GCF	44.97	295981
GCF	45.48	331198
GCF	45.98	339635
GCF	46.48	383554
GCF	46.98	398909
GCF	47.49	455107
GCF	47.99	463570
GCF	48.49	463721
GCF	48.99	506379
GCF	49.50	539098
GCF	50.00	546048
GCF	50.50	586326
GCF	51.01	626559
GCF	51.51	666093
GCF	52.01	677525
GCF	52.51	713314
GCF	53.02	753509
GCF	53.52	798364
GCF	54.02	810770
GCF	54.52	844778
GCF	55.03	890187
GCF	55.53	904290
GCF	56.03	910731
GCF	56.53	935383
GCF	57.04	934818
GCF	57.54	942920
GCF	58.04	913114
GCF	58.54	909683
GCF	59.05	875649
GCF	59.55	817006
GCF	60.05	759446
GCF	60.55	746073
GCF	61.06	675912
GCF	61.56	599392
GCF	62.06	525677
GCF	62.56	505645
GCF	63.07	437844
GCF	63.57	367724
GCF	64.07	299910
GCF	64.57	280417
GCF	65.08	221216
GCF	65.58	173527
GCF	66.08	134116
GCF	66.58	118186
GCF	67.09	85890
GCF	67.59	62659
GCF	68.09	44531
GCF	68.59	37374
GCF	69.10	26294
GCF	69.60	18329
GCF	70.10	13351
GCF	70.60	10719
GCF	71.11	7908
GCF	71.61	5492
GCF	72.11	4094
GCF	72.61	2951
GCF	73.12	2195
GCF	73.62	1497
GCF	74.12	1030
GCF	74.62	780
GCF	75.13	630
GCF	75.63	439
GCF	76.13	336
GCF	76.63	272
GCF	77.14	220
GCF	77.64	195
GCF	78.14	165
GCF	78.64	162
GCF	79.15	120
GCF	79.65	123
GCF	80.15	105
GCF	80.65	77
GCF	81.16	81
GCF	81.66	53
GCF	82.16	36
GCF	82.66	29
GCF	83.42	22
GCF	84.17	15
GCF	84.67	10
GCF	85.43	17
GCF	86.18	11
GCF	86.68	10
GCF	87.19	7
GCF	87.69	4
GCF	88.19	3
GCF	88.69	5
GCF	89.45	2
GCF	90.20	3
GCF	90.70	4
GCF	91.21	1
GCF	91.71	2
GCF	92.46	1
GCF	93.22	0
GCF	93.72	1
# GC Content of last fragments. Use `grep ^GCL | cut -f 2-` to extract this part.
GCL	0.25	305
GCL	0.75	232
GCL	1.26	198
GCL	1.76	196
GCL	2.26	205
GCL	2.76	184
GCL	3.27	218
GCL	3.77	242
GCL	4.27	262
GCL	4.77	309
GCL	5.28	357
GCL	5.78	362
GCL	6.28	377
GCL	6.78	420
GCL	7.29	403
GCL	7.79	411
GCL	8.29	380
GCL	8.79	392
GCL	9.30	441
GCL	9.80	395
GCL	10.30	399
GCL	10.80	421
GCL	11.31	423
GCL	11.81	405
GCL	12.31	375
GCL	12.81	373
GCL	13.32	368
GCL	13.82	344
GCL	14.32	319
GCL	14.82	313
GCL	15.58	306
GCL	16.33	287
GCL	16.83	274
GCL	17.34	284
GCL	17.84	285
GCL	18.34	296
GCL	18.84	290
GCL	19.35	260
GCL	19.85	288
GCL	20.35	318
GCL	20.85	303
GCL	21.36	381
GCL	21.86	453
GCL	22.36	501
GCL	22.86	518
GCL	23.37	643
GCL	23.87	780
GCL	24.37	889
GCL	24.87	950
GCL	25.38	1214
GCL	25.88	1600
GCL	26.38	2127
GCL	26.88	2333
GCL	27.39	2770
GCL	27.89	3747
GCL	28.39	4670
GCL	28.89	6165
GCL	29.40	6640
GCL	29.90	8789
GCL	30.40	11441
GCL	30.90	15267
GCL	31.41	16437
GCL	31.91	21265
GCL	32.41	26068
GCL	32.91	33314
GCL	33.42	35794
GCL	33.92	43336
GCL	34.42	53581
GCL	34.92	65463
GCL	35.43	69344
GCL	35.93	81549
GCL	36.43	94139
GCL	36.93	105738
GCL	37.44	110983
GCL	37.94	124920
GCL	38.44	135322
GCL	38.94	151729
GCL	39.45	156883
GCL	39.95	177080
GCL	40.45	194555
GCL	40.95	210181
GCL	41.46	217051
GCL	41.96	232316
GCL	42.46	239696
GCL	42.96	244012
GCL	43.47	253406
GCL	43.97	256228
GCL	44.47	265035
GCL	44.97	279393
GCL	45.48	306600
GCL	45.98	314897
GCL	46.48	348639
GCL	46.98	374798
GCL	47.49	401677
GCL	47.99	409827
GCL	48.49	436607
GCL	48.99	467485
GCL	49.50	509538
GCL	50.00	516472
GCL	50.50	552787
GCL	51.01	589329
GCL	51.51	639941
GCL	52.01	652285
GCL	52.51	706963
GCL	53.02	735441
GCL	53.52	778586
GCL	54.02	791602
GCL	54.52	826605
GCL	55.03	878963
GCL	55.53	900644
GCL	56.03	907183
GCL	56.53	931488
GCL	57.04	940782
GCL	57.54	963268
GCL	58.04	942318
GCL	58.54	939290
GCL	59.05	901503
GCL	59.55	848046
GCL	60.05	783643
GCL	60.55	770664
GCL	61.06	698596
GCL	61.56	618810
GCL	62.06	545856
GCL	62.56	525498
GCL	63.07	464210
GCL	63.57	383969
GCL	64.07	314984
GCL	64.57	294632
GCL	65.08	235832
GCL	65.58	185170
GCL	66.08	142631
GCL	66.58	126848
GCL	67.09	93363
GCL	67.59	67037
GCL	68.09	47744
GCL	68.59	40422
GCL	69.10	27806
GCL	69.60	19517
GCL	70.10	13676
GCL	70.60	11142
GCL	71.11	8120
GCL	71.61	5711
GCL	72.11	4209
GCL	72.61	2882
GCL	73.12	2150
GCL	73.62	1542
GCL	74.12	973
GCL	74.62	710
GCL	75.13	565
GCL	75.63	423
GCL	76.13	299
GCL	76.63	207
GCL	77.14	165
GCL	77.64	153
GCL	78.14	128
GCL	78.64	119
GCL	79.15	85
GCL	79.65	62
GCL	80.15	53
GCL	80.65	55
GCL	81.16	43
GCL	81.66	30
GCL	82.16	34
GCL	82.66	25
GCL	83.17	21
GCL	83.67	18
GCL	84.17	22
GCL	84.67	26
GCL	85.18	21
GCL	85.68	15
GCL	86.18	20
GCL	86.68	22
GCL	87.19	17
GCL	87.69	13
GCL	88.19	19
GCL	88.69	29
GCL	89.20	18
GCL	89.70	27
GCL	90.20	33
GCL	90.70	36
GCL	91.21	38
GCL	91.71	47
GCL	92.21	46
GCL	92.71	50
GCL	93.22	65
GCL	93.72	80
GCL	94.22	95
GCL	94.72	107
GCL	95.23	132
GCL	95.73	137
GCL	96.23	167
GCL	96.73	205
GCL	97.24	215
GCL	97.74	247
GCL	98.24	260
GCL	98.74	265
GCL	99.50	253
# ACGT content per cycle. Use `grep ^GCC | cut -f 2-` to extract this part. The columns are: cycle; A,C,G,T base counts as a percentage of all A/C/G/T bases [%]; and N and O counts as a percentage of all A/C/G/T bases [%]
GCC	1	10.49	39.86	39.51	10.15	0.00	0.00
GCC	2	23.60	26.11	26.21	24.08	0.00	0.00
GCC	3	21.26	28.68	28.20	21.86	0.00	0.00
GCC	4	21.75	28.53	28.15	21.56	0.03	0.00
GCC	5	25.30	24.89	24.87	24.94	0.00	0.00
GCC	6	25.86	24.65	24.09	25.39	0.00	0.00
GCC	7	25.92	23.68	23.03	27.36	0.00	0.00
GCC	8	23.46	26.91	25.86	23.76	0.00	0.00
GCC	9	23.87	26.14	25.58	24.41	0.00	0.00
GCC	10	26.20	23.99	23.68	26.13	0.00	0.00
GCC	11	20.86	29.37	28.86	20.90	0.00	0.00
GCC	12	21.49	28.51	28.08	21.92	0.00	0.00
GCC	13	22.49	27.63	27.05	22.82	0.00	0.00
GCC	14	23.76	26.47	25.91	23.87	0.00	0.00
GCC	15	23.41	26.74	26.36	23.49	0.00	0.00
GCC	16	22.55	27.70	27.16	22.59	0.00	0.00
GCC	17	23.22	26.99	26.45	23.35	0.00	0.00
GCC	18	23.42	26.67	26.34	23.57	0.00	0.00
GCC	19	22.48	27.57	27.11	22.84	0.00	0.00
GCC	20	23.17	26.82	26.45	23.56	0.00	0.00
GCC	21	23.40	26.68	26.28	23.65	0.00	0.00
GCC	22	22.65	27.42	26.97	22.96	0.00	0.00
GCC	23	23.40	26.74	26.28	23.58	0.00	0.00
GCC	24	23.34	26.70	26.25	23.72	0.00	0.00
GCC	25	22.42	27.63	27.09	22.86	0.00	0.00
GCC	26	23.35	26.85	26.36	23.44	0.00	0.00
GCC	27	23.24	26.81	26.32	23.64	0.00	0.00
GCC	28	22.52	27.55	27.04	22.89	0.00	0.00
GCC	29	23.31	26.79	26.36	23.54	0.00	0.00
GCC	30	23.25	26.87	26.35	23.54	0.00	0.00
GCC	31	22.64	27.40	26.99	22.96	0.00	0.00
GCC	32	23.30	26.75	26.34	23.61	0.00	0.00
GCC	33	23.28	26.80	26.30	23.62	0.00	0.00
GCC	34	22.66	27.48	27.04	22.82	0.00	0.00
GCC	35	23.37	26.75	26.36	23.52	0.00	0.00
GCC	36	23.30	26.80	26.37	23.53	0.00	0.00
GCC	37	22.55	27.40	27.11	22.94	0.00	0.00
GCC	38	23.30	26.75	26.45	23.50	0.00	0.00
GCC	39	23.36	26.74	26.35	23.55	0.00	0.00
GCC	40	22.57	27.54	27.02	22.87	0.00	0.00
GCC	41	23.33	26.67	26.40	23.60	0.00	0.00
GCC	42	23.40	26.73	26.27	23.60	0.00	0.00
GCC	43	22.49	27.53	27.05	22.93	0.00	0.00
GCC	44	23.26	26.82	26.33	23.59	0.00	0.00
GCC	45	23.31	26.70	26.29	23.70	0.00	0.00
GCC	46	22.49	27.62	27.01	22.89	0.00	0.00
GCC	47	23.18	26.80	26.48	23.54	0.00	0.00
GCC	48	23.26	26.76	26.45	23.52	0.00	0.00
GCC	49	22.46	27.48	27.09	22.97	0.00	0.00
GCC	50	23.21	26.74	26.37	23.67	0.00	0.00
GCC	51	23.15	26.82	26.38	23.64	0.00	0.00
GCC	52	22.56	27.47	26.99	22.98	0.00	0.00
GCC	53	23.39	26.75	26.37	23.49	0.00	0.00
GCC	54	23.38	26.73	26.33	23.56	0.05	0.00
GCC	55	22.55	27.46	26.99	23.00	0.00	0.00
GCC	56	23.27	26.71	26.47	23.55	0.00	0.00
GCC	57	23.35	26.69	26.36	23.60	0.00	0.00
GCC	58	22.61	27.50	26.98	22.91	0.00	0.00
GCC	59	23.27	26.72	26.41	23.60	0.00	0.00
GCC	60	23.30	26.82	26.40	23.48	0.00	0.00
GCC	61	22.56	27.54	26.98	22.92	0.00	0.00
GCC	62	23.28	26.81	26.41	23.50	0.00	0.00
GCC	63	23.15	26.81	26.50	23.54	0.00	0.00
GCC	64	22.53	27.45	27.14	22.88	0.00	0.00
GCC	65	23.21	26.75	26.41	23.63	0.00	0.00
GCC	66	23.23	26.76	26.40	23.60	0.00	0.00
GCC	67	22.56	27.49	27.09	22.85	0.00	0.00
GCC	68	23.46	26.71	26.40	23.43	0.00	0.00
GCC	69	23.35	26.66	26.40	23.60	0.00	0.00
GCC	70	22.58	27.49	27.10	22.83	0.00	0.00
GCC	71	23.28	26.75	26.52	23.45	0.00	0.00
GCC	72	23.36	26.71	26.39	23.55	0.00	0.00
GCC	73	22.59	27.57	27.15	22.69	0.00	0.00
GCC	74	23.25	26.75	26.45	23.55	0.00	0.00
GCC	75	23.19	26.83	26.44	23.54	0.00	0.00
GCC	76	22.53	27.61	27.10	22.76	0.00	0.00
GCC	77	23.15	26.81	26.42	23.62	0.00	0.00
GCC	78	23.25	26.78	26.45	23.53	0.00	0.00
GCC	79	22.55	27.45	27.04	22.96	0.00	0.00
GCC	80	23.31	26.84	26.36	23.49	0.00	0.00
GCC	81	23.27	26.78	26.47	23.48	0.00	0.00
GCC	82	22.44	27.54	27.12	22.90	0.00	0.00
GCC	83	23.18	26.86	26.48	23.48	0.00	0.00
GCC	84	23.19	26.84	26.50	23.47	0.00	0.00
GCC	85	22.52	27.42	27.14	22.91	0.00	0.00
GCC	86	23.20	26.86	26.41	23.53	0.00	0.00
GCC	87	23.23	26.78	26.42	23.58	0.00	0.00
GCC	88	22.54	27.46	27.11	22.89	0.00	0.00
GCC	89	23.27	26.81	26.44	23.48	0.00	0.00
GCC	90	23.32	26.82	26.41	23.45	0.00	0.00
GCC	91	22.47	27.69	27.04	22.80	0.00	0.00
GCC	92	23.23	26.94	26.43	23.40	0.00	0.00
GCC	93	23.21	26.73	26.55	23.50	0.00	0.00
GCC	94	22.62	27.53	27.11	22.74	0.00	0.00
GCC	95	23.21	26.74	26.53	23.51	0.00	0.00
GCC	96	23.24	26.79	26.50	23.48	0.00	0.00
GCC	97	22.48	27.46	27.13	22.92	0.00	0.00
GCC	98	23.14	26.84	26.45	23.57	0.00	0.00
GCC	99	23.15	26.80	26.47	23.58	0.00	0.00
GCC	100	22.43	27.47	27.02	23.08	0.00	0.00
GCC	101	23.12	26.89	26.49	23.50	0.00	0.00
GCC	102	23.19	26.78	26.46	23.57	0.00	0.00
GCC	103	22.41	27.59	27.00	23.01	0.00	0.00
GCC	104	23.18	26.83	26.40	23.59	0.00	0.00
GCC	105	23.11	26.77	26.49	23.62	0.00	0.00
GCC	106	22.59	27.49	27.03	22.90	0.00	0.00
GCC	107	23.14	26.83	26.55	23.48	0.00	0.00
GCC	108	23.13	26.80	26.55	23.52	0.00	0.00
GCC	109	22.52	27.50	27.12	22.85	0.00	0.00
GCC	110	23.15	26.84	26.51	23.50	0.00	0.00
GCC	111	23.18	26.85	26.52	23.45	0.00	0.00
GCC	112	22.43	27.61	27.09	22.86	0.00	0.00
GCC	113	23.09	26.96	26.58	23.37	0.00	0.00
GCC	114	23.15	26.75	26.58	23.52	0.00	0.00
GCC	115	22.50	27.55	27.14	22.81	0.00	0.00
GCC	116	23.25	26.96	26.35	23.44	0.00	0.00
GCC	117	23.21	26.85	26.47	23.47	0.00	0.00
GCC	118	22.51	27.51	27.11	22.86	0.00	0.00
GCC	119	23.11	26.96	26.49	23.44	0.00	0.00
GCC	120	23.21	26.93	26.48	23.38	0.00	0.00
GCC	121	22.48	27.58	27.06	22.89	0.00	0.00
GCC	122	23.10	27.14	26.45	23.30	0.00	0.00
GCC	123	23.24	26.91	26.54	23.31	0.00	0.00
GCC	124	22.53	27.65	27.14	22.68	0.00	0.00
GCC	125	23.13	27.06	26.45	23.36	0.00	0.00
GCC	126	23.18	26.90	26.55	23.37	0.00	0.00
GCC	127	22.48	27.60	27.19	22.73	0.00	0.00
GCC	128	23.25	26.90	26.44	23.42	0.00	0.00
GCC	129	23.18	26.96	26.50	23.36	0.00	0.00
GCC	130	22.61	27.56	27.15	22.68	0.00	0.00
GCC	131	23.24	26.96	26.49	23.31	0.00	0.00
GCC	132	23.18	26.96	26.54	23.32	0.00	0.00
GCC	133	22.48	27.66	27.14	22.73	0.00	0.00
GCC	134	23.16	27.04	26.44	23.36	0.00	0.00
GCC	135	23.15	26.88	26.49	23.47	0.00	0.00
GCC	136	22.52	27.69	27.08	22.71	0.00	0.00
GCC	137	23.18	26.97	26.51	23.34	0.00	0.00
GCC	138	23.15	26.96	26.58	23.31	0.00	0.00
GCC	139	22.53	27.59	27.17	22.71	0.00	0.00
GCC	140	23.12	27.01	26.62	23.25	0.00	0.00
GCC	141	23.16	26.96	26.60	23.27	0.00	0.00
GCC	142	22.54	27.64	27.08	22.73	0.00	0.00
GCC	143	23.19	26.89	26.55	23.37	0.00	0.00
GCC	144	23.26	26.95	26.56	23.24	0.00	0.00
GCC	145	22.53	27.59	27.06	22.81	0.00	0.00
GCC	146	23.14	26.89	26.62	23.35	0.03	0.00
GCC	147	23.08	27.01	26.63	23.29	0.00	0.00
GCC	148	22.57	27.59	27.15	22.69	0.00	0.00
GCC	149	23.05	27.04	26.61	23.31	0.00	0.00
GCC	150	23.21	26.93	26.44	23.42	0.00	0.00
GCC	151	22.54	27.51	27.22	22.74	0.00	0.00
# ACGT content per cycle, read oriented. Use `grep ^GCT | cut -f 2-` to extract this part. The columns are: cycle; A,C,G,T base counts as a percentage of all A/C/G/T bases [%]
GCT	1	12.24	37.77	41.59	8.40
GCT	2	16.60	25.19	27.13	31.08
GCT	3	19.00	32.62	24.27	24.12
GCT	4	24.32	26.02	30.67	19.00
GCT	5	29.48	20.24	29.51	20.77
GCT	6	31.68	23.79	24.95	19.58
GCT	7	19.46	23.43	23.29	33.82
GCT	8	21.81	29.23	23.54	25.42
GCT	9	19.65	27.25	24.48	28.62
GCT	10	30.87	22.08	25.59	21.46
GCT	11	22.46	29.52	28.71	19.31
GCT	12	20.06	29.09	27.50	23.35
GCT	13	22.06	27.92	26.77	23.26
GCT	14	23.27	26.49	25.88	24.36
GCT	15	22.97	27.01	26.09	23.94
GCT	16	22.43	27.37	27.49	22.71
GCT	17	23.44	26.79	26.64	23.12
GCT	18	23.43	27.11	25.90	23.56
GCT	19	22.79	27.35	27.33	22.53
GCT	20	23.49	26.56	26.71	23.24
GCT	21	23.48	27.15	25.80	23.56
GCT	22	23.02	27.31	27.08	22.59
GCT	23	23.61	26.51	26.51	23.37
GCT	24	23.34	27.18	25.76	23.71
GCT	25	22.80	27.61	27.12	22.47
GCT	26	23.67	26.53	26.68	23.12
GCT	27	23.42	27.29	25.83	23.46
GCT	28	22.83	27.48	27.10	22.58
GCT	29	23.66	26.58	26.57	23.19
GCT	30	23.30	27.39	25.82	23.48
GCT	31	23.02	27.42	26.98	22.59
GCT	32	23.74	26.45	26.65	23.17
GCT	33	23.37	27.30	25.80	23.53
GCT	34	22.94	27.52	27.01	22.54
GCT	35	23.70	26.54	26.57	23.19
GCT	36	23.30	27.29	25.89	23.53
GCT	37	22.93	27.47	27.04	22.56
GCT	38	23.58	26.51	26.68	23.22
GCT	39	23.49	27.16	25.93	23.41
GCT	40	22.94	27.40	27.17	22.49
GCT	41	23.63	26.46	26.61	23.29
GCT	42	23.48	27.13	25.88	23.51
GCT	43	22.88	27.42	27.16	22.54
GCT	44	23.72	26.53	26.62	23.13
GCT	45	23.42	27.11	25.88	23.59
GCT	46	22.85	27.47	27.15	22.53
GCT	47	23.58	26.58	26.69	23.14
GCT	48	23.46	27.28	25.93	23.33
GCT	49	22.87	27.46	27.11	22.56
GCT	50	23.68	26.51	26.61	23.21
GCT	51	23.38	27.20	26.01	23.42
GCT	52	22.97	27.33	27.13	22.57
GCT	53	23.76	26.42	26.69	23.12
GCT	54	23.46	27.18	25.88	23.48
GCT	55	22.96	27.39	27.06	22.59
GCT	56	23.73	26.55	26.63	23.09
GCT	57	23.41	27.12	25.93	23.54
GCT	58	22.91	27.33	27.15	22.60
GCT	59	23.58	26.39	26.74	23.29
GCT	60	23.32	27.23	25.99	23.46
GCT	61	22.96	27.41	27.11	22.52
GCT	62	23.63	26.46	26.76	23.15
GCT	63	23.26	27.30	26.01	23.43
GCT	64	22.84	27.47	27.12	22.57
GCT	65	23.65	26.49	26.68	23.19
GCT	66	23.37	27.16	26.00	23.47
GCT	67	22.87	27.34	27.24	22.55
GCT	68	23.69	26.37	26.74	23.21
GCT	69	23.33	27.05	26.01	23.61
GCT	70	22.75	27.42	27.17	22.66
GCT	71	23.49	26.42	26.85	23.24
GCT	72	23.33	27.03	26.06	23.57
GCT	73	22.77	27.45	27.27	22.51
GCT	74	23.58	26.35	26.85	23.22
GCT	75	23.32	27.03	26.24	23.41
GCT	76	22.74	27.38	27.34	22.54
GCT	77	23.59	26.29	26.93	23.18
GCT	78	23.39	27.12	26.11	23.39
GCT	79	22.87	27.22	27.27	22.64
GCT	80	23.58	26.35	26.85	23.22
GCT	81	23.26	27.13	26.11	23.49
GCT	82	22.77	27.37	27.29	22.57
GCT	83	23.49	26.39	26.95	23.17
GCT	84	23.24	27.06	26.28	23.42
GCT	85	22.84	27.23	27.34	22.59
GCT	86	23.59	26.42	26.85	23.14
GCT	87	23.37	26.96	26.23	23.44
GCT	88	22.81	27.27	27.30	22.61
GCT	89	23.57	26.41	26.84	23.18
GCT	90	23.25	27.01	26.22	23.52
GCT	91	22.66	27.34	27.39	22.61
GCT	92	23.47	26.38	26.99	23.16
GCT	93	23.26	27.04	26.25	23.46
GCT	94	22.74	27.33	27.30	22.63
GCT	95	23.49	26.34	26.94	23.23
GCT	96	23.22	27.01	26.27	23.49
GCT	97	22.77	27.20	27.39	22.64
GCT	98	23.47	26.30	26.99	23.24
GCT	99	23.24	27.00	26.26	23.49
GCT	100	22.88	27.21	27.28	22.63
GCT	101	23.49	26.35	27.03	23.13
GCT	102	23.22	27.02	26.22	23.54
GCT	103	22.79	27.20	27.39	22.63
GCT	104	23.55	26.18	27.05	23.22
GCT	105	23.27	26.89	26.38	23.46
GCT	106	22.80	27.13	27.38	22.69
GCT	107	23.43	26.31	27.08	23.18
GCT	108	23.21	27.12	26.23	23.43
GCT	109	22.67	27.24	27.39	22.71
GCT	110	23.47	26.40	26.95	23.18
GCT	111	23.22	27.01	26.36	23.41
GCT	112	22.75	27.21	27.50	22.55
GCT	113	23.38	26.50	27.03	23.09
GCT	114	23.18	27.04	26.29	23.49
GCT	115	22.70	27.23	27.46	22.61
GCT	116	23.48	26.29	27.02	23.21
GCT	117	23.19	26.94	26.37	23.50
GCT	118	22.83	27.21	27.41	22.55
GCT	119	23.41	26.32	27.14	23.13
GCT	120	23.16	27.00	26.42	23.42
GCT	121	22.71	27.18	27.45	22.66
GCT	122	23.34	26.44	27.15	23.06
GCT	123	23.16	27.00	26.45	23.39
GCT	124	22.72	27.25	27.54	22.49
GCT	125	23.48	26.41	27.09	23.02
GCT	126	23.10	27.04	26.41	23.45
GCT	127	22.71	27.27	27.52	22.51
GCT	128	23.54	26.32	27.01	23.13
GCT	129	23.16	26.99	26.46	23.38
GCT	130	22.71	27.26	27.45	22.59
GCT	131	23.37	26.39	27.06	23.18
GCT	132	23.17	27.01	26.49	23.33
GCT	133	22.69	27.26	27.54	22.51
GCT	134	23.49	26.35	27.13	23.03
GCT	135	23.26	26.93	26.45	23.37
GCT	136	22.73	27.23	27.54	22.50
GCT	137	23.40	26.27	27.21	23.12
GCT	138	23.14	26.96	26.58	23.32
GCT	139	22.73	27.14	27.61	22.52
GCT	140	23.42	26.43	27.20	22.94
GCT	141	23.22	27.03	26.53	23.22
GCT	142	22.86	27.26	27.47	22.41
GCT	143	23.48	26.32	27.12	23.08
GCT	144	23.14	27.00	26.50	23.35
GCT	145	22.76	27.15	27.50	22.58
GCT	146	23.41	26.43	27.09	23.08
GCT	147	23.06	26.98	26.65	23.31
GCT	148	22.74	27.20	27.54	22.52
GCT	149	23.40	26.40	27.25	22.95
GCT	150	23.31	26.93	26.44	23.33
GCT	151	22.73	27.12	27.60	22.54
# ACGT content per cycle for first fragments. Use `grep ^FBC | cut -f 2-` to extract this part. The columns are: cycle; A,C,G,T base counts as a percentage of all A/C/G/T bases [%]; and N and O counts as a percentage of all A/C/G/T bases [%]
FBC	1	12.81	37.84	37.39	11.96	0.00	0.00
FBC	2	24.34	24.92	25.13	25.60	0.00	0.00
FBC	3	23.50	26.50	25.45	24.54	0.00	0.00
FBC	4	23.13	27.56	27.00	22.30	0.07	0.00
FBC	5	26.14	24.37	24.70	24.79	0.00	0.00
FBC	6	26.71	24.48	23.65	25.16	0.00	0.00
FBC	7	23.57	25.67	24.58	26.18	0.00	0.00
FBC	8	22.10	28.48	26.68	22.75	0.00	0.00
FBC	9	22.78	27.27	26.16	23.78	0.00	0.00
FBC	10	26.02	24.72	24.28	24.98	0.00	0.00
FBC	11	20.57	30.08	29.03	20.32	0.00	0.00
FBC	12	21.20	28.90	28.05	21.85	0.00	0.00
FBC	13	22.50	27.82	26.76	22.93	0.00	0.00
FBC	14	23.53	26.78	25.85	23.84	0.00	0.00
FBC	15	23.49	26.79	26.03	23.69	0.00	0.00
FBC	16	22.57	27.81	27.02	22.60	0.01	0.00
FBC	17	22.99	27.32	26.54	23.15	0.00	0.00
FBC	18	23.48	26.80	26.08	23.63	0.00	0.00
FBC	19	22.43	27.69	26.92	22.96	0.00	0.00
FBC	20	22.92	27.33	26.45	23.30	0.00	0.00
FBC	21	23.62	26.73	25.93	23.72	0.00	0.00
FBC	22	22.73	27.43	26.77	23.07	0.00	0.00
FBC	23	23.23	27.03	26.32	23.42	0.00	0.00
FBC	24	23.48	26.64	26.03	23.85	0.00	0.00
FBC	25	22.38	27.78	26.87	22.97	0.00	0.00
FBC	26	23.21	27.09	26.40	23.30	0.00	0.00
FBC	27	23.46	26.72	25.94	23.88	0.00	0.00
FBC	28	22.58	27.58	26.77	23.07	0.00	0.00
FBC	29	23.29	26.96	26.34	23.40	0.00	0.00
FBC	30	23.50	26.85	25.98	23.67	0.00	0.00
FBC	31	22.79	27.51	26.60	23.10	0.00	0.00
FBC	32	23.32	26.97	26.23	23.49	0.00	0.00
FBC	33	23.51	26.68	25.88	23.93	0.00	0.00
FBC	34	22.78	27.57	26.66	22.98	0.00	0.00
FBC	35	23.32	27.03	26.27	23.38	0.00	0.00
FBC	36	23.53	26.87	25.83	23.76	0.00	0.00
FBC	37	22.63	27.53	26.81	23.03	0.00	0.00
FBC	38	23.20	27.03	26.35	23.41	0.00	0.00
FBC	39	23.60	26.83	25.90	23.67	0.00	0.00
FBC	40	22.74	27.71	26.65	22.90	0.00	0.00
FBC	41	23.25	27.00	26.27	23.48	0.00	0.00
FBC	42	23.64	26.77	25.80	23.80	0.00	0.00
FBC	43	22.60	27.58	26.82	23.00	0.00	0.00
FBC	44	23.27	27.04	26.27	23.42	0.00	0.00
FBC	45	23.53	26.66	25.93	23.88	0.00	0.00
FBC	46	22.63	27.64	26.71	23.02	0.00	0.00
FBC	47	23.11	27.06	26.40	23.43	0.00	0.00
FBC	48	23.48	26.82	26.02	23.67	0.00	0.00
FBC	49	22.66	27.55	26.81	22.98	0.00	0.00
FBC	50	23.11	27.11	26.28	23.50	0.00	0.00
FBC	51	23.42	26.80	26.00	23.78	0.00	0.00
FBC	52	22.72	27.50	26.77	23.00	0.00	0.00
FBC	53	23.30	27.11	26.28	23.31	0.01	0.00
FBC	54	23.55	26.81	25.94	23.70	0.09	0.00
FBC	55	22.64	27.58	26.69	23.09	0.01	0.00
FBC	56	23.21	26.99	26.35	23.45	0.00	0.00
FBC	57	23.47	26.64	26.08	23.81	0.00	0.00
FBC	58	22.67	27.55	26.78	23.00	0.00	0.00
FBC	59	23.17	26.93	26.42	23.47	0.00	0.00
FBC	60	23.44	26.86	26.05	23.64	0.00	0.00
FBC	61	22.60	27.62	26.77	23.01	0.00	0.00
FBC	62	23.21	26.93	26.43	23.43	0.00	0.00
FBC	63	23.38	26.81	26.07	23.75	0.00	0.00
FBC	64	22.62	27.52	26.89	22.96	0.00	0.00
FBC	65	23.08	27.03	26.38	23.50	0.00	0.00
FBC	66	23.45	26.80	25.95	23.79	0.00	0.00
FBC	67	22.53	27.68	26.84	22.94	0.00	0.00
FBC	68	23.36	26.91	26.41	23.32	0.00	0.00
FBC	69	23.46	26.74	26.05	23.76	0.00	0.00
FBC	70	22.54	27.70	26.85	22.91	0.00	0.00
FBC	71	23.15	27.06	26.59	23.21	0.00	0.00
FBC	72	23.49	26.81	26.05	23.65	0.00	0.00
FBC	73	22.60	27.67	26.93	22.81	0.00	0.00
FBC	74	23.05	26.99	26.51	23.45	0.00	0.00
FBC	75	23.39	26.79	26.16	23.66	0.00	0.00
FBC	76	22.62	27.65	26.87	22.87	0.00	0.00
FBC	77	23.03	27.08	26.37	23.52	0.00	0.00
FBC	78	23.47	26.76	26.12	23.65	0.00	0.00
FBC	79	22.56	27.54	26.89	23.02	0.00	0.00
FBC	80	23.19	27.07	26.31	23.43	0.00	0.00
FBC	81	23.45	26.72	26.12	23.70	0.00	0.00
FBC	82	22.44	27.62	26.97	22.97	0.00	0.00
FBC	83	22.97	27.16	26.50	23.37	0.00	0.00
FBC	84	23.36	26.95	26.14	23.55	0.00	0.00
FBC	85	22.57	27.58	26.95	22.89	0.00	0.00
FBC	86	23.04	27.20	26.44	23.31	0.00	0.00
FBC	87	23.37	26.88	26.01	23.73	0.00	0.00
FBC	88	22.64	27.59	26.82	22.95	0.00	0.00
FBC	89	23.10	27.02	26.48	23.39	0.00	0.00
FBC	90	23.35	26.88	26.26	23.52	0.00	0.00
FBC	91	22.41	27.88	26.85	22.87	0.00	0.00
FBC	92	23.00	27.28	26.50	23.21	0.00	0.00
FBC	93	23.33	26.82	26.30	23.54	0.00	0.00
FBC	94	22.68	27.63	26.98	22.72	0.00	0.00
FBC	95	23.09	27.07	26.49	23.35	0.00	0.00
FBC	96	23.24	26.89	26.15	23.71	0.00	0.00
FBC	97	22.38	27.65	27.00	22.97	0.00	0.00
FBC	98	22.87	27.25	26.44	23.44	0.00	0.00
FBC	99	23.21	26.86	26.20	23.73	0.00	0.00
FBC	100	22.49	27.61	26.79	23.11	0.00	0.00
FBC	101	22.98	27.19	26.56	23.27	0.00	0.00
FBC	102	23.25	26.90	26.08	23.77	0.00	0.00
FBC	103	22.41	27.64	26.84	23.10	0.00	0.00
FBC	104	22.98	27.09	26.44	23.50	0.00	0.00
FBC	105	23.19	26.90	26.13	23.78	0.00	0.00
FBC	106	22.44	27.69	26.83	23.03	0.00	0.00
FBC	107	22.88	27.17	26.51	23.44	0.00	0.00
FBC	108	23.19	26.95	26.25	23.62	0.00	0.00
FBC	109	22.50	27.55	26.96	23.00	0.00	0.00
FBC	110	22.99	27.05	26.58	23.38	0.00	0.00
FBC	111	23.30	26.89	26.24	23.57	0.00	0.00
FBC	112	22.41	27.74	26.95	22.90	0.00	0.00
FBC	113	22.86	27.37	26.64	23.13	0.00	0.00
FBC	114	23.14	26.87	26.28	23.72	0.01	0.00
FBC	115	22.42	27.81	27.01	22.76	0.00	0.00
FBC	116	23.01	27.22	26.39	23.37	0.00	0.00
FBC	117	23.18	27.01	26.16	23.65	0.00	0.00
FBC	118	22.48	27.68	26.97	22.87	0.00	0.00
FBC	119	22.98	27.28	26.48	23.26	0.00	0.00
FBC	120	23.22	27.05	26.26	23.47	0.00	0.00
FBC	121	22.46	27.72	26.97	22.86	0.00	0.00
FBC	122	22.89	27.54	26.50	23.07	0.00	0.00
FBC	123	23.43	27.00	26.28	23.29	0.00	0.00
FBC	124	22.56	27.85	26.98	22.61	0.00	0.00
FBC	125	22.91	27.49	26.48	23.12	0.00	0.00
FBC	126	23.23	27.08	26.20	23.49	0.00	0.00
FBC	127	22.40	27.88	27.02	22.70	0.00	0.00
FBC	128	23.00	27.28	26.57	23.15	0.00	0.00
FBC	129	23.27	27.09	26.29	23.35	0.00	0.00
FBC	130	22.63	27.69	27.08	22.60	0.00	0.00
FBC	131	22.95	27.38	26.55	23.12	0.00	0.00
FBC	132	23.08	27.21	26.38	23.33	0.00	0.00
FBC	133	22.38	27.92	27.07	22.63	0.00	0.00
FBC	134	22.98	27.32	26.61	23.09	0.00	0.00
FBC	135	23.25	26.94	26.36	23.45	0.00	0.00
FBC	136	22.42	27.95	27.02	22.61	0.00	0.00
FBC	137	22.95	27.33	26.60	23.12	0.00	0.00
FBC	138	23.23	27.00	26.44	23.33	0.00	0.00
FBC	139	22.51	27.71	27.11	22.67	0.00	0.00
FBC	140	22.94	27.35	26.64	23.06	0.00	0.00
FBC	141	23.16	27.19	26.38	23.27	0.00	0.00
FBC	142	22.61	27.81	26.93	22.65	0.00	0.00
FBC	143	23.02	27.21	26.62	23.14	0.00	0.00
FBC	144	23.35	27.00	26.29	23.35	0.00	0.00
FBC	145	22.53	27.73	26.97	22.77	0.00	0.00
FBC	146	22.94	27.34	26.58	23.14	0.07	0.00
FBC	147	23.18	27.13	26.34	23.35	0.00	0.00
FBC	148	22.46	27.85	27.03	22.65	0.00	0.00
FBC	149	22.93	27.43	26.62	23.02	0.00	0.00
FBC	150	23.31	27.03	26.22	23.44	0.00	0.00
FBC	151	22.57	27.72	27.09	22.63	0.00	0.00
# ACGT raw counters for first fragments. Use `grep ^FTC | cut -f 2-` to extract this part. The columns are: A,C,G,T,N base counters
FTC	696441784	825898587	803218736	704672124	57857
# ACGT content per cycle for last fragments. Use `grep ^LBC | cut -f 2-` to extract this part. The columns are: cycle; A,C,G,T base counts as a percentage of all A/C/G/T bases [%]; and N and O counts as a percentage of all A/C/G/T bases [%]
LBC	1	8.16	41.88	41.62	8.34	0.00	0.00
LBC	2	22.86	27.29	27.29	22.56	0.00	0.00
LBC	3	19.01	30.86	30.96	19.17	0.00	0.00
LBC	4	20.37	29.50	29.30	20.82	0.00	0.00
LBC	5	24.47	25.40	25.04	25.09	0.00	0.00
LBC	6	25.01	24.82	24.54	25.63	0.00	0.00
LBC	7	28.27	21.69	21.49	28.54	0.00	0.00
LBC	8	24.82	25.35	25.04	24.78	0.00	0.00
LBC	9	24.95	25.01	24.99	25.04	0.00	0.00
LBC	10	26.38	23.26	23.08	27.28	0.00	0.00
LBC	11	21.15	28.66	28.70	21.49	0.00	0.00
LBC	12	21.78	28.12	28.11	21.98	0.00	0.00
LBC	13	22.48	27.45	27.35	22.72	0.00	0.00
LBC	14	23.98	26.16	25.97	23.90	0.00	0.00
LBC	15	23.33	26.70	26.68	23.29	0.00	0.00
LBC	16	22.52	27.60	27.30	22.58	0.00	0.00
LBC	17	23.45	26.65	26.36	23.55	0.00	0.00
LBC	18	23.36	26.53	26.60	23.51	0.00	0.00
LBC	19	22.53	27.44	27.30	22.72	0.00	0.00
LBC	20	23.42	26.32	26.44	23.82	0.00	0.00
LBC	21	23.17	26.63	26.62	23.58	0.00	0.00
LBC	22	22.58	27.41	27.16	22.84	0.00	0.00
LBC	23	23.57	26.44	26.24	23.75	0.00	0.00
LBC	24	23.19	26.75	26.46	23.59	0.00	0.00
LBC	25	22.46	27.48	27.32	22.75	0.00	0.00
LBC	26	23.48	26.60	26.32	23.59	0.00	0.00
LBC	27	23.02	26.89	26.69	23.39	0.00	0.00
LBC	28	22.47	27.51	27.31	22.71	0.00	0.00
LBC	29	23.32	26.62	26.38	23.68	0.00	0.00
LBC	30	22.99	26.88	26.73	23.41	0.00	0.00
LBC	31	22.49	27.29	27.39	22.83	0.00	0.00
LBC	32	23.28	26.53	26.46	23.74	0.00	0.00
LBC	33	23.04	26.92	26.72	23.32	0.00	0.00
LBC	34	22.54	27.40	27.42	22.65	0.00	0.00
LBC	35	23.42	26.46	26.45	23.67	0.00	0.00
LBC	36	23.06	26.73	26.91	23.30	0.00	0.00
LBC	37	22.48	27.27	27.40	22.84	0.00	0.00
LBC	38	23.41	26.46	26.55	23.59	0.00	0.00
LBC	39	23.12	26.65	26.80	23.43	0.00	0.00
LBC	40	22.39	27.38	27.40	22.83	0.00	0.00
LBC	41	23.41	26.35	26.52	23.71	0.00	0.00
LBC	42	23.16	26.70	26.75	23.39	0.00	0.00
LBC	43	22.39	27.47	27.29	22.85	0.00	0.00
LBC	44	23.25	26.61	26.38	23.75	0.00	0.00
LBC	45	23.10	26.73	26.66	23.51	0.00	0.00
LBC	46	22.34	27.59	27.31	22.76	0.00	0.00
LBC	47	23.25	26.53	26.56	23.65	0.00	0.00
LBC	48	23.04	26.71	26.88	23.37	0.00	0.00
LBC	49	22.26	27.41	27.38	22.95	0.00	0.00
LBC	50	23.31	26.37	26.47	23.84	0.00	0.00
LBC	51	22.89	26.85	26.77	23.50	0.00	0.00
LBC	52	22.40	27.43	27.22	22.96	0.00	0.00
LBC	53	23.48	26.38	26.45	23.68	0.00	0.00
LBC	54	23.22	26.65	26.73	23.41	0.00	0.00
LBC	55	22.46	27.34	27.30	22.90	0.00	0.00
LBC	56	23.32	26.44	26.59	23.65	0.00	0.00
LBC	57	23.22	26.74	26.65	23.39	0.00	0.00
LBC	58	22.54	27.45	27.19	22.82	0.00	0.00
LBC	59	23.37	26.51	26.39	23.73	0.00	0.00
LBC	60	23.16	26.78	26.74	23.32	0.00	0.00
LBC	61	22.52	27.46	27.19	22.83	0.00	0.00
LBC	62	23.35	26.68	26.40	23.58	0.00	0.00
LBC	63	22.92	26.82	26.93	23.34	0.00	0.00
LBC	64	22.44	27.38	27.39	22.79	0.00	0.00
LBC	65	23.33	26.48	26.44	23.76	0.00	0.00
LBC	66	23.02	26.72	26.85	23.41	0.00	0.00
LBC	67	22.60	27.30	27.33	22.77	0.00	0.00
LBC	68	23.56	26.52	26.39	23.54	0.00	0.00
LBC	69	23.24	26.58	26.74	23.43	0.00	0.00
LBC	70	22.62	27.28	27.34	22.75	0.00	0.00
LBC	71	23.42	26.44	26.45	23.69	0.00	0.00
LBC	72	23.22	26.60	26.72	23.45	0.00	0.00
LBC	73	22.58	27.47	27.37	22.57	0.00	0.00
LBC	74	23.44	26.50	26.40	23.65	0.00	0.00
LBC	75	23.00	26.88	26.72	23.41	0.00	0.00
LBC	76	22.44	27.58	27.33	22.65	0.00	0.00
LBC	77	23.28	26.54	26.47	23.71	0.00	0.00
LBC	78	23.02	26.79	26.78	23.41	0.00	0.00
LBC	79	22.53	27.37	27.20	22.90	0.00	0.00
LBC	80	23.44	26.60	26.40	23.56	0.00	0.00
LBC	81	23.09	26.84	26.81	23.26	0.00	0.00
LBC	82	22.44	27.46	27.27	22.83	0.00	0.00
LBC	83	23.40	26.56	26.45	23.58	0.00	0.00
LBC	84	23.01	26.73	26.86	23.39	0.00	0.00
LBC	85	22.47	27.26	27.33	22.93	0.00	0.00
LBC	86	23.35	26.53	26.37	23.75	0.00	0.00
LBC	87	23.09	26.67	26.82	23.43	0.00	0.00
LBC	88	22.44	27.33	27.40	22.83	0.00	0.00
LBC	89	23.43	26.60	26.39	23.57	0.00	0.00
LBC	90	23.30	26.76	26.57	23.37	0.00	0.00
LBC	91	22.54	27.50	27.24	22.73	0.00	0.00
LBC	92	23.45	26.60	26.36	23.59	0.00	0.00
LBC	93	23.09	26.64	26.80	23.46	0.00	0.00
LBC	94	22.56	27.43	27.24	22.77	0.00	0.00
LBC	95	23.34	26.42	26.57	23.67	0.00	0.00
LBC	96	23.23	26.68	26.84	23.25	0.00	0.00
LBC	97	22.59	27.27	27.26	22.88	0.00	0.00
LBC	98	23.41	26.44	26.45	23.70	0.00	0.00
LBC	99	23.09	26.73	26.74	23.44	0.00	0.00
LBC	100	22.36	27.34	27.25	23.05	0.00	0.00
LBC	101	23.26	26.58	26.42	23.73	0.00	0.00
LBC	102	23.13	26.66	26.84	23.37	0.00	0.00
LBC	103	22.41	27.53	27.15	22.91	0.00	0.00
LBC	104	23.39	26.58	26.36	23.68	0.00	0.00
LBC	105	23.03	26.64	26.85	23.47	0.00	0.00
LBC	106	22.74	27.28	27.22	22.76	0.00	0.00
LBC	107	23.40	26.49	26.59	23.52	0.00	0.00
LBC	108	23.07	26.66	26.85	23.42	0.00	0.00
LBC	109	22.54	27.46	27.29	22.71	0.00	0.00
LBC	110	23.31	26.63	26.44	23.62	0.00	0.00
LBC	111	23.06	26.81	26.80	23.33	0.00	0.00
LBC	112	22.45	27.48	27.23	22.83	0.00	0.00
LBC	113	23.32	26.55	26.52	23.62	0.00	0.00
LBC	114	23.16	26.64	26.88	23.33	0.00	0.00
LBC	115	22.57	27.28	27.28	22.87	0.00	0.00
LBC	116	23.49	26.70	26.30	23.51	0.00	0.00
LBC	117	23.24	26.68	26.77	23.30	0.00	0.00
LBC	118	22.55	27.35	27.25	22.85	0.00	0.00
LBC	119	23.24	26.65	26.50	23.61	0.00	0.00
LBC	120	23.19	26.82	26.71	23.28	0.00	0.00
LBC	121	22.51	27.44	27.14	22.91	0.00	0.00
LBC	122	23.31	26.75	26.41	23.53	0.00	0.00
LBC	123	23.05	26.81	26.81	23.33	0.00	0.00
LBC	124	22.49	27.46	27.30	22.75	0.00	0.00
LBC	125	23.35	26.63	26.41	23.61	0.00	0.00
LBC	126	23.12	26.73	26.90	23.25	0.00	0.00
LBC	127	22.56	27.32	27.35	22.76	0.00	0.00
LBC	128	23.49	26.52	26.31	23.69	0.00	0.00
LBC	129	23.09	26.82	26.71	23.38	0.00	0.00
LBC	130	22.59	27.43	27.21	22.77	0.00	0.00
LBC	131	23.54	26.54	26.43	23.49	0.00	0.00
LBC	132	23.27	26.72	26.70	23.31	0.00	0.00
LBC	133	22.57	27.40	27.21	22.83	0.00	0.00
LBC	134	23.35	26.75	26.26	23.64	0.00	0.00
LBC	135	23.06	26.83	26.62	23.49	0.00	0.00
LBC	136	22.63	27.43	27.14	22.80	0.00	0.00
LBC	137	23.41	26.61	26.42	23.56	0.00	0.00
LBC	138	23.08	26.92	26.71	23.29	0.00	0.00
LBC	139	22.55	27.46	27.23	22.75	0.00	0.00
LBC	140	23.29	26.67	26.60	23.44	0.00	0.00
LBC	141	23.17	26.74	26.82	23.27	0.00	0.00
LBC	142	22.47	27.48	27.24	22.81	0.00	0.00
LBC	143	23.35	26.57	26.47	23.60	0.00	0.00
LBC	144	23.17	26.89	26.82	23.12	0.00	0.00
LBC	145	22.53	27.46	27.15	22.86	0.00	0.00
LBC	146	23.33	26.45	26.66	23.57	0.00	0.00
LBC	147	22.97	26.89	26.91	23.23	0.00	0.00
LBC	148	22.68	27.32	27.27	22.73	0.00	0.00
LBC	149	23.16	26.65	26.59	23.60	0.00	0.00
LBC	150	23.12	26.83	26.66	23.40	0.00	0.00
LBC	151	22.50	27.30	27.35	22.85	0.00	0.00
# ACGT raw counters for last fragments. Use `grep ^LTC | cut -f 2-` to extract this part. The columns are: A,C,G,T,N base counters
LTC	695270557	817183606	814800029	703614924	2640
# Insert sizes. Use `grep ^IS | cut -f 2-` to extract this part. The columns are: insert size, pairs total, inward oriented pairs, outward oriented pairs, other pairs
IS	0	9694	2515	4392	2787
IS	1	0	0	0	0
IS	2	0	0	0	0
IS	3	0	0	0	0
IS	4	0	0	0	0
IS	5	0	0	0	0
IS	6	0	0	0	0
IS	7	0	0	0	0
IS	8	0	0	0	0
IS	9	0	0	0	0
IS	10	0	0	0	0
IS	11	0	0	0	0
IS	12	0	0	0	0
IS	13	0	0	0	0
IS	14	0	0	0	0
IS	15	0	0	0	0
IS	16	0	0	0	0
IS	17	0	0	0	0
IS	18	0	0	0	0
IS	19	0	0	0	0
IS	20	0	0	0	0
IS	21	0	0	0	0
IS	22	0	0	0	0
IS	23	0	0	0	0
IS	24	0	0	0	0
IS	25	0	0	0	0
IS	26	0	0	0	0
IS	27	0	0	0	0
IS	28	0	0	0	0
IS	29	0	0	0	0
IS	30	0	0	0	0
IS	31	0	0	0	0
IS	32	0	0	0	0
IS	33	0	0	0	0
IS	34	0	0	0	0
IS	35	78	46	32	0
IS	36	94	48	46	0
IS	37	88	47	41	0
IS	38	138	81	57	0
IS	39	123	75	48	0
IS	40	163	96	67	0
IS	41	158	88	70	0
IS	42	165	85	80	0
IS	43	179	101	78	0
IS	44	166	96	70	0
IS	45	156	87	69	0
IS	46	192	104	88	0
IS	47	258	142	116	0
IS	48	299	173	126	0
IS	49	311	171	140	0
IS	50	386	207	179	0
IS	51	423	241	182	0
IS	52	438	227	211	0
IS	53	463	257	206	0
IS	54	459	245	214	0
IS	55	486	261	225	0
IS	56	580	309	271	0
IS	57	636	352	284	0
IS	58	722	419	303	0
IS	59	824	433	391	0
IS	60	939	511	428	0
IS	61	1055	587	468	0
IS	62	1116	608	508	0
IS	63	1190	625	565	0
IS	64	1382	727	655	0
IS	65	1396	746	650	0
IS	66	1573	871	702	0
IS	67	1761	1002	759	0
IS	68	1926	1024	902	0
IS	69	2195	1232	963	0
IS	70	2498	1374	1124	0
IS	71	2752	1486	1266	0
IS	72	3084	1681	1403	0
IS	73	3459	1886	1573	0
IS	74	3825	2088	1737	0
IS	75	4266	2326	1940	0
IS	76	4761	2589	2172	0
IS	77	5067	2680	2387	0
IS	78	5687	3130	2557	0
IS	79	6436	3553	2883	0
IS	80	7245	3977	3268	0
IS	81	7859	4238	3621	0
IS	82	8928	4965	3963	0
IS	83	9887	5380	4507	0
IS	84	11087	6078	5009	0
IS	85	12223	6720	5503	0
IS	86	13299	7243	6056	0
IS	87	14823	8192	6631	0
IS	88	16407	8899	7508	0
IS	89	17338	9507	7831	0
IS	90	19075	10482	8593	0
IS	91	21558	11809	9749	0
IS	92	23143	12703	10440	0
IS	93	25712	14141	11571	0
IS	94	28069	15419	12650	0
IS	95	29948	16463	13485	0
IS	96	32352	17804	14548	0
IS	97	34975	19023	15952	0
IS	98	37218	20301	16917	0
IS	99	39486	21689	17797	0
IS	100	43109	23523	19586	0
IS	101	45885	25234	20651	0
IS	102	48417	26478	21939	0
IS	103	52022	28408	23614	0
IS	104	54701	29638	25063	0
IS	105	57735	31750	25985	0
IS	106	61789	33987	27802	0
IS	107	63942	34946	28996	0
IS	108	65787	36085	29702	0
IS	109	69324	37828	31496	0
IS	110	71695	39130	32565	0
IS	111	74212	40709	33503	0
IS	112	79100	43292	35808	0
IS	113	80961	44320	36641	0
IS	114	83991	45955	38036	0
IS	115	87785	47774	40011	0
IS	116	89205	48836	40369	0
IS	117	91826	50379	41447	0
IS	118	94717	51482	43235	0
IS	119	94753	51816	42937	0
IS	120	97731	53514	44217	0
IS	121	100443	55087	45356	0
IS	122	101977	55744	46233	0
IS	123	103403	56459	46944	0
IS	124	107066	58723	48343	0
IS	125	107925	58935	48990	0
IS	126	109710	60042	49668	0
IS	127	112538	61845	50693	0
IS	128	111653	61184	50469	0
IS	129	113375	61973	51402	0
IS	130	116231	63500	52731	0
IS	131	115673	63379	52294	0
IS	132	116153	63807	52346	0
IS	133	120093	65867	54226	0
IS	134	119278	64812	54466	0
IS	135	120627	65948	54679	0
IS	136	124425	68456	55969	0
IS	137	121894	66858	55036	0
IS	138	122161	66789	55372	0
IS	139	123422	67491	55931	0
IS	140	122326	66874	55452	0
IS	141	121903	66749	55154	0
IS	142	124908	68629	56279	0
IS	143	123020	67489	55531	0
IS	144	124553	67828	56725	0
IS	145	125902	68842	57060	0
IS	146	125238	68695	56543	0
IS	147	124767	68658	56109	0
IS	148	125890	69231	56659	0
IS	149	124196	68493	55703	0
IS	150	123455	68332	55123	0
IS	151	131196	75013	56183	0
IS	152	133312	127389	5923	0
IS	153	134305	130571	3734	0
IS	154	136468	133837	2631	0
IS	155	134790	132815	1975	0
IS	156	135061	133469	1592	0
IS	157	135293	133676	1617	0
IS	158	134035	132449	1586	0
IS	159	132540	131045	1495	0
IS	160	133847	132335	1512	0
IS	161	130882	129398	1484	0
IS	162	131222	129707	1515	0
IS	163	132335	130838	1497	0
IS	164	131430	129821	1609	0
IS	165	131582	129971	1611	0
IS	166	132329	130554	1775	0
IS	167	131471	129656	1815	0
IS	168	130731	128893	1838	0
IS	169	130490	128481	2009	0
IS	170	128591	126486	2105	0
IS	171	127450	125223	2227	0
IS	172	129412	127258	2154	0
IS	173	127368	125078	2290	0
IS	174	128103	125690	2413	0
IS	175	129589	127074	2515	0
IS	176	126647	124019	2628	0
IS	177	125832	123150	2682	0
IS	178	127194	124559	2635	0
IS	179	124225	121347	2878	0
IS	180	123606	120624	2982	0
IS	181	124570	121560	3010	0
IS	182	121585	118579	3006	0
IS	183	122025	118805	3220	0
IS	184	122492	119148	3344	0
IS	185	121293	117909	3384	0
IS	186	120589	117093	3496	0
IS	187	122120	118448	3672	0
IS	188	119554	115864	3690	0
IS	189	118819	115131	3688	0
IS	190	119018	115232	3786	0
IS	191	116479	112548	3931	0
IS	192	116004	111882	4122	0
IS	193	116751	112581	4170	0
IS	194	114506	110368	4138	0
IS	195	114768	110244	4524	0
IS	196	114579	110156	4423	0
IS	197	112744	108256	4488	0
IS	198	113127	108482	4645	0
IS	199	113336	108766	4570	0
IS	200	110664	106284	4380	0
IS	201	109883	105366	4517	0
IS	202	109787	105500	4287	0
IS	203	107903	103518	4385	0
IS	204	107306	102700	4606	0
IS	205	106462	101861	4601	0
IS	206	104178	99643	4535	0
IS	207	103192	98882	4310	0
IS	208	103835	99567	4268	0
IS	209	100785	96721	4064	0
IS	210	98766	94737	4029	0
IS	211	97633	93853	3780	0
IS	212	94029	90561	3468	0
IS	213	93516	90504	3012	0
IS	214	92391	89479	2912	0
IS	215	89803	86865	2938	0
IS	216	88460	85800	2660	0
IS	217	86825	84509	2316	0
IS	218	86159	82425	3734	0
IS	219	84500	80962	3538	0
IS	220	83702	81366	2336	0
IS	221	80491	78429	2062	0
IS	222	78724	77049	1675	0
IS	223	78282	76643	1639	0
IS	224	76491	74948	1543	0
IS	225	75851	74465	1386	0
IS	226	75953	74625	1328	0
IS	227	74264	72983	1281	0
IS	228	72347	71040	1307	0
IS	229	72124	70995	1129	0
IS	230	69959	68960	999	0
IS	231	69725	68678	1047	0
IS	232	69412	68422	990	0
IS	233	67768	66732	1036	0
IS	234	66519	65538	981	0
IS	235	67376	66298	1078	0
IS	236	65100	64074	1026	0
IS	237	64013	63068	945	0
IS	238	64213	63201	1012	0
IS	239	63348	62371	977	0
IS	240	62102	61129	973	0
IS	241	62570	61606	964	0
IS	242	60018	59046	972	0
IS	243	59193	58231	962	0
IS	244	59066	58168	898	0
IS	245	57305	56411	894	0
IS	246	57541	56665	876	0
IS	247	57894	57030	864	0
IS	248	57146	56232	914	0
IS	249	55670	54690	980	0
IS	250	54617	53633	984	0
IS	251	53762	52743	1019	0
IS	252	52938	51956	982	0
IS	253	52684	51746	938	0
IS	254	50947	50076	871	0
IS	255	50646	49813	833	0
IS	256	50248	49377	871	0
IS	257	49590	48738	852	0
IS	258	49102	48271	831	0
IS	259	48675	47787	888	0
IS	260	47527	46650	877	0
IS	261	47024	46118	906	0
IS	262	46477	45611	866	0
IS	263	45825	45037	788	0
IS	264	44621	43731	890	0
IS	265	44604	43757	847	0
IS	266	44146	43331	815	0
IS	267	43316	42430	886	0
IS	268	43638	42732	906	0
IS	269	42050	41229	821	0
IS	270	41534	40725	809	0
IS	271	41062	40255	807	0
IS	272	39895	39097	798	0
IS	273	40119	39240	879	0
IS	274	39517	38707	810	0
IS	275	39008	38160	848	0
IS	276	37723	36903	820	0
IS	277	38017	37225	792	0
IS	278	37358	36551	807	0
IS	279	36980	36126	854	0
IS	280	36353	35582	771	0
IS	281	35342	34641	701	0
IS	282	34952	34246	706	0
IS	283	34099	33382	717	0
IS	284	33716	33060	656	0
IS	285	32747	32077	670	0
IS	286	32628	31942	686	0
IS	287	31519	30874	645	0
IS	288	31559	30897	662	0
IS	289	31562	30883	679	0
IS	290	30981	30346	635	0
IS	291	30396	29625	771	0
IS	292	30364	29761	603	0
IS	293	29879	29053	826	0
IS	294	29284	28568	716	0
IS	295	28775	28118	657	0
IS	296	28445	27737	708	0
IS	297	27852	27159	693	0
IS	298	28183	27173	1010	0
IS	299	27512	26612	900	0
IS	300	27448	26590	858	0
IS	301	27016	26143	873	0
IS	302	26354	25286	1068	0
IS	303	25889	24925	964	0
IS	304	25500	24828	672	0
IS	305	24546	23918	628	0
IS	306	24328	23744	584	0
IS	307	24365	23742	623	0
IS	308	23789	22928	861	0
IS	309	23972	23120	852	0
IS	310	23339	22672	667	0
IS	311	22769	22155	614	0
IS	312	22540	21941	599	0
IS	313	22127	21512	615	0
IS	314	21407	20768	639	0
IS	315	21389	20738	651	0
IS	316	20875	20307	568	0
IS	317	20561	19940	621	0
IS	318	20138	19467	671	0
IS	319	20280	19639	641	0
IS	320	19707	19082	625	0
IS	321	19209	18572	637	0
IS	322	19303	18740	563	0
IS	323	18629	18018	611	0
IS	324	18272	17708	564	0
IS	325	18302	17721	581	0
IS	326	17488	16969	519	0
IS	327	17689	17188	501	0
IS	328	17499	16924	575	0
IS	329	16745	16203	542	0
IS	330	16813	16231	582	0
IS	331	16915	16320	595	0
IS	332	16577	15950	627	0
IS	333	16214	15654	560	0
IS	334	15843	15365	478	0
IS	335	15871	15314	557	0
IS	336	15284	14775	509	0
IS	337	15309	14807	502	0
IS	338	14734	14244	490	0
IS	339	14245	13740	505	0
IS	340	14460	14106	354	0
IS	341	13680	13268	412	0
IS	342	13644	13251	393	0
IS	343	13762	13370	392	0
IS	344	13399	13021	378	0
IS	345	13210	12896	314	0
IS	346	13016	12652	364	0
IS	347	12302	11967	335	0
IS	348	12353	12035	318	0
IS	349	12342	12055	287	0
IS	350	12165	11861	304	0
IS	351	11831	11491	340	0
IS	352	11705	11431	274	0
IS	353	11778	11484	294	0
IS	354	11222	10909	313	0
IS	355	11220	10871	349	0
IS	356	10988	10717	271	0
IS	357	10728	10413	315	0
IS	358	10355	10093	262	0
IS	359	10062	9795	267	0
IS	360	9957	9694	263	0
IS	361	9989	9716	273	0
IS	362	9843	9574	269	0
IS	363	9816	9560	256	0
IS	364	9637	9405	232	0
IS	365	9461	9197	264	0
IS	366	9553	9258	295	0
IS	367	9291	9020	271	0
IS	368	9026	8758	268	0
IS	369	8693	8472	221	0
IS	370	9114	8826	288	0
IS	371	8616	8355	261	0
IS	372	8805	8582	223	0
IS	373	8386	8145	241	0
IS	374	8311	8113	198	0
IS	375	8218	7997	221	0
IS	376	8371	8167	204	0
IS	377	8089	7888	201	0
IS	378	7911	7659	252	0
IS	379	7888	7688	200	0
IS	380	7494	7309	185	0
IS	381	7405	7166	239	0
IS	382	7373	7178	195	0
IS	383	7268	7073	195	0
IS	384	7204	6982	222	0
IS	385	7236	7029	207	0
IS	386	7010	6809	201	0
IS	387	6881	6681	200	0
IS	388	6887	6685	202	0
IS	389	6726	6550	176	0
IS	390	6828	6610	218	0
IS	391	6435	6240	195	0
IS	392	6309	6126	183	0
IS	393	6381	6184	197	0
IS	394	6205	6003	202	0
IS	395	5946	5780	166	0
IS	396	6144	5929	215	0
IS	397	6280	6108	172	0
IS	398	6114	5929	185	0
IS	399	6054	5866	188	0
IS	400	5911	5730	181	0
IS	401	5851	5631	220	0
IS	402	5002	4786	216	0
IS	403	4980	4815	165	0
IS	404	4820	4643	177	0
IS	405	4894	4700	194	0
IS	406	4751	4579	172	0
IS	407	4586	4416	170	0
IS	408	4541	4374	167	0
IS	409	4527	4379	148	0
IS	410	4454	4263	191	0
IS	411	4325	4173	152	0
IS	412	4135	3947	188	0
IS	413	4223	4013	210	0
IS	414	4261	4057	204	0
IS	415	4270	4073	197	0
IS	416	4060	3890	170	0
IS	417	3795	3637	158	0
IS	418	3811	3659	152	0
IS	419	3805	3596	209	0
IS	420	3719	3549	170	0
IS	421	3824	3630	194	0
IS	422	3640	3457	183	0
IS	423	3713	3558	155	0
IS	424	3707	3525	182	0
IS	425	3614	3433	181	0
IS	426	3497	3308	189	0
IS	427	3536	3297	239	0
IS	428	3539	3324	215	0
IS	429	3406	3190	216	0
IS	430	3446	3163	283	0
IS	431	3342	3039	303	0
IS	432	3415	3087	328	0
IS	433	3297	2958	339	0
IS	434	3136	2853	283	0
IS	435	3214	2934	280	0
IS	436	3088	2878	210	0
IS	437	3269	3028	241	0
IS	438	3135	2917	218	0
IS	439	3170	2900	270	0
IS	440	3584	2882	702	0
IS	441	3640	2718	922	0
IS	442	3429	2730	699	0
IS	443	3027	2583	444	0
IS	444	3102	2759	343	0
IS	445	2859	2617	242	0
IS	446	2772	2558	214	0
IS	447	2783	2578	205	0
IS	448	2771	2558	213	0
IS	449	2807	2580	227	0
IS	450	2778	2525	253	0
IS	451	2659	2455	204	0
IS	452	2793	2559	234	0
IS	453	2630	2413	217	0
IS	454	2732	2525	207	0
IS	455	2676	2421	255	0
IS	456	2629	2393	236	0
IS	457	2551	2311	240	0
IS	458	2466	2291	175	0
IS	459	2275	2077	198	0
IS	460	2376	2209	167	0
IS	461	2383	2183	200	0
IS	462	2252	2085	167	0
IS	463	2266	2112	154	0
IS	464	2216	2030	186	0
IS	465	2159	1967	192	0
IS	466	2027	1896	131	0
IS	467	2068	1939	129	0
IS	468	2074	1919	155	0
IS	469	1966	1807	159	0
IS	470	1906	1766	140	0
IS	471	1937	1784	153	0
IS	472	1957	1794	163	0
IS	473	1993	1828	165	0
IS	474	1919	1758	161	0
IS	475	1906	1713	193	0
IS	476	1872	1714	158	0
IS	477	1745	1587	158	0
IS	478	1809	1665	144	0
IS	479	1718	1562	156	0
IS	480	1832	1661	171	0
IS	481	1686	1482	204	0
IS	482	1703	1542	161	0
IS	483	1534	1443	91	0
IS	484	1554	1462	92	0
IS	485	1567	1447	120	0
IS	486	1516	1415	101	0
IS	487	1524	1419	105	0
IS	488	1486	1388	98	0
IS	489	1491	1413	78	0
IS	490	1534	1420	114	0
IS	491	1535	1432	103	0
IS	492	1490	1382	108	0
IS	493	1397	1305	92	0
IS	494	1453	1357	96	0
IS	495	1463	1360	103	0
IS	496	1478	1384	94	0
IS	497	1444	1349	95	0
IS	498	1384	1281	103	0
IS	499	1356	1230	126	0
IS	500	1385	1274	111	0
IS	501	1395	1310	85	0
IS	502	1407	1301	106	0
IS	503	1404	1280	124	0
IS	504	1402	1275	127	0
IS	505	1433	1272	161	0
IS	506	1269	1135	134	0
IS	507	1122	1020	102	0
IS	508	1154	1085	69	0
IS	509	1235	1155	80	0
IS	510	1204	1154	50	0
IS	511	1211	1137	74	0
IS	512	1155	1076	79	0
IS	513	1230	1145	85	0
IS	514	1165	1074	91	0
IS	515	1057	974	83	0
IS	516	1028	928	100	0
IS	517	1130	1031	99	0
IS	518	1143	1041	102	0
IS	519	1074	977	97	0
IS	520	1043	945	98	0
IS	521	1002	910	92	0
IS	522	1136	1018	118	0
IS	523	1053	950	103	0
IS	524	1064	977	87	0
IS	525	1003	920	83	0
IS	526	1074	979	95	0
IS	527	1100	989	111	0
IS	528	1088	966	122	0
IS	529	1097	988	109	0
IS	530	1025	910	115	0
IS	531	1092	1011	81	0
IS	532	1001	915	86	0
IS	533	998	888	110	0
IS	534	989	875	114	0
IS	535	943	834	109	0
# Read lengths. Use `grep ^RL | cut -f 2-` to extract this part. The columns are: read length, count
RL	35	398
RL	36	327
RL	37	318
RL	38	415
RL	39	385
RL	40	466
RL	41	462
RL	42	467
RL	43	516
RL	44	543
RL	45	566
RL	46	712
RL	47	859
RL	48	961
RL	49	1125
RL	50	1342
RL	51	1344
RL	52	1427
RL	53	1373
RL	54	1350
RL	55	1352
RL	56	1510
RL	57	1644
RL	58	1866
RL	59	2152
RL	60	2366
RL	61	2717
RL	62	2786
RL	63	3020
RL	64	3397
RL	65	3477
RL	66	3758
RL	67	4255
RL	68	4801
RL	69	5370
RL	70	6036
RL	71	6576
RL	72	7348
RL	73	8268
RL	74	9143
RL	75	10008
RL	76	11179
RL	77	12016
RL	78	13503
RL	79	15526
RL	80	16966
RL	81	18710
RL	82	20909
RL	83	23311
RL	84	26004
RL	85	28945
RL	86	31430
RL	87	34820
RL	88	38592
RL	89	40462
RL	90	45160
RL	91	50779
RL	92	54407
RL	93	60708
RL	94	66267
RL	95	70884
RL	96	76235
RL	97	82460
RL	98	88258
RL	99	93468
RL	100	101718
RL	101	108471
RL	102	114015
RL	103	123004
RL	104	129625
RL	105	136761
RL	106	146016
RL	107	151806
RL	108	156940
RL	109	165451
RL	110	170141
RL	111	177599
RL	112	189342
RL	113	193832
RL	114	200131
RL	115	209972
RL	116	213130
RL	117	220720
RL	118	226696
RL	119	228931
RL	120	235057
RL	121	242055
RL	122	246209
RL	123	249608
RL	124	258757
RL	125	259163
RL	126	264755
RL	127	270920
RL	128	269034
RL	129	273010
RL	130	279405
RL	131	280604
RL	132	282031
RL	133	291306
RL	134	291446
RL	135	292847
RL	136	301098
RL	137	297877
RL	138	298635
RL	139	303726
RL	140	301172
RL	141	302506
RL	142	312317
RL	143	314142
RL	144	314834
RL	145	331447
RL	146	371778
RL	147	373986
RL	148	309760
RL	149	304265
RL	150	306829
RL	151	28879201
# Read lengths - first fragments. Use `grep ^FRL | cut -f 2-` to extract this part. The columns are: read length, count
FRL	35	221
FRL	36	171
FRL	37	160
FRL	38	207
FRL	39	199
FRL	40	234
FRL	41	229
FRL	42	243
FRL	43	268
FRL	44	282
FRL	45	295
FRL	46	364
FRL	47	447
FRL	48	520
FRL	49	607
FRL	50	727
FRL	51	721
FRL	52	756
FRL	53	712
FRL	54	706
FRL	55	705
FRL	56	773
FRL	57	848
FRL	58	953
FRL	59	1101
FRL	60	1213
FRL	61	1388
FRL	62	1411
FRL	63	1545
FRL	64	1720
FRL	65	1758
FRL	66	1903
FRL	67	2155
FRL	68	2442
FRL	69	2729
FRL	70	3056
FRL	71	3316
FRL	72	3696
FRL	73	4162
FRL	74	4607
FRL	75	5034
FRL	76	5610
FRL	77	6054
FRL	78	6793
FRL	79	7852
FRL	80	8542
FRL	81	9415
FRL	82	10486
FRL	83	11693
FRL	84	13026
FRL	85	14516
FRL	86	15765
FRL	87	17446
FRL	88	19325
FRL	89	20272
FRL	90	22607
FRL	91	25439
FRL	92	27241
FRL	93	30399
FRL	94	33176
FRL	95	35527
FRL	96	38173
FRL	97	41301
FRL	98	44161
FRL	99	46808
FRL	100	50908
FRL	101	54329
FRL	102	57104
FRL	103	61564
FRL	104	64884
FRL	105	68444
FRL	106	73071
FRL	107	76047
FRL	108	78601
FRL	109	82828
FRL	110	85159
FRL	111	88850
FRL	112	94760
FRL	113	97023
FRL	114	100170
FRL	115	105105
FRL	116	106690
FRL	117	110438
FRL	118	113431
FRL	119	114583
FRL	120	117686
FRL	121	121192
FRL	122	123269
FRL	123	124959
FRL	124	129488
FRL	125	129746
FRL	126	132541
FRL	127	135618
FRL	128	134659
FRL	129	136675
FRL	130	139853
FRL	131	140460
FRL	132	141223
FRL	133	145794
FRL	134	145870
FRL	135	146566
FRL	136	150670
FRL	137	149120
FRL	138	149449
FRL	139	151871
FRL	140	150555
FRL	141	150824
FRL	142	155300
FRL	143	155902
FRL	144	157308
FRL	145	165622
FRL	146	187631
FRL	147	187353
FRL	148	154866
FRL	149	152110
FRL	150	156394
FRL	151	14430369
# Read lengths - last fragments. Use `grep ^LRL | cut -f 2-` to extract this part. The columns are: read length, count
LRL	35	177
LRL	36	156
LRL	37	158
LRL	38	208
LRL	39	186
LRL	40	232
LRL	41	233
LRL	42	224
LRL	43	248
LRL	44	261
LRL	45	271
LRL	46	348
LRL	47	412
LRL	48	441
LRL	49	518
LRL	50	615
LRL	51	623
LRL	52	671
LRL	53	661
LRL	54	644
LRL	55	647
LRL	56	737
LRL	57	796
LRL	58	913
LRL	59	1051
LRL	60	1153
LRL	61	1329
LRL	62	1375
LRL	63	1475
LRL	64	1677
LRL	65	1719
LRL	66	1855
LRL	67	2100
LRL	68	2359
LRL	69	2641
LRL	70	2980
LRL	71	3260
LRL	72	3652
LRL	73	4106
LRL	74	4536
LRL	75	4974
LRL	76	5569
LRL	77	5962
LRL	78	6710
LRL	79	7674
LRL	80	8424
LRL	81	9295
LRL	82	10423
LRL	83	11618
LRL	84	12978
LRL	85	14429
LRL	86	15665
LRL	87	17374
LRL	88	19267
LRL	89	20190
LRL	90	22553
LRL	91	25340
LRL	92	27166
LRL	93	30309
LRL	94	33091
LRL	95	35357
LRL	96	38062
LRL	97	41159
LRL	98	44097
LRL	99	46660
LRL	100	50810
LRL	101	54142
LRL	102	56911
LRL	103	61440
LRL	104	64741
LRL	105	68317
LRL	106	72945
LRL	107	75759
LRL	108	78339
LRL	109	82623
LRL	110	84982
LRL	111	88749
LRL	112	94582
LRL	113	96809
LRL	114	99961
LRL	115	104867
LRL	116	106440
LRL	117	110282
LRL	118	113265
LRL	119	114348
LRL	120	117371
LRL	121	120863
LRL	122	122940
LRL	123	124649
LRL	124	129269
LRL	125	129417
LRL	126	132214
LRL	127	135302
LRL	128	134375
LRL	129	136335
LRL	130	139552
LRL	131	140144
LRL	132	140808
LRL	133	145512
LRL	134	145576
LRL	135	146281
LRL	136	150428
LRL	137	148757
LRL	138	149186
LRL	139	151855
LRL	140	150617
LRL	141	151682
LRL	142	157017
LRL	143	158240
LRL	144	157526
LRL	145	165825
LRL	146	184147
LRL	147	186633
LRL	148	154894
LRL	149	152155
LRL	150	150435
LRL	151	14448832
# Mapping qualities for reads !(UNMAP|SECOND|SUPPL|QCFAIL|DUP). Use `grep ^MAPQ | cut -f 2-` to extract this part. The columns are: mapq, count
MAPQ	0	6952
MAPQ	1	50851
MAPQ	60	40006045
# Indel distribution. Use `grep ^ID | cut -f 2-` to extract this part. The columns are: length, number of insertions, number of deletions
ID	1	382018	302886
ID	2	83938	147203
ID	3	50608	51195
ID	4	12896	9922
ID	5	4282	10225
ID	6	9339	14887
ID	7	2716	8216
ID	8	5514	4195
# Indels per cycle. Use `grep ^IC | cut -f 2-` to extract this part. The columns are: cycle, number of insertions (fwd), .. (rev) , number of deletions (fwd), .. (rev)
IC	2	2	0	2	1
IC	3	0	2	0	1
IC	4	1	6	0	1
IC	5	0	2	0	0
IC	6	5	11	1	5
IC	7	17	9	11	11
IC	8	847	330	676	545
IC	9	1060	715	1034	802
IC	10	1041	984	738	522
IC	11	1152	807	714	796
IC	12	1419	1423	1022	1121
IC	13	1503	1236	1419	941
IC	14	1302	1469	1423	1386
IC	15	1870	1456	1751	1893
IC	16	1423	1335	1467	1513
IC	17	1647	2292	1400	1962
IC	18	1479	1854	1598	1826
IC	19	1754	2644	1507	4539
IC	20	1901	2446	1509	1810
IC	21	1886	1961	1672	1956
IC	22	1826	2529	1612	2355
IC	23	1793	2082	1485	2016
IC	24	1997	2111	1751	2528
IC	25	1718	2377	1802	2631
IC	26	1839	1866	2241	3430
IC	27	1932	2059	1576	2137
IC	28	2512	1838	1578	2114
IC	29	2220	2612	1662	2633
IC	30	1647	2319	1661	2667
IC	31	2085	1637	2092	2247
IC	32	1820	2120	1804	2032
IC	33	2803	2050	1748	2214
IC	34	1943	1655	2187	2225
IC	35	2054	5085	2243	2397
IC	36	1774	3473	2009	2703
IC	37	1941	2384	1972	3533
IC	38	2003	2062	1845	6050
IC	39	1768	2062	1928	4323
IC	40	1919	1932	1980	4546
IC	41	2023	1996	2099	3026
IC	42	2367	2100	2169	2306
IC	43	2208	2006	2684	2438
IC	44	2125	2144	2332	3506
IC	45	1709	1917	2046	2435
IC	46	1591	2582	1857	3506
IC	47	2241	2822	2330	1956
IC	48	2366	3835	1634	3134
IC	49	2550	2296	1860	2238
IC	50	2838	2065	2037	1819
IC	51	2487	2727	1962	2721
IC	52	2979	2019	2286	2052
IC	53	3173	3313	1590	2417
IC	54	2647	2355	1926	2732
IC	55	2283	2354	1992	2269
IC	56	2423	2878	1982	2561
IC	57	2010	2111	1932	5253
IC	58	1844	3413	1708	2372
IC	59	2519	3577	1876	2572
IC	60	2300	1986	1675	2917
IC	61	2350	2257	2077	2487
IC	62	1825	2064	3346	2725
IC	63	1799	2651	2316	3435
IC	64	2201	2368	3096	2364
IC	65	1885	2106	2048	2585
IC	66	2128	2330	2412	2578
IC	67	1678	2364	2692	4316
IC	68	2565	2962	2489	2362
IC	69	1518	2995	2377	2230
IC	70	1892	3195	3141	2243
IC	71	2296	2989	2157	1914
IC	72	1799	2207	1947	2857
IC	73	2164	2386	2130	2294
IC	74	1556	2468	2617	2020
IC	75	2110	2782	2523	1809
IC	76	2231	2334	2274	2295
IC	77	2357	2497	2636	1885
IC	78	1647	2191	2470	4781
IC	79	1786	2043	2244	1849
IC	80	2017	2023	1847	1610
IC	81	2889	2151	2347	2189
IC	82	1700	1940	2034	1980
IC	83	1706	1884	1947	2686
IC	84	1903	1872	2472	3555
IC	85	1761	3054	2275	2659
IC	86	1798	2531	2326	1760
IC	87	2161	3073	2317	2345
IC	88	1798	2192	2508	1982
IC	89	2056	2049	2167	1733
IC	90	2038	1852	2463	1673
IC	91	2229	1902	3071	2107
IC	92	2658	2123	2292	2032
IC	93	1777	1898	2617	2052
IC	94	1841	1725	2030	2112
IC	95	1851	1654	2700	1755
IC	96	2020	1997	2594	1833
IC	97	2145	1691	3451	2668
IC	98	3183	1906	3271	2293
IC	99	3340	1966	1995	2878
IC	100	2196	1794	2455	1547
IC	101	2033	2073	2043	1834
IC	102	6045	2607	2372	1622
IC	103	12223	2104	2117	1583
IC	104	4286	1927	1691	1573
IC	105	2214	2285	1894	1651
IC	106	3515	1902	1829	1959
IC	107	1739	2875	2230	1515
IC	108	2938	2710	2048	1632
IC	109	1777	3202	2284	1858
IC	110	3432	1898	1911	1606
IC	111	1753	2294	1596	2317
IC	112	1825	1709	1772	1899
IC	113	1834	2298	1613	1919
IC	114	1548	1648	2322	1863
IC	115	1404	1486	1772	1768
IC	116	1616	1797	2208	1676
IC	117	1451	1656	1684	2211
IC	118	1683	1931	2181	1574
IC	119	1746	2015	2335	1722
IC	120	1425	1897	2089	1556
IC	121	1598	2085	2209	1555
IC	122	1514	1581	1838	1147
IC	123	1345	1679	2287	1892
IC	124	1564	1615	2123	1327
IC	125	1391	1501	1827	1742
IC	126	1212	1560	1718	1621
IC	127	1363	1541	1416	1039
IC	128	1569	1441	1548	1394
IC	129	1579	1563	1309	1229
IC	130	1166	1351	1233	1481
IC	131	1351	1866	1455	1696
IC	132	1248	1383	1156	2095
IC	133	956	1348	1076	1161
IC	134	1633	1301	1266	1125
IC	135	1218	1380	1008	1239
IC	136	1341	1300	997	1149
IC	137	1050	2185	804	1159
IC	138	788	985	873	1367
IC	139	711	848	1032	795
IC	140	496	580	590	627
IC	141	528	635	481	339
IC	142	420	673	405	318
IC	143	366	763	568	265
IC	144	316	903	7	10
IC	145	10	9	5	5
IC	146	33	10	0	2
IC	147	12	1	0	0
IC	148	5	0	2	0
IC	149	1	1	0	0
IC	150	1	0	0	0
# Coverage distribution. Use `grep ^COV | cut -f 2-` to extract this part.
COV	[1-1]	1	1006392
COV	[2-2]	2	1378942
COV	[3-3]	3	637864
COV	[4-4]	4	727413
COV	[5-5]	5	473536
COV	[6-6]	6	473090
COV	[7-7]	7	361764
COV	[8-8]	8	359922
COV	[9-9]	9	301738
COV	[10-10]	10	291268
COV	[11-11]	11	257233
COV	[12-12]	12	244992
COV	[13-13]	13	224929
COV	[14-14]	14	214056
COV	[15-15]	15	202535
COV	[16-16]	16	194987
COV	[17-17]	17	185796
COV	[18-18]	18	179381
COV	[19-19]	19	170411
COV	[20-20]	20	166449
COV	[21-21]	21	160714
COV	[22-22]	22	151903
COV	[23-23]	23	146953
COV	[24-24]	24	144944
COV	[25-25]	25	141586
COV	[26-26]	26	137521
COV	[27-27]	27	132972
COV	[28-28]	28	130360
COV	[29-29]	29	128325
COV	[30-30]	30	125707
COV	[31-31]	31	124176
COV	[32-32]	32	121121
COV	[33-33]	33	117628
COV	[34-34]	34	116550
COV	[35-35]	35	114062
COV	[36-36]	36	112126
COV	[37-37]	37	111304
COV	[38-38]	38	110468
COV	[39-39]	39	109249
COV	[40-40]	40	106528
COV	[41-41]	41	106152
COV	[42-42]	42	105047
COV	[43-43]	43	103582
COV	[44-44]	44	103178
COV	[45-45]	45	99761
COV	[46-46]	46	98920
COV	[47-47]	47	97264
COV	[48-48]	48	96458
COV	[49-49]	49	96137
COV	[50-50]	50	95542
COV	[51-51]	51	92493
COV	[52-52]	52	92571
COV	[53-53]	53	90709
COV	[54-54]	54	89655
COV	[55-55]	55	89129
COV	[56-56]	56	88065
COV	[57-57]	57	88190
COV	[58-58]	58	87249
COV	[59-59]	59	85920
COV	[60-60]	60	87177
COV	[61-61]	61	85418
COV	[62-62]	62	85764
COV	[63-63]	63	85407
COV	[64-64]	64	84129
COV	[65-65]	65	83072
COV	[66-66]	66	82126
COV	[67-67]	67	81914
COV	[68-68]	68	80202
COV	[69-69]	69	79042
COV	[70-70]	70	78907
COV	[71-71]	71	78933
COV	[72-72]	72	78107
COV	[73-73]	73	76942
COV	[74-74]	74	75793
COV	[75-75]	75	75484
COV	[76-76]	76	74283
COV	[77-77]	77	75005
COV	[78-78]	78	73825
COV	[79-79]	79	72765
COV	[80-80]	80	71137
COV	[81-81]	81	71401
COV	[82-82]	82	71017
COV	[83-83]	83	69692
COV	[84-84]	84	69663
COV	[85-85]	85	69237
COV	[86-86]	86	68669
COV	[87-87]	87	68188
COV	[88-88]	88	68393
COV	[89-89]	89	67291
COV	[90-90]	90	67943
COV	[91-91]	91	66270
COV	[92-92]	92	65908
COV	[93-93]	93	65208
COV	[94-94]	94	65505
COV	[95-95]	95	64166
COV	[96-96]	96	63841
COV	[97-97]	97	63022
COV	[98-98]	98	62350
COV	[99-99]	99	61181
COV	[100-100]	100	60530
COV	[101-101]	101	60099
COV	[102-102]	102	59837
COV	[103-103]	103	58342
COV	[104-104]	104	58011
COV	[105-105]	105	57445
COV	[106-106]	106	57451
COV	[107-107]	107	56839
COV	[108-108]	108	56983
COV	[109-109]	109	56237
COV	[110-110]	110	56282
COV	[111-111]	111	55794
COV	[112-112]	112	54973
COV	[113-113]	113	54798
COV	[114-114]	114	53446
COV	[115-115]	115	53430
COV	[116-116]	116	52552
COV	[117-117]	117	52968
COV	[118-118]	118	52005
COV	[119-119]	119	51439
COV	[120-120]	120	51337
COV	[121-121]	121	50061
COV	[122-122]	122	49652
COV	[123-123]	123	48810
COV	[124-124]	124	48888
COV	[125-125]	125	48088
COV	[126-126]	126	47194
COV	[127-127]	127	47049
COV	[128-128]	128	46921
COV	[129-129]	129	46797
COV	[130-130]	130	45900
COV	[131-131]	131	45832
COV	[132-132]	132	44639
COV	[133-133]	133	44034
COV	[134-134]	134	44185
COV	[135-135]	135	43358
COV	[136-136]	136	42944
COV	[137-137]	137	42710
COV	[138-138]	138	42198
COV	[139-139]	139	41600
COV	[140-140]	140	41194
COV	[141-141]	141	41480
COV	[142-142]	142	41049
COV	[143-143]	143	40574
COV	[144-144]	144	40141
COV	[145-145]	145	39620
COV	[146-146]	146	39343
COV	[147-147]	147	38935
COV	[148-148]	148	38615
COV	[149-149]	149	38050
COV	[150-150]	150	37845
COV	[151-151]	151	38009
COV	[152-152]	152	37388
COV	[153-153]	153	37022
COV	[154-154]	154	36644
COV	[155-155]	155	36423
COV	[156-156]	156	36068
COV	[157-157]	157	35502
COV	[158-158]	158	35298
COV	[159-159]	159	34707
COV	[160-160]	160	34852
COV	[161-161]	161	34344
COV	[162-162]	162	34330
COV	[163-163]	163	33723
COV	[164-164]	164	33581
COV	[165-165]	165	32608
COV	[166-166]	166	33205
COV	[167-167]	167	32484
COV	[168-168]	168	32437
COV	[169-169]	169	32005
COV	[170-170]	170	31020
COV	[171-171]	171	31229
COV	[172-172]	172	31270
COV	[173-173]	173	30775
COV	[174-174]	174	30622
COV	[175-175]	175	30034
COV	[176-176]	176	29808
COV	[177-177]	177	29362
COV	[178-178]	178	29530
COV	[179-179]	179	29981
COV	[180-180]	180	29191
COV	[181-181]	181	29274
COV	[182-182]	182	29126
COV	[183-183]	183	28404
COV	[184-184]	184	28812
COV	[185-185]	185	27926
COV	[186-186]	186	27547
COV	[187-187]	187	27414
COV	[188-188]	188	27430
COV	[189-189]	189	26979
COV	[190-190]	190	26516
COV	[191-191]	191	26497
COV	[192-192]	192	26105
COV	[193-193]	193	25571
COV	[194-194]	194	25542
COV	[195-195]	195	25473
COV	[196-196]	196	25414
COV	[197-197]	197	25074
COV	[198-198]	198	24862
COV	[199-199]	199	24380
COV	[200-200]	200	24778
COV	[201-201]	201	24065
COV	[202-202]	202	23821
COV	[203-203]	203	24021
COV	[204-204]	204	24247
COV	[205-205]	205	23696
COV	[206-206]	206	23421
COV	[207-207]	207	23190
COV	[208-208]	208	23287
COV	[209-209]	209	22806
COV	[210-210]	210	22828
COV	[211-211]	211	22795
COV	[212-212]	212	22482
COV	[213-213]	213	22485
COV	[214-214]	214	22060
COV	[215-215]	215	21892
COV	[216-216]	216	21950
COV	[217-217]	217	21977
COV	[218-218]	218	21588
COV	[219-219]	219	21125
COV	[220-220]	220	20873
COV	[221-221]	221	21178
COV	[222-222]	222	20903
COV	[223-223]	223	20801
COV	[224-224]	224	20678
COV	[225-225]	225	20221
COV	[226-226]	226	20184
COV	[227-227]	227	20036
COV	[228-228]	228	19625
COV	[229-229]	229	19581
COV	[230-230]	230	19577
COV	[231-231]	231	19368
COV	[232-232]	232	19357
COV	[233-233]	233	19107
COV	[234-234]	234	19086
COV	[235-235]	235	18891
COV	[236-236]	236	18740
COV	[237-237]	237	18642
COV	[238-238]	238	18384
COV	[239-239]	239	18605
COV	[240-240]	240	18103
COV	[241-241]	241	18510
COV	[242-242]	242	18186
COV	[243-243]	243	18091
COV	[244-244]	244	17669
COV	[245-245]	245	17512
COV	[246-246]	246	17734
COV	[247-247]	247	17510
COV	[248-248]	248	17422
COV	[249-249]	249	17675
COV	[250-250]	250	17311
COV	[251-251]	251	16958
COV	[252-252]	252	17096
COV	[253-253]	253	17027
COV	[254-254]	254	16977
COV	[255-255]	255	16692
COV	[256-256]	256	16628
COV	[257-257]	257	16570
COV	[258-258]	258	16271
COV	[259-259]	259	16543
COV	[260-260]	260	16317
COV	[261-261]	261	16303
COV	[262-262]	262	16322
COV	[263-263]	263	16058
COV	[264-264]	264	15595
COV	[265-265]	265	15755
COV	[266-266]	266	15741
COV	[267-267]	267	15438
COV	[268-268]	268	15362
COV	[269-269]	269	15431
COV	[270-270]	270	15798
COV	[271-271]	271	15225
COV	[272-272]	272	15250
COV	[273-273]	273	14994
COV	[274-274]	274	14793
COV	[275-275]	275	14854
COV	[276-276]	276	14956
COV	[277-277]	277	14722
COV	[278-278]	278	14723
COV	[279-279]	279	14369
COV	[280-280]	280	14313
COV	[281-281]	281	14263
COV	[282-282]	282	14100
COV	[283-283]	283	13908
COV	[284-284]	284	14058
COV	[285-285]	285	13969
COV	[286-286]	286	13888
COV	[287-287]	287	13829
COV	[288-288]	288	13936
COV	[289-289]	289	13873
COV	[290-290]	290	13675
COV	[291-291]	291	13960
COV	[292-292]	292	14018
COV	[293-293]	293	13338
COV	[294-294]	294	13326
COV	[295-295]	295	13158
COV	[296-296]	296	13116
COV	[297-297]	297	12866
COV	[298-298]	298	13146
COV	[299-299]	299	12814
COV	[300-300]	300	12755
COV	[301-301]	301	12617
COV	[302-302]	302	12786
COV	[303-303]	303	12625
COV	[304-304]	304	12378
COV	[305-305]	305	12383
COV	[306-306]	306	12301
COV	[307-307]	307	12291
COV	[308-308]	308	12269
COV	[309-309]	309	12138
COV	[310-310]	310	11977
COV	[311-311]	311	11840
COV	[312-312]	312	11753
COV	[313-313]	313	11730
COV	[314-314]	314	11421
COV	[315-315]	315	11399
COV	[316-316]	316	11463
COV	[317-317]	317	11212
COV	[318-318]	318	11167
COV	[319-319]	319	11085
COV	[320-320]	320	11006
COV	[321-321]	321	11124
COV	[322-322]	322	10999
COV	[323-323]	323	10930
COV	[324-324]	324	10630
COV	[325-325]	325	10749
COV	[326-326]	326	10855
COV	[327-327]	327	10652
COV	[328-328]	328	10654
COV	[329-329]	329	10545
COV	[330-330]	330	10616
COV	[331-331]	331	10397
COV	[332-332]	332	10390
COV	[333-333]	333	10363
COV	[334-334]	334	10497
COV	[335-335]	335	10313
COV	[336-336]	336	10274
COV	[337-337]	337	10493
COV	[338-338]	338	10213
COV	[339-339]	339	10046
COV	[340-340]	340	10207
COV	[341-341]	341	10031
COV	[342-342]	342	9984
COV	[343-343]	343	10068
COV	[344-344]	344	10102
COV	[345-345]	345	9872
COV	[346-346]	346	9668
COV	[347-347]	347	9790
COV	[348-348]	348	9597
COV	[349-349]	349	9414
COV	[350-350]	350	9585
COV	[351-351]	351	9584
COV	[352-352]	352	9253
COV	[353-353]	353	9197
COV	[354-354]	354	9357
COV	[355-355]	355	9177
COV	[356-356]	356	9190
COV	[357-357]	357	8876
COV	[358-358]	358	9146
COV	[359-359]	359	9064
COV	[360-360]	360	8898
COV	[361-361]	361	8851
COV	[362-362]	362	8660
COV	[363-363]	363	8832
COV	[364-364]	364	8866
COV	[365-365]	365	8593
COV	[366-366]	366	8813
COV	[367-367]	367	8692
COV	[368-368]	368	8579
COV	[369-369]	369	8507
COV	[370-370]	370	8453
COV	[371-371]	371	8206
COV	[372-372]	372	8400
COV	[373-373]	373	8434
COV	[374-374]	374	8341
COV	[375-375]	375	8082
COV	[376-376]	376	8152
COV	[377-377]	377	8052
COV	[378-378]	378	8112
COV	[379-379]	379	8186
COV	[380-380]	380	8168
COV	[381-381]	381	7881
COV	[382-382]	382	8010
COV	[383-383]	383	8161
COV	[384-384]	384	7766
COV	[385-385]	385	7962
COV	[386-386]	386	8006
COV	[387-387]	387	7675
COV	[388-388]	388	7755
COV	[389-389]	389	7735
COV	[390-390]	390	7891
COV	[391-391]	391	7735
COV	[392-392]	392	7783
COV	[393-393]	393	7695
COV	[394-394]	394	7551
COV	[395-395]	395	7523
COV	[396-396]	396	7528
COV	[397-397]	397	7371
COV	[398-398]	398	7332
COV	[399-399]	399	7327
COV	[400-400]	400	7333
COV	[401-401]	401	7328
COV	[402-402]	402	7206
COV	[403-403]	403	7016
COV	[404-404]	404	7228
COV	[405-405]	405	7154
COV	[406-406]	406	7266
COV	[407-407]	407	7101
COV	[408-408]	408	7054
COV	[409-409]	409	7135
COV	[410-410]	410	6817
COV	[411-411]	411	6987
COV	[412-412]	412	7016
COV	[413-413]	413	6913
COV	[414-414]	414	6905
COV	[415-415]	415	6802
COV	[416-416]	416	6637
COV	[417-417]	417	6772
COV	[418-418]	418	6874
COV	[419-419]	419	6734
COV	[420-420]	420	6675
COV	[421-421]	421	6729
COV	[422-422]	422	6757
COV	[423-423]	423	6511
COV	[424-424]	424	6509
COV	[425-425]	425	6382
COV	[426-426]	426	6438
COV	[427-427]	427	6397
COV	[428-428]	428	6369
COV	[429-429]	429	6496
COV	[430-430]	430	6301
COV	[431-431]	431	6411
COV	[432-432]	432	6413
COV	[433-433]	433	6353
COV	[434-434]	434	6447
COV	[435-435]	435	6144
COV	[436-436]	436	6088
COV	[437-437]	437	6050
COV	[438-438]	438	6171
COV	[439-439]	439	5973
COV	[440-440]	440	5993
COV	[441-441]	441	6183
COV	[442-442]	442	6051
COV	[443-443]	443	6081
COV	[444-444]	444	6100
COV	[445-445]	445	5863
COV	[446-446]	446	5986
COV	[447-447]	447	5852
COV	[448-448]	448	5737
COV	[449-449]	449	6077
COV	[450-450]	450	5970
COV	[451-451]	451	5909
COV	[452-452]	452	6059
COV	[453-453]	453	5906
COV	[454-454]	454	5939
COV	[455-455]	455	5884
COV	[456-456]	456	5766
COV	[457-457]	457	5772
COV	[458-458]	458	5837
COV	[459-459]	459	5685
COV	[460-460]	460	5590
COV	[461-461]	461	5762
COV	[462-462]	462	5722
COV	[463-463]	463	5644
COV	[464-464]	464	5555
COV	[465-465]	465	5589
COV	[466-466]	466	5490
COV	[467-467]	467	5521
COV	[468-468]	468	5450
COV	[469-469]	469	5526
COV	[470-470]	470	5436
COV	[471-471]	471	5308
COV	[472-472]	472	5264
COV	[473-473]	473	5334
COV	[474-474]	474	5218
COV	[475-475]	475	5307
COV	[476-476]	476	5176
COV	[477-477]	477	5271
COV	[478-478]	478	5152
COV	[479-479]	479	5267
COV	[480-480]	480	5250
COV	[481-481]	481	5218
COV	[482-482]	482	5066
COV	[483-483]	483	5277
COV	[484-484]	484	5030
COV	[485-485]	485	4930
COV	[486-486]	486	5134
COV	[487-487]	487	5131
COV	[488-488]	488	4911
COV	[489-489]	489	4999
COV	[490-490]	490	4938
COV	[491-491]	491	4915
COV	[492-492]	492	4948
COV	[493-493]	493	4849
COV	[494-494]	494	4817
COV	[495-495]	495	4836
COV	[496-496]	496	4731
COV	[497-497]	497	4789
COV	[498-498]	498	4793
COV	[499-499]	499	4772
COV	[500-500]	500	4721
COV	[501-501]	501	4795
COV	[502-502]	502	4733
COV	[503-503]	503	4770
COV	[504-504]	504	4827
COV	[505-505]	505	4716
COV	[506-506]	506	4620
COV	[507-507]	507	4614
COV	[508-508]	508	4625
COV	[509-509]	509	4583
COV	[510-510]	510	4480
COV	[511-511]	511	4460
COV	[512-512]	512	4510
COV	[513-513]	513	4542
COV	[514-514]	514	4456
COV	[515-515]	515	4357
COV	[516-516]	516	4410
COV	[517-517]	517	4523
COV	[518-518]	518	4485
COV	[519-519]	519	4415
COV	[520-520]	520	4488
COV	[521-521]	521	4408
COV	[522-522]	522	4484
COV	[523-523]	523	4293
COV	[524-524]	524	4430
COV	[525-525]	525	4354
COV	[526-526]	526	4407
COV	[527-527]	527	4410
COV	[528-528]	528	4439
COV	[529-529]	529	4301
COV	[530-530]	530	4274
COV	[531-531]	531	4312
COV	[532-532]	532	4229
COV	[533-533]	533	4255
COV	[534-534]	534	4212
COV	[535-535]	535	4124
COV	[536-536]	536	4208
COV	[537-537]	537	4106
COV	[538-538]	538	4177
COV	[539-539]	539	4186
COV	[540-540]	540	4218
COV	[541-541]	541	4055
COV	[542-542]	542	4130
COV	[543-543]	543	4069
COV	[544-544]	544	3949
COV	[545-545]	545	4083
COV	[546-546]	546	4023
COV	[547-547]	547	3947
COV	[548-548]	548	3868
COV	[549-549]	549	4014
COV	[550-550]	550	3862
COV	[551-551]	551	3878
COV	[552-552]	552	3877
COV	[553-553]	553	3847
COV	[554-554]	554	3823
COV	[555-555]	555	3776
COV	[556-556]	556	3793
COV	[557-557]	557	3658
COV	[558-558]	558	3874
COV	[559-559]	559	3691
COV	[560-560]	560	3820
COV	[561-561]	561	3710
COV	[562-562]	562	3714
COV	[563-563]	563	3697
COV	[564-564]	564	3649
COV	[565-565]	565	3759
COV	[566-566]	566	3703
COV	[567-567]	567	3651
COV	[568-568]	568	3604
COV	[569-569]	569	3572
COV	[570-570]	570	3569
COV	[571-571]	571	3567
COV	[572-572]	572	3658
COV	[573-573]	573	3552
COV	[574-574]	574	3488
COV	[575-575]	575	3488
COV	[576-576]	576	3490
COV	[577-577]	577	3590
COV	[578-578]	578	3490
COV	[579-579]	579	3481
COV	[580-580]	580	3516
COV	[581-581]	581	3440
COV	[582-582]	582	3405
COV	[583-583]	583	3417
COV	[584-584]	584	3442
COV	[585-585]	585	3382
COV	[586-586]	586	3484
COV	[587-587]	587	3450
COV	[588-588]	588	3376
COV	[589-589]	589	3380
COV	[590-590]	590	3369
COV	[591-591]	591	3406
COV	[592-592]	592	3296
COV	[593-593]	593	3356
COV	[594-594]	594	3286
COV	[595-595]	595	3323
COV	[596-596]	596	3278
COV	[597-597]	597	3274
COV	[598-598]	598	3188
COV	[599-599]	599	3143
COV	[600-600]	600	3177
COV	[601-601]	601	3184
COV	[602-602]	602	3104
COV	[603-603]	603	3102
COV	[604-604]	604	3083
COV	[605-605]	605	3243
COV	[606-606]	606	3108
COV	[607-607]	607	3046
COV	[608-608]	608	3170
COV	[609-609]	609	3134
COV	[610-610]	610	3092
COV	[611-611]	611	3143
COV	[612-612]	612	3086
COV	[613-613]	613	3137
COV	[614-614]	614	2921
COV	[615-615]	615	3109
COV	[616-616]	616	3029
COV	[617-617]	617	3053
COV	[618-618]	618	3144
COV	[619-619]	619	3021
COV	[620-620]	620	2952
COV	[621-621]	621	3085
COV	[622-622]	622	2897
COV	[623-623]	623	2874
COV	[624-624]	624	2954
COV	[625-625]	625	2832
COV	[626-626]	626	2858
COV	[627-627]	627	2932
COV	[628-628]	628	2943
COV	[629-629]	629	2931
COV	[630-630]	630	2839
COV	[631-631]	631	2878
COV	[632-632]	632	2871
COV	[633-633]	633	2874
COV	[634-634]	634	2872
COV	[635-635]	635	2808
COV	[636-636]	636	2792
COV	[637-637]	637	2834
COV	[638-638]	638	2783
COV	[639-639]	639	2781
COV	[640-640]	640	2721
COV	[641-641]	641	2744
COV	[642-642]	642	2756
COV	[643-643]	643	2760
COV	[644-644]	644	2755
COV	[645-645]	645	2703
COV	[646-646]	646	2736
COV	[647-647]	647	2562
COV	[648-648]	648	2745
COV	[649-649]	649	2601
COV	[650-650]	650	2657
COV	[651-651]	651	2662
COV	[652-652]	652	2566
COV	[653-653]	653	2681
COV	[654-654]	654	2617
COV	[655-655]	655	2621
COV	[656-656]	656	2644
COV	[657-657]	657	2594
COV	[658-658]	658	2553
COV	[659-659]	659	2597
COV	[660-660]	660	2530
COV	[661-661]	661	2595
COV	[662-662]	662	2506
COV	[663-663]	663	2601
COV	[664-664]	664	2557
COV	[665-665]	665	2513
COV	[666-666]	666	2408
COV	[667-667]	667	2472
COV	[668-668]	668	2505
COV	[669-669]	669	2507
COV	[670-670]	670	2464
COV	[671-671]	671	2449
COV	[672-672]	672	2456
COV	[673-673]	673	2554
COV	[674-674]	674	2465
COV	[675-675]	675	2556
COV	[676-676]	676	2494
COV	[677-677]	677	2517
COV	[678-678]	678	2493
COV	[679-679]	679	2518
COV	[680-680]	680	2535
COV	[681-681]	681	2449
COV	[682-682]	682	2575
COV	[683-683]	683	2383
COV	[684-684]	684	2430
COV	[685-685]	685	2382
COV	[686-686]	686	2399
COV	[687-687]	687	2426
COV	[688-688]	688	2343
COV	[689-689]	689	2263
COV	[690-690]	690	2324
COV	[691-691]	691	2407
COV	[692-692]	692	2347
COV	[693-693]	693	2373
COV	[694-694]	694	2341
COV	[695-695]	695	2388
COV	[696-696]	696	2387
COV	[697-697]	697	2357
COV	[698-698]	698	2368
COV	[699-699]	699	2283
COV	[700-700]	700	2293
COV	[701-701]	701	2247
COV	[702-702]	702	2218
COV	[703-703]	703	2348
COV	[704-704]	704	2290
COV	[705-705]	705	2257
COV	[706-706]	706	2253
COV	[707-707]	707	2331
COV	[708-708]	708	2299
COV	[709-709]	709	2213
COV	[710-710]	710	2186
COV	[711-711]	711	2332
COV	[712-712]	712	2260
COV	[713-713]	713	2280
COV	[714-714]	714	2292
COV	[715-715]	715	2289
COV	[716-716]	716	2204
COV	[717-717]	717	2198
COV	[718-718]	718	2236
COV	[719-719]	719	2165
COV	[720-720]	720	2251
COV	[721-721]	721	2213
COV	[722-722]	722	2169
COV	[723-723]	723	2259
COV	[724-724]	724	2141
COV	[725-725]	725	2206
COV	[726-726]	726	2141
COV	[727-727]	727	2159
COV	[728-728]	728	2330
COV	[729-729]	729	2241
COV	[730-730]	730	2225
COV	[731-731]	731	2200
COV	[732-732]	732	2039
COV	[733-733]	733	2141
COV	[734-734]	734	2094
COV	[735-735]	735	2218
COV	[736-736]	736	2087
COV	[737-737]	737	2024
COV	[738-738]	738	2108
COV	[739-739]	739	2138
COV	[740-740]	740	2058
COV	[741-741]	741	2128
COV	[742-742]	742	2080
COV	[743-743]	743	2050
COV	[744-744]	744	2023
COV	[745-745]	745	2026
COV	[746-746]	746	1998
COV	[747-747]	747	2001
COV	[748-748]	748	1950
COV	[749-749]	749	1940
COV	[750-750]	750	2066
COV	[751-751]	751	2012
COV	[752-752]	752	2014
COV	[753-753]	753	1969
COV	[754-754]	754	2000
COV	[755-755]	755	1962
COV	[756-756]	756	2012
COV	[757-757]	757	1915
COV	[758-758]	758	1919
COV	[759-759]	759	1885
COV	[760-760]	760	1904
COV	[761-761]	761	1877
COV	[762-762]	762	1943
COV	[763-763]	763	1971
COV	[764-764]	764	1960
COV	[765-765]	765	1928
COV	[766-766]	766	2006
COV	[767-767]	767	1868
COV	[768-768]	768	1945
COV	[769-769]	769	1871
COV	[770-770]	770	1880
COV	[771-771]	771	1900
COV	[772-772]	772	1951
COV	[773-773]	773	1909
COV	[774-774]	774	1923
COV	[775-775]	775	1879
COV	[776-776]	776	1927
COV	[777-777]	777	1813
COV	[778-778]	778	1933
COV	[779-779]	779	1863
COV	[780-780]	780	1892
COV	[781-781]	781	1736
COV	[782-782]	782	1786
COV	[783-783]	783	1718
COV	[784-784]	784	1750
COV	[785-785]	785	1742
COV	[786-786]	786	1786
COV	[787-787]	787	1670
COV	[788-788]	788	1762
COV	[789-789]	789	1725
COV	[790-790]	790	1696
COV	[791-791]	791	1708
COV	[792-792]	792	1690
COV	[793-793]	793	1737
COV	[794-794]	794	1717
COV	[795-795]	795	1719
COV	[796-796]	796	1763
COV	[797-797]	797	1656
COV	[798-798]	798	1707
COV	[799-799]	799	1638
COV	[800-800]	800	1609
COV	[801-801]	801	1716
COV	[802-802]	802	1737
COV	[803-803]	803	1748
COV	[804-804]	804	1637
COV	[805-805]	805	1699
COV	[806-806]	806	1612
COV	[807-807]	807	1663
COV	[808-808]	808	1572
COV	[809-809]	809	1752
COV	[810-810]	810	1640
COV	[811-811]	811	1719
COV	[812-812]	812	1612
COV	[813-813]	813	1592
COV	[814-814]	814	1711
COV	[815-815]	815	1633
COV	[816-816]	816	1700
COV	[817-817]	817	1590
COV	[818-818]	818	1623
COV	[819-819]	819	1638
COV	[820-820]	820	1622
COV	[821-821]	821	1601
COV	[822-822]	822	1678
COV	[823-823]	823	1649
COV	[824-824]	824	1580
COV	[825-825]	825	1663
COV	[826-826]	826	1599
COV	[827-827]	827	1674
COV	[828-828]	828	1653
COV	[829-829]	829	1569
COV	[830-830]	830	1622
COV	[831-831]	831	1624
COV	[832-832]	832	1585
COV	[833-833]	833	1559
COV	[834-834]	834	1568
COV	[835-835]	835	1553
COV	[836-836]	836	1543
COV	[837-837]	837	1507
COV	[838-838]	838	1529
COV	[839-839]	839	1558
COV	[840-840]	840	1607
COV	[841-841]	841	1587
COV	[842-842]	842	1532
COV	[843-843]	843	1551
COV	[844-844]	844	1493
COV	[845-845]	845	1524
COV	[846-846]	846	1531
COV	[847-847]	847	1506
COV	[848-848]	848	1521
COV	[849-849]	849	1486
COV	[850-850]	850	1461
COV	[851-851]	851	1557
COV	[852-852]	852	1471
COV	[853-853]	853	1541
COV	[854-854]	854	1550
COV	[855-855]	855	1574
COV	[856-856]	856	1575
COV	[857-857]	857	1571
COV	[858-858]	858	1511
COV	[859-859]	859	1548
COV	[860-860]	860	1464
COV	[861-861]	861	1490
COV	[862-862]	862	1437
COV	[863-863]	863	1474
COV	[864-864]	864	1535
COV	[865-865]	865	1488
COV	[866-866]	866	1499
COV	[867-867]	867	1534
COV	[868-868]	868	1548
COV	[869-869]	869	1436
COV	[870-870]	870	1418
COV	[871-871]	871	1512
COV	[872-872]	872	1473
COV	[873-873]	873	1531
COV	[874-874]	874	1489
COV	[875-875]	875	1450
COV	[876-876]	876	1452
COV	[877-877]	877	1504
COV	[878-878]	878	1399
COV	[879-879]	879	1468
COV	[880-880]	880	1483
COV	[881-881]	881	1483
COV	[882-882]	882	1380
COV	[883-883]	883	1421
COV	[884-884]	884	1403
COV	[885-885]	885	1493
COV	[886-886]	886	1457
COV	[887-887]	887	1463
COV	[888-888]	888	1347
COV	[889-889]	889	1427
COV	[890-890]	890	1367
COV	[891-891]	891	1325
COV	[892-892]	892	1440
COV	[893-893]	893	1432
COV	[894-894]	894	1414
COV	[895-895]	895	1402
COV	[896-896]	896	1422
COV	[897-897]	897	1329
COV	[898-898]	898	1355
COV	[899-899]	899	1407
COV	[900-900]	900	1392
COV	[901-901]	901	1430
COV	[902-902]	902	1393
COV	[903-903]	903	1410
COV	[904-904]	904	1405
COV	[905-905]	905	1379
COV	[906-906]	906	1342
COV	[907-907]	907	1340
COV	[908-908]	908	1414
COV	[909-909]	909	1376
COV	[910-910]	910	1408
COV	[911-911]	911	1405
COV	[912-912]	912	1380
COV	[913-913]	913	1397
COV	[914-914]	914	1350
COV	[915-915]	915	1426
COV	[916-916]	916	1403
COV	[917-917]	917	1352
COV	[918-918]	918	1299
COV	[919-919]	919	1367
COV	[920-920]	920	1329
COV	[921-921]	921	1418
COV	[922-922]	922	1318
COV	[923-923]	923	1307
COV	[924-924]	924	1410
COV	[925-925]	925	1366
COV	[926-926]	926	1347
COV	[927-927]	927	1315
COV	[928-928]	928	1275
COV	[929-929]	929	1278
COV	[930-930]	930	1376
COV	[931-931]	931	1318
COV	[932-932]	932	1337
COV	[933-933]	933	1301
COV	[934-934]	934	1291
COV	[935-935]	935	1180
COV	[936-936]	936	1256
COV	[937-937]	937	1303
COV	[938-938]	938	1290
COV	[939-939]	939	1300
COV	[940-940]	940	1289
COV	[941-941]	941	1283
COV	[942-942]	942	1305
COV	[943-943]	943	1327
COV	[944-944]	944	1221
COV	[945-945]	945	1244
COV	[946-946]	946	1204
COV	[947-947]	947	1262
COV	[948-948]	948	1180
COV	[949-949]	949	1229
COV	[950-950]	950	1231
COV	[951-951]	951	1196
COV	[952-952]	952	1102
COV	[953-953]	953	1176
COV	[954-954]	954	1248
COV	[955-955]	955	1192
COV	[956-956]	956	1147
COV	[957-957]	957	1164
COV	[958-958]	958	1171
COV	[959-959]	959	1169
COV	[960-960]	960	1139
COV	[961-961]	961	1164
COV	[962-962]	962	1140
COV	[963-963]	963	1158
COV	[964-964]	964	1166
COV	[965-965]	965	1128
COV	[966-966]	966	1173
COV	[967-967]	967	1173
COV	[968-968]	968	1185
COV	[969-969]	969	1174
COV	[970-970]	970	1106
COV	[971-971]	971	1220
COV	[972-972]	972	1203
COV	[973-973]	973	1159
COV	[974-974]	974	1164
COV	[975-975]	975	1105
COV	[976-976]	976	1167
COV	[977-977]	977	1129
COV	[978-978]	978	1113
COV	[979-979]	979	1111
COV	[980-980]	980	1114
COV	[981-981]	981	1110
COV	[982-982]	982	1204
COV	[983-983]	983	1069
COV	[984-984]	984	1083
COV	[985-985]	985	1112
COV	[986-986]	986	1094
COV	[987-987]	987	1096
COV	[988-988]	988	1024
COV	[989-989]	989	1071
COV	[990-990]	990	1056
COV	[991-991]	991	1109
COV	[992-992]	992	1079
COV	[993-993]	993	1044
COV	[994-994]	994	1075
COV	[995-995]	995	1101
COV	[996-996]	996	1051
COV	[997-997]	997	1075
COV	[998-998]	998	1043
COV	[999-999]	999	1059
COV	[1000-1000]	1000	1073
COV	[1000<]	1000	858577
# GC-depth. Use `grep ^GCD | cut -f 2-` to extract this part. The columns are: GC%, unique sequence percentiles, 10th, 25th, 50th, 75th and 90th depth percentile
GCD	0.0	0.129	0.000	0.000	0.000	0.000	0.000
GCD	41.0	0.193	0.014	0.014	0.014	0.014	0.014
GCD	44.0	0.321	6.025	6.025	7.501	8.977	8.977
GCD	45.0	0.514	0.079	0.079	0.272	2.895	2.895
GCD	46.0	0.643	4.924	4.924	15.960	26.995	26.995
GCD	47.0	0.900	2.845	32.218	165.072	494.412	589.280
GCD	48.0	1.221	11.114	41.243	208.677	241.808	259.029
GCD	49.0	2.121	51.992	74.579	143.023	285.635	987.630
GCD	50.0	4.434	6.728	19.065	66.237	213.228	664.045
GCD	51.0	9.319	36.667	90.927	153.686	314.495	597.991
GCD	52.0	16.774	34.897	80.592	152.121	276.156	387.636
GCD	53.0	32.776	49.001	70.786	131.459	203.277	301.169
GCD	54.0	52.571	51.271	77.733	126.030	211.184	315.196
GCD	55.0	72.044	43.235	67.012	106.415	189.001	317.872
GCD	56.0	87.339	44.233	71.665	111.682	176.677	304.122
GCD	57.0	96.272	39.903	62.552	102.627	177.487	277.841
GCD	58.0	99.036	31.429	62.574	136.276	192.331	482.878
GCD	59.0	99.679	81.447	89.199	107.062	167.043	458.002
GCD	60.0	99.807	4.081	4.081	111.375	218.669	218.669
GCD	61.0	99.936	46.443	46.443	122.775	199.107	199.107
GCD	62.0	100.000	209.928	209.928	209.928	209.928	209.928
