# This file was produced by samtools stats (1.19.2+htslib-1.19) and can be plotted using plot-bamstats
# This file contains statistics for all reads.
# The command line was:  stats -@ 4 152_ophiostoma.sorted.bam
# CHK, Checksum	[2]Read Names	[3]Sequences	[4]Qualities
# CHK, CRC32 of reads which passed filtering followed by addition (32bit overflow)
CHK	5eb3cde8	f31e9a0f	2b55e49a
# Summary Numbers. Use `grep ^SN | cut -f 2-` to extract this part.
SN	raw total sequences:	47272600	# excluding supplementary and secondary reads
SN	filtered sequences:	0
SN	sequences:	47272600
SN	is sorted:	1
SN	1st fragments:	23636300
SN	last fragments:	23636300
SN	reads mapped:	43976090
SN	reads mapped and paired:	43143342	# paired-end technology bit set + both mates mapped
SN	reads unmapped:	3296510
SN	reads properly paired:	42643474	# proper-pair bit set
SN	reads paired:	47272600	# paired-end technology bit set
SN	reads duplicated:	0	# PCR or optical duplicate bit set
SN	reads MQ0:	7418	# mapped and MQ=0
SN	reads QC failed:	0
SN	non-primary alignments:	73041
SN	supplementary alignments:	0
SN	total length:	6833822095	# ignores clipping
SN	total first fragment length:	3416705402	# ignores clipping
SN	total last fragment length:	3417116693	# ignores clipping
SN	bases mapped:	6357213837	# ignores clipping
SN	bases mapped (cigar):	6341348839	# more accurate
SN	bases trimmed:	0
SN	bases duplicated:	0
SN	mismatches:	24214236	# from NM fields
SN	error rate:	3.818468e-03	# mismatches / bases mapped (cigar)
SN	average length:	145
SN	average first fragment length:	145
SN	average last fragment length:	145
SN	maximum length:	151
SN	maximum first fragment length:	151
SN	maximum last fragment length:	151
SN	average quality:	36.2
SN	insert size average:	203.4
SN	insert size standard deviation:	72.7
SN	inward oriented pairs:	18561430
SN	outward oriented pairs:	2799208
SN	pairs with other orientation:	16873
SN	pairs on different chromosomes:	194160
SN	percentage of properly paired reads (%):	90.2
# First Fragment Qualities. Use `grep ^FFQ | cut -f 2-` to extract this part.
# Columns correspond to qualities and rows to cycles. First column is the cycle number.
FFQ	1	0	0	0	0	0	0	0	0	0	0	0	361833	0	0	0	0	0	0	0	0	0	0	0	0	0	571264	0	0	0	0	0	0	0	0	0	0	0	22703203	0
FFQ	2	0	0	26	0	0	0	0	0	0	0	0	259901	0	0	0	0	0	0	0	0	0	0	0	0	0	563942	0	0	0	0	0	0	0	0	0	0	0	22812431	0
FFQ	3	0	0	161	0	0	0	0	0	0	0	0	249886	0	0	0	0	0	0	0	0	0	0	0	0	0	539722	0	0	0	0	0	0	0	0	0	0	0	22846531	0
FFQ	4	0	0	15343	0	0	0	0	0	0	0	0	205285	0	0	0	0	0	0	0	0	0	0	0	0	0	493811	0	0	0	0	0	0	0	0	0	0	0	22921861	0
FFQ	5	0	0	25	0	0	0	0	0	0	0	0	190345	0	0	0	0	0	0	0	0	0	0	0	0	0	462524	0	0	0	0	0	0	0	0	0	0	0	22983406	0
FFQ	6	0	0	1071	0	0	0	0	0	0	0	0	197298	0	0	0	0	0	0	0	0	0	0	0	0	0	507865	0	0	0	0	0	0	0	0	0	0	0	22930066	0
FFQ	7	0	0	0	0	0	0	0	0	0	0	0	214913	0	0	0	0	0	0	0	0	0	0	0	0	0	490385	0	0	0	0	0	0	0	0	0	0	0	22931002	0
FFQ	8	0	0	0	0	0	0	0	0	0	0	0	187677	0	0	0	0	0	0	0	0	0	0	0	0	0	449533	0	0	0	0	0	0	0	0	0	0	0	22999090	0
FFQ	9	0	0	0	0	0	0	0	0	0	0	0	200177	0	0	0	0	0	0	0	0	0	0	0	0	0	497471	0	0	0	0	0	0	0	0	0	0	0	22938652	0
FFQ	10	0	0	0	0	0	0	0	0	0	0	0	178129	0	0	0	0	0	0	0	0	0	0	0	0	0	475205	0	0	0	0	0	0	0	0	0	0	0	22982966	0
FFQ	11	0	0	0	0	0	0	0	0	0	0	0	188078	0	0	0	0	0	0	0	0	0	0	0	0	0	474131	0	0	0	0	0	0	0	0	0	0	0	22974091	0
FFQ	12	0	0	1	0	0	0	0	0	0	0	0	192945	0	0	0	0	0	0	0	0	0	0	0	0	0	483041	0	0	0	0	0	0	0	0	0	0	0	22960313	0
FFQ	13	0	0	2	0	0	0	0	0	0	0	0	193672	0	0	0	0	0	0	0	0	0	0	0	0	0	492685	0	0	0	0	0	0	0	0	0	0	0	22949941	0
FFQ	14	0	0	0	0	0	0	0	0	0	0	0	193801	0	0	0	0	0	0	0	0	0	0	0	0	0	498463	0	0	0	0	0	0	0	0	0	0	0	22944036	0
FFQ	15	0	0	0	0	0	0	0	0	0	0	0	193399	0	0	0	0	0	0	0	0	0	0	0	0	0	508564	0	0	0	0	0	0	0	0	0	0	0	22934337	0
FFQ	16	0	0	1486	0	0	0	0	0	0	0	0	199198	0	0	0	0	0	0	0	0	0	0	0	0	0	517141	0	0	0	0	0	0	0	0	0	0	0	22918475	0
FFQ	17	0	0	0	0	0	0	0	0	0	0	0	194407	0	0	0	0	0	0	0	0	0	0	0	0	0	503105	0	0	0	0	0	0	0	0	0	0	0	22938788	0
FFQ	18	0	0	0	0	0	0	0	0	0	0	0	200219	0	0	0	0	0	0	0	0	0	0	0	0	0	515095	0	0	0	0	0	0	0	0	0	0	0	22920986	0
FFQ	19	0	0	1	0	0	0	0	0	0	0	0	197671	0	0	0	0	0	0	0	0	0	0	0	0	0	517738	0	0	0	0	0	0	0	0	0	0	0	22920890	0
FFQ	20	0	0	2	0	0	0	0	0	0	0	0	199000	0	0	0	0	0	0	0	0	0	0	0	0	0	516956	0	0	0	0	0	0	0	0	0	0	0	22920342	0
FFQ	21	0	0	0	0	0	0	0	0	0	0	0	205508	0	0	0	0	0	0	0	0	0	0	0	0	0	527661	0	0	0	0	0	0	0	0	0	0	0	22903131	0
FFQ	22	0	0	60	0	0	0	0	0	0	0	0	208873	0	0	0	0	0	0	0	0	0	0	0	0	0	533292	0	0	0	0	0	0	0	0	0	0	0	22894075	0
FFQ	23	0	0	0	0	0	0	0	0	0	0	0	211589	0	0	0	0	0	0	0	0	0	0	0	0	0	545081	0	0	0	0	0	0	0	0	0	0	0	22879630	0
FFQ	24	0	0	2	0	0	0	0	0	0	0	0	214405	0	0	0	0	0	0	0	0	0	0	0	0	0	538432	0	0	0	0	0	0	0	0	0	0	0	22883461	0
FFQ	25	0	0	1	0	0	0	0	0	0	0	0	225726	0	0	0	0	0	0	0	0	0	0	0	0	0	559044	0	0	0	0	0	0	0	0	0	0	0	22851529	0
FFQ	26	0	0	289	0	0	0	0	0	0	0	0	242451	0	0	0	0	0	0	0	0	0	0	0	0	0	559628	0	0	0	0	0	0	0	0	0	0	0	22833932	0
FFQ	27	0	0	4	0	0	0	0	0	0	0	0	243439	0	0	0	0	0	0	0	0	0	0	0	0	0	567417	0	0	0	0	0	0	0	0	0	0	0	22825440	0
FFQ	28	0	0	0	0	0	0	0	0	0	0	0	246501	0	0	0	0	0	0	0	0	0	0	0	0	0	567606	0	0	0	0	0	0	0	0	0	0	0	22822193	0
FFQ	29	0	0	1	0	0	0	0	0	0	0	0	249052	0	0	0	0	0	0	0	0	0	0	0	0	0	578198	0	0	0	0	0	0	0	0	0	0	0	22809049	0
FFQ	30	0	0	47	0	0	0	0	0	0	0	0	256154	0	0	0	0	0	0	0	0	0	0	0	0	0	579431	0	0	0	0	0	0	0	0	0	0	0	22800668	0
FFQ	31	0	0	1	0	0	0	0	0	0	0	0	256835	0	0	0	0	0	0	0	0	0	0	0	0	0	577957	0	0	0	0	0	0	0	0	0	0	0	22801507	0
FFQ	32	0	0	2	0	0	0	0	0	0	0	0	256341	0	0	0	0	0	0	0	0	0	0	0	0	0	579929	0	0	0	0	0	0	0	0	0	0	0	22800028	0
FFQ	33	0	0	3	0	0	0	0	0	0	0	0	259638	0	0	0	0	0	0	0	0	0	0	0	0	0	584759	0	0	0	0	0	0	0	0	0	0	0	22791900	0
FFQ	34	0	0	0	0	0	0	0	0	0	0	0	263089	0	0	0	0	0	0	0	0	0	0	0	0	0	591140	0	0	0	0	0	0	0	0	0	0	0	22782071	0
FFQ	35	0	0	0	0	0	0	0	0	0	0	0	269967	0	0	0	0	0	0	0	0	0	0	0	0	0	600426	0	0	0	0	0	0	0	0	0	0	0	22765907	0
FFQ	36	0	0	582	0	0	0	0	0	0	0	0	273506	0	0	0	0	0	0	0	0	0	0	0	0	0	607704	0	0	0	0	0	0	0	0	0	0	0	22754378	0
FFQ	37	0	0	4	0	0	0	0	0	0	0	0	274605	0	0	0	0	0	0	0	0	0	0	0	0	0	610953	0	0	0	0	0	0	0	0	0	0	0	22750499	0
FFQ	38	0	0	0	0	0	0	0	0	0	0	0	271786	0	0	0	0	0	0	0	0	0	0	0	0	0	607325	0	0	0	0	0	0	0	0	0	0	0	22756818	0
FFQ	39	0	0	0	0	0	0	0	0	0	0	0	274627	0	0	0	0	0	0	0	0	0	0	0	0	0	608541	0	0	0	0	0	0	0	0	0	0	0	22752607	0
FFQ	40	0	0	0	0	0	0	0	0	0	0	0	275741	0	0	0	0	0	0	0	0	0	0	0	0	0	609523	0	0	0	0	0	0	0	0	0	0	0	22750354	0
FFQ	41	0	0	1	0	0	0	0	0	0	0	0	283262	0	0	0	0	0	0	0	0	0	0	0	0	0	622596	0	0	0	0	0	0	0	0	0	0	0	22729589	0
FFQ	42	0	0	0	0	0	0	0	0	0	0	0	280934	0	0	0	0	0	0	0	0	0	0	0	0	0	625084	0	0	0	0	0	0	0	0	0	0	0	22729241	0
FFQ	43	0	0	0	0	0	0	0	0	0	0	0	281389	0	0	0	0	0	0	0	0	0	0	0	0	0	621292	0	0	0	0	0	0	0	0	0	0	0	22732392	0
FFQ	44	0	0	627	0	0	0	0	0	0	0	0	288038	0	0	0	0	0	0	0	0	0	0	0	0	0	631343	0	0	0	0	0	0	0	0	0	0	0	22714878	0
FFQ	45	0	0	0	0	0	0	0	0	0	0	0	291280	0	0	0	0	0	0	0	0	0	0	0	0	0	639863	0	0	0	0	0	0	0	0	0	0	0	22703535	0
FFQ	46	0	0	1	0	0	0	0	0	0	0	0	293301	0	0	0	0	0	0	0	0	0	0	0	0	0	646613	0	0	0	0	0	0	0	0	0	0	0	22694495	0
FFQ	47	0	0	6	0	0	0	0	0	0	0	0	293848	0	0	0	0	0	0	0	0	0	0	0	0	0	645711	0	0	0	0	0	0	0	0	0	0	0	22694592	0
FFQ	48	0	0	4	0	0	0	0	0	0	0	0	291726	0	0	0	0	0	0	0	0	0	0	0	0	0	639383	0	0	0	0	0	0	0	0	0	0	0	22702742	0
FFQ	49	0	0	3	0	0	0	0	0	0	0	0	295272	0	0	0	0	0	0	0	0	0	0	0	0	0	644572	0	0	0	0	0	0	0	0	0	0	0	22693683	0
FFQ	50	0	0	562	0	0	0	0	0	0	0	0	291241	0	0	0	0	0	0	0	0	0	0	0	0	0	639358	0	0	0	0	0	0	0	0	0	0	0	22701936	0
FFQ	51	0	0	99	0	0	0	0	0	0	0	0	299892	0	0	0	0	0	0	0	0	0	0	0	0	0	654378	0	0	0	0	0	0	0	0	0	0	0	22678245	0
FFQ	52	0	0	2	0	0	0	0	0	0	0	0	301551	0	0	0	0	0	0	0	0	0	0	0	0	0	654379	0	0	0	0	0	0	0	0	0	0	0	22676208	0
FFQ	53	0	0	1966	0	0	0	0	0	0	0	0	296398	0	0	0	0	0	0	0	0	0	0	0	0	0	649773	0	0	0	0	0	0	0	0	0	0	0	22683501	0
FFQ	54	0	0	21860	0	0	0	0	0	0	0	0	298617	0	0	0	0	0	0	0	0	0	0	0	0	0	648679	0	0	0	0	0	0	0	0	0	0	0	22661988	0
FFQ	55	0	0	1527	0	0	0	0	0	0	0	0	304368	0	0	0	0	0	0	0	0	0	0	0	0	0	661319	0	0	0	0	0	0	0	0	0	0	0	22663403	0
FFQ	56	0	0	554	0	0	0	0	0	0	0	0	311374	0	0	0	0	0	0	0	0	0	0	0	0	0	671935	0	0	0	0	0	0	0	0	0	0	0	22646229	0
FFQ	57	0	0	0	0	0	0	0	0	0	0	0	309982	0	0	0	0	0	0	0	0	0	0	0	0	0	668896	0	0	0	0	0	0	0	0	0	0	0	22650695	0
FFQ	58	0	0	0	0	0	0	0	0	0	0	0	304641	0	0	0	0	0	0	0	0	0	0	0	0	0	660258	0	0	0	0	0	0	0	0	0	0	0	22664058	0
FFQ	59	0	0	1	0	0	0	0	0	0	0	0	315869	0	0	0	0	0	0	0	0	0	0	0	0	0	680369	0	0	0	0	0	0	0	0	0	0	0	22632047	0
FFQ	60	0	0	0	0	0	0	0	0	0	0	0	315816	0	0	0	0	0	0	0	0	0	0	0	0	0	676974	0	0	0	0	0	0	0	0	0	0	0	22634709	0
FFQ	61	0	0	0	0	0	0	0	0	0	0	0	303259	0	0	0	0	0	0	0	0	0	0	0	0	0	661828	0	0	0	0	0	0	0	0	0	0	0	22661564	0
FFQ	62	0	0	19	0	0	0	0	0	0	0	0	307349	0	0	0	0	0	0	0	0	0	0	0	0	0	673454	0	0	0	0	0	0	0	0	0	0	0	22644821	0
FFQ	63	0	0	10	0	0	0	0	0	0	0	0	319259	0	0	0	0	0	0	0	0	0	0	0	0	0	687430	0	0	0	0	0	0	0	0	0	0	0	22617946	0
FFQ	64	0	0	28	0	0	0	0	0	0	0	0	313663	0	0	0	0	0	0	0	0	0	0	0	0	0	677151	0	0	0	0	0	0	0	0	0	0	0	22632669	0
FFQ	65	0	0	3	0	0	0	0	0	0	0	0	313978	0	0	0	0	0	0	0	0	0	0	0	0	0	682678	0	0	0	0	0	0	0	0	0	0	0	22625610	0
FFQ	66	0	0	0	0	0	0	0	0	0	0	0	326053	0	0	0	0	0	0	0	0	0	0	0	0	0	702280	0	0	0	0	0	0	0	0	0	0	0	22592735	0
FFQ	67	0	0	81	0	0	0	0	0	0	0	0	333015	0	0	0	0	0	0	0	0	0	0	0	0	0	711877	0	0	0	0	0	0	0	0	0	0	0	22574691	0
FFQ	68	0	0	249	0	0	0	0	0	0	0	0	329203	0	0	0	0	0	0	0	0	0	0	0	0	0	710407	0	0	0	0	0	0	0	0	0	0	0	22578250	0
FFQ	69	0	0	210	0	0	0	0	0	0	0	0	328106	0	0	0	0	0	0	0	0	0	0	0	0	0	708973	0	0	0	0	0	0	0	0	0	0	0	22579069	0
FFQ	70	0	0	18	0	0	0	0	0	0	0	0	330659	0	0	0	0	0	0	0	0	0	0	0	0	0	706664	0	0	0	0	0	0	0	0	0	0	0	22577020	0
FFQ	71	0	0	219	0	0	0	0	0	0	0	0	330916	0	0	0	0	0	0	0	0	0	0	0	0	0	705529	0	0	0	0	0	0	0	0	0	0	0	22575521	0
FFQ	72	0	0	268	0	0	0	0	0	0	0	0	335849	0	0	0	0	0	0	0	0	0	0	0	0	0	714083	0	0	0	0	0	0	0	0	0	0	0	22559505	0
FFQ	73	0	0	21	0	0	0	0	0	0	0	0	340070	0	0	0	0	0	0	0	0	0	0	0	0	0	715685	0	0	0	0	0	0	0	0	0	0	0	22551177	0
FFQ	74	0	0	18	0	0	0	0	0	0	0	0	330346	0	0	0	0	0	0	0	0	0	0	0	0	0	705543	0	0	0	0	0	0	0	0	0	0	0	22567935	0
FFQ	75	0	0	10	0	0	0	0	0	0	0	0	336331	0	0	0	0	0	0	0	0	0	0	0	0	0	715736	0	0	0	0	0	0	0	0	0	0	0	22548381	0
FFQ	76	0	0	9	0	0	0	0	0	0	0	0	339766	0	0	0	0	0	0	0	0	0	0	0	0	0	715441	0	0	0	0	0	0	0	0	0	0	0	22541520	0
FFQ	77	0	0	941	0	0	0	0	0	0	0	0	351737	0	0	0	0	0	0	0	0	0	0	0	0	0	739554	0	0	0	0	0	0	0	0	0	0	0	22500268	0
FFQ	78	0	0	287	0	0	0	0	0	0	0	0	346060	0	0	0	0	0	0	0	0	0	0	0	0	0	730120	0	0	0	0	0	0	0	0	0	0	0	22511501	0
FFQ	79	0	0	8	0	0	0	0	0	0	0	0	343740	0	0	0	0	0	0	0	0	0	0	0	0	0	720456	0	0	0	0	0	0	0	0	0	0	0	22518671	0
FFQ	80	0	0	1	0	0	0	0	0	0	0	0	354693	0	0	0	0	0	0	0	0	0	0	0	0	0	744491	0	0	0	0	0	0	0	0	0	0	0	22478009	0
FFQ	81	0	0	9	0	0	0	0	0	0	0	0	357526	0	0	0	0	0	0	0	0	0	0	0	0	0	744700	0	0	0	0	0	0	0	0	0	0	0	22468684	0
FFQ	82	0	0	5	0	0	0	0	0	0	0	0	353385	0	0	0	0	0	0	0	0	0	0	0	0	0	736140	0	0	0	0	0	0	0	0	0	0	0	22474089	0
FFQ	83	0	0	2	0	0	0	0	0	0	0	0	360184	0	0	0	0	0	0	0	0	0	0	0	0	0	749058	0	0	0	0	0	0	0	0	0	0	0	22446183	0
FFQ	84	0	0	32	0	0	0	0	0	0	0	0	362112	0	0	0	0	0	0	0	0	0	0	0	0	0	753215	0	0	0	0	0	0	0	0	0	0	0	22431049	0
FFQ	85	0	0	44	0	0	0	0	0	0	0	0	366794	0	0	0	0	0	0	0	0	0	0	0	0	0	758596	0	0	0	0	0	0	0	0	0	0	0	22411028	0
FFQ	86	0	0	0	0	0	0	0	0	0	0	0	365645	0	0	0	0	0	0	0	0	0	0	0	0	0	761228	0	0	0	0	0	0	0	0	0	0	0	22398511	0
FFQ	87	0	0	0	0	0	0	0	0	0	0	0	366957	0	0	0	0	0	0	0	0	0	0	0	0	0	759969	0	0	0	0	0	0	0	0	0	0	0	22385968	0
FFQ	88	0	0	0	0	0	0	0	0	0	0	0	364472	0	0	0	0	0	0	0	0	0	0	0	0	0	754524	0	0	0	0	0	0	0	0	0	0	0	22380370	0
FFQ	89	0	0	2	0	0	0	0	0	0	0	0	364199	0	0	0	0	0	0	0	0	0	0	0	0	0	761882	0	0	0	0	0	0	0	0	0	0	0	22358301	0
FFQ	90	0	0	1	0	0	0	0	0	0	0	0	364689	0	0	0	0	0	0	0	0	0	0	0	0	0	753509	0	0	0	0	0	0	0	0	0	0	0	22350000	0
FFQ	91	0	0	0	0	0	0	0	0	0	0	0	367042	0	0	0	0	0	0	0	0	0	0	0	0	0	764411	0	0	0	0	0	0	0	0	0	0	0	22318547	0
FFQ	92	0	0	8	0	0	0	0	0	0	0	0	382461	0	0	0	0	0	0	0	0	0	0	0	0	0	785963	0	0	0	0	0	0	0	0	0	0	0	22261222	0
FFQ	93	0	0	0	0	0	0	0	0	0	0	0	381031	0	0	0	0	0	0	0	0	0	0	0	0	0	785265	0	0	0	0	0	0	0	0	0	0	0	22241774	0
FFQ	94	0	0	200	0	0	0	0	0	0	0	0	386927	0	0	0	0	0	0	0	0	0	0	0	0	0	789619	0	0	0	0	0	0	0	0	0	0	0	22207013	0
FFQ	95	0	0	208	0	0	0	0	0	0	0	0	391150	0	0	0	0	0	0	0	0	0	0	0	0	0	794141	0	0	0	0	0	0	0	0	0	0	0	22171239	0
FFQ	96	0	0	121	0	0	0	0	0	0	0	0	395473	0	0	0	0	0	0	0	0	0	0	0	0	0	799327	0	0	0	0	0	0	0	0	0	0	0	22132943	0
FFQ	97	0	0	6	0	0	0	0	0	0	0	0	381356	0	0	0	0	0	0	0	0	0	0	0	0	0	781428	0	0	0	0	0	0	0	0	0	0	0	22134619	0
FFQ	98	0	0	0	0	0	0	0	0	0	0	0	389379	0	0	0	0	0	0	0	0	0	0	0	0	0	805645	0	0	0	0	0	0	0	0	0	0	0	22069334	0
FFQ	99	0	0	2	0	0	0	0	0	0	0	0	404627	0	0	0	0	0	0	0	0	0	0	0	0	0	810009	0	0	0	0	0	0	0	0	0	0	0	22014183	0
FFQ	100	0	0	75	0	0	0	0	0	0	0	0	412292	0	0	0	0	0	0	0	0	0	0	0	0	0	822377	0	0	0	0	0	0	0	0	0	0	0	21955995	0
FFQ	101	0	0	76	0	0	0	0	0	0	0	0	390047	0	0	0	0	0	0	0	0	0	0	0	0	0	791850	0	0	0	0	0	0	0	0	0	0	0	21966698	0
FFQ	102	0	0	31	0	0	0	0	0	0	0	0	394909	0	0	0	0	0	0	0	0	0	0	0	0	0	798740	0	0	0	0	0	0	0	0	0	0	0	21910839	0
FFQ	103	0	0	8	0	0	0	0	0	0	0	0	393229	0	0	0	0	0	0	0	0	0	0	0	0	0	797659	0	0	0	0	0	0	0	0	0	0	0	21865827	0
FFQ	104	0	0	0	0	0	0	0	0	0	0	0	389524	0	0	0	0	0	0	0	0	0	0	0	0	0	790299	0	0	0	0	0	0	0	0	0	0	0	21824894	0
FFQ	105	0	0	0	0	0	0	0	0	0	0	0	401321	0	0	0	0	0	0	0	0	0	0	0	0	0	808144	0	0	0	0	0	0	0	0	0	0	0	21741435	0
FFQ	106	0	0	52	0	0	0	0	0	0	0	0	408376	0	0	0	0	0	0	0	0	0	0	0	0	0	816238	0	0	0	0	0	0	0	0	0	0	0	21668568	0
FFQ	107	0	0	0	0	0	0	0	0	0	0	0	403153	0	0	0	0	0	0	0	0	0	0	0	0	0	810267	0	0	0	0	0	0	0	0	0	0	0	21618564	0
FFQ	108	0	0	0	0	0	0	0	0	0	0	0	394708	0	0	0	0	0	0	0	0	0	0	0	0	0	804761	0	0	0	0	0	0	0	0	0	0	0	21568851	0
FFQ	109	0	0	0	0	0	0	0	0	0	0	0	411113	0	0	0	0	0	0	0	0	0	0	0	0	0	829623	0	0	0	0	0	0	0	0	0	0	0	21460619	0
FFQ	110	0	0	0	0	0	0	0	0	0	0	0	410544	0	0	0	0	0	0	0	0	0	0	0	0	0	821157	0	0	0	0	0	0	0	0	0	0	0	21399005	0
FFQ	111	0	0	9	0	0	0	0	0	0	0	0	411029	0	0	0	0	0	0	0	0	0	0	0	0	0	831168	0	0	0	0	0	0	0	0	0	0	0	21315772	0
FFQ	112	0	0	32	0	0	0	0	0	0	0	0	412433	0	0	0	0	0	0	0	0	0	0	0	0	0	820154	0	0	0	0	0	0	0	0	0	0	0	21247911	0
FFQ	113	0	0	12	0	0	0	0	0	0	0	0	400266	0	0	0	0	0	0	0	0	0	0	0	0	0	813106	0	0	0	0	0	0	0	0	0	0	0	21183556	0
FFQ	114	0	0	1324	0	0	0	0	0	0	0	0	405464	0	0	0	0	0	0	0	0	0	0	0	0	0	815186	0	0	0	0	0	0	0	0	0	0	0	21089063	0
FFQ	115	0	0	597	0	0	0	0	0	0	0	0	399018	0	0	0	0	0	0	0	0	0	0	0	0	0	805592	0	0	0	0	0	0	0	0	0	0	0	21015568	0
FFQ	116	0	0	0	0	0	0	0	0	0	0	0	397545	0	0	0	0	0	0	0	0	0	0	0	0	0	810920	0	0	0	0	0	0	0	0	0	0	0	20918635	0
FFQ	117	0	0	52	0	0	0	0	0	0	0	0	391212	0	0	0	0	0	0	0	0	0	0	0	0	0	793415	0	0	0	0	0	0	0	0	0	0	0	20847125	0
FFQ	118	0	0	318	0	0	0	0	0	0	0	0	392993	0	0	0	0	0	0	0	0	0	0	0	0	0	805450	0	0	0	0	0	0	0	0	0	0	0	20732496	0
FFQ	119	0	0	165	0	0	0	0	0	0	0	0	399257	0	0	0	0	0	0	0	0	0	0	0	0	0	807078	0	0	0	0	0	0	0	0	0	0	0	20623132	0
FFQ	120	0	0	1	0	0	0	0	0	0	0	0	419138	0	0	0	0	0	0	0	0	0	0	0	0	0	832362	0	0	0	0	0	0	0	0	0	0	0	20474546	0
FFQ	121	0	0	3	0	0	0	0	0	0	0	0	414001	0	0	0	0	0	0	0	0	0	0	0	0	0	827115	0	0	0	0	0	0	0	0	0	0	0	20377508	0
FFQ	122	0	0	0	0	0	0	0	0	0	0	0	404541	0	0	0	0	0	0	0	0	0	0	0	0	0	812851	0	0	0	0	0	0	0	0	0	0	0	20290483	0
FFQ	123	0	0	0	0	0	0	0	0	0	0	0	417395	0	0	0	0	0	0	0	0	0	0	0	0	0	837776	0	0	0	0	0	0	0	0	0	0	0	20136925	0
FFQ	124	0	0	14	0	0	0	0	0	0	0	0	403177	0	0	0	0	0	0	0	0	0	0	0	0	0	809365	0	0	0	0	0	0	0	0	0	0	0	20062361	0
FFQ	125	0	0	0	0	0	0	0	0	0	0	0	399711	0	0	0	0	0	0	0	0	0	0	0	0	0	810754	0	0	0	0	0	0	0	0	0	0	0	19941928	0
FFQ	126	0	0	0	0	0	0	0	0	0	0	0	412586	0	0	0	0	0	0	0	0	0	0	0	0	0	825124	0	0	0	0	0	0	0	0	0	0	0	19791283	0
FFQ	127	0	0	0	0	0	0	0	0	0	0	0	415855	0	0	0	0	0	0	0	0	0	0	0	0	0	821561	0	0	0	0	0	0	0	0	0	0	0	19665252	0
FFQ	128	0	0	0	0	0	0	0	0	0	0	0	419297	0	0	0	0	0	0	0	0	0	0	0	0	0	838783	0	0	0	0	0	0	0	0	0	0	0	19515890	0
FFQ	129	0	0	0	0	0	0	0	0	0	0	0	410396	0	0	0	0	0	0	0	0	0	0	0	0	0	811723	0	0	0	0	0	0	0	0	0	0	0	19423889	0
FFQ	130	0	0	0	0	0	0	0	0	0	0	0	410521	0	0	0	0	0	0	0	0	0	0	0	0	0	813347	0	0	0	0	0	0	0	0	0	0	0	19292246	0
FFQ	131	0	0	0	0	0	0	0	0	0	0	0	424255	0	0	0	0	0	0	0	0	0	0	0	0	0	840695	0	0	0	0	0	0	0	0	0	0	0	19117693	0
FFQ	132	0	0	0	0	0	0	0	0	0	0	0	435994	0	0	0	0	0	0	0	0	0	0	0	0	0	845715	0	0	0	0	0	0	0	0	0	0	0	18965800	0
FFQ	133	0	0	29	0	0	0	0	0	0	0	0	423680	0	0	0	0	0	0	0	0	0	0	0	0	0	831376	0	0	0	0	0	0	0	0	0	0	0	18854079	0
FFQ	134	0	0	0	0	0	0	0	0	0	0	0	418823	0	0	0	0	0	0	0	0	0	0	0	0	0	818772	0	0	0	0	0	0	0	0	0	0	0	18729175	0
FFQ	135	0	0	1	0	0	0	0	0	0	0	0	421203	0	0	0	0	0	0	0	0	0	0	0	0	0	820773	0	0	0	0	0	0	0	0	0	0	0	18579086	0
FFQ	136	0	0	0	0	0	0	0	0	0	0	0	410452	0	0	0	0	0	0	0	0	0	0	0	0	0	809084	0	0	0	0	0	0	0	0	0	0	0	18454617	0
FFQ	137	0	0	6	0	0	0	0	0	0	0	0	418274	0	0	0	0	0	0	0	0	0	0	0	0	0	821536	0	0	0	0	0	0	0	0	0	0	0	18285310	0
FFQ	138	0	0	5	0	0	0	0	0	0	0	0	422735	0	0	0	0	0	0	0	0	0	0	0	0	0	825250	0	0	0	0	0	0	0	0	0	0	0	18127591	0
FFQ	139	0	0	0	0	0	0	0	0	0	0	0	408262	0	0	0	0	0	0	0	0	0	0	0	0	0	811932	0	0	0	0	0	0	0	0	0	0	0	18005662	0
FFQ	140	0	0	4	0	0	0	0	0	0	0	0	406555	0	0	0	0	0	0	0	0	0	0	0	0	0	809967	0	0	0	0	0	0	0	0	0	0	0	17857078	0
FFQ	141	0	0	4	0	0	0	0	0	0	0	0	410461	0	0	0	0	0	0	0	0	0	0	0	0	0	806358	0	0	0	0	0	0	0	0	0	0	0	17705280	0
FFQ	142	0	0	17	0	0	0	0	0	0	0	0	414629	0	0	0	0	0	0	0	0	0	0	0	0	0	816833	0	0	0	0	0	0	0	0	0	0	0	17536771	0
FFQ	143	0	0	0	0	0	0	0	0	0	0	0	425792	0	0	0	0	0	0	0	0	0	0	0	0	0	825148	0	0	0	0	0	0	0	0	0	0	0	17358668	0
FFQ	144	0	0	0	0	0	0	0	0	0	0	0	420178	0	0	0	0	0	0	0	0	0	0	0	0	0	821825	0	0	0	0	0	0	0	0	0	0	0	17204481	0
FFQ	145	0	0	31	0	0	0	0	0	0	0	0	400210	0	0	0	0	0	0	0	0	0	0	0	0	0	799405	0	0	0	0	0	0	0	0	0	0	0	17082751	0
FFQ	146	0	0	11697	0	0	0	0	0	0	0	0	416635	0	0	0	0	0	0	0	0	0	0	0	0	0	823927	0	0	0	0	0	0	0	0	0	0	0	16854820	0
FFQ	147	0	0	245	0	0	0	0	0	0	0	0	402101	0	0	0	0	0	0	0	0	0	0	0	0	0	817507	0	0	0	0	0	0	0	0	0	0	0	16688828	0
FFQ	148	0	0	2	0	0	0	0	0	0	0	0	360723	0	0	0	0	0	0	0	0	0	0	0	0	0	790955	0	0	0	0	0	0	0	0	0	0	0	16555687	0
FFQ	149	0	0	159	0	0	0	0	0	0	0	0	373792	0	0	0	0	0	0	0	0	0	0	0	0	0	807855	0	0	0	0	0	0	0	0	0	0	0	16363839	0
FFQ	150	0	0	0	0	0	0	0	0	0	0	0	388470	0	0	0	0	0	0	0	0	0	0	0	0	0	821294	0	0	0	0	0	0	0	0	0	0	0	16177029	0
FFQ	151	0	0	0	0	0	0	0	0	0	0	0	486134	0	0	0	0	0	0	0	0	0	0	0	0	0	988691	0	0	0	0	0	0	0	0	0	0	0	15746636	0
# Last Fragment Qualities. Use `grep ^LFQ | cut -f 2-` to extract this part.
# Columns correspond to qualities and rows to cycles. First column is the cycle number.
LFQ	1	0	0	0	0	0	0	0	0	0	0	0	262003	0	0	0	0	0	0	0	0	0	0	0	0	0	600726	0	0	0	0	0	0	0	0	0	0	0	22773571	0
LFQ	2	0	0	66	0	0	0	0	0	0	0	0	269204	0	0	0	0	0	0	0	0	0	0	0	0	0	652683	0	0	0	0	0	0	0	0	0	0	0	22714347	0
LFQ	3	0	0	96	0	0	0	0	0	0	0	0	254943	0	0	0	0	0	0	0	0	0	0	0	0	0	617505	0	0	0	0	0	0	0	0	0	0	0	22763756	0
LFQ	4	0	0	89	0	0	0	0	0	0	0	0	226129	0	0	0	0	0	0	0	0	0	0	0	0	0	574530	0	0	0	0	0	0	0	0	0	0	0	22835552	0
LFQ	5	0	0	0	0	0	0	0	0	0	0	0	228605	0	0	0	0	0	0	0	0	0	0	0	0	0	566125	0	0	0	0	0	0	0	0	0	0	0	22841570	0
LFQ	6	0	0	0	0	0	0	0	0	0	0	0	244993	0	0	0	0	0	0	0	0	0	0	0	0	0	621142	0	0	0	0	0	0	0	0	0	0	0	22770165	0
LFQ	7	0	0	0	0	0	0	0	0	0	0	0	267659	0	0	0	0	0	0	0	0	0	0	0	0	0	656302	0	0	0	0	0	0	0	0	0	0	0	22712339	0
LFQ	8	0	0	0	0	0	0	0	0	0	0	0	246575	0	0	0	0	0	0	0	0	0	0	0	0	0	603462	0	0	0	0	0	0	0	0	0	0	0	22786263	0
LFQ	9	0	0	0	0	0	0	0	0	0	0	0	254486	0	0	0	0	0	0	0	0	0	0	0	0	0	623968	0	0	0	0	0	0	0	0	0	0	0	22757846	0
LFQ	10	0	0	525	0	0	0	0	0	0	0	0	227304	0	0	0	0	0	0	0	0	0	0	0	0	0	593550	0	0	0	0	0	0	0	0	0	0	0	22814921	0
LFQ	11	0	0	0	0	0	0	0	0	0	0	0	231898	0	0	0	0	0	0	0	0	0	0	0	0	0	572075	0	0	0	0	0	0	0	0	0	0	0	22832327	0
LFQ	12	0	0	0	0	0	0	0	0	0	0	0	238208	0	0	0	0	0	0	0	0	0	0	0	0	0	581477	0	0	0	0	0	0	0	0	0	0	0	22816615	0
LFQ	13	0	0	0	0	0	0	0	0	0	0	0	235552	0	0	0	0	0	0	0	0	0	0	0	0	0	583212	0	0	0	0	0	0	0	0	0	0	0	22817536	0
LFQ	14	0	0	0	0	0	0	0	0	0	0	0	240016	0	0	0	0	0	0	0	0	0	0	0	0	0	594514	0	0	0	0	0	0	0	0	0	0	0	22801770	0
LFQ	15	0	0	0	0	0	0	0	0	0	0	0	242272	0	0	0	0	0	0	0	0	0	0	0	0	0	598709	0	0	0	0	0	0	0	0	0	0	0	22795319	0
LFQ	16	0	0	0	0	0	0	0	0	0	0	0	246134	0	0	0	0	0	0	0	0	0	0	0	0	0	603198	0	0	0	0	0	0	0	0	0	0	0	22786968	0
LFQ	17	0	0	0	0	0	0	0	0	0	0	0	246497	0	0	0	0	0	0	0	0	0	0	0	0	0	604871	0	0	0	0	0	0	0	0	0	0	0	22784932	0
LFQ	18	0	0	0	0	0	0	0	0	0	0	0	247399	0	0	0	0	0	0	0	0	0	0	0	0	0	603624	0	0	0	0	0	0	0	0	0	0	0	22785277	0
LFQ	19	0	0	0	0	0	0	0	0	0	0	0	253901	0	0	0	0	0	0	0	0	0	0	0	0	0	617307	0	0	0	0	0	0	0	0	0	0	0	22765092	0
LFQ	20	0	0	3	0	0	0	0	0	0	0	0	250698	0	0	0	0	0	0	0	0	0	0	0	0	0	614404	0	0	0	0	0	0	0	0	0	0	0	22771195	0
LFQ	21	0	0	0	0	0	0	0	0	0	0	0	260771	0	0	0	0	0	0	0	0	0	0	0	0	0	632274	0	0	0	0	0	0	0	0	0	0	0	22743255	0
LFQ	22	0	0	0	0	0	0	0	0	0	0	0	251364	0	0	0	0	0	0	0	0	0	0	0	0	0	613494	0	0	0	0	0	0	0	0	0	0	0	22771442	0
LFQ	23	0	0	0	0	0	0	0	0	0	0	0	257841	0	0	0	0	0	0	0	0	0	0	0	0	0	626237	0	0	0	0	0	0	0	0	0	0	0	22752222	0
LFQ	24	0	0	0	0	0	0	0	0	0	0	0	257885	0	0	0	0	0	0	0	0	0	0	0	0	0	630679	0	0	0	0	0	0	0	0	0	0	0	22747736	0
LFQ	25	0	0	144	0	0	0	0	0	0	0	0	265357	0	0	0	0	0	0	0	0	0	0	0	0	0	642094	0	0	0	0	0	0	0	0	0	0	0	22728705	0
LFQ	26	0	0	0	0	0	0	0	0	0	0	0	261976	0	0	0	0	0	0	0	0	0	0	0	0	0	636285	0	0	0	0	0	0	0	0	0	0	0	22738039	0
LFQ	27	0	0	14	0	0	0	0	0	0	0	0	266468	0	0	0	0	0	0	0	0	0	0	0	0	0	646413	0	0	0	0	0	0	0	0	0	0	0	22723405	0
LFQ	28	0	0	0	0	0	0	0	0	0	0	0	267383	0	0	0	0	0	0	0	0	0	0	0	0	0	642081	0	0	0	0	0	0	0	0	0	0	0	22726836	0
LFQ	29	0	0	0	0	0	0	0	0	0	0	0	268325	0	0	0	0	0	0	0	0	0	0	0	0	0	647826	0	0	0	0	0	0	0	0	0	0	0	22720149	0
LFQ	30	0	0	0	0	0	0	0	0	0	0	0	278322	0	0	0	0	0	0	0	0	0	0	0	0	0	663120	0	0	0	0	0	0	0	0	0	0	0	22694858	0
LFQ	31	0	0	0	0	0	0	0	0	0	0	0	266304	0	0	0	0	0	0	0	0	0	0	0	0	0	641045	0	0	0	0	0	0	0	0	0	0	0	22728951	0
LFQ	32	0	0	154	0	0	0	0	0	0	0	0	278201	0	0	0	0	0	0	0	0	0	0	0	0	0	663653	0	0	0	0	0	0	0	0	0	0	0	22694292	0
LFQ	33	0	0	0	0	0	0	0	0	0	0	0	274499	0	0	0	0	0	0	0	0	0	0	0	0	0	659047	0	0	0	0	0	0	0	0	0	0	0	22702754	0
LFQ	34	0	0	0	0	0	0	0	0	0	0	0	280874	0	0	0	0	0	0	0	0	0	0	0	0	0	666213	0	0	0	0	0	0	0	0	0	0	0	22689213	0
LFQ	35	0	0	1	0	0	0	0	0	0	0	0	283819	0	0	0	0	0	0	0	0	0	0	0	0	0	674362	0	0	0	0	0	0	0	0	0	0	0	22678118	0
LFQ	36	0	0	0	0	0	0	0	0	0	0	0	279151	0	0	0	0	0	0	0	0	0	0	0	0	0	663817	0	0	0	0	0	0	0	0	0	0	0	22693207	0
LFQ	37	0	0	0	0	0	0	0	0	0	0	0	284384	0	0	0	0	0	0	0	0	0	0	0	0	0	668570	0	0	0	0	0	0	0	0	0	0	0	22683092	0
LFQ	38	0	0	0	0	0	0	0	0	0	0	0	293290	0	0	0	0	0	0	0	0	0	0	0	0	0	690350	0	0	0	0	0	0	0	0	0	0	0	22652272	0
LFQ	39	0	0	0	0	0	0	0	0	0	0	0	284595	0	0	0	0	0	0	0	0	0	0	0	0	0	669884	0	0	0	0	0	0	0	0	0	0	0	22681266	0
LFQ	40	0	0	0	0	0	0	0	0	0	0	0	290031	0	0	0	0	0	0	0	0	0	0	0	0	0	680333	0	0	0	0	0	0	0	0	0	0	0	22665222	0
LFQ	41	0	0	169	0	0	0	0	0	0	0	0	292950	0	0	0	0	0	0	0	0	0	0	0	0	0	687072	0	0	0	0	0	0	0	0	0	0	0	22655205	0
LFQ	42	0	0	0	0	0	0	0	0	0	0	0	289881	0	0	0	0	0	0	0	0	0	0	0	0	0	683415	0	0	0	0	0	0	0	0	0	0	0	22661894	0
LFQ	43	0	0	0	0	0	0	0	0	0	0	0	289480	0	0	0	0	0	0	0	0	0	0	0	0	0	680463	0	0	0	0	0	0	0	0	0	0	0	22665066	0
LFQ	44	0	0	0	0	0	0	0	0	0	0	0	302279	0	0	0	0	0	0	0	0	0	0	0	0	0	700630	0	0	0	0	0	0	0	0	0	0	0	22631905	0
LFQ	45	0	0	1	0	0	0	0	0	0	0	0	304872	0	0	0	0	0	0	0	0	0	0	0	0	0	707989	0	0	0	0	0	0	0	0	0	0	0	22621747	0
LFQ	46	0	0	1	0	0	0	0	0	0	0	0	321106	0	0	0	0	0	0	0	0	0	0	0	0	0	729402	0	0	0	0	0	0	0	0	0	0	0	22583837	0
LFQ	47	0	0	0	0	0	0	0	0	0	0	0	326683	0	0	0	0	0	0	0	0	0	0	0	0	0	741442	0	0	0	0	0	0	0	0	0	0	0	22565962	0
LFQ	48	0	0	0	0	0	0	0	0	0	0	0	328582	0	0	0	0	0	0	0	0	0	0	0	0	0	744909	0	0	0	0	0	0	0	0	0	0	0	22560308	0
LFQ	49	0	0	0	0	0	0	0	0	0	0	0	325597	0	0	0	0	0	0	0	0	0	0	0	0	0	739199	0	0	0	0	0	0	0	0	0	0	0	22568709	0
LFQ	50	0	0	3	0	0	0	0	0	0	0	0	320962	0	0	0	0	0	0	0	0	0	0	0	0	0	734870	0	0	0	0	0	0	0	0	0	0	0	22577268	0
LFQ	51	0	0	14	0	0	0	0	0	0	0	0	305756	0	0	0	0	0	0	0	0	0	0	0	0	0	707801	0	0	0	0	0	0	0	0	0	0	0	22619090	0
LFQ	52	0	0	8	0	0	0	0	0	0	0	0	310049	0	0	0	0	0	0	0	0	0	0	0	0	0	713161	0	0	0	0	0	0	0	0	0	0	0	22609010	0
LFQ	53	0	0	0	0	0	0	0	0	0	0	0	326034	0	0	0	0	0	0	0	0	0	0	0	0	0	737807	0	0	0	0	0	0	0	0	0	0	0	22567954	0
LFQ	54	0	0	0	0	0	0	0	0	0	0	0	322078	0	0	0	0	0	0	0	0	0	0	0	0	0	733321	0	0	0	0	0	0	0	0	0	0	0	22575948	0
LFQ	55	0	0	0	0	0	0	0	0	0	0	0	320386	0	0	0	0	0	0	0	0	0	0	0	0	0	730151	0	0	0	0	0	0	0	0	0	0	0	22580305	0
LFQ	56	0	0	2	0	0	0	0	0	0	0	0	334739	0	0	0	0	0	0	0	0	0	0	0	0	0	755486	0	0	0	0	0	0	0	0	0	0	0	22540135	0
LFQ	57	0	0	8	0	0	0	0	0	0	0	0	325403	0	0	0	0	0	0	0	0	0	0	0	0	0	737213	0	0	0	0	0	0	0	0	0	0	0	22567236	0
LFQ	58	0	0	0	0	0	0	0	0	0	0	0	329667	0	0	0	0	0	0	0	0	0	0	0	0	0	743299	0	0	0	0	0	0	0	0	0	0	0	22556330	0
LFQ	59	0	0	0	0	0	0	0	0	0	0	0	324765	0	0	0	0	0	0	0	0	0	0	0	0	0	741328	0	0	0	0	0	0	0	0	0	0	0	22562559	0
LFQ	60	0	0	0	0	0	0	0	0	0	0	0	330560	0	0	0	0	0	0	0	0	0	0	0	0	0	746321	0	0	0	0	0	0	0	0	0	0	0	22551042	0
LFQ	61	0	0	0	0	0	0	0	0	0	0	0	342681	0	0	0	0	0	0	0	0	0	0	0	0	0	760770	0	0	0	0	0	0	0	0	0	0	0	22523646	0
LFQ	62	0	0	320	0	0	0	0	0	0	0	0	342558	0	0	0	0	0	0	0	0	0	0	0	0	0	761469	0	0	0	0	0	0	0	0	0	0	0	22521776	0
LFQ	63	0	0	1	0	0	0	0	0	0	0	0	342408	0	0	0	0	0	0	0	0	0	0	0	0	0	762926	0	0	0	0	0	0	0	0	0	0	0	22519821	0
LFQ	64	0	0	1	0	0	0	0	0	0	0	0	336565	0	0	0	0	0	0	0	0	0	0	0	0	0	754840	0	0	0	0	0	0	0	0	0	0	0	22532652	0
LFQ	65	0	0	0	0	0	0	0	0	0	0	0	347918	0	0	0	0	0	0	0	0	0	0	0	0	0	774465	0	0	0	0	0	0	0	0	0	0	0	22500478	0
LFQ	66	0	0	0	0	0	0	0	0	0	0	0	359262	0	0	0	0	0	0	0	0	0	0	0	0	0	792827	0	0	0	0	0	0	0	0	0	0	0	22469621	0
LFQ	67	0	0	0	0	0	0	0	0	0	0	0	368123	0	0	0	0	0	0	0	0	0	0	0	0	0	805692	0	0	0	0	0	0	0	0	0	0	0	22446533	0
LFQ	68	0	0	0	0	0	0	0	0	0	0	0	360985	0	0	0	0	0	0	0	0	0	0	0	0	0	799748	0	0	0	0	0	0	0	0	0	0	0	22458114	0
LFQ	69	0	0	359	0	0	0	0	0	0	0	0	357909	0	0	0	0	0	0	0	0	0	0	0	0	0	795681	0	0	0	0	0	0	0	0	0	0	0	22463205	0
LFQ	70	0	0	1	0	0	0	0	0	0	0	0	390469	0	0	0	0	0	0	0	0	0	0	0	0	0	842271	0	0	0	0	0	0	0	0	0	0	0	22382459	0
LFQ	71	0	0	0	0	0	0	0	0	0	0	0	381818	0	0	0	0	0	0	0	0	0	0	0	0	0	832838	0	0	0	0	0	0	0	0	0	0	0	22398405	0
LFQ	72	0	0	0	0	0	0	0	0	0	0	0	368265	0	0	0	0	0	0	0	0	0	0	0	0	0	809797	0	0	0	0	0	0	0	0	0	0	0	22432536	0
LFQ	73	0	0	0	0	0	0	0	0	0	0	0	364864	0	0	0	0	0	0	0	0	0	0	0	0	0	806340	0	0	0	0	0	0	0	0	0	0	0	22436661	0
LFQ	74	0	0	1	0	0	0	0	0	0	0	0	375887	0	0	0	0	0	0	0	0	0	0	0	0	0	826724	0	0	0	0	0	0	0	0	0	0	0	22402178	0
LFQ	75	0	0	0	0	0	0	0	0	0	0	0	380148	0	0	0	0	0	0	0	0	0	0	0	0	0	831467	0	0	0	0	0	0	0	0	0	0	0	22389834	0
LFQ	76	0	0	1	0	0	0	0	0	0	0	0	384856	0	0	0	0	0	0	0	0	0	0	0	0	0	837294	0	0	0	0	0	0	0	0	0	0	0	22375618	0
LFQ	77	0	0	9	0	0	0	0	0	0	0	0	366411	0	0	0	0	0	0	0	0	0	0	0	0	0	807699	0	0	0	0	0	0	0	0	0	0	0	22419442	0
LFQ	78	0	0	1	0	0	0	0	0	0	0	0	365568	0	0	0	0	0	0	0	0	0	0	0	0	0	809874	0	0	0	0	0	0	0	0	0	0	0	22413653	0
LFQ	79	0	0	6	0	0	0	0	0	0	0	0	369767	0	0	0	0	0	0	0	0	0	0	0	0	0	814625	0	0	0	0	0	0	0	0	0	0	0	22399669	0
LFQ	80	0	0	0	0	0	0	0	0	0	0	0	380599	0	0	0	0	0	0	0	0	0	0	0	0	0	831554	0	0	0	0	0	0	0	0	0	0	0	22366355	0
LFQ	81	0	0	0	0	0	0	0	0	0	0	0	383884	0	0	0	0	0	0	0	0	0	0	0	0	0	837787	0	0	0	0	0	0	0	0	0	0	0	22350644	0
LFQ	82	0	0	8	0	0	0	0	0	0	0	0	393419	0	0	0	0	0	0	0	0	0	0	0	0	0	848594	0	0	0	0	0	0	0	0	0	0	0	22323077	0
LFQ	83	0	0	1	0	0	0	0	0	0	0	0	407045	0	0	0	0	0	0	0	0	0	0	0	0	0	870099	0	0	0	0	0	0	0	0	0	0	0	22279831	0
LFQ	84	0	0	0	0	0	0	0	0	0	0	0	399452	0	0	0	0	0	0	0	0	0	0	0	0	0	856763	0	0	0	0	0	0	0	0	0	0	0	22291809	0
LFQ	85	0	0	0	0	0	0	0	0	0	0	0	386845	0	0	0	0	0	0	0	0	0	0	0	0	0	840501	0	0	0	0	0	0	0	0	0	0	0	22310807	0
LFQ	86	0	0	0	0	0	0	0	0	0	0	0	411689	0	0	0	0	0	0	0	0	0	0	0	0	0	875951	0	0	0	0	0	0	0	0	0	0	0	22239463	0
LFQ	87	0	0	0	0	0	0	0	0	0	0	0	403167	0	0	0	0	0	0	0	0	0	0	0	0	0	867678	0	0	0	0	0	0	0	0	0	0	0	22243823	0
LFQ	88	0	0	0	0	0	0	0	0	0	0	0	402466	0	0	0	0	0	0	0	0	0	0	0	0	0	860463	0	0	0	0	0	0	0	0	0	0	0	22238268	0
LFQ	89	0	0	0	0	0	0	0	0	0	0	0	407878	0	0	0	0	0	0	0	0	0	0	0	0	0	875139	0	0	0	0	0	0	0	0	0	0	0	22203242	0
LFQ	90	0	0	0	0	0	0	0	0	0	0	0	415323	0	0	0	0	0	0	0	0	0	0	0	0	0	885400	0	0	0	0	0	0	0	0	0	0	0	22169440	0
LFQ	91	0	0	69	0	0	0	0	0	0	0	0	403429	0	0	0	0	0	0	0	0	0	0	0	0	0	865878	0	0	0	0	0	0	0	0	0	0	0	22182662	0
LFQ	92	0	0	0	0	0	0	0	0	0	0	0	415780	0	0	0	0	0	0	0	0	0	0	0	0	0	885813	0	0	0	0	0	0	0	0	0	0	0	22130175	0
LFQ	93	0	0	0	0	0	0	0	0	0	0	0	417642	0	0	0	0	0	0	0	0	0	0	0	0	0	885839	0	0	0	0	0	0	0	0	0	0	0	22106756	0
LFQ	94	0	0	5	0	0	0	0	0	0	0	0	421496	0	0	0	0	0	0	0	0	0	0	0	0	0	891070	0	0	0	0	0	0	0	0	0	0	0	22073435	0
LFQ	95	0	0	0	0	0	0	0	0	0	0	0	462172	0	0	0	0	0	0	0	0	0	0	0	0	0	951260	0	0	0	0	0	0	0	0	0	0	0	21945648	0
LFQ	96	0	0	0	0	0	0	0	0	0	0	0	444246	0	0	0	0	0	0	0	0	0	0	0	0	0	922671	0	0	0	0	0	0	0	0	0	0	0	21963375	0
LFQ	97	0	0	0	0	0	0	0	0	0	0	0	423172	0	0	0	0	0	0	0	0	0	0	0	0	0	897416	0	0	0	0	0	0	0	0	0	0	0	21979379	0
LFQ	98	0	0	0	0	0	0	0	0	0	0	0	436126	0	0	0	0	0	0	0	0	0	0	0	0	0	911384	0	0	0	0	0	0	0	0	0	0	0	21919441	0
LFQ	99	0	0	7	0	0	0	0	0	0	0	0	423638	0	0	0	0	0	0	0	0	0	0	0	0	0	897783	0	0	0	0	0	0	0	0	0	0	0	21910072	0
LFQ	100	0	0	2	0	0	0	0	0	0	0	0	437197	0	0	0	0	0	0	0	0	0	0	0	0	0	913536	0	0	0	0	0	0	0	0	0	0	0	21842830	0
LFQ	101	0	0	2	0	0	0	0	0	0	0	0	425759	0	0	0	0	0	0	0	0	0	0	0	0	0	898702	0	0	0	0	0	0	0	0	0	0	0	21827169	0
LFQ	102	0	0	5	0	0	0	0	0	0	0	0	422201	0	0	0	0	0	0	0	0	0	0	0	0	0	895877	0	0	0	0	0	0	0	0	0	0	0	21789526	0
LFQ	103	0	0	1	0	0	0	0	0	0	0	0	428041	0	0	0	0	0	0	0	0	0	0	0	0	0	901424	0	0	0	0	0	0	0	0	0	0	0	21730522	0
LFQ	104	0	0	22	0	0	0	0	0	0	0	0	429377	0	0	0	0	0	0	0	0	0	0	0	0	0	906565	0	0	0	0	0	0	0	0	0	0	0	21672179	0
LFQ	105	0	0	0	0	0	0	0	0	0	0	0	453321	0	0	0	0	0	0	0	0	0	0	0	0	0	939164	0	0	0	0	0	0	0	0	0	0	0	21561985	0
LFQ	106	0	0	2	0	0	0	0	0	0	0	0	436764	0	0	0	0	0	0	0	0	0	0	0	0	0	915177	0	0	0	0	0	0	0	0	0	0	0	21545011	0
LFQ	107	0	0	851	0	0	0	0	0	0	0	0	442166	0	0	0	0	0	0	0	0	0	0	0	0	0	921719	0	0	0	0	0	0	0	0	0	0	0	21471084	0
LFQ	108	0	0	0	0	0	0	0	0	0	0	0	435780	0	0	0	0	0	0	0	0	0	0	0	0	0	909632	0	0	0	0	0	0	0	0	0	0	0	21426932	0
LFQ	109	0	0	0	0	0	0	0	0	0	0	0	441609	0	0	0	0	0	0	0	0	0	0	0	0	0	921195	0	0	0	0	0	0	0	0	0	0	0	21342741	0
LFQ	110	0	0	0	0	0	0	0	0	0	0	0	465281	0	0	0	0	0	0	0	0	0	0	0	0	0	954877	0	0	0	0	0	0	0	0	0	0	0	21214887	0
LFQ	111	0	0	0	0	0	0	0	0	0	0	0	456157	0	0	0	0	0	0	0	0	0	0	0	0	0	938400	0	0	0	0	0	0	0	0	0	0	0	21167909	0
LFQ	112	0	0	1	0	0	0	0	0	0	0	0	438010	0	0	0	0	0	0	0	0	0	0	0	0	0	914722	0	0	0	0	0	0	0	0	0	0	0	21132448	0
LFQ	113	0	0	0	0	0	0	0	0	0	0	0	461718	0	0	0	0	0	0	0	0	0	0	0	0	0	946906	0	0	0	0	0	0	0	0	0	0	0	20993153	0
LFQ	114	0	0	0	0	0	0	0	0	0	0	0	461266	0	0	0	0	0	0	0	0	0	0	0	0	0	947822	0	0	0	0	0	0	0	0	0	0	0	20906941	0
LFQ	115	0	0	0	0	0	0	0	0	0	0	0	475587	0	0	0	0	0	0	0	0	0	0	0	0	0	965262	0	0	0	0	0	0	0	0	0	0	0	20785111	0
LFQ	116	0	0	2	0	0	0	0	0	0	0	0	495541	0	0	0	0	0	0	0	0	0	0	0	0	0	992404	0	0	0	0	0	0	0	0	0	0	0	20644486	0
LFQ	117	0	0	5	0	0	0	0	0	0	0	0	496928	0	0	0	0	0	0	0	0	0	0	0	0	0	994058	0	0	0	0	0	0	0	0	0	0	0	20546306	0
LFQ	118	0	0	0	0	0	0	0	0	0	0	0	488925	0	0	0	0	0	0	0	0	0	0	0	0	0	981374	0	0	0	0	0	0	0	0	0	0	0	20466661	0
LFQ	119	0	0	0	0	0	0	0	0	0	0	0	503925	0	0	0	0	0	0	0	0	0	0	0	0	0	999947	0	0	0	0	0	0	0	0	0	0	0	20331697	0
LFQ	120	0	0	0	0	0	0	0	0	0	0	0	491758	0	0	0	0	0	0	0	0	0	0	0	0	0	989021	0	0	0	0	0	0	0	0	0	0	0	20251404	0
LFQ	121	0	0	1	0	0	0	0	0	0	0	0	474463	0	0	0	0	0	0	0	0	0	0	0	0	0	957177	0	0	0	0	0	0	0	0	0	0	0	20193359	0
LFQ	122	0	0	7	0	0	0	0	0	0	0	0	484132	0	0	0	0	0	0	0	0	0	0	0	0	0	973026	0	0	0	0	0	0	0	0	0	0	0	20057368	0
LFQ	123	0	0	18	0	0	0	0	0	0	0	0	500969	0	0	0	0	0	0	0	0	0	0	0	0	0	997554	0	0	0	0	0	0	0	0	0	0	0	19900543	0
LFQ	124	0	0	2	0	0	0	0	0	0	0	0	460835	0	0	0	0	0	0	0	0	0	0	0	0	0	936229	0	0	0	0	0	0	0	0	0	0	0	19885051	0
LFQ	125	0	0	2	0	0	0	0	0	0	0	0	457236	0	0	0	0	0	0	0	0	0	0	0	0	0	932497	0	0	0	0	0	0	0	0	0	0	0	19770158	0
LFQ	126	0	0	13	0	0	0	0	0	0	0	0	489653	0	0	0	0	0	0	0	0	0	0	0	0	0	982706	0	0	0	0	0	0	0	0	0	0	0	19564441	0
LFQ	127	0	0	7	0	0	0	0	0	0	0	0	494914	0	0	0	0	0	0	0	0	0	0	0	0	0	980959	0	0	0	0	0	0	0	0	0	0	0	19434991	0
LFQ	128	0	0	33	0	0	0	0	0	0	0	0	482768	0	0	0	0	0	0	0	0	0	0	0	0	0	967228	0	0	0	0	0	0	0	0	0	0	0	19332462	0
LFQ	129	0	0	0	0	0	0	0	0	0	0	0	500149	0	0	0	0	0	0	0	0	0	0	0	0	0	990508	0	0	0	0	0	0	0	0	0	0	0	19164244	0
LFQ	130	0	0	0	0	0	0	0	0	0	0	0	502120	0	0	0	0	0	0	0	0	0	0	0	0	0	993148	0	0	0	0	0	0	0	0	0	0	0	19030121	0
LFQ	131	0	0	33	0	0	0	0	0	0	0	0	484429	0	0	0	0	0	0	0	0	0	0	0	0	0	972450	0	0	0	0	0	0	0	0	0	0	0	18935297	0
LFQ	132	0	0	36	0	0	0	0	0	0	0	0	488323	0	0	0	0	0	0	0	0	0	0	0	0	0	972475	0	0	0	0	0	0	0	0	0	0	0	18796637	0
LFQ	133	0	0	5	0	0	0	0	0	0	0	0	492838	0	0	0	0	0	0	0	0	0	0	0	0	0	979584	0	0	0	0	0	0	0	0	0	0	0	18647130	0
LFQ	134	0	0	0	0	0	0	0	0	0	0	0	504582	0	0	0	0	0	0	0	0	0	0	0	0	0	991008	0	0	0	0	0	0	0	0	0	0	0	18481944	0
LFQ	135	0	0	0	0	0	0	0	0	0	0	0	487943	0	0	0	0	0	0	0	0	0	0	0	0	0	972983	0	0	0	0	0	0	0	0	0	0	0	18371330	0
LFQ	136	0	0	0	0	0	0	0	0	0	0	0	505324	0	0	0	0	0	0	0	0	0	0	0	0	0	992801	0	0	0	0	0	0	0	0	0	0	0	18187618	0
LFQ	137	0	0	0	0	0	0	0	0	0	0	0	486704	0	0	0	0	0	0	0	0	0	0	0	0	0	965845	0	0	0	0	0	0	0	0	0	0	0	18084482	0
LFQ	138	0	0	1	0	0	0	0	0	0	0	0	502100	0	0	0	0	0	0	0	0	0	0	0	0	0	989909	0	0	0	0	0	0	0	0	0	0	0	17895778	0
LFQ	139	0	0	0	0	0	0	0	0	0	0	0	516292	0	0	0	0	0	0	0	0	0	0	0	0	0	1007173	0	0	0	0	0	0	0	0	0	0	0	17714715	0
LFQ	140	0	0	0	0	0	0	0	0	0	0	0	503433	0	0	0	0	0	0	0	0	0	0	0	0	0	992532	0	0	0	0	0	0	0	0	0	0	0	17589881	0
LFQ	141	0	0	8	0	0	0	0	0	0	0	0	487349	0	0	0	0	0	0	0	0	0	0	0	0	0	967717	0	0	0	0	0	0	0	0	0	0	0	17479296	0
LFQ	142	0	0	0	0	0	0	0	0	0	0	0	469098	0	0	0	0	0	0	0	0	0	0	0	0	0	944211	0	0	0	0	0	0	0	0	0	0	0	17366257	0
LFQ	143	0	0	0	0	0	0	0	0	0	0	0	504956	0	0	0	0	0	0	0	0	0	0	0	0	0	995243	0	0	0	0	0	0	0	0	0	0	0	17118862	0
LFQ	144	0	0	1	0	0	0	0	0	0	0	0	542215	0	0	0	0	0	0	0	0	0	0	0	0	0	1044395	0	0	0	0	0	0	0	0	0	0	0	16866381	0
LFQ	145	0	0	0	0	0	0	0	0	0	0	0	506189	0	0	0	0	0	0	0	0	0	0	0	0	0	994107	0	0	0	0	0	0	0	0	0	0	0	16787829	0
LFQ	146	0	0	10	0	0	0	0	0	0	0	0	503140	0	0	0	0	0	0	0	0	0	0	0	0	0	994211	0	0	0	0	0	0	0	0	0	0	0	16613805	0
LFQ	147	0	0	0	0	0	0	0	0	0	0	0	498259	0	0	0	0	0	0	0	0	0	0	0	0	0	997600	0	0	0	0	0	0	0	0	0	0	0	16418413	0
LFQ	148	0	0	0	0	0	0	0	0	0	0	0	432152	0	0	0	0	0	0	0	0	0	0	0	0	0	937522	0	0	0	0	0	0	0	0	0	0	0	16340562	0
LFQ	149	0	0	0	0	0	0	0	0	0	0	0	429287	0	0	0	0	0	0	0	0	0	0	0	0	0	940161	0	0	0	0	0	0	0	0	0	0	0	16179052	0
LFQ	150	0	0	0	0	0	0	0	0	0	0	0	492566	0	0	0	0	0	0	0	0	0	0	0	0	0	1017796	0	0	0	0	0	0	0	0	0	0	0	15879238	0
LFQ	151	0	0	0	0	0	0	0	0	0	0	0	594055	0	0	0	0	0	0	0	0	0	0	0	0	0	1187104	0	0	0	0	0	0	0	0	0	0	0	15450068	0
# GC Content of first fragments. Use `grep ^GCF | cut -f 2-` to extract this part.
GCF	0.25	179
GCF	0.75	170
GCF	1.26	139
GCF	1.76	128
GCF	2.26	130
GCF	2.76	122
GCF	3.27	107
GCF	3.77	100
GCF	4.27	99
GCF	4.77	79
GCF	5.28	69
GCF	5.78	70
GCF	6.28	87
GCF	6.78	89
GCF	7.29	81
GCF	7.79	77
GCF	8.29	63
GCF	8.79	82
GCF	9.30	65
GCF	9.80	57
GCF	10.30	61
GCF	10.80	47
GCF	11.31	52
GCF	11.81	54
GCF	12.31	51
GCF	12.81	64
GCF	13.32	60
GCF	13.82	62
GCF	14.32	54
GCF	14.82	66
GCF	15.33	62
GCF	15.83	57
GCF	16.33	64
GCF	16.83	61
GCF	17.34	64
GCF	17.84	73
GCF	18.34	92
GCF	18.84	85
GCF	19.35	94
GCF	19.85	122
GCF	20.35	118
GCF	20.85	122
GCF	21.36	172
GCF	21.86	182
GCF	22.36	194
GCF	22.86	211
GCF	23.37	292
GCF	23.87	382
GCF	24.37	509
GCF	24.87	545
GCF	25.38	655
GCF	25.88	767
GCF	26.38	1052
GCF	26.88	1182
GCF	27.39	1551
GCF	27.89	1946
GCF	28.39	2453
GCF	28.89	3048
GCF	29.40	3366
GCF	29.90	4445
GCF	30.40	6267
GCF	30.90	8227
GCF	31.41	8947
GCF	31.91	12151
GCF	32.41	15216
GCF	32.91	19478
GCF	33.42	20835
GCF	33.92	26120
GCF	34.42	33939
GCF	34.92	44282
GCF	35.43	47641
GCF	35.93	58591
GCF	36.43	73475
GCF	36.93	87966
GCF	37.44	92215
GCF	37.94	106353
GCF	38.44	124140
GCF	38.94	143995
GCF	39.45	151121
GCF	39.95	182436
GCF	40.45	210274
GCF	40.95	253723
GCF	41.46	263239
GCF	41.96	278301
GCF	42.46	295041
GCF	42.96	303610
GCF	43.47	332946
GCF	43.97	335731
GCF	44.47	363013
GCF	44.97	383706
GCF	45.48	436753
GCF	45.98	445458
GCF	46.48	493291
GCF	46.98	524696
GCF	47.49	651076
GCF	47.99	662348
GCF	48.49	621658
GCF	48.99	657509
GCF	49.50	692855
GCF	50.00	699697
GCF	50.50	769295
GCF	51.01	803067
GCF	51.51	839837
GCF	52.01	849533
GCF	52.51	885912
GCF	53.02	907393
GCF	53.52	947625
GCF	54.02	956806
GCF	54.52	982817
GCF	55.03	1016535
GCF	55.53	1020343
GCF	56.03	1025351
GCF	56.53	1038254
GCF	57.04	1007082
GCF	57.54	997510
GCF	58.04	941769
GCF	58.54	935644
GCF	59.05	879787
GCF	59.55	797803
GCF	60.05	716007
GCF	60.55	700724
GCF	61.06	622933
GCF	61.56	537693
GCF	62.06	452742
GCF	62.56	432526
GCF	63.07	356426
GCF	63.57	285281
GCF	64.07	222675
GCF	64.57	206046
GCF	65.08	158145
GCF	65.58	117569
GCF	66.08	85838
GCF	66.58	74700
GCF	67.09	53237
GCF	67.59	36671
GCF	68.09	25260
GCF	68.59	20540
GCF	69.10	14041
GCF	69.60	9670
GCF	70.10	6999
GCF	70.60	5486
GCF	71.11	4172
GCF	71.61	2874
GCF	72.11	2092
GCF	72.61	1489
GCF	73.12	1094
GCF	73.62	781
GCF	74.12	540
GCF	74.62	429
GCF	75.13	380
GCF	75.63	316
GCF	76.13	243
GCF	76.63	181
GCF	77.14	156
GCF	77.64	147
GCF	78.14	118
GCF	78.64	122
GCF	79.15	111
GCF	79.65	114
GCF	80.15	78
GCF	80.65	55
GCF	81.16	53
GCF	81.66	44
GCF	82.16	28
GCF	82.66	26
GCF	83.17	19
GCF	83.67	15
GCF	84.17	9
GCF	84.92	4
GCF	85.68	5
GCF	86.18	4
GCF	86.93	8
GCF	87.69	3
GCF	88.19	5
GCF	88.94	2
GCF	89.70	1
GCF	90.20	0
GCF	90.70	1
GCF	91.46	2
GCF	92.21	1
GCF	94.72	0
GCF	97.49	1
# GC Content of last fragments. Use `grep ^GCL | cut -f 2-` to extract this part.
GCL	0.25	643
GCL	0.75	412
GCL	1.26	355
GCL	1.76	331
GCL	2.26	305
GCL	2.76	314
GCL	3.27	332
GCL	3.77	323
GCL	4.27	317
GCL	4.77	363
GCL	5.28	414
GCL	5.78	434
GCL	6.28	428
GCL	6.78	461
GCL	7.29	436
GCL	7.79	456
GCL	8.29	482
GCL	8.79	474
GCL	9.30	491
GCL	9.80	467
GCL	10.30	463
GCL	10.80	462
GCL	11.31	425
GCL	11.81	404
GCL	12.31	431
GCL	12.81	391
GCL	13.32	346
GCL	13.82	398
GCL	14.32	384
GCL	14.82	374
GCL	15.33	344
GCL	15.83	363
GCL	16.33	316
GCL	16.83	325
GCL	17.34	322
GCL	17.84	332
GCL	18.34	361
GCL	18.84	356
GCL	19.35	398
GCL	19.85	438
GCL	20.35	458
GCL	20.85	452
GCL	21.36	551
GCL	21.86	645
GCL	22.36	752
GCL	22.86	753
GCL	23.37	960
GCL	23.87	1131
GCL	24.37	1350
GCL	24.87	1415
GCL	25.38	1794
GCL	25.88	2153
GCL	26.38	2989
GCL	26.88	3167
GCL	27.39	3807
GCL	27.89	4843
GCL	28.39	6075
GCL	28.89	7618
GCL	29.40	7961
GCL	29.90	9920
GCL	30.40	12570
GCL	30.90	16227
GCL	31.41	16777
GCL	31.91	22027
GCL	32.41	25829
GCL	32.91	31389
GCL	33.42	32677
GCL	33.92	38615
GCL	34.42	48860
GCL	34.92	59593
GCL	35.43	62928
GCL	35.93	74660
GCL	36.43	87842
GCL	36.93	99818
GCL	37.44	103949
GCL	37.94	119457
GCL	38.44	136339
GCL	38.94	155129
GCL	39.45	162112
GCL	39.95	188904
GCL	40.45	220236
GCL	40.95	242170
GCL	41.46	251978
GCL	41.96	277527
GCL	42.46	288695
GCL	42.96	292589
GCL	43.47	319383
GCL	43.97	322679
GCL	44.47	327371
GCL	44.97	352610
GCL	45.48	396866
GCL	45.98	405809
GCL	46.48	438955
GCL	46.98	477379
GCL	47.49	523883
GCL	47.99	533970
GCL	48.49	575510
GCL	48.99	616146
GCL	49.50	660063
GCL	50.00	667165
GCL	50.50	712224
GCL	51.01	762844
GCL	51.51	812828
GCL	52.01	822278
GCL	52.51	880719
GCL	53.02	892198
GCL	53.52	938037
GCL	54.02	947712
GCL	54.52	975648
GCL	55.03	1020621
GCL	55.53	1042633
GCL	56.03	1047029
GCL	56.53	1040607
GCL	57.04	1029236
GCL	57.54	1036020
GCL	58.04	996489
GCL	58.54	990371
GCL	59.05	921828
GCL	59.55	832374
GCL	60.05	754582
GCL	60.55	739679
GCL	61.06	656957
GCL	61.56	563360
GCL	62.06	473126
GCL	62.56	452912
GCL	63.07	383549
GCL	63.57	299146
GCL	64.07	235342
GCL	64.57	218305
GCL	65.08	168671
GCL	65.58	125852
GCL	66.08	92136
GCL	66.58	81237
GCL	67.09	58369
GCL	67.59	39616
GCL	68.09	26949
GCL	68.59	22233
GCL	69.10	15305
GCL	69.60	10525
GCL	70.10	7240
GCL	70.60	5640
GCL	71.11	4244
GCL	71.61	2955
GCL	72.11	2162
GCL	72.61	1459
GCL	73.12	1109
GCL	73.62	726
GCL	74.12	520
GCL	74.62	377
GCL	75.13	309
GCL	75.63	258
GCL	76.13	228
GCL	76.63	170
GCL	77.14	138
GCL	77.64	130
GCL	78.14	100
GCL	78.64	94
GCL	79.15	84
GCL	79.65	72
GCL	80.15	59
GCL	80.65	49
GCL	81.16	42
GCL	81.66	37
GCL	82.16	25
GCL	82.66	26
GCL	83.17	23
GCL	83.67	22
GCL	84.17	18
GCL	84.67	23
GCL	85.18	22
GCL	85.68	10
GCL	86.18	13
GCL	86.68	16
GCL	87.19	24
GCL	87.69	29
GCL	88.19	37
GCL	88.69	38
GCL	89.20	36
GCL	89.70	39
GCL	90.20	38
GCL	90.70	39
GCL	91.21	54
GCL	91.71	75
GCL	92.21	82
GCL	92.71	96
GCL	93.22	116
GCL	93.72	132
GCL	94.22	155
GCL	94.72	167
GCL	95.23	191
GCL	95.73	211
GCL	96.23	246
GCL	96.73	297
GCL	97.24	303
GCL	97.74	334
GCL	98.24	365
GCL	98.74	352
GCL	99.50	327
# ACGT content per cycle. Use `grep ^GCC | cut -f 2-` to extract this part. The columns are: cycle; A,C,G,T base counts as a percentage of all A/C/G/T bases [%]; and N and O counts as a percentage of all A/C/G/T bases [%]
GCC	1	11.01	39.21	39.57	10.21	0.00	0.00
GCC	2	23.92	25.69	26.09	24.30	0.00	0.00
GCC	3	22.09	27.85	27.55	22.51	0.00	0.00
GCC	4	22.73	27.59	27.56	22.13	0.03	0.00
GCC	5	25.92	24.39	24.62	25.06	0.00	0.00
GCC	6	26.15	24.49	24.22	25.14	0.00	0.00
GCC	7	26.45	23.07	22.73	27.74	0.00	0.00
GCC	8	24.01	26.34	25.39	24.26	0.00	0.00
GCC	9	24.32	25.77	25.28	24.63	0.00	0.00
GCC	10	27.04	23.29	23.24	26.42	0.00	0.00
GCC	11	21.51	28.83	28.57	21.09	0.00	0.00
GCC	12	22.15	27.97	27.70	22.18	0.00	0.00
GCC	13	23.24	26.86	26.61	23.29	0.00	0.00
GCC	14	24.21	26.13	25.76	23.90	0.00	0.00
GCC	15	23.83	26.38	26.24	23.55	0.00	0.00
GCC	16	23.28	27.08	26.93	22.71	0.00	0.00
GCC	17	23.80	26.52	26.22	23.46	0.00	0.00
GCC	18	23.98	26.30	26.19	23.53	0.00	0.00
GCC	19	23.20	27.06	26.76	22.98	0.00	0.00
GCC	20	23.75	26.40	26.26	23.59	0.00	0.00
GCC	21	24.05	26.16	26.06	23.72	0.00	0.00
GCC	22	23.33	26.82	26.64	23.22	0.00	0.00
GCC	23	24.02	26.23	26.02	23.74	0.00	0.00
GCC	24	23.80	26.45	26.05	23.71	0.00	0.00
GCC	25	22.99	27.15	26.78	23.07	0.00	0.00
GCC	26	24.02	26.31	26.09	23.58	0.00	0.00
GCC	27	23.79	26.47	26.10	23.64	0.00	0.00
GCC	28	23.19	27.00	26.71	23.10	0.00	0.00
GCC	29	23.93	26.31	26.14	23.62	0.00	0.00
GCC	30	23.73	26.55	26.20	23.52	0.00	0.00
GCC	31	23.32	26.81	26.73	23.14	0.00	0.00
GCC	32	23.88	26.40	26.10	23.63	0.00	0.00
GCC	33	23.76	26.39	26.24	23.61	0.00	0.00
GCC	34	23.27	27.05	26.79	22.90	0.00	0.00
GCC	35	24.01	26.40	26.12	23.48	0.00	0.00
GCC	36	23.85	26.35	26.26	23.54	0.00	0.00
GCC	37	23.28	26.84	26.78	23.10	0.00	0.00
GCC	38	23.88	26.35	26.24	23.53	0.00	0.00
GCC	39	23.94	26.47	26.07	23.52	0.00	0.00
GCC	40	23.25	27.07	26.67	23.01	0.00	0.00
GCC	41	23.89	26.25	26.11	23.76	0.00	0.00
GCC	42	23.89	26.34	26.05	23.72	0.00	0.00
GCC	43	23.14	26.94	26.85	23.08	0.00	0.00
GCC	44	23.80	26.45	26.12	23.63	0.00	0.00
GCC	45	23.74	26.36	26.17	23.73	0.00	0.00
GCC	46	23.09	27.14	26.73	23.04	0.00	0.00
GCC	47	23.83	26.33	26.20	23.64	0.00	0.00
GCC	48	23.66	26.46	26.36	23.52	0.00	0.00
GCC	49	23.02	26.94	26.88	23.17	0.00	0.00
GCC	50	23.72	26.43	26.19	23.66	0.00	0.00
GCC	51	23.71	26.47	26.27	23.55	0.00	0.00
GCC	52	23.29	26.83	26.72	23.15	0.00	0.00
GCC	53	24.00	26.24	26.15	23.62	0.00	0.00
GCC	54	23.97	26.33	26.14	23.56	0.05	0.00
GCC	55	23.16	26.90	26.74	23.20	0.00	0.00
GCC	56	23.92	26.17	26.23	23.68	0.00	0.00
GCC	57	23.97	26.24	26.23	23.56	0.00	0.00
GCC	58	23.21	26.98	26.76	23.05	0.00	0.00
GCC	59	23.90	26.20	26.17	23.74	0.00	0.00
GCC	60	23.85	26.40	26.23	23.51	0.00	0.00
GCC	61	23.17	27.02	26.72	23.10	0.00	0.00
GCC	62	23.87	26.35	26.21	23.56	0.00	0.00
GCC	63	23.78	26.23	26.31	23.68	0.00	0.00
GCC	64	23.14	26.85	26.92	23.09	0.00	0.00
GCC	65	23.71	26.33	26.20	23.76	0.00	0.00
GCC	66	23.72	26.30	26.30	23.67	0.00	0.00
GCC	67	23.12	26.98	26.87	23.02	0.00	0.00
GCC	68	24.12	26.17	26.23	23.48	0.00	0.00
GCC	69	23.95	26.15	26.26	23.64	0.00	0.00
GCC	70	23.22	26.87	26.83	23.08	0.00	0.00
GCC	71	23.84	26.27	26.34	23.55	0.00	0.00
GCC	72	23.76	26.32	26.35	23.58	0.00	0.00
GCC	73	23.25	26.95	26.91	22.90	0.00	0.00
GCC	74	23.81	26.26	26.18	23.75	0.00	0.00
GCC	75	23.69	26.39	26.31	23.61	0.00	0.00
GCC	76	23.14	27.08	26.87	22.91	0.00	0.00
GCC	77	23.68	26.42	26.19	23.71	0.00	0.00
GCC	78	23.81	26.32	26.27	23.60	0.00	0.00
GCC	79	23.15	26.88	26.74	23.23	0.00	0.00
GCC	80	23.83	26.49	26.12	23.55	0.00	0.00
GCC	81	23.87	26.40	26.21	23.52	0.00	0.00
GCC	82	23.21	26.90	26.82	23.06	0.00	0.00
GCC	83	23.74	26.33	26.32	23.60	0.00	0.00
GCC	84	23.73	26.43	26.35	23.49	0.00	0.00
GCC	85	23.19	26.84	26.88	23.09	0.00	0.00
GCC	86	23.77	26.42	26.21	23.60	0.00	0.00
GCC	87	23.77	26.37	26.29	23.57	0.00	0.00
GCC	88	23.09	26.98	26.85	23.08	0.00	0.00
GCC	89	23.91	26.36	26.16	23.57	0.00	0.00
GCC	90	23.81	26.39	26.31	23.49	0.00	0.00
GCC	91	22.99	27.20	26.75	23.06	0.00	0.00
GCC	92	23.77	26.47	26.27	23.49	0.00	0.00
GCC	93	23.73	26.30	26.38	23.60	0.00	0.00
GCC	94	23.29	26.85	26.85	23.00	0.00	0.00
GCC	95	23.77	26.27	26.32	23.64	0.00	0.00
GCC	96	23.61	26.30	26.39	23.70	0.00	0.00
GCC	97	23.10	26.84	26.88	23.19	0.00	0.00
GCC	98	23.61	26.35	26.23	23.81	0.00	0.00
GCC	99	23.56	26.31	26.38	23.75	0.00	0.00
GCC	100	22.98	26.82	26.85	23.35	0.00	0.00
GCC	101	23.63	26.35	26.33	23.69	0.00	0.00
GCC	102	23.62	26.31	26.36	23.71	0.00	0.00
GCC	103	23.07	26.93	26.76	23.25	0.00	0.00
GCC	104	23.70	26.33	26.19	23.78	0.00	0.00
GCC	105	23.59	26.23	26.47	23.71	0.00	0.00
GCC	106	23.31	26.75	26.79	23.15	0.00	0.00
GCC	107	23.61	26.38	26.34	23.67	0.00	0.00
GCC	108	23.62	26.45	26.38	23.56	0.00	0.00
GCC	109	23.22	26.85	26.79	23.14	0.00	0.00
GCC	110	23.62	26.37	26.39	23.63	0.00	0.00
GCC	111	23.74	26.35	26.32	23.59	0.00	0.00
GCC	112	22.98	26.97	26.86	23.19	0.00	0.00
GCC	113	23.56	26.61	26.36	23.47	0.00	0.00
GCC	114	23.54	26.36	26.38	23.72	0.00	0.00
GCC	115	23.07	26.97	26.90	23.06	0.00	0.00
GCC	116	23.79	26.44	26.10	23.68	0.00	0.00
GCC	117	23.68	26.41	26.39	23.52	0.00	0.00
GCC	118	23.14	26.99	26.73	23.13	0.00	0.00
GCC	119	23.65	26.45	26.27	23.62	0.00	0.00
GCC	120	23.61	26.53	26.40	23.46	0.00	0.00
GCC	121	23.04	26.98	26.76	23.22	0.00	0.00
GCC	122	23.62	26.68	26.24	23.46	0.00	0.00
GCC	123	23.77	26.45	26.35	23.43	0.00	0.00
GCC	124	23.16	27.07	26.85	22.91	0.00	0.00
GCC	125	23.66	26.62	26.21	23.50	0.00	0.00
GCC	126	23.78	26.40	26.33	23.49	0.00	0.00
GCC	127	23.12	27.02	26.94	22.91	0.00	0.00
GCC	128	23.82	26.43	26.25	23.50	0.00	0.00
GCC	129	23.64	26.49	26.43	23.44	0.00	0.00
GCC	130	23.25	26.90	26.94	22.91	0.00	0.00
GCC	131	23.75	26.55	26.26	23.44	0.00	0.00
GCC	132	23.66	26.45	26.44	23.45	0.00	0.00
GCC	133	23.09	27.13	26.81	22.97	0.00	0.00
GCC	134	23.72	26.50	26.20	23.58	0.00	0.00
GCC	135	23.66	26.44	26.33	23.57	0.00	0.00
GCC	136	23.18	27.07	26.84	22.92	0.00	0.00
GCC	137	23.74	26.37	26.37	23.52	0.00	0.00
GCC	138	23.72	26.43	26.51	23.35	0.00	0.00
GCC	139	23.20	26.93	26.94	22.92	0.00	0.00
GCC	140	23.67	26.60	26.38	23.34	0.00	0.00
GCC	141	23.55	26.56	26.54	23.35	0.00	0.00
GCC	142	23.25	27.06	26.74	22.95	0.00	0.00
GCC	143	23.73	26.45	26.33	23.49	0.00	0.00
GCC	144	23.77	26.42	26.43	23.39	0.00	0.00
GCC	145	23.16	27.04	26.74	23.06	0.00	0.00
GCC	146	23.78	26.38	26.32	23.52	0.03	0.00
GCC	147	23.71	26.48	26.38	23.43	0.00	0.00
GCC	148	23.29	26.99	26.86	22.87	0.00	0.00
GCC	149	23.65	26.50	26.41	23.43	0.00	0.00
GCC	150	23.84	26.43	26.30	23.44	0.00	0.00
GCC	151	23.29	26.90	26.85	22.96	0.00	0.00
# ACGT content per cycle, read oriented. Use `grep ^GCT | cut -f 2-` to extract this part. The columns are: cycle; A,C,G,T base counts as a percentage of all A/C/G/T bases [%]
GCT	1	13.78	33.83	44.95	7.44
GCT	2	16.43	24.65	27.13	31.79
GCT	3	18.99	31.94	23.45	25.62
GCT	4	24.67	25.66	29.48	20.19
GCT	5	29.54	20.34	28.67	21.44
GCT	6	31.37	23.41	25.29	19.93
GCT	7	20.02	22.66	23.15	34.17
GCT	8	22.30	28.72	23.01	25.97
GCT	9	19.84	26.96	24.09	29.12
GCT	10	31.20	21.31	25.23	22.26
GCT	11	22.78	28.91	28.49	19.82
GCT	12	20.59	28.62	27.06	23.74
GCT	13	22.73	26.93	26.54	23.80
GCT	14	23.51	26.22	25.66	24.60
GCT	15	23.25	26.77	25.85	24.13
GCT	16	22.98	26.76	27.25	23.01
GCT	17	23.83	26.41	26.33	23.43
GCT	18	23.76	26.79	25.70	23.75
GCT	19	23.37	26.79	27.04	22.81
GCT	20	23.85	26.28	26.38	23.49
GCT	21	24.01	26.65	25.58	23.77
GCT	22	23.64	26.68	26.78	22.91
GCT	23	23.99	26.12	26.12	23.77
GCT	24	23.54	26.90	25.59	23.97
GCT	25	23.26	27.17	26.77	22.81
GCT	26	24.11	26.08	26.32	23.49
GCT	27	23.71	27.00	25.57	23.72
GCT	28	23.45	26.96	26.75	22.84
GCT	29	24.03	26.24	26.22	23.52
GCT	30	23.61	27.15	25.60	23.64
GCT	31	23.61	26.80	26.74	22.85
GCT	32	24.05	26.20	26.29	23.46
GCT	33	23.65	27.11	25.53	23.72
GCT	34	23.44	27.09	26.75	22.73
GCT	35	24.08	26.29	26.23	23.41
GCT	36	23.65	26.94	25.66	23.74
GCT	37	23.50	26.93	26.69	22.88
GCT	38	23.92	26.26	26.33	23.49
GCT	39	23.81	26.87	25.66	23.66
GCT	40	23.37	26.86	26.88	22.88
GCT	41	23.98	26.18	26.18	23.67
GCT	42	23.74	26.74	25.65	23.87
GCT	43	23.33	26.94	26.84	22.88
GCT	44	24.02	26.27	26.30	23.41
GCT	45	23.63	26.93	25.61	23.84
GCT	46	23.34	27.05	26.82	22.79
GCT	47	23.93	26.28	26.25	23.54
GCT	48	23.63	27.14	25.68	23.55
GCT	49	23.29	26.95	26.86	22.90
GCT	50	23.90	26.37	26.25	23.48
GCT	51	23.67	26.97	25.77	23.59
GCT	52	23.54	26.79	26.77	22.91
GCT	53	24.14	26.11	26.28	23.48
GCT	54	23.73	26.86	25.61	23.79
GCT	55	23.45	26.91	26.73	22.91
GCT	56	24.08	26.23	26.17	23.52
GCT	57	23.73	26.81	25.66	23.80
GCT	58	23.41	26.91	26.83	22.85
GCT	59	23.97	26.05	26.32	23.67
GCT	60	23.64	26.92	25.72	23.73
GCT	61	23.36	26.97	26.76	22.90
GCT	62	23.95	26.22	26.34	23.49
GCT	63	23.69	26.88	25.66	23.77
GCT	64	23.22	26.99	26.78	23.02
GCT	65	23.89	26.26	26.27	23.58
GCT	66	23.61	26.85	25.76	23.78
GCT	67	23.35	26.95	26.91	22.80
GCT	68	24.12	26.01	26.39	23.48
GCT	69	23.71	26.66	25.74	23.89
GCT	70	23.23	26.92	26.79	23.07
GCT	71	23.81	26.06	26.55	23.58
GCT	72	23.54	26.71	25.96	23.79
GCT	73	23.31	26.90	26.96	22.83
GCT	74	23.89	25.96	26.49	23.67
GCT	75	23.66	26.72	25.98	23.64
GCT	76	23.27	26.95	27.00	22.79
GCT	77	23.97	26.08	26.53	23.42
GCT	78	23.78	26.74	25.85	23.64
GCT	79	23.30	26.69	26.92	23.08
GCT	80	23.85	26.16	26.46	23.54
GCT	81	23.61	26.87	25.74	23.79
GCT	82	23.36	26.86	26.86	22.91
GCT	83	23.80	26.06	26.60	23.54
GCT	84	23.56	26.76	26.02	23.66
GCT	85	23.32	26.78	26.94	22.96
GCT	86	23.85	26.13	26.50	23.52
GCT	87	23.68	26.70	25.96	23.66
GCT	88	23.27	26.89	26.93	22.91
GCT	89	23.95	26.19	26.33	23.53
GCT	90	23.49	26.74	25.97	23.81
GCT	91	23.09	26.98	26.98	22.96
GCT	92	23.78	26.13	26.60	23.48
GCT	93	23.61	26.80	25.88	23.71
GCT	94	23.33	26.91	26.80	22.96
GCT	95	23.80	26.09	26.50	23.61
GCT	96	23.51	26.75	25.94	23.80
GCT	97	23.15	26.79	26.93	23.13
GCT	98	23.80	26.02	26.56	23.62
GCT	99	23.49	26.67	26.01	23.83
GCT	100	23.26	26.74	26.93	23.07
GCT	101	23.84	26.12	26.56	23.48
GCT	102	23.41	26.80	25.87	23.92
GCT	103	23.32	26.78	26.90	22.99
GCT	104	23.88	25.93	26.59	23.59
GCT	105	23.57	26.56	26.15	23.73
GCT	106	23.37	26.58	26.96	23.08
GCT	107	23.71	26.08	26.64	23.57
GCT	108	23.51	26.89	25.94	23.67
GCT	109	23.25	26.70	26.94	23.11
GCT	110	23.74	26.18	26.57	23.50
GCT	111	23.60	26.64	26.04	23.73
GCT	112	23.12	26.71	27.11	23.05
GCT	113	23.59	26.26	26.71	23.44
GCT	114	23.39	26.72	26.02	23.86
GCT	115	23.12	26.83	27.03	23.01
GCT	116	23.77	26.04	26.49	23.70
GCT	117	23.43	26.65	26.14	23.77
GCT	118	23.32	26.76	26.97	22.96
GCT	119	23.67	26.04	26.68	23.61
GCT	120	23.41	26.75	26.18	23.66
GCT	121	23.16	26.77	26.97	23.10
GCT	122	23.66	26.26	26.66	23.42
GCT	123	23.49	26.74	26.06	23.71
GCT	124	23.18	26.82	27.10	22.90
GCT	125	23.81	26.15	26.69	23.36
GCT	126	23.37	26.78	25.95	23.90
GCT	127	23.15	26.86	27.11	22.88
GCT	128	23.80	26.11	26.57	23.52
GCT	129	23.37	26.70	26.23	23.71
GCT	130	23.22	26.76	27.07	22.95
GCT	131	23.68	26.20	26.61	23.50
GCT	132	23.42	26.76	26.13	23.68
GCT	133	23.14	26.80	27.14	22.91
GCT	134	23.79	26.06	26.64	23.50
GCT	135	23.50	26.60	26.17	23.73
GCT	136	23.17	26.74	27.17	22.92
GCT	137	23.66	25.94	26.80	23.59
GCT	138	23.42	26.57	26.36	23.65
GCT	139	23.17	26.67	27.20	22.96
GCT	140	23.69	26.23	26.76	23.32
GCT	141	23.38	26.66	26.44	23.53
GCT	142	23.36	26.83	26.97	22.83
GCT	143	23.75	26.05	26.73	23.47
GCT	144	23.42	26.67	26.17	23.74
GCT	145	23.21	26.77	27.01	23.01
GCT	146	23.79	26.13	26.57	23.51
GCT	147	23.34	26.68	26.18	23.79
GCT	148	23.27	26.74	27.10	22.89
GCT	149	23.67	26.16	26.75	23.42
GCT	150	23.60	26.65	26.07	23.68
GCT	151	23.28	26.64	27.11	22.97
# ACGT content per cycle for first fragments. Use `grep ^FBC | cut -f 2-` to extract this part. The columns are: cycle; A,C,G,T base counts as a percentage of all A/C/G/T bases [%]; and N and O counts as a percentage of all A/C/G/T bases [%]
FBC	1	14.16	36.51	36.92	12.42	0.00	0.00
FBC	2	25.11	24.29	24.83	25.77	0.00	0.00
FBC	3	24.66	25.47	24.62	25.25	0.00	0.00
FBC	4	24.54	26.47	25.91	23.08	0.06	0.00
FBC	5	27.12	23.84	24.13	24.92	0.00	0.00
FBC	6	27.13	24.29	23.67	24.91	0.00	0.00
FBC	7	24.37	25.00	24.20	26.43	0.00	0.00
FBC	8	22.63	28.09	26.35	22.93	0.00	0.00
FBC	9	23.22	27.25	26.00	23.53	0.00	0.00
FBC	10	26.88	24.13	23.82	25.17	0.00	0.00
FBC	11	21.12	29.76	28.88	20.23	0.00	0.00
FBC	12	21.85	28.51	27.79	21.85	0.00	0.00
FBC	13	23.41	27.04	26.28	23.26	0.00	0.00
FBC	14	24.06	26.58	25.69	23.67	0.00	0.00
FBC	15	23.94	26.60	25.96	23.49	0.00	0.00
FBC	16	23.54	27.20	26.62	22.64	0.01	0.00
FBC	17	23.70	26.86	26.22	23.22	0.00	0.00
FBC	18	24.13	26.48	25.91	23.48	0.00	0.00
FBC	19	23.36	27.14	26.48	23.03	0.00	0.00
FBC	20	23.60	27.03	26.13	23.24	0.00	0.00
FBC	21	24.44	26.28	25.69	23.58	0.00	0.00
FBC	22	23.62	26.78	26.27	23.33	0.00	0.00
FBC	23	23.98	26.56	25.90	23.56	0.00	0.00
FBC	24	24.05	26.52	25.84	23.59	0.00	0.00
FBC	25	23.12	27.35	26.39	23.14	0.00	0.00
FBC	26	24.06	26.59	26.05	23.29	0.00	0.00
FBC	27	24.15	26.47	25.68	23.70	0.00	0.00
FBC	28	23.50	26.99	26.31	23.20	0.00	0.00
FBC	29	24.14	26.51	25.99	23.36	0.00	0.00
FBC	30	24.08	26.65	25.83	23.44	0.00	0.00
FBC	31	23.81	26.86	26.19	23.14	0.00	0.00
FBC	32	24.04	26.73	25.79	23.43	0.00	0.00
FBC	33	24.09	26.39	25.70	23.81	0.00	0.00
FBC	34	23.60	27.19	26.22	23.00	0.00	0.00
FBC	35	24.11	26.70	25.91	23.28	0.00	0.00
FBC	36	24.26	26.46	25.65	23.63	0.00	0.00
FBC	37	23.61	26.88	26.38	23.13	0.00	0.00
FBC	38	23.94	26.72	26.03	23.31	0.00	0.00
FBC	39	24.26	26.63	25.61	23.50	0.00	0.00
FBC	40	23.62	27.21	26.24	22.93	0.00	0.00
FBC	41	23.90	26.56	25.91	23.64	0.00	0.00
FBC	42	24.23	26.40	25.57	23.81	0.00	0.00
FBC	43	23.43	27.00	26.47	23.10	0.00	0.00
FBC	44	23.88	26.75	25.98	23.39	0.00	0.00
FBC	45	24.01	26.42	25.76	23.81	0.00	0.00
FBC	46	23.47	27.18	26.29	23.06	0.00	0.00
FBC	47	24.03	26.53	26.05	23.39	0.00	0.00
FBC	48	23.93	26.58	25.89	23.60	0.00	0.00
FBC	49	23.39	27.00	26.55	23.06	0.00	0.00
FBC	50	23.76	26.79	26.03	23.42	0.00	0.00
FBC	51	24.13	26.49	25.86	23.53	0.00	0.00
FBC	52	23.71	26.79	26.36	23.15	0.00	0.00
FBC	53	24.06	26.57	25.98	23.38	0.01	0.00
FBC	54	24.16	26.50	25.77	23.57	0.09	0.00
FBC	55	23.38	27.11	26.32	23.20	0.01	0.00
FBC	56	23.98	26.48	26.04	23.50	0.00	0.00
FBC	57	24.19	26.22	25.94	23.65	0.00	0.00
FBC	58	23.47	27.09	26.37	23.06	0.00	0.00
FBC	59	24.02	26.33	26.09	23.55	0.00	0.00
FBC	60	24.12	26.52	25.85	23.51	0.00	0.00
FBC	61	23.43	27.18	26.41	22.99	0.00	0.00
FBC	62	24.05	26.44	26.13	23.37	0.00	0.00
FBC	63	24.14	26.25	25.94	23.67	0.00	0.00
FBC	64	23.34	26.86	26.64	23.16	0.00	0.00
FBC	65	23.72	26.68	26.11	23.49	0.00	0.00
FBC	66	24.00	26.46	25.83	23.71	0.00	0.00
FBC	67	23.19	27.16	26.58	23.07	0.00	0.00
FBC	68	24.13	26.33	26.20	23.34	0.00	0.00
FBC	69	24.14	26.22	25.92	23.73	0.00	0.00
FBC	70	23.28	27.03	26.51	23.19	0.00	0.00
FBC	71	23.74	26.50	26.46	23.29	0.00	0.00
FBC	72	23.97	26.41	26.09	23.52	0.00	0.00
FBC	73	23.45	26.93	26.69	22.92	0.00	0.00
FBC	74	23.65	26.42	26.26	23.67	0.00	0.00
FBC	75	23.95	26.41	26.07	23.58	0.00	0.00
FBC	76	23.29	27.08	26.65	22.98	0.00	0.00
FBC	77	23.62	26.68	26.16	23.54	0.00	0.00
FBC	78	24.07	26.31	26.01	23.61	0.00	0.00
FBC	79	23.25	26.90	26.54	23.31	0.00	0.00
FBC	80	23.76	26.74	26.07	23.43	0.00	0.00
FBC	81	24.04	26.39	25.91	23.66	0.00	0.00
FBC	82	23.38	26.99	26.59	23.04	0.00	0.00
FBC	83	23.56	26.60	26.37	23.47	0.00	0.00
FBC	84	23.94	26.55	26.02	23.49	0.00	0.00
FBC	85	23.34	26.95	26.70	23.01	0.00	0.00
FBC	86	23.68	26.75	26.26	23.31	0.00	0.00
FBC	87	23.98	26.54	25.92	23.55	0.00	0.00
FBC	88	23.24	27.09	26.55	23.12	0.00	0.00
FBC	89	23.77	26.65	26.23	23.35	0.00	0.00
FBC	90	23.78	26.50	26.28	23.43	0.00	0.00
FBC	91	22.93	27.40	26.56	23.11	0.00	0.00
FBC	92	23.55	26.85	26.31	23.29	0.00	0.00
FBC	93	23.78	26.49	26.16	23.57	0.00	0.00
FBC	94	23.42	26.92	26.75	22.91	0.00	0.00
FBC	95	23.58	26.60	26.36	23.47	0.00	0.00
FBC	96	23.57	26.48	26.02	23.93	0.00	0.00
FBC	97	22.94	27.02	26.70	23.34	0.00	0.00
FBC	98	23.36	26.70	26.21	23.73	0.00	0.00
FBC	99	23.55	26.39	26.23	23.83	0.00	0.00
FBC	100	23.01	26.90	26.63	23.47	0.00	0.00
FBC	101	23.51	26.69	26.33	23.46	0.00	0.00
FBC	102	23.59	26.47	26.04	23.90	0.00	0.00
FBC	103	23.09	27.06	26.49	23.36	0.00	0.00
FBC	104	23.50	26.53	26.26	23.71	0.00	0.00
FBC	105	23.67	26.38	26.26	23.70	0.00	0.00
FBC	106	23.20	26.98	26.54	23.28	0.00	0.00
FBC	107	23.39	26.73	26.27	23.61	0.00	0.00
FBC	108	23.70	26.66	26.10	23.54	0.00	0.00
FBC	109	23.27	26.89	26.55	23.29	0.00	0.00
FBC	110	23.50	26.60	26.50	23.40	0.00	0.00
FBC	111	23.82	26.42	26.13	23.63	0.00	0.00
FBC	112	22.94	27.11	26.74	23.22	0.00	0.00
FBC	113	23.28	27.04	26.46	23.22	0.00	0.00
FBC	114	23.48	26.50	26.09	23.93	0.01	0.00
FBC	115	23.00	27.27	26.81	22.92	0.00	0.00
FBC	116	23.49	26.72	26.13	23.65	0.00	0.00
FBC	117	23.59	26.55	26.27	23.60	0.00	0.00
FBC	118	23.12	27.16	26.65	23.07	0.00	0.00
FBC	119	23.50	26.85	26.21	23.45	0.00	0.00
FBC	120	23.57	26.78	26.26	23.40	0.00	0.00
FBC	121	23.07	27.15	26.64	23.15	0.00	0.00
FBC	122	23.38	27.20	26.31	23.11	0.00	0.00
FBC	123	24.01	26.61	26.16	23.23	0.00	0.00
FBC	124	23.15	27.26	26.78	22.81	0.00	0.00
FBC	125	23.52	26.98	26.28	23.21	0.00	0.00
FBC	126	23.73	26.69	26.01	23.57	0.00	0.00
FBC	127	22.96	27.32	26.86	22.86	0.00	0.00
FBC	128	23.53	26.85	26.45	23.17	0.00	0.00
FBC	129	23.64	26.59	26.35	23.42	0.00	0.00
FBC	130	23.26	26.99	26.93	22.82	0.00	0.00
FBC	131	23.44	26.96	26.35	23.26	0.00	0.00
FBC	132	23.44	26.64	26.49	23.43	0.00	0.00
FBC	133	22.99	27.37	26.76	22.89	0.00	0.00
FBC	134	23.46	26.71	26.41	23.41	0.00	0.00
FBC	135	23.64	26.59	26.18	23.59	0.00	0.00
FBC	136	23.06	27.37	26.72	22.85	0.00	0.00
FBC	137	23.48	26.76	26.41	23.34	0.00	0.00
FBC	138	23.65	26.55	26.45	23.36	0.00	0.00
FBC	139	23.18	27.07	26.89	22.86	0.00	0.00
FBC	140	23.45	27.00	26.41	23.14	0.00	0.00
FBC	141	23.53	26.77	26.49	23.21	0.00	0.00
FBC	142	23.37	27.17	26.61	22.86	0.00	0.00
FBC	143	23.61	26.73	26.47	23.18	0.00	0.00
FBC	144	23.73	26.54	26.36	23.37	0.00	0.00
FBC	145	23.19	27.22	26.63	22.95	0.00	0.00
FBC	146	23.63	26.88	26.29	23.21	0.06	0.00
FBC	147	23.74	26.64	26.27	23.36	0.00	0.00
FBC	148	23.25	27.29	26.68	22.78	0.00	0.00
FBC	149	23.52	27.00	26.39	23.10	0.00	0.00
FBC	150	23.85	26.61	26.14	23.40	0.00	0.00
FBC	151	23.33	27.09	26.69	22.88	0.00	0.00
# ACGT raw counters for first fragments. Use `grep ^FTC | cut -f 2-` to extract this part. The columns are: A,C,G,T,N base counters
FTC	807560955	914881556	897348396	796850159	64336
# ACGT content per cycle for last fragments. Use `grep ^LBC | cut -f 2-` to extract this part. The columns are: cycle; A,C,G,T base counts as a percentage of all A/C/G/T bases [%]; and N and O counts as a percentage of all A/C/G/T bases [%]
LBC	1	7.87	41.92	42.21	8.00	0.00	0.00
LBC	2	22.72	27.08	27.36	22.84	0.00	0.00
LBC	3	19.52	30.23	30.47	19.78	0.00	0.00
LBC	4	20.91	28.71	29.21	21.17	0.00	0.00
LBC	5	24.73	24.95	25.12	25.20	0.00	0.00
LBC	6	25.17	24.69	24.77	25.37	0.00	0.00
LBC	7	28.52	21.15	21.27	29.06	0.00	0.00
LBC	8	25.39	24.59	24.43	25.59	0.00	0.00
LBC	9	25.42	24.29	24.55	25.74	0.00	0.00
LBC	10	27.20	22.46	22.66	27.68	0.00	0.00
LBC	11	21.90	27.89	28.26	21.94	0.00	0.00
LBC	12	22.44	27.43	27.61	22.51	0.00	0.00
LBC	13	23.08	26.68	26.93	23.31	0.00	0.00
LBC	14	24.37	25.67	25.83	24.13	0.00	0.00
LBC	15	23.72	26.16	26.52	23.61	0.00	0.00
LBC	16	23.02	26.96	27.23	22.78	0.00	0.00
LBC	17	23.90	26.19	26.22	23.69	0.00	0.00
LBC	18	23.82	26.13	26.47	23.58	0.00	0.00
LBC	19	23.04	26.99	27.05	22.93	0.00	0.00
LBC	20	23.90	25.76	26.39	23.94	0.00	0.00
LBC	21	23.67	26.04	26.44	23.85	0.00	0.00
LBC	22	23.04	26.85	27.01	23.10	0.00	0.00
LBC	23	24.05	25.89	26.13	23.92	0.00	0.00
LBC	24	23.55	26.38	26.25	23.83	0.00	0.00
LBC	25	22.86	26.95	27.17	23.01	0.00	0.00
LBC	26	23.98	26.02	26.13	23.86	0.00	0.00
LBC	27	23.43	26.47	26.52	23.57	0.00	0.00
LBC	28	22.89	27.00	27.11	23.00	0.00	0.00
LBC	29	23.72	26.12	26.29	23.88	0.00	0.00
LBC	30	23.39	26.46	26.56	23.59	0.00	0.00
LBC	31	22.83	26.76	27.28	23.14	0.00	0.00
LBC	32	23.71	26.06	26.40	23.83	0.00	0.00
LBC	33	23.43	26.39	26.79	23.40	0.00	0.00
LBC	34	22.94	26.91	27.36	22.80	0.00	0.00
LBC	35	23.90	26.09	26.33	23.67	0.00	0.00
LBC	36	23.44	26.24	26.86	23.46	0.00	0.00
LBC	37	22.95	26.80	27.18	23.08	0.00	0.00
LBC	38	23.82	25.99	26.44	23.75	0.00	0.00
LBC	39	23.61	26.30	26.53	23.55	0.00	0.00
LBC	40	22.88	26.93	27.10	23.09	0.00	0.00
LBC	41	23.88	25.93	26.31	23.88	0.00	0.00
LBC	42	23.56	26.27	26.54	23.63	0.00	0.00
LBC	43	22.85	26.88	27.22	23.05	0.00	0.00
LBC	44	23.73	26.16	26.25	23.86	0.00	0.00
LBC	45	23.47	26.30	26.59	23.65	0.00	0.00
LBC	46	22.71	27.09	27.18	23.01	0.00	0.00
LBC	47	23.63	26.12	26.35	23.89	0.00	0.00
LBC	48	23.39	26.35	26.82	23.45	0.00	0.00
LBC	49	22.65	26.87	27.20	23.28	0.00	0.00
LBC	50	23.68	26.06	26.36	23.90	0.00	0.00
LBC	51	23.29	26.45	26.69	23.57	0.00	0.00
LBC	52	22.88	26.88	27.09	23.16	0.00	0.00
LBC	53	23.93	25.90	26.31	23.85	0.00	0.00
LBC	54	23.77	26.17	26.52	23.54	0.00	0.00
LBC	55	22.94	26.70	27.16	23.20	0.00	0.00
LBC	56	23.85	25.86	26.42	23.87	0.00	0.00
LBC	57	23.75	26.26	26.51	23.47	0.00	0.00
LBC	58	22.95	26.86	27.15	23.04	0.00	0.00
LBC	59	23.78	26.06	26.24	23.92	0.00	0.00
LBC	60	23.58	26.28	26.62	23.52	0.00	0.00
LBC	61	22.91	26.86	27.03	23.20	0.00	0.00
LBC	62	23.69	26.26	26.29	23.75	0.00	0.00
LBC	63	23.41	26.21	26.68	23.70	0.00	0.00
LBC	64	22.95	26.83	27.20	23.02	0.00	0.00
LBC	65	23.70	25.98	26.29	24.03	0.00	0.00
LBC	66	23.44	26.14	26.78	23.64	0.00	0.00
LBC	67	23.06	26.81	27.17	22.97	0.00	0.00
LBC	68	24.12	26.00	26.26	23.62	0.00	0.00
LBC	69	23.76	26.08	26.60	23.56	0.00	0.00
LBC	70	23.17	26.72	27.15	22.96	0.00	0.00
LBC	71	23.93	26.03	26.22	23.82	0.00	0.00
LBC	72	23.54	26.22	26.61	23.63	0.00	0.00
LBC	73	23.04	26.96	27.13	22.87	0.00	0.00
LBC	74	23.97	26.10	26.10	23.83	0.00	0.00
LBC	75	23.43	26.38	26.55	23.64	0.00	0.00
LBC	76	22.99	27.08	27.08	22.85	0.00	0.00
LBC	77	23.74	26.16	26.22	23.88	0.00	0.00
LBC	78	23.55	26.33	26.53	23.60	0.00	0.00
LBC	79	23.04	26.86	26.94	23.16	0.00	0.00
LBC	80	23.91	26.24	26.17	23.67	0.00	0.00
LBC	81	23.70	26.42	26.50	23.38	0.00	0.00
LBC	82	23.05	26.81	27.06	23.08	0.00	0.00
LBC	83	23.92	26.07	26.28	23.74	0.00	0.00
LBC	84	23.52	26.30	26.69	23.49	0.00	0.00
LBC	85	23.04	26.73	27.06	23.17	0.00	0.00
LBC	86	23.86	26.09	26.16	23.89	0.00	0.00
LBC	87	23.55	26.20	26.66	23.59	0.00	0.00
LBC	88	22.95	26.86	27.14	23.05	0.00	0.00
LBC	89	24.05	26.06	26.10	23.79	0.00	0.00
LBC	90	23.83	26.29	26.34	23.54	0.00	0.00
LBC	91	23.04	27.01	26.95	23.01	0.00	0.00
LBC	92	23.99	26.08	26.23	23.70	0.00	0.00
LBC	93	23.68	26.10	26.60	23.62	0.00	0.00
LBC	94	23.16	26.79	26.95	23.10	0.00	0.00
LBC	95	23.97	25.94	26.28	23.82	0.00	0.00
LBC	96	23.65	26.12	26.76	23.47	0.00	0.00
LBC	97	23.25	26.65	27.06	23.04	0.00	0.00
LBC	98	23.86	26.00	26.26	23.88	0.00	0.00
LBC	99	23.57	26.23	26.52	23.68	0.00	0.00
LBC	100	22.96	26.74	27.08	23.22	0.00	0.00
LBC	101	23.75	26.01	26.33	23.91	0.00	0.00
LBC	102	23.65	26.15	26.68	23.53	0.00	0.00
LBC	103	23.05	26.79	27.02	23.14	0.00	0.00
LBC	104	23.90	26.13	26.12	23.85	0.00	0.00
LBC	105	23.51	26.08	26.69	23.72	0.00	0.00
LBC	106	23.41	26.53	27.04	23.03	0.00	0.00
LBC	107	23.83	26.03	26.41	23.73	0.00	0.00
LBC	108	23.53	26.23	26.65	23.59	0.00	0.00
LBC	109	23.17	26.81	27.04	22.98	0.00	0.00
LBC	110	23.74	26.13	26.28	23.85	0.00	0.00
LBC	111	23.65	26.29	26.51	23.55	0.00	0.00
LBC	112	23.02	26.82	26.99	23.16	0.00	0.00
LBC	113	23.83	26.18	26.27	23.72	0.00	0.00
LBC	114	23.60	26.23	26.67	23.50	0.00	0.00
LBC	115	23.14	26.67	26.98	23.20	0.00	0.00
LBC	116	24.08	26.16	26.06	23.70	0.00	0.00
LBC	117	23.78	26.28	26.50	23.45	0.00	0.00
LBC	118	23.17	26.82	26.81	23.19	0.00	0.00
LBC	119	23.80	26.06	26.34	23.79	0.00	0.00
LBC	120	23.65	26.29	26.54	23.52	0.00	0.00
LBC	121	23.02	26.81	26.88	23.29	0.00	0.00
LBC	122	23.85	26.15	26.18	23.81	0.00	0.00
LBC	123	23.53	26.30	26.54	23.64	0.00	0.00
LBC	124	23.17	26.88	26.93	23.01	0.00	0.00
LBC	125	23.81	26.26	26.14	23.79	0.00	0.00
LBC	126	23.82	26.10	26.66	23.41	0.00	0.00
LBC	127	23.29	26.73	27.03	22.96	0.00	0.00
LBC	128	24.12	26.01	26.04	23.83	0.00	0.00
LBC	129	23.63	26.39	26.52	23.46	0.00	0.00
LBC	130	23.25	26.81	26.95	23.00	0.00	0.00
LBC	131	24.06	26.14	26.18	23.62	0.00	0.00
LBC	132	23.87	26.26	26.39	23.47	0.00	0.00
LBC	133	23.20	26.90	26.86	23.05	0.00	0.00
LBC	134	23.97	26.29	25.99	23.75	0.00	0.00
LBC	135	23.68	26.29	26.47	23.56	0.00	0.00
LBC	136	23.29	26.76	26.97	22.98	0.00	0.00
LBC	137	23.99	25.99	26.33	23.69	0.00	0.00
LBC	138	23.80	26.30	26.56	23.34	0.00	0.00
LBC	139	23.22	26.80	26.99	22.99	0.00	0.00
LBC	140	23.90	26.21	26.36	23.54	0.00	0.00
LBC	141	23.58	26.34	26.60	23.49	0.00	0.00
LBC	142	23.14	26.96	26.86	23.03	0.00	0.00
LBC	143	23.85	26.16	26.19	23.80	0.00	0.00
LBC	144	23.81	26.30	26.49	23.40	0.00	0.00
LBC	145	23.12	26.86	26.84	23.18	0.00	0.00
LBC	146	23.93	25.88	26.36	23.83	0.00	0.00
LBC	147	23.67	26.32	26.49	23.51	0.00	0.00
LBC	148	23.33	26.68	27.03	22.95	0.00	0.00
LBC	149	23.79	26.00	26.44	23.77	0.00	0.00
LBC	150	23.82	26.25	26.45	23.48	0.00	0.00
LBC	151	23.24	26.70	27.02	23.04	0.00	0.00
# ACGT raw counters for last fragments. Use `grep ^LTC | cut -f 2-` to extract this part. The columns are: A,C,G,T,N base counters
LTC	800850233	903740110	911988862	800534330	3158
# Insert sizes. Use `grep ^IS | cut -f 2-` to extract this part. The columns are: insert size, pairs total, inward oriented pairs, outward oriented pairs, other pairs
IS	0	10511	2789	4662	3060
IS	1	0	0	0	0
IS	2	0	0	0	0
IS	3	0	0	0	0
IS	4	0	0	0	0
IS	5	0	0	0	0
IS	6	0	0	0	0
IS	7	0	0	0	0
IS	8	0	0	0	0
IS	9	0	0	0	0
IS	10	0	0	0	0
IS	11	0	0	0	0
IS	12	0	0	0	0
IS	13	0	0	0	0
IS	14	0	0	0	0
IS	15	0	0	0	0
IS	16	0	0	0	0
IS	17	0	0	0	0
IS	18	0	0	0	0
IS	19	0	0	0	0
IS	20	0	0	0	0
IS	21	0	0	0	0
IS	22	0	0	0	0
IS	23	0	0	0	0
IS	24	0	0	0	0
IS	25	0	0	0	0
IS	26	0	0	0	0
IS	27	0	0	0	0
IS	28	0	0	0	0
IS	29	0	0	0	0
IS	30	0	0	0	0
IS	31	0	0	0	0
IS	32	0	0	0	0
IS	33	0	0	0	0
IS	34	0	0	0	0
IS	35	42	20	22	0
IS	36	55	32	23	0
IS	37	71	37	34	0
IS	38	83	43	40	0
IS	39	79	43	36	0
IS	40	109	57	52	0
IS	41	118	62	56	0
IS	42	104	56	48	0
IS	43	106	61	45	0
IS	44	102	49	53	0
IS	45	126	60	66	0
IS	46	118	61	57	0
IS	47	152	82	70	0
IS	48	157	89	68	0
IS	49	225	108	117	0
IS	50	253	128	125	0
IS	51	295	167	128	0
IS	52	277	145	132	0
IS	53	294	156	138	0
IS	54	313	184	129	0
IS	55	319	170	149	0
IS	56	342	180	162	0
IS	57	402	217	185	0
IS	58	468	258	210	0
IS	59	559	299	260	0
IS	60	620	344	276	0
IS	61	732	372	360	0
IS	62	751	444	307	0
IS	63	822	437	385	0
IS	64	896	469	427	0
IS	65	940	498	442	0
IS	66	1114	614	500	0
IS	67	1222	669	553	0
IS	68	1369	700	669	0
IS	69	1567	836	731	0
IS	70	1741	969	772	0
IS	71	2014	1102	912	0
IS	72	2271	1205	1066	0
IS	73	2508	1348	1160	0
IS	74	2720	1521	1199	0
IS	75	3024	1626	1398	0
IS	76	3500	1888	1612	0
IS	77	3705	1987	1718	0
IS	78	4232	2268	1964	0
IS	79	4560	2439	2121	0
IS	80	5181	2825	2356	0
IS	81	6012	3311	2701	0
IS	82	6763	3643	3120	0
IS	83	7519	4000	3519	0
IS	84	8282	4462	3820	0
IS	85	9231	4959	4272	0
IS	86	10155	5516	4639	0
IS	87	11363	6195	5168	0
IS	88	12264	6603	5661	0
IS	89	13492	7320	6172	0
IS	90	15095	8115	6980	0
IS	91	16781	9111	7670	0
IS	92	18014	9681	8333	0
IS	93	19985	10770	9215	0
IS	94	22641	12230	10411	0
IS	95	24025	12920	11105	0
IS	96	25592	13862	11730	0
IS	97	27840	14996	12844	0
IS	98	29849	16148	13701	0
IS	99	31838	17212	14626	0
IS	100	35357	18940	16417	0
IS	101	37040	20080	16960	0
IS	102	40184	21514	18670	0
IS	103	43432	23333	20099	0
IS	104	45179	24162	21017	0
IS	105	48343	25990	22353	0
IS	106	51276	27568	23708	0
IS	107	53010	28491	24519	0
IS	108	55785	29824	25961	0
IS	109	58728	31477	27251	0
IS	110	60169	32106	28063	0
IS	111	64145	34445	29700	0
IS	112	68999	36832	32167	0
IS	113	71193	38219	32974	0
IS	114	75297	40075	35222	0
IS	115	77688	41621	36067	0
IS	116	78729	42092	36637	0
IS	117	81741	44142	37599	0
IS	118	83448	44541	38907	0
IS	119	84007	44881	39126	0
IS	120	88209	47142	41067	0
IS	121	90764	48833	41931	0
IS	122	94303	50129	44174	0
IS	123	95458	51000	44458	0
IS	124	99591	53801	45790	0
IS	125	101582	54672	46910	0
IS	126	103442	55087	48355	0
IS	127	105864	57164	48700	0
IS	128	105198	56499	48699	0
IS	129	106971	57373	49598	0
IS	130	110001	59327	50674	0
IS	131	110441	59605	50836	0
IS	132	113017	61119	51898	0
IS	133	116298	62573	53725	0
IS	134	118389	63584	54805	0
IS	135	119594	64384	55210	0
IS	136	122218	66196	56022	0
IS	137	121557	65571	55986	0
IS	138	121312	65700	55612	0
IS	139	123234	66022	57212	0
IS	140	121988	65542	56446	0
IS	141	123248	66258	56990	0
IS	142	125888	67910	57978	0
IS	143	126377	68562	57815	0
IS	144	128024	69146	58878	0
IS	145	130621	70018	60603	0
IS	146	128792	69279	59513	0
IS	147	129679	70139	59540	0
IS	148	129874	70138	59736	0
IS	149	127355	69047	58308	0
IS	150	128579	69855	58724	0
IS	151	137528	78131	59397	0
IS	152	141069	134750	6319	0
IS	153	144215	140362	3853	0
IS	154	146462	143945	2517	0
IS	155	144745	142687	2058	0
IS	156	146433	144801	1632	0
IS	157	145612	144153	1459	0
IS	158	143931	142409	1522	0
IS	159	142156	140729	1427	0
IS	160	143629	142301	1328	0
IS	161	141615	140303	1312	0
IS	162	144078	142748	1330	0
IS	163	144204	142842	1362	0
IS	164	144697	143373	1324	0
IS	165	145135	143760	1375	0
IS	166	145774	144345	1429	0
IS	167	145230	143702	1528	0
IS	168	144618	143161	1457	0
IS	169	142597	140986	1611	0
IS	170	140599	138851	1748	0
IS	171	140652	138727	1925	0
IS	172	141741	139926	1815	0
IS	173	140271	138282	1989	0
IS	174	141550	139676	1874	0
IS	175	142166	140072	2094	0
IS	176	141307	139039	2268	0
IS	177	139770	137584	2186	0
IS	178	139608	137237	2371	0
IS	179	138163	135595	2568	0
IS	180	136275	133680	2595	0
IS	181	137256	134672	2584	0
IS	182	133800	131158	2642	0
IS	183	135044	132343	2701	0
IS	184	135423	132526	2897	0
IS	185	134505	131592	2913	0
IS	186	135667	132596	3071	0
IS	187	136990	133740	3250	0
IS	188	134747	131617	3130	0
IS	189	132604	129337	3267	0
IS	190	131545	128106	3439	0
IS	191	129495	126005	3490	0
IS	192	129896	126129	3767	0
IS	193	129587	125762	3825	0
IS	194	128375	124668	3707	0
IS	195	129307	125232	4075	0
IS	196	129830	125727	4103	0
IS	197	127358	123414	3944	0
IS	198	126831	122746	4085	0
IS	199	127053	122896	4157	0
IS	200	123154	119216	3938	0
IS	201	123156	118973	4183	0
IS	202	122856	119002	3854	0
IS	203	119922	115829	4093	0
IS	204	119924	115837	4087	0
IS	205	119540	115518	4022	0
IS	206	117711	113801	3910	0
IS	207	116378	112563	3815	0
IS	208	116359	112574	3785	0
IS	209	113081	109297	3784	0
IS	210	110112	106631	3481	0
IS	211	109101	105807	3294	0
IS	212	106112	102805	3307	0
IS	213	104585	101852	2733	0
IS	214	103930	101353	2577	0
IS	215	101863	99337	2526	0
IS	216	100270	97991	2279	0
IS	217	99288	97278	2010	0
IS	218	98410	96179	2231	0
IS	219	95881	93817	2064	0
IS	220	95011	93283	1728	0
IS	221	91623	90054	1569	0
IS	222	89249	87789	1460	0
IS	223	90150	88740	1410	0
IS	224	87380	85994	1386	0
IS	225	86801	85565	1236	0
IS	226	87128	85945	1183	0
IS	227	85540	84286	1254	0
IS	228	85282	84086	1196	0
IS	229	83822	82883	939	0
IS	230	81031	80128	903	0
IS	231	79711	78691	1020	0
IS	232	78411	77527	884	0
IS	233	77703	76790	913	0
IS	234	76500	75660	840	0
IS	235	76922	75957	965	0
IS	236	76179	75233	946	0
IS	237	75739	74873	866	0
IS	238	76448	75528	920	0
IS	239	74795	73816	979	0
IS	240	72718	71824	894	0
IS	241	71663	70785	878	0
IS	242	70239	69292	947	0
IS	243	69191	68308	883	0
IS	244	69770	68965	805	0
IS	245	68171	67315	856	0
IS	246	68309	67527	782	0
IS	247	68627	67765	862	0
IS	248	68262	67424	838	0
IS	249	67428	66523	905	0
IS	250	65570	64644	926	0
IS	251	64059	63172	887	0
IS	252	62444	61591	853	0
IS	253	62171	61278	893	0
IS	254	60491	59677	814	0
IS	255	59806	59078	728	0
IS	256	60351	59576	775	0
IS	257	59824	59126	698	0
IS	258	59430	58697	733	0
IS	259	58960	58284	676	0
IS	260	57739	56951	788	0
IS	261	57522	56784	738	0
IS	262	56182	55482	700	0
IS	263	54432	53738	694	0
IS	264	53830	53097	733	0
IS	265	53789	53078	711	0
IS	266	53185	52471	714	0
IS	267	53643	52940	703	0
IS	268	53056	52317	739	0
IS	269	52229	51468	761	0
IS	270	51507	50823	684	0
IS	271	50764	50124	640	0
IS	272	49440	48758	682	0
IS	273	48370	47719	651	0
IS	274	48136	47422	714	0
IS	275	47774	47129	645	0
IS	276	46951	46266	685	0
IS	277	47580	46930	650	0
IS	278	46485	45791	694	0
IS	279	46079	45334	745	0
IS	280	45184	44483	701	0
IS	281	44460	43870	590	0
IS	282	43246	42712	534	0
IS	283	42862	42307	555	0
IS	284	41741	41154	587	0
IS	285	41395	40892	503	0
IS	286	40920	40376	544	0
IS	287	40887	40330	557	0
IS	288	40240	39655	585	0
IS	289	39614	39085	529	0
IS	290	39305	38742	563	0
IS	291	39063	38502	561	0
IS	292	38485	37940	545	0
IS	293	37266	36634	632	0
IS	294	37293	36663	630	0
IS	295	36554	35994	560	0
IS	296	35698	35125	573	0
IS	297	36116	35558	558	0
IS	298	35883	35097	786	0
IS	299	35024	34348	676	0
IS	300	35526	34868	658	0
IS	301	34394	33776	618	0
IS	302	34105	33344	761	0
IS	303	33297	32565	732	0
IS	304	33001	32459	542	0
IS	305	31650	31063	587	0
IS	306	31713	31192	521	0
IS	307	30909	30414	495	0
IS	308	30258	29560	698	0
IS	309	30567	29985	582	0
IS	310	30644	30044	600	0
IS	311	29721	29233	488	0
IS	312	29414	28899	515	0
IS	313	28688	28185	503	0
IS	314	27884	27350	534	0
IS	315	27684	27160	524	0
IS	316	26805	26285	520	0
IS	317	26419	25908	511	0
IS	318	26034	25556	478	0
IS	319	25970	25431	539	0
IS	320	25350	24838	512	0
IS	321	25097	24579	518	0
IS	322	24920	24480	440	0
IS	323	24690	24160	530	0
IS	324	23832	23352	480	0
IS	325	23609	23143	466	0
IS	326	23059	22632	427	0
IS	327	22484	22033	451	0
IS	328	22090	21534	556	0
IS	329	22053	21559	494	0
IS	330	21742	21313	429	0
IS	331	21673	21253	420	0
IS	332	21412	20963	449	0
IS	333	21193	20626	567	0
IS	334	20561	20091	470	0
IS	335	20136	19616	520	0
IS	336	20257	19741	516	0
IS	337	19541	19111	430	0
IS	338	19632	19226	406	0
IS	339	18809	18352	457	0
IS	340	18626	18262	364	0
IS	341	18531	18129	402	0
IS	342	18390	17912	478	0
IS	343	18210	17803	407	0
IS	344	17745	17415	330	0
IS	345	17598	17261	337	0
IS	346	16789	16464	325	0
IS	347	16906	16622	284	0
IS	348	16137	15863	274	0
IS	349	16208	15955	253	0
IS	350	16296	16028	268	0
IS	351	15717	15448	269	0
IS	352	15884	15660	224	0
IS	353	15535	15267	268	0
IS	354	15344	15069	275	0
IS	355	15088	14803	285	0
IS	356	14180	13884	296	0
IS	357	14148	13847	301	0
IS	358	14056	13755	301	0
IS	359	13925	13609	316	0
IS	360	13557	13258	299	0
IS	361	13539	13236	303	0
IS	362	12947	12680	267	0
IS	363	13417	13133	284	0
IS	364	12738	12494	244	0
IS	365	12700	12451	249	0
IS	366	12663	12389	274	0
IS	367	12600	12283	317	0
IS	368	12378	12050	328	0
IS	369	12186	11916	270	0
IS	370	12006	11615	391	0
IS	371	11868	11509	359	0
IS	372	11718	11361	357	0
IS	373	11486	11143	343	0
IS	374	11346	11062	284	0
IS	375	11174	10909	265	0
IS	376	11137	10849	288	0
IS	377	11101	10832	269	0
IS	378	10772	10464	308	0
IS	379	10751	10417	334	0
IS	380	10386	10116	270	0
IS	381	9991	9705	286	0
IS	382	10222	9962	260	0
IS	383	9895	9587	308	0
IS	384	9731	9487	244	0
IS	385	9786	9512	274	0
IS	386	9500	9194	306	0
IS	387	9311	9032	279	0
IS	388	9063	8771	292	0
IS	389	9269	9074	195	0
IS	390	8907	8639	268	0
IS	391	8684	8428	256	0
IS	392	8548	8299	249	0
IS	393	8478	8203	275	0
IS	394	8477	8217	260	0
IS	395	8421	8172	249	0
IS	396	8346	8086	260	0
IS	397	8475	8229	246	0
IS	398	7976	7751	225	0
IS	399	7787	7591	196	0
IS	400	7808	7571	237	0
IS	401	7789	7533	256	0
IS	402	6894	6668	226	0
IS	403	6573	6377	196	0
IS	404	6703	6474	229	0
IS	405	6614	6402	212	0
IS	406	6458	6285	173	0
IS	407	6286	6116	170	0
IS	408	6151	5965	186	0
IS	409	6039	5910	129	0
IS	410	5733	5547	186	0
IS	411	5961	5814	147	0
IS	412	5846	5666	180	0
IS	413	5826	5635	191	0
IS	414	5650	5470	180	0
IS	415	5636	5468	168	0
IS	416	5595	5414	181	0
IS	417	5557	5375	182	0
IS	418	5183	5033	150	0
IS	419	5207	5050	157	0
IS	420	5410	5229	181	0
IS	421	5084	4901	183	0
IS	422	4997	4825	172	0
IS	423	5019	4847	172	0
IS	424	5074	4872	202	0
IS	425	4916	4650	266	0
IS	426	4982	4725	257	0
IS	427	4905	4681	224	0
IS	428	4928	4560	368	0
IS	429	4810	4412	398	0
IS	430	4817	4385	432	0
IS	431	4873	4356	517	0
IS	432	4634	4165	469	0
IS	433	4561	4129	432	0
IS	434	4597	4189	408	0
IS	435	4592	4217	375	0
IS	436	4585	4338	247	0
IS	437	4275	3955	320	0
IS	438	5038	3915	1123	0
IS	439	5001	3906	1095	0
IS	440	4560	3947	613	0
IS	441	4710	3779	931	0
IS	442	4832	3763	1069	0
IS	443	4353	3641	712	0
IS	444	3971	3586	385	0
IS	445	3943	3618	325	0
IS	446	3645	3365	280	0
IS	447	3766	3512	254	0
IS	448	3698	3431	267	0
IS	449	3674	3399	275	0
IS	450	3629	3396	233	0
IS	451	3437	3195	242	0
IS	452	3546	3285	261	0
IS	453	3527	3293	234	0
IS	454	3521	3308	213	0
IS	455	3375	3132	243	0
IS	456	3557	3322	235	0
IS	457	3282	3008	274	0
IS	458	3182	3053	129	0
IS	459	3071	2940	131	0
IS	460	3058	2958	100	0
IS	461	2933	2817	116	0
IS	462	2884	2767	117	0
IS	463	2758	2635	123	0
IS	464	2809	2690	119	0
IS	465	2781	2645	136	0
IS	466	2784	2696	88	0
IS	467	2771	2689	82	0
IS	468	2658	2569	89	0
IS	469	2674	2567	107	0
IS	470	2504	2414	90	0
IS	471	2538	2401	137	0
IS	472	2436	2334	102	0
IS	473	2378	2261	117	0
IS	474	2437	2289	148	0
IS	475	2451	2288	163	0
IS	476	2363	2214	149	0
IS	477	2317	2187	130	0
IS	478	2269	2116	153	0
IS	479	2203	2079	124	0
IS	480	2197	2041	156	0
IS	481	2131	2010	121	0
IS	482	2045	1916	129	0
IS	483	2110	2020	90	0
IS	484	2064	1996	68	0
IS	485	1998	1908	90	0
IS	486	1936	1826	110	0
IS	487	1971	1873	98	0
IS	488	1932	1857	75	0
IS	489	1869	1773	96	0
IS	490	1936	1856	80	0
IS	491	1812	1746	66	0
IS	492	1792	1708	84	0
IS	493	1838	1781	57	0
IS	494	1788	1721	67	0
IS	495	1727	1653	74	0
IS	496	1677	1617	60	0
IS	497	1750	1702	48	0
IS	498	1697	1594	103	0
IS	499	1675	1583	92	0
IS	500	1780	1696	84	0
IS	501	1703	1641	62	0
IS	502	1621	1546	75	0
IS	503	1621	1532	89	0
IS	504	1664	1585	79	0
IS	505	1666	1547	119	0
IS	506	1586	1501	85	0
IS	507	1533	1479	54	0
IS	508	1417	1369	48	0
IS	509	1508	1458	50	0
IS	510	1466	1409	57	0
IS	511	1536	1466	70	0
IS	512	1476	1409	67	0
IS	513	1462	1402	60	0
IS	514	1417	1341	76	0
IS	515	1276	1204	72	0
IS	516	1269	1213	56	0
IS	517	1299	1229	70	0
IS	518	1335	1271	64	0
IS	519	1264	1195	69	0
IS	520	1231	1168	63	0
IS	521	1267	1172	95	0
IS	522	1315	1234	81	0
IS	523	1338	1257	81	0
IS	524	1269	1169	100	0
IS	525	1298	1220	78	0
# Read lengths. Use `grep ^RL | cut -f 2-` to extract this part. The columns are: read length, count
RL	35	255
RL	36	238
RL	37	266
RL	38	321
RL	39	316
RL	40	360
RL	41	395
RL	42	367
RL	43	382
RL	44	413
RL	45	531
RL	46	512
RL	47	590
RL	48	619
RL	49	835
RL	50	925
RL	51	907
RL	52	935
RL	53	942
RL	54	1032
RL	55	1005
RL	56	1021
RL	57	1180
RL	58	1315
RL	59	1516
RL	60	1674
RL	61	1982
RL	62	1965
RL	63	2232
RL	64	2439
RL	65	2352
RL	66	2766
RL	67	3056
RL	68	3444
RL	69	3951
RL	70	4315
RL	71	4943
RL	72	5485
RL	73	6186
RL	74	6725
RL	75	7402
RL	76	8444
RL	77	8997
RL	78	10122
RL	79	11240
RL	80	12468
RL	81	14517
RL	82	16314
RL	83	17971
RL	84	19817
RL	85	22128
RL	86	24925
RL	87	26999
RL	88	29920
RL	89	32281
RL	90	36324
RL	91	40616
RL	92	43115
RL	93	48542
RL	94	53947
RL	95	57662
RL	96	60780
RL	97	66067
RL	98	70988
RL	99	76017
RL	100	84001
RL	101	88175
RL	102	95417
RL	103	103851
RL	104	107490
RL	105	115182
RL	106	122384
RL	107	127140
RL	108	133764
RL	109	141149
RL	110	145307
RL	111	154733
RL	112	166994
RL	113	171651
RL	114	180331
RL	115	187202
RL	116	190432
RL	117	200884
RL	118	203016
RL	119	206971
RL	120	214603
RL	121	221219
RL	122	231228
RL	123	234146
RL	124	244748
RL	125	246480
RL	126	252267
RL	127	257078
RL	128	255552
RL	129	259406
RL	130	266651
RL	131	269872
RL	132	276259
RL	133	284417
RL	134	290985
RL	135	293423
RL	136	297739
RL	137	298788
RL	138	299333
RL	139	304586
RL	140	302977
RL	141	308657
RL	142	319147
RL	143	329193
RL	144	328954
RL	145	352277
RL	146	395292
RL	147	405350
RL	148	323458
RL	149	317752
RL	150	323705
RL	151	34452688
# Read lengths - first fragments. Use `grep ^FRL | cut -f 2-` to extract this part. The columns are: read length, count
FRL	35	130
FRL	36	109
FRL	37	132
FRL	38	154
FRL	39	157
FRL	40	170
FRL	41	189
FRL	42	186
FRL	43	187
FRL	44	208
FRL	45	268
FRL	46	253
FRL	47	302
FRL	48	325
FRL	49	433
FRL	50	483
FRL	51	474
FRL	52	502
FRL	53	494
FRL	54	527
FRL	55	525
FRL	56	519
FRL	57	616
FRL	58	671
FRL	59	787
FRL	60	848
FRL	61	1008
FRL	62	998
FRL	63	1134
FRL	64	1242
FRL	65	1201
FRL	66	1404
FRL	67	1555
FRL	68	1751
FRL	69	1997
FRL	70	2176
FRL	71	2480
FRL	72	2752
FRL	73	3111
FRL	74	3384
FRL	75	3722
FRL	76	4236
FRL	77	4532
FRL	78	5093
FRL	79	5681
FRL	80	6275
FRL	81	7300
FRL	82	8192
FRL	83	9019
FRL	84	9946
FRL	85	11078
FRL	86	12490
FRL	87	13528
FRL	88	14982
FRL	89	16185
FRL	90	18199
FRL	91	20346
FRL	92	21584
FRL	93	24311
FRL	94	27021
FRL	95	28874
FRL	96	30455
FRL	97	33051
FRL	98	35537
FRL	99	38082
FRL	100	42068
FRL	101	44152
FRL	102	47796
FRL	103	52006
FRL	104	53817
FRL	105	57666
FRL	106	61250
FRL	107	63664
FRL	108	66965
FRL	109	70649
FRL	110	72728
FRL	111	77448
FRL	112	83590
FRL	113	85903
FRL	114	90262
FRL	115	93675
FRL	116	95296
FRL	117	100547
FRL	118	101625
FRL	119	103585
FRL	120	107420
FRL	121	110752
FRL	122	115779
FRL	123	117179
FRL	124	122524
FRL	125	123400
FRL	126	126325
FRL	127	128698
FRL	128	127962
FRL	129	129894
FRL	130	133471
FRL	131	135134
FRL	132	138345
FRL	133	142394
FRL	134	145707
FRL	135	146910
FRL	136	149027
FRL	137	149545
FRL	138	149725
FRL	139	152252
FRL	140	151501
FRL	141	153853
FRL	142	158642
FRL	143	163124
FRL	144	164087
FRL	145	175318
FRL	146	198398
FRL	147	201314
FRL	148	161722
FRL	149	158852
FRL	150	165332
FRL	151	17221461
# Read lengths - last fragments. Use `grep ^LRL | cut -f 2-` to extract this part. The columns are: read length, count
LRL	35	125
LRL	36	129
LRL	37	134
LRL	38	167
LRL	39	159
LRL	40	190
LRL	41	206
LRL	42	181
LRL	43	195
LRL	44	205
LRL	45	263
LRL	46	259
LRL	47	288
LRL	48	294
LRL	49	402
LRL	50	442
LRL	51	433
LRL	52	433
LRL	53	448
LRL	54	505
LRL	55	480
LRL	56	502
LRL	57	564
LRL	58	644
LRL	59	729
LRL	60	826
LRL	61	974
LRL	62	967
LRL	63	1098
LRL	64	1197
LRL	65	1151
LRL	66	1362
LRL	67	1501
LRL	68	1693
LRL	69	1954
LRL	70	2139
LRL	71	2463
LRL	72	2733
LRL	73	3075
LRL	74	3341
LRL	75	3680
LRL	76	4208
LRL	77	4465
LRL	78	5029
LRL	79	5559
LRL	80	6193
LRL	81	7217
LRL	82	8122
LRL	83	8952
LRL	84	9871
LRL	85	11050
LRL	86	12435
LRL	87	13471
LRL	88	14938
LRL	89	16096
LRL	90	18125
LRL	91	20270
LRL	92	21531
LRL	93	24231
LRL	94	26926
LRL	95	28788
LRL	96	30325
LRL	97	33016
LRL	98	35451
LRL	99	37935
LRL	100	41933
LRL	101	44023
LRL	102	47621
LRL	103	51845
LRL	104	53673
LRL	105	57516
LRL	106	61134
LRL	107	63476
LRL	108	66799
LRL	109	70500
LRL	110	72579
LRL	111	77285
LRL	112	83404
LRL	113	85748
LRL	114	90069
LRL	115	93527
LRL	116	95136
LRL	117	100337
LRL	118	101391
LRL	119	103386
LRL	120	107183
LRL	121	110467
LRL	122	115449
LRL	123	116967
LRL	124	122224
LRL	125	123080
LRL	126	125942
LRL	127	128380
LRL	128	127590
LRL	129	129512
LRL	130	133180
LRL	131	134738
LRL	132	137914
LRL	133	142023
LRL	134	145278
LRL	135	146513
LRL	136	148712
LRL	137	149243
LRL	138	149608
LRL	139	152334
LRL	140	151476
LRL	141	154804
LRL	142	160505
LRL	143	166069
LRL	144	164867
LRL	145	176959
LRL	146	196894
LRL	147	204036
LRL	148	161736
LRL	149	158900
LRL	150	158373
LRL	151	17231227
# Mapping qualities for reads !(UNMAP|SECOND|SUPPL|QCFAIL|DUP). Use `grep ^MAPQ | cut -f 2-` to extract this part. The columns are: mapq, count
MAPQ	0	7418
MAPQ	1	48689
MAPQ	60	43919983
# Indel distribution. Use `grep ^ID | cut -f 2-` to extract this part. The columns are: length, number of insertions, number of deletions
ID	1	441133	308967
ID	2	89959	157428
ID	3	66155	59453
ID	4	13955	9806
ID	5	5040	8827
ID	6	9909	16322
ID	7	5119	11070
ID	8	5063	4815
# Indels per cycle. Use `grep ^IC | cut -f 2-` to extract this part. The columns are: cycle, number of insertions (fwd), .. (rev) , number of deletions (fwd), .. (rev)
IC	2	3	0	1	0
IC	3	2	1	0	0
IC	4	1	4	1	1
IC	5	1	9	2	3
IC	6	3	14	5	5
IC	7	7	16	9	8
IC	8	609	402	573	663
IC	9	930	643	817	1041
IC	10	901	951	668	567
IC	11	1318	816	802	946
IC	12	1511	1527	933	1263
IC	13	1789	1370	1216	1179
IC	14	1423	1405	1417	1488
IC	15	2229	1676	1837	2709
IC	16	1440	1449	1566	1790
IC	17	1558	2765	1507	2397
IC	18	1589	2079	1468	1873
IC	19	1770	3000	1780	4289
IC	20	1986	2629	1597	1815
IC	21	1857	1847	1664	2089
IC	22	2086	2643	1757	2382
IC	23	1904	2005	1572	2278
IC	24	2334	1998	1841	2504
IC	25	2017	2415	1749	2878
IC	26	1910	2018	2025	4156
IC	27	2324	2275	1664	2241
IC	28	2260	2016	1925	2189
IC	29	2550	2294	1753	3510
IC	30	1940	2644	1739	2840
IC	31	2357	1609	2120	2275
IC	32	1894	2151	1730	1871
IC	33	2410	1977	1642	1982
IC	34	2086	1774	2195	2321
IC	35	2046	6910	2110	2422
IC	36	1916	5289	1933	2637
IC	37	2543	2758	1823	3719
IC	38	2123	2307	2101	5617
IC	39	1706	2195	2027	3988
IC	40	2040	2161	2067	4108
IC	41	2182	2445	2038	3048
IC	42	2516	2111	2565	2228
IC	43	2423	2006	3057	2028
IC	44	2228	2403	1995	3939
IC	45	1986	2087	2070	2408
IC	46	1802	2611	2008	3124
IC	47	2330	2409	2359	2129
IC	48	2235	3403	1752	3425
IC	49	2471	2222	1913	2415
IC	50	2904	2658	1917	1998
IC	51	2394	3731	1923	2871
IC	52	3634	1973	2185	2144
IC	53	3318	3046	1730	2415
IC	54	4271	2401	2063	2967
IC	55	2787	2514	1849	2413
IC	56	3307	3044	2064	2809
IC	57	2388	2656	1883	5478
IC	58	2231	5407	1721	2819
IC	59	3211	2807	1910	2612
IC	60	2527	2740	1636	2728
IC	61	2477	2705	2075	2915
IC	62	2060	2114	4096	2570
IC	63	2123	2800	3056	3114
IC	64	2782	2758	3157	2359
IC	65	1924	2717	1980	2523
IC	66	2170	3822	2289	2541
IC	67	1754	2943	3004	3335
IC	68	2686	4992	2476	2114
IC	69	1624	3177	2641	2552
IC	70	2101	5716	2516	2091
IC	71	2204	3597	2230	2108
IC	72	1919	2798	2268	2513
IC	73	2341	4312	2134	2307
IC	74	1623	3706	2880	2194
IC	75	2690	5231	2267	1874
IC	76	2358	2292	2469	2383
IC	77	2860	2532	2741	1937
IC	78	1848	2451	3105	4443
IC	79	1996	2202	2406	1949
IC	80	3230	2044	2131	1933
IC	81	2860	2432	2627	2505
IC	82	2010	2156	2108	2331
IC	83	1948	2408	2437	2529
IC	84	2499	2178	3852	3515
IC	85	2582	5884	3198	2492
IC	86	1967	2717	2414	1682
IC	87	2055	5633	2271	2329
IC	88	1847	2809	2539	2049
IC	89	2409	2795	2150	1815
IC	90	2342	2627	2349	1914
IC	91	2048	2167	3174	1999
IC	92	4283	2801	2120	2171
IC	93	1964	2047	2501	2074
IC	94	2148	2052	2023	2660
IC	95	2136	1921	2659	1964
IC	96	2267	2901	2585	2003
IC	97	2715	2280	2898	3610
IC	98	4981	3036	3078	2292
IC	99	3300	2385	2029	2693
IC	100	2292	1824	2604	1922
IC	101	2553	3388	2281	2212
IC	102	4357	3220	2361	1959
IC	103	10641	2796	2350	1809
IC	104	3945	2053	1823	1804
IC	105	2788	2256	2312	1973
IC	106	3890	2098	1936	2124
IC	107	2044	3053	2141	1629
IC	108	3089	2830	2040	1864
IC	109	1876	3133	2357	1902
IC	110	2848	1944	2059	1881
IC	111	2000	2281	1814	2441
IC	112	2103	1883	1951	1941
IC	113	1963	2522	1908	2040
IC	114	1765	1868	2291	2373
IC	115	1944	1716	2135	2150
IC	116	1621	1982	2232	1940
IC	117	1956	1859	1789	2292
IC	118	2324	1739	2259	1818
IC	119	2170	2229	2911	2225
IC	120	1699	2260	2043	1703
IC	121	1775	3054	2465	1925
IC	122	1612	1939	1993	1242
IC	123	1512	2436	2285	2030
IC	124	1990	2104	2510	1969
IC	125	1820	1837	2933	1492
IC	126	1600	2031	1749	1633
IC	127	1739	1777	1795	1210
IC	128	2118	1775	1611	1614
IC	129	2543	1804	1396	1291
IC	130	1455	1615	1649	1347
IC	131	1833	1875	1778	1709
IC	132	1668	1620	1387	1718
IC	133	1231	1481	1453	1327
IC	134	2279	1593	1457	1269
IC	135	1571	1756	1337	1247
IC	136	1921	1948	1155	1729
IC	137	1356	3489	949	958
IC	138	831	1527	1011	1018
IC	139	849	1118	1088	703
IC	140	627	650	617	628
IC	141	624	663	574	355
IC	142	441	924	551	330
IC	143	474	775	582	358
IC	144	401	889	8	13
IC	145	10	3	2	5
IC	146	28	13	1	0
IC	147	11	2	0	0
IC	148	4	4	1	1
IC	150	2	1	0	0
# Coverage distribution. Use `grep ^COV | cut -f 2-` to extract this part.
COV	[1-1]	1	980784
COV	[2-2]	2	1233800
COV	[3-3]	3	616333
COV	[4-4]	4	728143
COV	[5-5]	5	467893
COV	[6-6]	6	488548
COV	[7-7]	7	369787
COV	[8-8]	8	370663
COV	[9-9]	9	311932
COV	[10-10]	10	305166
COV	[11-11]	11	269338
COV	[12-12]	12	259402
COV	[13-13]	13	240188
COV	[14-14]	14	230627
COV	[15-15]	15	213379
COV	[16-16]	16	207959
COV	[17-17]	17	194558
COV	[18-18]	18	190611
COV	[19-19]	19	180079
COV	[20-20]	20	173438
COV	[21-21]	21	165660
COV	[22-22]	22	163411
COV	[23-23]	23	156647
COV	[24-24]	24	153167
COV	[25-25]	25	148434
COV	[26-26]	26	145228
COV	[27-27]	27	141248
COV	[28-28]	28	137632
COV	[29-29]	29	134848
COV	[30-30]	30	130709
COV	[31-31]	31	128451
COV	[32-32]	32	126686
COV	[33-33]	33	123860
COV	[34-34]	34	119161
COV	[35-35]	35	117149
COV	[36-36]	36	114640
COV	[37-37]	37	112918
COV	[38-38]	38	111781
COV	[39-39]	39	111300
COV	[40-40]	40	109872
COV	[41-41]	41	105258
COV	[42-42]	42	104079
COV	[43-43]	43	102856
COV	[44-44]	44	102097
COV	[45-45]	45	101432
COV	[46-46]	46	98341
COV	[47-47]	47	98200
COV	[48-48]	48	96003
COV	[49-49]	49	93720
COV	[50-50]	50	93216
COV	[51-51]	51	91854
COV	[52-52]	52	91112
COV	[53-53]	53	90892
COV	[54-54]	54	90097
COV	[55-55]	55	88528
COV	[56-56]	56	87804
COV	[57-57]	57	87095
COV	[58-58]	58	85970
COV	[59-59]	59	85340
COV	[60-60]	60	85016
COV	[61-61]	61	82451
COV	[62-62]	62	81614
COV	[63-63]	63	82323
COV	[64-64]	64	80291
COV	[65-65]	65	79837
COV	[66-66]	66	79061
COV	[67-67]	67	77492
COV	[68-68]	68	76752
COV	[69-69]	69	76461
COV	[70-70]	70	75183
COV	[71-71]	71	75080
COV	[72-72]	72	74831
COV	[73-73]	73	72292
COV	[74-74]	74	70999
COV	[75-75]	75	72917
COV	[76-76]	76	71251
COV	[77-77]	77	72414
COV	[78-78]	78	71803
COV	[79-79]	79	71111
COV	[80-80]	80	68890
COV	[81-81]	81	68521
COV	[82-82]	82	66839
COV	[83-83]	83	66956
COV	[84-84]	84	66250
COV	[85-85]	85	65867
COV	[86-86]	86	64694
COV	[87-87]	87	64445
COV	[88-88]	88	63216
COV	[89-89]	89	62923
COV	[90-90]	90	62855
COV	[91-91]	91	62311
COV	[92-92]	92	61369
COV	[93-93]	93	61231
COV	[94-94]	94	60270
COV	[95-95]	95	60434
COV	[96-96]	96	59067
COV	[97-97]	97	58735
COV	[98-98]	98	58271
COV	[99-99]	99	57903
COV	[100-100]	100	56859
COV	[101-101]	101	56418
COV	[102-102]	102	56262
COV	[103-103]	103	56081
COV	[104-104]	104	54318
COV	[105-105]	105	54151
COV	[106-106]	106	54191
COV	[107-107]	107	53420
COV	[108-108]	108	52419
COV	[109-109]	109	52189
COV	[110-110]	110	52638
COV	[111-111]	111	51512
COV	[112-112]	112	50758
COV	[113-113]	113	50360
COV	[114-114]	114	50582
COV	[115-115]	115	49663
COV	[116-116]	116	49844
COV	[117-117]	117	49101
COV	[118-118]	118	48268
COV	[119-119]	119	48331
COV	[120-120]	120	47376
COV	[121-121]	121	48068
COV	[122-122]	122	47366
COV	[123-123]	123	46861
COV	[124-124]	124	46499
COV	[125-125]	125	46204
COV	[126-126]	126	45968
COV	[127-127]	127	45174
COV	[128-128]	128	44987
COV	[129-129]	129	44444
COV	[130-130]	130	44199
COV	[131-131]	131	43656
COV	[132-132]	132	43076
COV	[133-133]	133	42589
COV	[134-134]	134	42798
COV	[135-135]	135	42062
COV	[136-136]	136	41882
COV	[137-137]	137	41216
COV	[138-138]	138	40509
COV	[139-139]	139	40921
COV	[140-140]	140	40576
COV	[141-141]	141	39668
COV	[142-142]	142	39423
COV	[143-143]	143	39078
COV	[144-144]	144	39331
COV	[145-145]	145	38523
COV	[146-146]	146	38059
COV	[147-147]	147	38177
COV	[148-148]	148	38300
COV	[149-149]	149	37840
COV	[150-150]	150	37343
COV	[151-151]	151	37539
COV	[152-152]	152	36779
COV	[153-153]	153	37013
COV	[154-154]	154	35989
COV	[155-155]	155	35669
COV	[156-156]	156	35297
COV	[157-157]	157	34720
COV	[158-158]	158	34743
COV	[159-159]	159	35153
COV	[160-160]	160	34022
COV	[161-161]	161	33872
COV	[162-162]	162	33260
COV	[163-163]	163	33064
COV	[164-164]	164	33198
COV	[165-165]	165	33363
COV	[166-166]	166	32768
COV	[167-167]	167	32434
COV	[168-168]	168	32040
COV	[169-169]	169	31912
COV	[170-170]	170	31983
COV	[171-171]	171	31780
COV	[172-172]	172	31106
COV	[173-173]	173	30718
COV	[174-174]	174	30342
COV	[175-175]	175	30245
COV	[176-176]	176	30111
COV	[177-177]	177	30030
COV	[178-178]	178	29701
COV	[179-179]	179	29487
COV	[180-180]	180	29667
COV	[181-181]	181	29319
COV	[182-182]	182	29087
COV	[183-183]	183	28519
COV	[184-184]	184	28078
COV	[185-185]	185	27984
COV	[186-186]	186	28109
COV	[187-187]	187	28190
COV	[188-188]	188	27943
COV	[189-189]	189	27552
COV	[190-190]	190	27569
COV	[191-191]	191	27578
COV	[192-192]	192	26919
COV	[193-193]	193	26774
COV	[194-194]	194	26913
COV	[195-195]	195	26399
COV	[196-196]	196	26576
COV	[197-197]	197	26754
COV	[198-198]	198	26591
COV	[199-199]	199	26208
COV	[200-200]	200	25547
COV	[201-201]	201	25358
COV	[202-202]	202	24819
COV	[203-203]	203	25180
COV	[204-204]	204	24860
COV	[205-205]	205	24797
COV	[206-206]	206	24064
COV	[207-207]	207	24702
COV	[208-208]	208	24386
COV	[209-209]	209	24153
COV	[210-210]	210	24282
COV	[211-211]	211	23937
COV	[212-212]	212	23970
COV	[213-213]	213	23929
COV	[214-214]	214	23180
COV	[215-215]	215	23161
COV	[216-216]	216	23244
COV	[217-217]	217	22677
COV	[218-218]	218	22743
COV	[219-219]	219	22236
COV	[220-220]	220	22655
COV	[221-221]	221	22219
COV	[222-222]	222	22058
COV	[223-223]	223	21651
COV	[224-224]	224	21850
COV	[225-225]	225	21728
COV	[226-226]	226	21399
COV	[227-227]	227	21558
COV	[228-228]	228	21179
COV	[229-229]	229	21122
COV	[230-230]	230	21140
COV	[231-231]	231	20919
COV	[232-232]	232	20972
COV	[233-233]	233	20423
COV	[234-234]	234	20050
COV	[235-235]	235	20522
COV	[236-236]	236	20172
COV	[237-237]	237	20058
COV	[238-238]	238	19839
COV	[239-239]	239	19826
COV	[240-240]	240	19488
COV	[241-241]	241	19799
COV	[242-242]	242	19347
COV	[243-243]	243	19400
COV	[244-244]	244	19393
COV	[245-245]	245	18885
COV	[246-246]	246	18404
COV	[247-247]	247	18866
COV	[248-248]	248	18695
COV	[249-249]	249	18444
COV	[250-250]	250	18211
COV	[251-251]	251	18450
COV	[252-252]	252	18212
COV	[253-253]	253	17925
COV	[254-254]	254	17867
COV	[255-255]	255	17916
COV	[256-256]	256	17822
COV	[257-257]	257	17678
COV	[258-258]	258	17532
COV	[259-259]	259	17323
COV	[260-260]	260	17060
COV	[261-261]	261	17088
COV	[262-262]	262	17138
COV	[263-263]	263	16917
COV	[264-264]	264	16649
COV	[265-265]	265	16851
COV	[266-266]	266	16553
COV	[267-267]	267	16646
COV	[268-268]	268	16535
COV	[269-269]	269	16543
COV	[270-270]	270	16288
COV	[271-271]	271	16484
COV	[272-272]	272	16382
COV	[273-273]	273	16516
COV	[274-274]	274	15948
COV	[275-275]	275	16045
COV	[276-276]	276	15916
COV	[277-277]	277	15859
COV	[278-278]	278	15527
COV	[279-279]	279	15357
COV	[280-280]	280	15254
COV	[281-281]	281	15315
COV	[282-282]	282	15302
COV	[283-283]	283	15047
COV	[284-284]	284	14983
COV	[285-285]	285	14765
COV	[286-286]	286	14969
COV	[287-287]	287	14999
COV	[288-288]	288	14939
COV	[289-289]	289	14722
COV	[290-290]	290	14790
COV	[291-291]	291	14699
COV	[292-292]	292	14714
COV	[293-293]	293	14478
COV	[294-294]	294	14299
COV	[295-295]	295	14117
COV	[296-296]	296	14115
COV	[297-297]	297	14182
COV	[298-298]	298	13951
COV	[299-299]	299	13869
COV	[300-300]	300	13941
COV	[301-301]	301	13840
COV	[302-302]	302	14027
COV	[303-303]	303	13734
COV	[304-304]	304	13532
COV	[305-305]	305	13663
COV	[306-306]	306	13392
COV	[307-307]	307	13307
COV	[308-308]	308	13486
COV	[309-309]	309	13430
COV	[310-310]	310	13550
COV	[311-311]	311	13568
COV	[312-312]	312	13446
COV	[313-313]	313	13009
COV	[314-314]	314	12778
COV	[315-315]	315	12765
COV	[316-316]	316	12641
COV	[317-317]	317	12871
COV	[318-318]	318	12569
COV	[319-319]	319	12270
COV	[320-320]	320	12307
COV	[321-321]	321	12300
COV	[322-322]	322	11943
COV	[323-323]	323	12050
COV	[324-324]	324	12162
COV	[325-325]	325	12061
COV	[326-326]	326	11891
COV	[327-327]	327	11731
COV	[328-328]	328	11700
COV	[329-329]	329	11676
COV	[330-330]	330	11591
COV	[331-331]	331	11588
COV	[332-332]	332	11452
COV	[333-333]	333	11794
COV	[334-334]	334	11518
COV	[335-335]	335	11389
COV	[336-336]	336	11668
COV	[337-337]	337	11205
COV	[338-338]	338	11090
COV	[339-339]	339	11312
COV	[340-340]	340	10952
COV	[341-341]	341	11215
COV	[342-342]	342	10916
COV	[343-343]	343	10785
COV	[344-344]	344	10998
COV	[345-345]	345	10657
COV	[346-346]	346	10640
COV	[347-347]	347	10441
COV	[348-348]	348	10473
COV	[349-349]	349	10193
COV	[350-350]	350	10205
COV	[351-351]	351	10315
COV	[352-352]	352	10037
COV	[353-353]	353	10396
COV	[354-354]	354	10083
COV	[355-355]	355	9806
COV	[356-356]	356	10030
COV	[357-357]	357	9731
COV	[358-358]	358	9806
COV	[359-359]	359	9796
COV	[360-360]	360	9712
COV	[361-361]	361	9864
COV	[362-362]	362	9597
COV	[363-363]	363	9760
COV	[364-364]	364	9703
COV	[365-365]	365	9790
COV	[366-366]	366	9713
COV	[367-367]	367	9648
COV	[368-368]	368	9682
COV	[369-369]	369	9542
COV	[370-370]	370	9455
COV	[371-371]	371	9581
COV	[372-372]	372	9328
COV	[373-373]	373	9364
COV	[374-374]	374	9195
COV	[375-375]	375	9373
COV	[376-376]	376	8963
COV	[377-377]	377	9078
COV	[378-378]	378	8870
COV	[379-379]	379	9094
COV	[380-380]	380	9030
COV	[381-381]	381	8806
COV	[382-382]	382	8890
COV	[383-383]	383	8765
COV	[384-384]	384	8763
COV	[385-385]	385	8749
COV	[386-386]	386	8784
COV	[387-387]	387	8668
COV	[388-388]	388	8555
COV	[389-389]	389	8696
COV	[390-390]	390	8624
COV	[391-391]	391	8271
COV	[392-392]	392	8517
COV	[393-393]	393	8493
COV	[394-394]	394	8550
COV	[395-395]	395	8547
COV	[396-396]	396	8449
COV	[397-397]	397	8253
COV	[398-398]	398	8452
COV	[399-399]	399	8306
COV	[400-400]	400	8168
COV	[401-401]	401	8320
COV	[402-402]	402	8188
COV	[403-403]	403	8399
COV	[404-404]	404	8259
COV	[405-405]	405	8257
COV	[406-406]	406	7965
COV	[407-407]	407	8169
COV	[408-408]	408	7964
COV	[409-409]	409	7861
COV	[410-410]	410	8028
COV	[411-411]	411	7668
COV	[412-412]	412	7812
COV	[413-413]	413	7677
COV	[414-414]	414	7754
COV	[415-415]	415	7563
COV	[416-416]	416	7749
COV	[417-417]	417	7516
COV	[418-418]	418	7735
COV	[419-419]	419	7567
COV	[420-420]	420	7371
COV	[421-421]	421	7441
COV	[422-422]	422	7460
COV	[423-423]	423	7552
COV	[424-424]	424	7387
COV	[425-425]	425	7356
COV	[426-426]	426	7420
COV	[427-427]	427	7116
COV	[428-428]	428	7176
COV	[429-429]	429	7147
COV	[430-430]	430	7090
COV	[431-431]	431	6963
COV	[432-432]	432	7083
COV	[433-433]	433	7150
COV	[434-434]	434	6980
COV	[435-435]	435	6917
COV	[436-436]	436	6889
COV	[437-437]	437	6973
COV	[438-438]	438	6816
COV	[439-439]	439	7021
COV	[440-440]	440	6867
COV	[441-441]	441	6760
COV	[442-442]	442	6850
COV	[443-443]	443	6715
COV	[444-444]	444	6802
COV	[445-445]	445	6819
COV	[446-446]	446	6769
COV	[447-447]	447	6659
COV	[448-448]	448	6784
COV	[449-449]	449	6565
COV	[450-450]	450	6731
COV	[451-451]	451	6517
COV	[452-452]	452	6669
COV	[453-453]	453	6502
COV	[454-454]	454	6437
COV	[455-455]	455	6539
COV	[456-456]	456	6336
COV	[457-457]	457	6533
COV	[458-458]	458	6450
COV	[459-459]	459	6405
COV	[460-460]	460	6292
COV	[461-461]	461	6145
COV	[462-462]	462	6255
COV	[463-463]	463	6219
COV	[464-464]	464	6108
COV	[465-465]	465	5995
COV	[466-466]	466	6192
COV	[467-467]	467	6043
COV	[468-468]	468	5958
COV	[469-469]	469	6095
COV	[470-470]	470	6041
COV	[471-471]	471	5997
COV	[472-472]	472	6017
COV	[473-473]	473	5773
COV	[474-474]	474	5746
COV	[475-475]	475	5797
COV	[476-476]	476	5838
COV	[477-477]	477	5732
COV	[478-478]	478	5646
COV	[479-479]	479	5845
COV	[480-480]	480	5734
COV	[481-481]	481	5751
COV	[482-482]	482	5653
COV	[483-483]	483	5729
COV	[484-484]	484	5657
COV	[485-485]	485	5540
COV	[486-486]	486	5666
COV	[487-487]	487	5658
COV	[488-488]	488	5536
COV	[489-489]	489	5530
COV	[490-490]	490	5327
COV	[491-491]	491	5349
COV	[492-492]	492	5319
COV	[493-493]	493	5436
COV	[494-494]	494	5362
COV	[495-495]	495	5347
COV	[496-496]	496	5350
COV	[497-497]	497	5508
COV	[498-498]	498	5342
COV	[499-499]	499	5418
COV	[500-500]	500	5362
COV	[501-501]	501	5218
COV	[502-502]	502	5256
COV	[503-503]	503	5204
COV	[504-504]	504	5066
COV	[505-505]	505	5291
COV	[506-506]	506	5130
COV	[507-507]	507	5199
COV	[508-508]	508	5060
COV	[509-509]	509	5149
COV	[510-510]	510	5258
COV	[511-511]	511	5158
COV	[512-512]	512	5112
COV	[513-513]	513	5187
COV	[514-514]	514	5108
COV	[515-515]	515	5123
COV	[516-516]	516	4940
COV	[517-517]	517	4866
COV	[518-518]	518	4937
COV	[519-519]	519	4844
COV	[520-520]	520	4831
COV	[521-521]	521	4942
COV	[522-522]	522	4750
COV	[523-523]	523	4687
COV	[524-524]	524	4742
COV	[525-525]	525	4644
COV	[526-526]	526	4729
COV	[527-527]	527	4683
COV	[528-528]	528	4659
COV	[529-529]	529	4576
COV	[530-530]	530	4766
COV	[531-531]	531	4742
COV	[532-532]	532	4727
COV	[533-533]	533	4543
COV	[534-534]	534	4589
COV	[535-535]	535	4701
COV	[536-536]	536	4667
COV	[537-537]	537	4485
COV	[538-538]	538	4629
COV	[539-539]	539	4493
COV	[540-540]	540	4535
COV	[541-541]	541	4472
COV	[542-542]	542	4423
COV	[543-543]	543	4636
COV	[544-544]	544	4465
COV	[545-545]	545	4383
COV	[546-546]	546	4422
COV	[547-547]	547	4286
COV	[548-548]	548	4392
COV	[549-549]	549	4343
COV	[550-550]	550	4437
COV	[551-551]	551	4402
COV	[552-552]	552	4364
COV	[553-553]	553	4453
COV	[554-554]	554	4239
COV	[555-555]	555	4222
COV	[556-556]	556	4364
COV	[557-557]	557	4120
COV	[558-558]	558	4241
COV	[559-559]	559	4145
COV	[560-560]	560	4167
COV	[561-561]	561	4235
COV	[562-562]	562	4071
COV	[563-563]	563	4141
COV	[564-564]	564	4237
COV	[565-565]	565	4188
COV	[566-566]	566	4163
COV	[567-567]	567	4064
COV	[568-568]	568	4085
COV	[569-569]	569	4083
COV	[570-570]	570	3925
COV	[571-571]	571	4020
COV	[572-572]	572	4019
COV	[573-573]	573	3878
COV	[574-574]	574	3862
COV	[575-575]	575	3936
COV	[576-576]	576	3837
COV	[577-577]	577	3798
COV	[578-578]	578	3876
COV	[579-579]	579	3899
COV	[580-580]	580	3758
COV	[581-581]	581	3782
COV	[582-582]	582	3816
COV	[583-583]	583	3746
COV	[584-584]	584	3804
COV	[585-585]	585	3791
COV	[586-586]	586	3741
COV	[587-587]	587	3658
COV	[588-588]	588	3686
COV	[589-589]	589	3702
COV	[590-590]	590	3635
COV	[591-591]	591	3651
COV	[592-592]	592	3658
COV	[593-593]	593	3710
COV	[594-594]	594	3681
COV	[595-595]	595	3650
COV	[596-596]	596	3528
COV	[597-597]	597	3705
COV	[598-598]	598	3466
COV	[599-599]	599	3527
COV	[600-600]	600	3635
COV	[601-601]	601	3525
COV	[602-602]	602	3594
COV	[603-603]	603	3521
COV	[604-604]	604	3438
COV	[605-605]	605	3485
COV	[606-606]	606	3600
COV	[607-607]	607	3432
COV	[608-608]	608	3355
COV	[609-609]	609	3423
COV	[610-610]	610	3363
COV	[611-611]	611	3341
COV	[612-612]	612	3399
COV	[613-613]	613	3426
COV	[614-614]	614	3254
COV	[615-615]	615	3377
COV	[616-616]	616	3355
COV	[617-617]	617	3417
COV	[618-618]	618	3412
COV	[619-619]	619	3312
COV	[620-620]	620	3313
COV	[621-621]	621	3303
COV	[622-622]	622	3296
COV	[623-623]	623	3328
COV	[624-624]	624	3168
COV	[625-625]	625	3241
COV	[626-626]	626	3293
COV	[627-627]	627	3273
COV	[628-628]	628	3181
COV	[629-629]	629	3150
COV	[630-630]	630	3162
COV	[631-631]	631	3196
COV	[632-632]	632	3124
COV	[633-633]	633	3158
COV	[634-634]	634	3209
COV	[635-635]	635	3093
COV	[636-636]	636	3172
COV	[637-637]	637	3072
COV	[638-638]	638	3094
COV	[639-639]	639	3068
COV	[640-640]	640	2990
COV	[641-641]	641	2979
COV	[642-642]	642	3040
COV	[643-643]	643	3014
COV	[644-644]	644	2993
COV	[645-645]	645	3002
COV	[646-646]	646	3014
COV	[647-647]	647	2972
COV	[648-648]	648	2792
COV	[649-649]	649	2906
COV	[650-650]	650	2833
COV	[651-651]	651	2856
COV	[652-652]	652	3006
COV	[653-653]	653	2949
COV	[654-654]	654	2914
COV	[655-655]	655	3052
COV	[656-656]	656	2972
COV	[657-657]	657	2950
COV	[658-658]	658	3030
COV	[659-659]	659	2945
COV	[660-660]	660	2928
COV	[661-661]	661	2914
COV	[662-662]	662	2798
COV	[663-663]	663	2828
COV	[664-664]	664	2718
COV	[665-665]	665	2715
COV	[666-666]	666	2894
COV	[667-667]	667	2697
COV	[668-668]	668	2792
COV	[669-669]	669	2790
COV	[670-670]	670	2859
COV	[671-671]	671	2790
COV	[672-672]	672	2850
COV	[673-673]	673	2849
COV	[674-674]	674	2727
COV	[675-675]	675	2582
COV	[676-676]	676	2701
COV	[677-677]	677	2668
COV	[678-678]	678	2730
COV	[679-679]	679	2730
COV	[680-680]	680	2695
COV	[681-681]	681	2609
COV	[682-682]	682	2641
COV	[683-683]	683	2572
COV	[684-684]	684	2652
COV	[685-685]	685	2602
COV	[686-686]	686	2585
COV	[687-687]	687	2583
COV	[688-688]	688	2687
COV	[689-689]	689	2699
COV	[690-690]	690	2580
COV	[691-691]	691	2688
COV	[692-692]	692	2535
COV	[693-693]	693	2472
COV	[694-694]	694	2563
COV	[695-695]	695	2642
COV	[696-696]	696	2602
COV	[697-697]	697	2504
COV	[698-698]	698	2650
COV	[699-699]	699	2561
COV	[700-700]	700	2511
COV	[701-701]	701	2575
COV	[702-702]	702	2620
COV	[703-703]	703	2615
COV	[704-704]	704	2547
COV	[705-705]	705	2487
COV	[706-706]	706	2442
COV	[707-707]	707	2454
COV	[708-708]	708	2503
COV	[709-709]	709	2516
COV	[710-710]	710	2506
COV	[711-711]	711	2430
COV	[712-712]	712	2484
COV	[713-713]	713	2428
COV	[714-714]	714	2427
COV	[715-715]	715	2395
COV	[716-716]	716	2580
COV	[717-717]	717	2473
COV	[718-718]	718	2427
COV	[719-719]	719	2400
COV	[720-720]	720	2399
COV	[721-721]	721	2397
COV	[722-722]	722	2477
COV	[723-723]	723	2498
COV	[724-724]	724	2435
COV	[725-725]	725	2345
COV	[726-726]	726	2341
COV	[727-727]	727	2387
COV	[728-728]	728	2378
COV	[729-729]	729	2400
COV	[730-730]	730	2422
COV	[731-731]	731	2375
COV	[732-732]	732	2413
COV	[733-733]	733	2392
COV	[734-734]	734	2390
COV	[735-735]	735	2412
COV	[736-736]	736	2310
COV	[737-737]	737	2236
COV	[738-738]	738	2339
COV	[739-739]	739	2296
COV	[740-740]	740	2315
COV	[741-741]	741	2199
COV	[742-742]	742	2224
COV	[743-743]	743	2291
COV	[744-744]	744	2347
COV	[745-745]	745	2201
COV	[746-746]	746	2280
COV	[747-747]	747	2287
COV	[748-748]	748	2239
COV	[749-749]	749	2244
COV	[750-750]	750	2259
COV	[751-751]	751	2182
COV	[752-752]	752	2229
COV	[753-753]	753	2167
COV	[754-754]	754	2195
COV	[755-755]	755	2283
COV	[756-756]	756	2194
COV	[757-757]	757	2217
COV	[758-758]	758	2169
COV	[759-759]	759	2089
COV	[760-760]	760	2152
COV	[761-761]	761	2122
COV	[762-762]	762	2105
COV	[763-763]	763	2120
COV	[764-764]	764	2192
COV	[765-765]	765	2094
COV	[766-766]	766	2196
COV	[767-767]	767	2101
COV	[768-768]	768	2229
COV	[769-769]	769	2190
COV	[770-770]	770	2222
COV	[771-771]	771	2206
COV	[772-772]	772	2150
COV	[773-773]	773	2178
COV	[774-774]	774	2168
COV	[775-775]	775	2022
COV	[776-776]	776	2128
COV	[777-777]	777	2067
COV	[778-778]	778	2090
COV	[779-779]	779	2080
COV	[780-780]	780	1954
COV	[781-781]	781	2001
COV	[782-782]	782	1938
COV	[783-783]	783	2094
COV	[784-784]	784	2019
COV	[785-785]	785	1997
COV	[786-786]	786	2078
COV	[787-787]	787	1949
COV	[788-788]	788	2015
COV	[789-789]	789	2003
COV	[790-790]	790	1956
COV	[791-791]	791	1987
COV	[792-792]	792	1984
COV	[793-793]	793	2066
COV	[794-794]	794	1990
COV	[795-795]	795	1932
COV	[796-796]	796	2058
COV	[797-797]	797	2036
COV	[798-798]	798	1990
COV	[799-799]	799	1977
COV	[800-800]	800	2007
COV	[801-801]	801	2062
COV	[802-802]	802	2029
COV	[803-803]	803	1946
COV	[804-804]	804	2028
COV	[805-805]	805	2080
COV	[806-806]	806	1960
COV	[807-807]	807	1947
COV	[808-808]	808	1979
COV	[809-809]	809	1889
COV	[810-810]	810	1871
COV	[811-811]	811	1835
COV	[812-812]	812	1942
COV	[813-813]	813	1958
COV	[814-814]	814	1917
COV	[815-815]	815	1837
COV	[816-816]	816	1885
COV	[817-817]	817	1834
COV	[818-818]	818	1927
COV	[819-819]	819	1891
COV	[820-820]	820	1927
COV	[821-821]	821	1868
COV	[822-822]	822	1715
COV	[823-823]	823	1945
COV	[824-824]	824	1774
COV	[825-825]	825	1787
COV	[826-826]	826	1830
COV	[827-827]	827	1850
COV	[828-828]	828	1793
COV	[829-829]	829	1797
COV	[830-830]	830	1776
COV	[831-831]	831	1781
COV	[832-832]	832	1834
COV	[833-833]	833	1764
COV	[834-834]	834	1669
COV	[835-835]	835	1810
COV	[836-836]	836	1736
COV	[837-837]	837	1789
COV	[838-838]	838	1725
COV	[839-839]	839	1754
COV	[840-840]	840	1769
COV	[841-841]	841	1813
COV	[842-842]	842	1690
COV	[843-843]	843	1750
COV	[844-844]	844	1698
COV	[845-845]	845	1736
COV	[846-846]	846	1798
COV	[847-847]	847	1745
COV	[848-848]	848	1717
COV	[849-849]	849	1761
COV	[850-850]	850	1718
COV	[851-851]	851	1732
COV	[852-852]	852	1700
COV	[853-853]	853	1760
COV	[854-854]	854	1726
COV	[855-855]	855	1698
COV	[856-856]	856	1706
COV	[857-857]	857	1636
COV	[858-858]	858	1611
COV	[859-859]	859	1645
COV	[860-860]	860	1551
COV	[861-861]	861	1698
COV	[862-862]	862	1612
COV	[863-863]	863	1694
COV	[864-864]	864	1668
COV	[865-865]	865	1682
COV	[866-866]	866	1643
COV	[867-867]	867	1619
COV	[868-868]	868	1548
COV	[869-869]	869	1626
COV	[870-870]	870	1664
COV	[871-871]	871	1582
COV	[872-872]	872	1634
COV	[873-873]	873	1602
COV	[874-874]	874	1600
COV	[875-875]	875	1581
COV	[876-876]	876	1589
COV	[877-877]	877	1559
COV	[878-878]	878	1598
COV	[879-879]	879	1577
COV	[880-880]	880	1646
COV	[881-881]	881	1529
COV	[882-882]	882	1572
COV	[883-883]	883	1616
COV	[884-884]	884	1562
COV	[885-885]	885	1512
COV	[886-886]	886	1504
COV	[887-887]	887	1532
COV	[888-888]	888	1539
COV	[889-889]	889	1600
COV	[890-890]	890	1491
COV	[891-891]	891	1488
COV	[892-892]	892	1544
COV	[893-893]	893	1458
COV	[894-894]	894	1459
COV	[895-895]	895	1525
COV	[896-896]	896	1557
COV	[897-897]	897	1575
COV	[898-898]	898	1528
COV	[899-899]	899	1503
COV	[900-900]	900	1485
COV	[901-901]	901	1535
COV	[902-902]	902	1450
COV	[903-903]	903	1555
COV	[904-904]	904	1467
COV	[905-905]	905	1546
COV	[906-906]	906	1435
COV	[907-907]	907	1488
COV	[908-908]	908	1471
COV	[909-909]	909	1456
COV	[910-910]	910	1447
COV	[911-911]	911	1426
COV	[912-912]	912	1474
COV	[913-913]	913	1423
COV	[914-914]	914	1414
COV	[915-915]	915	1443
COV	[916-916]	916	1433
COV	[917-917]	917	1473
COV	[918-918]	918	1408
COV	[919-919]	919	1412
COV	[920-920]	920	1419
COV	[921-921]	921	1409
COV	[922-922]	922	1378
COV	[923-923]	923	1375
COV	[924-924]	924	1396
COV	[925-925]	925	1420
COV	[926-926]	926	1425
COV	[927-927]	927	1448
COV	[928-928]	928	1471
COV	[929-929]	929	1465
COV	[930-930]	930	1360
COV	[931-931]	931	1385
COV	[932-932]	932	1371
COV	[933-933]	933	1376
COV	[934-934]	934	1328
COV	[935-935]	935	1400
COV	[936-936]	936	1351
COV	[937-937]	937	1436
COV	[938-938]	938	1344
COV	[939-939]	939	1333
COV	[940-940]	940	1368
COV	[941-941]	941	1403
COV	[942-942]	942	1425
COV	[943-943]	943	1312
COV	[944-944]	944	1300
COV	[945-945]	945	1457
COV	[946-946]	946	1414
COV	[947-947]	947	1296
COV	[948-948]	948	1380
COV	[949-949]	949	1341
COV	[950-950]	950	1333
COV	[951-951]	951	1352
COV	[952-952]	952	1288
COV	[953-953]	953	1394
COV	[954-954]	954	1289
COV	[955-955]	955	1295
COV	[956-956]	956	1349
COV	[957-957]	957	1300
COV	[958-958]	958	1376
COV	[959-959]	959	1299
COV	[960-960]	960	1256
COV	[961-961]	961	1350
COV	[962-962]	962	1261
COV	[963-963]	963	1298
COV	[964-964]	964	1273
COV	[965-965]	965	1307
COV	[966-966]	966	1374
COV	[967-967]	967	1269
COV	[968-968]	968	1260
COV	[969-969]	969	1319
COV	[970-970]	970	1273
COV	[971-971]	971	1257
COV	[972-972]	972	1270
COV	[973-973]	973	1330
COV	[974-974]	974	1265
COV	[975-975]	975	1292
COV	[976-976]	976	1351
COV	[977-977]	977	1220
COV	[978-978]	978	1256
COV	[979-979]	979	1206
COV	[980-980]	980	1262
COV	[981-981]	981	1331
COV	[982-982]	982	1247
COV	[983-983]	983	1340
COV	[984-984]	984	1234
COV	[985-985]	985	1258
COV	[986-986]	986	1219
COV	[987-987]	987	1306
COV	[988-988]	988	1242
COV	[989-989]	989	1201
COV	[990-990]	990	1177
COV	[991-991]	991	1244
COV	[992-992]	992	1149
COV	[993-993]	993	1244
COV	[994-994]	994	1240
COV	[995-995]	995	1205
COV	[996-996]	996	1212
COV	[997-997]	997	1220
COV	[998-998]	998	1141
COV	[999-999]	999	1149
COV	[1000-1000]	1000	1128
COV	[1000<]	1000	972387
# GC-depth. Use `grep ^GCD | cut -f 2-` to extract this part. The columns are: GC%, unique sequence percentiles, 10th, 25th, 50th, 75th and 90th depth percentile
GCD	0.0	0.128	0.000	0.000	0.000	0.000	0.000
GCD	36.0	0.192	0.036	0.036	0.036	0.036	0.036
GCD	39.0	0.257	0.022	0.022	0.022	0.022	0.022
GCD	44.0	0.321	0.354	0.354	0.354	0.354	0.354
GCD	45.0	0.449	3.983	3.983	5.273	6.563	6.563
GCD	46.0	0.577	7.380	7.380	40.857	74.334	74.334
GCD	47.0	0.962	0.123	0.508	16.516	129.658	226.391
GCD	48.0	1.283	22.942	68.157	172.802	598.967	926.158
GCD	49.0	2.566	12.865	27.505	67.868	146.524	875.092
GCD	50.0	5.452	14.265	38.547	123.073	273.052	501.208
GCD	51.0	11.353	52.746	102.653	191.610	382.865	728.049
GCD	52.0	22.194	44.807	83.582	164.584	260.266	406.834
GCD	53.0	43.361	48.963	75.566	125.892	225.623	341.963
GCD	54.0	66.325	50.711	76.874	131.251	203.408	334.036
GCD	55.0	83.772	46.921	74.804	118.805	192.557	443.036
GCD	56.0	95.638	39.817	73.846	99.538	162.105	388.051
GCD	57.0	98.781	29.064	55.888	108.320	210.891	473.665
GCD	58.0	99.615	22.666	67.763	104.171	112.805	172.386
GCD	59.0	99.872	43.658	54.899	111.862	259.460	300.913
GCD	60.0	100.000	40.853	40.853	93.810	146.767	146.767
