# This file was produced by samtools stats (1.19.2+htslib-1.19) and can be plotted using plot-bamstats
# This file contains statistics for all reads.
# The command line was:  stats -@ 4 153_ophiostoma.sorted.bam
# CHK, Checksum	[2]Read Names	[3]Sequences	[4]Qualities
# CHK, CRC32 of reads which passed filtering followed by addition (32bit overflow)
CHK	6f1d6f3b	e9991425	e94ec261
# Summary Numbers. Use `grep ^SN | cut -f 2-` to extract this part.
SN	raw total sequences:	38216028	# excluding supplementary and secondary reads
SN	filtered sequences:	0
SN	sequences:	38216028
SN	is sorted:	1
SN	1st fragments:	19108014
SN	last fragments:	19108014
SN	reads mapped:	35603103
SN	reads mapped and paired:	35040644	# paired-end technology bit set + both mates mapped
SN	reads unmapped:	2612925
SN	reads properly paired:	34867850	# proper-pair bit set
SN	reads paired:	38216028	# paired-end technology bit set
SN	reads duplicated:	0	# PCR or optical duplicate bit set
SN	reads MQ0:	4324	# mapped and MQ=0
SN	reads QC failed:	0
SN	non-primary alignments:	55068
SN	supplementary alignments:	0
SN	total length:	5426692834	# ignores clipping
SN	total first fragment length:	2713094575	# ignores clipping
SN	total last fragment length:	2713598259	# ignores clipping
SN	bases mapped:	5055867030	# ignores clipping
SN	bases mapped (cigar):	5043937445	# more accurate
SN	bases trimmed:	0
SN	bases duplicated:	0
SN	mismatches:	18956588	# from NM fields
SN	error rate:	3.758292e-03	# mismatches / bases mapped (cigar)
SN	average length:	142
SN	average first fragment length:	142
SN	average last fragment length:	142
SN	maximum length:	151
SN	maximum first fragment length:	151
SN	maximum last fragment length:	151
SN	average quality:	36.2
SN	insert size average:	189.2
SN	insert size standard deviation:	66.4
SN	inward oriented pairs:	14570225
SN	outward oriented pairs:	2889408
SN	pairs with other orientation:	5024
SN	pairs on different chromosomes:	55665
SN	percentage of properly paired reads (%):	91.2
# First Fragment Qualities. Use `grep ^FFQ | cut -f 2-` to extract this part.
# Columns correspond to qualities and rows to cycles. First column is the cycle number.
FFQ	1	0	0	0	0	0	0	0	0	0	0	0	275413	0	0	0	0	0	0	0	0	0	0	0	0	0	430510	0	0	0	0	0	0	0	0	0	0	0	18402091	0
FFQ	2	0	0	25	0	0	0	0	0	0	0	0	195419	0	0	0	0	0	0	0	0	0	0	0	0	0	434574	0	0	0	0	0	0	0	0	0	0	0	18477996	0
FFQ	3	0	0	133	0	0	0	0	0	0	0	0	187958	0	0	0	0	0	0	0	0	0	0	0	0	0	415948	0	0	0	0	0	0	0	0	0	0	0	18503975	0
FFQ	4	0	0	12202	0	0	0	0	0	0	0	0	157739	0	0	0	0	0	0	0	0	0	0	0	0	0	382856	0	0	0	0	0	0	0	0	0	0	0	18555217	0
FFQ	5	0	0	15	0	0	0	0	0	0	0	0	146646	0	0	0	0	0	0	0	0	0	0	0	0	0	364469	0	0	0	0	0	0	0	0	0	0	0	18596884	0
FFQ	6	0	0	865	0	0	0	0	0	0	0	0	150497	0	0	0	0	0	0	0	0	0	0	0	0	0	398916	0	0	0	0	0	0	0	0	0	0	0	18557736	0
FFQ	7	0	0	0	0	0	0	0	0	0	0	0	166496	0	0	0	0	0	0	0	0	0	0	0	0	0	386850	0	0	0	0	0	0	0	0	0	0	0	18554668	0
FFQ	8	0	0	0	0	0	0	0	0	0	0	0	144783	0	0	0	0	0	0	0	0	0	0	0	0	0	356541	0	0	0	0	0	0	0	0	0	0	0	18606690	0
FFQ	9	0	0	0	0	0	0	0	0	0	0	0	154965	0	0	0	0	0	0	0	0	0	0	0	0	0	391392	0	0	0	0	0	0	0	0	0	0	0	18561657	0
FFQ	10	0	0	0	0	0	0	0	0	0	0	0	139366	0	0	0	0	0	0	0	0	0	0	0	0	0	376619	0	0	0	0	0	0	0	0	0	0	0	18592029	0
FFQ	11	0	0	1	0	0	0	0	0	0	0	0	147028	0	0	0	0	0	0	0	0	0	0	0	0	0	377183	0	0	0	0	0	0	0	0	0	0	0	18583802	0
FFQ	12	0	0	0	0	0	0	0	0	0	0	0	149815	0	0	0	0	0	0	0	0	0	0	0	0	0	383707	0	0	0	0	0	0	0	0	0	0	0	18574492	0
FFQ	13	0	0	1	0	0	0	0	0	0	0	0	151031	0	0	0	0	0	0	0	0	0	0	0	0	0	390244	0	0	0	0	0	0	0	0	0	0	0	18566738	0
FFQ	14	0	0	0	0	0	0	0	0	0	0	0	150050	0	0	0	0	0	0	0	0	0	0	0	0	0	395285	0	0	0	0	0	0	0	0	0	0	0	18562679	0
FFQ	15	0	0	0	0	0	0	0	0	0	0	0	150210	0	0	0	0	0	0	0	0	0	0	0	0	0	400631	0	0	0	0	0	0	0	0	0	0	0	18557173	0
FFQ	16	0	0	1127	0	0	0	0	0	0	0	0	153910	0	0	0	0	0	0	0	0	0	0	0	0	0	407044	0	0	0	0	0	0	0	0	0	0	0	18545933	0
FFQ	17	0	0	0	0	0	0	0	0	0	0	0	149622	0	0	0	0	0	0	0	0	0	0	0	0	0	394823	0	0	0	0	0	0	0	0	0	0	0	18563569	0
FFQ	18	0	0	0	0	0	0	0	0	0	0	0	154296	0	0	0	0	0	0	0	0	0	0	0	0	0	406521	0	0	0	0	0	0	0	0	0	0	0	18547197	0
FFQ	19	0	0	1	0	0	0	0	0	0	0	0	152972	0	0	0	0	0	0	0	0	0	0	0	0	0	408033	0	0	0	0	0	0	0	0	0	0	0	18547008	0
FFQ	20	0	0	3	0	0	0	0	0	0	0	0	153757	0	0	0	0	0	0	0	0	0	0	0	0	0	405380	0	0	0	0	0	0	0	0	0	0	0	18548874	0
FFQ	21	0	0	0	0	0	0	0	0	0	0	0	159624	0	0	0	0	0	0	0	0	0	0	0	0	0	416646	0	0	0	0	0	0	0	0	0	0	0	18531744	0
FFQ	22	0	0	55	0	0	0	0	0	0	0	0	161213	0	0	0	0	0	0	0	0	0	0	0	0	0	419164	0	0	0	0	0	0	0	0	0	0	0	18527582	0
FFQ	23	0	0	0	0	0	0	0	0	0	0	0	164694	0	0	0	0	0	0	0	0	0	0	0	0	0	427872	0	0	0	0	0	0	0	0	0	0	0	18515448	0
FFQ	24	0	0	2	0	0	0	0	0	0	0	0	166502	0	0	0	0	0	0	0	0	0	0	0	0	0	424738	0	0	0	0	0	0	0	0	0	0	0	18516772	0
FFQ	25	0	0	0	0	0	0	0	0	0	0	0	175146	0	0	0	0	0	0	0	0	0	0	0	0	0	440652	0	0	0	0	0	0	0	0	0	0	0	18492216	0
FFQ	26	0	0	196	0	0	0	0	0	0	0	0	186458	0	0	0	0	0	0	0	0	0	0	0	0	0	440782	0	0	0	0	0	0	0	0	0	0	0	18480578	0
FFQ	27	0	0	10	0	0	0	0	0	0	0	0	187995	0	0	0	0	0	0	0	0	0	0	0	0	0	448608	0	0	0	0	0	0	0	0	0	0	0	18471401	0
FFQ	28	0	0	0	0	0	0	0	0	0	0	0	190335	0	0	0	0	0	0	0	0	0	0	0	0	0	447000	0	0	0	0	0	0	0	0	0	0	0	18470679	0
FFQ	29	0	0	1	0	0	0	0	0	0	0	0	192773	0	0	0	0	0	0	0	0	0	0	0	0	0	455432	0	0	0	0	0	0	0	0	0	0	0	18459808	0
FFQ	30	0	0	39	0	0	0	0	0	0	0	0	199074	0	0	0	0	0	0	0	0	0	0	0	0	0	458220	0	0	0	0	0	0	0	0	0	0	0	18450681	0
FFQ	31	0	0	0	0	0	0	0	0	0	0	0	198880	0	0	0	0	0	0	0	0	0	0	0	0	0	456558	0	0	0	0	0	0	0	0	0	0	0	18452576	0
FFQ	32	0	0	1	0	0	0	0	0	0	0	0	198723	0	0	0	0	0	0	0	0	0	0	0	0	0	458227	0	0	0	0	0	0	0	0	0	0	0	18451063	0
FFQ	33	0	0	3	0	0	0	0	0	0	0	0	201590	0	0	0	0	0	0	0	0	0	0	0	0	0	464562	0	0	0	0	0	0	0	0	0	0	0	18441859	0
FFQ	34	0	0	0	0	0	0	0	0	0	0	0	204039	0	0	0	0	0	0	0	0	0	0	0	0	0	467402	0	0	0	0	0	0	0	0	0	0	0	18436573	0
FFQ	35	0	0	0	0	0	0	0	0	0	0	0	210502	0	0	0	0	0	0	0	0	0	0	0	0	0	476649	0	0	0	0	0	0	0	0	0	0	0	18420863	0
FFQ	36	0	0	450	0	0	0	0	0	0	0	0	212666	0	0	0	0	0	0	0	0	0	0	0	0	0	482290	0	0	0	0	0	0	0	0	0	0	0	18412424	0
FFQ	37	0	0	2	0	0	0	0	0	0	0	0	213914	0	0	0	0	0	0	0	0	0	0	0	0	0	482786	0	0	0	0	0	0	0	0	0	0	0	18410959	0
FFQ	38	0	0	0	0	0	0	0	0	0	0	0	210897	0	0	0	0	0	0	0	0	0	0	0	0	0	481366	0	0	0	0	0	0	0	0	0	0	0	18415244	0
FFQ	39	0	0	3	0	0	0	0	0	0	0	0	213599	0	0	0	0	0	0	0	0	0	0	0	0	0	482804	0	0	0	0	0	0	0	0	0	0	0	18410916	0
FFQ	40	0	0	0	0	0	0	0	0	0	0	0	213269	0	0	0	0	0	0	0	0	0	0	0	0	0	480519	0	0	0	0	0	0	0	0	0	0	0	18413344	0
FFQ	41	0	0	1	0	0	0	0	0	0	0	0	219189	0	0	0	0	0	0	0	0	0	0	0	0	0	493146	0	0	0	0	0	0	0	0	0	0	0	18394556	0
FFQ	42	0	0	0	0	0	0	0	0	0	0	0	218988	0	0	0	0	0	0	0	0	0	0	0	0	0	494811	0	0	0	0	0	0	0	0	0	0	0	18392859	0
FFQ	43	0	0	0	0	0	0	0	0	0	0	0	218493	0	0	0	0	0	0	0	0	0	0	0	0	0	490196	0	0	0	0	0	0	0	0	0	0	0	18397692	0
FFQ	44	0	0	493	0	0	0	0	0	0	0	0	224122	0	0	0	0	0	0	0	0	0	0	0	0	0	498248	0	0	0	0	0	0	0	0	0	0	0	18383256	0
FFQ	45	0	0	0	0	0	0	0	0	0	0	0	227481	0	0	0	0	0	0	0	0	0	0	0	0	0	506251	0	0	0	0	0	0	0	0	0	0	0	18372095	0
FFQ	46	0	0	0	0	0	0	0	0	0	0	0	229605	0	0	0	0	0	0	0	0	0	0	0	0	0	510951	0	0	0	0	0	0	0	0	0	0	0	18364923	0
FFQ	47	0	0	7	0	0	0	0	0	0	0	0	230811	0	0	0	0	0	0	0	0	0	0	0	0	0	512296	0	0	0	0	0	0	0	0	0	0	0	18362047	0
FFQ	48	0	0	4	0	0	0	0	0	0	0	0	229054	0	0	0	0	0	0	0	0	0	0	0	0	0	510147	0	0	0	0	0	0	0	0	0	0	0	18365577	0
FFQ	49	0	0	4	0	0	0	0	0	0	0	0	231425	0	0	0	0	0	0	0	0	0	0	0	0	0	511608	0	0	0	0	0	0	0	0	0	0	0	18361226	0
FFQ	50	0	0	426	0	0	0	0	0	0	0	0	229266	0	0	0	0	0	0	0	0	0	0	0	0	0	507820	0	0	0	0	0	0	0	0	0	0	0	18366147	0
FFQ	51	0	0	96	0	0	0	0	0	0	0	0	234747	0	0	0	0	0	0	0	0	0	0	0	0	0	520784	0	0	0	0	0	0	0	0	0	0	0	18347340	0
FFQ	52	0	0	5	0	0	0	0	0	0	0	0	237056	0	0	0	0	0	0	0	0	0	0	0	0	0	519336	0	0	0	0	0	0	0	0	0	0	0	18345853	0
FFQ	53	0	0	1401	0	0	0	0	0	0	0	0	233099	0	0	0	0	0	0	0	0	0	0	0	0	0	516153	0	0	0	0	0	0	0	0	0	0	0	18350797	0
FFQ	54	0	0	16608	0	0	0	0	0	0	0	0	234836	0	0	0	0	0	0	0	0	0	0	0	0	0	516458	0	0	0	0	0	0	0	0	0	0	0	18332749	0
FFQ	55	0	0	1148	0	0	0	0	0	0	0	0	240032	0	0	0	0	0	0	0	0	0	0	0	0	0	525070	0	0	0	0	0	0	0	0	0	0	0	18333680	0
FFQ	56	0	0	457	0	0	0	0	0	0	0	0	245627	0	0	0	0	0	0	0	0	0	0	0	0	0	535386	0	0	0	0	0	0	0	0	0	0	0	18317653	0
FFQ	57	0	0	0	0	0	0	0	0	0	0	0	244835	0	0	0	0	0	0	0	0	0	0	0	0	0	536584	0	0	0	0	0	0	0	0	0	0	0	18316856	0
FFQ	58	0	0	0	0	0	0	0	0	0	0	0	241669	0	0	0	0	0	0	0	0	0	0	0	0	0	528109	0	0	0	0	0	0	0	0	0	0	0	18327591	0
FFQ	59	0	0	1	0	0	0	0	0	0	0	0	249915	0	0	0	0	0	0	0	0	0	0	0	0	0	541557	0	0	0	0	0	0	0	0	0	0	0	18304852	0
FFQ	60	0	0	0	0	0	0	0	0	0	0	0	250445	0	0	0	0	0	0	0	0	0	0	0	0	0	542571	0	0	0	0	0	0	0	0	0	0	0	18302104	0
FFQ	61	0	0	0	0	0	0	0	0	0	0	0	240317	0	0	0	0	0	0	0	0	0	0	0	0	0	525013	0	0	0	0	0	0	0	0	0	0	0	18328434	0
FFQ	62	0	0	13	0	0	0	0	0	0	0	0	242230	0	0	0	0	0	0	0	0	0	0	0	0	0	534684	0	0	0	0	0	0	0	0	0	0	0	18315274	0
FFQ	63	0	0	10	0	0	0	0	0	0	0	0	252314	0	0	0	0	0	0	0	0	0	0	0	0	0	547514	0	0	0	0	0	0	0	0	0	0	0	18290774	0
FFQ	64	0	0	22	0	0	0	0	0	0	0	0	247442	0	0	0	0	0	0	0	0	0	0	0	0	0	538127	0	0	0	0	0	0	0	0	0	0	0	18303238	0
FFQ	65	0	0	7	0	0	0	0	0	0	0	0	248523	0	0	0	0	0	0	0	0	0	0	0	0	0	541018	0	0	0	0	0	0	0	0	0	0	0	18297395	0
FFQ	66	0	0	0	0	0	0	0	0	0	0	0	257648	0	0	0	0	0	0	0	0	0	0	0	0	0	557683	0	0	0	0	0	0	0	0	0	0	0	18269607	0
FFQ	67	0	0	80	0	0	0	0	0	0	0	0	263684	0	0	0	0	0	0	0	0	0	0	0	0	0	567967	0	0	0	0	0	0	0	0	0	0	0	18251048	0
FFQ	68	0	0	220	0	0	0	0	0	0	0	0	261976	0	0	0	0	0	0	0	0	0	0	0	0	0	567384	0	0	0	0	0	0	0	0	0	0	0	18250662	0
FFQ	69	0	0	163	0	0	0	0	0	0	0	0	262102	0	0	0	0	0	0	0	0	0	0	0	0	0	567219	0	0	0	0	0	0	0	0	0	0	0	18248052	0
FFQ	70	0	0	13	0	0	0	0	0	0	0	0	263703	0	0	0	0	0	0	0	0	0	0	0	0	0	566011	0	0	0	0	0	0	0	0	0	0	0	18244742	0
FFQ	71	0	0	175	0	0	0	0	0	0	0	0	262661	0	0	0	0	0	0	0	0	0	0	0	0	0	563878	0	0	0	0	0	0	0	0	0	0	0	18244242	0
FFQ	72	0	0	202	0	0	0	0	0	0	0	0	267249	0	0	0	0	0	0	0	0	0	0	0	0	0	570511	0	0	0	0	0	0	0	0	0	0	0	18229298	0
FFQ	73	0	0	19	0	0	0	0	0	0	0	0	269215	0	0	0	0	0	0	0	0	0	0	0	0	0	569031	0	0	0	0	0	0	0	0	0	0	0	18224899	0
FFQ	74	0	0	14	0	0	0	0	0	0	0	0	262225	0	0	0	0	0	0	0	0	0	0	0	0	0	562527	0	0	0	0	0	0	0	0	0	0	0	18233584	0
FFQ	75	0	0	4	0	0	0	0	0	0	0	0	266964	0	0	0	0	0	0	0	0	0	0	0	0	0	570302	0	0	0	0	0	0	0	0	0	0	0	18215864	0
FFQ	76	0	0	3	0	0	0	0	0	0	0	0	268400	0	0	0	0	0	0	0	0	0	0	0	0	0	570184	0	0	0	0	0	0	0	0	0	0	0	18208821	0
FFQ	77	0	0	690	0	0	0	0	0	0	0	0	280481	0	0	0	0	0	0	0	0	0	0	0	0	0	589259	0	0	0	0	0	0	0	0	0	0	0	18170842	0
FFQ	78	0	0	250	0	0	0	0	0	0	0	0	277015	0	0	0	0	0	0	0	0	0	0	0	0	0	584507	0	0	0	0	0	0	0	0	0	0	0	18172530	0
FFQ	79	0	0	9	0	0	0	0	0	0	0	0	274431	0	0	0	0	0	0	0	0	0	0	0	0	0	576446	0	0	0	0	0	0	0	0	0	0	0	18175868	0
FFQ	80	0	0	1	0	0	0	0	0	0	0	0	282105	0	0	0	0	0	0	0	0	0	0	0	0	0	592588	0	0	0	0	0	0	0	0	0	0	0	18143429	0
FFQ	81	0	0	6	0	0	0	0	0	0	0	0	286809	0	0	0	0	0	0	0	0	0	0	0	0	0	595751	0	0	0	0	0	0	0	0	0	0	0	18126036	0
FFQ	82	0	0	5	0	0	0	0	0	0	0	0	281928	0	0	0	0	0	0	0	0	0	0	0	0	0	588351	0	0	0	0	0	0	0	0	0	0	0	18127798	0
FFQ	83	0	0	5	0	0	0	0	0	0	0	0	286144	0	0	0	0	0	0	0	0	0	0	0	0	0	596639	0	0	0	0	0	0	0	0	0	0	0	18103403	0
FFQ	84	0	0	19	0	0	0	0	0	0	0	0	287868	0	0	0	0	0	0	0	0	0	0	0	0	0	599111	0	0	0	0	0	0	0	0	0	0	0	18086212	0
FFQ	85	0	0	28	0	0	0	0	0	0	0	0	292329	0	0	0	0	0	0	0	0	0	0	0	0	0	601935	0	0	0	0	0	0	0	0	0	0	0	18064256	0
FFQ	86	0	0	0	0	0	0	0	0	0	0	0	291856	0	0	0	0	0	0	0	0	0	0	0	0	0	606075	0	0	0	0	0	0	0	0	0	0	0	18044243	0
FFQ	87	0	0	0	0	0	0	0	0	0	0	0	291892	0	0	0	0	0	0	0	0	0	0	0	0	0	604733	0	0	0	0	0	0	0	0	0	0	0	18027555	0
FFQ	88	0	0	0	0	0	0	0	0	0	0	0	289694	0	0	0	0	0	0	0	0	0	0	0	0	0	600851	0	0	0	0	0	0	0	0	0	0	0	18014793	0
FFQ	89	0	0	2	0	0	0	0	0	0	0	0	291076	0	0	0	0	0	0	0	0	0	0	0	0	0	605702	0	0	0	0	0	0	0	0	0	0	0	17987138	0
FFQ	90	0	0	1	0	0	0	0	0	0	0	0	291499	0	0	0	0	0	0	0	0	0	0	0	0	0	602682	0	0	0	0	0	0	0	0	0	0	0	17967476	0
FFQ	91	0	0	0	0	0	0	0	0	0	0	0	294936	0	0	0	0	0	0	0	0	0	0	0	0	0	607991	0	0	0	0	0	0	0	0	0	0	0	17933590	0
FFQ	92	0	0	16	0	0	0	0	0	0	0	0	306725	0	0	0	0	0	0	0	0	0	0	0	0	0	626598	0	0	0	0	0	0	0	0	0	0	0	17875515	0
FFQ	93	0	0	0	0	0	0	0	0	0	0	0	305625	0	0	0	0	0	0	0	0	0	0	0	0	0	626704	0	0	0	0	0	0	0	0	0	0	0	17846943	0
FFQ	94	0	0	143	0	0	0	0	0	0	0	0	309135	0	0	0	0	0	0	0	0	0	0	0	0	0	626701	0	0	0	0	0	0	0	0	0	0	0	17810861	0
FFQ	95	0	0	151	0	0	0	0	0	0	0	0	311126	0	0	0	0	0	0	0	0	0	0	0	0	0	629966	0	0	0	0	0	0	0	0	0	0	0	17769928	0
FFQ	96	0	0	95	0	0	0	0	0	0	0	0	313645	0	0	0	0	0	0	0	0	0	0	0	0	0	635729	0	0	0	0	0	0	0	0	0	0	0	17723298	0
FFQ	97	0	0	3	0	0	0	0	0	0	0	0	303787	0	0	0	0	0	0	0	0	0	0	0	0	0	617477	0	0	0	0	0	0	0	0	0	0	0	17711310	0
FFQ	98	0	0	0	0	0	0	0	0	0	0	0	309202	0	0	0	0	0	0	0	0	0	0	0	0	0	637356	0	0	0	0	0	0	0	0	0	0	0	17642261	0
FFQ	99	0	0	1	0	0	0	0	0	0	0	0	322455	0	0	0	0	0	0	0	0	0	0	0	0	0	643354	0	0	0	0	0	0	0	0	0	0	0	17577242	0
FFQ	100	0	0	66	0	0	0	0	0	0	0	0	327513	0	0	0	0	0	0	0	0	0	0	0	0	0	651813	0	0	0	0	0	0	0	0	0	0	0	17514416	0
FFQ	101	0	0	69	0	0	0	0	0	0	0	0	309525	0	0	0	0	0	0	0	0	0	0	0	0	0	626150	0	0	0	0	0	0	0	0	0	0	0	17505070	0
FFQ	102	0	0	32	0	0	0	0	0	0	0	0	314721	0	0	0	0	0	0	0	0	0	0	0	0	0	631813	0	0	0	0	0	0	0	0	0	0	0	17438845	0
FFQ	103	0	0	21	0	0	0	0	0	0	0	0	312663	0	0	0	0	0	0	0	0	0	0	0	0	0	630414	0	0	0	0	0	0	0	0	0	0	0	17383317	0
FFQ	104	0	0	1	0	0	0	0	0	0	0	0	307920	0	0	0	0	0	0	0	0	0	0	0	0	0	626272	0	0	0	0	0	0	0	0	0	0	0	17328586	0
FFQ	105	0	0	1	0	0	0	0	0	0	0	0	318051	0	0	0	0	0	0	0	0	0	0	0	0	0	637632	0	0	0	0	0	0	0	0	0	0	0	17240565	0
FFQ	106	0	0	31	0	0	0	0	0	0	0	0	323179	0	0	0	0	0	0	0	0	0	0	0	0	0	640865	0	0	0	0	0	0	0	0	0	0	0	17162553	0
FFQ	107	0	0	0	0	0	0	0	0	0	0	0	318027	0	0	0	0	0	0	0	0	0	0	0	0	0	636418	0	0	0	0	0	0	0	0	0	0	0	17097645	0
FFQ	108	0	0	2	0	0	0	0	0	0	0	0	313345	0	0	0	0	0	0	0	0	0	0	0	0	0	633478	0	0	0	0	0	0	0	0	0	0	0	17029043	0
FFQ	109	0	0	0	0	0	0	0	0	0	0	0	324262	0	0	0	0	0	0	0	0	0	0	0	0	0	648827	0	0	0	0	0	0	0	0	0	0	0	16924167	0
FFQ	110	0	0	0	0	0	0	0	0	0	0	0	323239	0	0	0	0	0	0	0	0	0	0	0	0	0	644520	0	0	0	0	0	0	0	0	0	0	0	16846825	0
FFQ	111	0	0	6	0	0	0	0	0	0	0	0	323691	0	0	0	0	0	0	0	0	0	0	0	0	0	650731	0	0	0	0	0	0	0	0	0	0	0	16755243	0
FFQ	112	0	0	31	0	0	0	0	0	0	0	0	324110	0	0	0	0	0	0	0	0	0	0	0	0	0	640662	0	0	0	0	0	0	0	0	0	0	0	16675703	0
FFQ	113	0	0	14	0	0	0	0	0	0	0	0	315070	0	0	0	0	0	0	0	0	0	0	0	0	0	634342	0	0	0	0	0	0	0	0	0	0	0	16596074	0
FFQ	114	0	0	886	0	0	0	0	0	0	0	0	317917	0	0	0	0	0	0	0	0	0	0	0	0	0	635466	0	0	0	0	0	0	0	0	0	0	0	16494969	0
FFQ	115	0	0	437	0	0	0	0	0	0	0	0	311872	0	0	0	0	0	0	0	0	0	0	0	0	0	627554	0	0	0	0	0	0	0	0	0	0	0	16410000	0
FFQ	116	0	0	0	0	0	0	0	0	0	0	0	310125	0	0	0	0	0	0	0	0	0	0	0	0	0	629407	0	0	0	0	0	0	0	0	0	0	0	16305723	0
FFQ	117	0	0	60	0	0	0	0	0	0	0	0	307245	0	0	0	0	0	0	0	0	0	0	0	0	0	618109	0	0	0	0	0	0	0	0	0	0	0	16213942	0
FFQ	118	0	0	210	0	0	0	0	0	0	0	0	306209	0	0	0	0	0	0	0	0	0	0	0	0	0	623949	0	0	0	0	0	0	0	0	0	0	0	16099414	0
FFQ	119	0	0	133	0	0	0	0	0	0	0	0	310625	0	0	0	0	0	0	0	0	0	0	0	0	0	622233	0	0	0	0	0	0	0	0	0	0	0	15985490	0
FFQ	120	0	0	0	0	0	0	0	0	0	0	0	325634	0	0	0	0	0	0	0	0	0	0	0	0	0	643198	0	0	0	0	0	0	0	0	0	0	0	15836998	0
FFQ	121	0	0	4	0	0	0	0	0	0	0	0	320909	0	0	0	0	0	0	0	0	0	0	0	0	0	634254	0	0	0	0	0	0	0	0	0	0	0	15736167	0
FFQ	122	0	0	0	0	0	0	0	0	0	0	0	312739	0	0	0	0	0	0	0	0	0	0	0	0	0	624633	0	0	0	0	0	0	0	0	0	0	0	15635664	0
FFQ	123	0	0	0	0	0	0	0	0	0	0	0	321809	0	0	0	0	0	0	0	0	0	0	0	0	0	641804	0	0	0	0	0	0	0	0	0	0	0	15487232	0
FFQ	124	0	0	16	0	0	0	0	0	0	0	0	310790	0	0	0	0	0	0	0	0	0	0	0	0	0	619101	0	0	0	0	0	0	0	0	0	0	0	15398082	0
FFQ	125	0	0	0	0	0	0	0	0	0	0	0	308231	0	0	0	0	0	0	0	0	0	0	0	0	0	619009	0	0	0	0	0	0	0	0	0	0	0	15273338	0
FFQ	126	0	0	0	0	0	0	0	0	0	0	0	317635	0	0	0	0	0	0	0	0	0	0	0	0	0	628942	0	0	0	0	0	0	0	0	0	0	0	15126795	0
FFQ	127	0	0	0	0	0	0	0	0	0	0	0	318243	0	0	0	0	0	0	0	0	0	0	0	0	0	623344	0	0	0	0	0	0	0	0	0	0	0	15003002	0
FFQ	128	0	0	0	0	0	0	0	0	0	0	0	318955	0	0	0	0	0	0	0	0	0	0	0	0	0	632553	0	0	0	0	0	0	0	0	0	0	0	14860866	0
FFQ	129	0	0	0	0	0	0	0	0	0	0	0	314237	0	0	0	0	0	0	0	0	0	0	0	0	0	615489	0	0	0	0	0	0	0	0	0	0	0	14751526	0
FFQ	130	0	0	0	0	0	0	0	0	0	0	0	311915	0	0	0	0	0	0	0	0	0	0	0	0	0	614289	0	0	0	0	0	0	0	0	0	0	0	14623843	0
FFQ	131	0	0	0	0	0	0	0	0	0	0	0	320004	0	0	0	0	0	0	0	0	0	0	0	0	0	630007	0	0	0	0	0	0	0	0	0	0	0	14465532	0
FFQ	132	0	0	0	0	0	0	0	0	0	0	0	331211	0	0	0	0	0	0	0	0	0	0	0	0	0	635750	0	0	0	0	0	0	0	0	0	0	0	14314914	0
FFQ	133	0	0	16	0	0	0	0	0	0	0	0	321324	0	0	0	0	0	0	0	0	0	0	0	0	0	622351	0	0	0	0	0	0	0	0	0	0	0	14201927	0
FFQ	134	0	0	0	0	0	0	0	0	0	0	0	316983	0	0	0	0	0	0	0	0	0	0	0	0	0	614537	0	0	0	0	0	0	0	0	0	0	0	14074459	0
FFQ	135	0	0	0	0	0	0	0	0	0	0	0	318917	0	0	0	0	0	0	0	0	0	0	0	0	0	617859	0	0	0	0	0	0	0	0	0	0	0	13928946	0
FFQ	136	0	0	0	0	0	0	0	0	0	0	0	310147	0	0	0	0	0	0	0	0	0	0	0	0	0	603484	0	0	0	0	0	0	0	0	0	0	0	13810851	0
FFQ	137	0	0	6	0	0	0	0	0	0	0	0	314208	0	0	0	0	0	0	0	0	0	0	0	0	0	610563	0	0	0	0	0	0	0	0	0	0	0	13654940	0
FFQ	138	0	0	6	0	0	0	0	0	0	0	0	318109	0	0	0	0	0	0	0	0	0	0	0	0	0	614288	0	0	0	0	0	0	0	0	0	0	0	13503708	0
FFQ	139	0	0	2	0	0	0	0	0	0	0	0	305753	0	0	0	0	0	0	0	0	0	0	0	0	0	600113	0	0	0	0	0	0	0	0	0	0	0	13386438	0
FFQ	140	0	0	3	0	0	0	0	0	0	0	0	305018	0	0	0	0	0	0	0	0	0	0	0	0	0	600612	0	0	0	0	0	0	0	0	0	0	0	13241427	0
FFQ	141	0	0	4	0	0	0	0	0	0	0	0	307653	0	0	0	0	0	0	0	0	0	0	0	0	0	598500	0	0	0	0	0	0	0	0	0	0	0	13096769	0
FFQ	142	0	0	9	0	0	0	0	0	0	0	0	308594	0	0	0	0	0	0	0	0	0	0	0	0	0	600490	0	0	0	0	0	0	0	0	0	0	0	12949192	0
FFQ	143	0	0	0	0	0	0	0	0	0	0	0	315164	0	0	0	0	0	0	0	0	0	0	0	0	0	607033	0	0	0	0	0	0	0	0	0	0	0	12788616	0
FFQ	144	0	0	0	0	0	0	0	0	0	0	0	310590	0	0	0	0	0	0	0	0	0	0	0	0	0	602668	0	0	0	0	0	0	0	0	0	0	0	12648299	0
FFQ	145	0	0	23	0	0	0	0	0	0	0	0	296557	0	0	0	0	0	0	0	0	0	0	0	0	0	586334	0	0	0	0	0	0	0	0	0	0	0	12529251	0
FFQ	146	0	0	8019	0	0	0	0	0	0	0	0	307117	0	0	0	0	0	0	0	0	0	0	0	0	0	602780	0	0	0	0	0	0	0	0	0	0	0	12336585	0
FFQ	147	0	0	149	0	0	0	0	0	0	0	0	297209	0	0	0	0	0	0	0	0	0	0	0	0	0	596346	0	0	0	0	0	0	0	0	0	0	0	12185319	0
FFQ	148	0	0	4	0	0	0	0	0	0	0	0	264513	0	0	0	0	0	0	0	0	0	0	0	0	0	574777	0	0	0	0	0	0	0	0	0	0	0	12064318	0
FFQ	149	0	0	97	0	0	0	0	0	0	0	0	273350	0	0	0	0	0	0	0	0	0	0	0	0	0	583810	0	0	0	0	0	0	0	0	0	0	0	11897611	0
FFQ	150	0	0	0	0	0	0	0	0	0	0	0	283323	0	0	0	0	0	0	0	0	0	0	0	0	0	593274	0	0	0	0	0	0	0	0	0	0	0	11732690	0
FFQ	151	0	0	0	0	0	0	0	0	0	0	0	350851	0	0	0	0	0	0	0	0	0	0	0	0	0	708818	0	0	0	0	0	0	0	0	0	0	0	11401227	0
# Last Fragment Qualities. Use `grep ^LFQ | cut -f 2-` to extract this part.
# Columns correspond to qualities and rows to cycles. First column is the cycle number.
LFQ	1	0	0	0	0	0	0	0	0	0	0	0	191659	0	0	0	0	0	0	0	0	0	0	0	0	0	451014	0	0	0	0	0	0	0	0	0	0	0	18465341	0
LFQ	2	0	0	44	0	0	0	0	0	0	0	0	182535	0	0	0	0	0	0	0	0	0	0	0	0	0	456460	0	0	0	0	0	0	0	0	0	0	0	18468975	0
LFQ	3	0	0	86	0	0	0	0	0	0	0	0	180808	0	0	0	0	0	0	0	0	0	0	0	0	0	448337	0	0	0	0	0	0	0	0	0	0	0	18478783	0
LFQ	4	0	0	94	0	0	0	0	0	0	0	0	164367	0	0	0	0	0	0	0	0	0	0	0	0	0	423210	0	0	0	0	0	0	0	0	0	0	0	18520343	0
LFQ	5	0	0	0	0	0	0	0	0	0	0	0	171547	0	0	0	0	0	0	0	0	0	0	0	0	0	422684	0	0	0	0	0	0	0	0	0	0	0	18513783	0
LFQ	6	0	0	0	0	0	0	0	0	0	0	0	183085	0	0	0	0	0	0	0	0	0	0	0	0	0	464120	0	0	0	0	0	0	0	0	0	0	0	18460809	0
LFQ	7	0	0	0	0	0	0	0	0	0	0	0	200896	0	0	0	0	0	0	0	0	0	0	0	0	0	490240	0	0	0	0	0	0	0	0	0	0	0	18416878	0
LFQ	8	0	0	0	0	0	0	0	0	0	0	0	189657	0	0	0	0	0	0	0	0	0	0	0	0	0	451202	0	0	0	0	0	0	0	0	0	0	0	18467155	0
LFQ	9	0	0	0	0	0	0	0	0	0	0	0	191009	0	0	0	0	0	0	0	0	0	0	0	0	0	464428	0	0	0	0	0	0	0	0	0	0	0	18452577	0
LFQ	10	0	0	496	0	0	0	0	0	0	0	0	178336	0	0	0	0	0	0	0	0	0	0	0	0	0	450992	0	0	0	0	0	0	0	0	0	0	0	18478190	0
LFQ	11	0	0	0	0	0	0	0	0	0	0	0	172610	0	0	0	0	0	0	0	0	0	0	0	0	0	423698	0	0	0	0	0	0	0	0	0	0	0	18511706	0
LFQ	12	0	0	0	0	0	0	0	0	0	0	0	178656	0	0	0	0	0	0	0	0	0	0	0	0	0	432296	0	0	0	0	0	0	0	0	0	0	0	18497062	0
LFQ	13	0	0	0	0	0	0	0	0	0	0	0	175648	0	0	0	0	0	0	0	0	0	0	0	0	0	432784	0	0	0	0	0	0	0	0	0	0	0	18499582	0
LFQ	14	0	0	0	0	0	0	0	0	0	0	0	179234	0	0	0	0	0	0	0	0	0	0	0	0	0	445489	0	0	0	0	0	0	0	0	0	0	0	18483291	0
LFQ	15	0	0	0	0	0	0	0	0	0	0	0	181928	0	0	0	0	0	0	0	0	0	0	0	0	0	448647	0	0	0	0	0	0	0	0	0	0	0	18477439	0
LFQ	16	0	0	0	0	0	0	0	0	0	0	0	183964	0	0	0	0	0	0	0	0	0	0	0	0	0	455164	0	0	0	0	0	0	0	0	0	0	0	18468886	0
LFQ	17	0	0	0	0	0	0	0	0	0	0	0	185052	0	0	0	0	0	0	0	0	0	0	0	0	0	457580	0	0	0	0	0	0	0	0	0	0	0	18465382	0
LFQ	18	0	0	0	0	0	0	0	0	0	0	0	184931	0	0	0	0	0	0	0	0	0	0	0	0	0	455579	0	0	0	0	0	0	0	0	0	0	0	18467504	0
LFQ	19	0	0	0	0	0	0	0	0	0	0	0	190017	0	0	0	0	0	0	0	0	0	0	0	0	0	463985	0	0	0	0	0	0	0	0	0	0	0	18454012	0
LFQ	20	0	0	6	0	0	0	0	0	0	0	0	186340	0	0	0	0	0	0	0	0	0	0	0	0	0	459464	0	0	0	0	0	0	0	0	0	0	0	18462204	0
LFQ	21	0	0	0	0	0	0	0	0	0	0	0	192910	0	0	0	0	0	0	0	0	0	0	0	0	0	474022	0	0	0	0	0	0	0	0	0	0	0	18441082	0
LFQ	22	0	0	0	0	0	0	0	0	0	0	0	187780	0	0	0	0	0	0	0	0	0	0	0	0	0	462287	0	0	0	0	0	0	0	0	0	0	0	18457947	0
LFQ	23	0	0	0	0	0	0	0	0	0	0	0	191140	0	0	0	0	0	0	0	0	0	0	0	0	0	472029	0	0	0	0	0	0	0	0	0	0	0	18444845	0
LFQ	24	0	0	0	0	0	0	0	0	0	0	0	192919	0	0	0	0	0	0	0	0	0	0	0	0	0	475662	0	0	0	0	0	0	0	0	0	0	0	18439433	0
LFQ	25	0	0	125	0	0	0	0	0	0	0	0	196358	0	0	0	0	0	0	0	0	0	0	0	0	0	482342	0	0	0	0	0	0	0	0	0	0	0	18429189	0
LFQ	26	0	0	1	0	0	0	0	0	0	0	0	195147	0	0	0	0	0	0	0	0	0	0	0	0	0	481048	0	0	0	0	0	0	0	0	0	0	0	18431818	0
LFQ	27	0	0	10	0	0	0	0	0	0	0	0	199508	0	0	0	0	0	0	0	0	0	0	0	0	0	489376	0	0	0	0	0	0	0	0	0	0	0	18419120	0
LFQ	28	0	0	0	0	0	0	0	0	0	0	0	200191	0	0	0	0	0	0	0	0	0	0	0	0	0	487170	0	0	0	0	0	0	0	0	0	0	0	18420653	0
LFQ	29	0	0	0	0	0	0	0	0	0	0	0	200494	0	0	0	0	0	0	0	0	0	0	0	0	0	491728	0	0	0	0	0	0	0	0	0	0	0	18415792	0
LFQ	30	0	0	0	0	0	0	0	0	0	0	0	207692	0	0	0	0	0	0	0	0	0	0	0	0	0	501908	0	0	0	0	0	0	0	0	0	0	0	18398414	0
LFQ	31	0	0	0	0	0	0	0	0	0	0	0	200059	0	0	0	0	0	0	0	0	0	0	0	0	0	487880	0	0	0	0	0	0	0	0	0	0	0	18420075	0
LFQ	32	0	0	153	0	0	0	0	0	0	0	0	208422	0	0	0	0	0	0	0	0	0	0	0	0	0	503667	0	0	0	0	0	0	0	0	0	0	0	18395772	0
LFQ	33	0	0	0	0	0	0	0	0	0	0	0	205985	0	0	0	0	0	0	0	0	0	0	0	0	0	499374	0	0	0	0	0	0	0	0	0	0	0	18402655	0
LFQ	34	0	0	0	0	0	0	0	0	0	0	0	208834	0	0	0	0	0	0	0	0	0	0	0	0	0	503784	0	0	0	0	0	0	0	0	0	0	0	18395396	0
LFQ	35	0	0	0	0	0	0	0	0	0	0	0	211837	0	0	0	0	0	0	0	0	0	0	0	0	0	509797	0	0	0	0	0	0	0	0	0	0	0	18386380	0
LFQ	36	0	0	0	0	0	0	0	0	0	0	0	209863	0	0	0	0	0	0	0	0	0	0	0	0	0	505948	0	0	0	0	0	0	0	0	0	0	0	18391987	0
LFQ	37	0	0	0	0	0	0	0	0	0	0	0	212715	0	0	0	0	0	0	0	0	0	0	0	0	0	508700	0	0	0	0	0	0	0	0	0	0	0	18386171	0
LFQ	38	0	0	0	0	0	0	0	0	0	0	0	218513	0	0	0	0	0	0	0	0	0	0	0	0	0	522838	0	0	0	0	0	0	0	0	0	0	0	18366054	0
LFQ	39	0	0	0	0	0	0	0	0	0	0	0	212145	0	0	0	0	0	0	0	0	0	0	0	0	0	511273	0	0	0	0	0	0	0	0	0	0	0	18383779	0
LFQ	40	0	0	0	0	0	0	0	0	0	0	0	214643	0	0	0	0	0	0	0	0	0	0	0	0	0	514407	0	0	0	0	0	0	0	0	0	0	0	18377923	0
LFQ	41	0	0	197	0	0	0	0	0	0	0	0	217618	0	0	0	0	0	0	0	0	0	0	0	0	0	520298	0	0	0	0	0	0	0	0	0	0	0	18368598	0
LFQ	42	0	0	0	0	0	0	0	0	0	0	0	217029	0	0	0	0	0	0	0	0	0	0	0	0	0	517130	0	0	0	0	0	0	0	0	0	0	0	18372296	0
LFQ	43	0	0	0	0	0	0	0	0	0	0	0	216985	0	0	0	0	0	0	0	0	0	0	0	0	0	516945	0	0	0	0	0	0	0	0	0	0	0	18372235	0
LFQ	44	0	0	0	0	0	0	0	0	0	0	0	226142	0	0	0	0	0	0	0	0	0	0	0	0	0	534085	0	0	0	0	0	0	0	0	0	0	0	18345651	0
LFQ	45	0	0	0	0	0	0	0	0	0	0	0	227620	0	0	0	0	0	0	0	0	0	0	0	0	0	539440	0	0	0	0	0	0	0	0	0	0	0	18338535	0
LFQ	46	0	0	0	0	0	0	0	0	0	0	0	237194	0	0	0	0	0	0	0	0	0	0	0	0	0	553334	0	0	0	0	0	0	0	0	0	0	0	18314711	0
LFQ	47	0	0	0	0	0	0	0	0	0	0	0	242525	0	0	0	0	0	0	0	0	0	0	0	0	0	563316	0	0	0	0	0	0	0	0	0	0	0	18299065	0
LFQ	48	0	0	0	0	0	0	0	0	0	0	0	243577	0	0	0	0	0	0	0	0	0	0	0	0	0	566375	0	0	0	0	0	0	0	0	0	0	0	18294577	0
LFQ	49	0	0	0	0	0	0	0	0	0	0	0	241562	0	0	0	0	0	0	0	0	0	0	0	0	0	562057	0	0	0	0	0	0	0	0	0	0	0	18300414	0
LFQ	50	0	0	1	0	0	0	0	0	0	0	0	240274	0	0	0	0	0	0	0	0	0	0	0	0	0	559490	0	0	0	0	0	0	0	0	0	0	0	18303689	0
LFQ	51	0	0	8	0	0	0	0	0	0	0	0	228542	0	0	0	0	0	0	0	0	0	0	0	0	0	541505	0	0	0	0	0	0	0	0	0	0	0	18332757	0
LFQ	52	0	0	10	0	0	0	0	0	0	0	0	232623	0	0	0	0	0	0	0	0	0	0	0	0	0	545414	0	0	0	0	0	0	0	0	0	0	0	18324108	0
LFQ	53	0	0	0	0	0	0	0	0	0	0	0	243105	0	0	0	0	0	0	0	0	0	0	0	0	0	562657	0	0	0	0	0	0	0	0	0	0	0	18295670	0
LFQ	54	0	0	0	0	0	0	0	0	0	0	0	241527	0	0	0	0	0	0	0	0	0	0	0	0	0	560124	0	0	0	0	0	0	0	0	0	0	0	18299000	0
LFQ	55	0	0	0	0	0	0	0	0	0	0	0	239054	0	0	0	0	0	0	0	0	0	0	0	0	0	557482	0	0	0	0	0	0	0	0	0	0	0	18303407	0
LFQ	56	0	0	0	0	0	0	0	0	0	0	0	250587	0	0	0	0	0	0	0	0	0	0	0	0	0	577439	0	0	0	0	0	0	0	0	0	0	0	18271144	0
LFQ	57	0	0	4	0	0	0	0	0	0	0	0	243253	0	0	0	0	0	0	0	0	0	0	0	0	0	565867	0	0	0	0	0	0	0	0	0	0	0	18289199	0
LFQ	58	0	0	1	0	0	0	0	0	0	0	0	246837	0	0	0	0	0	0	0	0	0	0	0	0	0	566971	0	0	0	0	0	0	0	0	0	0	0	18283619	0
LFQ	59	0	0	0	0	0	0	0	0	0	0	0	243342	0	0	0	0	0	0	0	0	0	0	0	0	0	564225	0	0	0	0	0	0	0	0	0	0	0	18288843	0
LFQ	60	0	0	0	0	0	0	0	0	0	0	0	246883	0	0	0	0	0	0	0	0	0	0	0	0	0	570747	0	0	0	0	0	0	0	0	0	0	0	18277611	0
LFQ	61	0	0	0	0	0	0	0	0	0	0	0	256007	0	0	0	0	0	0	0	0	0	0	0	0	0	582135	0	0	0	0	0	0	0	0	0	0	0	18255772	0
LFQ	62	0	0	349	0	0	0	0	0	0	0	0	256772	0	0	0	0	0	0	0	0	0	0	0	0	0	585516	0	0	0	0	0	0	0	0	0	0	0	18249739	0
LFQ	63	0	0	0	0	0	0	0	0	0	0	0	258396	0	0	0	0	0	0	0	0	0	0	0	0	0	584440	0	0	0	0	0	0	0	0	0	0	0	18247973	0
LFQ	64	0	0	0	0	0	0	0	0	0	0	0	251881	0	0	0	0	0	0	0	0	0	0	0	0	0	577496	0	0	0	0	0	0	0	0	0	0	0	18259686	0
LFQ	65	0	0	0	0	0	0	0	0	0	0	0	258964	0	0	0	0	0	0	0	0	0	0	0	0	0	592040	0	0	0	0	0	0	0	0	0	0	0	18236205	0
LFQ	66	0	0	0	0	0	0	0	0	0	0	0	267589	0	0	0	0	0	0	0	0	0	0	0	0	0	607670	0	0	0	0	0	0	0	0	0	0	0	18209983	0
LFQ	67	0	0	0	0	0	0	0	0	0	0	0	275327	0	0	0	0	0	0	0	0	0	0	0	0	0	615759	0	0	0	0	0	0	0	0	0	0	0	18192019	0
LFQ	68	0	0	0	0	0	0	0	0	0	0	0	270576	0	0	0	0	0	0	0	0	0	0	0	0	0	612835	0	0	0	0	0	0	0	0	0	0	0	18197194	0
LFQ	69	0	0	385	0	0	0	0	0	0	0	0	268597	0	0	0	0	0	0	0	0	0	0	0	0	0	609894	0	0	0	0	0	0	0	0	0	0	0	18199063	0
LFQ	70	0	0	0	0	0	0	0	0	0	0	0	290115	0	0	0	0	0	0	0	0	0	0	0	0	0	641394	0	0	0	0	0	0	0	0	0	0	0	18143436	0
LFQ	71	0	0	0	0	0	0	0	0	0	0	0	284532	0	0	0	0	0	0	0	0	0	0	0	0	0	636724	0	0	0	0	0	0	0	0	0	0	0	18150221	0
LFQ	72	0	0	0	0	0	0	0	0	0	0	0	275887	0	0	0	0	0	0	0	0	0	0	0	0	0	621861	0	0	0	0	0	0	0	0	0	0	0	18170057	0
LFQ	73	0	0	0	0	0	0	0	0	0	0	0	272289	0	0	0	0	0	0	0	0	0	0	0	0	0	616585	0	0	0	0	0	0	0	0	0	0	0	18174872	0
LFQ	74	0	0	0	0	0	0	0	0	0	0	0	280711	0	0	0	0	0	0	0	0	0	0	0	0	0	631613	0	0	0	0	0	0	0	0	0	0	0	18146641	0
LFQ	75	0	0	1	0	0	0	0	0	0	0	0	283006	0	0	0	0	0	0	0	0	0	0	0	0	0	634260	0	0	0	0	0	0	0	0	0	0	0	18136519	0
LFQ	76	0	0	0	0	0	0	0	0	0	0	0	287958	0	0	0	0	0	0	0	0	0	0	0	0	0	638617	0	0	0	0	0	0	0	0	0	0	0	18121531	0
LFQ	77	0	0	11	0	0	0	0	0	0	0	0	274187	0	0	0	0	0	0	0	0	0	0	0	0	0	621416	0	0	0	0	0	0	0	0	0	0	0	18146398	0
LFQ	78	0	0	0	0	0	0	0	0	0	0	0	273921	0	0	0	0	0	0	0	0	0	0	0	0	0	620245	0	0	0	0	0	0	0	0	0	0	0	18140951	0
LFQ	79	0	0	7	0	0	0	0	0	0	0	0	275531	0	0	0	0	0	0	0	0	0	0	0	0	0	621304	0	0	0	0	0	0	0	0	0	0	0	18130753	0
LFQ	80	0	0	0	0	0	0	0	0	0	0	0	283945	0	0	0	0	0	0	0	0	0	0	0	0	0	637123	0	0	0	0	0	0	0	0	0	0	0	18098023	0
LFQ	81	0	0	0	0	0	0	0	0	0	0	0	287388	0	0	0	0	0	0	0	0	0	0	0	0	0	643623	0	0	0	0	0	0	0	0	0	0	0	18078622	0
LFQ	82	0	0	11	0	0	0	0	0	0	0	0	293811	0	0	0	0	0	0	0	0	0	0	0	0	0	650015	0	0	0	0	0	0	0	0	0	0	0	18055374	0
LFQ	83	0	0	0	0	0	0	0	0	0	0	0	302919	0	0	0	0	0	0	0	0	0	0	0	0	0	663487	0	0	0	0	0	0	0	0	0	0	0	18020954	0
LFQ	84	0	0	0	0	0	0	0	0	0	0	0	297259	0	0	0	0	0	0	0	0	0	0	0	0	0	656251	0	0	0	0	0	0	0	0	0	0	0	18020953	0
LFQ	85	0	0	0	0	0	0	0	0	0	0	0	290781	0	0	0	0	0	0	0	0	0	0	0	0	0	645055	0	0	0	0	0	0	0	0	0	0	0	18024054	0
LFQ	86	0	0	0	0	0	0	0	0	0	0	0	310805	0	0	0	0	0	0	0	0	0	0	0	0	0	672157	0	0	0	0	0	0	0	0	0	0	0	17960621	0
LFQ	87	0	0	0	0	0	0	0	0	0	0	0	303393	0	0	0	0	0	0	0	0	0	0	0	0	0	666799	0	0	0	0	0	0	0	0	0	0	0	17955503	0
LFQ	88	0	0	0	0	0	0	0	0	0	0	0	301213	0	0	0	0	0	0	0	0	0	0	0	0	0	659077	0	0	0	0	0	0	0	0	0	0	0	17946635	0
LFQ	89	0	0	0	0	0	0	0	0	0	0	0	304861	0	0	0	0	0	0	0	0	0	0	0	0	0	668966	0	0	0	0	0	0	0	0	0	0	0	17911751	0
LFQ	90	0	0	0	0	0	0	0	0	0	0	0	310145	0	0	0	0	0	0	0	0	0	0	0	0	0	677179	0	0	0	0	0	0	0	0	0	0	0	17876053	0
LFQ	91	0	0	92	0	0	0	0	0	0	0	0	299990	0	0	0	0	0	0	0	0	0	0	0	0	0	661631	0	0	0	0	0	0	0	0	0	0	0	17876632	0
LFQ	92	0	0	0	0	0	0	0	0	0	0	0	308624	0	0	0	0	0	0	0	0	0	0	0	0	0	675637	0	0	0	0	0	0	0	0	0	0	0	17826529	0
LFQ	93	0	0	0	0	0	0	0	0	0	0	0	311163	0	0	0	0	0	0	0	0	0	0	0	0	0	675650	0	0	0	0	0	0	0	0	0	0	0	17794442	0
LFQ	94	0	0	6	0	0	0	0	0	0	0	0	312134	0	0	0	0	0	0	0	0	0	0	0	0	0	679542	0	0	0	0	0	0	0	0	0	0	0	17757214	0
LFQ	95	0	0	0	0	0	0	0	0	0	0	0	341403	0	0	0	0	0	0	0	0	0	0	0	0	0	722803	0	0	0	0	0	0	0	0	0	0	0	17649123	0
LFQ	96	0	0	1	0	0	0	0	0	0	0	0	330158	0	0	0	0	0	0	0	0	0	0	0	0	0	702045	0	0	0	0	0	0	0	0	0	0	0	17642860	0
LFQ	97	0	0	2	0	0	0	0	0	0	0	0	315089	0	0	0	0	0	0	0	0	0	0	0	0	0	684566	0	0	0	0	0	0	0	0	0	0	0	17635352	0
LFQ	98	0	0	0	0	0	0	0	0	0	0	0	321805	0	0	0	0	0	0	0	0	0	0	0	0	0	694111	0	0	0	0	0	0	0	0	0	0	0	17575474	0
LFQ	99	0	0	13	0	0	0	0	0	0	0	0	313566	0	0	0	0	0	0	0	0	0	0	0	0	0	682374	0	0	0	0	0	0	0	0	0	0	0	17549807	0
LFQ	100	0	0	1	0	0	0	0	0	0	0	0	324029	0	0	0	0	0	0	0	0	0	0	0	0	0	692780	0	0	0	0	0	0	0	0	0	0	0	17479863	0
LFQ	101	0	0	3	0	0	0	0	0	0	0	0	315458	0	0	0	0	0	0	0	0	0	0	0	0	0	683062	0	0	0	0	0	0	0	0	0	0	0	17445309	0
LFQ	102	0	0	13	0	0	0	0	0	0	0	0	314056	0	0	0	0	0	0	0	0	0	0	0	0	0	679491	0	0	0	0	0	0	0	0	0	0	0	17395092	0
LFQ	103	0	0	1	0	0	0	0	0	0	0	0	316977	0	0	0	0	0	0	0	0	0	0	0	0	0	684747	0	0	0	0	0	0	0	0	0	0	0	17328080	0
LFQ	104	0	0	35	0	0	0	0	0	0	0	0	318347	0	0	0	0	0	0	0	0	0	0	0	0	0	687672	0	0	0	0	0	0	0	0	0	0	0	17260338	0
LFQ	105	0	0	0	0	0	0	0	0	0	0	0	336748	0	0	0	0	0	0	0	0	0	0	0	0	0	711836	0	0	0	0	0	0	0	0	0	0	0	17151469	0
LFQ	106	0	0	2	0	0	0	0	0	0	0	0	323350	0	0	0	0	0	0	0	0	0	0	0	0	0	692875	0	0	0	0	0	0	0	0	0	0	0	17114381	0
LFQ	107	0	0	895	0	0	0	0	0	0	0	0	328060	0	0	0	0	0	0	0	0	0	0	0	0	0	699782	0	0	0	0	0	0	0	0	0	0	0	17027571	0
LFQ	108	0	0	0	0	0	0	0	0	0	0	0	323036	0	0	0	0	0	0	0	0	0	0	0	0	0	690909	0	0	0	0	0	0	0	0	0	0	0	16966416	0
LFQ	109	0	0	0	0	0	0	0	0	0	0	0	325778	0	0	0	0	0	0	0	0	0	0	0	0	0	694787	0	0	0	0	0	0	0	0	0	0	0	16881514	0
LFQ	110	0	0	0	0	0	0	0	0	0	0	0	341026	0	0	0	0	0	0	0	0	0	0	0	0	0	717109	0	0	0	0	0	0	0	0	0	0	0	16761548	0
LFQ	111	0	0	0	0	0	0	0	0	0	0	0	335653	0	0	0	0	0	0	0	0	0	0	0	0	0	706342	0	0	0	0	0	0	0	0	0	0	0	16693060	0
LFQ	112	0	0	0	0	0	0	0	0	0	0	0	321767	0	0	0	0	0	0	0	0	0	0	0	0	0	687676	0	0	0	0	0	0	0	0	0	0	0	16636713	0
LFQ	113	0	0	0	0	0	0	0	0	0	0	0	338195	0	0	0	0	0	0	0	0	0	0	0	0	0	709974	0	0	0	0	0	0	0	0	0	0	0	16503276	0
LFQ	114	0	0	0	0	0	0	0	0	0	0	0	336918	0	0	0	0	0	0	0	0	0	0	0	0	0	710510	0	0	0	0	0	0	0	0	0	0	0	16408079	0
LFQ	115	0	0	0	0	0	0	0	0	0	0	0	347426	0	0	0	0	0	0	0	0	0	0	0	0	0	722459	0	0	0	0	0	0	0	0	0	0	0	16286480	0
LFQ	116	0	0	1	0	0	0	0	0	0	0	0	362154	0	0	0	0	0	0	0	0	0	0	0	0	0	741546	0	0	0	0	0	0	0	0	0	0	0	16148350	0
LFQ	117	0	0	5	0	0	0	0	0	0	0	0	359327	0	0	0	0	0	0	0	0	0	0	0	0	0	741790	0	0	0	0	0	0	0	0	0	0	0	16045345	0
LFQ	118	0	0	0	0	0	0	0	0	0	0	0	355428	0	0	0	0	0	0	0	0	0	0	0	0	0	730540	0	0	0	0	0	0	0	0	0	0	0	15951190	0
LFQ	119	0	0	0	0	0	0	0	0	0	0	0	365606	0	0	0	0	0	0	0	0	0	0	0	0	0	742597	0	0	0	0	0	0	0	0	0	0	0	15817976	0
LFQ	120	0	0	0	0	0	0	0	0	0	0	0	356567	0	0	0	0	0	0	0	0	0	0	0	0	0	732472	0	0	0	0	0	0	0	0	0	0	0	15724756	0
LFQ	121	0	0	0	0	0	0	0	0	0	0	0	344995	0	0	0	0	0	0	0	0	0	0	0	0	0	711005	0	0	0	0	0	0	0	0	0	0	0	15643600	0
LFQ	122	0	0	2	0	0	0	0	0	0	0	0	350462	0	0	0	0	0	0	0	0	0	0	0	0	0	721315	0	0	0	0	0	0	0	0	0	0	0	15509878	0
LFQ	123	0	0	16	0	0	0	0	0	0	0	0	360476	0	0	0	0	0	0	0	0	0	0	0	0	0	733558	0	0	0	0	0	0	0	0	0	0	0	15365798	0
LFQ	124	0	0	1	0	0	0	0	0	0	0	0	332601	0	0	0	0	0	0	0	0	0	0	0	0	0	691952	0	0	0	0	0	0	0	0	0	0	0	15312805	0
LFQ	125	0	0	2	0	0	0	0	0	0	0	0	329211	0	0	0	0	0	0	0	0	0	0	0	0	0	688601	0	0	0	0	0	0	0	0	0	0	0	15192427	0
LFQ	126	0	0	14	0	0	0	0	0	0	0	0	352347	0	0	0	0	0	0	0	0	0	0	0	0	0	721118	0	0	0	0	0	0	0	0	0	0	0	15009937	0
LFQ	127	0	0	7	0	0	0	0	0	0	0	0	354290	0	0	0	0	0	0	0	0	0	0	0	0	0	721123	0	0	0	0	0	0	0	0	0	0	0	14879623	0
LFQ	128	0	0	27	0	0	0	0	0	0	0	0	346493	0	0	0	0	0	0	0	0	0	0	0	0	0	710003	0	0	0	0	0	0	0	0	0	0	0	14766649	0
LFQ	129	0	0	0	0	0	0	0	0	0	0	0	358849	0	0	0	0	0	0	0	0	0	0	0	0	0	727483	0	0	0	0	0	0	0	0	0	0	0	14606107	0
LFQ	130	0	0	1	0	0	0	0	0	0	0	0	356807	0	0	0	0	0	0	0	0	0	0	0	0	0	723750	0	0	0	0	0	0	0	0	0	0	0	14481038	0
LFQ	131	0	0	21	0	0	0	0	0	0	0	0	346807	0	0	0	0	0	0	0	0	0	0	0	0	0	708869	0	0	0	0	0	0	0	0	0	0	0	14371752	0
LFQ	132	0	0	26	0	0	0	0	0	0	0	0	348761	0	0	0	0	0	0	0	0	0	0	0	0	0	709452	0	0	0	0	0	0	0	0	0	0	0	14235868	0
LFQ	133	0	0	6	0	0	0	0	0	0	0	0	351034	0	0	0	0	0	0	0	0	0	0	0	0	0	711041	0	0	0	0	0	0	0	0	0	0	0	14096173	0
LFQ	134	0	0	0	0	0	0	0	0	0	0	0	359480	0	0	0	0	0	0	0	0	0	0	0	0	0	719835	0	0	0	0	0	0	0	0	0	0	0	13939659	0
LFQ	135	0	0	0	0	0	0	0	0	0	0	0	345595	0	0	0	0	0	0	0	0	0	0	0	0	0	701937	0	0	0	0	0	0	0	0	0	0	0	13831487	0
LFQ	136	0	0	0	0	0	0	0	0	0	0	0	355277	0	0	0	0	0	0	0	0	0	0	0	0	0	716616	0	0	0	0	0	0	0	0	0	0	0	13666120	0
LFQ	137	0	0	0	0	0	0	0	0	0	0	0	343973	0	0	0	0	0	0	0	0	0	0	0	0	0	697020	0	0	0	0	0	0	0	0	0	0	0	13552491	0
LFQ	138	0	0	1	0	0	0	0	0	0	0	0	353563	0	0	0	0	0	0	0	0	0	0	0	0	0	714453	0	0	0	0	0	0	0	0	0	0	0	13382031	0
LFQ	139	0	0	0	0	0	0	0	0	0	0	0	362907	0	0	0	0	0	0	0	0	0	0	0	0	0	722847	0	0	0	0	0	0	0	0	0	0	0	13220541	0
LFQ	140	0	0	0	0	0	0	0	0	0	0	0	351499	0	0	0	0	0	0	0	0	0	0	0	0	0	711910	0	0	0	0	0	0	0	0	0	0	0	13097615	0
LFQ	141	0	0	7	0	0	0	0	0	0	0	0	342250	0	0	0	0	0	0	0	0	0	0	0	0	0	694003	0	0	0	0	0	0	0	0	0	0	0	12980352	0
LFQ	142	0	0	0	0	0	0	0	0	0	0	0	329847	0	0	0	0	0	0	0	0	0	0	0	0	0	679445	0	0	0	0	0	0	0	0	0	0	0	12861945	0
LFQ	143	0	0	0	0	0	0	0	0	0	0	0	353180	0	0	0	0	0	0	0	0	0	0	0	0	0	710075	0	0	0	0	0	0	0	0	0	0	0	12659313	0
LFQ	144	0	0	0	0	0	0	0	0	0	0	0	376997	0	0	0	0	0	0	0	0	0	0	0	0	0	742700	0	0	0	0	0	0	0	0	0	0	0	12451380	0
LFQ	145	0	0	0	0	0	0	0	0	0	0	0	352994	0	0	0	0	0	0	0	0	0	0	0	0	0	707644	0	0	0	0	0	0	0	0	0	0	0	12360329	0
LFQ	146	0	0	9	0	0	0	0	0	0	0	0	348637	0	0	0	0	0	0	0	0	0	0	0	0	0	705477	0	0	0	0	0	0	0	0	0	0	0	12208264	0
LFQ	147	0	0	0	0	0	0	0	0	0	0	0	342924	0	0	0	0	0	0	0	0	0	0	0	0	0	706584	0	0	0	0	0	0	0	0	0	0	0	12039879	0
LFQ	148	0	0	0	0	0	0	0	0	0	0	0	300288	0	0	0	0	0	0	0	0	0	0	0	0	0	665228	0	0	0	0	0	0	0	0	0	0	0	11948723	0
LFQ	149	0	0	0	0	0	0	0	0	0	0	0	298482	0	0	0	0	0	0	0	0	0	0	0	0	0	667429	0	0	0	0	0	0	0	0	0	0	0	11799551	0
LFQ	150	0	0	0	0	0	0	0	0	0	0	0	340059	0	0	0	0	0	0	0	0	0	0	0	0	0	718866	0	0	0	0	0	0	0	0	0	0	0	11560987	0
LFQ	151	0	0	0	0	0	0	0	0	0	0	0	409235	0	0	0	0	0	0	0	0	0	0	0	0	0	844080	0	0	0	0	0	0	0	0	0	0	0	11222995	0
# GC Content of first fragments. Use `grep ^GCF | cut -f 2-` to extract this part.
GCF	0.25	54
GCF	0.75	60
GCF	1.26	52
GCF	1.76	54
GCF	2.26	51
GCF	2.76	41
GCF	3.27	70
GCF	3.77	61
GCF	4.27	55
GCF	4.77	61
GCF	5.28	56
GCF	6.03	70
GCF	6.78	54
GCF	7.29	73
GCF	7.79	58
GCF	8.29	51
GCF	8.79	54
GCF	9.30	40
GCF	9.80	36
GCF	10.30	44
GCF	10.80	58
GCF	11.31	46
GCF	11.81	43
GCF	12.31	37
GCF	12.81	46
GCF	13.32	48
GCF	13.82	62
GCF	14.32	50
GCF	14.82	46
GCF	15.58	44
GCF	16.33	41
GCF	16.83	37
GCF	17.34	60
GCF	17.84	76
GCF	18.34	65
GCF	18.84	61
GCF	19.35	79
GCF	19.85	86
GCF	20.35	100
GCF	20.85	92
GCF	21.36	135
GCF	21.86	140
GCF	22.36	165
GCF	22.86	195
GCF	23.37	254
GCF	23.87	303
GCF	24.37	328
GCF	24.87	371
GCF	25.38	526
GCF	25.88	704
GCF	26.38	883
GCF	26.88	995
GCF	27.39	1380
GCF	27.89	1827
GCF	28.39	2273
GCF	28.89	2838
GCF	29.40	3261
GCF	29.90	4417
GCF	30.40	6125
GCF	30.90	8223
GCF	31.41	9088
GCF	31.91	11860
GCF	32.41	15146
GCF	32.91	19844
GCF	33.42	21869
GCF	33.92	26593
GCF	34.42	34720
GCF	34.92	44757
GCF	35.43	49064
GCF	35.93	58037
GCF	36.43	70648
GCF	36.93	83805
GCF	37.44	89800
GCF	37.94	103209
GCF	38.44	117607
GCF	38.94	133262
GCF	39.45	140548
GCF	39.95	163641
GCF	40.45	184818
GCF	40.95	216237
GCF	41.46	225209
GCF	41.96	238601
GCF	42.46	249505
GCF	42.96	254361
GCF	43.47	272200
GCF	43.97	275769
GCF	44.47	293025
GCF	44.97	311422
GCF	45.48	350189
GCF	45.98	359226
GCF	46.48	392227
GCF	46.98	416884
GCF	47.49	504242
GCF	47.99	514299
GCF	48.49	489204
GCF	48.99	517271
GCF	49.50	549420
GCF	50.00	556605
GCF	50.50	602550
GCF	51.01	633704
GCF	51.51	662085
GCF	52.01	671161
GCF	52.51	701719
GCF	53.02	723443
GCF	53.52	757141
GCF	54.02	767344
GCF	54.52	790778
GCF	55.03	821887
GCF	55.53	822107
GCF	56.03	825591
GCF	56.53	841878
GCF	57.04	819986
GCF	57.54	818397
GCF	58.04	779041
GCF	58.54	772824
GCF	59.05	733884
GCF	59.55	672625
GCF	60.05	611327
GCF	60.55	596776
GCF	61.06	537599
GCF	61.56	473233
GCF	62.06	404989
GCF	62.56	383569
GCF	63.07	324247
GCF	63.57	263914
GCF	64.07	213048
GCF	64.57	195896
GCF	65.08	153041
GCF	65.58	117245
GCF	66.08	88394
GCF	66.58	76145
GCF	67.09	54765
GCF	67.59	39366
GCF	68.09	27704
GCF	68.59	22403
GCF	69.10	16017
GCF	69.60	11386
GCF	70.10	8170
GCF	70.60	6383
GCF	71.11	4775
GCF	71.61	3284
GCF	72.11	2440
GCF	72.61	1799
GCF	73.12	1274
GCF	73.62	961
GCF	74.12	678
GCF	74.62	551
GCF	75.13	421
GCF	75.63	338
GCF	76.13	246
GCF	76.63	190
GCF	77.14	156
GCF	77.64	132
GCF	78.14	130
GCF	78.64	126
GCF	79.15	96
GCF	79.65	100
GCF	80.15	77
GCF	80.65	62
GCF	81.16	42
GCF	81.66	38
GCF	82.16	32
GCF	82.66	27
GCF	83.17	20
GCF	83.67	16
GCF	84.17	17
GCF	84.67	15
GCF	85.18	12
GCF	85.68	7
GCF	86.18	6
GCF	86.68	3
GCF	87.19	6
GCF	87.69	8
GCF	88.19	9
GCF	88.69	3
GCF	89.20	2
GCF	89.70	3
GCF	90.20	4
GCF	90.70	2
GCF	91.21	0
GCF	91.96	1
GCF	93.72	0
GCF	95.73	2
# GC Content of last fragments. Use `grep ^GCL | cut -f 2-` to extract this part.
GCL	0.25	657
GCL	0.75	442
GCL	1.26	361
GCL	1.76	376
GCL	2.26	396
GCL	2.76	465
GCL	3.27	534
GCL	3.77	596
GCL	4.27	611
GCL	4.77	752
GCL	5.28	767
GCL	5.78	822
GCL	6.28	840
GCL	6.78	876
GCL	7.29	925
GCL	7.79	947
GCL	8.29	931
GCL	8.79	1016
GCL	9.30	1029
GCL	9.80	958
GCL	10.30	941
GCL	10.80	940
GCL	11.31	978
GCL	11.81	937
GCL	12.31	923
GCL	12.81	834
GCL	13.32	845
GCL	13.82	753
GCL	14.32	703
GCL	14.82	658
GCL	15.33	667
GCL	15.83	604
GCL	16.33	598
GCL	16.83	602
GCL	17.34	588
GCL	17.84	552
GCL	18.34	525
GCL	18.84	510
GCL	19.35	515
GCL	19.85	474
GCL	20.35	569
GCL	20.85	532
GCL	21.36	507
GCL	21.86	554
GCL	22.36	650
GCL	22.86	664
GCL	23.37	763
GCL	23.87	866
GCL	24.37	918
GCL	24.87	984
GCL	25.38	1196
GCL	25.88	1482
GCL	26.38	1983
GCL	26.88	2100
GCL	27.39	2567
GCL	27.89	3239
GCL	28.39	3919
GCL	28.89	5082
GCL	29.40	5436
GCL	29.90	6751
GCL	30.40	8778
GCL	30.90	11608
GCL	31.41	12349
GCL	31.91	16438
GCL	32.41	20040
GCL	32.91	25038
GCL	33.42	26882
GCL	33.92	32739
GCL	34.42	42165
GCL	34.92	51739
GCL	35.43	55826
GCL	35.93	67137
GCL	36.43	78767
GCL	36.93	90426
GCL	37.44	95880
GCL	37.94	110766
GCL	38.44	123320
GCL	38.94	138625
GCL	39.45	145744
GCL	39.95	166605
GCL	40.45	189523
GCL	40.95	208071
GCL	41.46	216703
GCL	41.96	236057
GCL	42.46	243225
GCL	42.96	247412
GCL	43.47	264993
GCL	43.97	268633
GCL	44.47	270494
GCL	44.97	290370
GCL	45.48	323822
GCL	45.98	332836
GCL	46.48	357975
GCL	46.98	388568
GCL	47.49	426856
GCL	47.99	436331
GCL	48.49	463418
GCL	48.99	490063
GCL	49.50	527403
GCL	50.00	534275
GCL	50.50	566080
GCL	51.01	600090
GCL	51.51	647271
GCL	52.01	656293
GCL	52.51	701700
GCL	53.02	714756
GCL	53.52	749544
GCL	54.02	759917
GCL	54.52	784529
GCL	55.03	823248
GCL	55.53	837450
GCL	56.03	840530
GCL	56.53	838984
GCL	57.04	833491
GCL	57.54	840639
GCL	58.04	814000
GCL	58.54	808009
GCL	59.05	763185
GCL	59.55	697998
GCL	60.05	638306
GCL	60.55	623974
GCL	61.06	560702
GCL	61.56	489927
GCL	62.06	422660
GCL	62.56	401005
GCL	63.07	342028
GCL	63.57	274202
GCL	64.07	221736
GCL	64.57	204412
GCL	65.08	160971
GCL	65.58	123870
GCL	66.08	92868
GCL	66.58	80465
GCL	67.09	58571
GCL	67.59	41132
GCL	68.09	29093
GCL	68.59	23753
GCL	69.10	16765
GCL	69.60	11924
GCL	70.10	8274
GCL	70.60	6485
GCL	71.11	4776
GCL	71.61	3329
GCL	72.11	2471
GCL	72.61	1729
GCL	73.12	1184
GCL	73.62	909
GCL	74.12	612
GCL	74.62	461
GCL	75.13	367
GCL	75.63	257
GCL	76.13	181
GCL	76.63	141
GCL	77.14	125
GCL	77.64	105
GCL	78.14	95
GCL	78.64	89
GCL	79.15	74
GCL	79.65	52
GCL	80.15	44
GCL	80.65	40
GCL	81.41	34
GCL	82.16	32
GCL	82.66	18
GCL	83.17	26
GCL	83.67	27
GCL	84.17	30
GCL	84.67	26
GCL	85.18	20
GCL	85.68	23
GCL	86.18	19
GCL	86.68	23
GCL	87.19	20
GCL	87.69	30
GCL	88.19	45
GCL	88.94	56
GCL	89.70	59
GCL	90.20	72
GCL	90.70	79
GCL	91.21	104
GCL	91.71	117
GCL	92.21	135
GCL	92.71	161
GCL	93.22	173
GCL	93.72	200
GCL	94.22	264
GCL	94.72	303
GCL	95.23	345
GCL	95.73	408
GCL	96.23	426
GCL	96.73	483
GCL	97.24	506
GCL	97.74	544
GCL	98.24	558
GCL	98.74	536
GCL	99.50	512
# ACGT content per cycle. Use `grep ^GCC | cut -f 2-` to extract this part. The columns are: cycle; A,C,G,T base counts as a percentage of all A/C/G/T bases [%]; and N and O counts as a percentage of all A/C/G/T bases [%]
GCC	1	10.95	39.51	39.25	10.29	0.00	0.00
GCC	2	24.27	25.31	25.81	24.61	0.00	0.00
GCC	3	21.87	28.11	27.83	22.19	0.00	0.00
GCC	4	22.31	28.02	27.99	21.69	0.03	0.00
GCC	5	25.90	24.38	24.70	25.01	0.00	0.00
GCC	6	26.45	24.23	23.95	25.37	0.00	0.00
GCC	7	26.35	23.23	22.83	27.59	0.00	0.00
GCC	8	24.04	26.35	25.43	24.18	0.00	0.00
GCC	9	24.35	25.75	25.29	24.62	0.00	0.00
GCC	10	26.83	23.51	23.51	26.16	0.00	0.00
GCC	11	21.52	28.83	28.58	21.07	0.00	0.00
GCC	12	22.04	28.04	27.81	22.11	0.00	0.00
GCC	13	22.98	27.20	26.89	22.93	0.00	0.00
GCC	14	24.18	26.19	25.80	23.84	0.00	0.00
GCC	15	23.92	26.31	26.16	23.61	0.00	0.00
GCC	16	23.18	27.19	27.01	22.61	0.00	0.00
GCC	17	23.75	26.57	26.28	23.40	0.00	0.00
GCC	18	24.01	26.22	26.17	23.60	0.00	0.00
GCC	19	23.08	27.15	26.88	22.89	0.00	0.00
GCC	20	23.67	26.47	26.33	23.53	0.00	0.00
GCC	21	24.06	26.17	26.08	23.68	0.00	0.00
GCC	22	23.23	26.93	26.76	23.08	0.00	0.00
GCC	23	23.95	26.28	26.11	23.66	0.00	0.00
GCC	24	23.82	26.40	26.03	23.76	0.00	0.00
GCC	25	22.92	27.23	26.87	22.98	0.00	0.00
GCC	26	23.94	26.34	26.19	23.52	0.00	0.00
GCC	27	23.82	26.39	26.12	23.66	0.00	0.00
GCC	28	23.10	27.12	26.79	22.98	0.00	0.00
GCC	29	23.89	26.37	26.22	23.53	0.00	0.00
GCC	30	23.80	26.52	26.17	23.52	0.00	0.00
GCC	31	23.23	26.90	26.81	23.06	0.00	0.00
GCC	32	23.85	26.42	26.15	23.58	0.00	0.00
GCC	33	23.83	26.34	26.18	23.65	0.00	0.00
GCC	34	23.21	27.13	26.86	22.80	0.00	0.00
GCC	35	24.00	26.38	26.15	23.47	0.00	0.00
GCC	36	23.93	26.31	26.18	23.58	0.00	0.00
GCC	37	23.21	26.93	26.87	22.99	0.00	0.00
GCC	38	23.88	26.35	26.25	23.51	0.00	0.00
GCC	39	23.95	26.39	26.05	23.62	0.00	0.00
GCC	40	23.13	27.16	26.77	22.94	0.00	0.00
GCC	41	23.86	26.25	26.22	23.67	0.00	0.00
GCC	42	23.94	26.32	26.06	23.68	0.00	0.00
GCC	43	23.04	27.02	26.92	23.02	0.00	0.00
GCC	44	23.76	26.44	26.19	23.60	0.00	0.00
GCC	45	23.82	26.31	26.09	23.78	0.00	0.00
GCC	46	23.04	27.22	26.78	22.96	0.00	0.00
GCC	47	23.80	26.32	26.28	23.60	0.00	0.00
GCC	48	23.75	26.40	26.27	23.58	0.00	0.00
GCC	49	22.93	27.02	26.98	23.07	0.00	0.00
GCC	50	23.68	26.44	26.25	23.63	0.00	0.00
GCC	51	23.77	26.41	26.20	23.61	0.00	0.00
GCC	52	23.19	26.91	26.81	23.09	0.00	0.00
GCC	53	23.93	26.28	26.21	23.58	0.00	0.00
GCC	54	24.00	26.28	26.12	23.59	0.04	0.00
GCC	55	23.05	26.99	26.84	23.12	0.00	0.00
GCC	56	23.88	26.20	26.25	23.66	0.00	0.00
GCC	57	24.01	26.19	26.18	23.62	0.00	0.00
GCC	58	23.15	27.06	26.82	22.97	0.00	0.00
GCC	59	23.87	26.22	26.25	23.65	0.00	0.00
GCC	60	23.91	26.36	26.19	23.53	0.00	0.00
GCC	61	23.08	27.11	26.79	23.02	0.00	0.00
GCC	62	23.83	26.35	26.26	23.56	0.00	0.00
GCC	63	23.81	26.20	26.27	23.72	0.00	0.00
GCC	64	23.03	26.92	27.03	23.02	0.00	0.00
GCC	65	23.67	26.33	26.28	23.72	0.00	0.00
GCC	66	23.77	26.23	26.28	23.72	0.00	0.00
GCC	67	23.07	27.03	26.94	22.97	0.00	0.00
GCC	68	24.07	26.22	26.27	23.44	0.00	0.00
GCC	69	24.04	26.13	26.18	23.65	0.00	0.00
GCC	70	23.15	26.95	26.88	23.01	0.00	0.00
GCC	71	23.82	26.30	26.39	23.49	0.00	0.00
GCC	72	23.84	26.24	26.31	23.61	0.00	0.00
GCC	73	23.19	27.02	27.00	22.79	0.00	0.00
GCC	74	23.76	26.29	26.24	23.70	0.00	0.00
GCC	75	23.74	26.35	26.27	23.63	0.00	0.00
GCC	76	23.09	27.13	26.92	22.86	0.00	0.00
GCC	77	23.66	26.43	26.24	23.66	0.00	0.00
GCC	78	23.84	26.27	26.24	23.66	0.00	0.00
GCC	79	23.08	26.91	26.84	23.17	0.00	0.00
GCC	80	23.81	26.51	26.15	23.53	0.00	0.00
GCC	81	23.92	26.33	26.19	23.57	0.00	0.00
GCC	82	23.12	26.97	26.94	22.98	0.00	0.00
GCC	83	23.70	26.39	26.38	23.54	0.00	0.00
GCC	84	23.78	26.38	26.33	23.51	0.00	0.00
GCC	85	23.10	26.93	26.98	22.99	0.00	0.00
GCC	86	23.72	26.45	26.27	23.56	0.00	0.00
GCC	87	23.83	26.28	26.26	23.63	0.00	0.00
GCC	88	23.06	27.01	26.94	22.99	0.00	0.00
GCC	89	23.87	26.37	26.22	23.53	0.00	0.00
GCC	90	23.87	26.30	26.27	23.56	0.00	0.00
GCC	91	22.97	27.25	26.82	22.96	0.00	0.00
GCC	92	23.74	26.50	26.32	23.44	0.00	0.00
GCC	93	23.78	26.23	26.38	23.61	0.00	0.00
GCC	94	23.21	26.94	26.94	22.90	0.00	0.00
GCC	95	23.73	26.32	26.37	23.58	0.00	0.00
GCC	96	23.71	26.25	26.33	23.71	0.00	0.00
GCC	97	23.04	26.91	26.93	23.13	0.00	0.00
GCC	98	23.59	26.40	26.27	23.73	0.00	0.00
GCC	99	23.63	26.28	26.32	23.77	0.00	0.00
GCC	100	22.93	26.90	26.92	23.24	0.00	0.00
GCC	101	23.61	26.38	26.39	23.63	0.00	0.00
GCC	102	23.67	26.25	26.33	23.75	0.00	0.00
GCC	103	22.99	27.03	26.83	23.15	0.00	0.00
GCC	104	23.68	26.32	26.25	23.75	0.00	0.00
GCC	105	23.64	26.21	26.44	23.71	0.00	0.00
GCC	106	23.24	26.86	26.84	23.06	0.00	0.00
GCC	107	23.60	26.40	26.40	23.60	0.00	0.00
GCC	108	23.71	26.36	26.31	23.62	0.00	0.00
GCC	109	23.16	26.94	26.88	23.03	0.00	0.00
GCC	110	23.61	26.40	26.41	23.57	0.00	0.00
GCC	111	23.81	26.30	26.26	23.63	0.00	0.00
GCC	112	22.92	27.05	26.94	23.10	0.00	0.00
GCC	113	23.56	26.60	26.41	23.42	0.00	0.00
GCC	114	23.59	26.30	26.40	23.71	0.00	0.00
GCC	115	23.02	27.04	26.99	22.95	0.00	0.00
GCC	116	23.74	26.47	26.14	23.64	0.00	0.00
GCC	117	23.75	26.35	26.35	23.55	0.00	0.00
GCC	118	23.11	27.06	26.82	23.02	0.00	0.00
GCC	119	23.66	26.47	26.32	23.55	0.00	0.00
GCC	120	23.69	26.47	26.35	23.49	0.00	0.00
GCC	121	22.97	27.04	26.90	23.08	0.00	0.00
GCC	122	23.58	26.68	26.30	23.44	0.00	0.00
GCC	123	23.80	26.40	26.32	23.48	0.00	0.00
GCC	124	23.12	27.12	26.91	22.85	0.00	0.00
GCC	125	23.66	26.64	26.25	23.46	0.00	0.00
GCC	126	23.78	26.36	26.33	23.53	0.00	0.00
GCC	127	23.06	27.08	26.99	22.87	0.00	0.00
GCC	128	23.77	26.46	26.29	23.49	0.00	0.00
GCC	129	23.68	26.39	26.41	23.52	0.00	0.00
GCC	130	23.21	26.96	26.99	22.84	0.00	0.00
GCC	131	23.75	26.54	26.30	23.41	0.00	0.00
GCC	132	23.72	26.40	26.39	23.49	0.00	0.00
GCC	133	23.02	27.17	26.93	22.88	0.00	0.00
GCC	134	23.69	26.52	26.21	23.57	0.00	0.00
GCC	135	23.71	26.39	26.29	23.62	0.00	0.00
GCC	136	23.09	27.15	26.90	22.86	0.00	0.00
GCC	137	23.69	26.44	26.39	23.48	0.00	0.00
GCC	138	23.76	26.37	26.50	23.37	0.00	0.00
GCC	139	23.15	27.01	26.96	22.88	0.00	0.00
GCC	140	23.65	26.62	26.43	23.30	0.00	0.00
GCC	141	23.64	26.45	26.50	23.41	0.00	0.00
GCC	142	23.21	27.14	26.76	22.89	0.00	0.00
GCC	143	23.69	26.49	26.35	23.47	0.00	0.00
GCC	144	23.79	26.41	26.36	23.43	0.00	0.00
GCC	145	23.08	27.09	26.84	23.00	0.00	0.00
GCC	146	23.72	26.41	26.39	23.48	0.03	0.00
GCC	147	23.75	26.43	26.32	23.49	0.00	0.00
GCC	148	23.24	27.03	26.97	22.76	0.00	0.00
GCC	149	23.62	26.55	26.43	23.41	0.00	0.00
GCC	150	23.89	26.39	26.23	23.49	0.00	0.00
GCC	151	23.25	26.93	26.92	22.90	0.00	0.00
# ACGT content per cycle, read oriented. Use `grep ^GCT | cut -f 2-` to extract this part. The columns are: cycle; A,C,G,T base counts as a percentage of all A/C/G/T bases [%]
GCT	1	13.16	38.94	39.82	8.08
GCT	2	16.94	24.25	26.88	31.93
GCT	3	19.16	32.68	23.26	24.90
GCT	4	24.38	26.28	29.72	19.61
GCT	5	29.67	19.94	29.15	21.24
GCT	6	31.92	23.64	24.54	19.91
GCT	7	19.87	22.99	23.07	34.07
GCT	8	22.13	28.82	22.96	26.09
GCT	9	19.83	27.01	24.02	29.14
GCT	10	31.13	21.79	25.22	21.85
GCT	11	22.91	29.04	28.37	19.68
GCT	12	20.53	28.76	27.09	23.62
GCT	13	22.41	27.67	26.42	23.50
GCT	14	23.55	26.39	25.59	24.47
GCT	15	23.35	26.82	25.66	24.18
GCT	16	22.81	27.06	27.15	22.98
GCT	17	23.82	26.46	26.39	23.33
GCT	18	23.82	26.80	25.59	23.80
GCT	19	23.20	27.10	26.93	22.77
GCT	20	23.85	26.32	26.48	23.35
GCT	21	24.01	26.73	25.53	23.73
GCT	22	23.46	27.00	26.69	22.85
GCT	23	23.93	26.19	26.20	23.68
GCT	24	23.60	26.91	25.51	23.97
GCT	25	23.14	27.40	26.70	22.76
GCT	26	24.12	26.10	26.43	23.35
GCT	27	23.81	26.99	25.52	23.68
GCT	28	23.29	27.24	26.67	22.79
GCT	29	24.03	26.28	26.31	23.38
GCT	30	23.67	27.17	25.51	23.65
GCT	31	23.45	27.04	26.67	22.83
GCT	32	24.07	26.19	26.38	23.36
GCT	33	23.71	27.07	25.45	23.76
GCT	34	23.29	27.30	26.68	22.72
GCT	35	24.09	26.23	26.30	23.38
GCT	36	23.73	26.95	25.54	23.78
GCT	37	23.38	27.16	26.63	22.83
GCT	38	23.94	26.22	26.38	23.45
GCT	39	23.86	26.83	25.60	23.71
GCT	40	23.23	27.09	26.84	22.84
GCT	41	23.96	26.20	26.27	23.57
GCT	42	23.73	26.76	25.62	23.88
GCT	43	23.19	27.12	26.82	22.88
GCT	44	24.04	26.26	26.38	23.33
GCT	45	23.73	26.86	25.54	23.88
GCT	46	23.23	27.22	26.78	22.78
GCT	47	23.95	26.24	26.37	23.45
GCT	48	23.72	27.05	25.62	23.60
GCT	49	23.15	27.16	26.84	22.86
GCT	50	23.88	26.30	26.40	23.42
GCT	51	23.75	26.91	25.70	23.63
GCT	52	23.40	26.95	26.77	22.88
GCT	53	24.14	26.08	26.42	23.37
GCT	54	23.80	26.85	25.56	23.79
GCT	55	23.29	27.14	26.69	22.88
GCT	56	24.08	26.18	26.28	23.47
GCT	57	23.80	26.74	25.63	23.83
GCT	58	23.28	27.04	26.84	22.84
GCT	59	23.94	26.01	26.47	23.59
GCT	60	23.70	26.88	25.68	23.75
GCT	61	23.22	27.14	26.76	22.88
GCT	62	23.95	26.16	26.45	23.44
GCT	63	23.70	26.85	25.62	23.82
GCT	64	23.09	27.22	26.74	22.96
GCT	65	23.88	26.23	26.38	23.51
GCT	66	23.66	26.79	25.72	23.82
GCT	67	23.22	27.11	26.85	22.82
GCT	68	24.09	25.97	26.52	23.42
GCT	69	23.76	26.62	25.68	23.93
GCT	70	23.11	27.07	26.76	23.05
GCT	71	23.77	26.01	26.67	23.55
GCT	72	23.61	26.66	25.89	23.84
GCT	73	23.16	27.07	26.94	22.82
GCT	74	23.88	25.94	26.60	23.58
GCT	75	23.71	26.68	25.94	23.66
GCT	76	23.14	27.10	26.96	22.81
GCT	77	23.96	26.03	26.64	23.36
GCT	78	23.81	26.68	25.83	23.68
GCT	79	23.21	26.84	26.92	23.03
GCT	80	23.85	26.07	26.58	23.49
GCT	81	23.68	26.82	25.70	23.81
GCT	82	23.23	27.04	26.87	22.86
GCT	83	23.79	26.05	26.72	23.45
GCT	84	23.61	26.68	26.03	23.69
GCT	85	23.18	26.91	27.01	22.90
GCT	86	23.83	26.07	26.65	23.45
GCT	87	23.75	26.63	25.92	23.70
GCT	88	23.18	26.99	26.95	22.87
GCT	89	23.92	26.13	26.47	23.48
GCT	90	23.55	26.64	25.93	23.87
GCT	91	22.96	27.06	27.02	22.96
GCT	92	23.76	26.07	26.75	23.42
GCT	93	23.64	26.72	25.89	23.75
GCT	94	23.18	27.01	26.87	22.93
GCT	95	23.79	26.05	26.64	23.52
GCT	96	23.57	26.66	25.93	23.84
GCT	97	23.07	26.89	26.95	23.10
GCT	98	23.78	25.95	26.72	23.54
GCT	99	23.57	26.60	26.00	23.83
GCT	100	23.14	26.85	26.97	23.03
GCT	101	23.82	26.05	26.72	23.41
GCT	102	23.48	26.68	25.90	23.94
GCT	103	23.17	26.89	26.97	22.96
GCT	104	23.90	25.84	26.73	23.53
GCT	105	23.64	26.48	26.17	23.71
GCT	106	23.24	26.69	27.01	23.06
GCT	107	23.72	26.01	26.79	23.48
GCT	108	23.59	26.77	25.91	23.73
GCT	109	23.10	26.79	27.02	23.08
GCT	110	23.76	26.07	26.74	23.43
GCT	111	23.67	26.54	26.03	23.76
GCT	112	23.02	26.79	27.19	23.00
GCT	113	23.62	26.17	26.85	23.36
GCT	114	23.43	26.65	26.04	23.87
GCT	115	22.98	26.93	27.10	22.98
GCT	116	23.78	25.93	26.68	23.60
GCT	117	23.50	26.53	26.17	23.80
GCT	118	23.22	26.84	27.03	22.91
GCT	119	23.72	25.93	26.85	23.49
GCT	120	23.47	26.63	26.19	23.71
GCT	121	23.05	26.87	27.08	23.01
GCT	122	23.66	26.13	26.86	23.35
GCT	123	23.54	26.62	26.10	23.73
GCT	124	23.09	26.87	27.16	22.88
GCT	125	23.83	26.02	26.87	23.29
GCT	126	23.41	26.67	26.02	23.89
GCT	127	23.06	26.90	27.17	22.87
GCT	128	23.81	25.94	26.80	23.45
GCT	129	23.46	26.57	26.23	23.74
GCT	130	23.11	26.82	27.13	22.94
GCT	131	23.73	26.07	26.76	23.44
GCT	132	23.53	26.64	26.14	23.68
GCT	133	23.04	26.87	27.22	22.86
GCT	134	23.82	25.92	26.82	23.45
GCT	135	23.55	26.44	26.24	23.77
GCT	136	23.09	26.81	27.24	22.86
GCT	137	23.66	25.86	26.97	23.51
GCT	138	23.49	26.45	26.42	23.65
GCT	139	23.11	26.72	27.25	22.92
GCT	140	23.70	26.10	26.94	23.25
GCT	141	23.49	26.54	26.41	23.56
GCT	142	23.31	26.85	27.05	22.79
GCT	143	23.79	25.92	26.93	23.37
GCT	144	23.49	26.50	26.28	23.73
GCT	145	23.10	26.80	27.13	22.97
GCT	146	23.81	26.03	26.77	23.39
GCT	147	23.45	26.52	26.23	23.80
GCT	148	23.15	26.82	27.17	22.85
GCT	149	23.69	26.03	26.94	23.34
GCT	150	23.69	26.50	26.12	23.69
GCT	151	23.23	26.66	27.19	22.92
# ACGT content per cycle for first fragments. Use `grep ^FBC | cut -f 2-` to extract this part. The columns are: cycle; A,C,G,T base counts as a percentage of all A/C/G/T bases [%]; and N and O counts as a percentage of all A/C/G/T bases [%]
FBC	1	13.54	37.51	36.75	12.19	0.00	0.00
FBC	2	25.23	24.09	24.69	25.99	0.00	0.00
FBC	3	24.39	25.75	24.87	24.99	0.00	0.00
FBC	4	23.94	27.04	26.49	22.54	0.06	0.00
FBC	5	27.00	23.82	24.28	24.90	0.00	0.00
FBC	6	27.42	24.02	23.36	25.20	0.00	0.00
FBC	7	24.19	25.21	24.29	26.31	0.00	0.00
FBC	8	22.75	27.91	26.22	23.12	0.00	0.00
FBC	9	23.40	27.01	25.83	23.76	0.00	0.00
FBC	10	26.75	24.22	23.94	25.09	0.00	0.00
FBC	11	21.28	29.56	28.75	20.40	0.00	0.00
FBC	12	21.84	28.43	27.77	21.95	0.00	0.00
FBC	13	23.16	27.37	26.50	22.97	0.00	0.00
FBC	14	24.08	26.55	25.66	23.70	0.00	0.00
FBC	15	24.09	26.45	25.79	23.67	0.00	0.00
FBC	16	23.41	27.30	26.74	22.56	0.01	0.00
FBC	17	23.63	26.88	26.29	23.21	0.00	0.00
FBC	18	24.17	26.35	25.87	23.61	0.00	0.00
FBC	19	23.17	27.28	26.60	22.95	0.00	0.00
FBC	20	23.52	27.09	26.20	23.19	0.00	0.00
FBC	21	24.47	26.22	25.69	23.62	0.00	0.00
FBC	22	23.42	26.92	26.44	23.22	0.00	0.00
FBC	23	23.89	26.60	26.00	23.51	0.00	0.00
FBC	24	24.10	26.41	25.81	23.69	0.00	0.00
FBC	25	23.00	27.44	26.50	23.06	0.00	0.00
FBC	26	23.98	26.58	26.13	23.30	0.00	0.00
FBC	27	24.18	26.35	25.67	23.80	0.00	0.00
FBC	28	23.32	27.15	26.43	23.10	0.00	0.00
FBC	29	24.04	26.56	26.08	23.32	0.00	0.00
FBC	30	24.15	26.54	25.77	23.54	0.00	0.00
FBC	31	23.66	26.97	26.30	23.06	0.00	0.00
FBC	32	23.98	26.75	25.90	23.37	0.00	0.00
FBC	33	24.16	26.29	25.64	23.91	0.00	0.00
FBC	34	23.47	27.27	26.34	22.92	0.00	0.00
FBC	35	24.08	26.66	25.98	23.28	0.00	0.00
FBC	36	24.33	26.39	25.57	23.71	0.00	0.00
FBC	37	23.48	27.00	26.50	23.02	0.00	0.00
FBC	38	23.91	26.69	26.10	23.30	0.00	0.00
FBC	39	24.25	26.55	25.55	23.65	0.00	0.00
FBC	40	23.44	27.32	26.38	22.86	0.00	0.00
FBC	41	23.84	26.59	26.03	23.54	0.00	0.00
FBC	42	24.26	26.38	25.53	23.83	0.00	0.00
FBC	43	23.28	27.10	26.57	23.05	0.00	0.00
FBC	44	23.79	26.74	26.07	23.39	0.00	0.00
FBC	45	24.08	26.35	25.66	23.90	0.00	0.00
FBC	46	23.34	27.29	26.37	22.99	0.00	0.00
FBC	47	23.95	26.51	26.15	23.39	0.00	0.00
FBC	48	24.03	26.47	25.80	23.70	0.00	0.00
FBC	49	23.21	27.11	26.69	22.99	0.00	0.00
FBC	50	23.69	26.79	26.13	23.39	0.00	0.00
FBC	51	24.20	26.38	25.79	23.62	0.00	0.00
FBC	52	23.53	26.90	26.49	23.08	0.00	0.00
FBC	53	23.96	26.63	26.07	23.34	0.01	0.00
FBC	54	24.18	26.44	25.72	23.65	0.09	0.00
FBC	55	23.21	27.24	26.44	23.12	0.01	0.00
FBC	56	23.94	26.51	26.09	23.47	0.00	0.00
FBC	57	24.25	26.10	25.88	23.78	0.00	0.00
FBC	58	23.35	27.19	26.51	22.96	0.00	0.00
FBC	59	23.91	26.38	26.24	23.47	0.00	0.00
FBC	60	24.18	26.43	25.82	23.57	0.00	0.00
FBC	61	23.26	27.24	26.54	22.95	0.00	0.00
FBC	62	23.97	26.44	26.21	23.37	0.00	0.00
FBC	63	24.16	26.16	25.92	23.77	0.00	0.00
FBC	64	23.19	26.96	26.76	23.09	0.00	0.00
FBC	65	23.63	26.70	26.21	23.47	0.00	0.00
FBC	66	24.04	26.36	25.83	23.78	0.00	0.00
FBC	67	23.08	27.24	26.67	23.00	0.00	0.00
FBC	68	24.03	26.38	26.28	23.30	0.00	0.00
FBC	69	24.22	26.17	25.82	23.79	0.00	0.00
FBC	70	23.17	27.15	26.58	23.10	0.00	0.00
FBC	71	23.70	26.57	26.53	23.21	0.00	0.00
FBC	72	24.05	26.33	26.04	23.58	0.00	0.00
FBC	73	23.32	27.05	26.80	22.83	0.00	0.00
FBC	74	23.59	26.48	26.33	23.60	0.00	0.00
FBC	75	23.98	26.34	26.03	23.65	0.00	0.00
FBC	76	23.19	27.19	26.72	22.90	0.00	0.00
FBC	77	23.57	26.72	26.18	23.52	0.00	0.00
FBC	78	24.10	26.23	25.96	23.70	0.00	0.00
FBC	79	23.14	26.96	26.67	23.24	0.00	0.00
FBC	80	23.69	26.76	26.13	23.42	0.00	0.00
FBC	81	24.10	26.30	25.86	23.73	0.00	0.00
FBC	82	23.19	27.08	26.73	23.00	0.00	0.00
FBC	83	23.49	26.67	26.46	23.38	0.00	0.00
FBC	84	23.96	26.48	25.99	23.56	0.00	0.00
FBC	85	23.19	27.07	26.83	22.91	0.00	0.00
FBC	86	23.59	26.78	26.36	23.27	0.00	0.00
FBC	87	24.07	26.42	25.86	23.65	0.00	0.00
FBC	88	23.18	27.17	26.66	22.99	0.00	0.00
FBC	89	23.67	26.68	26.30	23.35	0.00	0.00
FBC	90	23.84	26.41	26.21	23.54	0.00	0.00
FBC	91	22.86	27.46	26.67	23.01	0.00	0.00
FBC	92	23.48	26.89	26.39	23.25	0.00	0.00
FBC	93	23.85	26.40	26.14	23.61	0.00	0.00
FBC	94	23.28	27.03	26.87	22.83	0.00	0.00
FBC	95	23.53	26.65	26.42	23.40	0.00	0.00
FBC	96	23.72	26.40	25.94	23.94	0.00	0.00
FBC	97	22.88	27.15	26.74	23.23	0.00	0.00
FBC	98	23.30	26.75	26.30	23.65	0.00	0.00
FBC	99	23.65	26.33	26.14	23.88	0.00	0.00
FBC	100	22.91	27.00	26.73	23.37	0.00	0.00
FBC	101	23.44	26.73	26.44	23.40	0.00	0.00
FBC	102	23.68	26.40	26.00	23.92	0.00	0.00
FBC	103	22.99	27.16	26.61	23.24	0.00	0.00
FBC	104	23.46	26.56	26.34	23.64	0.00	0.00
FBC	105	23.73	26.34	26.22	23.72	0.00	0.00
FBC	106	23.06	27.10	26.64	23.20	0.00	0.00
FBC	107	23.35	26.78	26.38	23.49	0.00	0.00
FBC	108	23.80	26.55	26.02	23.63	0.00	0.00
FBC	109	23.19	26.97	26.68	23.16	0.00	0.00
FBC	110	23.47	26.63	26.54	23.36	0.00	0.00
FBC	111	23.91	26.33	26.08	23.68	0.00	0.00
FBC	112	22.89	27.22	26.80	23.09	0.00	0.00
FBC	113	23.27	27.07	26.50	23.16	0.00	0.00
FBC	114	23.54	26.43	26.11	23.92	0.01	0.00
FBC	115	22.92	27.35	26.92	22.80	0.00	0.00
FBC	116	23.42	26.74	26.23	23.60	0.00	0.00
FBC	117	23.68	26.48	26.20	23.64	0.00	0.00
FBC	118	23.04	27.24	26.74	22.98	0.00	0.00
FBC	119	23.51	26.84	26.30	23.35	0.00	0.00
FBC	120	23.64	26.69	26.19	23.48	0.00	0.00
FBC	121	22.97	27.22	26.82	22.99	0.00	0.00
FBC	122	23.31	27.19	26.41	23.08	0.00	0.00
FBC	123	24.05	26.51	26.13	23.32	0.00	0.00
FBC	124	23.10	27.31	26.87	22.72	0.00	0.00
FBC	125	23.48	27.01	26.36	23.16	0.00	0.00
FBC	126	23.76	26.61	26.01	23.62	0.00	0.00
FBC	127	22.88	27.41	26.95	22.77	0.00	0.00
FBC	128	23.48	26.87	26.51	23.14	0.00	0.00
FBC	129	23.70	26.50	26.31	23.49	0.00	0.00
FBC	130	23.21	27.09	26.97	22.72	0.00	0.00
FBC	131	23.38	26.98	26.41	23.23	0.00	0.00
FBC	132	23.55	26.57	26.40	23.48	0.00	0.00
FBC	133	22.85	27.45	26.93	22.77	0.00	0.00
FBC	134	23.43	26.76	26.47	23.34	0.00	0.00
FBC	135	23.68	26.50	26.19	23.63	0.00	0.00
FBC	136	22.94	27.50	26.80	22.76	0.00	0.00
FBC	137	23.39	26.82	26.50	23.29	0.00	0.00
FBC	138	23.69	26.46	26.46	23.39	0.00	0.00
FBC	139	23.07	27.15	26.96	22.81	0.00	0.00
FBC	140	23.40	26.99	26.50	23.11	0.00	0.00
FBC	141	23.62	26.63	26.44	23.32	0.00	0.00
FBC	142	23.25	27.26	26.70	22.79	0.00	0.00
FBC	143	23.52	26.79	26.54	23.15	0.00	0.00
FBC	144	23.78	26.49	26.28	23.45	0.00	0.00
FBC	145	23.08	27.30	26.77	22.86	0.00	0.00
FBC	146	23.51	26.91	26.39	23.19	0.06	0.00
FBC	147	23.80	26.59	26.18	23.43	0.00	0.00
FBC	148	23.16	27.35	26.86	22.63	0.00	0.00
FBC	149	23.45	27.03	26.46	23.07	0.00	0.00
FBC	150	23.91	26.54	26.06	23.48	0.00	0.00
FBC	151	23.24	27.15	26.84	22.77	0.00	0.00
# ACGT raw counters for first fragments. Use `grep ^FTC | cut -f 2-` to extract this part. The columns are: A,C,G,T,N base counters
FTC	640080357	726987157	713687863	632290684	48514
# ACGT content per cycle for last fragments. Use `grep ^LBC | cut -f 2-` to extract this part. The columns are: cycle; A,C,G,T base counts as a percentage of all A/C/G/T bases [%]; and N and O counts as a percentage of all A/C/G/T bases [%]
LBC	1	8.35	41.51	41.74	8.40	0.00	0.00
LBC	2	23.31	26.54	26.94	23.22	0.00	0.00
LBC	3	19.35	30.46	30.79	19.39	0.00	0.00
LBC	4	20.68	29.00	29.48	20.84	0.00	0.00
LBC	5	24.80	24.95	25.13	25.12	0.00	0.00
LBC	6	25.49	24.44	24.53	25.55	0.00	0.00
LBC	7	28.51	21.26	21.37	28.86	0.00	0.00
LBC	8	25.32	24.80	24.64	25.24	0.00	0.00
LBC	9	25.29	24.49	24.74	25.48	0.00	0.00
LBC	10	26.90	22.80	23.08	27.23	0.00	0.00
LBC	11	21.77	28.10	28.41	21.73	0.00	0.00
LBC	12	22.24	27.66	27.84	22.26	0.00	0.00
LBC	13	22.81	27.03	27.29	22.88	0.00	0.00
LBC	14	24.28	25.82	25.93	23.97	0.00	0.00
LBC	15	23.75	26.18	26.53	23.54	0.00	0.00
LBC	16	22.96	27.08	27.29	22.67	0.00	0.00
LBC	17	23.87	26.26	26.28	23.59	0.00	0.00
LBC	18	23.85	26.09	26.47	23.59	0.00	0.00
LBC	19	23.00	27.01	27.16	22.84	0.00	0.00
LBC	20	23.82	25.86	26.46	23.87	0.00	0.00
LBC	21	23.66	26.13	26.47	23.75	0.00	0.00
LBC	22	23.05	26.94	27.08	22.93	0.00	0.00
LBC	23	24.01	25.95	26.23	23.81	0.00	0.00
LBC	24	23.54	26.39	26.24	23.83	0.00	0.00
LBC	25	22.84	27.02	27.24	22.90	0.00	0.00
LBC	26	23.91	26.10	26.25	23.74	0.00	0.00
LBC	27	23.46	26.43	26.58	23.53	0.00	0.00
LBC	28	22.88	27.10	27.15	22.87	0.00	0.00
LBC	29	23.73	26.18	26.35	23.74	0.00	0.00
LBC	30	23.44	26.49	26.57	23.50	0.00	0.00
LBC	31	22.80	26.83	27.32	23.05	0.00	0.00
LBC	32	23.72	26.10	26.39	23.79	0.00	0.00
LBC	33	23.49	26.40	26.73	23.39	0.00	0.00
LBC	34	22.95	26.99	27.38	22.68	0.00	0.00
LBC	35	23.93	26.09	26.32	23.65	0.00	0.00
LBC	36	23.53	26.24	26.79	23.44	0.00	0.00
LBC	37	22.95	26.85	27.24	22.97	0.00	0.00
LBC	38	23.86	26.01	26.40	23.72	0.00	0.00
LBC	39	23.64	26.23	26.54	23.58	0.00	0.00
LBC	40	22.82	27.00	27.17	23.01	0.00	0.00
LBC	41	23.88	25.91	26.41	23.80	0.00	0.00
LBC	42	23.62	26.27	26.58	23.52	0.00	0.00
LBC	43	22.81	26.93	27.27	22.99	0.00	0.00
LBC	44	23.72	26.15	26.31	23.82	0.00	0.00
LBC	45	23.56	26.26	26.52	23.66	0.00	0.00
LBC	46	22.74	27.14	27.19	22.94	0.00	0.00
LBC	47	23.65	26.13	26.41	23.81	0.00	0.00
LBC	48	23.47	26.33	26.75	23.45	0.00	0.00
LBC	49	22.65	26.94	27.26	23.15	0.00	0.00
LBC	50	23.67	26.10	26.37	23.86	0.00	0.00
LBC	51	23.34	26.44	26.61	23.61	0.00	0.00
LBC	52	22.86	26.91	27.14	23.09	0.00	0.00
LBC	53	23.90	25.93	26.35	23.82	0.00	0.00
LBC	54	23.82	26.13	26.52	23.53	0.00	0.00
LBC	55	22.89	26.75	27.23	23.13	0.00	0.00
LBC	56	23.83	25.89	26.42	23.85	0.00	0.00
LBC	57	23.78	26.27	26.48	23.47	0.00	0.00
LBC	58	22.95	26.93	27.13	22.99	0.00	0.00
LBC	59	23.83	26.06	26.27	23.84	0.00	0.00
LBC	60	23.64	26.30	26.57	23.50	0.00	0.00
LBC	61	22.90	26.97	27.04	23.09	0.00	0.00
LBC	62	23.68	26.26	26.31	23.75	0.00	0.00
LBC	63	23.46	26.25	26.62	23.67	0.00	0.00
LBC	64	22.86	26.89	27.30	22.95	0.00	0.00
LBC	65	23.71	25.96	26.36	23.98	0.00	0.00
LBC	66	23.49	26.11	26.74	23.66	0.00	0.00
LBC	67	23.06	26.81	27.20	22.93	0.00	0.00
LBC	68	24.11	26.06	26.25	23.58	0.00	0.00
LBC	69	23.85	26.09	26.54	23.51	0.00	0.00
LBC	70	23.14	26.76	27.19	22.91	0.00	0.00
LBC	71	23.95	26.03	26.24	23.78	0.00	0.00
LBC	72	23.63	26.14	26.58	23.64	0.00	0.00
LBC	73	23.06	26.99	27.20	22.75	0.00	0.00
LBC	74	23.93	26.10	26.16	23.81	0.00	0.00
LBC	75	23.50	26.37	26.52	23.62	0.00	0.00
LBC	76	22.98	27.08	27.12	22.82	0.00	0.00
LBC	77	23.76	26.14	26.30	23.81	0.00	0.00
LBC	78	23.58	26.30	26.52	23.61	0.00	0.00
LBC	79	23.02	26.87	27.02	23.10	0.00	0.00
LBC	80	23.93	26.26	26.17	23.65	0.00	0.00
LBC	81	23.74	26.35	26.51	23.40	0.00	0.00
LBC	82	23.04	26.85	27.16	22.96	0.00	0.00
LBC	83	23.90	26.10	26.30	23.70	0.00	0.00
LBC	84	23.59	26.28	26.67	23.46	0.00	0.00
LBC	85	23.01	26.79	27.14	23.06	0.00	0.00
LBC	86	23.85	26.11	26.18	23.85	0.00	0.00
LBC	87	23.59	26.15	26.65	23.60	0.00	0.00
LBC	88	22.95	26.85	27.22	22.98	0.00	0.00
LBC	89	24.07	26.07	26.15	23.72	0.00	0.00
LBC	90	23.89	26.19	26.34	23.57	0.00	0.00
LBC	91	23.08	27.05	26.96	22.91	0.00	0.00
LBC	92	24.01	26.11	26.26	23.62	0.00	0.00
LBC	93	23.72	26.06	26.61	23.61	0.00	0.00
LBC	94	23.14	26.86	27.01	22.98	0.00	0.00
LBC	95	23.93	25.99	26.33	23.76	0.00	0.00
LBC	96	23.69	26.10	26.73	23.48	0.00	0.00
LBC	97	23.19	26.67	27.11	23.02	0.00	0.00
LBC	98	23.89	26.05	26.25	23.81	0.00	0.00
LBC	99	23.60	26.24	26.50	23.67	0.00	0.00
LBC	100	22.96	26.80	27.12	23.12	0.00	0.00
LBC	101	23.78	26.02	26.34	23.85	0.00	0.00
LBC	102	23.66	26.09	26.67	23.57	0.00	0.00
LBC	103	22.99	26.90	27.05	23.06	0.00	0.00
LBC	104	23.90	26.08	26.15	23.86	0.00	0.00
LBC	105	23.56	26.08	26.66	23.70	0.00	0.00
LBC	106	23.41	26.63	27.03	22.93	0.00	0.00
LBC	107	23.85	26.02	26.42	23.72	0.00	0.00
LBC	108	23.62	26.17	26.61	23.60	0.00	0.00
LBC	109	23.12	26.90	27.08	22.90	0.00	0.00
LBC	110	23.76	26.17	26.29	23.79	0.00	0.00
LBC	111	23.71	26.28	26.44	23.57	0.00	0.00
LBC	112	22.95	26.87	27.07	23.11	0.00	0.00
LBC	113	23.85	26.13	26.33	23.69	0.00	0.00
LBC	114	23.63	26.18	26.68	23.50	0.00	0.00
LBC	115	23.12	26.72	27.07	23.09	0.00	0.00
LBC	116	24.06	26.20	26.05	23.68	0.00	0.00
LBC	117	23.82	26.21	26.51	23.46	0.00	0.00
LBC	118	23.18	26.87	26.89	23.06	0.00	0.00
LBC	119	23.81	26.10	26.33	23.75	0.00	0.00
LBC	120	23.74	26.25	26.51	23.50	0.00	0.00
LBC	121	22.98	26.87	26.98	23.17	0.00	0.00
LBC	122	23.84	26.18	26.19	23.80	0.00	0.00
LBC	123	23.56	26.30	26.51	23.63	0.00	0.00
LBC	124	23.14	26.93	26.96	22.97	0.00	0.00
LBC	125	23.84	26.27	26.13	23.76	0.00	0.00
LBC	126	23.79	26.12	26.65	23.44	0.00	0.00
LBC	127	23.24	26.76	27.03	22.97	0.00	0.00
LBC	128	24.06	26.04	26.07	23.83	0.00	0.00
LBC	129	23.66	26.29	26.50	23.56	0.00	0.00
LBC	130	23.21	26.82	27.02	22.95	0.00	0.00
LBC	131	24.13	26.09	26.18	23.60	0.00	0.00
LBC	132	23.89	26.22	26.39	23.50	0.00	0.00
LBC	133	23.19	26.89	26.93	22.99	0.00	0.00
LBC	134	23.95	26.29	25.96	23.80	0.00	0.00
LBC	135	23.73	26.27	26.40	23.60	0.00	0.00
LBC	136	23.24	26.80	27.01	22.95	0.00	0.00
LBC	137	23.99	26.06	26.28	23.66	0.00	0.00
LBC	138	23.84	26.27	26.54	23.35	0.00	0.00
LBC	139	23.23	26.86	26.95	22.96	0.00	0.00
LBC	140	23.91	26.25	26.35	23.49	0.00	0.00
LBC	141	23.66	26.28	26.56	23.50	0.00	0.00
LBC	142	23.16	27.01	26.83	23.00	0.00	0.00
LBC	143	23.86	26.19	26.16	23.79	0.00	0.00
LBC	144	23.81	26.33	26.44	23.41	0.00	0.00
LBC	145	23.07	26.89	26.90	23.14	0.00	0.00
LBC	146	23.93	25.91	26.39	23.77	0.00	0.00
LBC	147	23.70	26.27	26.47	23.56	0.00	0.00
LBC	148	23.32	26.71	27.08	22.90	0.00	0.00
LBC	149	23.79	26.06	26.40	23.75	0.00	0.00
LBC	150	23.87	26.24	26.39	23.51	0.00	0.00
LBC	151	23.26	26.72	27.00	23.03	0.00	0.00
# ACGT raw counters for last fragments. Use `grep ^LTC | cut -f 2-` to extract this part. The columns are: A,C,G,T,N base counters
LTC	636067691	718351032	724927314	634249012	3210
# Insert sizes. Use `grep ^IS | cut -f 2-` to extract this part. The columns are: insert size, pairs total, inward oriented pairs, outward oriented pairs, other pairs
IS	0	5729	1561	3240	928
IS	1	0	0	0	0
IS	2	0	0	0	0
IS	3	0	0	0	0
IS	4	0	0	0	0
IS	5	0	0	0	0
IS	6	0	0	0	0
IS	7	0	0	0	0
IS	8	0	0	0	0
IS	9	0	0	0	0
IS	10	0	0	0	0
IS	11	0	0	0	0
IS	12	0	0	0	0
IS	13	0	0	0	0
IS	14	0	0	0	0
IS	15	0	0	0	0
IS	16	0	0	0	0
IS	17	0	0	0	0
IS	18	0	0	0	0
IS	19	0	0	0	0
IS	20	0	0	0	0
IS	21	0	0	0	0
IS	22	0	0	0	0
IS	23	0	0	0	0
IS	24	0	0	0	0
IS	25	0	0	0	0
IS	26	0	0	0	0
IS	27	0	0	0	0
IS	28	0	0	0	0
IS	29	0	0	0	0
IS	30	0	0	0	0
IS	31	0	0	0	0
IS	32	0	0	0	0
IS	33	0	0	0	0
IS	34	0	0	0	0
IS	35	87	45	42	0
IS	36	119	70	49	0
IS	37	106	58	48	0
IS	38	121	64	57	0
IS	39	133	66	67	0
IS	40	175	87	88	0
IS	41	160	90	70	0
IS	42	191	92	99	0
IS	43	179	94	85	0
IS	44	183	110	73	0
IS	45	205	108	97	0
IS	46	211	108	103	0
IS	47	226	132	94	0
IS	48	327	191	136	0
IS	49	360	208	152	0
IS	50	423	227	196	0
IS	51	477	249	228	0
IS	52	536	278	258	0
IS	53	584	329	255	0
IS	54	526	264	262	0
IS	55	595	331	264	0
IS	56	669	391	278	0
IS	57	705	401	304	0
IS	58	774	422	352	0
IS	59	944	506	438	0
IS	60	1085	544	541	0
IS	61	1259	633	626	0
IS	62	1279	724	555	0
IS	63	1412	788	624	0
IS	64	1486	786	700	0
IS	65	1642	899	743	0
IS	66	1754	963	791	0
IS	67	2077	1102	975	0
IS	68	2217	1185	1032	0
IS	69	2453	1317	1136	0
IS	70	2872	1607	1265	0
IS	71	3115	1741	1374	0
IS	72	3360	1855	1505	0
IS	73	4018	2175	1843	0
IS	74	4347	2403	1944	0
IS	75	4825	2648	2177	0
IS	76	5195	2916	2279	0
IS	77	5858	3146	2712	0
IS	78	6316	3443	2873	0
IS	79	7176	3941	3235	0
IS	80	8026	4238	3788	0
IS	81	8755	4787	3968	0
IS	82	10053	5376	4677	0
IS	83	10843	5848	4995	0
IS	84	12433	6731	5702	0
IS	85	13789	7504	6285	0
IS	86	14835	7933	6902	0
IS	87	15864	8707	7157	0
IS	88	17816	9698	8118	0
IS	89	18922	10354	8568	0
IS	90	20967	11371	9596	0
IS	91	23279	12710	10569	0
IS	92	24718	13351	11367	0
IS	93	27092	14803	12289	0
IS	94	30036	16368	13668	0
IS	95	32085	17386	14699	0
IS	96	34041	18395	15646	0
IS	97	36891	19731	17160	0
IS	98	38391	20771	17620	0
IS	99	41402	22296	19106	0
IS	100	44807	24095	20712	0
IS	101	46573	25268	21305	0
IS	102	49482	26615	22867	0
IS	103	53505	28799	24706	0
IS	104	55922	30002	25920	0
IS	105	58477	31537	26940	0
IS	106	62450	33775	28675	0
IS	107	63484	34068	29416	0
IS	108	65693	35313	30380	0
IS	109	68710	36947	31763	0
IS	110	70788	38164	32624	0
IS	111	73925	39531	34394	0
IS	112	78279	42111	36168	0
IS	113	79927	42866	37061	0
IS	114	82912	43830	39082	0
IS	115	86990	46631	40359	0
IS	116	87437	47098	40339	0
IS	117	88659	47896	40763	0
IS	118	91528	49351	42177	0
IS	119	92215	49454	42761	0
IS	120	94254	50503	43751	0
IS	121	97488	52444	45044	0
IS	122	99766	53464	46302	0
IS	123	100490	54244	46246	0
IS	124	104249	56730	47519	0
IS	125	104866	56906	47960	0
IS	126	106073	57400	48673	0
IS	127	108802	58897	49905	0
IS	128	108464	58351	50113	0
IS	129	108195	58614	49581	0
IS	130	110857	59504	51353	0
IS	131	109429	59031	50398	0
IS	132	111528	60107	51421	0
IS	133	114193	61284	52909	0
IS	134	113851	61341	52510	0
IS	135	115696	62257	53439	0
IS	136	118997	64185	54812	0
IS	137	117374	63618	53756	0
IS	138	117044	63065	53979	0
IS	139	117939	63642	54297	0
IS	140	116984	63354	53630	0
IS	141	116836	63363	53473	0
IS	142	117711	63554	54157	0
IS	143	117382	63363	54019	0
IS	144	117859	63364	54495	0
IS	145	119488	64288	55200	0
IS	146	119106	64271	54835	0
IS	147	119023	64470	54553	0
IS	148	120748	65402	55346	0
IS	149	117248	63530	53718	0
IS	150	117708	63577	54131	0
IS	151	124018	69714	54304	0
IS	152	123927	117949	5978	0
IS	153	126830	123259	3571	0
IS	154	127823	125272	2551	0
IS	155	125870	123884	1986	0
IS	156	126625	125073	1552	0
IS	157	127570	126029	1541	0
IS	158	125934	124426	1508	0
IS	159	123793	122330	1463	0
IS	160	125149	123788	1361	0
IS	161	123599	122111	1488	0
IS	162	123198	121779	1419	0
IS	163	124305	122794	1511	0
IS	164	122494	121030	1464	0
IS	165	122987	121363	1624	0
IS	166	123992	122267	1725	0
IS	167	122778	121017	1761	0
IS	168	122114	120396	1718	0
IS	169	121946	120130	1816	0
IS	170	119355	117388	1967	0
IS	171	118441	116323	2118	0
IS	172	120000	117864	2136	0
IS	173	117560	115218	2342	0
IS	174	116846	114603	2243	0
IS	175	118991	116648	2343	0
IS	176	116219	113761	2458	0
IS	177	115096	112714	2382	0
IS	178	117375	114934	2441	0
IS	179	114414	111687	2727	0
IS	180	113319	110525	2794	0
IS	181	113851	111160	2691	0
IS	182	111693	108813	2880	0
IS	183	112212	109294	2918	0
IS	184	110168	107162	3006	0
IS	185	110718	107757	2961	0
IS	186	109934	106736	3198	0
IS	187	111148	107843	3305	0
IS	188	109353	106043	3310	0
IS	189	108333	105066	3267	0
IS	190	108397	104882	3515	0
IS	191	105757	102218	3539	0
IS	192	104853	101212	3641	0
IS	193	105397	101789	3608	0
IS	194	103194	99575	3619	0
IS	195	102632	98503	4129	0
IS	196	103238	99227	4011	0
IS	197	101336	97439	3897	0
IS	198	100793	96760	4033	0
IS	199	101724	97489	4235	0
IS	200	99555	95544	4011	0
IS	201	98366	94270	4096	0
IS	202	97826	93983	3843	0
IS	203	96066	92112	3954	0
IS	204	95513	91366	4147	0
IS	205	94217	90226	3991	0
IS	206	91010	87281	3729	0
IS	207	90351	86468	3883	0
IS	208	90451	86638	3813	0
IS	209	87890	84272	3618	0
IS	210	85767	82195	3572	0
IS	211	85014	81742	3272	0
IS	212	82444	79441	3003	0
IS	213	80823	78214	2609	0
IS	214	79587	77014	2573	0
IS	215	77428	74792	2636	0
IS	216	74799	72682	2117	0
IS	217	74077	71991	2086	0
IS	218	73878	71023	2855	0
IS	219	71849	68992	2857	0
IS	220	70837	68967	1870	0
IS	221	68322	66724	1598	0
IS	222	66352	64889	1463	0
IS	223	66339	65009	1330	0
IS	224	64813	63536	1277	0
IS	225	63431	62248	1183	0
IS	226	63467	62325	1142	0
IS	227	61413	60244	1169	0
IS	228	60913	59725	1188	0
IS	229	59435	58436	999	0
IS	230	58093	57164	929	0
IS	231	57113	56215	898	0
IS	232	56972	56045	927	0
IS	233	55985	55122	863	0
IS	234	54681	53774	907	0
IS	235	54813	53975	838	0
IS	236	53383	52591	792	0
IS	237	53118	52241	877	0
IS	238	53079	52227	852	0
IS	239	51130	50240	890	0
IS	240	51327	50476	851	0
IS	241	50912	50034	878	0
IS	242	49533	48732	801	0
IS	243	48936	48077	859	0
IS	244	48930	48108	822	0
IS	245	47640	46857	783	0
IS	246	47029	46202	827	0
IS	247	47329	46532	797	0
IS	248	45829	45044	785	0
IS	249	45331	44479	852	0
IS	250	44997	44123	874	0
IS	251	42989	42131	858	0
IS	252	42644	41824	820	0
IS	253	42765	41952	813	0
IS	254	41237	40440	797	0
IS	255	40807	40028	779	0
IS	256	41051	40296	755	0
IS	257	39966	39245	721	0
IS	258	39668	38931	737	0
IS	259	39253	38500	753	0
IS	260	38263	37513	750	0
IS	261	37319	36600	719	0
IS	262	37741	36954	787	0
IS	263	36416	35752	664	0
IS	264	35729	35009	720	0
IS	265	36029	35217	812	0
IS	266	35159	34494	665	0
IS	267	34722	33989	733	0
IS	268	34724	33971	753	0
IS	269	33563	32800	763	0
IS	270	32842	32073	769	0
IS	271	32617	31953	664	0
IS	272	31899	31219	680	0
IS	273	31649	31014	635	0
IS	274	31285	30602	683	0
IS	275	31144	30494	650	0
IS	276	30379	29719	660	0
IS	277	30202	29576	626	0
IS	278	29544	28880	664	0
IS	279	29380	28672	708	0
IS	280	28411	27828	583	0
IS	281	28192	27624	568	0
IS	282	27506	26961	545	0
IS	283	26967	26413	554	0
IS	284	26625	26093	532	0
IS	285	26215	25682	533	0
IS	286	26406	25854	552	0
IS	287	25312	24733	579	0
IS	288	25073	24521	552	0
IS	289	25406	24876	530	0
IS	290	24720	24226	494	0
IS	291	24242	23645	597	0
IS	292	23690	23208	482	0
IS	293	23584	22978	606	0
IS	294	22427	21938	489	0
IS	295	22888	22340	548	0
IS	296	22359	21789	570	0
IS	297	22219	21620	599	0
IS	298	22311	21571	740	0
IS	299	21758	21049	709	0
IS	300	21107	20505	602	0
IS	301	20856	20250	606	0
IS	302	20785	20015	770	0
IS	303	20363	19592	771	0
IS	304	19947	19348	599	0
IS	305	19616	19017	599	0
IS	306	19200	18667	533	0
IS	307	18795	18333	462	0
IS	308	18685	18043	642	0
IS	309	18871	18281	590	0
IS	310	18285	17719	566	0
IS	311	17425	16903	522	0
IS	312	17631	17149	482	0
IS	313	17289	16750	539	0
IS	314	16697	16186	511	0
IS	315	16505	15997	508	0
IS	316	16110	15623	487	0
IS	317	15936	15453	483	0
IS	318	15344	14855	489	0
IS	319	15525	15042	483	0
IS	320	15080	14618	462	0
IS	321	14787	14326	461	0
IS	322	14611	14237	374	0
IS	323	14301	13830	471	0
IS	324	13982	13532	450	0
IS	325	14006	13517	489	0
IS	326	13463	13017	446	0
IS	327	13185	12745	440	0
IS	328	13101	12677	424	0
IS	329	12870	12401	469	0
IS	330	12497	12067	430	0
IS	331	12452	12031	421	0
IS	332	12324	11884	440	0
IS	333	12049	11608	441	0
IS	334	11799	11404	395	0
IS	335	11860	11415	445	0
IS	336	11252	10750	502	0
IS	337	11563	11126	437	0
IS	338	11073	10654	419	0
IS	339	10863	10420	443	0
IS	340	10585	10263	322	0
IS	341	10645	10251	394	0
IS	342	10251	9840	411	0
IS	343	10390	10026	364	0
IS	344	9977	9659	318	0
IS	345	9636	9386	250	0
IS	346	9632	9375	257	0
IS	347	9335	9040	295	0
IS	348	9111	8861	250	0
IS	349	9200	8969	231	0
IS	350	9013	8735	278	0
IS	351	8579	8283	296	0
IS	352	8725	8475	250	0
IS	353	8554	8285	269	0
IS	354	8324	8064	260	0
IS	355	7902	7615	287	0
IS	356	8014	7751	263	0
IS	357	7831	7531	300	0
IS	358	7837	7572	265	0
IS	359	7772	7438	334	0
IS	360	7411	7105	306	0
IS	361	7390	7112	278	0
IS	362	7275	7021	254	0
IS	363	7070	6806	264	0
IS	364	7007	6720	287	0
IS	365	6938	6666	272	0
IS	366	6720	6472	248	0
IS	367	6936	6649	287	0
IS	368	6745	6462	283	0
IS	369	6426	6157	269	0
IS	370	6686	6344	342	0
IS	371	6422	6098	324	0
IS	372	6469	6137	332	0
IS	373	6280	6008	272	0
IS	374	6088	5847	241	0
IS	375	6058	5795	263	0
IS	376	6060	5804	256	0
IS	377	5968	5727	241	0
IS	378	5880	5587	293	0
IS	379	5667	5343	324	0
IS	380	5447	5151	296	0
IS	381	5396	5146	250	0
IS	382	5378	5154	224	0
IS	383	5284	5018	266	0
IS	384	5076	4827	249	0
IS	385	5076	4823	253	0
IS	386	5148	4886	262	0
IS	387	5056	4787	269	0
IS	388	4719	4475	244	0
IS	389	4702	4503	199	0
IS	390	4884	4646	238	0
IS	391	4617	4395	222	0
IS	392	4435	4208	227	0
IS	393	4424	4164	260	0
IS	394	4388	4130	258	0
IS	395	4217	3973	244	0
IS	396	4330	4064	266	0
IS	397	4353	4145	208	0
IS	398	4148	3897	251	0
IS	399	4194	3920	274	0
IS	400	4078	3816	262	0
IS	401	3913	3695	218	0
IS	402	3463	3223	240	0
IS	403	3427	3183	244	0
IS	404	3447	3216	231	0
IS	405	3272	3065	207	0
IS	406	3290	3057	233	0
IS	407	3123	2937	186	0
IS	408	3099	2928	171	0
IS	409	2971	2832	139	0
IS	410	2976	2835	141	0
IS	411	2949	2792	157	0
IS	412	2923	2742	181	0
IS	413	3007	2840	167	0
IS	414	2945	2744	201	0
IS	415	2771	2618	153	0
IS	416	2869	2669	200	0
IS	417	2754	2585	169	0
IS	418	2681	2540	141	0
IS	419	2741	2575	166	0
IS	420	2572	2399	173	0
IS	421	2473	2309	164	0
IS	422	2467	2324	143	0
IS	423	2584	2417	167	0
IS	424	2439	2275	164	0
IS	425	2447	2259	188	0
IS	426	2479	2281	198	0
IS	427	2370	2168	202	0
IS	428	2303	2119	184	0
IS	429	2385	2145	240	0
IS	430	2314	2041	273	0
IS	431	2244	1988	256	0
IS	432	2251	1959	292	0
IS	433	2310	1985	325	0
IS	434	2120	1872	248	0
IS	435	2213	1940	273	0
IS	436	2186	1941	245	0
IS	437	2142	1870	272	0
IS	438	2090	1825	265	0
IS	439	2154	1882	272	0
IS	440	2277	1859	418	0
IS	441	2229	1838	391	0
IS	442	2204	1710	494	0
IS	443	2097	1674	423	0
IS	444	2072	1749	323	0
IS	445	1927	1696	231	0
IS	446	1970	1732	238	0
IS	447	1994	1778	216	0
IS	448	1998	1774	224	0
IS	449	1849	1656	193	0
IS	450	1905	1651	254	0
IS	451	1774	1599	175	0
IS	452	1808	1591	217	0
IS	453	1863	1661	202	0
IS	454	1854	1659	195	0
IS	455	1762	1544	218	0
IS	456	1778	1568	210	0
IS	457	1577	1368	209	0
IS	458	1634	1494	140	0
IS	459	1490	1354	136	0
IS	460	1501	1368	133	0
IS	461	1413	1277	136	0
IS	462	1377	1247	130	0
IS	463	1406	1273	133	0
IS	464	1334	1213	121	0
IS	465	1313	1184	129	0
IS	466	1352	1259	93	0
IS	467	1314	1219	95	0
IS	468	1304	1203	101	0
IS	469	1293	1195	98	0
IS	470	1307	1201	106	0
IS	471	1245	1164	81	0
IS	472	1216	1110	106	0
IS	473	1161	1089	72	0
IS	474	1222	1125	97	0
IS	475	1235	1111	124	0
IS	476	1170	1066	104	0
IS	477	1113	1014	99	0
IS	478	1110	1025	85	0
IS	479	1038	934	104	0
IS	480	1125	1004	121	0
IS	481	1138	1045	93	0
IS	482	1070	986	84	0
IS	483	1036	930	106	0
IS	484	1035	969	66	0
IS	485	991	920	71	0
IS	486	1041	951	90	0
IS	487	946	859	87	0
IS	488	894	818	76	0
IS	489	1042	970	72	0
IS	490	1002	905	97	0
IS	491	950	869	81	0
IS	492	944	842	102	0
IS	493	931	842	89	0
# Read lengths. Use `grep ^RL | cut -f 2-` to extract this part. The columns are: read length, count
RL	35	400
RL	36	381
RL	37	335
RL	38	393
RL	39	414
RL	40	502
RL	41	490
RL	42	567
RL	43	549
RL	44	575
RL	45	704
RL	46	651
RL	47	756
RL	48	1015
RL	49	1183
RL	50	1334
RL	51	1374
RL	52	1523
RL	53	1580
RL	54	1429
RL	55	1580
RL	56	1695
RL	57	1801
RL	58	2062
RL	59	2374
RL	60	2683
RL	61	3101
RL	62	3156
RL	63	3529
RL	64	3740
RL	65	3972
RL	66	4296
RL	67	5037
RL	68	5372
RL	69	6061
RL	70	6981
RL	71	7368
RL	72	8155
RL	73	9595
RL	74	10395
RL	75	11406
RL	76	12230
RL	77	13865
RL	78	15070
RL	79	17135
RL	80	18979
RL	81	20942
RL	82	23742
RL	83	25878
RL	84	29235
RL	85	32681
RL	86	35882
RL	87	37612
RL	88	42767
RL	89	44461
RL	90	50173
RL	91	55218
RL	92	59117
RL	93	64791
RL	94	71236
RL	95	76669
RL	96	80245
RL	97	87377
RL	98	91397
RL	99	98331
RL	100	105835
RL	101	110583
RL	102	117843
RL	103	127049
RL	104	132869
RL	105	139066
RL	106	148838
RL	107	152169
RL	108	156894
RL	109	165068
RL	110	169541
RL	111	178064
RL	112	189717
RL	113	192200
RL	114	198517
RL	115	208922
RL	116	211483
RL	117	218883
RL	118	222280
RL	119	225035
RL	120	228691
RL	121	236241
RL	122	244000
RL	123	245345
RL	124	254529
RL	125	254031
RL	126	257156
RL	127	264086
RL	128	261855
RL	129	262048
RL	130	268651
RL	131	267010
RL	132	272110
RL	133	278919
RL	134	280212
RL	135	282246
RL	136	289294
RL	137	287042
RL	138	287558
RL	139	290517
RL	140	288546
RL	141	290016
RL	142	296141
RL	143	300747
RL	144	299502
RL	145	316244
RL	146	348478
RL	147	350559
RL	148	297521
RL	149	291131
RL	150	291993
RL	151	24937206
# Read lengths - first fragments. Use `grep ^FRL | cut -f 2-` to extract this part. The columns are: read length, count
FRL	35	184
FRL	36	169
FRL	37	154
FRL	38	185
FRL	39	190
FRL	40	240
FRL	41	234
FRL	42	277
FRL	43	262
FRL	44	292
FRL	45	348
FRL	46	318
FRL	47	379
FRL	48	519
FRL	49	604
FRL	50	692
FRL	51	717
FRL	52	800
FRL	53	799
FRL	54	721
FRL	55	807
FRL	56	848
FRL	57	906
FRL	58	1044
FRL	59	1205
FRL	60	1356
FRL	61	1563
FRL	62	1589
FRL	63	1783
FRL	64	1886
FRL	65	2005
FRL	66	2159
FRL	67	2537
FRL	68	2706
FRL	69	3067
FRL	70	3513
FRL	71	3696
FRL	72	4096
FRL	73	4814
FRL	74	5216
FRL	75	5726
FRL	76	6136
FRL	77	6970
FRL	78	7548
FRL	79	8631
FRL	80	9521
FRL	81	10520
FRL	82	11891
FRL	83	12981
FRL	84	14662
FRL	85	16374
FRL	86	17994
FRL	87	18842
FRL	88	21420
FRL	89	22260
FRL	90	25141
FRL	91	27663
FRL	92	29582
FRL	93	32432
FRL	94	35669
FRL	95	38404
FRL	96	40190
FRL	97	43758
FRL	98	45767
FRL	99	49244
FRL	100	52994
FRL	101	55403
FRL	102	58996
FRL	103	63636
FRL	104	66530
FRL	105	69621
FRL	106	74538
FRL	107	76222
FRL	108	78612
FRL	109	82672
FRL	110	84913
FRL	111	89165
FRL	112	95006
FRL	113	96262
FRL	114	99375
FRL	115	104608
FRL	116	105899
FRL	117	109574
FRL	118	111301
FRL	119	112651
FRL	120	114496
FRL	121	118298
FRL	122	122191
FRL	123	122856
FRL	124	127411
FRL	125	127206
FRL	126	128783
FRL	127	132215
FRL	128	131122
FRL	129	131205
FRL	130	134504
FRL	131	133668
FRL	132	136257
FRL	133	139639
FRL	134	140257
FRL	135	141240
FRL	136	144765
FRL	137	143606
FRL	138	143805
FRL	139	145246
FRL	140	144134
FRL	141	144641
FRL	142	147472
FRL	143	149256
FRL	144	149392
FRL	145	157664
FRL	146	175478
FRL	147	175411
FRL	148	148744
FRL	149	145581
FRL	150	148391
FRL	151	12460896
# Read lengths - last fragments. Use `grep ^LRL | cut -f 2-` to extract this part. The columns are: read length, count
LRL	35	216
LRL	36	212
LRL	37	181
LRL	38	208
LRL	39	224
LRL	40	262
LRL	41	256
LRL	42	290
LRL	43	287
LRL	44	283
LRL	45	356
LRL	46	333
LRL	47	377
LRL	48	496
LRL	49	579
LRL	50	642
LRL	51	657
LRL	52	723
LRL	53	781
LRL	54	708
LRL	55	773
LRL	56	847
LRL	57	895
LRL	58	1018
LRL	59	1169
LRL	60	1327
LRL	61	1538
LRL	62	1567
LRL	63	1746
LRL	64	1854
LRL	65	1967
LRL	66	2137
LRL	67	2500
LRL	68	2666
LRL	69	2994
LRL	70	3468
LRL	71	3672
LRL	72	4059
LRL	73	4781
LRL	74	5179
LRL	75	5680
LRL	76	6094
LRL	77	6895
LRL	78	7522
LRL	79	8504
LRL	80	9458
LRL	81	10422
LRL	82	11851
LRL	83	12897
LRL	84	14573
LRL	85	16307
LRL	86	17888
LRL	87	18770
LRL	88	21347
LRL	89	22201
LRL	90	25032
LRL	91	27555
LRL	92	29535
LRL	93	32359
LRL	94	35567
LRL	95	38265
LRL	96	40055
LRL	97	43619
LRL	98	45630
LRL	99	49087
LRL	100	52841
LRL	101	55180
LRL	102	58847
LRL	103	63413
LRL	104	66339
LRL	105	69445
LRL	106	74300
LRL	107	75947
LRL	108	78282
LRL	109	82396
LRL	110	84628
LRL	111	88899
LRL	112	94711
LRL	113	95938
LRL	114	99142
LRL	115	104314
LRL	116	105584
LRL	117	109309
LRL	118	110979
LRL	119	112384
LRL	120	114195
LRL	121	117943
LRL	122	121809
LRL	123	122489
LRL	124	127118
LRL	125	126825
LRL	126	128373
LRL	127	131871
LRL	128	130733
LRL	129	130843
LRL	130	134147
LRL	131	133342
LRL	132	135853
LRL	133	139280
LRL	134	139955
LRL	135	141006
LRL	136	144529
LRL	137	143436
LRL	138	143753
LRL	139	145271
LRL	140	144412
LRL	141	145375
LRL	142	148669
LRL	143	151491
LRL	144	150110
LRL	145	158580
LRL	146	173000
LRL	147	175148
LRL	148	148777
LRL	149	145550
LRL	150	143602
LRL	151	12476310
# Mapping qualities for reads !(UNMAP|SECOND|SUPPL|QCFAIL|DUP). Use `grep ^MAPQ | cut -f 2-` to extract this part. The columns are: mapq, count
MAPQ	0	4324
MAPQ	1	35512
MAPQ	60	35563267
# Indel distribution. Use `grep ^ID | cut -f 2-` to extract this part. The columns are: length, number of insertions, number of deletions
ID	1	359362	253437
ID	2	77310	134079
ID	3	52270	45757
ID	4	11781	7555
ID	5	3987	8153
ID	6	7722	11358
ID	7	3732	7895
ID	8	3619	3359
# Indels per cycle. Use `grep ^IC | cut -f 2-` to extract this part. The columns are: cycle, number of insertions (fwd), .. (rev) , number of deletions (fwd), .. (rev)
IC	2	3	1	3	0
IC	3	2	1	2	1
IC	4	1	6	0	1
IC	5	3	4	0	2
IC	6	6	8	1	2
IC	7	7	14	6	7
IC	8	562	333	491	502
IC	9	798	523	783	700
IC	10	870	825	547	446
IC	11	1011	668	651	671
IC	12	1250	1236	827	940
IC	13	1336	1039	1043	909
IC	14	1122	1155	1150	1264
IC	15	1916	1352	1414	1918
IC	16	1272	1322	1300	1586
IC	17	1278	2205	1181	1847
IC	18	1333	1716	1301	1597
IC	19	1454	2528	1489	3664
IC	20	1739	2341	1290	1547
IC	21	1541	1621	1372	1732
IC	22	1848	2259	1577	2168
IC	23	1621	1660	1402	1922
IC	24	2090	1673	1494	1951
IC	25	1747	2165	1554	2577
IC	26	1630	1878	1753	3145
IC	27	1737	2012	1411	2082
IC	28	1752	1515	1583	1932
IC	29	2165	1894	1441	2801
IC	30	1569	1977	1404	2577
IC	31	2152	1400	1790	2060
IC	32	1643	1714	1624	1594
IC	33	2224	1644	1401	1593
IC	34	1747	1456	1746	1824
IC	35	1772	7417	1821	1928
IC	36	1533	5424	1801	2047
IC	37	2349	2305	1615	2710
IC	38	1757	1972	1756	3800
IC	39	1556	1981	1659	2976
IC	40	1674	1996	1682	3468
IC	41	1714	2062	1774	2428
IC	42	2133	1694	2135	1770
IC	43	2026	1625	2329	1725
IC	44	1907	1902	1815	3259
IC	45	1605	1742	1720	2116
IC	46	1460	2240	1719	2625
IC	47	2007	2011	1958	2022
IC	48	1846	2822	1512	2839
IC	49	2431	1921	1600	1903
IC	50	2493	2285	1523	1542
IC	51	2098	2870	1791	2448
IC	52	2873	1680	1774	1767
IC	53	3296	2344	1483	1988
IC	54	3503	2008	1831	2353
IC	55	2298	2039	1538	1879
IC	56	2996	2455	1781	2312
IC	57	2291	2117	1555	4020
IC	58	1776	4233	1383	2318
IC	59	2595	2388	1595	2361
IC	60	2099	2094	1406	2312
IC	61	2038	2244	1747	2230
IC	62	1687	1787	3369	2127
IC	63	1945	2589	2328	2440
IC	64	2585	2136	2628	2044
IC	65	1705	2439	1747	2307
IC	66	1797	3250	1878	2340
IC	67	1408	2326	2721	2967
IC	68	2188	3574	1897	1802
IC	69	1471	2425	2136	2051
IC	70	1808	4075	2369	1803
IC	71	1903	2656	2011	1732
IC	72	1636	2387	1784	2148
IC	73	1893	2895	1685	1877
IC	74	1430	2709	2350	1935
IC	75	2433	3545	2065	1455
IC	76	2045	2032	2100	2024
IC	77	2604	2155	2317	1702
IC	78	1599	2025	2546	3329
IC	79	1766	1842	2057	1612
IC	80	2552	1969	1713	1515
IC	81	2241	2144	2209	2100
IC	82	1794	1731	1711	1828
IC	83	1742	1869	1872	2318
IC	84	2013	1827	2893	2708
IC	85	2080	4544	2331	2041
IC	86	1652	2299	1956	1477
IC	87	1682	4397	1930	1912
IC	88	1622	2477	2076	1941
IC	89	2134	2062	1831	1676
IC	90	1867	1985	2027	1567
IC	91	1858	1922	2778	1862
IC	92	3327	2585	1701	1748
IC	93	1725	1793	2038	1851
IC	94	1668	1864	1701	1875
IC	95	1722	1511	2147	1527
IC	96	1995	2629	2129	1712
IC	97	2347	2019	2332	2884
IC	98	3711	2586	2852	1844
IC	99	2282	1931	1772	2361
IC	100	1718	1566	2006	1592
IC	101	2166	3215	1859	1748
IC	102	3488	2353	1965	1603
IC	103	6964	2278	1920	1413
IC	104	2999	1768	1423	1383
IC	105	2163	2000	1665	1612
IC	106	2692	1801	1592	1600
IC	107	1610	2165	1767	1348
IC	108	2569	2035	1780	1535
IC	109	1447	2246	1808	1439
IC	110	2423	1675	1608	1459
IC	111	1628	1727	1362	2041
IC	112	1742	1499	1442	1610
IC	113	1572	2074	1511	1517
IC	114	1331	1521	1835	1696
IC	115	1420	1382	1732	1637
IC	116	1326	1658	1765	1428
IC	117	1571	1386	1396	1871
IC	118	1686	1505	1770	1456
IC	119	2027	1804	2174	1711
IC	120	1370	1808	1714	1509
IC	121	1446	2420	1948	1530
IC	122	1302	1493	1541	1021
IC	123	1235	1755	1694	1528
IC	124	1473	1601	2178	1491
IC	125	1393	1324	2225	1215
IC	126	1273	1333	1314	1362
IC	127	1311	1387	1277	961
IC	128	1739	1295	1347	1289
IC	129	2069	1340	1065	952
IC	130	1095	1156	1223	1010
IC	131	1471	1287	1465	1351
IC	132	1227	1169	1065	1508
IC	133	911	1024	1057	1016
IC	134	1889	1140	1000	958
IC	135	1223	1334	1007	1036
IC	136	1451	1320	855	1585
IC	137	979	2082	720	798
IC	138	723	1016	729	930
IC	139	645	818	896	555
IC	140	478	469	483	463
IC	141	487	550	434	304
IC	142	369	605	377	265
IC	143	340	508	468	307
IC	144	281	624	4	8
IC	145	4	4	2	1
IC	146	28	11	0	0
IC	147	17	0	1	0
IC	148	2	0	0	0
IC	149	0	0	1	0
# Coverage distribution. Use `grep ^COV | cut -f 2-` to extract this part.
COV	[1-1]	1	905403
COV	[2-2]	2	1338238
COV	[3-3]	3	603182
COV	[4-4]	4	762150
COV	[5-5]	5	463687
COV	[6-6]	6	517332
COV	[7-7]	7	376474
COV	[8-8]	8	389009
COV	[9-9]	9	317527
COV	[10-10]	10	319651
COV	[11-11]	11	271738
COV	[12-12]	12	270696
COV	[13-13]	13	243227
COV	[14-14]	14	238300
COV	[15-15]	15	219858
COV	[16-16]	16	213291
COV	[17-17]	17	200655
COV	[18-18]	18	197524
COV	[19-19]	19	188968
COV	[20-20]	20	186038
COV	[21-21]	21	178079
COV	[22-22]	22	170696
COV	[23-23]	23	164873
COV	[24-24]	24	162300
COV	[25-25]	25	156833
COV	[26-26]	26	154974
COV	[27-27]	27	151493
COV	[28-28]	28	148424
COV	[29-29]	29	143096
COV	[30-30]	30	142517
COV	[31-31]	31	137184
COV	[32-32]	32	136078
COV	[33-33]	33	133737
COV	[34-34]	34	130103
COV	[35-35]	35	127608
COV	[36-36]	36	125627
COV	[37-37]	37	122569
COV	[38-38]	38	121318
COV	[39-39]	39	119321
COV	[40-40]	40	117435
COV	[41-41]	41	116323
COV	[42-42]	42	114208
COV	[43-43]	43	113477
COV	[44-44]	44	111412
COV	[45-45]	45	108676
COV	[46-46]	46	108570
COV	[47-47]	47	106429
COV	[48-48]	48	105533
COV	[49-49]	49	104051
COV	[50-50]	50	103228
COV	[51-51]	51	101827
COV	[52-52]	52	101371
COV	[53-53]	53	98547
COV	[54-54]	54	97803
COV	[55-55]	55	95770
COV	[56-56]	56	94523
COV	[57-57]	57	94117
COV	[58-58]	58	92959
COV	[59-59]	59	91246
COV	[60-60]	60	92070
COV	[61-61]	61	89712
COV	[62-62]	62	88734
COV	[63-63]	63	87390
COV	[64-64]	64	87370
COV	[65-65]	65	86060
COV	[66-66]	66	84347
COV	[67-67]	67	83736
COV	[68-68]	68	82063
COV	[69-69]	69	82339
COV	[70-70]	70	81331
COV	[71-71]	71	80958
COV	[72-72]	72	79541
COV	[73-73]	73	79269
COV	[74-74]	74	78170
COV	[75-75]	75	77601
COV	[76-76]	76	77642
COV	[77-77]	77	76999
COV	[78-78]	78	74937
COV	[79-79]	79	74750
COV	[80-80]	80	73939
COV	[81-81]	81	73118
COV	[82-82]	82	71867
COV	[83-83]	83	71242
COV	[84-84]	84	70727
COV	[85-85]	85	70208
COV	[86-86]	86	68853
COV	[87-87]	87	67372
COV	[88-88]	88	67246
COV	[89-89]	89	66308
COV	[90-90]	90	66177
COV	[91-91]	91	64761
COV	[92-92]	92	64323
COV	[93-93]	93	64466
COV	[94-94]	94	62638
COV	[95-95]	95	62678
COV	[96-96]	96	61104
COV	[97-97]	97	60453
COV	[98-98]	98	60323
COV	[99-99]	99	60092
COV	[100-100]	100	58498
COV	[101-101]	101	58717
COV	[102-102]	102	58642
COV	[103-103]	103	58580
COV	[104-104]	104	57423
COV	[105-105]	105	56314
COV	[106-106]	106	55642
COV	[107-107]	107	54502
COV	[108-108]	108	54296
COV	[109-109]	109	53731
COV	[110-110]	110	53375
COV	[111-111]	111	52352
COV	[112-112]	112	52112
COV	[113-113]	113	51650
COV	[114-114]	114	51228
COV	[115-115]	115	50594
COV	[116-116]	116	50114
COV	[117-117]	117	49224
COV	[118-118]	118	48479
COV	[119-119]	119	48736
COV	[120-120]	120	47907
COV	[121-121]	121	46739
COV	[122-122]	122	46549
COV	[123-123]	123	46181
COV	[124-124]	124	45418
COV	[125-125]	125	45600
COV	[126-126]	126	44558
COV	[127-127]	127	44228
COV	[128-128]	128	43851
COV	[129-129]	129	43293
COV	[130-130]	130	43289
COV	[131-131]	131	42185
COV	[132-132]	132	42336
COV	[133-133]	133	41975
COV	[134-134]	134	41903
COV	[135-135]	135	41543
COV	[136-136]	136	40901
COV	[137-137]	137	40141
COV	[138-138]	138	40302
COV	[139-139]	139	39490
COV	[140-140]	140	39339
COV	[141-141]	141	38276
COV	[142-142]	142	38693
COV	[143-143]	143	37667
COV	[144-144]	144	37988
COV	[145-145]	145	37246
COV	[146-146]	146	36586
COV	[147-147]	147	36717
COV	[148-148]	148	35815
COV	[149-149]	149	35774
COV	[150-150]	150	34958
COV	[151-151]	151	35073
COV	[152-152]	152	34653
COV	[153-153]	153	34042
COV	[154-154]	154	33724
COV	[155-155]	155	33921
COV	[156-156]	156	33415
COV	[157-157]	157	33419
COV	[158-158]	158	32969
COV	[159-159]	159	32956
COV	[160-160]	160	32717
COV	[161-161]	161	32496
COV	[162-162]	162	32089
COV	[163-163]	163	31647
COV	[164-164]	164	31411
COV	[165-165]	165	30610
COV	[166-166]	166	30790
COV	[167-167]	167	30599
COV	[168-168]	168	30283
COV	[169-169]	169	29896
COV	[170-170]	170	30456
COV	[171-171]	171	30024
COV	[172-172]	172	29898
COV	[173-173]	173	29311
COV	[174-174]	174	28922
COV	[175-175]	175	28624
COV	[176-176]	176	28485
COV	[177-177]	177	28494
COV	[178-178]	178	28100
COV	[179-179]	179	27413
COV	[180-180]	180	27273
COV	[181-181]	181	26800
COV	[182-182]	182	27421
COV	[183-183]	183	27037
COV	[184-184]	184	26941
COV	[185-185]	185	26477
COV	[186-186]	186	26414
COV	[187-187]	187	26152
COV	[188-188]	188	25877
COV	[189-189]	189	25406
COV	[190-190]	190	25588
COV	[191-191]	191	25270
COV	[192-192]	192	24960
COV	[193-193]	193	24832
COV	[194-194]	194	24914
COV	[195-195]	195	24603
COV	[196-196]	196	24287
COV	[197-197]	197	24095
COV	[198-198]	198	23841
COV	[199-199]	199	23411
COV	[200-200]	200	23282
COV	[201-201]	201	23078
COV	[202-202]	202	23007
COV	[203-203]	203	23264
COV	[204-204]	204	22700
COV	[205-205]	205	22611
COV	[206-206]	206	22572
COV	[207-207]	207	21853
COV	[208-208]	208	21884
COV	[209-209]	209	22061
COV	[210-210]	210	22010
COV	[211-211]	211	21883
COV	[212-212]	212	21807
COV	[213-213]	213	21739
COV	[214-214]	214	21849
COV	[215-215]	215	21485
COV	[216-216]	216	21324
COV	[217-217]	217	20598
COV	[218-218]	218	20998
COV	[219-219]	219	20577
COV	[220-220]	220	20460
COV	[221-221]	221	20379
COV	[222-222]	222	20081
COV	[223-223]	223	19915
COV	[224-224]	224	19557
COV	[225-225]	225	19906
COV	[226-226]	226	19642
COV	[227-227]	227	19576
COV	[228-228]	228	19409
COV	[229-229]	229	19104
COV	[230-230]	230	19404
COV	[231-231]	231	18924
COV	[232-232]	232	18749
COV	[233-233]	233	18861
COV	[234-234]	234	18689
COV	[235-235]	235	18346
COV	[236-236]	236	18271
COV	[237-237]	237	18195
COV	[238-238]	238	17875
COV	[239-239]	239	17983
COV	[240-240]	240	17791
COV	[241-241]	241	17703
COV	[242-242]	242	17711
COV	[243-243]	243	17495
COV	[244-244]	244	17485
COV	[245-245]	245	17220
COV	[246-246]	246	16741
COV	[247-247]	247	17186
COV	[248-248]	248	17095
COV	[249-249]	249	17012
COV	[250-250]	250	16841
COV	[251-251]	251	16402
COV	[252-252]	252	16109
COV	[253-253]	253	16291
COV	[254-254]	254	16158
COV	[255-255]	255	15780
COV	[256-256]	256	15746
COV	[257-257]	257	15607
COV	[258-258]	258	15359
COV	[259-259]	259	15427
COV	[260-260]	260	15263
COV	[261-261]	261	15037
COV	[262-262]	262	15208
COV	[263-263]	263	14909
COV	[264-264]	264	14733
COV	[265-265]	265	14432
COV	[266-266]	266	14352
COV	[267-267]	267	14665
COV	[268-268]	268	14187
COV	[269-269]	269	14157
COV	[270-270]	270	13987
COV	[271-271]	271	13880
COV	[272-272]	272	14189
COV	[273-273]	273	13829
COV	[274-274]	274	14124
COV	[275-275]	275	13511
COV	[276-276]	276	13599
COV	[277-277]	277	13403
COV	[278-278]	278	13447
COV	[279-279]	279	13341
COV	[280-280]	280	13097
COV	[281-281]	281	13197
COV	[282-282]	282	12886
COV	[283-283]	283	12924
COV	[284-284]	284	12749
COV	[285-285]	285	12762
COV	[286-286]	286	12536
COV	[287-287]	287	12555
COV	[288-288]	288	12298
COV	[289-289]	289	12252
COV	[290-290]	290	12071
COV	[291-291]	291	11870
COV	[292-292]	292	11860
COV	[293-293]	293	11880
COV	[294-294]	294	11823
COV	[295-295]	295	11727
COV	[296-296]	296	11538
COV	[297-297]	297	11475
COV	[298-298]	298	11609
COV	[299-299]	299	11712
COV	[300-300]	300	11651
COV	[301-301]	301	11314
COV	[302-302]	302	11422
COV	[303-303]	303	11242
COV	[304-304]	304	11497
COV	[305-305]	305	11108
COV	[306-306]	306	10986
COV	[307-307]	307	10847
COV	[308-308]	308	10986
COV	[309-309]	309	10800
COV	[310-310]	310	10884
COV	[311-311]	311	10436
COV	[312-312]	312	10657
COV	[313-313]	313	10636
COV	[314-314]	314	10421
COV	[315-315]	315	10485
COV	[316-316]	316	10424
COV	[317-317]	317	10245
COV	[318-318]	318	10158
COV	[319-319]	319	9985
COV	[320-320]	320	9801
COV	[321-321]	321	9870
COV	[322-322]	322	9712
COV	[323-323]	323	9611
COV	[324-324]	324	9589
COV	[325-325]	325	9680
COV	[326-326]	326	9493
COV	[327-327]	327	9829
COV	[328-328]	328	9584
COV	[329-329]	329	9647
COV	[330-330]	330	9419
COV	[331-331]	331	9615
COV	[332-332]	332	9389
COV	[333-333]	333	9328
COV	[334-334]	334	9343
COV	[335-335]	335	9251
COV	[336-336]	336	9340
COV	[337-337]	337	9315
COV	[338-338]	338	9045
COV	[339-339]	339	9041
COV	[340-340]	340	9236
COV	[341-341]	341	9113
COV	[342-342]	342	8947
COV	[343-343]	343	8917
COV	[344-344]	344	8895
COV	[345-345]	345	8858
COV	[346-346]	346	8668
COV	[347-347]	347	8475
COV	[348-348]	348	8464
COV	[349-349]	349	8224
COV	[350-350]	350	8353
COV	[351-351]	351	8349
COV	[352-352]	352	8433
COV	[353-353]	353	8509
COV	[354-354]	354	8352
COV	[355-355]	355	8264
COV	[356-356]	356	8434
COV	[357-357]	357	8360
COV	[358-358]	358	8062
COV	[359-359]	359	8070
COV	[360-360]	360	8048
COV	[361-361]	361	8014
COV	[362-362]	362	8075
COV	[363-363]	363	8016
COV	[364-364]	364	7913
COV	[365-365]	365	7801
COV	[366-366]	366	7856
COV	[367-367]	367	7743
COV	[368-368]	368	7714
COV	[369-369]	369	7781
COV	[370-370]	370	7594
COV	[371-371]	371	7788
COV	[372-372]	372	7587
COV	[373-373]	373	7761
COV	[374-374]	374	7761
COV	[375-375]	375	7569
COV	[376-376]	376	7412
COV	[377-377]	377	7573
COV	[378-378]	378	7709
COV	[379-379]	379	7494
COV	[380-380]	380	7383
COV	[381-381]	381	7465
COV	[382-382]	382	7267
COV	[383-383]	383	7241
COV	[384-384]	384	7180
COV	[385-385]	385	7180
COV	[386-386]	386	7091
COV	[387-387]	387	6951
COV	[388-388]	388	7006
COV	[389-389]	389	7005
COV	[390-390]	390	6780
COV	[391-391]	391	6750
COV	[392-392]	392	6747
COV	[393-393]	393	6600
COV	[394-394]	394	6762
COV	[395-395]	395	6677
COV	[396-396]	396	6679
COV	[397-397]	397	6507
COV	[398-398]	398	6523
COV	[399-399]	399	6595
COV	[400-400]	400	6480
COV	[401-401]	401	6519
COV	[402-402]	402	6350
COV	[403-403]	403	6443
COV	[404-404]	404	6321
COV	[405-405]	405	6331
COV	[406-406]	406	6335
COV	[407-407]	407	6363
COV	[408-408]	408	6251
COV	[409-409]	409	6329
COV	[410-410]	410	6219
COV	[411-411]	411	6373
COV	[412-412]	412	6335
COV	[413-413]	413	6338
COV	[414-414]	414	6363
COV	[415-415]	415	6180
COV	[416-416]	416	6198
COV	[417-417]	417	6235
COV	[418-418]	418	5965
COV	[419-419]	419	5921
COV	[420-420]	420	5859
COV	[421-421]	421	6047
COV	[422-422]	422	5912
COV	[423-423]	423	5969
COV	[424-424]	424	5894
COV	[425-425]	425	5855
COV	[426-426]	426	5642
COV	[427-427]	427	5770
COV	[428-428]	428	5864
COV	[429-429]	429	5697
COV	[430-430]	430	5776
COV	[431-431]	431	5639
COV	[432-432]	432	5731
COV	[433-433]	433	5576
COV	[434-434]	434	5356
COV	[435-435]	435	5523
COV	[436-436]	436	5549
COV	[437-437]	437	5492
COV	[438-438]	438	5454
COV	[439-439]	439	5503
COV	[440-440]	440	5309
COV	[441-441]	441	5259
COV	[442-442]	442	5293
COV	[443-443]	443	5280
COV	[444-444]	444	5497
COV	[445-445]	445	5248
COV	[446-446]	446	5321
COV	[447-447]	447	5316
COV	[448-448]	448	5274
COV	[449-449]	449	5071
COV	[450-450]	450	5115
COV	[451-451]	451	5112
COV	[452-452]	452	5027
COV	[453-453]	453	5090
COV	[454-454]	454	4928
COV	[455-455]	455	5044
COV	[456-456]	456	4850
COV	[457-457]	457	4975
COV	[458-458]	458	4900
COV	[459-459]	459	4764
COV	[460-460]	460	4744
COV	[461-461]	461	4887
COV	[462-462]	462	4661
COV	[463-463]	463	4758
COV	[464-464]	464	4585
COV	[465-465]	465	4565
COV	[466-466]	466	4727
COV	[467-467]	467	4502
COV	[468-468]	468	4559
COV	[469-469]	469	4550
COV	[470-470]	470	4599
COV	[471-471]	471	4544
COV	[472-472]	472	4530
COV	[473-473]	473	4447
COV	[474-474]	474	4395
COV	[475-475]	475	4494
COV	[476-476]	476	4445
COV	[477-477]	477	4482
COV	[478-478]	478	4476
COV	[479-479]	479	4247
COV	[480-480]	480	4348
COV	[481-481]	481	4225
COV	[482-482]	482	4418
COV	[483-483]	483	4250
COV	[484-484]	484	4268
COV	[485-485]	485	4289
COV	[486-486]	486	4284
COV	[487-487]	487	4322
COV	[488-488]	488	4310
COV	[489-489]	489	4220
COV	[490-490]	490	4209
COV	[491-491]	491	4234
COV	[492-492]	492	4223
COV	[493-493]	493	4203
COV	[494-494]	494	4292
COV	[495-495]	495	4246
COV	[496-496]	496	4147
COV	[497-497]	497	4036
COV	[498-498]	498	4111
COV	[499-499]	499	3981
COV	[500-500]	500	4074
COV	[501-501]	501	4103
COV	[502-502]	502	4023
COV	[503-503]	503	3984
COV	[504-504]	504	3831
COV	[505-505]	505	3941
COV	[506-506]	506	3829
COV	[507-507]	507	3976
COV	[508-508]	508	3964
COV	[509-509]	509	3927
COV	[510-510]	510	3820
COV	[511-511]	511	3716
COV	[512-512]	512	3780
COV	[513-513]	513	3846
COV	[514-514]	514	3834
COV	[515-515]	515	3829
COV	[516-516]	516	3746
COV	[517-517]	517	3797
COV	[518-518]	518	3761
COV	[519-519]	519	3656
COV	[520-520]	520	3605
COV	[521-521]	521	3676
COV	[522-522]	522	3693
COV	[523-523]	523	3706
COV	[524-524]	524	3601
COV	[525-525]	525	3593
COV	[526-526]	526	3441
COV	[527-527]	527	3484
COV	[528-528]	528	3644
COV	[529-529]	529	3573
COV	[530-530]	530	3613
COV	[531-531]	531	3689
COV	[532-532]	532	3669
COV	[533-533]	533	3635
COV	[534-534]	534	3497
COV	[535-535]	535	3527
COV	[536-536]	536	3466
COV	[537-537]	537	3571
COV	[538-538]	538	3605
COV	[539-539]	539	3456
COV	[540-540]	540	3322
COV	[541-541]	541	3381
COV	[542-542]	542	3334
COV	[543-543]	543	3498
COV	[544-544]	544	3398
COV	[545-545]	545	3336
COV	[546-546]	546	3288
COV	[547-547]	547	3324
COV	[548-548]	548	3206
COV	[549-549]	549	3329
COV	[550-550]	550	3187
COV	[551-551]	551	3287
COV	[552-552]	552	3202
COV	[553-553]	553	3200
COV	[554-554]	554	3182
COV	[555-555]	555	3133
COV	[556-556]	556	3202
COV	[557-557]	557	3131
COV	[558-558]	558	3160
COV	[559-559]	559	3152
COV	[560-560]	560	3087
COV	[561-561]	561	3048
COV	[562-562]	562	3095
COV	[563-563]	563	3146
COV	[564-564]	564	3096
COV	[565-565]	565	3112
COV	[566-566]	566	3081
COV	[567-567]	567	2993
COV	[568-568]	568	2977
COV	[569-569]	569	2909
COV	[570-570]	570	3031
COV	[571-571]	571	2987
COV	[572-572]	572	3018
COV	[573-573]	573	3045
COV	[574-574]	574	2866
COV	[575-575]	575	2939
COV	[576-576]	576	3004
COV	[577-577]	577	3007
COV	[578-578]	578	3035
COV	[579-579]	579	2975
COV	[580-580]	580	3032
COV	[581-581]	581	2871
COV	[582-582]	582	3017
COV	[583-583]	583	2977
COV	[584-584]	584	2846
COV	[585-585]	585	2913
COV	[586-586]	586	2936
COV	[587-587]	587	2971
COV	[588-588]	588	2992
COV	[589-589]	589	2877
COV	[590-590]	590	2871
COV	[591-591]	591	2850
COV	[592-592]	592	2742
COV	[593-593]	593	2835
COV	[594-594]	594	2791
COV	[595-595]	595	2876
COV	[596-596]	596	2766
COV	[597-597]	597	2854
COV	[598-598]	598	2821
COV	[599-599]	599	2927
COV	[600-600]	600	2868
COV	[601-601]	601	2696
COV	[602-602]	602	2763
COV	[603-603]	603	2703
COV	[604-604]	604	2615
COV	[605-605]	605	2724
COV	[606-606]	606	2626
COV	[607-607]	607	2716
COV	[608-608]	608	2604
COV	[609-609]	609	2768
COV	[610-610]	610	2728
COV	[611-611]	611	2823
COV	[612-612]	612	2766
COV	[613-613]	613	2688
COV	[614-614]	614	2624
COV	[615-615]	615	2642
COV	[616-616]	616	2581
COV	[617-617]	617	2618
COV	[618-618]	618	2585
COV	[619-619]	619	2711
COV	[620-620]	620	2638
COV	[621-621]	621	2554
COV	[622-622]	622	2604
COV	[623-623]	623	2524
COV	[624-624]	624	2490
COV	[625-625]	625	2577
COV	[626-626]	626	2526
COV	[627-627]	627	2523
COV	[628-628]	628	2480
COV	[629-629]	629	2471
COV	[630-630]	630	2443
COV	[631-631]	631	2585
COV	[632-632]	632	2491
COV	[633-633]	633	2556
COV	[634-634]	634	2518
COV	[635-635]	635	2442
COV	[636-636]	636	2457
COV	[637-637]	637	2530
COV	[638-638]	638	2588
COV	[639-639]	639	2356
COV	[640-640]	640	2483
COV	[641-641]	641	2454
COV	[642-642]	642	2399
COV	[643-643]	643	2352
COV	[644-644]	644	2387
COV	[645-645]	645	2370
COV	[646-646]	646	2309
COV	[647-647]	647	2385
COV	[648-648]	648	2391
COV	[649-649]	649	2366
COV	[650-650]	650	2318
COV	[651-651]	651	2322
COV	[652-652]	652	2399
COV	[653-653]	653	2211
COV	[654-654]	654	2183
COV	[655-655]	655	2257
COV	[656-656]	656	2273
COV	[657-657]	657	2260
COV	[658-658]	658	2287
COV	[659-659]	659	2141
COV	[660-660]	660	2275
COV	[661-661]	661	2287
COV	[662-662]	662	2281
COV	[663-663]	663	2262
COV	[664-664]	664	2265
COV	[665-665]	665	2230
COV	[666-666]	666	2199
COV	[667-667]	667	2213
COV	[668-668]	668	2188
COV	[669-669]	669	2111
COV	[670-670]	670	2126
COV	[671-671]	671	2140
COV	[672-672]	672	2151
COV	[673-673]	673	2066
COV	[674-674]	674	2141
COV	[675-675]	675	2158
COV	[676-676]	676	2088
COV	[677-677]	677	2148
COV	[678-678]	678	2069
COV	[679-679]	679	2073
COV	[680-680]	680	2097
COV	[681-681]	681	2017
COV	[682-682]	682	2141
COV	[683-683]	683	2046
COV	[684-684]	684	2135
COV	[685-685]	685	2070
COV	[686-686]	686	2084
COV	[687-687]	687	2129
COV	[688-688]	688	1974
COV	[689-689]	689	2011
COV	[690-690]	690	2025
COV	[691-691]	691	2029
COV	[692-692]	692	2012
COV	[693-693]	693	2030
COV	[694-694]	694	1954
COV	[695-695]	695	1921
COV	[696-696]	696	1991
COV	[697-697]	697	1922
COV	[698-698]	698	1982
COV	[699-699]	699	1930
COV	[700-700]	700	1950
COV	[701-701]	701	1953
COV	[702-702]	702	1956
COV	[703-703]	703	1938
COV	[704-704]	704	1841
COV	[705-705]	705	1914
COV	[706-706]	706	1874
COV	[707-707]	707	1921
COV	[708-708]	708	1857
COV	[709-709]	709	1980
COV	[710-710]	710	1937
COV	[711-711]	711	1894
COV	[712-712]	712	1885
COV	[713-713]	713	1910
COV	[714-714]	714	1907
COV	[715-715]	715	1869
COV	[716-716]	716	1855
COV	[717-717]	717	1848
COV	[718-718]	718	1914
COV	[719-719]	719	1851
COV	[720-720]	720	1909
COV	[721-721]	721	1867
COV	[722-722]	722	1778
COV	[723-723]	723	1796
COV	[724-724]	724	1805
COV	[725-725]	725	1814
COV	[726-726]	726	1836
COV	[727-727]	727	1853
COV	[728-728]	728	1789
COV	[729-729]	729	1803
COV	[730-730]	730	1728
COV	[731-731]	731	1795
COV	[732-732]	732	1823
COV	[733-733]	733	1789
COV	[734-734]	734	1729
COV	[735-735]	735	1761
COV	[736-736]	736	1743
COV	[737-737]	737	1808
COV	[738-738]	738	1770
COV	[739-739]	739	1715
COV	[740-740]	740	1728
COV	[741-741]	741	1678
COV	[742-742]	742	1709
COV	[743-743]	743	1748
COV	[744-744]	744	1772
COV	[745-745]	745	1592
COV	[746-746]	746	1629
COV	[747-747]	747	1650
COV	[748-748]	748	1711
COV	[749-749]	749	1628
COV	[750-750]	750	1646
COV	[751-751]	751	1783
COV	[752-752]	752	1660
COV	[753-753]	753	1719
COV	[754-754]	754	1618
COV	[755-755]	755	1692
COV	[756-756]	756	1712
COV	[757-757]	757	1627
COV	[758-758]	758	1571
COV	[759-759]	759	1622
COV	[760-760]	760	1688
COV	[761-761]	761	1608
COV	[762-762]	762	1655
COV	[763-763]	763	1633
COV	[764-764]	764	1582
COV	[765-765]	765	1685
COV	[766-766]	766	1644
COV	[767-767]	767	1643
COV	[768-768]	768	1598
COV	[769-769]	769	1619
COV	[770-770]	770	1629
COV	[771-771]	771	1583
COV	[772-772]	772	1545
COV	[773-773]	773	1536
COV	[774-774]	774	1455
COV	[775-775]	775	1630
COV	[776-776]	776	1608
COV	[777-777]	777	1561
COV	[778-778]	778	1564
COV	[779-779]	779	1637
COV	[780-780]	780	1639
COV	[781-781]	781	1632
COV	[782-782]	782	1569
COV	[783-783]	783	1548
COV	[784-784]	784	1582
COV	[785-785]	785	1601
COV	[786-786]	786	1577
COV	[787-787]	787	1552
COV	[788-788]	788	1542
COV	[789-789]	789	1534
COV	[790-790]	790	1528
COV	[791-791]	791	1550
COV	[792-792]	792	1535
COV	[793-793]	793	1477
COV	[794-794]	794	1585
COV	[795-795]	795	1461
COV	[796-796]	796	1479
COV	[797-797]	797	1506
COV	[798-798]	798	1518
COV	[799-799]	799	1498
COV	[800-800]	800	1426
COV	[801-801]	801	1457
COV	[802-802]	802	1435
COV	[803-803]	803	1454
COV	[804-804]	804	1518
COV	[805-805]	805	1448
COV	[806-806]	806	1482
COV	[807-807]	807	1423
COV	[808-808]	808	1463
COV	[809-809]	809	1445
COV	[810-810]	810	1415
COV	[811-811]	811	1406
COV	[812-812]	812	1434
COV	[813-813]	813	1463
COV	[814-814]	814	1460
COV	[815-815]	815	1475
COV	[816-816]	816	1427
COV	[817-817]	817	1408
COV	[818-818]	818	1393
COV	[819-819]	819	1414
COV	[820-820]	820	1372
COV	[821-821]	821	1327
COV	[822-822]	822	1359
COV	[823-823]	823	1399
COV	[824-824]	824	1360
COV	[825-825]	825	1342
COV	[826-826]	826	1361
COV	[827-827]	827	1367
COV	[828-828]	828	1391
COV	[829-829]	829	1366
COV	[830-830]	830	1342
COV	[831-831]	831	1347
COV	[832-832]	832	1355
COV	[833-833]	833	1327
COV	[834-834]	834	1319
COV	[835-835]	835	1303
COV	[836-836]	836	1287
COV	[837-837]	837	1263
COV	[838-838]	838	1325
COV	[839-839]	839	1312
COV	[840-840]	840	1321
COV	[841-841]	841	1354
COV	[842-842]	842	1314
COV	[843-843]	843	1304
COV	[844-844]	844	1307
COV	[845-845]	845	1385
COV	[846-846]	846	1291
COV	[847-847]	847	1267
COV	[848-848]	848	1324
COV	[849-849]	849	1344
COV	[850-850]	850	1312
COV	[851-851]	851	1328
COV	[852-852]	852	1314
COV	[853-853]	853	1392
COV	[854-854]	854	1325
COV	[855-855]	855	1299
COV	[856-856]	856	1301
COV	[857-857]	857	1311
COV	[858-858]	858	1286
COV	[859-859]	859	1274
COV	[860-860]	860	1352
COV	[861-861]	861	1290
COV	[862-862]	862	1337
COV	[863-863]	863	1295
COV	[864-864]	864	1274
COV	[865-865]	865	1353
COV	[866-866]	866	1271
COV	[867-867]	867	1216
COV	[868-868]	868	1208
COV	[869-869]	869	1281
COV	[870-870]	870	1285
COV	[871-871]	871	1270
COV	[872-872]	872	1249
COV	[873-873]	873	1286
COV	[874-874]	874	1259
COV	[875-875]	875	1256
COV	[876-876]	876	1302
COV	[877-877]	877	1242
COV	[878-878]	878	1282
COV	[879-879]	879	1251
COV	[880-880]	880	1264
COV	[881-881]	881	1275
COV	[882-882]	882	1204
COV	[883-883]	883	1235
COV	[884-884]	884	1255
COV	[885-885]	885	1285
COV	[886-886]	886	1218
COV	[887-887]	887	1179
COV	[888-888]	888	1236
COV	[889-889]	889	1195
COV	[890-890]	890	1232
COV	[891-891]	891	1248
COV	[892-892]	892	1173
COV	[893-893]	893	1208
COV	[894-894]	894	1186
COV	[895-895]	895	1295
COV	[896-896]	896	1210
COV	[897-897]	897	1253
COV	[898-898]	898	1237
COV	[899-899]	899	1170
COV	[900-900]	900	1221
COV	[901-901]	901	1211
COV	[902-902]	902	1107
COV	[903-903]	903	1173
COV	[904-904]	904	1213
COV	[905-905]	905	1209
COV	[906-906]	906	1098
COV	[907-907]	907	1090
COV	[908-908]	908	1103
COV	[909-909]	909	1112
COV	[910-910]	910	1193
COV	[911-911]	911	1119
COV	[912-912]	912	1064
COV	[913-913]	913	1152
COV	[914-914]	914	1126
COV	[915-915]	915	1138
COV	[916-916]	916	1126
COV	[917-917]	917	1150
COV	[918-918]	918	1131
COV	[919-919]	919	1128
COV	[920-920]	920	1161
COV	[921-921]	921	1202
COV	[922-922]	922	1111
COV	[923-923]	923	1079
COV	[924-924]	924	1101
COV	[925-925]	925	1139
COV	[926-926]	926	1067
COV	[927-927]	927	1094
COV	[928-928]	928	1102
COV	[929-929]	929	1117
COV	[930-930]	930	1085
COV	[931-931]	931	1072
COV	[932-932]	932	1102
COV	[933-933]	933	1080
COV	[934-934]	934	1118
COV	[935-935]	935	1031
COV	[936-936]	936	1005
COV	[937-937]	937	1062
COV	[938-938]	938	1019
COV	[939-939]	939	1055
COV	[940-940]	940	1062
COV	[941-941]	941	1091
COV	[942-942]	942	1002
COV	[943-943]	943	1014
COV	[944-944]	944	1039
COV	[945-945]	945	1007
COV	[946-946]	946	1048
COV	[947-947]	947	996
COV	[948-948]	948	1009
COV	[949-949]	949	1013
COV	[950-950]	950	1048
COV	[951-951]	951	1024
COV	[952-952]	952	998
COV	[953-953]	953	991
COV	[954-954]	954	1024
COV	[955-955]	955	989
COV	[956-956]	956	939
COV	[957-957]	957	959
COV	[958-958]	958	989
COV	[959-959]	959	964
COV	[960-960]	960	1039
COV	[961-961]	961	992
COV	[962-962]	962	987
COV	[963-963]	963	918
COV	[964-964]	964	906
COV	[965-965]	965	1034
COV	[966-966]	966	989
COV	[967-967]	967	981
COV	[968-968]	968	923
COV	[969-969]	969	982
COV	[970-970]	970	936
COV	[971-971]	971	987
COV	[972-972]	972	923
COV	[973-973]	973	979
COV	[974-974]	974	949
COV	[975-975]	975	936
COV	[976-976]	976	922
COV	[977-977]	977	983
COV	[978-978]	978	947
COV	[979-979]	979	921
COV	[980-980]	980	949
COV	[981-981]	981	903
COV	[982-982]	982	889
COV	[983-983]	983	907
COV	[984-984]	984	929
COV	[985-985]	985	888
COV	[986-986]	986	887
COV	[987-987]	987	904
COV	[988-988]	988	833
COV	[989-989]	989	914
COV	[990-990]	990	860
COV	[991-991]	991	855
COV	[992-992]	992	904
COV	[993-993]	993	848
COV	[994-994]	994	860
COV	[995-995]	995	844
COV	[996-996]	996	864
COV	[997-997]	997	822
COV	[998-998]	998	853
COV	[999-999]	999	899
COV	[1000-1000]	1000	872
COV	[1000<]	1000	722431
# GC-depth. Use `grep ^GCD | cut -f 2-` to extract this part. The columns are: GC%, unique sequence percentiles, 10th, 25th, 50th, 75th and 90th depth percentile
GCD	0.0	0.128	0.000	0.000	0.000	0.000	0.000
GCD	42.0	0.193	0.064	0.064	0.064	0.064	0.064
GCD	43.0	0.257	0.114	0.114	0.114	0.114	0.114
GCD	44.0	0.321	5.652	5.652	5.652	5.652	5.652
GCD	45.0	0.578	0.256	0.476	2.826	5.298	5.559
GCD	46.0	0.642	1.001	1.001	1.001	1.001	1.001
GCD	47.0	0.771	22.301	22.301	371.782	721.263	721.263
GCD	48.0	1.349	0.014	2.918	127.481	201.712	240.109
GCD	49.0	2.376	15.249	26.149	49.299	227.330	1150.978
GCD	50.0	5.523	13.078	51.035	93.032	207.945	399.561
GCD	51.0	10.790	30.277	71.572	158.959	382.908	597.957
GCD	52.0	22.094	31.355	70.826	131.780	212.220	308.934
GCD	53.0	41.554	38.273	61.671	115.737	195.059	290.287
GCD	54.0	63.070	37.896	61.401	100.004	155.540	224.047
GCD	55.0	82.017	36.768	60.087	89.971	148.774	331.693
GCD	56.0	92.871	43.445	61.412	85.506	150.939	315.248
GCD	57.0	98.587	24.942	39.607	79.407	134.819	265.690
GCD	58.0	99.615	32.812	56.667	75.913	153.589	252.405
GCD	59.0	99.872	9.542	29.186	100.284	255.081	302.624
GCD	60.0	100.000	36.629	36.629	84.181	131.734	131.734
