# This file was produced by samtools stats (1.19.2+htslib-1.19) and can be plotted using plot-bamstats
# This file contains statistics for all reads.
# The command line was:  stats -@ 4 154_ophiostoma.sorted.bam
# CHK, Checksum	[2]Read Names	[3]Sequences	[4]Qualities
# CHK, CRC32 of reads which passed filtering followed by addition (32bit overflow)
CHK	47ec0840	255ae920	ce812cc2
# Summary Numbers. Use `grep ^SN | cut -f 2-` to extract this part.
SN	raw total sequences:	87787402	# excluding supplementary and secondary reads
SN	filtered sequences:	0
SN	sequences:	87787402
SN	is sorted:	1
SN	1st fragments:	43893701
SN	last fragments:	43893701
SN	reads mapped:	80282839
SN	reads mapped and paired:	78139836	# paired-end technology bit set + both mates mapped
SN	reads unmapped:	7504563
SN	reads properly paired:	77292094	# proper-pair bit set
SN	reads paired:	87787402	# paired-end technology bit set
SN	reads duplicated:	0	# PCR or optical duplicate bit set
SN	reads MQ0:	15315	# mapped and MQ=0
SN	reads QC failed:	0
SN	non-primary alignments:	141400
SN	supplementary alignments:	0
SN	total length:	12937238639	# ignores clipping
SN	total first fragment length:	6467957276	# ignores clipping
SN	total last fragment length:	6469281363	# ignores clipping
SN	bases mapped:	11830730228	# ignores clipping
SN	bases mapped (cigar):	11799633393	# more accurate
SN	bases trimmed:	0
SN	bases duplicated:	0
SN	mismatches:	53433859	# from NM fields
SN	error rate:	4.528434e-03	# mismatches / bases mapped (cigar)
SN	average length:	147
SN	average first fragment length:	147
SN	average last fragment length:	147
SN	maximum length:	151
SN	maximum first fragment length:	151
SN	maximum last fragment length:	151
SN	average quality:	35.8
SN	insert size average:	215.5
SN	insert size standard deviation:	69.5
SN	inward oriented pairs:	35406089
SN	outward oriented pairs:	3300962
SN	pairs with other orientation:	29683
SN	pairs on different chromosomes:	333184
SN	percentage of properly paired reads (%):	88.0
# First Fragment Qualities. Use `grep ^FFQ | cut -f 2-` to extract this part.
# Columns correspond to qualities and rows to cycles. First column is the cycle number.
FFQ	1	0	0	0	0	0	0	0	0	0	0	0	582052	0	0	0	0	0	0	0	0	0	0	0	0	0	956720	0	0	0	0	0	0	0	0	0	0	0	42354929	0
FFQ	2	0	0	4	0	0	0	0	0	0	0	0	524779	0	0	0	0	0	0	0	0	0	0	0	0	0	1159086	0	0	0	0	0	0	0	0	0	0	0	42209832	0
FFQ	3	0	0	52	0	0	0	0	0	0	0	0	456655	0	0	0	0	0	0	0	0	0	0	0	0	0	1129055	0	0	0	0	0	0	0	0	0	0	0	42307939	0
FFQ	4	0	0	18488	0	0	0	0	0	0	0	0	375467	0	0	0	0	0	0	0	0	0	0	0	0	0	1036923	0	0	0	0	0	0	0	0	0	0	0	42462823	0
FFQ	5	0	0	188	0	0	0	0	0	0	0	0	381279	0	0	0	0	0	0	0	0	0	0	0	0	0	1053419	0	0	0	0	0	0	0	0	0	0	0	42458815	0
FFQ	6	0	0	1	0	0	0	0	0	0	0	0	393590	0	0	0	0	0	0	0	0	0	0	0	0	0	1101360	0	0	0	0	0	0	0	0	0	0	0	42398750	0
FFQ	7	0	0	0	0	0	0	0	0	0	0	0	391297	0	0	0	0	0	0	0	0	0	0	0	0	0	1067413	0	0	0	0	0	0	0	0	0	0	0	42434991	0
FFQ	8	0	0	0	0	0	0	0	0	0	0	0	354731	0	0	0	0	0	0	0	0	0	0	0	0	0	989488	0	0	0	0	0	0	0	0	0	0	0	42549482	0
FFQ	9	0	0	0	0	0	0	0	0	0	0	0	341183	0	0	0	0	0	0	0	0	0	0	0	0	0	970041	0	0	0	0	0	0	0	0	0	0	0	42582477	0
FFQ	10	0	0	0	0	0	0	0	0	0	0	0	344514	0	0	0	0	0	0	0	0	0	0	0	0	0	1025419	0	0	0	0	0	0	0	0	0	0	0	42523768	0
FFQ	11	0	0	0	0	0	0	0	0	0	0	0	349053	0	0	0	0	0	0	0	0	0	0	0	0	0	998455	0	0	0	0	0	0	0	0	0	0	0	42546193	0
FFQ	12	0	0	0	0	0	0	0	0	0	0	0	361576	0	0	0	0	0	0	0	0	0	0	0	0	0	1029620	0	0	0	0	0	0	0	0	0	0	0	42502505	0
FFQ	13	0	0	5	0	0	0	0	0	0	0	0	371957	0	0	0	0	0	0	0	0	0	0	0	0	0	1062704	0	0	0	0	0	0	0	0	0	0	0	42459035	0
FFQ	14	0	0	0	0	0	0	0	0	0	0	0	366645	0	0	0	0	0	0	0	0	0	0	0	0	0	1057399	0	0	0	0	0	0	0	0	0	0	0	42469657	0
FFQ	15	0	0	0	0	0	0	0	0	0	0	0	355354	0	0	0	0	0	0	0	0	0	0	0	0	0	1036003	0	0	0	0	0	0	0	0	0	0	0	42502344	0
FFQ	16	0	0	115	0	0	0	0	0	0	0	0	366709	0	0	0	0	0	0	0	0	0	0	0	0	0	1034103	0	0	0	0	0	0	0	0	0	0	0	42492774	0
FFQ	17	0	0	0	0	0	0	0	0	0	0	0	357002	0	0	0	0	0	0	0	0	0	0	0	0	0	1031536	0	0	0	0	0	0	0	0	0	0	0	42505163	0
FFQ	18	0	0	0	0	0	0	0	0	0	0	0	368566	0	0	0	0	0	0	0	0	0	0	0	0	0	1053831	0	0	0	0	0	0	0	0	0	0	0	42471304	0
FFQ	19	0	0	0	0	0	0	0	0	0	0	0	367771	0	0	0	0	0	0	0	0	0	0	0	0	0	1042714	0	0	0	0	0	0	0	0	0	0	0	42483216	0
FFQ	20	0	0	0	0	0	0	0	0	0	0	0	365989	0	0	0	0	0	0	0	0	0	0	0	0	0	1050107	0	0	0	0	0	0	0	0	0	0	0	42477605	0
FFQ	21	0	0	0	0	0	0	0	0	0	0	0	380447	0	0	0	0	0	0	0	0	0	0	0	0	0	1069092	0	0	0	0	0	0	0	0	0	0	0	42444162	0
FFQ	22	0	0	0	0	0	0	0	0	0	0	0	385462	0	0	0	0	0	0	0	0	0	0	0	0	0	1089710	0	0	0	0	0	0	0	0	0	0	0	42418529	0
FFQ	23	0	0	0	0	0	0	0	0	0	0	0	394326	0	0	0	0	0	0	0	0	0	0	0	0	0	1105662	0	0	0	0	0	0	0	0	0	0	0	42393713	0
FFQ	24	0	0	0	0	0	0	0	0	0	0	0	406217	0	0	0	0	0	0	0	0	0	0	0	0	0	1131440	0	0	0	0	0	0	0	0	0	0	0	42356044	0
FFQ	25	0	0	0	0	0	0	0	0	0	0	0	414178	0	0	0	0	0	0	0	0	0	0	0	0	0	1137885	0	0	0	0	0	0	0	0	0	0	0	42341638	0
FFQ	26	0	0	0	0	0	0	0	0	0	0	0	452727	0	0	0	0	0	0	0	0	0	0	0	0	0	1159723	0	0	0	0	0	0	0	0	0	0	0	42281251	0
FFQ	27	0	0	0	0	0	0	0	0	0	0	0	473467	0	0	0	0	0	0	0	0	0	0	0	0	0	1189361	0	0	0	0	0	0	0	0	0	0	0	42230873	0
FFQ	28	0	0	0	0	0	0	0	0	0	0	0	473797	0	0	0	0	0	0	0	0	0	0	0	0	0	1182206	0	0	0	0	0	0	0	0	0	0	0	42237698	0
FFQ	29	0	0	0	0	0	0	0	0	0	0	0	478004	0	0	0	0	0	0	0	0	0	0	0	0	0	1194247	0	0	0	0	0	0	0	0	0	0	0	42221450	0
FFQ	30	0	0	0	0	0	0	0	0	0	0	0	488193	0	0	0	0	0	0	0	0	0	0	0	0	0	1215462	0	0	0	0	0	0	0	0	0	0	0	42190046	0
FFQ	31	0	0	0	0	0	0	0	0	0	0	0	492273	0	0	0	0	0	0	0	0	0	0	0	0	0	1210467	0	0	0	0	0	0	0	0	0	0	0	42190961	0
FFQ	32	0	0	0	0	0	0	0	0	0	0	0	493398	0	0	0	0	0	0	0	0	0	0	0	0	0	1227260	0	0	0	0	0	0	0	0	0	0	0	42173043	0
FFQ	33	0	0	0	0	0	0	0	0	0	0	0	520358	0	0	0	0	0	0	0	0	0	0	0	0	0	1256952	0	0	0	0	0	0	0	0	0	0	0	42116391	0
FFQ	34	0	0	0	0	0	0	0	0	0	0	0	515222	0	0	0	0	0	0	0	0	0	0	0	0	0	1251832	0	0	0	0	0	0	0	0	0	0	0	42126647	0
FFQ	35	0	0	0	0	0	0	0	0	0	0	0	550353	0	0	0	0	0	0	0	0	0	0	0	0	0	1316085	0	0	0	0	0	0	0	0	0	0	0	42027263	0
FFQ	36	0	0	0	0	0	0	0	0	0	0	0	559778	0	0	0	0	0	0	0	0	0	0	0	0	0	1335118	0	0	0	0	0	0	0	0	0	0	0	41998465	0
FFQ	37	0	0	0	0	0	0	0	0	0	0	0	546370	0	0	0	0	0	0	0	0	0	0	0	0	0	1302852	0	0	0	0	0	0	0	0	0	0	0	42043895	0
FFQ	38	0	0	0	0	0	0	0	0	0	0	0	543909	0	0	0	0	0	0	0	0	0	0	0	0	0	1303873	0	0	0	0	0	0	0	0	0	0	0	42045040	0
FFQ	39	0	0	0	0	0	0	0	0	0	0	0	544467	0	0	0	0	0	0	0	0	0	0	0	0	0	1299329	0	0	0	0	0	0	0	0	0	0	0	42048727	0
FFQ	40	0	0	0	0	0	0	0	0	0	0	0	546684	0	0	0	0	0	0	0	0	0	0	0	0	0	1298725	0	0	0	0	0	0	0	0	0	0	0	42046778	0
FFQ	41	0	0	5	0	0	0	0	0	0	0	0	572366	0	0	0	0	0	0	0	0	0	0	0	0	0	1346002	0	0	0	0	0	0	0	0	0	0	0	41973415	0
FFQ	42	0	0	0	0	0	0	0	0	0	0	0	569682	0	0	0	0	0	0	0	0	0	0	0	0	0	1348934	0	0	0	0	0	0	0	0	0	0	0	41972838	0
FFQ	43	0	0	0	0	0	0	0	0	0	0	0	573821	0	0	0	0	0	0	0	0	0	0	0	0	0	1348703	0	0	0	0	0	0	0	0	0	0	0	41968543	0
FFQ	44	0	0	2	0	0	0	0	0	0	0	0	581951	0	0	0	0	0	0	0	0	0	0	0	0	0	1363532	0	0	0	0	0	0	0	0	0	0	0	41945199	0
FFQ	45	0	0	0	0	0	0	0	0	0	0	0	622179	0	0	0	0	0	0	0	0	0	0	0	0	0	1438657	0	0	0	0	0	0	0	0	0	0	0	41829400	0
FFQ	46	0	0	0	0	0	0	0	0	0	0	0	632999	0	0	0	0	0	0	0	0	0	0	0	0	0	1452539	0	0	0	0	0	0	0	0	0	0	0	41804155	0
FFQ	47	0	0	0	0	0	0	0	0	0	0	0	638116	0	0	0	0	0	0	0	0	0	0	0	0	0	1452960	0	0	0	0	0	0	0	0	0	0	0	41798063	0
FFQ	48	0	0	0	0	0	0	0	0	0	0	0	638647	0	0	0	0	0	0	0	0	0	0	0	0	0	1453242	0	0	0	0	0	0	0	0	0	0	0	41796590	0
FFQ	49	0	0	0	0	0	0	0	0	0	0	0	615581	0	0	0	0	0	0	0	0	0	0	0	0	0	1404858	0	0	0	0	0	0	0	0	0	0	0	41867345	0
FFQ	50	0	0	0	0	0	0	0	0	0	0	0	614206	0	0	0	0	0	0	0	0	0	0	0	0	0	1407351	0	0	0	0	0	0	0	0	0	0	0	41865455	0
FFQ	51	0	0	1	0	0	0	0	0	0	0	0	659253	0	0	0	0	0	0	0	0	0	0	0	0	0	1481604	0	0	0	0	0	0	0	0	0	0	0	41745331	0
FFQ	52	0	0	0	0	0	0	0	0	0	0	0	664674	0	0	0	0	0	0	0	0	0	0	0	0	0	1484340	0	0	0	0	0	0	0	0	0	0	0	41736349	0
FFQ	53	0	0	0	0	0	0	0	0	0	0	0	654898	0	0	0	0	0	0	0	0	0	0	0	0	0	1474127	0	0	0	0	0	0	0	0	0	0	0	41755320	0
FFQ	54	0	0	0	0	0	0	0	0	0	0	0	659860	0	0	0	0	0	0	0	0	0	0	0	0	0	1482426	0	0	0	0	0	0	0	0	0	0	0	41741249	0
FFQ	55	0	0	0	0	0	0	0	0	0	0	0	673018	0	0	0	0	0	0	0	0	0	0	0	0	0	1510353	0	0	0	0	0	0	0	0	0	0	0	41699340	0
FFQ	56	0	0	0	0	0	0	0	0	0	0	0	703235	0	0	0	0	0	0	0	0	0	0	0	0	0	1551581	0	0	0	0	0	0	0	0	0	0	0	41627072	0
FFQ	57	0	0	0	0	0	0	0	0	0	0	0	710426	0	0	0	0	0	0	0	0	0	0	0	0	0	1560625	0	0	0	0	0	0	0	0	0	0	0	41610070	0
FFQ	58	0	0	0	0	0	0	0	0	0	0	0	696489	0	0	0	0	0	0	0	0	0	0	0	0	0	1535626	0	0	0	0	0	0	0	0	0	0	0	41648136	0
FFQ	59	0	0	0	0	0	0	0	0	0	0	0	687645	0	0	0	0	0	0	0	0	0	0	0	0	0	1523340	0	0	0	0	0	0	0	0	0	0	0	41668334	0
FFQ	60	0	0	0	0	0	0	0	0	0	0	0	711922	0	0	0	0	0	0	0	0	0	0	0	0	0	1560967	0	0	0	0	0	0	0	0	0	0	0	41605325	0
FFQ	61	0	0	0	0	0	0	0	0	0	0	0	679011	0	0	0	0	0	0	0	0	0	0	0	0	0	1494444	0	0	0	0	0	0	0	0	0	0	0	41703584	0
FFQ	62	0	0	4	0	0	0	0	0	0	0	0	677835	0	0	0	0	0	0	0	0	0	0	0	0	0	1509368	0	0	0	0	0	0	0	0	0	0	0	41688590	0
FFQ	63	0	0	0	0	0	0	0	0	0	0	0	728761	0	0	0	0	0	0	0	0	0	0	0	0	0	1587847	0	0	0	0	0	0	0	0	0	0	0	41557854	0
FFQ	64	0	0	7	0	0	0	0	0	0	0	0	724862	0	0	0	0	0	0	0	0	0	0	0	0	0	1573927	0	0	0	0	0	0	0	0	0	0	0	41574282	0
FFQ	65	0	0	58	0	0	0	0	0	0	0	0	714914	0	0	0	0	0	0	0	0	0	0	0	0	0	1557129	0	0	0	0	0	0	0	0	0	0	0	41599531	0
FFQ	66	0	0	1	0	0	0	0	0	0	0	0	738292	0	0	0	0	0	0	0	0	0	0	0	0	0	1592923	0	0	0	0	0	0	0	0	0	0	0	41538938	0
FFQ	67	0	0	554	0	0	0	0	0	0	0	0	759307	0	0	0	0	0	0	0	0	0	0	0	0	0	1635695	0	0	0	0	0	0	0	0	0	0	0	41473052	0
FFQ	68	0	0	1	0	0	0	0	0	0	0	0	765977	0	0	0	0	0	0	0	0	0	0	0	0	0	1645882	0	0	0	0	0	0	0	0	0	0	0	41454918	0
FFQ	69	0	0	3	0	0	0	0	0	0	0	0	799871	0	0	0	0	0	0	0	0	0	0	0	0	0	1693310	0	0	0	0	0	0	0	0	0	0	0	41371852	0
FFQ	70	0	0	203	0	0	0	0	0	0	0	0	814135	0	0	0	0	0	0	0	0	0	0	0	0	0	1704627	0	0	0	0	0	0	0	0	0	0	0	41343978	0
FFQ	71	0	0	2	0	0	0	0	0	0	0	0	794094	0	0	0	0	0	0	0	0	0	0	0	0	0	1677806	0	0	0	0	0	0	0	0	0	0	0	41388882	0
FFQ	72	0	0	4	0	0	0	0	0	0	0	0	802251	0	0	0	0	0	0	0	0	0	0	0	0	0	1682228	0	0	0	0	0	0	0	0	0	0	0	41373952	0
FFQ	73	0	0	161	0	0	0	0	0	0	0	0	823316	0	0	0	0	0	0	0	0	0	0	0	0	0	1706598	0	0	0	0	0	0	0	0	0	0	0	41325908	0
FFQ	74	0	0	47	0	0	0	0	0	0	0	0	820657	0	0	0	0	0	0	0	0	0	0	0	0	0	1707746	0	0	0	0	0	0	0	0	0	0	0	41324737	0
FFQ	75	0	0	94	0	0	0	0	0	0	0	0	811732	0	0	0	0	0	0	0	0	0	0	0	0	0	1690276	0	0	0	0	0	0	0	0	0	0	0	41348011	0
FFQ	76	0	0	78	0	0	0	0	0	0	0	0	811308	0	0	0	0	0	0	0	0	0	0	0	0	0	1690702	0	0	0	0	0	0	0	0	0	0	0	41344899	0
FFQ	77	0	0	318	0	0	0	0	0	0	0	0	873037	0	0	0	0	0	0	0	0	0	0	0	0	0	1771525	0	0	0	0	0	0	0	0	0	0	0	41198532	0
FFQ	78	0	0	81	0	0	0	0	0	0	0	0	870215	0	0	0	0	0	0	0	0	0	0	0	0	0	1772496	0	0	0	0	0	0	0	0	0	0	0	41196826	0
FFQ	79	0	0	155	0	0	0	0	0	0	0	0	837918	0	0	0	0	0	0	0	0	0	0	0	0	0	1703933	0	0	0	0	0	0	0	0	0	0	0	41293369	0
FFQ	80	0	0	26	0	0	0	0	0	0	0	0	830157	0	0	0	0	0	0	0	0	0	0	0	0	0	1703736	0	0	0	0	0	0	0	0	0	0	0	41296464	0
FFQ	81	0	0	55	0	0	0	0	0	0	0	0	875067	0	0	0	0	0	0	0	0	0	0	0	0	0	1764359	0	0	0	0	0	0	0	0	0	0	0	41185797	0
FFQ	82	0	0	57	0	0	0	0	0	0	0	0	875177	0	0	0	0	0	0	0	0	0	0	0	0	0	1758957	0	0	0	0	0	0	0	0	0	0	0	41185217	0
FFQ	83	0	0	19	0	0	0	0	0	0	0	0	849359	0	0	0	0	0	0	0	0	0	0	0	0	0	1728853	0	0	0	0	0	0	0	0	0	0	0	41234726	0
FFQ	84	0	0	285	0	0	0	0	0	0	0	0	863043	0	0	0	0	0	0	0	0	0	0	0	0	0	1748725	0	0	0	0	0	0	0	0	0	0	0	41194141	0
FFQ	85	0	0	297	0	0	0	0	0	0	0	0	918813	0	0	0	0	0	0	0	0	0	0	0	0	0	1828829	0	0	0	0	0	0	0	0	0	0	0	41050463	0
FFQ	86	0	0	3	0	0	0	0	0	0	0	0	934215	0	0	0	0	0	0	0	0	0	0	0	0	0	1852593	0	0	0	0	0	0	0	0	0	0	0	41003142	0
FFQ	87	0	0	0	0	0	0	0	0	0	0	0	891288	0	0	0	0	0	0	0	0	0	0	0	0	0	1783283	0	0	0	0	0	0	0	0	0	0	0	41105816	0
FFQ	88	0	0	4	0	0	0	0	0	0	0	0	896043	0	0	0	0	0	0	0	0	0	0	0	0	0	1787109	0	0	0	0	0	0	0	0	0	0	0	41087151	0
FFQ	89	0	0	15	0	0	0	0	0	0	0	0	905350	0	0	0	0	0	0	0	0	0	0	0	0	0	1806357	0	0	0	0	0	0	0	0	0	0	0	41047121	0
FFQ	90	0	0	0	0	0	0	0	0	0	0	0	922697	0	0	0	0	0	0	0	0	0	0	0	0	0	1821924	0	0	0	0	0	0	0	0	0	0	0	41002162	0
FFQ	91	0	0	0	0	0	0	0	0	0	0	0	961988	0	0	0	0	0	0	0	0	0	0	0	0	0	1880959	0	0	0	0	0	0	0	0	0	0	0	40889920	0
FFQ	92	0	0	93	0	0	0	0	0	0	0	0	994083	0	0	0	0	0	0	0	0	0	0	0	0	0	1915398	0	0	0	0	0	0	0	0	0	0	0	40808078	0
FFQ	93	0	0	6	0	0	0	0	0	0	0	0	1033181	0	0	0	0	0	0	0	0	0	0	0	0	0	1970778	0	0	0	0	0	0	0	0	0	0	0	40697193	0
FFQ	94	0	0	0	0	0	0	0	0	0	0	0	1054880	0	0	0	0	0	0	0	0	0	0	0	0	0	1990590	0	0	0	0	0	0	0	0	0	0	0	40636980	0
FFQ	95	0	0	102	0	0	0	0	0	0	0	0	1012517	0	0	0	0	0	0	0	0	0	0	0	0	0	1938867	0	0	0	0	0	0	0	0	0	0	0	40710542	0
FFQ	96	0	0	1	0	0	0	0	0	0	0	0	1034824	0	0	0	0	0	0	0	0	0	0	0	0	0	1967808	0	0	0	0	0	0	0	0	0	0	0	40637391	0
FFQ	97	0	0	46	0	0	0	0	0	0	0	0	1026719	0	0	0	0	0	0	0	0	0	0	0	0	0	1949463	0	0	0	0	0	0	0	0	0	0	0	40640281	0
FFQ	98	0	0	0	0	0	0	0	0	0	0	0	1032414	0	0	0	0	0	0	0	0	0	0	0	0	0	1975138	0	0	0	0	0	0	0	0	0	0	0	40582742	0
FFQ	99	0	0	3	0	0	0	0	0	0	0	0	1081334	0	0	0	0	0	0	0	0	0	0	0	0	0	2011877	0	0	0	0	0	0	0	0	0	0	0	40469475	0
FFQ	100	0	0	526	0	0	0	0	0	0	0	0	1077493	0	0	0	0	0	0	0	0	0	0	0	0	0	2014852	0	0	0	0	0	0	0	0	0	0	0	40439632	0
FFQ	101	0	0	594	0	0	0	0	0	0	0	0	1011733	0	0	0	0	0	0	0	0	0	0	0	0	0	1922165	0	0	0	0	0	0	0	0	0	0	0	40564413	0
FFQ	102	0	0	18	0	0	0	0	0	0	0	0	1047119	0	0	0	0	0	0	0	0	0	0	0	0	0	1969996	0	0	0	0	0	0	0	0	0	0	0	40445595	0
FFQ	103	0	0	2	0	0	0	0	0	0	0	0	1066168	0	0	0	0	0	0	0	0	0	0	0	0	0	1993844	0	0	0	0	0	0	0	0	0	0	0	40363709	0
FFQ	104	0	0	0	0	0	0	0	0	0	0	0	1040930	0	0	0	0	0	0	0	0	0	0	0	0	0	1959975	0	0	0	0	0	0	0	0	0	0	0	40379462	0
FFQ	105	0	0	13	0	0	0	0	0	0	0	0	1101411	0	0	0	0	0	0	0	0	0	0	0	0	0	2029757	0	0	0	0	0	0	0	0	0	0	0	40204099	0
FFQ	106	0	0	0	0	0	0	0	0	0	0	0	1104486	0	0	0	0	0	0	0	0	0	0	0	0	0	2028042	0	0	0	0	0	0	0	0	0	0	0	40153338	0
FFQ	107	0	0	0	0	0	0	0	0	0	0	0	1102565	0	0	0	0	0	0	0	0	0	0	0	0	0	2035548	0	0	0	0	0	0	0	0	0	0	0	40094998	0
FFQ	108	0	0	5	0	0	0	0	0	0	0	0	1128888	0	0	0	0	0	0	0	0	0	0	0	0	0	2067267	0	0	0	0	0	0	0	0	0	0	0	39981180	0
FFQ	109	0	0	0	0	0	0	0	0	0	0	0	1131996	0	0	0	0	0	0	0	0	0	0	0	0	0	2071726	0	0	0	0	0	0	0	0	0	0	0	39914621	0
FFQ	110	0	0	0	0	0	0	0	0	0	0	0	1139353	0	0	0	0	0	0	0	0	0	0	0	0	0	2076526	0	0	0	0	0	0	0	0	0	0	0	39838106	0
FFQ	111	0	0	0	0	0	0	0	0	0	0	0	1159887	0	0	0	0	0	0	0	0	0	0	0	0	0	2105950	0	0	0	0	0	0	0	0	0	0	0	39720839	0
FFQ	112	0	0	4	0	0	0	0	0	0	0	0	1126692	0	0	0	0	0	0	0	0	0	0	0	0	0	2054936	0	0	0	0	0	0	0	0	0	0	0	39732855	0
FFQ	113	0	0	1	0	0	0	0	0	0	0	0	1118533	0	0	0	0	0	0	0	0	0	0	0	0	0	2050474	0	0	0	0	0	0	0	0	0	0	0	39666344	0
FFQ	114	0	0	0	0	0	0	0	0	0	0	0	1142408	0	0	0	0	0	0	0	0	0	0	0	0	0	2076511	0	0	0	0	0	0	0	0	0	0	0	39534722	0
FFQ	115	0	0	0	0	0	0	0	0	0	0	0	1143211	0	0	0	0	0	0	0	0	0	0	0	0	0	2078843	0	0	0	0	0	0	0	0	0	0	0	39444841	0
FFQ	116	0	0	0	0	0	0	0	0	0	0	0	1185656	0	0	0	0	0	0	0	0	0	0	0	0	0	2127021	0	0	0	0	0	0	0	0	0	0	0	39262026	0
FFQ	117	0	0	632	0	0	0	0	0	0	0	0	1219956	0	0	0	0	0	0	0	0	0	0	0	0	0	2165327	0	0	0	0	0	0	0	0	0	0	0	39093207	0
FFQ	118	0	0	0	0	0	0	0	0	0	0	0	1219200	0	0	0	0	0	0	0	0	0	0	0	0	0	2168692	0	0	0	0	0	0	0	0	0	0	0	38988822	0
FFQ	119	0	0	86	0	0	0	0	0	0	0	0	1193577	0	0	0	0	0	0	0	0	0	0	0	0	0	2123693	0	0	0	0	0	0	0	0	0	0	0	38953550	0
FFQ	120	0	0	0	0	0	0	0	0	0	0	0	1212824	0	0	0	0	0	0	0	0	0	0	0	0	0	2156155	0	0	0	0	0	0	0	0	0	0	0	38792405	0
FFQ	121	0	0	0	0	0	0	0	0	0	0	0	1197073	0	0	0	0	0	0	0	0	0	0	0	0	0	2121730	0	0	0	0	0	0	0	0	0	0	0	38727657	0
FFQ	122	0	0	0	0	0	0	0	0	0	0	0	1200603	0	0	0	0	0	0	0	0	0	0	0	0	0	2128719	0	0	0	0	0	0	0	0	0	0	0	38596607	0
FFQ	123	0	0	0	0	0	0	0	0	0	0	0	1242734	0	0	0	0	0	0	0	0	0	0	0	0	0	2185884	0	0	0	0	0	0	0	0	0	0	0	38370719	0
FFQ	124	0	0	188	0	0	0	0	0	0	0	0	1228496	0	0	0	0	0	0	0	0	0	0	0	0	0	2162602	0	0	0	0	0	0	0	0	0	0	0	38278579	0
FFQ	125	0	0	0	0	0	0	0	0	0	0	0	1227466	0	0	0	0	0	0	0	0	0	0	0	0	0	2152690	0	0	0	0	0	0	0	0	0	0	0	38151113	0
FFQ	126	0	0	0	0	0	0	0	0	0	0	0	1248286	0	0	0	0	0	0	0	0	0	0	0	0	0	2182046	0	0	0	0	0	0	0	0	0	0	0	37960329	0
FFQ	127	0	0	0	0	0	0	0	0	0	0	0	1298785	0	0	0	0	0	0	0	0	0	0	0	0	0	2229557	0	0	0	0	0	0	0	0	0	0	0	37717473	0
FFQ	128	0	0	0	0	0	0	0	0	0	0	0	1286794	0	0	0	0	0	0	0	0	0	0	0	0	0	2226727	0	0	0	0	0	0	0	0	0	0	0	37581526	0
FFQ	129	0	0	0	0	0	0	0	0	0	0	0	1273025	0	0	0	0	0	0	0	0	0	0	0	0	0	2193929	0	0	0	0	0	0	0	0	0	0	0	37475950	0
FFQ	130	0	0	0	0	0	0	0	0	0	0	0	1261740	0	0	0	0	0	0	0	0	0	0	0	0	0	2175127	0	0	0	0	0	0	0	0	0	0	0	37349145	0
FFQ	131	0	0	0	0	0	0	0	0	0	0	0	1229160	0	0	0	0	0	0	0	0	0	0	0	0	0	2151458	0	0	0	0	0	0	0	0	0	0	0	37241906	0
FFQ	132	0	0	1	0	0	0	0	0	0	0	0	1272811	0	0	0	0	0	0	0	0	0	0	0	0	0	2187322	0	0	0	0	0	0	0	0	0	0	0	36995263	0
FFQ	133	0	0	0	0	0	0	0	0	0	0	0	1319026	0	0	0	0	0	0	0	0	0	0	0	0	0	2225869	0	0	0	0	0	0	0	0	0	0	0	36737053	0
FFQ	134	0	0	1	0	0	0	0	0	0	0	0	1316635	0	0	0	0	0	0	0	0	0	0	0	0	0	2224087	0	0	0	0	0	0	0	0	0	0	0	36559500	0
FFQ	135	0	0	0	0	0	0	0	0	0	0	0	1339076	0	0	0	0	0	0	0	0	0	0	0	0	0	2244653	0	0	0	0	0	0	0	0	0	0	0	36330464	0
FFQ	136	0	0	0	0	0	0	0	0	0	0	0	1323927	0	0	0	0	0	0	0	0	0	0	0	0	0	2229408	0	0	0	0	0	0	0	0	0	0	0	36170573	0
FFQ	137	0	0	86	0	0	0	0	0	0	0	0	1327023	0	0	0	0	0	0	0	0	0	0	0	0	0	2230175	0	0	0	0	0	0	0	0	0	0	0	35970258	0
FFQ	138	0	0	131	0	0	0	0	0	0	0	0	1370552	0	0	0	0	0	0	0	0	0	0	0	0	0	2271464	0	0	0	0	0	0	0	0	0	0	0	35686900	0
FFQ	139	0	0	0	0	0	0	0	0	0	0	0	1336188	0	0	0	0	0	0	0	0	0	0	0	0	0	2236322	0	0	0	0	0	0	0	0	0	0	0	35556068	0
FFQ	140	0	0	0	0	0	0	0	0	0	0	0	1350396	0	0	0	0	0	0	0	0	0	0	0	0	0	2255119	0	0	0	0	0	0	0	0	0	0	0	35315084	0
FFQ	141	0	0	0	0	0	0	0	0	0	0	0	1376073	0	0	0	0	0	0	0	0	0	0	0	0	0	2270470	0	0	0	0	0	0	0	0	0	0	0	35061720	0
FFQ	142	0	0	12	0	0	0	0	0	0	0	0	1371451	0	0	0	0	0	0	0	0	0	0	0	0	0	2261085	0	0	0	0	0	0	0	0	0	0	0	34857120	0
FFQ	143	0	0	0	0	0	0	0	0	0	0	0	1327470	0	0	0	0	0	0	0	0	0	0	0	0	0	2211359	0	0	0	0	0	0	0	0	0	0	0	34719912	0
FFQ	144	0	0	0	0	0	0	0	0	0	0	0	1292200	0	0	0	0	0	0	0	0	0	0	0	0	0	2187641	0	0	0	0	0	0	0	0	0	0	0	34534270	0
FFQ	145	0	0	0	0	0	0	0	0	0	0	0	1344633	0	0	0	0	0	0	0	0	0	0	0	0	0	2246077	0	0	0	0	0	0	0	0	0	0	0	34172660	0
FFQ	146	0	0	0	0	0	0	0	0	0	0	0	1314758	0	0	0	0	0	0	0	0	0	0	0	0	0	2219037	0	0	0	0	0	0	0	0	0	0	0	33950868	0
FFQ	147	0	0	0	0	0	0	0	0	0	0	0	1261727	0	0	0	0	0	0	0	0	0	0	0	0	0	2194609	0	0	0	0	0	0	0	0	0	0	0	33689750	0
FFQ	148	0	0	0	0	0	0	0	0	0	0	0	1147661	0	0	0	0	0	0	0	0	0	0	0	0	0	2156670	0	0	0	0	0	0	0	0	0	0	0	33474973	0
FFQ	149	0	0	0	0	0	0	0	0	0	0	0	1128429	0	0	0	0	0	0	0	0	0	0	0	0	0	2128895	0	0	0	0	0	0	0	0	0	0	0	33283971	0
FFQ	150	0	0	0	0	0	0	0	0	0	0	0	1177189	0	0	0	0	0	0	0	0	0	0	0	0	0	2163222	0	0	0	0	0	0	0	0	0	0	0	32957766	0
FFQ	151	0	0	0	0	0	0	0	0	0	0	0	1421814	0	0	0	0	0	0	0	0	0	0	0	0	0	2466533	0	0	0	0	0	0	0	0	0	0	0	32168158	0
# Last Fragment Qualities. Use `grep ^LFQ | cut -f 2-` to extract this part.
# Columns correspond to qualities and rows to cycles. First column is the cycle number.
LFQ	1	0	0	0	0	0	0	0	0	0	0	0	901127	0	0	0	0	0	0	0	0	0	0	0	0	0	1947524	0	0	0	0	0	0	0	0	0	0	0	41045050	0
LFQ	2	0	0	278	0	0	0	0	0	0	0	0	813323	0	0	0	0	0	0	0	0	0	0	0	0	0	1767778	0	0	0	0	0	0	0	0	0	0	0	41312322	0
LFQ	3	0	0	1033	0	0	0	0	0	0	0	0	724992	0	0	0	0	0	0	0	0	0	0	0	0	0	1610012	0	0	0	0	0	0	0	0	0	0	0	41557664	0
LFQ	4	0	0	821	0	0	0	0	0	0	0	0	676482	0	0	0	0	0	0	0	0	0	0	0	0	0	1560855	0	0	0	0	0	0	0	0	0	0	0	41655543	0
LFQ	5	0	0	1	0	0	0	0	0	0	0	0	707562	0	0	0	0	0	0	0	0	0	0	0	0	0	1577788	0	0	0	0	0	0	0	0	0	0	0	41608350	0
LFQ	6	0	0	4	0	0	0	0	0	0	0	0	737854	0	0	0	0	0	0	0	0	0	0	0	0	0	1660690	0	0	0	0	0	0	0	0	0	0	0	41495153	0
LFQ	7	0	0	0	0	0	0	0	0	0	0	0	811686	0	0	0	0	0	0	0	0	0	0	0	0	0	1770302	0	0	0	0	0	0	0	0	0	0	0	41311713	0
LFQ	8	0	0	0	0	0	0	0	0	0	0	0	771729	0	0	0	0	0	0	0	0	0	0	0	0	0	1673582	0	0	0	0	0	0	0	0	0	0	0	41448390	0
LFQ	9	0	0	0	0	0	0	0	0	0	0	0	764641	0	0	0	0	0	0	0	0	0	0	0	0	0	1671567	0	0	0	0	0	0	0	0	0	0	0	41457493	0
LFQ	10	0	0	5517	0	0	0	0	0	0	0	0	759060	0	0	0	0	0	0	0	0	0	0	0	0	0	1686484	0	0	0	0	0	0	0	0	0	0	0	41442640	0
LFQ	11	0	0	0	0	0	0	0	0	0	0	0	699274	0	0	0	0	0	0	0	0	0	0	0	0	0	1566710	0	0	0	0	0	0	0	0	0	0	0	41627717	0
LFQ	12	0	0	0	0	0	0	0	0	0	0	0	727095	0	0	0	0	0	0	0	0	0	0	0	0	0	1596499	0	0	0	0	0	0	0	0	0	0	0	41570107	0
LFQ	13	0	0	0	0	0	0	0	0	0	0	0	730880	0	0	0	0	0	0	0	0	0	0	0	0	0	1606595	0	0	0	0	0	0	0	0	0	0	0	41556226	0
LFQ	14	0	0	0	0	0	0	0	0	0	0	0	785047	0	0	0	0	0	0	0	0	0	0	0	0	0	1696133	0	0	0	0	0	0	0	0	0	0	0	41412521	0
LFQ	15	0	0	0	0	0	0	0	0	0	0	0	746767	0	0	0	0	0	0	0	0	0	0	0	0	0	1628760	0	0	0	0	0	0	0	0	0	0	0	41518174	0
LFQ	16	0	0	1	0	0	0	0	0	0	0	0	745382	0	0	0	0	0	0	0	0	0	0	0	0	0	1620026	0	0	0	0	0	0	0	0	0	0	0	41528292	0
LFQ	17	0	0	0	0	0	0	0	0	0	0	0	771725	0	0	0	0	0	0	0	0	0	0	0	0	0	1671527	0	0	0	0	0	0	0	0	0	0	0	41450449	0
LFQ	18	0	0	0	0	0	0	0	0	0	0	0	755737	0	0	0	0	0	0	0	0	0	0	0	0	0	1645196	0	0	0	0	0	0	0	0	0	0	0	41492768	0
LFQ	19	0	0	0	0	0	0	0	0	0	0	0	741910	0	0	0	0	0	0	0	0	0	0	0	0	0	1629112	0	0	0	0	0	0	0	0	0	0	0	41522679	0
LFQ	20	0	0	16	0	0	0	0	0	0	0	0	750088	0	0	0	0	0	0	0	0	0	0	0	0	0	1640512	0	0	0	0	0	0	0	0	0	0	0	41503085	0
LFQ	21	0	0	0	0	0	0	0	0	0	0	0	733191	0	0	0	0	0	0	0	0	0	0	0	0	0	1609194	0	0	0	0	0	0	0	0	0	0	0	41551316	0
LFQ	22	0	0	1	0	0	0	0	0	0	0	0	757705	0	0	0	0	0	0	0	0	0	0	0	0	0	1647361	0	0	0	0	0	0	0	0	0	0	0	41488634	0
LFQ	23	0	0	0	0	0	0	0	0	0	0	0	768391	0	0	0	0	0	0	0	0	0	0	0	0	0	1663165	0	0	0	0	0	0	0	0	0	0	0	41462145	0
LFQ	24	0	0	0	0	0	0	0	0	0	0	0	791705	0	0	0	0	0	0	0	0	0	0	0	0	0	1705507	0	0	0	0	0	0	0	0	0	0	0	41396489	0
LFQ	25	0	0	4	0	0	0	0	0	0	0	0	773823	0	0	0	0	0	0	0	0	0	0	0	0	0	1675686	0	0	0	0	0	0	0	0	0	0	0	41444188	0
LFQ	26	0	0	3	0	0	0	0	0	0	0	0	818467	0	0	0	0	0	0	0	0	0	0	0	0	0	1740795	0	0	0	0	0	0	0	0	0	0	0	41334436	0
LFQ	27	0	0	133	0	0	0	0	0	0	0	0	795177	0	0	0	0	0	0	0	0	0	0	0	0	0	1709694	0	0	0	0	0	0	0	0	0	0	0	41388697	0
LFQ	28	0	0	2	0	0	0	0	0	0	0	0	824138	0	0	0	0	0	0	0	0	0	0	0	0	0	1745010	0	0	0	0	0	0	0	0	0	0	0	41324551	0
LFQ	29	0	0	1	0	0	0	0	0	0	0	0	815349	0	0	0	0	0	0	0	0	0	0	0	0	0	1739930	0	0	0	0	0	0	0	0	0	0	0	41338421	0
LFQ	30	0	0	0	0	0	0	0	0	0	0	0	841635	0	0	0	0	0	0	0	0	0	0	0	0	0	1772492	0	0	0	0	0	0	0	0	0	0	0	41279574	0
LFQ	31	0	0	0	0	0	0	0	0	0	0	0	834971	0	0	0	0	0	0	0	0	0	0	0	0	0	1760154	0	0	0	0	0	0	0	0	0	0	0	41298576	0
LFQ	32	0	0	1682	0	0	0	0	0	0	0	0	873011	0	0	0	0	0	0	0	0	0	0	0	0	0	1817286	0	0	0	0	0	0	0	0	0	0	0	41201722	0
LFQ	33	0	0	0	0	0	0	0	0	0	0	0	863213	0	0	0	0	0	0	0	0	0	0	0	0	0	1806823	0	0	0	0	0	0	0	0	0	0	0	41223665	0
LFQ	34	0	0	0	0	0	0	0	0	0	0	0	846566	0	0	0	0	0	0	0	0	0	0	0	0	0	1774883	0	0	0	0	0	0	0	0	0	0	0	41272252	0
LFQ	35	0	0	2	0	0	0	0	0	0	0	0	877475	0	0	0	0	0	0	0	0	0	0	0	0	0	1821206	0	0	0	0	0	0	0	0	0	0	0	41195018	0
LFQ	36	0	0	4	0	0	0	0	0	0	0	0	881513	0	0	0	0	0	0	0	0	0	0	0	0	0	1827407	0	0	0	0	0	0	0	0	0	0	0	41184500	0
LFQ	37	0	0	8	0	0	0	0	0	0	0	0	871297	0	0	0	0	0	0	0	0	0	0	0	0	0	1811981	0	0	0	0	0	0	0	0	0	0	0	41209913	0
LFQ	38	0	0	0	0	0	0	0	0	0	0	0	881599	0	0	0	0	0	0	0	0	0	0	0	0	0	1831197	0	0	0	0	0	0	0	0	0	0	0	41180129	0
LFQ	39	0	0	0	0	0	0	0	0	0	0	0	881907	0	0	0	0	0	0	0	0	0	0	0	0	0	1831038	0	0	0	0	0	0	0	0	0	0	0	41179708	0
LFQ	40	0	0	0	0	0	0	0	0	0	0	0	871575	0	0	0	0	0	0	0	0	0	0	0	0	0	1809332	0	0	0	0	0	0	0	0	0	0	0	41211450	0
LFQ	41	0	0	2156	0	0	0	0	0	0	0	0	899570	0	0	0	0	0	0	0	0	0	0	0	0	0	1851571	0	0	0	0	0	0	0	0	0	0	0	41138704	0
LFQ	42	0	0	0	0	0	0	0	0	0	0	0	896699	0	0	0	0	0	0	0	0	0	0	0	0	0	1846071	0	0	0	0	0	0	0	0	0	0	0	41148950	0
LFQ	43	0	0	1	0	0	0	0	0	0	0	0	891686	0	0	0	0	0	0	0	0	0	0	0	0	0	1835505	0	0	0	0	0	0	0	0	0	0	0	41164180	0
LFQ	44	0	0	0	0	0	0	0	0	0	0	0	929538	0	0	0	0	0	0	0	0	0	0	0	0	0	1889490	0	0	0	0	0	0	0	0	0	0	0	41072017	0
LFQ	45	0	0	0	0	0	0	0	0	0	0	0	918029	0	0	0	0	0	0	0	0	0	0	0	0	0	1870114	0	0	0	0	0	0	0	0	0	0	0	41102502	0
LFQ	46	0	0	2	0	0	0	0	0	0	0	0	931658	0	0	0	0	0	0	0	0	0	0	0	0	0	1892013	0	0	0	0	0	0	0	0	0	0	0	41066488	0
LFQ	47	0	0	4	0	0	0	0	0	0	0	0	949623	0	0	0	0	0	0	0	0	0	0	0	0	0	1915049	0	0	0	0	0	0	0	0	0	0	0	41024988	0
LFQ	48	0	0	5	0	0	0	0	0	0	0	0	938757	0	0	0	0	0	0	0	0	0	0	0	0	0	1896355	0	0	0	0	0	0	0	0	0	0	0	41053972	0
LFQ	49	0	0	2	0	0	0	0	0	0	0	0	970897	0	0	0	0	0	0	0	0	0	0	0	0	0	1946658	0	0	0	0	0	0	0	0	0	0	0	40970972	0
LFQ	50	0	0	14	0	0	0	0	0	0	0	0	982310	0	0	0	0	0	0	0	0	0	0	0	0	0	1959683	0	0	0	0	0	0	0	0	0	0	0	40945914	0
LFQ	51	0	0	6	0	0	0	0	0	0	0	0	971638	0	0	0	0	0	0	0	0	0	0	0	0	0	1939742	0	0	0	0	0	0	0	0	0	0	0	40975911	0
LFQ	52	0	0	103	0	0	0	0	0	0	0	0	974385	0	0	0	0	0	0	0	0	0	0	0	0	0	1949374	0	0	0	0	0	0	0	0	0	0	0	40962795	0
LFQ	53	0	0	5	0	0	0	0	0	0	0	0	995812	0	0	0	0	0	0	0	0	0	0	0	0	0	1971594	0	0	0	0	0	0	0	0	0	0	0	40918466	0
LFQ	54	0	0	0	0	0	0	0	0	0	0	0	983104	0	0	0	0	0	0	0	0	0	0	0	0	0	1957654	0	0	0	0	0	0	0	0	0	0	0	40944478	0
LFQ	55	0	0	0	0	0	0	0	0	0	0	0	971004	0	0	0	0	0	0	0	0	0	0	0	0	0	1939792	0	0	0	0	0	0	0	0	0	0	0	40973739	0
LFQ	56	0	0	5	0	0	0	0	0	0	0	0	1006654	0	0	0	0	0	0	0	0	0	0	0	0	0	1990420	0	0	0	0	0	0	0	0	0	0	0	40886787	0
LFQ	57	0	0	50	0	0	0	0	0	0	0	0	1017106	0	0	0	0	0	0	0	0	0	0	0	0	0	2001521	0	0	0	0	0	0	0	0	0	0	0	40864529	0
LFQ	58	0	0	17	0	0	0	0	0	0	0	0	1008170	0	0	0	0	0	0	0	0	0	0	0	0	0	1992000	0	0	0	0	0	0	0	0	0	0	0	40882268	0
LFQ	59	0	0	0	0	0	0	0	0	0	0	0	1013296	0	0	0	0	0	0	0	0	0	0	0	0	0	2004838	0	0	0	0	0	0	0	0	0	0	0	40863534	0
LFQ	60	0	0	0	0	0	0	0	0	0	0	0	1050652	0	0	0	0	0	0	0	0	0	0	0	0	0	2042692	0	0	0	0	0	0	0	0	0	0	0	40787409	0
LFQ	61	0	0	0	0	0	0	0	0	0	0	0	1051552	0	0	0	0	0	0	0	0	0	0	0	0	0	2047547	0	0	0	0	0	0	0	0	0	0	0	40780643	0
LFQ	62	0	0	3934	0	0	0	0	0	0	0	0	1065638	0	0	0	0	0	0	0	0	0	0	0	0	0	2062459	0	0	0	0	0	0	0	0	0	0	0	40746598	0
LFQ	63	0	0	6	0	0	0	0	0	0	0	0	1084794	0	0	0	0	0	0	0	0	0	0	0	0	0	2082911	0	0	0	0	0	0	0	0	0	0	0	40709716	0
LFQ	64	0	0	5	0	0	0	0	0	0	0	0	1052976	0	0	0	0	0	0	0	0	0	0	0	0	0	2047365	0	0	0	0	0	0	0	0	0	0	0	40775856	0
LFQ	65	0	0	12	0	0	0	0	0	0	0	0	1045480	0	0	0	0	0	0	0	0	0	0	0	0	0	2042857	0	0	0	0	0	0	0	0	0	0	0	40786538	0
LFQ	66	0	0	0	0	0	0	0	0	0	0	0	1061017	0	0	0	0	0	0	0	0	0	0	0	0	0	2058955	0	0	0	0	0	0	0	0	0	0	0	40753548	0
LFQ	67	0	0	0	0	0	0	0	0	0	0	0	1081844	0	0	0	0	0	0	0	0	0	0	0	0	0	2088751	0	0	0	0	0	0	0	0	0	0	0	40701539	0
LFQ	68	0	0	0	0	0	0	0	0	0	0	0	1102862	0	0	0	0	0	0	0	0	0	0	0	0	0	2114588	0	0	0	0	0	0	0	0	0	0	0	40653018	0
LFQ	69	0	0	4324	0	0	0	0	0	0	0	0	1105918	0	0	0	0	0	0	0	0	0	0	0	0	0	2121784	0	0	0	0	0	0	0	0	0	0	0	40636916	0
LFQ	70	0	0	0	0	0	0	0	0	0	0	0	1122003	0	0	0	0	0	0	0	0	0	0	0	0	0	2146094	0	0	0	0	0	0	0	0	0	0	0	40598934	0
LFQ	71	0	0	0	0	0	0	0	0	0	0	0	1144508	0	0	0	0	0	0	0	0	0	0	0	0	0	2170335	0	0	0	0	0	0	0	0	0	0	0	40550201	0
LFQ	72	0	0	0	0	0	0	0	0	0	0	0	1138478	0	0	0	0	0	0	0	0	0	0	0	0	0	2152157	0	0	0	0	0	0	0	0	0	0	0	40572230	0
LFQ	73	0	0	0	0	0	0	0	0	0	0	0	1116228	0	0	0	0	0	0	0	0	0	0	0	0	0	2125818	0	0	0	0	0	0	0	0	0	0	0	40618472	0
LFQ	74	0	0	1	0	0	0	0	0	0	0	0	1121715	0	0	0	0	0	0	0	0	0	0	0	0	0	2137593	0	0	0	0	0	0	0	0	0	0	0	40598551	0
LFQ	75	0	0	4	0	0	0	0	0	0	0	0	1117888	0	0	0	0	0	0	0	0	0	0	0	0	0	2131663	0	0	0	0	0	0	0	0	0	0	0	40605410	0
LFQ	76	0	0	6	0	0	0	0	0	0	0	0	1120062	0	0	0	0	0	0	0	0	0	0	0	0	0	2133705	0	0	0	0	0	0	0	0	0	0	0	40598220	0
LFQ	77	0	0	79	0	0	0	0	0	0	0	0	1130186	0	0	0	0	0	0	0	0	0	0	0	0	0	2143964	0	0	0	0	0	0	0	0	0	0	0	40574379	0
LFQ	78	0	0	2	0	0	0	0	0	0	0	0	1129256	0	0	0	0	0	0	0	0	0	0	0	0	0	2144568	0	0	0	0	0	0	0	0	0	0	0	40571198	0
LFQ	79	0	0	55	0	0	0	0	0	0	0	0	1125009	0	0	0	0	0	0	0	0	0	0	0	0	0	2137479	0	0	0	0	0	0	0	0	0	0	0	40578429	0
LFQ	80	0	0	0	0	0	0	0	0	0	0	0	1148472	0	0	0	0	0	0	0	0	0	0	0	0	0	2170013	0	0	0	0	0	0	0	0	0	0	0	40517848	0
LFQ	81	0	0	0	0	0	0	0	0	0	0	0	1186082	0	0	0	0	0	0	0	0	0	0	0	0	0	2217089	0	0	0	0	0	0	0	0	0	0	0	40428332	0
LFQ	82	0	0	46	0	0	0	0	0	0	0	0	1234101	0	0	0	0	0	0	0	0	0	0	0	0	0	2270823	0	0	0	0	0	0	0	0	0	0	0	40320984	0
LFQ	83	0	0	3	0	0	0	0	0	0	0	0	1213514	0	0	0	0	0	0	0	0	0	0	0	0	0	2246821	0	0	0	0	0	0	0	0	0	0	0	40359348	0
LFQ	84	0	0	0	0	0	0	0	0	0	0	0	1179101	0	0	0	0	0	0	0	0	0	0	0	0	0	2203079	0	0	0	0	0	0	0	0	0	0	0	40430940	0
LFQ	85	0	0	1	0	0	0	0	0	0	0	0	1248216	0	0	0	0	0	0	0	0	0	0	0	0	0	2287333	0	0	0	0	0	0	0	0	0	0	0	40269985	0
LFQ	86	0	0	3	0	0	0	0	0	0	0	0	1290159	0	0	0	0	0	0	0	0	0	0	0	0	0	2345650	0	0	0	0	0	0	0	0	0	0	0	40161434	0
LFQ	87	0	0	4	0	0	0	0	0	0	0	0	1281733	0	0	0	0	0	0	0	0	0	0	0	0	0	2334698	0	0	0	0	0	0	0	0	0	0	0	40171441	0
LFQ	88	0	0	10	0	0	0	0	0	0	0	0	1253658	0	0	0	0	0	0	0	0	0	0	0	0	0	2288797	0	0	0	0	0	0	0	0	0	0	0	40235539	0
LFQ	89	0	0	2	0	0	0	0	0	0	0	0	1256594	0	0	0	0	0	0	0	0	0	0	0	0	0	2298390	0	0	0	0	0	0	0	0	0	0	0	40211715	0
LFQ	90	0	0	0	0	0	0	0	0	0	0	0	1245418	0	0	0	0	0	0	0	0	0	0	0	0	0	2285969	0	0	0	0	0	0	0	0	0	0	0	40223456	0
LFQ	91	0	0	874	0	0	0	0	0	0	0	0	1224731	0	0	0	0	0	0	0	0	0	0	0	0	0	2262780	0	0	0	0	0	0	0	0	0	0	0	40252731	0
LFQ	92	0	0	0	0	0	0	0	0	0	0	0	1263110	0	0	0	0	0	0	0	0	0	0	0	0	0	2307220	0	0	0	0	0	0	0	0	0	0	0	40155810	0
LFQ	93	0	0	0	0	0	0	0	0	0	0	0	1280686	0	0	0	0	0	0	0	0	0	0	0	0	0	2319713	0	0	0	0	0	0	0	0	0	0	0	40109428	0
LFQ	94	0	0	43	0	0	0	0	0	0	0	0	1270350	0	0	0	0	0	0	0	0	0	0	0	0	0	2308681	0	0	0	0	0	0	0	0	0	0	0	40112245	0
LFQ	95	0	0	1	0	0	0	0	0	0	0	0	1273028	0	0	0	0	0	0	0	0	0	0	0	0	0	2308448	0	0	0	0	0	0	0	0	0	0	0	40089617	0
LFQ	96	0	0	5	0	0	0	0	0	0	0	0	1336098	0	0	0	0	0	0	0	0	0	0	0	0	0	2378692	0	0	0	0	0	0	0	0	0	0	0	39934565	0
LFQ	97	0	0	5	0	0	0	0	0	0	0	0	1320999	0	0	0	0	0	0	0	0	0	0	0	0	0	2363805	0	0	0	0	0	0	0	0	0	0	0	39941341	0
LFQ	98	0	0	5	0	0	0	0	0	0	0	0	1276376	0	0	0	0	0	0	0	0	0	0	0	0	0	2303040	0	0	0	0	0	0	0	0	0	0	0	40020773	0
LFQ	99	0	0	123	0	0	0	0	0	0	0	0	1283107	0	0	0	0	0	0	0	0	0	0	0	0	0	2316514	0	0	0	0	0	0	0	0	0	0	0	39973095	0
LFQ	100	0	0	13	0	0	0	0	0	0	0	0	1341992	0	0	0	0	0	0	0	0	0	0	0	0	0	2383516	0	0	0	0	0	0	0	0	0	0	0	39817435	0
LFQ	101	0	0	20	0	0	0	0	0	0	0	0	1341069	0	0	0	0	0	0	0	0	0	0	0	0	0	2379983	0	0	0	0	0	0	0	0	0	0	0	39788598	0
LFQ	102	0	0	113	0	0	0	0	0	0	0	0	1356804	0	0	0	0	0	0	0	0	0	0	0	0	0	2398692	0	0	0	0	0	0	0	0	0	0	0	39718232	0
LFQ	103	0	0	27	0	0	0	0	0	0	0	0	1387764	0	0	0	0	0	0	0	0	0	0	0	0	0	2437792	0	0	0	0	0	0	0	0	0	0	0	39609564	0
LFQ	104	0	0	239	0	0	0	0	0	0	0	0	1409768	0	0	0	0	0	0	0	0	0	0	0	0	0	2454262	0	0	0	0	0	0	0	0	0	0	0	39527845	0
LFQ	105	0	0	0	0	0	0	0	0	0	0	0	1455993	0	0	0	0	0	0	0	0	0	0	0	0	0	2508454	0	0	0	0	0	0	0	0	0	0	0	39382938	0
LFQ	106	0	0	8	0	0	0	0	0	0	0	0	1400861	0	0	0	0	0	0	0	0	0	0	0	0	0	2443060	0	0	0	0	0	0	0	0	0	0	0	39454363	0
LFQ	107	0	0	10081	0	0	0	0	0	0	0	0	1446797	0	0	0	0	0	0	0	0	0	0	0	0	0	2511634	0	0	0	0	0	0	0	0	0	0	0	39277310	0
LFQ	108	0	0	0	0	0	0	0	0	0	0	0	1454148	0	0	0	0	0	0	0	0	0	0	0	0	0	2503882	0	0	0	0	0	0	0	0	0	0	0	39232449	0
LFQ	109	0	0	0	0	0	0	0	0	0	0	0	1416957	0	0	0	0	0	0	0	0	0	0	0	0	0	2464613	0	0	0	0	0	0	0	0	0	0	0	39250339	0
LFQ	110	0	0	0	0	0	0	0	0	0	0	0	1470942	0	0	0	0	0	0	0	0	0	0	0	0	0	2518147	0	0	0	0	0	0	0	0	0	0	0	39078882	0
LFQ	111	0	0	0	0	0	0	0	0	0	0	0	1454700	0	0	0	0	0	0	0	0	0	0	0	0	0	2498961	0	0	0	0	0	0	0	0	0	0	0	39047346	0
LFQ	112	0	0	4	0	0	0	0	0	0	0	0	1405460	0	0	0	0	0	0	0	0	0	0	0	0	0	2444938	0	0	0	0	0	0	0	0	0	0	0	39078698	0
LFQ	113	0	0	0	0	0	0	0	0	0	0	0	1447380	0	0	0	0	0	0	0	0	0	0	0	0	0	2489263	0	0	0	0	0	0	0	0	0	0	0	38913678	0
LFQ	114	0	0	0	0	0	0	0	0	0	0	0	1467767	0	0	0	0	0	0	0	0	0	0	0	0	0	2514471	0	0	0	0	0	0	0	0	0	0	0	38786812	0
LFQ	115	0	0	2	0	0	0	0	0	0	0	0	1516776	0	0	0	0	0	0	0	0	0	0	0	0	0	2570130	0	0	0	0	0	0	0	0	0	0	0	38595877	0
LFQ	116	0	0	2	0	0	0	0	0	0	0	0	1565717	0	0	0	0	0	0	0	0	0	0	0	0	0	2608563	0	0	0	0	0	0	0	0	0	0	0	38416861	0
LFQ	117	0	0	53	0	0	0	0	0	0	0	0	1485995	0	0	0	0	0	0	0	0	0	0	0	0	0	2522512	0	0	0	0	0	0	0	0	0	0	0	38487564	0
LFQ	118	0	0	1	0	0	0	0	0	0	0	0	1492413	0	0	0	0	0	0	0	0	0	0	0	0	0	2536411	0	0	0	0	0	0	0	0	0	0	0	38365471	0
LFQ	119	0	0	12	0	0	0	0	0	0	0	0	1567077	0	0	0	0	0	0	0	0	0	0	0	0	0	2613789	0	0	0	0	0	0	0	0	0	0	0	38108227	0
LFQ	120	0	0	0	0	0	0	0	0	0	0	0	1503522	0	0	0	0	0	0	0	0	0	0	0	0	0	2555227	0	0	0	0	0	0	0	0	0	0	0	38121453	0
LFQ	121	0	0	4	0	0	0	0	0	0	0	0	1565182	0	0	0	0	0	0	0	0	0	0	0	0	0	2596799	0	0	0	0	0	0	0	0	0	0	0	37903967	0
LFQ	122	0	0	49	0	0	0	0	0	0	0	0	1589126	0	0	0	0	0	0	0	0	0	0	0	0	0	2621705	0	0	0	0	0	0	0	0	0	0	0	37735425	0
LFQ	123	0	0	170	0	0	0	0	0	0	0	0	1508059	0	0	0	0	0	0	0	0	0	0	0	0	0	2535444	0	0	0	0	0	0	0	0	0	0	0	37776782	0
LFQ	124	0	0	8	0	0	0	0	0	0	0	0	1563381	0	0	0	0	0	0	0	0	0	0	0	0	0	2594269	0	0	0	0	0	0	0	0	0	0	0	37534116	0
LFQ	125	0	0	9	0	0	0	0	0	0	0	0	1534513	0	0	0	0	0	0	0	0	0	0	0	0	0	2576837	0	0	0	0	0	0	0	0	0	0	0	37442666	0
LFQ	126	0	0	170	0	0	0	0	0	0	0	0	1543947	0	0	0	0	0	0	0	0	0	0	0	0	0	2578447	0	0	0	0	0	0	0	0	0	0	0	37291630	0
LFQ	127	0	0	85	0	0	0	0	0	0	0	0	1602653	0	0	0	0	0	0	0	0	0	0	0	0	0	2636182	0	0	0	0	0	0	0	0	0	0	0	37031360	0
LFQ	128	0	0	341	0	0	0	0	0	0	0	0	1620349	0	0	0	0	0	0	0	0	0	0	0	0	0	2643010	0	0	0	0	0	0	0	0	0	0	0	36856845	0
LFQ	129	0	0	0	0	0	0	0	0	0	0	0	1621088	0	0	0	0	0	0	0	0	0	0	0	0	0	2662986	0	0	0	0	0	0	0	0	0	0	0	36685417	0
LFQ	130	0	0	0	0	0	0	0	0	0	0	0	1528914	0	0	0	0	0	0	0	0	0	0	0	0	0	2554779	0	0	0	0	0	0	0	0	0	0	0	36729907	0
LFQ	131	0	0	320	0	0	0	0	0	0	0	0	1582105	0	0	0	0	0	0	0	0	0	0	0	0	0	2615346	0	0	0	0	0	0	0	0	0	0	0	36453360	0
LFQ	132	0	0	365	0	0	0	0	0	0	0	0	1634652	0	0	0	0	0	0	0	0	0	0	0	0	0	2646438	0	0	0	0	0	0	0	0	0	0	0	36203665	0
LFQ	133	0	0	49	0	0	0	0	0	0	0	0	1610524	0	0	0	0	0	0	0	0	0	0	0	0	0	2632409	0	0	0	0	0	0	0	0	0	0	0	36070024	0
LFQ	134	0	0	0	0	0	0	0	0	0	0	0	1665620	0	0	0	0	0	0	0	0	0	0	0	0	0	2688788	0	0	0	0	0	0	0	0	0	0	0	35778260	0
LFQ	135	0	0	1	0	0	0	0	0	0	0	0	1607431	0	0	0	0	0	0	0	0	0	0	0	0	0	2623210	0	0	0	0	0	0	0	0	0	0	0	35717384	0
LFQ	136	0	0	1	0	0	0	0	0	0	0	0	1609582	0	0	0	0	0	0	0	0	0	0	0	0	0	2626826	0	0	0	0	0	0	0	0	0	0	0	35522430	0
LFQ	137	0	0	0	0	0	0	0	0	0	0	0	1670598	0	0	0	0	0	0	0	0	0	0	0	0	0	2681178	0	0	0	0	0	0	0	0	0	0	0	35211911	0
LFQ	138	0	0	1	0	0	0	0	0	0	0	0	1702903	0	0	0	0	0	0	0	0	0	0	0	0	0	2735534	0	0	0	0	0	0	0	0	0	0	0	34928063	0
LFQ	139	0	0	6	0	0	0	0	0	0	0	0	1647407	0	0	0	0	0	0	0	0	0	0	0	0	0	2662267	0	0	0	0	0	0	0	0	0	0	0	34857392	0
LFQ	140	0	0	4	0	0	0	0	0	0	0	0	1590604	0	0	0	0	0	0	0	0	0	0	0	0	0	2595196	0	0	0	0	0	0	0	0	0	0	0	34774077	0
LFQ	141	0	0	88	0	0	0	0	0	0	0	0	1661520	0	0	0	0	0	0	0	0	0	0	0	0	0	2666553	0	0	0	0	0	0	0	0	0	0	0	34419794	0
LFQ	142	0	0	2	0	0	0	0	0	0	0	0	1690800	0	0	0	0	0	0	0	0	0	0	0	0	0	2703830	0	0	0	0	0	0	0	0	0	0	0	34133633	0
LFQ	143	0	0	0	0	0	0	0	0	0	0	0	1717703	0	0	0	0	0	0	0	0	0	0	0	0	0	2741384	0	0	0	0	0	0	0	0	0	0	0	33835830	0
LFQ	144	0	0	3	0	0	0	0	0	0	0	0	1699142	0	0	0	0	0	0	0	0	0	0	0	0	0	2722975	0	0	0	0	0	0	0	0	0	0	0	33622942	0
LFQ	145	0	0	0	0	0	0	0	0	0	0	0	1715727	0	0	0	0	0	0	0	0	0	0	0	0	0	2741052	0	0	0	0	0	0	0	0	0	0	0	33337569	0
LFQ	146	0	0	83	0	0	0	0	0	0	0	0	1671909	0	0	0	0	0	0	0	0	0	0	0	0	0	2682469	0	0	0	0	0	0	0	0	0	0	0	33157199	0
LFQ	147	0	0	0	0	0	0	0	0	0	0	0	1609167	0	0	0	0	0	0	0	0	0	0	0	0	0	2663685	0	0	0	0	0	0	0	0	0	0	0	32892908	0
LFQ	148	0	0	0	0	0	0	0	0	0	0	0	1523649	0	0	0	0	0	0	0	0	0	0	0	0	0	2661350	0	0	0	0	0	0	0	0	0	0	0	32585471	0
LFQ	149	0	0	3	0	0	0	0	0	0	0	0	1506306	0	0	0	0	0	0	0	0	0	0	0	0	0	2634224	0	0	0	0	0	0	0	0	0	0	0	32392057	0
LFQ	150	0	0	0	0	0	0	0	0	0	0	0	1582291	0	0	0	0	0	0	0	0	0	0	0	0	0	2710232	0	0	0	0	0	0	0	0	0	0	0	31997053	0
LFQ	151	0	0	0	0	0	0	0	0	0	0	0	1810089	0	0	0	0	0	0	0	0	0	0	0	0	0	3013931	0	0	0	0	0	0	0	0	0	0	0	31226008	0
# GC Content of first fragments. Use `grep ^GCF | cut -f 2-` to extract this part.
GCF	0.25	152
GCF	0.75	162
GCF	1.26	102
GCF	2.01	96
GCF	2.76	81
GCF	3.27	87
GCF	3.77	84
GCF	4.27	72
GCF	5.03	83
GCF	5.78	78
GCF	6.28	85
GCF	6.78	73
GCF	7.29	84
GCF	7.79	78
GCF	8.29	71
GCF	8.79	63
GCF	9.30	59
GCF	9.80	91
GCF	10.30	75
GCF	10.80	65
GCF	11.31	64
GCF	12.06	60
GCF	12.81	67
GCF	13.32	66
GCF	13.82	79
GCF	14.32	87
GCF	14.82	92
GCF	15.33	90
GCF	15.83	93
GCF	16.33	137
GCF	16.83	152
GCF	17.34	175
GCF	17.84	198
GCF	18.34	219
GCF	18.84	251
GCF	19.35	291
GCF	19.85	413
GCF	20.35	462
GCF	20.85	489
GCF	21.36	660
GCF	21.86	865
GCF	22.36	1125
GCF	22.86	1203
GCF	23.37	1480
GCF	23.87	2078
GCF	24.37	2661
GCF	24.87	2824
GCF	25.38	3672
GCF	25.88	4664
GCF	26.38	6147
GCF	26.88	6626
GCF	27.39	8868
GCF	27.89	11998
GCF	28.39	14412
GCF	28.89	18022
GCF	29.40	19155
GCF	29.90	24523
GCF	30.40	34701
GCF	30.90	45962
GCF	31.41	48258
GCF	31.91	59921
GCF	32.41	74079
GCF	32.91	93398
GCF	33.42	97501
GCF	33.92	112530
GCF	34.42	142854
GCF	34.92	171689
GCF	35.43	177427
GCF	35.93	205031
GCF	36.43	240649
GCF	36.93	272058
GCF	37.44	276963
GCF	37.94	308395
GCF	38.44	340608
GCF	38.94	378463
GCF	39.45	384804
GCF	39.95	443075
GCF	40.45	492274
GCF	40.95	569661
GCF	41.46	579645
GCF	41.96	607423
GCF	42.46	640521
GCF	42.96	659204
GCF	43.47	718320
GCF	43.97	720879
GCF	44.47	789064
GCF	44.97	822008
GCF	45.48	945536
GCF	45.98	957117
GCF	46.48	1042955
GCF	46.98	1093180
GCF	47.49	1322281
GCF	47.99	1334200
GCF	48.49	1278589
GCF	48.99	1361234
GCF	49.50	1433284
GCF	50.00	1441903
GCF	50.50	1559758
GCF	51.01	1621366
GCF	51.51	1690193
GCF	52.01	1700479
GCF	52.51	1759745
GCF	53.02	1776708
GCF	53.52	1825089
GCF	54.02	1834432
GCF	54.52	1854926
GCF	55.03	1874931
GCF	55.53	1822789
GCF	56.03	1823831
GCF	56.53	1780705
GCF	57.04	1666541
GCF	57.54	1589587
GCF	58.04	1439008
GCF	58.54	1425115
GCF	59.05	1275606
GCF	59.55	1095899
GCF	60.05	919876
GCF	60.55	899606
GCF	61.06	752817
GCF	61.56	606303
GCF	62.06	476843
GCF	62.56	452853
GCF	63.07	344315
GCF	63.57	255250
GCF	64.07	182467
GCF	64.57	166892
GCF	65.08	116965
GCF	65.58	79520
GCF	66.08	53077
GCF	66.58	45130
GCF	67.09	29556
GCF	67.59	18921
GCF	68.09	12116
GCF	68.59	9807
GCF	69.10	6589
GCF	69.60	4539
GCF	70.10	3164
GCF	70.60	2574
GCF	71.11	1934
GCF	71.61	1386
GCF	72.11	1060
GCF	72.61	857
GCF	73.12	690
GCF	73.62	534
GCF	74.12	429
GCF	74.62	405
GCF	75.13	355
GCF	75.63	287
GCF	76.13	246
GCF	76.63	197
GCF	77.14	176
GCF	77.64	159
GCF	78.39	138
GCF	79.15	135
GCF	79.65	105
GCF	80.15	82
GCF	80.65	59
GCF	81.16	56
GCF	81.66	36
GCF	82.16	37
GCF	82.66	27
GCF	83.17	33
GCF	83.67	27
GCF	84.17	13
GCF	84.67	11
GCF	85.18	10
GCF	85.68	9
GCF	86.18	10
GCF	86.68	11
GCF	87.44	6
GCF	88.19	4
GCF	88.94	3
GCF	89.70	4
GCF	90.20	2
GCF	90.95	3
GCF	91.71	2
GCF	92.21	1
GCF	93.47	0
GCF	94.97	1
GCF	95.73	0
GCF	96.23	2
# GC Content of last fragments. Use `grep ^GCL | cut -f 2-` to extract this part.
GCL	0.25	640
GCL	0.75	571
GCL	1.26	530
GCL	1.76	528
GCL	2.26	481
GCL	2.76	543
GCL	3.27	606
GCL	3.77	649
GCL	4.27	623
GCL	4.77	692
GCL	5.28	751
GCL	5.78	808
GCL	6.28	770
GCL	6.78	840
GCL	7.29	920
GCL	7.79	1008
GCL	8.29	1003
GCL	8.79	1026
GCL	9.30	1057
GCL	9.80	1134
GCL	10.30	1138
GCL	10.80	1020
GCL	11.31	1015
GCL	11.81	1013
GCL	12.31	1002
GCL	12.81	980
GCL	13.32	929
GCL	13.82	916
GCL	14.32	881
GCL	14.82	909
GCL	15.33	833
GCL	15.83	854
GCL	16.58	880
GCL	17.34	904
GCL	17.84	975
GCL	18.34	973
GCL	18.84	956
GCL	19.35	1116
GCL	19.85	1285
GCL	20.35	1481
GCL	20.85	1485
GCL	21.36	1889
GCL	21.86	2056
GCL	22.61	2650
GCL	23.37	3217
GCL	23.87	4069
GCL	24.37	5009
GCL	24.87	5245
GCL	25.38	6707
GCL	25.88	7930
GCL	26.38	10825
GCL	26.88	11405
GCL	27.39	13964
GCL	27.89	17974
GCL	28.39	22713
GCL	28.89	29004
GCL	29.40	30002
GCL	29.90	37047
GCL	30.40	45982
GCL	30.90	60121
GCL	31.41	62404
GCL	31.91	81342
GCL	32.41	97076
GCL	32.91	118783
GCL	33.42	122802
GCL	33.92	144021
GCL	34.42	178413
GCL	34.92	205464
GCL	35.43	211417
GCL	35.93	245023
GCL	36.43	285124
GCL	36.93	316059
GCL	37.44	320803
GCL	37.94	351375
GCL	38.44	378664
GCL	38.94	419036
GCL	39.45	424909
GCL	39.95	473878
GCL	40.45	524253
GCL	40.95	562734
GCL	41.46	572331
GCL	41.96	610620
GCL	42.46	623898
GCL	42.96	640273
GCL	43.47	690239
GCL	43.97	693137
GCL	44.47	702092
GCL	44.97	754327
GCL	45.48	842266
GCL	45.98	854104
GCL	46.48	915230
GCL	46.98	995258
GCL	47.49	1095622
GCL	47.99	1105833
GCL	48.49	1186401
GCL	48.99	1258263
GCL	49.50	1358353
GCL	50.00	1367461
GCL	50.50	1453360
GCL	51.01	1536549
GCL	51.51	1635501
GCL	52.01	1645918
GCL	52.51	1744609
GCL	53.02	1750657
GCL	53.52	1799405
GCL	54.02	1809611
GCL	54.52	1835959
GCL	55.03	1893058
GCL	55.53	1864486
GCL	56.03	1864069
GCL	56.53	1798722
GCL	57.04	1713302
GCL	57.54	1656965
GCL	58.04	1531649
GCL	58.54	1517608
GCL	59.05	1352596
GCL	59.55	1157487
GCL	60.05	995628
GCL	60.55	975273
GCL	61.06	809171
GCL	61.56	651371
GCL	62.06	516541
GCL	62.56	492289
GCL	63.07	383282
GCL	63.57	275497
GCL	64.07	199386
GCL	64.57	183661
GCL	65.08	130342
GCL	65.58	90065
GCL	66.08	60221
GCL	66.58	52584
GCL	67.09	34927
GCL	67.59	21401
GCL	68.09	13997
GCL	68.59	11632
GCL	69.10	7858
GCL	69.60	5411
GCL	70.10	3592
GCL	70.60	2944
GCL	71.11	2188
GCL	71.61	1541
GCL	72.11	1181
GCL	72.61	926
GCL	73.12	774
GCL	73.62	610
GCL	74.12	513
GCL	74.62	419
GCL	75.13	360
GCL	75.63	320
GCL	76.13	266
GCL	76.63	229
GCL	77.14	217
GCL	77.64	180
GCL	78.14	165
GCL	78.64	129
GCL	79.15	113
GCL	79.65	93
GCL	80.15	94
GCL	80.65	77
GCL	81.16	73
GCL	81.66	68
GCL	82.16	56
GCL	82.66	46
GCL	83.17	45
GCL	83.67	42
GCL	84.17	53
GCL	84.67	48
GCL	85.18	38
GCL	85.68	42
GCL	86.18	52
GCL	86.68	58
GCL	87.19	51
GCL	87.69	66
GCL	88.44	63
GCL	89.20	74
GCL	89.70	70
GCL	90.20	75
GCL	90.70	102
GCL	91.21	115
GCL	91.71	139
GCL	92.21	172
GCL	92.71	173
GCL	93.22	202
GCL	93.72	233
GCL	94.22	279
GCL	94.72	323
GCL	95.23	351
GCL	95.73	395
GCL	96.23	461
GCL	96.73	498
GCL	97.24	522
GCL	97.74	543
GCL	98.24	548
GCL	98.74	573
GCL	99.50	540
# ACGT content per cycle. Use `grep ^GCC | cut -f 2-` to extract this part. The columns are: cycle; A,C,G,T base counts as a percentage of all A/C/G/T bases [%]; and N and O counts as a percentage of all A/C/G/T bases [%]
GCC	1	11.74	38.44	39.09	10.74	0.00	0.00
GCC	2	24.87	24.42	25.05	25.66	0.00	0.00
GCC	3	23.41	26.53	26.07	23.98	0.00	0.00
GCC	4	23.98	26.39	26.35	23.27	0.02	0.00
GCC	5	26.78	23.46	23.83	25.94	0.00	0.00
GCC	6	26.94	23.69	23.60	25.77	0.00	0.00
GCC	7	27.16	22.15	21.96	28.73	0.00	0.00
GCC	8	24.51	25.95	24.81	24.73	0.00	0.00
GCC	9	24.58	25.40	24.80	25.22	0.00	0.00
GCC	10	27.63	22.76	22.78	26.83	0.01	0.00
GCC	11	21.97	28.37	28.14	21.52	0.00	0.00
GCC	12	22.66	27.42	27.20	22.72	0.00	0.00
GCC	13	23.95	26.07	25.92	24.05	0.00	0.00
GCC	14	24.71	25.59	25.26	24.44	0.00	0.00
GCC	15	24.35	25.77	25.69	24.20	0.00	0.00
GCC	16	23.97	26.31	26.25	23.47	0.00	0.00
GCC	17	24.41	25.88	25.55	24.16	0.00	0.00
GCC	18	24.62	25.71	25.49	24.19	0.00	0.00
GCC	19	23.91	26.31	26.03	23.75	0.00	0.00
GCC	20	24.40	25.64	25.63	24.33	0.00	0.00
GCC	21	24.76	25.47	25.33	24.43	0.00	0.00
GCC	22	24.12	25.95	25.86	24.07	0.00	0.00
GCC	23	24.75	25.48	25.29	24.48	0.00	0.00
GCC	24	24.41	25.75	25.39	24.46	0.00	0.00
GCC	25	23.71	26.42	26.00	23.87	0.00	0.00
GCC	26	24.64	25.58	25.49	24.30	0.00	0.00
GCC	27	24.46	25.76	25.36	24.42	0.00	0.00
GCC	28	23.99	26.15	25.95	23.91	0.00	0.00
GCC	29	24.62	25.52	25.48	24.38	0.00	0.00
GCC	30	24.45	25.83	25.45	24.27	0.00	0.00
GCC	31	24.09	26.02	25.91	23.99	0.00	0.00
GCC	32	24.59	25.61	25.42	24.39	0.00	0.00
GCC	33	24.44	25.79	25.45	24.31	0.00	0.00
GCC	34	24.04	26.23	26.01	23.72	0.00	0.00
GCC	35	24.69	25.65	25.41	24.25	0.00	0.00
GCC	36	24.53	25.66	25.50	24.31	0.00	0.00
GCC	37	24.09	25.99	25.95	23.97	0.00	0.00
GCC	38	24.67	25.52	25.42	24.39	0.00	0.00
GCC	39	24.66	25.68	25.30	24.36	0.00	0.00
GCC	40	24.07	26.17	25.84	23.92	0.00	0.00
GCC	41	24.62	25.47	25.37	24.54	0.00	0.00
GCC	42	24.58	25.56	25.34	24.51	0.00	0.00
GCC	43	23.98	26.05	26.00	23.96	0.00	0.00
GCC	44	24.57	25.63	25.38	24.41	0.00	0.00
GCC	45	24.48	25.61	25.40	24.50	0.00	0.00
GCC	46	23.94	26.27	25.92	23.88	0.00	0.00
GCC	47	24.50	25.53	25.46	24.51	0.00	0.00
GCC	48	24.47	25.66	25.54	24.34	0.00	0.00
GCC	49	23.85	26.04	26.01	24.10	0.00	0.00
GCC	50	24.52	25.57	25.41	24.50	0.00	0.00
GCC	51	24.49	25.65	25.50	24.36	0.00	0.00
GCC	52	24.10	25.92	25.88	24.10	0.00	0.00
GCC	53	24.77	25.40	25.37	24.46	0.00	0.00
GCC	54	24.71	25.48	25.40	24.41	0.00	0.00
GCC	55	23.99	26.03	25.86	24.12	0.00	0.00
GCC	56	24.67	25.34	25.42	24.56	0.00	0.00
GCC	57	24.69	25.47	25.44	24.40	0.00	0.00
GCC	58	24.05	26.04	25.89	24.01	0.00	0.00
GCC	59	24.64	25.35	25.40	24.62	0.00	0.00
GCC	60	24.53	25.63	25.46	24.39	0.00	0.00
GCC	61	24.04	26.04	25.89	24.03	0.00	0.00
GCC	62	24.63	25.55	25.44	24.38	0.00	0.00
GCC	63	24.55	25.42	25.50	24.53	0.00	0.00
GCC	64	24.00	25.95	26.03	24.02	0.00	0.00
GCC	65	24.47	25.52	25.43	24.58	0.00	0.00
GCC	66	24.44	25.51	25.52	24.53	0.00	0.00
GCC	67	24.03	26.01	25.97	23.99	0.00	0.00
GCC	68	24.88	25.35	25.42	24.35	0.00	0.00
GCC	69	24.70	25.32	25.42	24.56	0.00	0.00
GCC	70	24.06	25.94	25.94	24.06	0.00	0.00
GCC	71	24.68	25.39	25.50	24.43	0.00	0.00
GCC	72	24.61	25.43	25.50	24.46	0.00	0.00
GCC	73	24.09	26.05	26.00	23.85	0.00	0.00
GCC	74	24.65	25.42	25.35	24.59	0.00	0.00
GCC	75	24.41	25.58	25.50	24.51	0.00	0.00
GCC	76	24.00	26.16	25.97	23.87	0.00	0.00
GCC	77	24.49	25.58	25.38	24.55	0.00	0.00
GCC	78	24.61	25.52	25.39	24.48	0.00	0.00
GCC	79	24.00	25.95	25.86	24.20	0.00	0.00
GCC	80	24.64	25.58	25.31	24.47	0.00	0.00
GCC	81	24.61	25.63	25.36	24.40	0.00	0.00
GCC	82	24.06	26.00	25.91	24.03	0.00	0.00
GCC	83	24.57	25.52	25.44	24.47	0.00	0.00
GCC	84	24.51	25.55	25.51	24.42	0.00	0.00
GCC	85	23.99	25.91	26.01	24.08	0.00	0.00
GCC	86	24.60	25.52	25.42	24.46	0.00	0.00
GCC	87	24.49	25.49	25.54	24.48	0.00	0.00
GCC	88	23.95	26.06	26.00	24.00	0.00	0.00
GCC	89	24.72	25.52	25.37	24.39	0.00	0.00
GCC	90	24.54	25.57	25.47	24.42	0.00	0.00
GCC	91	23.89	26.22	25.88	24.00	0.00	0.00
GCC	92	24.57	25.56	25.46	24.41	0.00	0.00
GCC	93	24.53	25.45	25.51	24.51	0.00	0.00
GCC	94	24.16	25.93	25.91	24.00	0.00	0.00
GCC	95	24.57	25.41	25.50	24.52	0.00	0.00
GCC	96	24.45	25.44	25.57	24.54	0.00	0.00
GCC	97	23.96	25.91	25.94	24.18	0.00	0.00
GCC	98	24.48	25.47	25.41	24.65	0.00	0.00
GCC	99	24.37	25.53	25.50	24.61	0.00	0.00
GCC	100	23.87	25.91	25.94	24.28	0.00	0.00
GCC	101	24.47	25.45	25.53	24.55	0.00	0.00
GCC	102	24.49	25.43	25.52	24.57	0.00	0.00
GCC	103	23.99	26.01	25.82	24.18	0.00	0.00
GCC	104	24.53	25.44	25.37	24.66	0.00	0.00
GCC	105	24.41	25.38	25.60	24.61	0.00	0.00
GCC	106	24.17	25.85	25.91	24.06	0.00	0.00
GCC	107	24.40	25.57	25.53	24.50	0.01	0.00
GCC	108	24.43	25.65	25.54	24.39	0.00	0.00
GCC	109	24.04	25.94	25.92	24.10	0.00	0.00
GCC	110	24.47	25.54	25.52	24.47	0.00	0.00
GCC	111	24.56	25.55	25.49	24.39	0.00	0.00
GCC	112	23.88	26.07	25.95	24.10	0.00	0.00
GCC	113	24.42	25.67	25.57	24.34	0.00	0.00
GCC	114	24.43	25.50	25.50	24.57	0.00	0.00
GCC	115	24.00	26.00	26.00	23.99	0.00	0.00
GCC	116	24.57	25.59	25.27	24.57	0.00	0.00
GCC	117	24.54	25.54	25.54	24.37	0.00	0.00
GCC	118	24.02	26.02	25.90	24.06	0.00	0.00
GCC	119	24.53	25.55	25.46	24.45	0.00	0.00
GCC	120	24.41	25.68	25.60	24.31	0.00	0.00
GCC	121	23.92	26.02	25.88	24.18	0.00	0.00
GCC	122	24.43	25.80	25.44	24.33	0.00	0.00
GCC	123	24.60	25.60	25.49	24.32	0.00	0.00
GCC	124	24.05	26.07	25.99	23.88	0.00	0.00
GCC	125	24.50	25.68	25.41	24.41	0.00	0.00
GCC	126	24.57	25.54	25.55	24.33	0.00	0.00
GCC	127	24.00	26.03	26.12	23.86	0.00	0.00
GCC	128	24.59	25.55	25.44	24.41	0.00	0.00
GCC	129	24.43	25.58	25.61	24.37	0.00	0.00
GCC	130	24.11	25.92	26.10	23.87	0.00	0.00
GCC	131	24.57	25.65	25.45	24.33	0.00	0.00
GCC	132	24.45	25.59	25.62	24.34	0.00	0.00
GCC	133	23.96	26.17	25.94	23.93	0.00	0.00
GCC	134	24.50	25.60	25.42	24.47	0.00	0.00
GCC	135	24.47	25.57	25.54	24.42	0.00	0.00
GCC	136	24.11	26.05	25.94	23.90	0.00	0.00
GCC	137	24.55	25.56	25.56	24.33	0.00	0.00
GCC	138	24.55	25.56	25.67	24.22	0.00	0.00
GCC	139	24.08	25.96	26.09	23.87	0.00	0.00
GCC	140	24.50	25.70	25.61	24.19	0.00	0.00
GCC	141	24.37	25.63	25.77	24.23	0.00	0.00
GCC	142	24.09	26.16	25.89	23.87	0.00	0.00
GCC	143	24.56	25.57	25.53	24.34	0.00	0.00
GCC	144	24.52	25.59	25.65	24.24	0.00	0.00
GCC	145	24.03	26.08	25.89	24.01	0.00	0.00
GCC	146	24.62	25.48	25.50	24.39	0.00	0.00
GCC	147	24.43	25.70	25.59	24.28	0.00	0.00
GCC	148	24.17	26.02	26.02	23.79	0.00	0.00
GCC	149	24.40	25.61	25.70	24.30	0.00	0.00
GCC	150	24.56	25.59	25.54	24.31	0.00	0.00
GCC	151	24.08	25.99	26.06	23.87	0.00	0.00
# ACGT content per cycle, read oriented. Use `grep ^GCT | cut -f 2-` to extract this part. The columns are: cycle; A,C,G,T base counts as a percentage of all A/C/G/T bases [%]
GCT	1	15.20	33.93	43.59	7.28
GCT	2	17.21	23.08	26.39	33.32
GCT	3	20.38	30.51	22.09	27.02
GCT	4	26.24	24.70	28.05	21.01
GCT	5	30.93	19.69	27.59	21.78
GCT	6	32.50	22.82	24.47	20.20
GCT	7	20.68	21.84	22.26	35.22
GCT	8	22.69	28.79	21.97	26.56
GCT	9	20.10	26.74	23.45	29.71
GCT	10	32.08	20.89	24.64	22.38
GCT	11	23.34	28.63	27.88	20.15
GCT	12	21.25	28.31	26.31	24.13
GCT	13	23.49	26.25	25.74	24.52
GCT	14	24.04	25.84	25.01	25.11
GCT	15	23.92	26.19	25.26	24.63
GCT	16	23.80	26.00	26.57	23.63
GCT	17	24.50	25.80	25.63	24.07
GCT	18	24.52	26.18	25.01	24.28
GCT	19	24.13	26.07	26.27	23.53
GCT	20	24.57	25.53	25.74	24.16
GCT	21	24.83	25.85	24.95	24.36
GCT	22	24.48	25.89	25.91	23.72
GCT	23	24.79	25.44	25.33	24.43
GCT	24	24.22	26.20	24.94	24.64
GCT	25	23.99	26.49	25.93	23.59
GCT	26	24.75	25.46	25.60	24.19
GCT	27	24.47	26.34	24.78	24.41
GCT	28	24.22	26.22	25.89	23.68
GCT	29	24.75	25.56	25.44	24.25
GCT	30	24.40	26.44	24.83	24.32
GCT	31	24.44	26.07	25.86	23.64
GCT	32	24.85	25.48	25.54	24.12
GCT	33	24.42	26.40	24.84	24.34
GCT	34	24.25	26.26	25.97	23.51
GCT	35	24.81	25.57	25.48	24.14
GCT	36	24.39	26.19	24.97	24.45
GCT	37	24.36	26.14	25.79	23.70
GCT	38	24.76	25.51	25.43	24.30
GCT	39	24.64	26.06	24.92	24.38
GCT	40	24.31	26.03	25.97	23.69
GCT	41	24.77	25.50	25.34	24.39
GCT	42	24.49	25.99	24.91	24.60
GCT	43	24.25	26.07	25.98	23.70
GCT	44	24.82	25.55	25.47	24.16
GCT	45	24.47	26.12	24.90	24.51
GCT	46	24.21	26.19	26.00	23.60
GCT	47	24.68	25.53	25.46	24.33
GCT	48	24.51	26.28	24.91	24.30
GCT	49	24.15	26.09	25.96	23.80
GCT	50	24.75	25.59	25.38	24.27
GCT	51	24.53	26.13	25.02	24.33
GCT	52	24.40	25.92	25.88	23.81
GCT	53	24.94	25.36	25.41	24.29
GCT	54	24.54	26.01	24.87	24.58
GCT	55	24.34	26.06	25.83	23.77
GCT	56	24.87	25.44	25.32	24.36
GCT	57	24.55	26.02	24.89	24.54
GCT	58	24.35	26.05	25.89	23.71
GCT	59	24.76	25.28	25.47	24.49
GCT	60	24.45	26.14	24.94	24.47
GCT	61	24.27	26.09	25.84	23.80
GCT	62	24.75	25.50	25.48	24.27
GCT	63	24.52	26.04	24.88	24.56
GCT	64	24.13	26.13	25.86	23.89
GCT	65	24.71	25.50	25.44	24.35
GCT	66	24.42	26.03	25.00	24.55
GCT	67	24.32	26.04	25.94	23.70
GCT	68	24.93	25.27	25.49	24.31
GCT	69	24.53	25.76	24.97	24.73
GCT	70	24.16	26.04	25.84	23.97
GCT	71	24.68	25.26	25.63	24.43
GCT	72	24.47	25.83	25.10	24.60
GCT	73	24.17	26.08	25.98	23.77
GCT	74	24.76	25.19	25.57	24.48
GCT	75	24.48	25.89	25.18	24.44
GCT	76	24.18	26.07	26.06	23.69
GCT	77	24.78	25.33	25.63	24.27
GCT	78	24.66	25.89	25.02	24.42
GCT	79	24.21	25.79	26.02	23.98
GCT	80	24.69	25.36	25.53	24.42
GCT	81	24.45	26.09	24.90	24.56
GCT	82	24.27	25.99	25.92	23.82
GCT	83	24.64	25.28	25.68	24.39
GCT	84	24.40	25.83	25.24	24.54
GCT	85	24.19	25.90	26.02	23.89
GCT	86	24.70	25.32	25.62	24.36
GCT	87	24.51	25.83	25.20	24.45
GCT	88	24.18	26.03	26.03	23.77
GCT	89	24.77	25.41	25.47	24.35
GCT	90	24.32	25.91	25.13	24.64
GCT	91	24.04	26.08	26.02	23.85
GCT	92	24.63	25.31	25.72	24.35
GCT	93	24.47	25.89	25.07	24.57
GCT	94	24.24	25.96	25.87	23.92
GCT	95	24.64	25.26	25.65	24.45
GCT	96	24.38	25.86	25.15	24.61
GCT	97	24.13	25.88	25.97	24.02
GCT	98	24.66	25.21	25.67	24.47
GCT	99	24.34	25.83	25.20	24.63
GCT	100	24.20	25.86	25.98	23.96
GCT	101	24.68	25.29	25.69	24.35
GCT	102	24.31	25.87	25.07	24.74
GCT	103	24.27	25.83	25.99	23.91
GCT	104	24.72	25.10	25.71	24.47
GCT	105	24.43	25.67	25.30	24.59
GCT	106	24.26	25.69	26.07	23.98
GCT	107	24.55	25.29	25.81	24.36
GCT	108	24.38	26.01	25.18	24.44
GCT	109	24.13	25.78	26.08	24.01
GCT	110	24.60	25.39	25.67	24.33
GCT	111	24.45	25.77	25.28	24.50
GCT	112	24.08	25.82	26.20	23.90
GCT	113	24.46	25.40	25.84	24.31
GCT	114	24.28	25.79	25.21	24.72
GCT	115	24.07	25.86	26.14	23.92
GCT	116	24.63	25.22	25.64	24.51
GCT	117	24.37	25.73	25.36	24.55
GCT	118	24.20	25.82	26.11	23.88
GCT	119	24.52	25.24	25.77	24.46
GCT	120	24.23	25.86	25.41	24.50
GCT	121	24.09	25.81	26.09	24.01
GCT	122	24.51	25.40	25.83	24.25
GCT	123	24.39	25.85	25.23	24.52
GCT	124	24.11	25.86	26.20	23.82
GCT	125	24.70	25.27	25.83	24.20
GCT	126	24.25	25.84	25.26	24.66
GCT	127	24.11	25.89	26.25	23.74
GCT	128	24.66	25.27	25.73	24.34
GCT	129	24.29	25.74	25.45	24.51
GCT	130	24.14	25.79	26.23	23.84
GCT	131	24.56	25.35	25.76	24.33
GCT	132	24.30	25.85	25.37	24.49
GCT	133	24.08	25.84	26.27	23.81
GCT	134	24.66	25.16	25.86	24.31
GCT	135	24.41	25.64	25.47	24.48
GCT	136	24.20	25.74	26.25	23.81
GCT	137	24.56	25.09	26.03	24.32
GCT	138	24.34	25.63	25.60	24.43
GCT	139	24.12	25.68	26.36	23.84
GCT	140	24.56	25.35	25.96	24.13
GCT	141	24.28	25.72	25.68	24.32
GCT	142	24.26	25.87	26.17	23.70
GCT	143	24.61	25.19	25.91	24.29
GCT	144	24.25	25.72	25.52	24.51
GCT	145	24.16	25.81	26.16	23.87
GCT	146	24.68	25.24	25.74	24.34
GCT	147	24.20	25.82	25.47	24.51
GCT	148	24.18	25.82	26.22	23.78
GCT	149	24.48	25.29	26.01	24.22
GCT	150	24.41	25.74	25.39	24.45
GCT	151	24.11	25.70	26.35	23.83
# ACGT content per cycle for first fragments. Use `grep ^FBC | cut -f 2-` to extract this part. The columns are: cycle; A,C,G,T base counts as a percentage of all A/C/G/T bases [%]; and N and O counts as a percentage of all A/C/G/T bases [%]
FBC	1	14.79	35.92	36.52	12.77	0.00	0.00
FBC	2	25.81	23.29	24.12	26.78	0.00	0.00
FBC	3	25.62	24.43	23.47	26.48	0.00	0.00
FBC	4	25.55	25.51	24.95	23.99	0.04	0.00
FBC	5	27.70	23.18	23.62	25.50	0.00	0.00
FBC	6	27.66	23.75	23.28	25.31	0.00	0.00
FBC	7	24.98	24.20	23.49	27.33	0.00	0.00
FBC	8	23.09	27.73	25.74	23.44	0.00	0.00
FBC	9	23.53	26.84	25.47	24.16	0.00	0.00
FBC	10	27.45	23.54	23.35	25.66	0.00	0.00
FBC	11	21.60	29.26	28.41	20.74	0.00	0.00
FBC	12	22.40	27.92	27.21	22.46	0.00	0.00
FBC	13	24.11	26.27	25.55	24.08	0.00	0.00
FBC	14	24.53	26.02	25.20	24.25	0.00	0.00
FBC	15	24.40	26.04	25.42	24.14	0.00	0.00
FBC	16	24.10	26.52	26.02	23.37	0.00	0.00
FBC	17	24.21	26.30	25.60	23.89	0.00	0.00
FBC	18	24.64	25.98	25.29	24.10	0.00	0.00
FBC	19	23.95	26.45	25.81	23.79	0.00	0.00
FBC	20	24.18	26.30	25.59	23.92	0.00	0.00
FBC	21	24.99	25.66	25.05	24.30	0.00	0.00
FBC	22	24.26	26.02	25.51	24.21	0.00	0.00
FBC	23	24.61	25.89	25.22	24.28	0.00	0.00
FBC	24	24.52	25.88	25.27	24.33	0.00	0.00
FBC	25	23.73	26.67	25.63	23.98	0.00	0.00
FBC	26	24.54	25.94	25.47	24.06	0.00	0.00
FBC	27	24.65	25.85	25.03	24.48	0.00	0.00
FBC	28	24.11	26.26	25.60	24.03	0.00	0.00
FBC	29	24.71	25.75	25.38	24.16	0.00	0.00
FBC	30	24.62	26.02	25.15	24.21	0.00	0.00
FBC	31	24.44	26.15	25.41	24.00	0.00	0.00
FBC	32	24.66	25.96	25.17	24.21	0.00	0.00
FBC	33	24.67	25.86	24.99	24.48	0.00	0.00
FBC	34	24.24	26.39	25.52	23.85	0.00	0.00
FBC	35	24.69	26.00	25.25	24.07	0.00	0.00
FBC	36	24.79	25.86	24.95	24.41	0.00	0.00
FBC	37	24.30	26.08	25.57	24.04	0.00	0.00
FBC	38	24.65	25.93	25.28	24.14	0.00	0.00
FBC	39	24.85	25.90	24.91	24.34	0.00	0.00
FBC	40	24.34	26.36	25.40	23.90	0.00	0.00
FBC	41	24.54	25.84	25.19	24.43	0.00	0.00
FBC	42	24.81	25.70	24.87	24.62	0.00	0.00
FBC	43	24.18	26.16	25.61	24.05	0.00	0.00
FBC	44	24.56	25.97	25.26	24.20	0.00	0.00
FBC	45	24.71	25.69	25.03	24.57	0.00	0.00
FBC	46	24.21	26.33	25.50	23.95	0.00	0.00
FBC	47	24.62	25.76	25.32	24.30	0.00	0.00
FBC	48	24.64	25.81	25.12	24.43	0.00	0.00
FBC	49	24.11	26.16	25.66	24.08	0.00	0.00
FBC	50	24.52	25.97	25.21	24.30	0.00	0.00
FBC	51	24.78	25.72	25.12	24.37	0.00	0.00
FBC	52	24.36	25.92	25.54	24.18	0.00	0.00
FBC	53	24.72	25.77	25.23	24.28	0.00	0.00
FBC	54	24.82	25.64	25.03	24.51	0.00	0.00
FBC	55	24.12	26.25	25.43	24.19	0.00	0.00
FBC	56	24.64	25.71	25.22	24.43	0.00	0.00
FBC	57	24.85	25.51	25.13	24.51	0.00	0.00
FBC	58	24.26	26.16	25.54	24.04	0.00	0.00
FBC	59	24.69	25.51	25.30	24.49	0.00	0.00
FBC	60	24.70	25.78	25.08	24.44	0.00	0.00
FBC	61	24.19	26.20	25.61	23.99	0.00	0.00
FBC	62	24.71	25.68	25.35	24.26	0.00	0.00
FBC	63	24.78	25.47	25.17	24.58	0.00	0.00
FBC	64	24.14	25.96	25.79	24.11	0.00	0.00
FBC	65	24.42	25.86	25.35	24.37	0.00	0.00
FBC	66	24.65	25.67	25.09	24.59	0.00	0.00
FBC	67	24.02	26.20	25.69	24.09	0.00	0.00
FBC	68	24.80	25.50	25.43	24.28	0.00	0.00
FBC	69	24.81	25.42	25.09	24.68	0.00	0.00
FBC	70	24.03	26.14	25.62	24.20	0.00	0.00
FBC	71	24.52	25.66	25.61	24.21	0.00	0.00
FBC	72	24.76	25.59	25.22	24.43	0.00	0.00
FBC	73	24.20	26.10	25.76	23.94	0.00	0.00
FBC	74	24.45	25.62	25.40	24.52	0.00	0.00
FBC	75	24.58	25.63	25.30	24.50	0.00	0.00
FBC	76	24.05	26.17	25.77	24.01	0.00	0.00
FBC	77	24.37	25.84	25.33	24.46	0.00	0.00
FBC	78	24.81	25.51	25.14	24.54	0.00	0.00
FBC	79	24.09	25.97	25.61	24.33	0.00	0.00
FBC	80	24.53	25.83	25.25	24.39	0.00	0.00
FBC	81	24.70	25.65	25.08	24.57	0.00	0.00
FBC	82	24.11	26.11	25.66	24.12	0.00	0.00
FBC	83	24.38	25.80	25.43	24.40	0.00	0.00
FBC	84	24.59	25.69	25.20	24.51	0.00	0.00
FBC	85	24.05	26.06	25.80	24.10	0.00	0.00
FBC	86	24.47	25.87	25.41	24.25	0.00	0.00
FBC	87	24.63	25.70	25.18	24.49	0.00	0.00
FBC	88	24.03	26.17	25.69	24.11	0.00	0.00
FBC	89	24.51	25.82	25.42	24.25	0.00	0.00
FBC	90	24.46	25.71	25.40	24.43	0.00	0.00
FBC	91	23.77	26.39	25.67	24.17	0.00	0.00
FBC	92	24.26	25.95	25.50	24.28	0.00	0.00
FBC	93	24.51	25.65	25.29	24.54	0.00	0.00
FBC	94	24.22	25.98	25.76	24.04	0.00	0.00
FBC	95	24.33	25.74	25.51	24.41	0.00	0.00
FBC	96	24.36	25.64	25.18	24.82	0.00	0.00
FBC	97	23.78	26.11	25.74	24.36	0.00	0.00
FBC	98	24.15	25.82	25.40	24.63	0.00	0.00
FBC	99	24.31	25.57	25.34	24.78	0.00	0.00
FBC	100	23.84	25.99	25.71	24.45	0.00	0.00
FBC	101	24.25	25.81	25.53	24.41	0.00	0.00
FBC	102	24.39	25.63	25.19	24.78	0.00	0.00
FBC	103	23.98	26.13	25.52	24.37	0.00	0.00
FBC	104	24.32	25.65	25.41	24.62	0.00	0.00
FBC	105	24.46	25.51	25.36	24.67	0.00	0.00
FBC	106	24.02	26.07	25.63	24.28	0.00	0.00
FBC	107	24.19	25.91	25.43	24.48	0.00	0.00
FBC	108	24.44	25.86	25.24	24.46	0.00	0.00
FBC	109	24.08	25.97	25.64	24.31	0.00	0.00
FBC	110	24.33	25.80	25.55	24.32	0.00	0.00
FBC	111	24.56	25.65	25.30	24.49	0.00	0.00
FBC	112	23.86	26.20	25.77	24.18	0.00	0.00
FBC	113	24.11	26.08	25.59	24.21	0.00	0.00
FBC	114	24.33	25.62	25.22	24.83	0.00	0.00
FBC	115	23.93	26.26	25.86	23.95	0.00	0.00
FBC	116	24.28	25.86	25.29	24.57	0.00	0.00
FBC	117	24.43	25.68	25.39	24.50	0.00	0.00
FBC	118	23.97	26.16	25.76	24.11	0.00	0.00
FBC	119	24.36	25.95	25.37	24.32	0.00	0.00
FBC	120	24.32	25.93	25.43	24.32	0.00	0.00
FBC	121	23.95	26.14	25.74	24.17	0.00	0.00
FBC	122	24.18	26.28	25.46	24.08	0.00	0.00
FBC	123	24.75	25.77	25.30	24.18	0.00	0.00
FBC	124	24.02	26.26	25.85	23.87	0.00	0.00
FBC	125	24.33	26.06	25.44	24.17	0.00	0.00
FBC	126	24.52	25.84	25.20	24.44	0.00	0.00
FBC	127	23.83	26.32	26.00	23.85	0.00	0.00
FBC	128	24.32	25.97	25.58	24.13	0.00	0.00
FBC	129	24.42	25.69	25.48	24.41	0.00	0.00
FBC	130	24.09	26.02	26.04	23.84	0.00	0.00
FBC	131	24.22	26.06	25.49	24.23	0.00	0.00
FBC	132	24.22	25.79	25.62	24.37	0.00	0.00
FBC	133	23.84	26.38	25.83	23.95	0.00	0.00
FBC	134	24.28	25.84	25.55	24.33	0.00	0.00
FBC	135	24.43	25.73	25.37	24.48	0.00	0.00
FBC	136	23.99	26.36	25.73	23.92	0.00	0.00
FBC	137	24.30	25.94	25.56	24.21	0.00	0.00
FBC	138	24.48	25.71	25.51	24.30	0.00	0.00
FBC	139	24.10	26.07	25.96	23.87	0.00	0.00
FBC	140	24.27	26.05	25.60	24.08	0.00	0.00
FBC	141	24.35	25.85	25.62	24.18	0.00	0.00
FBC	142	24.18	26.27	25.70	23.86	0.00	0.00
FBC	143	24.39	25.91	25.57	24.14	0.00	0.00
FBC	144	24.50	25.69	25.50	24.30	0.00	0.00
FBC	145	24.08	26.25	25.69	23.98	0.00	0.00
FBC	146	24.50	25.93	25.38	24.18	0.00	0.00
FBC	147	24.47	25.87	25.39	24.27	0.00	0.00
FBC	148	24.10	26.33	25.75	23.82	0.00	0.00
FBC	149	24.28	26.02	25.63	24.07	0.00	0.00
FBC	150	24.55	25.76	25.33	24.36	0.00	0.00
FBC	151	24.08	26.21	25.82	23.88	0.00	0.00
# ACGT raw counters for first fragments. Use `grep ^FTC | cut -f 2-` to extract this part. The columns are: A,C,G,T,N base counters
FTC	1574925183	1679389010	1647369929	1566249210	23944
# ACGT content per cycle for last fragments. Use `grep ^LBC | cut -f 2-` to extract this part. The columns are: cycle; A,C,G,T base counts as a percentage of all A/C/G/T bases [%]; and N and O counts as a percentage of all A/C/G/T bases [%]
LBC	1	8.69	40.95	41.65	8.70	0.00	0.00
LBC	2	23.94	25.55	25.98	24.53	0.00	0.00
LBC	3	21.21	28.64	28.66	21.49	0.00	0.00
LBC	4	22.41	27.27	27.76	22.56	0.00	0.00
LBC	5	25.86	23.73	24.04	26.37	0.00	0.00
LBC	6	26.22	23.64	23.92	26.23	0.00	0.00
LBC	7	29.35	20.10	20.42	30.14	0.00	0.00
LBC	8	25.93	24.16	23.89	26.02	0.00	0.00
LBC	9	25.63	23.96	24.12	26.28	0.00	0.00
LBC	10	27.81	21.99	22.20	28.00	0.01	0.00
LBC	11	22.34	27.48	27.88	22.30	0.00	0.00
LBC	12	22.92	26.92	27.19	22.97	0.00	0.00
LBC	13	23.80	25.87	26.30	24.03	0.00	0.00
LBC	14	24.90	25.15	25.32	24.63	0.00	0.00
LBC	15	24.30	25.49	25.96	24.25	0.00	0.00
LBC	16	23.84	26.11	26.48	23.57	0.00	0.00
LBC	17	24.60	25.45	25.51	24.44	0.00	0.00
LBC	18	24.60	25.44	25.69	24.28	0.00	0.00
LBC	19	23.87	26.17	26.25	23.71	0.00	0.00
LBC	20	24.61	24.97	25.68	24.74	0.00	0.00
LBC	21	24.53	25.28	25.62	24.57	0.00	0.00
LBC	22	23.99	25.88	26.20	23.93	0.00	0.00
LBC	23	24.89	25.08	25.36	24.67	0.00	0.00
LBC	24	24.30	25.61	25.51	24.58	0.00	0.00
LBC	25	23.70	26.18	26.37	23.75	0.00	0.00
LBC	26	24.74	25.22	25.51	24.54	0.00	0.00
LBC	27	24.27	25.68	25.69	24.35	0.00	0.00
LBC	28	23.86	26.04	26.30	23.79	0.00	0.00
LBC	29	24.53	25.28	25.59	24.61	0.00	0.00
LBC	30	24.29	25.64	25.75	24.33	0.00	0.00
LBC	31	23.73	25.88	26.41	23.98	0.00	0.00
LBC	32	24.51	25.25	25.67	24.57	0.00	0.00
LBC	33	24.21	25.71	25.92	24.15	0.00	0.00
LBC	34	23.85	26.06	26.51	23.58	0.00	0.00
LBC	35	24.70	25.30	25.57	24.44	0.00	0.00
LBC	36	24.27	25.46	26.05	24.22	0.00	0.00
LBC	37	23.89	25.89	26.32	23.90	0.00	0.00
LBC	38	24.70	25.12	25.55	24.63	0.00	0.00
LBC	39	24.46	25.46	25.69	24.38	0.00	0.00
LBC	40	23.81	25.98	26.27	23.94	0.00	0.00
LBC	41	24.71	25.09	25.55	24.66	0.00	0.00
LBC	42	24.36	25.42	25.81	24.41	0.00	0.00
LBC	43	23.78	25.95	26.39	23.88	0.00	0.00
LBC	44	24.59	25.30	25.50	24.62	0.00	0.00
LBC	45	24.26	25.53	25.78	24.43	0.00	0.00
LBC	46	23.66	26.20	26.34	23.80	0.00	0.00
LBC	47	24.39	25.29	25.60	24.72	0.00	0.00
LBC	48	24.30	25.50	25.95	24.25	0.00	0.00
LBC	49	23.58	25.93	26.36	24.12	0.00	0.00
LBC	50	24.53	25.18	25.60	24.69	0.00	0.00
LBC	51	24.19	25.57	25.89	24.36	0.00	0.00
LBC	52	23.85	25.92	26.22	24.02	0.00	0.00
LBC	53	24.83	25.03	25.51	24.64	0.00	0.00
LBC	54	24.59	25.33	25.77	24.31	0.00	0.00
LBC	55	23.86	25.81	26.29	24.04	0.00	0.00
LBC	56	24.70	24.98	25.62	24.70	0.00	0.00
LBC	57	24.54	25.43	25.75	24.28	0.00	0.00
LBC	58	23.85	25.92	26.25	23.98	0.00	0.00
LBC	59	24.58	25.18	25.49	24.74	0.00	0.00
LBC	60	24.35	25.48	25.83	24.34	0.00	0.00
LBC	61	23.88	25.87	26.17	24.08	0.00	0.00
LBC	62	24.56	25.42	25.52	24.50	0.01	0.00
LBC	63	24.33	25.37	25.83	24.48	0.00	0.00
LBC	64	23.86	25.94	26.28	23.92	0.00	0.00
LBC	65	24.53	25.19	25.50	24.78	0.00	0.00
LBC	66	24.24	25.35	25.94	24.47	0.00	0.00
LBC	67	24.04	25.83	26.24	23.89	0.00	0.00
LBC	68	24.97	25.20	25.40	24.43	0.00	0.00
LBC	69	24.59	25.22	25.75	24.44	0.01	0.00
LBC	70	24.09	25.74	26.26	23.91	0.00	0.00
LBC	71	24.83	25.12	25.40	24.66	0.00	0.00
LBC	72	24.46	25.27	25.78	24.49	0.00	0.00
LBC	73	23.99	26.01	26.24	23.76	0.00	0.00
LBC	74	24.85	25.21	25.30	24.65	0.00	0.00
LBC	75	24.24	25.54	25.69	24.53	0.00	0.00
LBC	76	23.94	26.15	26.18	23.73	0.00	0.00
LBC	77	24.62	25.31	25.43	24.64	0.00	0.00
LBC	78	24.40	25.53	25.65	24.42	0.00	0.00
LBC	79	23.91	25.93	26.10	24.07	0.00	0.00
LBC	80	24.76	25.33	25.37	24.55	0.00	0.00
LBC	81	24.53	25.61	25.64	24.22	0.00	0.00
LBC	82	24.02	25.88	26.16	23.94	0.00	0.00
LBC	83	24.77	25.24	25.46	24.53	0.00	0.00
LBC	84	24.44	25.41	25.82	24.33	0.00	0.00
LBC	85	23.93	25.77	26.23	24.07	0.00	0.00
LBC	86	24.73	25.18	25.42	24.67	0.00	0.00
LBC	87	24.35	25.28	25.89	24.47	0.00	0.00
LBC	88	23.86	25.95	26.31	23.89	0.00	0.00
LBC	89	24.93	25.23	25.32	24.53	0.00	0.00
LBC	90	24.62	25.43	25.54	24.42	0.00	0.00
LBC	91	24.02	26.05	26.10	23.83	0.00	0.00
LBC	92	24.88	25.16	25.43	24.53	0.00	0.00
LBC	93	24.54	25.26	25.72	24.48	0.00	0.00
LBC	94	24.11	25.88	26.06	23.95	0.00	0.00
LBC	95	24.81	25.07	25.49	24.63	0.00	0.00
LBC	96	24.54	25.24	25.97	24.26	0.00	0.00
LBC	97	24.14	25.72	26.14	24.00	0.00	0.00
LBC	98	24.81	25.11	25.41	24.66	0.00	0.00
LBC	99	24.43	25.48	25.66	24.44	0.00	0.00
LBC	100	23.89	25.83	26.17	24.12	0.00	0.00
LBC	101	24.69	25.08	25.54	24.69	0.00	0.00
LBC	102	24.58	25.22	25.85	24.35	0.00	0.00
LBC	103	24.00	25.88	26.12	24.00	0.00	0.00
LBC	104	24.74	25.22	25.34	24.71	0.00	0.00
LBC	105	24.36	25.24	25.84	24.56	0.00	0.00
LBC	106	24.33	25.62	26.20	23.85	0.00	0.00
LBC	107	24.62	25.23	25.63	24.52	0.02	0.00
LBC	108	24.41	25.44	25.84	24.32	0.00	0.00
LBC	109	24.00	25.90	26.21	23.89	0.00	0.00
LBC	110	24.60	25.28	25.50	24.62	0.00	0.00
LBC	111	24.57	25.46	25.69	24.29	0.00	0.00
LBC	112	23.90	25.93	26.14	24.02	0.00	0.00
LBC	113	24.74	25.25	25.55	24.46	0.00	0.00
LBC	114	24.54	25.37	25.79	24.31	0.00	0.00
LBC	115	24.07	25.74	26.15	24.04	0.00	0.00
LBC	116	24.87	25.32	25.25	24.56	0.00	0.00
LBC	117	24.65	25.40	25.70	24.25	0.00	0.00
LBC	118	24.07	25.89	26.03	24.01	0.00	0.00
LBC	119	24.71	25.15	25.56	24.59	0.00	0.00
LBC	120	24.50	25.42	25.77	24.31	0.00	0.00
LBC	121	23.89	25.90	26.02	24.18	0.00	0.00
LBC	122	24.68	25.32	25.42	24.58	0.00	0.00
LBC	123	24.45	25.42	25.67	24.46	0.00	0.00
LBC	124	24.08	25.88	26.14	23.90	0.00	0.00
LBC	125	24.66	25.31	25.39	24.64	0.00	0.00
LBC	126	24.62	25.25	25.90	24.23	0.00	0.00
LBC	127	24.16	25.73	26.24	23.86	0.00	0.00
LBC	128	24.86	25.14	25.31	24.69	0.00	0.00
LBC	129	24.44	25.47	25.74	24.34	0.00	0.00
LBC	130	24.13	25.82	26.15	23.89	0.00	0.00
LBC	131	24.91	25.24	25.42	24.42	0.00	0.00
LBC	132	24.67	25.40	25.62	24.31	0.00	0.00
LBC	133	24.08	25.96	26.05	23.92	0.00	0.00
LBC	134	24.72	25.37	25.29	24.62	0.00	0.00
LBC	135	24.51	25.41	25.72	24.36	0.00	0.00
LBC	136	24.22	25.75	26.14	23.89	0.00	0.00
LBC	137	24.80	25.19	25.56	24.45	0.00	0.00
LBC	138	24.62	25.41	25.82	24.15	0.00	0.00
LBC	139	24.07	25.84	26.21	23.88	0.00	0.00
LBC	140	24.74	25.35	25.62	24.29	0.00	0.00
LBC	141	24.39	25.41	25.92	24.29	0.00	0.00
LBC	142	24.00	26.05	26.07	23.88	0.00	0.00
LBC	143	24.73	25.23	25.50	24.54	0.00	0.00
LBC	144	24.53	25.49	25.80	24.18	0.00	0.00
LBC	145	23.97	25.91	26.09	24.04	0.00	0.00
LBC	146	24.74	25.03	25.62	24.61	0.00	0.00
LBC	147	24.40	25.53	25.79	24.28	0.00	0.00
LBC	148	24.23	25.71	26.29	23.77	0.00	0.00
LBC	149	24.51	25.20	25.77	24.53	0.00	0.00
LBC	150	24.58	25.43	25.75	24.25	0.00	0.00
LBC	151	24.07	25.78	26.30	23.85	0.00	0.00
# ACGT raw counters for last fragments. Use `grep ^LTC | cut -f 2-` to extract this part. The columns are: A,C,G,T,N base counters
LTC	1571848328	1654369236	1674476783	1568553245	33771
# Insert sizes. Use `grep ^IS | cut -f 2-` to extract this part. The columns are: insert size, pairs total, inward oriented pairs, outward oriented pairs, other pairs
IS	0	21900	6936	8034	6930
IS	1	0	0	0	0
IS	2	0	0	0	0
IS	3	0	0	0	0
IS	4	0	0	0	0
IS	5	0	0	0	0
IS	6	0	0	0	0
IS	7	0	0	0	0
IS	8	0	0	0	0
IS	9	0	0	0	0
IS	10	0	0	0	0
IS	11	0	0	0	0
IS	12	0	0	0	0
IS	13	0	0	0	0
IS	14	0	0	0	0
IS	15	0	0	0	0
IS	16	0	0	0	0
IS	17	0	0	0	0
IS	18	0	0	0	0
IS	19	0	0	0	0
IS	20	0	0	0	0
IS	21	0	0	0	0
IS	22	0	0	0	0
IS	23	0	0	0	0
IS	24	0	0	0	0
IS	25	0	0	0	0
IS	26	0	0	0	0
IS	27	0	0	0	0
IS	28	0	0	0	0
IS	29	0	0	0	0
IS	30	0	0	0	0
IS	31	0	0	0	0
IS	32	0	0	0	0
IS	33	0	0	0	0
IS	34	0	0	0	0
IS	35	82	47	35	0
IS	36	79	46	33	0
IS	37	109	61	48	0
IS	38	126	70	56	0
IS	39	133	75	58	0
IS	40	146	82	64	0
IS	41	134	76	58	0
IS	42	170	96	74	0
IS	43	154	77	77	0
IS	44	107	74	33	0
IS	45	149	82	67	0
IS	46	191	115	76	0
IS	47	237	128	109	0
IS	48	246	145	101	0
IS	49	271	154	117	0
IS	50	273	155	118	0
IS	51	302	163	139	0
IS	52	352	215	137	0
IS	53	326	190	136	0
IS	54	322	195	127	0
IS	55	377	209	168	0
IS	56	363	206	157	0
IS	57	438	253	185	0
IS	58	479	250	229	0
IS	59	538	291	247	0
IS	60	670	349	321	0
IS	61	770	420	350	0
IS	62	798	450	348	0
IS	63	812	456	356	0
IS	64	873	454	419	0
IS	65	931	484	447	0
IS	66	940	539	401	0
IS	67	1204	663	541	0
IS	68	1084	618	466	0
IS	69	1394	755	639	0
IS	70	1446	844	602	0
IS	71	1654	894	760	0
IS	72	1838	974	864	0
IS	73	1986	1105	881	0
IS	74	2155	1186	969	0
IS	75	2337	1273	1064	0
IS	76	2640	1498	1142	0
IS	77	2840	1512	1328	0
IS	78	3194	1716	1478	0
IS	79	3640	2001	1639	0
IS	80	3813	2025	1788	0
IS	81	4430	2392	2038	0
IS	82	5056	2712	2344	0
IS	83	5240	2846	2394	0
IS	84	6102	3278	2824	0
IS	85	6795	3758	3037	0
IS	86	7612	4100	3512	0
IS	87	8105	4372	3733	0
IS	88	9187	4940	4247	0
IS	89	9793	5338	4455	0
IS	90	11155	5994	5161	0
IS	91	12298	6648	5650	0
IS	92	13385	7208	6177	0
IS	93	15155	8176	6979	0
IS	94	16788	9083	7705	0
IS	95	17814	9544	8270	0
IS	96	19206	10262	8944	0
IS	97	21653	11745	9908	0
IS	98	22640	12226	10414	0
IS	99	24788	13274	11514	0
IS	100	27444	14686	12758	0
IS	101	29868	16171	13697	0
IS	102	32357	17537	14820	0
IS	103	35886	19242	16644	0
IS	104	37261	19886	17375	0
IS	105	40847	21791	19056	0
IS	106	43619	23624	19995	0
IS	107	45514	24444	21070	0
IS	108	48350	25666	22684	0
IS	109	52987	28528	24459	0
IS	110	55216	29375	25841	0
IS	111	59012	31840	27172	0
IS	112	64548	34477	30071	0
IS	113	66990	35790	31200	0
IS	114	71179	38188	32991	0
IS	115	75247	40607	34640	0
IS	116	77985	42261	35724	0
IS	117	81748	44054	37694	0
IS	118	86141	46286	39855	0
IS	119	87992	47355	40637	0
IS	120	93764	50230	43534	0
IS	121	97550	52680	44870	0
IS	122	101774	54681	47093	0
IS	123	104912	55876	49036	0
IS	124	111602	60515	51087	0
IS	125	114519	61432	53087	0
IS	126	117449	63095	54354	0
IS	127	122006	65790	56216	0
IS	128	122979	66060	56919	0
IS	129	127321	68597	58724	0
IS	130	132727	71622	61105	0
IS	131	135176	73280	61896	0
IS	132	139836	75108	64728	0
IS	133	146023	78470	67553	0
IS	134	147977	79546	68431	0
IS	135	153364	82541	70823	0
IS	136	158015	85601	72414	0
IS	137	158465	84930	73535	0
IS	138	159373	85965	73408	0
IS	139	164086	88718	75368	0
IS	140	166229	90790	75439	0
IS	141	169227	91475	77752	0
IS	142	176300	95596	80704	0
IS	143	178851	97216	81635	0
IS	144	181516	97771	83745	0
IS	145	186301	100641	85660	0
IS	146	186449	100745	85704	0
IS	147	189963	103494	86469	0
IS	148	191572	104443	87129	0
IS	149	190825	103745	87080	0
IS	150	193709	105686	88023	0
IS	151	214504	123160	91344	0
IS	152	224390	214777	9613	0
IS	153	232163	226530	5633	0
IS	154	236556	232695	3861	0
IS	155	235069	232321	2748	0
IS	156	237990	235903	2087	0
IS	157	240774	238859	1915	0
IS	158	240038	238204	1834	0
IS	159	239950	238235	1715	0
IS	160	239350	237830	1520	0
IS	161	242159	240680	1478	1
IS	162	245814	244477	1337	0
IS	163	252718	251424	1294	0
IS	164	252311	250968	1343	0
IS	165	255049	253683	1366	0
IS	166	257509	256141	1368	0
IS	167	256510	255028	1482	0
IS	168	255999	254536	1463	0
IS	169	256792	255089	1703	0
IS	170	253546	251736	1810	0
IS	171	256551	254606	1945	0
IS	172	258502	256748	1754	0
IS	173	260524	258293	2231	0
IS	174	262648	260632	2016	0
IS	175	266575	264419	2156	0
IS	176	263760	261344	2416	0
IS	177	264430	262091	2339	0
IS	178	264935	262480	2455	0
IS	179	259716	256913	2803	0
IS	180	259474	256777	2697	0
IS	181	259459	256750	2709	0
IS	182	257340	254373	2967	0
IS	183	261134	258356	2778	0
IS	184	263700	260530	3170	0
IS	185	265882	262658	3224	0
IS	186	264177	260718	3459	0
IS	187	267114	263666	3448	0
IS	188	263424	259722	3702	0
IS	189	258625	254988	3637	0
IS	190	257401	253318	4083	0
IS	191	255462	251370	4092	0
IS	192	254574	250037	4537	0
IS	193	257798	253179	4619	0
IS	194	256802	252362	4440	0
IS	195	259896	254694	5202	0
IS	196	261441	256316	5125	0
IS	197	255367	250210	5157	0
IS	198	256181	250930	5251	0
IS	199	253088	247604	5484	0
IS	200	250164	244833	5331	0
IS	201	246598	241197	5401	0
IS	202	245707	240526	5181	0
IS	203	243918	238276	5642	0
IS	204	244478	238992	5486	0
IS	205	246152	240885	5267	0
IS	206	241025	235625	5400	0
IS	207	240393	235152	5241	0
IS	208	242210	237089	5121	0
IS	209	234112	229242	4870	0
IS	210	228173	223403	4770	0
IS	211	223272	219143	4129	0
IS	212	218683	214321	4362	0
IS	213	218938	215483	3455	0
IS	214	218818	215464	3354	0
IS	215	215117	211612	3505	0
IS	216	213077	210082	2995	0
IS	217	211564	208981	2583	0
IS	218	207142	204945	2197	0
IS	219	203873	201593	2280	0
IS	220	200068	198037	2031	0
IS	221	193985	191999	1986	0
IS	222	190096	188314	1782	0
IS	223	190960	189205	1755	0
IS	224	188921	187116	1805	0
IS	225	186302	184691	1611	0
IS	226	190202	188764	1438	0
IS	227	187033	185460	1573	0
IS	228	185055	183574	1481	0
IS	229	180775	179445	1330	0
IS	230	175688	174666	1022	0
IS	231	172254	171001	1253	0
IS	232	168978	167892	1086	0
IS	233	166325	165287	1038	0
IS	234	165755	164751	1004	0
IS	235	167853	166709	1144	0
IS	236	166496	165435	1061	0
IS	237	167865	166808	1057	0
IS	238	167508	166441	1067	0
IS	239	164112	163129	983	0
IS	240	161050	159928	1122	0
IS	241	157528	156537	991	0
IS	242	152875	151833	1042	0
IS	243	151414	150381	1033	0
IS	244	151412	150376	1036	0
IS	245	149698	148798	900	0
IS	246	149374	148395	979	0
IS	247	152022	151050	972	0
IS	248	151151	150120	1031	0
IS	249	148125	147064	1061	0
IS	250	144640	143677	963	0
IS	251	139997	139025	972	0
IS	252	136733	135712	1021	0
IS	253	135475	134382	1093	0
IS	254	131769	130698	1071	0
IS	255	131945	130988	957	0
IS	256	133366	132425	941	0
IS	257	132967	132018	949	0
IS	258	133613	132625	988	0
IS	259	132750	131774	976	0
IS	260	128373	127433	940	0
IS	261	126665	125792	873	0
IS	262	123458	122519	939	0
IS	263	121405	120490	915	0
IS	264	119349	118378	971	0
IS	265	119867	118863	1004	0
IS	266	119327	118413	914	0
IS	267	120246	119258	988	0
IS	268	119346	118433	913	0
IS	269	116981	116009	972	0
IS	270	115449	114554	895	0
IS	271	113455	112523	932	0
IS	272	110497	109602	895	0
IS	273	107947	107046	901	0
IS	274	106123	105322	801	0
IS	275	106398	105524	874	0
IS	276	104207	103454	753	0
IS	277	105882	105115	767	0
IS	278	104915	104036	879	0
IS	279	104174	103367	807	0
IS	280	102876	102154	722	0
IS	281	100943	100138	805	0
IS	282	98995	98248	747	0
IS	283	96513	95832	681	0
IS	284	94668	93943	725	0
IS	285	92085	91425	660	0
IS	286	91932	91269	663	0
IS	287	91693	90974	719	0
IS	288	91980	91294	686	0
IS	289	91697	91092	605	0
IS	290	90585	90009	576	0
IS	291	89451	88852	599	0
IS	292	87642	87013	629	0
IS	293	85566	84906	660	0
IS	294	83084	82404	680	0
IS	295	82505	81882	623	0
IS	296	81599	80885	714	0
IS	297	81576	80932	644	0
IS	298	82623	81786	837	0
IS	299	80712	79928	784	0
IS	300	80356	79593	763	0
IS	301	80123	79367	756	0
IS	302	76765	75836	929	0
IS	303	75310	74469	841	0
IS	304	74232	73596	636	0
IS	305	71925	71292	633	0
IS	306	71435	70761	674	0
IS	307	70634	70036	598	0
IS	308	69469	68721	748	0
IS	309	70240	69524	716	0
IS	310	69007	68368	639	0
IS	311	67543	66919	624	0
IS	312	67679	67166	513	0
IS	313	65246	64556	690	0
IS	314	63718	62981	737	0
IS	315	62021	61346	675	0
IS	316	60948	60362	586	0
IS	317	59868	59330	538	0
IS	318	59803	59211	592	0
IS	319	59433	58800	633	0
IS	320	58829	58241	588	0
IS	321	57874	57295	579	0
IS	322	57741	57226	515	0
IS	323	55727	55175	552	0
IS	324	54484	53979	505	0
IS	325	53858	53313	545	0
IS	326	52351	51797	554	0
IS	327	51403	50897	506	0
IS	328	50389	49827	562	0
IS	329	49977	49467	510	0
IS	330	50270	49751	519	0
IS	331	50021	49459	562	0
IS	332	48902	48371	531	0
IS	333	48282	47713	569	0
IS	334	47616	47113	503	0
IS	335	45885	45384	501	0
IS	336	45420	44789	631	0
IS	337	44527	44049	478	0
IS	338	43547	43073	474	0
IS	339	43498	42932	566	0
IS	340	42907	42415	492	0
IS	341	42129	41694	435	0
IS	342	41968	41492	476	0
IS	343	42329	41786	543	0
IS	344	40057	39677	380	0
IS	345	39514	39178	336	0
IS	346	38914	38566	348	0
IS	347	37810	37471	339	0
IS	348	36736	36421	315	0
IS	349	36674	36398	276	0
IS	350	36496	36182	314	0
IS	351	36406	36046	360	0
IS	352	36013	35720	293	0
IS	353	36067	35705	362	0
IS	354	34962	34644	318	0
IS	355	34138	33774	364	0
IS	356	32868	32482	386	0
IS	357	32412	32035	377	0
IS	358	31843	31508	335	0
IS	359	31084	30795	289	0
IS	360	30832	30493	339	0
IS	361	30611	30252	359	0
IS	362	30549	30232	317	0
IS	363	30070	29763	307	0
IS	364	29789	29518	271	0
IS	365	28879	28549	330	0
IS	366	28549	28211	338	0
IS	367	28421	28071	350	0
IS	368	27322	27002	320	0
IS	369	26630	26308	322	0
IS	370	27318	26908	410	0
IS	371	26564	26250	314	0
IS	372	26518	26184	334	0
IS	373	26139	25832	307	0
IS	374	25532	25232	300	0
IS	375	24897	24647	250	0
IS	376	24384	24109	275	0
IS	377	23901	23627	274	0
IS	378	23857	23560	297	0
IS	379	23256	22934	322	0
IS	380	22909	22544	365	0
IS	381	22466	22149	317	0
IS	382	22342	22036	306	0
IS	383	22304	21953	351	0
IS	384	21382	21075	307	0
IS	385	21748	21385	363	0
IS	386	20764	20500	264	0
IS	387	20500	20231	269	0
IS	388	20268	19960	308	0
IS	389	19946	19664	282	0
IS	390	19992	19662	330	0
IS	391	19438	19136	302	0
IS	392	18887	18587	300	0
IS	393	18763	18409	354	0
IS	394	18799	18510	289	0
IS	395	18240	17940	300	0
IS	396	17812	17501	311	0
IS	397	17991	17671	320	0
IS	398	17609	17288	321	0
IS	399	16809	16470	339	0
IS	400	16656	16276	380	0
IS	401	16680	16352	328	0
IS	402	14018	13727	291	0
IS	403	13698	13394	304	0
IS	404	13485	13184	301	0
IS	405	13186	12889	297	0
IS	406	13165	12903	262	0
IS	407	12612	12372	240	0
IS	408	11957	11723	234	0
IS	409	12013	11815	198	0
IS	410	11818	11624	194	0
IS	411	11439	11244	195	0
IS	412	11147	10970	177	0
IS	413	11152	10965	187	0
IS	414	11171	10956	215	0
IS	415	11010	10834	176	0
IS	416	10660	10428	232	0
IS	417	10644	10435	209	0
IS	418	10220	10045	175	0
IS	419	10366	10159	207	0
IS	420	10498	10255	243	0
IS	421	9835	9614	221	0
IS	422	9700	9454	246	0
IS	423	9998	9828	170	0
IS	424	9219	9010	209	0
IS	425	9522	9266	256	0
IS	426	9137	8758	379	0
IS	427	9147	8817	330	0
IS	428	9292	8786	506	0
IS	429	8900	8367	533	0
IS	430	8880	8355	525	0
IS	431	8710	8033	677	0
IS	432	8545	8007	538	0
IS	433	8190	7723	467	0
IS	434	8208	7791	417	0
IS	435	8522	8119	403	0
IS	436	8544	8174	370	0
IS	437	8214	7719	495	0
IS	438	9593	7517	2076	0
IS	439	9452	7434	2018	0
IS	440	8615	7320	1295	0
IS	441	8004	7007	997	0
IS	442	7555	6594	961	0
IS	443	7139	6505	634	0
IS	444	7186	6703	483	0
IS	445	6663	6327	336	0
IS	446	6565	6265	300	0
IS	447	6761	6465	296	0
IS	448	6329	6091	238	0
IS	449	6366	6101	265	0
IS	450	6324	6024	300	0
IS	451	6139	5884	255	0
IS	452	6160	5856	304	0
IS	453	6079	5772	307	0
IS	454	5934	5670	264	0
IS	455	5850	5520	330	0
IS	456	5762	5484	278	0
IS	457	5413	5093	320	0
IS	458	5400	5254	146	0
IS	459	5016	4866	150	0
IS	460	4954	4828	126	0
IS	461	4725	4599	126	0
IS	462	4670	4548	122	0
IS	463	4724	4587	137	0
IS	464	4647	4509	138	0
IS	465	4607	4443	164	0
IS	466	4484	4340	144	0
IS	467	4433	4314	119	0
IS	468	4300	4180	120	0
IS	469	4105	3997	108	0
IS	470	4179	4077	102	0
IS	471	4022	3896	126	0
IS	472	3981	3869	112	0
IS	473	3902	3797	105	0
IS	474	3668	3555	113	0
IS	475	3988	3861	127	0
IS	476	3624	3502	122	0
IS	477	3621	3494	127	0
IS	478	3690	3579	111	0
IS	479	3724	3601	123	0
IS	480	3531	3403	128	0
IS	481	3358	3251	107	0
IS	482	3328	3214	114	0
IS	483	3212	3130	82	0
IS	484	3218	3095	123	0
IS	485	3187	3084	103	0
IS	486	3257	3128	129	0
IS	487	2983	2875	108	0
IS	488	3116	3017	99	0
IS	489	2944	2848	96	0
IS	490	2957	2858	99	0
IS	491	2871	2800	71	0
IS	492	2761	2654	107	0
# Read lengths. Use `grep ^RL | cut -f 2-` to extract this part. The columns are: read length, count
RL	35	617
RL	36	469
RL	37	569
RL	38	571
RL	39	632
RL	40	755
RL	41	615
RL	42	735
RL	43	710
RL	44	848
RL	45	1027
RL	46	1051
RL	47	1235
RL	48	1255
RL	49	1380
RL	50	1447
RL	51	1466
RL	52	1798
RL	53	1451
RL	54	1525
RL	55	1492
RL	56	1427
RL	57	1621
RL	58	1719
RL	59	2020
RL	60	2186
RL	61	2355
RL	62	2537
RL	63	2609
RL	64	2761
RL	65	2845
RL	66	2932
RL	67	3496
RL	68	3268
RL	69	4004
RL	70	4146
RL	71	4528
RL	72	4799
RL	73	5454
RL	74	5969
RL	75	6098
RL	76	6960
RL	77	7378
RL	78	8295
RL	79	9631
RL	80	9935
RL	81	11419
RL	82	12719
RL	83	13329
RL	84	15377
RL	85	16738
RL	86	18936
RL	87	19952
RL	88	22767
RL	89	23918
RL	90	27643
RL	91	30191
RL	92	32807
RL	93	37216
RL	94	40647
RL	95	43738
RL	96	46725
RL	97	52171
RL	98	54960
RL	99	60069
RL	100	66884
RL	101	72006
RL	102	77699
RL	103	86389
RL	104	89816
RL	105	98507
RL	106	105225
RL	107	111114
RL	108	117567
RL	109	128296
RL	110	134273
RL	111	144096
RL	112	157914
RL	113	162982
RL	114	173011
RL	115	183834
RL	116	190600
RL	117	204236
RL	118	210999
RL	119	218425
RL	120	229174
RL	121	240178
RL	122	252442
RL	123	258153
RL	124	276345
RL	125	280439
RL	126	288760
RL	127	300503
RL	128	303197
RL	129	312783
RL	130	325957
RL	131	333138
RL	132	345563
RL	133	362063
RL	134	370672
RL	135	379472
RL	136	391518
RL	137	395681
RL	138	399898
RL	139	415170
RL	140	424262
RL	141	438285
RL	142	464275
RL	143	494485
RL	144	501455
RL	145	561395
RL	146	684477
RL	147	762072
RL	148	475889
RL	149	486132
RL	150	481220
RL	151	72106533
# Read lengths - first fragments. Use `grep ^FRL | cut -f 2-` to extract this part. The columns are: read length, count
FRL	35	340
FRL	36	244
FRL	37	295
FRL	38	299
FRL	39	336
FRL	40	399
FRL	41	334
FRL	42	387
FRL	43	383
FRL	44	448
FRL	45	543
FRL	46	554
FRL	47	660
FRL	48	695
FRL	49	772
FRL	50	823
FRL	51	826
FRL	52	1018
FRL	53	810
FRL	54	824
FRL	55	823
FRL	56	767
FRL	57	870
FRL	58	932
FRL	59	1105
FRL	60	1175
FRL	61	1242
FRL	62	1335
FRL	63	1384
FRL	64	1446
FRL	65	1478
FRL	66	1546
FRL	67	1830
FRL	68	1742
FRL	69	2093
FRL	70	2159
FRL	71	2349
FRL	72	2452
FRL	73	2796
FRL	74	3074
FRL	75	3126
FRL	76	3575
FRL	77	3794
FRL	78	4243
FRL	79	4992
FRL	80	5105
FRL	81	5870
FRL	82	6451
FRL	83	6763
FRL	84	7792
FRL	85	8449
FRL	86	9566
FRL	87	10080
FRL	88	11464
FRL	89	12060
FRL	90	13916
FRL	91	15215
FRL	92	16494
FRL	93	18708
FRL	94	20422
FRL	95	22004
FRL	96	23515
FRL	97	26215
FRL	98	27605
FRL	99	30186
FRL	100	33598
FRL	101	36177
FRL	102	39005
FRL	103	43356
FRL	104	45087
FRL	105	49414
FRL	106	52755
FRL	107	55771
FRL	108	58997
FRL	109	64358
FRL	110	67309
FRL	111	72189
FRL	112	79135
FRL	113	81711
FRL	114	86746
FRL	115	92192
FRL	116	95581
FRL	117	102408
FRL	118	105808
FRL	119	109522
FRL	120	114924
FRL	121	120531
FRL	122	126592
FRL	123	129472
FRL	124	138596
FRL	125	140608
FRL	126	144846
FRL	127	150768
FRL	128	152143
FRL	129	156892
FRL	130	163488
FRL	131	167127
FRL	132	173449
FRL	133	181725
FRL	134	186030
FRL	135	190285
FRL	136	196366
FRL	137	198495
FRL	138	200469
FRL	139	207979
FRL	140	212336
FRL	141	218595
FRL	142	230927
FRL	143	244630
FRL	144	250741
FRL	145	278707
FRL	146	338577
FRL	147	366782
FRL	148	238009
FRL	149	243118
FRL	150	241672
FRL	151	36056505
# Read lengths - last fragments. Use `grep ^LRL | cut -f 2-` to extract this part. The columns are: read length, count
LRL	35	277
LRL	36	225
LRL	37	274
LRL	38	272
LRL	39	296
LRL	40	356
LRL	41	281
LRL	42	348
LRL	43	327
LRL	44	400
LRL	45	484
LRL	46	497
LRL	47	575
LRL	48	560
LRL	49	608
LRL	50	624
LRL	51	640
LRL	52	780
LRL	53	641
LRL	54	701
LRL	55	669
LRL	56	660
LRL	57	751
LRL	58	787
LRL	59	915
LRL	60	1011
LRL	61	1113
LRL	62	1202
LRL	63	1225
LRL	64	1315
LRL	65	1367
LRL	66	1386
LRL	67	1666
LRL	68	1526
LRL	69	1911
LRL	70	1987
LRL	71	2179
LRL	72	2347
LRL	73	2658
LRL	74	2895
LRL	75	2972
LRL	76	3385
LRL	77	3584
LRL	78	4052
LRL	79	4639
LRL	80	4830
LRL	81	5549
LRL	82	6268
LRL	83	6566
LRL	84	7585
LRL	85	8289
LRL	86	9370
LRL	87	9872
LRL	88	11303
LRL	89	11858
LRL	90	13727
LRL	91	14976
LRL	92	16313
LRL	93	18508
LRL	94	20225
LRL	95	21734
LRL	96	23210
LRL	97	25956
LRL	98	27355
LRL	99	29883
LRL	100	33286
LRL	101	35829
LRL	102	38694
LRL	103	43033
LRL	104	44729
LRL	105	49093
LRL	106	52470
LRL	107	55343
LRL	108	58570
LRL	109	63938
LRL	110	66964
LRL	111	71907
LRL	112	78779
LRL	113	81271
LRL	114	86265
LRL	115	91642
LRL	116	95019
LRL	117	101828
LRL	118	105191
LRL	119	108903
LRL	120	114250
LRL	121	119647
LRL	122	125850
LRL	123	128681
LRL	124	137749
LRL	125	139831
LRL	126	143914
LRL	127	149735
LRL	128	151054
LRL	129	155891
LRL	130	162469
LRL	131	166011
LRL	132	172114
LRL	133	180338
LRL	134	184642
LRL	135	189187
LRL	136	195152
LRL	137	197186
LRL	138	199429
LRL	139	207191
LRL	140	211926
LRL	141	219690
LRL	142	233348
LRL	143	249855
LRL	144	250714
LRL	145	282688
LRL	146	345900
LRL	147	395290
LRL	148	237880
LRL	149	243014
LRL	150	239548
LRL	151	36050028
# Mapping qualities for reads !(UNMAP|SECOND|SUPPL|QCFAIL|DUP). Use `grep ^MAPQ | cut -f 2-` to extract this part. The columns are: mapq, count
MAPQ	0	15315
MAPQ	1	98030
MAPQ	60	80169494
# Indel distribution. Use `grep ^ID | cut -f 2-` to extract this part. The columns are: length, number of insertions, number of deletions
ID	1	986119	734117
ID	2	211496	380110
ID	3	134939	125737
ID	4	37442	22656
ID	5	10548	22516
ID	6	17911	29522
ID	7	12032	24806
ID	8	10630	10378
# Indels per cycle. Use `grep ^IC | cut -f 2-` to extract this part. The columns are: cycle, number of insertions (fwd), .. (rev) , number of deletions (fwd), .. (rev)
IC	2	7	4	11	2
IC	3	1	7	5	1
IC	4	6	8	3	6
IC	5	11	17	6	10
IC	6	8	35	26	9
IC	7	11	59	22	42
IC	8	1320	877	1183	1518
IC	9	1789	1562	1982	2121
IC	10	2182	2436	1414	1279
IC	11	2797	1860	1828	2144
IC	12	3115	3232	2313	2524
IC	13	3201	2857	2842	2446
IC	14	3132	3338	3372	3310
IC	15	4288	3730	3497	4999
IC	16	3291	3503	3384	3886
IC	17	3453	5950	3355	4676
IC	18	3366	5032	3362	3813
IC	19	4143	6757	4277	9222
IC	20	4746	6368	3765	3776
IC	21	4268	4599	3901	4702
IC	22	4307	5968	3931	5685
IC	23	4585	4877	3833	4722
IC	24	5011	5121	4435	5353
IC	25	4366	6775	4066	6927
IC	26	4432	4335	4907	9056
IC	27	4610	4889	4013	5006
IC	28	4716	4397	4453	4695
IC	29	4973	4712	4311	7601
IC	30	4507	4961	4187	6834
IC	31	5031	3832	5114	5445
IC	32	4409	4523	4071	4246
IC	33	5480	4191	4363	4466
IC	34	4741	4346	4869	5568
IC	35	4825	13383	4690	5313
IC	36	4253	10259	4563	6174
IC	37	5157	6503	4180	8260
IC	38	4876	5279	5030	11122
IC	39	4273	5151	4715	8363
IC	40	4413	5170	4660	8768
IC	41	4821	5370	5061	6626
IC	42	5825	4880	6101	4962
IC	43	5316	4611	6821	4602
IC	44	4964	5422	4749	8340
IC	45	4423	5318	4660	5517
IC	46	4153	5433	4636	6543
IC	47	4955	5441	5243	5559
IC	48	4990	6697	4156	9165
IC	49	5485	5102	4613	5555
IC	50	6116	5801	4260	4210
IC	51	5461	7835	4628	6535
IC	52	7013	4584	4884	5171
IC	53	6578	6521	4157	5493
IC	54	8077	5828	4734	6591
IC	55	6252	5546	4252	5139
IC	56	6801	6864	4379	5928
IC	57	5295	5344	4390	10129
IC	58	4996	8812	4062	5934
IC	59	6175	6052	4244	6375
IC	60	5597	5559	3786	6200
IC	61	5607	5917	4984	6462
IC	62	5041	4808	8173	5703
IC	63	4868	6217	6264	6389
IC	64	6137	5915	6982	6108
IC	65	4676	6088	4840	7571
IC	66	4793	7248	4943	6827
IC	67	4273	6643	6078	7800
IC	68	5830	9125	5538	5470
IC	69	4370	6647	5879	6178
IC	70	5107	9653	5717	5641
IC	71	4901	6895	5486	4866
IC	72	4615	5971	5317	5959
IC	73	5571	7001	4436	4793
IC	74	4163	7121	6089	5179
IC	75	5944	8445	5478	4445
IC	76	5260	5386	5404	5392
IC	77	6350	6889	6157	4768
IC	78	4608	6041	6719	8737
IC	79	4641	5187	5545	4711
IC	80	6277	5538	4621	4538
IC	81	6023	5837	6498	5753
IC	82	5246	5396	4801	5001
IC	83	4847	5428	5578	5561
IC	84	6021	5010	7591	6616
IC	85	5597	11902	6946	5879
IC	86	4939	5622	5620	4539
IC	87	4955	10858	4985	5484
IC	88	4488	6677	5990	5355
IC	89	5493	5954	5304	4672
IC	90	5773	5507	5792	4616
IC	91	5081	5115	7368	5292
IC	92	8942	6603	4989	5050
IC	93	4911	5084	5624	5411
IC	94	5229	4893	4498	6425
IC	95	4954	4994	6283	4809
IC	96	5875	6762	6071	5068
IC	97	6410	5427	6576	7871
IC	98	10852	7218	7187	5066
IC	99	6836	5537	4571	6882
IC	100	5342	4648	6283	4628
IC	101	5730	7148	4891	5676
IC	102	7875	6725	5032	4906
IC	103	17669	6470	5013	4377
IC	104	8140	5163	4386	4514
IC	105	6284	5552	5672	4762
IC	106	8040	5100	4831	4974
IC	107	4938	6908	4994	4367
IC	108	6793	6072	4880	4750
IC	109	4525	6738	5195	4171
IC	110	6278	4920	4840	4872
IC	111	5046	5461	4489	6171
IC	112	5105	4586	5001	5362
IC	113	4864	5690	4762	4874
IC	114	4531	4578	5311	5735
IC	115	4547	4462	5332	5082
IC	116	4245	5107	5388	4960
IC	117	5028	4773	4225	5646
IC	118	5380	4766	5783	4991
IC	119	5127	5743	7375	5172
IC	120	4413	6132	5212	4887
IC	121	4664	7625	6424	5001
IC	122	4064	5188	5176	3466
IC	123	4217	5744	5222	4904
IC	124	5109	5894	6249	5533
IC	125	4489	4647	7350	4094
IC	126	3907	4705	4490	4448
IC	127	4023	4596	4391	3124
IC	128	4745	4329	4399	4483
IC	129	5630	4535	3629	3105
IC	130	3720	4091	4537	3634
IC	131	4199	4601	4578	4784
IC	132	3789	4241	3870	4774
IC	133	3106	4133	3613	3609
IC	134	5354	4059	3394	3382
IC	135	4315	4541	3689	3638
IC	136	4369	4125	3156	5512
IC	137	3088	5150	2367	3147
IC	138	2373	3048	2581	3032
IC	139	2427	2438	3064	1987
IC	140	1951	1575	1784	1724
IC	141	1857	1838	1429	1038
IC	142	1218	1801	1372	943
IC	143	1154	1653	1604	1008
IC	144	996	1518	42	31
IC	145	19	11	9	4
IC	146	124	17	4	3
IC	147	59	9	0	6
IC	148	6	6	3	1
IC	149	4	1	1	0
IC	150	0	1	0	0
# Coverage distribution. Use `grep ^COV | cut -f 2-` to extract this part.
COV	[1-1]	1	718261
COV	[2-2]	2	895141
COV	[3-3]	3	506935
COV	[4-4]	4	649985
COV	[5-5]	5	399453
COV	[6-6]	6	488512
COV	[7-7]	7	333022
COV	[8-8]	8	383968
COV	[9-9]	9	293383
COV	[10-10]	10	313979
COV	[11-11]	11	252783
COV	[12-12]	12	268416
COV	[13-13]	13	234209
COV	[14-14]	14	228193
COV	[15-15]	15	206757
COV	[16-16]	16	204973
COV	[17-17]	17	182946
COV	[18-18]	18	184656
COV	[19-19]	19	170597
COV	[20-20]	20	165761
COV	[21-21]	21	156895
COV	[22-22]	22	156768
COV	[23-23]	23	143990
COV	[24-24]	24	145916
COV	[25-25]	25	137500
COV	[26-26]	26	132975
COV	[27-27]	27	128828
COV	[28-28]	28	126652
COV	[29-29]	29	121422
COV	[30-30]	30	121600
COV	[31-31]	31	114536
COV	[32-32]	32	116163
COV	[33-33]	33	111800
COV	[34-34]	34	111028
COV	[35-35]	35	106532
COV	[36-36]	36	106361
COV	[37-37]	37	102065
COV	[38-38]	38	101426
COV	[39-39]	39	98803
COV	[40-40]	40	97143
COV	[41-41]	41	95346
COV	[42-42]	42	93052
COV	[43-43]	43	90829
COV	[44-44]	44	90799
COV	[45-45]	45	87984
COV	[46-46]	46	86229
COV	[47-47]	47	84642
COV	[48-48]	48	84369
COV	[49-49]	49	82006
COV	[50-50]	50	81247
COV	[51-51]	51	80496
COV	[52-52]	52	80314
COV	[53-53]	53	78247
COV	[54-54]	54	77784
COV	[55-55]	55	76573
COV	[56-56]	56	75379
COV	[57-57]	57	74303
COV	[58-58]	58	73979
COV	[59-59]	59	73129
COV	[60-60]	60	72627
COV	[61-61]	61	69670
COV	[62-62]	62	69253
COV	[63-63]	63	68674
COV	[64-64]	64	66873
COV	[65-65]	65	66937
COV	[66-66]	66	65822
COV	[67-67]	67	65179
COV	[68-68]	68	65017
COV	[69-69]	69	65037
COV	[70-70]	70	63964
COV	[71-71]	71	63452
COV	[72-72]	72	63041
COV	[73-73]	73	62739
COV	[74-74]	74	61219
COV	[75-75]	75	60266
COV	[76-76]	76	59596
COV	[77-77]	77	59476
COV	[78-78]	78	58277
COV	[79-79]	79	57310
COV	[80-80]	80	56657
COV	[81-81]	81	56760
COV	[82-82]	82	56397
COV	[83-83]	83	56130
COV	[84-84]	84	54728
COV	[85-85]	85	55174
COV	[86-86]	86	54717
COV	[87-87]	87	54004
COV	[88-88]	88	53172
COV	[89-89]	89	52684
COV	[90-90]	90	52897
COV	[91-91]	91	52542
COV	[92-92]	92	52527
COV	[93-93]	93	52180
COV	[94-94]	94	51284
COV	[95-95]	95	50796
COV	[96-96]	96	49934
COV	[97-97]	97	49727
COV	[98-98]	98	48846
COV	[99-99]	99	49718
COV	[100-100]	100	47844
COV	[101-101]	101	47660
COV	[102-102]	102	47401
COV	[103-103]	103	47209
COV	[104-104]	104	46853
COV	[105-105]	105	46611
COV	[106-106]	106	46086
COV	[107-107]	107	46115
COV	[108-108]	108	45208
COV	[109-109]	109	44389
COV	[110-110]	110	44171
COV	[111-111]	111	43922
COV	[112-112]	112	43121
COV	[113-113]	113	43381
COV	[114-114]	114	43022
COV	[115-115]	115	42819
COV	[116-116]	116	43000
COV	[117-117]	117	42720
COV	[118-118]	118	42915
COV	[119-119]	119	41804
COV	[120-120]	120	41517
COV	[121-121]	121	41797
COV	[122-122]	122	40842
COV	[123-123]	123	40476
COV	[124-124]	124	41539
COV	[125-125]	125	40218
COV	[126-126]	126	40135
COV	[127-127]	127	39710
COV	[128-128]	128	39967
COV	[129-129]	129	40065
COV	[130-130]	130	39219
COV	[131-131]	131	39362
COV	[132-132]	132	38865
COV	[133-133]	133	38768
COV	[134-134]	134	38525
COV	[135-135]	135	37852
COV	[136-136]	136	37659
COV	[137-137]	137	38135
COV	[138-138]	138	37573
COV	[139-139]	139	37336
COV	[140-140]	140	37858
COV	[141-141]	141	36939
COV	[142-142]	142	36295
COV	[143-143]	143	36136
COV	[144-144]	144	36061
COV	[145-145]	145	35492
COV	[146-146]	146	35919
COV	[147-147]	147	35171
COV	[148-148]	148	35473
COV	[149-149]	149	34944
COV	[150-150]	150	35031
COV	[151-151]	151	34726
COV	[152-152]	152	34586
COV	[153-153]	153	33542
COV	[154-154]	154	33887
COV	[155-155]	155	33580
COV	[156-156]	156	33261
COV	[157-157]	157	33149
COV	[158-158]	158	33029
COV	[159-159]	159	32965
COV	[160-160]	160	32563
COV	[161-161]	161	32194
COV	[162-162]	162	32481
COV	[163-163]	163	32042
COV	[164-164]	164	32688
COV	[165-165]	165	31568
COV	[166-166]	166	31559
COV	[167-167]	167	31514
COV	[168-168]	168	30724
COV	[169-169]	169	30932
COV	[170-170]	170	30865
COV	[171-171]	171	30761
COV	[172-172]	172	30561
COV	[173-173]	173	30568
COV	[174-174]	174	30546
COV	[175-175]	175	30814
COV	[176-176]	176	30266
COV	[177-177]	177	29780
COV	[178-178]	178	29751
COV	[179-179]	179	29878
COV	[180-180]	180	29427
COV	[181-181]	181	29035
COV	[182-182]	182	29788
COV	[183-183]	183	28633
COV	[184-184]	184	28487
COV	[185-185]	185	28560
COV	[186-186]	186	28571
COV	[187-187]	187	28030
COV	[188-188]	188	28448
COV	[189-189]	189	28052
COV	[190-190]	190	27895
COV	[191-191]	191	27630
COV	[192-192]	192	27249
COV	[193-193]	193	27178
COV	[194-194]	194	26770
COV	[195-195]	195	26381
COV	[196-196]	196	26795
COV	[197-197]	197	26320
COV	[198-198]	198	26190
COV	[199-199]	199	26337
COV	[200-200]	200	25977
COV	[201-201]	201	26167
COV	[202-202]	202	25694
COV	[203-203]	203	25994
COV	[204-204]	204	25622
COV	[205-205]	205	25562
COV	[206-206]	206	25591
COV	[207-207]	207	25587
COV	[208-208]	208	25646
COV	[209-209]	209	25245
COV	[210-210]	210	24884
COV	[211-211]	211	24550
COV	[212-212]	212	24600
COV	[213-213]	213	24834
COV	[214-214]	214	24400
COV	[215-215]	215	24722
COV	[216-216]	216	24212
COV	[217-217]	217	24368
COV	[218-218]	218	23890
COV	[219-219]	219	23879
COV	[220-220]	220	23888
COV	[221-221]	221	23802
COV	[222-222]	222	23757
COV	[223-223]	223	23578
COV	[224-224]	224	23611
COV	[225-225]	225	23500
COV	[226-226]	226	23525
COV	[227-227]	227	23488
COV	[228-228]	228	23466
COV	[229-229]	229	23419
COV	[230-230]	230	23105
COV	[231-231]	231	22905
COV	[232-232]	232	22432
COV	[233-233]	233	22701
COV	[234-234]	234	22504
COV	[235-235]	235	22758
COV	[236-236]	236	22246
COV	[237-237]	237	22347
COV	[238-238]	238	22053
COV	[239-239]	239	21835
COV	[240-240]	240	21813
COV	[241-241]	241	21755
COV	[242-242]	242	21631
COV	[243-243]	243	21554
COV	[244-244]	244	21586
COV	[245-245]	245	21341
COV	[246-246]	246	21219
COV	[247-247]	247	21066
COV	[248-248]	248	20841
COV	[249-249]	249	20837
COV	[250-250]	250	20724
COV	[251-251]	251	20912
COV	[252-252]	252	20747
COV	[253-253]	253	20833
COV	[254-254]	254	20660
COV	[255-255]	255	20219
COV	[256-256]	256	20562
COV	[257-257]	257	19922
COV	[258-258]	258	20307
COV	[259-259]	259	20022
COV	[260-260]	260	19912
COV	[261-261]	261	19657
COV	[262-262]	262	19563
COV	[263-263]	263	19763
COV	[264-264]	264	19327
COV	[265-265]	265	19472
COV	[266-266]	266	19151
COV	[267-267]	267	18986
COV	[268-268]	268	19233
COV	[269-269]	269	18880
COV	[270-270]	270	18967
COV	[271-271]	271	18723
COV	[272-272]	272	19123
COV	[273-273]	273	18859
COV	[274-274]	274	18450
COV	[275-275]	275	18326
COV	[276-276]	276	18756
COV	[277-277]	277	18617
COV	[278-278]	278	18221
COV	[279-279]	279	18410
COV	[280-280]	280	18020
COV	[281-281]	281	17980
COV	[282-282]	282	18146
COV	[283-283]	283	18043
COV	[284-284]	284	17775
COV	[285-285]	285	17758
COV	[286-286]	286	17716
COV	[287-287]	287	17448
COV	[288-288]	288	17774
COV	[289-289]	289	17713
COV	[290-290]	290	17481
COV	[291-291]	291	17429
COV	[292-292]	292	17366
COV	[293-293]	293	17237
COV	[294-294]	294	17374
COV	[295-295]	295	17072
COV	[296-296]	296	17006
COV	[297-297]	297	17351
COV	[298-298]	298	17086
COV	[299-299]	299	17138
COV	[300-300]	300	16568
COV	[301-301]	301	16584
COV	[302-302]	302	16266
COV	[303-303]	303	16131
COV	[304-304]	304	15965
COV	[305-305]	305	16143
COV	[306-306]	306	16426
COV	[307-307]	307	16169
COV	[308-308]	308	16210
COV	[309-309]	309	16198
COV	[310-310]	310	15936
COV	[311-311]	311	16010
COV	[312-312]	312	15852
COV	[313-313]	313	15696
COV	[314-314]	314	15569
COV	[315-315]	315	16128
COV	[316-316]	316	15798
COV	[317-317]	317	15628
COV	[318-318]	318	15602
COV	[319-319]	319	15246
COV	[320-320]	320	15290
COV	[321-321]	321	15521
COV	[322-322]	322	15407
COV	[323-323]	323	15183
COV	[324-324]	324	15341
COV	[325-325]	325	15626
COV	[326-326]	326	15460
COV	[327-327]	327	15239
COV	[328-328]	328	15026
COV	[329-329]	329	15336
COV	[330-330]	330	15045
COV	[331-331]	331	15029
COV	[332-332]	332	15051
COV	[333-333]	333	14948
COV	[334-334]	334	14636
COV	[335-335]	335	14630
COV	[336-336]	336	14602
COV	[337-337]	337	14300
COV	[338-338]	338	14697
COV	[339-339]	339	14369
COV	[340-340]	340	14526
COV	[341-341]	341	14137
COV	[342-342]	342	14434
COV	[343-343]	343	14142
COV	[344-344]	344	14280
COV	[345-345]	345	14214
COV	[346-346]	346	14165
COV	[347-347]	347	14096
COV	[348-348]	348	13888
COV	[349-349]	349	13639
COV	[350-350]	350	13984
COV	[351-351]	351	13772
COV	[352-352]	352	14009
COV	[353-353]	353	13517
COV	[354-354]	354	13657
COV	[355-355]	355	13659
COV	[356-356]	356	13592
COV	[357-357]	357	13122
COV	[358-358]	358	13390
COV	[359-359]	359	13205
COV	[360-360]	360	13341
COV	[361-361]	361	13395
COV	[362-362]	362	13008
COV	[363-363]	363	13194
COV	[364-364]	364	13112
COV	[365-365]	365	13175
COV	[366-366]	366	12898
COV	[367-367]	367	12927
COV	[368-368]	368	12719
COV	[369-369]	369	13012
COV	[370-370]	370	12822
COV	[371-371]	371	12730
COV	[372-372]	372	12676
COV	[373-373]	373	12590
COV	[374-374]	374	12795
COV	[375-375]	375	12541
COV	[376-376]	376	12519
COV	[377-377]	377	12318
COV	[378-378]	378	12391
COV	[379-379]	379	12135
COV	[380-380]	380	12303
COV	[381-381]	381	12127
COV	[382-382]	382	11972
COV	[383-383]	383	12100
COV	[384-384]	384	12252
COV	[385-385]	385	12131
COV	[386-386]	386	12087
COV	[387-387]	387	11897
COV	[388-388]	388	11890
COV	[389-389]	389	11926
COV	[390-390]	390	11987
COV	[391-391]	391	11819
COV	[392-392]	392	11669
COV	[393-393]	393	11754
COV	[394-394]	394	11640
COV	[395-395]	395	11719
COV	[396-396]	396	11578
COV	[397-397]	397	11532
COV	[398-398]	398	11701
COV	[399-399]	399	11772
COV	[400-400]	400	11633
COV	[401-401]	401	11583
COV	[402-402]	402	11602
COV	[403-403]	403	11498
COV	[404-404]	404	11227
COV	[405-405]	405	11224
COV	[406-406]	406	11318
COV	[407-407]	407	11278
COV	[408-408]	408	11245
COV	[409-409]	409	11333
COV	[410-410]	410	11057
COV	[411-411]	411	10909
COV	[412-412]	412	10915
COV	[413-413]	413	11197
COV	[414-414]	414	10984
COV	[415-415]	415	10865
COV	[416-416]	416	10866
COV	[417-417]	417	10937
COV	[418-418]	418	10668
COV	[419-419]	419	10836
COV	[420-420]	420	10923
COV	[421-421]	421	10768
COV	[422-422]	422	10645
COV	[423-423]	423	10658
COV	[424-424]	424	10418
COV	[425-425]	425	10535
COV	[426-426]	426	10325
COV	[427-427]	427	10146
COV	[428-428]	428	10426
COV	[429-429]	429	10448
COV	[430-430]	430	10280
COV	[431-431]	431	10147
COV	[432-432]	432	10195
COV	[433-433]	433	10079
COV	[434-434]	434	10078
COV	[435-435]	435	10052
COV	[436-436]	436	10106
COV	[437-437]	437	10027
COV	[438-438]	438	10181
COV	[439-439]	439	10064
COV	[440-440]	440	9981
COV	[441-441]	441	10051
COV	[442-442]	442	10083
COV	[443-443]	443	10007
COV	[444-444]	444	9762
COV	[445-445]	445	9788
COV	[446-446]	446	9764
COV	[447-447]	447	9487
COV	[448-448]	448	9682
COV	[449-449]	449	9804
COV	[450-450]	450	9657
COV	[451-451]	451	9477
COV	[452-452]	452	9828
COV	[453-453]	453	9540
COV	[454-454]	454	9421
COV	[455-455]	455	9419
COV	[456-456]	456	9613
COV	[457-457]	457	9374
COV	[458-458]	458	9369
COV	[459-459]	459	9333
COV	[460-460]	460	9431
COV	[461-461]	461	9231
COV	[462-462]	462	9313
COV	[463-463]	463	9343
COV	[464-464]	464	9212
COV	[465-465]	465	9135
COV	[466-466]	466	9113
COV	[467-467]	467	9148
COV	[468-468]	468	8914
COV	[469-469]	469	8851
COV	[470-470]	470	9161
COV	[471-471]	471	8886
COV	[472-472]	472	8893
COV	[473-473]	473	8953
COV	[474-474]	474	8824
COV	[475-475]	475	8841
COV	[476-476]	476	8904
COV	[477-477]	477	8787
COV	[478-478]	478	8854
COV	[479-479]	479	8908
COV	[480-480]	480	8578
COV	[481-481]	481	8606
COV	[482-482]	482	8734
COV	[483-483]	483	8644
COV	[484-484]	484	8492
COV	[485-485]	485	8562
COV	[486-486]	486	8448
COV	[487-487]	487	8421
COV	[488-488]	488	8423
COV	[489-489]	489	8286
COV	[490-490]	490	8431
COV	[491-491]	491	8381
COV	[492-492]	492	8577
COV	[493-493]	493	8384
COV	[494-494]	494	8485
COV	[495-495]	495	8468
COV	[496-496]	496	8261
COV	[497-497]	497	8680
COV	[498-498]	498	8130
COV	[499-499]	499	8311
COV	[500-500]	500	8296
COV	[501-501]	501	8414
COV	[502-502]	502	8365
COV	[503-503]	503	8244
COV	[504-504]	504	8109
COV	[505-505]	505	8021
COV	[506-506]	506	8081
COV	[507-507]	507	8030
COV	[508-508]	508	7928
COV	[509-509]	509	8244
COV	[510-510]	510	8056
COV	[511-511]	511	7778
COV	[512-512]	512	8244
COV	[513-513]	513	7994
COV	[514-514]	514	7754
COV	[515-515]	515	7922
COV	[516-516]	516	7953
COV	[517-517]	517	7993
COV	[518-518]	518	7759
COV	[519-519]	519	7925
COV	[520-520]	520	7805
COV	[521-521]	521	7939
COV	[522-522]	522	7720
COV	[523-523]	523	7993
COV	[524-524]	524	7644
COV	[525-525]	525	7835
COV	[526-526]	526	7637
COV	[527-527]	527	7565
COV	[528-528]	528	7506
COV	[529-529]	529	7534
COV	[530-530]	530	7403
COV	[531-531]	531	7392
COV	[532-532]	532	7438
COV	[533-533]	533	7536
COV	[534-534]	534	7466
COV	[535-535]	535	7327
COV	[536-536]	536	7350
COV	[537-537]	537	7482
COV	[538-538]	538	7292
COV	[539-539]	539	7193
COV	[540-540]	540	7294
COV	[541-541]	541	7340
COV	[542-542]	542	7149
COV	[543-543]	543	7331
COV	[544-544]	544	7162
COV	[545-545]	545	6940
COV	[546-546]	546	7164
COV	[547-547]	547	7137
COV	[548-548]	548	7082
COV	[549-549]	549	6998
COV	[550-550]	550	7107
COV	[551-551]	551	6965
COV	[552-552]	552	6951
COV	[553-553]	553	7008
COV	[554-554]	554	6888
COV	[555-555]	555	6992
COV	[556-556]	556	6856
COV	[557-557]	557	6962
COV	[558-558]	558	6800
COV	[559-559]	559	6802
COV	[560-560]	560	6710
COV	[561-561]	561	6854
COV	[562-562]	562	6704
COV	[563-563]	563	6716
COV	[564-564]	564	6799
COV	[565-565]	565	6863
COV	[566-566]	566	6671
COV	[567-567]	567	6517
COV	[568-568]	568	6788
COV	[569-569]	569	6849
COV	[570-570]	570	6787
COV	[571-571]	571	6771
COV	[572-572]	572	6652
COV	[573-573]	573	6553
COV	[574-574]	574	6619
COV	[575-575]	575	6598
COV	[576-576]	576	6828
COV	[577-577]	577	6698
COV	[578-578]	578	6546
COV	[579-579]	579	6735
COV	[580-580]	580	6593
COV	[581-581]	581	6469
COV	[582-582]	582	6507
COV	[583-583]	583	6360
COV	[584-584]	584	6249
COV	[585-585]	585	6325
COV	[586-586]	586	6401
COV	[587-587]	587	6319
COV	[588-588]	588	6097
COV	[589-589]	589	6316
COV	[590-590]	590	6294
COV	[591-591]	591	6256
COV	[592-592]	592	6222
COV	[593-593]	593	6026
COV	[594-594]	594	6250
COV	[595-595]	595	6203
COV	[596-596]	596	6000
COV	[597-597]	597	6196
COV	[598-598]	598	6192
COV	[599-599]	599	6302
COV	[600-600]	600	6051
COV	[601-601]	601	5966
COV	[602-602]	602	6070
COV	[603-603]	603	6014
COV	[604-604]	604	6187
COV	[605-605]	605	6088
COV	[606-606]	606	5969
COV	[607-607]	607	5969
COV	[608-608]	608	5853
COV	[609-609]	609	5936
COV	[610-610]	610	5895
COV	[611-611]	611	5870
COV	[612-612]	612	5994
COV	[613-613]	613	5900
COV	[614-614]	614	5949
COV	[615-615]	615	6020
COV	[616-616]	616	5979
COV	[617-617]	617	6026
COV	[618-618]	618	5795
COV	[619-619]	619	5818
COV	[620-620]	620	5935
COV	[621-621]	621	5651
COV	[622-622]	622	5716
COV	[623-623]	623	5818
COV	[624-624]	624	5722
COV	[625-625]	625	5710
COV	[626-626]	626	5703
COV	[627-627]	627	5586
COV	[628-628]	628	5673
COV	[629-629]	629	5578
COV	[630-630]	630	5592
COV	[631-631]	631	5534
COV	[632-632]	632	5545
COV	[633-633]	633	5666
COV	[634-634]	634	5509
COV	[635-635]	635	5483
COV	[636-636]	636	5483
COV	[637-637]	637	5432
COV	[638-638]	638	5549
COV	[639-639]	639	5391
COV	[640-640]	640	5413
COV	[641-641]	641	5509
COV	[642-642]	642	5460
COV	[643-643]	643	5516
COV	[644-644]	644	5464
COV	[645-645]	645	5361
COV	[646-646]	646	5368
COV	[647-647]	647	5342
COV	[648-648]	648	5272
COV	[649-649]	649	5221
COV	[650-650]	650	5410
COV	[651-651]	651	5331
COV	[652-652]	652	5375
COV	[653-653]	653	5215
COV	[654-654]	654	5304
COV	[655-655]	655	5261
COV	[656-656]	656	5252
COV	[657-657]	657	5330
COV	[658-658]	658	5244
COV	[659-659]	659	5118
COV	[660-660]	660	5114
COV	[661-661]	661	5149
COV	[662-662]	662	5259
COV	[663-663]	663	5178
COV	[664-664]	664	5163
COV	[665-665]	665	5145
COV	[666-666]	666	5058
COV	[667-667]	667	5070
COV	[668-668]	668	5057
COV	[669-669]	669	5193
COV	[670-670]	670	5107
COV	[671-671]	671	5099
COV	[672-672]	672	4877
COV	[673-673]	673	4946
COV	[674-674]	674	4935
COV	[675-675]	675	5041
COV	[676-676]	676	5201
COV	[677-677]	677	4992
COV	[678-678]	678	5057
COV	[679-679]	679	5081
COV	[680-680]	680	4941
COV	[681-681]	681	5084
COV	[682-682]	682	5011
COV	[683-683]	683	5065
COV	[684-684]	684	4983
COV	[685-685]	685	4873
COV	[686-686]	686	4900
COV	[687-687]	687	4893
COV	[688-688]	688	4955
COV	[689-689]	689	4823
COV	[690-690]	690	4924
COV	[691-691]	691	4920
COV	[692-692]	692	4754
COV	[693-693]	693	4741
COV	[694-694]	694	4899
COV	[695-695]	695	4787
COV	[696-696]	696	4780
COV	[697-697]	697	4606
COV	[698-698]	698	4802
COV	[699-699]	699	4664
COV	[700-700]	700	4733
COV	[701-701]	701	4766
COV	[702-702]	702	4704
COV	[703-703]	703	4780
COV	[704-704]	704	4609
COV	[705-705]	705	4772
COV	[706-706]	706	4672
COV	[707-707]	707	4601
COV	[708-708]	708	4568
COV	[709-709]	709	4610
COV	[710-710]	710	4612
COV	[711-711]	711	4631
COV	[712-712]	712	4591
COV	[713-713]	713	4659
COV	[714-714]	714	4487
COV	[715-715]	715	4533
COV	[716-716]	716	4579
COV	[717-717]	717	4563
COV	[718-718]	718	4437
COV	[719-719]	719	4515
COV	[720-720]	720	4488
COV	[721-721]	721	4480
COV	[722-722]	722	4531
COV	[723-723]	723	4488
COV	[724-724]	724	4336
COV	[725-725]	725	4383
COV	[726-726]	726	4488
COV	[727-727]	727	4389
COV	[728-728]	728	4479
COV	[729-729]	729	4553
COV	[730-730]	730	4379
COV	[731-731]	731	4319
COV	[732-732]	732	4365
COV	[733-733]	733	4360
COV	[734-734]	734	4335
COV	[735-735]	735	4287
COV	[736-736]	736	4380
COV	[737-737]	737	4308
COV	[738-738]	738	4406
COV	[739-739]	739	4216
COV	[740-740]	740	4335
COV	[741-741]	741	4317
COV	[742-742]	742	4327
COV	[743-743]	743	4280
COV	[744-744]	744	4134
COV	[745-745]	745	4202
COV	[746-746]	746	4407
COV	[747-747]	747	4218
COV	[748-748]	748	4329
COV	[749-749]	749	4237
COV	[750-750]	750	4166
COV	[751-751]	751	4241
COV	[752-752]	752	4103
COV	[753-753]	753	4148
COV	[754-754]	754	4258
COV	[755-755]	755	3969
COV	[756-756]	756	4113
COV	[757-757]	757	4087
COV	[758-758]	758	3986
COV	[759-759]	759	4024
COV	[760-760]	760	3984
COV	[761-761]	761	4151
COV	[762-762]	762	3960
COV	[763-763]	763	3954
COV	[764-764]	764	4012
COV	[765-765]	765	3999
COV	[766-766]	766	4038
COV	[767-767]	767	4045
COV	[768-768]	768	4045
COV	[769-769]	769	4041
COV	[770-770]	770	3836
COV	[771-771]	771	4081
COV	[772-772]	772	3889
COV	[773-773]	773	4033
COV	[774-774]	774	4061
COV	[775-775]	775	3992
COV	[776-776]	776	3863
COV	[777-777]	777	4011
COV	[778-778]	778	3944
COV	[779-779]	779	3994
COV	[780-780]	780	3843
COV	[781-781]	781	3780
COV	[782-782]	782	3753
COV	[783-783]	783	3814
COV	[784-784]	784	3860
COV	[785-785]	785	3941
COV	[786-786]	786	3780
COV	[787-787]	787	3822
COV	[788-788]	788	3892
COV	[789-789]	789	3906
COV	[790-790]	790	3646
COV	[791-791]	791	3811
COV	[792-792]	792	3752
COV	[793-793]	793	3726
COV	[794-794]	794	3851
COV	[795-795]	795	3813
COV	[796-796]	796	3745
COV	[797-797]	797	3783
COV	[798-798]	798	3731
COV	[799-799]	799	3881
COV	[800-800]	800	3774
COV	[801-801]	801	3767
COV	[802-802]	802	3664
COV	[803-803]	803	3646
COV	[804-804]	804	3610
COV	[805-805]	805	3501
COV	[806-806]	806	3609
COV	[807-807]	807	3564
COV	[808-808]	808	3660
COV	[809-809]	809	3601
COV	[810-810]	810	3577
COV	[811-811]	811	3634
COV	[812-812]	812	3717
COV	[813-813]	813	3583
COV	[814-814]	814	3465
COV	[815-815]	815	3619
COV	[816-816]	816	3532
COV	[817-817]	817	3638
COV	[818-818]	818	3470
COV	[819-819]	819	3606
COV	[820-820]	820	3468
COV	[821-821]	821	3465
COV	[822-822]	822	3500
COV	[823-823]	823	3551
COV	[824-824]	824	3470
COV	[825-825]	825	3424
COV	[826-826]	826	3510
COV	[827-827]	827	3385
COV	[828-828]	828	3371
COV	[829-829]	829	3376
COV	[830-830]	830	3444
COV	[831-831]	831	3332
COV	[832-832]	832	3361
COV	[833-833]	833	3366
COV	[834-834]	834	3398
COV	[835-835]	835	3367
COV	[836-836]	836	3298
COV	[837-837]	837	3235
COV	[838-838]	838	3309
COV	[839-839]	839	3294
COV	[840-840]	840	3468
COV	[841-841]	841	3366
COV	[842-842]	842	3252
COV	[843-843]	843	3188
COV	[844-844]	844	3298
COV	[845-845]	845	3328
COV	[846-846]	846	3197
COV	[847-847]	847	3245
COV	[848-848]	848	3286
COV	[849-849]	849	3237
COV	[850-850]	850	3166
COV	[851-851]	851	3214
COV	[852-852]	852	3201
COV	[853-853]	853	3102
COV	[854-854]	854	3179
COV	[855-855]	855	3230
COV	[856-856]	856	3164
COV	[857-857]	857	3251
COV	[858-858]	858	3230
COV	[859-859]	859	3209
COV	[860-860]	860	3139
COV	[861-861]	861	3286
COV	[862-862]	862	3055
COV	[863-863]	863	3121
COV	[864-864]	864	3181
COV	[865-865]	865	3101
COV	[866-866]	866	3139
COV	[867-867]	867	3092
COV	[868-868]	868	3118
COV	[869-869]	869	3218
COV	[870-870]	870	3116
COV	[871-871]	871	3126
COV	[872-872]	872	3136
COV	[873-873]	873	3084
COV	[874-874]	874	3132
COV	[875-875]	875	3191
COV	[876-876]	876	3125
COV	[877-877]	877	3035
COV	[878-878]	878	3152
COV	[879-879]	879	2990
COV	[880-880]	880	3053
COV	[881-881]	881	3077
COV	[882-882]	882	3079
COV	[883-883]	883	2917
COV	[884-884]	884	2897
COV	[885-885]	885	2853
COV	[886-886]	886	3030
COV	[887-887]	887	2967
COV	[888-888]	888	3062
COV	[889-889]	889	2892
COV	[890-890]	890	3003
COV	[891-891]	891	2932
COV	[892-892]	892	2907
COV	[893-893]	893	2948
COV	[894-894]	894	2976
COV	[895-895]	895	2903
COV	[896-896]	896	2866
COV	[897-897]	897	2885
COV	[898-898]	898	2898
COV	[899-899]	899	3044
COV	[900-900]	900	2957
COV	[901-901]	901	2940
COV	[902-902]	902	2944
COV	[903-903]	903	2811
COV	[904-904]	904	2940
COV	[905-905]	905	2916
COV	[906-906]	906	2832
COV	[907-907]	907	2862
COV	[908-908]	908	2960
COV	[909-909]	909	2937
COV	[910-910]	910	2898
COV	[911-911]	911	2857
COV	[912-912]	912	2853
COV	[913-913]	913	2959
COV	[914-914]	914	2763
COV	[915-915]	915	2846
COV	[916-916]	916	2850
COV	[917-917]	917	2836
COV	[918-918]	918	2808
COV	[919-919]	919	2705
COV	[920-920]	920	2743
COV	[921-921]	921	2826
COV	[922-922]	922	2740
COV	[923-923]	923	2818
COV	[924-924]	924	2780
COV	[925-925]	925	2810
COV	[926-926]	926	2755
COV	[927-927]	927	2738
COV	[928-928]	928	2790
COV	[929-929]	929	2647
COV	[930-930]	930	2599
COV	[931-931]	931	2771
COV	[932-932]	932	2662
COV	[933-933]	933	2629
COV	[934-934]	934	2695
COV	[935-935]	935	2716
COV	[936-936]	936	2673
COV	[937-937]	937	2592
COV	[938-938]	938	2732
COV	[939-939]	939	2720
COV	[940-940]	940	2613
COV	[941-941]	941	2631
COV	[942-942]	942	2667
COV	[943-943]	943	2717
COV	[944-944]	944	2693
COV	[945-945]	945	2596
COV	[946-946]	946	2651
COV	[947-947]	947	2703
COV	[948-948]	948	2619
COV	[949-949]	949	2597
COV	[950-950]	950	2709
COV	[951-951]	951	2565
COV	[952-952]	952	2596
COV	[953-953]	953	2637
COV	[954-954]	954	2625
COV	[955-955]	955	2636
COV	[956-956]	956	2581
COV	[957-957]	957	2532
COV	[958-958]	958	2616
COV	[959-959]	959	2577
COV	[960-960]	960	2512
COV	[961-961]	961	2493
COV	[962-962]	962	2538
COV	[963-963]	963	2516
COV	[964-964]	964	2570
COV	[965-965]	965	2538
COV	[966-966]	966	2543
COV	[967-967]	967	2507
COV	[968-968]	968	2557
COV	[969-969]	969	2600
COV	[970-970]	970	2565
COV	[971-971]	971	2528
COV	[972-972]	972	2575
COV	[973-973]	973	2422
COV	[974-974]	974	2496
COV	[975-975]	975	2391
COV	[976-976]	976	2546
COV	[977-977]	977	2596
COV	[978-978]	978	2500
COV	[979-979]	979	2594
COV	[980-980]	980	2504
COV	[981-981]	981	2506
COV	[982-982]	982	2474
COV	[983-983]	983	2449
COV	[984-984]	984	2458
COV	[985-985]	985	2526
COV	[986-986]	986	2415
COV	[987-987]	987	2493
COV	[988-988]	988	2415
COV	[989-989]	989	2552
COV	[990-990]	990	2394
COV	[991-991]	991	2443
COV	[992-992]	992	2409
COV	[993-993]	993	2406
COV	[994-994]	994	2449
COV	[995-995]	995	2367
COV	[996-996]	996	2389
COV	[997-997]	997	2443
COV	[998-998]	998	2390
COV	[999-999]	999	2321
COV	[1000-1000]	1000	2404
COV	[1000<]	1000	2089622
# GC-depth. Use `grep ^GCD | cut -f 2-` to extract this part. The columns are: GC%, unique sequence percentiles, 10th, 25th, 50th, 75th and 90th depth percentile
GCD	0.0	0.128	0.000	0.000	0.000	0.000	0.000
GCD	33.0	0.192	0.029	0.029	0.029	0.029	0.029
GCD	37.0	0.320	0.088	0.088	0.111	0.133	0.133
GCD	43.0	0.384	0.538	0.538	0.538	0.538	0.538
GCD	44.0	0.576	0.037	0.037	2.822	9.181	9.181
GCD	45.0	0.768	6.720	6.720	1663.315	2382.326	2382.326
GCD	46.0	1.152	32.377	75.599	161.632	697.263	1203.579
GCD	47.0	2.367	14.162	103.343	238.113	446.576	1563.147
GCD	48.0	4.990	34.051	97.412	196.326	412.946	852.844
GCD	49.0	9.981	54.946	143.491	308.737	548.014	1068.680
GCD	50.0	19.770	71.287	154.694	324.678	583.700	968.444
GCD	51.0	34.165	98.736	145.598	266.799	458.141	679.481
GCD	52.0	56.686	90.277	146.978	260.138	404.595	615.020
GCD	53.0	76.775	80.298	131.401	207.571	347.274	584.864
GCD	54.0	90.403	62.951	125.106	180.049	327.965	763.277
GCD	55.0	97.377	53.584	100.635	175.061	320.346	857.539
GCD	56.0	99.424	65.932	116.691	174.619	461.709	687.285
GCD	57.0	99.936	27.809	59.748	160.143	305.762	1445.428
GCD	58.0	100.000	43.364	43.364	43.364	43.364	43.364
