# This file was produced by samtools stats (1.19.2+htslib-1.19) and can be plotted using plot-bamstats
# This file contains statistics for all reads.
# The command line was:  stats -@ 4 155_ophiostoma.sorted.bam
# CHK, Checksum	[2]Read Names	[3]Sequences	[4]Qualities
# CHK, CRC32 of reads which passed filtering followed by addition (32bit overflow)
CHK	b2cd98b3	2b5e84f4	b035f4bf
# Summary Numbers. Use `grep ^SN | cut -f 2-` to extract this part.
SN	raw total sequences:	106192446	# excluding supplementary and secondary reads
SN	filtered sequences:	0
SN	sequences:	106192446
SN	is sorted:	1
SN	1st fragments:	53096223
SN	last fragments:	53096223
SN	reads mapped:	96451226
SN	reads mapped and paired:	93761320	# paired-end technology bit set + both mates mapped
SN	reads unmapped:	9741220
SN	reads properly paired:	92371668	# proper-pair bit set
SN	reads paired:	106192446	# paired-end technology bit set
SN	reads duplicated:	0	# PCR or optical duplicate bit set
SN	reads MQ0:	20927	# mapped and MQ=0
SN	reads QC failed:	0
SN	non-primary alignments:	209736
SN	supplementary alignments:	0
SN	total length:	15629282352	# ignores clipping
SN	total first fragment length:	7813904409	# ignores clipping
SN	total last fragment length:	7815377943	# ignores clipping
SN	bases mapped:	14193412119	# ignores clipping
SN	bases mapped (cigar):	14155957870	# more accurate
SN	bases trimmed:	0
SN	bases duplicated:	0
SN	mismatches:	65885355	# from NM fields
SN	error rate:	4.654249e-03	# mismatches / bases mapped (cigar)
SN	average length:	147
SN	average first fragment length:	147
SN	average last fragment length:	147
SN	maximum length:	151
SN	maximum first fragment length:	151
SN	maximum last fragment length:	151
SN	average quality:	35.8
SN	insert size average:	216.5
SN	insert size standard deviation:	70.4
SN	inward oriented pairs:	42197799
SN	outward oriented pairs:	4075403
SN	pairs with other orientation:	52096
SN	pairs on different chromosomes:	555362
SN	percentage of properly paired reads (%):	87.0
# First Fragment Qualities. Use `grep ^FFQ | cut -f 2-` to extract this part.
# Columns correspond to qualities and rows to cycles. First column is the cycle number.
FFQ	1	0	0	0	0	0	0	0	0	0	0	0	597570	0	0	0	0	0	0	0	0	0	0	0	0	0	1146714	0	0	0	0	0	0	0	0	0	0	0	51351939	0
FFQ	2	0	0	5	0	0	0	0	0	0	0	0	632290	0	0	0	0	0	0	0	0	0	0	0	0	0	1405044	0	0	0	0	0	0	0	0	0	0	0	51058884	0
FFQ	3	0	0	42	0	0	0	0	0	0	0	0	562208	0	0	0	0	0	0	0	0	0	0	0	0	0	1388286	0	0	0	0	0	0	0	0	0	0	0	51145687	0
FFQ	4	0	0	22307	0	0	0	0	0	0	0	0	460948	0	0	0	0	0	0	0	0	0	0	0	0	0	1269681	0	0	0	0	0	0	0	0	0	0	0	51343287	0
FFQ	5	0	0	227	0	0	0	0	0	0	0	0	469831	0	0	0	0	0	0	0	0	0	0	0	0	0	1295208	0	0	0	0	0	0	0	0	0	0	0	51330957	0
FFQ	6	0	0	0	0	0	0	0	0	0	0	0	481567	0	0	0	0	0	0	0	0	0	0	0	0	0	1344708	0	0	0	0	0	0	0	0	0	0	0	51269948	0
FFQ	7	0	0	0	0	0	0	0	0	0	0	0	483468	0	0	0	0	0	0	0	0	0	0	0	0	0	1313708	0	0	0	0	0	0	0	0	0	0	0	51299047	0
FFQ	8	0	0	0	0	0	0	0	0	0	0	0	431096	0	0	0	0	0	0	0	0	0	0	0	0	0	1216517	0	0	0	0	0	0	0	0	0	0	0	51448610	0
FFQ	9	0	0	0	0	0	0	0	0	0	0	0	415888	0	0	0	0	0	0	0	0	0	0	0	0	0	1175822	0	0	0	0	0	0	0	0	0	0	0	51504513	0
FFQ	10	0	0	0	0	0	0	0	0	0	0	0	424199	0	0	0	0	0	0	0	0	0	0	0	0	0	1251425	0	0	0	0	0	0	0	0	0	0	0	51420599	0
FFQ	11	0	0	0	0	0	0	0	0	0	0	0	426555	0	0	0	0	0	0	0	0	0	0	0	0	0	1215835	0	0	0	0	0	0	0	0	0	0	0	51453833	0
FFQ	12	0	0	0	0	0	0	0	0	0	0	0	445641	0	0	0	0	0	0	0	0	0	0	0	0	0	1261469	0	0	0	0	0	0	0	0	0	0	0	51389113	0
FFQ	13	0	0	13	0	0	0	0	0	0	0	0	457365	0	0	0	0	0	0	0	0	0	0	0	0	0	1301014	0	0	0	0	0	0	0	0	0	0	0	51337831	0
FFQ	14	0	0	0	0	0	0	0	0	0	0	0	450171	0	0	0	0	0	0	0	0	0	0	0	0	0	1292797	0	0	0	0	0	0	0	0	0	0	0	51353255	0
FFQ	15	0	0	0	0	0	0	0	0	0	0	0	439100	0	0	0	0	0	0	0	0	0	0	0	0	0	1268151	0	0	0	0	0	0	0	0	0	0	0	51388972	0
FFQ	16	0	0	149	0	0	0	0	0	0	0	0	448010	0	0	0	0	0	0	0	0	0	0	0	0	0	1262485	0	0	0	0	0	0	0	0	0	0	0	51385579	0
FFQ	17	0	0	0	0	0	0	0	0	0	0	0	440817	0	0	0	0	0	0	0	0	0	0	0	0	0	1264409	0	0	0	0	0	0	0	0	0	0	0	51390997	0
FFQ	18	0	0	0	0	0	0	0	0	0	0	0	456155	0	0	0	0	0	0	0	0	0	0	0	0	0	1292547	0	0	0	0	0	0	0	0	0	0	0	51347521	0
FFQ	19	0	0	0	0	0	0	0	0	0	0	0	454606	0	0	0	0	0	0	0	0	0	0	0	0	0	1273013	0	0	0	0	0	0	0	0	0	0	0	51368604	0
FFQ	20	0	0	0	0	0	0	0	0	0	0	0	448087	0	0	0	0	0	0	0	0	0	0	0	0	0	1278452	0	0	0	0	0	0	0	0	0	0	0	51369684	0
FFQ	21	0	0	0	0	0	0	0	0	0	0	0	468357	0	0	0	0	0	0	0	0	0	0	0	0	0	1310451	0	0	0	0	0	0	0	0	0	0	0	51317415	0
FFQ	22	0	0	0	0	0	0	0	0	0	0	0	473451	0	0	0	0	0	0	0	0	0	0	0	0	0	1331582	0	0	0	0	0	0	0	0	0	0	0	51291190	0
FFQ	23	0	0	0	0	0	0	0	0	0	0	0	484433	0	0	0	0	0	0	0	0	0	0	0	0	0	1355139	0	0	0	0	0	0	0	0	0	0	0	51256651	0
FFQ	24	0	0	0	0	0	0	0	0	0	0	0	500893	0	0	0	0	0	0	0	0	0	0	0	0	0	1389517	0	0	0	0	0	0	0	0	0	0	0	51205813	0
FFQ	25	0	0	0	0	0	0	0	0	0	0	0	507766	0	0	0	0	0	0	0	0	0	0	0	0	0	1392123	0	0	0	0	0	0	0	0	0	0	0	51196334	0
FFQ	26	0	0	0	0	0	0	0	0	0	0	0	556275	0	0	0	0	0	0	0	0	0	0	0	0	0	1414696	0	0	0	0	0	0	0	0	0	0	0	51125252	0
FFQ	27	0	0	0	0	0	0	0	0	0	0	0	580611	0	0	0	0	0	0	0	0	0	0	0	0	0	1454355	0	0	0	0	0	0	0	0	0	0	0	51061257	0
FFQ	28	0	0	0	0	0	0	0	0	0	0	0	578090	0	0	0	0	0	0	0	0	0	0	0	0	0	1443115	0	0	0	0	0	0	0	0	0	0	0	51075018	0
FFQ	29	0	0	0	0	0	0	0	0	0	0	0	589375	0	0	0	0	0	0	0	0	0	0	0	0	0	1458542	0	0	0	0	0	0	0	0	0	0	0	51048306	0
FFQ	30	0	0	0	0	0	0	0	0	0	0	0	595910	0	0	0	0	0	0	0	0	0	0	0	0	0	1481293	0	0	0	0	0	0	0	0	0	0	0	51019020	0
FFQ	31	0	0	0	0	0	0	0	0	0	0	0	601741	0	0	0	0	0	0	0	0	0	0	0	0	0	1477020	0	0	0	0	0	0	0	0	0	0	0	51017462	0
FFQ	32	0	0	0	0	0	0	0	0	0	0	0	605568	0	0	0	0	0	0	0	0	0	0	0	0	0	1492304	0	0	0	0	0	0	0	0	0	0	0	50998351	0
FFQ	33	0	0	0	0	0	0	0	0	0	0	0	639439	0	0	0	0	0	0	0	0	0	0	0	0	0	1532013	0	0	0	0	0	0	0	0	0	0	0	50924771	0
FFQ	34	0	0	0	0	0	0	0	0	0	0	0	633457	0	0	0	0	0	0	0	0	0	0	0	0	0	1529015	0	0	0	0	0	0	0	0	0	0	0	50933751	0
FFQ	35	0	0	0	0	0	0	0	0	0	0	0	677017	0	0	0	0	0	0	0	0	0	0	0	0	0	1605519	0	0	0	0	0	0	0	0	0	0	0	50813687	0
FFQ	36	0	0	0	0	0	0	0	0	0	0	0	685874	0	0	0	0	0	0	0	0	0	0	0	0	0	1627520	0	0	0	0	0	0	0	0	0	0	0	50782297	0
FFQ	37	0	0	0	0	0	0	0	0	0	0	0	666647	0	0	0	0	0	0	0	0	0	0	0	0	0	1578745	0	0	0	0	0	0	0	0	0	0	0	50849899	0
FFQ	38	0	0	0	0	0	0	0	0	0	0	0	666166	0	0	0	0	0	0	0	0	0	0	0	0	0	1579399	0	0	0	0	0	0	0	0	0	0	0	50849344	0
FFQ	39	0	0	0	0	0	0	0	0	0	0	0	663634	0	0	0	0	0	0	0	0	0	0	0	0	0	1573942	0	0	0	0	0	0	0	0	0	0	0	50856909	0
FFQ	40	0	0	0	0	0	0	0	0	0	0	0	668095	0	0	0	0	0	0	0	0	0	0	0	0	0	1573650	0	0	0	0	0	0	0	0	0	0	0	50852305	0
FFQ	41	0	0	2	0	0	0	0	0	0	0	0	695611	0	0	0	0	0	0	0	0	0	0	0	0	0	1622154	0	0	0	0	0	0	0	0	0	0	0	50775852	0
FFQ	42	0	0	0	0	0	0	0	0	0	0	0	695679	0	0	0	0	0	0	0	0	0	0	0	0	0	1630409	0	0	0	0	0	0	0	0	0	0	0	50767042	0
FFQ	43	0	0	0	0	0	0	0	0	0	0	0	702799	0	0	0	0	0	0	0	0	0	0	0	0	0	1631985	0	0	0	0	0	0	0	0	0	0	0	50757822	0
FFQ	44	0	0	0	0	0	0	0	0	0	0	0	710278	0	0	0	0	0	0	0	0	0	0	0	0	0	1643980	0	0	0	0	0	0	0	0	0	0	0	50737898	0
FFQ	45	0	0	0	0	0	0	0	0	0	0	0	761390	0	0	0	0	0	0	0	0	0	0	0	0	0	1741634	0	0	0	0	0	0	0	0	0	0	0	50588530	0
FFQ	46	0	0	0	0	0	0	0	0	0	0	0	775750	0	0	0	0	0	0	0	0	0	0	0	0	0	1755316	0	0	0	0	0	0	0	0	0	0	0	50559737	0
FFQ	47	0	0	0	0	0	0	0	0	0	0	0	778846	0	0	0	0	0	0	0	0	0	0	0	0	0	1755272	0	0	0	0	0	0	0	0	0	0	0	50555940	0
FFQ	48	0	0	0	0	0	0	0	0	0	0	0	780295	0	0	0	0	0	0	0	0	0	0	0	0	0	1766771	0	0	0	0	0	0	0	0	0	0	0	50542173	0
FFQ	49	0	0	0	0	0	0	0	0	0	0	0	750144	0	0	0	0	0	0	0	0	0	0	0	0	0	1702585	0	0	0	0	0	0	0	0	0	0	0	50635620	0
FFQ	50	0	0	0	0	0	0	0	0	0	0	0	750336	0	0	0	0	0	0	0	0	0	0	0	0	0	1708437	0	0	0	0	0	0	0	0	0	0	0	50628573	0
FFQ	51	0	0	5	0	0	0	0	0	0	0	0	807213	0	0	0	0	0	0	0	0	0	0	0	0	0	1795040	0	0	0	0	0	0	0	0	0	0	0	50483892	0
FFQ	52	0	0	0	0	0	0	0	0	0	0	0	812045	0	0	0	0	0	0	0	0	0	0	0	0	0	1795700	0	0	0	0	0	0	0	0	0	0	0	50477264	0
FFQ	53	0	0	0	0	0	0	0	0	0	0	0	801884	0	0	0	0	0	0	0	0	0	0	0	0	0	1791696	0	0	0	0	0	0	0	0	0	0	0	50490180	0
FFQ	54	0	0	0	0	0	0	0	0	0	0	0	806755	0	0	0	0	0	0	0	0	0	0	0	0	0	1801796	0	0	0	0	0	0	0	0	0	0	0	50474115	0
FFQ	55	0	0	0	0	0	0	0	0	0	0	0	824844	0	0	0	0	0	0	0	0	0	0	0	0	0	1826808	0	0	0	0	0	0	0	0	0	0	0	50429962	0
FFQ	56	0	0	0	0	0	0	0	0	0	0	0	863237	0	0	0	0	0	0	0	0	0	0	0	0	0	1882389	0	0	0	0	0	0	0	0	0	0	0	50334785	0
FFQ	57	0	0	0	0	0	0	0	0	0	0	0	871442	0	0	0	0	0	0	0	0	0	0	0	0	0	1891140	0	0	0	0	0	0	0	0	0	0	0	50316797	0
FFQ	58	0	0	0	0	0	0	0	0	0	0	0	853608	0	0	0	0	0	0	0	0	0	0	0	0	0	1860792	0	0	0	0	0	0	0	0	0	0	0	50363818	0
FFQ	59	0	0	1	0	0	0	0	0	0	0	0	842014	0	0	0	0	0	0	0	0	0	0	0	0	0	1843154	0	0	0	0	0	0	0	0	0	0	0	50391779	0
FFQ	60	0	0	0	0	0	0	0	0	0	0	0	872404	0	0	0	0	0	0	0	0	0	0	0	0	0	1887784	0	0	0	0	0	0	0	0	0	0	0	50315405	0
FFQ	61	0	0	1	0	0	0	0	0	0	0	0	832249	0	0	0	0	0	0	0	0	0	0	0	0	0	1806518	0	0	0	0	0	0	0	0	0	0	0	50435275	0
FFQ	62	0	0	1	0	0	0	0	0	0	0	0	829897	0	0	0	0	0	0	0	0	0	0	0	0	0	1821615	0	0	0	0	0	0	0	0	0	0	0	50420953	0
FFQ	63	0	0	0	0	0	0	0	0	0	0	0	892867	0	0	0	0	0	0	0	0	0	0	0	0	0	1918939	0	0	0	0	0	0	0	0	0	0	0	50258921	0
FFQ	64	0	0	5	0	0	0	0	0	0	0	0	885905	0	0	0	0	0	0	0	0	0	0	0	0	0	1900860	0	0	0	0	0	0	0	0	0	0	0	50282069	0
FFQ	65	0	0	70	0	0	0	0	0	0	0	0	875071	0	0	0	0	0	0	0	0	0	0	0	0	0	1881906	0	0	0	0	0	0	0	0	0	0	0	50309931	0
FFQ	66	0	0	0	0	0	0	0	0	0	0	0	904665	0	0	0	0	0	0	0	0	0	0	0	0	0	1919483	0	0	0	0	0	0	0	0	0	0	0	50241055	0
FFQ	67	0	0	791	0	0	0	0	0	0	0	0	930506	0	0	0	0	0	0	0	0	0	0	0	0	0	1967696	0	0	0	0	0	0	0	0	0	0	0	50164299	0
FFQ	68	0	0	1	0	0	0	0	0	0	0	0	939298	0	0	0	0	0	0	0	0	0	0	0	0	0	1981784	0	0	0	0	0	0	0	0	0	0	0	50139941	0
FFQ	69	0	0	7	0	0	0	0	0	0	0	0	979131	0	0	0	0	0	0	0	0	0	0	0	0	0	2042392	0	0	0	0	0	0	0	0	0	0	0	50037014	0
FFQ	70	0	0	244	0	0	0	0	0	0	0	0	991657	0	0	0	0	0	0	0	0	0	0	0	0	0	2058563	0	0	0	0	0	0	0	0	0	0	0	50005232	0
FFQ	71	0	0	1	0	0	0	0	0	0	0	0	971021	0	0	0	0	0	0	0	0	0	0	0	0	0	2027334	0	0	0	0	0	0	0	0	0	0	0	50054386	0
FFQ	72	0	0	2	0	0	0	0	0	0	0	0	977364	0	0	0	0	0	0	0	0	0	0	0	0	0	2030374	0	0	0	0	0	0	0	0	0	0	0	50041916	0
FFQ	73	0	0	232	0	0	0	0	0	0	0	0	1005637	0	0	0	0	0	0	0	0	0	0	0	0	0	2061288	0	0	0	0	0	0	0	0	0	0	0	49978995	0
FFQ	74	0	0	55	0	0	0	0	0	0	0	0	1005982	0	0	0	0	0	0	0	0	0	0	0	0	0	2070280	0	0	0	0	0	0	0	0	0	0	0	49965954	0
FFQ	75	0	0	124	0	0	0	0	0	0	0	0	992162	0	0	0	0	0	0	0	0	0	0	0	0	0	2046097	0	0	0	0	0	0	0	0	0	0	0	49999798	0
FFQ	76	0	0	90	0	0	0	0	0	0	0	0	996728	0	0	0	0	0	0	0	0	0	0	0	0	0	2046622	0	0	0	0	0	0	0	0	0	0	0	49990364	0
FFQ	77	0	0	460	0	0	0	0	0	0	0	0	1066302	0	0	0	0	0	0	0	0	0	0	0	0	0	2136393	0	0	0	0	0	0	0	0	0	0	0	49825927	0
FFQ	78	0	0	89	0	0	0	0	0	0	0	0	1068723	0	0	0	0	0	0	0	0	0	0	0	0	0	2153260	0	0	0	0	0	0	0	0	0	0	0	49801738	0
FFQ	79	0	0	159	0	0	0	0	0	0	0	0	1026992	0	0	0	0	0	0	0	0	0	0	0	0	0	2070701	0	0	0	0	0	0	0	0	0	0	0	49920304	0
FFQ	80	0	0	30	0	0	0	0	0	0	0	0	1014844	0	0	0	0	0	0	0	0	0	0	0	0	0	2057243	0	0	0	0	0	0	0	0	0	0	0	49939497	0
FFQ	81	0	0	56	0	0	0	0	0	0	0	0	1070241	0	0	0	0	0	0	0	0	0	0	0	0	0	2137942	0	0	0	0	0	0	0	0	0	0	0	49796212	0
FFQ	82	0	0	77	0	0	0	0	0	0	0	0	1065660	0	0	0	0	0	0	0	0	0	0	0	0	0	2127448	0	0	0	0	0	0	0	0	0	0	0	49803178	0
FFQ	83	0	0	37	0	0	0	0	0	0	0	0	1032871	0	0	0	0	0	0	0	0	0	0	0	0	0	2084391	0	0	0	0	0	0	0	0	0	0	0	49870081	0
FFQ	84	0	0	413	0	0	0	0	0	0	0	0	1051041	0	0	0	0	0	0	0	0	0	0	0	0	0	2115035	0	0	0	0	0	0	0	0	0	0	0	49811179	0
FFQ	85	0	0	386	0	0	0	0	0	0	0	0	1120263	0	0	0	0	0	0	0	0	0	0	0	0	0	2204510	0	0	0	0	0	0	0	0	0	0	0	49641663	0
FFQ	86	0	0	2	0	0	0	0	0	0	0	0	1139725	0	0	0	0	0	0	0	0	0	0	0	0	0	2232243	0	0	0	0	0	0	0	0	0	0	0	49582877	0
FFQ	87	0	0	1	0	0	0	0	0	0	0	0	1090067	0	0	0	0	0	0	0	0	0	0	0	0	0	2161268	0	0	0	0	0	0	0	0	0	0	0	49690454	0
FFQ	88	0	0	3	0	0	0	0	0	0	0	0	1095818	0	0	0	0	0	0	0	0	0	0	0	0	0	2160354	0	0	0	0	0	0	0	0	0	0	0	49671896	0
FFQ	89	0	0	15	0	0	0	0	0	0	0	0	1106404	0	0	0	0	0	0	0	0	0	0	0	0	0	2174314	0	0	0	0	0	0	0	0	0	0	0	49631896	0
FFQ	90	0	0	0	0	0	0	0	0	0	0	0	1124799	0	0	0	0	0	0	0	0	0	0	0	0	0	2198577	0	0	0	0	0	0	0	0	0	0	0	49572504	0
FFQ	91	0	0	0	0	0	0	0	0	0	0	0	1171559	0	0	0	0	0	0	0	0	0	0	0	0	0	2265338	0	0	0	0	0	0	0	0	0	0	0	49440257	0
FFQ	92	0	0	135	0	0	0	0	0	0	0	0	1207972	0	0	0	0	0	0	0	0	0	0	0	0	0	2307673	0	0	0	0	0	0	0	0	0	0	0	49340820	0
FFQ	93	0	0	10	0	0	0	0	0	0	0	0	1254041	0	0	0	0	0	0	0	0	0	0	0	0	0	2368446	0	0	0	0	0	0	0	0	0	0	0	49211185	0
FFQ	94	0	0	1	0	0	0	0	0	0	0	0	1285006	0	0	0	0	0	0	0	0	0	0	0	0	0	2399074	0	0	0	0	0	0	0	0	0	0	0	49123750	0
FFQ	95	0	0	109	0	0	0	0	0	0	0	0	1233104	0	0	0	0	0	0	0	0	0	0	0	0	0	2340398	0	0	0	0	0	0	0	0	0	0	0	49206085	0
FFQ	96	0	0	3	0	0	0	0	0	0	0	0	1263519	0	0	0	0	0	0	0	0	0	0	0	0	0	2380480	0	0	0	0	0	0	0	0	0	0	0	49105032	0
FFQ	97	0	0	52	0	0	0	0	0	0	0	0	1247753	0	0	0	0	0	0	0	0	0	0	0	0	0	2351724	0	0	0	0	0	0	0	0	0	0	0	49116275	0
FFQ	98	0	0	0	0	0	0	0	0	0	0	0	1258532	0	0	0	0	0	0	0	0	0	0	0	0	0	2370528	0	0	0	0	0	0	0	0	0	0	0	49050983	0
FFQ	99	0	0	3	0	0	0	0	0	0	0	0	1316616	0	0	0	0	0	0	0	0	0	0	0	0	0	2444260	0	0	0	0	0	0	0	0	0	0	0	48881592	0
FFQ	100	0	0	583	0	0	0	0	0	0	0	0	1313935	0	0	0	0	0	0	0	0	0	0	0	0	0	2431281	0	0	0	0	0	0	0	0	0	0	0	48855023	0
FFQ	101	0	0	879	0	0	0	0	0	0	0	0	1234327	0	0	0	0	0	0	0	0	0	0	0	0	0	2327500	0	0	0	0	0	0	0	0	0	0	0	48992272	0
FFQ	102	0	0	28	0	0	0	0	0	0	0	0	1278092	0	0	0	0	0	0	0	0	0	0	0	0	0	2386792	0	0	0	0	0	0	0	0	0	0	0	48840865	0
FFQ	103	0	0	3	0	0	0	0	0	0	0	0	1290972	0	0	0	0	0	0	0	0	0	0	0	0	0	2403404	0	0	0	0	0	0	0	0	0	0	0	48758230	0
FFQ	104	0	0	0	0	0	0	0	0	0	0	0	1269010	0	0	0	0	0	0	0	0	0	0	0	0	0	2365810	0	0	0	0	0	0	0	0	0	0	0	48758022	0
FFQ	105	0	0	17	0	0	0	0	0	0	0	0	1337673	0	0	0	0	0	0	0	0	0	0	0	0	0	2453410	0	0	0	0	0	0	0	0	0	0	0	48539456	0
FFQ	106	0	0	2	0	0	0	0	0	0	0	0	1347294	0	0	0	0	0	0	0	0	0	0	0	0	0	2459092	0	0	0	0	0	0	0	0	0	0	0	48457408	0
FFQ	107	0	0	0	0	0	0	0	0	0	0	0	1343608	0	0	0	0	0	0	0	0	0	0	0	0	0	2464663	0	0	0	0	0	0	0	0	0	0	0	48383621	0
FFQ	108	0	0	11	0	0	0	0	0	0	0	0	1375464	0	0	0	0	0	0	0	0	0	0	0	0	0	2501494	0	0	0	0	0	0	0	0	0	0	0	48240212	0
FFQ	109	0	0	0	0	0	0	0	0	0	0	0	1378173	0	0	0	0	0	0	0	0	0	0	0	0	0	2497501	0	0	0	0	0	0	0	0	0	0	0	48162219	0
FFQ	110	0	0	1	0	0	0	0	0	0	0	0	1385198	0	0	0	0	0	0	0	0	0	0	0	0	0	2506033	0	0	0	0	0	0	0	0	0	0	0	48061808	0
FFQ	111	0	0	2	0	0	0	0	0	0	0	0	1419438	0	0	0	0	0	0	0	0	0	0	0	0	0	2547346	0	0	0	0	0	0	0	0	0	0	0	47897132	0
FFQ	112	0	0	4	0	0	0	0	0	0	0	0	1376409	0	0	0	0	0	0	0	0	0	0	0	0	0	2489484	0	0	0	0	0	0	0	0	0	0	0	47903219	0
FFQ	113	0	0	3	0	0	0	0	0	0	0	0	1367343	0	0	0	0	0	0	0	0	0	0	0	0	0	2470515	0	0	0	0	0	0	0	0	0	0	0	47828998	0
FFQ	114	0	0	1	0	0	0	0	0	0	0	0	1390874	0	0	0	0	0	0	0	0	0	0	0	0	0	2510476	0	0	0	0	0	0	0	0	0	0	0	47657912	0
FFQ	115	0	0	1	0	0	0	0	0	0	0	0	1392689	0	0	0	0	0	0	0	0	0	0	0	0	0	2507127	0	0	0	0	0	0	0	0	0	0	0	47546466	0
FFQ	116	0	0	0	0	0	0	0	0	0	0	0	1446751	0	0	0	0	0	0	0	0	0	0	0	0	0	2572700	0	0	0	0	0	0	0	0	0	0	0	47306005	0
FFQ	117	0	0	791	0	0	0	0	0	0	0	0	1487431	0	0	0	0	0	0	0	0	0	0	0	0	0	2622674	0	0	0	0	0	0	0	0	0	0	0	47090652	0
FFQ	118	0	0	0	0	0	0	0	0	0	0	0	1485535	0	0	0	0	0	0	0	0	0	0	0	0	0	2613161	0	0	0	0	0	0	0	0	0	0	0	46974290	0
FFQ	119	0	0	142	0	0	0	0	0	0	0	0	1460519	0	0	0	0	0	0	0	0	0	0	0	0	0	2568862	0	0	0	0	0	0	0	0	0	0	0	46910355	0
FFQ	120	0	0	1	0	0	0	0	0	0	0	0	1478071	0	0	0	0	0	0	0	0	0	0	0	0	0	2605589	0	0	0	0	0	0	0	0	0	0	0	46719800	0
FFQ	121	0	0	0	0	0	0	0	0	0	0	0	1457436	0	0	0	0	0	0	0	0	0	0	0	0	0	2564860	0	0	0	0	0	0	0	0	0	0	0	46638724	0
FFQ	122	0	0	0	0	0	0	0	0	0	0	0	1467325	0	0	0	0	0	0	0	0	0	0	0	0	0	2570474	0	0	0	0	0	0	0	0	0	0	0	46473545	0
FFQ	123	0	0	0	0	0	0	0	0	0	0	0	1515907	0	0	0	0	0	0	0	0	0	0	0	0	0	2625234	0	0	0	0	0	0	0	0	0	0	0	46215177	0
FFQ	124	0	0	251	0	0	0	0	0	0	0	0	1497274	0	0	0	0	0	0	0	0	0	0	0	0	0	2606301	0	0	0	0	0	0	0	0	0	0	0	46089056	0
FFQ	125	0	0	0	0	0	0	0	0	0	0	0	1489487	0	0	0	0	0	0	0	0	0	0	0	0	0	2586658	0	0	0	0	0	0	0	0	0	0	0	45945662	0
FFQ	126	0	0	0	0	0	0	0	0	0	0	0	1518115	0	0	0	0	0	0	0	0	0	0	0	0	0	2629424	0	0	0	0	0	0	0	0	0	0	0	45699282	0
FFQ	127	0	0	0	0	0	0	0	0	0	0	0	1582087	0	0	0	0	0	0	0	0	0	0	0	0	0	2686079	0	0	0	0	0	0	0	0	0	0	0	45398394	0
FFQ	128	0	0	0	0	0	0	0	0	0	0	0	1564810	0	0	0	0	0	0	0	0	0	0	0	0	0	2665156	0	0	0	0	0	0	0	0	0	0	0	45248899	0
FFQ	129	0	0	0	0	0	0	0	0	0	0	0	1551060	0	0	0	0	0	0	0	0	0	0	0	0	0	2647220	0	0	0	0	0	0	0	0	0	0	0	45092486	0
FFQ	130	0	0	0	0	0	0	0	0	0	0	0	1535671	0	0	0	0	0	0	0	0	0	0	0	0	0	2617284	0	0	0	0	0	0	0	0	0	0	0	44946563	0
FFQ	131	0	0	0	0	0	0	0	0	0	0	0	1495836	0	0	0	0	0	0	0	0	0	0	0	0	0	2588435	0	0	0	0	0	0	0	0	0	0	0	44817505	0
FFQ	132	0	0	0	0	0	0	0	0	0	0	0	1549101	0	0	0	0	0	0	0	0	0	0	0	0	0	2640731	0	0	0	0	0	0	0	0	0	0	0	44508099	0
FFQ	133	0	0	0	0	0	0	0	0	0	0	0	1605176	0	0	0	0	0	0	0	0	0	0	0	0	0	2681610	0	0	0	0	0	0	0	0	0	0	0	44200994	0
FFQ	134	0	0	0	0	0	0	0	0	0	0	0	1604521	0	0	0	0	0	0	0	0	0	0	0	0	0	2689766	0	0	0	0	0	0	0	0	0	0	0	43973197	0
FFQ	135	0	0	0	0	0	0	0	0	0	0	0	1628821	0	0	0	0	0	0	0	0	0	0	0	0	0	2713681	0	0	0	0	0	0	0	0	0	0	0	43698040	0
FFQ	136	0	0	0	0	0	0	0	0	0	0	0	1607943	0	0	0	0	0	0	0	0	0	0	0	0	0	2684507	0	0	0	0	0	0	0	0	0	0	0	43517517	0
FFQ	137	0	0	130	0	0	0	0	0	0	0	0	1616799	0	0	0	0	0	0	0	0	0	0	0	0	0	2694591	0	0	0	0	0	0	0	0	0	0	0	43260311	0
FFQ	138	0	0	175	0	0	0	0	0	0	0	0	1666081	0	0	0	0	0	0	0	0	0	0	0	0	0	2741123	0	0	0	0	0	0	0	0	0	0	0	42924844	0
FFQ	139	0	0	0	0	0	0	0	0	0	0	0	1625793	0	0	0	0	0	0	0	0	0	0	0	0	0	2694379	0	0	0	0	0	0	0	0	0	0	0	42768905	0
FFQ	140	0	0	0	0	0	0	0	0	0	0	0	1640981	0	0	0	0	0	0	0	0	0	0	0	0	0	2715847	0	0	0	0	0	0	0	0	0	0	0	42483593	0
FFQ	141	0	0	0	0	0	0	0	0	0	0	0	1682171	0	0	0	0	0	0	0	0	0	0	0	0	0	2749602	0	0	0	0	0	0	0	0	0	0	0	42155788	0
FFQ	142	0	0	9	0	0	0	0	0	0	0	0	1670468	0	0	0	0	0	0	0	0	0	0	0	0	0	2727133	0	0	0	0	0	0	0	0	0	0	0	41931400	0
FFQ	143	0	0	0	0	0	0	0	0	0	0	0	1618604	0	0	0	0	0	0	0	0	0	0	0	0	0	2676848	0	0	0	0	0	0	0	0	0	0	0	41761080	0
FFQ	144	0	0	0	0	0	0	0	0	0	0	0	1573233	0	0	0	0	0	0	0	0	0	0	0	0	0	2647429	0	0	0	0	0	0	0	0	0	0	0	41549446	0
FFQ	145	0	0	0	0	0	0	0	0	0	0	0	1635269	0	0	0	0	0	0	0	0	0	0	0	0	0	2712953	0	0	0	0	0	0	0	0	0	0	0	41124866	0
FFQ	146	0	0	0	0	0	0	0	0	0	0	0	1603074	0	0	0	0	0	0	0	0	0	0	0	0	0	2684819	0	0	0	0	0	0	0	0	0	0	0	40855957	0
FFQ	147	0	0	0	0	0	0	0	0	0	0	0	1542570	0	0	0	0	0	0	0	0	0	0	0	0	0	2645962	0	0	0	0	0	0	0	0	0	0	0	40549067	0
FFQ	148	0	0	0	0	0	0	0	0	0	0	0	1400889	0	0	0	0	0	0	0	0	0	0	0	0	0	2609004	0	0	0	0	0	0	0	0	0	0	0	40293123	0
FFQ	149	0	0	0	0	0	0	0	0	0	0	0	1374579	0	0	0	0	0	0	0	0	0	0	0	0	0	2568192	0	0	0	0	0	0	0	0	0	0	0	40080384	0
FFQ	150	0	0	0	0	0	0	0	0	0	0	0	1431424	0	0	0	0	0	0	0	0	0	0	0	0	0	2618110	0	0	0	0	0	0	0	0	0	0	0	39688869	0
FFQ	151	0	0	0	0	0	0	0	0	0	0	0	1733253	0	0	0	0	0	0	0	0	0	0	0	0	0	2986462	0	0	0	0	0	0	0	0	0	0	0	38735950	0
# Last Fragment Qualities. Use `grep ^LFQ | cut -f 2-` to extract this part.
# Columns correspond to qualities and rows to cycles. First column is the cycle number.
LFQ	1	0	0	0	0	0	0	0	0	0	0	0	1155361	0	0	0	0	0	0	0	0	0	0	0	0	0	2476307	0	0	0	0	0	0	0	0	0	0	0	49464555	0
LFQ	2	0	0	315	0	0	0	0	0	0	0	0	1047462	0	0	0	0	0	0	0	0	0	0	0	0	0	2243612	0	0	0	0	0	0	0	0	0	0	0	49804834	0
LFQ	3	0	0	1298	0	0	0	0	0	0	0	0	934600	0	0	0	0	0	0	0	0	0	0	0	0	0	2033750	0	0	0	0	0	0	0	0	0	0	0	50126575	0
LFQ	4	0	0	1062	0	0	0	0	0	0	0	0	866143	0	0	0	0	0	0	0	0	0	0	0	0	0	1962613	0	0	0	0	0	0	0	0	0	0	0	50266405	0
LFQ	5	0	0	2	0	0	0	0	0	0	0	0	887304	0	0	0	0	0	0	0	0	0	0	0	0	0	1951552	0	0	0	0	0	0	0	0	0	0	0	50257365	0
LFQ	6	0	0	4	0	0	0	0	0	0	0	0	950973	0	0	0	0	0	0	0	0	0	0	0	0	0	2087598	0	0	0	0	0	0	0	0	0	0	0	50057648	0
LFQ	7	0	0	0	0	0	0	0	0	0	0	0	991556	0	0	0	0	0	0	0	0	0	0	0	0	0	2156538	0	0	0	0	0	0	0	0	0	0	0	49948129	0
LFQ	8	0	0	0	0	0	0	0	0	0	0	0	985834	0	0	0	0	0	0	0	0	0	0	0	0	0	2094043	0	0	0	0	0	0	0	0	0	0	0	50016346	0
LFQ	9	0	0	0	0	0	0	0	0	0	0	0	999959	0	0	0	0	0	0	0	0	0	0	0	0	0	2122999	0	0	0	0	0	0	0	0	0	0	0	49973265	0
LFQ	10	0	0	6771	0	0	0	0	0	0	0	0	979233	0	0	0	0	0	0	0	0	0	0	0	0	0	2124317	0	0	0	0	0	0	0	0	0	0	0	49985902	0
LFQ	11	0	0	0	0	0	0	0	0	0	0	0	913698	0	0	0	0	0	0	0	0	0	0	0	0	0	1975048	0	0	0	0	0	0	0	0	0	0	0	50207477	0
LFQ	12	0	0	0	0	0	0	0	0	0	0	0	951012	0	0	0	0	0	0	0	0	0	0	0	0	0	2023162	0	0	0	0	0	0	0	0	0	0	0	50122049	0
LFQ	13	0	0	0	0	0	0	0	0	0	0	0	959487	0	0	0	0	0	0	0	0	0	0	0	0	0	2057993	0	0	0	0	0	0	0	0	0	0	0	50078743	0
LFQ	14	0	0	1	0	0	0	0	0	0	0	0	994605	0	0	0	0	0	0	0	0	0	0	0	0	0	2118451	0	0	0	0	0	0	0	0	0	0	0	49983166	0
LFQ	15	0	0	1	0	0	0	0	0	0	0	0	962900	0	0	0	0	0	0	0	0	0	0	0	0	0	2046196	0	0	0	0	0	0	0	0	0	0	0	50087126	0
LFQ	16	0	0	2	0	0	0	0	0	0	0	0	962856	0	0	0	0	0	0	0	0	0	0	0	0	0	2041332	0	0	0	0	0	0	0	0	0	0	0	50092033	0
LFQ	17	0	0	0	0	0	0	0	0	0	0	0	993484	0	0	0	0	0	0	0	0	0	0	0	0	0	2095958	0	0	0	0	0	0	0	0	0	0	0	50006781	0
LFQ	18	0	0	0	0	0	0	0	0	0	0	0	979270	0	0	0	0	0	0	0	0	0	0	0	0	0	2072744	0	0	0	0	0	0	0	0	0	0	0	50044209	0
LFQ	19	0	0	1	0	0	0	0	0	0	0	0	967589	0	0	0	0	0	0	0	0	0	0	0	0	0	2051903	0	0	0	0	0	0	0	0	0	0	0	50076730	0
LFQ	20	0	0	27	0	0	0	0	0	0	0	0	965722	0	0	0	0	0	0	0	0	0	0	0	0	0	2055413	0	0	0	0	0	0	0	0	0	0	0	50075061	0
LFQ	21	0	0	0	0	0	0	0	0	0	0	0	945844	0	0	0	0	0	0	0	0	0	0	0	0	0	2012195	0	0	0	0	0	0	0	0	0	0	0	50138184	0
LFQ	22	0	0	0	0	0	0	0	0	0	0	0	972648	0	0	0	0	0	0	0	0	0	0	0	0	0	2062079	0	0	0	0	0	0	0	0	0	0	0	50061496	0
LFQ	23	0	0	0	0	0	0	0	0	0	0	0	993382	0	0	0	0	0	0	0	0	0	0	0	0	0	2088955	0	0	0	0	0	0	0	0	0	0	0	50013886	0
LFQ	24	0	0	0	0	0	0	0	0	0	0	0	1015983	0	0	0	0	0	0	0	0	0	0	0	0	0	2131520	0	0	0	0	0	0	0	0	0	0	0	49948720	0
LFQ	25	0	0	6	0	0	0	0	0	0	0	0	998056	0	0	0	0	0	0	0	0	0	0	0	0	0	2102475	0	0	0	0	0	0	0	0	0	0	0	49995686	0
LFQ	26	0	0	8	0	0	0	0	0	0	0	0	1050742	0	0	0	0	0	0	0	0	0	0	0	0	0	2179818	0	0	0	0	0	0	0	0	0	0	0	49865655	0
LFQ	27	0	0	166	0	0	0	0	0	0	0	0	1023374	0	0	0	0	0	0	0	0	0	0	0	0	0	2140259	0	0	0	0	0	0	0	0	0	0	0	49932424	0
LFQ	28	0	0	2	0	0	0	0	0	0	0	0	1056696	0	0	0	0	0	0	0	0	0	0	0	0	0	2183683	0	0	0	0	0	0	0	0	0	0	0	49855842	0
LFQ	29	0	0	0	0	0	0	0	0	0	0	0	1043549	0	0	0	0	0	0	0	0	0	0	0	0	0	2169681	0	0	0	0	0	0	0	0	0	0	0	49882993	0
LFQ	30	0	0	0	0	0	0	0	0	0	0	0	1080027	0	0	0	0	0	0	0	0	0	0	0	0	0	2219868	0	0	0	0	0	0	0	0	0	0	0	49796328	0
LFQ	31	0	0	0	0	0	0	0	0	0	0	0	1071662	0	0	0	0	0	0	0	0	0	0	0	0	0	2199087	0	0	0	0	0	0	0	0	0	0	0	49825474	0
LFQ	32	0	0	2135	0	0	0	0	0	0	0	0	1121085	0	0	0	0	0	0	0	0	0	0	0	0	0	2269294	0	0	0	0	0	0	0	0	0	0	0	49703709	0
LFQ	33	0	0	0	0	0	0	0	0	0	0	0	1107519	0	0	0	0	0	0	0	0	0	0	0	0	0	2252086	0	0	0	0	0	0	0	0	0	0	0	49736618	0
LFQ	34	0	0	0	0	0	0	0	0	0	0	0	1083062	0	0	0	0	0	0	0	0	0	0	0	0	0	2214711	0	0	0	0	0	0	0	0	0	0	0	49798450	0
LFQ	35	0	0	3	0	0	0	0	0	0	0	0	1122638	0	0	0	0	0	0	0	0	0	0	0	0	0	2274918	0	0	0	0	0	0	0	0	0	0	0	49698664	0
LFQ	36	0	0	5	0	0	0	0	0	0	0	0	1129898	0	0	0	0	0	0	0	0	0	0	0	0	0	2280807	0	0	0	0	0	0	0	0	0	0	0	49685112	0
LFQ	37	0	0	11	0	0	0	0	0	0	0	0	1118306	0	0	0	0	0	0	0	0	0	0	0	0	0	2261603	0	0	0	0	0	0	0	0	0	0	0	49715508	0
LFQ	38	0	0	0	0	0	0	0	0	0	0	0	1129205	0	0	0	0	0	0	0	0	0	0	0	0	0	2285006	0	0	0	0	0	0	0	0	0	0	0	49680867	0
LFQ	39	0	0	0	0	0	0	0	0	0	0	0	1132828	0	0	0	0	0	0	0	0	0	0	0	0	0	2287759	0	0	0	0	0	0	0	0	0	0	0	49674093	0
LFQ	40	0	0	0	0	0	0	0	0	0	0	0	1117165	0	0	0	0	0	0	0	0	0	0	0	0	0	2263305	0	0	0	0	0	0	0	0	0	0	0	49713772	0
LFQ	41	0	0	2668	0	0	0	0	0	0	0	0	1151132	0	0	0	0	0	0	0	0	0	0	0	0	0	2308758	0	0	0	0	0	0	0	0	0	0	0	49631265	0
LFQ	42	0	0	0	0	0	0	0	0	0	0	0	1154856	0	0	0	0	0	0	0	0	0	0	0	0	0	2312409	0	0	0	0	0	0	0	0	0	0	0	49626082	0
LFQ	43	0	0	0	0	0	0	0	0	0	0	0	1144074	0	0	0	0	0	0	0	0	0	0	0	0	0	2291466	0	0	0	0	0	0	0	0	0	0	0	49657326	0
LFQ	44	0	0	0	0	0	0	0	0	0	0	0	1192962	0	0	0	0	0	0	0	0	0	0	0	0	0	2360189	0	0	0	0	0	0	0	0	0	0	0	49539327	0
LFQ	45	0	0	2	0	0	0	0	0	0	0	0	1173131	0	0	0	0	0	0	0	0	0	0	0	0	0	2335259	0	0	0	0	0	0	0	0	0	0	0	49583550	0
LFQ	46	0	0	1	0	0	0	0	0	0	0	0	1187959	0	0	0	0	0	0	0	0	0	0	0	0	0	2357056	0	0	0	0	0	0	0	0	0	0	0	49546244	0
LFQ	47	0	0	5	0	0	0	0	0	0	0	0	1211345	0	0	0	0	0	0	0	0	0	0	0	0	0	2386492	0	0	0	0	0	0	0	0	0	0	0	49492753	0
LFQ	48	0	0	3	0	0	0	0	0	0	0	0	1200557	0	0	0	0	0	0	0	0	0	0	0	0	0	2367262	0	0	0	0	0	0	0	0	0	0	0	49522042	0
LFQ	49	0	0	3	0	0	0	0	0	0	0	0	1240916	0	0	0	0	0	0	0	0	0	0	0	0	0	2426256	0	0	0	0	0	0	0	0	0	0	0	49421999	0
LFQ	50	0	0	23	0	0	0	0	0	0	0	0	1254791	0	0	0	0	0	0	0	0	0	0	0	0	0	2442567	0	0	0	0	0	0	0	0	0	0	0	49390997	0
LFQ	51	0	0	16	0	0	0	0	0	0	0	0	1246250	0	0	0	0	0	0	0	0	0	0	0	0	0	2422589	0	0	0	0	0	0	0	0	0	0	0	49418635	0
LFQ	52	0	0	151	0	0	0	0	0	0	0	0	1245486	0	0	0	0	0	0	0	0	0	0	0	0	0	2431622	0	0	0	0	0	0	0	0	0	0	0	49409340	0
LFQ	53	0	0	5	0	0	0	0	0	0	0	0	1268109	0	0	0	0	0	0	0	0	0	0	0	0	0	2451311	0	0	0	0	0	0	0	0	0	0	0	49366302	0
LFQ	54	0	0	2	0	0	0	0	0	0	0	0	1257865	0	0	0	0	0	0	0	0	0	0	0	0	0	2434365	0	0	0	0	0	0	0	0	0	0	0	49392593	0
LFQ	55	0	0	1	0	0	0	0	0	0	0	0	1240627	0	0	0	0	0	0	0	0	0	0	0	0	0	2411997	0	0	0	0	0	0	0	0	0	0	0	49431324	0
LFQ	56	0	0	5	0	0	0	0	0	0	0	0	1281197	0	0	0	0	0	0	0	0	0	0	0	0	0	2470886	0	0	0	0	0	0	0	0	0	0	0	49330872	0
LFQ	57	0	0	88	0	0	0	0	0	0	0	0	1297424	0	0	0	0	0	0	0	0	0	0	0	0	0	2488817	0	0	0	0	0	0	0	0	0	0	0	49295749	0
LFQ	58	0	0	25	0	0	0	0	0	0	0	0	1284588	0	0	0	0	0	0	0	0	0	0	0	0	0	2478928	0	0	0	0	0	0	0	0	0	0	0	49317555	0
LFQ	59	0	0	1	0	0	0	0	0	0	0	0	1291071	0	0	0	0	0	0	0	0	0	0	0	0	0	2490489	0	0	0	0	0	0	0	0	0	0	0	49298447	0
LFQ	60	0	0	0	0	0	0	0	0	0	0	0	1336822	0	0	0	0	0	0	0	0	0	0	0	0	0	2535268	0	0	0	0	0	0	0	0	0	0	0	49206755	0
LFQ	61	0	0	0	0	0	0	0	0	0	0	0	1337883	0	0	0	0	0	0	0	0	0	0	0	0	0	2539532	0	0	0	0	0	0	0	0	0	0	0	49200076	0
LFQ	62	0	0	4772	0	0	0	0	0	0	0	0	1358201	0	0	0	0	0	0	0	0	0	0	0	0	0	2561535	0	0	0	0	0	0	0	0	0	0	0	49151602	0
LFQ	63	0	0	14	0	0	0	0	0	0	0	0	1379833	0	0	0	0	0	0	0	0	0	0	0	0	0	2586362	0	0	0	0	0	0	0	0	0	0	0	49108320	0
LFQ	64	0	0	10	0	0	0	0	0	0	0	0	1340370	0	0	0	0	0	0	0	0	0	0	0	0	0	2542494	0	0	0	0	0	0	0	0	0	0	0	49189948	0
LFQ	65	0	0	19	0	0	0	0	0	0	0	0	1329320	0	0	0	0	0	0	0	0	0	0	0	0	0	2535713	0	0	0	0	0	0	0	0	0	0	0	49206061	0
LFQ	66	0	0	0	0	0	0	0	0	0	0	0	1352874	0	0	0	0	0	0	0	0	0	0	0	0	0	2555773	0	0	0	0	0	0	0	0	0	0	0	49160850	0
LFQ	67	0	0	0	0	0	0	0	0	0	0	0	1379227	0	0	0	0	0	0	0	0	0	0	0	0	0	2590245	0	0	0	0	0	0	0	0	0	0	0	49098276	0
LFQ	68	0	0	1	0	0	0	0	0	0	0	0	1401306	0	0	0	0	0	0	0	0	0	0	0	0	0	2619625	0	0	0	0	0	0	0	0	0	0	0	49044771	0
LFQ	69	0	0	5255	0	0	0	0	0	0	0	0	1407415	0	0	0	0	0	0	0	0	0	0	0	0	0	2636897	0	0	0	0	0	0	0	0	0	0	0	49013969	0
LFQ	70	0	0	6	0	0	0	0	0	0	0	0	1429581	0	0	0	0	0	0	0	0	0	0	0	0	0	2660801	0	0	0	0	0	0	0	0	0	0	0	48970579	0
LFQ	71	0	0	0	0	0	0	0	0	0	0	0	1458542	0	0	0	0	0	0	0	0	0	0	0	0	0	2693234	0	0	0	0	0	0	0	0	0	0	0	48906509	0
LFQ	72	0	0	0	0	0	0	0	0	0	0	0	1449517	0	0	0	0	0	0	0	0	0	0	0	0	0	2674404	0	0	0	0	0	0	0	0	0	0	0	48931479	0
LFQ	73	0	0	1	0	0	0	0	0	0	0	0	1421119	0	0	0	0	0	0	0	0	0	0	0	0	0	2642704	0	0	0	0	0	0	0	0	0	0	0	48988219	0
LFQ	74	0	0	4	0	0	0	0	0	0	0	0	1424877	0	0	0	0	0	0	0	0	0	0	0	0	0	2649535	0	0	0	0	0	0	0	0	0	0	0	48973889	0
LFQ	75	0	0	2	0	0	0	0	0	0	0	0	1422019	0	0	0	0	0	0	0	0	0	0	0	0	0	2648425	0	0	0	0	0	0	0	0	0	0	0	48973989	0
LFQ	76	0	0	7	0	0	0	0	0	0	0	0	1424184	0	0	0	0	0	0	0	0	0	0	0	0	0	2644075	0	0	0	0	0	0	0	0	0	0	0	48971995	0
LFQ	77	0	0	108	0	0	0	0	0	0	0	0	1435812	0	0	0	0	0	0	0	0	0	0	0	0	0	2656417	0	0	0	0	0	0	0	0	0	0	0	48943426	0
LFQ	78	0	0	1	0	0	0	0	0	0	0	0	1435031	0	0	0	0	0	0	0	0	0	0	0	0	0	2658878	0	0	0	0	0	0	0	0	0	0	0	48936863	0
LFQ	79	0	0	74	0	0	0	0	0	0	0	0	1430368	0	0	0	0	0	0	0	0	0	0	0	0	0	2650066	0	0	0	0	0	0	0	0	0	0	0	48944853	0
LFQ	80	0	0	0	0	0	0	0	0	0	0	0	1458188	0	0	0	0	0	0	0	0	0	0	0	0	0	2687163	0	0	0	0	0	0	0	0	0	0	0	48873990	0
LFQ	81	0	0	0	0	0	0	0	0	0	0	0	1502815	0	0	0	0	0	0	0	0	0	0	0	0	0	2746411	0	0	0	0	0	0	0	0	0	0	0	48763332	0
LFQ	82	0	0	58	0	0	0	0	0	0	0	0	1561506	0	0	0	0	0	0	0	0	0	0	0	0	0	2809971	0	0	0	0	0	0	0	0	0	0	0	48633313	0
LFQ	83	0	0	5	0	0	0	0	0	0	0	0	1536608	0	0	0	0	0	0	0	0	0	0	0	0	0	2779254	0	0	0	0	0	0	0	0	0	0	0	48680153	0
LFQ	84	0	0	2	0	0	0	0	0	0	0	0	1499326	0	0	0	0	0	0	0	0	0	0	0	0	0	2727386	0	0	0	0	0	0	0	0	0	0	0	48759821	0
LFQ	85	0	0	2	0	0	0	0	0	0	0	0	1580160	0	0	0	0	0	0	0	0	0	0	0	0	0	2826415	0	0	0	0	0	0	0	0	0	0	0	48569309	0
LFQ	86	0	0	2	0	0	0	0	0	0	0	0	1632649	0	0	0	0	0	0	0	0	0	0	0	0	0	2889700	0	0	0	0	0	0	0	0	0	0	0	48441749	0
LFQ	87	0	0	5	0	0	0	0	0	0	0	0	1625000	0	0	0	0	0	0	0	0	0	0	0	0	0	2880071	0	0	0	0	0	0	0	0	0	0	0	48446242	0
LFQ	88	0	0	10	0	0	0	0	0	0	0	0	1586755	0	0	0	0	0	0	0	0	0	0	0	0	0	2827467	0	0	0	0	0	0	0	0	0	0	0	48523587	0
LFQ	89	0	0	5	0	0	0	0	0	0	0	0	1587910	0	0	0	0	0	0	0	0	0	0	0	0	0	2837441	0	0	0	0	0	0	0	0	0	0	0	48497212	0
LFQ	90	0	0	1	0	0	0	0	0	0	0	0	1575231	0	0	0	0	0	0	0	0	0	0	0	0	0	2828457	0	0	0	0	0	0	0	0	0	0	0	48502360	0
LFQ	91	0	0	1108	0	0	0	0	0	0	0	0	1553205	0	0	0	0	0	0	0	0	0	0	0	0	0	2799039	0	0	0	0	0	0	0	0	0	0	0	48534206	0
LFQ	92	0	0	1	0	0	0	0	0	0	0	0	1598678	0	0	0	0	0	0	0	0	0	0	0	0	0	2850191	0	0	0	0	0	0	0	0	0	0	0	48418363	0
LFQ	93	0	0	0	0	0	0	0	0	0	0	0	1616848	0	0	0	0	0	0	0	0	0	0	0	0	0	2868744	0	0	0	0	0	0	0	0	0	0	0	48358891	0
LFQ	94	0	0	51	0	0	0	0	0	0	0	0	1600509	0	0	0	0	0	0	0	0	0	0	0	0	0	2844011	0	0	0	0	0	0	0	0	0	0	0	48374244	0
LFQ	95	0	0	3	0	0	0	0	0	0	0	0	1609406	0	0	0	0	0	0	0	0	0	0	0	0	0	2851172	0	0	0	0	0	0	0	0	0	0	0	48330336	0
LFQ	96	0	0	4	0	0	0	0	0	0	0	0	1686561	0	0	0	0	0	0	0	0	0	0	0	0	0	2927472	0	0	0	0	0	0	0	0	0	0	0	48146546	0
LFQ	97	0	0	9	0	0	0	0	0	0	0	0	1665826	0	0	0	0	0	0	0	0	0	0	0	0	0	2906784	0	0	0	0	0	0	0	0	0	0	0	48155141	0
LFQ	98	0	0	8	0	0	0	0	0	0	0	0	1609621	0	0	0	0	0	0	0	0	0	0	0	0	0	2839554	0	0	0	0	0	0	0	0	0	0	0	48243105	0
LFQ	99	0	0	156	0	0	0	0	0	0	0	0	1613564	0	0	0	0	0	0	0	0	0	0	0	0	0	2852465	0	0	0	0	0	0	0	0	0	0	0	48188797	0
LFQ	100	0	0	28	0	0	0	0	0	0	0	0	1690416	0	0	0	0	0	0	0	0	0	0	0	0	0	2929571	0	0	0	0	0	0	0	0	0	0	0	47993624	0
LFQ	101	0	0	30	0	0	0	0	0	0	0	0	1685820	0	0	0	0	0	0	0	0	0	0	0	0	0	2933358	0	0	0	0	0	0	0	0	0	0	0	47949000	0
LFQ	102	0	0	167	0	0	0	0	0	0	0	0	1711112	0	0	0	0	0	0	0	0	0	0	0	0	0	2958200	0	0	0	0	0	0	0	0	0	0	0	47850017	0
LFQ	103	0	0	35	0	0	0	0	0	0	0	0	1744601	0	0	0	0	0	0	0	0	0	0	0	0	0	2995864	0	0	0	0	0	0	0	0	0	0	0	47726292	0
LFQ	104	0	0	291	0	0	0	0	0	0	0	0	1775125	0	0	0	0	0	0	0	0	0	0	0	0	0	3024921	0	0	0	0	0	0	0	0	0	0	0	47607005	0
LFQ	105	0	0	0	0	0	0	0	0	0	0	0	1831290	0	0	0	0	0	0	0	0	0	0	0	0	0	3080001	0	0	0	0	0	0	0	0	0	0	0	47434114	0
LFQ	106	0	0	9	0	0	0	0	0	0	0	0	1760756	0	0	0	0	0	0	0	0	0	0	0	0	0	3003519	0	0	0	0	0	0	0	0	0	0	0	47514728	0
LFQ	107	0	0	12349	0	0	0	0	0	0	0	0	1820284	0	0	0	0	0	0	0	0	0	0	0	0	0	3090344	0	0	0	0	0	0	0	0	0	0	0	47284549	0
LFQ	108	0	0	0	0	0	0	0	0	0	0	0	1822041	0	0	0	0	0	0	0	0	0	0	0	0	0	3074129	0	0	0	0	0	0	0	0	0	0	0	47237385	0
LFQ	109	0	0	0	0	0	0	0	0	0	0	0	1784411	0	0	0	0	0	0	0	0	0	0	0	0	0	3027094	0	0	0	0	0	0	0	0	0	0	0	47243504	0
LFQ	110	0	0	0	0	0	0	0	0	0	0	0	1845722	0	0	0	0	0	0	0	0	0	0	0	0	0	3092096	0	0	0	0	0	0	0	0	0	0	0	47032987	0
LFQ	111	0	0	0	0	0	0	0	0	0	0	0	1828553	0	0	0	0	0	0	0	0	0	0	0	0	0	3068465	0	0	0	0	0	0	0	0	0	0	0	46985101	0
LFQ	112	0	0	2	0	0	0	0	0	0	0	0	1762669	0	0	0	0	0	0	0	0	0	0	0	0	0	3002097	0	0	0	0	0	0	0	0	0	0	0	47022931	0
LFQ	113	0	0	1	0	0	0	0	0	0	0	0	1818777	0	0	0	0	0	0	0	0	0	0	0	0	0	3059822	0	0	0	0	0	0	0	0	0	0	0	46807300	0
LFQ	114	0	0	1	0	0	0	0	0	0	0	0	1848010	0	0	0	0	0	0	0	0	0	0	0	0	0	3092281	0	0	0	0	0	0	0	0	0	0	0	46638510	0
LFQ	115	0	0	4	0	0	0	0	0	0	0	0	1904240	0	0	0	0	0	0	0	0	0	0	0	0	0	3151713	0	0	0	0	0	0	0	0	0	0	0	46410452	0
LFQ	116	0	0	5	0	0	0	0	0	0	0	0	1958646	0	0	0	0	0	0	0	0	0	0	0	0	0	3198407	0	0	0	0	0	0	0	0	0	0	0	46189159	0
LFQ	117	0	0	65	0	0	0	0	0	0	0	0	1872050	0	0	0	0	0	0	0	0	0	0	0	0	0	3095880	0	0	0	0	0	0	0	0	0	0	0	46255010	0
LFQ	118	0	0	3	0	0	0	0	0	0	0	0	1872357	0	0	0	0	0	0	0	0	0	0	0	0	0	3106014	0	0	0	0	0	0	0	0	0	0	0	46116722	0
LFQ	119	0	0	13	0	0	0	0	0	0	0	0	1961857	0	0	0	0	0	0	0	0	0	0	0	0	0	3203679	0	0	0	0	0	0	0	0	0	0	0	45797153	0
LFQ	120	0	0	1	0	0	0	0	0	0	0	0	1883928	0	0	0	0	0	0	0	0	0	0	0	0	0	3135163	0	0	0	0	0	0	0	0	0	0	0	45807855	0
LFQ	121	0	0	3	0	0	0	0	0	0	0	0	1962832	0	0	0	0	0	0	0	0	0	0	0	0	0	3181409	0	0	0	0	0	0	0	0	0	0	0	45541098	0
LFQ	122	0	0	63	0	0	0	0	0	0	0	0	1984180	0	0	0	0	0	0	0	0	0	0	0	0	0	3207784	0	0	0	0	0	0	0	0	0	0	0	45344666	0
LFQ	123	0	0	179	0	0	0	0	0	0	0	0	1888176	0	0	0	0	0	0	0	0	0	0	0	0	0	3104475	0	0	0	0	0	0	0	0	0	0	0	45389949	0
LFQ	124	0	0	16	0	0	0	0	0	0	0	0	1955850	0	0	0	0	0	0	0	0	0	0	0	0	0	3172489	0	0	0	0	0	0	0	0	0	0	0	45092041	0
LFQ	125	0	0	28	0	0	0	0	0	0	0	0	1919245	0	0	0	0	0	0	0	0	0	0	0	0	0	3154790	0	0	0	0	0	0	0	0	0	0	0	44976342	0
LFQ	126	0	0	210	0	0	0	0	0	0	0	0	1936019	0	0	0	0	0	0	0	0	0	0	0	0	0	3151938	0	0	0	0	0	0	0	0	0	0	0	44788197	0
LFQ	127	0	0	121	0	0	0	0	0	0	0	0	2001987	0	0	0	0	0	0	0	0	0	0	0	0	0	3224730	0	0	0	0	0	0	0	0	0	0	0	44470539	0
LFQ	128	0	0	392	0	0	0	0	0	0	0	0	2029288	0	0	0	0	0	0	0	0	0	0	0	0	0	3232493	0	0	0	0	0	0	0	0	0	0	0	44248696	0
LFQ	129	0	0	2	0	0	0	0	0	0	0	0	2024547	0	0	0	0	0	0	0	0	0	0	0	0	0	3250746	0	0	0	0	0	0	0	0	0	0	0	44048669	0
LFQ	130	0	0	0	0	0	0	0	0	0	0	0	1913245	0	0	0	0	0	0	0	0	0	0	0	0	0	3122499	0	0	0	0	0	0	0	0	0	0	0	44098239	0
LFQ	131	0	0	359	0	0	0	0	0	0	0	0	1978103	0	0	0	0	0	0	0	0	0	0	0	0	0	3199060	0	0	0	0	0	0	0	0	0	0	0	43759885	0
LFQ	132	0	0	483	0	0	0	0	0	0	0	0	2037809	0	0	0	0	0	0	0	0	0	0	0	0	0	3237955	0	0	0	0	0	0	0	0	0	0	0	43458600	0
LFQ	133	0	0	57	0	0	0	0	0	0	0	0	2008582	0	0	0	0	0	0	0	0	0	0	0	0	0	3212494	0	0	0	0	0	0	0	0	0	0	0	43305273	0
LFQ	134	0	0	0	0	0	0	0	0	0	0	0	2076965	0	0	0	0	0	0	0	0	0	0	0	0	0	3276638	0	0	0	0	0	0	0	0	0	0	0	42953956	0
LFQ	135	0	0	0	0	0	0	0	0	0	0	0	2003623	0	0	0	0	0	0	0	0	0	0	0	0	0	3204045	0	0	0	0	0	0	0	0	0	0	0	42874218	0
LFQ	136	0	0	1	0	0	0	0	0	0	0	0	2005164	0	0	0	0	0	0	0	0	0	0	0	0	0	3206317	0	0	0	0	0	0	0	0	0	0	0	42640874	0
LFQ	137	0	0	1	0	0	0	0	0	0	0	0	2081182	0	0	0	0	0	0	0	0	0	0	0	0	0	3277053	0	0	0	0	0	0	0	0	0	0	0	42257204	0
LFQ	138	0	0	1	0	0	0	0	0	0	0	0	2116612	0	0	0	0	0	0	0	0	0	0	0	0	0	3331349	0	0	0	0	0	0	0	0	0	0	0	41929074	0
LFQ	139	0	0	8	0	0	0	0	0	0	0	0	2055269	0	0	0	0	0	0	0	0	0	0	0	0	0	3250112	0	0	0	0	0	0	0	0	0	0	0	41829624	0
LFQ	140	0	0	4	0	0	0	0	0	0	0	0	1983644	0	0	0	0	0	0	0	0	0	0	0	0	0	3170224	0	0	0	0	0	0	0	0	0	0	0	41732856	0
LFQ	141	0	0	95	0	0	0	0	0	0	0	0	2067535	0	0	0	0	0	0	0	0	0	0	0	0	0	3255938	0	0	0	0	0	0	0	0	0	0	0	41310250	0
LFQ	142	0	0	6	0	0	0	0	0	0	0	0	2098867	0	0	0	0	0	0	0	0	0	0	0	0	0	3289704	0	0	0	0	0	0	0	0	0	0	0	40984055	0
LFQ	143	0	0	0	0	0	0	0	0	0	0	0	2131134	0	0	0	0	0	0	0	0	0	0	0	0	0	3337542	0	0	0	0	0	0	0	0	0	0	0	40626739	0
LFQ	144	0	0	2	0	0	0	0	0	0	0	0	2107049	0	0	0	0	0	0	0	0	0	0	0	0	0	3310223	0	0	0	0	0	0	0	0	0	0	0	40383695	0
LFQ	145	0	0	0	0	0	0	0	0	0	0	0	2127651	0	0	0	0	0	0	0	0	0	0	0	0	0	3333330	0	0	0	0	0	0	0	0	0	0	0	40041203	0
LFQ	146	0	0	121	0	0	0	0	0	0	0	0	2072571	0	0	0	0	0	0	0	0	0	0	0	0	0	3267985	0	0	0	0	0	0	0	0	0	0	0	39824807	0
LFQ	147	0	0	0	0	0	0	0	0	0	0	0	1993738	0	0	0	0	0	0	0	0	0	0	0	0	0	3242440	0	0	0	0	0	0	0	0	0	0	0	39509623	0
LFQ	148	0	0	0	0	0	0	0	0	0	0	0	1881184	0	0	0	0	0	0	0	0	0	0	0	0	0	3235658	0	0	0	0	0	0	0	0	0	0	0	39146486	0
LFQ	149	0	0	5	0	0	0	0	0	0	0	0	1859905	0	0	0	0	0	0	0	0	0	0	0	0	0	3204191	0	0	0	0	0	0	0	0	0	0	0	38919542	0
LFQ	150	0	0	0	0	0	0	0	0	0	0	0	1953134	0	0	0	0	0	0	0	0	0	0	0	0	0	3301960	0	0	0	0	0	0	0	0	0	0	0	38443922	0
LFQ	151	0	0	0	0	0	0	0	0	0	0	0	2226094	0	0	0	0	0	0	0	0	0	0	0	0	0	3657171	0	0	0	0	0	0	0	0	0	0	0	37535691	0
# GC Content of first fragments. Use `grep ^GCF | cut -f 2-` to extract this part.
GCF	0.25	234
GCF	0.75	228
GCF	1.26	185
GCF	1.76	219
GCF	2.26	208
GCF	2.76	185
GCF	3.27	180
GCF	3.77	188
GCF	4.27	176
GCF	4.77	140
GCF	5.53	143
GCF	6.28	138
GCF	6.78	129
GCF	7.29	128
GCF	8.04	117
GCF	8.79	108
GCF	9.30	107
GCF	9.80	98
GCF	10.30	84
GCF	10.80	109
GCF	11.31	93
GCF	11.81	109
GCF	12.31	118
GCF	12.81	110
GCF	13.32	95
GCF	13.82	109
GCF	14.32	110
GCF	14.82	113
GCF	15.33	112
GCF	15.83	136
GCF	16.33	165
GCF	16.83	175
GCF	17.34	204
GCF	17.84	248
GCF	18.34	269
GCF	18.84	297
GCF	19.35	333
GCF	19.85	490
GCF	20.35	562
GCF	20.85	623
GCF	21.36	829
GCF	21.86	1034
GCF	22.36	1329
GCF	22.86	1414
GCF	23.37	1926
GCF	23.87	2498
GCF	24.37	3139
GCF	24.87	3390
GCF	25.38	4519
GCF	25.88	5712
GCF	26.38	7537
GCF	26.88	8174
GCF	27.39	11221
GCF	27.89	14895
GCF	28.39	17909
GCF	28.89	22409
GCF	29.40	23754
GCF	29.90	30518
GCF	30.40	43045
GCF	30.90	54063
GCF	31.41	57183
GCF	31.91	71572
GCF	32.41	88999
GCF	32.91	111760
GCF	33.42	116883
GCF	33.92	137069
GCF	34.42	167124
GCF	34.92	201298
GCF	35.43	208365
GCF	35.93	241035
GCF	36.43	273970
GCF	36.93	315103
GCF	37.44	324199
GCF	37.94	367687
GCF	38.44	406407
GCF	38.94	444601
GCF	39.45	452811
GCF	39.95	516151
GCF	40.45	575002
GCF	40.95	674624
GCF	41.46	685726
GCF	41.96	701197
GCF	42.46	739109
GCF	42.96	772383
GCF	43.47	843797
GCF	43.97	850635
GCF	44.47	946750
GCF	44.97	980327
GCF	45.48	1134743
GCF	45.98	1148994
GCF	46.48	1271331
GCF	46.98	1318890
GCF	47.49	1487123
GCF	47.99	1498755
GCF	48.49	1527108
GCF	48.99	1643354
GCF	49.50	1736318
GCF	50.00	1742423
GCF	50.50	1827782
GCF	51.01	1899472
GCF	51.51	1991356
GCF	52.01	2003710
GCF	52.51	2078821
GCF	53.02	2125425
GCF	53.52	2181354
GCF	54.02	2192653
GCF	54.52	2198155
GCF	55.03	2225071
GCF	55.53	2187711
GCF	56.03	2189889
GCF	56.53	2168780
GCF	57.04	2071369
GCF	57.54	1987647
GCF	58.04	1805987
GCF	58.54	1791103
GCF	59.05	1622409
GCF	59.55	1414694
GCF	60.05	1204367
GCF	60.55	1177934
GCF	61.06	981187
GCF	61.56	792739
GCF	62.06	629076
GCF	62.56	600822
GCF	63.07	467913
GCF	63.57	356881
GCF	64.07	258405
GCF	64.57	237980
GCF	65.08	167280
GCF	65.58	118835
GCF	66.08	83363
GCF	66.58	71496
GCF	67.09	46445
GCF	67.59	30334
GCF	68.09	20045
GCF	68.59	16269
GCF	69.10	11017
GCF	69.60	7494
GCF	70.10	5346
GCF	70.60	4258
GCF	71.11	3075
GCF	71.61	2189
GCF	72.11	1684
GCF	72.61	1264
GCF	73.12	1044
GCF	73.62	817
GCF	74.12	659
GCF	74.62	577
GCF	75.13	473
GCF	75.63	410
GCF	76.13	369
GCF	76.63	282
GCF	77.14	260
GCF	77.64	254
GCF	78.14	219
GCF	78.64	192
GCF	79.15	183
GCF	79.65	176
GCF	80.15	123
GCF	80.65	91
GCF	81.16	67
GCF	81.66	57
GCF	82.16	62
GCF	82.66	49
GCF	83.17	31
GCF	83.67	29
GCF	84.17	25
GCF	84.67	21
GCF	85.18	16
GCF	85.68	8
GCF	86.18	7
GCF	86.68	6
GCF	87.19	14
GCF	87.69	15
GCF	88.19	16
GCF	88.69	13
GCF	89.20	7
GCF	89.70	8
GCF	90.20	6
GCF	90.95	3
GCF	91.96	1
GCF	93.72	0
GCF	95.23	1
# GC Content of last fragments. Use `grep ^GCL | cut -f 2-` to extract this part.
GCL	0.25	1390
GCL	0.75	1200
GCL	1.26	1057
GCL	1.76	1023
GCL	2.26	913
GCL	2.76	972
GCL	3.27	1039
GCL	3.77	1092
GCL	4.27	1073
GCL	4.77	1188
GCL	5.28	1314
GCL	5.78	1390
GCL	6.28	1354
GCL	6.78	1513
GCL	7.29	1568
GCL	7.79	1694
GCL	8.29	1765
GCL	8.79	1720
GCL	9.30	1744
GCL	9.80	1764
GCL	10.30	1781
GCL	10.80	1829
GCL	11.31	1784
GCL	11.81	1770
GCL	12.31	1747
GCL	12.81	1636
GCL	13.32	1582
GCL	13.82	1515
GCL	14.32	1551
GCL	14.82	1485
GCL	15.33	1416
GCL	15.83	1452
GCL	16.33	1363
GCL	16.83	1328
GCL	17.34	1371
GCL	17.84	1479
GCL	18.34	1482
GCL	18.84	1508
GCL	19.35	1589
GCL	19.85	1824
GCL	20.35	2075
GCL	20.85	2118
GCL	21.36	2625
GCL	21.86	3101
GCL	22.36	3642
GCL	22.86	3789
GCL	23.37	4615
GCL	23.87	5494
GCL	24.37	6482
GCL	24.87	6872
GCL	25.38	8557
GCL	25.88	10668
GCL	26.38	13645
GCL	26.88	14329
GCL	27.39	17882
GCL	27.89	22892
GCL	28.39	28234
GCL	28.89	36460
GCL	29.40	37614
GCL	29.90	46919
GCL	30.40	59856
GCL	30.90	77411
GCL	31.41	80117
GCL	31.91	101035
GCL	32.41	123708
GCL	32.91	149841
GCL	33.42	154678
GCL	33.92	180242
GCL	34.42	217971
GCL	34.92	248216
GCL	35.43	255092
GCL	35.93	297280
GCL	36.43	338361
GCL	36.93	381489
GCL	37.44	389828
GCL	37.94	431808
GCL	38.44	463488
GCL	38.94	513047
GCL	39.45	520676
GCL	39.95	584488
GCL	40.45	636303
GCL	40.95	682352
GCL	41.46	692584
GCL	41.96	739241
GCL	42.46	770959
GCL	42.96	781284
GCL	43.47	841557
GCL	43.97	848637
GCL	44.47	861044
GCL	44.97	922132
GCL	45.48	1024046
GCL	45.98	1037101
GCL	46.48	1132650
GCL	46.98	1221617
GCL	47.49	1331322
GCL	47.99	1341027
GCL	48.49	1418077
GCL	48.99	1491910
GCL	49.50	1637828
GCL	50.00	1644597
GCL	50.50	1711860
GCL	51.01	1795573
GCL	51.51	1921782
GCL	52.01	1935224
GCL	52.51	2028564
GCL	53.02	2058769
GCL	53.52	2103539
GCL	54.02	2115743
GCL	54.52	2143154
GCL	55.03	2215081
GCL	55.53	2162202
GCL	56.03	2163246
GCL	56.53	2151935
GCL	57.04	2089029
GCL	57.54	2017737
GCL	58.04	1855784
GCL	58.54	1840698
GCL	59.05	1667783
GCL	59.55	1473589
GCL	60.05	1263253
GCL	60.55	1238032
GCL	61.06	1032043
GCL	61.56	837031
GCL	62.06	674289
GCL	62.56	645315
GCL	63.07	516854
GCL	63.57	385010
GCL	64.07	281685
GCL	64.57	260628
GCL	65.08	186472
GCL	65.58	133484
GCL	66.08	93434
GCL	66.58	81796
GCL	67.09	54528
GCL	67.59	35011
GCL	68.09	23468
GCL	68.59	19654
GCL	69.10	13138
GCL	69.60	8968
GCL	70.10	6149
GCL	70.60	5097
GCL	71.11	3622
GCL	71.61	2615
GCL	72.11	2005
GCL	72.61	1480
GCL	73.12	1234
GCL	73.62	975
GCL	74.12	751
GCL	74.62	636
GCL	75.13	569
GCL	75.63	463
GCL	76.13	411
GCL	76.63	329
GCL	77.14	304
GCL	77.64	288
GCL	78.14	230
GCL	78.64	195
GCL	79.15	175
GCL	79.65	167
GCL	80.15	142
GCL	80.65	146
GCL	81.16	119
GCL	81.66	95
GCL	82.16	110
GCL	82.66	98
GCL	83.17	100
GCL	83.67	91
GCL	84.17	84
GCL	84.67	73
GCL	85.18	72
GCL	85.68	76
GCL	86.18	80
GCL	86.68	98
GCL	87.19	75
GCL	87.69	81
GCL	88.19	103
GCL	88.69	125
GCL	89.20	136
GCL	89.70	153
GCL	90.20	162
GCL	90.70	158
GCL	91.21	182
GCL	91.71	219
GCL	92.21	268
GCL	92.71	302
GCL	93.22	347
GCL	93.72	372
GCL	94.22	439
GCL	94.72	559
GCL	95.23	671
GCL	95.73	709
GCL	96.23	803
GCL	96.73	909
GCL	97.24	966
GCL	97.74	995
GCL	98.24	1028
GCL	98.74	1051
GCL	99.50	995
# ACGT content per cycle. Use `grep ^GCC | cut -f 2-` to extract this part. The columns are: cycle; A,C,G,T base counts as a percentage of all A/C/G/T bases [%]; and N and O counts as a percentage of all A/C/G/T bases [%]
GCC	1	11.52	38.50	39.28	10.71	0.00	0.00
GCC	2	23.92	25.26	25.85	24.97	0.00	0.00
GCC	3	22.98	26.95	26.44	23.64	0.00	0.00
GCC	4	23.52	26.78	26.73	22.96	0.02	0.00
GCC	5	26.39	23.66	24.17	25.79	0.00	0.00
GCC	6	26.89	23.66	23.75	25.70	0.00	0.00
GCC	7	26.97	22.24	22.11	28.68	0.00	0.00
GCC	8	24.33	26.14	25.06	24.47	0.00	0.00
GCC	9	24.48	25.40	24.83	25.29	0.00	0.00
GCC	10	27.45	22.86	22.89	26.80	0.01	0.00
GCC	11	21.78	28.44	28.28	21.51	0.00	0.00
GCC	12	22.51	27.46	27.25	22.78	0.00	0.00
GCC	13	23.91	26.07	25.91	24.11	0.00	0.00
GCC	14	24.61	25.55	25.34	24.50	0.00	0.00
GCC	15	24.30	25.78	25.72	24.20	0.00	0.00
GCC	16	23.83	26.35	26.28	23.54	0.00	0.00
GCC	17	24.20	25.96	25.67	24.17	0.00	0.00
GCC	18	24.46	25.73	25.51	24.30	0.00	0.00
GCC	19	23.74	26.32	26.13	23.80	0.00	0.00
GCC	20	24.24	25.70	25.75	24.32	0.00	0.00
GCC	21	24.54	25.58	25.41	24.48	0.00	0.00
GCC	22	23.97	26.07	25.90	24.06	0.00	0.00
GCC	23	24.63	25.60	25.36	24.41	0.00	0.00
GCC	24	24.35	25.61	25.41	24.63	0.00	0.00
GCC	25	23.65	26.40	26.00	23.95	0.00	0.00
GCC	26	24.40	25.71	25.59	24.30	0.00	0.00
GCC	27	24.29	25.84	25.37	24.49	0.00	0.00
GCC	28	23.85	26.20	26.02	23.92	0.00	0.00
GCC	29	24.44	25.61	25.55	24.40	0.00	0.00
GCC	30	24.37	25.79	25.45	24.39	0.00	0.00
GCC	31	23.90	26.12	25.92	24.06	0.00	0.00
GCC	32	24.41	25.60	25.56	24.43	0.00	0.00
GCC	33	24.35	25.84	25.37	24.44	0.00	0.00
GCC	34	23.95	26.15	26.03	23.87	0.00	0.00
GCC	35	24.45	25.70	25.51	24.34	0.00	0.00
GCC	36	24.41	25.70	25.49	24.40	0.00	0.00
GCC	37	23.91	26.04	26.00	24.05	0.00	0.00
GCC	38	24.49	25.59	25.45	24.47	0.00	0.00
GCC	39	24.50	25.63	25.44	24.43	0.00	0.00
GCC	40	23.95	26.14	25.99	23.92	0.00	0.00
GCC	41	24.49	25.49	25.47	24.56	0.00	0.00
GCC	42	24.51	25.54	25.40	24.55	0.00	0.00
GCC	43	23.92	26.07	25.93	24.08	0.00	0.00
GCC	44	24.50	25.62	25.43	24.45	0.00	0.00
GCC	45	24.46	25.62	25.39	24.52	0.00	0.00
GCC	46	23.89	26.20	25.95	23.96	0.00	0.00
GCC	47	24.31	25.59	25.53	24.57	0.00	0.00
GCC	48	24.40	25.64	25.51	24.45	0.00	0.00
GCC	49	23.81	26.06	25.99	24.14	0.00	0.00
GCC	50	24.43	25.54	25.49	24.53	0.00	0.00
GCC	51	24.38	25.63	25.49	24.50	0.00	0.00
GCC	52	23.94	25.96	25.94	24.16	0.00	0.00
GCC	53	24.58	25.45	25.47	24.49	0.00	0.00
GCC	54	24.51	25.49	25.45	24.56	0.00	0.00
GCC	55	23.93	26.03	25.88	24.17	0.00	0.00
GCC	56	24.40	25.52	25.48	24.60	0.00	0.00
GCC	57	24.51	25.55	25.41	24.53	0.00	0.00
GCC	58	23.99	26.07	25.89	24.06	0.00	0.00
GCC	59	24.38	25.53	25.49	24.60	0.00	0.00
GCC	60	24.39	25.67	25.46	24.48	0.00	0.00
GCC	61	23.96	26.04	25.93	24.07	0.00	0.00
GCC	62	24.46	25.67	25.51	24.37	0.00	0.00
GCC	63	24.35	25.64	25.51	24.50	0.00	0.00
GCC	64	23.93	26.05	26.05	23.97	0.00	0.00
GCC	65	24.36	25.56	25.57	24.52	0.00	0.00
GCC	66	24.33	25.65	25.45	24.57	0.00	0.00
GCC	67	24.02	26.06	25.94	23.98	0.00	0.00
GCC	68	24.63	25.52	25.45	24.40	0.00	0.00
GCC	69	24.53	25.41	25.48	24.59	0.00	0.00
GCC	70	23.97	26.05	25.98	24.00	0.00	0.00
GCC	71	24.53	25.47	25.54	24.46	0.00	0.00
GCC	72	24.62	25.47	25.38	24.53	0.00	0.00
GCC	73	23.99	26.15	25.97	23.89	0.00	0.00
GCC	74	24.55	25.54	25.45	24.45	0.00	0.00
GCC	75	24.30	25.66	25.52	24.52	0.00	0.00
GCC	76	23.95	26.11	26.02	23.92	0.00	0.00
GCC	77	24.35	25.63	25.45	24.57	0.00	0.00
GCC	78	24.42	25.65	25.44	24.49	0.00	0.00
GCC	79	23.91	26.05	25.99	24.05	0.00	0.00
GCC	80	24.50	25.61	25.41	24.48	0.00	0.00
GCC	81	24.39	25.71	25.46	24.43	0.00	0.00
GCC	82	23.85	26.09	25.96	24.10	0.00	0.00
GCC	83	24.46	25.65	25.46	24.44	0.00	0.00
GCC	84	24.33	25.70	25.54	24.44	0.00	0.00
GCC	85	23.86	26.00	26.00	24.15	0.00	0.00
GCC	86	24.43	25.55	25.54	24.48	0.00	0.00
GCC	87	24.32	25.56	25.55	24.57	0.00	0.00
GCC	88	23.94	26.04	26.00	24.02	0.00	0.00
GCC	89	24.50	25.65	25.47	24.38	0.00	0.00
GCC	90	24.44	25.71	25.42	24.43	0.00	0.00
GCC	91	23.90	26.19	25.92	23.99	0.00	0.00
GCC	92	24.41	25.64	25.52	24.43	0.00	0.00
GCC	93	24.43	25.53	25.51	24.53	0.00	0.00
GCC	94	24.00	26.04	25.94	24.02	0.00	0.00
GCC	95	24.44	25.46	25.55	24.55	0.00	0.00
GCC	96	24.42	25.56	25.54	24.48	0.00	0.00
GCC	97	23.85	26.02	25.98	24.14	0.00	0.00
GCC	98	24.39	25.54	25.50	24.57	0.00	0.00
GCC	99	24.28	25.61	25.53	24.59	0.00	0.00
GCC	100	23.84	26.02	25.93	24.21	0.00	0.00
GCC	101	24.36	25.57	25.60	24.47	0.00	0.00
GCC	102	24.44	25.49	25.50	24.57	0.00	0.00
GCC	103	23.91	26.06	25.86	24.17	0.00	0.00
GCC	104	24.44	25.54	25.42	24.60	0.00	0.00
GCC	105	24.34	25.50	25.50	24.66	0.00	0.00
GCC	106	24.05	25.99	25.88	24.09	0.00	0.00
GCC	107	24.36	25.64	25.53	24.47	0.01	0.00
GCC	108	24.31	25.69	25.55	24.45	0.00	0.00
GCC	109	23.91	26.03	26.02	24.03	0.00	0.00
GCC	110	24.36	25.63	25.54	24.47	0.00	0.00
GCC	111	24.38	25.69	25.56	24.37	0.00	0.00
GCC	112	23.80	26.18	25.96	24.06	0.00	0.00
GCC	113	24.32	25.67	25.65	24.36	0.00	0.00
GCC	114	24.40	25.50	25.54	24.56	0.00	0.00
GCC	115	23.92	26.00	26.06	24.01	0.00	0.00
GCC	116	24.46	25.68	25.38	24.49	0.00	0.00
GCC	117	24.49	25.59	25.51	24.42	0.00	0.00
GCC	118	23.91	26.03	25.99	24.07	0.00	0.00
GCC	119	24.38	25.65	25.54	24.43	0.00	0.00
GCC	120	24.31	25.73	25.58	24.38	0.00	0.00
GCC	121	23.86	26.05	25.92	24.17	0.00	0.00
GCC	122	24.29	25.85	25.54	24.33	0.00	0.00
GCC	123	24.44	25.66	25.60	24.30	0.00	0.00
GCC	124	23.95	26.08	26.06	23.91	0.00	0.00
GCC	125	24.38	25.73	25.52	24.37	0.00	0.00
GCC	126	24.43	25.62	25.56	24.39	0.00	0.00
GCC	127	23.91	26.05	26.08	23.96	0.00	0.00
GCC	128	24.42	25.64	25.51	24.43	0.00	0.00
GCC	129	24.39	25.61	25.56	24.45	0.00	0.00
GCC	130	24.04	26.02	26.04	23.89	0.00	0.00
GCC	131	24.41	25.69	25.58	24.32	0.00	0.00
GCC	132	24.38	25.76	25.56	24.30	0.00	0.00
GCC	133	23.90	26.17	25.99	23.95	0.00	0.00
GCC	134	24.40	25.72	25.57	24.31	0.00	0.00
GCC	135	24.40	25.59	25.62	24.38	0.00	0.00
GCC	136	24.05	26.11	25.96	23.88	0.00	0.00
GCC	137	24.43	25.77	25.58	24.22	0.00	0.00
GCC	138	24.41	25.68	25.62	24.28	0.00	0.00
GCC	139	24.00	25.98	26.15	23.87	0.00	0.00
GCC	140	24.39	25.68	25.71	24.21	0.00	0.00
GCC	141	24.37	25.70	25.69	24.24	0.00	0.00
GCC	142	23.91	26.26	25.97	23.85	0.00	0.00
GCC	143	24.40	25.67	25.60	24.33	0.00	0.00
GCC	144	24.38	25.68	25.70	24.24	0.00	0.00
GCC	145	23.95	26.11	25.94	24.00	0.00	0.00
GCC	146	24.39	25.58	25.65	24.38	0.00	0.00
GCC	147	24.20	25.90	25.61	24.30	0.00	0.00
GCC	148	23.97	26.12	26.07	23.85	0.00	0.00
GCC	149	24.19	25.72	25.78	24.31	0.00	0.00
GCC	150	24.33	25.70	25.63	24.34	0.00	0.00
GCC	151	23.86	26.03	26.19	23.92	0.00	0.00
# ACGT content per cycle, read oriented. Use `grep ^GCT | cut -f 2-` to extract this part. The columns are: cycle; A,C,G,T base counts as a percentage of all A/C/G/T bases [%]
GCT	1	14.36	33.97	43.80	7.87
GCT	2	16.79	24.07	27.04	32.10
GCT	3	20.20	30.58	22.80	26.41
GCT	4	25.84	25.08	28.44	20.64
GCT	5	30.55	19.93	27.89	21.63
GCT	6	32.41	22.75	24.66	20.18
GCT	7	20.59	22.10	22.25	35.06
GCT	8	22.71	28.88	22.31	26.09
GCT	9	20.31	26.63	23.60	29.46
GCT	10	31.87	21.14	24.60	22.38
GCT	11	23.23	28.76	27.95	20.06
GCT	12	21.27	28.29	26.42	24.02
GCT	13	23.49	26.29	25.69	24.53
GCT	14	24.10	25.75	25.14	25.01
GCT	15	23.94	26.13	25.37	24.56
GCT	16	23.73	26.11	26.53	23.63
GCT	17	24.41	25.94	25.69	23.96
GCT	18	24.56	26.16	25.09	24.19
GCT	19	24.04	26.17	26.28	23.51
GCT	20	24.48	25.59	25.86	24.08
GCT	21	24.69	25.97	25.01	24.33
GCT	22	24.38	26.03	25.94	23.65
GCT	23	24.80	25.55	25.41	24.23
GCT	24	24.30	26.12	24.89	24.68
GCT	25	23.97	26.49	25.91	23.63
GCT	26	24.62	25.60	25.70	24.08
GCT	27	24.45	26.33	24.89	24.34
GCT	28	24.06	26.29	25.93	23.71
GCT	29	24.72	25.65	25.50	24.13
GCT	30	24.45	26.31	24.93	24.31
GCT	31	24.27	26.21	25.83	23.69
GCT	32	24.77	25.55	25.61	24.07
GCT	33	24.50	26.31	24.91	24.29
GCT	34	24.22	26.22	25.96	23.60
GCT	35	24.73	25.69	25.53	24.06
GCT	36	24.40	26.19	25.00	24.41
GCT	37	24.24	26.20	25.84	23.72
GCT	38	24.72	25.56	25.48	24.24
GCT	39	24.65	26.05	25.02	24.28
GCT	40	24.30	26.12	26.01	23.58
GCT	41	24.79	25.55	25.41	24.26
GCT	42	24.59	25.97	24.97	24.47
GCT	43	24.27	26.09	25.91	23.72
GCT	44	24.88	25.56	25.49	24.07
GCT	45	24.58	26.04	24.98	24.40
GCT	46	24.19	26.17	25.98	23.66
GCT	47	24.65	25.61	25.51	24.23
GCT	48	24.59	26.20	24.95	24.27
GCT	49	24.15	26.16	25.88	23.80
GCT	50	24.76	25.62	25.42	24.20
GCT	51	24.54	26.08	25.04	24.34
GCT	52	24.29	26.01	25.89	23.80
GCT	53	24.88	25.44	25.48	24.20
GCT	54	24.59	25.99	24.95	24.48
GCT	55	24.31	26.05	25.85	23.79
GCT	56	24.78	25.59	25.41	24.21
GCT	57	24.60	26.01	24.95	24.44
GCT	58	24.29	26.05	25.91	23.76
GCT	59	24.64	25.45	25.57	24.34
GCT	60	24.44	26.12	25.01	24.44
GCT	61	24.23	26.12	25.85	23.80
GCT	62	24.69	25.60	25.58	24.13
GCT	63	24.38	26.14	25.01	24.48
GCT	64	24.14	26.21	25.88	23.76
GCT	65	24.69	25.56	25.56	24.19
GCT	66	24.42	26.04	25.06	24.48
GCT	67	24.25	26.04	25.96	23.75
GCT	68	24.80	25.44	25.53	24.23
GCT	69	24.45	25.81	25.07	24.66
GCT	70	24.13	26.12	25.91	23.85
GCT	71	24.68	25.45	25.56	24.30
GCT	72	24.60	25.81	25.04	24.55
GCT	73	24.12	26.18	25.95	23.76
GCT	74	24.73	25.37	25.62	24.28
GCT	75	24.42	25.90	25.28	24.40
GCT	76	24.10	26.06	26.06	23.77
GCT	77	24.68	25.35	25.73	24.25
GCT	78	24.56	25.98	25.11	24.35
GCT	79	24.10	25.96	26.08	23.86
GCT	80	24.67	25.38	25.63	24.32
GCT	81	24.40	26.09	25.08	24.43
GCT	82	24.17	26.06	25.99	23.78
GCT	83	24.62	25.42	25.68	24.28
GCT	84	24.34	25.89	25.34	24.43
GCT	85	24.08	25.97	26.02	23.92
GCT	86	24.68	25.40	25.68	24.23
GCT	87	24.45	25.81	25.30	24.44
GCT	88	24.16	26.02	26.02	23.80
GCT	89	24.69	25.51	25.61	24.19
GCT	90	24.34	25.94	25.20	24.53
GCT	91	24.05	26.04	26.08	23.84
GCT	92	24.57	25.33	25.83	24.27
GCT	93	24.43	25.84	25.20	24.53
GCT	94	24.11	26.03	25.95	23.91
GCT	95	24.63	25.32	25.69	24.36
GCT	96	24.40	25.82	25.28	24.50
GCT	97	24.11	25.89	26.12	23.88
GCT	98	24.61	25.30	25.74	24.35
GCT	99	24.33	25.87	25.26	24.54
GCT	100	24.19	25.93	26.02	23.86
GCT	101	24.59	25.31	25.86	24.24
GCT	102	24.40	25.82	25.17	24.61
GCT	103	24.17	25.88	26.04	23.91
GCT	104	24.68	25.18	25.79	24.36
GCT	105	24.45	25.71	25.29	24.55
GCT	106	24.17	25.77	26.09	23.97
GCT	107	24.57	25.34	25.83	24.26
GCT	108	24.35	25.96	25.28	24.41
GCT	109	23.99	25.91	26.15	23.96
GCT	110	24.55	25.48	25.69	24.28
GCT	111	24.35	25.86	25.39	24.41
GCT	112	24.04	25.92	26.22	23.82
GCT	113	24.48	25.43	25.89	24.21
GCT	114	24.37	25.79	25.26	24.58
GCT	115	24.02	25.87	26.19	23.92
GCT	116	24.60	25.30	25.75	24.34
GCT	117	24.39	25.73	25.36	24.51
GCT	118	24.09	25.89	26.13	23.89
GCT	119	24.53	25.33	25.86	24.29
GCT	120	24.24	25.87	25.45	24.45
GCT	121	24.08	25.85	26.11	23.95
GCT	122	24.45	25.43	25.96	24.16
GCT	123	24.32	25.84	25.42	24.42
GCT	124	24.05	25.88	26.27	23.80
GCT	125	24.60	25.34	25.90	24.15
GCT	126	24.32	25.77	25.41	24.50
GCT	127	24.09	25.89	26.24	23.78
GCT	128	24.60	25.33	25.82	24.25
GCT	129	24.32	25.72	25.44	24.52
GCT	130	24.08	25.85	26.21	23.86
GCT	131	24.44	25.40	25.87	24.29
GCT	132	24.27	25.85	25.48	24.40
GCT	133	24.06	25.90	26.26	23.79
GCT	134	24.55	25.30	25.99	24.15
GCT	135	24.41	25.68	25.54	24.37
GCT	136	24.17	25.79	26.28	23.76
GCT	137	24.50	25.30	26.05	24.14
GCT	138	24.36	25.75	25.55	24.34
GCT	139	24.07	25.79	26.34	23.80
GCT	140	24.57	25.35	26.04	24.04
GCT	141	24.30	25.80	25.59	24.31
GCT	142	24.13	26.00	26.23	23.64
GCT	143	24.54	25.36	25.91	24.19
GCT	144	24.21	25.78	25.60	24.41
GCT	145	24.11	25.87	26.19	23.84
GCT	146	24.56	25.36	25.87	24.21
GCT	147	24.14	25.90	25.60	24.36
GCT	148	24.06	25.93	26.25	23.76
GCT	149	24.42	25.39	26.11	24.08
GCT	150	24.36	25.80	25.53	24.31
GCT	151	23.98	25.82	26.40	23.80
# ACGT content per cycle for first fragments. Use `grep ^FBC | cut -f 2-` to extract this part. The columns are: cycle; A,C,G,T base counts as a percentage of all A/C/G/T bases [%]; and N and O counts as a percentage of all A/C/G/T bases [%]
FBC	1	14.26	36.18	36.98	12.58	0.00	0.00
FBC	2	24.76	24.27	25.11	25.86	0.00	0.00
FBC	3	25.07	24.88	24.05	26.00	0.00	0.00
FBC	4	24.93	25.99	25.51	23.57	0.04	0.00
FBC	5	27.08	23.52	24.11	25.29	0.00	0.00
FBC	6	27.54	23.75	23.48	25.23	0.00	0.00
FBC	7	24.56	24.54	23.82	27.08	0.00	0.00
FBC	8	22.90	28.02	26.04	23.04	0.00	0.00
FBC	9	23.37	26.78	25.63	24.22	0.00	0.00
FBC	10	27.02	23.84	23.63	25.52	0.00	0.00
FBC	11	21.26	29.42	28.58	20.73	0.00	0.00
FBC	12	22.11	28.11	27.40	22.39	0.00	0.00
FBC	13	23.83	26.49	25.71	23.97	0.00	0.00
FBC	14	24.27	26.09	25.41	24.23	0.00	0.00
FBC	15	24.24	26.05	25.57	24.14	0.00	0.00
FBC	16	23.71	26.70	26.23	23.36	0.00	0.00
FBC	17	23.84	26.48	25.84	23.84	0.00	0.00
FBC	18	24.34	26.09	25.42	24.16	0.00	0.00
FBC	19	23.54	26.58	26.08	23.79	0.00	0.00
FBC	20	23.85	26.36	25.83	23.96	0.00	0.00
FBC	21	24.53	25.82	25.28	24.36	0.00	0.00
FBC	22	23.87	26.29	25.80	24.04	0.00	0.00
FBC	23	24.36	26.05	25.47	24.12	0.00	0.00
FBC	24	24.30	25.77	25.40	24.54	0.00	0.00
FBC	25	23.44	26.71	25.88	23.98	0.00	0.00
FBC	26	24.01	26.22	25.75	24.02	0.00	0.00
FBC	27	24.30	25.95	25.22	24.53	0.00	0.00
FBC	28	23.74	26.42	25.86	23.98	0.00	0.00
FBC	29	24.29	25.92	25.59	24.19	0.00	0.00
FBC	30	24.40	25.98	25.28	24.34	0.00	0.00
FBC	31	23.91	26.40	25.60	24.09	0.00	0.00
FBC	32	24.32	25.96	25.46	24.25	0.00	0.00
FBC	33	24.44	25.93	25.10	24.53	0.00	0.00
FBC	34	23.98	26.35	25.72	23.95	0.00	0.00
FBC	35	24.28	26.14	25.47	24.10	0.00	0.00
FBC	36	24.47	25.96	25.10	24.48	0.00	0.00
FBC	37	23.84	26.24	25.81	24.11	0.00	0.00
FBC	38	24.29	26.02	25.41	24.28	0.00	0.00
FBC	39	24.55	25.85	25.18	24.42	0.00	0.00
FBC	40	24.05	26.39	25.66	23.91	0.00	0.00
FBC	41	24.30	25.93	25.43	24.34	0.00	0.00
FBC	42	24.62	25.73	25.07	24.58	0.00	0.00
FBC	43	23.89	26.28	25.71	24.12	0.00	0.00
FBC	44	24.40	25.94	25.41	24.24	0.00	0.00
FBC	45	24.59	25.70	25.13	24.59	0.00	0.00
FBC	46	23.96	26.30	25.68	24.06	0.00	0.00
FBC	47	24.18	25.93	25.48	24.41	0.00	0.00
FBC	48	24.45	25.85	25.21	24.49	0.00	0.00
FBC	49	23.86	26.24	25.74	24.16	0.00	0.00
FBC	50	24.24	26.01	25.38	24.36	0.00	0.00
FBC	51	24.46	25.76	25.19	24.59	0.00	0.00
FBC	52	23.94	26.12	25.74	24.20	0.00	0.00
FBC	53	24.37	25.94	25.37	24.33	0.00	0.00
FBC	54	24.55	25.64	25.13	24.68	0.00	0.00
FBC	55	23.93	26.17	25.64	24.27	0.00	0.00
FBC	56	24.28	25.88	25.39	24.45	0.00	0.00
FBC	57	24.51	25.63	25.22	24.64	0.00	0.00
FBC	58	24.05	26.21	25.67	24.07	0.00	0.00
FBC	59	24.26	25.77	25.52	24.45	0.00	0.00
FBC	60	24.41	25.83	25.21	24.55	0.00	0.00
FBC	61	23.96	26.17	25.77	24.10	0.00	0.00
FBC	62	24.33	25.85	25.53	24.30	0.00	0.00
FBC	63	24.50	25.68	25.22	24.60	0.00	0.00
FBC	64	23.94	26.18	25.91	23.97	0.00	0.00
FBC	65	24.27	25.85	25.59	24.29	0.00	0.00
FBC	66	24.50	25.73	25.08	24.69	0.00	0.00
FBC	67	23.95	26.26	25.73	24.06	0.00	0.00
FBC	68	24.48	25.77	25.46	24.29	0.00	0.00
FBC	69	24.55	25.56	25.22	24.67	0.00	0.00
FBC	70	23.85	26.31	25.78	24.06	0.00	0.00
FBC	71	24.35	25.83	25.58	24.24	0.00	0.00
FBC	72	24.69	25.67	25.15	24.49	0.00	0.00
FBC	73	23.95	26.27	25.84	23.93	0.00	0.00
FBC	74	24.32	25.84	25.53	24.32	0.00	0.00
FBC	75	24.38	25.70	25.37	24.55	0.00	0.00
FBC	76	23.95	26.18	25.84	24.03	0.00	0.00
FBC	77	24.19	25.88	25.42	24.51	0.00	0.00
FBC	78	24.56	25.64	25.21	24.60	0.00	0.00
FBC	79	23.89	26.20	25.80	24.11	0.00	0.00
FBC	80	24.37	25.85	25.35	24.44	0.00	0.00
FBC	81	24.52	25.71	25.20	24.57	0.00	0.00
FBC	82	23.75	26.23	25.83	24.19	0.00	0.00
FBC	83	24.23	26.00	25.40	24.37	0.00	0.00
FBC	84	24.34	25.87	25.28	24.51	0.00	0.00
FBC	85	23.84	26.16	25.81	24.19	0.00	0.00
FBC	86	24.25	25.93	25.51	24.31	0.00	0.00
FBC	87	24.38	25.75	25.24	24.63	0.00	0.00
FBC	88	23.98	26.22	25.70	24.10	0.00	0.00
FBC	89	24.31	25.91	25.53	24.25	0.00	0.00
FBC	90	24.43	25.88	25.28	24.40	0.00	0.00
FBC	91	23.76	26.35	25.79	24.10	0.00	0.00
FBC	92	24.11	25.97	25.61	24.32	0.00	0.00
FBC	93	24.38	25.69	25.38	24.54	0.00	0.00
FBC	94	23.98	26.14	25.83	24.05	0.00	0.00
FBC	95	24.26	25.78	25.52	24.43	0.00	0.00
FBC	96	24.40	25.74	25.20	24.65	0.00	0.00
FBC	97	23.74	26.21	25.82	24.23	0.00	0.00
FBC	98	24.05	25.95	25.53	24.48	0.00	0.00
FBC	99	24.25	25.71	25.29	24.76	0.00	0.00
FBC	100	23.83	26.15	25.72	24.30	0.00	0.00
FBC	101	24.20	25.90	25.60	24.30	0.00	0.00
FBC	102	24.41	25.67	25.18	24.75	0.00	0.00
FBC	103	23.86	26.17	25.67	24.29	0.00	0.00
FBC	104	24.24	25.84	25.43	24.50	0.00	0.00
FBC	105	24.42	25.64	25.13	24.80	0.00	0.00
FBC	106	23.83	26.20	25.67	24.30	0.00	0.00
FBC	107	24.15	25.95	25.46	24.44	0.00	0.00
FBC	108	24.33	25.86	25.28	24.53	0.00	0.00
FBC	109	23.90	26.09	25.77	24.23	0.00	0.00
FBC	110	24.30	25.92	25.45	24.34	0.00	0.00
FBC	111	24.43	25.78	25.35	24.44	0.00	0.00
FBC	112	23.83	26.35	25.76	24.06	0.00	0.00
FBC	113	24.09	26.05	25.60	24.27	0.00	0.00
FBC	114	24.36	25.62	25.29	24.72	0.00	0.00
FBC	115	23.90	26.21	25.87	24.02	0.00	0.00
FBC	116	24.26	25.91	25.37	24.46	0.00	0.00
FBC	117	24.48	25.72	25.26	24.54	0.00	0.00
FBC	118	23.90	26.08	25.82	24.19	0.00	0.00
FBC	119	24.28	26.00	25.42	24.29	0.00	0.00
FBC	120	24.34	25.89	25.35	24.42	0.00	0.00
FBC	121	23.97	26.12	25.77	24.14	0.00	0.00
FBC	122	24.14	26.19	25.54	24.13	0.00	0.00
FBC	123	24.62	25.74	25.36	24.29	0.00	0.00
FBC	124	24.02	26.23	25.87	23.87	0.00	0.00
FBC	125	24.26	26.10	25.48	24.15	0.00	0.00
FBC	126	24.49	25.81	25.24	24.45	0.00	0.00
FBC	127	23.89	26.30	25.88	23.93	0.00	0.00
FBC	128	24.29	25.99	25.51	24.22	0.00	0.00
FBC	129	24.49	25.73	25.33	24.44	0.00	0.00
FBC	130	24.04	26.14	25.95	23.87	0.00	0.00
FBC	131	24.14	26.05	25.59	24.22	0.00	0.00
FBC	132	24.25	25.94	25.45	24.37	0.00	0.00
FBC	133	23.85	26.34	25.81	24.00	0.00	0.00
FBC	134	24.29	25.97	25.61	24.14	0.00	0.00
FBC	135	24.52	25.68	25.41	24.39	0.00	0.00
FBC	136	24.00	26.33	25.78	23.88	0.00	0.00
FBC	137	24.28	26.13	25.53	24.06	0.00	0.00
FBC	138	24.51	25.76	25.36	24.37	0.00	0.00
FBC	139	24.06	26.10	25.97	23.86	0.00	0.00
FBC	140	24.29	25.97	25.64	24.10	0.00	0.00
FBC	141	24.37	25.93	25.43	24.27	0.00	0.00
FBC	142	23.99	26.38	25.76	23.87	0.00	0.00
FBC	143	24.28	26.02	25.48	24.21	0.00	0.00
FBC	144	24.50	25.71	25.41	24.38	0.00	0.00
FBC	145	24.07	26.22	25.71	24.00	0.00	0.00
FBC	146	24.36	25.95	25.45	24.24	0.00	0.00
FBC	147	24.34	25.98	25.32	24.35	0.00	0.00
FBC	148	23.97	26.35	25.79	23.89	0.00	0.00
FBC	149	24.20	26.00	25.65	24.15	0.00	0.00
FBC	150	24.40	25.81	25.35	24.44	0.00	0.00
FBC	151	23.88	26.18	25.92	24.02	0.00	0.00
# ACGT raw counters for first fragments. Use `grep ^FTC | cut -f 2-` to extract this part. The columns are: A,C,G,T,N base counters
FTC	1887204110	2036392258	1998861592	1891416999	29450
# ACGT content per cycle for last fragments. Use `grep ^LBC | cut -f 2-` to extract this part. The columns are: cycle; A,C,G,T base counts as a percentage of all A/C/G/T bases [%]; and N and O counts as a percentage of all A/C/G/T bases [%]
LBC	1	8.77	40.81	41.58	8.84	0.00	0.00
LBC	2	23.09	26.26	26.59	24.07	0.00	0.00
LBC	3	20.88	29.02	28.82	21.27	0.00	0.00
LBC	4	22.12	27.58	27.96	22.35	0.00	0.00
LBC	5	25.70	23.79	24.22	26.29	0.00	0.00
LBC	6	26.24	23.57	24.01	26.18	0.00	0.00
LBC	7	29.38	19.94	20.40	30.28	0.00	0.00
LBC	8	25.77	24.25	24.07	25.90	0.00	0.00
LBC	9	25.59	24.03	24.03	26.36	0.00	0.00
LBC	10	27.89	21.89	22.14	28.08	0.01	0.00
LBC	11	22.30	27.45	27.97	22.28	0.00	0.00
LBC	12	22.91	26.81	27.11	23.18	0.00	0.00
LBC	13	23.98	25.65	26.11	24.25	0.00	0.00
LBC	14	24.95	25.02	25.27	24.76	0.00	0.00
LBC	15	24.37	25.52	25.87	24.25	0.00	0.00
LBC	16	23.95	26.01	26.34	23.71	0.00	0.00
LBC	17	24.56	25.43	25.51	24.50	0.00	0.00
LBC	18	24.58	25.38	25.61	24.43	0.00	0.00
LBC	19	23.95	26.07	26.17	23.81	0.00	0.00
LBC	20	24.62	25.04	25.66	24.68	0.00	0.00
LBC	21	24.54	25.34	25.53	24.59	0.00	0.00
LBC	22	24.07	25.85	26.01	24.08	0.00	0.00
LBC	23	24.89	25.16	25.25	24.70	0.00	0.00
LBC	24	24.41	25.46	25.42	24.72	0.00	0.00
LBC	25	23.86	26.10	26.12	23.92	0.00	0.00
LBC	26	24.78	25.21	25.43	24.58	0.00	0.00
LBC	27	24.28	25.73	25.53	24.45	0.00	0.00
LBC	28	23.97	25.97	26.19	23.86	0.00	0.00
LBC	29	24.60	25.29	25.50	24.61	0.00	0.00
LBC	30	24.35	25.61	25.61	24.43	0.00	0.00
LBC	31	23.89	25.84	26.25	24.02	0.00	0.00
LBC	32	24.50	25.24	25.65	24.61	0.00	0.00
LBC	33	24.25	25.76	25.65	24.34	0.00	0.00
LBC	34	23.93	25.95	26.35	23.78	0.00	0.00
LBC	35	24.62	25.26	25.55	24.57	0.00	0.00
LBC	36	24.36	25.45	25.88	24.31	0.00	0.00
LBC	37	23.99	25.84	26.19	23.98	0.00	0.00
LBC	38	24.69	25.16	25.50	24.65	0.00	0.00
LBC	39	24.44	25.41	25.70	24.45	0.00	0.00
LBC	40	23.86	25.89	26.32	23.93	0.00	0.00
LBC	41	24.67	25.04	25.51	24.77	0.01	0.00
LBC	42	24.40	25.35	25.73	24.52	0.00	0.00
LBC	43	23.94	25.87	26.16	24.03	0.00	0.00
LBC	44	24.60	25.29	25.45	24.66	0.00	0.00
LBC	45	24.34	25.55	25.66	24.45	0.00	0.00
LBC	46	23.82	26.11	26.22	23.86	0.00	0.00
LBC	47	24.45	25.24	25.58	24.73	0.00	0.00
LBC	48	24.35	25.42	25.81	24.41	0.00	0.00
LBC	49	23.75	25.88	26.24	24.13	0.00	0.00
LBC	50	24.62	25.08	25.60	24.70	0.00	0.00
LBC	51	24.30	25.51	25.78	24.41	0.00	0.00
LBC	52	23.94	25.80	26.14	24.12	0.00	0.00
LBC	53	24.80	24.97	25.57	24.66	0.00	0.00
LBC	54	24.47	25.34	25.76	24.43	0.00	0.00
LBC	55	23.93	25.88	26.13	24.07	0.00	0.00
LBC	56	24.51	25.17	25.57	24.75	0.00	0.00
LBC	57	24.51	25.46	25.60	24.43	0.00	0.00
LBC	58	23.92	25.93	26.11	24.04	0.00	0.00
LBC	59	24.49	25.30	25.46	24.76	0.00	0.00
LBC	60	24.37	25.51	25.70	24.41	0.00	0.00
LBC	61	23.96	25.92	26.09	24.04	0.00	0.00
LBC	62	24.59	25.49	25.48	24.44	0.01	0.00
LBC	63	24.21	25.59	25.80	24.40	0.00	0.00
LBC	64	23.93	25.92	26.18	23.97	0.00	0.00
LBC	65	24.44	25.26	25.54	24.75	0.00	0.00
LBC	66	24.16	25.57	25.82	24.44	0.00	0.00
LBC	67	24.10	25.85	26.15	23.89	0.00	0.00
LBC	68	24.78	25.27	25.45	24.50	0.00	0.00
LBC	69	24.51	25.25	25.74	24.51	0.01	0.00
LBC	70	24.10	25.80	26.17	23.93	0.00	0.00
LBC	71	24.71	25.12	25.50	24.68	0.00	0.00
LBC	72	24.54	25.27	25.61	24.58	0.00	0.00
LBC	73	24.02	26.03	26.10	23.85	0.00	0.00
LBC	74	24.79	25.25	25.38	24.58	0.00	0.00
LBC	75	24.23	25.61	25.66	24.50	0.00	0.00
LBC	76	23.96	26.05	26.19	23.81	0.00	0.00
LBC	77	24.52	25.38	25.48	24.62	0.00	0.00
LBC	78	24.29	25.66	25.67	24.38	0.00	0.00
LBC	79	23.92	25.90	26.18	24.00	0.00	0.00
LBC	80	24.64	25.37	25.47	24.53	0.00	0.00
LBC	81	24.27	25.72	25.72	24.30	0.00	0.00
LBC	82	23.96	25.95	26.09	24.00	0.00	0.00
LBC	83	24.69	25.30	25.51	24.50	0.00	0.00
LBC	84	24.31	25.52	25.79	24.38	0.00	0.00
LBC	85	23.87	25.84	26.18	24.11	0.00	0.00
LBC	86	24.62	25.17	25.57	24.65	0.00	0.00
LBC	87	24.26	25.38	25.85	24.51	0.00	0.00
LBC	88	23.89	25.87	26.29	23.94	0.00	0.00
LBC	89	24.69	25.39	25.41	24.52	0.00	0.00
LBC	90	24.45	25.54	25.56	24.45	0.00	0.00
LBC	91	24.05	26.02	26.06	23.87	0.00	0.00
LBC	92	24.71	25.31	25.44	24.54	0.00	0.00
LBC	93	24.48	25.38	25.63	24.52	0.00	0.00
LBC	94	24.02	25.94	26.05	24.00	0.00	0.00
LBC	95	24.62	25.13	25.58	24.67	0.00	0.00
LBC	96	24.44	25.37	25.88	24.31	0.00	0.00
LBC	97	23.95	25.84	26.15	24.06	0.00	0.00
LBC	98	24.72	25.13	25.48	24.67	0.00	0.00
LBC	99	24.30	25.50	25.77	24.42	0.00	0.00
LBC	100	23.85	25.89	26.14	24.12	0.00	0.00
LBC	101	24.53	25.24	25.60	24.63	0.00	0.00
LBC	102	24.46	25.31	25.83	24.39	0.00	0.00
LBC	103	23.95	25.94	26.05	24.06	0.00	0.00
LBC	104	24.63	25.25	25.42	24.70	0.00	0.00
LBC	105	24.25	25.35	25.87	24.53	0.00	0.00
LBC	106	24.26	25.78	26.08	23.88	0.00	0.00
LBC	107	24.56	25.34	25.59	24.51	0.02	0.00
LBC	108	24.29	25.53	25.81	24.37	0.00	0.00
LBC	109	23.92	25.97	26.28	23.83	0.00	0.00
LBC	110	24.43	25.35	25.63	24.60	0.00	0.00
LBC	111	24.34	25.60	25.76	24.30	0.00	0.00
LBC	112	23.77	26.01	26.16	24.06	0.00	0.00
LBC	113	24.56	25.28	25.70	24.46	0.00	0.00
LBC	114	24.44	25.38	25.79	24.39	0.00	0.00
LBC	115	23.94	25.79	26.25	24.01	0.00	0.00
LBC	116	24.65	25.44	25.40	24.51	0.00	0.00
LBC	117	24.51	25.46	25.75	24.29	0.00	0.00
LBC	118	23.92	25.97	26.17	23.95	0.00	0.00
LBC	119	24.48	25.29	25.65	24.58	0.00	0.00
LBC	120	24.27	25.58	25.81	24.34	0.00	0.00
LBC	121	23.76	25.97	26.07	24.21	0.00	0.00
LBC	122	24.43	25.51	25.54	24.52	0.00	0.00
LBC	123	24.27	25.59	25.83	24.31	0.00	0.00
LBC	124	23.88	25.93	26.25	23.94	0.00	0.00
LBC	125	24.50	25.36	25.56	24.58	0.00	0.00
LBC	126	24.37	25.43	25.87	24.33	0.00	0.00
LBC	127	23.93	25.80	26.29	23.98	0.00	0.00
LBC	128	24.55	25.29	25.51	24.64	0.00	0.00
LBC	129	24.28	25.48	25.78	24.45	0.00	0.00
LBC	130	24.05	25.91	26.14	23.91	0.00	0.00
LBC	131	24.69	25.32	25.56	24.43	0.00	0.00
LBC	132	24.52	25.57	25.68	24.22	0.00	0.00
LBC	133	23.95	25.99	26.17	23.89	0.00	0.00
LBC	134	24.51	25.47	25.54	24.47	0.00	0.00
LBC	135	24.28	25.51	25.84	24.37	0.00	0.00
LBC	136	24.10	25.89	26.13	23.88	0.00	0.00
LBC	137	24.57	25.41	25.64	24.37	0.00	0.00
LBC	138	24.31	25.60	25.89	24.20	0.00	0.00
LBC	139	23.93	25.86	26.33	23.89	0.00	0.00
LBC	140	24.50	25.40	25.78	24.33	0.00	0.00
LBC	141	24.37	25.47	25.95	24.21	0.00	0.00
LBC	142	23.84	26.15	26.18	23.84	0.00	0.00
LBC	143	24.52	25.31	25.72	24.45	0.00	0.00
LBC	144	24.25	25.66	25.99	24.10	0.00	0.00
LBC	145	23.82	26.00	26.18	24.00	0.00	0.00
LBC	146	24.43	25.20	25.85	24.52	0.00	0.00
LBC	147	24.06	25.81	25.89	24.25	0.00	0.00
LBC	148	23.98	25.88	26.35	23.80	0.00	0.00
LBC	149	24.19	25.44	25.91	24.47	0.00	0.00
LBC	150	24.25	25.59	25.91	24.25	0.00	0.00
LBC	151	23.84	25.88	26.46	23.82	0.00	0.00
# ACGT raw counters for last fragments. Use `grep ^LTC | cut -f 2-` to extract this part. The columns are: A,C,G,T,N base counters
LTC	1893104743	2002456355	2023099243	1896675918	41684
# Insert sizes. Use `grep ^IS | cut -f 2-` to extract this part. The columns are: insert size, pairs total, inward oriented pairs, outward oriented pairs, other pairs
IS	0	34379	9789	11669	12921
IS	1	0	0	0	0
IS	2	0	0	0	0
IS	3	0	0	0	0
IS	4	0	0	0	0
IS	5	0	0	0	0
IS	6	0	0	0	0
IS	7	0	0	0	0
IS	8	0	0	0	0
IS	9	0	0	0	0
IS	10	0	0	0	0
IS	11	0	0	0	0
IS	12	0	0	0	0
IS	13	0	0	0	0
IS	14	0	0	0	0
IS	15	0	0	0	0
IS	16	0	0	0	0
IS	17	0	0	0	0
IS	18	0	0	0	0
IS	19	0	0	0	0
IS	20	0	0	0	0
IS	21	0	0	0	0
IS	22	0	0	0	0
IS	23	0	0	0	0
IS	24	0	0	0	0
IS	25	0	0	0	0
IS	26	0	0	0	0
IS	27	0	0	0	0
IS	28	0	0	0	0
IS	29	0	0	0	0
IS	30	0	0	0	0
IS	31	0	0	0	0
IS	32	0	0	0	0
IS	33	0	0	0	0
IS	34	0	0	0	0
IS	35	103	64	39	0
IS	36	118	72	46	0
IS	37	98	66	32	0
IS	38	138	83	55	0
IS	39	164	90	74	0
IS	40	148	74	74	0
IS	41	170	104	66	0
IS	42	191	102	89	0
IS	43	153	95	58	0
IS	44	127	65	62	0
IS	45	190	118	72	0
IS	46	223	122	101	0
IS	47	217	136	81	0
IS	48	253	139	114	0
IS	49	303	162	141	0
IS	50	333	202	131	0
IS	51	384	232	152	0
IS	52	418	255	163	0
IS	53	397	205	192	0
IS	54	408	226	182	0
IS	55	517	280	237	0
IS	56	434	223	211	0
IS	57	534	270	264	0
IS	58	629	333	296	0
IS	59	652	329	323	0
IS	60	810	456	354	0
IS	61	909	493	416	0
IS	62	1014	514	500	0
IS	63	1123	595	528	0
IS	64	1088	598	490	0
IS	65	1064	577	487	0
IS	66	1204	645	559	0
IS	67	1394	741	652	1
IS	68	1454	769	685	0
IS	69	1765	950	815	0
IS	70	1925	1010	915	0
IS	71	2088	1077	1011	0
IS	72	2429	1341	1088	0
IS	73	2699	1461	1238	0
IS	74	2908	1620	1288	0
IS	75	3193	1723	1470	0
IS	76	3487	1888	1599	0
IS	77	3789	2070	1719	0
IS	78	4184	2258	1926	0
IS	79	4619	2508	2111	0
IS	80	5250	2820	2430	0
IS	81	5974	3241	2733	0
IS	82	6992	3707	3285	0
IS	83	7514	4110	3404	0
IS	84	8444	4461	3983	0
IS	85	9549	5247	4302	0
IS	86	10309	5487	4822	0
IS	87	10911	6059	4852	0
IS	88	12400	6630	5770	0
IS	89	13622	7268	6354	0
IS	90	14980	8066	6914	0
IS	91	16603	8926	7677	0
IS	92	18491	9862	8629	0
IS	93	20803	10990	9813	0
IS	94	22851	12169	10682	0
IS	95	24549	13108	11441	0
IS	96	26983	14489	12494	0
IS	97	28899	15430	13469	0
IS	98	30359	16137	14222	0
IS	99	33677	18059	15618	0
IS	100	37355	19790	17565	0
IS	101	39914	21586	18328	0
IS	102	43426	23404	20022	0
IS	103	48653	26165	22488	0
IS	104	50690	26887	23803	0
IS	105	54327	29072	25255	0
IS	106	58467	31201	27266	0
IS	107	60375	32185	28190	0
IS	108	63894	34160	29734	0
IS	109	68196	36538	31658	0
IS	110	71482	38252	33230	0
IS	111	76175	40690	35485	0
IS	112	82316	44065	38251	0
IS	113	86178	45836	40342	0
IS	114	91195	48594	42601	0
IS	115	97026	51760	45266	0
IS	116	100115	53895	46220	0
IS	117	103544	56092	47452	0
IS	118	106472	56961	49511	0
IS	119	108539	58165	50374	0
IS	120	114170	61303	52867	0
IS	121	119785	63720	56065	0
IS	122	123764	66588	57176	0
IS	123	130103	69339	60764	0
IS	124	135997	73689	62308	0
IS	125	138862	74647	64215	0
IS	126	143847	77278	66569	0
IS	127	149162	80723	68439	0
IS	128	149569	80770	68799	0
IS	129	152295	81790	70505	0
IS	130	156735	84734	72001	0
IS	131	160860	86687	74173	0
IS	132	165410	89121	76289	0
IS	133	172939	93219	79720	0
IS	134	176131	94122	82009	0
IS	135	181461	97241	84220	0
IS	136	188404	101651	86753	0
IS	137	187224	101017	86207	0
IS	138	188626	101172	87454	0
IS	139	191069	102349	88720	0
IS	140	193067	104023	89044	0
IS	141	195789	105330	90459	0
IS	142	202643	108539	94104	0
IS	143	204277	109585	94692	0
IS	144	210362	112711	97651	0
IS	145	213774	114817	98957	0
IS	146	216470	116503	99967	0
IS	147	219466	119220	100246	0
IS	148	220121	119172	100949	0
IS	149	218368	118683	99685	0
IS	150	221851	119882	101969	0
IS	151	244289	141571	102718	0
IS	152	258948	247069	11878	1
IS	153	264040	256906	7134	0
IS	154	272406	267674	4732	0
IS	155	271739	267971	3768	0
IS	156	274997	272006	2991	0
IS	157	277988	275274	2714	0
IS	158	276949	274465	2484	0
IS	159	275651	273362	2289	0
IS	160	280101	277929	2172	0
IS	161	277739	275728	2011	0
IS	162	281681	279692	1989	0
IS	163	288798	286806	1992	0
IS	164	288636	286554	2082	0
IS	165	291581	289658	1923	0
IS	166	295727	293613	2114	0
IS	167	296218	294008	2210	0
IS	168	294658	292459	2199	0
IS	169	294121	291779	2342	0
IS	170	289701	287203	2498	0
IS	171	292375	289681	2694	0
IS	172	297399	294758	2641	0
IS	173	297999	294780	3219	0
IS	174	299069	296066	3003	0
IS	175	303402	300361	3041	0
IS	176	303968	300590	3378	0
IS	177	302085	298647	3438	0
IS	178	304081	300481	3600	0
IS	179	300637	296944	3693	0
IS	180	299537	295704	3833	0
IS	181	299191	295225	3966	0
IS	182	296131	291921	4210	0
IS	183	299656	295484	4172	0
IS	184	300700	296112	4588	0
IS	185	302909	298183	4726	0
IS	186	302815	298125	4690	0
IS	187	307802	302634	5168	0
IS	188	304043	298885	5158	0
IS	189	301786	296357	5429	0
IS	190	300808	295078	5730	0
IS	191	297088	291268	5820	0
IS	192	296994	290637	6357	0
IS	193	296742	290351	6391	0
IS	194	298702	292392	6310	0
IS	195	300090	292722	7368	0
IS	196	302082	295026	7056	0
IS	197	298218	291558	6660	0
IS	198	296704	289459	7245	0
IS	199	295771	288434	7337	0
IS	200	290665	283367	7298	0
IS	201	289410	281960	7450	0
IS	202	289353	281943	7410	0
IS	203	284836	277606	7230	0
IS	204	284629	277173	7456	0
IS	205	285906	278549	7357	0
IS	206	284463	277521	6942	0
IS	207	284460	277141	7319	0
IS	208	285787	278847	6940	0
IS	209	277769	271176	6593	0
IS	210	273920	267442	6478	0
IS	211	267794	261725	6069	0
IS	212	261011	255439	5572	0
IS	213	260677	255814	4863	0
IS	214	260018	255103	4915	0
IS	215	255694	250862	4832	0
IS	216	252595	248468	4127	0
IS	217	251561	247948	3613	0
IS	218	247745	244266	3479	0
IS	219	244255	241031	3224	0
IS	220	240736	237741	2995	0
IS	221	235771	232681	3090	0
IS	222	231113	228553	2560	0
IS	223	231594	229056	2538	0
IS	224	226623	224218	2405	0
IS	225	227235	224811	2424	0
IS	226	228761	226507	2254	0
IS	227	226240	224103	2137	0
IS	228	225503	223373	2130	0
IS	229	219781	218081	1700	0
IS	230	216076	214480	1596	0
IS	231	211422	209852	1570	0
IS	232	209977	208404	1573	0
IS	233	206079	204529	1550	0
IS	234	204188	202604	1584	0
IS	235	205857	204370	1487	0
IS	236	202800	201367	1433	0
IS	237	203639	202163	1476	0
IS	238	203707	202189	1518	0
IS	239	201849	200452	1397	0
IS	240	198464	196973	1491	0
IS	241	197095	195615	1480	0
IS	242	189663	188185	1478	0
IS	243	187548	186064	1484	0
IS	244	189714	188284	1430	0
IS	245	185213	183845	1368	0
IS	246	185062	183766	1296	0
IS	247	189186	187753	1433	0
IS	248	185359	184041	1318	0
IS	249	183088	181572	1516	0
IS	250	180296	178888	1408	0
IS	251	176118	174702	1416	0
IS	252	173329	171865	1464	0
IS	253	171442	170042	1400	0
IS	254	166311	164935	1376	0
IS	255	166439	165151	1288	0
IS	256	166165	164826	1338	1
IS	257	165069	163695	1374	0
IS	258	165456	164248	1208	0
IS	259	165961	164701	1260	0
IS	260	161935	160631	1304	0
IS	261	157787	156568	1219	0
IS	262	157240	155987	1253	0
IS	263	153210	152040	1170	0
IS	264	151139	149938	1201	0
IS	265	150709	149372	1337	0
IS	266	149673	148489	1184	0
IS	267	148578	147341	1237	0
IS	268	148324	147089	1235	0
IS	269	145123	143894	1229	0
IS	270	143664	142446	1218	0
IS	271	142000	140769	1231	0
IS	272	140553	139366	1187	0
IS	273	137205	136046	1159	0
IS	274	136227	135056	1171	0
IS	275	133515	132262	1253	0
IS	276	131518	130374	1144	0
IS	277	131514	130352	1162	0
IS	278	130934	129811	1123	0
IS	279	131485	130136	1349	0
IS	280	128193	127089	1104	0
IS	281	125893	124851	1042	0
IS	282	123720	122684	1036	0
IS	283	120938	119903	1035	0
IS	284	119101	118182	919	0
IS	285	116769	115828	941	0
IS	286	115266	114352	914	0
IS	287	115174	114207	967	0
IS	288	114643	113685	958	0
IS	289	113140	112232	908	0
IS	290	113038	112164	874	0
IS	291	111050	110094	956	0
IS	292	109065	108168	897	0
IS	293	105858	104945	913	0
IS	294	104279	103247	1032	0
IS	295	103163	102228	935	0
IS	296	101173	100208	965	0
IS	297	100421	99420	1001	0
IS	298	100603	99277	1326	0
IS	299	99663	98502	1161	0
IS	300	99610	98437	1173	0
IS	301	98402	97213	1189	0
IS	302	95987	94776	1211	0
IS	303	93712	92588	1124	0
IS	304	90651	89718	933	0
IS	305	89799	88819	980	0
IS	306	88432	87505	927	0
IS	307	86217	85362	855	0
IS	308	86484	85285	1199	0
IS	309	85342	84190	1152	0
IS	310	85279	84307	972	0
IS	311	82844	81906	938	0
IS	312	82328	81537	791	0
IS	313	81185	80152	1033	0
IS	314	77648	76660	988	0
IS	315	76852	75830	1022	0
IS	316	75231	74348	883	0
IS	317	73552	72673	879	0
IS	318	73061	72183	878	0
IS	319	72446	71496	950	0
IS	320	70718	69903	815	0
IS	321	71438	70414	1024	0
IS	322	69961	69189	772	0
IS	323	68685	67970	715	0
IS	324	66438	65657	781	0
IS	325	66115	65382	733	0
IS	326	63947	63193	754	0
IS	327	63298	62481	817	0
IS	328	61041	60204	837	0
IS	329	61486	60719	767	0
IS	330	60113	59326	787	0
IS	331	59757	59024	733	0
IS	332	59922	59144	778	0
IS	333	58150	57406	744	0
IS	334	56977	56245	732	0
IS	335	56482	55683	799	0
IS	336	54946	54046	900	0
IS	337	53783	53030	753	0
IS	338	52961	52227	734	0
IS	339	51891	51129	762	0
IS	340	51749	51235	514	0
IS	341	50140	49481	659	0
IS	342	49895	49257	638	0
IS	343	50218	49591	627	0
IS	344	48230	47762	468	0
IS	345	47385	46916	469	0
IS	346	46902	46492	410	0
IS	347	45099	44612	487	0
IS	348	43768	43306	462	0
IS	349	43984	43621	363	0
IS	350	43045	42646	399	0
IS	351	42579	42079	500	0
IS	352	41865	41443	422	0
IS	353	42019	41621	398	0
IS	354	41237	40800	437	0
IS	355	39955	39545	410	0
IS	356	38886	38472	414	0
IS	357	38148	37734	414	0
IS	358	37370	36929	441	0
IS	359	37090	36688	402	0
IS	360	36294	35909	385	0
IS	361	35433	35050	383	0
IS	362	35171	34842	329	0
IS	363	35247	34872	375	0
IS	364	34536	34137	399	0
IS	365	33221	32800	421	0
IS	366	33559	33199	359	1
IS	367	33354	32897	457	0
IS	368	32374	31976	398	0
IS	369	30706	30351	355	0
IS	370	31514	31124	390	0
IS	371	31322	30955	367	0
IS	372	30924	30531	393	0
IS	373	29898	29490	408	0
IS	374	29881	29570	311	0
IS	375	28739	28467	272	0
IS	376	28610	28265	345	0
IS	377	28080	27796	284	0
IS	378	27702	27400	302	0
IS	379	27014	26681	333	0
IS	380	26821	26529	292	0
IS	381	26286	25975	311	0
IS	382	25743	25488	255	0
IS	383	25136	24791	345	0
IS	384	24790	24513	277	0
IS	385	24645	24298	347	0
IS	386	23815	23557	258	0
IS	387	23660	23335	325	0
IS	388	23436	23132	304	0
IS	389	23676	23392	284	0
IS	390	23258	22968	290	0
IS	391	22047	21816	231	0
IS	392	22203	21931	272	0
IS	393	21467	21238	229	0
IS	394	21674	21425	249	0
IS	395	20848	20633	215	0
IS	396	20165	19878	287	0
IS	397	20744	20452	292	0
IS	398	19698	19445	253	0
IS	399	19904	19650	254	0
IS	400	19479	19214	265	0
IS	401	18603	18361	242	0
IS	402	15819	15510	309	0
IS	403	15824	15522	302	0
IS	404	15432	15162	270	0
IS	405	14828	14563	265	0
IS	406	14818	14563	255	0
IS	407	14607	14352	255	0
IS	408	14034	13777	257	0
IS	409	13922	13644	278	0
IS	410	13730	13421	309	0
IS	411	12945	12673	272	0
IS	412	12940	12614	326	0
IS	413	13034	12775	259	0
IS	414	12853	12528	325	0
IS	415	12445	12148	297	0
IS	416	12581	12153	428	0
IS	417	12235	11987	248	0
IS	418	11775	11475	300	0
IS	419	11941	11600	341	0
IS	420	12091	11822	269	0
IS	421	11567	11266	301	0
IS	422	11396	11134	262	0
IS	423	10844	10565	279	0
IS	424	10855	10587	268	0
IS	425	11124	10713	411	0
IS	426	10727	10315	412	0
IS	427	10719	10303	416	0
IS	428	10532	9801	731	0
IS	429	10438	9778	660	0
IS	430	10500	9837	663	0
IS	431	10738	9927	811	0
IS	432	9720	9191	529	0
IS	433	9448	9030	418	0
IS	434	9505	9113	392	0
IS	435	9507	9041	466	0
IS	436	10181	9770	411	0
IS	437	9695	9120	575	0
IS	438	11667	8545	3122	0
IS	439	11274	8352	2922	0
IS	440	9328	8149	1179	0
IS	441	8681	7994	687	0
IS	442	8465	7791	674	0
IS	443	8183	7709	474	0
IS	444	7877	7444	433	0
IS	445	7724	7432	292	0
IS	446	7583	7252	331	0
IS	447	7562	7249	313	0
IS	448	7426	7147	279	0
IS	449	7309	7022	287	0
IS	450	7186	6860	326	0
IS	451	7191	6878	313	0
IS	452	7241	6914	327	0
IS	453	6986	6659	327	0
IS	454	6942	6661	281	0
IS	455	6781	6425	356	0
IS	456	6966	6680	286	0
IS	457	6580	6251	329	0
IS	458	6264	6029	235	0
IS	459	6219	5886	333	0
IS	460	5668	5422	246	0
IS	461	6078	5855	223	0
IS	462	5663	5439	224	0
IS	463	5692	5455	237	0
IS	464	5390	5181	209	0
IS	465	5439	5192	247	0
IS	466	5463	5245	218	0
IS	467	5448	5242	206	0
IS	468	5266	5110	156	0
IS	469	5303	5156	147	0
IS	470	5218	5057	161	0
IS	471	5046	4895	151	0
IS	472	5064	4919	145	0
IS	473	4602	4488	114	0
IS	474	4574	4424	150	0
IS	475	4559	4380	179	0
IS	476	4493	4327	166	0
IS	477	4371	4202	169	0
IS	478	4575	4402	173	0
IS	479	4331	4135	196	0
IS	480	4262	4072	190	0
IS	481	4058	3883	175	0
IS	482	3959	3793	166	0
IS	483	4081	3933	148	0
IS	484	3983	3853	130	0
IS	485	3850	3725	125	0
IS	486	3793	3625	168	0
IS	487	3705	3540	165	0
IS	488	3813	3670	143	0
IS	489	3693	3526	167	0
IS	490	3676	3546	130	0
IS	491	3715	3571	144	0
IS	492	3453	3303	150	0
IS	493	3763	3630	133	0
IS	494	3492	3389	103	0
IS	495	3434	3291	143	0
IS	496	3368	3285	83	0
IS	497	3340	3244	96	0
IS	498	3342	3170	172	0
IS	499	3318	3168	150	0
IS	500	3364	3226	138	0
IS	501	3306	3233	73	0
IS	502	3384	3244	140	0
IS	503	3446	3259	187	0
IS	504	3239	3048	191	0
IS	505	3338	3138	200	0
IS	506	3181	2958	223	0
IS	507	3149	3011	138	0
IS	508	2645	2569	76	0
IS	509	2803	2728	75	0
IS	510	2903	2811	92	0
IS	511	2683	2576	107	0
IS	512	2832	2740	92	0
IS	513	2926	2842	84	0
# Read lengths. Use `grep ^RL | cut -f 2-` to extract this part. The columns are: read length, count
RL	35	933
RL	36	794
RL	37	732
RL	38	822
RL	39	873
RL	40	850
RL	41	965
RL	42	1005
RL	43	838
RL	44	1138
RL	45	1433
RL	46	1410
RL	47	1550
RL	48	1580
RL	49	1799
RL	50	2084
RL	51	2032
RL	52	2121
RL	53	1996
RL	54	1928
RL	55	2192
RL	56	1914
RL	57	2143
RL	58	2358
RL	59	2518
RL	60	2904
RL	61	2958
RL	62	3320
RL	63	3595
RL	64	3570
RL	65	3391
RL	66	3660
RL	67	4313
RL	68	4647
RL	69	5417
RL	70	5636
RL	71	5971
RL	72	6861
RL	73	7619
RL	74	7960
RL	75	8551
RL	76	9220
RL	77	10262
RL	78	11066
RL	79	12562
RL	80	13946
RL	81	15798
RL	82	17811
RL	83	19197
RL	84	21495
RL	85	23761
RL	86	25839
RL	87	27218
RL	88	30693
RL	89	33268
RL	90	37217
RL	91	40879
RL	92	45668
RL	93	51519
RL	94	56033
RL	95	60996
RL	96	66053
RL	97	71233
RL	98	74878
RL	99	82992
RL	100	91275
RL	101	97913
RL	102	105872
RL	103	119217
RL	104	124223
RL	105	133153
RL	106	143390
RL	107	148682
RL	108	157834
RL	109	169057
RL	110	177808
RL	111	189222
RL	112	204056
RL	113	214694
RL	114	225373
RL	115	241019
RL	116	247120
RL	117	256471
RL	118	265502
RL	119	272172
RL	120	284046
RL	121	298325
RL	122	308940
RL	123	325819
RL	124	341066
RL	125	349027
RL	126	359248
RL	127	374203
RL	128	375004
RL	129	381229
RL	130	394318
RL	131	406405
RL	132	418592
RL	133	439143
RL	134	452615
RL	135	460105
RL	136	475052
RL	137	478012
RL	138	485169
RL	139	496941
RL	140	505770
RL	141	519737
RL	142	549695
RL	143	580870
RL	144	595805
RL	145	665938
RL	146	825934
RL	147	917056
RL	148	559546
RL	149	569379
RL	150	562798
RL	151	86874621
# Read lengths - first fragments. Use `grep ^FRL | cut -f 2-` to extract this part. The columns are: read length, count
FRL	35	532
FRL	36	400
FRL	37	382
FRL	38	424
FRL	39	435
FRL	40	431
FRL	41	489
FRL	42	524
FRL	43	450
FRL	44	602
FRL	45	751
FRL	46	745
FRL	47	819
FRL	48	890
FRL	49	1003
FRL	50	1196
FRL	51	1141
FRL	52	1249
FRL	53	1094
FRL	54	1052
FRL	55	1203
FRL	56	1032
FRL	57	1161
FRL	58	1270
FRL	59	1355
FRL	60	1550
FRL	61	1577
FRL	62	1739
FRL	63	1888
FRL	64	1861
FRL	65	1775
FRL	66	1911
FRL	67	2268
FRL	68	2480
FRL	69	2848
FRL	70	2954
FRL	71	3086
FRL	72	3504
FRL	73	3881
FRL	74	4090
FRL	75	4377
FRL	76	4722
FRL	77	5272
FRL	78	5654
FRL	79	6542
FRL	80	7163
FRL	81	8088
FRL	82	8983
FRL	83	9712
FRL	84	10846
FRL	85	11975
FRL	86	13057
FRL	87	13719
FRL	88	15442
FRL	89	16749
FRL	90	18726
FRL	91	20554
FRL	92	22918
FRL	93	25851
FRL	94	28135
FRL	95	30662
FRL	96	33230
FRL	97	35761
FRL	98	37572
FRL	99	41649
FRL	100	45844
FRL	101	49201
FRL	102	53168
FRL	103	59767
FRL	104	62286
FRL	105	66760
FRL	106	71904
FRL	107	74711
FRL	108	79288
FRL	109	84853
FRL	110	89122
FRL	111	94802
FRL	112	102257
FRL	113	107596
FRL	114	112980
FRL	115	120827
FRL	116	123908
FRL	117	128562
FRL	118	133108
FRL	119	136417
FRL	120	142441
FRL	121	149676
FRL	122	155026
FRL	123	163436
FRL	124	171075
FRL	125	174986
FRL	126	180261
FRL	127	187695
FRL	128	188099
FRL	129	191248
FRL	130	197742
FRL	131	203845
FRL	132	210151
FRL	133	220296
FRL	134	226942
FRL	135	230575
FRL	136	238136
FRL	137	239608
FRL	138	243146
FRL	139	248656
FRL	140	252860
FRL	141	258551
FRL	142	272478
FRL	143	286424
FRL	144	297020
FRL	145	329238
FRL	146	406251
FRL	147	434583
FRL	148	279861
FRL	149	284752
FRL	150	282738
FRL	151	43455665
# Read lengths - last fragments. Use `grep ^LRL | cut -f 2-` to extract this part. The columns are: read length, count
LRL	35	401
LRL	36	394
LRL	37	350
LRL	38	398
LRL	39	438
LRL	40	419
LRL	41	476
LRL	42	481
LRL	43	388
LRL	44	536
LRL	45	682
LRL	46	665
LRL	47	731
LRL	48	690
LRL	49	796
LRL	50	888
LRL	51	891
LRL	52	872
LRL	53	902
LRL	54	876
LRL	55	989
LRL	56	882
LRL	57	982
LRL	58	1088
LRL	59	1163
LRL	60	1354
LRL	61	1381
LRL	62	1581
LRL	63	1707
LRL	64	1709
LRL	65	1616
LRL	66	1749
LRL	67	2045
LRL	68	2167
LRL	69	2569
LRL	70	2682
LRL	71	2885
LRL	72	3357
LRL	73	3738
LRL	74	3870
LRL	75	4174
LRL	76	4498
LRL	77	4990
LRL	78	5412
LRL	79	6020
LRL	80	6783
LRL	81	7710
LRL	82	8828
LRL	83	9485
LRL	84	10649
LRL	85	11786
LRL	86	12782
LRL	87	13499
LRL	88	15251
LRL	89	16519
LRL	90	18491
LRL	91	20325
LRL	92	22750
LRL	93	25668
LRL	94	27898
LRL	95	30334
LRL	96	32823
LRL	97	35472
LRL	98	37306
LRL	99	41343
LRL	100	45431
LRL	101	48712
LRL	102	52704
LRL	103	59450
LRL	104	61937
LRL	105	66393
LRL	106	71486
LRL	107	73971
LRL	108	78546
LRL	109	84204
LRL	110	88686
LRL	111	94420
LRL	112	101799
LRL	113	107098
LRL	114	112393
LRL	115	120192
LRL	116	123212
LRL	117	127909
LRL	118	132394
LRL	119	135755
LRL	120	141605
LRL	121	148649
LRL	122	153914
LRL	123	162383
LRL	124	169991
LRL	125	174041
LRL	126	178987
LRL	127	186508
LRL	128	186905
LRL	129	189981
LRL	130	196576
LRL	131	202560
LRL	132	208441
LRL	133	218847
LRL	134	225673
LRL	135	229530
LRL	136	236916
LRL	137	238404
LRL	138	242023
LRL	139	248285
LRL	140	252910
LRL	141	261186
LRL	142	277217
LRL	143	294446
LRL	144	298785
LRL	145	336700
LRL	146	419683
LRL	147	482473
LRL	148	279685
LRL	149	284627
LRL	150	280060
LRL	151	43418956
# Mapping qualities for reads !(UNMAP|SECOND|SUPPL|QCFAIL|DUP). Use `grep ^MAPQ | cut -f 2-` to extract this part. The columns are: mapq, count
MAPQ	0	20927
MAPQ	1	146292
MAPQ	60	96284007
# Indel distribution. Use `grep ^ID | cut -f 2-` to extract this part. The columns are: length, number of insertions, number of deletions
ID	1	1084845	900872
ID	2	268389	563140
ID	3	177237	142862
ID	4	46921	28055
ID	5	11790	34349
ID	6	22685	39504
ID	7	10955	24987
ID	8	13091	14934
# Indels per cycle. Use `grep ^IC | cut -f 2-` to extract this part. The columns are: cycle, number of insertions (fwd), .. (rev) , number of deletions (fwd), .. (rev)
IC	2	2	3	2	1
IC	3	1	2	3	5
IC	4	6	13	5	10
IC	5	10	21	7	4
IC	6	7	31	21	9
IC	7	28	43	39	44
IC	8	1801	1122	1719	2019
IC	9	2200	2148	2383	2923
IC	10	2799	2961	1974	1465
IC	11	3238	2403	2091	2189
IC	12	4093	4117	2864	3445
IC	13	4229	3795	4087	2943
IC	14	4118	4607	4291	4178
IC	15	5672	4949	4564	6102
IC	16	4105	4287	4152	5157
IC	17	4619	6965	4261	6506
IC	18	4520	6465	4165	5413
IC	19	5159	8126	4584	14552
IC	20	5624	7782	4468	5004
IC	21	5451	5866	4779	6104
IC	22	4784	7686	4625	6803
IC	23	5618	6009	4520	6856
IC	24	5704	5541	5324	7229
IC	25	5269	6961	5110	9274
IC	26	5872	5503	6382	12931
IC	27	5719	5921	4852	7128
IC	28	6343	5338	5292	6781
IC	29	5956	6350	5041	9233
IC	30	5219	6783	4883	10351
IC	31	5904	4844	6354	8148
IC	32	5100	6127	5251	5992
IC	33	7509	5693	5201	6359
IC	34	5949	5096	6429	7085
IC	35	6123	9015	6161	6854
IC	36	4942	8021	6030	8415
IC	37	5390	7253	5346	11016
IC	38	6031	6271	5707	17079
IC	39	5466	5767	5928	12941
IC	40	5356	5768	6078	13694
IC	41	6110	6021	7164	8697
IC	42	7055	6183	7618	6706
IC	43	6913	5671	8165	6125
IC	44	6210	6096	6402	11300
IC	45	5177	6079	6172	7490
IC	46	5156	7275	5820	10560
IC	47	6082	7270	7151	5807
IC	48	6467	9047	4833	12843
IC	49	6701	6275	6152	7417
IC	50	7188	6103	5736	5375
IC	51	6927	8220	5743	10652
IC	52	7418	5728	6564	6250
IC	53	6961	9106	4855	7230
IC	54	9815	7200	5552	8947
IC	55	7170	6673	5337	6890
IC	56	6643	7185	5860	7661
IC	57	5445	5824	6018	14986
IC	58	5870	8125	4777	7932
IC	59	6849	8921	5500	8896
IC	60	6659	5542	4678	9193
IC	61	7808	6570	6461	7651
IC	62	6001	5808	9808	7611
IC	63	5896	6707	7824	9968
IC	64	5723	6545	9346	7924
IC	65	5802	6335	6119	11382
IC	66	6843	6147	6673	9649
IC	67	4726	7415	7726	12731
IC	68	7501	7690	7848	7259
IC	69	4955	7630	7173	7647
IC	70	6160	7808	8339	7023
IC	71	6153	7862	7153	6215
IC	72	5701	5868	6465	8592
IC	73	6581	6010	5982	5964
IC	74	4744	6315	7899	6264
IC	75	5723	6951	6731	5571
IC	76	6130	6886	6380	6995
IC	77	6498	8720	8495	5994
IC	78	5013	6986	7538	15200
IC	79	5754	6767	6970	6261
IC	80	5721	6575	5866	5623
IC	81	7523	6281	7199	7610
IC	82	5228	6656	5968	5802
IC	83	5170	6495	6455	7494
IC	84	5946	6087	7535	10156
IC	85	5336	6561	7518	7800
IC	86	5718	6973	6942	5972
IC	87	6191	8074	6999	7217
IC	88	5481	6181	7005	6742
IC	89	6682	5967	6509	6158
IC	90	7437	5848	7558	5550
IC	91	6122	5687	9822	7767
IC	92	6915	5710	6553	5895
IC	93	5805	6296	7695	6372
IC	94	6508	6078	6273	7495
IC	95	5722	6005	8667	5680
IC	96	6044	5188	8075	5930
IC	97	5422	4954	9991	8820
IC	98	8307	5575	10643	6441
IC	99	9205	5831	6131	9785
IC	100	6955	5673	8039	5223
IC	101	5928	5669	6718	5695
IC	102	12361	9048	6861	5570
IC	103	28792	6585	6740	5219
IC	104	10914	6320	5562	5393
IC	105	7314	7467	6096	6287
IC	106	11229	6021	5726	5989
IC	107	5458	9999	6512	5039
IC	108	8409	8472	6226	5378
IC	109	6114	10162	7165	6087
IC	110	8668	5878	6003	5997
IC	111	5841	7230	5011	7301
IC	112	6141	6223	5421	6090
IC	113	6244	8211	5338	6038
IC	114	5527	6138	7461	6340
IC	115	5156	5222	6237	5959
IC	116	5049	6141	7167	5839
IC	117	5403	5572	5756	7097
IC	118	5706	6517	7602	5898
IC	119	5549	7389	10208	5903
IC	120	5672	7146	7159	6148
IC	121	5472	6698	8280	5849
IC	122	5079	5586	6353	4193
IC	123	5479	5878	7085	6113
IC	124	5629	6101	9390	5249
IC	125	5784	5317	9538	5258
IC	126	4749	5546	5725	5238
IC	127	4767	5794	5478	3847
IC	128	5307	4982	6029	4857
IC	129	4902	5168	4502	4282
IC	130	4197	4942	5119	5021
IC	131	4731	5869	5784	6309
IC	132	4318	5065	4656	6927
IC	133	3679	4500	4562	3806
IC	134	5230	4896	4241	4282
IC	135	4770	4575	4336	4765
IC	136	4382	4210	3664	5441
IC	137	3608	5096	2997	4353
IC	138	2879	3131	3121	4445
IC	139	2740	3038	3457	2553
IC	140	2182	2187	2233	2168
IC	141	2193	2320	1569	1250
IC	142	1613	1835	1625	1086
IC	143	1577	1694	2117	1101
IC	144	1383	1832	47	41
IC	145	36	21	8	20
IC	146	104	30	5	3
IC	147	83	2	3	9
IC	148	11	9	1	0
IC	149	3	2	0	1
IC	150	1	2	0	0
# Coverage distribution. Use `grep ^COV | cut -f 2-` to extract this part.
COV	[1-1]	1	631774
COV	[2-2]	2	783467
COV	[3-3]	3	462659
COV	[4-4]	4	584578
COV	[5-5]	5	369066
COV	[6-6]	6	448327
COV	[7-7]	7	319734
COV	[8-8]	8	357919
COV	[9-9]	9	270645
COV	[10-10]	10	305563
COV	[11-11]	11	245483
COV	[12-12]	12	256695
COV	[13-13]	13	221173
COV	[14-14]	14	228198
COV	[15-15]	15	199203
COV	[16-16]	16	199144
COV	[17-17]	17	181259
COV	[18-18]	18	183312
COV	[19-19]	19	165900
COV	[20-20]	20	160471
COV	[21-21]	21	155471
COV	[22-22]	22	152594
COV	[23-23]	23	142801
COV	[24-24]	24	144778
COV	[25-25]	25	132736
COV	[26-26]	26	134760
COV	[27-27]	27	127793
COV	[28-28]	28	126555
COV	[29-29]	29	119217
COV	[30-30]	30	117770
COV	[31-31]	31	114574
COV	[32-32]	32	110483
COV	[33-33]	33	110065
COV	[34-34]	34	105677
COV	[35-35]	35	105097
COV	[36-36]	36	101319
COV	[37-37]	37	97717
COV	[38-38]	38	95670
COV	[39-39]	39	95294
COV	[40-40]	40	95539
COV	[41-41]	41	91632
COV	[42-42]	42	92094
COV	[43-43]	43	88768
COV	[44-44]	44	85947
COV	[45-45]	45	85405
COV	[46-46]	46	84833
COV	[47-47]	47	82319
COV	[48-48]	48	81291
COV	[49-49]	49	81296
COV	[50-50]	50	80796
COV	[51-51]	51	76619
COV	[52-52]	52	77563
COV	[53-53]	53	75302
COV	[54-54]	54	76090
COV	[55-55]	55	73263
COV	[56-56]	56	73851
COV	[57-57]	57	72843
COV	[58-58]	58	72122
COV	[59-59]	59	70839
COV	[60-60]	60	70024
COV	[61-61]	61	68852
COV	[62-62]	62	68210
COV	[63-63]	63	66933
COV	[64-64]	64	66142
COV	[65-65]	65	65949
COV	[66-66]	66	64471
COV	[67-67]	67	64856
COV	[68-68]	68	63826
COV	[69-69]	69	63655
COV	[70-70]	70	62339
COV	[71-71]	71	61688
COV	[72-72]	72	61393
COV	[73-73]	73	60747
COV	[74-74]	74	61182
COV	[75-75]	75	60325
COV	[76-76]	76	59327
COV	[77-77]	77	57949
COV	[78-78]	78	57890
COV	[79-79]	79	57417
COV	[80-80]	80	57400
COV	[81-81]	81	56854
COV	[82-82]	82	56330
COV	[83-83]	83	55387
COV	[84-84]	84	55308
COV	[85-85]	85	55139
COV	[86-86]	86	55405
COV	[87-87]	87	53198
COV	[88-88]	88	54093
COV	[89-89]	89	53869
COV	[90-90]	90	53131
COV	[91-91]	91	52466
COV	[92-92]	92	51146
COV	[93-93]	93	51230
COV	[94-94]	94	50950
COV	[95-95]	95	49639
COV	[96-96]	96	48982
COV	[97-97]	97	49530
COV	[98-98]	98	48162
COV	[99-99]	99	48814
COV	[100-100]	100	47877
COV	[101-101]	101	47022
COV	[102-102]	102	47254
COV	[103-103]	103	46777
COV	[104-104]	104	46724
COV	[105-105]	105	46333
COV	[106-106]	106	46662
COV	[107-107]	107	45669
COV	[108-108]	108	45533
COV	[109-109]	109	45530
COV	[110-110]	110	44014
COV	[111-111]	111	44293
COV	[112-112]	112	43878
COV	[113-113]	113	43945
COV	[114-114]	114	43040
COV	[115-115]	115	43110
COV	[116-116]	116	42350
COV	[117-117]	117	43028
COV	[118-118]	118	42553
COV	[119-119]	119	41265
COV	[120-120]	120	41388
COV	[121-121]	121	41638
COV	[122-122]	122	41285
COV	[123-123]	123	40699
COV	[124-124]	124	39840
COV	[125-125]	125	40023
COV	[126-126]	126	40082
COV	[127-127]	127	40091
COV	[128-128]	128	39500
COV	[129-129]	129	39578
COV	[130-130]	130	39294
COV	[131-131]	131	39215
COV	[132-132]	132	38802
COV	[133-133]	133	39219
COV	[134-134]	134	39091
COV	[135-135]	135	38159
COV	[136-136]	136	37325
COV	[137-137]	137	37151
COV	[138-138]	138	37329
COV	[139-139]	139	36803
COV	[140-140]	140	36794
COV	[141-141]	141	36937
COV	[142-142]	142	36303
COV	[143-143]	143	35930
COV	[144-144]	144	35718
COV	[145-145]	145	35770
COV	[146-146]	146	35091
COV	[147-147]	147	35099
COV	[148-148]	148	35008
COV	[149-149]	149	34944
COV	[150-150]	150	34342
COV	[151-151]	151	34409
COV	[152-152]	152	34492
COV	[153-153]	153	33720
COV	[154-154]	154	33574
COV	[155-155]	155	33891
COV	[156-156]	156	33911
COV	[157-157]	157	33418
COV	[158-158]	158	33180
COV	[159-159]	159	33175
COV	[160-160]	160	32967
COV	[161-161]	161	32554
COV	[162-162]	162	32296
COV	[163-163]	163	32643
COV	[164-164]	164	32385
COV	[165-165]	165	31915
COV	[166-166]	166	31622
COV	[167-167]	167	31664
COV	[168-168]	168	31763
COV	[169-169]	169	31663
COV	[170-170]	170	31312
COV	[171-171]	171	31074
COV	[172-172]	172	31340
COV	[173-173]	173	30487
COV	[174-174]	174	31064
COV	[175-175]	175	30735
COV	[176-176]	176	30344
COV	[177-177]	177	30383
COV	[178-178]	178	30519
COV	[179-179]	179	29869
COV	[180-180]	180	30486
COV	[181-181]	181	29919
COV	[182-182]	182	29242
COV	[183-183]	183	29402
COV	[184-184]	184	29597
COV	[185-185]	185	29043
COV	[186-186]	186	28994
COV	[187-187]	187	29109
COV	[188-188]	188	29117
COV	[189-189]	189	28215
COV	[190-190]	190	28801
COV	[191-191]	191	27988
COV	[192-192]	192	28269
COV	[193-193]	193	28450
COV	[194-194]	194	28027
COV	[195-195]	195	28013
COV	[196-196]	196	27902
COV	[197-197]	197	27852
COV	[198-198]	198	27692
COV	[199-199]	199	27234
COV	[200-200]	200	27739
COV	[201-201]	201	27406
COV	[202-202]	202	26897
COV	[203-203]	203	27457
COV	[204-204]	204	26977
COV	[205-205]	205	26447
COV	[206-206]	206	26476
COV	[207-207]	207	26371
COV	[208-208]	208	26067
COV	[209-209]	209	26000
COV	[210-210]	210	26327
COV	[211-211]	211	25936
COV	[212-212]	212	26202
COV	[213-213]	213	26122
COV	[214-214]	214	26262
COV	[215-215]	215	25509
COV	[216-216]	216	26431
COV	[217-217]	217	25781
COV	[218-218]	218	25666
COV	[219-219]	219	25226
COV	[220-220]	220	25350
COV	[221-221]	221	25451
COV	[222-222]	222	25648
COV	[223-223]	223	25321
COV	[224-224]	224	25282
COV	[225-225]	225	25023
COV	[226-226]	226	25200
COV	[227-227]	227	25189
COV	[228-228]	228	24530
COV	[229-229]	229	24624
COV	[230-230]	230	24087
COV	[231-231]	231	24131
COV	[232-232]	232	23972
COV	[233-233]	233	23946
COV	[234-234]	234	23896
COV	[235-235]	235	24081
COV	[236-236]	236	23787
COV	[237-237]	237	23632
COV	[238-238]	238	23373
COV	[239-239]	239	23094
COV	[240-240]	240	23620
COV	[241-241]	241	23471
COV	[242-242]	242	23050
COV	[243-243]	243	23467
COV	[244-244]	244	23175
COV	[245-245]	245	22908
COV	[246-246]	246	22592
COV	[247-247]	247	22828
COV	[248-248]	248	22652
COV	[249-249]	249	22865
COV	[250-250]	250	22497
COV	[251-251]	251	22402
COV	[252-252]	252	22405
COV	[253-253]	253	22246
COV	[254-254]	254	21605
COV	[255-255]	255	22135
COV	[256-256]	256	21881
COV	[257-257]	257	22075
COV	[258-258]	258	21639
COV	[259-259]	259	21739
COV	[260-260]	260	21547
COV	[261-261]	261	21183
COV	[262-262]	262	21447
COV	[263-263]	263	21520
COV	[264-264]	264	21139
COV	[265-265]	265	21083
COV	[266-266]	266	21100
COV	[267-267]	267	20911
COV	[268-268]	268	20858
COV	[269-269]	269	20574
COV	[270-270]	270	20882
COV	[271-271]	271	20707
COV	[272-272]	272	20324
COV	[273-273]	273	20230
COV	[274-274]	274	20154
COV	[275-275]	275	20084
COV	[276-276]	276	20094
COV	[277-277]	277	20179
COV	[278-278]	278	20124
COV	[279-279]	279	20045
COV	[280-280]	280	19719
COV	[281-281]	281	19926
COV	[282-282]	282	19587
COV	[283-283]	283	19625
COV	[284-284]	284	19529
COV	[285-285]	285	19380
COV	[286-286]	286	19211
COV	[287-287]	287	19278
COV	[288-288]	288	18946
COV	[289-289]	289	18891
COV	[290-290]	290	18479
COV	[291-291]	291	18748
COV	[292-292]	292	18614
COV	[293-293]	293	18649
COV	[294-294]	294	18402
COV	[295-295]	295	18297
COV	[296-296]	296	18213
COV	[297-297]	297	18030
COV	[298-298]	298	18074
COV	[299-299]	299	18305
COV	[300-300]	300	18105
COV	[301-301]	301	17666
COV	[302-302]	302	18125
COV	[303-303]	303	18042
COV	[304-304]	304	17747
COV	[305-305]	305	17792
COV	[306-306]	306	17910
COV	[307-307]	307	17691
COV	[308-308]	308	17572
COV	[309-309]	309	17720
COV	[310-310]	310	17551
COV	[311-311]	311	17418
COV	[312-312]	312	17175
COV	[313-313]	313	17300
COV	[314-314]	314	17338
COV	[315-315]	315	16951
COV	[316-316]	316	16986
COV	[317-317]	317	17323
COV	[318-318]	318	17246
COV	[319-319]	319	17145
COV	[320-320]	320	17429
COV	[321-321]	321	16830
COV	[322-322]	322	16685
COV	[323-323]	323	16446
COV	[324-324]	324	16706
COV	[325-325]	325	16367
COV	[326-326]	326	16682
COV	[327-327]	327	16710
COV	[328-328]	328	16458
COV	[329-329]	329	16296
COV	[330-330]	330	16179
COV	[331-331]	331	15852
COV	[332-332]	332	16341
COV	[333-333]	333	15986
COV	[334-334]	334	16063
COV	[335-335]	335	16022
COV	[336-336]	336	15929
COV	[337-337]	337	15668
COV	[338-338]	338	16016
COV	[339-339]	339	15809
COV	[340-340]	340	15650
COV	[341-341]	341	15711
COV	[342-342]	342	15590
COV	[343-343]	343	15403
COV	[344-344]	344	15376
COV	[345-345]	345	15646
COV	[346-346]	346	15397
COV	[347-347]	347	15463
COV	[348-348]	348	15449
COV	[349-349]	349	15465
COV	[350-350]	350	15499
COV	[351-351]	351	15161
COV	[352-352]	352	15289
COV	[353-353]	353	15334
COV	[354-354]	354	15115
COV	[355-355]	355	15286
COV	[356-356]	356	14806
COV	[357-357]	357	15098
COV	[358-358]	358	14667
COV	[359-359]	359	14851
COV	[360-360]	360	14908
COV	[361-361]	361	14799
COV	[362-362]	362	14646
COV	[363-363]	363	14698
COV	[364-364]	364	14749
COV	[365-365]	365	14774
COV	[366-366]	366	14462
COV	[367-367]	367	14352
COV	[368-368]	368	14454
COV	[369-369]	369	14455
COV	[370-370]	370	14082
COV	[371-371]	371	14573
COV	[372-372]	372	14294
COV	[373-373]	373	14115
COV	[374-374]	374	14329
COV	[375-375]	375	13939
COV	[376-376]	376	14133
COV	[377-377]	377	14045
COV	[378-378]	378	13996
COV	[379-379]	379	13875
COV	[380-380]	380	13814
COV	[381-381]	381	13845
COV	[382-382]	382	13649
COV	[383-383]	383	13749
COV	[384-384]	384	13613
COV	[385-385]	385	13587
COV	[386-386]	386	13675
COV	[387-387]	387	13468
COV	[388-388]	388	13805
COV	[389-389]	389	13267
COV	[390-390]	390	13395
COV	[391-391]	391	13168
COV	[392-392]	392	12949
COV	[393-393]	393	12941
COV	[394-394]	394	13041
COV	[395-395]	395	12910
COV	[396-396]	396	13044
COV	[397-397]	397	12964
COV	[398-398]	398	12888
COV	[399-399]	399	12820
COV	[400-400]	400	13133
COV	[401-401]	401	12975
COV	[402-402]	402	12656
COV	[403-403]	403	12656
COV	[404-404]	404	13028
COV	[405-405]	405	12591
COV	[406-406]	406	12651
COV	[407-407]	407	12477
COV	[408-408]	408	12674
COV	[409-409]	409	12606
COV	[410-410]	410	12545
COV	[411-411]	411	12275
COV	[412-412]	412	12558
COV	[413-413]	413	12372
COV	[414-414]	414	12367
COV	[415-415]	415	12053
COV	[416-416]	416	12483
COV	[417-417]	417	12134
COV	[418-418]	418	12131
COV	[419-419]	419	12184
COV	[420-420]	420	12164
COV	[421-421]	421	12107
COV	[422-422]	422	12151
COV	[423-423]	423	12222
COV	[424-424]	424	12009
COV	[425-425]	425	11675
COV	[426-426]	426	11733
COV	[427-427]	427	11607
COV	[428-428]	428	11616
COV	[429-429]	429	11743
COV	[430-430]	430	11706
COV	[431-431]	431	11591
COV	[432-432]	432	11602
COV	[433-433]	433	11475
COV	[434-434]	434	11528
COV	[435-435]	435	11506
COV	[436-436]	436	11434
COV	[437-437]	437	11440
COV	[438-438]	438	11259
COV	[439-439]	439	11118
COV	[440-440]	440	11339
COV	[441-441]	441	11212
COV	[442-442]	442	11400
COV	[443-443]	443	11170
COV	[444-444]	444	10939
COV	[445-445]	445	10954
COV	[446-446]	446	11007
COV	[447-447]	447	10817
COV	[448-448]	448	10761
COV	[449-449]	449	10882
COV	[450-450]	450	10922
COV	[451-451]	451	10885
COV	[452-452]	452	10868
COV	[453-453]	453	10722
COV	[454-454]	454	10946
COV	[455-455]	455	10550
COV	[456-456]	456	10747
COV	[457-457]	457	10700
COV	[458-458]	458	10772
COV	[459-459]	459	10350
COV	[460-460]	460	10620
COV	[461-461]	461	10608
COV	[462-462]	462	10280
COV	[463-463]	463	10472
COV	[464-464]	464	10212
COV	[465-465]	465	10465
COV	[466-466]	466	10432
COV	[467-467]	467	10327
COV	[468-468]	468	10488
COV	[469-469]	469	10375
COV	[470-470]	470	9904
COV	[471-471]	471	10225
COV	[472-472]	472	9924
COV	[473-473]	473	9995
COV	[474-474]	474	10160
COV	[475-475]	475	10254
COV	[476-476]	476	10048
COV	[477-477]	477	10006
COV	[478-478]	478	10012
COV	[479-479]	479	10107
COV	[480-480]	480	9852
COV	[481-481]	481	9916
COV	[482-482]	482	9962
COV	[483-483]	483	9909
COV	[484-484]	484	9846
COV	[485-485]	485	9959
COV	[486-486]	486	9853
COV	[487-487]	487	9717
COV	[488-488]	488	9834
COV	[489-489]	489	9841
COV	[490-490]	490	9754
COV	[491-491]	491	9527
COV	[492-492]	492	9646
COV	[493-493]	493	9634
COV	[494-494]	494	9282
COV	[495-495]	495	9536
COV	[496-496]	496	9533
COV	[497-497]	497	9560
COV	[498-498]	498	9448
COV	[499-499]	499	9414
COV	[500-500]	500	9405
COV	[501-501]	501	9401
COV	[502-502]	502	9448
COV	[503-503]	503	9517
COV	[504-504]	504	9567
COV	[505-505]	505	9178
COV	[506-506]	506	9450
COV	[507-507]	507	9226
COV	[508-508]	508	9316
COV	[509-509]	509	9065
COV	[510-510]	510	9304
COV	[511-511]	511	9168
COV	[512-512]	512	9104
COV	[513-513]	513	9057
COV	[514-514]	514	8891
COV	[515-515]	515	9052
COV	[516-516]	516	9069
COV	[517-517]	517	8818
COV	[518-518]	518	8810
COV	[519-519]	519	8690
COV	[520-520]	520	9033
COV	[521-521]	521	8909
COV	[522-522]	522	8766
COV	[523-523]	523	8611
COV	[524-524]	524	8857
COV	[525-525]	525	8932
COV	[526-526]	526	8702
COV	[527-527]	527	8899
COV	[528-528]	528	8771
COV	[529-529]	529	8602
COV	[530-530]	530	8749
COV	[531-531]	531	8691
COV	[532-532]	532	8582
COV	[533-533]	533	8507
COV	[534-534]	534	8673
COV	[535-535]	535	8508
COV	[536-536]	536	8392
COV	[537-537]	537	8558
COV	[538-538]	538	8519
COV	[539-539]	539	8378
COV	[540-540]	540	8495
COV	[541-541]	541	8404
COV	[542-542]	542	8390
COV	[543-543]	543	8342
COV	[544-544]	544	8285
COV	[545-545]	545	8299
COV	[546-546]	546	8447
COV	[547-547]	547	8061
COV	[548-548]	548	8321
COV	[549-549]	549	8031
COV	[550-550]	550	8380
COV	[551-551]	551	8027
COV	[552-552]	552	8190
COV	[553-553]	553	8114
COV	[554-554]	554	8253
COV	[555-555]	555	8301
COV	[556-556]	556	8115
COV	[557-557]	557	8103
COV	[558-558]	558	7970
COV	[559-559]	559	7780
COV	[560-560]	560	7978
COV	[561-561]	561	7913
COV	[562-562]	562	7834
COV	[563-563]	563	7874
COV	[564-564]	564	7893
COV	[565-565]	565	7871
COV	[566-566]	566	7924
COV	[567-567]	567	8077
COV	[568-568]	568	8076
COV	[569-569]	569	7659
COV	[570-570]	570	7700
COV	[571-571]	571	7803
COV	[572-572]	572	7741
COV	[573-573]	573	7860
COV	[574-574]	574	7668
COV	[575-575]	575	7773
COV	[576-576]	576	7432
COV	[577-577]	577	7683
COV	[578-578]	578	7623
COV	[579-579]	579	7453
COV	[580-580]	580	7591
COV	[581-581]	581	7633
COV	[582-582]	582	7426
COV	[583-583]	583	7613
COV	[584-584]	584	7547
COV	[585-585]	585	7590
COV	[586-586]	586	7564
COV	[587-587]	587	7525
COV	[588-588]	588	7396
COV	[589-589]	589	7409
COV	[590-590]	590	7429
COV	[591-591]	591	7286
COV	[592-592]	592	7527
COV	[593-593]	593	7370
COV	[594-594]	594	7386
COV	[595-595]	595	7320
COV	[596-596]	596	7274
COV	[597-597]	597	7276
COV	[598-598]	598	7291
COV	[599-599]	599	7326
COV	[600-600]	600	7238
COV	[601-601]	601	7150
COV	[602-602]	602	7000
COV	[603-603]	603	7075
COV	[604-604]	604	7115
COV	[605-605]	605	7053
COV	[606-606]	606	6874
COV	[607-607]	607	7051
COV	[608-608]	608	6924
COV	[609-609]	609	7042
COV	[610-610]	610	6896
COV	[611-611]	611	7032
COV	[612-612]	612	6746
COV	[613-613]	613	6862
COV	[614-614]	614	6971
COV	[615-615]	615	6802
COV	[616-616]	616	6854
COV	[617-617]	617	6723
COV	[618-618]	618	6618
COV	[619-619]	619	6644
COV	[620-620]	620	6614
COV	[621-621]	621	6770
COV	[622-622]	622	6644
COV	[623-623]	623	6591
COV	[624-624]	624	6624
COV	[625-625]	625	6674
COV	[626-626]	626	6557
COV	[627-627]	627	6592
COV	[628-628]	628	6670
COV	[629-629]	629	6588
COV	[630-630]	630	6461
COV	[631-631]	631	6556
COV	[632-632]	632	6574
COV	[633-633]	633	6456
COV	[634-634]	634	6353
COV	[635-635]	635	6458
COV	[636-636]	636	6448
COV	[637-637]	637	6317
COV	[638-638]	638	6472
COV	[639-639]	639	6356
COV	[640-640]	640	6343
COV	[641-641]	641	6178
COV	[642-642]	642	6186
COV	[643-643]	643	6248
COV	[644-644]	644	6273
COV	[645-645]	645	6294
COV	[646-646]	646	6278
COV	[647-647]	647	6236
COV	[648-648]	648	6257
COV	[649-649]	649	6261
COV	[650-650]	650	6124
COV	[651-651]	651	6149
COV	[652-652]	652	6358
COV	[653-653]	653	6179
COV	[654-654]	654	6041
COV	[655-655]	655	6082
COV	[656-656]	656	6089
COV	[657-657]	657	6060
COV	[658-658]	658	6181
COV	[659-659]	659	6177
COV	[660-660]	660	6154
COV	[661-661]	661	6166
COV	[662-662]	662	5910
COV	[663-663]	663	6024
COV	[664-664]	664	6226
COV	[665-665]	665	6068
COV	[666-666]	666	5941
COV	[667-667]	667	5863
COV	[668-668]	668	5956
COV	[669-669]	669	5807
COV	[670-670]	670	5922
COV	[671-671]	671	5817
COV	[672-672]	672	6068
COV	[673-673]	673	5896
COV	[674-674]	674	5971
COV	[675-675]	675	5758
COV	[676-676]	676	5905
COV	[677-677]	677	5720
COV	[678-678]	678	5727
COV	[679-679]	679	5730
COV	[680-680]	680	5799
COV	[681-681]	681	5688
COV	[682-682]	682	5722
COV	[683-683]	683	5532
COV	[684-684]	684	5777
COV	[685-685]	685	5876
COV	[686-686]	686	5738
COV	[687-687]	687	5682
COV	[688-688]	688	5653
COV	[689-689]	689	5866
COV	[690-690]	690	5639
COV	[691-691]	691	5686
COV	[692-692]	692	5740
COV	[693-693]	693	5768
COV	[694-694]	694	5629
COV	[695-695]	695	5536
COV	[696-696]	696	5553
COV	[697-697]	697	5536
COV	[698-698]	698	5530
COV	[699-699]	699	5480
COV	[700-700]	700	5588
COV	[701-701]	701	5537
COV	[702-702]	702	5520
COV	[703-703]	703	5514
COV	[704-704]	704	5578
COV	[705-705]	705	5545
COV	[706-706]	706	5502
COV	[707-707]	707	5344
COV	[708-708]	708	5330
COV	[709-709]	709	5273
COV	[710-710]	710	5394
COV	[711-711]	711	5350
COV	[712-712]	712	5344
COV	[713-713]	713	5241
COV	[714-714]	714	5170
COV	[715-715]	715	5347
COV	[716-716]	716	5189
COV	[717-717]	717	5236
COV	[718-718]	718	5361
COV	[719-719]	719	5305
COV	[720-720]	720	5245
COV	[721-721]	721	5286
COV	[722-722]	722	5248
COV	[723-723]	723	5135
COV	[724-724]	724	5108
COV	[725-725]	725	5185
COV	[726-726]	726	5117
COV	[727-727]	727	5144
COV	[728-728]	728	5221
COV	[729-729]	729	5094
COV	[730-730]	730	5242
COV	[731-731]	731	5201
COV	[732-732]	732	5166
COV	[733-733]	733	5166
COV	[734-734]	734	5053
COV	[735-735]	735	4982
COV	[736-736]	736	5026
COV	[737-737]	737	4990
COV	[738-738]	738	5035
COV	[739-739]	739	4989
COV	[740-740]	740	5099
COV	[741-741]	741	4992
COV	[742-742]	742	5016
COV	[743-743]	743	4913
COV	[744-744]	744	4920
COV	[745-745]	745	4921
COV	[746-746]	746	4959
COV	[747-747]	747	4799
COV	[748-748]	748	4984
COV	[749-749]	749	4873
COV	[750-750]	750	4910
COV	[751-751]	751	4860
COV	[752-752]	752	4930
COV	[753-753]	753	4745
COV	[754-754]	754	4816
COV	[755-755]	755	4837
COV	[756-756]	756	4807
COV	[757-757]	757	4720
COV	[758-758]	758	4857
COV	[759-759]	759	4733
COV	[760-760]	760	4884
COV	[761-761]	761	4718
COV	[762-762]	762	4836
COV	[763-763]	763	4835
COV	[764-764]	764	4666
COV	[765-765]	765	4881
COV	[766-766]	766	4724
COV	[767-767]	767	4593
COV	[768-768]	768	4783
COV	[769-769]	769	4717
COV	[770-770]	770	4788
COV	[771-771]	771	4637
COV	[772-772]	772	4662
COV	[773-773]	773	4588
COV	[774-774]	774	4597
COV	[775-775]	775	4589
COV	[776-776]	776	4661
COV	[777-777]	777	4728
COV	[778-778]	778	4497
COV	[779-779]	779	4671
COV	[780-780]	780	4516
COV	[781-781]	781	4469
COV	[782-782]	782	4475
COV	[783-783]	783	4587
COV	[784-784]	784	4504
COV	[785-785]	785	4583
COV	[786-786]	786	4443
COV	[787-787]	787	4449
COV	[788-788]	788	4432
COV	[789-789]	789	4402
COV	[790-790]	790	4498
COV	[791-791]	791	4470
COV	[792-792]	792	4507
COV	[793-793]	793	4483
COV	[794-794]	794	4538
COV	[795-795]	795	4483
COV	[796-796]	796	4519
COV	[797-797]	797	4554
COV	[798-798]	798	4529
COV	[799-799]	799	4482
COV	[800-800]	800	4393
COV	[801-801]	801	4340
COV	[802-802]	802	4436
COV	[803-803]	803	4423
COV	[804-804]	804	4512
COV	[805-805]	805	4473
COV	[806-806]	806	4520
COV	[807-807]	807	4427
COV	[808-808]	808	4391
COV	[809-809]	809	4366
COV	[810-810]	810	4305
COV	[811-811]	811	4409
COV	[812-812]	812	4350
COV	[813-813]	813	4306
COV	[814-814]	814	4400
COV	[815-815]	815	4282
COV	[816-816]	816	4285
COV	[817-817]	817	4296
COV	[818-818]	818	4257
COV	[819-819]	819	4312
COV	[820-820]	820	4318
COV	[821-821]	821	4132
COV	[822-822]	822	4341
COV	[823-823]	823	4213
COV	[824-824]	824	4242
COV	[825-825]	825	4160
COV	[826-826]	826	4114
COV	[827-827]	827	4124
COV	[828-828]	828	4137
COV	[829-829]	829	4200
COV	[830-830]	830	4143
COV	[831-831]	831	4099
COV	[832-832]	832	4181
COV	[833-833]	833	4126
COV	[834-834]	834	4047
COV	[835-835]	835	4126
COV	[836-836]	836	4063
COV	[837-837]	837	4175
COV	[838-838]	838	4096
COV	[839-839]	839	3948
COV	[840-840]	840	4117
COV	[841-841]	841	3959
COV	[842-842]	842	4022
COV	[843-843]	843	3994
COV	[844-844]	844	4107
COV	[845-845]	845	4123
COV	[846-846]	846	3991
COV	[847-847]	847	4053
COV	[848-848]	848	4048
COV	[849-849]	849	4014
COV	[850-850]	850	3955
COV	[851-851]	851	4040
COV	[852-852]	852	3974
COV	[853-853]	853	3862
COV	[854-854]	854	3957
COV	[855-855]	855	3934
COV	[856-856]	856	3938
COV	[857-857]	857	3844
COV	[858-858]	858	3883
COV	[859-859]	859	3988
COV	[860-860]	860	3961
COV	[861-861]	861	3818
COV	[862-862]	862	3927
COV	[863-863]	863	3819
COV	[864-864]	864	3801
COV	[865-865]	865	3834
COV	[866-866]	866	3891
COV	[867-867]	867	3665
COV	[868-868]	868	3684
COV	[869-869]	869	3770
COV	[870-870]	870	3786
COV	[871-871]	871	3761
COV	[872-872]	872	3876
COV	[873-873]	873	3781
COV	[874-874]	874	3779
COV	[875-875]	875	3675
COV	[876-876]	876	3785
COV	[877-877]	877	3849
COV	[878-878]	878	3707
COV	[879-879]	879	3732
COV	[880-880]	880	3767
COV	[881-881]	881	3642
COV	[882-882]	882	3803
COV	[883-883]	883	3771
COV	[884-884]	884	3888
COV	[885-885]	885	3793
COV	[886-886]	886	3688
COV	[887-887]	887	3671
COV	[888-888]	888	3720
COV	[889-889]	889	3676
COV	[890-890]	890	3686
COV	[891-891]	891	3688
COV	[892-892]	892	3551
COV	[893-893]	893	3579
COV	[894-894]	894	3718
COV	[895-895]	895	3634
COV	[896-896]	896	3674
COV	[897-897]	897	3527
COV	[898-898]	898	3676
COV	[899-899]	899	3565
COV	[900-900]	900	3524
COV	[901-901]	901	3614
COV	[902-902]	902	3712
COV	[903-903]	903	3587
COV	[904-904]	904	3583
COV	[905-905]	905	3610
COV	[906-906]	906	3512
COV	[907-907]	907	3564
COV	[908-908]	908	3496
COV	[909-909]	909	3520
COV	[910-910]	910	3602
COV	[911-911]	911	3571
COV	[912-912]	912	3593
COV	[913-913]	913	3544
COV	[914-914]	914	3662
COV	[915-915]	915	3460
COV	[916-916]	916	3562
COV	[917-917]	917	3580
COV	[918-918]	918	3551
COV	[919-919]	919	3567
COV	[920-920]	920	3479
COV	[921-921]	921	3495
COV	[922-922]	922	3492
COV	[923-923]	923	3487
COV	[924-924]	924	3459
COV	[925-925]	925	3476
COV	[926-926]	926	3503
COV	[927-927]	927	3409
COV	[928-928]	928	3381
COV	[929-929]	929	3367
COV	[930-930]	930	3461
COV	[931-931]	931	3441
COV	[932-932]	932	3398
COV	[933-933]	933	3345
COV	[934-934]	934	3382
COV	[935-935]	935	3291
COV	[936-936]	936	3305
COV	[937-937]	937	3373
COV	[938-938]	938	3237
COV	[939-939]	939	3334
COV	[940-940]	940	3281
COV	[941-941]	941	3427
COV	[942-942]	942	3353
COV	[943-943]	943	3295
COV	[944-944]	944	3352
COV	[945-945]	945	3263
COV	[946-946]	946	3472
COV	[947-947]	947	3305
COV	[948-948]	948	3312
COV	[949-949]	949	3375
COV	[950-950]	950	3186
COV	[951-951]	951	3202
COV	[952-952]	952	3078
COV	[953-953]	953	3148
COV	[954-954]	954	3167
COV	[955-955]	955	3086
COV	[956-956]	956	3094
COV	[957-957]	957	3060
COV	[958-958]	958	3271
COV	[959-959]	959	3226
COV	[960-960]	960	3052
COV	[961-961]	961	3115
COV	[962-962]	962	3122
COV	[963-963]	963	3191
COV	[964-964]	964	3089
COV	[965-965]	965	3173
COV	[966-966]	966	3092
COV	[967-967]	967	3050
COV	[968-968]	968	3082
COV	[969-969]	969	3050
COV	[970-970]	970	3095
COV	[971-971]	971	3111
COV	[972-972]	972	3046
COV	[973-973]	973	3069
COV	[974-974]	974	3143
COV	[975-975]	975	3114
COV	[976-976]	976	2980
COV	[977-977]	977	2962
COV	[978-978]	978	3005
COV	[979-979]	979	2971
COV	[980-980]	980	2925
COV	[981-981]	981	2984
COV	[982-982]	982	2834
COV	[983-983]	983	2925
COV	[984-984]	984	2971
COV	[985-985]	985	2910
COV	[986-986]	986	2962
COV	[987-987]	987	2808
COV	[988-988]	988	2946
COV	[989-989]	989	2933
COV	[990-990]	990	2867
COV	[991-991]	991	2865
COV	[992-992]	992	2971
COV	[993-993]	993	2924
COV	[994-994]	994	2796
COV	[995-995]	995	2833
COV	[996-996]	996	2905
COV	[997-997]	997	2902
COV	[998-998]	998	2901
COV	[999-999]	999	2897
COV	[1000-1000]	1000	2895
COV	[1000<]	1000	2638210
# GC-depth. Use `grep ^GCD | cut -f 2-` to extract this part. The columns are: GC%, unique sequence percentiles, 10th, 25th, 50th, 75th and 90th depth percentile
GCD	0.0	0.128	0.000	0.000	0.000	0.000	0.000
GCD	42.0	0.191	6.822	6.822	6.822	6.822	6.822
GCD	43.0	0.255	0.603	0.603	0.603	0.603	0.603
GCD	44.0	0.447	18.044	18.044	21.606	237.296	237.296
GCD	45.0	0.638	0.007	0.007	10.575	30.238	30.238
GCD	46.0	1.340	0.137	93.930	152.882	774.558	2683.942
GCD	47.0	2.106	29.448	319.312	458.712	1187.089	2347.246
GCD	48.0	4.084	54.542	149.467	357.071	627.247	893.468
GCD	49.0	8.870	92.015	185.077	457.417	780.107	1206.437
GCD	50.0	17.869	89.586	178.296	360.993	684.923	1218.717
GCD	51.0	31.653	128.676	214.754	377.300	623.034	857.867
GCD	52.0	52.074	124.978	203.221	321.166	515.095	814.822
GCD	53.0	73.325	102.369	163.582	258.902	411.670	640.798
GCD	54.0	88.641	98.271	165.208	262.416	411.994	723.564
GCD	55.0	96.171	93.810	154.990	248.997	399.587	930.301
GCD	56.0	98.915	50.631	109.957	240.947	433.295	820.714
GCD	57.0	99.872	71.364	125.779	201.068	260.757	1347.076
GCD	58.0	100.000	36.464	36.464	55.321	74.178	74.178
