# This file was produced by samtools stats (1.19.2+htslib-1.19) and can be plotted using plot-bamstats
# This file contains statistics for all reads.
# The command line was:  stats -@ 4 156_ophiostoma.sorted.bam
# CHK, Checksum	[2]Read Names	[3]Sequences	[4]Qualities
# CHK, CRC32 of reads which passed filtering followed by addition (32bit overflow)
CHK	e1fdfca4	c0b2031f	c534ef95
# Summary Numbers. Use `grep ^SN | cut -f 2-` to extract this part.
SN	raw total sequences:	112537376	# excluding supplementary and secondary reads
SN	filtered sequences:	0
SN	sequences:	112537376
SN	is sorted:	1
SN	1st fragments:	56268688
SN	last fragments:	56268688
SN	reads mapped:	103554173
SN	reads mapped and paired:	101339330	# paired-end technology bit set + both mates mapped
SN	reads unmapped:	8983203
SN	reads properly paired:	100390894	# proper-pair bit set
SN	reads paired:	112537376	# paired-end technology bit set
SN	reads duplicated:	0	# PCR or optical duplicate bit set
SN	reads MQ0:	20495	# mapped and MQ=0
SN	reads QC failed:	0
SN	non-primary alignments:	264981
SN	supplementary alignments:	0
SN	total length:	16173205899	# ignores clipping
SN	total first fragment length:	8085721061	# ignores clipping
SN	total last fragment length:	8087484838	# ignores clipping
SN	bases mapped:	14878889154	# ignores clipping
SN	bases mapped (cigar):	14842078852	# more accurate
SN	bases trimmed:	0
SN	bases duplicated:	0
SN	mismatches:	65987472	# from NM fields
SN	error rate:	4.445972e-03	# mismatches / bases mapped (cigar)
SN	average length:	144
SN	average first fragment length:	144
SN	average last fragment length:	144
SN	maximum length:	151
SN	maximum first fragment length:	151
SN	maximum last fragment length:	151
SN	average quality:	35.9
SN	insert size average:	201.6
SN	insert size standard deviation:	73.1
SN	inward oriented pairs:	43218823
SN	outward oriented pairs:	7066123
SN	pairs with other orientation:	32665
SN	pairs on different chromosomes:	352054
SN	percentage of properly paired reads (%):	89.2
# First Fragment Qualities. Use `grep ^FFQ | cut -f 2-` to extract this part.
# Columns correspond to qualities and rows to cycles. First column is the cycle number.
FFQ	1	0	0	0	0	0	0	0	0	0	0	0	647063	0	0	0	0	0	0	0	0	0	0	0	0	0	1215495	0	0	0	0	0	0	0	0	0	0	0	54406130	0
FFQ	2	0	0	3	0	0	0	0	0	0	0	0	649807	0	0	0	0	0	0	0	0	0	0	0	0	0	1454039	0	0	0	0	0	0	0	0	0	0	0	54164839	0
FFQ	3	0	0	37	0	0	0	0	0	0	0	0	572877	0	0	0	0	0	0	0	0	0	0	0	0	0	1424846	0	0	0	0	0	0	0	0	0	0	0	54270928	0
FFQ	4	0	0	24130	0	0	0	0	0	0	0	0	477181	0	0	0	0	0	0	0	0	0	0	0	0	0	1315507	0	0	0	0	0	0	0	0	0	0	0	54451870	0
FFQ	5	0	0	256	0	0	0	0	0	0	0	0	486510	0	0	0	0	0	0	0	0	0	0	0	0	0	1344148	0	0	0	0	0	0	0	0	0	0	0	54437774	0
FFQ	6	0	0	0	0	0	0	0	0	0	0	0	498941	0	0	0	0	0	0	0	0	0	0	0	0	0	1405671	0	0	0	0	0	0	0	0	0	0	0	54364076	0
FFQ	7	0	0	0	0	0	0	0	0	0	0	0	507053	0	0	0	0	0	0	0	0	0	0	0	0	0	1372086	0	0	0	0	0	0	0	0	0	0	0	54389549	0
FFQ	8	0	0	0	0	0	0	0	0	0	0	0	456694	0	0	0	0	0	0	0	0	0	0	0	0	0	1280003	0	0	0	0	0	0	0	0	0	0	0	54531991	0
FFQ	9	0	0	0	0	0	0	0	0	0	0	0	443073	0	0	0	0	0	0	0	0	0	0	0	0	0	1243612	0	0	0	0	0	0	0	0	0	0	0	54582003	0
FFQ	10	0	0	0	0	0	0	0	0	0	0	0	453588	0	0	0	0	0	0	0	0	0	0	0	0	0	1332458	0	0	0	0	0	0	0	0	0	0	0	54482642	0
FFQ	11	0	0	0	0	0	0	0	0	0	0	0	453303	0	0	0	0	0	0	0	0	0	0	0	0	0	1282967	0	0	0	0	0	0	0	0	0	0	0	54532418	0
FFQ	12	0	0	0	0	0	0	0	0	0	0	0	472105	0	0	0	0	0	0	0	0	0	0	0	0	0	1326756	0	0	0	0	0	0	0	0	0	0	0	54469827	0
FFQ	13	0	0	12	0	0	0	0	0	0	0	0	485580	0	0	0	0	0	0	0	0	0	0	0	0	0	1368890	0	0	0	0	0	0	0	0	0	0	0	54414206	0
FFQ	14	0	0	0	0	0	0	0	0	0	0	0	476983	0	0	0	0	0	0	0	0	0	0	0	0	0	1355347	0	0	0	0	0	0	0	0	0	0	0	54436358	0
FFQ	15	0	0	0	0	0	0	0	0	0	0	0	464567	0	0	0	0	0	0	0	0	0	0	0	0	0	1329394	0	0	0	0	0	0	0	0	0	0	0	54474727	0
FFQ	16	0	0	169	0	0	0	0	0	0	0	0	474075	0	0	0	0	0	0	0	0	0	0	0	0	0	1324359	0	0	0	0	0	0	0	0	0	0	0	54470085	0
FFQ	17	0	0	0	0	0	0	0	0	0	0	0	464687	0	0	0	0	0	0	0	0	0	0	0	0	0	1325354	0	0	0	0	0	0	0	0	0	0	0	54478647	0
FFQ	18	0	0	0	0	0	0	0	0	0	0	0	481168	0	0	0	0	0	0	0	0	0	0	0	0	0	1356469	0	0	0	0	0	0	0	0	0	0	0	54431051	0
FFQ	19	0	0	0	0	0	0	0	0	0	0	0	478562	0	0	0	0	0	0	0	0	0	0	0	0	0	1338459	0	0	0	0	0	0	0	0	0	0	0	54451667	0
FFQ	20	0	0	0	0	0	0	0	0	0	0	0	478038	0	0	0	0	0	0	0	0	0	0	0	0	0	1349055	0	0	0	0	0	0	0	0	0	0	0	54441595	0
FFQ	21	0	0	0	0	0	0	0	0	0	0	0	495516	0	0	0	0	0	0	0	0	0	0	0	0	0	1376828	0	0	0	0	0	0	0	0	0	0	0	54396344	0
FFQ	22	0	0	0	0	0	0	0	0	0	0	0	501002	0	0	0	0	0	0	0	0	0	0	0	0	0	1396822	0	0	0	0	0	0	0	0	0	0	0	54370864	0
FFQ	23	0	0	0	0	0	0	0	0	0	0	0	513609	0	0	0	0	0	0	0	0	0	0	0	0	0	1419180	0	0	0	0	0	0	0	0	0	0	0	54335899	0
FFQ	24	0	0	0	0	0	0	0	0	0	0	0	531190	0	0	0	0	0	0	0	0	0	0	0	0	0	1457554	0	0	0	0	0	0	0	0	0	0	0	54279944	0
FFQ	25	0	0	0	0	0	0	0	0	0	0	0	535159	0	0	0	0	0	0	0	0	0	0	0	0	0	1456989	0	0	0	0	0	0	0	0	0	0	0	54276540	0
FFQ	26	0	0	0	0	0	0	0	0	0	0	0	587956	0	0	0	0	0	0	0	0	0	0	0	0	0	1488680	0	0	0	0	0	0	0	0	0	0	0	54192052	0
FFQ	27	0	0	0	0	0	0	0	0	0	0	0	612780	0	0	0	0	0	0	0	0	0	0	0	0	0	1524948	0	0	0	0	0	0	0	0	0	0	0	54130960	0
FFQ	28	0	0	0	0	0	0	0	0	0	0	0	610151	0	0	0	0	0	0	0	0	0	0	0	0	0	1513151	0	0	0	0	0	0	0	0	0	0	0	54145386	0
FFQ	29	0	0	0	0	0	0	0	0	0	0	0	617743	0	0	0	0	0	0	0	0	0	0	0	0	0	1530037	0	0	0	0	0	0	0	0	0	0	0	54120908	0
FFQ	30	0	0	0	0	0	0	0	0	0	0	0	629540	0	0	0	0	0	0	0	0	0	0	0	0	0	1551857	0	0	0	0	0	0	0	0	0	0	0	54087291	0
FFQ	31	0	0	0	0	0	0	0	0	0	0	0	632524	0	0	0	0	0	0	0	0	0	0	0	0	0	1543025	0	0	0	0	0	0	0	0	0	0	0	54093139	0
FFQ	32	0	0	0	0	0	0	0	0	0	0	0	636478	0	0	0	0	0	0	0	0	0	0	0	0	0	1561187	0	0	0	0	0	0	0	0	0	0	0	54071023	0
FFQ	33	0	0	0	0	0	0	0	0	0	0	0	668783	0	0	0	0	0	0	0	0	0	0	0	0	0	1604712	0	0	0	0	0	0	0	0	0	0	0	53995193	0
FFQ	34	0	0	0	0	0	0	0	0	0	0	0	663804	0	0	0	0	0	0	0	0	0	0	0	0	0	1591858	0	0	0	0	0	0	0	0	0	0	0	54013026	0
FFQ	35	0	0	0	0	0	0	0	0	0	0	0	713860	0	0	0	0	0	0	0	0	0	0	0	0	0	1678850	0	0	0	0	0	0	0	0	0	0	0	53875978	0
FFQ	36	0	0	0	0	0	0	0	0	0	0	0	722563	0	0	0	0	0	0	0	0	0	0	0	0	0	1708476	0	0	0	0	0	0	0	0	0	0	0	53836873	0
FFQ	37	0	0	0	0	0	0	0	0	0	0	0	705370	0	0	0	0	0	0	0	0	0	0	0	0	0	1657529	0	0	0	0	0	0	0	0	0	0	0	53904346	0
FFQ	38	0	0	0	0	0	0	0	0	0	0	0	701752	0	0	0	0	0	0	0	0	0	0	0	0	0	1659090	0	0	0	0	0	0	0	0	0	0	0	53905690	0
FFQ	39	0	0	0	0	0	0	0	0	0	0	0	699674	0	0	0	0	0	0	0	0	0	0	0	0	0	1650463	0	0	0	0	0	0	0	0	0	0	0	53915655	0
FFQ	40	0	0	0	0	0	0	0	0	0	0	0	701480	0	0	0	0	0	0	0	0	0	0	0	0	0	1641911	0	0	0	0	0	0	0	0	0	0	0	53921502	0
FFQ	41	0	0	2	0	0	0	0	0	0	0	0	730244	0	0	0	0	0	0	0	0	0	0	0	0	0	1695003	0	0	0	0	0	0	0	0	0	0	0	53838689	0
FFQ	42	0	0	0	0	0	0	0	0	0	0	0	728903	0	0	0	0	0	0	0	0	0	0	0	0	0	1693870	0	0	0	0	0	0	0	0	0	0	0	53840109	0
FFQ	43	0	0	0	0	0	0	0	0	0	0	0	731020	0	0	0	0	0	0	0	0	0	0	0	0	0	1696102	0	0	0	0	0	0	0	0	0	0	0	53834839	0
FFQ	44	0	0	2	0	0	0	0	0	0	0	0	740674	0	0	0	0	0	0	0	0	0	0	0	0	0	1707251	0	0	0	0	0	0	0	0	0	0	0	53812949	0
FFQ	45	0	0	0	0	0	0	0	0	0	0	0	796169	0	0	0	0	0	0	0	0	0	0	0	0	0	1813602	0	0	0	0	0	0	0	0	0	0	0	53649939	0
FFQ	46	0	0	0	0	0	0	0	0	0	0	0	811042	0	0	0	0	0	0	0	0	0	0	0	0	0	1828104	0	0	0	0	0	0	0	0	0	0	0	53619340	0
FFQ	47	0	0	1	0	0	0	0	0	0	0	0	821020	0	0	0	0	0	0	0	0	0	0	0	0	0	1834652	0	0	0	0	0	0	0	0	0	0	0	53601530	0
FFQ	48	0	0	0	0	0	0	0	0	0	0	0	820601	0	0	0	0	0	0	0	0	0	0	0	0	0	1847342	0	0	0	0	0	0	0	0	0	0	0	53587832	0
FFQ	49	0	0	0	0	0	0	0	0	0	0	0	791593	0	0	0	0	0	0	0	0	0	0	0	0	0	1783843	0	0	0	0	0	0	0	0	0	0	0	53678430	0
FFQ	50	0	0	2	0	0	0	0	0	0	0	0	790098	0	0	0	0	0	0	0	0	0	0	0	0	0	1786957	0	0	0	0	0	0	0	0	0	0	0	53674628	0
FFQ	51	0	0	5	0	0	0	0	0	0	0	0	843860	0	0	0	0	0	0	0	0	0	0	0	0	0	1873980	0	0	0	0	0	0	0	0	0	0	0	53531155	0
FFQ	52	0	0	0	0	0	0	0	0	0	0	0	848064	0	0	0	0	0	0	0	0	0	0	0	0	0	1861545	0	0	0	0	0	0	0	0	0	0	0	53536816	0
FFQ	53	0	0	1	0	0	0	0	0	0	0	0	831934	0	0	0	0	0	0	0	0	0	0	0	0	0	1856677	0	0	0	0	0	0	0	0	0	0	0	53554941	0
FFQ	54	0	0	1	0	0	0	0	0	0	0	0	839369	0	0	0	0	0	0	0	0	0	0	0	0	0	1866403	0	0	0	0	0	0	0	0	0	0	0	53535114	0
FFQ	55	0	0	2	0	0	0	0	0	0	0	0	856128	0	0	0	0	0	0	0	0	0	0	0	0	0	1897190	0	0	0	0	0	0	0	0	0	0	0	53484910	0
FFQ	56	0	0	0	0	0	0	0	0	0	0	0	899107	0	0	0	0	0	0	0	0	0	0	0	0	0	1958486	0	0	0	0	0	0	0	0	0	0	0	53377890	0
FFQ	57	0	0	0	0	0	0	0	0	0	0	0	911125	0	0	0	0	0	0	0	0	0	0	0	0	0	1968459	0	0	0	0	0	0	0	0	0	0	0	53353037	0
FFQ	58	0	0	0	0	0	0	0	0	0	0	0	893864	0	0	0	0	0	0	0	0	0	0	0	0	0	1942553	0	0	0	0	0	0	0	0	0	0	0	53393187	0
FFQ	59	0	0	0	0	0	0	0	0	0	0	0	882278	0	0	0	0	0	0	0	0	0	0	0	0	0	1930074	0	0	0	0	0	0	0	0	0	0	0	53413517	0
FFQ	60	0	0	1	0	0	0	0	0	0	0	0	913961	0	0	0	0	0	0	0	0	0	0	0	0	0	1973206	0	0	0	0	0	0	0	0	0	0	0	53334362	0
FFQ	61	0	0	2	0	0	0	0	0	0	0	0	868777	0	0	0	0	0	0	0	0	0	0	0	0	0	1878275	0	0	0	0	0	0	0	0	0	0	0	53469884	0
FFQ	62	0	0	0	0	0	0	0	0	0	0	0	861191	0	0	0	0	0	0	0	0	0	0	0	0	0	1886712	0	0	0	0	0	0	0	0	0	0	0	53463915	0
FFQ	63	0	0	3	0	0	0	0	0	0	0	0	925008	0	0	0	0	0	0	0	0	0	0	0	0	0	1981980	0	0	0	0	0	0	0	0	0	0	0	53299289	0
FFQ	64	0	0	10	0	0	0	0	0	0	0	0	913984	0	0	0	0	0	0	0	0	0	0	0	0	0	1961122	0	0	0	0	0	0	0	0	0	0	0	53325475	0
FFQ	65	0	0	82	0	0	0	0	0	0	0	0	904569	0	0	0	0	0	0	0	0	0	0	0	0	0	1938908	0	0	0	0	0	0	0	0	0	0	0	53350902	0
FFQ	66	0	0	1	0	0	0	0	0	0	0	0	935108	0	0	0	0	0	0	0	0	0	0	0	0	0	1980285	0	0	0	0	0	0	0	0	0	0	0	53272858	0
FFQ	67	0	0	879	0	0	0	0	0	0	0	0	964163	0	0	0	0	0	0	0	0	0	0	0	0	0	2035264	0	0	0	0	0	0	0	0	0	0	0	53181452	0
FFQ	68	0	0	0	0	0	0	0	0	0	0	0	974338	0	0	0	0	0	0	0	0	0	0	0	0	0	2057084	0	0	0	0	0	0	0	0	0	0	0	53143090	0
FFQ	69	0	0	8	0	0	0	0	0	0	0	0	1020682	0	0	0	0	0	0	0	0	0	0	0	0	0	2124308	0	0	0	0	0	0	0	0	0	0	0	53021752	0
FFQ	70	0	0	235	0	0	0	0	0	0	0	0	1032463	0	0	0	0	0	0	0	0	0	0	0	0	0	2133450	0	0	0	0	0	0	0	0	0	0	0	52991623	0
FFQ	71	0	0	4	0	0	0	0	0	0	0	0	1007421	0	0	0	0	0	0	0	0	0	0	0	0	0	2100676	0	0	0	0	0	0	0	0	0	0	0	53039798	0
FFQ	72	0	0	7	0	0	0	0	0	0	0	0	1010548	0	0	0	0	0	0	0	0	0	0	0	0	0	2099542	0	0	0	0	0	0	0	0	0	0	0	53027031	0
FFQ	73	0	0	292	0	0	0	0	0	0	0	0	1033521	0	0	0	0	0	0	0	0	0	0	0	0	0	2125710	0	0	0	0	0	0	0	0	0	0	0	52965906	0
FFQ	74	0	0	80	0	0	0	0	0	0	0	0	1032850	0	0	0	0	0	0	0	0	0	0	0	0	0	2128665	0	0	0	0	0	0	0	0	0	0	0	52950673	0
FFQ	75	0	0	128	0	0	0	0	0	0	0	0	1017459	0	0	0	0	0	0	0	0	0	0	0	0	0	2098657	0	0	0	0	0	0	0	0	0	0	0	52982211	0
FFQ	76	0	0	84	0	0	0	0	0	0	0	0	1020017	0	0	0	0	0	0	0	0	0	0	0	0	0	2099329	0	0	0	0	0	0	0	0	0	0	0	52963873	0
FFQ	77	0	0	530	0	0	0	0	0	0	0	0	1098356	0	0	0	0	0	0	0	0	0	0	0	0	0	2196281	0	0	0	0	0	0	0	0	0	0	0	52771464	0
FFQ	78	0	0	124	0	0	0	0	0	0	0	0	1101105	0	0	0	0	0	0	0	0	0	0	0	0	0	2216342	0	0	0	0	0	0	0	0	0	0	0	52731545	0
FFQ	79	0	0	153	0	0	0	0	0	0	0	0	1059700	0	0	0	0	0	0	0	0	0	0	0	0	0	2132872	0	0	0	0	0	0	0	0	0	0	0	52837418	0
FFQ	80	0	0	42	0	0	0	0	0	0	0	0	1049389	0	0	0	0	0	0	0	0	0	0	0	0	0	2127258	0	0	0	0	0	0	0	0	0	0	0	52831658	0
FFQ	81	0	0	67	0	0	0	0	0	0	0	0	1109437	0	0	0	0	0	0	0	0	0	0	0	0	0	2212188	0	0	0	0	0	0	0	0	0	0	0	52663340	0
FFQ	82	0	0	92	0	0	0	0	0	0	0	0	1101492	0	0	0	0	0	0	0	0	0	0	0	0	0	2192172	0	0	0	0	0	0	0	0	0	0	0	52665278	0
FFQ	83	0	0	39	0	0	0	0	0	0	0	0	1066814	0	0	0	0	0	0	0	0	0	0	0	0	0	2145894	0	0	0	0	0	0	0	0	0	0	0	52717914	0
FFQ	84	0	0	472	0	0	0	0	0	0	0	0	1078740	0	0	0	0	0	0	0	0	0	0	0	0	0	2172728	0	0	0	0	0	0	0	0	0	0	0	52647920	0
FFQ	85	0	0	418	0	0	0	0	0	0	0	0	1147694	0	0	0	0	0	0	0	0	0	0	0	0	0	2253070	0	0	0	0	0	0	0	0	0	0	0	52464427	0
FFQ	86	0	0	5	0	0	0	0	0	0	0	0	1162227	0	0	0	0	0	0	0	0	0	0	0	0	0	2283067	0	0	0	0	0	0	0	0	0	0	0	52382666	0
FFQ	87	0	0	1	0	0	0	0	0	0	0	0	1114132	0	0	0	0	0	0	0	0	0	0	0	0	0	2209265	0	0	0	0	0	0	0	0	0	0	0	52464414	0
FFQ	88	0	0	2	0	0	0	0	0	0	0	0	1119020	0	0	0	0	0	0	0	0	0	0	0	0	0	2210910	0	0	0	0	0	0	0	0	0	0	0	52414826	0
FFQ	89	0	0	16	0	0	0	0	0	0	0	0	1132066	0	0	0	0	0	0	0	0	0	0	0	0	0	2235191	0	0	0	0	0	0	0	0	0	0	0	52329434	0
FFQ	90	0	0	0	0	0	0	0	0	0	0	0	1157255	0	0	0	0	0	0	0	0	0	0	0	0	0	2262656	0	0	0	0	0	0	0	0	0	0	0	52226616	0
FFQ	91	0	0	0	0	0	0	0	0	0	0	0	1200763	0	0	0	0	0	0	0	0	0	0	0	0	0	2323841	0	0	0	0	0	0	0	0	0	0	0	52066395	0
FFQ	92	0	0	160	0	0	0	0	0	0	0	0	1233948	0	0	0	0	0	0	0	0	0	0	0	0	0	2366604	0	0	0	0	0	0	0	0	0	0	0	51930339	0
FFQ	93	0	0	5	0	0	0	0	0	0	0	0	1279706	0	0	0	0	0	0	0	0	0	0	0	0	0	2432121	0	0	0	0	0	0	0	0	0	0	0	51753233	0
FFQ	94	0	0	0	0	0	0	0	0	0	0	0	1305226	0	0	0	0	0	0	0	0	0	0	0	0	0	2446859	0	0	0	0	0	0	0	0	0	0	0	51641458	0
FFQ	95	0	0	121	0	0	0	0	0	0	0	0	1248590	0	0	0	0	0	0	0	0	0	0	0	0	0	2383319	0	0	0	0	0	0	0	0	0	0	0	51683514	0
FFQ	96	0	0	0	0	0	0	0	0	0	0	0	1275863	0	0	0	0	0	0	0	0	0	0	0	0	0	2419034	0	0	0	0	0	0	0	0	0	0	0	51537746	0
FFQ	97	0	0	70	0	0	0	0	0	0	0	0	1256401	0	0	0	0	0	0	0	0	0	0	0	0	0	2381042	0	0	0	0	0	0	0	0	0	0	0	51505687	0
FFQ	98	0	0	0	0	0	0	0	0	0	0	0	1263493	0	0	0	0	0	0	0	0	0	0	0	0	0	2398670	0	0	0	0	0	0	0	0	0	0	0	51384167	0
FFQ	99	0	0	3	0	0	0	0	0	0	0	0	1333565	0	0	0	0	0	0	0	0	0	0	0	0	0	2473688	0	0	0	0	0	0	0	0	0	0	0	51138204	0
FFQ	100	0	0	591	0	0	0	0	0	0	0	0	1323718	0	0	0	0	0	0	0	0	0	0	0	0	0	2462961	0	0	0	0	0	0	0	0	0	0	0	51049718	0
FFQ	101	0	0	1067	0	0	0	0	0	0	0	0	1245112	0	0	0	0	0	0	0	0	0	0	0	0	0	2357104	0	0	0	0	0	0	0	0	0	0	0	51115705	0
FFQ	102	0	0	27	0	0	0	0	0	0	0	0	1291595	0	0	0	0	0	0	0	0	0	0	0	0	0	2418171	0	0	0	0	0	0	0	0	0	0	0	50885026	0
FFQ	103	0	0	5	0	0	0	0	0	0	0	0	1298359	0	0	0	0	0	0	0	0	0	0	0	0	0	2424731	0	0	0	0	0	0	0	0	0	0	0	50739777	0
FFQ	104	0	0	0	0	0	0	0	0	0	0	0	1271408	0	0	0	0	0	0	0	0	0	0	0	0	0	2381068	0	0	0	0	0	0	0	0	0	0	0	50668207	0
FFQ	105	0	0	17	0	0	0	0	0	0	0	0	1335323	0	0	0	0	0	0	0	0	0	0	0	0	0	2462647	0	0	0	0	0	0	0	0	0	0	0	50373390	0
FFQ	106	0	0	2	0	0	0	0	0	0	0	0	1337642	0	0	0	0	0	0	0	0	0	0	0	0	0	2458557	0	0	0	0	0	0	0	0	0	0	0	50219273	0
FFQ	107	0	0	0	0	0	0	0	0	0	0	0	1336641	0	0	0	0	0	0	0	0	0	0	0	0	0	2456588	0	0	0	0	0	0	0	0	0	0	0	50054347	0
FFQ	108	0	0	7	0	0	0	0	0	0	0	0	1362530	0	0	0	0	0	0	0	0	0	0	0	0	0	2490563	0	0	0	0	0	0	0	0	0	0	0	49822199	0
FFQ	109	0	0	1	0	0	0	0	0	0	0	0	1359364	0	0	0	0	0	0	0	0	0	0	0	0	0	2480324	0	0	0	0	0	0	0	0	0	0	0	49655884	0
FFQ	110	0	0	0	0	0	0	0	0	0	0	0	1371219	0	0	0	0	0	0	0	0	0	0	0	0	0	2491707	0	0	0	0	0	0	0	0	0	0	0	49441932	0
FFQ	111	0	0	0	0	0	0	0	0	0	0	0	1402647	0	0	0	0	0	0	0	0	0	0	0	0	0	2535322	0	0	0	0	0	0	0	0	0	0	0	49171892	0
FFQ	112	0	0	5	0	0	0	0	0	0	0	0	1355897	0	0	0	0	0	0	0	0	0	0	0	0	0	2468181	0	0	0	0	0	0	0	0	0	0	0	49081240	0
FFQ	113	0	0	1	0	0	0	0	0	0	0	0	1345872	0	0	0	0	0	0	0	0	0	0	0	0	0	2445097	0	0	0	0	0	0	0	0	0	0	0	48895984	0
FFQ	114	0	0	1	0	0	0	0	0	0	0	0	1366103	0	0	0	0	0	0	0	0	0	0	0	0	0	2477877	0	0	0	0	0	0	0	0	0	0	0	48619468	0
FFQ	115	0	0	1	0	0	0	0	0	0	0	0	1360941	0	0	0	0	0	0	0	0	0	0	0	0	0	2467780	0	0	0	0	0	0	0	0	0	0	0	48403071	0
FFQ	116	0	0	0	0	0	0	0	0	0	0	0	1405002	0	0	0	0	0	0	0	0	0	0	0	0	0	2517970	0	0	0	0	0	0	0	0	0	0	0	48064505	0
FFQ	117	0	0	826	0	0	0	0	0	0	0	0	1440939	0	0	0	0	0	0	0	0	0	0	0	0	0	2563104	0	0	0	0	0	0	0	0	0	0	0	47734801	0
FFQ	118	0	0	0	0	0	0	0	0	0	0	0	1434050	0	0	0	0	0	0	0	0	0	0	0	0	0	2539045	0	0	0	0	0	0	0	0	0	0	0	47513093	0
FFQ	119	0	0	156	0	0	0	0	0	0	0	0	1407229	0	0	0	0	0	0	0	0	0	0	0	0	0	2496598	0	0	0	0	0	0	0	0	0	0	0	47319379	0
FFQ	120	0	0	0	0	0	0	0	0	0	0	0	1421846	0	0	0	0	0	0	0	0	0	0	0	0	0	2527168	0	0	0	0	0	0	0	0	0	0	0	47008507	0
FFQ	121	0	0	0	0	0	0	0	0	0	0	0	1395712	0	0	0	0	0	0	0	0	0	0	0	0	0	2478673	0	0	0	0	0	0	0	0	0	0	0	46809474	0
FFQ	122	0	0	0	0	0	0	0	0	0	0	0	1405052	0	0	0	0	0	0	0	0	0	0	0	0	0	2481521	0	0	0	0	0	0	0	0	0	0	0	46514887	0
FFQ	123	0	0	0	0	0	0	0	0	0	0	0	1449936	0	0	0	0	0	0	0	0	0	0	0	0	0	2530844	0	0	0	0	0	0	0	0	0	0	0	46132378	0
FFQ	124	0	0	266	0	0	0	0	0	0	0	0	1421457	0	0	0	0	0	0	0	0	0	0	0	0	0	2499530	0	0	0	0	0	0	0	0	0	0	0	45895691	0
FFQ	125	0	0	0	0	0	0	0	0	0	0	0	1417295	0	0	0	0	0	0	0	0	0	0	0	0	0	2478075	0	0	0	0	0	0	0	0	0	0	0	45614461	0
FFQ	126	0	0	0	0	0	0	0	0	0	0	0	1436828	0	0	0	0	0	0	0	0	0	0	0	0	0	2511439	0	0	0	0	0	0	0	0	0	0	0	45251482	0
FFQ	127	0	0	0	0	0	0	0	0	0	0	0	1488567	0	0	0	0	0	0	0	0	0	0	0	0	0	2551594	0	0	0	0	0	0	0	0	0	0	0	44844652	0
FFQ	128	0	0	0	0	0	0	0	0	0	0	0	1460582	0	0	0	0	0	0	0	0	0	0	0	0	0	2521634	0	0	0	0	0	0	0	0	0	0	0	44582070	0
FFQ	129	0	0	0	0	0	0	0	0	0	0	0	1449279	0	0	0	0	0	0	0	0	0	0	0	0	0	2494927	0	0	0	0	0	0	0	0	0	0	0	44298970	0
FFQ	130	0	0	0	0	0	0	0	0	0	0	0	1429358	0	0	0	0	0	0	0	0	0	0	0	0	0	2459471	0	0	0	0	0	0	0	0	0	0	0	44028851	0
FFQ	131	0	0	0	0	0	0	0	0	0	0	0	1393007	0	0	0	0	0	0	0	0	0	0	0	0	0	2427859	0	0	0	0	0	0	0	0	0	0	0	43762695	0
FFQ	132	0	0	0	0	0	0	0	0	0	0	0	1435330	0	0	0	0	0	0	0	0	0	0	0	0	0	2471602	0	0	0	0	0	0	0	0	0	0	0	43342173	0
FFQ	133	0	0	0	0	0	0	0	0	0	0	0	1482520	0	0	0	0	0	0	0	0	0	0	0	0	0	2505246	0	0	0	0	0	0	0	0	0	0	0	42921224	0
FFQ	134	0	0	1	0	0	0	0	0	0	0	0	1478445	0	0	0	0	0	0	0	0	0	0	0	0	0	2507639	0	0	0	0	0	0	0	0	0	0	0	42572730	0
FFQ	135	0	0	0	0	0	0	0	0	0	0	0	1496352	0	0	0	0	0	0	0	0	0	0	0	0	0	2526270	0	0	0	0	0	0	0	0	0	0	0	42180861	0
FFQ	136	0	0	0	0	0	0	0	0	0	0	0	1470452	0	0	0	0	0	0	0	0	0	0	0	0	0	2485066	0	0	0	0	0	0	0	0	0	0	0	41891858	0
FFQ	137	0	0	103	0	0	0	0	0	0	0	0	1473374	0	0	0	0	0	0	0	0	0	0	0	0	0	2484276	0	0	0	0	0	0	0	0	0	0	0	41523205	0
FFQ	138	0	0	162	0	0	0	0	0	0	0	0	1515622	0	0	0	0	0	0	0	0	0	0	0	0	0	2519309	0	0	0	0	0	0	0	0	0	0	0	41082386	0
FFQ	139	0	0	0	0	0	0	0	0	0	0	0	1467399	0	0	0	0	0	0	0	0	0	0	0	0	0	2467701	0	0	0	0	0	0	0	0	0	0	0	40820181	0
FFQ	140	0	0	0	0	0	0	0	0	0	0	0	1481653	0	0	0	0	0	0	0	0	0	0	0	0	0	2478497	0	0	0	0	0	0	0	0	0	0	0	40424842	0
FFQ	141	0	0	0	0	0	0	0	0	0	0	0	1512381	0	0	0	0	0	0	0	0	0	0	0	0	0	2503166	0	0	0	0	0	0	0	0	0	0	0	39998080	0
FFQ	142	0	0	14	0	0	0	0	0	0	0	0	1500160	0	0	0	0	0	0	0	0	0	0	0	0	0	2476687	0	0	0	0	0	0	0	0	0	0	0	39663714	0
FFQ	143	0	0	0	0	0	0	0	0	0	0	0	1445719	0	0	0	0	0	0	0	0	0	0	0	0	0	2422805	0	0	0	0	0	0	0	0	0	0	0	39386138	0
FFQ	144	0	0	0	0	0	0	0	0	0	0	0	1409943	0	0	0	0	0	0	0	0	0	0	0	0	0	2396675	0	0	0	0	0	0	0	0	0	0	0	39054201	0
FFQ	145	0	0	0	0	0	0	0	0	0	0	0	1454486	0	0	0	0	0	0	0	0	0	0	0	0	0	2445768	0	0	0	0	0	0	0	0	0	0	0	38560966	0
FFQ	146	0	0	0	0	0	0	0	0	0	0	0	1423726	0	0	0	0	0	0	0	0	0	0	0	0	0	2411691	0	0	0	0	0	0	0	0	0	0	0	38194388	0
FFQ	147	0	0	0	0	0	0	0	0	0	0	0	1369655	0	0	0	0	0	0	0	0	0	0	0	0	0	2375348	0	0	0	0	0	0	0	0	0	0	0	37789465	0
FFQ	148	0	0	0	0	0	0	0	0	0	0	0	1238525	0	0	0	0	0	0	0	0	0	0	0	0	0	2330225	0	0	0	0	0	0	0	0	0	0	0	37454470	0
FFQ	149	0	0	0	0	0	0	0	0	0	0	0	1213923	0	0	0	0	0	0	0	0	0	0	0	0	0	2289617	0	0	0	0	0	0	0	0	0	0	0	37137599	0
FFQ	150	0	0	0	0	0	0	0	0	0	0	0	1262030	0	0	0	0	0	0	0	0	0	0	0	0	0	2325507	0	0	0	0	0	0	0	0	0	0	0	36673873	0
FFQ	151	0	0	0	0	0	0	0	0	0	0	0	1528165	0	0	0	0	0	0	0	0	0	0	0	0	0	2660135	0	0	0	0	0	0	0	0	0	0	0	35699027	0
# Last Fragment Qualities. Use `grep ^LFQ | cut -f 2-` to extract this part.
# Columns correspond to qualities and rows to cycles. First column is the cycle number.
LFQ	1	0	0	0	0	0	0	0	0	0	0	0	854786	0	0	0	0	0	0	0	0	0	0	0	0	0	1928883	0	0	0	0	0	0	0	0	0	0	0	53485019	0
LFQ	2	0	0	335	0	0	0	0	0	0	0	0	1037648	0	0	0	0	0	0	0	0	0	0	0	0	0	2224661	0	0	0	0	0	0	0	0	0	0	0	53006044	0
LFQ	3	0	0	1372	0	0	0	0	0	0	0	0	879486	0	0	0	0	0	0	0	0	0	0	0	0	0	1942536	0	0	0	0	0	0	0	0	0	0	0	53445294	0
LFQ	4	0	0	1263	0	0	0	0	0	0	0	0	844474	0	0	0	0	0	0	0	0	0	0	0	0	0	1911552	0	0	0	0	0	0	0	0	0	0	0	53511399	0
LFQ	5	0	0	3	0	0	0	0	0	0	0	0	894545	0	0	0	0	0	0	0	0	0	0	0	0	0	1963364	0	0	0	0	0	0	0	0	0	0	0	53410776	0
LFQ	6	0	0	5	0	0	0	0	0	0	0	0	954943	0	0	0	0	0	0	0	0	0	0	0	0	0	2082644	0	0	0	0	0	0	0	0	0	0	0	53231096	0
LFQ	7	0	0	0	0	0	0	0	0	0	0	0	1023686	0	0	0	0	0	0	0	0	0	0	0	0	0	2206168	0	0	0	0	0	0	0	0	0	0	0	53038834	0
LFQ	8	0	0	0	0	0	0	0	0	0	0	0	949074	0	0	0	0	0	0	0	0	0	0	0	0	0	2058401	0	0	0	0	0	0	0	0	0	0	0	53261213	0
LFQ	9	0	0	0	0	0	0	0	0	0	0	0	951981	0	0	0	0	0	0	0	0	0	0	0	0	0	2076082	0	0	0	0	0	0	0	0	0	0	0	53240625	0
LFQ	10	0	0	7386	0	0	0	0	0	0	0	0	938158	0	0	0	0	0	0	0	0	0	0	0	0	0	2079871	0	0	0	0	0	0	0	0	0	0	0	53243273	0
LFQ	11	0	0	0	0	0	0	0	0	0	0	0	854548	0	0	0	0	0	0	0	0	0	0	0	0	0	1904735	0	0	0	0	0	0	0	0	0	0	0	53509405	0
LFQ	12	0	0	0	0	0	0	0	0	0	0	0	894756	0	0	0	0	0	0	0	0	0	0	0	0	0	1951824	0	0	0	0	0	0	0	0	0	0	0	53422108	0
LFQ	13	0	0	0	0	0	0	0	0	0	0	0	908745	0	0	0	0	0	0	0	0	0	0	0	0	0	1989927	0	0	0	0	0	0	0	0	0	0	0	53370016	0
LFQ	14	0	0	0	0	0	0	0	0	0	0	0	942496	0	0	0	0	0	0	0	0	0	0	0	0	0	2063953	0	0	0	0	0	0	0	0	0	0	0	53262239	0
LFQ	15	0	0	0	0	0	0	0	0	0	0	0	912219	0	0	0	0	0	0	0	0	0	0	0	0	0	1994326	0	0	0	0	0	0	0	0	0	0	0	53362143	0
LFQ	16	0	0	1	0	0	0	0	0	0	0	0	903990	0	0	0	0	0	0	0	0	0	0	0	0	0	1979273	0	0	0	0	0	0	0	0	0	0	0	53385424	0
LFQ	17	0	0	0	0	0	0	0	0	0	0	0	937706	0	0	0	0	0	0	0	0	0	0	0	0	0	2040991	0	0	0	0	0	0	0	0	0	0	0	53289991	0
LFQ	18	0	0	0	0	0	0	0	0	0	0	0	916396	0	0	0	0	0	0	0	0	0	0	0	0	0	2011155	0	0	0	0	0	0	0	0	0	0	0	53341137	0
LFQ	19	0	0	0	0	0	0	0	0	0	0	0	903330	0	0	0	0	0	0	0	0	0	0	0	0	0	1983237	0	0	0	0	0	0	0	0	0	0	0	53382121	0
LFQ	20	0	0	36	0	0	0	0	0	0	0	0	912530	0	0	0	0	0	0	0	0	0	0	0	0	0	1997373	0	0	0	0	0	0	0	0	0	0	0	53358749	0
LFQ	21	0	0	1	0	0	0	0	0	0	0	0	886996	0	0	0	0	0	0	0	0	0	0	0	0	0	1953919	0	0	0	0	0	0	0	0	0	0	0	53427772	0
LFQ	22	0	0	0	0	0	0	0	0	0	0	0	914842	0	0	0	0	0	0	0	0	0	0	0	0	0	1998045	0	0	0	0	0	0	0	0	0	0	0	53355801	0
LFQ	23	0	0	0	0	0	0	0	0	0	0	0	934175	0	0	0	0	0	0	0	0	0	0	0	0	0	2028512	0	0	0	0	0	0	0	0	0	0	0	53306001	0
LFQ	24	0	0	2	0	0	0	0	0	0	0	0	957265	0	0	0	0	0	0	0	0	0	0	0	0	0	2073634	0	0	0	0	0	0	0	0	0	0	0	53237787	0
LFQ	25	0	0	9	0	0	0	0	0	0	0	0	941776	0	0	0	0	0	0	0	0	0	0	0	0	0	2040361	0	0	0	0	0	0	0	0	0	0	0	53286542	0
LFQ	26	0	0	7	0	0	0	0	0	0	0	0	996252	0	0	0	0	0	0	0	0	0	0	0	0	0	2124548	0	0	0	0	0	0	0	0	0	0	0	53147881	0
LFQ	27	0	0	222	0	0	0	0	0	0	0	0	964202	0	0	0	0	0	0	0	0	0	0	0	0	0	2082523	0	0	0	0	0	0	0	0	0	0	0	53221741	0
LFQ	28	0	0	0	0	0	0	0	0	0	0	0	994082	0	0	0	0	0	0	0	0	0	0	0	0	0	2120658	0	0	0	0	0	0	0	0	0	0	0	53153948	0
LFQ	29	0	0	0	0	0	0	0	0	0	0	0	990786	0	0	0	0	0	0	0	0	0	0	0	0	0	2116712	0	0	0	0	0	0	0	0	0	0	0	53161190	0
LFQ	30	0	0	0	0	0	0	0	0	0	0	0	1020713	0	0	0	0	0	0	0	0	0	0	0	0	0	2158511	0	0	0	0	0	0	0	0	0	0	0	53089464	0
LFQ	31	0	0	0	0	0	0	0	0	0	0	0	1012756	0	0	0	0	0	0	0	0	0	0	0	0	0	2140495	0	0	0	0	0	0	0	0	0	0	0	53115437	0
LFQ	32	0	0	2266	0	0	0	0	0	0	0	0	1061965	0	0	0	0	0	0	0	0	0	0	0	0	0	2209549	0	0	0	0	0	0	0	0	0	0	0	52994908	0
LFQ	33	0	0	0	0	0	0	0	0	0	0	0	1050730	0	0	0	0	0	0	0	0	0	0	0	0	0	2198548	0	0	0	0	0	0	0	0	0	0	0	53019410	0
LFQ	34	0	0	2	0	0	0	0	0	0	0	0	1021982	0	0	0	0	0	0	0	0	0	0	0	0	0	2151182	0	0	0	0	0	0	0	0	0	0	0	53095522	0
LFQ	35	0	0	3	0	0	0	0	0	0	0	0	1064926	0	0	0	0	0	0	0	0	0	0	0	0	0	2221398	0	0	0	0	0	0	0	0	0	0	0	52982361	0
LFQ	36	0	0	3	0	0	0	0	0	0	0	0	1068117	0	0	0	0	0	0	0	0	0	0	0	0	0	2219868	0	0	0	0	0	0	0	0	0	0	0	52980054	0
LFQ	37	0	0	9	0	0	0	0	0	0	0	0	1056746	0	0	0	0	0	0	0	0	0	0	0	0	0	2200770	0	0	0	0	0	0	0	0	0	0	0	53009872	0
LFQ	38	0	0	0	0	0	0	0	0	0	0	0	1067345	0	0	0	0	0	0	0	0	0	0	0	0	0	2224779	0	0	0	0	0	0	0	0	0	0	0	52974585	0
LFQ	39	0	0	0	0	0	0	0	0	0	0	0	1069510	0	0	0	0	0	0	0	0	0	0	0	0	0	2222380	0	0	0	0	0	0	0	0	0	0	0	52974073	0
LFQ	40	0	0	0	0	0	0	0	0	0	0	0	1055033	0	0	0	0	0	0	0	0	0	0	0	0	0	2195165	0	0	0	0	0	0	0	0	0	0	0	53014896	0
LFQ	41	0	0	2866	0	0	0	0	0	0	0	0	1091308	0	0	0	0	0	0	0	0	0	0	0	0	0	2242504	0	0	0	0	0	0	0	0	0	0	0	52927500	0
LFQ	42	0	0	0	0	0	0	0	0	0	0	0	1092397	0	0	0	0	0	0	0	0	0	0	0	0	0	2248691	0	0	0	0	0	0	0	0	0	0	0	52922070	0
LFQ	43	0	0	0	0	0	0	0	0	0	0	0	1080126	0	0	0	0	0	0	0	0	0	0	0	0	0	2221134	0	0	0	0	0	0	0	0	0	0	0	52961008	0
LFQ	44	0	0	0	0	0	0	0	0	0	0	0	1128303	0	0	0	0	0	0	0	0	0	0	0	0	0	2297502	0	0	0	0	0	0	0	0	0	0	0	52835460	0
LFQ	45	0	0	0	0	0	0	0	0	0	0	0	1109879	0	0	0	0	0	0	0	0	0	0	0	0	0	2272594	0	0	0	0	0	0	0	0	0	0	0	52877671	0
LFQ	46	0	0	1	0	0	0	0	0	0	0	0	1123340	0	0	0	0	0	0	0	0	0	0	0	0	0	2289647	0	0	0	0	0	0	0	0	0	0	0	52845994	0
LFQ	47	0	0	0	0	0	0	0	0	0	0	0	1152739	0	0	0	0	0	0	0	0	0	0	0	0	0	2326925	0	0	0	0	0	0	0	0	0	0	0	52778103	0
LFQ	48	0	0	3	0	0	0	0	0	0	0	0	1138689	0	0	0	0	0	0	0	0	0	0	0	0	0	2301422	0	0	0	0	0	0	0	0	0	0	0	52816327	0
LFQ	49	0	0	3	0	0	0	0	0	0	0	0	1176741	0	0	0	0	0	0	0	0	0	0	0	0	0	2357310	0	0	0	0	0	0	0	0	0	0	0	52720687	0
LFQ	50	0	0	26	0	0	0	0	0	0	0	0	1189396	0	0	0	0	0	0	0	0	0	0	0	0	0	2384776	0	0	0	0	0	0	0	0	0	0	0	52678575	0
LFQ	51	0	0	17	0	0	0	0	0	0	0	0	1177611	0	0	0	0	0	0	0	0	0	0	0	0	0	2359427	0	0	0	0	0	0	0	0	0	0	0	52713362	0
LFQ	52	0	0	195	0	0	0	0	0	0	0	0	1178100	0	0	0	0	0	0	0	0	0	0	0	0	0	2364932	0	0	0	0	0	0	0	0	0	0	0	52704834	0
LFQ	53	0	0	2	0	0	0	0	0	0	0	0	1205494	0	0	0	0	0	0	0	0	0	0	0	0	0	2391584	0	0	0	0	0	0	0	0	0	0	0	52648465	0
LFQ	54	0	0	0	0	0	0	0	0	0	0	0	1191762	0	0	0	0	0	0	0	0	0	0	0	0	0	2376515	0	0	0	0	0	0	0	0	0	0	0	52674773	0
LFQ	55	0	0	3	0	0	0	0	0	0	0	0	1176390	0	0	0	0	0	0	0	0	0	0	0	0	0	2351166	0	0	0	0	0	0	0	0	0	0	0	52713014	0
LFQ	56	0	0	6	0	0	0	0	0	0	0	0	1217402	0	0	0	0	0	0	0	0	0	0	0	0	0	2416415	0	0	0	0	0	0	0	0	0	0	0	52604251	0
LFQ	57	0	0	104	0	0	0	0	0	0	0	0	1235161	0	0	0	0	0	0	0	0	0	0	0	0	0	2432607	0	0	0	0	0	0	0	0	0	0	0	52567516	0
LFQ	58	0	0	23	0	0	0	0	0	0	0	0	1222322	0	0	0	0	0	0	0	0	0	0	0	0	0	2415879	0	0	0	0	0	0	0	0	0	0	0	52594313	0
LFQ	59	0	0	0	0	0	0	0	0	0	0	0	1227917	0	0	0	0	0	0	0	0	0	0	0	0	0	2432600	0	0	0	0	0	0	0	0	0	0	0	52568497	0
LFQ	60	0	0	0	0	0	0	0	0	0	0	0	1273137	0	0	0	0	0	0	0	0	0	0	0	0	0	2473127	0	0	0	0	0	0	0	0	0	0	0	52478637	0
LFQ	61	0	0	0	0	0	0	0	0	0	0	0	1273949	0	0	0	0	0	0	0	0	0	0	0	0	0	2478719	0	0	0	0	0	0	0	0	0	0	0	52467835	0
LFQ	62	0	0	5198	0	0	0	0	0	0	0	0	1291183	0	0	0	0	0	0	0	0	0	0	0	0	0	2501883	0	0	0	0	0	0	0	0	0	0	0	52417309	0
LFQ	63	0	0	12	0	0	0	0	0	0	0	0	1310336	0	0	0	0	0	0	0	0	0	0	0	0	0	2522308	0	0	0	0	0	0	0	0	0	0	0	52377573	0
LFQ	64	0	0	3	0	0	0	0	0	0	0	0	1270886	0	0	0	0	0	0	0	0	0	0	0	0	0	2474988	0	0	0	0	0	0	0	0	0	0	0	52458862	0
LFQ	65	0	0	19	0	0	0	0	0	0	0	0	1263286	0	0	0	0	0	0	0	0	0	0	0	0	0	2475006	0	0	0	0	0	0	0	0	0	0	0	52460487	0
LFQ	66	0	0	0	0	0	0	0	0	0	0	0	1283139	0	0	0	0	0	0	0	0	0	0	0	0	0	2493660	0	0	0	0	0	0	0	0	0	0	0	52416000	0
LFQ	67	0	0	1	0	0	0	0	0	0	0	0	1307976	0	0	0	0	0	0	0	0	0	0	0	0	0	2520516	0	0	0	0	0	0	0	0	0	0	0	52357968	0
LFQ	68	0	0	0	0	0	0	0	0	0	0	0	1336670	0	0	0	0	0	0	0	0	0	0	0	0	0	2561399	0	0	0	0	0	0	0	0	0	0	0	52281356	0
LFQ	69	0	0	5659	0	0	0	0	0	0	0	0	1339474	0	0	0	0	0	0	0	0	0	0	0	0	0	2574663	0	0	0	0	0	0	0	0	0	0	0	52252141	0
LFQ	70	0	0	3	0	0	0	0	0	0	0	0	1357543	0	0	0	0	0	0	0	0	0	0	0	0	0	2595260	0	0	0	0	0	0	0	0	0	0	0	52210432	0
LFQ	71	0	0	0	0	0	0	0	0	0	0	0	1388545	0	0	0	0	0	0	0	0	0	0	0	0	0	2633247	0	0	0	0	0	0	0	0	0	0	0	52131818	0
LFQ	72	0	0	0	0	0	0	0	0	0	0	0	1378415	0	0	0	0	0	0	0	0	0	0	0	0	0	2611395	0	0	0	0	0	0	0	0	0	0	0	52153210	0
LFQ	73	0	0	1	0	0	0	0	0	0	0	0	1348846	0	0	0	0	0	0	0	0	0	0	0	0	0	2575264	0	0	0	0	0	0	0	0	0	0	0	52207345	0
LFQ	74	0	0	8	0	0	0	0	0	0	0	0	1357837	0	0	0	0	0	0	0	0	0	0	0	0	0	2592494	0	0	0	0	0	0	0	0	0	0	0	52168122	0
LFQ	75	0	0	9	0	0	0	0	0	0	0	0	1358529	0	0	0	0	0	0	0	0	0	0	0	0	0	2584009	0	0	0	0	0	0	0	0	0	0	0	52162308	0
LFQ	76	0	0	15	0	0	0	0	0	0	0	0	1350250	0	0	0	0	0	0	0	0	0	0	0	0	0	2574546	0	0	0	0	0	0	0	0	0	0	0	52165107	0
LFQ	77	0	0	154	0	0	0	0	0	0	0	0	1366848	0	0	0	0	0	0	0	0	0	0	0	0	0	2592591	0	0	0	0	0	0	0	0	0	0	0	52113884	0
LFQ	78	0	0	3	0	0	0	0	0	0	0	0	1362284	0	0	0	0	0	0	0	0	0	0	0	0	0	2587922	0	0	0	0	0	0	0	0	0	0	0	52106066	0
LFQ	79	0	0	76	0	0	0	0	0	0	0	0	1356926	0	0	0	0	0	0	0	0	0	0	0	0	0	2578795	0	0	0	0	0	0	0	0	0	0	0	52101733	0
LFQ	80	0	0	0	0	0	0	0	0	0	0	0	1389751	0	0	0	0	0	0	0	0	0	0	0	0	0	2621631	0	0	0	0	0	0	0	0	0	0	0	52004852	0
LFQ	81	0	0	2	0	0	0	0	0	0	0	0	1431711	0	0	0	0	0	0	0	0	0	0	0	0	0	2675675	0	0	0	0	0	0	0	0	0	0	0	51885876	0
LFQ	82	0	0	102	0	0	0	0	0	0	0	0	1481512	0	0	0	0	0	0	0	0	0	0	0	0	0	2731924	0	0	0	0	0	0	0	0	0	0	0	51754108	0
LFQ	83	0	0	3	0	0	0	0	0	0	0	0	1465368	0	0	0	0	0	0	0	0	0	0	0	0	0	2713679	0	0	0	0	0	0	0	0	0	0	0	51760424	0
LFQ	84	0	0	6	0	0	0	0	0	0	0	0	1420268	0	0	0	0	0	0	0	0	0	0	0	0	0	2655170	0	0	0	0	0	0	0	0	0	0	0	51833559	0
LFQ	85	0	0	1	0	0	0	0	0	0	0	0	1497061	0	0	0	0	0	0	0	0	0	0	0	0	0	2749865	0	0	0	0	0	0	0	0	0	0	0	51628041	0
LFQ	86	0	0	2	0	0	0	0	0	0	0	0	1550973	0	0	0	0	0	0	0	0	0	0	0	0	0	2820079	0	0	0	0	0	0	0	0	0	0	0	51466429	0
LFQ	87	0	0	1	0	0	0	0	0	0	0	0	1538721	0	0	0	0	0	0	0	0	0	0	0	0	0	2807553	0	0	0	0	0	0	0	0	0	0	0	51451347	0
LFQ	88	0	0	14	0	0	0	0	0	0	0	0	1505218	0	0	0	0	0	0	0	0	0	0	0	0	0	2755411	0	0	0	0	0	0	0	0	0	0	0	51494174	0
LFQ	89	0	0	3	0	0	0	0	0	0	0	0	1507967	0	0	0	0	0	0	0	0	0	0	0	0	0	2762751	0	0	0	0	0	0	0	0	0	0	0	51436292	0
LFQ	90	0	0	1	0	0	0	0	0	0	0	0	1494828	0	0	0	0	0	0	0	0	0	0	0	0	0	2748119	0	0	0	0	0	0	0	0	0	0	0	51414153	0
LFQ	91	0	0	1169	0	0	0	0	0	0	0	0	1471462	0	0	0	0	0	0	0	0	0	0	0	0	0	2711158	0	0	0	0	0	0	0	0	0	0	0	51418037	0
LFQ	92	0	0	0	0	0	0	0	0	0	0	0	1513099	0	0	0	0	0	0	0	0	0	0	0	0	0	2772002	0	0	0	0	0	0	0	0	0	0	0	51257048	0
LFQ	93	0	0	1	0	0	0	0	0	0	0	0	1532605	0	0	0	0	0	0	0	0	0	0	0	0	0	2783017	0	0	0	0	0	0	0	0	0	0	0	51160735	0
LFQ	94	0	0	52	0	0	0	0	0	0	0	0	1510735	0	0	0	0	0	0	0	0	0	0	0	0	0	2751473	0	0	0	0	0	0	0	0	0	0	0	51142821	0
LFQ	95	0	0	0	0	0	0	0	0	0	0	0	1519646	0	0	0	0	0	0	0	0	0	0	0	0	0	2765611	0	0	0	0	0	0	0	0	0	0	0	51042099	0
LFQ	96	0	0	4	0	0	0	0	0	0	0	0	1591105	0	0	0	0	0	0	0	0	0	0	0	0	0	2838234	0	0	0	0	0	0	0	0	0	0	0	50815516	0
LFQ	97	0	0	17	0	0	0	0	0	0	0	0	1567317	0	0	0	0	0	0	0	0	0	0	0	0	0	2809483	0	0	0	0	0	0	0	0	0	0	0	50779007	0
LFQ	98	0	0	16	0	0	0	0	0	0	0	0	1515198	0	0	0	0	0	0	0	0	0	0	0	0	0	2749719	0	0	0	0	0	0	0	0	0	0	0	50794440	0
LFQ	99	0	0	176	0	0	0	0	0	0	0	0	1522051	0	0	0	0	0	0	0	0	0	0	0	0	0	2754318	0	0	0	0	0	0	0	0	0	0	0	50682284	0
LFQ	100	0	0	28	0	0	0	0	0	0	0	0	1588976	0	0	0	0	0	0	0	0	0	0	0	0	0	2824218	0	0	0	0	0	0	0	0	0	0	0	50437513	0
LFQ	101	0	0	27	0	0	0	0	0	0	0	0	1587936	0	0	0	0	0	0	0	0	0	0	0	0	0	2830270	0	0	0	0	0	0	0	0	0	0	0	50314864	0
LFQ	102	0	0	185	0	0	0	0	0	0	0	0	1607063	0	0	0	0	0	0	0	0	0	0	0	0	0	2851822	0	0	0	0	0	0	0	0	0	0	0	50150286	0
LFQ	103	0	0	32	0	0	0	0	0	0	0	0	1633882	0	0	0	0	0	0	0	0	0	0	0	0	0	2880766	0	0	0	0	0	0	0	0	0	0	0	49963202	0
LFQ	104	0	0	405	0	0	0	0	0	0	0	0	1668638	0	0	0	0	0	0	0	0	0	0	0	0	0	2912065	0	0	0	0	0	0	0	0	0	0	0	49755023	0
LFQ	105	0	0	0	0	0	0	0	0	0	0	0	1715309	0	0	0	0	0	0	0	0	0	0	0	0	0	2964376	0	0	0	0	0	0	0	0	0	0	0	49507581	0
LFQ	106	0	0	12	0	0	0	0	0	0	0	0	1643477	0	0	0	0	0	0	0	0	0	0	0	0	0	2877818	0	0	0	0	0	0	0	0	0	0	0	49510480	0
LFQ	107	0	0	12814	0	0	0	0	0	0	0	0	1700768	0	0	0	0	0	0	0	0	0	0	0	0	0	2965660	0	0	0	0	0	0	0	0	0	0	0	49185096	0
LFQ	108	0	0	0	0	0	0	0	0	0	0	0	1704272	0	0	0	0	0	0	0	0	0	0	0	0	0	2941423	0	0	0	0	0	0	0	0	0	0	0	49047089	0
LFQ	109	0	0	3	0	0	0	0	0	0	0	0	1655163	0	0	0	0	0	0	0	0	0	0	0	0	0	2887081	0	0	0	0	0	0	0	0	0	0	0	48971450	0
LFQ	110	0	0	1	0	0	0	0	0	0	0	0	1719196	0	0	0	0	0	0	0	0	0	0	0	0	0	2949495	0	0	0	0	0	0	0	0	0	0	0	48654887	0
LFQ	111	0	0	0	0	0	0	0	0	0	0	0	1699375	0	0	0	0	0	0	0	0	0	0	0	0	0	2922903	0	0	0	0	0	0	0	0	0	0	0	48506822	0
LFQ	112	0	0	1	0	0	0	0	0	0	0	0	1630429	0	0	0	0	0	0	0	0	0	0	0	0	0	2846184	0	0	0	0	0	0	0	0	0	0	0	48448408	0
LFQ	113	0	0	0	0	0	0	0	0	0	0	0	1682528	0	0	0	0	0	0	0	0	0	0	0	0	0	2901747	0	0	0	0	0	0	0	0	0	0	0	48122915	0
LFQ	114	0	0	0	0	0	0	0	0	0	0	0	1706042	0	0	0	0	0	0	0	0	0	0	0	0	0	2928480	0	0	0	0	0	0	0	0	0	0	0	47849721	0
LFQ	115	0	0	5	0	0	0	0	0	0	0	0	1752118	0	0	0	0	0	0	0	0	0	0	0	0	0	2979768	0	0	0	0	0	0	0	0	0	0	0	47521300	0
LFQ	116	0	0	5	0	0	0	0	0	0	0	0	1810114	0	0	0	0	0	0	0	0	0	0	0	0	0	3023489	0	0	0	0	0	0	0	0	0	0	0	47175918	0
LFQ	117	0	0	63	0	0	0	0	0	0	0	0	1717569	0	0	0	0	0	0	0	0	0	0	0	0	0	2919746	0	0	0	0	0	0	0	0	0	0	0	47125100	0
LFQ	118	0	0	4	0	0	0	0	0	0	0	0	1709506	0	0	0	0	0	0	0	0	0	0	0	0	0	2920808	0	0	0	0	0	0	0	0	0	0	0	46879438	0
LFQ	119	0	0	19	0	0	0	0	0	0	0	0	1797082	0	0	0	0	0	0	0	0	0	0	0	0	0	3008919	0	0	0	0	0	0	0	0	0	0	0	46441723	0
LFQ	120	0	0	0	0	0	0	0	0	0	0	0	1721271	0	0	0	0	0	0	0	0	0	0	0	0	0	2932309	0	0	0	0	0	0	0	0	0	0	0	46329113	0
LFQ	121	0	0	8	0	0	0	0	0	0	0	0	1782894	0	0	0	0	0	0	0	0	0	0	0	0	0	2967424	0	0	0	0	0	0	0	0	0	0	0	45959585	0
LFQ	122	0	0	62	0	0	0	0	0	0	0	0	1807120	0	0	0	0	0	0	0	0	0	0	0	0	0	2994560	0	0	0	0	0	0	0	0	0	0	0	45626834	0
LFQ	123	0	0	176	0	0	0	0	0	0	0	0	1709238	0	0	0	0	0	0	0	0	0	0	0	0	0	2883882	0	0	0	0	0	0	0	0	0	0	0	45548150	0
LFQ	124	0	0	12	0	0	0	0	0	0	0	0	1767553	0	0	0	0	0	0	0	0	0	0	0	0	0	2946552	0	0	0	0	0	0	0	0	0	0	0	45132175	0
LFQ	125	0	0	24	0	0	0	0	0	0	0	0	1734758	0	0	0	0	0	0	0	0	0	0	0	0	0	2923022	0	0	0	0	0	0	0	0	0	0	0	44882449	0
LFQ	126	0	0	185	0	0	0	0	0	0	0	0	1737950	0	0	0	0	0	0	0	0	0	0	0	0	0	2911587	0	0	0	0	0	0	0	0	0	0	0	44581461	0
LFQ	127	0	0	122	0	0	0	0	0	0	0	0	1796391	0	0	0	0	0	0	0	0	0	0	0	0	0	2964081	0	0	0	0	0	0	0	0	0	0	0	44156840	0
LFQ	128	0	0	421	0	0	0	0	0	0	0	0	1819545	0	0	0	0	0	0	0	0	0	0	0	0	0	2973077	0	0	0	0	0	0	0	0	0	0	0	43805047	0
LFQ	129	0	0	1	0	0	0	0	0	0	0	0	1811576	0	0	0	0	0	0	0	0	0	0	0	0	0	2984880	0	0	0	0	0	0	0	0	0	0	0	43481760	0
LFQ	130	0	0	1	0	0	0	0	0	0	0	0	1701884	0	0	0	0	0	0	0	0	0	0	0	0	0	2852888	0	0	0	0	0	0	0	0	0	0	0	43399184	0
LFQ	131	0	0	376	0	0	0	0	0	0	0	0	1764353	0	0	0	0	0	0	0	0	0	0	0	0	0	2915009	0	0	0	0	0	0	0	0	0	0	0	42941303	0
LFQ	132	0	0	501	0	0	0	0	0	0	0	0	1812207	0	0	0	0	0	0	0	0	0	0	0	0	0	2948083	0	0	0	0	0	0	0	0	0	0	0	42527311	0
LFQ	133	0	0	69	0	0	0	0	0	0	0	0	1774804	0	0	0	0	0	0	0	0	0	0	0	0	0	2920529	0	0	0	0	0	0	0	0	0	0	0	42254053	0
LFQ	134	0	0	0	0	0	0	0	0	0	0	0	1842734	0	0	0	0	0	0	0	0	0	0	0	0	0	2978060	0	0	0	0	0	0	0	0	0	0	0	41780110	0
LFQ	135	0	0	1	0	0	0	0	0	0	0	0	1767151	0	0	0	0	0	0	0	0	0	0	0	0	0	2897486	0	0	0	0	0	0	0	0	0	0	0	41582534	0
LFQ	136	0	0	2	0	0	0	0	0	0	0	0	1762169	0	0	0	0	0	0	0	0	0	0	0	0	0	2888785	0	0	0	0	0	0	0	0	0	0	0	41241410	0
LFQ	137	0	0	0	0	0	0	0	0	0	0	0	1831342	0	0	0	0	0	0	0	0	0	0	0	0	0	2952011	0	0	0	0	0	0	0	0	0	0	0	40744085	0
LFQ	138	0	0	0	0	0	0	0	0	0	0	0	1855491	0	0	0	0	0	0	0	0	0	0	0	0	0	2989407	0	0	0	0	0	0	0	0	0	0	0	40320483	0
LFQ	139	0	0	12	0	0	0	0	0	0	0	0	1790368	0	0	0	0	0	0	0	0	0	0	0	0	0	2908017	0	0	0	0	0	0	0	0	0	0	0	40106065	0
LFQ	140	0	0	4	0	0	0	0	0	0	0	0	1725544	0	0	0	0	0	0	0	0	0	0	0	0	0	2828432	0	0	0	0	0	0	0	0	0	0	0	39880962	0
LFQ	141	0	0	88	0	0	0	0	0	0	0	0	1798619	0	0	0	0	0	0	0	0	0	0	0	0	0	2904855	0	0	0	0	0	0	0	0	0	0	0	39360467	0
LFQ	142	0	0	2	0	0	0	0	0	0	0	0	1819549	0	0	0	0	0	0	0	0	0	0	0	0	0	2925193	0	0	0	0	0	0	0	0	0	0	0	38944365	0
LFQ	143	0	0	0	0	0	0	0	0	0	0	0	1850382	0	0	0	0	0	0	0	0	0	0	0	0	0	2966034	0	0	0	0	0	0	0	0	0	0	0	38483551	0
LFQ	144	0	0	2	0	0	0	0	0	0	0	0	1821666	0	0	0	0	0	0	0	0	0	0	0	0	0	2933508	0	0	0	0	0	0	0	0	0	0	0	38144119	0
LFQ	145	0	0	0	0	0	0	0	0	0	0	0	1838548	0	0	0	0	0	0	0	0	0	0	0	0	0	2946811	0	0	0	0	0	0	0	0	0	0	0	37713988	0
LFQ	146	0	0	164	0	0	0	0	0	0	0	0	1787137	0	0	0	0	0	0	0	0	0	0	0	0	0	2885708	0	0	0	0	0	0	0	0	0	0	0	37390309	0
LFQ	147	0	0	0	0	0	0	0	0	0	0	0	1716084	0	0	0	0	0	0	0	0	0	0	0	0	0	2855761	0	0	0	0	0	0	0	0	0	0	0	36991172	0
LFQ	148	0	0	0	0	0	0	0	0	0	0	0	1613715	0	0	0	0	0	0	0	0	0	0	0	0	0	2840020	0	0	0	0	0	0	0	0	0	0	0	36566325	0
LFQ	149	0	0	6	0	0	0	0	0	0	0	0	1602949	0	0	0	0	0	0	0	0	0	0	0	0	0	2814868	0	0	0	0	0	0	0	0	0	0	0	36220249	0
LFQ	150	0	0	0	0	0	0	0	0	0	0	0	1674145	0	0	0	0	0	0	0	0	0	0	0	0	0	2887569	0	0	0	0	0	0	0	0	0	0	0	35696773	0
LFQ	151	0	0	0	0	0	0	0	0	0	0	0	1921995	0	0	0	0	0	0	0	0	0	0	0	0	0	3210604	0	0	0	0	0	0	0	0	0	0	0	34754176	0
# GC Content of first fragments. Use `grep ^GCF | cut -f 2-` to extract this part.
GCF	0.25	78
GCF	0.75	87
GCF	1.26	65
GCF	1.76	72
GCF	2.26	74
GCF	2.76	82
GCF	3.27	62
GCF	3.77	57
GCF	4.27	65
GCF	4.77	63
GCF	5.28	73
GCF	5.78	75
GCF	6.28	70
GCF	6.78	81
GCF	7.29	80
GCF	7.79	49
GCF	8.29	51
GCF	8.79	45
GCF	9.30	55
GCF	9.80	49
GCF	10.30	53
GCF	10.80	63
GCF	11.31	71
GCF	11.81	60
GCF	12.31	49
GCF	12.81	55
GCF	13.32	56
GCF	13.82	57
GCF	14.32	71
GCF	14.82	83
GCF	15.33	104
GCF	15.83	98
GCF	16.33	113
GCF	16.83	121
GCF	17.34	135
GCF	17.84	205
GCF	18.34	273
GCF	18.84	300
GCF	19.35	320
GCF	19.85	413
GCF	20.35	522
GCF	20.85	567
GCF	21.36	738
GCF	21.86	1014
GCF	22.36	1345
GCF	22.86	1527
GCF	23.37	2026
GCF	23.87	2563
GCF	24.37	3150
GCF	24.87	3517
GCF	25.38	4479
GCF	25.88	5593
GCF	26.38	7392
GCF	26.88	8231
GCF	27.39	11324
GCF	27.89	14457
GCF	28.39	17677
GCF	28.89	22147
GCF	29.40	24211
GCF	29.90	31115
GCF	30.40	42265
GCF	30.90	52328
GCF	31.41	56486
GCF	31.91	70164
GCF	32.41	86512
GCF	32.91	107417
GCF	33.42	114961
GCF	33.92	133737
GCF	34.42	161493
GCF	34.92	191237
GCF	35.43	201930
GCF	35.93	231067
GCF	36.43	262942
GCF	36.93	301147
GCF	37.44	314460
GCF	37.94	357248
GCF	38.44	389600
GCF	38.94	425463
GCF	39.45	439281
GCF	39.95	494618
GCF	40.45	548146
GCF	40.95	642506
GCF	41.46	659014
GCF	41.96	670462
GCF	42.46	703840
GCF	42.96	731470
GCF	43.47	788597
GCF	43.97	799581
GCF	44.47	876472
GCF	44.97	916162
GCF	45.48	1044355
GCF	45.98	1064294
GCF	46.48	1175112
GCF	46.98	1233727
GCF	47.49	1384678
GCF	47.99	1403931
GCF	48.49	1433692
GCF	48.99	1531017
GCF	49.50	1636676
GCF	50.00	1650787
GCF	50.50	1737874
GCF	51.01	1827666
GCF	51.51	1914769
GCF	52.01	1937600
GCF	52.51	2032402
GCF	53.02	2115502
GCF	53.52	2203674
GCF	54.02	2224795
GCF	54.52	2280608
GCF	55.03	2363879
GCF	55.53	2376617
GCF	56.03	2388028
GCF	56.53	2447710
GCF	57.04	2413557
GCF	57.54	2395005
GCF	58.04	2268168
GCF	58.54	2251286
GCF	59.05	2133680
GCF	59.55	1948741
GCF	60.05	1747172
GCF	60.55	1710970
GCF	61.06	1503010
GCF	61.56	1286100
GCF	62.06	1076051
GCF	62.56	1029522
GCF	63.07	846274
GCF	63.57	674628
GCF	64.07	523785
GCF	64.57	478230
GCF	65.08	358059
GCF	65.58	269713
GCF	66.08	199141
GCF	66.58	170207
GCF	67.09	117752
GCF	67.59	81685
GCF	68.09	56960
GCF	68.59	46093
GCF	69.10	32705
GCF	69.60	23005
GCF	70.10	16947
GCF	70.60	13083
GCF	71.11	9536
GCF	71.61	6951
GCF	72.11	5292
GCF	72.61	3926
GCF	73.12	2974
GCF	73.62	2305
GCF	74.12	1744
GCF	74.62	1371
GCF	75.13	1065
GCF	75.63	849
GCF	76.13	696
GCF	76.63	604
GCF	77.14	582
GCF	77.64	471
GCF	78.14	417
GCF	78.64	415
GCF	79.15	383
GCF	79.65	315
GCF	80.15	256
GCF	80.65	209
GCF	81.16	164
GCF	81.66	133
GCF	82.16	105
GCF	82.66	76
GCF	83.17	72
GCF	83.67	50
GCF	84.17	34
GCF	84.67	31
GCF	85.18	27
GCF	85.68	29
GCF	86.18	23
GCF	86.68	19
GCF	87.44	16
GCF	88.19	14
GCF	88.69	11
GCF	89.20	5
GCF	89.70	3
GCF	90.20	5
GCF	90.70	6
GCF	91.21	4
GCF	91.71	3
GCF	92.21	5
GCF	92.71	2
GCF	93.97	1
GCF	95.23	2
GCF	96.73	1
# GC Content of last fragments. Use `grep ^GCL | cut -f 2-` to extract this part.
GCL	0.25	576
GCL	0.75	496
GCL	1.26	475
GCL	1.76	429
GCL	2.26	393
GCL	2.76	414
GCL	3.27	466
GCL	3.77	465
GCL	4.27	525
GCL	4.77	558
GCL	5.28	586
GCL	5.78	621
GCL	6.28	691
GCL	6.78	704
GCL	7.29	807
GCL	7.79	811
GCL	8.29	796
GCL	8.79	806
GCL	9.30	775
GCL	9.80	870
GCL	10.30	887
GCL	10.80	855
GCL	11.31	853
GCL	11.81	820
GCL	12.31	864
GCL	12.81	792
GCL	13.32	831
GCL	13.82	754
GCL	14.32	742
GCL	14.82	711
GCL	15.33	715
GCL	15.83	745
GCL	16.33	750
GCL	16.83	763
GCL	17.34	783
GCL	17.84	841
GCL	18.34	926
GCL	18.84	925
GCL	19.35	1010
GCL	19.85	1123
GCL	20.35	1358
GCL	20.85	1407
GCL	21.36	1861
GCL	21.86	2210
GCL	22.36	2630
GCL	22.86	2753
GCL	23.37	3195
GCL	23.87	4169
GCL	24.37	5010
GCL	24.87	5331
GCL	25.38	6634
GCL	25.88	8225
GCL	26.38	10590
GCL	26.88	11567
GCL	27.39	14896
GCL	27.89	18842
GCL	28.39	23879
GCL	28.89	30740
GCL	29.40	32649
GCL	29.90	40547
GCL	30.40	51558
GCL	30.90	65516
GCL	31.41	69566
GCL	31.91	87498
GCL	32.41	107578
GCL	32.91	130351
GCL	33.42	137657
GCL	33.92	162559
GCL	34.42	194541
GCL	34.92	222010
GCL	35.43	232742
GCL	35.93	270377
GCL	36.43	307863
GCL	36.93	345121
GCL	37.44	357815
GCL	37.94	399184
GCL	38.44	431104
GCL	38.94	474640
GCL	39.45	487720
GCL	39.95	542852
GCL	40.45	592015
GCL	40.95	638392
GCL	41.46	654165
GCL	41.96	700258
GCL	42.46	729827
GCL	42.96	738874
GCL	43.47	787787
GCL	43.97	798956
GCL	44.47	816982
GCL	44.97	870027
GCL	45.48	959938
GCL	45.98	978973
GCL	46.48	1068997
GCL	46.98	1158050
GCL	47.49	1259934
GCL	47.99	1276672
GCL	48.49	1344715
GCL	48.99	1409964
GCL	49.50	1546708
GCL	50.00	1561433
GCL	50.50	1626242
GCL	51.01	1718167
GCL	51.51	1843602
GCL	52.01	1867043
GCL	52.51	1984959
GCL	53.02	2044069
GCL	53.52	2128118
GCL	54.02	2150592
GCL	54.52	2221134
GCL	55.03	2334434
GCL	55.53	2338232
GCL	56.03	2348071
GCL	56.53	2402792
GCL	57.04	2414514
GCL	57.54	2427410
GCL	58.04	2329750
GCL	58.54	2313961
GCL	59.05	2187002
GCL	59.55	2024773
GCL	60.05	1823628
GCL	60.55	1787263
GCL	61.06	1567373
GCL	61.56	1344897
GCL	62.06	1142784
GCL	62.56	1095988
GCL	63.07	921433
GCL	63.57	723950
GCL	64.07	560572
GCL	64.57	514323
GCL	65.08	390962
GCL	65.58	294921
GCL	66.08	216789
GCL	66.58	187944
GCL	67.09	133118
GCL	67.59	91371
GCL	68.09	64030
GCL	68.59	53005
GCL	69.10	36870
GCL	69.60	25828
GCL	70.10	18371
GCL	70.60	14731
GCL	71.11	10614
GCL	71.61	7669
GCL	72.11	5780
GCL	72.61	4162
GCL	73.12	3304
GCL	73.62	2525
GCL	74.12	1869
GCL	74.62	1519
GCL	75.13	1270
GCL	75.63	1022
GCL	76.13	849
GCL	76.63	730
GCL	77.14	640
GCL	77.64	487
GCL	78.14	435
GCL	78.64	363
GCL	79.15	338
GCL	79.65	280
GCL	80.15	262
GCL	80.65	232
GCL	81.16	210
GCL	81.66	182
GCL	82.41	142
GCL	83.17	144
GCL	83.67	124
GCL	84.17	107
GCL	84.92	105
GCL	85.68	87
GCL	86.18	88
GCL	86.68	86
GCL	87.19	88
GCL	87.69	83
GCL	88.19	86
GCL	88.69	105
GCL	89.20	103
GCL	89.70	114
GCL	90.20	126
GCL	90.70	144
GCL	91.21	153
GCL	91.71	172
GCL	92.21	196
GCL	92.71	223
GCL	93.22	264
GCL	93.72	283
GCL	94.22	324
GCL	94.72	378
GCL	95.23	454
GCL	95.73	533
GCL	96.23	585
GCL	96.73	636
GCL	97.24	592
GCL	97.74	622
GCL	98.24	666
GCL	98.74	670
GCL	99.50	636
# ACGT content per cycle. Use `grep ^GCC | cut -f 2-` to extract this part. The columns are: cycle; A,C,G,T base counts as a percentage of all A/C/G/T bases [%]; and N and O counts as a percentage of all A/C/G/T bases [%]
GCC	1	11.16	39.01	39.37	10.45	0.00	0.00
GCC	2	24.25	25.08	25.59	25.09	0.00	0.00
GCC	3	22.45	27.48	26.99	23.08	0.00	0.00
GCC	4	22.93	27.30	27.32	22.44	0.02	0.00
GCC	5	26.02	24.06	24.54	25.38	0.00	0.00
GCC	6	26.49	24.06	23.99	25.46	0.00	0.00
GCC	7	26.53	22.82	22.64	28.01	0.00	0.00
GCC	8	24.05	26.31	25.43	24.21	0.00	0.00
GCC	9	24.20	25.67	25.26	24.87	0.00	0.00
GCC	10	26.90	23.34	23.39	26.36	0.01	0.00
GCC	11	21.46	28.75	28.56	21.23	0.00	0.00
GCC	12	22.04	27.95	27.69	22.33	0.00	0.00
GCC	13	23.21	26.84	26.61	23.35	0.00	0.00
GCC	14	24.15	26.01	25.74	24.10	0.00	0.00
GCC	15	23.86	26.22	26.16	23.76	0.00	0.00
GCC	16	23.19	26.99	26.86	22.95	0.00	0.00
GCC	17	23.74	26.41	26.16	23.69	0.00	0.00
GCC	18	23.96	26.15	26.02	23.88	0.00	0.00
GCC	19	23.14	26.86	26.74	23.26	0.00	0.00
GCC	20	23.75	26.22	26.19	23.85	0.00	0.00
GCC	21	23.98	26.08	25.95	23.99	0.00	0.00
GCC	22	23.37	26.69	26.54	23.40	0.00	0.00
GCC	23	24.06	26.12	25.91	23.91	0.00	0.00
GCC	24	23.85	26.14	25.92	24.09	0.00	0.00
GCC	25	23.04	26.96	26.67	23.33	0.00	0.00
GCC	26	23.91	26.21	26.05	23.83	0.00	0.00
GCC	27	23.80	26.30	25.89	24.01	0.00	0.00
GCC	28	23.21	26.81	26.62	23.36	0.00	0.00
GCC	29	23.91	26.15	26.01	23.93	0.00	0.00
GCC	30	23.84	26.27	25.99	23.91	0.00	0.00
GCC	31	23.28	26.72	26.57	23.44	0.00	0.00
GCC	32	23.90	26.12	26.02	23.96	0.00	0.00
GCC	33	23.83	26.27	25.94	23.96	0.00	0.00
GCC	34	23.34	26.75	26.65	23.26	0.00	0.00
GCC	35	23.94	26.18	26.03	23.85	0.00	0.00
GCC	36	23.89	26.19	26.01	23.90	0.00	0.00
GCC	37	23.29	26.66	26.65	23.40	0.00	0.00
GCC	38	23.97	26.07	25.99	23.97	0.00	0.00
GCC	39	23.96	26.16	25.93	23.95	0.00	0.00
GCC	40	23.31	26.75	26.65	23.29	0.00	0.00
GCC	41	23.99	25.99	26.02	24.01	0.00	0.00
GCC	42	23.99	26.09	25.93	23.98	0.00	0.00
GCC	43	23.26	26.71	26.60	23.43	0.00	0.00
GCC	44	23.94	26.14	25.98	23.93	0.00	0.00
GCC	45	23.93	26.13	25.92	24.02	0.00	0.00
GCC	46	23.26	26.83	26.57	23.34	0.00	0.00
GCC	47	23.80	26.09	26.09	24.02	0.00	0.00
GCC	48	23.87	26.15	26.06	23.92	0.00	0.00
GCC	49	23.17	26.69	26.66	23.48	0.00	0.00
GCC	50	23.86	26.06	26.06	24.01	0.00	0.00
GCC	51	23.78	26.19	26.03	23.99	0.00	0.00
GCC	52	23.29	26.63	26.61	23.48	0.00	0.00
GCC	53	24.03	26.00	26.02	23.95	0.00	0.00
GCC	54	23.95	26.07	25.98	24.00	0.00	0.00
GCC	55	23.27	26.65	26.58	23.50	0.00	0.00
GCC	56	23.83	26.05	26.07	24.04	0.00	0.00
GCC	57	23.92	26.07	25.98	24.02	0.00	0.00
GCC	58	23.33	26.71	26.57	23.39	0.00	0.00
GCC	59	23.82	26.07	26.07	24.03	0.00	0.00
GCC	60	23.86	26.17	26.04	23.93	0.00	0.00
GCC	61	23.27	26.73	26.59	23.41	0.00	0.00
GCC	62	23.88	26.17	26.07	23.88	0.00	0.00
GCC	63	23.76	26.21	26.10	23.94	0.00	0.00
GCC	64	23.24	26.73	26.74	23.30	0.00	0.00
GCC	65	23.78	26.07	26.15	24.00	0.00	0.00
GCC	66	23.79	26.19	26.02	24.00	0.00	0.00
GCC	67	23.31	26.74	26.64	23.31	0.00	0.00
GCC	68	24.03	26.08	26.04	23.85	0.00	0.00
GCC	69	23.97	26.00	26.03	24.00	0.01	0.00
GCC	70	23.31	26.74	26.66	23.29	0.00	0.00
GCC	71	23.92	26.02	26.17	23.90	0.00	0.00
GCC	72	24.00	26.05	26.00	23.96	0.00	0.00
GCC	73	23.30	26.80	26.70	23.21	0.00	0.00
GCC	74	23.93	26.09	26.08	23.90	0.00	0.00
GCC	75	23.73	26.22	26.13	23.93	0.00	0.00
GCC	76	23.25	26.79	26.70	23.25	0.00	0.00
GCC	77	23.78	26.17	26.05	24.00	0.00	0.00
GCC	78	23.82	26.20	26.05	23.92	0.00	0.00
GCC	79	23.24	26.70	26.69	23.38	0.00	0.00
GCC	80	23.92	26.17	25.99	23.91	0.00	0.00
GCC	81	23.84	26.22	26.08	23.86	0.00	0.00
GCC	82	23.15	26.75	26.70	23.40	0.00	0.00
GCC	83	23.84	26.24	26.06	23.87	0.00	0.00
GCC	84	23.72	26.29	26.16	23.83	0.00	0.00
GCC	85	23.17	26.70	26.73	23.40	0.00	0.00
GCC	86	23.79	26.16	26.15	23.90	0.00	0.00
GCC	87	23.79	26.13	26.12	23.97	0.00	0.00
GCC	88	23.26	26.69	26.73	23.33	0.00	0.00
GCC	89	23.91	26.19	26.08	23.83	0.00	0.00
GCC	90	23.86	26.25	26.04	23.85	0.00	0.00
GCC	91	23.21	26.90	26.61	23.29	0.00	0.00
GCC	92	23.83	26.26	26.10	23.81	0.00	0.00
GCC	93	23.83	26.09	26.15	23.93	0.00	0.00
GCC	94	23.32	26.73	26.66	23.30	0.00	0.00
GCC	95	23.85	26.04	26.17	23.94	0.00	0.00
GCC	96	23.81	26.15	26.13	23.92	0.00	0.00
GCC	97	23.15	26.71	26.72	23.42	0.00	0.00
GCC	98	23.78	26.13	26.13	23.96	0.00	0.00
GCC	99	23.70	26.17	26.11	24.02	0.00	0.00
GCC	100	23.14	26.69	26.63	23.53	0.00	0.00
GCC	101	23.75	26.14	26.22	23.89	0.00	0.00
GCC	102	23.81	26.07	26.14	23.97	0.00	0.00
GCC	103	23.17	26.78	26.59	23.46	0.00	0.00
GCC	104	23.82	26.14	26.04	24.00	0.00	0.00
GCC	105	23.72	26.14	26.12	24.02	0.00	0.00
GCC	106	23.32	26.69	26.61	23.38	0.00	0.00
GCC	107	23.76	26.18	26.17	23.90	0.01	0.00
GCC	108	23.69	26.27	26.16	23.88	0.00	0.00
GCC	109	23.21	26.74	26.72	23.33	0.00	0.00
GCC	110	23.75	26.18	26.15	23.92	0.00	0.00
GCC	111	23.74	26.24	26.16	23.85	0.00	0.00
GCC	112	23.08	26.86	26.68	23.38	0.00	0.00
GCC	113	23.69	26.26	26.26	23.78	0.00	0.00
GCC	114	23.75	26.09	26.21	23.95	0.00	0.00
GCC	115	23.18	26.73	26.79	23.30	0.00	0.00
GCC	116	23.85	26.28	25.99	23.89	0.00	0.00
GCC	117	23.85	26.17	26.13	23.85	0.00	0.00
GCC	118	23.23	26.71	26.70	23.35	0.00	0.00
GCC	119	23.76	26.27	26.16	23.81	0.00	0.00
GCC	120	23.73	26.32	26.15	23.79	0.00	0.00
GCC	121	23.16	26.75	26.69	23.40	0.00	0.00
GCC	122	23.68	26.41	26.14	23.78	0.00	0.00
GCC	123	23.81	26.23	26.24	23.71	0.00	0.00
GCC	124	23.23	26.78	26.77	23.21	0.00	0.00
GCC	125	23.73	26.34	26.13	23.80	0.00	0.00
GCC	126	23.79	26.23	26.20	23.78	0.00	0.00
GCC	127	23.17	26.81	26.76	23.26	0.00	0.00
GCC	128	23.78	26.22	26.14	23.85	0.00	0.00
GCC	129	23.75	26.22	26.19	23.84	0.00	0.00
GCC	130	23.34	26.73	26.74	23.19	0.00	0.00
GCC	131	23.83	26.28	26.18	23.72	0.00	0.00
GCC	132	23.78	26.33	26.17	23.72	0.00	0.00
GCC	133	23.18	26.89	26.71	23.22	0.00	0.00
GCC	134	23.79	26.34	26.15	23.72	0.00	0.00
GCC	135	23.76	26.23	26.20	23.81	0.00	0.00
GCC	136	23.29	26.87	26.66	23.18	0.00	0.00
GCC	137	23.81	26.31	26.22	23.66	0.00	0.00
GCC	138	23.76	26.30	26.25	23.68	0.00	0.00
GCC	139	23.27	26.71	26.81	23.21	0.00	0.00
GCC	140	23.73	26.32	26.32	23.63	0.00	0.00
GCC	141	23.75	26.28	26.30	23.67	0.00	0.00
GCC	142	23.21	26.91	26.68	23.20	0.00	0.00
GCC	143	23.77	26.25	26.21	23.77	0.00	0.00
GCC	144	23.79	26.29	26.27	23.65	0.00	0.00
GCC	145	23.24	26.81	26.66	23.30	0.00	0.00
GCC	146	23.75	26.18	26.28	23.78	0.00	0.00
GCC	147	23.62	26.42	26.24	23.72	0.00	0.00
GCC	148	23.23	26.82	26.83	23.12	0.00	0.00
GCC	149	23.61	26.33	26.34	23.73	0.00	0.00
GCC	150	23.76	26.30	26.19	23.76	0.00	0.00
GCC	151	23.18	26.72	26.89	23.21	0.00	0.00
# ACGT content per cycle, read oriented. Use `grep ^GCT | cut -f 2-` to extract this part. The columns are: cycle; A,C,G,T base counts as a percentage of all A/C/G/T bases [%]
GCT	1	14.09	36.60	41.79	7.53
GCT	2	16.93	23.84	26.83	32.41
GCT	3	19.69	31.60	22.87	25.84
GCT	4	25.22	25.59	29.04	20.15
GCT	5	30.11	20.03	28.56	21.30
GCT	6	32.05	23.39	24.66	19.90
GCT	7	20.19	22.63	22.83	34.36
GCT	8	22.21	29.16	22.58	26.05
GCT	9	19.90	27.01	23.92	29.17
GCT	10	31.37	21.61	25.13	21.89
GCT	11	22.96	29.13	28.18	19.73
GCT	12	20.73	28.80	26.83	23.63
GCT	13	22.77	27.22	26.22	23.79
GCT	14	23.66	26.27	25.48	24.59
GCT	15	23.46	26.69	25.68	24.16
GCT	16	23.04	26.79	27.06	23.11
GCT	17	23.93	26.41	26.16	23.50
GCT	18	23.97	26.70	25.46	23.86
GCT	19	23.41	26.81	26.79	23.00
GCT	20	23.99	26.11	26.29	23.60
GCT	21	24.07	26.60	25.43	23.90
GCT	22	23.73	26.73	26.50	23.04
GCT	23	24.18	26.07	25.96	23.80
GCT	24	23.75	26.75	25.31	24.19
GCT	25	23.34	27.12	26.51	23.03
GCT	26	24.12	26.10	26.16	23.62
GCT	27	23.90	26.86	25.33	23.91
GCT	28	23.44	26.97	26.46	23.13
GCT	29	24.18	26.19	25.97	23.67
GCT	30	23.86	26.89	25.37	23.89
GCT	31	23.62	26.86	26.42	23.10
GCT	32	24.26	26.05	26.10	23.59
GCT	33	23.93	26.86	25.34	23.86
GCT	34	23.59	26.89	26.51	23.01
GCT	35	24.20	26.16	26.05	23.59
GCT	36	23.84	26.77	25.43	23.96
GCT	37	23.59	26.88	26.43	23.11
GCT	38	24.17	26.04	26.03	23.77
GCT	39	24.04	26.62	25.47	23.87
GCT	40	23.60	26.78	26.62	23.00
GCT	41	24.23	26.01	25.99	23.77
GCT	42	24.00	26.58	25.44	23.97
GCT	43	23.59	26.79	26.52	23.10
GCT	44	24.30	26.08	26.04	23.58
GCT	45	23.99	26.63	25.43	23.96
GCT	46	23.53	26.84	26.56	23.07
GCT	47	24.12	26.11	26.06	23.71
GCT	48	23.98	26.78	25.43	23.81
GCT	49	23.51	26.85	26.50	23.14
GCT	50	24.17	26.10	26.02	23.71
GCT	51	23.92	26.70	25.53	23.86
GCT	52	23.61	26.71	26.53	23.16
GCT	53	24.30	25.94	26.09	23.68
GCT	54	23.98	26.63	25.43	23.97
GCT	55	23.61	26.74	26.49	23.16
GCT	56	24.20	26.11	26.01	23.67
GCT	57	23.99	26.59	25.46	23.95
GCT	58	23.60	26.69	26.58	23.13
GCT	59	24.08	25.96	26.18	23.78
GCT	60	23.84	26.70	25.51	23.95
GCT	61	23.53	26.80	26.52	23.15
GCT	62	24.11	26.06	26.18	23.65
GCT	63	23.74	26.76	25.54	23.96
GCT	64	23.44	26.92	26.54	23.10
GCT	65	24.12	26.07	26.15	23.66
GCT	66	23.83	26.63	25.58	23.96
GCT	67	23.53	26.75	26.63	23.09
GCT	68	24.19	25.94	26.18	23.69
GCT	69	23.85	26.46	25.58	24.12
GCT	70	23.43	26.80	26.60	23.17
GCT	71	24.04	25.97	26.22	23.77
GCT	72	23.94	26.47	25.58	24.02
GCT	73	23.42	26.84	26.65	23.08
GCT	74	24.11	25.88	26.30	23.71
GCT	75	23.81	26.52	25.83	23.85
GCT	76	23.39	26.75	26.74	23.11
GCT	77	24.11	25.84	26.39	23.67
GCT	78	23.92	26.59	25.66	23.83
GCT	79	23.46	26.62	26.76	23.15
GCT	80	24.10	25.87	26.30	23.73
GCT	81	23.80	26.68	25.63	23.90
GCT	82	23.44	26.75	26.70	23.11
GCT	83	24.01	25.96	26.33	23.70
GCT	84	23.72	26.55	25.91	23.83
GCT	85	23.41	26.65	26.78	23.16
GCT	86	24.04	25.95	26.35	23.65
GCT	87	23.85	26.45	25.80	23.91
GCT	88	23.46	26.68	26.73	23.13
GCT	89	24.11	26.02	26.25	23.63
GCT	90	23.75	26.53	25.76	23.96
GCT	91	23.34	26.69	26.81	23.15
GCT	92	23.98	25.87	26.48	23.66
GCT	93	23.81	26.44	25.80	23.95
GCT	94	23.43	26.72	26.66	23.19
GCT	95	24.05	25.86	26.35	23.74
GCT	96	23.76	26.43	25.84	23.97
GCT	97	23.40	26.59	26.84	23.17
GCT	98	24.00	25.81	26.45	23.74
GCT	99	23.74	26.45	25.83	23.98
GCT	100	23.48	26.57	26.76	23.20
GCT	101	23.98	25.84	26.53	23.65
GCT	102	23.78	26.46	25.76	24.01
GCT	103	23.46	26.57	26.79	23.18
GCT	104	24.10	25.71	26.48	23.71
GCT	105	23.82	26.35	25.90	23.92
GCT	106	23.45	26.47	26.83	23.26
GCT	107	23.97	25.83	26.51	23.69
GCT	108	23.70	26.59	25.84	23.87
GCT	109	23.29	26.60	26.86	23.25
GCT	110	23.97	25.97	26.36	23.70
GCT	111	23.73	26.47	25.93	23.86
GCT	112	23.31	26.58	26.96	23.15
GCT	113	23.87	25.98	26.55	23.61
GCT	114	23.73	26.45	25.85	23.97
GCT	115	23.28	26.57	26.94	23.20
GCT	116	24.01	25.83	26.43	23.73
GCT	117	23.73	26.35	25.95	23.97
GCT	118	23.43	26.57	26.85	23.15
GCT	119	23.93	25.86	26.57	23.65
GCT	120	23.65	26.48	25.99	23.87
GCT	121	23.36	26.56	26.89	23.20
GCT	122	23.86	25.93	26.62	23.60
GCT	123	23.67	26.47	26.01	23.85
GCT	124	23.37	26.56	27.00	23.07
GCT	125	24.01	25.89	26.58	23.52
GCT	126	23.65	26.45	25.98	23.92
GCT	127	23.37	26.59	26.98	23.06
GCT	128	24.03	25.83	26.53	23.61
GCT	129	23.69	26.40	26.01	23.90
GCT	130	23.38	26.58	26.89	23.15
GCT	131	23.86	25.92	26.53	23.68
GCT	132	23.67	26.46	26.04	23.83
GCT	133	23.35	26.58	27.02	23.06
GCT	134	23.97	25.85	26.64	23.54
GCT	135	23.77	26.33	26.09	23.81
GCT	136	23.40	26.52	27.01	23.06
GCT	137	23.89	25.81	26.72	23.57
GCT	138	23.70	26.39	26.17	23.74
GCT	139	23.40	26.47	27.05	23.07
GCT	140	23.94	25.92	26.73	23.42
GCT	141	23.68	26.42	26.16	23.74
GCT	142	23.47	26.66	26.92	22.94
GCT	143	23.95	25.89	26.58	23.59
GCT	144	23.63	26.39	26.16	23.81
GCT	145	23.42	26.53	26.93	23.12
GCT	146	23.96	25.90	26.57	23.58
GCT	147	23.55	26.47	26.19	23.79
GCT	148	23.33	26.62	27.03	23.02
GCT	149	23.87	25.89	26.77	23.47
GCT	150	23.75	26.41	26.07	23.76
GCT	151	23.31	26.49	27.12	23.08
# ACGT content per cycle for first fragments. Use `grep ^FBC | cut -f 2-` to extract this part. The columns are: cycle; A,C,G,T base counts as a percentage of all A/C/G/T bases [%]; and N and O counts as a percentage of all A/C/G/T bases [%]
FBC	1	13.92	36.75	36.89	12.43	0.00	0.00
FBC	2	25.10	24.02	24.78	26.09	0.00	0.00
FBC	3	24.75	25.20	24.38	25.67	0.00	0.00
FBC	4	24.50	26.31	25.90	23.29	0.04	0.00
FBC	5	26.82	23.74	24.30	25.15	0.00	0.00
FBC	6	27.32	23.91	23.49	25.27	0.00	0.00
FBC	7	24.30	24.94	24.20	26.56	0.00	0.00
FBC	8	22.72	28.02	26.34	22.93	0.00	0.00
FBC	9	23.19	26.87	26.00	23.94	0.00	0.00
FBC	10	26.63	24.12	23.96	25.30	0.00	0.00
FBC	11	21.06	29.58	28.79	20.57	0.00	0.00
FBC	12	21.75	28.45	27.73	22.07	0.00	0.00
FBC	13	23.27	27.08	26.31	23.34	0.00	0.00
FBC	14	23.92	26.42	25.74	23.92	0.00	0.00
FBC	15	23.95	26.31	25.91	23.83	0.00	0.00
FBC	16	23.23	27.15	26.70	22.92	0.00	0.00
FBC	17	23.49	26.83	26.26	23.43	0.00	0.00
FBC	18	23.98	26.35	25.81	23.86	0.00	0.00
FBC	19	23.09	26.99	26.57	23.35	0.00	0.00
FBC	20	23.46	26.79	26.22	23.54	0.00	0.00
FBC	21	24.13	26.19	25.72	23.97	0.00	0.00
FBC	22	23.40	26.75	26.36	23.49	0.00	0.00
FBC	23	23.88	26.45	25.99	23.68	0.00	0.00
FBC	24	23.95	26.16	25.79	24.11	0.00	0.00
FBC	25	22.97	27.12	26.46	23.45	0.00	0.00
FBC	26	23.65	26.58	26.17	23.60	0.00	0.00
FBC	27	23.96	26.26	25.63	24.16	0.00	0.00
FBC	28	23.23	26.90	26.35	23.52	0.00	0.00
FBC	29	23.84	26.41	26.00	23.75	0.00	0.00
FBC	30	24.02	26.29	25.73	23.96	0.00	0.00
FBC	31	23.43	26.88	26.15	23.53	0.00	0.00
FBC	32	23.88	26.42	25.90	23.80	0.00	0.00
FBC	33	24.04	26.22	25.60	24.13	0.00	0.00
FBC	34	23.47	26.84	26.25	23.44	0.00	0.00
FBC	35	23.83	26.55	25.94	23.68	0.00	0.00
FBC	36	24.07	26.30	25.54	24.09	0.00	0.00
FBC	37	23.33	26.76	26.38	23.53	0.00	0.00
FBC	38	23.83	26.43	25.91	23.83	0.00	0.00
FBC	39	24.12	26.26	25.59	24.03	0.00	0.00
FBC	40	23.52	26.90	26.25	23.33	0.00	0.00
FBC	41	23.88	26.36	25.94	23.82	0.00	0.00
FBC	42	24.20	26.15	25.54	24.11	0.00	0.00
FBC	43	23.35	26.81	26.31	23.53	0.00	0.00
FBC	44	23.90	26.41	25.95	23.75	0.00	0.00
FBC	45	24.14	26.11	25.61	24.14	0.00	0.00
FBC	46	23.45	26.87	26.22	23.46	0.00	0.00
FBC	47	23.73	26.39	26.02	23.86	0.00	0.00
FBC	48	24.03	26.24	25.69	24.04	0.00	0.00
FBC	49	23.33	26.78	26.35	23.53	0.00	0.00
FBC	50	23.74	26.47	25.95	23.84	0.00	0.00
FBC	51	23.97	26.22	25.69	24.12	0.00	0.00
FBC	52	23.38	26.74	26.36	23.53	0.00	0.00
FBC	53	23.86	26.45	25.94	23.75	0.00	0.00
FBC	54	24.09	26.13	25.64	24.14	0.00	0.00
FBC	55	23.37	26.75	26.25	23.63	0.00	0.00
FBC	56	23.77	26.36	25.97	23.90	0.00	0.00
FBC	57	24.01	26.07	25.77	24.16	0.00	0.00
FBC	58	23.46	26.80	26.32	23.42	0.00	0.00
FBC	59	23.74	26.29	26.12	23.85	0.00	0.00
FBC	60	23.97	26.26	25.76	24.02	0.00	0.00
FBC	61	23.35	26.78	26.39	23.48	0.00	0.00
FBC	62	23.78	26.33	26.12	23.76	0.00	0.00
FBC	63	23.98	26.19	25.77	24.06	0.00	0.00
FBC	64	23.32	26.79	26.58	23.30	0.00	0.00
FBC	65	23.70	26.36	26.18	23.76	0.00	0.00
FBC	66	24.01	26.23	25.60	24.15	0.00	0.00
FBC	67	23.32	26.91	26.39	23.38	0.00	0.00
FBC	68	23.92	26.32	26.07	23.70	0.00	0.00
FBC	69	24.08	26.08	25.75	24.09	0.00	0.00
FBC	70	23.30	26.93	26.41	23.36	0.00	0.00
FBC	71	23.76	26.39	26.22	23.63	0.00	0.00
FBC	72	24.13	26.20	25.76	23.91	0.00	0.00
FBC	73	23.35	26.88	26.53	23.24	0.00	0.00
FBC	74	23.73	26.37	26.18	23.72	0.00	0.00
FBC	75	23.86	26.23	25.94	23.97	0.00	0.00
FBC	76	23.30	26.85	26.49	23.36	0.00	0.00
FBC	77	23.62	26.45	26.03	23.89	0.00	0.00
FBC	78	24.01	26.16	25.81	24.02	0.00	0.00
FBC	79	23.29	26.82	26.51	23.39	0.00	0.00
FBC	80	23.78	26.45	25.96	23.81	0.00	0.00
FBC	81	24.02	26.20	25.77	24.01	0.00	0.00
FBC	82	23.10	26.87	26.54	23.49	0.00	0.00
FBC	83	23.62	26.58	26.04	23.77	0.00	0.00
FBC	84	23.81	26.45	25.88	23.86	0.00	0.00
FBC	85	23.21	26.82	26.55	23.41	0.00	0.00
FBC	86	23.62	26.51	26.19	23.69	0.00	0.00
FBC	87	23.91	26.27	25.78	24.05	0.00	0.00
FBC	88	23.37	26.85	26.41	23.38	0.00	0.00
FBC	89	23.72	26.46	26.16	23.66	0.00	0.00
FBC	90	23.90	26.39	25.88	23.84	0.00	0.00
FBC	91	23.13	27.06	26.44	23.37	0.00	0.00
FBC	92	23.54	26.58	26.24	23.64	0.00	0.00
FBC	93	23.85	26.23	26.01	23.91	0.00	0.00
FBC	94	23.33	26.81	26.55	23.31	0.00	0.00
FBC	95	23.68	26.37	26.19	23.77	0.00	0.00
FBC	96	23.85	26.30	25.78	24.06	0.00	0.00
FBC	97	23.09	26.88	26.56	23.47	0.00	0.00
FBC	98	23.47	26.56	26.19	23.79	0.00	0.00
FBC	99	23.73	26.27	25.86	24.14	0.00	0.00
FBC	100	23.19	26.79	26.41	23.61	0.00	0.00
FBC	101	23.58	26.47	26.30	23.65	0.00	0.00
FBC	102	23.86	26.21	25.82	24.11	0.00	0.00
FBC	103	23.17	26.86	26.42	23.55	0.00	0.00
FBC	104	23.60	26.48	26.11	23.81	0.00	0.00
FBC	105	23.83	26.30	25.73	24.14	0.00	0.00
FBC	106	23.14	26.90	26.40	23.57	0.00	0.00
FBC	107	23.53	26.52	26.15	23.80	0.00	0.00
FBC	108	23.75	26.41	25.91	23.92	0.00	0.00
FBC	109	23.23	26.79	26.51	23.47	0.00	0.00
FBC	110	23.68	26.50	26.12	23.70	0.00	0.00
FBC	111	23.83	26.32	25.96	23.89	0.00	0.00
FBC	112	23.15	27.04	26.49	23.31	0.00	0.00
FBC	113	23.49	26.67	26.28	23.56	0.00	0.00
FBC	114	23.76	26.21	25.97	24.05	0.00	0.00
FBC	115	23.18	26.96	26.61	23.24	0.00	0.00
FBC	116	23.64	26.54	26.04	23.78	0.00	0.00
FBC	117	23.85	26.32	25.90	23.93	0.00	0.00
FBC	118	23.22	26.82	26.54	23.42	0.00	0.00
FBC	119	23.64	26.68	26.10	23.58	0.00	0.00
FBC	120	23.77	26.49	25.93	23.82	0.00	0.00
FBC	121	23.26	26.88	26.54	23.32	0.00	0.00
FBC	122	23.52	26.81	26.19	23.48	0.00	0.00
FBC	123	24.03	26.32	26.03	23.62	0.00	0.00
FBC	124	23.34	26.95	26.60	23.10	0.00	0.00
FBC	125	23.58	26.75	26.16	23.50	0.00	0.00
FBC	126	23.89	26.47	25.87	23.78	0.00	0.00
FBC	127	23.18	27.06	26.57	23.19	0.00	0.00
FBC	128	23.61	26.63	26.22	23.54	0.00	0.00
FBC	129	23.89	26.35	26.00	23.75	0.00	0.00
FBC	130	23.38	26.87	26.65	23.10	0.00	0.00
FBC	131	23.55	26.70	26.25	23.50	0.00	0.00
FBC	132	23.67	26.55	26.06	23.72	0.00	0.00
FBC	133	23.15	27.11	26.57	23.18	0.00	0.00
FBC	134	23.64	26.64	26.28	23.44	0.00	0.00
FBC	135	23.90	26.31	26.04	23.75	0.00	0.00
FBC	136	23.26	27.12	26.53	23.09	0.00	0.00
FBC	137	23.64	26.74	26.25	23.37	0.00	0.00
FBC	138	23.88	26.40	26.04	23.68	0.00	0.00
FBC	139	23.36	26.84	26.67	23.13	0.00	0.00
FBC	140	23.58	26.66	26.34	23.42	0.00	0.00
FBC	141	23.76	26.52	26.08	23.63	0.00	0.00
FBC	142	23.30	27.06	26.48	23.16	0.00	0.00
FBC	143	23.63	26.65	26.19	23.54	0.00	0.00
FBC	144	23.93	26.35	26.00	23.73	0.00	0.00
FBC	145	23.33	26.94	26.49	23.24	0.00	0.00
FBC	146	23.67	26.61	26.16	23.56	0.00	0.00
FBC	147	23.75	26.54	26.00	23.71	0.00	0.00
FBC	148	23.19	27.11	26.62	23.08	0.00	0.00
FBC	149	23.56	26.68	26.30	23.46	0.00	0.00
FBC	150	23.83	26.42	25.96	23.78	0.00	0.00
FBC	151	23.22	26.89	26.69	23.20	0.00	0.00
# ACGT raw counters for first fragments. Use `grep ^FTC | cut -f 2-` to extract this part. The columns are: A,C,G,T,N base counters
FTC	1910040433	2149850856	2114461075	1911336685	32012
# ACGT content per cycle for last fragments. Use `grep ^LBC | cut -f 2-` to extract this part. The columns are: cycle; A,C,G,T base counts as a percentage of all A/C/G/T bases [%]; and N and O counts as a percentage of all A/C/G/T bases [%]
LBC	1	8.40	41.28	41.85	8.48	0.00	0.00
LBC	2	23.39	26.14	26.39	24.08	0.00	0.00
LBC	3	20.15	29.76	29.61	20.48	0.00	0.00
LBC	4	21.37	28.29	28.74	21.60	0.00	0.00
LBC	5	25.23	24.38	24.78	25.62	0.00	0.00
LBC	6	25.66	24.21	24.49	25.64	0.00	0.00
LBC	7	28.77	20.70	21.07	29.46	0.00	0.00
LBC	8	25.38	24.60	24.52	25.50	0.00	0.00
LBC	9	25.22	24.46	24.52	25.80	0.00	0.00
LBC	10	27.17	22.57	22.83	27.42	0.01	0.00
LBC	11	21.86	27.92	28.33	21.89	0.00	0.00
LBC	12	22.32	27.45	27.65	22.59	0.00	0.00
LBC	13	23.14	26.59	26.90	23.37	0.00	0.00
LBC	14	24.38	25.60	25.74	24.28	0.00	0.00
LBC	15	23.77	26.13	26.41	23.69	0.00	0.00
LBC	16	23.15	26.83	27.03	22.98	0.00	0.00
LBC	17	23.99	26.00	26.06	23.95	0.00	0.00
LBC	18	23.93	25.94	26.23	23.90	0.00	0.00
LBC	19	23.19	26.73	26.91	23.18	0.00	0.00
LBC	20	24.04	25.65	26.16	24.15	0.00	0.00
LBC	21	23.83	25.98	26.18	24.01	0.00	0.00
LBC	22	23.34	26.63	26.71	23.32	0.00	0.00
LBC	23	24.24	25.78	25.83	24.15	0.00	0.00
LBC	24	23.75	26.13	26.04	24.07	0.00	0.00
LBC	25	23.12	26.80	26.89	23.20	0.00	0.00
LBC	26	24.18	25.84	25.93	24.05	0.00	0.00
LBC	27	23.64	26.33	26.16	23.87	0.00	0.00
LBC	28	23.19	26.72	26.89	23.20	0.00	0.00
LBC	29	23.98	25.89	26.02	24.11	0.00	0.00
LBC	30	23.65	26.25	26.24	23.86	0.00	0.00
LBC	31	23.13	26.55	26.98	23.34	0.00	0.00
LBC	32	23.91	25.82	26.15	24.12	0.00	0.00
LBC	33	23.62	26.31	26.27	23.79	0.00	0.00
LBC	34	23.20	26.67	27.04	23.09	0.00	0.00
LBC	35	24.05	25.81	26.11	24.03	0.00	0.00
LBC	36	23.72	26.08	26.49	23.71	0.00	0.00
LBC	37	23.26	26.55	26.92	23.28	0.00	0.00
LBC	38	24.11	25.71	26.07	24.11	0.00	0.00
LBC	39	23.80	26.05	26.27	23.88	0.00	0.00
LBC	40	23.11	26.60	27.04	23.25	0.00	0.00
LBC	41	24.09	25.61	26.09	24.20	0.01	0.00
LBC	42	23.79	26.03	26.33	23.85	0.00	0.00
LBC	43	23.16	26.62	26.89	23.33	0.00	0.00
LBC	44	23.99	25.87	26.02	24.12	0.00	0.00
LBC	45	23.72	26.15	26.23	23.90	0.00	0.00
LBC	46	23.06	26.79	26.93	23.22	0.00	0.00
LBC	47	23.88	25.79	26.15	24.18	0.00	0.00
LBC	48	23.70	26.05	26.44	23.81	0.00	0.00
LBC	49	23.00	26.60	26.96	23.43	0.00	0.00
LBC	50	23.99	25.66	26.16	24.19	0.00	0.00
LBC	51	23.60	26.16	26.37	23.87	0.00	0.00
LBC	52	23.20	26.52	26.86	23.42	0.00	0.00
LBC	53	24.19	25.55	26.11	24.15	0.00	0.00
LBC	54	23.81	26.00	26.33	23.85	0.00	0.00
LBC	55	23.17	26.55	26.90	23.37	0.00	0.00
LBC	56	23.90	25.74	26.17	24.18	0.00	0.00
LBC	57	23.84	26.08	26.20	23.89	0.00	0.00
LBC	58	23.20	26.61	26.81	23.37	0.00	0.00
LBC	59	23.91	25.86	26.01	24.22	0.00	0.00
LBC	60	23.75	26.09	26.32	23.84	0.00	0.00
LBC	61	23.19	26.68	26.78	23.35	0.00	0.00
LBC	62	23.97	26.01	26.02	24.00	0.01	0.00
LBC	63	23.54	26.22	26.42	23.82	0.00	0.00
LBC	64	23.16	26.66	26.89	23.29	0.00	0.00
LBC	65	23.86	25.78	26.12	24.25	0.00	0.00
LBC	66	23.56	26.14	26.45	23.85	0.00	0.00
LBC	67	23.29	26.57	26.90	23.23	0.00	0.00
LBC	68	24.14	25.84	26.02	24.00	0.00	0.00
LBC	69	23.86	25.92	26.32	23.90	0.01	0.00
LBC	70	23.33	26.54	26.91	23.23	0.00	0.00
LBC	71	24.07	25.65	26.12	24.16	0.00	0.00
LBC	72	23.86	25.90	26.23	24.01	0.00	0.00
LBC	73	23.25	26.71	26.87	23.17	0.00	0.00
LBC	74	24.12	25.80	25.99	24.08	0.00	0.00
LBC	75	23.60	26.20	26.32	23.88	0.00	0.00
LBC	76	23.20	26.73	26.92	23.15	0.00	0.00
LBC	77	23.93	25.89	26.07	24.11	0.00	0.00
LBC	78	23.64	26.23	26.30	23.83	0.00	0.00
LBC	79	23.19	26.58	26.87	23.37	0.00	0.00
LBC	80	24.07	25.90	26.03	24.01	0.00	0.00
LBC	81	23.65	26.23	26.40	23.71	0.00	0.00
LBC	82	23.20	26.63	26.86	23.31	0.00	0.00
LBC	83	24.06	25.90	26.08	23.97	0.00	0.00
LBC	84	23.63	26.14	26.45	23.79	0.00	0.00
LBC	85	23.13	26.58	26.90	23.38	0.00	0.00
LBC	86	23.97	25.81	26.10	24.11	0.00	0.00
LBC	87	23.67	25.98	26.46	23.89	0.00	0.00
LBC	88	23.16	26.52	27.04	23.27	0.00	0.00
LBC	89	24.09	25.92	26.00	24.00	0.00	0.00
LBC	90	23.82	26.12	26.20	23.86	0.00	0.00
LBC	91	23.28	26.75	26.77	23.20	0.00	0.00
LBC	92	24.13	25.94	25.95	23.98	0.00	0.00
LBC	93	23.82	25.94	26.29	23.95	0.00	0.00
LBC	94	23.31	26.64	26.77	23.29	0.00	0.00
LBC	95	24.02	25.71	26.16	24.12	0.00	0.00
LBC	96	23.77	25.99	26.47	23.77	0.00	0.00
LBC	97	23.20	26.54	26.88	23.38	0.00	0.00
LBC	98	24.10	25.71	26.07	24.13	0.00	0.00
LBC	99	23.67	26.08	26.35	23.90	0.00	0.00
LBC	100	23.09	26.60	26.86	23.45	0.00	0.00
LBC	101	23.91	25.82	26.15	24.13	0.00	0.00
LBC	102	23.77	25.94	26.46	23.84	0.00	0.00
LBC	103	23.17	26.70	26.75	23.38	0.00	0.00
LBC	104	24.03	25.80	25.98	24.18	0.00	0.00
LBC	105	23.61	25.97	26.51	23.91	0.00	0.00
LBC	106	23.50	26.48	26.82	23.20	0.00	0.00
LBC	107	24.00	25.83	26.18	23.99	0.02	0.00
LBC	108	23.62	26.13	26.41	23.84	0.00	0.00
LBC	109	23.18	26.69	26.93	23.20	0.00	0.00
LBC	110	23.82	25.86	26.19	24.13	0.00	0.00
LBC	111	23.66	26.17	26.37	23.80	0.00	0.00
LBC	112	23.01	26.68	26.86	23.45	0.00	0.00
LBC	113	23.90	25.85	26.25	24.00	0.00	0.00
LBC	114	23.74	25.97	26.45	23.84	0.00	0.00
LBC	115	23.18	26.50	26.96	23.36	0.00	0.00
LBC	116	24.05	26.01	25.93	24.01	0.00	0.00
LBC	117	23.84	26.02	26.36	23.77	0.00	0.00
LBC	118	23.24	26.61	26.87	23.28	0.00	0.00
LBC	119	23.87	25.86	26.21	24.05	0.00	0.00
LBC	120	23.70	26.16	26.38	23.76	0.00	0.00
LBC	121	23.06	26.62	26.85	23.47	0.00	0.00
LBC	122	23.83	26.01	26.08	24.08	0.00	0.00
LBC	123	23.60	26.15	26.46	23.80	0.00	0.00
LBC	124	23.12	26.62	26.94	23.32	0.00	0.00
LBC	125	23.88	25.93	26.09	24.09	0.00	0.00
LBC	126	23.70	26.00	26.53	23.78	0.00	0.00
LBC	127	23.16	26.55	26.96	23.33	0.00	0.00
LBC	128	23.95	25.81	26.07	24.17	0.00	0.00
LBC	129	23.60	26.09	26.38	23.92	0.00	0.00
LBC	130	23.30	26.60	26.82	23.28	0.00	0.00
LBC	131	24.10	25.85	26.11	23.93	0.00	0.00
LBC	132	23.88	26.11	26.29	23.72	0.00	0.00
LBC	133	23.22	26.67	26.86	23.25	0.00	0.00
LBC	134	23.94	26.04	26.02	24.01	0.00	0.00
LBC	135	23.63	26.14	26.36	23.87	0.00	0.00
LBC	136	23.32	26.63	26.78	23.26	0.00	0.00
LBC	137	23.97	25.89	26.19	23.95	0.00	0.00
LBC	138	23.65	26.21	26.47	23.68	0.00	0.00
LBC	139	23.18	26.59	26.94	23.28	0.00	0.00
LBC	140	23.89	25.99	26.30	23.83	0.00	0.00
LBC	141	23.75	26.04	26.51	23.70	0.00	0.00
LBC	142	23.12	26.76	26.87	23.25	0.00	0.00
LBC	143	23.91	25.85	26.24	24.00	0.00	0.00
LBC	144	23.65	26.24	26.53	23.57	0.00	0.00
LBC	145	23.14	26.67	26.82	23.36	0.00	0.00
LBC	146	23.84	25.76	26.40	24.00	0.00	0.00
LBC	147	23.49	26.30	26.48	23.74	0.00	0.00
LBC	148	23.27	26.54	27.05	23.15	0.00	0.00
LBC	149	23.66	25.97	26.37	24.00	0.00	0.00
LBC	150	23.68	26.18	26.41	23.73	0.00	0.00
LBC	151	23.14	26.55	27.09	23.22	0.00	0.00
# ACGT raw counters for last fragments. Use `grep ^LTC | cut -f 2-` to extract this part. The columns are: A,C,G,T,N base counters
LTC	1906288705	2122163220	2143138289	1915849876	44748
# Insert sizes. Use `grep ^IS | cut -f 2-` to extract this part. The columns are: insert size, pairs total, inward oriented pairs, outward oriented pairs, other pairs
IS	0	29250	9623	11532	8095
IS	1	0	0	0	0
IS	2	0	0	0	0
IS	3	0	0	0	0
IS	4	0	0	0	0
IS	5	0	0	0	0
IS	6	0	0	0	0
IS	7	0	0	0	0
IS	8	0	0	0	0
IS	9	0	0	0	0
IS	10	0	0	0	0
IS	11	0	0	0	0
IS	12	0	0	0	0
IS	13	0	0	0	0
IS	14	0	0	0	0
IS	15	0	0	0	0
IS	16	0	0	0	0
IS	17	0	0	0	0
IS	18	0	0	0	0
IS	19	0	0	0	0
IS	20	0	0	0	0
IS	21	0	0	0	0
IS	22	0	0	0	0
IS	23	0	0	0	0
IS	24	0	0	0	0
IS	25	0	0	0	0
IS	26	0	0	0	0
IS	27	0	0	0	0
IS	28	0	0	0	0
IS	29	0	0	0	0
IS	30	0	0	0	0
IS	31	0	0	0	0
IS	32	0	0	0	0
IS	33	0	0	0	0
IS	34	0	0	0	0
IS	35	294	178	116	0
IS	36	372	209	163	0
IS	37	403	213	190	0
IS	38	443	219	224	0
IS	39	584	291	293	0
IS	40	616	323	293	0
IS	41	683	364	319	0
IS	42	617	306	311	0
IS	43	685	368	317	0
IS	44	674	361	313	0
IS	45	693	386	307	0
IS	46	754	438	316	0
IS	47	871	483	388	0
IS	48	1091	588	503	0
IS	49	1290	708	582	0
IS	50	1626	858	768	0
IS	51	1663	923	740	0
IS	52	1804	984	820	0
IS	53	1802	991	811	0
IS	54	1763	921	842	0
IS	55	1818	964	854	0
IS	56	2058	1117	941	0
IS	57	2179	1213	966	0
IS	58	2724	1519	1205	0
IS	59	3142	1643	1499	0
IS	60	3460	1821	1639	0
IS	61	3976	2083	1893	0
IS	62	4301	2271	2030	0
IS	63	4422	2291	2131	0
IS	64	4776	2607	2169	0
IS	65	4909	2652	2257	0
IS	66	5156	2793	2363	0
IS	67	5617	3054	2563	0
IS	68	6020	3303	2717	0
IS	69	6962	3773	3189	0
IS	70	7827	4261	3566	0
IS	71	8758	4781	3977	0
IS	72	9613	5217	4396	0
IS	73	10661	5659	5002	0
IS	74	11161	6089	5072	0
IS	75	12515	6649	5866	0
IS	76	13696	7470	6226	0
IS	77	14361	7693	6668	0
IS	78	15468	8241	7227	0
IS	79	17608	9452	8156	0
IS	80	19278	10263	9015	0
IS	81	21228	11465	9763	0
IS	82	23400	12567	10833	0
IS	83	25385	13686	11699	0
IS	84	28231	15250	12981	0
IS	85	31024	16555	14469	0
IS	86	33172	17727	15445	0
IS	87	35470	19051	16419	0
IS	88	39547	21090	18457	0
IS	89	41665	22431	19234	0
IS	90	45742	24409	21333	0
IS	91	49489	26374	23115	0
IS	92	54520	29231	25289	0
IS	93	59191	31441	27750	0
IS	94	64306	34850	29456	0
IS	95	68507	36488	32019	0
IS	96	73947	39911	34036	0
IS	97	79676	42526	37150	0
IS	98	82950	44424	38526	0
IS	99	88642	47675	40967	0
IS	100	97547	52201	45346	0
IS	101	102741	55556	47185	0
IS	102	109437	58751	50686	0
IS	103	116810	62424	54386	0
IS	104	122836	66142	56693	1
IS	105	128001	68470	59531	0
IS	106	137381	73973	63408	0
IS	107	141108	74935	66173	0
IS	108	146820	78242	68578	0
IS	109	155582	83511	72071	0
IS	110	158502	84518	73984	0
IS	111	166226	89105	77121	0
IS	112	177582	95214	82368	0
IS	113	181588	97574	84014	0
IS	114	189857	100852	89005	0
IS	115	198640	106466	92174	0
IS	116	200696	108306	92390	0
IS	117	204280	109956	94324	0
IS	118	212823	114019	98804	0
IS	119	213671	114176	99495	0
IS	120	221149	117586	103563	0
IS	121	227473	121423	106050	0
IS	122	231291	124400	106891	0
IS	123	237769	127189	110580	0
IS	124	246601	131794	114807	0
IS	125	248792	134568	114224	0
IS	126	252661	135378	117283	0
IS	127	257553	139186	118367	0
IS	128	257682	139070	118612	0
IS	129	261254	139850	121404	0
IS	130	268201	144667	123534	0
IS	131	266398	144285	122113	0
IS	132	270659	145466	125193	0
IS	133	277408	148565	128843	0
IS	134	279929	149070	130859	0
IS	135	283559	151069	132490	0
IS	136	291634	156904	134730	0
IS	137	288277	154664	133613	0
IS	138	286057	154230	131827	0
IS	139	290655	156025	134630	0
IS	140	289573	157099	132474	0
IS	141	289134	155579	133555	0
IS	142	296096	160123	135973	0
IS	143	294358	157997	136361	0
IS	144	294905	158590	136315	0
IS	145	303795	163381	140414	0
IS	146	299729	160486	139243	0
IS	147	300005	162168	137837	0
IS	148	302053	163203	138850	0
IS	149	297750	160880	136870	0
IS	150	296269	160656	135613	0
IS	151	319873	181385	138488	0
IS	152	327699	311226	16473	0
IS	153	330766	320848	9918	0
IS	154	335653	328752	6901	0
IS	155	333595	327813	5782	0
IS	156	333613	329156	4457	0
IS	157	336523	332294	4229	0
IS	158	331929	327817	4112	0
IS	159	329583	325672	3911	0
IS	160	333215	329335	3880	0
IS	161	328679	324801	3878	0
IS	162	329087	325142	3945	0
IS	163	334177	330193	3984	0
IS	164	331260	327309	3951	0
IS	165	334811	330557	4254	0
IS	166	335416	330996	4420	0
IS	167	334009	329537	4472	0
IS	168	331433	326928	4505	0
IS	169	330479	325477	5002	0
IS	170	326498	321091	5407	0
IS	171	324322	318839	5483	0
IS	172	327357	321883	5474	0
IS	173	325724	319463	6261	0
IS	174	324901	318788	6113	0
IS	175	327466	321258	6208	0
IS	176	324621	317941	6680	0
IS	177	321833	315182	6651	0
IS	178	325775	318726	7049	0
IS	179	318289	310889	7400	0
IS	180	317517	310185	7332	0
IS	181	317630	310007	7623	0
IS	182	309274	301595	7679	0
IS	183	312385	304591	7794	0
IS	184	312746	304423	8323	0
IS	185	312856	304487	8369	0
IS	186	312662	303989	8673	0
IS	187	314853	305828	9025	0
IS	188	308765	299500	9265	0
IS	189	306254	297131	9123	0
IS	190	306109	296038	10071	0
IS	191	301441	291481	9960	0
IS	192	296796	286521	10275	0
IS	193	299913	289403	10510	0
IS	194	298083	287817	10266	0
IS	195	298106	286692	11414	0
IS	196	299083	287938	11145	0
IS	197	294095	283112	10983	0
IS	198	291571	279934	11637	0
IS	199	291924	280158	11766	0
IS	200	285039	273556	11483	0
IS	201	283961	272630	11331	0
IS	202	283305	272629	10676	0
IS	203	275966	264758	11208	0
IS	204	275194	263942	11252	0
IS	205	276210	264922	11288	0
IS	206	271863	261011	10852	0
IS	207	272292	261542	10750	0
IS	208	269654	259355	10299	0
IS	209	262351	252085	10266	0
IS	210	255594	246032	9562	0
IS	211	251405	242553	8852	0
IS	212	243745	235424	8321	0
IS	213	240734	233095	7639	0
IS	214	239648	232251	7397	0
IS	215	232096	225104	6992	0
IS	216	229634	223265	6369	0
IS	217	225722	219995	5727	0
IS	218	222943	216931	6012	0
IS	219	219811	213957	5854	0
IS	220	215289	210322	4967	0
IS	221	208387	203526	4861	0
IS	222	203867	199691	4176	0
IS	223	204555	200416	4139	0
IS	224	199715	195830	3885	0
IS	225	198196	194583	3613	0
IS	226	198229	194787	3442	0
IS	227	196020	192496	3524	0
IS	228	192864	189549	3315	0
IS	229	188741	185878	2863	0
IS	230	185260	182469	2791	0
IS	231	180445	177733	2712	0
IS	232	180880	178371	2509	0
IS	233	177056	174468	2588	0
IS	234	175055	172449	2606	0
IS	235	174733	172212	2521	0
IS	236	172680	170102	2578	0
IS	237	171962	169451	2511	0
IS	238	172263	169658	2605	0
IS	239	168452	165948	2504	0
IS	240	165952	163523	2429	0
IS	241	164549	161999	2550	0
IS	242	158975	156567	2408	0
IS	243	156827	154228	2599	0
IS	244	157349	155024	2325	0
IS	245	154944	152649	2295	0
IS	246	153478	151285	2193	0
IS	247	154618	152215	2403	0
IS	248	152482	150232	2250	0
IS	249	152153	149931	2222	0
IS	250	149908	147334	2574	0
IS	251	145489	142997	2492	0
IS	252	142714	140374	2340	0
IS	253	143006	140607	2399	0
IS	254	138507	136407	2100	0
IS	255	137883	135701	2182	0
IS	256	138345	136198	2147	0
IS	257	136790	134730	2060	0
IS	258	136102	134105	1997	0
IS	259	136695	134635	2060	0
IS	260	132829	130695	2134	0
IS	261	129785	127765	2020	0
IS	262	129237	127047	2190	0
IS	263	127511	125553	1958	0
IS	264	124245	122030	2215	0
IS	265	123584	121571	2013	0
IS	266	122232	120351	1881	0
IS	267	122070	120058	2012	0
IS	268	122396	120360	2036	0
IS	269	120303	118160	2143	0
IS	270	118114	116194	1920	0
IS	271	117507	115523	1984	0
IS	272	114979	113114	1864	1
IS	273	113273	111358	1915	0
IS	274	111586	109551	2035	0
IS	275	109842	107985	1857	0
IS	276	107885	105979	1906	0
IS	277	107547	105814	1733	0
IS	278	106925	105056	1869	0
IS	279	106585	104709	1876	0
IS	280	105804	103929	1875	0
IS	281	104000	102159	1841	0
IS	282	102513	100709	1804	0
IS	283	100718	98819	1899	0
IS	284	98055	96593	1462	0
IS	285	95029	93531	1498	0
IS	286	95057	93323	1734	0
IS	287	93870	92303	1567	0
IS	288	93478	91851	1627	0
IS	289	93091	91616	1475	0
IS	290	91946	90344	1602	0
IS	291	90896	89196	1700	0
IS	292	90061	88437	1624	0
IS	293	88235	86508	1727	0
IS	294	85675	83993	1682	0
IS	295	86324	84707	1617	0
IS	296	84950	83162	1788	0
IS	297	84357	82667	1690	0
IS	298	84601	82368	2233	0
IS	299	82804	80707	2097	0
IS	300	82662	80655	2007	0
IS	301	81811	79939	1872	0
IS	302	80219	78131	2088	0
IS	303	78303	76174	2129	0
IS	304	76853	75176	1677	0
IS	305	74551	72929	1622	0
IS	306	74239	72742	1497	0
IS	307	73257	71663	1594	0
IS	308	72748	70581	2167	0
IS	309	72720	70774	1946	0
IS	310	71956	70310	1646	0
IS	311	69677	68190	1487	0
IS	312	68685	67136	1549	0
IS	313	67730	66226	1504	0
IS	314	66109	64377	1732	0
IS	315	65305	63711	1594	0
IS	316	63951	62358	1593	0
IS	317	63239	61688	1551	0
IS	318	62530	60934	1596	0
IS	319	62375	60904	1471	0
IS	320	61372	59952	1420	0
IS	321	60775	59130	1645	0
IS	322	60419	59113	1306	0
IS	323	59424	57746	1678	0
IS	324	57641	56359	1282	0
IS	325	56988	55561	1427	0
IS	326	55320	54130	1190	0
IS	327	53794	52620	1174	0
IS	328	53927	52512	1415	0
IS	329	53128	51551	1577	0
IS	330	52600	51183	1417	0
IS	331	53005	51536	1469	0
IS	332	52197	50610	1587	0
IS	333	51138	49745	1393	0
IS	334	50619	49407	1212	0
IS	335	49914	48558	1356	0
IS	336	48565	47085	1480	0
IS	337	47805	46552	1253	0
IS	338	47089	45928	1161	0
IS	339	46029	44695	1334	0
IS	340	45763	44864	899	0
IS	341	45014	43967	1047	0
IS	342	44117	43195	922	0
IS	343	44085	43134	951	0
IS	344	43364	42280	1084	0
IS	345	42291	41419	872	0
IS	346	40910	40070	840	0
IS	347	40393	39549	844	0
IS	348	39425	38666	759	0
IS	349	39089	38379	710	0
IS	350	38474	37775	699	0
IS	351	37935	37108	827	0
IS	352	37601	36974	627	0
IS	353	37662	36906	756	0
IS	354	37050	36276	774	0
IS	355	36053	35295	758	0
IS	356	34424	33659	765	0
IS	357	33969	33184	785	0
IS	358	33792	32965	827	0
IS	359	33175	32348	827	0
IS	360	32936	32172	764	0
IS	361	32555	31808	747	0
IS	362	31837	31185	652	0
IS	363	31564	30903	661	0
IS	364	31335	30687	648	0
IS	365	31272	30603	669	0
IS	366	30873	30168	705	0
IS	367	30242	29631	611	0
IS	368	29175	28550	625	0
IS	369	28911	28141	770	0
IS	370	28782	28108	674	0
IS	371	27708	27097	611	0
IS	372	28077	27492	585	0
IS	373	27676	27046	630	0
IS	374	27488	27044	444	0
IS	375	26929	26358	571	0
IS	376	26361	25874	487	0
IS	377	26286	25760	526	0
IS	378	25088	24546	542	0
IS	379	25423	24799	624	0
IS	380	24621	24042	579	0
IS	381	24047	23504	543	0
IS	382	24097	23636	461	0
IS	383	23391	22979	412	0
IS	384	22371	21982	389	0
IS	385	22737	22249	488	0
IS	386	22105	21655	450	0
IS	387	21707	21256	451	0
IS	388	21483	21079	404	0
IS	389	21189	20792	397	0
IS	390	21192	20801	391	0
IS	391	20993	20530	463	0
IS	392	20217	19817	400	0
IS	393	20105	19741	364	0
IS	394	20030	19618	412	0
IS	395	19442	19030	412	0
IS	396	19441	19006	435	0
IS	397	19697	19276	421	0
IS	398	18532	18103	429	0
IS	399	18475	18068	407	0
IS	400	18467	18042	425	0
IS	401	17496	17021	475	0
IS	402	15282	14890	392	0
IS	403	14762	14351	411	0
IS	404	14556	14181	375	0
IS	405	14338	13910	428	0
IS	406	14316	13778	538	0
IS	407	13594	13217	377	0
IS	408	13547	13155	392	0
IS	409	13237	12858	379	0
IS	410	13033	12628	405	0
IS	411	12710	12307	403	0
IS	412	12587	12150	437	0
IS	413	12707	12296	411	0
IS	414	13114	12562	552	0
IS	415	12485	11992	493	0
IS	416	12237	11677	560	0
IS	417	12252	11789	463	0
IS	418	11844	11437	407	0
IS	419	11754	11288	466	0
IS	420	12159	11756	403	0
IS	421	11299	10901	398	0
IS	422	11061	10613	448	0
IS	423	11099	10747	352	0
IS	424	10985	10584	401	0
IS	425	11211	10567	644	0
IS	426	11029	10464	565	0
IS	427	10765	10127	638	0
IS	428	10562	9716	846	0
IS	429	10676	9721	955	0
IS	430	10639	9688	951	0
IS	431	10607	9387	1220	0
IS	432	9727	8955	772	0
IS	433	9921	9182	739	0
IS	434	9637	9014	623	0
IS	435	9954	9330	624	0
IS	436	9866	9326	540	0
IS	437	9800	8978	822	0
IS	438	11807	8783	3024	0
IS	439	11693	8741	2952	0
IS	440	10683	8727	1956	0
IS	441	9526	8089	1437	0
IS	442	8991	8012	979	0
IS	443	8448	7742	706	0
IS	444	8549	7934	615	0
IS	445	8230	7674	556	0
IS	446	8411	7893	518	0
IS	447	8248	7651	597	0
IS	448	8311	7771	540	0
IS	449	7937	7436	501	0
IS	450	7969	7469	500	0
IS	451	7671	7207	464	0
IS	452	7877	7246	631	0
IS	453	7617	7104	513	0
IS	454	7927	7404	523	0
IS	455	7514	6954	560	0
IS	456	7691	7238	453	0
IS	457	7410	6881	529	0
IS	458	7048	6594	454	0
IS	459	6862	6392	470	0
IS	460	6851	6490	361	0
IS	461	6399	5986	413	0
IS	462	6201	5832	369	0
IS	463	6525	6119	406	0
IS	464	6193	5748	445	0
IS	465	6057	5594	463	0
IS	466	6158	5775	383	0
IS	467	6062	5701	361	0
IS	468	5906	5564	342	0
IS	469	5879	5514	365	0
IS	470	5794	5410	384	0
IS	471	5652	5324	328	0
IS	472	5594	5188	406	0
IS	473	5640	5250	390	0
IS	474	5408	5025	383	0
IS	475	5252	4821	431	0
IS	476	5200	4894	306	0
IS	477	5073	4774	299	0
IS	478	5039	4718	321	0
IS	479	4889	4465	424	0
IS	480	4843	4416	427	0
IS	481	4745	4310	435	0
IS	482	4683	4312	371	0
IS	483	4432	4200	232	0
IS	484	4432	4157	275	0
IS	485	4425	4131	294	0
IS	486	4292	4043	249	0
IS	487	4224	3921	303	0
IS	488	3921	3646	275	0
IS	489	4233	3982	251	0
IS	490	4018	3782	236	0
IS	491	4030	3798	232	0
IS	492	3822	3606	216	0
IS	493	3760	3486	274	0
IS	494	3618	3435	183	0
IS	495	3673	3504	169	0
IS	496	3992	3841	151	0
IS	497	3753	3607	146	0
IS	498	3687	3500	187	0
IS	499	3642	3390	252	0
IS	500	3812	3557	255	0
IS	501	3654	3506	148	0
IS	502	3703	3478	225	0
IS	503	3730	3475	255	0
IS	504	3755	3471	284	0
IS	505	3753	3376	377	0
IS	506	3456	3163	293	0
IS	507	3149	2933	216	0
IS	508	3010	2873	137	0
IS	509	3124	3000	124	0
IS	510	3434	3265	169	0
IS	511	3183	3044	139	0
IS	512	3233	3086	147	0
IS	513	3413	3247	166	0
IS	514	3159	2927	232	0
IS	515	2856	2704	152	0
IS	516	2662	2461	201	0
IS	517	2815	2628	187	0
IS	518	2857	2690	167	0
IS	519	2748	2494	254	0
IS	520	2789	2613	176	0
IS	521	2690	2495	195	0
IS	522	2921	2735	186	0
IS	523	2707	2452	255	0
# Read lengths. Use `grep ^RL | cut -f 2-` to extract this part. The columns are: read length, count
RL	35	1422
RL	36	1312
RL	37	1401
RL	38	1486
RL	39	1768
RL	40	1871
RL	41	2076
RL	42	1811
RL	43	2088
RL	44	2287
RL	45	2386
RL	46	2498
RL	47	2754
RL	48	3609
RL	49	4149
RL	50	5041
RL	51	4931
RL	52	5388
RL	53	5161
RL	54	5134
RL	55	5246
RL	56	5548
RL	57	5868
RL	58	7258
RL	59	8452
RL	60	8990
RL	61	10050
RL	62	10882
RL	63	11179
RL	64	12071
RL	65	12208
RL	66	12832
RL	67	14282
RL	68	15250
RL	69	17678
RL	70	19500
RL	71	21361
RL	72	23263
RL	73	26156
RL	74	27419
RL	75	30089
RL	76	33113
RL	77	34717
RL	78	37718
RL	79	43092
RL	80	46285
RL	81	51616
RL	82	56545
RL	83	61272
RL	84	68286
RL	85	75129
RL	86	80014
RL	87	85859
RL	88	95855
RL	89	100092
RL	90	110803
RL	91	119625
RL	92	131777
RL	93	142799
RL	94	155724
RL	95	165398
RL	96	178478
RL	97	193321
RL	98	201414
RL	99	216566
RL	100	235638
RL	101	247910
RL	102	263421
RL	103	283940
RL	104	298171
RL	105	311382
RL	106	335347
RL	107	343831
RL	108	358813
RL	109	380833
RL	110	389476
RL	111	408616
RL	112	436201
RL	113	446452
RL	114	462708
RL	115	487981
RL	116	494855
RL	117	506204
RL	118	524839
RL	119	530891
RL	120	546444
RL	121	563734
RL	122	575432
RL	123	591368
RL	124	613152
RL	125	619152
RL	126	628685
RL	127	639871
RL	128	640983
RL	129	649756
RL	130	667035
RL	131	667395
RL	132	678762
RL	133	698726
RL	134	709064
RL	135	710913
RL	136	731346
RL	137	725536
RL	138	723117
RL	139	739809
RL	140	742278
RL	141	747972
RL	142	775055
RL	143	794515
RL	144	799547
RL	145	867444
RL	146	995638
RL	147	1054205
RL	148	764069
RL	149	759314
RL	150	745795
RL	151	79774102
# Read lengths - first fragments. Use `grep ^FRL | cut -f 2-` to extract this part. The columns are: read length, count
FRL	35	776
FRL	36	667
FRL	37	713
FRL	38	740
FRL	39	899
FRL	40	955
FRL	41	1056
FRL	42	921
FRL	43	1085
FRL	44	1166
FRL	45	1224
FRL	46	1283
FRL	47	1428
FRL	48	1909
FRL	49	2181
FRL	50	2685
FRL	51	2575
FRL	52	2872
FRL	53	2666
FRL	54	2657
FRL	55	2747
FRL	56	2862
FRL	57	3017
FRL	58	3735
FRL	59	4339
FRL	60	4592
FRL	61	5120
FRL	62	5538
FRL	63	5689
FRL	64	6130
FRL	65	6209
FRL	66	6494
FRL	67	7246
FRL	68	7762
FRL	69	8979
FRL	70	9872
FRL	71	10771
FRL	72	11699
FRL	73	13161
FRL	74	13813
FRL	75	15152
FRL	76	16672
FRL	77	17515
FRL	78	18973
FRL	79	21796
FRL	80	23315
FRL	81	25998
FRL	82	28373
FRL	83	30801
FRL	84	34251
FRL	85	37644
FRL	86	40153
FRL	87	43054
FRL	88	48051
FRL	89	50180
FRL	90	55528
FRL	91	59948
FRL	92	65986
FRL	93	71522
FRL	94	77999
FRL	95	82901
FRL	96	89443
FRL	97	96870
FRL	98	100870
FRL	99	108472
FRL	100	118000
FRL	101	124169
FRL	102	131947
FRL	103	142189
FRL	104	149306
FRL	105	155903
FRL	106	167898
FRL	107	172277
FRL	108	179726
FRL	109	190715
FRL	110	194997
FRL	111	204538
FRL	112	218369
FRL	113	223505
FRL	114	231656
FRL	115	244316
FRL	116	247807
FRL	117	253482
FRL	118	262826
FRL	119	265841
FRL	120	273662
FRL	121	282399
FRL	122	288302
FRL	123	296214
FRL	124	307113
FRL	125	310082
FRL	126	314936
FRL	127	320527
FRL	128	321110
FRL	129	325496
FRL	130	334119
FRL	131	334456
FRL	132	340115
FRL	133	350175
FRL	134	355332
FRL	135	356107
FRL	136	366418
FRL	137	363479
FRL	138	362198
FRL	139	370289
FRL	140	371365
FRL	141	373052
FRL	142	385913
FRL	143	393843
FRL	144	399599
FRL	145	431415
FRL	146	495337
FRL	147	511248
FRL	148	382081
FRL	149	379729
FRL	150	374083
FRL	151	39887327
# Read lengths - last fragments. Use `grep ^LRL | cut -f 2-` to extract this part. The columns are: read length, count
LRL	35	646
LRL	36	645
LRL	37	688
LRL	38	746
LRL	39	869
LRL	40	916
LRL	41	1020
LRL	42	890
LRL	43	1003
LRL	44	1121
LRL	45	1162
LRL	46	1215
LRL	47	1326
LRL	48	1700
LRL	49	1968
LRL	50	2356
LRL	51	2356
LRL	52	2516
LRL	53	2495
LRL	54	2477
LRL	55	2499
LRL	56	2686
LRL	57	2851
LRL	58	3523
LRL	59	4113
LRL	60	4398
LRL	61	4930
LRL	62	5344
LRL	63	5490
LRL	64	5941
LRL	65	5999
LRL	66	6338
LRL	67	7036
LRL	68	7488
LRL	69	8699
LRL	70	9628
LRL	71	10590
LRL	72	11564
LRL	73	12995
LRL	74	13606
LRL	75	14937
LRL	76	16441
LRL	77	17202
LRL	78	18745
LRL	79	21296
LRL	80	22970
LRL	81	25618
LRL	82	28172
LRL	83	30471
LRL	84	34035
LRL	85	37485
LRL	86	39861
LRL	87	42805
LRL	88	47804
LRL	89	49912
LRL	90	55275
LRL	91	59677
LRL	92	65791
LRL	93	71277
LRL	94	77725
LRL	95	82497
LRL	96	89035
LRL	97	96451
LRL	98	100544
LRL	99	108094
LRL	100	117638
LRL	101	123741
LRL	102	131474
LRL	103	141751
LRL	104	148865
LRL	105	155479
LRL	106	167449
LRL	107	171554
LRL	108	179087
LRL	109	190118
LRL	110	194479
LRL	111	204078
LRL	112	217832
LRL	113	222947
LRL	114	231052
LRL	115	243665
LRL	116	247048
LRL	117	252722
LRL	118	262013
LRL	119	265050
LRL	120	272782
LRL	121	281335
LRL	122	287130
LRL	123	295154
LRL	124	306039
LRL	125	309070
LRL	126	313749
LRL	127	319344
LRL	128	319873
LRL	129	324260
LRL	130	332916
LRL	131	332939
LRL	132	338647
LRL	133	348551
LRL	134	353732
LRL	135	354806
LRL	136	364928
LRL	137	362057
LRL	138	360919
LRL	139	369520
LRL	140	370913
LRL	141	374920
LRL	142	389142
LRL	143	400672
LRL	144	399948
LRL	145	436029
LRL	146	500301
LRL	147	542957
LRL	148	381988
LRL	149	379585
LRL	150	371712
LRL	151	39886775
# Mapping qualities for reads !(UNMAP|SECOND|SUPPL|QCFAIL|DUP). Use `grep ^MAPQ | cut -f 2-` to extract this part. The columns are: mapq, count
MAPQ	0	20495
MAPQ	1	170735
MAPQ	60	103362943
# Indel distribution. Use `grep ^ID | cut -f 2-` to extract this part. The columns are: length, number of insertions, number of deletions
ID	1	998731	825537
ID	2	253851	412904
ID	3	172397	147559
ID	4	40035	23691
ID	5	10127	35097
ID	6	21997	39659
ID	7	9316	20639
ID	8	11454	11542
# Indels per cycle. Use `grep ^IC | cut -f 2-` to extract this part. The columns are: cycle, number of insertions (fwd), .. (rev) , number of deletions (fwd), .. (rev)
IC	2	4	2	1	0
IC	3	0	1	2	5
IC	4	3	28	3	9
IC	5	3	23	3	3
IC	6	6	38	26	17
IC	7	26	37	69	45
IC	8	2051	1004	1844	1737
IC	9	2237	2091	2555	2402
IC	10	2721	2664	1787	1418
IC	11	3337	2325	1938	2277
IC	12	3977	3595	2612	3060
IC	13	4698	3305	3688	2656
IC	14	4046	4196	3706	3948
IC	15	5742	4541	4230	6090
IC	16	3875	3989	3783	4577
IC	17	4304	6093	3760	5952
IC	18	4095	5639	4145	4995
IC	19	5141	7743	4542	13686
IC	20	5472	7408	4011	5178
IC	21	5410	5765	4539	5943
IC	22	4748	7244	4542	7058
IC	23	5208	6115	4449	6459
IC	24	5634	5346	4701	6857
IC	25	5447	6411	5176	9100
IC	26	5500	5002	6046	11290
IC	27	5892	5526	4554	6428
IC	28	6716	5150	4872	6262
IC	29	6315	6625	4569	9032
IC	30	4817	6607	4591	10113
IC	31	5766	4641	5947	7410
IC	32	5297	5660	4986	5871
IC	33	8255	5151	4792	5491
IC	34	6040	4839	5517	6175
IC	35	5881	9958	5942	6561
IC	36	5133	8010	5946	7571
IC	37	5209	6885	4989	9923
IC	38	5776	5868	5284	13984
IC	39	4923	6053	5400	10874
IC	40	5175	5347	5368	12276
IC	41	5816	5754	5082	8357
IC	42	6807	5681	6080	6238
IC	43	6748	5189	6455	5724
IC	44	5752	5704	6089	10506
IC	45	4848	5633	5712	7017
IC	46	4916	7045	5337	7500
IC	47	5980	7221	5510	5559
IC	48	6217	9798	4620	11769
IC	49	6721	6089	5519	6574
IC	50	7403	5505	5193	5025
IC	51	6661	7859	5374	8310
IC	52	7758	5715	5951	5608
IC	53	7648	8613	4820	6751
IC	54	10116	6448	5013	7588
IC	55	7147	6528	5227	5642
IC	56	6760	7541	5016	6842
IC	57	5474	5411	5201	9779
IC	58	5945	7763	4319	7322
IC	59	6937	8339	4663	7321
IC	60	6408	5587	4622	7759
IC	61	7144	6167	6162	6812
IC	62	5634	5826	8257	6210
IC	63	5862	6962	6299	6557
IC	64	5573	6284	7287	6388
IC	65	5102	5579	5581	10028
IC	66	6256	5944	5745	8259
IC	67	4601	6442	8167	9591
IC	68	6984	7285	6159	6340
IC	69	4846	7769	6743	6372
IC	70	5616	7419	6333	6418
IC	71	6037	7610	6306	5752
IC	72	5499	5713	5834	6522
IC	73	6227	5754	5626	5786
IC	74	4709	5714	6218	5560
IC	75	5450	6540	6121	5057
IC	76	5824	6522	5879	5908
IC	77	6570	7625	6981	5286
IC	78	4735	6326	7221	7705
IC	79	4924	6532	6133	5296
IC	80	5382	5926	5268	4902
IC	81	7804	5302	6956	6519
IC	82	4911	5850	5703	5417
IC	83	4904	5474	5932	6420
IC	84	5432	5658	7206	6731
IC	85	5060	6220	6571	7067
IC	86	5134	6843	5832	5040
IC	87	6324	7229	5959	6365
IC	88	5075	5610	6848	5598
IC	89	6456	5630	6398	5619
IC	90	6374	4942	7016	4789
IC	91	5722	5280	7342	6718
IC	92	6793	5306	6126	5397
IC	93	5449	5704	6741	5551
IC	94	5881	5176	5931	6375
IC	95	4948	5416	6298	5162
IC	96	5550	4889	6849	5671
IC	97	5150	4463	7976	7840
IC	98	7520	4989	9198	5832
IC	99	8678	5263	5725	6365
IC	100	6118	5071	6711	4834
IC	101	5265	5130	5978	5031
IC	102	12578	7960	6135	4651
IC	103	27486	5932	6214	4731
IC	104	10633	5557	4989	4700
IC	105	6472	6570	5969	5387
IC	106	10267	5158	5314	5563
IC	107	5210	8123	5078	4573
IC	108	7523	7451	5605	4423
IC	109	5401	8954	6456	4889
IC	110	7604	5616	5445	4940
IC	111	5270	6126	4843	6055
IC	112	5178	5347	4925	5331
IC	113	5189	6770	4623	5116
IC	114	4690	5488	5761	5261
IC	115	4239	4442	5472	5042
IC	116	4292	5185	6146	4750
IC	117	4096	4995	4943	5971
IC	118	4980	5459	5838	4962
IC	119	4741	6721	7967	5023
IC	120	4696	6121	6237	4793
IC	121	4652	5614	6411	4849
IC	122	4132	4769	5543	3403
IC	123	4503	4904	6118	5075
IC	124	4821	4938	7391	4493
IC	125	4424	4697	7795	4254
IC	126	3439	4732	4832	4207
IC	127	4052	4980	4546	3121
IC	128	4487	4377	4707	4050
IC	129	3962	4352	3931	3340
IC	130	3504	4399	4299	4045
IC	131	3918	5027	4662	4626
IC	132	3640	4086	3727	5217
IC	133	3010	3742	3660	3249
IC	134	4292	4007	3520	3187
IC	135	3652	4077	3473	3608
IC	136	3603	3789	2979	4252
IC	137	3112	4432	2389	3370
IC	138	2310	2696	2539	3406
IC	139	2114	2590	3045	1906
IC	140	1808	1649	1762	1658
IC	141	1696	1917	1255	953
IC	142	1159	1631	1165	867
IC	143	1198	1484	1266	889
IC	144	936	1607	40	36
IC	145	23	23	7	11
IC	146	96	33	6	4
IC	147	58	7	4	7
IC	148	16	6	2	0
IC	149	4	2	1	1
IC	150	0	3	0	0
# Coverage distribution. Use `grep ^COV | cut -f 2-` to extract this part.
COV	[1-1]	1	619612
COV	[2-2]	2	823599
COV	[3-3]	3	427893
COV	[4-4]	4	599081
COV	[5-5]	5	347687
COV	[6-6]	6	450525
COV	[7-7]	7	297360
COV	[8-8]	8	352859
COV	[9-9]	9	258528
COV	[10-10]	10	294060
COV	[11-11]	11	226050
COV	[12-12]	12	244370
COV	[13-13]	13	204400
COV	[14-14]	14	215351
COV	[15-15]	15	183618
COV	[16-16]	16	187666
COV	[17-17]	17	165584
COV	[18-18]	18	168890
COV	[19-19]	19	152330
COV	[20-20]	20	151406
COV	[21-21]	21	140267
COV	[22-22]	22	138641
COV	[23-23]	23	130289
COV	[24-24]	24	128235
COV	[25-25]	25	121559
COV	[26-26]	26	121032
COV	[27-27]	27	115707
COV	[28-28]	28	114808
COV	[29-29]	29	110062
COV	[30-30]	30	107309
COV	[31-31]	31	103836
COV	[32-32]	32	101311
COV	[33-33]	33	97279
COV	[34-34]	34	96116
COV	[35-35]	35	94570
COV	[36-36]	36	92533
COV	[37-37]	37	88336
COV	[38-38]	38	88283
COV	[39-39]	39	85152
COV	[40-40]	40	86590
COV	[41-41]	41	83286
COV	[42-42]	42	81437
COV	[43-43]	43	80079
COV	[44-44]	44	78871
COV	[45-45]	45	76602
COV	[46-46]	46	77959
COV	[47-47]	47	77090
COV	[48-48]	48	74873
COV	[49-49]	49	73244
COV	[50-50]	50	72080
COV	[51-51]	51	71293
COV	[52-52]	52	70550
COV	[53-53]	53	68660
COV	[54-54]	54	68309
COV	[55-55]	55	68250
COV	[56-56]	56	66146
COV	[57-57]	57	66413
COV	[58-58]	58	65269
COV	[59-59]	59	64093
COV	[60-60]	60	64256
COV	[61-61]	61	62629
COV	[62-62]	62	62271
COV	[63-63]	63	61910
COV	[64-64]	64	61425
COV	[65-65]	65	61482
COV	[66-66]	66	60273
COV	[67-67]	67	60034
COV	[68-68]	68	59929
COV	[69-69]	69	58294
COV	[70-70]	70	57899
COV	[71-71]	71	57834
COV	[72-72]	72	56571
COV	[73-73]	73	56967
COV	[74-74]	74	56399
COV	[75-75]	75	53951
COV	[76-76]	76	53992
COV	[77-77]	77	52828
COV	[78-78]	78	53391
COV	[79-79]	79	52072
COV	[80-80]	80	51653
COV	[81-81]	81	51238
COV	[82-82]	82	50692
COV	[83-83]	83	50555
COV	[84-84]	84	49905
COV	[85-85]	85	50181
COV	[86-86]	86	49227
COV	[87-87]	87	49670
COV	[88-88]	88	48566
COV	[89-89]	89	48987
COV	[90-90]	90	47131
COV	[91-91]	91	47385
COV	[92-92]	92	47169
COV	[93-93]	93	46594
COV	[94-94]	94	47371
COV	[95-95]	95	46403
COV	[96-96]	96	45762
COV	[97-97]	97	45399
COV	[98-98]	98	45848
COV	[99-99]	99	45685
COV	[100-100]	100	44523
COV	[101-101]	101	44927
COV	[102-102]	102	44477
COV	[103-103]	103	44393
COV	[104-104]	104	43339
COV	[105-105]	105	44045
COV	[106-106]	106	43244
COV	[107-107]	107	42278
COV	[108-108]	108	42473
COV	[109-109]	109	42573
COV	[110-110]	110	42387
COV	[111-111]	111	42351
COV	[112-112]	112	42316
COV	[113-113]	113	41840
COV	[114-114]	114	41833
COV	[115-115]	115	40644
COV	[116-116]	116	39998
COV	[117-117]	117	40971
COV	[118-118]	118	40172
COV	[119-119]	119	39454
COV	[120-120]	120	40360
COV	[121-121]	121	40142
COV	[122-122]	122	39922
COV	[123-123]	123	39568
COV	[124-124]	124	39668
COV	[125-125]	125	39245
COV	[126-126]	126	38424
COV	[127-127]	127	38944
COV	[128-128]	128	38182
COV	[129-129]	129	38594
COV	[130-130]	130	38154
COV	[131-131]	131	37114
COV	[132-132]	132	37652
COV	[133-133]	133	37558
COV	[134-134]	134	37057
COV	[135-135]	135	36990
COV	[136-136]	136	37292
COV	[137-137]	137	37158
COV	[138-138]	138	36793
COV	[139-139]	139	36294
COV	[140-140]	140	36107
COV	[141-141]	141	36588
COV	[142-142]	142	36148
COV	[143-143]	143	35548
COV	[144-144]	144	36070
COV	[145-145]	145	35922
COV	[146-146]	146	35595
COV	[147-147]	147	35769
COV	[148-148]	148	35280
COV	[149-149]	149	35612
COV	[150-150]	150	34359
COV	[151-151]	151	34749
COV	[152-152]	152	34128
COV	[153-153]	153	34234
COV	[154-154]	154	33994
COV	[155-155]	155	33527
COV	[156-156]	156	33850
COV	[157-157]	157	33712
COV	[158-158]	158	32828
COV	[159-159]	159	32726
COV	[160-160]	160	33352
COV	[161-161]	161	32904
COV	[162-162]	162	32867
COV	[163-163]	163	31845
COV	[164-164]	164	32526
COV	[165-165]	165	32436
COV	[166-166]	166	32385
COV	[167-167]	167	32716
COV	[168-168]	168	32515
COV	[169-169]	169	31954
COV	[170-170]	170	31895
COV	[171-171]	171	32080
COV	[172-172]	172	31934
COV	[173-173]	173	31365
COV	[174-174]	174	31513
COV	[175-175]	175	31423
COV	[176-176]	176	30727
COV	[177-177]	177	31063
COV	[178-178]	178	31122
COV	[179-179]	179	31386
COV	[180-180]	180	31159
COV	[181-181]	181	30735
COV	[182-182]	182	30763
COV	[183-183]	183	31197
COV	[184-184]	184	30370
COV	[185-185]	185	29888
COV	[186-186]	186	30270
COV	[187-187]	187	29861
COV	[188-188]	188	30262
COV	[189-189]	189	30193
COV	[190-190]	190	29684
COV	[191-191]	191	29627
COV	[192-192]	192	29971
COV	[193-193]	193	30072
COV	[194-194]	194	29933
COV	[195-195]	195	29511
COV	[196-196]	196	29140
COV	[197-197]	197	29268
COV	[198-198]	198	29332
COV	[199-199]	199	29202
COV	[200-200]	200	28938
COV	[201-201]	201	28734
COV	[202-202]	202	28873
COV	[203-203]	203	28719
COV	[204-204]	204	29146
COV	[205-205]	205	28727
COV	[206-206]	206	28578
COV	[207-207]	207	28425
COV	[208-208]	208	28267
COV	[209-209]	209	28762
COV	[210-210]	210	28108
COV	[211-211]	211	27911
COV	[212-212]	212	28032
COV	[213-213]	213	27629
COV	[214-214]	214	27975
COV	[215-215]	215	27610
COV	[216-216]	216	27528
COV	[217-217]	217	27379
COV	[218-218]	218	27221
COV	[219-219]	219	27226
COV	[220-220]	220	27096
COV	[221-221]	221	27055
COV	[222-222]	222	26439
COV	[223-223]	223	26736
COV	[224-224]	224	26755
COV	[225-225]	225	26549
COV	[226-226]	226	26303
COV	[227-227]	227	26465
COV	[228-228]	228	26379
COV	[229-229]	229	25842
COV	[230-230]	230	26269
COV	[231-231]	231	25804
COV	[232-232]	232	26085
COV	[233-233]	233	25772
COV	[234-234]	234	26117
COV	[235-235]	235	25604
COV	[236-236]	236	25541
COV	[237-237]	237	25616
COV	[238-238]	238	26089
COV	[239-239]	239	25527
COV	[240-240]	240	25451
COV	[241-241]	241	25384
COV	[242-242]	242	25226
COV	[243-243]	243	25147
COV	[244-244]	244	25230
COV	[245-245]	245	24955
COV	[246-246]	246	24650
COV	[247-247]	247	24210
COV	[248-248]	248	24380
COV	[249-249]	249	24383
COV	[250-250]	250	24024
COV	[251-251]	251	24354
COV	[252-252]	252	24534
COV	[253-253]	253	24190
COV	[254-254]	254	23893
COV	[255-255]	255	23826
COV	[256-256]	256	23424
COV	[257-257]	257	23359
COV	[258-258]	258	23901
COV	[259-259]	259	23802
COV	[260-260]	260	23590
COV	[261-261]	261	23632
COV	[262-262]	262	23355
COV	[263-263]	263	23501
COV	[264-264]	264	22931
COV	[265-265]	265	23212
COV	[266-266]	266	22967
COV	[267-267]	267	23108
COV	[268-268]	268	23038
COV	[269-269]	269	23037
COV	[270-270]	270	22669
COV	[271-271]	271	22462
COV	[272-272]	272	22336
COV	[273-273]	273	21994
COV	[274-274]	274	22314
COV	[275-275]	275	21812
COV	[276-276]	276	21903
COV	[277-277]	277	21977
COV	[278-278]	278	21911
COV	[279-279]	279	21506
COV	[280-280]	280	21382
COV	[281-281]	281	21274
COV	[282-282]	282	21718
COV	[283-283]	283	21669
COV	[284-284]	284	21231
COV	[285-285]	285	20818
COV	[286-286]	286	20962
COV	[287-287]	287	20418
COV	[288-288]	288	20890
COV	[289-289]	289	20315
COV	[290-290]	290	20187
COV	[291-291]	291	20628
COV	[292-292]	292	20441
COV	[293-293]	293	20224
COV	[294-294]	294	20316
COV	[295-295]	295	20066
COV	[296-296]	296	20272
COV	[297-297]	297	20045
COV	[298-298]	298	19782
COV	[299-299]	299	19680
COV	[300-300]	300	19752
COV	[301-301]	301	19743
COV	[302-302]	302	19955
COV	[303-303]	303	20013
COV	[304-304]	304	20112
COV	[305-305]	305	19890
COV	[306-306]	306	19647
COV	[307-307]	307	19616
COV	[308-308]	308	19649
COV	[309-309]	309	19506
COV	[310-310]	310	19587
COV	[311-311]	311	19464
COV	[312-312]	312	19174
COV	[313-313]	313	19116
COV	[314-314]	314	19196
COV	[315-315]	315	19342
COV	[316-316]	316	19479
COV	[317-317]	317	19046
COV	[318-318]	318	18994
COV	[319-319]	319	19009
COV	[320-320]	320	18816
COV	[321-321]	321	18914
COV	[322-322]	322	18765
COV	[323-323]	323	18669
COV	[324-324]	324	18535
COV	[325-325]	325	18301
COV	[326-326]	326	18354
COV	[327-327]	327	18264
COV	[328-328]	328	18476
COV	[329-329]	329	18560
COV	[330-330]	330	17871
COV	[331-331]	331	17895
COV	[332-332]	332	17973
COV	[333-333]	333	17821
COV	[334-334]	334	17747
COV	[335-335]	335	17840
COV	[336-336]	336	17914
COV	[337-337]	337	17809
COV	[338-338]	338	17428
COV	[339-339]	339	17407
COV	[340-340]	340	17200
COV	[341-341]	341	17567
COV	[342-342]	342	17368
COV	[343-343]	343	17131
COV	[344-344]	344	16863
COV	[345-345]	345	16961
COV	[346-346]	346	17107
COV	[347-347]	347	16924
COV	[348-348]	348	16791
COV	[349-349]	349	16859
COV	[350-350]	350	16742
COV	[351-351]	351	16544
COV	[352-352]	352	16546
COV	[353-353]	353	16712
COV	[354-354]	354	16402
COV	[355-355]	355	16401
COV	[356-356]	356	16086
COV	[357-357]	357	16486
COV	[358-358]	358	16084
COV	[359-359]	359	16378
COV	[360-360]	360	16183
COV	[361-361]	361	16389
COV	[362-362]	362	16017
COV	[363-363]	363	16025
COV	[364-364]	364	16021
COV	[365-365]	365	15860
COV	[366-366]	366	15901
COV	[367-367]	367	15857
COV	[368-368]	368	15898
COV	[369-369]	369	15842
COV	[370-370]	370	15748
COV	[371-371]	371	15792
COV	[372-372]	372	15621
COV	[373-373]	373	15474
COV	[374-374]	374	15469
COV	[375-375]	375	15321
COV	[376-376]	376	15557
COV	[377-377]	377	15097
COV	[378-378]	378	15116
COV	[379-379]	379	15048
COV	[380-380]	380	15077
COV	[381-381]	381	15221
COV	[382-382]	382	15095
COV	[383-383]	383	14903
COV	[384-384]	384	14617
COV	[385-385]	385	14690
COV	[386-386]	386	14509
COV	[387-387]	387	14547
COV	[388-388]	388	14644
COV	[389-389]	389	14702
COV	[390-390]	390	14757
COV	[391-391]	391	14463
COV	[392-392]	392	14370
COV	[393-393]	393	14547
COV	[394-394]	394	14538
COV	[395-395]	395	14391
COV	[396-396]	396	14155
COV	[397-397]	397	14443
COV	[398-398]	398	14114
COV	[399-399]	399	14163
COV	[400-400]	400	14212
COV	[401-401]	401	14074
COV	[402-402]	402	14130
COV	[403-403]	403	14052
COV	[404-404]	404	13954
COV	[405-405]	405	14032
COV	[406-406]	406	14141
COV	[407-407]	407	13756
COV	[408-408]	408	13871
COV	[409-409]	409	13758
COV	[410-410]	410	13703
COV	[411-411]	411	13788
COV	[412-412]	412	13827
COV	[413-413]	413	13756
COV	[414-414]	414	13423
COV	[415-415]	415	13525
COV	[416-416]	416	13543
COV	[417-417]	417	13367
COV	[418-418]	418	13535
COV	[419-419]	419	13284
COV	[420-420]	420	13404
COV	[421-421]	421	13318
COV	[422-422]	422	13298
COV	[423-423]	423	13375
COV	[424-424]	424	13172
COV	[425-425]	425	13191
COV	[426-426]	426	13122
COV	[427-427]	427	12872
COV	[428-428]	428	13019
COV	[429-429]	429	12959
COV	[430-430]	430	12849
COV	[431-431]	431	12775
COV	[432-432]	432	12809
COV	[433-433]	433	13024
COV	[434-434]	434	12783
COV	[435-435]	435	12666
COV	[436-436]	436	12886
COV	[437-437]	437	12608
COV	[438-438]	438	12842
COV	[439-439]	439	12566
COV	[440-440]	440	12413
COV	[441-441]	441	12557
COV	[442-442]	442	12260
COV	[443-443]	443	12515
COV	[444-444]	444	12317
COV	[445-445]	445	12447
COV	[446-446]	446	12264
COV	[447-447]	447	12038
COV	[448-448]	448	12005
COV	[449-449]	449	12210
COV	[450-450]	450	11936
COV	[451-451]	451	11936
COV	[452-452]	452	11768
COV	[453-453]	453	11691
COV	[454-454]	454	11938
COV	[455-455]	455	11842
COV	[456-456]	456	11670
COV	[457-457]	457	11730
COV	[458-458]	458	11926
COV	[459-459]	459	11861
COV	[460-460]	460	11538
COV	[461-461]	461	11759
COV	[462-462]	462	11552
COV	[463-463]	463	11716
COV	[464-464]	464	11346
COV	[465-465]	465	11720
COV	[466-466]	466	11530
COV	[467-467]	467	11630
COV	[468-468]	468	11649
COV	[469-469]	469	11481
COV	[470-470]	470	11446
COV	[471-471]	471	11336
COV	[472-472]	472	11104
COV	[473-473]	473	11086
COV	[474-474]	474	11256
COV	[475-475]	475	11284
COV	[476-476]	476	11047
COV	[477-477]	477	11233
COV	[478-478]	478	11057
COV	[479-479]	479	11117
COV	[480-480]	480	11265
COV	[481-481]	481	11051
COV	[482-482]	482	11007
COV	[483-483]	483	11075
COV	[484-484]	484	11062
COV	[485-485]	485	10946
COV	[486-486]	486	11038
COV	[487-487]	487	10711
COV	[488-488]	488	10837
COV	[489-489]	489	10731
COV	[490-490]	490	11071
COV	[491-491]	491	10548
COV	[492-492]	492	10705
COV	[493-493]	493	10656
COV	[494-494]	494	10570
COV	[495-495]	495	10595
COV	[496-496]	496	10533
COV	[497-497]	497	10510
COV	[498-498]	498	10560
COV	[499-499]	499	10626
COV	[500-500]	500	10511
COV	[501-501]	501	10535
COV	[502-502]	502	10415
COV	[503-503]	503	10420
COV	[504-504]	504	10311
COV	[505-505]	505	10329
COV	[506-506]	506	10124
COV	[507-507]	507	10347
COV	[508-508]	508	10260
COV	[509-509]	509	10340
COV	[510-510]	510	10276
COV	[511-511]	511	10180
COV	[512-512]	512	10070
COV	[513-513]	513	10074
COV	[514-514]	514	9891
COV	[515-515]	515	9929
COV	[516-516]	516	10053
COV	[517-517]	517	9746
COV	[518-518]	518	9958
COV	[519-519]	519	10000
COV	[520-520]	520	9887
COV	[521-521]	521	10012
COV	[522-522]	522	10034
COV	[523-523]	523	9721
COV	[524-524]	524	9775
COV	[525-525]	525	9486
COV	[526-526]	526	9606
COV	[527-527]	527	9668
COV	[528-528]	528	9479
COV	[529-529]	529	9407
COV	[530-530]	530	9684
COV	[531-531]	531	9559
COV	[532-532]	532	9747
COV	[533-533]	533	9706
COV	[534-534]	534	9486
COV	[535-535]	535	9292
COV	[536-536]	536	9255
COV	[537-537]	537	9404
COV	[538-538]	538	9400
COV	[539-539]	539	9336
COV	[540-540]	540	9282
COV	[541-541]	541	9359
COV	[542-542]	542	9169
COV	[543-543]	543	9257
COV	[544-544]	544	9268
COV	[545-545]	545	9293
COV	[546-546]	546	9177
COV	[547-547]	547	9213
COV	[548-548]	548	9126
COV	[549-549]	549	9172
COV	[550-550]	550	9274
COV	[551-551]	551	9061
COV	[552-552]	552	9318
COV	[553-553]	553	9100
COV	[554-554]	554	8849
COV	[555-555]	555	8866
COV	[556-556]	556	9003
COV	[557-557]	557	8754
COV	[558-558]	558	8951
COV	[559-559]	559	8975
COV	[560-560]	560	8788
COV	[561-561]	561	9014
COV	[562-562]	562	9076
COV	[563-563]	563	8894
COV	[564-564]	564	8722
COV	[565-565]	565	8707
COV	[566-566]	566	8652
COV	[567-567]	567	8739
COV	[568-568]	568	8675
COV	[569-569]	569	8640
COV	[570-570]	570	8634
COV	[571-571]	571	8656
COV	[572-572]	572	8436
COV	[573-573]	573	8483
COV	[574-574]	574	8576
COV	[575-575]	575	8460
COV	[576-576]	576	8295
COV	[577-577]	577	8534
COV	[578-578]	578	8388
COV	[579-579]	579	8593
COV	[580-580]	580	8444
COV	[581-581]	581	8491
COV	[582-582]	582	8606
COV	[583-583]	583	8141
COV	[584-584]	584	8396
COV	[585-585]	585	8121
COV	[586-586]	586	8287
COV	[587-587]	587	8106
COV	[588-588]	588	8138
COV	[589-589]	589	8191
COV	[590-590]	590	8030
COV	[591-591]	591	7871
COV	[592-592]	592	7909
COV	[593-593]	593	7936
COV	[594-594]	594	7873
COV	[595-595]	595	7823
COV	[596-596]	596	7922
COV	[597-597]	597	7909
COV	[598-598]	598	7867
COV	[599-599]	599	7746
COV	[600-600]	600	7863
COV	[601-601]	601	7937
COV	[602-602]	602	8004
COV	[603-603]	603	7919
COV	[604-604]	604	7736
COV	[605-605]	605	7585
COV	[606-606]	606	7861
COV	[607-607]	607	7727
COV	[608-608]	608	7739
COV	[609-609]	609	7706
COV	[610-610]	610	7648
COV	[611-611]	611	7582
COV	[612-612]	612	7574
COV	[613-613]	613	7659
COV	[614-614]	614	7863
COV	[615-615]	615	7537
COV	[616-616]	616	7560
COV	[617-617]	617	7455
COV	[618-618]	618	7552
COV	[619-619]	619	7574
COV	[620-620]	620	7458
COV	[621-621]	621	7480
COV	[622-622]	622	7393
COV	[623-623]	623	7439
COV	[624-624]	624	7215
COV	[625-625]	625	7417
COV	[626-626]	626	7120
COV	[627-627]	627	7169
COV	[628-628]	628	7256
COV	[629-629]	629	7224
COV	[630-630]	630	7017
COV	[631-631]	631	7038
COV	[632-632]	632	7230
COV	[633-633]	633	7038
COV	[634-634]	634	7038
COV	[635-635]	635	7034
COV	[636-636]	636	6952
COV	[637-637]	637	7004
COV	[638-638]	638	6979
COV	[639-639]	639	7198
COV	[640-640]	640	7004
COV	[641-641]	641	6960
COV	[642-642]	642	7013
COV	[643-643]	643	7094
COV	[644-644]	644	6953
COV	[645-645]	645	6999
COV	[646-646]	646	7114
COV	[647-647]	647	7102
COV	[648-648]	648	7034
COV	[649-649]	649	7022
COV	[650-650]	650	6953
COV	[651-651]	651	7046
COV	[652-652]	652	6960
COV	[653-653]	653	6729
COV	[654-654]	654	7003
COV	[655-655]	655	6804
COV	[656-656]	656	6921
COV	[657-657]	657	6866
COV	[658-658]	658	6698
COV	[659-659]	659	6650
COV	[660-660]	660	6698
COV	[661-661]	661	6764
COV	[662-662]	662	6778
COV	[663-663]	663	6606
COV	[664-664]	664	6615
COV	[665-665]	665	6735
COV	[666-666]	666	6819
COV	[667-667]	667	6707
COV	[668-668]	668	6610
COV	[669-669]	669	6485
COV	[670-670]	670	6633
COV	[671-671]	671	6663
COV	[672-672]	672	6570
COV	[673-673]	673	6501
COV	[674-674]	674	6625
COV	[675-675]	675	6385
COV	[676-676]	676	6590
COV	[677-677]	677	6453
COV	[678-678]	678	6558
COV	[679-679]	679	6543
COV	[680-680]	680	6629
COV	[681-681]	681	6500
COV	[682-682]	682	6420
COV	[683-683]	683	6643
COV	[684-684]	684	6316
COV	[685-685]	685	6428
COV	[686-686]	686	6321
COV	[687-687]	687	6456
COV	[688-688]	688	6446
COV	[689-689]	689	6537
COV	[690-690]	690	6511
COV	[691-691]	691	6321
COV	[692-692]	692	6333
COV	[693-693]	693	6328
COV	[694-694]	694	6217
COV	[695-695]	695	6356
COV	[696-696]	696	6277
COV	[697-697]	697	6311
COV	[698-698]	698	6229
COV	[699-699]	699	6167
COV	[700-700]	700	6257
COV	[701-701]	701	6238
COV	[702-702]	702	6280
COV	[703-703]	703	6126
COV	[704-704]	704	6115
COV	[705-705]	705	6044
COV	[706-706]	706	6171
COV	[707-707]	707	6126
COV	[708-708]	708	6118
COV	[709-709]	709	5913
COV	[710-710]	710	6202
COV	[711-711]	711	6135
COV	[712-712]	712	5921
COV	[713-713]	713	5904
COV	[714-714]	714	6017
COV	[715-715]	715	5954
COV	[716-716]	716	5884
COV	[717-717]	717	6118
COV	[718-718]	718	6052
COV	[719-719]	719	5951
COV	[720-720]	720	5860
COV	[721-721]	721	5829
COV	[722-722]	722	5773
COV	[723-723]	723	5853
COV	[724-724]	724	5903
COV	[725-725]	725	5756
COV	[726-726]	726	5859
COV	[727-727]	727	5860
COV	[728-728]	728	5655
COV	[729-729]	729	5802
COV	[730-730]	730	5854
COV	[731-731]	731	5681
COV	[732-732]	732	5631
COV	[733-733]	733	5796
COV	[734-734]	734	5676
COV	[735-735]	735	5875
COV	[736-736]	736	5841
COV	[737-737]	737	5704
COV	[738-738]	738	5661
COV	[739-739]	739	5793
COV	[740-740]	740	5694
COV	[741-741]	741	5608
COV	[742-742]	742	5599
COV	[743-743]	743	5482
COV	[744-744]	744	5629
COV	[745-745]	745	5592
COV	[746-746]	746	5576
COV	[747-747]	747	5457
COV	[748-748]	748	5414
COV	[749-749]	749	5470
COV	[750-750]	750	5703
COV	[751-751]	751	5520
COV	[752-752]	752	5413
COV	[753-753]	753	5527
COV	[754-754]	754	5396
COV	[755-755]	755	5389
COV	[756-756]	756	5422
COV	[757-757]	757	5344
COV	[758-758]	758	5315
COV	[759-759]	759	5389
COV	[760-760]	760	5342
COV	[761-761]	761	5363
COV	[762-762]	762	5401
COV	[763-763]	763	5292
COV	[764-764]	764	5291
COV	[765-765]	765	5191
COV	[766-766]	766	5213
COV	[767-767]	767	5268
COV	[768-768]	768	5168
COV	[769-769]	769	5079
COV	[770-770]	770	5065
COV	[771-771]	771	5231
COV	[772-772]	772	5052
COV	[773-773]	773	5191
COV	[774-774]	774	5069
COV	[775-775]	775	5120
COV	[776-776]	776	5089
COV	[777-777]	777	5125
COV	[778-778]	778	5113
COV	[779-779]	779	5080
COV	[780-780]	780	4998
COV	[781-781]	781	5153
COV	[782-782]	782	4962
COV	[783-783]	783	4971
COV	[784-784]	784	5097
COV	[785-785]	785	5054
COV	[786-786]	786	4935
COV	[787-787]	787	4932
COV	[788-788]	788	4916
COV	[789-789]	789	4836
COV	[790-790]	790	4929
COV	[791-791]	791	4918
COV	[792-792]	792	4984
COV	[793-793]	793	4855
COV	[794-794]	794	5011
COV	[795-795]	795	4911
COV	[796-796]	796	4939
COV	[797-797]	797	4857
COV	[798-798]	798	4964
COV	[799-799]	799	4944
COV	[800-800]	800	4890
COV	[801-801]	801	4866
COV	[802-802]	802	4711
COV	[803-803]	803	4920
COV	[804-804]	804	4903
COV	[805-805]	805	4683
COV	[806-806]	806	4820
COV	[807-807]	807	4843
COV	[808-808]	808	4818
COV	[809-809]	809	4721
COV	[810-810]	810	4710
COV	[811-811]	811	4605
COV	[812-812]	812	4768
COV	[813-813]	813	4760
COV	[814-814]	814	4748
COV	[815-815]	815	4591
COV	[816-816]	816	4749
COV	[817-817]	817	4544
COV	[818-818]	818	4653
COV	[819-819]	819	4591
COV	[820-820]	820	4619
COV	[821-821]	821	4646
COV	[822-822]	822	4591
COV	[823-823]	823	4570
COV	[824-824]	824	4575
COV	[825-825]	825	4500
COV	[826-826]	826	4677
COV	[827-827]	827	4457
COV	[828-828]	828	4615
COV	[829-829]	829	4416
COV	[830-830]	830	4464
COV	[831-831]	831	4368
COV	[832-832]	832	4581
COV	[833-833]	833	4579
COV	[834-834]	834	4445
COV	[835-835]	835	4405
COV	[836-836]	836	4390
COV	[837-837]	837	4425
COV	[838-838]	838	4413
COV	[839-839]	839	4400
COV	[840-840]	840	4333
COV	[841-841]	841	4342
COV	[842-842]	842	4455
COV	[843-843]	843	4243
COV	[844-844]	844	4396
COV	[845-845]	845	4522
COV	[846-846]	846	4306
COV	[847-847]	847	4317
COV	[848-848]	848	4266
COV	[849-849]	849	4204
COV	[850-850]	850	4283
COV	[851-851]	851	4296
COV	[852-852]	852	4133
COV	[853-853]	853	4228
COV	[854-854]	854	4238
COV	[855-855]	855	4173
COV	[856-856]	856	4058
COV	[857-857]	857	4305
COV	[858-858]	858	4099
COV	[859-859]	859	4076
COV	[860-860]	860	4250
COV	[861-861]	861	4285
COV	[862-862]	862	4081
COV	[863-863]	863	4100
COV	[864-864]	864	4130
COV	[865-865]	865	4005
COV	[866-866]	866	4245
COV	[867-867]	867	4227
COV	[868-868]	868	4050
COV	[869-869]	869	4008
COV	[870-870]	870	4110
COV	[871-871]	871	4111
COV	[872-872]	872	4165
COV	[873-873]	873	3975
COV	[874-874]	874	4096
COV	[875-875]	875	3907
COV	[876-876]	876	4042
COV	[877-877]	877	4146
COV	[878-878]	878	3967
COV	[879-879]	879	4020
COV	[880-880]	880	3992
COV	[881-881]	881	4029
COV	[882-882]	882	4010
COV	[883-883]	883	3968
COV	[884-884]	884	3854
COV	[885-885]	885	3869
COV	[886-886]	886	3952
COV	[887-887]	887	3983
COV	[888-888]	888	3926
COV	[889-889]	889	4012
COV	[890-890]	890	4051
COV	[891-891]	891	3852
COV	[892-892]	892	3793
COV	[893-893]	893	3975
COV	[894-894]	894	3802
COV	[895-895]	895	3835
COV	[896-896]	896	3921
COV	[897-897]	897	3779
COV	[898-898]	898	3703
COV	[899-899]	899	3877
COV	[900-900]	900	3754
COV	[901-901]	901	3713
COV	[902-902]	902	3706
COV	[903-903]	903	3724
COV	[904-904]	904	3731
COV	[905-905]	905	3701
COV	[906-906]	906	3705
COV	[907-907]	907	3673
COV	[908-908]	908	3628
COV	[909-909]	909	3666
COV	[910-910]	910	3671
COV	[911-911]	911	3654
COV	[912-912]	912	3665
COV	[913-913]	913	3642
COV	[914-914]	914	3754
COV	[915-915]	915	3603
COV	[916-916]	916	3757
COV	[917-917]	917	3749
COV	[918-918]	918	3594
COV	[919-919]	919	3471
COV	[920-920]	920	3647
COV	[921-921]	921	3579
COV	[922-922]	922	3694
COV	[923-923]	923	3658
COV	[924-924]	924	3586
COV	[925-925]	925	3447
COV	[926-926]	926	3576
COV	[927-927]	927	3539
COV	[928-928]	928	3553
COV	[929-929]	929	3469
COV	[930-930]	930	3481
COV	[931-931]	931	3478
COV	[932-932]	932	3609
COV	[933-933]	933	3498
COV	[934-934]	934	3429
COV	[935-935]	935	3535
COV	[936-936]	936	3433
COV	[937-937]	937	3476
COV	[938-938]	938	3535
COV	[939-939]	939	3414
COV	[940-940]	940	3467
COV	[941-941]	941	3416
COV	[942-942]	942	3542
COV	[943-943]	943	3472
COV	[944-944]	944	3426
COV	[945-945]	945	3318
COV	[946-946]	946	3418
COV	[947-947]	947	3352
COV	[948-948]	948	3399
COV	[949-949]	949	3384
COV	[950-950]	950	3394
COV	[951-951]	951	3487
COV	[952-952]	952	3391
COV	[953-953]	953	3278
COV	[954-954]	954	3409
COV	[955-955]	955	3338
COV	[956-956]	956	3318
COV	[957-957]	957	3289
COV	[958-958]	958	3317
COV	[959-959]	959	3386
COV	[960-960]	960	3263
COV	[961-961]	961	3258
COV	[962-962]	962	3192
COV	[963-963]	963	3379
COV	[964-964]	964	3398
COV	[965-965]	965	3265
COV	[966-966]	966	3277
COV	[967-967]	967	3283
COV	[968-968]	968	3182
COV	[969-969]	969	3219
COV	[970-970]	970	3284
COV	[971-971]	971	3251
COV	[972-972]	972	3216
COV	[973-973]	973	3281
COV	[974-974]	974	3201
COV	[975-975]	975	3186
COV	[976-976]	976	3268
COV	[977-977]	977	3204
COV	[978-978]	978	3243
COV	[979-979]	979	3221
COV	[980-980]	980	3051
COV	[981-981]	981	3201
COV	[982-982]	982	3071
COV	[983-983]	983	3081
COV	[984-984]	984	3171
COV	[985-985]	985	3143
COV	[986-986]	986	3166
COV	[987-987]	987	2995
COV	[988-988]	988	3176
COV	[989-989]	989	3047
COV	[990-990]	990	3091
COV	[991-991]	991	3053
COV	[992-992]	992	3061
COV	[993-993]	993	3133
COV	[994-994]	994	3146
COV	[995-995]	995	3027
COV	[996-996]	996	3058
COV	[997-997]	997	3165
COV	[998-998]	998	3125
COV	[999-999]	999	3030
COV	[1000-1000]	1000	3045
COV	[1000<]	1000	2765032
# GC-depth. Use `grep ^GCD | cut -f 2-` to extract this part. The columns are: GC%, unique sequence percentiles, 10th, 25th, 50th, 75th and 90th depth percentile
GCD	0.0	0.127	0.000	0.000	0.000	0.000	0.000
GCD	38.0	0.191	0.101	0.101	0.101	0.101	0.101
GCD	42.0	0.319	0.165	0.165	6.923	13.682	13.682
GCD	44.0	0.446	4.944	4.944	13.585	22.225	22.225
GCD	45.0	0.701	0.216	0.395	4.717	21.095	25.294
GCD	46.0	1.083	1.681	9.199	37.861	284.910	835.187
GCD	47.0	1.593	14.242	26.986	152.696	318.957	514.626
GCD	48.0	2.486	38.444	87.655	272.604	865.718	1783.675
GCD	49.0	3.824	39.771	115.011	388.969	741.198	1711.465
GCD	50.0	8.158	75.254	180.898	434.279	759.859	1708.879
GCD	51.0	16.444	113.701	208.443	425.818	897.062	1358.524
GCD	52.0	29.955	134.274	214.114	373.768	577.339	806.005
GCD	53.0	50.478	148.345	211.533	346.344	553.003	826.153
GCD	54.0	70.236	100.409	170.835	293.576	471.382	686.358
GCD	55.0	87.253	107.308	179.190	266.331	424.977	798.724
GCD	56.0	96.367	117.618	185.880	271.871	436.884	770.464
GCD	57.0	99.235	101.308	163.292	307.986	724.800	1475.850
GCD	58.0	99.745	140.200	159.363	315.848	443.229	1060.164
GCD	59.0	99.936	56.379	56.379	330.485	337.534	337.534
GCD	60.0	100.000	106.284	106.284	106.284	106.284	106.284
