# This file was produced by samtools stats (1.19.2+htslib-1.19) and can be plotted using plot-bamstats
# This file contains statistics for all reads.
# The command line was:  stats -@ 4 157_ophiostoma.sorted.bam
# CHK, Checksum	[2]Read Names	[3]Sequences	[4]Qualities
# CHK, CRC32 of reads which passed filtering followed by addition (32bit overflow)
CHK	5aaa6425	e8a611e9	87ca2878
# Summary Numbers. Use `grep ^SN | cut -f 2-` to extract this part.
SN	raw total sequences:	149156284	# excluding supplementary and secondary reads
SN	filtered sequences:	0
SN	sequences:	149156284
SN	is sorted:	1
SN	1st fragments:	74578142
SN	last fragments:	74578142
SN	reads mapped:	136849186
SN	reads mapped and paired:	133363530	# paired-end technology bit set + both mates mapped
SN	reads unmapped:	12307098
SN	reads properly paired:	131959850	# proper-pair bit set
SN	reads paired:	149156284	# paired-end technology bit set
SN	reads duplicated:	0	# PCR or optical duplicate bit set
SN	reads MQ0:	29779	# mapped and MQ=0
SN	reads QC failed:	0
SN	non-primary alignments:	337422
SN	supplementary alignments:	0
SN	total length:	21976305036	# ignores clipping
SN	total first fragment length:	10987192042	# ignores clipping
SN	total last fragment length:	10989112994	# ignores clipping
SN	bases mapped:	20163326125	# ignores clipping
SN	bases mapped (cigar):	20115268092	# more accurate
SN	bases trimmed:	0
SN	bases duplicated:	0
SN	mismatches:	91689075	# from NM fields
SN	error rate:	4.558183e-03	# mismatches / bases mapped (cigar)
SN	average length:	147
SN	average first fragment length:	147
SN	average last fragment length:	147
SN	maximum length:	151
SN	maximum first fragment length:	151
SN	maximum last fragment length:	151
SN	average quality:	35.8
SN	insert size average:	221.3
SN	insert size standard deviation:	74.6
SN	inward oriented pairs:	60512545
SN	outward oriented pairs:	5570624
SN	pairs with other orientation:	49937
SN	pairs on different chromosomes:	548659
SN	percentage of properly paired reads (%):	88.5
# First Fragment Qualities. Use `grep ^FFQ | cut -f 2-` to extract this part.
# Columns correspond to qualities and rows to cycles. First column is the cycle number.
FFQ	1	0	0	0	0	0	0	0	0	0	0	0	915968	0	0	0	0	0	0	0	0	0	0	0	0	0	1717268	0	0	0	0	0	0	0	0	0	0	0	71944906	0
FFQ	2	0	0	8	0	0	0	0	0	0	0	0	911645	0	0	0	0	0	0	0	0	0	0	0	0	0	2020826	0	0	0	0	0	0	0	0	0	0	0	71645663	0
FFQ	3	0	0	60	0	0	0	0	0	0	0	0	803679	0	0	0	0	0	0	0	0	0	0	0	0	0	1983513	0	0	0	0	0	0	0	0	0	0	0	71790890	0
FFQ	4	0	0	30788	0	0	0	0	0	0	0	0	657717	0	0	0	0	0	0	0	0	0	0	0	0	0	1806006	0	0	0	0	0	0	0	0	0	0	0	72083631	0
FFQ	5	0	0	306	0	0	0	0	0	0	0	0	667924	0	0	0	0	0	0	0	0	0	0	0	0	0	1836689	0	0	0	0	0	0	0	0	0	0	0	72073223	0
FFQ	6	0	0	0	0	0	0	0	0	0	0	0	678226	0	0	0	0	0	0	0	0	0	0	0	0	0	1896994	0	0	0	0	0	0	0	0	0	0	0	72002922	0
FFQ	7	0	0	0	0	0	0	0	0	0	0	0	689624	0	0	0	0	0	0	0	0	0	0	0	0	0	1859598	0	0	0	0	0	0	0	0	0	0	0	72028920	0
FFQ	8	0	0	0	0	0	0	0	0	0	0	0	616298	0	0	0	0	0	0	0	0	0	0	0	0	0	1721900	0	0	0	0	0	0	0	0	0	0	0	72239944	0
FFQ	9	0	0	0	0	0	0	0	0	0	0	0	592143	0	0	0	0	0	0	0	0	0	0	0	0	0	1674230	0	0	0	0	0	0	0	0	0	0	0	72311769	0
FFQ	10	0	0	0	0	0	0	0	0	0	0	0	601143	0	0	0	0	0	0	0	0	0	0	0	0	0	1775945	0	0	0	0	0	0	0	0	0	0	0	72201054	0
FFQ	11	0	0	0	0	0	0	0	0	0	0	0	601775	0	0	0	0	0	0	0	0	0	0	0	0	0	1717284	0	0	0	0	0	0	0	0	0	0	0	72259083	0
FFQ	12	0	0	0	0	0	0	0	0	0	0	0	627908	0	0	0	0	0	0	0	0	0	0	0	0	0	1777592	0	0	0	0	0	0	0	0	0	0	0	72172642	0
FFQ	13	0	0	19	0	0	0	0	0	0	0	0	646963	0	0	0	0	0	0	0	0	0	0	0	0	0	1831465	0	0	0	0	0	0	0	0	0	0	0	72099695	0
FFQ	14	0	0	0	0	0	0	0	0	0	0	0	636283	0	0	0	0	0	0	0	0	0	0	0	0	0	1814681	0	0	0	0	0	0	0	0	0	0	0	72127178	0
FFQ	15	0	0	0	0	0	0	0	0	0	0	0	618220	0	0	0	0	0	0	0	0	0	0	0	0	0	1780389	0	0	0	0	0	0	0	0	0	0	0	72179533	0
FFQ	16	0	0	198	0	0	0	0	0	0	0	0	634857	0	0	0	0	0	0	0	0	0	0	0	0	0	1776761	0	0	0	0	0	0	0	0	0	0	0	72166326	0
FFQ	17	0	0	0	0	0	0	0	0	0	0	0	620577	0	0	0	0	0	0	0	0	0	0	0	0	0	1773857	0	0	0	0	0	0	0	0	0	0	0	72183708	0
FFQ	18	0	0	0	0	0	0	0	0	0	0	0	638396	0	0	0	0	0	0	0	0	0	0	0	0	0	1809336	0	0	0	0	0	0	0	0	0	0	0	72130410	0
FFQ	19	0	0	0	0	0	0	0	0	0	0	0	635167	0	0	0	0	0	0	0	0	0	0	0	0	0	1784200	0	0	0	0	0	0	0	0	0	0	0	72158775	0
FFQ	20	0	0	0	0	0	0	0	0	0	0	0	632349	0	0	0	0	0	0	0	0	0	0	0	0	0	1795775	0	0	0	0	0	0	0	0	0	0	0	72150018	0
FFQ	21	0	0	0	0	0	0	0	0	0	0	0	653533	0	0	0	0	0	0	0	0	0	0	0	0	0	1832506	0	0	0	0	0	0	0	0	0	0	0	72092103	0
FFQ	22	0	0	0	0	0	0	0	0	0	0	0	661675	0	0	0	0	0	0	0	0	0	0	0	0	0	1861673	0	0	0	0	0	0	0	0	0	0	0	72054794	0
FFQ	23	0	0	0	0	0	0	0	0	0	0	0	675354	0	0	0	0	0	0	0	0	0	0	0	0	0	1891608	0	0	0	0	0	0	0	0	0	0	0	72011180	0
FFQ	24	0	0	0	0	0	0	0	0	0	0	0	697855	0	0	0	0	0	0	0	0	0	0	0	0	0	1934333	0	0	0	0	0	0	0	0	0	0	0	71945954	0
FFQ	25	0	0	0	0	0	0	0	0	0	0	0	707539	0	0	0	0	0	0	0	0	0	0	0	0	0	1940757	0	0	0	0	0	0	0	0	0	0	0	71929846	0
FFQ	26	0	0	0	0	0	0	0	0	0	0	0	773188	0	0	0	0	0	0	0	0	0	0	0	0	0	1974024	0	0	0	0	0	0	0	0	0	0	0	71830930	0
FFQ	27	0	0	0	0	0	0	0	0	0	0	0	806407	0	0	0	0	0	0	0	0	0	0	0	0	0	2022633	0	0	0	0	0	0	0	0	0	0	0	71749102	0
FFQ	28	0	0	0	0	0	0	0	0	0	0	0	806442	0	0	0	0	0	0	0	0	0	0	0	0	0	2007870	0	0	0	0	0	0	0	0	0	0	0	71763830	0
FFQ	29	0	0	0	0	0	0	0	0	0	0	0	820356	0	0	0	0	0	0	0	0	0	0	0	0	0	2031282	0	0	0	0	0	0	0	0	0	0	0	71726504	0
FFQ	30	0	0	0	0	0	0	0	0	0	0	0	834902	0	0	0	0	0	0	0	0	0	0	0	0	0	2061961	0	0	0	0	0	0	0	0	0	0	0	71681279	0
FFQ	31	0	0	0	0	0	0	0	0	0	0	0	835626	0	0	0	0	0	0	0	0	0	0	0	0	0	2055363	0	0	0	0	0	0	0	0	0	0	0	71687153	0
FFQ	32	0	0	0	0	0	0	0	0	0	0	0	841954	0	0	0	0	0	0	0	0	0	0	0	0	0	2081777	0	0	0	0	0	0	0	0	0	0	0	71654411	0
FFQ	33	0	0	0	0	0	0	0	0	0	0	0	888039	0	0	0	0	0	0	0	0	0	0	0	0	0	2136601	0	0	0	0	0	0	0	0	0	0	0	71553502	0
FFQ	34	0	0	0	0	0	0	0	0	0	0	0	879601	0	0	0	0	0	0	0	0	0	0	0	0	0	2118241	0	0	0	0	0	0	0	0	0	0	0	71580300	0
FFQ	35	0	0	0	0	0	0	0	0	0	0	0	943059	0	0	0	0	0	0	0	0	0	0	0	0	0	2230217	0	0	0	0	0	0	0	0	0	0	0	71404866	0
FFQ	36	0	0	0	0	0	0	0	0	0	0	0	950733	0	0	0	0	0	0	0	0	0	0	0	0	0	2262775	0	0	0	0	0	0	0	0	0	0	0	71363953	0
FFQ	37	0	0	0	0	0	0	0	0	0	0	0	926537	0	0	0	0	0	0	0	0	0	0	0	0	0	2192471	0	0	0	0	0	0	0	0	0	0	0	71457942	0
FFQ	38	0	0	0	0	0	0	0	0	0	0	0	923140	0	0	0	0	0	0	0	0	0	0	0	0	0	2196429	0	0	0	0	0	0	0	0	0	0	0	71456898	0
FFQ	39	0	0	0	0	0	0	0	0	0	0	0	921014	0	0	0	0	0	0	0	0	0	0	0	0	0	2188803	0	0	0	0	0	0	0	0	0	0	0	71466077	0
FFQ	40	0	0	0	0	0	0	0	0	0	0	0	923917	0	0	0	0	0	0	0	0	0	0	0	0	0	2178493	0	0	0	0	0	0	0	0	0	0	0	71472904	0
FFQ	41	0	0	5	0	0	0	0	0	0	0	0	965413	0	0	0	0	0	0	0	0	0	0	0	0	0	2255587	0	0	0	0	0	0	0	0	0	0	0	71353692	0
FFQ	42	0	0	0	0	0	0	0	0	0	0	0	962514	0	0	0	0	0	0	0	0	0	0	0	0	0	2264673	0	0	0	0	0	0	0	0	0	0	0	71346884	0
FFQ	43	0	0	0	0	0	0	0	0	0	0	0	968794	0	0	0	0	0	0	0	0	0	0	0	0	0	2262525	0	0	0	0	0	0	0	0	0	0	0	71342085	0
FFQ	44	0	0	2	0	0	0	0	0	0	0	0	979443	0	0	0	0	0	0	0	0	0	0	0	0	0	2278698	0	0	0	0	0	0	0	0	0	0	0	71314522	0
FFQ	45	0	0	0	0	0	0	0	0	0	0	0	1050080	0	0	0	0	0	0	0	0	0	0	0	0	0	2410836	0	0	0	0	0	0	0	0	0	0	0	71110951	0
FFQ	46	0	0	0	0	0	0	0	0	0	0	0	1066295	0	0	0	0	0	0	0	0	0	0	0	0	0	2426670	0	0	0	0	0	0	0	0	0	0	0	71077997	0
FFQ	47	0	0	0	0	0	0	0	0	0	0	0	1074861	0	0	0	0	0	0	0	0	0	0	0	0	0	2432251	0	0	0	0	0	0	0	0	0	0	0	71062900	0
FFQ	48	0	0	0	0	0	0	0	0	0	0	0	1075684	0	0	0	0	0	0	0	0	0	0	0	0	0	2449869	0	0	0	0	0	0	0	0	0	0	0	71043416	0
FFQ	49	0	0	0	0	0	0	0	0	0	0	0	1038637	0	0	0	0	0	0	0	0	0	0	0	0	0	2356595	0	0	0	0	0	0	0	0	0	0	0	71172595	0
FFQ	50	0	0	0	0	0	0	0	0	0	0	0	1036462	0	0	0	0	0	0	0	0	0	0	0	0	0	2367692	0	0	0	0	0	0	0	0	0	0	0	71162350	0
FFQ	51	0	0	1	0	0	0	0	0	0	0	0	1114029	0	0	0	0	0	0	0	0	0	0	0	0	0	2490042	0	0	0	0	0	0	0	0	0	0	0	70960771	0
FFQ	52	0	0	0	0	0	0	0	0	0	0	0	1119469	0	0	0	0	0	0	0	0	0	0	0	0	0	2481540	0	0	0	0	0	0	0	0	0	0	0	70962442	0
FFQ	53	0	0	0	0	0	0	0	0	0	0	0	1104245	0	0	0	0	0	0	0	0	0	0	0	0	0	2479336	0	0	0	0	0	0	0	0	0	0	0	70978270	0
FFQ	54	0	0	0	0	0	0	0	0	0	0	0	1112609	0	0	0	0	0	0	0	0	0	0	0	0	0	2494489	0	0	0	0	0	0	0	0	0	0	0	70953294	0
FFQ	55	0	0	0	0	0	0	0	0	0	0	0	1132999	0	0	0	0	0	0	0	0	0	0	0	0	0	2526372	0	0	0	0	0	0	0	0	0	0	0	70899607	0
FFQ	56	0	0	0	0	0	0	0	0	0	0	0	1183844	0	0	0	0	0	0	0	0	0	0	0	0	0	2608342	0	0	0	0	0	0	0	0	0	0	0	70765397	0
FFQ	57	0	0	0	0	0	0	0	0	0	0	0	1195431	0	0	0	0	0	0	0	0	0	0	0	0	0	2618005	0	0	0	0	0	0	0	0	0	0	0	70742634	0
FFQ	58	0	0	0	0	0	0	0	0	0	0	0	1169790	0	0	0	0	0	0	0	0	0	0	0	0	0	2568828	0	0	0	0	0	0	0	0	0	0	0	70815912	0
FFQ	59	0	0	1	0	0	0	0	0	0	0	0	1155060	0	0	0	0	0	0	0	0	0	0	0	0	0	2551704	0	0	0	0	0	0	0	0	0	0	0	70846097	0
FFQ	60	0	0	2	0	0	0	0	0	0	0	0	1198197	0	0	0	0	0	0	0	0	0	0	0	0	0	2611014	0	0	0	0	0	0	0	0	0	0	0	70741871	0
FFQ	61	0	0	2	0	0	0	0	0	0	0	0	1141118	0	0	0	0	0	0	0	0	0	0	0	0	0	2494476	0	0	0	0	0	0	0	0	0	0	0	70913510	0
FFQ	62	0	0	1	0	0	0	0	0	0	0	0	1136617	0	0	0	0	0	0	0	0	0	0	0	0	0	2512590	0	0	0	0	0	0	0	0	0	0	0	70897814	0
FFQ	63	0	0	4	0	0	0	0	0	0	0	0	1222554	0	0	0	0	0	0	0	0	0	0	0	0	0	2641113	0	0	0	0	0	0	0	0	0	0	0	70681050	0
FFQ	64	0	0	13	0	0	0	0	0	0	0	0	1210997	0	0	0	0	0	0	0	0	0	0	0	0	0	2622325	0	0	0	0	0	0	0	0	0	0	0	70709127	0
FFQ	65	0	0	102	0	0	0	0	0	0	0	0	1196613	0	0	0	0	0	0	0	0	0	0	0	0	0	2590699	0	0	0	0	0	0	0	0	0	0	0	70752580	0
FFQ	66	0	0	1	0	0	0	0	0	0	0	0	1234067	0	0	0	0	0	0	0	0	0	0	0	0	0	2644172	0	0	0	0	0	0	0	0	0	0	0	70659257	0
FFQ	67	0	0	1100	0	0	0	0	0	0	0	0	1268032	0	0	0	0	0	0	0	0	0	0	0	0	0	2708094	0	0	0	0	0	0	0	0	0	0	0	70557586	0
FFQ	68	0	0	0	0	0	0	0	0	0	0	0	1279644	0	0	0	0	0	0	0	0	0	0	0	0	0	2726658	0	0	0	0	0	0	0	0	0	0	0	70525552	0
FFQ	69	0	0	4	0	0	0	0	0	0	0	0	1338394	0	0	0	0	0	0	0	0	0	0	0	0	0	2816096	0	0	0	0	0	0	0	0	0	0	0	70374188	0
FFQ	70	0	0	276	0	0	0	0	0	0	0	0	1354719	0	0	0	0	0	0	0	0	0	0	0	0	0	2832701	0	0	0	0	0	0	0	0	0	0	0	70337454	0
FFQ	71	0	0	2	0	0	0	0	0	0	0	0	1324343	0	0	0	0	0	0	0	0	0	0	0	0	0	2785403	0	0	0	0	0	0	0	0	0	0	0	70411417	0
FFQ	72	0	0	2	0	0	0	0	0	0	0	0	1335444	0	0	0	0	0	0	0	0	0	0	0	0	0	2795976	0	0	0	0	0	0	0	0	0	0	0	70385729	0
FFQ	73	0	0	344	0	0	0	0	0	0	0	0	1368250	0	0	0	0	0	0	0	0	0	0	0	0	0	2835483	0	0	0	0	0	0	0	0	0	0	0	70308527	0
FFQ	74	0	0	68	0	0	0	0	0	0	0	0	1370157	0	0	0	0	0	0	0	0	0	0	0	0	0	2847499	0	0	0	0	0	0	0	0	0	0	0	70289798	0
FFQ	75	0	0	173	0	0	0	0	0	0	0	0	1355497	0	0	0	0	0	0	0	0	0	0	0	0	0	2809297	0	0	0	0	0	0	0	0	0	0	0	70337250	0
FFQ	76	0	0	113	0	0	0	0	0	0	0	0	1357412	0	0	0	0	0	0	0	0	0	0	0	0	0	2810344	0	0	0	0	0	0	0	0	0	0	0	70328636	0
FFQ	77	0	0	640	0	0	0	0	0	0	0	0	1456917	0	0	0	0	0	0	0	0	0	0	0	0	0	2937968	0	0	0	0	0	0	0	0	0	0	0	70094717	0
FFQ	78	0	0	137	0	0	0	0	0	0	0	0	1456406	0	0	0	0	0	0	0	0	0	0	0	0	0	2956423	0	0	0	0	0	0	0	0	0	0	0	70070575	0
FFQ	79	0	0	222	0	0	0	0	0	0	0	0	1398201	0	0	0	0	0	0	0	0	0	0	0	0	0	2841273	0	0	0	0	0	0	0	0	0	0	0	70236550	0
FFQ	80	0	0	44	0	0	0	0	0	0	0	0	1380625	0	0	0	0	0	0	0	0	0	0	0	0	0	2825692	0	0	0	0	0	0	0	0	0	0	0	70261014	0
FFQ	81	0	0	70	0	0	0	0	0	0	0	0	1462010	0	0	0	0	0	0	0	0	0	0	0	0	0	2942876	0	0	0	0	0	0	0	0	0	0	0	70053110	0
FFQ	82	0	0	105	0	0	0	0	0	0	0	0	1452606	0	0	0	0	0	0	0	0	0	0	0	0	0	2923849	0	0	0	0	0	0	0	0	0	0	0	70071191	0
FFQ	83	0	0	52	0	0	0	0	0	0	0	0	1408712	0	0	0	0	0	0	0	0	0	0	0	0	0	2860078	0	0	0	0	0	0	0	0	0	0	0	70167837	0
FFQ	84	0	0	532	0	0	0	0	0	0	0	0	1431538	0	0	0	0	0	0	0	0	0	0	0	0	0	2904179	0	0	0	0	0	0	0	0	0	0	0	70087846	0
FFQ	85	0	0	544	0	0	0	0	0	0	0	0	1527529	0	0	0	0	0	0	0	0	0	0	0	0	0	3022900	0	0	0	0	0	0	0	0	0	0	0	69859360	0
FFQ	86	0	0	5	0	0	0	0	0	0	0	0	1549651	0	0	0	0	0	0	0	0	0	0	0	0	0	3065712	0	0	0	0	0	0	0	0	0	0	0	69779395	0
FFQ	87	0	0	1	0	0	0	0	0	0	0	0	1480929	0	0	0	0	0	0	0	0	0	0	0	0	0	2961202	0	0	0	0	0	0	0	0	0	0	0	69935630	0
FFQ	88	0	0	5	0	0	0	0	0	0	0	0	1485456	0	0	0	0	0	0	0	0	0	0	0	0	0	2965883	0	0	0	0	0	0	0	0	0	0	0	69908151	0
FFQ	89	0	0	20	0	0	0	0	0	0	0	0	1503849	0	0	0	0	0	0	0	0	0	0	0	0	0	2985407	0	0	0	0	0	0	0	0	0	0	0	69850082	0
FFQ	90	0	0	0	0	0	0	0	0	0	0	0	1532807	0	0	0	0	0	0	0	0	0	0	0	0	0	3021122	0	0	0	0	0	0	0	0	0	0	0	69763565	0
FFQ	91	0	0	1	0	0	0	0	0	0	0	0	1590799	0	0	0	0	0	0	0	0	0	0	0	0	0	3104615	0	0	0	0	0	0	0	0	0	0	0	69597755	0
FFQ	92	0	0	224	0	0	0	0	0	0	0	0	1643918	0	0	0	0	0	0	0	0	0	0	0	0	0	3167365	0	0	0	0	0	0	0	0	0	0	0	69454956	0
FFQ	93	0	0	5	0	0	0	0	0	0	0	0	1708260	0	0	0	0	0	0	0	0	0	0	0	0	0	3257325	0	0	0	0	0	0	0	0	0	0	0	69271128	0
FFQ	94	0	0	0	0	0	0	0	0	0	0	0	1742498	0	0	0	0	0	0	0	0	0	0	0	0	0	3289170	0	0	0	0	0	0	0	0	0	0	0	69171877	0
FFQ	95	0	0	151	0	0	0	0	0	0	0	0	1675906	0	0	0	0	0	0	0	0	0	0	0	0	0	3211593	0	0	0	0	0	0	0	0	0	0	0	69279039	0
FFQ	96	0	0	1	0	0	0	0	0	0	0	0	1718462	0	0	0	0	0	0	0	0	0	0	0	0	0	3268392	0	0	0	0	0	0	0	0	0	0	0	69139936	0
FFQ	97	0	0	72	0	0	0	0	0	0	0	0	1690540	0	0	0	0	0	0	0	0	0	0	0	0	0	3221342	0	0	0	0	0	0	0	0	0	0	0	69172139	0
FFQ	98	0	0	2	0	0	0	0	0	0	0	0	1703946	0	0	0	0	0	0	0	0	0	0	0	0	0	3249347	0	0	0	0	0	0	0	0	0	0	0	69083638	0
FFQ	99	0	0	3	0	0	0	0	0	0	0	0	1789641	0	0	0	0	0	0	0	0	0	0	0	0	0	3345963	0	0	0	0	0	0	0	0	0	0	0	68851495	0
FFQ	100	0	0	765	0	0	0	0	0	0	0	0	1784191	0	0	0	0	0	0	0	0	0	0	0	0	0	3330316	0	0	0	0	0	0	0	0	0	0	0	68816514	0
FFQ	101	0	0	1227	0	0	0	0	0	0	0	0	1672935	0	0	0	0	0	0	0	0	0	0	0	0	0	3189103	0	0	0	0	0	0	0	0	0	0	0	69008061	0
FFQ	102	0	0	23	0	0	0	0	0	0	0	0	1736978	0	0	0	0	0	0	0	0	0	0	0	0	0	3273251	0	0	0	0	0	0	0	0	0	0	0	68796100	0
FFQ	103	0	0	4	0	0	0	0	0	0	0	0	1750773	0	0	0	0	0	0	0	0	0	0	0	0	0	3289759	0	0	0	0	0	0	0	0	0	0	0	68696497	0
FFQ	104	0	0	0	0	0	0	0	0	0	0	0	1720782	0	0	0	0	0	0	0	0	0	0	0	0	0	3238110	0	0	0	0	0	0	0	0	0	0	0	68701102	0
FFQ	105	0	0	15	0	0	0	0	0	0	0	0	1813125	0	0	0	0	0	0	0	0	0	0	0	0	0	3362980	0	0	0	0	0	0	0	0	0	0	0	68401823	0
FFQ	106	0	0	3	0	0	0	0	0	0	0	0	1821389	0	0	0	0	0	0	0	0	0	0	0	0	0	3368226	0	0	0	0	0	0	0	0	0	0	0	68300874	0
FFQ	107	0	0	0	0	0	0	0	0	0	0	0	1828077	0	0	0	0	0	0	0	0	0	0	0	0	0	3372251	0	0	0	0	0	0	0	0	0	0	0	68195147	0
FFQ	108	0	0	9	0	0	0	0	0	0	0	0	1865591	0	0	0	0	0	0	0	0	0	0	0	0	0	3422439	0	0	0	0	0	0	0	0	0	0	0	68008101	0
FFQ	109	0	0	0	0	0	0	0	0	0	0	0	1862139	0	0	0	0	0	0	0	0	0	0	0	0	0	3414654	0	0	0	0	0	0	0	0	0	0	0	67912055	0
FFQ	110	0	0	2	0	0	0	0	0	0	0	0	1876128	0	0	0	0	0	0	0	0	0	0	0	0	0	3428310	0	0	0	0	0	0	0	0	0	0	0	67769892	0
FFQ	111	0	0	2	0	0	0	0	0	0	0	0	1924783	0	0	0	0	0	0	0	0	0	0	0	0	0	3493668	0	0	0	0	0	0	0	0	0	0	0	67537709	0
FFQ	112	0	0	1	0	0	0	0	0	0	0	0	1863632	0	0	0	0	0	0	0	0	0	0	0	0	0	3402064	0	0	0	0	0	0	0	0	0	0	0	67563685	0
FFQ	113	0	0	4	0	0	0	0	0	0	0	0	1845978	0	0	0	0	0	0	0	0	0	0	0	0	0	3377832	0	0	0	0	0	0	0	0	0	0	0	67468665	0
FFQ	114	0	0	0	0	0	0	0	0	0	0	0	1882823	0	0	0	0	0	0	0	0	0	0	0	0	0	3432452	0	0	0	0	0	0	0	0	0	0	0	67234485	0
FFQ	115	0	0	0	0	0	0	0	0	0	0	0	1888711	0	0	0	0	0	0	0	0	0	0	0	0	0	3433183	0	0	0	0	0	0	0	0	0	0	0	67077956	0
FFQ	116	0	0	0	0	0	0	0	0	0	0	0	1956405	0	0	0	0	0	0	0	0	0	0	0	0	0	3516431	0	0	0	0	0	0	0	0	0	0	0	66765993	0
FFQ	117	0	0	1115	0	0	0	0	0	0	0	0	2014158	0	0	0	0	0	0	0	0	0	0	0	0	0	3586014	0	0	0	0	0	0	0	0	0	0	0	66470667	0
FFQ	118	0	0	0	0	0	0	0	0	0	0	0	2009153	0	0	0	0	0	0	0	0	0	0	0	0	0	3568282	0	0	0	0	0	0	0	0	0	0	0	66320408	0
FFQ	119	0	0	194	0	0	0	0	0	0	0	0	1974837	0	0	0	0	0	0	0	0	0	0	0	0	0	3514618	0	0	0	0	0	0	0	0	0	0	0	66226754	0
FFQ	120	0	0	1	0	0	0	0	0	0	0	0	1996208	0	0	0	0	0	0	0	0	0	0	0	0	0	3570093	0	0	0	0	0	0	0	0	0	0	0	65962813	0
FFQ	121	0	0	0	0	0	0	0	0	0	0	0	1971711	0	0	0	0	0	0	0	0	0	0	0	0	0	3504715	0	0	0	0	0	0	0	0	0	0	0	65857627	0
FFQ	122	0	0	0	0	0	0	0	0	0	0	0	1982765	0	0	0	0	0	0	0	0	0	0	0	0	0	3515825	0	0	0	0	0	0	0	0	0	0	0	65631022	0
FFQ	123	0	0	0	0	0	0	0	0	0	0	0	2046330	0	0	0	0	0	0	0	0	0	0	0	0	0	3590519	0	0	0	0	0	0	0	0	0	0	0	65281438	0
FFQ	124	0	0	373	0	0	0	0	0	0	0	0	2019363	0	0	0	0	0	0	0	0	0	0	0	0	0	3558907	0	0	0	0	0	0	0	0	0	0	0	65120074	0
FFQ	125	0	0	0	0	0	0	0	0	0	0	0	2019335	0	0	0	0	0	0	0	0	0	0	0	0	0	3544339	0	0	0	0	0	0	0	0	0	0	0	64902317	0
FFQ	126	0	0	0	0	0	0	0	0	0	0	0	2057133	0	0	0	0	0	0	0	0	0	0	0	0	0	3602919	0	0	0	0	0	0	0	0	0	0	0	64569525	0
FFQ	127	0	0	0	0	0	0	0	0	0	0	0	2141990	0	0	0	0	0	0	0	0	0	0	0	0	0	3675287	0	0	0	0	0	0	0	0	0	0	0	64166175	0
FFQ	128	0	0	0	0	0	0	0	0	0	0	0	2110615	0	0	0	0	0	0	0	0	0	0	0	0	0	3648851	0	0	0	0	0	0	0	0	0	0	0	63969167	0
FFQ	129	0	0	0	0	0	0	0	0	0	0	0	2095761	0	0	0	0	0	0	0	0	0	0	0	0	0	3619196	0	0	0	0	0	0	0	0	0	0	0	63755658	0
FFQ	130	0	0	0	0	0	0	0	0	0	0	0	2073240	0	0	0	0	0	0	0	0	0	0	0	0	0	3579074	0	0	0	0	0	0	0	0	0	0	0	63554172	0
FFQ	131	0	0	0	0	0	0	0	0	0	0	0	2026037	0	0	0	0	0	0	0	0	0	0	0	0	0	3541301	0	0	0	0	0	0	0	0	0	0	0	63365037	0
FFQ	132	0	0	0	0	0	0	0	0	0	0	0	2095645	0	0	0	0	0	0	0	0	0	0	0	0	0	3613642	0	0	0	0	0	0	0	0	0	0	0	62944754	0
FFQ	133	0	0	0	0	0	0	0	0	0	0	0	2166506	0	0	0	0	0	0	0	0	0	0	0	0	0	3669942	0	0	0	0	0	0	0	0	0	0	0	62530583	0
FFQ	134	0	0	1	0	0	0	0	0	0	0	0	2168381	0	0	0	0	0	0	0	0	0	0	0	0	0	3683041	0	0	0	0	0	0	0	0	0	0	0	62212727	0
FFQ	135	0	0	0	0	0	0	0	0	0	0	0	2199896	0	0	0	0	0	0	0	0	0	0	0	0	0	3718916	0	0	0	0	0	0	0	0	0	0	0	61836828	0
FFQ	136	0	0	0	0	0	0	0	0	0	0	0	2172991	0	0	0	0	0	0	0	0	0	0	0	0	0	3674521	0	0	0	0	0	0	0	0	0	0	0	61594728	0
FFQ	137	0	0	148	0	0	0	0	0	0	0	0	2187313	0	0	0	0	0	0	0	0	0	0	0	0	0	3688921	0	0	0	0	0	0	0	0	0	0	0	61241173	0
FFQ	138	0	0	228	0	0	0	0	0	0	0	0	2249880	0	0	0	0	0	0	0	0	0	0	0	0	0	3759222	0	0	0	0	0	0	0	0	0	0	0	60779950	0
FFQ	139	0	0	0	0	0	0	0	0	0	0	0	2192418	0	0	0	0	0	0	0	0	0	0	0	0	0	3691251	0	0	0	0	0	0	0	0	0	0	0	60571594	0
FFQ	140	0	0	0	0	0	0	0	0	0	0	0	2218770	0	0	0	0	0	0	0	0	0	0	0	0	0	3718297	0	0	0	0	0	0	0	0	0	0	0	60174816	0
FFQ	141	0	0	0	0	0	0	0	0	0	0	0	2271424	0	0	0	0	0	0	0	0	0	0	0	0	0	3766229	0	0	0	0	0	0	0	0	0	0	0	59724612	0
FFQ	142	0	0	24	0	0	0	0	0	0	0	0	2256770	0	0	0	0	0	0	0	0	0	0	0	0	0	3736468	0	0	0	0	0	0	0	0	0	0	0	59412206	0
FFQ	143	0	0	0	0	0	0	0	0	0	0	0	2188908	0	0	0	0	0	0	0	0	0	0	0	0	0	3670447	0	0	0	0	0	0	0	0	0	0	0	59170638	0
FFQ	144	0	0	0	0	0	0	0	0	0	0	0	2131486	0	0	0	0	0	0	0	0	0	0	0	0	0	3629748	0	0	0	0	0	0	0	0	0	0	0	58876309	0
FFQ	145	0	0	0	0	0	0	0	0	0	0	0	2210722	0	0	0	0	0	0	0	0	0	0	0	0	0	3717057	0	0	0	0	0	0	0	0	0	0	0	58307833	0
FFQ	146	0	0	0	0	0	0	0	0	0	0	0	2175243	0	0	0	0	0	0	0	0	0	0	0	0	0	3678394	0	0	0	0	0	0	0	0	0	0	0	57932171	0
FFQ	147	0	0	0	0	0	0	0	0	0	0	0	2093730	0	0	0	0	0	0	0	0	0	0	0	0	0	3636717	0	0	0	0	0	0	0	0	0	0	0	57498316	0
FFQ	148	0	0	0	0	0	0	0	0	0	0	0	1903010	0	0	0	0	0	0	0	0	0	0	0	0	0	3580525	0	0	0	0	0	0	0	0	0	0	0	57154578	0
FFQ	149	0	0	0	0	0	0	0	0	0	0	0	1870099	0	0	0	0	0	0	0	0	0	0	0	0	0	3534636	0	0	0	0	0	0	0	0	0	0	0	56841550	0
FFQ	150	0	0	0	0	0	0	0	0	0	0	0	1949595	0	0	0	0	0	0	0	0	0	0	0	0	0	3599254	0	0	0	0	0	0	0	0	0	0	0	56308039	0
FFQ	151	0	0	0	0	0	0	0	0	0	0	0	2374229	0	0	0	0	0	0	0	0	0	0	0	0	0	4116985	0	0	0	0	0	0	0	0	0	0	0	54974865	0
# Last Fragment Qualities. Use `grep ^LFQ | cut -f 2-` to extract this part.
# Columns correspond to qualities and rows to cycles. First column is the cycle number.
LFQ	1	0	0	0	0	0	0	0	0	0	0	0	1693315	0	0	0	0	0	0	0	0	0	0	0	0	0	3531095	0	0	0	0	0	0	0	0	0	0	0	69353732	0
LFQ	2	0	0	424	0	0	0	0	0	0	0	0	1453140	0	0	0	0	0	0	0	0	0	0	0	0	0	3162734	0	0	0	0	0	0	0	0	0	0	0	69961844	0
LFQ	3	0	0	1754	0	0	0	0	0	0	0	0	1311124	0	0	0	0	0	0	0	0	0	0	0	0	0	2899211	0	0	0	0	0	0	0	0	0	0	0	70366053	0
LFQ	4	0	0	1566	0	0	0	0	0	0	0	0	1210337	0	0	0	0	0	0	0	0	0	0	0	0	0	2783535	0	0	0	0	0	0	0	0	0	0	0	70582704	0
LFQ	5	0	0	1	0	0	0	0	0	0	0	0	1227799	0	0	0	0	0	0	0	0	0	0	0	0	0	2751066	0	0	0	0	0	0	0	0	0	0	0	70599276	0
LFQ	6	0	0	4	0	0	0	0	0	0	0	0	1315784	0	0	0	0	0	0	0	0	0	0	0	0	0	2925054	0	0	0	0	0	0	0	0	0	0	0	70337300	0
LFQ	7	0	0	0	0	0	0	0	0	0	0	0	1377792	0	0	0	0	0	0	0	0	0	0	0	0	0	3030705	0	0	0	0	0	0	0	0	0	0	0	70169645	0
LFQ	8	0	0	0	0	0	0	0	0	0	0	0	1341233	0	0	0	0	0	0	0	0	0	0	0	0	0	2902589	0	0	0	0	0	0	0	0	0	0	0	70334320	0
LFQ	9	0	0	0	0	0	0	0	0	0	0	0	1334006	0	0	0	0	0	0	0	0	0	0	0	0	0	2904534	0	0	0	0	0	0	0	0	0	0	0	70339602	0
LFQ	10	0	0	9405	0	0	0	0	0	0	0	0	1335741	0	0	0	0	0	0	0	0	0	0	0	0	0	2926000	0	0	0	0	0	0	0	0	0	0	0	70306996	0
LFQ	11	0	0	0	0	0	0	0	0	0	0	0	1241835	0	0	0	0	0	0	0	0	0	0	0	0	0	2729750	0	0	0	0	0	0	0	0	0	0	0	70606557	0
LFQ	12	0	0	0	0	0	0	0	0	0	0	0	1292591	0	0	0	0	0	0	0	0	0	0	0	0	0	2807577	0	0	0	0	0	0	0	0	0	0	0	70477974	0
LFQ	13	0	0	0	0	0	0	0	0	0	0	0	1282306	0	0	0	0	0	0	0	0	0	0	0	0	0	2800766	0	0	0	0	0	0	0	0	0	0	0	70495070	0
LFQ	14	0	0	0	0	0	0	0	0	0	0	0	1354731	0	0	0	0	0	0	0	0	0	0	0	0	0	2933927	0	0	0	0	0	0	0	0	0	0	0	70289484	0
LFQ	15	0	0	0	0	0	0	0	0	0	0	0	1312050	0	0	0	0	0	0	0	0	0	0	0	0	0	2836618	0	0	0	0	0	0	0	0	0	0	0	70429474	0
LFQ	16	0	0	3	0	0	0	0	0	0	0	0	1311557	0	0	0	0	0	0	0	0	0	0	0	0	0	2830065	0	0	0	0	0	0	0	0	0	0	0	70436517	0
LFQ	17	0	0	0	0	0	0	0	0	0	0	0	1353368	0	0	0	0	0	0	0	0	0	0	0	0	0	2901082	0	0	0	0	0	0	0	0	0	0	0	70323692	0
LFQ	18	0	0	0	0	0	0	0	0	0	0	0	1330990	0	0	0	0	0	0	0	0	0	0	0	0	0	2875565	0	0	0	0	0	0	0	0	0	0	0	70371587	0
LFQ	19	0	0	0	0	0	0	0	0	0	0	0	1317606	0	0	0	0	0	0	0	0	0	0	0	0	0	2844052	0	0	0	0	0	0	0	0	0	0	0	70416484	0
LFQ	20	0	0	37	0	0	0	0	0	0	0	0	1318302	0	0	0	0	0	0	0	0	0	0	0	0	0	2853995	0	0	0	0	0	0	0	0	0	0	0	70405808	0
LFQ	21	0	0	0	0	0	0	0	0	0	0	0	1287065	0	0	0	0	0	0	0	0	0	0	0	0	0	2786211	0	0	0	0	0	0	0	0	0	0	0	70504866	0
LFQ	22	0	0	0	0	0	0	0	0	0	0	0	1323141	0	0	0	0	0	0	0	0	0	0	0	0	0	2846734	0	0	0	0	0	0	0	0	0	0	0	70408267	0
LFQ	23	0	0	0	0	0	0	0	0	0	0	0	1353082	0	0	0	0	0	0	0	0	0	0	0	0	0	2898811	0	0	0	0	0	0	0	0	0	0	0	70326249	0
LFQ	24	0	0	1	0	0	0	0	0	0	0	0	1384565	0	0	0	0	0	0	0	0	0	0	0	0	0	2943107	0	0	0	0	0	0	0	0	0	0	0	70250469	0
LFQ	25	0	0	9	0	0	0	0	0	0	0	0	1361951	0	0	0	0	0	0	0	0	0	0	0	0	0	2913981	0	0	0	0	0	0	0	0	0	0	0	70302201	0
LFQ	26	0	0	7	0	0	0	0	0	0	0	0	1430900	0	0	0	0	0	0	0	0	0	0	0	0	0	3019036	0	0	0	0	0	0	0	0	0	0	0	70128199	0
LFQ	27	0	0	237	0	0	0	0	0	0	0	0	1395483	0	0	0	0	0	0	0	0	0	0	0	0	0	2961778	0	0	0	0	0	0	0	0	0	0	0	70220644	0
LFQ	28	0	0	2	0	0	0	0	0	0	0	0	1438282	0	0	0	0	0	0	0	0	0	0	0	0	0	3025181	0	0	0	0	0	0	0	0	0	0	0	70114677	0
LFQ	29	0	0	0	0	0	0	0	0	0	0	0	1426653	0	0	0	0	0	0	0	0	0	0	0	0	0	3005374	0	0	0	0	0	0	0	0	0	0	0	70146115	0
LFQ	30	0	0	0	0	0	0	0	0	0	0	0	1473001	0	0	0	0	0	0	0	0	0	0	0	0	0	3073293	0	0	0	0	0	0	0	0	0	0	0	70031848	0
LFQ	31	0	0	0	0	0	0	0	0	0	0	0	1464601	0	0	0	0	0	0	0	0	0	0	0	0	0	3050717	0	0	0	0	0	0	0	0	0	0	0	70062824	0
LFQ	32	0	0	2955	0	0	0	0	0	0	0	0	1528836	0	0	0	0	0	0	0	0	0	0	0	0	0	3140716	0	0	0	0	0	0	0	0	0	0	0	69905635	0
LFQ	33	0	0	0	0	0	0	0	0	0	0	0	1515475	0	0	0	0	0	0	0	0	0	0	0	0	0	3120853	0	0	0	0	0	0	0	0	0	0	0	69941814	0
LFQ	34	0	0	2	0	0	0	0	0	0	0	0	1476261	0	0	0	0	0	0	0	0	0	0	0	0	0	3063081	0	0	0	0	0	0	0	0	0	0	0	70038798	0
LFQ	35	0	0	4	0	0	0	0	0	0	0	0	1532290	0	0	0	0	0	0	0	0	0	0	0	0	0	3151761	0	0	0	0	0	0	0	0	0	0	0	69894087	0
LFQ	36	0	0	2	0	0	0	0	0	0	0	0	1538200	0	0	0	0	0	0	0	0	0	0	0	0	0	3153596	0	0	0	0	0	0	0	0	0	0	0	69885819	0
LFQ	37	0	0	10	0	0	0	0	0	0	0	0	1523030	0	0	0	0	0	0	0	0	0	0	0	0	0	3130554	0	0	0	0	0	0	0	0	0	0	0	69923566	0
LFQ	38	0	0	0	0	0	0	0	0	0	0	0	1536569	0	0	0	0	0	0	0	0	0	0	0	0	0	3156964	0	0	0	0	0	0	0	0	0	0	0	69883174	0
LFQ	39	0	0	0	0	0	0	0	0	0	0	0	1538991	0	0	0	0	0	0	0	0	0	0	0	0	0	3161453	0	0	0	0	0	0	0	0	0	0	0	69875746	0
LFQ	40	0	0	0	0	0	0	0	0	0	0	0	1519356	0	0	0	0	0	0	0	0	0	0	0	0	0	3129883	0	0	0	0	0	0	0	0	0	0	0	69926394	0
LFQ	41	0	0	3785	0	0	0	0	0	0	0	0	1563372	0	0	0	0	0	0	0	0	0	0	0	0	0	3185167	0	0	0	0	0	0	0	0	0	0	0	69822763	0
LFQ	42	0	0	0	0	0	0	0	0	0	0	0	1572058	0	0	0	0	0	0	0	0	0	0	0	0	0	3195628	0	0	0	0	0	0	0	0	0	0	0	69806823	0
LFQ	43	0	0	0	0	0	0	0	0	0	0	0	1550577	0	0	0	0	0	0	0	0	0	0	0	0	0	3162749	0	0	0	0	0	0	0	0	0	0	0	69860624	0
LFQ	44	0	0	0	0	0	0	0	0	0	0	0	1616743	0	0	0	0	0	0	0	0	0	0	0	0	0	3254653	0	0	0	0	0	0	0	0	0	0	0	69701929	0
LFQ	45	0	0	0	0	0	0	0	0	0	0	0	1591915	0	0	0	0	0	0	0	0	0	0	0	0	0	3227700	0	0	0	0	0	0	0	0	0	0	0	69753027	0
LFQ	46	0	0	0	0	0	0	0	0	0	0	0	1618944	0	0	0	0	0	0	0	0	0	0	0	0	0	3264652	0	0	0	0	0	0	0	0	0	0	0	69688241	0
LFQ	47	0	0	12	0	0	0	0	0	0	0	0	1652536	0	0	0	0	0	0	0	0	0	0	0	0	0	3305742	0	0	0	0	0	0	0	0	0	0	0	69612669	0
LFQ	48	0	0	7	0	0	0	0	0	0	0	0	1635309	0	0	0	0	0	0	0	0	0	0	0	0	0	3274246	0	0	0	0	0	0	0	0	0	0	0	69660464	0
LFQ	49	0	0	2	0	0	0	0	0	0	0	0	1692242	0	0	0	0	0	0	0	0	0	0	0	0	0	3355581	0	0	0	0	0	0	0	0	0	0	0	69521263	0
LFQ	50	0	0	34	0	0	0	0	0	0	0	0	1707927	0	0	0	0	0	0	0	0	0	0	0	0	0	3378790	0	0	0	0	0	0	0	0	0	0	0	69481349	0
LFQ	51	0	0	12	0	0	0	0	0	0	0	0	1695562	0	0	0	0	0	0	0	0	0	0	0	0	0	3345244	0	0	0	0	0	0	0	0	0	0	0	69526057	0
LFQ	52	0	0	218	0	0	0	0	0	0	0	0	1694967	0	0	0	0	0	0	0	0	0	0	0	0	0	3363087	0	0	0	0	0	0	0	0	0	0	0	69507496	0
LFQ	53	0	0	9	0	0	0	0	0	0	0	0	1726361	0	0	0	0	0	0	0	0	0	0	0	0	0	3394548	0	0	0	0	0	0	0	0	0	0	0	69443684	0
LFQ	54	0	0	0	0	0	0	0	0	0	0	0	1707559	0	0	0	0	0	0	0	0	0	0	0	0	0	3367911	0	0	0	0	0	0	0	0	0	0	0	69487899	0
LFQ	55	0	0	6	0	0	0	0	0	0	0	0	1687525	0	0	0	0	0	0	0	0	0	0	0	0	0	3337932	0	0	0	0	0	0	0	0	0	0	0	69536699	0
LFQ	56	0	0	8	0	0	0	0	0	0	0	0	1745187	0	0	0	0	0	0	0	0	0	0	0	0	0	3421780	0	0	0	0	0	0	0	0	0	0	0	69394071	0
LFQ	57	0	0	100	0	0	0	0	0	0	0	0	1769289	0	0	0	0	0	0	0	0	0	0	0	0	0	3443698	0	0	0	0	0	0	0	0	0	0	0	69346657	0
LFQ	58	0	0	33	0	0	0	0	0	0	0	0	1750927	0	0	0	0	0	0	0	0	0	0	0	0	0	3424737	0	0	0	0	0	0	0	0	0	0	0	69382757	0
LFQ	59	0	0	0	0	0	0	0	0	0	0	0	1755745	0	0	0	0	0	0	0	0	0	0	0	0	0	3446754	0	0	0	0	0	0	0	0	0	0	0	69354537	0
LFQ	60	0	0	0	0	0	0	0	0	0	0	0	1817791	0	0	0	0	0	0	0	0	0	0	0	0	0	3505238	0	0	0	0	0	0	0	0	0	0	0	69232484	0
LFQ	61	0	0	1	0	0	0	0	0	0	0	0	1825711	0	0	0	0	0	0	0	0	0	0	0	0	0	3516869	0	0	0	0	0	0	0	0	0	0	0	69211234	0
LFQ	62	0	0	6689	0	0	0	0	0	0	0	0	1850506	0	0	0	0	0	0	0	0	0	0	0	0	0	3541999	0	0	0	0	0	0	0	0	0	0	0	69152786	0
LFQ	63	0	0	12	0	0	0	0	0	0	0	0	1877013	0	0	0	0	0	0	0	0	0	0	0	0	0	3574845	0	0	0	0	0	0	0	0	0	0	0	69098045	0
LFQ	64	0	0	5	0	0	0	0	0	0	0	0	1826059	0	0	0	0	0	0	0	0	0	0	0	0	0	3513489	0	0	0	0	0	0	0	0	0	0	0	69208350	0
LFQ	65	0	0	20	0	0	0	0	0	0	0	0	1812698	0	0	0	0	0	0	0	0	0	0	0	0	0	3504460	0	0	0	0	0	0	0	0	0	0	0	69228497	0
LFQ	66	0	0	0	0	0	0	0	0	0	0	0	1841317	0	0	0	0	0	0	0	0	0	0	0	0	0	3536130	0	0	0	0	0	0	0	0	0	0	0	69165973	0
LFQ	67	0	0	0	0	0	0	0	0	0	0	0	1877982	0	0	0	0	0	0	0	0	0	0	0	0	0	3581354	0	0	0	0	0	0	0	0	0	0	0	69081677	0
LFQ	68	0	0	1	0	0	0	0	0	0	0	0	1913523	0	0	0	0	0	0	0	0	0	0	0	0	0	3625998	0	0	0	0	0	0	0	0	0	0	0	68998813	0
LFQ	69	0	0	7313	0	0	0	0	0	0	0	0	1917256	0	0	0	0	0	0	0	0	0	0	0	0	0	3640916	0	0	0	0	0	0	0	0	0	0	0	68970051	0
LFQ	70	0	0	1	0	0	0	0	0	0	0	0	1942772	0	0	0	0	0	0	0	0	0	0	0	0	0	3678979	0	0	0	0	0	0	0	0	0	0	0	68910641	0
LFQ	71	0	0	0	0	0	0	0	0	0	0	0	1985718	0	0	0	0	0	0	0	0	0	0	0	0	0	3728225	0	0	0	0	0	0	0	0	0	0	0	68814792	0
LFQ	72	0	0	0	0	0	0	0	0	0	0	0	1973783	0	0	0	0	0	0	0	0	0	0	0	0	0	3700006	0	0	0	0	0	0	0	0	0	0	0	68851233	0
LFQ	73	0	0	0	0	0	0	0	0	0	0	0	1940722	0	0	0	0	0	0	0	0	0	0	0	0	0	3656024	0	0	0	0	0	0	0	0	0	0	0	68923944	0
LFQ	74	0	0	2	0	0	0	0	0	0	0	0	1947205	0	0	0	0	0	0	0	0	0	0	0	0	0	3675230	0	0	0	0	0	0	0	0	0	0	0	68893391	0
LFQ	75	0	0	9	0	0	0	0	0	0	0	0	1946942	0	0	0	0	0	0	0	0	0	0	0	0	0	3666169	0	0	0	0	0	0	0	0	0	0	0	68897709	0
LFQ	76	0	0	8	0	0	0	0	0	0	0	0	1937971	0	0	0	0	0	0	0	0	0	0	0	0	0	3656199	0	0	0	0	0	0	0	0	0	0	0	68911214	0
LFQ	77	0	0	149	0	0	0	0	0	0	0	0	1960003	0	0	0	0	0	0	0	0	0	0	0	0	0	3677376	0	0	0	0	0	0	0	0	0	0	0	68861887	0
LFQ	78	0	0	3	0	0	0	0	0	0	0	0	1955289	0	0	0	0	0	0	0	0	0	0	0	0	0	3674672	0	0	0	0	0	0	0	0	0	0	0	68863096	0
LFQ	79	0	0	108	0	0	0	0	0	0	0	0	1947709	0	0	0	0	0	0	0	0	0	0	0	0	0	3660368	0	0	0	0	0	0	0	0	0	0	0	68877866	0
LFQ	80	0	0	0	0	0	0	0	0	0	0	0	1988764	0	0	0	0	0	0	0	0	0	0	0	0	0	3722840	0	0	0	0	0	0	0	0	0	0	0	68766114	0
LFQ	81	0	0	1	0	0	0	0	0	0	0	0	2052054	0	0	0	0	0	0	0	0	0	0	0	0	0	3798817	0	0	0	0	0	0	0	0	0	0	0	68617899	0
LFQ	82	0	0	83	0	0	0	0	0	0	0	0	2127427	0	0	0	0	0	0	0	0	0	0	0	0	0	3885145	0	0	0	0	0	0	0	0	0	0	0	68446250	0
LFQ	83	0	0	6	0	0	0	0	0	0	0	0	2096956	0	0	0	0	0	0	0	0	0	0	0	0	0	3853861	0	0	0	0	0	0	0	0	0	0	0	68497257	0
LFQ	84	0	0	1	0	0	0	0	0	0	0	0	2036790	0	0	0	0	0	0	0	0	0	0	0	0	0	3770747	0	0	0	0	0	0	0	0	0	0	0	68628263	0
LFQ	85	0	0	0	0	0	0	0	0	0	0	0	2143899	0	0	0	0	0	0	0	0	0	0	0	0	0	3907286	0	0	0	0	0	0	0	0	0	0	0	68371135	0
LFQ	86	0	0	0	0	0	0	0	0	0	0	0	2221852	0	0	0	0	0	0	0	0	0	0	0	0	0	4001267	0	0	0	0	0	0	0	0	0	0	0	68183848	0
LFQ	87	0	0	4	0	0	0	0	0	0	0	0	2206778	0	0	0	0	0	0	0	0	0	0	0	0	0	3990045	0	0	0	0	0	0	0	0	0	0	0	68193430	0
LFQ	88	0	0	16	0	0	0	0	0	0	0	0	2161890	0	0	0	0	0	0	0	0	0	0	0	0	0	3914648	0	0	0	0	0	0	0	0	0	0	0	68295709	0
LFQ	89	0	0	4	0	0	0	0	0	0	0	0	2160679	0	0	0	0	0	0	0	0	0	0	0	0	0	3924707	0	0	0	0	0	0	0	0	0	0	0	68267012	0
LFQ	90	0	0	0	0	0	0	0	0	0	0	0	2140817	0	0	0	0	0	0	0	0	0	0	0	0	0	3904763	0	0	0	0	0	0	0	0	0	0	0	68285296	0
LFQ	91	0	0	1567	0	0	0	0	0	0	0	0	2113894	0	0	0	0	0	0	0	0	0	0	0	0	0	3867387	0	0	0	0	0	0	0	0	0	0	0	68324035	0
LFQ	92	0	0	0	0	0	0	0	0	0	0	0	2175405	0	0	0	0	0	0	0	0	0	0	0	0	0	3941970	0	0	0	0	0	0	0	0	0	0	0	68163145	0
LFQ	93	0	0	0	0	0	0	0	0	0	0	0	2202510	0	0	0	0	0	0	0	0	0	0	0	0	0	3967247	0	0	0	0	0	0	0	0	0	0	0	68081263	0
LFQ	94	0	0	79	0	0	0	0	0	0	0	0	2177863	0	0	0	0	0	0	0	0	0	0	0	0	0	3932201	0	0	0	0	0	0	0	0	0	0	0	68108026	0
LFQ	95	0	0	0	0	0	0	0	0	0	0	0	2186789	0	0	0	0	0	0	0	0	0	0	0	0	0	3951392	0	0	0	0	0	0	0	0	0	0	0	68043391	0
LFQ	96	0	0	7	0	0	0	0	0	0	0	0	2291739	0	0	0	0	0	0	0	0	0	0	0	0	0	4052838	0	0	0	0	0	0	0	0	0	0	0	67797531	0
LFQ	97	0	0	17	0	0	0	0	0	0	0	0	2264161	0	0	0	0	0	0	0	0	0	0	0	0	0	4028409	0	0	0	0	0	0	0	0	0	0	0	67807308	0
LFQ	98	0	0	9	0	0	0	0	0	0	0	0	2191288	0	0	0	0	0	0	0	0	0	0	0	0	0	3937735	0	0	0	0	0	0	0	0	0	0	0	67924243	0
LFQ	99	0	0	199	0	0	0	0	0	0	0	0	2200702	0	0	0	0	0	0	0	0	0	0	0	0	0	3953482	0	0	0	0	0	0	0	0	0	0	0	67849406	0
LFQ	100	0	0	34	0	0	0	0	0	0	0	0	2296905	0	0	0	0	0	0	0	0	0	0	0	0	0	4057318	0	0	0	0	0	0	0	0	0	0	0	67594717	0
LFQ	101	0	0	35	0	0	0	0	0	0	0	0	2296627	0	0	0	0	0	0	0	0	0	0	0	0	0	4062282	0	0	0	0	0	0	0	0	0	0	0	67530083	0
LFQ	102	0	0	206	0	0	0	0	0	0	0	0	2328959	0	0	0	0	0	0	0	0	0	0	0	0	0	4097992	0	0	0	0	0	0	0	0	0	0	0	67397538	0
LFQ	103	0	0	45	0	0	0	0	0	0	0	0	2371791	0	0	0	0	0	0	0	0	0	0	0	0	0	4153966	0	0	0	0	0	0	0	0	0	0	0	67230126	0
LFQ	104	0	0	422	0	0	0	0	0	0	0	0	2418327	0	0	0	0	0	0	0	0	0	0	0	0	0	4194541	0	0	0	0	0	0	0	0	0	0	0	67066156	0
LFQ	105	0	0	0	0	0	0	0	0	0	0	0	2494113	0	0	0	0	0	0	0	0	0	0	0	0	0	4275690	0	0	0	0	0	0	0	0	0	0	0	66828064	0
LFQ	106	0	0	19	0	0	0	0	0	0	0	0	2399156	0	0	0	0	0	0	0	0	0	0	0	0	0	4164122	0	0	0	0	0	0	0	0	0	0	0	66947561	0
LFQ	107	0	0	17188	0	0	0	0	0	0	0	0	2482499	0	0	0	0	0	0	0	0	0	0	0	0	0	4289455	0	0	0	0	0	0	0	0	0	0	0	66627298	0
LFQ	108	0	0	0	0	0	0	0	0	0	0	0	2487452	0	0	0	0	0	0	0	0	0	0	0	0	0	4263603	0	0	0	0	0	0	0	0	0	0	0	66566960	0
LFQ	109	0	0	2	0	0	0	0	0	0	0	0	2428312	0	0	0	0	0	0	0	0	0	0	0	0	0	4199771	0	0	0	0	0	0	0	0	0	0	0	66583507	0
LFQ	110	0	0	1	0	0	0	0	0	0	0	0	2519112	0	0	0	0	0	0	0	0	0	0	0	0	0	4291151	0	0	0	0	0	0	0	0	0	0	0	66287545	0
LFQ	111	0	0	0	0	0	0	0	0	0	0	0	2491476	0	0	0	0	0	0	0	0	0	0	0	0	0	4259680	0	0	0	0	0	0	0	0	0	0	0	66229062	0
LFQ	112	0	0	5	0	0	0	0	0	0	0	0	2404288	0	0	0	0	0	0	0	0	0	0	0	0	0	4163855	0	0	0	0	0	0	0	0	0	0	0	66285828	0
LFQ	113	0	0	5	0	0	0	0	0	0	0	0	2479822	0	0	0	0	0	0	0	0	0	0	0	0	0	4248350	0	0	0	0	0	0	0	0	0	0	0	65989461	0
LFQ	114	0	0	0	0	0	0	0	0	0	0	0	2516538	0	0	0	0	0	0	0	0	0	0	0	0	0	4289605	0	0	0	0	0	0	0	0	0	0	0	65769394	0
LFQ	115	0	0	7	0	0	0	0	0	0	0	0	2594523	0	0	0	0	0	0	0	0	0	0	0	0	0	4383347	0	0	0	0	0	0	0	0	0	0	0	65448538	0
LFQ	116	0	0	7	0	0	0	0	0	0	0	0	2675377	0	0	0	0	0	0	0	0	0	0	0	0	0	4445133	0	0	0	0	0	0	0	0	0	0	0	65145725	0
LFQ	117	0	0	79	0	0	0	0	0	0	0	0	2549298	0	0	0	0	0	0	0	0	0	0	0	0	0	4307144	0	0	0	0	0	0	0	0	0	0	0	65243751	0
LFQ	118	0	0	4	0	0	0	0	0	0	0	0	2551167	0	0	0	0	0	0	0	0	0	0	0	0	0	4320094	0	0	0	0	0	0	0	0	0	0	0	65055845	0
LFQ	119	0	0	12	0	0	0	0	0	0	0	0	2677423	0	0	0	0	0	0	0	0	0	0	0	0	0	4454246	0	0	0	0	0	0	0	0	0	0	0	64614955	0
LFQ	120	0	0	0	0	0	0	0	0	0	0	0	2575668	0	0	0	0	0	0	0	0	0	0	0	0	0	4357359	0	0	0	0	0	0	0	0	0	0	0	64627131	0
LFQ	121	0	0	7	0	0	0	0	0	0	0	0	2668070	0	0	0	0	0	0	0	0	0	0	0	0	0	4422117	0	0	0	0	0	0	0	0	0	0	0	64276007	0
LFQ	122	0	0	76	0	0	0	0	0	0	0	0	2711491	0	0	0	0	0	0	0	0	0	0	0	0	0	4464850	0	0	0	0	0	0	0	0	0	0	0	63986733	0
LFQ	123	0	0	272	0	0	0	0	0	0	0	0	2572384	0	0	0	0	0	0	0	0	0	0	0	0	0	4312571	0	0	0	0	0	0	0	0	0	0	0	64067899	0
LFQ	124	0	0	16	0	0	0	0	0	0	0	0	2667771	0	0	0	0	0	0	0	0	0	0	0	0	0	4409218	0	0	0	0	0	0	0	0	0	0	0	63657990	0
LFQ	125	0	0	31	0	0	0	0	0	0	0	0	2624980	0	0	0	0	0	0	0	0	0	0	0	0	0	4394536	0	0	0	0	0	0	0	0	0	0	0	63484099	0
LFQ	126	0	0	293	0	0	0	0	0	0	0	0	2636740	0	0	0	0	0	0	0	0	0	0	0	0	0	4378611	0	0	0	0	0	0	0	0	0	0	0	63252910	0
LFQ	127	0	0	167	0	0	0	0	0	0	0	0	2729618	0	0	0	0	0	0	0	0	0	0	0	0	0	4477574	0	0	0	0	0	0	0	0	0	0	0	62816568	0
LFQ	128	0	0	526	0	0	0	0	0	0	0	0	2762690	0	0	0	0	0	0	0	0	0	0	0	0	0	4500127	0	0	0	0	0	0	0	0	0	0	0	62507303	0
LFQ	129	0	0	2	0	0	0	0	0	0	0	0	2763486	0	0	0	0	0	0	0	0	0	0	0	0	0	4528350	0	0	0	0	0	0	0	0	0	0	0	62222202	0
LFQ	130	0	0	4	0	0	0	0	0	0	0	0	2606159	0	0	0	0	0	0	0	0	0	0	0	0	0	4347137	0	0	0	0	0	0	0	0	0	0	0	62298156	0
LFQ	131	0	0	455	0	0	0	0	0	0	0	0	2704163	0	0	0	0	0	0	0	0	0	0	0	0	0	4448612	0	0	0	0	0	0	0	0	0	0	0	61825578	0
LFQ	132	0	0	679	0	0	0	0	0	0	0	0	2784731	0	0	0	0	0	0	0	0	0	0	0	0	0	4510918	0	0	0	0	0	0	0	0	0	0	0	61405751	0
LFQ	133	0	0	74	0	0	0	0	0	0	0	0	2738751	0	0	0	0	0	0	0	0	0	0	0	0	0	4479993	0	0	0	0	0	0	0	0	0	0	0	61198205	0
LFQ	134	0	0	0	0	0	0	0	0	0	0	0	2844344	0	0	0	0	0	0	0	0	0	0	0	0	0	4572381	0	0	0	0	0	0	0	0	0	0	0	60699491	0
LFQ	135	0	0	1	0	0	0	0	0	0	0	0	2740028	0	0	0	0	0	0	0	0	0	0	0	0	0	4470185	0	0	0	0	0	0	0	0	0	0	0	60599474	0
LFQ	136	0	0	1	0	0	0	0	0	0	0	0	2745178	0	0	0	0	0	0	0	0	0	0	0	0	0	4471354	0	0	0	0	0	0	0	0	0	0	0	60281639	0
LFQ	137	0	0	1	0	0	0	0	0	0	0	0	2846175	0	0	0	0	0	0	0	0	0	0	0	0	0	4566730	0	0	0	0	0	0	0	0	0	0	0	59762432	0
LFQ	138	0	0	1	0	0	0	0	0	0	0	0	2894301	0	0	0	0	0	0	0	0	0	0	0	0	0	4648395	0	0	0	0	0	0	0	0	0	0	0	59306168	0
LFQ	139	0	0	15	0	0	0	0	0	0	0	0	2805427	0	0	0	0	0	0	0	0	0	0	0	0	0	4527354	0	0	0	0	0	0	0	0	0	0	0	59183381	0
LFQ	140	0	0	10	0	0	0	0	0	0	0	0	2711056	0	0	0	0	0	0	0	0	0	0	0	0	0	4423806	0	0	0	0	0	0	0	0	0	0	0	59038764	0
LFQ	141	0	0	149	0	0	0	0	0	0	0	0	2830096	0	0	0	0	0	0	0	0	0	0	0	0	0	4543056	0	0	0	0	0	0	0	0	0	0	0	58450946	0
LFQ	142	0	0	7	0	0	0	0	0	0	0	0	2873565	0	0	0	0	0	0	0	0	0	0	0	0	0	4597400	0	0	0	0	0	0	0	0	0	0	0	57992641	0
LFQ	143	0	0	0	0	0	0	0	0	0	0	0	2923352	0	0	0	0	0	0	0	0	0	0	0	0	0	4668793	0	0	0	0	0	0	0	0	0	0	0	57489256	0
LFQ	144	0	0	3	0	0	0	0	0	0	0	0	2890379	0	0	0	0	0	0	0	0	0	0	0	0	0	4628408	0	0	0	0	0	0	0	0	0	0	0	57158567	0
LFQ	145	0	0	0	0	0	0	0	0	0	0	0	2918311	0	0	0	0	0	0	0	0	0	0	0	0	0	4665055	0	0	0	0	0	0	0	0	0	0	0	56689717	0
LFQ	146	0	0	174	0	0	0	0	0	0	0	0	2845282	0	0	0	0	0	0	0	0	0	0	0	0	0	4578815	0	0	0	0	0	0	0	0	0	0	0	56387662	0
LFQ	147	0	0	0	0	0	0	0	0	0	0	0	2742126	0	0	0	0	0	0	0	0	0	0	0	0	0	4536146	0	0	0	0	0	0	0	0	0	0	0	55959707	0
LFQ	148	0	0	0	0	0	0	0	0	0	0	0	2591436	0	0	0	0	0	0	0	0	0	0	0	0	0	4529862	0	0	0	0	0	0	0	0	0	0	0	55457251	0
LFQ	149	0	0	1	0	0	0	0	0	0	0	0	2569688	0	0	0	0	0	0	0	0	0	0	0	0	0	4495445	0	0	0	0	0	0	0	0	0	0	0	55121780	0
LFQ	150	0	0	0	0	0	0	0	0	0	0	0	2697599	0	0	0	0	0	0	0	0	0	0	0	0	0	4627200	0	0	0	0	0	0	0	0	0	0	0	54472931	0
LFQ	151	0	0	0	0	0	0	0	0	0	0	0	3082703	0	0	0	0	0	0	0	0	0	0	0	0	0	5133661	0	0	0	0	0	0	0	0	0	0	0	53194254	0
# GC Content of first fragments. Use `grep ^GCF | cut -f 2-` to extract this part.
GCF	0.25	212
GCF	0.75	238
GCF	1.26	215
GCF	1.76	209
GCF	2.26	176
GCF	2.76	197
GCF	3.27	166
GCF	3.77	157
GCF	4.27	130
GCF	4.77	121
GCF	5.28	126
GCF	5.78	140
GCF	6.28	143
GCF	6.78	150
GCF	7.29	126
GCF	7.79	121
GCF	8.29	105
GCF	8.79	93
GCF	9.30	106
GCF	9.80	90
GCF	10.30	89
GCF	10.80	91
GCF	11.31	99
GCF	11.81	96
GCF	12.31	92
GCF	12.81	111
GCF	13.32	112
GCF	13.82	122
GCF	14.32	123
GCF	14.82	134
GCF	15.33	132
GCF	15.83	147
GCF	16.33	182
GCF	16.83	173
GCF	17.34	217
GCF	17.84	247
GCF	18.34	345
GCF	18.84	403
GCF	19.35	492
GCF	19.85	632
GCF	20.35	743
GCF	20.85	812
GCF	21.36	1029
GCF	21.86	1348
GCF	22.36	1690
GCF	22.86	1768
GCF	23.37	2453
GCF	23.87	3129
GCF	24.37	3978
GCF	24.87	4275
GCF	25.38	5526
GCF	25.88	7006
GCF	26.38	9199
GCF	26.88	9874
GCF	27.39	13782
GCF	27.89	18054
GCF	28.39	21632
GCF	28.89	27440
GCF	29.40	29086
GCF	29.90	37129
GCF	30.40	52385
GCF	30.90	66518
GCF	31.41	69948
GCF	31.91	86389
GCF	32.41	107490
GCF	32.91	135248
GCF	33.42	141811
GCF	33.92	164832
GCF	34.42	201888
GCF	34.92	242060
GCF	35.43	249908
GCF	35.93	285532
GCF	36.43	327780
GCF	36.93	383930
GCF	37.44	394353
GCF	37.94	458206
GCF	38.44	497468
GCF	38.94	544596
GCF	39.45	553838
GCF	39.95	634088
GCF	40.45	707895
GCF	40.95	844947
GCF	41.46	858962
GCF	41.96	872775
GCF	42.46	922562
GCF	42.96	963087
GCF	43.47	1049943
GCF	43.97	1058278
GCF	44.47	1176810
GCF	44.97	1220834
GCF	45.48	1414555
GCF	45.98	1432755
GCF	46.48	1595656
GCF	46.98	1657955
GCF	47.49	1874427
GCF	47.99	1891578
GCF	48.49	1934252
GCF	48.99	2080348
GCF	49.50	2217757
GCF	50.00	2227574
GCF	50.50	2380785
GCF	51.01	2500860
GCF	51.51	2626701
GCF	52.01	2641844
GCF	52.51	2779106
GCF	53.02	2886764
GCF	53.52	2999490
GCF	54.02	3019446
GCF	54.52	3098926
GCF	55.03	3186423
GCF	55.53	3165962
GCF	56.03	3176067
GCF	56.53	3224764
GCF	57.04	3135773
GCF	57.54	3084525
GCF	58.04	2864592
GCF	58.54	2851236
GCF	59.05	2636355
GCF	59.55	2342394
GCF	60.05	2031507
GCF	60.55	1999190
GCF	61.06	1699235
GCF	61.56	1395174
GCF	62.06	1126211
GCF	62.56	1085710
GCF	63.07	857133
GCF	63.57	657449
GCF	64.07	481954
GCF	64.57	449354
GCF	65.08	316905
GCF	65.58	225421
GCF	66.08	158643
GCF	66.58	139494
GCF	67.09	91277
GCF	67.59	59890
GCF	68.09	39589
GCF	68.59	33376
GCF	69.10	21899
GCF	69.60	14888
GCF	70.10	10360
GCF	70.60	8495
GCF	71.11	6260
GCF	71.61	4210
GCF	72.11	3049
GCF	72.61	2360
GCF	73.12	1856
GCF	73.62	1523
GCF	74.12	1176
GCF	74.62	972
GCF	75.13	787
GCF	75.63	653
GCF	76.13	566
GCF	76.63	515
GCF	77.14	440
GCF	77.64	381
GCF	78.14	341
GCF	78.64	356
GCF	79.15	291
GCF	79.65	248
GCF	80.15	198
GCF	80.65	166
GCF	81.16	143
GCF	81.66	93
GCF	82.16	70
GCF	82.66	71
GCF	83.17	51
GCF	83.67	61
GCF	84.17	37
GCF	84.67	31
GCF	85.18	30
GCF	85.68	20
GCF	86.18	18
GCF	86.68	21
GCF	87.19	9
GCF	87.94	7
GCF	88.94	10
GCF	89.70	11
GCF	90.20	6
GCF	90.95	3
GCF	92.71	1
GCF	94.47	0
GCF	95.23	1
GCF	95.73	0
GCF	96.73	1
# GC Content of last fragments. Use `grep ^GCL | cut -f 2-` to extract this part.
GCL	0.25	1465
GCL	0.75	1370
GCL	1.26	1173
GCL	1.76	1043
GCL	2.26	990
GCL	2.76	989
GCL	3.27	1037
GCL	3.77	1068
GCL	4.27	1124
GCL	4.77	1169
GCL	5.28	1263
GCL	5.78	1266
GCL	6.28	1279
GCL	6.78	1407
GCL	7.29	1436
GCL	7.79	1458
GCL	8.29	1450
GCL	8.79	1527
GCL	9.30	1581
GCL	9.80	1618
GCL	10.30	1610
GCL	10.80	1568
GCL	11.31	1532
GCL	11.81	1562
GCL	12.31	1556
GCL	12.81	1482
GCL	13.32	1436
GCL	13.82	1366
GCL	14.32	1326
GCL	14.82	1323
GCL	15.33	1311
GCL	15.83	1312
GCL	16.33	1414
GCL	16.83	1430
GCL	17.34	1365
GCL	17.84	1465
GCL	18.34	1625
GCL	18.84	1616
GCL	19.35	1746
GCL	19.85	1861
GCL	20.35	2211
GCL	20.85	2293
GCL	21.36	3118
GCL	21.86	3682
GCL	22.36	4095
GCL	22.86	4254
GCL	23.37	5286
GCL	23.87	6420
GCL	24.37	7654
GCL	24.87	7996
GCL	25.38	10119
GCL	25.88	12427
GCL	26.38	15748
GCL	26.88	16398
GCL	27.39	21090
GCL	27.89	27275
GCL	28.39	34303
GCL	28.89	43886
GCL	29.40	45463
GCL	29.90	55861
GCL	30.40	70794
GCL	30.90	91408
GCL	31.41	94788
GCL	31.91	119572
GCL	32.41	146392
GCL	32.91	177332
GCL	33.42	183970
GCL	33.92	214185
GCL	34.42	260314
GCL	34.92	297200
GCL	35.43	304564
GCL	35.93	355352
GCL	36.43	408185
GCL	36.93	459171
GCL	37.44	469341
GCL	37.94	524473
GCL	38.44	564586
GCL	38.94	623176
GCL	39.45	632100
GCL	39.95	709059
GCL	40.45	772358
GCL	40.95	841166
GCL	41.46	855227
GCL	41.96	912608
GCL	42.46	953840
GCL	42.96	968303
GCL	43.47	1040833
GCL	43.97	1048891
GCL	44.47	1070884
GCL	44.97	1137834
GCL	45.48	1264921
GCL	45.98	1282688
GCL	46.48	1400301
GCL	46.98	1528293
GCL	47.49	1664549
GCL	47.99	1677768
GCL	48.49	1788812
GCL	48.99	1887852
GCL	49.50	2081698
GCL	50.00	2092986
GCL	50.50	2203030
GCL	51.01	2338114
GCL	51.51	2532117
GCL	52.01	2549232
GCL	52.51	2715166
GCL	53.02	2803040
GCL	53.52	2892038
GCL	54.02	2914227
GCL	54.52	3015119
GCL	55.03	3163587
GCL	55.53	3150389
GCL	56.03	3158633
GCL	56.53	3189909
GCL	57.04	3161917
GCL	57.54	3141151
GCL	58.04	2954739
GCL	58.54	2941900
GCL	59.05	2717638
GCL	59.55	2454608
GCL	60.05	2144397
GCL	60.55	2112329
GCL	61.06	1791098
GCL	61.56	1479060
GCL	62.06	1212386
GCL	62.56	1171593
GCL	63.07	948188
GCL	63.57	712079
GCL	64.07	528231
GCL	64.57	494296
GCL	65.08	356160
GCL	65.58	255349
GCL	66.08	178919
GCL	66.58	160288
GCL	67.09	107664
GCL	67.59	68962
GCL	68.09	45732
GCL	68.59	39412
GCL	69.10	26142
GCL	69.60	17404
GCL	70.10	11587
GCL	70.60	9790
GCL	71.11	7079
GCL	71.61	4879
GCL	72.11	3520
GCL	72.61	2579
GCL	73.12	2161
GCL	73.62	1722
GCL	74.12	1248
GCL	74.62	1004
GCL	75.13	859
GCL	75.63	780
GCL	76.13	663
GCL	76.63	559
GCL	77.14	464
GCL	77.64	413
GCL	78.14	350
GCL	78.64	276
GCL	79.15	254
GCL	79.65	238
GCL	80.15	207
GCL	80.65	183
GCL	81.16	171
GCL	81.66	133
GCL	82.16	118
GCL	82.66	95
GCL	83.17	100
GCL	83.67	94
GCL	84.17	90
GCL	84.92	94
GCL	85.68	74
GCL	86.18	67
GCL	86.68	74
GCL	87.19	83
GCL	87.69	88
GCL	88.19	87
GCL	88.69	92
GCL	89.20	101
GCL	89.70	127
GCL	90.20	154
GCL	90.70	160
GCL	91.21	180
GCL	91.71	219
GCL	92.21	222
GCL	92.71	251
GCL	93.22	299
GCL	93.72	358
GCL	94.22	431
GCL	94.72	478
GCL	95.23	508
GCL	95.73	569
GCL	96.23	671
GCL	96.73	762
GCL	97.24	743
GCL	97.74	807
GCL	98.24	848
GCL	98.74	886
GCL	99.50	832
# ACGT content per cycle. Use `grep ^GCC | cut -f 2-` to extract this part. The columns are: cycle; A,C,G,T base counts as a percentage of all A/C/G/T bases [%]; and N and O counts as a percentage of all A/C/G/T bases [%]
GCC	1	11.10	39.18	39.41	10.31	0.00	0.00
GCC	2	24.88	24.31	24.92	25.89	0.00	0.00
GCC	3	22.68	27.23	26.70	23.40	0.00	0.00
GCC	4	23.15	27.07	27.09	22.68	0.02	0.00
GCC	5	26.30	23.74	24.29	25.67	0.00	0.00
GCC	6	26.66	23.88	23.83	25.63	0.00	0.00
GCC	7	26.68	22.62	22.43	28.27	0.00	0.00
GCC	8	24.28	26.03	25.15	24.54	0.00	0.00
GCC	9	24.37	25.43	25.07	25.13	0.00	0.00
GCC	10	27.11	23.14	23.23	26.52	0.01	0.00
GCC	11	21.63	28.53	28.42	21.41	0.00	0.00
GCC	12	22.17	27.79	27.54	22.51	0.00	0.00
GCC	13	23.38	26.66	26.45	23.51	0.00	0.00
GCC	14	24.28	25.85	25.61	24.26	0.00	0.00
GCC	15	23.98	26.09	26.05	23.88	0.00	0.00
GCC	16	23.33	26.84	26.73	23.10	0.00	0.00
GCC	17	23.91	26.23	26.06	23.80	0.00	0.00
GCC	18	24.08	26.04	25.92	23.97	0.00	0.00
GCC	19	23.30	26.74	26.60	23.36	0.00	0.00
GCC	20	23.95	26.01	26.03	24.01	0.00	0.00
GCC	21	24.12	25.91	25.83	24.14	0.00	0.00
GCC	22	23.51	26.52	26.38	23.58	0.00	0.00
GCC	23	24.25	25.91	25.74	24.11	0.00	0.00
GCC	24	24.00	25.99	25.78	24.23	0.00	0.00
GCC	25	23.20	26.77	26.54	23.49	0.00	0.00
GCC	26	24.11	25.99	25.87	24.02	0.00	0.00
GCC	27	23.93	26.14	25.77	24.17	0.00	0.00
GCC	28	23.38	26.68	26.47	23.47	0.00	0.00
GCC	29	24.07	25.97	25.86	24.10	0.00	0.00
GCC	30	23.99	26.15	25.82	24.03	0.00	0.00
GCC	31	23.42	26.57	26.42	23.60	0.00	0.00
GCC	32	24.06	25.95	25.87	24.12	0.00	0.00
GCC	33	23.96	26.16	25.83	24.05	0.00	0.00
GCC	34	23.47	26.64	26.52	23.37	0.00	0.00
GCC	35	24.13	25.99	25.86	24.02	0.00	0.00
GCC	36	24.04	26.06	25.89	24.02	0.00	0.00
GCC	37	23.42	26.52	26.51	23.55	0.00	0.00
GCC	38	24.15	25.86	25.83	24.16	0.00	0.00
GCC	39	24.07	25.99	25.83	24.11	0.00	0.00
GCC	40	23.45	26.59	26.48	23.48	0.00	0.00
GCC	41	24.14	25.79	25.86	24.21	0.00	0.00
GCC	42	24.11	25.95	25.76	24.17	0.00	0.00
GCC	43	23.40	26.55	26.44	23.61	0.00	0.00
GCC	44	24.10	25.97	25.80	24.13	0.00	0.00
GCC	45	24.04	25.98	25.76	24.22	0.00	0.00
GCC	46	23.40	26.69	26.43	23.48	0.00	0.00
GCC	47	23.98	25.92	25.90	24.21	0.00	0.00
GCC	48	23.98	26.00	25.92	24.10	0.00	0.00
GCC	49	23.33	26.53	26.50	23.63	0.00	0.00
GCC	50	24.05	25.86	25.84	24.25	0.00	0.00
GCC	51	23.90	26.05	25.89	24.16	0.00	0.00
GCC	52	23.43	26.47	26.44	23.66	0.00	0.00
GCC	53	24.20	25.80	25.84	24.16	0.00	0.00
GCC	54	24.08	25.91	25.85	24.17	0.00	0.00
GCC	55	23.40	26.50	26.41	23.69	0.00	0.00
GCC	56	24.01	25.86	25.87	24.25	0.00	0.00
GCC	57	24.07	25.94	25.82	24.17	0.00	0.00
GCC	58	23.49	26.53	26.43	23.55	0.00	0.00
GCC	59	24.00	25.87	25.90	24.22	0.00	0.00
GCC	60	24.01	26.03	25.88	24.09	0.00	0.00
GCC	61	23.44	26.54	26.45	23.57	0.00	0.00
GCC	62	24.08	25.97	25.89	24.05	0.00	0.00
GCC	63	23.90	26.03	25.97	24.10	0.00	0.00
GCC	64	23.40	26.55	26.61	23.43	0.00	0.00
GCC	65	23.96	25.91	25.97	24.16	0.00	0.00
GCC	66	23.95	26.03	25.88	24.14	0.00	0.00
GCC	67	23.48	26.57	26.52	23.43	0.00	0.00
GCC	68	24.22	25.88	25.88	24.02	0.00	0.00
GCC	69	24.14	25.85	25.88	24.13	0.00	0.00
GCC	70	23.50	26.54	26.53	23.43	0.00	0.00
GCC	71	24.12	25.81	25.97	24.10	0.00	0.00
GCC	72	24.16	25.88	25.82	24.14	0.00	0.00
GCC	73	23.48	26.62	26.54	23.35	0.00	0.00
GCC	74	24.15	25.89	25.89	24.08	0.00	0.00
GCC	75	23.87	26.06	25.95	24.13	0.00	0.00
GCC	76	23.40	26.64	26.56	23.39	0.00	0.00
GCC	77	23.96	25.97	25.86	24.21	0.00	0.00
GCC	78	23.95	26.03	25.92	24.09	0.00	0.00
GCC	79	23.40	26.53	26.51	23.56	0.00	0.00
GCC	80	24.13	25.99	25.80	24.09	0.00	0.00
GCC	81	24.01	26.05	25.89	24.04	0.00	0.00
GCC	82	23.31	26.58	26.54	23.57	0.00	0.00
GCC	83	24.04	26.02	25.87	24.07	0.00	0.00
GCC	84	23.91	26.11	26.00	23.99	0.00	0.00
GCC	85	23.31	26.51	26.58	23.60	0.00	0.00
GCC	86	23.99	25.96	25.95	24.10	0.00	0.00
GCC	87	23.93	25.98	25.98	24.12	0.00	0.00
GCC	88	23.44	26.51	26.58	23.47	0.00	0.00
GCC	89	24.12	25.96	25.91	24.02	0.00	0.00
GCC	90	24.03	26.07	25.87	24.02	0.00	0.00
GCC	91	23.39	26.70	26.43	23.49	0.00	0.00
GCC	92	24.05	26.02	25.91	24.02	0.00	0.00
GCC	93	24.01	25.91	25.98	24.10	0.00	0.00
GCC	94	23.51	26.54	26.48	23.47	0.00	0.00
GCC	95	24.03	25.84	25.98	24.15	0.00	0.00
GCC	96	23.98	25.94	25.98	24.09	0.00	0.00
GCC	97	23.32	26.52	26.56	23.61	0.00	0.00
GCC	98	23.97	25.90	25.93	24.20	0.00	0.00
GCC	99	23.85	26.02	25.93	24.19	0.00	0.00
GCC	100	23.30	26.50	26.46	23.74	0.00	0.00
GCC	101	23.93	25.92	26.04	24.11	0.00	0.00
GCC	102	23.97	25.91	25.95	24.17	0.00	0.00
GCC	103	23.36	26.58	26.42	23.65	0.00	0.00
GCC	104	24.02	25.95	25.84	24.19	0.00	0.00
GCC	105	23.89	25.94	25.93	24.23	0.00	0.00
GCC	106	23.48	26.49	26.43	23.60	0.00	0.00
GCC	107	23.96	25.96	25.97	24.11	0.01	0.00
GCC	108	23.84	26.10	25.98	24.07	0.00	0.00
GCC	109	23.41	26.56	26.53	23.50	0.00	0.00
GCC	110	23.99	25.97	25.95	24.10	0.00	0.00
GCC	111	23.94	26.07	25.98	24.01	0.00	0.00
GCC	112	23.29	26.65	26.51	23.56	0.00	0.00
GCC	113	23.92	26.02	26.09	23.97	0.00	0.00
GCC	114	23.94	25.89	26.02	24.14	0.00	0.00
GCC	115	23.40	26.51	26.58	23.51	0.00	0.00
GCC	116	24.04	26.06	25.80	24.09	0.00	0.00
GCC	117	24.02	26.01	25.93	24.04	0.00	0.00
GCC	118	23.44	26.48	26.55	23.54	0.00	0.00
GCC	119	23.98	26.05	25.95	24.02	0.00	0.00
GCC	120	23.92	26.14	25.98	23.97	0.00	0.00
GCC	121	23.33	26.57	26.52	23.58	0.00	0.00
GCC	122	23.92	26.18	25.92	23.98	0.00	0.00
GCC	123	23.98	26.05	26.07	23.90	0.00	0.00
GCC	124	23.44	26.57	26.60	23.38	0.00	0.00
GCC	125	23.95	26.12	25.94	23.99	0.00	0.00
GCC	126	23.96	26.06	26.00	23.98	0.00	0.00
GCC	127	23.37	26.58	26.60	23.45	0.00	0.00
GCC	128	24.01	26.00	25.92	24.08	0.00	0.00
GCC	129	23.95	26.03	25.99	24.03	0.00	0.00
GCC	130	23.54	26.51	26.58	23.37	0.00	0.00
GCC	131	24.06	26.01	26.00	23.93	0.00	0.00
GCC	132	23.99	26.11	26.00	23.90	0.00	0.00
GCC	133	23.36	26.68	26.56	23.40	0.00	0.00
GCC	134	23.99	26.11	25.97	23.92	0.00	0.00
GCC	135	23.95	26.02	26.04	23.99	0.00	0.00
GCC	136	23.49	26.66	26.45	23.40	0.00	0.00
GCC	137	24.00	26.09	26.03	23.88	0.00	0.00
GCC	138	23.95	26.14	26.07	23.84	0.00	0.00
GCC	139	23.50	26.51	26.63	23.36	0.00	0.00
GCC	140	23.96	26.09	26.12	23.83	0.00	0.00
GCC	141	23.92	26.11	26.11	23.87	0.00	0.00
GCC	142	23.41	26.74	26.49	23.36	0.00	0.00
GCC	143	24.02	26.02	25.99	23.98	0.00	0.00
GCC	144	24.01	26.09	26.06	23.83	0.00	0.00
GCC	145	23.39	26.62	26.50	23.50	0.00	0.00
GCC	146	23.94	25.96	26.09	24.01	0.00	0.00
GCC	147	23.78	26.24	26.08	23.89	0.00	0.00
GCC	148	23.41	26.63	26.63	23.32	0.00	0.00
GCC	149	23.81	26.09	26.16	23.95	0.00	0.00
GCC	150	23.92	26.09	26.01	23.97	0.00	0.00
GCC	151	23.33	26.52	26.72	23.42	0.00	0.00
# ACGT content per cycle, read oriented. Use `grep ^GCT | cut -f 2-` to extract this part. The columns are: cycle; A,C,G,T base counts as a percentage of all A/C/G/T bases [%]
GCT	1	14.28	38.20	40.38	7.13
GCT	2	16.94	22.98	26.25	33.83
GCT	3	19.76	31.68	22.24	26.31
GCT	4	25.39	25.53	28.64	20.44
GCT	5	30.40	19.77	28.27	21.57
GCT	6	32.14	23.32	24.39	20.15
GCT	7	20.33	22.44	22.61	34.62
GCT	8	22.18	29.08	22.10	26.64
GCT	9	19.79	26.91	23.59	29.71
GCT	10	31.49	21.46	24.91	22.14
GCT	11	23.08	28.94	28.02	19.96
GCT	12	20.85	28.74	26.58	23.83
GCT	13	22.93	27.05	26.06	23.96
GCT	14	23.77	26.17	25.29	24.77
GCT	15	23.58	26.64	25.51	24.28
GCT	16	23.21	26.64	26.93	23.22
GCT	17	24.07	26.27	26.02	23.65
GCT	18	24.06	26.64	25.32	23.98
GCT	19	23.54	26.72	26.62	23.12
GCT	20	24.17	25.95	26.09	23.79
GCT	21	24.20	26.47	25.27	24.06
GCT	22	23.88	26.59	26.31	23.22
GCT	23	24.31	25.92	25.72	24.05
GCT	24	23.86	26.64	25.13	24.37
GCT	25	23.46	27.00	26.31	23.24
GCT	26	24.26	25.94	25.92	23.88
GCT	27	23.98	26.79	25.12	24.11
GCT	28	23.56	26.86	26.29	23.29
GCT	29	24.31	26.05	25.77	23.86
GCT	30	23.96	26.85	25.13	24.06
GCT	31	23.77	26.77	26.22	23.24
GCT	32	24.40	25.93	25.89	23.78
GCT	33	24.02	26.80	25.20	23.99
GCT	34	23.74	26.80	26.36	23.10
GCT	35	24.38	26.00	25.85	23.77
GCT	36	23.94	26.70	25.24	24.11
GCT	37	23.74	26.79	26.25	23.23
GCT	38	24.33	25.88	25.81	23.99
GCT	39	24.13	26.52	25.30	24.05
GCT	40	23.77	26.66	26.41	23.16
GCT	41	24.37	25.88	25.77	23.98
GCT	42	24.09	26.47	25.24	24.20
GCT	43	23.74	26.67	26.33	23.27
GCT	44	24.44	25.94	25.83	23.79
GCT	45	24.10	26.53	25.21	24.16
GCT	46	23.68	26.72	26.40	23.20
GCT	47	24.27	25.96	25.86	23.91
GCT	48	24.11	26.69	25.23	23.97
GCT	49	23.69	26.72	26.31	23.27
GCT	50	24.39	25.93	25.77	23.91
GCT	51	24.05	26.60	25.33	24.01
GCT	52	23.78	26.58	26.32	23.31
GCT	53	24.49	25.80	25.84	23.87
GCT	54	24.11	26.54	25.21	24.14
GCT	55	23.78	26.60	26.30	23.31
GCT	56	24.39	25.96	25.77	23.87
GCT	57	24.12	26.51	25.25	24.12
GCT	58	23.79	26.57	26.39	23.25
GCT	59	24.24	25.81	25.96	23.99
GCT	60	23.95	26.61	25.30	24.15
GCT	61	23.69	26.67	26.32	23.31
GCT	62	24.28	25.88	25.98	23.86
GCT	63	23.85	26.66	25.34	24.14
GCT	64	23.60	26.82	26.35	23.24
GCT	65	24.27	25.94	25.94	23.85
GCT	66	23.98	26.55	25.36	24.11
GCT	67	23.70	26.62	26.47	23.21
GCT	68	24.36	25.79	25.97	23.88
GCT	69	24.01	26.36	25.37	24.26
GCT	70	23.62	26.67	26.39	23.32
GCT	71	24.24	25.80	25.99	23.98
GCT	72	24.11	26.34	25.36	24.20
GCT	73	23.60	26.71	26.46	23.23
GCT	74	24.31	25.70	26.08	23.91
GCT	75	23.98	26.39	25.62	24.02
GCT	76	23.57	26.63	26.58	23.22
GCT	77	24.31	25.68	26.16	23.86
GCT	78	24.06	26.49	25.47	23.98
GCT	79	23.65	26.46	26.57	23.32
GCT	80	24.29	25.70	26.09	23.93
GCT	81	23.95	26.55	25.39	24.10
GCT	82	23.63	26.61	26.52	23.25
GCT	83	24.20	25.78	26.10	23.91
GCT	84	23.87	26.40	25.71	24.02
GCT	85	23.60	26.51	26.58	23.31
GCT	86	24.23	25.79	26.12	23.86
GCT	87	23.98	26.36	25.60	24.06
GCT	88	23.66	26.54	26.55	23.25
GCT	89	24.32	25.82	26.04	23.82
GCT	90	23.89	26.41	25.54	24.16
GCT	91	23.55	26.54	26.59	23.32
GCT	92	24.21	25.70	26.24	23.86
GCT	93	23.99	26.32	25.57	24.12
GCT	94	23.63	26.56	26.46	23.35
GCT	95	24.23	25.68	26.14	23.94
GCT	96	23.94	26.30	25.63	24.14
GCT	97	23.59	26.45	26.62	23.34
GCT	98	24.20	25.63	26.20	23.97
GCT	99	23.89	26.33	25.62	24.15
GCT	100	23.68	26.41	26.54	23.36
GCT	101	24.18	25.66	26.29	23.86
GCT	102	23.92	26.33	25.53	24.21
GCT	103	23.67	26.42	26.58	23.34
GCT	104	24.32	25.53	26.26	23.89
GCT	105	24.01	26.22	25.65	24.12
GCT	106	23.63	26.30	26.62	23.45
GCT	107	24.18	25.65	26.28	23.89
GCT	108	23.87	26.46	25.63	24.04
GCT	109	23.49	26.44	26.65	23.42
GCT	110	24.19	25.78	26.14	23.90
GCT	111	23.89	26.34	25.71	24.06
GCT	112	23.56	26.40	26.75	23.29
GCT	113	24.08	25.78	26.33	23.82
GCT	114	23.90	26.28	25.63	24.19
GCT	115	23.51	26.37	26.72	23.39
GCT	116	24.21	25.65	26.22	23.92
GCT	117	23.90	26.23	25.71	24.16
GCT	118	23.67	26.38	26.65	23.31
GCT	119	24.15	25.68	26.32	23.85
GCT	120	23.84	26.33	25.78	24.05
GCT	121	23.57	26.39	26.71	23.34
GCT	122	24.10	25.75	26.35	23.80
GCT	123	23.86	26.33	25.78	24.02
GCT	124	23.59	26.39	26.79	23.24
GCT	125	24.23	25.70	26.36	23.70
GCT	126	23.82	26.28	25.78	24.12
GCT	127	23.60	26.41	26.77	23.22
GCT	128	24.27	25.64	26.28	23.81
GCT	129	23.88	26.24	25.79	24.10
GCT	130	23.61	26.40	26.69	23.30
GCT	131	24.09	25.69	26.32	23.90
GCT	132	23.86	26.28	25.83	24.02
GCT	133	23.57	26.42	26.82	23.20
GCT	134	24.19	25.65	26.44	23.72
GCT	135	23.95	26.15	25.91	23.99
GCT	136	23.66	26.31	26.80	23.23
GCT	137	24.11	25.58	26.53	23.78
GCT	138	23.88	26.23	25.99	23.91
GCT	139	23.64	26.27	26.87	23.21
GCT	140	24.18	25.71	26.50	23.61
GCT	141	23.89	26.27	25.95	23.90
GCT	142	23.71	26.47	26.75	23.07
GCT	143	24.21	25.66	26.35	23.79
GCT	144	23.84	26.21	25.94	24.00
GCT	145	23.63	26.35	26.76	23.26
GCT	146	24.17	25.69	26.36	23.78
GCT	147	23.73	26.32	26.00	23.94
GCT	148	23.55	26.41	26.85	23.19
GCT	149	24.12	25.67	26.57	23.64
GCT	150	23.95	26.23	25.88	23.94
GCT	151	23.53	26.30	26.94	23.23
# ACGT content per cycle for first fragments. Use `grep ^FBC | cut -f 2-` to extract this part. The columns are: cycle; A,C,G,T base counts as a percentage of all A/C/G/T bases [%]; and N and O counts as a percentage of all A/C/G/T bases [%]
FBC	1	13.87	37.06	36.87	12.21	0.00	0.00
FBC	2	25.57	23.39	24.24	26.81	0.00	0.00
FBC	3	24.98	24.98	24.03	26.00	0.00	0.00
FBC	4	24.80	26.07	25.65	23.48	0.04	0.00
FBC	5	27.10	23.45	24.11	25.34	0.00	0.00
FBC	6	27.43	23.83	23.44	25.31	0.00	0.00
FBC	7	24.42	24.75	24.01	26.81	0.00	0.00
FBC	8	22.84	27.87	26.10	23.19	0.00	0.00
FBC	9	23.26	26.75	25.85	24.14	0.00	0.00
FBC	10	26.84	23.95	23.82	25.39	0.00	0.00
FBC	11	21.19	29.46	28.68	20.67	0.00	0.00
FBC	12	21.83	28.34	27.64	22.19	0.00	0.00
FBC	13	23.41	26.95	26.15	23.49	0.00	0.00
FBC	14	23.98	26.34	25.65	24.03	0.00	0.00
FBC	15	24.05	26.26	25.81	23.88	0.00	0.00
FBC	16	23.35	27.04	26.58	23.03	0.00	0.00
FBC	17	23.60	26.70	26.19	23.51	0.00	0.00
FBC	18	24.08	26.28	25.74	23.90	0.00	0.00
FBC	19	23.25	26.87	26.42	23.46	0.00	0.00
FBC	20	23.63	26.64	26.09	23.64	0.00	0.00
FBC	21	24.26	26.04	25.62	24.08	0.00	0.00
FBC	22	23.54	26.59	26.21	23.66	0.00	0.00
FBC	23	24.03	26.32	25.82	23.83	0.00	0.00
FBC	24	24.06	26.05	25.70	24.19	0.00	0.00
FBC	25	23.12	26.95	26.33	23.61	0.00	0.00
FBC	26	23.82	26.39	26.02	23.77	0.00	0.00
FBC	27	24.05	26.13	25.54	24.28	0.00	0.00
FBC	28	23.40	26.79	26.17	23.65	0.00	0.00
FBC	29	23.98	26.25	25.88	23.89	0.00	0.00
FBC	30	24.14	26.23	25.57	24.05	0.00	0.00
FBC	31	23.54	26.74	26.00	23.72	0.00	0.00
FBC	32	24.02	26.28	25.76	23.93	0.00	0.00
FBC	33	24.16	26.13	25.47	24.24	0.00	0.00
FBC	34	23.62	26.72	26.11	23.55	0.00	0.00
FBC	35	24.01	26.41	25.79	23.79	0.00	0.00
FBC	36	24.19	26.22	25.40	24.19	0.00	0.00
FBC	37	23.44	26.65	26.22	23.69	0.00	0.00
FBC	38	23.98	26.26	25.76	24.00	0.00	0.00
FBC	39	24.22	26.11	25.52	24.15	0.00	0.00
FBC	40	23.68	26.74	26.07	23.52	0.00	0.00
FBC	41	23.98	26.22	25.80	24.00	0.00	0.00
FBC	42	24.31	26.03	25.37	24.30	0.00	0.00
FBC	43	23.50	26.63	26.14	23.73	0.00	0.00
FBC	44	24.02	26.27	25.78	23.93	0.00	0.00
FBC	45	24.24	25.98	25.47	24.31	0.00	0.00
FBC	46	23.59	26.69	26.08	23.63	0.00	0.00
FBC	47	23.85	26.25	25.85	24.05	0.00	0.00
FBC	48	24.14	26.13	25.55	24.18	0.00	0.00
FBC	49	23.50	26.61	26.17	23.72	0.00	0.00
FBC	50	23.89	26.29	25.74	24.08	0.00	0.00
FBC	51	24.07	26.08	25.55	24.30	0.00	0.00
FBC	52	23.53	26.52	26.21	23.74	0.00	0.00
FBC	53	24.03	26.26	25.77	23.95	0.00	0.00
FBC	54	24.20	25.99	25.49	24.32	0.00	0.00
FBC	55	23.50	26.58	26.07	23.85	0.00	0.00
FBC	56	23.91	26.20	25.77	24.11	0.00	0.00
FBC	57	24.13	25.95	25.60	24.31	0.00	0.00
FBC	58	23.64	26.59	26.15	23.61	0.00	0.00
FBC	59	23.88	26.09	25.98	24.05	0.00	0.00
FBC	60	24.08	26.11	25.60	24.21	0.00	0.00
FBC	61	23.51	26.59	26.23	23.68	0.00	0.00
FBC	62	23.94	26.15	25.96	23.95	0.00	0.00
FBC	63	24.08	26.00	25.65	24.27	0.00	0.00
FBC	64	23.47	26.63	26.41	23.49	0.00	0.00
FBC	65	23.84	26.21	26.03	23.91	0.00	0.00
FBC	66	24.14	26.08	25.49	24.28	0.00	0.00
FBC	67	23.48	26.72	26.26	23.54	0.00	0.00
FBC	68	24.07	26.14	25.91	23.88	0.00	0.00
FBC	69	24.25	25.92	25.59	24.23	0.00	0.00
FBC	70	23.47	26.74	26.25	23.54	0.00	0.00
FBC	71	23.92	26.18	26.06	23.84	0.00	0.00
FBC	72	24.28	26.04	25.59	24.10	0.00	0.00
FBC	73	23.51	26.71	26.35	23.43	0.00	0.00
FBC	74	23.92	26.17	25.99	23.91	0.00	0.00
FBC	75	24.00	26.06	25.77	24.17	0.00	0.00
FBC	76	23.46	26.68	26.35	23.51	0.00	0.00
FBC	77	23.80	26.25	25.85	24.10	0.00	0.00
FBC	78	24.15	26.01	25.66	24.18	0.00	0.00
FBC	79	23.45	26.59	26.35	23.62	0.00	0.00
FBC	80	23.98	26.24	25.80	23.99	0.00	0.00
FBC	81	24.17	26.03	25.60	24.21	0.00	0.00
FBC	82	23.26	26.68	26.38	23.68	0.00	0.00
FBC	83	23.80	26.39	25.85	23.96	0.00	0.00
FBC	84	23.99	26.27	25.74	24.01	0.00	0.00
FBC	85	23.36	26.64	26.37	23.63	0.00	0.00
FBC	86	23.79	26.34	25.99	23.88	0.00	0.00
FBC	87	24.03	26.12	25.63	24.22	0.00	0.00
FBC	88	23.57	26.62	26.24	23.57	0.00	0.00
FBC	89	23.90	26.24	26.01	23.85	0.00	0.00
FBC	90	24.04	26.20	25.72	24.03	0.00	0.00
FBC	91	23.30	26.86	26.25	23.59	0.00	0.00
FBC	92	23.72	26.39	26.07	23.82	0.00	0.00
FBC	93	24.02	26.07	25.85	24.07	0.00	0.00
FBC	94	23.52	26.61	26.34	23.52	0.00	0.00
FBC	95	23.82	26.20	26.01	23.97	0.00	0.00
FBC	96	23.99	26.09	25.63	24.29	0.00	0.00
FBC	97	23.25	26.68	26.36	23.71	0.00	0.00
FBC	98	23.62	26.34	26.00	24.04	0.00	0.00
FBC	99	23.85	26.13	25.68	24.34	0.00	0.00
FBC	100	23.37	26.59	26.19	23.86	0.00	0.00
FBC	101	23.73	26.27	26.12	23.89	0.00	0.00
FBC	102	23.99	26.06	25.62	24.33	0.00	0.00
FBC	103	23.39	26.63	26.21	23.77	0.00	0.00
FBC	104	23.80	26.25	25.92	24.03	0.00	0.00
FBC	105	23.99	26.10	25.56	24.34	0.00	0.00
FBC	106	23.29	26.68	26.21	23.81	0.00	0.00
FBC	107	23.72	26.33	25.94	24.01	0.00	0.00
FBC	108	23.89	26.26	25.72	24.13	0.00	0.00
FBC	109	23.43	26.58	26.28	23.71	0.00	0.00
FBC	110	23.89	26.27	25.94	23.90	0.00	0.00
FBC	111	23.98	26.15	25.79	24.08	0.00	0.00
FBC	112	23.35	26.79	26.31	23.55	0.00	0.00
FBC	113	23.67	26.44	26.10	23.78	0.00	0.00
FBC	114	23.91	26.02	25.78	24.29	0.00	0.00
FBC	115	23.41	26.70	26.39	23.50	0.00	0.00
FBC	116	23.81	26.33	25.85	24.02	0.00	0.00
FBC	117	24.01	26.15	25.69	24.15	0.00	0.00
FBC	118	23.43	26.55	26.37	23.65	0.00	0.00
FBC	119	23.84	26.47	25.88	23.81	0.00	0.00
FBC	120	23.93	26.30	25.75	24.01	0.00	0.00
FBC	121	23.43	26.65	26.38	23.54	0.00	0.00
FBC	122	23.73	26.58	25.96	23.72	0.00	0.00
FBC	123	24.16	26.17	25.81	23.86	0.00	0.00
FBC	124	23.56	26.72	26.41	23.32	0.00	0.00
FBC	125	23.79	26.57	25.94	23.70	0.00	0.00
FBC	126	24.05	26.28	25.67	24.00	0.00	0.00
FBC	127	23.42	26.82	26.35	23.41	0.00	0.00
FBC	128	23.83	26.41	25.98	23.78	0.00	0.00
FBC	129	24.07	26.16	25.79	23.97	0.00	0.00
FBC	130	23.58	26.66	26.45	23.31	0.00	0.00
FBC	131	23.75	26.47	26.06	23.72	0.00	0.00
FBC	132	23.86	26.32	25.90	23.92	0.00	0.00
FBC	133	23.34	26.87	26.39	23.40	0.00	0.00
FBC	134	23.84	26.40	26.11	23.65	0.00	0.00
FBC	135	24.09	26.08	25.89	23.95	0.00	0.00
FBC	136	23.45	26.89	26.29	23.37	0.00	0.00
FBC	137	23.83	26.51	26.07	23.59	0.00	0.00
FBC	138	24.05	26.21	25.87	23.87	0.00	0.00
FBC	139	23.60	26.60	26.47	23.32	0.00	0.00
FBC	140	23.80	26.45	26.13	23.61	0.00	0.00
FBC	141	23.92	26.34	25.89	23.85	0.00	0.00
FBC	142	23.50	26.88	26.29	23.33	0.00	0.00
FBC	143	23.84	26.44	25.97	23.75	0.00	0.00
FBC	144	24.14	26.14	25.82	23.90	0.00	0.00
FBC	145	23.50	26.72	26.31	23.47	0.00	0.00
FBC	146	23.83	26.42	25.98	23.78	0.00	0.00
FBC	147	23.91	26.38	25.82	23.89	0.00	0.00
FBC	148	23.37	26.89	26.39	23.35	0.00	0.00
FBC	149	23.72	26.45	26.16	23.67	0.00	0.00
FBC	150	23.98	26.22	25.81	24.00	0.00	0.00
FBC	151	23.36	26.69	26.49	23.46	0.00	0.00
# ACGT raw counters for first fragments. Use `grep ^FTC | cut -f 2-` to extract this part. The columns are: A,C,G,T,N base counters
FTC	2612674487	2902189870	2854877889	2617409226	40570
# ACGT content per cycle for last fragments. Use `grep ^LBC | cut -f 2-` to extract this part. The columns are: cycle; A,C,G,T base counts as a percentage of all A/C/G/T bases [%]; and N and O counts as a percentage of all A/C/G/T bases [%]
LBC	1	8.33	41.29	41.96	8.42	0.00	0.00
LBC	2	24.20	25.23	25.59	24.97	0.00	0.00
LBC	3	20.37	29.47	29.36	20.79	0.00	0.00
LBC	4	21.50	28.08	28.54	21.88	0.00	0.00
LBC	5	25.50	24.04	24.47	25.99	0.00	0.00
LBC	6	25.90	23.93	24.22	25.95	0.00	0.00
LBC	7	28.93	20.48	20.86	29.73	0.00	0.00
LBC	8	25.72	24.19	24.20	25.89	0.00	0.00
LBC	9	25.48	24.11	24.29	26.12	0.00	0.00
LBC	10	27.39	22.33	22.63	27.64	0.01	0.00
LBC	11	22.08	27.60	28.16	22.15	0.00	0.00
LBC	12	22.51	27.23	27.43	22.83	0.00	0.00
LBC	13	23.36	26.36	26.75	23.53	0.00	0.00
LBC	14	24.59	25.36	25.57	24.49	0.00	0.00
LBC	15	23.91	25.93	26.29	23.88	0.00	0.00
LBC	16	23.31	26.63	26.89	23.16	0.00	0.00
LBC	17	24.22	25.76	25.92	24.09	0.00	0.00
LBC	18	24.07	25.80	26.10	24.04	0.00	0.00
LBC	19	23.35	26.61	26.78	23.26	0.00	0.00
LBC	20	24.27	25.38	25.96	24.39	0.00	0.00
LBC	21	23.98	25.78	26.04	24.19	0.00	0.00
LBC	22	23.48	26.44	26.56	23.51	0.00	0.00
LBC	23	24.47	25.49	25.66	24.38	0.00	0.00
LBC	24	23.94	25.93	25.86	24.26	0.00	0.00
LBC	25	23.29	26.59	26.75	23.37	0.00	0.00
LBC	26	24.41	25.58	25.73	24.28	0.00	0.00
LBC	27	23.80	26.15	25.99	24.05	0.00	0.00
LBC	28	23.36	26.57	26.78	23.29	0.00	0.00
LBC	29	24.17	25.69	25.83	24.31	0.00	0.00
LBC	30	23.84	26.07	26.08	24.01	0.00	0.00
LBC	31	23.29	26.39	26.84	23.48	0.00	0.00
LBC	32	24.10	25.62	25.97	24.30	0.00	0.00
LBC	33	23.75	26.19	26.19	23.86	0.00	0.00
LBC	34	23.32	26.55	26.93	23.20	0.00	0.00
LBC	35	24.25	25.58	25.92	24.25	0.00	0.00
LBC	36	23.88	25.90	26.38	23.85	0.00	0.00
LBC	37	23.39	26.40	26.79	23.42	0.00	0.00
LBC	38	24.32	25.47	25.89	24.32	0.00	0.00
LBC	39	23.93	25.87	26.13	24.07	0.00	0.00
LBC	40	23.22	26.45	26.89	23.45	0.00	0.00
LBC	41	24.29	25.37	25.91	24.43	0.01	0.00
LBC	42	23.91	25.88	26.16	24.05	0.00	0.00
LBC	43	23.30	26.48	26.73	23.49	0.00	0.00
LBC	44	24.18	25.68	25.82	24.32	0.00	0.00
LBC	45	23.85	25.98	26.06	24.12	0.00	0.00
LBC	46	23.21	26.68	26.78	23.33	0.00	0.00
LBC	47	24.11	25.59	25.94	24.36	0.00	0.00
LBC	48	23.82	25.87	26.29	24.02	0.00	0.00
LBC	49	23.16	26.46	26.83	23.55	0.00	0.00
LBC	50	24.21	25.42	25.95	24.42	0.00	0.00
LBC	51	23.74	26.01	26.23	24.02	0.00	0.00
LBC	52	23.34	26.41	26.68	23.57	0.00	0.00
LBC	53	24.37	25.34	25.92	24.38	0.00	0.00
LBC	54	23.96	25.83	26.20	24.02	0.00	0.00
LBC	55	23.30	26.41	26.75	23.54	0.00	0.00
LBC	56	24.11	25.52	25.97	24.40	0.00	0.00
LBC	57	24.01	25.93	26.04	24.02	0.00	0.00
LBC	58	23.34	26.46	26.71	23.49	0.00	0.00
LBC	59	24.13	25.65	25.82	24.40	0.00	0.00
LBC	60	23.94	25.95	26.15	23.97	0.00	0.00
LBC	61	23.37	26.50	26.67	23.46	0.00	0.00
LBC	62	24.22	25.80	25.82	24.16	0.01	0.00
LBC	63	23.71	26.07	26.29	23.93	0.00	0.00
LBC	64	23.33	26.47	26.82	23.38	0.00	0.00
LBC	65	24.08	25.60	25.92	24.40	0.00	0.00
LBC	66	23.75	25.98	26.27	24.00	0.00	0.00
LBC	67	23.49	26.41	26.79	23.31	0.00	0.00
LBC	68	24.37	25.63	25.84	24.16	0.00	0.00
LBC	69	24.03	25.77	26.17	24.03	0.01	0.00
LBC	70	23.54	26.34	26.80	23.32	0.00	0.00
LBC	71	24.32	25.44	25.88	24.36	0.00	0.00
LBC	72	24.05	25.72	26.05	24.18	0.00	0.00
LBC	73	23.45	26.53	26.74	23.28	0.00	0.00
LBC	74	24.37	25.61	25.78	24.24	0.00	0.00
LBC	75	23.73	26.06	26.12	24.09	0.00	0.00
LBC	76	23.33	26.61	26.78	23.28	0.00	0.00
LBC	77	24.12	25.69	25.88	24.31	0.00	0.00
LBC	78	23.76	26.05	26.18	24.00	0.00	0.00
LBC	79	23.36	26.46	26.68	23.50	0.00	0.00
LBC	80	24.28	25.73	25.80	24.19	0.00	0.00
LBC	81	23.86	26.08	26.19	23.87	0.00	0.00
LBC	82	23.35	26.48	26.70	23.46	0.00	0.00
LBC	83	24.28	25.65	25.88	24.18	0.00	0.00
LBC	84	23.82	25.95	26.26	23.96	0.00	0.00
LBC	85	23.27	26.38	26.80	23.56	0.00	0.00
LBC	86	24.18	25.57	25.91	24.33	0.00	0.00
LBC	87	23.83	25.83	26.33	24.01	0.00	0.00
LBC	88	23.31	26.40	26.91	23.38	0.00	0.00
LBC	89	24.35	25.67	25.81	24.18	0.00	0.00
LBC	90	24.03	25.94	26.03	24.00	0.00	0.00
LBC	91	23.47	26.53	26.62	23.38	0.00	0.00
LBC	92	24.38	25.65	25.76	24.21	0.00	0.00
LBC	93	24.00	25.76	26.11	24.14	0.00	0.00
LBC	94	23.50	26.46	26.63	23.42	0.00	0.00
LBC	95	24.25	25.48	25.96	24.32	0.00	0.00
LBC	96	23.97	25.80	26.32	23.90	0.00	0.00
LBC	97	23.39	26.35	26.75	23.51	0.00	0.00
LBC	98	24.33	25.46	25.86	24.36	0.00	0.00
LBC	99	23.85	25.91	26.19	24.05	0.00	0.00
LBC	100	23.23	26.41	26.72	23.63	0.00	0.00
LBC	101	24.13	25.57	25.96	24.34	0.00	0.00
LBC	102	23.96	25.77	26.27	24.00	0.00	0.00
LBC	103	23.33	26.53	26.62	23.52	0.00	0.00
LBC	104	24.23	25.64	25.77	24.36	0.00	0.00
LBC	105	23.79	25.78	26.30	24.13	0.00	0.00
LBC	106	23.67	26.30	26.65	23.38	0.00	0.00
LBC	107	24.20	25.59	25.99	24.22	0.02	0.00
LBC	108	23.79	25.95	26.25	24.01	0.00	0.00
LBC	109	23.38	26.55	26.78	23.29	0.00	0.00
LBC	110	24.09	25.66	25.96	24.29	0.00	0.00
LBC	111	23.90	25.99	26.17	23.94	0.00	0.00
LBC	112	23.22	26.50	26.71	23.57	0.00	0.00
LBC	113	24.17	25.60	26.07	24.16	0.00	0.00
LBC	114	23.98	25.76	26.27	23.99	0.00	0.00
LBC	115	23.39	26.32	26.78	23.51	0.00	0.00
LBC	116	24.28	25.79	25.76	24.17	0.00	0.00
LBC	117	24.03	25.87	26.17	23.93	0.00	0.00
LBC	118	23.45	26.40	26.72	23.43	0.00	0.00
LBC	119	24.13	25.62	26.03	24.22	0.00	0.00
LBC	120	23.91	25.97	26.20	23.92	0.00	0.00
LBC	121	23.22	26.48	26.67	23.63	0.00	0.00
LBC	122	24.12	25.77	25.87	24.24	0.00	0.00
LBC	123	23.81	25.93	26.32	23.95	0.00	0.00
LBC	124	23.33	26.43	26.79	23.45	0.00	0.00
LBC	125	24.11	25.67	25.94	24.28	0.00	0.00
LBC	126	23.87	25.85	26.33	23.96	0.00	0.00
LBC	127	23.32	26.35	26.84	23.49	0.00	0.00
LBC	128	24.18	25.58	25.86	24.37	0.00	0.00
LBC	129	23.82	25.90	26.20	24.09	0.00	0.00
LBC	130	23.49	26.36	26.72	23.43	0.00	0.00
LBC	131	24.38	25.56	25.93	24.13	0.00	0.00
LBC	132	24.12	25.91	26.09	23.88	0.00	0.00
LBC	133	23.38	26.48	26.73	23.41	0.00	0.00
LBC	134	24.13	25.83	25.84	24.20	0.00	0.00
LBC	135	23.82	25.96	26.19	24.03	0.00	0.00
LBC	136	23.53	26.43	26.62	23.43	0.00	0.00
LBC	137	24.17	25.67	25.98	24.17	0.00	0.00
LBC	138	23.84	26.07	26.28	23.81	0.00	0.00
LBC	139	23.39	26.42	26.79	23.40	0.00	0.00
LBC	140	24.11	25.73	26.11	24.05	0.00	0.00
LBC	141	23.92	25.88	26.33	23.88	0.00	0.00
LBC	142	23.33	26.59	26.69	23.39	0.00	0.00
LBC	143	24.20	25.59	26.01	24.20	0.00	0.00
LBC	144	23.89	26.04	26.31	23.76	0.00	0.00
LBC	145	23.28	26.51	26.68	23.53	0.00	0.00
LBC	146	24.05	25.50	26.20	24.25	0.00	0.00
LBC	147	23.66	26.09	26.35	23.90	0.00	0.00
LBC	148	23.46	26.37	26.88	23.29	0.00	0.00
LBC	149	23.89	25.73	26.15	24.23	0.00	0.00
LBC	150	23.87	25.97	26.22	23.94	0.00	0.00
LBC	151	23.31	26.35	26.95	23.39	0.00	0.00
# ACGT raw counters for last fragments. Use `grep ^LTC | cut -f 2-` to extract this part. The columns are: A,C,G,T,N base counters
LTC	2611713047	2861435912	2893050765	2622855271	57999
# Insert sizes. Use `grep ^IS | cut -f 2-` to extract this part. The columns are: insert size, pairs total, inward oriented pairs, outward oriented pairs, other pairs
IS	0	38490	12150	13724	12616
IS	1	0	0	0	0
IS	2	0	0	0	0
IS	3	0	0	0	0
IS	4	0	0	0	0
IS	5	0	0	0	0
IS	6	0	0	0	0
IS	7	0	0	0	0
IS	8	0	0	0	0
IS	9	0	0	0	0
IS	10	0	0	0	0
IS	11	0	0	0	0
IS	12	0	0	0	0
IS	13	0	0	0	0
IS	14	0	0	0	0
IS	15	0	0	0	0
IS	16	0	0	0	0
IS	17	0	0	0	0
IS	18	0	0	0	0
IS	19	0	0	0	0
IS	20	0	0	0	0
IS	21	0	0	0	0
IS	22	0	0	0	0
IS	23	0	0	0	0
IS	24	0	0	0	0
IS	25	0	0	0	0
IS	26	0	0	0	0
IS	27	0	0	0	0
IS	28	0	0	0	0
IS	29	0	0	0	0
IS	30	0	0	0	0
IS	31	0	0	0	0
IS	32	0	0	0	0
IS	33	0	0	0	0
IS	34	0	0	0	0
IS	35	149	74	75	0
IS	36	142	80	62	0
IS	37	135	79	56	0
IS	38	200	119	81	0
IS	39	188	106	82	0
IS	40	191	112	79	0
IS	41	237	143	94	0
IS	42	233	130	103	0
IS	43	241	127	114	0
IS	44	224	134	90	0
IS	45	239	157	82	0
IS	46	294	170	124	0
IS	47	303	182	121	0
IS	48	339	206	133	0
IS	49	402	243	159	0
IS	50	468	253	215	0
IS	51	467	263	204	0
IS	52	510	259	251	0
IS	53	593	323	270	0
IS	54	545	298	247	0
IS	55	489	280	209	0
IS	56	637	347	290	0
IS	57	669	362	307	0
IS	58	776	450	326	0
IS	59	921	483	438	0
IS	60	1022	551	471	0
IS	61	1175	645	530	0
IS	62	1272	661	611	0
IS	63	1298	720	578	0
IS	64	1425	759	666	0
IS	65	1417	749	668	0
IS	66	1555	881	674	0
IS	67	1916	1072	844	0
IS	68	1853	1001	852	0
IS	69	2197	1179	1018	0
IS	70	2686	1496	1190	0
IS	71	2698	1431	1267	0
IS	72	3178	1683	1495	0
IS	73	3574	2007	1567	0
IS	74	3652	1929	1723	0
IS	75	4156	2287	1869	0
IS	76	4666	2524	2142	0
IS	77	4860	2626	2234	0
IS	78	5443	2892	2551	0
IS	79	6431	3476	2955	0
IS	80	7004	3762	3242	0
IS	81	7852	4163	3689	0
IS	82	8584	4621	3963	0
IS	83	9788	5220	4568	0
IS	84	10765	5810	4955	0
IS	85	12372	6662	5710	0
IS	86	13486	7171	6315	0
IS	87	14485	7663	6822	0
IS	88	16068	8593	7475	0
IS	89	17624	9433	8191	0
IS	90	19704	10548	9156	0
IS	91	21843	11745	10098	0
IS	92	24244	12938	11306	0
IS	93	26782	14309	12473	0
IS	94	29924	16230	13694	0
IS	95	32330	17278	15052	0
IS	96	34707	18512	16195	0
IS	97	38443	20764	17679	0
IS	98	40591	21729	18862	0
IS	99	44969	24188	20781	0
IS	100	48932	25941	22991	0
IS	101	52661	28356	24305	0
IS	102	56632	30437	26195	0
IS	103	62859	33882	28977	0
IS	104	66750	35521	31229	0
IS	105	71300	38391	32909	0
IS	106	77268	41767	35501	0
IS	107	80845	43549	37296	0
IS	108	87093	46404	40689	0
IS	109	92767	49650	43117	0
IS	110	95774	51101	44673	0
IS	111	102674	55399	47275	0
IS	112	110309	59114	51195	0
IS	113	115062	61629	53433	0
IS	114	122156	65436	56720	0
IS	115	130307	70088	60219	0
IS	116	135274	73130	62144	0
IS	117	140437	75752	64685	0
IS	118	146487	77679	68808	0
IS	119	149788	79826	69962	0
IS	120	157352	84161	73191	0
IS	121	164668	88329	76339	0
IS	122	169616	91107	78509	0
IS	123	176170	95230	80940	0
IS	124	186813	100773	86040	0
IS	125	189636	102473	87163	0
IS	126	197762	106851	90911	0
IS	127	204327	110655	93672	0
IS	128	206900	111270	95630	0
IS	129	211971	113757	98214	0
IS	130	219925	118387	101538	0
IS	131	220191	119032	101159	0
IS	132	227624	122652	104972	0
IS	133	238977	128488	110489	0
IS	134	241629	130592	111037	0
IS	135	247305	132157	115148	0
IS	136	258366	139599	118767	0
IS	137	258636	139325	119311	0
IS	138	261290	141073	120217	0
IS	139	268250	143853	124397	0
IS	140	269043	144985	124058	0
IS	141	273412	147851	125561	0
IS	142	281941	151803	130138	0
IS	143	284369	152792	131577	0
IS	144	287887	154271	133616	0
IS	145	297291	159867	137424	0
IS	146	299784	161874	137910	0
IS	147	303984	164552	139431	1
IS	148	309151	167383	141768	0
IS	149	306004	165544	140460	0
IS	150	308150	167592	140558	0
IS	151	342601	198037	144564	0
IS	152	358034	342421	15613	0
IS	153	365989	356662	9327	0
IS	154	373979	367661	6318	0
IS	155	377059	372319	4740	0
IS	156	381362	377959	3403	0
IS	157	384468	381277	3191	0
IS	158	385942	382892	3050	0
IS	159	383005	380186	2819	0
IS	160	389532	386904	2628	0
IS	161	386547	383872	2675	0
IS	162	390553	388140	2413	0
IS	163	399238	396822	2416	0
IS	164	397956	395316	2640	0
IS	165	403831	401190	2641	0
IS	166	412139	409389	2750	0
IS	167	407918	405069	2849	0
IS	168	412679	409849	2830	0
IS	169	412705	409695	3010	0
IS	170	405438	402123	3315	0
IS	171	409114	405680	3434	0
IS	172	417180	413809	3371	0
IS	173	414364	410426	3938	0
IS	174	415931	411841	4090	0
IS	175	424106	419774	4332	0
IS	176	420221	415821	4400	0
IS	177	419959	415621	4338	0
IS	178	424321	419809	4512	0
IS	179	422032	417113	4919	0
IS	180	419665	414533	5132	0
IS	181	424147	418847	5300	0
IS	182	414208	408672	5536	0
IS	183	419225	413753	5472	0
IS	184	420148	414056	6092	0
IS	185	421719	415523	6196	0
IS	186	420506	414239	6267	0
IS	187	427334	420798	6536	0
IS	188	420393	413475	6918	0
IS	189	419488	412557	6931	0
IS	190	420026	412751	7275	0
IS	191	413568	405876	7692	0
IS	192	412609	404255	8354	0
IS	193	416856	408145	8711	0
IS	194	413440	405271	8169	0
IS	195	413769	404507	9262	0
IS	196	416333	407126	9207	0
IS	197	411128	401741	9387	0
IS	198	409098	399436	9662	0
IS	199	412995	402885	10110	0
IS	200	406089	396406	9683	0
IS	201	403423	393391	10032	0
IS	202	399909	390417	9492	0
IS	203	395718	385726	9992	0
IS	204	394679	384565	10114	0
IS	205	395335	385154	10181	0
IS	206	389786	379906	9880	0
IS	207	391495	381396	10099	0
IS	208	395900	386093	9807	0
IS	209	383654	374025	9629	0
IS	210	377836	368612	9224	0
IS	211	373777	364557	9220	0
IS	212	361955	354084	7871	0
IS	213	361971	354831	7140	0
IS	214	362972	356002	6970	0
IS	215	354615	347696	6919	0
IS	216	348347	342617	5730	0
IS	217	346405	341042	5363	0
IS	218	345820	336646	9174	0
IS	219	341009	331826	9183	0
IS	220	334486	328874	5612	0
IS	221	324013	319207	4806	0
IS	222	319899	316098	3801	0
IS	223	321514	318114	3400	0
IS	224	314294	311147	3147	0
IS	225	310081	307191	2890	0
IS	226	313919	310927	2992	0
IS	227	309697	306783	2914	0
IS	228	306892	304041	2851	0
IS	229	302782	300392	2390	0
IS	230	295697	293499	2198	0
IS	231	289689	287315	2374	0
IS	232	289733	287601	2132	0
IS	233	281950	279762	2188	0
IS	234	281432	279295	2137	0
IS	235	283062	280934	2128	0
IS	236	277539	275508	2031	0
IS	237	277784	275694	2090	0
IS	238	279224	277092	2132	0
IS	239	274286	272252	2034	0
IS	240	270707	268780	1927	0
IS	241	268565	266556	2009	0
IS	242	262368	260306	2062	0
IS	243	259438	257290	2148	0
IS	244	260598	258735	1863	0
IS	245	254315	252508	1807	0
IS	246	252923	251101	1822	0
IS	247	258224	256377	1847	0
IS	248	252927	250949	1978	0
IS	249	249375	247545	1830	0
IS	250	247043	244987	2056	0
IS	251	240872	238924	1948	0
IS	252	238029	236206	1823	0
IS	253	235069	232977	2092	0
IS	254	230092	228250	1842	0
IS	255	229554	227723	1831	0
IS	256	230782	228955	1827	0
IS	257	229492	227657	1835	0
IS	258	227642	225843	1799	0
IS	259	228798	226959	1839	0
IS	260	222984	221280	1704	0
IS	261	220078	218269	1809	0
IS	262	216938	215220	1718	0
IS	263	214278	212589	1689	0
IS	264	210600	208807	1793	0
IS	265	211496	209755	1741	0
IS	266	207877	206324	1553	0
IS	267	206607	204753	1854	0
IS	268	208171	206383	1788	0
IS	269	203705	201883	1822	0
IS	270	200270	198638	1632	0
IS	271	199988	198361	1627	0
IS	272	195782	194138	1644	0
IS	273	193638	191950	1688	0
IS	274	191452	189762	1690	0
IS	275	188996	187388	1608	0
IS	276	186219	184679	1540	0
IS	277	186240	184666	1574	0
IS	278	185331	183813	1518	0
IS	279	185213	183518	1695	0
IS	280	183865	182443	1422	0
IS	281	178548	177203	1345	0
IS	282	176650	175309	1341	0
IS	283	173743	172326	1417	0
IS	284	171238	169964	1274	0
IS	285	169028	167767	1261	0
IS	286	168686	167396	1290	0
IS	287	165842	164580	1262	0
IS	288	165603	164329	1274	0
IS	289	164888	163629	1259	0
IS	290	163836	162604	1229	3
IS	291	161322	160035	1287	0
IS	292	160089	158731	1358	0
IS	293	155797	154490	1307	0
IS	294	152547	151248	1299	0
IS	295	153526	152280	1246	0
IS	296	150299	148847	1452	0
IS	297	149568	147964	1604	0
IS	298	149814	148125	1689	0
IS	299	146979	145496	1483	0
IS	300	148226	146687	1539	0
IS	301	147735	146027	1708	0
IS	302	144271	142644	1627	0
IS	303	141220	139727	1493	0
IS	304	140399	139244	1155	0
IS	305	137139	135827	1312	0
IS	306	134311	133119	1192	0
IS	307	133194	131768	1426	0
IS	308	132256	130669	1587	0
IS	309	132531	131022	1509	0
IS	310	130513	129041	1472	0
IS	311	127247	126116	1131	0
IS	312	126498	125309	1189	0
IS	313	125246	123915	1331	0
IS	314	121362	119990	1372	0
IS	315	119949	118487	1462	0
IS	316	118044	116815	1229	0
IS	317	115797	114439	1358	0
IS	318	115581	114130	1451	0
IS	319	115408	114022	1386	0
IS	320	112523	111167	1356	0
IS	321	113041	111653	1388	0
IS	322	111568	110502	1066	0
IS	323	110050	108611	1439	0
IS	324	106859	105680	1179	0
IS	325	107458	106109	1349	0
IS	326	103627	102520	1107	0
IS	327	102997	101921	1076	0
IS	328	101462	100162	1300	0
IS	329	99010	97646	1364	0
IS	330	99410	98029	1381	0
IS	331	99912	98594	1318	0
IS	332	97634	96146	1488	0
IS	333	96916	95537	1379	0
IS	334	94748	93592	1156	0
IS	335	93111	91687	1424	0
IS	336	93265	91632	1633	0
IS	337	90085	88933	1152	0
IS	338	88261	87087	1174	0
IS	339	87047	85745	1302	0
IS	340	87002	86163	839	0
IS	341	84705	83660	1045	0
IS	342	83944	82972	972	0
IS	343	84761	83897	864	0
IS	344	81538	80769	769	0
IS	345	80801	80161	640	0
IS	346	79485	78794	691	0
IS	347	77299	76659	640	0
IS	348	76002	75431	571	0
IS	349	76041	75492	549	0
IS	350	74564	73944	620	0
IS	351	74512	73852	660	0
IS	352	73294	72753	541	0
IS	353	72909	72263	646	0
IS	354	71691	71078	613	0
IS	355	70141	69517	624	0
IS	356	68904	68257	647	0
IS	357	67729	67058	671	0
IS	358	65730	65091	639	0
IS	359	65073	64463	610	0
IS	360	63701	63068	633	0
IS	361	62910	62250	660	0
IS	362	62591	62091	500	0
IS	363	62522	61991	531	0
IS	364	62415	61825	590	0
IS	365	60388	59863	525	0
IS	366	59826	59283	543	0
IS	367	59404	58822	582	0
IS	368	57528	57036	492	0
IS	369	56140	55654	486	0
IS	370	58009	57522	487	0
IS	371	56158	55553	605	0
IS	372	56438	56019	419	0
IS	373	55018	54492	526	0
IS	374	53855	53409	446	0
IS	375	53187	52666	521	0
IS	376	52526	52166	360	0
IS	377	51399	50963	436	0
IS	378	50696	50307	389	0
IS	379	49909	49475	434	0
IS	380	49453	49031	422	0
IS	381	48624	48193	431	0
IS	382	47418	47040	378	0
IS	383	47319	46941	378	0
IS	384	46461	46018	443	0
IS	385	46231	45823	408	0
IS	386	44310	43954	356	0
IS	387	44433	44035	398	0
IS	388	43877	43508	369	0
IS	389	42490	42146	344	0
IS	390	42405	42064	341	0
IS	391	41983	41616	367	0
IS	392	40958	40615	343	0
IS	393	40379	40025	354	0
IS	394	39798	39398	400	0
IS	395	39277	38929	348	0
IS	396	38721	38326	395	0
IS	397	39188	38753	435	0
IS	398	37731	37368	363	0
IS	399	38139	37793	346	0
IS	400	36699	36368	331	0
IS	401	36504	36129	375	0
IS	402	29316	28926	390	0
IS	403	29816	29546	270	0
IS	404	29187	28869	318	0
IS	405	28638	28368	270	0
IS	406	29271	28944	327	0
IS	407	28155	27872	283	0
IS	408	27434	27079	355	0
IS	409	26653	26342	311	0
IS	410	25737	25342	395	0
IS	411	25900	25563	337	0
IS	412	25898	25609	289	0
IS	413	25197	24851	346	0
IS	414	24535	24166	369	0
IS	415	24416	24088	328	0
IS	416	23949	23592	357	0
IS	417	23281	22994	287	0
IS	418	23363	23010	353	0
IS	419	22407	22084	323	0
IS	420	22325	21931	394	0
IS	421	22076	21736	340	0
IS	422	21406	21142	264	0
IS	423	21459	21179	280	0
IS	424	21526	21214	312	0
IS	425	20732	20395	337	0
IS	426	20140	19787	353	0
IS	427	20280	19927	353	0
IS	428	19795	19480	315	0
IS	429	19608	19198	410	0
IS	430	19051	18702	349	0
IS	431	18532	18115	417	0
IS	432	18597	18144	453	0
IS	433	18218	17812	406	0
IS	434	18150	17691	459	0
IS	435	17832	17442	390	0
IS	436	17566	17199	367	0
IS	437	17450	17091	359	0
IS	438	17035	16610	425	0
IS	439	17065	16596	469	0
IS	440	16341	15814	527	0
IS	441	16502	15653	849	0
IS	442	16598	15652	946	0
IS	443	15746	15051	695	0
IS	444	15797	15223	574	0
IS	445	15226	14807	419	0
IS	446	14913	14572	341	0
IS	447	15400	14967	433	0
IS	448	14624	14242	382	0
IS	449	14626	14204	422	0
IS	450	13933	13526	407	0
IS	451	14137	13757	380	0
IS	452	14127	13668	459	0
IS	453	13447	13074	373	0
IS	454	13986	13563	423	0
IS	455	13099	12599	500	0
IS	456	13359	12897	462	0
IS	457	13057	12543	514	0
IS	458	12629	12294	335	0
IS	459	11857	11550	307	0
IS	460	11685	11416	269	0
IS	461	12081	11727	354	0
IS	462	11415	11137	278	0
IS	463	11365	11066	299	0
IS	464	11225	10920	305	0
IS	465	11062	10724	338	0
IS	466	10792	10570	222	0
IS	467	10712	10470	242	0
IS	468	10925	10753	172	0
IS	469	10380	10145	235	0
IS	470	10264	10033	231	0
IS	471	10127	9890	237	0
IS	472	9823	9612	211	0
IS	473	9499	9270	229	0
IS	474	9140	8925	215	0
IS	475	9208	8931	277	0
IS	476	8889	8660	229	0
IS	477	8747	8540	207	0
IS	478	8841	8603	238	0
IS	479	8656	8388	268	0
IS	480	8523	8251	272	0
IS	481	8462	8165	297	0
IS	482	8225	7982	243	0
IS	483	8054	7856	198	0
IS	484	7878	7637	241	0
IS	485	8158	7897	261	0
IS	486	7627	7345	282	0
IS	487	7652	7322	330	0
IS	488	7688	7474	214	0
IS	489	7653	7418	235	0
IS	490	7422	7168	254	0
IS	491	7147	6923	224	0
IS	492	6866	6675	191	0
IS	493	7103	6886	217	0
IS	494	6676	6534	142	0
IS	495	6746	6602	144	0
IS	496	6559	6444	115	0
IS	497	6477	6359	118	0
IS	498	6494	6318	176	0
IS	499	6329	6123	206	0
IS	500	6501	6282	219	0
IS	501	6326	6176	150	0
IS	502	6299	6124	175	0
IS	503	6434	6185	249	0
IS	504	6043	5796	247	0
IS	505	6096	5799	297	0
IS	506	5861	5609	252	0
IS	507	5769	5560	209	0
IS	508	5559	5424	135	0
IS	509	5434	5305	129	0
IS	510	5260	5129	131	0
IS	511	5246	5108	138	0
IS	512	5309	5185	124	0
IS	513	5628	5470	158	0
IS	514	5242	5121	121	0
IS	515	4823	4686	137	0
IS	516	4685	4513	172	0
IS	517	4782	4575	207	0
IS	518	4882	4729	153	0
IS	519	4750	4542	208	0
IS	520	4613	4479	134	0
IS	521	4248	4108	140	0
IS	522	5092	4861	231	0
# Read lengths. Use `grep ^RL | cut -f 2-` to extract this part. The columns are: read length, count
RL	35	1206
RL	36	968
RL	37	936
RL	38	1090
RL	39	1137
RL	40	1163
RL	41	1204
RL	42	1226
RL	43	1364
RL	44	1481
RL	45	1710
RL	46	1828
RL	47	1976
RL	48	2080
RL	49	2311
RL	50	2886
RL	51	2499
RL	52	2766
RL	53	2692
RL	54	2621
RL	55	2511
RL	56	2815
RL	57	2830
RL	58	3086
RL	59	3301
RL	60	3676
RL	61	3919
RL	62	4366
RL	63	4271
RL	64	4696
RL	65	4752
RL	66	5092
RL	67	5636
RL	68	5971
RL	69	6675
RL	70	7643
RL	71	7727
RL	72	8879
RL	73	9944
RL	74	10304
RL	75	11149
RL	76	12240
RL	77	13056
RL	78	14304
RL	79	17204
RL	80	18256
RL	81	20181
RL	82	21897
RL	83	24863
RL	84	27243
RL	85	30923
RL	86	33711
RL	87	36261
RL	88	39998
RL	89	43390
RL	90	48317
RL	91	53070
RL	92	59245
RL	93	66024
RL	94	73453
RL	95	79355
RL	96	84918
RL	97	93780
RL	98	99317
RL	99	110131
RL	100	120407
RL	101	129306
RL	102	138086
RL	103	153521
RL	104	163630
RL	105	174460
RL	106	189435
RL	107	197760
RL	108	213715
RL	109	228299
RL	110	235761
RL	111	253022
RL	112	273241
RL	113	284820
RL	114	299032
RL	115	321194
RL	116	332845
RL	117	347273
RL	118	361914
RL	119	373766
RL	120	389019
RL	121	407492
RL	122	421349
RL	123	437701
RL	124	464075
RL	125	471506
RL	126	490752
RL	127	508100
RL	128	514624
RL	129	526713
RL	130	546759
RL	131	555063
RL	132	572066
RL	133	603688
RL	134	615038
RL	135	624916
RL	136	647519
RL	137	654748
RL	138	666705
RL	139	685921
RL	140	699007
RL	141	717431
RL	142	757687
RL	143	796494
RL	144	806205
RL	145	910954
RL	146	1130999
RL	147	1250080
RL	148	783463
RL	149	778581
RL	150	777921
RL	151	122876697
# Read lengths - first fragments. Use `grep ^FRL | cut -f 2-` to extract this part. The columns are: read length, count
FRL	35	681
FRL	36	511
FRL	37	483
FRL	38	573
FRL	39	580
FRL	40	617
FRL	41	626
FRL	42	667
FRL	43	739
FRL	44	798
FRL	45	905
FRL	46	950
FRL	47	1043
FRL	48	1142
FRL	49	1323
FRL	50	1661
FRL	51	1392
FRL	52	1600
FRL	53	1459
FRL	54	1414
FRL	55	1395
FRL	56	1513
FRL	57	1540
FRL	58	1668
FRL	59	1778
FRL	60	1978
FRL	61	2084
FRL	62	2301
FRL	63	2259
FRL	64	2468
FRL	65	2497
FRL	66	2685
FRL	67	2958
FRL	68	3172
FRL	69	3532
FRL	70	3985
FRL	71	4014
FRL	72	4547
FRL	73	5082
FRL	74	5305
FRL	75	5712
FRL	76	6263
FRL	77	6701
FRL	78	7295
FRL	79	8871
FRL	80	9309
FRL	81	10315
FRL	82	11072
FRL	83	12584
FRL	84	13762
FRL	85	15570
FRL	86	17001
FRL	87	18267
FRL	88	20137
FRL	89	21864
FRL	90	24324
FRL	91	26707
FRL	92	29745
FRL	93	33173
FRL	94	36856
FRL	95	39898
FRL	96	42698
FRL	97	47160
FRL	98	49831
FRL	99	55316
FRL	100	60460
FRL	101	64974
FRL	102	69319
FRL	103	77039
FRL	104	82051
FRL	105	87451
FRL	106	95017
FRL	107	99335
FRL	108	107292
FRL	109	114516
FRL	110	118170
FRL	111	126780
FRL	112	136903
FRL	113	142719
FRL	114	149910
FRL	115	161021
FRL	116	166875
FRL	117	174111
FRL	118	181440
FRL	119	187288
FRL	120	195062
FRL	121	204441
FRL	122	211325
FRL	123	219570
FRL	124	232726
FRL	125	236414
FRL	126	246125
FRL	127	254819
FRL	128	258018
FRL	129	264129
FRL	130	274111
FRL	131	278334
FRL	132	287010
FRL	133	302881
FRL	134	308510
FRL	135	313400
FRL	136	324685
FRL	137	328275
FRL	138	334017
FRL	139	343380
FRL	140	349618
FRL	141	356797
FRL	142	375475
FRL	143	392450
FRL	144	401931
FRL	145	449804
FRL	146	557045
FRL	147	590650
FRL	148	391828
FRL	149	389397
FRL	150	390809
FRL	151	61466079
# Read lengths - last fragments. Use `grep ^LRL | cut -f 2-` to extract this part. The columns are: read length, count
LRL	35	525
LRL	36	457
LRL	37	453
LRL	38	517
LRL	39	557
LRL	40	546
LRL	41	578
LRL	42	559
LRL	43	625
LRL	44	683
LRL	45	805
LRL	46	878
LRL	47	933
LRL	48	938
LRL	49	988
LRL	50	1225
LRL	51	1107
LRL	52	1166
LRL	53	1233
LRL	54	1207
LRL	55	1116
LRL	56	1302
LRL	57	1290
LRL	58	1418
LRL	59	1523
LRL	60	1698
LRL	61	1835
LRL	62	2065
LRL	63	2012
LRL	64	2228
LRL	65	2255
LRL	66	2407
LRL	67	2678
LRL	68	2799
LRL	69	3143
LRL	70	3658
LRL	71	3713
LRL	72	4332
LRL	73	4862
LRL	74	4999
LRL	75	5437
LRL	76	5977
LRL	77	6355
LRL	78	7009
LRL	79	8333
LRL	80	8947
LRL	81	9866
LRL	82	10825
LRL	83	12279
LRL	84	13481
LRL	85	15353
LRL	86	16710
LRL	87	17994
LRL	88	19861
LRL	89	21526
LRL	90	23993
LRL	91	26363
LRL	92	29500
LRL	93	32851
LRL	94	36597
LRL	95	39457
LRL	96	42220
LRL	97	46620
LRL	98	49486
LRL	99	54815
LRL	100	59947
LRL	101	64332
LRL	102	68767
LRL	103	76482
LRL	104	81579
LRL	105	87009
LRL	106	94418
LRL	107	98425
LRL	108	106423
LRL	109	113783
LRL	110	117591
LRL	111	126242
LRL	112	136338
LRL	113	142101
LRL	114	149122
LRL	115	160173
LRL	116	165970
LRL	117	173162
LRL	118	180474
LRL	119	186478
LRL	120	193957
LRL	121	203051
LRL	122	210024
LRL	123	218131
LRL	124	231349
LRL	125	235092
LRL	126	244627
LRL	127	253281
LRL	128	256606
LRL	129	262584
LRL	130	272648
LRL	131	276729
LRL	132	285056
LRL	133	300807
LRL	134	306528
LRL	135	311516
LRL	136	322834
LRL	137	326473
LRL	138	332688
LRL	139	342541
LRL	140	349389
LRL	141	360634
LRL	142	382212
LRL	143	404044
LRL	144	404274
LRL	145	461150
LRL	146	573954
LRL	147	659430
LRL	148	391635
LRL	149	389184
LRL	150	387112
LRL	151	61410618
# Mapping qualities for reads !(UNMAP|SECOND|SUPPL|QCFAIL|DUP). Use `grep ^MAPQ | cut -f 2-` to extract this part. The columns are: mapq, count
MAPQ	0	29779
MAPQ	1	237617
MAPQ	60	136581790
# Indel distribution. Use `grep ^ID | cut -f 2-` to extract this part. The columns are: length, number of insertions, number of deletions
ID	1	1354114	1160050
ID	2	338326	671505
ID	3	238814	203999
ID	4	59241	38064
ID	5	15385	43421
ID	6	33690	57207
ID	7	13828	31211
ID	8	17378	19110
# Indels per cycle. Use `grep ^IC | cut -f 2-` to extract this part. The columns are: cycle, number of insertions (fwd), .. (rev) , number of deletions (fwd), .. (rev)
IC	2	8	9	2	3
IC	3	7	7	6	8
IC	4	2	35	4	19
IC	5	9	39	10	13
IC	6	19	36	39	14
IC	7	39	60	37	63
IC	8	2127	1435	2231	2485
IC	9	2448	2680	3611	2889
IC	10	3350	4043	2483	2002
IC	11	4220	2870	2762	2906
IC	12	5415	5089	3795	4275
IC	13	5676	4725	4623	3675
IC	14	5359	5883	5319	5323
IC	15	7519	5814	5829	7565
IC	16	5249	5413	5618	6289
IC	17	5502	8568	5317	7928
IC	18	5508	7513	5461	6509
IC	19	7044	9933	6337	17628
IC	20	7426	9189	5276	6734
IC	21	6910	7302	6516	7439
IC	22	6262	9896	5975	9229
IC	23	7685	7961	6243	7918
IC	24	7718	7335	6622	9472
IC	25	7166	8587	6925	11565
IC	26	7482	6536	8510	14864
IC	27	7671	7072	6436	8349
IC	28	7436	6689	6530	8525
IC	29	7761	7952	6569	11816
IC	30	6593	8151	6325	13392
IC	31	7936	6302	8151	9244
IC	32	6485	7563	6749	7304
IC	33	9313	6808	7079	8023
IC	34	7564	6676	8132	8620
IC	35	7950	12014	8405	8928
IC	36	6732	9666	7894	11087
IC	37	6737	9307	7151	13319
IC	38	7905	8230	7709	20622
IC	39	6913	7479	7676	15743
IC	40	7064	7218	8095	16203
IC	41	7980	7969	8263	10903
IC	42	8933	7655	9531	7991
IC	43	8849	7228	10594	7977
IC	44	8028	7243	8331	14117
IC	45	6932	7220	8102	9509
IC	46	6728	8962	7337	13084
IC	47	7906	9524	8544	7703
IC	48	8834	12983	6376	16778
IC	49	8947	8320	7563	9133
IC	50	9484	7504	7225	6531
IC	51	9034	10019	7214	13242
IC	52	9534	7723	8420	7868
IC	53	10101	10779	6308	9148
IC	54	13190	9108	7474	11702
IC	55	9425	8579	7088	8798
IC	56	8766	10753	7635	10006
IC	57	7050	7428	7352	19720
IC	58	7766	9889	6290	9981
IC	59	9171	10133	6960	10594
IC	60	8953	7375	6288	11468
IC	61	9134	8241	8543	9993
IC	62	7460	7406	12459	9262
IC	63	7298	8757	9267	12696
IC	64	7038	8175	11890	9589
IC	65	7084	7728	7886	13338
IC	66	8655	7744	8510	11219
IC	67	6116	8941	10760	16449
IC	68	9471	9859	9456	9470
IC	69	6631	10354	9216	9989
IC	70	7709	9579	11163	8865
IC	71	7925	10175	9175	7598
IC	72	7701	8502	7837	11453
IC	73	8379	7298	7789	8091
IC	74	6329	8432	9479	7817
IC	75	7158	8806	9114	7245
IC	76	7706	8764	8269	9332
IC	77	8894	10618	10457	7468
IC	78	6273	8524	9958	18670
IC	79	6787	8199	8765	7586
IC	80	7027	8159	7229	7241
IC	81	10096	7487	9946	9785
IC	82	6567	7730	7665	7910
IC	83	6785	7455	8075	9859
IC	84	7183	7828	10581	13287
IC	85	6666	8739	9841	9988
IC	86	7287	8801	9110	6887
IC	87	8010	10083	8433	9203
IC	88	6845	8134	9862	8645
IC	89	8514	7509	8628	7558
IC	90	8875	6841	9295	6975
IC	91	8054	7426	12130	9562
IC	92	9082	7199	8033	7757
IC	93	7531	7933	10037	8455
IC	94	8130	7379	8230	9348
IC	95	6990	7289	11017	7216
IC	96	7362	6770	10517	7962
IC	97	7109	6033	11882	12256
IC	98	10754	7000	13673	8628
IC	99	12310	7327	8069	12058
IC	100	8963	7397	10725	6862
IC	101	7644	7215	8511	7328
IC	102	17693	12031	8747	6903
IC	103	36471	8556	8995	6635
IC	104	14500	7857	7043	7039
IC	105	9404	9233	8925	7996
IC	106	15158	7453	7775	8220
IC	107	7564	11700	8583	6658
IC	108	10375	10877	8329	6972
IC	109	7600	12870	8847	7942
IC	110	11029	7685	7659	6931
IC	111	7636	9151	6620	8953
IC	112	7325	7302	7530	7855
IC	113	7340	9883	7323	7800
IC	114	6832	7289	9301	8317
IC	115	6501	6728	8322	7598
IC	116	6488	7520	9133	7639
IC	117	6530	7051	6757	9567
IC	118	7416	7254	9273	7670
IC	119	6615	9582	12405	7555
IC	120	6935	8878	9216	7834
IC	121	6552	7439	10792	7745
IC	122	6258	7027	8001	5237
IC	123	6441	7288	9137	8081
IC	124	7081	7249	11255	7231
IC	125	6316	6704	11459	6645
IC	126	5539	6639	7263	6709
IC	127	6024	7256	6681	4815
IC	128	6745	5628	7335	6510
IC	129	5983	6689	5857	5426
IC	130	5171	6629	6532	6519
IC	131	6235	6399	7761	7420
IC	132	5577	5990	5904	8051
IC	133	4623	5294	5566	5140
IC	134	6485	5654	5317	5189
IC	135	5755	6048	5523	5698
IC	136	5292	5429	4575	7322
IC	137	4613	5862	3873	5243
IC	138	3604	3667	4072	5482
IC	139	3538	3707	4496	3225
IC	140	3011	2495	2758	2708
IC	141	2871	2911	2066	1666
IC	142	1911	2519	1850	1299
IC	143	2008	2211	2548	1575
IC	144	1660	2372	51	59
IC	145	49	26	10	20
IC	146	172	24	7	9
IC	147	77	8	2	10
IC	148	12	8	1	0
IC	149	11	2	1	1
IC	150	2	6	0	0
# Coverage distribution. Use `grep ^COV | cut -f 2-` to extract this part.
COV	[1-1]	1	590588
COV	[2-2]	2	697069
COV	[3-3]	3	426482
COV	[4-4]	4	532065
COV	[5-5]	5	352179
COV	[6-6]	6	412389
COV	[7-7]	7	286761
COV	[8-8]	8	333793
COV	[9-9]	9	251234
COV	[10-10]	10	271956
COV	[11-11]	11	218841
COV	[12-12]	12	229060
COV	[13-13]	13	199616
COV	[14-14]	14	202373
COV	[15-15]	15	178655
COV	[16-16]	16	179187
COV	[17-17]	17	161179
COV	[18-18]	18	159337
COV	[19-19]	19	147069
COV	[20-20]	20	145980
COV	[21-21]	21	135811
COV	[22-22]	22	132636
COV	[23-23]	23	127084
COV	[24-24]	24	124721
COV	[25-25]	25	121812
COV	[26-26]	26	117195
COV	[27-27]	27	109762
COV	[28-28]	28	110044
COV	[29-29]	29	105560
COV	[30-30]	30	102033
COV	[31-31]	31	100713
COV	[32-32]	32	95896
COV	[33-33]	33	92632
COV	[34-34]	34	93399
COV	[35-35]	35	88855
COV	[36-36]	36	87691
COV	[37-37]	37	83584
COV	[38-38]	38	84128
COV	[39-39]	39	81110
COV	[40-40]	40	79973
COV	[41-41]	41	77970
COV	[42-42]	42	76831
COV	[43-43]	43	74605
COV	[44-44]	44	73398
COV	[45-45]	45	71343
COV	[46-46]	46	72181
COV	[47-47]	47	71368
COV	[48-48]	48	69616
COV	[49-49]	49	68190
COV	[50-50]	50	67463
COV	[51-51]	51	66529
COV	[52-52]	52	64713
COV	[53-53]	53	64931
COV	[54-54]	54	62652
COV	[55-55]	55	63777
COV	[56-56]	56	61636
COV	[57-57]	57	59995
COV	[58-58]	58	59549
COV	[59-59]	59	58401
COV	[60-60]	60	58637
COV	[61-61]	61	57556
COV	[62-62]	62	57088
COV	[63-63]	63	55570
COV	[64-64]	64	55172
COV	[65-65]	65	55268
COV	[66-66]	66	54393
COV	[67-67]	67	52853
COV	[68-68]	68	52914
COV	[69-69]	69	53295
COV	[70-70]	70	51099
COV	[71-71]	71	51753
COV	[72-72]	72	51011
COV	[73-73]	73	49339
COV	[74-74]	74	50366
COV	[75-75]	75	49552
COV	[76-76]	76	49096
COV	[77-77]	77	47946
COV	[78-78]	78	48509
COV	[79-79]	79	47397
COV	[80-80]	80	47057
COV	[81-81]	81	47012
COV	[82-82]	82	45863
COV	[83-83]	83	46137
COV	[84-84]	84	45279
COV	[85-85]	85	44756
COV	[86-86]	86	43993
COV	[87-87]	87	44233
COV	[88-88]	88	43858
COV	[89-89]	89	43150
COV	[90-90]	90	41928
COV	[91-91]	91	43011
COV	[92-92]	92	42590
COV	[93-93]	93	41964
COV	[94-94]	94	41552
COV	[95-95]	95	41329
COV	[96-96]	96	40708
COV	[97-97]	97	40833
COV	[98-98]	98	40126
COV	[99-99]	99	40147
COV	[100-100]	100	39330
COV	[101-101]	101	39664
COV	[102-102]	102	39308
COV	[103-103]	103	39727
COV	[104-104]	104	40125
COV	[105-105]	105	39157
COV	[106-106]	106	39723
COV	[107-107]	107	38561
COV	[108-108]	108	39507
COV	[109-109]	109	38435
COV	[110-110]	110	38296
COV	[111-111]	111	37622
COV	[112-112]	112	37406
COV	[113-113]	113	37294
COV	[114-114]	114	36736
COV	[115-115]	115	37061
COV	[116-116]	116	36226
COV	[117-117]	117	36643
COV	[118-118]	118	36124
COV	[119-119]	119	36051
COV	[120-120]	120	35596
COV	[121-121]	121	35344
COV	[122-122]	122	35428
COV	[123-123]	123	34990
COV	[124-124]	124	34651
COV	[125-125]	125	34853
COV	[126-126]	126	34647
COV	[127-127]	127	34185
COV	[128-128]	128	34644
COV	[129-129]	129	33953
COV	[130-130]	130	34014
COV	[131-131]	131	34244
COV	[132-132]	132	33907
COV	[133-133]	133	33658
COV	[134-134]	134	33865
COV	[135-135]	135	33217
COV	[136-136]	136	33003
COV	[137-137]	137	32678
COV	[138-138]	138	32725
COV	[139-139]	139	32968
COV	[140-140]	140	32352
COV	[141-141]	141	32708
COV	[142-142]	142	32268
COV	[143-143]	143	32681
COV	[144-144]	144	32192
COV	[145-145]	145	32427
COV	[146-146]	146	31660
COV	[147-147]	147	31356
COV	[148-148]	148	31666
COV	[149-149]	149	30549
COV	[150-150]	150	31020
COV	[151-151]	151	30373
COV	[152-152]	152	30176
COV	[153-153]	153	30182
COV	[154-154]	154	30328
COV	[155-155]	155	29558
COV	[156-156]	156	30045
COV	[157-157]	157	29616
COV	[158-158]	158	29621
COV	[159-159]	159	28928
COV	[160-160]	160	28817
COV	[161-161]	161	29419
COV	[162-162]	162	29329
COV	[163-163]	163	28980
COV	[164-164]	164	29277
COV	[165-165]	165	28921
COV	[166-166]	166	28937
COV	[167-167]	167	28973
COV	[168-168]	168	28579
COV	[169-169]	169	28514
COV	[170-170]	170	28099
COV	[171-171]	171	28289
COV	[172-172]	172	28314
COV	[173-173]	173	28200
COV	[174-174]	174	27517
COV	[175-175]	175	27723
COV	[176-176]	176	28130
COV	[177-177]	177	27127
COV	[178-178]	178	27335
COV	[179-179]	179	27358
COV	[180-180]	180	27424
COV	[181-181]	181	26886
COV	[182-182]	182	26929
COV	[183-183]	183	26423
COV	[184-184]	184	26372
COV	[185-185]	185	27062
COV	[186-186]	186	25956
COV	[187-187]	187	25713
COV	[188-188]	188	26189
COV	[189-189]	189	26203
COV	[190-190]	190	26042
COV	[191-191]	191	25553
COV	[192-192]	192	25533
COV	[193-193]	193	25403
COV	[194-194]	194	25349
COV	[195-195]	195	24625
COV	[196-196]	196	25069
COV	[197-197]	197	25501
COV	[198-198]	198	25347
COV	[199-199]	199	25516
COV	[200-200]	200	24945
COV	[201-201]	201	25080
COV	[202-202]	202	24945
COV	[203-203]	203	24751
COV	[204-204]	204	24300
COV	[205-205]	205	24912
COV	[206-206]	206	24512
COV	[207-207]	207	24055
COV	[208-208]	208	24048
COV	[209-209]	209	24034
COV	[210-210]	210	24095
COV	[211-211]	211	24192
COV	[212-212]	212	24104
COV	[213-213]	213	24041
COV	[214-214]	214	23827
COV	[215-215]	215	23691
COV	[216-216]	216	23609
COV	[217-217]	217	23536
COV	[218-218]	218	23156
COV	[219-219]	219	23408
COV	[220-220]	220	23531
COV	[221-221]	221	23387
COV	[222-222]	222	23302
COV	[223-223]	223	22935
COV	[224-224]	224	22503
COV	[225-225]	225	22824
COV	[226-226]	226	22942
COV	[227-227]	227	23171
COV	[228-228]	228	22641
COV	[229-229]	229	22580
COV	[230-230]	230	22882
COV	[231-231]	231	22878
COV	[232-232]	232	22587
COV	[233-233]	233	22733
COV	[234-234]	234	22380
COV	[235-235]	235	22365
COV	[236-236]	236	22196
COV	[237-237]	237	22228
COV	[238-238]	238	22098
COV	[239-239]	239	21678
COV	[240-240]	240	21996
COV	[241-241]	241	22161
COV	[242-242]	242	21962
COV	[243-243]	243	21973
COV	[244-244]	244	21746
COV	[245-245]	245	21292
COV	[246-246]	246	21511
COV	[247-247]	247	21397
COV	[248-248]	248	21472
COV	[249-249]	249	21441
COV	[250-250]	250	21507
COV	[251-251]	251	21366
COV	[252-252]	252	21034
COV	[253-253]	253	20897
COV	[254-254]	254	21019
COV	[255-255]	255	20712
COV	[256-256]	256	21153
COV	[257-257]	257	21247
COV	[258-258]	258	20727
COV	[259-259]	259	21143
COV	[260-260]	260	21014
COV	[261-261]	261	20932
COV	[262-262]	262	20996
COV	[263-263]	263	21107
COV	[264-264]	264	20495
COV	[265-265]	265	20576
COV	[266-266]	266	20015
COV	[267-267]	267	20551
COV	[268-268]	268	20284
COV	[269-269]	269	20470
COV	[270-270]	270	20194
COV	[271-271]	271	20168
COV	[272-272]	272	20351
COV	[273-273]	273	20390
COV	[274-274]	274	20030
COV	[275-275]	275	20340
COV	[276-276]	276	19769
COV	[277-277]	277	20019
COV	[278-278]	278	20090
COV	[279-279]	279	19964
COV	[280-280]	280	19344
COV	[281-281]	281	19870
COV	[282-282]	282	19968
COV	[283-283]	283	19523
COV	[284-284]	284	19997
COV	[285-285]	285	19641
COV	[286-286]	286	19326
COV	[287-287]	287	19432
COV	[288-288]	288	19587
COV	[289-289]	289	19541
COV	[290-290]	290	19508
COV	[291-291]	291	19318
COV	[292-292]	292	19533
COV	[293-293]	293	19260
COV	[294-294]	294	19473
COV	[295-295]	295	19072
COV	[296-296]	296	19038
COV	[297-297]	297	18826
COV	[298-298]	298	19099
COV	[299-299]	299	18808
COV	[300-300]	300	18847
COV	[301-301]	301	18604
COV	[302-302]	302	18410
COV	[303-303]	303	18670
COV	[304-304]	304	19017
COV	[305-305]	305	18784
COV	[306-306]	306	18678
COV	[307-307]	307	18698
COV	[308-308]	308	18442
COV	[309-309]	309	18632
COV	[310-310]	310	18865
COV	[311-311]	311	18451
COV	[312-312]	312	18876
COV	[313-313]	313	18229
COV	[314-314]	314	18196
COV	[315-315]	315	18140
COV	[316-316]	316	18173
COV	[317-317]	317	18136
COV	[318-318]	318	17947
COV	[319-319]	319	17895
COV	[320-320]	320	18002
COV	[321-321]	321	18015
COV	[322-322]	322	17657
COV	[323-323]	323	17582
COV	[324-324]	324	17716
COV	[325-325]	325	17624
COV	[326-326]	326	17763
COV	[327-327]	327	17613
COV	[328-328]	328	17139
COV	[329-329]	329	17397
COV	[330-330]	330	17516
COV	[331-331]	331	17133
COV	[332-332]	332	17181
COV	[333-333]	333	17009
COV	[334-334]	334	17399
COV	[335-335]	335	17068
COV	[336-336]	336	17224
COV	[337-337]	337	16957
COV	[338-338]	338	17087
COV	[339-339]	339	16902
COV	[340-340]	340	16978
COV	[341-341]	341	16827
COV	[342-342]	342	17028
COV	[343-343]	343	16622
COV	[344-344]	344	16799
COV	[345-345]	345	16421
COV	[346-346]	346	16355
COV	[347-347]	347	16321
COV	[348-348]	348	16175
COV	[349-349]	349	16447
COV	[350-350]	350	16274
COV	[351-351]	351	16296
COV	[352-352]	352	16043
COV	[353-353]	353	16331
COV	[354-354]	354	16463
COV	[355-355]	355	16309
COV	[356-356]	356	16279
COV	[357-357]	357	16163
COV	[358-358]	358	16304
COV	[359-359]	359	16518
COV	[360-360]	360	16128
COV	[361-361]	361	16014
COV	[362-362]	362	15998
COV	[363-363]	363	15512
COV	[364-364]	364	15917
COV	[365-365]	365	15847
COV	[366-366]	366	16186
COV	[367-367]	367	16180
COV	[368-368]	368	15764
COV	[369-369]	369	15944
COV	[370-370]	370	15448
COV	[371-371]	371	16064
COV	[372-372]	372	15653
COV	[373-373]	373	15583
COV	[374-374]	374	15656
COV	[375-375]	375	15351
COV	[376-376]	376	15579
COV	[377-377]	377	15297
COV	[378-378]	378	15177
COV	[379-379]	379	15291
COV	[380-380]	380	15278
COV	[381-381]	381	15307
COV	[382-382]	382	15380
COV	[383-383]	383	15056
COV	[384-384]	384	15110
COV	[385-385]	385	14928
COV	[386-386]	386	15167
COV	[387-387]	387	14905
COV	[388-388]	388	14965
COV	[389-389]	389	14750
COV	[390-390]	390	14756
COV	[391-391]	391	15163
COV	[392-392]	392	14965
COV	[393-393]	393	14634
COV	[394-394]	394	14484
COV	[395-395]	395	14700
COV	[396-396]	396	14946
COV	[397-397]	397	14699
COV	[398-398]	398	14498
COV	[399-399]	399	14678
COV	[400-400]	400	14471
COV	[401-401]	401	14397
COV	[402-402]	402	14439
COV	[403-403]	403	14419
COV	[404-404]	404	14508
COV	[405-405]	405	14380
COV	[406-406]	406	14553
COV	[407-407]	407	14194
COV	[408-408]	408	14107
COV	[409-409]	409	14229
COV	[410-410]	410	14171
COV	[411-411]	411	14310
COV	[412-412]	412	13932
COV	[413-413]	413	14075
COV	[414-414]	414	14173
COV	[415-415]	415	13937
COV	[416-416]	416	13761
COV	[417-417]	417	14222
COV	[418-418]	418	13926
COV	[419-419]	419	13606
COV	[420-420]	420	13780
COV	[421-421]	421	14035
COV	[422-422]	422	13887
COV	[423-423]	423	13730
COV	[424-424]	424	13840
COV	[425-425]	425	13467
COV	[426-426]	426	13395
COV	[427-427]	427	13469
COV	[428-428]	428	13573
COV	[429-429]	429	13543
COV	[430-430]	430	13530
COV	[431-431]	431	13431
COV	[432-432]	432	13548
COV	[433-433]	433	13488
COV	[434-434]	434	13221
COV	[435-435]	435	13219
COV	[436-436]	436	13266
COV	[437-437]	437	13029
COV	[438-438]	438	13274
COV	[439-439]	439	13141
COV	[440-440]	440	13080
COV	[441-441]	441	13380
COV	[442-442]	442	13077
COV	[443-443]	443	13054
COV	[444-444]	444	12980
COV	[445-445]	445	12861
COV	[446-446]	446	13032
COV	[447-447]	447	12868
COV	[448-448]	448	12720
COV	[449-449]	449	12755
COV	[450-450]	450	12874
COV	[451-451]	451	12746
COV	[452-452]	452	12661
COV	[453-453]	453	12779
COV	[454-454]	454	12763
COV	[455-455]	455	12468
COV	[456-456]	456	12748
COV	[457-457]	457	12457
COV	[458-458]	458	12678
COV	[459-459]	459	12485
COV	[460-460]	460	12352
COV	[461-461]	461	12385
COV	[462-462]	462	12511
COV	[463-463]	463	12225
COV	[464-464]	464	12009
COV	[465-465]	465	12349
COV	[466-466]	466	12218
COV	[467-467]	467	12249
COV	[468-468]	468	11924
COV	[469-469]	469	12027
COV	[470-470]	470	12012
COV	[471-471]	471	12069
COV	[472-472]	472	11732
COV	[473-473]	473	11808
COV	[474-474]	474	12021
COV	[475-475]	475	12010
COV	[476-476]	476	11704
COV	[477-477]	477	11912
COV	[478-478]	478	11787
COV	[479-479]	479	11903
COV	[480-480]	480	11720
COV	[481-481]	481	11637
COV	[482-482]	482	11889
COV	[483-483]	483	11606
COV	[484-484]	484	11342
COV	[485-485]	485	11480
COV	[486-486]	486	11474
COV	[487-487]	487	11368
COV	[488-488]	488	11664
COV	[489-489]	489	11560
COV	[490-490]	490	11569
COV	[491-491]	491	11561
COV	[492-492]	492	11250
COV	[493-493]	493	11358
COV	[494-494]	494	11423
COV	[495-495]	495	11406
COV	[496-496]	496	11259
COV	[497-497]	497	11337
COV	[498-498]	498	11159
COV	[499-499]	499	11283
COV	[500-500]	500	11122
COV	[501-501]	501	10978
COV	[502-502]	502	10903
COV	[503-503]	503	11036
COV	[504-504]	504	11286
COV	[505-505]	505	11096
COV	[506-506]	506	11205
COV	[507-507]	507	10920
COV	[508-508]	508	11123
COV	[509-509]	509	10974
COV	[510-510]	510	11086
COV	[511-511]	511	10975
COV	[512-512]	512	11173
COV	[513-513]	513	10896
COV	[514-514]	514	10802
COV	[515-515]	515	11013
COV	[516-516]	516	11121
COV	[517-517]	517	11000
COV	[518-518]	518	10647
COV	[519-519]	519	10626
COV	[520-520]	520	10896
COV	[521-521]	521	10788
COV	[522-522]	522	10852
COV	[523-523]	523	10809
COV	[524-524]	524	10653
COV	[525-525]	525	10582
COV	[526-526]	526	10649
COV	[527-527]	527	10394
COV	[528-528]	528	10581
COV	[529-529]	529	10185
COV	[530-530]	530	10466
COV	[531-531]	531	10350
COV	[532-532]	532	10439
COV	[533-533]	533	10301
COV	[534-534]	534	10209
COV	[535-535]	535	10372
COV	[536-536]	536	10315
COV	[537-537]	537	10249
COV	[538-538]	538	10187
COV	[539-539]	539	10223
COV	[540-540]	540	10106
COV	[541-541]	541	9946
COV	[542-542]	542	10097
COV	[543-543]	543	10230
COV	[544-544]	544	10324
COV	[545-545]	545	10255
COV	[546-546]	546	10086
COV	[547-547]	547	10014
COV	[548-548]	548	10075
COV	[549-549]	549	10053
COV	[550-550]	550	9911
COV	[551-551]	551	9859
COV	[552-552]	552	10060
COV	[553-553]	553	10253
COV	[554-554]	554	9877
COV	[555-555]	555	9697
COV	[556-556]	556	9823
COV	[557-557]	557	9712
COV	[558-558]	558	9906
COV	[559-559]	559	9640
COV	[560-560]	560	9826
COV	[561-561]	561	9772
COV	[562-562]	562	9669
COV	[563-563]	563	9596
COV	[564-564]	564	9625
COV	[565-565]	565	9722
COV	[566-566]	566	9658
COV	[567-567]	567	9632
COV	[568-568]	568	9539
COV	[569-569]	569	9690
COV	[570-570]	570	9515
COV	[571-571]	571	9497
COV	[572-572]	572	9441
COV	[573-573]	573	9597
COV	[574-574]	574	9422
COV	[575-575]	575	9565
COV	[576-576]	576	9505
COV	[577-577]	577	9477
COV	[578-578]	578	9351
COV	[579-579]	579	9383
COV	[580-580]	580	9319
COV	[581-581]	581	9440
COV	[582-582]	582	9375
COV	[583-583]	583	9366
COV	[584-584]	584	9157
COV	[585-585]	585	9040
COV	[586-586]	586	8992
COV	[587-587]	587	9244
COV	[588-588]	588	9355
COV	[589-589]	589	9305
COV	[590-590]	590	9231
COV	[591-591]	591	9185
COV	[592-592]	592	9170
COV	[593-593]	593	9124
COV	[594-594]	594	9227
COV	[595-595]	595	9124
COV	[596-596]	596	9133
COV	[597-597]	597	9207
COV	[598-598]	598	8954
COV	[599-599]	599	8965
COV	[600-600]	600	9024
COV	[601-601]	601	8991
COV	[602-602]	602	8882
COV	[603-603]	603	8944
COV	[604-604]	604	8808
COV	[605-605]	605	9139
COV	[606-606]	606	8961
COV	[607-607]	607	8745
COV	[608-608]	608	9030
COV	[609-609]	609	8761
COV	[610-610]	610	8818
COV	[611-611]	611	8891
COV	[612-612]	612	8723
COV	[613-613]	613	8786
COV	[614-614]	614	8748
COV	[615-615]	615	8819
COV	[616-616]	616	8804
COV	[617-617]	617	8602
COV	[618-618]	618	8752
COV	[619-619]	619	8733
COV	[620-620]	620	8704
COV	[621-621]	621	8679
COV	[622-622]	622	8633
COV	[623-623]	623	8575
COV	[624-624]	624	8603
COV	[625-625]	625	8491
COV	[626-626]	626	8624
COV	[627-627]	627	8491
COV	[628-628]	628	8639
COV	[629-629]	629	8570
COV	[630-630]	630	8256
COV	[631-631]	631	8560
COV	[632-632]	632	8455
COV	[633-633]	633	8344
COV	[634-634]	634	8302
COV	[635-635]	635	8308
COV	[636-636]	636	8479
COV	[637-637]	637	8456
COV	[638-638]	638	8277
COV	[639-639]	639	8186
COV	[640-640]	640	8207
COV	[641-641]	641	8318
COV	[642-642]	642	7980
COV	[643-643]	643	8200
COV	[644-644]	644	8377
COV	[645-645]	645	8436
COV	[646-646]	646	8153
COV	[647-647]	647	8205
COV	[648-648]	648	8198
COV	[649-649]	649	7928
COV	[650-650]	650	8106
COV	[651-651]	651	8079
COV	[652-652]	652	8057
COV	[653-653]	653	8053
COV	[654-654]	654	8029
COV	[655-655]	655	8179
COV	[656-656]	656	7970
COV	[657-657]	657	7944
COV	[658-658]	658	8001
COV	[659-659]	659	8052
COV	[660-660]	660	7864
COV	[661-661]	661	7922
COV	[662-662]	662	7725
COV	[663-663]	663	8041
COV	[664-664]	664	7684
COV	[665-665]	665	7667
COV	[666-666]	666	7775
COV	[667-667]	667	7843
COV	[668-668]	668	7642
COV	[669-669]	669	7770
COV	[670-670]	670	7758
COV	[671-671]	671	7696
COV	[672-672]	672	7651
COV	[673-673]	673	7659
COV	[674-674]	674	7597
COV	[675-675]	675	7675
COV	[676-676]	676	7519
COV	[677-677]	677	7485
COV	[678-678]	678	7499
COV	[679-679]	679	7483
COV	[680-680]	680	7430
COV	[681-681]	681	7441
COV	[682-682]	682	7360
COV	[683-683]	683	7385
COV	[684-684]	684	7436
COV	[685-685]	685	7282
COV	[686-686]	686	7296
COV	[687-687]	687	7277
COV	[688-688]	688	7391
COV	[689-689]	689	7352
COV	[690-690]	690	7425
COV	[691-691]	691	7424
COV	[692-692]	692	7285
COV	[693-693]	693	7471
COV	[694-694]	694	7420
COV	[695-695]	695	7195
COV	[696-696]	696	7182
COV	[697-697]	697	7144
COV	[698-698]	698	7280
COV	[699-699]	699	7170
COV	[700-700]	700	7370
COV	[701-701]	701	7241
COV	[702-702]	702	7040
COV	[703-703]	703	7133
COV	[704-704]	704	7245
COV	[705-705]	705	7194
COV	[706-706]	706	7174
COV	[707-707]	707	7170
COV	[708-708]	708	7156
COV	[709-709]	709	7048
COV	[710-710]	710	7105
COV	[711-711]	711	7165
COV	[712-712]	712	7093
COV	[713-713]	713	6937
COV	[714-714]	714	7144
COV	[715-715]	715	6883
COV	[716-716]	716	7121
COV	[717-717]	717	6883
COV	[718-718]	718	6879
COV	[719-719]	719	7059
COV	[720-720]	720	6968
COV	[721-721]	721	7022
COV	[722-722]	722	6957
COV	[723-723]	723	6910
COV	[724-724]	724	6870
COV	[725-725]	725	6885
COV	[726-726]	726	6965
COV	[727-727]	727	7015
COV	[728-728]	728	6949
COV	[729-729]	729	6972
COV	[730-730]	730	6999
COV	[731-731]	731	6896
COV	[732-732]	732	6798
COV	[733-733]	733	6902
COV	[734-734]	734	6913
COV	[735-735]	735	6879
COV	[736-736]	736	6697
COV	[737-737]	737	6573
COV	[738-738]	738	6818
COV	[739-739]	739	6837
COV	[740-740]	740	6800
COV	[741-741]	741	6771
COV	[742-742]	742	6749
COV	[743-743]	743	6817
COV	[744-744]	744	6766
COV	[745-745]	745	6715
COV	[746-746]	746	6623
COV	[747-747]	747	6738
COV	[748-748]	748	6606
COV	[749-749]	749	6704
COV	[750-750]	750	6843
COV	[751-751]	751	6710
COV	[752-752]	752	6600
COV	[753-753]	753	6691
COV	[754-754]	754	6643
COV	[755-755]	755	6543
COV	[756-756]	756	6562
COV	[757-757]	757	6538
COV	[758-758]	758	6483
COV	[759-759]	759	6698
COV	[760-760]	760	6618
COV	[761-761]	761	6488
COV	[762-762]	762	6429
COV	[763-763]	763	6474
COV	[764-764]	764	6491
COV	[765-765]	765	6231
COV	[766-766]	766	6487
COV	[767-767]	767	6235
COV	[768-768]	768	6364
COV	[769-769]	769	6230
COV	[770-770]	770	6286
COV	[771-771]	771	6136
COV	[772-772]	772	6376
COV	[773-773]	773	6312
COV	[774-774]	774	6274
COV	[775-775]	775	6392
COV	[776-776]	776	6267
COV	[777-777]	777	6223
COV	[778-778]	778	6237
COV	[779-779]	779	6325
COV	[780-780]	780	6178
COV	[781-781]	781	6237
COV	[782-782]	782	6330
COV	[783-783]	783	6010
COV	[784-784]	784	6125
COV	[785-785]	785	6209
COV	[786-786]	786	5966
COV	[787-787]	787	6192
COV	[788-788]	788	5984
COV	[789-789]	789	6068
COV	[790-790]	790	5905
COV	[791-791]	791	6009
COV	[792-792]	792	5971
COV	[793-793]	793	6002
COV	[794-794]	794	5923
COV	[795-795]	795	6074
COV	[796-796]	796	6011
COV	[797-797]	797	5874
COV	[798-798]	798	5966
COV	[799-799]	799	5912
COV	[800-800]	800	5873
COV	[801-801]	801	5965
COV	[802-802]	802	5870
COV	[803-803]	803	6033
COV	[804-804]	804	5946
COV	[805-805]	805	6015
COV	[806-806]	806	5798
COV	[807-807]	807	5758
COV	[808-808]	808	5792
COV	[809-809]	809	5733
COV	[810-810]	810	5823
COV	[811-811]	811	5779
COV	[812-812]	812	5824
COV	[813-813]	813	5789
COV	[814-814]	814	5546
COV	[815-815]	815	5797
COV	[816-816]	816	5736
COV	[817-817]	817	5702
COV	[818-818]	818	5740
COV	[819-819]	819	5674
COV	[820-820]	820	5677
COV	[821-821]	821	5713
COV	[822-822]	822	5754
COV	[823-823]	823	5740
COV	[824-824]	824	5590
COV	[825-825]	825	5553
COV	[826-826]	826	5669
COV	[827-827]	827	5591
COV	[828-828]	828	5604
COV	[829-829]	829	5500
COV	[830-830]	830	5801
COV	[831-831]	831	5621
COV	[832-832]	832	5740
COV	[833-833]	833	5623
COV	[834-834]	834	5630
COV	[835-835]	835	5611
COV	[836-836]	836	5661
COV	[837-837]	837	5746
COV	[838-838]	838	5467
COV	[839-839]	839	5584
COV	[840-840]	840	5499
COV	[841-841]	841	5561
COV	[842-842]	842	5473
COV	[843-843]	843	5612
COV	[844-844]	844	5523
COV	[845-845]	845	5571
COV	[846-846]	846	5494
COV	[847-847]	847	5486
COV	[848-848]	848	5694
COV	[849-849]	849	5452
COV	[850-850]	850	5477
COV	[851-851]	851	5313
COV	[852-852]	852	5523
COV	[853-853]	853	5358
COV	[854-854]	854	5467
COV	[855-855]	855	5280
COV	[856-856]	856	5367
COV	[857-857]	857	5236
COV	[858-858]	858	5413
COV	[859-859]	859	5304
COV	[860-860]	860	5145
COV	[861-861]	861	5372
COV	[862-862]	862	5323
COV	[863-863]	863	5334
COV	[864-864]	864	5275
COV	[865-865]	865	5339
COV	[866-866]	866	5476
COV	[867-867]	867	5380
COV	[868-868]	868	5465
COV	[869-869]	869	5358
COV	[870-870]	870	5359
COV	[871-871]	871	5181
COV	[872-872]	872	5258
COV	[873-873]	873	5306
COV	[874-874]	874	5344
COV	[875-875]	875	5200
COV	[876-876]	876	5244
COV	[877-877]	877	5073
COV	[878-878]	878	5185
COV	[879-879]	879	5121
COV	[880-880]	880	5206
COV	[881-881]	881	5222
COV	[882-882]	882	5035
COV	[883-883]	883	5035
COV	[884-884]	884	5166
COV	[885-885]	885	5037
COV	[886-886]	886	5094
COV	[887-887]	887	5152
COV	[888-888]	888	5053
COV	[889-889]	889	5053
COV	[890-890]	890	4960
COV	[891-891]	891	5096
COV	[892-892]	892	5024
COV	[893-893]	893	5065
COV	[894-894]	894	5002
COV	[895-895]	895	5007
COV	[896-896]	896	4995
COV	[897-897]	897	4853
COV	[898-898]	898	5043
COV	[899-899]	899	4770
COV	[900-900]	900	5103
COV	[901-901]	901	5071
COV	[902-902]	902	4873
COV	[903-903]	903	4887
COV	[904-904]	904	4950
COV	[905-905]	905	4824
COV	[906-906]	906	5003
COV	[907-907]	907	4914
COV	[908-908]	908	4859
COV	[909-909]	909	4899
COV	[910-910]	910	4772
COV	[911-911]	911	4868
COV	[912-912]	912	4956
COV	[913-913]	913	4840
COV	[914-914]	914	4893
COV	[915-915]	915	4868
COV	[916-916]	916	4798
COV	[917-917]	917	4897
COV	[918-918]	918	4690
COV	[919-919]	919	4795
COV	[920-920]	920	4695
COV	[921-921]	921	4690
COV	[922-922]	922	4667
COV	[923-923]	923	4754
COV	[924-924]	924	4709
COV	[925-925]	925	4714
COV	[926-926]	926	4778
COV	[927-927]	927	4720
COV	[928-928]	928	4830
COV	[929-929]	929	4602
COV	[930-930]	930	4872
COV	[931-931]	931	4705
COV	[932-932]	932	4841
COV	[933-933]	933	4671
COV	[934-934]	934	4757
COV	[935-935]	935	4770
COV	[936-936]	936	4728
COV	[937-937]	937	4759
COV	[938-938]	938	4698
COV	[939-939]	939	4716
COV	[940-940]	940	4495
COV	[941-941]	941	4756
COV	[942-942]	942	4651
COV	[943-943]	943	4545
COV	[944-944]	944	4644
COV	[945-945]	945	4480
COV	[946-946]	946	4656
COV	[947-947]	947	4695
COV	[948-948]	948	4713
COV	[949-949]	949	4568
COV	[950-950]	950	4605
COV	[951-951]	951	4642
COV	[952-952]	952	4544
COV	[953-953]	953	4544
COV	[954-954]	954	4551
COV	[955-955]	955	4450
COV	[956-956]	956	4471
COV	[957-957]	957	4680
COV	[958-958]	958	4731
COV	[959-959]	959	4458
COV	[960-960]	960	4511
COV	[961-961]	961	4445
COV	[962-962]	962	4532
COV	[963-963]	963	4585
COV	[964-964]	964	4522
COV	[965-965]	965	4513
COV	[966-966]	966	4467
COV	[967-967]	967	4426
COV	[968-968]	968	4239
COV	[969-969]	969	4428
COV	[970-970]	970	4529
COV	[971-971]	971	4494
COV	[972-972]	972	4533
COV	[973-973]	973	4458
COV	[974-974]	974	4470
COV	[975-975]	975	4362
COV	[976-976]	976	4540
COV	[977-977]	977	4419
COV	[978-978]	978	4329
COV	[979-979]	979	4372
COV	[980-980]	980	4456
COV	[981-981]	981	4252
COV	[982-982]	982	4376
COV	[983-983]	983	4234
COV	[984-984]	984	4289
COV	[985-985]	985	4311
COV	[986-986]	986	4357
COV	[987-987]	987	4382
COV	[988-988]	988	4312
COV	[989-989]	989	4411
COV	[990-990]	990	4309
COV	[991-991]	991	4378
COV	[992-992]	992	4147
COV	[993-993]	993	4332
COV	[994-994]	994	4373
COV	[995-995]	995	4278
COV	[996-996]	996	4125
COV	[997-997]	997	4247
COV	[998-998]	998	4219
COV	[999-999]	999	4090
COV	[1000-1000]	1000	4079
COV	[1000<]	1000	3952495
# GC-depth. Use `grep ^GCD | cut -f 2-` to extract this part. The columns are: GC%, unique sequence percentiles, 10th, 25th, 50th, 75th and 90th depth percentile
GCD	0.0	0.128	0.000	0.000	0.000	0.000	0.000
GCD	34.0	0.192	0.081	0.081	0.081	0.081	0.081
GCD	42.0	0.384	0.265	0.265	25.077	38.934	38.934
GCD	43.0	0.512	6.822	6.822	11.017	15.213	15.213
GCD	44.0	0.575	18.741	18.741	18.741	18.741	18.741
GCD	45.0	0.703	0.508	0.508	16.034	31.560	31.560
GCD	46.0	1.023	12.590	22.370	65.926	271.893	392.544
GCD	47.0	1.471	17.843	160.259	1056.203	1588.997	4221.615
GCD	48.0	2.302	20.582	201.499	498.317	1082.775	3036.999
GCD	49.0	4.731	63.241	228.404	510.045	893.093	1314.588
GCD	50.0	10.550	124.894	291.802	598.838	1133.658	2019.361
GCD	51.0	19.949	172.986	281.967	572.656	998.631	1535.098
GCD	52.0	35.358	218.830	317.479	514.687	818.268	1099.289
GCD	53.0	57.673	173.777	257.398	424.472	694.029	1088.875
GCD	54.0	77.494	140.778	238.858	380.908	622.968	1014.694
GCD	55.0	91.688	136.292	205.412	352.159	538.373	942.605
GCD	56.0	97.762	150.336	237.103	383.799	705.312	1469.642
GCD	57.0	99.680	150.044	214.455	326.945	666.100	1650.404
GCD	58.0	99.808	120.249	120.249	560.943	1001.637	1001.637
GCD	59.0	100.000	251.778	251.778	287.603	336.276	336.276
