ID	Description	GeneRatio	BgRatio	RichFactor	FoldEnrichment	zScore	pvalue	p.adjust	qvalue	geneID	Count	contrast	gene_set	direction	ontology	significant_padj_0.05
GO:0022626	cytosolic ribosome	62/717	92/2946	0.673913043478261	2.76896488993997	9.77537295131881	8.20212942018187e-19	3.82219230980475e-16	3.49669727913017e-16	TRINITY_DN3_c0_g1/TRINITY_DN150_c0_g1/TRINITY_DN221_c0_g1/TRINITY_DN222_c0_g1/TRINITY_DN229_c0_g1/TRINITY_DN419_c0_g1/TRINITY_DN425_c0_g1/TRINITY_DN487_c0_g1/TRINITY_DN500_c0_g1/TRINITY_DN624_c0_g1/TRINITY_DN677_c0_g1/TRINITY_DN751_c0_g1/TRINITY_DN775_c0_g1/TRINITY_DN839_c0_g1/TRINITY_DN879_c0_g1/TRINITY_DN899_c0_g1/TRINITY_DN1308_c0_g1/TRINITY_DN1375_c0_g1/TRINITY_DN1377_c0_g1/TRINITY_DN1467_c0_g1/TRINITY_DN1469_c0_g1/TRINITY_DN1473_c0_g1/TRINITY_DN1532_c0_g1/TRINITY_DN1644_c0_g1/TRINITY_DN1761_c0_g1/TRINITY_DN1820_c0_g1/TRINITY_DN2008_c0_g1/TRINITY_DN2052_c0_g1/TRINITY_DN2122_c0_g1/TRINITY_DN2293_c0_g1/TRINITY_DN2304_c0_g1/TRINITY_DN2345_c0_g1/TRINITY_DN2394_c0_g1/TRINITY_DN2490_c0_g1/TRINITY_DN2600_c0_g1/TRINITY_DN2608_c0_g1/TRINITY_DN2945_c0_g1/TRINITY_DN2982_c0_g1/TRINITY_DN3042_c0_g1/TRINITY_DN3081_c0_g1/TRINITY_DN3107_c0_g1/TRINITY_DN3506_c0_g1/TRINITY_DN3773_c0_g1/TRINITY_DN4022_c0_g1/TRINITY_DN4324_c0_g1/TRINITY_DN4425_c0_g1/TRINITY_DN4432_c0_g1/TRINITY_DN4433_c0_g1/TRINITY_DN4639_c0_g1/TRINITY_DN4699_c0_g1/TRINITY_DN4749_c0_g1/TRINITY_DN4920_c1_g1/TRINITY_DN5462_c0_g1/TRINITY_DN5780_c0_g1/TRINITY_DN5975_c0_g1/TRINITY_DN6841_c0_g1/TRINITY_DN7140_c0_g1/TRINITY_DN7147_c0_g1/TRINITY_DN7613_c0_g2/TRINITY_DN8992_c0_g1/TRINITY_DN12409_c0_g1/TRINITY_DN17659_c0_g1	62	interaction_vs_self	significant	down	CC	TRUE
GO:0005840	ribosome	85/717	155/2946	0.548387096774194	2.25320556080443	9.08982322414339	4.87088034164141e-17	1.13491511960245e-14	1.03826659913935e-14	TRINITY_DN3_c0_g1/TRINITY_DN150_c0_g1/TRINITY_DN163_c0_g1/TRINITY_DN221_c0_g1/TRINITY_DN222_c0_g1/TRINITY_DN229_c0_g1/TRINITY_DN275_c0_g1/TRINITY_DN419_c0_g1/TRINITY_DN425_c0_g1/TRINITY_DN439_c0_g1/TRINITY_DN487_c0_g1/TRINITY_DN500_c0_g1/TRINITY_DN624_c0_g1/TRINITY_DN677_c0_g1/TRINITY_DN751_c0_g1/TRINITY_DN775_c0_g1/TRINITY_DN839_c0_g1/TRINITY_DN879_c0_g1/TRINITY_DN886_c0_g1/TRINITY_DN899_c0_g1/TRINITY_DN1221_c4_g1/TRINITY_DN1286_c0_g1/TRINITY_DN1308_c0_g1/TRINITY_DN1375_c0_g1/TRINITY_DN1377_c0_g1/TRINITY_DN1467_c0_g1/TRINITY_DN1469_c0_g1/TRINITY_DN1473_c0_g1/TRINITY_DN1532_c0_g1/TRINITY_DN1644_c0_g1/TRINITY_DN1726_c0_g1/TRINITY_DN1761_c0_g1/TRINITY_DN1820_c0_g1/TRINITY_DN2008_c0_g1/TRINITY_DN2052_c0_g1/TRINITY_DN2122_c0_g1/TRINITY_DN2208_c0_g1/TRINITY_DN2293_c0_g1/TRINITY_DN2304_c0_g1/TRINITY_DN2345_c0_g1/TRINITY_DN2394_c0_g1/TRINITY_DN2413_c0_g1/TRINITY_DN2474_c0_g1/TRINITY_DN2490_c0_g1/TRINITY_DN2600_c0_g1/TRINITY_DN2608_c0_g1/TRINITY_DN2705_c0_g1/TRINITY_DN2774_c0_g1/TRINITY_DN2945_c0_g1/TRINITY_DN2977_c0_g1/TRINITY_DN2982_c0_g1/TRINITY_DN3042_c0_g1/TRINITY_DN3081_c0_g1/TRINITY_DN3107_c0_g1/TRINITY_DN3119_c0_g1/TRINITY_DN3169_c0_g1/TRINITY_DN3506_c0_g1/TRINITY_DN3737_c0_g1/TRINITY_DN3773_c0_g1/TRINITY_DN4022_c0_g1/TRINITY_DN4116_c0_g1/TRINITY_DN4324_c0_g1/TRINITY_DN4419_c0_g1/TRINITY_DN4425_c0_g1/TRINITY_DN4432_c0_g1/TRINITY_DN4433_c0_g1/TRINITY_DN4639_c0_g1/TRINITY_DN4699_c0_g1/TRINITY_DN4749_c0_g1/TRINITY_DN4920_c1_g1/TRINITY_DN5390_c0_g2/TRINITY_DN5462_c0_g1/TRINITY_DN5780_c0_g1/TRINITY_DN5975_c0_g1/TRINITY_DN6302_c0_g1/TRINITY_DN6841_c0_g1/TRINITY_DN7140_c0_g1/TRINITY_DN7147_c0_g1/TRINITY_DN7613_c0_g2/TRINITY_DN8771_c0_g1/TRINITY_DN8802_c0_g1/TRINITY_DN8992_c0_g1/TRINITY_DN12409_c0_g1/TRINITY_DN17659_c0_g1/TRINITY_DN18254_c0_g1	85	interaction_vs_self	significant	down	CC	TRUE
GO:0044391	ribosomal subunit	73/717	133/2946	0.548872180451128	2.25519866612137	8.40041257966308	9.3157567523009e-15	1.44704754885741e-12	1.32381806480065e-12	TRINITY_DN3_c0_g1/TRINITY_DN150_c0_g1/TRINITY_DN221_c0_g1/TRINITY_DN222_c0_g1/TRINITY_DN229_c0_g1/TRINITY_DN419_c0_g1/TRINITY_DN425_c0_g1/TRINITY_DN439_c0_g1/TRINITY_DN487_c0_g1/TRINITY_DN500_c0_g1/TRINITY_DN624_c0_g1/TRINITY_DN677_c0_g1/TRINITY_DN751_c0_g1/TRINITY_DN775_c0_g1/TRINITY_DN839_c0_g1/TRINITY_DN879_c0_g1/TRINITY_DN899_c0_g1/TRINITY_DN1286_c0_g1/TRINITY_DN1308_c0_g1/TRINITY_DN1375_c0_g1/TRINITY_DN1377_c0_g1/TRINITY_DN1467_c0_g1/TRINITY_DN1469_c0_g1/TRINITY_DN1473_c0_g1/TRINITY_DN1532_c0_g1/TRINITY_DN1644_c0_g1/TRINITY_DN1726_c0_g1/TRINITY_DN1761_c0_g1/TRINITY_DN1820_c0_g1/TRINITY_DN2008_c0_g1/TRINITY_DN2052_c0_g1/TRINITY_DN2122_c0_g1/TRINITY_DN2208_c0_g1/TRINITY_DN2293_c0_g1/TRINITY_DN2304_c0_g1/TRINITY_DN2345_c0_g1/TRINITY_DN2394_c0_g1/TRINITY_DN2413_c0_g1/TRINITY_DN2474_c0_g1/TRINITY_DN2490_c0_g1/TRINITY_DN2600_c0_g1/TRINITY_DN2608_c0_g1/TRINITY_DN2774_c0_g1/TRINITY_DN2945_c0_g1/TRINITY_DN3042_c0_g1/TRINITY_DN3081_c0_g1/TRINITY_DN3107_c0_g1/TRINITY_DN3506_c0_g1/TRINITY_DN3737_c0_g1/TRINITY_DN3773_c0_g1/TRINITY_DN4022_c0_g1/TRINITY_DN4324_c0_g1/TRINITY_DN4425_c0_g1/TRINITY_DN4432_c0_g1/TRINITY_DN4433_c0_g1/TRINITY_DN4639_c0_g1/TRINITY_DN4699_c0_g1/TRINITY_DN4749_c0_g1/TRINITY_DN4920_c1_g1/TRINITY_DN5390_c0_g2/TRINITY_DN5462_c0_g1/TRINITY_DN5780_c0_g1/TRINITY_DN5975_c0_g1/TRINITY_DN6302_c0_g1/TRINITY_DN6841_c0_g1/TRINITY_DN7140_c0_g1/TRINITY_DN7147_c0_g1/TRINITY_DN7613_c0_g2/TRINITY_DN8771_c0_g1/TRINITY_DN8992_c0_g1/TRINITY_DN12409_c0_g1/TRINITY_DN17659_c0_g1/TRINITY_DN18254_c0_g1	73	interaction_vs_self	significant	down	CC	TRUE
GO:0022627	cytosolic small ribosomal subunit	31/717	41/2946	0.75609756097561	3.1066435350546	7.70295051780324	4.82732242584727e-12	5.62383062611206e-10	5.14490942754774e-10	TRINITY_DN221_c0_g1/TRINITY_DN425_c0_g1/TRINITY_DN500_c0_g1/TRINITY_DN751_c0_g1/TRINITY_DN775_c0_g1/TRINITY_DN839_c0_g1/TRINITY_DN879_c0_g1/TRINITY_DN899_c0_g1/TRINITY_DN1308_c0_g1/TRINITY_DN1467_c0_g1/TRINITY_DN1469_c0_g1/TRINITY_DN1644_c0_g1/TRINITY_DN1761_c0_g1/TRINITY_DN1820_c0_g1/TRINITY_DN2008_c0_g1/TRINITY_DN2052_c0_g1/TRINITY_DN2600_c0_g1/TRINITY_DN2608_c0_g1/TRINITY_DN3107_c0_g1/TRINITY_DN3773_c0_g1/TRINITY_DN4022_c0_g1/TRINITY_DN4425_c0_g1/TRINITY_DN4432_c0_g1/TRINITY_DN4433_c0_g1/TRINITY_DN4639_c0_g1/TRINITY_DN4699_c0_g1/TRINITY_DN4920_c1_g1/TRINITY_DN5462_c0_g1/TRINITY_DN5975_c0_g1/TRINITY_DN12409_c0_g1/TRINITY_DN17659_c0_g1	31	interaction_vs_self	significant	down	CC	TRUE
GO:0022625	cytosolic large ribosomal subunit	31/717	44/2946	0.704545454545455	2.89482693039178	7.18115624240511	1.02847207542663e-10	9.58535974297621e-09	8.76907769574286e-09	TRINITY_DN3_c0_g1/TRINITY_DN150_c0_g1/TRINITY_DN222_c0_g1/TRINITY_DN229_c0_g1/TRINITY_DN419_c0_g1/TRINITY_DN487_c0_g1/TRINITY_DN624_c0_g1/TRINITY_DN677_c0_g1/TRINITY_DN1375_c0_g1/TRINITY_DN1377_c0_g1/TRINITY_DN1473_c0_g1/TRINITY_DN1532_c0_g1/TRINITY_DN2122_c0_g1/TRINITY_DN2293_c0_g1/TRINITY_DN2304_c0_g1/TRINITY_DN2345_c0_g1/TRINITY_DN2394_c0_g1/TRINITY_DN2490_c0_g1/TRINITY_DN2945_c0_g1/TRINITY_DN3042_c0_g1/TRINITY_DN3081_c0_g1/TRINITY_DN3506_c0_g1/TRINITY_DN4324_c0_g1/TRINITY_DN4749_c0_g1/TRINITY_DN5780_c0_g1/TRINITY_DN5975_c0_g1/TRINITY_DN6841_c0_g1/TRINITY_DN7140_c0_g1/TRINITY_DN7147_c0_g1/TRINITY_DN7613_c0_g2/TRINITY_DN8992_c0_g1	31	interaction_vs_self	significant	down	CC	TRUE
GO:1990904	ribonucleoprotein complex	173/717	486/2946	0.3559670781893	1.46259276477779	6.32843917225206	6.36267426214194e-10	4.94167701026357e-08	4.52084750204822e-08	TRINITY_DN3_c0_g1/TRINITY_DN15_c0_g1/TRINITY_DN123_c0_g1/TRINITY_DN135_c0_g1/TRINITY_DN150_c0_g1/TRINITY_DN163_c0_g1/TRINITY_DN221_c0_g1/TRINITY_DN222_c0_g1/TRINITY_DN229_c0_g1/TRINITY_DN275_c0_g1/TRINITY_DN285_c0_g1/TRINITY_DN419_c0_g1/TRINITY_DN425_c0_g1/TRINITY_DN433_c0_g1/TRINITY_DN439_c0_g1/TRINITY_DN487_c0_g1/TRINITY_DN499_c0_g1/TRINITY_DN500_c0_g1/TRINITY_DN524_c0_g1/TRINITY_DN624_c0_g1/TRINITY_DN677_c0_g1/TRINITY_DN693_c0_g1/TRINITY_DN733_c0_g1/TRINITY_DN751_c0_g1/TRINITY_DN758_c0_g1/TRINITY_DN775_c0_g1/TRINITY_DN839_c0_g1/TRINITY_DN868_c0_g1/TRINITY_DN879_c0_g1/TRINITY_DN886_c0_g1/TRINITY_DN899_c0_g1/TRINITY_DN958_c0_g1/TRINITY_DN995_c0_g1/TRINITY_DN1026_c0_g2/TRINITY_DN1132_c0_g1/TRINITY_DN1170_c0_g2/TRINITY_DN1221_c4_g1/TRINITY_DN1286_c0_g1/TRINITY_DN1308_c0_g1/TRINITY_DN1313_c0_g1/TRINITY_DN1375_c0_g1/TRINITY_DN1377_c0_g1/TRINITY_DN1386_c0_g1/TRINITY_DN1467_c0_g1/TRINITY_DN1469_c0_g1/TRINITY_DN1473_c0_g1/TRINITY_DN1516_c0_g1/TRINITY_DN1532_c0_g1/TRINITY_DN1542_c0_g1/TRINITY_DN1644_c0_g1/TRINITY_DN1646_c0_g1/TRINITY_DN1670_c0_g1/TRINITY_DN1677_c0_g1/TRINITY_DN1709_c0_g1/TRINITY_DN1726_c0_g1/TRINITY_DN1761_c0_g1/TRINITY_DN1820_c0_g1/TRINITY_DN1833_c0_g1/TRINITY_DN1854_c0_g1/TRINITY_DN2008_c0_g1/TRINITY_DN2052_c0_g1/TRINITY_DN2082_c0_g2/TRINITY_DN2101_c0_g1/TRINITY_DN2122_c0_g1/TRINITY_DN2206_c0_g1/TRINITY_DN2208_c0_g1/TRINITY_DN2213_c0_g1/TRINITY_DN2293_c0_g1/TRINITY_DN2304_c0_g1/TRINITY_DN2308_c0_g1/TRINITY_DN2336_c0_g1/TRINITY_DN2345_c0_g1/TRINITY_DN2394_c0_g1/TRINITY_DN2413_c0_g1/TRINITY_DN2417_c0_g1/TRINITY_DN2439_c0_g1/TRINITY_DN2474_c0_g1/TRINITY_DN2490_c0_g1/TRINITY_DN2600_c0_g1/TRINITY_DN2608_c0_g1/TRINITY_DN2705_c0_g1/TRINITY_DN2774_c0_g1/TRINITY_DN2825_c0_g1/TRINITY_DN2882_c0_g1/TRINITY_DN2945_c0_g1/TRINITY_DN2977_c0_g1/TRINITY_DN2982_c0_g1/TRINITY_DN3042_c0_g1/TRINITY_DN3081_c0_g1/TRINITY_DN3107_c0_g1/TRINITY_DN3119_c0_g1/TRINITY_DN3164_c0_g1/TRINITY_DN3169_c0_g1/TRINITY_DN3232_c0_g1/TRINITY_DN3396_c0_g1/TRINITY_DN3414_c0_g1/TRINITY_DN3418_c0_g1/TRINITY_DN3427_c0_g1/TRINITY_DN3490_c0_g1/TRINITY_DN3506_c0_g1/TRINITY_DN3590_c0_g1/TRINITY_DN3654_c0_g1/TRINITY_DN3737_c0_g1/TRINITY_DN3773_c0_g1/TRINITY_DN3997_c0_g1/TRINITY_DN4003_c0_g1/TRINITY_DN4022_c0_g1/TRINITY_DN4061_c0_g1/TRINITY_DN4110_c0_g1/TRINITY_DN4116_c0_g1/TRINITY_DN4176_c0_g1/TRINITY_DN4199_c0_g1/TRINITY_DN4205_c0_g1/TRINITY_DN4232_c0_g1/TRINITY_DN4305_c0_g1/TRINITY_DN4324_c0_g1/TRINITY_DN4410_c0_g1/TRINITY_DN4414_c0_g1/TRINITY_DN4419_c0_g1/TRINITY_DN4425_c0_g1/TRINITY_DN4432_c0_g1/TRINITY_DN4433_c0_g1/TRINITY_DN4631_c0_g1/TRINITY_DN4639_c0_g1/TRINITY_DN4699_c0_g1/TRINITY_DN4749_c0_g1/TRINITY_DN4843_c0_g1/TRINITY_DN4892_c1_g1/TRINITY_DN4920_c1_g1/TRINITY_DN5306_c0_g2/TRINITY_DN5390_c0_g2/TRINITY_DN5462_c0_g1/TRINITY_DN5508_c0_g1/TRINITY_DN5532_c0_g1/TRINITY_DN5558_c0_g1/TRINITY_DN5662_c0_g1/TRINITY_DN5780_c0_g1/TRINITY_DN5975_c0_g1/TRINITY_DN6044_c0_g1/TRINITY_DN6302_c0_g1/TRINITY_DN6594_c0_g3/TRINITY_DN6827_c0_g1/TRINITY_DN6841_c0_g1/TRINITY_DN6998_c0_g1/TRINITY_DN7140_c0_g1/TRINITY_DN7147_c0_g1/TRINITY_DN7613_c0_g2/TRINITY_DN8771_c0_g1/TRINITY_DN8802_c0_g1/TRINITY_DN8863_c0_g1/TRINITY_DN8992_c0_g1/TRINITY_DN9168_c0_g1/TRINITY_DN9601_c0_g1/TRINITY_DN10890_c0_g1/TRINITY_DN11165_c0_g1/TRINITY_DN12355_c0_g1/TRINITY_DN12384_c0_g1/TRINITY_DN12409_c0_g1/TRINITY_DN12670_c0_g1/TRINITY_DN12702_c0_g1/TRINITY_DN12760_c0_g1/TRINITY_DN14049_c0_g1/TRINITY_DN14073_c0_g1/TRINITY_DN14110_c0_g1/TRINITY_DN14177_c0_g1/TRINITY_DN14358_c0_g1/TRINITY_DN15870_c0_g1/TRINITY_DN15886_c0_g1/TRINITY_DN16199_c0_g1/TRINITY_DN16532_c0_g1/TRINITY_DN17659_c0_g1/TRINITY_DN18254_c0_g1/TRINITY_DN18485_c0_g1	173	interaction_vs_self	significant	down	CC	TRUE
GO:0015935	small ribosomal subunit	36/717	62/2946	0.580645161290323	2.38574706438116	6.25358960607624	1.02851680908091e-08	6.84698332902435e-07	6.26389936357548e-07	TRINITY_DN221_c0_g1/TRINITY_DN425_c0_g1/TRINITY_DN500_c0_g1/TRINITY_DN751_c0_g1/TRINITY_DN775_c0_g1/TRINITY_DN839_c0_g1/TRINITY_DN879_c0_g1/TRINITY_DN899_c0_g1/TRINITY_DN1286_c0_g1/TRINITY_DN1308_c0_g1/TRINITY_DN1467_c0_g1/TRINITY_DN1469_c0_g1/TRINITY_DN1644_c0_g1/TRINITY_DN1761_c0_g1/TRINITY_DN1820_c0_g1/TRINITY_DN2008_c0_g1/TRINITY_DN2052_c0_g1/TRINITY_DN2208_c0_g1/TRINITY_DN2600_c0_g1/TRINITY_DN2608_c0_g1/TRINITY_DN2774_c0_g1/TRINITY_DN3107_c0_g1/TRINITY_DN3773_c0_g1/TRINITY_DN4022_c0_g1/TRINITY_DN4425_c0_g1/TRINITY_DN4432_c0_g1/TRINITY_DN4433_c0_g1/TRINITY_DN4639_c0_g1/TRINITY_DN4699_c0_g1/TRINITY_DN4920_c1_g1/TRINITY_DN5462_c0_g1/TRINITY_DN5975_c0_g1/TRINITY_DN6302_c0_g1/TRINITY_DN8771_c0_g1/TRINITY_DN12409_c0_g1/TRINITY_DN17659_c0_g1	36	interaction_vs_self	significant	down	CC	TRUE
GO:0015934	large ribosomal subunit	38/717	72/2946	0.527777777777778	2.16852626685263	5.69257208314598	1.34577538864086e-07	7.83914163883301e-06	7.17156621578354e-06	TRINITY_DN3_c0_g1/TRINITY_DN150_c0_g1/TRINITY_DN222_c0_g1/TRINITY_DN229_c0_g1/TRINITY_DN419_c0_g1/TRINITY_DN439_c0_g1/TRINITY_DN487_c0_g1/TRINITY_DN624_c0_g1/TRINITY_DN677_c0_g1/TRINITY_DN1375_c0_g1/TRINITY_DN1377_c0_g1/TRINITY_DN1473_c0_g1/TRINITY_DN1532_c0_g1/TRINITY_DN1726_c0_g1/TRINITY_DN2122_c0_g1/TRINITY_DN2293_c0_g1/TRINITY_DN2304_c0_g1/TRINITY_DN2345_c0_g1/TRINITY_DN2394_c0_g1/TRINITY_DN2413_c0_g1/TRINITY_DN2474_c0_g1/TRINITY_DN2490_c0_g1/TRINITY_DN2945_c0_g1/TRINITY_DN3042_c0_g1/TRINITY_DN3081_c0_g1/TRINITY_DN3506_c0_g1/TRINITY_DN3737_c0_g1/TRINITY_DN4324_c0_g1/TRINITY_DN4749_c0_g1/TRINITY_DN5390_c0_g2/TRINITY_DN5780_c0_g1/TRINITY_DN5975_c0_g1/TRINITY_DN6841_c0_g1/TRINITY_DN7140_c0_g1/TRINITY_DN7147_c0_g1/TRINITY_DN7613_c0_g2/TRINITY_DN8992_c0_g1/TRINITY_DN18254_c0_g1	38	interaction_vs_self	significant	down	CC	TRUE
GO:0030684	preribosome	64/717	154/2946	0.415584415584416	1.70754768244308	5.11452798633421	9.68796237588033e-07	5.01621163017804e-05	4.58903480962752e-05	TRINITY_DN135_c0_g1/TRINITY_DN150_c0_g1/TRINITY_DN221_c0_g1/TRINITY_DN222_c0_g1/TRINITY_DN499_c0_g1/TRINITY_DN693_c0_g1/TRINITY_DN733_c0_g1/TRINITY_DN868_c0_g1/TRINITY_DN879_c0_g1/TRINITY_DN1132_c0_g1/TRINITY_DN1308_c0_g1/TRINITY_DN1313_c0_g1/TRINITY_DN1469_c0_g1/TRINITY_DN1473_c0_g1/TRINITY_DN1516_c0_g1/TRINITY_DN1532_c0_g1/TRINITY_DN1644_c0_g1/TRINITY_DN1677_c0_g1/TRINITY_DN1709_c0_g1/TRINITY_DN1820_c0_g1/TRINITY_DN1833_c0_g1/TRINITY_DN2052_c0_g1/TRINITY_DN2082_c0_g2/TRINITY_DN2122_c0_g1/TRINITY_DN2213_c0_g1/TRINITY_DN2308_c0_g1/TRINITY_DN2336_c0_g1/TRINITY_DN2600_c0_g1/TRINITY_DN2608_c0_g1/TRINITY_DN3107_c0_g1/TRINITY_DN3418_c0_g1/TRINITY_DN3490_c0_g1/TRINITY_DN3506_c0_g1/TRINITY_DN3590_c0_g1/TRINITY_DN4061_c0_g1/TRINITY_DN4110_c0_g1/TRINITY_DN4176_c0_g1/TRINITY_DN4414_c0_g1/TRINITY_DN4425_c0_g1/TRINITY_DN4631_c0_g1/TRINITY_DN4639_c0_g1/TRINITY_DN4749_c0_g1/TRINITY_DN4892_c1_g1/TRINITY_DN4920_c1_g1/TRINITY_DN5306_c0_g2/TRINITY_DN5390_c0_g2/TRINITY_DN5532_c0_g1/TRINITY_DN5558_c0_g1/TRINITY_DN5662_c0_g1/TRINITY_DN6827_c0_g1/TRINITY_DN8863_c0_g1/TRINITY_DN9168_c0_g1/TRINITY_DN10890_c0_g1/TRINITY_DN11165_c0_g1/TRINITY_DN12355_c0_g1/TRINITY_DN12702_c0_g1/TRINITY_DN12760_c0_g1/TRINITY_DN14110_c0_g1/TRINITY_DN14177_c0_g1/TRINITY_DN14358_c0_g1/TRINITY_DN15886_c0_g1/TRINITY_DN16199_c0_g1/TRINITY_DN16532_c0_g1/TRINITY_DN17659_c0_g1	64	interaction_vs_self	significant	down	CC	TRUE
GO:1990204	oxidoreductase complex	25/717	43/2946	0.581395348837209	2.38882942492945	5.20243679106628	1.92461712233527e-06	8.96871579008235e-05	8.2049466794293e-05	TRINITY_DN123_c0_g1/TRINITY_DN160_c0_g1/TRINITY_DN345_c0_g2/TRINITY_DN395_c0_g1/TRINITY_DN1092_c0_g1/TRINITY_DN1561_c0_g1/TRINITY_DN1613_c0_g1/TRINITY_DN1880_c0_g1/TRINITY_DN1961_c0_g1/TRINITY_DN2275_c0_g1/TRINITY_DN2290_c0_g1/TRINITY_DN2936_c0_g1/TRINITY_DN3101_c0_g1/TRINITY_DN3116_c0_g1/TRINITY_DN3756_c0_g1/TRINITY_DN3823_c0_g1/TRINITY_DN4048_c0_g1/TRINITY_DN4118_c0_g1/TRINITY_DN4691_c0_g1/TRINITY_DN8475_c0_g1/TRINITY_DN8810_c0_g1/TRINITY_DN9609_c0_g1/TRINITY_DN14161_c0_g1/TRINITY_DN16577_c0_g1/TRINITY_DN18445_c0_g1	25	interaction_vs_self	significant	down	CC	TRUE
GO:0030686	90S preribosome	37/717	77/2946	0.480519480519481	1.97435200782481	4.91295929648703	3.96365174253185e-06	0.000167914701092713	0.000153615211074201	TRINITY_DN221_c0_g1/TRINITY_DN499_c0_g1/TRINITY_DN693_c0_g1/TRINITY_DN879_c0_g1/TRINITY_DN1308_c0_g1/TRINITY_DN1313_c0_g1/TRINITY_DN1469_c0_g1/TRINITY_DN1532_c0_g1/TRINITY_DN1644_c0_g1/TRINITY_DN2052_c0_g1/TRINITY_DN2082_c0_g2/TRINITY_DN2213_c0_g1/TRINITY_DN2308_c0_g1/TRINITY_DN2608_c0_g1/TRINITY_DN3107_c0_g1/TRINITY_DN3418_c0_g1/TRINITY_DN3590_c0_g1/TRINITY_DN4176_c0_g1/TRINITY_DN4414_c0_g1/TRINITY_DN4425_c0_g1/TRINITY_DN4631_c0_g1/TRINITY_DN4639_c0_g1/TRINITY_DN4920_c1_g1/TRINITY_DN5306_c0_g2/TRINITY_DN5558_c0_g1/TRINITY_DN6827_c0_g1/TRINITY_DN8863_c0_g1/TRINITY_DN9168_c0_g1/TRINITY_DN10890_c0_g1/TRINITY_DN11165_c0_g1/TRINITY_DN12355_c0_g1/TRINITY_DN12760_c0_g1/TRINITY_DN14177_c0_g1/TRINITY_DN15886_c0_g1/TRINITY_DN16199_c0_g1/TRINITY_DN16532_c0_g1/TRINITY_DN17659_c0_g1	37	interaction_vs_self	significant	down	CC	TRUE
GO:0045275	respiratory chain complex III	7/717	7/2946	1	4.10878661087866	4.6696822830308	4.94702862198729e-05	0.00192109611487173	0.00175749701044285	TRINITY_DN123_c0_g1/TRINITY_DN160_c0_g1/TRINITY_DN1092_c0_g1/TRINITY_DN2290_c0_g1/TRINITY_DN2936_c0_g1/TRINITY_DN3116_c0_g1/TRINITY_DN3756_c0_g1	7	interaction_vs_self	significant	down	CC	TRUE
GO:0045259	proton-transporting ATP synthase complex	9/717	11/2946	0.818181818181818	3.36173449980981	4.45010805787922	9.73269491484937e-05	0.0034887967925537	0.0031916934741004	TRINITY_DN506_c0_g1/TRINITY_DN1151_c0_g1/TRINITY_DN1780_c0_g1/TRINITY_DN2153_c0_g1/TRINITY_DN2312_c0_g1/TRINITY_DN3548_c0_g1/TRINITY_DN4818_c0_g1/TRINITY_DN5975_c0_g1/TRINITY_DN7695_c0_g1	9	interaction_vs_self	significant	down	CC	TRUE
GO:0098803	respiratory chain complex	14/717	23/2946	0.608695652173913	2.50100054575223	4.09805283784481	0.000196336312401474	0.00653519439850621	0.00597866214455617	TRINITY_DN123_c0_g1/TRINITY_DN160_c0_g1/TRINITY_DN395_c0_g1/TRINITY_DN1092_c0_g1/TRINITY_DN1613_c0_g1/TRINITY_DN1880_c0_g1/TRINITY_DN1890_c0_g1/TRINITY_DN2290_c0_g1/TRINITY_DN2936_c0_g1/TRINITY_DN3116_c0_g1/TRINITY_DN3756_c0_g1/TRINITY_DN4048_c0_g1/TRINITY_DN16577_c0_g1/TRINITY_DN18445_c0_g1	14	interaction_vs_self	significant	down	CC	TRUE
GO:0098800	inner mitochondrial membrane protein complex	27/717	59/2946	0.457627118644068	1.88029217785973	3.87325999127648	0.000231916306044904	0.00720486657446168	0.00659130554022359	TRINITY_DN123_c0_g1/TRINITY_DN160_c0_g1/TRINITY_DN395_c0_g1/TRINITY_DN506_c0_g1/TRINITY_DN1092_c0_g1/TRINITY_DN1151_c0_g1/TRINITY_DN1273_c0_g1/TRINITY_DN1613_c0_g1/TRINITY_DN1780_c0_g1/TRINITY_DN1873_c0_g1/TRINITY_DN1880_c0_g1/TRINITY_DN1890_c0_g1/TRINITY_DN2153_c0_g1/TRINITY_DN2290_c0_g1/TRINITY_DN2312_c0_g1/TRINITY_DN2891_c0_g1/TRINITY_DN2936_c0_g1/TRINITY_DN3116_c0_g1/TRINITY_DN3165_c0_g1/TRINITY_DN3548_c0_g1/TRINITY_DN3756_c0_g1/TRINITY_DN4048_c0_g1/TRINITY_DN4818_c0_g1/TRINITY_DN5975_c0_g1/TRINITY_DN7695_c0_g1/TRINITY_DN16577_c0_g1/TRINITY_DN18445_c0_g1	27	interaction_vs_self	significant	down	CC	TRUE
GO:0070069	cytochrome complex	8/717	10/2946	0.8	3.28702928870293	4.1080989332338	0.000332100615552497	0.00967243042796648	0.00884873350649745	TRINITY_DN123_c0_g1/TRINITY_DN160_c0_g1/TRINITY_DN1092_c0_g1/TRINITY_DN1890_c0_g1/TRINITY_DN2290_c0_g1/TRINITY_DN2936_c0_g1/TRINITY_DN3116_c0_g1/TRINITY_DN3756_c0_g1	8	interaction_vs_self	significant	down	CC	TRUE
GO:0030687	preribosome, large subunit precursor	27/717	68/2946	0.397058823529412	1.63142997784888	2.98731797015251	0.00325453833669584	0.0883951870659801	0.0808675192268397	TRINITY_DN135_c0_g1/TRINITY_DN150_c0_g1/TRINITY_DN222_c0_g1/TRINITY_DN733_c0_g1/TRINITY_DN868_c0_g1/TRINITY_DN1132_c0_g1/TRINITY_DN1473_c0_g1/TRINITY_DN1709_c0_g1/TRINITY_DN1833_c0_g1/TRINITY_DN2122_c0_g1/TRINITY_DN2336_c0_g1/TRINITY_DN2600_c0_g1/TRINITY_DN3490_c0_g1/TRINITY_DN3506_c0_g1/TRINITY_DN4061_c0_g1/TRINITY_DN4110_c0_g1/TRINITY_DN4414_c0_g1/TRINITY_DN4749_c0_g1/TRINITY_DN4892_c1_g1/TRINITY_DN5306_c0_g2/TRINITY_DN5390_c0_g2/TRINITY_DN5532_c0_g1/TRINITY_DN5662_c0_g1/TRINITY_DN6827_c0_g1/TRINITY_DN12760_c0_g1/TRINITY_DN14177_c0_g1/TRINITY_DN16199_c0_g1	27	interaction_vs_self	significant	down	CC	FALSE
GO:0000235	astral microtubule	6/717	8/2946	0.75	3.081589958159	3.34319320207206	0.00360409560998631	0.0883951870659801	0.0808675192268397	TRINITY_DN35_c0_g2/TRINITY_DN1191_c0_g1/TRINITY_DN1191_c0_g2/TRINITY_DN1321_c0_g1/TRINITY_DN2214_c0_g1/TRINITY_DN2726_c0_g1	6	interaction_vs_self	significant	down	CC	FALSE
GO:0005818	aster	6/717	8/2946	0.75	3.081589958159	3.34319320207206	0.00360409560998631	0.0883951870659801	0.0808675192268397	TRINITY_DN35_c0_g2/TRINITY_DN1191_c0_g1/TRINITY_DN1191_c0_g2/TRINITY_DN1321_c0_g1/TRINITY_DN2214_c0_g1/TRINITY_DN2726_c0_g1	6	interaction_vs_self	significant	down	CC	FALSE
GO:0032040	small-subunit processome	20/717	47/2946	0.425531914893617	1.74841983441645	2.93303538844916	0.00429985585402838	0.0975515359883127	0.0892441203416911	TRINITY_DN221_c0_g1/TRINITY_DN499_c0_g1/TRINITY_DN879_c0_g1/TRINITY_DN1313_c0_g1/TRINITY_DN1516_c0_g1/TRINITY_DN1820_c0_g1/TRINITY_DN2082_c0_g2/TRINITY_DN2213_c0_g1/TRINITY_DN2308_c0_g1/TRINITY_DN4176_c0_g1/TRINITY_DN4425_c0_g1/TRINITY_DN4631_c0_g1/TRINITY_DN5558_c0_g1/TRINITY_DN8863_c0_g1/TRINITY_DN10890_c0_g1/TRINITY_DN11165_c0_g1/TRINITY_DN12355_c0_g1/TRINITY_DN12702_c0_g1/TRINITY_DN14110_c0_g1/TRINITY_DN16532_c0_g1	20	interaction_vs_self	significant	down	CC	FALSE
GO:0000502	proteasome complex	18/717	41/2946	0.439024390243902	1.80385753648331	2.93930829960452	0.00445368162351082	0.0975515359883127	0.0892441203416911	TRINITY_DN43_c0_g1/TRINITY_DN986_c0_g1/TRINITY_DN1077_c0_g1/TRINITY_DN1182_c0_g1/TRINITY_DN1567_c0_g1/TRINITY_DN1754_c0_g2/TRINITY_DN2054_c0_g1/TRINITY_DN2462_c0_g1/TRINITY_DN2561_c0_g1/TRINITY_DN2799_c0_g1/TRINITY_DN2960_c0_g1/TRINITY_DN3035_c0_g1/TRINITY_DN3830_c0_g1/TRINITY_DN3957_c0_g1/TRINITY_DN3977_c0_g1/TRINITY_DN4125_c0_g1/TRINITY_DN5851_c0_g1/TRINITY_DN5899_c0_g1	18	interaction_vs_self	significant	down	CC	FALSE
GO:1905368	peptidase complex	25/717	63/2946	0.396825396825397	1.6304708773328	2.86853515805814	0.00460543732133665	0.0975515359883127	0.0892441203416911	TRINITY_DN43_c0_g1/TRINITY_DN243_c0_g1/TRINITY_DN460_c0_g1/TRINITY_DN986_c0_g1/TRINITY_DN1077_c0_g1/TRINITY_DN1182_c0_g1/TRINITY_DN1286_c0_g1/TRINITY_DN1543_c0_g1/TRINITY_DN1567_c0_g1/TRINITY_DN1754_c0_g2/TRINITY_DN2054_c0_g1/TRINITY_DN2462_c0_g1/TRINITY_DN2525_c0_g1/TRINITY_DN2561_c0_g1/TRINITY_DN2799_c0_g1/TRINITY_DN2960_c0_g1/TRINITY_DN3035_c0_g1/TRINITY_DN3756_c0_g1/TRINITY_DN3830_c0_g1/TRINITY_DN3957_c0_g1/TRINITY_DN3977_c0_g1/TRINITY_DN4125_c0_g1/TRINITY_DN5851_c0_g1/TRINITY_DN5899_c0_g1/TRINITY_DN8854_c0_g1	25	interaction_vs_self	significant	down	CC	FALSE
GO:0098798	mitochondrial protein-containing complex	48/717	142/2946	0.338028169014085	1.3888856149449	2.69354502396679	0.00586092775976362	0.113038443494972	0.103412174419389	TRINITY_DN123_c0_g1/TRINITY_DN160_c0_g1/TRINITY_DN395_c0_g1/TRINITY_DN439_c0_g1/TRINITY_DN506_c0_g1/TRINITY_DN1092_c0_g1/TRINITY_DN1151_c0_g1/TRINITY_DN1195_c0_g1/TRINITY_DN1273_c0_g1/TRINITY_DN1286_c0_g1/TRINITY_DN1375_c0_g1/TRINITY_DN1613_c0_g1/TRINITY_DN1646_c0_g1/TRINITY_DN1726_c0_g1/TRINITY_DN1780_c0_g1/TRINITY_DN1873_c0_g1/TRINITY_DN1880_c0_g1/TRINITY_DN1890_c0_g1/TRINITY_DN1961_c0_g1/TRINITY_DN2008_c0_g1/TRINITY_DN2153_c0_g1/TRINITY_DN2208_c0_g1/TRINITY_DN2290_c0_g1/TRINITY_DN2312_c0_g1/TRINITY_DN2413_c0_g1/TRINITY_DN2474_c0_g1/TRINITY_DN2774_c0_g1/TRINITY_DN2891_c0_g1/TRINITY_DN2936_c0_g1/TRINITY_DN3101_c0_g1/TRINITY_DN3116_c0_g1/TRINITY_DN3165_c0_g1/TRINITY_DN3548_c0_g1/TRINITY_DN3737_c0_g1/TRINITY_DN3756_c0_g1/TRINITY_DN3823_c0_g1/TRINITY_DN4048_c0_g1/TRINITY_DN4118_c0_g1/TRINITY_DN4691_c0_g1/TRINITY_DN4818_c0_g1/TRINITY_DN5975_c0_g1/TRINITY_DN6302_c0_g1/TRINITY_DN7695_c0_g1/TRINITY_DN8475_c0_g1/TRINITY_DN8771_c0_g1/TRINITY_DN16577_c0_g1/TRINITY_DN18254_c0_g1/TRINITY_DN18445_c0_g1	48	interaction_vs_self	significant	down	CC	FALSE
GO:0005788	endoplasmic reticulum lumen	9/717	16/2946	0.5625	2.31119246861925	2.98222097429292	0.00604976688966244	0.113038443494972	0.103412174419389	TRINITY_DN1204_c0_g1/TRINITY_DN1561_c0_g1/TRINITY_DN1769_c0_g1/TRINITY_DN3945_c0_g1/TRINITY_DN4556_c0_g1/TRINITY_DN4878_c0_g1/TRINITY_DN6594_c0_g2/TRINITY_DN9071_c0_g1/TRINITY_DN17918_c0_g1	9	interaction_vs_self	significant	down	CC	FALSE
GO:1905369	endopeptidase complex	18/717	42/2946	0.428571428571429	1.76090854751943	2.81647561213633	0.00606429417891479	0.113038443494972	0.103412174419389	TRINITY_DN43_c0_g1/TRINITY_DN986_c0_g1/TRINITY_DN1077_c0_g1/TRINITY_DN1182_c0_g1/TRINITY_DN1567_c0_g1/TRINITY_DN1754_c0_g2/TRINITY_DN2054_c0_g1/TRINITY_DN2462_c0_g1/TRINITY_DN2561_c0_g1/TRINITY_DN2799_c0_g1/TRINITY_DN2960_c0_g1/TRINITY_DN3035_c0_g1/TRINITY_DN3830_c0_g1/TRINITY_DN3957_c0_g1/TRINITY_DN3977_c0_g1/TRINITY_DN4125_c0_g1/TRINITY_DN5851_c0_g1/TRINITY_DN5899_c0_g1	18	interaction_vs_self	significant	down	CC	FALSE
GO:0009986	cell surface	25/717	65/2946	0.384615384615385	1.58030254264564	2.68279022824636	0.00738629380432209	0.117935995643608	0.107892654699935	TRINITY_DN183_c0_g1/TRINITY_DN207_c0_g1/TRINITY_DN693_c0_g1/TRINITY_DN701_c2_g1/TRINITY_DN761_c0_g1/TRINITY_DN876_c0_g1/TRINITY_DN1170_c0_g2/TRINITY_DN1382_c0_g1/TRINITY_DN1561_c0_g1/TRINITY_DN2007_c0_g1/TRINITY_DN2394_c0_g1/TRINITY_DN2413_c0_g1/TRINITY_DN2638_c0_g1/TRINITY_DN2705_c0_g1/TRINITY_DN2879_c0_g1/TRINITY_DN2977_c0_g1/TRINITY_DN2982_c0_g1/TRINITY_DN3169_c0_g1/TRINITY_DN3396_c0_g1/TRINITY_DN4336_c0_g1/TRINITY_DN9171_c0_g1/TRINITY_DN12265_c0_g1/TRINITY_DN12483_c0_g1/TRINITY_DN16039_c0_g1/TRINITY_DN17959_c0_g1	25	interaction_vs_self	significant	down	CC	FALSE
GO:0009295	nucleoid	11/717	22/2946	0.5	2.05439330543933	2.81496169340932	0.00785482531517423	0.117935995643608	0.107892654699935	TRINITY_DN8_c0_g1/TRINITY_DN582_c1_g1/TRINITY_DN968_c0_g1/TRINITY_DN1348_c0_g1/TRINITY_DN1567_c0_g1/TRINITY_DN3101_c0_g1/TRINITY_DN3509_c0_g1/TRINITY_DN3823_c0_g1/TRINITY_DN5975_c0_g1/TRINITY_DN8475_c0_g1/TRINITY_DN12728_c0_g1	11	interaction_vs_self	significant	down	CC	FALSE
GO:0042645	mitochondrial nucleoid	11/717	22/2946	0.5	2.05439330543933	2.81496169340932	0.00785482531517423	0.117935995643608	0.107892654699935	TRINITY_DN8_c0_g1/TRINITY_DN582_c1_g1/TRINITY_DN968_c0_g1/TRINITY_DN1348_c0_g1/TRINITY_DN1567_c0_g1/TRINITY_DN3101_c0_g1/TRINITY_DN3509_c0_g1/TRINITY_DN3823_c0_g1/TRINITY_DN5975_c0_g1/TRINITY_DN8475_c0_g1/TRINITY_DN12728_c0_g1	11	interaction_vs_self	significant	down	CC	FALSE
GO:0005839	proteasome core complex	8/717	14/2946	0.571428571428571	2.34787806335923	2.86668407114918	0.00854498416583743	0.117935995643608	0.107892654699935	TRINITY_DN43_c0_g1/TRINITY_DN986_c0_g1/TRINITY_DN1754_c0_g2/TRINITY_DN2054_c0_g1/TRINITY_DN3035_c0_g1/TRINITY_DN3977_c0_g1/TRINITY_DN4125_c0_g1/TRINITY_DN5899_c0_g1	8	interaction_vs_self	significant	down	CC	FALSE
GO:0005852	eukaryotic translation initiation factor 3 complex	8/717	14/2946	0.571428571428571	2.34787806335923	2.86668407114918	0.00854498416583743	0.117935995643608	0.107892654699935	TRINITY_DN433_c0_g1/TRINITY_DN693_c0_g1/TRINITY_DN1026_c0_g2/TRINITY_DN2101_c0_g1/TRINITY_DN2301_c0_g1/TRINITY_DN2882_c0_g1/TRINITY_DN3815_c0_g1/TRINITY_DN14049_c0_g1	8	interaction_vs_self	significant	down	CC	FALSE
GO:0016282	eukaryotic 43S preinitiation complex	8/717	14/2946	0.571428571428571	2.34787806335923	2.86668407114918	0.00854498416583743	0.117935995643608	0.107892654699935	TRINITY_DN285_c0_g1/TRINITY_DN433_c0_g1/TRINITY_DN1026_c0_g2/TRINITY_DN2101_c0_g1/TRINITY_DN2882_c0_g1/TRINITY_DN6044_c0_g1/TRINITY_DN14049_c0_g1/TRINITY_DN15870_c0_g1	8	interaction_vs_self	significant	down	CC	FALSE
GO:0000142	cellular bud neck contractile ring	6/717	9/2946	0.666666666666667	2.73919107391911	2.96321915516223	0.00859474366181249	0.117935995643608	0.107892654699935	TRINITY_DN546_c0_g1/TRINITY_DN876_c0_g1/TRINITY_DN1375_c0_g1/TRINITY_DN2369_c0_g1/TRINITY_DN2401_c0_g1/TRINITY_DN17683_c1_g1	6	interaction_vs_self	significant	down	CC	FALSE
GO:0110085	mitotic actomyosin contractile ring	6/717	9/2946	0.666666666666667	2.73919107391911	2.96321915516223	0.00859474366181249	0.117935995643608	0.107892654699935	TRINITY_DN546_c0_g1/TRINITY_DN876_c0_g1/TRINITY_DN1375_c0_g1/TRINITY_DN2369_c0_g1/TRINITY_DN2401_c0_g1/TRINITY_DN17683_c1_g1	6	interaction_vs_self	significant	down	CC	FALSE
GO:0031597	cytosolic proteasome complex	13/717	28/2946	0.464285714285714	1.90765092647938	2.73654390501297	0.00860477221434047	0.117935995643608	0.107892654699935	TRINITY_DN43_c0_g1/TRINITY_DN986_c0_g1/TRINITY_DN1754_c0_g2/TRINITY_DN2054_c0_g1/TRINITY_DN2799_c0_g1/TRINITY_DN2960_c0_g1/TRINITY_DN3035_c0_g1/TRINITY_DN3830_c0_g1/TRINITY_DN3957_c0_g1/TRINITY_DN3977_c0_g1/TRINITY_DN4125_c0_g1/TRINITY_DN5851_c0_g1/TRINITY_DN5899_c0_g1	13	interaction_vs_self	significant	down	CC	FALSE
GO:0005730	nucleolus	71/717	229/2946	0.310043668122271	1.27390327236849	2.44746976822054	0.0101342838833509	0.134252696155685	0.122819837233008	TRINITY_DN75_c1_g1/TRINITY_DN102_c1_g1/TRINITY_DN334_c0_g1/TRINITY_DN394_c0_g1/TRINITY_DN487_c0_g1/TRINITY_DN499_c0_g1/TRINITY_DN647_c0_g1/TRINITY_DN693_c0_g1/TRINITY_DN733_c0_g1/TRINITY_DN834_c0_g1/TRINITY_DN886_c0_g1/TRINITY_DN995_c0_g1/TRINITY_DN1057_c0_g1/TRINITY_DN1132_c0_g1/TRINITY_DN1221_c4_g1/TRINITY_DN1308_c0_g1/TRINITY_DN1313_c0_g1/TRINITY_DN1361_c2_g1/TRINITY_DN1516_c0_g1/TRINITY_DN1677_c0_g1/TRINITY_DN1709_c0_g1/TRINITY_DN1833_c0_g1/TRINITY_DN1913_c0_g1/TRINITY_DN2082_c0_g2/TRINITY_DN2101_c0_g1/TRINITY_DN2213_c0_g1/TRINITY_DN2308_c0_g1/TRINITY_DN2336_c0_g1/TRINITY_DN3101_c0_g1/TRINITY_DN3418_c0_g1/TRINITY_DN3427_c0_g1/TRINITY_DN3490_c0_g1/TRINITY_DN3590_c0_g1/TRINITY_DN3977_c0_g1/TRINITY_DN4024_c0_g1/TRINITY_DN4061_c0_g1/TRINITY_DN4110_c0_g1/TRINITY_DN4176_c0_g1/TRINITY_DN4414_c0_g1/TRINITY_DN4631_c0_g1/TRINITY_DN4892_c1_g1/TRINITY_DN5306_c0_g2/TRINITY_DN5390_c0_g2/TRINITY_DN5532_c0_g1/TRINITY_DN5558_c0_g1/TRINITY_DN5662_c0_g1/TRINITY_DN6645_c0_g1/TRINITY_DN6827_c0_g1/TRINITY_DN6998_c0_g1/TRINITY_DN8753_c0_g1/TRINITY_DN8802_c0_g1/TRINITY_DN8861_c0_g1/TRINITY_DN8863_c0_g1/TRINITY_DN9101_c0_g1/TRINITY_DN9168_c0_g1/TRINITY_DN9425_c0_g1/TRINITY_DN10890_c0_g1/TRINITY_DN11165_c0_g1/TRINITY_DN12355_c0_g1/TRINITY_DN12670_c0_g1/TRINITY_DN12702_c0_g1/TRINITY_DN12760_c0_g1/TRINITY_DN14073_c0_g1/TRINITY_DN14110_c0_g1/TRINITY_DN14175_c0_g1/TRINITY_DN14177_c0_g1/TRINITY_DN14358_c0_g1/TRINITY_DN15886_c0_g1/TRINITY_DN16199_c0_g1/TRINITY_DN16532_c0_g1/TRINITY_DN17770_c0_g1	71	interaction_vs_self	significant	down	CC	FALSE
GO:0005880	nuclear microtubule	5/717	7/2946	0.714285714285714	2.93484757919904	2.90631831381863	0.0113266328165867	0.134252696155685	0.122819837233008	TRINITY_DN35_c0_g2/TRINITY_DN1191_c0_g1/TRINITY_DN1191_c0_g2/TRINITY_DN2214_c0_g1/TRINITY_DN2551_c0_g1	5	interaction_vs_self	significant	down	CC	FALSE
GO:0019774	proteasome core complex, beta-subunit complex	5/717	7/2946	0.714285714285714	2.93484757919904	2.90631831381863	0.0113266328165867	0.134252696155685	0.122819837233008	TRINITY_DN43_c0_g1/TRINITY_DN986_c0_g1/TRINITY_DN3035_c0_g1/TRINITY_DN4125_c0_g1/TRINITY_DN5899_c0_g1	5	interaction_vs_self	significant	down	CC	FALSE
GO:0045239	tricarboxylic acid cycle heteromeric enzyme complex	5/717	7/2946	0.714285714285714	2.93484757919904	2.90631831381863	0.0113266328165867	0.134252696155685	0.122819837233008	TRINITY_DN943_c0_g1/TRINITY_DN1567_c0_g1/TRINITY_DN1961_c0_g1/TRINITY_DN3823_c0_g1/TRINITY_DN8475_c0_g1	5	interaction_vs_self	significant	down	CC	FALSE
GO:0045263	proton-transporting ATP synthase complex, coupling factor F(o)	5/717	7/2946	0.714285714285714	2.93484757919904	2.90631831381863	0.0113266328165867	0.134252696155685	0.122819837233008	TRINITY_DN1151_c0_g1/TRINITY_DN1780_c0_g1/TRINITY_DN2312_c0_g1/TRINITY_DN3548_c0_g1/TRINITY_DN4818_c0_g1	5	interaction_vs_self	significant	down	CC	FALSE
GO:0030446	hyphal cell wall	11/717	23/2946	0.478260869565217	1.96507185737675	2.63485278205875	0.0118119324943843	0.134252696155685	0.122819837233008	TRINITY_DN183_c0_g1/TRINITY_DN207_c0_g1/TRINITY_DN693_c0_g1/TRINITY_DN701_c2_g1/TRINITY_DN2007_c0_g1/TRINITY_DN2210_c0_g1/TRINITY_DN2413_c0_g1/TRINITY_DN2608_c0_g1/TRINITY_DN2879_c0_g1/TRINITY_DN2977_c0_g1/TRINITY_DN16039_c0_g1	11	interaction_vs_self	significant	down	CC	FALSE
GO:0034515	proteasome storage granule	11/717	23/2946	0.478260869565217	1.96507185737675	2.63485278205875	0.0118119324943843	0.134252696155685	0.122819837233008	TRINITY_DN43_c0_g1/TRINITY_DN986_c0_g1/TRINITY_DN1754_c0_g2/TRINITY_DN2054_c0_g1/TRINITY_DN2799_c0_g1/TRINITY_DN3035_c0_g1/TRINITY_DN3957_c0_g1/TRINITY_DN3977_c0_g1/TRINITY_DN4125_c0_g1/TRINITY_DN5851_c0_g1/TRINITY_DN5899_c0_g1	11	interaction_vs_self	significant	down	CC	FALSE
GO:0005960	glycine cleavage complex	4/717	5/2946	0.8	3.28702928870293	2.90239427999504	0.0140526781530658	0.152291814402992	0.139322757698693	TRINITY_DN8475_c0_g1/TRINITY_DN8810_c0_g1/TRINITY_DN9609_c0_g1/TRINITY_DN14161_c0_g1	4	interaction_vs_self	significant	down	CC	FALSE
GO:0034455	t-UTP complex	4/717	5/2946	0.8	3.28702928870293	2.90239427999504	0.0140526781530658	0.152291814402992	0.139322757698693	TRINITY_DN499_c0_g1/TRINITY_DN4631_c0_g1/TRINITY_DN8863_c0_g1/TRINITY_DN12355_c0_g1	4	interaction_vs_self	significant	down	CC	FALSE
GO:0005881	cytoplasmic microtubule	9/717	18/2946	0.5	2.05439330543933	2.54448883371618	0.0159563874548108	0.165237256754262	0.151165775887681	TRINITY_DN35_c0_g2/TRINITY_DN1191_c0_g1/TRINITY_DN1191_c0_g2/TRINITY_DN1321_c0_g1/TRINITY_DN2214_c0_g1/TRINITY_DN2551_c0_g1/TRINITY_DN2726_c0_g1/TRINITY_DN8954_c0_g1/TRINITY_DN18034_c0_g1	9	interaction_vs_self	significant	down	CC	FALSE
GO:0070993	translation preinitiation complex	9/717	18/2946	0.5	2.05439330543933	2.54448883371618	0.0159563874548108	0.165237256754262	0.151165775887681	TRINITY_DN285_c0_g1/TRINITY_DN433_c0_g1/TRINITY_DN1026_c0_g2/TRINITY_DN2101_c0_g1/TRINITY_DN2882_c0_g1/TRINITY_DN4419_c0_g1/TRINITY_DN6044_c0_g1/TRINITY_DN14049_c0_g1/TRINITY_DN15870_c0_g1	9	interaction_vs_self	significant	down	CC	FALSE
GO:0030137	COPI-coated vesicle	6/717	10/2946	0.6	2.4652719665272	2.63200923237921	0.0171053533885988	0.166225980378658	0.152070300549709	TRINITY_DN3526_c0_g1/TRINITY_DN4408_c0_g1/TRINITY_DN4923_c0_g1/TRINITY_DN5851_c0_g1/TRINITY_DN7264_c1_g1/TRINITY_DN17715_c0_g1	6	interaction_vs_self	significant	down	CC	FALSE
GO:0043614	multi-eIF complex	6/717	10/2946	0.6	2.4652719665272	2.63200923237921	0.0171053533885988	0.166225980378658	0.152070300549709	TRINITY_DN285_c0_g1/TRINITY_DN433_c0_g1/TRINITY_DN2101_c0_g1/TRINITY_DN4419_c0_g1/TRINITY_DN6044_c0_g1/TRINITY_DN14049_c0_g1	6	interaction_vs_self	significant	down	CC	FALSE
GO:0031298	replication fork protection complex	11/717	24/2946	0.458333333333333	1.88319386331939	2.46359180637512	0.0171219893952265	0.166225980378658	0.152070300549709	TRINITY_DN464_c1_g1/TRINITY_DN1056_c0_g1/TRINITY_DN1819_c0_g1/TRINITY_DN2262_c0_g1/TRINITY_DN2829_c0_g1/TRINITY_DN3742_c0_g1/TRINITY_DN4414_c0_g1/TRINITY_DN6998_c0_g1/TRINITY_DN8771_c0_g1/TRINITY_DN10709_c0_g1/TRINITY_DN15939_c0_g1	11	interaction_vs_self	significant	down	CC	FALSE
GO:0030688	preribosome, small subunit precursor	8/717	16/2946	0.5	2.05439330543933	2.39814817876926	0.0228814996998046	0.213255577202179	0.195094892177281	TRINITY_DN1677_c0_g1/TRINITY_DN3590_c0_g1/TRINITY_DN4414_c0_g1/TRINITY_DN4639_c0_g1/TRINITY_DN5662_c0_g1/TRINITY_DN8863_c0_g1/TRINITY_DN9168_c0_g1/TRINITY_DN11165_c0_g1	8	interaction_vs_self	significant	down	CC	FALSE
GO:0033553	rDNA heterochromatin	8/717	16/2946	0.5	2.05439330543933	2.39814817876926	0.0228814996998046	0.213255577202179	0.195094892177281	TRINITY_DN462_c0_g1/TRINITY_DN499_c0_g1/TRINITY_DN834_c0_g1/TRINITY_DN1819_c0_g1/TRINITY_DN4631_c0_g1/TRINITY_DN8861_c0_g1/TRINITY_DN8863_c0_g1/TRINITY_DN12289_c0_g1	8	interaction_vs_self	significant	down	CC	FALSE
GO:1990752	microtubule end	5/717	8/2946	0.625	2.56799163179916	2.51831487934975	0.0241975281609207	0.221098982803707	0.202270359239894	TRINITY_DN1321_c0_g1/TRINITY_DN2214_c0_g1/TRINITY_DN2726_c0_g1/TRINITY_DN8954_c0_g1/TRINITY_DN18034_c0_g1	5	interaction_vs_self	significant	down	CC	FALSE
GO:0005743	mitochondrial inner membrane	56/717	182/2946	0.307692307692308	1.26424203411651	2.08696791201364	0.0248043891524908	0.222285487405013	0.203355821999165	TRINITY_DN123_c0_g1/TRINITY_DN160_c0_g1/TRINITY_DN258_c0_g1/TRINITY_DN379_c0_g1/TRINITY_DN395_c0_g1/TRINITY_DN420_c0_g1/TRINITY_DN506_c0_g1/TRINITY_DN544_c0_g1/TRINITY_DN642_c0_g1/TRINITY_DN693_c0_g1/TRINITY_DN743_c0_g1/TRINITY_DN751_c0_g1/TRINITY_DN852_c0_g1/TRINITY_DN1092_c0_g1/TRINITY_DN1125_c0_g1/TRINITY_DN1151_c0_g1/TRINITY_DN1185_c0_g1/TRINITY_DN1273_c0_g1/TRINITY_DN1348_c0_g1/TRINITY_DN1375_c0_g1/TRINITY_DN1461_c0_g1/TRINITY_DN1613_c0_g1/TRINITY_DN1780_c0_g1/TRINITY_DN1873_c0_g1/TRINITY_DN1880_c0_g1/TRINITY_DN1890_c0_g1/TRINITY_DN1931_c0_g1/TRINITY_DN1948_c0_g1/TRINITY_DN1990_c1_g1/TRINITY_DN2104_c0_g1/TRINITY_DN2153_c0_g1/TRINITY_DN2290_c0_g1/TRINITY_DN2312_c0_g1/TRINITY_DN2666_c0_g1/TRINITY_DN2891_c0_g1/TRINITY_DN2936_c0_g1/TRINITY_DN3116_c0_g1/TRINITY_DN3165_c0_g1/TRINITY_DN3548_c0_g1/TRINITY_DN3608_c0_g1/TRINITY_DN3756_c0_g1/TRINITY_DN3985_c0_g1/TRINITY_DN4048_c0_g1/TRINITY_DN4158_c0_g1/TRINITY_DN4818_c0_g1/TRINITY_DN4851_c0_g1/TRINITY_DN5398_c0_g1/TRINITY_DN5975_c0_g1/TRINITY_DN6941_c0_g1/TRINITY_DN7695_c0_g1/TRINITY_DN8764_c0_g1/TRINITY_DN10709_c0_g1/TRINITY_DN10790_c0_g1/TRINITY_DN11038_c0_g1/TRINITY_DN16577_c0_g1/TRINITY_DN18445_c0_g1	56	interaction_vs_self	significant	down	CC	FALSE
GO:0043596	nuclear replication fork	23/717	65/2946	0.353846153846154	1.45387833923399	2.09831990009596	0.0287933229757108	0.253163934088325	0.231604683320017	TRINITY_DN425_c0_g1/TRINITY_DN464_c1_g1/TRINITY_DN1056_c0_g1/TRINITY_DN1146_c0_g1/TRINITY_DN1516_c0_g1/TRINITY_DN1689_c0_g1/TRINITY_DN1819_c0_g1/TRINITY_DN2075_c0_g1/TRINITY_DN2262_c0_g1/TRINITY_DN2829_c0_g1/TRINITY_DN3742_c0_g1/TRINITY_DN4182_c0_g1/TRINITY_DN4205_c0_g1/TRINITY_DN4414_c0_g1/TRINITY_DN6998_c0_g1/TRINITY_DN8771_c0_g1/TRINITY_DN8941_c0_g1/TRINITY_DN10690_c0_g1/TRINITY_DN10709_c0_g1/TRINITY_DN12384_c0_g1/TRINITY_DN15939_c0_g1/TRINITY_DN16075_c0_g1/TRINITY_DN18341_c0_g1	23	interaction_vs_self	significant	down	CC	FALSE
GO:0019866	organelle inner membrane	58/717	191/2946	0.303664921465969	1.24769436351289	2.00733195920413	0.029385581518109	0.25358668495257	0.231991433037702	TRINITY_DN123_c0_g1/TRINITY_DN160_c0_g1/TRINITY_DN258_c0_g1/TRINITY_DN379_c0_g1/TRINITY_DN395_c0_g1/TRINITY_DN420_c0_g1/TRINITY_DN506_c0_g1/TRINITY_DN544_c0_g1/TRINITY_DN642_c0_g1/TRINITY_DN693_c0_g1/TRINITY_DN743_c0_g1/TRINITY_DN751_c0_g1/TRINITY_DN778_c0_g2/TRINITY_DN852_c0_g1/TRINITY_DN1092_c0_g1/TRINITY_DN1125_c0_g1/TRINITY_DN1151_c0_g1/TRINITY_DN1185_c0_g1/TRINITY_DN1273_c0_g1/TRINITY_DN1348_c0_g1/TRINITY_DN1375_c0_g1/TRINITY_DN1461_c0_g1/TRINITY_DN1613_c0_g1/TRINITY_DN1780_c0_g1/TRINITY_DN1873_c0_g1/TRINITY_DN1880_c0_g1/TRINITY_DN1890_c0_g1/TRINITY_DN1931_c0_g1/TRINITY_DN1948_c0_g1/TRINITY_DN1990_c1_g1/TRINITY_DN2104_c0_g1/TRINITY_DN2153_c0_g1/TRINITY_DN2290_c0_g1/TRINITY_DN2312_c0_g1/TRINITY_DN2666_c0_g1/TRINITY_DN2891_c0_g1/TRINITY_DN2936_c0_g1/TRINITY_DN3116_c0_g1/TRINITY_DN3165_c0_g1/TRINITY_DN3512_c0_g1/TRINITY_DN3548_c0_g1/TRINITY_DN3608_c0_g1/TRINITY_DN3756_c0_g1/TRINITY_DN3985_c0_g1/TRINITY_DN4048_c0_g1/TRINITY_DN4158_c0_g1/TRINITY_DN4818_c0_g1/TRINITY_DN4851_c0_g1/TRINITY_DN5398_c0_g1/TRINITY_DN5975_c0_g1/TRINITY_DN6941_c0_g1/TRINITY_DN7695_c0_g1/TRINITY_DN8764_c0_g1/TRINITY_DN10709_c0_g1/TRINITY_DN10790_c0_g1/TRINITY_DN11038_c0_g1/TRINITY_DN16577_c0_g1/TRINITY_DN18445_c0_g1	58	interaction_vs_self	significant	down	CC	FALSE
GO:0034506	chromosome, centromeric core domain	7/717	14/2946	0.5	2.05439330543933	2.2424969851473	0.0329947633854478	0.273687400858017	0.250380387051043	TRINITY_DN462_c0_g1/TRINITY_DN1361_c1_g1/TRINITY_DN2213_c0_g1/TRINITY_DN3306_c0_g1/TRINITY_DN4602_c0_g1/TRINITY_DN6998_c0_g1/TRINITY_DN12289_c0_g1	7	interaction_vs_self	significant	down	CC	FALSE
GO:0005876	spindle microtubule	10/717	23/2946	0.434782608695652	1.78642896125159	2.14711943013006	0.0337656755229016	0.273687400858017	0.250380387051043	TRINITY_DN35_c0_g2/TRINITY_DN1191_c0_g1/TRINITY_DN1191_c0_g2/TRINITY_DN1321_c0_g1/TRINITY_DN2214_c0_g1/TRINITY_DN2551_c0_g1/TRINITY_DN2726_c0_g1/TRINITY_DN4852_c0_g1/TRINITY_DN8954_c0_g1/TRINITY_DN18034_c0_g1	10	interaction_vs_self	significant	down	CC	FALSE
GO:0005828	kinetochore microtubule	4/717	6/2946	0.666666666666667	2.73919107391911	2.41822357616186	0.0340640971024999	0.273687400858017	0.250380387051043	TRINITY_DN35_c0_g2/TRINITY_DN1191_c0_g1/TRINITY_DN1191_c0_g2/TRINITY_DN4852_c0_g1	4	interaction_vs_self	significant	down	CC	FALSE
GO:0045254	pyruvate dehydrogenase complex	4/717	6/2946	0.666666666666667	2.73919107391911	2.41822357616186	0.0340640971024999	0.273687400858017	0.250380387051043	TRINITY_DN3101_c0_g1/TRINITY_DN4118_c0_g1/TRINITY_DN4691_c0_g1/TRINITY_DN8475_c0_g1	4	interaction_vs_self	significant	down	CC	FALSE
GO:0005657	replication fork	24/717	70/2946	0.342857142857143	1.40872683801554	1.96261415958607	0.0376417011155595	0.297305639319504	0.271987314037495	TRINITY_DN425_c0_g1/TRINITY_DN464_c1_g1/TRINITY_DN1056_c0_g1/TRINITY_DN1146_c0_g1/TRINITY_DN1516_c0_g1/TRINITY_DN1689_c0_g1/TRINITY_DN1819_c0_g1/TRINITY_DN2075_c0_g1/TRINITY_DN2262_c0_g1/TRINITY_DN2829_c0_g1/TRINITY_DN3742_c0_g1/TRINITY_DN4182_c0_g1/TRINITY_DN4205_c0_g1/TRINITY_DN4414_c0_g1/TRINITY_DN6998_c0_g1/TRINITY_DN8771_c0_g1/TRINITY_DN8941_c0_g1/TRINITY_DN10690_c0_g1/TRINITY_DN10709_c0_g1/TRINITY_DN12384_c0_g1/TRINITY_DN15939_c0_g1/TRINITY_DN16075_c0_g1/TRINITY_DN17793_c0_g1/TRINITY_DN18341_c0_g1	24	interaction_vs_self	significant	down	CC	FALSE
GO:0030126	COPI vesicle coat	5/717	9/2946	0.555555555555556	2.28265922826592	2.18538402809211	0.0437010087848059	0.333847050716714	0.305416886244114	TRINITY_DN3526_c0_g1/TRINITY_DN4408_c0_g1/TRINITY_DN5851_c0_g1/TRINITY_DN7264_c1_g1/TRINITY_DN17715_c0_g1	5	interaction_vs_self	significant	down	CC	FALSE
GO:0030663	COPI-coated vesicle membrane	5/717	9/2946	0.555555555555556	2.28265922826592	2.18538402809211	0.0437010087848059	0.333847050716714	0.305416886244114	TRINITY_DN3526_c0_g1/TRINITY_DN4408_c0_g1/TRINITY_DN5851_c0_g1/TRINITY_DN7264_c1_g1/TRINITY_DN17715_c0_g1	5	interaction_vs_self	significant	down	CC	FALSE
GO:0010494	cytoplasmic stress granule	26/717	80/2946	0.325	1.33535564853556	1.72448618426135	0.0587453867476654	0.428591624658272	0.392093083321889	TRINITY_DN15_c0_g1/TRINITY_DN123_c0_g1/TRINITY_DN163_c0_g1/TRINITY_DN433_c0_g1/TRINITY_DN693_c0_g1/TRINITY_DN758_c0_g1/TRINITY_DN1170_c0_g2/TRINITY_DN1221_c4_g1/TRINITY_DN1386_c0_g1/TRINITY_DN1670_c0_g1/TRINITY_DN1854_c0_g1/TRINITY_DN2101_c0_g1/TRINITY_DN2417_c0_g1/TRINITY_DN2982_c0_g1/TRINITY_DN3119_c0_g1/TRINITY_DN3232_c0_g1/TRINITY_DN3396_c0_g1/TRINITY_DN3997_c0_g1/TRINITY_DN4003_c0_g1/TRINITY_DN4199_c0_g1/TRINITY_DN4419_c0_g1/TRINITY_DN5508_c0_g1/TRINITY_DN6594_c0_g3/TRINITY_DN14049_c0_g1/TRINITY_DN15870_c0_g1/TRINITY_DN17659_c0_g1	26	interaction_vs_self	significant	down	CC	FALSE
GO:0016469	proton-transporting two-sector ATPase complex	10/717	25/2946	0.4	1.64351464435146	1.83235599544153	0.0600730174857322	0.428591624658272	0.392093083321889	TRINITY_DN506_c0_g1/TRINITY_DN1151_c0_g1/TRINITY_DN1780_c0_g1/TRINITY_DN2153_c0_g1/TRINITY_DN2312_c0_g1/TRINITY_DN3548_c0_g1/TRINITY_DN3631_c0_g1/TRINITY_DN4818_c0_g1/TRINITY_DN5975_c0_g1/TRINITY_DN7695_c0_g1	10	interaction_vs_self	significant	down	CC	FALSE
GO:0072686	mitotic spindle	13/717	35/2946	0.371428571428571	1.5261207411835	1.77560163343563	0.0617491392213231	0.428591624658272	0.392093083321889	TRINITY_DN334_c0_g1/TRINITY_DN705_c0_g1/TRINITY_DN1170_c0_g2/TRINITY_DN1321_c0_g1/TRINITY_DN1913_c0_g1/TRINITY_DN2214_c0_g1/TRINITY_DN2551_c0_g1/TRINITY_DN2726_c0_g1/TRINITY_DN2799_c0_g1/TRINITY_DN8954_c0_g1/TRINITY_DN10562_c0_g1/TRINITY_DN14024_c0_g1/TRINITY_DN18034_c0_g1	13	interaction_vs_self	significant	down	CC	FALSE
GO:0051233	spindle midzone	9/717	22/2946	0.409090909090909	1.68086724990491	1.81774221904859	0.0636413169815077	0.428591624658272	0.392093083321889	TRINITY_DN334_c0_g1/TRINITY_DN705_c0_g1/TRINITY_DN1170_c0_g2/TRINITY_DN1913_c0_g1/TRINITY_DN2214_c0_g1/TRINITY_DN2551_c0_g1/TRINITY_DN2799_c0_g1/TRINITY_DN4852_c0_g1/TRINITY_DN14024_c0_g1	9	interaction_vs_self	significant	down	CC	FALSE
GO:0005885	Arp2/3 protein complex	4/717	7/2946	0.571428571428571	2.34787806335923	2.02463632921254	0.0643807161503842	0.428591624658272	0.392093083321889	TRINITY_DN57_c0_g1/TRINITY_DN2529_c0_g1/TRINITY_DN3441_c0_g1/TRINITY_DN3670_c0_g1	4	interaction_vs_self	significant	down	CC	FALSE
GO:0035371	microtubule plus-end	4/717	7/2946	0.571428571428571	2.34787806335923	2.02463632921254	0.0643807161503842	0.428591624658272	0.392093083321889	TRINITY_DN1321_c0_g1/TRINITY_DN2214_c0_g1/TRINITY_DN2726_c0_g1/TRINITY_DN18034_c0_g1	4	interaction_vs_self	significant	down	CC	FALSE
GO:0042597	periplasmic space	4/717	7/2946	0.571428571428571	2.34787806335923	2.02463632921254	0.0643807161503842	0.428591624658272	0.392093083321889	TRINITY_DN227_c0_g1/TRINITY_DN761_c0_g1/TRINITY_DN12265_c0_g1/TRINITY_DN12483_c0_g1	4	interaction_vs_self	significant	down	CC	FALSE
GO:0061638	CENP-A containing chromatin	4/717	7/2946	0.571428571428571	2.34787806335923	2.02463632921254	0.0643807161503842	0.428591624658272	0.392093083321889	TRINITY_DN462_c0_g1/TRINITY_DN2213_c0_g1/TRINITY_DN6998_c0_g1/TRINITY_DN12289_c0_g1	4	interaction_vs_self	significant	down	CC	FALSE
GO:0071541	eukaryotic translation initiation factor 3 complex, eIF3m	4/717	7/2946	0.571428571428571	2.34787806335923	2.02463632921254	0.0643807161503842	0.428591624658272	0.392093083321889	TRINITY_DN433_c0_g1/TRINITY_DN2101_c0_g1/TRINITY_DN2882_c0_g1/TRINITY_DN14049_c0_g1	4	interaction_vs_self	significant	down	CC	FALSE
GO:0030445	yeast-form cell wall	8/717	19/2946	0.421052631578947	1.7300154151068	1.81027545613572	0.0669576536825553	0.439468543888321	0.402043732267382	TRINITY_DN183_c0_g1/TRINITY_DN693_c0_g1/TRINITY_DN1170_c0_g2/TRINITY_DN2705_c0_g1/TRINITY_DN2977_c0_g1/TRINITY_DN2982_c0_g1/TRINITY_DN3396_c0_g1/TRINITY_DN16039_c0_g1	8	interaction_vs_self	significant	down	CC	FALSE
GO:0008541	proteasome regulatory particle, lid subcomplex	5/717	10/2946	0.5	2.05439330543933	1.89396438195192	0.0702966641810131	0.454975632060446	0.416230248440209	TRINITY_DN1077_c0_g1/TRINITY_DN2462_c0_g1/TRINITY_DN2799_c0_g1/TRINITY_DN3957_c0_g1/TRINITY_DN5851_c0_g1	5	interaction_vs_self	significant	down	CC	FALSE
GO:0009277	fungal-type cell wall	24/717	75/2946	0.32	1.31481171548117	1.56607340529258	0.0791387012521821	0.505186777856395	0.4621654507157	TRINITY_DN183_c0_g1/TRINITY_DN207_c0_g1/TRINITY_DN693_c0_g1/TRINITY_DN701_c2_g1/TRINITY_DN761_c0_g1/TRINITY_DN876_c0_g1/TRINITY_DN1006_c0_g2/TRINITY_DN1170_c0_g2/TRINITY_DN1411_c0_g1/TRINITY_DN1617_c0_g1/TRINITY_DN1989_c0_g1/TRINITY_DN2007_c0_g1/TRINITY_DN2210_c0_g1/TRINITY_DN2413_c0_g1/TRINITY_DN2608_c0_g1/TRINITY_DN2705_c0_g1/TRINITY_DN2879_c0_g1/TRINITY_DN2977_c0_g1/TRINITY_DN2982_c0_g1/TRINITY_DN2997_c0_g1/TRINITY_DN3396_c0_g1/TRINITY_DN4116_c0_g1/TRINITY_DN9171_c0_g1/TRINITY_DN16039_c0_g1	24	interaction_vs_self	significant	down	CC	FALSE
GO:0032993	protein-DNA complex	20/717	62/2946	0.32258064516129	1.32541503576731	1.46853068474236	0.0960207790479612	0.591578818821205	0.541200410261097	TRINITY_DN328_c0_g1/TRINITY_DN464_c1_g1/TRINITY_DN995_c0_g1/TRINITY_DN1056_c0_g1/TRINITY_DN1146_c0_g1/TRINITY_DN1516_c0_g1/TRINITY_DN1689_c0_g1/TRINITY_DN1819_c0_g1/TRINITY_DN2829_c0_g1/TRINITY_DN4205_c0_g1/TRINITY_DN4414_c0_g1/TRINITY_DN5851_c0_g1/TRINITY_DN6998_c0_g1/TRINITY_DN8771_c0_g1/TRINITY_DN8941_c0_g1/TRINITY_DN12384_c0_g1/TRINITY_DN15939_c0_g1/TRINITY_DN16075_c0_g1/TRINITY_DN17609_c0_g1/TRINITY_DN18341_c0_g1	20	interaction_vs_self	significant	down	CC	FALSE
GO:0031389	Rad17 RFC-like complex	3/717	5/2946	0.6	2.4652719665272	1.85952886361921	0.0964806657304969	0.591578818821205	0.541200410261097	TRINITY_DN1516_c0_g1/TRINITY_DN8941_c0_g1/TRINITY_DN12501_c0_g1	3	interaction_vs_self	significant	down	CC	FALSE
GO:0031390	Ctf18 RFC-like complex	3/717	5/2946	0.6	2.4652719665272	1.85952886361921	0.0964806657304969	0.591578818821205	0.541200410261097	TRINITY_DN1516_c0_g1/TRINITY_DN4182_c0_g1/TRINITY_DN8941_c0_g1	3	interaction_vs_self	significant	down	CC	FALSE
GO:0005826	actomyosin contractile ring	14/717	41/2946	0.341463414634146	1.40300030615369	1.47357223246645	0.101145891563293	0.594229016209378	0.543624918827193	TRINITY_DN414_c0_g1/TRINITY_DN546_c0_g1/TRINITY_DN876_c0_g1/TRINITY_DN1006_c0_g2/TRINITY_DN1170_c0_g2/TRINITY_DN1375_c0_g1/TRINITY_DN1913_c0_g1/TRINITY_DN2350_c0_g1/TRINITY_DN2369_c0_g1/TRINITY_DN2401_c0_g1/TRINITY_DN3441_c0_g1/TRINITY_DN3997_c0_g1/TRINITY_DN4631_c0_g1/TRINITY_DN17683_c1_g1	14	interaction_vs_self	significant	down	CC	FALSE
GO:0070938	contractile ring	14/717	41/2946	0.341463414634146	1.40300030615369	1.47357223246645	0.101145891563293	0.594229016209378	0.543624918827193	TRINITY_DN414_c0_g1/TRINITY_DN546_c0_g1/TRINITY_DN876_c0_g1/TRINITY_DN1006_c0_g2/TRINITY_DN1170_c0_g2/TRINITY_DN1375_c0_g1/TRINITY_DN1913_c0_g1/TRINITY_DN2350_c0_g1/TRINITY_DN2369_c0_g1/TRINITY_DN2401_c0_g1/TRINITY_DN3441_c0_g1/TRINITY_DN3997_c0_g1/TRINITY_DN4631_c0_g1/TRINITY_DN17683_c1_g1	14	interaction_vs_self	significant	down	CC	FALSE
GO:0005618	cell wall	24/717	77/2946	0.311688311688312	1.28066076183231	1.41517119883752	0.102153705649368	0.594229016209378	0.543624918827193	TRINITY_DN183_c0_g1/TRINITY_DN207_c0_g1/TRINITY_DN693_c0_g1/TRINITY_DN701_c2_g1/TRINITY_DN761_c0_g1/TRINITY_DN876_c0_g1/TRINITY_DN1006_c0_g2/TRINITY_DN1170_c0_g2/TRINITY_DN1411_c0_g1/TRINITY_DN1617_c0_g1/TRINITY_DN1989_c0_g1/TRINITY_DN2007_c0_g1/TRINITY_DN2210_c0_g1/TRINITY_DN2413_c0_g1/TRINITY_DN2608_c0_g1/TRINITY_DN2705_c0_g1/TRINITY_DN2879_c0_g1/TRINITY_DN2977_c0_g1/TRINITY_DN2982_c0_g1/TRINITY_DN2997_c0_g1/TRINITY_DN3396_c0_g1/TRINITY_DN4116_c0_g1/TRINITY_DN9171_c0_g1/TRINITY_DN16039_c0_g1	24	interaction_vs_self	significant	down	CC	FALSE
GO:0030312	external encapsulating structure	24/717	77/2946	0.311688311688312	1.28066076183231	1.41517119883752	0.102153705649368	0.594229016209378	0.543624918827193	TRINITY_DN183_c0_g1/TRINITY_DN207_c0_g1/TRINITY_DN693_c0_g1/TRINITY_DN701_c2_g1/TRINITY_DN761_c0_g1/TRINITY_DN876_c0_g1/TRINITY_DN1006_c0_g2/TRINITY_DN1170_c0_g2/TRINITY_DN1411_c0_g1/TRINITY_DN1617_c0_g1/TRINITY_DN1989_c0_g1/TRINITY_DN2007_c0_g1/TRINITY_DN2210_c0_g1/TRINITY_DN2413_c0_g1/TRINITY_DN2608_c0_g1/TRINITY_DN2705_c0_g1/TRINITY_DN2879_c0_g1/TRINITY_DN2977_c0_g1/TRINITY_DN2982_c0_g1/TRINITY_DN2997_c0_g1/TRINITY_DN3396_c0_g1/TRINITY_DN4116_c0_g1/TRINITY_DN9171_c0_g1/TRINITY_DN16039_c0_g1	24	interaction_vs_self	significant	down	CC	FALSE
GO:0000786	nucleosome	4/717	8/2946	0.5	2.05439330543933	1.69343655662745	0.104563904139848	0.594229016209378	0.543624918827193	TRINITY_DN1819_c0_g1/TRINITY_DN2829_c0_g1/TRINITY_DN4414_c0_g1/TRINITY_DN6998_c0_g1	4	interaction_vs_self	significant	down	CC	FALSE
GO:0071540	eukaryotic translation initiation factor 3 complex, eIF3e	4/717	8/2946	0.5	2.05439330543933	1.69343655662745	0.104563904139848	0.594229016209378	0.543624918827193	TRINITY_DN433_c0_g1/TRINITY_DN2101_c0_g1/TRINITY_DN2882_c0_g1/TRINITY_DN14049_c0_g1	4	interaction_vs_self	significant	down	CC	FALSE
GO:0005819	spindle	17/717	52/2946	0.326923076923077	1.34325716124879	1.41618245003086	0.107230965164039	0.602043732125807	0.550774139396774	TRINITY_DN35_c0_g2/TRINITY_DN334_c0_g1/TRINITY_DN705_c0_g1/TRINITY_DN1170_c0_g2/TRINITY_DN1191_c0_g1/TRINITY_DN1191_c0_g2/TRINITY_DN1321_c0_g1/TRINITY_DN1913_c0_g1/TRINITY_DN2214_c0_g1/TRINITY_DN2551_c0_g1/TRINITY_DN2726_c0_g1/TRINITY_DN2799_c0_g1/TRINITY_DN4852_c0_g1/TRINITY_DN8954_c0_g1/TRINITY_DN10562_c0_g1/TRINITY_DN14024_c0_g1/TRINITY_DN18034_c0_g1	17	interaction_vs_self	significant	down	CC	FALSE
GO:0005811	lipid droplet	13/717	38/2946	0.342105263157895	1.40563752477428	1.42718382286517	0.110353425429447	0.610865409794979	0.558844569611399	TRINITY_DN320_c0_g1/TRINITY_DN1989_c0_g1/TRINITY_DN2009_c0_g1/TRINITY_DN2087_c0_g1/TRINITY_DN2523_c0_g1/TRINITY_DN4139_c0_g1/TRINITY_DN4300_c0_g1/TRINITY_DN6655_c0_g1/TRINITY_DN6655_c0_g2/TRINITY_DN12361_c0_g1/TRINITY_DN14212_c0_g1/TRINITY_DN17749_c0_g1/TRINITY_DN17871_c0_g1	13	interaction_vs_self	significant	down	CC	FALSE
GO:0062039	biofilm matrix	8/717	21/2946	0.380952380952381	1.56525204223949	1.47413088531484	0.114045688094771	0.610865409794979	0.558844569611399	TRINITY_DN693_c0_g1/TRINITY_DN968_c0_g1/TRINITY_DN2210_c0_g1/TRINITY_DN2413_c0_g1/TRINITY_DN2879_c0_g1/TRINITY_DN4878_c0_g1/TRINITY_DN5924_c2_g1/TRINITY_DN5989_c0_g1	8	interaction_vs_self	significant	down	CC	FALSE
GO:0062040	fungal biofilm matrix	8/717	21/2946	0.380952380952381	1.56525204223949	1.47413088531484	0.114045688094771	0.610865409794979	0.558844569611399	TRINITY_DN693_c0_g1/TRINITY_DN968_c0_g1/TRINITY_DN2210_c0_g1/TRINITY_DN2413_c0_g1/TRINITY_DN2879_c0_g1/TRINITY_DN4878_c0_g1/TRINITY_DN5924_c2_g1/TRINITY_DN5989_c0_g1	8	interaction_vs_self	significant	down	CC	FALSE
GO:1990023	mitotic spindle midzone	8/717	21/2946	0.380952380952381	1.56525204223949	1.47413088531484	0.114045688094771	0.610865409794979	0.558844569611399	TRINITY_DN334_c0_g1/TRINITY_DN705_c0_g1/TRINITY_DN1170_c0_g2/TRINITY_DN1913_c0_g1/TRINITY_DN2214_c0_g1/TRINITY_DN2551_c0_g1/TRINITY_DN2799_c0_g1/TRINITY_DN14024_c0_g1	8	interaction_vs_self	significant	down	CC	FALSE
GO:0005856	cytoskeleton	61/717	219/2946	0.278538812785388	1.14445654458264	1.2599807322047	0.12013982983803	0.63619500800593	0.582017118234474	TRINITY_DN35_c0_g1/TRINITY_DN35_c0_g2/TRINITY_DN57_c0_g1/TRINITY_DN241_c0_g1/TRINITY_DN334_c0_g1/TRINITY_DN414_c0_g1/TRINITY_DN546_c0_g1/TRINITY_DN705_c0_g1/TRINITY_DN814_c0_g1/TRINITY_DN876_c0_g1/TRINITY_DN1006_c0_g2/TRINITY_DN1025_c0_g1/TRINITY_DN1052_c0_g1/TRINITY_DN1057_c0_g1/TRINITY_DN1127_c0_g1/TRINITY_DN1170_c0_g2/TRINITY_DN1191_c0_g1/TRINITY_DN1191_c0_g2/TRINITY_DN1321_c0_g1/TRINITY_DN1361_c1_g1/TRINITY_DN1375_c0_g1/TRINITY_DN1661_c0_g1/TRINITY_DN1745_c0_g1/TRINITY_DN1913_c0_g1/TRINITY_DN1924_c0_g1/TRINITY_DN2214_c0_g1/TRINITY_DN2350_c0_g1/TRINITY_DN2369_c0_g1/TRINITY_DN2401_c0_g1/TRINITY_DN2529_c0_g1/TRINITY_DN2551_c0_g1/TRINITY_DN2726_c0_g1/TRINITY_DN2799_c0_g1/TRINITY_DN2927_c0_g1/TRINITY_DN3116_c0_g1/TRINITY_DN3199_c0_g1/TRINITY_DN3317_c0_g1/TRINITY_DN3441_c0_g1/TRINITY_DN3628_c0_g1/TRINITY_DN3670_c0_g1/TRINITY_DN3693_c0_g1/TRINITY_DN3833_c0_g3/TRINITY_DN3997_c0_g1/TRINITY_DN4158_c0_g1/TRINITY_DN4305_c0_g1/TRINITY_DN4631_c0_g1/TRINITY_DN4673_c0_g1/TRINITY_DN4681_c0_g1/TRINITY_DN4782_c0_g1/TRINITY_DN4852_c0_g1/TRINITY_DN5262_c0_g1/TRINITY_DN6061_c0_g1/TRINITY_DN7955_c0_g1/TRINITY_DN8475_c0_g1/TRINITY_DN8954_c0_g1/TRINITY_DN10562_c0_g1/TRINITY_DN10839_c0_g1/TRINITY_DN14024_c0_g1/TRINITY_DN14177_c0_g1/TRINITY_DN17683_c1_g1/TRINITY_DN18034_c0_g1	61	interaction_vs_self	significant	down	CC	FALSE
GO:0030863	cortical cytoskeleton	28/717	94/2946	0.297872340425532	1.22389388409152	1.25106129978265	0.130314673540826	0.682321773820503	0.624215763264748	TRINITY_DN57_c0_g1/TRINITY_DN241_c0_g1/TRINITY_DN414_c0_g1/TRINITY_DN546_c0_g1/TRINITY_DN876_c0_g1/TRINITY_DN1006_c0_g2/TRINITY_DN1057_c0_g1/TRINITY_DN1170_c0_g2/TRINITY_DN1375_c0_g1/TRINITY_DN1661_c0_g1/TRINITY_DN1913_c0_g1/TRINITY_DN2214_c0_g1/TRINITY_DN2350_c0_g1/TRINITY_DN2369_c0_g1/TRINITY_DN2401_c0_g1/TRINITY_DN2529_c0_g1/TRINITY_DN2551_c0_g1/TRINITY_DN2726_c0_g1/TRINITY_DN3317_c0_g1/TRINITY_DN3441_c0_g1/TRINITY_DN3670_c0_g1/TRINITY_DN3997_c0_g1/TRINITY_DN4158_c0_g1/TRINITY_DN4631_c0_g1/TRINITY_DN5262_c0_g1/TRINITY_DN6061_c0_g1/TRINITY_DN7955_c0_g1/TRINITY_DN17683_c1_g1	28	interaction_vs_self	significant	down	CC	FALSE
GO:0035770	ribonucleoprotein granule	29/717	98/2946	0.295918367346939	1.21586542566818	1.23246140241294	0.133623131220297	0.684267902732509	0.625996161298094	TRINITY_DN15_c0_g1/TRINITY_DN123_c0_g1/TRINITY_DN163_c0_g1/TRINITY_DN433_c0_g1/TRINITY_DN693_c0_g1/TRINITY_DN758_c0_g1/TRINITY_DN1170_c0_g2/TRINITY_DN1221_c4_g1/TRINITY_DN1386_c0_g1/TRINITY_DN1646_c0_g1/TRINITY_DN1670_c0_g1/TRINITY_DN1854_c0_g1/TRINITY_DN2101_c0_g1/TRINITY_DN2417_c0_g1/TRINITY_DN2439_c0_g1/TRINITY_DN2982_c0_g1/TRINITY_DN3119_c0_g1/TRINITY_DN3164_c0_g1/TRINITY_DN3232_c0_g1/TRINITY_DN3396_c0_g1/TRINITY_DN3997_c0_g1/TRINITY_DN4003_c0_g1/TRINITY_DN4199_c0_g1/TRINITY_DN4419_c0_g1/TRINITY_DN5508_c0_g1/TRINITY_DN6594_c0_g3/TRINITY_DN14049_c0_g1/TRINITY_DN15870_c0_g1/TRINITY_DN17659_c0_g1	29	interaction_vs_self	significant	down	CC	FALSE
GO:0036464	cytoplasmic ribonucleoprotein granule	29/717	98/2946	0.295918367346939	1.21586542566818	1.23246140241294	0.133623131220297	0.684267902732509	0.625996161298094	TRINITY_DN15_c0_g1/TRINITY_DN123_c0_g1/TRINITY_DN163_c0_g1/TRINITY_DN433_c0_g1/TRINITY_DN693_c0_g1/TRINITY_DN758_c0_g1/TRINITY_DN1170_c0_g2/TRINITY_DN1221_c4_g1/TRINITY_DN1386_c0_g1/TRINITY_DN1646_c0_g1/TRINITY_DN1670_c0_g1/TRINITY_DN1854_c0_g1/TRINITY_DN2101_c0_g1/TRINITY_DN2417_c0_g1/TRINITY_DN2439_c0_g1/TRINITY_DN2982_c0_g1/TRINITY_DN3119_c0_g1/TRINITY_DN3164_c0_g1/TRINITY_DN3232_c0_g1/TRINITY_DN3396_c0_g1/TRINITY_DN3997_c0_g1/TRINITY_DN4003_c0_g1/TRINITY_DN4199_c0_g1/TRINITY_DN4419_c0_g1/TRINITY_DN5508_c0_g1/TRINITY_DN6594_c0_g3/TRINITY_DN14049_c0_g1/TRINITY_DN15870_c0_g1/TRINITY_DN17659_c0_g1	29	interaction_vs_self	significant	down	CC	FALSE
GO:0031012	extracellular matrix	8/717	22/2946	0.363636363636364	1.4941042221377	1.31913248186822	0.142848185873778	0.698548218972247	0.639060376516287	TRINITY_DN693_c0_g1/TRINITY_DN968_c0_g1/TRINITY_DN2210_c0_g1/TRINITY_DN2413_c0_g1/TRINITY_DN2879_c0_g1/TRINITY_DN4878_c0_g1/TRINITY_DN5924_c2_g1/TRINITY_DN5989_c0_g1	8	interaction_vs_self	significant	down	CC	FALSE
GO:0033178	proton-transporting two-sector ATPase complex, catalytic domain	5/717	12/2946	0.416666666666667	1.71199442119944	1.40147176366782	0.143836938265824	0.698548218972247	0.639060376516287	TRINITY_DN506_c0_g1/TRINITY_DN2153_c0_g1/TRINITY_DN3631_c0_g1/TRINITY_DN5975_c0_g1/TRINITY_DN7695_c0_g1	5	interaction_vs_self	significant	down	CC	FALSE
GO:0099080	supramolecular complex	15/717	47/2946	0.319148936170213	1.31131487581234	1.22003387098926	0.147396142106345	0.698548218972247	0.639060376516287	TRINITY_DN35_c0_g2/TRINITY_DN241_c0_g1/TRINITY_DN1191_c0_g1/TRINITY_DN1191_c0_g2/TRINITY_DN1321_c0_g1/TRINITY_DN1375_c0_g1/TRINITY_DN2214_c0_g1/TRINITY_DN2551_c0_g1/TRINITY_DN2726_c0_g1/TRINITY_DN3317_c0_g1/TRINITY_DN4158_c0_g1/TRINITY_DN4852_c0_g1/TRINITY_DN8475_c0_g1/TRINITY_DN8954_c0_g1/TRINITY_DN18034_c0_g1	15	interaction_vs_self	significant	down	CC	FALSE
GO:0099081	supramolecular polymer	15/717	47/2946	0.319148936170213	1.31131487581234	1.22003387098926	0.147396142106345	0.698548218972247	0.639060376516287	TRINITY_DN35_c0_g2/TRINITY_DN241_c0_g1/TRINITY_DN1191_c0_g1/TRINITY_DN1191_c0_g2/TRINITY_DN1321_c0_g1/TRINITY_DN1375_c0_g1/TRINITY_DN2214_c0_g1/TRINITY_DN2551_c0_g1/TRINITY_DN2726_c0_g1/TRINITY_DN3317_c0_g1/TRINITY_DN4158_c0_g1/TRINITY_DN4852_c0_g1/TRINITY_DN8475_c0_g1/TRINITY_DN8954_c0_g1/TRINITY_DN18034_c0_g1	15	interaction_vs_self	significant	down	CC	FALSE
GO:0099512	supramolecular fiber	15/717	47/2946	0.319148936170213	1.31131487581234	1.22003387098926	0.147396142106345	0.698548218972247	0.639060376516287	TRINITY_DN35_c0_g2/TRINITY_DN241_c0_g1/TRINITY_DN1191_c0_g1/TRINITY_DN1191_c0_g2/TRINITY_DN1321_c0_g1/TRINITY_DN1375_c0_g1/TRINITY_DN2214_c0_g1/TRINITY_DN2551_c0_g1/TRINITY_DN2726_c0_g1/TRINITY_DN3317_c0_g1/TRINITY_DN4158_c0_g1/TRINITY_DN4852_c0_g1/TRINITY_DN8475_c0_g1/TRINITY_DN8954_c0_g1/TRINITY_DN18034_c0_g1	15	interaction_vs_self	significant	down	CC	FALSE
GO:0099513	polymeric cytoskeletal fiber	15/717	47/2946	0.319148936170213	1.31131487581234	1.22003387098926	0.147396142106345	0.698548218972247	0.639060376516287	TRINITY_DN35_c0_g2/TRINITY_DN241_c0_g1/TRINITY_DN1191_c0_g1/TRINITY_DN1191_c0_g2/TRINITY_DN1321_c0_g1/TRINITY_DN1375_c0_g1/TRINITY_DN2214_c0_g1/TRINITY_DN2551_c0_g1/TRINITY_DN2726_c0_g1/TRINITY_DN3317_c0_g1/TRINITY_DN4158_c0_g1/TRINITY_DN4852_c0_g1/TRINITY_DN8475_c0_g1/TRINITY_DN8954_c0_g1/TRINITY_DN18034_c0_g1	15	interaction_vs_self	significant	down	CC	FALSE
GO:0030864	cortical actin cytoskeleton	25/717	84/2946	0.297619047619048	1.2228531579996	1.17508914439487	0.147964339727704	0.698548218972247	0.639060376516287	TRINITY_DN57_c0_g1/TRINITY_DN241_c0_g1/TRINITY_DN414_c0_g1/TRINITY_DN546_c0_g1/TRINITY_DN876_c0_g1/TRINITY_DN1006_c0_g2/TRINITY_DN1057_c0_g1/TRINITY_DN1170_c0_g2/TRINITY_DN1375_c0_g1/TRINITY_DN1661_c0_g1/TRINITY_DN1913_c0_g1/TRINITY_DN2350_c0_g1/TRINITY_DN2369_c0_g1/TRINITY_DN2401_c0_g1/TRINITY_DN2529_c0_g1/TRINITY_DN3317_c0_g1/TRINITY_DN3441_c0_g1/TRINITY_DN3670_c0_g1/TRINITY_DN3997_c0_g1/TRINITY_DN4158_c0_g1/TRINITY_DN4631_c0_g1/TRINITY_DN5262_c0_g1/TRINITY_DN6061_c0_g1/TRINITY_DN7955_c0_g1/TRINITY_DN17683_c1_g1	25	interaction_vs_self	significant	down	CC	FALSE
GO:0030964	NADH dehydrogenase complex	4/717	9/2946	0.444444444444444	1.82612738261274	1.407548901022	0.153254220423881	0.698548218972247	0.639060376516287	TRINITY_DN395_c0_g1/TRINITY_DN1880_c0_g1/TRINITY_DN4048_c0_g1/TRINITY_DN16577_c0_g1	4	interaction_vs_self	significant	down	CC	FALSE
GO:0045271	respiratory chain complex I	4/717	9/2946	0.444444444444444	1.82612738261274	1.407548901022	0.153254220423881	0.698548218972247	0.639060376516287	TRINITY_DN395_c0_g1/TRINITY_DN1880_c0_g1/TRINITY_DN4048_c0_g1/TRINITY_DN16577_c0_g1	4	interaction_vs_self	significant	down	CC	FALSE
GO:1902716	cell cortex of growing cell tip	4/717	9/2946	0.444444444444444	1.82612738261274	1.407548901022	0.153254220423881	0.698548218972247	0.639060376516287	TRINITY_DN2051_c0_g1/TRINITY_DN2350_c0_g1/TRINITY_DN5262_c0_g1/TRINITY_DN10562_c0_g1	4	interaction_vs_self	significant	down	CC	FALSE
GO:0005838	proteasome regulatory particle	7/717	19/2946	0.368421052631579	1.51376348821845	1.27401889567561	0.156593426279584	0.698548218972247	0.639060376516287	TRINITY_DN1077_c0_g1/TRINITY_DN2462_c0_g1/TRINITY_DN2799_c0_g1/TRINITY_DN2960_c0_g1/TRINITY_DN3830_c0_g1/TRINITY_DN3957_c0_g1/TRINITY_DN5851_c0_g1	7	interaction_vs_self	significant	down	CC	FALSE
GO:0022624	proteasome accessory complex	7/717	19/2946	0.368421052631579	1.51376348821845	1.27401889567561	0.156593426279584	0.698548218972247	0.639060376516287	TRINITY_DN1077_c0_g1/TRINITY_DN2462_c0_g1/TRINITY_DN2799_c0_g1/TRINITY_DN2960_c0_g1/TRINITY_DN3830_c0_g1/TRINITY_DN3957_c0_g1/TRINITY_DN5851_c0_g1	7	interaction_vs_self	significant	down	CC	FALSE
GO:0008250	oligosaccharyltransferase complex	3/717	6/2946	0.5	2.05439330543933	1.46606016325451	0.158897234358494	0.698548218972247	0.639060376516287	TRINITY_DN2452_c0_g1/TRINITY_DN3410_c0_g1/TRINITY_DN7198_c0_g1	3	interaction_vs_self	significant	down	CC	FALSE
GO:0055028	cortical microtubule	3/717	6/2946	0.5	2.05439330543933	1.46606016325451	0.158897234358494	0.698548218972247	0.639060376516287	TRINITY_DN2214_c0_g1/TRINITY_DN2551_c0_g1/TRINITY_DN2726_c0_g1	3	interaction_vs_self	significant	down	CC	FALSE
GO:1990498	mitotic spindle microtubule	3/717	6/2946	0.5	2.05439330543933	1.46606016325451	0.158897234358494	0.698548218972247	0.639060376516287	TRINITY_DN2551_c0_g1/TRINITY_DN8954_c0_g1/TRINITY_DN18034_c0_g1	3	interaction_vs_self	significant	down	CC	FALSE
GO:0031967	organelle envelope	97/717	366/2946	0.265027322404372	1.0889407138121	1.031047072614	0.166826687427708	0.7218321907469	0.660361502716274	TRINITY_DN123_c0_g1/TRINITY_DN160_c0_g1/TRINITY_DN258_c0_g1/TRINITY_DN275_c0_g1/TRINITY_DN320_c0_g1/TRINITY_DN328_c0_g1/TRINITY_DN379_c0_g1/TRINITY_DN395_c0_g1/TRINITY_DN420_c0_g1/TRINITY_DN506_c0_g1/TRINITY_DN544_c0_g1/TRINITY_DN642_c0_g1/TRINITY_DN693_c0_g1/TRINITY_DN743_c0_g1/TRINITY_DN751_c0_g1/TRINITY_DN778_c0_g2/TRINITY_DN813_c0_g1/TRINITY_DN852_c0_g1/TRINITY_DN906_c0_g1/TRINITY_DN1092_c0_g1/TRINITY_DN1125_c0_g1/TRINITY_DN1151_c0_g1/TRINITY_DN1182_c0_g1/TRINITY_DN1185_c0_g1/TRINITY_DN1193_c0_g1/TRINITY_DN1195_c0_g1/TRINITY_DN1204_c0_g1/TRINITY_DN1242_c0_g1/TRINITY_DN1273_c0_g1/TRINITY_DN1348_c0_g1/TRINITY_DN1363_c0_g1/TRINITY_DN1375_c0_g1/TRINITY_DN1438_c0_g1/TRINITY_DN1461_c0_g1/TRINITY_DN1613_c0_g1/TRINITY_DN1669_c0_g1/TRINITY_DN1780_c0_g1/TRINITY_DN1873_c0_g1/TRINITY_DN1880_c0_g1/TRINITY_DN1890_c0_g1/TRINITY_DN1931_c0_g1/TRINITY_DN1948_c0_g1/TRINITY_DN1963_c0_g1/TRINITY_DN1990_c1_g1/TRINITY_DN2087_c0_g1/TRINITY_DN2104_c0_g1/TRINITY_DN2153_c0_g1/TRINITY_DN2246_c0_g1/TRINITY_DN2290_c0_g1/TRINITY_DN2308_c0_g1/TRINITY_DN2312_c0_g1/TRINITY_DN2369_c0_g1/TRINITY_DN2482_c0_g1/TRINITY_DN2638_c0_g1/TRINITY_DN2666_c0_g1/TRINITY_DN2822_c0_g1/TRINITY_DN2891_c0_g1/TRINITY_DN2936_c0_g1/TRINITY_DN3116_c0_g1/TRINITY_DN3165_c0_g1/TRINITY_DN3212_c0_g1/TRINITY_DN3410_c0_g1/TRINITY_DN3512_c0_g1/TRINITY_DN3548_c0_g1/TRINITY_DN3608_c0_g1/TRINITY_DN3756_c0_g1/TRINITY_DN3985_c0_g1/TRINITY_DN4040_c0_g1/TRINITY_DN4048_c0_g1/TRINITY_DN4158_c0_g1/TRINITY_DN4205_c0_g1/TRINITY_DN4401_c0_g1/TRINITY_DN4428_c0_g1/TRINITY_DN4615_c0_g1/TRINITY_DN4782_c0_g1/TRINITY_DN4818_c0_g1/TRINITY_DN4851_c0_g1/TRINITY_DN5398_c0_g1/TRINITY_DN5975_c0_g1/TRINITY_DN6594_c0_g2/TRINITY_DN6827_c0_g1/TRINITY_DN6941_c0_g1/TRINITY_DN7695_c0_g1/TRINITY_DN8764_c0_g1/TRINITY_DN10709_c0_g1/TRINITY_DN10790_c0_g1/TRINITY_DN10839_c0_g1/TRINITY_DN11038_c0_g1/TRINITY_DN11115_c0_g1/TRINITY_DN12265_c0_g1/TRINITY_DN12306_c0_g1/TRINITY_DN12483_c0_g1/TRINITY_DN12670_c0_g1/TRINITY_DN16409_c0_g1/TRINITY_DN16577_c0_g1/TRINITY_DN17749_c0_g1/TRINITY_DN18445_c0_g1	97	interaction_vs_self	significant	down	CC	FALSE
GO:0015629	actin cytoskeleton	26/717	89/2946	0.292134831460674	1.20031968407691	1.08820496456143	0.167291580688123	0.7218321907469	0.660361502716274	TRINITY_DN57_c0_g1/TRINITY_DN241_c0_g1/TRINITY_DN414_c0_g1/TRINITY_DN546_c0_g1/TRINITY_DN876_c0_g1/TRINITY_DN1006_c0_g2/TRINITY_DN1057_c0_g1/TRINITY_DN1170_c0_g2/TRINITY_DN1375_c0_g1/TRINITY_DN1661_c0_g1/TRINITY_DN1913_c0_g1/TRINITY_DN2350_c0_g1/TRINITY_DN2369_c0_g1/TRINITY_DN2401_c0_g1/TRINITY_DN2529_c0_g1/TRINITY_DN3199_c0_g1/TRINITY_DN3317_c0_g1/TRINITY_DN3441_c0_g1/TRINITY_DN3670_c0_g1/TRINITY_DN3997_c0_g1/TRINITY_DN4158_c0_g1/TRINITY_DN4631_c0_g1/TRINITY_DN5262_c0_g1/TRINITY_DN6061_c0_g1/TRINITY_DN7955_c0_g1/TRINITY_DN17683_c1_g1	26	interaction_vs_self	significant	down	CC	FALSE
GO:0000124	SAGA complex	6/717	16/2946	0.375	1.5407949790795	1.23000258772193	0.171977200769387	0.735241977601232	0.672629322178674	TRINITY_DN243_c0_g1/TRINITY_DN460_c0_g1/TRINITY_DN1286_c0_g1/TRINITY_DN1543_c0_g1/TRINITY_DN2525_c0_g1/TRINITY_DN3756_c0_g1	6	interaction_vs_self	significant	down	CC	FALSE
GO:0031261	DNA replication preinitiation complex	8/717	23/2946	0.347826086956522	1.42914316900127	1.17165272627268	0.174848772211467	0.740722980459489	0.677643566943964	TRINITY_DN464_c1_g1/TRINITY_DN1056_c0_g1/TRINITY_DN5851_c0_g1/TRINITY_DN8771_c0_g1/TRINITY_DN12384_c0_g1/TRINITY_DN15939_c0_g1/TRINITY_DN17609_c0_g1/TRINITY_DN18341_c0_g1	8	interaction_vs_self	significant	down	CC	FALSE
GO:0031520	plasma membrane of cell tip	5/717	13/2946	0.384615384615385	1.58030254264564	1.18909707629283	0.189235216770536	0.78735366977741	0.720303221729955	TRINITY_DN165_c0_g1/TRINITY_DN1893_c0_g1/TRINITY_DN1924_c0_g1/TRINITY_DN2619_c0_g1/TRINITY_DN4401_c0_g1	5	interaction_vs_self	significant	down	CC	FALSE
GO:0033177	proton-transporting two-sector ATPase complex, proton-transporting domain	5/717	13/2946	0.384615384615385	1.58030254264564	1.18909707629283	0.189235216770536	0.78735366977741	0.720303221729955	TRINITY_DN1151_c0_g1/TRINITY_DN1780_c0_g1/TRINITY_DN2312_c0_g1/TRINITY_DN3548_c0_g1/TRINITY_DN4818_c0_g1	5	interaction_vs_self	significant	down	CC	FALSE
GO:0031966	mitochondrial membrane	68/717	255/2946	0.266666666666667	1.09567642956764	0.906494961492041	0.202234144555829	0.833992135955895	0.762969991104896	TRINITY_DN123_c0_g1/TRINITY_DN160_c0_g1/TRINITY_DN258_c0_g1/TRINITY_DN275_c0_g1/TRINITY_DN320_c0_g1/TRINITY_DN379_c0_g1/TRINITY_DN395_c0_g1/TRINITY_DN420_c0_g1/TRINITY_DN506_c0_g1/TRINITY_DN544_c0_g1/TRINITY_DN642_c0_g1/TRINITY_DN693_c0_g1/TRINITY_DN743_c0_g1/TRINITY_DN751_c0_g1/TRINITY_DN778_c0_g2/TRINITY_DN852_c0_g1/TRINITY_DN1092_c0_g1/TRINITY_DN1125_c0_g1/TRINITY_DN1151_c0_g1/TRINITY_DN1185_c0_g1/TRINITY_DN1195_c0_g1/TRINITY_DN1242_c0_g1/TRINITY_DN1273_c0_g1/TRINITY_DN1348_c0_g1/TRINITY_DN1375_c0_g1/TRINITY_DN1461_c0_g1/TRINITY_DN1613_c0_g1/TRINITY_DN1780_c0_g1/TRINITY_DN1873_c0_g1/TRINITY_DN1880_c0_g1/TRINITY_DN1890_c0_g1/TRINITY_DN1931_c0_g1/TRINITY_DN1948_c0_g1/TRINITY_DN1990_c1_g1/TRINITY_DN2087_c0_g1/TRINITY_DN2104_c0_g1/TRINITY_DN2153_c0_g1/TRINITY_DN2290_c0_g1/TRINITY_DN2308_c0_g1/TRINITY_DN2312_c0_g1/TRINITY_DN2666_c0_g1/TRINITY_DN2891_c0_g1/TRINITY_DN2936_c0_g1/TRINITY_DN3116_c0_g1/TRINITY_DN3165_c0_g1/TRINITY_DN3548_c0_g1/TRINITY_DN3608_c0_g1/TRINITY_DN3756_c0_g1/TRINITY_DN3985_c0_g1/TRINITY_DN4048_c0_g1/TRINITY_DN4158_c0_g1/TRINITY_DN4401_c0_g1/TRINITY_DN4428_c0_g1/TRINITY_DN4615_c0_g1/TRINITY_DN4818_c0_g1/TRINITY_DN4851_c0_g1/TRINITY_DN5398_c0_g1/TRINITY_DN5975_c0_g1/TRINITY_DN6941_c0_g1/TRINITY_DN7695_c0_g1/TRINITY_DN8764_c0_g1/TRINITY_DN10709_c0_g1/TRINITY_DN10790_c0_g1/TRINITY_DN11038_c0_g1/TRINITY_DN16409_c0_g1/TRINITY_DN16577_c0_g1/TRINITY_DN17749_c0_g1/TRINITY_DN18445_c0_g1	68	interaction_vs_self	significant	down	CC	FALSE
GO:0017053	transcription repressor complex	4/717	10/2946	0.4	1.64351464435146	1.15591953152462	0.208559257919126	0.8361371950792	0.764932378601933	TRINITY_DN328_c0_g1/TRINITY_DN425_c0_g1/TRINITY_DN1913_c0_g1/TRINITY_DN8861_c0_g1	4	interaction_vs_self	significant	down	CC	FALSE
GO:0005815	microtubule organizing center	23/717	80/2946	0.2875	1.18127615062762	0.93216923185431	0.209554984266724	0.8361371950792	0.764932378601933	TRINITY_DN35_c0_g2/TRINITY_DN334_c0_g1/TRINITY_DN814_c0_g1/TRINITY_DN1052_c0_g1/TRINITY_DN1127_c0_g1/TRINITY_DN1191_c0_g1/TRINITY_DN1191_c0_g2/TRINITY_DN1321_c0_g1/TRINITY_DN1361_c1_g1/TRINITY_DN1745_c0_g1/TRINITY_DN1913_c0_g1/TRINITY_DN2369_c0_g1/TRINITY_DN2551_c0_g1/TRINITY_DN2726_c0_g1/TRINITY_DN2927_c0_g1/TRINITY_DN3628_c0_g1/TRINITY_DN3833_c0_g3/TRINITY_DN4782_c0_g1/TRINITY_DN8954_c0_g1/TRINITY_DN10839_c0_g1/TRINITY_DN14024_c0_g1/TRINITY_DN14177_c0_g1/TRINITY_DN18034_c0_g1	23	interaction_vs_self	significant	down	CC	FALSE
GO:0098590	plasma membrane region	8/717	24/2946	0.333333333333333	1.36959553695955	1.03095432876338	0.209691695951799	0.8361371950792	0.764932378601933	TRINITY_DN165_c0_g1/TRINITY_DN1379_c0_g1/TRINITY_DN1893_c0_g1/TRINITY_DN1924_c0_g1/TRINITY_DN2619_c0_g1/TRINITY_DN4401_c0_g1/TRINITY_DN10562_c0_g1/TRINITY_DN17600_c0_g1	8	interaction_vs_self	significant	down	CC	FALSE
GO:0032153	cell division site	37/717	134/2946	0.276119402985075	1.13451570598888	0.903784584519831	0.209931441682975	0.8361371950792	0.764932378601933	TRINITY_DN57_c0_g1/TRINITY_DN258_c0_g1/TRINITY_DN414_c0_g1/TRINITY_DN546_c0_g1/TRINITY_DN685_c0_g1/TRINITY_DN703_c0_g1/TRINITY_DN814_c0_g1/TRINITY_DN876_c0_g1/TRINITY_DN961_c0_g1/TRINITY_DN1006_c0_g2/TRINITY_DN1170_c0_g2/TRINITY_DN1375_c0_g1/TRINITY_DN1661_c0_g1/TRINITY_DN1893_c0_g1/TRINITY_DN1913_c0_g1/TRINITY_DN1924_c0_g1/TRINITY_DN2051_c0_g1/TRINITY_DN2350_c0_g1/TRINITY_DN2369_c0_g1/TRINITY_DN2401_c0_g1/TRINITY_DN2529_c0_g1/TRINITY_DN2551_c0_g1/TRINITY_DN2619_c0_g1/TRINITY_DN3317_c0_g1/TRINITY_DN3352_c0_g1/TRINITY_DN3441_c0_g1/TRINITY_DN3628_c0_g1/TRINITY_DN3997_c0_g1/TRINITY_DN4401_c0_g1/TRINITY_DN4631_c0_g1/TRINITY_DN5262_c0_g1/TRINITY_DN6061_c0_g1/TRINITY_DN8954_c0_g1/TRINITY_DN10562_c0_g1/TRINITY_DN17600_c0_g1/TRINITY_DN17683_c1_g1/TRINITY_DN17886_c0_g1	37	interaction_vs_self	significant	down	CC	FALSE
GO:0005874	microtubule	11/717	35/2946	0.314285714285714	1.29133293484758	0.983217718855404	0.212429197428196	0.838915305097791	0.767473906854767	TRINITY_DN35_c0_g2/TRINITY_DN1191_c0_g1/TRINITY_DN1191_c0_g2/TRINITY_DN1321_c0_g1/TRINITY_DN2214_c0_g1/TRINITY_DN2551_c0_g1/TRINITY_DN2726_c0_g1/TRINITY_DN4852_c0_g1/TRINITY_DN8475_c0_g1/TRINITY_DN8954_c0_g1/TRINITY_DN18034_c0_g1	11	interaction_vs_self	significant	down	CC	FALSE
GO:0005740	mitochondrial envelope	74/717	281/2946	0.263345195729537	1.08202921425274	0.819823377041775	0.22623242398248	0.85663707459834	0.783686503754976	TRINITY_DN123_c0_g1/TRINITY_DN160_c0_g1/TRINITY_DN258_c0_g1/TRINITY_DN275_c0_g1/TRINITY_DN320_c0_g1/TRINITY_DN379_c0_g1/TRINITY_DN395_c0_g1/TRINITY_DN420_c0_g1/TRINITY_DN506_c0_g1/TRINITY_DN544_c0_g1/TRINITY_DN642_c0_g1/TRINITY_DN693_c0_g1/TRINITY_DN743_c0_g1/TRINITY_DN751_c0_g1/TRINITY_DN778_c0_g2/TRINITY_DN813_c0_g1/TRINITY_DN852_c0_g1/TRINITY_DN906_c0_g1/TRINITY_DN1092_c0_g1/TRINITY_DN1125_c0_g1/TRINITY_DN1151_c0_g1/TRINITY_DN1185_c0_g1/TRINITY_DN1195_c0_g1/TRINITY_DN1204_c0_g1/TRINITY_DN1242_c0_g1/TRINITY_DN1273_c0_g1/TRINITY_DN1348_c0_g1/TRINITY_DN1375_c0_g1/TRINITY_DN1438_c0_g1/TRINITY_DN1461_c0_g1/TRINITY_DN1613_c0_g1/TRINITY_DN1780_c0_g1/TRINITY_DN1873_c0_g1/TRINITY_DN1880_c0_g1/TRINITY_DN1890_c0_g1/TRINITY_DN1931_c0_g1/TRINITY_DN1948_c0_g1/TRINITY_DN1963_c0_g1/TRINITY_DN1990_c1_g1/TRINITY_DN2087_c0_g1/TRINITY_DN2104_c0_g1/TRINITY_DN2153_c0_g1/TRINITY_DN2290_c0_g1/TRINITY_DN2308_c0_g1/TRINITY_DN2312_c0_g1/TRINITY_DN2666_c0_g1/TRINITY_DN2891_c0_g1/TRINITY_DN2936_c0_g1/TRINITY_DN3116_c0_g1/TRINITY_DN3165_c0_g1/TRINITY_DN3548_c0_g1/TRINITY_DN3608_c0_g1/TRINITY_DN3756_c0_g1/TRINITY_DN3985_c0_g1/TRINITY_DN4040_c0_g1/TRINITY_DN4048_c0_g1/TRINITY_DN4158_c0_g1/TRINITY_DN4401_c0_g1/TRINITY_DN4428_c0_g1/TRINITY_DN4615_c0_g1/TRINITY_DN4818_c0_g1/TRINITY_DN4851_c0_g1/TRINITY_DN5398_c0_g1/TRINITY_DN5975_c0_g1/TRINITY_DN6941_c0_g1/TRINITY_DN7695_c0_g1/TRINITY_DN8764_c0_g1/TRINITY_DN10709_c0_g1/TRINITY_DN10790_c0_g1/TRINITY_DN11038_c0_g1/TRINITY_DN16409_c0_g1/TRINITY_DN16577_c0_g1/TRINITY_DN17749_c0_g1/TRINITY_DN18445_c0_g1	74	interaction_vs_self	significant	down	CC	FALSE
GO:0000939	inner kinetochore	3/717	7/2946	0.428571428571429	1.76090854751943	1.14295434460646	0.229784623014576	0.85663707459834	0.783686503754976	TRINITY_DN258_c0_g1/TRINITY_DN2275_c0_g1/TRINITY_DN3306_c0_g1	3	interaction_vs_self	significant	down	CC	FALSE
GO:0019773	proteasome core complex, alpha-subunit complex	3/717	7/2946	0.428571428571429	1.76090854751943	1.14295434460646	0.229784623014576	0.85663707459834	0.783686503754976	TRINITY_DN1754_c0_g2/TRINITY_DN2054_c0_g1/TRINITY_DN3977_c0_g1	3	interaction_vs_self	significant	down	CC	FALSE
GO:0033290	eukaryotic 48S preinitiation complex	3/717	7/2946	0.428571428571429	1.76090854751943	1.14295434460646	0.229784623014576	0.85663707459834	0.783686503754976	TRINITY_DN285_c0_g1/TRINITY_DN4419_c0_g1/TRINITY_DN15870_c0_g1	3	interaction_vs_self	significant	down	CC	FALSE
GO:0042555	MCM complex	3/717	7/2946	0.428571428571429	1.76090854751943	1.14295434460646	0.229784623014576	0.85663707459834	0.783686503754976	TRINITY_DN464_c1_g1/TRINITY_DN8771_c0_g1/TRINITY_DN15939_c0_g1	3	interaction_vs_self	significant	down	CC	FALSE
GO:0097427	microtubule bundle	3/717	7/2946	0.428571428571429	1.76090854751943	1.14295434460646	0.229784623014576	0.85663707459834	0.783686503754976	TRINITY_DN2551_c0_g1/TRINITY_DN8954_c0_g1/TRINITY_DN18034_c0_g1	3	interaction_vs_self	significant	down	CC	FALSE
GO:0099070	static microtubule bundle	3/717	7/2946	0.428571428571429	1.76090854751943	1.14295434460646	0.229784623014576	0.85663707459834	0.783686503754976	TRINITY_DN2551_c0_g1/TRINITY_DN8954_c0_g1/TRINITY_DN18034_c0_g1	3	interaction_vs_self	significant	down	CC	FALSE
GO:0005635	nuclear envelope	25/717	89/2946	0.280898876404494	1.15415354238165	0.837414709879588	0.235165416837254	0.869738763858417	0.795672462983191	TRINITY_DN160_c0_g1/TRINITY_DN328_c0_g1/TRINITY_DN778_c0_g2/TRINITY_DN1182_c0_g1/TRINITY_DN1193_c0_g1/TRINITY_DN1363_c0_g1/TRINITY_DN1669_c0_g1/TRINITY_DN2246_c0_g1/TRINITY_DN2369_c0_g1/TRINITY_DN2482_c0_g1/TRINITY_DN2638_c0_g1/TRINITY_DN2822_c0_g1/TRINITY_DN3212_c0_g1/TRINITY_DN3410_c0_g1/TRINITY_DN3512_c0_g1/TRINITY_DN4205_c0_g1/TRINITY_DN4782_c0_g1/TRINITY_DN6594_c0_g2/TRINITY_DN6827_c0_g1/TRINITY_DN10839_c0_g1/TRINITY_DN11115_c0_g1/TRINITY_DN12265_c0_g1/TRINITY_DN12306_c0_g1/TRINITY_DN12483_c0_g1/TRINITY_DN12670_c0_g1	25	interaction_vs_self	significant	down	CC	FALSE
GO:0000922	spindle pole	5/717	14/2946	0.357142857142857	1.46742378959952	0.994122813143531	0.23889178741366	0.876563566415479	0.80191607047271	TRINITY_DN35_c0_g2/TRINITY_DN1913_c0_g1/TRINITY_DN2726_c0_g1/TRINITY_DN14024_c0_g1/TRINITY_DN18034_c0_g1	5	interaction_vs_self	significant	down	CC	FALSE
GO:0005816	spindle pole body	21/717	74/2946	0.283783783783784	1.1660070111953	0.820157509647733	0.243589077230513	0.886816484292335	0.811295857552283	TRINITY_DN35_c0_g2/TRINITY_DN334_c0_g1/TRINITY_DN814_c0_g1/TRINITY_DN1052_c0_g1/TRINITY_DN1127_c0_g1/TRINITY_DN1191_c0_g1/TRINITY_DN1191_c0_g2/TRINITY_DN1321_c0_g1/TRINITY_DN1361_c1_g1/TRINITY_DN1745_c0_g1/TRINITY_DN1913_c0_g1/TRINITY_DN2369_c0_g1/TRINITY_DN2726_c0_g1/TRINITY_DN2927_c0_g1/TRINITY_DN3628_c0_g1/TRINITY_DN3833_c0_g3/TRINITY_DN4782_c0_g1/TRINITY_DN8954_c0_g1/TRINITY_DN14024_c0_g1/TRINITY_DN14177_c0_g1/TRINITY_DN18034_c0_g1	21	interaction_vs_self	significant	down	CC	FALSE
GO:0035838	growing cell tip	8/717	25/2946	0.32	1.31481171548117	0.896400943413659	0.246946142255628	0.892069010008704	0.816101082117744	TRINITY_DN258_c0_g1/TRINITY_DN1924_c0_g1/TRINITY_DN2051_c0_g1/TRINITY_DN2350_c0_g1/TRINITY_DN3441_c0_g1/TRINITY_DN5262_c0_g1/TRINITY_DN10562_c0_g1/TRINITY_DN17600_c0_g1	8	interaction_vs_self	significant	down	CC	FALSE
GO:0030894	replisome	6/717	18/2946	0.333333333333333	1.36959553695955	0.891917382188872	0.259566078210393	0.902670092880919	0.825799384722775	TRINITY_DN1146_c0_g1/TRINITY_DN1516_c0_g1/TRINITY_DN1689_c0_g1/TRINITY_DN4205_c0_g1/TRINITY_DN8941_c0_g1/TRINITY_DN16075_c0_g1	6	interaction_vs_self	significant	down	CC	FALSE
GO:0043601	nuclear replisome	6/717	18/2946	0.333333333333333	1.36959553695955	0.891917382188872	0.259566078210393	0.902670092880919	0.825799384722775	TRINITY_DN1146_c0_g1/TRINITY_DN1516_c0_g1/TRINITY_DN1689_c0_g1/TRINITY_DN4205_c0_g1/TRINITY_DN8941_c0_g1/TRINITY_DN16075_c0_g1	6	interaction_vs_self	significant	down	CC	FALSE
GO:0045121	membrane raft	6/717	18/2946	0.333333333333333	1.36959553695955	0.891917382188872	0.259566078210393	0.902670092880919	0.825799384722775	TRINITY_DN1379_c0_g1/TRINITY_DN1382_c0_g1/TRINITY_DN4336_c0_g1/TRINITY_DN4345_c0_g1/TRINITY_DN6061_c0_g1/TRINITY_DN9012_c0_g1	6	interaction_vs_self	significant	down	CC	FALSE
GO:0098857	membrane microdomain	6/717	18/2946	0.333333333333333	1.36959553695955	0.891917382188872	0.259566078210393	0.902670092880919	0.825799384722775	TRINITY_DN1379_c0_g1/TRINITY_DN1382_c0_g1/TRINITY_DN4336_c0_g1/TRINITY_DN4345_c0_g1/TRINITY_DN6061_c0_g1/TRINITY_DN9012_c0_g1	6	interaction_vs_self	significant	down	CC	FALSE
GO:1902562	H4 histone acetyltransferase complex	6/717	18/2946	0.333333333333333	1.36959553695955	0.891917382188872	0.259566078210393	0.902670092880919	0.825799384722775	TRINITY_DN243_c0_g1/TRINITY_DN460_c0_g1/TRINITY_DN1375_c0_g1/TRINITY_DN1991_c0_g1/TRINITY_DN2525_c0_g1/TRINITY_DN3129_c0_g1	6	interaction_vs_self	significant	down	CC	FALSE
GO:0015630	microtubule cytoskeleton	32/717	118/2946	0.271186440677966	1.11424721650947	0.718280575717815	0.267770315434204	0.924303459202512	0.845590469792224	TRINITY_DN35_c0_g2/TRINITY_DN334_c0_g1/TRINITY_DN705_c0_g1/TRINITY_DN814_c0_g1/TRINITY_DN1052_c0_g1/TRINITY_DN1127_c0_g1/TRINITY_DN1170_c0_g2/TRINITY_DN1191_c0_g1/TRINITY_DN1191_c0_g2/TRINITY_DN1321_c0_g1/TRINITY_DN1361_c1_g1/TRINITY_DN1745_c0_g1/TRINITY_DN1913_c0_g1/TRINITY_DN1924_c0_g1/TRINITY_DN2214_c0_g1/TRINITY_DN2369_c0_g1/TRINITY_DN2551_c0_g1/TRINITY_DN2726_c0_g1/TRINITY_DN2799_c0_g1/TRINITY_DN2927_c0_g1/TRINITY_DN3199_c0_g1/TRINITY_DN3628_c0_g1/TRINITY_DN3833_c0_g3/TRINITY_DN4782_c0_g1/TRINITY_DN4852_c0_g1/TRINITY_DN8475_c0_g1/TRINITY_DN8954_c0_g1/TRINITY_DN10562_c0_g1/TRINITY_DN10839_c0_g1/TRINITY_DN14024_c0_g1/TRINITY_DN14177_c0_g1/TRINITY_DN18034_c0_g1	32	interaction_vs_self	significant	down	CC	FALSE
GO:0005759	mitochondrial matrix	44/717	166/2946	0.265060240963855	1.08907596914856	0.669945378248463	0.278858669352631	0.950934075216184	0.869953242517629	TRINITY_DN8_c0_g1/TRINITY_DN28_c1_g1/TRINITY_DN96_c0_g1/TRINITY_DN99_c0_g1/TRINITY_DN439_c0_g1/TRINITY_DN582_c1_g1/TRINITY_DN943_c0_g1/TRINITY_DN968_c0_g1/TRINITY_DN1001_c0_g1/TRINITY_DN1286_c0_g1/TRINITY_DN1348_c0_g1/TRINITY_DN1375_c0_g1/TRINITY_DN1567_c0_g1/TRINITY_DN1646_c0_g1/TRINITY_DN1670_c0_g1/TRINITY_DN1726_c0_g1/TRINITY_DN1961_c0_g1/TRINITY_DN1984_c0_g1/TRINITY_DN2008_c0_g1/TRINITY_DN2208_c0_g1/TRINITY_DN2413_c0_g1/TRINITY_DN2474_c0_g1/TRINITY_DN2526_c0_g1/TRINITY_DN2526_c0_g2/TRINITY_DN2774_c0_g1/TRINITY_DN3101_c0_g1/TRINITY_DN3509_c0_g1/TRINITY_DN3608_c0_g1/TRINITY_DN3737_c0_g1/TRINITY_DN3756_c0_g1/TRINITY_DN3762_c0_g1/TRINITY_DN3823_c0_g1/TRINITY_DN3965_c0_g1/TRINITY_DN4118_c0_g1/TRINITY_DN4691_c0_g1/TRINITY_DN5975_c0_g1/TRINITY_DN6302_c0_g1/TRINITY_DN8475_c0_g1/TRINITY_DN8771_c0_g1/TRINITY_DN9425_c0_g1/TRINITY_DN10887_c0_g1/TRINITY_DN12728_c0_g1/TRINITY_DN13257_c0_g1/TRINITY_DN18254_c0_g1	44	interaction_vs_self	significant	down	CC	FALSE
GO:0005576	extracellular region	28/717	103/2946	0.271844660194175	1.11695170004468	0.685147243633387	0.280706888183558	0.950934075216184	0.869953242517629	TRINITY_DN54_c1_g1/TRINITY_DN207_c0_g1/TRINITY_DN693_c0_g1/TRINITY_DN701_c2_g1/TRINITY_DN761_c0_g1/TRINITY_DN968_c0_g1/TRINITY_DN1204_c0_g1/TRINITY_DN1295_c0_g1/TRINITY_DN1313_c0_g1/TRINITY_DN1386_c0_g1/TRINITY_DN1561_c0_g1/TRINITY_DN1948_c0_g1/TRINITY_DN1966_c0_g1/TRINITY_DN1989_c0_g1/TRINITY_DN2210_c0_g1/TRINITY_DN2413_c0_g1/TRINITY_DN2608_c0_g1/TRINITY_DN2879_c0_g1/TRINITY_DN4878_c0_g1/TRINITY_DN5924_c2_g1/TRINITY_DN5989_c0_g1/TRINITY_DN6645_c0_g1/TRINITY_DN12522_c0_g1/TRINITY_DN13118_c0_g1/TRINITY_DN14543_c0_g1/TRINITY_DN16039_c0_g1/TRINITY_DN17627_c0_g1/TRINITY_DN17765_c0_g1	28	interaction_vs_self	significant	down	CC	FALSE
GO:0000781	chromosome, telomeric region	12/717	41/2946	0.292682926829268	1.20257169098888	0.740704198897419	0.281607086652003	0.950934075216184	0.869953242517629	TRINITY_DN143_c0_g1/TRINITY_DN334_c0_g1/TRINITY_DN464_c1_g1/TRINITY_DN834_c0_g1/TRINITY_DN995_c0_g1/TRINITY_DN1146_c0_g1/TRINITY_DN1689_c0_g1/TRINITY_DN1819_c0_g1/TRINITY_DN4357_c0_g1/TRINITY_DN8861_c0_g1/TRINITY_DN10690_c0_g1/TRINITY_DN16075_c0_g1	12	interaction_vs_self	significant	down	CC	FALSE
GO:0031970	organelle envelope lumen	13/717	45/2946	0.288888888888889	1.18698279869828	0.716772346293692	0.287099074172914	0.962504809817106	0.880538622037334	TRINITY_DN160_c0_g1/TRINITY_DN328_c0_g1/TRINITY_DN813_c0_g1/TRINITY_DN906_c0_g1/TRINITY_DN1204_c0_g1/TRINITY_DN1438_c0_g1/TRINITY_DN1963_c0_g1/TRINITY_DN2290_c0_g1/TRINITY_DN4040_c0_g1/TRINITY_DN4615_c0_g1/TRINITY_DN5398_c0_g1/TRINITY_DN10790_c0_g1/TRINITY_DN10839_c0_g1	13	interaction_vs_self	significant	down	CC	FALSE
GO:0070461	SAGA-type complex	6/717	19/2946	0.315789473684211	1.2975115613301	0.737762335215494	0.307091917563074	0.985626019168595	0.901690846540052	TRINITY_DN243_c0_g1/TRINITY_DN460_c0_g1/TRINITY_DN1286_c0_g1/TRINITY_DN1543_c0_g1/TRINITY_DN2525_c0_g1/TRINITY_DN3756_c0_g1	6	interaction_vs_self	significant	down	CC	FALSE
GO:0005732	sno(s)RNA-containing ribonucleoprotein complex	8/717	27/2946	0.296296296296296	1.21741825507516	0.643588141943588	0.326729164008095	0.985626019168595	0.901690846540052	TRINITY_DN1313_c0_g1/TRINITY_DN2082_c0_g2/TRINITY_DN2213_c0_g1/TRINITY_DN2308_c0_g1/TRINITY_DN3418_c0_g1/TRINITY_DN8863_c0_g1/TRINITY_DN12670_c0_g1/TRINITY_DN14073_c0_g1	8	interaction_vs_self	significant	down	CC	FALSE
GO:0005669	transcription factor TFIID complex	4/717	12/2946	0.333333333333333	1.36959553695955	0.727502482609151	0.330651172673714	0.985626019168595	0.901690846540052	TRINITY_DN1286_c0_g1/TRINITY_DN1543_c0_g1/TRINITY_DN3756_c0_g1/TRINITY_DN4432_c0_g1	4	interaction_vs_self	significant	down	CC	FALSE
GO:0005884	actin filament	4/717	12/2946	0.333333333333333	1.36959553695955	0.727502482609151	0.330651172673714	0.985626019168595	0.901690846540052	TRINITY_DN241_c0_g1/TRINITY_DN1375_c0_g1/TRINITY_DN3317_c0_g1/TRINITY_DN4158_c0_g1	4	interaction_vs_self	significant	down	CC	FALSE
GO:0048471	perinuclear region of cytoplasm	4/717	12/2946	0.333333333333333	1.36959553695955	0.727502482609151	0.330651172673714	0.985626019168595	0.901690846540052	TRINITY_DN730_c0_g1/TRINITY_DN1375_c0_g1/TRINITY_DN4556_c0_g1/TRINITY_DN6594_c0_g2	4	interaction_vs_self	significant	down	CC	FALSE
GO:0071162	CMG complex	4/717	12/2946	0.333333333333333	1.36959553695955	0.727502482609151	0.330651172673714	0.985626019168595	0.901690846540052	TRINITY_DN464_c1_g1/TRINITY_DN1056_c0_g1/TRINITY_DN8771_c0_g1/TRINITY_DN15939_c0_g1	4	interaction_vs_self	significant	down	CC	FALSE
GO:0120104	mitotic actomyosin contractile ring, proximal layer	4/717	12/2946	0.333333333333333	1.36959553695955	0.727502482609151	0.330651172673714	0.985626019168595	0.901690846540052	TRINITY_DN1006_c0_g2/TRINITY_DN1375_c0_g1/TRINITY_DN2369_c0_g1/TRINITY_DN17683_c1_g1	4	interaction_vs_self	significant	down	CC	FALSE
GO:0099738	cell cortex region	19/717	70/2946	0.271428571428571	1.11524208009564	0.553366496004964	0.333149277277717	0.985626019168595	0.901690846540052	TRINITY_DN57_c0_g1/TRINITY_DN414_c0_g1/TRINITY_DN814_c0_g1/TRINITY_DN876_c0_g1/TRINITY_DN1006_c0_g2/TRINITY_DN1321_c0_g1/TRINITY_DN1661_c0_g1/TRINITY_DN2051_c0_g1/TRINITY_DN2350_c0_g1/TRINITY_DN2369_c0_g1/TRINITY_DN2529_c0_g1/TRINITY_DN3199_c0_g1/TRINITY_DN3317_c0_g1/TRINITY_DN3628_c0_g1/TRINITY_DN5262_c0_g1/TRINITY_DN6061_c0_g1/TRINITY_DN10562_c0_g1/TRINITY_DN17683_c1_g1/TRINITY_DN17886_c0_g1	19	interaction_vs_self	significant	down	CC	FALSE
GO:0030120	vesicle coat	9/717	31/2946	0.290322580645161	1.19287353219058	0.612183182168931	0.333287089368486	0.985626019168595	0.901690846540052	TRINITY_DN1329_c0_g1/TRINITY_DN2523_c0_g1/TRINITY_DN3192_c0_g1/TRINITY_DN3526_c0_g1/TRINITY_DN4408_c0_g1/TRINITY_DN5851_c0_g1/TRINITY_DN7264_c1_g1/TRINITY_DN7955_c0_g1/TRINITY_DN17715_c0_g1	9	interaction_vs_self	significant	down	CC	FALSE
GO:0000123	histone acetyltransferase complex	11/717	39/2946	0.282051282051282	1.15888853127347	0.56643428366875	0.3427324857651	0.985626019168595	0.901690846540052	TRINITY_DN243_c0_g1/TRINITY_DN460_c0_g1/TRINITY_DN1286_c0_g1/TRINITY_DN1375_c0_g1/TRINITY_DN1543_c0_g1/TRINITY_DN1991_c0_g1/TRINITY_DN2082_c0_g2/TRINITY_DN2525_c0_g1/TRINITY_DN3129_c0_g1/TRINITY_DN3756_c0_g1/TRINITY_DN4655_c0_g1	11	interaction_vs_self	significant	down	CC	FALSE
GO:0051285	cell cortex of cell tip	11/717	39/2946	0.282051282051282	1.15888853127347	0.56643428366875	0.3427324857651	0.985626019168595	0.901690846540052	TRINITY_DN57_c0_g1/TRINITY_DN1321_c0_g1/TRINITY_DN1661_c0_g1/TRINITY_DN2051_c0_g1/TRINITY_DN2350_c0_g1/TRINITY_DN2529_c0_g1/TRINITY_DN3199_c0_g1/TRINITY_DN5262_c0_g1/TRINITY_DN6061_c0_g1/TRINITY_DN10562_c0_g1/TRINITY_DN17886_c0_g1	11	interaction_vs_self	significant	down	CC	FALSE
GO:0005656	nuclear pre-replicative complex	5/717	16/2946	0.3125	1.28399581589958	0.645929792198267	0.345870882823134	0.985626019168595	0.901690846540052	TRINITY_DN464_c1_g1/TRINITY_DN8771_c0_g1/TRINITY_DN12384_c0_g1/TRINITY_DN15939_c0_g1/TRINITY_DN18341_c0_g1	5	interaction_vs_self	significant	down	CC	FALSE
GO:0005801	cis-Golgi network	5/717	16/2946	0.3125	1.28399581589958	0.645929792198267	0.345870882823134	0.985626019168595	0.901690846540052	TRINITY_DN448_c0_g1/TRINITY_DN1270_c0_g1/TRINITY_DN2829_c0_g1/TRINITY_DN7198_c0_g1/TRINITY_DN17600_c0_g1	5	interaction_vs_self	significant	down	CC	FALSE
GO:0036387	pre-replicative complex	5/717	16/2946	0.3125	1.28399581589958	0.645929792198267	0.345870882823134	0.985626019168595	0.901690846540052	TRINITY_DN464_c1_g1/TRINITY_DN8771_c0_g1/TRINITY_DN12384_c0_g1/TRINITY_DN15939_c0_g1/TRINITY_DN18341_c0_g1	5	interaction_vs_self	significant	down	CC	FALSE
GO:0046695	SLIK (SAGA-like) complex	5/717	16/2946	0.3125	1.28399581589958	0.645929792198267	0.345870882823134	0.985626019168595	0.901690846540052	TRINITY_DN243_c0_g1/TRINITY_DN1286_c0_g1/TRINITY_DN1543_c0_g1/TRINITY_DN2525_c0_g1/TRINITY_DN3756_c0_g1	5	interaction_vs_self	significant	down	CC	FALSE
GO:0120105	mitotic actomyosin contractile ring, intermediate layer	5/717	16/2946	0.3125	1.28399581589958	0.645929792198267	0.345870882823134	0.985626019168595	0.901690846540052	TRINITY_DN1375_c0_g1/TRINITY_DN1913_c0_g1/TRINITY_DN2350_c0_g1/TRINITY_DN2401_c0_g1/TRINITY_DN4631_c0_g1	5	interaction_vs_self	significant	down	CC	FALSE
GO:0000127	transcription factor TFIIIC complex	2/717	5/2946	0.4	1.64351464435146	0.81666344724339	0.353217908156986	0.985626019168595	0.901690846540052	TRINITY_DN429_c0_g1/TRINITY_DN1416_c0_g1	2	interaction_vs_self	significant	down	CC	FALSE
GO:0000795	synaptonemal complex	2/717	5/2946	0.4	1.64351464435146	0.81666344724339	0.353217908156986	0.985626019168595	0.901690846540052	TRINITY_DN886_c0_g1/TRINITY_DN4602_c0_g1	2	interaction_vs_self	significant	down	CC	FALSE
GO:0000796	condensin complex	2/717	5/2946	0.4	1.64351464435146	0.81666344724339	0.353217908156986	0.985626019168595	0.901690846540052	TRINITY_DN494_c0_g1/TRINITY_DN12289_c0_g1	2	interaction_vs_self	significant	down	CC	FALSE
GO:0000808	origin recognition complex	2/717	5/2946	0.4	1.64351464435146	0.81666344724339	0.353217908156986	0.985626019168595	0.901690846540052	TRINITY_DN12384_c0_g1/TRINITY_DN18341_c0_g1	2	interaction_vs_self	significant	down	CC	FALSE
GO:0005641	nuclear envelope lumen	2/717	5/2946	0.4	1.64351464435146	0.81666344724339	0.353217908156986	0.985626019168595	0.901690846540052	TRINITY_DN328_c0_g1/TRINITY_DN10839_c0_g1	2	interaction_vs_self	significant	down	CC	FALSE
GO:0005664	nuclear origin of replication recognition complex	2/717	5/2946	0.4	1.64351464435146	0.81666344724339	0.353217908156986	0.985626019168595	0.901690846540052	TRINITY_DN12384_c0_g1/TRINITY_DN18341_c0_g1	2	interaction_vs_self	significant	down	CC	FALSE
GO:0030689	Noc complex	2/717	5/2946	0.4	1.64351464435146	0.81666344724339	0.353217908156986	0.985626019168595	0.901690846540052	TRINITY_DN11165_c0_g1/TRINITY_DN14177_c0_g1	2	interaction_vs_self	significant	down	CC	FALSE
GO:0031391	Elg1 RFC-like complex	2/717	5/2946	0.4	1.64351464435146	0.81666344724339	0.353217908156986	0.985626019168595	0.901690846540052	TRINITY_DN1516_c0_g1/TRINITY_DN8941_c0_g1	2	interaction_vs_self	significant	down	CC	FALSE
GO:0031931	TORC1 complex	2/717	5/2946	0.4	1.64351464435146	0.81666344724339	0.353217908156986	0.985626019168595	0.901690846540052	TRINITY_DN4357_c0_g1/TRINITY_DN4556_c0_g1	2	interaction_vs_self	significant	down	CC	FALSE
GO:0032154	cleavage furrow	2/717	5/2946	0.4	1.64351464435146	0.81666344724339	0.353217908156986	0.985626019168595	0.901690846540052	TRINITY_DN10562_c0_g1/TRINITY_DN17600_c0_g1	2	interaction_vs_self	significant	down	CC	FALSE
GO:0044613	nuclear pore central transport channel	2/717	5/2946	0.4	1.64351464435146	0.81666344724339	0.353217908156986	0.985626019168595	0.901690846540052	TRINITY_DN1193_c0_g1/TRINITY_DN2482_c0_g1	2	interaction_vs_self	significant	down	CC	FALSE
GO:0120106	mitotic actomyosin contractile ring, distal actin filament layer	2/717	5/2946	0.4	1.64351464435146	0.81666344724339	0.353217908156986	0.985626019168595	0.901690846540052	TRINITY_DN1170_c0_g2/TRINITY_DN1375_c0_g1	2	interaction_vs_self	significant	down	CC	FALSE
GO:0030660	Golgi-associated vesicle membrane	8/717	28/2946	0.285714285714286	1.17393903167962	0.524421650549079	0.368226170393702	0.999999837360975	0.91484060115472	TRINITY_DN1329_c0_g1/TRINITY_DN2523_c0_g1/TRINITY_DN3192_c0_g1/TRINITY_DN3526_c0_g1/TRINITY_DN4408_c0_g1/TRINITY_DN5851_c0_g1/TRINITY_DN7264_c1_g1/TRINITY_DN17715_c0_g1	8	interaction_vs_self	significant	down	CC	FALSE
GO:0031965	nuclear membrane	9/717	32/2946	0.28125	1.15559623430962	0.501852960807643	0.372172931143042	0.999999837360975	0.91484060115472	TRINITY_DN160_c0_g1/TRINITY_DN778_c0_g2/TRINITY_DN1182_c0_g1/TRINITY_DN1363_c0_g1/TRINITY_DN1669_c0_g1/TRINITY_DN2246_c0_g1/TRINITY_DN2822_c0_g1/TRINITY_DN3512_c0_g1/TRINITY_DN6594_c0_g2	9	interaction_vs_self	significant	down	CC	FALSE
GO:0005886	plasma membrane	93/717	370/2946	0.251351351351351	1.03274906705869	0.382009407694064	0.372705214215205	0.999999837360975	0.91484060115472	TRINITY_DN129_c0_g1/TRINITY_DN163_c0_g1/TRINITY_DN165_c0_g1/TRINITY_DN183_c0_g1/TRINITY_DN188_c0_g1/TRINITY_DN241_c0_g1/TRINITY_DN380_c0_g1/TRINITY_DN409_c0_g1/TRINITY_DN546_c0_g1/TRINITY_DN685_c0_g1/TRINITY_DN693_c0_g1/TRINITY_DN703_c0_g1/TRINITY_DN761_c0_g1/TRINITY_DN877_c0_g1/TRINITY_DN1170_c0_g2/TRINITY_DN1221_c4_g1/TRINITY_DN1242_c0_g1/TRINITY_DN1363_c0_g1/TRINITY_DN1379_c0_g1/TRINITY_DN1382_c0_g1/TRINITY_DN1416_c0_g1/TRINITY_DN1428_c0_g1/TRINITY_DN1561_c0_g1/TRINITY_DN1597_c0_g1/TRINITY_DN1617_c0_g1/TRINITY_DN1661_c0_g1/TRINITY_DN1762_c0_g1/TRINITY_DN1790_c0_g1/TRINITY_DN1893_c0_g1/TRINITY_DN1924_c0_g1/TRINITY_DN1967_c0_g1/TRINITY_DN1989_c0_g1/TRINITY_DN2087_c0_g1/TRINITY_DN2116_c0_g1/TRINITY_DN2207_c0_g1/TRINITY_DN2393_c0_g2/TRINITY_DN2413_c0_g1/TRINITY_DN2529_c0_g1/TRINITY_DN2619_c0_g1/TRINITY_DN2705_c0_g1/TRINITY_DN2810_c0_g1/TRINITY_DN2879_c0_g1/TRINITY_DN2936_c0_g1/TRINITY_DN2952_c0_g1/TRINITY_DN2982_c0_g1/TRINITY_DN2995_c0_g1/TRINITY_DN2997_c0_g1/TRINITY_DN3081_c0_g1/TRINITY_DN3116_c0_g1/TRINITY_DN3317_c0_g1/TRINITY_DN3338_c0_g1/TRINITY_DN3392_c0_g1/TRINITY_DN3396_c0_g1/TRINITY_DN3573_c0_g1/TRINITY_DN3631_c0_g1/TRINITY_DN3997_c0_g1/TRINITY_DN4174_c0_g1/TRINITY_DN4176_c0_g1/TRINITY_DN4228_c0_g1/TRINITY_DN4236_c0_g1/TRINITY_DN4245_c0_g1/TRINITY_DN4300_c0_g1/TRINITY_DN4336_c0_g1/TRINITY_DN4345_c0_g1/TRINITY_DN4401_c0_g1/TRINITY_DN4556_c0_g1/TRINITY_DN4772_c0_g1/TRINITY_DN4945_c0_g1/TRINITY_DN5126_c0_g1/TRINITY_DN5358_c0_g1/TRINITY_DN5643_c0_g1/TRINITY_DN6594_c0_g3/TRINITY_DN6741_c1_g1/TRINITY_DN6794_c3_g1/TRINITY_DN7967_c1_g1/TRINITY_DN8968_c0_g1/TRINITY_DN9012_c0_g1/TRINITY_DN9171_c0_g1/TRINITY_DN10562_c0_g1/TRINITY_DN10567_c0_g1/TRINITY_DN10773_c0_g1/TRINITY_DN12273_c0_g1/TRINITY_DN12501_c0_g1/TRINITY_DN14212_c0_g1/TRINITY_DN16039_c0_g1/TRINITY_DN16409_c0_g1/TRINITY_DN17600_c0_g1/TRINITY_DN17604_c0_g1/TRINITY_DN17683_c1_g1/TRINITY_DN17749_c0_g1/TRINITY_DN17818_c0_g1/TRINITY_DN17871_c0_g1/TRINITY_DN18445_c0_g1	93	interaction_vs_self	significant	down	CC	FALSE
GO:0005758	mitochondrial intermembrane space	11/717	40/2946	0.275	1.12991631799163	0.469129871708512	0.377603002023965	0.999999837360975	0.91484060115472	TRINITY_DN160_c0_g1/TRINITY_DN813_c0_g1/TRINITY_DN906_c0_g1/TRINITY_DN1204_c0_g1/TRINITY_DN1438_c0_g1/TRINITY_DN1963_c0_g1/TRINITY_DN2290_c0_g1/TRINITY_DN4040_c0_g1/TRINITY_DN4615_c0_g1/TRINITY_DN5398_c0_g1/TRINITY_DN10790_c0_g1	11	interaction_vs_self	significant	down	CC	FALSE
GO:0031248	protein acetyltransferase complex	12/717	44/2946	0.272727272727273	1.12057816660327	0.456976117402875	0.379482346876693	0.999999837360975	0.91484060115472	TRINITY_DN189_c0_g1/TRINITY_DN243_c0_g1/TRINITY_DN460_c0_g1/TRINITY_DN1286_c0_g1/TRINITY_DN1375_c0_g1/TRINITY_DN1543_c0_g1/TRINITY_DN1991_c0_g1/TRINITY_DN2082_c0_g2/TRINITY_DN2525_c0_g1/TRINITY_DN3129_c0_g1/TRINITY_DN3756_c0_g1/TRINITY_DN4655_c0_g1	12	interaction_vs_self	significant	down	CC	FALSE
GO:1902493	acetyltransferase complex	12/717	44/2946	0.272727272727273	1.12057816660327	0.456976117402875	0.379482346876693	0.999999837360975	0.91484060115472	TRINITY_DN189_c0_g1/TRINITY_DN243_c0_g1/TRINITY_DN460_c0_g1/TRINITY_DN1286_c0_g1/TRINITY_DN1375_c0_g1/TRINITY_DN1543_c0_g1/TRINITY_DN1991_c0_g1/TRINITY_DN2082_c0_g2/TRINITY_DN2525_c0_g1/TRINITY_DN3129_c0_g1/TRINITY_DN3756_c0_g1/TRINITY_DN4655_c0_g1	12	interaction_vs_self	significant	down	CC	FALSE
GO:0000940	outer kinetochore	3/717	9/2946	0.333333333333333	1.36959553695955	0.629713773951878	0.380748471297179	0.999999837360975	0.91484060115472	TRINITY_DN2275_c0_g1/TRINITY_DN8954_c0_g1/TRINITY_DN18034_c0_g1	3	interaction_vs_self	significant	down	CC	FALSE
GO:0008180	COP9 signalosome	3/717	9/2946	0.333333333333333	1.36959553695955	0.629713773951878	0.380748471297179	0.999999837360975	0.91484060115472	TRINITY_DN1026_c0_g2/TRINITY_DN1050_c0_g1/TRINITY_DN1442_c0_g1	3	interaction_vs_self	significant	down	CC	FALSE
GO:0030981	cortical microtubule cytoskeleton	3/717	9/2946	0.333333333333333	1.36959553695955	0.629713773951878	0.380748471297179	0.999999837360975	0.91484060115472	TRINITY_DN2214_c0_g1/TRINITY_DN2551_c0_g1/TRINITY_DN2726_c0_g1	3	interaction_vs_self	significant	down	CC	FALSE
GO:0071341	medial cortical node	3/717	9/2946	0.333333333333333	1.36959553695955	0.629713773951878	0.380748471297179	0.999999837360975	0.91484060115472	TRINITY_DN414_c0_g1/TRINITY_DN2369_c0_g1/TRINITY_DN17683_c1_g1	3	interaction_vs_self	significant	down	CC	FALSE
GO:0005793	endoplasmic reticulum-Golgi intermediate compartment	4/717	13/2946	0.307692307692308	1.26424203411651	0.541457958755639	0.393502708630682	0.999999837360975	0.91484060115472	TRINITY_DN1561_c0_g1/TRINITY_DN2829_c0_g1/TRINITY_DN4673_c0_g1/TRINITY_DN17715_c0_g1	4	interaction_vs_self	significant	down	CC	FALSE
GO:0031934	mating-type region heterochromatin	5/717	17/2946	0.294117647058824	1.20846665025843	0.488819537752386	0.400719601081839	0.999999837360975	0.91484060115472	TRINITY_DN1819_c0_g1/TRINITY_DN5126_c0_g1/TRINITY_DN6998_c0_g1/TRINITY_DN8861_c0_g1/TRINITY_DN15855_c0_g1	5	interaction_vs_self	significant	down	CC	FALSE
GO:0098687	chromosomal region	33/717	129/2946	0.255813953488372	1.05108494696896	0.336466299448158	0.402455139224806	0.999999837360975	0.91484060115472	TRINITY_DN143_c0_g1/TRINITY_DN222_c0_g1/TRINITY_DN258_c0_g1/TRINITY_DN334_c0_g1/TRINITY_DN462_c0_g1/TRINITY_DN464_c1_g1/TRINITY_DN834_c0_g1/TRINITY_DN995_c0_g1/TRINITY_DN1146_c0_g1/TRINITY_DN1321_c0_g1/TRINITY_DN1361_c1_g1/TRINITY_DN1386_c0_g1/TRINITY_DN1689_c0_g1/TRINITY_DN1819_c0_g1/TRINITY_DN1913_c0_g1/TRINITY_DN2213_c0_g1/TRINITY_DN2214_c0_g1/TRINITY_DN2275_c0_g1/TRINITY_DN2726_c0_g1/TRINITY_DN3254_c0_g1/TRINITY_DN3306_c0_g1/TRINITY_DN4357_c0_g1/TRINITY_DN4419_c0_g1/TRINITY_DN4602_c0_g1/TRINITY_DN6998_c0_g1/TRINITY_DN8861_c0_g1/TRINITY_DN8954_c0_g1/TRINITY_DN10690_c0_g1/TRINITY_DN10866_c0_g1/TRINITY_DN12289_c0_g1/TRINITY_DN15855_c0_g1/TRINITY_DN16075_c0_g1/TRINITY_DN18034_c0_g1	33	interaction_vs_self	significant	down	CC	FALSE
GO:0000794	condensed nuclear chromosome	18/717	69/2946	0.260869565217391	1.07185737675095	0.342509929387744	0.411879264502091	0.999999837360975	0.91484060115472	TRINITY_DN258_c0_g1/TRINITY_DN494_c0_g1/TRINITY_DN886_c0_g1/TRINITY_DN1321_c0_g1/TRINITY_DN1361_c1_g1/TRINITY_DN1689_c0_g1/TRINITY_DN1691_c0_g1/TRINITY_DN1913_c0_g1/TRINITY_DN2214_c0_g1/TRINITY_DN2275_c0_g1/TRINITY_DN2726_c0_g1/TRINITY_DN3306_c0_g1/TRINITY_DN4419_c0_g1/TRINITY_DN4602_c0_g1/TRINITY_DN8954_c0_g1/TRINITY_DN10866_c0_g1/TRINITY_DN12289_c0_g1/TRINITY_DN18034_c0_g1	18	interaction_vs_self	significant	down	CC	FALSE
GO:0030479	actin cortical patch	14/717	53/2946	0.264150943396226	1.08533985947738	0.355519015432865	0.413097837555317	0.999999837360975	0.91484060115472	TRINITY_DN57_c0_g1/TRINITY_DN241_c0_g1/TRINITY_DN1057_c0_g1/TRINITY_DN1375_c0_g1/TRINITY_DN1661_c0_g1/TRINITY_DN2529_c0_g1/TRINITY_DN3317_c0_g1/TRINITY_DN3441_c0_g1/TRINITY_DN3670_c0_g1/TRINITY_DN4158_c0_g1/TRINITY_DN5262_c0_g1/TRINITY_DN6061_c0_g1/TRINITY_DN7955_c0_g1/TRINITY_DN17683_c1_g1	14	interaction_vs_self	significant	down	CC	FALSE
GO:0044732	mitotic spindle pole body	14/717	54/2946	0.259259259259259	1.06524097319076	0.274388155002968	0.444143262836125	0.999999837360975	0.91484060115472	TRINITY_DN334_c0_g1/TRINITY_DN1127_c0_g1/TRINITY_DN1361_c1_g1/TRINITY_DN1913_c0_g1/TRINITY_DN2369_c0_g1/TRINITY_DN2726_c0_g1/TRINITY_DN2927_c0_g1/TRINITY_DN3628_c0_g1/TRINITY_DN3833_c0_g3/TRINITY_DN4782_c0_g1/TRINITY_DN8954_c0_g1/TRINITY_DN14024_c0_g1/TRINITY_DN14177_c0_g1/TRINITY_DN18034_c0_g1	14	interaction_vs_self	significant	down	CC	FALSE
GO:0061645	endocytic patch	14/717	54/2946	0.259259259259259	1.06524097319076	0.274388155002968	0.444143262836125	0.999999837360975	0.91484060115472	TRINITY_DN57_c0_g1/TRINITY_DN241_c0_g1/TRINITY_DN1057_c0_g1/TRINITY_DN1375_c0_g1/TRINITY_DN1661_c0_g1/TRINITY_DN2529_c0_g1/TRINITY_DN3317_c0_g1/TRINITY_DN3441_c0_g1/TRINITY_DN3670_c0_g1/TRINITY_DN4158_c0_g1/TRINITY_DN5262_c0_g1/TRINITY_DN6061_c0_g1/TRINITY_DN7955_c0_g1/TRINITY_DN17683_c1_g1	14	interaction_vs_self	significant	down	CC	FALSE
GO:0005663	DNA replication factor C complex	2/717	6/2946	0.333333333333333	1.36959553695955	0.513896750347148	0.450378245056231	0.999999837360975	0.91484060115472	TRINITY_DN1516_c0_g1/TRINITY_DN8941_c0_g1	2	interaction_vs_self	significant	down	CC	FALSE
GO:0005851	eukaryotic translation initiation factor 2B complex	2/717	6/2946	0.333333333333333	1.36959553695955	0.513896750347148	0.450378245056231	0.999999837360975	0.91484060115472	TRINITY_DN1088_c0_g1/TRINITY_DN4419_c0_g1	2	interaction_vs_self	significant	down	CC	FALSE
GO:0005871	kinesin complex	2/717	6/2946	0.333333333333333	1.36959553695955	0.513896750347148	0.450378245056231	0.999999837360975	0.91484060115472	TRINITY_DN2214_c0_g1/TRINITY_DN2726_c0_g1	2	interaction_vs_self	significant	down	CC	FALSE
GO:0031595	nuclear proteasome complex	2/717	6/2946	0.333333333333333	1.36959553695955	0.513896750347148	0.450378245056231	0.999999837360975	0.91484060115472	TRINITY_DN2960_c0_g1/TRINITY_DN3830_c0_g1	2	interaction_vs_self	significant	down	CC	FALSE
GO:0031902	late endosome membrane	2/717	6/2946	0.333333333333333	1.36959553695955	0.513896750347148	0.450378245056231	0.999999837360975	0.91484060115472	TRINITY_DN2743_c0_g1/TRINITY_DN4348_c0_g1	2	interaction_vs_self	significant	down	CC	FALSE
GO:0034388	Pwp2p-containing subcomplex of 90S preribosome	2/717	6/2946	0.333333333333333	1.36959553695955	0.513896750347148	0.450378245056231	0.999999837360975	0.91484060115472	TRINITY_DN2213_c0_g1/TRINITY_DN4176_c0_g1	2	interaction_vs_self	significant	down	CC	FALSE
GO:0034518	RNA cap binding complex	2/717	6/2946	0.333333333333333	1.36959553695955	0.513896750347148	0.450378245056231	0.999999837360975	0.91484060115472	TRINITY_DN2244_c0_g1/TRINITY_DN3119_c0_g1	2	interaction_vs_self	significant	down	CC	FALSE
GO:0043599	nuclear DNA replication factor C complex	2/717	6/2946	0.333333333333333	1.36959553695955	0.513896750347148	0.450378245056231	0.999999837360975	0.91484060115472	TRINITY_DN1516_c0_g1/TRINITY_DN8941_c0_g1	2	interaction_vs_self	significant	down	CC	FALSE
GO:0048188	Set1C/COMPASS complex	2/717	6/2946	0.333333333333333	1.36959553695955	0.513896750347148	0.450378245056231	0.999999837360975	0.91484060115472	TRINITY_DN1308_c0_g1/TRINITY_DN4629_c0_g1	2	interaction_vs_self	significant	down	CC	FALSE
GO:0071521	Cdc42 GTPase complex	2/717	6/2946	0.333333333333333	1.36959553695955	0.513896750347148	0.450378245056231	0.999999837360975	0.91484060115472	TRINITY_DN814_c0_g1/TRINITY_DN10562_c0_g1	2	interaction_vs_self	significant	down	CC	FALSE
GO:0071957	old mitotic spindle pole body	2/717	6/2946	0.333333333333333	1.36959553695955	0.513896750347148	0.450378245056231	0.999999837360975	0.91484060115472	TRINITY_DN1361_c1_g1/TRINITY_DN4782_c0_g1	2	interaction_vs_self	significant	down	CC	FALSE
GO:0097574	lateral part of cell	2/717	6/2946	0.333333333333333	1.36959553695955	0.513896750347148	0.450378245056231	0.999999837360975	0.91484060115472	TRINITY_DN814_c0_g1/TRINITY_DN5262_c0_g1	2	interaction_vs_self	significant	down	CC	FALSE
GO:0097575	lateral cell cortex	2/717	6/2946	0.333333333333333	1.36959553695955	0.513896750347148	0.450378245056231	0.999999837360975	0.91484060115472	TRINITY_DN814_c0_g1/TRINITY_DN5262_c0_g1	2	interaction_vs_self	significant	down	CC	FALSE
GO:0031097	medial cortex	9/717	34/2946	0.264705882352941	1.08761998523259	0.291403082849052	0.450641775156569	0.999999837360975	0.91484060115472	TRINITY_DN414_c0_g1/TRINITY_DN876_c0_g1/TRINITY_DN1006_c0_g2/TRINITY_DN1661_c0_g1/TRINITY_DN2369_c0_g1/TRINITY_DN3317_c0_g1/TRINITY_DN3628_c0_g1/TRINITY_DN6061_c0_g1/TRINITY_DN17683_c1_g1	9	interaction_vs_self	significant	down	CC	FALSE
GO:0009898	cytoplasmic side of plasma membrane	6/717	22/2946	0.272727272727273	1.12057816660327	0.321913007507487	0.454177263418671	0.999999837360975	0.91484060115472	TRINITY_DN693_c0_g1/TRINITY_DN1924_c0_g1/TRINITY_DN2997_c0_g1/TRINITY_DN4401_c0_g1/TRINITY_DN4556_c0_g1/TRINITY_DN17683_c1_g1	6	interaction_vs_self	significant	down	CC	FALSE
GO:0042575	DNA polymerase complex	3/717	10/2946	0.3	1.2326359832636	0.417874681097327	0.454543848459203	0.999999837360975	0.91484060115472	TRINITY_DN995_c0_g1/TRINITY_DN1146_c0_g1/TRINITY_DN10690_c0_g1	3	interaction_vs_self	significant	down	CC	FALSE
GO:0071006	U2-type catalytic step 1 spliceosome	3/717	10/2946	0.3	1.2326359832636	0.417874681097327	0.454543848459203	0.999999837360975	0.91484060115472	TRINITY_DN2206_c0_g1/TRINITY_DN3414_c0_g1/TRINITY_DN18485_c0_g1	3	interaction_vs_self	significant	down	CC	FALSE
GO:0071012	catalytic step 1 spliceosome	3/717	10/2946	0.3	1.2326359832636	0.417874681097327	0.454543848459203	0.999999837360975	0.91484060115472	TRINITY_DN2206_c0_g1/TRINITY_DN3414_c0_g1/TRINITY_DN18485_c0_g1	3	interaction_vs_self	significant	down	CC	FALSE
GO:0080008	Cul4-RING E3 ubiquitin ligase complex	3/717	10/2946	0.3	1.2326359832636	0.417874681097327	0.454543848459203	0.999999837360975	0.91484060115472	TRINITY_DN10890_c0_g1/TRINITY_DN12384_c0_g1/TRINITY_DN14175_c0_g1	3	interaction_vs_self	significant	down	CC	FALSE
GO:0000792	heterochromatin	14/717	55/2946	0.254545454545455	1.04587295549639	0.194742712017298	0.475092859205784	0.999999837360975	0.91484060115472	TRINITY_DN334_c0_g1/TRINITY_DN462_c0_g1/TRINITY_DN499_c0_g1/TRINITY_DN834_c0_g1/TRINITY_DN1386_c0_g1/TRINITY_DN1819_c0_g1/TRINITY_DN4631_c0_g1/TRINITY_DN5126_c0_g1/TRINITY_DN6998_c0_g1/TRINITY_DN8861_c0_g1/TRINITY_DN8863_c0_g1/TRINITY_DN12289_c0_g1/TRINITY_DN12501_c0_g1/TRINITY_DN15855_c0_g1	14	interaction_vs_self	significant	down	CC	FALSE
GO:0030117	membrane coat	9/717	35/2946	0.257142857142857	1.05654512851166	0.190833804275177	0.489458065793541	0.999999837360975	0.91484060115472	TRINITY_DN1329_c0_g1/TRINITY_DN2523_c0_g1/TRINITY_DN3192_c0_g1/TRINITY_DN3526_c0_g1/TRINITY_DN4408_c0_g1/TRINITY_DN5851_c0_g1/TRINITY_DN7264_c1_g1/TRINITY_DN7955_c0_g1/TRINITY_DN17715_c0_g1	9	interaction_vs_self	significant	down	CC	FALSE
GO:0030662	coated vesicle membrane	9/717	35/2946	0.257142857142857	1.05654512851166	0.190833804275177	0.489458065793541	0.999999837360975	0.91484060115472	TRINITY_DN1329_c0_g1/TRINITY_DN2523_c0_g1/TRINITY_DN3192_c0_g1/TRINITY_DN3526_c0_g1/TRINITY_DN4408_c0_g1/TRINITY_DN5851_c0_g1/TRINITY_DN7264_c1_g1/TRINITY_DN7955_c0_g1/TRINITY_DN17715_c0_g1	9	interaction_vs_self	significant	down	CC	FALSE
GO:0048475	coated membrane	9/717	35/2946	0.257142857142857	1.05654512851166	0.190833804275177	0.489458065793541	0.999999837360975	0.91484060115472	TRINITY_DN1329_c0_g1/TRINITY_DN2523_c0_g1/TRINITY_DN3192_c0_g1/TRINITY_DN3526_c0_g1/TRINITY_DN4408_c0_g1/TRINITY_DN5851_c0_g1/TRINITY_DN7264_c1_g1/TRINITY_DN7955_c0_g1/TRINITY_DN17715_c0_g1	9	interaction_vs_self	significant	down	CC	FALSE
GO:0000793	condensed chromosome	19/717	76/2946	0.25	1.02719665271967	0.136216117179854	0.490834218107693	0.999999837360975	0.91484060115472	TRINITY_DN258_c0_g1/TRINITY_DN462_c0_g1/TRINITY_DN494_c0_g1/TRINITY_DN886_c0_g1/TRINITY_DN1321_c0_g1/TRINITY_DN1361_c1_g1/TRINITY_DN1689_c0_g1/TRINITY_DN1691_c0_g1/TRINITY_DN1913_c0_g1/TRINITY_DN2214_c0_g1/TRINITY_DN2275_c0_g1/TRINITY_DN2726_c0_g1/TRINITY_DN3306_c0_g1/TRINITY_DN4419_c0_g1/TRINITY_DN4602_c0_g1/TRINITY_DN8954_c0_g1/TRINITY_DN10866_c0_g1/TRINITY_DN12289_c0_g1/TRINITY_DN18034_c0_g1	19	interaction_vs_self	significant	down	CC	FALSE
GO:0030135	coated vesicle	16/717	64/2946	0.25	1.02719665271967	0.124739973543155	0.499254000233903	0.999999837360975	0.91484060115472	TRINITY_DN705_c0_g1/TRINITY_DN1270_c0_g1/TRINITY_DN1329_c0_g1/TRINITY_DN2523_c0_g1/TRINITY_DN2996_c0_g1/TRINITY_DN3192_c0_g1/TRINITY_DN3196_c0_g1/TRINITY_DN3338_c0_g1/TRINITY_DN3526_c0_g1/TRINITY_DN4408_c0_g1/TRINITY_DN4923_c0_g1/TRINITY_DN5851_c0_g1/TRINITY_DN7264_c1_g1/TRINITY_DN7955_c0_g1/TRINITY_DN9171_c0_g1/TRINITY_DN17715_c0_g1	16	interaction_vs_self	significant	down	CC	FALSE
GO:0000314	organellar small ribosomal subunit	6/717	23/2946	0.260869565217391	1.07185737675095	0.196186022415307	0.502136184378469	0.999999837360975	0.91484060115472	TRINITY_DN1286_c0_g1/TRINITY_DN2008_c0_g1/TRINITY_DN2208_c0_g1/TRINITY_DN2774_c0_g1/TRINITY_DN6302_c0_g1/TRINITY_DN8771_c0_g1	6	interaction_vs_self	significant	down	CC	FALSE
GO:0005763	mitochondrial small ribosomal subunit	6/717	23/2946	0.260869565217391	1.07185737675095	0.196186022415307	0.502136184378469	0.999999837360975	0.91484060115472	TRINITY_DN1286_c0_g1/TRINITY_DN2008_c0_g1/TRINITY_DN2208_c0_g1/TRINITY_DN2774_c0_g1/TRINITY_DN6302_c0_g1/TRINITY_DN8771_c0_g1	6	interaction_vs_self	significant	down	CC	FALSE
GO:0000775	chromosome, centromeric region	24/717	97/2946	0.247422680412371	1.01660699650606	0.0943143834356035	0.502633596796667	0.999999837360975	0.91484060115472	TRINITY_DN222_c0_g1/TRINITY_DN258_c0_g1/TRINITY_DN462_c0_g1/TRINITY_DN834_c0_g1/TRINITY_DN1321_c0_g1/TRINITY_DN1361_c1_g1/TRINITY_DN1386_c0_g1/TRINITY_DN1819_c0_g1/TRINITY_DN1913_c0_g1/TRINITY_DN2213_c0_g1/TRINITY_DN2214_c0_g1/TRINITY_DN2275_c0_g1/TRINITY_DN2726_c0_g1/TRINITY_DN3254_c0_g1/TRINITY_DN3306_c0_g1/TRINITY_DN4419_c0_g1/TRINITY_DN4602_c0_g1/TRINITY_DN6998_c0_g1/TRINITY_DN8861_c0_g1/TRINITY_DN8954_c0_g1/TRINITY_DN10866_c0_g1/TRINITY_DN12289_c0_g1/TRINITY_DN15855_c0_g1/TRINITY_DN18034_c0_g1	24	interaction_vs_self	significant	down	CC	FALSE
GO:0005798	Golgi-associated vesicle	14/717	56/2946	0.25	1.02719665271967	0.116521949200737	0.50576666154082	0.999999837360975	0.91484060115472	TRINITY_DN705_c0_g1/TRINITY_DN1270_c0_g1/TRINITY_DN1329_c0_g1/TRINITY_DN2523_c0_g1/TRINITY_DN3192_c0_g1/TRINITY_DN3196_c0_g1/TRINITY_DN3338_c0_g1/TRINITY_DN3526_c0_g1/TRINITY_DN4408_c0_g1/TRINITY_DN4923_c0_g1/TRINITY_DN5851_c0_g1/TRINITY_DN7264_c1_g1/TRINITY_DN9171_c0_g1/TRINITY_DN17715_c0_g1	14	interaction_vs_self	significant	down	CC	FALSE
GO:0005940	septin ring	5/717	19/2946	0.263157894736842	1.08125963444175	0.201505774755379	0.507837096145065	0.999999837360975	0.91484060115472	TRINITY_DN814_c0_g1/TRINITY_DN876_c0_g1/TRINITY_DN1006_c0_g2/TRINITY_DN4681_c0_g1/TRINITY_DN17683_c1_g1	5	interaction_vs_self	significant	down	CC	FALSE
GO:0000313	organellar ribosome	13/717	52/2946	0.25	1.02719665271967	0.112205735609571	0.509382588131408	0.999999837360975	0.91484060115472	TRINITY_DN439_c0_g1/TRINITY_DN1286_c0_g1/TRINITY_DN1375_c0_g1/TRINITY_DN1726_c0_g1/TRINITY_DN2008_c0_g1/TRINITY_DN2208_c0_g1/TRINITY_DN2413_c0_g1/TRINITY_DN2474_c0_g1/TRINITY_DN2774_c0_g1/TRINITY_DN3737_c0_g1/TRINITY_DN6302_c0_g1/TRINITY_DN8771_c0_g1/TRINITY_DN18254_c0_g1	13	interaction_vs_self	significant	down	CC	FALSE
GO:0005761	mitochondrial ribosome	13/717	52/2946	0.25	1.02719665271967	0.112205735609571	0.509382588131408	0.999999837360975	0.91484060115472	TRINITY_DN439_c0_g1/TRINITY_DN1286_c0_g1/TRINITY_DN1375_c0_g1/TRINITY_DN1726_c0_g1/TRINITY_DN2008_c0_g1/TRINITY_DN2208_c0_g1/TRINITY_DN2413_c0_g1/TRINITY_DN2474_c0_g1/TRINITY_DN2774_c0_g1/TRINITY_DN3737_c0_g1/TRINITY_DN6302_c0_g1/TRINITY_DN8771_c0_g1/TRINITY_DN18254_c0_g1	13	interaction_vs_self	significant	down	CC	FALSE
GO:0000144	cellular bud neck septin ring	3/717	11/2946	0.272727272727273	1.12057816660327	0.227199912119136	0.524355381179747	0.999999837360975	0.91484060115472	TRINITY_DN814_c0_g1/TRINITY_DN1006_c0_g2/TRINITY_DN17683_c1_g1	3	interaction_vs_self	significant	down	CC	FALSE
GO:0005764	lysosome	2/717	7/2946	0.285714285714286	1.17393903167962	0.261272360000377	0.538615693872893	0.999999837360975	0.91484060115472	TRINITY_DN2743_c0_g1/TRINITY_DN4348_c0_g1	2	interaction_vs_self	significant	down	CC	FALSE
GO:0005824	outer plaque of spindle pole body	2/717	7/2946	0.285714285714286	1.17393903167962	0.261272360000377	0.538615693872893	0.999999837360975	0.91484060115472	TRINITY_DN814_c0_g1/TRINITY_DN3833_c0_g3	2	interaction_vs_self	significant	down	CC	FALSE
GO:0030874	nucleolar chromatin	2/717	7/2946	0.285714285714286	1.17393903167962	0.261272360000377	0.538615693872893	0.999999837360975	0.91484060115472	TRINITY_DN2101_c0_g1/TRINITY_DN8861_c0_g1	2	interaction_vs_self	significant	down	CC	FALSE
GO:0032300	mismatch repair complex	2/717	7/2946	0.285714285714286	1.17393903167962	0.261272360000377	0.538615693872893	0.999999837360975	0.91484060115472	TRINITY_DN1532_c0_g1/TRINITY_DN8927_c0_g1	2	interaction_vs_self	significant	down	CC	FALSE
GO:0097038	perinuclear endoplasmic reticulum	2/717	7/2946	0.285714285714286	1.17393903167962	0.261272360000377	0.538615693872893	0.999999837360975	0.91484060115472	TRINITY_DN730_c0_g1/TRINITY_DN6594_c0_g2	2	interaction_vs_self	significant	down	CC	FALSE
GO:0099086	synaptonemal structure	2/717	7/2946	0.285714285714286	1.17393903167962	0.261272360000377	0.538615693872893	0.999999837360975	0.91484060115472	TRINITY_DN886_c0_g1/TRINITY_DN4602_c0_g1	2	interaction_vs_self	significant	down	CC	FALSE
GO:1990071	TRAPPII protein complex	2/717	7/2946	0.285714285714286	1.17393903167962	0.261272360000377	0.538615693872893	0.999999837360975	0.91484060115472	TRINITY_DN2829_c0_g1/TRINITY_DN17600_c0_g1	2	interaction_vs_self	significant	down	CC	FALSE
GO:0000315	organellar large ribosomal subunit	7/717	28/2946	0.25	1.02719665271967	0.0819971996562994	0.54037055932479	0.999999837360975	0.91484060115472	TRINITY_DN439_c0_g1/TRINITY_DN1375_c0_g1/TRINITY_DN1726_c0_g1/TRINITY_DN2413_c0_g1/TRINITY_DN2474_c0_g1/TRINITY_DN3737_c0_g1/TRINITY_DN18254_c0_g1	7	interaction_vs_self	significant	down	CC	FALSE
GO:0005762	mitochondrial large ribosomal subunit	7/717	28/2946	0.25	1.02719665271967	0.0819971996562994	0.54037055932479	0.999999837360975	0.91484060115472	TRINITY_DN439_c0_g1/TRINITY_DN1375_c0_g1/TRINITY_DN1726_c0_g1/TRINITY_DN2413_c0_g1/TRINITY_DN2474_c0_g1/TRINITY_DN3737_c0_g1/TRINITY_DN18254_c0_g1	7	interaction_vs_self	significant	down	CC	FALSE
GO:0000779	condensed chromosome, centromeric region	12/717	49/2946	0.244897959183673	1.00623345572539	0.024951684174635	0.545773297383695	0.999999837360975	0.91484060115472	TRINITY_DN258_c0_g1/TRINITY_DN1321_c0_g1/TRINITY_DN1361_c1_g1/TRINITY_DN1913_c0_g1/TRINITY_DN2214_c0_g1/TRINITY_DN2275_c0_g1/TRINITY_DN2726_c0_g1/TRINITY_DN3306_c0_g1/TRINITY_DN4419_c0_g1/TRINITY_DN8954_c0_g1/TRINITY_DN10866_c0_g1/TRINITY_DN18034_c0_g1	12	interaction_vs_self	significant	down	CC	FALSE
GO:0000974	Prp19 complex	4/717	16/2946	0.25	1.02719665271967	0.0618569966746038	0.571266036396774	0.999999837360975	0.91484060115472	TRINITY_DN2206_c0_g1/TRINITY_DN3414_c0_g1/TRINITY_DN12384_c0_g1/TRINITY_DN18485_c0_g1	4	interaction_vs_self	significant	down	CC	FALSE
GO:0051286	cell tip	38/717	159/2946	0.238993710691824	0.981974158574774	-0.132517372774608	0.584562729570518	0.999999837360975	0.91484060115472	TRINITY_DN57_c0_g1/TRINITY_DN165_c0_g1/TRINITY_DN207_c0_g1/TRINITY_DN241_c0_g1/TRINITY_DN258_c0_g1/TRINITY_DN685_c0_g1/TRINITY_DN703_c0_g1/TRINITY_DN814_c0_g1/TRINITY_DN898_c0_g1/TRINITY_DN1052_c0_g1/TRINITY_DN1321_c0_g1/TRINITY_DN1375_c0_g1/TRINITY_DN1661_c0_g1/TRINITY_DN1893_c0_g1/TRINITY_DN1924_c0_g1/TRINITY_DN2051_c0_g1/TRINITY_DN2350_c0_g1/TRINITY_DN2529_c0_g1/TRINITY_DN2619_c0_g1/TRINITY_DN2952_c0_g1/TRINITY_DN2997_c0_g1/TRINITY_DN3192_c0_g1/TRINITY_DN3199_c0_g1/TRINITY_DN3317_c0_g1/TRINITY_DN3352_c0_g1/TRINITY_DN3441_c0_g1/TRINITY_DN4158_c0_g1/TRINITY_DN4401_c0_g1/TRINITY_DN4631_c0_g1/TRINITY_DN5262_c0_g1/TRINITY_DN5322_c0_g1/TRINITY_DN6061_c0_g1/TRINITY_DN8992_c0_g1/TRINITY_DN10522_c0_g1/TRINITY_DN10562_c0_g1/TRINITY_DN17600_c0_g1/TRINITY_DN17683_c1_g1/TRINITY_DN17886_c0_g1	38	interaction_vs_self	significant	down	CC	FALSE
GO:0035097	histone methyltransferase complex	3/717	12/2946	0.25	1.02719665271967	0.0535332015504847	0.588923450681758	0.999999837360975	0.91484060115472	TRINITY_DN1308_c0_g1/TRINITY_DN4629_c0_g1/TRINITY_DN14175_c0_g1	3	interaction_vs_self	significant	down	CC	FALSE
GO:0000935	division septum	6/717	25/2946	0.24	0.986108786610879	-0.0395541086142125	0.592835720449798	0.999999837360975	0.91484060115472	TRINITY_DN57_c0_g1/TRINITY_DN703_c0_g1/TRINITY_DN961_c0_g1/TRINITY_DN3997_c0_g1/TRINITY_DN4401_c0_g1/TRINITY_DN10562_c0_g1	6	interaction_vs_self	significant	down	CC	FALSE
GO:0005938	cell cortex	43/717	181/2946	0.237569060773481	0.976120576065096	-0.188045419212799	0.604450697256074	0.999999837360975	0.91484060115472	TRINITY_DN57_c0_g1/TRINITY_DN241_c0_g1/TRINITY_DN414_c0_g1/TRINITY_DN546_c0_g1/TRINITY_DN814_c0_g1/TRINITY_DN876_c0_g1/TRINITY_DN961_c0_g1/TRINITY_DN1006_c0_g2/TRINITY_DN1057_c0_g1/TRINITY_DN1170_c0_g2/TRINITY_DN1321_c0_g1/TRINITY_DN1363_c0_g1/TRINITY_DN1375_c0_g1/TRINITY_DN1661_c0_g1/TRINITY_DN1745_c0_g1/TRINITY_DN1913_c0_g1/TRINITY_DN2051_c0_g1/TRINITY_DN2214_c0_g1/TRINITY_DN2350_c0_g1/TRINITY_DN2369_c0_g1/TRINITY_DN2401_c0_g1/TRINITY_DN2529_c0_g1/TRINITY_DN2551_c0_g1/TRINITY_DN2726_c0_g1/TRINITY_DN2997_c0_g1/TRINITY_DN3199_c0_g1/TRINITY_DN3317_c0_g1/TRINITY_DN3441_c0_g1/TRINITY_DN3628_c0_g1/TRINITY_DN3670_c0_g1/TRINITY_DN3997_c0_g1/TRINITY_DN4158_c0_g1/TRINITY_DN4631_c0_g1/TRINITY_DN4681_c0_g1/TRINITY_DN5262_c0_g1/TRINITY_DN6061_c0_g1/TRINITY_DN6594_c0_g2/TRINITY_DN7955_c0_g1/TRINITY_DN10562_c0_g1/TRINITY_DN14313_c0_g1/TRINITY_DN17683_c1_g1/TRINITY_DN17886_c0_g1/TRINITY_DN18034_c0_g1	43	interaction_vs_self	significant	down	CC	FALSE
GO:0001411	hyphal tip	5/717	21/2946	0.238095238095238	0.978282526399681	-0.0566373868520686	0.606369681898601	0.999999837360975	0.91484060115472	TRINITY_DN207_c0_g1/TRINITY_DN1052_c0_g1/TRINITY_DN1375_c0_g1/TRINITY_DN2997_c0_g1/TRINITY_DN4401_c0_g1	5	interaction_vs_self	significant	down	CC	FALSE
GO:0000923	equatorial microtubule organizing center	2/717	8/2946	0.25	1.02719665271967	0.0436799111828509	0.616515240384053	0.999999837360975	0.91484060115472	TRINITY_DN2551_c0_g1/TRINITY_DN8954_c0_g1	2	interaction_vs_self	significant	down	CC	FALSE
GO:0005832	chaperonin-containing T-complex	2/717	8/2946	0.25	1.02719665271967	0.0436799111828509	0.616515240384053	0.999999837360975	0.91484060115472	TRINITY_DN3116_c0_g1/TRINITY_DN3693_c0_g1	2	interaction_vs_self	significant	down	CC	FALSE
GO:0031932	TORC2 complex	2/717	8/2946	0.25	1.02719665271967	0.0436799111828509	0.616515240384053	0.999999837360975	0.91484060115472	TRINITY_DN4357_c0_g1/TRINITY_DN4556_c0_g1	2	interaction_vs_self	significant	down	CC	FALSE
GO:0071007	U2-type catalytic step 2 spliceosome	2/717	8/2946	0.25	1.02719665271967	0.0436799111828509	0.616515240384053	0.999999837360975	0.91484060115472	TRINITY_DN2206_c0_g1/TRINITY_DN18485_c0_g1	2	interaction_vs_self	significant	down	CC	FALSE
GO:0090576	RNA polymerase III transcription regulator complex	2/717	8/2946	0.25	1.02719665271967	0.0436799111828509	0.616515240384053	0.999999837360975	0.91484060115472	TRINITY_DN429_c0_g1/TRINITY_DN1416_c0_g1	2	interaction_vs_self	significant	down	CC	FALSE
GO:0000228	nuclear chromosome	86/717	361/2946	0.238227146814404	0.97882451117885	-0.243558878092222	0.618416294963811	0.999999837360975	0.91484060115472	TRINITY_DN3_c0_g1/TRINITY_DN57_c0_g1/TRINITY_DN143_c0_g1/TRINITY_DN243_c0_g1/TRINITY_DN258_c0_g1/TRINITY_DN328_c0_g1/TRINITY_DN334_c0_g1/TRINITY_DN425_c0_g1/TRINITY_DN462_c0_g1/TRINITY_DN464_c1_g1/TRINITY_DN494_c0_g1/TRINITY_DN559_c0_g1/TRINITY_DN705_c0_g1/TRINITY_DN834_c0_g1/TRINITY_DN886_c0_g1/TRINITY_DN995_c0_g1/TRINITY_DN1056_c0_g1/TRINITY_DN1146_c0_g1/TRINITY_DN1185_c0_g1/TRINITY_DN1286_c0_g1/TRINITY_DN1308_c0_g1/TRINITY_DN1321_c0_g1/TRINITY_DN1358_c0_g1/TRINITY_DN1361_c1_g1/TRINITY_DN1375_c0_g1/TRINITY_DN1386_c0_g1/TRINITY_DN1416_c0_g1/TRINITY_DN1516_c0_g1/TRINITY_DN1543_c0_g1/TRINITY_DN1689_c0_g1/TRINITY_DN1691_c0_g1/TRINITY_DN1819_c0_g1/TRINITY_DN1913_c0_g1/TRINITY_DN1991_c0_g1/TRINITY_DN2075_c0_g1/TRINITY_DN2082_c0_g2/TRINITY_DN2101_c0_g1/TRINITY_DN2153_c0_g1/TRINITY_DN2213_c0_g1/TRINITY_DN2214_c0_g1/TRINITY_DN2262_c0_g1/TRINITY_DN2275_c0_g1/TRINITY_DN2483_c0_g1/TRINITY_DN2726_c0_g1/TRINITY_DN2743_c0_g1/TRINITY_DN2829_c0_g1/TRINITY_DN3129_c0_g1/TRINITY_DN3306_c0_g1/TRINITY_DN3742_c0_g1/TRINITY_DN3756_c0_g1/TRINITY_DN4182_c0_g1/TRINITY_DN4205_c0_g1/TRINITY_DN4357_c0_g1/TRINITY_DN4414_c0_g1/TRINITY_DN4419_c0_g1/TRINITY_DN4556_c0_g1/TRINITY_DN4602_c0_g1/TRINITY_DN4627_c0_g1/TRINITY_DN4629_c0_g1/TRINITY_DN4655_c0_g1/TRINITY_DN4681_c0_g1/TRINITY_DN4742_c0_g1/TRINITY_DN4892_c1_g1/TRINITY_DN5851_c0_g1/TRINITY_DN5926_c0_g1/TRINITY_DN6998_c0_g1/TRINITY_DN8771_c0_g1/TRINITY_DN8861_c0_g1/TRINITY_DN8927_c0_g1/TRINITY_DN8941_c0_g1/TRINITY_DN8954_c0_g1/TRINITY_DN10690_c0_g1/TRINITY_DN10709_c0_g1/TRINITY_DN10815_c0_g1/TRINITY_DN10866_c0_g1/TRINITY_DN12289_c0_g1/TRINITY_DN12376_c0_g1/TRINITY_DN12384_c0_g1/TRINITY_DN12501_c0_g1/TRINITY_DN14175_c0_g1/TRINITY_DN15855_c0_g1/TRINITY_DN15939_c0_g1/TRINITY_DN16075_c0_g1/TRINITY_DN17609_c0_g1/TRINITY_DN18034_c0_g1/TRINITY_DN18341_c0_g1	86	interaction_vs_self	significant	down	CC	FALSE
GO:0099568	cytoplasmic region	43/717	182/2946	0.236263736263736	0.970757276196607	-0.230957298075635	0.620936081593616	0.999999837360975	0.91484060115472	TRINITY_DN57_c0_g1/TRINITY_DN241_c0_g1/TRINITY_DN414_c0_g1/TRINITY_DN546_c0_g1/TRINITY_DN814_c0_g1/TRINITY_DN876_c0_g1/TRINITY_DN961_c0_g1/TRINITY_DN1006_c0_g2/TRINITY_DN1057_c0_g1/TRINITY_DN1170_c0_g2/TRINITY_DN1321_c0_g1/TRINITY_DN1363_c0_g1/TRINITY_DN1375_c0_g1/TRINITY_DN1661_c0_g1/TRINITY_DN1745_c0_g1/TRINITY_DN1913_c0_g1/TRINITY_DN2051_c0_g1/TRINITY_DN2214_c0_g1/TRINITY_DN2350_c0_g1/TRINITY_DN2369_c0_g1/TRINITY_DN2401_c0_g1/TRINITY_DN2529_c0_g1/TRINITY_DN2551_c0_g1/TRINITY_DN2726_c0_g1/TRINITY_DN2997_c0_g1/TRINITY_DN3199_c0_g1/TRINITY_DN3317_c0_g1/TRINITY_DN3441_c0_g1/TRINITY_DN3628_c0_g1/TRINITY_DN3670_c0_g1/TRINITY_DN3997_c0_g1/TRINITY_DN4158_c0_g1/TRINITY_DN4631_c0_g1/TRINITY_DN4681_c0_g1/TRINITY_DN5262_c0_g1/TRINITY_DN6061_c0_g1/TRINITY_DN6594_c0_g2/TRINITY_DN7955_c0_g1/TRINITY_DN10562_c0_g1/TRINITY_DN14313_c0_g1/TRINITY_DN17683_c1_g1/TRINITY_DN17886_c0_g1/TRINITY_DN18034_c0_g1	43	interaction_vs_self	significant	down	CC	FALSE
GO:0098562	cytoplasmic side of membrane	7/717	30/2946	0.233333333333333	0.958716875871688	-0.128880323071677	0.62135480885443	0.999999837360975	0.91484060115472	TRINITY_DN693_c0_g1/TRINITY_DN1924_c0_g1/TRINITY_DN2997_c0_g1/TRINITY_DN4401_c0_g1/TRINITY_DN4556_c0_g1/TRINITY_DN4861_c1_g1/TRINITY_DN17683_c1_g1	7	interaction_vs_self	significant	down	CC	FALSE
GO:0000776	kinetochore	12/717	52/2946	0.230769230769231	0.948181525587383	-0.213788442995752	0.637837371329056	0.999999837360975	0.91484060115472	TRINITY_DN258_c0_g1/TRINITY_DN1321_c0_g1/TRINITY_DN1361_c1_g1/TRINITY_DN1913_c0_g1/TRINITY_DN2214_c0_g1/TRINITY_DN2275_c0_g1/TRINITY_DN2726_c0_g1/TRINITY_DN3254_c0_g1/TRINITY_DN3306_c0_g1/TRINITY_DN4419_c0_g1/TRINITY_DN8954_c0_g1/TRINITY_DN18034_c0_g1	12	interaction_vs_self	significant	down	CC	FALSE
GO:0030134	COPII-coated ER to Golgi transport vesicle	8/717	35/2946	0.228571428571429	0.939151225343694	-0.205358153014936	0.645803993263833	0.999999837360975	0.91484060115472	TRINITY_DN705_c0_g1/TRINITY_DN1270_c0_g1/TRINITY_DN2523_c0_g1/TRINITY_DN3192_c0_g1/TRINITY_DN3196_c0_g1/TRINITY_DN3338_c0_g1/TRINITY_DN4923_c0_g1/TRINITY_DN9171_c0_g1	8	interaction_vs_self	significant	down	CC	FALSE
GO:0000785	chromatin	70/717	297/2946	0.235690235690236	0.968400884718876	-0.325656208312899	0.651239920590694	0.999999837360975	0.91484060115472	TRINITY_DN3_c0_g1/TRINITY_DN57_c0_g1/TRINITY_DN243_c0_g1/TRINITY_DN328_c0_g1/TRINITY_DN334_c0_g1/TRINITY_DN425_c0_g1/TRINITY_DN462_c0_g1/TRINITY_DN464_c1_g1/TRINITY_DN494_c0_g1/TRINITY_DN499_c0_g1/TRINITY_DN559_c0_g1/TRINITY_DN705_c0_g1/TRINITY_DN834_c0_g1/TRINITY_DN1185_c0_g1/TRINITY_DN1286_c0_g1/TRINITY_DN1308_c0_g1/TRINITY_DN1375_c0_g1/TRINITY_DN1386_c0_g1/TRINITY_DN1416_c0_g1/TRINITY_DN1516_c0_g1/TRINITY_DN1543_c0_g1/TRINITY_DN1689_c0_g1/TRINITY_DN1819_c0_g1/TRINITY_DN1991_c0_g1/TRINITY_DN2075_c0_g1/TRINITY_DN2082_c0_g2/TRINITY_DN2101_c0_g1/TRINITY_DN2153_c0_g1/TRINITY_DN2213_c0_g1/TRINITY_DN2262_c0_g1/TRINITY_DN2483_c0_g1/TRINITY_DN2743_c0_g1/TRINITY_DN2829_c0_g1/TRINITY_DN3129_c0_g1/TRINITY_DN3742_c0_g1/TRINITY_DN3756_c0_g1/TRINITY_DN4182_c0_g1/TRINITY_DN4205_c0_g1/TRINITY_DN4357_c0_g1/TRINITY_DN4414_c0_g1/TRINITY_DN4556_c0_g1/TRINITY_DN4602_c0_g1/TRINITY_DN4627_c0_g1/TRINITY_DN4629_c0_g1/TRINITY_DN4631_c0_g1/TRINITY_DN4655_c0_g1/TRINITY_DN4681_c0_g1/TRINITY_DN4742_c0_g1/TRINITY_DN4892_c1_g1/TRINITY_DN4923_c0_g1/TRINITY_DN5126_c0_g1/TRINITY_DN5851_c0_g1/TRINITY_DN5926_c0_g1/TRINITY_DN6998_c0_g1/TRINITY_DN8771_c0_g1/TRINITY_DN8861_c0_g1/TRINITY_DN8863_c0_g1/TRINITY_DN8941_c0_g1/TRINITY_DN10709_c0_g1/TRINITY_DN10815_c0_g1/TRINITY_DN12289_c0_g1/TRINITY_DN12376_c0_g1/TRINITY_DN12384_c0_g1/TRINITY_DN12501_c0_g1/TRINITY_DN14175_c0_g1/TRINITY_DN15855_c0_g1/TRINITY_DN15939_c0_g1/TRINITY_DN16075_c0_g1/TRINITY_DN17609_c0_g1/TRINITY_DN18341_c0_g1	70	interaction_vs_self	significant	down	CC	FALSE
GO:0005849	mRNA cleavage factor complex	4/717	18/2946	0.222222222222222	0.913063691306369	-0.209796918829332	0.671951132669427	0.999999837360975	0.91484060115472	TRINITY_DN2909_c0_g1/TRINITY_DN3571_c0_g1/TRINITY_DN3663_c0_g1/TRINITY_DN4742_c1_g1	4	interaction_vs_self	significant	down	CC	FALSE
GO:0005875	microtubule associated complex	4/717	18/2946	0.222222222222222	0.913063691306369	-0.209796918829332	0.671951132669427	0.999999837360975	0.91484060115472	TRINITY_DN2214_c0_g1/TRINITY_DN2726_c0_g1/TRINITY_DN3199_c0_g1/TRINITY_DN4852_c0_g1	4	interaction_vs_self	significant	down	CC	FALSE
GO:0005771	multivesicular body	2/717	9/2946	0.222222222222222	0.913063691306369	-0.14812135311824	0.683877174408874	0.999999837360975	0.91484060115472	TRINITY_DN4643_c0_g1/TRINITY_DN9171_c0_g1	2	interaction_vs_self	significant	down	CC	FALSE
GO:0008540	proteasome regulatory particle, base subcomplex	2/717	9/2946	0.222222222222222	0.913063691306369	-0.14812135311824	0.683877174408874	0.999999837360975	0.91484060115472	TRINITY_DN2960_c0_g1/TRINITY_DN3830_c0_g1	2	interaction_vs_self	significant	down	CC	FALSE
GO:0030008	TRAPP complex	2/717	9/2946	0.222222222222222	0.913063691306369	-0.14812135311824	0.683877174408874	0.999999837360975	0.91484060115472	TRINITY_DN2829_c0_g1/TRINITY_DN17600_c0_g1	2	interaction_vs_self	significant	down	CC	FALSE
GO:0038201	TOR complex	2/717	9/2946	0.222222222222222	0.913063691306369	-0.14812135311824	0.683877174408874	0.999999837360975	0.91484060115472	TRINITY_DN4357_c0_g1/TRINITY_DN4556_c0_g1	2	interaction_vs_self	significant	down	CC	FALSE
GO:0071561	nucleus-vacuole junction	2/717	9/2946	0.222222222222222	0.913063691306369	-0.14812135311824	0.683877174408874	0.999999837360975	0.91484060115472	TRINITY_DN227_c0_g1/TRINITY_DN1363_c0_g1	2	interaction_vs_self	significant	down	CC	FALSE
GO:0012506	vesicle membrane	9/717	41/2946	0.219512195121951	0.901928768241657	-0.358597851456131	0.698070252268372	0.999999837360975	0.91484060115472	TRINITY_DN1329_c0_g1/TRINITY_DN2523_c0_g1/TRINITY_DN3192_c0_g1/TRINITY_DN3526_c0_g1/TRINITY_DN4408_c0_g1/TRINITY_DN5851_c0_g1/TRINITY_DN7264_c1_g1/TRINITY_DN7955_c0_g1/TRINITY_DN17715_c0_g1	9	interaction_vs_self	significant	down	CC	FALSE
GO:0030659	cytoplasmic vesicle membrane	9/717	41/2946	0.219512195121951	0.901928768241657	-0.358597851456131	0.698070252268372	0.999999837360975	0.91484060115472	TRINITY_DN1329_c0_g1/TRINITY_DN2523_c0_g1/TRINITY_DN3192_c0_g1/TRINITY_DN3526_c0_g1/TRINITY_DN4408_c0_g1/TRINITY_DN5851_c0_g1/TRINITY_DN7264_c1_g1/TRINITY_DN7955_c0_g1/TRINITY_DN17715_c0_g1	9	interaction_vs_self	significant	down	CC	FALSE
GO:0000812	Swr1 complex	3/717	14/2946	0.214285714285714	0.880454273759713	-0.254251358860238	0.699968563164242	0.999999837360975	0.91484060115472	TRINITY_DN1375_c0_g1/TRINITY_DN1991_c0_g1/TRINITY_DN3129_c0_g1	3	interaction_vs_self	significant	down	CC	FALSE
GO:0016604	nuclear body	3/717	14/2946	0.214285714285714	0.880454273759713	-0.254251358860238	0.699968563164242	0.999999837360975	0.91484060115472	TRINITY_DN2825_c0_g1/TRINITY_DN4892_c1_g1/TRINITY_DN10839_c0_g1	3	interaction_vs_self	significant	down	CC	FALSE
GO:0019897	extrinsic component of plasma membrane	3/717	14/2946	0.214285714285714	0.880454273759713	-0.254251358860238	0.699968563164242	0.999999837360975	0.91484060115472	TRINITY_DN1661_c0_g1/TRINITY_DN4401_c0_g1/TRINITY_DN4556_c0_g1	3	interaction_vs_self	significant	down	CC	FALSE
GO:0035267	NuA4 histone acetyltransferase complex	3/717	14/2946	0.214285714285714	0.880454273759713	-0.254251358860238	0.699968563164242	0.999999837360975	0.91484060115472	TRINITY_DN1375_c0_g1/TRINITY_DN1991_c0_g1/TRINITY_DN3129_c0_g1	3	interaction_vs_self	significant	down	CC	FALSE
GO:0043189	H4/H2A histone acetyltransferase complex	3/717	14/2946	0.214285714285714	0.880454273759713	-0.254251358860238	0.699968563164242	0.999999837360975	0.91484060115472	TRINITY_DN1375_c0_g1/TRINITY_DN1991_c0_g1/TRINITY_DN3129_c0_g1	3	interaction_vs_self	significant	down	CC	FALSE
GO:0005775	vacuolar lumen	4/717	19/2946	0.210526315789474	0.865007707553402	-0.334750785704736	0.715714875742591	0.999999837360975	0.91484060115472	TRINITY_DN4643_c0_g1/TRINITY_DN9171_c0_g1/TRINITY_DN11176_c0_g1/TRINITY_DN15974_c0_g1	4	interaction_vs_self	significant	down	CC	FALSE
GO:0032156	septin cytoskeleton	5/717	24/2946	0.208333333333333	0.855997210599721	-0.401683148848372	0.73041704720167	0.999999837360975	0.91484060115472	TRINITY_DN814_c0_g1/TRINITY_DN876_c0_g1/TRINITY_DN1006_c0_g2/TRINITY_DN4681_c0_g1/TRINITY_DN17683_c1_g1	5	interaction_vs_self	significant	down	CC	FALSE
GO:0000153	cytoplasmic ubiquitin ligase complex	2/717	10/2946	0.2	0.821757322175732	-0.320170169329967	0.741210505896292	0.999999837360975	0.91484060115472	TRINITY_DN2031_c0_g1/TRINITY_DN3755_c0_g1	2	interaction_vs_self	significant	down	CC	FALSE
GO:0005637	nuclear inner membrane	2/717	10/2946	0.2	0.821757322175732	-0.320170169329967	0.741210505896292	0.999999837360975	0.91484060115472	TRINITY_DN778_c0_g2/TRINITY_DN3512_c0_g1	2	interaction_vs_self	significant	down	CC	FALSE
GO:0005736	RNA polymerase I complex	2/717	10/2946	0.2	0.821757322175732	-0.320170169329967	0.741210505896292	0.999999837360975	0.91484060115472	TRINITY_DN1057_c0_g1/TRINITY_DN6998_c0_g1	2	interaction_vs_self	significant	down	CC	FALSE
GO:0030014	CCR4-NOT complex	2/717	10/2946	0.2	0.821757322175732	-0.320170169329967	0.741210505896292	0.999999837360975	0.91484060115472	TRINITY_DN275_c0_g1/TRINITY_DN3306_c0_g1	2	interaction_vs_self	significant	down	CC	FALSE
GO:0030015	CCR4-NOT core complex	2/717	10/2946	0.2	0.821757322175732	-0.320170169329967	0.741210505896292	0.999999837360975	0.91484060115472	TRINITY_DN275_c0_g1/TRINITY_DN3306_c0_g1	2	interaction_vs_self	significant	down	CC	FALSE
GO:0030127	COPII vesicle coat	2/717	10/2946	0.2	0.821757322175732	-0.320170169329967	0.741210505896292	0.999999837360975	0.91484060115472	TRINITY_DN2523_c0_g1/TRINITY_DN3192_c0_g1	2	interaction_vs_self	significant	down	CC	FALSE
GO:0031234	extrinsic component of cytoplasmic side of plasma membrane	2/717	10/2946	0.2	0.821757322175732	-0.320170169329967	0.741210505896292	0.999999837360975	0.91484060115472	TRINITY_DN4401_c0_g1/TRINITY_DN4556_c0_g1	2	interaction_vs_self	significant	down	CC	FALSE
GO:0090726	cortical dynamic polarity patch	2/717	10/2946	0.2	0.821757322175732	-0.320170169329967	0.741210505896292	0.999999837360975	0.91484060115472	TRINITY_DN5262_c0_g1/TRINITY_DN10562_c0_g1	2	interaction_vs_self	significant	down	CC	FALSE
GO:0005847	mRNA cleavage and polyadenylation specificity factor complex	3/717	15/2946	0.2	0.821757322175732	-0.392461095345675	0.746231391954462	0.999999837360975	0.91484060115472	TRINITY_DN2909_c0_g1/TRINITY_DN3663_c0_g1/TRINITY_DN4742_c1_g1	3	interaction_vs_self	significant	down	CC	FALSE
GO:0009897	external side of plasma membrane	3/717	15/2946	0.2	0.821757322175732	-0.392461095345675	0.746231391954462	0.999999837360975	0.91484060115472	TRINITY_DN693_c0_g1/TRINITY_DN761_c0_g1/TRINITY_DN1561_c0_g1	3	interaction_vs_self	significant	down	CC	FALSE
GO:0031011	Ino80 complex	3/717	15/2946	0.2	0.821757322175732	-0.392461095345675	0.746231391954462	0.999999837360975	0.91484060115472	TRINITY_DN1375_c0_g1/TRINITY_DN1991_c0_g1/TRINITY_DN3129_c0_g1	3	interaction_vs_self	significant	down	CC	FALSE
GO:0032541	cortical endoplasmic reticulum	3/717	15/2946	0.2	0.821757322175732	-0.392461095345675	0.746231391954462	0.999999837360975	0.91484060115472	TRINITY_DN1363_c0_g1/TRINITY_DN6594_c0_g2/TRINITY_DN14313_c0_g1	3	interaction_vs_self	significant	down	CC	FALSE
GO:0005694	chromosome	95/717	411/2946	0.231143552311436	0.949719532928158	-0.623129663026395	0.752083768742064	0.999999837360975	0.91484060115472	TRINITY_DN3_c0_g1/TRINITY_DN57_c0_g1/TRINITY_DN75_c1_g1/TRINITY_DN143_c0_g1/TRINITY_DN222_c0_g1/TRINITY_DN243_c0_g1/TRINITY_DN258_c0_g1/TRINITY_DN328_c0_g1/TRINITY_DN334_c0_g1/TRINITY_DN425_c0_g1/TRINITY_DN462_c0_g1/TRINITY_DN464_c1_g1/TRINITY_DN494_c0_g1/TRINITY_DN499_c0_g1/TRINITY_DN559_c0_g1/TRINITY_DN705_c0_g1/TRINITY_DN834_c0_g1/TRINITY_DN886_c0_g1/TRINITY_DN995_c0_g1/TRINITY_DN1056_c0_g1/TRINITY_DN1146_c0_g1/TRINITY_DN1185_c0_g1/TRINITY_DN1286_c0_g1/TRINITY_DN1308_c0_g1/TRINITY_DN1321_c0_g1/TRINITY_DN1358_c0_g1/TRINITY_DN1361_c1_g1/TRINITY_DN1375_c0_g1/TRINITY_DN1386_c0_g1/TRINITY_DN1416_c0_g1/TRINITY_DN1516_c0_g1/TRINITY_DN1543_c0_g1/TRINITY_DN1689_c0_g1/TRINITY_DN1691_c0_g1/TRINITY_DN1819_c0_g1/TRINITY_DN1913_c0_g1/TRINITY_DN1991_c0_g1/TRINITY_DN2075_c0_g1/TRINITY_DN2082_c0_g2/TRINITY_DN2101_c0_g1/TRINITY_DN2153_c0_g1/TRINITY_DN2213_c0_g1/TRINITY_DN2214_c0_g1/TRINITY_DN2262_c0_g1/TRINITY_DN2275_c0_g1/TRINITY_DN2483_c0_g1/TRINITY_DN2726_c0_g1/TRINITY_DN2743_c0_g1/TRINITY_DN2829_c0_g1/TRINITY_DN3129_c0_g1/TRINITY_DN3254_c0_g1/TRINITY_DN3306_c0_g1/TRINITY_DN3742_c0_g1/TRINITY_DN3756_c0_g1/TRINITY_DN4182_c0_g1/TRINITY_DN4205_c0_g1/TRINITY_DN4357_c0_g1/TRINITY_DN4414_c0_g1/TRINITY_DN4419_c0_g1/TRINITY_DN4556_c0_g1/TRINITY_DN4602_c0_g1/TRINITY_DN4627_c0_g1/TRINITY_DN4629_c0_g1/TRINITY_DN4631_c0_g1/TRINITY_DN4655_c0_g1/TRINITY_DN4681_c0_g1/TRINITY_DN4742_c0_g1/TRINITY_DN4892_c1_g1/TRINITY_DN4923_c0_g1/TRINITY_DN5126_c0_g1/TRINITY_DN5851_c0_g1/TRINITY_DN5926_c0_g1/TRINITY_DN6998_c0_g1/TRINITY_DN8771_c0_g1/TRINITY_DN8861_c0_g1/TRINITY_DN8863_c0_g1/TRINITY_DN8927_c0_g1/TRINITY_DN8941_c0_g1/TRINITY_DN8954_c0_g1/TRINITY_DN10690_c0_g1/TRINITY_DN10709_c0_g1/TRINITY_DN10815_c0_g1/TRINITY_DN10866_c0_g1/TRINITY_DN12289_c0_g1/TRINITY_DN12376_c0_g1/TRINITY_DN12384_c0_g1/TRINITY_DN12501_c0_g1/TRINITY_DN14175_c0_g1/TRINITY_DN15855_c0_g1/TRINITY_DN15939_c0_g1/TRINITY_DN16075_c0_g1/TRINITY_DN17609_c0_g1/TRINITY_DN17793_c0_g1/TRINITY_DN18034_c0_g1/TRINITY_DN18341_c0_g1	95	interaction_vs_self	significant	down	CC	FALSE
GO:0000136	mannan polymerase complex	1/717	5/2946	0.2	0.821757322175732	-0.226201969132435	0.752308062934474	0.999999837360975	0.91484060115472	TRINITY_DN1270_c0_g1	1	interaction_vs_self	significant	down	CC	FALSE
GO:0000164	protein phosphatase type 1 complex	1/717	5/2946	0.2	0.821757322175732	-0.226201969132435	0.752308062934474	0.999999837360975	0.91484060115472	TRINITY_DN1646_c0_g1	1	interaction_vs_self	significant	down	CC	FALSE
GO:0000837	Doa10p ubiquitin ligase complex	1/717	5/2946	0.2	0.821757322175732	-0.226201969132435	0.752308062934474	0.999999837360975	0.91484060115472	TRINITY_DN3755_c0_g1	1	interaction_vs_self	significant	down	CC	FALSE
GO:0005813	centrosome	1/717	5/2946	0.2	0.821757322175732	-0.226201969132435	0.752308062934474	0.999999837360975	0.91484060115472	TRINITY_DN10839_c0_g1	1	interaction_vs_self	significant	down	CC	FALSE
GO:0012510	trans-Golgi network transport vesicle membrane	1/717	5/2946	0.2	0.821757322175732	-0.226201969132435	0.752308062934474	0.999999837360975	0.91484060115472	TRINITY_DN1329_c0_g1	1	interaction_vs_self	significant	down	CC	FALSE
GO:0017119	Golgi transport complex	1/717	5/2946	0.2	0.821757322175732	-0.226201969132435	0.752308062934474	0.999999837360975	0.91484060115472	TRINITY_DN3526_c0_g1	1	interaction_vs_self	significant	down	CC	FALSE
GO:0031414	N-terminal protein acetyltransferase complex	1/717	5/2946	0.2	0.821757322175732	-0.226201969132435	0.752308062934474	0.999999837360975	0.91484060115472	TRINITY_DN189_c0_g1	1	interaction_vs_self	significant	down	CC	FALSE
GO:0031465	Cul4B-RING E3 ubiquitin ligase complex	1/717	5/2946	0.2	0.821757322175732	-0.226201969132435	0.752308062934474	0.999999837360975	0.91484060115472	TRINITY_DN14175_c0_g1	1	interaction_vs_self	significant	down	CC	FALSE
GO:0032160	septin filament array	1/717	5/2946	0.2	0.821757322175732	-0.226201969132435	0.752308062934474	0.999999837360975	0.91484060115472	TRINITY_DN1006_c0_g2	1	interaction_vs_self	significant	down	CC	FALSE
GO:0042721	TIM22 mitochondrial import inner membrane insertion complex	1/717	5/2946	0.2	0.821757322175732	-0.226201969132435	0.752308062934474	0.999999837360975	0.91484060115472	TRINITY_DN1613_c0_g1	1	interaction_vs_self	significant	down	CC	FALSE
GO:0043494	CLRC complex	1/717	5/2946	0.2	0.821757322175732	-0.226201969132435	0.752308062934474	0.999999837360975	0.91484060115472	TRINITY_DN14175_c0_g1	1	interaction_vs_self	significant	down	CC	FALSE
GO:0070772	PAS complex	1/717	5/2946	0.2	0.821757322175732	-0.226201969132435	0.752308062934474	0.999999837360975	0.91484060115472	TRINITY_DN1906_c0_g1	1	interaction_vs_self	significant	down	CC	FALSE
GO:0071008	U2-type post-mRNA release spliceosomal complex	1/717	5/2946	0.2	0.821757322175732	-0.226201969132435	0.752308062934474	0.999999837360975	0.91484060115472	TRINITY_DN18485_c0_g1	1	interaction_vs_self	significant	down	CC	FALSE
GO:0072379	ER membrane insertion complex	1/717	5/2946	0.2	0.821757322175732	-0.226201969132435	0.752308062934474	0.999999837360975	0.91484060115472	TRINITY_DN4816_c0_g1	1	interaction_vs_self	significant	down	CC	FALSE
GO:0072380	TRC complex	1/717	5/2946	0.2	0.821757322175732	-0.226201969132435	0.752308062934474	0.999999837360975	0.91484060115472	TRINITY_DN4816_c0_g1	1	interaction_vs_self	significant	down	CC	FALSE
GO:0090443	FAR/SIN/STRIPAK complex	1/717	5/2946	0.2	0.821757322175732	-0.226201969132435	0.752308062934474	0.999999837360975	0.91484060115472	TRINITY_DN4782_c0_g1	1	interaction_vs_self	significant	down	CC	FALSE
GO:1990070	TRAPPI protein complex	1/717	5/2946	0.2	0.821757322175732	-0.226201969132435	0.752308062934474	0.999999837360975	0.91484060115472	TRINITY_DN2829_c0_g1	1	interaction_vs_self	significant	down	CC	FALSE
GO:0034708	methyltransferase complex	4/717	20/2946	0.2	0.821757322175732	-0.453562069535046	0.755024869253773	0.999999837360975	0.91484060115472	TRINITY_DN317_c0_g1/TRINITY_DN1308_c0_g1/TRINITY_DN4629_c0_g1/TRINITY_DN14175_c0_g1	4	interaction_vs_self	significant	down	CC	FALSE
GO:0005777	peroxisome	13/717	62/2946	0.209677419354839	0.861519773248752	-0.624932593341212	0.777661562122557	0.999999837360975	0.91484060115472	TRINITY_DN8_c0_g1/TRINITY_DN227_c0_g1/TRINITY_DN660_c0_g1/TRINITY_DN1182_c0_g1/TRINITY_DN2526_c0_g1/TRINITY_DN2526_c0_g2/TRINITY_DN2677_c0_g1/TRINITY_DN4176_c0_g1/TRINITY_DN4401_c0_g1/TRINITY_DN5508_c0_g1/TRINITY_DN5982_c0_g1/TRINITY_DN10839_c0_g1/TRINITY_DN16054_c0_g1	13	interaction_vs_self	significant	down	CC	FALSE
GO:0042579	microbody	13/717	62/2946	0.209677419354839	0.861519773248752	-0.624932593341212	0.777661562122557	0.999999837360975	0.91484060115472	TRINITY_DN8_c0_g1/TRINITY_DN227_c0_g1/TRINITY_DN660_c0_g1/TRINITY_DN1182_c0_g1/TRINITY_DN2526_c0_g1/TRINITY_DN2526_c0_g2/TRINITY_DN2677_c0_g1/TRINITY_DN4176_c0_g1/TRINITY_DN4401_c0_g1/TRINITY_DN5508_c0_g1/TRINITY_DN5982_c0_g1/TRINITY_DN10839_c0_g1/TRINITY_DN16054_c0_g1	13	interaction_vs_self	significant	down	CC	FALSE
GO:0098552	side of membrane	9/717	44/2946	0.204545454545455	0.840433624952453	-0.604736533913268	0.779251932328409	0.999999837360975	0.91484060115472	TRINITY_DN693_c0_g1/TRINITY_DN761_c0_g1/TRINITY_DN1561_c0_g1/TRINITY_DN1924_c0_g1/TRINITY_DN2997_c0_g1/TRINITY_DN4401_c0_g1/TRINITY_DN4556_c0_g1/TRINITY_DN4861_c1_g1/TRINITY_DN17683_c1_g1	9	interaction_vs_self	significant	down	CC	FALSE
GO:0000328	fungal-type vacuole lumen	3/717	16/2946	0.1875	0.770397489539749	-0.52221579884906	0.786608012467775	0.999999837360975	0.91484060115472	TRINITY_DN4643_c0_g1/TRINITY_DN9171_c0_g1/TRINITY_DN15974_c0_g1	3	interaction_vs_self	significant	down	CC	FALSE
GO:0000399	cellular bud neck septin structure	3/717	16/2946	0.1875	0.770397489539749	-0.52221579884906	0.786608012467775	0.999999837360975	0.91484060115472	TRINITY_DN814_c0_g1/TRINITY_DN1006_c0_g2/TRINITY_DN17683_c1_g1	3	interaction_vs_self	significant	down	CC	FALSE
GO:0036452	ESCRT complex	3/717	16/2946	0.1875	0.770397489539749	-0.52221579884906	0.786608012467775	0.999999837360975	0.91484060115472	TRINITY_DN405_c0_g2/TRINITY_DN834_c0_g1/TRINITY_DN2825_c0_g1	3	interaction_vs_self	significant	down	CC	FALSE
GO:0071782	endoplasmic reticulum tubular network	3/717	16/2946	0.1875	0.770397489539749	-0.52221579884906	0.786608012467775	0.999999837360975	0.91484060115472	TRINITY_DN1363_c0_g1/TRINITY_DN6594_c0_g2/TRINITY_DN14313_c0_g1	3	interaction_vs_self	significant	down	CC	FALSE
GO:0005665	RNA polymerase II, core complex	2/717	11/2946	0.181818181818182	0.747052111068848	-0.476618112174212	0.789400533611079	0.999999837360975	0.91484060115472	TRINITY_DN1185_c0_g1/TRINITY_DN1386_c0_g1	2	interaction_vs_self	significant	down	CC	FALSE
GO:0030118	clathrin coat	2/717	11/2946	0.181818181818182	0.747052111068848	-0.476618112174212	0.789400533611079	0.999999837360975	0.91484060115472	TRINITY_DN1329_c0_g1/TRINITY_DN7955_c0_g1	2	interaction_vs_self	significant	down	CC	FALSE
GO:0030125	clathrin vesicle coat	2/717	11/2946	0.181818181818182	0.747052111068848	-0.476618112174212	0.789400533611079	0.999999837360975	0.91484060115472	TRINITY_DN1329_c0_g1/TRINITY_DN7955_c0_g1	2	interaction_vs_self	significant	down	CC	FALSE
GO:0034399	nuclear periphery	15/717	72/2946	0.208333333333333	0.855997210599721	-0.701521465189762	0.797822983573423	0.999999837360975	0.91484060115472	TRINITY_DN35_c0_g2/TRINITY_DN334_c0_g1/TRINITY_DN1182_c0_g1/TRINITY_DN1193_c0_g1/TRINITY_DN2101_c0_g1/TRINITY_DN2290_c0_g1/TRINITY_DN2482_c0_g1/TRINITY_DN2822_c0_g1/TRINITY_DN3628_c0_g1/TRINITY_DN3957_c0_g1/TRINITY_DN5321_c1_g1/TRINITY_DN5851_c0_g1/TRINITY_DN10709_c0_g1/TRINITY_DN11199_c0_g1/TRINITY_DN12306_c0_g1	15	interaction_vs_self	significant	down	CC	FALSE
GO:0000159	protein phosphatase type 2A complex	1/717	6/2946	0.166666666666667	0.684797768479777	-0.438266662560209	0.812694026510123	0.999999837360975	0.91484060115472	TRINITY_DN621_c0_g1	1	interaction_vs_self	significant	down	CC	FALSE
GO:0000346	transcription export complex	1/717	6/2946	0.166666666666667	0.684797768479777	-0.438266662560209	0.812694026510123	0.999999837360975	0.91484060115472	TRINITY_DN2638_c0_g1	1	interaction_vs_self	significant	down	CC	FALSE
GO:0005797	Golgi medial cisterna	1/717	6/2946	0.166666666666667	0.684797768479777	-0.438266662560209	0.812694026510123	0.999999837360975	0.91484060115472	TRINITY_DN448_c0_g1	1	interaction_vs_self	significant	down	CC	FALSE
GO:0030915	Smc5-Smc6 complex	1/717	6/2946	0.166666666666667	0.684797768479777	-0.438266662560209	0.812694026510123	0.999999837360975	0.91484060115472	TRINITY_DN462_c0_g1	1	interaction_vs_self	significant	down	CC	FALSE
GO:0031428	box C/D methylation guide snoRNP complex	1/717	6/2946	0.166666666666667	0.684797768479777	-0.438266662560209	0.812694026510123	0.999999837360975	0.91484060115472	TRINITY_DN1313_c0_g1	1	interaction_vs_self	significant	down	CC	FALSE
GO:0035840	old growing cell tip	1/717	6/2946	0.166666666666667	0.684797768479777	-0.438266662560209	0.812694026510123	0.999999837360975	0.91484060115472	TRINITY_DN1924_c0_g1	1	interaction_vs_self	significant	down	CC	FALSE
GO:0036391	medial cortex septin ring	1/717	6/2946	0.166666666666667	0.684797768479777	-0.438266662560209	0.812694026510123	0.999999837360975	0.91484060115472	TRINITY_DN1006_c0_g2	1	interaction_vs_self	significant	down	CC	FALSE
GO:0106068	SUMO ligase complex	1/717	6/2946	0.166666666666667	0.684797768479777	-0.438266662560209	0.812694026510123	0.999999837360975	0.91484060115472	TRINITY_DN462_c0_g1	1	interaction_vs_self	significant	down	CC	FALSE
GO:1990072	TRAPPIII protein complex	1/717	6/2946	0.166666666666667	0.684797768479777	-0.438266662560209	0.812694026510123	0.999999837360975	0.91484060115472	TRINITY_DN2829_c0_g1	1	interaction_vs_self	significant	down	CC	FALSE
GO:1990112	RQC complex	1/717	6/2946	0.166666666666667	0.684797768479777	-0.438266662560209	0.812694026510123	0.999999837360975	0.91484060115472	TRINITY_DN5508_c0_g1	1	interaction_vs_self	significant	down	CC	FALSE
GO:0043332	mating projection tip	21/717	100/2946	0.21	0.862845188284519	-0.791299321911604	0.817756186559438	0.999999837360975	0.91484060115472	TRINITY_DN241_c0_g1/TRINITY_DN898_c0_g1/TRINITY_DN1052_c0_g1/TRINITY_DN1321_c0_g1/TRINITY_DN1375_c0_g1/TRINITY_DN1661_c0_g1/TRINITY_DN2350_c0_g1/TRINITY_DN2952_c0_g1/TRINITY_DN3192_c0_g1/TRINITY_DN3317_c0_g1/TRINITY_DN3352_c0_g1/TRINITY_DN3441_c0_g1/TRINITY_DN4158_c0_g1/TRINITY_DN4401_c0_g1/TRINITY_DN5262_c0_g1/TRINITY_DN5322_c0_g1/TRINITY_DN6061_c0_g1/TRINITY_DN8992_c0_g1/TRINITY_DN10522_c0_g1/TRINITY_DN10562_c0_g1/TRINITY_DN17683_c1_g1	21	interaction_vs_self	significant	down	CC	FALSE
GO:0005937	mating projection	23/717	109/2946	0.211009174311927	0.866991670185406	-0.802434540177868	0.819519976161351	0.999999837360975	0.91484060115472	TRINITY_DN241_c0_g1/TRINITY_DN685_c0_g1/TRINITY_DN898_c0_g1/TRINITY_DN1006_c0_g2/TRINITY_DN1052_c0_g1/TRINITY_DN1321_c0_g1/TRINITY_DN1375_c0_g1/TRINITY_DN1661_c0_g1/TRINITY_DN2350_c0_g1/TRINITY_DN2952_c0_g1/TRINITY_DN3192_c0_g1/TRINITY_DN3317_c0_g1/TRINITY_DN3352_c0_g1/TRINITY_DN3441_c0_g1/TRINITY_DN4158_c0_g1/TRINITY_DN4401_c0_g1/TRINITY_DN5262_c0_g1/TRINITY_DN5322_c0_g1/TRINITY_DN6061_c0_g1/TRINITY_DN8992_c0_g1/TRINITY_DN10522_c0_g1/TRINITY_DN10562_c0_g1/TRINITY_DN17683_c1_g1	23	interaction_vs_self	significant	down	CC	FALSE
GO:0031985	Golgi cisterna	3/717	17/2946	0.176470588235294	0.725079990155058	-0.644641586386558	0.821507901714972	0.999999837360975	0.91484060115472	TRINITY_DN448_c0_g1/TRINITY_DN1270_c0_g1/TRINITY_DN4782_c0_g1	3	interaction_vs_self	significant	down	CC	FALSE
GO:0033202	DNA helicase complex	3/717	17/2946	0.176470588235294	0.725079990155058	-0.644641586386558	0.821507901714972	0.999999837360975	0.91484060115472	TRINITY_DN1375_c0_g1/TRINITY_DN1991_c0_g1/TRINITY_DN3129_c0_g1	3	interaction_vs_self	significant	down	CC	FALSE
GO:0098797	plasma membrane protein complex	3/717	17/2946	0.176470588235294	0.725079990155058	-0.644641586386558	0.821507901714972	0.999999837360975	0.91484060115472	TRINITY_DN703_c0_g1/TRINITY_DN4401_c0_g1/TRINITY_DN18445_c0_g1	3	interaction_vs_self	significant	down	CC	FALSE
GO:1905354	exoribonuclease complex	3/717	17/2946	0.176470588235294	0.725079990155058	-0.644641586386558	0.821507901714972	0.999999837360975	0.91484060115472	TRINITY_DN1127_c0_g1/TRINITY_DN1646_c0_g1/TRINITY_DN4892_c1_g1	3	interaction_vs_self	significant	down	CC	FALSE
GO:0005721	pericentric heterochromatin	5/717	27/2946	0.185185185185185	0.760886409421974	-0.707809339286498	0.82345100895043	0.999999837360975	0.91484060115472	TRINITY_DN462_c0_g1/TRINITY_DN1386_c0_g1/TRINITY_DN1819_c0_g1/TRINITY_DN6998_c0_g1/TRINITY_DN8861_c0_g1	5	interaction_vs_self	significant	down	CC	FALSE
GO:0000139	Golgi membrane	16/717	78/2946	0.205128205128205	0.842828022744341	-0.797774292933184	0.823555043905127	0.999999837360975	0.91484060115472	TRINITY_DN57_c0_g1/TRINITY_DN258_c0_g1/TRINITY_DN705_c0_g1/TRINITY_DN1270_c0_g1/TRINITY_DN1328_c0_g1/TRINITY_DN1379_c0_g1/TRINITY_DN2538_c0_g1/TRINITY_DN2619_c0_g1/TRINITY_DN3196_c0_g1/TRINITY_DN3287_c0_g1/TRINITY_DN4436_c0_g1/TRINITY_DN4556_c0_g1/TRINITY_DN4878_c0_g1/TRINITY_DN4923_c0_g1/TRINITY_DN5851_c0_g1/TRINITY_DN7198_c0_g1	16	interaction_vs_self	significant	down	CC	FALSE
GO:1904949	ATPase complex	9/717	46/2946	0.195652173913043	0.803893032563216	-0.76018646699616	0.823843900238885	0.999999837360975	0.91484060115472	TRINITY_DN1057_c0_g1/TRINITY_DN1375_c0_g1/TRINITY_DN1516_c0_g1/TRINITY_DN1991_c0_g1/TRINITY_DN2101_c0_g1/TRINITY_DN2412_c0_g1/TRINITY_DN3129_c0_g1/TRINITY_DN8941_c0_g1/TRINITY_DN12376_c0_g1	9	interaction_vs_self	significant	down	CC	FALSE
GO:0005934	cellular bud tip	12/717	60/2946	0.2	0.821757322175732	-0.791017976195117	0.826579806035002	0.999999837360975	0.91484060115472	TRINITY_DN57_c0_g1/TRINITY_DN241_c0_g1/TRINITY_DN414_c0_g1/TRINITY_DN898_c0_g1/TRINITY_DN1052_c0_g1/TRINITY_DN1363_c0_g1/TRINITY_DN2350_c0_g1/TRINITY_DN3317_c0_g1/TRINITY_DN4401_c0_g1/TRINITY_DN5262_c0_g1/TRINITY_DN5322_c0_g1/TRINITY_DN10562_c0_g1	12	interaction_vs_self	significant	down	CC	FALSE
GO:0010008	endosome membrane	6/717	32/2946	0.1875	0.770397489539749	-0.740549411074135	0.827614259203083	0.999999837360975	0.91484060115472	TRINITY_DN405_c0_g2/TRINITY_DN834_c0_g1/TRINITY_DN2743_c0_g1/TRINITY_DN2825_c0_g1/TRINITY_DN4348_c0_g1/TRINITY_DN4556_c0_g1	6	interaction_vs_self	significant	down	CC	FALSE
GO:0000177	cytoplasmic exosome (RNase complex)	2/717	12/2946	0.166666666666667	0.684797768479777	-0.620436079508182	0.829495950196944	0.999999837360975	0.91484060115472	TRINITY_DN1646_c0_g1/TRINITY_DN4892_c1_g1	2	interaction_vs_self	significant	down	CC	FALSE
GO:0005680	anaphase-promoting complex	2/717	12/2946	0.166666666666667	0.684797768479777	-0.620436079508182	0.829495950196944	0.999999837360975	0.91484060115472	TRINITY_DN2743_c0_g1/TRINITY_DN11199_c0_g1	2	interaction_vs_self	significant	down	CC	FALSE
GO:0030665	clathrin-coated vesicle membrane	2/717	12/2946	0.166666666666667	0.684797768479777	-0.620436079508182	0.829495950196944	0.999999837360975	0.91484060115472	TRINITY_DN1329_c0_g1/TRINITY_DN7955_c0_g1	2	interaction_vs_self	significant	down	CC	FALSE
GO:0101031	protein folding chaperone complex	2/717	12/2946	0.166666666666667	0.684797768479777	-0.620436079508182	0.829495950196944	0.999999837360975	0.91484060115472	TRINITY_DN3116_c0_g1/TRINITY_DN3693_c0_g1	2	interaction_vs_self	significant	down	CC	FALSE
GO:0098796	membrane protein complex	54/717	246/2946	0.219512195121951	0.901928768241657	-0.911117723086819	0.838613870941141	0.999999837360975	0.91484060115472	TRINITY_DN123_c0_g1/TRINITY_DN160_c0_g1/TRINITY_DN395_c0_g1/TRINITY_DN405_c0_g2/TRINITY_DN506_c0_g1/TRINITY_DN703_c0_g1/TRINITY_DN834_c0_g1/TRINITY_DN1092_c0_g1/TRINITY_DN1151_c0_g1/TRINITY_DN1195_c0_g1/TRINITY_DN1270_c0_g1/TRINITY_DN1273_c0_g1/TRINITY_DN1329_c0_g1/TRINITY_DN1613_c0_g1/TRINITY_DN1780_c0_g1/TRINITY_DN1873_c0_g1/TRINITY_DN1880_c0_g1/TRINITY_DN1890_c0_g1/TRINITY_DN1906_c0_g1/TRINITY_DN2153_c0_g1/TRINITY_DN2290_c0_g1/TRINITY_DN2312_c0_g1/TRINITY_DN2452_c0_g1/TRINITY_DN2523_c0_g1/TRINITY_DN2743_c0_g1/TRINITY_DN2825_c0_g1/TRINITY_DN2891_c0_g1/TRINITY_DN2936_c0_g1/TRINITY_DN3116_c0_g1/TRINITY_DN3165_c0_g1/TRINITY_DN3192_c0_g1/TRINITY_DN3287_c0_g1/TRINITY_DN3410_c0_g1/TRINITY_DN3526_c0_g1/TRINITY_DN3548_c0_g1/TRINITY_DN3631_c0_g1/TRINITY_DN3755_c0_g1/TRINITY_DN3756_c0_g1/TRINITY_DN4048_c0_g1/TRINITY_DN4199_c0_g1/TRINITY_DN4348_c0_g1/TRINITY_DN4401_c0_g1/TRINITY_DN4408_c0_g1/TRINITY_DN4818_c0_g1/TRINITY_DN5851_c0_g1/TRINITY_DN5975_c0_g1/TRINITY_DN7198_c0_g1/TRINITY_DN7264_c1_g1/TRINITY_DN7695_c0_g1/TRINITY_DN7955_c0_g1/TRINITY_DN8854_c0_g1/TRINITY_DN16577_c0_g1/TRINITY_DN17715_c0_g1/TRINITY_DN18445_c0_g1	54	interaction_vs_self	significant	down	CC	FALSE
GO:0035861	site of double-strand break	9/717	47/2946	0.191489361702128	0.786788925487403	-0.835567949962618	0.843387788565122	0.999999837360975	0.91484060115472	TRINITY_DN3_c0_g1/TRINITY_DN75_c1_g1/TRINITY_DN834_c0_g1/TRINITY_DN1689_c0_g1/TRINITY_DN2075_c0_g1/TRINITY_DN4414_c0_g1/TRINITY_DN14175_c0_g1/TRINITY_DN16075_c0_g1/TRINITY_DN17793_c0_g1	9	interaction_vs_self	significant	down	CC	FALSE
GO:0090734	site of DNA damage	9/717	47/2946	0.191489361702128	0.786788925487403	-0.835567949962618	0.843387788565122	0.999999837360975	0.91484060115472	TRINITY_DN3_c0_g1/TRINITY_DN75_c1_g1/TRINITY_DN834_c0_g1/TRINITY_DN1689_c0_g1/TRINITY_DN2075_c0_g1/TRINITY_DN4414_c0_g1/TRINITY_DN14175_c0_g1/TRINITY_DN16075_c0_g1/TRINITY_DN17793_c0_g1	9	interaction_vs_self	significant	down	CC	FALSE
GO:0032161	cleavage apparatus septin structure	3/717	18/2946	0.166666666666667	0.684797768479777	-0.760654069338435	0.85141925552408	0.999999837360975	0.91484060115472	TRINITY_DN814_c0_g1/TRINITY_DN1006_c0_g2/TRINITY_DN17683_c1_g1	3	interaction_vs_self	significant	down	CC	FALSE
GO:0000133	polarisome	1/717	7/2946	0.142857142857143	0.586969515839809	-0.620409624605707	0.858373748616327	0.999999837360975	0.91484060115472	TRINITY_DN2350_c0_g1	1	interaction_vs_self	significant	down	CC	FALSE
GO:0000137	Golgi cis cisterna	1/717	7/2946	0.142857142857143	0.586969515839809	-0.620409624605707	0.858373748616327	0.999999837360975	0.91484060115472	TRINITY_DN1270_c0_g1	1	interaction_vs_self	significant	down	CC	FALSE
GO:0005791	rough endoplasmic reticulum	1/717	7/2946	0.142857142857143	0.586969515839809	-0.620409624605707	0.858373748616327	0.999999837360975	0.91484060115472	TRINITY_DN4199_c0_g1	1	interaction_vs_self	significant	down	CC	FALSE
GO:0030867	rough endoplasmic reticulum membrane	1/717	7/2946	0.142857142857143	0.586969515839809	-0.620409624605707	0.858373748616327	0.999999837360975	0.91484060115472	TRINITY_DN4199_c0_g1	1	interaction_vs_self	significant	down	CC	FALSE
GO:0033698	Rpd3L complex	1/717	7/2946	0.142857142857143	0.586969515839809	-0.620409624605707	0.858373748616327	0.999999837360975	0.91484060115472	TRINITY_DN4627_c0_g1	1	interaction_vs_self	significant	down	CC	FALSE
GO:0034657	GID complex	1/717	7/2946	0.142857142857143	0.586969515839809	-0.620409624605707	0.858373748616327	0.999999837360975	0.91484060115472	TRINITY_DN395_c0_g1	1	interaction_vs_self	significant	down	CC	FALSE
GO:0035839	non-growing cell tip	1/717	7/2946	0.142857142857143	0.586969515839809	-0.620409624605707	0.858373748616327	0.999999837360975	0.91484060115472	TRINITY_DN1924_c0_g1	1	interaction_vs_self	significant	down	CC	FALSE
GO:0005682	U5 snRNP	2/717	13/2946	0.153846153846154	0.632121017058256	-0.753820276318752	0.862577091451464	0.999999837360975	0.91484060115472	TRINITY_DN524_c0_g1/TRINITY_DN3427_c0_g1	2	interaction_vs_self	significant	down	CC	FALSE
GO:0005782	peroxisomal matrix	2/717	13/2946	0.153846153846154	0.632121017058256	-0.753820276318752	0.862577091451464	0.999999837360975	0.91484060115472	TRINITY_DN2677_c0_g1/TRINITY_DN10839_c0_g1	2	interaction_vs_self	significant	down	CC	FALSE
GO:0012507	ER to Golgi transport vesicle membrane	2/717	13/2946	0.153846153846154	0.632121017058256	-0.753820276318752	0.862577091451464	0.999999837360975	0.91484060115472	TRINITY_DN2523_c0_g1/TRINITY_DN3192_c0_g1	2	interaction_vs_self	significant	down	CC	FALSE
GO:0031314	extrinsic component of mitochondrial inner membrane	2/717	13/2946	0.153846153846154	0.632121017058256	-0.753820276318752	0.862577091451464	0.999999837360975	0.91484060115472	TRINITY_DN1125_c0_g1/TRINITY_DN10790_c0_g1	2	interaction_vs_self	significant	down	CC	FALSE
GO:0031907	microbody lumen	2/717	13/2946	0.153846153846154	0.632121017058256	-0.753820276318752	0.862577091451464	0.999999837360975	0.91484060115472	TRINITY_DN2677_c0_g1/TRINITY_DN10839_c0_g1	2	interaction_vs_self	significant	down	CC	FALSE
GO:0030427	site of polarized growth	43/717	201/2946	0.213930348258706	0.878994150585982	-1.00781405805529	0.863461201129319	0.999999837360975	0.91484060115472	TRINITY_DN57_c0_g1/TRINITY_DN207_c0_g1/TRINITY_DN241_c0_g1/TRINITY_DN258_c0_g1/TRINITY_DN334_c0_g1/TRINITY_DN414_c0_g1/TRINITY_DN546_c0_g1/TRINITY_DN685_c0_g1/TRINITY_DN814_c0_g1/TRINITY_DN876_c0_g1/TRINITY_DN898_c0_g1/TRINITY_DN1006_c0_g2/TRINITY_DN1052_c0_g1/TRINITY_DN1321_c0_g1/TRINITY_DN1363_c0_g1/TRINITY_DN1375_c0_g1/TRINITY_DN1661_c0_g1/TRINITY_DN1745_c0_g1/TRINITY_DN1924_c0_g1/TRINITY_DN2051_c0_g1/TRINITY_DN2350_c0_g1/TRINITY_DN2369_c0_g1/TRINITY_DN2401_c0_g1/TRINITY_DN2952_c0_g1/TRINITY_DN2997_c0_g1/TRINITY_DN3192_c0_g1/TRINITY_DN3317_c0_g1/TRINITY_DN3352_c0_g1/TRINITY_DN3441_c0_g1/TRINITY_DN3628_c0_g1/TRINITY_DN3997_c0_g1/TRINITY_DN4158_c0_g1/TRINITY_DN4401_c0_g1/TRINITY_DN5262_c0_g1/TRINITY_DN5322_c0_g1/TRINITY_DN5358_c0_g1/TRINITY_DN6061_c0_g1/TRINITY_DN8992_c0_g1/TRINITY_DN10522_c0_g1/TRINITY_DN10562_c0_g1/TRINITY_DN14024_c0_g1/TRINITY_DN17600_c0_g1/TRINITY_DN17683_c1_g1	43	interaction_vs_self	significant	down	CC	FALSE
GO:0005795	Golgi stack	3/717	19/2946	0.157894736842105	0.648755780665052	-0.87100734616485	0.87686382673311	0.999999837360975	0.91484060115472	TRINITY_DN448_c0_g1/TRINITY_DN1270_c0_g1/TRINITY_DN4782_c0_g1	3	interaction_vs_self	significant	down	CC	FALSE
GO:0030658	transport vesicle membrane	3/717	19/2946	0.157894736842105	0.648755780665052	-0.87100734616485	0.87686382673311	0.999999837360975	0.91484060115472	TRINITY_DN1329_c0_g1/TRINITY_DN2523_c0_g1/TRINITY_DN3192_c0_g1	3	interaction_vs_self	significant	down	CC	FALSE
GO:0042995	cell projection	23/717	114/2946	0.201754385964912	0.828965719738677	-1.056175669597	0.880054156291473	0.999999837360975	0.91484060115472	TRINITY_DN241_c0_g1/TRINITY_DN685_c0_g1/TRINITY_DN898_c0_g1/TRINITY_DN1006_c0_g2/TRINITY_DN1052_c0_g1/TRINITY_DN1321_c0_g1/TRINITY_DN1375_c0_g1/TRINITY_DN1661_c0_g1/TRINITY_DN2350_c0_g1/TRINITY_DN2952_c0_g1/TRINITY_DN3192_c0_g1/TRINITY_DN3317_c0_g1/TRINITY_DN3352_c0_g1/TRINITY_DN3441_c0_g1/TRINITY_DN4158_c0_g1/TRINITY_DN4401_c0_g1/TRINITY_DN5262_c0_g1/TRINITY_DN5322_c0_g1/TRINITY_DN6061_c0_g1/TRINITY_DN8992_c0_g1/TRINITY_DN10522_c0_g1/TRINITY_DN10562_c0_g1/TRINITY_DN17683_c1_g1	23	interaction_vs_self	significant	down	CC	FALSE
GO:0120025	plasma membrane bounded cell projection	23/717	114/2946	0.201754385964912	0.828965719738677	-1.056175669597	0.880054156291473	0.999999837360975	0.91484060115472	TRINITY_DN241_c0_g1/TRINITY_DN685_c0_g1/TRINITY_DN898_c0_g1/TRINITY_DN1006_c0_g2/TRINITY_DN1052_c0_g1/TRINITY_DN1321_c0_g1/TRINITY_DN1375_c0_g1/TRINITY_DN1661_c0_g1/TRINITY_DN2350_c0_g1/TRINITY_DN2952_c0_g1/TRINITY_DN3192_c0_g1/TRINITY_DN3317_c0_g1/TRINITY_DN3352_c0_g1/TRINITY_DN3441_c0_g1/TRINITY_DN4158_c0_g1/TRINITY_DN4401_c0_g1/TRINITY_DN5262_c0_g1/TRINITY_DN5322_c0_g1/TRINITY_DN6061_c0_g1/TRINITY_DN8992_c0_g1/TRINITY_DN10522_c0_g1/TRINITY_DN10562_c0_g1/TRINITY_DN17683_c1_g1	23	interaction_vs_self	significant	down	CC	FALSE
GO:0099023	vesicle tethering complex	6/717	35/2946	0.171428571428571	0.70436341900777	-0.997742067595163	0.887865616204143	0.999999837360975	0.91484060115472	TRINITY_DN2829_c0_g1/TRINITY_DN3526_c0_g1/TRINITY_DN4040_c0_g1/TRINITY_DN4530_c0_g1/TRINITY_DN5262_c0_g1/TRINITY_DN17600_c0_g1	6	interaction_vs_self	significant	down	CC	FALSE
GO:0031461	cullin-RING ubiquitin ligase complex	7/717	40/2946	0.175	0.719037656903766	-1.01455944879957	0.888431718263495	0.999999837360975	0.91484060115472	TRINITY_DN546_c0_g1/TRINITY_DN834_c0_g1/TRINITY_DN2743_c0_g1/TRINITY_DN10890_c0_g1/TRINITY_DN11199_c0_g1/TRINITY_DN12384_c0_g1/TRINITY_DN14175_c0_g1	7	interaction_vs_self	significant	down	CC	FALSE
GO:0000178	exosome (RNase complex)	2/717	14/2946	0.142857142857143	0.586969515839809	-0.878438444862122	0.889678512832667	0.999999837360975	0.91484060115472	TRINITY_DN1646_c0_g1/TRINITY_DN4892_c1_g1	2	interaction_vs_self	significant	down	CC	FALSE
GO:0005666	RNA polymerase III complex	2/717	14/2946	0.142857142857143	0.586969515839809	-0.878438444862122	0.889678512832667	0.999999837360975	0.91484060115472	TRINITY_DN1193_c0_g1/TRINITY_DN6941_c0_g1	2	interaction_vs_self	significant	down	CC	FALSE
GO:0000221	vacuolar proton-transporting V-type ATPase, V1 domain	1/717	8/2946	0.125	0.513598326359833	-0.78119841153945	0.892924964078081	0.999999837360975	0.91484060115472	TRINITY_DN3631_c0_g1	1	interaction_vs_self	significant	down	CC	FALSE
GO:0000836	Hrd1p ubiquitin ligase complex	1/717	8/2946	0.125	0.513598326359833	-0.78119841153945	0.892924964078081	0.999999837360975	0.91484060115472	TRINITY_DN3755_c0_g1	1	interaction_vs_self	significant	down	CC	FALSE
GO:0000839	Hrd1p ubiquitin ligase ERAD-L complex	1/717	8/2946	0.125	0.513598326359833	-0.78119841153945	0.892924964078081	0.999999837360975	0.91484060115472	TRINITY_DN3755_c0_g1	1	interaction_vs_self	significant	down	CC	FALSE
GO:0030131	clathrin adaptor complex	1/717	8/2946	0.125	0.513598326359833	-0.78119841153945	0.892924964078081	0.999999837360975	0.91484060115472	TRINITY_DN1329_c0_g1	1	interaction_vs_self	significant	down	CC	FALSE
GO:0030139	endocytic vesicle	1/717	8/2946	0.125	0.513598326359833	-0.78119841153945	0.892924964078081	0.999999837360975	0.91484060115472	TRINITY_DN3441_c0_g1	1	interaction_vs_self	significant	down	CC	FALSE
GO:0031160	spore wall	1/717	8/2946	0.125	0.513598326359833	-0.78119841153945	0.892924964078081	0.999999837360975	0.91484060115472	TRINITY_DN876_c0_g1	1	interaction_vs_self	significant	down	CC	FALSE
GO:0032045	guanyl-nucleotide exchange factor complex	1/717	8/2946	0.125	0.513598326359833	-0.78119841153945	0.892924964078081	0.999999837360975	0.91484060115472	TRINITY_DN1088_c0_g1	1	interaction_vs_self	significant	down	CC	FALSE
GO:0032432	actin filament bundle	1/717	8/2946	0.125	0.513598326359833	-0.78119841153945	0.892924964078081	0.999999837360975	0.91484060115472	TRINITY_DN1375_c0_g1	1	interaction_vs_self	significant	down	CC	FALSE
GO:0033180	proton-transporting V-type ATPase, V1 domain	1/717	8/2946	0.125	0.513598326359833	-0.78119841153945	0.892924964078081	0.999999837360975	0.91484060115472	TRINITY_DN3631_c0_g1	1	interaction_vs_self	significant	down	CC	FALSE
GO:0035032	phosphatidylinositol 3-kinase complex, class III	1/717	8/2946	0.125	0.513598326359833	-0.78119841153945	0.892924964078081	0.999999837360975	0.91484060115472	TRINITY_DN1906_c0_g1	1	interaction_vs_self	significant	down	CC	FALSE
GO:0044233	mitochondria-associated endoplasmic reticulum membrane contact site	1/717	8/2946	0.125	0.513598326359833	-0.78119841153945	0.892924964078081	0.999999837360975	0.91484060115472	TRINITY_DN2523_c0_g1	1	interaction_vs_self	significant	down	CC	FALSE
GO:1990429	peroxisomal importomer complex	1/717	8/2946	0.125	0.513598326359833	-0.78119841153945	0.892924964078081	0.999999837360975	0.91484060115472	TRINITY_DN227_c0_g1	1	interaction_vs_self	significant	down	CC	FALSE
GO:1990819	mating projection actin fusion focus	1/717	8/2946	0.125	0.513598326359833	-0.78119841153945	0.892924964078081	0.999999837360975	0.91484060115472	TRINITY_DN3441_c0_g1	1	interaction_vs_self	significant	down	CC	FALSE
GO:0030136	clathrin-coated vesicle	3/717	20/2946	0.15	0.616317991631799	-0.976329619163467	0.898364819229463	0.999999837360975	0.91484060115472	TRINITY_DN1329_c0_g1/TRINITY_DN2996_c0_g1/TRINITY_DN7955_c0_g1	3	interaction_vs_self	significant	down	CC	FALSE
GO:0055029	nuclear DNA-directed RNA polymerase complex	13/717	70/2946	0.185714285714286	0.763060370591751	-1.13773070029236	0.902654130424464	0.999999837360975	0.91484060115472	TRINITY_DN1057_c0_g1/TRINITY_DN1185_c0_g1/TRINITY_DN1193_c0_g1/TRINITY_DN1286_c0_g1/TRINITY_DN1386_c0_g1/TRINITY_DN1543_c0_g1/TRINITY_DN3756_c0_g1/TRINITY_DN4205_c0_g1/TRINITY_DN4432_c0_g1/TRINITY_DN4923_c0_g1/TRINITY_DN6941_c0_g1/TRINITY_DN6998_c0_g1/TRINITY_DN16075_c0_g1	13	interaction_vs_self	significant	down	CC	FALSE
GO:0030428	cell septum	8/717	46/2946	0.173913043478261	0.714571584500637	-1.10643095242762	0.903783640924482	0.999999837360975	0.91484060115472	TRINITY_DN57_c0_g1/TRINITY_DN703_c0_g1/TRINITY_DN961_c0_g1/TRINITY_DN1913_c0_g1/TRINITY_DN2997_c0_g1/TRINITY_DN3997_c0_g1/TRINITY_DN4401_c0_g1/TRINITY_DN10562_c0_g1	8	interaction_vs_self	significant	down	CC	FALSE
GO:1990391	DNA repair complex	4/717	26/2946	0.153846153846154	0.632121017058256	-1.06843330807871	0.909108246207752	0.999999837360975	0.91484060115472	TRINITY_DN1532_c0_g1/TRINITY_DN2561_c0_g1/TRINITY_DN8927_c0_g1/TRINITY_DN14175_c0_g1	4	interaction_vs_self	significant	down	CC	FALSE
GO:0016592	mediator complex	2/717	15/2946	0.133333333333333	0.547838214783821	-0.995585971135115	0.911747300660084	0.999999837360975	0.91484060115472	TRINITY_DN57_c0_g1/TRINITY_DN9067_c0_g1	2	interaction_vs_self	significant	down	CC	FALSE
GO:0000428	DNA-directed RNA polymerase complex	13/717	71/2946	0.183098591549296	0.752313041428487	-1.19801038657766	0.91313509783827	0.999999837360975	0.91484060115472	TRINITY_DN1057_c0_g1/TRINITY_DN1185_c0_g1/TRINITY_DN1193_c0_g1/TRINITY_DN1286_c0_g1/TRINITY_DN1386_c0_g1/TRINITY_DN1543_c0_g1/TRINITY_DN3756_c0_g1/TRINITY_DN4205_c0_g1/TRINITY_DN4432_c0_g1/TRINITY_DN4923_c0_g1/TRINITY_DN6941_c0_g1/TRINITY_DN6998_c0_g1/TRINITY_DN16075_c0_g1	13	interaction_vs_self	significant	down	CC	FALSE
GO:0071014	post-mRNA release spliceosomal complex	7/717	42/2946	0.166666666666667	0.684797768479777	-1.1667097194029	0.916238338686351	0.999999837360975	0.91484060115472	TRINITY_DN524_c0_g1/TRINITY_DN2206_c0_g1/TRINITY_DN3414_c0_g1/TRINITY_DN3654_c0_g1/TRINITY_DN9601_c0_g1/TRINITY_DN12384_c0_g1/TRINITY_DN18485_c0_g1	7	interaction_vs_self	significant	down	CC	FALSE
GO:0005935	cellular bud neck	26/717	132/2946	0.196969696969697	0.809306453657918	-1.27118309185222	0.918017992009238	0.999999837360975	0.91484060115472	TRINITY_DN57_c0_g1/TRINITY_DN241_c0_g1/TRINITY_DN334_c0_g1/TRINITY_DN414_c0_g1/TRINITY_DN546_c0_g1/TRINITY_DN685_c0_g1/TRINITY_DN814_c0_g1/TRINITY_DN876_c0_g1/TRINITY_DN898_c0_g1/TRINITY_DN1006_c0_g2/TRINITY_DN1052_c0_g1/TRINITY_DN1375_c0_g1/TRINITY_DN1745_c0_g1/TRINITY_DN2350_c0_g1/TRINITY_DN2369_c0_g1/TRINITY_DN2401_c0_g1/TRINITY_DN2997_c0_g1/TRINITY_DN3628_c0_g1/TRINITY_DN3997_c0_g1/TRINITY_DN4401_c0_g1/TRINITY_DN5262_c0_g1/TRINITY_DN5322_c0_g1/TRINITY_DN5358_c0_g1/TRINITY_DN10562_c0_g1/TRINITY_DN14024_c0_g1/TRINITY_DN17683_c1_g1	26	interaction_vs_self	significant	down	CC	FALSE
GO:0000145	exocyst	1/717	9/2946	0.111111111111111	0.456531845653185	-0.925956480188359	0.919055937786732	0.999999837360975	0.91484060115472	TRINITY_DN5262_c0_g1	1	interaction_vs_self	significant	down	CC	FALSE
GO:0000815	ESCRT III complex	1/717	9/2946	0.111111111111111	0.456531845653185	-0.925956480188359	0.919055937786732	0.999999837360975	0.91484060115472	TRINITY_DN405_c0_g2	1	interaction_vs_self	significant	down	CC	FALSE
GO:0000835	ER ubiquitin ligase complex	1/717	9/2946	0.111111111111111	0.456531845653185	-0.925956480188359	0.919055937786732	0.999999837360975	0.91484060115472	TRINITY_DN3755_c0_g1	1	interaction_vs_self	significant	down	CC	FALSE
GO:0005942	phosphatidylinositol 3-kinase complex	1/717	9/2946	0.111111111111111	0.456531845653185	-0.925956480188359	0.919055937786732	0.999999837360975	0.91484060115472	TRINITY_DN1906_c0_g1	1	interaction_vs_self	significant	down	CC	FALSE
GO:0016514	SWI/SNF complex	1/717	9/2946	0.111111111111111	0.456531845653185	-0.925956480188359	0.919055937786732	0.999999837360975	0.91484060115472	TRINITY_DN12376_c0_g1	1	interaction_vs_self	significant	down	CC	FALSE
GO:0030140	trans-Golgi network transport vesicle	1/717	9/2946	0.111111111111111	0.456531845653185	-0.925956480188359	0.919055937786732	0.999999837360975	0.91484060115472	TRINITY_DN1329_c0_g1	1	interaction_vs_self	significant	down	CC	FALSE
GO:0030880	RNA polymerase complex	13/717	72/2946	0.180555555555556	0.741864249186425	-1.25752959982765	0.922659323619443	0.999999837360975	0.91484060115472	TRINITY_DN1057_c0_g1/TRINITY_DN1185_c0_g1/TRINITY_DN1193_c0_g1/TRINITY_DN1286_c0_g1/TRINITY_DN1386_c0_g1/TRINITY_DN1543_c0_g1/TRINITY_DN3756_c0_g1/TRINITY_DN4205_c0_g1/TRINITY_DN4432_c0_g1/TRINITY_DN4923_c0_g1/TRINITY_DN6941_c0_g1/TRINITY_DN6998_c0_g1/TRINITY_DN16075_c0_g1	13	interaction_vs_self	significant	down	CC	FALSE
GO:0044232	organelle membrane contact site	4/717	27/2946	0.148148148148148	0.608709127537579	-1.15827516636319	0.924005157035113	0.999999837360975	0.91484060115472	TRINITY_DN227_c0_g1/TRINITY_DN1363_c0_g1/TRINITY_DN1931_c0_g1/TRINITY_DN2523_c0_g1	4	interaction_vs_self	significant	down	CC	FALSE
GO:0016471	vacuolar proton-transporting V-type ATPase complex	1/717	10/2946	0.1	0.410878661087866	-1.05821501975726	0.938816541330114	0.999999837360975	0.91484060115472	TRINITY_DN3631_c0_g1	1	interaction_vs_self	significant	down	CC	FALSE
GO:0098791	Golgi apparatus subcompartment	20/717	108/2946	0.185185185185185	0.760886409421974	-1.4356783004596	0.942988309619326	0.999999837360975	0.91484060115472	TRINITY_DN57_c0_g1/TRINITY_DN258_c0_g1/TRINITY_DN448_c0_g1/TRINITY_DN705_c0_g1/TRINITY_DN1270_c0_g1/TRINITY_DN1328_c0_g1/TRINITY_DN1379_c0_g1/TRINITY_DN2538_c0_g1/TRINITY_DN2619_c0_g1/TRINITY_DN3196_c0_g1/TRINITY_DN3287_c0_g1/TRINITY_DN4436_c0_g1/TRINITY_DN4556_c0_g1/TRINITY_DN4673_c0_g1/TRINITY_DN4782_c0_g1/TRINITY_DN4878_c0_g1/TRINITY_DN4923_c0_g1/TRINITY_DN5851_c0_g1/TRINITY_DN7198_c0_g1/TRINITY_DN17600_c0_g1	20	interaction_vs_self	significant	down	CC	FALSE
GO:0031312	extrinsic component of organelle membrane	3/717	23/2946	0.130434782608696	0.535928688375477	-1.26701403337076	0.944058796021189	0.999999837360975	0.91484060115472	TRINITY_DN1125_c0_g1/TRINITY_DN1906_c0_g1/TRINITY_DN10790_c0_g1	3	interaction_vs_self	significant	down	CC	FALSE
GO:0097346	INO80-type complex	3/717	23/2946	0.130434782608696	0.535928688375477	-1.26701403337076	0.944058796021189	0.999999837360975	0.91484060115472	TRINITY_DN1375_c0_g1/TRINITY_DN1991_c0_g1/TRINITY_DN3129_c0_g1	3	interaction_vs_self	significant	down	CC	FALSE
GO:0005741	mitochondrial outer membrane	12/717	70/2946	0.171428571428571	0.70436341900777	-1.41958023300859	0.945410530824614	0.999999837360975	0.91484060115472	TRINITY_DN320_c0_g1/TRINITY_DN778_c0_g2/TRINITY_DN1125_c0_g1/TRINITY_DN1195_c0_g1/TRINITY_DN1242_c0_g1/TRINITY_DN2087_c0_g1/TRINITY_DN2308_c0_g1/TRINITY_DN4401_c0_g1/TRINITY_DN4428_c0_g1/TRINITY_DN4615_c0_g1/TRINITY_DN16409_c0_g1/TRINITY_DN17749_c0_g1	12	interaction_vs_self	significant	down	CC	FALSE
GO:0019867	outer membrane	12/717	70/2946	0.171428571428571	0.70436341900777	-1.41958023300859	0.945410530824614	0.999999837360975	0.91484060115472	TRINITY_DN320_c0_g1/TRINITY_DN778_c0_g2/TRINITY_DN1125_c0_g1/TRINITY_DN1195_c0_g1/TRINITY_DN1242_c0_g1/TRINITY_DN2087_c0_g1/TRINITY_DN2308_c0_g1/TRINITY_DN4401_c0_g1/TRINITY_DN4428_c0_g1/TRINITY_DN4615_c0_g1/TRINITY_DN16409_c0_g1/TRINITY_DN17749_c0_g1	12	interaction_vs_self	significant	down	CC	FALSE
GO:0031968	organelle outer membrane	12/717	70/2946	0.171428571428571	0.70436341900777	-1.41958023300859	0.945410530824614	0.999999837360975	0.91484060115472	TRINITY_DN320_c0_g1/TRINITY_DN778_c0_g2/TRINITY_DN1125_c0_g1/TRINITY_DN1195_c0_g1/TRINITY_DN1242_c0_g1/TRINITY_DN2087_c0_g1/TRINITY_DN2308_c0_g1/TRINITY_DN4401_c0_g1/TRINITY_DN4428_c0_g1/TRINITY_DN4615_c0_g1/TRINITY_DN16409_c0_g1/TRINITY_DN17749_c0_g1	12	interaction_vs_self	significant	down	CC	FALSE
GO:0005770	late endosome	6/717	40/2946	0.15	0.616317991631799	-1.38548177892659	0.948720187362372	0.999999837360975	0.91484060115472	TRINITY_DN1125_c0_g1/TRINITY_DN2538_c0_g1/TRINITY_DN2743_c0_g1/TRINITY_DN4348_c0_g1/TRINITY_DN4643_c0_g1/TRINITY_DN9171_c0_g1	6	interaction_vs_self	significant	down	CC	FALSE
GO:0005654	nucleoplasm	49/717	242/2946	0.202479338842975	0.83194439641758	-1.54740690510176	0.950163175566797	0.999999837360975	0.91484060115472	TRINITY_DN3_c0_g1/TRINITY_DN57_c0_g1/TRINITY_DN243_c0_g1/TRINITY_DN328_c0_g1/TRINITY_DN425_c0_g1/TRINITY_DN460_c0_g1/TRINITY_DN464_c1_g1/TRINITY_DN649_c0_g1/TRINITY_DN1056_c0_g1/TRINITY_DN1185_c0_g1/TRINITY_DN1193_c0_g1/TRINITY_DN1286_c0_g1/TRINITY_DN1308_c0_g1/TRINITY_DN1375_c0_g1/TRINITY_DN1386_c0_g1/TRINITY_DN1543_c0_g1/TRINITY_DN1913_c0_g1/TRINITY_DN1991_c0_g1/TRINITY_DN2075_c0_g1/TRINITY_DN2082_c0_g2/TRINITY_DN2525_c0_g1/TRINITY_DN2825_c0_g1/TRINITY_DN2909_c0_g1/TRINITY_DN3129_c0_g1/TRINITY_DN3571_c0_g1/TRINITY_DN3663_c0_g1/TRINITY_DN3742_c0_g1/TRINITY_DN3756_c0_g1/TRINITY_DN4110_c0_g1/TRINITY_DN4432_c0_g1/TRINITY_DN4627_c0_g1/TRINITY_DN4629_c0_g1/TRINITY_DN4655_c0_g1/TRINITY_DN4742_c1_g1/TRINITY_DN4892_c1_g1/TRINITY_DN4923_c0_g1/TRINITY_DN5851_c0_g1/TRINITY_DN6941_c0_g1/TRINITY_DN8771_c0_g1/TRINITY_DN8861_c0_g1/TRINITY_DN9067_c0_g1/TRINITY_DN10839_c0_g1/TRINITY_DN12384_c0_g1/TRINITY_DN12728_c0_g1/TRINITY_DN14175_c0_g1/TRINITY_DN14177_c0_g1/TRINITY_DN15939_c0_g1/TRINITY_DN17609_c0_g1/TRINITY_DN18341_c0_g1	49	interaction_vs_self	significant	down	CC	FALSE
GO:0071013	catalytic step 2 spliceosome	5/717	35/2946	0.142857142857143	0.586969515839809	-1.39393402488528	0.951839197193177	0.999999837360975	0.91484060115472	TRINITY_DN524_c0_g1/TRINITY_DN2206_c0_g1/TRINITY_DN3427_c0_g1/TRINITY_DN12384_c0_g1/TRINITY_DN18485_c0_g1	5	interaction_vs_self	significant	down	CC	FALSE
GO:0000176	nuclear exosome (RNase complex)	1/717	11/2946	0.0909090909090909	0.373526055534424	-1.18043613646756	0.953758142102017	0.999999837360975	0.91484060115472	TRINITY_DN4892_c1_g1	1	interaction_vs_self	significant	down	CC	FALSE
GO:0005769	early endosome	1/717	11/2946	0.0909090909090909	0.373526055534424	-1.18043613646756	0.953758142102017	0.999999837360975	0.91484060115472	TRINITY_DN17600_c0_g1	1	interaction_vs_self	significant	down	CC	FALSE
GO:0016586	RSC-type complex	1/717	11/2946	0.0909090909090909	0.373526055534424	-1.18043613646756	0.953758142102017	0.999999837360975	0.91484060115472	TRINITY_DN12376_c0_g1	1	interaction_vs_self	significant	down	CC	FALSE
GO:0072687	meiotic spindle	1/717	11/2946	0.0909090909090909	0.373526055534424	-1.18043613646756	0.953758142102017	0.999999837360975	0.91484060115472	TRINITY_DN334_c0_g1	1	interaction_vs_self	significant	down	CC	FALSE
GO:1902555	endoribonuclease complex	1/717	11/2946	0.0909090909090909	0.373526055534424	-1.18043613646756	0.953758142102017	0.999999837360975	0.91484060115472	TRINITY_DN1127_c0_g1	1	interaction_vs_self	significant	down	CC	FALSE
GO:1905348	endonuclease complex	1/717	11/2946	0.0909090909090909	0.373526055534424	-1.18043613646756	0.953758142102017	0.999999837360975	0.91484060115472	TRINITY_DN1127_c0_g1	1	interaction_vs_self	significant	down	CC	FALSE
GO:0000131	incipient cellular bud site	7/717	46/2946	0.152173913043478	0.625250136438057	-1.45267543785908	0.954386160777755	0.999999837360975	0.91484060115472	TRINITY_DN1052_c0_g1/TRINITY_DN2350_c0_g1/TRINITY_DN2997_c0_g1/TRINITY_DN4401_c0_g1/TRINITY_DN5322_c0_g1/TRINITY_DN10562_c0_g1/TRINITY_DN16039_c0_g1	7	interaction_vs_self	significant	down	CC	FALSE
GO:0000152	nuclear ubiquitin ligase complex	3/717	24/2946	0.125	0.513598326359833	-1.35677480058954	0.954442167633306	0.999999837360975	0.91484060115472	TRINITY_DN2743_c0_g1/TRINITY_DN11199_c0_g1/TRINITY_DN14175_c0_g1	3	interaction_vs_self	significant	down	CC	FALSE
GO:0005643	nuclear pore	5/717	36/2946	0.138888888888889	0.570664807066481	-1.46976681824903	0.959633764218968	0.999999837360975	0.91484060115472	TRINITY_DN1193_c0_g1/TRINITY_DN2482_c0_g1/TRINITY_DN2638_c0_g1/TRINITY_DN2822_c0_g1/TRINITY_DN12306_c0_g1	5	interaction_vs_self	significant	down	CC	FALSE
GO:0070603	SWI/SNF superfamily-type complex	5/717	36/2946	0.138888888888889	0.570664807066481	-1.46976681824903	0.959633764218968	0.999999837360975	0.91484060115472	TRINITY_DN1375_c0_g1/TRINITY_DN1991_c0_g1/TRINITY_DN2101_c0_g1/TRINITY_DN3129_c0_g1/TRINITY_DN12376_c0_g1	5	interaction_vs_self	significant	down	CC	FALSE
GO:0000109	nucleotide-excision repair complex	2/717	19/2946	0.105263157894737	0.432503853776701	-1.40726390662497	0.964882575036364	0.999999837360975	0.91484060115472	TRINITY_DN2561_c0_g1/TRINITY_DN14175_c0_g1	2	interaction_vs_self	significant	down	CC	FALSE
GO:0000307	cyclin-dependent protein kinase holoenzyme complex	2/717	19/2946	0.105263157894737	0.432503853776701	-1.40726390662497	0.964882575036364	0.999999837360975	0.91484060115472	TRINITY_DN334_c0_g1/TRINITY_DN10839_c0_g1	2	interaction_vs_self	significant	down	CC	FALSE
GO:0008287	protein serine/threonine phosphatase complex	2/717	19/2946	0.105263157894737	0.432503853776701	-1.40726390662497	0.964882575036364	0.999999837360975	0.91484060115472	TRINITY_DN621_c0_g1/TRINITY_DN1646_c0_g1	2	interaction_vs_self	significant	down	CC	FALSE
GO:1903293	phosphatase complex	2/717	19/2946	0.105263157894737	0.432503853776701	-1.40726390662497	0.964882575036364	0.999999837360975	0.91484060115472	TRINITY_DN621_c0_g1/TRINITY_DN1646_c0_g1	2	interaction_vs_self	significant	down	CC	FALSE
GO:0005744	TIM23 mitochondrial import inner membrane translocase complex	1/717	12/2946	0.0833333333333333	0.342398884239888	-1.29440536056685	0.965054705002478	0.999999837360975	0.91484060115472	TRINITY_DN1273_c0_g1	1	interaction_vs_self	significant	down	CC	FALSE
GO:0030119	AP-type membrane coat adaptor complex	1/717	12/2946	0.0833333333333333	0.342398884239888	-1.29440536056685	0.965054705002478	0.999999837360975	0.91484060115472	TRINITY_DN1329_c0_g1	1	interaction_vs_self	significant	down	CC	FALSE
GO:0070210	Rpd3L-Expanded complex	1/717	12/2946	0.0833333333333333	0.342398884239888	-1.29440536056685	0.965054705002478	0.999999837360975	0.91484060115472	TRINITY_DN4627_c0_g1	1	interaction_vs_self	significant	down	CC	FALSE
GO:0070822	Sin3-type complex	1/717	12/2946	0.0833333333333333	0.342398884239888	-1.29440536056685	0.965054705002478	0.999999837360975	0.91484060115472	TRINITY_DN4627_c0_g1	1	interaction_vs_self	significant	down	CC	FALSE
GO:0042175	nuclear outer membrane-endoplasmic reticulum membrane network	44/717	225/2946	0.195555555555556	0.803496048349605	-1.7391837529575	0.967924841539699	0.999999837360975	0.91484060115472	TRINITY_DN43_c0_g1/TRINITY_DN241_c0_g1/TRINITY_DN243_c0_g1/TRINITY_DN705_c0_g1/TRINITY_DN778_c0_g2/TRINITY_DN784_c0_g1/TRINITY_DN986_c0_g1/TRINITY_DN1182_c0_g1/TRINITY_DN1363_c0_g1/TRINITY_DN1387_c0_g1/TRINITY_DN1502_c0_g1/TRINITY_DN1754_c0_g2/TRINITY_DN1833_c0_g1/TRINITY_DN1967_c0_g1/TRINITY_DN2051_c0_g1/TRINITY_DN2054_c0_g1/TRINITY_DN2151_c0_g1/TRINITY_DN2452_c0_g1/TRINITY_DN2523_c0_g1/TRINITY_DN2631_c0_g1/TRINITY_DN3035_c0_g1/TRINITY_DN3060_c0_g1/TRINITY_DN3196_c0_g1/TRINITY_DN3345_c0_g1/TRINITY_DN3410_c0_g1/TRINITY_DN3512_c0_g1/TRINITY_DN3755_c0_g1/TRINITY_DN3977_c0_g1/TRINITY_DN4125_c0_g1/TRINITY_DN4176_c0_g1/TRINITY_DN4199_c0_g1/TRINITY_DN4230_c0_g1/TRINITY_DN4236_c0_g1/TRINITY_DN4573_c0_g1/TRINITY_DN4772_c0_g1/TRINITY_DN4861_c1_g1/TRINITY_DN5207_c0_g1/TRINITY_DN5643_c0_g1/TRINITY_DN5899_c0_g1/TRINITY_DN7198_c0_g1/TRINITY_DN8854_c0_g1/TRINITY_DN9030_c0_g1/TRINITY_DN14212_c0_g1/TRINITY_DN16252_c0_g1	44	interaction_vs_self	significant	down	CC	FALSE
GO:0005789	endoplasmic reticulum membrane	41/717	212/2946	0.193396226415094	0.794623825688798	-1.76021585354668	0.969738775032313	0.999999837360975	0.91484060115472	TRINITY_DN43_c0_g1/TRINITY_DN241_c0_g1/TRINITY_DN243_c0_g1/TRINITY_DN705_c0_g1/TRINITY_DN778_c0_g2/TRINITY_DN784_c0_g1/TRINITY_DN986_c0_g1/TRINITY_DN1182_c0_g1/TRINITY_DN1363_c0_g1/TRINITY_DN1387_c0_g1/TRINITY_DN1502_c0_g1/TRINITY_DN1833_c0_g1/TRINITY_DN1967_c0_g1/TRINITY_DN2051_c0_g1/TRINITY_DN2151_c0_g1/TRINITY_DN2452_c0_g1/TRINITY_DN2523_c0_g1/TRINITY_DN2631_c0_g1/TRINITY_DN3035_c0_g1/TRINITY_DN3060_c0_g1/TRINITY_DN3196_c0_g1/TRINITY_DN3345_c0_g1/TRINITY_DN3410_c0_g1/TRINITY_DN3512_c0_g1/TRINITY_DN3755_c0_g1/TRINITY_DN4125_c0_g1/TRINITY_DN4176_c0_g1/TRINITY_DN4199_c0_g1/TRINITY_DN4230_c0_g1/TRINITY_DN4236_c0_g1/TRINITY_DN4573_c0_g1/TRINITY_DN4772_c0_g1/TRINITY_DN4861_c1_g1/TRINITY_DN5207_c0_g1/TRINITY_DN5643_c0_g1/TRINITY_DN5899_c0_g1/TRINITY_DN7198_c0_g1/TRINITY_DN8854_c0_g1/TRINITY_DN9030_c0_g1/TRINITY_DN14212_c0_g1/TRINITY_DN16252_c0_g1	41	interaction_vs_self	significant	down	CC	FALSE
GO:0000932	P-body	4/717	32/2946	0.125	0.513598326359833	-1.56881765899532	0.970348490905094	0.999999837360975	0.91484060115472	TRINITY_DN15_c0_g1/TRINITY_DN1646_c0_g1/TRINITY_DN2439_c0_g1/TRINITY_DN3164_c0_g1	4	interaction_vs_self	significant	down	CC	FALSE
GO:0005802	trans-Golgi network	4/717	32/2946	0.125	0.513598326359833	-1.56881765899532	0.970348490905094	0.999999837360975	0.91484060115472	TRINITY_DN2538_c0_g1/TRINITY_DN3287_c0_g1/TRINITY_DN4673_c0_g1/TRINITY_DN17600_c0_g1	4	interaction_vs_self	significant	down	CC	FALSE
GO:0000118	histone deacetylase complex	2/717	20/2946	0.1	0.410878661087866	-1.49909716879189	0.972273436792687	0.999999837360975	0.91484060115472	TRINITY_DN4627_c0_g1/TRINITY_DN8861_c0_g1	2	interaction_vs_self	significant	down	CC	FALSE
GO:0005778	peroxisomal membrane	2/717	20/2946	0.1	0.410878661087866	-1.49909716879189	0.972273436792687	0.999999837360975	0.91484060115472	TRINITY_DN227_c0_g1/TRINITY_DN1182_c0_g1	2	interaction_vs_self	significant	down	CC	FALSE
GO:0031903	microbody membrane	2/717	20/2946	0.1	0.410878661087866	-1.49909716879189	0.972273436792687	0.999999837360975	0.91484060115472	TRINITY_DN227_c0_g1/TRINITY_DN1182_c0_g1	2	interaction_vs_self	significant	down	CC	FALSE
GO:0031501	mannosyltransferase complex	1/717	13/2946	0.0769230769230769	0.316060508529128	-1.40145939385595	0.97359450613173	0.999999837360975	0.91484060115472	TRINITY_DN1270_c0_g1	1	interaction_vs_self	significant	down	CC	FALSE
GO:1990816	vacuole-mitochondrion membrane contact site	1/717	13/2946	0.0769230769230769	0.316060508529128	-1.40145939385595	0.97359450613173	0.999999837360975	0.91484060115472	TRINITY_DN1931_c0_g1	1	interaction_vs_self	significant	down	CC	FALSE
GO:0005783	endoplasmic reticulum	91/717	437/2946	0.208237986270023	0.855605449862604	-1.85476282612356	0.973612874372462	0.999999837360975	0.91484060115472	TRINITY_DN43_c0_g1/TRINITY_DN165_c0_g1/TRINITY_DN227_c0_g1/TRINITY_DN241_c0_g1/TRINITY_DN243_c0_g1/TRINITY_DN320_c0_g1/TRINITY_DN685_c0_g1/TRINITY_DN705_c0_g1/TRINITY_DN730_c0_g1/TRINITY_DN761_c0_g1/TRINITY_DN778_c0_g2/TRINITY_DN784_c0_g1/TRINITY_DN872_c0_g1/TRINITY_DN986_c0_g1/TRINITY_DN1182_c0_g1/TRINITY_DN1197_c0_g1/TRINITY_DN1204_c0_g1/TRINITY_DN1270_c0_g1/TRINITY_DN1363_c0_g1/TRINITY_DN1379_c0_g1/TRINITY_DN1382_c0_g1/TRINITY_DN1387_c0_g1/TRINITY_DN1490_c0_g1/TRINITY_DN1502_c0_g1/TRINITY_DN1561_c0_g1/TRINITY_DN1617_c0_g1/TRINITY_DN1769_c0_g1/TRINITY_DN1790_c0_g1/TRINITY_DN1833_c0_g1/TRINITY_DN1967_c0_g1/TRINITY_DN2009_c0_g1/TRINITY_DN2051_c0_g1/TRINITY_DN2087_c0_g1/TRINITY_DN2151_c0_g1/TRINITY_DN2452_c0_g1/TRINITY_DN2523_c0_g1/TRINITY_DN2538_c0_g1/TRINITY_DN2631_c0_g1/TRINITY_DN2995_c0_g1/TRINITY_DN3035_c0_g1/TRINITY_DN3060_c0_g1/TRINITY_DN3196_c0_g1/TRINITY_DN3345_c0_g1/TRINITY_DN3410_c0_g1/TRINITY_DN3512_c0_g1/TRINITY_DN3573_c0_g1/TRINITY_DN3755_c0_g1/TRINITY_DN3931_c0_g1/TRINITY_DN3945_c0_g1/TRINITY_DN4125_c0_g1/TRINITY_DN4176_c0_g1/TRINITY_DN4199_c0_g1/TRINITY_DN4230_c0_g1/TRINITY_DN4236_c0_g1/TRINITY_DN4336_c0_g1/TRINITY_DN4401_c0_g1/TRINITY_DN4556_c0_g1/TRINITY_DN4573_c0_g1/TRINITY_DN4631_c0_g1/TRINITY_DN4764_c0_g1/TRINITY_DN4772_c0_g1/TRINITY_DN4782_c0_g1/TRINITY_DN4861_c1_g1/TRINITY_DN4878_c0_g1/TRINITY_DN4945_c0_g1/TRINITY_DN5207_c0_g1/TRINITY_DN5643_c0_g1/TRINITY_DN5899_c0_g1/TRINITY_DN6594_c0_g2/TRINITY_DN6794_c3_g1/TRINITY_DN7198_c0_g1/TRINITY_DN7967_c1_g1/TRINITY_DN8854_c0_g1/TRINITY_DN8966_c0_g1/TRINITY_DN8968_c0_g1/TRINITY_DN9012_c0_g1/TRINITY_DN9030_c0_g1/TRINITY_DN9071_c0_g1/TRINITY_DN9171_c0_g1/TRINITY_DN12265_c0_g1/TRINITY_DN12483_c0_g1/TRINITY_DN14212_c0_g1/TRINITY_DN14313_c0_g1/TRINITY_DN15974_c0_g1/TRINITY_DN16252_c0_g1/TRINITY_DN16409_c0_g1/TRINITY_DN17710_c0_g1/TRINITY_DN17749_c0_g1/TRINITY_DN17918_c0_g1/TRINITY_DN17959_c0_g1/TRINITY_DN18164_c0_g1	91	interaction_vs_self	significant	down	CC	FALSE
GO:0098827	endoplasmic reticulum subcompartment	43/717	225/2946	0.191111111111111	0.785234774523477	-1.90080752937506	0.97837776920066	0.999999837360975	0.91484060115472	TRINITY_DN43_c0_g1/TRINITY_DN241_c0_g1/TRINITY_DN243_c0_g1/TRINITY_DN705_c0_g1/TRINITY_DN778_c0_g2/TRINITY_DN784_c0_g1/TRINITY_DN986_c0_g1/TRINITY_DN1182_c0_g1/TRINITY_DN1363_c0_g1/TRINITY_DN1387_c0_g1/TRINITY_DN1502_c0_g1/TRINITY_DN1833_c0_g1/TRINITY_DN1967_c0_g1/TRINITY_DN2051_c0_g1/TRINITY_DN2151_c0_g1/TRINITY_DN2452_c0_g1/TRINITY_DN2523_c0_g1/TRINITY_DN2631_c0_g1/TRINITY_DN3035_c0_g1/TRINITY_DN3060_c0_g1/TRINITY_DN3196_c0_g1/TRINITY_DN3345_c0_g1/TRINITY_DN3410_c0_g1/TRINITY_DN3512_c0_g1/TRINITY_DN3755_c0_g1/TRINITY_DN4125_c0_g1/TRINITY_DN4176_c0_g1/TRINITY_DN4199_c0_g1/TRINITY_DN4230_c0_g1/TRINITY_DN4236_c0_g1/TRINITY_DN4573_c0_g1/TRINITY_DN4772_c0_g1/TRINITY_DN4861_c1_g1/TRINITY_DN5207_c0_g1/TRINITY_DN5643_c0_g1/TRINITY_DN5899_c0_g1/TRINITY_DN6594_c0_g2/TRINITY_DN7198_c0_g1/TRINITY_DN8854_c0_g1/TRINITY_DN9030_c0_g1/TRINITY_DN14212_c0_g1/TRINITY_DN14313_c0_g1/TRINITY_DN16252_c0_g1	43	interaction_vs_self	significant	down	CC	FALSE
GO:0042763	intracellular immature spore	8/717	56/2946	0.142857142857143	0.586969515839809	-1.76959707467493	0.978397969873021	0.999999837360975	0.91484060115472	TRINITY_DN258_c0_g1/TRINITY_DN1006_c0_g2/TRINITY_DN1375_c0_g1/TRINITY_DN2997_c0_g1/TRINITY_DN4176_c0_g1/TRINITY_DN4300_c0_g1/TRINITY_DN5262_c0_g1/TRINITY_DN14263_c0_g1	8	interaction_vs_self	significant	down	CC	FALSE
GO:0042764	ascospore-type prospore	8/717	56/2946	0.142857142857143	0.586969515839809	-1.76959707467493	0.978397969873021	0.999999837360975	0.91484060115472	TRINITY_DN258_c0_g1/TRINITY_DN1006_c0_g2/TRINITY_DN1375_c0_g1/TRINITY_DN2997_c0_g1/TRINITY_DN4176_c0_g1/TRINITY_DN4300_c0_g1/TRINITY_DN5262_c0_g1/TRINITY_DN14263_c0_g1	8	interaction_vs_self	significant	down	CC	FALSE
GO:0005685	U1 snRNP	1/717	14/2946	0.0714285714285714	0.293484757919904	-1.50262553086401	0.98004958253935	0.999999837360975	0.91484060115472	TRINITY_DN524_c0_g1	1	interaction_vs_self	significant	down	CC	FALSE
GO:0019005	SCF ubiquitin ligase complex	1/717	14/2946	0.0714285714285714	0.293484757919904	-1.50262553086401	0.98004958253935	0.999999837360975	0.91484060115472	TRINITY_DN546_c0_g1	1	interaction_vs_self	significant	down	CC	FALSE
GO:0033176	proton-transporting V-type ATPase complex	1/717	14/2946	0.0714285714285714	0.293484757919904	-1.50262553086401	0.98004958253935	0.999999837360975	0.91484060115472	TRINITY_DN3631_c0_g1	1	interaction_vs_self	significant	down	CC	FALSE
GO:1990351	transporter complex	1/717	14/2946	0.0714285714285714	0.293484757919904	-1.50262553086401	0.98004958253935	0.999999837360975	0.91484060115472	TRINITY_DN227_c0_g1	1	interaction_vs_self	significant	down	CC	FALSE
GO:0030133	transport vesicle	3/717	28/2946	0.107142857142857	0.440227136879856	-1.68770060391482	0.980478102245837	0.999999837360975	0.91484060115472	TRINITY_DN1329_c0_g1/TRINITY_DN2523_c0_g1/TRINITY_DN3192_c0_g1	3	interaction_vs_self	significant	down	CC	FALSE
GO:0005933	cellular bud	29/717	161/2946	0.180124223602484	0.740091998232802	-1.92338923807924	0.980799703901941	0.999999837360975	0.91484060115472	TRINITY_DN57_c0_g1/TRINITY_DN241_c0_g1/TRINITY_DN334_c0_g1/TRINITY_DN414_c0_g1/TRINITY_DN546_c0_g1/TRINITY_DN685_c0_g1/TRINITY_DN814_c0_g1/TRINITY_DN876_c0_g1/TRINITY_DN898_c0_g1/TRINITY_DN1006_c0_g2/TRINITY_DN1052_c0_g1/TRINITY_DN1363_c0_g1/TRINITY_DN1375_c0_g1/TRINITY_DN1745_c0_g1/TRINITY_DN2350_c0_g1/TRINITY_DN2369_c0_g1/TRINITY_DN2401_c0_g1/TRINITY_DN2997_c0_g1/TRINITY_DN3317_c0_g1/TRINITY_DN3628_c0_g1/TRINITY_DN3997_c0_g1/TRINITY_DN4401_c0_g1/TRINITY_DN5262_c0_g1/TRINITY_DN5322_c0_g1/TRINITY_DN5358_c0_g1/TRINITY_DN10562_c0_g1/TRINITY_DN14024_c0_g1/TRINITY_DN14313_c0_g1/TRINITY_DN17683_c1_g1	29	interaction_vs_self	significant	down	CC	FALSE
GO:0046540	U4/U6 x U5 tri-snRNP complex	2/717	22/2946	0.0909090909090909	0.373526055534424	-1.67252594121398	0.982816017040743	0.999999837360975	0.91484060115472	TRINITY_DN524_c0_g1/TRINITY_DN6998_c0_g1	2	interaction_vs_self	significant	down	CC	FALSE
GO:0097526	spliceosomal tri-snRNP complex	2/717	22/2946	0.0909090909090909	0.373526055534424	-1.67252594121398	0.982816017040743	0.999999837360975	0.91484060115472	TRINITY_DN524_c0_g1/TRINITY_DN6998_c0_g1	2	interaction_vs_self	significant	down	CC	FALSE
GO:0005628	prospore membrane	7/717	52/2946	0.134615384615385	0.553105889925974	-1.84375933602237	0.982991635902469	0.999999837360975	0.91484060115472	TRINITY_DN258_c0_g1/TRINITY_DN1006_c0_g2/TRINITY_DN1375_c0_g1/TRINITY_DN2997_c0_g1/TRINITY_DN4176_c0_g1/TRINITY_DN4300_c0_g1/TRINITY_DN5262_c0_g1	7	interaction_vs_self	significant	down	CC	FALSE
GO:0098799	outer mitochondrial membrane protein complex	1/717	15/2946	0.0666666666666667	0.273919107391911	-1.59871084692456	0.984928316959297	0.999999837360975	0.91484060115472	TRINITY_DN1195_c0_g1	1	interaction_vs_self	significant	down	CC	FALSE
GO:0016591	RNA polymerase II, holoenzyme	7/717	53/2946	0.132075471698113	0.542669929738691	-1.90520042220406	0.985681099903138	0.999999837360975	0.91484060115472	TRINITY_DN1185_c0_g1/TRINITY_DN1286_c0_g1/TRINITY_DN1386_c0_g1/TRINITY_DN1543_c0_g1/TRINITY_DN3756_c0_g1/TRINITY_DN4432_c0_g1/TRINITY_DN4923_c0_g1	7	interaction_vs_self	significant	down	CC	FALSE
GO:0005794	Golgi apparatus	33/717	183/2946	0.180327868852459	0.740928733109267	-2.05211428913351	0.986019100292718	0.999999837360975	0.91484060115472	TRINITY_DN57_c0_g1/TRINITY_DN258_c0_g1/TRINITY_DN448_c0_g1/TRINITY_DN705_c0_g1/TRINITY_DN1270_c0_g1/TRINITY_DN1328_c0_g1/TRINITY_DN1329_c0_g1/TRINITY_DN1379_c0_g1/TRINITY_DN2538_c0_g1/TRINITY_DN2619_c0_g1/TRINITY_DN2829_c0_g1/TRINITY_DN3196_c0_g1/TRINITY_DN3212_c0_g1/TRINITY_DN3287_c0_g1/TRINITY_DN3526_c0_g1/TRINITY_DN4040_c0_g1/TRINITY_DN4401_c0_g1/TRINITY_DN4408_c0_g1/TRINITY_DN4436_c0_g1/TRINITY_DN4530_c0_g1/TRINITY_DN4556_c0_g1/TRINITY_DN4673_c0_g1/TRINITY_DN4782_c0_g1/TRINITY_DN4878_c0_g1/TRINITY_DN4923_c0_g1/TRINITY_DN5471_c0_g1/TRINITY_DN5851_c0_g1/TRINITY_DN7198_c0_g1/TRINITY_DN7264_c1_g1/TRINITY_DN10522_c0_g1/TRINITY_DN10613_c0_g1/TRINITY_DN17600_c0_g1/TRINITY_DN17715_c0_g1	33	interaction_vs_self	significant	down	CC	FALSE
GO:0031984	organelle subcompartment	60/717	309/2946	0.194174757281553	0.79782264288906	-2.13011908289148	0.987514671666378	0.999999837360975	0.91484060115472	TRINITY_DN43_c0_g1/TRINITY_DN57_c0_g1/TRINITY_DN241_c0_g1/TRINITY_DN243_c0_g1/TRINITY_DN258_c0_g1/TRINITY_DN448_c0_g1/TRINITY_DN705_c0_g1/TRINITY_DN778_c0_g2/TRINITY_DN784_c0_g1/TRINITY_DN986_c0_g1/TRINITY_DN1182_c0_g1/TRINITY_DN1270_c0_g1/TRINITY_DN1328_c0_g1/TRINITY_DN1363_c0_g1/TRINITY_DN1379_c0_g1/TRINITY_DN1387_c0_g1/TRINITY_DN1502_c0_g1/TRINITY_DN1833_c0_g1/TRINITY_DN1967_c0_g1/TRINITY_DN2051_c0_g1/TRINITY_DN2151_c0_g1/TRINITY_DN2452_c0_g1/TRINITY_DN2523_c0_g1/TRINITY_DN2538_c0_g1/TRINITY_DN2619_c0_g1/TRINITY_DN2631_c0_g1/TRINITY_DN3035_c0_g1/TRINITY_DN3060_c0_g1/TRINITY_DN3196_c0_g1/TRINITY_DN3287_c0_g1/TRINITY_DN3345_c0_g1/TRINITY_DN3410_c0_g1/TRINITY_DN3512_c0_g1/TRINITY_DN3755_c0_g1/TRINITY_DN4125_c0_g1/TRINITY_DN4176_c0_g1/TRINITY_DN4199_c0_g1/TRINITY_DN4230_c0_g1/TRINITY_DN4236_c0_g1/TRINITY_DN4436_c0_g1/TRINITY_DN4556_c0_g1/TRINITY_DN4573_c0_g1/TRINITY_DN4673_c0_g1/TRINITY_DN4772_c0_g1/TRINITY_DN4782_c0_g1/TRINITY_DN4861_c1_g1/TRINITY_DN4878_c0_g1/TRINITY_DN4923_c0_g1/TRINITY_DN5207_c0_g1/TRINITY_DN5643_c0_g1/TRINITY_DN5851_c0_g1/TRINITY_DN5899_c0_g1/TRINITY_DN6594_c0_g2/TRINITY_DN7198_c0_g1/TRINITY_DN8854_c0_g1/TRINITY_DN9030_c0_g1/TRINITY_DN14212_c0_g1/TRINITY_DN14313_c0_g1/TRINITY_DN16252_c0_g1/TRINITY_DN17600_c0_g1	60	interaction_vs_self	significant	down	CC	FALSE
GO:0061695	transferase complex, transferring phosphorus-containing groups	20/717	122/2946	0.163934426229508	0.673571575553879	-2.08825115912982	0.988591690263326	0.999999837360975	0.91484060115472	TRINITY_DN334_c0_g1/TRINITY_DN995_c0_g1/TRINITY_DN1057_c0_g1/TRINITY_DN1127_c0_g1/TRINITY_DN1146_c0_g1/TRINITY_DN1185_c0_g1/TRINITY_DN1193_c0_g1/TRINITY_DN1286_c0_g1/TRINITY_DN1386_c0_g1/TRINITY_DN1543_c0_g1/TRINITY_DN1906_c0_g1/TRINITY_DN3756_c0_g1/TRINITY_DN4205_c0_g1/TRINITY_DN4432_c0_g1/TRINITY_DN4923_c0_g1/TRINITY_DN6941_c0_g1/TRINITY_DN6998_c0_g1/TRINITY_DN10690_c0_g1/TRINITY_DN10839_c0_g1/TRINITY_DN16075_c0_g1	20	interaction_vs_self	significant	down	CC	FALSE
GO:0031201	SNARE complex	1/717	16/2946	0.0625	0.256799163179916	-1.69036138989639	0.988615248634556	0.999999837360975	0.91484060115472	TRINITY_DN3287_c0_g1	1	interaction_vs_self	significant	down	CC	FALSE
GO:0071011	precatalytic spliceosome	1/717	16/2946	0.0625	0.256799163179916	-1.69036138989639	0.988615248634556	0.999999837360975	0.91484060115472	TRINITY_DN12384_c0_g1	1	interaction_vs_self	significant	down	CC	FALSE
GO:0000151	ubiquitin ligase complex	9/717	67/2946	0.134328358208955	0.551926559670268	-2.10384123913685	0.991312489756886	0.999999837360975	0.91484060115472	TRINITY_DN546_c0_g1/TRINITY_DN834_c0_g1/TRINITY_DN2031_c0_g1/TRINITY_DN2743_c0_g1/TRINITY_DN3755_c0_g1/TRINITY_DN10890_c0_g1/TRINITY_DN11199_c0_g1/TRINITY_DN12384_c0_g1/TRINITY_DN14175_c0_g1	9	interaction_vs_self	significant	down	CC	FALSE
GO:0031982	vesicle	37/717	210/2946	0.176190476190476	0.723929069535764	-2.35407054326289	0.99396158326793	0.999999837360975	0.91484060115472	TRINITY_DN405_c0_g2/TRINITY_DN414_c0_g1/TRINITY_DN705_c0_g1/TRINITY_DN834_c0_g1/TRINITY_DN1125_c0_g1/TRINITY_DN1270_c0_g1/TRINITY_DN1329_c0_g1/TRINITY_DN2523_c0_g1/TRINITY_DN2538_c0_g1/TRINITY_DN2743_c0_g1/TRINITY_DN2825_c0_g1/TRINITY_DN2829_c0_g1/TRINITY_DN2996_c0_g1/TRINITY_DN3192_c0_g1/TRINITY_DN3196_c0_g1/TRINITY_DN3287_c0_g1/TRINITY_DN3338_c0_g1/TRINITY_DN3441_c0_g1/TRINITY_DN3526_c0_g1/TRINITY_DN3755_c0_g1/TRINITY_DN4040_c0_g1/TRINITY_DN4300_c0_g1/TRINITY_DN4348_c0_g1/TRINITY_DN4408_c0_g1/TRINITY_DN4530_c0_g1/TRINITY_DN4556_c0_g1/TRINITY_DN4643_c0_g1/TRINITY_DN4673_c0_g1/TRINITY_DN4923_c0_g1/TRINITY_DN5851_c0_g1/TRINITY_DN7264_c1_g1/TRINITY_DN7955_c0_g1/TRINITY_DN9171_c0_g1/TRINITY_DN10839_c0_g1/TRINITY_DN17600_c0_g1/TRINITY_DN17715_c0_g1/TRINITY_DN17818_c0_g1	37	interaction_vs_self	significant	down	CC	FALSE
GO:0005686	U2 snRNP	1/717	19/2946	0.0526315789473684	0.216251926888351	-1.94352046708508	0.995096335316749	0.999999837360975	0.91484060115472	TRINITY_DN524_c0_g1	1	interaction_vs_self	significant	down	CC	FALSE
GO:0008023	transcription elongation factor complex	1/717	19/2946	0.0526315789473684	0.216251926888351	-1.94352046708508	0.995096335316749	0.999999837360975	0.91484060115472	TRINITY_DN4923_c0_g1	1	interaction_vs_self	significant	down	CC	FALSE
GO:0005684	U2-type spliceosomal complex	7/717	60/2946	0.116666666666667	0.479358437935844	-2.31053998836962	0.995930622798124	0.999999837360975	0.91484060115472	TRINITY_DN524_c0_g1/TRINITY_DN2206_c0_g1/TRINITY_DN3414_c0_g1/TRINITY_DN3654_c0_g1/TRINITY_DN4205_c0_g1/TRINITY_DN4232_c0_g1/TRINITY_DN18485_c0_g1	7	interaction_vs_self	significant	down	CC	FALSE
GO:0005667	transcription regulator complex	8/717	67/2946	0.119402985074627	0.490601386373571	-2.39178160106471	0.996726736613891	0.999999837360975	0.91484060115472	TRINITY_DN429_c0_g1/TRINITY_DN1286_c0_g1/TRINITY_DN1336_c0_g1/TRINITY_DN1416_c0_g1/TRINITY_DN1543_c0_g1/TRINITY_DN3756_c0_g1/TRINITY_DN4432_c0_g1/TRINITY_DN5926_c0_g1	8	interaction_vs_self	significant	down	CC	FALSE
GO:1902911	protein kinase complex	3/717	36/2946	0.0833333333333333	0.342398884239888	-2.25120212713942	0.996748366407922	0.999999837360975	0.91484060115472	TRINITY_DN334_c0_g1/TRINITY_DN1127_c0_g1/TRINITY_DN10839_c0_g1	3	interaction_vs_self	significant	down	CC	FALSE
GO:0031410	cytoplasmic vesicle	35/717	208/2946	0.168269230769231	0.691382362407467	-2.61807980826268	0.997417188110377	0.999999837360975	0.91484060115472	TRINITY_DN405_c0_g2/TRINITY_DN705_c0_g1/TRINITY_DN834_c0_g1/TRINITY_DN1125_c0_g1/TRINITY_DN1270_c0_g1/TRINITY_DN1329_c0_g1/TRINITY_DN2523_c0_g1/TRINITY_DN2538_c0_g1/TRINITY_DN2743_c0_g1/TRINITY_DN2825_c0_g1/TRINITY_DN2829_c0_g1/TRINITY_DN2996_c0_g1/TRINITY_DN3192_c0_g1/TRINITY_DN3196_c0_g1/TRINITY_DN3287_c0_g1/TRINITY_DN3338_c0_g1/TRINITY_DN3441_c0_g1/TRINITY_DN3526_c0_g1/TRINITY_DN4040_c0_g1/TRINITY_DN4300_c0_g1/TRINITY_DN4348_c0_g1/TRINITY_DN4408_c0_g1/TRINITY_DN4530_c0_g1/TRINITY_DN4556_c0_g1/TRINITY_DN4643_c0_g1/TRINITY_DN4673_c0_g1/TRINITY_DN4923_c0_g1/TRINITY_DN5851_c0_g1/TRINITY_DN7264_c1_g1/TRINITY_DN7955_c0_g1/TRINITY_DN9171_c0_g1/TRINITY_DN10839_c0_g1/TRINITY_DN17600_c0_g1/TRINITY_DN17715_c0_g1/TRINITY_DN17818_c0_g1	35	interaction_vs_self	significant	down	CC	FALSE
GO:0097708	intracellular vesicle	35/717	208/2946	0.168269230769231	0.691382362407467	-2.61807980826268	0.997417188110377	0.999999837360975	0.91484060115472	TRINITY_DN405_c0_g2/TRINITY_DN705_c0_g1/TRINITY_DN834_c0_g1/TRINITY_DN1125_c0_g1/TRINITY_DN1270_c0_g1/TRINITY_DN1329_c0_g1/TRINITY_DN2523_c0_g1/TRINITY_DN2538_c0_g1/TRINITY_DN2743_c0_g1/TRINITY_DN2825_c0_g1/TRINITY_DN2829_c0_g1/TRINITY_DN2996_c0_g1/TRINITY_DN3192_c0_g1/TRINITY_DN3196_c0_g1/TRINITY_DN3287_c0_g1/TRINITY_DN3338_c0_g1/TRINITY_DN3441_c0_g1/TRINITY_DN3526_c0_g1/TRINITY_DN4040_c0_g1/TRINITY_DN4300_c0_g1/TRINITY_DN4348_c0_g1/TRINITY_DN4408_c0_g1/TRINITY_DN4530_c0_g1/TRINITY_DN4556_c0_g1/TRINITY_DN4643_c0_g1/TRINITY_DN4673_c0_g1/TRINITY_DN4923_c0_g1/TRINITY_DN5851_c0_g1/TRINITY_DN7264_c1_g1/TRINITY_DN7955_c0_g1/TRINITY_DN9171_c0_g1/TRINITY_DN10839_c0_g1/TRINITY_DN17600_c0_g1/TRINITY_DN17715_c0_g1/TRINITY_DN17818_c0_g1	35	interaction_vs_self	significant	down	CC	FALSE
GO:1902554	serine/threonine protein kinase complex	2/717	30/2946	0.0666666666666667	0.273919107391911	-2.2667262226728	0.997611970280837	0.999999837360975	0.91484060115472	TRINITY_DN334_c0_g1/TRINITY_DN10839_c0_g1	2	interaction_vs_self	significant	down	CC	FALSE
GO:0030532	small nuclear ribonucleoprotein complex	5/717	53/2946	0.0943396226415094	0.387621378384779	-2.55112026152889	0.99855985480033	0.999999837360975	0.91484060115472	TRINITY_DN524_c0_g1/TRINITY_DN1313_c0_g1/TRINITY_DN2082_c0_g2/TRINITY_DN3427_c0_g1/TRINITY_DN6998_c0_g1	5	interaction_vs_self	significant	down	CC	FALSE
GO:0019898	extrinsic component of membrane	9/717	78/2946	0.115384615384615	0.474090762793692	-2.66941268529588	0.998727413577893	0.999999837360975	0.91484060115472	TRINITY_DN743_c0_g1/TRINITY_DN1125_c0_g1/TRINITY_DN1661_c0_g1/TRINITY_DN1906_c0_g1/TRINITY_DN4401_c0_g1/TRINITY_DN4556_c0_g1/TRINITY_DN4614_c1_g1/TRINITY_DN5780_c0_g1/TRINITY_DN10790_c0_g1	9	interaction_vs_self	significant	down	CC	FALSE
GO:0120114	Sm-like protein family complex	5/717	54/2946	0.0925925925925926	0.380443204710987	-2.60570984252225	0.998834260927221	0.999999837360975	0.91484060115472	TRINITY_DN524_c0_g1/TRINITY_DN1313_c0_g1/TRINITY_DN2082_c0_g2/TRINITY_DN3427_c0_g1/TRINITY_DN6998_c0_g1	5	interaction_vs_self	significant	down	CC	FALSE
GO:0005768	endosome	19/717	134/2946	0.141791044776119	0.582589146318616	-2.80450146839858	0.998910972219264	0.999999837360975	0.91484060115472	TRINITY_DN405_c0_g2/TRINITY_DN834_c0_g1/TRINITY_DN1125_c0_g1/TRINITY_DN1329_c0_g1/TRINITY_DN2538_c0_g1/TRINITY_DN2743_c0_g1/TRINITY_DN2825_c0_g1/TRINITY_DN2829_c0_g1/TRINITY_DN3287_c0_g1/TRINITY_DN4300_c0_g1/TRINITY_DN4348_c0_g1/TRINITY_DN4556_c0_g1/TRINITY_DN4643_c0_g1/TRINITY_DN4673_c0_g1/TRINITY_DN7955_c0_g1/TRINITY_DN9171_c0_g1/TRINITY_DN10839_c0_g1/TRINITY_DN17600_c0_g1/TRINITY_DN17818_c0_g1	19	interaction_vs_self	significant	down	CC	FALSE
GO:1990234	transferase complex	51/717	293/2946	0.174061433447099	0.715181287217788	-2.91327108037971	0.998958947451599	0.999999837360975	0.91484060115472	TRINITY_DN189_c0_g1/TRINITY_DN243_c0_g1/TRINITY_DN317_c0_g1/TRINITY_DN334_c0_g1/TRINITY_DN450_c0_g1/TRINITY_DN460_c0_g1/TRINITY_DN462_c0_g1/TRINITY_DN546_c0_g1/TRINITY_DN703_c0_g1/TRINITY_DN834_c0_g1/TRINITY_DN995_c0_g1/TRINITY_DN1057_c0_g1/TRINITY_DN1127_c0_g1/TRINITY_DN1146_c0_g1/TRINITY_DN1185_c0_g1/TRINITY_DN1193_c0_g1/TRINITY_DN1270_c0_g1/TRINITY_DN1286_c0_g1/TRINITY_DN1308_c0_g1/TRINITY_DN1375_c0_g1/TRINITY_DN1386_c0_g1/TRINITY_DN1543_c0_g1/TRINITY_DN1906_c0_g1/TRINITY_DN1991_c0_g1/TRINITY_DN2031_c0_g1/TRINITY_DN2082_c0_g2/TRINITY_DN2452_c0_g1/TRINITY_DN2525_c0_g1/TRINITY_DN2743_c0_g1/TRINITY_DN3129_c0_g1/TRINITY_DN3410_c0_g1/TRINITY_DN3755_c0_g1/TRINITY_DN3756_c0_g1/TRINITY_DN4205_c0_g1/TRINITY_DN4401_c0_g1/TRINITY_DN4432_c0_g1/TRINITY_DN4629_c0_g1/TRINITY_DN4655_c0_g1/TRINITY_DN4923_c0_g1/TRINITY_DN6941_c0_g1/TRINITY_DN6998_c0_g1/TRINITY_DN7198_c0_g1/TRINITY_DN8475_c0_g1/TRINITY_DN10690_c0_g1/TRINITY_DN10839_c0_g1/TRINITY_DN10890_c0_g1/TRINITY_DN11199_c0_g1/TRINITY_DN12384_c0_g1/TRINITY_DN14021_c1_g1/TRINITY_DN14175_c0_g1/TRINITY_DN16075_c0_g1	51	interaction_vs_self	significant	down	CC	FALSE
GO:0000322	storage vacuole	47/717	274/2946	0.171532846715328	0.704791863909843	-2.90959519180338	0.998970833251829	0.999999837360975	0.91484060115472	TRINITY_DN129_c0_g1/TRINITY_DN158_c0_g1/TRINITY_DN165_c0_g1/TRINITY_DN227_c0_g1/TRINITY_DN315_c0_g1/TRINITY_DN448_c0_g1/TRINITY_DN685_c0_g1/TRINITY_DN693_c0_g1/TRINITY_DN743_c0_g1/TRINITY_DN761_c0_g1/TRINITY_DN784_c0_g1/TRINITY_DN1379_c0_g1/TRINITY_DN1382_c0_g1/TRINITY_DN1416_c0_g1/TRINITY_DN1428_c0_g1/TRINITY_DN1769_c0_g1/TRINITY_DN1790_c0_g1/TRINITY_DN1893_c0_g1/TRINITY_DN1906_c0_g1/TRINITY_DN1938_c0_g1/TRINITY_DN1967_c0_g1/TRINITY_DN2151_c0_g1/TRINITY_DN2619_c0_g1/TRINITY_DN2638_c0_g1/TRINITY_DN2743_c0_g1/TRINITY_DN2977_c0_g1/TRINITY_DN3060_c0_g1/TRINITY_DN3338_c0_g1/TRINITY_DN3392_c0_g1/TRINITY_DN3631_c0_g1/TRINITY_DN3997_c0_g1/TRINITY_DN4176_c0_g1/TRINITY_DN4336_c0_g1/TRINITY_DN4348_c0_g1/TRINITY_DN4556_c0_g1/TRINITY_DN4573_c0_g1/TRINITY_DN4643_c0_g1/TRINITY_DN4923_c0_g1/TRINITY_DN7613_c0_g2/TRINITY_DN8966_c0_g1/TRINITY_DN9171_c0_g1/TRINITY_DN10773_c0_g1/TRINITY_DN10839_c0_g1/TRINITY_DN15974_c0_g1/TRINITY_DN17627_c0_g1/TRINITY_DN17818_c0_g1/TRINITY_DN17959_c0_g1	47	interaction_vs_self	significant	down	CC	FALSE
GO:0000324	fungal-type vacuole	47/717	274/2946	0.171532846715328	0.704791863909843	-2.90959519180338	0.998970833251829	0.999999837360975	0.91484060115472	TRINITY_DN129_c0_g1/TRINITY_DN158_c0_g1/TRINITY_DN165_c0_g1/TRINITY_DN227_c0_g1/TRINITY_DN315_c0_g1/TRINITY_DN448_c0_g1/TRINITY_DN685_c0_g1/TRINITY_DN693_c0_g1/TRINITY_DN743_c0_g1/TRINITY_DN761_c0_g1/TRINITY_DN784_c0_g1/TRINITY_DN1379_c0_g1/TRINITY_DN1382_c0_g1/TRINITY_DN1416_c0_g1/TRINITY_DN1428_c0_g1/TRINITY_DN1769_c0_g1/TRINITY_DN1790_c0_g1/TRINITY_DN1893_c0_g1/TRINITY_DN1906_c0_g1/TRINITY_DN1938_c0_g1/TRINITY_DN1967_c0_g1/TRINITY_DN2151_c0_g1/TRINITY_DN2619_c0_g1/TRINITY_DN2638_c0_g1/TRINITY_DN2743_c0_g1/TRINITY_DN2977_c0_g1/TRINITY_DN3060_c0_g1/TRINITY_DN3338_c0_g1/TRINITY_DN3392_c0_g1/TRINITY_DN3631_c0_g1/TRINITY_DN3997_c0_g1/TRINITY_DN4176_c0_g1/TRINITY_DN4336_c0_g1/TRINITY_DN4348_c0_g1/TRINITY_DN4556_c0_g1/TRINITY_DN4573_c0_g1/TRINITY_DN4643_c0_g1/TRINITY_DN4923_c0_g1/TRINITY_DN7613_c0_g2/TRINITY_DN8966_c0_g1/TRINITY_DN9171_c0_g1/TRINITY_DN10773_c0_g1/TRINITY_DN10839_c0_g1/TRINITY_DN15974_c0_g1/TRINITY_DN17627_c0_g1/TRINITY_DN17818_c0_g1/TRINITY_DN17959_c0_g1	47	interaction_vs_self	significant	down	CC	FALSE
GO:0000323	lytic vacuole	47/717	276/2946	0.170289855072464	0.699684676490207	-2.97182749229346	0.999178394949721	0.999999837360975	0.91484060115472	TRINITY_DN129_c0_g1/TRINITY_DN158_c0_g1/TRINITY_DN165_c0_g1/TRINITY_DN227_c0_g1/TRINITY_DN315_c0_g1/TRINITY_DN448_c0_g1/TRINITY_DN685_c0_g1/TRINITY_DN693_c0_g1/TRINITY_DN743_c0_g1/TRINITY_DN761_c0_g1/TRINITY_DN784_c0_g1/TRINITY_DN1379_c0_g1/TRINITY_DN1382_c0_g1/TRINITY_DN1416_c0_g1/TRINITY_DN1428_c0_g1/TRINITY_DN1769_c0_g1/TRINITY_DN1790_c0_g1/TRINITY_DN1893_c0_g1/TRINITY_DN1906_c0_g1/TRINITY_DN1938_c0_g1/TRINITY_DN1967_c0_g1/TRINITY_DN2151_c0_g1/TRINITY_DN2619_c0_g1/TRINITY_DN2638_c0_g1/TRINITY_DN2743_c0_g1/TRINITY_DN2977_c0_g1/TRINITY_DN3060_c0_g1/TRINITY_DN3338_c0_g1/TRINITY_DN3392_c0_g1/TRINITY_DN3631_c0_g1/TRINITY_DN3997_c0_g1/TRINITY_DN4176_c0_g1/TRINITY_DN4336_c0_g1/TRINITY_DN4348_c0_g1/TRINITY_DN4556_c0_g1/TRINITY_DN4573_c0_g1/TRINITY_DN4643_c0_g1/TRINITY_DN4923_c0_g1/TRINITY_DN7613_c0_g2/TRINITY_DN8966_c0_g1/TRINITY_DN9171_c0_g1/TRINITY_DN10773_c0_g1/TRINITY_DN10839_c0_g1/TRINITY_DN15974_c0_g1/TRINITY_DN17627_c0_g1/TRINITY_DN17818_c0_g1/TRINITY_DN17959_c0_g1	47	interaction_vs_self	significant	down	CC	FALSE
GO:0090575	RNA polymerase II transcription regulator complex	4/717	50/2946	0.08	0.328702928870293	-2.71486143861149	0.999352958620772	0.999999837360975	0.91484060115472	TRINITY_DN1286_c0_g1/TRINITY_DN1543_c0_g1/TRINITY_DN3756_c0_g1/TRINITY_DN4432_c0_g1	4	interaction_vs_self	significant	down	CC	FALSE
GO:0005773	vacuole	48/717	288/2946	0.166666666666667	0.684797768479777	-3.1934140536424	0.99964172762379	0.999999837360975	0.91484060115472	TRINITY_DN129_c0_g1/TRINITY_DN158_c0_g1/TRINITY_DN165_c0_g1/TRINITY_DN227_c0_g1/TRINITY_DN315_c0_g1/TRINITY_DN448_c0_g1/TRINITY_DN685_c0_g1/TRINITY_DN693_c0_g1/TRINITY_DN743_c0_g1/TRINITY_DN761_c0_g1/TRINITY_DN784_c0_g1/TRINITY_DN1379_c0_g1/TRINITY_DN1382_c0_g1/TRINITY_DN1416_c0_g1/TRINITY_DN1428_c0_g1/TRINITY_DN1769_c0_g1/TRINITY_DN1790_c0_g1/TRINITY_DN1893_c0_g1/TRINITY_DN1906_c0_g1/TRINITY_DN1938_c0_g1/TRINITY_DN1967_c0_g1/TRINITY_DN2151_c0_g1/TRINITY_DN2619_c0_g1/TRINITY_DN2638_c0_g1/TRINITY_DN2743_c0_g1/TRINITY_DN2977_c0_g1/TRINITY_DN3060_c0_g1/TRINITY_DN3338_c0_g1/TRINITY_DN3392_c0_g1/TRINITY_DN3631_c0_g1/TRINITY_DN3997_c0_g1/TRINITY_DN4176_c0_g1/TRINITY_DN4336_c0_g1/TRINITY_DN4348_c0_g1/TRINITY_DN4556_c0_g1/TRINITY_DN4573_c0_g1/TRINITY_DN4643_c0_g1/TRINITY_DN4923_c0_g1/TRINITY_DN7613_c0_g2/TRINITY_DN8966_c0_g1/TRINITY_DN9171_c0_g1/TRINITY_DN10773_c0_g1/TRINITY_DN10839_c0_g1/TRINITY_DN11176_c0_g1/TRINITY_DN15974_c0_g1/TRINITY_DN17627_c0_g1/TRINITY_DN17818_c0_g1/TRINITY_DN17959_c0_g1	48	interaction_vs_self	significant	down	CC	FALSE
GO:0071004	U2-type prespliceosome	1/717	29/2946	0.0344827586206897	0.14168229692685	-2.63406233081246	0.999706204863315	0.999999837360975	0.91484060115472	TRINITY_DN524_c0_g1	1	interaction_vs_self	significant	down	CC	FALSE
GO:0071010	prespliceosome	1/717	29/2946	0.0344827586206897	0.14168229692685	-2.63406233081246	0.999706204863315	0.999999837360975	0.91484060115472	TRINITY_DN524_c0_g1	1	interaction_vs_self	significant	down	CC	FALSE
GO:0097525	spliceosomal snRNP complex	3/717	49/2946	0.0612244897959184	0.251558363931347	-2.99591112042021	0.999853183755141	0.999999837360975	0.91484060115472	TRINITY_DN524_c0_g1/TRINITY_DN3427_c0_g1/TRINITY_DN6998_c0_g1	3	interaction_vs_self	significant	down	CC	FALSE
GO:0005681	spliceosomal complex	10/717	99/2946	0.101010101010101	0.415028950593804	-3.35741811994482	0.999925910428372	0.999999837360975	0.91484060115472	TRINITY_DN524_c0_g1/TRINITY_DN2206_c0_g1/TRINITY_DN3414_c0_g1/TRINITY_DN3427_c0_g1/TRINITY_DN3654_c0_g1/TRINITY_DN4205_c0_g1/TRINITY_DN4232_c0_g1/TRINITY_DN9601_c0_g1/TRINITY_DN12384_c0_g1/TRINITY_DN18485_c0_g1	10	interaction_vs_self	significant	down	CC	FALSE
GO:0098588	bounding membrane of organelle	58/717	385/2946	0.150649350649351	0.618986034885616	-4.5468817802977	0.999999277628493	0.999999837360975	0.91484060115472	TRINITY_DN57_c0_g1/TRINITY_DN158_c0_g1/TRINITY_DN227_c0_g1/TRINITY_DN258_c0_g1/TRINITY_DN315_c0_g1/TRINITY_DN320_c0_g1/TRINITY_DN405_c0_g2/TRINITY_DN448_c0_g1/TRINITY_DN705_c0_g1/TRINITY_DN743_c0_g1/TRINITY_DN778_c0_g2/TRINITY_DN784_c0_g1/TRINITY_DN834_c0_g1/TRINITY_DN1125_c0_g1/TRINITY_DN1182_c0_g1/TRINITY_DN1195_c0_g1/TRINITY_DN1242_c0_g1/TRINITY_DN1270_c0_g1/TRINITY_DN1328_c0_g1/TRINITY_DN1329_c0_g1/TRINITY_DN1379_c0_g1/TRINITY_DN1906_c0_g1/TRINITY_DN1967_c0_g1/TRINITY_DN2087_c0_g1/TRINITY_DN2308_c0_g1/TRINITY_DN2523_c0_g1/TRINITY_DN2538_c0_g1/TRINITY_DN2619_c0_g1/TRINITY_DN2743_c0_g1/TRINITY_DN2825_c0_g1/TRINITY_DN2977_c0_g1/TRINITY_DN3192_c0_g1/TRINITY_DN3196_c0_g1/TRINITY_DN3287_c0_g1/TRINITY_DN3392_c0_g1/TRINITY_DN3526_c0_g1/TRINITY_DN3631_c0_g1/TRINITY_DN4176_c0_g1/TRINITY_DN4199_c0_g1/TRINITY_DN4348_c0_g1/TRINITY_DN4401_c0_g1/TRINITY_DN4408_c0_g1/TRINITY_DN4428_c0_g1/TRINITY_DN4436_c0_g1/TRINITY_DN4556_c0_g1/TRINITY_DN4615_c0_g1/TRINITY_DN4878_c0_g1/TRINITY_DN4923_c0_g1/TRINITY_DN5851_c0_g1/TRINITY_DN7198_c0_g1/TRINITY_DN7264_c1_g1/TRINITY_DN7955_c0_g1/TRINITY_DN8966_c0_g1/TRINITY_DN10773_c0_g1/TRINITY_DN16409_c0_g1/TRINITY_DN17715_c0_g1/TRINITY_DN17749_c0_g1/TRINITY_DN17818_c0_g1	58	interaction_vs_self	significant	down	CC	FALSE
GO:0000329	fungal-type vacuole membrane	16/717	163/2946	0.098159509202454	0.403316477141464	-4.44455656096456	0.999999648700425	0.999999837360975	0.91484060115472	TRINITY_DN158_c0_g1/TRINITY_DN315_c0_g1/TRINITY_DN448_c0_g1/TRINITY_DN743_c0_g1/TRINITY_DN784_c0_g1/TRINITY_DN1906_c0_g1/TRINITY_DN1967_c0_g1/TRINITY_DN2743_c0_g1/TRINITY_DN2977_c0_g1/TRINITY_DN3392_c0_g1/TRINITY_DN3631_c0_g1/TRINITY_DN4176_c0_g1/TRINITY_DN4348_c0_g1/TRINITY_DN4556_c0_g1/TRINITY_DN8966_c0_g1/TRINITY_DN10773_c0_g1	16	interaction_vs_self	significant	down	CC	FALSE
GO:0098852	lytic vacuole membrane	16/717	164/2946	0.0975609756097561	0.400857230329626	-4.4773482681365	0.999999711674428	0.999999837360975	0.91484060115472	TRINITY_DN158_c0_g1/TRINITY_DN315_c0_g1/TRINITY_DN448_c0_g1/TRINITY_DN743_c0_g1/TRINITY_DN784_c0_g1/TRINITY_DN1906_c0_g1/TRINITY_DN1967_c0_g1/TRINITY_DN2743_c0_g1/TRINITY_DN2977_c0_g1/TRINITY_DN3392_c0_g1/TRINITY_DN3631_c0_g1/TRINITY_DN4176_c0_g1/TRINITY_DN4348_c0_g1/TRINITY_DN4556_c0_g1/TRINITY_DN8966_c0_g1/TRINITY_DN10773_c0_g1	16	interaction_vs_self	significant	down	CC	FALSE
GO:0005774	vacuolar membrane	17/717	173/2946	0.0982658959537572	0.403753597600793	-4.58375167388272	0.999999837360975	0.999999837360975	0.91484060115472	TRINITY_DN158_c0_g1/TRINITY_DN315_c0_g1/TRINITY_DN448_c0_g1/TRINITY_DN743_c0_g1/TRINITY_DN784_c0_g1/TRINITY_DN1906_c0_g1/TRINITY_DN1967_c0_g1/TRINITY_DN2743_c0_g1/TRINITY_DN2977_c0_g1/TRINITY_DN3392_c0_g1/TRINITY_DN3631_c0_g1/TRINITY_DN4176_c0_g1/TRINITY_DN4348_c0_g1/TRINITY_DN4556_c0_g1/TRINITY_DN8966_c0_g1/TRINITY_DN10773_c0_g1/TRINITY_DN17818_c0_g1	17	interaction_vs_self	significant	down	CC	FALSE
