ID	Description	GeneRatio	BgRatio	RichFactor	FoldEnrichment	zScore	pvalue	p.adjust	qvalue	geneID	Count	contrast	gene_set	direction	ontology	significant_padj_0.05
GO:0022857	transmembrane transporter activity	54/388	252/2680	0.214285714285714	1.48011782032401	3.29396263105084	0.00109425306933304	0.216708677011579	0.207092089693212	TRINITY_DN48_c0_g1/TRINITY_DN132_c0_g1/TRINITY_DN156_c0_g1/TRINITY_DN273_c0_g1/TRINITY_DN299_c0_g1/TRINITY_DN383_c0_g1/TRINITY_DN387_c0_g1/TRINITY_DN404_c0_g1/TRINITY_DN551_c0_g1/TRINITY_DN579_c0_g1/TRINITY_DN674_c0_g1/TRINITY_DN762_c0_g1/TRINITY_DN802_c0_g1/TRINITY_DN804_c1_g1/TRINITY_DN1234_c0_g1/TRINITY_DN1317_c0_g1/TRINITY_DN1439_c0_g1/TRINITY_DN1485_c0_g1/TRINITY_DN1512_c0_g1/TRINITY_DN1936_c0_g1/TRINITY_DN2234_c0_g1/TRINITY_DN2348_c0_g1/TRINITY_DN2378_c0_g1/TRINITY_DN2403_c0_g1/TRINITY_DN2775_c0_g1/TRINITY_DN2833_c0_g1/TRINITY_DN2892_c0_g1/TRINITY_DN3055_c0_g1/TRINITY_DN3142_c0_g1/TRINITY_DN3296_c0_g1/TRINITY_DN3536_c0_g1/TRINITY_DN3624_c0_g1/TRINITY_DN3821_c0_g1/TRINITY_DN4210_c0_g1/TRINITY_DN4342_c0_g1/TRINITY_DN4384_c0_g1/TRINITY_DN4660_c0_g1/TRINITY_DN4769_c0_g1/TRINITY_DN4891_c0_g1/TRINITY_DN5677_c0_g1/TRINITY_DN6185_c0_g1/TRINITY_DN8899_c0_g1/TRINITY_DN9096_c0_g1/TRINITY_DN9161_c0_g1/TRINITY_DN10660_c0_g1/TRINITY_DN10749_c0_g1/TRINITY_DN10855_c0_g1/TRINITY_DN12577_c0_g1/TRINITY_DN12616_c0_g1/TRINITY_DN14671_c0_g1/TRINITY_DN15851_c0_g1/TRINITY_DN17667_c0_g1/TRINITY_DN17701_c0_g1/TRINITY_DN18363_c0_g1	54	interaction_vs_self	significant	up	MF	FALSE
GO:0043565	sequence-specific DNA binding	37/388	159/2680	0.232704402515723	1.60733968747974	3.24816972337635	0.00151701885265937	0.216708677011579	0.207092089693212	TRINITY_DN1_c0_g1/TRINITY_DN45_c0_g1/TRINITY_DN208_c0_g1/TRINITY_DN511_c0_g1/TRINITY_DN554_c2_g1/TRINITY_DN623_c0_g1/TRINITY_DN674_c0_g1/TRINITY_DN719_c0_g1/TRINITY_DN861_c0_g1/TRINITY_DN896_c0_g1/TRINITY_DN904_c0_g1/TRINITY_DN1008_c0_g1/TRINITY_DN1208_c0_g1/TRINITY_DN1363_c1_g1/TRINITY_DN1445_c0_g1/TRINITY_DN1491_c0_g1/TRINITY_DN1538_c1_g1/TRINITY_DN1680_c0_g1/TRINITY_DN1862_c0_g1/TRINITY_DN1881_c0_g1/TRINITY_DN1955_c0_g1/TRINITY_DN2100_c0_g1/TRINITY_DN2174_c0_g1/TRINITY_DN2956_c0_g1/TRINITY_DN3467_c0_g1/TRINITY_DN3900_c0_g1/TRINITY_DN4278_c0_g1/TRINITY_DN4710_c0_g1/TRINITY_DN5491_c0_g1/TRINITY_DN6381_c0_g1/TRINITY_DN6582_c0_g1/TRINITY_DN8832_c0_g1/TRINITY_DN10686_c1_g1/TRINITY_DN10814_c0_g1/TRINITY_DN15885_c0_g1/TRINITY_DN17598_c0_g1/TRINITY_DN18075_c0_g1	37	interaction_vs_self	significant	up	MF	FALSE
GO:0000977	RNA polymerase II transcription regulatory region sequence-specific DNA binding	18/388	61/2680	0.295081967213115	2.03819503126584	3.37420160206015	0.00171881417474244	0.216708677011579	0.207092089693212	TRINITY_DN208_c0_g1/TRINITY_DN674_c0_g1/TRINITY_DN719_c0_g1/TRINITY_DN861_c0_g1/TRINITY_DN896_c0_g1/TRINITY_DN1008_c0_g1/TRINITY_DN1208_c0_g1/TRINITY_DN1363_c1_g1/TRINITY_DN1491_c0_g1/TRINITY_DN1538_c1_g1/TRINITY_DN1680_c0_g1/TRINITY_DN1881_c0_g1/TRINITY_DN1955_c0_g1/TRINITY_DN2174_c0_g1/TRINITY_DN4278_c0_g1/TRINITY_DN5491_c0_g1/TRINITY_DN6381_c0_g1/TRINITY_DN17598_c0_g1	18	interaction_vs_self	significant	up	MF	FALSE
GO:0001067	transcription regulatory region nucleic acid binding	24/388	94/2680	0.25531914893617	1.76354463698179	3.10012360951647	0.00287676416113157	0.216708677011579	0.207092089693212	TRINITY_DN208_c0_g1/TRINITY_DN623_c0_g1/TRINITY_DN674_c0_g1/TRINITY_DN719_c0_g1/TRINITY_DN807_c0_g1/TRINITY_DN861_c0_g1/TRINITY_DN896_c0_g1/TRINITY_DN1008_c0_g1/TRINITY_DN1208_c0_g1/TRINITY_DN1363_c1_g1/TRINITY_DN1445_c0_g1/TRINITY_DN1491_c0_g1/TRINITY_DN1538_c1_g1/TRINITY_DN1680_c0_g1/TRINITY_DN1862_c0_g1/TRINITY_DN1881_c0_g1/TRINITY_DN1955_c0_g1/TRINITY_DN2174_c0_g1/TRINITY_DN3231_c0_g1/TRINITY_DN4278_c0_g1/TRINITY_DN5491_c0_g1/TRINITY_DN6381_c0_g1/TRINITY_DN17598_c0_g1/TRINITY_DN18075_c0_g1	24	interaction_vs_self	significant	up	MF	FALSE
GO:0003700	DNA-binding transcription factor activity	24/388	95/2680	0.252631578947368	1.74498100922409	3.04138671023501	0.00334416667496854	0.216708677011579	0.207092089693212	TRINITY_DN1_c0_g1/TRINITY_DN45_c0_g1/TRINITY_DN208_c0_g1/TRINITY_DN511_c0_g1/TRINITY_DN554_c2_g1/TRINITY_DN674_c0_g1/TRINITY_DN861_c0_g1/TRINITY_DN896_c0_g1/TRINITY_DN1008_c0_g1/TRINITY_DN1172_c0_g1/TRINITY_DN1208_c0_g1/TRINITY_DN1363_c1_g1/TRINITY_DN1445_c0_g1/TRINITY_DN1491_c0_g1/TRINITY_DN1538_c1_g1/TRINITY_DN1680_c0_g1/TRINITY_DN1862_c0_g1/TRINITY_DN1955_c0_g1/TRINITY_DN2100_c0_g1/TRINITY_DN2174_c0_g1/TRINITY_DN5491_c0_g1/TRINITY_DN6381_c0_g1/TRINITY_DN17598_c0_g1/TRINITY_DN18075_c0_g1	24	interaction_vs_self	significant	up	MF	FALSE
GO:0000978	RNA polymerase II cis-regulatory region sequence-specific DNA binding	15/388	50/2680	0.3	2.07216494845361	3.14820965080363	0.00344739688055457	0.216708677011579	0.207092089693212	TRINITY_DN719_c0_g1/TRINITY_DN861_c0_g1/TRINITY_DN896_c0_g1/TRINITY_DN1008_c0_g1/TRINITY_DN1208_c0_g1/TRINITY_DN1363_c1_g1/TRINITY_DN1491_c0_g1/TRINITY_DN1538_c1_g1/TRINITY_DN1680_c0_g1/TRINITY_DN1955_c0_g1/TRINITY_DN2174_c0_g1/TRINITY_DN4278_c0_g1/TRINITY_DN5491_c0_g1/TRINITY_DN6381_c0_g1/TRINITY_DN17598_c0_g1	15	interaction_vs_self	significant	up	MF	FALSE
GO:0000987	cis-regulatory region sequence-specific DNA binding	15/388	51/2680	0.294117647058824	2.03153426318981	3.05962616285713	0.00425345716817284	0.216708677011579	0.207092089693212	TRINITY_DN719_c0_g1/TRINITY_DN861_c0_g1/TRINITY_DN896_c0_g1/TRINITY_DN1008_c0_g1/TRINITY_DN1208_c0_g1/TRINITY_DN1363_c1_g1/TRINITY_DN1491_c0_g1/TRINITY_DN1538_c1_g1/TRINITY_DN1680_c0_g1/TRINITY_DN1955_c0_g1/TRINITY_DN2174_c0_g1/TRINITY_DN4278_c0_g1/TRINITY_DN5491_c0_g1/TRINITY_DN6381_c0_g1/TRINITY_DN17598_c0_g1	15	interaction_vs_self	significant	up	MF	FALSE
GO:0001227	DNA-binding transcription repressor activity, RNA polymerase II-specific	7/388	16/2680	0.4375	3.02190721649485	3.33694475220756	0.00443628745838669	0.216708677011579	0.207092089693212	TRINITY_DN45_c0_g1/TRINITY_DN674_c0_g1/TRINITY_DN861_c0_g1/TRINITY_DN1491_c0_g1/TRINITY_DN1538_c1_g1/TRINITY_DN1680_c0_g1/TRINITY_DN2174_c0_g1	7	interaction_vs_self	significant	up	MF	FALSE
GO:0000976	transcription cis-regulatory region binding	18/388	66/2680	0.272727272727273	1.88378631677601	2.99062088867184	0.00446771234776861	0.216708677011579	0.207092089693212	TRINITY_DN208_c0_g1/TRINITY_DN674_c0_g1/TRINITY_DN719_c0_g1/TRINITY_DN861_c0_g1/TRINITY_DN896_c0_g1/TRINITY_DN1008_c0_g1/TRINITY_DN1208_c0_g1/TRINITY_DN1363_c1_g1/TRINITY_DN1491_c0_g1/TRINITY_DN1538_c1_g1/TRINITY_DN1680_c0_g1/TRINITY_DN1881_c0_g1/TRINITY_DN1955_c0_g1/TRINITY_DN2174_c0_g1/TRINITY_DN4278_c0_g1/TRINITY_DN5491_c0_g1/TRINITY_DN6381_c0_g1/TRINITY_DN17598_c0_g1	18	interaction_vs_self	significant	up	MF	FALSE
GO:0005215	transporter activity	58/388	292/2680	0.198630136986301	1.37198135856517	2.77006751125362	0.00470942163576504	0.216708677011579	0.207092089693212	TRINITY_DN48_c0_g1/TRINITY_DN132_c0_g1/TRINITY_DN156_c0_g1/TRINITY_DN273_c0_g1/TRINITY_DN299_c0_g1/TRINITY_DN383_c0_g1/TRINITY_DN387_c0_g1/TRINITY_DN404_c0_g1/TRINITY_DN551_c0_g1/TRINITY_DN579_c0_g1/TRINITY_DN674_c0_g1/TRINITY_DN762_c0_g1/TRINITY_DN802_c0_g1/TRINITY_DN804_c1_g1/TRINITY_DN894_c0_g1/TRINITY_DN1234_c0_g1/TRINITY_DN1317_c0_g1/TRINITY_DN1439_c0_g1/TRINITY_DN1485_c0_g1/TRINITY_DN1512_c0_g1/TRINITY_DN1533_c0_g1/TRINITY_DN1936_c0_g1/TRINITY_DN2234_c0_g1/TRINITY_DN2348_c0_g1/TRINITY_DN2378_c0_g1/TRINITY_DN2403_c0_g1/TRINITY_DN2713_c0_g1/TRINITY_DN2775_c0_g1/TRINITY_DN2833_c0_g1/TRINITY_DN2892_c0_g1/TRINITY_DN3055_c0_g1/TRINITY_DN3142_c0_g1/TRINITY_DN3296_c0_g1/TRINITY_DN3536_c0_g1/TRINITY_DN3624_c0_g1/TRINITY_DN3741_c0_g1/TRINITY_DN3821_c0_g1/TRINITY_DN4210_c0_g1/TRINITY_DN4342_c0_g1/TRINITY_DN4384_c0_g1/TRINITY_DN4660_c0_g1/TRINITY_DN4769_c0_g1/TRINITY_DN4891_c0_g1/TRINITY_DN5677_c0_g1/TRINITY_DN6185_c0_g1/TRINITY_DN8899_c0_g1/TRINITY_DN9096_c0_g1/TRINITY_DN9161_c0_g1/TRINITY_DN10660_c0_g1/TRINITY_DN10749_c0_g1/TRINITY_DN10855_c0_g1/TRINITY_DN12577_c0_g1/TRINITY_DN12616_c0_g1/TRINITY_DN14671_c0_g1/TRINITY_DN15851_c0_g1/TRINITY_DN17667_c0_g1/TRINITY_DN17701_c0_g1/TRINITY_DN18363_c0_g1	58	interaction_vs_self	significant	up	MF	FALSE
GO:0005261	monoatomic cation channel activity	5/388	9/2680	0.555555555555556	3.83734249713631	3.50744594435242	0.00472937949548934	0.216708677011579	0.207092089693212	TRINITY_DN762_c0_g1/TRINITY_DN1234_c0_g1/TRINITY_DN4384_c0_g1/TRINITY_DN4891_c0_g1/TRINITY_DN17667_c0_g1	5	interaction_vs_self	significant	up	MF	FALSE
GO:0004888	transmembrane signaling receptor activity	4/388	6/2680	0.666666666666667	4.60481099656357	3.63640575064005	0.00509902769439009	0.216708677011579	0.207092089693212	TRINITY_DN566_c0_g1/TRINITY_DN2648_c0_g2/TRINITY_DN2998_c0_g1/TRINITY_DN4659_c0_g1	4	interaction_vs_self	significant	up	MF	FALSE
GO:0000981	DNA-binding transcription factor activity, RNA polymerase II-specific	19/388	73/2680	0.26027397260274	1.79776867674057	2.84290801417248	0.00616344980807535	0.225065124773695	0.215077714696018	TRINITY_DN45_c0_g1/TRINITY_DN208_c0_g1/TRINITY_DN674_c0_g1/TRINITY_DN861_c0_g1/TRINITY_DN896_c0_g1/TRINITY_DN1008_c0_g1/TRINITY_DN1208_c0_g1/TRINITY_DN1363_c1_g1/TRINITY_DN1491_c0_g1/TRINITY_DN1538_c1_g1/TRINITY_DN1680_c0_g1/TRINITY_DN1862_c0_g1/TRINITY_DN1955_c0_g1/TRINITY_DN2100_c0_g1/TRINITY_DN2174_c0_g1/TRINITY_DN5491_c0_g1/TRINITY_DN6381_c0_g1/TRINITY_DN17598_c0_g1/TRINITY_DN18075_c0_g1	19	interaction_vs_self	significant	up	MF	FALSE
GO:0015267	channel activity	7/388	17/2680	0.411764705882353	2.84414796846574	3.13783104080494	0.00661956249334398	0.225065124773695	0.215077714696018	TRINITY_DN762_c0_g1/TRINITY_DN1234_c0_g1/TRINITY_DN2378_c0_g1/TRINITY_DN2403_c0_g1/TRINITY_DN4384_c0_g1/TRINITY_DN4891_c0_g1/TRINITY_DN17667_c0_g1	7	interaction_vs_self	significant	up	MF	FALSE
GO:0022803	passive transmembrane transporter activity	7/388	17/2680	0.411764705882353	2.84414796846574	3.13783104080494	0.00661956249334398	0.225065124773695	0.215077714696018	TRINITY_DN762_c0_g1/TRINITY_DN1234_c0_g1/TRINITY_DN2378_c0_g1/TRINITY_DN2403_c0_g1/TRINITY_DN4384_c0_g1/TRINITY_DN4891_c0_g1/TRINITY_DN17667_c0_g1	7	interaction_vs_self	significant	up	MF	FALSE
GO:0005216	monoatomic ion channel activity	6/388	14/2680	0.428571428571429	2.96023564064801	3.0250819164712	0.00950904365970754	0.285271309791226	0.272612211420718	TRINITY_DN762_c0_g1/TRINITY_DN1234_c0_g1/TRINITY_DN2378_c0_g1/TRINITY_DN4384_c0_g1/TRINITY_DN4891_c0_g1/TRINITY_DN17667_c0_g1	6	interaction_vs_self	significant	up	MF	FALSE
GO:0016763	pentosyltransferase activity	6/388	14/2680	0.428571428571429	2.96023564064801	3.0250819164712	0.00950904365970754	0.285271309791226	0.272612211420718	TRINITY_DN582_c0_g1/TRINITY_DN616_c0_g1/TRINITY_DN762_c0_g1/TRINITY_DN847_c0_g1/TRINITY_DN1430_c0_g1/TRINITY_DN4269_c0_g1	6	interaction_vs_self	significant	up	MF	FALSE
GO:0038023	signaling receptor activity	4/388	7/2680	0.571428571428571	3.94698085419735	3.21160235674189	0.0105460374789298	0.285905655573555	0.273218407699806	TRINITY_DN566_c0_g1/TRINITY_DN2648_c0_g2/TRINITY_DN2998_c0_g1/TRINITY_DN4659_c0_g1	4	interaction_vs_self	significant	up	MF	FALSE
GO:0016705	oxidoreductase activity, acting on paired donors, with incorporation or reduction of molecular oxygen	9/388	27/2680	0.333333333333333	2.30240549828179	2.79804304271372	0.0106513871684266	0.285905655573555	0.273218407699806	TRINITY_DN116_c0_g1/TRINITY_DN137_c0_g1/TRINITY_DN688_c0_g1/TRINITY_DN1626_c0_g1/TRINITY_DN1680_c0_g1/TRINITY_DN3157_c0_g1/TRINITY_DN3452_c0_g1/TRINITY_DN4415_c0_g1/TRINITY_DN6550_c0_g1	9	interaction_vs_self	significant	up	MF	FALSE
GO:0016757	glycosyltransferase activity	18/388	72/2680	0.25	1.72680412371134	2.57172632441702	0.0117417753868597	0.296488385534127	0.283331522192571	TRINITY_DN1_c0_g2/TRINITY_DN22_c0_g1/TRINITY_DN36_c0_g1/TRINITY_DN61_c0_g1/TRINITY_DN172_c0_g1/TRINITY_DN582_c0_g1/TRINITY_DN616_c0_g1/TRINITY_DN674_c0_g1/TRINITY_DN762_c0_g1/TRINITY_DN763_c0_g1/TRINITY_DN847_c0_g1/TRINITY_DN1359_c0_g1/TRINITY_DN1430_c0_g1/TRINITY_DN2754_c0_g1/TRINITY_DN3365_c0_g1/TRINITY_DN4269_c0_g1/TRINITY_DN4281_c0_g1/TRINITY_DN4540_c0_g1	18	interaction_vs_self	significant	up	MF	FALSE
GO:0015291	secondary active transmembrane transporter activity	15/388	57/2680	0.263157894736842	1.81768855127509	2.56697188821338	0.0128738769593247	0.296488385534127	0.283331522192571	TRINITY_DN132_c0_g1/TRINITY_DN299_c0_g1/TRINITY_DN404_c0_g1/TRINITY_DN802_c0_g1/TRINITY_DN1439_c0_g1/TRINITY_DN2378_c0_g1/TRINITY_DN2833_c0_g1/TRINITY_DN2892_c0_g1/TRINITY_DN3296_c0_g1/TRINITY_DN3536_c0_g1/TRINITY_DN3624_c0_g1/TRINITY_DN6185_c0_g1/TRINITY_DN8899_c0_g1/TRINITY_DN12577_c0_g1/TRINITY_DN12616_c0_g1	15	interaction_vs_self	significant	up	MF	FALSE
GO:0019900	kinase binding	7/388	19/2680	0.368421052631579	2.54476397178513	2.77978628644842	0.0132273279597356	0.296488385534127	0.283331522192571	TRINITY_DN398_c0_g1/TRINITY_DN861_c0_g1/TRINITY_DN2174_c0_g1/TRINITY_DN2648_c0_g2/TRINITY_DN2948_c0_g1/TRINITY_DN3821_c0_g1/TRINITY_DN4954_c0_g1	7	interaction_vs_self	significant	up	MF	FALSE
GO:0016538	cyclin-dependent protein serine/threonine kinase regulator activity	6/388	15/2680	0.4	2.76288659793814	2.81654251979459	0.0139523946133707	0.296488385534127	0.283331522192571	TRINITY_DN0_c0_g2/TRINITY_DN519_c0_g1/TRINITY_DN803_c0_g1/TRINITY_DN1429_c0_g1/TRINITY_DN3891_c0_g1/TRINITY_DN4954_c0_g1	6	interaction_vs_self	significant	up	MF	FALSE
GO:0051087	protein-folding chaperone binding	6/388	15/2680	0.4	2.76288659793814	2.81654251979459	0.0139523946133707	0.296488385534127	0.283331522192571	TRINITY_DN1797_c0_g1/TRINITY_DN1839_c0_g1/TRINITY_DN4050_c0_g1/TRINITY_DN10814_c0_g1/TRINITY_DN14186_c0_g1/TRINITY_DN17761_c0_g1	6	interaction_vs_self	significant	up	MF	FALSE
GO:0005262	calcium channel activity	4/388	8/2680	0.5	3.45360824742268	2.85908391575821	0.0187089104472875	0.36367920777805	0.347540708361686	TRINITY_DN762_c0_g1/TRINITY_DN1234_c0_g1/TRINITY_DN4891_c0_g1/TRINITY_DN17667_c0_g1	4	interaction_vs_self	significant	up	MF	FALSE
GO:0031490	chromatin DNA binding	4/388	8/2680	0.5	3.45360824742268	2.85908391575821	0.0187089104472875	0.36367920777805	0.347540708361686	TRINITY_DN1_c0_g1/TRINITY_DN623_c0_g1/TRINITY_DN1208_c0_g1/TRINITY_DN15885_c0_g1	4	interaction_vs_self	significant	up	MF	FALSE
GO:0060089	molecular transducer activity	5/388	12/2680	0.416666666666667	2.87800687285223	2.68219161597428	0.020462486937011	0.36367920777805	0.347540708361686	TRINITY_DN398_c0_g1/TRINITY_DN566_c0_g1/TRINITY_DN2648_c0_g2/TRINITY_DN2998_c0_g1/TRINITY_DN4659_c0_g1	5	interaction_vs_self	significant	up	MF	FALSE
GO:1990837	sequence-specific double-stranded DNA binding	24/388	110/2680	0.218181818181818	1.50702905342081	2.23386816776654	0.0220244474442224	0.36367920777805	0.347540708361686	TRINITY_DN1_c0_g1/TRINITY_DN208_c0_g1/TRINITY_DN623_c0_g1/TRINITY_DN674_c0_g1/TRINITY_DN719_c0_g1/TRINITY_DN861_c0_g1/TRINITY_DN896_c0_g1/TRINITY_DN1008_c0_g1/TRINITY_DN1208_c0_g1/TRINITY_DN1363_c1_g1/TRINITY_DN1491_c0_g1/TRINITY_DN1538_c1_g1/TRINITY_DN1680_c0_g1/TRINITY_DN1881_c0_g1/TRINITY_DN1955_c0_g1/TRINITY_DN2174_c0_g1/TRINITY_DN4278_c0_g1/TRINITY_DN4710_c0_g1/TRINITY_DN5491_c0_g1/TRINITY_DN6381_c0_g1/TRINITY_DN10686_c1_g1/TRINITY_DN10814_c0_g1/TRINITY_DN15885_c0_g1/TRINITY_DN17598_c0_g1	24	interaction_vs_self	significant	up	MF	FALSE
GO:0015297	antiporter activity	7/388	21/2680	0.333333333333333	2.30240549828179	2.46485634231774	0.0235774012902897	0.36367920777805	0.347540708361686	TRINITY_DN299_c0_g1/TRINITY_DN404_c0_g1/TRINITY_DN802_c0_g1/TRINITY_DN2378_c0_g1/TRINITY_DN3296_c0_g1/TRINITY_DN3624_c0_g1/TRINITY_DN6185_c0_g1	7	interaction_vs_self	significant	up	MF	FALSE
GO:0000170	sphingosine hydroxylase activity	3/388	5/2680	0.6	4.14432989690722	2.89498372811255	0.0240150071279735	0.36367920777805	0.347540708361686	TRINITY_DN6550_c0_g1/TRINITY_DN7184_c0_g1/TRINITY_DN13997_c4_g1	3	interaction_vs_self	significant	up	MF	FALSE
GO:0000979	RNA polymerase II core promoter sequence-specific DNA binding	3/388	5/2680	0.6	4.14432989690722	2.89498372811255	0.0240150071279735	0.36367920777805	0.347540708361686	TRINITY_DN208_c0_g1/TRINITY_DN896_c0_g1/TRINITY_DN1881_c0_g1	3	interaction_vs_self	significant	up	MF	FALSE
GO:0016832	aldehyde-lyase activity	3/388	5/2680	0.6	4.14432989690722	2.89498372811255	0.0240150071279735	0.36367920777805	0.347540708361686	TRINITY_DN674_c0_g1/TRINITY_DN1300_c0_g1/TRINITY_DN2630_c0_g1	3	interaction_vs_self	significant	up	MF	FALSE
GO:0061575	cyclin-dependent protein serine/threonine kinase activator activity	3/388	5/2680	0.6	4.14432989690722	2.89498372811255	0.0240150071279735	0.36367920777805	0.347540708361686	TRINITY_DN519_c0_g1/TRINITY_DN3891_c0_g1/TRINITY_DN4954_c0_g1	3	interaction_vs_self	significant	up	MF	FALSE
GO:0015075	monoatomic ion transmembrane transporter activity	37/388	187/2680	0.197860962566845	1.36666850432769	2.13859321191938	0.0242452805185366	0.36367920777805	0.347540708361686	TRINITY_DN132_c0_g1/TRINITY_DN156_c0_g1/TRINITY_DN299_c0_g1/TRINITY_DN387_c0_g1/TRINITY_DN404_c0_g1/TRINITY_DN579_c0_g1/TRINITY_DN762_c0_g1/TRINITY_DN802_c0_g1/TRINITY_DN804_c1_g1/TRINITY_DN1234_c0_g1/TRINITY_DN1317_c0_g1/TRINITY_DN1439_c0_g1/TRINITY_DN1485_c0_g1/TRINITY_DN1512_c0_g1/TRINITY_DN1936_c0_g1/TRINITY_DN2234_c0_g1/TRINITY_DN2378_c0_g1/TRINITY_DN2833_c0_g1/TRINITY_DN2892_c0_g1/TRINITY_DN3296_c0_g1/TRINITY_DN3536_c0_g1/TRINITY_DN3624_c0_g1/TRINITY_DN4342_c0_g1/TRINITY_DN4384_c0_g1/TRINITY_DN4660_c0_g1/TRINITY_DN4891_c0_g1/TRINITY_DN5677_c0_g1/TRINITY_DN6185_c0_g1/TRINITY_DN8899_c0_g1/TRINITY_DN9096_c0_g1/TRINITY_DN10855_c0_g1/TRINITY_DN12577_c0_g1/TRINITY_DN14671_c0_g1/TRINITY_DN15851_c0_g1/TRINITY_DN17667_c0_g1/TRINITY_DN17701_c0_g1/TRINITY_DN18363_c0_g1	37	interaction_vs_self	significant	up	MF	FALSE
GO:0016773	phosphotransferase activity, alcohol group as acceptor	31/388	153/2680	0.202614379084967	1.39950138130854	2.09341963208444	0.0277308328793679	0.397661006900141	0.38001454322965	TRINITY_DN9_c0_g2/TRINITY_DN36_c0_g1/TRINITY_DN66_c0_g1/TRINITY_DN132_c0_g1/TRINITY_DN147_c0_g1/TRINITY_DN398_c0_g1/TRINITY_DN560_c0_g1/TRINITY_DN587_c0_g1/TRINITY_DN676_c0_g1/TRINITY_DN1037_c0_g1/TRINITY_DN1043_c0_g1/TRINITY_DN1168_c0_g1/TRINITY_DN1214_c0_g1/TRINITY_DN1512_c0_g1/TRINITY_DN1823_c0_g1/TRINITY_DN1841_c0_g2/TRINITY_DN2063_c0_g1/TRINITY_DN2167_c0_g1/TRINITY_DN2403_c0_g1/TRINITY_DN2948_c0_g1/TRINITY_DN2998_c0_g1/TRINITY_DN3029_c0_g1/TRINITY_DN3536_c0_g1/TRINITY_DN3546_c0_g1/TRINITY_DN3821_c0_g1/TRINITY_DN4249_c0_g1/TRINITY_DN4268_c0_g1/TRINITY_DN4953_c0_g1/TRINITY_DN5351_c0_g1/TRINITY_DN8876_c0_g1/TRINITY_DN14198_c0_g1	31	interaction_vs_self	significant	up	MF	FALSE
GO:0004712	protein serine/threonine/tyrosine kinase activity	4/388	9/2680	0.444444444444444	3.06987399770905	2.55872217256553	0.029892535208726	0.397661006900141	0.38001454322965	TRINITY_DN1512_c0_g1/TRINITY_DN2948_c0_g1/TRINITY_DN3029_c0_g1/TRINITY_DN3821_c0_g1	4	interaction_vs_self	significant	up	MF	FALSE
GO:0046873	metal ion transmembrane transporter activity	13/388	52/2680	0.25	1.72680412371134	2.17721484614233	0.0300465942100054	0.397661006900141	0.38001454322965	TRINITY_DN404_c0_g1/TRINITY_DN762_c0_g1/TRINITY_DN1234_c0_g1/TRINITY_DN1317_c0_g1/TRINITY_DN2378_c0_g1/TRINITY_DN2892_c0_g1/TRINITY_DN3296_c0_g1/TRINITY_DN4384_c0_g1/TRINITY_DN4891_c0_g1/TRINITY_DN9096_c0_g1/TRINITY_DN12577_c0_g1/TRINITY_DN15851_c0_g1/TRINITY_DN17667_c0_g1	13	interaction_vs_self	significant	up	MF	FALSE
GO:0015085	calcium ion transmembrane transporter activity	7/388	22/2680	0.318181818181818	2.19775070290534	2.3205728106489	0.0304093711158932	0.397661006900141	0.38001454322965	TRINITY_DN404_c0_g1/TRINITY_DN762_c0_g1/TRINITY_DN1234_c0_g1/TRINITY_DN2378_c0_g1/TRINITY_DN4384_c0_g1/TRINITY_DN4891_c0_g1/TRINITY_DN17667_c0_g1	7	interaction_vs_self	significant	up	MF	FALSE
GO:0031072	heat shock protein binding	7/388	22/2680	0.318181818181818	2.19775070290534	2.3205728106489	0.0304093711158932	0.397661006900141	0.38001454322965	TRINITY_DN771_c0_g1/TRINITY_DN1544_c0_g1/TRINITY_DN1777_c0_g1/TRINITY_DN2100_c0_g1/TRINITY_DN2658_c0_g1/TRINITY_DN4050_c0_g1/TRINITY_DN17761_c0_g1	7	interaction_vs_self	significant	up	MF	FALSE
GO:0061659	ubiquitin-like protein ligase activity	17/388	74/2680	0.22972972972973	1.58679297854556	2.10575807927138	0.0315877058093108	0.402743249068713	0.384871257623971	TRINITY_DN116_c0_g1/TRINITY_DN204_c0_g1/TRINITY_DN298_c0_g1/TRINITY_DN532_c0_g1/TRINITY_DN674_c0_g1/TRINITY_DN1070_c0_g1/TRINITY_DN1401_c0_g1/TRINITY_DN1619_c0_g1/TRINITY_DN1710_c1_g1/TRINITY_DN1914_c0_g1/TRINITY_DN2355_c0_g1/TRINITY_DN2447_c0_g2/TRINITY_DN2468_c0_g1/TRINITY_DN3231_c0_g1/TRINITY_DN3507_c0_g1/TRINITY_DN3891_c0_g1/TRINITY_DN10682_c0_g1	17	interaction_vs_self	significant	up	MF	FALSE
GO:0008514	organic anion transmembrane transporter activity	18/388	80/2680	0.225	1.55412371134021	2.06995053219868	0.0333156269868813	0.414413896666084	0.396024012706701	TRINITY_DN132_c0_g1/TRINITY_DN299_c0_g1/TRINITY_DN387_c0_g1/TRINITY_DN1439_c0_g1/TRINITY_DN1485_c0_g1/TRINITY_DN1512_c0_g1/TRINITY_DN1936_c0_g1/TRINITY_DN2234_c0_g1/TRINITY_DN2378_c0_g1/TRINITY_DN2833_c0_g1/TRINITY_DN2892_c0_g1/TRINITY_DN3624_c0_g1/TRINITY_DN4342_c0_g1/TRINITY_DN4660_c0_g1/TRINITY_DN4891_c0_g1/TRINITY_DN6185_c0_g1/TRINITY_DN14671_c0_g1/TRINITY_DN17667_c0_g1	18	interaction_vs_self	significant	up	MF	FALSE
GO:0140110	transcription regulator activity	33/388	168/2680	0.196428571428571	1.35677466863034	1.9648696648217	0.0356394654202322	0.432764937245676	0.413560714024248	TRINITY_DN1_c0_g1/TRINITY_DN45_c0_g1/TRINITY_DN208_c0_g1/TRINITY_DN511_c0_g1/TRINITY_DN554_c2_g1/TRINITY_DN674_c0_g1/TRINITY_DN805_c0_g1/TRINITY_DN861_c0_g1/TRINITY_DN896_c0_g1/TRINITY_DN1008_c0_g1/TRINITY_DN1172_c0_g1/TRINITY_DN1208_c0_g1/TRINITY_DN1221_c1_g2/TRINITY_DN1270_c0_g5/TRINITY_DN1363_c1_g1/TRINITY_DN1445_c0_g1/TRINITY_DN1491_c0_g1/TRINITY_DN1538_c1_g1/TRINITY_DN1619_c0_g1/TRINITY_DN1680_c0_g1/TRINITY_DN1862_c0_g1/TRINITY_DN1881_c0_g1/TRINITY_DN1955_c0_g1/TRINITY_DN2100_c0_g1/TRINITY_DN2174_c0_g1/TRINITY_DN2956_c0_g1/TRINITY_DN5491_c0_g1/TRINITY_DN6381_c0_g1/TRINITY_DN8784_c0_g1/TRINITY_DN15885_c0_g1/TRINITY_DN16074_c0_g1/TRINITY_DN17598_c0_g1/TRINITY_DN18075_c0_g1	33	interaction_vs_self	significant	up	MF	FALSE
GO:0016747	acyltransferase activity, transferring groups other than amino-acyl groups	18/388	82/2680	0.219512195121951	1.51621825496605	1.95306017402915	0.0416757965490716	0.475973981443349	0.454852329016038	TRINITY_DN138_c0_g1/TRINITY_DN556_c0_g1/TRINITY_DN763_c0_g1/TRINITY_DN847_c0_g1/TRINITY_DN880_c0_g1/TRINITY_DN904_c0_g1/TRINITY_DN1310_c0_g1/TRINITY_DN1342_c0_g1/TRINITY_DN1797_c0_g1/TRINITY_DN1881_c0_g1/TRINITY_DN2128_c0_g1/TRINITY_DN2389_c0_g1/TRINITY_DN2956_c0_g1/TRINITY_DN4058_c0_g1/TRINITY_DN4476_c0_g1/TRINITY_DN4750_c0_g1/TRINITY_DN12496_c0_g1/TRINITY_DN14326_c0_g1	18	interaction_vs_self	significant	up	MF	FALSE
GO:0000297	spermine transmembrane transporter activity	3/388	6/2680	0.5	3.45360824742268	2.47511316106482	0.042930986561557	0.475973981443349	0.454852329016038	TRINITY_DN156_c0_g1/TRINITY_DN17701_c0_g1/TRINITY_DN18363_c0_g1	3	interaction_vs_self	significant	up	MF	FALSE
GO:0004713	protein tyrosine kinase activity	3/388	6/2680	0.5	3.45360824742268	2.47511316106482	0.042930986561557	0.475973981443349	0.454852329016038	TRINITY_DN132_c0_g1/TRINITY_DN2167_c0_g1/TRINITY_DN3029_c0_g1	3	interaction_vs_self	significant	up	MF	FALSE
GO:0032451	demethylase activity	3/388	6/2680	0.5	3.45360824742268	2.47511316106482	0.042930986561557	0.475973981443349	0.454852329016038	TRINITY_DN116_c0_g1/TRINITY_DN137_c0_g1/TRINITY_DN1680_c0_g1	3	interaction_vs_self	significant	up	MF	FALSE
GO:0022804	active transmembrane transporter activity	23/388	112/2680	0.205357142857143	1.41844624447717	1.86099878265171	0.0468787151094843	0.508683929911425	0.486110752423096	TRINITY_DN48_c0_g1/TRINITY_DN132_c0_g1/TRINITY_DN299_c0_g1/TRINITY_DN404_c0_g1/TRINITY_DN579_c0_g1/TRINITY_DN802_c0_g1/TRINITY_DN804_c1_g1/TRINITY_DN1439_c0_g1/TRINITY_DN2348_c0_g1/TRINITY_DN2378_c0_g1/TRINITY_DN2833_c0_g1/TRINITY_DN2892_c0_g1/TRINITY_DN3142_c0_g1/TRINITY_DN3296_c0_g1/TRINITY_DN3536_c0_g1/TRINITY_DN3624_c0_g1/TRINITY_DN3821_c0_g1/TRINITY_DN5677_c0_g1/TRINITY_DN6185_c0_g1/TRINITY_DN8899_c0_g1/TRINITY_DN10855_c0_g1/TRINITY_DN12577_c0_g1/TRINITY_DN12616_c0_g1	23	interaction_vs_self	significant	up	MF	FALSE
GO:0060090	molecular adaptor activity	13/388	56/2680	0.232142857142857	1.60346097201767	1.87739734375629	0.0521244171449663	0.537408258542278	0.513560420443911	TRINITY_DN155_c0_g1/TRINITY_DN386_c0_g1/TRINITY_DN1207_c0_g1/TRINITY_DN1208_c0_g1/TRINITY_DN1841_c0_g2/TRINITY_DN1960_c0_g1/TRINITY_DN2389_c0_g1/TRINITY_DN2648_c0_g2/TRINITY_DN2948_c0_g1/TRINITY_DN4489_c0_g1/TRINITY_DN4947_c0_g1/TRINITY_DN10825_c0_g1/TRINITY_DN14186_c0_g1	13	interaction_vs_self	significant	up	MF	FALSE
GO:0003677	DNA binding	56/388	317/2680	0.176656151419558	1.22020228300107	1.71757021627445	0.0536906363228526	0.537408258542278	0.513560420443911	TRINITY_DN1_c0_g1/TRINITY_DN34_c0_g1/TRINITY_DN45_c0_g1/TRINITY_DN104_c0_g1/TRINITY_DN105_c0_g1/TRINITY_DN116_c0_g1/TRINITY_DN208_c0_g1/TRINITY_DN511_c0_g1/TRINITY_DN528_c0_g1/TRINITY_DN554_c2_g1/TRINITY_DN623_c0_g1/TRINITY_DN674_c0_g1/TRINITY_DN719_c0_g1/TRINITY_DN804_c0_g1/TRINITY_DN807_c0_g1/TRINITY_DN861_c0_g1/TRINITY_DN896_c0_g1/TRINITY_DN904_c0_g1/TRINITY_DN983_c0_g1/TRINITY_DN1008_c0_g1/TRINITY_DN1072_c0_g1/TRINITY_DN1172_c0_g1/TRINITY_DN1208_c0_g1/TRINITY_DN1221_c1_g2/TRINITY_DN1363_c1_g1/TRINITY_DN1445_c0_g1/TRINITY_DN1491_c0_g1/TRINITY_DN1538_c1_g1/TRINITY_DN1614_c0_g1/TRINITY_DN1680_c0_g1/TRINITY_DN1862_c0_g1/TRINITY_DN1881_c0_g1/TRINITY_DN1955_c0_g1/TRINITY_DN2100_c0_g1/TRINITY_DN2174_c0_g1/TRINITY_DN2715_c0_g1/TRINITY_DN2956_c0_g1/TRINITY_DN3231_c0_g1/TRINITY_DN3467_c0_g1/TRINITY_DN3862_c0_g1/TRINITY_DN3900_c0_g1/TRINITY_DN4278_c0_g1/TRINITY_DN4710_c0_g1/TRINITY_DN4716_c0_g1/TRINITY_DN4822_c0_g1/TRINITY_DN5491_c0_g1/TRINITY_DN6381_c0_g1/TRINITY_DN6582_c0_g1/TRINITY_DN8832_c0_g1/TRINITY_DN10686_c1_g1/TRINITY_DN10814_c0_g1/TRINITY_DN14234_c0_g1/TRINITY_DN15874_c0_g1/TRINITY_DN15885_c0_g1/TRINITY_DN17598_c0_g1/TRINITY_DN18075_c0_g1	56	interaction_vs_self	significant	up	MF	FALSE
GO:0030544	Hsp70 protein binding	6/388	20/2680	0.3	2.07216494845361	1.97984274966954	0.0575456282279857	0.537408258542278	0.513560420443911	TRINITY_DN771_c0_g1/TRINITY_DN1544_c0_g1/TRINITY_DN1777_c0_g1/TRINITY_DN2100_c0_g1/TRINITY_DN2658_c0_g1/TRINITY_DN17761_c0_g1	6	interaction_vs_self	significant	up	MF	FALSE
GO:0004721	phosphoprotein phosphatase activity	8/388	30/2680	0.266666666666667	1.84192439862543	1.9076807560235	0.0576623195375152	0.537408258542278	0.513560420443911	TRINITY_DN785_c0_g1/TRINITY_DN1432_c0_g1/TRINITY_DN3614_c0_g1/TRINITY_DN4282_c0_g1/TRINITY_DN4679_c0_g1/TRINITY_DN5001_c0_g1/TRINITY_DN11142_c0_g1/TRINITY_DN14089_c0_g1	8	interaction_vs_self	significant	up	MF	FALSE
GO:0008509	monoatomic anion transmembrane transporter activity	19/388	91/2680	0.208791208791209	1.44216608134134	1.76536701840914	0.0581176325938825	0.537408258542278	0.513560420443911	TRINITY_DN132_c0_g1/TRINITY_DN299_c0_g1/TRINITY_DN387_c0_g1/TRINITY_DN802_c0_g1/TRINITY_DN1439_c0_g1/TRINITY_DN1485_c0_g1/TRINITY_DN1512_c0_g1/TRINITY_DN1936_c0_g1/TRINITY_DN2234_c0_g1/TRINITY_DN2378_c0_g1/TRINITY_DN2833_c0_g1/TRINITY_DN2892_c0_g1/TRINITY_DN3624_c0_g1/TRINITY_DN4342_c0_g1/TRINITY_DN4660_c0_g1/TRINITY_DN4891_c0_g1/TRINITY_DN6185_c0_g1/TRINITY_DN14671_c0_g1/TRINITY_DN17667_c0_g1	19	interaction_vs_self	significant	up	MF	FALSE
GO:0061630	ubiquitin protein ligase activity	13/388	57/2680	0.228070175438596	1.57533007777175	1.80613527458676	0.0590318779674779	0.537408258542278	0.513560420443911	TRINITY_DN204_c0_g1/TRINITY_DN298_c0_g1/TRINITY_DN532_c0_g1/TRINITY_DN674_c0_g1/TRINITY_DN1070_c0_g1/TRINITY_DN1401_c0_g1/TRINITY_DN1619_c0_g1/TRINITY_DN1710_c1_g1/TRINITY_DN1914_c0_g1/TRINITY_DN2355_c0_g1/TRINITY_DN3231_c0_g1/TRINITY_DN3891_c0_g1/TRINITY_DN10682_c0_g1	13	interaction_vs_self	significant	up	MF	FALSE
GO:0016746	acyltransferase activity	20/388	97/2680	0.206185567010309	1.42416834945265	1.75047872280143	0.0590751397647792	0.537408258542278	0.513560420443911	TRINITY_DN138_c0_g1/TRINITY_DN556_c0_g1/TRINITY_DN763_c0_g1/TRINITY_DN847_c0_g1/TRINITY_DN880_c0_g1/TRINITY_DN904_c0_g1/TRINITY_DN1048_c0_g1/TRINITY_DN1100_c0_g1/TRINITY_DN1310_c0_g1/TRINITY_DN1342_c0_g1/TRINITY_DN1797_c0_g1/TRINITY_DN1881_c0_g1/TRINITY_DN2128_c0_g1/TRINITY_DN2389_c0_g1/TRINITY_DN2956_c0_g1/TRINITY_DN4058_c0_g1/TRINITY_DN4476_c0_g1/TRINITY_DN4750_c0_g1/TRINITY_DN12496_c0_g1/TRINITY_DN14326_c0_g1	20	interaction_vs_self	significant	up	MF	FALSE
GO:0008757	S-adenosylmethionine-dependent methyltransferase activity	16/388	74/2680	0.216216216216216	1.4934522151017	1.77079656143856	0.0597250905470098	0.537408258542278	0.513560420443911	TRINITY_DN39_c0_g1/TRINITY_DN147_c0_g1/TRINITY_DN273_c0_g1/TRINITY_DN277_c0_g1/TRINITY_DN688_c0_g1/TRINITY_DN981_c0_g1/TRINITY_DN1113_c0_g1/TRINITY_DN1158_c0_g1/TRINITY_DN1993_c0_g1/TRINITY_DN2468_c0_g1/TRINITY_DN2503_c0_g1/TRINITY_DN2569_c0_g1/TRINITY_DN2579_c0_g1/TRINITY_DN3452_c0_g1/TRINITY_DN4306_c0_g1/TRINITY_DN4710_c0_g1	16	interaction_vs_self	significant	up	MF	FALSE
GO:0008324	monoatomic cation transmembrane transporter activity	26/388	133/2680	0.195488721804511	1.35028292380436	1.70461076606235	0.0611898763290129	0.537408258542278	0.513560420443911	TRINITY_DN156_c0_g1/TRINITY_DN404_c0_g1/TRINITY_DN579_c0_g1/TRINITY_DN762_c0_g1/TRINITY_DN1234_c0_g1/TRINITY_DN1317_c0_g1/TRINITY_DN1439_c0_g1/TRINITY_DN1485_c0_g1/TRINITY_DN1512_c0_g1/TRINITY_DN2378_c0_g1/TRINITY_DN2833_c0_g1/TRINITY_DN2892_c0_g1/TRINITY_DN3296_c0_g1/TRINITY_DN3536_c0_g1/TRINITY_DN4342_c0_g1/TRINITY_DN4384_c0_g1/TRINITY_DN4891_c0_g1/TRINITY_DN8899_c0_g1/TRINITY_DN9096_c0_g1/TRINITY_DN10855_c0_g1/TRINITY_DN12577_c0_g1/TRINITY_DN14671_c0_g1/TRINITY_DN15851_c0_g1/TRINITY_DN17667_c0_g1/TRINITY_DN17701_c0_g1/TRINITY_DN18363_c0_g1	26	interaction_vs_self	significant	up	MF	FALSE
GO:0015101	organic cation transmembrane transporter activity	4/388	11/2680	0.363636363636364	2.51171508903468	2.0667450998167	0.0618246623183441	0.537408258542278	0.513560420443911	TRINITY_DN156_c0_g1/TRINITY_DN4342_c0_g1/TRINITY_DN17701_c0_g1/TRINITY_DN18363_c0_g1	4	interaction_vs_self	significant	up	MF	FALSE
GO:0042054	histone methyltransferase activity	4/388	11/2680	0.363636363636364	2.51171508903468	2.0667450998167	0.0618246623183441	0.537408258542278	0.513560420443911	TRINITY_DN39_c0_g1/TRINITY_DN273_c0_g1/TRINITY_DN1158_c0_g1/TRINITY_DN2468_c0_g1	4	interaction_vs_self	significant	up	MF	FALSE
GO:0016772	transferase activity, transferring phosphorus-containing groups	44/388	244/2680	0.180327868852459	1.24556363021802	1.65506566502125	0.0621823273991505	0.537408258542278	0.513560420443911	TRINITY_DN9_c0_g2/TRINITY_DN36_c0_g1/TRINITY_DN66_c0_g1/TRINITY_DN132_c0_g1/TRINITY_DN138_c0_g1/TRINITY_DN147_c0_g1/TRINITY_DN398_c0_g1/TRINITY_DN511_c0_g1/TRINITY_DN556_c0_g1/TRINITY_DN560_c0_g1/TRINITY_DN587_c0_g1/TRINITY_DN676_c0_g1/TRINITY_DN757_c0_g1/TRINITY_DN963_c0_g1/TRINITY_DN1037_c0_g1/TRINITY_DN1043_c0_g1/TRINITY_DN1107_c0_g1/TRINITY_DN1168_c0_g1/TRINITY_DN1214_c0_g1/TRINITY_DN1300_c0_g1/TRINITY_DN1430_c0_g1/TRINITY_DN1512_c0_g1/TRINITY_DN1823_c0_g1/TRINITY_DN1841_c0_g2/TRINITY_DN2063_c0_g1/TRINITY_DN2167_c0_g1/TRINITY_DN2403_c0_g1/TRINITY_DN2468_c0_g1/TRINITY_DN2948_c0_g1/TRINITY_DN2998_c0_g1/TRINITY_DN3029_c0_g1/TRINITY_DN3536_c0_g1/TRINITY_DN3546_c0_g1/TRINITY_DN3821_c0_g1/TRINITY_DN4053_c0_g1/TRINITY_DN4235_c0_g1/TRINITY_DN4249_c0_g1/TRINITY_DN4268_c0_g1/TRINITY_DN4822_c0_g1/TRINITY_DN4953_c0_g1/TRINITY_DN5351_c0_g1/TRINITY_DN8876_c0_g1/TRINITY_DN14198_c0_g1/TRINITY_DN15874_c0_g1	44	interaction_vs_self	significant	up	MF	FALSE
GO:0001046	core promoter sequence-specific DNA binding	3/388	7/2680	0.428571428571429	2.96023564064801	2.13625324179083	0.0672196983735273	0.537408258542278	0.513560420443911	TRINITY_DN208_c0_g1/TRINITY_DN896_c0_g1/TRINITY_DN1881_c0_g1	3	interaction_vs_self	significant	up	MF	FALSE
GO:0015606	spermidine transmembrane transporter activity	3/388	7/2680	0.428571428571429	2.96023564064801	2.13625324179083	0.0672196983735273	0.537408258542278	0.513560420443911	TRINITY_DN156_c0_g1/TRINITY_DN17701_c0_g1/TRINITY_DN18363_c0_g1	3	interaction_vs_self	significant	up	MF	FALSE
GO:0019237	centromeric DNA binding	3/388	7/2680	0.428571428571429	2.96023564064801	2.13625324179083	0.0672196983735273	0.537408258542278	0.513560420443911	TRINITY_DN1_c0_g1/TRINITY_DN861_c0_g1/TRINITY_DN10686_c1_g1	3	interaction_vs_self	significant	up	MF	FALSE
GO:0019901	protein kinase binding	5/388	16/2680	0.3125	2.15850515463918	1.91199065151982	0.0691449126129041	0.537408258542278	0.513560420443911	TRINITY_DN398_c0_g1/TRINITY_DN861_c0_g1/TRINITY_DN2174_c0_g1/TRINITY_DN3821_c0_g1/TRINITY_DN4954_c0_g1	5	interaction_vs_self	significant	up	MF	FALSE
GO:0015294	solute:monoatomic cation symporter activity	6/388	21/2680	0.285714285714286	1.97349042709867	1.84237094866795	0.0711329190030641	0.537408258542278	0.513560420443911	TRINITY_DN1439_c0_g1/TRINITY_DN2833_c0_g1/TRINITY_DN2892_c0_g1/TRINITY_DN3536_c0_g1/TRINITY_DN8899_c0_g1/TRINITY_DN12577_c0_g1	6	interaction_vs_self	significant	up	MF	FALSE
GO:0015932	nucleobase-containing compound transmembrane transporter activity	6/388	21/2680	0.285714285714286	1.97349042709867	1.84237094866795	0.0711329190030641	0.537408258542278	0.513560420443911	TRINITY_DN299_c0_g1/TRINITY_DN551_c0_g1/TRINITY_DN1936_c0_g1/TRINITY_DN3536_c0_g1/TRINITY_DN4891_c0_g1/TRINITY_DN17667_c0_g1	6	interaction_vs_self	significant	up	MF	FALSE
GO:0008134	transcription factor binding	12/388	53/2680	0.226415094339623	1.56389807430461	1.70570303751561	0.0713905867430098	0.537408258542278	0.513560420443911	TRINITY_DN208_c0_g1/TRINITY_DN661_c0_g1/TRINITY_DN719_c0_g1/TRINITY_DN807_c0_g1/TRINITY_DN861_c0_g1/TRINITY_DN983_c0_g1/TRINITY_DN1491_c0_g1/TRINITY_DN1881_c0_g1/TRINITY_DN2174_c0_g1/TRINITY_DN2956_c0_g1/TRINITY_DN3821_c0_g1/TRINITY_DN15885_c0_g1	12	interaction_vs_self	significant	up	MF	FALSE
GO:0016301	kinase activity	33/388	178/2680	0.185393258426966	1.28055137263987	1.59357922489581	0.072099707193677	0.537408258542278	0.513560420443911	TRINITY_DN9_c0_g2/TRINITY_DN36_c0_g1/TRINITY_DN66_c0_g1/TRINITY_DN132_c0_g1/TRINITY_DN147_c0_g1/TRINITY_DN398_c0_g1/TRINITY_DN560_c0_g1/TRINITY_DN587_c0_g1/TRINITY_DN676_c0_g1/TRINITY_DN1037_c0_g1/TRINITY_DN1043_c0_g1/TRINITY_DN1168_c0_g1/TRINITY_DN1214_c0_g1/TRINITY_DN1430_c0_g1/TRINITY_DN1512_c0_g1/TRINITY_DN1823_c0_g1/TRINITY_DN1841_c0_g2/TRINITY_DN2063_c0_g1/TRINITY_DN2167_c0_g1/TRINITY_DN2403_c0_g1/TRINITY_DN2948_c0_g1/TRINITY_DN2998_c0_g1/TRINITY_DN3029_c0_g1/TRINITY_DN3536_c0_g1/TRINITY_DN3546_c0_g1/TRINITY_DN3821_c0_g1/TRINITY_DN4053_c0_g1/TRINITY_DN4249_c0_g1/TRINITY_DN4268_c0_g1/TRINITY_DN4953_c0_g1/TRINITY_DN5351_c0_g1/TRINITY_DN8876_c0_g1/TRINITY_DN14198_c0_g1	33	interaction_vs_self	significant	up	MF	FALSE
GO:0001228	DNA-binding transcription activator activity, RNA polymerase II-specific	9/388	37/2680	0.243243243243243	1.68013374198941	1.71372650814038	0.0759822665201194	0.537408258542278	0.513560420443911	TRINITY_DN861_c0_g1/TRINITY_DN896_c0_g1/TRINITY_DN1491_c0_g1/TRINITY_DN1680_c0_g1/TRINITY_DN1955_c0_g1/TRINITY_DN2100_c0_g1/TRINITY_DN2174_c0_g1/TRINITY_DN5491_c0_g1/TRINITY_DN17598_c0_g1	9	interaction_vs_self	significant	up	MF	FALSE
GO:0015171	amino acid transmembrane transporter activity	9/388	37/2680	0.243243243243243	1.68013374198941	1.71372650814038	0.0759822665201194	0.537408258542278	0.513560420443911	TRINITY_DN387_c0_g1/TRINITY_DN1485_c0_g1/TRINITY_DN1512_c0_g1/TRINITY_DN2234_c0_g1/TRINITY_DN2892_c0_g1/TRINITY_DN3624_c0_g1/TRINITY_DN4342_c0_g1/TRINITY_DN4660_c0_g1/TRINITY_DN14671_c0_g1	9	interaction_vs_self	significant	up	MF	FALSE
GO:0022890	inorganic cation transmembrane transporter activity	19/388	94/2680	0.202127659574468	1.39613950427725	1.60839507003354	0.0764330207954889	0.537408258542278	0.513560420443911	TRINITY_DN404_c0_g1/TRINITY_DN579_c0_g1/TRINITY_DN762_c0_g1/TRINITY_DN1234_c0_g1/TRINITY_DN1317_c0_g1/TRINITY_DN1439_c0_g1/TRINITY_DN2378_c0_g1/TRINITY_DN2833_c0_g1/TRINITY_DN2892_c0_g1/TRINITY_DN3296_c0_g1/TRINITY_DN3536_c0_g1/TRINITY_DN4384_c0_g1/TRINITY_DN4891_c0_g1/TRINITY_DN8899_c0_g1/TRINITY_DN9096_c0_g1/TRINITY_DN10855_c0_g1/TRINITY_DN12577_c0_g1/TRINITY_DN15851_c0_g1/TRINITY_DN17667_c0_g1	19	interaction_vs_self	significant	up	MF	FALSE
GO:0004672	protein kinase activity	20/388	100/2680	0.2	1.38144329896907	1.59924517746181	0.0769476361517578	0.537408258542278	0.513560420443911	TRINITY_DN66_c0_g1/TRINITY_DN132_c0_g1/TRINITY_DN398_c0_g1/TRINITY_DN560_c0_g1/TRINITY_DN587_c0_g1/TRINITY_DN676_c0_g1/TRINITY_DN1037_c0_g1/TRINITY_DN1168_c0_g1/TRINITY_DN1214_c0_g1/TRINITY_DN1512_c0_g1/TRINITY_DN2063_c0_g1/TRINITY_DN2167_c0_g1/TRINITY_DN2948_c0_g1/TRINITY_DN2998_c0_g1/TRINITY_DN3029_c0_g1/TRINITY_DN3536_c0_g1/TRINITY_DN3546_c0_g1/TRINITY_DN3821_c0_g1/TRINITY_DN4249_c0_g1/TRINITY_DN5351_c0_g1	20	interaction_vs_self	significant	up	MF	FALSE
GO:0019787	ubiquitin-like protein transferase activity	17/388	83/2680	0.204819277108434	1.41473108930568	1.57893618143149	0.081920487113093	0.537408258542278	0.513560420443911	TRINITY_DN116_c0_g1/TRINITY_DN204_c0_g1/TRINITY_DN298_c0_g1/TRINITY_DN532_c0_g1/TRINITY_DN674_c0_g1/TRINITY_DN1070_c0_g1/TRINITY_DN1401_c0_g1/TRINITY_DN1619_c0_g1/TRINITY_DN1710_c1_g1/TRINITY_DN1914_c0_g1/TRINITY_DN2355_c0_g1/TRINITY_DN2447_c0_g2/TRINITY_DN2468_c0_g1/TRINITY_DN3231_c0_g1/TRINITY_DN3507_c0_g1/TRINITY_DN3891_c0_g1/TRINITY_DN10682_c0_g1	17	interaction_vs_self	significant	up	MF	FALSE
GO:0015079	potassium ion transmembrane transporter activity	4/388	12/2680	0.333333333333333	2.30240549828179	1.86011092855307	0.0825057500090106	0.537408258542278	0.513560420443911	TRINITY_DN404_c0_g1/TRINITY_DN2378_c0_g1/TRINITY_DN2892_c0_g1/TRINITY_DN3296_c0_g1	4	interaction_vs_self	significant	up	MF	FALSE
GO:0051213	dioxygenase activity	4/388	12/2680	0.333333333333333	2.30240549828179	1.86011092855307	0.0825057500090106	0.537408258542278	0.513560420443911	TRINITY_DN137_c0_g1/TRINITY_DN1619_c0_g1/TRINITY_DN1680_c0_g1/TRINITY_DN17644_c0_g1	4	interaction_vs_self	significant	up	MF	FALSE
GO:0015318	inorganic molecular entity transmembrane transporter activity	32/388	174/2680	0.183908045977011	1.27029268870719	1.51674755019597	0.0827963174412375	0.537408258542278	0.513560420443911	TRINITY_DN132_c0_g1/TRINITY_DN387_c0_g1/TRINITY_DN404_c0_g1/TRINITY_DN579_c0_g1/TRINITY_DN762_c0_g1/TRINITY_DN802_c0_g1/TRINITY_DN1234_c0_g1/TRINITY_DN1317_c0_g1/TRINITY_DN1439_c0_g1/TRINITY_DN1485_c0_g1/TRINITY_DN1512_c0_g1/TRINITY_DN2234_c0_g1/TRINITY_DN2378_c0_g1/TRINITY_DN2403_c0_g1/TRINITY_DN2833_c0_g1/TRINITY_DN2892_c0_g1/TRINITY_DN3296_c0_g1/TRINITY_DN3536_c0_g1/TRINITY_DN3624_c0_g1/TRINITY_DN4342_c0_g1/TRINITY_DN4384_c0_g1/TRINITY_DN4660_c0_g1/TRINITY_DN4891_c0_g1/TRINITY_DN6185_c0_g1/TRINITY_DN8899_c0_g1/TRINITY_DN9096_c0_g1/TRINITY_DN10855_c0_g1/TRINITY_DN12577_c0_g1/TRINITY_DN12616_c0_g1/TRINITY_DN14671_c0_g1/TRINITY_DN15851_c0_g1/TRINITY_DN17667_c0_g1	32	interaction_vs_self	significant	up	MF	FALSE
GO:0140096	catalytic activity, acting on a protein	67/388	397/2680	0.168765743073048	1.16570152431899	1.47151168189008	0.0832511844400628	0.537408258542278	0.513560420443911	TRINITY_DN39_c0_g1/TRINITY_DN66_c0_g1/TRINITY_DN116_c0_g1/TRINITY_DN132_c0_g1/TRINITY_DN137_c0_g1/TRINITY_DN139_c0_g1/TRINITY_DN204_c0_g1/TRINITY_DN273_c0_g1/TRINITY_DN298_c0_g1/TRINITY_DN398_c0_g1/TRINITY_DN532_c0_g1/TRINITY_DN560_c0_g1/TRINITY_DN582_c0_g1/TRINITY_DN587_c0_g1/TRINITY_DN661_c0_g1/TRINITY_DN674_c0_g1/TRINITY_DN676_c0_g1/TRINITY_DN757_c0_g1/TRINITY_DN785_c0_g1/TRINITY_DN1037_c0_g1/TRINITY_DN1048_c0_g1/TRINITY_DN1070_c0_g1/TRINITY_DN1158_c0_g1/TRINITY_DN1168_c0_g1/TRINITY_DN1214_c0_g1/TRINITY_DN1401_c0_g1/TRINITY_DN1432_c0_g1/TRINITY_DN1512_c0_g1/TRINITY_DN1514_c0_g1/TRINITY_DN1619_c0_g1/TRINITY_DN1680_c0_g1/TRINITY_DN1710_c1_g1/TRINITY_DN1797_c0_g1/TRINITY_DN1862_c0_g1/TRINITY_DN1914_c0_g1/TRINITY_DN1960_c0_g1/TRINITY_DN2063_c0_g1/TRINITY_DN2082_c2_g1/TRINITY_DN2167_c0_g1/TRINITY_DN2313_c0_g1/TRINITY_DN2355_c0_g1/TRINITY_DN2447_c0_g2/TRINITY_DN2468_c0_g1/TRINITY_DN2948_c0_g1/TRINITY_DN2998_c0_g1/TRINITY_DN3029_c0_g1/TRINITY_DN3231_c0_g1/TRINITY_DN3251_c0_g1/TRINITY_DN3507_c0_g1/TRINITY_DN3536_c0_g1/TRINITY_DN3546_c0_g1/TRINITY_DN3614_c0_g1/TRINITY_DN3821_c0_g1/TRINITY_DN3891_c0_g1/TRINITY_DN4249_c0_g1/TRINITY_DN4278_c0_g1/TRINITY_DN4282_c0_g1/TRINITY_DN4679_c0_g1/TRINITY_DN4750_c0_g1/TRINITY_DN4954_c0_g1/TRINITY_DN5001_c0_g1/TRINITY_DN5351_c0_g1/TRINITY_DN10545_c0_g1/TRINITY_DN10682_c0_g1/TRINITY_DN11142_c0_g1/TRINITY_DN14089_c0_g1/TRINITY_DN17699_c0_g1	67	interaction_vs_self	significant	up	MF	FALSE
GO:0008408	3'-5' exonuclease activity	7/388	27/2680	0.259259259259259	1.79075983199695	1.69884114378778	0.083803339840476	0.537408258542278	0.513560420443911	TRINITY_DN104_c0_g1/TRINITY_DN1234_c0_g1/TRINITY_DN1877_c0_g1/TRINITY_DN2348_c0_g1/TRINITY_DN2777_c0_g1/TRINITY_DN4822_c0_g1/TRINITY_DN10542_c0_g1	7	interaction_vs_self	significant	up	MF	FALSE
GO:0015179	L-amino acid transmembrane transporter activity	7/388	27/2680	0.259259259259259	1.79075983199695	1.69884114378778	0.083803339840476	0.537408258542278	0.513560420443911	TRINITY_DN1485_c0_g1/TRINITY_DN1512_c0_g1/TRINITY_DN2234_c0_g1/TRINITY_DN2892_c0_g1/TRINITY_DN3624_c0_g1/TRINITY_DN4342_c0_g1/TRINITY_DN14671_c0_g1	7	interaction_vs_self	significant	up	MF	FALSE
GO:0015293	symporter activity	6/388	22/2680	0.272727272727273	1.88378631677601	1.7122849455727	0.0864042494607532	0.537408258542278	0.513560420443911	TRINITY_DN1439_c0_g1/TRINITY_DN2833_c0_g1/TRINITY_DN2892_c0_g1/TRINITY_DN3536_c0_g1/TRINITY_DN8899_c0_g1/TRINITY_DN12577_c0_g1	6	interaction_vs_self	significant	up	MF	FALSE
GO:0031625	ubiquitin protein ligase binding	6/388	22/2680	0.272727272727273	1.88378631677601	1.7122849455727	0.0864042494607532	0.537408258542278	0.513560420443911	TRINITY_DN155_c0_g1/TRINITY_DN661_c0_g1/TRINITY_DN1098_c0_g1/TRINITY_DN1841_c0_g2/TRINITY_DN10682_c0_g1/TRINITY_DN10825_c0_g1	6	interaction_vs_self	significant	up	MF	FALSE
GO:0044389	ubiquitin-like protein ligase binding	6/388	22/2680	0.272727272727273	1.88378631677601	1.7122849455727	0.0864042494607532	0.537408258542278	0.513560420443911	TRINITY_DN155_c0_g1/TRINITY_DN661_c0_g1/TRINITY_DN1098_c0_g1/TRINITY_DN1841_c0_g2/TRINITY_DN10682_c0_g1/TRINITY_DN10825_c0_g1	6	interaction_vs_self	significant	up	MF	FALSE
GO:0000175	3'-5'-RNA exonuclease activity	5/388	17/2680	0.294117647058824	2.03153426318981	1.75516297284091	0.0867985645937324	0.537408258542278	0.513560420443911	TRINITY_DN1234_c0_g1/TRINITY_DN1877_c0_g1/TRINITY_DN2348_c0_g1/TRINITY_DN2777_c0_g1/TRINITY_DN10542_c0_g1	5	interaction_vs_self	significant	up	MF	FALSE
GO:0008170	N-methyltransferase activity	9/388	38/2680	0.236842105263158	1.63591969614759	1.62413670386868	0.0874605597235473	0.537408258542278	0.513560420443911	TRINITY_DN39_c0_g1/TRINITY_DN147_c0_g1/TRINITY_DN273_c0_g1/TRINITY_DN277_c0_g1/TRINITY_DN1158_c0_g1/TRINITY_DN1993_c0_g1/TRINITY_DN2468_c0_g1/TRINITY_DN2503_c0_g1/TRINITY_DN4306_c0_g1	9	interaction_vs_self	significant	up	MF	FALSE
GO:0046943	carboxylic acid transmembrane transporter activity	14/388	68/2680	0.205882352941176	1.42207398423287	1.45027836059376	0.104298392252246	0.629267349623396	0.601343205109664	TRINITY_DN132_c0_g1/TRINITY_DN387_c0_g1/TRINITY_DN1439_c0_g1/TRINITY_DN1485_c0_g1/TRINITY_DN1512_c0_g1/TRINITY_DN2234_c0_g1/TRINITY_DN2378_c0_g1/TRINITY_DN2833_c0_g1/TRINITY_DN2892_c0_g1/TRINITY_DN3624_c0_g1/TRINITY_DN4342_c0_g1/TRINITY_DN4660_c0_g1/TRINITY_DN6185_c0_g1/TRINITY_DN14671_c0_g1	14	interaction_vs_self	significant	up	MF	FALSE
GO:0001671	ATPase activator activity	4/388	13/2680	0.307692307692308	2.12529738302934	1.67310189130682	0.10611174915218	0.629267349623396	0.601343205109664	TRINITY_DN771_c0_g1/TRINITY_DN1777_c0_g1/TRINITY_DN1797_c0_g1/TRINITY_DN17761_c0_g1	4	interaction_vs_self	significant	up	MF	FALSE
GO:0017025	TBP-class protein binding	4/388	13/2680	0.307692307692308	2.12529738302934	1.67310189130682	0.10611174915218	0.629267349623396	0.601343205109664	TRINITY_DN719_c0_g1/TRINITY_DN983_c0_g1/TRINITY_DN1881_c0_g1/TRINITY_DN2956_c0_g1	4	interaction_vs_self	significant	up	MF	FALSE
GO:0030674	protein-macromolecule adaptor activity	11/388	52/2680	0.211538461538462	1.46114195083267	1.38139709005102	0.120889597234745	0.681963022506269	0.651700473519922	TRINITY_DN155_c0_g1/TRINITY_DN386_c0_g1/TRINITY_DN1207_c0_g1/TRINITY_DN1208_c0_g1/TRINITY_DN1841_c0_g2/TRINITY_DN1960_c0_g1/TRINITY_DN2389_c0_g1/TRINITY_DN4489_c0_g1/TRINITY_DN4947_c0_g1/TRINITY_DN10825_c0_g1/TRINITY_DN14186_c0_g1	11	interaction_vs_self	significant	up	MF	FALSE
GO:0004842	ubiquitin-protein transferase activity	13/388	64/2680	0.203125	1.40302835051546	1.34246084363302	0.124416837702881	0.681963022506269	0.651700473519922	TRINITY_DN204_c0_g1/TRINITY_DN298_c0_g1/TRINITY_DN532_c0_g1/TRINITY_DN674_c0_g1/TRINITY_DN1070_c0_g1/TRINITY_DN1401_c0_g1/TRINITY_DN1619_c0_g1/TRINITY_DN1710_c1_g1/TRINITY_DN1914_c0_g1/TRINITY_DN2355_c0_g1/TRINITY_DN3231_c0_g1/TRINITY_DN3891_c0_g1/TRINITY_DN10682_c0_g1	13	interaction_vs_self	significant	up	MF	FALSE
GO:0004532	RNA exonuclease activity	5/388	19/2680	0.263157894736842	1.81768855127509	1.47142182426335	0.128320158505483	0.681963022506269	0.651700473519922	TRINITY_DN1234_c0_g1/TRINITY_DN1877_c0_g1/TRINITY_DN2348_c0_g1/TRINITY_DN2777_c0_g1/TRINITY_DN10542_c0_g1	5	interaction_vs_self	significant	up	MF	FALSE
GO:0016896	RNA exonuclease activity, producing 5'-phosphomonoesters	5/388	19/2680	0.263157894736842	1.81768855127509	1.47142182426335	0.128320158505483	0.681963022506269	0.651700473519922	TRINITY_DN1234_c0_g1/TRINITY_DN1877_c0_g1/TRINITY_DN2348_c0_g1/TRINITY_DN2777_c0_g1/TRINITY_DN10542_c0_g1	5	interaction_vs_self	significant	up	MF	FALSE
GO:0060590	ATPase regulator activity	5/388	19/2680	0.263157894736842	1.81768855127509	1.47142182426335	0.128320158505483	0.681963022506269	0.651700473519922	TRINITY_DN771_c0_g1/TRINITY_DN1544_c0_g1/TRINITY_DN1777_c0_g1/TRINITY_DN1797_c0_g1/TRINITY_DN17761_c0_g1	5	interaction_vs_self	significant	up	MF	FALSE
GO:0005102	signaling receptor binding	3/388	9/2680	0.333333333333333	2.30240549828179	1.60999840077865	0.129542989089544	0.681963022506269	0.651700473519922	TRINITY_DN566_c0_g1/TRINITY_DN1881_c0_g1/TRINITY_DN4947_c0_g1	3	interaction_vs_self	significant	up	MF	FALSE
GO:0016653	oxidoreductase activity, acting on NAD(P)H, heme protein as acceptor	3/388	9/2680	0.333333333333333	2.30240549828179	1.60999840077865	0.129542989089544	0.681963022506269	0.651700473519922	TRINITY_DN2082_c1_g1/TRINITY_DN2937_c0_g1/TRINITY_DN5677_c0_g1	3	interaction_vs_self	significant	up	MF	FALSE
GO:0016846	carbon-sulfur lyase activity	3/388	9/2680	0.333333333333333	2.30240549828179	1.60999840077865	0.129542989089544	0.681963022506269	0.651700473519922	TRINITY_DN1113_c0_g1/TRINITY_DN1643_c0_g1/TRINITY_DN10661_c0_g1	3	interaction_vs_self	significant	up	MF	FALSE
GO:0043539	protein serine/threonine kinase activator activity	3/388	9/2680	0.333333333333333	2.30240549828179	1.60999840077865	0.129542989089544	0.681963022506269	0.651700473519922	TRINITY_DN519_c0_g1/TRINITY_DN3891_c0_g1/TRINITY_DN4954_c0_g1	3	interaction_vs_self	significant	up	MF	FALSE
GO:0003887	DNA-directed DNA polymerase activity	4/388	14/2680	0.285714285714286	1.97349042709867	1.50231340855557	0.13238105731004	0.681963022506269	0.651700473519922	TRINITY_DN138_c0_g1/TRINITY_DN556_c0_g1/TRINITY_DN4822_c0_g1/TRINITY_DN15874_c0_g1	4	interaction_vs_self	significant	up	MF	FALSE
GO:0008519	ammonium channel activity	4/388	14/2680	0.285714285714286	1.97349042709867	1.50231340855557	0.13238105731004	0.681963022506269	0.651700473519922	TRINITY_DN156_c0_g1/TRINITY_DN4342_c0_g1/TRINITY_DN17701_c0_g1/TRINITY_DN18363_c0_g1	4	interaction_vs_self	significant	up	MF	FALSE
GO:0015203	polyamine transmembrane transporter activity	4/388	14/2680	0.285714285714286	1.97349042709867	1.50231340855557	0.13238105731004	0.681963022506269	0.651700473519922	TRINITY_DN156_c0_g1/TRINITY_DN3624_c0_g1/TRINITY_DN17701_c0_g1/TRINITY_DN18363_c0_g1	4	interaction_vs_self	significant	up	MF	FALSE
GO:1901505	carbohydrate derivative transmembrane transporter activity	4/388	14/2680	0.285714285714286	1.97349042709867	1.50231340855557	0.13238105731004	0.681963022506269	0.651700473519922	TRINITY_DN299_c0_g1/TRINITY_DN551_c0_g1/TRINITY_DN1936_c0_g1/TRINITY_DN3536_c0_g1	4	interaction_vs_self	significant	up	MF	FALSE
GO:0003690	double-stranded DNA binding	27/388	151/2680	0.178807947019868	1.23506520106506	1.22319955124055	0.135582724658977	0.687851300866841	0.657327455730335	TRINITY_DN1_c0_g1/TRINITY_DN208_c0_g1/TRINITY_DN623_c0_g1/TRINITY_DN674_c0_g1/TRINITY_DN719_c0_g1/TRINITY_DN804_c0_g1/TRINITY_DN861_c0_g1/TRINITY_DN896_c0_g1/TRINITY_DN904_c0_g1/TRINITY_DN1008_c0_g1/TRINITY_DN1208_c0_g1/TRINITY_DN1363_c1_g1/TRINITY_DN1491_c0_g1/TRINITY_DN1538_c1_g1/TRINITY_DN1680_c0_g1/TRINITY_DN1881_c0_g1/TRINITY_DN1955_c0_g1/TRINITY_DN2174_c0_g1/TRINITY_DN2715_c0_g1/TRINITY_DN4278_c0_g1/TRINITY_DN4710_c0_g1/TRINITY_DN5491_c0_g1/TRINITY_DN6381_c0_g1/TRINITY_DN10686_c1_g1/TRINITY_DN10814_c0_g1/TRINITY_DN15885_c0_g1/TRINITY_DN17598_c0_g1	27	interaction_vs_self	significant	up	MF	FALSE
GO:0005342	organic acid transmembrane transporter activity	14/388	71/2680	0.197183098591549	1.36198635109627	1.27168410582455	0.13650514158194	0.687851300866841	0.657327455730335	TRINITY_DN132_c0_g1/TRINITY_DN387_c0_g1/TRINITY_DN1439_c0_g1/TRINITY_DN1485_c0_g1/TRINITY_DN1512_c0_g1/TRINITY_DN2234_c0_g1/TRINITY_DN2378_c0_g1/TRINITY_DN2833_c0_g1/TRINITY_DN2892_c0_g1/TRINITY_DN3624_c0_g1/TRINITY_DN4342_c0_g1/TRINITY_DN4660_c0_g1/TRINITY_DN6185_c0_g1/TRINITY_DN14671_c0_g1	14	interaction_vs_self	significant	up	MF	FALSE
GO:0042393	histone binding	8/388	36/2680	0.222222222222222	1.53493699885452	1.32928491033301	0.13855529206515	0.687851300866841	0.657327455730335	TRINITY_DN201_c0_g1/TRINITY_DN623_c0_g1/TRINITY_DN807_c0_g1/TRINITY_DN896_c0_g1/TRINITY_DN2468_c0_g1/TRINITY_DN4954_c0_g1/TRINITY_DN5079_c0_g1/TRINITY_DN15885_c0_g1	8	interaction_vs_self	significant	up	MF	FALSE
GO:0003730	mRNA 3'-UTR binding	2/388	5/2680	0.4	2.76288659793814	1.62308923772868	0.155103724705268	0.687851300866841	0.657327455730335	TRINITY_DN298_c0_g1/TRINITY_DN1936_c0_g1	2	interaction_vs_self	significant	up	MF	FALSE
GO:0004128	cytochrome-b5 reductase activity, acting on NAD(P)H	2/388	5/2680	0.4	2.76288659793814	1.62308923772868	0.155103724705268	0.687851300866841	0.657327455730335	TRINITY_DN2937_c0_g1/TRINITY_DN5677_c0_g1	2	interaction_vs_self	significant	up	MF	FALSE
GO:0015386	potassium:proton antiporter activity	2/388	5/2680	0.4	2.76288659793814	1.62308923772868	0.155103724705268	0.687851300866841	0.657327455730335	TRINITY_DN404_c0_g1/TRINITY_DN3296_c0_g1	2	interaction_vs_self	significant	up	MF	FALSE
GO:0015658	branched-chain amino acid transmembrane transporter activity	2/388	5/2680	0.4	2.76288659793814	1.62308923772868	0.155103724705268	0.687851300866841	0.657327455730335	TRINITY_DN1512_c0_g1/TRINITY_DN14671_c0_g1	2	interaction_vs_self	significant	up	MF	FALSE
GO:0015925	galactosidase activity	2/388	5/2680	0.4	2.76288659793814	1.62308923772868	0.155103724705268	0.687851300866841	0.657327455730335	TRINITY_DN3417_c0_g1/TRINITY_DN4312_c0_g1	2	interaction_vs_self	significant	up	MF	FALSE
GO:0016701	oxidoreductase activity, acting on single donors with incorporation of molecular oxygen	2/388	5/2680	0.4	2.76288659793814	1.62308923772868	0.155103724705268	0.687851300866841	0.657327455730335	TRINITY_DN1619_c0_g1/TRINITY_DN17644_c0_g1	2	interaction_vs_self	significant	up	MF	FALSE
GO:0016702	oxidoreductase activity, acting on single donors with incorporation of molecular oxygen, incorporation of two atoms of oxygen	2/388	5/2680	0.4	2.76288659793814	1.62308923772868	0.155103724705268	0.687851300866841	0.657327455730335	TRINITY_DN1619_c0_g1/TRINITY_DN17644_c0_g1	2	interaction_vs_self	significant	up	MF	FALSE
GO:0016854	racemase and epimerase activity	2/388	5/2680	0.4	2.76288659793814	1.62308923772868	0.155103724705268	0.687851300866841	0.657327455730335	TRINITY_DN137_c0_g1/TRINITY_DN737_c0_g1	2	interaction_vs_self	significant	up	MF	FALSE
GO:0019902	phosphatase binding	2/388	5/2680	0.4	2.76288659793814	1.62308923772868	0.155103724705268	0.687851300866841	0.657327455730335	TRINITY_DN570_c0_g3/TRINITY_DN3821_c0_g1	2	interaction_vs_self	significant	up	MF	FALSE
GO:0019903	protein phosphatase binding	2/388	5/2680	0.4	2.76288659793814	1.62308923772868	0.155103724705268	0.687851300866841	0.657327455730335	TRINITY_DN570_c0_g3/TRINITY_DN3821_c0_g1	2	interaction_vs_self	significant	up	MF	FALSE
GO:0022821	solute:potassium antiporter activity	2/388	5/2680	0.4	2.76288659793814	1.62308923772868	0.155103724705268	0.687851300866841	0.657327455730335	TRINITY_DN404_c0_g1/TRINITY_DN3296_c0_g1	2	interaction_vs_self	significant	up	MF	FALSE
GO:0033549	MAP kinase phosphatase activity	2/388	5/2680	0.4	2.76288659793814	1.62308923772868	0.155103724705268	0.687851300866841	0.657327455730335	TRINITY_DN1432_c0_g1/TRINITY_DN3614_c0_g1	2	interaction_vs_self	significant	up	MF	FALSE
GO:0051787	misfolded protein binding	2/388	5/2680	0.4	2.76288659793814	1.62308923772868	0.155103724705268	0.687851300866841	0.657327455730335	TRINITY_DN2658_c0_g1/TRINITY_DN4050_c0_g1	2	interaction_vs_self	significant	up	MF	FALSE
GO:0008168	methyltransferase activity	17/388	91/2680	0.186813186813187	1.29035912541067	1.15927124473037	0.156456644426622	0.687869729806698	0.6573450668741	TRINITY_DN39_c0_g1/TRINITY_DN147_c0_g1/TRINITY_DN273_c0_g1/TRINITY_DN277_c0_g1/TRINITY_DN688_c0_g1/TRINITY_DN981_c0_g1/TRINITY_DN1113_c0_g1/TRINITY_DN1158_c0_g1/TRINITY_DN1993_c0_g1/TRINITY_DN2468_c0_g1/TRINITY_DN2503_c0_g1/TRINITY_DN2569_c0_g1/TRINITY_DN2579_c0_g1/TRINITY_DN3261_c0_g1/TRINITY_DN3452_c0_g1/TRINITY_DN4306_c0_g1/TRINITY_DN4710_c0_g1	17	interaction_vs_self	significant	up	MF	FALSE
GO:0004722	protein serine/threonine phosphatase activity	4/388	15/2680	0.266666666666667	1.84192439862543	1.34513239249449	0.160999070575652	0.69584344062358	0.66496493913048	TRINITY_DN785_c0_g1/TRINITY_DN1432_c0_g1/TRINITY_DN5001_c0_g1/TRINITY_DN11142_c0_g1	4	interaction_vs_self	significant	up	MF	FALSE
GO:0034061	DNA polymerase activity	4/388	15/2680	0.266666666666667	1.84192439862543	1.34513239249449	0.160999070575652	0.69584344062358	0.66496493913048	TRINITY_DN138_c0_g1/TRINITY_DN556_c0_g1/TRINITY_DN4822_c0_g1/TRINITY_DN15874_c0_g1	4	interaction_vs_self	significant	up	MF	FALSE
GO:0005319	lipid transporter activity	6/388	26/2680	0.230769230769231	1.59397303727201	1.25198134797525	0.163292434913333	0.699824721057139	0.668769547676895	TRINITY_DN674_c0_g1/TRINITY_DN804_c1_g1/TRINITY_DN1533_c0_g1/TRINITY_DN2713_c0_g1/TRINITY_DN3741_c0_g1/TRINITY_DN5677_c0_g1	6	interaction_vs_self	significant	up	MF	FALSE
GO:0015144	carbohydrate transmembrane transporter activity	3/388	10/2680	0.3	2.07216494845361	1.39733612626152	0.166094457919551	0.705901446158092	0.674576614182037	TRINITY_DN1439_c0_g1/TRINITY_DN2403_c0_g1/TRINITY_DN8899_c0_g1	3	interaction_vs_self	significant	up	MF	FALSE
GO:0005548	phospholipid transporter activity	4/388	16/2680	0.25	1.72680412371134	1.19951360117595	0.191617123229901	0.800972646753409	0.765428968930502	TRINITY_DN804_c1_g1/TRINITY_DN1533_c0_g1/TRINITY_DN3741_c0_g1/TRINITY_DN5677_c0_g1	4	interaction_vs_self	significant	up	MF	FALSE
GO:0051082	unfolded protein binding	11/388	57/2680	0.192982456140351	1.3329716042684	1.04529866096015	0.192676841098068	0.800972646753409	0.765428968930502	TRINITY_DN771_c0_g1/TRINITY_DN893_c0_g1/TRINITY_DN1839_c0_g1/TRINITY_DN2658_c0_g1/TRINITY_DN3507_c0_g1/TRINITY_DN4050_c0_g1/TRINITY_DN4797_c0_g1/TRINITY_DN6594_c0_g1/TRINITY_DN10814_c0_g1/TRINITY_DN12439_c0_g1/TRINITY_DN16210_c0_g1	11	interaction_vs_self	significant	up	MF	FALSE
GO:0016410	N-acyltransferase activity	8/388	39/2680	0.205128205128205	1.41686492201956	1.07879361635954	0.193175755981704	0.800972646753409	0.765428968930502	TRINITY_DN138_c0_g1/TRINITY_DN556_c0_g1/TRINITY_DN847_c0_g1/TRINITY_DN880_c0_g1/TRINITY_DN904_c0_g1/TRINITY_DN1342_c0_g1/TRINITY_DN2956_c0_g1/TRINITY_DN4476_c0_g1	8	interaction_vs_self	significant	up	MF	FALSE
GO:0000150	DNA strand exchange activity	2/388	6/2680	0.333333333333333	2.30240549828179	1.31382057148959	0.211190093777124	0.827308023590831	0.790595696434581	TRINITY_DN804_c0_g1/TRINITY_DN2715_c0_g1	2	interaction_vs_self	significant	up	MF	FALSE
GO:0005315	phosphate transmembrane transporter activity	2/388	6/2680	0.333333333333333	2.30240549828179	1.31382057148959	0.211190093777124	0.827308023590831	0.790595696434581	TRINITY_DN12577_c0_g1/TRINITY_DN12616_c0_g1	2	interaction_vs_self	significant	up	MF	FALSE
GO:0005338	nucleotide-sugar transmembrane transporter activity	2/388	6/2680	0.333333333333333	2.30240549828179	1.31382057148959	0.211190093777124	0.827308023590831	0.790595696434581	TRINITY_DN551_c0_g1/TRINITY_DN1936_c0_g1	2	interaction_vs_self	significant	up	MF	FALSE
GO:0016706	2-oxoglutarate-dependent dioxygenase activity	2/388	6/2680	0.333333333333333	2.30240549828179	1.31382057148959	0.211190093777124	0.827308023590831	0.790595696434581	TRINITY_DN137_c0_g1/TRINITY_DN1680_c0_g1	2	interaction_vs_self	significant	up	MF	FALSE
GO:0016778	diphosphotransferase activity	2/388	6/2680	0.333333333333333	2.30240549828179	1.31382057148959	0.211190093777124	0.827308023590831	0.790595696434581	TRINITY_DN1107_c0_g1/TRINITY_DN1300_c0_g1	2	interaction_vs_self	significant	up	MF	FALSE
GO:0071617	lysophospholipid acyltransferase activity	2/388	6/2680	0.333333333333333	2.30240549828179	1.31382057148959	0.211190093777124	0.827308023590831	0.790595696434581	TRINITY_DN1310_c0_g1/TRINITY_DN4058_c0_g1	2	interaction_vs_self	significant	up	MF	FALSE
GO:0016829	lyase activity	15/388	83/2680	0.180722891566265	1.24829213762266	0.945281050219091	0.211606668094889	0.827308023590831	0.790595696434581	TRINITY_DN36_c0_g1/TRINITY_DN674_c0_g1/TRINITY_DN967_c0_g1/TRINITY_DN981_c0_g1/TRINITY_DN1113_c0_g1/TRINITY_DN1300_c0_g1/TRINITY_DN1643_c0_g1/TRINITY_DN2569_c0_g1/TRINITY_DN2630_c0_g1/TRINITY_DN3261_c0_g1/TRINITY_DN3624_c0_g1/TRINITY_DN4650_c0_g1/TRINITY_DN4795_c0_g1/TRINITY_DN4954_c0_g1/TRINITY_DN10661_c0_g1	15	interaction_vs_self	significant	up	MF	FALSE
GO:0008080	N-acetyltransferase activity	7/388	34/2680	0.205882352941176	1.42207398423287	1.01889172596849	0.212504609981174	0.827308023590831	0.790595696434581	TRINITY_DN138_c0_g1/TRINITY_DN556_c0_g1/TRINITY_DN847_c0_g1/TRINITY_DN880_c0_g1/TRINITY_DN904_c0_g1/TRINITY_DN1342_c0_g1/TRINITY_DN2956_c0_g1	7	interaction_vs_self	significant	up	MF	FALSE
GO:0005546	phosphatidylinositol-4,5-bisphosphate binding	4/388	17/2680	0.235294117647059	1.62522741055185	1.06382893885889	0.223868987425645	0.864948360508174	0.826565719123395	TRINITY_DN674_c0_g1/TRINITY_DN1270_c0_g6/TRINITY_DN2225_c0_g1/TRINITY_DN3891_c0_g1	4	interaction_vs_self	significant	up	MF	FALSE
GO:0003697	single-stranded DNA binding	9/388	47/2680	0.191489361702128	1.32265847773635	0.91803976451145	0.231706007941617	0.888496722182141	0.849069107059507	TRINITY_DN34_c0_g1/TRINITY_DN104_c0_g1/TRINITY_DN804_c0_g1/TRINITY_DN904_c0_g1/TRINITY_DN2715_c0_g1/TRINITY_DN3862_c0_g1/TRINITY_DN4278_c0_g1/TRINITY_DN10814_c0_g1/TRINITY_DN14234_c0_g1	9	interaction_vs_self	significant	up	MF	FALSE
GO:0016741	transferase activity, transferring one-carbon groups	17/388	98/2680	0.173469387755102	1.19819061645277	0.822267112165835	0.243963652344201	0.922845968838756	0.881894083740648	TRINITY_DN39_c0_g1/TRINITY_DN147_c0_g1/TRINITY_DN273_c0_g1/TRINITY_DN277_c0_g1/TRINITY_DN688_c0_g1/TRINITY_DN981_c0_g1/TRINITY_DN1113_c0_g1/TRINITY_DN1158_c0_g1/TRINITY_DN1993_c0_g1/TRINITY_DN2468_c0_g1/TRINITY_DN2503_c0_g1/TRINITY_DN2569_c0_g1/TRINITY_DN2579_c0_g1/TRINITY_DN3261_c0_g1/TRINITY_DN3452_c0_g1/TRINITY_DN4306_c0_g1/TRINITY_DN4710_c0_g1	17	interaction_vs_self	significant	up	MF	FALSE
GO:0016409	palmitoyltransferase activity	3/388	12/2680	0.25	1.72680412371134	1.03803024113186	0.246092258357002	0.922845968838756	0.881894083740648	TRINITY_DN763_c0_g1/TRINITY_DN1797_c0_g1/TRINITY_DN4750_c0_g1	3	interaction_vs_self	significant	up	MF	FALSE
GO:0016780	phosphotransferase activity, for other substituted phosphate groups	3/388	12/2680	0.25	1.72680412371134	1.03803024113186	0.246092258357002	0.922845968838756	0.881894083740648	TRINITY_DN511_c0_g1/TRINITY_DN2468_c0_g1/TRINITY_DN4235_c0_g1	3	interaction_vs_self	significant	up	MF	FALSE
GO:0015295	solute:proton symporter activity	4/388	18/2680	0.222222222222222	1.53493699885452	0.936763103608081	0.2573847316061	0.958147541015409	0.91562912588263	TRINITY_DN1439_c0_g1/TRINITY_DN2833_c0_g1/TRINITY_DN3536_c0_g1/TRINITY_DN8899_c0_g1	4	interaction_vs_self	significant	up	MF	FALSE
GO:0016830	carbon-carbon lyase activity	5/388	24/2680	0.208333333333333	1.43900343642612	0.888698440948262	0.260696715693924	0.963444384086241	0.920690918125757	TRINITY_DN674_c0_g1/TRINITY_DN967_c0_g1/TRINITY_DN1300_c0_g1/TRINITY_DN2569_c0_g1/TRINITY_DN2630_c0_g1	5	interaction_vs_self	significant	up	MF	FALSE
GO:0016405	CoA-ligase activity	2/388	7/2680	0.285714285714286	1.97349042709867	1.06090412683978	0.268778251938562	0.979120774919046	0.935671659004166	TRINITY_DN661_c0_g1/TRINITY_DN2713_c0_g1	2	interaction_vs_self	significant	up	MF	FALSE
GO:0030145	manganese ion binding	2/388	7/2680	0.285714285714286	1.97349042709867	1.06090412683978	0.268778251938562	0.979120774919046	0.935671659004166	TRINITY_DN4175_c0_g1/TRINITY_DN12341_c0_g1	2	interaction_vs_self	significant	up	MF	FALSE
GO:0016798	hydrolase activity, acting on glycosyl bonds	10/388	56/2680	0.178571428571429	1.23343151693667	0.726217154326717	0.285940006681007	0.999803899735225	0.955436956816118	TRINITY_DN587_c0_g1/TRINITY_DN674_c0_g1/TRINITY_DN763_c0_g1/TRINITY_DN1072_c0_g1/TRINITY_DN3417_c0_g1/TRINITY_DN4025_c0_g1/TRINITY_DN4312_c0_g1/TRINITY_DN9044_c0_g1/TRINITY_DN9113_c0_g1/TRINITY_DN15873_c0_g1	10	interaction_vs_self	significant	up	MF	FALSE
GO:0015215	nucleotide transmembrane transporter activity	3/388	13/2680	0.230769230769231	1.59397303727201	0.883124254114735	0.288086411118448	0.999803899735225	0.955436956816118	TRINITY_DN299_c0_g1/TRINITY_DN4891_c0_g1/TRINITY_DN17667_c0_g1	3	interaction_vs_self	significant	up	MF	FALSE
GO:0046527	glucosyltransferase activity	3/388	13/2680	0.230769230769231	1.59397303727201	0.883124254114735	0.288086411118448	0.999803899735225	0.955436956816118	TRINITY_DN763_c0_g1/TRINITY_DN1359_c0_g1/TRINITY_DN4281_c0_g1	3	interaction_vs_self	significant	up	MF	FALSE
GO:0008194	UDP-glycosyltransferase activity	4/388	19/2680	0.210526315789474	1.45415084102008	0.817239593170821	0.291801951099598	0.999803899735225	0.955436956816118	TRINITY_DN36_c0_g1/TRINITY_DN172_c0_g1/TRINITY_DN763_c0_g1/TRINITY_DN1359_c0_g1	4	interaction_vs_self	significant	up	MF	FALSE
GO:0019842	vitamin binding	4/388	19/2680	0.210526315789474	1.45415084102008	0.817239593170821	0.291801951099598	0.999803899735225	0.955436956816118	TRINITY_DN39_c0_g1/TRINITY_DN1113_c0_g1/TRINITY_DN3070_c0_g1/TRINITY_DN5036_c0_g1	4	interaction_vs_self	significant	up	MF	FALSE
GO:0003682	chromatin binding	16/388	95/2680	0.168421052631579	1.16332067281606	0.666757028245257	0.293883885399786	0.999803899735225	0.955436956816118	TRINITY_DN1_c0_g1/TRINITY_DN208_c0_g1/TRINITY_DN623_c0_g1/TRINITY_DN807_c0_g1/TRINITY_DN1172_c0_g1/TRINITY_DN1208_c0_g1/TRINITY_DN1491_c0_g1/TRINITY_DN1614_c0_g1/TRINITY_DN1881_c0_g1/TRINITY_DN1955_c0_g1/TRINITY_DN2956_c0_g1/TRINITY_DN3821_c0_g1/TRINITY_DN4320_c0_g1/TRINITY_DN4710_c0_g1/TRINITY_DN5079_c0_g1/TRINITY_DN15885_c0_g1	16	interaction_vs_self	significant	up	MF	FALSE
GO:0004553	hydrolase activity, hydrolyzing O-glycosyl compounds	8/388	44/2680	0.181818181818182	1.25585754451734	0.70395804392166	0.299639416632174	0.999803899735225	0.955436956816118	TRINITY_DN587_c0_g1/TRINITY_DN763_c0_g1/TRINITY_DN3417_c0_g1/TRINITY_DN4025_c0_g1/TRINITY_DN4312_c0_g1/TRINITY_DN9044_c0_g1/TRINITY_DN9113_c0_g1/TRINITY_DN15873_c0_g1	8	interaction_vs_self	significant	up	MF	FALSE
GO:0046872	metal ion binding	29/388	182/2680	0.159340659340659	1.10060043049734	0.578274749458925	0.313302256827376	0.999803899735225	0.955436956816118	TRINITY_DN100_c0_g1/TRINITY_DN116_c0_g1/TRINITY_DN137_c0_g1/TRINITY_DN155_c0_g1/TRINITY_DN204_c0_g1/TRINITY_DN299_c0_g1/TRINITY_DN551_c0_g1/TRINITY_DN566_c0_g1/TRINITY_DN674_c0_g1/TRINITY_DN688_c0_g1/TRINITY_DN734_c0_g1/TRINITY_DN1070_c0_g1/TRINITY_DN1491_c0_g1/TRINITY_DN1674_c0_g1/TRINITY_DN1839_c0_g1/TRINITY_DN1862_c0_g1/TRINITY_DN1881_c0_g1/TRINITY_DN2355_c0_g1/TRINITY_DN2777_c0_g1/TRINITY_DN3417_c0_g1/TRINITY_DN3452_c0_g1/TRINITY_DN3891_c0_g1/TRINITY_DN4175_c0_g1/TRINITY_DN4953_c0_g1/TRINITY_DN4954_c0_g1/TRINITY_DN5491_c0_g1/TRINITY_DN6550_c0_g1/TRINITY_DN12341_c0_g1/TRINITY_DN18162_c0_g1	29	interaction_vs_self	significant	up	MF	FALSE
GO:0042626	ATPase-coupled transmembrane transporter activity	9/388	51/2680	0.176470588235294	1.21892055791389	0.649338650671031	0.3139199895536	0.999803899735225	0.955436956816118	TRINITY_DN48_c0_g1/TRINITY_DN579_c0_g1/TRINITY_DN804_c1_g1/TRINITY_DN2348_c0_g1/TRINITY_DN2378_c0_g1/TRINITY_DN3142_c0_g1/TRINITY_DN3821_c0_g1/TRINITY_DN5677_c0_g1/TRINITY_DN10855_c0_g1	9	interaction_vs_self	significant	up	MF	FALSE
GO:0004857	enzyme inhibitor activity	5/388	26/2680	0.192307692307692	1.32831086439334	0.692016392605815	0.320669576519719	0.999803899735225	0.955436956816118	TRINITY_DN104_c0_g1/TRINITY_DN963_c0_g1/TRINITY_DN1544_c0_g1/TRINITY_DN4175_c0_g1/TRINITY_DN7014_c0_g1	5	interaction_vs_self	significant	up	MF	FALSE
GO:0019207	kinase regulator activity	8/388	45/2680	0.177777777777778	1.22794959908362	0.634380307013725	0.32248857702295	0.999803899735225	0.955436956816118	TRINITY_DN0_c0_g2/TRINITY_DN519_c0_g1/TRINITY_DN803_c0_g1/TRINITY_DN1429_c0_g1/TRINITY_DN1674_c0_g1/TRINITY_DN3891_c0_g1/TRINITY_DN4954_c0_g1/TRINITY_DN7014_c0_g1	8	interaction_vs_self	significant	up	MF	FALSE
GO:0000182	rDNA binding	2/388	8/2680	0.25	1.72680412371134	0.846913512861149	0.326262278874992	0.999803899735225	0.955436956816118	TRINITY_DN623_c0_g1/TRINITY_DN15885_c0_g1	2	interaction_vs_self	significant	up	MF	FALSE
GO:0004096	catalase activity	2/388	8/2680	0.25	1.72680412371134	0.846913512861149	0.326262278874992	0.999803899735225	0.955436956816118	TRINITY_DN1734_c0_g1/TRINITY_DN4740_c0_g1	2	interaction_vs_self	significant	up	MF	FALSE
GO:0008143	poly(A) binding	2/388	8/2680	0.25	1.72680412371134	0.846913512861149	0.326262278874992	0.999803899735225	0.955436956816118	TRINITY_DN137_c0_g1/TRINITY_DN1075_c0_g1	2	interaction_vs_self	significant	up	MF	FALSE
GO:0015140	malate transmembrane transporter activity	2/388	8/2680	0.25	1.72680412371134	0.846913512861149	0.326262278874992	0.999803899735225	0.955436956816118	TRINITY_DN2833_c0_g1/TRINITY_DN6185_c0_g1	2	interaction_vs_self	significant	up	MF	FALSE
GO:0015145	monosaccharide transmembrane transporter activity	2/388	8/2680	0.25	1.72680412371134	0.846913512861149	0.326262278874992	0.999803899735225	0.955436956816118	TRINITY_DN1439_c0_g1/TRINITY_DN8899_c0_g1	2	interaction_vs_self	significant	up	MF	FALSE
GO:0015149	hexose transmembrane transporter activity	2/388	8/2680	0.25	1.72680412371134	0.846913512861149	0.326262278874992	0.999803899735225	0.955436956816118	TRINITY_DN1439_c0_g1/TRINITY_DN8899_c0_g1	2	interaction_vs_self	significant	up	MF	FALSE
GO:0022839	monoatomic ion-gated channel activity	2/388	8/2680	0.25	1.72680412371134	0.846913512861149	0.326262278874992	0.999803899735225	0.955436956816118	TRINITY_DN762_c0_g1/TRINITY_DN4384_c0_g1	2	interaction_vs_self	significant	up	MF	FALSE
GO:0035064	methylated histone binding	2/388	8/2680	0.25	1.72680412371134	0.846913512861149	0.326262278874992	0.999803899735225	0.955436956816118	TRINITY_DN623_c0_g1/TRINITY_DN2468_c0_g1	2	interaction_vs_self	significant	up	MF	FALSE
GO:0051119	sugar transmembrane transporter activity	2/388	8/2680	0.25	1.72680412371134	0.846913512861149	0.326262278874992	0.999803899735225	0.955436956816118	TRINITY_DN1439_c0_g1/TRINITY_DN8899_c0_g1	2	interaction_vs_self	significant	up	MF	FALSE
GO:0070717	poly-purine tract binding	2/388	8/2680	0.25	1.72680412371134	0.846913512861149	0.326262278874992	0.999803899735225	0.955436956816118	TRINITY_DN137_c0_g1/TRINITY_DN1075_c0_g1	2	interaction_vs_self	significant	up	MF	FALSE
GO:0140034	methylation-dependent protein binding	2/388	8/2680	0.25	1.72680412371134	0.846913512861149	0.326262278874992	0.999803899735225	0.955436956816118	TRINITY_DN623_c0_g1/TRINITY_DN2468_c0_g1	2	interaction_vs_self	significant	up	MF	FALSE
GO:0000287	magnesium ion binding	3/388	14/2680	0.214285714285714	1.48011782032401	0.740929154597755	0.33055150761165	0.999803899735225	0.955436956816118	TRINITY_DN566_c0_g1/TRINITY_DN3417_c0_g1/TRINITY_DN4953_c0_g1	3	interaction_vs_self	significant	up	MF	FALSE
GO:0015174	basic amino acid transmembrane transporter activity	3/388	14/2680	0.214285714285714	1.48011782032401	0.740929154597755	0.33055150761165	0.999803899735225	0.955436956816118	TRINITY_DN2892_c0_g1/TRINITY_DN4660_c0_g1/TRINITY_DN14671_c0_g1	3	interaction_vs_self	significant	up	MF	FALSE
GO:0016628	oxidoreductase activity, acting on the CH-CH group of donors, NAD or NADP as acceptor	3/388	14/2680	0.214285714285714	1.48011782032401	0.740929154597755	0.33055150761165	0.999803899735225	0.955436956816118	TRINITY_DN1250_c0_g2/TRINITY_DN3261_c0_g1/TRINITY_DN4564_c0_g1	3	interaction_vs_self	significant	up	MF	FALSE
GO:0019200	carbohydrate kinase activity	3/388	14/2680	0.214285714285714	1.48011782032401	0.740929154597755	0.33055150761165	0.999803899735225	0.955436956816118	TRINITY_DN9_c0_g2/TRINITY_DN1043_c0_g1/TRINITY_DN8876_c0_g1	3	interaction_vs_self	significant	up	MF	FALSE
GO:0031491	nucleosome binding	3/388	14/2680	0.214285714285714	1.48011782032401	0.740929154597755	0.33055150761165	0.999803899735225	0.955436956816118	TRINITY_DN1_c0_g1/TRINITY_DN807_c0_g1/TRINITY_DN15885_c0_g1	3	interaction_vs_self	significant	up	MF	FALSE
GO:0004540	RNA nuclease activity	7/388	39/2680	0.179487179487179	1.23975680676712	0.620460247329172	0.331538418103046	0.999803899735225	0.955436956816118	TRINITY_DN689_c0_g1/TRINITY_DN1234_c0_g1/TRINITY_DN1877_c0_g1/TRINITY_DN1921_c0_g1/TRINITY_DN2348_c0_g1/TRINITY_DN2777_c0_g1/TRINITY_DN10542_c0_g1	7	interaction_vs_self	significant	up	MF	FALSE
GO:0004527	exonuclease activity	7/388	40/2680	0.175	1.20876288659794	0.547237989242989	0.356653988591263	0.999803899735225	0.955436956816118	TRINITY_DN104_c0_g1/TRINITY_DN1234_c0_g1/TRINITY_DN1877_c0_g1/TRINITY_DN2348_c0_g1/TRINITY_DN2777_c0_g1/TRINITY_DN4822_c0_g1/TRINITY_DN10542_c0_g1	7	interaction_vs_self	significant	up	MF	FALSE
GO:0016758	hexosyltransferase activity	9/388	53/2680	0.169811320754717	1.17292355572846	0.523066574802132	0.357239328459557	0.999803899735225	0.955436956816118	TRINITY_DN1_c0_g2/TRINITY_DN22_c0_g1/TRINITY_DN36_c0_g1/TRINITY_DN61_c0_g1/TRINITY_DN172_c0_g1/TRINITY_DN763_c0_g1/TRINITY_DN1359_c0_g1/TRINITY_DN2754_c0_g1/TRINITY_DN4281_c0_g1	9	interaction_vs_self	significant	up	MF	FALSE
GO:0004674	protein serine/threonine kinase activity	14/388	86/2680	0.162790697674419	1.12443059218413	0.482487782544069	0.360385741121191	0.999803899735225	0.955436956816118	TRINITY_DN66_c0_g1/TRINITY_DN132_c0_g1/TRINITY_DN560_c0_g1/TRINITY_DN587_c0_g1/TRINITY_DN676_c0_g1/TRINITY_DN1037_c0_g1/TRINITY_DN1168_c0_g1/TRINITY_DN1214_c0_g1/TRINITY_DN1512_c0_g1/TRINITY_DN2167_c0_g1/TRINITY_DN2948_c0_g1/TRINITY_DN3029_c0_g1/TRINITY_DN3546_c0_g1/TRINITY_DN3821_c0_g1	14	interaction_vs_self	significant	up	MF	FALSE
GO:0008649	rRNA methyltransferase activity	3/388	15/2680	0.2	1.38144329896907	0.609427328844445	0.37293961687065	0.999803899735225	0.955436956816118	TRINITY_DN39_c0_g1/TRINITY_DN4306_c0_g1/TRINITY_DN4710_c0_g1	3	interaction_vs_self	significant	up	MF	FALSE
GO:0015103	inorganic anion transmembrane transporter activity	3/388	15/2680	0.2	1.38144329896907	0.609427328844445	0.37293961687065	0.999803899735225	0.955436956816118	TRINITY_DN802_c0_g1/TRINITY_DN2378_c0_g1/TRINITY_DN2892_c0_g1	3	interaction_vs_self	significant	up	MF	FALSE
GO:0140102	catalytic activity, acting on a rRNA	3/388	15/2680	0.2	1.38144329896907	0.609427328844445	0.37293961687065	0.999803899735225	0.955436956816118	TRINITY_DN39_c0_g1/TRINITY_DN4306_c0_g1/TRINITY_DN4710_c0_g1	3	interaction_vs_self	significant	up	MF	FALSE
GO:0000400	four-way junction DNA binding	2/388	9/2680	0.222222222222222	1.53493699885452	0.661274628991757	0.382467790242263	0.999803899735225	0.955436956816118	TRINITY_DN804_c0_g1/TRINITY_DN2715_c0_g1	2	interaction_vs_self	significant	up	MF	FALSE
GO:0005351	carbohydrate:proton symporter activity	2/388	9/2680	0.222222222222222	1.53493699885452	0.661274628991757	0.382467790242263	0.999803899735225	0.955436956816118	TRINITY_DN1439_c0_g1/TRINITY_DN8899_c0_g1	2	interaction_vs_self	significant	up	MF	FALSE
GO:0005402	carbohydrate:monoatomic cation symporter activity	2/388	9/2680	0.222222222222222	1.53493699885452	0.661274628991757	0.382467790242263	0.999803899735225	0.955436956816118	TRINITY_DN1439_c0_g1/TRINITY_DN8899_c0_g1	2	interaction_vs_self	significant	up	MF	FALSE
GO:0008375	acetylglucosaminyltransferase activity	2/388	9/2680	0.222222222222222	1.53493699885452	0.661274628991757	0.382467790242263	0.999803899735225	0.955436956816118	TRINITY_DN36_c0_g1/TRINITY_DN172_c0_g1	2	interaction_vs_self	significant	up	MF	FALSE
GO:0016408	C-acyltransferase activity	2/388	9/2680	0.222222222222222	1.53493699885452	0.661274628991757	0.382467790242263	0.999803899735225	0.955436956816118	TRINITY_DN763_c0_g1/TRINITY_DN2128_c0_g1	2	interaction_vs_self	significant	up	MF	FALSE
GO:0016417	S-acyltransferase activity	2/388	9/2680	0.222222222222222	1.53493699885452	0.661274628991757	0.382467790242263	0.999803899735225	0.955436956816118	TRINITY_DN1797_c0_g1/TRINITY_DN4750_c0_g1	2	interaction_vs_self	significant	up	MF	FALSE
GO:0016878	acid-thiol ligase activity	2/388	9/2680	0.222222222222222	1.53493699885452	0.661274628991757	0.382467790242263	0.999803899735225	0.955436956816118	TRINITY_DN661_c0_g1/TRINITY_DN2713_c0_g1	2	interaction_vs_self	significant	up	MF	FALSE
GO:0015078	proton transmembrane transporter activity	8/388	48/2680	0.166666666666667	1.15120274914089	0.434842793112861	0.392515435007676	0.999803899735225	0.955436956816118	TRINITY_DN404_c0_g1/TRINITY_DN579_c0_g1/TRINITY_DN1439_c0_g1/TRINITY_DN2833_c0_g1/TRINITY_DN3296_c0_g1/TRINITY_DN3536_c0_g1/TRINITY_DN8899_c0_g1/TRINITY_DN10855_c0_g1	8	interaction_vs_self	significant	up	MF	FALSE
GO:0030234	enzyme regulator activity	29/388	189/2680	0.153439153439153	1.05983745159003	0.351003979588195	0.395787441670353	0.999803899735225	0.955436956816118	TRINITY_DN0_c0_g2/TRINITY_DN104_c0_g1/TRINITY_DN137_c0_g1/TRINITY_DN519_c0_g1/TRINITY_DN566_c0_g1/TRINITY_DN570_c0_g3/TRINITY_DN688_c0_g1/TRINITY_DN734_c0_g1/TRINITY_DN771_c0_g1/TRINITY_DN785_c0_g1/TRINITY_DN803_c0_g1/TRINITY_DN821_c0_g1/TRINITY_DN893_c0_g1/TRINITY_DN963_c0_g1/TRINITY_DN1040_c0_g1/TRINITY_DN1429_c0_g1/TRINITY_DN1435_c0_g1/TRINITY_DN1544_c0_g1/TRINITY_DN1674_c0_g1/TRINITY_DN1777_c0_g1/TRINITY_DN1797_c0_g1/TRINITY_DN1996_c0_g1/TRINITY_DN2170_c0_g1/TRINITY_DN3891_c0_g1/TRINITY_DN4175_c0_g1/TRINITY_DN4954_c0_g1/TRINITY_DN7014_c0_g1/TRINITY_DN12439_c0_g1/TRINITY_DN17761_c0_g1	29	interaction_vs_self	significant	up	MF	FALSE
GO:0043022	ribosome binding	4/388	22/2680	0.181818181818182	1.25585754451734	0.495709215420305	0.397119703023531	0.999803899735225	0.955436956816118	TRINITY_DN273_c0_g1/TRINITY_DN1921_c0_g1/TRINITY_DN2100_c0_g1/TRINITY_DN7014_c0_g1	4	interaction_vs_self	significant	up	MF	FALSE
GO:0015399	primary active transmembrane transporter activity	9/388	55/2680	0.163636363636364	1.1302717900656	0.401570669493664	0.401244636576236	0.999803899735225	0.955436956816118	TRINITY_DN48_c0_g1/TRINITY_DN579_c0_g1/TRINITY_DN804_c1_g1/TRINITY_DN2348_c0_g1/TRINITY_DN2378_c0_g1/TRINITY_DN3142_c0_g1/TRINITY_DN3821_c0_g1/TRINITY_DN5677_c0_g1/TRINITY_DN10855_c0_g1	9	interaction_vs_self	significant	up	MF	FALSE
GO:0015605	organophosphate ester transmembrane transporter activity	3/388	16/2680	0.1875	1.29510309278351	0.487036550832079	0.414783269249284	0.999803899735225	0.955436956816118	TRINITY_DN299_c0_g1/TRINITY_DN4891_c0_g1/TRINITY_DN17667_c0_g1	3	interaction_vs_self	significant	up	MF	FALSE
GO:0015662	P-type ion transporter activity	3/388	16/2680	0.1875	1.29510309278351	0.487036550832079	0.414783269249284	0.999803899735225	0.955436956816118	TRINITY_DN804_c1_g1/TRINITY_DN2378_c0_g1/TRINITY_DN5677_c0_g1	3	interaction_vs_self	significant	up	MF	FALSE
GO:0016278	lysine N-methyltransferase activity	3/388	16/2680	0.1875	1.29510309278351	0.487036550832079	0.414783269249284	0.999803899735225	0.955436956816118	TRINITY_DN39_c0_g1/TRINITY_DN1158_c0_g1/TRINITY_DN2468_c0_g1	3	interaction_vs_self	significant	up	MF	FALSE
GO:0016279	protein-lysine N-methyltransferase activity	3/388	16/2680	0.1875	1.29510309278351	0.487036550832079	0.414783269249284	0.999803899735225	0.955436956816118	TRINITY_DN39_c0_g1/TRINITY_DN1158_c0_g1/TRINITY_DN2468_c0_g1	3	interaction_vs_self	significant	up	MF	FALSE
GO:0043169	cation binding	29/388	191/2680	0.151832460732984	1.04873967722783	0.287529094780967	0.420039873114275	0.999803899735225	0.955436956816118	TRINITY_DN100_c0_g1/TRINITY_DN116_c0_g1/TRINITY_DN137_c0_g1/TRINITY_DN155_c0_g1/TRINITY_DN204_c0_g1/TRINITY_DN299_c0_g1/TRINITY_DN551_c0_g1/TRINITY_DN566_c0_g1/TRINITY_DN674_c0_g1/TRINITY_DN688_c0_g1/TRINITY_DN734_c0_g1/TRINITY_DN1070_c0_g1/TRINITY_DN1491_c0_g1/TRINITY_DN1674_c0_g1/TRINITY_DN1839_c0_g1/TRINITY_DN1862_c0_g1/TRINITY_DN1881_c0_g1/TRINITY_DN2355_c0_g1/TRINITY_DN2777_c0_g1/TRINITY_DN3417_c0_g1/TRINITY_DN3452_c0_g1/TRINITY_DN3891_c0_g1/TRINITY_DN4175_c0_g1/TRINITY_DN4953_c0_g1/TRINITY_DN4954_c0_g1/TRINITY_DN5491_c0_g1/TRINITY_DN6550_c0_g1/TRINITY_DN12341_c0_g1/TRINITY_DN18162_c0_g1	29	interaction_vs_self	significant	up	MF	FALSE
GO:0003727	single-stranded RNA binding	4/388	23/2680	0.173913043478261	1.2012550425818	0.398758381392043	0.431930476098345	0.999803899735225	0.955436956816118	TRINITY_DN34_c0_g1/TRINITY_DN137_c0_g1/TRINITY_DN1075_c0_g1/TRINITY_DN1113_c0_g1	4	interaction_vs_self	significant	up	MF	FALSE
GO:0005506	iron ion binding	4/388	23/2680	0.173913043478261	1.2012550425818	0.398758381392043	0.431930476098345	0.999803899735225	0.955436956816118	TRINITY_DN100_c0_g1/TRINITY_DN137_c0_g1/TRINITY_DN1491_c0_g1/TRINITY_DN6550_c0_g1	4	interaction_vs_self	significant	up	MF	FALSE
GO:0140030	modification-dependent protein binding	4/388	23/2680	0.173913043478261	1.2012550425818	0.398758381392043	0.431930476098345	0.999803899735225	0.955436956816118	TRINITY_DN623_c0_g1/TRINITY_DN807_c0_g1/TRINITY_DN2468_c0_g1/TRINITY_DN15885_c0_g1	4	interaction_vs_self	significant	up	MF	FALSE
GO:0019887	protein kinase regulator activity	7/388	43/2680	0.162790697674419	1.12443059218413	0.338377317996264	0.43257453421945	0.999803899735225	0.955436956816118	TRINITY_DN0_c0_g2/TRINITY_DN519_c0_g1/TRINITY_DN803_c0_g1/TRINITY_DN1429_c0_g1/TRINITY_DN3891_c0_g1/TRINITY_DN4954_c0_g1/TRINITY_DN7014_c0_g1	7	interaction_vs_self	significant	up	MF	FALSE
GO:0004029	aldehyde dehydrogenase (NAD+) activity	2/388	10/2680	0.2	1.38144329896907	0.497129198766117	0.436561123322941	0.999803899735225	0.955436956816118	TRINITY_DN1115_c0_g1/TRINITY_DN5019_c0_g1	2	interaction_vs_self	significant	up	MF	FALSE
GO:0008198	ferrous iron binding	2/388	10/2680	0.2	1.38144329896907	0.497129198766117	0.436561123322941	0.999803899735225	0.955436956816118	TRINITY_DN100_c0_g1/TRINITY_DN137_c0_g1	2	interaction_vs_self	significant	up	MF	FALSE
GO:0016709	oxidoreductase activity, acting on paired donors, with incorporation or reduction of molecular oxygen, NAD(P)H as one donor, and incorporation of one atom of oxygen	2/388	10/2680	0.2	1.38144329896907	0.497129198766117	0.436561123322941	0.999803899735225	0.955436956816118	TRINITY_DN1626_c0_g1/TRINITY_DN4415_c0_g1	2	interaction_vs_self	significant	up	MF	FALSE
GO:0022836	gated channel activity	2/388	10/2680	0.2	1.38144329896907	0.497129198766117	0.436561123322941	0.999803899735225	0.955436956816118	TRINITY_DN762_c0_g1/TRINITY_DN4384_c0_g1	2	interaction_vs_self	significant	up	MF	FALSE
GO:0035251	UDP-glucosyltransferase activity	2/388	10/2680	0.2	1.38144329896907	0.497129198766117	0.436561123322941	0.999803899735225	0.955436956816118	TRINITY_DN763_c0_g1/TRINITY_DN1359_c0_g1	2	interaction_vs_self	significant	up	MF	FALSE
GO:0016407	acetyltransferase activity	8/388	50/2680	0.16	1.10515463917526	0.308766715751895	0.439549816177092	0.999803899735225	0.955436956816118	TRINITY_DN138_c0_g1/TRINITY_DN556_c0_g1/TRINITY_DN847_c0_g1/TRINITY_DN880_c0_g1/TRINITY_DN904_c0_g1/TRINITY_DN1342_c0_g1/TRINITY_DN1881_c0_g1/TRINITY_DN2956_c0_g1	8	interaction_vs_self	significant	up	MF	FALSE
GO:0022853	active monoatomic ion transmembrane transporter activity	5/388	30/2680	0.166666666666667	1.15120274914089	0.34260389087769	0.443156023423852	0.999803899735225	0.955436956816118	TRINITY_DN579_c0_g1/TRINITY_DN804_c1_g1/TRINITY_DN2378_c0_g1/TRINITY_DN5677_c0_g1/TRINITY_DN10855_c0_g1	5	interaction_vs_self	significant	up	MF	FALSE
GO:0042625	ATPase-coupled ion transmembrane transporter activity	5/388	30/2680	0.166666666666667	1.15120274914089	0.34260389087769	0.443156023423852	0.999803899735225	0.955436956816118	TRINITY_DN579_c0_g1/TRINITY_DN804_c1_g1/TRINITY_DN2378_c0_g1/TRINITY_DN5677_c0_g1/TRINITY_DN10855_c0_g1	5	interaction_vs_self	significant	up	MF	FALSE
GO:0016491	oxidoreductase activity	40/388	269/2680	0.148698884758364	1.02709538956808	0.192738221543666	0.452820373610581	0.999803899735225	0.955436956816118	TRINITY_DN116_c0_g1/TRINITY_DN137_c0_g1/TRINITY_DN688_c0_g1/TRINITY_DN734_c0_g1/TRINITY_DN1115_c0_g1/TRINITY_DN1250_c0_g2/TRINITY_DN1619_c0_g1/TRINITY_DN1626_c0_g1/TRINITY_DN1680_c0_g1/TRINITY_DN1734_c0_g1/TRINITY_DN2082_c1_g1/TRINITY_DN2128_c0_g1/TRINITY_DN2555_c0_g1/TRINITY_DN2770_c0_g1/TRINITY_DN2937_c0_g1/TRINITY_DN3157_c0_g1/TRINITY_DN3261_c0_g1/TRINITY_DN3452_c0_g1/TRINITY_DN3555_c0_g1/TRINITY_DN3863_c0_g1/TRINITY_DN4141_c0_g1/TRINITY_DN4235_c0_g1/TRINITY_DN4415_c0_g1/TRINITY_DN4564_c0_g1/TRINITY_DN4740_c0_g1/TRINITY_DN4954_c0_g1/TRINITY_DN5019_c0_g1/TRINITY_DN5087_c0_g1/TRINITY_DN5448_c0_g1/TRINITY_DN5677_c0_g1/TRINITY_DN6550_c0_g1/TRINITY_DN6810_c0_g1/TRINITY_DN7184_c0_g1/TRINITY_DN10879_c0_g1/TRINITY_DN12592_c0_g1/TRINITY_DN13997_c4_g1/TRINITY_DN14272_c0_g1/TRINITY_DN17644_c0_g1/TRINITY_DN17705_c0_g1/TRINITY_DN17980_c0_g1	40	interaction_vs_self	significant	up	MF	FALSE
GO:0005310	dicarboxylic acid transmembrane transporter activity	3/388	17/2680	0.176470588235294	1.21892055791389	0.372494904876877	0.455693472497207	0.999803899735225	0.955436956816118	TRINITY_DN2378_c0_g1/TRINITY_DN2833_c0_g1/TRINITY_DN6185_c0_g1	3	interaction_vs_self	significant	up	MF	FALSE
GO:0005516	calmodulin binding	3/388	17/2680	0.176470588235294	1.21892055791389	0.372494904876877	0.455693472497207	0.999803899735225	0.955436956816118	TRINITY_DN66_c0_g1/TRINITY_DN1714_c0_g1/TRINITY_DN3821_c0_g1	3	interaction_vs_self	significant	up	MF	FALSE
GO:1902936	phosphatidylinositol bisphosphate binding	4/388	24/2680	0.166666666666667	1.15120274914089	0.306087917038932	0.466177228179229	0.999803899735225	0.955436956816118	TRINITY_DN674_c0_g1/TRINITY_DN1270_c0_g6/TRINITY_DN2225_c0_g1/TRINITY_DN3891_c0_g1	4	interaction_vs_self	significant	up	MF	FALSE
GO:0008081	phosphoric diester hydrolase activity	2/388	11/2680	0.181818181818182	1.25585754451734	0.349796287817705	0.487975677112483	0.999803899735225	0.955436956816118	TRINITY_DN147_c0_g1/TRINITY_DN806_c0_g1	2	interaction_vs_self	significant	up	MF	FALSE
GO:0016790	thiolester hydrolase activity	2/388	11/2680	0.181818181818182	1.25585754451734	0.349796287817705	0.487975677112483	0.999803899735225	0.955436956816118	TRINITY_DN1960_c0_g1/TRINITY_DN2839_c0_g1	2	interaction_vs_self	significant	up	MF	FALSE
GO:0020037	heme binding	2/388	11/2680	0.181818181818182	1.25585754451734	0.349796287817705	0.487975677112483	0.999803899735225	0.955436956816118	TRINITY_DN1734_c0_g1/TRINITY_DN4740_c0_g1	2	interaction_vs_self	significant	up	MF	FALSE
GO:0043138	3'-5' DNA helicase activity	2/388	11/2680	0.181818181818182	1.25585754451734	0.349796287817705	0.487975677112483	0.999803899735225	0.955436956816118	TRINITY_DN104_c0_g1/TRINITY_DN2217_c1_g1	2	interaction_vs_self	significant	up	MF	FALSE
GO:0046906	tetrapyrrole binding	2/388	11/2680	0.181818181818182	1.25585754451734	0.349796287817705	0.487975677112483	0.999803899735225	0.955436956816118	TRINITY_DN1734_c0_g1/TRINITY_DN4740_c0_g1	2	interaction_vs_self	significant	up	MF	FALSE
GO:0046982	protein heterodimerization activity	2/388	11/2680	0.181818181818182	1.25585754451734	0.349796287817705	0.487975677112483	0.999803899735225	0.955436956816118	TRINITY_DN804_c0_g1/TRINITY_DN861_c0_g1	2	interaction_vs_self	significant	up	MF	FALSE
GO:0042162	telomeric DNA binding	3/388	18/2680	0.166666666666667	1.15120274914089	0.264781005730764	0.495355220675428	0.999803899735225	0.955436956816118	TRINITY_DN554_c2_g1/TRINITY_DN1208_c0_g1/TRINITY_DN3467_c0_g1	3	interaction_vs_self	significant	up	MF	FALSE
GO:0016796	exonuclease activity, active with either ribo- or deoxyribonucleic acids and producing 5'-phosphomonoesters	5/388	32/2680	0.15625	1.07925257731959	0.185534341102254	0.502738412288231	0.999803899735225	0.955436956816118	TRINITY_DN1234_c0_g1/TRINITY_DN1877_c0_g1/TRINITY_DN2348_c0_g1/TRINITY_DN2777_c0_g1/TRINITY_DN10542_c0_g1	5	interaction_vs_self	significant	up	MF	FALSE
GO:1901981	phosphatidylinositol phosphate binding	8/388	54/2680	0.148148148148148	1.02329133256968	0.0711277005052536	0.531583004101345	0.999803899735225	0.955436956816118	TRINITY_DN386_c0_g1/TRINITY_DN424_c0_g1/TRINITY_DN674_c0_g1/TRINITY_DN1270_c0_g6/TRINITY_DN2225_c0_g1/TRINITY_DN3790_c0_g1/TRINITY_DN3891_c0_g1/TRINITY_DN4268_c0_g1	8	interaction_vs_self	significant	up	MF	FALSE
GO:0005509	calcium ion binding	5/388	33/2680	0.151515151515152	1.04654795376445	0.11068161984966	0.531598683468369	0.999803899735225	0.955436956816118	TRINITY_DN155_c0_g1/TRINITY_DN299_c0_g1/TRINITY_DN688_c0_g1/TRINITY_DN1674_c0_g1/TRINITY_DN3452_c0_g1	5	interaction_vs_self	significant	up	MF	FALSE
GO:0019209	kinase activator activity	4/388	26/2680	0.153846153846154	1.06264869151467	0.132051437236375	0.532200997322336	0.999803899735225	0.955436956816118	TRINITY_DN519_c0_g1/TRINITY_DN1674_c0_g1/TRINITY_DN3891_c0_g1/TRINITY_DN4954_c0_g1	4	interaction_vs_self	significant	up	MF	FALSE
GO:0016887	ATP hydrolysis activity	33/388	228/2680	0.144736842105263	0.999728703201302	-0.00176176011096466	0.532214920285629	0.999803899735225	0.955436956816118	TRINITY_DN31_c0_g1/TRINITY_DN48_c0_g1/TRINITY_DN104_c0_g1/TRINITY_DN579_c0_g1/TRINITY_DN623_c0_g1/TRINITY_DN674_c0_g1/TRINITY_DN804_c0_g1/TRINITY_DN804_c1_g1/TRINITY_DN940_c0_g1/TRINITY_DN983_c0_g1/TRINITY_DN1107_c0_g1/TRINITY_DN1533_c0_g1/TRINITY_DN1614_c0_g1/TRINITY_DN2217_c1_g1/TRINITY_DN2313_c0_g1/TRINITY_DN2348_c0_g1/TRINITY_DN2378_c0_g1/TRINITY_DN2511_c4_g1/TRINITY_DN2715_c0_g1/TRINITY_DN3142_c0_g1/TRINITY_DN3507_c0_g1/TRINITY_DN3821_c0_g1/TRINITY_DN3855_c0_g1/TRINITY_DN3862_c0_g1/TRINITY_DN4050_c0_g1/TRINITY_DN4797_c0_g1/TRINITY_DN5079_c0_g1/TRINITY_DN5677_c0_g1/TRINITY_DN6594_c0_g1/TRINITY_DN10814_c0_g1/TRINITY_DN10855_c0_g1/TRINITY_DN12439_c0_g1/TRINITY_DN15885_c0_g1	33	interaction_vs_self	significant	up	MF	FALSE
GO:0004518	nuclease activity	11/388	75/2680	0.146666666666667	1.01305841924399	0.0471859049419885	0.532582707236113	0.999803899735225	0.955436956816118	TRINITY_DN104_c0_g1/TRINITY_DN689_c0_g1/TRINITY_DN1234_c0_g1/TRINITY_DN1572_c0_g1/TRINITY_DN1877_c0_g1/TRINITY_DN1921_c0_g1/TRINITY_DN2348_c0_g1/TRINITY_DN2777_c0_g1/TRINITY_DN4822_c0_g1/TRINITY_DN10542_c0_g1/TRINITY_DN14234_c0_g1	11	interaction_vs_self	significant	up	MF	FALSE
GO:0042578	phosphoric ester hydrolase activity	12/388	82/2680	0.146341463414634	1.01081216997737	0.0409067644828315	0.533005805211651	0.999803899735225	0.955436956816118	TRINITY_DN147_c0_g1/TRINITY_DN785_c0_g1/TRINITY_DN806_c0_g1/TRINITY_DN1222_c0_g1/TRINITY_DN1432_c0_g1/TRINITY_DN3614_c0_g1/TRINITY_DN4282_c0_g1/TRINITY_DN4679_c0_g1/TRINITY_DN5001_c0_g1/TRINITY_DN5039_c0_g1/TRINITY_DN11142_c0_g1/TRINITY_DN14089_c0_g1	12	interaction_vs_self	significant	up	MF	FALSE
GO:0015926	glucosidase activity	3/388	19/2680	0.157894736842105	1.09061313076506	0.163057362078288	0.533521458720896	0.999803899735225	0.955436956816118	TRINITY_DN763_c0_g1/TRINITY_DN9113_c0_g1/TRINITY_DN15873_c0_g1	3	interaction_vs_self	significant	up	MF	FALSE
GO:0016620	oxidoreductase activity, acting on the aldehyde or oxo group of donors, NAD or NADP as acceptor	3/388	19/2680	0.157894736842105	1.09061313076506	0.163057362078288	0.533521458720896	0.999803899735225	0.955436956816118	TRINITY_DN1115_c0_g1/TRINITY_DN2555_c0_g1/TRINITY_DN5019_c0_g1	3	interaction_vs_self	significant	up	MF	FALSE
GO:0016877	ligase activity, forming carbon-sulfur bonds	3/388	19/2680	0.157894736842105	1.09061313076506	0.163057362078288	0.533521458720896	0.999803899735225	0.955436956816118	TRINITY_DN661_c0_g1/TRINITY_DN2713_c0_g1/TRINITY_DN4954_c0_g1	3	interaction_vs_self	significant	up	MF	FALSE
GO:0004252	serine-type endopeptidase activity	2/388	12/2680	0.166666666666667	1.15120274914089	0.215949553710647	0.536352360863579	0.999803899735225	0.955436956816118	TRINITY_DN2313_c0_g1/TRINITY_DN17699_c0_g1	2	interaction_vs_self	significant	up	MF	FALSE
GO:0004497	monooxygenase activity	2/388	12/2680	0.166666666666667	1.15120274914089	0.215949553710647	0.536352360863579	0.999803899735225	0.955436956816118	TRINITY_DN1626_c0_g1/TRINITY_DN4415_c0_g1	2	interaction_vs_self	significant	up	MF	FALSE
GO:0015556	C4-dicarboxylate transmembrane transporter activity	2/388	12/2680	0.166666666666667	1.15120274914089	0.215949553710647	0.536352360863579	0.999803899735225	0.955436956816118	TRINITY_DN2833_c0_g1/TRINITY_DN6185_c0_g1	2	interaction_vs_self	significant	up	MF	FALSE
GO:0017069	snRNA binding	2/388	12/2680	0.166666666666667	1.15120274914089	0.215949553710647	0.536352360863579	0.999803899735225	0.955436956816118	TRINITY_DN579_c0_g1/TRINITY_DN1471_c0_g1	2	interaction_vs_self	significant	up	MF	FALSE
GO:0051537	2 iron, 2 sulfur cluster binding	2/388	12/2680	0.166666666666667	1.15120274914089	0.215949553710647	0.536352360863579	0.999803899735225	0.955436956816118	TRINITY_DN100_c0_g1/TRINITY_DN4795_c0_g1	2	interaction_vs_self	significant	up	MF	FALSE
GO:0000009	alpha-1,6-mannosyltransferase activity	1/388	5/2680	0.2	1.38144329896907	0.351194747344801	0.542780823586957	0.999803899735225	0.955436956816118	TRINITY_DN22_c0_g1	1	interaction_vs_self	significant	up	MF	FALSE
GO:0003785	actin monomer binding	1/388	5/2680	0.2	1.38144329896907	0.351194747344801	0.542780823586957	0.999803899735225	0.955436956816118	TRINITY_DN7014_c0_g1	1	interaction_vs_self	significant	up	MF	FALSE
GO:0004100	chitin synthase activity	1/388	5/2680	0.2	1.38144329896907	0.351194747344801	0.542780823586957	0.999803899735225	0.955436956816118	TRINITY_DN172_c0_g1	1	interaction_vs_self	significant	up	MF	FALSE
GO:0004311	farnesyltranstransferase activity	1/388	5/2680	0.2	1.38144329896907	0.351194747344801	0.542780823586957	0.999803899735225	0.955436956816118	TRINITY_DN14158_c0_g1	1	interaction_vs_self	significant	up	MF	FALSE
GO:0004457	lactate dehydrogenase activity	1/388	5/2680	0.2	1.38144329896907	0.351194747344801	0.542780823586957	0.999803899735225	0.955436956816118	TRINITY_DN10879_c0_g1	1	interaction_vs_self	significant	up	MF	FALSE
GO:0004551	dinucleotide phosphatase activity	1/388	5/2680	0.2	1.38144329896907	0.351194747344801	0.542780823586957	0.999803899735225	0.955436956816118	TRINITY_DN4660_c0_g1	1	interaction_vs_self	significant	up	MF	FALSE
GO:0004806	triacylglycerol lipase activity	1/388	5/2680	0.2	1.38144329896907	0.351194747344801	0.542780823586957	0.999803899735225	0.955436956816118	TRINITY_DN1310_c0_g1	1	interaction_vs_self	significant	up	MF	FALSE
GO:0004849	uridine kinase activity	1/388	5/2680	0.2	1.38144329896907	0.351194747344801	0.542780823586957	0.999803899735225	0.955436956816118	TRINITY_DN1430_c0_g1	1	interaction_vs_self	significant	up	MF	FALSE
GO:0005244	voltage-gated monoatomic ion channel activity	1/388	5/2680	0.2	1.38144329896907	0.351194747344801	0.542780823586957	0.999803899735225	0.955436956816118	TRINITY_DN762_c0_g1	1	interaction_vs_self	significant	up	MF	FALSE
GO:0005346	purine ribonucleotide transmembrane transporter activity	1/388	5/2680	0.2	1.38144329896907	0.351194747344801	0.542780823586957	0.999803899735225	0.955436956816118	TRINITY_DN299_c0_g1	1	interaction_vs_self	significant	up	MF	FALSE
GO:0008169	C-methyltransferase activity	1/388	5/2680	0.2	1.38144329896907	0.351194747344801	0.542780823586957	0.999803899735225	0.955436956816118	TRINITY_DN4710_c0_g1	1	interaction_vs_self	significant	up	MF	FALSE
GO:0008266	poly(U) RNA binding	1/388	5/2680	0.2	1.38144329896907	0.351194747344801	0.542780823586957	0.999803899735225	0.955436956816118	TRINITY_DN1113_c0_g1	1	interaction_vs_self	significant	up	MF	FALSE
GO:0008320	protein transmembrane transporter activity	1/388	5/2680	0.2	1.38144329896907	0.351194747344801	0.542780823586957	0.999803899735225	0.955436956816118	TRINITY_DN674_c0_g1	1	interaction_vs_self	significant	up	MF	FALSE
GO:0015038	glutathione disulfide oxidoreductase activity	1/388	5/2680	0.2	1.38144329896907	0.351194747344801	0.542780823586957	0.999803899735225	0.955436956816118	TRINITY_DN14272_c0_g1	1	interaction_vs_self	significant	up	MF	FALSE
GO:0016423	tRNA (guanine) methyltransferase activity	1/388	5/2680	0.2	1.38144329896907	0.351194747344801	0.542780823586957	0.999803899735225	0.955436956816118	TRINITY_DN147_c0_g1	1	interaction_vs_self	significant	up	MF	FALSE
GO:0016436	rRNA (uridine) methyltransferase activity	1/388	5/2680	0.2	1.38144329896907	0.351194747344801	0.542780823586957	0.999803899735225	0.955436956816118	TRINITY_DN39_c0_g1	1	interaction_vs_self	significant	up	MF	FALSE
GO:0016755	aminoacyltransferase activity	1/388	5/2680	0.2	1.38144329896907	0.351194747344801	0.542780823586957	0.999803899735225	0.955436956816118	TRINITY_DN1048_c0_g1	1	interaction_vs_self	significant	up	MF	FALSE
GO:0016886	ligase activity, forming phosphoric ester bonds	1/388	5/2680	0.2	1.38144329896907	0.351194747344801	0.542780823586957	0.999803899735225	0.955436956816118	TRINITY_DN147_c0_g1	1	interaction_vs_self	significant	up	MF	FALSE
GO:0016898	oxidoreductase activity, acting on the CH-OH group of donors, cytochrome as acceptor	1/388	5/2680	0.2	1.38144329896907	0.351194747344801	0.542780823586957	0.999803899735225	0.955436956816118	TRINITY_DN10879_c0_g1	1	interaction_vs_self	significant	up	MF	FALSE
GO:0022884	macromolecule transmembrane transporter activity	1/388	5/2680	0.2	1.38144329896907	0.351194747344801	0.542780823586957	0.999803899735225	0.955436956816118	TRINITY_DN674_c0_g1	1	interaction_vs_self	significant	up	MF	FALSE
GO:0030943	mitochondrion targeting sequence binding	1/388	5/2680	0.2	1.38144329896907	0.351194747344801	0.542780823586957	0.999803899735225	0.955436956816118	TRINITY_DN4679_c0_g1	1	interaction_vs_self	significant	up	MF	FALSE
GO:0031386	protein tag activity	1/388	5/2680	0.2	1.38144329896907	0.351194747344801	0.542780823586957	0.999803899735225	0.955436956816118	TRINITY_DN5307_c0_g1	1	interaction_vs_self	significant	up	MF	FALSE
GO:0035673	oligopeptide transmembrane transporter activity	1/388	5/2680	0.2	1.38144329896907	0.351194747344801	0.542780823586957	0.999803899735225	0.955436956816118	TRINITY_DN10660_c0_g1	1	interaction_vs_self	significant	up	MF	FALSE
GO:0047429	nucleoside triphosphate diphosphatase activity	1/388	5/2680	0.2	1.38144329896907	0.351194747344801	0.542780823586957	0.999803899735225	0.955436956816118	TRINITY_DN1107_c0_g1	1	interaction_vs_self	significant	up	MF	FALSE
GO:0048029	monosaccharide binding	1/388	5/2680	0.2	1.38144329896907	0.351194747344801	0.542780823586957	0.999803899735225	0.955436956816118	TRINITY_DN8899_c0_g1	1	interaction_vs_self	significant	up	MF	FALSE
GO:0051731	polynucleotide 5'-hydroxyl-kinase activity	1/388	5/2680	0.2	1.38144329896907	0.351194747344801	0.542780823586957	0.999803899735225	0.955436956816118	TRINITY_DN147_c0_g1	1	interaction_vs_self	significant	up	MF	FALSE
GO:0061860	DNA clamp unloader activity	1/388	5/2680	0.2	1.38144329896907	0.351194747344801	0.542780823586957	0.999803899735225	0.955436956816118	TRINITY_DN1614_c0_g1	1	interaction_vs_self	significant	up	MF	FALSE
GO:1901239	malonate(1-) transmembrane transporter activity	1/388	5/2680	0.2	1.38144329896907	0.351194747344801	0.542780823586957	0.999803899735225	0.955436956816118	TRINITY_DN2833_c0_g1	1	interaction_vs_self	significant	up	MF	FALSE
GO:0046914	transition metal ion binding	19/388	132/2680	0.143939393939394	0.994220556076226	-0.0280135547068198	0.550929393532963	0.999803899735225	0.955436956816118	TRINITY_DN100_c0_g1/TRINITY_DN116_c0_g1/TRINITY_DN137_c0_g1/TRINITY_DN204_c0_g1/TRINITY_DN551_c0_g1/TRINITY_DN674_c0_g1/TRINITY_DN734_c0_g1/TRINITY_DN1070_c0_g1/TRINITY_DN1491_c0_g1/TRINITY_DN1862_c0_g1/TRINITY_DN1881_c0_g1/TRINITY_DN2355_c0_g1/TRINITY_DN3891_c0_g1/TRINITY_DN4175_c0_g1/TRINITY_DN4954_c0_g1/TRINITY_DN5491_c0_g1/TRINITY_DN6550_c0_g1/TRINITY_DN12341_c0_g1/TRINITY_DN18162_c0_g1	19	interaction_vs_self	significant	up	MF	FALSE
GO:0016791	phosphatase activity	10/388	69/2680	0.144927536231884	1.00104586881817	0.00362070579762393	0.552056088031073	0.999803899735225	0.955436956816118	TRINITY_DN785_c0_g1/TRINITY_DN1222_c0_g1/TRINITY_DN1432_c0_g1/TRINITY_DN3614_c0_g1/TRINITY_DN4282_c0_g1/TRINITY_DN4679_c0_g1/TRINITY_DN5001_c0_g1/TRINITY_DN5039_c0_g1/TRINITY_DN11142_c0_g1/TRINITY_DN14089_c0_g1	10	interaction_vs_self	significant	up	MF	FALSE
GO:0016651	oxidoreductase activity, acting on NAD(P)H	5/388	34/2680	0.147058823529412	1.01576713159491	0.0380620472344553	0.559687848566273	0.999803899735225	0.955436956816118	TRINITY_DN2082_c1_g1/TRINITY_DN2937_c0_g1/TRINITY_DN3863_c0_g1/TRINITY_DN5448_c0_g1/TRINITY_DN5677_c0_g1	5	interaction_vs_self	significant	up	MF	FALSE
GO:0042802	identical protein binding	5/388	34/2680	0.147058823529412	1.01576713159491	0.0380620472344553	0.559687848566273	0.999803899735225	0.955436956816118	TRINITY_DN861_c0_g1/TRINITY_DN1955_c0_g1/TRINITY_DN2715_c0_g1/TRINITY_DN3417_c0_g1/TRINITY_DN3507_c0_g1	5	interaction_vs_self	significant	up	MF	FALSE
GO:0008289	lipid binding	14/388	98/2680	0.142857142857143	0.986745213549337	-0.0549923864824286	0.567392112914346	0.999803899735225	0.955436956816118	TRINITY_DN278_c0_g1/TRINITY_DN298_c0_g1/TRINITY_DN386_c0_g1/TRINITY_DN424_c0_g1/TRINITY_DN674_c0_g1/TRINITY_DN831_c0_g1/TRINITY_DN1270_c0_g6/TRINITY_DN1487_c0_g1/TRINITY_DN2170_c0_g1/TRINITY_DN2225_c0_g1/TRINITY_DN3790_c0_g1/TRINITY_DN3891_c0_g1/TRINITY_DN4268_c0_g1/TRINITY_DN5036_c0_g1	14	interaction_vs_self	significant	up	MF	FALSE
GO:0008238	exopeptidase activity	3/388	20/2680	0.15	1.0360824742268	0.0666293233061863	0.570006212308407	0.999803899735225	0.955436956816118	TRINITY_DN582_c0_g1/TRINITY_DN3251_c0_g1/TRINITY_DN3507_c0_g1	3	interaction_vs_self	significant	up	MF	FALSE
GO:0051536	iron-sulfur cluster binding	3/388	20/2680	0.15	1.0360824742268	0.0666293233061863	0.570006212308407	0.999803899735225	0.955436956816118	TRINITY_DN100_c0_g1/TRINITY_DN1491_c0_g1/TRINITY_DN4795_c0_g1	3	interaction_vs_self	significant	up	MF	FALSE
GO:0051540	metal cluster binding	3/388	20/2680	0.15	1.0360824742268	0.0666293233061863	0.570006212308407	0.999803899735225	0.955436956816118	TRINITY_DN100_c0_g1/TRINITY_DN1491_c0_g1/TRINITY_DN4795_c0_g1	3	interaction_vs_self	significant	up	MF	FALSE
GO:0098772	molecular function regulator activity	32/388	225/2680	0.142222222222222	0.982359679266896	-0.113727868835805	0.57685394855681	0.999803899735225	0.955436956816118	TRINITY_DN0_c0_g2/TRINITY_DN104_c0_g1/TRINITY_DN137_c0_g1/TRINITY_DN424_c0_g1/TRINITY_DN519_c0_g1/TRINITY_DN566_c0_g1/TRINITY_DN570_c0_g3/TRINITY_DN688_c0_g1/TRINITY_DN734_c0_g1/TRINITY_DN771_c0_g1/TRINITY_DN785_c0_g1/TRINITY_DN803_c0_g1/TRINITY_DN821_c0_g1/TRINITY_DN893_c0_g1/TRINITY_DN963_c0_g1/TRINITY_DN1040_c0_g1/TRINITY_DN1429_c0_g1/TRINITY_DN1435_c0_g1/TRINITY_DN1544_c0_g1/TRINITY_DN1674_c0_g1/TRINITY_DN1714_c0_g1/TRINITY_DN1777_c0_g1/TRINITY_DN1797_c0_g1/TRINITY_DN1996_c0_g1/TRINITY_DN2170_c0_g1/TRINITY_DN3507_c0_g1/TRINITY_DN3891_c0_g1/TRINITY_DN4175_c0_g1/TRINITY_DN4954_c0_g1/TRINITY_DN7014_c0_g1/TRINITY_DN12439_c0_g1/TRINITY_DN17761_c0_g1	32	interaction_vs_self	significant	up	MF	FALSE
GO:0016782	transferase activity, transferring sulphur-containing groups	2/388	13/2680	0.153846153846154	1.06264869151467	0.093146616922649	0.581491624453603	0.999803899735225	0.955436956816118	TRINITY_DN100_c0_g1/TRINITY_DN10661_c0_g1	2	interaction_vs_self	significant	up	MF	FALSE
GO:1904680	peptide transmembrane transporter activity	2/388	13/2680	0.153846153846154	1.06264869151467	0.093146616922649	0.581491624453603	0.999803899735225	0.955436956816118	TRINITY_DN674_c0_g1/TRINITY_DN10660_c0_g1	2	interaction_vs_self	significant	up	MF	FALSE
GO:0008270	zinc ion binding	14/388	100/2680	0.14	0.967010309278351	-0.13831309642913	0.599929294198624	0.999803899735225	0.955436956816118	TRINITY_DN116_c0_g1/TRINITY_DN204_c0_g1/TRINITY_DN551_c0_g1/TRINITY_DN674_c0_g1/TRINITY_DN734_c0_g1/TRINITY_DN1070_c0_g1/TRINITY_DN1862_c0_g1/TRINITY_DN1881_c0_g1/TRINITY_DN2355_c0_g1/TRINITY_DN3891_c0_g1/TRINITY_DN4175_c0_g1/TRINITY_DN4954_c0_g1/TRINITY_DN5491_c0_g1/TRINITY_DN18162_c0_g1	14	interaction_vs_self	significant	up	MF	FALSE
GO:0016788	hydrolase activity, acting on ester bonds	29/388	206/2680	0.140776699029126	0.972375137623861	-0.169757432685593	0.60001846947734	0.999803899735225	0.955436956816118	TRINITY_DN104_c0_g1/TRINITY_DN137_c0_g1/TRINITY_DN147_c0_g1/TRINITY_DN608_c0_g1/TRINITY_DN689_c0_g1/TRINITY_DN785_c0_g1/TRINITY_DN806_c0_g1/TRINITY_DN1222_c0_g1/TRINITY_DN1234_c0_g1/TRINITY_DN1310_c0_g1/TRINITY_DN1432_c0_g1/TRINITY_DN1572_c0_g1/TRINITY_DN1877_c0_g1/TRINITY_DN1921_c0_g1/TRINITY_DN1960_c0_g1/TRINITY_DN2348_c0_g1/TRINITY_DN2777_c0_g1/TRINITY_DN2839_c0_g1/TRINITY_DN3614_c0_g1/TRINITY_DN4282_c0_g1/TRINITY_DN4341_c0_g1/TRINITY_DN4679_c0_g1/TRINITY_DN4822_c0_g1/TRINITY_DN5001_c0_g1/TRINITY_DN5039_c0_g1/TRINITY_DN10542_c0_g1/TRINITY_DN11142_c0_g1/TRINITY_DN14089_c0_g1/TRINITY_DN14234_c0_g1	29	interaction_vs_self	significant	up	MF	FALSE
GO:0016860	intramolecular oxidoreductase activity	3/388	21/2680	0.142857142857143	0.986745213549337	-0.0250852322814092	0.604677396273147	0.999803899735225	0.955436956816118	TRINITY_DN4600_c0_g1/TRINITY_DN4954_c0_g1/TRINITY_DN6571_c0_g1	3	interaction_vs_self	significant	up	MF	FALSE
GO:0000295	adenine nucleotide transmembrane transporter activity	1/388	6/2680	0.166666666666667	1.15120274914089	0.152527981914358	0.609098969548924	0.999803899735225	0.955436956816118	TRINITY_DN299_c0_g1	1	interaction_vs_self	significant	up	MF	FALSE
GO:0003777	microtubule motor activity	1/388	6/2680	0.166666666666667	1.15120274914089	0.152527981914358	0.609098969548924	0.999803899735225	0.955436956816118	TRINITY_DN940_c0_g1	1	interaction_vs_self	significant	up	MF	FALSE
GO:0004190	aspartic-type endopeptidase activity	1/388	6/2680	0.166666666666667	1.15120274914089	0.152527981914358	0.609098969548924	0.999803899735225	0.955436956816118	TRINITY_DN10545_c0_g1	1	interaction_vs_self	significant	up	MF	FALSE
GO:0005290	L-histidine transmembrane transporter activity	1/388	6/2680	0.166666666666667	1.15120274914089	0.152527981914358	0.609098969548924	0.999803899735225	0.955436956816118	TRINITY_DN14671_c0_g1	1	interaction_vs_self	significant	up	MF	FALSE
GO:0005381	iron ion transmembrane transporter activity	1/388	6/2680	0.166666666666667	1.15120274914089	0.152527981914358	0.609098969548924	0.999803899735225	0.955436956816118	TRINITY_DN15851_c0_g1	1	interaction_vs_self	significant	up	MF	FALSE
GO:0005384	manganese ion transmembrane transporter activity	1/388	6/2680	0.166666666666667	1.15120274914089	0.152527981914358	0.609098969548924	0.999803899735225	0.955436956816118	TRINITY_DN15851_c0_g1	1	interaction_vs_self	significant	up	MF	FALSE
GO:0008142	oxysterol binding	1/388	6/2680	0.166666666666667	1.15120274914089	0.152527981914358	0.609098969548924	0.999803899735225	0.955436956816118	TRINITY_DN674_c0_g1	1	interaction_vs_self	significant	up	MF	FALSE
GO:0008187	poly-pyrimidine tract binding	1/388	6/2680	0.166666666666667	1.15120274914089	0.152527981914358	0.609098969548924	0.999803899735225	0.955436956816118	TRINITY_DN1113_c0_g1	1	interaction_vs_self	significant	up	MF	FALSE
GO:0015141	succinate transmembrane transporter activity	1/388	6/2680	0.166666666666667	1.15120274914089	0.152527981914358	0.609098969548924	0.999803899735225	0.955436956816118	TRINITY_DN2833_c0_g1	1	interaction_vs_self	significant	up	MF	FALSE
GO:0015616	DNA translocase activity	1/388	6/2680	0.166666666666667	1.15120274914089	0.152527981914358	0.609098969548924	0.999803899735225	0.955436956816118	TRINITY_DN15885_c0_g1	1	interaction_vs_self	significant	up	MF	FALSE
GO:0016273	arginine N-methyltransferase activity	1/388	6/2680	0.166666666666667	1.15120274914089	0.152527981914358	0.609098969548924	0.999803899735225	0.955436956816118	TRINITY_DN273_c0_g1	1	interaction_vs_self	significant	up	MF	FALSE
GO:0016274	protein-arginine N-methyltransferase activity	1/388	6/2680	0.166666666666667	1.15120274914089	0.152527981914358	0.609098969548924	0.999803899735225	0.955436956816118	TRINITY_DN273_c0_g1	1	interaction_vs_self	significant	up	MF	FALSE
GO:0016639	oxidoreductase activity, acting on the CH-NH2 group of donors, NAD or NADP as acceptor	1/388	6/2680	0.166666666666667	1.15120274914089	0.152527981914358	0.609098969548924	0.999803899735225	0.955436956816118	TRINITY_DN2128_c0_g1	1	interaction_vs_self	significant	up	MF	FALSE
GO:0019003	GDP binding	1/388	6/2680	0.166666666666667	1.15120274914089	0.152527981914358	0.609098969548924	0.999803899735225	0.955436956816118	TRINITY_DN566_c0_g1	1	interaction_vs_self	significant	up	MF	FALSE
GO:0019206	nucleoside kinase activity	1/388	6/2680	0.166666666666667	1.15120274914089	0.152527981914358	0.609098969548924	0.999803899735225	0.955436956816118	TRINITY_DN1430_c0_g1	1	interaction_vs_self	significant	up	MF	FALSE
GO:0019238	cyclohydrolase activity	1/388	6/2680	0.166666666666667	1.15120274914089	0.152527981914358	0.609098969548924	0.999803899735225	0.955436956816118	TRINITY_DN116_c0_g1	1	interaction_vs_self	significant	up	MF	FALSE
GO:0022832	voltage-gated channel activity	1/388	6/2680	0.166666666666667	1.15120274914089	0.152527981914358	0.609098969548924	0.999803899735225	0.955436956816118	TRINITY_DN762_c0_g1	1	interaction_vs_self	significant	up	MF	FALSE
GO:0031624	ubiquitin conjugating enzyme binding	1/388	6/2680	0.166666666666667	1.15120274914089	0.152527981914358	0.609098969548924	0.999803899735225	0.955436956816118	TRINITY_DN1070_c0_g1	1	interaction_vs_self	significant	up	MF	FALSE
GO:0043139	5'-3' DNA helicase activity	1/388	6/2680	0.166666666666667	1.15120274914089	0.152527981914358	0.609098969548924	0.999803899735225	0.955436956816118	TRINITY_DN104_c0_g1	1	interaction_vs_self	significant	up	MF	FALSE
GO:0044390	ubiquitin-like protein conjugating enzyme binding	1/388	6/2680	0.166666666666667	1.15120274914089	0.152527981914358	0.609098969548924	0.999803899735225	0.955436956816118	TRINITY_DN1070_c0_g1	1	interaction_vs_self	significant	up	MF	FALSE
GO:0045309	protein phosphorylated amino acid binding	1/388	6/2680	0.166666666666667	1.15120274914089	0.152527981914358	0.609098969548924	0.999803899735225	0.955436956816118	TRINITY_DN4489_c0_g1	1	interaction_vs_self	significant	up	MF	FALSE
GO:0050815	phosphoserine residue binding	1/388	6/2680	0.166666666666667	1.15120274914089	0.152527981914358	0.609098969548924	0.999803899735225	0.955436956816118	TRINITY_DN4489_c0_g1	1	interaction_vs_self	significant	up	MF	FALSE
GO:0052866	phosphatidylinositol phosphate phosphatase activity	1/388	6/2680	0.166666666666667	1.15120274914089	0.152527981914358	0.609098969548924	0.999803899735225	0.955436956816118	TRINITY_DN5039_c0_g1	1	interaction_vs_self	significant	up	MF	FALSE
GO:0070001	aspartic-type peptidase activity	1/388	6/2680	0.166666666666667	1.15120274914089	0.152527981914358	0.609098969548924	0.999803899735225	0.955436956816118	TRINITY_DN10545_c0_g1	1	interaction_vs_self	significant	up	MF	FALSE
GO:1990841	promoter-specific chromatin binding	1/388	6/2680	0.166666666666667	1.15120274914089	0.152527981914358	0.609098969548924	0.999803899735225	0.955436956816118	TRINITY_DN1881_c0_g1	1	interaction_vs_self	significant	up	MF	FALSE
GO:0008047	enzyme activator activity	16/388	115/2680	0.139130434782609	0.961004034065442	-0.175840872800657	0.611845015435238	0.999803899735225	0.955436956816118	TRINITY_DN519_c0_g1/TRINITY_DN566_c0_g1/TRINITY_DN734_c0_g1/TRINITY_DN771_c0_g1/TRINITY_DN821_c0_g1/TRINITY_DN893_c0_g1/TRINITY_DN1040_c0_g1/TRINITY_DN1435_c0_g1/TRINITY_DN1674_c0_g1/TRINITY_DN1777_c0_g1/TRINITY_DN1797_c0_g1/TRINITY_DN1996_c0_g1/TRINITY_DN2170_c0_g1/TRINITY_DN3891_c0_g1/TRINITY_DN4954_c0_g1/TRINITY_DN17761_c0_g1	16	interaction_vs_self	significant	up	MF	FALSE
GO:0140097	catalytic activity, acting on DNA	13/388	94/2680	0.138297872340426	0.955253345031805	-0.181679177345981	0.618189170868319	0.999803899735225	0.955436956816118	TRINITY_DN104_c0_g1/TRINITY_DN137_c0_g1/TRINITY_DN138_c0_g1/TRINITY_DN556_c0_g1/TRINITY_DN623_c0_g1/TRINITY_DN804_c0_g1/TRINITY_DN1072_c0_g1/TRINITY_DN2217_c1_g1/TRINITY_DN2715_c0_g1/TRINITY_DN4822_c0_g1/TRINITY_DN14234_c0_g1/TRINITY_DN15874_c0_g1/TRINITY_DN15885_c0_g1	13	interaction_vs_self	significant	up	MF	FALSE
GO:0008276	protein methyltransferase activity	4/388	29/2680	0.137931034482759	0.952719516530395	-0.105310325917776	0.622939221204165	0.999803899735225	0.955436956816118	TRINITY_DN39_c0_g1/TRINITY_DN273_c0_g1/TRINITY_DN1158_c0_g1/TRINITY_DN2468_c0_g1	4	interaction_vs_self	significant	up	MF	FALSE
GO:0070273	phosphatidylinositol-4-phosphate binding	2/388	14/2680	0.142857142857143	0.986745213549337	-0.0204550993600607	0.623314977260595	0.999803899735225	0.955436956816118	TRINITY_DN424_c0_g1/TRINITY_DN674_c0_g1	2	interaction_vs_self	significant	up	MF	FALSE
GO:1901682	sulfur compound transmembrane transporter activity	2/388	14/2680	0.142857142857143	0.986745213549337	-0.0204550993600607	0.623314977260595	0.999803899735225	0.955436956816118	TRINITY_DN383_c0_g1/TRINITY_DN2378_c0_g1	2	interaction_vs_self	significant	up	MF	FALSE
GO:0035091	phosphatidylinositol binding	9/388	67/2680	0.134328358208955	0.927835051546392	-0.246087137855358	0.650960723667953	0.999803899735225	0.955436956816118	TRINITY_DN298_c0_g1/TRINITY_DN386_c0_g1/TRINITY_DN424_c0_g1/TRINITY_DN674_c0_g1/TRINITY_DN1270_c0_g6/TRINITY_DN2225_c0_g1/TRINITY_DN3790_c0_g1/TRINITY_DN3891_c0_g1/TRINITY_DN4268_c0_g1	9	interaction_vs_self	significant	up	MF	FALSE
GO:0043130	ubiquitin binding	6/388	45/2680	0.133333333333333	0.920962199312715	-0.219961010974608	0.652243655767371	0.999803899735225	0.955436956816118	TRINITY_DN298_c0_g1/TRINITY_DN383_c0_g1/TRINITY_DN1098_c0_g1/TRINITY_DN1207_c0_g1/TRINITY_DN4489_c0_g1/TRINITY_DN4954_c0_g1	6	interaction_vs_self	significant	up	MF	FALSE
GO:0004659	prenyltransferase activity	2/388	15/2680	0.133333333333333	0.920962199312715	-0.126277734805606	0.661834263474433	0.999803899735225	0.955436956816118	TRINITY_DN4600_c0_g1/TRINITY_DN14158_c0_g1	2	interaction_vs_self	significant	up	MF	FALSE
GO:0046961	proton-transporting ATPase activity, rotational mechanism	2/388	15/2680	0.133333333333333	0.920962199312715	-0.126277734805606	0.661834263474433	0.999803899735225	0.955436956816118	TRINITY_DN579_c0_g1/TRINITY_DN10855_c0_g1	2	interaction_vs_self	significant	up	MF	FALSE
GO:0016810	hydrolase activity, acting on carbon-nitrogen (but not peptide) bonds	7/388	53/2680	0.132075471698113	0.912273876677689	-0.265357733673523	0.664670805450985	0.999803899735225	0.955436956816118	TRINITY_DN116_c0_g1/TRINITY_DN173_c0_g1/TRINITY_DN2616_c0_g1/TRINITY_DN4175_c0_g1/TRINITY_DN4707_c0_g1/TRINITY_DN14793_c0_g1/TRINITY_DN17196_c0_g1	7	interaction_vs_self	significant	up	MF	FALSE
GO:0000014	single-stranded DNA endodeoxyribonuclease activity	1/388	7/2680	0.142857142857143	0.986745213549337	-0.0144449881112828	0.66581908915065	0.999803899735225	0.955436956816118	TRINITY_DN14234_c0_g1	1	interaction_vs_self	significant	up	MF	FALSE
GO:0003747	translation release factor activity	1/388	7/2680	0.142857142857143	0.986745213549337	-0.0144449881112828	0.66581908915065	0.999803899735225	0.955436956816118	TRINITY_DN1921_c0_g1	1	interaction_vs_self	significant	up	MF	FALSE
GO:0005092	GDP-dissociation inhibitor activity	1/388	7/2680	0.142857142857143	0.986745213549337	-0.0144449881112828	0.66581908915065	0.999803899735225	0.955436956816118	TRINITY_DN785_c0_g1	1	interaction_vs_self	significant	up	MF	FALSE
GO:0005507	copper ion binding	1/388	7/2680	0.142857142857143	0.986745213549337	-0.0144449881112828	0.66581908915065	0.999803899735225	0.955436956816118	TRINITY_DN734_c0_g1	1	interaction_vs_self	significant	up	MF	FALSE
GO:0008301	DNA binding, bending	1/388	7/2680	0.142857142857143	0.986745213549337	-0.0144449881112828	0.66581908915065	0.999803899735225	0.955436956816118	TRINITY_DN208_c0_g1	1	interaction_vs_self	significant	up	MF	FALSE
GO:0015216	purine nucleotide transmembrane transporter activity	1/388	7/2680	0.142857142857143	0.986745213549337	-0.0144449881112828	0.66581908915065	0.999803899735225	0.955436956816118	TRINITY_DN299_c0_g1	1	interaction_vs_self	significant	up	MF	FALSE
GO:0019104	DNA N-glycosylase activity	1/388	7/2680	0.142857142857143	0.986745213549337	-0.0144449881112828	0.66581908915065	0.999803899735225	0.955436956816118	TRINITY_DN1072_c0_g1	1	interaction_vs_self	significant	up	MF	FALSE
GO:0042826	histone deacetylase binding	1/388	7/2680	0.142857142857143	0.986745213549337	-0.0144449881112828	0.66581908915065	0.999803899735225	0.955436956816118	TRINITY_DN861_c0_g1	1	interaction_vs_self	significant	up	MF	FALSE
GO:0051219	phosphoprotein binding	1/388	7/2680	0.142857142857143	0.986745213549337	-0.0144449881112828	0.66581908915065	0.999803899735225	0.955436956816118	TRINITY_DN4489_c0_g1	1	interaction_vs_self	significant	up	MF	FALSE
GO:0051539	4 iron, 4 sulfur cluster binding	1/388	7/2680	0.142857142857143	0.986745213549337	-0.0144449881112828	0.66581908915065	0.999803899735225	0.955436956816118	TRINITY_DN100_c0_g1	1	interaction_vs_self	significant	up	MF	FALSE
GO:0070300	phosphatidic acid binding	1/388	7/2680	0.142857142857143	0.986745213549337	-0.0144449881112828	0.66581908915065	0.999803899735225	0.955436956816118	TRINITY_DN674_c0_g1	1	interaction_vs_self	significant	up	MF	FALSE
GO:0070628	proteasome binding	1/388	7/2680	0.142857142857143	0.986745213549337	-0.0144449881112828	0.66581908915065	0.999803899735225	0.955436956816118	TRINITY_DN1960_c0_g1	1	interaction_vs_self	significant	up	MF	FALSE
GO:0072341	modified amino acid binding	1/388	7/2680	0.142857142857143	0.986745213549337	-0.0144449881112828	0.66581908915065	0.999803899735225	0.955436956816118	TRINITY_DN3070_c0_g1	1	interaction_vs_self	significant	up	MF	FALSE
GO:0072542	protein phosphatase activator activity	1/388	7/2680	0.142857142857143	0.986745213549337	-0.0144449881112828	0.66581908915065	0.999803899735225	0.955436956816118	TRINITY_DN1435_c0_g1	1	interaction_vs_self	significant	up	MF	FALSE
GO:0090599	alpha-glucosidase activity	1/388	7/2680	0.142857142857143	0.986745213549337	-0.0144449881112828	0.66581908915065	0.999803899735225	0.955436956816118	TRINITY_DN9113_c0_g1	1	interaction_vs_self	significant	up	MF	FALSE
GO:1901618	organic hydroxy compound transmembrane transporter activity	1/388	7/2680	0.142857142857143	0.986745213549337	-0.0144449881112828	0.66581908915065	0.999803899735225	0.955436956816118	TRINITY_DN2403_c0_g1	1	interaction_vs_self	significant	up	MF	FALSE
GO:0019888	protein phosphatase regulator activity	3/388	23/2680	0.130434782608696	0.900941281936351	-0.196270829148422	0.66827754175785	0.999803899735225	0.955436956816118	TRINITY_DN137_c0_g1/TRINITY_DN570_c0_g3/TRINITY_DN1435_c0_g1	3	interaction_vs_self	significant	up	MF	FALSE
GO:0003678	DNA helicase activity	4/388	31/2680	0.129032258064516	0.891253741270369	-0.250523866181439	0.676877079799633	0.999803899735225	0.955436956816118	TRINITY_DN104_c0_g1/TRINITY_DN623_c0_g1/TRINITY_DN2217_c1_g1/TRINITY_DN15885_c0_g1	4	interaction_vs_self	significant	up	MF	FALSE
GO:0016836	hydro-lyase activity	4/388	31/2680	0.129032258064516	0.891253741270369	-0.250523866181439	0.676877079799633	0.999803899735225	0.955436956816118	TRINITY_DN36_c0_g1/TRINITY_DN981_c0_g1/TRINITY_DN4650_c0_g1/TRINITY_DN4954_c0_g1	4	interaction_vs_self	significant	up	MF	FALSE
GO:0016853	isomerase activity	8/388	62/2680	0.129032258064516	0.891253741270369	-0.356385693054119	0.694332995688776	0.999803899735225	0.955436956816118	TRINITY_DN137_c0_g1/TRINITY_DN737_c0_g1/TRINITY_DN1914_c0_g1/TRINITY_DN3147_c0_g1/TRINITY_DN4600_c0_g1/TRINITY_DN4954_c0_g1/TRINITY_DN5830_c0_g1/TRINITY_DN6571_c0_g1	8	interaction_vs_self	significant	up	MF	FALSE
GO:0032182	ubiquitin-like protein binding	6/388	47/2680	0.127659574468085	0.881772318490897	-0.336385746479722	0.694862713924842	0.999803899735225	0.955436956816118	TRINITY_DN298_c0_g1/TRINITY_DN383_c0_g1/TRINITY_DN1098_c0_g1/TRINITY_DN1207_c0_g1/TRINITY_DN4489_c0_g1/TRINITY_DN4954_c0_g1	6	interaction_vs_self	significant	up	MF	FALSE
GO:0008175	tRNA methyltransferase activity	2/388	16/2680	0.125	0.86340206185567	-0.225440499511792	0.697127262649455	0.999803899735225	0.955436956816118	TRINITY_DN147_c0_g1/TRINITY_DN4710_c0_g1	2	interaction_vs_self	significant	up	MF	FALSE
GO:0030170	pyridoxal phosphate binding	2/388	16/2680	0.125	0.86340206185567	-0.225440499511792	0.697127262649455	0.999803899735225	0.955436956816118	TRINITY_DN39_c0_g1/TRINITY_DN1113_c0_g1	2	interaction_vs_self	significant	up	MF	FALSE
GO:0044769	ATPase activity, coupled to transmembrane movement of ions, rotational mechanism	2/388	16/2680	0.125	0.86340206185567	-0.225440499511792	0.697127262649455	0.999803899735225	0.955436956816118	TRINITY_DN579_c0_g1/TRINITY_DN10855_c0_g1	2	interaction_vs_self	significant	up	MF	FALSE
GO:0070279	vitamin B6 binding	2/388	16/2680	0.125	0.86340206185567	-0.225440499511792	0.697127262649455	0.999803899735225	0.955436956816118	TRINITY_DN39_c0_g1/TRINITY_DN1113_c0_g1	2	interaction_vs_self	significant	up	MF	FALSE
GO:0000030	mannosyltransferase activity	3/388	24/2680	0.125	0.86340206185567	-0.276522606870398	0.697149015126224	0.999803899735225	0.955436956816118	TRINITY_DN22_c0_g1/TRINITY_DN61_c0_g1/TRINITY_DN2754_c0_g1	3	interaction_vs_self	significant	up	MF	FALSE
GO:0019783	ubiquitin-like protein peptidase activity	3/388	24/2680	0.125	0.86340206185567	-0.276522606870398	0.697149015126224	0.999803899735225	0.955436956816118	TRINITY_DN139_c0_g1/TRINITY_DN661_c0_g1/TRINITY_DN1514_c0_g1	3	interaction_vs_self	significant	up	MF	FALSE
GO:0008173	RNA methyltransferase activity	4/388	32/2680	0.125	0.86340206185567	-0.319782766777869	0.701754032301261	0.999803899735225	0.955436956816118	TRINITY_DN39_c0_g1/TRINITY_DN147_c0_g1/TRINITY_DN4306_c0_g1/TRINITY_DN4710_c0_g1	4	interaction_vs_self	significant	up	MF	FALSE
GO:0003954	NADH dehydrogenase activity	1/388	8/2680	0.125	0.86340206185567	-0.159171688587379	0.714327204904316	0.999803899735225	0.955436956816118	TRINITY_DN3863_c0_g1	1	interaction_vs_self	significant	up	MF	FALSE
GO:0008079	translation termination factor activity	1/388	8/2680	0.125	0.86340206185567	-0.159171688587379	0.714327204904316	0.999803899735225	0.955436956816118	TRINITY_DN1921_c0_g1	1	interaction_vs_self	significant	up	MF	FALSE
GO:0008171	O-methyltransferase activity	1/388	8/2680	0.125	0.86340206185567	-0.159171688587379	0.714327204904316	0.999803899735225	0.955436956816118	TRINITY_DN2569_c0_g1	1	interaction_vs_self	significant	up	MF	FALSE
GO:0008422	beta-glucosidase activity	1/388	8/2680	0.125	0.86340206185567	-0.159171688587379	0.714327204904316	0.999803899735225	0.955436956816118	TRINITY_DN15873_c0_g1	1	interaction_vs_self	significant	up	MF	FALSE
GO:0008559	ABC-type xenobiotic transporter activity	1/388	8/2680	0.125	0.86340206185567	-0.159171688587379	0.714327204904316	0.999803899735225	0.955436956816118	TRINITY_DN2348_c0_g1	1	interaction_vs_self	significant	up	MF	FALSE
GO:0015081	sodium ion transmembrane transporter activity	1/388	8/2680	0.125	0.86340206185567	-0.159171688587379	0.714327204904316	0.999803899735225	0.955436956816118	TRINITY_DN12577_c0_g1	1	interaction_vs_self	significant	up	MF	FALSE
GO:0016840	carbon-nitrogen lyase activity	1/388	8/2680	0.125	0.86340206185567	-0.159171688587379	0.714327204904316	0.999803899735225	0.955436956816118	TRINITY_DN3624_c0_g1	1	interaction_vs_self	significant	up	MF	FALSE
GO:0016861	intramolecular oxidoreductase activity, interconverting aldoses and ketoses	1/388	8/2680	0.125	0.86340206185567	-0.159171688587379	0.714327204904316	0.999803899735225	0.955436956816118	TRINITY_DN6571_c0_g1	1	interaction_vs_self	significant	up	MF	FALSE
GO:0019211	phosphatase activator activity	1/388	8/2680	0.125	0.86340206185567	-0.159171688587379	0.714327204904316	0.999803899735225	0.955436956816118	TRINITY_DN1435_c0_g1	1	interaction_vs_self	significant	up	MF	FALSE
GO:0042910	xenobiotic transmembrane transporter activity	1/388	8/2680	0.125	0.86340206185567	-0.159171688587379	0.714327204904316	0.999803899735225	0.955436956816118	TRINITY_DN2348_c0_g1	1	interaction_vs_self	significant	up	MF	FALSE
GO:0016903	oxidoreductase activity, acting on the aldehyde or oxo group of donors	3/388	25/2680	0.12	0.828865979381443	-0.353646210173213	0.724079648759676	0.999803899735225	0.955436956816118	TRINITY_DN1115_c0_g1/TRINITY_DN2555_c0_g1/TRINITY_DN5019_c0_g1	3	interaction_vs_self	significant	up	MF	FALSE
GO:0019208	phosphatase regulator activity	3/388	25/2680	0.12	0.828865979381443	-0.353646210173213	0.724079648759676	0.999803899735225	0.955436956816118	TRINITY_DN137_c0_g1/TRINITY_DN570_c0_g3/TRINITY_DN1435_c0_g1	3	interaction_vs_self	significant	up	MF	FALSE
GO:0030295	protein kinase activator activity	3/388	25/2680	0.12	0.828865979381443	-0.353646210173213	0.724079648759676	0.999803899735225	0.955436956816118	TRINITY_DN519_c0_g1/TRINITY_DN3891_c0_g1/TRINITY_DN4954_c0_g1	3	interaction_vs_self	significant	up	MF	FALSE
GO:0008234	cysteine-type peptidase activity	4/388	33/2680	0.121212121212121	0.837238363011559	-0.387014254642101	0.725223735588557	0.999803899735225	0.955436956816118	TRINITY_DN139_c0_g1/TRINITY_DN661_c0_g1/TRINITY_DN1514_c0_g1/TRINITY_DN4278_c0_g1	4	interaction_vs_self	significant	up	MF	FALSE
GO:0004601	peroxidase activity	2/388	17/2680	0.117647058823529	0.812613705275925	-0.318839129105139	0.729318434669754	0.999803899735225	0.955436956816118	TRINITY_DN1734_c0_g1/TRINITY_DN4740_c0_g1	2	interaction_vs_self	significant	up	MF	FALSE
GO:0008236	serine-type peptidase activity	2/388	17/2680	0.117647058823529	0.812613705275925	-0.318839129105139	0.729318434669754	0.999803899735225	0.955436956816118	TRINITY_DN2313_c0_g1/TRINITY_DN17699_c0_g1	2	interaction_vs_self	significant	up	MF	FALSE
GO:0015036	disulfide oxidoreductase activity	2/388	17/2680	0.117647058823529	0.812613705275925	-0.318839129105139	0.729318434669754	0.999803899735225	0.955436956816118	TRINITY_DN4954_c0_g1/TRINITY_DN14272_c0_g1	2	interaction_vs_self	significant	up	MF	FALSE
GO:0015175	neutral L-amino acid transmembrane transporter activity	2/388	17/2680	0.117647058823529	0.812613705275925	-0.318839129105139	0.729318434669754	0.999803899735225	0.955436956816118	TRINITY_DN1512_c0_g1/TRINITY_DN14671_c0_g1	2	interaction_vs_self	significant	up	MF	FALSE
GO:0016684	oxidoreductase activity, acting on peroxide as acceptor	2/388	17/2680	0.117647058823529	0.812613705275925	-0.318839129105139	0.729318434669754	0.999803899735225	0.955436956816118	TRINITY_DN1734_c0_g1/TRINITY_DN4740_c0_g1	2	interaction_vs_self	significant	up	MF	FALSE
GO:0016859	cis-trans isomerase activity	2/388	17/2680	0.117647058823529	0.812613705275925	-0.318839129105139	0.729318434669754	0.999803899735225	0.955436956816118	TRINITY_DN1914_c0_g1/TRINITY_DN3147_c0_g1	2	interaction_vs_self	significant	up	MF	FALSE
GO:0005543	phospholipid binding	10/388	80/2680	0.125	0.86340206185567	-0.51026687537921	0.742511909656554	0.999803899735225	0.955436956816118	TRINITY_DN278_c0_g1/TRINITY_DN298_c0_g1/TRINITY_DN386_c0_g1/TRINITY_DN424_c0_g1/TRINITY_DN674_c0_g1/TRINITY_DN1270_c0_g6/TRINITY_DN2225_c0_g1/TRINITY_DN3790_c0_g1/TRINITY_DN3891_c0_g1/TRINITY_DN4268_c0_g1	10	interaction_vs_self	significant	up	MF	FALSE
GO:0043021	ribonucleoprotein complex binding	5/388	42/2680	0.119047619047619	0.822287677957781	-0.477528948278778	0.748818578496721	0.999803899735225	0.955436956816118	TRINITY_DN273_c0_g1/TRINITY_DN824_c0_g1/TRINITY_DN1921_c0_g1/TRINITY_DN2100_c0_g1/TRINITY_DN7014_c0_g1	5	interaction_vs_self	significant	up	MF	FALSE
GO:0016209	antioxidant activity	3/388	26/2680	0.115384615384615	0.796986518636003	-0.427913518133064	0.749107298947155	0.999803899735225	0.955436956816118	TRINITY_DN734_c0_g1/TRINITY_DN1734_c0_g1/TRINITY_DN4740_c0_g1	3	interaction_vs_self	significant	up	MF	FALSE
GO:0016627	oxidoreductase activity, acting on the CH-CH group of donors	3/388	26/2680	0.115384615384615	0.796986518636003	-0.427913518133064	0.749107298947155	0.999803899735225	0.955436956816118	TRINITY_DN1250_c0_g2/TRINITY_DN3261_c0_g1/TRINITY_DN4564_c0_g1	3	interaction_vs_self	significant	up	MF	FALSE
GO:0032266	phosphatidylinositol-3-phosphate binding	3/388	26/2680	0.115384615384615	0.796986518636003	-0.427913518133064	0.749107298947155	0.999803899735225	0.955436956816118	TRINITY_DN386_c0_g1/TRINITY_DN3790_c0_g1/TRINITY_DN4268_c0_g1	3	interaction_vs_self	significant	up	MF	FALSE
GO:0003756	protein disulfide isomerase activity	1/388	9/2680	0.111111111111111	0.767468499427262	-0.287449142795132	0.755809631737072	0.999803899735225	0.955436956816118	TRINITY_DN4954_c0_g1	1	interaction_vs_self	significant	up	MF	FALSE
GO:0004197	cysteine-type endopeptidase activity	1/388	9/2680	0.111111111111111	0.767468499427262	-0.287449142795132	0.755809631737072	0.999803899735225	0.955436956816118	TRINITY_DN661_c0_g1	1	interaction_vs_self	significant	up	MF	FALSE
GO:0004559	alpha-mannosidase activity	1/388	9/2680	0.111111111111111	0.767468499427262	-0.287449142795132	0.755809631737072	0.999803899735225	0.955436956816118	TRINITY_DN587_c0_g1	1	interaction_vs_self	significant	up	MF	FALSE
GO:0004683	calcium/calmodulin-dependent protein kinase activity	1/388	9/2680	0.111111111111111	0.767468499427262	-0.287449142795132	0.755809631737072	0.999803899735225	0.955436956816118	TRINITY_DN66_c0_g1	1	interaction_vs_self	significant	up	MF	FALSE
GO:0004693	cyclin-dependent protein serine/threonine kinase activity	1/388	9/2680	0.111111111111111	0.767468499427262	-0.287449142795132	0.755809631737072	0.999803899735225	0.955436956816118	TRINITY_DN3546_c0_g1	1	interaction_vs_self	significant	up	MF	FALSE
GO:0004860	protein kinase inhibitor activity	1/388	9/2680	0.111111111111111	0.767468499427262	-0.287449142795132	0.755809631737072	0.999803899735225	0.955436956816118	TRINITY_DN7014_c0_g1	1	interaction_vs_self	significant	up	MF	FALSE
GO:0005388	P-type calcium transporter activity	1/388	9/2680	0.111111111111111	0.767468499427262	-0.287449142795132	0.755809631737072	0.999803899735225	0.955436956816118	TRINITY_DN2378_c0_g1	1	interaction_vs_self	significant	up	MF	FALSE
GO:0015189	L-lysine transmembrane transporter activity	1/388	9/2680	0.111111111111111	0.767468499427262	-0.287449142795132	0.755809631737072	0.999803899735225	0.955436956816118	TRINITY_DN14671_c0_g1	1	interaction_vs_self	significant	up	MF	FALSE
GO:0015923	mannosidase activity	1/388	9/2680	0.111111111111111	0.767468499427262	-0.287449142795132	0.755809631737072	0.999803899735225	0.955436956816118	TRINITY_DN587_c0_g1	1	interaction_vs_self	significant	up	MF	FALSE
GO:0016668	oxidoreductase activity, acting on a sulfur group of donors, NAD(P) as acceptor	1/388	9/2680	0.111111111111111	0.767468499427262	-0.287449142795132	0.755809631737072	0.999803899735225	0.955436956816118	TRINITY_DN5448_c0_g1	1	interaction_vs_self	significant	up	MF	FALSE
GO:0016783	sulfurtransferase activity	1/388	9/2680	0.111111111111111	0.767468499427262	-0.287449142795132	0.755809631737072	0.999803899735225	0.955436956816118	TRINITY_DN10661_c0_g1	1	interaction_vs_self	significant	up	MF	FALSE
GO:0016864	intramolecular oxidoreductase activity, transposing S-S bonds	1/388	9/2680	0.111111111111111	0.767468499427262	-0.287449142795132	0.755809631737072	0.999803899735225	0.955436956816118	TRINITY_DN4954_c0_g1	1	interaction_vs_self	significant	up	MF	FALSE
GO:0019210	kinase inhibitor activity	1/388	9/2680	0.111111111111111	0.767468499427262	-0.287449142795132	0.755809631737072	0.999803899735225	0.955436956816118	TRINITY_DN7014_c0_g1	1	interaction_vs_self	significant	up	MF	FALSE
GO:0019239	deaminase activity	1/388	9/2680	0.111111111111111	0.767468499427262	-0.287449142795132	0.755809631737072	0.999803899735225	0.955436956816118	TRINITY_DN6571_c0_g1	1	interaction_vs_self	significant	up	MF	FALSE
GO:0032934	sterol binding	1/388	9/2680	0.111111111111111	0.767468499427262	-0.287449142795132	0.755809631737072	0.999803899735225	0.955436956816118	TRINITY_DN674_c0_g1	1	interaction_vs_self	significant	up	MF	FALSE
GO:0046912	acyltransferase activity, acyl groups converted into alkyl on transfer	1/388	9/2680	0.111111111111111	0.767468499427262	-0.287449142795132	0.755809631737072	0.999803899735225	0.955436956816118	TRINITY_DN1100_c0_g1	1	interaction_vs_self	significant	up	MF	FALSE
GO:0051010	microtubule plus-end binding	1/388	9/2680	0.111111111111111	0.767468499427262	-0.287449142795132	0.755809631737072	0.999803899735225	0.955436956816118	TRINITY_DN2648_c0_g2	1	interaction_vs_self	significant	up	MF	FALSE
GO:0097472	cyclin-dependent protein kinase activity	1/388	9/2680	0.111111111111111	0.767468499427262	-0.287449142795132	0.755809631737072	0.999803899735225	0.955436956816118	TRINITY_DN3546_c0_g1	1	interaction_vs_self	significant	up	MF	FALSE
GO:0000217	DNA secondary structure binding	2/388	18/2680	0.111111111111111	0.767468499427262	-0.407201092146554	0.758563836419045	0.999803899735225	0.955436956816118	TRINITY_DN804_c0_g1/TRINITY_DN2715_c0_g1	2	interaction_vs_self	significant	up	MF	FALSE
GO:0001098	basal transcription machinery binding	2/388	18/2680	0.111111111111111	0.767468499427262	-0.407201092146554	0.758563836419045	0.999803899735225	0.955436956816118	TRINITY_DN807_c0_g1/TRINITY_DN1881_c0_g1	2	interaction_vs_self	significant	up	MF	FALSE
GO:0001099	basal RNA polymerase II transcription machinery binding	2/388	18/2680	0.111111111111111	0.767468499427262	-0.407201092146554	0.758563836419045	0.999803899735225	0.955436956816118	TRINITY_DN807_c0_g1/TRINITY_DN1881_c0_g1	2	interaction_vs_self	significant	up	MF	FALSE
GO:0008374	O-acyltransferase activity	2/388	18/2680	0.111111111111111	0.767468499427262	-0.407201092146554	0.758563836419045	0.999803899735225	0.955436956816118	TRINITY_DN2389_c0_g1/TRINITY_DN12496_c0_g1	2	interaction_vs_self	significant	up	MF	FALSE
GO:0017171	serine hydrolase activity	2/388	18/2680	0.111111111111111	0.767468499427262	-0.407201092146554	0.758563836419045	0.999803899735225	0.955436956816118	TRINITY_DN2313_c0_g1/TRINITY_DN17699_c0_g1	2	interaction_vs_self	significant	up	MF	FALSE
GO:0004175	endopeptidase activity	6/388	51/2680	0.117647058823529	0.812613705275925	-0.555805105422018	0.769231532739347	0.999803899735225	0.955436956816118	TRINITY_DN139_c0_g1/TRINITY_DN661_c0_g1/TRINITY_DN1862_c0_g1/TRINITY_DN2313_c0_g1/TRINITY_DN10545_c0_g1/TRINITY_DN17699_c0_g1	6	interaction_vs_self	significant	up	MF	FALSE
GO:0016779	nucleotidyltransferase activity	6/388	51/2680	0.117647058823529	0.812613705275925	-0.555805105422018	0.769231532739347	0.999803899735225	0.955436956816118	TRINITY_DN138_c0_g1/TRINITY_DN556_c0_g1/TRINITY_DN757_c0_g1/TRINITY_DN963_c0_g1/TRINITY_DN4822_c0_g1/TRINITY_DN15874_c0_g1	6	interaction_vs_self	significant	up	MF	FALSE
GO:0016667	oxidoreductase activity, acting on a sulfur group of donors	3/388	27/2680	0.111111111111111	0.767468499427262	-0.499562654064102	0.77228742321179	0.999803899735225	0.955436956816118	TRINITY_DN4954_c0_g1/TRINITY_DN5448_c0_g1/TRINITY_DN14272_c0_g1	3	interaction_vs_self	significant	up	MF	FALSE
GO:0004843	cysteine-type deubiquitinase activity	2/388	19/2680	0.105263157894737	0.727075420510038	-0.491124869014245	0.785039410265886	0.999803899735225	0.955436956816118	TRINITY_DN661_c0_g1/TRINITY_DN1514_c0_g1	2	interaction_vs_self	significant	up	MF	FALSE
GO:0042887	amide transmembrane transporter activity	2/388	19/2680	0.105263157894737	0.727075420510038	-0.491124869014245	0.785039410265886	0.999803899735225	0.955436956816118	TRINITY_DN674_c0_g1/TRINITY_DN10660_c0_g1	2	interaction_vs_self	significant	up	MF	FALSE
GO:0140104	molecular carrier activity	2/388	19/2680	0.105263157894737	0.727075420510038	-0.491124869014245	0.785039410265886	0.999803899735225	0.955436956816118	TRINITY_DN734_c0_g1/TRINITY_DN3070_c0_g1	2	interaction_vs_self	significant	up	MF	FALSE
GO:0060589	nucleoside-triphosphatase regulator activity	8/388	68/2680	0.117647058823529	0.812613705275925	-0.643873582504987	0.789732981129049	0.999803899735225	0.955436956816118	TRINITY_DN771_c0_g1/TRINITY_DN785_c0_g1/TRINITY_DN893_c0_g1/TRINITY_DN1544_c0_g1/TRINITY_DN1777_c0_g1/TRINITY_DN1797_c0_g1/TRINITY_DN1996_c0_g1/TRINITY_DN17761_c0_g1	8	interaction_vs_self	significant	up	MF	FALSE
GO:0019899	enzyme binding	20/388	159/2680	0.125786163522013	0.868832263502561	-0.701510339531371	0.790977139649781	0.999803899735225	0.955436956816118	TRINITY_DN155_c0_g1/TRINITY_DN398_c0_g1/TRINITY_DN424_c0_g1/TRINITY_DN570_c0_g3/TRINITY_DN661_c0_g1/TRINITY_DN688_c0_g1/TRINITY_DN861_c0_g1/TRINITY_DN1070_c0_g1/TRINITY_DN1098_c0_g1/TRINITY_DN1714_c0_g1/TRINITY_DN1841_c0_g2/TRINITY_DN1881_c0_g1/TRINITY_DN2174_c0_g1/TRINITY_DN2648_c0_g2/TRINITY_DN2948_c0_g1/TRINITY_DN3507_c0_g1/TRINITY_DN3821_c0_g1/TRINITY_DN4954_c0_g1/TRINITY_DN10682_c0_g1/TRINITY_DN10825_c0_g1	20	interaction_vs_self	significant	up	MF	FALSE
GO:0004402	histone acetyltransferase activity	1/388	10/2680	0.1	0.690721649484536	-0.403077728729284	0.791281688227531	0.999803899735225	0.955436956816118	TRINITY_DN2956_c0_g1	1	interaction_vs_self	significant	up	MF	FALSE
GO:0004725	protein tyrosine phosphatase activity	1/388	10/2680	0.1	0.690721649484536	-0.403077728729284	0.791281688227531	0.999803899735225	0.955436956816118	TRINITY_DN3614_c0_g1	1	interaction_vs_self	significant	up	MF	FALSE
GO:0008235	metalloexopeptidase activity	1/388	10/2680	0.1	0.690721649484536	-0.403077728729284	0.791281688227531	0.999803899735225	0.955436956816118	TRINITY_DN3507_c0_g1	1	interaction_vs_self	significant	up	MF	FALSE
GO:0008641	ubiquitin-like modifier activating enzyme activity	1/388	10/2680	0.1	0.690721649484536	-0.403077728729284	0.791281688227531	0.999803899735225	0.955436956816118	TRINITY_DN4954_c0_g1	1	interaction_vs_self	significant	up	MF	FALSE
GO:0016638	oxidoreductase activity, acting on the CH-NH2 group of donors	1/388	10/2680	0.1	0.690721649484536	-0.403077728729284	0.791281688227531	0.999803899735225	0.955436956816118	TRINITY_DN2128_c0_g1	1	interaction_vs_self	significant	up	MF	FALSE
GO:0016881	acid-amino acid ligase activity	1/388	10/2680	0.1	0.690721649484536	-0.403077728729284	0.791281688227531	0.999803899735225	0.955436956816118	TRINITY_DN1507_c0_g1	1	interaction_vs_self	significant	up	MF	FALSE
GO:0019213	deacetylase activity	1/388	10/2680	0.1	0.690721649484536	-0.403077728729284	0.791281688227531	0.999803899735225	0.955436956816118	TRINITY_DN173_c0_g1	1	interaction_vs_self	significant	up	MF	FALSE
GO:0030246	carbohydrate binding	1/388	10/2680	0.1	0.690721649484536	-0.403077728729284	0.791281688227531	0.999803899735225	0.955436956816118	TRINITY_DN8899_c0_g1	1	interaction_vs_self	significant	up	MF	FALSE
GO:0036002	pre-mRNA binding	1/388	10/2680	0.1	0.690721649484536	-0.403077728729284	0.791281688227531	0.999803899735225	0.955436956816118	TRINITY_DN3507_c0_g1	1	interaction_vs_self	significant	up	MF	FALSE
GO:0051287	NAD binding	1/388	10/2680	0.1	0.690721649484536	-0.403077728729284	0.791281688227531	0.999803899735225	0.955436956816118	TRINITY_DN2937_c0_g1	1	interaction_vs_self	significant	up	MF	FALSE
GO:0061631	ubiquitin conjugating enzyme activity	1/388	10/2680	0.1	0.690721649484536	-0.403077728729284	0.791281688227531	0.999803899735225	0.955436956816118	TRINITY_DN10682_c0_g1	1	interaction_vs_self	significant	up	MF	FALSE
GO:0061733	peptide-lysine-N-acetyltransferase activity	1/388	10/2680	0.1	0.690721649484536	-0.403077728729284	0.791281688227531	0.999803899735225	0.955436956816118	TRINITY_DN2956_c0_g1	1	interaction_vs_self	significant	up	MF	FALSE
GO:0019829	ATPase-coupled monoatomic cation transmembrane transporter activity	3/388	28/2680	0.107142857142857	0.740058910162003	-0.568803295869452	0.793688977519655	0.999803899735225	0.955436956816118	TRINITY_DN579_c0_g1/TRINITY_DN2378_c0_g1/TRINITY_DN10855_c0_g1	3	interaction_vs_self	significant	up	MF	FALSE
GO:0005524	ATP binding	26/388	204/2680	0.127450980392157	0.880331514048919	-0.731500239833101	0.796421841006973	0.999803899735225	0.955436956816118	TRINITY_DN66_c0_g1/TRINITY_DN104_c0_g1/TRINITY_DN560_c0_g1/TRINITY_DN587_c0_g1/TRINITY_DN623_c0_g1/TRINITY_DN676_c0_g1/TRINITY_DN940_c0_g1/TRINITY_DN1037_c0_g1/TRINITY_DN1168_c0_g1/TRINITY_DN1214_c0_g1/TRINITY_DN1512_c0_g1/TRINITY_DN2313_c0_g1/TRINITY_DN2715_c0_g1/TRINITY_DN2948_c0_g1/TRINITY_DN3546_c0_g1/TRINITY_DN3821_c0_g1/TRINITY_DN4050_c0_g1/TRINITY_DN4268_c0_g1/TRINITY_DN4797_c0_g1/TRINITY_DN4953_c0_g1/TRINITY_DN5079_c0_g1/TRINITY_DN6594_c0_g1/TRINITY_DN8876_c0_g1/TRINITY_DN8962_c0_g1/TRINITY_DN10814_c0_g1/TRINITY_DN15885_c0_g1	26	interaction_vs_self	significant	up	MF	FALSE
GO:0008233	peptidase activity	12/388	100/2680	0.12	0.828865979381443	-0.717499187726111	0.803612160435843	0.999803899735225	0.955436956816118	TRINITY_DN139_c0_g1/TRINITY_DN582_c0_g1/TRINITY_DN661_c0_g1/TRINITY_DN1514_c0_g1/TRINITY_DN1862_c0_g1/TRINITY_DN2082_c2_g1/TRINITY_DN2313_c0_g1/TRINITY_DN3251_c0_g1/TRINITY_DN3507_c0_g1/TRINITY_DN4278_c0_g1/TRINITY_DN10545_c0_g1/TRINITY_DN17699_c0_g1	12	interaction_vs_self	significant	up	MF	FALSE
GO:0033218	amide binding	4/388	37/2680	0.108108108108108	0.74672610755085	-0.638171813150187	0.805379619300423	0.999803899735225	0.955436956816118	TRINITY_DN3070_c0_g1/TRINITY_DN4679_c0_g1/TRINITY_DN6594_c0_g1/TRINITY_DN10909_c0_g1	4	interaction_vs_self	significant	up	MF	FALSE
GO:0005200	structural constituent of cytoskeleton	2/388	20/2680	0.1	0.690721649484536	-0.571108485481597	0.808931987816717	0.999803899735225	0.955436956816118	TRINITY_DN115_c0_g1/TRINITY_DN577_c0_g1	2	interaction_vs_self	significant	up	MF	FALSE
GO:0008483	transaminase activity	2/388	20/2680	0.1	0.690721649484536	-0.571108485481597	0.808931987816717	0.999803899735225	0.955436956816118	TRINITY_DN39_c0_g1/TRINITY_DN580_c0_g1	2	interaction_vs_self	significant	up	MF	FALSE
GO:0016769	transferase activity, transferring nitrogenous groups	2/388	20/2680	0.1	0.690721649484536	-0.571108485481597	0.808931987816717	0.999803899735225	0.955436956816118	TRINITY_DN39_c0_g1/TRINITY_DN580_c0_g1	2	interaction_vs_self	significant	up	MF	FALSE
GO:0019205	nucleobase-containing compound kinase activity	2/388	20/2680	0.1	0.690721649484536	-0.571108485481597	0.808931987816717	0.999803899735225	0.955436956816118	TRINITY_DN147_c0_g1/TRINITY_DN1430_c0_g1	2	interaction_vs_self	significant	up	MF	FALSE
GO:0051015	actin filament binding	2/388	20/2680	0.1	0.690721649484536	-0.571108485481597	0.808931987816717	0.999803899735225	0.955436956816118	TRINITY_DN36_c0_g1/TRINITY_DN2389_c0_g1	2	interaction_vs_self	significant	up	MF	FALSE
GO:0044877	protein-containing complex binding	16/388	131/2680	0.122137404580153	0.843629495553632	-0.754919216045146	0.809661524784079	0.999803899735225	0.955436956816118	TRINITY_DN1_c0_g1/TRINITY_DN36_c0_g1/TRINITY_DN273_c0_g1/TRINITY_DN566_c0_g1/TRINITY_DN807_c0_g1/TRINITY_DN824_c0_g1/TRINITY_DN1881_c0_g1/TRINITY_DN1921_c0_g1/TRINITY_DN1960_c0_g1/TRINITY_DN2100_c0_g1/TRINITY_DN2389_c0_g1/TRINITY_DN2715_c0_g1/TRINITY_DN4954_c0_g1/TRINITY_DN7014_c0_g1/TRINITY_DN14315_c0_g1/TRINITY_DN15885_c0_g1	16	interaction_vs_self	significant	up	MF	FALSE
GO:0016811	hydrolase activity, acting on carbon-nitrogen (but not peptide) bonds, in linear amides	3/388	29/2680	0.103448275862069	0.714539637397796	-0.635820990315595	0.813390872479134	0.999803899735225	0.955436956816118	TRINITY_DN173_c0_g1/TRINITY_DN4707_c0_g1/TRINITY_DN14793_c0_g1	3	interaction_vs_self	significant	up	MF	FALSE
GO:0003774	cytoskeletal motor activity	1/388	11/2680	0.0909090909090909	0.627928772258669	-0.508678118181791	0.821612289339036	0.999803899735225	0.955436956816118	TRINITY_DN940_c0_g1	1	interaction_vs_self	significant	up	MF	FALSE
GO:0004177	aminopeptidase activity	1/388	11/2680	0.0909090909090909	0.627928772258669	-0.508678118181791	0.821612289339036	0.999803899735225	0.955436956816118	TRINITY_DN3251_c0_g1	1	interaction_vs_self	significant	up	MF	FALSE
GO:0016799	hydrolase activity, hydrolyzing N-glycosyl compounds	1/388	11/2680	0.0909090909090909	0.627928772258669	-0.508678118181791	0.821612289339036	0.999803899735225	0.955436956816118	TRINITY_DN1072_c0_g1	1	interaction_vs_self	significant	up	MF	FALSE
GO:0050661	NADP binding	1/388	11/2680	0.0909090909090909	0.627928772258669	-0.508678118181791	0.821612289339036	0.999803899735225	0.955436956816118	TRINITY_DN1626_c0_g1	1	interaction_vs_self	significant	up	MF	FALSE
GO:1901474	azole transmembrane transporter activity	1/388	11/2680	0.0909090909090909	0.627928772258669	-0.508678118181791	0.821612289339036	0.999803899735225	0.955436956816118	TRINITY_DN14671_c0_g1	1	interaction_vs_self	significant	up	MF	FALSE
GO:0004521	RNA endonuclease activity	2/388	21/2680	0.0952380952380952	0.657830142366225	-0.647570625931195	0.830432471137093	0.999803899735225	0.955436956816118	TRINITY_DN689_c0_g1/TRINITY_DN1921_c0_g1	2	interaction_vs_self	significant	up	MF	FALSE
GO:0016765	transferase activity, transferring alkyl or aryl (other than methyl) groups	4/388	39/2680	0.102564102564103	0.708432461009781	-0.754539859761938	0.837732161198548	0.999803899735225	0.955436956816118	TRINITY_DN1113_c0_g1/TRINITY_DN1300_c0_g1/TRINITY_DN4600_c0_g1/TRINITY_DN14158_c0_g1	4	interaction_vs_self	significant	up	MF	FALSE
GO:0052689	carboxylic ester hydrolase activity	4/388	39/2680	0.102564102564103	0.708432461009781	-0.754539859761938	0.837732161198548	0.999803899735225	0.955436956816118	TRINITY_DN137_c0_g1/TRINITY_DN608_c0_g1/TRINITY_DN1310_c0_g1/TRINITY_DN4341_c0_g1	4	interaction_vs_self	significant	up	MF	FALSE
GO:0016462	pyrophosphatase activity	40/388	313/2680	0.12779552715655	0.882711373143177	-0.90828858173067	0.83990252758077	0.999803899735225	0.955436956816118	TRINITY_DN31_c0_g1/TRINITY_DN48_c0_g1/TRINITY_DN104_c0_g1/TRINITY_DN566_c0_g1/TRINITY_DN579_c0_g1/TRINITY_DN623_c0_g1/TRINITY_DN674_c0_g1/TRINITY_DN804_c0_g1/TRINITY_DN804_c1_g1/TRINITY_DN940_c0_g1/TRINITY_DN983_c0_g1/TRINITY_DN1107_c0_g1/TRINITY_DN1533_c0_g1/TRINITY_DN1614_c0_g1/TRINITY_DN1683_c0_g1/TRINITY_DN1960_c0_g1/TRINITY_DN2217_c1_g1/TRINITY_DN2313_c0_g1/TRINITY_DN2348_c0_g1/TRINITY_DN2378_c0_g1/TRINITY_DN2511_c4_g1/TRINITY_DN2643_c0_g1/TRINITY_DN2715_c0_g1/TRINITY_DN3142_c0_g1/TRINITY_DN3507_c0_g1/TRINITY_DN3821_c0_g1/TRINITY_DN3855_c0_g1/TRINITY_DN3862_c0_g1/TRINITY_DN3896_c0_g1/TRINITY_DN4050_c0_g1/TRINITY_DN4137_c0_g1/TRINITY_DN4660_c0_g1/TRINITY_DN4797_c0_g1/TRINITY_DN5079_c0_g1/TRINITY_DN5677_c0_g1/TRINITY_DN6594_c0_g1/TRINITY_DN10814_c0_g1/TRINITY_DN10855_c0_g1/TRINITY_DN12439_c0_g1/TRINITY_DN15885_c0_g1	40	interaction_vs_self	significant	up	MF	FALSE
GO:0016817	hydrolase activity, acting on acid anhydrides	40/388	313/2680	0.12779552715655	0.882711373143177	-0.90828858173067	0.83990252758077	0.999803899735225	0.955436956816118	TRINITY_DN31_c0_g1/TRINITY_DN48_c0_g1/TRINITY_DN104_c0_g1/TRINITY_DN566_c0_g1/TRINITY_DN579_c0_g1/TRINITY_DN623_c0_g1/TRINITY_DN674_c0_g1/TRINITY_DN804_c0_g1/TRINITY_DN804_c1_g1/TRINITY_DN940_c0_g1/TRINITY_DN983_c0_g1/TRINITY_DN1107_c0_g1/TRINITY_DN1533_c0_g1/TRINITY_DN1614_c0_g1/TRINITY_DN1683_c0_g1/TRINITY_DN1960_c0_g1/TRINITY_DN2217_c1_g1/TRINITY_DN2313_c0_g1/TRINITY_DN2348_c0_g1/TRINITY_DN2378_c0_g1/TRINITY_DN2511_c4_g1/TRINITY_DN2643_c0_g1/TRINITY_DN2715_c0_g1/TRINITY_DN3142_c0_g1/TRINITY_DN3507_c0_g1/TRINITY_DN3821_c0_g1/TRINITY_DN3855_c0_g1/TRINITY_DN3862_c0_g1/TRINITY_DN3896_c0_g1/TRINITY_DN4050_c0_g1/TRINITY_DN4137_c0_g1/TRINITY_DN4660_c0_g1/TRINITY_DN4797_c0_g1/TRINITY_DN5079_c0_g1/TRINITY_DN5677_c0_g1/TRINITY_DN6594_c0_g1/TRINITY_DN10814_c0_g1/TRINITY_DN10855_c0_g1/TRINITY_DN12439_c0_g1/TRINITY_DN15885_c0_g1	40	interaction_vs_self	significant	up	MF	FALSE
GO:0016818	hydrolase activity, acting on acid anhydrides, in phosphorus-containing anhydrides	40/388	313/2680	0.12779552715655	0.882711373143177	-0.90828858173067	0.83990252758077	0.999803899735225	0.955436956816118	TRINITY_DN31_c0_g1/TRINITY_DN48_c0_g1/TRINITY_DN104_c0_g1/TRINITY_DN566_c0_g1/TRINITY_DN579_c0_g1/TRINITY_DN623_c0_g1/TRINITY_DN674_c0_g1/TRINITY_DN804_c0_g1/TRINITY_DN804_c1_g1/TRINITY_DN940_c0_g1/TRINITY_DN983_c0_g1/TRINITY_DN1107_c0_g1/TRINITY_DN1533_c0_g1/TRINITY_DN1614_c0_g1/TRINITY_DN1683_c0_g1/TRINITY_DN1960_c0_g1/TRINITY_DN2217_c1_g1/TRINITY_DN2313_c0_g1/TRINITY_DN2348_c0_g1/TRINITY_DN2378_c0_g1/TRINITY_DN2511_c4_g1/TRINITY_DN2643_c0_g1/TRINITY_DN2715_c0_g1/TRINITY_DN3142_c0_g1/TRINITY_DN3507_c0_g1/TRINITY_DN3821_c0_g1/TRINITY_DN3855_c0_g1/TRINITY_DN3862_c0_g1/TRINITY_DN3896_c0_g1/TRINITY_DN4050_c0_g1/TRINITY_DN4137_c0_g1/TRINITY_DN4660_c0_g1/TRINITY_DN4797_c0_g1/TRINITY_DN5079_c0_g1/TRINITY_DN5677_c0_g1/TRINITY_DN6594_c0_g1/TRINITY_DN10814_c0_g1/TRINITY_DN10855_c0_g1/TRINITY_DN12439_c0_g1/TRINITY_DN15885_c0_g1	40	interaction_vs_self	significant	up	MF	FALSE
GO:0004620	phospholipase activity	1/388	12/2680	0.0833333333333333	0.575601374570447	-0.606131133710566	0.847545010109532	0.999803899735225	0.955436956816118	TRINITY_DN1310_c0_g1	1	interaction_vs_self	significant	up	MF	FALSE
GO:0016866	intramolecular transferase activity	1/388	12/2680	0.0833333333333333	0.575601374570447	-0.606131133710566	0.847545010109532	0.999803899735225	0.955436956816118	TRINITY_DN5830_c0_g1	1	interaction_vs_self	significant	up	MF	FALSE
GO:0030276	clathrin binding	1/388	12/2680	0.0833333333333333	0.575601374570447	-0.606131133710566	0.847545010109532	0.999803899735225	0.955436956816118	TRINITY_DN3891_c0_g1	1	interaction_vs_self	significant	up	MF	FALSE
GO:0031369	translation initiation factor binding	1/388	12/2680	0.0833333333333333	0.575601374570447	-0.606131133710566	0.847545010109532	0.999803899735225	0.955436956816118	TRINITY_DN34_c0_g1	1	interaction_vs_self	significant	up	MF	FALSE
GO:0044183	protein folding chaperone	1/388	12/2680	0.0833333333333333	0.575601374570447	-0.606131133710566	0.847545010109532	0.999803899735225	0.955436956816118	TRINITY_DN10814_c0_g1	1	interaction_vs_self	significant	up	MF	FALSE
GO:0032559	adenyl ribonucleotide binding	26/388	211/2680	0.123222748815166	0.8511262031563	-0.926816720699999	0.848683845780129	0.999803899735225	0.955436956816118	TRINITY_DN66_c0_g1/TRINITY_DN104_c0_g1/TRINITY_DN560_c0_g1/TRINITY_DN587_c0_g1/TRINITY_DN623_c0_g1/TRINITY_DN676_c0_g1/TRINITY_DN940_c0_g1/TRINITY_DN1037_c0_g1/TRINITY_DN1168_c0_g1/TRINITY_DN1214_c0_g1/TRINITY_DN1512_c0_g1/TRINITY_DN2313_c0_g1/TRINITY_DN2715_c0_g1/TRINITY_DN2948_c0_g1/TRINITY_DN3546_c0_g1/TRINITY_DN3821_c0_g1/TRINITY_DN4050_c0_g1/TRINITY_DN4268_c0_g1/TRINITY_DN4797_c0_g1/TRINITY_DN4953_c0_g1/TRINITY_DN5079_c0_g1/TRINITY_DN6594_c0_g1/TRINITY_DN8876_c0_g1/TRINITY_DN8962_c0_g1/TRINITY_DN10814_c0_g1/TRINITY_DN15885_c0_g1	26	interaction_vs_self	significant	up	MF	FALSE
GO:0050660	flavin adenine dinucleotide binding	2/388	22/2680	0.0909090909090909	0.627928772258669	-0.720866514732092	0.849730751887967	0.999803899735225	0.955436956816118	TRINITY_DN1626_c0_g1/TRINITY_DN2937_c0_g1	2	interaction_vs_self	significant	up	MF	FALSE
GO:0101005	deubiquitinase activity	2/388	22/2680	0.0909090909090909	0.627928772258669	-0.720866514732092	0.849730751887967	0.999803899735225	0.955436956816118	TRINITY_DN661_c0_g1/TRINITY_DN1514_c0_g1	2	interaction_vs_self	significant	up	MF	FALSE
GO:0016835	carbon-oxygen lyase activity	4/388	40/2680	0.1	0.690721649484536	-0.81072294702665	0.852148440827809	0.999803899735225	0.955436956816118	TRINITY_DN36_c0_g1/TRINITY_DN981_c0_g1/TRINITY_DN4650_c0_g1/TRINITY_DN4954_c0_g1	4	interaction_vs_self	significant	up	MF	FALSE
GO:0030554	adenyl nucleotide binding	26/388	213/2680	0.122065727699531	0.843134407821499	-0.981584819448437	0.861636275147566	0.999803899735225	0.955436956816118	TRINITY_DN66_c0_g1/TRINITY_DN104_c0_g1/TRINITY_DN560_c0_g1/TRINITY_DN587_c0_g1/TRINITY_DN623_c0_g1/TRINITY_DN676_c0_g1/TRINITY_DN940_c0_g1/TRINITY_DN1037_c0_g1/TRINITY_DN1168_c0_g1/TRINITY_DN1214_c0_g1/TRINITY_DN1512_c0_g1/TRINITY_DN2313_c0_g1/TRINITY_DN2715_c0_g1/TRINITY_DN2948_c0_g1/TRINITY_DN3546_c0_g1/TRINITY_DN3821_c0_g1/TRINITY_DN4050_c0_g1/TRINITY_DN4268_c0_g1/TRINITY_DN4797_c0_g1/TRINITY_DN4953_c0_g1/TRINITY_DN5079_c0_g1/TRINITY_DN6594_c0_g1/TRINITY_DN8876_c0_g1/TRINITY_DN8962_c0_g1/TRINITY_DN10814_c0_g1/TRINITY_DN15885_c0_g1	26	interaction_vs_self	significant	up	MF	FALSE
GO:0003779	actin binding	3/388	32/2680	0.09375	0.647551546391753	-0.825099874657993	0.863176822703231	0.999803899735225	0.955436956816118	TRINITY_DN36_c0_g1/TRINITY_DN2389_c0_g1/TRINITY_DN7014_c0_g1	3	interaction_vs_self	significant	up	MF	FALSE
GO:0008237	metallopeptidase activity	3/388	32/2680	0.09375	0.647551546391753	-0.825099874657993	0.863176822703231	0.999803899735225	0.955436956816118	TRINITY_DN1862_c0_g1/TRINITY_DN2082_c2_g1/TRINITY_DN3507_c0_g1	3	interaction_vs_self	significant	up	MF	FALSE
GO:0004519	endonuclease activity	4/388	41/2680	0.0975609756097561	0.673874779984913	-0.865668333823996	0.865466674588501	0.999803899735225	0.955436956816118	TRINITY_DN689_c0_g1/TRINITY_DN1572_c0_g1/TRINITY_DN1921_c0_g1/TRINITY_DN14234_c0_g1	4	interaction_vs_self	significant	up	MF	FALSE
GO:0005085	guanyl-nucleotide exchange factor activity	4/388	41/2680	0.0975609756097561	0.673874779984913	-0.865668333823996	0.865466674588501	0.999803899735225	0.955436956816118	TRINITY_DN424_c0_g1/TRINITY_DN688_c0_g1/TRINITY_DN1714_c0_g1/TRINITY_DN3507_c0_g1	4	interaction_vs_self	significant	up	MF	FALSE
GO:0008094	ATP-dependent activity, acting on DNA	6/388	58/2680	0.103448275862069	0.714539637397796	-0.904145612519757	0.865563294872392	0.999803899735225	0.955436956816118	TRINITY_DN104_c0_g1/TRINITY_DN623_c0_g1/TRINITY_DN804_c0_g1/TRINITY_DN2217_c1_g1/TRINITY_DN2715_c0_g1/TRINITY_DN15885_c0_g1	6	interaction_vs_self	significant	up	MF	FALSE
GO:0003713	transcription coactivator activity	2/388	23/2680	0.0869565217391304	0.600627521290901	-0.791300039688887	0.867012009995598	0.999803899735225	0.955436956816118	TRINITY_DN1172_c0_g1/TRINITY_DN8784_c0_g1	2	interaction_vs_self	significant	up	MF	FALSE
GO:0008028	monocarboxylic acid transmembrane transporter activity	1/388	13/2680	0.0769230769230769	0.531324345757335	-0.696831020269437	0.86971612558086	0.999803899735225	0.955436956816118	TRINITY_DN1439_c0_g1	1	interaction_vs_self	significant	up	MF	FALSE
GO:0015035	protein-disulfide reductase activity	1/388	13/2680	0.0769230769230769	0.531324345757335	-0.696831020269437	0.86971612558086	0.999803899735225	0.955436956816118	TRINITY_DN4954_c0_g1	1	interaction_vs_self	significant	up	MF	FALSE
GO:0061650	ubiquitin-like protein conjugating enzyme activity	1/388	13/2680	0.0769230769230769	0.531324345757335	-0.696831020269437	0.86971612558086	0.999803899735225	0.955436956816118	TRINITY_DN10682_c0_g1	1	interaction_vs_self	significant	up	MF	FALSE
GO:0017111	ribonucleoside triphosphate phosphatase activity	37/388	297/2680	0.124579124579125	0.860494984206324	-1.04881994856957	0.8732619518383	0.999803899735225	0.955436956816118	TRINITY_DN31_c0_g1/TRINITY_DN48_c0_g1/TRINITY_DN104_c0_g1/TRINITY_DN566_c0_g1/TRINITY_DN579_c0_g1/TRINITY_DN623_c0_g1/TRINITY_DN674_c0_g1/TRINITY_DN804_c0_g1/TRINITY_DN804_c1_g1/TRINITY_DN940_c0_g1/TRINITY_DN983_c0_g1/TRINITY_DN1107_c0_g1/TRINITY_DN1533_c0_g1/TRINITY_DN1614_c0_g1/TRINITY_DN2217_c1_g1/TRINITY_DN2313_c0_g1/TRINITY_DN2348_c0_g1/TRINITY_DN2378_c0_g1/TRINITY_DN2511_c4_g1/TRINITY_DN2643_c0_g1/TRINITY_DN2715_c0_g1/TRINITY_DN3142_c0_g1/TRINITY_DN3507_c0_g1/TRINITY_DN3821_c0_g1/TRINITY_DN3855_c0_g1/TRINITY_DN3862_c0_g1/TRINITY_DN3896_c0_g1/TRINITY_DN4050_c0_g1/TRINITY_DN4137_c0_g1/TRINITY_DN4797_c0_g1/TRINITY_DN5079_c0_g1/TRINITY_DN5677_c0_g1/TRINITY_DN6594_c0_g1/TRINITY_DN10814_c0_g1/TRINITY_DN10855_c0_g1/TRINITY_DN12439_c0_g1/TRINITY_DN15885_c0_g1	37	interaction_vs_self	significant	up	MF	FALSE
GO:0005484	SNAP receptor activity	1/388	14/2680	0.0714285714285714	0.493372606774669	-0.781839353317876	0.888670060067034	0.999803899735225	0.955436956816118	TRINITY_DN2828_c0_g1	1	interaction_vs_self	significant	up	MF	FALSE
GO:0005496	steroid binding	1/388	14/2680	0.0714285714285714	0.493372606774669	-0.781839353317876	0.888670060067034	0.999803899735225	0.955436956816118	TRINITY_DN674_c0_g1	1	interaction_vs_self	significant	up	MF	FALSE
GO:0016831	carboxy-lyase activity	1/388	14/2680	0.0714285714285714	0.493372606774669	-0.781839353317876	0.888670060067034	0.999803899735225	0.955436956816118	TRINITY_DN967_c0_g1	1	interaction_vs_self	significant	up	MF	FALSE
GO:0034212	peptide N-acetyltransferase activity	1/388	14/2680	0.0714285714285714	0.493372606774669	-0.781839353317876	0.888670060067034	0.999803899735225	0.955436956816118	TRINITY_DN2956_c0_g1	1	interaction_vs_self	significant	up	MF	FALSE
GO:0008092	cytoskeletal protein binding	8/388	77/2680	0.103896103896104	0.717632882581336	-1.03423042996032	0.888782345770695	0.999803899735225	0.955436956816118	TRINITY_DN36_c0_g1/TRINITY_DN115_c0_g1/TRINITY_DN940_c0_g1/TRINITY_DN992_c0_g1/TRINITY_DN1714_c0_g1/TRINITY_DN2389_c0_g1/TRINITY_DN2648_c0_g2/TRINITY_DN7014_c0_g1	8	interaction_vs_self	significant	up	MF	FALSE
GO:0042277	peptide binding	3/388	34/2680	0.0882352941176471	0.609460278956944	-0.942767631499583	0.889521513113716	0.999803899735225	0.955436956816118	TRINITY_DN4679_c0_g1/TRINITY_DN6594_c0_g1/TRINITY_DN10909_c0_g1	3	interaction_vs_self	significant	up	MF	FALSE
GO:0000149	SNARE binding	2/388	25/2680	0.08	0.552577319587629	-0.924593103705869	0.89622579188858	0.999803899735225	0.955436956816118	TRINITY_DN804_c0_g1/TRINITY_DN2828_c0_g1	2	interaction_vs_self	significant	up	MF	FALSE
GO:0016776	phosphotransferase activity, phosphate group as acceptor	1/388	15/2680	0.0666666666666667	0.460481099656357	-0.861982798455656	0.904872616966505	0.999803899735225	0.955436956816118	TRINITY_DN1841_c0_g2	1	interaction_vs_self	significant	up	MF	FALSE
GO:0016814	hydrolase activity, acting on carbon-nitrogen (but not peptide) bonds, in cyclic amidines	1/388	15/2680	0.0666666666666667	0.460481099656357	-0.861982798455656	0.904872616966505	0.999803899735225	0.955436956816118	TRINITY_DN116_c0_g1	1	interaction_vs_self	significant	up	MF	FALSE
GO:0004386	helicase activity	7/388	72/2680	0.0972222222222222	0.671534936998854	-1.16224195985277	0.914830616522085	0.999803899735225	0.955436956816118	TRINITY_DN31_c0_g1/TRINITY_DN104_c0_g1/TRINITY_DN623_c0_g1/TRINITY_DN2217_c1_g1/TRINITY_DN2511_c4_g1/TRINITY_DN3855_c0_g1/TRINITY_DN15885_c0_g1	7	interaction_vs_self	significant	up	MF	FALSE
GO:0016614	oxidoreductase activity, acting on CH-OH group of donors	7/388	72/2680	0.0972222222222222	0.671534936998854	-1.16224195985277	0.914830616522085	0.999803899735225	0.955436956816118	TRINITY_DN2770_c0_g1/TRINITY_DN3555_c0_g1/TRINITY_DN4141_c0_g1/TRINITY_DN5087_c0_g1/TRINITY_DN10879_c0_g1/TRINITY_DN12592_c0_g1/TRINITY_DN17705_c0_g1	7	interaction_vs_self	significant	up	MF	FALSE
GO:0000993	RNA polymerase II complex binding	1/388	16/2680	0.0625	0.431701030927835	-0.937917549855663	0.918722307254308	0.999803899735225	0.955436956816118	TRINITY_DN1881_c0_g1	1	interaction_vs_self	significant	up	MF	FALSE
GO:0003755	peptidyl-prolyl cis-trans isomerase activity	1/388	16/2680	0.0625	0.431701030927835	-0.937917549855663	0.918722307254308	0.999803899735225	0.955436956816118	TRINITY_DN1914_c0_g1	1	interaction_vs_self	significant	up	MF	FALSE
GO:0004520	DNA endonuclease activity	1/388	16/2680	0.0625	0.431701030927835	-0.937917549855663	0.918722307254308	0.999803899735225	0.955436956816118	TRINITY_DN14234_c0_g1	1	interaction_vs_self	significant	up	MF	FALSE
GO:0005048	signal sequence binding	2/388	27/2680	0.0740740740740741	0.511645666284842	-1.04916360352707	0.919381525747452	0.999803899735225	0.955436956816118	TRINITY_DN4679_c0_g1/TRINITY_DN10909_c0_g1	2	interaction_vs_self	significant	up	MF	FALSE
GO:0008017	microtubule binding	2/388	27/2680	0.0740740740740741	0.511645666284842	-1.04916360352707	0.919381525747452	0.999803899735225	0.955436956816118	TRINITY_DN940_c0_g1/TRINITY_DN2648_c0_g2	2	interaction_vs_self	significant	up	MF	FALSE
GO:0003723	RNA binding	51/388	412/2680	0.12378640776699	0.855019517565809	-1.31592620801487	0.920027767979694	0.999803899735225	0.955436956816118	TRINITY_DN34_c0_g1/TRINITY_DN97_c0_g1/TRINITY_DN104_c0_g1/TRINITY_DN137_c0_g1/TRINITY_DN147_c0_g1/TRINITY_DN298_c0_g1/TRINITY_DN451_c0_g1/TRINITY_DN528_c0_g1/TRINITY_DN579_c0_g1/TRINITY_DN600_c0_g1/TRINITY_DN674_c0_g1/TRINITY_DN688_c0_g1/TRINITY_DN689_c0_g1/TRINITY_DN763_c0_g1/TRINITY_DN824_c0_g1/TRINITY_DN1075_c0_g1/TRINITY_DN1113_c0_g1/TRINITY_DN1158_c0_g1/TRINITY_DN1168_c0_g1/TRINITY_DN1226_c0_g1/TRINITY_DN1270_c0_g2/TRINITY_DN1303_c0_g1/TRINITY_DN1430_c0_g1/TRINITY_DN1471_c0_g1/TRINITY_DN1512_c0_g1/TRINITY_DN1544_c0_g1/TRINITY_DN1572_c0_g1/TRINITY_DN1921_c0_g1/TRINITY_DN1936_c0_g1/TRINITY_DN1960_c0_g1/TRINITY_DN2128_c0_g1/TRINITY_DN2174_c0_g1/TRINITY_DN2348_c0_g1/TRINITY_DN2511_c4_g1/TRINITY_DN2664_c0_g1/TRINITY_DN2777_c0_g1/TRINITY_DN2824_c0_g1/TRINITY_DN2866_c0_g1/TRINITY_DN2894_c0_g1/TRINITY_DN2929_c0_g1/TRINITY_DN3149_c0_g1/TRINITY_DN3467_c0_g1/TRINITY_DN3507_c0_g1/TRINITY_DN3936_c0_g1/TRINITY_DN4278_c0_g1/TRINITY_DN5019_c0_g1/TRINITY_DN6594_c0_g1/TRINITY_DN8879_c1_g1/TRINITY_DN10686_c1_g1/TRINITY_DN12341_c0_g1/TRINITY_DN16083_c0_g1	51	interaction_vs_self	significant	up	MF	FALSE
GO:0015631	tubulin binding	3/388	38/2680	0.0789473684210526	0.545306565382528	-1.16128545890952	0.929017023138711	0.999803899735225	0.955436956816118	TRINITY_DN115_c0_g1/TRINITY_DN940_c0_g1/TRINITY_DN2648_c0_g2	3	interaction_vs_self	significant	up	MF	FALSE
GO:0004222	metalloendopeptidase activity	1/388	17/2680	0.0588235294117647	0.406306852637962	-1.01017316308715	0.930560049290843	0.999803899735225	0.955436956816118	TRINITY_DN1862_c0_g1	1	interaction_vs_self	significant	up	MF	FALSE
GO:0043175	RNA polymerase core enzyme binding	1/388	19/2680	0.0526315789473684	0.363537710255019	-1.14530710010678	0.949324032650283	0.999803899735225	0.955436956816118	TRINITY_DN1881_c0_g1	1	interaction_vs_self	significant	up	MF	FALSE
GO:0070063	RNA polymerase binding	1/388	19/2680	0.0526315789473684	0.363537710255019	-1.14530710010678	0.949324032650283	0.999803899735225	0.955436956816118	TRINITY_DN1881_c0_g1	1	interaction_vs_self	significant	up	MF	FALSE
GO:0003688	DNA replication origin binding	2/388	31/2680	0.0645161290322581	0.445626870635185	-1.27713542790355	0.951899242071672	0.999803899735225	0.955436956816118	TRINITY_DN4710_c0_g1/TRINITY_DN10814_c0_g1	2	interaction_vs_self	significant	up	MF	FALSE
GO:0003724	RNA helicase activity	3/388	43/2680	0.0697674418604651	0.481898825221769	-1.40892752252394	0.96012046722784	0.999803899735225	0.955436956816118	TRINITY_DN31_c0_g1/TRINITY_DN2511_c4_g1/TRINITY_DN3855_c0_g1	3	interaction_vs_self	significant	up	MF	FALSE
GO:0008186	ATP-dependent activity, acting on RNA	3/388	43/2680	0.0697674418604651	0.481898825221769	-1.40892752252394	0.96012046722784	0.999803899735225	0.955436956816118	TRINITY_DN31_c0_g1/TRINITY_DN2511_c4_g1/TRINITY_DN3855_c0_g1	3	interaction_vs_self	significant	up	MF	FALSE
GO:0003924	GTPase activity	6/388	72/2680	0.0833333333333333	0.575601374570447	-1.50169362205911	0.961168309543979	0.999803899735225	0.955436956816118	TRINITY_DN566_c0_g1/TRINITY_DN804_c0_g1/TRINITY_DN1107_c0_g1/TRINITY_DN2643_c0_g1/TRINITY_DN3896_c0_g1/TRINITY_DN4137_c0_g1	6	interaction_vs_self	significant	up	MF	FALSE
GO:0003729	mRNA binding	15/388	150/2680	0.1	0.690721649484536	-1.60372464180978	0.962788661735381	0.999803899735225	0.955436956816118	TRINITY_DN104_c0_g1/TRINITY_DN298_c0_g1/TRINITY_DN528_c0_g1/TRINITY_DN763_c0_g1/TRINITY_DN1226_c0_g1/TRINITY_DN1512_c0_g1/TRINITY_DN1544_c0_g1/TRINITY_DN1936_c0_g1/TRINITY_DN2128_c0_g1/TRINITY_DN2664_c0_g1/TRINITY_DN2777_c0_g1/TRINITY_DN2894_c0_g1/TRINITY_DN2929_c0_g1/TRINITY_DN3936_c0_g1/TRINITY_DN4278_c0_g1	15	interaction_vs_self	significant	up	MF	FALSE
GO:0035639	purine ribonucleoside triphosphate binding	30/388	272/2680	0.110294117647059	0.761825348696179	-1.70469489954806	0.967126134325837	0.999803899735225	0.955436956816118	TRINITY_DN66_c0_g1/TRINITY_DN104_c0_g1/TRINITY_DN116_c0_g1/TRINITY_DN560_c0_g1/TRINITY_DN566_c0_g1/TRINITY_DN587_c0_g1/TRINITY_DN623_c0_g1/TRINITY_DN676_c0_g1/TRINITY_DN940_c0_g1/TRINITY_DN1037_c0_g1/TRINITY_DN1168_c0_g1/TRINITY_DN1214_c0_g1/TRINITY_DN1512_c0_g1/TRINITY_DN2313_c0_g1/TRINITY_DN2643_c0_g1/TRINITY_DN2715_c0_g1/TRINITY_DN2948_c0_g1/TRINITY_DN3546_c0_g1/TRINITY_DN3821_c0_g1/TRINITY_DN4050_c0_g1/TRINITY_DN4137_c0_g1/TRINITY_DN4268_c0_g1/TRINITY_DN4797_c0_g1/TRINITY_DN4953_c0_g1/TRINITY_DN5079_c0_g1/TRINITY_DN6594_c0_g1/TRINITY_DN8876_c0_g1/TRINITY_DN8962_c0_g1/TRINITY_DN10814_c0_g1/TRINITY_DN15885_c0_g1	30	interaction_vs_self	significant	up	MF	FALSE
GO:0016874	ligase activity	8/388	92/2680	0.0869565217391304	0.600627521290901	-1.60355855971544	0.967517725351257	0.999803899735225	0.955436956816118	TRINITY_DN147_c0_g1/TRINITY_DN661_c0_g1/TRINITY_DN757_c0_g1/TRINITY_DN1507_c0_g1/TRINITY_DN2713_c0_g1/TRINITY_DN4954_c0_g1/TRINITY_DN8879_c1_g1/TRINITY_DN8962_c0_g1	8	interaction_vs_self	significant	up	MF	FALSE
GO:0004812	aminoacyl-tRNA ligase activity	2/388	34/2680	0.0588235294117647	0.406306852637962	-1.4331824708666	0.967623939338634	0.999803899735225	0.955436956816118	TRINITY_DN8879_c1_g1/TRINITY_DN8962_c0_g1	2	interaction_vs_self	significant	up	MF	FALSE
GO:0016875	ligase activity, forming carbon-oxygen bonds	2/388	34/2680	0.0588235294117647	0.406306852637962	-1.4331824708666	0.967623939338634	0.999803899735225	0.955436956816118	TRINITY_DN8879_c1_g1/TRINITY_DN8962_c0_g1	2	interaction_vs_self	significant	up	MF	FALSE
GO:0046915	transition metal ion transmembrane transporter activity	1/388	22/2680	0.0454545454545455	0.313964386129335	-1.32915437980829	0.968422183541924	0.999803899735225	0.955436956816118	TRINITY_DN15851_c0_g1	1	interaction_vs_self	significant	up	MF	FALSE
GO:0140098	catalytic activity, acting on RNA	19/388	186/2680	0.102150537634409	0.705575878505709	-1.71228695631357	0.970081396192417	0.999803899735225	0.955436956816118	TRINITY_DN31_c0_g1/TRINITY_DN39_c0_g1/TRINITY_DN147_c0_g1/TRINITY_DN451_c0_g1/TRINITY_DN689_c0_g1/TRINITY_DN1234_c0_g1/TRINITY_DN1877_c0_g1/TRINITY_DN1921_c0_g1/TRINITY_DN2348_c0_g1/TRINITY_DN2511_c4_g1/TRINITY_DN2777_c0_g1/TRINITY_DN3855_c0_g1/TRINITY_DN4269_c0_g1/TRINITY_DN4306_c0_g1/TRINITY_DN4710_c0_g1/TRINITY_DN4954_c0_g1/TRINITY_DN8879_c1_g1/TRINITY_DN8962_c0_g1/TRINITY_DN10542_c0_g1	19	interaction_vs_self	significant	up	MF	FALSE
GO:0140101	catalytic activity, acting on a tRNA	6/388	75/2680	0.08	0.552577319587629	-1.61673811143339	0.970925392359148	0.999803899735225	0.955436956816118	TRINITY_DN147_c0_g1/TRINITY_DN4269_c0_g1/TRINITY_DN4710_c0_g1/TRINITY_DN4954_c0_g1/TRINITY_DN8879_c1_g1/TRINITY_DN8962_c0_g1	6	interaction_vs_self	significant	up	MF	FALSE
GO:0016879	ligase activity, forming carbon-nitrogen bonds	2/388	35/2680	0.0571428571428571	0.394698085419735	-1.48281900799896	0.971666896879309	0.999803899735225	0.955436956816118	TRINITY_DN757_c0_g1/TRINITY_DN1507_c0_g1	2	interaction_vs_self	significant	up	MF	FALSE
GO:0046983	protein dimerization activity	2/388	35/2680	0.0571428571428571	0.394698085419735	-1.48281900799896	0.971666896879309	0.999803899735225	0.955436956816118	TRINITY_DN804_c0_g1/TRINITY_DN861_c0_g1	2	interaction_vs_self	significant	up	MF	FALSE
GO:0042803	protein homodimerization activity	1/388	23/2680	0.0434782608695652	0.30031376064545	-1.38632925022935	0.973031736884939	0.999803899735225	0.955436956816118	TRINITY_DN861_c0_g1	1	interaction_vs_self	significant	up	MF	FALSE
GO:0004536	DNA nuclease activity	1/388	24/2680	0.0416666666666667	0.287800687285223	-1.44174365468906	0.976969894991316	0.999803899735225	0.955436956816118	TRINITY_DN14234_c0_g1	1	interaction_vs_self	significant	up	MF	FALSE
GO:0016298	lipase activity	1/388	24/2680	0.0416666666666667	0.287800687285223	-1.44174365468906	0.976969894991316	0.999803899735225	0.955436956816118	TRINITY_DN1310_c0_g1	1	interaction_vs_self	significant	up	MF	FALSE
GO:0019843	rRNA binding	2/388	37/2680	0.0540540540540541	0.373363053775425	-1.57893114166641	0.978343708149465	0.999803899735225	0.955436956816118	TRINITY_DN1168_c0_g1/TRINITY_DN1430_c0_g1	2	interaction_vs_self	significant	up	MF	FALSE
GO:0032555	purine ribonucleotide binding	30/388	280/2680	0.107142857142857	0.740058910162003	-1.89078976694424	0.979241982497159	0.999803899735225	0.955436956816118	TRINITY_DN66_c0_g1/TRINITY_DN104_c0_g1/TRINITY_DN116_c0_g1/TRINITY_DN560_c0_g1/TRINITY_DN566_c0_g1/TRINITY_DN587_c0_g1/TRINITY_DN623_c0_g1/TRINITY_DN676_c0_g1/TRINITY_DN940_c0_g1/TRINITY_DN1037_c0_g1/TRINITY_DN1168_c0_g1/TRINITY_DN1214_c0_g1/TRINITY_DN1512_c0_g1/TRINITY_DN2313_c0_g1/TRINITY_DN2643_c0_g1/TRINITY_DN2715_c0_g1/TRINITY_DN2948_c0_g1/TRINITY_DN3546_c0_g1/TRINITY_DN3821_c0_g1/TRINITY_DN4050_c0_g1/TRINITY_DN4137_c0_g1/TRINITY_DN4268_c0_g1/TRINITY_DN4797_c0_g1/TRINITY_DN4953_c0_g1/TRINITY_DN5079_c0_g1/TRINITY_DN6594_c0_g1/TRINITY_DN8876_c0_g1/TRINITY_DN8962_c0_g1/TRINITY_DN10814_c0_g1/TRINITY_DN15885_c0_g1	30	interaction_vs_self	significant	up	MF	FALSE
GO:0000049	tRNA binding	1/388	25/2680	0.04	0.276288659793814	-1.49553999723853	0.980334232620597	0.999803899735225	0.955436956816118	TRINITY_DN6594_c0_g1	1	interaction_vs_self	significant	up	MF	FALSE
GO:0003684	damaged DNA binding	1/388	25/2680	0.04	0.276288659793814	-1.49553999723853	0.980334232620597	0.999803899735225	0.955436956816118	TRINITY_DN14234_c0_g1	1	interaction_vs_self	significant	up	MF	FALSE
GO:0030695	GTPase regulator activity	3/388	49/2680	0.0612244897959184	0.422890805806859	-1.67722189131101	0.980599265553196	0.999803899735225	0.955436956816118	TRINITY_DN785_c0_g1/TRINITY_DN893_c0_g1/TRINITY_DN1996_c0_g1	3	interaction_vs_self	significant	up	MF	FALSE
GO:0003712	transcription coregulator activity	2/388	38/2680	0.0526315789473684	0.363537710255019	-1.62552248603922	0.981084079538951	0.999803899735225	0.955436956816118	TRINITY_DN1172_c0_g1/TRINITY_DN8784_c0_g1	2	interaction_vs_self	significant	up	MF	FALSE
GO:0097367	carbohydrate derivative binding	31/388	290/2680	0.106896551724138	0.738357625311056	-1.94089947966144	0.981664763821499	0.999803899735225	0.955436956816118	TRINITY_DN66_c0_g1/TRINITY_DN104_c0_g1/TRINITY_DN116_c0_g1/TRINITY_DN560_c0_g1/TRINITY_DN566_c0_g1/TRINITY_DN587_c0_g1/TRINITY_DN623_c0_g1/TRINITY_DN676_c0_g1/TRINITY_DN940_c0_g1/TRINITY_DN1037_c0_g1/TRINITY_DN1168_c0_g1/TRINITY_DN1214_c0_g1/TRINITY_DN1512_c0_g1/TRINITY_DN2313_c0_g1/TRINITY_DN2643_c0_g1/TRINITY_DN2715_c0_g1/TRINITY_DN2948_c0_g1/TRINITY_DN3546_c0_g1/TRINITY_DN3821_c0_g1/TRINITY_DN4025_c0_g1/TRINITY_DN4050_c0_g1/TRINITY_DN4137_c0_g1/TRINITY_DN4268_c0_g1/TRINITY_DN4797_c0_g1/TRINITY_DN4953_c0_g1/TRINITY_DN5079_c0_g1/TRINITY_DN6594_c0_g1/TRINITY_DN8876_c0_g1/TRINITY_DN8962_c0_g1/TRINITY_DN10814_c0_g1/TRINITY_DN15885_c0_g1	31	interaction_vs_self	significant	up	MF	FALSE
GO:0016616	oxidoreductase activity, acting on the CH-OH group of donors, NAD or NADP as acceptor	4/388	60/2680	0.0666666666666667	0.460481099656357	-1.73870761382798	0.981789392212223	0.999803899735225	0.955436956816118	TRINITY_DN2770_c0_g1/TRINITY_DN3555_c0_g1/TRINITY_DN5087_c0_g1/TRINITY_DN17705_c0_g1	4	interaction_vs_self	significant	up	MF	FALSE
GO:0017076	purine nucleotide binding	30/388	285/2680	0.105263157894737	0.727075420510038	-2.0049670231336	0.984632676872827	0.999803899735225	0.955436956816118	TRINITY_DN66_c0_g1/TRINITY_DN104_c0_g1/TRINITY_DN116_c0_g1/TRINITY_DN560_c0_g1/TRINITY_DN566_c0_g1/TRINITY_DN587_c0_g1/TRINITY_DN623_c0_g1/TRINITY_DN676_c0_g1/TRINITY_DN940_c0_g1/TRINITY_DN1037_c0_g1/TRINITY_DN1168_c0_g1/TRINITY_DN1214_c0_g1/TRINITY_DN1512_c0_g1/TRINITY_DN2313_c0_g1/TRINITY_DN2643_c0_g1/TRINITY_DN2715_c0_g1/TRINITY_DN2948_c0_g1/TRINITY_DN3546_c0_g1/TRINITY_DN3821_c0_g1/TRINITY_DN4050_c0_g1/TRINITY_DN4137_c0_g1/TRINITY_DN4268_c0_g1/TRINITY_DN4797_c0_g1/TRINITY_DN4953_c0_g1/TRINITY_DN5079_c0_g1/TRINITY_DN6594_c0_g1/TRINITY_DN8876_c0_g1/TRINITY_DN8962_c0_g1/TRINITY_DN10814_c0_g1/TRINITY_DN15885_c0_g1	30	interaction_vs_self	significant	up	MF	FALSE
GO:0032553	ribonucleotide binding	30/388	286/2680	0.104895104895105	0.724533198760003	-2.02761325869239	0.98554706943562	0.999803899735225	0.955436956816118	TRINITY_DN66_c0_g1/TRINITY_DN104_c0_g1/TRINITY_DN116_c0_g1/TRINITY_DN560_c0_g1/TRINITY_DN566_c0_g1/TRINITY_DN587_c0_g1/TRINITY_DN623_c0_g1/TRINITY_DN676_c0_g1/TRINITY_DN940_c0_g1/TRINITY_DN1037_c0_g1/TRINITY_DN1168_c0_g1/TRINITY_DN1214_c0_g1/TRINITY_DN1512_c0_g1/TRINITY_DN2313_c0_g1/TRINITY_DN2643_c0_g1/TRINITY_DN2715_c0_g1/TRINITY_DN2948_c0_g1/TRINITY_DN3546_c0_g1/TRINITY_DN3821_c0_g1/TRINITY_DN4050_c0_g1/TRINITY_DN4137_c0_g1/TRINITY_DN4268_c0_g1/TRINITY_DN4797_c0_g1/TRINITY_DN4953_c0_g1/TRINITY_DN5079_c0_g1/TRINITY_DN6594_c0_g1/TRINITY_DN8876_c0_g1/TRINITY_DN8962_c0_g1/TRINITY_DN10814_c0_g1/TRINITY_DN15885_c0_g1	30	interaction_vs_self	significant	up	MF	FALSE
GO:0005096	GTPase activator activity	2/388	40/2680	0.05	0.345360824742268	-1.71603023787308	0.985593314033429	0.999803899735225	0.955436956816118	TRINITY_DN893_c0_g1/TRINITY_DN1996_c0_g1	2	interaction_vs_self	significant	up	MF	FALSE
GO:0043168	anion binding	44/388	405/2680	0.108641975308642	0.750413643884434	-2.24260385616131	0.991433352892054	0.999803899735225	0.955436956816118	TRINITY_DN39_c0_g1/TRINITY_DN66_c0_g1/TRINITY_DN104_c0_g1/TRINITY_DN116_c0_g1/TRINITY_DN278_c0_g1/TRINITY_DN298_c0_g1/TRINITY_DN386_c0_g1/TRINITY_DN424_c0_g1/TRINITY_DN560_c0_g1/TRINITY_DN566_c0_g1/TRINITY_DN587_c0_g1/TRINITY_DN623_c0_g1/TRINITY_DN674_c0_g1/TRINITY_DN676_c0_g1/TRINITY_DN940_c0_g1/TRINITY_DN1037_c0_g1/TRINITY_DN1113_c0_g1/TRINITY_DN1168_c0_g1/TRINITY_DN1214_c0_g1/TRINITY_DN1270_c0_g6/TRINITY_DN1512_c0_g1/TRINITY_DN1626_c0_g1/TRINITY_DN2225_c0_g1/TRINITY_DN2313_c0_g1/TRINITY_DN2643_c0_g1/TRINITY_DN2715_c0_g1/TRINITY_DN2937_c0_g1/TRINITY_DN2948_c0_g1/TRINITY_DN3070_c0_g1/TRINITY_DN3546_c0_g1/TRINITY_DN3790_c0_g1/TRINITY_DN3821_c0_g1/TRINITY_DN3891_c0_g1/TRINITY_DN4050_c0_g1/TRINITY_DN4137_c0_g1/TRINITY_DN4268_c0_g1/TRINITY_DN4797_c0_g1/TRINITY_DN4953_c0_g1/TRINITY_DN5079_c0_g1/TRINITY_DN6594_c0_g1/TRINITY_DN8876_c0_g1/TRINITY_DN8962_c0_g1/TRINITY_DN10814_c0_g1/TRINITY_DN15885_c0_g1	44	interaction_vs_self	significant	up	MF	FALSE
GO:0036094	small molecule binding	37/388	354/2680	0.104519774011299	0.721940707088357	-2.31009107812404	0.993243539351031	0.999803899735225	0.955436956816118	TRINITY_DN39_c0_g1/TRINITY_DN66_c0_g1/TRINITY_DN104_c0_g1/TRINITY_DN116_c0_g1/TRINITY_DN560_c0_g1/TRINITY_DN566_c0_g1/TRINITY_DN587_c0_g1/TRINITY_DN623_c0_g1/TRINITY_DN676_c0_g1/TRINITY_DN940_c0_g1/TRINITY_DN1037_c0_g1/TRINITY_DN1113_c0_g1/TRINITY_DN1168_c0_g1/TRINITY_DN1214_c0_g1/TRINITY_DN1512_c0_g1/TRINITY_DN1626_c0_g1/TRINITY_DN2313_c0_g1/TRINITY_DN2643_c0_g1/TRINITY_DN2715_c0_g1/TRINITY_DN2937_c0_g1/TRINITY_DN2948_c0_g1/TRINITY_DN3070_c0_g1/TRINITY_DN3546_c0_g1/TRINITY_DN3821_c0_g1/TRINITY_DN4050_c0_g1/TRINITY_DN4137_c0_g1/TRINITY_DN4268_c0_g1/TRINITY_DN4797_c0_g1/TRINITY_DN4953_c0_g1/TRINITY_DN5036_c0_g1/TRINITY_DN5079_c0_g1/TRINITY_DN6594_c0_g1/TRINITY_DN8876_c0_g1/TRINITY_DN8899_c0_g1/TRINITY_DN8962_c0_g1/TRINITY_DN10814_c0_g1/TRINITY_DN15885_c0_g1	37	interaction_vs_self	significant	up	MF	FALSE
GO:0030515	snoRNA binding	1/388	32/2680	0.03125	0.215850515463918	-1.83573409041824	0.993501234062605	0.999803899735225	0.955436956816118	TRINITY_DN600_c0_g1	1	interaction_vs_self	significant	up	MF	FALSE
GO:0003743	translation initiation factor activity	1/388	33/2680	0.0303030303030303	0.20930959075289	-1.88010187811738	0.994453470159172	0.999803899735225	0.955436956816118	TRINITY_DN688_c0_g1	1	interaction_vs_self	significant	up	MF	FALSE
GO:0008135	translation factor activity, RNA binding	2/388	49/2680	0.0408163265306122	0.281927203871239	-2.08689694314418	0.995872561271287	0.999803899735225	0.955436956816118	TRINITY_DN688_c0_g1/TRINITY_DN1921_c0_g1	2	interaction_vs_self	significant	up	MF	FALSE
GO:0005525	GTP binding	4/388	74/2680	0.0540540540540541	0.373363053775425	-2.24874165255524	0.996521121926129	0.999803899735225	0.955436956816118	TRINITY_DN116_c0_g1/TRINITY_DN566_c0_g1/TRINITY_DN2643_c0_g1/TRINITY_DN4137_c0_g1	4	interaction_vs_self	significant	up	MF	FALSE
GO:0000166	nucleotide binding	32/388	325/2680	0.0984615384615385	0.680095162569389	-2.53082400442495	0.996749819544853	0.999803899735225	0.955436956816118	TRINITY_DN66_c0_g1/TRINITY_DN104_c0_g1/TRINITY_DN116_c0_g1/TRINITY_DN560_c0_g1/TRINITY_DN566_c0_g1/TRINITY_DN587_c0_g1/TRINITY_DN623_c0_g1/TRINITY_DN676_c0_g1/TRINITY_DN940_c0_g1/TRINITY_DN1037_c0_g1/TRINITY_DN1168_c0_g1/TRINITY_DN1214_c0_g1/TRINITY_DN1512_c0_g1/TRINITY_DN1626_c0_g1/TRINITY_DN2313_c0_g1/TRINITY_DN2643_c0_g1/TRINITY_DN2715_c0_g1/TRINITY_DN2937_c0_g1/TRINITY_DN2948_c0_g1/TRINITY_DN3546_c0_g1/TRINITY_DN3821_c0_g1/TRINITY_DN4050_c0_g1/TRINITY_DN4137_c0_g1/TRINITY_DN4268_c0_g1/TRINITY_DN4797_c0_g1/TRINITY_DN4953_c0_g1/TRINITY_DN5079_c0_g1/TRINITY_DN6594_c0_g1/TRINITY_DN8876_c0_g1/TRINITY_DN8962_c0_g1/TRINITY_DN10814_c0_g1/TRINITY_DN15885_c0_g1	32	interaction_vs_self	significant	up	MF	FALSE
GO:1901265	nucleoside phosphate binding	32/388	325/2680	0.0984615384615385	0.680095162569389	-2.53082400442495	0.996749819544853	0.999803899735225	0.955436956816118	TRINITY_DN66_c0_g1/TRINITY_DN104_c0_g1/TRINITY_DN116_c0_g1/TRINITY_DN560_c0_g1/TRINITY_DN566_c0_g1/TRINITY_DN587_c0_g1/TRINITY_DN623_c0_g1/TRINITY_DN676_c0_g1/TRINITY_DN940_c0_g1/TRINITY_DN1037_c0_g1/TRINITY_DN1168_c0_g1/TRINITY_DN1214_c0_g1/TRINITY_DN1512_c0_g1/TRINITY_DN1626_c0_g1/TRINITY_DN2313_c0_g1/TRINITY_DN2643_c0_g1/TRINITY_DN2715_c0_g1/TRINITY_DN2937_c0_g1/TRINITY_DN2948_c0_g1/TRINITY_DN3546_c0_g1/TRINITY_DN3821_c0_g1/TRINITY_DN4050_c0_g1/TRINITY_DN4137_c0_g1/TRINITY_DN4268_c0_g1/TRINITY_DN4797_c0_g1/TRINITY_DN4953_c0_g1/TRINITY_DN5079_c0_g1/TRINITY_DN6594_c0_g1/TRINITY_DN8876_c0_g1/TRINITY_DN8962_c0_g1/TRINITY_DN10814_c0_g1/TRINITY_DN15885_c0_g1	32	interaction_vs_self	significant	up	MF	FALSE
GO:0005198	structural molecule activity	17/388	199/2680	0.085427135678392	0.590063720665182	-2.472432388062	0.99683290468203	0.999803899735225	0.955436956816118	TRINITY_DN112_c0_g1/TRINITY_DN115_c0_g1/TRINITY_DN137_c0_g1/TRINITY_DN147_c0_g1/TRINITY_DN386_c0_g1/TRINITY_DN532_c0_g1/TRINITY_DN577_c0_g1/TRINITY_DN719_c0_g1/TRINITY_DN1040_c0_g1/TRINITY_DN1168_c0_g1/TRINITY_DN1221_c1_g2/TRINITY_DN1572_c0_g1/TRINITY_DN2648_c0_g2/TRINITY_DN2948_c0_g1/TRINITY_DN2956_c0_g1/TRINITY_DN4341_c0_g1/TRINITY_DN5150_c0_g1	17	interaction_vs_self	significant	up	MF	FALSE
GO:0001883	purine nucleoside binding	4/388	76/2680	0.0526315789473684	0.363537710255019	-2.31554857550972	0.997279053700055	0.999803899735225	0.955436956816118	TRINITY_DN116_c0_g1/TRINITY_DN566_c0_g1/TRINITY_DN2643_c0_g1/TRINITY_DN4137_c0_g1	4	interaction_vs_self	significant	up	MF	FALSE
GO:0032550	purine ribonucleoside binding	4/388	76/2680	0.0526315789473684	0.363537710255019	-2.31554857550972	0.997279053700055	0.999803899735225	0.955436956816118	TRINITY_DN116_c0_g1/TRINITY_DN566_c0_g1/TRINITY_DN2643_c0_g1/TRINITY_DN4137_c0_g1	4	interaction_vs_self	significant	up	MF	FALSE
GO:0032561	guanyl ribonucleotide binding	4/388	76/2680	0.0526315789473684	0.363537710255019	-2.31554857550972	0.997279053700055	0.999803899735225	0.955436956816118	TRINITY_DN116_c0_g1/TRINITY_DN566_c0_g1/TRINITY_DN2643_c0_g1/TRINITY_DN4137_c0_g1	4	interaction_vs_self	significant	up	MF	FALSE
GO:0001882	nucleoside binding	4/388	77/2680	0.051948051948052	0.358816441290668	-2.34847298676148	0.997595480902272	0.999803899735225	0.955436956816118	TRINITY_DN116_c0_g1/TRINITY_DN566_c0_g1/TRINITY_DN2643_c0_g1/TRINITY_DN4137_c0_g1	4	interaction_vs_self	significant	up	MF	FALSE
GO:0019001	guanyl nucleotide binding	4/388	77/2680	0.051948051948052	0.358816441290668	-2.34847298676148	0.997595480902272	0.999803899735225	0.955436956816118	TRINITY_DN116_c0_g1/TRINITY_DN566_c0_g1/TRINITY_DN2643_c0_g1/TRINITY_DN4137_c0_g1	4	interaction_vs_self	significant	up	MF	FALSE
GO:0032549	ribonucleoside binding	4/388	77/2680	0.051948051948052	0.358816441290668	-2.34847298676148	0.997595480902272	0.999803899735225	0.955436956816118	TRINITY_DN116_c0_g1/TRINITY_DN566_c0_g1/TRINITY_DN2643_c0_g1/TRINITY_DN4137_c0_g1	4	interaction_vs_self	significant	up	MF	FALSE
GO:0051020	GTPase binding	4/388	77/2680	0.051948051948052	0.358816441290668	-2.34847298676148	0.997595480902272	0.999803899735225	0.955436956816118	TRINITY_DN424_c0_g1/TRINITY_DN688_c0_g1/TRINITY_DN1714_c0_g1/TRINITY_DN3507_c0_g1	4	interaction_vs_self	significant	up	MF	FALSE
GO:0003735	structural constituent of ribosome	7/388	120/2680	0.0583333333333333	0.402920962199313	-2.75294400299071	0.999304781272956	0.999803899735225	0.955436956816118	TRINITY_DN137_c0_g1/TRINITY_DN147_c0_g1/TRINITY_DN532_c0_g1/TRINITY_DN1168_c0_g1/TRINITY_DN1221_c1_g2/TRINITY_DN1572_c0_g1/TRINITY_DN5150_c0_g1	7	interaction_vs_self	significant	up	MF	FALSE
GO:0031267	small GTPase binding	1/388	54/2680	0.0185185185185185	0.12791141657121	-2.66320767137703	0.999803899735225	0.999803899735225	0.955436956816118	TRINITY_DN424_c0_g1	1	interaction_vs_self	significant	up	MF	FALSE
