ID	Description	GeneRatio	BgRatio	RichFactor	FoldEnrichment	zScore	pvalue	p.adjust	qvalue	geneID	Count	contrast	gene_set	direction	significant_padj_0.05	pathway_class	pathway_type
Carbon fixation	Carbon fixation	18/430	23/1145	0.782608695652174	2.08392315470172	4.07061662909163	7.09637999406387e-05	0.00674156099436068	0.0064240913630473	gene_231/gene_466/gene_643/gene_681/gene_1181/gene_1194/gene_1596/gene_2953/gene_4448/gene_5119/gene_5121/gene_5122/gene_5156/gene_6431/gene_6501/gene_7307/gene_7887/gene_8166	18	interaction_vs_self	significant	up	TRUE	Energy Metabolism	METABOLIC
Glutamate metabolism	Glutamate metabolism	17/430	26/1145	0.653846153846154	1.74105545617174	2.96289703274382	0.00336372642024525	0.116194178062651	0.110722430065241	gene_643/gene_1194/gene_1950/gene_3342/gene_3607/gene_3627/gene_3658/gene_4303/gene_4892/gene_5549/gene_5918/gene_6501/gene_6547/gene_6735/gene_6968/gene_7434/gene_7443	17	interaction_vs_self	significant	up	FALSE	Amino Acid Metabolism	METABOLIC
Glycolysis / Gluconeogenesis	Glycolysis / Gluconeogenesis	31/430	57/1145	0.543859649122807	1.44818441452468	2.69075371945397	0.00596634897265927	0.116194178062651	0.110722430065241	gene_7/gene_466/gene_681/gene_777/gene_1207/gene_1436/gene_1552/gene_1968/gene_2001/gene_2043/gene_2296/gene_2889/gene_2905/gene_2953/gene_3385/gene_3428/gene_4055/gene_4258/gene_4567/gene_4591/gene_5119/gene_5122/gene_5570/gene_6002/gene_6304/gene_6431/gene_7157/gene_7307/gene_7563/gene_8411/gene_8436	31	interaction_vs_self	significant	up	FALSE	Carbohydrate Metabolism	METABOLIC
Fructose and mannose metabolism	Fructose and mannose metabolism	35/430	66/1145	0.53030303030303	1.41208597603946	2.67327292321819	0.00606882859132641	0.116194178062651	0.110722430065241	gene_7/gene_131/gene_184/gene_364/gene_466/gene_681/gene_851/gene_1150/gene_3020/gene_3111/gene_3385/gene_3431/gene_3677/gene_3900/gene_4108/gene_4337/gene_5119/gene_5122/gene_5129/gene_5359/gene_5364/gene_5494/gene_5597/gene_5895/gene_6198/gene_7157/gene_7307/gene_7622/gene_7634/gene_7836/gene_8033/gene_8197/gene_8301/gene_8537/gene_8594	35	interaction_vs_self	significant	up	FALSE	Carbohydrate Metabolism	METABOLIC
Alanine and aspartate metabolism	Alanine and aspartate metabolism	15/430	23/1145	0.652173913043478	1.7366026289181	2.76627258796013	0.006115483055929	0.116194178062651	0.110722430065241	gene_643/gene_814/gene_1194/gene_1831/gene_2291/gene_3607/gene_3837/gene_4029/gene_4141/gene_4167/gene_4303/gene_6501/gene_6968/gene_7046/gene_7062	15	interaction_vs_self	significant	up	FALSE	Amino Acid Metabolism	METABOLIC
Pentose phosphate pathway	Pentose phosphate pathway	16/430	28/1145	0.571428571428571	1.52159468438538	2.16610649734434	0.0260655324026961	0.394279083205685	0.375711924162758	gene_466/gene_934/gene_1181/gene_1514/gene_1735/gene_3385/gene_4112/gene_4786/gene_5119/gene_5121/gene_5156/gene_5570/gene_6002/gene_7307/gene_7580/gene_7887	16	interaction_vs_self	significant	up	FALSE	Carbohydrate Metabolism	METABOLIC
Glycine, serine and threonine metabolism	Glycine, serine and threonine metabolism	27/430	53/1145	0.509433962264151	1.3565160157964	2.06015491730367	0.0290521429730505	0.394279083205685	0.375711924162758	gene_184/gene_1572/gene_1714/gene_2059/gene_2065/gene_2095/gene_2176/gene_2603/gene_3005/gene_3505/gene_3757/gene_3997/gene_4108/gene_4255/gene_4337/gene_5342/gene_5610/gene_5744/gene_6198/gene_6359/gene_6435/gene_7461/gene_7570/gene_7698/gene_8033/gene_8349/gene_8436	27	interaction_vs_self	significant	up	FALSE	Amino Acid Metabolism	METABOLIC
Oxidative phosphorylation	Oxidative phosphorylation	6/430	8/1145	0.75	1.99709302325581	2.19378800593316	0.0357811535772866	0.400892241931773	0.382013659901745	gene_161/gene_1259/gene_2234/gene_2383/gene_3052/gene_5369	6	interaction_vs_self	significant	up	FALSE	Energy Metabolism	METABOLIC
Citrate cycle (TCA cycle)	Citrate cycle (TCA cycle)	9/430	14/1145	0.642857142857143	1.71179401993356	2.07721413634385	0.0379792650251153	0.400892241931773	0.382013659901745	gene_231/gene_1596/gene_2333/gene_2383/gene_4089/gene_4730/gene_7678/gene_8425/gene_8436	9	interaction_vs_self	significant	up	FALSE	Carbohydrate Metabolism	METABOLIC
beta-Alanine metabolism	beta-Alanine metabolism	12/430	21/1145	0.571428571428571	1.52159468438538	1.87005279521078	0.0521547637773044	0.495470255884392	0.472137861562966	gene_334/gene_873/gene_1203/gene_1207/gene_2043/gene_4055/gene_4303/gene_4308/gene_4567/gene_6203/gene_6968/gene_7226	12	interaction_vs_self	significant	up	FALSE	Metabolism of Other Amino Acids	METABOLIC
Phenylalanine metabolism	Phenylalanine metabolism	17/430	33/1145	0.515151515151515	1.37174066243834	1.67972762195971	0.068703683991326	0.593349998106907	0.565408308445362	gene_1194/gene_1531/gene_1968/gene_2029/gene_2632/gene_2762/gene_2889/gene_2941/gene_3769/gene_5063/gene_5279/gene_5827/gene_6196/gene_6501/gene_7563/gene_7764/gene_8370	17	interaction_vs_self	significant	up	FALSE	Amino Acid Metabolism	METABOLIC
Sterol biosynthesis	Sterol biosynthesis	12/430	22/1145	0.545454545454545	1.45243128964059	1.66099495750294	0.0768061243208325	0.60804848420659	0.579414622069438	gene_1205/gene_1531/gene_1746/gene_2498/gene_2632/gene_3946/gene_4257/gene_6362/gene_6477/gene_6533/gene_7231/gene_7764	12	interaction_vs_self	significant	up	FALSE	Lipid Metabolism	METABOLIC
Methionine metabolism	Methionine metabolism	10/430	18/1145	0.555555555555556	1.47932816537468	1.58891791812695	0.0910943541008419	0.628209968743534	0.598626673816553	gene_885/gene_1256/gene_1833/gene_1963/gene_3505/gene_5159/gene_6120/gene_6884/gene_7780/gene_8184	10	interaction_vs_self	significant	up	FALSE	Amino Acid Metabolism	METABOLIC
Aminoacyl-tRNA biosynthesis	Aminoacyl-tRNA biosynthesis	19/430	39/1145	0.487179487179487	1.29725700655933	1.46413478648013	0.0985382374224452	0.628209968743534	0.598626673816553	gene_463/gene_814/gene_2065/gene_2095/gene_2176/gene_2291/gene_3005/gene_3626/gene_4029/gene_4832/gene_4892/gene_5375/gene_5744/gene_6093/gene_6359/gene_6665/gene_7062/gene_7443/gene_7780	19	interaction_vs_self	significant	up	FALSE	TRANSLATION	REGULATORY
Nitrogen metabolism	Nitrogen metabolism	9/430	16/1145	0.5625	1.49781976744186	1.55445937719268	0.0991910476963475	0.628209968743534	0.598626673816553	gene_2459/gene_3658/gene_3837/gene_4141/gene_5159/gene_5342/gene_5344/gene_6735/gene_7930	9	interaction_vs_self	significant	up	FALSE	Energy Metabolism	METABOLIC
Ascorbate and aldarate metabolism	Ascorbate and aldarate metabolism	18/430	37/1145	0.486486486486487	1.29541169076053	1.4159661760296	0.10775073821307	0.639770008140103	0.60964233462658	gene_184/gene_900/gene_1207/gene_1403/gene_1514/gene_2043/gene_3671/gene_4055/gene_4108/gene_4337/gene_4567/gene_5065/gene_6198/gene_6483/gene_7242/gene_7580/gene_7957/gene_8033	18	interaction_vs_self	significant	up	FALSE	Carbohydrate Metabolism	METABOLIC
Alkaloid biosynthesis I	Alkaloid biosynthesis I	7/430	12/1145	0.583333333333333	1.55329457364341	1.49357246381975	0.117354775668752	0.655806099325377	0.624923263623074	gene_1194/gene_1531/gene_2632/gene_2753/gene_2762/gene_6501/gene_7764	7	interaction_vs_self	significant	up	FALSE	Biosynthesis of Secondary Metabolites	METABOLIC
Butanoate metabolism	Butanoate metabolism	25/430	56/1145	0.446428571428571	1.18874584717608	1.12266891463447	0.163004163859954	0.710026866049659	0.676590697842334	gene_184/gene_873/gene_1114/gene_1207/gene_2043/gene_2154/gene_2296/gene_3710/gene_4055/gene_4065/gene_4108/gene_4303/gene_4308/gene_4337/gene_4567/gene_5907/gene_5918/gene_6198/gene_6203/gene_6304/gene_6968/gene_6973/gene_7226/gene_7836/gene_8033	25	interaction_vs_self	significant	up	FALSE	Carbohydrate Metabolism	METABOLIC
Pyruvate metabolism	Pyruvate metabolism	22/430	49/1145	0.448979591836735	1.19553868058851	1.08447529377564	0.174732460061018	0.710026866049659	0.676590697842334	gene_231/gene_777/gene_1114/gene_1207/gene_1552/gene_1596/gene_1933/gene_2043/gene_2296/gene_2953/gene_4055/gene_4567/gene_5184/gene_5494/gene_6248/gene_6270/gene_6290/gene_6304/gene_7634/gene_8166/gene_8436/gene_8537	22	interaction_vs_self	significant	up	FALSE	Carbohydrate Metabolism	METABOLIC
O-Glycans biosynthesis	O-Glycans biosynthesis	10/430	20/1145	0.5	1.33139534883721	1.1589891345278	0.176428150453845	0.710026866049659	0.676590697842334	gene_1150/gene_3431/gene_3677/gene_3900/gene_5129/gene_5359/gene_5364/gene_5597/gene_8285/gene_8301	10	interaction_vs_self	significant	up	FALSE	Metabolism of Complex Carbohydrates	METABOLIC
Valine, leucine and isoleucine biosynthesis	Valine, leucine and isoleucine biosynthesis	10/430	20/1145	0.5	1.33139534883721	1.1589891345278	0.176428150453845	0.710026866049659	0.676590697842334	gene_975/gene_2296/gene_2768/gene_3846/gene_4832/gene_5405/gene_6093/gene_6304/gene_7711/gene_7733	10	interaction_vs_self	significant	up	FALSE	Amino Acid Metabolism	METABOLIC
Propanoate metabolism	Propanoate metabolism	12/430	25/1145	0.48	1.27813953488372	1.08997851178185	0.188074853426198	0.710026866049659	0.676590697842334	gene_334/gene_873/gene_1114/gene_1207/gene_2043/gene_4055/gene_4308/gene_4567/gene_6203/gene_6290/gene_7226/gene_7861	12	interaction_vs_self	significant	up	FALSE	Carbohydrate Metabolism	METABOLIC
Glutathione metabolism	Glutathione metabolism	9/430	18/1145	0.5	1.33139534883721	1.09853759029532	0.195340910420479	0.710026866049659	0.676590697842334	gene_327/gene_828/gene_1726/gene_3878/gene_4703/gene_4786/gene_5782/gene_6089/gene_6547	9	interaction_vs_self	significant	up	FALSE	Metabolism of Other Amino Acids	METABOLIC
Phenylalanine, tyrosine and tryptophan biosynthesis	Phenylalanine, tyrosine and tryptophan biosynthesis	9/430	18/1145	0.5	1.33139534883721	1.09853759029532	0.195340910420479	0.710026866049659	0.676590697842334	gene_463/gene_1194/gene_1354/gene_2905/gene_3626/gene_5063/gene_6497/gene_6501/gene_6665	9	interaction_vs_self	significant	up	FALSE	Amino Acid Metabolism	METABOLIC
Urea cycle and metabolism of amino groups	Urea cycle and metabolism of amino groups	8/430	16/1145	0.5	1.33139534883721	1.03479339562023	0.216977810665801	0.710026866049659	0.676590697842334	gene_978/gene_1831/gene_2300/gene_4290/gene_7085/gene_7357/gene_8032/gene_8120	8	interaction_vs_self	significant	up	FALSE	Amino Acid Metabolism	METABOLIC
Fatty acid biosynthesis (path 1)	Fatty acid biosynthesis (path 1)	10/430	21/1145	0.476190476190476	1.26799557032115	0.96083392025692	0.229286514017623	0.710026866049659	0.676590697842334	gene_1406/gene_1440/gene_1892/gene_3211/gene_4453/gene_6806/gene_7336/gene_7695/gene_8490/gene_8491	10	interaction_vs_self	significant	up	FALSE	Lipid Metabolism	METABOLIC
Peptidoglycan biosynthesis	Peptidoglycan biosynthesis	10/430	21/1145	0.476190476190476	1.26799557032115	0.96083392025692	0.229286514017623	0.710026866049659	0.676590697842334	gene_1150/gene_3431/gene_3677/gene_3900/gene_5129/gene_5359/gene_5364/gene_5597/gene_6735/gene_8301	10	interaction_vs_self	significant	up	FALSE	Metabolism of Complex Carbohydrates	METABOLIC
Cysteine metabolism	Cysteine metabolism	4/430	7/1145	0.571428571428571	1.52159468438538	1.07301369489591	0.243414464803653	0.710026866049659	0.676590697842334	gene_533/gene_1194/gene_5159/gene_6501	4	interaction_vs_self	significant	up	FALSE	Amino Acid Metabolism	METABOLIC
Erythromycin biosynthesis	Erythromycin biosynthesis	4/430	7/1145	0.571428571428571	1.52159468438538	1.07301369489591	0.243414464803653	0.710026866049659	0.676590697842334	gene_7/gene_3007/gene_6002/gene_7157	4	interaction_vs_self	significant	up	FALSE	Biosynthesis of Secondary Metabolites	METABOLIC
Arginine and proline metabolism	Arginine and proline metabolism	29/430	69/1145	0.420289855072464	1.11914391641389	0.79137896168705	0.251941055982202	0.710026866049659	0.676590697842334	gene_1194/gene_1207/gene_1561/gene_1831/gene_2029/gene_2043/gene_2059/gene_2272/gene_2300/gene_2644/gene_2656/gene_2941/gene_3769/gene_4055/gene_4567/gene_4675/gene_4843/gene_4978/gene_5375/gene_5610/gene_5827/gene_6196/gene_6365/gene_6501/gene_7085/gene_7357/gene_7384/gene_8120/gene_8370	29	interaction_vs_self	significant	up	FALSE	Amino Acid Metabolism	METABOLIC
Blood group glycolipid biosynthesis - lact series	Blood group glycolipid biosynthesis - lact series	9/430	19/1145	0.473684210526316	1.26132190942472	0.890384614937633	0.254114878375667	0.710026866049659	0.676590697842334	gene_1150/gene_3431/gene_3677/gene_3900/gene_5129/gene_5359/gene_5364/gene_5597/gene_8301	9	interaction_vs_self	significant	up	FALSE	Metabolism of Complex Lipids	METABOLIC
Blood group glycolipid biosynthesis - neolact series	Blood group glycolipid biosynthesis - neolact series	9/430	19/1145	0.473684210526316	1.26132190942472	0.890384614937633	0.254114878375667	0.710026866049659	0.676590697842334	gene_1150/gene_3431/gene_3677/gene_3900/gene_5129/gene_5359/gene_5364/gene_5597/gene_8301	9	interaction_vs_self	significant	up	FALSE	Metabolism of Complex Lipids	METABOLIC
Chondroitin / heparan sulfate biosynthesis	Chondroitin / heparan sulfate biosynthesis	9/430	19/1145	0.473684210526316	1.26132190942472	0.890384614937633	0.254114878375667	0.710026866049659	0.676590697842334	gene_1150/gene_3431/gene_3677/gene_3900/gene_5129/gene_5359/gene_5364/gene_5597/gene_8301	9	interaction_vs_self	significant	up	FALSE	Metabolism of Complex Carbohydrates	METABOLIC
Keratan sulfate biosynthesis	Keratan sulfate biosynthesis	9/430	19/1145	0.473684210526316	1.26132190942472	0.890384614937633	0.254114878375667	0.710026866049659	0.676590697842334	gene_1150/gene_3431/gene_3677/gene_3900/gene_5129/gene_5359/gene_5364/gene_5597/gene_8301	9	interaction_vs_self	significant	up	FALSE	Metabolism of Complex Carbohydrates	METABOLIC
Tetrachloroethene degradation	Tetrachloroethene degradation	6/430	12/1145	0.5	1.33139534883721	0.894574050133718	0.271319624248616	0.736438980103385	0.701759028131758	gene_184/gene_4108/gene_4337/gene_6198/gene_7836/gene_8033	6	interaction_vs_self	significant	up	FALSE	Biodegradation of Xenobiotics	METABOLIC
Globoside metabolism	Globoside metabolism	10/430	22/1145	0.454545454545455	1.21035940803383	0.772285038652069	0.287223795076852	0.751503649228825	0.716114280705584	gene_1150/gene_3431/gene_3677/gene_3900/gene_4490/gene_5129/gene_5359/gene_5364/gene_5597/gene_8301	10	interaction_vs_self	significant	up	FALSE	Metabolism of Complex Lipids	METABOLIC
Lysine degradation	Lysine degradation	25/430	60/1145	0.416666666666667	1.10949612403101	0.675388593125206	0.292690894962806	0.751503649228825	0.716114280705584	gene_184/gene_873/gene_1027/gene_1114/gene_1207/gene_1279/gene_1490/gene_2043/gene_3079/gene_4055/gene_4108/gene_4308/gene_4337/gene_4567/gene_5467/gene_6104/gene_6198/gene_6203/gene_7226/gene_7678/gene_7909/gene_8033/gene_8226/gene_8349/gene_8425	25	interaction_vs_self	significant	up	FALSE	Amino Acid Metabolism	METABOLIC
Sulfur metabolism	Sulfur metabolism	6/430	13/1145	0.461538461538462	1.22898032200358	0.643636765377017	0.353902711609446	0.8588667408792	0.818421492693753	gene_1523/gene_1560/gene_2471/gene_2848/gene_5159/gene_8184	6	interaction_vs_self	significant	up	FALSE	Energy Metabolism	METABOLIC
Galactose metabolism	Galactose metabolism	17/430	41/1145	0.414634146341463	1.10408394781622	0.52612067310711	0.354718304379386	0.8588667408792	0.818421492693753	gene_7/gene_184/gene_341/gene_2533/gene_3117/gene_3385/gene_4108/gene_4337/gene_5494/gene_6002/gene_6198/gene_6421/gene_6679/gene_7157/gene_7634/gene_8033/gene_8537	17	interaction_vs_self	significant	up	FALSE	Carbohydrate Metabolism	METABOLIC
Pentose and glucuronate interconversions	Pentose and glucuronate interconversions	13/430	31/1145	0.419354838709677	1.11665416354089	0.510425913338001	0.368714195872314	0.8588667408792	0.818421492693753	gene_1436/gene_1575/gene_3117/gene_4065/gene_5156/gene_5232/gene_5494/gene_5774/gene_5907/gene_6973/gene_7634/gene_7697/gene_8537	13	interaction_vs_self	significant	up	FALSE	Carbohydrate Metabolism	METABOLIC
Valine, leucine and isoleucine degradation	Valine, leucine and isoleucine degradation	14/430	34/1145	0.411764705882353	1.09644322845417	0.442535778039286	0.391432460053591	0.8588667408792	0.818421492693753	gene_334/gene_873/gene_1207/gene_2043/gene_2768/gene_3846/gene_4055/gene_4308/gene_4567/gene_5118/gene_6203/gene_7226/gene_8454/gene_8555	14	interaction_vs_self	significant	up	FALSE	Amino Acid Metabolism	METABOLIC
Fatty acid biosynthesis (path 2)	Fatty acid biosynthesis (path 2)	5/430	11/1145	0.454545454545455	1.21035940803383	0.543432958690121	0.399744421475821	0.8588667408792	0.818421492693753	gene_873/gene_1114/gene_4308/gene_6203/gene_7226	5	interaction_vs_self	significant	up	FALSE	Lipid Metabolism	METABOLIC
D-Arginine and D-ornithine metabolism	D-Arginine and D-ornithine metabolism	3/430	6/1145	0.5	1.33139534883721	0.630891085751067	0.4049675381094	0.8588667408792	0.818421492693753	gene_2059/gene_4591/gene_5610	3	interaction_vs_self	significant	up	FALSE	Metabolism of Other Amino Acids	METABOLIC
Reductive carboxylate cycle (CO2 fixation)	Reductive carboxylate cycle (CO2 fixation)	3/430	6/1145	0.5	1.33139534883721	0.630891085751067	0.4049675381094	0.8588667408792	0.818421492693753	gene_231/gene_1596/gene_4089	3	interaction_vs_self	significant	up	FALSE	Energy Metabolism	METABOLIC
Aminosugars metabolism	Aminosugars metabolism	18/430	45/1145	0.4	1.06511627906977	0.345456770884119	0.420766406922667	0.8588667408792	0.818421492693753	gene_7/gene_545/gene_546/gene_973/gene_1184/gene_1198/gene_1826/gene_1950/gene_2960/gene_3313/gene_3342/gene_4490/gene_6002/gene_6023/gene_6339/gene_7095/gene_7153/gene_7157	18	interaction_vs_self	significant	up	FALSE	Metabolism of Complex Carbohydrates	METABOLIC
Bile acid biosynthesis	Bile acid biosynthesis	18/430	45/1145	0.4	1.06511627906977	0.345456770884119	0.420766406922667	0.8588667408792	0.818421492693753	gene_184/gene_412/gene_1207/gene_1531/gene_2043/gene_2632/gene_3428/gene_4055/gene_4108/gene_4258/gene_4337/gene_4567/gene_6198/gene_6533/gene_7764/gene_7836/gene_7923/gene_8033	18	interaction_vs_self	significant	up	FALSE	Lipid Metabolism	METABOLIC
1,4-Dichlorobenzene degradation	1,4-Dichlorobenzene degradation	6/430	14/1145	0.428571428571429	1.14119601328904	0.412049478621301	0.437835434231915	0.8588667408792	0.818421492693753	gene_1531/gene_2632/gene_2943/gene_3352/gene_6265/gene_7764	6	interaction_vs_self	significant	up	FALSE	Biodegradation of Xenobiotics	METABOLIC
N-Glycans biosynthesis	N-Glycans biosynthesis	14/430	35/1145	0.4	1.06511627906977	0.303288768503478	0.44447674050968	0.8588667408792	0.818421492693753	gene_1150/gene_3431/gene_3591/gene_3677/gene_3900/gene_4381/gene_5116/gene_5129/gene_5359/gene_5364/gene_5532/gene_5597/gene_6341/gene_8301	14	interaction_vs_self	significant	up	FALSE	Metabolism of Complex Carbohydrates	METABOLIC
1,2-Dichloroethane degradation	1,2-Dichloroethane degradation	4/430	9/1145	0.444444444444444	1.18346253229974	0.428325264605932	0.45563307009604	0.8588667408792	0.818421492693753	gene_1207/gene_2043/gene_4055/gene_4567	4	interaction_vs_self	significant	up	FALSE	Biodegradation of Xenobiotics	METABOLIC
Selenoamino acid metabolism	Selenoamino acid metabolism	10/430	25/1145	0.4	1.06511627906977	0.255178915801771	0.47481459519816	0.8588667408792	0.818421492693753	gene_1256/gene_1963/gene_2471/gene_2848/gene_3505/gene_5033/gene_5159/gene_6340/gene_7769/gene_7780	10	interaction_vs_self	significant	up	FALSE	Metabolism of Other Amino Acids	METABOLIC
Styrene degradation	Styrene degradation	10/430	25/1145	0.4	1.06511627906977	0.255178915801771	0.47481459519816	0.8588667408792	0.818421492693753	gene_1531/gene_2029/gene_2632/gene_2941/gene_3769/gene_5827/gene_6196/gene_7205/gene_7764/gene_8370	10	interaction_vs_self	significant	up	FALSE	Biodegradation of Xenobiotics	METABOLIC
Tryptophan metabolism	Tryptophan metabolism	30/430	78/1145	0.384615384615385	1.02415026833631	0.171269989601811	0.476515684660761	0.8588667408792	0.818421492693753	gene_873/gene_1114/gene_1207/gene_1531/gene_2029/gene_2043/gene_2632/gene_2762/gene_2941/gene_3175/gene_3547/gene_3769/gene_4055/gene_4308/gene_4421/gene_4471/gene_4491/gene_4567/gene_5827/gene_6196/gene_6203/gene_6232/gene_6340/gene_7226/gene_7346/gene_7678/gene_7764/gene_7769/gene_8268/gene_8370	30	interaction_vs_self	significant	up	FALSE	Amino Acid Metabolism	METABOLIC
Caprolactam degradation	Caprolactam degradation	8/430	20/1145	0.4	1.06511627906977	0.227731198363356	0.494404848108871	0.8588667408792	0.818421492693753	gene_1436/gene_1514/gene_3274/gene_3964/gene_4620/gene_5649/gene_6158/gene_7580	8	interaction_vs_self	significant	up	FALSE	Biodegradation of Xenobiotics	METABOLIC
Nucleotide sugars metabolism	Nucleotide sugars metabolism	8/430	20/1145	0.4	1.06511627906977	0.227731198363356	0.494404848108871	0.8588667408792	0.818421492693753	gene_184/gene_3007/gene_3117/gene_3640/gene_4108/gene_4337/gene_6198/gene_8033	8	interaction_vs_self	significant	up	FALSE	Nucleotide Metabolism	METABOLIC
Cyanoamino acid metabolism	Cyanoamino acid metabolism	14/430	36/1145	0.388888888888889	1.03552971576227	0.167908015821453	0.497238639456379	0.8588667408792	0.818421492693753	gene_1687/gene_2029/gene_2941/gene_3512/gene_3594/gene_3769/gene_4141/gene_5827/gene_6196/gene_7160/gene_7738/gene_7836/gene_8349/gene_8370	14	interaction_vs_self	significant	up	FALSE	Metabolism of Other Amino Acids	METABOLIC
Sphingoglycolipid metabolism	Sphingoglycolipid metabolism	16/430	42/1145	0.380952380952381	1.01439645625692	0.0736862932452201	0.530247739291843	0.89952741487009	0.857167398103355	gene_1150/gene_1311/gene_2113/gene_3431/gene_3677/gene_3900/gene_4490/gene_5129/gene_5130/gene_5359/gene_5364/gene_5597/gene_6354/gene_6533/gene_7534/gene_8301	16	interaction_vs_self	significant	up	FALSE	Metabolism of Complex Lipids	METABOLIC
Inositol phosphate metabolism	Inositol phosphate metabolism	8/430	21/1145	0.380952380952381	1.01439645625692	0.0516150453030577	0.562365110841327	0.907722959023928	0.864977002504796	gene_1229/gene_3831/gene_3970/gene_4145/gene_5075/gene_6725/gene_7058/gene_7717	8	interaction_vs_self	significant	up	FALSE	Metabolism of Complex Lipids	METABOLIC
Riboflavin metabolism	Riboflavin metabolism	8/430	21/1145	0.380952380952381	1.01439645625692	0.0516150453030577	0.562365110841327	0.907722959023928	0.864977002504796	gene_1198/gene_2144/gene_2753/gene_3313/gene_4142/gene_5094/gene_5862/gene_7030	8	interaction_vs_self	significant	up	FALSE	Metabolism of Cofactors and Vitamins	METABOLIC
Histidine metabolism	Histidine metabolism	15/430	40/1145	0.375	0.998546511627907	-0.00725361728351259	0.56374373244644	0.907722959023928	0.864977002504796	gene_1207/gene_1531/gene_1968/gene_2043/gene_2632/gene_2762/gene_2889/gene_3587/gene_4055/gene_4567/gene_5063/gene_6340/gene_7563/gene_7764/gene_7769	15	interaction_vs_self	significant	up	FALSE	Amino Acid Metabolism	METABOLIC
One carbon pool by folate	One carbon pool by folate	5/430	13/1145	0.384615384615385	1.02415026833631	0.0678835650983572	0.577459986923881	0.914311645962812	0.87125541886761	gene_1986/gene_4718/gene_5342/gene_5992/gene_8349	5	interaction_vs_self	significant	up	FALSE	Metabolism of Cofactors and Vitamins	METABOLIC
2,4-Dichlorobenzoate degradation	2,4-Dichlorobenzoate degradation	3/430	8/1145	0.375	0.998546511627907	-0.00319794169961094	0.632114282347416	0.94292311350941	0.898519531986806	gene_4065/gene_5907/gene_6973	3	interaction_vs_self	significant	up	FALSE	Biodegradation of Xenobiotics	METABOLIC
Flavonoids, stilbene and lignin biosynthesis	Flavonoids, stilbene and lignin biosynthesis	13/430	36/1145	0.361111111111111	0.96156330749354	-0.181645944388663	0.634482290266748	0.94292311350941	0.898519531986806	gene_1531/gene_1687/gene_2632/gene_2703/gene_2753/gene_3594/gene_3671/gene_4310/gene_7160/gene_7224/gene_7242/gene_7738/gene_7764	13	interaction_vs_self	significant	up	FALSE	Biosynthesis of Secondary Metabolites	METABOLIC
Glyoxylate and dicarboxylate metabolism	Glyoxylate and dicarboxylate metabolism	5/430	14/1145	0.357142857142857	0.950996677740864	-0.143005407286217	0.655029182863863	0.94292311350941	0.898519531986806	gene_231/gene_320/gene_1596/gene_2603/gene_5506	5	interaction_vs_self	significant	up	FALSE	Carbohydrate Metabolism	METABOLIC
Methane metabolism	Methane metabolism	5/430	14/1145	0.357142857142857	0.950996677740864	-0.143005407286217	0.655029182863863	0.94292311350941	0.898519531986806	gene_320/gene_1531/gene_2632/gene_7764/gene_8349	5	interaction_vs_self	significant	up	FALSE	Energy Metabolism	METABOLIC
Toluene and xylene degradation	Toluene and xylene degradation	5/430	14/1145	0.357142857142857	0.950996677740864	-0.143005407286217	0.655029182863863	0.94292311350941	0.898519531986806	gene_3042/gene_3352/gene_7730/gene_7836/gene_8390	5	interaction_vs_self	significant	up	FALSE	Biodegradation of Xenobiotics	METABOLIC
Benzoate degradation via CoA ligation	Benzoate degradation via CoA ligation	23/430	64/1145	0.359375	0.956940406976744	-0.274815535427993	0.65508342622759	0.94292311350941	0.898519531986806	gene_88/gene_184/gene_873/gene_965/gene_1082/gene_1114/gene_2029/gene_2941/gene_3769/gene_4108/gene_4308/gene_4337/gene_5027/gene_5827/gene_6196/gene_6198/gene_6203/gene_6534/gene_6979/gene_7226/gene_7836/gene_8033/gene_8370	23	interaction_vs_self	significant	up	FALSE	Biodegradation of Xenobiotics	METABOLIC
Tyrosine metabolism	Tyrosine metabolism	21/430	59/1145	0.355932203389831	0.9477729601892	-0.31930132693724	0.67318984020999	0.954522907760433	0.909573075539028	gene_1194/gene_1531/gene_1968/gene_2459/gene_2632/gene_2753/gene_2762/gene_2889/gene_3428/gene_4258/gene_4485/gene_5063/gene_5279/gene_6340/gene_6501/gene_7205/gene_7563/gene_7764/gene_7769/gene_7836/gene_8612	21	interaction_vs_self	significant	up	FALSE	Amino Acid Metabolism	METABOLIC
Vitamin B6 metabolism	Vitamin B6 metabolism	8/430	23/1145	0.347826086956522	0.926188068756319	-0.277196841346725	0.684321535224643	0.95603743891678	0.91101628528358	gene_184/gene_1198/gene_1383/gene_3313/gene_4108/gene_4337/gene_6198/gene_8033	8	interaction_vs_self	significant	up	FALSE	Metabolism of Cofactors and Vitamins	METABOLIC
Biotin metabolism	Biotin metabolism	5/430	15/1145	0.333333333333333	0.887596899224806	-0.339686994000534	0.722818213161897	0.988406841327845	0.941861366805481	gene_1279/gene_1490/gene_6104/gene_7909/gene_8226	5	interaction_vs_self	significant	up	FALSE	Metabolism of Cofactors and Vitamins	METABOLIC
Pyrimidine metabolism	Pyrimidine metabolism	19/430	55/1145	0.345454545454545	0.919873150105708	-0.472106939447795	0.728299777820517	0.988406841327845	0.941861366805481	gene_56/gene_311/gene_548/gene_1409/gene_1785/gene_2541/gene_3627/gene_3657/gene_3805/gene_3824/gene_4553/gene_4827/gene_4830/gene_5742/gene_5747/gene_5992/gene_6780/gene_6903/gene_7960	19	interaction_vs_self	significant	up	FALSE	Nucleotide Metabolism	METABOLIC
Ubiquinone biosynthesis	Ubiquinone biosynthesis	9/430	27/1145	0.333333333333333	0.887596899224806	-0.458177218467813	0.741813260953254	0.99256703930365	0.945825655181318	gene_1531/gene_2459/gene_2632/gene_5852/gene_6340/gene_7764/gene_7769/gene_7836/gene_8319	9	interaction_vs_self	significant	up	FALSE	Metabolism of Cofactors and Vitamins	METABOLIC
Fatty acid metabolism	Fatty acid metabolism	15/430	45/1145	0.333333333333333	0.887596899224806	-0.596324187835682	0.772686998634548	0.999689477256376	0.95261268746868	gene_613/gene_873/gene_1035/gene_1114/gene_1207/gene_2043/gene_3428/gene_4055/gene_4258/gene_4308/gene_4491/gene_4567/gene_5183/gene_6203/gene_7226	15	interaction_vs_self	significant	up	FALSE	Lipid Metabolism	METABOLIC
Thiamine metabolism	Thiamine metabolism	2/430	7/1145	0.285714285714286	0.760797342192691	-0.492082713582836	0.80792544326723	0.999689477256376	0.95261268746868	gene_1198/gene_3313	2	interaction_vs_self	significant	up	FALSE	Metabolism of Cofactors and Vitamins	METABOLIC
DNA polymerase	DNA polymerase	6/430	20/1145	0.3	0.798837209302326	-0.703526737801083	0.824776709419926	0.999689477256376	0.95261268746868	gene_1409/gene_2541/gene_3657/gene_4553/gene_4827/gene_8319	6	interaction_vs_self	significant	up	FALSE	REPLICATION AND REPAIR	REGULATORY
Phospholipid degradation	Phospholipid degradation	4/430	14/1145	0.285714285714286	0.760797342192691	-0.698060293193734	0.835004284429772	0.999689477256376	0.95261268746868	gene_2016/gene_2709/gene_3919/gene_7584	4	interaction_vs_self	significant	up	FALSE	Metabolism of Complex Lipids	METABOLIC
Lysine biosynthesis	Lysine biosynthesis	4/430	15/1145	0.266666666666667	0.710077519379845	-0.876158177628965	0.875799219436272	0.999689477256376	0.95261268746868	gene_3236/gene_3997/gene_5467/gene_6747	4	interaction_vs_self	significant	up	FALSE	Amino Acid Metabolism	METABOLIC
Pantothenate and CoA biosynthesis	Pantothenate and CoA biosynthesis	11/430	37/1145	0.297297297297297	0.791640477686989	-0.998708058199604	0.880620016093194	0.999689477256376	0.95261268746868	gene_975/gene_1203/gene_1561/gene_1986/gene_2644/gene_2768/gene_3846/gene_4675/gene_5405/gene_5826/gene_6365	11	interaction_vs_self	significant	up	FALSE	Metabolism of Cofactors and Vitamins	METABOLIC
Starch and sucrose metabolism	Starch and sucrose metabolism	23/430	73/1145	0.315068493150685	0.83896145269194	-1.10227028719511	0.891241139626449	0.999689477256376	0.95261268746868	gene_7/gene_1004/gene_1575/gene_1687/gene_2318/gene_2533/gene_3117/gene_3262/gene_3564/gene_3594/gene_3977/gene_4140/gene_5443/gene_5570/gene_6002/gene_6653/gene_6758/gene_7022/gene_7032/gene_7157/gene_7160/gene_7686/gene_7738	23	interaction_vs_self	significant	up	FALSE	Metabolism of Complex Carbohydrates	METABOLIC
gamma-Hexachlorocyclohexane degradation	gamma-Hexachlorocyclohexane degradation	12/430	41/1145	0.292682926829268	0.779353374929098	-1.11531848413442	0.901543092621557	0.999689477256376	0.95261268746868	gene_1531/gene_2632/gene_3042/gene_3671/gene_4142/gene_4491/gene_5094/gene_5862/gene_7242/gene_7730/gene_7764/gene_8390	12	interaction_vs_self	significant	up	FALSE	Biodegradation of Xenobiotics	METABOLIC
N-Glycan degradation	N-Glycan degradation	2/430	9/1145	0.222222222222222	0.591731266149871	-0.953174532503342	0.908293242174043	0.999689477256376	0.95261268746868	gene_4490/gene_4849	2	interaction_vs_self	significant	up	FALSE	Metabolism of Complex Carbohydrates	METABOLIC
Synthesis and degradation of ketone bodies	Synthesis and degradation of ketone bodies	2/430	9/1145	0.222222222222222	0.591731266149871	-0.953174532503342	0.908293242174043	0.999689477256376	0.95261268746868	gene_1114/gene_3710	2	interaction_vs_self	significant	up	FALSE	Lipid Metabolism	METABOLIC
Androgen and estrogen metabolism	Androgen and estrogen metabolism	5/430	20/1145	0.25	0.665697674418605	-1.1691557058833	0.923494981113219	0.999689477256376	0.95261268746868	gene_1531/gene_2632/gene_6340/gene_7764/gene_7769	5	interaction_vs_self	significant	up	FALSE	Lipid Metabolism	METABOLIC
Nicotinate and nicotinamide metabolism	Nicotinate and nicotinamide metabolism	9/430	33/1145	0.272727272727273	0.726215644820296	-1.2371074523817	0.925018335527682	0.999689477256376	0.95261268746868	gene_1198/gene_1561/gene_2644/gene_3313/gene_4675/gene_5761/gene_6037/gene_6365/gene_6780	9	interaction_vs_self	significant	up	FALSE	Metabolism of Cofactors and Vitamins	METABOLIC
Aminophosphonate metabolism	Aminophosphonate metabolism	4/430	17/1145	0.235294117647059	0.626538987688099	-1.20256732673703	0.93191589631728	0.999689477256376	0.95261268746868	gene_3845/gene_4047/gene_6340/gene_7769	4	interaction_vs_self	significant	up	FALSE	Metabolism of Other Amino Acids	METABOLIC
Porphyrin and chlorophyll metabolism	Porphyrin and chlorophyll metabolism	11/430	40/1145	0.275	0.732267441860465	-1.33611630362305	0.936302910805452	0.999689477256376	0.95261268746868	gene_978/gene_1198/gene_3313/gene_4434/gene_4583/gene_6340/gene_6475/gene_7443/gene_7769/gene_7918/gene_8248	11	interaction_vs_self	significant	up	FALSE	Metabolism of Cofactors and Vitamins	METABOLIC
Glycosaminoglycan degradation	Glycosaminoglycan degradation	1/430	6/1145	0.166666666666667	0.443798449612403	-1.05886398602664	0.941174261866463	0.999689477256376	0.95261268746868	gene_4490	1	interaction_vs_self	significant	up	FALSE	Metabolism of Complex Carbohydrates	METABOLIC
Glycerolipid metabolism	Glycerolipid metabolism	39/430	124/1145	0.314516129032258	0.837490622655664	-1.48549302503443	0.944727578124945	0.999689477256376	0.95261268746868	gene_184/gene_335/gene_681/gene_1150/gene_1207/gene_1329/gene_1436/gene_2043/gene_2592/gene_2709/gene_3123/gene_3126/gene_3428/gene_3431/gene_3677/gene_3845/gene_3900/gene_3919/gene_4047/gene_4055/gene_4108/gene_4258/gene_4337/gene_4567/gene_5122/gene_5129/gene_5264/gene_5328/gene_5359/gene_5364/gene_5386/gene_5494/gene_5597/gene_5949/gene_6198/gene_7634/gene_8033/gene_8301/gene_8537	39	interaction_vs_self	significant	up	FALSE	Metabolism of Complex Lipids	METABOLIC
Lipopolysaccharide biosynthesis	Lipopolysaccharide biosynthesis	4/430	18/1145	0.222222222222222	0.591731266149871	-1.35336404886285	0.950315030465029	0.999689477256376	0.95261268746868	gene_1561/gene_2644/gene_4675/gene_6365	4	interaction_vs_self	significant	up	FALSE	Metabolism of Complex Carbohydrates	METABOLIC
Purine metabolism	Purine metabolism	29/430	96/1145	0.302083333333333	0.804384689922481	-1.55219018857474	0.953462456401295	0.999689477256376	0.95261268746868	gene_590/gene_1409/gene_1638/gene_1785/gene_1926/gene_2139/gene_2541/gene_2848/gene_2953/gene_3024/gene_3504/gene_3657/gene_3884/gene_4021/gene_4301/gene_4431/gene_4553/gene_4718/gene_4827/gene_5549/gene_5742/gene_6695/gene_6780/gene_6845/gene_6903/gene_7046/gene_7434/gene_7791/gene_8492	29	interaction_vs_self	significant	up	FALSE	Nucleotide Metabolism	METABOLIC
Benzoate degradation via hydroxylation	Benzoate degradation via hydroxylation	2/430	12/1145	0.166666666666667	0.443798449612403	-1.50141960461039	0.971722541519996	0.999689477256376	0.95261268746868	gene_3352/gene_7836	2	interaction_vs_self	significant	up	FALSE	Biodegradation of Xenobiotics	METABOLIC
Sphingophospholipid biosynthesis	Sphingophospholipid biosynthesis	1/430	8/1145	0.125	0.332848837209302	-1.46785524012146	0.977218574689073	0.999689477256376	0.95261268746868	gene_4047	1	interaction_vs_self	significant	up	FALSE	Metabolism of Complex Lipids	METABOLIC
Folate biosynthesis	Folate biosynthesis	2/430	17/1145	0.117647058823529	0.313269493844049	-2.21131427846883	0.996442093485435	0.999689477256376	0.95261268746868	gene_5992/gene_7845	2	interaction_vs_self	significant	up	FALSE	Metabolism of Cofactors and Vitamins	METABOLIC
Fluorene degradation	Fluorene degradation	2/430	21/1145	0.0952380952380952	0.25359911406423	-2.67604157955853	0.99936502513211	0.999689477256376	0.95261268746868	gene_3671/gene_7242	2	interaction_vs_self	significant	up	FALSE	Biodegradation of Xenobiotics	METABOLIC
Nitorobenzene degradation	Nitorobenzene degradation	3/430	26/1145	0.115384615384615	0.307245080500894	-2.76978123338574	0.999421124481252	0.999689477256376	0.95261268746868	gene_3042/gene_7730/gene_8390	3	interaction_vs_self	significant	up	FALSE	Biodegradation of Xenobiotics	METABOLIC
Ethylbenzene degradation	Ethylbenzene degradation	1/430	17/1145	0.0588235294117647	0.156634746922025	-2.71568775433472	0.999689477256376	0.999689477256376	0.95261268746868	gene_7861	1	interaction_vs_self	significant	up	FALSE	Biodegradation of Xenobiotics	METABOLIC
Ethylbenzene degradation	Ethylbenzene degradation	11/316	17/1145	0.647058823529412	2.3445644080417	3.44691687338397	0.0014210259369287	0.0674987320041132	0.0643201213557201	gene_430/gene_1107/gene_1901/gene_3441/gene_4025/gene_4064/gene_4970/gene_5036/gene_6527/gene_7462/gene_8586	11	interaction_vs_self	significant	down	FALSE	Biodegradation of Xenobiotics	METABOLIC
Folate biosynthesis	Folate biosynthesis	11/316	17/1145	0.647058823529412	2.3445644080417	3.44691687338397	0.0014210259369287	0.0674987320041132	0.0643201213557201	gene_375/gene_1769/gene_3127/gene_3682/gene_3720/gene_4336/gene_4488/gene_5208/gene_7000/gene_7961/gene_8108	11	interaction_vs_self	significant	down	FALSE	Metabolism of Cofactors and Vitamins	METABOLIC
Benzoate degradation via hydroxylation	Benzoate degradation via hydroxylation	8/316	12/1145	0.666666666666667	2.41561181434599	3.04227966700302	0.00522060758143478	0.165319240078768	0.157534123509962	gene_460/gene_3938/gene_6790/gene_6858/gene_7401/gene_7933/gene_8470/gene_8471	8	interaction_vs_self	significant	down	FALSE	Biodegradation of Xenobiotics	METABOLIC
N-Glycan degradation	N-Glycan degradation	6/316	9/1145	0.666666666666667	2.41561181434599	2.63121027119115	0.0162441677159783	0.350421609623184	0.333919760970569	gene_705/gene_928/gene_2690/gene_6122/gene_6171/gene_7248	6	interaction_vs_self	significant	down	FALSE	Metabolism of Complex Carbohydrates	METABOLIC
Methane metabolism	Methane metabolism	8/316	14/1145	0.571428571428571	2.07052441229656	2.48718780166823	0.0184432426117465	0.350421609623184	0.333919760970569	gene_1157/gene_4253/gene_5766/gene_5980/gene_6240/gene_6609/gene_7620/gene_7987	8	interaction_vs_self	significant	down	FALSE	Energy Metabolism	METABOLIC
Androgen and estrogen metabolism	Androgen and estrogen metabolism	10/316	20/1145	0.5	1.81170886075949	2.26005137579243	0.0265194724172044	0.368895720458157	0.351523899827163	gene_152/gene_2914/gene_4155/gene_4253/gene_5762/gene_5766/gene_7325/gene_7651/gene_7987/gene_8175	10	interaction_vs_self	significant	down	FALSE	Lipid Metabolism	METABOLIC
Benzoate degradation via CoA ligation	Benzoate degradation via CoA ligation	25/316	64/1145	0.390625	1.41539754746835	2.11067009254215	0.0271817899284957	0.368895720458157	0.351523899827163	gene_2/gene_430/gene_949/gene_972/gene_1107/gene_2418/gene_2629/gene_2964/gene_3441/gene_3703/gene_3938/gene_4064/gene_4970/gene_5009/gene_5036/gene_5461/gene_5481/gene_5515/gene_7103/gene_7462/gene_7983/gene_7989/gene_8270/gene_8385/gene_8586	25	interaction_vs_self	significant	down	FALSE	Biodegradation of Xenobiotics	METABOLIC
Ubiquinone biosynthesis	Ubiquinone biosynthesis	12/316	27/1145	0.444444444444444	1.61040787623066	1.98089017228621	0.0430530057064312	0.47962912591398	0.457042712782297	gene_58/gene_152/gene_249/gene_2914/gene_3938/gene_4253/gene_5762/gene_5766/gene_7651/gene_7928/gene_7987/gene_8175	12	interaction_vs_self	significant	down	FALSE	Metabolism of Cofactors and Vitamins	METABOLIC
Starch and sucrose metabolism	Starch and sucrose metabolism	27/316	73/1145	0.36986301369863	1.34016819837004	1.85368969455731	0.0454385487707981	0.47962912591398	0.457042712782297	gene_559/gene_631/gene_648/gene_1109/gene_1388/gene_1439/gene_1769/gene_2886/gene_2946/gene_2947/gene_2958/gene_3127/gene_3418/gene_3731/gene_4052/gene_4488/gene_4862/gene_5037/gene_5208/gene_5659/gene_5694/gene_6311/gene_7117/gene_7979/gene_8108/gene_8385/gene_8563	27	interaction_vs_self	significant	down	FALSE	Metabolism of Complex Carbohydrates	METABOLIC
Glycosaminoglycan degradation	Glycosaminoglycan degradation	4/316	6/1145	0.666666666666667	2.41561181434599	2.14554303468453	0.0525444766410972	0.499172528090423	0.475665788540459	gene_705/gene_2690/gene_6122/gene_7248	4	interaction_vs_self	significant	down	FALSE	Metabolism of Complex Carbohydrates	METABOLIC
1,4-Dichlorobenzene degradation	1,4-Dichlorobenzene degradation	7/316	14/1145	0.5	1.81170886075949	1.88587233863822	0.0615477435835032	0.531548694584801	0.506517315615433	gene_981/gene_1501/gene_4253/gene_5766/gene_6858/gene_7987/gene_8471	7	interaction_vs_self	significant	down	FALSE	Biodegradation of Xenobiotics	METABOLIC
Glycerolipid metabolism	Glycerolipid metabolism	41/316	124/1145	0.330645161290323	1.19806553695386	1.44140550193499	0.0922277396256033	0.730136272036026	0.695753123491394	gene_375/gene_430/gene_705/gene_972/gene_1066/gene_1107/gene_1202/gene_1225/gene_1502/gene_1566/gene_1588/gene_1752/gene_1864/gene_2056/gene_2100/gene_2128/gene_2690/gene_2806/gene_3019/gene_3682/gene_4069/gene_4151/gene_4697/gene_4760/gene_5555/gene_5622/gene_5795/gene_6122/gene_6213/gene_6245/gene_6336/gene_6470/gene_6766/gene_6771/gene_6816/gene_6840/gene_6880/gene_7217/gene_7248/gene_8309/gene_8589	41	interaction_vs_self	significant	down	FALSE	Metabolism of Complex Lipids	METABOLIC
RNA polymerase	RNA polymerase	5/316	10/1145	0.5	1.81170886075949	1.59104200041388	0.111218370255791	0.812749628792318	0.774476100566641	gene_416/gene_2555/gene_2869/gene_4519/gene_5137	5	interaction_vs_self	significant	down	FALSE	TRANSCRIPTION	REGULATORY
gamma-Hexachlorocyclohexane degradation	gamma-Hexachlorocyclohexane degradation	15/316	41/1145	0.365853658536585	1.32564062982402	1.31046451630924	0.129637208715242	0.879681059139142	0.838255635301565	gene_33/gene_168/gene_375/gene_1474/gene_1576/gene_3682/gene_4253/gene_4321/gene_4473/gene_5385/gene_5766/gene_7374/gene_7987/gene_7997/gene_8585	15	interaction_vs_self	significant	down	FALSE	Biodegradation of Xenobiotics	METABOLIC
Toluene and xylene degradation	Toluene and xylene degradation	6/316	14/1145	0.428571428571429	1.55289330922242	1.28455687560821	0.161557138176846	0.999646603425372	0.952571832626947	gene_1576/gene_3938/gene_6858/gene_7374/gene_7997/gene_8471	6	interaction_vs_self	significant	down	FALSE	Biodegradation of Xenobiotics	METABOLIC
Phenylalanine metabolism	Phenylalanine metabolism	12/316	33/1145	0.363636363636364	1.31760644418872	1.142544621425	0.171268163630854	0.999646603425372	0.952571832626947	gene_2/gene_430/gene_1107/gene_1876/gene_2418/gene_2964/gene_2965/gene_4253/gene_5515/gene_5766/gene_7987/gene_7989	12	interaction_vs_self	significant	down	FALSE	Amino Acid Metabolism	METABOLIC
Fatty acid biosynthesis (path 1)	Fatty acid biosynthesis (path 1)	8/316	21/1145	0.380952380952381	1.38034960819771	1.08564729154949	0.197544563382113	0.999646603425372	0.952571832626947	gene_3066/gene_3439/gene_4914/gene_5098/gene_6041/gene_7936/gene_8124/gene_8242	8	interaction_vs_self	significant	down	FALSE	Lipid Metabolism	METABOLIC
Fluorene degradation	Fluorene degradation	8/316	21/1145	0.380952380952381	1.38034960819771	1.08564729154949	0.197544563382113	0.999646603425372	0.952571832626947	gene_168/gene_460/gene_1069/gene_2554/gene_5899/gene_7971/gene_7994/gene_8587	8	interaction_vs_self	significant	down	FALSE	Biodegradation of Xenobiotics	METABOLIC
Pentose and glucuronate interconversions	Pentose and glucuronate interconversions	11/316	31/1145	0.354838709677419	1.28572886892609	0.995340468096501	0.211071144310637	0.999646603425372	0.952571832626947	gene_1864/gene_2717/gene_4745/gene_5555/gene_5622/gene_6170/gene_6213/gene_6771/gene_6795/gene_6989/gene_7318	11	interaction_vs_self	significant	down	FALSE	Carbohydrate Metabolism	METABOLIC
Galactose metabolism	Galactose metabolism	14/316	41/1145	0.341463414634146	1.23726458783575	0.954815814916946	0.215657854730464	0.999646603425372	0.952571832626947	gene_129/gene_705/gene_778/gene_972/gene_1109/gene_2690/gene_4052/gene_4862/gene_5555/gene_6122/gene_6771/gene_7248/gene_7824/gene_8563	14	interaction_vs_self	significant	down	FALSE	Carbohydrate Metabolism	METABOLIC
Fatty acid metabolism	Fatty acid metabolism	15/316	45/1145	0.333333333333333	1.207805907173	0.877702006911303	0.235969781054489	0.999646603425372	0.952571832626947	gene_929/gene_1225/gene_1474/gene_1566/gene_2106/gene_2229/gene_4321/gene_4473/gene_5461/gene_6790/gene_7217/gene_7401/gene_7933/gene_8585/gene_8589	15	interaction_vs_self	significant	down	FALSE	Lipid Metabolism	METABOLIC
Nitorobenzene degradation	Nitorobenzene degradation	9/316	26/1145	0.346153846153846	1.2542599805258	0.809336129964804	0.271682939406739	0.999646603425372	0.952571832626947	gene_1069/gene_1576/gene_2554/gene_5899/gene_7374/gene_7971/gene_7994/gene_7997/gene_8587	9	interaction_vs_self	significant	down	FALSE	Biodegradation of Xenobiotics	METABOLIC
Tryptophan metabolism	Tryptophan metabolism	24/316	78/1145	0.307692307692308	1.11489776046738	0.648717992715868	0.29809810053222	0.999646603425372	0.952571832626947	gene_2/gene_152/gene_249/gene_1157/gene_1474/gene_2418/gene_2914/gene_2964/gene_4253/gene_4321/gene_4473/gene_5084/gene_5205/gene_5461/gene_5515/gene_5762/gene_5766/gene_6240/gene_7651/gene_7987/gene_7989/gene_8175/gene_8585/gene_8589	24	interaction_vs_self	significant	down	FALSE	Amino Acid Metabolism	METABOLIC
Caprolactam degradation	Caprolactam degradation	7/316	20/1145	0.35	1.26819620253165	0.746742121241357	0.301108472563028	0.999646603425372	0.952571832626947	gene_1864/gene_4967/gene_5622/gene_5800/gene_6213/gene_7693/gene_8625	7	interaction_vs_self	significant	down	FALSE	Biodegradation of Xenobiotics	METABOLIC
DNA polymerase	DNA polymerase	7/316	20/1145	0.35	1.26819620253165	0.746742121241357	0.301108472563028	0.999646603425372	0.952571832626947	gene_58/gene_680/gene_2824/gene_3156/gene_3287/gene_6064/gene_7928	7	interaction_vs_self	significant	down	FALSE	REPLICATION AND REPAIR	REGULATORY
Purine metabolism	Purine metabolism	29/316	96/1145	0.302083333333333	1.09457410337553	0.597447011768359	0.312203109088125	0.999646603425372	0.952571832626947	gene_23/gene_416/gene_485/gene_680/gene_727/gene_827/gene_1092/gene_1137/gene_1428/gene_1862/gene_2392/gene_2519/gene_2555/gene_2824/gene_2869/gene_2951/gene_3156/gene_3287/gene_4519/gene_5137/gene_5280/gene_5281/gene_5326/gene_5741/gene_5841/gene_6064/gene_6838/gene_7459/gene_7501	29	interaction_vs_self	significant	down	FALSE	Nucleotide Metabolism	METABOLIC
Aminophosphonate metabolism	Aminophosphonate metabolism	6/316	17/1145	0.352941176470588	1.27885331347729	0.714866603395983	0.318223869817407	0.999646603425372	0.952571832626947	gene_152/gene_2806/gene_2914/gene_5762/gene_7651/gene_8175	6	interaction_vs_self	significant	down	FALSE	Metabolism of Other Amino Acids	METABOLIC
Valine, leucine and isoleucine degradation	Valine, leucine and isoleucine degradation	11/316	34/1145	0.323529411764706	1.17228220402085	0.629364346384936	0.32402785431301	0.999646603425372	0.952571832626947	gene_430/gene_1107/gene_4038/gene_5461/gene_5595/gene_6749/gene_6790/gene_7146/gene_7401/gene_7933/gene_8589	11	interaction_vs_self	significant	down	FALSE	Amino Acid Metabolism	METABOLIC
Bile acid biosynthesis	Bile acid biosynthesis	14/316	45/1145	0.311111111111111	1.12728551336146	0.537611043150409	0.349177700669504	0.999646603425372	0.952571832626947	gene_972/gene_1225/gene_1566/gene_3938/gene_4109/gene_4253/gene_4516/gene_5766/gene_6790/gene_7217/gene_7401/gene_7933/gene_7987/gene_8589	14	interaction_vs_self	significant	down	FALSE	Lipid Metabolism	METABOLIC
Tyrosine metabolism	Tyrosine metabolism	18/316	59/1145	0.305084745762712	1.10544947436172	0.513256904900923	0.351604306050195	0.999646603425372	0.952571832626947	gene_152/gene_430/gene_1107/gene_1225/gene_1566/gene_1876/gene_1883/gene_2914/gene_2965/gene_3938/gene_4253/gene_5022/gene_5762/gene_5766/gene_7217/gene_7651/gene_7987/gene_8175	18	interaction_vs_self	significant	down	FALSE	Amino Acid Metabolism	METABOLIC
Fatty acid biosynthesis (path 2)	Fatty acid biosynthesis (path 2)	4/316	11/1145	0.363636363636364	1.31760644418872	0.653218399458649	0.359966518919353	0.999646603425372	0.952571832626947	gene_5461/gene_6790/gene_7401/gene_7933	4	interaction_vs_self	significant	down	FALSE	Lipid Metabolism	METABOLIC
Styrene degradation	Styrene degradation	8/316	25/1145	0.32	1.15949367088608	0.497603853694438	0.381653343170851	0.999646603425372	0.952571832626947	gene_2/gene_2418/gene_2964/gene_4253/gene_5515/gene_5766/gene_7987/gene_7989	8	interaction_vs_self	significant	down	FALSE	Biodegradation of Xenobiotics	METABOLIC
2,4-Dichlorobenzoate degradation	2,4-Dichlorobenzoate degradation	3/316	8/1145	0.375	1.35878164556962	0.628455117250379	0.386961435450572	0.999646603425372	0.952571832626947	gene_2717/gene_6795/gene_6989	3	interaction_vs_self	significant	down	FALSE	Biodegradation of Xenobiotics	METABOLIC
Cyanoamino acid metabolism	Cyanoamino acid metabolism	11/316	36/1145	0.305555555555556	1.10715541490858	0.403161347234872	0.405550752285385	0.999646603425372	0.952571832626947	gene_2/gene_1439/gene_2418/gene_2964/gene_3731/gene_3938/gene_5515/gene_5659/gene_6311/gene_7979/gene_7989	11	interaction_vs_self	significant	down	FALSE	Metabolism of Other Amino Acids	METABOLIC
Flavonoids, stilbene and lignin biosynthesis	Flavonoids, stilbene and lignin biosynthesis	11/316	36/1145	0.305555555555556	1.10715541490858	0.403161347234872	0.405550752285385	0.999646603425372	0.952571832626947	gene_168/gene_1439/gene_3731/gene_3830/gene_4253/gene_4971/gene_5659/gene_5766/gene_6311/gene_7979/gene_7987	11	interaction_vs_self	significant	down	FALSE	Biosynthesis of Secondary Metabolites	METABOLIC
Histidine metabolism	Histidine metabolism	12/316	40/1145	0.3	1.0870253164557	0.345759209104604	0.424609635032647	0.999646603425372	0.952571832626947	gene_152/gene_430/gene_1107/gene_2914/gene_4253/gene_5762/gene_5766/gene_7651/gene_7987/gene_8175/gene_8216/gene_8589	12	interaction_vs_self	significant	down	FALSE	Amino Acid Metabolism	METABOLIC
Alkaloid biosynthesis I	Alkaloid biosynthesis I	4/316	12/1145	0.333333333333333	1.207805907173	0.446593960059311	0.432598980653999	0.999646603425372	0.952571832626947	gene_4253/gene_5022/gene_5766/gene_7987	4	interaction_vs_self	significant	down	FALSE	Biosynthesis of Secondary Metabolites	METABOLIC
One carbon pool by folate	One carbon pool by folate	4/316	13/1145	0.307692307692308	1.11489776046738	0.257122045674123	0.50277403341557	0.999646603425372	0.952571832626947	gene_3720/gene_3904/gene_7000/gene_8228	4	interaction_vs_self	significant	down	FALSE	Metabolism of Cofactors and Vitamins	METABOLIC
Sulfur metabolism	Sulfur metabolism	4/316	13/1145	0.307692307692308	1.11489776046738	0.257122045674123	0.50277403341557	0.999646603425372	0.952571832626947	gene_1759/gene_2070/gene_3815/gene_7990	4	interaction_vs_self	significant	down	FALSE	Energy Metabolism	METABOLIC
D-Arginine and D-ornithine metabolism	D-Arginine and D-ornithine metabolism	2/316	6/1145	0.333333333333333	1.207805907173	0.314956764406001	0.526893477398423	0.999646603425372	0.952571832626947	gene_430/gene_1107	2	interaction_vs_self	significant	down	FALSE	Metabolism of Other Amino Acids	METABOLIC
Selenoamino acid metabolism	Selenoamino acid metabolism	7/316	25/1145	0.28	1.01455696202532	0.0454162247419528	0.558808110831124	0.999646603425372	0.952571832626947	gene_152/gene_2914/gene_3584/gene_3815/gene_5762/gene_7651/gene_8175	7	interaction_vs_self	significant	down	FALSE	Metabolism of Other Amino Acids	METABOLIC
Phenylalanine, tyrosine and tryptophan biosynthesis	Phenylalanine, tyrosine and tryptophan biosynthesis	5/316	18/1145	0.277777777777778	1.00650492264416	0.0171670518612141	0.583049652078373	0.999646603425372	0.952571832626947	gene_1358/gene_1623/gene_1875/gene_1877/gene_2009	5	interaction_vs_self	significant	down	FALSE	Amino Acid Metabolism	METABOLIC
Sterol biosynthesis	Sterol biosynthesis	6/316	22/1145	0.272727272727273	0.988204833141542	-0.0344750448219219	0.595241127878969	0.999646603425372	0.952571832626947	gene_110/gene_627/gene_4253/gene_5766/gene_7783/gene_7987	6	interaction_vs_self	significant	down	FALSE	Lipid Metabolism	METABOLIC
Pyruvate metabolism	Pyruvate metabolism	13/316	49/1145	0.26530612244898	0.961314905709119	-0.170810951114934	0.62304126736717	0.999646603425372	0.952571832626947	gene_246/gene_1260/gene_2933/gene_2951/gene_4710/gene_5555/gene_5650/gene_6771/gene_6924/gene_7031/gene_7612/gene_8281/gene_8589	13	interaction_vs_self	significant	down	FALSE	Carbohydrate Metabolism	METABOLIC
Biotin metabolism	Biotin metabolism	4/316	15/1145	0.266666666666667	0.966244725738397	-0.0812133335055269	0.629762218743699	0.999646603425372	0.952571832626947	gene_2442/gene_5698/gene_6377/gene_6378	4	interaction_vs_self	significant	down	FALSE	Metabolism of Cofactors and Vitamins	METABOLIC
Glycolysis / Gluconeogenesis	Glycolysis / Gluconeogenesis	15/316	57/1145	0.263157894736842	0.953530979347102	-0.222108811449202	0.639009280506278	0.999646603425372	0.952571832626947	gene_1225/gene_1566/gene_1864/gene_2951/gene_4052/gene_5622/gene_5837/gene_6213/gene_6707/gene_7141/gene_7217/gene_7612/gene_7922/gene_7970/gene_8589	15	interaction_vs_self	significant	down	FALSE	Carbohydrate Metabolism	METABOLIC
Sphingoglycolipid metabolism	Sphingoglycolipid metabolism	11/316	42/1145	0.261904761904762	0.948990355635925	-0.207858827376597	0.641272995297578	0.999646603425372	0.952571832626947	gene_705/gene_1588/gene_1752/gene_2636/gene_2690/gene_4069/gene_4155/gene_6122/gene_7248/gene_7325/gene_8385	11	interaction_vs_self	significant	down	FALSE	Metabolism of Complex Lipids	METABOLIC
N-Glycans biosynthesis	N-Glycans biosynthesis	9/316	35/1145	0.257142857142857	0.931735985533454	-0.253130015489	0.663529738540644	0.999646603425372	0.952571832626947	gene_445/gene_956/gene_1588/gene_1752/gene_2888/gene_3037/gene_4069/gene_5971/gene_8183	9	interaction_vs_self	significant	down	FALSE	Metabolism of Complex Carbohydrates	METABOLIC
Nitrogen metabolism	Nitrogen metabolism	4/316	16/1145	0.25	0.905854430379747	-0.234041135262353	0.684872806932378	0.999646603425372	0.952571832626947	gene_2831/gene_3709/gene_3815/gene_7347	4	interaction_vs_self	significant	down	FALSE	Energy Metabolism	METABOLIC
Propanoate metabolism	Propanoate metabolism	6/316	25/1145	0.24	0.869620253164557	-0.406771404210533	0.729556432733903	0.999646603425372	0.952571832626947	gene_1901/gene_4025/gene_5461/gene_6527/gene_7612/gene_8589	6	interaction_vs_self	significant	down	FALSE	Carbohydrate Metabolism	METABOLIC
Inositol phosphate metabolism	Inositol phosphate metabolism	5/316	21/1145	0.238095238095238	0.862718505123568	-0.391848130983194	0.730548639768128	0.999646603425372	0.952571832626947	gene_1878/gene_3139/gene_3216/gene_8092/gene_8385	5	interaction_vs_self	significant	down	FALSE	Metabolism of Complex Lipids	METABOLIC
Synthesis and degradation of ketone bodies	Synthesis and degradation of ketone bodies	2/316	9/1145	0.222222222222222	0.80520393811533	-0.36206917293589	0.758878229354369	0.999646603425372	0.952571832626947	gene_4305/gene_6749	2	interaction_vs_self	significant	down	FALSE	Lipid Metabolism	METABOLIC
Glutathione metabolism	Glutathione metabolism	4/316	18/1145	0.222222222222222	0.80520393811533	-0.514083607087164	0.777073114184795	0.999646603425372	0.952571832626947	gene_936/gene_1730/gene_2286/gene_2508	4	interaction_vs_self	significant	down	FALSE	Metabolism of Other Amino Acids	METABOLIC
Lipopolysaccharide biosynthesis	Lipopolysaccharide biosynthesis	4/316	18/1145	0.222222222222222	0.80520393811533	-0.514083607087164	0.777073114184795	0.999646603425372	0.952571832626947	gene_430/gene_1107/gene_6318/gene_7839	4	interaction_vs_self	significant	down	FALSE	Metabolism of Complex Carbohydrates	METABOLIC
Glyoxylate and dicarboxylate metabolism	Glyoxylate and dicarboxylate metabolism	3/316	14/1145	0.214285714285714	0.776446654611212	-0.519389513481815	0.78893145747394	0.999646603425372	0.952571832626947	gene_2100/gene_3565/gene_5914	3	interaction_vs_self	significant	down	FALSE	Carbohydrate Metabolism	METABOLIC
Phospholipid degradation	Phospholipid degradation	3/316	14/1145	0.214285714285714	0.776446654611212	-0.519389513481815	0.78893145747394	0.999646603425372	0.952571832626947	gene_1502/gene_2056/gene_6880	3	interaction_vs_self	significant	down	FALSE	Metabolism of Complex Lipids	METABOLIC
Butanoate metabolism	Butanoate metabolism	13/316	56/1145	0.232142857142857	0.841150542495479	-0.752220383863525	0.816488417689522	0.999646603425372	0.952571832626947	gene_323/gene_430/gene_972/gene_1107/gene_2717/gene_3938/gene_4305/gene_5461/gene_6125/gene_6749/gene_6795/gene_6989/gene_8589	13	interaction_vs_self	significant	down	FALSE	Carbohydrate Metabolism	METABOLIC
Pentose phosphate pathway	Pentose phosphate pathway	6/316	28/1145	0.214285714285714	0.776446654611212	-0.739116488293172	0.829175144884235	0.999646603425372	0.952571832626947	gene_2401/gene_5326/gene_5841/gene_6707/gene_7693/gene_7922	6	interaction_vs_self	significant	down	FALSE	Carbohydrate Metabolism	METABOLIC
Nicotinate and nicotinamide metabolism	Nicotinate and nicotinamide metabolism	7/316	33/1145	0.212121212121212	0.768603759110088	-0.83241551071815	0.849247186763325	0.999646603425372	0.952571832626947	gene_693/gene_3646/gene_5191/gene_6318/gene_7839/gene_8138/gene_8385	7	interaction_vs_self	significant	down	FALSE	Metabolism of Cofactors and Vitamins	METABOLIC
Reductive carboxylate cycle (CO2 fixation)	Reductive carboxylate cycle (CO2 fixation)	1/316	6/1145	0.166666666666667	0.603902953586498	-0.600336370733265	0.856676553447169	0.999646603425372	0.952571832626947	gene_7612	1	interaction_vs_self	significant	down	FALSE	Energy Metabolism	METABOLIC
Peptidoglycan biosynthesis	Peptidoglycan biosynthesis	4/316	21/1145	0.19047619047619	0.690174804098855	-0.884346605160754	0.873917458926699	0.999646603425372	0.952571832626947	gene_1588/gene_1752/gene_3709/gene_4069	4	interaction_vs_self	significant	down	FALSE	Metabolism of Complex Carbohydrates	METABOLIC
Pyrimidine metabolism	Pyrimidine metabolism	12/316	55/1145	0.218181818181818	0.790563866513234	-0.982424072632538	0.873927156871519	0.999646603425372	0.952571832626947	gene_416/gene_680/gene_1137/gene_1166/gene_2555/gene_2824/gene_2869/gene_3156/gene_3287/gene_4519/gene_5137/gene_6064	12	interaction_vs_self	significant	down	FALSE	Nucleotide Metabolism	METABOLIC
Tetrachloroethene degradation	Tetrachloroethene degradation	2/316	12/1145	0.166666666666667	0.603902953586498	-0.851248893412544	0.885628706098752	0.999646603425372	0.952571832626947	gene_972/gene_3938	2	interaction_vs_self	significant	down	FALSE	Biodegradation of Xenobiotics	METABOLIC
Lysine degradation	Lysine degradation	13/316	60/1145	0.216666666666667	0.785073839662447	-1.05542973229902	0.887857780990926	0.999646603425372	0.952571832626947	gene_430/gene_713/gene_972/gene_1107/gene_1622/gene_1855/gene_2442/gene_3517/gene_5461/gene_5698/gene_7386/gene_7447/gene_8589	13	interaction_vs_self	significant	down	FALSE	Amino Acid Metabolism	METABOLIC
Cysteine metabolism	Cysteine metabolism	1/316	7/1145	0.142857142857143	0.517631103074141	-0.7900170677874	0.89643968699475	0.999646603425372	0.952571832626947	gene_3815	1	interaction_vs_self	significant	down	FALSE	Amino Acid Metabolism	METABOLIC
Erythromycin biosynthesis	Erythromycin biosynthesis	1/316	7/1145	0.142857142857143	0.517631103074141	-0.7900170677874	0.89643968699475	0.999646603425372	0.952571832626947	gene_4052	1	interaction_vs_self	significant	down	FALSE	Biosynthesis of Secondary Metabolites	METABOLIC
Fructose and mannose metabolism	Fructose and mannose metabolism	14/316	66/1145	0.212121212121212	0.768603759110088	-1.19507960012875	0.912356080228448	0.999646603425372	0.952571832626947	gene_972/gene_1588/gene_1752/gene_3938/gene_4052/gene_4069/gene_5170/gene_5485/gene_5555/gene_6707/gene_6771/gene_7922/gene_8143/gene_8548	14	interaction_vs_self	significant	down	FALSE	Carbohydrate Metabolism	METABOLIC
Carbon fixation	Carbon fixation	4/316	23/1145	0.173913043478261	0.630159603742433	-1.10576063126194	0.916179639585787	0.999646603425372	0.952571832626947	gene_246/gene_2951/gene_6707/gene_7922	4	interaction_vs_self	significant	down	FALSE	Energy Metabolism	METABOLIC
Ascorbate and aldarate metabolism	Ascorbate and aldarate metabolism	7/316	37/1145	0.189189189189189	0.685511460827917	-1.20009352701295	0.922083097050697	0.999646603425372	0.952571832626947	gene_168/gene_972/gene_1211/gene_3223/gene_6267/gene_7693/gene_8589	7	interaction_vs_self	significant	down	FALSE	Carbohydrate Metabolism	METABOLIC
Pantothenate and CoA biosynthesis	Pantothenate and CoA biosynthesis	7/316	37/1145	0.189189189189189	0.685511460827917	-1.20009352701295	0.922083097050697	0.999646603425372	0.952571832626947	gene_2970/gene_3259/gene_6318/gene_6650/gene_7706/gene_7839/gene_8192	7	interaction_vs_self	significant	down	FALSE	Metabolism of Cofactors and Vitamins	METABOLIC
Oxidative phosphorylation	Oxidative phosphorylation	1/316	8/1145	0.125	0.452927215189873	-0.958272797306807	0.925196329270373	0.999646603425372	0.952571832626947	gene_2186	1	interaction_vs_self	significant	down	FALSE	Energy Metabolism	METABOLIC
Sphingophospholipid biosynthesis	Sphingophospholipid biosynthesis	1/316	8/1145	0.125	0.452927215189873	-0.958272797306807	0.925196329270373	0.999646603425372	0.952571832626947	gene_2806	1	interaction_vs_self	significant	down	FALSE	Metabolism of Complex Lipids	METABOLIC
Blood group glycolipid biosynthesis - lact series	Blood group glycolipid biosynthesis - lact series	3/316	19/1145	0.157894736842105	0.572118587608261	-1.16067415543719	0.930039164646311	0.999646603425372	0.952571832626947	gene_1588/gene_1752/gene_4069	3	interaction_vs_self	significant	down	FALSE	Metabolism of Complex Lipids	METABOLIC
Blood group glycolipid biosynthesis - neolact series	Blood group glycolipid biosynthesis - neolact series	3/316	19/1145	0.157894736842105	0.572118587608261	-1.16067415543719	0.930039164646311	0.999646603425372	0.952571832626947	gene_1588/gene_1752/gene_4069	3	interaction_vs_self	significant	down	FALSE	Metabolism of Complex Lipids	METABOLIC
Chondroitin / heparan sulfate biosynthesis	Chondroitin / heparan sulfate biosynthesis	3/316	19/1145	0.157894736842105	0.572118587608261	-1.16067415543719	0.930039164646311	0.999646603425372	0.952571832626947	gene_1588/gene_1752/gene_4069	3	interaction_vs_self	significant	down	FALSE	Metabolism of Complex Carbohydrates	METABOLIC
Keratan sulfate biosynthesis	Keratan sulfate biosynthesis	3/316	19/1145	0.157894736842105	0.572118587608261	-1.16067415543719	0.930039164646311	0.999646603425372	0.952571832626947	gene_1588/gene_1752/gene_4069	3	interaction_vs_self	significant	down	FALSE	Metabolism of Complex Carbohydrates	METABOLIC
Nucleotide sugars metabolism	Nucleotide sugars metabolism	3/316	20/1145	0.15	0.543512658227848	-1.2710035514934	0.944762115039136	0.999646603425372	0.952571832626947	gene_972/gene_4724/gene_5037	3	interaction_vs_self	significant	down	FALSE	Nucleotide Metabolism	METABOLIC
O-Glycans biosynthesis	O-Glycans biosynthesis	3/316	20/1145	0.15	0.543512658227848	-1.2710035514934	0.944762115039136	0.999646603425372	0.952571832626947	gene_1588/gene_1752/gene_4069	3	interaction_vs_self	significant	down	FALSE	Metabolism of Complex Carbohydrates	METABOLIC
1,2-Dichloroethane degradation	1,2-Dichloroethane degradation	1/316	9/1145	0.111111111111111	0.402601969057665	-1.11038903396765	0.945986091759874	0.999646603425372	0.952571832626947	gene_8589	1	interaction_vs_self	significant	down	FALSE	Biodegradation of Xenobiotics	METABOLIC
Lysine biosynthesis	Lysine biosynthesis	2/316	15/1145	0.133333333333333	0.483122362869198	-1.24357916930338	0.948188430350958	0.999646603425372	0.952571832626947	gene_430/gene_1107	2	interaction_vs_self	significant	down	FALSE	Amino Acid Metabolism	METABOLIC
Porphyrin and chlorophyll metabolism	Porphyrin and chlorophyll metabolism	7/316	40/1145	0.175	0.634098101265823	-1.45376031100799	0.954527590772507	0.999646603425372	0.952571832626947	gene_152/gene_2152/gene_2914/gene_4039/gene_5762/gene_7651/gene_8175	7	interaction_vs_self	significant	down	FALSE	Metabolism of Cofactors and Vitamins	METABOLIC
Glutamate metabolism	Glutamate metabolism	4/316	26/1145	0.153846153846154	0.55744888023369	-1.40868653353376	0.956140351765055	0.999646603425372	0.952571832626947	gene_693/gene_3709/gene_6125/gene_7347	4	interaction_vs_self	significant	down	FALSE	Amino Acid Metabolism	METABOLIC
Riboflavin metabolism	Riboflavin metabolism	3/316	21/1145	0.142857142857143	0.517631103074141	-1.37684507933831	0.956569557724542	0.999646603425372	0.952571832626947	gene_33/gene_5385/gene_7414	3	interaction_vs_self	significant	down	FALSE	Metabolism of Cofactors and Vitamins	METABOLIC
Urea cycle and metabolism of amino groups	Urea cycle and metabolism of amino groups	2/316	16/1145	0.125	0.452927215189873	-1.35999533641947	0.960512471459261	0.999646603425372	0.952571832626947	gene_1370/gene_4541	2	interaction_vs_self	significant	down	FALSE	Amino Acid Metabolism	METABOLIC
Globoside metabolism	Globoside metabolism	3/316	22/1145	0.136363636363636	0.494102416570771	-1.47864308095974	0.965985766582715	0.999646603425372	0.952571832626947	gene_1588/gene_1752/gene_4069	3	interaction_vs_self	significant	down	FALSE	Metabolism of Complex Lipids	METABOLIC
Methionine metabolism	Methionine metabolism	2/316	18/1145	0.111111111111111	0.402601969057665	-1.57658492498392	0.977277970616718	0.999646603425372	0.952571832626947	gene_3815/gene_7990	2	interaction_vs_self	significant	down	FALSE	Amino Acid Metabolism	METABOLIC
Aminosugars metabolism	Aminosugars metabolism	7/316	45/1145	0.155555555555556	0.563642756680731	-1.84302570317585	0.98273753967152	0.999646603425372	0.952571832626947	gene_174/gene_220/gene_430/gene_1107/gene_2967/gene_4052/gene_7391	7	interaction_vs_self	significant	down	FALSE	Metabolism of Complex Carbohydrates	METABOLIC
Valine, leucine and isoleucine biosynthesis	Valine, leucine and isoleucine biosynthesis	2/316	20/1145	0.1	0.362341772151899	-1.77543996967709	0.987065850775065	0.999646603425372	0.952571832626947	gene_6129/gene_6189	2	interaction_vs_self	significant	down	FALSE	Amino Acid Metabolism	METABOLIC
Citrate cycle (TCA cycle)	Citrate cycle (TCA cycle)	1/316	14/1145	0.0714285714285714	0.25881555153707	-1.72202043954183	0.989451145765425	0.999646603425372	0.952571832626947	gene_246	1	interaction_vs_self	significant	down	FALSE	Carbohydrate Metabolism	METABOLIC
beta-Alanine metabolism	beta-Alanine metabolism	2/316	21/1145	0.0952380952380952	0.345087402049427	-1.86934355351587	0.990275986885646	0.999646603425372	0.952571832626947	gene_5461/gene_8589	2	interaction_vs_self	significant	down	FALSE	Metabolism of Other Amino Acids	METABOLIC
Glycine, serine and threonine metabolism	Glycine, serine and threonine metabolism	8/316	53/1145	0.150943396226415	0.546930976833055	-2.0843482109787	0.990941195756213	0.999646603425372	0.952571832626947	gene_972/gene_2100/gene_2156/gene_4912/gene_4913/gene_5738/gene_6840/gene_8309	8	interaction_vs_self	significant	down	FALSE	Amino Acid Metabolism	METABOLIC
Arginine and proline metabolism	Arginine and proline metabolism	11/316	69/1145	0.159420289855072	0.577646303430563	-2.23343849664598	0.993580673783661	0.999646603425372	0.952571832626947	gene_2/gene_2418/gene_2964/gene_4541/gene_5171/gene_5515/gene_6318/gene_7839/gene_7989/gene_8389/gene_8589	11	interaction_vs_self	significant	down	FALSE	Amino Acid Metabolism	METABOLIC
Vitamin B6 metabolism	Vitamin B6 metabolism	2/316	23/1145	0.0869565217391304	0.315079801871216	-2.0477962881034	0.994538182562005	0.999646603425372	0.952571832626947	gene_972/gene_6142	2	interaction_vs_self	significant	down	FALSE	Metabolism of Cofactors and Vitamins	METABOLIC
Alanine and aspartate metabolism	Alanine and aspartate metabolism	1/316	23/1145	0.0434782608695652	0.157539900935608	-2.51881411652413	0.999454156449231	0.999646603425372	0.952571832626947	gene_2207	1	interaction_vs_self	significant	down	FALSE	Amino Acid Metabolism	METABOLIC
Aminoacyl-tRNA biosynthesis	Aminoacyl-tRNA biosynthesis	3/316	39/1145	0.0769230769230769	0.278724440116845	-2.82836363548516	0.999646603425372	0.999646603425372	0.952571832626947	gene_2009/gene_5084/gene_6189	3	interaction_vs_self	significant	down	FALSE	TRANSLATION	REGULATORY
Phenylalanine metabolism	Phenylalanine metabolism	10/130	33/1145	0.303030303030303	2.66899766899767	3.48026227324084	0.00236508312642385	0.18447648386106	0.17924840537107	gene_1531/gene_1968/gene_2632/gene_2762/gene_2889/gene_5827/gene_6196/gene_6501/gene_7563/gene_8370	10	interaction_vs_self	strong	up	FALSE	Amino Acid Metabolism	METABOLIC
Fatty acid biosynthesis (path 1)	Fatty acid biosynthesis (path 1)	7/130	21/1145	0.333333333333333	2.93589743589744	3.20302629223105	0.00614217161701681	0.239544693063656	0.2327559770659	gene_1406/gene_1440/gene_1892/gene_3211/gene_6806/gene_8490/gene_8491	7	interaction_vs_self	strong	up	FALSE	Lipid Metabolism	METABOLIC
Ascorbate and aldarate metabolism	Ascorbate and aldarate metabolism	9/130	37/1145	0.243243243243243	2.14241164241164	2.52700016036361	0.0183970499816721	0.336410370160019	0.326876473029978	gene_184/gene_1403/gene_1514/gene_2043/gene_3671/gene_4055/gene_5065/gene_6198/gene_8033	9	interaction_vs_self	strong	up	FALSE	Carbohydrate Metabolism	METABOLIC
Butanoate metabolism	Butanoate metabolism	12/130	56/1145	0.214285714285714	1.88736263736264	2.43575094415392	0.0188255412681003	0.336410370160019	0.326876473029978	gene_184/gene_2043/gene_2296/gene_4055/gene_4303/gene_5907/gene_6198/gene_6304/gene_6968/gene_6973/gene_7226/gene_8033	12	interaction_vs_self	strong	up	FALSE	Carbohydrate Metabolism	METABOLIC
Glycolysis / Gluconeogenesis	Glycolysis / Gluconeogenesis	12/130	57/1145	0.210526315789474	1.85425101214575	2.36679230956153	0.0215647673179499	0.336410370160019	0.326876473029978	gene_7/gene_1552/gene_1968/gene_2043/gene_2296/gene_2889/gene_2905/gene_3385/gene_4055/gene_5570/gene_6304/gene_7563	12	interaction_vs_self	strong	up	FALSE	Carbohydrate Metabolism	METABOLIC
Alkaloid biosynthesis I	Alkaloid biosynthesis I	4/130	12/1145	0.333333333333333	2.93589743589744	2.41162445937173	0.0380189998368374	0.450414157055007	0.437649383373286	gene_1531/gene_2632/gene_2762/gene_6501	4	interaction_vs_self	strong	up	FALSE	Biosynthesis of Secondary Metabolites	METABOLIC
Styrene degradation	Styrene degradation	6/130	25/1145	0.24	2.11384615384615	2.01436362215265	0.0547575972785018	0.450414157055007	0.437649383373286	gene_1531/gene_2632/gene_5827/gene_6196/gene_7205/gene_8370	6	interaction_vs_self	strong	up	FALSE	Biodegradation of Xenobiotics	METABOLIC
Bile acid biosynthesis	Bile acid biosynthesis	9/130	45/1145	0.2	1.76153846153846	1.8644615171058	0.0595767364349008	0.450414157055007	0.437649383373286	gene_184/gene_412/gene_1531/gene_2043/gene_2632/gene_4055/gene_6198/gene_6533/gene_8033	9	interaction_vs_self	strong	up	FALSE	Lipid Metabolism	METABOLIC
Glutamate metabolism	Glutamate metabolism	6/130	26/1145	0.230769230769231	2.03254437869822	1.90516250048766	0.064778802114892	0.450414157055007	0.437649383373286	gene_1950/gene_3658/gene_4303/gene_5549/gene_6501/gene_6968	6	interaction_vs_self	strong	up	FALSE	Amino Acid Metabolism	METABOLIC
Caprolactam degradation	Caprolactam degradation	5/130	20/1145	0.25	2.20192307692308	1.93984521358139	0.0665417291187088	0.450414157055007	0.437649383373286	gene_1514/gene_3274/gene_4620/gene_5649/gene_6158	5	interaction_vs_self	strong	up	FALSE	Biodegradation of Xenobiotics	METABOLIC
Valine, leucine and isoleucine biosynthesis	Valine, leucine and isoleucine biosynthesis	5/130	20/1145	0.25	2.20192307692308	1.93984521358139	0.0665417291187088	0.450414157055007	0.437649383373286	gene_2296/gene_2768/gene_3846/gene_5405/gene_6304	5	interaction_vs_self	strong	up	FALSE	Amino Acid Metabolism	METABOLIC
Histidine metabolism	Histidine metabolism	8/130	40/1145	0.2	1.76153846153846	1.75384967332943	0.0738790576087574	0.450414157055007	0.437649383373286	gene_1531/gene_1968/gene_2043/gene_2632/gene_2762/gene_2889/gene_4055/gene_7563	8	interaction_vs_self	strong	up	FALSE	Amino Acid Metabolism	METABOLIC
beta-Alanine metabolism	beta-Alanine metabolism	5/130	21/1145	0.238095238095238	2.0970695970696	1.81514924223879	0.0796720677060332	0.450414157055007	0.437649383373286	gene_2043/gene_4055/gene_4303/gene_6968/gene_7226	5	interaction_vs_self	strong	up	FALSE	Metabolism of Other Amino Acids	METABOLIC
Arginine and proline metabolism	Arginine and proline metabolism	12/130	69/1145	0.173913043478261	1.53177257525084	1.63003155940114	0.0808435666508987	0.450414157055007	0.437649383373286	gene_2043/gene_2059/gene_2272/gene_2300/gene_2656/gene_4055/gene_4675/gene_5610/gene_5827/gene_6196/gene_6501/gene_8370	12	interaction_vs_self	strong	up	FALSE	Amino Acid Metabolism	METABOLIC
Sterol biosynthesis	Sterol biosynthesis	5/130	22/1145	0.227272727272727	2.00174825174825	1.69719491818104	0.0940880910064037	0.489258073233299	0.475392459821829	gene_1531/gene_2632/gene_3946/gene_6477/gene_6533	5	interaction_vs_self	strong	up	FALSE	Lipid Metabolism	METABOLIC
Vitamin B6 metabolism	Vitamin B6 metabolism	5/130	23/1145	0.217391304347826	1.91471571906355	1.58527751265882	0.109746456870801	0.519737518326597	0.505008114973211	gene_184/gene_1198/gene_3313/gene_6198/gene_8033	5	interaction_vs_self	strong	up	FALSE	Metabolism of Cofactors and Vitamins	METABOLIC
Starch and sucrose metabolism	Starch and sucrose metabolism	12/130	73/1145	0.164383561643836	1.44783983140148	1.41461553227059	0.11327612578913	0.519737518326597	0.505008114973211	gene_7/gene_1575/gene_2318/gene_2533/gene_3262/gene_3594/gene_3977/gene_4140/gene_5570/gene_7022/gene_7032/gene_7160	12	interaction_vs_self	strong	up	FALSE	Metabolism of Complex Carbohydrates	METABOLIC
Lysine degradation	Lysine degradation	10/130	60/1145	0.166666666666667	1.46794871794872	1.33201981413241	0.132130483554883	0.530304609555137	0.5152757339807	gene_184/gene_1027/gene_1490/gene_2043/gene_4055/gene_5467/gene_6198/gene_7226/gene_8033/gene_8226	10	interaction_vs_self	strong	up	FALSE	Amino Acid Metabolism	METABOLIC
Glutathione metabolism	Glutathione metabolism	4/130	18/1145	0.222222222222222	1.95726495726496	1.46439461339215	0.138097138202113	0.530304609555137	0.5152757339807	gene_327/gene_1726/gene_4703/gene_6089	4	interaction_vs_self	strong	up	FALSE	Metabolism of Other Amino Acids	METABOLIC
D-Arginine and D-ornithine metabolism	D-Arginine and D-ornithine metabolism	2/130	6/1145	0.333333333333333	2.93589743589744	1.70077856983381	0.141453542703759	0.530304609555137	0.5152757339807	gene_2059/gene_5610	2	interaction_vs_self	strong	up	FALSE	Metabolism of Other Amino Acids	METABOLIC
Tetrachloroethene degradation	Tetrachloroethene degradation	3/130	12/1145	0.25	2.20192307692308	1.49728339778874	0.146752990386562	0.530304609555137	0.5152757339807	gene_184/gene_6198/gene_8033	3	interaction_vs_self	strong	up	FALSE	Biodegradation of Xenobiotics	METABOLIC
Galactose metabolism	Galactose metabolism	7/130	41/1145	0.170731707317073	1.50375234521576	1.17510355446979	0.174306782198506	0.530304609555137	0.5152757339807	gene_7/gene_184/gene_2533/gene_3385/gene_6198/gene_6679/gene_8033	7	interaction_vs_self	strong	up	FALSE	Carbohydrate Metabolism	METABOLIC
Valine, leucine and isoleucine degradation	Valine, leucine and isoleucine degradation	6/130	34/1145	0.176470588235294	1.55429864253394	1.17375623248195	0.179701318381385	0.530304609555137	0.5152757339807	gene_2043/gene_2768/gene_3846/gene_4055/gene_5118/gene_7226	6	interaction_vs_self	strong	up	FALSE	Amino Acid Metabolism	METABOLIC
Nucleotide sugars metabolism	Nucleotide sugars metabolism	4/130	20/1145	0.2	1.76153846153846	1.22908592732517	0.183776895076962	0.530304609555137	0.5152757339807	gene_184/gene_3640/gene_6198/gene_8033	4	interaction_vs_self	strong	up	FALSE	Nucleotide Metabolism	METABOLIC
Thiamine metabolism	Thiamine metabolism	2/130	7/1145	0.285714285714286	2.51648351648352	1.43968423930801	0.183824800708746	0.530304609555137	0.5152757339807	gene_1198/gene_3313	2	interaction_vs_self	strong	up	FALSE	Metabolism of Cofactors and Vitamins	METABOLIC
Pentose phosphate pathway	Pentose phosphate pathway	5/130	28/1145	0.178571428571429	1.5728021978022	1.09776346305887	0.204267600901953	0.530304609555137	0.5152757339807	gene_1514/gene_1735/gene_3385/gene_5570/gene_7887	5	interaction_vs_self	strong	up	FALSE	Carbohydrate Metabolism	METABOLIC
1,4-Dichlorobenzene degradation	1,4-Dichlorobenzene degradation	3/130	14/1145	0.214285714285714	1.88736263736264	1.1950484730651	0.206106329165712	0.530304609555137	0.5152757339807	gene_1531/gene_2632/gene_6265	3	interaction_vs_self	strong	up	FALSE	Biodegradation of Xenobiotics	METABOLIC
Phospholipid degradation	Phospholipid degradation	3/130	14/1145	0.214285714285714	1.88736263736264	1.1950484730651	0.206106329165712	0.530304609555137	0.5152757339807	gene_2016/gene_2709/gene_7584	3	interaction_vs_self	strong	up	FALSE	Metabolism of Complex Lipids	METABOLIC
Riboflavin metabolism	Riboflavin metabolism	4/130	21/1145	0.19047619047619	1.67765567765568	1.12121071724266	0.208272148576004	0.530304609555137	0.5152757339807	gene_1198/gene_3313/gene_4142/gene_7030	4	interaction_vs_self	strong	up	FALSE	Metabolism of Cofactors and Vitamins	METABOLIC
Cyanoamino acid metabolism	Cyanoamino acid metabolism	6/130	36/1145	0.166666666666667	1.46794871794872	1.02055263021948	0.216689286040599	0.530304609555137	0.5152757339807	gene_3512/gene_3594/gene_5827/gene_6196/gene_7160/gene_8370	6	interaction_vs_self	strong	up	FALSE	Metabolism of Other Amino Acids	METABOLIC
Flavonoids, stilbene and lignin biosynthesis	Flavonoids, stilbene and lignin biosynthesis	6/130	36/1145	0.166666666666667	1.46794871794872	1.02055263021948	0.216689286040599	0.530304609555137	0.5152757339807	gene_1531/gene_2632/gene_3594/gene_3671/gene_4310/gene_7160	6	interaction_vs_self	strong	up	FALSE	Biosynthesis of Secondary Metabolites	METABOLIC
Tyrosine metabolism	Tyrosine metabolism	9/130	59/1145	0.152542372881356	1.34354628422425	0.96927724232775	0.217560865458518	0.530304609555137	0.5152757339807	gene_1531/gene_1968/gene_2632/gene_2762/gene_2889/gene_6501/gene_7205/gene_7563/gene_8612	9	interaction_vs_self	strong	up	FALSE	Amino Acid Metabolism	METABOLIC
2,4-Dichlorobenzoate degradation	2,4-Dichlorobenzoate degradation	2/130	8/1145	0.25	2.20192307692308	1.22037443743361	0.227697793399909	0.538194784399785	0.52294230063137	gene_5907/gene_6973	2	interaction_vs_self	strong	up	FALSE	Biodegradation of Xenobiotics	METABOLIC
Aminosugars metabolism	Aminosugars metabolism	7/130	45/1145	0.155555555555556	1.37008547008547	0.906073891028971	0.242335288163143	0.555945661080151	0.540190116029296	gene_7/gene_546/gene_1198/gene_1826/gene_1950/gene_2960/gene_3313	7	interaction_vs_self	strong	up	FALSE	Metabolism of Complex Carbohydrates	METABOLIC
Alanine and aspartate metabolism	Alanine and aspartate metabolism	4/130	23/1145	0.173913043478261	1.53177257525084	0.921605574086848	0.259730578690559	0.573813713200725	0.557551786105968	gene_4029/gene_4303/gene_6501/gene_6968	4	interaction_vs_self	strong	up	FALSE	Amino Acid Metabolism	METABOLIC
Urea cycle and metabolism of amino groups	Urea cycle and metabolism of amino groups	3/130	16/1145	0.1875	1.65144230769231	0.938729893154439	0.269813599779607	0.573813713200725	0.557551786105968	gene_2300/gene_4290/gene_8032	3	interaction_vs_self	strong	up	FALSE	Amino Acid Metabolism	METABOLIC
1,2-Dichloroethane degradation	1,2-Dichloroethane degradation	2/130	9/1145	0.222222222222222	1.95726495726496	1.03137337820766	0.272193684467011	0.573813713200725	0.557551786105968	gene_2043/gene_4055	2	interaction_vs_self	strong	up	FALSE	Biodegradation of Xenobiotics	METABOLIC
Benzoate degradation via CoA ligation	Benzoate degradation via CoA ligation	9/130	64/1145	0.140625	1.23858173076923	0.702693590287921	0.296407992564538	0.608416405790367	0.591173835585782	gene_184/gene_965/gene_5827/gene_6196/gene_6198/gene_6979/gene_7226/gene_8033/gene_8370	9	interaction_vs_self	strong	up	FALSE	Biodegradation of Xenobiotics	METABOLIC
gamma-Hexachlorocyclohexane degradation	gamma-Hexachlorocyclohexane degradation	6/130	41/1145	0.146341463414634	1.28893058161351	0.673988630869081	0.318257271815422	0.636514543630844	0.618475669924706	gene_1531/gene_2632/gene_3671/gene_4142/gene_4491/gene_7730	6	interaction_vs_self	strong	up	FALSE	Biodegradation of Xenobiotics	METABOLIC
Methionine metabolism	Methionine metabolism	3/130	18/1145	0.166666666666667	1.46794871794872	0.715853616814466	0.335390678288452	0.654011822662481	0.635477074651803	gene_1256/gene_1833/gene_1963	3	interaction_vs_self	strong	up	FALSE	Amino Acid Metabolism	METABOLIC
Tryptophan metabolism	Tryptophan metabolism	10/130	78/1145	0.128205128205128	1.12919132149901	0.422814720964082	0.390936043554661	0.74373198529911	0.72265456061452	gene_1531/gene_2043/gene_2632/gene_2762/gene_4055/gene_4491/gene_5827/gene_6196/gene_7226/gene_8370	10	interaction_vs_self	strong	up	FALSE	Amino Acid Metabolism	METABOLIC
Pantothenate and CoA biosynthesis	Pantothenate and CoA biosynthesis	5/130	37/1145	0.135135135135135	1.19022869022869	0.420783466193395	0.412828549270445	0.766681591502255	0.7449537731196	gene_2768/gene_3846/gene_4675/gene_5405/gene_5826	5	interaction_vs_self	strong	up	FALSE	Metabolism of Cofactors and Vitamins	METABOLIC
Glyoxylate and dicarboxylate metabolism	Glyoxylate and dicarboxylate metabolism	2/130	14/1145	0.142857142857143	1.25824175824176	0.347785004545262	0.484202806332452	0.80958244791681	0.786638815789613	gene_1596/gene_5506	2	interaction_vs_self	strong	up	FALSE	Carbohydrate Metabolism	METABOLIC
Methane metabolism	Methane metabolism	2/130	14/1145	0.142857142857143	1.25824175824176	0.347785004545262	0.484202806332452	0.80958244791681	0.786638815789613	gene_1531/gene_2632	2	interaction_vs_self	strong	up	FALSE	Energy Metabolism	METABOLIC
Pyruvate metabolism	Pyruvate metabolism	6/130	49/1145	0.122448979591837	1.07849293563579	0.200897717342625	0.489443716754789	0.80958244791681	0.786638815789613	gene_1552/gene_1596/gene_2043/gene_2296/gene_4055/gene_6304	6	interaction_vs_self	strong	up	FALSE	Carbohydrate Metabolism	METABOLIC
Carbon fixation	Carbon fixation	3/130	23/1145	0.130434782608696	1.14882943143813	0.257933635514872	0.494981264253518	0.80958244791681	0.786638815789613	gene_1596/gene_6501/gene_7887	3	interaction_vs_self	strong	up	FALSE	Energy Metabolism	METABOLIC
Reductive carboxylate cycle (CO2 fixation)	Reductive carboxylate cycle (CO2 fixation)	1/130	6/1145	0.166666666666667	1.46794871794872	0.411115349661815	0.515568758732288	0.80958244791681	0.786638815789613	gene_1596	1	interaction_vs_self	strong	up	FALSE	Energy Metabolism	METABOLIC
Biotin metabolism	Biotin metabolism	2/130	15/1145	0.133333333333333	1.17435897435897	0.243165736774175	0.522144827225908	0.80958244791681	0.786638815789613	gene_1490/gene_8226	2	interaction_vs_self	strong	up	FALSE	Metabolism of Cofactors and Vitamins	METABOLIC
Lysine biosynthesis	Lysine biosynthesis	2/130	15/1145	0.133333333333333	1.17435897435897	0.243165736774175	0.522144827225908	0.80958244791681	0.786638815789613	gene_5467/gene_6747	2	interaction_vs_self	strong	up	FALSE	Amino Acid Metabolism	METABOLIC
Nicotinate and nicotinamide metabolism	Nicotinate and nicotinamide metabolism	4/130	33/1145	0.121212121212121	1.06759906759907	0.140960343469252	0.526928527819297	0.80958244791681	0.786638815789613	gene_1198/gene_3313/gene_4675/gene_6037	4	interaction_vs_self	strong	up	FALSE	Metabolism of Cofactors and Vitamins	METABOLIC
Propanoate metabolism	Propanoate metabolism	3/130	25/1145	0.12	1.05692307692308	0.102943997264707	0.553613665163492	0.80958244791681	0.786638815789613	gene_2043/gene_4055/gene_7226	3	interaction_vs_self	strong	up	FALSE	Carbohydrate Metabolism	METABOLIC
Nitrogen metabolism	Nitrogen metabolism	2/130	16/1145	0.125	1.10096153846154	0.145485813699212	0.558192145432522	0.80958244791681	0.786638815789613	gene_3658/gene_7930	2	interaction_vs_self	strong	up	FALSE	Energy Metabolism	METABOLIC
Glycine, serine and threonine metabolism	Glycine, serine and threonine metabolism	6/130	53/1145	0.113207547169811	0.997097242380261	-0.00774085721384353	0.570667271107163	0.80958244791681	0.786638815789613	gene_184/gene_1572/gene_2059/gene_5610/gene_6198/gene_8033	6	interaction_vs_self	strong	up	FALSE	Amino Acid Metabolism	METABOLIC
Cysteine metabolism	Cysteine metabolism	1/130	7/1145	0.142857142857143	1.25824175824176	0.245163620461872	0.570859418402879	0.80958244791681	0.786638815789613	gene_6501	1	interaction_vs_self	strong	up	FALSE	Amino Acid Metabolism	METABOLIC
Erythromycin biosynthesis	Erythromycin biosynthesis	1/130	7/1145	0.142857142857143	1.25824175824176	0.245163620461872	0.570859418402879	0.80958244791681	0.786638815789613	gene_7	1	interaction_vs_self	strong	up	FALSE	Biosynthesis of Secondary Metabolites	METABOLIC
Fatty acid metabolism	Fatty acid metabolism	5/130	45/1145	0.111111111111111	0.978632478632479	-0.0523137350478621	0.593630452071829	0.826842415385762	0.803409634382927	gene_2043/gene_4055/gene_4491/gene_5183/gene_7226	5	interaction_vs_self	strong	up	FALSE	Lipid Metabolism	METABOLIC
Sphingophospholipid biosynthesis	Sphingophospholipid biosynthesis	1/130	8/1145	0.125	1.10096153846154	0.102511452744424	0.619882507689018	0.839703469261128	0.815906204950084	gene_4047	1	interaction_vs_self	strong	up	FALSE	Metabolism of Complex Lipids	METABOLIC
Phenylalanine, tyrosine and tryptophan biosynthesis	Phenylalanine, tyrosine and tryptophan biosynthesis	2/130	18/1145	0.111111111111111	0.978632478632479	-0.0326873797632175	0.6243948873993	0.839703469261128	0.815906204950084	gene_2905/gene_6501	2	interaction_vs_self	strong	up	FALSE	Amino Acid Metabolism	METABOLIC
Androgen and estrogen metabolism	Androgen and estrogen metabolism	2/130	20/1145	0.1	0.880769230769231	-0.192432645187274	0.682730562330303	0.902592946809553	0.877013389612521	gene_1531/gene_2632	2	interaction_vs_self	strong	up	FALSE	Lipid Metabolism	METABOLIC
Pentose and glucuronate interconversions	Pentose and glucuronate interconversions	3/130	31/1145	0.0967741935483871	0.852357320099255	-0.298127362770165	0.703240561456317	0.914212729893212	0.888303867102716	gene_1575/gene_5907/gene_6973	3	interaction_vs_self	strong	up	FALSE	Carbohydrate Metabolism	METABOLIC
Fatty acid biosynthesis (path 2)	Fatty acid biosynthesis (path 2)	1/130	11/1145	0.0909090909090909	0.800699300699301	-0.237602116603308	0.736016543569364	0.941135908170663	0.914464040327769	gene_7226	1	interaction_vs_self	strong	up	FALSE	Lipid Metabolism	METABOLIC
Pyrimidine metabolism	Pyrimidine metabolism	5/130	55/1145	0.0909090909090909	0.800699300699301	-0.541911772303387	0.769557900749467	0.965376771963357	0.938017916077756	gene_56/gene_311/gene_548/gene_1785/gene_4830	5	interaction_vs_self	strong	up	FALSE	Nucleotide Metabolism	METABOLIC
Fructose and mannose metabolism	Fructose and mannose metabolism	6/130	66/1145	0.0909090909090909	0.800699300699301	-0.596652871698298	0.782200442422384	0.965376771963357	0.938017916077756	gene_7/gene_131/gene_184/gene_3385/gene_6198/gene_8033	6	interaction_vs_self	strong	up	FALSE	Carbohydrate Metabolism	METABOLIC
Selenoamino acid metabolism	Selenoamino acid metabolism	2/130	25/1145	0.08	0.704615384615385	-0.53419587769794	0.796713053278509	0.965376771963357	0.938017916077756	gene_1256/gene_1963	2	interaction_vs_self	strong	up	FALSE	Metabolism of Other Amino Acids	METABOLIC
Citrate cycle (TCA cycle)	Citrate cycle (TCA cycle)	1/130	14/1145	0.0714285714285714	0.629120879120879	-0.499478463974579	0.816857268584379	0.965376771963357	0.938017916077756	gene_1596	1	interaction_vs_self	strong	up	FALSE	Carbohydrate Metabolism	METABOLIC
Toluene and xylene degradation	Toluene and xylene degradation	1/130	14/1145	0.0714285714285714	0.629120879120879	-0.499478463974579	0.816857268584379	0.965376771963357	0.938017916077756	gene_7730	1	interaction_vs_self	strong	up	FALSE	Biodegradation of Xenobiotics	METABOLIC
Ubiquinone biosynthesis	Ubiquinone biosynthesis	2/130	27/1145	0.0740740740740741	0.652421652421652	-0.653830780035717	0.831182309903673	0.967645077201291	0.940221937361578	gene_1531/gene_2632	2	interaction_vs_self	strong	up	FALSE	Metabolism of Cofactors and Vitamins	METABOLIC
Aminophosphonate metabolism	Aminophosphonate metabolism	1/130	17/1145	0.0588235294117647	0.518099547511312	-0.716108637693113	0.873072927797008	0.99942420306191	0.971100440222099	gene_4047	1	interaction_vs_self	strong	up	FALSE	Metabolism of Other Amino Acids	METABOLIC
Lipopolysaccharide biosynthesis	Lipopolysaccharide biosynthesis	1/130	18/1145	0.0555555555555556	0.489316239316239	-0.781228376340901	0.887701047820402	0.99942420306191	0.971100440222099	gene_4675	1	interaction_vs_self	strong	up	FALSE	Metabolism of Complex Carbohydrates	METABOLIC
Fluorene degradation	Fluorene degradation	1/130	21/1145	0.0476190476190476	0.419413919413919	-0.960604857745735	0.922278986993098	0.99942420306191	0.971100440222099	gene_3671	1	interaction_vs_self	strong	up	FALSE	Biodegradation of Xenobiotics	METABOLIC
Inositol phosphate metabolism	Inositol phosphate metabolism	1/130	21/1145	0.0476190476190476	0.419413919413919	-0.960604857745735	0.922278986993098	0.99942420306191	0.971100440222099	gene_3831	1	interaction_vs_self	strong	up	FALSE	Metabolism of Complex Lipids	METABOLIC
Porphyrin and chlorophyll metabolism	Porphyrin and chlorophyll metabolism	2/130	40/1145	0.05	0.440384615384615	-1.28881377509814	0.953351916446525	0.99942420306191	0.971100440222099	gene_1198/gene_3313	2	interaction_vs_self	strong	up	FALSE	Metabolism of Cofactors and Vitamins	METABOLIC
Nitorobenzene degradation	Nitorobenzene degradation	1/130	26/1145	0.0384615384615385	0.338757396449704	-1.22006824887963	0.958011336915361	0.99942420306191	0.971100440222099	gene_7730	1	interaction_vs_self	strong	up	FALSE	Biodegradation of Xenobiotics	METABOLIC
Glycerolipid metabolism	Glycerolipid metabolism	9/130	124/1145	0.0725806451612903	0.639267990074442	-1.52171849961431	0.959240336009022	0.99942420306191	0.971100440222099	gene_184/gene_1329/gene_2043/gene_2709/gene_4047/gene_4055/gene_5328/gene_6198/gene_8033	9	interaction_vs_self	strong	up	FALSE	Metabolism of Complex Lipids	METABOLIC
N-Glycans biosynthesis	N-Glycans biosynthesis	1/130	35/1145	0.0285714285714286	0.251648351648352	-1.6085327944209	0.986241174388741	0.99942420306191	0.971100440222099	gene_5532	1	interaction_vs_self	strong	up	FALSE	Metabolism of Complex Carbohydrates	METABOLIC
Aminoacyl-tRNA biosynthesis	Aminoacyl-tRNA biosynthesis	1/130	39/1145	0.0256410256410256	0.225838264299803	-1.75969787276877	0.991646246695249	0.99942420306191	0.971100440222099	gene_4029	1	interaction_vs_self	strong	up	FALSE	TRANSLATION	REGULATORY
Sphingoglycolipid metabolism	Sphingoglycolipid metabolism	1/130	42/1145	0.0238095238095238	0.20970695970696	-1.86670939642549	0.994261365594219	0.99942420306191	0.971100440222099	gene_6533	1	interaction_vs_self	strong	up	FALSE	Metabolism of Complex Lipids	METABOLIC
Purine metabolism	Purine metabolism	3/130	96/1145	0.03125	0.275240384615385	-2.65395482131985	0.99942420306191	0.99942420306191	0.971100440222099	gene_1785/gene_4021/gene_5549	3	interaction_vs_self	strong	up	FALSE	Nucleotide Metabolism	METABOLIC
N-Glycan degradation	N-Glycan degradation	5/105	9/1145	0.555555555555556	6.05820105820106	4.83859385165631	0.000552804780178498	0.0403547489530304	0.0384053847281904	gene_705/gene_928/gene_2690/gene_6122/gene_6171	5	interaction_vs_self	strong	down	TRUE	Metabolism of Complex Carbohydrates	METABOLIC
Starch and sucrose metabolism	Starch and sucrose metabolism	13/105	73/1145	0.178082191780822	1.94194390084801	2.64167914652509	0.0119655452512753	0.272091864241358	0.258948277432295	gene_648/gene_1109/gene_1439/gene_2886/gene_2946/gene_2947/gene_2958/gene_3418/gene_4862/gene_5037/gene_5659/gene_5694/gene_7979	13	interaction_vs_self	strong	down	FALSE	Metabolism of Complex Carbohydrates	METABOLIC
Glycosaminoglycan degradation	Glycosaminoglycan degradation	3/105	6/1145	0.5	5.45238095238095	3.47293832937742	0.0122140751367223	0.272091864241358	0.258948277432295	gene_705/gene_2690/gene_6122	3	interaction_vs_self	strong	down	FALSE	Metabolism of Complex Carbohydrates	METABOLIC
Ethylbenzene degradation	Ethylbenzene degradation	5/105	17/1145	0.294117647058824	3.20728291316527	2.91218462293616	0.0149091432461018	0.272091864241358	0.258948277432295	gene_3441/gene_4025/gene_4970/gene_6527/gene_8586	5	interaction_vs_self	strong	down	FALSE	Biodegradation of Xenobiotics	METABOLIC
Galactose metabolism	Galactose metabolism	8/105	41/1145	0.195121951219512	2.12775842044135	2.33568602488737	0.0281385844624282	0.339083015239776	0.322703374272894	gene_129/gene_705/gene_972/gene_1109/gene_2690/gene_4862/gene_6122/gene_7824	8	interaction_vs_self	strong	down	FALSE	Carbohydrate Metabolism	METABOLIC
gamma-Hexachlorocyclohexane degradation	gamma-Hexachlorocyclohexane degradation	8/105	41/1145	0.195121951219512	2.12775842044135	2.33568602488737	0.0281385844624282	0.339083015239776	0.322703374272894	gene_33/gene_1474/gene_3682/gene_4321/gene_5385/gene_5766/gene_7374/gene_8585	8	interaction_vs_self	strong	down	FALSE	Biodegradation of Xenobiotics	METABOLIC
Methane metabolism	Methane metabolism	4/105	14/1145	0.285714285714286	3.1156462585034	2.52968684179329	0.0325148096805265	0.339083015239776	0.322703374272894	gene_5766/gene_5980/gene_6240/gene_6609	4	interaction_vs_self	strong	down	FALSE	Energy Metabolism	METABOLIC
Glycerolipid metabolism	Glycerolipid metabolism	17/105	124/1145	0.137096774193548	1.49500768049155	1.85396231072888	0.0507109782974367	0.46273767696411	0.440384811530371	gene_705/gene_972/gene_1066/gene_1225/gene_1588/gene_1864/gene_2100/gene_2690/gene_2806/gene_3682/gene_4069/gene_4697/gene_4760/gene_5622/gene_6122/gene_6766/gene_8589	17	interaction_vs_self	strong	down	FALSE	Metabolism of Complex Lipids	METABOLIC
Caprolactam degradation	Caprolactam degradation	4/105	20/1145	0.2	2.18095238095238	1.69224061731135	0.102939838275828	0.816001281090652	0.776583771477765	gene_1864/gene_4967/gene_5622/gene_7693	4	interaction_vs_self	strong	down	FALSE	Biodegradation of Xenobiotics	METABOLIC
Fatty acid biosynthesis (path 1)	Fatty acid biosynthesis (path 1)	4/105	21/1145	0.19047619047619	2.07709750566893	1.58224052635448	0.118580432766166	0.816001281090652	0.776583771477765	gene_3066/gene_3439/gene_4914/gene_6041	4	interaction_vs_self	strong	down	FALSE	Lipid Metabolism	METABOLIC
Benzoate degradation via CoA ligation	Benzoate degradation via CoA ligation	9/105	64/1145	0.140625	1.53348214285714	1.39504436461311	0.122959097150646	0.816001281090652	0.776583771477765	gene_972/gene_3441/gene_3703/gene_4970/gene_5009/gene_5481/gene_5515/gene_7103/gene_8586	9	interaction_vs_self	strong	down	FALSE	Biodegradation of Xenobiotics	METABOLIC
Sphingoglycolipid metabolism	Sphingoglycolipid metabolism	6/105	42/1145	0.142857142857143	1.5578231292517	1.16983442883731	0.179956762709713	0.991790045306902	0.943880937134182	gene_705/gene_1588/gene_2636/gene_2690/gene_4069/gene_6122	6	interaction_vs_self	strong	down	FALSE	Metabolism of Complex Lipids	METABOLIC
Synthesis and degradation of ketone bodies	Synthesis and degradation of ketone bodies	2/105	9/1145	0.222222222222222	2.42328042328042	1.36148718210831	0.196488976066167	0.991790045306902	0.943880937134182	gene_4305/gene_6749	2	interaction_vs_self	strong	down	FALSE	Lipid Metabolism	METABOLIC
Fatty acid metabolism	Fatty acid metabolism	6/105	45/1145	0.133333333333333	1.45396825396825	0.986793749859567	0.22465885752752	0.991790045306902	0.943880937134182	gene_1225/gene_1474/gene_2106/gene_4321/gene_8585/gene_8589	6	interaction_vs_self	strong	down	FALSE	Lipid Metabolism	METABOLIC
Flavonoids, stilbene and lignin biosynthesis	Flavonoids, stilbene and lignin biosynthesis	5/105	36/1145	0.138888888888889	1.51455026455026	0.996332449923833	0.228812252092943	0.991790045306902	0.943880937134182	gene_1439/gene_3830/gene_5659/gene_5766/gene_7979	5	interaction_vs_self	strong	down	FALSE	Biosynthesis of Secondary Metabolites	METABOLIC
Ascorbate and aldarate metabolism	Ascorbate and aldarate metabolism	5/105	37/1145	0.135135135135135	1.47361647361647	0.930140969188512	0.246574104007436	0.991790045306902	0.943880937134182	gene_972/gene_3223/gene_6267/gene_7693/gene_8589	5	interaction_vs_self	strong	down	FALSE	Carbohydrate Metabolism	METABOLIC
Glycolysis / Gluconeogenesis	Glycolysis / Gluconeogenesis	7/105	57/1145	0.12280701754386	1.33918128654971	0.834345360712548	0.26225218634239	0.991790045306902	0.943880937134182	gene_1225/gene_1864/gene_2951/gene_5622/gene_5837/gene_7970/gene_8589	7	interaction_vs_self	strong	down	FALSE	Carbohydrate Metabolism	METABOLIC
Nucleotide sugars metabolism	Nucleotide sugars metabolism	3/105	20/1145	0.15	1.63571428571429	0.910944041980103	0.275446395154556	0.991790045306902	0.943880937134182	gene_972/gene_4724/gene_5037	3	interaction_vs_self	strong	down	FALSE	Nucleotide Metabolism	METABOLIC
Pentose and glucuronate interconversions	Pentose and glucuronate interconversions	4/105	31/1145	0.129032258064516	1.40706605222734	0.72978364955226	0.314872324572121	0.991790045306902	0.943880937134182	gene_1864/gene_4745/gene_5622/gene_6795	4	interaction_vs_self	strong	down	FALSE	Carbohydrate Metabolism	METABOLIC
Phenylalanine metabolism	Phenylalanine metabolism	4/105	33/1145	0.121212121212121	1.32178932178932	0.595754315379845	0.358515665505529	0.991790045306902	0.943880937134182	gene_1876/gene_2965/gene_5515/gene_5766	4	interaction_vs_self	strong	down	FALSE	Amino Acid Metabolism	METABOLIC
1,4-Dichlorobenzene degradation	1,4-Dichlorobenzene degradation	2/105	14/1145	0.142857142857143	1.5578231292517	0.666991385939067	0.372629338931734	0.991790045306902	0.943880937134182	gene_5766/gene_6858	2	interaction_vs_self	strong	down	FALSE	Biodegradation of Xenobiotics	METABOLIC
Glyoxylate and dicarboxylate metabolism	Glyoxylate and dicarboxylate metabolism	2/105	14/1145	0.142857142857143	1.5578231292517	0.666991385939067	0.372629338931734	0.991790045306902	0.943880937134182	gene_2100/gene_5914	2	interaction_vs_self	strong	down	FALSE	Carbohydrate Metabolism	METABOLIC
Toluene and xylene degradation	Toluene and xylene degradation	2/105	14/1145	0.142857142857143	1.5578231292517	0.666991385939067	0.372629338931734	0.991790045306902	0.943880937134182	gene_6858/gene_7374	2	interaction_vs_self	strong	down	FALSE	Biodegradation of Xenobiotics	METABOLIC
Propanoate metabolism	Propanoate metabolism	3/105	25/1145	0.12	1.30857142857143	0.495458970891369	0.406248079685122	0.991790045306902	0.943880937134182	gene_4025/gene_6527/gene_8589	3	interaction_vs_self	strong	down	FALSE	Carbohydrate Metabolism	METABOLIC
Butanoate metabolism	Butanoate metabolism	6/105	56/1145	0.107142857142857	1.16836734693878	0.410325903324145	0.408988008632034	0.991790045306902	0.943880937134182	gene_323/gene_972/gene_4305/gene_6749/gene_6795/gene_8589	6	interaction_vs_self	strong	down	FALSE	Carbohydrate Metabolism	METABOLIC
Cyanoamino acid metabolism	Cyanoamino acid metabolism	4/105	36/1145	0.111111111111111	1.21164021164021	0.409802550097206	0.423840903312467	0.991790045306902	0.943880937134182	gene_1439/gene_5515/gene_5659/gene_7979	4	interaction_vs_self	strong	down	FALSE	Metabolism of Other Amino Acids	METABOLIC
Glutathione metabolism	Glutathione metabolism	2/105	18/1145	0.111111111111111	1.21164021164021	0.287450768319305	0.502671115131123	0.991790045306902	0.943880937134182	gene_936/gene_1730	2	interaction_vs_self	strong	down	FALSE	Metabolism of Other Amino Acids	METABOLIC
Phenylalanine, tyrosine and tryptophan biosynthesis	Phenylalanine, tyrosine and tryptophan biosynthesis	2/105	18/1145	0.111111111111111	1.21164021164021	0.287450768319305	0.502671115131123	0.991790045306902	0.943880937134182	gene_1875/gene_1877	2	interaction_vs_self	strong	down	FALSE	Amino Acid Metabolism	METABOLIC
Blood group glycolipid biosynthesis - lact series	Blood group glycolipid biosynthesis - lact series	2/105	19/1145	0.105263157894737	1.14786967418546	0.206432329437348	0.532447668485049	0.991790045306902	0.943880937134182	gene_1588/gene_4069	2	interaction_vs_self	strong	down	FALSE	Metabolism of Complex Lipids	METABOLIC
Blood group glycolipid biosynthesis - neolact series	Blood group glycolipid biosynthesis - neolact series	2/105	19/1145	0.105263157894737	1.14786967418546	0.206432329437348	0.532447668485049	0.991790045306902	0.943880937134182	gene_1588/gene_4069	2	interaction_vs_self	strong	down	FALSE	Metabolism of Complex Lipids	METABOLIC
Chondroitin / heparan sulfate biosynthesis	Chondroitin / heparan sulfate biosynthesis	2/105	19/1145	0.105263157894737	1.14786967418546	0.206432329437348	0.532447668485049	0.991790045306902	0.943880937134182	gene_1588/gene_4069	2	interaction_vs_self	strong	down	FALSE	Metabolism of Complex Carbohydrates	METABOLIC
Keratan sulfate biosynthesis	Keratan sulfate biosynthesis	2/105	19/1145	0.105263157894737	1.14786967418546	0.206432329437348	0.532447668485049	0.991790045306902	0.943880937134182	gene_1588/gene_4069	2	interaction_vs_self	strong	down	FALSE	Metabolism of Complex Carbohydrates	METABOLIC
2,4-Dichlorobenzoate degradation	2,4-Dichlorobenzoate degradation	1/105	8/1145	0.125	1.36309523809524	0.327322836907363	0.53788971461165	0.991790045306902	0.943880937134182	gene_6795	1	interaction_vs_self	strong	down	FALSE	Biodegradation of Xenobiotics	METABOLIC
Sphingophospholipid biosynthesis	Sphingophospholipid biosynthesis	1/105	8/1145	0.125	1.36309523809524	0.327322836907363	0.53788971461165	0.991790045306902	0.943880937134182	gene_2806	1	interaction_vs_self	strong	down	FALSE	Metabolism of Complex Lipids	METABOLIC
O-Glycans biosynthesis	O-Glycans biosynthesis	2/105	20/1145	0.1	1.09047619047619	0.129647466648854	0.561003365521771	0.991790045306902	0.943880937134182	gene_1588/gene_4069	2	interaction_vs_self	strong	down	FALSE	Metabolism of Complex Carbohydrates	METABOLIC
Fructose and mannose metabolism	Fructose and mannose metabolism	6/105	66/1145	0.0909090909090909	0.991341991341991	-0.0230128418722388	0.57558684648715	0.991790045306902	0.943880937134182	gene_972/gene_1588/gene_4069/gene_5170/gene_5485/gene_8548	6	interaction_vs_self	strong	down	FALSE	Carbohydrate Metabolism	METABOLIC
1,2-Dichloroethane degradation	1,2-Dichloroethane degradation	1/105	9/1145	0.111111111111111	1.21164021164021	0.202451625592314	0.580564806929835	0.991790045306902	0.943880937134182	gene_8589	1	interaction_vs_self	strong	down	FALSE	Biodegradation of Xenobiotics	METABOLIC
Tryptophan metabolism	Tryptophan metabolism	7/105	78/1145	0.0897435897435897	0.978632478632479	-0.0620883660211104	0.586675665478949	0.991790045306902	0.943880937134182	gene_1474/gene_4321/gene_5515/gene_5766/gene_6240/gene_8585/gene_8589	7	interaction_vs_self	strong	down	FALSE	Amino Acid Metabolism	METABOLIC
Peptidoglycan biosynthesis	Peptidoglycan biosynthesis	2/105	21/1145	0.0952380952380952	1.03854875283447	0.0566275556800553	0.588309959553611	0.991790045306902	0.943880937134182	gene_1588/gene_4069	2	interaction_vs_self	strong	down	FALSE	Metabolism of Complex Carbohydrates	METABOLIC
Riboflavin metabolism	Riboflavin metabolism	2/105	21/1145	0.0952380952380952	1.03854875283447	0.0566275556800553	0.588309959553611	0.991790045306902	0.943880937134182	gene_33/gene_5385	2	interaction_vs_self	strong	down	FALSE	Metabolism of Cofactors and Vitamins	METABOLIC
Bile acid biosynthesis	Bile acid biosynthesis	4/105	45/1145	0.0888888888888889	0.969312169312169	-0.0667063374030941	0.605270715246819	0.991790045306902	0.943880937134182	gene_972/gene_1225/gene_5766/gene_8589	4	interaction_vs_self	strong	down	FALSE	Lipid Metabolism	METABOLIC
Globoside metabolism	Globoside metabolism	2/105	22/1145	0.0909090909090909	0.991341991341991	-0.0130235826402472	0.614354473905777	0.991790045306902	0.943880937134182	gene_1588/gene_4069	2	interaction_vs_self	strong	down	FALSE	Metabolism of Complex Lipids	METABOLIC
Valine, leucine and isoleucine degradation	Valine, leucine and isoleucine degradation	3/105	34/1145	0.0882352941176471	0.96218487394958	-0.0710949860844159	0.617776957046167	0.991790045306902	0.943880937134182	gene_6749/gene_7146/gene_8589	3	interaction_vs_self	strong	down	FALSE	Amino Acid Metabolism	METABOLIC
Vitamin B6 metabolism	Vitamin B6 metabolism	2/105	23/1145	0.0869565217391304	0.94824016563147	-0.0796436874895162	0.639136685755949	0.991790045306902	0.943880937134182	gene_972/gene_6142	2	interaction_vs_self	strong	down	FALSE	Metabolism of Cofactors and Vitamins	METABOLIC
Styrene degradation	Styrene degradation	2/105	25/1145	0.08	0.872380952380952	-0.204912043516801	0.684964227946307	0.991790045306902	0.943880937134182	gene_5515/gene_5766	2	interaction_vs_self	strong	down	FALSE	Biodegradation of Xenobiotics	METABOLIC
Alkaloid biosynthesis I	Alkaloid biosynthesis I	1/105	12/1145	0.0833333333333333	0.908730158730159	-0.10094712518703	0.686535124025457	0.991790045306902	0.943880937134182	gene_5766	1	interaction_vs_self	strong	down	FALSE	Biosynthesis of Secondary Metabolites	METABOLIC
Benzoate degradation via hydroxylation	Benzoate degradation via hydroxylation	1/105	12/1145	0.0833333333333333	0.908730158730159	-0.10094712518703	0.686535124025457	0.991790045306902	0.943880937134182	gene_6858	1	interaction_vs_self	strong	down	FALSE	Biodegradation of Xenobiotics	METABOLIC
Tetrachloroethene degradation	Tetrachloroethene degradation	1/105	12/1145	0.0833333333333333	0.908730158730159	-0.10094712518703	0.686535124025457	0.991790045306902	0.943880937134182	gene_972	1	interaction_vs_self	strong	down	FALSE	Biodegradation of Xenobiotics	METABOLIC
Nitorobenzene degradation	Nitorobenzene degradation	2/105	26/1145	0.0769230769230769	0.838827838827839	-0.264029620984497	0.706054579343749	0.991790045306902	0.943880937134182	gene_7374/gene_8587	2	interaction_vs_self	strong	down	FALSE	Biodegradation of Xenobiotics	METABOLIC
Pentose phosphate pathway	Pentose phosphate pathway	2/105	28/1145	0.0714285714285714	0.77891156462585	-0.376191906221599	0.744745270179045	0.991790045306902	0.943880937134182	gene_2401/gene_7693	2	interaction_vs_self	strong	down	FALSE	Carbohydrate Metabolism	METABOLIC
Nitrogen metabolism	Nitrogen metabolism	1/105	16/1145	0.0625	0.681547619047619	-0.40742578667519	0.787672481512316	0.991790045306902	0.943880937134182	gene_2831	1	interaction_vs_self	strong	down	FALSE	Energy Metabolism	METABOLIC
Aminophosphonate metabolism	Aminophosphonate metabolism	1/105	17/1145	0.0588235294117647	0.641456582633053	-0.473045217938869	0.80741950493234	0.991790045306902	0.943880937134182	gene_2806	1	interaction_vs_self	strong	down	FALSE	Metabolism of Other Amino Acids	METABOLIC
Folate biosynthesis	Folate biosynthesis	1/105	17/1145	0.0588235294117647	0.641456582633053	-0.473045217938869	0.80741950493234	0.991790045306902	0.943880937134182	gene_3682	1	interaction_vs_self	strong	down	FALSE	Metabolism of Cofactors and Vitamins	METABOLIC
Tyrosine metabolism	Tyrosine metabolism	4/105	59/1145	0.0677966101694915	0.739305891848265	-0.653030252875672	0.808815032181928	0.991790045306902	0.943880937134182	gene_1225/gene_1876/gene_2965/gene_5766	4	interaction_vs_self	strong	down	FALSE	Amino Acid Metabolism	METABOLIC
Pyruvate metabolism	Pyruvate metabolism	3/105	49/1145	0.0612244897959184	0.667638483965015	-0.755256525559005	0.844913185025678	0.991790045306902	0.943880937134182	gene_2951/gene_5650/gene_8589	3	interaction_vs_self	strong	down	FALSE	Carbohydrate Metabolism	METABOLIC
N-Glycans biosynthesis	N-Glycans biosynthesis	2/105	35/1145	0.0571428571428571	0.62312925170068	-0.719210393501605	0.847791871977678	0.991790045306902	0.943880937134182	gene_1588/gene_4069	2	interaction_vs_self	strong	down	FALSE	Metabolism of Complex Carbohydrates	METABOLIC
Androgen and estrogen metabolism	Androgen and estrogen metabolism	1/105	20/1145	0.05	0.545238095238095	-0.651649108682396	0.85638719519312	0.991790045306902	0.943880937134182	gene_5766	1	interaction_vs_self	strong	down	FALSE	Lipid Metabolism	METABOLIC
DNA polymerase	DNA polymerase	1/105	20/1145	0.05	0.545238095238095	-0.651649108682396	0.85638719519312	0.991790045306902	0.943880937134182	gene_6064	1	interaction_vs_self	strong	down	FALSE	REPLICATION AND REPAIR	REGULATORY
beta-Alanine metabolism	beta-Alanine metabolism	1/105	21/1145	0.0476190476190476	0.519274376417234	-0.706178929657159	0.869791056975096	0.991790045306902	0.943880937134182	gene_8589	1	interaction_vs_self	strong	down	FALSE	Metabolism of Other Amino Acids	METABOLIC
Fluorene degradation	Fluorene degradation	1/105	21/1145	0.0476190476190476	0.519274376417234	-0.706178929657159	0.869791056975096	0.991790045306902	0.943880937134182	gene_8587	1	interaction_vs_self	strong	down	FALSE	Biodegradation of Xenobiotics	METABOLIC
Inositol phosphate metabolism	Inositol phosphate metabolism	1/105	21/1145	0.0476190476190476	0.519274376417234	-0.706178929657159	0.869791056975096	0.991790045306902	0.943880937134182	gene_3216	1	interaction_vs_self	strong	down	FALSE	Metabolism of Complex Lipids	METABOLIC
Glycine, serine and threonine metabolism	Glycine, serine and threonine metabolism	3/105	53/1145	0.0566037735849057	0.617250673854448	-0.906216660955049	0.881255779493568	0.991790045306902	0.943880937134182	gene_972/gene_2100/gene_4913	3	interaction_vs_self	strong	down	FALSE	Amino Acid Metabolism	METABOLIC
Sterol biosynthesis	Sterol biosynthesis	1/105	22/1145	0.0454545454545455	0.495670995670996	-0.758623688794396	0.88195470378792	0.991790045306902	0.943880937134182	gene_5766	1	interaction_vs_self	strong	down	FALSE	Lipid Metabolism	METABOLIC
Carbon fixation	Carbon fixation	1/105	23/1145	0.0434782608695652	0.474120082815735	-0.809179864893483	0.892991886425737	0.991790045306902	0.943880937134182	gene_2951	1	interaction_vs_self	strong	down	FALSE	Energy Metabolism	METABOLIC
Arginine and proline metabolism	Arginine and proline metabolism	4/105	69/1145	0.0579710144927536	0.63216011042098	-1.00107871015359	0.894846824761459	0.991790045306902	0.943880937134182	gene_5171/gene_5515/gene_8389/gene_8589	4	interaction_vs_self	strong	down	FALSE	Amino Acid Metabolism	METABOLIC
Histidine metabolism	Histidine metabolism	2/105	40/1145	0.05	0.545238095238095	-0.929873616627678	0.896686890277473	0.991790045306902	0.943880937134182	gene_5766/gene_8589	2	interaction_vs_self	strong	down	FALSE	Amino Acid Metabolism	METABOLIC
Lysine degradation	Lysine degradation	3/105	60/1145	0.05	0.545238095238095	-1.14930639987342	0.927150253401671	0.995597543699528	0.9475045116679	gene_972/gene_1855/gene_8589	3	interaction_vs_self	strong	down	FALSE	Amino Acid Metabolism	METABOLIC
Ubiquinone biosynthesis	Ubiquinone biosynthesis	1/105	27/1145	0.037037037037037	0.403880070546737	-0.995601664016898	0.927808047574038	0.995597543699528	0.9475045116679	gene_5766	1	interaction_vs_self	strong	down	FALSE	Metabolism of Cofactors and Vitamins	METABOLIC
Purine metabolism	Purine metabolism	5/105	96/1145	0.0520833333333333	0.567956349206349	-1.40464472238258	0.953347082846199	0.995597543699528	0.9475045116679	gene_1428/gene_2392/gene_2951/gene_5281/gene_6064	5	interaction_vs_self	strong	down	FALSE	Nucleotide Metabolism	METABOLIC
Nicotinate and nicotinamide metabolism	Nicotinate and nicotinamide metabolism	1/105	33/1145	0.0303030303030303	0.33044733044733	-1.2395964230325	0.960107745669467	0.995597543699528	0.9475045116679	gene_3646	1	interaction_vs_self	strong	down	FALSE	Metabolism of Cofactors and Vitamins	METABOLIC
Pantothenate and CoA biosynthesis	Pantothenate and CoA biosynthesis	1/105	37/1145	0.027027027027027	0.294723294723295	-1.38510122585681	0.973187183628749	0.995597543699528	0.9475045116679	gene_6650	1	interaction_vs_self	strong	down	FALSE	Metabolism of Cofactors and Vitamins	METABOLIC
Aminosugars metabolism	Aminosugars metabolism	1/105	45/1145	0.0222222222222222	0.242328042328042	-1.64695646829709	0.987941940942426	0.995597543699528	0.9475045116679	gene_7391	1	interaction_vs_self	strong	down	FALSE	Metabolism of Complex Carbohydrates	METABOLIC
Pyrimidine metabolism	Pyrimidine metabolism	1/105	55/1145	0.0181818181818182	0.198268398268398	-1.93547733666696	0.995597543699528	0.995597543699528	0.9475045116679	gene_6064	1	interaction_vs_self	strong	down	FALSE	Nucleotide Metabolism	METABOLIC
Arginine and proline metabolism	Arginine and proline metabolism	33/350	69/1145	0.478260869565217	1.56459627329193	3.20863182653825	0.00143167585336357	0.134577530216176	0.131111367623822	gene_2/gene_883/gene_1194/gene_1561/gene_2029/gene_2059/gene_2076/gene_2272/gene_2300/gene_2418/gene_2612/gene_2644/gene_2656/gene_3213/gene_3585/gene_3769/gene_4055/gene_4675/gene_4843/gene_4978/gene_5610/gene_5665/gene_6196/gene_6365/gene_6438/gene_6501/gene_7072/gene_7357/gene_7384/gene_7989/gene_7998/gene_8368/gene_8370	33	onu_vs_self	significant	up	FALSE	Amino Acid Metabolism	METABOLIC
Phenylalanine metabolism	Phenylalanine metabolism	17/350	33/1145	0.515151515151515	1.68528138528139	2.64933563707836	0.00868026585131276	0.4079724950117	0.397464804770637	gene_2/gene_1194/gene_1531/gene_1968/gene_2029/gene_2418/gene_2889/gene_3769/gene_5279/gene_5665/gene_6196/gene_6501/gene_7563/gene_7987/gene_7989/gene_7998/gene_8370	17	onu_vs_self	significant	up	FALSE	Amino Acid Metabolism	METABOLIC
Biotin metabolism	Biotin metabolism	9/350	15/1145	0.6	1.96285714285714	2.48961237695098	0.0166975925457273	0.445236673045294	0.433769211141552	gene_223/gene_1279/gene_1490/gene_3925/gene_4163/gene_6104/gene_6377/gene_7343/gene_8226	9	onu_vs_self	significant	up	FALSE	Metabolism of Cofactors and Vitamins	METABOLIC
Glycolysis / Gluconeogenesis	Glycolysis / Gluconeogenesis	25/350	57/1145	0.43859649122807	1.43483709273183	2.23363925587591	0.0205460373702166	0.445236673045294	0.433769211141552	gene_7/gene_466/gene_681/gene_777/gene_1436/gene_1552/gene_1968/gene_2296/gene_2633/gene_2889/gene_2905/gene_2953/gene_3213/gene_3428/gene_4055/gene_4591/gene_5119/gene_5122/gene_6213/gene_6304/gene_6431/gene_6707/gene_7141/gene_7563/gene_8436	25	onu_vs_self	significant	up	FALSE	Carbohydrate Metabolism	METABOLIC
Carbon fixation	Carbon fixation	12/350	23/1145	0.521739130434783	1.70683229813665	2.27115798622936	0.0236828017577284	0.445236673045294	0.433769211141552	gene_466/gene_681/gene_1194/gene_2953/gene_4448/gene_5119/gene_5121/gene_5122/gene_6431/gene_6501/gene_6707/gene_8166	12	onu_vs_self	significant	up	FALSE	Energy Metabolism	METABOLIC
Ascorbate and aldarate metabolism	Ascorbate and aldarate metabolism	17/350	37/1145	0.459459459459459	1.5030888030888	2.06318942695071	0.0327996984305292	0.513861942078291	0.500626976044919	gene_168/gene_184/gene_330/gene_900/gene_1403/gene_1514/gene_1743/gene_2937/gene_3213/gene_3671/gene_4055/gene_4337/gene_5065/gene_5173/gene_6198/gene_7242/gene_7693	17	onu_vs_self	significant	up	FALSE	Carbohydrate Metabolism	METABOLIC
Styrene degradation	Styrene degradation	12/350	25/1145	0.48	1.57028571428571	1.91212797623746	0.0487442711726101	0.614112312405878	0.598295309958695	gene_2/gene_1531/gene_2029/gene_2418/gene_2440/gene_3769/gene_6196/gene_6529/gene_7987/gene_7989/gene_7998/gene_8370	12	onu_vs_self	significant	up	FALSE	Biodegradation of Xenobiotics	METABOLIC
Cyanoamino acid metabolism	Cyanoamino acid metabolism	16/350	36/1145	0.444444444444444	1.45396825396825	1.83558470829142	0.0522648776515641	0.614112312405878	0.598295309958695	gene_2/gene_738/gene_1687/gene_2029/gene_2418/gene_3307/gene_3512/gene_3769/gene_4141/gene_6196/gene_7738/gene_7989/gene_7998/gene_8349/gene_8370/gene_8386	16	onu_vs_self	significant	up	FALSE	Metabolism of Other Amino Acids	METABOLIC
Vitamin B6 metabolism	Vitamin B6 metabolism	11/350	23/1145	0.478260869565217	1.56459627329193	1.81413234576668	0.059911900098783	0.625746512142844	0.609629860654283	gene_184/gene_330/gene_1198/gene_1383/gene_1743/gene_2511/gene_3313/gene_4337/gene_5124/gene_5173/gene_6198	11	onu_vs_self	significant	up	FALSE	Metabolism of Cofactors and Vitamins	METABOLIC
Benzoate degradation via CoA ligation	Benzoate degradation via CoA ligation	25/350	64/1145	0.390625	1.27790178571429	1.51751134833678	0.0858700554743524	0.693675607824053	0.675809382762515	gene_2/gene_184/gene_330/gene_484/gene_965/gene_1114/gene_1743/gene_2029/gene_2418/gene_2629/gene_3769/gene_4064/gene_4308/gene_4337/gene_5173/gene_5573/gene_6196/gene_6198/gene_7226/gene_7462/gene_7983/gene_7989/gene_7998/gene_8274/gene_8370	25	onu_vs_self	significant	up	FALSE	Biodegradation of Xenobiotics	METABOLIC
Butanoate metabolism	Butanoate metabolism	22/350	56/1145	0.392857142857143	1.28520408163265	1.45144064391161	0.0979171691888624	0.693675607824053	0.675809382762515	gene_184/gene_330/gene_1114/gene_1743/gene_1880/gene_2296/gene_3213/gene_4055/gene_4065/gene_4303/gene_4305/gene_4308/gene_4337/gene_5173/gene_5502/gene_5918/gene_6198/gene_6304/gene_6973/gene_7226/gene_7535/gene_8571	22	onu_vs_self	significant	up	FALSE	Carbohydrate Metabolism	METABOLIC
Fructose and mannose metabolism	Fructose and mannose metabolism	25/350	66/1145	0.378787878787879	1.23917748917749	1.32753205952631	0.117978178577452	0.693675607824053	0.675809382762515	gene_7/gene_131/gene_184/gene_330/gene_364/gene_466/gene_681/gene_851/gene_1150/gene_1743/gene_3111/gene_3677/gene_4337/gene_5119/gene_5122/gene_5129/gene_5173/gene_5494/gene_5597/gene_6198/gene_6707/gene_7622/gene_8197/gene_8537/gene_8594	25	onu_vs_self	significant	up	FALSE	Carbohydrate Metabolism	METABOLIC
Caprolactam degradation	Caprolactam degradation	9/350	20/1145	0.45	1.47214285714286	1.41278355329951	0.122798821278225	0.693675607824053	0.675809382762515	gene_1436/gene_1514/gene_3964/gene_4620/gene_4956/gene_5649/gene_6158/gene_6213/gene_7693	9	onu_vs_self	significant	up	FALSE	Biodegradation of Xenobiotics	METABOLIC
Nucleotide sugars metabolism	Nucleotide sugars metabolism	9/350	20/1145	0.45	1.47214285714286	1.41278355329951	0.122798821278225	0.693675607824053	0.675809382762515	gene_184/gene_330/gene_1743/gene_3117/gene_4337/gene_4724/gene_5037/gene_5173/gene_6198	9	onu_vs_self	significant	up	FALSE	Nucleotide Metabolism	METABOLIC
Valine, leucine and isoleucine biosynthesis	Valine, leucine and isoleucine biosynthesis	9/350	20/1145	0.45	1.47214285714286	1.41278355329951	0.122798821278225	0.693675607824053	0.675809382762515	gene_975/gene_2296/gene_2768/gene_3846/gene_5405/gene_5501/gene_6304/gene_7711/gene_7733	9	onu_vs_self	significant	up	FALSE	Amino Acid Metabolism	METABOLIC
Pantothenate and CoA biosynthesis	Pantothenate and CoA biosynthesis	15/350	37/1145	0.405405405405405	1.32625482625483	1.33798546874394	0.124723589121852	0.693675607824053	0.675809382762515	gene_975/gene_1561/gene_1977/gene_2076/gene_2644/gene_2768/gene_2814/gene_3585/gene_3846/gene_4675/gene_5125/gene_5405/gene_5501/gene_5826/gene_6365	15	onu_vs_self	significant	up	FALSE	Metabolism of Cofactors and Vitamins	METABOLIC
Tetrachloroethene degradation	Tetrachloroethene degradation	6/350	12/1145	0.5	1.63571428571429	1.46825371756493	0.125860837567816	0.693675607824053	0.675809382762515	gene_184/gene_330/gene_1743/gene_4337/gene_5173/gene_6198	6	onu_vs_self	significant	up	FALSE	Biodegradation of Xenobiotics	METABOLIC
Thiamine metabolism	Thiamine metabolism	4/350	7/1145	0.571428571428571	1.86938775510204	1.53022353835712	0.132831499370563	0.693675607824053	0.675809382762515	gene_1139/gene_1198/gene_2511/gene_3313	4	onu_vs_self	significant	up	FALSE	Metabolism of Cofactors and Vitamins	METABOLIC
Glycine, serine and threonine metabolism	Glycine, serine and threonine metabolism	20/350	53/1145	0.377358490566038	1.23450134770889	1.1594056934004	0.156839481164564	0.775942696287842	0.755957610045266	gene_184/gene_330/gene_1572/gene_1743/gene_2059/gene_3757/gene_3892/gene_3997/gene_4337/gene_5173/gene_5610/gene_5665/gene_5893/gene_6198/gene_6359/gene_6435/gene_7461/gene_7698/gene_8349/gene_8436	20	onu_vs_self	significant	up	FALSE	Amino Acid Metabolism	METABOLIC
Tryptophan metabolism	Tryptophan metabolism	28/350	78/1145	0.358974358974359	1.17435897435897	1.05796881717349	0.175367675021271	0.824228072599972	0.802999354044765	gene_2/gene_1114/gene_1157/gene_1531/gene_2029/gene_2418/gene_3175/gene_3213/gene_3547/gene_3769/gene_4055/gene_4308/gene_4471/gene_4473/gene_4491/gene_4656/gene_5468/gene_5665/gene_6196/gene_7226/gene_7346/gene_7492/gene_7982/gene_7987/gene_7989/gene_7998/gene_8268/gene_8370	28	onu_vs_self	significant	up	FALSE	Amino Acid Metabolism	METABOLIC
Pentose and glucuronate interconversions	Pentose and glucuronate interconversions	12/350	31/1145	0.387096774193548	1.26635944700461	0.997171427990743	0.209414283417523	0.896275806494457	0.873191435218564	gene_1436/gene_1575/gene_3117/gene_4065/gene_4745/gene_5494/gene_6213/gene_6973/gene_7697/gene_7988/gene_8537/gene_8571	12	onu_vs_self	significant	up	FALSE	Carbohydrate Metabolism	METABOLIC
Methane metabolism	Methane metabolism	6/350	14/1145	0.428571428571429	1.40204081632653	1.00384424047721	0.232848103519512	0.896275806494457	0.873191435218564	gene_320/gene_1157/gene_1531/gene_5980/gene_7987/gene_8349	6	onu_vs_self	significant	up	FALSE	Energy Metabolism	METABOLIC
Toluene and xylene degradation	Toluene and xylene degradation	6/350	14/1145	0.428571428571429	1.40204081632653	1.00384424047721	0.232848103519512	0.896275806494457	0.873191435218564	gene_1318/gene_1576/gene_3042/gene_7374/gene_7730/gene_7997	6	onu_vs_self	significant	up	FALSE	Biodegradation of Xenobiotics	METABOLIC
gamma-Hexachlorocyclohexane degradation	gamma-Hexachlorocyclohexane degradation	15/350	41/1145	0.365853658536585	1.19686411149826	0.851407384904435	0.245134380518831	0.896275806494457	0.873191435218564	gene_168/gene_1318/gene_1531/gene_1576/gene_3042/gene_3671/gene_4473/gene_4491/gene_5862/gene_7242/gene_7374/gene_7492/gene_7730/gene_7987/gene_7997	15	onu_vs_self	significant	up	FALSE	Biodegradation of Xenobiotics	METABOLIC
Lysine degradation	Lysine degradation	21/350	60/1145	0.35	1.145	0.765230424086534	0.263858233702648	0.896275806494457	0.873191435218564	gene_184/gene_223/gene_330/gene_1027/gene_1114/gene_1279/gene_1490/gene_1743/gene_3213/gene_3925/gene_4055/gene_4308/gene_4337/gene_5173/gene_5467/gene_6104/gene_6198/gene_7226/gene_7343/gene_8226/gene_8349	21	onu_vs_self	significant	up	FALSE	Amino Acid Metabolism	METABOLIC
D-Arginine and D-ornithine metabolism	D-Arginine and D-ornithine metabolism	3/350	6/1145	0.5	1.63571428571429	1.03547401346385	0.265886329743614	0.896275806494457	0.873191435218564	gene_2059/gene_4591/gene_5610	3	onu_vs_self	significant	up	FALSE	Metabolism of Other Amino Acids	METABOLIC
Synthesis and degradation of ketone bodies	Synthesis and degradation of ketone bodies	4/350	9/1145	0.444444444444444	1.45396825396825	0.906819901481442	0.282861086840302	0.896275806494457	0.873191435218564	gene_1114/gene_1880/gene_4305/gene_5502	4	onu_vs_self	significant	up	FALSE	Lipid Metabolism	METABOLIC
Flavonoids, stilbene and lignin biosynthesis	Flavonoids, stilbene and lignin biosynthesis	13/350	36/1145	0.361111111111111	1.18134920634921	0.733271164063969	0.286134657742365	0.896275806494457	0.873191435218564	gene_168/gene_738/gene_1531/gene_1687/gene_2753/gene_3307/gene_3671/gene_4310/gene_7242/gene_7738/gene_7925/gene_7987/gene_8386	13	onu_vs_self	significant	up	FALSE	Biosynthesis of Secondary Metabolites	METABOLIC
Alkaloid biosynthesis I	Alkaloid biosynthesis I	5/350	12/1145	0.416666666666667	1.36309523809524	0.838609333066109	0.29072338603362	0.896275806494457	0.873191435218564	gene_1194/gene_1531/gene_2753/gene_6501/gene_7987	5	onu_vs_self	significant	up	FALSE	Biosynthesis of Secondary Metabolites	METABOLIC
Fatty acid biosynthesis (path 1)	Fatty acid biosynthesis (path 1)	8/350	21/1145	0.380952380952381	1.24625850340136	0.755407335178178	0.295455694470458	0.896275806494457	0.873191435218564	gene_1406/gene_1440/gene_1892/gene_3211/gene_7336/gene_7695/gene_8490/gene_8491	8	onu_vs_self	significant	up	FALSE	Lipid Metabolism	METABOLIC
Methionine metabolism	Methionine metabolism	7/350	18/1145	0.388888888888889	1.27222222222222	0.772078287849877	0.295580319163066	0.896275806494457	0.873191435218564	gene_885/gene_1256/gene_1833/gene_1963/gene_6120/gene_6884/gene_7990	7	onu_vs_self	significant	up	FALSE	Amino Acid Metabolism	METABOLIC
Sterol biosynthesis	Sterol biosynthesis	8/350	22/1145	0.363636363636364	1.18961038961039	0.595589541491182	0.349487523817977	0.954824459366663	0.930232116068306	gene_1205/gene_1531/gene_1746/gene_2498/gene_3946/gene_6477/gene_7231/gene_7987	8	onu_vs_self	significant	up	FALSE	Lipid Metabolism	METABOLIC
Nitrogen metabolism	Nitrogen metabolism	6/350	16/1145	0.375	1.22678571428571	0.605887767420607	0.358447482831371	0.954824459366663	0.930232116068306	gene_3658/gene_3837/gene_4141/gene_5344/gene_5661/gene_6735	6	onu_vs_self	significant	up	FALSE	Energy Metabolism	METABOLIC
Urea cycle and metabolism of amino groups	Urea cycle and metabolism of amino groups	6/350	16/1145	0.375	1.22678571428571	0.605887767420607	0.358447482831371	0.954824459366663	0.930232116068306	gene_978/gene_2300/gene_3738/gene_4290/gene_7357/gene_8032	6	onu_vs_self	significant	up	FALSE	Amino Acid Metabolism	METABOLIC
Galactose metabolism	Galactose metabolism	14/350	41/1145	0.341463414634146	1.11707317073171	0.506323683766177	0.362441825949973	0.954824459366663	0.930232116068306	gene_7/gene_184/gene_330/gene_778/gene_1743/gene_2533/gene_3117/gene_4337/gene_5173/gene_5494/gene_6122/gene_6198/gene_6679/gene_8537	14	onu_vs_self	significant	up	FALSE	Carbohydrate Metabolism	METABOLIC
Cysteine metabolism	Cysteine metabolism	3/350	7/1145	0.428571428571429	1.40204081632653	0.707638584639325	0.365677452523403	0.954824459366663	0.930232116068306	gene_533/gene_1194/gene_6501	3	onu_vs_self	significant	up	FALSE	Amino Acid Metabolism	METABOLIC
Aminosugars metabolism	Aminosugars metabolism	15/350	45/1145	0.333333333333333	1.09047619047619	0.410683912311022	0.395874094258615	0.98061064423172	0.955354155074576	gene_7/gene_545/gene_546/gene_973/gene_1184/gene_1198/gene_1950/gene_2511/gene_3313/gene_3342/gene_4195/gene_6137/gene_6339/gene_7154/gene_8245	15	onu_vs_self	significant	up	FALSE	Metabolism of Complex Carbohydrates	METABOLIC
Glutamate metabolism	Glutamate metabolism	9/350	26/1145	0.346153846153846	1.13241758241758	0.452981802294658	0.396417068944738	0.98061064423172	0.955354155074576	gene_1194/gene_1950/gene_3342/gene_3658/gene_4303/gene_5549/gene_5918/gene_6501/gene_6735	9	onu_vs_self	significant	up	FALSE	Amino Acid Metabolism	METABOLIC
Pyrimidine metabolism	Pyrimidine metabolism	18/350	55/1145	0.327272727272727	1.07064935064935	0.356155569681442	0.411782440613584	0.988677609278023	0.96321334834477	gene_56/gene_311/gene_548/gene_1409/gene_1785/gene_1977/gene_2541/gene_2673/gene_3657/gene_3824/gene_4827/gene_4830/gene_5742/gene_5747/gene_5992/gene_6755/gene_6903/gene_7960	18	onu_vs_self	significant	up	FALSE	Nucleotide Metabolism	METABOLIC
Pyruvate metabolism	Pyruvate metabolism	16/350	49/1145	0.326530612244898	1.06822157434402	0.323726290179655	0.427188518907157	0.988677609278023	0.96321334834477	gene_777/gene_1114/gene_1552/gene_1933/gene_2296/gene_2953/gene_3213/gene_4055/gene_5184/gene_5494/gene_6248/gene_6290/gene_6304/gene_8166/gene_8436/gene_8537	16	onu_vs_self	significant	up	FALSE	Carbohydrate Metabolism	METABOLIC
Phospholipid degradation	Phospholipid degradation	5/350	14/1145	0.357142857142857	1.16836734693878	0.420391623550101	0.434352958173871	0.988677609278023	0.96321334834477	gene_2709/gene_3557/gene_3892/gene_4922/gene_7584	5	onu_vs_self	significant	up	FALSE	Metabolism of Complex Lipids	METABOLIC
Fatty acid biosynthesis (path 2)	Fatty acid biosynthesis (path 2)	4/350	11/1145	0.363636363636364	1.18961038961039	0.419097833699278	0.447168097246353	0.988677609278023	0.96321334834477	gene_1114/gene_4308/gene_6790/gene_7226	4	onu_vs_self	significant	up	FALSE	Lipid Metabolism	METABOLIC
2,4-Dichlorobenzoate degradation	2,4-Dichlorobenzoate degradation	3/350	8/1145	0.375	1.22678571428571	0.426917468164789	0.462785263917372	0.988677609278023	0.96321334834477	gene_4065/gene_6973/gene_8571	3	onu_vs_self	significant	up	FALSE	Biodegradation of Xenobiotics	METABOLIC
Oxidative phosphorylation	Oxidative phosphorylation	3/350	8/1145	0.375	1.22678571428571	0.426917468164789	0.462785263917372	0.988677609278023	0.96321334834477	gene_161/gene_2234/gene_5369	3	onu_vs_self	significant	up	FALSE	Energy Metabolism	METABOLIC
Lipopolysaccharide biosynthesis	Lipopolysaccharide biosynthesis	6/350	18/1145	0.333333333333333	1.09047619047619	0.256609110247481	0.487171833805865	0.997661595592901	0.971965944194651	gene_1561/gene_2076/gene_2644/gene_3585/gene_4675/gene_6365	6	onu_vs_self	significant	up	FALSE	Metabolism of Complex Carbohydrates	METABOLIC
Nitorobenzene degradation	Nitorobenzene degradation	8/350	26/1145	0.307692307692308	1.00659340659341	0.0225551104877007	0.56583858919386	0.997661595592901	0.971965944194651	gene_1318/gene_1576/gene_3042/gene_5899/gene_7331/gene_7374/gene_7730/gene_7997	8	onu_vs_self	significant	up	FALSE	Biodegradation of Xenobiotics	METABOLIC
Nicotinate and nicotinamide metabolism	Nicotinate and nicotinamide metabolism	10/350	33/1145	0.303030303030303	0.991341991341991	-0.0334723390660562	0.580010103650068	0.997661595592901	0.971965944194651	gene_1198/gene_1561/gene_2076/gene_2511/gene_2644/gene_3313/gene_3585/gene_4675/gene_5761/gene_6365	10	onu_vs_self	significant	up	FALSE	Metabolism of Cofactors and Vitamins	METABOLIC
Alanine and aspartate metabolism	Alanine and aspartate metabolism	7/350	23/1145	0.304347826086957	0.995652173913044	-0.0139702160840119	0.584761278674252	0.997661595592901	0.971965944194651	gene_810/gene_1194/gene_3837/gene_4029/gene_4141/gene_4303/gene_6501	7	onu_vs_self	significant	up	FALSE	Amino Acid Metabolism	METABOLIC
Glycosaminoglycan degradation	Glycosaminoglycan degradation	2/350	6/1145	0.333333333333333	1.09047619047619	0.147370833376878	0.592501527577461	0.997661595592901	0.971965944194651	gene_6122/gene_7154	2	onu_vs_self	significant	up	FALSE	Metabolism of Complex Carbohydrates	METABOLIC
Sulfur metabolism	Sulfur metabolism	4/350	13/1145	0.307692307692308	1.00659340659341	0.0158570279198488	0.597836459163058	0.997661595592901	0.971965944194651	gene_1523/gene_1560/gene_2471/gene_7990	4	onu_vs_self	significant	up	FALSE	Energy Metabolism	METABOLIC
DNA polymerase	DNA polymerase	6/350	20/1145	0.3	0.981428571428571	-0.055570911324943	0.606512687674309	0.997661595592901	0.971965944194651	gene_1409/gene_2541/gene_3657/gene_4511/gene_4827/gene_8319	6	onu_vs_self	significant	up	FALSE	REPLICATION AND REPAIR	REGULATORY
Bile acid biosynthesis	Bile acid biosynthesis	13/350	45/1145	0.288888888888889	0.945079365079365	-0.249292339753708	0.654372115575633	0.997661595592901	0.971965944194651	gene_184/gene_330/gene_1531/gene_1743/gene_2633/gene_3213/gene_3428/gene_4055/gene_4337/gene_5173/gene_6198/gene_6790/gene_7987	13	onu_vs_self	significant	up	FALSE	Lipid Metabolism	METABOLIC
beta-Alanine metabolism	beta-Alanine metabolism	6/350	21/1145	0.285714285714286	0.93469387755102	-0.200329017063826	0.660111256166798	0.997661595592901	0.971965944194651	gene_1977/gene_3213/gene_4055/gene_4303/gene_4308/gene_7226	6	onu_vs_self	significant	up	FALSE	Metabolism of Other Amino Acids	METABOLIC
Pentose phosphate pathway	Pentose phosphate pathway	8/350	28/1145	0.285714285714286	0.93469387755102	-0.232043708380783	0.661785795066931	0.997661595592901	0.971965944194651	gene_466/gene_1514/gene_1735/gene_4786/gene_5119/gene_5121/gene_6707/gene_7693	8	onu_vs_self	significant	up	FALSE	Carbohydrate Metabolism	METABOLIC
Glyoxylate and dicarboxylate metabolism	Glyoxylate and dicarboxylate metabolism	4/350	14/1145	0.285714285714286	0.93469387755102	-0.163060993377009	0.663229859558734	0.997661595592901	0.971965944194651	gene_320/gene_4656/gene_5506/gene_5893	4	onu_vs_self	significant	up	FALSE	Carbohydrate Metabolism	METABOLIC
Tyrosine metabolism	Tyrosine metabolism	17/350	59/1145	0.288135593220339	0.942615012106538	-0.300173851483347	0.666817123760527	0.997661595592901	0.971965944194651	gene_1055/gene_1194/gene_1531/gene_1968/gene_2440/gene_2633/gene_2753/gene_2889/gene_3428/gene_4485/gene_5279/gene_5665/gene_6501/gene_6529/gene_7563/gene_7987/gene_8612	17	onu_vs_self	significant	up	FALSE	Amino Acid Metabolism	METABOLIC
Propanoate metabolism	Propanoate metabolism	7/350	25/1145	0.28	0.916	-0.281646104716339	0.683928314453844	0.997661595592901	0.971965944194651	gene_1114/gene_3213/gene_4055/gene_4304/gene_4308/gene_6290/gene_7226	7	onu_vs_self	significant	up	FALSE	Carbohydrate Metabolism	METABOLIC
Phenylalanine, tyrosine and tryptophan biosynthesis	Phenylalanine, tyrosine and tryptophan biosynthesis	5/350	18/1145	0.277777777777778	0.908730158730159	-0.258860067354915	0.687862343458457	0.997661595592901	0.971965944194651	gene_1194/gene_1623/gene_2905/gene_3626/gene_6501	5	onu_vs_self	significant	up	FALSE	Amino Acid Metabolism	METABOLIC
Starch and sucrose metabolism	Starch and sucrose metabolism	20/350	73/1145	0.273972602739726	0.896281800391389	-0.607410754332182	0.767850105730395	0.997661595592901	0.971965944194651	gene_7/gene_738/gene_1004/gene_1575/gene_1687/gene_2318/gene_2533/gene_3117/gene_3262/gene_3307/gene_4140/gene_5037/gene_5443/gene_5694/gene_6758/gene_7022/gene_7275/gene_7686/gene_7738/gene_8386	20	onu_vs_self	significant	up	FALSE	Metabolism of Complex Carbohydrates	METABOLIC
Fatty acid metabolism	Fatty acid metabolism	12/350	45/1145	0.266666666666667	0.872380952380952	-0.579280465786073	0.7688394554914	0.997661595592901	0.971965944194651	gene_1114/gene_2633/gene_3213/gene_3428/gene_4055/gene_4308/gene_4473/gene_4491/gene_5183/gene_6790/gene_7226/gene_7492	12	onu_vs_self	significant	up	FALSE	Lipid Metabolism	METABOLIC
O-Glycans biosynthesis	O-Glycans biosynthesis	5/350	20/1145	0.25	0.817857142857143	-0.545022399533095	0.781290628410687	0.997661595592901	0.971965944194651	gene_1150/gene_3677/gene_5129/gene_5597/gene_8285	5	onu_vs_self	significant	up	FALSE	Metabolism of Complex Carbohydrates	METABOLIC
One carbon pool by folate	One carbon pool by folate	3/350	13/1145	0.230769230769231	0.754945054945055	-0.589352871021052	0.811165938263647	0.997661595592901	0.971965944194651	gene_4718/gene_5992/gene_8349	3	onu_vs_self	significant	up	FALSE	Metabolism of Cofactors and Vitamins	METABOLIC
Ethylbenzene degradation	Ethylbenzene degradation	4/350	17/1145	0.235294117647059	0.769747899159664	-0.634361741014684	0.813857830411193	0.997661595592901	0.971965944194651	gene_484/gene_4064/gene_4304/gene_7462	4	onu_vs_self	significant	up	FALSE	Biodegradation of Xenobiotics	METABOLIC
1,2-Dichloroethane degradation	1,2-Dichloroethane degradation	2/350	9/1145	0.222222222222222	0.726984126984127	-0.545360220471357	0.814989056360727	0.997661595592901	0.971965944194651	gene_3213/gene_4055	2	onu_vs_self	significant	up	FALSE	Biodegradation of Xenobiotics	METABOLIC
N-Glycan degradation	N-Glycan degradation	2/350	9/1145	0.222222222222222	0.726984126984127	-0.545360220471357	0.814989056360727	0.997661595592901	0.971965944194651	gene_6122/gene_7154	2	onu_vs_self	significant	up	FALSE	Metabolism of Complex Carbohydrates	METABOLIC
Glycerolipid metabolism	Glycerolipid metabolism	34/350	124/1145	0.274193548387097	0.897004608294931	-0.805525392570495	0.817859645069614	0.997661595592901	0.971965944194651	gene_184/gene_330/gene_335/gene_679/gene_681/gene_1150/gene_1329/gene_1436/gene_1743/gene_2633/gene_2709/gene_2835/gene_3126/gene_3213/gene_3428/gene_3677/gene_3845/gene_3892/gene_4047/gene_4055/gene_4337/gene_5120/gene_5122/gene_5129/gene_5173/gene_5264/gene_5494/gene_5504/gene_5597/gene_6122/gene_6198/gene_6213/gene_6470/gene_8537	34	onu_vs_self	significant	up	FALSE	Metabolism of Complex Lipids	METABOLIC
Fluorene degradation	Fluorene degradation	5/350	21/1145	0.238095238095238	0.77891156462585	-0.678197193184828	0.819159182236902	0.997661595592901	0.971965944194651	gene_168/gene_3671/gene_5899/gene_7242/gene_7331	5	onu_vs_self	significant	up	FALSE	Biodegradation of Xenobiotics	METABOLIC
Peptidoglycan biosynthesis	Peptidoglycan biosynthesis	5/350	21/1145	0.238095238095238	0.77891156462585	-0.678197193184828	0.819159182236902	0.997661595592901	0.971965944194651	gene_1150/gene_3677/gene_5129/gene_5597/gene_6735	5	onu_vs_self	significant	up	FALSE	Metabolism of Complex Carbohydrates	METABOLIC
Riboflavin metabolism	Riboflavin metabolism	5/350	21/1145	0.238095238095238	0.77891156462585	-0.678197193184828	0.819159182236902	0.997661595592901	0.971965944194651	gene_1198/gene_2511/gene_2753/gene_3313/gene_5862	5	onu_vs_self	significant	up	FALSE	Metabolism of Cofactors and Vitamins	METABOLIC
Glutathione metabolism	Glutathione metabolism	4/350	18/1145	0.222222222222222	0.726984126984127	-0.774329244957311	0.849856540969117	0.997661595592901	0.971965944194651	gene_3878/gene_4703/gene_4786/gene_6089	4	onu_vs_self	significant	up	FALSE	Metabolism of Other Amino Acids	METABOLIC
1,4-Dichlorobenzene degradation	1,4-Dichlorobenzene degradation	3/350	14/1145	0.214285714285714	0.701020408163265	-0.746513610304118	0.851512141546805	0.997661595592901	0.971965944194651	gene_1531/gene_2943/gene_7987	3	onu_vs_self	significant	up	FALSE	Biodegradation of Xenobiotics	METABOLIC
Globoside metabolism	Globoside metabolism	5/350	22/1145	0.227272727272727	0.743506493506493	-0.805677633181565	0.851579721908404	0.997661595592901	0.971965944194651	gene_1150/gene_3677/gene_5129/gene_5597/gene_7154	5	onu_vs_self	significant	up	FALSE	Metabolism of Complex Lipids	METABOLIC
Valine, leucine and isoleucine degradation	Valine, leucine and isoleucine degradation	8/350	34/1145	0.235294117647059	0.769747899159664	-0.90396059752836	0.864182399777168	0.997661595592901	0.971965944194651	gene_2768/gene_3213/gene_3846/gene_4055/gene_4308/gene_5118/gene_6790/gene_7226	8	onu_vs_self	significant	up	FALSE	Amino Acid Metabolism	METABOLIC
Blood group glycolipid biosynthesis - lact series	Blood group glycolipid biosynthesis - lact series	4/350	19/1145	0.210526315789474	0.688721804511278	-0.907443878823095	0.87979264703379	0.997661595592901	0.971965944194651	gene_1150/gene_3677/gene_5129/gene_5597	4	onu_vs_self	significant	up	FALSE	Metabolism of Complex Lipids	METABOLIC
Blood group glycolipid biosynthesis - neolact series	Blood group glycolipid biosynthesis - neolact series	4/350	19/1145	0.210526315789474	0.688721804511278	-0.907443878823095	0.87979264703379	0.997661595592901	0.971965944194651	gene_1150/gene_3677/gene_5129/gene_5597	4	onu_vs_self	significant	up	FALSE	Metabolism of Complex Lipids	METABOLIC
Chondroitin / heparan sulfate biosynthesis	Chondroitin / heparan sulfate biosynthesis	4/350	19/1145	0.210526315789474	0.688721804511278	-0.907443878823095	0.87979264703379	0.997661595592901	0.971965944194651	gene_1150/gene_3677/gene_5129/gene_5597	4	onu_vs_self	significant	up	FALSE	Metabolism of Complex Carbohydrates	METABOLIC
Keratan sulfate biosynthesis	Keratan sulfate biosynthesis	4/350	19/1145	0.210526315789474	0.688721804511278	-0.907443878823095	0.87979264703379	0.997661595592901	0.971965944194651	gene_1150/gene_3677/gene_5129/gene_5597	4	onu_vs_self	significant	up	FALSE	Metabolism of Complex Carbohydrates	METABOLIC
Lysine biosynthesis	Lysine biosynthesis	3/350	15/1145	0.2	0.654285714285714	-0.893896432080322	0.884141078124756	0.997661595592901	0.971965944194651	gene_3997/gene_5467/gene_6747	3	onu_vs_self	significant	up	FALSE	Amino Acid Metabolism	METABOLIC
Histidine metabolism	Histidine metabolism	9/350	40/1145	0.225	0.736071428571429	-1.12693465358027	0.906715576769531	0.997661595592901	0.971965944194651	gene_1531/gene_1968/gene_2889/gene_3213/gene_3587/gene_4055/gene_5665/gene_7563/gene_7987	9	onu_vs_self	significant	up	FALSE	Amino Acid Metabolism	METABOLIC
Erythromycin biosynthesis	Erythromycin biosynthesis	1/350	7/1145	0.142857142857143	0.46734693877551	-0.937531322796263	0.922837105077394	0.997661595592901	0.971965944194651	gene_7	1	onu_vs_self	significant	up	FALSE	Biosynthesis of Secondary Metabolites	METABOLIC
Inositol phosphate metabolism	Inositol phosphate metabolism	4/350	21/1145	0.19047619047619	0.62312925170068	-1.15606536930583	0.924479085678428	0.997661595592901	0.971965944194651	gene_3216/gene_3831/gene_3892/gene_7717	4	onu_vs_self	significant	up	FALSE	Metabolism of Complex Lipids	METABOLIC
N-Glycans biosynthesis	N-Glycans biosynthesis	7/350	35/1145	0.2	0.654285714285714	-1.37769578220659	0.946169018854025	0.997661595592901	0.971965944194651	gene_1150/gene_3677/gene_4275/gene_4381/gene_5116/gene_5129/gene_5597	7	onu_vs_self	significant	up	FALSE	Metabolism of Complex Carbohydrates	METABOLIC
Sphingophospholipid biosynthesis	Sphingophospholipid biosynthesis	1/350	8/1145	0.125	0.408928571428571	-1.1126746611224	0.94656910263707	0.997661595592901	0.971965944194651	gene_4047	1	onu_vs_self	significant	up	FALSE	Metabolism of Complex Lipids	METABOLIC
Ubiquinone biosynthesis	Ubiquinone biosynthesis	5/350	27/1145	0.185185185185185	0.605820105820106	-1.37473477603291	0.949781514091702	0.997661595592901	0.971965944194651	gene_1531/gene_4511/gene_5852/gene_7987/gene_8319	5	onu_vs_self	significant	up	FALSE	Metabolism of Cofactors and Vitamins	METABOLIC
Porphyrin and chlorophyll metabolism	Porphyrin and chlorophyll metabolism	8/350	40/1145	0.2	0.654285714285714	-1.4761471511038	0.955438946549487	0.997661595592901	0.971965944194651	gene_978/gene_1198/gene_2511/gene_2759/gene_3313/gene_4434/gene_7918/gene_8627	8	onu_vs_self	significant	up	FALSE	Metabolism of Cofactors and Vitamins	METABOLIC
Purine metabolism	Purine metabolism	22/350	96/1145	0.229166666666667	0.749702380952381	-1.69929218812851	0.967881845976888	0.997661595592901	0.971965944194651	gene_1409/gene_1785/gene_1862/gene_1926/gene_2541/gene_2673/gene_2953/gene_3657/gene_3814/gene_3884/gene_4021/gene_4375/gene_4476/gene_4718/gene_4827/gene_5549/gene_5742/gene_6695/gene_6755/gene_6845/gene_6903/gene_8492	22	onu_vs_self	significant	up	FALSE	Nucleotide Metabolism	METABOLIC
Sphingoglycolipid metabolism	Sphingoglycolipid metabolism	8/350	42/1145	0.19047619047619	0.62312925170068	-1.65041358218602	0.970383301581516	0.997661595592901	0.971965944194651	gene_1150/gene_2113/gene_3677/gene_5129/gene_5597/gene_6122/gene_7154/gene_7534	8	onu_vs_self	significant	up	FALSE	Metabolism of Complex Lipids	METABOLIC
Selenoamino acid metabolism	Selenoamino acid metabolism	4/350	25/1145	0.16	0.523428571428571	-1.59791055328862	0.972135919855217	0.997661595592901	0.971965944194651	gene_1256/gene_1963/gene_2471/gene_5033	4	onu_vs_self	significant	up	FALSE	Metabolism of Other Amino Acids	METABOLIC
Aminophosphonate metabolism	Aminophosphonate metabolism	2/350	17/1145	0.117647058823529	0.384873949579832	-1.69471822782025	0.983404852884681	0.997661595592901	0.971965944194651	gene_3845/gene_4047	2	onu_vs_self	significant	up	FALSE	Metabolism of Other Amino Acids	METABOLIC
Folate biosynthesis	Folate biosynthesis	2/350	17/1145	0.117647058823529	0.384873949579832	-1.69471822782025	0.983404852884681	0.997661595592901	0.971965944194651	gene_5992/gene_7845	2	onu_vs_self	significant	up	FALSE	Metabolism of Cofactors and Vitamins	METABOLIC
Benzoate degradation via hydroxylation	Benzoate degradation via hydroxylation	1/350	12/1145	0.0833333333333333	0.272619047619048	-1.67996820492916	0.987764330044538	0.997661595592901	0.971965944194651	gene_6790	1	onu_vs_self	significant	up	FALSE	Biodegradation of Xenobiotics	METABOLIC
Androgen and estrogen metabolism	Androgen and estrogen metabolism	2/350	20/1145	0.1	0.327142857142857	-2.01337686415755	0.993691102120722	0.997661595592901	0.971965944194651	gene_1531/gene_7987	2	onu_vs_self	significant	up	FALSE	Lipid Metabolism	METABOLIC
Citrate cycle (TCA cycle)	Citrate cycle (TCA cycle)	1/350	14/1145	0.0714285714285714	0.233673469387755	-1.91341884415834	0.994158559838519	0.997661595592901	0.971965944194651	gene_8436	1	onu_vs_self	significant	up	FALSE	Carbohydrate Metabolism	METABOLIC
Aminoacyl-tRNA biosynthesis	Aminoacyl-tRNA biosynthesis	5/350	39/1145	0.128205128205128	0.419413919413919	-2.44672314147951	0.997661595592901	0.997661595592901	0.971965944194651	gene_810/gene_2612/gene_3626/gene_4029/gene_6359	5	onu_vs_self	significant	up	FALSE	TRANSLATION	REGULATORY
Glycerolipid metabolism	Glycerolipid metabolism	49/267	124/1145	0.395161290322581	1.69460553340582	4.5149983421813	1.37078165764997e-05	0.00130224257476747	0.00130224257476747	gene_83/gene_217/gene_375/gene_662/gene_737/gene_972/gene_1107/gene_1202/gene_1225/gene_1373/gene_1502/gene_1752/gene_1864/gene_2056/gene_2100/gene_2128/gene_2592/gene_2690/gene_2694/gene_2806/gene_3019/gene_3344/gene_3431/gene_3682/gene_3919/gene_4069/gene_4108/gene_4151/gene_4242/gene_4258/gene_4567/gene_4697/gene_4760/gene_5386/gene_5622/gene_5795/gene_6336/gene_6632/gene_6766/gene_6816/gene_6840/gene_6880/gene_7217/gene_7248/gene_7438/gene_7634/gene_7789/gene_8045/gene_8309	49	onu_vs_self	significant	down	TRUE	Metabolism of Complex Lipids	METABOLIC
Citrate cycle (TCA cycle)	Citrate cycle (TCA cycle)	7/267	14/1145	0.5	2.14419475655431	2.37440092915629	0.0258827401915088	0.830338477064312	0.830338477064312	gene_246/gene_3913/gene_3968/gene_4730/gene_4883/gene_7678/gene_8289	7	onu_vs_self	significant	down	FALSE	Carbohydrate Metabolism	METABOLIC
Folate biosynthesis	Folate biosynthesis	8/267	17/1145	0.470588235294118	2.01806565322758	2.33113315684413	0.0262212150651888	0.830338477064312	0.830338477064312	gene_375/gene_1769/gene_3127/gene_3682/gene_3720/gene_4336/gene_5208/gene_7000	8	onu_vs_self	significant	down	FALSE	Metabolism of Cofactors and Vitamins	METABOLIC
RNA polymerase	RNA polymerase	5/267	10/1145	0.5	2.14419475655431	2.00319582970145	0.0591926329058738	0.999080029200713	0.999080029200713	gene_416/gene_2869/gene_4519/gene_5137/gene_5578	5	onu_vs_self	significant	down	FALSE	TRANSCRIPTION	REGULATORY
Purine metabolism	Purine metabolism	29/267	96/1145	0.302083333333333	1.29545099875156	1.66707339189947	0.0642638495206674	0.999080029200713	0.999080029200713	gene_416/gene_680/gene_727/gene_827/gene_1137/gene_1428/gene_2046/gene_2392/gene_2519/gene_2659/gene_2869/gene_2951/gene_4519/gene_5137/gene_5280/gene_5281/gene_5326/gene_5527/gene_5548/gene_5578/gene_5801/gene_5841/gene_6064/gene_6780/gene_6808/gene_6838/gene_7459/gene_7501/gene_7791	29	onu_vs_self	significant	down	FALSE	Nucleotide Metabolism	METABOLIC
Aminophosphonate metabolism	Aminophosphonate metabolism	7/267	17/1145	0.411764705882353	1.76580744657414	1.75352063475226	0.0768924441932921	0.999080029200713	0.999080029200713	gene_217/gene_2164/gene_2806/gene_4242/gene_5762/gene_7789/gene_8175	7	onu_vs_self	significant	down	FALSE	Metabolism of Other Amino Acids	METABOLIC
Methane metabolism	Methane metabolism	6/267	14/1145	0.428571428571429	1.83788121990369	1.73874765258768	0.0830960772421432	0.999080029200713	0.999080029200713	gene_3858/gene_4253/gene_5766/gene_6240/gene_6609/gene_7620	6	onu_vs_self	significant	down	FALSE	Energy Metabolism	METABOLIC
N-Glycan degradation	N-Glycan degradation	4/267	9/1145	0.444444444444444	1.90595089471494	1.5040356562777	0.134911841359547	0.999080029200713	0.999080029200713	gene_928/gene_2690/gene_6171/gene_7248	4	onu_vs_self	significant	down	FALSE	Metabolism of Complex Carbohydrates	METABOLIC
Bile acid biosynthesis	Bile acid biosynthesis	14/267	45/1145	0.311111111111111	1.33416562630046	1.26064577820638	0.14043044629238	0.999080029200713	0.999080029200713	gene_412/gene_662/gene_972/gene_1225/gene_3938/gene_4108/gene_4109/gene_4253/gene_4258/gene_4516/gene_4567/gene_5766/gene_7217/gene_7933	14	onu_vs_self	significant	down	FALSE	Lipid Metabolism	METABOLIC
Reductive carboxylate cycle (CO2 fixation)	Reductive carboxylate cycle (CO2 fixation)	3/267	6/1145	0.5	2.14419475655431	1.54894180519347	0.143218604213909	0.999080029200713	0.999080029200713	gene_3913/gene_7612/gene_8289	3	onu_vs_self	significant	down	FALSE	Energy Metabolism	METABOLIC
Nitrogen metabolism	Nitrogen metabolism	6/267	16/1145	0.375	1.60814606741573	1.3503374362404	0.146281307880999	0.999080029200713	0.999080029200713	gene_2351/gene_2459/gene_2831/gene_3709/gene_3815/gene_5159	6	onu_vs_self	significant	down	FALSE	Energy Metabolism	METABOLIC
Starch and sucrose metabolism	Starch and sucrose metabolism	21/267	73/1145	0.287671232876712	1.23364629829152	1.13721957637462	0.159706661872209	0.999080029200713	0.999080029200713	gene_631/gene_648/gene_1109/gene_1439/gene_1589/gene_1769/gene_1902/gene_2886/gene_2946/gene_2947/gene_2958/gene_3127/gene_3564/gene_3731/gene_4052/gene_4862/gene_5208/gene_5659/gene_6311/gene_7117/gene_8563	21	onu_vs_self	significant	down	FALSE	Metabolism of Complex Carbohydrates	METABOLIC
One carbon pool by folate	One carbon pool by folate	5/267	13/1145	0.384615384615385	1.64938058196485	1.29798342225453	0.164517456578106	0.999080029200713	0.999080029200713	gene_3720/gene_3858/gene_3904/gene_7000/gene_8228	5	onu_vs_self	significant	down	FALSE	Metabolism of Cofactors and Vitamins	METABOLIC
Cysteine metabolism	Cysteine metabolism	3/267	7/1145	0.428571428571429	1.83788121990369	1.22569306901355	0.208996236121035	0.999080029200713	0.999080029200713	gene_2351/gene_3815/gene_5159	3	onu_vs_self	significant	down	FALSE	Amino Acid Metabolism	METABOLIC
Phospholipid degradation	Phospholipid degradation	5/267	14/1145	0.357142857142857	1.53156768325308	1.10309437601907	0.209751556209197	0.999080029200713	0.999080029200713	gene_1373/gene_1502/gene_2056/gene_3919/gene_6880	5	onu_vs_self	significant	down	FALSE	Metabolism of Complex Lipids	METABOLIC
Galactose metabolism	Galactose metabolism	12/267	41/1145	0.292682926829268	1.25513839408057	0.917074450448738	0.228491595905828	0.999080029200713	0.999080029200713	gene_129/gene_662/gene_972/gene_1109/gene_2690/gene_4052/gene_4108/gene_4862/gene_7248/gene_7634/gene_7824/gene_8563	12	onu_vs_self	significant	down	FALSE	Carbohydrate Metabolism	METABOLIC
Valine, leucine and isoleucine degradation	Valine, leucine and isoleucine degradation	10/267	34/1145	0.294117647058824	1.26129103326724	0.852566610785543	0.25248069405392	0.999080029200713	0.999080029200713	gene_1107/gene_4038/gene_4106/gene_4567/gene_4720/gene_5595/gene_6749/gene_7033/gene_7146/gene_7933	10	onu_vs_self	significant	down	FALSE	Amino Acid Metabolism	METABOLIC
Sphingophospholipid biosynthesis	Sphingophospholipid biosynthesis	3/267	8/1145	0.375	1.60814606741573	0.951467698220896	0.279721640691825	0.999080029200713	0.999080029200713	gene_217/gene_2806/gene_7789	3	onu_vs_self	significant	down	FALSE	Metabolism of Complex Lipids	METABOLIC
Ubiquinone biosynthesis	Ubiquinone biosynthesis	8/267	27/1145	0.296296296296296	1.27063392980996	0.784448811103217	0.280659485315865	0.999080029200713	0.999080029200713	gene_249/gene_2164/gene_2459/gene_3938/gene_4253/gene_5762/gene_5766/gene_8175	8	onu_vs_self	significant	down	FALSE	Metabolism of Cofactors and Vitamins	METABOLIC
Tetrachloroethene degradation	Tetrachloroethene degradation	4/267	12/1145	0.333333333333333	1.4294631710362	0.824371519947879	0.299306870746445	0.999080029200713	0.999080029200713	gene_662/gene_972/gene_3938/gene_4108	4	onu_vs_self	significant	down	FALSE	Biodegradation of Xenobiotics	METABOLIC
Lysine degradation	Lysine degradation	16/267	60/1145	0.266666666666667	1.14357053682896	0.62971996889612	0.311297478252225	0.999080029200713	0.999080029200713	gene_620/gene_662/gene_972/gene_1107/gene_1595/gene_1622/gene_1855/gene_2442/gene_3517/gene_3858/gene_4108/gene_4567/gene_5698/gene_6373/gene_7447/gene_7678	16	onu_vs_self	significant	down	FALSE	Amino Acid Metabolism	METABOLIC
Androgen and estrogen metabolism	Androgen and estrogen metabolism	6/267	20/1145	0.3	1.28651685393258	0.712541716016907	0.314904271076937	0.999080029200713	0.999080029200713	gene_2164/gene_4253/gene_5762/gene_5766/gene_7325/gene_8175	6	onu_vs_self	significant	down	FALSE	Lipid Metabolism	METABOLIC
Porphyrin and chlorophyll metabolism	Porphyrin and chlorophyll metabolism	11/267	40/1145	0.275	1.17930711610487	0.636308562286938	0.318828227514848	0.999080029200713	0.999080029200713	gene_2137/gene_2152/gene_2164/gene_2174/gene_3100/gene_4039/gene_4153/gene_5762/gene_7050/gene_8175/gene_8248	11	onu_vs_self	significant	down	FALSE	Metabolism of Cofactors and Vitamins	METABOLIC
Inositol phosphate metabolism	Inositol phosphate metabolism	6/267	21/1145	0.285714285714286	1.22525414660246	0.574276005860192	0.361715752098938	0.999080029200713	0.999080029200713	gene_1131/gene_3139/gene_4145/gene_4725/gene_4801/gene_7058	6	onu_vs_self	significant	down	FALSE	Metabolism of Complex Lipids	METABOLIC
Riboflavin metabolism	Riboflavin metabolism	6/267	21/1145	0.285714285714286	1.22525414660246	0.574276005860192	0.361715752098938	0.999080029200713	0.999080029200713	gene_33/gene_1851/gene_2144/gene_2287/gene_5385/gene_7414	6	onu_vs_self	significant	down	FALSE	Metabolism of Cofactors and Vitamins	METABOLIC
Glutathione metabolism	Glutathione metabolism	5/267	18/1145	0.277777777777778	1.19121930919684	0.450741374187341	0.413955062195221	0.999080029200713	0.999080029200713	gene_936/gene_1730/gene_2508/gene_3038/gene_3913	5	onu_vs_self	significant	down	FALSE	Metabolism of Other Amino Acids	METABOLIC
1,4-Dichlorobenzene degradation	1,4-Dichlorobenzene degradation	4/267	14/1145	0.285714285714286	1.22525414660246	0.467441099450454	0.418997965377199	0.999080029200713	0.999080029200713	gene_1501/gene_3374/gene_4253/gene_5766	4	onu_vs_self	significant	down	FALSE	Biodegradation of Xenobiotics	METABOLIC
Glyoxylate and dicarboxylate metabolism	Glyoxylate and dicarboxylate metabolism	4/267	14/1145	0.285714285714286	1.22525414660246	0.467441099450454	0.418997965377199	0.999080029200713	0.999080029200713	gene_2100/gene_2603/gene_3565/gene_8289	4	onu_vs_self	significant	down	FALSE	Carbohydrate Metabolism	METABOLIC
Glycosaminoglycan degradation	Glycosaminoglycan degradation	2/267	6/1145	0.333333333333333	1.4294631710362	0.581381321316479	0.425938312675103	0.999080029200713	0.999080029200713	gene_2690/gene_7248	2	onu_vs_self	significant	down	FALSE	Metabolism of Complex Carbohydrates	METABOLIC
Flavonoids, stilbene and lignin biosynthesis	Flavonoids, stilbene and lignin biosynthesis	9/267	36/1145	0.25	1.07209737827715	0.242284892435662	0.469748484267689	0.999080029200713	0.999080029200713	gene_674/gene_1413/gene_1439/gene_1902/gene_3731/gene_4253/gene_5659/gene_5766/gene_6311	9	onu_vs_self	significant	down	FALSE	Biosynthesis of Secondary Metabolites	METABOLIC
Lysine biosynthesis	Lysine biosynthesis	4/267	15/1145	0.266666666666667	1.14357053682896	0.3085269579022	0.477393876689096	0.999080029200713	0.999080029200713	gene_1107/gene_1595/gene_3501/gene_6206	4	onu_vs_self	significant	down	FALSE	Amino Acid Metabolism	METABOLIC
Pyruvate metabolism	Pyruvate metabolism	12/267	49/1145	0.244897959183673	1.05021783994497	0.198048782103532	0.478526990425991	0.999080029200713	0.999080029200713	gene_246/gene_954/gene_2951/gene_4567/gene_4710/gene_4883/gene_5650/gene_5701/gene_6270/gene_7031/gene_7612/gene_7634	12	onu_vs_self	significant	down	FALSE	Carbohydrate Metabolism	METABOLIC
Pentose phosphate pathway	Pentose phosphate pathway	7/267	28/1145	0.25	1.07209737827715	0.212908640364513	0.489647919902841	0.999080029200713	0.999080029200713	gene_748/gene_1181/gene_2401/gene_3336/gene_5326/gene_5841/gene_7922	7	onu_vs_self	significant	down	FALSE	Carbohydrate Metabolism	METABOLIC
Valine, leucine and isoleucine biosynthesis	Valine, leucine and isoleucine biosynthesis	5/267	20/1145	0.25	1.07209737827715	0.179299712853928	0.51590776783171	0.999080029200713	0.999080029200713	gene_121/gene_4040/gene_4720/gene_6129/gene_6189	5	onu_vs_self	significant	down	FALSE	Amino Acid Metabolism	METABOLIC
Sphingoglycolipid metabolism	Sphingoglycolipid metabolism	10/267	42/1145	0.238095238095238	1.02104512216872	0.0765966410445319	0.531158854329614	0.999080029200713	0.999080029200713	gene_1752/gene_2690/gene_2694/gene_3431/gene_4069/gene_5130/gene_6354/gene_6567/gene_7248/gene_7325	10	onu_vs_self	significant	down	FALSE	Metabolism of Complex Lipids	METABOLIC
Selenoamino acid metabolism	Selenoamino acid metabolism	6/267	25/1145	0.24	1.02921348314607	0.0814077439430821	0.546222133632724	0.999080029200713	0.999080029200713	gene_2164/gene_2351/gene_3815/gene_5159/gene_5762/gene_8175	6	onu_vs_self	significant	down	FALSE	Metabolism of Other Amino Acids	METABOLIC
Fatty acid biosynthesis (path 1)	Fatty acid biosynthesis (path 1)	5/267	21/1145	0.238095238095238	1.02104512216872	0.0536536569212214	0.564092772748202	0.999080029200713	0.999080029200713	gene_4914/gene_6041/gene_6999/gene_7936/gene_8242	5	onu_vs_self	significant	down	FALSE	Lipid Metabolism	METABOLIC
Peptidoglycan biosynthesis	Peptidoglycan biosynthesis	5/267	21/1145	0.238095238095238	1.02104512216872	0.0536536569212214	0.564092772748202	0.999080029200713	0.999080029200713	gene_1752/gene_2694/gene_3431/gene_3709/gene_4069	5	onu_vs_self	significant	down	FALSE	Metabolism of Complex Carbohydrates	METABOLIC
N-Glycans biosynthesis	N-Glycans biosynthesis	8/267	35/1145	0.228571428571429	0.980203317281969	-0.0655671551000159	0.593115716128473	0.999080029200713	0.999080029200713	gene_1752/gene_2694/gene_2888/gene_3037/gene_3431/gene_4069/gene_5971/gene_8183	8	onu_vs_self	significant	down	FALSE	Metabolism of Complex Carbohydrates	METABOLIC
Sterol biosynthesis	Sterol biosynthesis	5/267	22/1145	0.227272727272727	0.974633980251958	-0.0662209144192423	0.609740928442064	0.999080029200713	0.999080029200713	gene_627/gene_4253/gene_5766/gene_6166/gene_8181	5	onu_vs_self	significant	down	FALSE	Lipid Metabolism	METABOLIC
Pentose and glucuronate interconversions	Pentose and glucuronate interconversions	7/267	31/1145	0.225806451612903	0.968346019089042	-0.0984890554881497	0.609957691877259	0.999080029200713	0.999080029200713	gene_1589/gene_1864/gene_5232/gene_5622/gene_6170/gene_6989/gene_7634	7	onu_vs_self	significant	down	FALSE	Carbohydrate Metabolism	METABOLIC
Sulfur metabolism	Sulfur metabolism	3/267	13/1145	0.230769230769231	0.989628349178911	-0.0207308798585461	0.615562773989566	0.999080029200713	0.999080029200713	gene_2070/gene_3815/gene_5159	3	onu_vs_self	significant	down	FALSE	Energy Metabolism	METABOLIC
Cyanoamino acid metabolism	Cyanoamino acid metabolism	8/267	36/1145	0.222222222222222	0.95297544735747	-0.158027087129754	0.628363496660126	0.999080029200713	0.999080029200713	gene_1439/gene_1902/gene_3731/gene_3858/gene_3938/gene_5515/gene_5659/gene_6311	8	onu_vs_self	significant	down	FALSE	Metabolism of Other Amino Acids	METABOLIC
Fatty acid metabolism	Fatty acid metabolism	10/267	45/1145	0.222222222222222	0.95297544735747	-0.177400962562043	0.629414717702757	0.999080029200713	0.999080029200713	gene_613/gene_929/gene_1225/gene_2106/gene_2229/gene_4258/gene_4567/gene_7217/gene_7852/gene_7933	10	onu_vs_self	significant	down	FALSE	Lipid Metabolism	METABOLIC
Lipopolysaccharide biosynthesis	Lipopolysaccharide biosynthesis	4/267	18/1145	0.222222222222222	0.95297544735747	-0.110846083314841	0.635506256269999	0.999080029200713	0.999080029200713	gene_1107/gene_4034/gene_5230/gene_7839	4	onu_vs_self	significant	down	FALSE	Metabolism of Complex Carbohydrates	METABOLIC
Blood group glycolipid biosynthesis - lact series	Blood group glycolipid biosynthesis - lact series	4/267	19/1145	0.210526315789474	0.902818844864971	-0.235456696847583	0.680799419637194	0.999080029200713	0.999080029200713	gene_1752/gene_2694/gene_3431/gene_4069	4	onu_vs_self	significant	down	FALSE	Metabolism of Complex Lipids	METABOLIC
Blood group glycolipid biosynthesis - neolact series	Blood group glycolipid biosynthesis - neolact series	4/267	19/1145	0.210526315789474	0.902818844864971	-0.235456696847583	0.680799419637194	0.999080029200713	0.999080029200713	gene_1752/gene_2694/gene_3431/gene_4069	4	onu_vs_self	significant	down	FALSE	Metabolism of Complex Lipids	METABOLIC
Chondroitin / heparan sulfate biosynthesis	Chondroitin / heparan sulfate biosynthesis	4/267	19/1145	0.210526315789474	0.902818844864971	-0.235456696847583	0.680799419637194	0.999080029200713	0.999080029200713	gene_1752/gene_2694/gene_3431/gene_4069	4	onu_vs_self	significant	down	FALSE	Metabolism of Complex Carbohydrates	METABOLIC
Keratan sulfate biosynthesis	Keratan sulfate biosynthesis	4/267	19/1145	0.210526315789474	0.902818844864971	-0.235456696847583	0.680799419637194	0.999080029200713	0.999080029200713	gene_1752/gene_2694/gene_3431/gene_4069	4	onu_vs_self	significant	down	FALSE	Metabolism of Complex Carbohydrates	METABOLIC
Nicotinate and nicotinamide metabolism	Nicotinate and nicotinamide metabolism	7/267	33/1145	0.212121212121212	0.909658381568494	-0.290277803236114	0.68114293934801	0.999080029200713	0.999080029200713	gene_2046/gene_4034/gene_5191/gene_5230/gene_6780/gene_7839/gene_8138	7	onu_vs_self	significant	down	FALSE	Metabolism of Cofactors and Vitamins	METABOLIC
Nucleotide sugars metabolism	Nucleotide sugars metabolism	4/267	20/1145	0.2	0.857677902621723	-0.353942290309052	0.722022332588565	0.999080029200713	0.999080029200713	gene_662/gene_972/gene_1589/gene_4108	4	onu_vs_self	significant	down	FALSE	Nucleotide Metabolism	METABOLIC
O-Glycans biosynthesis	O-Glycans biosynthesis	4/267	20/1145	0.2	0.857677902621723	-0.353942290309052	0.722022332588565	0.999080029200713	0.999080029200713	gene_1752/gene_2694/gene_3431/gene_4069	4	onu_vs_self	significant	down	FALSE	Metabolism of Complex Carbohydrates	METABOLIC
Glycine, serine and threonine metabolism	Glycine, serine and threonine metabolism	11/267	53/1145	0.207547169811321	0.890043106494241	-0.451825213271605	0.725982380245299	0.999080029200713	0.999080029200713	gene_662/gene_972/gene_2100/gene_2603/gene_3858/gene_4108/gene_4912/gene_4913/gene_5738/gene_6840/gene_8309	11	onu_vs_self	significant	down	FALSE	Amino Acid Metabolism	METABOLIC
Propanoate metabolism	Propanoate metabolism	5/267	25/1145	0.2	0.857677902621723	-0.396601829466299	0.728702203058574	0.999080029200713	0.999080029200713	gene_984/gene_1901/gene_4025/gene_4567/gene_7612	5	onu_vs_self	significant	down	FALSE	Carbohydrate Metabolism	METABOLIC
Histidine metabolism	Histidine metabolism	8/267	40/1145	0.2	0.857677902621723	-0.505059537689893	0.751131709180062	0.999080029200713	0.999080029200713	gene_1107/gene_2164/gene_4253/gene_4567/gene_5762/gene_5766/gene_8135/gene_8175	8	onu_vs_self	significant	down	FALSE	Amino Acid Metabolism	METABOLIC
Tyrosine metabolism	Tyrosine metabolism	12/267	59/1145	0.203389830508475	0.872214816225481	-0.555536988251554	0.7582725306196	0.999080029200713	0.999080029200713	gene_1107/gene_1225/gene_1883/gene_2164/gene_2459/gene_3938/gene_4253/gene_4258/gene_5762/gene_5766/gene_7217/gene_8175	12	onu_vs_self	significant	down	FALSE	Amino Acid Metabolism	METABOLIC
Pyrimidine metabolism	Pyrimidine metabolism	11/267	55/1145	0.2	0.857677902621723	-0.596295890038055	0.77283954310101	0.999080029200713	0.999080029200713	gene_416/gene_680/gene_1137/gene_2046/gene_2869/gene_4519/gene_5044/gene_5137/gene_5578/gene_6064/gene_6780	11	onu_vs_self	significant	down	FALSE	Nucleotide Metabolism	METABOLIC
gamma-Hexachlorocyclohexane degradation	gamma-Hexachlorocyclohexane degradation	8/267	41/1145	0.195121951219512	0.836758929387047	-0.586756907608985	0.776909116854008	0.999080029200713	0.999080029200713	gene_33/gene_375/gene_2287/gene_3682/gene_4253/gene_5385/gene_5766/gene_7852	8	onu_vs_self	significant	down	FALSE	Biodegradation of Xenobiotics	METABOLIC
Globoside metabolism	Globoside metabolism	4/267	22/1145	0.181818181818182	0.779707184201566	-0.575099753412749	0.792391406928153	0.999080029200713	0.999080029200713	gene_1752/gene_2694/gene_3431/gene_4069	4	onu_vs_self	significant	down	FALSE	Metabolism of Complex Lipids	METABOLIC
Ethylbenzene degradation	Ethylbenzene degradation	3/267	17/1145	0.176470588235294	0.756774619960344	-0.556929453615218	0.796634397415292	0.999080029200713	0.999080029200713	gene_1107/gene_1901/gene_4025	3	onu_vs_self	significant	down	FALSE	Biodegradation of Xenobiotics	METABOLIC
Pantothenate and CoA biosynthesis	Pantothenate and CoA biosynthesis	7/267	37/1145	0.189189189189189	0.811316934912441	-0.643110039553184	0.796964100155933	0.999080029200713	0.999080029200713	gene_3259/gene_4034/gene_4720/gene_5230/gene_6650/gene_7839/gene_8192	7	onu_vs_self	significant	down	FALSE	Metabolism of Cofactors and Vitamins	METABOLIC
D-Arginine and D-ornithine metabolism	D-Arginine and D-ornithine metabolism	1/267	6/1145	0.166666666666667	0.714731585518102	-0.38617916256051	0.797512786652673	0.999080029200713	0.999080029200713	gene_1107	1	onu_vs_self	significant	down	FALSE	Metabolism of Other Amino Acids	METABOLIC
Fructose and mannose metabolism	Fructose and mannose metabolism	13/267	66/1145	0.196969696969697	0.84468278288503	-0.716476962792072	0.805314395984596	0.999080029200713	0.999080029200713	gene_662/gene_972/gene_1752/gene_1856/gene_2694/gene_3431/gene_3938/gene_4052/gene_4069/gene_4108/gene_5485/gene_7634/gene_7922	13	onu_vs_self	significant	down	FALSE	Carbohydrate Metabolism	METABOLIC
Alkaloid biosynthesis I	Alkaloid biosynthesis I	2/267	12/1145	0.166666666666667	0.714731585518102	-0.547583989267705	0.809331740621669	0.999080029200713	0.999080029200713	gene_4253/gene_5766	2	onu_vs_self	significant	down	FALSE	Biosynthesis of Secondary Metabolites	METABOLIC
Benzoate degradation via hydroxylation	Benzoate degradation via hydroxylation	2/267	12/1145	0.166666666666667	0.714731585518102	-0.547583989267705	0.809331740621669	0.999080029200713	0.999080029200713	gene_3938/gene_7933	2	onu_vs_self	significant	down	FALSE	Biodegradation of Xenobiotics	METABOLIC
Glycolysis / Gluconeogenesis	Glycolysis / Gluconeogenesis	11/267	57/1145	0.192982456140351	0.827583941126224	-0.736075018889136	0.813827249036057	0.999080029200713	0.999080029200713	gene_1225/gene_1864/gene_2951/gene_4052/gene_4258/gene_4567/gene_5622/gene_7217/gene_7612/gene_7922/gene_7970	11	onu_vs_self	significant	down	FALSE	Carbohydrate Metabolism	METABOLIC
Alanine and aspartate metabolism	Alanine and aspartate metabolism	4/267	23/1145	0.173913043478261	0.745806871844976	-0.678816953298581	0.821838735324467	0.999080029200713	0.999080029200713	gene_2207/gene_4150/gene_4167/gene_4883	4	onu_vs_self	significant	down	FALSE	Amino Acid Metabolism	METABOLIC
Carbon fixation	Carbon fixation	4/267	23/1145	0.173913043478261	0.745806871844976	-0.678816953298581	0.821838735324467	0.999080029200713	0.999080029200713	gene_246/gene_1181/gene_2951/gene_7922	4	onu_vs_self	significant	down	FALSE	Energy Metabolism	METABOLIC
Methionine metabolism	Methionine metabolism	3/267	18/1145	0.166666666666667	0.714731585518102	-0.672433540817024	0.828860025644351	0.999080029200713	0.999080029200713	gene_2351/gene_3815/gene_5159	3	onu_vs_self	significant	down	FALSE	Amino Acid Metabolism	METABOLIC
Phenylalanine, tyrosine and tryptophan biosynthesis	Phenylalanine, tyrosine and tryptophan biosynthesis	3/267	18/1145	0.166666666666667	0.714731585518102	-0.672433540817024	0.828860025644351	0.999080029200713	0.999080029200713	gene_1875/gene_2009/gene_7604	3	onu_vs_self	significant	down	FALSE	Amino Acid Metabolism	METABOLIC
Aminoacyl-tRNA biosynthesis	Aminoacyl-tRNA biosynthesis	7/267	39/1145	0.179487179487179	0.769710938250264	-0.806583689080809	0.841513744836834	0.999080029200713	0.999080029200713	gene_121/gene_2009/gene_4040/gene_4150/gene_6189/gene_6206/gene_7604	7	onu_vs_self	significant	down	FALSE	TRANSLATION	REGULATORY
Erythromycin biosynthesis	Erythromycin biosynthesis	1/267	7/1145	0.142857142857143	0.612627073301231	-0.56666780457587	0.84497906054533	0.999080029200713	0.999080029200713	gene_4052	1	onu_vs_self	significant	down	FALSE	Biosynthesis of Secondary Metabolites	METABOLIC
Caprolactam degradation	Caprolactam degradation	3/267	20/1145	0.15	0.643258426966292	-0.887184293472031	0.880374163979304	0.999080029200713	0.999080029200713	gene_1864/gene_5622/gene_5800	3	onu_vs_self	significant	down	FALSE	Biodegradation of Xenobiotics	METABOLIC
2,4-Dichlorobenzoate degradation	2,4-Dichlorobenzoate degradation	1/267	8/1145	0.125	0.536048689138577	-0.725869506494925	0.881350405742515	0.999080029200713	0.999080029200713	gene_6989	1	onu_vs_self	significant	down	FALSE	Biodegradation of Xenobiotics	METABOLIC
Oxidative phosphorylation	Oxidative phosphorylation	1/267	8/1145	0.125	0.536048689138577	-0.725869506494925	0.881350405742515	0.999080029200713	0.999080029200713	gene_3968	1	onu_vs_self	significant	down	FALSE	Energy Metabolism	METABOLIC
Biotin metabolism	Biotin metabolism	2/267	15/1145	0.133333333333333	0.571785268414482	-0.920215187482215	0.897898709964848	0.999080029200713	0.999080029200713	gene_2442/gene_5698	2	onu_vs_self	significant	down	FALSE	Metabolism of Cofactors and Vitamins	METABOLIC
1,2-Dichloroethane degradation	1,2-Dichloroethane degradation	1/267	9/1145	0.111111111111111	0.476487723678735	-0.869121201468696	0.90921271151802	0.999080029200713	0.999080029200713	gene_4567	1	onu_vs_self	significant	down	FALSE	Biodegradation of Xenobiotics	METABOLIC
Synthesis and degradation of ketone bodies	Synthesis and degradation of ketone bodies	1/267	9/1145	0.111111111111111	0.476487723678735	-0.869121201468696	0.90921271151802	0.999080029200713	0.999080029200713	gene_6749	1	onu_vs_self	significant	down	FALSE	Lipid Metabolism	METABOLIC
Vitamin B6 metabolism	Vitamin B6 metabolism	3/267	23/1145	0.130434782608696	0.559355153883732	-1.17673201513514	0.932026399552871	0.999080029200713	0.999080029200713	gene_662/gene_972/gene_4108	3	onu_vs_self	significant	down	FALSE	Metabolism of Cofactors and Vitamins	METABOLIC
Fatty acid biosynthesis (path 2)	Fatty acid biosynthesis (path 2)	1/267	11/1145	0.0909090909090909	0.389853592100783	-1.12084422641145	0.946888281470148	0.999080029200713	0.999080029200713	gene_7933	1	onu_vs_self	significant	down	FALSE	Lipid Metabolism	METABOLIC
Styrene degradation	Styrene degradation	3/267	25/1145	0.12	0.514606741573034	-1.35262097628506	0.954102769448535	0.999080029200713	0.999080029200713	gene_4253/gene_5515/gene_5766	3	onu_vs_self	significant	down	FALSE	Biodegradation of Xenobiotics	METABOLIC
Ascorbate and aldarate metabolism	Ascorbate and aldarate metabolism	5/267	37/1145	0.135135135135135	0.579512096366029	-1.43319694436906	0.956118079333201	0.999080029200713	0.999080029200713	gene_662/gene_972/gene_3223/gene_4108/gene_4567	5	onu_vs_self	significant	down	FALSE	Carbohydrate Metabolism	METABOLIC
DNA polymerase	DNA polymerase	2/267	20/1145	0.1	0.428838951310861	-1.42042629663501	0.96612317456259	0.999080029200713	0.999080029200713	gene_680/gene_6064	2	onu_vs_self	significant	down	FALSE	REPLICATION AND REPAIR	REGULATORY
Phenylalanine metabolism	Phenylalanine metabolism	4/267	33/1145	0.121212121212121	0.519804789467711	-1.54292133855779	0.968425004758499	0.999080029200713	0.999080029200713	gene_1107/gene_4253/gene_5515/gene_5766	4	onu_vs_self	significant	down	FALSE	Amino Acid Metabolism	METABOLIC
Butanoate metabolism	Butanoate metabolism	8/267	56/1145	0.142857142857143	0.612627073301231	-1.63844068414085	0.969838720628134	0.999080029200713	0.999080029200713	gene_662/gene_972/gene_1107/gene_3938/gene_4108/gene_4567/gene_6749/gene_6989	8	onu_vs_self	significant	down	FALSE	Carbohydrate Metabolism	METABOLIC
Tryptophan metabolism	Tryptophan metabolism	12/267	78/1145	0.153846153846154	0.659752232785941	-1.71585964606272	0.97264877778818	0.999080029200713	0.999080029200713	gene_249/gene_2164/gene_4253/gene_4421/gene_4567/gene_5515/gene_5762/gene_5766/gene_6240/gene_7678/gene_7852/gene_8175	12	onu_vs_self	significant	down	FALSE	Amino Acid Metabolism	METABOLIC
Toluene and xylene degradation	Toluene and xylene degradation	1/267	14/1145	0.0714285714285714	0.306313536650615	-1.43951873025538	0.976283310940695	0.999080029200713	0.999080029200713	gene_3938	1	onu_vs_self	significant	down	FALSE	Biodegradation of Xenobiotics	METABOLIC
Urea cycle and metabolism of amino groups	Urea cycle and metabolism of amino groups	1/267	16/1145	0.0625	0.268024344569288	-1.62529067094831	0.986163139913251	0.999080029200713	0.999080029200713	gene_1370	1	onu_vs_self	significant	down	FALSE	Amino Acid Metabolism	METABOLIC
Glutamate metabolism	Glutamate metabolism	2/267	26/1145	0.0769230769230769	0.32987611639297	-1.90523307547259	0.991592998381665	0.999080029200713	0.999080029200713	gene_3709/gene_5044	2	onu_vs_self	significant	down	FALSE	Amino Acid Metabolism	METABOLIC
Benzoate degradation via CoA ligation	Benzoate degradation via CoA ligation	8/267	64/1145	0.125	0.536048689138577	-2.10557604538561	0.991690329062191	0.999080029200713	0.999080029200713	gene_662/gene_972/gene_1107/gene_3938/gene_4108/gene_5515/gene_7103/gene_8270	8	onu_vs_self	significant	down	FALSE	Biodegradation of Xenobiotics	METABOLIC
beta-Alanine metabolism	beta-Alanine metabolism	1/267	21/1145	0.0476190476190476	0.204209024433744	-2.02883573883466	0.99641978589557	0.999080029200713	0.999080029200713	gene_4567	1	onu_vs_self	significant	down	FALSE	Metabolism of Other Amino Acids	METABOLIC
Fluorene degradation	Fluorene degradation	1/267	21/1145	0.0476190476190476	0.204209024433744	-2.02883573883466	0.99641978589557	0.999080029200713	0.999080029200713	gene_7994	1	onu_vs_self	significant	down	FALSE	Biodegradation of Xenobiotics	METABOLIC
Arginine and proline metabolism	Arginine and proline metabolism	8/267	69/1145	0.115942028985507	0.497204581229984	-2.37482223567077	0.996508653332744	0.999080029200713	0.999080029200713	gene_2290/gene_4034/gene_4567/gene_5171/gene_5230/gene_5515/gene_7839/gene_7944	8	onu_vs_self	significant	down	FALSE	Amino Acid Metabolism	METABOLIC
Aminosugars metabolism	Aminosugars metabolism	4/267	45/1145	0.0888888888888889	0.381190178942988	-2.33447107371467	0.997161838396029	0.999080029200713	0.999080029200713	gene_174/gene_1107/gene_4052/gene_7391	4	onu_vs_self	significant	down	FALSE	Metabolism of Complex Carbohydrates	METABOLIC
Nitorobenzene degradation	Nitorobenzene degradation	1/267	26/1145	0.0384615384615385	0.164938058196485	-2.37416941928517	0.999080029200713	0.999080029200713	0.999080029200713	gene_7994	1	onu_vs_self	significant	down	FALSE	Biodegradation of Xenobiotics	METABOLIC
Fatty acid biosynthesis (path 1)	Fatty acid biosynthesis (path 1)	6/79	21/1145	0.285714285714286	4.14104882459313	3.95320316522675	0.00209899899561677	0.138533933710707	0.138533933710707	gene_1406/gene_1892/gene_3211/gene_7336/gene_8490/gene_8491	6	onu_vs_self	strong	up	FALSE	Lipid Metabolism	METABOLIC
Ascorbate and aldarate metabolism	Ascorbate and aldarate metabolism	6/79	37/1145	0.162162162162162	2.35032500855286	2.27204667236159	0.0369198249899169	0.848613887585984	0.848613887585984	gene_1403/gene_1514/gene_3213/gene_3671/gene_5065/gene_7242	6	onu_vs_self	strong	up	FALSE	Carbohydrate Metabolism	METABOLIC
beta-Alanine metabolism	beta-Alanine metabolism	4/79	21/1145	0.19047619047619	2.76069921639542	2.21594827204516	0.0510662004727667	0.848613887585984	0.848613887585984	gene_1977/gene_3213/gene_4303/gene_7226	4	onu_vs_self	strong	up	FALSE	Metabolism of Other Amino Acids	METABOLIC
Arginine and proline metabolism	Arginine and proline metabolism	8/79	69/1145	0.115942028985507	1.68042560997982	1.58652535273029	0.0953631391457166	0.848613887585984	0.848613887585984	gene_2300/gene_2644/gene_2656/gene_3213/gene_3769/gene_4675/gene_4978/gene_5665	8	onu_vs_self	strong	up	FALSE	Amino Acid Metabolism	METABOLIC
Pentose phosphate pathway	Pentose phosphate pathway	4/79	28/1145	0.142857142857143	2.07052441229656	1.56061925176561	0.121516351143947	0.848613887585984	0.848613887585984	gene_1514/gene_1735/gene_5121/gene_6707	4	onu_vs_self	strong	up	FALSE	Carbohydrate Metabolism	METABOLIC
Methionine metabolism	Methionine metabolism	3/79	18/1145	0.166666666666667	2.41561181434599	1.64727621822427	0.121997506025285	0.848613887585984	0.848613887585984	gene_1833/gene_6120/gene_7990	3	onu_vs_self	strong	up	FALSE	Amino Acid Metabolism	METABOLIC
Pentose and glucuronate interconversions	Pentose and glucuronate interconversions	4/79	31/1145	0.129032258064516	1.87015108207432	1.33653664785242	0.160155989274759	0.848613887585984	0.848613887585984	gene_1575/gene_4745/gene_6973/gene_8537	4	onu_vs_self	strong	up	FALSE	Carbohydrate Metabolism	METABOLIC
Butanoate metabolism	Butanoate metabolism	6/79	56/1145	0.107142857142857	1.55289330922242	1.15443467674473	0.182990004309837	0.848613887585984	0.848613887585984	gene_3213/gene_4303/gene_4305/gene_5918/gene_6973/gene_7226	6	onu_vs_self	strong	up	FALSE	Carbohydrate Metabolism	METABOLIC
Phenylalanine metabolism	Phenylalanine metabolism	4/79	33/1145	0.121212121212121	1.75680859225163	1.20043482491762	0.188147286733891	0.848613887585984	0.848613887585984	gene_2889/gene_3769/gene_5665/gene_7987	4	onu_vs_self	strong	up	FALSE	Amino Acid Metabolism	METABOLIC
Glycolysis / Gluconeogenesis	Glycolysis / Gluconeogenesis	6/79	57/1145	0.105263157894737	1.52564956695536	1.10781501372227	0.193824003340133	0.848613887585984	0.848613887585984	gene_7/gene_2889/gene_3213/gene_3428/gene_5122/gene_6707	6	onu_vs_self	strong	up	FALSE	Carbohydrate Metabolism	METABOLIC
Carbon fixation	Carbon fixation	3/79	23/1145	0.130434782608696	1.8904788112273	1.17392144157753	0.207948848468137	0.848613887585984	0.848613887585984	gene_5121/gene_5122/gene_6707	3	onu_vs_self	strong	up	FALSE	Energy Metabolism	METABOLIC
Sulfur metabolism	Sulfur metabolism	2/79	13/1145	0.153846153846154	2.22979552093476	1.21347078585745	0.224477156632884	0.848613887585984	0.848613887585984	gene_1523/gene_7990	2	onu_vs_self	strong	up	FALSE	Energy Metabolism	METABOLIC
Flavonoids, stilbene and lignin biosynthesis	Flavonoids, stilbene and lignin biosynthesis	4/79	36/1145	0.111111111111111	1.61040787623066	1.01263646350848	0.232793173798024	0.848613887585984	0.848613887585984	gene_3671/gene_4310/gene_7242/gene_7987	4	onu_vs_self	strong	up	FALSE	Biosynthesis of Secondary Metabolites	METABOLIC
Propanoate metabolism	Propanoate metabolism	3/79	25/1145	0.12	1.73924050632911	1.01693853481556	0.245523763597214	0.848613887585984	0.848613887585984	gene_3213/gene_4304/gene_7226	3	onu_vs_self	strong	up	FALSE	Carbohydrate Metabolism	METABOLIC
Pantothenate and CoA biosynthesis	Pantothenate and CoA biosynthesis	4/79	37/1145	0.108108108108108	1.56688333903524	0.953833629618232	0.248242802317396	0.848613887585984	0.848613887585984	gene_1977/gene_2644/gene_4675/gene_5405	4	onu_vs_self	strong	up	FALSE	Metabolism of Cofactors and Vitamins	METABOLIC
Glyoxylate and dicarboxylate metabolism	Glyoxylate and dicarboxylate metabolism	2/79	14/1145	0.142857142857143	2.07052441229656	1.0966732399337	0.2508490392435	0.848613887585984	0.848613887585984	gene_5506/gene_5893	2	onu_vs_self	strong	up	FALSE	Carbohydrate Metabolism	METABOLIC
Glutamate metabolism	Glutamate metabolism	3/79	26/1145	0.115384615384615	1.67234664070107	0.943654087819541	0.264719153848576	0.848613887585984	0.848613887585984	gene_3658/gene_4303/gene_5918	3	onu_vs_self	strong	up	FALSE	Amino Acid Metabolism	METABOLIC
Biotin metabolism	Biotin metabolism	2/79	15/1145	0.133333333333333	1.93248945147679	0.98923230607426	0.277315984751372	0.848613887585984	0.848613887585984	gene_4163/gene_8226	2	onu_vs_self	strong	up	FALSE	Metabolism of Cofactors and Vitamins	METABOLIC
Histidine metabolism	Histidine metabolism	4/79	40/1145	0.1	1.44936708860759	0.787223543284128	0.295804832666726	0.848613887585984	0.848613887585984	gene_2889/gene_3213/gene_5665/gene_7987	4	onu_vs_self	strong	up	FALSE	Amino Acid Metabolism	METABOLIC
Fructose and mannose metabolism	Fructose and mannose metabolism	6/79	66/1145	0.0909090909090909	1.31760644418872	0.723266760646705	0.300604773356267	0.848613887585984	0.848613887585984	gene_7/gene_364/gene_5122/gene_6707/gene_8197/gene_8537	6	onu_vs_self	strong	up	FALSE	Carbohydrate Metabolism	METABOLIC
gamma-Hexachlorocyclohexane degradation	gamma-Hexachlorocyclohexane degradation	4/79	41/1145	0.0975609756097561	1.41401667181229	0.734637641487129	0.311950198751502	0.848613887585984	0.848613887585984	gene_1576/gene_3671/gene_7242/gene_7987	4	onu_vs_self	strong	up	FALSE	Biodegradation of Xenobiotics	METABOLIC
Ethylbenzene degradation	Ethylbenzene degradation	2/79	17/1145	0.117647058823529	1.70513775130305	0.797061501040164	0.330005505839444	0.848613887585984	0.848613887585984	gene_484/gene_4304	2	onu_vs_self	strong	up	FALSE	Biodegradation of Xenobiotics	METABOLIC
Lipopolysaccharide biosynthesis	Lipopolysaccharide biosynthesis	2/79	18/1145	0.111111111111111	1.61040787623066	0.710300922711708	0.356006505816214	0.848613887585984	0.848613887585984	gene_2644/gene_4675	2	onu_vs_self	strong	up	FALSE	Metabolism of Complex Carbohydrates	METABOLIC
Fatty acid metabolism	Fatty acid metabolism	4/79	45/1145	0.0888888888888889	1.28832630098453	0.536960241530534	0.377137522791571	0.848613887585984	0.848613887585984	gene_3213/gene_3428/gene_5183/gene_7226	4	onu_vs_self	strong	up	FALSE	Lipid Metabolism	METABOLIC
Tyrosine metabolism	Tyrosine metabolism	5/79	59/1145	0.0847457627118644	1.22827719373525	0.489915944257217	0.385371357525959	0.848613887585984	0.848613887585984	gene_2889/gene_3428/gene_5665/gene_7987/gene_8612	5	onu_vs_self	strong	up	FALSE	Amino Acid Metabolism	METABOLIC
Starch and sucrose metabolism	Starch and sucrose metabolism	6/79	73/1145	0.0821917808219178	1.19126062077337	0.459555061702481	0.39038245810693	0.848613887585984	0.848613887585984	gene_7/gene_1575/gene_3262/gene_5443/gene_5694/gene_7275	6	onu_vs_self	strong	up	FALSE	Metabolism of Complex Carbohydrates	METABOLIC
Erythromycin biosynthesis	Erythromycin biosynthesis	1/79	7/1145	0.142857142857143	2.07052441229656	0.773076407700052	0.394562376615628	0.848613887585984	0.848613887585984	gene_7	1	onu_vs_self	strong	up	FALSE	Biosynthesis of Secondary Metabolites	METABOLIC
Thiamine metabolism	Thiamine metabolism	1/79	7/1145	0.142857142857143	2.07052441229656	0.773076407700052	0.394562376615628	0.848613887585984	0.848613887585984	gene_1198	1	onu_vs_self	strong	up	FALSE	Metabolism of Cofactors and Vitamins	METABOLIC
Nicotinate and nicotinamide metabolism	Nicotinate and nicotinamide metabolism	3/79	33/1145	0.0909090909090909	1.31760644418872	0.50378106185088	0.401222693497806	0.848613887585984	0.848613887585984	gene_1198/gene_2644/gene_4675	3	onu_vs_self	strong	up	FALSE	Metabolism of Cofactors and Vitamins	METABOLIC
Caprolactam degradation	Caprolactam degradation	2/79	20/1145	0.1	1.44936708860759	0.551680907105791	0.406879039923817	0.848613887585984	0.848613887585984	gene_1514/gene_3964	2	onu_vs_self	strong	up	FALSE	Biodegradation of Xenobiotics	METABOLIC
Valine, leucine and isoleucine degradation	Valine, leucine and isoleucine degradation	3/79	34/1145	0.0882352941176471	1.27885331347729	0.449165296095014	0.420433599863037	0.848613887585984	0.848613887585984	gene_3213/gene_5118/gene_7226	3	onu_vs_self	strong	up	FALSE	Amino Acid Metabolism	METABOLIC
Fluorene degradation	Fluorene degradation	2/79	21/1145	0.0952380952380952	1.38034960819771	0.478693378863573	0.431612357056089	0.848613887585984	0.848613887585984	gene_3671/gene_7242	2	onu_vs_self	strong	up	FALSE	Biodegradation of Xenobiotics	METABOLIC
2,4-Dichlorobenzoate degradation	2,4-Dichlorobenzoate degradation	1/79	8/1145	0.125	1.81170886075949	0.626921268276316	0.436591877711731	0.848613887585984	0.848613887585984	gene_6973	1	onu_vs_self	strong	up	FALSE	Biodegradation of Xenobiotics	METABOLIC
Sterol biosynthesis	Sterol biosynthesis	2/79	22/1145	0.0909090909090909	1.31760644418872	0.40931600193148	0.455803257580434	0.848613887585984	0.848613887585984	gene_7231/gene_7987	2	onu_vs_self	strong	up	FALSE	Lipid Metabolism	METABOLIC
Benzoate degradation via CoA ligation	Benzoate degradation via CoA ligation	5/79	64/1145	0.078125	1.13231803797468	0.29644501251706	0.456613716365631	0.848613887585984	0.848613887585984	gene_484/gene_3769/gene_7226/gene_7983/gene_8274	5	onu_vs_self	strong	up	FALSE	Biodegradation of Xenobiotics	METABOLIC
1,2-Dichloroethane degradation	1,2-Dichloroethane degradation	1/79	9/1145	0.111111111111111	1.61040787623066	0.500265062095673	0.475738088495173	0.848613887585984	0.848613887585984	gene_3213	1	onu_vs_self	strong	up	FALSE	Biodegradation of Xenobiotics	METABOLIC
Synthesis and degradation of ketone bodies	Synthesis and degradation of ketone bodies	1/79	9/1145	0.111111111111111	1.61040787623066	0.500265062095673	0.475738088495173	0.848613887585984	0.848613887585984	gene_4305	1	onu_vs_self	strong	up	FALSE	Lipid Metabolism	METABOLIC
Styrene degradation	Styrene degradation	2/79	25/1145	0.08	1.15949367088608	0.219407971552672	0.524729439980659	0.880124440249708	0.880124440249708	gene_3769/gene_7987	2	onu_vs_self	strong	up	FALSE	Biodegradation of Xenobiotics	METABOLIC
Fatty acid biosynthesis (path 2)	Fatty acid biosynthesis (path 2)	1/79	11/1145	0.0909090909090909	1.31760644418872	0.288022938210833	0.546149289937336	0.880124440249708	0.880124440249708	gene_7226	1	onu_vs_self	strong	up	FALSE	Lipid Metabolism	METABOLIC
Alkaloid biosynthesis I	Alkaloid biosynthesis I	1/79	12/1145	0.0833333333333333	1.207805907173	0.196916229962436	0.577766755629533	0.880124440249708	0.880124440249708	gene_7987	1	onu_vs_self	strong	up	FALSE	Biosynthesis of Secondary Metabolites	METABOLIC
Lysine degradation	Lysine degradation	4/79	60/1145	0.0666666666666667	0.966244725738397	-0.0730887194012411	0.606670443236043	0.880124440249708	0.880124440249708	gene_1027/gene_3213/gene_7226/gene_8226	4	onu_vs_self	strong	up	FALSE	Amino Acid Metabolism	METABOLIC
Aminosugars metabolism	Aminosugars metabolism	3/79	45/1145	0.0666666666666667	0.966244725738397	-0.0628636380328428	0.613074719611737	0.880124440249708	0.880124440249708	gene_7/gene_1198/gene_6137	3	onu_vs_self	strong	up	FALSE	Metabolism of Complex Carbohydrates	METABOLIC
Bile acid biosynthesis	Bile acid biosynthesis	3/79	45/1145	0.0666666666666667	0.966244725738397	-0.0628636380328428	0.613074719611737	0.880124440249708	0.880124440249708	gene_3213/gene_3428/gene_7987	3	onu_vs_self	strong	up	FALSE	Lipid Metabolism	METABOLIC
1,4-Dichlorobenzene degradation	1,4-Dichlorobenzene degradation	1/79	14/1145	0.0714285714285714	1.03526220614828	0.0361235273288973	0.634619749107645	0.880124440249708	0.880124440249708	gene_7987	1	onu_vs_self	strong	up	FALSE	Biodegradation of Xenobiotics	METABOLIC
Methane metabolism	Methane metabolism	1/79	14/1145	0.0714285714285714	1.03526220614828	0.0361235273288973	0.634619749107645	0.880124440249708	0.880124440249708	gene_7987	1	onu_vs_self	strong	up	FALSE	Energy Metabolism	METABOLIC
Toluene and xylene degradation	Toluene and xylene degradation	1/79	14/1145	0.0714285714285714	1.03526220614828	0.0361235273288973	0.634619749107645	0.880124440249708	0.880124440249708	gene_1576	1	onu_vs_self	strong	up	FALSE	Biodegradation of Xenobiotics	METABOLIC
Tryptophan metabolism	Tryptophan metabolism	5/79	78/1145	0.0641025641025641	0.929081467056151	-0.176552060364845	0.639436201611201	0.880124440249708	0.880124440249708	gene_3213/gene_3769/gene_5665/gene_7226/gene_7987	5	onu_vs_self	strong	up	FALSE	Amino Acid Metabolism	METABOLIC
Glycerolipid metabolism	Glycerolipid metabolism	8/79	124/1145	0.0645161290322581	0.935075541037158	-0.20833117641587	0.640090501999787	0.880124440249708	0.880124440249708	gene_1329/gene_3126/gene_3213/gene_3428/gene_5120/gene_5122/gene_6470/gene_8537	8	onu_vs_self	strong	up	FALSE	Metabolism of Complex Lipids	METABOLIC
Pyruvate metabolism	Pyruvate metabolism	3/79	49/1145	0.0612244897959184	0.887367605269956	-0.219282531580464	0.671886274262725	0.885048960301864	0.885048960301864	gene_3213/gene_6248/gene_8537	3	onu_vs_self	strong	up	FALSE	Carbohydrate Metabolism	METABOLIC
Nitrogen metabolism	Nitrogen metabolism	1/79	16/1145	0.0625	0.905854430379747	-0.103195524645856	0.683901469324167	0.885048960301864	0.885048960301864	gene_3658	1	onu_vs_self	strong	up	FALSE	Energy Metabolism	METABOLIC
Urea cycle and metabolism of amino groups	Urea cycle and metabolism of amino groups	1/79	16/1145	0.0625	0.905854430379747	-0.103195524645856	0.683901469324167	0.885048960301864	0.885048960301864	gene_2300	1	onu_vs_self	strong	up	FALSE	Amino Acid Metabolism	METABOLIC
Glycine, serine and threonine metabolism	Glycine, serine and threonine metabolism	3/79	53/1145	0.0566037735849057	0.820396465249582	-0.364325400377801	0.724024214913528	0.891035530166973	0.891035530166973	gene_1572/gene_5665/gene_5893	3	onu_vs_self	strong	up	FALSE	Amino Acid Metabolism	METABOLIC
Glutathione metabolism	Glutathione metabolism	1/79	18/1145	0.0555555555555556	0.80520393811533	-0.226674372800856	0.726608994172889	0.891035530166973	0.891035530166973	gene_4703	1	onu_vs_self	strong	up	FALSE	Metabolism of Other Amino Acids	METABOLIC
Androgen and estrogen metabolism	Androgen and estrogen metabolism	1/79	20/1145	0.05	0.724683544303797	-0.338001682522562	0.763609575485435	0.891035530166973	0.891035530166973	gene_7987	1	onu_vs_self	strong	up	FALSE	Lipid Metabolism	METABOLIC
Nucleotide sugars metabolism	Nucleotide sugars metabolism	1/79	20/1145	0.05	0.724683544303797	-0.338001682522562	0.763609575485435	0.891035530166973	0.891035530166973	gene_4724	1	onu_vs_self	strong	up	FALSE	Nucleotide Metabolism	METABOLIC
Valine, leucine and isoleucine biosynthesis	Valine, leucine and isoleucine biosynthesis	1/79	20/1145	0.05	0.724683544303797	-0.338001682522562	0.763609575485435	0.891035530166973	0.891035530166973	gene_5405	1	onu_vs_self	strong	up	FALSE	Amino Acid Metabolism	METABOLIC
Riboflavin metabolism	Riboflavin metabolism	1/79	21/1145	0.0476190476190476	0.690174804098855	-0.389934067727221	0.780209436406902	0.891035530166973	0.891035530166973	gene_1198	1	onu_vs_self	strong	up	FALSE	Metabolism of Cofactors and Vitamins	METABOLIC
Galactose metabolism	Galactose metabolism	2/79	41/1145	0.0487804878048781	0.707008335906144	-0.519888979695217	0.790027263011329	0.891035530166973	0.891035530166973	gene_7/gene_8537	2	onu_vs_self	strong	up	FALSE	Carbohydrate Metabolism	METABOLIC
Alanine and aspartate metabolism	Alanine and aspartate metabolism	1/79	23/1145	0.0434782608695652	0.630159603742433	-0.487561933708345	0.810032300151794	0.891035530166973	0.891035530166973	gene_4303	1	onu_vs_self	strong	up	FALSE	Amino Acid Metabolism	METABOLIC
Vitamin B6 metabolism	Vitamin B6 metabolism	1/79	23/1145	0.0434782608695652	0.630159603742433	-0.487561933708345	0.810032300151794	0.891035530166973	0.891035530166973	gene_1198	1	onu_vs_self	strong	up	FALSE	Metabolism of Cofactors and Vitamins	METABOLIC
Nitorobenzene degradation	Nitorobenzene degradation	1/79	26/1145	0.0384615384615385	0.55744888023369	-0.621130750056454	0.847431095102366	0.913570157223132	0.913570157223132	gene_1576	1	onu_vs_self	strong	up	FALSE	Biodegradation of Xenobiotics	METABOLIC
Ubiquinone biosynthesis	Ubiquinone biosynthesis	1/79	27/1145	0.037037037037037	0.53680262541022	-0.662788592442814	0.858202268906578	0.913570157223132	0.913570157223132	gene_7987	1	onu_vs_self	strong	up	FALSE	Metabolism of Cofactors and Vitamins	METABOLIC
Pyrimidine metabolism	Pyrimidine metabolism	2/79	55/1145	0.0363636363636364	0.527042577675489	-0.978223511273424	0.906045665435696	0.949190697123111	0.94919069712311	gene_548/gene_1977	2	onu_vs_self	strong	up	FALSE	Nucleotide Metabolism	METABOLIC
Cyanoamino acid metabolism	Cyanoamino acid metabolism	1/79	36/1145	0.0277777777777778	0.402601969057665	-0.991053773906054	0.926858468711904	0.955822795859151	0.955822795859151	gene_3769	1	onu_vs_self	strong	up	FALSE	Metabolism of Other Amino Acids	METABOLIC
Porphyrin and chlorophyll metabolism	Porphyrin and chlorophyll metabolism	1/79	40/1145	0.025	0.362341772151899	-1.11708129557572	0.945599091589101	0.960146769921241	0.960146769921241	gene_1198	1	onu_vs_self	strong	up	FALSE	Metabolism of Cofactors and Vitamins	METABOLIC
Purine metabolism	Purine metabolism	3/79	96/1145	0.03125	0.452927215189873	-1.52384550548837	0.970510653980653	0.970510653980653	0.970510653980653	gene_1862/gene_3884/gene_4021	3	onu_vs_self	strong	up	FALSE	Nucleotide Metabolism	METABOLIC
Glycerolipid metabolism	Glycerolipid metabolism	19/67	124/1145	0.153225806451613	2.61856042368801	4.75628556666217	3.26831398714939e-05	0.00222245351126159	0.00222245351126159	gene_375/gene_972/gene_1225/gene_1502/gene_1864/gene_2100/gene_2806/gene_3431/gene_3682/gene_4069/gene_4151/gene_4567/gene_4697/gene_5622/gene_6336/gene_6816/gene_6840/gene_7438/gene_8309	19	onu_vs_self	strong	down	TRUE	Metabolism of Complex Lipids	METABOLIC
Glycine, serine and threonine metabolism	Glycine, serine and threonine metabolism	7/67	53/1145	0.132075471698113	2.25711067304985	2.33529184315495	0.0305769465251495	0.925499593021499	0.925499593021499	gene_972/gene_2100/gene_4912/gene_4913/gene_5738/gene_6840/gene_8309	7	onu_vs_self	strong	down	FALSE	Amino Acid Metabolism	METABOLIC
Methane metabolism	Methane metabolism	3/67	14/1145	0.214285714285714	3.66204690831556	2.49740773509685	0.0438205543942412	0.925499593021499	0.925499593021499	gene_5766/gene_6240/gene_6609	3	onu_vs_self	strong	down	FALSE	Energy Metabolism	METABOLIC
Galactose metabolism	Galactose metabolism	5/67	41/1145	0.121951219512195	2.08409173643975	1.76162903145464	0.0859184718742581	0.925499593021499	0.925499593021499	gene_129/gene_972/gene_4862/gene_7824/gene_8563	5	onu_vs_self	strong	down	FALSE	Carbohydrate Metabolism	METABOLIC
gamma-Hexachlorocyclohexane degradation	gamma-Hexachlorocyclohexane degradation	5/67	41/1145	0.121951219512195	2.08409173643975	1.76162903145464	0.0859184718742581	0.925499593021499	0.925499593021499	gene_375/gene_3682/gene_5385/gene_5766/gene_7852	5	onu_vs_self	strong	down	FALSE	Biodegradation of Xenobiotics	METABOLIC
Caprolactam degradation	Caprolactam degradation	3/67	20/1145	0.15	2.5634328358209	1.75775765801097	0.107005365025751	0.925499593021499	0.925499593021499	gene_1864/gene_5622/gene_5800	3	onu_vs_self	strong	down	FALSE	Biodegradation of Xenobiotics	METABOLIC
Bile acid biosynthesis	Bile acid biosynthesis	5/67	45/1145	0.111111111111111	1.89883913764511	1.53296740914294	0.117159505784705	0.925499593021499	0.925499593021499	gene_972/gene_1225/gene_4109/gene_4567/gene_5766	5	onu_vs_self	strong	down	FALSE	Lipid Metabolism	METABOLIC
1,4-Dichlorobenzene degradation	1,4-Dichlorobenzene degradation	2/67	14/1145	0.142857142857143	2.44136460554371	1.35222076806205	0.195447493734818	0.925499593021499	0.925499593021499	gene_1501/gene_5766	2	onu_vs_self	strong	down	FALSE	Biodegradation of Xenobiotics	METABOLIC
Glyoxylate and dicarboxylate metabolism	Glyoxylate and dicarboxylate metabolism	2/67	14/1145	0.142857142857143	2.44136460554371	1.35222076806205	0.195447493734818	0.925499593021499	0.925499593021499	gene_2100/gene_3565	2	onu_vs_self	strong	down	FALSE	Carbohydrate Metabolism	METABOLIC
Folate biosynthesis	Folate biosynthesis	2/67	17/1145	0.117647058823529	2.01053555750658	1.04607432675844	0.261954740253269	0.925499593021499	0.925499593021499	gene_375/gene_3682	2	onu_vs_self	strong	down	FALSE	Metabolism of Cofactors and Vitamins	METABOLIC
Fatty acid metabolism	Fatty acid metabolism	4/67	45/1145	0.0888888888888889	1.51907131011609	0.885274537014279	0.266748798909541	0.925499593021499	0.925499593021499	gene_929/gene_1225/gene_4567/gene_7852	4	onu_vs_self	strong	down	FALSE	Lipid Metabolism	METABOLIC
Blood group glycolipid biosynthesis - lact series	Blood group glycolipid biosynthesis - lact series	2/67	19/1145	0.105263157894737	1.79890023566379	0.875066760916706	0.306598819934651	0.925499593021499	0.925499593021499	gene_3431/gene_4069	2	onu_vs_self	strong	down	FALSE	Metabolism of Complex Lipids	METABOLIC
Blood group glycolipid biosynthesis - neolact series	Blood group glycolipid biosynthesis - neolact series	2/67	19/1145	0.105263157894737	1.79890023566379	0.875066760916706	0.306598819934651	0.925499593021499	0.925499593021499	gene_3431/gene_4069	2	onu_vs_self	strong	down	FALSE	Metabolism of Complex Lipids	METABOLIC
Chondroitin / heparan sulfate biosynthesis	Chondroitin / heparan sulfate biosynthesis	2/67	19/1145	0.105263157894737	1.79890023566379	0.875066760916706	0.306598819934651	0.925499593021499	0.925499593021499	gene_3431/gene_4069	2	onu_vs_self	strong	down	FALSE	Metabolism of Complex Carbohydrates	METABOLIC
Keratan sulfate biosynthesis	Keratan sulfate biosynthesis	2/67	19/1145	0.105263157894737	1.79890023566379	0.875066760916706	0.306598819934651	0.925499593021499	0.925499593021499	gene_3431/gene_4069	2	onu_vs_self	strong	down	FALSE	Metabolism of Complex Carbohydrates	METABOLIC
Valine, leucine and isoleucine degradation	Valine, leucine and isoleucine degradation	3/67	34/1145	0.0882352941176471	1.50790166812994	0.749209199496692	0.320006780397712	0.925499593021499	0.925499593021499	gene_4567/gene_5595/gene_7146	3	onu_vs_self	strong	down	FALSE	Amino Acid Metabolism	METABOLIC
O-Glycans biosynthesis	O-Glycans biosynthesis	2/67	20/1145	0.1	1.7089552238806	0.79707387833433	0.328775870480085	0.925499593021499	0.925499593021499	gene_3431/gene_4069	2	onu_vs_self	strong	down	FALSE	Metabolism of Complex Carbohydrates	METABOLIC
N-Glycans biosynthesis	N-Glycans biosynthesis	3/67	35/1145	0.0857142857142857	1.46481876332623	0.695980732559694	0.336575427284491	0.925499593021499	0.925499593021499	gene_3037/gene_3431/gene_4069	3	onu_vs_self	strong	down	FALSE	Metabolism of Complex Carbohydrates	METABOLIC
Peptidoglycan biosynthesis	Peptidoglycan biosynthesis	2/67	21/1145	0.0952380952380952	1.62757640369581	0.723326091480007	0.350771354529825	0.925499593021499	0.925499593021499	gene_3431/gene_4069	2	onu_vs_self	strong	down	FALSE	Metabolism of Complex Carbohydrates	METABOLIC
Ascorbate and aldarate metabolism	Ascorbate and aldarate metabolism	3/67	37/1145	0.0810810810810811	1.385639370714	0.594228367529153	0.369656858872811	0.925499593021499	0.925499593021499	gene_972/gene_3223/gene_4567	3	onu_vs_self	strong	down	FALSE	Carbohydrate Metabolism	METABOLIC
Globoside metabolism	Globoside metabolism	2/67	22/1145	0.0909090909090909	1.55359565807327	0.653363953746671	0.372531032900917	0.925499593021499	0.925499593021499	gene_3431/gene_4069	2	onu_vs_self	strong	down	FALSE	Metabolism of Complex Lipids	METABOLIC
Sphingophospholipid biosynthesis	Sphingophospholipid biosynthesis	1/67	8/1145	0.125	2.13619402985075	0.803633990247293	0.383627673334773	0.925499593021499	0.925499593021499	gene_2806	1	onu_vs_self	strong	down	FALSE	Metabolism of Complex Lipids	METABOLIC
Alanine and aspartate metabolism	Alanine and aspartate metabolism	2/67	23/1145	0.0869565217391304	1.48604802076574	0.586796752519625	0.394007447002836	0.925499593021499	0.925499593021499	gene_2207/gene_4150	2	onu_vs_self	strong	down	FALSE	Amino Acid Metabolism	METABOLIC
1,2-Dichloroethane degradation	1,2-Dichloroethane degradation	1/67	9/1145	0.111111111111111	1.89883913764511	0.674613606836422	0.419948645970279	0.925499593021499	0.925499593021499	gene_4567	1	onu_vs_self	strong	down	FALSE	Biodegradation of Xenobiotics	METABOLIC
N-Glycan degradation	N-Glycan degradation	1/67	9/1145	0.111111111111111	1.89883913764511	0.674613606836422	0.419948645970279	0.925499593021499	0.925499593021499	gene_928	1	onu_vs_self	strong	down	FALSE	Metabolism of Complex Carbohydrates	METABOLIC
Starch and sucrose metabolism	Starch and sucrose metabolism	5/67	73/1145	0.0684931506849315	1.17051727663055	0.375209182516721	0.426989943945534	0.925499593021499	0.925499593021499	gene_648/gene_2958/gene_4862/gene_5659/gene_8563	5	onu_vs_self	strong	down	FALSE	Metabolism of Complex Carbohydrates	METABOLIC
Glycolysis / Gluconeogenesis	Glycolysis / Gluconeogenesis	4/67	57/1145	0.0701754385964912	1.19926682377586	0.384590906857334	0.431247585243893	0.925499593021499	0.925499593021499	gene_1225/gene_1864/gene_4567/gene_5622	4	onu_vs_self	strong	down	FALSE	Carbohydrate Metabolism	METABOLIC
Styrene degradation	Styrene degradation	2/67	25/1145	0.08	1.36716417910448	0.462553882444786	0.435951067617893	0.925499593021499	0.925499593021499	gene_5515/gene_5766	2	onu_vs_self	strong	down	FALSE	Biodegradation of Xenobiotics	METABOLIC
Sphingoglycolipid metabolism	Sphingoglycolipid metabolism	3/67	42/1145	0.0714285714285714	1.22068230277185	0.363116036399393	0.450814679497543	0.925499593021499	0.925499593021499	gene_3431/gene_4069/gene_6567	3	onu_vs_self	strong	down	FALSE	Metabolism of Complex Lipids	METABOLIC
Lysine degradation	Lysine degradation	4/67	60/1145	0.0666666666666667	1.13930348258706	0.276225496695447	0.471729282836205	0.925499593021499	0.925499593021499	gene_972/gene_1855/gene_4567/gene_7447	4	onu_vs_self	strong	down	FALSE	Amino Acid Metabolism	METABOLIC
Tryptophan metabolism	Tryptophan metabolism	5/67	78/1145	0.0641025641025641	1.09548411787218	0.217689391310235	0.486694851012128	0.925499593021499	0.925499593021499	gene_4567/gene_5515/gene_5766/gene_6240/gene_7852	5	onu_vs_self	strong	down	FALSE	Amino Acid Metabolism	METABOLIC
Alkaloid biosynthesis I	Alkaloid biosynthesis I	1/67	12/1145	0.0833333333333333	1.42412935323383	0.368056957275471	0.5167269526173	0.925499593021499	0.925499593021499	gene_5766	1	onu_vs_self	strong	down	FALSE	Biosynthesis of Secondary Metabolites	METABOLIC
Tetrachloroethene degradation	Tetrachloroethene degradation	1/67	12/1145	0.0833333333333333	1.42412935323383	0.368056957275471	0.5167269526173	0.925499593021499	0.925499593021499	gene_972	1	onu_vs_self	strong	down	FALSE	Biodegradation of Xenobiotics	METABOLIC
Sulfur metabolism	Sulfur metabolism	1/67	13/1145	0.0769230769230769	1.31458094144661	0.284264026709834	0.545305323468704	0.925499593021499	0.925499593021499	gene_2070	1	onu_vs_self	strong	down	FALSE	Energy Metabolism	METABOLIC
Fructose and mannose metabolism	Fructose and mannose metabolism	4/67	66/1145	0.0606060606060606	1.03573043871551	0.0745144718027406	0.549353084879354	0.925499593021499	0.925499593021499	gene_972/gene_3431/gene_4069/gene_5485	4	onu_vs_self	strong	down	FALSE	Carbohydrate Metabolism	METABOLIC
Pentose and glucuronate interconversions	Pentose and glucuronate interconversions	2/67	31/1145	0.0645161290322581	1.10255175734232	0.144252182137764	0.551736533923383	0.925499593021499	0.925499593021499	gene_1864/gene_5622	2	onu_vs_self	strong	down	FALSE	Carbohydrate Metabolism	METABOLIC
Phospholipid degradation	Phospholipid degradation	1/67	14/1145	0.0714285714285714	1.22068230277185	0.207033801027252	0.572217464217465	0.925499593021499	0.925499593021499	gene_1502	1	onu_vs_self	strong	down	FALSE	Metabolism of Complex Lipids	METABOLIC
Phenylalanine metabolism	Phenylalanine metabolism	2/67	33/1145	0.0606060606060606	1.03573043871551	0.0519019838468408	0.586544578641498	0.925499593021499	0.925499593021499	gene_5515/gene_5766	2	onu_vs_self	strong	down	FALSE	Amino Acid Metabolism	METABOLIC
Lysine biosynthesis	Lysine biosynthesis	1/67	15/1145	0.0666666666666667	1.13930348258706	0.135334777996423	0.597559135214308	0.925499593021499	0.925499593021499	gene_3501	1	onu_vs_self	strong	down	FALSE	Amino Acid Metabolism	METABOLIC
Cyanoamino acid metabolism	Cyanoamino acid metabolism	2/67	36/1145	0.0555555555555556	0.949419568822554	-0.0768438362137876	0.635022886014755	0.925499593021499	0.925499593021499	gene_5515/gene_5659	2	onu_vs_self	strong	down	FALSE	Metabolism of Other Amino Acids	METABOLIC
Flavonoids, stilbene and lignin biosynthesis	Flavonoids, stilbene and lignin biosynthesis	2/67	36/1145	0.0555555555555556	0.949419568822554	-0.0768438362137876	0.635022886014755	0.925499593021499	0.925499593021499	gene_5659/gene_5766	2	onu_vs_self	strong	down	FALSE	Biosynthesis of Secondary Metabolites	METABOLIC
Aminophosphonate metabolism	Aminophosphonate metabolism	1/67	17/1145	0.0588235294117647	1.00526777875329	0.00545303732454441	0.643887294024976	0.925499593021499	0.925499593021499	gene_2806	1	onu_vs_self	strong	down	FALSE	Metabolism of Other Amino Acids	METABOLIC
Glutathione metabolism	Glutathione metabolism	1/67	18/1145	0.0555555555555556	0.949419568822554	-0.0539011281286964	0.665039378511081	0.925499593021499	0.925499593021499	gene_936	1	onu_vs_self	strong	down	FALSE	Metabolism of Other Amino Acids	METABOLIC
Phenylalanine, tyrosine and tryptophan biosynthesis	Phenylalanine, tyrosine and tryptophan biosynthesis	1/67	18/1145	0.0555555555555556	0.949419568822554	-0.0539011281286964	0.665039378511081	0.925499593021499	0.925499593021499	gene_2009	1	onu_vs_self	strong	down	FALSE	Amino Acid Metabolism	METABOLIC
Aminoacyl-tRNA biosynthesis	Aminoacyl-tRNA biosynthesis	2/67	39/1145	0.0512820512820513	0.876387294297742	-0.195730671379384	0.679039873352641	0.925499593021499	0.925499593021499	gene_2009/gene_4150	2	onu_vs_self	strong	down	FALSE	TRANSLATION	REGULATORY
Histidine metabolism	Histidine metabolism	2/67	40/1145	0.05	0.854477611940298	-0.233463882095817	0.692740159208838	0.925499593021499	0.925499593021499	gene_4567/gene_5766	2	onu_vs_self	strong	down	FALSE	Amino Acid Metabolism	METABOLIC
Androgen and estrogen metabolism	Androgen and estrogen metabolism	1/67	20/1145	0.05	0.854477611940298	-0.16360990134231	0.703698894055194	0.925499593021499	0.925499593021499	gene_5766	1	onu_vs_self	strong	down	FALSE	Lipid Metabolism	METABOLIC
Nucleotide sugars metabolism	Nucleotide sugars metabolism	1/67	20/1145	0.05	0.854477611940298	-0.16360990134231	0.703698894055194	0.925499593021499	0.925499593021499	gene_972	1	onu_vs_self	strong	down	FALSE	Nucleotide Metabolism	METABOLIC
Valine, leucine and isoleucine biosynthesis	Valine, leucine and isoleucine biosynthesis	1/67	20/1145	0.05	0.854477611940298	-0.16360990134231	0.703698894055194	0.925499593021499	0.925499593021499	gene_6129	1	onu_vs_self	strong	down	FALSE	Amino Acid Metabolism	METABOLIC
beta-Alanine metabolism	beta-Alanine metabolism	1/67	21/1145	0.0476190476190476	0.813788201847903	-0.214622237789085	0.721345271031462	0.925499593021499	0.925499593021499	gene_4567	1	onu_vs_self	strong	down	FALSE	Metabolism of Other Amino Acids	METABOLIC
Fatty acid biosynthesis (path 1)	Fatty acid biosynthesis (path 1)	1/67	21/1145	0.0476190476190476	0.813788201847903	-0.214622237789085	0.721345271031462	0.925499593021499	0.925499593021499	gene_4914	1	onu_vs_self	strong	down	FALSE	Lipid Metabolism	METABOLIC
Inositol phosphate metabolism	Inositol phosphate metabolism	1/67	21/1145	0.0476190476190476	0.813788201847903	-0.214622237789085	0.721345271031462	0.925499593021499	0.925499593021499	gene_4725	1	onu_vs_self	strong	down	FALSE	Metabolism of Complex Lipids	METABOLIC
Riboflavin metabolism	Riboflavin metabolism	1/67	21/1145	0.0476190476190476	0.813788201847903	-0.214622237789085	0.721345271031462	0.925499593021499	0.925499593021499	gene_5385	1	onu_vs_self	strong	down	FALSE	Metabolism of Cofactors and Vitamins	METABOLIC
Sterol biosynthesis	Sterol biosynthesis	1/67	22/1145	0.0454545454545455	0.776797829036635	-0.263427378410116	0.737955472847203	0.929277262103885	0.929277262103885	gene_5766	1	onu_vs_self	strong	down	FALSE	Lipid Metabolism	METABOLIC
Vitamin B6 metabolism	Vitamin B6 metabolism	1/67	23/1145	0.0434782608695652	0.743024010382868	-0.310242341786077	0.753589474021946	0.931710622427134	0.931710622427134	gene_972	1	onu_vs_self	strong	down	FALSE	Metabolism of Cofactors and Vitamins	METABOLIC
Propanoate metabolism	Propanoate metabolism	1/67	25/1145	0.04	0.683582089552239	-0.398623671049978	0.782151859754217	0.943916737627436	0.943916737627436	gene_4567	1	onu_vs_self	strong	down	FALSE	Carbohydrate Metabolism	METABOLIC
Pyruvate metabolism	Pyruvate metabolism	2/67	49/1145	0.0408163265306122	0.69753274444106	-0.539277327449674	0.795715722067216	0.943916737627436	0.943916737627436	gene_4567/gene_5701	2	onu_vs_self	strong	down	FALSE	Carbohydrate Metabolism	METABOLIC
Ubiquinone biosynthesis	Ubiquinone biosynthesis	1/67	27/1145	0.037037037037037	0.632946379215036	-0.480984992569017	0.807447191013894	0.943916737627436	0.943916737627436	gene_5766	1	onu_vs_self	strong	down	FALSE	Metabolism of Cofactors and Vitamins	METABOLIC
Pentose phosphate pathway	Pentose phosphate pathway	1/67	28/1145	0.0357142857142857	0.610341151385927	-0.520209172057427	0.818986581176746	0.943916737627436	0.943916737627436	gene_3336	1	onu_vs_self	strong	down	FALSE	Carbohydrate Metabolism	METABOLIC
Butanoate metabolism	Butanoate metabolism	2/67	56/1145	0.0357142857142857	0.610341151385927	-0.745084707305823	0.853755292566452	0.951238451567899	0.951238451567899	gene_972/gene_4567	2	onu_vs_self	strong	down	FALSE	Carbohydrate Metabolism	METABOLIC
Nicotinate and nicotinamide metabolism	Nicotinate and nicotinamide metabolism	1/67	33/1145	0.0303030303030303	0.517865219357757	-0.700348288363699	0.867216957095182	0.951238451567899	0.951238451567899	gene_8138	1	onu_vs_self	strong	down	FALSE	Metabolism of Cofactors and Vitamins	METABOLIC
Tyrosine metabolism	Tyrosine metabolism	2/67	59/1145	0.0338983050847458	0.579306855552745	-0.826832542419827	0.87376168364145	0.951238451567899	0.951238451567899	gene_1225/gene_5766	2	onu_vs_self	strong	down	FALSE	Amino Acid Metabolism	METABOLIC
Pantothenate and CoA biosynthesis	Pantothenate and CoA biosynthesis	1/67	37/1145	0.027027027027027	0.461879790237999	-0.829184772263483	0.896476710784452	0.951238451567899	0.951238451567899	gene_6650	1	onu_vs_self	strong	down	FALSE	Metabolism of Cofactors and Vitamins	METABOLIC
Benzoate degradation via CoA ligation	Benzoate degradation via CoA ligation	2/67	64/1145	0.03125	0.534048507462687	-0.956002175074279	0.901669874557217	0.951238451567899	0.951238451567899	gene_972/gene_5515	2	onu_vs_self	strong	down	FALSE	Biodegradation of Xenobiotics	METABOLIC
Porphyrin and chlorophyll metabolism	Porphyrin and chlorophyll metabolism	1/67	40/1145	0.025	0.427238805970149	-0.918889894915587	0.914158920521103	0.951238451567899	0.951238451567899	gene_3100	1	onu_vs_self	strong	down	FALSE	Metabolism of Cofactors and Vitamins	METABOLIC
Arginine and proline metabolism	Arginine and proline metabolism	2/67	69/1145	0.0289855072463768	0.495349340255246	-1.07758190055377	0.923819385808951	0.951238451567899	0.951238451567899	gene_4567/gene_5515	2	onu_vs_self	strong	down	FALSE	Amino Acid Metabolism	METABOLIC
Aminosugars metabolism	Aminosugars metabolism	1/67	45/1145	0.0222222222222222	0.379767827529022	-1.05780407937169	0.937249650809547	0.951238451567899	0.951238451567899	gene_7391	1	onu_vs_self	strong	down	FALSE	Metabolism of Complex Carbohydrates	METABOLIC
Purine metabolism	Purine metabolism	2/67	96/1145	0.0208333333333333	0.356032338308458	-1.6426799805344	0.982235869832155	0.982235869832155	0.982235869832155	gene_1428/gene_7459	2	onu_vs_self	strong	down	FALSE	Nucleotide Metabolism	METABOLIC
Citrate cycle (TCA cycle)	Citrate cycle (TCA cycle)	13/446	14/1145	0.928571428571429	2.38388853299167	4.15983093082488	3.85003491241913e-05	0.00369603351592237	0.00344476807953291	gene_231/gene_1596/gene_2333/gene_2383/gene_3913/gene_3968/gene_4089/gene_4730/gene_4883/gene_7678/gene_8289/gene_8425/gene_8436	13	interaction_vs_onu	significant	up	TRUE	Carbohydrate Metabolism	METABOLIC
Glycine, serine and threonine metabolism	Glycine, serine and threonine metabolism	33/446	53/1145	0.622641509433962	1.59848548946611	3.56223112967046	0.000375196051877708	0.01800941049013	0.0167850865313712	gene_184/gene_379/gene_972/gene_1572/gene_1714/gene_2059/gene_2095/gene_2100/gene_2176/gene_2603/gene_2816/gene_2872/gene_3005/gene_3505/gene_3757/gene_3858/gene_3997/gene_4108/gene_4255/gene_4337/gene_4912/gene_4913/gene_5342/gene_5610/gene_5738/gene_5744/gene_6174/gene_6198/gene_6840/gene_7570/gene_8033/gene_8309/gene_8436	33	interaction_vs_onu	significant	up	TRUE	Amino Acid Metabolism	METABOLIC
Aminoacyl-tRNA biosynthesis	Aminoacyl-tRNA biosynthesis	25/446	39/1145	0.641025641025641	1.64568241922502	3.27578624702109	0.00108483173907163	0.0347146156502923	0.0323546308144172	gene_121/gene_463/gene_814/gene_2095/gene_2176/gene_3005/gene_3494/gene_3626/gene_4029/gene_4040/gene_4150/gene_4299/gene_4832/gene_4892/gene_5085/gene_5375/gene_5744/gene_6093/gene_6206/gene_6665/gene_7062/gene_7443/gene_7590/gene_7604/gene_8466	25	interaction_vs_onu	significant	up	TRUE	TRANSLATION	REGULATORY
Alanine and aspartate metabolism	Alanine and aspartate metabolism	15/446	23/1145	0.652173913043478	1.67430298303763	2.60834133748469	0.00909692250961471	0.218326140230753	0.203483792978224	gene_643/gene_814/gene_1194/gene_1731/gene_1831/gene_2207/gene_4029/gene_4150/gene_4167/gene_4303/gene_4883/gene_6501/gene_6968/gene_7046/gene_7062	15	interaction_vs_onu	significant	up	FALSE	Amino Acid Metabolism	METABOLIC
Valine, leucine and isoleucine biosynthesis	Valine, leucine and isoleucine biosynthesis	13/446	20/1145	0.65	1.66872197309417	2.40894111427083	0.0157480516164197	0.302362591035258	0.281807239451721	gene_121/gene_975/gene_2296/gene_2768/gene_3846/gene_4040/gene_4720/gene_4832/gene_5405/gene_6093/gene_6129/gene_6304/gene_7733	13	interaction_vs_onu	significant	up	FALSE	Amino Acid Metabolism	METABOLIC
Carbon fixation	Carbon fixation	14/446	23/1145	0.608695652173913	1.56268278416845	2.17657166401064	0.0262917763874584	0.371191332469136	0.345956833989874	gene_231/gene_466/gene_643/gene_681/gene_1181/gene_1194/gene_1596/gene_2953/gene_4036/gene_5156/gene_6431/gene_6501/gene_7307/gene_7887	14	interaction_vs_onu	significant	up	FALSE	Energy Metabolism	METABOLIC
Lysine biosynthesis	Lysine biosynthesis	10/446	15/1145	0.666666666666667	1.71150971599402	2.21477236765744	0.0270660346592078	0.371191332469136	0.345956833989874	gene_1595/gene_2872/gene_3236/gene_3501/gene_3997/gene_5467/gene_6206/gene_6613/gene_6747/gene_8466	10	interaction_vs_onu	significant	up	FALSE	Amino Acid Metabolism	METABOLIC
Reductive carboxylate cycle (CO2 fixation)	Reductive carboxylate cycle (CO2 fixation)	5/446	6/1145	0.833333333333333	2.13938714499253	2.23422512894602	0.0359599627070026	0.376045690729939	0.350481181053123	gene_231/gene_1596/gene_3913/gene_4089/gene_8289	5	interaction_vs_onu	significant	up	FALSE	Energy Metabolism	METABOLIC
Pentose phosphate pathway	Pentose phosphate pathway	16/446	28/1145	0.571428571428571	1.46700832799487	1.99764773906701	0.0372390753628628	0.376045690729939	0.350481181053123	gene_466/gene_748/gene_934/gene_1181/gene_1514/gene_1735/gene_3336/gene_3385/gene_4036/gene_4112/gene_4786/gene_5156/gene_5570/gene_6002/gene_7307/gene_7887	16	interaction_vs_onu	significant	up	FALSE	Carbohydrate Metabolism	METABOLIC
Glutamate metabolism	Glutamate metabolism	15/446	26/1145	0.576923076923077	1.48111417730252	1.98135200704103	0.039171426117702	0.376045690729939	0.350481181053123	gene_643/gene_1194/gene_1950/gene_3342/gene_3627/gene_3709/gene_4303/gene_4892/gene_5044/gene_5549/gene_6501/gene_6547/gene_6968/gene_7434/gene_7443	15	interaction_vs_onu	significant	up	FALSE	Amino Acid Metabolism	METABOLIC
Glutathione metabolism	Glutathione metabolism	11/446	18/1145	0.611111111111111	1.56888390632785	1.94240503893579	0.0462973103440769	0.404049253911944	0.376580993229333	gene_327/gene_828/gene_1726/gene_3038/gene_3913/gene_4703/gene_4786/gene_5782/gene_6089/gene_6547/gene_6710	11	interaction_vs_onu	significant	up	FALSE	Metabolism of Other Amino Acids	METABOLIC
Inositol phosphate metabolism	Inositol phosphate metabolism	12/446	21/1145	0.571428571428571	1.46700832799487	1.72461822300462	0.0684721726464194	0.52485306524853	0.489172264760143	gene_1131/gene_1229/gene_3831/gene_3970/gene_4145/gene_4725/gene_4801/gene_5075/gene_5234/gene_6275/gene_6725/gene_7058	12	interaction_vs_onu	significant	up	FALSE	Metabolism of Complex Lipids	METABOLIC
Glycolysis / Gluconeogenesis	Glycolysis / Gluconeogenesis	28/446	57/1145	0.491228070175439	1.26111242231138	1.61470194182679	0.0710738525857384	0.52485306524853	0.489172264760143	gene_466/gene_681/gene_777/gene_1207/gene_1225/gene_1552/gene_1968/gene_2001/gene_2296/gene_2889/gene_2905/gene_2953/gene_3385/gene_4055/gene_4258/gene_4567/gene_4591/gene_5570/gene_5622/gene_6002/gene_6304/gene_6431/gene_7157/gene_7307/gene_7563/gene_7768/gene_8411/gene_8436	28	interaction_vs_onu	significant	up	FALSE	Carbohydrate Metabolism	METABOLIC
Cysteine metabolism	Cysteine metabolism	5/446	7/1145	0.714285714285714	1.83376040999359	1.7666926899939	0.0858104752063903	0.588414687129534	0.548412811469412	gene_1194/gene_2351/gene_5159/gene_6501/gene_7590	5	interaction_vs_onu	significant	up	FALSE	Amino Acid Metabolism	METABOLIC
Glyoxylate and dicarboxylate metabolism	Glyoxylate and dicarboxylate metabolism	8/446	14/1145	0.571428571428571	1.46700832799487	1.40378046456259	0.130211885782639	0.785608111353196	0.732200542379623	gene_231/gene_1596/gene_2100/gene_2603/gene_3565/gene_6174/gene_7236/gene_8289	8	interaction_vs_onu	significant	up	FALSE	Carbohydrate Metabolism	METABOLIC
Lysine degradation	Lysine degradation	28/446	60/1145	0.466666666666667	1.19805680119581	1.2583236822707	0.131125901357415	0.785608111353196	0.732200542379623	gene_184/gene_620/gene_873/gene_972/gene_1114/gene_1207/gene_1490/gene_1595/gene_1855/gene_2442/gene_3079/gene_3858/gene_4055/gene_4108/gene_4337/gene_4567/gene_5467/gene_5698/gene_6198/gene_6203/gene_6373/gene_6613/gene_7447/gene_7678/gene_7909/gene_8033/gene_8226/gene_8425	28	interaction_vs_onu	significant	up	FALSE	Amino Acid Metabolism	METABOLIC
Tetrachloroethene degradation	Tetrachloroethene degradation	7/446	12/1145	0.583333333333333	1.49757100149477	1.38347903875585	0.139118103052128	0.785608111353196	0.732200542379623	gene_184/gene_972/gene_4108/gene_4337/gene_6198/gene_7836/gene_8033	7	interaction_vs_onu	significant	up	FALSE	Biodegradation of Xenobiotics	METABOLIC
Oxidative phosphorylation	Oxidative phosphorylation	5/446	8/1145	0.625	1.60454035874439	1.37003579538494	0.157052610673441	0.837613923591687	0.780670871768568	gene_161/gene_2383/gene_3052/gene_3968/gene_5369	5	interaction_vs_onu	significant	up	FALSE	Energy Metabolism	METABOLIC
Propanoate metabolism	Propanoate metabolism	12/446	25/1145	0.48	1.2322869955157	0.937621901764122	0.230690700827428	0.999971980000289	0.931991428728339	gene_334/gene_873/gene_984/gene_1114/gene_1207/gene_1901/gene_4055/gene_4567/gene_6203/gene_6290/gene_6552/gene_7861	12	interaction_vs_onu	significant	up	FALSE	Carbohydrate Metabolism	METABOLIC
Phenylalanine, tyrosine and tryptophan biosynthesis	Phenylalanine, tyrosine and tryptophan biosynthesis	9/446	18/1145	0.5	1.28363228699552	0.968437984159577	0.23202980773743	0.999971980000289	0.931991428728339	gene_463/gene_1194/gene_2905/gene_3626/gene_5063/gene_6497/gene_6501/gene_6665/gene_7604	9	interaction_vs_onu	significant	up	FALSE	Amino Acid Metabolism	METABOLIC
Vitamin B6 metabolism	Vitamin B6 metabolism	11/446	23/1145	0.478260869565217	1.22782218756093	0.881262643588508	0.250458002079844	0.999971980000289	0.931991428728339	gene_184/gene_379/gene_972/gene_1033/gene_1198/gene_1383/gene_3313/gene_4108/gene_4337/gene_6198/gene_8033	11	interaction_vs_onu	significant	up	FALSE	Metabolism of Cofactors and Vitamins	METABOLIC
Urea cycle and metabolism of amino groups	Urea cycle and metabolism of amino groups	8/446	16/1145	0.5	1.28363228699552	0.912243002814954	0.253537373163088	0.999971980000289	0.931991428728339	gene_978/gene_1831/gene_2068/gene_2300/gene_4290/gene_7085/gene_8032/gene_8120	8	interaction_vs_onu	significant	up	FALSE	Amino Acid Metabolism	METABOLIC
Erythromycin biosynthesis	Erythromycin biosynthesis	4/446	7/1145	0.571428571428571	1.46700832799487	0.989565094894778	0.269234796838753	0.999971980000289	0.931991428728339	gene_3007/gene_6002/gene_7157/gene_7768	4	interaction_vs_onu	significant	up	FALSE	Biosynthesis of Secondary Metabolites	METABOLIC
Phenylalanine metabolism	Phenylalanine metabolism	15/446	33/1145	0.454545454545455	1.1669384427232	0.776967383654349	0.273095198987418	0.999971980000289	0.931991428728339	gene_1194/gene_1531/gene_1968/gene_2632/gene_2762/gene_2889/gene_2941/gene_5063/gene_5279/gene_5827/gene_6196/gene_6501/gene_7563/gene_7764/gene_8370	15	interaction_vs_onu	significant	up	FALSE	Amino Acid Metabolism	METABOLIC
1,4-Dichlorobenzene degradation	1,4-Dichlorobenzene degradation	7/446	14/1145	0.5	1.28363228699552	0.852570371310134	0.27811255192241	0.999971980000289	0.931991428728339	gene_1501/gene_1531/gene_2632/gene_3352/gene_3374/gene_6265/gene_7764	7	interaction_vs_onu	significant	up	FALSE	Biodegradation of Xenobiotics	METABOLIC
Galactose metabolism	Galactose metabolism	18/446	41/1145	0.439024390243902	1.12709176419118	0.661708408942446	0.306197690970409	0.999971980000289	0.931991428728339	gene_129/gene_184/gene_341/gene_972/gene_2533/gene_3385/gene_4108/gene_4337/gene_6002/gene_6198/gene_6421/gene_6679/gene_7157/gene_7634/gene_7768/gene_7824/gene_8033/gene_8563	18	interaction_vs_onu	significant	up	FALSE	Carbohydrate Metabolism	METABOLIC
Alkaloid biosynthesis I	Alkaloid biosynthesis I	6/446	12/1145	0.5	1.28363228699552	0.788629808798868	0.306606701238149	0.999971980000289	0.931991428728339	gene_1194/gene_1531/gene_2632/gene_2762/gene_6501/gene_7764	6	interaction_vs_onu	significant	up	FALSE	Biosynthesis of Secondary Metabolites	METABOLIC
Fructose and mannose metabolism	Fructose and mannose metabolism	28/446	66/1145	0.424242424242424	1.08914254654165	0.595645870969345	0.318410407268648	0.999971980000289	0.931991428728339	gene_131/gene_184/gene_466/gene_681/gene_972/gene_1150/gene_1856/gene_3020/gene_3111/gene_3385/gene_3431/gene_3900/gene_4108/gene_4337/gene_5359/gene_5364/gene_5485/gene_5895/gene_6198/gene_7157/gene_7307/gene_7622/gene_7634/gene_7768/gene_7836/gene_8033/gene_8301/gene_8594	28	interaction_vs_onu	significant	up	FALSE	Carbohydrate Metabolism	METABOLIC
Sterol biosynthesis	Sterol biosynthesis	10/446	22/1145	0.454545454545455	1.1669384427232	0.631276574669447	0.336241185193531	0.999971980000289	0.931991428728339	gene_1531/gene_2632/gene_4257/gene_5212/gene_6166/gene_6362/gene_6477/gene_6533/gene_7764/gene_8181	10	interaction_vs_onu	significant	up	FALSE	Lipid Metabolism	METABOLIC
Nucleotide sugars metabolism	Nucleotide sugars metabolism	9/446	20/1145	0.45	1.15526905829596	0.559326645979062	0.366183114929606	0.999971980000289	0.931991428728339	gene_184/gene_972/gene_1589/gene_3007/gene_3640/gene_4108/gene_4337/gene_6198/gene_8033	9	interaction_vs_onu	significant	up	FALSE	Nucleotide Metabolism	METABOLIC
Porphyrin and chlorophyll metabolism	Porphyrin and chlorophyll metabolism	17/446	40/1145	0.425	1.09108744394619	0.468219207596306	0.377062092836645	0.999971980000289	0.931991428728339	gene_978/gene_1033/gene_1198/gene_2137/gene_2152/gene_2174/gene_2957/gene_3100/gene_3313/gene_4153/gene_4583/gene_4813/gene_6340/gene_6475/gene_7050/gene_7443/gene_8248	17	interaction_vs_onu	significant	up	FALSE	Metabolism of Cofactors and Vitamins	METABOLIC
Bile acid biosynthesis	Bile acid biosynthesis	19/446	45/1145	0.422222222222222	1.08395615346288	0.458779813738643	0.377427637084726	0.999971980000289	0.931991428728339	gene_184/gene_412/gene_972/gene_1207/gene_1225/gene_1531/gene_2632/gene_4055/gene_4108/gene_4109/gene_4258/gene_4337/gene_4567/gene_6198/gene_6533/gene_7764/gene_7836/gene_7933/gene_8033	19	interaction_vs_onu	significant	up	FALSE	Lipid Metabolism	METABOLIC
Sulfur metabolism	Sulfur metabolism	6/446	13/1145	0.461538461538462	1.18489134184201	0.535311891256379	0.394416257568683	0.999971980000289	0.931991428728339	gene_2070/gene_2471/gene_2848/gene_3242/gene_5159/gene_8184	6	interaction_vs_onu	significant	up	FALSE	Energy Metabolism	METABOLIC
Methionine metabolism	Methionine metabolism	8/446	18/1145	0.444444444444444	1.14100647732935	0.481454456771472	0.399846044395719	0.999971980000289	0.931991428728339	gene_1256/gene_1833/gene_1963/gene_2351/gene_3505/gene_5159/gene_8184/gene_8337	8	interaction_vs_onu	significant	up	FALSE	Amino Acid Metabolism	METABOLIC
D-Arginine and D-ornithine metabolism	D-Arginine and D-ornithine metabolism	3/446	6/1145	0.5	1.28363228699552	0.55617476971795	0.433908550925981	0.999971980000289	0.931991428728339	gene_2059/gene_4591/gene_5610	3	interaction_vs_onu	significant	up	FALSE	Metabolism of Other Amino Acids	METABOLIC
beta-Alanine metabolism	beta-Alanine metabolism	9/446	21/1145	0.428571428571429	1.10025624599616	0.370236971056548	0.436443509550375	0.999971980000289	0.931991428728339	gene_334/gene_873/gene_1203/gene_1207/gene_4055/gene_4303/gene_4567/gene_6203/gene_6968	9	interaction_vs_onu	significant	up	FALSE	Metabolism of Other Amino Acids	METABOLIC
Riboflavin metabolism	Riboflavin metabolism	9/446	21/1145	0.428571428571429	1.10025624599616	0.370236971056548	0.436443509550375	0.999971980000289	0.931991428728339	gene_1033/gene_1198/gene_1851/gene_2144/gene_3313/gene_4142/gene_5862/gene_6337/gene_7030	9	interaction_vs_onu	significant	up	FALSE	Metabolism of Cofactors and Vitamins	METABOLIC
Pyruvate metabolism	Pyruvate metabolism	20/446	49/1145	0.408163265306122	1.04786309142491	0.273423200437235	0.446842026308541	0.999971980000289	0.931991428728339	gene_231/gene_777/gene_954/gene_1114/gene_1207/gene_1552/gene_1596/gene_1933/gene_2296/gene_2953/gene_4055/gene_4567/gene_4883/gene_5701/gene_6200/gene_6270/gene_6290/gene_6304/gene_7634/gene_8436	20	interaction_vs_onu	significant	up	FALSE	Carbohydrate Metabolism	METABOLIC
Phospholipid degradation	Phospholipid degradation	6/446	14/1145	0.428571428571429	1.10025624599616	0.301360278057676	0.481644036803389	0.999971980000289	0.931991428728339	gene_1373/gene_1502/gene_2016/gene_2709/gene_3919/gene_7584	6	interaction_vs_onu	significant	up	FALSE	Metabolism of Complex Lipids	METABOLIC
Ascorbate and aldarate metabolism	Ascorbate and aldarate metabolism	15/446	37/1145	0.405405405405405	1.04078293540177	0.201349853054141	0.483266723381774	0.999971980000289	0.931991428728339	gene_184/gene_972/gene_1207/gene_1514/gene_3223/gene_3671/gene_4055/gene_4108/gene_4337/gene_4567/gene_5065/gene_6198/gene_6483/gene_7957/gene_8033	15	interaction_vs_onu	significant	up	FALSE	Carbohydrate Metabolism	METABOLIC
Aminosugars metabolism	Aminosugars metabolism	18/446	45/1145	0.4	1.02690582959641	0.147027358705559	0.499258291656187	0.999971980000289	0.931991428728339	gene_545/gene_546/gene_1033/gene_1198/gene_1826/gene_1950/gene_2960/gene_3313/gene_3342/gene_4490/gene_6002/gene_6023/gene_6339/gene_7095/gene_7153/gene_7157/gene_7391/gene_7768	18	interaction_vs_onu	significant	up	FALSE	Metabolism of Complex Carbohydrates	METABOLIC
Butanoate metabolism	Butanoate metabolism	22/446	56/1145	0.392857142857143	1.00856822549648	0.0524943805125735	0.531286306275863	0.999971980000289	0.931991428728339	gene_184/gene_342/gene_873/gene_972/gene_1114/gene_1207/gene_2154/gene_2296/gene_3710/gene_4055/gene_4108/gene_4303/gene_4337/gene_4567/gene_5907/gene_6198/gene_6203/gene_6304/gene_6968/gene_6973/gene_7836/gene_8033	22	interaction_vs_onu	significant	up	FALSE	Carbohydrate Metabolism	METABOLIC
Selenoamino acid metabolism	Selenoamino acid metabolism	10/446	25/1145	0.4	1.02690582959641	0.108604853486192	0.53331232741451	0.999971980000289	0.931991428728339	gene_1256/gene_1963/gene_2351/gene_2471/gene_2848/gene_3242/gene_3505/gene_5033/gene_5159/gene_6340	10	interaction_vs_onu	significant	up	FALSE	Metabolism of Other Amino Acids	METABOLIC
Thiamine metabolism	Thiamine metabolism	3/446	7/1145	0.428571428571429	1.10025624599616	0.212437499795655	0.557413866491403	0.999971980000289	0.931991428728339	gene_1033/gene_1198/gene_3313	3	interaction_vs_onu	significant	up	FALSE	Metabolism of Cofactors and Vitamins	METABOLIC
Valine, leucine and isoleucine degradation	Valine, leucine and isoleucine degradation	13/446	34/1145	0.382352941176471	0.98160116064363	-0.0869590347237553	0.599942172408289	0.999971980000289	0.931991428728339	gene_334/gene_873/gene_1207/gene_2768/gene_3846/gene_4038/gene_4055/gene_4106/gene_4567/gene_4720/gene_6203/gene_7146/gene_7933	13	interaction_vs_onu	significant	up	FALSE	Amino Acid Metabolism	METABOLIC
Fatty acid biosynthesis (path 1)	Fatty acid biosynthesis (path 1)	8/446	21/1145	0.380952380952381	0.978005551996583	-0.0812234462594773	0.614463655878762	0.999971980000289	0.931991428728339	gene_1406/gene_1440/gene_1892/gene_3211/gene_4453/gene_6999/gene_8490/gene_8491	8	interaction_vs_onu	significant	up	FALSE	Lipid Metabolism	METABOLIC
One carbon pool by folate	One carbon pool by folate	5/446	13/1145	0.384615384615385	0.987409451535012	-0.0364531418486155	0.618320670479537	0.999971980000289	0.931991428728339	gene_1986/gene_3720/gene_3858/gene_5342/gene_7236	5	interaction_vs_onu	significant	up	FALSE	Metabolism of Cofactors and Vitamins	METABOLIC
Glycerolipid metabolism	Glycerolipid metabolism	47/446	124/1145	0.379032258064516	0.973076088528859	-0.253500009022823	0.635322283712588	0.999971980000289	0.931991428728339	gene_83/gene_184/gene_335/gene_375/gene_681/gene_737/gene_972/gene_1150/gene_1207/gene_1225/gene_1373/gene_1502/gene_2100/gene_2128/gene_2592/gene_2709/gene_3344/gene_3431/gene_3845/gene_3900/gene_3919/gene_4047/gene_4055/gene_4108/gene_4151/gene_4242/gene_4258/gene_4337/gene_4567/gene_5264/gene_5328/gene_5359/gene_5364/gene_5386/gene_5622/gene_5949/gene_6198/gene_6336/gene_6793/gene_6840/gene_7438/gene_7634/gene_7789/gene_8033/gene_8045/gene_8301/gene_8309	47	interaction_vs_onu	significant	up	FALSE	Metabolism of Complex Lipids	METABOLIC
Histidine metabolism	Histidine metabolism	15/446	40/1145	0.375	0.962724215246637	-0.191609706493258	0.635343505711967	0.999971980000289	0.931991428728339	gene_1207/gene_1531/gene_1968/gene_2632/gene_2762/gene_2889/gene_3587/gene_4055/gene_4299/gene_4567/gene_5063/gene_6340/gene_7563/gene_7764/gene_8135	15	interaction_vs_onu	significant	up	FALSE	Amino Acid Metabolism	METABOLIC
Nitrogen metabolism	Nitrogen metabolism	6/446	16/1145	0.375	0.962724215246637	-0.119889643650582	0.640475026349392	0.999971980000289	0.931991428728339	gene_2351/gene_2459/gene_3709/gene_5159/gene_5342/gene_7930	6	interaction_vs_onu	significant	up	FALSE	Energy Metabolism	METABOLIC
Fatty acid biosynthesis (path 2)	Fatty acid biosynthesis (path 2)	4/446	11/1145	0.363636363636364	0.933550754178557	-0.176816066624691	0.679368978907488	0.999971980000289	0.931991428728339	gene_873/gene_1114/gene_6203/gene_7933	4	interaction_vs_onu	significant	up	FALSE	Lipid Metabolism	METABOLIC
Methane metabolism	Methane metabolism	5/446	14/1145	0.357142857142857	0.916880204996797	-0.249849815194782	0.694252133632953	0.999971980000289	0.931991428728339	gene_1531/gene_2632/gene_3858/gene_6609/gene_7764	5	interaction_vs_onu	significant	up	FALSE	Energy Metabolism	METABOLIC
Toluene and xylene degradation	Toluene and xylene degradation	5/446	14/1145	0.357142857142857	0.916880204996797	-0.249849815194782	0.694252133632953	0.999971980000289	0.931991428728339	gene_3352/gene_6862/gene_7730/gene_7836/gene_8390	5	interaction_vs_onu	significant	up	FALSE	Biodegradation of Xenobiotics	METABOLIC
Flavonoids, stilbene and lignin biosynthesis	Flavonoids, stilbene and lignin biosynthesis	13/446	36/1145	0.361111111111111	0.927067762830095	-0.355015133633231	0.698150549970428	0.999971980000289	0.931991428728339	gene_674/gene_1413/gene_1531/gene_1687/gene_2632/gene_2703/gene_3594/gene_3671/gene_3731/gene_7160/gene_7224/gene_7738/gene_7764	13	interaction_vs_onu	significant	up	FALSE	Biosynthesis of Secondary Metabolites	METABOLIC
Caprolactam degradation	Caprolactam degradation	7/446	20/1145	0.35	0.898542600896861	-0.365480588166824	0.720437683761417	0.999971980000289	0.931991428728339	gene_1514/gene_3274/gene_4620/gene_5622/gene_5649/gene_5800/gene_6158	7	interaction_vs_onu	significant	up	FALSE	Biodegradation of Xenobiotics	METABOLIC
O-Glycans biosynthesis	O-Glycans biosynthesis	7/446	20/1145	0.35	0.898542600896861	-0.365480588166824	0.720437683761417	0.999971980000289	0.931991428728339	gene_1150/gene_3431/gene_3900/gene_5359/gene_5364/gene_8285/gene_8301	7	interaction_vs_onu	significant	up	FALSE	Metabolism of Complex Carbohydrates	METABOLIC
Fatty acid metabolism	Fatty acid metabolism	16/446	45/1145	0.355555555555556	0.912805181863478	-0.476477551360609	0.734165497002278	0.999971980000289	0.931991428728339	gene_613/gene_873/gene_929/gene_1035/gene_1114/gene_1207/gene_1225/gene_2229/gene_4055/gene_4258/gene_4491/gene_4567/gene_5183/gene_6203/gene_7852/gene_7933	16	interaction_vs_onu	significant	up	FALSE	Lipid Metabolism	METABOLIC
1,2-Dichloroethane degradation	1,2-Dichloroethane degradation	3/446	9/1145	0.333333333333333	0.85575485799701	-0.346876707527161	0.748951723683341	0.999971980000289	0.931991428728339	gene_1207/gene_4055/gene_4567	3	interaction_vs_onu	significant	up	FALSE	Biodegradation of Xenobiotics	METABOLIC
N-Glycan degradation	N-Glycan degradation	3/446	9/1145	0.333333333333333	0.85575485799701	-0.346876707527161	0.748951723683341	0.999971980000289	0.931991428728339	gene_928/gene_4490/gene_4849	3	interaction_vs_onu	significant	up	FALSE	Metabolism of Complex Carbohydrates	METABOLIC
Biotin metabolism	Biotin metabolism	5/446	15/1145	0.333333333333333	0.85575485799701	-0.449003221594417	0.759106062374067	0.999971980000289	0.931991428728339	gene_1490/gene_2442/gene_5698/gene_7909/gene_8226	5	interaction_vs_onu	significant	up	FALSE	Metabolism of Cofactors and Vitamins	METABOLIC
Peptidoglycan biosynthesis	Peptidoglycan biosynthesis	7/446	21/1145	0.333333333333333	0.85575485799701	-0.532683863575502	0.773424697702744	0.999971980000289	0.931991428728339	gene_1150/gene_3431/gene_3709/gene_3900/gene_5359/gene_5364/gene_8301	7	interaction_vs_onu	significant	up	FALSE	Metabolism of Complex Carbohydrates	METABOLIC
Arginine and proline metabolism	Arginine and proline metabolism	24/446	69/1145	0.347826086956522	0.892961590953402	-0.73231833690158	0.804430869493913	0.999971980000289	0.931991428728339	gene_1194/gene_1207/gene_1831/gene_2059/gene_2272/gene_2290/gene_2300/gene_2656/gene_2941/gene_3494/gene_4055/gene_4567/gene_4675/gene_5230/gene_5375/gene_5610/gene_5827/gene_6196/gene_6501/gene_6779/gene_7085/gene_7944/gene_8120/gene_8370	24	interaction_vs_onu	significant	up	FALSE	Amino Acid Metabolism	METABOLIC
Cyanoamino acid metabolism	Cyanoamino acid metabolism	12/446	36/1145	0.333333333333333	0.85575485799701	-0.702147779243863	0.808601066217586	0.999971980000289	0.931991428728339	gene_1687/gene_2941/gene_3512/gene_3594/gene_3731/gene_3858/gene_5827/gene_6196/gene_7160/gene_7738/gene_7836/gene_8370	12	interaction_vs_onu	significant	up	FALSE	Metabolism of Other Amino Acids	METABOLIC
Blood group glycolipid biosynthesis - lact series	Blood group glycolipid biosynthesis - lact series	6/446	19/1145	0.315789473684211	0.810715128628747	-0.664301699047273	0.815272396213224	0.999971980000289	0.931991428728339	gene_1150/gene_3431/gene_3900/gene_5359/gene_5364/gene_8301	6	interaction_vs_onu	significant	up	FALSE	Metabolism of Complex Lipids	METABOLIC
Blood group glycolipid biosynthesis - neolact series	Blood group glycolipid biosynthesis - neolact series	6/446	19/1145	0.315789473684211	0.810715128628747	-0.664301699047273	0.815272396213224	0.999971980000289	0.931991428728339	gene_1150/gene_3431/gene_3900/gene_5359/gene_5364/gene_8301	6	interaction_vs_onu	significant	up	FALSE	Metabolism of Complex Lipids	METABOLIC
Chondroitin / heparan sulfate biosynthesis	Chondroitin / heparan sulfate biosynthesis	6/446	19/1145	0.315789473684211	0.810715128628747	-0.664301699047273	0.815272396213224	0.999971980000289	0.931991428728339	gene_1150/gene_3431/gene_3900/gene_5359/gene_5364/gene_8301	6	interaction_vs_onu	significant	up	FALSE	Metabolism of Complex Carbohydrates	METABOLIC
Keratan sulfate biosynthesis	Keratan sulfate biosynthesis	6/446	19/1145	0.315789473684211	0.810715128628747	-0.664301699047273	0.815272396213224	0.999971980000289	0.931991428728339	gene_1150/gene_3431/gene_3900/gene_5359/gene_5364/gene_8301	6	interaction_vs_onu	significant	up	FALSE	Metabolism of Complex Carbohydrates	METABOLIC
Globoside metabolism	Globoside metabolism	7/446	22/1145	0.318181818181818	0.816856909906237	-0.692554337412086	0.818633368850193	0.999971980000289	0.931991428728339	gene_1150/gene_3431/gene_3900/gene_4490/gene_5359/gene_5364/gene_8301	7	interaction_vs_onu	significant	up	FALSE	Metabolism of Complex Lipids	METABOLIC
Styrene degradation	Styrene degradation	8/446	25/1145	0.32	0.82152466367713	-0.720412194791739	0.822634542537792	0.999971980000289	0.931991428728339	gene_257/gene_1531/gene_2632/gene_2941/gene_5827/gene_6196/gene_7764/gene_8370	8	interaction_vs_onu	significant	up	FALSE	Biodegradation of Xenobiotics	METABOLIC
Pantothenate and CoA biosynthesis	Pantothenate and CoA biosynthesis	12/446	37/1145	0.324324324324324	0.832626348321416	-0.826342190394558	0.840869747249217	0.999971980000289	0.931991428728339	gene_975/gene_1203/gene_1986/gene_2768/gene_3259/gene_3846/gene_4675/gene_4720/gene_5230/gene_5405/gene_5826/gene_6650	12	interaction_vs_onu	significant	up	FALSE	Metabolism of Cofactors and Vitamins	METABOLIC
Aminophosphonate metabolism	Aminophosphonate metabolism	5/446	17/1145	0.294117647058824	0.755077815879715	-0.812343833754739	0.856842854138765	0.999971980000289	0.931991428728339	gene_3845/gene_4047/gene_4242/gene_6340/gene_7789	5	interaction_vs_onu	significant	up	FALSE	Metabolism of Other Amino Acids	METABOLIC
2,4-Dichlorobenzoate degradation	2,4-Dichlorobenzoate degradation	2/446	8/1145	0.25	0.641816143497758	-0.811731917710686	0.883087378818426	0.999971980000289	0.931991428728339	gene_5907/gene_6973	2	interaction_vs_onu	significant	up	FALSE	Biodegradation of Xenobiotics	METABOLIC
Sphingophospholipid biosynthesis	Sphingophospholipid biosynthesis	2/446	8/1145	0.25	0.641816143497758	-0.811731917710686	0.883087378818426	0.999971980000289	0.931991428728339	gene_4047/gene_7789	2	interaction_vs_onu	significant	up	FALSE	Metabolism of Complex Lipids	METABOLIC
Sphingoglycolipid metabolism	Sphingoglycolipid metabolism	13/446	42/1145	0.30952380952381	0.794629510997224	-1.08272154755989	0.894744483407372	0.999971980000289	0.931991428728339	gene_1150/gene_1311/gene_3431/gene_3900/gene_4490/gene_5130/gene_5359/gene_5364/gene_6354/gene_6533/gene_6567/gene_7534/gene_8301	13	interaction_vs_onu	significant	up	FALSE	Metabolism of Complex Lipids	METABOLIC
Benzoate degradation via hydroxylation	Benzoate degradation via hydroxylation	3/446	12/1145	0.25	0.641816143497758	-0.995917881072088	0.905985962566788	0.999971980000289	0.931991428728339	gene_3352/gene_7836/gene_7933	3	interaction_vs_onu	significant	up	FALSE	Biodegradation of Xenobiotics	METABOLIC
Synthesis and degradation of ketone bodies	Synthesis and degradation of ketone bodies	2/446	9/1145	0.222222222222222	0.570503238664674	-1.03284187180799	0.921411851714164	0.999971980000289	0.931991428728339	gene_1114/gene_3710	2	interaction_vs_onu	significant	up	FALSE	Lipid Metabolism	METABOLIC
Benzoate degradation via CoA ligation	Benzoate degradation via CoA ligation	20/446	64/1145	0.3125	0.802270179372197	-1.29984379728841	0.925596186040429	0.999971980000289	0.931991428728339	gene_88/gene_184/gene_342/gene_873/gene_965/gene_972/gene_1114/gene_2941/gene_4108/gene_4337/gene_5027/gene_5827/gene_6196/gene_6198/gene_6203/gene_6534/gene_7047/gene_7836/gene_8033/gene_8370	20	interaction_vs_onu	significant	up	FALSE	Biodegradation of Xenobiotics	METABOLIC
N-Glycans biosynthesis	N-Glycans biosynthesis	10/446	35/1145	0.285714285714286	0.733504163997437	-1.27851201597638	0.929726252731592	0.999971980000289	0.931991428728339	gene_1150/gene_3037/gene_3431/gene_3591/gene_3900/gene_5359/gene_5364/gene_5532/gene_6341/gene_8301	10	interaction_vs_onu	significant	up	FALSE	Metabolism of Complex Carbohydrates	METABOLIC
gamma-Hexachlorocyclohexane degradation	gamma-Hexachlorocyclohexane degradation	12/446	41/1145	0.292682926829268	0.75139450946079	-1.29437453831857	0.929873686631023	0.999971980000289	0.931991428728339	gene_375/gene_1531/gene_2632/gene_3671/gene_4142/gene_4491/gene_5862/gene_6862/gene_7730/gene_7764/gene_7852/gene_8390	12	interaction_vs_onu	significant	up	FALSE	Biodegradation of Xenobiotics	METABOLIC
Tyrosine metabolism	Tyrosine metabolism	18/446	59/1145	0.305084745762712	0.783233259861671	-1.36504067774307	0.935411208123692	0.999971980000289	0.931991428728339	gene_257/gene_1194/gene_1225/gene_1531/gene_1968/gene_2459/gene_2632/gene_2762/gene_2889/gene_4258/gene_5063/gene_5279/gene_6340/gene_6501/gene_7563/gene_7764/gene_7836/gene_8612	18	interaction_vs_onu	significant	up	FALSE	Amino Acid Metabolism	METABOLIC
Nicotinate and nicotinamide metabolism	Nicotinate and nicotinamide metabolism	9/446	33/1145	0.272727272727273	0.700163065633918	-1.39550552058064	0.945622091112516	0.999971980000289	0.931991428728339	gene_1033/gene_1198/gene_2046/gene_3313/gene_4675/gene_5230/gene_6037/gene_6780/gene_8138	9	interaction_vs_onu	significant	up	FALSE	Metabolism of Cofactors and Vitamins	METABOLIC
Glycosaminoglycan degradation	Glycosaminoglycan degradation	1/446	6/1145	0.166666666666667	0.427877428998505	-1.12187558951012	0.948668429720283	0.999971980000289	0.931991428728339	gene_4490	1	interaction_vs_onu	significant	up	FALSE	Metabolism of Complex Carbohydrates	METABOLIC
Ubiquinone biosynthesis	Ubiquinone biosynthesis	7/446	27/1145	0.259259259259259	0.665587111775453	-1.40406056176657	0.949195406311092	0.999971980000289	0.931991428728339	gene_1531/gene_2459/gene_2632/gene_5852/gene_6340/gene_7764/gene_7836	7	interaction_vs_onu	significant	up	FALSE	Metabolism of Cofactors and Vitamins	METABOLIC
Pyrimidine metabolism	Pyrimidine metabolism	16/446	55/1145	0.290909090909091	0.746840603342845	-1.53639894918421	0.955590487784407	0.999971980000289	0.931991428728339	gene_56/gene_311/gene_548/gene_1137/gene_1785/gene_2046/gene_2541/gene_3627/gene_3805/gene_4553/gene_5044/gene_5578/gene_6780/gene_6903/gene_7349/gene_7960	16	interaction_vs_onu	significant	up	FALSE	Nucleotide Metabolism	METABOLIC
Starch and sucrose metabolism	Starch and sucrose metabolism	22/446	73/1145	0.301369863013699	0.773696172983598	-1.59550360368389	0.959103894471746	0.999971980000289	0.931991428728339	gene_1004/gene_1589/gene_1687/gene_2318/gene_2533/gene_3262/gene_3564/gene_3594/gene_3731/gene_3977/gene_4140/gene_5570/gene_6002/gene_6758/gene_7022/gene_7032/gene_7117/gene_7157/gene_7160/gene_7738/gene_7768/gene_8563	22	interaction_vs_onu	significant	up	FALSE	Metabolism of Complex Carbohydrates	METABOLIC
Purine metabolism	Purine metabolism	30/446	96/1145	0.3125	0.802270179372197	-1.61607643843457	0.959305491438599	0.999971980000289	0.931991428728339	gene_590/gene_1137/gene_1638/gene_1731/gene_1785/gene_2046/gene_2068/gene_2139/gene_2541/gene_2848/gene_2953/gene_3024/gene_3242/gene_4021/gene_4431/gene_4553/gene_5280/gene_5527/gene_5548/gene_5549/gene_5578/gene_5801/gene_6780/gene_6808/gene_6845/gene_6903/gene_7046/gene_7434/gene_7459/gene_7791	30	interaction_vs_onu	significant	up	FALSE	Nucleotide Metabolism	METABOLIC
Pentose and glucuronate interconversions	Pentose and glucuronate interconversions	8/446	31/1145	0.258064516129032	0.662519890062202	-1.52099675367379	0.959532767754446	0.999971980000289	0.931991428728339	gene_1589/gene_5156/gene_5232/gene_5622/gene_5774/gene_5907/gene_6973/gene_7634	8	interaction_vs_onu	significant	up	FALSE	Carbohydrate Metabolism	METABOLIC
Androgen and estrogen metabolism	Androgen and estrogen metabolism	4/446	20/1145	0.2	0.513452914798206	-1.75269143938565	0.980797111031708	0.999971980000289	0.931991428728339	gene_1531/gene_2632/gene_6340/gene_7764	4	interaction_vs_onu	significant	up	FALSE	Lipid Metabolism	METABOLIC
Ethylbenzene degradation	Ethylbenzene degradation	3/446	17/1145	0.176470588235294	0.453046689527829	-1.81410332718412	0.985296384284263	0.999971980000289	0.931991428728339	gene_1901/gene_6552/gene_7861	3	interaction_vs_onu	significant	up	FALSE	Biodegradation of Xenobiotics	METABOLIC
RNA polymerase	RNA polymerase	1/446	10/1145	0.1	0.256726457399103	-1.88491858692702	0.992989544532112	0.999971980000289	0.931991428728339	gene_5578	1	interaction_vs_onu	significant	up	FALSE	TRANSCRIPTION	REGULATORY
Tryptophan metabolism	Tryptophan metabolism	20/446	78/1145	0.256410256410256	0.658272967690008	-2.4962396681847	0.99634462389541	0.999971980000289	0.931991428728339	gene_873/gene_1114/gene_1207/gene_1531/gene_2632/gene_2762/gene_2941/gene_4055/gene_4421/gene_4491/gene_4567/gene_5085/gene_5827/gene_6196/gene_6203/gene_6340/gene_7678/gene_7764/gene_7852/gene_8370	20	interaction_vs_onu	significant	up	FALSE	Amino Acid Metabolism	METABOLIC
Folate biosynthesis	Folate biosynthesis	2/446	17/1145	0.117647058823529	0.302031126351886	-2.3149830738988	0.99745373244745	0.999971980000289	0.931991428728339	gene_375/gene_3720	2	interaction_vs_onu	significant	up	FALSE	Metabolism of Cofactors and Vitamins	METABOLIC
Lipopolysaccharide biosynthesis	Lipopolysaccharide biosynthesis	2/446	18/1145	0.111111111111111	0.285251619332337	-2.44044670755716	0.998375233571521	0.999971980000289	0.931991428728339	gene_4675/gene_5230	2	interaction_vs_onu	significant	up	FALSE	Metabolism of Complex Carbohydrates	METABOLIC
DNA polymerase	DNA polymerase	2/446	20/1145	0.1	0.256726457399103	-2.67749867353154	0.999344589801431	0.999971980000289	0.931991428728339	gene_2541/gene_4553	2	interaction_vs_onu	significant	up	FALSE	REPLICATION AND REPAIR	REGULATORY
Nitorobenzene degradation	Nitorobenzene degradation	3/446	26/1145	0.115384615384615	0.296222835460504	-2.89833549551207	0.999644112682508	0.999971980000289	0.931991428728339	gene_6862/gene_7730/gene_8390	3	interaction_vs_onu	significant	up	FALSE	Biodegradation of Xenobiotics	METABOLIC
Fluorene degradation	Fluorene degradation	1/446	21/1145	0.0476190476190476	0.122250693999573	-3.24144636747165	0.999971980000289	0.999971980000289	0.931991428728339	gene_3671	1	interaction_vs_onu	significant	up	FALSE	Biodegradation of Xenobiotics	METABOLIC
Benzoate degradation via CoA ligation	Benzoate degradation via CoA ligation	30/302	64/1145	0.46875	1.77721440397351	3.82842970347794	0.000226416608184771	0.0212831611693685	0.0202583281007427	gene_2/gene_330/gene_430/gene_484/gene_949/gene_1743/gene_2418/gene_2629/gene_2964/gene_3441/gene_3703/gene_3769/gene_4064/gene_4308/gene_4970/gene_5009/gene_5173/gene_5481/gene_5515/gene_5573/gene_6920/gene_7103/gene_7226/gene_7462/gene_7983/gene_7989/gene_7998/gene_8385/gene_8499/gene_8586	30	interaction_vs_onu	significant	down	TRUE	Biodegradation of Xenobiotics	METABOLIC
Ethylbenzene degradation	Ethylbenzene degradation	11/302	17/1145	0.647058823529412	2.45325282430853	3.61171757843574	0.000935109210175256	0.043950132878237	0.0418338330867878	gene_430/gene_484/gene_3441/gene_4025/gene_4064/gene_4304/gene_4970/gene_6527/gene_6920/gene_7462/gene_8586	11	interaction_vs_onu	significant	down	TRUE	Biodegradation of Xenobiotics	METABOLIC
Nitorobenzene degradation	Nitorobenzene degradation	14/302	26/1145	0.538461538461538	2.04151808456444	3.21396499562979	0.00237771250206484	0.0595845833986309	0.0567154489236688	gene_1069/gene_1318/gene_1491/gene_1576/gene_2554/gene_3042/gene_3440/gene_5899/gene_7331/gene_7374/gene_7971/gene_7994/gene_7997/gene_8587	14	interaction_vs_onu	significant	down	FALSE	Biodegradation of Xenobiotics	METABOLIC
Fluorene degradation	Fluorene degradation	12/302	21/1145	0.571428571428571	2.16650898770104	3.22787923044078	0.00253551418717578	0.0595845833986309	0.0567154489236688	gene_168/gene_460/gene_1069/gene_1491/gene_2554/gene_3440/gene_5899/gene_7242/gene_7331/gene_7971/gene_7994/gene_8587	12	interaction_vs_onu	significant	down	FALSE	Biodegradation of Xenobiotics	METABOLIC
Glycosaminoglycan degradation	Glycosaminoglycan degradation	5/302	6/1145	0.833333333333333	3.15949227373068	3.17298569473069	0.00585069258801963	0.109993020654769	0.104696604206667	gene_705/gene_2690/gene_6122/gene_7154/gene_7248	5	interaction_vs_onu	significant	down	FALSE	Metabolism of Complex Carbohydrates	METABOLIC
N-Glycan degradation	N-Glycan degradation	6/302	9/1145	0.666666666666667	2.52759381898455	2.75259728939302	0.0128574965427046	0.201434112502373	0.191734597566648	gene_705/gene_2690/gene_6122/gene_6171/gene_7154/gene_7248	6	interaction_vs_onu	significant	down	FALSE	Metabolism of Complex Carbohydrates	METABOLIC
Flavonoids, stilbene and lignin biosynthesis	Flavonoids, stilbene and lignin biosynthesis	15/302	36/1145	0.416666666666667	1.57974613686534	2.11458933308599	0.0310122101132005	0.366751604448021	0.349091672766873	gene_168/gene_738/gene_1439/gene_3307/gene_3830/gene_4310/gene_4971/gene_5659/gene_5766/gene_5900/gene_7242/gene_7925/gene_7979/gene_7987/gene_8386	15	interaction_vs_onu	significant	down	FALSE	Biosynthesis of Secondary Metabolites	METABOLIC
Phenylalanine metabolism	Phenylalanine metabolism	14/302	33/1145	0.424242424242424	1.60846879389926	2.12200099155443	0.0312129025062145	0.366751604448021	0.349091672766873	gene_2/gene_430/gene_1876/gene_2418/gene_2964/gene_2965/gene_3769/gene_5515/gene_5665/gene_5766/gene_6920/gene_7987/gene_7989/gene_7998	14	interaction_vs_onu	significant	down	FALSE	Amino Acid Metabolism	METABOLIC
Styrene degradation	Styrene degradation	11/302	25/1145	0.44	1.6682119205298	2.02105395751786	0.0411439860495189	0.429726076517198	0.409033779439662	gene_2/gene_2418/gene_2440/gene_2964/gene_3769/gene_5515/gene_5766/gene_6529/gene_7987/gene_7989/gene_7998	11	interaction_vs_onu	significant	down	FALSE	Biodegradation of Xenobiotics	METABOLIC
Fatty acid metabolism	Fatty acid metabolism	17/302	45/1145	0.377777777777778	1.43230316409124	1.77011313569622	0.0584847302687698	0.512392426987032	0.487719555362796	gene_1474/gene_1566/gene_2106/gene_2633/gene_3213/gene_3428/gene_3447/gene_4308/gene_4321/gene_4473/gene_6790/gene_7217/gene_7226/gene_7401/gene_7492/gene_8585/gene_8589	17	interaction_vs_onu	significant	down	FALSE	Lipid Metabolism	METABOLIC
Tryptophan metabolism	Tryptophan metabolism	27/302	78/1145	0.346153846153846	1.31240448293428	1.70995643265837	0.0599608159240144	0.512392426987032	0.487719555362796	gene_2/gene_152/gene_1157/gene_1474/gene_2418/gene_2914/gene_2964/gene_3213/gene_3447/gene_3769/gene_4308/gene_4321/gene_4473/gene_5084/gene_5468/gene_5515/gene_5665/gene_5762/gene_5766/gene_7226/gene_7492/gene_7982/gene_7987/gene_7989/gene_7998/gene_8585/gene_8589	27	interaction_vs_onu	significant	down	FALSE	Amino Acid Metabolism	METABOLIC
Cyanoamino acid metabolism	Cyanoamino acid metabolism	14/302	36/1145	0.388888888888889	1.47442972774099	1.73045403459584	0.0656254991039473	0.514066409647587	0.489312931915396	gene_2/gene_738/gene_1439/gene_2418/gene_2964/gene_3307/gene_3769/gene_5515/gene_5659/gene_5900/gene_7979/gene_7989/gene_7998/gene_8386	14	interaction_vs_onu	significant	down	FALSE	Metabolism of Other Amino Acids	METABOLIC
Starch and sucrose metabolism	Starch and sucrose metabolism	25/302	73/1145	0.342465753424658	1.29842148235508	1.57651031661028	0.0773555748941017	0.559340310772735	0.532406790769121	gene_559/gene_738/gene_1109/gene_1388/gene_1439/gene_2886/gene_2946/gene_2947/gene_2958/gene_3307/gene_3418/gene_4052/gene_4330/gene_4488/gene_5037/gene_5208/gene_5443/gene_5659/gene_5694/gene_5900/gene_7275/gene_7979/gene_8213/gene_8385/gene_8386	25	interaction_vs_onu	significant	down	FALSE	Metabolism of Complex Carbohydrates	METABOLIC
gamma-Hexachlorocyclohexane degradation	gamma-Hexachlorocyclohexane degradation	15/302	41/1145	0.365853658536585	1.38709416895493	1.51017305567977	0.0943322710698691	0.63337382004055	0.602875416611946	gene_33/gene_168/gene_1318/gene_1474/gene_1576/gene_3042/gene_4321/gene_4473/gene_5766/gene_7242/gene_7374/gene_7492/gene_7987/gene_7997/gene_8585	15	interaction_vs_onu	significant	down	FALSE	Biodegradation of Xenobiotics	METABOLIC
Butanoate metabolism	Butanoate metabolism	19/302	56/1145	0.339285714285714	1.28636471144749	1.31462615686082	0.12427651906539	0.752412495908967	0.716182106968221	gene_323/gene_330/gene_430/gene_1743/gene_1880/gene_3213/gene_3447/gene_4305/gene_4308/gene_5173/gene_5502/gene_5918/gene_6125/gene_6749/gene_6795/gene_6920/gene_7226/gene_7535/gene_8589	19	interaction_vs_onu	significant	down	FALSE	Carbohydrate Metabolism	METABOLIC
DNA polymerase	DNA polymerase	8/302	20/1145	0.4	1.51655629139073	1.39430918535789	0.128836590014152	0.752412495908967	0.716182106968221	gene_1500/gene_2824/gene_2894/gene_3156/gene_3287/gene_3310/gene_4511/gene_6064	8	interaction_vs_onu	significant	down	FALSE	REPLICATION AND REPAIR	REGULATORY
Toluene and xylene degradation	Toluene and xylene degradation	6/302	14/1145	0.428571428571429	1.62488174077578	1.40745087835612	0.136074600323962	0.752412495908967	0.716182106968221	gene_1318/gene_1576/gene_3042/gene_7374/gene_7997/gene_8471	6	interaction_vs_onu	significant	down	FALSE	Biodegradation of Xenobiotics	METABOLIC
Arginine and proline metabolism	Arginine and proline metabolism	22/302	69/1145	0.318840579710145	1.20884921777522	1.07066587088474	0.175361991673939	0.832504655615714	0.792417645322908	gene_2/gene_2076/gene_2418/gene_2612/gene_2964/gene_2977/gene_3213/gene_3447/gene_3585/gene_3769/gene_4541/gene_4978/gene_5171/gene_5515/gene_5665/gene_6318/gene_6438/gene_7989/gene_7998/gene_8368/gene_8389/gene_8589	22	interaction_vs_onu	significant	down	FALSE	Amino Acid Metabolism	METABOLIC
Aminosugars metabolism	Aminosugars metabolism	15/302	45/1145	0.333333333333333	1.26379690949227	1.0801456325908	0.180652986923279	0.832504655615714	0.792417645322908	gene_220/gene_430/gene_2511/gene_2967/gene_4052/gene_4195/gene_4344/gene_6137/gene_6330/gene_6769/gene_6920/gene_7154/gene_7819/gene_8213/gene_8245	15	interaction_vs_onu	significant	down	FALSE	Metabolism of Complex Carbohydrates	METABOLIC
Benzoate degradation via hydroxylation	Benzoate degradation via hydroxylation	5/302	12/1145	0.416666666666667	1.57974613686534	1.20785896723406	0.18623155717048	0.832504655615714	0.792417645322908	gene_460/gene_6790/gene_7401/gene_8470/gene_8471	5	interaction_vs_onu	significant	down	FALSE	Biodegradation of Xenobiotics	METABOLIC
Synthesis and degradation of ketone bodies	Synthesis and degradation of ketone bodies	4/302	9/1145	0.444444444444444	1.6850625459897	1.234425855696	0.191568398767261	0.832504655615714	0.792417645322908	gene_1880/gene_4305/gene_5502/gene_6749	4	interaction_vs_onu	significant	down	FALSE	Lipid Metabolism	METABOLIC
Pyruvate metabolism	Pyruvate metabolism	16/302	49/1145	0.326530612244898	1.23800513582917	1.01878323110282	0.194841515144103	0.832504655615714	0.792417645322908	gene_246/gene_1260/gene_2933/gene_2951/gene_3213/gene_3447/gene_4710/gene_5555/gene_5650/gene_6248/gene_6924/gene_8151/gene_8166/gene_8281/gene_8537/gene_8589	16	interaction_vs_onu	significant	down	FALSE	Carbohydrate Metabolism	METABOLIC
Nicotinate and nicotinamide metabolism	Nicotinate and nicotinamide metabolism	11/302	33/1145	0.333333333333333	1.26379690949227	0.919977012994163	0.231484480481677	0.880820973529157	0.838407421612299	gene_693/gene_2076/gene_2511/gene_2977/gene_3585/gene_3646/gene_4344/gene_5191/gene_6318/gene_7024/gene_8385	11	interaction_vs_onu	significant	down	FALSE	Metabolism of Cofactors and Vitamins	METABOLIC
Histidine metabolism	Histidine metabolism	13/302	40/1145	0.325	1.23220198675497	0.894370537864098	0.234217241277699	0.880820973529157	0.838407421612299	gene_152/gene_430/gene_2914/gene_3213/gene_3438/gene_3447/gene_5665/gene_5762/gene_5766/gene_6920/gene_7987/gene_8216/gene_8589	13	interaction_vs_onu	significant	down	FALSE	Amino Acid Metabolism	METABOLIC
Ascorbate and aldarate metabolism	Ascorbate and aldarate metabolism	12/302	37/1145	0.324324324324324	1.22964023626275	0.849535757355644	0.249646764809261	0.880820973529157	0.838407421612299	gene_168/gene_330/gene_1211/gene_1743/gene_2937/gene_3213/gene_3447/gene_5173/gene_6267/gene_7242/gene_7693/gene_8589	12	interaction_vs_onu	significant	down	FALSE	Carbohydrate Metabolism	METABOLIC
Galactose metabolism	Galactose metabolism	13/302	41/1145	0.317073170731707	1.20214827976094	0.788642428200808	0.266097526672032	0.880820973529157	0.838407421612299	gene_330/gene_705/gene_778/gene_1109/gene_1743/gene_2690/gene_4052/gene_5173/gene_5555/gene_6122/gene_7248/gene_8213/gene_8537	13	interaction_vs_onu	significant	down	FALSE	Carbohydrate Metabolism	METABOLIC
Glycerolipid metabolism	Glycerolipid metabolism	36/302	124/1145	0.290322580645161	1.10072634052553	0.710630304570603	0.270492673921851	0.880820973529157	0.838407421612299	gene_330/gene_430/gene_679/gene_705/gene_1066/gene_1329/gene_1566/gene_1588/gene_1743/gene_2633/gene_2690/gene_3019/gene_3126/gene_3213/gene_3428/gene_3447/gene_4069/gene_4697/gene_4760/gene_5120/gene_5122/gene_5173/gene_5504/gene_5555/gene_5795/gene_6122/gene_6213/gene_6236/gene_6470/gene_6766/gene_6880/gene_6920/gene_7217/gene_7248/gene_8537/gene_8589	36	interaction_vs_onu	significant	down	FALSE	Metabolism of Complex Lipids	METABOLIC
Thiamine metabolism	Thiamine metabolism	3/302	7/1145	0.428571428571429	1.62488174077578	0.992152474806088	0.272254843707244	0.880820973529157	0.838407421612299	gene_1548/gene_2511/gene_4344	3	interaction_vs_onu	significant	down	FALSE	Metabolism of Cofactors and Vitamins	METABOLIC
Tyrosine metabolism	Tyrosine metabolism	18/302	59/1145	0.305084745762712	1.15669547648445	0.739384341480586	0.27369462572225	0.880820973529157	0.838407421612299	gene_152/gene_430/gene_1055/gene_1566/gene_1876/gene_2440/gene_2633/gene_2914/gene_2965/gene_3428/gene_5022/gene_5665/gene_5762/gene_5766/gene_6529/gene_6920/gene_7217/gene_7987	18	interaction_vs_onu	significant	down	FALSE	Amino Acid Metabolism	METABOLIC
Bile acid biosynthesis	Bile acid biosynthesis	14/302	45/1145	0.311111111111111	1.17954378219279	0.735161881038088	0.281113076658241	0.880820973529157	0.838407421612299	gene_330/gene_1566/gene_1743/gene_2633/gene_3213/gene_3428/gene_3447/gene_5173/gene_5766/gene_6790/gene_7217/gene_7401/gene_7987/gene_8589	14	interaction_vs_onu	significant	down	FALSE	Lipid Metabolism	METABOLIC
Methane metabolism	Methane metabolism	5/302	14/1145	0.357142857142857	1.35406811731315	0.79748446816772	0.299102142447056	0.906954883549139	0.863282923870961	gene_1157/gene_5766/gene_5980/gene_7620/gene_7987	5	interaction_vs_onu	significant	down	FALSE	Energy Metabolism	METABOLIC
Fatty acid biosynthesis (path 2)	Fatty acid biosynthesis (path 2)	4/302	11/1145	0.363636363636364	1.37868753762794	0.755046197395959	0.324742614621699	0.913164971693236	0.869193982014838	gene_4308/gene_6790/gene_7226/gene_7401	4	interaction_vs_onu	significant	down	FALSE	Lipid Metabolism	METABOLIC
Propanoate metabolism	Propanoate metabolism	8/302	25/1145	0.32	1.21324503311258	0.644974602894698	0.328643753630452	0.913164971693236	0.869193982014838	gene_3213/gene_3447/gene_4025/gene_4304/gene_4308/gene_6527/gene_7226/gene_8589	8	interaction_vs_onu	significant	down	FALSE	Carbohydrate Metabolism	METABOLIC
Lipopolysaccharide biosynthesis	Lipopolysaccharide biosynthesis	6/302	18/1145	0.333333333333333	1.26379690949227	0.674911291647857	0.330293713165638	0.913164971693236	0.869193982014838	gene_430/gene_2076/gene_2977/gene_3585/gene_6318/gene_6920	6	interaction_vs_onu	significant	down	FALSE	Metabolism of Complex Carbohydrates	METABOLIC
Pantothenate and CoA biosynthesis	Pantothenate and CoA biosynthesis	11/302	37/1145	0.297297297297297	1.12717021657419	0.470456083866863	0.379639365113232	0.982164526449767	0.934871049812209	gene_1977/gene_2076/gene_2814/gene_2970/gene_2977/gene_3585/gene_5125/gene_5501/gene_6318/gene_7706/gene_8192	11	interaction_vs_onu	significant	down	FALSE	Metabolism of Cofactors and Vitamins	METABOLIC
Vitamin B6 metabolism	Vitamin B6 metabolism	7/302	23/1145	0.304347826086957	1.15390152605816	0.446080369867694	0.40449957407927	0.982164526449767	0.934871049812209	gene_330/gene_1743/gene_2511/gene_4344/gene_5124/gene_5173/gene_6142	7	interaction_vs_onu	significant	down	FALSE	Metabolism of Cofactors and Vitamins	METABOLIC
Valine, leucine and isoleucine degradation	Valine, leucine and isoleucine degradation	10/302	34/1145	0.294117647058824	1.11511492014024	0.407677498955306	0.405899642245553	0.982164526449767	0.934871049812209	gene_430/gene_3213/gene_3447/gene_4308/gene_6749/gene_6790/gene_6920/gene_7226/gene_7401/gene_8589	10	interaction_vs_onu	significant	down	FALSE	Amino Acid Metabolism	METABOLIC
Nitrogen metabolism	Nitrogen metabolism	5/302	16/1145	0.3125	1.18480960264901	0.4453897826956	0.41963306185593	0.982164526449767	0.934871049812209	gene_2831/gene_3658/gene_3815/gene_3837/gene_7347	5	interaction_vs_onu	significant	down	FALSE	Energy Metabolism	METABOLIC
Glycolysis / Gluconeogenesis	Glycolysis / Gluconeogenesis	16/302	57/1145	0.280701754385965	1.06425002904613	0.297713826610262	0.434455910506154	0.982164526449767	0.934871049812209	gene_1566/gene_2633/gene_2951/gene_3213/gene_3428/gene_3447/gene_4052/gene_5122/gene_5837/gene_6213/gene_6707/gene_7141/gene_7217/gene_7970/gene_8213/gene_8589	16	interaction_vs_onu	significant	down	FALSE	Carbohydrate Metabolism	METABOLIC
1,2-Dichloroethane degradation	1,2-Dichloroethane degradation	3/302	9/1145	0.333333333333333	1.26379690949227	0.475340138847494	0.43796466063075	0.982164526449767	0.934871049812209	gene_3213/gene_3447/gene_8589	3	interaction_vs_onu	significant	down	FALSE	Biodegradation of Xenobiotics	METABOLIC
Androgen and estrogen metabolism	Androgen and estrogen metabolism	6/302	20/1145	0.3	1.13741721854305	0.370921994822771	0.43883946926479	0.982164526449767	0.934871049812209	gene_152/gene_2914/gene_4155/gene_5762/gene_5766/gene_7987	6	interaction_vs_onu	significant	down	FALSE	Lipid Metabolism	METABOLIC
Caprolactam degradation	Caprolactam degradation	6/302	20/1145	0.3	1.13741721854305	0.370921994822771	0.43883946926479	0.982164526449767	0.934871049812209	gene_3964/gene_4941/gene_4967/gene_6213/gene_7693/gene_8625	6	interaction_vs_onu	significant	down	FALSE	Biodegradation of Xenobiotics	METABOLIC
Sulfur metabolism	Sulfur metabolism	4/302	13/1145	0.307692307692308	1.16658176260825	0.36139206462869	0.462051531386007	0.996943262650592	0.948938155938413	gene_1523/gene_1759/gene_3815/gene_7990	4	interaction_vs_onu	significant	down	FALSE	Energy Metabolism	METABOLIC
Fructose and mannose metabolism	Fructose and mannose metabolism	18/302	66/1145	0.272727272727273	1.03401565322095	0.170311022835715	0.481382152546894	0.996943262650592	0.948938155938413	gene_330/gene_364/gene_851/gene_1588/gene_1743/gene_4052/gene_4069/gene_5122/gene_5170/gene_5173/gene_5555/gene_6236/gene_6707/gene_8143/gene_8197/gene_8213/gene_8537/gene_8548	18	interaction_vs_onu	significant	down	FALSE	Carbohydrate Metabolism	METABOLIC
beta-Alanine metabolism	beta-Alanine metabolism	6/302	21/1145	0.285714285714286	1.08325449385052	0.230375808823024	0.492173723023436	0.996943262650592	0.948938155938413	gene_1977/gene_3213/gene_3447/gene_4308/gene_7226/gene_8589	6	interaction_vs_onu	significant	down	FALSE	Metabolism of Other Amino Acids	METABOLIC
Fatty acid biosynthesis (path 1)	Fatty acid biosynthesis (path 1)	6/302	21/1145	0.285714285714286	1.08325449385052	0.230375808823024	0.492173723023436	0.996943262650592	0.948938155938413	gene_3066/gene_3439/gene_4914/gene_6041/gene_7336/gene_8242	6	interaction_vs_onu	significant	down	FALSE	Lipid Metabolism	METABOLIC
D-Arginine and D-ornithine metabolism	D-Arginine and D-ornithine metabolism	2/302	6/1145	0.333333333333333	1.26379690949227	0.387602137000069	0.498710692101052	0.996943262650592	0.948938155938413	gene_430/gene_6920	2	interaction_vs_onu	significant	down	FALSE	Metabolism of Other Amino Acids	METABOLIC
Sphingoglycolipid metabolism	Sphingoglycolipid metabolism	11/302	42/1145	0.261904761904762	0.992983286029644	-0.0277187319472691	0.571529794230895	0.996943262650592	0.948938155938413	gene_705/gene_1588/gene_2636/gene_2690/gene_4069/gene_4155/gene_6122/gene_6236/gene_7154/gene_7248/gene_8385	11	interaction_vs_onu	significant	down	FALSE	Metabolism of Complex Lipids	METABOLIC
Biotin metabolism	Biotin metabolism	4/302	15/1145	0.266666666666667	1.01103752759382	0.0257442892621735	0.588329776594448	0.996943262650592	0.948938155938413	gene_223/gene_1279/gene_6377/gene_6378	4	interaction_vs_onu	significant	down	FALSE	Metabolism of Cofactors and Vitamins	METABOLIC
Erythromycin biosynthesis	Erythromycin biosynthesis	2/302	7/1145	0.285714285714286	1.08325449385052	0.13218685508393	0.589293031458576	0.996943262650592	0.948938155938413	gene_4052/gene_8213	2	interaction_vs_onu	significant	down	FALSE	Biosynthesis of Secondary Metabolites	METABOLIC
Carbon fixation	Carbon fixation	6/302	23/1145	0.260869565217391	0.989058450906997	-0.0317138523011643	0.592884287537789	0.996943262650592	0.948938155938413	gene_246/gene_2951/gene_5121/gene_5122/gene_6707/gene_8166	6	interaction_vs_onu	significant	down	FALSE	Energy Metabolism	METABOLIC
Pentose and glucuronate interconversions	Pentose and glucuronate interconversions	8/302	31/1145	0.258064516129032	0.97842341380047	-0.0728657904578709	0.598530957266708	0.996943262650592	0.948938155938413	gene_2238/gene_4745/gene_5555/gene_6170/gene_6213/gene_6795/gene_7988/gene_8537	8	interaction_vs_onu	significant	down	FALSE	Carbohydrate Metabolism	METABOLIC
Pyrimidine metabolism	Pyrimidine metabolism	14/302	55/1145	0.254545454545455	0.965081276339554	-0.158792195451795	0.615907836818501	0.996943262650592	0.948938155938413	gene_1166/gene_1500/gene_1977/gene_2555/gene_2824/gene_2894/gene_3156/gene_3287/gene_3310/gene_4519/gene_5747/gene_6064/gene_6755/gene_7024	14	interaction_vs_onu	significant	down	FALSE	Nucleotide Metabolism	METABOLIC
Nucleotide sugars metabolism	Nucleotide sugars metabolism	5/302	20/1145	0.25	0.947847682119205	-0.140771600444787	0.640863157744511	0.996943262650592	0.948938155938413	gene_330/gene_1743/gene_4724/gene_5037/gene_5173	5	interaction_vs_onu	significant	down	FALSE	Nucleotide Metabolism	METABOLIC
Lysine degradation	Lysine degradation	15/302	60/1145	0.25	0.947847682119205	-0.248277330784275	0.648104071991952	0.996943262650592	0.948938155938413	gene_223/gene_330/gene_430/gene_1027/gene_1279/gene_1622/gene_1743/gene_3213/gene_3447/gene_4308/gene_5173/gene_6920/gene_7226/gene_7386/gene_8589	15	interaction_vs_onu	significant	down	FALSE	Amino Acid Metabolism	METABOLIC
Alkaloid biosynthesis I	Alkaloid biosynthesis I	3/302	12/1145	0.25	0.947847682119205	-0.108655566305206	0.651872687320036	0.996943262650592	0.948938155938413	gene_5022/gene_5766/gene_7987	3	interaction_vs_onu	significant	down	FALSE	Biosynthesis of Secondary Metabolites	METABOLIC
Tetrachloroethene degradation	Tetrachloroethene degradation	3/302	12/1145	0.25	0.947847682119205	-0.108655566305206	0.651872687320036	0.996943262650592	0.948938155938413	gene_330/gene_1743/gene_5173	3	interaction_vs_onu	significant	down	FALSE	Biodegradation of Xenobiotics	METABOLIC
Sterol biosynthesis	Sterol biosynthesis	5/302	22/1145	0.227272727272727	0.861679711017459	-0.391931388671136	0.729560416933254	0.996943262650592	0.948938155938413	gene_110/gene_627/gene_5766/gene_7783/gene_7987	5	interaction_vs_onu	significant	down	FALSE	Lipid Metabolism	METABOLIC
Methionine metabolism	Methionine metabolism	4/302	18/1145	0.222222222222222	0.842531272994849	-0.402875917469014	0.741018667027905	0.996943262650592	0.948938155938413	gene_1918/gene_3815/gene_6120/gene_7990	4	interaction_vs_onu	significant	down	FALSE	Amino Acid Metabolism	METABOLIC
Phenylalanine, tyrosine and tryptophan biosynthesis	Phenylalanine, tyrosine and tryptophan biosynthesis	4/302	18/1145	0.222222222222222	0.842531272994849	-0.402875917469014	0.741018667027905	0.996943262650592	0.948938155938413	gene_1358/gene_1623/gene_1875/gene_1877	4	interaction_vs_onu	significant	down	FALSE	Amino Acid Metabolism	METABOLIC
Purine metabolism	Purine metabolism	23/302	96/1145	0.239583333333333	0.908354028697572	-0.561259813000389	0.749724796584405	0.996943262650592	0.948938155938413	gene_23/gene_485/gene_1039/gene_1092/gene_1500/gene_1862/gene_2392/gene_2555/gene_2824/gene_2894/gene_2951/gene_3156/gene_3287/gene_3310/gene_3814/gene_3884/gene_4375/gene_4519/gene_6064/gene_6755/gene_6772/gene_6838/gene_7024	23	interaction_vs_onu	significant	down	FALSE	Nucleotide Metabolism	METABOLIC
Ubiquinone biosynthesis	Ubiquinone biosynthesis	6/302	27/1145	0.222222222222222	0.842531272994849	-0.495402271215356	0.757598187686745	0.996943262650592	0.948938155938413	gene_152/gene_2914/gene_4511/gene_5762/gene_5766/gene_7987	6	interaction_vs_onu	significant	down	FALSE	Metabolism of Cofactors and Vitamins	METABOLIC
1,4-Dichlorobenzene degradation	1,4-Dichlorobenzene degradation	3/302	14/1145	0.214285714285714	0.81244087038789	-0.422448352209086	0.75834296513806	0.996943262650592	0.948938155938413	gene_5766/gene_7987/gene_8471	3	interaction_vs_onu	significant	down	FALSE	Biodegradation of Xenobiotics	METABOLIC
Phospholipid degradation	Phospholipid degradation	3/302	14/1145	0.214285714285714	0.81244087038789	-0.422448352209086	0.75834296513806	0.996943262650592	0.948938155938413	gene_3557/gene_4922/gene_6880	3	interaction_vs_onu	significant	down	FALSE	Metabolism of Complex Lipids	METABOLIC
RNA polymerase	RNA polymerase	2/302	10/1145	0.2	0.758278145695364	-0.459325633614246	0.786787960098494	0.996943262650592	0.948938155938413	gene_2555/gene_4519	2	interaction_vs_onu	significant	down	FALSE	TRANSCRIPTION	REGULATORY
Selenoamino acid metabolism	Selenoamino acid metabolism	5/302	25/1145	0.2	0.758278145695364	-0.731104751728461	0.831126602553817	0.996943262650592	0.948938155938413	gene_152/gene_2914/gene_3584/gene_3815/gene_5762	5	interaction_vs_onu	significant	down	FALSE	Metabolism of Other Amino Acids	METABOLIC
Glutamate metabolism	Glutamate metabolism	5/302	26/1145	0.192307692307692	0.729113601630158	-0.835913859831812	0.857201995922726	0.996943262650592	0.948938155938413	gene_693/gene_3658/gene_5918/gene_6125/gene_7347	5	interaction_vs_onu	significant	down	FALSE	Amino Acid Metabolism	METABOLIC
Aminophosphonate metabolism	Aminophosphonate metabolism	3/302	17/1145	0.176470588235294	0.669068952084145	-0.822451168176159	0.867213712134963	0.996943262650592	0.948938155938413	gene_152/gene_2914/gene_5762	3	interaction_vs_onu	significant	down	FALSE	Metabolism of Other Amino Acids	METABOLIC
Globoside metabolism	Globoside metabolism	4/302	22/1145	0.181818181818182	0.689343768813968	-0.880246339735826	0.872632092279178	0.996943262650592	0.948938155938413	gene_1588/gene_4069/gene_6236/gene_7154	4	interaction_vs_onu	significant	down	FALSE	Metabolism of Complex Lipids	METABOLIC
Cysteine metabolism	Cysteine metabolism	1/302	7/1145	0.142857142857143	0.54162724692526	-0.727778764638228	0.883510087201229	0.996943262650592	0.948938155938413	gene_3815	1	interaction_vs_onu	significant	down	FALSE	Amino Acid Metabolism	METABOLIC
Glutathione metabolism	Glutathione metabolism	3/302	18/1145	0.166666666666667	0.631898454746137	-0.941769522027449	0.892452721156375	0.996943262650592	0.948938155938413	gene_936/gene_1730/gene_2508	3	interaction_vs_onu	significant	down	FALSE	Metabolism of Other Amino Acids	METABOLIC
Pentose phosphate pathway	Pentose phosphate pathway	5/302	28/1145	0.178571428571429	0.677034058656575	-1.03517041478825	0.899353865280654	0.996943262650592	0.948938155938413	gene_1039/gene_2401/gene_5121/gene_6707/gene_7693	5	interaction_vs_onu	significant	down	FALSE	Carbohydrate Metabolism	METABOLIC
Blood group glycolipid biosynthesis - lact series	Blood group glycolipid biosynthesis - lact series	3/302	19/1145	0.157894736842105	0.598640641338445	-1.05546465808501	0.913313534735297	0.996943262650592	0.948938155938413	gene_1588/gene_4069/gene_6236	3	interaction_vs_onu	significant	down	FALSE	Metabolism of Complex Lipids	METABOLIC
Blood group glycolipid biosynthesis - neolact series	Blood group glycolipid biosynthesis - neolact series	3/302	19/1145	0.157894736842105	0.598640641338445	-1.05546465808501	0.913313534735297	0.996943262650592	0.948938155938413	gene_1588/gene_4069/gene_6236	3	interaction_vs_onu	significant	down	FALSE	Metabolism of Complex Lipids	METABOLIC
Chondroitin / heparan sulfate biosynthesis	Chondroitin / heparan sulfate biosynthesis	3/302	19/1145	0.157894736842105	0.598640641338445	-1.05546465808501	0.913313534735297	0.996943262650592	0.948938155938413	gene_1588/gene_4069/gene_6236	3	interaction_vs_onu	significant	down	FALSE	Metabolism of Complex Carbohydrates	METABOLIC
Keratan sulfate biosynthesis	Keratan sulfate biosynthesis	3/302	19/1145	0.157894736842105	0.598640641338445	-1.05546465808501	0.913313534735297	0.996943262650592	0.948938155938413	gene_1588/gene_4069/gene_6236	3	interaction_vs_onu	significant	down	FALSE	Metabolism of Complex Carbohydrates	METABOLIC
2,4-Dichlorobenzoate degradation	2,4-Dichlorobenzoate degradation	1/302	8/1145	0.125	0.473923841059603	-0.893338555686933	0.914423930492292	0.996943262650592	0.948938155938413	gene_6795	1	interaction_vs_onu	significant	down	FALSE	Biodegradation of Xenobiotics	METABOLIC
Oxidative phosphorylation	Oxidative phosphorylation	1/302	8/1145	0.125	0.473923841059603	-0.893338555686933	0.914423930492292	0.996943262650592	0.948938155938413	gene_2186	1	interaction_vs_onu	significant	down	FALSE	Energy Metabolism	METABOLIC
Glyoxylate and dicarboxylate metabolism	Glyoxylate and dicarboxylate metabolism	2/302	14/1145	0.142857142857143	0.54162724692526	-1.03241476239749	0.918580395340414	0.996943262650592	0.948938155938413	gene_5506/gene_5914	2	interaction_vs_onu	significant	down	FALSE	Carbohydrate Metabolism	METABOLIC
O-Glycans biosynthesis	O-Glycans biosynthesis	3/302	20/1145	0.15	0.568708609271523	-1.1641587909799	0.930437448838609	0.996943262650592	0.948938155938413	gene_1588/gene_4069/gene_6236	3	interaction_vs_onu	significant	down	FALSE	Metabolism of Complex Carbohydrates	METABOLIC
Valine, leucine and isoleucine biosynthesis	Valine, leucine and isoleucine biosynthesis	3/302	20/1145	0.15	0.568708609271523	-1.1641587909799	0.930437448838609	0.996943262650592	0.948938155938413	gene_963/gene_5501/gene_7711	3	interaction_vs_onu	significant	down	FALSE	Amino Acid Metabolism	METABOLIC
N-Glycans biosynthesis	N-Glycans biosynthesis	6/302	35/1145	0.171428571428571	0.649952696310312	-1.25835148490126	0.932756940930125	0.996943262650592	0.948938155938413	gene_445/gene_1588/gene_2888/gene_4069/gene_4275/gene_6236	6	interaction_vs_onu	significant	down	FALSE	Metabolism of Complex Carbohydrates	METABOLIC
Porphyrin and chlorophyll metabolism	Porphyrin and chlorophyll metabolism	7/302	40/1145	0.175	0.663493377483444	-1.29611987038059	0.935889996561791	0.996943262650592	0.948938155938413	gene_152/gene_2511/gene_2759/gene_2914/gene_4344/gene_5762/gene_8627	7	interaction_vs_onu	significant	down	FALSE	Metabolism of Cofactors and Vitamins	METABOLIC
Lysine biosynthesis	Lysine biosynthesis	2/302	15/1145	0.133333333333333	0.505518763796909	-1.15334415894538	0.936693338889099	0.996943262650592	0.948938155938413	gene_430/gene_6920	2	interaction_vs_onu	significant	down	FALSE	Amino Acid Metabolism	METABOLIC
Inositol phosphate metabolism	Inositol phosphate metabolism	3/302	21/1145	0.142857142857143	0.54162724692526	-1.26837590198585	0.94440718024536	0.996943262650592	0.948938155938413	gene_1878/gene_3216/gene_8385	3	interaction_vs_onu	significant	down	FALSE	Metabolism of Complex Lipids	METABOLIC
Peptidoglycan biosynthesis	Peptidoglycan biosynthesis	3/302	21/1145	0.142857142857143	0.54162724692526	-1.26837590198585	0.94440718024536	0.996943262650592	0.948938155938413	gene_1588/gene_4069/gene_6236	3	interaction_vs_onu	significant	down	FALSE	Metabolism of Complex Carbohydrates	METABOLIC
Riboflavin metabolism	Riboflavin metabolism	3/302	21/1145	0.142857142857143	0.54162724692526	-1.26837590198585	0.94440718024536	0.996943262650592	0.948938155938413	gene_33/gene_2511/gene_4344	3	interaction_vs_onu	significant	down	FALSE	Metabolism of Cofactors and Vitamins	METABOLIC
Folate biosynthesis	Folate biosynthesis	2/302	17/1145	0.117647058823529	0.446045968056097	-1.37672226150265	0.962112386055471	0.996943262650592	0.948938155938413	gene_4488/gene_5208	2	interaction_vs_onu	significant	down	FALSE	Metabolism of Cofactors and Vitamins	METABOLIC
One carbon pool by folate	One carbon pool by folate	1/302	13/1145	0.0769230769230769	0.291645440652063	-1.53674515555411	0.981777976972192	0.996943262650592	0.948938155938413	gene_1918	1	interaction_vs_onu	significant	down	FALSE	Metabolism of Cofactors and Vitamins	METABOLIC
Citrate cycle (TCA cycle)	Citrate cycle (TCA cycle)	1/302	14/1145	0.0714285714285714	0.27081362346263	-1.64238117258589	0.986639329405406	0.996943262650592	0.948938155938413	gene_246	1	interaction_vs_onu	significant	down	FALSE	Carbohydrate Metabolism	METABOLIC
Alanine and aspartate metabolism	Alanine and aspartate metabolism	2/302	23/1145	0.0869565217391304	0.329686150302332	-1.9428907409766	0.992370434381689	0.996943262650592	0.948938155938413	gene_810/gene_3837	2	interaction_vs_onu	significant	down	FALSE	Amino Acid Metabolism	METABOLIC
Urea cycle and metabolism of amino groups	Urea cycle and metabolism of amino groups	1/302	16/1145	0.0625	0.236961920529801	-1.83891615766929	0.992824171088178	0.996943262650592	0.948938155938413	gene_4541	1	interaction_vs_onu	significant	down	FALSE	Amino Acid Metabolism	METABOLIC
Glycine, serine and threonine metabolism	Glycine, serine and threonine metabolism	7/302	53/1145	0.132075471698113	0.500749718855429	-2.22662781578502	0.994492909493432	0.996943262650592	0.948938155938413	gene_330/gene_1743/gene_2156/gene_5173/gene_5665/gene_6435/gene_7698	7	interaction_vs_onu	significant	down	FALSE	Amino Acid Metabolism	METABOLIC
Aminoacyl-tRNA biosynthesis	Aminoacyl-tRNA biosynthesis	4/302	39/1145	0.102564102564103	0.388860587536084	-2.32325953779536	0.996943262650592	0.996943262650592	0.948938155938413	gene_810/gene_1918/gene_2612/gene_5084	4	interaction_vs_onu	significant	down	FALSE	TRANSLATION	REGULATORY
Bile acid biosynthesis	Bile acid biosynthesis	8/82	45/1145	0.177777777777778	2.48238482384824	2.81659355146532	0.0119012449494327	0.453935950301094	0.444644863599025	gene_412/gene_972/gene_2632/gene_4055/gene_4108/gene_4567/gene_6533/gene_7764	8	interaction_vs_onu	strong	up	FALSE	Lipid Metabolism	METABOLIC
1,4-Dichlorobenzene degradation	1,4-Dichlorobenzene degradation	4/82	14/1145	0.285714285714286	3.98954703832753	3.12457830258193	0.0140695203018055	0.453935950301094	0.444644863599025	gene_1501/gene_2632/gene_6265/gene_7764	4	interaction_vs_onu	strong	up	FALSE	Biodegradation of Xenobiotics	METABOLIC
Tryptophan metabolism	Tryptophan metabolism	11/82	78/1145	0.141025641025641	1.9691994996873	2.46167989707197	0.0189139979292122	0.453935950301094	0.444644863599025	gene_2632/gene_2762/gene_4055/gene_4491/gene_4567/gene_5827/gene_6203/gene_7678/gene_7764/gene_7852/gene_8370	11	interaction_vs_onu	strong	up	FALSE	Amino Acid Metabolism	METABOLIC
Fatty acid metabolism	Fatty acid metabolism	7/82	45/1145	0.155555555555556	2.17208672086721	2.22701409690814	0.0365108712736931	0.546137967632399	0.534959705136999	gene_929/gene_4055/gene_4491/gene_4567/gene_5183/gene_6203/gene_7852	7	interaction_vs_onu	strong	up	FALSE	Lipid Metabolism	METABOLIC
Alkaloid biosynthesis I	Alkaloid biosynthesis I	3/82	12/1145	0.25	3.49085365853659	2.40811480134394	0.0486333430988892	0.546137967632399	0.534959705136999	gene_2632/gene_2762/gene_7764	3	interaction_vs_onu	strong	up	FALSE	Biosynthesis of Secondary Metabolites	METABOLIC
beta-Alanine metabolism	beta-Alanine metabolism	4/82	21/1145	0.19047619047619	2.65969802555168	2.13112476187833	0.0573248183181359	0.546137967632399	0.534959705136999	gene_4055/gene_4567/gene_6203/gene_6968	4	interaction_vs_onu	strong	up	FALSE	Metabolism of Other Amino Acids	METABOLIC
Galactose metabolism	Galactose metabolism	6/82	41/1145	0.146341463414634	2.04342653182629	1.88895918173667	0.066608552486959	0.546137967632399	0.534959705136999	gene_972/gene_3385/gene_4108/gene_6679/gene_7634/gene_7824	6	interaction_vs_onu	strong	up	FALSE	Carbohydrate Metabolism	METABOLIC
gamma-Hexachlorocyclohexane degradation	gamma-Hexachlorocyclohexane degradation	6/82	41/1145	0.146341463414634	2.04342653182629	1.88895918173667	0.066608552486959	0.546137967632399	0.534959705136999	gene_2632/gene_4142/gene_4491/gene_7730/gene_7764/gene_7852	6	interaction_vs_onu	strong	up	FALSE	Biodegradation of Xenobiotics	METABOLIC
Phospholipid degradation	Phospholipid degradation	3/82	14/1145	0.214285714285714	2.99216027874564	2.08214177680795	0.0725736968716712	0.546137967632399	0.534959705136999	gene_1502/gene_2016/gene_2709	3	interaction_vs_onu	strong	up	FALSE	Metabolism of Complex Lipids	METABOLIC
Phenylalanine metabolism	Phenylalanine metabolism	5/82	33/1145	0.151515151515152	2.11566888396157	1.80548216716408	0.080824542794317	0.546137967632399	0.534959705136999	gene_2632/gene_2762/gene_5827/gene_7764/gene_8370	5	interaction_vs_onu	strong	up	FALSE	Amino Acid Metabolism	METABOLIC
Glycerolipid metabolism	Glycerolipid metabolism	13/82	124/1145	0.104838709677419	1.4639063729347	1.51873365296078	0.0950117880832766	0.546137967632399	0.534959705136999	gene_972/gene_1502/gene_2709/gene_3431/gene_4055/gene_4108/gene_4151/gene_4567/gene_5328/gene_5386/gene_6336/gene_7438/gene_7634	13	interaction_vs_onu	strong	up	FALSE	Metabolism of Complex Lipids	METABOLIC
Styrene degradation	Styrene degradation	4/82	25/1145	0.16	2.23414634146341	1.73213189711537	0.0976007743840033	0.546137967632399	0.534959705136999	gene_2632/gene_5827/gene_7764/gene_8370	4	interaction_vs_onu	strong	up	FALSE	Biodegradation of Xenobiotics	METABOLIC
Butanoate metabolism	Butanoate metabolism	7/82	56/1145	0.125	1.74542682926829	1.58795576217247	0.0986082441558498	0.546137967632399	0.534959705136999	gene_972/gene_4055/gene_4108/gene_4567/gene_6203/gene_6968/gene_6973	7	interaction_vs_onu	strong	up	FALSE	Carbohydrate Metabolism	METABOLIC
Lysine degradation	Lysine degradation	7/82	60/1145	0.116666666666667	1.62906504065041	1.38966337865889	0.130467192410344	0.569757072668968	0.558095378199136	gene_972/gene_1490/gene_4055/gene_4108/gene_4567/gene_6203/gene_7678	7	interaction_vs_onu	strong	up	FALSE	Amino Acid Metabolism	METABOLIC
1,2-Dichloroethane degradation	1,2-Dichloroethane degradation	2/82	9/1145	0.222222222222222	3.1029810298103	1.75841245115853	0.131401527489856	0.569757072668968	0.558095378199136	gene_4055/gene_4567	2	interaction_vs_onu	strong	up	FALSE	Biodegradation of Xenobiotics	METABOLIC
Glutathione metabolism	Glutathione metabolism	3/82	18/1145	0.166666666666667	2.32723577235772	1.57570777949824	0.1326517177165	0.569757072668968	0.558095378199136	gene_327/gene_1726/gene_6089	3	interaction_vs_onu	strong	up	FALSE	Metabolism of Other Amino Acids	METABOLIC
Pentose phosphate pathway	Pentose phosphate pathway	4/82	28/1145	0.142857142857143	1.99477351916376	1.47955103839635	0.134525975491284	0.569757072668968	0.558095378199136	gene_1735/gene_3385/gene_5156/gene_7307	4	interaction_vs_onu	strong	up	FALSE	Carbohydrate Metabolism	METABOLIC
Histidine metabolism	Histidine metabolism	5/82	40/1145	0.125	1.74542682926829	1.33231581324091	0.152108670811657	0.603155777418729	0.590810483728872	gene_2632/gene_2762/gene_4055/gene_4567/gene_7764	5	interaction_vs_onu	strong	up	FALSE	Amino Acid Metabolism	METABOLIC
Caprolactam degradation	Caprolactam degradation	3/82	20/1145	0.15	2.09451219512195	1.37092168991142	0.167543271505203	0.603155777418729	0.590810483728872	gene_3274/gene_4620/gene_5649	3	interaction_vs_onu	strong	up	FALSE	Biodegradation of Xenobiotics	METABOLIC
Nucleotide sugars metabolism	Nucleotide sugars metabolism	3/82	20/1145	0.15	2.09451219512195	1.37092168991142	0.167543271505203	0.603155777418729	0.590810483728872	gene_972/gene_3640/gene_4108	3	interaction_vs_onu	strong	up	FALSE	Nucleotide Metabolism	METABOLIC
Fructose and mannose metabolism	Fructose and mannose metabolism	7/82	66/1145	0.106060606060606	1.4809682187731	1.11745728662887	0.186729228097505	0.640214496334302	0.627110690853776	gene_972/gene_3385/gene_3431/gene_4108/gene_5485/gene_7307/gene_7634	7	interaction_vs_onu	strong	up	FALSE	Carbohydrate Metabolism	METABOLIC
Sterol biosynthesis	Sterol biosynthesis	3/82	22/1145	0.136363636363636	1.90410199556541	1.18875456107838	0.204789394698163	0.648608183581671	0.63533257748497	gene_2632/gene_6533/gene_7764	3	interaction_vs_onu	strong	up	FALSE	Lipid Metabolism	METABOLIC
Tetrachloroethene degradation	Tetrachloroethene degradation	2/82	12/1145	0.166666666666667	2.32723577235772	1.28314889047539	0.210138874690759	0.648608183581671	0.63533257748497	gene_972/gene_4108	2	interaction_vs_onu	strong	up	FALSE	Biodegradation of Xenobiotics	METABOLIC
Alanine and aspartate metabolism	Alanine and aspartate metabolism	3/82	23/1145	0.130434782608696	1.82131495227996	1.10466482435096	0.224092721443302	0.648608183581671	0.63533257748497	gene_2207/gene_4150/gene_6968	3	interaction_vs_onu	strong	up	FALSE	Amino Acid Metabolism	METABOLIC
Cyanoamino acid metabolism	Cyanoamino acid metabolism	4/82	36/1145	0.111111111111111	1.55149051490515	0.933419417061722	0.253889080036682	0.648608183581671	0.63533257748497	gene_3594/gene_5827/gene_7160/gene_8370	4	interaction_vs_onu	strong	up	FALSE	Metabolism of Other Amino Acids	METABOLIC
Flavonoids, stilbene and lignin biosynthesis	Flavonoids, stilbene and lignin biosynthesis	4/82	36/1145	0.111111111111111	1.55149051490515	0.933419417061722	0.253889080036682	0.648608183581671	0.63533257748497	gene_2632/gene_3594/gene_7160/gene_7764	4	interaction_vs_onu	strong	up	FALSE	Biosynthesis of Secondary Metabolites	METABOLIC
Propanoate metabolism	Propanoate metabolism	3/82	25/1145	0.12	1.67560975609756	0.948222402175806	0.263674747591071	0.648608183581671	0.63533257748497	gene_4055/gene_4567/gene_6203	3	interaction_vs_onu	strong	up	FALSE	Carbohydrate Metabolism	METABOLIC
Methane metabolism	Methane metabolism	2/82	14/1145	0.142857142857143	1.99477351916376	1.03970525103397	0.264906177345105	0.648608183581671	0.63533257748497	gene_2632/gene_7764	2	interaction_vs_onu	strong	up	FALSE	Energy Metabolism	METABOLIC
Pyruvate metabolism	Pyruvate metabolism	5/82	49/1145	0.102040816326531	1.42483822797412	0.843858555375719	0.270228804247779	0.648608183581671	0.63533257748497	gene_4055/gene_4567/gene_5701/gene_6270/gene_7634	5	interaction_vs_onu	strong	up	FALSE	Carbohydrate Metabolism	METABOLIC
Ascorbate and aldarate metabolism	Ascorbate and aldarate metabolism	4/82	37/1145	0.108108108108108	1.50955833882663	0.874738418450309	0.270253409825696	0.648608183581671	0.63533257748497	gene_972/gene_4055/gene_4108/gene_4567	4	interaction_vs_onu	strong	up	FALSE	Carbohydrate Metabolism	METABOLIC
Sphingoglycolipid metabolism	Sphingoglycolipid metabolism	4/82	42/1145	0.0952380952380952	1.32984901277584	0.604651846864092	0.354190355929431	0.812027100031968	0.795406662312015	gene_3431/gene_6354/gene_6533/gene_6567	4	interaction_vs_onu	strong	up	FALSE	Metabolism of Complex Lipids	METABOLIC
Arginine and proline metabolism	Arginine and proline metabolism	6/82	69/1145	0.0869565217391304	1.21420996818664	0.509578847891218	0.372504841525923	0.812027100031968	0.795406662312015	gene_2272/gene_2656/gene_4055/gene_4567/gene_5827/gene_8370	6	interaction_vs_onu	strong	up	FALSE	Amino Acid Metabolism	METABOLIC
Pentose and glucuronate interconversions	Pentose and glucuronate interconversions	3/82	31/1145	0.0967741935483871	1.35129819040126	0.550512862239513	0.385342000779554	0.812027100031968	0.795406662312015	gene_5156/gene_6973/gene_7634	3	interaction_vs_onu	strong	up	FALSE	Carbohydrate Metabolism	METABOLIC
Androgen and estrogen metabolism	Androgen and estrogen metabolism	2/82	20/1145	0.1	1.39634146341463	0.496434038129482	0.42586777116239	0.812027100031968	0.795406662312015	gene_2632/gene_7764	2	interaction_vs_onu	strong	up	FALSE	Lipid Metabolism	METABOLIC
Valine, leucine and isoleucine biosynthesis	Valine, leucine and isoleucine biosynthesis	2/82	20/1145	0.1	1.39634146341463	0.496434038129482	0.42586777116239	0.812027100031968	0.795406662312015	gene_4832/gene_5405	2	interaction_vs_onu	strong	up	FALSE	Amino Acid Metabolism	METABOLIC
Valine, leucine and isoleucine degradation	Valine, leucine and isoleucine degradation	3/82	34/1145	0.0882352941176471	1.23206599713056	0.381370631940762	0.44503499073205	0.812027100031968	0.795406662312015	gene_4055/gene_4567/gene_6203	3	interaction_vs_onu	strong	up	FALSE	Amino Acid Metabolism	METABOLIC
2,4-Dichlorobenzoate degradation	2,4-Dichlorobenzoate degradation	1/82	8/1145	0.125	1.74542682926829	0.587385318205115	0.449193272033445	0.812027100031968	0.795406662312015	gene_6973	1	interaction_vs_onu	strong	up	FALSE	Biodegradation of Xenobiotics	METABOLIC
Fatty acid biosynthesis (path 1)	Fatty acid biosynthesis (path 1)	2/82	21/1145	0.0952380952380952	1.32984901277584	0.423540540499261	0.451126166684426	0.812027100031968	0.795406662312015	gene_1406/gene_1892	2	interaction_vs_onu	strong	up	FALSE	Lipid Metabolism	METABOLIC
Inositol phosphate metabolism	Inositol phosphate metabolism	2/82	21/1145	0.0952380952380952	1.32984901277584	0.423540540499261	0.451126166684426	0.812027100031968	0.795406662312015	gene_4145/gene_4725	2	interaction_vs_onu	strong	up	FALSE	Metabolism of Complex Lipids	METABOLIC
Riboflavin metabolism	Riboflavin metabolism	2/82	21/1145	0.0952380952380952	1.32984901277584	0.423540540499261	0.451126166684426	0.812027100031968	0.795406662312015	gene_4142/gene_6337	2	interaction_vs_onu	strong	up	FALSE	Metabolism of Cofactors and Vitamins	METABOLIC
N-Glycan degradation	N-Glycan degradation	1/82	9/1145	0.111111111111111	1.55149051490515	0.461130069343764	0.488917240101393	0.817736958422619	0.800999652256074	gene_928	1	interaction_vs_onu	strong	up	FALSE	Metabolism of Complex Carbohydrates	METABOLIC
Benzoate degradation via CoA ligation	Benzoate degradation via CoA ligation	5/82	64/1145	0.078125	1.09089176829268	0.207756681098595	0.490589711421212	0.817736958422619	0.800999652256074	gene_972/gene_4108/gene_5827/gene_6203/gene_8370	5	interaction_vs_onu	strong	up	FALSE	Biodegradation of Xenobiotics	METABOLIC
Carbon fixation	Carbon fixation	2/82	23/1145	0.0869565217391304	1.21420996818664	0.28811141964996	0.499728141258267	0.817736958422619	0.800999652256074	gene_5156/gene_7307	2	interaction_vs_onu	strong	up	FALSE	Energy Metabolism	METABOLIC
Vitamin B6 metabolism	Vitamin B6 metabolism	2/82	23/1145	0.0869565217391304	1.21420996818664	0.28811141964996	0.499728141258267	0.817736958422619	0.800999652256074	gene_972/gene_4108	2	interaction_vs_onu	strong	up	FALSE	Metabolism of Cofactors and Vitamins	METABOLIC
Glycine, serine and threonine metabolism	Glycine, serine and threonine metabolism	4/82	53/1145	0.0754716981132075	1.05384261389784	0.111431007501035	0.535345496090863	0.856552793745381	0.839021011417259	gene_972/gene_4108/gene_4912/gene_4913	4	interaction_vs_onu	strong	up	FALSE	Amino Acid Metabolism	METABOLIC
Fatty acid biosynthesis (path 2)	Fatty acid biosynthesis (path 2)	1/82	11/1145	0.0909090909090909	1.26940133037694	0.24925441378412	0.560067526473144	0.87179949537601	0.853955646055449	gene_6203	1	interaction_vs_onu	strong	up	FALSE	Lipid Metabolism	METABOLIC
Ubiquinone biosynthesis	Ubiquinone biosynthesis	2/82	27/1145	0.0740740740740741	1.03432700993677	0.0501129838188253	0.588423365203411	0.87179949537601	0.853955646055449	gene_2632/gene_7764	2	interaction_vs_onu	strong	up	FALSE	Metabolism of Cofactors and Vitamins	METABOLIC
Glycolysis / Gluconeogenesis	Glycolysis / Gluconeogenesis	4/82	57/1145	0.0701754385964912	0.979888746255884	-0.0432429617829721	0.595248318672855	0.87179949537601	0.853955646055449	gene_3385/gene_4055/gene_4567/gene_7307	4	interaction_vs_onu	strong	up	FALSE	Carbohydrate Metabolism	METABOLIC
Starch and sucrose metabolism	Starch and sucrose metabolism	5/82	73/1145	0.0684931506849315	0.956398262612763	-0.106886077187198	0.612817561822052	0.87179949537601	0.853955646055449	gene_2318/gene_3594/gene_3977/gene_7032/gene_7160	5	interaction_vs_onu	strong	up	FALSE	Metabolism of Complex Carbohydrates	METABOLIC
Citrate cycle (TCA cycle)	Citrate cycle (TCA cycle)	1/82	14/1145	0.0714285714285714	0.997386759581881	-0.00273127474001916	0.648840530578872	0.87179949537601	0.853955646055449	gene_7678	1	interaction_vs_onu	strong	up	FALSE	Carbohydrate Metabolism	METABOLIC
Glyoxylate and dicarboxylate metabolism	Glyoxylate and dicarboxylate metabolism	1/82	14/1145	0.0714285714285714	0.997386759581881	-0.00273127474001916	0.648840530578872	0.87179949537601	0.853955646055449	gene_3565	1	interaction_vs_onu	strong	up	FALSE	Carbohydrate Metabolism	METABOLIC
Toluene and xylene degradation	Toluene and xylene degradation	1/82	14/1145	0.0714285714285714	0.997386759581881	-0.00273127474001916	0.648840530578872	0.87179949537601	0.853955646055449	gene_7730	1	interaction_vs_onu	strong	up	FALSE	Biodegradation of Xenobiotics	METABOLIC
Biotin metabolism	Biotin metabolism	1/82	15/1145	0.0666666666666667	0.930894308943089	-0.0747951656268674	0.674300368326469	0.87179949537601	0.853955646055449	gene_1490	1	interaction_vs_onu	strong	up	FALSE	Metabolism of Cofactors and Vitamins	METABOLIC
Lysine biosynthesis	Lysine biosynthesis	1/82	15/1145	0.0666666666666667	0.930894308943089	-0.0747951656268674	0.674300368326469	0.87179949537601	0.853955646055449	gene_3501	1	interaction_vs_onu	strong	up	FALSE	Amino Acid Metabolism	METABOLIC
Nitrogen metabolism	Nitrogen metabolism	1/82	16/1145	0.0625	0.872713414634146	-0.142347211055857	0.69793520885499	0.87179949537601	0.853955646055449	gene_7930	1	interaction_vs_onu	strong	up	FALSE	Energy Metabolism	METABOLIC
Nicotinate and nicotinamide metabolism	Nicotinate and nicotinamide metabolism	2/82	33/1145	0.0606060606060606	0.846267553584627	-0.248784558310784	0.699030930493705	0.87179949537601	0.853955646055449	gene_6037/gene_8138	2	interaction_vs_onu	strong	up	FALSE	Metabolism of Cofactors and Vitamins	METABOLIC
Methionine metabolism	Methionine metabolism	1/82	18/1145	0.0555555555555556	0.775745257452574	-0.266237506387911	0.740238112558067	0.87179949537601	0.853955646055449	gene_1833	1	interaction_vs_onu	strong	up	FALSE	Amino Acid Metabolism	METABOLIC
Pantothenate and CoA biosynthesis	Pantothenate and CoA biosynthesis	2/82	37/1145	0.0540540540540541	0.754779169413316	-0.420960791285272	0.758419005084525	0.87179949537601	0.853955646055449	gene_5405/gene_6650	2	interaction_vs_onu	strong	up	FALSE	Metabolism of Cofactors and Vitamins	METABOLIC
Blood group glycolipid biosynthesis - lact series	Blood group glycolipid biosynthesis - lact series	1/82	19/1145	0.0526315789473684	0.734916559691913	-0.323477076708042	0.7591382676337	0.87179949537601	0.853955646055449	gene_3431	1	interaction_vs_onu	strong	up	FALSE	Metabolism of Complex Lipids	METABOLIC
Blood group glycolipid biosynthesis - neolact series	Blood group glycolipid biosynthesis - neolact series	1/82	19/1145	0.0526315789473684	0.734916559691913	-0.323477076708042	0.7591382676337	0.87179949537601	0.853955646055449	gene_3431	1	interaction_vs_onu	strong	up	FALSE	Metabolism of Complex Lipids	METABOLIC
Chondroitin / heparan sulfate biosynthesis	Chondroitin / heparan sulfate biosynthesis	1/82	19/1145	0.0526315789473684	0.734916559691913	-0.323477076708042	0.7591382676337	0.87179949537601	0.853955646055449	gene_3431	1	interaction_vs_onu	strong	up	FALSE	Metabolism of Complex Carbohydrates	METABOLIC
Keratan sulfate biosynthesis	Keratan sulfate biosynthesis	1/82	19/1145	0.0526315789473684	0.734916559691913	-0.323477076708042	0.7591382676337	0.87179949537601	0.853955646055449	gene_3431	1	interaction_vs_onu	strong	up	FALSE	Metabolism of Complex Carbohydrates	METABOLIC
O-Glycans biosynthesis	O-Glycans biosynthesis	1/82	20/1145	0.05	0.698170731707317	-0.378053613652452	0.776678820079559	0.87179949537601	0.853955646055449	gene_3431	1	interaction_vs_onu	strong	up	FALSE	Metabolism of Complex Carbohydrates	METABOLIC
Aminoacyl-tRNA biosynthesis	Aminoacyl-tRNA biosynthesis	2/82	39/1145	0.0512820512820513	0.716072545340838	-0.500858946055476	0.784185171958	0.87179949537601	0.853955646055449	gene_4150/gene_4832	2	interaction_vs_onu	strong	up	FALSE	TRANSLATION	REGULATORY
Peptidoglycan biosynthesis	Peptidoglycan biosynthesis	1/82	21/1145	0.0476190476190476	0.664924506387921	-0.430251570190271	0.792956452749315	0.87179949537601	0.853955646055449	gene_3431	1	interaction_vs_onu	strong	up	FALSE	Metabolism of Complex Carbohydrates	METABOLIC
Globoside metabolism	Globoside metabolism	1/82	22/1145	0.0454545454545455	0.63470066518847	-0.480312235285503	0.808061053171518	0.87179949537601	0.853955646055449	gene_3431	1	interaction_vs_onu	strong	up	FALSE	Metabolism of Complex Lipids	METABOLIC
Tyrosine metabolism	Tyrosine metabolism	3/82	59/1145	0.0508474576271186	0.710004133939645	-0.634974385352523	0.811257863752676	0.87179949537601	0.853955646055449	gene_2632/gene_2762/gene_7764	3	interaction_vs_onu	strong	up	FALSE	Amino Acid Metabolism	METABOLIC
Aminosugars metabolism	Aminosugars metabolism	2/82	45/1145	0.0444444444444444	0.62059620596206	-0.720883175877779	0.847687954481171	0.882858433395036	0.864788231541922	gene_1826/gene_2960	2	interaction_vs_onu	strong	up	FALSE	Metabolism of Complex Carbohydrates	METABOLIC
Glutamate metabolism	Glutamate metabolism	1/82	26/1145	0.0384615384615385	0.537054409005629	-0.662910486609637	0.858334588022952	0.882858433395036	0.864788231541922	gene_6968	1	interaction_vs_onu	strong	up	FALSE	Amino Acid Metabolism	METABOLIC
Nitorobenzene degradation	Nitorobenzene degradation	1/82	26/1145	0.0384615384615385	0.537054409005629	-0.662910486609637	0.858334588022952	0.882858433395036	0.864788231541922	gene_7730	1	interaction_vs_onu	strong	up	FALSE	Biodegradation of Xenobiotics	METABOLIC
N-Glycans biosynthesis	N-Glycans biosynthesis	1/82	35/1145	0.0285714285714286	0.398954703832753	-1.00261233094	0.928765367797939	0.94184657016129	0.92256900878372	gene_3431	1	interaction_vs_onu	strong	up	FALSE	Metabolism of Complex Carbohydrates	METABOLIC
Purine metabolism	Purine metabolism	1/82	96/1145	0.0104166666666667	0.145452235772358	-2.42849671777919	0.999424291648267	0.999424291648267	0.978968238895233	gene_7791	1	interaction_vs_onu	strong	up	FALSE	Nucleotide Metabolism	METABOLIC
Ethylbenzene degradation	Ethylbenzene degradation	8/98	17/1145	0.470588235294118	5.49819927971189	5.71427729964743	2.77638338896793e-05	0.00133935901380464	0.00116105425345293	gene_484/gene_3441/gene_4064/gene_4304/gene_4970/gene_6527/gene_7462/gene_8586	8	interaction_vs_onu	strong	down	TRUE	Biodegradation of Xenobiotics	METABOLIC
Benzoate degradation via CoA ligation	Benzoate degradation via CoA ligation	16/98	64/1145	0.25	2.92091836734694	4.83658426271625	3.93929121707246e-05	0.00133935901380464	0.00116105425345293	gene_2/gene_330/gene_484/gene_949/gene_2629/gene_3441/gene_3703/gene_4064/gene_4970/gene_5009/gene_5481/gene_7462/gene_7983/gene_7989/gene_8499/gene_8586	16	interaction_vs_onu	strong	down	TRUE	Biodegradation of Xenobiotics	METABOLIC
Flavonoids, stilbene and lignin biosynthesis	Flavonoids, stilbene and lignin biosynthesis	9/98	36/1145	0.25	2.92091836734694	3.5813527187111	0.00228213524426657	0.0517283988700422	0.0448419556768167	gene_1439/gene_3830/gene_4971/gene_5659/gene_5766/gene_5900/gene_7925/gene_7979/gene_7987	9	interaction_vs_onu	strong	down	FALSE	Biosynthesis of Secondary Metabolites	METABOLIC
Nitorobenzene degradation	Nitorobenzene degradation	7/98	26/1145	0.269230769230769	3.1456043956044	3.38434002510318	0.00459494569968872	0.0781140768947082	0.0677149892585706	gene_1491/gene_1576/gene_3440/gene_5899/gene_7374/gene_7971/gene_8587	7	interaction_vs_onu	strong	down	FALSE	Biodegradation of Xenobiotics	METABOLIC
Starch and sucrose metabolism	Starch and sucrose metabolism	13/98	73/1145	0.178082191780822	2.08065417948001	2.91812226392981	0.00665030961948916	0.0904442108250526	0.0784036502508196	gene_1109/gene_1439/gene_2886/gene_2946/gene_2947/gene_2958/gene_3418/gene_5037/gene_5659/gene_5694/gene_5900/gene_7275/gene_7979	13	interaction_vs_onu	strong	down	FALSE	Metabolism of Complex Carbohydrates	METABOLIC
Glycosaminoglycan degradation	Glycosaminoglycan degradation	3/98	6/1145	0.5	5.84183673469388	3.63644156746841	0.010055752630023	0.113965196473594	0.0987933591721559	gene_705/gene_2690/gene_6122	3	interaction_vs_onu	strong	down	FALSE	Metabolism of Complex Carbohydrates	METABOLIC
gamma-Hexachlorocyclohexane degradation	gamma-Hexachlorocyclohexane degradation	8/98	41/1145	0.195121951219512	2.27974116475859	2.55200923001867	0.0191853275292719	0.186371753141499	0.161560652878079	gene_33/gene_1474/gene_1576/gene_4321/gene_5766/gene_7374/gene_7987/gene_8585	8	interaction_vs_onu	strong	down	FALSE	Biodegradation of Xenobiotics	METABOLIC
Methane metabolism	Methane metabolism	4/98	14/1145	0.285714285714286	3.33819241982507	2.69194184141533	0.0258610898827515	0.191404947593165	0.165923793579214	gene_1157/gene_5766/gene_5980/gene_7987	4	interaction_vs_onu	strong	down	FALSE	Energy Metabolism	METABOLIC
Fluorene degradation	Fluorene degradation	5/98	21/1145	0.238095238095238	2.78182701652089	2.5202564826715	0.0279262589025326	0.191404947593165	0.165923793579214	gene_1491/gene_3440/gene_5899/gene_7971/gene_8587	5	interaction_vs_onu	strong	down	FALSE	Biodegradation of Xenobiotics	METABOLIC
Tryptophan metabolism	Tryptophan metabolism	12/98	78/1145	0.153846153846154	1.79748822605965	2.23121839015941	0.0281477864107595	0.191404947593165	0.165923793579214	gene_2/gene_1157/gene_1474/gene_3213/gene_3447/gene_4321/gene_5766/gene_7982/gene_7987/gene_7989/gene_8585/gene_8589	12	interaction_vs_onu	strong	down	FALSE	Amino Acid Metabolism	METABOLIC
1,2-Dichloroethane degradation	1,2-Dichloroethane degradation	3/98	9/1145	0.333333333333333	3.89455782312925	2.66604225210423	0.0349198770595672	0.197879303337547	0.171536238187348	gene_3213/gene_3447/gene_8589	3	interaction_vs_onu	strong	down	FALSE	Biodegradation of Xenobiotics	METABOLIC
N-Glycan degradation	N-Glycan degradation	3/98	9/1145	0.333333333333333	3.89455782312925	2.66604225210423	0.0349198770595672	0.197879303337547	0.171536238187348	gene_705/gene_2690/gene_6122	3	interaction_vs_onu	strong	down	FALSE	Metabolism of Complex Carbohydrates	METABOLIC
Propanoate metabolism	Propanoate metabolism	5/98	25/1145	0.2	2.33673469387755	2.06661188276072	0.0554903362791014	0.271414569353575	0.23528197962539	gene_3213/gene_3447/gene_4304/gene_6527/gene_8589	5	interaction_vs_onu	strong	down	FALSE	Carbohydrate Metabolism	METABOLIC
Phenylalanine metabolism	Phenylalanine metabolism	6/98	33/1145	0.181818181818182	2.12430426716141	2.00420040027103	0.0558794701610302	0.271414569353575	0.23528197962539	gene_2/gene_1876/gene_2965/gene_5766/gene_7987/gene_7989	6	interaction_vs_onu	strong	down	FALSE	Amino Acid Metabolism	METABOLIC
Cyanoamino acid metabolism	Cyanoamino acid metabolism	6/98	36/1145	0.166666666666667	1.94727891156463	1.76610311139626	0.0798371348053027	0.358169386197148	0.310487393607434	gene_2/gene_1439/gene_5659/gene_5900/gene_7979/gene_7989	6	interaction_vs_onu	strong	down	FALSE	Metabolism of Other Amino Acids	METABOLIC
Caprolactam degradation	Caprolactam degradation	4/98	20/1145	0.2	2.33673469387755	1.84432165617731	0.0842751496934465	0.358169386197148	0.310487393607434	gene_4941/gene_4967/gene_7693/gene_8625	4	interaction_vs_onu	strong	down	FALSE	Biodegradation of Xenobiotics	METABOLIC
beta-Alanine metabolism	beta-Alanine metabolism	4/98	21/1145	0.19047619047619	2.22546161321671	1.73332065702141	0.0975337122324851	0.39013484892994	0.338197392261249	gene_1977/gene_3213/gene_3447/gene_8589	4	interaction_vs_onu	strong	down	FALSE	Metabolism of Other Amino Acids	METABOLIC
Histidine metabolism	Histidine metabolism	6/98	40/1145	0.15	1.75255102040816	1.48162233023678	0.11948448990685	0.45138585075921	0.391294235952257	gene_3213/gene_3438/gene_3447/gene_5766/gene_7987/gene_8589	6	interaction_vs_onu	strong	down	FALSE	Amino Acid Metabolism	METABOLIC
Styrene degradation	Styrene degradation	4/98	25/1145	0.16	1.86938775510204	1.34408650695583	0.159184362217814	0.552220206998582	0.478704823404344	gene_2/gene_5766/gene_7987/gene_7989	4	interaction_vs_onu	strong	down	FALSE	Biodegradation of Xenobiotics	METABOLIC
Glycerolipid metabolism	Glycerolipid metabolism	14/98	124/1145	0.112903225806452	1.31912442396313	1.15082880767158	0.162417707940759	0.552220206998582	0.478704823404344	gene_330/gene_705/gene_1066/gene_1588/gene_2690/gene_3213/gene_3447/gene_4697/gene_4760/gene_5120/gene_6122/gene_6470/gene_6766/gene_8589	14	interaction_vs_onu	strong	down	FALSE	Metabolism of Complex Lipids	METABOLIC
Bile acid biosynthesis	Bile acid biosynthesis	6/98	45/1145	0.133333333333333	1.5578231292517	1.16750605383759	0.180333758638359	0.55739525397311	0.483190932236752	gene_330/gene_3213/gene_3447/gene_5766/gene_7987/gene_8589	6	interaction_vs_onu	strong	down	FALSE	Lipid Metabolism	METABOLIC
Fatty acid metabolism	Fatty acid metabolism	6/98	45/1145	0.133333333333333	1.5578231292517	1.16750605383759	0.180333758638359	0.55739525397311	0.483190932236752	gene_1474/gene_3213/gene_3447/gene_4321/gene_8585/gene_8589	6	interaction_vs_onu	strong	down	FALSE	Lipid Metabolism	METABOLIC
Ascorbate and aldarate metabolism	Ascorbate and aldarate metabolism	5/98	37/1145	0.135135135135135	1.57887479316051	1.09463247870493	0.203884483084864	0.602788906511772	0.522541466945189	gene_330/gene_3213/gene_3447/gene_7693/gene_8589	5	interaction_vs_onu	strong	down	FALSE	Carbohydrate Metabolism	METABOLIC
Pentose phosphate pathway	Pentose phosphate pathway	4/98	28/1145	0.142857142857143	1.66909620991254	1.09620987036919	0.212766939098133	0.602839660778044	0.522585464451555	gene_2401/gene_5121/gene_6707/gene_7693	4	interaction_vs_onu	strong	down	FALSE	Carbohydrate Metabolism	METABOLIC
Nucleotide sugars metabolism	Nucleotide sugars metabolism	3/98	20/1145	0.15	1.75255102040816	1.03831085605402	0.241284442918903	0.656293684739416	0.568923318040361	gene_330/gene_4724/gene_5037	3	interaction_vs_onu	strong	down	FALSE	Nucleotide Metabolism	METABOLIC
Galactose metabolism	Galactose metabolism	5/98	41/1145	0.121951219512195	1.42483822797412	0.847195596196396	0.269805045617274	0.69081755544109	0.598851131651719	gene_330/gene_705/gene_1109/gene_2690/gene_6122	5	interaction_vs_onu	strong	down	FALSE	Carbohydrate Metabolism	METABOLIC
Alkaloid biosynthesis I	Alkaloid biosynthesis I	2/98	12/1145	0.166666666666667	1.94727891156463	1.00880272437902	0.274295205836903	0.69081755544109	0.598851131651719	gene_5766/gene_7987	2	interaction_vs_onu	strong	down	FALSE	Biosynthesis of Secondary Metabolites	METABOLIC
Sphingoglycolipid metabolism	Sphingoglycolipid metabolism	5/98	42/1145	0.119047619047619	1.39091350826045	0.789351204886598	0.287018478891107	0.697044877306974	0.604249429244436	gene_705/gene_1588/gene_2636/gene_2690/gene_6122	5	interaction_vs_onu	strong	down	FALSE	Metabolism of Complex Lipids	METABOLIC
1,4-Dichlorobenzene degradation	1,4-Dichlorobenzene degradation	2/98	14/1145	0.142857142857143	1.66909620991254	0.770325003247904	0.340075486402166	0.755919271612093	0.655286055886644	gene_5766/gene_7987	2	interaction_vs_onu	strong	down	FALSE	Biodegradation of Xenobiotics	METABOLIC
Toluene and xylene degradation	Toluene and xylene degradation	2/98	14/1145	0.142857142857143	1.66909620991254	0.770325003247904	0.340075486402166	0.755919271612093	0.655286055886644	gene_1576/gene_7374	2	interaction_vs_onu	strong	down	FALSE	Biodegradation of Xenobiotics	METABOLIC
Butanoate metabolism	Butanoate metabolism	6/98	56/1145	0.107142857142857	1.2518221574344	0.590917325042167	0.344610256176101	0.755919271612093	0.655286055886644	gene_330/gene_3213/gene_3447/gene_4305/gene_6795/gene_8589	6	interaction_vs_onu	strong	down	FALSE	Carbohydrate Metabolism	METABOLIC
Pyruvate metabolism	Pyruvate metabolism	5/98	49/1145	0.102040816326531	1.19221157850895	0.420557146663088	0.411046853615061	0.873474563932004	0.757191572448796	gene_3213/gene_3447/gene_5650/gene_8281/gene_8589	5	interaction_vs_onu	strong	down	FALSE	Carbohydrate Metabolism	METABOLIC
Methionine metabolism	Methionine metabolism	2/98	18/1145	0.111111111111111	1.29818594104308	0.389954707182979	0.464893566280618	0.931015700713507	0.807072434055053	gene_6120/gene_7990	2	interaction_vs_onu	strong	down	FALSE	Amino Acid Metabolism	METABOLIC
Pentose and glucuronate interconversions	Pentose and glucuronate interconversions	3/98	31/1145	0.0967741935483871	1.13067807768269	0.225576418984428	0.504133277366818	0.931015700713507	0.807072434055053	gene_4745/gene_6795/gene_7988	3	interaction_vs_onu	strong	down	FALSE	Carbohydrate Metabolism	METABOLIC
Fructose and mannose metabolism	Fructose and mannose metabolism	6/98	66/1145	0.0909090909090909	1.0621521335807	0.159063303015276	0.504274577180573	0.931015700713507	0.807072434055053	gene_330/gene_1588/gene_5170/gene_6707/gene_8197/gene_8548	6	interaction_vs_onu	strong	down	FALSE	Carbohydrate Metabolism	METABOLIC
2,4-Dichlorobenzoate degradation	2,4-Dichlorobenzoate degradation	1/98	8/1145	0.125	1.46045918367347	0.399676496365295	0.512324515407066	0.931015700713507	0.807072434055053	gene_6795	1	interaction_vs_onu	strong	down	FALSE	Biodegradation of Xenobiotics	METABOLIC
Androgen and estrogen metabolism	Androgen and estrogen metabolism	2/98	20/1145	0.1	1.16836734693878	0.232300055930729	0.522047588790813	0.931015700713507	0.807072434055053	gene_5766/gene_7987	2	interaction_vs_onu	strong	down	FALSE	Lipid Metabolism	METABOLIC
Glycolysis / Gluconeogenesis	Glycolysis / Gluconeogenesis	5/98	57/1145	0.087719298245614	1.02488363766559	0.0589372079826945	0.548854310764871	0.931015700713507	0.807072434055053	gene_3213/gene_3447/gene_5837/gene_6707/gene_8589	5	interaction_vs_onu	strong	down	FALSE	Carbohydrate Metabolism	METABOLIC
Arginine and proline metabolism	Arginine and proline metabolism	6/98	69/1145	0.0869565217391304	1.01597160603372	0.0418523364549116	0.550054993968525	0.931015700713507	0.807072434055053	gene_2/gene_3213/gene_3447/gene_7989/gene_8389/gene_8589	6	interaction_vs_onu	strong	down	FALSE	Amino Acid Metabolism	METABOLIC
Synthesis and degradation of ketone bodies	Synthesis and degradation of ketone bodies	1/98	9/1145	0.111111111111111	1.29818594104308	0.274645167373056	0.554358110385173	0.931015700713507	0.807072434055053	gene_4305	1	interaction_vs_onu	strong	down	FALSE	Lipid Metabolism	METABOLIC
Valine, leucine and isoleucine degradation	Valine, leucine and isoleucine degradation	3/98	34/1145	0.0882352941176471	1.03091236494598	0.0559586682509986	0.568775633779942	0.931015700713507	0.807072434055053	gene_3213/gene_3447/gene_8589	3	interaction_vs_onu	strong	down	FALSE	Amino Acid Metabolism	METABOLIC
Sterol biosynthesis	Sterol biosynthesis	2/98	22/1145	0.0909090909090909	1.0621521335807	0.0900181769531524	0.575039109264225	0.931015700713507	0.807072434055053	gene_5766/gene_7987	2	interaction_vs_onu	strong	down	FALSE	Lipid Metabolism	METABOLIC
Carbon fixation	Carbon fixation	2/98	23/1145	0.0869565217391304	1.01597160603372	0.0236629446484922	0.59990989596383	0.948694719198615	0.822397898995703	gene_5121/gene_6707	2	interaction_vs_onu	strong	down	FALSE	Energy Metabolism	METABOLIC
Tetrachloroethene degradation	Tetrachloroethene degradation	1/98	12/1145	0.0833333333333333	0.973639455782313	-0.0280726072313729	0.660112944505891	0.959604716960712	0.831855482195045	gene_330	1	interaction_vs_onu	strong	down	FALSE	Biodegradation of Xenobiotics	METABOLIC
Ubiquinone biosynthesis	Ubiquinone biosynthesis	2/98	27/1145	0.0740740740740741	0.865457294028723	-0.216358443115946	0.688519347610554	0.959604716960712	0.831855482195045	gene_5766/gene_7987	2	interaction_vs_onu	strong	down	FALSE	Metabolism of Cofactors and Vitamins	METABOLIC
Sulfur metabolism	Sulfur metabolism	1/98	13/1145	0.0769230769230769	0.898744113029827	-0.112284925263161	0.689511824857544	0.959604716960712	0.831855482195045	gene_7990	1	interaction_vs_onu	strong	down	FALSE	Energy Metabolism	METABOLIC
Glyoxylate and dicarboxylate metabolism	Glyoxylate and dicarboxylate metabolism	1/98	14/1145	0.0714285714285714	0.834548104956268	-0.190483415835811	0.716391543200266	0.959604716960712	0.831855482195045	gene_5914	1	interaction_vs_onu	strong	down	FALSE	Carbohydrate Metabolism	METABOLIC
Tyrosine metabolism	Tyrosine metabolism	4/98	59/1145	0.0677966101694915	0.792113455551712	-0.501406757590138	0.761773769621034	0.959604716960712	0.831855482195045	gene_1876/gene_2965/gene_5766/gene_7987	4	interaction_vs_onu	strong	down	FALSE	Amino Acid Metabolism	METABOLIC
Lysine degradation	Lysine degradation	4/98	60/1145	0.0666666666666667	0.77891156462585	-0.537996551092636	0.773565849964159	0.959604716960712	0.831855482195045	gene_330/gene_3213/gene_3447/gene_8589	4	interaction_vs_onu	strong	down	FALSE	Amino Acid Metabolism	METABOLIC
Glutathione metabolism	Glutathione metabolism	1/98	18/1145	0.0555555555555556	0.649092970521542	-0.458901071760959	0.802734564520056	0.959604716960712	0.831855482195045	gene_1730	1	interaction_vs_onu	strong	down	FALSE	Metabolism of Other Amino Acids	METABOLIC
Phenylalanine, tyrosine and tryptophan biosynthesis	Phenylalanine, tyrosine and tryptophan biosynthesis	1/98	18/1145	0.0555555555555556	0.649092970521542	-0.458901071760959	0.802734564520056	0.959604716960712	0.831855482195045	gene_1877	1	interaction_vs_onu	strong	down	FALSE	Amino Acid Metabolism	METABOLIC
Blood group glycolipid biosynthesis - lact series	Blood group glycolipid biosynthesis - lact series	1/98	19/1145	0.0526315789473684	0.614930182599356	-0.51760658580901	0.819888080648747	0.959604716960712	0.831855482195045	gene_1588	1	interaction_vs_onu	strong	down	FALSE	Metabolism of Complex Lipids	METABOLIC
Blood group glycolipid biosynthesis - neolact series	Blood group glycolipid biosynthesis - neolact series	1/98	19/1145	0.0526315789473684	0.614930182599356	-0.51760658580901	0.819888080648747	0.959604716960712	0.831855482195045	gene_1588	1	interaction_vs_onu	strong	down	FALSE	Metabolism of Complex Lipids	METABOLIC
Chondroitin / heparan sulfate biosynthesis	Chondroitin / heparan sulfate biosynthesis	1/98	19/1145	0.0526315789473684	0.614930182599356	-0.51760658580901	0.819888080648747	0.959604716960712	0.831855482195045	gene_1588	1	interaction_vs_onu	strong	down	FALSE	Metabolism of Complex Carbohydrates	METABOLIC
Keratan sulfate biosynthesis	Keratan sulfate biosynthesis	1/98	19/1145	0.0526315789473684	0.614930182599356	-0.51760658580901	0.819888080648747	0.959604716960712	0.831855482195045	gene_1588	1	interaction_vs_onu	strong	down	FALSE	Metabolism of Complex Carbohydrates	METABOLIC
O-Glycans biosynthesis	O-Glycans biosynthesis	1/98	20/1145	0.05	0.584183673469388	-0.573710744192559	0.835563896009691	0.959604716960712	0.831855482195045	gene_1588	1	interaction_vs_onu	strong	down	FALSE	Metabolism of Complex Carbohydrates	METABOLIC
Fatty acid biosynthesis (path 1)	Fatty acid biosynthesis (path 1)	1/98	21/1145	0.0476190476190476	0.556365403304179	-0.627486819928846	0.849888107735069	0.959604716960712	0.831855482195045	gene_3439	1	interaction_vs_onu	strong	down	FALSE	Lipid Metabolism	METABOLIC
Inositol phosphate metabolism	Inositol phosphate metabolism	1/98	21/1145	0.0476190476190476	0.556365403304179	-0.627486819928846	0.849888107735069	0.959604716960712	0.831855482195045	gene_3216	1	interaction_vs_onu	strong	down	FALSE	Metabolism of Complex Lipids	METABOLIC
Peptidoglycan biosynthesis	Peptidoglycan biosynthesis	1/98	21/1145	0.0476190476190476	0.556365403304179	-0.627486819928846	0.849888107735069	0.959604716960712	0.831855482195045	gene_1588	1	interaction_vs_onu	strong	down	FALSE	Metabolism of Complex Carbohydrates	METABOLIC
Riboflavin metabolism	Riboflavin metabolism	1/98	21/1145	0.0476190476190476	0.556365403304179	-0.627486819928846	0.849888107735069	0.959604716960712	0.831855482195045	gene_33	1	interaction_vs_onu	strong	down	FALSE	Metabolism of Cofactors and Vitamins	METABOLIC
Globoside metabolism	Globoside metabolism	1/98	22/1145	0.0454545454545455	0.531076066790352	-0.679166991788336	0.862976155281299	0.959604716960712	0.831855482195045	gene_1588	1	interaction_vs_onu	strong	down	FALSE	Metabolism of Complex Lipids	METABOLIC
Vitamin B6 metabolism	Vitamin B6 metabolism	1/98	23/1145	0.0434782608695652	0.507985803016859	-0.728950155977162	0.874933712523003	0.959604716960712	0.831855482195045	gene_330	1	interaction_vs_onu	strong	down	FALSE	Metabolism of Cofactors and Vitamins	METABOLIC
Nicotinate and nicotinamide metabolism	Nicotinate and nicotinamide metabolism	1/98	33/1145	0.0303030303030303	0.354050711193568	-1.15147817276298	0.950050131314387	0.998637616814885	0.865692051728074	gene_3646	1	interaction_vs_onu	strong	down	FALSE	Metabolism of Cofactors and Vitamins	METABOLIC
N-Glycans biosynthesis	N-Glycans biosynthesis	1/98	35/1145	0.0285714285714286	0.333819241982507	-1.22410120761245	0.958469906869642	0.998637616814885	0.865692051728074	gene_1588	1	interaction_vs_onu	strong	down	FALSE	Metabolism of Complex Carbohydrates	METABOLIC
Pantothenate and CoA biosynthesis	Pantothenate and CoA biosynthesis	1/98	37/1145	0.027027027027027	0.315774958632101	-1.29384620279511	0.965482443200473	0.998637616814885	0.865692051728074	gene_1977	1	interaction_vs_onu	strong	down	FALSE	Metabolism of Cofactors and Vitamins	METABOLIC
Glycine, serine and threonine metabolism	Glycine, serine and threonine metabolism	1/98	53/1145	0.0188679245283019	0.220446669233731	-1.77715438025851	0.992238656638409	0.998637616814885	0.865692051728074	gene_330	1	interaction_vs_onu	strong	down	FALSE	Amino Acid Metabolism	METABOLIC
Pyrimidine metabolism	Pyrimidine metabolism	1/98	55/1145	0.0181818181818182	0.212430426716141	-1.83066860805184	0.993569790229826	0.998637616814885	0.865692051728074	gene_1977	1	interaction_vs_onu	strong	down	FALSE	Nucleotide Metabolism	METABOLIC
Purine metabolism	Purine metabolism	2/98	96/1145	0.0208333333333333	0.243409863945578	-2.36843383440333	0.998637616814885	0.998637616814885	0.865692051728074	gene_23/gene_1862	2	interaction_vs_onu	strong	down	FALSE	Nucleotide Metabolism	METABOLIC
