gene_id	mrna_id	signalp_prediction	signalp_is_sp	signalp_other_score	signalp_sp_score	signalp_cs_position	dbcan_any_hit	dbcan_high_confidence	dbcan_n_tools	dbcan_ec	dbcan_hmm	dbcan_sub	dbcan_diamond	dbcan_recommended	dbcan_substrate
gene_1	mRNA_1	OTHER	FALSE	1.000000	0.000000		FALSE	FALSE	0	-	-	-	-	-	-
gene_2	mRNA_2	OTHER	FALSE	1.000000	0.000000		FALSE	FALSE	0	-	-	-	-	-	-
gene_3	mRNA_3	OTHER	FALSE	1.000000	0.000000		TRUE	FALSE	1	-	-	-	GH43_36+CBM91+GH43_36	-	-
gene_4	mRNA_4	OTHER	FALSE	1.000000	0.000008		TRUE	FALSE	1	-	-	-	GT2	-	-
gene_5	mRNA_5	OTHER	FALSE	1.000000	0.000008		FALSE	FALSE	0	-	-	-	-	-	-
gene_6	mRNA_6	OTHER	FALSE	1.000000	0.000005		TRUE	FALSE	1	-	-	-	CE4	-	-
gene_7	mRNA_7	OTHER	FALSE	1.000000	0.000001		FALSE	FALSE	0	-	-	-	-	-	-
gene_8	mRNA_8	OTHER	FALSE	0.999957	0.000069		FALSE	FALSE	0	-	-	-	-	-	-
gene_9	mRNA_9	OTHER	FALSE	1.000000	0.000000		FALSE	FALSE	0	-	-	-	-	-	-
gene_10	mRNA_10	OTHER	FALSE	0.999961	0.000042		TRUE	FALSE	1	-	-	-	GH35	-	-
gene_11	mRNA_11	SP	TRUE	0.000244	0.999732	CS pos: 17-18. Pr: 0.9692	FALSE	FALSE	0	-	-	-	-	-	-
gene_12	mRNA_12	OTHER	FALSE	1.000000	0.000000		FALSE	FALSE	0	-	-	-	-	-	-
gene_13	mRNA_13	OTHER	FALSE	0.999997	0.000017		FALSE	FALSE	0	-	-	-	-	-	-
gene_14	mRNA_14	OTHER	FALSE	1.000000	0.000000		TRUE	TRUE	3	-|-	CBM67(23-112)+GH78(330-784)	CBM67_e14(16-173)+GH78_e23(258-779)	GH78	CBM67_e14|GH78_e23	rhamnose
gene_15	mRNA_15	OTHER	FALSE	1.000000	0.000001		FALSE	FALSE	0	-	-	-	-	-	-
gene_16	mRNA_16	OTHER	FALSE	0.999902	0.000105		FALSE	FALSE	0	-	-	-	-	-	-
gene_17	mRNA_17	OTHER	FALSE	1.000000	0.000000		FALSE	FALSE	0	-	-	-	-	-	-
gene_18	mRNA_18	OTHER	FALSE	0.999976	0.000068		FALSE	FALSE	0	-	-	-	-	-	-
gene_19	mRNA_19	OTHER	FALSE	1.000000	0.000000		TRUE	FALSE	1	-	-	-	GH78+GH43_14+CBM91+GH43_14	-	-
gene_20	mRNA_20	OTHER	FALSE	1.000000	0.000000		FALSE	FALSE	0	-	-	-	-	-	-
gene_21	mRNA_21	OTHER	FALSE	1.000000	0.000000		FALSE	FALSE	0	-	-	-	-	-	-
gene_22	mRNA_22	OTHER	FALSE	1.000000	0.000000		TRUE	FALSE	1	-	-	-	GH18	-	-
gene_23	mRNA_23	OTHER	FALSE	1.000000	0.000000		TRUE	FALSE	1	-	-	-	GH0	-	-
gene_24	mRNA_24	OTHER	FALSE	1.000000	0.000002		FALSE	FALSE	0	-	-	-	-	-	-
gene_25	mRNA_25	OTHER	FALSE	1.000000	0.000039		FALSE	FALSE	0	-	-	-	-	-	-
gene_26	mRNA_26	OTHER	FALSE	1.000000	0.000000		TRUE	FALSE	1	-	-	-	GH47	-	-
gene_27	mRNA_27	OTHER	FALSE	1.000000	0.000000		FALSE	FALSE	0	-	-	-	-	-	-
gene_28	mRNA_28	OTHER	FALSE	1.000000	0.000000		FALSE	FALSE	0	-	-	-	-	-	-
gene_29	mRNA_29	SP	TRUE	0.000370	0.999611	CS pos: 18-19. Pr: 0.9692	FALSE	FALSE	0	-	-	-	-	-	-
gene_30	mRNA_30	SP	TRUE	0.000501	0.999474	CS pos: 21-22. Pr: 0.9545	FALSE	FALSE	0	-	-	-	-	-	-
gene_31	mRNA_31	OTHER	FALSE	1.000000	0.000019		FALSE	FALSE	0	-	-	-	-	-	-
gene_32	mRNA_32	OTHER	FALSE	1.000000	0.000000		FALSE	FALSE	0	-	-	-	-	-	-
gene_33	mRNA_33	SP	TRUE	0.000461	0.999504	CS pos: 20-21. Pr: 0.9697	FALSE	FALSE	0	-	-	-	-	-	-
gene_34	mRNA_34	OTHER	FALSE	1.000000	0.000000		FALSE	FALSE	0	-	-	-	-	-	-
gene_35	mRNA_35	SP	TRUE	0.000222	0.999751	CS pos: 19-20. Pr: 0.9470	FALSE	FALSE	0	-	-	-	-	-	-
gene_36	mRNA_36	OTHER	FALSE	1.000000	0.000000		FALSE	FALSE	0	-	-	-	-	-	-
gene_37	mRNA_37	OTHER	FALSE	1.000000	0.000002		FALSE	FALSE	0	-	-	-	-	-	-
gene_38	mRNA_38	SP	TRUE	0.000974	0.998994	CS pos: 23-24. Pr: 0.9731	FALSE	FALSE	0	-	-	-	-	-	-
gene_39	mRNA_39	OTHER	FALSE	1.000000	0.000000		FALSE	FALSE	0	-	-	-	-	-	-
gene_40	mRNA_40	OTHER	FALSE	1.000000	0.000000		FALSE	FALSE	0	-	-	-	-	-	-
gene_41	mRNA_41	OTHER	FALSE	1.000000	0.000000		FALSE	FALSE	0	-	-	-	-	-	-
gene_42	mRNA_42	OTHER	FALSE	1.000000	0.000000		FALSE	FALSE	0	-	-	-	-	-	-
gene_43	mRNA_43	OTHER	FALSE	0.999999	0.000029		FALSE	FALSE	0	-	-	-	-	-	-
gene_44	mRNA_44	OTHER	FALSE	1.000000	0.000003		FALSE	FALSE	0	-	-	-	-	-	-
gene_45	mRNA_45	OTHER	FALSE	1.000000	0.000000		FALSE	FALSE	0	-	-	-	-	-	-
gene_46	mRNA_46	OTHER	FALSE	1.000000	0.000000		FALSE	FALSE	0	-	-	-	-	-	-
gene_47	mRNA_47	OTHER	FALSE	1.000000	0.000000		FALSE	FALSE	0	-	-	-	-	-	-
gene_48	mRNA_48	OTHER	FALSE	1.000000	0.000000		FALSE	FALSE	0	-	-	-	-	-	-
gene_49	mRNA_49	OTHER	FALSE	1.000000	0.000000		FALSE	FALSE	0	-	-	-	-	-	-
gene_50	mRNA_50	OTHER	FALSE	1.000000	0.000003		FALSE	FALSE	0	-	-	-	-	-	-
gene_51	mRNA_51	OTHER	FALSE	1.000000	0.000000		FALSE	FALSE	0	-	-	-	-	-	-
gene_52	mRNA_52	OTHER	FALSE	1.000000	0.000000		FALSE	FALSE	0	-	-	-	-	-	-
gene_53	mRNA_53	OTHER	FALSE	1.000000	0.000000		FALSE	FALSE	0	-	-	-	-	-	-
gene_54	mRNA_54	OTHER	FALSE	0.976714	0.023288		FALSE	FALSE	0	-	-	-	-	-	-
gene_55	mRNA_55	OTHER	FALSE	1.000000	0.000000		FALSE	FALSE	0	-	-	-	-	-	-
gene_56	mRNA_56	OTHER	FALSE	1.000000	0.000000		FALSE	FALSE	0	-	-	-	-	-	-
gene_57	mRNA_57	OTHER	FALSE	1.000000	0.000000		FALSE	FALSE	0	-	-	-	-	-	-
gene_58	mRNA_58	OTHER	FALSE	1.000000	0.000000		TRUE	FALSE	1	-	-	-	GH78	-	-
gene_59	mRNA_59	SP	TRUE	0.000735	0.999236	CS pos: 25-26. Pr: 0.9762	FALSE	FALSE	0	-	-	-	-	-	-
gene_60	mRNA_60	OTHER	FALSE	1.000000	0.000000		TRUE	FALSE	1	-	-	-	GH37	-	-
gene_61	mRNA_61	SP	TRUE	0.115150	0.884831	CS pos: 31-32. Pr: 0.8464	FALSE	FALSE	0	-	-	-	-	-	-
gene_62	mRNA_62	OTHER	FALSE	1.000000	0.000001		FALSE	FALSE	0	-	-	-	-	-	-
gene_63	mRNA_63	OTHER	FALSE	1.000000	0.000000		FALSE	FALSE	0	-	-	-	-	-	-
gene_64	mRNA_64	OTHER	FALSE	1.000000	0.000000		FALSE	FALSE	0	-	-	-	-	-	-
gene_65	mRNA_65	OTHER	FALSE	1.000000	0.000000		TRUE	FALSE	1	-	-	-	GH3	-	-
gene_66	mRNA_66	OTHER	FALSE	1.000000	0.000000		FALSE	FALSE	0	-	-	-	-	-	-
gene_67	mRNA_67	OTHER	FALSE	0.950267	0.049756		FALSE	FALSE	0	-	-	-	-	-	-
gene_68	mRNA_68	OTHER	FALSE	1.000000	0.000000		FALSE	FALSE	0	-	-	-	-	-	-
gene_69	mRNA_69	OTHER	FALSE	1.000000	0.000000		FALSE	FALSE	0	-	-	-	-	-	-
gene_70	mRNA_70	OTHER	FALSE	1.000000	0.000000		FALSE	FALSE	0	-	-	-	-	-	-
gene_71	mRNA_71	OTHER	FALSE	1.000000	0.000000		FALSE	FALSE	0	-	-	-	-	-	-
gene_72	mRNA_72	OTHER	FALSE	0.999249	0.000737		FALSE	FALSE	0	-	-	-	-	-	-
gene_73	mRNA_73	OTHER	FALSE	1.000000	0.000000		FALSE	FALSE	0	-	-	-	-	-	-
gene_74	mRNA_74	OTHER	FALSE	0.999913	0.000115		FALSE	FALSE	0	-	-	-	-	-	-
gene_75	mRNA_75	SP	TRUE	0.027075	0.972879	CS pos: 28-29. Pr: 0.8049	FALSE	FALSE	0	-	-	-	-	-	-
gene_76	mRNA_76	OTHER	FALSE	1.000000	0.000004		FALSE	FALSE	0	-	-	-	-	-	-
gene_77	mRNA_77	OTHER	FALSE	1.000000	0.000000		FALSE	FALSE	0	-	-	-	-	-	-
gene_78	mRNA_78	OTHER	FALSE	0.999996	0.000034		FALSE	FALSE	0	-	-	-	-	-	-
gene_79	mRNA_79	OTHER	FALSE	1.000000	0.000000		FALSE	FALSE	0	-	-	-	-	-	-
gene_80	mRNA_80	SP	TRUE	0.001239	0.998731	CS pos: 24-25. Pr: 0.9732	TRUE	FALSE	1	-	-	-	GT39	-	-
gene_81	mRNA_81	SP	TRUE	0.034097	0.965882	CS pos: 19-20. Pr: 0.9136	TRUE	TRUE	3	-	GH132(155-462)	GH132_e2(164-465)	GH132	GH132_e2	beta-glucan
gene_82	mRNA_82	OTHER	FALSE	1.000000	0.000000		FALSE	FALSE	0	-	-	-	-	-	-
gene_83	mRNA_83	OTHER	FALSE	0.999490	0.000526		FALSE	FALSE	0	-	-	-	-	-	-
gene_84	mRNA_84	OTHER	FALSE	1.000000	0.000000		FALSE	FALSE	0	-	-	-	-	-	-
gene_85	mRNA_85	OTHER	FALSE	1.000000	0.000003		FALSE	FALSE	0	-	-	-	-	-	-
gene_86	mRNA_86	OTHER	FALSE	1.000000	0.000000		FALSE	FALSE	0	-	-	-	-	-	-
gene_87	mRNA_87	OTHER	FALSE	1.000000	0.000000		FALSE	FALSE	0	-	-	-	-	-	-
gene_88	mRNA_88	OTHER	FALSE	1.000000	0.000000		FALSE	FALSE	0	-	-	-	-	-	-
gene_89	mRNA_89	OTHER	FALSE	1.000000	0.000000		FALSE	FALSE	0	-	-	-	-	-	-
gene_90	mRNA_90	OTHER	FALSE	1.000000	0.000000		FALSE	FALSE	0	-	-	-	-	-	-
gene_91	mRNA_91	OTHER	FALSE	0.999846	0.000164		FALSE	FALSE	0	-	-	-	-	-	-
gene_92	mRNA_92	OTHER	FALSE	1.000000	0.000000		FALSE	FALSE	0	-	-	-	-	-	-
gene_93	mRNA_93	OTHER	FALSE	1.000000	0.000001		FALSE	FALSE	0	-	-	-	-	-	-
gene_94	mRNA_94	OTHER	FALSE	1.000000	0.000001		FALSE	FALSE	0	-	-	-	-	-	-
gene_95	mRNA_95	OTHER	FALSE	1.000000	0.000000		FALSE	FALSE	0	-	-	-	-	-	-
gene_96	mRNA_96	OTHER	FALSE	1.000000	0.000000		FALSE	FALSE	0	-	-	-	-	-	-
gene_97	mRNA_97	OTHER	FALSE	1.000000	0.000005		FALSE	FALSE	0	-	-	-	-	-	-
gene_98	mRNA_98	OTHER	FALSE	1.000000	0.000003		FALSE	FALSE	0	-	-	-	-	-	-
gene_99	mRNA_99	OTHER	FALSE	1.000000	0.000000		FALSE	FALSE	0	-	-	-	-	-	-
gene_100	mRNA_100	OTHER	FALSE	1.000000	0.000000		FALSE	FALSE	0	-	-	-	-	-	-
gene_101	mRNA_101	OTHER	FALSE	1.000000	0.000000		FALSE	FALSE	0	-	-	-	-	-	-
gene_102	mRNA_102	OTHER	FALSE	1.000000	0.000000		FALSE	FALSE	0	-	-	-	-	-	-
gene_103	mRNA_103	OTHER	FALSE	0.991105	0.008896		FALSE	FALSE	0	-	-	-	-	-	-
gene_104	mRNA_104	OTHER	FALSE	0.999795	0.000238		FALSE	FALSE	0	-	-	-	-	-	-
gene_105	mRNA_105	OTHER	FALSE	0.999910	0.000105		TRUE	FALSE	1	-	-	-	GH47	-	-
gene_106	mRNA_106	OTHER	FALSE	0.998997	0.001010		FALSE	FALSE	0	-	-	-	-	-	-
gene_107	mRNA_107	SP	TRUE	0.000212	0.999757	CS pos: 24-25. Pr: 0.9591	FALSE	FALSE	0	-	-	-	-	-	-
gene_108	mRNA_108	OTHER	FALSE	1.000000	0.000000		TRUE	FALSE	1	-	-	-	GH16	-	-
gene_109	mRNA_109	OTHER	FALSE	1.000000	0.000000		FALSE	FALSE	0	-	-	-	-	-	-
gene_110	mRNA_110	OTHER	FALSE	0.998622	0.001400		FALSE	FALSE	0	-	-	-	-	-	-
gene_111	mRNA_111	OTHER	FALSE	1.000000	0.000000		FALSE	FALSE	0	-	-	-	-	-	-
gene_112	mRNA_112	OTHER	FALSE	1.000000	0.000000		FALSE	FALSE	0	-	-	-	-	-	-
gene_113	mRNA_113	OTHER	FALSE	1.000000	0.000000		FALSE	FALSE	0	-	-	-	-	-	-
gene_114	mRNA_114	OTHER	FALSE	1.000000	0.000000		FALSE	FALSE	0	-	-	-	-	-	-
gene_115	mRNA_115	OTHER	FALSE	1.000000	0.000000		FALSE	FALSE	0	-	-	-	-	-	-
gene_116	mRNA_116	OTHER	FALSE	1.000000	0.000000		FALSE	FALSE	0	-	-	-	-	-	-
gene_117	mRNA_117	OTHER	FALSE	1.000000	0.000015		FALSE	FALSE	0	-	-	-	-	-	-
gene_118	mRNA_118	OTHER	FALSE	1.000000	0.000000		FALSE	FALSE	0	-	-	-	-	-	-
gene_119	mRNA_119	OTHER	FALSE	1.000000	0.000000		FALSE	FALSE	0	-	-	-	-	-	-
gene_120	mRNA_120	OTHER	FALSE	1.000000	0.000001		FALSE	FALSE	0	-	-	-	-	-	-
gene_121	mRNA_121	OTHER	FALSE	1.000000	0.000000		TRUE	FALSE	1	-	-	-	GH13_26	-	-
gene_122	mRNA_122	OTHER	FALSE	1.000000	0.000000		FALSE	FALSE	0	-	-	-	-	-	-
gene_123	mRNA_123	OTHER	FALSE	1.000000	0.000000		FALSE	FALSE	0	-	-	-	-	-	-
gene_124	mRNA_124	OTHER	FALSE	1.000000	0.000000		FALSE	FALSE	0	-	-	-	-	-	-
gene_125	mRNA_125	OTHER	FALSE	1.000000	0.000000		FALSE	FALSE	0	-	-	-	-	-	-
gene_126	mRNA_126	OTHER	FALSE	1.000000	0.000000		FALSE	FALSE	0	-	-	-	-	-	-
gene_127	mRNA_127	SP	TRUE	0.000237	0.999731	CS pos: 16-17. Pr: 0.9452	TRUE	TRUE	3	1.14.99.53:1	AA11(17-213)	AA11_e7(18-211)	AA11	AA11_e7	chitin
gene_128	mRNA_128	OTHER	FALSE	1.000000	0.000014		TRUE	FALSE	1	-	-	-	GH105	-	-
gene_129	mRNA_129	OTHER	FALSE	1.000000	0.000001		TRUE	FALSE	1	-	-	-	GH79	-	-
gene_130	mRNA_130	OTHER	FALSE	1.000000	0.000001		FALSE	FALSE	0	-	-	-	-	-	-
gene_131	mRNA_131	OTHER	FALSE	1.000000	0.000000		FALSE	FALSE	0	-	-	-	-	-	-
gene_132	mRNA_132	OTHER	FALSE	0.819440	0.180576		FALSE	FALSE	0	-	-	-	-	-	-
gene_133	mRNA_133	OTHER	FALSE	1.000000	0.000000		FALSE	FALSE	0	-	-	-	-	-	-
gene_134	mRNA_134	OTHER	FALSE	1.000000	0.000000		FALSE	FALSE	0	-	-	-	-	-	-
gene_135	mRNA_135	OTHER	FALSE	1.000000	0.000000		FALSE	FALSE	0	-	-	-	-	-	-
gene_136	mRNA_136	OTHER	FALSE	1.000000	0.000000		FALSE	FALSE	0	-	-	-	-	-	-
gene_137	mRNA_137	OTHER	FALSE	1.000000	0.000000		FALSE	FALSE	0	-	-	-	-	-	-
gene_138	mRNA_138	OTHER	FALSE	1.000000	0.000000		FALSE	FALSE	0	-	-	-	-	-	-
gene_139	mRNA_139	SP	TRUE	0.001135	0.998830	CS pos: 22-23. Pr: 0.7875	FALSE	FALSE	0	-	-	-	-	-	-
gene_140	mRNA_140	OTHER	FALSE	1.000000	0.000000		FALSE	FALSE	0	-	-	-	-	-	-
gene_141	mRNA_141	OTHER	FALSE	1.000000	0.000000		FALSE	FALSE	0	-	-	-	-	-	-
gene_142	mRNA_142	SP	TRUE	0.064911	0.935063	CS pos: 19-20. Pr: 0.9413	FALSE	FALSE	0	-	-	-	-	-	-
gene_143	mRNA_143	OTHER	FALSE	1.000000	0.000000		FALSE	FALSE	0	-	-	-	-	-	-
gene_144	mRNA_144	OTHER	FALSE	0.999947	0.000114		FALSE	FALSE	0	-	-	-	-	-	-
gene_145	mRNA_145	OTHER	FALSE	1.000000	0.000000		FALSE	FALSE	0	-	-	-	-	-	-
gene_146	mRNA_146	OTHER	FALSE	1.000000	0.000001		FALSE	FALSE	0	-	-	-	-	-	-
gene_147	mRNA_147	OTHER	FALSE	1.000000	0.000001		FALSE	FALSE	0	-	-	-	-	-	-
gene_148	mRNA_148	OTHER	FALSE	1.000000	0.000000		FALSE	FALSE	0	-	-	-	-	-	-
gene_149	mRNA_149	OTHER	FALSE	1.000000	0.000000		FALSE	FALSE	0	-	-	-	-	-	-
gene_150	mRNA_150	OTHER	FALSE	0.999995	0.000017		FALSE	FALSE	0	-	-	-	-	-	-
gene_151	mRNA_151	OTHER	FALSE	1.000000	0.000013		FALSE	FALSE	0	-	-	-	-	-	-
gene_152	mRNA_152	OTHER	FALSE	1.000000	0.000000		FALSE	FALSE	0	-	-	-	-	-	-
gene_153	mRNA_153	OTHER	FALSE	1.000000	0.000000		FALSE	FALSE	0	-	-	-	-	-	-
gene_154	mRNA_154	OTHER	FALSE	1.000000	0.000000		FALSE	FALSE	0	-	-	-	-	-	-
gene_155	mRNA_155	OTHER	FALSE	0.999050	0.000943		FALSE	FALSE	0	-	-	-	-	-	-
gene_156	mRNA_156	OTHER	FALSE	1.000000	0.000009		FALSE	FALSE	0	-	-	-	-	-	-
gene_157	mRNA_157	SP	TRUE	0.000201	0.999775	CS pos: 25-26. Pr: 0.9767	FALSE	FALSE	0	-	-	-	-	-	-
gene_158	mRNA_158	OTHER	FALSE	1.000000	0.000001		FALSE	FALSE	0	-	-	-	-	-	-
gene_159	mRNA_159	OTHER	FALSE	1.000000	0.000052		FALSE	FALSE	0	-	-	-	-	-	-
gene_160	mRNA_160	OTHER	FALSE	1.000000	0.000000		FALSE	FALSE	0	-	-	-	-	-	-
gene_161	mRNA_161	OTHER	FALSE	0.998930	0.001102		FALSE	FALSE	0	-	-	-	-	-	-
gene_162	mRNA_162	OTHER	FALSE	1.000000	0.000002		FALSE	FALSE	0	-	-	-	-	-	-
gene_163	mRNA_163	OTHER	FALSE	1.000000	0.000000		TRUE	FALSE	1	-	-	-	CE8	-	-
gene_164	mRNA_164	SP	TRUE	0.000532	0.999437	CS pos: 21-22. Pr: 0.9729	TRUE	TRUE	3	-	GH132(121-379)	GH132_e1(121-377)	GH132	GH132_e1	beta-glucan
gene_165	mRNA_165	OTHER	FALSE	1.000000	0.000045		FALSE	FALSE	0	-	-	-	-	-	-
gene_166	mRNA_166	OTHER	FALSE	1.000000	0.000000		FALSE	FALSE	0	-	-	-	-	-	-
gene_167	mRNA_167	OTHER	FALSE	1.000000	0.000000		FALSE	FALSE	0	-	-	-	-	-	-
gene_168	mRNA_168	OTHER	FALSE	1.000000	0.000000		FALSE	FALSE	0	-	-	-	-	-	-
gene_169	mRNA_169	OTHER	FALSE	1.000000	0.000000		FALSE	FALSE	0	-	-	-	-	-	-
gene_170	mRNA_170	OTHER	FALSE	1.000000	0.000000		FALSE	FALSE	0	-	-	-	-	-	-
gene_171	mRNA_171	OTHER	FALSE	0.684997	0.315006		FALSE	FALSE	0	-	-	-	-	-	-
gene_172	mRNA_172	OTHER	FALSE	1.000000	0.000000		FALSE	FALSE	0	-	-	-	-	-	-
gene_173	mRNA_173	OTHER	FALSE	0.999534	0.000478		FALSE	FALSE	0	-	-	-	-	-	-
gene_174	mRNA_174	SP	TRUE	0.000289	0.999691	CS pos: 26-27. Pr: 0.8794	TRUE	TRUE	3	3.2.1.14:58	GH18(51-401)	GH18_e272(53-401)	GH18	GH18_e272	chitin
gene_175	mRNA_175	OTHER	FALSE	1.000000	0.000000		TRUE	FALSE	1	-	-	-	GH72	-	-
gene_176	mRNA_176	OTHER	FALSE	1.000000	0.000000		FALSE	FALSE	0	-	-	-	-	-	-
gene_177	mRNA_177	OTHER	FALSE	1.000000	0.000000		FALSE	FALSE	0	-	-	-	-	-	-
gene_178	mRNA_178	OTHER	FALSE	0.977640	0.022366		FALSE	FALSE	0	-	-	-	-	-	-
gene_179	mRNA_179	OTHER	FALSE	1.000000	0.000005		FALSE	FALSE	0	-	-	-	-	-	-
gene_180	mRNA_180	OTHER	FALSE	1.000000	0.000000		FALSE	FALSE	0	-	-	-	-	-	-
gene_181	mRNA_181	OTHER	FALSE	0.999647	0.000387		FALSE	FALSE	0	-	-	-	-	-	-
gene_182	mRNA_182	OTHER	FALSE	1.000000	0.000005		FALSE	FALSE	0	-	-	-	-	-	-
gene_183	mRNA_183	OTHER	FALSE	1.000000	0.000000		FALSE	FALSE	0	-	-	-	-	-	-
gene_184	mRNA_184	OTHER	FALSE	1.000000	0.000000		FALSE	FALSE	0	-	-	-	-	-	-
gene_185	mRNA_185	OTHER	FALSE	1.000000	0.000000		FALSE	FALSE	0	-	-	-	-	-	-
gene_186	mRNA_186	OTHER	FALSE	1.000000	0.000000		FALSE	FALSE	0	-	-	-	-	-	-
gene_187	mRNA_187	OTHER	FALSE	1.000000	0.000003		TRUE	TRUE	3	-	GT34(91-339)	GT34_e16(93-275)	GT0	GT34_e16	-
gene_188	mRNA_188	OTHER	FALSE	1.000000	0.000017		FALSE	FALSE	0	-	-	-	-	-	-
gene_189	mRNA_189	OTHER	FALSE	1.000000	0.000007		FALSE	FALSE	0	-	-	-	-	-	-
gene_190	mRNA_190	OTHER	FALSE	1.000000	0.000000		FALSE	FALSE	0	-	-	-	-	-	-
gene_191	mRNA_191	OTHER	FALSE	1.000000	0.000005		FALSE	FALSE	0	-	-	-	-	-	-
gene_192	mRNA_192	OTHER	FALSE	1.000000	0.000023		FALSE	FALSE	0	-	-	-	-	-	-
gene_193	mRNA_193	OTHER	FALSE	1.000000	0.000000		FALSE	FALSE	0	-	-	-	-	-	-
gene_194	mRNA_194	OTHER	FALSE	1.000000	0.000002		TRUE	FALSE	1	-	-	-	GT50	-	-
gene_195	mRNA_195	OTHER	FALSE	1.000000	0.000006		FALSE	FALSE	0	-	-	-	-	-	-
gene_196	mRNA_196	OTHER	FALSE	1.000000	0.000000		FALSE	FALSE	0	-	-	-	-	-	-
gene_197	mRNA_197	OTHER	FALSE	1.000000	0.000000		FALSE	FALSE	0	-	-	-	-	-	-
gene_198	mRNA_198	OTHER	FALSE	1.000000	0.000000		FALSE	FALSE	0	-	-	-	-	-	-
gene_199	mRNA_199	OTHER	FALSE	1.000000	0.000001		FALSE	FALSE	0	-	-	-	-	-	-
gene_200	mRNA_200	OTHER	FALSE	0.999952	0.000094		FALSE	FALSE	0	-	-	-	-	-	-
gene_201	mRNA_201	OTHER	FALSE	1.000000	0.000000		FALSE	FALSE	0	-	-	-	-	-	-
gene_202	mRNA_202	OTHER	FALSE	1.000000	0.000000		FALSE	FALSE	0	-	-	-	-	-	-
gene_203	mRNA_203	OTHER	FALSE	0.999898	0.000132		FALSE	FALSE	0	-	-	-	-	-	-
gene_204	mRNA_204	OTHER	FALSE	1.000000	0.000000		FALSE	FALSE	0	-	-	-	-	-	-
gene_205	mRNA_205	OTHER	FALSE	1.000000	0.000049		FALSE	FALSE	0	-	-	-	-	-	-
gene_206	mRNA_206	OTHER	FALSE	1.000000	0.000000		FALSE	FALSE	0	-	-	-	-	-	-
gene_207	mRNA_207	OTHER	FALSE	1.000000	0.000000		FALSE	FALSE	0	-	-	-	-	-	-
gene_208	mRNA_208	OTHER	FALSE	1.000000	0.000002		FALSE	FALSE	0	-	-	-	-	-	-
gene_209	mRNA_209	OTHER	FALSE	1.000000	0.000000		FALSE	FALSE	0	-	-	-	-	-	-
gene_210	mRNA_210	SP	TRUE	0.000247	0.999729	CS pos: 22-23. Pr: 0.9788	TRUE	TRUE	3	3.5.1.41:1	CE4(165-290)	CE4_e46(164-291)	CBM18+CE4	CE4_e46	chitin
gene_211	mRNA_211	OTHER	FALSE	0.999986	0.000048		FALSE	FALSE	0	-	-	-	-	-	-
gene_212	mRNA_212	OTHER	FALSE	0.999971	0.000043		FALSE	FALSE	0	-	-	-	-	-	-
gene_213	mRNA_213	OTHER	FALSE	1.000000	0.000000		FALSE	FALSE	0	-	-	-	-	-	-
gene_214	mRNA_214	OTHER	FALSE	1.000000	0.000000		FALSE	FALSE	0	-	-	-	-	-	-
gene_215	mRNA_215	OTHER	FALSE	1.000000	0.000001		FALSE	FALSE	0	-	-	-	-	-	-
gene_216	mRNA_216	OTHER	FALSE	1.000000	0.000000		FALSE	FALSE	0	-	-	-	-	-	-
gene_217	mRNA_217	OTHER	FALSE	1.000000	0.000000		FALSE	FALSE	0	-	-	-	-	-	-
gene_218	mRNA_218	OTHER	FALSE	1.000000	0.000000		FALSE	FALSE	0	-	-	-	-	-	-
gene_219	mRNA_219	OTHER	FALSE	1.000000	0.000000		FALSE	FALSE	0	-	-	-	-	-	-
gene_220	mRNA_220	OTHER	FALSE	1.000000	0.000000		FALSE	FALSE	0	-	-	-	-	-	-
gene_221	mRNA_221	OTHER	FALSE	1.000000	0.000000		FALSE	FALSE	0	-	-	-	-	-	-
gene_222	mRNA_222	OTHER	FALSE	1.000000	0.000000		FALSE	FALSE	0	-	-	-	-	-	-
gene_223	mRNA_223	OTHER	FALSE	1.000000	0.000013		FALSE	FALSE	0	-	-	-	-	-	-
gene_224	mRNA_224	OTHER	FALSE	1.000000	0.000000		FALSE	FALSE	0	-	-	-	-	-	-
gene_225	mRNA_225	OTHER	FALSE	1.000000	0.000000		FALSE	FALSE	0	-	-	-	-	-	-
gene_226	mRNA_226	OTHER	FALSE	1.000000	0.000000		FALSE	FALSE	0	-	-	-	-	-	-
gene_227	mRNA_227	OTHER	FALSE	1.000000	0.000000		FALSE	FALSE	0	-	-	-	-	-	-
gene_228	mRNA_228	OTHER	FALSE	1.000000	0.000001		FALSE	FALSE	0	-	-	-	-	-	-
gene_229	mRNA_229	OTHER	FALSE	1.000000	0.000000		FALSE	FALSE	0	-	-	-	-	-	-
gene_230	mRNA_230	OTHER	FALSE	1.000000	0.000007		FALSE	FALSE	0	-	-	-	-	-	-
gene_231	mRNA_231	OTHER	FALSE	1.000000	0.000000		FALSE	FALSE	0	-	-	-	-	-	-
gene_232	mRNA_232	OTHER	FALSE	1.000000	0.000000		FALSE	FALSE	0	-	-	-	-	-	-
gene_233	mRNA_233	OTHER	FALSE	0.974335	0.025683		FALSE	FALSE	0	-	-	-	-	-	-
gene_234	mRNA_234	OTHER	FALSE	1.000000	0.000000		FALSE	FALSE	0	-	-	-	-	-	-
gene_235	mRNA_235	OTHER	FALSE	0.999949	0.000054		FALSE	FALSE	0	-	-	-	-	-	-
gene_236	mRNA_236	SP	TRUE	0.184697	0.815265	CS pos: 22-23. Pr: 0.4934	FALSE	FALSE	0	-	-	-	-	-	-
gene_237	mRNA_237	OTHER	FALSE	1.000000	0.000000		FALSE	FALSE	0	-	-	-	-	-	-
gene_238	mRNA_238	OTHER	FALSE	0.999931	0.000110		FALSE	FALSE	0	-	-	-	-	-	-
gene_239	mRNA_239	OTHER	FALSE	1.000000	0.000000		FALSE	FALSE	0	-	-	-	-	-	-
gene_240	mRNA_240	OTHER	FALSE	1.000000	0.000000		FALSE	FALSE	0	-	-	-	-	-	-
gene_241	mRNA_241	OTHER	FALSE	1.000000	0.000000		FALSE	FALSE	0	-	-	-	-	-	-
gene_242	mRNA_242	OTHER	FALSE	1.000000	0.000002		FALSE	FALSE	0	-	-	-	-	-	-
gene_243	mRNA_243	OTHER	FALSE	1.000000	0.000015		FALSE	FALSE	0	-	-	-	-	-	-
gene_244	mRNA_244	OTHER	FALSE	1.000000	0.000000		FALSE	FALSE	0	-	-	-	-	-	-
gene_245	mRNA_245	OTHER	FALSE	1.000000	0.000001		FALSE	FALSE	0	-	-	-	-	-	-
gene_246	mRNA_246	OTHER	FALSE	1.000000	0.000000		FALSE	FALSE	0	-	-	-	-	-	-
gene_247	mRNA_247	OTHER	FALSE	1.000000	0.000000		FALSE	FALSE	0	-	-	-	-	-	-
gene_248	mRNA_248	OTHER	FALSE	1.000000	0.000005		FALSE	FALSE	0	-	-	-	-	-	-
gene_249	mRNA_249	OTHER	FALSE	1.000000	0.000000		FALSE	FALSE	0	-	-	-	-	-	-
gene_250	mRNA_250	OTHER	FALSE	1.000000	0.000011		FALSE	FALSE	0	-	-	-	-	-	-
gene_251	mRNA_251	OTHER	FALSE	1.000000	0.000001		FALSE	FALSE	0	-	-	-	-	-	-
gene_252	mRNA_252	OTHER	FALSE	1.000000	0.000000		FALSE	FALSE	0	-	-	-	-	-	-
gene_253	mRNA_253	OTHER	FALSE	1.000000	0.000009		FALSE	FALSE	0	-	-	-	-	-	-
gene_254	mRNA_254	OTHER	FALSE	1.000000	0.000000		FALSE	FALSE	0	-	-	-	-	-	-
gene_255	mRNA_255	OTHER	FALSE	1.000000	0.000012		FALSE	FALSE	0	-	-	-	-	-	-
gene_256	mRNA_256	OTHER	FALSE	1.000000	0.000005		FALSE	FALSE	0	-	-	-	-	-	-
gene_257	mRNA_257	OTHER	FALSE	1.000000	0.000003		FALSE	FALSE	0	-	-	-	-	-	-
gene_258	mRNA_258	OTHER	FALSE	1.000000	0.000000		FALSE	FALSE	0	-	-	-	-	-	-
gene_259	mRNA_259	OTHER	FALSE	1.000000	0.000000		FALSE	FALSE	0	-	-	-	-	-	-
gene_260	mRNA_260	OTHER	FALSE	1.000000	0.000000		FALSE	FALSE	0	-	-	-	-	-	-
gene_261	mRNA_261	OTHER	FALSE	1.000000	0.000000		FALSE	FALSE	0	-	-	-	-	-	-
gene_262	mRNA_262	OTHER	FALSE	1.000000	0.000000		FALSE	FALSE	0	-	-	-	-	-	-
gene_263	mRNA_263	OTHER	FALSE	1.000000	0.000022		FALSE	FALSE	0	-	-	-	-	-	-
gene_264	mRNA_264	OTHER	FALSE	1.000000	0.000002		FALSE	FALSE	0	-	-	-	-	-	-
gene_265	mRNA_265	OTHER	FALSE	1.000000	0.000000		FALSE	FALSE	0	-	-	-	-	-	-
gene_266	mRNA_266	OTHER	FALSE	1.000000	0.000002		FALSE	FALSE	0	-	-	-	-	-	-
gene_267	mRNA_267	OTHER	FALSE	1.000000	0.000000		FALSE	FALSE	0	-	-	-	-	-	-
gene_268	mRNA_268	OTHER	FALSE	1.000000	0.000000		FALSE	FALSE	0	-	-	-	-	-	-
gene_269	mRNA_269	OTHER	FALSE	1.000000	0.000024		TRUE	FALSE	1	-	-	-	GH92	-	-
gene_270	mRNA_270	OTHER	FALSE	1.000000	0.000000		FALSE	FALSE	0	-	-	-	-	-	-
gene_271	mRNA_271	OTHER	FALSE	0.999912	0.000126		FALSE	FALSE	0	-	-	-	-	-	-
gene_272	mRNA_272	OTHER	FALSE	1.000000	0.000000		FALSE	FALSE	0	-	-	-	-	-	-
gene_273	mRNA_273	OTHER	FALSE	0.993839	0.006211		FALSE	FALSE	0	-	-	-	-	-	-
gene_274	mRNA_274	OTHER	FALSE	1.000000	0.000000		FALSE	FALSE	0	-	-	-	-	-	-
gene_275	mRNA_275	OTHER	FALSE	0.975419	0.024608		TRUE	FALSE	1	-	-	-	GT30	-	-
gene_276	mRNA_276	OTHER	FALSE	1.000000	0.000000		FALSE	FALSE	0	-	-	-	-	-	-
gene_277	mRNA_277	OTHER	FALSE	1.000000	0.000002		FALSE	FALSE	0	-	-	-	-	-	-
gene_278	mRNA_278	OTHER	FALSE	0.999955	0.000121		TRUE	TRUE	3	-	GH15(310-687)	GH15_e38(311-688)	GH15	GH15_e38	-
gene_279	mRNA_279	OTHER	FALSE	1.000000	0.000002		FALSE	FALSE	0	-	-	-	-	-	-
gene_280	mRNA_280	OTHER	FALSE	1.000000	0.000000		FALSE	FALSE	0	-	-	-	-	-	-
gene_281	mRNA_281	OTHER	FALSE	1.000000	0.000012		FALSE	FALSE	0	-	-	-	-	-	-
gene_282	mRNA_282	OTHER	FALSE	1.000000	0.000000		FALSE	FALSE	0	-	-	-	-	-	-
gene_283	mRNA_283	OTHER	FALSE	0.999957	0.000091		FALSE	FALSE	0	-	-	-	-	-	-
gene_284	mRNA_284	OTHER	FALSE	1.000000	0.000000		TRUE	FALSE	1	-	-	-	GH47	-	-
gene_285	mRNA_285	OTHER	FALSE	0.999994	0.000041		FALSE	FALSE	0	-	-	-	-	-	-
gene_286	mRNA_286	OTHER	FALSE	1.000000	0.000000		FALSE	FALSE	0	-	-	-	-	-	-
gene_287	mRNA_287	SP	TRUE	0.000241	0.999734	CS pos: 19-20. Pr: 0.9817	TRUE	FALSE	1	-	-	-	GH5	-	-
gene_288	mRNA_288	OTHER	FALSE	1.000000	0.000001		FALSE	FALSE	0	-	-	-	-	-	-
gene_289	mRNA_289	OTHER	FALSE	0.996838	0.003198		TRUE	FALSE	1	-	-	-	GH20	-	-
gene_290	mRNA_290	OTHER	FALSE	0.999982	0.000047		FALSE	FALSE	0	-	-	-	-	-	-
gene_291	mRNA_291	OTHER	FALSE	1.000000	0.000000		FALSE	FALSE	0	-	-	-	-	-	-
gene_292	mRNA_292	OTHER	FALSE	1.000000	0.000000		FALSE	FALSE	0	-	-	-	-	-	-
gene_293	mRNA_293	OTHER	FALSE	1.000000	0.000000		FALSE	FALSE	0	-	-	-	-	-	-
gene_294	mRNA_294	OTHER	FALSE	1.000000	0.000001		FALSE	FALSE	0	-	-	-	-	-	-
gene_295	mRNA_295	OTHER	FALSE	1.000000	0.000000		FALSE	FALSE	0	-	-	-	-	-	-
gene_296	mRNA_296	OTHER	FALSE	1.000000	0.000000		FALSE	FALSE	0	-	-	-	-	-	-
gene_297	mRNA_297	OTHER	FALSE	1.000000	0.000000		TRUE	TRUE	3	-	GH154(25-373)	GH154_e10(26-373)	GH154	GH154_e10	arabinogalactan
gene_298	mRNA_298	OTHER	FALSE	1.000000	0.000000		FALSE	FALSE	0	-	-	-	-	-	-
gene_299	mRNA_299	OTHER	FALSE	1.000000	0.000000		FALSE	FALSE	0	-	-	-	-	-	-
gene_300	mRNA_300	OTHER	FALSE	1.000000	0.000000		TRUE	FALSE	1	-	-	-	GH154	-	-
gene_301	mRNA_301	OTHER	FALSE	1.000000	0.000000		FALSE	FALSE	0	-	-	-	-	-	-
gene_302	mRNA_302	OTHER	FALSE	1.000000	0.000000		FALSE	FALSE	0	-	-	-	-	-	-
gene_303	mRNA_303	OTHER	FALSE	1.000000	0.000000		FALSE	FALSE	0	-	-	-	-	-	-
gene_304	mRNA_304	OTHER	FALSE	1.000000	0.000000		FALSE	FALSE	0	-	-	-	-	-	-
gene_305	mRNA_305	OTHER	FALSE	1.000000	0.000000		FALSE	FALSE	0	-	-	-	-	-	-
gene_306	mRNA_306	OTHER	FALSE	1.000000	0.000010		FALSE	FALSE	0	-	-	-	-	-	-
gene_307	mRNA_307	OTHER	FALSE	1.000000	0.000001		FALSE	FALSE	0	-	-	-	-	-	-
gene_308	mRNA_308	OTHER	FALSE	1.000000	0.000000		FALSE	FALSE	0	-	-	-	-	-	-
gene_309	mRNA_309	OTHER	FALSE	1.000000	0.000005		TRUE	FALSE	1	-	-	-	GH5_5+GH5_5	-	-
gene_310	mRNA_310	OTHER	FALSE	1.000000	0.000000		FALSE	FALSE	0	-	-	-	-	-	-
gene_311	mRNA_311	OTHER	FALSE	1.000000	0.000000		FALSE	FALSE	0	-	-	-	-	-	-
gene_312	mRNA_312	OTHER	FALSE	1.000000	0.000002		FALSE	FALSE	0	-	-	-	-	-	-
gene_313	mRNA_313	OTHER	FALSE	1.000000	0.000000		FALSE	FALSE	0	-	-	-	-	-	-
gene_314	mRNA_314	OTHER	FALSE	0.839071	0.160937		FALSE	FALSE	0	-	-	-	-	-	-
gene_315	mRNA_315	OTHER	FALSE	1.000000	0.000000		FALSE	FALSE	0	-	-	-	-	-	-
gene_316	mRNA_316	OTHER	FALSE	1.000000	0.000000		FALSE	FALSE	0	-	-	-	-	-	-
gene_317	mRNA_317	OTHER	FALSE	1.000000	0.000004		FALSE	FALSE	0	-	-	-	-	-	-
gene_318	mRNA_318	OTHER	FALSE	1.000000	0.000000		TRUE	FALSE	1	-	-	-	GH71	-	-
gene_319	mRNA_319	OTHER	FALSE	1.000000	0.000000		FALSE	FALSE	0	-	-	-	-	-	-
gene_320	mRNA_320	OTHER	FALSE	1.000000	0.000010		FALSE	FALSE	0	-	-	-	-	-	-
gene_321	mRNA_321	OTHER	FALSE	1.000000	0.000006		TRUE	FALSE	1	-	-	-	GH0	-	-
gene_322	mRNA_322	OTHER	FALSE	1.000000	0.000000		FALSE	FALSE	0	-	-	-	-	-	-
gene_323	mRNA_323	OTHER	FALSE	1.000000	0.000000		TRUE	FALSE	1	-	-	-	GH2_16+GH2_16	-	-
gene_324	mRNA_324	OTHER	FALSE	1.000000	0.000000		FALSE	FALSE	0	-	-	-	-	-	-
gene_325	mRNA_325	OTHER	FALSE	1.000000	0.000000		FALSE	FALSE	0	-	-	-	-	-	-
gene_326	mRNA_326	OTHER	FALSE	0.999973	0.000061		TRUE	FALSE	1	-	-	-	GH63	-	-
gene_327	mRNA_327	OTHER	FALSE	1.000000	0.000000		FALSE	FALSE	0	-	-	-	-	-	-
gene_328	mRNA_328	OTHER	FALSE	1.000000	0.000000		FALSE	FALSE	0	-	-	-	-	-	-
gene_329	mRNA_329	OTHER	FALSE	1.000000	0.000000		FALSE	FALSE	0	-	-	-	-	-	-
gene_330	mRNA_330	OTHER	FALSE	1.000000	0.000000		TRUE	FALSE	1	-	-	-	GT8	-	-
gene_331	mRNA_331	OTHER	FALSE	1.000000	0.000000		FALSE	FALSE	0	-	-	-	-	-	-
gene_332	mRNA_332	OTHER	FALSE	1.000000	0.000019		FALSE	FALSE	0	-	-	-	-	-	-
gene_333	mRNA_333	OTHER	FALSE	1.000000	0.000000		FALSE	FALSE	0	-	-	-	-	-	-
gene_334	mRNA_334	OTHER	FALSE	1.000000	0.000000		FALSE	FALSE	0	-	-	-	-	-	-
gene_335	mRNA_335	OTHER	FALSE	1.000000	0.000000		TRUE	FALSE	1	-	-	-	GH76	-	-
gene_336	mRNA_336	OTHER	FALSE	1.000000	0.000000		TRUE	TRUE	3	3.2.1.101:2	GH76(209-596)	GH76_e44(214-590)	GH76	GH76_e44	alpha-mannan
gene_337	mRNA_337	OTHER	FALSE	1.000000	0.000001		FALSE	FALSE	0	-	-	-	-	-	-
gene_338	mRNA_338	OTHER	FALSE	1.000000	0.000000		FALSE	FALSE	0	-	-	-	-	-	-
gene_339	mRNA_339	OTHER	FALSE	1.000000	0.000033		FALSE	FALSE	0	-	-	-	-	-	-
gene_340	mRNA_340	OTHER	FALSE	1.000000	0.000000		FALSE	FALSE	0	-	-	-	-	-	-
gene_341	mRNA_341	OTHER	FALSE	1.000000	0.000000		FALSE	FALSE	0	-	-	-	-	-	-
gene_342	mRNA_342	OTHER	FALSE	1.000000	0.000001		FALSE	FALSE	0	-	-	-	-	-	-
gene_343	mRNA_343	OTHER	FALSE	0.999945	0.000076		TRUE	FALSE	1	-	-	-	GH43_26	-	-
gene_344	mRNA_344	OTHER	FALSE	1.000000	0.000000		TRUE	FALSE	1	-	-	-	AA3_2+AA3_2	-	-
gene_345	mRNA_345	OTHER	FALSE	1.000000	0.000000		TRUE	FALSE	1	-	-	-	GT50	-	-
gene_346	mRNA_346	OTHER	FALSE	0.999937	0.000103		FALSE	FALSE	0	-	-	-	-	-	-
gene_347	mRNA_347	OTHER	FALSE	1.000000	0.000002		FALSE	FALSE	0	-	-	-	-	-	-
gene_348	mRNA_348	OTHER	FALSE	1.000000	0.000000		FALSE	FALSE	0	-	-	-	-	-	-
gene_349	mRNA_349	OTHER	FALSE	1.000000	0.000000		FALSE	FALSE	0	-	-	-	-	-	-
gene_350	mRNA_350	OTHER	FALSE	1.000000	0.000005		FALSE	FALSE	0	-	-	-	-	-	-
gene_351	mRNA_351	OTHER	FALSE	1.000000	0.000000		FALSE	FALSE	0	-	-	-	-	-	-
gene_352	mRNA_352	OTHER	FALSE	1.000000	0.000000		FALSE	FALSE	0	-	-	-	-	-	-
gene_353	mRNA_353	OTHER	FALSE	1.000000	0.000002		FALSE	FALSE	0	-	-	-	-	-	-
gene_354	mRNA_354	OTHER	FALSE	1.000000	0.000003		FALSE	FALSE	0	-	-	-	-	-	-
gene_355	mRNA_355	OTHER	FALSE	1.000000	0.000001		FALSE	FALSE	0	-	-	-	-	-	-
gene_356	mRNA_356	OTHER	FALSE	0.999610	0.000392		FALSE	FALSE	0	-	-	-	-	-	-
gene_357	mRNA_357	OTHER	FALSE	1.000000	0.000000		FALSE	FALSE	0	-	-	-	-	-	-
gene_358	mRNA_358	OTHER	FALSE	1.000000	0.000000		FALSE	FALSE	0	-	-	-	-	-	-
gene_359	mRNA_359	OTHER	FALSE	0.998686	0.001349		FALSE	FALSE	0	-	-	-	-	-	-
gene_360	mRNA_360	OTHER	FALSE	1.000000	0.000005		FALSE	FALSE	0	-	-	-	-	-	-
gene_361	mRNA_361	OTHER	FALSE	1.000000	0.000000		FALSE	FALSE	0	-	-	-	-	-	-
gene_362	mRNA_362	OTHER	FALSE	1.000000	0.000000		TRUE	FALSE	1	-	-	-	GH27	-	-
gene_363	mRNA_363	OTHER	FALSE	1.000000	0.000001		TRUE	FALSE	1	-	-	-	GT31	-	-
gene_364	mRNA_364	OTHER	FALSE	1.000000	0.000000		FALSE	FALSE	0	-	-	-	-	-	-
gene_365	mRNA_365	OTHER	FALSE	0.981163	0.018842		FALSE	FALSE	0	-	-	-	-	-	-
gene_366	mRNA_366	OTHER	FALSE	1.000000	0.000000		FALSE	FALSE	0	-	-	-	-	-	-
gene_367	mRNA_367	OTHER	FALSE	1.000000	0.000000		FALSE	FALSE	0	-	-	-	-	-	-
gene_368	mRNA_368	OTHER	FALSE	1.000000	0.000000		FALSE	FALSE	0	-	-	-	-	-	-
gene_369	mRNA_369	OTHER	FALSE	1.000000	0.000000		FALSE	FALSE	0	-	-	-	-	-	-
gene_370	mRNA_370	OTHER	FALSE	1.000000	0.000003		FALSE	FALSE	0	-	-	-	-	-	-
gene_371	mRNA_371	OTHER	FALSE	0.999805	0.000203		FALSE	FALSE	0	-	-	-	-	-	-
gene_372	mRNA_372	OTHER	FALSE	1.000000	0.000010		TRUE	TRUE	3	-	GH16_1(102-346)	GH16_e91(103-333)	GH16_1+GH16_1	GH16_1	-
gene_373	mRNA_373	OTHER	FALSE	1.000000	0.000000		TRUE	FALSE	1	-	-	-	GT8	-	-
gene_374	mRNA_374	SP	TRUE	0.000313	0.999692	CS pos: 20-21. Pr: 0.9773	FALSE	FALSE	0	-	-	-	-	-	-
gene_375	mRNA_375	OTHER	FALSE	0.999908	0.000125		TRUE	FALSE	1	-	-	-	GH18	-	-
gene_376	mRNA_376	OTHER	FALSE	0.999101	0.000933		FALSE	FALSE	0	-	-	-	-	-	-
gene_377	mRNA_377	OTHER	FALSE	1.000000	0.000000		FALSE	FALSE	0	-	-	-	-	-	-
gene_378	mRNA_378	OTHER	FALSE	1.000000	0.000000		FALSE	FALSE	0	-	-	-	-	-	-
gene_379	mRNA_379	OTHER	FALSE	1.000000	0.000000		FALSE	FALSE	0	-	-	-	-	-	-
gene_380	mRNA_380	OTHER	FALSE	0.999481	0.000531		FALSE	FALSE	0	-	-	-	-	-	-
gene_381	mRNA_381	OTHER	FALSE	1.000000	0.000000		FALSE	FALSE	0	-	-	-	-	-	-
gene_382	mRNA_382	OTHER	FALSE	1.000000	0.000000		FALSE	FALSE	0	-	-	-	-	-	-
gene_383	mRNA_383	OTHER	FALSE	1.000000	0.000000		FALSE	FALSE	0	-	-	-	-	-	-
gene_384	mRNA_384	OTHER	FALSE	1.000000	0.000000		FALSE	FALSE	0	-	-	-	-	-	-
gene_385	mRNA_385	OTHER	FALSE	1.000000	0.000000		FALSE	FALSE	0	-	-	-	-	-	-
gene_386	mRNA_386	OTHER	FALSE	1.000000	0.000001		TRUE	FALSE	1	-	-	-	GH36	-	-
gene_387	mRNA_387	OTHER	FALSE	1.000000	0.000028		FALSE	FALSE	0	-	-	-	-	-	-
gene_388	mRNA_388	SP	TRUE	0.000349	0.999616	CS pos: 20-21. Pr: 0.9682	TRUE	TRUE	3	1.1.3.-:1	AA7(195-389)	AA7_e0(195-385)	GH20	AA7_e0	xylan
gene_389	mRNA_389	OTHER	FALSE	1.000000	0.000000		FALSE	FALSE	0	-	-	-	-	-	-
gene_390	mRNA_390	SP	TRUE	0.075942	0.924054	CS pos: 43-44. Pr: 0.8447	FALSE	FALSE	0	-	-	-	-	-	-
gene_391	mRNA_391	OTHER	FALSE	1.000000	0.000001		FALSE	FALSE	0	-	-	-	-	-	-
gene_392	mRNA_392	OTHER	FALSE	1.000000	0.000000		FALSE	FALSE	0	-	-	-	-	-	-
gene_393	mRNA_393	OTHER	FALSE	1.000000	0.000000		FALSE	FALSE	0	-	-	-	-	-	-
gene_394	mRNA_394	SP	TRUE	0.000282	0.999705	CS pos: 25-26. Pr: 0.9591	TRUE	TRUE	3	-	GH16_1(65-312)	GH16_e226(70-312)	GH16_1+GH16_1	GH16_1	-
gene_395	mRNA_395	OTHER	FALSE	0.999701	0.000323		TRUE	FALSE	1	-	-	-	GH16_1+GH16_1	-	-
gene_396	mRNA_396	OTHER	FALSE	1.000000	0.000001		FALSE	FALSE	0	-	-	-	-	-	-
gene_397	mRNA_397	OTHER	FALSE	1.000000	0.000000		TRUE	FALSE	1	-	-	-	GH31_15+GH31_15	-	-
gene_398	mRNA_398	OTHER	FALSE	1.000000	0.000000		FALSE	FALSE	0	-	-	-	-	-	-
gene_399	mRNA_399	OTHER	FALSE	1.000000	0.000000		FALSE	FALSE	0	-	-	-	-	-	-
gene_400	mRNA_400	OTHER	FALSE	1.000000	0.000000		FALSE	FALSE	0	-	-	-	-	-	-
gene_401	mRNA_401	OTHER	FALSE	1.000000	0.000000		FALSE	FALSE	0	-	-	-	-	-	-
gene_402	mRNA_402	OTHER	FALSE	1.000000	0.000003		FALSE	FALSE	0	-	-	-	-	-	-
gene_403	mRNA_403	OTHER	FALSE	0.999134	0.000886		FALSE	FALSE	0	-	-	-	-	-	-
gene_404	mRNA_404	OTHER	FALSE	1.000000	0.000000		FALSE	FALSE	0	-	-	-	-	-	-
gene_405	mRNA_405	OTHER	FALSE	1.000000	0.000000		FALSE	FALSE	0	-	-	-	-	-	-
gene_406	mRNA_406	OTHER	FALSE	1.000000	0.000000		FALSE	FALSE	0	-	-	-	-	-	-
gene_407	mRNA_407	OTHER	FALSE	1.000000	0.000002		FALSE	FALSE	0	-	-	-	-	-	-
gene_408	mRNA_408	OTHER	FALSE	1.000000	0.000000		FALSE	FALSE	0	-	-	-	-	-	-
gene_409	mRNA_409	OTHER	FALSE	1.000000	0.000000		FALSE	FALSE	0	-	-	-	-	-	-
gene_410	mRNA_410	OTHER	FALSE	1.000000	0.000000		FALSE	FALSE	0	-	-	-	-	-	-
gene_411	mRNA_411	OTHER	FALSE	1.000000	0.000000		FALSE	FALSE	0	-	-	-	-	-	-
gene_412	mRNA_412	OTHER	FALSE	1.000000	0.000003		FALSE	FALSE	0	-	-	-	-	-	-
gene_413	mRNA_413	OTHER	FALSE	1.000000	0.000000		FALSE	FALSE	0	-	-	-	-	-	-
gene_414	mRNA_414	OTHER	FALSE	1.000000	0.000000		FALSE	FALSE	0	-	-	-	-	-	-
gene_415	mRNA_415	OTHER	FALSE	1.000000	0.000000		FALSE	FALSE	0	-	-	-	-	-	-
gene_416	mRNA_416	OTHER	FALSE	1.000000	0.000000		TRUE	FALSE	1	-	-	-	GT31	-	-
gene_417	mRNA_417	OTHER	FALSE	1.000000	0.000000		FALSE	FALSE	0	-	-	-	-	-	-
gene_418	mRNA_418	OTHER	FALSE	1.000000	0.000010		FALSE	FALSE	0	-	-	-	-	-	-
gene_419	mRNA_419	OTHER	FALSE	0.999762	0.000253		FALSE	FALSE	0	-	-	-	-	-	-
gene_420	mRNA_420	OTHER	FALSE	1.000000	0.000000		FALSE	FALSE	0	-	-	-	-	-	-
gene_421	mRNA_421	OTHER	FALSE	1.000000	0.000002		FALSE	FALSE	0	-	-	-	-	-	-
gene_422	mRNA_422	OTHER	FALSE	1.000000	0.000000		FALSE	FALSE	0	-	-	-	-	-	-
gene_423	mRNA_423	OTHER	FALSE	1.000000	0.000000		FALSE	FALSE	0	-	-	-	-	-	-
gene_424	mRNA_424	OTHER	FALSE	1.000000	0.000000		FALSE	FALSE	0	-	-	-	-	-	-
gene_425	mRNA_425	OTHER	FALSE	1.000000	0.000000		FALSE	FALSE	0	-	-	-	-	-	-
gene_426	mRNA_426	OTHER	FALSE	1.000000	0.000000		FALSE	FALSE	0	-	-	-	-	-	-
gene_427	mRNA_427	OTHER	FALSE	1.000000	0.000000		FALSE	FALSE	0	-	-	-	-	-	-
gene_428	mRNA_428	OTHER	FALSE	1.000000	0.000000		FALSE	FALSE	0	-	-	-	-	-	-
gene_429	mRNA_429	OTHER	FALSE	1.000000	0.000010		FALSE	FALSE	0	-	-	-	-	-	-
gene_430	mRNA_430	OTHER	FALSE	1.000000	0.000024		FALSE	FALSE	0	-	-	-	-	-	-
gene_431	mRNA_431	OTHER	FALSE	0.999986	0.000060		FALSE	FALSE	0	-	-	-	-	-	-
gene_432	mRNA_432	OTHER	FALSE	1.000000	0.000006		FALSE	FALSE	0	-	-	-	-	-	-
gene_433	mRNA_433	OTHER	FALSE	1.000000	0.000000		FALSE	FALSE	0	-	-	-	-	-	-
gene_434	mRNA_434	OTHER	FALSE	1.000000	0.000021		FALSE	FALSE	0	-	-	-	-	-	-
gene_435	mRNA_435	SP	TRUE	0.000837	0.999128	CS pos: 16-17. Pr: 0.9615	FALSE	FALSE	0	-	-	-	-	-	-
gene_436	mRNA_436	OTHER	FALSE	1.000000	0.000000		FALSE	FALSE	0	-	-	-	-	-	-
gene_437	mRNA_437	OTHER	FALSE	1.000000	0.000011		FALSE	FALSE	0	-	-	-	-	-	-
gene_438	mRNA_438	OTHER	FALSE	0.999935	0.000088		FALSE	FALSE	0	-	-	-	-	-	-
gene_439	mRNA_439	OTHER	FALSE	1.000000	0.000000		FALSE	FALSE	0	-	-	-	-	-	-
gene_440	mRNA_440	OTHER	FALSE	0.999983	0.000030		FALSE	FALSE	0	-	-	-	-	-	-
gene_441	mRNA_441	OTHER	FALSE	1.000000	0.000001		FALSE	FALSE	0	-	-	-	-	-	-
gene_442	mRNA_442	OTHER	FALSE	1.000000	0.000000		FALSE	FALSE	0	-	-	-	-	-	-
gene_443	mRNA_443	OTHER	FALSE	1.000000	0.000000		FALSE	FALSE	0	-	-	-	-	-	-
gene_444	mRNA_444	OTHER	FALSE	1.000000	0.000000		FALSE	FALSE	0	-	-	-	-	-	-
gene_445	mRNA_445	OTHER	FALSE	1.000000	0.000000		TRUE	TRUE	2	-	-	GT1_e51(13-173)	GT1	GT1_e51	-
gene_446	mRNA_446	OTHER	FALSE	1.000000	0.000016		FALSE	FALSE	0	-	-	-	-	-	-
gene_447	mRNA_447	OTHER	FALSE	1.000000	0.000000		FALSE	FALSE	0	-	-	-	-	-	-
gene_448	mRNA_448	OTHER	FALSE	1.000000	0.000000		TRUE	FALSE	1	-	-	-	GH31_1+GH31_1	-	-
gene_449	mRNA_449	OTHER	FALSE	1.000000	0.000000		FALSE	FALSE	0	-	-	-	-	-	-
gene_450	mRNA_450	OTHER	FALSE	0.910818	0.089202		FALSE	FALSE	0	-	-	-	-	-	-
gene_451	mRNA_451	OTHER	FALSE	1.000000	0.000000		FALSE	FALSE	0	-	-	-	-	-	-
gene_452	mRNA_452	OTHER	FALSE	1.000000	0.000000		FALSE	FALSE	0	-	-	-	-	-	-
gene_453	mRNA_453	OTHER	FALSE	1.000000	0.000000		TRUE	FALSE	1	-	-	-	GH76	-	-
gene_454	mRNA_454	OTHER	FALSE	1.000000	0.000000		FALSE	FALSE	0	-	-	-	-	-	-
gene_455	mRNA_455	OTHER	FALSE	1.000000	0.000000		FALSE	FALSE	0	-	-	-	-	-	-
gene_456	mRNA_456	OTHER	FALSE	1.000000	0.000000		FALSE	FALSE	0	-	-	-	-	-	-
gene_457	mRNA_457	OTHER	FALSE	1.000000	0.000000		FALSE	FALSE	0	-	-	-	-	-	-
gene_458	mRNA_458	OTHER	FALSE	1.000000	0.000001		FALSE	FALSE	0	-	-	-	-	-	-
gene_459	mRNA_459	OTHER	FALSE	1.000000	0.000000		FALSE	FALSE	0	-	-	-	-	-	-
gene_460	mRNA_460	OTHER	FALSE	1.000000	0.000000		FALSE	FALSE	0	-	-	-	-	-	-
gene_461	mRNA_461	OTHER	FALSE	1.000000	0.000000		FALSE	FALSE	0	-	-	-	-	-	-
gene_462	mRNA_462	OTHER	FALSE	1.000000	0.000001		FALSE	FALSE	0	-	-	-	-	-	-
gene_463	mRNA_463	OTHER	FALSE	1.000000	0.000000		TRUE	FALSE	1	-	-	-	GH16_2+GH16_2	-	-
gene_464	mRNA_464	SP	TRUE	0.000164	0.999827	CS pos: 19-20. Pr: 0.8470	FALSE	FALSE	0	-	-	-	-	-	-
gene_465	mRNA_465	OTHER	FALSE	0.996579	0.003453		FALSE	FALSE	0	-	-	-	-	-	-
gene_466	mRNA_466	OTHER	FALSE	1.000000	0.000000		FALSE	FALSE	0	-	-	-	-	-	-
gene_467	mRNA_467	OTHER	FALSE	1.000000	0.000000		FALSE	FALSE	0	-	-	-	-	-	-
gene_468	mRNA_468	OTHER	FALSE	1.000000	0.000001		FALSE	FALSE	0	-	-	-	-	-	-
gene_469	mRNA_469	OTHER	FALSE	1.000000	0.000000		FALSE	FALSE	0	-	-	-	-	-	-
gene_470	mRNA_470	OTHER	FALSE	1.000000	0.000000		FALSE	FALSE	0	-	-	-	-	-	-
gene_471	mRNA_471	OTHER	FALSE	1.000000	0.000000		FALSE	FALSE	0	-	-	-	-	-	-
gene_472	mRNA_472	OTHER	FALSE	1.000000	0.000001		FALSE	FALSE	0	-	-	-	-	-	-
gene_473	mRNA_473	OTHER	FALSE	1.000000	0.000006		FALSE	FALSE	0	-	-	-	-	-	-
gene_474	mRNA_474	SP	TRUE	0.000204	0.999781	CS pos: 20-21. Pr: 0.8436	TRUE	FALSE	1	-	-	-	GT1	-	-
gene_475	mRNA_475	OTHER	FALSE	1.000000	0.000001		FALSE	FALSE	0	-	-	-	-	-	-
gene_476	mRNA_476	OTHER	FALSE	1.000000	0.000000		FALSE	FALSE	0	-	-	-	-	-	-
gene_477	mRNA_477	SP	TRUE	0.000328	0.999642	CS pos: 19-20. Pr: 0.9789	FALSE	FALSE	0	-	-	-	-	-	-
gene_478	mRNA_478	OTHER	FALSE	1.000000	0.000000		FALSE	FALSE	0	-	-	-	-	-	-
gene_479	mRNA_479	OTHER	FALSE	0.999993	0.000063		FALSE	FALSE	0	-	-	-	-	-	-
gene_480	mRNA_480	OTHER	FALSE	1.000000	0.000000		FALSE	FALSE	0	-	-	-	-	-	-
gene_481	mRNA_481	OTHER	FALSE	1.000000	0.000000		TRUE	FALSE	1	-	-	-	AA14	-	-
gene_482	mRNA_482	SP	TRUE	0.002505	0.997474	CS pos: 20-21. Pr: 0.9622	TRUE	TRUE	3	-	GH76(86-525)	GH76_e26(295-450)	GH0	GH76_e26	-
gene_483	mRNA_483	OTHER	FALSE	1.000000	0.000000		FALSE	FALSE	0	-	-	-	-	-	-
gene_484	mRNA_484	OTHER	FALSE	1.000000	0.000001		FALSE	FALSE	0	-	-	-	-	-	-
gene_485	mRNA_485	OTHER	FALSE	1.000000	0.000000		FALSE	FALSE	0	-	-	-	-	-	-
gene_486	mRNA_486	OTHER	FALSE	1.000000	0.000000		FALSE	FALSE	0	-	-	-	-	-	-
gene_487	mRNA_487	OTHER	FALSE	1.000000	0.000000		TRUE	FALSE	1	-	-	-	GT90	-	-
gene_488	mRNA_488	SP	TRUE	0.000414	0.999548	CS pos: 21-22. Pr: 0.8652	FALSE	FALSE	0	-	-	-	-	-	-
gene_489	mRNA_489	OTHER	FALSE	1.000000	0.000001		FALSE	FALSE	0	-	-	-	-	-	-
gene_490	mRNA_490	OTHER	FALSE	1.000000	0.000001		FALSE	FALSE	0	-	-	-	-	-	-
gene_491	mRNA_491	OTHER	FALSE	1.000000	0.000000		FALSE	FALSE	0	-	-	-	-	-	-
gene_492	mRNA_492	OTHER	FALSE	1.000000	0.000000		TRUE	FALSE	1	-	-	-	GH16_1+GH16_1	-	-
gene_493	mRNA_493	OTHER	FALSE	1.000000	0.000000		FALSE	FALSE	0	-	-	-	-	-	-
gene_494	mRNA_494	OTHER	FALSE	1.000000	0.000000		FALSE	FALSE	0	-	-	-	-	-	-
gene_495	mRNA_495	OTHER	FALSE	1.000000	0.000002		FALSE	FALSE	0	-	-	-	-	-	-
gene_496	mRNA_496	OTHER	FALSE	1.000000	0.000000		FALSE	FALSE	0	-	-	-	-	-	-
gene_497	mRNA_497	OTHER	FALSE	1.000000	0.000000		FALSE	FALSE	0	-	-	-	-	-	-
gene_498	mRNA_498	OTHER	FALSE	1.000000	0.000000		FALSE	FALSE	0	-	-	-	-	-	-
gene_499	mRNA_499	OTHER	FALSE	1.000000	0.000000		FALSE	FALSE	0	-	-	-	-	-	-
gene_500	mRNA_500	OTHER	FALSE	1.000000	0.000000		FALSE	FALSE	0	-	-	-	-	-	-
gene_501	mRNA_501	OTHER	FALSE	1.000000	0.000005		FALSE	FALSE	0	-	-	-	-	-	-
gene_502	mRNA_502	OTHER	FALSE	0.981486	0.018554		FALSE	FALSE	0	-	-	-	-	-	-
gene_503	mRNA_503	OTHER	FALSE	1.000000	0.000000		FALSE	FALSE	0	-	-	-	-	-	-
gene_504	mRNA_504	OTHER	FALSE	1.000000	0.000001		FALSE	FALSE	0	-	-	-	-	-	-
gene_505	mRNA_505	OTHER	FALSE	1.000000	0.000000		FALSE	FALSE	0	-	-	-	-	-	-
gene_506	mRNA_506	OTHER	FALSE	1.000000	0.000000		TRUE	FALSE	1	-	-	-	GH36	-	-
gene_507	mRNA_507	OTHER	FALSE	1.000000	0.000002		FALSE	FALSE	0	-	-	-	-	-	-
gene_508	mRNA_508	OTHER	FALSE	1.000000	0.000000		TRUE	FALSE	1	-	-	-	GH31_1+GH31_1	-	-
gene_509	mRNA_509	OTHER	FALSE	1.000000	0.000000		FALSE	FALSE	0	-	-	-	-	-	-
gene_510	mRNA_510	OTHER	FALSE	0.999900	0.000133		FALSE	FALSE	0	-	-	-	-	-	-
gene_511	mRNA_511	OTHER	FALSE	1.000000	0.000001		FALSE	FALSE	0	-	-	-	-	-	-
gene_512	mRNA_512	OTHER	FALSE	1.000000	0.000000		FALSE	FALSE	0	-	-	-	-	-	-
gene_513	mRNA_513	OTHER	FALSE	1.000000	0.000000		FALSE	FALSE	0	-	-	-	-	-	-
gene_514	mRNA_514	OTHER	FALSE	1.000000	0.000000		FALSE	FALSE	0	-	-	-	-	-	-
gene_515	mRNA_515	OTHER	FALSE	0.999967	0.000021		FALSE	FALSE	0	-	-	-	-	-	-
gene_516	mRNA_516	OTHER	FALSE	1.000000	0.000002		FALSE	FALSE	0	-	-	-	-	-	-
gene_517	mRNA_517	OTHER	FALSE	1.000000	0.000000		FALSE	FALSE	0	-	-	-	-	-	-
gene_518	mRNA_518	OTHER	FALSE	1.000000	0.000002		FALSE	FALSE	0	-	-	-	-	-	-
gene_519	mRNA_519	OTHER	FALSE	1.000000	0.000008		FALSE	FALSE	0	-	-	-	-	-	-
gene_520	mRNA_520	SP	TRUE	0.000243	0.999743	CS pos: 23-24. Pr: 0.9777	FALSE	FALSE	0	-	-	-	-	-	-
gene_521	mRNA_521	OTHER	FALSE	1.000000	0.000000		FALSE	FALSE	0	-	-	-	-	-	-
gene_522	mRNA_522	OTHER	FALSE	1.000000	0.000000		FALSE	FALSE	0	-	-	-	-	-	-
gene_523	mRNA_523	OTHER	FALSE	1.000000	0.000000		FALSE	FALSE	0	-	-	-	-	-	-
gene_524	mRNA_524	OTHER	FALSE	1.000000	0.000000		FALSE	FALSE	0	-	-	-	-	-	-
gene_525	mRNA_525	OTHER	FALSE	1.000000	0.000000		FALSE	FALSE	0	-	-	-	-	-	-
gene_526	mRNA_526	OTHER	FALSE	0.999960	0.000059		FALSE	FALSE	0	-	-	-	-	-	-
gene_527	mRNA_527	OTHER	FALSE	1.000000	0.000000		FALSE	FALSE	0	-	-	-	-	-	-
gene_528	mRNA_528	OTHER	FALSE	1.000000	0.000000		FALSE	FALSE	0	-	-	-	-	-	-
gene_529	mRNA_529	OTHER	FALSE	1.000000	0.000001		FALSE	FALSE	0	-	-	-	-	-	-
gene_530	mRNA_530	OTHER	FALSE	1.000000	0.000001		FALSE	FALSE	0	-	-	-	-	-	-
gene_531	mRNA_531	OTHER	FALSE	1.000000	0.000000		FALSE	FALSE	0	-	-	-	-	-	-
gene_532	mRNA_532	SP	TRUE	0.000215	0.999772	CS pos: 20-21. Pr: 0.9809	TRUE	TRUE	3	-	AA9(10-252)	AA9_e11(16-252)	AA9	AA9_e11	-
gene_533	mRNA_533	OTHER	FALSE	1.000000	0.000000		FALSE	FALSE	0	-	-	-	-	-	-
gene_534	mRNA_534	OTHER	FALSE	1.000000	0.000000		FALSE	FALSE	0	-	-	-	-	-	-
gene_535	mRNA_535	OTHER	FALSE	1.000000	0.000008		TRUE	FALSE	1	-	-	-	GT4	-	-
gene_536	mRNA_536	OTHER	FALSE	1.000000	0.000040		FALSE	FALSE	0	-	-	-	-	-	-
gene_537	mRNA_537	OTHER	FALSE	1.000000	0.000000		FALSE	FALSE	0	-	-	-	-	-	-
gene_538	mRNA_538	OTHER	FALSE	1.000000	0.000000		TRUE	FALSE	1	-	-	-	PL38	-	-
gene_539	mRNA_539	OTHER	FALSE	1.000000	0.000001		TRUE	FALSE	1	-	-	-	GH88	-	-
gene_540	mRNA_540	SP	TRUE	0.000221	0.999752	CS pos: 20-21. Pr: 0.9761	FALSE	FALSE	0	-	-	-	-	-	-
gene_541	mRNA_541	OTHER	FALSE	0.999959	0.000044		FALSE	FALSE	0	-	-	-	-	-	-
gene_542	mRNA_542	OTHER	FALSE	1.000000	0.000000		FALSE	FALSE	0	-	-	-	-	-	-
gene_543	mRNA_543	OTHER	FALSE	1.000000	0.000000		FALSE	FALSE	0	-	-	-	-	-	-
gene_544	mRNA_544	OTHER	FALSE	1.000000	0.000002		FALSE	FALSE	0	-	-	-	-	-	-
gene_545	mRNA_545	OTHER	FALSE	1.000000	0.000000		TRUE	TRUE	3	-	GT2(1211-1718)	GT2(1220-1718)	GT2	GT2	-
gene_546	mRNA_546	OTHER	FALSE	1.000000	0.000002		TRUE	TRUE	3	-	GT2(1089-1597)	GT2(1098-1598)	GT2	GT2	-
gene_547	mRNA_547	OTHER	FALSE	1.000000	0.000000		TRUE	FALSE	1	-	-	-	AA3_2+AA3_2	-	-
gene_548	mRNA_548	OTHER	FALSE	1.000000	0.000002		FALSE	FALSE	0	-	-	-	-	-	-
gene_549	mRNA_549	SP	TRUE	0.000248	0.999737	CS pos: 31-32. Pr: 0.3097	TRUE	TRUE	3	3.2.1.4:4;3.2.1.91:55	GH6(67-359)	GH6_e20(70-359)	GH6	GH6_e20	cellulose
gene_550	mRNA_550	SP	TRUE	0.001015	0.998955	CS pos: 18-19. Pr: 0.9689	FALSE	FALSE	0	-	-	-	-	-	-
gene_551	mRNA_551	OTHER	FALSE	1.000000	0.000000		FALSE	FALSE	0	-	-	-	-	-	-
gene_552	mRNA_552	OTHER	FALSE	1.000000	0.000000		TRUE	FALSE	1	-	-	-	GT0	-	-
gene_553	mRNA_553	OTHER	FALSE	1.000000	0.000001		FALSE	FALSE	0	-	-	-	-	-	-
gene_554	mRNA_554	OTHER	FALSE	1.000000	0.000000		FALSE	FALSE	0	-	-	-	-	-	-
gene_555	mRNA_555	OTHER	FALSE	1.000000	0.000000		FALSE	FALSE	0	-	-	-	-	-	-
gene_556	mRNA_556	OTHER	FALSE	1.000000	0.000000		FALSE	FALSE	0	-	-	-	-	-	-
gene_557	mRNA_557	OTHER	FALSE	1.000000	0.000000		FALSE	FALSE	0	-	-	-	-	-	-
gene_558	mRNA_558	OTHER	FALSE	1.000000	0.000001		FALSE	FALSE	0	-	-	-	-	-	-
gene_559	mRNA_559	OTHER	FALSE	1.000000	0.000000		TRUE	TRUE	3	2.4.1.11:48	GT3(19-655)	GT3_e0(20-610)	GT3	GT3_e0	-
gene_560	mRNA_560	OTHER	FALSE	1.000000	0.000001		TRUE	FALSE	1	-	-	-	GH27	-	-
gene_561	mRNA_561	OTHER	FALSE	1.000000	0.000000		FALSE	FALSE	0	-	-	-	-	-	-
gene_562	mRNA_562	OTHER	FALSE	1.000000	0.000001		FALSE	FALSE	0	-	-	-	-	-	-
gene_563	mRNA_563	OTHER	FALSE	0.998927	0.001085		FALSE	FALSE	0	-	-	-	-	-	-
gene_564	mRNA_564	OTHER	FALSE	1.000000	0.000000		FALSE	FALSE	0	-	-	-	-	-	-
gene_565	mRNA_565	OTHER	FALSE	1.000000	0.000000		FALSE	FALSE	0	-	-	-	-	-	-
gene_566	mRNA_566	OTHER	FALSE	1.000000	0.000008		FALSE	FALSE	0	-	-	-	-	-	-
gene_567	mRNA_567	OTHER	FALSE	1.000000	0.000000		FALSE	FALSE	0	-	-	-	-	-	-
gene_568	mRNA_568	OTHER	FALSE	1.000000	0.000000		FALSE	FALSE	0	-	-	-	-	-	-
gene_569	mRNA_569	OTHER	FALSE	1.000000	0.000000		FALSE	FALSE	0	-	-	-	-	-	-
gene_570	mRNA_570	OTHER	FALSE	1.000000	0.000000		TRUE	FALSE	1	-	-	-	PL1_4+PL1_4	-	-
gene_571	mRNA_571	OTHER	FALSE	1.000000	0.000004		FALSE	FALSE	0	-	-	-	-	-	-
gene_572	mRNA_572	OTHER	FALSE	1.000000	0.000000		FALSE	FALSE	0	-	-	-	-	-	-
gene_573	mRNA_573	OTHER	FALSE	1.000000	0.000000		FALSE	FALSE	0	-	-	-	-	-	-
gene_574	mRNA_574	OTHER	FALSE	1.000000	0.000000		FALSE	FALSE	0	-	-	-	-	-	-
gene_575	mRNA_575	OTHER	FALSE	1.000000	0.000000		FALSE	FALSE	0	-	-	-	-	-	-
gene_576	mRNA_576	OTHER	FALSE	1.000000	0.000005		FALSE	FALSE	0	-	-	-	-	-	-
gene_577	mRNA_577	OTHER	FALSE	1.000000	0.000000		FALSE	FALSE	0	-	-	-	-	-	-
gene_578	mRNA_578	OTHER	FALSE	0.999916	0.000103		FALSE	FALSE	0	-	-	-	-	-	-
gene_579	mRNA_579	OTHER	FALSE	1.000000	0.000025		FALSE	FALSE	0	-	-	-	-	-	-
gene_580	mRNA_580	OTHER	FALSE	1.000000	0.000000		FALSE	FALSE	0	-	-	-	-	-	-
gene_581	mRNA_581	OTHER	FALSE	1.000000	0.000004		TRUE	FALSE	1	-	-	-	AA11	-	-
gene_582	mRNA_582	OTHER	FALSE	1.000000	0.000003		FALSE	FALSE	0	-	-	-	-	-	-
gene_583	mRNA_583	OTHER	FALSE	1.000000	0.000000		FALSE	FALSE	0	-	-	-	-	-	-
gene_584	mRNA_584	OTHER	FALSE	1.000000	0.000000		FALSE	FALSE	0	-	-	-	-	-	-
gene_585	mRNA_585	OTHER	FALSE	1.000000	0.000000		FALSE	FALSE	0	-	-	-	-	-	-
gene_586	mRNA_586	OTHER	FALSE	1.000000	0.000000		FALSE	FALSE	0	-	-	-	-	-	-
gene_587	mRNA_587	OTHER	FALSE	1.000000	0.000000		FALSE	FALSE	0	-	-	-	-	-	-
gene_588	mRNA_588	OTHER	FALSE	1.000000	0.000000		FALSE	FALSE	0	-	-	-	-	-	-
gene_589	mRNA_589	OTHER	FALSE	1.000000	0.000000		FALSE	FALSE	0	-	-	-	-	-	-
gene_590	mRNA_590	OTHER	FALSE	1.000000	0.000000		TRUE	FALSE	1	-	-	-	GT1	-	-
gene_591	mRNA_591	OTHER	FALSE	1.000000	0.000002		FALSE	FALSE	0	-	-	-	-	-	-
gene_592	mRNA_592	OTHER	FALSE	0.691237	0.308768		TRUE	TRUE	3	2.4.1.131:20;2.4.1.-:1	GT15(74-352)	GT15_e0(76-352)	GT15	GT15_e0	-
gene_593	mRNA_593	OTHER	FALSE	1.000000	0.000000		TRUE	FALSE	1	-	-	-	GH18	-	-
gene_594	mRNA_594	OTHER	FALSE	1.000000	0.000000		FALSE	FALSE	0	-	-	-	-	-	-
gene_595	mRNA_595	OTHER	FALSE	1.000000	0.000000		FALSE	FALSE	0	-	-	-	-	-	-
gene_596	mRNA_596	OTHER	FALSE	1.000000	0.000010		TRUE	FALSE	1	-	-	-	GH3	-	-
gene_597	mRNA_597	OTHER	FALSE	1.000000	0.000001		FALSE	FALSE	0	-	-	-	-	-	-
gene_598	mRNA_598	OTHER	FALSE	1.000000	0.000001		FALSE	FALSE	0	-	-	-	-	-	-
gene_599	mRNA_599	OTHER	FALSE	1.000000	0.000000		FALSE	FALSE	0	-	-	-	-	-	-
gene_600	mRNA_600	OTHER	FALSE	1.000000	0.000000		FALSE	FALSE	0	-	-	-	-	-	-
gene_601	mRNA_601	OTHER	FALSE	1.000000	0.000018		FALSE	FALSE	0	-	-	-	-	-	-
gene_602	mRNA_602	OTHER	FALSE	1.000000	0.000000		FALSE	FALSE	0	-	-	-	-	-	-
gene_603	mRNA_603	OTHER	FALSE	1.000000	0.000000		FALSE	FALSE	0	-	-	-	-	-	-
gene_604	mRNA_604	OTHER	FALSE	1.000000	0.000000		FALSE	FALSE	0	-	-	-	-	-	-
gene_605	mRNA_605	OTHER	FALSE	1.000000	0.000001		FALSE	FALSE	0	-	-	-	-	-	-
gene_606	mRNA_606	OTHER	FALSE	1.000000	0.000000		FALSE	FALSE	0	-	-	-	-	-	-
gene_607	mRNA_607	OTHER	FALSE	1.000000	0.000010		FALSE	FALSE	0	-	-	-	-	-	-
gene_608	mRNA_608	OTHER	FALSE	1.000000	0.000004		FALSE	FALSE	0	-	-	-	-	-	-
gene_609	mRNA_609	OTHER	FALSE	0.999951	0.000054		FALSE	FALSE	0	-	-	-	-	-	-
gene_610	mRNA_610	OTHER	FALSE	1.000000	0.000000		FALSE	FALSE	0	-	-	-	-	-	-
gene_611	mRNA_611	OTHER	FALSE	1.000000	0.000023		FALSE	FALSE	0	-	-	-	-	-	-
gene_612	mRNA_612	OTHER	FALSE	1.000000	0.000000		FALSE	FALSE	0	-	-	-	-	-	-
gene_613	mRNA_613	OTHER	FALSE	1.000000	0.000000		FALSE	FALSE	0	-	-	-	-	-	-
gene_614	mRNA_614	OTHER	FALSE	1.000000	0.000000		FALSE	FALSE	0	-	-	-	-	-	-
gene_615	mRNA_615	OTHER	FALSE	1.000000	0.000000		FALSE	FALSE	0	-	-	-	-	-	-
gene_616	mRNA_616	SP	TRUE	0.000211	0.999754	CS pos: 23-24. Pr: 0.9798	TRUE	TRUE	3	3.2.1.171:11	GH28(70-377)	GH28_e27(70-378)	GH28	GH28_e27	pectin
gene_617	mRNA_617	OTHER	FALSE	1.000000	0.000000		FALSE	FALSE	0	-	-	-	-	-	-
gene_618	mRNA_618	OTHER	FALSE	1.000000	0.000001		FALSE	FALSE	0	-	-	-	-	-	-
gene_619	mRNA_619	OTHER	FALSE	0.999961	0.000052		TRUE	FALSE	1	-	-	-	GH81	-	-
gene_620	mRNA_620	OTHER	FALSE	1.000000	0.000000		FALSE	FALSE	0	-	-	-	-	-	-
gene_621	mRNA_621	OTHER	FALSE	1.000000	0.000000		FALSE	FALSE	0	-	-	-	-	-	-
gene_622	mRNA_622	SP	TRUE	0.000309	0.999651	CS pos: 17-18. Pr: 0.9830	FALSE	FALSE	0	-	-	-	-	-	-
gene_623	mRNA_623	OTHER	FALSE	1.000000	0.000000		FALSE	FALSE	0	-	-	-	-	-	-
gene_624	mRNA_624	SP	TRUE	0.000226	0.999740	CS pos: 28-29. Pr: 0.9660	FALSE	FALSE	0	-	-	-	-	-	-
gene_625	mRNA_625	OTHER	FALSE	1.000000	0.000000		FALSE	FALSE	0	-	-	-	-	-	-
gene_626	mRNA_626	OTHER	FALSE	1.000000	0.000000		FALSE	FALSE	0	-	-	-	-	-	-
gene_627	mRNA_627	OTHER	FALSE	1.000000	0.000000		FALSE	FALSE	0	-	-	-	-	-	-
gene_628	mRNA_628	OTHER	FALSE	1.000000	0.000000		FALSE	FALSE	0	-	-	-	-	-	-
gene_629	mRNA_629	OTHER	FALSE	1.000000	0.000000		FALSE	FALSE	0	-	-	-	-	-	-
gene_630	mRNA_630	OTHER	FALSE	1.000000	0.000000		FALSE	FALSE	0	-	-	-	-	-	-
gene_631	mRNA_631	OTHER	FALSE	0.675938	0.324079		TRUE	TRUE	3	1.14.99.54:5;1.14.99.56:1	AA9(7-214)	AA9_e7(7-216)	AA9	AA9_e7	cellulose
gene_632	mRNA_632	OTHER	FALSE	1.000000	0.000025		FALSE	FALSE	0	-	-	-	-	-	-
gene_633	mRNA_633	OTHER	FALSE	1.000000	0.000003		FALSE	FALSE	0	-	-	-	-	-	-
gene_634	mRNA_634	OTHER	FALSE	1.000000	0.000000		FALSE	FALSE	0	-	-	-	-	-	-
gene_635	mRNA_635	OTHER	FALSE	1.000000	0.000004		FALSE	FALSE	0	-	-	-	-	-	-
gene_636	mRNA_636	SP	TRUE	0.000721	0.999233	CS pos: 15-16. Pr: 0.9376	TRUE	TRUE	3	3.1.1.-:1	CE12(18-235)	CE12_e43(19-235)	CE12	CE12_e43	xylan
gene_637	mRNA_637	OTHER	FALSE	1.000000	0.000000		FALSE	FALSE	0	-	-	-	-	-	-
gene_638	mRNA_638	OTHER	FALSE	1.000000	0.000001		FALSE	FALSE	0	-	-	-	-	-	-
gene_639	mRNA_639	OTHER	FALSE	1.000000	0.000000		FALSE	FALSE	0	-	-	-	-	-	-
gene_640	mRNA_640	OTHER	FALSE	0.999858	0.000170		FALSE	FALSE	0	-	-	-	-	-	-
gene_641	mRNA_641	OTHER	FALSE	1.000000	0.000000		FALSE	FALSE	0	-	-	-	-	-	-
gene_642	mRNA_642	OTHER	FALSE	0.999458	0.000542		FALSE	FALSE	0	-	-	-	-	-	-
gene_643	mRNA_643	OTHER	FALSE	1.000000	0.000001		FALSE	FALSE	0	-	-	-	-	-	-
gene_644	mRNA_644	OTHER	FALSE	1.000000	0.000000		FALSE	FALSE	0	-	-	-	-	-	-
gene_645	mRNA_645	OTHER	FALSE	1.000000	0.000000		FALSE	FALSE	0	-	-	-	-	-	-
gene_646	mRNA_646	OTHER	FALSE	1.000000	0.000001		FALSE	FALSE	0	-	-	-	-	-	-
gene_647	mRNA_647	OTHER	FALSE	1.000000	0.000001		FALSE	FALSE	0	-	-	-	-	-	-
gene_648	mRNA_648	SP	TRUE	0.000210	0.999765	CS pos: 17-18. Pr: 0.9719	TRUE	TRUE	3	3.2.1.4:2;3.2.1.132:6;3.2.1.176:83	GH7(19-452)	GH7_e0(20-452)	GH7	GH7_e0	cellulose;chitosan
gene_649	mRNA_649	OTHER	FALSE	1.000000	0.000003		FALSE	FALSE	0	-	-	-	-	-	-
gene_650	mRNA_650	OTHER	FALSE	1.000000	0.000000		FALSE	FALSE	0	-	-	-	-	-	-
gene_651	mRNA_651	OTHER	FALSE	1.000000	0.000000		FALSE	FALSE	0	-	-	-	-	-	-
gene_652	mRNA_652	OTHER	FALSE	1.000000	0.000000		FALSE	FALSE	0	-	-	-	-	-	-
gene_653	mRNA_653	OTHER	FALSE	1.000000	0.000000		FALSE	FALSE	0	-	-	-	-	-	-
gene_654	mRNA_654	OTHER	FALSE	1.000000	0.000000		FALSE	FALSE	0	-	-	-	-	-	-
gene_655	mRNA_655	OTHER	FALSE	1.000000	0.000000		FALSE	FALSE	0	-	-	-	-	-	-
gene_656	mRNA_656	OTHER	FALSE	1.000000	0.000000		FALSE	FALSE	0	-	-	-	-	-	-
gene_657	mRNA_657	OTHER	FALSE	1.000000	0.000001		FALSE	FALSE	0	-	-	-	-	-	-
gene_658	mRNA_658	OTHER	FALSE	1.000000	0.000016		FALSE	FALSE	0	-	-	-	-	-	-
gene_659	mRNA_659	OTHER	FALSE	0.997735	0.002316		FALSE	FALSE	0	-	-	-	-	-	-
gene_660	mRNA_660	OTHER	FALSE	1.000000	0.000000		TRUE	FALSE	1	-	-	-	GH5_9+GH5_9	-	-
gene_661	mRNA_661	OTHER	FALSE	1.000000	0.000006		FALSE	FALSE	0	-	-	-	-	-	-
gene_662	mRNA_662	OTHER	FALSE	0.980633	0.019388		FALSE	FALSE	0	-	-	-	-	-	-
gene_663	mRNA_663	OTHER	FALSE	1.000000	0.000001		FALSE	FALSE	0	-	-	-	-	-	-
gene_664	mRNA_664	OTHER	FALSE	1.000000	0.000001		FALSE	FALSE	0	-	-	-	-	-	-
gene_665	mRNA_665	OTHER	FALSE	1.000000	0.000000		FALSE	FALSE	0	-	-	-	-	-	-
gene_666	mRNA_666	OTHER	FALSE	0.999571	0.000456		TRUE	FALSE	1	-	-	-	CBM1+CE1	-	-
gene_667	mRNA_667	OTHER	FALSE	1.000000	0.000000		TRUE	FALSE	1	-	-	-	GH27	-	-
gene_668	mRNA_668	OTHER	FALSE	1.000000	0.000000		TRUE	FALSE	1	-	-	-	GH3	-	-
gene_669	mRNA_669	OTHER	FALSE	0.999914	0.000122		FALSE	FALSE	0	-	-	-	-	-	-
gene_670	mRNA_670	OTHER	FALSE	1.000000	0.000000		FALSE	FALSE	0	-	-	-	-	-	-
gene_671	mRNA_671	OTHER	FALSE	1.000000	0.000000		FALSE	FALSE	0	-	-	-	-	-	-
gene_672	mRNA_672	SP	TRUE	0.000242	0.999740	CS pos: 19-20. Pr: 0.9781	FALSE	FALSE	0	-	-	-	-	-	-
gene_673	mRNA_673	SP	TRUE	0.000200	0.999764	CS pos: 27-28. Pr: 0.9451	FALSE	FALSE	0	-	-	-	-	-	-
gene_674	mRNA_674	OTHER	FALSE	1.000000	0.000000		FALSE	FALSE	0	-	-	-	-	-	-
gene_675	mRNA_675	OTHER	FALSE	1.000000	0.000000		FALSE	FALSE	0	-	-	-	-	-	-
gene_676	mRNA_676	OTHER	FALSE	1.000000	0.000000		FALSE	FALSE	0	-	-	-	-	-	-
gene_677	mRNA_677	OTHER	FALSE	1.000000	0.000000		TRUE	FALSE	1	-	-	-	GH25	-	-
gene_678	mRNA_678	OTHER	FALSE	1.000000	0.000000		FALSE	FALSE	0	-	-	-	-	-	-
gene_679	mRNA_679	OTHER	FALSE	0.999927	0.000090		TRUE	FALSE	1	-	-	-	GH10	-	-
gene_680	mRNA_680	OTHER	FALSE	1.000000	0.000000		FALSE	FALSE	0	-	-	-	-	-	-
gene_681	mRNA_681	OTHER	FALSE	1.000000	0.000000		FALSE	FALSE	0	-	-	-	-	-	-
gene_682	mRNA_682	OTHER	FALSE	1.000000	0.000001		FALSE	FALSE	0	-	-	-	-	-	-
gene_683	mRNA_683	OTHER	FALSE	1.000000	0.000000		FALSE	FALSE	0	-	-	-	-	-	-
gene_684	mRNA_684	OTHER	FALSE	1.000000	0.000000		FALSE	FALSE	0	-	-	-	-	-	-
gene_685	mRNA_685	OTHER	FALSE	0.999900	0.000126		FALSE	FALSE	0	-	-	-	-	-	-
gene_686	mRNA_686	OTHER	FALSE	1.000000	0.000001		FALSE	FALSE	0	-	-	-	-	-	-
gene_687	mRNA_687	OTHER	FALSE	1.000000	0.000000		FALSE	FALSE	0	-	-	-	-	-	-
gene_688	mRNA_688	OTHER	FALSE	1.000000	0.000000		FALSE	FALSE	0	-	-	-	-	-	-
gene_689	mRNA_689	OTHER	FALSE	1.000000	0.000000		FALSE	FALSE	0	-	-	-	-	-	-
gene_690	mRNA_690	OTHER	FALSE	1.000000	0.000006		FALSE	FALSE	0	-	-	-	-	-	-
gene_691	mRNA_691	OTHER	FALSE	1.000000	0.000001		FALSE	FALSE	0	-	-	-	-	-	-
gene_692	mRNA_692	OTHER	FALSE	1.000000	0.000000		FALSE	FALSE	0	-	-	-	-	-	-
gene_693	mRNA_693	OTHER	FALSE	1.000000	0.000001		TRUE	FALSE	1	-	-	-	GH47	-	-
gene_694	mRNA_694	OTHER	FALSE	1.000000	0.000013		FALSE	FALSE	0	-	-	-	-	-	-
gene_695	mRNA_695	OTHER	FALSE	1.000000	0.000000		FALSE	FALSE	0	-	-	-	-	-	-
gene_696	mRNA_696	OTHER	FALSE	1.000000	0.000000		FALSE	FALSE	0	-	-	-	-	-	-
gene_697	mRNA_697	OTHER	FALSE	1.000000	0.000000		FALSE	FALSE	0	-	-	-	-	-	-
gene_698	mRNA_698	OTHER	FALSE	1.000000	0.000000		FALSE	FALSE	0	-	-	-	-	-	-
gene_699	mRNA_699	OTHER	FALSE	1.000000	0.000000		FALSE	FALSE	0	-	-	-	-	-	-
gene_700	mRNA_700	OTHER	FALSE	1.000000	0.000001		FALSE	FALSE	0	-	-	-	-	-	-
gene_701	mRNA_701	OTHER	FALSE	1.000000	0.000002		FALSE	FALSE	0	-	-	-	-	-	-
gene_702	mRNA_702	OTHER	FALSE	0.999652	0.000360		FALSE	FALSE	0	-	-	-	-	-	-
gene_703	mRNA_703	OTHER	FALSE	1.000000	0.000000		FALSE	FALSE	0	-	-	-	-	-	-
gene_704	mRNA_704	SP	TRUE	0.006522	0.993426	CS pos: 41-42. Pr: 0.4054	FALSE	FALSE	0	-	-	-	-	-	-
gene_705	mRNA_705	SP	TRUE	0.000273	0.999705	CS pos: 18-19. Pr: 0.9571	TRUE	TRUE	3	-|-	GH35(29-364)	GH35_e22(31-364)+CBM67_e19(734-884)	GH35	GH35_e22|CBM67_e19	rhamnose
gene_706	mRNA_706	OTHER	FALSE	1.000000	0.000000		FALSE	FALSE	0	-	-	-	-	-	-
gene_707	mRNA_707	OTHER	FALSE	1.000000	0.000000		FALSE	FALSE	0	-	-	-	-	-	-
gene_708	mRNA_708	OTHER	FALSE	1.000000	0.000000		FALSE	FALSE	0	-	-	-	-	-	-
gene_709	mRNA_709	OTHER	FALSE	1.000000	0.000000		FALSE	FALSE	0	-	-	-	-	-	-
gene_710	mRNA_710	SP	TRUE	0.000540	0.999412	CS pos: 24-25. Pr: 0.9450	FALSE	FALSE	0	-	-	-	-	-	-
gene_711	mRNA_711	OTHER	FALSE	1.000000	0.000000		TRUE	FALSE	1	-	-	-	CE16	-	-
gene_712	mRNA_712	OTHER	FALSE	1.000000	0.000000		FALSE	FALSE	0	-	-	-	-	-	-
gene_713	mRNA_713	OTHER	FALSE	1.000000	0.000000		FALSE	FALSE	0	-	-	-	-	-	-
gene_714	mRNA_714	OTHER	FALSE	1.000000	0.000001		TRUE	FALSE	1	-	-	-	GT39	-	-
gene_715	mRNA_715	OTHER	FALSE	1.000000	0.000000		FALSE	FALSE	0	-	-	-	-	-	-
gene_716	mRNA_716	OTHER	FALSE	1.000000	0.000000		FALSE	FALSE	0	-	-	-	-	-	-
gene_717	mRNA_717	OTHER	FALSE	1.000000	0.000000		FALSE	FALSE	0	-	-	-	-	-	-
gene_718	mRNA_718	OTHER	FALSE	0.999489	0.000511		FALSE	FALSE	0	-	-	-	-	-	-
gene_719	mRNA_719	OTHER	FALSE	1.000000	0.000000		FALSE	FALSE	0	-	-	-	-	-	-
gene_720	mRNA_720	OTHER	FALSE	1.000000	0.000012		FALSE	FALSE	0	-	-	-	-	-	-
gene_721	mRNA_721	OTHER	FALSE	1.000000	0.000000		FALSE	FALSE	0	-	-	-	-	-	-
gene_722	mRNA_722	OTHER	FALSE	1.000000	0.000001		FALSE	FALSE	0	-	-	-	-	-	-
gene_723	mRNA_723	OTHER	FALSE	1.000000	0.000000		FALSE	FALSE	0	-	-	-	-	-	-
gene_724	mRNA_724	OTHER	FALSE	1.000000	0.000000		FALSE	FALSE	0	-	-	-	-	-	-
gene_725	mRNA_725	OTHER	FALSE	1.000000	0.000000		FALSE	FALSE	0	-	-	-	-	-	-
gene_726	mRNA_726	OTHER	FALSE	1.000000	0.000003		FALSE	FALSE	0	-	-	-	-	-	-
gene_727	mRNA_727	OTHER	FALSE	1.000000	0.000009		TRUE	FALSE	1	-	-	-	GT8	-	-
gene_728	mRNA_728	OTHER	FALSE	1.000000	0.000000		FALSE	FALSE	0	-	-	-	-	-	-
gene_729	mRNA_729	OTHER	FALSE	1.000000	0.000000		FALSE	FALSE	0	-	-	-	-	-	-
gene_730	mRNA_730	OTHER	FALSE	1.000000	0.000000		FALSE	FALSE	0	-	-	-	-	-	-
gene_731	mRNA_731	OTHER	FALSE	1.000000	0.000000		FALSE	FALSE	0	-	-	-	-	-	-
gene_732	mRNA_732	OTHER	FALSE	1.000000	0.000000		TRUE	FALSE	1	-	-	-	GH154	-	-
gene_733	mRNA_733	OTHER	FALSE	1.000000	0.000000		FALSE	FALSE	0	-	-	-	-	-	-
gene_734	mRNA_734	OTHER	FALSE	1.000000	0.000000		FALSE	FALSE	0	-	-	-	-	-	-
gene_735	mRNA_735	OTHER	FALSE	1.000000	0.000000		FALSE	FALSE	0	-	-	-	-	-	-
gene_736	mRNA_736	OTHER	FALSE	1.000000	0.000000		FALSE	FALSE	0	-	-	-	-	-	-
gene_737	mRNA_737	SP	TRUE	0.000889	0.999089	CS pos: 15-16. Pr: 0.9525	FALSE	FALSE	0	-	-	-	-	-	-
gene_738	mRNA_738	SP	TRUE	0.000921	0.999035	CS pos: 21-22. Pr: 0.9636	TRUE	TRUE	3	3.2.1.21:13	GH3(91-304)	GH3_e180(93-305)	GH3	GH3_e180	beta-glucan
gene_739	mRNA_739	OTHER	FALSE	1.000000	0.000000		FALSE	FALSE	0	-	-	-	-	-	-
gene_740	mRNA_740	OTHER	FALSE	1.000000	0.000024		FALSE	FALSE	0	-	-	-	-	-	-
gene_741	mRNA_741	OTHER	FALSE	1.000000	0.000000		FALSE	FALSE	0	-	-	-	-	-	-
gene_742	mRNA_742	OTHER	FALSE	0.993128	0.006911		FALSE	FALSE	0	-	-	-	-	-	-
gene_743	mRNA_743	OTHER	FALSE	1.000000	0.000001		FALSE	FALSE	0	-	-	-	-	-	-
gene_744	mRNA_744	OTHER	FALSE	1.000000	0.000000		FALSE	FALSE	0	-	-	-	-	-	-
gene_745	mRNA_745	OTHER	FALSE	1.000000	0.000001		FALSE	FALSE	0	-	-	-	-	-	-
gene_746	mRNA_746	OTHER	FALSE	1.000000	0.000000		FALSE	FALSE	0	-	-	-	-	-	-
gene_747	mRNA_747	OTHER	FALSE	1.000000	0.000000		FALSE	FALSE	0	-	-	-	-	-	-
gene_748	mRNA_748	OTHER	FALSE	1.000000	0.000000		FALSE	FALSE	0	-	-	-	-	-	-
gene_749	mRNA_749	OTHER	FALSE	1.000000	0.000000		FALSE	FALSE	0	-	-	-	-	-	-
gene_750	mRNA_750	OTHER	FALSE	1.000000	0.000000		FALSE	FALSE	0	-	-	-	-	-	-
gene_751	mRNA_751	OTHER	FALSE	0.999101	0.000946		FALSE	FALSE	0	-	-	-	-	-	-
gene_752	mRNA_752	OTHER	FALSE	1.000000	0.000000		FALSE	FALSE	0	-	-	-	-	-	-
gene_753	mRNA_753	OTHER	FALSE	1.000000	0.000020		TRUE	FALSE	1	-	-	-	GT90	-	-
gene_754	mRNA_754	OTHER	FALSE	1.000000	0.000001		FALSE	FALSE	0	-	-	-	-	-	-
gene_755	mRNA_755	OTHER	FALSE	1.000000	0.000000		FALSE	FALSE	0	-	-	-	-	-	-
gene_756	mRNA_756	OTHER	FALSE	1.000000	0.000000		FALSE	FALSE	0	-	-	-	-	-	-
gene_757	mRNA_757	OTHER	FALSE	1.000000	0.000026		FALSE	FALSE	0	-	-	-	-	-	-
gene_758	mRNA_758	OTHER	FALSE	1.000000	0.000000		FALSE	FALSE	0	-	-	-	-	-	-
gene_759	mRNA_759	OTHER	FALSE	0.995791	0.004219		FALSE	FALSE	0	-	-	-	-	-	-
gene_760	mRNA_760	OTHER	FALSE	1.000000	0.000000		FALSE	FALSE	0	-	-	-	-	-	-
gene_761	mRNA_761	OTHER	FALSE	1.000000	0.000000		FALSE	FALSE	0	-	-	-	-	-	-
gene_762	mRNA_762	OTHER	FALSE	1.000000	0.000001		FALSE	FALSE	0	-	-	-	-	-	-
gene_763	mRNA_763	OTHER	FALSE	1.000000	0.000000		FALSE	FALSE	0	-	-	-	-	-	-
gene_764	mRNA_764	OTHER	FALSE	1.000000	0.000004		FALSE	FALSE	0	-	-	-	-	-	-
gene_765	mRNA_765	OTHER	FALSE	1.000000	0.000032		FALSE	FALSE	0	-	-	-	-	-	-
gene_766	mRNA_766	OTHER	FALSE	1.000000	0.000000		FALSE	FALSE	0	-	-	-	-	-	-
gene_767	mRNA_767	OTHER	FALSE	1.000000	0.000000		FALSE	FALSE	0	-	-	-	-	-	-
gene_768	mRNA_768	OTHER	FALSE	1.000000	0.000030		FALSE	FALSE	0	-	-	-	-	-	-
gene_769	mRNA_769	OTHER	FALSE	1.000000	0.000000		FALSE	FALSE	0	-	-	-	-	-	-
gene_770	mRNA_770	OTHER	FALSE	1.000000	0.000000		FALSE	FALSE	0	-	-	-	-	-	-
gene_771	mRNA_771	OTHER	FALSE	1.000000	0.000065		FALSE	FALSE	0	-	-	-	-	-	-
gene_772	mRNA_772	OTHER	FALSE	1.000000	0.000004		TRUE	TRUE	3	-	GH16_22(8-101)	GH16_e291(5-103)	GH16	GH16_22	-
gene_773	mRNA_773	OTHER	FALSE	1.000000	0.000021		FALSE	FALSE	0	-	-	-	-	-	-
gene_774	mRNA_774	OTHER	FALSE	1.000000	0.000002		FALSE	FALSE	0	-	-	-	-	-	-
gene_775	mRNA_775	OTHER	FALSE	1.000000	0.000000		FALSE	FALSE	0	-	-	-	-	-	-
gene_776	mRNA_776	OTHER	FALSE	1.000000	0.000000		FALSE	FALSE	0	-	-	-	-	-	-
gene_777	mRNA_777	OTHER	FALSE	1.000000	0.000000		FALSE	FALSE	0	-	-	-	-	-	-
gene_778	mRNA_778	OTHER	FALSE	1.000000	0.000000		FALSE	FALSE	0	-	-	-	-	-	-
gene_779	mRNA_779	OTHER	FALSE	0.999108	0.000923		FALSE	FALSE	0	-	-	-	-	-	-
gene_780	mRNA_780	OTHER	FALSE	1.000000	0.000000		FALSE	FALSE	0	-	-	-	-	-	-
gene_781	mRNA_781	OTHER	FALSE	0.998861	0.001133		FALSE	FALSE	0	-	-	-	-	-	-
gene_782	mRNA_782	OTHER	FALSE	1.000000	0.000000		TRUE	FALSE	1	-	-	-	GH16_18+GH16_18+CBM50	-	-
gene_783	mRNA_783	OTHER	FALSE	1.000000	0.000000		FALSE	FALSE	0	-	-	-	-	-	-
gene_784	mRNA_784	OTHER	FALSE	1.000000	0.000000		FALSE	FALSE	0	-	-	-	-	-	-
gene_785	mRNA_785	OTHER	FALSE	1.000000	0.000000		FALSE	FALSE	0	-	-	-	-	-	-
gene_786	mRNA_786	OTHER	FALSE	1.000000	0.000000		FALSE	FALSE	0	-	-	-	-	-	-
gene_787	mRNA_787	OTHER	FALSE	1.000000	0.000000		FALSE	FALSE	0	-	-	-	-	-	-
gene_788	mRNA_788	OTHER	FALSE	1.000000	0.000006		FALSE	FALSE	0	-	-	-	-	-	-
gene_789	mRNA_789	OTHER	FALSE	0.999975	0.000050		FALSE	FALSE	0	-	-	-	-	-	-
gene_790	mRNA_790	OTHER	FALSE	1.000000	0.000000		FALSE	FALSE	0	-	-	-	-	-	-
gene_791	mRNA_791	OTHER	FALSE	1.000000	0.000000		FALSE	FALSE	0	-	-	-	-	-	-
gene_792	mRNA_792	OTHER	FALSE	0.998506	0.001510		FALSE	FALSE	0	-	-	-	-	-	-
gene_793	mRNA_793	OTHER	FALSE	1.000000	0.000000		FALSE	FALSE	0	-	-	-	-	-	-
gene_794	mRNA_794	OTHER	FALSE	1.000000	0.000000		FALSE	FALSE	0	-	-	-	-	-	-
gene_795	mRNA_795	SP	TRUE	0.001423	0.998564	CS pos: 14-15. Pr: 0.6391	FALSE	FALSE	0	-	-	-	-	-	-
gene_796	mRNA_796	OTHER	FALSE	1.000000	0.000001		FALSE	FALSE	0	-	-	-	-	-	-
gene_797	mRNA_797	OTHER	FALSE	1.000000	0.000000		FALSE	FALSE	0	-	-	-	-	-	-
gene_798	mRNA_798	OTHER	FALSE	1.000000	0.000000		FALSE	FALSE	0	-	-	-	-	-	-
gene_799	mRNA_799	OTHER	FALSE	1.000000	0.000000		FALSE	FALSE	0	-	-	-	-	-	-
gene_800	mRNA_800	OTHER	FALSE	1.000000	0.000000		FALSE	FALSE	0	-	-	-	-	-	-
gene_801	mRNA_801	OTHER	FALSE	0.998961	0.001062		FALSE	FALSE	0	-	-	-	-	-	-
gene_802	mRNA_802	OTHER	FALSE	1.000000	0.000014		FALSE	FALSE	0	-	-	-	-	-	-
gene_803	mRNA_803	OTHER	FALSE	1.000000	0.000008		FALSE	FALSE	0	-	-	-	-	-	-
gene_804	mRNA_804	OTHER	FALSE	1.000000	0.000000		FALSE	FALSE	0	-	-	-	-	-	-
gene_805	mRNA_805	OTHER	FALSE	0.999934	0.000094		FALSE	FALSE	0	-	-	-	-	-	-
gene_806	mRNA_806	OTHER	FALSE	1.000000	0.000000		FALSE	FALSE	0	-	-	-	-	-	-
gene_807	mRNA_807	OTHER	FALSE	1.000000	0.000001		FALSE	FALSE	0	-	-	-	-	-	-
gene_808	mRNA_808	OTHER	FALSE	1.000000	0.000009		FALSE	FALSE	0	-	-	-	-	-	-
gene_809	mRNA_809	OTHER	FALSE	1.000000	0.000000		FALSE	FALSE	0	-	-	-	-	-	-
gene_810	mRNA_810	OTHER	FALSE	1.000000	0.000000		FALSE	FALSE	0	-	-	-	-	-	-
gene_811	mRNA_811	OTHER	FALSE	1.000000	0.000000		FALSE	FALSE	0	-	-	-	-	-	-
gene_812	mRNA_812	OTHER	FALSE	1.000000	0.000000		FALSE	FALSE	0	-	-	-	-	-	-
gene_813	mRNA_813	OTHER	FALSE	1.000000	0.000000		FALSE	FALSE	0	-	-	-	-	-	-
gene_814	mRNA_814	OTHER	FALSE	1.000000	0.000000		FALSE	FALSE	0	-	-	-	-	-	-
gene_815	mRNA_815	OTHER	FALSE	0.999910	0.000070		FALSE	FALSE	0	-	-	-	-	-	-
gene_816	mRNA_816	OTHER	FALSE	1.000000	0.000000		FALSE	FALSE	0	-	-	-	-	-	-
gene_817	mRNA_817	OTHER	FALSE	0.937638	0.062366		FALSE	FALSE	0	-	-	-	-	-	-
gene_818	mRNA_818	OTHER	FALSE	1.000000	0.000000		FALSE	FALSE	0	-	-	-	-	-	-
gene_819	mRNA_819	OTHER	FALSE	1.000000	0.000000		FALSE	FALSE	0	-	-	-	-	-	-
gene_820	mRNA_820	OTHER	FALSE	1.000000	0.000000		FALSE	FALSE	0	-	-	-	-	-	-
gene_821	mRNA_821	OTHER	FALSE	1.000000	0.000006		FALSE	FALSE	0	-	-	-	-	-	-
gene_822	mRNA_822	OTHER	FALSE	1.000000	0.000001		TRUE	FALSE	1	-	-	-	CE5	-	-
gene_823	mRNA_823	OTHER	FALSE	1.000000	0.000000		FALSE	FALSE	0	-	-	-	-	-	-
gene_824	mRNA_824	OTHER	FALSE	1.000000	0.000000		FALSE	FALSE	0	-	-	-	-	-	-
gene_825	mRNA_825	OTHER	FALSE	1.000000	0.000000		TRUE	FALSE	1	-	-	-	GH6	-	-
gene_826	mRNA_826	OTHER	FALSE	1.000000	0.000004		FALSE	FALSE	0	-	-	-	-	-	-
gene_827	mRNA_827	OTHER	FALSE	1.000000	0.000000		FALSE	FALSE	0	-	-	-	-	-	-
gene_828	mRNA_828	OTHER	FALSE	1.000000	0.000000		TRUE	FALSE	1	-	-	-	GT2	-	-
gene_829	mRNA_829	OTHER	FALSE	1.000000	0.000000		FALSE	FALSE	0	-	-	-	-	-	-
gene_830	mRNA_830	SP	TRUE	0.000292	0.999704	CS pos: 20-21. Pr: 0.9776	FALSE	FALSE	0	-	-	-	-	-	-
gene_831	mRNA_831	OTHER	FALSE	1.000000	0.000000		FALSE	FALSE	0	-	-	-	-	-	-
gene_832	mRNA_832	OTHER	FALSE	1.000000	0.000000		TRUE	FALSE	1	-	-	-	GH79	-	-
gene_833	mRNA_833	OTHER	FALSE	1.000000	0.000002		FALSE	FALSE	0	-	-	-	-	-	-
gene_834	mRNA_834	OTHER	FALSE	1.000000	0.000008		FALSE	FALSE	0	-	-	-	-	-	-
gene_835	mRNA_835	OTHER	FALSE	0.997899	0.002107		FALSE	FALSE	0	-	-	-	-	-	-
gene_836	mRNA_836	OTHER	FALSE	1.000000	0.000000		FALSE	FALSE	0	-	-	-	-	-	-
gene_837	mRNA_837	OTHER	FALSE	1.000000	0.000000		FALSE	FALSE	0	-	-	-	-	-	-
gene_838	mRNA_838	OTHER	FALSE	1.000000	0.000000		FALSE	FALSE	0	-	-	-	-	-	-
gene_839	mRNA_839	OTHER	FALSE	0.999692	0.000357		FALSE	FALSE	0	-	-	-	-	-	-
gene_840	mRNA_840	OTHER	FALSE	1.000000	0.000000		FALSE	FALSE	0	-	-	-	-	-	-
gene_841	mRNA_841	OTHER	FALSE	1.000000	0.000000		FALSE	FALSE	0	-	-	-	-	-	-
gene_842	mRNA_842	OTHER	FALSE	1.000000	0.000000		FALSE	FALSE	0	-	-	-	-	-	-
gene_843	mRNA_843	OTHER	FALSE	1.000000	0.000000		FALSE	FALSE	0	-	-	-	-	-	-
gene_844	mRNA_844	OTHER	FALSE	1.000000	0.000000		FALSE	FALSE	0	-	-	-	-	-	-
gene_845	mRNA_845	OTHER	FALSE	1.000000	0.000000		FALSE	FALSE	0	-	-	-	-	-	-
gene_846	mRNA_846	OTHER	FALSE	0.998264	0.001777		FALSE	FALSE	0	-	-	-	-	-	-
gene_847	mRNA_847	OTHER	FALSE	0.999268	0.000743		FALSE	FALSE	0	-	-	-	-	-	-
gene_848	mRNA_848	OTHER	FALSE	0.999099	0.000909		FALSE	FALSE	0	-	-	-	-	-	-
gene_849	mRNA_849	OTHER	FALSE	1.000000	0.000000		FALSE	FALSE	0	-	-	-	-	-	-
gene_850	mRNA_850	OTHER	FALSE	1.000000	0.000001		FALSE	FALSE	0	-	-	-	-	-	-
gene_851	mRNA_851	OTHER	FALSE	1.000000	0.000001		TRUE	FALSE	1	-	-	-	GT32	-	-
gene_852	mRNA_852	OTHER	FALSE	1.000000	0.000000		FALSE	FALSE	0	-	-	-	-	-	-
gene_853	mRNA_853	OTHER	FALSE	1.000000	0.000000		FALSE	FALSE	0	-	-	-	-	-	-
gene_854	mRNA_854	OTHER	FALSE	1.000000	0.000000		FALSE	FALSE	0	-	-	-	-	-	-
gene_855	mRNA_855	OTHER	FALSE	1.000000	0.000012		FALSE	FALSE	0	-	-	-	-	-	-
gene_856	mRNA_856	OTHER	FALSE	1.000000	0.000004		FALSE	FALSE	0	-	-	-	-	-	-
gene_857	mRNA_857	OTHER	FALSE	1.000000	0.000000		FALSE	FALSE	0	-	-	-	-	-	-
gene_858	mRNA_858	OTHER	FALSE	1.000000	0.000003		FALSE	FALSE	0	-	-	-	-	-	-
gene_859	mRNA_859	OTHER	FALSE	1.000000	0.000000		FALSE	FALSE	0	-	-	-	-	-	-
gene_860	mRNA_860	SP	TRUE	0.001281	0.998693	CS pos: 19-20. Pr: 0.8303	FALSE	FALSE	0	-	-	-	-	-	-
gene_861	mRNA_861	OTHER	FALSE	1.000000	0.000001		FALSE	FALSE	0	-	-	-	-	-	-
gene_862	mRNA_862	OTHER	FALSE	1.000000	0.000000		FALSE	FALSE	0	-	-	-	-	-	-
gene_863	mRNA_863	OTHER	FALSE	1.000000	0.000000		FALSE	FALSE	0	-	-	-	-	-	-
gene_864	mRNA_864	OTHER	FALSE	1.000000	0.000000		FALSE	FALSE	0	-	-	-	-	-	-
gene_865	mRNA_865	OTHER	FALSE	0.999941	0.000111		TRUE	FALSE	1	-	-	-	GH3	-	-
gene_866	mRNA_866	OTHER	FALSE	1.000000	0.000000		FALSE	FALSE	0	-	-	-	-	-	-
gene_867	mRNA_867	OTHER	FALSE	1.000000	0.000001		FALSE	FALSE	0	-	-	-	-	-	-
gene_868	mRNA_868	OTHER	FALSE	1.000000	0.000000		FALSE	FALSE	0	-	-	-	-	-	-
gene_869	mRNA_869	OTHER	FALSE	1.000000	0.000000		FALSE	FALSE	0	-	-	-	-	-	-
gene_870	mRNA_870	OTHER	FALSE	0.938716	0.061301		TRUE	TRUE	3	-	GT90(338-611)	GT90_e20(339-612)	GT90	GT90_e20	-
gene_871	mRNA_871	OTHER	FALSE	1.000000	0.000000		FALSE	FALSE	0	-	-	-	-	-	-
gene_872	mRNA_872	OTHER	FALSE	0.999997	0.000018		FALSE	FALSE	0	-	-	-	-	-	-
gene_873	mRNA_873	OTHER	FALSE	1.000000	0.000000		FALSE	FALSE	0	-	-	-	-	-	-
gene_874	mRNA_874	OTHER	FALSE	1.000000	0.000000		TRUE	FALSE	1	-	-	-	CBM18+CBM18+CBM18+CE4	-	-
gene_875	mRNA_875	OTHER	FALSE	0.999977	0.000090		FALSE	FALSE	0	-	-	-	-	-	-
gene_876	mRNA_876	OTHER	FALSE	1.000000	0.000000		FALSE	FALSE	0	-	-	-	-	-	-
gene_877	mRNA_877	OTHER	FALSE	1.000000	0.000000		FALSE	FALSE	0	-	-	-	-	-	-
gene_878	mRNA_878	OTHER	FALSE	1.000000	0.000009		TRUE	FALSE	1	-	-	-	GT3	-	-
gene_879	mRNA_879	OTHER	FALSE	1.000000	0.000000		TRUE	FALSE	1	-	-	-	GH12	-	-
gene_880	mRNA_880	OTHER	FALSE	1.000000	0.000000		FALSE	FALSE	0	-	-	-	-	-	-
gene_881	mRNA_881	OTHER	FALSE	1.000000	0.000000		FALSE	FALSE	0	-	-	-	-	-	-
gene_882	mRNA_882	OTHER	FALSE	1.000000	0.000000		TRUE	FALSE	1	-	-	-	GH105	-	-
gene_883	mRNA_883	OTHER	FALSE	0.999915	0.000130		FALSE	FALSE	0	-	-	-	-	-	-
gene_884	mRNA_884	OTHER	FALSE	1.000000	0.000000		FALSE	FALSE	0	-	-	-	-	-	-
gene_885	mRNA_885	OTHER	FALSE	1.000000	0.000000		FALSE	FALSE	0	-	-	-	-	-	-
gene_886	mRNA_886	OTHER	FALSE	1.000000	0.000000		FALSE	FALSE	0	-	-	-	-	-	-
gene_887	mRNA_887	OTHER	FALSE	1.000000	0.000001		TRUE	FALSE	1	-	-	-	CE9	-	-
gene_888	mRNA_888	OTHER	FALSE	1.000000	0.000000		TRUE	FALSE	1	-	-	-	GH31_3+GH31_3	-	-
gene_889	mRNA_889	OTHER	FALSE	1.000000	0.000001		FALSE	FALSE	0	-	-	-	-	-	-
gene_890	mRNA_890	OTHER	FALSE	1.000000	0.000000		FALSE	FALSE	0	-	-	-	-	-	-
gene_891	mRNA_891	OTHER	FALSE	1.000000	0.000002		FALSE	FALSE	0	-	-	-	-	-	-
gene_892	mRNA_892	SP	TRUE	0.001649	0.998323	CS pos: 25-26. Pr: 0.9462	FALSE	FALSE	0	-	-	-	-	-	-
gene_893	mRNA_893	OTHER	FALSE	1.000000	0.000000		FALSE	FALSE	0	-	-	-	-	-	-
gene_894	mRNA_894	OTHER	FALSE	1.000000	0.000003		FALSE	FALSE	0	-	-	-	-	-	-
gene_895	mRNA_895	OTHER	FALSE	1.000000	0.000000		TRUE	FALSE	1	-	-	-	GH10	-	-
gene_896	mRNA_896	OTHER	FALSE	1.000000	0.000000		FALSE	FALSE	0	-	-	-	-	-	-
gene_897	mRNA_897	OTHER	FALSE	1.000000	0.000000		FALSE	FALSE	0	-	-	-	-	-	-
gene_898	mRNA_898	OTHER	FALSE	1.000000	0.000000		FALSE	FALSE	0	-	-	-	-	-	-
gene_899	mRNA_899	OTHER	FALSE	1.000000	0.000000		FALSE	FALSE	0	-	-	-	-	-	-
gene_900	mRNA_900	OTHER	FALSE	1.000000	0.000000		FALSE	FALSE	0	-	-	-	-	-	-
gene_901	mRNA_901	OTHER	FALSE	1.000000	0.000000		FALSE	FALSE	0	-	-	-	-	-	-
gene_902	mRNA_902	OTHER	FALSE	1.000000	0.000003		FALSE	FALSE	0	-	-	-	-	-	-
gene_903	mRNA_903	OTHER	FALSE	1.000000	0.000000		FALSE	FALSE	0	-	-	-	-	-	-
gene_904	mRNA_904	OTHER	FALSE	1.000000	0.000000		TRUE	FALSE	1	-	-	-	GH16_22+GH16_22	-	-
gene_905	mRNA_905	OTHER	FALSE	1.000000	0.000001		FALSE	FALSE	0	-	-	-	-	-	-
gene_906	mRNA_906	OTHER	FALSE	1.000000	0.000000		FALSE	FALSE	0	-	-	-	-	-	-
gene_907	mRNA_907	OTHER	FALSE	1.000000	0.000000		FALSE	FALSE	0	-	-	-	-	-	-
gene_908	mRNA_908	OTHER	FALSE	1.000000	0.000000		FALSE	FALSE	0	-	-	-	-	-	-
gene_909	mRNA_909	OTHER	FALSE	0.986899	0.013112		FALSE	FALSE	0	-	-	-	-	-	-
gene_910	mRNA_910	OTHER	FALSE	1.000000	0.000000		FALSE	FALSE	0	-	-	-	-	-	-
gene_911	mRNA_911	OTHER	FALSE	1.000000	0.000000		FALSE	FALSE	0	-	-	-	-	-	-
gene_912	mRNA_912	OTHER	FALSE	1.000000	0.000000		FALSE	FALSE	0	-	-	-	-	-	-
gene_913	mRNA_913	OTHER	FALSE	1.000000	0.000002		FALSE	FALSE	0	-	-	-	-	-	-
gene_914	mRNA_914	OTHER	FALSE	1.000000	0.000000		FALSE	FALSE	0	-	-	-	-	-	-
gene_915	mRNA_915	OTHER	FALSE	1.000000	0.000027		FALSE	FALSE	0	-	-	-	-	-	-
gene_916	mRNA_916	OTHER	FALSE	1.000000	0.000000		FALSE	FALSE	0	-	-	-	-	-	-
gene_917	mRNA_917	OTHER	FALSE	0.999252	0.000797		FALSE	FALSE	0	-	-	-	-	-	-
gene_918	mRNA_918	OTHER	FALSE	1.000000	0.000002		FALSE	FALSE	0	-	-	-	-	-	-
gene_919	mRNA_919	OTHER	FALSE	1.000000	0.000000		FALSE	FALSE	0	-	-	-	-	-	-
gene_920	mRNA_920	OTHER	FALSE	0.999955	0.000059		FALSE	FALSE	0	-	-	-	-	-	-
gene_921	mRNA_921	OTHER	FALSE	1.000000	0.000001		FALSE	FALSE	0	-	-	-	-	-	-
gene_922	mRNA_922	OTHER	FALSE	1.000000	0.000004		FALSE	FALSE	0	-	-	-	-	-	-
gene_923	mRNA_923	OTHER	FALSE	0.999445	0.000594		FALSE	FALSE	0	-	-	-	-	-	-
gene_924	mRNA_924	OTHER	FALSE	1.000000	0.000000		FALSE	FALSE	0	-	-	-	-	-	-
gene_925	mRNA_925	OTHER	FALSE	0.999292	0.000738		TRUE	FALSE	1	-	-	-	GH125	-	-
gene_926	mRNA_926	OTHER	FALSE	1.000000	0.000000		FALSE	FALSE	0	-	-	-	-	-	-
gene_927	mRNA_927	SP	TRUE	0.000331	0.999651	CS pos: 20-21. Pr: 0.8649	TRUE	FALSE	1	-	-	-	GH29	-	-
gene_928	mRNA_928	SP	TRUE	0.000237	0.999737	CS pos: 21-22. Pr: 0.7114	TRUE	TRUE	3	-	GH29(334-701)	GH29_e66(334-702)	GH29	GH29_e66	host glycan
gene_929	mRNA_929	OTHER	FALSE	1.000000	0.000000		TRUE	FALSE	1	-	-	-	GH0	-	-
gene_930	mRNA_930	OTHER	FALSE	1.000000	0.000000		FALSE	FALSE	0	-	-	-	-	-	-
gene_931	mRNA_931	OTHER	FALSE	0.999788	0.000239		FALSE	FALSE	0	-	-	-	-	-	-
gene_932	mRNA_932	OTHER	FALSE	1.000000	0.000000		FALSE	FALSE	0	-	-	-	-	-	-
gene_933	mRNA_933	OTHER	FALSE	1.000000	0.000000		FALSE	FALSE	0	-	-	-	-	-	-
gene_934	mRNA_934	OTHER	FALSE	1.000000	0.000001		FALSE	FALSE	0	-	-	-	-	-	-
gene_935	mRNA_935	OTHER	FALSE	1.000000	0.000000		FALSE	FALSE	0	-	-	-	-	-	-
gene_936	mRNA_936	OTHER	FALSE	1.000000	0.000000		FALSE	FALSE	0	-	-	-	-	-	-
gene_937	mRNA_937	OTHER	FALSE	0.994864	0.005160		TRUE	FALSE	1	-	-	-	GT0	-	-
gene_938	mRNA_938	OTHER	FALSE	1.000000	0.000005		FALSE	FALSE	0	-	-	-	-	-	-
gene_939	mRNA_939	OTHER	FALSE	1.000000	0.000000		FALSE	FALSE	0	-	-	-	-	-	-
gene_940	mRNA_940	OTHER	FALSE	1.000000	0.000000		FALSE	FALSE	0	-	-	-	-	-	-
gene_941	mRNA_941	OTHER	FALSE	1.000000	0.000000		FALSE	FALSE	0	-	-	-	-	-	-
gene_942	mRNA_942	OTHER	FALSE	1.000000	0.000000		FALSE	FALSE	0	-	-	-	-	-	-
gene_943	mRNA_943	OTHER	FALSE	1.000000	0.000000		TRUE	FALSE	1	-	-	-	CBM14	-	-
gene_944	mRNA_944	OTHER	FALSE	1.000000	0.000000		FALSE	FALSE	0	-	-	-	-	-	-
gene_945	mRNA_945	OTHER	FALSE	1.000000	0.000000		FALSE	FALSE	0	-	-	-	-	-	-
gene_946	mRNA_946	OTHER	FALSE	0.999820	0.000225		FALSE	FALSE	0	-	-	-	-	-	-
gene_947	mRNA_947	OTHER	FALSE	1.000000	0.000000		FALSE	FALSE	0	-	-	-	-	-	-
gene_948	mRNA_948	OTHER	FALSE	1.000000	0.000000		FALSE	FALSE	0	-	-	-	-	-	-
gene_949	mRNA_949	OTHER	FALSE	1.000000	0.000000		FALSE	FALSE	0	-	-	-	-	-	-
gene_950	mRNA_950	OTHER	FALSE	1.000000	0.000000		TRUE	FALSE	1	-	-	-	GH16	-	-
gene_951	mRNA_951	OTHER	FALSE	1.000000	0.000011		FALSE	FALSE	0	-	-	-	-	-	-
gene_952	mRNA_952	OTHER	FALSE	1.000000	0.000001		TRUE	FALSE	1	-	-	-	GT20	-	-
gene_953	mRNA_953	OTHER	FALSE	1.000000	0.000000		FALSE	FALSE	0	-	-	-	-	-	-
gene_954	mRNA_954	OTHER	FALSE	1.000000	0.000000		TRUE	FALSE	1	-	-	-	GH72	-	-
gene_955	mRNA_955	OTHER	FALSE	1.000000	0.000001		TRUE	FALSE	1	-	-	-	GH18	-	-
gene_956	mRNA_956	OTHER	FALSE	1.000000	0.000006		TRUE	FALSE	1	-	-	-	GH13_22+GH13_22+GT5	-	-
gene_957	mRNA_957	OTHER	FALSE	1.000000	0.000000		FALSE	FALSE	0	-	-	-	-	-	-
gene_958	mRNA_958	SP	TRUE	0.000374	0.999582	CS pos: 16-17. Pr: 0.9704	FALSE	FALSE	0	-	-	-	-	-	-
gene_959	mRNA_959	OTHER	FALSE	1.000000	0.000000		FALSE	FALSE	0	-	-	-	-	-	-
gene_960	mRNA_960	OTHER	FALSE	1.000000	0.000006		FALSE	FALSE	0	-	-	-	-	-	-
gene_961	mRNA_961	OTHER	FALSE	1.000000	0.000000		FALSE	FALSE	0	-	-	-	-	-	-
gene_962	mRNA_962	OTHER	FALSE	0.984823	0.015210		FALSE	FALSE	0	-	-	-	-	-	-
gene_963	mRNA_963	OTHER	FALSE	1.000000	0.000000		TRUE	FALSE	1	-	-	-	GH13_22+GH13_22+GT5	-	-
gene_964	mRNA_964	OTHER	FALSE	0.999980	0.000061		FALSE	FALSE	0	-	-	-	-	-	-
gene_965	mRNA_965	OTHER	FALSE	1.000000	0.000001		TRUE	FALSE	1	-	-	-	GH15+CBM20	-	-
gene_966	mRNA_966	OTHER	FALSE	1.000000	0.000000		FALSE	FALSE	0	-	-	-	-	-	-
gene_967	mRNA_967	OTHER	FALSE	1.000000	0.000000		FALSE	FALSE	0	-	-	-	-	-	-
gene_968	mRNA_968	OTHER	FALSE	1.000000	0.000002		TRUE	FALSE	1	-	-	-	GH43_26+GH43_26	-	-
gene_969	mRNA_969	OTHER	FALSE	1.000000	0.000000		TRUE	FALSE	1	-	-	-	PL7_4+PL7_4	-	-
gene_970	mRNA_970	OTHER	FALSE	1.000000	0.000002		FALSE	FALSE	0	-	-	-	-	-	-
gene_971	mRNA_971	OTHER	FALSE	1.000000	0.000007		FALSE	FALSE	0	-	-	-	-	-	-
gene_972	mRNA_972	OTHER	FALSE	1.000000	0.000000		FALSE	FALSE	0	-	-	-	-	-	-
gene_973	mRNA_973	OTHER	FALSE	1.000000	0.000003		TRUE	TRUE	3	-|-	GT2(222-390)	GT2(223-390)+GT2(419-682)	GT2	GT2|GT2	-
gene_974	mRNA_974	OTHER	FALSE	0.999841	0.000166		FALSE	FALSE	0	-	-	-	-	-	-
gene_975	mRNA_975	OTHER	FALSE	1.000000	0.000000		TRUE	FALSE	1	-	-	-	GT2	-	-
gene_976	mRNA_976	OTHER	FALSE	1.000000	0.000000		FALSE	FALSE	0	-	-	-	-	-	-
gene_977	mRNA_977	OTHER	FALSE	1.000000	0.000000		TRUE	FALSE	1	-	-	-	GH3	-	-
gene_978	mRNA_978	OTHER	FALSE	0.999893	0.000134		FALSE	FALSE	0	-	-	-	-	-	-
gene_979	mRNA_979	OTHER	FALSE	1.000000	0.000000		FALSE	FALSE	0	-	-	-	-	-	-
gene_980	mRNA_980	OTHER	FALSE	1.000000	0.000000		FALSE	FALSE	0	-	-	-	-	-	-
gene_981	mRNA_981	OTHER	FALSE	1.000000	0.000023		FALSE	FALSE	0	-	-	-	-	-	-
gene_982	mRNA_982	OTHER	FALSE	1.000000	0.000000		FALSE	FALSE	0	-	-	-	-	-	-
gene_983	mRNA_983	SP	TRUE	0.000211	0.999782	CS pos: 17-18. Pr: 0.9864	FALSE	FALSE	0	-	-	-	-	-	-
gene_984	mRNA_984	OTHER	FALSE	1.000000	0.000001		TRUE	FALSE	1	-	-	-	AA3_2+AA3_2	-	-
gene_985	mRNA_985	OTHER	FALSE	1.000000	0.000000		FALSE	FALSE	0	-	-	-	-	-	-
gene_986	mRNA_986	OTHER	FALSE	1.000000	0.000011		FALSE	FALSE	0	-	-	-	-	-	-
gene_987	mRNA_987	OTHER	FALSE	1.000000	0.000000		FALSE	FALSE	0	-	-	-	-	-	-
gene_988	mRNA_988	OTHER	FALSE	1.000000	0.000001		TRUE	FALSE	1	-	-	-	GT57	-	-
gene_989	mRNA_989	OTHER	FALSE	1.000000	0.000000		TRUE	TRUE	3	2.4.1.265:13;2.4.1.-:9	GT57(17-495)	GT57_e1(18-496)	GT57	GT57_e1	-
gene_990	mRNA_990	SP	TRUE	0.000298	0.999685	CS pos: 21-22. Pr: 0.9626	FALSE	FALSE	0	-	-	-	-	-	-
gene_991	mRNA_991	OTHER	FALSE	1.000000	0.000000		FALSE	FALSE	0	-	-	-	-	-	-
gene_992	mRNA_992	OTHER	FALSE	1.000000	0.000000		FALSE	FALSE	0	-	-	-	-	-	-
gene_993	mRNA_993	OTHER	FALSE	1.000000	0.000000		FALSE	FALSE	0	-	-	-	-	-	-
gene_994	mRNA_994	OTHER	FALSE	1.000000	0.000000		FALSE	FALSE	0	-	-	-	-	-	-
gene_995	mRNA_995	OTHER	FALSE	1.000000	0.000001		FALSE	FALSE	0	-	-	-	-	-	-
gene_996	mRNA_996	OTHER	FALSE	0.999838	0.000158		FALSE	FALSE	0	-	-	-	-	-	-
gene_997	mRNA_997	OTHER	FALSE	1.000000	0.000000		FALSE	FALSE	0	-	-	-	-	-	-
gene_998	mRNA_998	OTHER	FALSE	1.000000	0.000000		TRUE	FALSE	1	-	-	-	GH79	-	-
gene_999	mRNA_999	OTHER	FALSE	1.000000	0.000000		TRUE	FALSE	1	-	-	-	CE5	-	-
gene_1000	mRNA_1000	OTHER	FALSE	1.000000	0.000002		FALSE	FALSE	0	-	-	-	-	-	-
gene_1001	mRNA_1001	OTHER	FALSE	1.000000	0.000000		FALSE	FALSE	0	-	-	-	-	-	-
gene_1002	mRNA_1002	OTHER	FALSE	1.000000	0.000000		FALSE	FALSE	0	-	-	-	-	-	-
gene_1003	mRNA_1003	OTHER	FALSE	1.000000	0.000000		TRUE	FALSE	1	-	-	-	GT35	-	-
gene_1004	mRNA_1004	OTHER	FALSE	1.000000	0.000000		TRUE	TRUE	3	2.4.1.1:158	GT35(160-877)	GT35_e0(160-877)	GT35	GT35_e0	-
gene_1005	mRNA_1005	OTHER	FALSE	1.000000	0.000000		FALSE	FALSE	0	-	-	-	-	-	-
gene_1006	mRNA_1006	OTHER	FALSE	1.000000	0.000001		FALSE	FALSE	0	-	-	-	-	-	-
gene_1007	mRNA_1007	OTHER	FALSE	1.000000	0.000000		FALSE	FALSE	0	-	-	-	-	-	-
gene_1008	mRNA_1008	OTHER	FALSE	1.000000	0.000000		FALSE	FALSE	0	-	-	-	-	-	-
gene_1009	mRNA_1009	OTHER	FALSE	1.000000	0.000000		FALSE	FALSE	0	-	-	-	-	-	-
gene_1010	mRNA_1010	OTHER	FALSE	0.996594	0.003433		FALSE	FALSE	0	-	-	-	-	-	-
gene_1011	mRNA_1011	OTHER	FALSE	1.000000	0.000000		FALSE	FALSE	0	-	-	-	-	-	-
gene_1012	mRNA_1012	OTHER	FALSE	1.000000	0.000000		TRUE	FALSE	1	-	-	-	GT8	-	-
gene_1013	mRNA_1013	OTHER	FALSE	1.000000	0.000000		FALSE	FALSE	0	-	-	-	-	-	-
gene_1014	mRNA_1014	OTHER	FALSE	1.000000	0.000000		FALSE	FALSE	0	-	-	-	-	-	-
gene_1015	mRNA_1015	OTHER	FALSE	1.000000	0.000016		FALSE	FALSE	0	-	-	-	-	-	-
gene_1016	mRNA_1016	OTHER	FALSE	1.000000	0.000000		TRUE	FALSE	1	-	-	-	CBM50	-	-
gene_1017	mRNA_1017	OTHER	FALSE	1.000000	0.000000		FALSE	FALSE	0	-	-	-	-	-	-
gene_1018	mRNA_1018	OTHER	FALSE	1.000000	0.000001		FALSE	FALSE	0	-	-	-	-	-	-
gene_1019	mRNA_1019	OTHER	FALSE	1.000000	0.000002		TRUE	FALSE	1	-	-	-	GH18	-	-
gene_1020	mRNA_1020	OTHER	FALSE	1.000000	0.000000		FALSE	FALSE	0	-	-	-	-	-	-
gene_1021	mRNA_1021	OTHER	FALSE	1.000000	0.000024		FALSE	FALSE	0	-	-	-	-	-	-
gene_1022	mRNA_1022	OTHER	FALSE	0.999795	0.000238		FALSE	FALSE	0	-	-	-	-	-	-
gene_1023	mRNA_1023	OTHER	FALSE	0.999784	0.000229		FALSE	FALSE	0	-	-	-	-	-	-
gene_1024	mRNA_1024	OTHER	FALSE	1.000000	0.000000		FALSE	FALSE	0	-	-	-	-	-	-
gene_1025	mRNA_1025	OTHER	FALSE	1.000000	0.000002		FALSE	FALSE	0	-	-	-	-	-	-
gene_1026	mRNA_1026	SP	TRUE	0.000632	0.999337	CS pos: 18-19. Pr: 0.9666	FALSE	FALSE	0	-	-	-	-	-	-
gene_1027	mRNA_1027	OTHER	FALSE	1.000000	0.000020		FALSE	FALSE	0	-	-	-	-	-	-
gene_1028	mRNA_1028	SP	TRUE	0.003880	0.996111	CS pos: 23-24. Pr: 0.9597	FALSE	FALSE	0	-	-	-	-	-	-
gene_1029	mRNA_1029	OTHER	FALSE	0.977550	0.022462		FALSE	FALSE	0	-	-	-	-	-	-
gene_1030	mRNA_1030	OTHER	FALSE	1.000000	0.000003		TRUE	FALSE	1	-	-	-	AA3	-	-
gene_1031	mRNA_1031	OTHER	FALSE	1.000000	0.000003		FALSE	FALSE	0	-	-	-	-	-	-
gene_1032	mRNA_1032	OTHER	FALSE	1.000000	0.000000		FALSE	FALSE	0	-	-	-	-	-	-
gene_1033	mRNA_1033	OTHER	FALSE	0.999909	0.000104		FALSE	FALSE	0	-	-	-	-	-	-
gene_1034	mRNA_1034	OTHER	FALSE	1.000000	0.000000		FALSE	FALSE	0	-	-	-	-	-	-
gene_1035	mRNA_1035	OTHER	FALSE	1.000000	0.000000		FALSE	FALSE	0	-	-	-	-	-	-
gene_1036	mRNA_1036	OTHER	FALSE	1.000000	0.000000		FALSE	FALSE	0	-	-	-	-	-	-
gene_1037	mRNA_1037	OTHER	FALSE	1.000000	0.000001		TRUE	FALSE	1	-	-	-	GH47	-	-
gene_1038	mRNA_1038	OTHER	FALSE	0.998028	0.001995		FALSE	FALSE	0	-	-	-	-	-	-
gene_1039	mRNA_1039	OTHER	FALSE	1.000000	0.000000		FALSE	FALSE	0	-	-	-	-	-	-
gene_1040	mRNA_1040	OTHER	FALSE	1.000000	0.000000		FALSE	FALSE	0	-	-	-	-	-	-
gene_1041	mRNA_1041	OTHER	FALSE	1.000000	0.000000		FALSE	FALSE	0	-	-	-	-	-	-
gene_1042	mRNA_1042	OTHER	FALSE	1.000000	0.000001		TRUE	FALSE	1	-	-	-	GT0	-	-
gene_1043	mRNA_1043	OTHER	FALSE	0.999777	0.000227		FALSE	FALSE	0	-	-	-	-	-	-
gene_1044	mRNA_1044	SP	TRUE	0.000262	0.999744	CS pos: 22-23. Pr: 0.9820	FALSE	FALSE	0	-	-	-	-	-	-
gene_1045	mRNA_1045	OTHER	FALSE	0.999979	0.000032		FALSE	FALSE	0	-	-	-	-	-	-
gene_1046	mRNA_1046	OTHER	FALSE	1.000000	0.000000		FALSE	FALSE	0	-	-	-	-	-	-
gene_1047	mRNA_1047	OTHER	FALSE	1.000000	0.000000		FALSE	FALSE	0	-	-	-	-	-	-
gene_1048	mRNA_1048	OTHER	FALSE	0.928172	0.071862		TRUE	FALSE	1	-	-	-	GH76	-	-
gene_1049	mRNA_1049	OTHER	FALSE	1.000000	0.000004		FALSE	FALSE	0	-	-	-	-	-	-
gene_1050	mRNA_1050	OTHER	FALSE	1.000000	0.000000		FALSE	FALSE	0	-	-	-	-	-	-
gene_1051	mRNA_1051	OTHER	FALSE	1.000000	0.000000		FALSE	FALSE	0	-	-	-	-	-	-
gene_1052	mRNA_1052	OTHER	FALSE	1.000000	0.000011		FALSE	FALSE	0	-	-	-	-	-	-
gene_1053	mRNA_1053	OTHER	FALSE	0.999984	0.000029		FALSE	FALSE	0	-	-	-	-	-	-
gene_1054	mRNA_1054	OTHER	FALSE	0.998186	0.001849		TRUE	TRUE	3	3.2.1.40:1|3.1.1.73:2;3.2.1.40:8	CBM67(127-305)+GH78(332-885)	CBM67_e28(126-306)+GH78_e80(332-887)	GH78	CBM67_e28|GH78_e80	-;alpha-rhamnoside;rhamnose
gene_1055	mRNA_1055	OTHER	FALSE	0.999962	0.000081		TRUE	FALSE	1	-	-	-	GT22	-	-
gene_1056	mRNA_1056	OTHER	FALSE	1.000000	0.000017		TRUE	FALSE	1	-	-	-	GH95	-	-
gene_1057	mRNA_1057	OTHER	FALSE	0.999886	0.000194		FALSE	FALSE	0	-	-	-	-	-	-
gene_1058	mRNA_1058	OTHER	FALSE	1.000000	0.000000		FALSE	FALSE	0	-	-	-	-	-	-
gene_1059	mRNA_1059	OTHER	FALSE	1.000000	0.000018		FALSE	FALSE	0	-	-	-	-	-	-
gene_1060	mRNA_1060	OTHER	FALSE	1.000000	0.000000		FALSE	FALSE	0	-	-	-	-	-	-
gene_1061	mRNA_1061	OTHER	FALSE	0.999198	0.000802		FALSE	FALSE	0	-	-	-	-	-	-
gene_1062	mRNA_1062	OTHER	FALSE	1.000000	0.000001		FALSE	FALSE	0	-	-	-	-	-	-
gene_1063	mRNA_1063	SP	TRUE	0.000211	0.999780	CS pos: 16-17. Pr: 0.9770	TRUE	TRUE	3	3.2.1.99:9	GH43_6(28-320)	GH43_e141(31-320)	GH43_6+GH43_6	GH43_6	arabinan
gene_1064	mRNA_1064	OTHER	FALSE	0.998205	0.001800		TRUE	TRUE	3	2.4.1.-:6	GT1(236-619)	GT1_e69(263-602)	GT1	GT1_e69	-
gene_1065	mRNA_1065	OTHER	FALSE	1.000000	0.000000		FALSE	FALSE	0	-	-	-	-	-	-
gene_1066	mRNA_1066	SP	TRUE	0.000256	0.999741	CS pos: 29-30. Pr: 0.9744	FALSE	FALSE	0	-	-	-	-	-	-
gene_1067	mRNA_1067	OTHER	FALSE	0.985740	0.014294		FALSE	FALSE	0	-	-	-	-	-	-
gene_1068	mRNA_1068	OTHER	FALSE	1.000000	0.000000		FALSE	FALSE	0	-	-	-	-	-	-
gene_1069	mRNA_1069	OTHER	FALSE	1.000000	0.000018		FALSE	FALSE	0	-	-	-	-	-	-
gene_1070	mRNA_1070	OTHER	FALSE	1.000000	0.000001		FALSE	FALSE	0	-	-	-	-	-	-
gene_1071	mRNA_1071	OTHER	FALSE	1.000000	0.000000		FALSE	FALSE	0	-	-	-	-	-	-
gene_1072	mRNA_1072	OTHER	FALSE	1.000000	0.000000		FALSE	FALSE	0	-	-	-	-	-	-
gene_1073	mRNA_1073	OTHER	FALSE	1.000000	0.000023		FALSE	FALSE	0	-	-	-	-	-	-
gene_1074	mRNA_1074	OTHER	FALSE	1.000000	0.000000		FALSE	FALSE	0	-	-	-	-	-	-
gene_1075	mRNA_1075	OTHER	FALSE	1.000000	0.000000		TRUE	TRUE	3	-	CBM21(377-483)	CBM21_e9(378-485)	CBM21	CBM21_e9	alpha-glucan
gene_1076	mRNA_1076	OTHER	FALSE	1.000000	0.000002		FALSE	FALSE	0	-	-	-	-	-	-
gene_1077	mRNA_1077	SP	TRUE	0.000314	0.999655	CS pos: 16-17. Pr: 0.9715	FALSE	FALSE	0	-	-	-	-	-	-
gene_1078	mRNA_1078	OTHER	FALSE	1.000000	0.000000		FALSE	FALSE	0	-	-	-	-	-	-
gene_1079	mRNA_1079	SP	TRUE	0.000665	0.999321	CS pos: 20-21. Pr: 0.8893	TRUE	TRUE	3	-	CE1(36-197)	CE1_e39(37-226)	CE1	CE1_e39	-
gene_1080	mRNA_1080	OTHER	FALSE	0.999993	0.000060		FALSE	FALSE	0	-	-	-	-	-	-
gene_1081	mRNA_1081	OTHER	FALSE	1.000000	0.000000		TRUE	FALSE	1	-	-	-	GH26+CBM35	-	-
gene_1082	mRNA_1082	OTHER	FALSE	1.000000	0.000001		TRUE	FALSE	1	-	-	-	AA3_2+AA3_2	-	-
gene_1083	mRNA_1083	OTHER	FALSE	1.000000	0.000000		TRUE	FALSE	1	-	-	-	AA1_2+AA1_2	-	-
gene_1084	mRNA_1084	OTHER	FALSE	1.000000	0.000000		FALSE	FALSE	0	-	-	-	-	-	-
gene_1085	mRNA_1085	OTHER	FALSE	0.999723	0.000271		FALSE	FALSE	0	-	-	-	-	-	-
gene_1086	mRNA_1086	OTHER	FALSE	1.000000	0.000000		TRUE	FALSE	1	-	-	-	GH17	-	-
gene_1087	mRNA_1087	OTHER	FALSE	1.000000	0.000000		FALSE	FALSE	0	-	-	-	-	-	-
gene_1088	mRNA_1088	OTHER	FALSE	0.999905	0.000090		FALSE	FALSE	0	-	-	-	-	-	-
gene_1089	mRNA_1089	OTHER	FALSE	1.000000	0.000000		FALSE	FALSE	0	-	-	-	-	-	-
gene_1090	mRNA_1090	OTHER	FALSE	1.000000	0.000000		TRUE	FALSE	1	-	-	-	PL3_2+PL3_2	-	-
gene_1091	mRNA_1091	OTHER	FALSE	1.000000	0.000000		FALSE	FALSE	0	-	-	-	-	-	-
gene_1092	mRNA_1092	OTHER	FALSE	1.000000	0.000000		FALSE	FALSE	0	-	-	-	-	-	-
gene_1093	mRNA_1093	OTHER	FALSE	1.000000	0.000001		FALSE	FALSE	0	-	-	-	-	-	-
gene_1094	mRNA_1094	OTHER	FALSE	1.000000	0.000000		FALSE	FALSE	0	-	-	-	-	-	-
gene_1095	mRNA_1095	OTHER	FALSE	1.000000	0.000000		FALSE	FALSE	0	-	-	-	-	-	-
gene_1096	mRNA_1096	OTHER	FALSE	1.000000	0.000000		FALSE	FALSE	0	-	-	-	-	-	-
gene_1097	mRNA_1097	OTHER	FALSE	1.000000	0.000001		FALSE	FALSE	0	-	-	-	-	-	-
gene_1098	mRNA_1098	OTHER	FALSE	1.000000	0.000000		FALSE	FALSE	0	-	-	-	-	-	-
gene_1099	mRNA_1099	OTHER	FALSE	1.000000	0.000003		FALSE	FALSE	0	-	-	-	-	-	-
gene_1100	mRNA_1100	OTHER	FALSE	1.000000	0.000000		TRUE	FALSE	1	-	-	-	GH55_2+GH55_2	-	-
gene_1101	mRNA_1101	OTHER	FALSE	1.000000	0.000000		FALSE	FALSE	0	-	-	-	-	-	-
gene_1102	mRNA_1102	OTHER	FALSE	1.000000	0.000004		FALSE	FALSE	0	-	-	-	-	-	-
gene_1103	mRNA_1103	OTHER	FALSE	1.000000	0.000000		TRUE	FALSE	1	-	-	-	GH16_10+GH16_10	-	-
gene_1104	mRNA_1104	OTHER	FALSE	1.000000	0.000000		FALSE	FALSE	0	-	-	-	-	-	-
gene_1105	mRNA_1105	OTHER	FALSE	1.000000	0.000000		TRUE	FALSE	1	-	-	-	GT20	-	-
gene_1106	mRNA_1106	OTHER	FALSE	1.000000	0.000024		FALSE	FALSE	0	-	-	-	-	-	-
gene_1107	mRNA_1107	OTHER	FALSE	1.000000	0.000000		TRUE	FALSE	1	-	-	-	GT18	-	-
gene_1108	mRNA_1108	SP	TRUE	0.000270	0.999712	CS pos: 27-28. Pr: 0.4716	FALSE	FALSE	0	-	-	-	-	-	-
gene_1109	mRNA_1109	SP	TRUE	0.000358	0.999610	CS pos: 18-19. Pr: 0.9816	TRUE	TRUE	3	3.2.1.20:20	GH31_1(349-910)	GH31_e82(350-911)	GH31_1+GH31_1	GH31_1	alpha-glucan
gene_1110	mRNA_1110	OTHER	FALSE	0.999822	0.000181		TRUE	FALSE	1	-	-	-	AA1_3+AA1_3	-	-
gene_1111	mRNA_1111	OTHER	FALSE	1.000000	0.000000		TRUE	FALSE	1	-	-	-	CE4	-	-
gene_1112	mRNA_1112	SP	TRUE	0.000342	0.999621	CS pos: 18-19. Pr: 0.9234	FALSE	FALSE	0	-	-	-	-	-	-
gene_1113	mRNA_1113	OTHER	FALSE	1.000000	0.000000		TRUE	FALSE	1	-	-	-	GH3	-	-
gene_1114	mRNA_1114	OTHER	FALSE	1.000000	0.000002		TRUE	FALSE	1	-	-	-	GH16_1+GH16_1	-	-
gene_1115	mRNA_1115	OTHER	FALSE	1.000000	0.000000		FALSE	FALSE	0	-	-	-	-	-	-
gene_1116	mRNA_1116	OTHER	FALSE	1.000000	0.000000		FALSE	FALSE	0	-	-	-	-	-	-
gene_1117	mRNA_1117	OTHER	FALSE	1.000000	0.000000		FALSE	FALSE	0	-	-	-	-	-	-
gene_1118	mRNA_1118	OTHER	FALSE	1.000000	0.000000		FALSE	FALSE	0	-	-	-	-	-	-
gene_1119	mRNA_1119	OTHER	FALSE	1.000000	0.000000		TRUE	FALSE	1	-	-	-	GT31	-	-
gene_1120	mRNA_1120	OTHER	FALSE	1.000000	0.000000		FALSE	FALSE	0	-	-	-	-	-	-
gene_1121	mRNA_1121	OTHER	FALSE	1.000000	0.000000		FALSE	FALSE	0	-	-	-	-	-	-
gene_1122	mRNA_1122	OTHER	FALSE	1.000000	0.000000		FALSE	FALSE	0	-	-	-	-	-	-
gene_1123	mRNA_1123	OTHER	FALSE	1.000000	0.000001		FALSE	FALSE	0	-	-	-	-	-	-
gene_1124	mRNA_1124	OTHER	FALSE	1.000000	0.000000		FALSE	FALSE	0	-	-	-	-	-	-
gene_1125	mRNA_1125	OTHER	FALSE	1.000000	0.000000		TRUE	TRUE	3	2.4.1.173:23;2.4.1.-:3	GT1(517-825)	GT1_e153(403-838)	GT1	GT1_e153	-
gene_1126	mRNA_1126	OTHER	FALSE	1.000000	0.000001		FALSE	FALSE	0	-	-	-	-	-	-
gene_1127	mRNA_1127	OTHER	FALSE	1.000000	0.000019		FALSE	FALSE	0	-	-	-	-	-	-
gene_1128	mRNA_1128	OTHER	FALSE	1.000000	0.000004		FALSE	FALSE	0	-	-	-	-	-	-
gene_1129	mRNA_1129	OTHER	FALSE	0.999943	0.000080		TRUE	TRUE	3	-	AA2(94-346)	AA2_e1(95-347)	AA2	AA2_e1	lignin
gene_1130	mRNA_1130	OTHER	FALSE	1.000000	0.000000		TRUE	FALSE	1	-	-	-	AA2	-	-
gene_1131	mRNA_1131	OTHER	FALSE	1.000000	0.000000		FALSE	FALSE	0	-	-	-	-	-	-
gene_1132	mRNA_1132	OTHER	FALSE	0.999017	0.001032		FALSE	FALSE	0	-	-	-	-	-	-
gene_1133	mRNA_1133	OTHER	FALSE	1.000000	0.000016		FALSE	FALSE	0	-	-	-	-	-	-
gene_1134	mRNA_1134	OTHER	FALSE	1.000000	0.000000		FALSE	FALSE	0	-	-	-	-	-	-
gene_1135	mRNA_1135	OTHER	FALSE	1.000000	0.000000		FALSE	FALSE	0	-	-	-	-	-	-
gene_1136	mRNA_1136	OTHER	FALSE	1.000000	0.000000		FALSE	FALSE	0	-	-	-	-	-	-
gene_1137	mRNA_1137	OTHER	FALSE	1.000000	0.000000		FALSE	FALSE	0	-	-	-	-	-	-
gene_1138	mRNA_1138	OTHER	FALSE	0.998650	0.001387		FALSE	FALSE	0	-	-	-	-	-	-
gene_1139	mRNA_1139	OTHER	FALSE	1.000000	0.000000		FALSE	FALSE	0	-	-	-	-	-	-
gene_1140	mRNA_1140	OTHER	FALSE	0.999740	0.000284		FALSE	FALSE	0	-	-	-	-	-	-
gene_1141	mRNA_1141	OTHER	FALSE	1.000000	0.000000		FALSE	FALSE	0	-	-	-	-	-	-
gene_1142	mRNA_1142	OTHER	FALSE	1.000000	0.000000		FALSE	FALSE	0	-	-	-	-	-	-
gene_1143	mRNA_1143	OTHER	FALSE	1.000000	0.000000		FALSE	FALSE	0	-	-	-	-	-	-
gene_1144	mRNA_1144	OTHER	FALSE	1.000000	0.000000		FALSE	FALSE	0	-	-	-	-	-	-
gene_1145	mRNA_1145	OTHER	FALSE	1.000000	0.000016		FALSE	FALSE	0	-	-	-	-	-	-
gene_1146	mRNA_1146	OTHER	FALSE	1.000000	0.000000		FALSE	FALSE	0	-	-	-	-	-	-
gene_1147	mRNA_1147	OTHER	FALSE	0.999910	0.000130		FALSE	FALSE	0	-	-	-	-	-	-
gene_1148	mRNA_1148	OTHER	FALSE	1.000000	0.000000		FALSE	FALSE	0	-	-	-	-	-	-
gene_1149	mRNA_1149	OTHER	FALSE	1.000000	0.000000		TRUE	FALSE	1	-	-	-	GT62	-	-
gene_1150	mRNA_1150	OTHER	FALSE	0.999532	0.000480		TRUE	TRUE	3	-	GT62(97-360)	GT62_e5(98-361)	GT62	GT62_e5	-
gene_1151	mRNA_1151	OTHER	FALSE	1.000000	0.000000		FALSE	FALSE	0	-	-	-	-	-	-
gene_1152	mRNA_1152	OTHER	FALSE	1.000000	0.000001		FALSE	FALSE	0	-	-	-	-	-	-
gene_1153	mRNA_1153	OTHER	FALSE	1.000000	0.000018		TRUE	FALSE	1	-	-	-	GH16_18+GH16_18	-	-
gene_1154	mRNA_1154	OTHER	FALSE	1.000000	0.000000		FALSE	FALSE	0	-	-	-	-	-	-
gene_1155	mRNA_1155	OTHER	FALSE	1.000000	0.000000		FALSE	FALSE	0	-	-	-	-	-	-
gene_1156	mRNA_1156	OTHER	FALSE	0.998093	0.001914		FALSE	FALSE	0	-	-	-	-	-	-
gene_1157	mRNA_1157	OTHER	FALSE	1.000000	0.000004		FALSE	FALSE	0	-	-	-	-	-	-
gene_1158	mRNA_1158	OTHER	FALSE	0.959029	0.040978		FALSE	FALSE	0	-	-	-	-	-	-
gene_1159	mRNA_1159	OTHER	FALSE	1.000000	0.000001		FALSE	FALSE	0	-	-	-	-	-	-
gene_1160	mRNA_1160	OTHER	FALSE	1.000000	0.000000		FALSE	FALSE	0	-	-	-	-	-	-
gene_1161	mRNA_1161	OTHER	FALSE	0.999928	0.000083		TRUE	FALSE	1	-	-	-	CBM14	-	-
gene_1162	mRNA_1162	OTHER	FALSE	1.000000	0.000000		FALSE	FALSE	0	-	-	-	-	-	-
gene_1163	mRNA_1163	OTHER	FALSE	1.000000	0.000002		FALSE	FALSE	0	-	-	-	-	-	-
gene_1164	mRNA_1164	OTHER	FALSE	1.000000	0.000000		FALSE	FALSE	0	-	-	-	-	-	-
gene_1165	mRNA_1165	SP	TRUE	0.000250	0.999720	CS pos: 20-21. Pr: 0.9732	TRUE	TRUE	3	-	GH125(84-522)	GH125_e2(84-523)	GH125	GH125_e2	alpha-mannan
gene_1166	mRNA_1166	OTHER	FALSE	1.000000	0.000000		TRUE	FALSE	1	-	-	-	CE5	-	-
gene_1167	mRNA_1167	OTHER	FALSE	1.000000	0.000000		FALSE	FALSE	0	-	-	-	-	-	-
gene_1168	mRNA_1168	OTHER	FALSE	1.000000	0.000000		FALSE	FALSE	0	-	-	-	-	-	-
gene_1169	mRNA_1169	OTHER	FALSE	0.999934	0.000054		FALSE	FALSE	0	-	-	-	-	-	-
gene_1170	mRNA_1170	OTHER	FALSE	1.000000	0.000001		FALSE	FALSE	0	-	-	-	-	-	-
gene_1171	mRNA_1171	OTHER	FALSE	1.000000	0.000000		FALSE	FALSE	0	-	-	-	-	-	-
gene_1172	mRNA_1172	OTHER	FALSE	1.000000	0.000000		FALSE	FALSE	0	-	-	-	-	-	-
gene_1173	mRNA_1173	OTHER	FALSE	1.000000	0.000062		FALSE	FALSE	0	-	-	-	-	-	-
gene_1174	mRNA_1174	OTHER	FALSE	1.000000	0.000000		FALSE	FALSE	0	-	-	-	-	-	-
gene_1175	mRNA_1175	OTHER	FALSE	1.000000	0.000001		TRUE	FALSE	1	-	-	-	GH125	-	-
gene_1176	mRNA_1176	OTHER	FALSE	1.000000	0.000000		TRUE	FALSE	1	-	-	-	GH125	-	-
gene_1177	mRNA_1177	OTHER	FALSE	1.000000	0.000000		FALSE	FALSE	0	-	-	-	-	-	-
gene_1178	mRNA_1178	OTHER	FALSE	1.000000	0.000000		FALSE	FALSE	0	-	-	-	-	-	-
gene_1179	mRNA_1179	OTHER	FALSE	1.000000	0.000000		FALSE	FALSE	0	-	-	-	-	-	-
gene_1180	mRNA_1180	OTHER	FALSE	1.000000	0.000000		FALSE	FALSE	0	-	-	-	-	-	-
gene_1181	mRNA_1181	OTHER	FALSE	1.000000	0.000000		FALSE	FALSE	0	-	-	-	-	-	-
gene_1182	mRNA_1182	OTHER	FALSE	1.000000	0.000002		FALSE	FALSE	0	-	-	-	-	-	-
gene_1183	mRNA_1183	OTHER	FALSE	1.000000	0.000000		FALSE	FALSE	0	-	-	-	-	-	-
gene_1184	mRNA_1184	OTHER	FALSE	1.000000	0.000000		TRUE	TRUE	3	-|-	GT2(689-851)+GT2(829-1035)	GT2(690-852)+GT2(880-1129)	GT2	GT2|GT2	-
gene_1185	mRNA_1185	OTHER	FALSE	1.000000	0.000001		FALSE	FALSE	0	-	-	-	-	-	-
gene_1186	mRNA_1186	OTHER	FALSE	1.000000	0.000000		FALSE	FALSE	0	-	-	-	-	-	-
gene_1187	mRNA_1187	OTHER	FALSE	1.000000	0.000001		FALSE	FALSE	0	-	-	-	-	-	-
gene_1188	mRNA_1188	SP	TRUE	0.000423	0.999534	CS pos: 18-19. Pr: 0.9686	FALSE	FALSE	0	-	-	-	-	-	-
gene_1189	mRNA_1189	OTHER	FALSE	1.000000	0.000000		TRUE	FALSE	1	-	-	-	GH16_2	-	-
gene_1190	mRNA_1190	OTHER	FALSE	1.000000	0.000000		FALSE	FALSE	0	-	-	-	-	-	-
gene_1191	mRNA_1191	OTHER	FALSE	1.000000	0.000002		FALSE	FALSE	0	-	-	-	-	-	-
gene_1192	mRNA_1192	OTHER	FALSE	1.000000	0.000003		TRUE	FALSE	1	-	-	-	GH76	-	-
gene_1193	mRNA_1193	OTHER	FALSE	1.000000	0.000000		FALSE	FALSE	0	-	-	-	-	-	-
gene_1194	mRNA_1194	OTHER	FALSE	1.000000	0.000000		FALSE	FALSE	0	-	-	-	-	-	-
gene_1195	mRNA_1195	OTHER	FALSE	1.000000	0.000000		FALSE	FALSE	0	-	-	-	-	-	-
gene_1196	mRNA_1196	OTHER	FALSE	1.000000	0.000000		FALSE	FALSE	0	-	-	-	-	-	-
gene_1197	mRNA_1197	OTHER	FALSE	1.000000	0.000003		FALSE	FALSE	0	-	-	-	-	-	-
gene_1198	mRNA_1198	OTHER	FALSE	1.000000	0.000000		FALSE	FALSE	0	-	-	-	-	-	-
gene_1199	mRNA_1199	OTHER	FALSE	1.000000	0.000000		FALSE	FALSE	0	-	-	-	-	-	-
gene_1200	mRNA_1200	OTHER	FALSE	1.000000	0.000000		FALSE	FALSE	0	-	-	-	-	-	-
gene_1201	mRNA_1201	OTHER	FALSE	1.000000	0.000000		FALSE	FALSE	0	-	-	-	-	-	-
gene_1202	mRNA_1202	OTHER	FALSE	1.000000	0.000015		FALSE	FALSE	0	-	-	-	-	-	-
gene_1203	mRNA_1203	OTHER	FALSE	1.000000	0.000001		FALSE	FALSE	0	-	-	-	-	-	-
gene_1204	mRNA_1204	OTHER	FALSE	1.000000	0.000000		FALSE	FALSE	0	-	-	-	-	-	-
gene_1205	mRNA_1205	OTHER	FALSE	1.000000	0.000000		TRUE	FALSE	1	-	-	-	GT15	-	-
gene_1206	mRNA_1206	OTHER	FALSE	1.000000	0.000000		FALSE	FALSE	0	-	-	-	-	-	-
gene_1207	mRNA_1207	OTHER	FALSE	1.000000	0.000000		TRUE	FALSE	1	-	-	-	GH16_1+GH16_1	-	-
gene_1208	mRNA_1208	OTHER	FALSE	1.000000	0.000000		FALSE	FALSE	0	-	-	-	-	-	-
gene_1209	mRNA_1209	OTHER	FALSE	1.000000	0.000000		TRUE	FALSE	1	-	-	-	GT24	-	-
gene_1210	mRNA_1210	OTHER	FALSE	1.000000	0.000020		FALSE	FALSE	0	-	-	-	-	-	-
gene_1211	mRNA_1211	SP	TRUE	0.000403	0.999572	CS pos: 18-19. Pr: 0.9577	TRUE	TRUE	3	1.10.3.2:1	AA1_2(40-378)	AA1_e26(40-500)	AA1_2+AA1_2	AA1_2	lignin
gene_1212	mRNA_1212	OTHER	FALSE	1.000000	0.000000		TRUE	FALSE	1	-	-	-	AA1_2+AA1_2	-	-
gene_1213	mRNA_1213	SP	TRUE	0.000703	0.999298	CS pos: 18-19. Pr: 0.9429	TRUE	TRUE	3	3.2.1.101:1	GH76(27-394)	GH76_e8(28-392)	GH76	GH76_e8	alpha-mannan
gene_1214	mRNA_1214	SP	TRUE	0.000218	0.999783	CS pos: 20-21. Pr: 0.9755	FALSE	FALSE	0	-	-	-	-	-	-
gene_1215	mRNA_1215	SP	TRUE	0.000231	0.999771	CS pos: 19-20. Pr: 0.9822	FALSE	FALSE	0	-	-	-	-	-	-
gene_1216	mRNA_1216	OTHER	FALSE	1.000000	0.000000		FALSE	FALSE	0	-	-	-	-	-	-
gene_1217	mRNA_1217	SP	TRUE	0.000361	0.999582	CS pos: 25-26. Pr: 0.9766	FALSE	FALSE	0	-	-	-	-	-	-
gene_1218	mRNA_1218	OTHER	FALSE	1.000000	0.000000		FALSE	FALSE	0	-	-	-	-	-	-
gene_1219	mRNA_1219	OTHER	FALSE	1.000000	0.000000		FALSE	FALSE	0	-	-	-	-	-	-
gene_1220	mRNA_1220	OTHER	FALSE	0.999946	0.000065		TRUE	FALSE	1	-	-	-	GH28	-	-
gene_1221	mRNA_1221	OTHER	FALSE	0.996499	0.003505		FALSE	FALSE	0	-	-	-	-	-	-
gene_1222	mRNA_1222	OTHER	FALSE	0.910471	0.089512		FALSE	FALSE	0	-	-	-	-	-	-
gene_1223	mRNA_1223	OTHER	FALSE	1.000000	0.000002		FALSE	FALSE	0	-	-	-	-	-	-
gene_1224	mRNA_1224	OTHER	FALSE	1.000000	0.000000		FALSE	FALSE	0	-	-	-	-	-	-
gene_1225	mRNA_1225	OTHER	FALSE	1.000000	0.000000		FALSE	FALSE	0	-	-	-	-	-	-
gene_1226	mRNA_1226	OTHER	FALSE	1.000000	0.000000		FALSE	FALSE	0	-	-	-	-	-	-
gene_1227	mRNA_1227	OTHER	FALSE	1.000000	0.000000		FALSE	FALSE	0	-	-	-	-	-	-
gene_1228	mRNA_1228	OTHER	FALSE	1.000000	0.000000		FALSE	FALSE	0	-	-	-	-	-	-
gene_1229	mRNA_1229	OTHER	FALSE	1.000000	0.000003		FALSE	FALSE	0	-	-	-	-	-	-
gene_1230	mRNA_1230	OTHER	FALSE	1.000000	0.000000		FALSE	FALSE	0	-	-	-	-	-	-
gene_1231	mRNA_1231	OTHER	FALSE	1.000000	0.000000		FALSE	FALSE	0	-	-	-	-	-	-
gene_1232	mRNA_1232	OTHER	FALSE	1.000000	0.000000		FALSE	FALSE	0	-	-	-	-	-	-
gene_1233	mRNA_1233	OTHER	FALSE	1.000000	0.000004		FALSE	FALSE	0	-	-	-	-	-	-
gene_1234	mRNA_1234	OTHER	FALSE	1.000000	0.000004		FALSE	FALSE	0	-	-	-	-	-	-
gene_1235	mRNA_1235	OTHER	FALSE	1.000000	0.000000		FALSE	FALSE	0	-	-	-	-	-	-
gene_1236	mRNA_1236	OTHER	FALSE	0.999626	0.000378		TRUE	FALSE	1	-	-	-	AA3_3+AA3_3	-	-
gene_1237	mRNA_1237	OTHER	FALSE	1.000000	0.000001		FALSE	FALSE	0	-	-	-	-	-	-
gene_1238	mRNA_1238	OTHER	FALSE	1.000000	0.000000		FALSE	FALSE	0	-	-	-	-	-	-
gene_1239	mRNA_1239	OTHER	FALSE	1.000000	0.000000		FALSE	FALSE	0	-	-	-	-	-	-
gene_1240	mRNA_1240	OTHER	FALSE	1.000000	0.000000		FALSE	FALSE	0	-	-	-	-	-	-
gene_1241	mRNA_1241	OTHER	FALSE	1.000000	0.000006		FALSE	FALSE	0	-	-	-	-	-	-
gene_1242	mRNA_1242	OTHER	FALSE	1.000000	0.000000		FALSE	FALSE	0	-	-	-	-	-	-
gene_1243	mRNA_1243	OTHER	FALSE	0.999569	0.000481		FALSE	FALSE	0	-	-	-	-	-	-
gene_1244	mRNA_1244	OTHER	FALSE	1.000000	0.000008		TRUE	FALSE	1	-	-	-	GT8	-	-
gene_1245	mRNA_1245	OTHER	FALSE	1.000000	0.000000		FALSE	FALSE	0	-	-	-	-	-	-
gene_1246	mRNA_1246	OTHER	FALSE	1.000000	0.000000		FALSE	FALSE	0	-	-	-	-	-	-
gene_1247	mRNA_1247	OTHER	FALSE	0.999706	0.000299		FALSE	FALSE	0	-	-	-	-	-	-
gene_1248	mRNA_1248	OTHER	FALSE	1.000000	0.000000		FALSE	FALSE	0	-	-	-	-	-	-
gene_1249	mRNA_1249	OTHER	FALSE	0.999997	0.000000		FALSE	FALSE	0	-	-	-	-	-	-
gene_1250	mRNA_1250	OTHER	FALSE	1.000000	0.000000		FALSE	FALSE	0	-	-	-	-	-	-
gene_1251	mRNA_1251	OTHER	FALSE	1.000000	0.000000		FALSE	FALSE	0	-	-	-	-	-	-
gene_1252	mRNA_1252	OTHER	FALSE	1.000000	0.000000		FALSE	FALSE	0	-	-	-	-	-	-
gene_1253	mRNA_1253	OTHER	FALSE	1.000000	0.000000		FALSE	FALSE	0	-	-	-	-	-	-
gene_1254	mRNA_1254	OTHER	FALSE	1.000000	0.000000		TRUE	FALSE	1	-	-	-	GH76	-	-
gene_1255	mRNA_1255	OTHER	FALSE	1.000000	0.000000		FALSE	FALSE	0	-	-	-	-	-	-
gene_1256	mRNA_1256	OTHER	FALSE	1.000000	0.000003		FALSE	FALSE	0	-	-	-	-	-	-
gene_1257	mRNA_1257	OTHER	FALSE	1.000000	0.000000		FALSE	FALSE	0	-	-	-	-	-	-
gene_1258	mRNA_1258	OTHER	FALSE	0.998614	0.001401		FALSE	FALSE	0	-	-	-	-	-	-
gene_1259	mRNA_1259	OTHER	FALSE	1.000000	0.000000		FALSE	FALSE	0	-	-	-	-	-	-
gene_1260	mRNA_1260	OTHER	FALSE	1.000000	0.000000		TRUE	TRUE	3	1.1.3.38:1	AA4(48-581)	AA4_e0(49-582)	AA4	AA4_e0	lignin
gene_1261	mRNA_1261	OTHER	FALSE	1.000000	0.000003		TRUE	FALSE	1	-	-	-	AA9	-	-
gene_1262	mRNA_1262	OTHER	FALSE	1.000000	0.000000		FALSE	FALSE	0	-	-	-	-	-	-
gene_1263	mRNA_1263	OTHER	FALSE	1.000000	0.000003		FALSE	FALSE	0	-	-	-	-	-	-
gene_1264	mRNA_1264	OTHER	FALSE	0.999335	0.000706		FALSE	FALSE	0	-	-	-	-	-	-
gene_1265	mRNA_1265	OTHER	FALSE	1.000000	0.000001		FALSE	FALSE	0	-	-	-	-	-	-
gene_1266	mRNA_1266	OTHER	FALSE	1.000000	0.000000		FALSE	FALSE	0	-	-	-	-	-	-
gene_1267	mRNA_1267	OTHER	FALSE	1.000000	0.000011		FALSE	FALSE	0	-	-	-	-	-	-
gene_1268	mRNA_1268	OTHER	FALSE	1.000000	0.000000		FALSE	FALSE	0	-	-	-	-	-	-
gene_1269	mRNA_1269	OTHER	FALSE	1.000000	0.000000		FALSE	FALSE	0	-	-	-	-	-	-
gene_1270	mRNA_1270	OTHER	FALSE	1.000000	0.000001		FALSE	FALSE	0	-	-	-	-	-	-
gene_1271	mRNA_1271	OTHER	FALSE	1.000000	0.000000		FALSE	FALSE	0	-	-	-	-	-	-
gene_1272	mRNA_1272	OTHER	FALSE	0.999755	0.000260		TRUE	FALSE	1	-	-	-	GH16	-	-
gene_1273	mRNA_1273	SP	TRUE	0.000344	0.999637	CS pos: 22-23. Pr: 0.9754	FALSE	FALSE	0	-	-	-	-	-	-
gene_1274	mRNA_1274	OTHER	FALSE	1.000000	0.000003		FALSE	FALSE	0	-	-	-	-	-	-
gene_1275	mRNA_1275	OTHER	FALSE	1.000000	0.000000		FALSE	FALSE	0	-	-	-	-	-	-
gene_1276	mRNA_1276	OTHER	FALSE	1.000000	0.000000		FALSE	FALSE	0	-	-	-	-	-	-
gene_1277	mRNA_1277	OTHER	FALSE	1.000000	0.000000		FALSE	FALSE	0	-	-	-	-	-	-
gene_1278	mRNA_1278	OTHER	FALSE	0.999997	0.000056		FALSE	FALSE	0	-	-	-	-	-	-
gene_1279	mRNA_1279	OTHER	FALSE	0.999998	0.000024		FALSE	FALSE	0	-	-	-	-	-	-
gene_1280	mRNA_1280	OTHER	FALSE	1.000000	0.000000		FALSE	FALSE	0	-	-	-	-	-	-
gene_1281	mRNA_1281	OTHER	FALSE	1.000000	0.000000		FALSE	FALSE	0	-	-	-	-	-	-
gene_1282	mRNA_1282	OTHER	FALSE	0.999907	0.000117		FALSE	FALSE	0	-	-	-	-	-	-
gene_1283	mRNA_1283	SP	TRUE	0.000191	0.999804	CS pos: 27-28. Pr: 0.9792	FALSE	FALSE	0	-	-	-	-	-	-
gene_1284	mRNA_1284	OTHER	FALSE	1.000000	0.000000		FALSE	FALSE	0	-	-	-	-	-	-
gene_1285	mRNA_1285	SP	TRUE	0.000194	0.999781	CS pos: 25-26. Pr: 0.9694	TRUE	FALSE	1	-	-	-	CBM1	-	-
gene_1286	mRNA_1286	OTHER	FALSE	1.000000	0.000000		FALSE	FALSE	0	-	-	-	-	-	-
gene_1287	mRNA_1287	OTHER	FALSE	1.000000	0.000002		FALSE	FALSE	0	-	-	-	-	-	-
gene_1288	mRNA_1288	OTHER	FALSE	1.000000	0.000001		TRUE	FALSE	1	-	-	-	AA7	-	-
gene_1289	mRNA_1289	OTHER	FALSE	0.999996	0.000033		FALSE	FALSE	0	-	-	-	-	-	-
gene_1290	mRNA_1290	OTHER	FALSE	1.000000	0.000004		TRUE	FALSE	1	-	-	-	AA2	-	-
gene_1291	mRNA_1291	OTHER	FALSE	1.000000	0.000000		FALSE	FALSE	0	-	-	-	-	-	-
gene_1292	mRNA_1292	OTHER	FALSE	1.000000	0.000000		FALSE	FALSE	0	-	-	-	-	-	-
gene_1293	mRNA_1293	OTHER	FALSE	1.000000	0.000000		FALSE	FALSE	0	-	-	-	-	-	-
gene_1294	mRNA_1294	OTHER	FALSE	0.993675	0.006315		FALSE	FALSE	0	-	-	-	-	-	-
gene_1295	mRNA_1295	OTHER	FALSE	1.000000	0.000001		FALSE	FALSE	0	-	-	-	-	-	-
gene_1296	mRNA_1296	OTHER	FALSE	1.000000	0.000001		TRUE	FALSE	1	-	-	-	CBM24+CBM24+CBM24+CBM24+GH71	-	-
gene_1297	mRNA_1297	OTHER	FALSE	1.000000	0.000003		FALSE	FALSE	0	-	-	-	-	-	-
gene_1298	mRNA_1298	OTHER	FALSE	1.000000	0.000000		FALSE	FALSE	0	-	-	-	-	-	-
gene_1299	mRNA_1299	OTHER	FALSE	0.999977	0.000029		FALSE	FALSE	0	-	-	-	-	-	-
gene_1300	mRNA_1300	OTHER	FALSE	1.000000	0.000000		FALSE	FALSE	0	-	-	-	-	-	-
gene_1301	mRNA_1301	OTHER	FALSE	1.000000	0.000017		FALSE	FALSE	0	-	-	-	-	-	-
gene_1302	mRNA_1302	SP	TRUE	0.210610	0.789357	CS pos: 25-26. Pr: 0.8486	TRUE	FALSE	1	-	-	-	GH43_14+CBM91+GH43_14	-	-
gene_1303	mRNA_1303	OTHER	FALSE	0.998273	0.001712		FALSE	FALSE	0	-	-	-	-	-	-
gene_1304	mRNA_1304	OTHER	FALSE	1.000000	0.000000		FALSE	FALSE	0	-	-	-	-	-	-
gene_1305	mRNA_1305	OTHER	FALSE	1.000000	0.000025		FALSE	FALSE	0	-	-	-	-	-	-
gene_1306	mRNA_1306	SP	TRUE	0.000238	0.999747	CS pos: 26-27. Pr: 0.9798	FALSE	FALSE	0	-	-	-	-	-	-
gene_1307	mRNA_1307	SP	TRUE	0.000245	0.999735	CS pos: 22-23. Pr: 0.9676	TRUE	TRUE	3	-	GH43_21(77-316)	GH43_e58(79-317)	GH43_21+GH43_21	GH43_21	-
gene_1308	mRNA_1308	OTHER	FALSE	1.000000	0.000000		TRUE	FALSE	1	-	-	-	GH43_21+GH43_21	-	-
gene_1309	mRNA_1309	OTHER	FALSE	1.000000	0.000006		FALSE	FALSE	0	-	-	-	-	-	-
gene_1310	mRNA_1310	OTHER	FALSE	1.000000	0.000000		FALSE	FALSE	0	-	-	-	-	-	-
gene_1311	mRNA_1311	OTHER	FALSE	0.999819	0.000227		FALSE	FALSE	0	-	-	-	-	-	-
gene_1312	mRNA_1312	OTHER	FALSE	1.000000	0.000000		FALSE	FALSE	0	-	-	-	-	-	-
gene_1313	mRNA_1313	OTHER	FALSE	0.996813	0.003193		FALSE	FALSE	0	-	-	-	-	-	-
gene_1314	mRNA_1314	OTHER	FALSE	1.000000	0.000000		FALSE	FALSE	0	-	-	-	-	-	-
gene_1315	mRNA_1315	OTHER	FALSE	1.000000	0.000000		FALSE	FALSE	0	-	-	-	-	-	-
gene_1316	mRNA_1316	OTHER	FALSE	1.000000	0.000000		FALSE	FALSE	0	-	-	-	-	-	-
gene_1317	mRNA_1317	OTHER	FALSE	1.000000	0.000000		FALSE	FALSE	0	-	-	-	-	-	-
gene_1318	mRNA_1318	OTHER	FALSE	0.998859	0.001171		FALSE	FALSE	0	-	-	-	-	-	-
gene_1319	mRNA_1319	OTHER	FALSE	0.999862	0.000154		FALSE	FALSE	0	-	-	-	-	-	-
gene_1320	mRNA_1320	OTHER	FALSE	1.000000	0.000000		FALSE	FALSE	0	-	-	-	-	-	-
gene_1321	mRNA_1321	OTHER	FALSE	1.000000	0.000000		FALSE	FALSE	0	-	-	-	-	-	-
gene_1322	mRNA_1322	OTHER	FALSE	1.000000	0.000000		FALSE	FALSE	0	-	-	-	-	-	-
gene_1323	mRNA_1323	OTHER	FALSE	0.999998	0.000055		FALSE	FALSE	0	-	-	-	-	-	-
gene_1324	mRNA_1324	OTHER	FALSE	1.000000	0.000000		FALSE	FALSE	0	-	-	-	-	-	-
gene_1325	mRNA_1325	OTHER	FALSE	1.000000	0.000000		FALSE	FALSE	0	-	-	-	-	-	-
gene_1326	mRNA_1326	OTHER	FALSE	1.000000	0.000000		FALSE	FALSE	0	-	-	-	-	-	-
gene_1327	mRNA_1327	OTHER	FALSE	1.000000	0.000000		FALSE	FALSE	0	-	-	-	-	-	-
gene_1328	mRNA_1328	OTHER	FALSE	1.000000	0.000000		FALSE	FALSE	0	-	-	-	-	-	-
gene_1329	mRNA_1329	OTHER	FALSE	1.000000	0.000000		FALSE	FALSE	0	-	-	-	-	-	-
gene_1330	mRNA_1330	OTHER	FALSE	1.000000	0.000000		TRUE	FALSE	1	-	-	-	AA9	-	-
gene_1331	mRNA_1331	OTHER	FALSE	1.000000	0.000000		FALSE	FALSE	0	-	-	-	-	-	-
gene_1332	mRNA_1332	OTHER	FALSE	1.000000	0.000000		FALSE	FALSE	0	-	-	-	-	-	-
gene_1333	mRNA_1333	OTHER	FALSE	1.000000	0.000000		FALSE	FALSE	0	-	-	-	-	-	-
gene_1334	mRNA_1334	SP	TRUE	0.000397	0.999563	CS pos: 18-19. Pr: 0.9709	FALSE	FALSE	0	-	-	-	-	-	-
gene_1335	mRNA_1335	OTHER	FALSE	1.000000	0.000000		FALSE	FALSE	0	-	-	-	-	-	-
gene_1336	mRNA_1336	OTHER	FALSE	1.000000	0.000007		FALSE	FALSE	0	-	-	-	-	-	-
gene_1337	mRNA_1337	OTHER	FALSE	1.000000	0.000000		FALSE	FALSE	0	-	-	-	-	-	-
gene_1338	mRNA_1338	OTHER	FALSE	1.000000	0.000000		FALSE	FALSE	0	-	-	-	-	-	-
gene_1339	mRNA_1339	OTHER	FALSE	1.000000	0.000000		FALSE	FALSE	0	-	-	-	-	-	-
gene_1340	mRNA_1340	OTHER	FALSE	1.000000	0.000000		FALSE	FALSE	0	-	-	-	-	-	-
gene_1341	mRNA_1341	OTHER	FALSE	0.699875	0.300120		FALSE	FALSE	0	-	-	-	-	-	-
gene_1342	mRNA_1342	OTHER	FALSE	1.000000	0.000000		FALSE	FALSE	0	-	-	-	-	-	-
gene_1343	mRNA_1343	OTHER	FALSE	1.000000	0.000000		TRUE	FALSE	1	-	-	-	GH7	-	-
gene_1344	mRNA_1344	OTHER	FALSE	1.000000	0.000000		FALSE	FALSE	0	-	-	-	-	-	-
gene_1345	mRNA_1345	OTHER	FALSE	1.000000	0.000000		FALSE	FALSE	0	-	-	-	-	-	-
gene_1346	mRNA_1346	OTHER	FALSE	1.000000	0.000002		FALSE	FALSE	0	-	-	-	-	-	-
gene_1347	mRNA_1347	OTHER	FALSE	1.000000	0.000000		TRUE	FALSE	1	-	-	-	CE12	-	-
gene_1348	mRNA_1348	OTHER	FALSE	1.000000	0.000023		FALSE	FALSE	0	-	-	-	-	-	-
gene_1349	mRNA_1349	OTHER	FALSE	1.000000	0.000000		FALSE	FALSE	0	-	-	-	-	-	-
gene_1350	mRNA_1350	OTHER	FALSE	1.000000	0.000000		FALSE	FALSE	0	-	-	-	-	-	-
gene_1351	mRNA_1351	OTHER	FALSE	1.000000	0.000002		FALSE	FALSE	0	-	-	-	-	-	-
gene_1352	mRNA_1352	OTHER	FALSE	1.000000	0.000000		FALSE	FALSE	0	-	-	-	-	-	-
gene_1353	mRNA_1353	OTHER	FALSE	1.000000	0.000000		FALSE	FALSE	0	-	-	-	-	-	-
gene_1354	mRNA_1354	OTHER	FALSE	1.000000	0.000000		FALSE	FALSE	0	-	-	-	-	-	-
gene_1355	mRNA_1355	OTHER	FALSE	1.000000	0.000000		FALSE	FALSE	0	-	-	-	-	-	-
gene_1356	mRNA_1356	OTHER	FALSE	0.999542	0.000442		FALSE	FALSE	0	-	-	-	-	-	-
gene_1357	mRNA_1357	OTHER	FALSE	0.999972	0.000000		FALSE	FALSE	0	-	-	-	-	-	-
gene_1358	mRNA_1358	OTHER	FALSE	1.000000	0.000000		FALSE	FALSE	0	-	-	-	-	-	-
gene_1359	mRNA_1359	OTHER	FALSE	0.999491	0.000524		FALSE	FALSE	0	-	-	-	-	-	-
gene_1360	mRNA_1360	OTHER	FALSE	1.000000	0.000000		FALSE	FALSE	0	-	-	-	-	-	-
gene_1361	mRNA_1361	OTHER	FALSE	1.000000	0.000000		FALSE	FALSE	0	-	-	-	-	-	-
gene_1362	mRNA_1362	OTHER	FALSE	1.000000	0.000000		FALSE	FALSE	0	-	-	-	-	-	-
gene_1363	mRNA_1363	OTHER	FALSE	1.000000	0.000001		TRUE	FALSE	1	-	-	-	GT69+GT69	-	-
gene_1364	mRNA_1364	OTHER	FALSE	1.000000	0.000000		FALSE	FALSE	0	-	-	-	-	-	-
gene_1365	mRNA_1365	OTHER	FALSE	1.000000	0.000000		FALSE	FALSE	0	-	-	-	-	-	-
gene_1366	mRNA_1366	OTHER	FALSE	1.000000	0.000000		FALSE	FALSE	0	-	-	-	-	-	-
gene_1367	mRNA_1367	OTHER	FALSE	1.000000	0.000000		FALSE	FALSE	0	-	-	-	-	-	-
gene_1368	mRNA_1368	SP	TRUE	0.283987	0.716020	CS pos: 12-13. Pr: 0.6137	FALSE	FALSE	0	-	-	-	-	-	-
gene_1369	mRNA_1369	OTHER	FALSE	1.000000	0.000000		FALSE	FALSE	0	-	-	-	-	-	-
gene_1370	mRNA_1370	OTHER	FALSE	1.000000	0.000001		FALSE	FALSE	0	-	-	-	-	-	-
gene_1371	mRNA_1371	OTHER	FALSE	1.000000	0.000000		FALSE	FALSE	0	-	-	-	-	-	-
gene_1372	mRNA_1372	OTHER	FALSE	1.000000	0.000000		FALSE	FALSE	0	-	-	-	-	-	-
gene_1373	mRNA_1373	OTHER	FALSE	1.000000	0.000000		FALSE	FALSE	0	-	-	-	-	-	-
gene_1374	mRNA_1374	OTHER	FALSE	1.000000	0.000001		FALSE	FALSE	0	-	-	-	-	-	-
gene_1375	mRNA_1375	OTHER	FALSE	0.999790	0.000206		FALSE	FALSE	0	-	-	-	-	-	-
gene_1376	mRNA_1376	OTHER	FALSE	1.000000	0.000000		FALSE	FALSE	0	-	-	-	-	-	-
gene_1377	mRNA_1377	OTHER	FALSE	1.000000	0.000000		FALSE	FALSE	0	-	-	-	-	-	-
gene_1378	mRNA_1378	OTHER	FALSE	0.968759	0.031263		FALSE	FALSE	0	-	-	-	-	-	-
gene_1379	mRNA_1379	SP	TRUE	0.000297	0.999655	CS pos: 16-17. Pr: 0.9848	FALSE	FALSE	0	-	-	-	-	-	-
gene_1380	mRNA_1380	SP	TRUE	0.000214	0.999759	CS pos: 26-27. Pr: 0.5562	FALSE	FALSE	0	-	-	-	-	-	-
gene_1381	mRNA_1381	OTHER	FALSE	1.000000	0.000000		FALSE	FALSE	0	-	-	-	-	-	-
gene_1382	mRNA_1382	OTHER	FALSE	1.000000	0.000000		FALSE	FALSE	0	-	-	-	-	-	-
gene_1383	mRNA_1383	OTHER	FALSE	1.000000	0.000000		FALSE	FALSE	0	-	-	-	-	-	-
gene_1384	mRNA_1384	OTHER	FALSE	1.000000	0.000000		FALSE	FALSE	0	-	-	-	-	-	-
gene_1385	mRNA_1385	OTHER	FALSE	1.000000	0.000001		TRUE	FALSE	1	-	-	-	GH15	-	-
gene_1386	mRNA_1386	OTHER	FALSE	0.957825	0.042185		FALSE	FALSE	0	-	-	-	-	-	-
gene_1387	mRNA_1387	OTHER	FALSE	1.000000	0.000000		FALSE	FALSE	0	-	-	-	-	-	-
gene_1388	mRNA_1388	SP	TRUE	0.000230	0.999726	CS pos: 24-25. Pr: 0.9842	TRUE	TRUE	3	3.2.1.58:16	GH55_2(39-780)	GH55_e8(39-780)	GH55_2+GH55_2	GH55_2	beta-glucan
gene_1389	mRNA_1389	OTHER	FALSE	1.000000	0.000001		FALSE	FALSE	0	-	-	-	-	-	-
gene_1390	mRNA_1390	OTHER	FALSE	1.000000	0.000000		FALSE	FALSE	0	-	-	-	-	-	-
gene_1391	mRNA_1391	SP	TRUE	0.000221	0.999786	CS pos: 25-26. Pr: 0.8594	FALSE	FALSE	0	-	-	-	-	-	-
gene_1392	mRNA_1392	OTHER	FALSE	1.000000	0.000006		FALSE	FALSE	0	-	-	-	-	-	-
gene_1393	mRNA_1393	SP	TRUE	0.000204	0.999761	CS pos: 25-26. Pr: 0.9756	FALSE	FALSE	0	-	-	-	-	-	-
gene_1394	mRNA_1394	OTHER	FALSE	0.997972	0.002031		FALSE	FALSE	0	-	-	-	-	-	-
gene_1395	mRNA_1395	OTHER	FALSE	1.000000	0.000000		FALSE	FALSE	0	-	-	-	-	-	-
gene_1396	mRNA_1396	OTHER	FALSE	1.000000	0.000000		FALSE	FALSE	0	-	-	-	-	-	-
gene_1397	mRNA_1397	OTHER	FALSE	1.000000	0.000000		FALSE	FALSE	0	-	-	-	-	-	-
gene_1398	mRNA_1398	OTHER	FALSE	1.000000	0.000000		FALSE	FALSE	0	-	-	-	-	-	-
gene_1399	mRNA_1399	OTHER	FALSE	1.000000	0.000000		TRUE	FALSE	1	-	-	-	CE8	-	-
gene_1400	mRNA_1400	OTHER	FALSE	1.000000	0.000000		FALSE	FALSE	0	-	-	-	-	-	-
gene_1401	mRNA_1401	OTHER	FALSE	1.000000	0.000000		FALSE	FALSE	0	-	-	-	-	-	-
gene_1402	mRNA_1402	OTHER	FALSE	1.000000	0.000000		FALSE	FALSE	0	-	-	-	-	-	-
gene_1403	mRNA_1403	SP	TRUE	0.000307	0.999684	CS pos: 19-20. Pr: 0.9726	TRUE	TRUE	3	1.10.3.2:1	AA1_2(39-378)	AA1_e26(40-485)	AA1_2+AA1_2	AA1_2	lignin
gene_1404	mRNA_1404	OTHER	FALSE	1.000000	0.000006		TRUE	FALSE	1	-	-	-	AA1_2+AA1_2	-	-
gene_1405	mRNA_1405	OTHER	FALSE	0.991332	0.008681		FALSE	FALSE	0	-	-	-	-	-	-
gene_1406	mRNA_1406	OTHER	FALSE	1.000000	0.000001		FALSE	FALSE	0	-	-	-	-	-	-
gene_1407	mRNA_1407	OTHER	FALSE	1.000000	0.000000		FALSE	FALSE	0	-	-	-	-	-	-
gene_1408	mRNA_1408	OTHER	FALSE	1.000000	0.000000		FALSE	FALSE	0	-	-	-	-	-	-
gene_1409	mRNA_1409	OTHER	FALSE	1.000000	0.000000		FALSE	FALSE	0	-	-	-	-	-	-
gene_1410	mRNA_1410	OTHER	FALSE	1.000000	0.000000		FALSE	FALSE	0	-	-	-	-	-	-
gene_1411	mRNA_1411	OTHER	FALSE	0.948449	0.051555		FALSE	FALSE	0	-	-	-	-	-	-
gene_1412	mRNA_1412	OTHER	FALSE	0.999719	0.000298		FALSE	FALSE	0	-	-	-	-	-	-
gene_1413	mRNA_1413	OTHER	FALSE	1.000000	0.000000		FALSE	FALSE	0	-	-	-	-	-	-
gene_1414	mRNA_1414	OTHER	FALSE	1.000000	0.000001		FALSE	FALSE	0	-	-	-	-	-	-
gene_1415	mRNA_1415	SP	TRUE	0.001195	0.998801	CS pos: 17-18. Pr: 0.9631	FALSE	FALSE	0	-	-	-	-	-	-
gene_1416	mRNA_1416	OTHER	FALSE	1.000000	0.000000		FALSE	FALSE	0	-	-	-	-	-	-
gene_1417	mRNA_1417	OTHER	FALSE	1.000000	0.000001		FALSE	FALSE	0	-	-	-	-	-	-
gene_1418	mRNA_1418	OTHER	FALSE	1.000000	0.000003		FALSE	FALSE	0	-	-	-	-	-	-
gene_1419	mRNA_1419	OTHER	FALSE	1.000000	0.000000		TRUE	FALSE	1	-	-	-	GH30_3+GH30_3	-	-
gene_1420	mRNA_1420	OTHER	FALSE	1.000000	0.000004		FALSE	FALSE	0	-	-	-	-	-	-
gene_1421	mRNA_1421	OTHER	FALSE	0.999998	0.000049		FALSE	FALSE	0	-	-	-	-	-	-
gene_1422	mRNA_1422	OTHER	FALSE	1.000000	0.000000		FALSE	FALSE	0	-	-	-	-	-	-
gene_1423	mRNA_1423	OTHER	FALSE	1.000000	0.000000		FALSE	FALSE	0	-	-	-	-	-	-
gene_1424	mRNA_1424	OTHER	FALSE	1.000000	0.000000		FALSE	FALSE	0	-	-	-	-	-	-
gene_1425	mRNA_1425	OTHER	FALSE	1.000000	0.000000		FALSE	FALSE	0	-	-	-	-	-	-
gene_1426	mRNA_1426	OTHER	FALSE	1.000000	0.000000		FALSE	FALSE	0	-	-	-	-	-	-
gene_1427	mRNA_1427	OTHER	FALSE	0.999944	0.000060		FALSE	FALSE	0	-	-	-	-	-	-
gene_1428	mRNA_1428	OTHER	FALSE	1.000000	0.000000		FALSE	FALSE	0	-	-	-	-	-	-
gene_1429	mRNA_1429	OTHER	FALSE	1.000000	0.000001		FALSE	FALSE	0	-	-	-	-	-	-
gene_1430	mRNA_1430	SP	TRUE	0.002993	0.996990	CS pos: 22-23. Pr: 0.8635	FALSE	FALSE	0	-	-	-	-	-	-
gene_1431	mRNA_1431	SP	TRUE	0.222273	0.777703	CS pos: 22-23. Pr: 0.7009	FALSE	FALSE	0	-	-	-	-	-	-
gene_1432	mRNA_1432	OTHER	FALSE	1.000000	0.000001		FALSE	FALSE	0	-	-	-	-	-	-
gene_1433	mRNA_1433	OTHER	FALSE	1.000000	0.000000		FALSE	FALSE	0	-	-	-	-	-	-
gene_1434	mRNA_1434	OTHER	FALSE	1.000000	0.000011		TRUE	FALSE	1	-	-	-	GT0	-	-
gene_1435	mRNA_1435	OTHER	FALSE	0.999895	0.000142		FALSE	FALSE	0	-	-	-	-	-	-
gene_1436	mRNA_1436	OTHER	FALSE	1.000000	0.000000		FALSE	FALSE	0	-	-	-	-	-	-
gene_1437	mRNA_1437	OTHER	FALSE	1.000000	0.000021		FALSE	FALSE	0	-	-	-	-	-	-
gene_1438	mRNA_1438	OTHER	FALSE	1.000000	0.000000		FALSE	FALSE	0	-	-	-	-	-	-
gene_1439	mRNA_1439	SP	TRUE	0.001124	0.998859	CS pos: 20-21. Pr: 0.9476	TRUE	TRUE	3	3.2.1.21:43;3.2.1.-:1	GH3(90-311)	GH3_e16(91-312)	GH3	GH3_e16	beta-glucan;xyloglucan
gene_1440	mRNA_1440	OTHER	FALSE	0.999850	0.000195		TRUE	FALSE	1	-	-	-	GH75	-	-
gene_1441	mRNA_1441	SP	TRUE	0.000219	0.999744	CS pos: 19-20. Pr: 0.9753	FALSE	FALSE	0	-	-	-	-	-	-
gene_1442	mRNA_1442	OTHER	FALSE	1.000000	0.000000		FALSE	FALSE	0	-	-	-	-	-	-
gene_1443	mRNA_1443	SP	TRUE	0.000264	0.999705	CS pos: 18-19. Pr: 0.9814	TRUE	FALSE	1	-	-	-	GH0	-	-
gene_1444	mRNA_1444	OTHER	FALSE	1.000000	0.000000		FALSE	FALSE	0	-	-	-	-	-	-
gene_1445	mRNA_1445	OTHER	FALSE	1.000000	0.000000		FALSE	FALSE	0	-	-	-	-	-	-
gene_1446	mRNA_1446	OTHER	FALSE	1.000000	0.000043		FALSE	FALSE	0	-	-	-	-	-	-
gene_1447	mRNA_1447	OTHER	FALSE	1.000000	0.000000		FALSE	FALSE	0	-	-	-	-	-	-
gene_1448	mRNA_1448	OTHER	FALSE	1.000000	0.000001		FALSE	FALSE	0	-	-	-	-	-	-
gene_1449	mRNA_1449	OTHER	FALSE	1.000000	0.000003		FALSE	FALSE	0	-	-	-	-	-	-
gene_1450	mRNA_1450	OTHER	FALSE	0.887300	0.112698		FALSE	FALSE	0	-	-	-	-	-	-
gene_1451	mRNA_1451	OTHER	FALSE	1.000000	0.000001		FALSE	FALSE	0	-	-	-	-	-	-
gene_1452	mRNA_1452	OTHER	FALSE	1.000000	0.000000		FALSE	FALSE	0	-	-	-	-	-	-
gene_1453	mRNA_1453	OTHER	FALSE	1.000000	0.000005		FALSE	FALSE	0	-	-	-	-	-	-
gene_1454	mRNA_1454	OTHER	FALSE	1.000000	0.000000		FALSE	FALSE	0	-	-	-	-	-	-
gene_1455	mRNA_1455	OTHER	FALSE	1.000000	0.000001		FALSE	FALSE	0	-	-	-	-	-	-
gene_1456	mRNA_1456	OTHER	FALSE	1.000000	0.000000		FALSE	FALSE	0	-	-	-	-	-	-
gene_1457	mRNA_1457	SP	TRUE	0.000347	0.999645	CS pos: 28-29. Pr: 0.9737	FALSE	FALSE	0	-	-	-	-	-	-
gene_1458	mRNA_1458	OTHER	FALSE	1.000000	0.000000		TRUE	FALSE	1	-	-	-	AA9	-	-
gene_1459	mRNA_1459	SP	TRUE	0.426226	0.573791	CS pos: 16-17. Pr: 0.4075	FALSE	FALSE	0	-	-	-	-	-	-
gene_1460	mRNA_1460	OTHER	FALSE	1.000000	0.000000		FALSE	FALSE	0	-	-	-	-	-	-
gene_1461	mRNA_1461	OTHER	FALSE	1.000000	0.000005		FALSE	FALSE	0	-	-	-	-	-	-
gene_1462	mRNA_1462	OTHER	FALSE	1.000000	0.000000		FALSE	FALSE	0	-	-	-	-	-	-
gene_1463	mRNA_1463	OTHER	FALSE	0.999944	0.000068		FALSE	FALSE	0	-	-	-	-	-	-
gene_1464	mRNA_1464	OTHER	FALSE	0.999988	0.000011		TRUE	FALSE	1	-	-	-	AA12	-	-
gene_1465	mRNA_1465	OTHER	FALSE	1.000000	0.000001		FALSE	FALSE	0	-	-	-	-	-	-
gene_1466	mRNA_1466	SP	TRUE	0.005636	0.994341	CS pos: 35-36. Pr: 0.9336	FALSE	FALSE	0	-	-	-	-	-	-
gene_1467	mRNA_1467	OTHER	FALSE	1.000000	0.000000		FALSE	FALSE	0	-	-	-	-	-	-
gene_1468	mRNA_1468	OTHER	FALSE	1.000000	0.000000		FALSE	FALSE	0	-	-	-	-	-	-
gene_1469	mRNA_1469	OTHER	FALSE	0.999397	0.000656		FALSE	FALSE	0	-	-	-	-	-	-
gene_1470	mRNA_1470	OTHER	FALSE	1.000000	0.000000		FALSE	FALSE	0	-	-	-	-	-	-
gene_1471	mRNA_1471	OTHER	FALSE	0.999830	0.000204		FALSE	FALSE	0	-	-	-	-	-	-
gene_1472	mRNA_1472	OTHER	FALSE	1.000000	0.000002		FALSE	FALSE	0	-	-	-	-	-	-
gene_1473	mRNA_1473	OTHER	FALSE	1.000000	0.000000		FALSE	FALSE	0	-	-	-	-	-	-
gene_1474	mRNA_1474	OTHER	FALSE	1.000000	0.000022		TRUE	FALSE	1	-	-	-	GH3	-	-
gene_1475	mRNA_1475	OTHER	FALSE	1.000000	0.000000		FALSE	FALSE	0	-	-	-	-	-	-
gene_1476	mRNA_1476	OTHER	FALSE	0.999970	0.000029		TRUE	FALSE	1	-	-	-	GT0	-	-
gene_1477	mRNA_1477	SP	TRUE	0.022731	0.977231	CS pos: 18-19. Pr: 0.9343	TRUE	FALSE	1	-	-	-	CBM1	-	-
gene_1478	mRNA_1478	OTHER	FALSE	1.000000	0.000000		FALSE	FALSE	0	-	-	-	-	-	-
gene_1479	mRNA_1479	OTHER	FALSE	1.000000	0.000000		FALSE	FALSE	0	-	-	-	-	-	-
gene_1480	mRNA_1480	OTHER	FALSE	1.000000	0.000037		TRUE	FALSE	1	-	-	-	GH43	-	-
gene_1481	mRNA_1481	SP	TRUE	0.000218	0.999748	CS pos: 18-19. Pr: 0.9274	TRUE	TRUE	3	-	GH28(141-397)	GH28_e38(146-401)	GH28	GH28_e38	pectin
gene_1482	mRNA_1482	OTHER	FALSE	1.000000	0.000000		TRUE	FALSE	1	-	-	-	GT31	-	-
gene_1483	mRNA_1483	OTHER	FALSE	1.000000	0.000004		TRUE	TRUE	3	4.2.2.24:1	PL26(13-912)	PL26_e0(14-912)	PL26	PL26_e0	pectin
gene_1484	mRNA_1484	OTHER	FALSE	0.998833	0.001165		FALSE	FALSE	0	-	-	-	-	-	-
gene_1485	mRNA_1485	OTHER	FALSE	0.999990	0.000065		FALSE	FALSE	0	-	-	-	-	-	-
gene_1486	mRNA_1486	OTHER	FALSE	1.000000	0.000000		FALSE	FALSE	0	-	-	-	-	-	-
gene_1487	mRNA_1487	OTHER	FALSE	0.999500	0.000539		TRUE	TRUE	3	1.14.99.53:1	AA11(1-203)	AA11_e7(1-201)	AA11	AA11_e7	chitin
gene_1488	mRNA_1488	OTHER	FALSE	1.000000	0.000000		FALSE	FALSE	0	-	-	-	-	-	-
gene_1489	mRNA_1489	OTHER	FALSE	0.999882	0.000106		TRUE	FALSE	1	-	-	-	GH79	-	-
gene_1490	mRNA_1490	SP	TRUE	0.406157	0.593834	CS pos: 18-19. Pr: 0.5336	FALSE	FALSE	0	-	-	-	-	-	-
gene_1491	mRNA_1491	OTHER	FALSE	1.000000	0.000023		FALSE	FALSE	0	-	-	-	-	-	-
gene_1492	mRNA_1492	OTHER	FALSE	1.000000	0.000000		TRUE	TRUE	3	1.1.3.38:1	AA4(53-620)	AA4_e0(53-621)	AA4	AA4_e0	lignin
gene_1493	mRNA_1493	OTHER	FALSE	1.000000	0.000000		TRUE	FALSE	1	-	-	-	CBM57	-	-
gene_1494	mRNA_1494	OTHER	FALSE	1.000000	0.000000		FALSE	FALSE	0	-	-	-	-	-	-
gene_1495	mRNA_1495	OTHER	FALSE	1.000000	0.000000		TRUE	FALSE	1	-	-	-	GH76	-	-
gene_1496	mRNA_1496	OTHER	FALSE	1.000000	0.000000		FALSE	FALSE	0	-	-	-	-	-	-
gene_1497	mRNA_1497	SP	TRUE	0.000346	0.999615	CS pos: 26-27. Pr: 0.9773	TRUE	FALSE	1	-	-	-	GT0	-	-
gene_1498	mRNA_1498	OTHER	FALSE	1.000000	0.000000		FALSE	FALSE	0	-	-	-	-	-	-
gene_1499	mRNA_1499	OTHER	FALSE	1.000000	0.000000		FALSE	FALSE	0	-	-	-	-	-	-
gene_1500	mRNA_1500	SP	TRUE	0.000299	0.999687	CS pos: 24-25. Pr: 0.9774	TRUE	FALSE	1	-	-	-	GT1	-	-
gene_1501	mRNA_1501	OTHER	FALSE	1.000000	0.000000		FALSE	FALSE	0	-	-	-	-	-	-
gene_1502	mRNA_1502	OTHER	FALSE	1.000000	0.000000		TRUE	FALSE	1	-	-	-	GH43_6+GH43_6	-	-
gene_1503	mRNA_1503	OTHER	FALSE	1.000000	0.000012		FALSE	FALSE	0	-	-	-	-	-	-
gene_1504	mRNA_1504	SP	TRUE	0.000466	0.999505	CS pos: 16-17. Pr: 0.9754	TRUE	FALSE	1	1.14.99.54:5;1.14.99.56:1	-	AA9_e7(27-100)	-	-	cellulose
gene_1505	mRNA_1505	OTHER	FALSE	1.000000	0.000015		TRUE	FALSE	1	-	-	-	GT34	-	-
gene_1506	mRNA_1506	OTHER	FALSE	0.999796	0.000214		TRUE	FALSE	1	-	-	-	AA3_2+AA3_2	-	-
gene_1507	mRNA_1507	OTHER	FALSE	1.000000	0.000030		FALSE	FALSE	0	-	-	-	-	-	-
gene_1508	mRNA_1508	OTHER	FALSE	1.000000	0.000000		FALSE	FALSE	0	-	-	-	-	-	-
gene_1509	mRNA_1509	OTHER	FALSE	1.000000	0.000000		FALSE	FALSE	0	-	-	-	-	-	-
gene_1510	mRNA_1510	OTHER	FALSE	1.000000	0.000016		FALSE	FALSE	0	-	-	-	-	-	-
gene_1511	mRNA_1511	SP	TRUE	0.000485	0.999483	CS pos: 19-20. Pr: 0.9707	FALSE	FALSE	0	-	-	-	-	-	-
gene_1512	mRNA_1512	SP	TRUE	0.000266	0.999719	CS pos: 18-19. Pr: 0.9409	TRUE	TRUE	3	-	AA16(19-187)	AA16_e2(20-188)	AA16	AA16_e2	cellulose
gene_1513	mRNA_1513	OTHER	FALSE	0.999985	0.000012		FALSE	FALSE	0	-	-	-	-	-	-
gene_1514	mRNA_1514	SP	TRUE	0.168104	0.831881	CS pos: 36-37. Pr: 0.6060	TRUE	FALSE	1	-	-	-	CBM1+AA9	-	-
gene_1515	mRNA_1515	OTHER	FALSE	0.999955	0.000039		FALSE	FALSE	0	-	-	-	-	-	-
gene_1516	mRNA_1516	SP	TRUE	0.000401	0.999565	CS pos: 19-20. Pr: 0.9757	FALSE	FALSE	0	-	-	-	-	-	-
gene_1517	mRNA_1517	OTHER	FALSE	1.000000	0.000012		FALSE	FALSE	0	-	-	-	-	-	-
gene_1518	mRNA_1518	SP	TRUE	0.000199	0.999766	CS pos: 20-21. Pr: 0.9761	FALSE	FALSE	0	-	-	-	-	-	-
gene_1519	mRNA_1519	OTHER	FALSE	1.000000	0.000000		TRUE	FALSE	1	-	-	-	GH128	-	-
gene_1520	mRNA_1520	OTHER	FALSE	1.000000	0.000000		FALSE	FALSE	0	-	-	-	-	-	-
gene_1521	mRNA_1521	SP	TRUE	0.000676	0.999308	CS pos: 20-21. Pr: 0.9540	FALSE	FALSE	0	-	-	-	-	-	-
gene_1522	mRNA_1522	OTHER	FALSE	1.000000	0.000000		FALSE	FALSE	0	-	-	-	-	-	-
gene_1523	mRNA_1523	OTHER	FALSE	1.000000	0.000000		TRUE	FALSE	1	-	-	-	GH5_5+GH5_5	-	-
gene_1524	mRNA_1524	OTHER	FALSE	1.000000	0.000018		FALSE	FALSE	0	-	-	-	-	-	-
gene_1525	mRNA_1525	OTHER	FALSE	1.000000	0.000006		FALSE	FALSE	0	-	-	-	-	-	-
gene_1526	mRNA_1526	OTHER	FALSE	1.000000	0.000014		FALSE	FALSE	0	-	-	-	-	-	-
gene_1527	mRNA_1527	SP	TRUE	0.000217	0.999759	CS pos: 17-18. Pr: 0.9836	FALSE	FALSE	0	-	-	-	-	-	-
gene_1528	mRNA_1528	OTHER	FALSE	0.999945	0.000070		FALSE	FALSE	0	-	-	-	-	-	-
gene_1529	mRNA_1529	SP	TRUE	0.000214	0.999776	CS pos: 30-31. Pr: 0.6437	FALSE	FALSE	0	-	-	-	-	-	-
gene_1530	mRNA_1530	OTHER	FALSE	1.000000	0.000000		FALSE	FALSE	0	-	-	-	-	-	-
gene_1531	mRNA_1531	OTHER	FALSE	1.000000	0.000004		FALSE	FALSE	0	-	-	-	-	-	-
gene_1532	mRNA_1532	OTHER	FALSE	1.000000	0.000000		FALSE	FALSE	0	-	-	-	-	-	-
gene_1533	mRNA_1533	SP	TRUE	0.466420	0.533561	CS pos: 26-27. Pr: 0.3157	FALSE	FALSE	0	-	-	-	-	-	-
gene_1534	mRNA_1534	OTHER	FALSE	1.000000	0.000008		FALSE	FALSE	0	-	-	-	-	-	-
gene_1535	mRNA_1535	OTHER	FALSE	1.000000	0.000000		TRUE	FALSE	1	-	-	-	GH128	-	-
gene_1536	mRNA_1536	OTHER	FALSE	0.999877	0.000122		TRUE	FALSE	1	-	-	-	GH89	-	-
gene_1537	mRNA_1537	OTHER	FALSE	1.000000	0.000000		FALSE	FALSE	0	-	-	-	-	-	-
gene_1538	mRNA_1538	OTHER	FALSE	1.000000	0.000000		FALSE	FALSE	0	-	-	-	-	-	-
gene_1539	mRNA_1539	OTHER	FALSE	0.938201	0.061796		FALSE	FALSE	0	-	-	-	-	-	-
gene_1540	mRNA_1540	OTHER	FALSE	1.000000	0.000001		FALSE	FALSE	0	-	-	-	-	-	-
gene_1541	mRNA_1541	OTHER	FALSE	1.000000	0.000001		FALSE	FALSE	0	-	-	-	-	-	-
gene_1542	mRNA_1542	OTHER	FALSE	0.975325	0.024689		FALSE	FALSE	0	-	-	-	-	-	-
gene_1543	mRNA_1543	OTHER	FALSE	1.000000	0.000000		TRUE	FALSE	1	-	-	-	GH55_2+GH55_2	-	-
gene_1544	mRNA_1544	OTHER	FALSE	0.999923	0.000070		TRUE	FALSE	1	-	-	-	GH12	-	-
gene_1545	mRNA_1545	OTHER	FALSE	1.000000	0.000001		TRUE	FALSE	1	-	-	-	GT31	-	-
gene_1546	mRNA_1546	OTHER	FALSE	1.000000	0.000000		TRUE	FALSE	1	-	-	-	GT66	-	-
gene_1547	mRNA_1547	OTHER	FALSE	1.000000	0.000000		FALSE	FALSE	0	-	-	-	-	-	-
gene_1548	mRNA_1548	OTHER	FALSE	1.000000	0.000000		FALSE	FALSE	0	-	-	-	-	-	-
gene_1549	mRNA_1549	OTHER	FALSE	0.999949	0.000064		FALSE	FALSE	0	-	-	-	-	-	-
gene_1550	mRNA_1550	SP	TRUE	0.001002	0.998963	CS pos: 27-28. Pr: 0.9598	FALSE	FALSE	0	-	-	-	-	-	-
gene_1551	mRNA_1551	OTHER	FALSE	1.000000	0.000000		FALSE	FALSE	0	-	-	-	-	-	-
gene_1552	mRNA_1552	OTHER	FALSE	1.000000	0.000000		FALSE	FALSE	0	-	-	-	-	-	-
gene_1553	mRNA_1553	OTHER	FALSE	0.963305	0.036733		FALSE	FALSE	0	-	-	-	-	-	-
gene_1554	mRNA_1554	OTHER	FALSE	1.000000	0.000000		FALSE	FALSE	0	-	-	-	-	-	-
gene_1555	mRNA_1555	OTHER	FALSE	1.000000	0.000003		FALSE	FALSE	0	-	-	-	-	-	-
gene_1556	mRNA_1556	OTHER	FALSE	1.000000	0.000002		FALSE	FALSE	0	-	-	-	-	-	-
gene_1557	mRNA_1557	OTHER	FALSE	1.000000	0.000000		FALSE	FALSE	0	-	-	-	-	-	-
gene_1558	mRNA_1558	OTHER	FALSE	1.000000	0.000001		FALSE	FALSE	0	-	-	-	-	-	-
gene_1559	mRNA_1559	SP	TRUE	0.000287	0.999691	CS pos: 23-24. Pr: 0.9776	TRUE	TRUE	3	3.2.1.21:16;3.2.1.-:3	GH3(72-278)	GH3_e223(74-279)	GH3	GH3_e223	beta-glucan;xyloglucan
gene_1560	mRNA_1560	OTHER	FALSE	1.000000	0.000000		FALSE	FALSE	0	-	-	-	-	-	-
gene_1561	mRNA_1561	OTHER	FALSE	1.000000	0.000000		FALSE	FALSE	0	-	-	-	-	-	-
gene_1562	mRNA_1562	SP	TRUE	0.000331	0.999648	CS pos: 17-18. Pr: 0.9573	TRUE	TRUE	3	-	GH131(24-282)	GH131_e4(25-283)	GH131	GH131_e4	beta-glucan
gene_1563	mRNA_1563	SP	TRUE	0.000227	0.999751	CS pos: 20-21. Pr: 0.8109	FALSE	FALSE	0	-	-	-	-	-	-
gene_1564	mRNA_1564	OTHER	FALSE	1.000000	0.000000		FALSE	FALSE	0	-	-	-	-	-	-
gene_1565	mRNA_1565	OTHER	FALSE	1.000000	0.000000		FALSE	FALSE	0	-	-	-	-	-	-
gene_1566	mRNA_1566	OTHER	FALSE	1.000000	0.000000		FALSE	FALSE	0	-	-	-	-	-	-
gene_1567	mRNA_1567	SP	TRUE	0.000255	0.999691	CS pos: 20-21. Pr: 0.9824	FALSE	FALSE	0	-	-	-	-	-	-
gene_1568	mRNA_1568	OTHER	FALSE	1.000000	0.000000		FALSE	FALSE	0	-	-	-	-	-	-
gene_1569	mRNA_1569	OTHER	FALSE	1.000000	0.000000		FALSE	FALSE	0	-	-	-	-	-	-
gene_1570	mRNA_1570	OTHER	FALSE	1.000000	0.000000		FALSE	FALSE	0	-	-	-	-	-	-
gene_1571	mRNA_1571	OTHER	FALSE	1.000000	0.000007		TRUE	FALSE	1	-	CE4(229-374)	-	-	-	-
gene_1572	mRNA_1572	SP	TRUE	0.000415	0.999559	CS pos: 19-20. Pr: 0.9776	TRUE	TRUE	3	-	AA3_2(48-675)	AA3_e44(49-674)	AA3	AA3_2	-
gene_1573	mRNA_1573	SP	TRUE	0.000190	0.999794	CS pos: 21-22. Pr: 0.9756	TRUE	FALSE	1	-	-	-	AA3_2+AA3_2	-	-
gene_1574	mRNA_1574	SP	TRUE	0.000348	0.999616	CS pos: 19-20. Pr: 0.9714	FALSE	FALSE	0	-	-	-	-	-	-
gene_1575	mRNA_1575	SP	TRUE	0.000258	0.999676	CS pos: 17-18. Pr: 0.9798	TRUE	TRUE	3	3.2.1.15:80	GH28(54-373)	GH28_e75(56-372)	GH28	GH28_e75	pectin
gene_1576	mRNA_1576	OTHER	FALSE	1.000000	0.000020		FALSE	FALSE	0	-	-	-	-	-	-
gene_1577	mRNA_1577	OTHER	FALSE	1.000000	0.000001		TRUE	FALSE	1	-	-	-	GH5_5+GH5_5	-	-
gene_1578	mRNA_1578	OTHER	FALSE	1.000000	0.000000		FALSE	FALSE	0	-	-	-	-	-	-
gene_1579	mRNA_1579	OTHER	FALSE	1.000000	0.000001		FALSE	FALSE	0	-	-	-	-	-	-
gene_1580	mRNA_1580	OTHER	FALSE	1.000000	0.000000		FALSE	FALSE	0	-	-	-	-	-	-
gene_1581	mRNA_1581	OTHER	FALSE	1.000000	0.000000		FALSE	FALSE	0	-	-	-	-	-	-
gene_1582	mRNA_1582	OTHER	FALSE	1.000000	0.000004		FALSE	FALSE	0	-	-	-	-	-	-
gene_1583	mRNA_1583	OTHER	FALSE	1.000000	0.000000		FALSE	FALSE	0	-	-	-	-	-	-
gene_1584	mRNA_1584	SP	TRUE	0.000229	0.999726	CS pos: 18-19. Pr: 0.9822	FALSE	FALSE	0	-	-	-	-	-	-
gene_1585	mRNA_1585	OTHER	FALSE	1.000000	0.000000		FALSE	FALSE	0	-	-	-	-	-	-
gene_1586	mRNA_1586	OTHER	FALSE	0.999885	0.000144		FALSE	FALSE	0	-	-	-	-	-	-
gene_1587	mRNA_1587	OTHER	FALSE	1.000000	0.000000		FALSE	FALSE	0	-	-	-	-	-	-
gene_1588	mRNA_1588	OTHER	FALSE	1.000000	0.000000		TRUE	TRUE	3	-	GT4(284-443)	GT4_e4041(288-443)	GT4	GT4_e4041	-
gene_1589	mRNA_1589	OTHER	FALSE	0.999983	0.000063		TRUE	FALSE	1	-	-	-	GT0	-	-
gene_1590	mRNA_1590	OTHER	FALSE	1.000000	0.000000		FALSE	FALSE	0	-	-	-	-	-	-
gene_1591	mRNA_1591	OTHER	FALSE	1.000000	0.000000		TRUE	FALSE	1	-	-	-	GH76	-	-
gene_1592	mRNA_1592	OTHER	FALSE	1.000000	0.000000		FALSE	FALSE	0	-	-	-	-	-	-
gene_1593	mRNA_1593	OTHER	FALSE	1.000000	0.000042		FALSE	FALSE	0	-	-	-	-	-	-
gene_1594	mRNA_1594	OTHER	FALSE	1.000000	0.000019		FALSE	FALSE	0	-	-	-	-	-	-
gene_1595	mRNA_1595	OTHER	FALSE	1.000000	0.000000		TRUE	FALSE	1	-	-	-	CE4	-	-
gene_1596	mRNA_1596	OTHER	FALSE	1.000000	0.000000		TRUE	FALSE	1	-	-	-	GT35	-	-
gene_1597	mRNA_1597	OTHER	FALSE	1.000000	0.000002		FALSE	FALSE	0	-	-	-	-	-	-
gene_1598	mRNA_1598	OTHER	FALSE	0.999931	0.000121		FALSE	FALSE	0	-	-	-	-	-	-
gene_1599	mRNA_1599	SP	TRUE	0.000281	0.999699	CS pos: 17-18. Pr: 0.9396	FALSE	FALSE	0	-	-	-	-	-	-
gene_1600	mRNA_1600	OTHER	FALSE	0.999685	0.000345		FALSE	FALSE	0	-	-	-	-	-	-
gene_1601	mRNA_1601	OTHER	FALSE	1.000000	0.000000		FALSE	FALSE	0	-	-	-	-	-	-
gene_1602	mRNA_1602	OTHER	FALSE	1.000000	0.000000		FALSE	FALSE	0	-	-	-	-	-	-
gene_1603	mRNA_1603	OTHER	FALSE	1.000000	0.000000		FALSE	FALSE	0	-	-	-	-	-	-
gene_1604	mRNA_1604	OTHER	FALSE	1.000000	0.000001		FALSE	FALSE	0	-	-	-	-	-	-
gene_1605	mRNA_1605	OTHER	FALSE	1.000000	0.000000		FALSE	FALSE	0	-	-	-	-	-	-
gene_1606	mRNA_1606	OTHER	FALSE	1.000000	0.000004		TRUE	FALSE	1	-	-	-	GH95	-	-
gene_1607	mRNA_1607	OTHER	FALSE	1.000000	0.000003		FALSE	FALSE	0	-	-	-	-	-	-
gene_1608	mRNA_1608	SP	TRUE	0.000254	0.999740	CS pos: 21-22. Pr: 0.9774	FALSE	FALSE	0	-	-	-	-	-	-
gene_1609	mRNA_1609	OTHER	FALSE	1.000000	0.000000		FALSE	FALSE	0	-	-	-	-	-	-
gene_1610	mRNA_1610	OTHER	FALSE	1.000000	0.000000		FALSE	FALSE	0	-	-	-	-	-	-
gene_1611	mRNA_1611	OTHER	FALSE	1.000000	0.000000		FALSE	FALSE	0	-	-	-	-	-	-
gene_1612	mRNA_1612	OTHER	FALSE	1.000000	0.000013		FALSE	FALSE	0	-	-	-	-	-	-
gene_1613	mRNA_1613	OTHER	FALSE	1.000000	0.000000		FALSE	FALSE	0	-	-	-	-	-	-
gene_1614	mRNA_1614	OTHER	FALSE	1.000000	0.000000		FALSE	FALSE	0	-	-	-	-	-	-
gene_1615	mRNA_1615	OTHER	FALSE	1.000000	0.000000		FALSE	FALSE	0	-	-	-	-	-	-
gene_1616	mRNA_1616	OTHER	FALSE	1.000000	0.000000		FALSE	FALSE	0	-	-	-	-	-	-
gene_1617	mRNA_1617	OTHER	FALSE	1.000000	0.000046		TRUE	FALSE	1	-	-	-	GT17	-	-
gene_1618	mRNA_1618	OTHER	FALSE	1.000000	0.000000		FALSE	FALSE	0	-	-	-	-	-	-
gene_1619	mRNA_1619	OTHER	FALSE	1.000000	0.000000		FALSE	FALSE	0	-	-	-	-	-	-
gene_1620	mRNA_1620	OTHER	FALSE	1.000000	0.000000		TRUE	FALSE	1	-	-	-	GH3	-	-
gene_1621	mRNA_1621	OTHER	FALSE	1.000000	0.000001		FALSE	FALSE	0	-	-	-	-	-	-
gene_1622	mRNA_1622	OTHER	FALSE	1.000000	0.000000		FALSE	FALSE	0	-	-	-	-	-	-
gene_1623	mRNA_1623	OTHER	FALSE	1.000000	0.000006		FALSE	FALSE	0	-	-	-	-	-	-
gene_1624	mRNA_1624	OTHER	FALSE	1.000000	0.000001		FALSE	FALSE	0	-	-	-	-	-	-
gene_1625	mRNA_1625	OTHER	FALSE	1.000000	0.000000		FALSE	FALSE	0	-	-	-	-	-	-
gene_1626	mRNA_1626	OTHER	FALSE	1.000000	0.000001		FALSE	FALSE	0	-	-	-	-	-	-
gene_1627	mRNA_1627	OTHER	FALSE	0.999731	0.000279		TRUE	FALSE	1	-	-	-	AA3_2+AA3_2	-	-
gene_1628	mRNA_1628	OTHER	FALSE	1.000000	0.000002		FALSE	FALSE	0	-	-	-	-	-	-
gene_1629	mRNA_1629	OTHER	FALSE	1.000000	0.000000		FALSE	FALSE	0	-	-	-	-	-	-
gene_1630	mRNA_1630	OTHER	FALSE	1.000000	0.000000		FALSE	FALSE	0	-	-	-	-	-	-
gene_1631	mRNA_1631	OTHER	FALSE	1.000000	0.000000		FALSE	FALSE	0	-	-	-	-	-	-
gene_1632	mRNA_1632	OTHER	FALSE	1.000000	0.000002		FALSE	FALSE	0	-	-	-	-	-	-
gene_1633	mRNA_1633	OTHER	FALSE	1.000000	0.000001		FALSE	FALSE	0	-	-	-	-	-	-
gene_1634	mRNA_1634	OTHER	FALSE	0.999830	0.000173		FALSE	FALSE	0	-	-	-	-	-	-
gene_1635	mRNA_1635	OTHER	FALSE	1.000000	0.000001		FALSE	FALSE	0	-	-	-	-	-	-
gene_1636	mRNA_1636	OTHER	FALSE	1.000000	0.000001		FALSE	FALSE	0	-	-	-	-	-	-
gene_1637	mRNA_1637	OTHER	FALSE	1.000000	0.000003		FALSE	FALSE	0	-	-	-	-	-	-
gene_1638	mRNA_1638	OTHER	FALSE	1.000000	0.000000		TRUE	FALSE	1	-	-	-	GT71	-	-
gene_1639	mRNA_1639	OTHER	FALSE	1.000000	0.000000		FALSE	FALSE	0	-	-	-	-	-	-
gene_1640	mRNA_1640	OTHER	FALSE	1.000000	0.000000		FALSE	FALSE	0	-	-	-	-	-	-
gene_1641	mRNA_1641	OTHER	FALSE	1.000000	0.000008		TRUE	FALSE	1	-	-	-	CE16	-	-
gene_1642	mRNA_1642	OTHER	FALSE	1.000000	0.000000		FALSE	FALSE	0	-	-	-	-	-	-
gene_1643	mRNA_1643	OTHER	FALSE	1.000000	0.000000		FALSE	FALSE	0	-	-	-	-	-	-
gene_1644	mRNA_1644	OTHER	FALSE	1.000000	0.000000		FALSE	FALSE	0	-	-	-	-	-	-
gene_1645	mRNA_1645	OTHER	FALSE	1.000000	0.000000		FALSE	FALSE	0	-	-	-	-	-	-
gene_1646	mRNA_1646	OTHER	FALSE	1.000000	0.000000		FALSE	FALSE	0	-	-	-	-	-	-
gene_1647	mRNA_1647	OTHER	FALSE	1.000000	0.000001		FALSE	FALSE	0	-	-	-	-	-	-
gene_1648	mRNA_1648	OTHER	FALSE	1.000000	0.000000		TRUE	FALSE	1	-	-	-	GH0	-	-
gene_1649	mRNA_1649	OTHER	FALSE	0.999986	0.000023		FALSE	FALSE	0	-	-	-	-	-	-
gene_1650	mRNA_1650	OTHER	FALSE	1.000000	0.000000		FALSE	FALSE	0	-	-	-	-	-	-
gene_1651	mRNA_1651	OTHER	FALSE	1.000000	0.000000		FALSE	FALSE	0	-	-	-	-	-	-
gene_1652	mRNA_1652	OTHER	FALSE	1.000000	0.000042		FALSE	FALSE	0	-	-	-	-	-	-
gene_1653	mRNA_1653	OTHER	FALSE	1.000000	0.000000		FALSE	FALSE	0	-	-	-	-	-	-
gene_1654	mRNA_1654	OTHER	FALSE	1.000000	0.000001		FALSE	FALSE	0	-	-	-	-	-	-
gene_1655	mRNA_1655	OTHER	FALSE	1.000000	0.000002		FALSE	FALSE	0	-	-	-	-	-	-
gene_1656	mRNA_1656	OTHER	FALSE	1.000000	0.000000		FALSE	FALSE	0	-	-	-	-	-	-
gene_1657	mRNA_1657	OTHER	FALSE	1.000000	0.000027		FALSE	FALSE	0	-	-	-	-	-	-
gene_1658	mRNA_1658	OTHER	FALSE	1.000000	0.000000		FALSE	FALSE	0	-	-	-	-	-	-
gene_1659	mRNA_1659	OTHER	FALSE	1.000000	0.000000		TRUE	FALSE	1	-	-	-	GT90	-	-
gene_1660	mRNA_1660	OTHER	FALSE	1.000000	0.000000		TRUE	FALSE	1	-	-	-	CE9	-	-
gene_1661	mRNA_1661	OTHER	FALSE	0.999976	0.000076		TRUE	FALSE	1	-	-	-	GT32	-	-
gene_1662	mRNA_1662	OTHER	FALSE	1.000000	0.000000		FALSE	FALSE	0	-	-	-	-	-	-
gene_1663	mRNA_1663	OTHER	FALSE	1.000000	0.000010		FALSE	FALSE	0	-	-	-	-	-	-
gene_1664	mRNA_1664	OTHER	FALSE	1.000000	0.000001		FALSE	FALSE	0	-	-	-	-	-	-
gene_1665	mRNA_1665	SP	TRUE	0.000474	0.999510	CS pos: 17-18. Pr: 0.9640	FALSE	FALSE	0	-	-	-	-	-	-
gene_1666	mRNA_1666	SP	TRUE	0.000254	0.999732	CS pos: 18-19. Pr: 0.9785	TRUE	TRUE	3	2.4.1.-:3|2.4.1.-:33	GH72(23-332)	GH72_e5(25-333)+CBM43_e30(383-469)	GH72+CBM43	GH72_e5|CBM43_e30	beta-glucan
gene_1667	mRNA_1667	OTHER	FALSE	1.000000	0.000000		FALSE	FALSE	0	-	-	-	-	-	-
gene_1668	mRNA_1668	OTHER	FALSE	1.000000	0.000000		FALSE	FALSE	0	-	-	-	-	-	-
gene_1669	mRNA_1669	OTHER	FALSE	1.000000	0.000000		FALSE	FALSE	0	-	-	-	-	-	-
gene_1670	mRNA_1670	OTHER	FALSE	1.000000	0.000000		FALSE	FALSE	0	-	-	-	-	-	-
gene_1671	mRNA_1671	OTHER	FALSE	1.000000	0.000000		FALSE	FALSE	0	-	-	-	-	-	-
gene_1672	mRNA_1672	OTHER	FALSE	1.000000	0.000000		FALSE	FALSE	0	-	-	-	-	-	-
gene_1673	mRNA_1673	OTHER	FALSE	1.000000	0.000003		TRUE	FALSE	1	-	-	-	GH0	-	-
gene_1674	mRNA_1674	OTHER	FALSE	0.999931	0.000110		FALSE	FALSE	0	-	-	-	-	-	-
gene_1675	mRNA_1675	OTHER	FALSE	1.000000	0.000000		FALSE	FALSE	0	-	-	-	-	-	-
gene_1676	mRNA_1676	OTHER	FALSE	1.000000	0.000000		FALSE	FALSE	0	-	-	-	-	-	-
gene_1677	mRNA_1677	OTHER	FALSE	1.000000	0.000000		FALSE	FALSE	0	-	-	-	-	-	-
gene_1678	mRNA_1678	OTHER	FALSE	1.000000	0.000002		FALSE	FALSE	0	-	-	-	-	-	-
gene_1679	mRNA_1679	OTHER	FALSE	1.000000	0.000000		FALSE	FALSE	0	-	-	-	-	-	-
gene_1680	mRNA_1680	OTHER	FALSE	1.000000	0.000000		FALSE	FALSE	0	-	-	-	-	-	-
gene_1681	mRNA_1681	OTHER	FALSE	0.999999	0.000005		FALSE	FALSE	0	-	-	-	-	-	-
gene_1682	mRNA_1682	OTHER	FALSE	1.000000	0.000000		FALSE	FALSE	0	-	-	-	-	-	-
gene_1683	mRNA_1683	OTHER	FALSE	1.000000	0.000000		FALSE	FALSE	0	-	-	-	-	-	-
gene_1684	mRNA_1684	OTHER	FALSE	1.000000	0.000000		FALSE	FALSE	0	-	-	-	-	-	-
gene_1685	mRNA_1685	OTHER	FALSE	0.999733	0.000273		FALSE	FALSE	0	-	-	-	-	-	-
gene_1686	mRNA_1686	OTHER	FALSE	1.000000	0.000000		FALSE	FALSE	0	-	-	-	-	-	-
gene_1687	mRNA_1687	SP	TRUE	0.000228	0.999781	CS pos: 17-18. Pr: 0.9692	TRUE	TRUE	3	3.2.1.21:10;3.2.1.37:4	GH3(104-330)	GH3_e32(104-331)	GH3	GH3_e32	beta-glucan;xylan
gene_1688	mRNA_1688	OTHER	FALSE	1.000000	0.000000		FALSE	FALSE	0	-	-	-	-	-	-
gene_1689	mRNA_1689	OTHER	FALSE	1.000000	0.000000		FALSE	FALSE	0	-	-	-	-	-	-
gene_1690	mRNA_1690	OTHER	FALSE	1.000000	0.000013		FALSE	FALSE	0	-	-	-	-	-	-
gene_1691	mRNA_1691	OTHER	FALSE	1.000000	0.000000		FALSE	FALSE	0	-	-	-	-	-	-
gene_1692	mRNA_1692	OTHER	FALSE	1.000000	0.000001		FALSE	FALSE	0	-	-	-	-	-	-
gene_1693	mRNA_1693	OTHER	FALSE	1.000000	0.000004		FALSE	FALSE	0	-	-	-	-	-	-
gene_1694	mRNA_1694	OTHER	FALSE	1.000000	0.000000		FALSE	FALSE	0	-	-	-	-	-	-
gene_1695	mRNA_1695	SP	TRUE	0.000258	0.999715	CS pos: 16-17. Pr: 0.9472	FALSE	FALSE	0	-	-	-	-	-	-
gene_1696	mRNA_1696	OTHER	FALSE	1.000000	0.000000		FALSE	FALSE	0	-	-	-	-	-	-
gene_1697	mRNA_1697	SP	TRUE	0.004638	0.995329	CS pos: 18-19. Pr: 0.9433	FALSE	FALSE	0	-	-	-	-	-	-
gene_1698	mRNA_1698	OTHER	FALSE	1.000000	0.000000		FALSE	FALSE	0	-	-	-	-	-	-
gene_1699	mRNA_1699	OTHER	FALSE	1.000000	0.000000		TRUE	FALSE	1	-	-	-	GT22	-	-
gene_1700	mRNA_1700	SP	TRUE	0.000303	0.999678	CS pos: 15-16. Pr: 0.9814	TRUE	TRUE	3	1.1.3.-:2	AA7(48-485)	AA7_e5(49-485)	AA7	AA7_e5	xylan
gene_1701	mRNA_1701	OTHER	FALSE	1.000000	0.000000		FALSE	FALSE	0	-	-	-	-	-	-
gene_1702	mRNA_1702	OTHER	FALSE	0.999952	0.000052		FALSE	FALSE	0	-	-	-	-	-	-
gene_1703	mRNA_1703	OTHER	FALSE	1.000000	0.000000		TRUE	FALSE	1	-	-	-	GH64	-	-
gene_1704	mRNA_1704	OTHER	FALSE	1.000000	0.000001		FALSE	FALSE	0	-	-	-	-	-	-
gene_1705	mRNA_1705	OTHER	FALSE	1.000000	0.000001		FALSE	FALSE	0	-	-	-	-	-	-
gene_1706	mRNA_1706	OTHER	FALSE	1.000000	0.000000		FALSE	FALSE	0	-	-	-	-	-	-
gene_1707	mRNA_1707	OTHER	FALSE	1.000000	0.000000		FALSE	FALSE	0	-	-	-	-	-	-
gene_1708	mRNA_1708	OTHER	FALSE	1.000000	0.000000		FALSE	FALSE	0	-	-	-	-	-	-
gene_1709	mRNA_1709	OTHER	FALSE	1.000000	0.000000		FALSE	FALSE	0	-	-	-	-	-	-
gene_1710	mRNA_1710	OTHER	FALSE	0.999747	0.000278		FALSE	FALSE	0	-	-	-	-	-	-
gene_1711	mRNA_1711	OTHER	FALSE	1.000000	0.000000		FALSE	FALSE	0	-	-	-	-	-	-
gene_1712	mRNA_1712	OTHER	FALSE	1.000000	0.000002		FALSE	FALSE	0	-	-	-	-	-	-
gene_1713	mRNA_1713	OTHER	FALSE	1.000000	0.000000		FALSE	FALSE	0	-	-	-	-	-	-
gene_1714	mRNA_1714	OTHER	FALSE	1.000000	0.000007		TRUE	FALSE	1	-	-	-	GH7	-	-
gene_1715	mRNA_1715	OTHER	FALSE	1.000000	0.000000		FALSE	FALSE	0	-	-	-	-	-	-
gene_1716	mRNA_1716	OTHER	FALSE	1.000000	0.000000		TRUE	FALSE	1	-	-	-	GH5_12+GH5_12	-	-
gene_1717	mRNA_1717	OTHER	FALSE	1.000000	0.000000		TRUE	FALSE	1	-	-	-	GH75	-	-
gene_1718	mRNA_1718	OTHER	FALSE	1.000000	0.000000		FALSE	FALSE	0	-	-	-	-	-	-
gene_1719	mRNA_1719	OTHER	FALSE	1.000000	0.000000		TRUE	FALSE	1	-	-	-	GH13_1+GH13_1	-	-
gene_1720	mRNA_1720	OTHER	FALSE	0.999844	0.000204		FALSE	FALSE	0	-	-	-	-	-	-
gene_1721	mRNA_1721	OTHER	FALSE	1.000000	0.000001		TRUE	FALSE	1	-	-	-	AA8	-	-
gene_1722	mRNA_1722	OTHER	FALSE	1.000000	0.000000		FALSE	FALSE	0	-	-	-	-	-	-
gene_1723	mRNA_1723	OTHER	FALSE	0.999890	0.000147		FALSE	FALSE	0	-	-	-	-	-	-
gene_1724	mRNA_1724	SP	TRUE	0.000289	0.999658	CS pos: 25-26. Pr: 0.9870	TRUE	TRUE	3	-	AA8(32-210)	AA8_e3(34-210)	AA8	AA8_e3	lignin
gene_1725	mRNA_1725	OTHER	FALSE	1.000000	0.000000		FALSE	FALSE	0	-	-	-	-	-	-
gene_1726	mRNA_1726	OTHER	FALSE	1.000000	0.000000		FALSE	FALSE	0	-	-	-	-	-	-
gene_1727	mRNA_1727	OTHER	FALSE	1.000000	0.000000		FALSE	FALSE	0	-	-	-	-	-	-
gene_1728	mRNA_1728	OTHER	FALSE	0.999355	0.000702		FALSE	FALSE	0	-	-	-	-	-	-
gene_1729	mRNA_1729	OTHER	FALSE	1.000000	0.000000		TRUE	FALSE	1	-	-	-	AA8	-	-
gene_1730	mRNA_1730	OTHER	FALSE	0.999951	0.000095		FALSE	FALSE	0	-	-	-	-	-	-
gene_1731	mRNA_1731	OTHER	FALSE	1.000000	0.000035		TRUE	FALSE	1	-	-	-	GT47	-	-
gene_1732	mRNA_1732	OTHER	FALSE	1.000000	0.000000		FALSE	FALSE	0	-	-	-	-	-	-
gene_1733	mRNA_1733	OTHER	FALSE	1.000000	0.000000		FALSE	FALSE	0	-	-	-	-	-	-
gene_1734	mRNA_1734	OTHER	FALSE	1.000000	0.000000		FALSE	FALSE	0	-	-	-	-	-	-
gene_1735	mRNA_1735	OTHER	FALSE	1.000000	0.000000		FALSE	FALSE	0	-	-	-	-	-	-
gene_1736	mRNA_1736	OTHER	FALSE	1.000000	0.000000		FALSE	FALSE	0	-	-	-	-	-	-
gene_1737	mRNA_1737	OTHER	FALSE	1.000000	0.000000		FALSE	FALSE	0	-	-	-	-	-	-
gene_1738	mRNA_1738	OTHER	FALSE	1.000000	0.000000		FALSE	FALSE	0	-	-	-	-	-	-
gene_1739	mRNA_1739	OTHER	FALSE	1.000000	0.000000		FALSE	FALSE	0	-	-	-	-	-	-
gene_1740	mRNA_1740	OTHER	FALSE	1.000000	0.000023		FALSE	FALSE	0	-	-	-	-	-	-
gene_1741	mRNA_1741	OTHER	FALSE	0.971840	0.028160		FALSE	FALSE	0	-	-	-	-	-	-
gene_1742	mRNA_1742	OTHER	FALSE	1.000000	0.000047		FALSE	FALSE	0	-	-	-	-	-	-
gene_1743	mRNA_1743	OTHER	FALSE	1.000000	0.000001		FALSE	FALSE	0	-	-	-	-	-	-
gene_1744	mRNA_1744	OTHER	FALSE	1.000000	0.000006		FALSE	FALSE	0	-	-	-	-	-	-
gene_1745	mRNA_1745	SP	TRUE	0.000294	0.999697	CS pos: 20-21. Pr: 0.9546	FALSE	FALSE	0	-	-	-	-	-	-
gene_1746	mRNA_1746	OTHER	FALSE	1.000000	0.000000		FALSE	FALSE	0	-	-	-	-	-	-
gene_1747	mRNA_1747	OTHER	FALSE	1.000000	0.000000		FALSE	FALSE	0	-	-	-	-	-	-
gene_1748	mRNA_1748	OTHER	FALSE	1.000000	0.000001		FALSE	FALSE	0	-	-	-	-	-	-
gene_1749	mRNA_1749	OTHER	FALSE	1.000000	0.000000		FALSE	FALSE	0	-	-	-	-	-	-
gene_1750	mRNA_1750	OTHER	FALSE	0.999436	0.000611		FALSE	FALSE	0	-	-	-	-	-	-
gene_1751	mRNA_1751	OTHER	FALSE	1.000000	0.000000		TRUE	FALSE	1	-	-	-	GT50	-	-
gene_1752	mRNA_1752	OTHER	FALSE	0.999994	0.000018		TRUE	TRUE	3	2.4.1.-:14	GT50(187-475)	GT50_e0(188-475)	GT50	GT50_e0	-
gene_1753	mRNA_1753	OTHER	FALSE	1.000000	0.000000		FALSE	FALSE	0	-	-	-	-	-	-
gene_1754	mRNA_1754	SP	TRUE	0.000444	0.999534	CS pos: 15-16. Pr: 0.9563	TRUE	TRUE	3	3.1.1.-:10	CE15(41-360)	CE15_e22(42-361)	CE15	CE15_e22	-
gene_1755	mRNA_1755	OTHER	FALSE	1.000000	0.000000		FALSE	FALSE	0	-	-	-	-	-	-
gene_1756	mRNA_1756	OTHER	FALSE	1.000000	0.000000		FALSE	FALSE	0	-	-	-	-	-	-
gene_1757	mRNA_1757	OTHER	FALSE	1.000000	0.000000		TRUE	FALSE	1	-	-	-	CE1	-	-
gene_1758	mRNA_1758	OTHER	FALSE	1.000000	0.000001		FALSE	FALSE	0	-	-	-	-	-	-
gene_1759	mRNA_1759	OTHER	FALSE	1.000000	0.000000		FALSE	FALSE	0	-	-	-	-	-	-
gene_1760	mRNA_1760	OTHER	FALSE	1.000000	0.000027		FALSE	FALSE	0	-	-	-	-	-	-
gene_1761	mRNA_1761	OTHER	FALSE	1.000000	0.000001		FALSE	FALSE	0	-	-	-	-	-	-
gene_1762	mRNA_1762	OTHER	FALSE	0.999978	0.000020		FALSE	FALSE	0	-	-	-	-	-	-
gene_1763	mRNA_1763	OTHER	FALSE	1.000000	0.000000		FALSE	FALSE	0	-	-	-	-	-	-
gene_1764	mRNA_1764	OTHER	FALSE	1.000000	0.000000		TRUE	FALSE	1	-	-	-	GH93	-	-
gene_1765	mRNA_1765	OTHER	FALSE	0.999844	0.000212		TRUE	TRUE	3	3.2.1.21:1;3.2.1.37:15;3.2.1.55:3	GH3(60-274)	GH3_e88(62-284)	GH3	GH3_e88	arabinan;beta-glucan;xylan
gene_1766	mRNA_1766	OTHER	FALSE	1.000000	0.000000		FALSE	FALSE	0	-	-	-	-	-	-
gene_1767	mRNA_1767	SP	TRUE	0.000186	0.999780	CS pos: 18-19. Pr: 0.9836	TRUE	FALSE	1	-	-	-	AA3_2+AA3_2	-	-
gene_1768	mRNA_1768	OTHER	FALSE	1.000000	0.000011		FALSE	FALSE	0	-	-	-	-	-	-
gene_1769	mRNA_1769	OTHER	FALSE	1.000000	0.000000		FALSE	FALSE	0	-	-	-	-	-	-
gene_1770	mRNA_1770	OTHER	FALSE	0.999835	0.000216		FALSE	FALSE	0	-	-	-	-	-	-
gene_1771	mRNA_1771	OTHER	FALSE	1.000000	0.000000		FALSE	FALSE	0	-	-	-	-	-	-
gene_1772	mRNA_1772	OTHER	FALSE	1.000000	0.000000		FALSE	FALSE	0	-	-	-	-	-	-
gene_1773	mRNA_1773	OTHER	FALSE	1.000000	0.000004		FALSE	FALSE	0	-	-	-	-	-	-
gene_1774	mRNA_1774	OTHER	FALSE	0.999966	0.000026		FALSE	FALSE	0	-	-	-	-	-	-
gene_1775	mRNA_1775	OTHER	FALSE	1.000000	0.000000		FALSE	FALSE	0	-	-	-	-	-	-
gene_1776	mRNA_1776	OTHER	FALSE	1.000000	0.000000		FALSE	FALSE	0	-	-	-	-	-	-
gene_1777	mRNA_1777	OTHER	FALSE	1.000000	0.000000		FALSE	FALSE	0	-	-	-	-	-	-
gene_1778	mRNA_1778	OTHER	FALSE	1.000000	0.000000		TRUE	FALSE	1	-	-	-	GH5	-	-
gene_1779	mRNA_1779	OTHER	FALSE	0.840686	0.159319		FALSE	FALSE	0	-	-	-	-	-	-
gene_1780	mRNA_1780	OTHER	FALSE	1.000000	0.000000		FALSE	FALSE	0	-	-	-	-	-	-
gene_1781	mRNA_1781	OTHER	FALSE	1.000000	0.000000		FALSE	FALSE	0	-	-	-	-	-	-
gene_1782	mRNA_1782	OTHER	FALSE	1.000000	0.000042		FALSE	FALSE	0	-	-	-	-	-	-
gene_1783	mRNA_1783	OTHER	FALSE	0.999929	0.000108		FALSE	FALSE	0	-	-	-	-	-	-
gene_1784	mRNA_1784	OTHER	FALSE	1.000000	0.000000		FALSE	FALSE	0	-	-	-	-	-	-
gene_1785	mRNA_1785	OTHER	FALSE	1.000000	0.000000		FALSE	FALSE	0	-	-	-	-	-	-
gene_1786	mRNA_1786	SP	TRUE	0.000262	0.999723	CS pos: 21-22. Pr: 0.9766	TRUE	TRUE	3	3.2.1.20:27;3.2.1.84:26	GH31_1(363-808)	GH31_e39(364-809)	GH31_1+GH31_1	GH31_1	alpha-glucan
gene_1787	mRNA_1787	OTHER	FALSE	1.000000	0.000000		FALSE	FALSE	0	-	-	-	-	-	-
gene_1788	mRNA_1788	OTHER	FALSE	1.000000	0.000000		FALSE	FALSE	0	-	-	-	-	-	-
gene_1789	mRNA_1789	OTHER	FALSE	1.000000	0.000000		FALSE	FALSE	0	-	-	-	-	-	-
gene_1790	mRNA_1790	OTHER	FALSE	1.000000	0.000002		FALSE	FALSE	0	-	-	-	-	-	-
gene_1791	mRNA_1791	OTHER	FALSE	1.000000	0.000000		FALSE	FALSE	0	-	-	-	-	-	-
gene_1792	mRNA_1792	OTHER	FALSE	0.992083	0.007926		FALSE	FALSE	0	-	-	-	-	-	-
gene_1793	mRNA_1793	OTHER	FALSE	1.000000	0.000000		FALSE	FALSE	0	-	-	-	-	-	-
gene_1794	mRNA_1794	OTHER	FALSE	1.000000	0.000000		FALSE	FALSE	0	-	-	-	-	-	-
gene_1795	mRNA_1795	OTHER	FALSE	1.000000	0.000000		FALSE	FALSE	0	-	-	-	-	-	-
gene_1796	mRNA_1796	SP	TRUE	0.000246	0.999731	CS pos: 17-18. Pr: 0.9729	FALSE	FALSE	0	-	-	-	-	-	-
gene_1797	mRNA_1797	OTHER	FALSE	1.000000	0.000000		FALSE	FALSE	0	-	-	-	-	-	-
gene_1798	mRNA_1798	OTHER	FALSE	1.000000	0.000001		FALSE	FALSE	0	-	-	-	-	-	-
gene_1799	mRNA_1799	SP	TRUE	0.000232	0.999757	CS pos: 21-22. Pr: 0.9784	FALSE	FALSE	0	-	-	-	-	-	-
gene_1800	mRNA_1800	SP	TRUE	0.000224	0.999761	CS pos: 19-20. Pr: 0.9663	TRUE	TRUE	3	-	GH55_2(158-908)	GH55_e7(343-906)	GH55_2+GH55_2	GH55_2	-
gene_1801	mRNA_1801	OTHER	FALSE	0.998851	0.001185		FALSE	FALSE	0	-	-	-	-	-	-
gene_1802	mRNA_1802	OTHER	FALSE	1.000000	0.000000		FALSE	FALSE	0	-	-	-	-	-	-
gene_1803	mRNA_1803	OTHER	FALSE	0.999861	0.000164		FALSE	FALSE	0	-	-	-	-	-	-
gene_1804	mRNA_1804	OTHER	FALSE	1.000000	0.000001		FALSE	FALSE	0	-	-	-	-	-	-
gene_1805	mRNA_1805	SP	TRUE	0.000844	0.999120	CS pos: 15-16. Pr: 0.9692	FALSE	FALSE	0	-	-	-	-	-	-
gene_1806	mRNA_1806	OTHER	FALSE	1.000000	0.000000		FALSE	FALSE	0	-	-	-	-	-	-
gene_1807	mRNA_1807	OTHER	FALSE	1.000000	0.000000		TRUE	FALSE	1	-	-	-	GH28	-	-
gene_1808	mRNA_1808	OTHER	FALSE	1.000000	0.000015		TRUE	FALSE	1	-	-	-	CBM18	-	-
gene_1809	mRNA_1809	OTHER	FALSE	1.000000	0.000000		FALSE	FALSE	0	-	-	-	-	-	-
gene_1810	mRNA_1810	OTHER	FALSE	1.000000	0.000000		FALSE	FALSE	0	-	-	-	-	-	-
gene_1811	mRNA_1811	OTHER	FALSE	1.000000	0.000007		FALSE	FALSE	0	-	-	-	-	-	-
gene_1812	mRNA_1812	OTHER	FALSE	1.000000	0.000000		FALSE	FALSE	0	-	-	-	-	-	-
gene_1813	mRNA_1813	OTHER	FALSE	1.000000	0.000000		TRUE	FALSE	1	-	-	-	GT8	-	-
gene_1814	mRNA_1814	OTHER	FALSE	1.000000	0.000000		FALSE	FALSE	0	-	-	-	-	-	-
gene_1815	mRNA_1815	OTHER	FALSE	1.000000	0.000000		FALSE	FALSE	0	-	-	-	-	-	-
gene_1816	mRNA_1816	OTHER	FALSE	1.000000	0.000002		FALSE	FALSE	0	-	-	-	-	-	-
gene_1817	mRNA_1817	OTHER	FALSE	0.999987	0.000026		FALSE	FALSE	0	-	-	-	-	-	-
gene_1818	mRNA_1818	SP	TRUE	0.000237	0.999750	CS pos: 19-20. Pr: 0.9834	FALSE	FALSE	0	-	-	-	-	-	-
gene_1819	mRNA_1819	SP	TRUE	0.000526	0.999445	CS pos: 18-19. Pr: 0.6871	FALSE	FALSE	0	-	-	-	-	-	-
gene_1820	mRNA_1820	OTHER	FALSE	1.000000	0.000024		FALSE	FALSE	0	-	-	-	-	-	-
gene_1821	mRNA_1821	OTHER	FALSE	1.000000	0.000000		FALSE	FALSE	0	-	-	-	-	-	-
gene_1822	mRNA_1822	OTHER	FALSE	1.000000	0.000000		FALSE	FALSE	0	-	-	-	-	-	-
gene_1823	mRNA_1823	OTHER	FALSE	1.000000	0.000013		FALSE	FALSE	0	-	-	-	-	-	-
gene_1824	mRNA_1824	OTHER	FALSE	1.000000	0.000001		FALSE	FALSE	0	-	-	-	-	-	-
gene_1825	mRNA_1825	OTHER	FALSE	1.000000	0.000001		FALSE	FALSE	0	-	-	-	-	-	-
gene_1826	mRNA_1826	SP	TRUE	0.000429	0.999548	CS pos: 18-19. Pr: 0.9728	TRUE	TRUE	3	3.2.1.14:58	GH18(42-399)	GH18_e272(44-398)	GH18	GH18_e272	chitin
gene_1827	mRNA_1827	OTHER	FALSE	1.000000	0.000000		FALSE	FALSE	0	-	-	-	-	-	-
gene_1828	mRNA_1828	OTHER	FALSE	1.000000	0.000001		FALSE	FALSE	0	-	-	-	-	-	-
gene_1829	mRNA_1829	SP	TRUE	0.000244	0.999750	CS pos: 17-18. Pr: 0.9825	FALSE	FALSE	0	-	-	-	-	-	-
gene_1830	mRNA_1830	OTHER	FALSE	1.000000	0.000000		FALSE	FALSE	0	-	-	-	-	-	-
gene_1831	mRNA_1831	OTHER	FALSE	1.000000	0.000000		TRUE	FALSE	1	-	-	-	GH29	-	-
gene_1832	mRNA_1832	OTHER	FALSE	1.000000	0.000001		FALSE	FALSE	0	-	-	-	-	-	-
gene_1833	mRNA_1833	OTHER	FALSE	1.000000	0.000000		TRUE	FALSE	1	-	-	-	GT4	-	-
gene_1834	mRNA_1834	OTHER	FALSE	1.000000	0.000000		FALSE	FALSE	0	-	-	-	-	-	-
gene_1835	mRNA_1835	OTHER	FALSE	1.000000	0.000000		FALSE	FALSE	0	-	-	-	-	-	-
gene_1836	mRNA_1836	OTHER	FALSE	1.000000	0.000000		FALSE	FALSE	0	-	-	-	-	-	-
gene_1837	mRNA_1837	OTHER	FALSE	1.000000	0.000000		FALSE	FALSE	0	-	-	-	-	-	-
gene_1838	mRNA_1838	OTHER	FALSE	1.000000	0.000059		FALSE	FALSE	0	-	-	-	-	-	-
gene_1839	mRNA_1839	OTHER	FALSE	1.000000	0.000011		TRUE	FALSE	1	-	-	-	GH16	-	-
gene_1840	mRNA_1840	OTHER	FALSE	1.000000	0.000000		FALSE	FALSE	0	-	-	-	-	-	-
gene_1841	mRNA_1841	OTHER	FALSE	1.000000	0.000003		FALSE	FALSE	0	-	-	-	-	-	-
gene_1842	mRNA_1842	OTHER	FALSE	1.000000	0.000002		FALSE	FALSE	0	-	-	-	-	-	-
gene_1843	mRNA_1843	OTHER	FALSE	1.000000	0.000002		FALSE	FALSE	0	-	-	-	-	-	-
gene_1844	mRNA_1844	OTHER	FALSE	1.000000	0.000000		TRUE	FALSE	1	-	-	-	GT57	-	-
gene_1845	mRNA_1845	OTHER	FALSE	1.000000	0.000000		FALSE	FALSE	0	-	-	-	-	-	-
gene_1846	mRNA_1846	OTHER	FALSE	1.000000	0.000000		FALSE	FALSE	0	-	-	-	-	-	-
gene_1847	mRNA_1847	OTHER	FALSE	1.000000	0.000000		FALSE	FALSE	0	-	-	-	-	-	-
gene_1848	mRNA_1848	OTHER	FALSE	1.000000	0.000000		FALSE	FALSE	0	-	-	-	-	-	-
gene_1849	mRNA_1849	OTHER	FALSE	1.000000	0.000002		FALSE	FALSE	0	-	-	-	-	-	-
gene_1850	mRNA_1850	OTHER	FALSE	1.000000	0.000003		FALSE	FALSE	0	-	-	-	-	-	-
gene_1851	mRNA_1851	OTHER	FALSE	1.000000	0.000002		FALSE	FALSE	0	-	-	-	-	-	-
gene_1852	mRNA_1852	OTHER	FALSE	1.000000	0.000004		FALSE	FALSE	0	-	-	-	-	-	-
gene_1853	mRNA_1853	SP	TRUE	0.000211	0.999762	CS pos: 24-25. Pr: 0.9744	FALSE	FALSE	0	-	-	-	-	-	-
gene_1854	mRNA_1854	OTHER	FALSE	1.000000	0.000000		FALSE	FALSE	0	-	-	-	-	-	-
gene_1855	mRNA_1855	OTHER	FALSE	1.000000	0.000000		FALSE	FALSE	0	-	-	-	-	-	-
gene_1856	mRNA_1856	OTHER	FALSE	1.000000	0.000001		FALSE	FALSE	0	-	-	-	-	-	-
gene_1857	mRNA_1857	OTHER	FALSE	0.995059	0.004959		FALSE	FALSE	0	-	-	-	-	-	-
gene_1858	mRNA_1858	OTHER	FALSE	1.000000	0.000000		FALSE	FALSE	0	-	-	-	-	-	-
gene_1859	mRNA_1859	OTHER	FALSE	1.000000	0.000000		FALSE	FALSE	0	-	-	-	-	-	-
gene_1860	mRNA_1860	SP	TRUE	0.000340	0.999630	CS pos: 19-20. Pr: 0.9677	FALSE	FALSE	0	-	-	-	-	-	-
gene_1861	mRNA_1861	OTHER	FALSE	1.000000	0.000012		FALSE	FALSE	0	-	-	-	-	-	-
gene_1862	mRNA_1862	OTHER	FALSE	1.000000	0.000000		TRUE	FALSE	1	-	-	-	GT2	-	-
gene_1863	mRNA_1863	OTHER	FALSE	0.999949	0.000051		FALSE	FALSE	0	-	-	-	-	-	-
gene_1864	mRNA_1864	OTHER	FALSE	1.000000	0.000000		FALSE	FALSE	0	-	-	-	-	-	-
gene_1865	mRNA_1865	OTHER	FALSE	1.000000	0.000000		FALSE	FALSE	0	-	-	-	-	-	-
gene_1866	mRNA_1866	OTHER	FALSE	1.000000	0.000000		TRUE	FALSE	1	-	-	-	GH15+CBM20	-	-
gene_1867	mRNA_1867	OTHER	FALSE	1.000000	0.000004		FALSE	FALSE	0	-	-	-	-	-	-
gene_1868	mRNA_1868	OTHER	FALSE	1.000000	0.000016		TRUE	TRUE	3	-	AA3_2(8-572)	AA3_e28(9-572)	AA3_2+AA3_2	AA3_2	-
gene_1869	mRNA_1869	OTHER	FALSE	1.000000	0.000000		FALSE	FALSE	0	-	-	-	-	-	-
gene_1870	mRNA_1870	OTHER	FALSE	0.999723	0.000291		TRUE	FALSE	1	-	-	-	GH20	-	-
gene_1871	mRNA_1871	OTHER	FALSE	0.999959	0.000049		FALSE	FALSE	0	-	-	-	-	-	-
gene_1872	mRNA_1872	OTHER	FALSE	1.000000	0.000002		FALSE	FALSE	0	-	-	-	-	-	-
gene_1873	mRNA_1873	OTHER	FALSE	1.000000	0.000000		FALSE	FALSE	0	-	-	-	-	-	-
gene_1874	mRNA_1874	OTHER	FALSE	1.000000	0.000003		FALSE	FALSE	0	-	-	-	-	-	-
gene_1875	mRNA_1875	OTHER	FALSE	1.000000	0.000001		FALSE	FALSE	0	-	-	-	-	-	-
gene_1876	mRNA_1876	OTHER	FALSE	1.000000	0.000007		FALSE	FALSE	0	-	-	-	-	-	-
gene_1877	mRNA_1877	OTHER	FALSE	1.000000	0.000001		FALSE	FALSE	0	-	-	-	-	-	-
gene_1878	mRNA_1878	OTHER	FALSE	1.000000	0.000000		TRUE	FALSE	1	-	-	-	CBM48	-	-
gene_1879	mRNA_1879	OTHER	FALSE	0.999810	0.000189		FALSE	FALSE	0	-	-	-	-	-	-
gene_1880	mRNA_1880	OTHER	FALSE	1.000000	0.000003		FALSE	FALSE	0	-	-	-	-	-	-
gene_1881	mRNA_1881	OTHER	FALSE	1.000000	0.000000		FALSE	FALSE	0	-	-	-	-	-	-
gene_1882	mRNA_1882	OTHER	FALSE	1.000000	0.000001		FALSE	FALSE	0	-	-	-	-	-	-
gene_1883	mRNA_1883	OTHER	FALSE	1.000000	0.000000		FALSE	FALSE	0	-	-	-	-	-	-
gene_1884	mRNA_1884	OTHER	FALSE	1.000000	0.000000		TRUE	FALSE	1	-	-	-	GT69	-	-
gene_1885	mRNA_1885	OTHER	FALSE	1.000000	0.000000		FALSE	FALSE	0	-	-	-	-	-	-
gene_1886	mRNA_1886	OTHER	FALSE	0.933519	0.066502		TRUE	FALSE	1	-	-	-	AA6	-	-
gene_1887	mRNA_1887	OTHER	FALSE	1.000000	0.000001		FALSE	FALSE	0	-	-	-	-	-	-
gene_1888	mRNA_1888	OTHER	FALSE	0.999529	0.000493		FALSE	FALSE	0	-	-	-	-	-	-
gene_1889	mRNA_1889	OTHER	FALSE	1.000000	0.000000		FALSE	FALSE	0	-	-	-	-	-	-
gene_1890	mRNA_1890	OTHER	FALSE	0.999791	0.000236		FALSE	FALSE	0	-	-	-	-	-	-
gene_1891	mRNA_1891	OTHER	FALSE	1.000000	0.000006		FALSE	FALSE	0	-	-	-	-	-	-
gene_1892	mRNA_1892	OTHER	FALSE	1.000000	0.000000		TRUE	FALSE	1	-	-	-	CE16	-	-
gene_1893	mRNA_1893	OTHER	FALSE	1.000000	0.000002		FALSE	FALSE	0	-	-	-	-	-	-
gene_1894	mRNA_1894	OTHER	FALSE	0.999414	0.000621		TRUE	FALSE	1	-	-	-	PL7_4+PL7_4	-	-
gene_1895	mRNA_1895	OTHER	FALSE	0.999135	0.000895		FALSE	FALSE	0	-	-	-	-	-	-
gene_1896	mRNA_1896	OTHER	FALSE	1.000000	0.000000		FALSE	FALSE	0	-	-	-	-	-	-
gene_1897	mRNA_1897	OTHER	FALSE	1.000000	0.000000		FALSE	FALSE	0	-	-	-	-	-	-
gene_1898	mRNA_1898	OTHER	FALSE	1.000000	0.000001		FALSE	FALSE	0	-	-	-	-	-	-
gene_1899	mRNA_1899	OTHER	FALSE	1.000000	0.000000		FALSE	FALSE	0	-	-	-	-	-	-
gene_1900	mRNA_1900	OTHER	FALSE	0.999453	0.000556		TRUE	FALSE	1	-	-	-	CBM0	-	-
gene_1901	mRNA_1901	OTHER	FALSE	1.000000	0.000000		FALSE	FALSE	0	-	-	-	-	-	-
gene_1902	mRNA_1902	OTHER	FALSE	1.000000	0.000000		TRUE	TRUE	3	3.2.1.21:13	GH1(2-472)	GH1_e105(3-472)	GH1	GH1_e105	beta-glucan
gene_1903	mRNA_1903	OTHER	FALSE	1.000000	0.000000		FALSE	FALSE	0	-	-	-	-	-	-
gene_1904	mRNA_1904	SP	TRUE	0.261151	0.738821	CS pos: 22-23. Pr: 0.6951	FALSE	FALSE	0	-	-	-	-	-	-
gene_1905	mRNA_1905	OTHER	FALSE	1.000000	0.000000		FALSE	FALSE	0	-	-	-	-	-	-
gene_1906	mRNA_1906	OTHER	FALSE	1.000000	0.000000		FALSE	FALSE	0	-	-	-	-	-	-
gene_1907	mRNA_1907	OTHER	FALSE	1.000000	0.000000		FALSE	FALSE	0	-	-	-	-	-	-
gene_1908	mRNA_1908	OTHER	FALSE	1.000000	0.000000		FALSE	FALSE	0	-	-	-	-	-	-
gene_1909	mRNA_1909	OTHER	FALSE	1.000000	0.000000		FALSE	FALSE	0	-	-	-	-	-	-
gene_1910	mRNA_1910	OTHER	FALSE	1.000000	0.000002		FALSE	FALSE	0	-	-	-	-	-	-
gene_1911	mRNA_1911	OTHER	FALSE	1.000000	0.000000		FALSE	FALSE	0	-	-	-	-	-	-
gene_1912	mRNA_1912	OTHER	FALSE	1.000000	0.000003		TRUE	FALSE	1	-	-	-	CBM1+AA9	-	-
gene_1913	mRNA_1913	OTHER	FALSE	1.000000	0.000000		FALSE	FALSE	0	-	-	-	-	-	-
gene_1914	mRNA_1914	OTHER	FALSE	1.000000	0.000000		FALSE	FALSE	0	-	-	-	-	-	-
gene_1915	mRNA_1915	OTHER	FALSE	1.000000	0.000000		FALSE	FALSE	0	-	-	-	-	-	-
gene_1916	mRNA_1916	OTHER	FALSE	1.000000	0.000005		FALSE	FALSE	0	-	-	-	-	-	-
gene_1917	mRNA_1917	OTHER	FALSE	1.000000	0.000000		FALSE	FALSE	0	-	-	-	-	-	-
gene_1918	mRNA_1918	OTHER	FALSE	1.000000	0.000000		FALSE	FALSE	0	-	-	-	-	-	-
gene_1919	mRNA_1919	OTHER	FALSE	1.000000	0.000000		FALSE	FALSE	0	-	-	-	-	-	-
gene_1920	mRNA_1920	OTHER	FALSE	1.000000	0.000000		FALSE	FALSE	0	-	-	-	-	-	-
gene_1921	mRNA_1921	OTHER	FALSE	1.000000	0.000000		FALSE	FALSE	0	-	-	-	-	-	-
gene_1922	mRNA_1922	SP	TRUE	0.000665	0.999291	CS pos: 34-35. Pr: 0.9728	FALSE	FALSE	0	-	-	-	-	-	-
gene_1923	mRNA_1923	SP	TRUE	0.000331	0.999641	CS pos: 16-17. Pr: 0.9751	FALSE	FALSE	0	-	-	-	-	-	-
gene_1924	mRNA_1924	OTHER	FALSE	1.000000	0.000003		FALSE	FALSE	0	-	-	-	-	-	-
gene_1925	mRNA_1925	OTHER	FALSE	1.000000	0.000000		FALSE	FALSE	0	-	-	-	-	-	-
gene_1926	mRNA_1926	OTHER	FALSE	1.000000	0.000001		FALSE	FALSE	0	-	-	-	-	-	-
gene_1927	mRNA_1927	OTHER	FALSE	1.000000	0.000000		TRUE	TRUE	3	3.2.1.8:2	GH11(298-468)	GH11_e16(300-469)	GH11	GH11_e16	xylan
gene_1928	mRNA_1928	OTHER	FALSE	1.000000	0.000002		FALSE	FALSE	0	-	-	-	-	-	-
gene_1929	mRNA_1929	SP	TRUE	0.000209	0.999809	CS pos: 19-20. Pr: 0.9801	FALSE	FALSE	0	-	-	-	-	-	-
gene_1930	mRNA_1930	OTHER	FALSE	1.000000	0.000001		FALSE	FALSE	0	-	-	-	-	-	-
gene_1931	mRNA_1931	OTHER	FALSE	1.000000	0.000000		FALSE	FALSE	0	-	-	-	-	-	-
gene_1932	mRNA_1932	OTHER	FALSE	1.000000	0.000000		TRUE	FALSE	1	-	-	-	GT2	-	-
gene_1933	mRNA_1933	OTHER	FALSE	1.000000	0.000000		FALSE	FALSE	0	-	-	-	-	-	-
gene_1934	mRNA_1934	OTHER	FALSE	0.999918	0.000081		FALSE	FALSE	0	-	-	-	-	-	-
gene_1935	mRNA_1935	OTHER	FALSE	1.000000	0.000000		TRUE	FALSE	1	-	-	-	GH27	-	-
gene_1936	mRNA_1936	OTHER	FALSE	0.999980	0.000055		FALSE	FALSE	0	-	-	-	-	-	-
gene_1937	mRNA_1937	OTHER	FALSE	0.999750	0.000294		FALSE	FALSE	0	-	-	-	-	-	-
gene_1938	mRNA_1938	OTHER	FALSE	1.000000	0.000000		FALSE	FALSE	0	-	-	-	-	-	-
gene_1939	mRNA_1939	OTHER	FALSE	0.999947	0.000097		TRUE	TRUE	3	3.2.1.55:3	GH51_1(18-509)	GH51_e31(17-511)	GH51_1+GH51_1	GH51_1	arabinan
gene_1940	mRNA_1940	OTHER	FALSE	1.000000	0.000000		FALSE	FALSE	0	-	-	-	-	-	-
gene_1941	mRNA_1941	OTHER	FALSE	0.999982	0.000014		TRUE	FALSE	1	-	-	-	GH78	-	-
gene_1942	mRNA_1942	OTHER	FALSE	1.000000	0.000037		TRUE	FALSE	1	-	-	-	AA5_2+AA5_2+CBM32+CBM32	-	-
gene_1943	mRNA_1943	SP	TRUE	0.000238	0.999740	CS pos: 18-19. Pr: 0.9625	FALSE	FALSE	0	-	-	-	-	-	-
gene_1944	mRNA_1944	OTHER	FALSE	1.000000	0.000000		FALSE	FALSE	0	-	-	-	-	-	-
gene_1945	mRNA_1945	OTHER	FALSE	1.000000	0.000000		FALSE	FALSE	0	-	-	-	-	-	-
gene_1946	mRNA_1946	OTHER	FALSE	1.000000	0.000000		FALSE	FALSE	0	-	-	-	-	-	-
gene_1947	mRNA_1947	OTHER	FALSE	1.000000	0.000000		FALSE	FALSE	0	-	-	-	-	-	-
gene_1948	mRNA_1948	OTHER	FALSE	1.000000	0.000000		TRUE	FALSE	1	-	-	-	GT4	-	-
gene_1949	mRNA_1949	OTHER	FALSE	1.000000	0.000001		FALSE	FALSE	0	-	-	-	-	-	-
gene_1950	mRNA_1950	OTHER	FALSE	1.000000	0.000000		FALSE	FALSE	0	-	-	-	-	-	-
gene_1951	mRNA_1951	OTHER	FALSE	1.000000	0.000000		TRUE	FALSE	1	-	-	-	GT34	-	-
gene_1952	mRNA_1952	OTHER	FALSE	1.000000	0.000000		FALSE	FALSE	0	-	-	-	-	-	-
gene_1953	mRNA_1953	OTHER	FALSE	1.000000	0.000000		TRUE	FALSE	1	-	-	-	GH114	-	-
gene_1954	mRNA_1954	OTHER	FALSE	1.000000	0.000002		FALSE	FALSE	0	-	-	-	-	-	-
gene_1955	mRNA_1955	OTHER	FALSE	1.000000	0.000000		FALSE	FALSE	0	-	-	-	-	-	-
gene_1956	mRNA_1956	OTHER	FALSE	0.997651	0.002367		FALSE	FALSE	0	-	-	-	-	-	-
gene_1957	mRNA_1957	OTHER	FALSE	1.000000	0.000000		FALSE	FALSE	0	-	-	-	-	-	-
gene_1958	mRNA_1958	OTHER	FALSE	1.000000	0.000001		FALSE	FALSE	0	-	-	-	-	-	-
gene_1959	mRNA_1959	OTHER	FALSE	1.000000	0.000000		FALSE	FALSE	0	-	-	-	-	-	-
gene_1960	mRNA_1960	OTHER	FALSE	1.000000	0.000000		FALSE	FALSE	0	-	-	-	-	-	-
gene_1961	mRNA_1961	OTHER	FALSE	1.000000	0.000000		FALSE	FALSE	0	-	-	-	-	-	-
gene_1962	mRNA_1962	OTHER	FALSE	1.000000	0.000000		TRUE	FALSE	1	-	-	-	GH78	-	-
gene_1963	mRNA_1963	OTHER	FALSE	1.000000	0.000001		TRUE	FALSE	1	-	-	-	GH3	-	-
gene_1964	mRNA_1964	OTHER	FALSE	1.000000	0.000021		TRUE	FALSE	1	-	-	-	GH72	-	-
gene_1965	mRNA_1965	OTHER	FALSE	1.000000	0.000000		FALSE	FALSE	0	-	-	-	-	-	-
gene_1966	mRNA_1966	OTHER	FALSE	1.000000	0.000000		FALSE	FALSE	0	-	-	-	-	-	-
gene_1967	mRNA_1967	OTHER	FALSE	1.000000	0.000029		FALSE	FALSE	0	-	-	-	-	-	-
gene_1968	mRNA_1968	OTHER	FALSE	1.000000	0.000000		TRUE	FALSE	1	-	-	-	GH92	-	-
gene_1969	mRNA_1969	OTHER	FALSE	0.999988	0.000041		TRUE	FALSE	1	-	-	-	PL1_4+PL1_4	-	-
gene_1970	mRNA_1970	SP	TRUE	0.000199	0.999776	CS pos: 23-24. Pr: 0.9776	TRUE	FALSE	1	-	-	-	AA7	-	-
gene_1971	mRNA_1971	OTHER	FALSE	0.999997	0.000008		FALSE	FALSE	0	-	-	-	-	-	-
gene_1972	mRNA_1972	OTHER	FALSE	1.000000	0.000000		FALSE	FALSE	0	-	-	-	-	-	-
gene_1973	mRNA_1973	OTHER	FALSE	1.000000	0.000000		FALSE	FALSE	0	-	-	-	-	-	-
gene_1974	mRNA_1974	OTHER	FALSE	1.000000	0.000000		FALSE	FALSE	0	-	-	-	-	-	-
gene_1975	mRNA_1975	OTHER	FALSE	1.000000	0.000000		TRUE	FALSE	1	-	-	-	AA3	-	-
gene_1976	mRNA_1976	OTHER	FALSE	1.000000	0.000022		FALSE	FALSE	0	-	-	-	-	-	-
gene_1977	mRNA_1977	OTHER	FALSE	1.000000	0.000000		FALSE	FALSE	0	-	-	-	-	-	-
gene_1978	mRNA_1978	SP	TRUE	0.000211	0.999756	CS pos: 18-19. Pr: 0.9614	FALSE	FALSE	0	-	-	-	-	-	-
gene_1979	mRNA_1979	OTHER	FALSE	0.999919	0.000068		TRUE	FALSE	1	-	-	-	GH12	-	-
gene_1980	mRNA_1980	OTHER	FALSE	0.999998	0.000017		TRUE	FALSE	1	-	-	-	GH154	-	-
gene_1981	mRNA_1981	OTHER	FALSE	1.000000	0.000000		FALSE	FALSE	0	-	-	-	-	-	-
gene_1982	mRNA_1982	OTHER	FALSE	1.000000	0.000000		FALSE	FALSE	0	-	-	-	-	-	-
gene_1983	mRNA_1983	OTHER	FALSE	1.000000	0.000000		FALSE	FALSE	0	-	-	-	-	-	-
gene_1984	mRNA_1984	OTHER	FALSE	1.000000	0.000000		FALSE	FALSE	0	-	-	-	-	-	-
gene_1985	mRNA_1985	OTHER	FALSE	1.000000	0.000000		FALSE	FALSE	0	-	-	-	-	-	-
gene_1986	mRNA_1986	OTHER	FALSE	1.000000	0.000002		FALSE	FALSE	0	-	-	-	-	-	-
gene_1987	mRNA_1987	OTHER	FALSE	0.999522	0.000537		FALSE	FALSE	0	-	-	-	-	-	-
gene_1988	mRNA_1988	OTHER	FALSE	1.000000	0.000001		FALSE	FALSE	0	-	-	-	-	-	-
gene_1989	mRNA_1989	OTHER	FALSE	1.000000	0.000000		FALSE	FALSE	0	-	-	-	-	-	-
gene_1990	mRNA_1990	OTHER	FALSE	1.000000	0.000000		FALSE	FALSE	0	-	-	-	-	-	-
gene_1991	mRNA_1991	OTHER	FALSE	1.000000	0.000000		FALSE	FALSE	0	-	-	-	-	-	-
gene_1992	mRNA_1992	OTHER	FALSE	1.000000	0.000000		FALSE	FALSE	0	-	-	-	-	-	-
gene_1993	mRNA_1993	OTHER	FALSE	0.999984	0.000037		FALSE	FALSE	0	-	-	-	-	-	-
gene_1994	mRNA_1994	OTHER	FALSE	1.000000	0.000000		TRUE	FALSE	1	-	-	-	GH71	-	-
gene_1995	mRNA_1995	OTHER	FALSE	1.000000	0.000000		FALSE	FALSE	0	-	-	-	-	-	-
gene_1996	mRNA_1996	OTHER	FALSE	1.000000	0.000000		FALSE	FALSE	0	-	-	-	-	-	-
gene_1997	mRNA_1997	OTHER	FALSE	1.000000	0.000000		FALSE	FALSE	0	-	-	-	-	-	-
gene_1998	mRNA_1998	OTHER	FALSE	1.000000	0.000000		FALSE	FALSE	0	-	-	-	-	-	-
gene_1999	mRNA_1999	OTHER	FALSE	1.000000	0.000000		FALSE	FALSE	0	-	-	-	-	-	-
gene_2000	mRNA_2000	OTHER	FALSE	1.000000	0.000004		FALSE	FALSE	0	-	-	-	-	-	-
gene_2001	mRNA_2001	OTHER	FALSE	1.000000	0.000001		FALSE	FALSE	0	-	-	-	-	-	-
gene_2002	mRNA_2002	OTHER	FALSE	1.000000	0.000000		FALSE	FALSE	0	-	-	-	-	-	-
gene_2003	mRNA_2003	OTHER	FALSE	1.000000	0.000000		FALSE	FALSE	0	-	-	-	-	-	-
gene_2004	mRNA_2004	OTHER	FALSE	1.000000	0.000001		FALSE	FALSE	0	-	-	-	-	-	-
gene_2005	mRNA_2005	OTHER	FALSE	1.000000	0.000000		FALSE	FALSE	0	-	-	-	-	-	-
gene_2006	mRNA_2006	SP	TRUE	0.000242	0.999739	CS pos: 15-16. Pr: 0.9684	FALSE	FALSE	0	-	-	-	-	-	-
gene_2007	mRNA_2007	OTHER	FALSE	1.000000	0.000000		FALSE	FALSE	0	-	-	-	-	-	-
gene_2008	mRNA_2008	OTHER	FALSE	1.000000	0.000000		FALSE	FALSE	0	-	-	-	-	-	-
gene_2009	mRNA_2009	OTHER	FALSE	1.000000	0.000000		TRUE	FALSE	1	-	-	-	GH36	-	-
gene_2010	mRNA_2010	OTHER	FALSE	1.000000	0.000002		FALSE	FALSE	0	-	-	-	-	-	-
gene_2011	mRNA_2011	OTHER	FALSE	1.000000	0.000000		FALSE	FALSE	0	-	-	-	-	-	-
gene_2012	mRNA_2012	OTHER	FALSE	0.999839	0.000199		FALSE	FALSE	0	-	-	-	-	-	-
gene_2013	mRNA_2013	OTHER	FALSE	1.000000	0.000000		FALSE	FALSE	0	-	-	-	-	-	-
gene_2014	mRNA_2014	OTHER	FALSE	1.000000	0.000009		FALSE	FALSE	0	-	-	-	-	-	-
gene_2015	mRNA_2015	OTHER	FALSE	1.000000	0.000000		FALSE	FALSE	0	-	-	-	-	-	-
gene_2016	mRNA_2016	OTHER	FALSE	0.552196	0.447795		TRUE	FALSE	1	-	-	-	AA9	-	-
gene_2017	mRNA_2017	OTHER	FALSE	1.000000	0.000045		FALSE	FALSE	0	-	-	-	-	-	-
gene_2018	mRNA_2018	OTHER	FALSE	1.000000	0.000000		FALSE	FALSE	0	-	-	-	-	-	-
gene_2019	mRNA_2019	OTHER	FALSE	1.000000	0.000000		FALSE	FALSE	0	-	-	-	-	-	-
gene_2020	mRNA_2020	OTHER	FALSE	1.000000	0.000000		FALSE	FALSE	0	-	-	-	-	-	-
gene_2021	mRNA_2021	OTHER	FALSE	1.000000	0.000001		FALSE	FALSE	0	-	-	-	-	-	-
gene_2022	mRNA_2022	OTHER	FALSE	1.000000	0.000000		FALSE	FALSE	0	-	-	-	-	-	-
gene_2023	mRNA_2023	OTHER	FALSE	0.999971	0.000080		FALSE	FALSE	0	-	-	-	-	-	-
gene_2024	mRNA_2024	OTHER	FALSE	0.999975	0.000088		FALSE	FALSE	0	-	-	-	-	-	-
gene_2025	mRNA_2025	OTHER	FALSE	1.000000	0.000001		FALSE	FALSE	0	-	-	-	-	-	-
gene_2026	mRNA_2026	OTHER	FALSE	1.000000	0.000004		FALSE	FALSE	0	-	-	-	-	-	-
gene_2027	mRNA_2027	OTHER	FALSE	1.000000	0.000000		FALSE	FALSE	0	-	-	-	-	-	-
gene_2028	mRNA_2028	OTHER	FALSE	1.000000	0.000000		FALSE	FALSE	0	-	-	-	-	-	-
gene_2029	mRNA_2029	OTHER	FALSE	1.000000	0.000000		FALSE	FALSE	0	-	-	-	-	-	-
gene_2030	mRNA_2030	OTHER	FALSE	1.000000	0.000000		FALSE	FALSE	0	-	-	-	-	-	-
gene_2031	mRNA_2031	OTHER	FALSE	1.000000	0.000000		FALSE	FALSE	0	-	-	-	-	-	-
gene_2032	mRNA_2032	SP	TRUE	0.000340	0.999639	CS pos: 34-35. Pr: 0.9652	FALSE	FALSE	0	-	-	-	-	-	-
gene_2033	mRNA_2033	OTHER	FALSE	1.000000	0.000000		FALSE	FALSE	0	-	-	-	-	-	-
gene_2034	mRNA_2034	SP	TRUE	0.003279	0.996698	CS pos: 43-44. Pr: 0.9492	TRUE	TRUE	3	-	GH47(59-619)	GH47_e19(60-620)	GH47	GH47_e19	host glycan
gene_2035	mRNA_2035	OTHER	FALSE	1.000000	0.000000		FALSE	FALSE	0	-	-	-	-	-	-
gene_2036	mRNA_2036	OTHER	FALSE	1.000000	0.000000		TRUE	FALSE	1	-	-	-	GT2	-	-
gene_2037	mRNA_2037	OTHER	FALSE	1.000000	0.000001		FALSE	FALSE	0	-	-	-	-	-	-
gene_2038	mRNA_2038	OTHER	FALSE	1.000000	0.000027		TRUE	FALSE	1	-	-	-	GH30_7+GH30_7	-	-
gene_2039	mRNA_2039	OTHER	FALSE	1.000000	0.000003		FALSE	FALSE	0	-	-	-	-	-	-
gene_2040	mRNA_2040	OTHER	FALSE	1.000000	0.000000		FALSE	FALSE	0	-	-	-	-	-	-
gene_2041	mRNA_2041	OTHER	FALSE	1.000000	0.000000		TRUE	FALSE	1	-	-	-	GH20	-	-
gene_2042	mRNA_2042	OTHER	FALSE	1.000000	0.000048		FALSE	FALSE	0	-	-	-	-	-	-
gene_2043	mRNA_2043	OTHER	FALSE	1.000000	0.000001		FALSE	FALSE	0	-	-	-	-	-	-
gene_2044	mRNA_2044	OTHER	FALSE	0.994850	0.005161		FALSE	FALSE	0	-	-	-	-	-	-
gene_2045	mRNA_2045	OTHER	FALSE	1.000000	0.000012		FALSE	FALSE	0	-	-	-	-	-	-
gene_2046	mRNA_2046	SP	TRUE	0.000262	0.999703	CS pos: 21-22. Pr: 0.9750	FALSE	FALSE	0	-	-	-	-	-	-
gene_2047	mRNA_2047	OTHER	FALSE	1.000000	0.000001		FALSE	FALSE	0	-	-	-	-	-	-
gene_2048	mRNA_2048	OTHER	FALSE	1.000000	0.000000		TRUE	FALSE	1	-	-	-	GH18	-	-
gene_2049	mRNA_2049	OTHER	FALSE	1.000000	0.000000		FALSE	FALSE	0	-	-	-	-	-	-
gene_2050	mRNA_2050	OTHER	FALSE	1.000000	0.000001		FALSE	FALSE	0	-	-	-	-	-	-
gene_2051	mRNA_2051	OTHER	FALSE	1.000000	0.000000		FALSE	FALSE	0	-	-	-	-	-	-
gene_2052	mRNA_2052	OTHER	FALSE	0.687346	0.312662		FALSE	FALSE	0	-	-	-	-	-	-
gene_2053	mRNA_2053	OTHER	FALSE	1.000000	0.000000		FALSE	FALSE	0	-	-	-	-	-	-
gene_2054	mRNA_2054	OTHER	FALSE	1.000000	0.000003		FALSE	FALSE	0	-	-	-	-	-	-
gene_2055	mRNA_2055	OTHER	FALSE	1.000000	0.000000		FALSE	FALSE	0	-	-	-	-	-	-
gene_2056	mRNA_2056	OTHER	FALSE	1.000000	0.000000		TRUE	FALSE	1	-	-	-	GT91	-	-
gene_2057	mRNA_2057	OTHER	FALSE	1.000000	0.000000		FALSE	FALSE	0	-	-	-	-	-	-
gene_2058	mRNA_2058	OTHER	FALSE	1.000000	0.000000		FALSE	FALSE	0	-	-	-	-	-	-
gene_2059	mRNA_2059	OTHER	FALSE	1.000000	0.000003		FALSE	FALSE	0	-	-	-	-	-	-
gene_2060	mRNA_2060	OTHER	FALSE	0.999223	0.000805		TRUE	TRUE	3	3.2.1.113:7	GH47(136-629)	GH47_e5(137-629)	GH47	GH47_e5	host glycan
gene_2061	mRNA_2061	OTHER	FALSE	1.000000	0.000000		FALSE	FALSE	0	-	-	-	-	-	-
gene_2062	mRNA_2062	OTHER	FALSE	1.000000	0.000000		FALSE	FALSE	0	-	-	-	-	-	-
gene_2063	mRNA_2063	OTHER	FALSE	1.000000	0.000000		FALSE	FALSE	0	-	-	-	-	-	-
gene_2064	mRNA_2064	OTHER	FALSE	1.000000	0.000009		FALSE	FALSE	0	-	-	-	-	-	-
gene_2065	mRNA_2065	OTHER	FALSE	1.000000	0.000000		FALSE	FALSE	0	-	-	-	-	-	-
gene_2066	mRNA_2066	OTHER	FALSE	1.000000	0.000011		FALSE	FALSE	0	-	-	-	-	-	-
gene_2067	mRNA_2067	OTHER	FALSE	1.000000	0.000000		FALSE	FALSE	0	-	-	-	-	-	-
gene_2068	mRNA_2068	OTHER	FALSE	1.000000	0.000000		FALSE	FALSE	0	-	-	-	-	-	-
gene_2069	mRNA_2069	OTHER	FALSE	1.000000	0.000000		FALSE	FALSE	0	-	-	-	-	-	-
gene_2070	mRNA_2070	OTHER	FALSE	1.000000	0.000000		FALSE	FALSE	0	-	-	-	-	-	-
gene_2071	mRNA_2071	SP	TRUE	0.000272	0.999681	CS pos: 25-26. Pr: 0.9724	TRUE	FALSE	1	-	-	-	CBM12	-	-
gene_2072	mRNA_2072	SP	TRUE	0.000231	0.999741	CS pos: 24-25. Pr: 0.9815	TRUE	TRUE	3	3.2.1.4:59	GH45(28-228)	GH45_e0(29-228)	GH45_1+GH45_1	GH45_e0	beta-glucan
gene_2073	mRNA_2073	OTHER	FALSE	1.000000	0.000009		FALSE	FALSE	0	-	-	-	-	-	-
gene_2074	mRNA_2074	OTHER	FALSE	1.000000	0.000001		FALSE	FALSE	0	-	-	-	-	-	-
gene_2075	mRNA_2075	OTHER	FALSE	1.000000	0.000004		FALSE	FALSE	0	-	-	-	-	-	-
gene_2076	mRNA_2076	OTHER	FALSE	1.000000	0.000000		FALSE	FALSE	0	-	-	-	-	-	-
gene_2077	mRNA_2077	OTHER	FALSE	1.000000	0.000000		FALSE	FALSE	0	-	-	-	-	-	-
gene_2078	mRNA_2078	OTHER	FALSE	1.000000	0.000000		TRUE	FALSE	1	-	-	-	GH5_9+GH5_9	-	-
gene_2079	mRNA_2079	OTHER	FALSE	1.000000	0.000000		FALSE	FALSE	0	-	-	-	-	-	-
gene_2080	mRNA_2080	OTHER	FALSE	1.000000	0.000000		FALSE	FALSE	0	-	-	-	-	-	-
gene_2081	mRNA_2081	SP	TRUE	0.000198	0.999767	CS pos: 18-19. Pr: 0.9823	TRUE	TRUE	3	3.2.1.37:1|-	GH43_14(21-320)+CBM91(361-561)	GH43_e51(22-320)+CBM91_e33(363-579)	GH43_14+CBM91+GH43_14	GH43_14|CBM91_e33	xylan
gene_2082	mRNA_2082	OTHER	FALSE	1.000000	0.000000		FALSE	FALSE	0	-	-	-	-	-	-
gene_2083	mRNA_2083	OTHER	FALSE	1.000000	0.000000		FALSE	FALSE	0	-	-	-	-	-	-
gene_2084	mRNA_2084	OTHER	FALSE	1.000000	0.000003		FALSE	FALSE	0	-	-	-	-	-	-
gene_2085	mRNA_2085	OTHER	FALSE	1.000000	0.000000		TRUE	FALSE	1	-	-	-	GH16	-	-
gene_2086	mRNA_2086	OTHER	FALSE	1.000000	0.000037		FALSE	FALSE	0	-	-	-	-	-	-
gene_2087	mRNA_2087	OTHER	FALSE	1.000000	0.000000		FALSE	FALSE	0	-	-	-	-	-	-
gene_2088	mRNA_2088	OTHER	FALSE	1.000000	0.000001		FALSE	FALSE	0	-	-	-	-	-	-
gene_2089	mRNA_2089	OTHER	FALSE	1.000000	0.000000		FALSE	FALSE	0	-	-	-	-	-	-
gene_2090	mRNA_2090	OTHER	FALSE	1.000000	0.000000		FALSE	FALSE	0	-	-	-	-	-	-
gene_2091	mRNA_2091	OTHER	FALSE	1.000000	0.000000		FALSE	FALSE	0	-	-	-	-	-	-
gene_2092	mRNA_2092	OTHER	FALSE	1.000000	0.000000		TRUE	FALSE	1	-	-	-	GH5_12+GH5_12	-	-
gene_2093	mRNA_2093	OTHER	FALSE	1.000000	0.000001		FALSE	FALSE	0	-	-	-	-	-	-
gene_2094	mRNA_2094	OTHER	FALSE	1.000000	0.000000		FALSE	FALSE	0	-	-	-	-	-	-
gene_2095	mRNA_2095	OTHER	FALSE	1.000000	0.000001		FALSE	FALSE	0	-	-	-	-	-	-
gene_2096	mRNA_2096	OTHER	FALSE	0.948531	0.051490		FALSE	FALSE	0	-	-	-	-	-	-
gene_2097	mRNA_2097	OTHER	FALSE	1.000000	0.000000		FALSE	FALSE	0	-	-	-	-	-	-
gene_2098	mRNA_2098	OTHER	FALSE	1.000000	0.000001		FALSE	FALSE	0	-	-	-	-	-	-
gene_2099	mRNA_2099	OTHER	FALSE	1.000000	0.000000		TRUE	FALSE	1	-	-	-	GT41	-	-
gene_2100	mRNA_2100	OTHER	FALSE	1.000000	0.000000		FALSE	FALSE	0	-	-	-	-	-	-
gene_2101	mRNA_2101	OTHER	FALSE	1.000000	0.000001		FALSE	FALSE	0	-	-	-	-	-	-
gene_2102	mRNA_2102	OTHER	FALSE	1.000000	0.000012		TRUE	FALSE	1	-	-	-	AA3_3+AA3_3	-	-
gene_2103	mRNA_2103	OTHER	FALSE	1.000000	0.000000		FALSE	FALSE	0	-	-	-	-	-	-
gene_2104	mRNA_2104	OTHER	FALSE	1.000000	0.000018		FALSE	FALSE	0	-	-	-	-	-	-
gene_2105	mRNA_2105	OTHER	FALSE	1.000000	0.000000		FALSE	FALSE	0	-	-	-	-	-	-
gene_2106	mRNA_2106	OTHER	FALSE	1.000000	0.000000		FALSE	FALSE	0	-	-	-	-	-	-
gene_2107	mRNA_2107	OTHER	FALSE	1.000000	0.000002		FALSE	FALSE	0	-	-	-	-	-	-
gene_2108	mRNA_2108	OTHER	FALSE	1.000000	0.000001		FALSE	FALSE	0	-	-	-	-	-	-
gene_2109	mRNA_2109	OTHER	FALSE	1.000000	0.000000		FALSE	FALSE	0	-	-	-	-	-	-
gene_2110	mRNA_2110	OTHER	FALSE	1.000000	0.000000		FALSE	FALSE	0	-	-	-	-	-	-
gene_2111	mRNA_2111	OTHER	FALSE	1.000000	0.000000		FALSE	FALSE	0	-	-	-	-	-	-
gene_2112	mRNA_2112	OTHER	FALSE	1.000000	0.000000		FALSE	FALSE	0	-	-	-	-	-	-
gene_2113	mRNA_2113	OTHER	FALSE	0.959825	0.040190		FALSE	FALSE	0	-	-	-	-	-	-
gene_2114	mRNA_2114	OTHER	FALSE	1.000000	0.000000		FALSE	FALSE	0	-	-	-	-	-	-
gene_2115	mRNA_2115	OTHER	FALSE	1.000000	0.000000		TRUE	FALSE	1	-	-	-	GH75	-	-
gene_2116	mRNA_2116	OTHER	FALSE	0.999972	0.000012		FALSE	FALSE	0	-	-	-	-	-	-
gene_2117	mRNA_2117	OTHER	FALSE	1.000000	0.000000		FALSE	FALSE	0	-	-	-	-	-	-
gene_2118	mRNA_2118	OTHER	FALSE	1.000000	0.000001		FALSE	FALSE	0	-	-	-	-	-	-
gene_2119	mRNA_2119	OTHER	FALSE	1.000000	0.000000		FALSE	FALSE	0	-	-	-	-	-	-
gene_2120	mRNA_2120	OTHER	FALSE	1.000000	0.000000		FALSE	FALSE	0	-	-	-	-	-	-
gene_2121	mRNA_2121	OTHER	FALSE	1.000000	0.000000		FALSE	FALSE	0	-	-	-	-	-	-
gene_2122	mRNA_2122	OTHER	FALSE	0.999906	0.000145		FALSE	FALSE	0	-	-	-	-	-	-
gene_2123	mRNA_2123	OTHER	FALSE	1.000000	0.000002		FALSE	FALSE	0	-	-	-	-	-	-
gene_2124	mRNA_2124	OTHER	FALSE	1.000000	0.000000		FALSE	FALSE	0	-	-	-	-	-	-
gene_2125	mRNA_2125	SP	TRUE	0.000205	0.999755	CS pos: 22-23. Pr: 0.9762	TRUE	TRUE	3	-	GH16_23(96-278)	GH16_e100(97-279)	GH16_23+GH16_23	GH16_23	-
gene_2126	mRNA_2126	OTHER	FALSE	1.000000	0.000002		TRUE	TRUE	3	-	GH64(53-434)	GH64_e16(55-435)	GH64	GH64_e16	beta-glucan
gene_2127	mRNA_2127	OTHER	FALSE	1.000000	0.000001		FALSE	FALSE	0	-	-	-	-	-	-
gene_2128	mRNA_2128	SP	TRUE	0.008233	0.991751	CS pos: 39-40. Pr: 0.9548	FALSE	FALSE	0	-	-	-	-	-	-
gene_2129	mRNA_2129	OTHER	FALSE	1.000000	0.000002		FALSE	FALSE	0	-	-	-	-	-	-
gene_2130	mRNA_2130	OTHER	FALSE	1.000000	0.000000		FALSE	FALSE	0	-	-	-	-	-	-
gene_2131	mRNA_2131	OTHER	FALSE	1.000000	0.000000		FALSE	FALSE	0	-	-	-	-	-	-
gene_2132	mRNA_2132	OTHER	FALSE	1.000000	0.000002		FALSE	FALSE	0	-	-	-	-	-	-
gene_2133	mRNA_2133	OTHER	FALSE	1.000000	0.000000		FALSE	FALSE	0	-	-	-	-	-	-
gene_2134	mRNA_2134	OTHER	FALSE	1.000000	0.000002		FALSE	FALSE	0	-	-	-	-	-	-
gene_2135	mRNA_2135	OTHER	FALSE	1.000000	0.000000		FALSE	FALSE	0	-	-	-	-	-	-
gene_2136	mRNA_2136	OTHER	FALSE	1.000000	0.000007		FALSE	FALSE	0	-	-	-	-	-	-
gene_2137	mRNA_2137	OTHER	FALSE	0.999900	0.000119		FALSE	FALSE	0	-	-	-	-	-	-
gene_2138	mRNA_2138	OTHER	FALSE	1.000000	0.000003		TRUE	FALSE	1	-	-	-	AA9	-	-
gene_2139	mRNA_2139	OTHER	FALSE	1.000000	0.000001		FALSE	FALSE	0	-	-	-	-	-	-
gene_2140	mRNA_2140	OTHER	FALSE	0.999967	0.000063		FALSE	FALSE	0	-	-	-	-	-	-
gene_2141	mRNA_2141	SP	TRUE	0.000290	0.999689	CS pos: 16-17. Pr: 0.9755	FALSE	FALSE	0	-	-	-	-	-	-
gene_2142	mRNA_2142	SP	TRUE	0.000267	0.999719	CS pos: 21-22. Pr: 0.9745	FALSE	FALSE	0	-	-	-	-	-	-
gene_2143	mRNA_2143	OTHER	FALSE	1.000000	0.000000		FALSE	FALSE	0	-	-	-	-	-	-
gene_2144	mRNA_2144	OTHER	FALSE	1.000000	0.000000		FALSE	FALSE	0	-	-	-	-	-	-
gene_2145	mRNA_2145	OTHER	FALSE	1.000000	0.000000		FALSE	FALSE	0	-	-	-	-	-	-
gene_2146	mRNA_2146	OTHER	FALSE	1.000000	0.000000		FALSE	FALSE	0	-	-	-	-	-	-
gene_2147	mRNA_2147	OTHER	FALSE	1.000000	0.000000		FALSE	FALSE	0	-	-	-	-	-	-
gene_2148	mRNA_2148	OTHER	FALSE	1.000000	0.000000		FALSE	FALSE	0	-	-	-	-	-	-
gene_2149	mRNA_2149	OTHER	FALSE	1.000000	0.000001		TRUE	FALSE	1	-	-	-	AA9	-	-
gene_2150	mRNA_2150	OTHER	FALSE	1.000000	0.000000		FALSE	FALSE	0	-	-	-	-	-	-
gene_2151	mRNA_2151	OTHER	FALSE	1.000000	0.000000		TRUE	FALSE	1	-	-	-	AA1	-	-
gene_2152	mRNA_2152	OTHER	FALSE	1.000000	0.000000		TRUE	FALSE	1	-	-	-	GT1	-	-
gene_2153	mRNA_2153	OTHER	FALSE	1.000000	0.000004		FALSE	FALSE	0	-	-	-	-	-	-
gene_2154	mRNA_2154	OTHER	FALSE	1.000000	0.000000		FALSE	FALSE	0	-	-	-	-	-	-
gene_2155	mRNA_2155	SP	TRUE	0.000192	0.999787	CS pos: 18-19. Pr: 0.9689	TRUE	TRUE	3	-	GH92(263-775)	GH92_e32(263-775)	GH92	GH92_e32	host glycan
gene_2156	mRNA_2156	OTHER	FALSE	1.000000	0.000017		FALSE	FALSE	0	-	-	-	-	-	-
gene_2157	mRNA_2157	OTHER	FALSE	1.000000	0.000001		FALSE	FALSE	0	-	-	-	-	-	-
gene_2158	mRNA_2158	OTHER	FALSE	0.895096	0.104909		FALSE	FALSE	0	-	-	-	-	-	-
gene_2159	mRNA_2159	OTHER	FALSE	1.000000	0.000000		FALSE	FALSE	0	-	-	-	-	-	-
gene_2160	mRNA_2160	OTHER	FALSE	1.000000	0.000000		FALSE	FALSE	0	-	-	-	-	-	-
gene_2161	mRNA_2161	OTHER	FALSE	1.000000	0.000002		FALSE	FALSE	0	-	-	-	-	-	-
gene_2162	mRNA_2162	OTHER	FALSE	1.000000	0.000001		FALSE	FALSE	0	-	-	-	-	-	-
gene_2163	mRNA_2163	OTHER	FALSE	1.000000	0.000000		FALSE	FALSE	0	-	-	-	-	-	-
gene_2164	mRNA_2164	OTHER	FALSE	1.000000	0.000000		FALSE	FALSE	0	-	-	-	-	-	-
gene_2165	mRNA_2165	OTHER	FALSE	1.000000	0.000000		FALSE	FALSE	0	-	-	-	-	-	-
gene_2166	mRNA_2166	OTHER	FALSE	1.000000	0.000000		FALSE	FALSE	0	-	-	-	-	-	-
gene_2167	mRNA_2167	OTHER	FALSE	1.000000	0.000011		FALSE	FALSE	0	-	-	-	-	-	-
gene_2168	mRNA_2168	OTHER	FALSE	1.000000	0.000000		FALSE	FALSE	0	-	-	-	-	-	-
gene_2169	mRNA_2169	OTHER	FALSE	1.000000	0.000000		TRUE	FALSE	1	-	-	-	GT39	-	-
gene_2170	mRNA_2170	OTHER	FALSE	1.000000	0.000000		FALSE	FALSE	0	-	-	-	-	-	-
gene_2171	mRNA_2171	OTHER	FALSE	1.000000	0.000000		FALSE	FALSE	0	-	-	-	-	-	-
gene_2172	mRNA_2172	OTHER	FALSE	1.000000	0.000000		FALSE	FALSE	0	-	-	-	-	-	-
gene_2173	mRNA_2173	OTHER	FALSE	1.000000	0.000000		FALSE	FALSE	0	-	-	-	-	-	-
gene_2174	mRNA_2174	OTHER	FALSE	1.000000	0.000000		TRUE	FALSE	1	-	-	-	GT1	-	-
gene_2175	mRNA_2175	OTHER	FALSE	1.000000	0.000000		FALSE	FALSE	0	-	-	-	-	-	-
gene_2176	mRNA_2176	OTHER	FALSE	1.000000	0.000000		TRUE	FALSE	1	-	-	-	GH1	-	-
gene_2177	mRNA_2177	OTHER	FALSE	1.000000	0.000000		FALSE	FALSE	0	-	-	-	-	-	-
gene_2178	mRNA_2178	OTHER	FALSE	1.000000	0.000000		FALSE	FALSE	0	-	-	-	-	-	-
gene_2179	mRNA_2179	OTHER	FALSE	1.000000	0.000000		FALSE	FALSE	0	-	-	-	-	-	-
gene_2180	mRNA_2180	OTHER	FALSE	1.000000	0.000000		FALSE	FALSE	0	-	-	-	-	-	-
gene_2181	mRNA_2181	OTHER	FALSE	0.999451	0.000619		FALSE	FALSE	0	-	-	-	-	-	-
gene_2182	mRNA_2182	OTHER	FALSE	1.000000	0.000000		FALSE	FALSE	0	-	-	-	-	-	-
gene_2183	mRNA_2183	OTHER	FALSE	1.000000	0.000000		FALSE	FALSE	0	-	-	-	-	-	-
gene_2184	mRNA_2184	OTHER	FALSE	1.000000	0.000007		FALSE	FALSE	0	-	-	-	-	-	-
gene_2185	mRNA_2185	OTHER	FALSE	1.000000	0.000000		FALSE	FALSE	0	-	-	-	-	-	-
gene_2186	mRNA_2186	OTHER	FALSE	0.999373	0.000632		FALSE	FALSE	0	-	-	-	-	-	-
gene_2187	mRNA_2187	OTHER	FALSE	1.000000	0.000000		FALSE	FALSE	0	-	-	-	-	-	-
gene_2188	mRNA_2188	OTHER	FALSE	1.000000	0.000000		FALSE	FALSE	0	-	-	-	-	-	-
gene_2189	mRNA_2189	OTHER	FALSE	1.000000	0.000000		TRUE	FALSE	1	-	-	-	GT90	-	-
gene_2190	mRNA_2190	OTHER	FALSE	0.999903	0.000124		FALSE	FALSE	0	-	-	-	-	-	-
gene_2191	mRNA_2191	OTHER	FALSE	1.000000	0.000000		FALSE	FALSE	0	-	-	-	-	-	-
gene_2192	mRNA_2192	OTHER	FALSE	1.000000	0.000017		FALSE	FALSE	0	-	-	-	-	-	-
gene_2193	mRNA_2193	OTHER	FALSE	1.000000	0.000000		FALSE	FALSE	0	-	-	-	-	-	-
gene_2194	mRNA_2194	OTHER	FALSE	1.000000	0.000000		FALSE	FALSE	0	-	-	-	-	-	-
gene_2195	mRNA_2195	OTHER	FALSE	1.000000	0.000000		FALSE	FALSE	0	-	-	-	-	-	-
gene_2196	mRNA_2196	OTHER	FALSE	1.000000	0.000000		TRUE	FALSE	1	-	-	-	GH16_18+GH16_18	-	-
gene_2197	mRNA_2197	OTHER	FALSE	1.000000	0.000000		FALSE	FALSE	0	-	-	-	-	-	-
gene_2198	mRNA_2198	OTHER	FALSE	1.000000	0.000017		FALSE	FALSE	0	-	-	-	-	-	-
gene_2199	mRNA_2199	OTHER	FALSE	1.000000	0.000000		FALSE	FALSE	0	-	-	-	-	-	-
gene_2200	mRNA_2200	OTHER	FALSE	1.000000	0.000000		FALSE	FALSE	0	-	-	-	-	-	-
gene_2201	mRNA_2201	OTHER	FALSE	1.000000	0.000013		FALSE	FALSE	0	-	-	-	-	-	-
gene_2202	mRNA_2202	OTHER	FALSE	1.000000	0.000000		FALSE	FALSE	0	-	-	-	-	-	-
gene_2203	mRNA_2203	OTHER	FALSE	0.963941	0.036083		FALSE	FALSE	0	-	-	-	-	-	-
gene_2204	mRNA_2204	OTHER	FALSE	1.000000	0.000001		FALSE	FALSE	0	-	-	-	-	-	-
gene_2205	mRNA_2205	OTHER	FALSE	1.000000	0.000000		FALSE	FALSE	0	-	-	-	-	-	-
gene_2206	mRNA_2206	OTHER	FALSE	1.000000	0.000000		FALSE	FALSE	0	-	-	-	-	-	-
gene_2207	mRNA_2207	OTHER	FALSE	1.000000	0.000001		FALSE	FALSE	0	-	-	-	-	-	-
gene_2208	mRNA_2208	OTHER	FALSE	1.000000	0.000008		FALSE	FALSE	0	-	-	-	-	-	-
gene_2209	mRNA_2209	OTHER	FALSE	1.000000	0.000000		FALSE	FALSE	0	-	-	-	-	-	-
gene_2210	mRNA_2210	OTHER	FALSE	1.000000	0.000000		FALSE	FALSE	0	-	-	-	-	-	-
gene_2211	mRNA_2211	OTHER	FALSE	1.000000	0.000000		TRUE	FALSE	1	-	-	-	AA1	-	-
gene_2212	mRNA_2212	OTHER	FALSE	1.000000	0.000000		FALSE	FALSE	0	-	-	-	-	-	-
gene_2213	mRNA_2213	OTHER	FALSE	0.999906	0.000115		FALSE	FALSE	0	-	-	-	-	-	-
gene_2214	mRNA_2214	OTHER	FALSE	1.000000	0.000000		FALSE	FALSE	0	-	-	-	-	-	-
gene_2215	mRNA_2215	OTHER	FALSE	1.000000	0.000043		FALSE	FALSE	0	-	-	-	-	-	-
gene_2216	mRNA_2216	OTHER	FALSE	1.000000	0.000000		FALSE	FALSE	0	-	-	-	-	-	-
gene_2217	mRNA_2217	OTHER	FALSE	1.000000	0.000013		FALSE	FALSE	0	-	-	-	-	-	-
gene_2218	mRNA_2218	OTHER	FALSE	1.000000	0.000000		FALSE	FALSE	0	-	-	-	-	-	-
gene_2219	mRNA_2219	OTHER	FALSE	1.000000	0.000000		FALSE	FALSE	0	-	-	-	-	-	-
gene_2220	mRNA_2220	OTHER	FALSE	1.000000	0.000000		FALSE	FALSE	0	-	-	-	-	-	-
gene_2221	mRNA_2221	OTHER	FALSE	1.000000	0.000000		FALSE	FALSE	0	-	-	-	-	-	-
gene_2222	mRNA_2222	OTHER	FALSE	1.000000	0.000001		TRUE	TRUE	3	2.4.1.109:13	GT39(79-317)	GT39_e30(80-318)	GT39	GT39_e30	-
gene_2223	mRNA_2223	OTHER	FALSE	1.000000	0.000000		FALSE	FALSE	0	-	-	-	-	-	-
gene_2224	mRNA_2224	OTHER	FALSE	1.000000	0.000002		FALSE	FALSE	0	-	-	-	-	-	-
gene_2225	mRNA_2225	OTHER	FALSE	1.000000	0.000000		FALSE	FALSE	0	-	-	-	-	-	-
gene_2226	mRNA_2226	SP	TRUE	0.000288	0.999676	CS pos: 19-20. Pr: 0.9778	FALSE	FALSE	0	-	-	-	-	-	-
gene_2227	mRNA_2227	OTHER	FALSE	1.000000	0.000000		FALSE	FALSE	0	-	-	-	-	-	-
gene_2228	mRNA_2228	OTHER	FALSE	1.000000	0.000000		FALSE	FALSE	0	-	-	-	-	-	-
gene_2229	mRNA_2229	OTHER	FALSE	1.000000	0.000000		TRUE	FALSE	1	-	-	-	GH16	-	-
gene_2230	mRNA_2230	OTHER	FALSE	1.000000	0.000000		FALSE	FALSE	0	-	-	-	-	-	-
gene_2231	mRNA_2231	OTHER	FALSE	1.000000	0.000013		FALSE	FALSE	0	-	-	-	-	-	-
gene_2232	mRNA_2232	OTHER	FALSE	1.000000	0.000000		TRUE	FALSE	1	-	-	-	GH3	-	-
gene_2233	mRNA_2233	OTHER	FALSE	1.000000	0.000000		FALSE	FALSE	0	-	-	-	-	-	-
gene_2234	mRNA_2234	OTHER	FALSE	1.000000	0.000000		TRUE	FALSE	1	-	-	-	GH43_26+GH43_26	-	-
gene_2235	mRNA_2235	OTHER	FALSE	1.000000	0.000000		FALSE	FALSE	0	-	-	-	-	-	-
gene_2236	mRNA_2236	OTHER	FALSE	1.000000	0.000000		FALSE	FALSE	0	-	-	-	-	-	-
gene_2237	mRNA_2237	OTHER	FALSE	1.000000	0.000000		FALSE	FALSE	0	-	-	-	-	-	-
gene_2238	mRNA_2238	OTHER	FALSE	1.000000	0.000000		FALSE	FALSE	0	-	-	-	-	-	-
gene_2239	mRNA_2239	OTHER	FALSE	1.000000	0.000000		FALSE	FALSE	0	-	-	-	-	-	-
gene_2240	mRNA_2240	OTHER	FALSE	1.000000	0.000001		FALSE	FALSE	0	-	-	-	-	-	-
gene_2241	mRNA_2241	SP	TRUE	0.000402	0.999586	CS pos: 17-18. Pr: 0.9779	FALSE	FALSE	0	-	-	-	-	-	-
gene_2242	mRNA_2242	OTHER	FALSE	1.000000	0.000000		FALSE	FALSE	0	-	-	-	-	-	-
gene_2243	mRNA_2243	OTHER	FALSE	1.000000	0.000002		FALSE	FALSE	0	-	-	-	-	-	-
gene_2244	mRNA_2244	OTHER	FALSE	1.000000	0.000000		FALSE	FALSE	0	-	-	-	-	-	-
gene_2245	mRNA_2245	SP	TRUE	0.063812	0.936160	CS pos: 22-23. Pr: 0.9047	FALSE	FALSE	0	-	-	-	-	-	-
gene_2246	mRNA_2246	OTHER	FALSE	1.000000	0.000000		FALSE	FALSE	0	-	-	-	-	-	-
gene_2247	mRNA_2247	OTHER	FALSE	1.000000	0.000001		FALSE	FALSE	0	-	-	-	-	-	-
gene_2248	mRNA_2248	OTHER	FALSE	0.999873	0.000168		FALSE	FALSE	0	-	-	-	-	-	-
gene_2249	mRNA_2249	OTHER	FALSE	1.000000	0.000052		FALSE	FALSE	0	-	-	-	-	-	-
gene_2250	mRNA_2250	OTHER	FALSE	1.000000	0.000000		FALSE	FALSE	0	-	-	-	-	-	-
gene_2251	mRNA_2251	SP	TRUE	0.000237	0.999733	CS pos: 20-21. Pr: 0.9797	TRUE	TRUE	3	-	GH128(229-440)	GH128_e34(233-438)	GH128	GH128_e34	beta-glucan
gene_2252	mRNA_2252	OTHER	FALSE	0.999748	0.000245		FALSE	FALSE	0	-	-	-	-	-	-
gene_2253	mRNA_2253	OTHER	FALSE	1.000000	0.000000		FALSE	FALSE	0	-	-	-	-	-	-
gene_2254	mRNA_2254	OTHER	FALSE	1.000000	0.000000		FALSE	FALSE	0	-	-	-	-	-	-
gene_2255	mRNA_2255	OTHER	FALSE	0.998344	0.001661		FALSE	FALSE	0	-	-	-	-	-	-
gene_2256	mRNA_2256	OTHER	FALSE	1.000000	0.000006		FALSE	FALSE	0	-	-	-	-	-	-
gene_2257	mRNA_2257	OTHER	FALSE	1.000000	0.000000		FALSE	FALSE	0	-	-	-	-	-	-
gene_2258	mRNA_2258	OTHER	FALSE	1.000000	0.000001		FALSE	FALSE	0	-	-	-	-	-	-
gene_2259	mRNA_2259	OTHER	FALSE	1.000000	0.000000		FALSE	FALSE	0	-	-	-	-	-	-
gene_2260	mRNA_2260	OTHER	FALSE	1.000000	0.000000		FALSE	FALSE	0	-	-	-	-	-	-
gene_2261	mRNA_2261	OTHER	FALSE	0.999797	0.000211		FALSE	FALSE	0	-	-	-	-	-	-
gene_2262	mRNA_2262	OTHER	FALSE	1.000000	0.000006		FALSE	FALSE	0	-	-	-	-	-	-
gene_2263	mRNA_2263	OTHER	FALSE	1.000000	0.000008		FALSE	FALSE	0	-	-	-	-	-	-
gene_2264	mRNA_2264	OTHER	FALSE	1.000000	0.000000		FALSE	FALSE	0	-	-	-	-	-	-
gene_2265	mRNA_2265	OTHER	FALSE	1.000000	0.000000		FALSE	FALSE	0	-	-	-	-	-	-
gene_2266	mRNA_2266	SP	TRUE	0.135968	0.863996	CS pos: 24-25. Pr: 0.8132	FALSE	FALSE	0	-	-	-	-	-	-
gene_2267	mRNA_2267	OTHER	FALSE	1.000000	0.000004		FALSE	FALSE	0	-	-	-	-	-	-
gene_2268	mRNA_2268	OTHER	FALSE	1.000000	0.000016		FALSE	FALSE	0	-	-	-	-	-	-
gene_2269	mRNA_2269	OTHER	FALSE	1.000000	0.000007		FALSE	FALSE	0	-	-	-	-	-	-
gene_2270	mRNA_2270	OTHER	FALSE	1.000000	0.000004		FALSE	FALSE	0	-	-	-	-	-	-
gene_2271	mRNA_2271	OTHER	FALSE	1.000000	0.000000		FALSE	FALSE	0	-	-	-	-	-	-
gene_2272	mRNA_2272	OTHER	FALSE	0.959614	0.040404		FALSE	FALSE	0	-	-	-	-	-	-
gene_2273	mRNA_2273	OTHER	FALSE	1.000000	0.000000		FALSE	FALSE	0	-	-	-	-	-	-
gene_2274	mRNA_2274	OTHER	FALSE	1.000000	0.000001		FALSE	FALSE	0	-	-	-	-	-	-
gene_2275	mRNA_2275	OTHER	FALSE	1.000000	0.000001		FALSE	FALSE	0	-	-	-	-	-	-
gene_2276	mRNA_2276	OTHER	FALSE	1.000000	0.000001		TRUE	FALSE	1	-	-	-	GH43_26+GH43_26	-	-
gene_2277	mRNA_2277	OTHER	FALSE	1.000000	0.000000		FALSE	FALSE	0	-	-	-	-	-	-
gene_2278	mRNA_2278	OTHER	FALSE	1.000000	0.000002		FALSE	FALSE	0	-	-	-	-	-	-
gene_2279	mRNA_2279	OTHER	FALSE	1.000000	0.000000		FALSE	FALSE	0	-	-	-	-	-	-
gene_2280	mRNA_2280	OTHER	FALSE	1.000000	0.000000		FALSE	FALSE	0	-	-	-	-	-	-
gene_2281	mRNA_2281	OTHER	FALSE	1.000000	0.000007		FALSE	FALSE	0	-	-	-	-	-	-
gene_2282	mRNA_2282	OTHER	FALSE	1.000000	0.000000		FALSE	FALSE	0	-	-	-	-	-	-
gene_2283	mRNA_2283	OTHER	FALSE	1.000000	0.000000		FALSE	FALSE	0	-	-	-	-	-	-
gene_2284	mRNA_2284	OTHER	FALSE	1.000000	0.000000		FALSE	FALSE	0	-	-	-	-	-	-
gene_2285	mRNA_2285	OTHER	FALSE	1.000000	0.000000		FALSE	FALSE	0	-	-	-	-	-	-
gene_2286	mRNA_2286	OTHER	FALSE	1.000000	0.000001		FALSE	FALSE	0	-	-	-	-	-	-
gene_2287	mRNA_2287	OTHER	FALSE	1.000000	0.000000		FALSE	FALSE	0	-	-	-	-	-	-
gene_2288	mRNA_2288	OTHER	FALSE	1.000000	0.000000		FALSE	FALSE	0	-	-	-	-	-	-
gene_2289	mRNA_2289	OTHER	FALSE	1.000000	0.000000		FALSE	FALSE	0	-	-	-	-	-	-
gene_2290	mRNA_2290	SP	TRUE	0.002996	0.996990	CS pos: 22-23. Pr: 0.9356	TRUE	FALSE	1	-	-	-	GH18	-	-
gene_2291	mRNA_2291	OTHER	FALSE	1.000000	0.000000		TRUE	FALSE	1	-	-	-	GH71	-	-
gene_2292	mRNA_2292	OTHER	FALSE	1.000000	0.000000		FALSE	FALSE	0	-	-	-	-	-	-
gene_2293	mRNA_2293	OTHER	FALSE	1.000000	0.000000		FALSE	FALSE	0	-	-	-	-	-	-
gene_2294	mRNA_2294	OTHER	FALSE	1.000000	0.000000		TRUE	FALSE	1	-	-	-	GT2+GT2	-	-
gene_2295	mRNA_2295	OTHER	FALSE	1.000000	0.000000		FALSE	FALSE	0	-	-	-	-	-	-
gene_2296	mRNA_2296	OTHER	FALSE	1.000000	0.000000		FALSE	FALSE	0	-	-	-	-	-	-
gene_2297	mRNA_2297	OTHER	FALSE	1.000000	0.000000		FALSE	FALSE	0	-	-	-	-	-	-
gene_2298	mRNA_2298	OTHER	FALSE	0.999650	0.000362		FALSE	FALSE	0	-	-	-	-	-	-
gene_2299	mRNA_2299	OTHER	FALSE	1.000000	0.000000		FALSE	FALSE	0	-	-	-	-	-	-
gene_2300	mRNA_2300	OTHER	FALSE	1.000000	0.000010		FALSE	FALSE	0	-	-	-	-	-	-
gene_2301	mRNA_2301	OTHER	FALSE	1.000000	0.000000		FALSE	FALSE	0	-	-	-	-	-	-
gene_2302	mRNA_2302	OTHER	FALSE	1.000000	0.000000		FALSE	FALSE	0	-	-	-	-	-	-
gene_2303	mRNA_2303	OTHER	FALSE	1.000000	0.000000		TRUE	FALSE	1	-	-	-	GH15+CBM20	-	-
gene_2304	mRNA_2304	OTHER	FALSE	1.000000	0.000000		FALSE	FALSE	0	-	-	-	-	-	-
gene_2305	mRNA_2305	OTHER	FALSE	1.000000	0.000000		FALSE	FALSE	0	-	-	-	-	-	-
gene_2306	mRNA_2306	OTHER	FALSE	1.000000	0.000000		FALSE	FALSE	0	-	-	-	-	-	-
gene_2307	mRNA_2307	OTHER	FALSE	1.000000	0.000000		TRUE	FALSE	1	-	-	-	GH131	-	-
gene_2308	mRNA_2308	OTHER	FALSE	1.000000	0.000000		FALSE	FALSE	0	-	-	-	-	-	-
gene_2309	mRNA_2309	OTHER	FALSE	1.000000	0.000000		FALSE	FALSE	0	-	-	-	-	-	-
gene_2310	mRNA_2310	OTHER	FALSE	1.000000	0.000000		TRUE	FALSE	1	-	-	-	GH47	-	-
gene_2311	mRNA_2311	OTHER	FALSE	1.000000	0.000000		FALSE	FALSE	0	-	-	-	-	-	-
gene_2312	mRNA_2312	OTHER	FALSE	1.000000	0.000000		FALSE	FALSE	0	-	-	-	-	-	-
gene_2313	mRNA_2313	SP	TRUE	0.000210	0.999756	CS pos: 23-24. Pr: 0.9752	FALSE	FALSE	0	-	-	-	-	-	-
gene_2314	mRNA_2314	OTHER	FALSE	1.000000	0.000000		FALSE	FALSE	0	-	-	-	-	-	-
gene_2315	mRNA_2315	OTHER	FALSE	0.999987	0.000057		FALSE	FALSE	0	-	-	-	-	-	-
gene_2316	mRNA_2316	SP	TRUE	0.337515	0.662478	CS pos: 40-41. Pr: 0.5719	TRUE	FALSE	1	-	-	-	GH17	-	-
gene_2317	mRNA_2317	OTHER	FALSE	0.999916	0.000128		FALSE	FALSE	0	-	-	-	-	-	-
gene_2318	mRNA_2318	SP	TRUE	0.000205	0.999738	CS pos: 20-21. Pr: 0.9784	TRUE	TRUE	3	-	GH17(72-302)	GH17_e7(72-313)	GH17	GH17_e7	-
gene_2319	mRNA_2319	OTHER	FALSE	1.000000	0.000000		FALSE	FALSE	0	-	-	-	-	-	-
gene_2320	mRNA_2320	OTHER	FALSE	0.997806	0.002233		FALSE	FALSE	0	-	-	-	-	-	-
gene_2321	mRNA_2321	OTHER	FALSE	1.000000	0.000000		FALSE	FALSE	0	-	-	-	-	-	-
gene_2322	mRNA_2322	OTHER	FALSE	1.000000	0.000000		FALSE	FALSE	0	-	-	-	-	-	-
gene_2323	mRNA_2323	OTHER	FALSE	1.000000	0.000000		FALSE	FALSE	0	-	-	-	-	-	-
gene_2324	mRNA_2324	OTHER	FALSE	1.000000	0.000001		FALSE	FALSE	0	-	-	-	-	-	-
gene_2325	mRNA_2325	OTHER	FALSE	1.000000	0.000000		FALSE	FALSE	0	-	-	-	-	-	-
gene_2326	mRNA_2326	OTHER	FALSE	1.000000	0.000000		FALSE	FALSE	0	-	-	-	-	-	-
gene_2327	mRNA_2327	OTHER	FALSE	1.000000	0.000005		FALSE	FALSE	0	-	-	-	-	-	-
gene_2328	mRNA_2328	OTHER	FALSE	1.000000	0.000000		FALSE	FALSE	0	-	-	-	-	-	-
gene_2329	mRNA_2329	OTHER	FALSE	1.000000	0.000000		FALSE	FALSE	0	-	-	-	-	-	-
gene_2330	mRNA_2330	OTHER	FALSE	1.000000	0.000001		FALSE	FALSE	0	-	-	-	-	-	-
gene_2331	mRNA_2331	SP	TRUE	0.000420	0.999561	CS pos: 18-19. Pr: 0.9804	FALSE	FALSE	0	-	-	-	-	-	-
gene_2332	mRNA_2332	OTHER	FALSE	0.867303	0.132719		FALSE	FALSE	0	-	-	-	-	-	-
gene_2333	mRNA_2333	OTHER	FALSE	1.000000	0.000000		TRUE	FALSE	1	-	-	-	CE0	-	-
gene_2334	mRNA_2334	OTHER	FALSE	1.000000	0.000000		FALSE	FALSE	0	-	-	-	-	-	-
gene_2335	mRNA_2335	OTHER	FALSE	1.000000	0.000000		FALSE	FALSE	0	-	-	-	-	-	-
gene_2336	mRNA_2336	OTHER	FALSE	1.000000	0.000004		FALSE	FALSE	0	-	-	-	-	-	-
gene_2337	mRNA_2337	OTHER	FALSE	1.000000	0.000001		TRUE	FALSE	1	-	-	-	GH2_13+GH2_13	-	-
gene_2338	mRNA_2338	OTHER	FALSE	1.000000	0.000001		FALSE	FALSE	0	-	-	-	-	-	-
gene_2339	mRNA_2339	OTHER	FALSE	1.000000	0.000000		TRUE	FALSE	1	-	-	-	GH13_40+GH13_40	-	-
gene_2340	mRNA_2340	OTHER	FALSE	1.000000	0.000000		FALSE	FALSE	0	-	-	-	-	-	-
gene_2341	mRNA_2341	OTHER	FALSE	1.000000	0.000000		FALSE	FALSE	0	-	-	-	-	-	-
gene_2342	mRNA_2342	SP	TRUE	0.000408	0.999559	CS pos: 25-26. Pr: 0.9700	FALSE	FALSE	0	-	-	-	-	-	-
gene_2343	mRNA_2343	OTHER	FALSE	1.000000	0.000001		FALSE	FALSE	0	-	-	-	-	-	-
gene_2344	mRNA_2344	SP	TRUE	0.010982	0.988979	CS pos: 24-25. Pr: 0.8637	FALSE	FALSE	0	-	-	-	-	-	-
gene_2345	mRNA_2345	OTHER	FALSE	0.945552	0.054445		FALSE	FALSE	0	-	-	-	-	-	-
gene_2346	mRNA_2346	OTHER	FALSE	1.000000	0.000003		FALSE	FALSE	0	-	-	-	-	-	-
gene_2347	mRNA_2347	OTHER	FALSE	1.000000	0.000000		FALSE	FALSE	0	-	-	-	-	-	-
gene_2348	mRNA_2348	OTHER	FALSE	1.000000	0.000000		FALSE	FALSE	0	-	-	-	-	-	-
gene_2349	mRNA_2349	OTHER	FALSE	0.993463	0.006557		FALSE	FALSE	0	-	-	-	-	-	-
gene_2350	mRNA_2350	OTHER	FALSE	1.000000	0.000001		FALSE	FALSE	0	-	-	-	-	-	-
gene_2351	mRNA_2351	OTHER	FALSE	1.000000	0.000007		FALSE	FALSE	0	-	-	-	-	-	-
gene_2352	mRNA_2352	OTHER	FALSE	1.000000	0.000002		FALSE	FALSE	0	-	-	-	-	-	-
gene_2353	mRNA_2353	OTHER	FALSE	1.000000	0.000000		FALSE	FALSE	0	-	-	-	-	-	-
gene_2354	mRNA_2354	OTHER	FALSE	0.999776	0.000217		FALSE	FALSE	0	-	-	-	-	-	-
gene_2355	mRNA_2355	OTHER	FALSE	1.000000	0.000000		FALSE	FALSE	0	-	-	-	-	-	-
gene_2356	mRNA_2356	OTHER	FALSE	1.000000	0.000000		FALSE	FALSE	0	-	-	-	-	-	-
gene_2357	mRNA_2357	OTHER	FALSE	0.999775	0.000256		TRUE	FALSE	1	-	-	-	GH12	-	-
gene_2358	mRNA_2358	OTHER	FALSE	1.000000	0.000000		FALSE	FALSE	0	-	-	-	-	-	-
gene_2359	mRNA_2359	OTHER	FALSE	1.000000	0.000000		FALSE	FALSE	0	-	-	-	-	-	-
gene_2360	mRNA_2360	OTHER	FALSE	1.000000	0.000000		FALSE	FALSE	0	-	-	-	-	-	-
gene_2361	mRNA_2361	OTHER	FALSE	1.000000	0.000001		FALSE	FALSE	0	-	-	-	-	-	-
gene_2362	mRNA_2362	OTHER	FALSE	1.000000	0.000000		TRUE	FALSE	1	-	-	-	GT22	-	-
gene_2363	mRNA_2363	OTHER	FALSE	1.000000	0.000000		FALSE	FALSE	0	-	-	-	-	-	-
gene_2364	mRNA_2364	OTHER	FALSE	1.000000	0.000000		FALSE	FALSE	0	-	-	-	-	-	-
gene_2365	mRNA_2365	OTHER	FALSE	1.000000	0.000000		TRUE	FALSE	1	-	-	-	GH28	-	-
gene_2366	mRNA_2366	OTHER	FALSE	1.000000	0.000000		TRUE	FALSE	1	-	-	-	PL4_5+PL4_5	-	-
gene_2367	mRNA_2367	OTHER	FALSE	1.000000	0.000000		FALSE	FALSE	0	-	-	-	-	-	-
gene_2368	mRNA_2368	OTHER	FALSE	0.998759	0.001269		FALSE	FALSE	0	-	-	-	-	-	-
gene_2369	mRNA_2369	OTHER	FALSE	1.000000	0.000000		FALSE	FALSE	0	-	-	-	-	-	-
gene_2370	mRNA_2370	OTHER	FALSE	1.000000	0.000003		TRUE	TRUE	3	2.4.99.18:21	GT66(28-674)	GT66_e1(30-675)	GT66	GT66_e1	-
gene_2371	mRNA_2371	OTHER	FALSE	1.000000	0.000000		FALSE	FALSE	0	-	-	-	-	-	-
gene_2372	mRNA_2372	OTHER	FALSE	1.000000	0.000000		FALSE	FALSE	0	-	-	-	-	-	-
gene_2373	mRNA_2373	OTHER	FALSE	1.000000	0.000020		FALSE	FALSE	0	-	-	-	-	-	-
gene_2374	mRNA_2374	OTHER	FALSE	1.000000	0.000002		FALSE	FALSE	0	-	-	-	-	-	-
gene_2375	mRNA_2375	OTHER	FALSE	1.000000	0.000000		FALSE	FALSE	0	-	-	-	-	-	-
gene_2376	mRNA_2376	SP	TRUE	0.000259	0.999692	CS pos: 25-26. Pr: 0.9787	FALSE	FALSE	0	-	-	-	-	-	-
gene_2377	mRNA_2377	OTHER	FALSE	1.000000	0.000002		FALSE	FALSE	0	-	-	-	-	-	-
gene_2378	mRNA_2378	OTHER	FALSE	0.997987	0.002054		FALSE	FALSE	0	-	-	-	-	-	-
gene_2379	mRNA_2379	OTHER	FALSE	1.000000	0.000001		FALSE	FALSE	0	-	-	-	-	-	-
gene_2380	mRNA_2380	OTHER	FALSE	1.000000	0.000001		FALSE	FALSE	0	-	-	-	-	-	-
gene_2381	mRNA_2381	OTHER	FALSE	1.000000	0.000000		FALSE	FALSE	0	-	-	-	-	-	-
gene_2382	mRNA_2382	OTHER	FALSE	1.000000	0.000013		FALSE	FALSE	0	-	-	-	-	-	-
gene_2383	mRNA_2383	OTHER	FALSE	1.000000	0.000000		FALSE	FALSE	0	-	-	-	-	-	-
gene_2384	mRNA_2384	OTHER	FALSE	0.999241	0.000805		FALSE	FALSE	0	-	-	-	-	-	-
gene_2385	mRNA_2385	OTHER	FALSE	1.000000	0.000003		TRUE	FALSE	1	-	-	-	GT0	-	-
gene_2386	mRNA_2386	OTHER	FALSE	1.000000	0.000000		FALSE	FALSE	0	-	-	-	-	-	-
gene_2387	mRNA_2387	OTHER	FALSE	1.000000	0.000000		FALSE	FALSE	0	-	-	-	-	-	-
gene_2388	mRNA_2388	OTHER	FALSE	1.000000	0.000000		FALSE	FALSE	0	-	-	-	-	-	-
gene_2389	mRNA_2389	OTHER	FALSE	1.000000	0.000000		FALSE	FALSE	0	-	-	-	-	-	-
gene_2390	mRNA_2390	OTHER	FALSE	1.000000	0.000000		FALSE	FALSE	0	-	-	-	-	-	-
gene_2391	mRNA_2391	OTHER	FALSE	1.000000	0.000000		FALSE	FALSE	0	-	-	-	-	-	-
gene_2392	mRNA_2392	OTHER	FALSE	1.000000	0.000000		TRUE	FALSE	1	-	-	-	GT0	-	-
gene_2393	mRNA_2393	OTHER	FALSE	1.000000	0.000000		FALSE	FALSE	0	-	-	-	-	-	-
gene_2394	mRNA_2394	SP	TRUE	0.000235	0.999728	CS pos: 21-22. Pr: 0.9753	FALSE	FALSE	0	-	-	-	-	-	-
gene_2395	mRNA_2395	OTHER	FALSE	1.000000	0.000000		FALSE	FALSE	0	-	-	-	-	-	-
gene_2396	mRNA_2396	OTHER	FALSE	0.999874	0.000125		FALSE	FALSE	0	-	-	-	-	-	-
gene_2397	mRNA_2397	OTHER	FALSE	1.000000	0.000000		TRUE	FALSE	1	-	-	-	GH93	-	-
gene_2398	mRNA_2398	OTHER	FALSE	1.000000	0.000001		FALSE	FALSE	0	-	-	-	-	-	-
gene_2399	mRNA_2399	OTHER	FALSE	1.000000	0.000000		FALSE	FALSE	0	-	-	-	-	-	-
gene_2400	mRNA_2400	OTHER	FALSE	1.000000	0.000000		TRUE	FALSE	1	-	-	-	GH16_22+GH16_22	-	-
gene_2401	mRNA_2401	OTHER	FALSE	1.000000	0.000000		FALSE	FALSE	0	-	-	-	-	-	-
gene_2402	mRNA_2402	OTHER	FALSE	1.000000	0.000021		FALSE	FALSE	0	-	-	-	-	-	-
gene_2403	mRNA_2403	OTHER	FALSE	0.997654	0.002362		FALSE	FALSE	0	-	-	-	-	-	-
gene_2404	mRNA_2404	OTHER	FALSE	1.000000	0.000000		FALSE	FALSE	0	-	-	-	-	-	-
gene_2405	mRNA_2405	OTHER	FALSE	1.000000	0.000000		FALSE	FALSE	0	-	-	-	-	-	-
gene_2406	mRNA_2406	OTHER	FALSE	1.000000	0.000001		FALSE	FALSE	0	-	-	-	-	-	-
gene_2407	mRNA_2407	OTHER	FALSE	1.000000	0.000006		FALSE	FALSE	0	-	-	-	-	-	-
gene_2408	mRNA_2408	OTHER	FALSE	1.000000	0.000000		TRUE	FALSE	1	-	-	-	GH51_1	-	-
gene_2409	mRNA_2409	OTHER	FALSE	1.000000	0.000000		FALSE	FALSE	0	-	-	-	-	-	-
gene_2410	mRNA_2410	OTHER	FALSE	1.000000	0.000002		FALSE	FALSE	0	-	-	-	-	-	-
gene_2411	mRNA_2411	OTHER	FALSE	1.000000	0.000000		FALSE	FALSE	0	-	-	-	-	-	-
gene_2412	mRNA_2412	OTHER	FALSE	1.000000	0.000008		FALSE	FALSE	0	-	-	-	-	-	-
gene_2413	mRNA_2413	OTHER	FALSE	1.000000	0.000010		FALSE	FALSE	0	-	-	-	-	-	-
gene_2414	mRNA_2414	OTHER	FALSE	1.000000	0.000000		FALSE	FALSE	0	-	-	-	-	-	-
gene_2415	mRNA_2415	OTHER	FALSE	0.999993	0.000038		FALSE	FALSE	0	-	-	-	-	-	-
gene_2416	mRNA_2416	OTHER	FALSE	0.999962	0.000038		FALSE	FALSE	0	-	-	-	-	-	-
gene_2417	mRNA_2417	OTHER	FALSE	0.981380	0.018615		TRUE	FALSE	1	-	-	-	GH20	-	-
gene_2418	mRNA_2418	OTHER	FALSE	1.000000	0.000000		FALSE	FALSE	0	-	-	-	-	-	-
gene_2419	mRNA_2419	OTHER	FALSE	1.000000	0.000000		FALSE	FALSE	0	-	-	-	-	-	-
gene_2420	mRNA_2420	OTHER	FALSE	0.998697	0.001329		FALSE	FALSE	0	-	-	-	-	-	-
gene_2421	mRNA_2421	OTHER	FALSE	1.000000	0.000000		FALSE	FALSE	0	-	-	-	-	-	-
gene_2422	mRNA_2422	OTHER	FALSE	1.000000	0.000010		FALSE	FALSE	0	-	-	-	-	-	-
gene_2423	mRNA_2423	OTHER	FALSE	0.999444	0.000589		FALSE	FALSE	0	-	-	-	-	-	-
gene_2424	mRNA_2424	OTHER	FALSE	1.000000	0.000002		TRUE	FALSE	1	-	-	-	AA12	-	-
gene_2425	mRNA_2425	OTHER	FALSE	1.000000	0.000031		FALSE	FALSE	0	-	-	-	-	-	-
gene_2426	mRNA_2426	OTHER	FALSE	1.000000	0.000001		FALSE	FALSE	0	-	-	-	-	-	-
gene_2427	mRNA_2427	OTHER	FALSE	1.000000	0.000000		TRUE	FALSE	1	-	-	-	CBM1+GH95	-	-
gene_2428	mRNA_2428	OTHER	FALSE	1.000000	0.000019		TRUE	FALSE	1	-	-	-	GH92	-	-
gene_2429	mRNA_2429	OTHER	FALSE	1.000000	0.000002		FALSE	FALSE	0	-	-	-	-	-	-
gene_2430	mRNA_2430	SP	TRUE	0.044605	0.955358	CS pos: 28-29. Pr: 0.9090	FALSE	FALSE	0	-	-	-	-	-	-
gene_2431	mRNA_2431	OTHER	FALSE	1.000000	0.000000		FALSE	FALSE	0	-	-	-	-	-	-
gene_2432	mRNA_2432	OTHER	FALSE	1.000000	0.000000		FALSE	FALSE	0	-	-	-	-	-	-
gene_2433	mRNA_2433	OTHER	FALSE	1.000000	0.000000		FALSE	FALSE	0	-	-	-	-	-	-
gene_2434	mRNA_2434	OTHER	FALSE	1.000000	0.000000		FALSE	FALSE	0	-	-	-	-	-	-
gene_2435	mRNA_2435	OTHER	FALSE	1.000000	0.000002		TRUE	FALSE	1	-	-	-	GH0	-	-
gene_2436	mRNA_2436	OTHER	FALSE	1.000000	0.000000		TRUE	FALSE	1	-	-	-	GH51_2+GH51_2	-	-
gene_2437	mRNA_2437	OTHER	FALSE	1.000000	0.000000		FALSE	FALSE	0	-	-	-	-	-	-
gene_2438	mRNA_2438	OTHER	FALSE	1.000000	0.000000		FALSE	FALSE	0	-	-	-	-	-	-
gene_2439	mRNA_2439	OTHER	FALSE	1.000000	0.000000		FALSE	FALSE	0	-	-	-	-	-	-
gene_2440	mRNA_2440	OTHER	FALSE	1.000000	0.000000		FALSE	FALSE	0	-	-	-	-	-	-
gene_2441	mRNA_2441	SP	TRUE	0.000239	0.999695	CS pos: 19-20. Pr: 0.9762	FALSE	FALSE	0	-	-	-	-	-	-
gene_2442	mRNA_2442	OTHER	FALSE	1.000000	0.000012		TRUE	FALSE	1	-	-	-	GH2_10+GH2_10	-	-
gene_2443	mRNA_2443	OTHER	FALSE	0.999936	0.000089		FALSE	FALSE	0	-	-	-	-	-	-
gene_2444	mRNA_2444	OTHER	FALSE	0.999949	0.000078		FALSE	FALSE	0	-	-	-	-	-	-
gene_2445	mRNA_2445	OTHER	FALSE	1.000000	0.000029		FALSE	FALSE	0	-	-	-	-	-	-
gene_2446	mRNA_2446	OTHER	FALSE	0.999978	0.000070		FALSE	FALSE	0	-	-	-	-	-	-
gene_2447	mRNA_2447	SP	TRUE	0.000360	0.999616	CS pos: 21-22. Pr: 0.9329	FALSE	FALSE	0	-	-	-	-	-	-
gene_2448	mRNA_2448	OTHER	FALSE	0.862612	0.137411		TRUE	TRUE	3	-	CE16(43-333)	CE16_e2(42-334)	CE16	CE16_e2	xylan
gene_2449	mRNA_2449	OTHER	FALSE	1.000000	0.000000		FALSE	FALSE	0	-	-	-	-	-	-
gene_2450	mRNA_2450	OTHER	FALSE	1.000000	0.000001		TRUE	FALSE	1	-	-	-	GT76	-	-
gene_2451	mRNA_2451	SP	TRUE	0.000238	0.999735	CS pos: 21-22. Pr: 0.9785	FALSE	FALSE	0	-	-	-	-	-	-
gene_2452	mRNA_2452	OTHER	FALSE	0.996814	0.003190		FALSE	FALSE	0	-	-	-	-	-	-
gene_2453	mRNA_2453	OTHER	FALSE	1.000000	0.000000		FALSE	FALSE	0	-	-	-	-	-	-
gene_2454	mRNA_2454	OTHER	FALSE	1.000000	0.000000		FALSE	FALSE	0	-	-	-	-	-	-
gene_2455	mRNA_2455	OTHER	FALSE	0.996197	0.003808		FALSE	FALSE	0	-	-	-	-	-	-
gene_2456	mRNA_2456	OTHER	FALSE	1.000000	0.000000		TRUE	FALSE	1	-	-	-	GH18	-	-
gene_2457	mRNA_2457	OTHER	FALSE	1.000000	0.000000		TRUE	FALSE	1	-	-	-	GH47	-	-
gene_2458	mRNA_2458	OTHER	FALSE	1.000000	0.000009		TRUE	FALSE	1	-	-	-	GH45_2+CBM1+GH45_2	-	-
gene_2459	mRNA_2459	OTHER	FALSE	0.999172	0.000862		FALSE	FALSE	0	-	-	-	-	-	-
gene_2460	mRNA_2460	OTHER	FALSE	1.000000	0.000000		FALSE	FALSE	0	-	-	-	-	-	-
gene_2461	mRNA_2461	OTHER	FALSE	0.999727	0.000284		TRUE	FALSE	1	-	-	AA3_e34(1-215)	-	-	-
gene_2462	mRNA_2462	OTHER	FALSE	1.000000	0.000000		FALSE	FALSE	0	-	-	-	-	-	-
gene_2463	mRNA_2463	SP	TRUE	0.000240	0.999721	CS pos: 17-18. Pr: 0.9793	FALSE	FALSE	0	-	-	-	-	-	-
gene_2464	mRNA_2464	OTHER	FALSE	0.999987	0.000033		FALSE	FALSE	0	-	-	-	-	-	-
gene_2465	mRNA_2465	OTHER	FALSE	0.999989	0.000011		FALSE	FALSE	0	-	-	-	-	-	-
gene_2466	mRNA_2466	OTHER	FALSE	1.000000	0.000004		FALSE	FALSE	0	-	-	-	-	-	-
gene_2467	mRNA_2467	SP	TRUE	0.000305	0.999674	CS pos: 19-20. Pr: 0.9840	FALSE	FALSE	0	-	-	-	-	-	-
gene_2468	mRNA_2468	OTHER	FALSE	1.000000	0.000001		FALSE	FALSE	0	-	-	-	-	-	-
gene_2469	mRNA_2469	OTHER	FALSE	1.000000	0.000000		FALSE	FALSE	0	-	-	-	-	-	-
gene_2470	mRNA_2470	OTHER	FALSE	0.999118	0.000905		FALSE	FALSE	0	-	-	-	-	-	-
gene_2471	mRNA_2471	OTHER	FALSE	1.000000	0.000000		TRUE	FALSE	1	-	-	-	CE4	-	-
gene_2472	mRNA_2472	OTHER	FALSE	0.997473	0.002531		FALSE	FALSE	0	-	-	-	-	-	-
gene_2473	mRNA_2473	OTHER	FALSE	0.999762	0.000239		FALSE	FALSE	0	-	-	-	-	-	-
gene_2474	mRNA_2474	OTHER	FALSE	1.000000	0.000002		TRUE	FALSE	1	-	-	-	AA9	-	-
gene_2475	mRNA_2475	OTHER	FALSE	1.000000	0.000000		FALSE	FALSE	0	-	-	-	-	-	-
gene_2476	mRNA_2476	OTHER	FALSE	1.000000	0.000002		FALSE	FALSE	0	-	-	-	-	-	-
gene_2477	mRNA_2477	OTHER	FALSE	1.000000	0.000000		FALSE	FALSE	0	-	-	-	-	-	-
gene_2478	mRNA_2478	OTHER	FALSE	1.000000	0.000000		FALSE	FALSE	0	-	-	-	-	-	-
gene_2479	mRNA_2479	OTHER	FALSE	1.000000	0.000000		FALSE	FALSE	0	-	-	-	-	-	-
gene_2480	mRNA_2480	OTHER	FALSE	1.000000	0.000000		FALSE	FALSE	0	-	-	-	-	-	-
gene_2481	mRNA_2481	OTHER	FALSE	1.000000	0.000001		FALSE	FALSE	0	-	-	-	-	-	-
gene_2482	mRNA_2482	OTHER	FALSE	1.000000	0.000004		TRUE	FALSE	1	-	-	-	CBM50	-	-
gene_2483	mRNA_2483	OTHER	FALSE	1.000000	0.000000		FALSE	FALSE	0	-	-	-	-	-	-
gene_2484	mRNA_2484	OTHER	FALSE	1.000000	0.000000		FALSE	FALSE	0	-	-	-	-	-	-
gene_2485	mRNA_2485	OTHER	FALSE	1.000000	0.000000		FALSE	FALSE	0	-	-	-	-	-	-
gene_2486	mRNA_2486	OTHER	FALSE	1.000000	0.000004		FALSE	FALSE	0	-	-	-	-	-	-
gene_2487	mRNA_2487	OTHER	FALSE	1.000000	0.000001		FALSE	FALSE	0	-	-	-	-	-	-
gene_2488	mRNA_2488	OTHER	FALSE	0.999971	0.000045		FALSE	FALSE	0	-	-	-	-	-	-
gene_2489	mRNA_2489	OTHER	FALSE	1.000000	0.000004		FALSE	FALSE	0	-	-	-	-	-	-
gene_2490	mRNA_2490	OTHER	FALSE	1.000000	0.000000		FALSE	FALSE	0	-	-	-	-	-	-
gene_2491	mRNA_2491	OTHER	FALSE	1.000000	0.000000		FALSE	FALSE	0	-	-	-	-	-	-
gene_2492	mRNA_2492	OTHER	FALSE	1.000000	0.000000		FALSE	FALSE	0	-	-	-	-	-	-
gene_2493	mRNA_2493	OTHER	FALSE	1.000000	0.000001		FALSE	FALSE	0	-	-	-	-	-	-
gene_2494	mRNA_2494	OTHER	FALSE	0.999906	0.000131		FALSE	FALSE	0	-	-	-	-	-	-
gene_2495	mRNA_2495	OTHER	FALSE	0.999966	0.000084		FALSE	FALSE	0	-	-	-	-	-	-
gene_2496	mRNA_2496	OTHER	FALSE	1.000000	0.000001		FALSE	FALSE	0	-	-	-	-	-	-
gene_2497	mRNA_2497	OTHER	FALSE	1.000000	0.000000		FALSE	FALSE	0	-	-	-	-	-	-
gene_2498	mRNA_2498	OTHER	FALSE	0.998857	0.001175		FALSE	FALSE	0	-	-	-	-	-	-
gene_2499	mRNA_2499	OTHER	FALSE	1.000000	0.000001		FALSE	FALSE	0	-	-	-	-	-	-
gene_2500	mRNA_2500	OTHER	FALSE	0.992104	0.007943		FALSE	FALSE	0	-	-	-	-	-	-
gene_2501	mRNA_2501	OTHER	FALSE	1.000000	0.000007		TRUE	FALSE	1	-	-	-	GH71	-	-
gene_2502	mRNA_2502	OTHER	FALSE	1.000000	0.000000		FALSE	FALSE	0	-	-	-	-	-	-
gene_2503	mRNA_2503	OTHER	FALSE	1.000000	0.000000		TRUE	FALSE	1	-	-	-	CE4	-	-
gene_2504	mRNA_2504	SP	TRUE	0.002390	0.997586	CS pos: 42-43. Pr: 0.5413	FALSE	FALSE	0	-	-	-	-	-	-
gene_2505	mRNA_2505	OTHER	FALSE	1.000000	0.000004		FALSE	FALSE	0	-	-	-	-	-	-
gene_2506	mRNA_2506	OTHER	FALSE	0.999824	0.000172		TRUE	FALSE	1	-	-	-	GT0	-	-
gene_2507	mRNA_2507	OTHER	FALSE	1.000000	0.000002		FALSE	FALSE	0	-	-	-	-	-	-
gene_2508	mRNA_2508	OTHER	FALSE	1.000000	0.000000		FALSE	FALSE	0	-	-	-	-	-	-
gene_2509	mRNA_2509	OTHER	FALSE	1.000000	0.000001		FALSE	FALSE	0	-	-	-	-	-	-
gene_2510	mRNA_2510	OTHER	FALSE	1.000000	0.000000		FALSE	FALSE	0	-	-	-	-	-	-
gene_2511	mRNA_2511	OTHER	FALSE	1.000000	0.000000		FALSE	FALSE	0	-	-	-	-	-	-
gene_2512	mRNA_2512	OTHER	FALSE	1.000000	0.000000		FALSE	FALSE	0	-	-	-	-	-	-
gene_2513	mRNA_2513	OTHER	FALSE	1.000000	0.000000		FALSE	FALSE	0	-	-	-	-	-	-
gene_2514	mRNA_2514	OTHER	FALSE	1.000000	0.000000		FALSE	FALSE	0	-	-	-	-	-	-
gene_2515	mRNA_2515	OTHER	FALSE	1.000000	0.000001		TRUE	FALSE	1	-	-	-	GH71	-	-
gene_2516	mRNA_2516	OTHER	FALSE	1.000000	0.000000		FALSE	FALSE	0	-	-	-	-	-	-
gene_2517	mRNA_2517	OTHER	FALSE	0.999885	0.000118		FALSE	FALSE	0	-	-	-	-	-	-
gene_2518	mRNA_2518	OTHER	FALSE	1.000000	0.000000		FALSE	FALSE	0	-	-	-	-	-	-
gene_2519	mRNA_2519	OTHER	FALSE	1.000000	0.000001		TRUE	FALSE	1	-	-	-	GH27+CBM35	-	-
gene_2520	mRNA_2520	OTHER	FALSE	1.000000	0.000001		FALSE	FALSE	0	-	-	-	-	-	-
gene_2521	mRNA_2521	OTHER	FALSE	1.000000	0.000000		FALSE	FALSE	0	-	-	-	-	-	-
gene_2522	mRNA_2522	OTHER	FALSE	1.000000	0.000000		FALSE	FALSE	0	-	-	-	-	-	-
gene_2523	mRNA_2523	OTHER	FALSE	1.000000	0.000002		FALSE	FALSE	0	-	-	-	-	-	-
gene_2524	mRNA_2524	OTHER	FALSE	1.000000	0.000000		FALSE	FALSE	0	-	-	-	-	-	-
gene_2525	mRNA_2525	OTHER	FALSE	1.000000	0.000000		TRUE	FALSE	1	-	-	-	GH75	-	-
gene_2526	mRNA_2526	OTHER	FALSE	1.000000	0.000000		FALSE	FALSE	0	-	-	-	-	-	-
gene_2527	mRNA_2527	OTHER	FALSE	0.999997	0.000034		FALSE	FALSE	0	-	-	-	-	-	-
gene_2528	mRNA_2528	OTHER	FALSE	0.993604	0.006411		TRUE	FALSE	1	-	-	-	GT0	-	-
gene_2529	mRNA_2529	OTHER	FALSE	1.000000	0.000000		FALSE	FALSE	0	-	-	-	-	-	-
gene_2530	mRNA_2530	OTHER	FALSE	1.000000	0.000000		FALSE	FALSE	0	-	-	-	-	-	-
gene_2531	mRNA_2531	OTHER	FALSE	1.000000	0.000000		TRUE	FALSE	1	-	-	-	GH5	-	-
gene_2532	mRNA_2532	OTHER	FALSE	0.999118	0.000883		TRUE	FALSE	1	-	-	-	GH13_40+GH13_40	-	-
gene_2533	mRNA_2533	OTHER	FALSE	1.000000	0.000000		TRUE	TRUE	3	3.2.1.10:1;3.2.1.20:4;3.2.1.70:1;3.2.1.-:1;5.4.99.11:5	GH13_40(35-393)	GH13_e122(35-393)	GH13_40+GH13_40	GH13_40	alpha-glucan;sucrose
gene_2534	mRNA_2534	OTHER	FALSE	1.000000	0.000000		FALSE	FALSE	0	-	-	-	-	-	-
gene_2535	mRNA_2535	OTHER	FALSE	1.000000	0.000000		FALSE	FALSE	0	-	-	-	-	-	-
gene_2536	mRNA_2536	OTHER	FALSE	1.000000	0.000000		TRUE	FALSE	1	-	-	-	GH18	-	-
gene_2537	mRNA_2537	OTHER	FALSE	1.000000	0.000000		FALSE	FALSE	0	-	-	-	-	-	-
gene_2538	mRNA_2538	OTHER	FALSE	1.000000	0.000000		FALSE	FALSE	0	-	-	-	-	-	-
gene_2539	mRNA_2539	OTHER	FALSE	1.000000	0.000000		TRUE	FALSE	1	-	-	-	GH18	-	-
gene_2540	mRNA_2540	OTHER	FALSE	1.000000	0.000000		FALSE	FALSE	0	-	-	-	-	-	-
gene_2541	mRNA_2541	OTHER	FALSE	1.000000	0.000000		TRUE	FALSE	1	-	-	-	GH20	-	-
gene_2542	mRNA_2542	OTHER	FALSE	1.000000	0.000004		FALSE	FALSE	0	-	-	-	-	-	-
gene_2543	mRNA_2543	OTHER	FALSE	1.000000	0.000000		FALSE	FALSE	0	-	-	-	-	-	-
gene_2544	mRNA_2544	OTHER	FALSE	1.000000	0.000000		FALSE	FALSE	0	-	-	-	-	-	-
gene_2545	mRNA_2545	OTHER	FALSE	1.000000	0.000000		TRUE	FALSE	1	-	-	-	GT0	-	-
gene_2546	mRNA_2546	OTHER	FALSE	1.000000	0.000000		TRUE	FALSE	1	-	-	-	PL20	-	-
gene_2547	mRNA_2547	OTHER	FALSE	0.999883	0.000150		FALSE	FALSE	0	-	-	-	-	-	-
gene_2548	mRNA_2548	OTHER	FALSE	0.998797	0.001242		FALSE	FALSE	0	-	-	-	-	-	-
gene_2549	mRNA_2549	OTHER	FALSE	0.945448	0.054587		TRUE	FALSE	1	-	-	-	GH45_2+CBM1+GH45_2	-	-
gene_2550	mRNA_2550	OTHER	FALSE	1.000000	0.000000		FALSE	FALSE	0	-	-	-	-	-	-
gene_2551	mRNA_2551	OTHER	FALSE	1.000000	0.000001		FALSE	FALSE	0	-	-	-	-	-	-
gene_2552	mRNA_2552	OTHER	FALSE	1.000000	0.000008		FALSE	FALSE	0	-	-	-	-	-	-
gene_2553	mRNA_2553	OTHER	FALSE	1.000000	0.000000		FALSE	FALSE	0	-	-	-	-	-	-
gene_2554	mRNA_2554	OTHER	FALSE	1.000000	0.000004		TRUE	FALSE	1	-	-	-	GH55_2+GH55_2	-	-
gene_2555	mRNA_2555	OTHER	FALSE	1.000000	0.000007		FALSE	FALSE	0	-	-	-	-	-	-
gene_2556	mRNA_2556	OTHER	FALSE	1.000000	0.000000		FALSE	FALSE	0	-	-	-	-	-	-
gene_2557	mRNA_2557	OTHER	FALSE	1.000000	0.000000		FALSE	FALSE	0	-	-	-	-	-	-
gene_2558	mRNA_2558	OTHER	FALSE	1.000000	0.000008		TRUE	FALSE	1	-	-	-	GH16_18+GH16_18	-	-
gene_2559	mRNA_2559	OTHER	FALSE	0.999956	0.000044		FALSE	FALSE	0	-	-	-	-	-	-
gene_2560	mRNA_2560	OTHER	FALSE	1.000000	0.000000		TRUE	FALSE	1	-	-	-	GT22	-	-
gene_2561	mRNA_2561	OTHER	FALSE	1.000000	0.000000		FALSE	FALSE	0	-	-	-	-	-	-
gene_2562	mRNA_2562	OTHER	FALSE	1.000000	0.000025		FALSE	FALSE	0	-	-	-	-	-	-
gene_2563	mRNA_2563	OTHER	FALSE	0.999934	0.000087		FALSE	FALSE	0	-	-	-	-	-	-
gene_2564	mRNA_2564	OTHER	FALSE	1.000000	0.000000		FALSE	FALSE	0	-	-	-	-	-	-
gene_2565	mRNA_2565	OTHER	FALSE	1.000000	0.000000		FALSE	FALSE	0	-	-	-	-	-	-
gene_2566	mRNA_2566	OTHER	FALSE	0.999910	0.000106		FALSE	FALSE	0	-	-	-	-	-	-
gene_2567	mRNA_2567	OTHER	FALSE	1.000000	0.000000		FALSE	FALSE	0	-	-	-	-	-	-
gene_2568	mRNA_2568	OTHER	FALSE	1.000000	0.000000		FALSE	FALSE	0	-	-	-	-	-	-
gene_2569	mRNA_2569	OTHER	FALSE	1.000000	0.000000		FALSE	FALSE	0	-	-	-	-	-	-
gene_2570	mRNA_2570	OTHER	FALSE	1.000000	0.000000		FALSE	FALSE	0	-	-	-	-	-	-
gene_2571	mRNA_2571	OTHER	FALSE	1.000000	0.000001		FALSE	FALSE	0	-	-	-	-	-	-
gene_2572	mRNA_2572	OTHER	FALSE	1.000000	0.000000		FALSE	FALSE	0	-	-	-	-	-	-
gene_2573	mRNA_2573	OTHER	FALSE	0.984690	0.015358		FALSE	FALSE	0	-	-	-	-	-	-
gene_2574	mRNA_2574	OTHER	FALSE	1.000000	0.000000		FALSE	FALSE	0	-	-	-	-	-	-
gene_2575	mRNA_2575	OTHER	FALSE	1.000000	0.000000		FALSE	FALSE	0	-	-	-	-	-	-
gene_2576	mRNA_2576	OTHER	FALSE	1.000000	0.000000		FALSE	FALSE	0	-	-	-	-	-	-
gene_2577	mRNA_2577	OTHER	FALSE	0.999983	0.000009		FALSE	FALSE	0	-	-	-	-	-	-
gene_2578	mRNA_2578	OTHER	FALSE	1.000000	0.000000		FALSE	FALSE	0	-	-	-	-	-	-
gene_2579	mRNA_2579	OTHER	FALSE	1.000000	0.000000		FALSE	FALSE	0	-	-	-	-	-	-
gene_2580	mRNA_2580	OTHER	FALSE	1.000000	0.000001		FALSE	FALSE	0	-	-	-	-	-	-
gene_2581	mRNA_2581	OTHER	FALSE	1.000000	0.000001		FALSE	FALSE	0	-	-	-	-	-	-
gene_2582	mRNA_2582	OTHER	FALSE	1.000000	0.000000		FALSE	FALSE	0	-	-	-	-	-	-
gene_2583	mRNA_2583	OTHER	FALSE	1.000000	0.000003		FALSE	FALSE	0	-	-	-	-	-	-
gene_2584	mRNA_2584	OTHER	FALSE	1.000000	0.000000		FALSE	FALSE	0	-	-	-	-	-	-
gene_2585	mRNA_2585	OTHER	FALSE	1.000000	0.000001		FALSE	FALSE	0	-	-	-	-	-	-
gene_2586	mRNA_2586	OTHER	FALSE	1.000000	0.000000		FALSE	FALSE	0	-	-	-	-	-	-
gene_2587	mRNA_2587	OTHER	FALSE	1.000000	0.000002		FALSE	FALSE	0	-	-	-	-	-	-
gene_2588	mRNA_2588	OTHER	FALSE	1.000000	0.000000		FALSE	FALSE	0	-	-	-	-	-	-
gene_2589	mRNA_2589	OTHER	FALSE	1.000000	0.000000		FALSE	FALSE	0	-	-	-	-	-	-
gene_2590	mRNA_2590	OTHER	FALSE	1.000000	0.000000		FALSE	FALSE	0	-	-	-	-	-	-
gene_2591	mRNA_2591	OTHER	FALSE	1.000000	0.000000		FALSE	FALSE	0	-	-	-	-	-	-
gene_2592	mRNA_2592	OTHER	FALSE	0.999938	0.000068		FALSE	FALSE	0	-	-	-	-	-	-
gene_2593	mRNA_2593	OTHER	FALSE	1.000000	0.000000		FALSE	FALSE	0	-	-	-	-	-	-
gene_2594	mRNA_2594	OTHER	FALSE	1.000000	0.000000		FALSE	FALSE	0	-	-	-	-	-	-
gene_2595	mRNA_2595	SP	TRUE	0.000238	0.999740	CS pos: 26-27. Pr: 0.9782	TRUE	FALSE	1	-	-	-	CBM12	-	-
gene_2596	mRNA_2596	OTHER	FALSE	1.000000	0.000001		FALSE	FALSE	0	-	-	-	-	-	-
gene_2597	mRNA_2597	OTHER	FALSE	1.000000	0.000000		FALSE	FALSE	0	-	-	-	-	-	-
gene_2598	mRNA_2598	OTHER	FALSE	1.000000	0.000000		FALSE	FALSE	0	-	-	-	-	-	-
gene_2599	mRNA_2599	OTHER	FALSE	1.000000	0.000000		FALSE	FALSE	0	-	-	-	-	-	-
gene_2600	mRNA_2600	OTHER	FALSE	1.000000	0.000000		TRUE	FALSE	1	-	-	-	AA9	-	-
gene_2601	mRNA_2601	OTHER	FALSE	1.000000	0.000000		FALSE	FALSE	0	-	-	-	-	-	-
gene_2602	mRNA_2602	OTHER	FALSE	1.000000	0.000001		FALSE	FALSE	0	-	-	-	-	-	-
gene_2603	mRNA_2603	OTHER	FALSE	1.000000	0.000000		FALSE	FALSE	0	-	-	-	-	-	-
gene_2604	mRNA_2604	OTHER	FALSE	1.000000	0.000000		TRUE	FALSE	1	-	-	-	GH76	-	-
gene_2605	mRNA_2605	OTHER	FALSE	1.000000	0.000000		FALSE	FALSE	0	-	-	-	-	-	-
gene_2606	mRNA_2606	OTHER	FALSE	1.000000	0.000000		FALSE	FALSE	0	-	-	-	-	-	-
gene_2607	mRNA_2607	OTHER	FALSE	1.000000	0.000003		FALSE	FALSE	0	-	-	-	-	-	-
gene_2608	mRNA_2608	OTHER	FALSE	1.000000	0.000009		FALSE	FALSE	0	-	-	-	-	-	-
gene_2609	mRNA_2609	OTHER	FALSE	1.000000	0.000000		FALSE	FALSE	0	-	-	-	-	-	-
gene_2610	mRNA_2610	OTHER	FALSE	1.000000	0.000001		FALSE	FALSE	0	-	-	-	-	-	-
gene_2611	mRNA_2611	OTHER	FALSE	1.000000	0.000000		FALSE	FALSE	0	-	-	-	-	-	-
gene_2612	mRNA_2612	OTHER	FALSE	1.000000	0.000000		FALSE	FALSE	0	-	-	-	-	-	-
gene_2613	mRNA_2613	OTHER	FALSE	1.000000	0.000000		FALSE	FALSE	0	-	-	-	-	-	-
gene_2614	mRNA_2614	OTHER	FALSE	1.000000	0.000000		FALSE	FALSE	0	-	-	-	-	-	-
gene_2615	mRNA_2615	OTHER	FALSE	1.000000	0.000000		FALSE	FALSE	0	-	-	-	-	-	-
gene_2616	mRNA_2616	OTHER	FALSE	1.000000	0.000000		FALSE	FALSE	0	-	-	-	-	-	-
gene_2617	mRNA_2617	SP	TRUE	0.000261	0.999718	CS pos: 26-27. Pr: 0.9761	FALSE	FALSE	0	-	-	-	-	-	-
gene_2618	mRNA_2618	OTHER	FALSE	1.000000	0.000000		FALSE	FALSE	0	-	-	-	-	-	-
gene_2619	mRNA_2619	SP	TRUE	0.000452	0.999537	CS pos: 27-28. Pr: 0.9771	FALSE	FALSE	0	-	-	-	-	-	-
gene_2620	mRNA_2620	OTHER	FALSE	1.000000	0.000000		FALSE	FALSE	0	-	-	-	-	-	-
gene_2621	mRNA_2621	OTHER	FALSE	1.000000	0.000000		FALSE	FALSE	0	-	-	-	-	-	-
gene_2622	mRNA_2622	OTHER	FALSE	0.999903	0.000135		FALSE	FALSE	0	-	-	-	-	-	-
gene_2623	mRNA_2623	OTHER	FALSE	1.000000	0.000000		FALSE	FALSE	0	-	-	-	-	-	-
gene_2624	mRNA_2624	OTHER	FALSE	1.000000	0.000000		FALSE	FALSE	0	-	-	-	-	-	-
gene_2625	mRNA_2625	OTHER	FALSE	1.000000	0.000000		FALSE	FALSE	0	-	-	-	-	-	-
gene_2626	mRNA_2626	OTHER	FALSE	1.000000	0.000000		TRUE	FALSE	1	-	-	-	GH2_16+GH2_16	-	-
gene_2627	mRNA_2627	OTHER	FALSE	0.999993	0.000063		TRUE	FALSE	1	-	-	-	CBM20+GH15	-	-
gene_2628	mRNA_2628	OTHER	FALSE	1.000000	0.000000		FALSE	FALSE	0	-	-	-	-	-	-
gene_2629	mRNA_2629	OTHER	FALSE	1.000000	0.000000		FALSE	FALSE	0	-	-	-	-	-	-
gene_2630	mRNA_2630	SP	TRUE	0.000211	0.999744	CS pos: 25-26. Pr: 0.9819	TRUE	FALSE	1	-	-	-	CBM48	-	-
gene_2631	mRNA_2631	OTHER	FALSE	1.000000	0.000000		FALSE	FALSE	0	-	-	-	-	-	-
gene_2632	mRNA_2632	OTHER	FALSE	1.000000	0.000001		FALSE	FALSE	0	-	-	-	-	-	-
gene_2633	mRNA_2633	OTHER	FALSE	1.000000	0.000000		FALSE	FALSE	0	-	-	-	-	-	-
gene_2634	mRNA_2634	SP	TRUE	0.000421	0.999539	CS pos: 25-26. Pr: 0.9293	FALSE	FALSE	0	-	-	-	-	-	-
gene_2635	mRNA_2635	OTHER	FALSE	1.000000	0.000000		FALSE	FALSE	0	-	-	-	-	-	-
gene_2636	mRNA_2636	OTHER	FALSE	0.999954	0.000040		TRUE	FALSE	1	-	-	-	GH3	-	-
gene_2637	mRNA_2637	OTHER	FALSE	1.000000	0.000000		FALSE	FALSE	0	-	-	-	-	-	-
gene_2638	mRNA_2638	OTHER	FALSE	1.000000	0.000000		FALSE	FALSE	0	-	-	-	-	-	-
gene_2639	mRNA_2639	OTHER	FALSE	1.000000	0.000000		FALSE	FALSE	0	-	-	-	-	-	-
gene_2640	mRNA_2640	OTHER	FALSE	1.000000	0.000000		FALSE	FALSE	0	-	-	-	-	-	-
gene_2641	mRNA_2641	OTHER	FALSE	0.999469	0.000558		FALSE	FALSE	0	-	-	-	-	-	-
gene_2642	mRNA_2642	OTHER	FALSE	1.000000	0.000000		FALSE	FALSE	0	-	-	-	-	-	-
gene_2643	mRNA_2643	OTHER	FALSE	1.000000	0.000001		FALSE	FALSE	0	-	-	-	-	-	-
gene_2644	mRNA_2644	OTHER	FALSE	0.999978	0.000046		FALSE	FALSE	0	-	-	-	-	-	-
gene_2645	mRNA_2645	OTHER	FALSE	1.000000	0.000000		FALSE	FALSE	0	-	-	-	-	-	-
gene_2646	mRNA_2646	OTHER	FALSE	1.000000	0.000000		FALSE	FALSE	0	-	-	-	-	-	-
gene_2647	mRNA_2647	OTHER	FALSE	0.999832	0.000204		FALSE	FALSE	0	-	-	-	-	-	-
gene_2648	mRNA_2648	OTHER	FALSE	1.000000	0.000000		TRUE	FALSE	1	-	-	-	GT39	-	-
gene_2649	mRNA_2649	OTHER	FALSE	1.000000	0.000002		FALSE	FALSE	0	-	-	-	-	-	-
gene_2650	mRNA_2650	OTHER	FALSE	1.000000	0.000000		FALSE	FALSE	0	-	-	-	-	-	-
gene_2651	mRNA_2651	OTHER	FALSE	1.000000	0.000023		TRUE	FALSE	1	-	-	-	GH45_1+GH45_1	-	-
gene_2652	mRNA_2652	OTHER	FALSE	1.000000	0.000037		FALSE	FALSE	0	-	-	-	-	-	-
gene_2653	mRNA_2653	OTHER	FALSE	1.000000	0.000000		FALSE	FALSE	0	-	-	-	-	-	-
gene_2654	mRNA_2654	OTHER	FALSE	1.000000	0.000003		TRUE	FALSE	1	-	-	-	GH5_7+GH5_7	-	-
gene_2655	mRNA_2655	OTHER	FALSE	0.999718	0.000264		TRUE	FALSE	1	-	-	-	GT66	-	-
gene_2656	mRNA_2656	SP	TRUE	0.000218	0.999743	CS pos: 18-19. Pr: 0.9565	TRUE	FALSE	1	-	-	-	GH36	-	-
gene_2657	mRNA_2657	OTHER	FALSE	0.999831	0.000176		FALSE	FALSE	0	-	-	-	-	-	-
gene_2658	mRNA_2658	OTHER	FALSE	1.000000	0.000000		FALSE	FALSE	0	-	-	-	-	-	-
gene_2659	mRNA_2659	OTHER	FALSE	0.999992	0.000046		FALSE	FALSE	0	-	-	-	-	-	-
gene_2660	mRNA_2660	OTHER	FALSE	1.000000	0.000000		FALSE	FALSE	0	-	-	-	-	-	-
gene_2661	mRNA_2661	OTHER	FALSE	0.999998	0.000003		FALSE	FALSE	0	-	-	-	-	-	-
gene_2662	mRNA_2662	OTHER	FALSE	1.000000	0.000002		FALSE	FALSE	0	-	-	-	-	-	-
gene_2663	mRNA_2663	OTHER	FALSE	0.999938	0.000095		TRUE	FALSE	1	-	-	-	GH47	-	-
gene_2664	mRNA_2664	OTHER	FALSE	1.000000	0.000000		FALSE	FALSE	0	-	-	-	-	-	-
gene_2665	mRNA_2665	OTHER	FALSE	1.000000	0.000000		FALSE	FALSE	0	-	-	-	-	-	-
gene_2666	mRNA_2666	OTHER	FALSE	1.000000	0.000002		TRUE	TRUE	2	-	-	CBM50_e307(198-240)	CBM50	CBM50_e307	chitin
gene_2667	mRNA_2667	OTHER	FALSE	0.996828	0.003191		TRUE	TRUE	3	-	GH5_11(31-372)	GH5_e82(32-372)	GH5_11+GH5_11	GH5_11	-
gene_2668	mRNA_2668	OTHER	FALSE	1.000000	0.000001		FALSE	FALSE	0	-	-	-	-	-	-
gene_2669	mRNA_2669	OTHER	FALSE	1.000000	0.000000		FALSE	FALSE	0	-	-	-	-	-	-
gene_2670	mRNA_2670	OTHER	FALSE	0.838686	0.161316		FALSE	FALSE	0	-	-	-	-	-	-
gene_2671	mRNA_2671	OTHER	FALSE	0.999560	0.000476		FALSE	FALSE	0	-	-	-	-	-	-
gene_2672	mRNA_2672	OTHER	FALSE	1.000000	0.000002		FALSE	FALSE	0	-	-	-	-	-	-
gene_2673	mRNA_2673	OTHER	FALSE	1.000000	0.000000		TRUE	FALSE	1	-	-	-	GT57	-	-
gene_2674	mRNA_2674	OTHER	FALSE	1.000000	0.000000		FALSE	FALSE	0	-	-	-	-	-	-
gene_2675	mRNA_2675	OTHER	FALSE	1.000000	0.000000		FALSE	FALSE	0	-	-	-	-	-	-
gene_2676	mRNA_2676	OTHER	FALSE	1.000000	0.000009		FALSE	FALSE	0	-	-	-	-	-	-
gene_2677	mRNA_2677	OTHER	FALSE	1.000000	0.000000		FALSE	FALSE	0	-	-	-	-	-	-
gene_2678	mRNA_2678	SP	TRUE	0.000400	0.999558	CS pos: 23-24. Pr: 0.9699	FALSE	FALSE	0	-	-	-	-	-	-
gene_2679	mRNA_2679	OTHER	FALSE	1.000000	0.000000		FALSE	FALSE	0	-	-	-	-	-	-
gene_2680	mRNA_2680	OTHER	FALSE	1.000000	0.000000		FALSE	FALSE	0	-	-	-	-	-	-
gene_2681	mRNA_2681	SP	TRUE	0.000190	0.999750	CS pos: 24-25. Pr: 0.9741	FALSE	FALSE	0	-	-	-	-	-	-
gene_2682	mRNA_2682	OTHER	FALSE	1.000000	0.000000		FALSE	FALSE	0	-	-	-	-	-	-
gene_2683	mRNA_2683	OTHER	FALSE	0.999034	0.000972		FALSE	FALSE	0	-	-	-	-	-	-
gene_2684	mRNA_2684	OTHER	FALSE	1.000000	0.000000		FALSE	FALSE	0	-	-	-	-	-	-
gene_2685	mRNA_2685	OTHER	FALSE	1.000000	0.000000		FALSE	FALSE	0	-	-	-	-	-	-
gene_2686	mRNA_2686	OTHER	FALSE	1.000000	0.000001		FALSE	FALSE	0	-	-	-	-	-	-
gene_2687	mRNA_2687	OTHER	FALSE	1.000000	0.000000		FALSE	FALSE	0	-	-	-	-	-	-
gene_2688	mRNA_2688	OTHER	FALSE	1.000000	0.000000		FALSE	FALSE	0	-	-	-	-	-	-
gene_2689	mRNA_2689	OTHER	FALSE	1.000000	0.000001		FALSE	FALSE	0	-	-	-	-	-	-
gene_2690	mRNA_2690	SP	TRUE	0.004831	0.995142	CS pos: 33-34. Pr: 0.9560	TRUE	TRUE	3	3.2.1.23:2	GH2_1(49-683)	GH2_e127(45-816)	GH2_1+GH2_1	GH2_1	beta-galactan
gene_2691	mRNA_2691	OTHER	FALSE	1.000000	0.000000		FALSE	FALSE	0	-	-	-	-	-	-
gene_2692	mRNA_2692	OTHER	FALSE	1.000000	0.000000		FALSE	FALSE	0	-	-	-	-	-	-
gene_2693	mRNA_2693	OTHER	FALSE	1.000000	0.000001		TRUE	FALSE	1	-	-	-	GT22	-	-
gene_2694	mRNA_2694	OTHER	FALSE	1.000000	0.000000		TRUE	TRUE	3	-	GT22(86-617)	GT22_e3(89-618)	GT22	GT22_e3	-
gene_2695	mRNA_2695	OTHER	FALSE	0.998651	0.001368		FALSE	FALSE	0	-	-	-	-	-	-
gene_2696	mRNA_2696	OTHER	FALSE	1.000000	0.000000		FALSE	FALSE	0	-	-	-	-	-	-
gene_2697	mRNA_2697	OTHER	FALSE	1.000000	0.000000		FALSE	FALSE	0	-	-	-	-	-	-
gene_2698	mRNA_2698	OTHER	FALSE	1.000000	0.000000		FALSE	FALSE	0	-	-	-	-	-	-
gene_2699	mRNA_2699	OTHER	FALSE	1.000000	0.000000		TRUE	FALSE	1	-	-	-	AA3_2+AA3_2	-	-
gene_2700	mRNA_2700	OTHER	FALSE	1.000000	0.000000		FALSE	FALSE	0	-	-	-	-	-	-
gene_2701	mRNA_2701	OTHER	FALSE	1.000000	0.000000		FALSE	FALSE	0	-	-	-	-	-	-
gene_2702	mRNA_2702	OTHER	FALSE	1.000000	0.000000		FALSE	FALSE	0	-	-	-	-	-	-
gene_2703	mRNA_2703	OTHER	FALSE	1.000000	0.000000		FALSE	FALSE	0	-	-	-	-	-	-
gene_2704	mRNA_2704	OTHER	FALSE	0.999610	0.000404		FALSE	FALSE	0	-	-	-	-	-	-
gene_2705	mRNA_2705	OTHER	FALSE	0.995987	0.004015		FALSE	FALSE	0	-	-	-	-	-	-
gene_2706	mRNA_2706	OTHER	FALSE	0.999674	0.000356		FALSE	FALSE	0	-	-	-	-	-	-
gene_2707	mRNA_2707	OTHER	FALSE	1.000000	0.000000		FALSE	FALSE	0	-	-	-	-	-	-
gene_2708	mRNA_2708	OTHER	FALSE	0.999924	0.000108		FALSE	FALSE	0	-	-	-	-	-	-
gene_2709	mRNA_2709	OTHER	FALSE	0.998911	0.001110		TRUE	FALSE	1	-	-	-	GH43_6+GH43_6	-	-
gene_2710	mRNA_2710	OTHER	FALSE	1.000000	0.000032		FALSE	FALSE	0	-	-	-	-	-	-
gene_2711	mRNA_2711	OTHER	FALSE	1.000000	0.000000		TRUE	FALSE	1	-	-	-	GT59	-	-
gene_2712	mRNA_2712	OTHER	FALSE	1.000000	0.000000		FALSE	FALSE	0	-	-	-	-	-	-
gene_2713	mRNA_2713	OTHER	FALSE	1.000000	0.000000		FALSE	FALSE	0	-	-	-	-	-	-
gene_2714	mRNA_2714	OTHER	FALSE	1.000000	0.000000		TRUE	FALSE	1	-	-	-	GT2	-	-
gene_2715	mRNA_2715	OTHER	FALSE	1.000000	0.000000		FALSE	FALSE	0	-	-	-	-	-	-
gene_2716	mRNA_2716	OTHER	FALSE	1.000000	0.000000		FALSE	FALSE	0	-	-	-	-	-	-
gene_2717	mRNA_2717	OTHER	FALSE	1.000000	0.000000		FALSE	FALSE	0	-	-	-	-	-	-
gene_2718	mRNA_2718	OTHER	FALSE	0.999963	0.000028		FALSE	FALSE	0	-	-	-	-	-	-
gene_2719	mRNA_2719	OTHER	FALSE	0.999821	0.000216		FALSE	FALSE	0	-	-	-	-	-	-
gene_2720	mRNA_2720	OTHER	FALSE	0.999998	0.000040		FALSE	FALSE	0	-	-	-	-	-	-
gene_2721	mRNA_2721	OTHER	FALSE	1.000000	0.000000		FALSE	FALSE	0	-	-	-	-	-	-
gene_2722	mRNA_2722	OTHER	FALSE	1.000000	0.000000		FALSE	FALSE	0	-	-	-	-	-	-
gene_2723	mRNA_2723	OTHER	FALSE	1.000000	0.000000		FALSE	FALSE	0	-	-	-	-	-	-
gene_2724	mRNA_2724	OTHER	FALSE	1.000000	0.000000		FALSE	FALSE	0	-	-	-	-	-	-
gene_2725	mRNA_2725	OTHER	FALSE	1.000000	0.000000		FALSE	FALSE	0	-	-	-	-	-	-
gene_2726	mRNA_2726	OTHER	FALSE	1.000000	0.000001		FALSE	FALSE	0	-	-	-	-	-	-
gene_2727	mRNA_2727	OTHER	FALSE	1.000000	0.000001		FALSE	FALSE	0	-	-	-	-	-	-
gene_2728	mRNA_2728	OTHER	FALSE	0.990563	0.009446		FALSE	FALSE	0	-	-	-	-	-	-
gene_2729	mRNA_2729	OTHER	FALSE	1.000000	0.000001		FALSE	FALSE	0	-	-	-	-	-	-
gene_2730	mRNA_2730	OTHER	FALSE	1.000000	0.000000		TRUE	FALSE	1	-	-	-	CBM48	-	-
gene_2731	mRNA_2731	OTHER	FALSE	1.000000	0.000000		FALSE	FALSE	0	-	-	-	-	-	-
gene_2732	mRNA_2732	OTHER	FALSE	1.000000	0.000000		FALSE	FALSE	0	-	-	-	-	-	-
gene_2733	mRNA_2733	OTHER	FALSE	1.000000	0.000000		FALSE	FALSE	0	-	-	-	-	-	-
gene_2734	mRNA_2734	OTHER	FALSE	1.000000	0.000000		FALSE	FALSE	0	-	-	-	-	-	-
gene_2735	mRNA_2735	SP	TRUE	0.376070	0.623922	CS pos: 22-23. Pr: 0.3083	FALSE	FALSE	0	-	-	-	-	-	-
gene_2736	mRNA_2736	OTHER	FALSE	1.000000	0.000023		FALSE	FALSE	0	-	-	-	-	-	-
gene_2737	mRNA_2737	OTHER	FALSE	1.000000	0.000020		FALSE	FALSE	0	-	-	-	-	-	-
gene_2738	mRNA_2738	OTHER	FALSE	0.999992	0.000012		FALSE	FALSE	0	-	-	-	-	-	-
gene_2739	mRNA_2739	OTHER	FALSE	1.000000	0.000001		FALSE	FALSE	0	-	-	-	-	-	-
gene_2740	mRNA_2740	OTHER	FALSE	1.000000	0.000000		TRUE	FALSE	1	-	-	-	AA9	-	-
gene_2741	mRNA_2741	OTHER	FALSE	1.000000	0.000000		FALSE	FALSE	0	-	-	-	-	-	-
gene_2742	mRNA_2742	OTHER	FALSE	1.000000	0.000001		FALSE	FALSE	0	-	-	-	-	-	-
gene_2743	mRNA_2743	OTHER	FALSE	1.000000	0.000003		TRUE	TRUE	3	-	GT2(197-277)	GT2(113-326)	GT2	GT2	-
gene_2744	mRNA_2744	OTHER	FALSE	1.000000	0.000008		FALSE	FALSE	0	-	-	-	-	-	-
gene_2745	mRNA_2745	OTHER	FALSE	1.000000	0.000000		FALSE	FALSE	0	-	-	-	-	-	-
gene_2746	mRNA_2746	OTHER	FALSE	1.000000	0.000000		FALSE	FALSE	0	-	-	-	-	-	-
gene_2747	mRNA_2747	OTHER	FALSE	0.997903	0.002098		FALSE	FALSE	0	-	-	-	-	-	-
gene_2748	mRNA_2748	OTHER	FALSE	0.999966	0.000060		FALSE	FALSE	0	-	-	-	-	-	-
gene_2749	mRNA_2749	OTHER	FALSE	1.000000	0.000004		TRUE	FALSE	1	-	-	-	GT57	-	-
gene_2750	mRNA_2750	OTHER	FALSE	1.000000	0.000000		FALSE	FALSE	0	-	-	-	-	-	-
gene_2751	mRNA_2751	SP	TRUE	0.000242	0.999747	CS pos: 22-23. Pr: 0.9788	TRUE	TRUE	3	-	GH16_3(55-328)	GH16_e177(56-328)	GH16_3+GH16_3	GH16_3	-
gene_2752	mRNA_2752	OTHER	FALSE	1.000000	0.000000		FALSE	FALSE	0	-	-	-	-	-	-
gene_2753	mRNA_2753	SP	TRUE	0.000374	0.999601	CS pos: 25-26. Pr: 0.9667	FALSE	FALSE	0	-	-	-	-	-	-
gene_2754	mRNA_2754	OTHER	FALSE	1.000000	0.000000		FALSE	FALSE	0	-	-	-	-	-	-
gene_2755	mRNA_2755	OTHER	FALSE	1.000000	0.000000		FALSE	FALSE	0	-	-	-	-	-	-
gene_2756	mRNA_2756	OTHER	FALSE	1.000000	0.000000		FALSE	FALSE	0	-	-	-	-	-	-
gene_2757	mRNA_2757	OTHER	FALSE	1.000000	0.000001		FALSE	FALSE	0	-	-	-	-	-	-
gene_2758	mRNA_2758	OTHER	FALSE	1.000000	0.000000		FALSE	FALSE	0	-	-	-	-	-	-
gene_2759	mRNA_2759	OTHER	FALSE	0.996515	0.003513		FALSE	FALSE	0	-	-	-	-	-	-
gene_2760	mRNA_2760	OTHER	FALSE	1.000000	0.000005		TRUE	FALSE	1	-	-	-	CE5	-	-
gene_2761	mRNA_2761	OTHER	FALSE	1.000000	0.000001		TRUE	FALSE	1	-	-	-	GT2+GT2	-	-
gene_2762	mRNA_2762	OTHER	FALSE	1.000000	0.000000		FALSE	FALSE	0	-	-	-	-	-	-
gene_2763	mRNA_2763	OTHER	FALSE	0.999842	0.000168		FALSE	FALSE	0	-	-	-	-	-	-
gene_2764	mRNA_2764	OTHER	FALSE	1.000000	0.000000		FALSE	FALSE	0	-	-	-	-	-	-
gene_2765	mRNA_2765	OTHER	FALSE	0.999904	0.000103		FALSE	FALSE	0	-	-	-	-	-	-
gene_2766	mRNA_2766	OTHER	FALSE	1.000000	0.000000		FALSE	FALSE	0	-	-	-	-	-	-
gene_2767	mRNA_2767	OTHER	FALSE	1.000000	0.000000		FALSE	FALSE	0	-	-	-	-	-	-
gene_2768	mRNA_2768	OTHER	FALSE	1.000000	0.000000		TRUE	FALSE	1	-	-	-	GH47	-	-
gene_2769	mRNA_2769	OTHER	FALSE	1.000000	0.000000		FALSE	FALSE	0	-	-	-	-	-	-
gene_2770	mRNA_2770	OTHER	FALSE	1.000000	0.000005		FALSE	FALSE	0	-	-	-	-	-	-
gene_2771	mRNA_2771	OTHER	FALSE	1.000000	0.000000		FALSE	FALSE	0	-	-	-	-	-	-
gene_2772	mRNA_2772	OTHER	FALSE	1.000000	0.000007		FALSE	FALSE	0	-	-	-	-	-	-
gene_2773	mRNA_2773	OTHER	FALSE	1.000000	0.000001		FALSE	FALSE	0	-	-	-	-	-	-
gene_2774	mRNA_2774	OTHER	FALSE	1.000000	0.000000		FALSE	FALSE	0	-	-	-	-	-	-
gene_2775	mRNA_2775	OTHER	FALSE	1.000000	0.000007		FALSE	FALSE	0	-	-	-	-	-	-
gene_2776	mRNA_2776	OTHER	FALSE	1.000000	0.000000		FALSE	FALSE	0	-	-	-	-	-	-
gene_2777	mRNA_2777	OTHER	FALSE	1.000000	0.000000		FALSE	FALSE	0	-	-	-	-	-	-
gene_2778	mRNA_2778	SP	TRUE	0.000210	0.999757	CS pos: 19-20. Pr: 0.9781	FALSE	FALSE	0	-	-	-	-	-	-
gene_2779	mRNA_2779	OTHER	FALSE	1.000000	0.000000		FALSE	FALSE	0	-	-	-	-	-	-
gene_2780	mRNA_2780	OTHER	FALSE	1.000000	0.000001		TRUE	FALSE	1	-	-	-	AA9	-	-
gene_2781	mRNA_2781	OTHER	FALSE	1.000000	0.000000		FALSE	FALSE	0	-	-	-	-	-	-
gene_2782	mRNA_2782	OTHER	FALSE	1.000000	0.000002		FALSE	FALSE	0	-	-	-	-	-	-
gene_2783	mRNA_2783	OTHER	FALSE	0.999895	0.000123		FALSE	FALSE	0	-	-	-	-	-	-
gene_2784	mRNA_2784	OTHER	FALSE	1.000000	0.000001		FALSE	FALSE	0	-	-	-	-	-	-
gene_2785	mRNA_2785	OTHER	FALSE	0.999982	0.000052		FALSE	FALSE	0	-	-	-	-	-	-
gene_2786	mRNA_2786	OTHER	FALSE	1.000000	0.000000		TRUE	FALSE	1	-	-	-	GH43_25+GH43_25	-	-
gene_2787	mRNA_2787	OTHER	FALSE	1.000000	0.000000		FALSE	FALSE	0	-	-	-	-	-	-
gene_2788	mRNA_2788	OTHER	FALSE	1.000000	0.000000		FALSE	FALSE	0	-	-	-	-	-	-
gene_2789	mRNA_2789	OTHER	FALSE	1.000000	0.000000		FALSE	FALSE	0	-	-	-	-	-	-
gene_2790	mRNA_2790	OTHER	FALSE	1.000000	0.000000		FALSE	FALSE	0	-	-	-	-	-	-
gene_2791	mRNA_2791	OTHER	FALSE	1.000000	0.000000		FALSE	FALSE	0	-	-	-	-	-	-
gene_2792	mRNA_2792	OTHER	FALSE	1.000000	0.000000		FALSE	FALSE	0	-	-	-	-	-	-
gene_2793	mRNA_2793	OTHER	FALSE	0.999933	0.000058		TRUE	FALSE	1	-	-	-	GT0	-	-
gene_2794	mRNA_2794	OTHER	FALSE	1.000000	0.000000		FALSE	FALSE	0	-	-	-	-	-	-
gene_2795	mRNA_2795	SP	TRUE	0.000353	0.999616	CS pos: 36-37. Pr: 0.9552	FALSE	FALSE	0	-	-	-	-	-	-
gene_2796	mRNA_2796	OTHER	FALSE	0.999899	0.000104		FALSE	FALSE	0	-	-	-	-	-	-
gene_2797	mRNA_2797	OTHER	FALSE	1.000000	0.000000		FALSE	FALSE	0	-	-	-	-	-	-
gene_2798	mRNA_2798	OTHER	FALSE	1.000000	0.000000		FALSE	FALSE	0	-	-	-	-	-	-
gene_2799	mRNA_2799	OTHER	FALSE	1.000000	0.000000		FALSE	FALSE	0	-	-	-	-	-	-
gene_2800	mRNA_2800	SP	TRUE	0.000214	0.999753	CS pos: 27-28. Pr: 0.9498	FALSE	FALSE	0	-	-	-	-	-	-
gene_2801	mRNA_2801	SP	TRUE	0.000304	0.999675	CS pos: 22-23. Pr: 0.9729	FALSE	FALSE	0	-	-	-	-	-	-
gene_2802	mRNA_2802	OTHER	FALSE	0.999994	0.000026		FALSE	FALSE	0	-	-	-	-	-	-
gene_2803	mRNA_2803	OTHER	FALSE	1.000000	0.000000		FALSE	FALSE	0	-	-	-	-	-	-
gene_2804	mRNA_2804	OTHER	FALSE	1.000000	0.000000		FALSE	FALSE	0	-	-	-	-	-	-
gene_2805	mRNA_2805	OTHER	FALSE	1.000000	0.000000		FALSE	FALSE	0	-	-	-	-	-	-
gene_2806	mRNA_2806	OTHER	FALSE	0.999711	0.000308		TRUE	FALSE	1	-	-	-	GT8	-	-
gene_2807	mRNA_2807	OTHER	FALSE	1.000000	0.000000		FALSE	FALSE	0	-	-	-	-	-	-
gene_2808	mRNA_2808	OTHER	FALSE	1.000000	0.000000		FALSE	FALSE	0	-	-	-	-	-	-
gene_2809	mRNA_2809	OTHER	FALSE	1.000000	0.000000		FALSE	FALSE	0	-	-	-	-	-	-
gene_2810	mRNA_2810	OTHER	FALSE	1.000000	0.000000		FALSE	FALSE	0	-	-	-	-	-	-
gene_2811	mRNA_2811	OTHER	FALSE	1.000000	0.000001		FALSE	FALSE	0	-	-	-	-	-	-
gene_2812	mRNA_2812	OTHER	FALSE	1.000000	0.000013		FALSE	FALSE	0	-	-	-	-	-	-
gene_2813	mRNA_2813	OTHER	FALSE	1.000000	0.000001		FALSE	FALSE	0	-	-	-	-	-	-
gene_2814	mRNA_2814	OTHER	FALSE	1.000000	0.000000		FALSE	FALSE	0	-	-	-	-	-	-
gene_2815	mRNA_2815	OTHER	FALSE	1.000000	0.000000		FALSE	FALSE	0	-	-	-	-	-	-
gene_2816	mRNA_2816	OTHER	FALSE	1.000000	0.000000		FALSE	FALSE	0	-	-	-	-	-	-
gene_2817	mRNA_2817	OTHER	FALSE	0.997572	0.002473		FALSE	FALSE	0	-	-	-	-	-	-
gene_2818	mRNA_2818	OTHER	FALSE	1.000000	0.000000		FALSE	FALSE	0	-	-	-	-	-	-
gene_2819	mRNA_2819	OTHER	FALSE	1.000000	0.000004		TRUE	FALSE	1	-	-	-	GH131	-	-
gene_2820	mRNA_2820	OTHER	FALSE	1.000000	0.000000		FALSE	FALSE	0	-	-	-	-	-	-
gene_2821	mRNA_2821	OTHER	FALSE	1.000000	0.000000		FALSE	FALSE	0	-	-	-	-	-	-
gene_2822	mRNA_2822	SP	TRUE	0.000188	0.999756	CS pos: 19-20. Pr: 0.9604	FALSE	FALSE	0	-	-	-	-	-	-
gene_2823	mRNA_2823	OTHER	FALSE	1.000000	0.000001		FALSE	FALSE	0	-	-	-	-	-	-
gene_2824	mRNA_2824	OTHER	FALSE	1.000000	0.000000		TRUE	FALSE	1	-	-	-	CBM1+GH45_1+GH45_1	-	-
gene_2825	mRNA_2825	OTHER	FALSE	1.000000	0.000000		FALSE	FALSE	0	-	-	-	-	-	-
gene_2826	mRNA_2826	OTHER	FALSE	1.000000	0.000000		FALSE	FALSE	0	-	-	-	-	-	-
gene_2827	mRNA_2827	OTHER	FALSE	1.000000	0.000000		FALSE	FALSE	0	-	-	-	-	-	-
gene_2828	mRNA_2828	OTHER	FALSE	1.000000	0.000005		FALSE	FALSE	0	-	-	-	-	-	-
gene_2829	mRNA_2829	OTHER	FALSE	1.000000	0.000000		FALSE	FALSE	0	-	-	-	-	-	-
gene_2830	mRNA_2830	OTHER	FALSE	1.000000	0.000066		FALSE	FALSE	0	-	-	-	-	-	-
gene_2831	mRNA_2831	OTHER	FALSE	1.000000	0.000000		FALSE	FALSE	0	-	-	-	-	-	-
gene_2832	mRNA_2832	OTHER	FALSE	1.000000	0.000002		FALSE	FALSE	0	-	-	-	-	-	-
gene_2833	mRNA_2833	OTHER	FALSE	1.000000	0.000019		FALSE	FALSE	0	-	-	-	-	-	-
gene_2834	mRNA_2834	OTHER	FALSE	1.000000	0.000000		FALSE	FALSE	0	-	-	-	-	-	-
gene_2835	mRNA_2835	OTHER	FALSE	1.000000	0.000000		TRUE	FALSE	1	-	-	-	GT32	-	-
gene_2836	mRNA_2836	OTHER	FALSE	1.000000	0.000000		FALSE	FALSE	0	-	-	-	-	-	-
gene_2837	mRNA_2837	OTHER	FALSE	1.000000	0.000000		FALSE	FALSE	0	-	-	-	-	-	-
gene_2838	mRNA_2838	OTHER	FALSE	0.999987	0.000040		FALSE	FALSE	0	-	-	-	-	-	-
gene_2839	mRNA_2839	OTHER	FALSE	1.000000	0.000000		FALSE	FALSE	0	-	-	-	-	-	-
gene_2840	mRNA_2840	OTHER	FALSE	1.000000	0.000000		FALSE	FALSE	0	-	-	-	-	-	-
gene_2841	mRNA_2841	OTHER	FALSE	1.000000	0.000000		FALSE	FALSE	0	-	-	-	-	-	-
gene_2842	mRNA_2842	OTHER	FALSE	1.000000	0.000000		TRUE	FALSE	1	-	-	-	GT2	-	-
gene_2843	mRNA_2843	OTHER	FALSE	0.999728	0.000259		FALSE	FALSE	0	-	-	-	-	-	-
gene_2844	mRNA_2844	OTHER	FALSE	1.000000	0.000000		FALSE	FALSE	0	-	-	-	-	-	-
gene_2845	mRNA_2845	OTHER	FALSE	0.986078	0.013941		FALSE	FALSE	0	-	-	-	-	-	-
gene_2846	mRNA_2846	OTHER	FALSE	1.000000	0.000000		TRUE	FALSE	1	-	-	-	GH63	-	-
gene_2847	mRNA_2847	SP	TRUE	0.000320	0.999649	CS pos: 17-18. Pr: 0.9731	FALSE	FALSE	0	-	-	-	-	-	-
gene_2848	mRNA_2848	OTHER	FALSE	1.000000	0.000000		FALSE	FALSE	0	-	-	-	-	-	-
gene_2849	mRNA_2849	OTHER	FALSE	1.000000	0.000000		FALSE	FALSE	0	-	-	-	-	-	-
gene_2850	mRNA_2850	OTHER	FALSE	1.000000	0.000000		FALSE	FALSE	0	-	-	-	-	-	-
gene_2851	mRNA_2851	OTHER	FALSE	1.000000	0.000001		FALSE	FALSE	0	-	-	-	-	-	-
gene_2852	mRNA_2852	OTHER	FALSE	0.999613	0.000416		FALSE	FALSE	0	-	-	-	-	-	-
gene_2853	mRNA_2853	OTHER	FALSE	1.000000	0.000002		FALSE	FALSE	0	-	-	-	-	-	-
gene_2854	mRNA_2854	OTHER	FALSE	1.000000	0.000000		FALSE	FALSE	0	-	-	-	-	-	-
gene_2855	mRNA_2855	OTHER	FALSE	1.000000	0.000002		FALSE	FALSE	0	-	-	-	-	-	-
gene_2856	mRNA_2856	OTHER	FALSE	1.000000	0.000000		TRUE	FALSE	1	-	-	-	CBM1+AA9	-	-
gene_2857	mRNA_2857	OTHER	FALSE	1.000000	0.000000		FALSE	FALSE	0	-	-	-	-	-	-
gene_2858	mRNA_2858	OTHER	FALSE	1.000000	0.000000		FALSE	FALSE	0	-	-	-	-	-	-
gene_2859	mRNA_2859	OTHER	FALSE	1.000000	0.000000		FALSE	FALSE	0	-	-	-	-	-	-
gene_2860	mRNA_2860	OTHER	FALSE	1.000000	0.000002		FALSE	FALSE	0	-	-	-	-	-	-
gene_2861	mRNA_2861	OTHER	FALSE	0.999983	0.000024		FALSE	FALSE	0	-	-	-	-	-	-
gene_2862	mRNA_2862	OTHER	FALSE	1.000000	0.000001		TRUE	FALSE	1	-	-	-	GH28	-	-
gene_2863	mRNA_2863	SP	TRUE	0.003316	0.996651	CS pos: 21-22. Pr: 0.9435	FALSE	FALSE	0	-	-	-	-	-	-
gene_2864	mRNA_2864	OTHER	FALSE	1.000000	0.000001		FALSE	FALSE	0	-	-	-	-	-	-
gene_2865	mRNA_2865	SP	TRUE	0.000245	0.999713	CS pos: 22-23. Pr: 0.7078	FALSE	FALSE	0	-	-	-	-	-	-
gene_2866	mRNA_2866	OTHER	FALSE	1.000000	0.000000		FALSE	FALSE	0	-	-	-	-	-	-
gene_2867	mRNA_2867	OTHER	FALSE	1.000000	0.000000		FALSE	FALSE	0	-	-	-	-	-	-
gene_2868	mRNA_2868	SP	TRUE	0.000423	0.999539	CS pos: 21-22. Pr: 0.9752	FALSE	FALSE	0	-	-	-	-	-	-
gene_2869	mRNA_2869	OTHER	FALSE	1.000000	0.000000		FALSE	FALSE	0	-	-	-	-	-	-
gene_2870	mRNA_2870	OTHER	FALSE	1.000000	0.000001		FALSE	FALSE	0	-	-	-	-	-	-
gene_2871	mRNA_2871	OTHER	FALSE	1.000000	0.000013		FALSE	FALSE	0	-	-	-	-	-	-
gene_2872	mRNA_2872	OTHER	FALSE	1.000000	0.000001		TRUE	FALSE	1	-	-	-	GT15	-	-
gene_2873	mRNA_2873	OTHER	FALSE	0.999974	0.000080		FALSE	FALSE	0	-	-	-	-	-	-
gene_2874	mRNA_2874	OTHER	FALSE	0.999261	0.000738		FALSE	FALSE	0	-	-	-	-	-	-
gene_2875	mRNA_2875	SP	TRUE	0.002419	0.997552	CS pos: 31-32. Pr: 0.9666	FALSE	FALSE	0	-	-	-	-	-	-
gene_2876	mRNA_2876	SP	TRUE	0.000276	0.999701	CS pos: 33-34. Pr: 0.9786	FALSE	FALSE	0	-	-	-	-	-	-
gene_2877	mRNA_2877	OTHER	FALSE	1.000000	0.000000		FALSE	FALSE	0	-	-	-	-	-	-
gene_2878	mRNA_2878	OTHER	FALSE	0.999198	0.000825		FALSE	FALSE	0	-	-	-	-	-	-
gene_2879	mRNA_2879	OTHER	FALSE	0.817315	0.182698		FALSE	FALSE	0	-	-	-	-	-	-
gene_2880	mRNA_2880	OTHER	FALSE	1.000000	0.000000		FALSE	FALSE	0	-	-	-	-	-	-
gene_2881	mRNA_2881	OTHER	FALSE	1.000000	0.000001		FALSE	FALSE	0	-	-	-	-	-	-
gene_2882	mRNA_2882	OTHER	FALSE	0.999981	0.000047		FALSE	FALSE	0	-	-	-	-	-	-
gene_2883	mRNA_2883	OTHER	FALSE	1.000000	0.000000		FALSE	FALSE	0	-	-	-	-	-	-
gene_2884	mRNA_2884	OTHER	FALSE	1.000000	0.000037		FALSE	FALSE	0	-	-	-	-	-	-
gene_2885	mRNA_2885	OTHER	FALSE	1.000000	0.000000		FALSE	FALSE	0	-	-	-	-	-	-
gene_2886	mRNA_2886	SP	TRUE	0.000396	0.999576	CS pos: 36-37. Pr: 0.9584	TRUE	TRUE	3	3.2.1.28:1	GH37(67-644)	GH37_e4(68-645)	GH37	GH37_e4	trehalose
gene_2887	mRNA_2887	OTHER	FALSE	1.000000	0.000000		TRUE	FALSE	1	-	-	-	GH37	-	-
gene_2888	mRNA_2888	OTHER	FALSE	0.873391	0.126621		TRUE	TRUE	3	-	GT17(60-391)	GT17_e12(62-391)	GT17	GT17_e12	-
gene_2889	mRNA_2889	OTHER	FALSE	1.000000	0.000000		TRUE	FALSE	1	-	-	-	GH92	-	-
gene_2890	mRNA_2890	OTHER	FALSE	1.000000	0.000000		FALSE	FALSE	0	-	-	-	-	-	-
gene_2891	mRNA_2891	SP	TRUE	0.000681	0.999289	CS pos: 19-20. Pr: 0.9801	FALSE	FALSE	0	-	-	-	-	-	-
gene_2892	mRNA_2892	OTHER	FALSE	1.000000	0.000000		FALSE	FALSE	0	-	-	-	-	-	-
gene_2893	mRNA_2893	OTHER	FALSE	1.000000	0.000000		FALSE	FALSE	0	-	-	-	-	-	-
gene_2894	mRNA_2894	OTHER	FALSE	1.000000	0.000000		FALSE	FALSE	0	-	-	-	-	-	-
gene_2895	mRNA_2895	OTHER	FALSE	1.000000	0.000001		FALSE	FALSE	0	-	-	-	-	-	-
gene_2896	mRNA_2896	OTHER	FALSE	1.000000	0.000000		FALSE	FALSE	0	-	-	-	-	-	-
gene_2897	mRNA_2897	OTHER	FALSE	1.000000	0.000000		FALSE	FALSE	0	-	-	-	-	-	-
gene_2898	mRNA_2898	OTHER	FALSE	1.000000	0.000000		FALSE	FALSE	0	-	-	-	-	-	-
gene_2899	mRNA_2899	SP	TRUE	0.000328	0.999642	CS pos: 23-24. Pr: 0.9671	TRUE	FALSE	1	-	-	-	GH128	-	-
gene_2900	mRNA_2900	OTHER	FALSE	1.000000	0.000000		FALSE	FALSE	0	-	-	-	-	-	-
gene_2901	mRNA_2901	OTHER	FALSE	1.000000	0.000000		FALSE	FALSE	0	-	-	-	-	-	-
gene_2902	mRNA_2902	OTHER	FALSE	1.000000	0.000000		TRUE	FALSE	1	-	-	-	GH47	-	-
gene_2903	mRNA_2903	OTHER	FALSE	1.000000	0.000000		FALSE	FALSE	0	-	-	-	-	-	-
gene_2904	mRNA_2904	OTHER	FALSE	1.000000	0.000000		FALSE	FALSE	0	-	-	-	-	-	-
gene_2905	mRNA_2905	OTHER	FALSE	1.000000	0.000000		TRUE	FALSE	1	-	-	-	GH13_31	-	-
gene_2906	mRNA_2906	OTHER	FALSE	1.000000	0.000001		TRUE	FALSE	1	-	-	-	GT22	-	-
gene_2907	mRNA_2907	OTHER	FALSE	1.000000	0.000000		FALSE	FALSE	0	-	-	-	-	-	-
gene_2908	mRNA_2908	OTHER	FALSE	1.000000	0.000000		FALSE	FALSE	0	-	-	-	-	-	-
gene_2909	mRNA_2909	OTHER	FALSE	1.000000	0.000001		FALSE	FALSE	0	-	-	-	-	-	-
gene_2910	mRNA_2910	OTHER	FALSE	0.999758	0.000249		FALSE	FALSE	0	-	-	-	-	-	-
gene_2911	mRNA_2911	SP	TRUE	0.000317	0.999649	CS pos: 19-20. Pr: 0.9730	FALSE	FALSE	0	-	-	-	-	-	-
gene_2912	mRNA_2912	OTHER	FALSE	1.000000	0.000000		FALSE	FALSE	0	-	-	-	-	-	-
gene_2913	mRNA_2913	OTHER	FALSE	1.000000	0.000006		FALSE	FALSE	0	-	-	-	-	-	-
gene_2914	mRNA_2914	OTHER	FALSE	1.000000	0.000000		FALSE	FALSE	0	-	-	-	-	-	-
gene_2915	mRNA_2915	OTHER	FALSE	1.000000	0.000000		FALSE	FALSE	0	-	-	-	-	-	-
gene_2916	mRNA_2916	OTHER	FALSE	0.999906	0.000143		FALSE	FALSE	0	-	-	-	-	-	-
gene_2917	mRNA_2917	SP	TRUE	0.000255	0.999711	CS pos: 16-17. Pr: 0.9800	FALSE	FALSE	0	-	-	-	-	-	-
gene_2918	mRNA_2918	OTHER	FALSE	1.000000	0.000000		FALSE	FALSE	0	-	-	-	-	-	-
gene_2919	mRNA_2919	OTHER	FALSE	0.999864	0.000116		FALSE	FALSE	0	-	-	-	-	-	-
gene_2920	mRNA_2920	OTHER	FALSE	1.000000	0.000000		FALSE	FALSE	0	-	-	-	-	-	-
gene_2921	mRNA_2921	OTHER	FALSE	1.000000	0.000000		FALSE	FALSE	0	-	-	-	-	-	-
gene_2922	mRNA_2922	OTHER	FALSE	1.000000	0.000002		FALSE	FALSE	0	-	-	-	-	-	-
gene_2923	mRNA_2923	OTHER	FALSE	1.000000	0.000003		FALSE	FALSE	0	-	-	-	-	-	-
gene_2924	mRNA_2924	OTHER	FALSE	1.000000	0.000000		FALSE	FALSE	0	-	-	-	-	-	-
gene_2925	mRNA_2925	OTHER	FALSE	1.000000	0.000001		FALSE	FALSE	0	-	-	-	-	-	-
gene_2926	mRNA_2926	OTHER	FALSE	0.999961	0.000033		FALSE	FALSE	0	-	-	-	-	-	-
gene_2927	mRNA_2927	OTHER	FALSE	1.000000	0.000000		FALSE	FALSE	0	-	-	-	-	-	-
gene_2928	mRNA_2928	OTHER	FALSE	1.000000	0.000001		FALSE	FALSE	0	-	-	-	-	-	-
gene_2929	mRNA_2929	OTHER	FALSE	1.000000	0.000002		TRUE	FALSE	1	-	-	-	GH13_25+GH133+GH13_25	-	-
gene_2930	mRNA_2930	OTHER	FALSE	0.999858	0.000173		TRUE	FALSE	1	-	-	-	GH13_25+GH133+GH13_25	-	-
gene_2931	mRNA_2931	OTHER	FALSE	1.000000	0.000000		FALSE	FALSE	0	-	-	-	-	-	-
gene_2932	mRNA_2932	OTHER	FALSE	1.000000	0.000000		FALSE	FALSE	0	-	-	-	-	-	-
gene_2933	mRNA_2933	OTHER	FALSE	1.000000	0.000000		FALSE	FALSE	0	-	-	-	-	-	-
gene_2934	mRNA_2934	OTHER	FALSE	1.000000	0.000000		FALSE	FALSE	0	-	-	-	-	-	-
gene_2935	mRNA_2935	OTHER	FALSE	0.998042	0.001963		FALSE	FALSE	0	-	-	-	-	-	-
gene_2936	mRNA_2936	OTHER	FALSE	1.000000	0.000011		FALSE	FALSE	0	-	-	-	-	-	-
gene_2937	mRNA_2937	OTHER	FALSE	0.999910	0.000074		TRUE	TRUE	3	-	AA1(161-682)	AA1_e22(162-682)	AA1	AA1_e22	lignin
gene_2938	mRNA_2938	SP	TRUE	0.000222	0.999731	CS pos: 31-32. Pr: 0.3084	FALSE	FALSE	0	-	-	-	-	-	-
gene_2939	mRNA_2939	OTHER	FALSE	1.000000	0.000000		FALSE	FALSE	0	-	-	-	-	-	-
gene_2940	mRNA_2940	OTHER	FALSE	1.000000	0.000000		FALSE	FALSE	0	-	-	-	-	-	-
gene_2941	mRNA_2941	OTHER	FALSE	1.000000	0.000004		TRUE	FALSE	1	-	-	-	GH3	-	-
gene_2942	mRNA_2942	SP	TRUE	0.000211	0.999746	CS pos: 23-24. Pr: 0.9772	TRUE	TRUE	3	3.2.1.174:2	GH78(275-691)	GH78_e52(90-691)	GH78	GH78_e52	pectin
gene_2943	mRNA_2943	OTHER	FALSE	1.000000	0.000000		FALSE	FALSE	0	-	-	-	-	-	-
gene_2944	mRNA_2944	OTHER	FALSE	1.000000	0.000001		FALSE	FALSE	0	-	-	-	-	-	-
gene_2945	mRNA_2945	OTHER	FALSE	1.000000	0.000000		FALSE	FALSE	0	-	-	-	-	-	-
gene_2946	mRNA_2946	SP	TRUE	0.000309	0.999666	CS pos: 20-21. Pr: 0.9855	TRUE	TRUE	3	3.2.1.3:94|1.14.99.55:4	GH15(61-460)+CBM20(540-630)	GH15_e31(67-461)+CBM20_e25(541-630)	GH15+CBM20	GH15_e31|CBM20_e25	alpha-glucan
gene_2947	mRNA_2947	SP	TRUE	0.000223	0.999760	CS pos: 18-19. Pr: 0.9771	TRUE	TRUE	3	3.2.1.1:16|1.14.99.55:4	GH13_1(57-361)+CBM20(527-617)	GH13_e19(58-362)+CBM20_e25(529-618)	GH13_1+CBM20+GH13_1	GH13_1|CBM20_e25	alpha-glucan
gene_2948	mRNA_2948	OTHER	FALSE	1.000000	0.000000		FALSE	FALSE	0	-	-	-	-	-	-
gene_2949	mRNA_2949	OTHER	FALSE	1.000000	0.000000		FALSE	FALSE	0	-	-	-	-	-	-
gene_2950	mRNA_2950	OTHER	FALSE	1.000000	0.000000		TRUE	FALSE	1	-	-	-	GH28	-	-
gene_2951	mRNA_2951	OTHER	FALSE	1.000000	0.000000		FALSE	FALSE	0	-	-	-	-	-	-
gene_2952	mRNA_2952	OTHER	FALSE	0.997899	0.002109		FALSE	FALSE	0	-	-	-	-	-	-
gene_2953	mRNA_2953	OTHER	FALSE	1.000000	0.000000		FALSE	FALSE	0	-	-	-	-	-	-
gene_2954	mRNA_2954	OTHER	FALSE	1.000000	0.000000		FALSE	FALSE	0	-	-	-	-	-	-
gene_2955	mRNA_2955	OTHER	FALSE	0.996994	0.003040		FALSE	FALSE	0	-	-	-	-	-	-
gene_2956	mRNA_2956	OTHER	FALSE	1.000000	0.000000		TRUE	FALSE	1	-	-	-	GH27	-	-
gene_2957	mRNA_2957	OTHER	FALSE	1.000000	0.000000		TRUE	FALSE	1	-	-	-	GT1	-	-
gene_2958	mRNA_2958	SP	TRUE	0.000337	0.999617	CS pos: 16-17. Pr: 0.9622	TRUE	TRUE	3	1.14.99.54:5;1.14.99.56:1	AA9(5-214)	AA9_e7(7-215)	AA9	AA9_e7	cellulose
gene_2959	mRNA_2959	OTHER	FALSE	1.000000	0.000000		TRUE	FALSE	1	-	-	-	GH18	-	-
gene_2960	mRNA_2960	OTHER	FALSE	0.995537	0.004469		TRUE	TRUE	3	-	GH18(18-343)	GH18_e143(16-344)	GH18	GH18_e143	-
gene_2961	mRNA_2961	OTHER	FALSE	1.000000	0.000000		FALSE	FALSE	0	-	-	-	-	-	-
gene_2962	mRNA_2962	OTHER	FALSE	1.000000	0.000002		FALSE	FALSE	0	-	-	-	-	-	-
gene_2963	mRNA_2963	OTHER	FALSE	0.999982	0.000046		FALSE	FALSE	0	-	-	-	-	-	-
gene_2964	mRNA_2964	OTHER	FALSE	1.000000	0.000000		FALSE	FALSE	0	-	-	-	-	-	-
gene_2965	mRNA_2965	OTHER	FALSE	1.000000	0.000000		FALSE	FALSE	0	-	-	-	-	-	-
gene_2966	mRNA_2966	OTHER	FALSE	1.000000	0.000000		FALSE	FALSE	0	-	-	-	-	-	-
gene_2967	mRNA_2967	OTHER	FALSE	1.000000	0.000005		TRUE	TRUE	3	3.2.1.-:1	GH18(24-357)	GH18_e227(12-356)	GH18	GH18_e227	peptidoglycan
gene_2968	mRNA_2968	OTHER	FALSE	1.000000	0.000000		FALSE	FALSE	0	-	-	-	-	-	-
gene_2969	mRNA_2969	OTHER	FALSE	1.000000	0.000003		FALSE	FALSE	0	-	-	-	-	-	-
gene_2970	mRNA_2970	OTHER	FALSE	1.000000	0.000000		FALSE	FALSE	0	-	-	-	-	-	-
gene_2971	mRNA_2971	OTHER	FALSE	1.000000	0.000000		FALSE	FALSE	0	-	-	-	-	-	-
gene_2972	mRNA_2972	OTHER	FALSE	1.000000	0.000000		FALSE	FALSE	0	-	-	-	-	-	-
gene_2973	mRNA_2973	OTHER	FALSE	1.000000	0.000000		FALSE	FALSE	0	-	-	-	-	-	-
gene_2974	mRNA_2974	OTHER	FALSE	1.000000	0.000000		FALSE	FALSE	0	-	-	-	-	-	-
gene_2975	mRNA_2975	SP	TRUE	0.000222	0.999730	CS pos: 21-22. Pr: 0.9668	TRUE	TRUE	3	-	GH16_18(71-227)	GH16_e149(72-228)	GH16_18+GH16_18	GH16_18	-
gene_2976	mRNA_2976	OTHER	FALSE	1.000000	0.000001		TRUE	FALSE	1	-	-	-	GH88	-	-
gene_2977	mRNA_2977	OTHER	FALSE	0.967078	0.032926		FALSE	FALSE	0	-	-	-	-	-	-
gene_2978	mRNA_2978	OTHER	FALSE	0.764742	0.235267		FALSE	FALSE	0	-	-	-	-	-	-
gene_2979	mRNA_2979	OTHER	FALSE	1.000000	0.000001		FALSE	FALSE	0	-	-	-	-	-	-
gene_2980	mRNA_2980	SP	TRUE	0.307085	0.692911	CS pos: 18-19. Pr: 0.6519	FALSE	FALSE	0	-	-	-	-	-	-
gene_2981	mRNA_2981	SP	TRUE	0.001712	0.998262	CS pos: 15-16. Pr: 0.9595	TRUE	FALSE	1	-	-	-	AA3_2+AA3_2	-	-
gene_2982	mRNA_2982	OTHER	FALSE	1.000000	0.000003		FALSE	FALSE	0	-	-	-	-	-	-
gene_2983	mRNA_2983	SP	TRUE	0.000285	0.999678	CS pos: 20-21. Pr: 0.9808	FALSE	FALSE	0	-	-	-	-	-	-
gene_2984	mRNA_2984	OTHER	FALSE	1.000000	0.000000		FALSE	FALSE	0	-	-	-	-	-	-
gene_2985	mRNA_2985	OTHER	FALSE	1.000000	0.000000		FALSE	FALSE	0	-	-	-	-	-	-
gene_2986	mRNA_2986	OTHER	FALSE	0.954153	0.045842		FALSE	FALSE	0	-	-	-	-	-	-
gene_2987	mRNA_2987	OTHER	FALSE	1.000000	0.000000		FALSE	FALSE	0	-	-	-	-	-	-
gene_2988	mRNA_2988	OTHER	FALSE	1.000000	0.000002		FALSE	FALSE	0	-	-	-	-	-	-
gene_2989	mRNA_2989	OTHER	FALSE	1.000000	0.000000		FALSE	FALSE	0	-	-	-	-	-	-
gene_2990	mRNA_2990	OTHER	FALSE	0.999882	0.000139		FALSE	FALSE	0	-	-	-	-	-	-
gene_2991	mRNA_2991	OTHER	FALSE	1.000000	0.000000		FALSE	FALSE	0	-	-	-	-	-	-
gene_2992	mRNA_2992	OTHER	FALSE	1.000000	0.000000		FALSE	FALSE	0	-	-	-	-	-	-
gene_2993	mRNA_2993	OTHER	FALSE	1.000000	0.000000		FALSE	FALSE	0	-	-	-	-	-	-
gene_2994	mRNA_2994	OTHER	FALSE	1.000000	0.000009		TRUE	FALSE	1	-	-	-	GT35	-	-
gene_2995	mRNA_2995	OTHER	FALSE	1.000000	0.000000		FALSE	FALSE	0	-	-	-	-	-	-
gene_2996	mRNA_2996	OTHER	FALSE	1.000000	0.000003		FALSE	FALSE	0	-	-	-	-	-	-
gene_2997	mRNA_2997	OTHER	FALSE	1.000000	0.000000		TRUE	FALSE	1	-	-	-	GH0	-	-
gene_2998	mRNA_2998	OTHER	FALSE	1.000000	0.000000		FALSE	FALSE	0	-	-	-	-	-	-
gene_2999	mRNA_2999	OTHER	FALSE	1.000000	0.000000		FALSE	FALSE	0	-	-	-	-	-	-
gene_3000	mRNA_3000	OTHER	FALSE	1.000000	0.000000		FALSE	FALSE	0	-	-	-	-	-	-
gene_3001	mRNA_3001	OTHER	FALSE	1.000000	0.000000		FALSE	FALSE	0	-	-	-	-	-	-
gene_3002	mRNA_3002	OTHER	FALSE	1.000000	0.000000		FALSE	FALSE	0	-	-	-	-	-	-
gene_3003	mRNA_3003	OTHER	FALSE	1.000000	0.000000		FALSE	FALSE	0	-	-	-	-	-	-
gene_3004	mRNA_3004	OTHER	FALSE	1.000000	0.000000		FALSE	FALSE	0	-	-	-	-	-	-
gene_3005	mRNA_3005	OTHER	FALSE	1.000000	0.000000		FALSE	FALSE	0	-	-	-	-	-	-
gene_3006	mRNA_3006	OTHER	FALSE	1.000000	0.000001		FALSE	FALSE	0	-	-	-	-	-	-
gene_3007	mRNA_3007	OTHER	FALSE	1.000000	0.000001		FALSE	FALSE	0	-	-	-	-	-	-
gene_3008	mRNA_3008	OTHER	FALSE	1.000000	0.000005		FALSE	FALSE	0	-	-	-	-	-	-
gene_3009	mRNA_3009	OTHER	FALSE	1.000000	0.000001		TRUE	FALSE	1	-	-	-	CBM50	-	-
gene_3010	mRNA_3010	SP	TRUE	0.000608	0.999365	CS pos: 20-21. Pr: 0.8369	FALSE	FALSE	0	-	-	-	-	-	-
gene_3011	mRNA_3011	OTHER	FALSE	1.000000	0.000001		FALSE	FALSE	0	-	-	-	-	-	-
gene_3012	mRNA_3012	OTHER	FALSE	1.000000	0.000000		FALSE	FALSE	0	-	-	-	-	-	-
gene_3013	mRNA_3013	OTHER	FALSE	1.000000	0.000000		FALSE	FALSE	0	-	-	-	-	-	-
gene_3014	mRNA_3014	OTHER	FALSE	1.000000	0.000002		FALSE	FALSE	0	-	-	-	-	-	-
gene_3015	mRNA_3015	OTHER	FALSE	1.000000	0.000001		FALSE	FALSE	0	-	-	-	-	-	-
gene_3016	mRNA_3016	OTHER	FALSE	1.000000	0.000000		TRUE	FALSE	1	-	-	-	GT22	-	-
gene_3017	mRNA_3017	OTHER	FALSE	1.000000	0.000000		FALSE	FALSE	0	-	-	-	-	-	-
gene_3018	mRNA_3018	OTHER	FALSE	1.000000	0.000000		FALSE	FALSE	0	-	-	-	-	-	-
gene_3019	mRNA_3019	OTHER	FALSE	0.999984	0.000045		TRUE	FALSE	1	-	-	-	GH47	-	-
gene_3020	mRNA_3020	OTHER	FALSE	1.000000	0.000000		FALSE	FALSE	0	-	-	-	-	-	-
gene_3021	mRNA_3021	OTHER	FALSE	1.000000	0.000005		FALSE	FALSE	0	-	-	-	-	-	-
gene_3022	mRNA_3022	OTHER	FALSE	1.000000	0.000003		FALSE	FALSE	0	-	-	-	-	-	-
gene_3023	mRNA_3023	OTHER	FALSE	1.000000	0.000000		FALSE	FALSE	0	-	-	-	-	-	-
gene_3024	mRNA_3024	OTHER	FALSE	1.000000	0.000004		FALSE	FALSE	0	-	-	-	-	-	-
gene_3025	mRNA_3025	OTHER	FALSE	1.000000	0.000000		FALSE	FALSE	0	-	-	-	-	-	-
gene_3026	mRNA_3026	OTHER	FALSE	1.000000	0.000000		FALSE	FALSE	0	-	-	-	-	-	-
gene_3027	mRNA_3027	OTHER	FALSE	1.000000	0.000000		FALSE	FALSE	0	-	-	-	-	-	-
gene_3028	mRNA_3028	OTHER	FALSE	1.000000	0.000000		FALSE	FALSE	0	-	-	-	-	-	-
gene_3029	mRNA_3029	OTHER	FALSE	1.000000	0.000001		TRUE	FALSE	1	-	-	-	CE9	-	-
gene_3030	mRNA_3030	OTHER	FALSE	1.000000	0.000005		TRUE	TRUE	3	3.2.1.39:20	GH81(34-729)	GH81_e0(40-730)	GH81	GH81_e0	beta-glucan
gene_3031	mRNA_3031	OTHER	FALSE	1.000000	0.000003		FALSE	FALSE	0	-	-	-	-	-	-
gene_3032	mRNA_3032	OTHER	FALSE	1.000000	0.000000		FALSE	FALSE	0	-	-	-	-	-	-
gene_3033	mRNA_3033	OTHER	FALSE	1.000000	0.000000		FALSE	FALSE	0	-	-	-	-	-	-
gene_3034	mRNA_3034	OTHER	FALSE	1.000000	0.000000		FALSE	FALSE	0	-	-	-	-	-	-
gene_3035	mRNA_3035	OTHER	FALSE	1.000000	0.000000		FALSE	FALSE	0	-	-	-	-	-	-
gene_3036	mRNA_3036	OTHER	FALSE	1.000000	0.000000		FALSE	FALSE	0	-	-	-	-	-	-
gene_3037	mRNA_3037	SP	TRUE	0.000218	0.999759	CS pos: 22-23. Pr: 0.9763	TRUE	TRUE	3	3.2.1.113:12	GH47(46-519)	GH47_e16(47-519)	GH47	GH47_e16	host glycan
gene_3038	mRNA_3038	OTHER	FALSE	1.000000	0.000000		FALSE	FALSE	0	-	-	-	-	-	-
gene_3039	mRNA_3039	OTHER	FALSE	1.000000	0.000000		FALSE	FALSE	0	-	-	-	-	-	-
gene_3040	mRNA_3040	OTHER	FALSE	1.000000	0.000000		FALSE	FALSE	0	-	-	-	-	-	-
gene_3041	mRNA_3041	OTHER	FALSE	1.000000	0.000000		FALSE	FALSE	0	-	-	-	-	-	-
gene_3042	mRNA_3042	OTHER	FALSE	1.000000	0.000003		FALSE	FALSE	0	-	-	-	-	-	-
gene_3043	mRNA_3043	OTHER	FALSE	1.000000	0.000002		FALSE	FALSE	0	-	-	-	-	-	-
gene_3044	mRNA_3044	OTHER	FALSE	1.000000	0.000000		FALSE	FALSE	0	-	-	-	-	-	-
gene_3045	mRNA_3045	OTHER	FALSE	1.000000	0.000001		FALSE	FALSE	0	-	-	-	-	-	-
gene_3046	mRNA_3046	OTHER	FALSE	1.000000	0.000000		FALSE	FALSE	0	-	-	-	-	-	-
gene_3047	mRNA_3047	OTHER	FALSE	1.000000	0.000000		FALSE	FALSE	0	-	-	-	-	-	-
gene_3048	mRNA_3048	OTHER	FALSE	1.000000	0.000000		FALSE	FALSE	0	-	-	-	-	-	-
gene_3049	mRNA_3049	OTHER	FALSE	1.000000	0.000000		FALSE	FALSE	0	-	-	-	-	-	-
gene_3050	mRNA_3050	OTHER	FALSE	1.000000	0.000000		FALSE	FALSE	0	-	-	-	-	-	-
gene_3051	mRNA_3051	OTHER	FALSE	1.000000	0.000000		FALSE	FALSE	0	-	-	-	-	-	-
gene_3052	mRNA_3052	OTHER	FALSE	1.000000	0.000000		FALSE	FALSE	0	-	-	-	-	-	-
gene_3053	mRNA_3053	OTHER	FALSE	1.000000	0.000000		TRUE	FALSE	1	-	-	-	GH3	-	-
gene_3054	mRNA_3054	OTHER	FALSE	1.000000	0.000003		FALSE	FALSE	0	-	-	-	-	-	-
gene_3055	mRNA_3055	OTHER	FALSE	0.999900	0.000108		TRUE	FALSE	1	-	-	-	GH45_1+GH45_1	-	-
gene_3056	mRNA_3056	OTHER	FALSE	0.999855	0.000147		FALSE	FALSE	0	-	-	-	-	-	-
gene_3057	mRNA_3057	OTHER	FALSE	0.998397	0.001630		FALSE	FALSE	0	-	-	-	-	-	-
gene_3058	mRNA_3058	OTHER	FALSE	1.000000	0.000002		FALSE	FALSE	0	-	-	-	-	-	-
gene_3059	mRNA_3059	OTHER	FALSE	1.000000	0.000000		TRUE	TRUE	3	-	AA2(24-276)	AA2_e1(23-277)	AA2	AA2_e1	lignin
gene_3060	mRNA_3060	OTHER	FALSE	1.000000	0.000000		FALSE	FALSE	0	-	-	-	-	-	-
gene_3061	mRNA_3061	OTHER	FALSE	1.000000	0.000000		FALSE	FALSE	0	-	-	-	-	-	-
gene_3062	mRNA_3062	OTHER	FALSE	1.000000	0.000004		FALSE	FALSE	0	-	-	-	-	-	-
gene_3063	mRNA_3063	OTHER	FALSE	1.000000	0.000001		FALSE	FALSE	0	-	-	-	-	-	-
gene_3064	mRNA_3064	SP	TRUE	0.325740	0.674224	CS pos: 30-31. Pr: 0.2090	FALSE	FALSE	0	-	-	-	-	-	-
gene_3065	mRNA_3065	SP	TRUE	0.000346	0.999625	CS pos: 23-24. Pr: 0.9764	TRUE	TRUE	3	-	AA2(130-232)	AA2_e1(133-230)	AA0	AA2_e1	lignin
gene_3066	mRNA_3066	OTHER	FALSE	1.000000	0.000000		FALSE	FALSE	0	-	-	-	-	-	-
gene_3067	mRNA_3067	OTHER	FALSE	1.000000	0.000000		FALSE	FALSE	0	-	-	-	-	-	-
gene_3068	mRNA_3068	OTHER	FALSE	1.000000	0.000003		FALSE	FALSE	0	-	-	-	-	-	-
gene_3069	mRNA_3069	OTHER	FALSE	1.000000	0.000000		FALSE	FALSE	0	-	-	-	-	-	-
gene_3070	mRNA_3070	OTHER	FALSE	1.000000	0.000019		FALSE	FALSE	0	-	-	-	-	-	-
gene_3071	mRNA_3071	OTHER	FALSE	1.000000	0.000000		FALSE	FALSE	0	-	-	-	-	-	-
gene_3072	mRNA_3072	OTHER	FALSE	0.999858	0.000158		FALSE	FALSE	0	-	-	-	-	-	-
gene_3073	mRNA_3073	OTHER	FALSE	1.000000	0.000000		TRUE	FALSE	1	-	-	-	GH43_30	-	-
gene_3074	mRNA_3074	OTHER	FALSE	1.000000	0.000000		FALSE	FALSE	0	-	-	-	-	-	-
gene_3075	mRNA_3075	OTHER	FALSE	1.000000	0.000000		FALSE	FALSE	0	-	-	-	-	-	-
gene_3076	mRNA_3076	OTHER	FALSE	1.000000	0.000000		FALSE	FALSE	0	-	-	-	-	-	-
gene_3077	mRNA_3077	OTHER	FALSE	1.000000	0.000000		FALSE	FALSE	0	-	-	-	-	-	-
gene_3078	mRNA_3078	OTHER	FALSE	1.000000	0.000001		FALSE	FALSE	0	-	-	-	-	-	-
gene_3079	mRNA_3079	OTHER	FALSE	1.000000	0.000000		FALSE	FALSE	0	-	-	-	-	-	-
gene_3080	mRNA_3080	OTHER	FALSE	1.000000	0.000000		FALSE	FALSE	0	-	-	-	-	-	-
gene_3081	mRNA_3081	OTHER	FALSE	1.000000	0.000000		TRUE	FALSE	1	-	-	-	GH135	-	-
gene_3082	mRNA_3082	OTHER	FALSE	1.000000	0.000000		FALSE	FALSE	0	-	-	-	-	-	-
gene_3083	mRNA_3083	OTHER	FALSE	1.000000	0.000000		FALSE	FALSE	0	-	-	-	-	-	-
gene_3084	mRNA_3084	OTHER	FALSE	1.000000	0.000000		TRUE	FALSE	1	-	-	-	GH2_3+GH2_3	-	-
gene_3085	mRNA_3085	OTHER	FALSE	1.000000	0.000000		FALSE	FALSE	0	-	-	-	-	-	-
gene_3086	mRNA_3086	OTHER	FALSE	1.000000	0.000001		FALSE	FALSE	0	-	-	-	-	-	-
gene_3087	mRNA_3087	OTHER	FALSE	1.000000	0.000000		TRUE	FALSE	1	-	-	-	GH47	-	-
gene_3088	mRNA_3088	OTHER	FALSE	1.000000	0.000002		FALSE	FALSE	0	-	-	-	-	-	-
gene_3089	mRNA_3089	OTHER	FALSE	1.000000	0.000000		FALSE	FALSE	0	-	-	-	-	-	-
gene_3090	mRNA_3090	OTHER	FALSE	1.000000	0.000007		FALSE	FALSE	0	-	-	-	-	-	-
gene_3091	mRNA_3091	OTHER	FALSE	1.000000	0.000003		FALSE	FALSE	0	-	-	-	-	-	-
gene_3092	mRNA_3092	OTHER	FALSE	1.000000	0.000000		FALSE	FALSE	0	-	-	-	-	-	-
gene_3093	mRNA_3093	OTHER	FALSE	1.000000	0.000003		FALSE	FALSE	0	-	-	-	-	-	-
gene_3094	mRNA_3094	OTHER	FALSE	1.000000	0.000000		TRUE	FALSE	1	-	-	-	GT22	-	-
gene_3095	mRNA_3095	OTHER	FALSE	0.999965	0.000061		FALSE	FALSE	0	-	-	-	-	-	-
gene_3096	mRNA_3096	OTHER	FALSE	1.000000	0.000000		FALSE	FALSE	0	-	-	-	-	-	-
gene_3097	mRNA_3097	OTHER	FALSE	1.000000	0.000000		FALSE	FALSE	0	-	-	-	-	-	-
gene_3098	mRNA_3098	OTHER	FALSE	1.000000	0.000000		FALSE	FALSE	0	-	-	-	-	-	-
gene_3099	mRNA_3099	OTHER	FALSE	1.000000	0.000002		FALSE	FALSE	0	-	-	-	-	-	-
gene_3100	mRNA_3100	OTHER	FALSE	1.000000	0.000000		TRUE	FALSE	1	-	-	-	CE5	-	-
gene_3101	mRNA_3101	OTHER	FALSE	1.000000	0.000000		FALSE	FALSE	0	-	-	-	-	-	-
gene_3102	mRNA_3102	OTHER	FALSE	1.000000	0.000000		FALSE	FALSE	0	-	-	-	-	-	-
gene_3103	mRNA_3103	OTHER	FALSE	1.000000	0.000000		FALSE	FALSE	0	-	-	-	-	-	-
gene_3104	mRNA_3104	OTHER	FALSE	1.000000	0.000003		FALSE	FALSE	0	-	-	-	-	-	-
gene_3105	mRNA_3105	OTHER	FALSE	1.000000	0.000000		FALSE	FALSE	0	-	-	-	-	-	-
gene_3106	mRNA_3106	OTHER	FALSE	1.000000	0.000000		FALSE	FALSE	0	-	-	-	-	-	-
gene_3107	mRNA_3107	OTHER	FALSE	1.000000	0.000001		FALSE	FALSE	0	-	-	-	-	-	-
gene_3108	mRNA_3108	OTHER	FALSE	1.000000	0.000000		FALSE	FALSE	0	-	-	-	-	-	-
gene_3109	mRNA_3109	OTHER	FALSE	0.983582	0.016442		FALSE	FALSE	0	-	-	-	-	-	-
gene_3110	mRNA_3110	OTHER	FALSE	1.000000	0.000002		FALSE	FALSE	0	-	-	-	-	-	-
gene_3111	mRNA_3111	OTHER	FALSE	1.000000	0.000000		FALSE	FALSE	0	-	-	-	-	-	-
gene_3112	mRNA_3112	OTHER	FALSE	1.000000	0.000000		FALSE	FALSE	0	-	-	-	-	-	-
gene_3113	mRNA_3113	OTHER	FALSE	1.000000	0.000003		FALSE	FALSE	0	-	-	-	-	-	-
gene_3114	mRNA_3114	OTHER	FALSE	1.000000	0.000000		TRUE	FALSE	1	-	-	-	GH13_5+GH13_5	-	-
gene_3115	mRNA_3115	OTHER	FALSE	1.000000	0.000000		TRUE	FALSE	1	-	-	-	GH114	-	-
gene_3116	mRNA_3116	OTHER	FALSE	1.000000	0.000000		FALSE	FALSE	0	-	-	-	-	-	-
gene_3117	mRNA_3117	OTHER	FALSE	1.000000	0.000000		FALSE	FALSE	0	-	-	-	-	-	-
gene_3118	mRNA_3118	OTHER	FALSE	1.000000	0.000000		TRUE	FALSE	1	-	-	-	GH16_22+GH16_22	-	-
gene_3119	mRNA_3119	OTHER	FALSE	1.000000	0.000001		FALSE	FALSE	0	-	-	-	-	-	-
gene_3120	mRNA_3120	OTHER	FALSE	1.000000	0.000003		FALSE	FALSE	0	-	-	-	-	-	-
gene_3121	mRNA_3121	OTHER	FALSE	1.000000	0.000000		FALSE	FALSE	0	-	-	-	-	-	-
gene_3122	mRNA_3122	OTHER	FALSE	1.000000	0.000001		FALSE	FALSE	0	-	-	-	-	-	-
gene_3123	mRNA_3123	OTHER	FALSE	1.000000	0.000000		TRUE	FALSE	1	-	-	-	GH47	-	-
gene_3124	mRNA_3124	OTHER	FALSE	1.000000	0.000000		FALSE	FALSE	0	-	-	-	-	-	-
gene_3125	mRNA_3125	OTHER	FALSE	0.999985	0.000014		FALSE	FALSE	0	-	-	-	-	-	-
gene_3126	mRNA_3126	OTHER	FALSE	1.000000	0.000001		FALSE	FALSE	0	-	-	-	-	-	-
gene_3127	mRNA_3127	OTHER	FALSE	1.000000	0.000000		FALSE	FALSE	0	-	-	-	-	-	-
gene_3128	mRNA_3128	OTHER	FALSE	1.000000	0.000000		TRUE	FALSE	1	-	-	-	AA9	-	-
gene_3129	mRNA_3129	OTHER	FALSE	1.000000	0.000000		FALSE	FALSE	0	-	-	-	-	-	-
gene_3130	mRNA_3130	OTHER	FALSE	1.000000	0.000000		FALSE	FALSE	0	-	-	-	-	-	-
gene_3131	mRNA_3131	OTHER	FALSE	1.000000	0.000001		FALSE	FALSE	0	-	-	-	-	-	-
gene_3132	mRNA_3132	OTHER	FALSE	1.000000	0.000000		FALSE	FALSE	0	-	-	-	-	-	-
gene_3133	mRNA_3133	OTHER	FALSE	1.000000	0.000000		FALSE	FALSE	0	-	-	-	-	-	-
gene_3134	mRNA_3134	OTHER	FALSE	1.000000	0.000000		FALSE	FALSE	0	-	-	-	-	-	-
gene_3135	mRNA_3135	OTHER	FALSE	1.000000	0.000000		FALSE	FALSE	0	-	-	-	-	-	-
gene_3136	mRNA_3136	SP	TRUE	0.000432	0.999560	CS pos: 18-19. Pr: 0.9757	FALSE	FALSE	0	-	-	-	-	-	-
gene_3137	mRNA_3137	OTHER	FALSE	0.999916	0.000121		FALSE	FALSE	0	-	-	-	-	-	-
gene_3138	mRNA_3138	SP	TRUE	0.003061	0.996904	CS pos: 22-23. Pr: 0.9600	FALSE	FALSE	0	-	-	-	-	-	-
gene_3139	mRNA_3139	OTHER	FALSE	1.000000	0.000000		FALSE	FALSE	0	-	-	-	-	-	-
gene_3140	mRNA_3140	OTHER	FALSE	0.999964	0.000096		FALSE	FALSE	0	-	-	-	-	-	-
gene_3141	mRNA_3141	OTHER	FALSE	1.000000	0.000000		FALSE	FALSE	0	-	-	-	-	-	-
gene_3142	mRNA_3142	OTHER	FALSE	1.000000	0.000000		FALSE	FALSE	0	-	-	-	-	-	-
gene_3143	mRNA_3143	OTHER	FALSE	1.000000	0.000000		FALSE	FALSE	0	-	-	-	-	-	-
gene_3144	mRNA_3144	OTHER	FALSE	1.000000	0.000000		FALSE	FALSE	0	-	-	-	-	-	-
gene_3145	mRNA_3145	OTHER	FALSE	1.000000	0.000001		FALSE	FALSE	0	-	-	-	-	-	-
gene_3146	mRNA_3146	OTHER	FALSE	0.999503	0.000500		FALSE	FALSE	0	-	-	-	-	-	-
gene_3147	mRNA_3147	OTHER	FALSE	1.000000	0.000003		FALSE	FALSE	0	-	-	-	-	-	-
gene_3148	mRNA_3148	OTHER	FALSE	1.000000	0.000000		FALSE	FALSE	0	-	-	-	-	-	-
gene_3149	mRNA_3149	OTHER	FALSE	1.000000	0.000001		FALSE	FALSE	0	-	-	-	-	-	-
gene_3150	mRNA_3150	OTHER	FALSE	1.000000	0.000000		FALSE	FALSE	0	-	-	-	-	-	-
gene_3151	mRNA_3151	OTHER	FALSE	1.000000	0.000000		TRUE	FALSE	1	-	-	-	GH38	-	-
gene_3152	mRNA_3152	OTHER	FALSE	0.999987	0.000038		FALSE	FALSE	0	-	-	-	-	-	-
gene_3153	mRNA_3153	OTHER	FALSE	1.000000	0.000000		FALSE	FALSE	0	-	-	-	-	-	-
gene_3154	mRNA_3154	OTHER	FALSE	0.966150	0.033841		FALSE	FALSE	0	-	-	-	-	-	-
gene_3155	mRNA_3155	OTHER	FALSE	1.000000	0.000000		FALSE	FALSE	0	-	-	-	-	-	-
gene_3156	mRNA_3156	OTHER	FALSE	1.000000	0.000000		FALSE	FALSE	0	-	-	-	-	-	-
gene_3157	mRNA_3157	OTHER	FALSE	1.000000	0.000000		FALSE	FALSE	0	-	-	-	-	-	-
gene_3158	mRNA_3158	SP	TRUE	0.008351	0.991604	CS pos: 18-19. Pr: 0.9256	FALSE	FALSE	0	-	-	-	-	-	-
gene_3159	mRNA_3159	OTHER	FALSE	1.000000	0.000000		FALSE	FALSE	0	-	-	-	-	-	-
gene_3160	mRNA_3160	OTHER	FALSE	0.999999	0.000000		FALSE	FALSE	0	-	-	-	-	-	-
gene_3161	mRNA_3161	OTHER	FALSE	1.000000	0.000000		FALSE	FALSE	0	-	-	-	-	-	-
gene_3162	mRNA_3162	OTHER	FALSE	1.000000	0.000000		FALSE	FALSE	0	-	-	-	-	-	-
gene_3163	mRNA_3163	OTHER	FALSE	0.987314	0.012682		FALSE	FALSE	0	-	-	-	-	-	-
gene_3164	mRNA_3164	OTHER	FALSE	1.000000	0.000000		FALSE	FALSE	0	-	-	-	-	-	-
gene_3165	mRNA_3165	OTHER	FALSE	1.000000	0.000000		FALSE	FALSE	0	-	-	-	-	-	-
gene_3166	mRNA_3166	OTHER	FALSE	1.000000	0.000000		FALSE	FALSE	0	-	-	-	-	-	-
gene_3167	mRNA_3167	OTHER	FALSE	1.000000	0.000000		FALSE	FALSE	0	-	-	-	-	-	-
gene_3168	mRNA_3168	OTHER	FALSE	1.000000	0.000016		FALSE	FALSE	0	-	-	-	-	-	-
gene_3169	mRNA_3169	OTHER	FALSE	1.000000	0.000000		TRUE	FALSE	1	-	-	-	GT32	-	-
gene_3170	mRNA_3170	OTHER	FALSE	1.000000	0.000000		FALSE	FALSE	0	-	-	-	-	-	-
gene_3171	mRNA_3171	OTHER	FALSE	1.000000	0.000000		FALSE	FALSE	0	-	-	-	-	-	-
gene_3172	mRNA_3172	OTHER	FALSE	1.000000	0.000000		FALSE	FALSE	0	-	-	-	-	-	-
gene_3173	mRNA_3173	OTHER	FALSE	1.000000	0.000015		FALSE	FALSE	0	-	-	-	-	-	-
gene_3174	mRNA_3174	OTHER	FALSE	1.000000	0.000000		FALSE	FALSE	0	-	-	-	-	-	-
gene_3175	mRNA_3175	OTHER	FALSE	1.000000	0.000001		FALSE	FALSE	0	-	-	-	-	-	-
gene_3176	mRNA_3176	OTHER	FALSE	1.000000	0.000003		FALSE	FALSE	0	-	-	-	-	-	-
gene_3177	mRNA_3177	OTHER	FALSE	1.000000	0.000000		FALSE	FALSE	0	-	-	-	-	-	-
gene_3178	mRNA_3178	OTHER	FALSE	1.000000	0.000005		FALSE	FALSE	0	-	-	-	-	-	-
gene_3179	mRNA_3179	OTHER	FALSE	1.000000	0.000000		FALSE	FALSE	0	-	-	-	-	-	-
gene_3180	mRNA_3180	OTHER	FALSE	0.999914	0.000098		FALSE	FALSE	0	-	-	-	-	-	-
gene_3181	mRNA_3181	OTHER	FALSE	1.000000	0.000001		TRUE	FALSE	1	-	-	-	GH0	-	-
gene_3182	mRNA_3182	OTHER	FALSE	1.000000	0.000000		FALSE	FALSE	0	-	-	-	-	-	-
gene_3183	mRNA_3183	OTHER	FALSE	0.992503	0.007507		FALSE	FALSE	0	-	-	-	-	-	-
gene_3184	mRNA_3184	OTHER	FALSE	1.000000	0.000000		FALSE	FALSE	0	-	-	-	-	-	-
gene_3185	mRNA_3185	OTHER	FALSE	1.000000	0.000001		FALSE	FALSE	0	-	-	-	-	-	-
gene_3186	mRNA_3186	OTHER	FALSE	1.000000	0.000001		TRUE	FALSE	1	-	-	-	AA4	-	-
gene_3187	mRNA_3187	OTHER	FALSE	1.000000	0.000000		FALSE	FALSE	0	-	-	-	-	-	-
gene_3188	mRNA_3188	OTHER	FALSE	1.000000	0.000001		FALSE	FALSE	0	-	-	-	-	-	-
gene_3189	mRNA_3189	OTHER	FALSE	1.000000	0.000000		FALSE	FALSE	0	-	-	-	-	-	-
gene_3190	mRNA_3190	OTHER	FALSE	1.000000	0.000001		FALSE	FALSE	0	-	-	-	-	-	-
gene_3191	mRNA_3191	OTHER	FALSE	1.000000	0.000000		FALSE	FALSE	0	-	-	-	-	-	-
gene_3192	mRNA_3192	OTHER	FALSE	1.000000	0.000001		FALSE	FALSE	0	-	-	-	-	-	-
gene_3193	mRNA_3193	OTHER	FALSE	1.000000	0.000004		FALSE	FALSE	0	-	-	-	-	-	-
gene_3194	mRNA_3194	OTHER	FALSE	0.989758	0.010246		FALSE	FALSE	0	-	-	-	-	-	-
gene_3195	mRNA_3195	OTHER	FALSE	0.999964	0.000088		FALSE	FALSE	0	-	-	-	-	-	-
gene_3196	mRNA_3196	OTHER	FALSE	1.000000	0.000001		FALSE	FALSE	0	-	-	-	-	-	-
gene_3197	mRNA_3197	OTHER	FALSE	1.000000	0.000001		TRUE	FALSE	1	-	-	-	GH46	-	-
gene_3198	mRNA_3198	OTHER	FALSE	1.000000	0.000000		FALSE	FALSE	0	-	-	-	-	-	-
gene_3199	mRNA_3199	OTHER	FALSE	1.000000	0.000000		TRUE	FALSE	1	-	-	-	GH72	-	-
gene_3200	mRNA_3200	OTHER	FALSE	1.000000	0.000000		FALSE	FALSE	0	-	-	-	-	-	-
gene_3201	mRNA_3201	OTHER	FALSE	0.999410	0.000592		FALSE	FALSE	0	-	-	-	-	-	-
gene_3202	mRNA_3202	OTHER	FALSE	1.000000	0.000000		FALSE	FALSE	0	-	-	-	-	-	-
gene_3203	mRNA_3203	SP	TRUE	0.000323	0.999646	CS pos: 19-20. Pr: 0.9772	FALSE	FALSE	0	-	-	-	-	-	-
gene_3204	mRNA_3204	SP	TRUE	0.000302	0.999652	CS pos: 17-18. Pr: 0.9678	FALSE	FALSE	0	-	-	-	-	-	-
gene_3205	mRNA_3205	OTHER	FALSE	1.000000	0.000002		FALSE	FALSE	0	-	-	-	-	-	-
gene_3206	mRNA_3206	OTHER	FALSE	1.000000	0.000000		FALSE	FALSE	0	-	-	-	-	-	-
gene_3207	mRNA_3207	OTHER	FALSE	1.000000	0.000000		FALSE	FALSE	0	-	-	-	-	-	-
gene_3208	mRNA_3208	OTHER	FALSE	0.923729	0.076264		FALSE	FALSE	0	-	-	-	-	-	-
gene_3209	mRNA_3209	OTHER	FALSE	1.000000	0.000000		FALSE	FALSE	0	-	-	-	-	-	-
gene_3210	mRNA_3210	SP	TRUE	0.000264	0.999715	CS pos: 14-15. Pr: 0.9772	FALSE	FALSE	0	-	-	-	-	-	-
gene_3211	mRNA_3211	OTHER	FALSE	1.000000	0.000001		FALSE	FALSE	0	-	-	-	-	-	-
gene_3212	mRNA_3212	OTHER	FALSE	1.000000	0.000000		FALSE	FALSE	0	-	-	-	-	-	-
gene_3213	mRNA_3213	OTHER	FALSE	1.000000	0.000000		TRUE	FALSE	1	-	-	-	GT0	-	-
gene_3214	mRNA_3214	OTHER	FALSE	1.000000	0.000005		TRUE	FALSE	1	-	-	-	GT0	-	-
gene_3215	mRNA_3215	OTHER	FALSE	1.000000	0.000000		FALSE	FALSE	0	-	-	-	-	-	-
gene_3216	mRNA_3216	OTHER	FALSE	1.000000	0.000002		FALSE	FALSE	0	-	-	-	-	-	-
gene_3217	mRNA_3217	OTHER	FALSE	1.000000	0.000000		FALSE	FALSE	0	-	-	-	-	-	-
gene_3218	mRNA_3218	OTHER	FALSE	1.000000	0.000014		TRUE	FALSE	1	-	-	-	GH3	-	-
gene_3219	mRNA_3219	OTHER	FALSE	1.000000	0.000000		TRUE	FALSE	1	-	-	-	GT1	-	-
gene_3220	mRNA_3220	OTHER	FALSE	0.999987	0.000007		FALSE	FALSE	0	-	-	-	-	-	-
gene_3221	mRNA_3221	OTHER	FALSE	0.998752	0.001248		FALSE	FALSE	0	-	-	-	-	-	-
gene_3222	mRNA_3222	OTHER	FALSE	1.000000	0.000000		FALSE	FALSE	0	-	-	-	-	-	-
gene_3223	mRNA_3223	OTHER	FALSE	1.000000	0.000000		FALSE	FALSE	0	-	-	-	-	-	-
gene_3224	mRNA_3224	OTHER	FALSE	1.000000	0.000000		FALSE	FALSE	0	-	-	-	-	-	-
gene_3225	mRNA_3225	OTHER	FALSE	1.000000	0.000000		FALSE	FALSE	0	-	-	-	-	-	-
gene_3226	mRNA_3226	OTHER	FALSE	1.000000	0.000001		FALSE	FALSE	0	-	-	-	-	-	-
gene_3227	mRNA_3227	OTHER	FALSE	0.998725	0.001307		FALSE	FALSE	0	-	-	-	-	-	-
gene_3228	mRNA_3228	OTHER	FALSE	1.000000	0.000001		FALSE	FALSE	0	-	-	-	-	-	-
gene_3229	mRNA_3229	OTHER	FALSE	0.999855	0.000180		FALSE	FALSE	0	-	-	-	-	-	-
gene_3230	mRNA_3230	OTHER	FALSE	1.000000	0.000000		FALSE	FALSE	0	-	-	-	-	-	-
gene_3231	mRNA_3231	OTHER	FALSE	1.000000	0.000000		FALSE	FALSE	0	-	-	-	-	-	-
gene_3232	mRNA_3232	OTHER	FALSE	1.000000	0.000000		FALSE	FALSE	0	-	-	-	-	-	-
gene_3233	mRNA_3233	OTHER	FALSE	1.000000	0.000000		FALSE	FALSE	0	-	-	-	-	-	-
gene_3234	mRNA_3234	OTHER	FALSE	1.000000	0.000000		FALSE	FALSE	0	-	-	-	-	-	-
gene_3235	mRNA_3235	SP	TRUE	0.003833	0.996142	CS pos: 19-20. Pr: 0.9513	FALSE	FALSE	0	-	-	-	-	-	-
gene_3236	mRNA_3236	OTHER	FALSE	1.000000	0.000000		FALSE	FALSE	0	-	-	-	-	-	-
gene_3237	mRNA_3237	OTHER	FALSE	1.000000	0.000007		FALSE	FALSE	0	-	-	-	-	-	-
gene_3238	mRNA_3238	SP	TRUE	0.030481	0.969512	CS pos: 19-20. Pr: 0.8928	FALSE	FALSE	0	-	-	-	-	-	-
gene_3239	mRNA_3239	OTHER	FALSE	1.000000	0.000000		TRUE	FALSE	1	-	-	-	AA3_2+AA3_2	-	-
gene_3240	mRNA_3240	OTHER	FALSE	1.000000	0.000009		FALSE	FALSE	0	-	-	-	-	-	-
gene_3241	mRNA_3241	OTHER	FALSE	1.000000	0.000000		FALSE	FALSE	0	-	-	-	-	-	-
gene_3242	mRNA_3242	OTHER	FALSE	1.000000	0.000000		FALSE	FALSE	0	-	-	-	-	-	-
gene_3243	mRNA_3243	OTHER	FALSE	1.000000	0.000002		FALSE	FALSE	0	-	-	-	-	-	-
gene_3244	mRNA_3244	OTHER	FALSE	1.000000	0.000000		FALSE	FALSE	0	-	-	-	-	-	-
gene_3245	mRNA_3245	OTHER	FALSE	0.999886	0.000140		FALSE	FALSE	0	-	-	-	-	-	-
gene_3246	mRNA_3246	OTHER	FALSE	1.000000	0.000004		FALSE	FALSE	0	-	-	-	-	-	-
gene_3247	mRNA_3247	OTHER	FALSE	1.000000	0.000000		FALSE	FALSE	0	-	-	-	-	-	-
gene_3248	mRNA_3248	OTHER	FALSE	1.000000	0.000000		FALSE	FALSE	0	-	-	-	-	-	-
gene_3249	mRNA_3249	OTHER	FALSE	1.000000	0.000003		FALSE	FALSE	0	-	-	-	-	-	-
gene_3250	mRNA_3250	OTHER	FALSE	1.000000	0.000000		FALSE	FALSE	0	-	-	-	-	-	-
gene_3251	mRNA_3251	OTHER	FALSE	0.999770	0.000274		FALSE	FALSE	0	-	-	-	-	-	-
gene_3252	mRNA_3252	OTHER	FALSE	1.000000	0.000000		FALSE	FALSE	0	-	-	-	-	-	-
gene_3253	mRNA_3253	OTHER	FALSE	1.000000	0.000000		FALSE	FALSE	0	-	-	-	-	-	-
gene_3254	mRNA_3254	OTHER	FALSE	1.000000	0.000000		FALSE	FALSE	0	-	-	-	-	-	-
gene_3255	mRNA_3255	OTHER	FALSE	1.000000	0.000048		FALSE	FALSE	0	-	-	-	-	-	-
gene_3256	mRNA_3256	SP	TRUE	0.390704	0.609295	CS pos: 60-61. Pr: 0.1017	FALSE	FALSE	0	-	-	-	-	-	-
gene_3257	mRNA_3257	OTHER	FALSE	1.000000	0.000014		FALSE	FALSE	0	-	-	-	-	-	-
gene_3258	mRNA_3258	OTHER	FALSE	1.000000	0.000000		FALSE	FALSE	0	-	-	-	-	-	-
gene_3259	mRNA_3259	OTHER	FALSE	1.000000	0.000001		FALSE	FALSE	0	-	-	-	-	-	-
gene_3260	mRNA_3260	OTHER	FALSE	1.000000	0.000013		FALSE	FALSE	0	-	-	-	-	-	-
gene_3261	mRNA_3261	OTHER	FALSE	1.000000	0.000001		FALSE	FALSE	0	-	-	-	-	-	-
gene_3262	mRNA_3262	SP	TRUE	0.000422	0.999563	CS pos: 18-19. Pr: 0.9745	TRUE	TRUE	3	-	GH17(22-300)	GH17_e53(24-300)	GH17	GH17_e53	-
gene_3263	mRNA_3263	SP	TRUE	0.009727	0.990249	CS pos: 18-19. Pr: 0.9076	FALSE	FALSE	0	-	-	-	-	-	-
gene_3264	mRNA_3264	OTHER	FALSE	1.000000	0.000001		FALSE	FALSE	0	-	-	-	-	-	-
gene_3265	mRNA_3265	OTHER	FALSE	1.000000	0.000001		FALSE	FALSE	0	-	-	-	-	-	-
gene_3266	mRNA_3266	OTHER	FALSE	1.000000	0.000000		FALSE	FALSE	0	-	-	-	-	-	-
gene_3267	mRNA_3267	OTHER	FALSE	1.000000	0.000000		FALSE	FALSE	0	-	-	-	-	-	-
gene_3268	mRNA_3268	OTHER	FALSE	1.000000	0.000000		FALSE	FALSE	0	-	-	-	-	-	-
gene_3269	mRNA_3269	OTHER	FALSE	1.000000	0.000000		FALSE	FALSE	0	-	-	-	-	-	-
gene_3270	mRNA_3270	OTHER	FALSE	1.000000	0.000000		FALSE	FALSE	0	-	-	-	-	-	-
gene_3271	mRNA_3271	OTHER	FALSE	1.000000	0.000023		TRUE	FALSE	1	-	-	-	GT20	-	-
gene_3272	mRNA_3272	OTHER	FALSE	1.000000	0.000002		FALSE	FALSE	0	-	-	-	-	-	-
gene_3273	mRNA_3273	OTHER	FALSE	1.000000	0.000051		FALSE	FALSE	0	-	-	-	-	-	-
gene_3274	mRNA_3274	OTHER	FALSE	0.999784	0.000254		TRUE	FALSE	1	-	-	-	GH53	-	-
gene_3275	mRNA_3275	OTHER	FALSE	1.000000	0.000000		FALSE	FALSE	0	-	-	-	-	-	-
gene_3276	mRNA_3276	OTHER	FALSE	1.000000	0.000001		FALSE	FALSE	0	-	-	-	-	-	-
gene_3277	mRNA_3277	OTHER	FALSE	1.000000	0.000000		FALSE	FALSE	0	-	-	-	-	-	-
gene_3278	mRNA_3278	OTHER	FALSE	0.999719	0.000309		FALSE	FALSE	0	-	-	-	-	-	-
gene_3279	mRNA_3279	OTHER	FALSE	0.999494	0.000495		FALSE	FALSE	0	-	-	-	-	-	-
gene_3280	mRNA_3280	OTHER	FALSE	1.000000	0.000001		FALSE	FALSE	0	-	-	-	-	-	-
gene_3281	mRNA_3281	OTHER	FALSE	1.000000	0.000024		FALSE	FALSE	0	-	-	-	-	-	-
gene_3282	mRNA_3282	OTHER	FALSE	1.000000	0.000000		FALSE	FALSE	0	-	-	-	-	-	-
gene_3283	mRNA_3283	OTHER	FALSE	1.000000	0.000000		FALSE	FALSE	0	-	-	-	-	-	-
gene_3284	mRNA_3284	OTHER	FALSE	1.000000	0.000000		FALSE	FALSE	0	-	-	-	-	-	-
gene_3285	mRNA_3285	OTHER	FALSE	1.000000	0.000000		FALSE	FALSE	0	-	-	-	-	-	-
gene_3286	mRNA_3286	OTHER	FALSE	0.999760	0.000261		FALSE	FALSE	0	-	-	-	-	-	-
gene_3287	mRNA_3287	OTHER	FALSE	1.000000	0.000000		TRUE	FALSE	1	-	-	-	GH17	-	-
gene_3288	mRNA_3288	OTHER	FALSE	1.000000	0.000000		FALSE	FALSE	0	-	-	-	-	-	-
gene_3289	mRNA_3289	OTHER	FALSE	1.000000	0.000025		FALSE	FALSE	0	-	-	-	-	-	-
gene_3290	mRNA_3290	OTHER	FALSE	1.000000	0.000001		FALSE	FALSE	0	-	-	-	-	-	-
gene_3291	mRNA_3291	OTHER	FALSE	0.999859	0.000151		FALSE	FALSE	0	-	-	-	-	-	-
gene_3292	mRNA_3292	OTHER	FALSE	0.999975	0.000055		FALSE	FALSE	0	-	-	-	-	-	-
gene_3293	mRNA_3293	OTHER	FALSE	1.000000	0.000000		TRUE	FALSE	1	-	-	-	GH72	-	-
gene_3294	mRNA_3294	OTHER	FALSE	1.000000	0.000001		FALSE	FALSE	0	-	-	-	-	-	-
gene_3295	mRNA_3295	OTHER	FALSE	1.000000	0.000000		FALSE	FALSE	0	-	-	-	-	-	-
gene_3296	mRNA_3296	OTHER	FALSE	1.000000	0.000003		FALSE	FALSE	0	-	-	-	-	-	-
gene_3297	mRNA_3297	OTHER	FALSE	1.000000	0.000000		TRUE	FALSE	1	-	-	-	GH16_1+GH16_1	-	-
gene_3298	mRNA_3298	OTHER	FALSE	0.998184	0.001811		TRUE	TRUE	3	2.4.1.109:12	GT39(58-303)	GT39_e9(59-303)	GT39	GT39_e9	-
gene_3299	mRNA_3299	OTHER	FALSE	1.000000	0.000000		FALSE	FALSE	0	-	-	-	-	-	-
gene_3300	mRNA_3300	OTHER	FALSE	1.000000	0.000000		FALSE	FALSE	0	-	-	-	-	-	-
gene_3301	mRNA_3301	OTHER	FALSE	1.000000	0.000000		FALSE	FALSE	0	-	-	-	-	-	-
gene_3302	mRNA_3302	OTHER	FALSE	1.000000	0.000001		FALSE	FALSE	0	-	-	-	-	-	-
gene_3303	mRNA_3303	OTHER	FALSE	1.000000	0.000000		TRUE	FALSE	1	-	-	-	GH18	-	-
gene_3304	mRNA_3304	OTHER	FALSE	1.000000	0.000000		FALSE	FALSE	0	-	-	-	-	-	-
gene_3305	mRNA_3305	OTHER	FALSE	1.000000	0.000001		TRUE	FALSE	1	-	-	-	GH3	-	-
gene_3306	mRNA_3306	OTHER	FALSE	1.000000	0.000000		FALSE	FALSE	0	-	-	-	-	-	-
gene_3307	mRNA_3307	OTHER	FALSE	0.985144	0.014867		TRUE	TRUE	3	3.2.1.21:2	GH3(33-248)	GH3_e116(37-249)	GH3	GH3_e116	beta-glucan
gene_3308	mRNA_3308	OTHER	FALSE	1.000000	0.000016		TRUE	FALSE	1	-	-	-	GT31	-	-
gene_3309	mRNA_3309	OTHER	FALSE	0.999481	0.000554		FALSE	FALSE	0	-	-	-	-	-	-
gene_3310	mRNA_3310	OTHER	FALSE	1.000000	0.000000		FALSE	FALSE	0	-	-	-	-	-	-
gene_3311	mRNA_3311	OTHER	FALSE	1.000000	0.000000		FALSE	FALSE	0	-	-	-	-	-	-
gene_3312	mRNA_3312	OTHER	FALSE	0.994734	0.005297		FALSE	FALSE	0	-	-	-	-	-	-
gene_3313	mRNA_3313	OTHER	FALSE	1.000000	0.000005		FALSE	FALSE	0	-	-	-	-	-	-
gene_3314	mRNA_3314	OTHER	FALSE	1.000000	0.000000		FALSE	FALSE	0	-	-	-	-	-	-
gene_3315	mRNA_3315	OTHER	FALSE	1.000000	0.000000		FALSE	FALSE	0	-	-	-	-	-	-
gene_3316	mRNA_3316	OTHER	FALSE	1.000000	0.000000		FALSE	FALSE	0	-	-	-	-	-	-
gene_3317	mRNA_3317	OTHER	FALSE	1.000000	0.000000		FALSE	FALSE	0	-	-	-	-	-	-
gene_3318	mRNA_3318	OTHER	FALSE	1.000000	0.000003		FALSE	FALSE	0	-	-	-	-	-	-
gene_3319	mRNA_3319	OTHER	FALSE	1.000000	0.000001		FALSE	FALSE	0	-	-	-	-	-	-
gene_3320	mRNA_3320	OTHER	FALSE	1.000000	0.000000		FALSE	FALSE	0	-	-	-	-	-	-
gene_3321	mRNA_3321	OTHER	FALSE	0.999995	0.000035		FALSE	FALSE	0	-	-	-	-	-	-
gene_3322	mRNA_3322	OTHER	FALSE	1.000000	0.000002		FALSE	FALSE	0	-	-	-	-	-	-
gene_3323	mRNA_3323	OTHER	FALSE	0.999872	0.000189		FALSE	FALSE	0	-	-	-	-	-	-
gene_3324	mRNA_3324	OTHER	FALSE	0.840561	0.159442		FALSE	FALSE	0	-	-	-	-	-	-
gene_3325	mRNA_3325	OTHER	FALSE	1.000000	0.000000		FALSE	FALSE	0	-	-	-	-	-	-
gene_3326	mRNA_3326	OTHER	FALSE	1.000000	0.000002		FALSE	FALSE	0	-	-	-	-	-	-
gene_3327	mRNA_3327	OTHER	FALSE	1.000000	0.000000		FALSE	FALSE	0	-	-	-	-	-	-
gene_3328	mRNA_3328	OTHER	FALSE	1.000000	0.000000		FALSE	FALSE	0	-	-	-	-	-	-
gene_3329	mRNA_3329	OTHER	FALSE	1.000000	0.000000		FALSE	FALSE	0	-	-	-	-	-	-
gene_3330	mRNA_3330	OTHER	FALSE	1.000000	0.000000		FALSE	FALSE	0	-	-	-	-	-	-
gene_3331	mRNA_3331	OTHER	FALSE	1.000000	0.000003		FALSE	FALSE	0	-	-	-	-	-	-
gene_3332	mRNA_3332	OTHER	FALSE	1.000000	0.000004		TRUE	FALSE	1	-	-	-	AA5_1+AA5_1	-	-
gene_3333	mRNA_3333	OTHER	FALSE	1.000000	0.000000		FALSE	FALSE	0	-	-	-	-	-	-
gene_3334	mRNA_3334	SP	TRUE	0.000208	0.999745	CS pos: 21-22. Pr: 0.9588	FALSE	FALSE	0	-	-	-	-	-	-
gene_3335	mRNA_3335	OTHER	FALSE	1.000000	0.000023		FALSE	FALSE	0	-	-	-	-	-	-
gene_3336	mRNA_3336	OTHER	FALSE	1.000000	0.000002		FALSE	FALSE	0	-	-	-	-	-	-
gene_3337	mRNA_3337	OTHER	FALSE	0.999996	0.000050		FALSE	FALSE	0	-	-	-	-	-	-
gene_3338	mRNA_3338	OTHER	FALSE	0.999924	0.000132		TRUE	TRUE	3	3.2.1.37:19;3.2.1.55:4	GH43_1(4-329)	GH43_e53(5-329)	GH43_1+GH43_1	GH43_1	xylan
gene_3339	mRNA_3339	OTHER	FALSE	1.000000	0.000000		FALSE	FALSE	0	-	-	-	-	-	-
gene_3340	mRNA_3340	OTHER	FALSE	1.000000	0.000000		FALSE	FALSE	0	-	-	-	-	-	-
gene_3341	mRNA_3341	OTHER	FALSE	1.000000	0.000000		FALSE	FALSE	0	-	-	-	-	-	-
gene_3342	mRNA_3342	OTHER	FALSE	1.000000	0.000000		FALSE	FALSE	0	-	-	-	-	-	-
gene_3343	mRNA_3343	OTHER	FALSE	1.000000	0.000000		TRUE	FALSE	1	-	-	-	GH0	-	-
gene_3344	mRNA_3344	OTHER	FALSE	1.000000	0.000000		FALSE	FALSE	0	-	-	-	-	-	-
gene_3345	mRNA_3345	OTHER	FALSE	1.000000	0.000000		FALSE	FALSE	0	-	-	-	-	-	-
gene_3346	mRNA_3346	OTHER	FALSE	1.000000	0.000000		FALSE	FALSE	0	-	-	-	-	-	-
gene_3347	mRNA_3347	OTHER	FALSE	1.000000	0.000000		FALSE	FALSE	0	-	-	-	-	-	-
gene_3348	mRNA_3348	OTHER	FALSE	1.000000	0.000000		FALSE	FALSE	0	-	-	-	-	-	-
gene_3349	mRNA_3349	SP	TRUE	0.000346	0.999620	CS pos: 15-16. Pr: 0.9691	FALSE	FALSE	0	-	-	-	-	-	-
gene_3350	mRNA_3350	OTHER	FALSE	1.000000	0.000000		FALSE	FALSE	0	-	-	-	-	-	-
gene_3351	mRNA_3351	OTHER	FALSE	1.000000	0.000000		FALSE	FALSE	0	-	-	-	-	-	-
gene_3352	mRNA_3352	OTHER	FALSE	0.999761	0.000254		FALSE	FALSE	0	-	-	-	-	-	-
gene_3353	mRNA_3353	OTHER	FALSE	1.000000	0.000043		FALSE	FALSE	0	-	-	-	-	-	-
gene_3354	mRNA_3354	OTHER	FALSE	1.000000	0.000000		FALSE	FALSE	0	-	-	-	-	-	-
gene_3355	mRNA_3355	OTHER	FALSE	1.000000	0.000000		FALSE	FALSE	0	-	-	-	-	-	-
gene_3356	mRNA_3356	OTHER	FALSE	0.602053	0.397955		FALSE	FALSE	0	-	-	-	-	-	-
gene_3357	mRNA_3357	OTHER	FALSE	1.000000	0.000000		FALSE	FALSE	0	-	-	-	-	-	-
gene_3358	mRNA_3358	OTHER	FALSE	1.000000	0.000016		FALSE	FALSE	0	-	-	-	-	-	-
gene_3359	mRNA_3359	OTHER	FALSE	1.000000	0.000000		FALSE	FALSE	0	-	-	-	-	-	-
gene_3360	mRNA_3360	OTHER	FALSE	1.000000	0.000003		FALSE	FALSE	0	-	-	-	-	-	-
gene_3361	mRNA_3361	OTHER	FALSE	0.999306	0.000725		FALSE	FALSE	0	-	-	-	-	-	-
gene_3362	mRNA_3362	OTHER	FALSE	1.000000	0.000000		FALSE	FALSE	0	-	-	-	-	-	-
gene_3363	mRNA_3363	OTHER	FALSE	1.000000	0.000004		FALSE	FALSE	0	-	-	-	-	-	-
gene_3364	mRNA_3364	OTHER	FALSE	0.999959	0.000057		FALSE	FALSE	0	-	-	-	-	-	-
gene_3365	mRNA_3365	OTHER	FALSE	1.000000	0.000000		FALSE	FALSE	0	-	-	-	-	-	-
gene_3366	mRNA_3366	OTHER	FALSE	1.000000	0.000000		FALSE	FALSE	0	-	-	-	-	-	-
gene_3367	mRNA_3367	SP	TRUE	0.376930	0.623046	CS pos: 27-28. Pr: 0.5424	FALSE	FALSE	0	-	-	-	-	-	-
gene_3368	mRNA_3368	OTHER	FALSE	0.996625	0.003352		FALSE	FALSE	0	-	-	-	-	-	-
gene_3369	mRNA_3369	OTHER	FALSE	1.000000	0.000000		FALSE	FALSE	0	-	-	-	-	-	-
gene_3370	mRNA_3370	OTHER	FALSE	1.000000	0.000000		FALSE	FALSE	0	-	-	-	-	-	-
gene_3371	mRNA_3371	OTHER	FALSE	1.000000	0.000000		FALSE	FALSE	0	-	-	-	-	-	-
gene_3372	mRNA_3372	OTHER	FALSE	1.000000	0.000004		FALSE	FALSE	0	-	-	-	-	-	-
gene_3373	mRNA_3373	OTHER	FALSE	1.000000	0.000000		FALSE	FALSE	0	-	-	-	-	-	-
gene_3374	mRNA_3374	OTHER	FALSE	1.000000	0.000000		FALSE	FALSE	0	-	-	-	-	-	-
gene_3375	mRNA_3375	OTHER	FALSE	1.000000	0.000000		FALSE	FALSE	0	-	-	-	-	-	-
gene_3376	mRNA_3376	OTHER	FALSE	1.000000	0.000000		TRUE	FALSE	1	-	-	-	CBM48+GH13_8+GH13_8	-	-
gene_3377	mRNA_3377	OTHER	FALSE	1.000000	0.000000		FALSE	FALSE	0	-	-	-	-	-	-
gene_3378	mRNA_3378	OTHER	FALSE	1.000000	0.000000		FALSE	FALSE	0	-	-	-	-	-	-
gene_3379	mRNA_3379	OTHER	FALSE	1.000000	0.000000		FALSE	FALSE	0	-	-	-	-	-	-
gene_3380	mRNA_3380	SP	TRUE	0.001023	0.998940	CS pos: 33-34. Pr: 0.9652	TRUE	TRUE	3	3.2.1.101:1	GH76(39-415)	GH76_e8(42-415)	GH76	GH76_e8	alpha-mannan
gene_3381	mRNA_3381	OTHER	FALSE	1.000000	0.000000		FALSE	FALSE	0	-	-	-	-	-	-
gene_3382	mRNA_3382	OTHER	FALSE	1.000000	0.000000		FALSE	FALSE	0	-	-	-	-	-	-
gene_3383	mRNA_3383	SP	TRUE	0.000270	0.999692	CS pos: 19-20. Pr: 0.9670	FALSE	FALSE	0	-	-	-	-	-	-
gene_3384	mRNA_3384	OTHER	FALSE	1.000000	0.000000		FALSE	FALSE	0	-	-	-	-	-	-
gene_3385	mRNA_3385	OTHER	FALSE	1.000000	0.000017		TRUE	FALSE	1	-	-	-	GH76	-	-
gene_3386	mRNA_3386	OTHER	FALSE	1.000000	0.000000		FALSE	FALSE	0	-	-	-	-	-	-
gene_3387	mRNA_3387	OTHER	FALSE	1.000000	0.000000		FALSE	FALSE	0	-	-	-	-	-	-
gene_3388	mRNA_3388	OTHER	FALSE	1.000000	0.000000		FALSE	FALSE	0	-	-	-	-	-	-
gene_3389	mRNA_3389	OTHER	FALSE	1.000000	0.000001		FALSE	FALSE	0	-	-	-	-	-	-
gene_3390	mRNA_3390	OTHER	FALSE	1.000000	0.000000		FALSE	FALSE	0	-	-	-	-	-	-
gene_3391	mRNA_3391	OTHER	FALSE	1.000000	0.000000		FALSE	FALSE	0	-	-	-	-	-	-
gene_3392	mRNA_3392	OTHER	FALSE	1.000000	0.000002		FALSE	FALSE	0	-	-	-	-	-	-
gene_3393	mRNA_3393	OTHER	FALSE	1.000000	0.000000		FALSE	FALSE	0	-	-	-	-	-	-
gene_3394	mRNA_3394	SP	TRUE	0.000215	0.999739	CS pos: 19-20. Pr: 0.9727	TRUE	TRUE	2	-	CBM52(22-72)	-	CBM52	CBM52	-
gene_3395	mRNA_3395	OTHER	FALSE	1.000000	0.000001		FALSE	FALSE	0	-	-	-	-	-	-
gene_3396	mRNA_3396	OTHER	FALSE	1.000000	0.000000		TRUE	FALSE	1	-	-	-	CBM52	-	-
gene_3397	mRNA_3397	OTHER	FALSE	1.000000	0.000000		FALSE	FALSE	0	-	-	-	-	-	-
gene_3398	mRNA_3398	OTHER	FALSE	1.000000	0.000001		FALSE	FALSE	0	-	-	-	-	-	-
gene_3399	mRNA_3399	OTHER	FALSE	1.000000	0.000001		FALSE	FALSE	0	-	-	-	-	-	-
gene_3400	mRNA_3400	OTHER	FALSE	1.000000	0.000000		FALSE	FALSE	0	-	-	-	-	-	-
gene_3401	mRNA_3401	OTHER	FALSE	1.000000	0.000020		TRUE	FALSE	1	-	-	-	GH16_2+GH16_2	-	-
gene_3402	mRNA_3402	OTHER	FALSE	1.000000	0.000000		FALSE	FALSE	0	-	-	-	-	-	-
gene_3403	mRNA_3403	OTHER	FALSE	1.000000	0.000000		FALSE	FALSE	0	-	-	-	-	-	-
gene_3404	mRNA_3404	OTHER	FALSE	0.990366	0.009653		FALSE	FALSE	0	-	-	-	-	-	-
gene_3405	mRNA_3405	OTHER	FALSE	1.000000	0.000000		FALSE	FALSE	0	-	-	-	-	-	-
gene_3406	mRNA_3406	SP	TRUE	0.000297	0.999654	CS pos: 19-20. Pr: 0.9419	FALSE	FALSE	0	-	-	-	-	-	-
gene_3407	mRNA_3407	OTHER	FALSE	1.000000	0.000000		TRUE	FALSE	1	-	-	-	GH136	-	-
gene_3408	mRNA_3408	OTHER	FALSE	1.000000	0.000000		FALSE	FALSE	0	-	-	-	-	-	-
gene_3409	mRNA_3409	OTHER	FALSE	1.000000	0.000003		FALSE	FALSE	0	-	-	-	-	-	-
gene_3410	mRNA_3410	OTHER	FALSE	0.999752	0.000287		FALSE	FALSE	0	-	-	-	-	-	-
gene_3411	mRNA_3411	OTHER	FALSE	1.000000	0.000000		FALSE	FALSE	0	-	-	-	-	-	-
gene_3412	mRNA_3412	OTHER	FALSE	1.000000	0.000001		FALSE	FALSE	0	-	-	-	-	-	-
gene_3413	mRNA_3413	OTHER	FALSE	0.999754	0.000294		FALSE	FALSE	0	-	-	-	-	-	-
gene_3414	mRNA_3414	OTHER	FALSE	0.999926	0.000065		TRUE	FALSE	1	-	-	-	GH1	-	-
gene_3415	mRNA_3415	OTHER	FALSE	1.000000	0.000010		FALSE	FALSE	0	-	-	-	-	-	-
gene_3416	mRNA_3416	OTHER	FALSE	1.000000	0.000000		FALSE	FALSE	0	-	-	-	-	-	-
gene_3417	mRNA_3417	OTHER	FALSE	0.999659	0.000341		TRUE	FALSE	1	-	-	-	AA9	-	-
gene_3418	mRNA_3418	SP	TRUE	0.000270	0.999711	CS pos: 19-20. Pr: 0.9808	TRUE	TRUE	3	1.14.99.54:1	AA9(9-228)	AA9_e16(10-228)	AA9	AA9_e16	cellulose
gene_3419	mRNA_3419	OTHER	FALSE	1.000000	0.000000		FALSE	FALSE	0	-	-	-	-	-	-
gene_3420	mRNA_3420	OTHER	FALSE	1.000000	0.000000		TRUE	FALSE	1	-	-	-	GH75	-	-
gene_3421	mRNA_3421	OTHER	FALSE	1.000000	0.000011		FALSE	FALSE	0	-	-	-	-	-	-
gene_3422	mRNA_3422	SP	TRUE	0.000290	0.999678	CS pos: 26-27. Pr: 0.9773	FALSE	FALSE	0	-	-	-	-	-	-
gene_3423	mRNA_3423	OTHER	FALSE	1.000000	0.000002		FALSE	FALSE	0	-	-	-	-	-	-
gene_3424	mRNA_3424	SP	TRUE	0.000280	0.999693	CS pos: 18-19. Pr: 0.9812	FALSE	FALSE	0	-	-	-	-	-	-
gene_3425	mRNA_3425	OTHER	FALSE	1.000000	0.000000		FALSE	FALSE	0	-	-	-	-	-	-
gene_3426	mRNA_3426	OTHER	FALSE	0.995312	0.004725		FALSE	FALSE	0	-	-	-	-	-	-
gene_3427	mRNA_3427	OTHER	FALSE	0.999988	0.000022		TRUE	FALSE	1	-	-	-	GT20	-	-
gene_3428	mRNA_3428	OTHER	FALSE	1.000000	0.000000		FALSE	FALSE	0	-	-	-	-	-	-
gene_3429	mRNA_3429	OTHER	FALSE	1.000000	0.000000		TRUE	FALSE	1	-	-	-	GH28	-	-
gene_3430	mRNA_3430	OTHER	FALSE	1.000000	0.000000		FALSE	FALSE	0	-	-	-	-	-	-
gene_3431	mRNA_3431	OTHER	FALSE	0.997501	0.002525		TRUE	TRUE	3	-	GT71(218-447)	GT71_e18(219-448)	GT71	GT71_e18	-
gene_3432	mRNA_3432	OTHER	FALSE	1.000000	0.000003		FALSE	FALSE	0	-	-	-	-	-	-
gene_3433	mRNA_3433	OTHER	FALSE	1.000000	0.000000		FALSE	FALSE	0	-	-	-	-	-	-
gene_3434	mRNA_3434	OTHER	FALSE	1.000000	0.000010		FALSE	FALSE	0	-	-	-	-	-	-
gene_3435	mRNA_3435	OTHER	FALSE	1.000000	0.000000		FALSE	FALSE	0	-	-	-	-	-	-
gene_3436	mRNA_3436	OTHER	FALSE	1.000000	0.000000		TRUE	FALSE	1	-	-	-	GH64	-	-
gene_3437	mRNA_3437	SP	TRUE	0.000738	0.999244	CS pos: 17-18. Pr: 0.9585	FALSE	FALSE	0	-	-	-	-	-	-
gene_3438	mRNA_3438	OTHER	FALSE	1.000000	0.000015		FALSE	FALSE	0	-	-	-	-	-	-
gene_3439	mRNA_3439	OTHER	FALSE	1.000000	0.000001		FALSE	FALSE	0	-	-	-	-	-	-
gene_3440	mRNA_3440	OTHER	FALSE	0.999548	0.000496		FALSE	FALSE	0	-	-	-	-	-	-
gene_3441	mRNA_3441	OTHER	FALSE	1.000000	0.000000		FALSE	FALSE	0	-	-	-	-	-	-
gene_3442	mRNA_3442	OTHER	FALSE	1.000000	0.000000		TRUE	TRUE	2	-	AA7(35-451)	AA7_e3(40-213)	-	AA7_e3	-
gene_3443	mRNA_3443	OTHER	FALSE	1.000000	0.000000		TRUE	FALSE	1	-	-	-	GH72	-	-
gene_3444	mRNA_3444	OTHER	FALSE	1.000000	0.000000		FALSE	FALSE	0	-	-	-	-	-	-
gene_3445	mRNA_3445	OTHER	FALSE	1.000000	0.000000		FALSE	FALSE	0	-	-	-	-	-	-
gene_3446	mRNA_3446	OTHER	FALSE	1.000000	0.000005		FALSE	FALSE	0	-	-	-	-	-	-
gene_3447	mRNA_3447	OTHER	FALSE	0.999953	0.000071		FALSE	FALSE	0	-	-	-	-	-	-
gene_3448	mRNA_3448	OTHER	FALSE	1.000000	0.000002		FALSE	FALSE	0	-	-	-	-	-	-
gene_3449	mRNA_3449	OTHER	FALSE	1.000000	0.000000		FALSE	FALSE	0	-	-	-	-	-	-
gene_3450	mRNA_3450	OTHER	FALSE	0.999920	0.000092		FALSE	FALSE	0	-	-	-	-	-	-
gene_3451	mRNA_3451	SP	TRUE	0.000668	0.999311	CS pos: 20-21. Pr: 0.9570	FALSE	FALSE	0	-	-	-	-	-	-
gene_3452	mRNA_3452	OTHER	FALSE	1.000000	0.000000		FALSE	FALSE	0	-	-	-	-	-	-
gene_3453	mRNA_3453	OTHER	FALSE	1.000000	0.000001		FALSE	FALSE	0	-	-	-	-	-	-
gene_3454	mRNA_3454	OTHER	FALSE	1.000000	0.000000		FALSE	FALSE	0	-	-	-	-	-	-
gene_3455	mRNA_3455	OTHER	FALSE	1.000000	0.000000		FALSE	FALSE	0	-	-	-	-	-	-
gene_3456	mRNA_3456	OTHER	FALSE	1.000000	0.000001		FALSE	FALSE	0	-	-	-	-	-	-
gene_3457	mRNA_3457	OTHER	FALSE	0.999960	0.000093		FALSE	FALSE	0	-	-	-	-	-	-
gene_3458	mRNA_3458	SP	TRUE	0.332873	0.667109	CS pos: 30-31. Pr: 0.6405	TRUE	TRUE	3	-	GT61(356-433)	GT61_e19(313-434)	GT61	GT61_e19	-
gene_3459	mRNA_3459	OTHER	FALSE	1.000000	0.000000		FALSE	FALSE	0	-	-	-	-	-	-
gene_3460	mRNA_3460	OTHER	FALSE	1.000000	0.000000		FALSE	FALSE	0	-	-	-	-	-	-
gene_3461	mRNA_3461	OTHER	FALSE	1.000000	0.000015		FALSE	FALSE	0	-	-	-	-	-	-
gene_3462	mRNA_3462	OTHER	FALSE	1.000000	0.000000		FALSE	FALSE	0	-	-	-	-	-	-
gene_3463	mRNA_3463	SP	TRUE	0.024320	0.975656	CS pos: 22-23. Pr: 0.9166	FALSE	FALSE	0	-	-	-	-	-	-
gene_3464	mRNA_3464	OTHER	FALSE	1.000000	0.000000		FALSE	FALSE	0	-	-	-	-	-	-
gene_3465	mRNA_3465	OTHER	FALSE	1.000000	0.000009		FALSE	FALSE	0	-	-	-	-	-	-
gene_3466	mRNA_3466	OTHER	FALSE	1.000000	0.000002		TRUE	TRUE	3	-	GT90(313-622)	GT90_e11(315-623)	GT90	GT90_e11	-
gene_3467	mRNA_3467	OTHER	FALSE	0.854680	0.145336		FALSE	FALSE	0	-	-	-	-	-	-
gene_3468	mRNA_3468	OTHER	FALSE	1.000000	0.000000		FALSE	FALSE	0	-	-	-	-	-	-
gene_3469	mRNA_3469	OTHER	FALSE	1.000000	0.000006		TRUE	FALSE	1	-	-	-	GH71	-	-
gene_3470	mRNA_3470	OTHER	FALSE	0.999995	0.000007		FALSE	FALSE	0	-	-	-	-	-	-
gene_3471	mRNA_3471	OTHER	FALSE	1.000000	0.000003		FALSE	FALSE	0	-	-	-	-	-	-
gene_3472	mRNA_3472	OTHER	FALSE	1.000000	0.000000		FALSE	FALSE	0	-	-	-	-	-	-
gene_3473	mRNA_3473	OTHER	FALSE	1.000000	0.000000		FALSE	FALSE	0	-	-	-	-	-	-
gene_3474	mRNA_3474	OTHER	FALSE	1.000000	0.000001		FALSE	FALSE	0	-	-	-	-	-	-
gene_3475	mRNA_3475	OTHER	FALSE	1.000000	0.000000		FALSE	FALSE	0	-	-	-	-	-	-
gene_3476	mRNA_3476	OTHER	FALSE	1.000000	0.000001		FALSE	FALSE	0	-	-	-	-	-	-
gene_3477	mRNA_3477	SP	TRUE	0.000320	0.999654	CS pos: 24-25. Pr: 0.9221	TRUE	TRUE	3	-	CE5(30-222)	CE5_e48(30-222)	CE5	CE5_e48	-
gene_3478	mRNA_3478	OTHER	FALSE	1.000000	0.000003		TRUE	FALSE	1	-	-	-	GH47	-	-
gene_3479	mRNA_3479	OTHER	FALSE	1.000000	0.000000		FALSE	FALSE	0	-	-	-	-	-	-
gene_3480	mRNA_3480	OTHER	FALSE	1.000000	0.000000		TRUE	FALSE	1	-	-	-	GH18	-	-
gene_3481	mRNA_3481	OTHER	FALSE	1.000000	0.000000		FALSE	FALSE	0	-	-	-	-	-	-
gene_3482	mRNA_3482	OTHER	FALSE	1.000000	0.000000		FALSE	FALSE	0	-	-	-	-	-	-
gene_3483	mRNA_3483	OTHER	FALSE	1.000000	0.000000		FALSE	FALSE	0	-	-	-	-	-	-
gene_3484	mRNA_3484	OTHER	FALSE	0.995587	0.004420		FALSE	FALSE	0	-	-	-	-	-	-
gene_3485	mRNA_3485	OTHER	FALSE	1.000000	0.000000		FALSE	FALSE	0	-	-	-	-	-	-
gene_3486	mRNA_3486	OTHER	FALSE	1.000000	0.000001		FALSE	FALSE	0	-	-	-	-	-	-
gene_3487	mRNA_3487	OTHER	FALSE	1.000000	0.000000		FALSE	FALSE	0	-	-	-	-	-	-
gene_3488	mRNA_3488	OTHER	FALSE	1.000000	0.000002		FALSE	FALSE	0	-	-	-	-	-	-
gene_3489	mRNA_3489	OTHER	FALSE	1.000000	0.000000		FALSE	FALSE	0	-	-	-	-	-	-
gene_3490	mRNA_3490	OTHER	FALSE	1.000000	0.000003		FALSE	FALSE	0	-	-	-	-	-	-
gene_3491	mRNA_3491	OTHER	FALSE	1.000000	0.000001		FALSE	FALSE	0	-	-	-	-	-	-
gene_3492	mRNA_3492	OTHER	FALSE	1.000000	0.000000		FALSE	FALSE	0	-	-	-	-	-	-
gene_3493	mRNA_3493	OTHER	FALSE	0.999940	0.000064		FALSE	FALSE	0	-	-	-	-	-	-
gene_3494	mRNA_3494	OTHER	FALSE	1.000000	0.000000		TRUE	FALSE	1	-	-	-	GT90	-	-
gene_3495	mRNA_3495	OTHER	FALSE	1.000000	0.000001		FALSE	FALSE	0	-	-	-	-	-	-
gene_3496	mRNA_3496	SP	TRUE	0.000317	0.999643	CS pos: 16-17. Pr: 0.9493	FALSE	FALSE	0	-	-	-	-	-	-
gene_3497	mRNA_3497	OTHER	FALSE	1.000000	0.000000		FALSE	FALSE	0	-	-	-	-	-	-
gene_3498	mRNA_3498	OTHER	FALSE	1.000000	0.000001		FALSE	FALSE	0	-	-	-	-	-	-
gene_3499	mRNA_3499	OTHER	FALSE	0.998048	0.001966		TRUE	FALSE	1	-	-	-	CBM14	-	-
gene_3500	mRNA_3500	OTHER	FALSE	1.000000	0.000003		FALSE	FALSE	0	-	-	-	-	-	-
gene_3501	mRNA_3501	OTHER	FALSE	1.000000	0.000013		FALSE	FALSE	0	-	-	-	-	-	-
gene_3502	mRNA_3502	OTHER	FALSE	1.000000	0.000000		FALSE	FALSE	0	-	-	-	-	-	-
gene_3503	mRNA_3503	OTHER	FALSE	0.999993	0.000024		TRUE	FALSE	1	-	-	-	AA1_1+AA1_1	-	-
gene_3504	mRNA_3504	OTHER	FALSE	1.000000	0.000001		TRUE	FALSE	1	-	-	-	GH2_10+GH2_10	-	-
gene_3505	mRNA_3505	OTHER	FALSE	1.000000	0.000000		FALSE	FALSE	0	-	-	-	-	-	-
gene_3506	mRNA_3506	OTHER	FALSE	1.000000	0.000001		FALSE	FALSE	0	-	-	-	-	-	-
gene_3507	mRNA_3507	OTHER	FALSE	1.000000	0.000001		FALSE	FALSE	0	-	-	-	-	-	-
gene_3508	mRNA_3508	OTHER	FALSE	1.000000	0.000000		FALSE	FALSE	0	-	-	-	-	-	-
gene_3509	mRNA_3509	OTHER	FALSE	1.000000	0.000000		FALSE	FALSE	0	-	-	-	-	-	-
gene_3510	mRNA_3510	OTHER	FALSE	1.000000	0.000000		FALSE	FALSE	0	-	-	-	-	-	-
gene_3511	mRNA_3511	OTHER	FALSE	1.000000	0.000048		FALSE	FALSE	0	-	-	-	-	-	-
gene_3512	mRNA_3512	OTHER	FALSE	1.000000	0.000001		FALSE	FALSE	0	-	-	-	-	-	-
gene_3513	mRNA_3513	OTHER	FALSE	1.000000	0.000000		FALSE	FALSE	0	-	-	-	-	-	-
gene_3514	mRNA_3514	OTHER	FALSE	1.000000	0.000000		FALSE	FALSE	0	-	-	-	-	-	-
gene_3515	mRNA_3515	OTHER	FALSE	1.000000	0.000002		FALSE	FALSE	0	-	-	-	-	-	-
gene_3516	mRNA_3516	OTHER	FALSE	1.000000	0.000000		FALSE	FALSE	0	-	-	-	-	-	-
gene_3517	mRNA_3517	OTHER	FALSE	1.000000	0.000000		FALSE	FALSE	0	-	-	-	-	-	-
gene_3518	mRNA_3518	OTHER	FALSE	1.000000	0.000000		FALSE	FALSE	0	-	-	-	-	-	-
gene_3519	mRNA_3519	OTHER	FALSE	1.000000	0.000000		FALSE	FALSE	0	-	-	-	-	-	-
gene_3520	mRNA_3520	OTHER	FALSE	1.000000	0.000000		FALSE	FALSE	0	-	-	-	-	-	-
gene_3521	mRNA_3521	SP	TRUE	0.000474	0.999493	CS pos: 17-18. Pr: 0.9672	FALSE	FALSE	0	-	-	-	-	-	-
gene_3522	mRNA_3522	OTHER	FALSE	1.000000	0.000015		FALSE	FALSE	0	-	-	-	-	-	-
gene_3523	mRNA_3523	OTHER	FALSE	1.000000	0.000002		FALSE	FALSE	0	-	-	-	-	-	-
gene_3524	mRNA_3524	OTHER	FALSE	1.000000	0.000000		FALSE	FALSE	0	-	-	-	-	-	-
gene_3525	mRNA_3525	OTHER	FALSE	1.000000	0.000017		FALSE	FALSE	0	-	-	-	-	-	-
gene_3526	mRNA_3526	OTHER	FALSE	0.997787	0.002201		FALSE	FALSE	0	-	-	-	-	-	-
gene_3527	mRNA_3527	OTHER	FALSE	1.000000	0.000000		FALSE	FALSE	0	-	-	-	-	-	-
gene_3528	mRNA_3528	OTHER	FALSE	1.000000	0.000000		FALSE	FALSE	0	-	-	-	-	-	-
gene_3529	mRNA_3529	OTHER	FALSE	1.000000	0.000003		TRUE	TRUE	3	2.4.1.173:23;2.4.1.-:3	GT1(326-556)	GT1_e153(78-557)	GT1	GT1_e153	-
gene_3530	mRNA_3530	OTHER	FALSE	0.999872	0.000155		FALSE	FALSE	0	-	-	-	-	-	-
gene_3531	mRNA_3531	OTHER	FALSE	1.000000	0.000001		FALSE	FALSE	0	-	-	-	-	-	-
gene_3532	mRNA_3532	OTHER	FALSE	1.000000	0.000000		FALSE	FALSE	0	-	-	-	-	-	-
gene_3533	mRNA_3533	OTHER	FALSE	1.000000	0.000000		FALSE	FALSE	0	-	-	-	-	-	-
gene_3534	mRNA_3534	OTHER	FALSE	1.000000	0.000000		FALSE	FALSE	0	-	-	-	-	-	-
gene_3535	mRNA_3535	OTHER	FALSE	0.999888	0.000147		FALSE	FALSE	0	-	-	-	-	-	-
gene_3536	mRNA_3536	OTHER	FALSE	1.000000	0.000000		FALSE	FALSE	0	-	-	-	-	-	-
gene_3537	mRNA_3537	OTHER	FALSE	1.000000	0.000000		FALSE	FALSE	0	-	-	-	-	-	-
gene_3538	mRNA_3538	OTHER	FALSE	1.000000	0.000000		FALSE	FALSE	0	-	-	-	-	-	-
gene_3539	mRNA_3539	OTHER	FALSE	1.000000	0.000001		FALSE	FALSE	0	-	-	-	-	-	-
gene_3540	mRNA_3540	OTHER	FALSE	1.000000	0.000000		FALSE	FALSE	0	-	-	-	-	-	-
gene_3541	mRNA_3541	OTHER	FALSE	1.000000	0.000000		FALSE	FALSE	0	-	-	-	-	-	-
gene_3542	mRNA_3542	SP	TRUE	0.000399	0.999565	CS pos: 18-19. Pr: 0.9585	FALSE	FALSE	0	-	-	-	-	-	-
gene_3543	mRNA_3543	OTHER	FALSE	1.000000	0.000000		FALSE	FALSE	0	-	-	-	-	-	-
gene_3544	mRNA_3544	OTHER	FALSE	1.000000	0.000000		FALSE	FALSE	0	-	-	-	-	-	-
gene_3545	mRNA_3545	OTHER	FALSE	1.000000	0.000000		FALSE	FALSE	0	-	-	-	-	-	-
gene_3546	mRNA_3546	OTHER	FALSE	0.999962	0.000035		TRUE	FALSE	1	-	-	-	PL1_4+PL1_4	-	-
gene_3547	mRNA_3547	OTHER	FALSE	0.999861	0.000181		FALSE	FALSE	0	-	-	-	-	-	-
gene_3548	mRNA_3548	OTHER	FALSE	0.999126	0.000899		FALSE	FALSE	0	-	-	-	-	-	-
gene_3549	mRNA_3549	OTHER	FALSE	1.000000	0.000000		FALSE	FALSE	0	-	-	-	-	-	-
gene_3550	mRNA_3550	OTHER	FALSE	1.000000	0.000002		FALSE	FALSE	0	-	-	-	-	-	-
gene_3551	mRNA_3551	OTHER	FALSE	1.000000	0.000000		FALSE	FALSE	0	-	-	-	-	-	-
gene_3552	mRNA_3552	OTHER	FALSE	1.000000	0.000016		FALSE	FALSE	0	-	-	-	-	-	-
gene_3553	mRNA_3553	OTHER	FALSE	1.000000	0.000000		FALSE	FALSE	0	-	-	-	-	-	-
gene_3554	mRNA_3554	OTHER	FALSE	0.998793	0.001247		FALSE	FALSE	0	-	-	-	-	-	-
gene_3555	mRNA_3555	OTHER	FALSE	1.000000	0.000001		FALSE	FALSE	0	-	-	-	-	-	-
gene_3556	mRNA_3556	OTHER	FALSE	1.000000	0.000000		FALSE	FALSE	0	-	-	-	-	-	-
gene_3557	mRNA_3557	OTHER	FALSE	1.000000	0.000000		FALSE	FALSE	0	-	-	-	-	-	-
gene_3558	mRNA_3558	OTHER	FALSE	1.000000	0.000000		FALSE	FALSE	0	-	-	-	-	-	-
gene_3559	mRNA_3559	OTHER	FALSE	1.000000	0.000000		TRUE	FALSE	1	-	-	-	GH3	-	-
gene_3560	mRNA_3560	OTHER	FALSE	1.000000	0.000004		FALSE	FALSE	0	-	-	-	-	-	-
gene_3561	mRNA_3561	OTHER	FALSE	1.000000	0.000000		FALSE	FALSE	0	-	-	-	-	-	-
gene_3562	mRNA_3562	OTHER	FALSE	1.000000	0.000001		TRUE	FALSE	1	-	-	-	GH72+CBM43	-	-
gene_3563	mRNA_3563	OTHER	FALSE	1.000000	0.000001		FALSE	FALSE	0	-	-	-	-	-	-
gene_3564	mRNA_3564	OTHER	FALSE	1.000000	0.000002		TRUE	TRUE	3	3.2.1.28:32	GH37(155-714)	GH37_e7(170-713)	GH37	GH37_e7	trehalose
gene_3565	mRNA_3565	OTHER	FALSE	1.000000	0.000000		FALSE	FALSE	0	-	-	-	-	-	-
gene_3566	mRNA_3566	OTHER	FALSE	1.000000	0.000001		FALSE	FALSE	0	-	-	-	-	-	-
gene_3567	mRNA_3567	OTHER	FALSE	1.000000	0.000001		FALSE	FALSE	0	-	-	-	-	-	-
gene_3568	mRNA_3568	OTHER	FALSE	1.000000	0.000000		FALSE	FALSE	0	-	-	-	-	-	-
gene_3569	mRNA_3569	OTHER	FALSE	1.000000	0.000038		FALSE	FALSE	0	-	-	-	-	-	-
gene_3570	mRNA_3570	OTHER	FALSE	1.000000	0.000000		FALSE	FALSE	0	-	-	-	-	-	-
gene_3571	mRNA_3571	OTHER	FALSE	1.000000	0.000000		FALSE	FALSE	0	-	-	-	-	-	-
gene_3572	mRNA_3572	OTHER	FALSE	1.000000	0.000000		TRUE	FALSE	1	-	-	-	GT90	-	-
gene_3573	mRNA_3573	OTHER	FALSE	1.000000	0.000000		FALSE	FALSE	0	-	-	-	-	-	-
gene_3574	mRNA_3574	OTHER	FALSE	1.000000	0.000003		FALSE	FALSE	0	-	-	-	-	-	-
gene_3575	mRNA_3575	OTHER	FALSE	1.000000	0.000019		FALSE	FALSE	0	-	-	-	-	-	-
gene_3576	mRNA_3576	OTHER	FALSE	1.000000	0.000001		TRUE	FALSE	1	-	-	-	GT8	-	-
gene_3577	mRNA_3577	OTHER	FALSE	0.999907	0.000137		FALSE	FALSE	0	-	-	-	-	-	-
gene_3578	mRNA_3578	OTHER	FALSE	1.000000	0.000000		FALSE	FALSE	0	-	-	-	-	-	-
gene_3579	mRNA_3579	OTHER	FALSE	1.000000	0.000001		TRUE	TRUE	3	1.1.3.-:1	AA7(41-269)	AA7_e0(41-472)	AA7	AA7_e0	xylan
gene_3580	mRNA_3580	OTHER	FALSE	1.000000	0.000000		FALSE	FALSE	0	-	-	-	-	-	-
gene_3581	mRNA_3581	OTHER	FALSE	1.000000	0.000001		TRUE	FALSE	1	-	-	-	GH18+CBM18	-	-
gene_3582	mRNA_3582	OTHER	FALSE	1.000000	0.000000		FALSE	FALSE	0	-	-	-	-	-	-
gene_3583	mRNA_3583	OTHER	FALSE	1.000000	0.000000		FALSE	FALSE	0	-	-	-	-	-	-
gene_3584	mRNA_3584	OTHER	FALSE	1.000000	0.000003		FALSE	FALSE	0	-	-	-	-	-	-
gene_3585	mRNA_3585	OTHER	FALSE	1.000000	0.000000		TRUE	FALSE	1	-	-	-	GH16_4+GH16_4	-	-
gene_3586	mRNA_3586	OTHER	FALSE	1.000000	0.000008		FALSE	FALSE	0	-	-	-	-	-	-
gene_3587	mRNA_3587	OTHER	FALSE	1.000000	0.000000		FALSE	FALSE	0	-	-	-	-	-	-
gene_3588	mRNA_3588	OTHER	FALSE	1.000000	0.000006		FALSE	FALSE	0	-	-	-	-	-	-
gene_3589	mRNA_3589	OTHER	FALSE	1.000000	0.000000		FALSE	FALSE	0	-	-	-	-	-	-
gene_3590	mRNA_3590	OTHER	FALSE	1.000000	0.000003		FALSE	FALSE	0	-	-	-	-	-	-
gene_3591	mRNA_3591	OTHER	FALSE	1.000000	0.000001		TRUE	TRUE	3	3.2.1.113:99	GH47(236-731)	GH47_e17(237-732)	GH47	GH47_e17	host glycan
gene_3592	mRNA_3592	OTHER	FALSE	1.000000	0.000000		TRUE	FALSE	1	-	-	-	GH47	-	-
gene_3593	mRNA_3593	OTHER	FALSE	1.000000	0.000000		FALSE	FALSE	0	-	-	-	-	-	-
gene_3594	mRNA_3594	OTHER	FALSE	0.999826	0.000219		TRUE	TRUE	3	3.2.1.21:10;3.2.1.37:4	GH3(137-352)	GH3_e32(138-353)	GH3	GH3_e32	beta-glucan;xylan
gene_3595	mRNA_3595	OTHER	FALSE	1.000000	0.000003		FALSE	FALSE	0	-	-	-	-	-	-
gene_3596	mRNA_3596	OTHER	FALSE	1.000000	0.000000		FALSE	FALSE	0	-	-	-	-	-	-
gene_3597	mRNA_3597	OTHER	FALSE	1.000000	0.000000		TRUE	FALSE	1	-	-	-	CBM50	-	-
gene_3598	mRNA_3598	OTHER	FALSE	1.000000	0.000000		FALSE	FALSE	0	-	-	-	-	-	-
gene_3599	mRNA_3599	OTHER	FALSE	1.000000	0.000000		FALSE	FALSE	0	-	-	-	-	-	-
gene_3600	mRNA_3600	OTHER	FALSE	1.000000	0.000001		FALSE	FALSE	0	-	-	-	-	-	-
gene_3601	mRNA_3601	OTHER	FALSE	1.000000	0.000001		FALSE	FALSE	0	-	-	-	-	-	-
gene_3602	mRNA_3602	OTHER	FALSE	1.000000	0.000000		FALSE	FALSE	0	-	-	-	-	-	-
gene_3603	mRNA_3603	OTHER	FALSE	0.996937	0.003058		FALSE	FALSE	0	-	-	-	-	-	-
gene_3604	mRNA_3604	OTHER	FALSE	1.000000	0.000001		FALSE	FALSE	0	-	-	-	-	-	-
gene_3605	mRNA_3605	OTHER	FALSE	1.000000	0.000000		TRUE	FALSE	1	-	-	-	GH51_1+GH51_1	-	-
gene_3606	mRNA_3606	OTHER	FALSE	1.000000	0.000001		FALSE	FALSE	0	-	-	-	-	-	-
gene_3607	mRNA_3607	OTHER	FALSE	1.000000	0.000000		FALSE	FALSE	0	-	-	-	-	-	-
gene_3608	mRNA_3608	OTHER	FALSE	1.000000	0.000000		FALSE	FALSE	0	-	-	-	-	-	-
gene_3609	mRNA_3609	OTHER	FALSE	1.000000	0.000000		FALSE	FALSE	0	-	-	-	-	-	-
gene_3610	mRNA_3610	OTHER	FALSE	1.000000	0.000001		TRUE	FALSE	1	-	-	-	GT69	-	-
gene_3611	mRNA_3611	OTHER	FALSE	0.999915	0.000109		FALSE	FALSE	0	-	-	-	-	-	-
gene_3612	mRNA_3612	OTHER	FALSE	1.000000	0.000000		TRUE	FALSE	1	-	-	-	GT8	-	-
gene_3613	mRNA_3613	OTHER	FALSE	1.000000	0.000002		FALSE	FALSE	0	-	-	-	-	-	-
gene_3614	mRNA_3614	OTHER	FALSE	1.000000	0.000000		FALSE	FALSE	0	-	-	-	-	-	-
gene_3615	mRNA_3615	OTHER	FALSE	1.000000	0.000000		FALSE	FALSE	0	-	-	-	-	-	-
gene_3616	mRNA_3616	OTHER	FALSE	1.000000	0.000000		TRUE	FALSE	1	-	-	-	GH3	-	-
gene_3617	mRNA_3617	OTHER	FALSE	1.000000	0.000000		TRUE	FALSE	1	-	-	-	GH11	-	-
gene_3618	mRNA_3618	OTHER	FALSE	1.000000	0.000000		FALSE	FALSE	0	-	-	-	-	-	-
gene_3619	mRNA_3619	OTHER	FALSE	0.998861	0.001140		FALSE	FALSE	0	-	-	-	-	-	-
gene_3620	mRNA_3620	OTHER	FALSE	1.000000	0.000000		FALSE	FALSE	0	-	-	-	-	-	-
gene_3621	mRNA_3621	OTHER	FALSE	1.000000	0.000001		FALSE	FALSE	0	-	-	-	-	-	-
gene_3622	mRNA_3622	OTHER	FALSE	1.000000	0.000000		TRUE	FALSE	1	-	-	-	GH54+CBM42	-	-
gene_3623	mRNA_3623	OTHER	FALSE	1.000000	0.000000		FALSE	FALSE	0	-	-	-	-	-	-
gene_3624	mRNA_3624	OTHER	FALSE	1.000000	0.000000		FALSE	FALSE	0	-	-	-	-	-	-
gene_3625	mRNA_3625	OTHER	FALSE	1.000000	0.000000		FALSE	FALSE	0	-	-	-	-	-	-
gene_3626	mRNA_3626	OTHER	FALSE	1.000000	0.000000		FALSE	FALSE	0	-	-	-	-	-	-
gene_3627	mRNA_3627	OTHER	FALSE	1.000000	0.000000		FALSE	FALSE	0	-	-	-	-	-	-
gene_3628	mRNA_3628	OTHER	FALSE	1.000000	0.000007		TRUE	FALSE	1	-	-	-	AA6	-	-
gene_3629	mRNA_3629	OTHER	FALSE	1.000000	0.000000		FALSE	FALSE	0	-	-	-	-	-	-
gene_3630	mRNA_3630	OTHER	FALSE	1.000000	0.000000		FALSE	FALSE	0	-	-	-	-	-	-
gene_3631	mRNA_3631	OTHER	FALSE	1.000000	0.000000		FALSE	FALSE	0	-	-	-	-	-	-
gene_3632	mRNA_3632	OTHER	FALSE	1.000000	0.000000		FALSE	FALSE	0	-	-	-	-	-	-
gene_3633	mRNA_3633	OTHER	FALSE	1.000000	0.000028		FALSE	FALSE	0	-	-	-	-	-	-
gene_3634	mRNA_3634	OTHER	FALSE	1.000000	0.000000		FALSE	FALSE	0	-	-	-	-	-	-
gene_3635	mRNA_3635	OTHER	FALSE	1.000000	0.000000		FALSE	FALSE	0	-	-	-	-	-	-
gene_3636	mRNA_3636	OTHER	FALSE	1.000000	0.000001		FALSE	FALSE	0	-	-	-	-	-	-
gene_3637	mRNA_3637	OTHER	FALSE	1.000000	0.000000		FALSE	FALSE	0	-	-	-	-	-	-
gene_3638	mRNA_3638	OTHER	FALSE	1.000000	0.000000		TRUE	FALSE	1	-	-	-	AA3_2+AA3_2	-	-
gene_3639	mRNA_3639	OTHER	FALSE	1.000000	0.000001		FALSE	FALSE	0	-	-	-	-	-	-
gene_3640	mRNA_3640	OTHER	FALSE	1.000000	0.000001		FALSE	FALSE	0	-	-	-	-	-	-
gene_3641	mRNA_3641	OTHER	FALSE	1.000000	0.000000		FALSE	FALSE	0	-	-	-	-	-	-
gene_3642	mRNA_3642	OTHER	FALSE	1.000000	0.000000		FALSE	FALSE	0	-	-	-	-	-	-
gene_3643	mRNA_3643	SP	TRUE	0.000489	0.999469	CS pos: 17-18. Pr: 0.9528	TRUE	TRUE	3	3.2.1.4:2	GH5_5(21-325)	GH5_e97(22-325)	GH5_5+GH5_5	GH5_5	beta-glucan
gene_3644	mRNA_3644	OTHER	FALSE	1.000000	0.000001		TRUE	FALSE	1	-	-	-	GH5_5+GH5_5	-	-
gene_3645	mRNA_3645	OTHER	FALSE	1.000000	0.000000		FALSE	FALSE	0	-	-	-	-	-	-
gene_3646	mRNA_3646	OTHER	FALSE	1.000000	0.000000		FALSE	FALSE	0	-	-	-	-	-	-
gene_3647	mRNA_3647	OTHER	FALSE	1.000000	0.000000		FALSE	FALSE	0	-	-	-	-	-	-
gene_3648	mRNA_3648	OTHER	FALSE	1.000000	0.000000		FALSE	FALSE	0	-	-	-	-	-	-
gene_3649	mRNA_3649	OTHER	FALSE	1.000000	0.000000		FALSE	FALSE	0	-	-	-	-	-	-
gene_3650	mRNA_3650	OTHER	FALSE	1.000000	0.000000		FALSE	FALSE	0	-	-	-	-	-	-
gene_3651	mRNA_3651	SP	TRUE	0.000382	0.999588	CS pos: 20-21. Pr: 0.9752	FALSE	FALSE	0	-	-	-	-	-	-
gene_3652	mRNA_3652	OTHER	FALSE	1.000000	0.000000		FALSE	FALSE	0	-	-	-	-	-	-
gene_3653	mRNA_3653	OTHER	FALSE	1.000000	0.000000		FALSE	FALSE	0	-	-	-	-	-	-
gene_3654	mRNA_3654	OTHER	FALSE	1.000000	0.000000		FALSE	FALSE	0	-	-	-	-	-	-
gene_3655	mRNA_3655	OTHER	FALSE	1.000000	0.000001		FALSE	FALSE	0	-	-	-	-	-	-
gene_3656	mRNA_3656	OTHER	FALSE	1.000000	0.000001		FALSE	FALSE	0	-	-	-	-	-	-
gene_3657	mRNA_3657	OTHER	FALSE	1.000000	0.000000		FALSE	FALSE	0	-	-	-	-	-	-
gene_3658	mRNA_3658	OTHER	FALSE	1.000000	0.000000		FALSE	FALSE	0	-	-	-	-	-	-
gene_3659	mRNA_3659	OTHER	FALSE	1.000000	0.000003		TRUE	FALSE	1	-	AA3(148-720)	-	-	-	-
gene_3660	mRNA_3660	OTHER	FALSE	1.000000	0.000000		FALSE	FALSE	0	-	-	-	-	-	-
gene_3661	mRNA_3661	OTHER	FALSE	1.000000	0.000003		FALSE	FALSE	0	-	-	-	-	-	-
gene_3662	mRNA_3662	OTHER	FALSE	1.000000	0.000000		FALSE	FALSE	0	-	-	-	-	-	-
gene_3663	mRNA_3663	OTHER	FALSE	1.000000	0.000001		FALSE	FALSE	0	-	-	-	-	-	-
gene_3664	mRNA_3664	OTHER	FALSE	1.000000	0.000000		FALSE	FALSE	0	-	-	-	-	-	-
gene_3665	mRNA_3665	OTHER	FALSE	1.000000	0.000002		FALSE	FALSE	0	-	-	-	-	-	-
gene_3666	mRNA_3666	OTHER	FALSE	1.000000	0.000000		TRUE	FALSE	1	-	-	-	GH55_2	-	-
gene_3667	mRNA_3667	OTHER	FALSE	1.000000	0.000000		FALSE	FALSE	0	-	-	-	-	-	-
gene_3668	mRNA_3668	OTHER	FALSE	1.000000	0.000000		FALSE	FALSE	0	-	-	-	-	-	-
gene_3669	mRNA_3669	OTHER	FALSE	1.000000	0.000000		FALSE	FALSE	0	-	-	-	-	-	-
gene_3670	mRNA_3670	OTHER	FALSE	1.000000	0.000003		FALSE	FALSE	0	-	-	-	-	-	-
gene_3671	mRNA_3671	OTHER	FALSE	0.995422	0.004612		FALSE	FALSE	0	-	-	-	-	-	-
gene_3672	mRNA_3672	SP	TRUE	0.000194	0.999801	CS pos: 21-22. Pr: 0.9822	FALSE	FALSE	0	-	-	-	-	-	-
gene_3673	mRNA_3673	OTHER	FALSE	1.000000	0.000000		TRUE	FALSE	1	-	-	-	GT1	-	-
gene_3674	mRNA_3674	OTHER	FALSE	1.000000	0.000000		FALSE	FALSE	0	-	-	-	-	-	-
gene_3675	mRNA_3675	SP	TRUE	0.000284	0.999696	CS pos: 16-17. Pr: 0.9788	FALSE	FALSE	0	-	-	-	-	-	-
gene_3676	mRNA_3676	OTHER	FALSE	0.999920	0.000083		TRUE	FALSE	1	-	-	-	GH154	-	-
gene_3677	mRNA_3677	OTHER	FALSE	0.955165	0.044862		TRUE	TRUE	3	-	GT69(116-355)	GT69_e0(117-356)	GT69	GT69_e0	-
gene_3678	mRNA_3678	OTHER	FALSE	1.000000	0.000000		FALSE	FALSE	0	-	-	-	-	-	-
gene_3679	mRNA_3679	OTHER	FALSE	1.000000	0.000000		FALSE	FALSE	0	-	-	-	-	-	-
gene_3680	mRNA_3680	SP	TRUE	0.000198	0.999776	CS pos: 17-18. Pr: 0.9705	FALSE	FALSE	0	-	-	-	-	-	-
gene_3681	mRNA_3681	OTHER	FALSE	0.719876	0.280127		FALSE	FALSE	0	-	-	-	-	-	-
gene_3682	mRNA_3682	SP	TRUE	0.000320	0.999634	CS pos: 19-20. Pr: 0.9660	FALSE	FALSE	0	-	-	-	-	-	-
gene_3683	mRNA_3683	OTHER	FALSE	1.000000	0.000000		FALSE	FALSE	0	-	-	-	-	-	-
gene_3684	mRNA_3684	OTHER	FALSE	1.000000	0.000003		FALSE	FALSE	0	-	-	-	-	-	-
gene_3685	mRNA_3685	OTHER	FALSE	0.999976	0.000066		FALSE	FALSE	0	-	-	-	-	-	-
gene_3686	mRNA_3686	OTHER	FALSE	1.000000	0.000000		FALSE	FALSE	0	-	-	-	-	-	-
gene_3687	mRNA_3687	OTHER	FALSE	1.000000	0.000002		TRUE	FALSE	1	-	-	-	GT22	-	-
gene_3688	mRNA_3688	OTHER	FALSE	1.000000	0.000001		FALSE	FALSE	0	-	-	-	-	-	-
gene_3689	mRNA_3689	OTHER	FALSE	0.999893	0.000096		FALSE	FALSE	0	-	-	-	-	-	-
gene_3690	mRNA_3690	OTHER	FALSE	0.999869	0.000144		FALSE	FALSE	0	-	-	-	-	-	-
gene_3691	mRNA_3691	OTHER	FALSE	0.999846	0.000177		TRUE	FALSE	1	-	-	-	GT1	-	-
gene_3692	mRNA_3692	OTHER	FALSE	1.000000	0.000001		FALSE	FALSE	0	-	-	-	-	-	-
gene_3693	mRNA_3693	OTHER	FALSE	1.000000	0.000001		FALSE	FALSE	0	-	-	-	-	-	-
gene_3694	mRNA_3694	OTHER	FALSE	1.000000	0.000001		FALSE	FALSE	0	-	-	-	-	-	-
gene_3695	mRNA_3695	OTHER	FALSE	1.000000	0.000000		FALSE	FALSE	0	-	-	-	-	-	-
gene_3696	mRNA_3696	OTHER	FALSE	1.000000	0.000001		FALSE	FALSE	0	-	-	-	-	-	-
gene_3697	mRNA_3697	OTHER	FALSE	0.838371	0.161625		FALSE	FALSE	0	-	-	-	-	-	-
gene_3698	mRNA_3698	SP	TRUE	0.001549	0.998415	CS pos: 21-22. Pr: 0.9725	FALSE	FALSE	0	-	-	-	-	-	-
gene_3699	mRNA_3699	OTHER	FALSE	1.000000	0.000000		FALSE	FALSE	0	-	-	-	-	-	-
gene_3700	mRNA_3700	OTHER	FALSE	1.000000	0.000000		FALSE	FALSE	0	-	-	-	-	-	-
gene_3701	mRNA_3701	OTHER	FALSE	1.000000	0.000000		FALSE	FALSE	0	-	-	-	-	-	-
gene_3702	mRNA_3702	OTHER	FALSE	0.998789	0.001209		FALSE	FALSE	0	-	-	-	-	-	-
gene_3703	mRNA_3703	OTHER	FALSE	1.000000	0.000000		TRUE	FALSE	1	-	-	-	CBM13	-	-
gene_3704	mRNA_3704	OTHER	FALSE	1.000000	0.000000		TRUE	FALSE	1	-	-	-	GH17+GT48	-	-
gene_3705	mRNA_3705	OTHER	FALSE	1.000000	0.000000		TRUE	FALSE	1	-	-	-	GH128	-	-
gene_3706	mRNA_3706	OTHER	FALSE	1.000000	0.000000		FALSE	FALSE	0	-	-	-	-	-	-
gene_3707	mRNA_3707	OTHER	FALSE	0.991738	0.008269		FALSE	FALSE	0	-	-	-	-	-	-
gene_3708	mRNA_3708	OTHER	FALSE	1.000000	0.000002		FALSE	FALSE	0	-	-	-	-	-	-
gene_3709	mRNA_3709	OTHER	FALSE	1.000000	0.000000		FALSE	FALSE	0	-	-	-	-	-	-
gene_3710	mRNA_3710	OTHER	FALSE	1.000000	0.000000		FALSE	FALSE	0	-	-	-	-	-	-
gene_3711	mRNA_3711	OTHER	FALSE	1.000000	0.000028		FALSE	FALSE	0	-	-	-	-	-	-
gene_3712	mRNA_3712	OTHER	FALSE	1.000000	0.000000		TRUE	FALSE	1	-	-	-	GH3	-	-
gene_3713	mRNA_3713	SP	TRUE	0.000279	0.999691	CS pos: 16-17. Pr: 0.8811	FALSE	FALSE	0	-	-	-	-	-	-
gene_3714	mRNA_3714	SP	TRUE	0.000232	0.999747	CS pos: 23-24. Pr: 0.9776	TRUE	TRUE	3	-	GH16_18(73-229)	GH16_e153(74-230)	GH16_18+GH16_18	GH16_18	-
gene_3715	mRNA_3715	OTHER	FALSE	0.999619	0.000405		TRUE	FALSE	1	-	-	-	GH5_5+GH5_5	-	-
gene_3716	mRNA_3716	OTHER	FALSE	1.000000	0.000000		FALSE	FALSE	0	-	-	-	-	-	-
gene_3717	mRNA_3717	OTHER	FALSE	1.000000	0.000000		FALSE	FALSE	0	-	-	-	-	-	-
gene_3718	mRNA_3718	OTHER	FALSE	1.000000	0.000000		FALSE	FALSE	0	-	-	-	-	-	-
gene_3719	mRNA_3719	OTHER	FALSE	0.999010	0.001002		FALSE	FALSE	0	-	-	-	-	-	-
gene_3720	mRNA_3720	OTHER	FALSE	1.000000	0.000000		FALSE	FALSE	0	-	-	-	-	-	-
gene_3721	mRNA_3721	OTHER	FALSE	0.999919	0.000114		FALSE	FALSE	0	-	-	-	-	-	-
gene_3722	mRNA_3722	OTHER	FALSE	1.000000	0.000001		FALSE	FALSE	0	-	-	-	-	-	-
gene_3723	mRNA_3723	OTHER	FALSE	0.999634	0.000378		FALSE	FALSE	0	-	-	-	-	-	-
gene_3724	mRNA_3724	OTHER	FALSE	1.000000	0.000000		TRUE	TRUE	3	3.2.1.39:7	GH16_4(175-500)	GH16_e102(176-501)	GH16_4+GH16_4	GH16_4	beta-glucan
gene_3725	mRNA_3725	OTHER	FALSE	1.000000	0.000000		TRUE	TRUE	2	-	GT2(531-736)	-	GT0	GT2	-
gene_3726	mRNA_3726	OTHER	FALSE	1.000000	0.000000		FALSE	FALSE	0	-	-	-	-	-	-
gene_3727	mRNA_3727	OTHER	FALSE	1.000000	0.000003		FALSE	FALSE	0	-	-	-	-	-	-
gene_3728	mRNA_3728	OTHER	FALSE	1.000000	0.000001		FALSE	FALSE	0	-	-	-	-	-	-
gene_3729	mRNA_3729	OTHER	FALSE	1.000000	0.000000		FALSE	FALSE	0	-	-	-	-	-	-
gene_3730	mRNA_3730	OTHER	FALSE	1.000000	0.000000		TRUE	FALSE	1	-	-	-	CBM50	-	-
gene_3731	mRNA_3731	OTHER	FALSE	1.000000	0.000001		TRUE	TRUE	3	3.2.1.21:13	GH3(183-395)	GH3_e180(183-396)	GH3	GH3_e180	beta-glucan
gene_3732	mRNA_3732	OTHER	FALSE	1.000000	0.000003		FALSE	FALSE	0	-	-	-	-	-	-
gene_3733	mRNA_3733	OTHER	FALSE	1.000000	0.000000		FALSE	FALSE	0	-	-	-	-	-	-
gene_3734	mRNA_3734	OTHER	FALSE	0.995229	0.004778		FALSE	FALSE	0	-	-	-	-	-	-
gene_3735	mRNA_3735	OTHER	FALSE	1.000000	0.000000		FALSE	FALSE	0	-	-	-	-	-	-
gene_3736	mRNA_3736	OTHER	FALSE	1.000000	0.000000		TRUE	FALSE	1	-	-	-	GH105	-	-
gene_3737	mRNA_3737	OTHER	FALSE	1.000000	0.000008		FALSE	FALSE	0	-	-	-	-	-	-
gene_3738	mRNA_3738	OTHER	FALSE	1.000000	0.000000		FALSE	FALSE	0	-	-	-	-	-	-
gene_3739	mRNA_3739	OTHER	FALSE	0.943457	0.056586		FALSE	FALSE	0	-	-	-	-	-	-
gene_3740	mRNA_3740	OTHER	FALSE	0.998921	0.001100		FALSE	FALSE	0	-	-	-	-	-	-
gene_3741	mRNA_3741	OTHER	FALSE	1.000000	0.000002		FALSE	FALSE	0	-	-	-	-	-	-
gene_3742	mRNA_3742	OTHER	FALSE	1.000000	0.000000		FALSE	FALSE	0	-	-	-	-	-	-
gene_3743	mRNA_3743	OTHER	FALSE	0.999749	0.000268		TRUE	FALSE	1	-	-	-	AA3_2+AA3_2	-	-
gene_3744	mRNA_3744	OTHER	FALSE	1.000000	0.000000		FALSE	FALSE	0	-	-	-	-	-	-
gene_3745	mRNA_3745	OTHER	FALSE	1.000000	0.000000		TRUE	FALSE	1	-	-	-	GH79	-	-
gene_3746	mRNA_3746	OTHER	FALSE	1.000000	0.000000		FALSE	FALSE	0	-	-	-	-	-	-
gene_3747	mRNA_3747	OTHER	FALSE	1.000000	0.000000		FALSE	FALSE	0	-	-	-	-	-	-
gene_3748	mRNA_3748	OTHER	FALSE	1.000000	0.000000		FALSE	FALSE	0	-	-	-	-	-	-
gene_3749	mRNA_3749	OTHER	FALSE	1.000000	0.000008		FALSE	FALSE	0	-	-	-	-	-	-
gene_3750	mRNA_3750	OTHER	FALSE	1.000000	0.000005		FALSE	FALSE	0	-	-	-	-	-	-
gene_3751	mRNA_3751	OTHER	FALSE	1.000000	0.000000		FALSE	FALSE	0	-	-	-	-	-	-
gene_3752	mRNA_3752	OTHER	FALSE	1.000000	0.000004		TRUE	FALSE	1	-	-	-	GH16_1+GH16_1	-	-
gene_3753	mRNA_3753	SP	TRUE	0.000423	0.999558	CS pos: 23-24. Pr: 0.9372	FALSE	FALSE	0	-	-	-	-	-	-
gene_3754	mRNA_3754	OTHER	FALSE	1.000000	0.000000		FALSE	FALSE	0	-	-	-	-	-	-
gene_3755	mRNA_3755	OTHER	FALSE	1.000000	0.000000		FALSE	FALSE	0	-	-	-	-	-	-
gene_3756	mRNA_3756	OTHER	FALSE	0.999957	0.000031		FALSE	FALSE	0	-	-	-	-	-	-
gene_3757	mRNA_3757	OTHER	FALSE	1.000000	0.000000		FALSE	FALSE	0	-	-	-	-	-	-
gene_3758	mRNA_3758	OTHER	FALSE	1.000000	0.000000		FALSE	FALSE	0	-	-	-	-	-	-
gene_3759	mRNA_3759	OTHER	FALSE	1.000000	0.000000		TRUE	FALSE	1	-	-	-	GH76	-	-
gene_3760	mRNA_3760	OTHER	FALSE	0.999940	0.000098		FALSE	FALSE	0	-	-	-	-	-	-
gene_3761	mRNA_3761	OTHER	FALSE	1.000000	0.000000		FALSE	FALSE	0	-	-	-	-	-	-
gene_3762	mRNA_3762	OTHER	FALSE	1.000000	0.000007		FALSE	FALSE	0	-	-	-	-	-	-
gene_3763	mRNA_3763	OTHER	FALSE	1.000000	0.000001		FALSE	FALSE	0	-	-	-	-	-	-
gene_3764	mRNA_3764	OTHER	FALSE	1.000000	0.000001		TRUE	FALSE	1	-	-	-	GT1	-	-
gene_3765	mRNA_3765	OTHER	FALSE	1.000000	0.000000		FALSE	FALSE	0	-	-	-	-	-	-
gene_3766	mRNA_3766	SP	TRUE	0.000198	0.999774	CS pos: 21-22. Pr: 0.9797	TRUE	TRUE	3	3.2.1.58:16	GH55_2(24-754)	GH55_e8(24-751)	GH55_2+GH55_2	GH55_2	beta-glucan
gene_3767	mRNA_3767	SP	TRUE	0.000292	0.999684	CS pos: 21-22. Pr: 0.9512	FALSE	FALSE	0	-	-	-	-	-	-
gene_3768	mRNA_3768	SP	TRUE	0.000188	0.999788	CS pos: 20-21. Pr: 0.9802	TRUE	FALSE	1	-	-	-	CBM1	-	-
gene_3769	mRNA_3769	OTHER	FALSE	1.000000	0.000001		FALSE	FALSE	0	-	-	-	-	-	-
gene_3770	mRNA_3770	OTHER	FALSE	0.999954	0.000064		TRUE	FALSE	1	-	-	-	GH5_12+GH5_12	-	-
gene_3771	mRNA_3771	OTHER	FALSE	1.000000	0.000000		FALSE	FALSE	0	-	-	-	-	-	-
gene_3772	mRNA_3772	OTHER	FALSE	1.000000	0.000001		FALSE	FALSE	0	-	-	-	-	-	-
gene_3773	mRNA_3773	OTHER	FALSE	1.000000	0.000000		FALSE	FALSE	0	-	-	-	-	-	-
gene_3774	mRNA_3774	OTHER	FALSE	1.000000	0.000004		FALSE	FALSE	0	-	-	-	-	-	-
gene_3775	mRNA_3775	OTHER	FALSE	1.000000	0.000003		FALSE	FALSE	0	-	-	-	-	-	-
gene_3776	mRNA_3776	SP	TRUE	0.086758	0.913215	CS pos: 27-28. Pr: 0.6527	FALSE	FALSE	0	-	-	-	-	-	-
gene_3777	mRNA_3777	OTHER	FALSE	0.999967	0.000057		FALSE	FALSE	0	-	-	-	-	-	-
gene_3778	mRNA_3778	OTHER	FALSE	1.000000	0.000001		TRUE	FALSE	1	-	-	-	GH162	-	-
gene_3779	mRNA_3779	OTHER	FALSE	1.000000	0.000027		FALSE	FALSE	0	-	-	-	-	-	-
gene_3780	mRNA_3780	OTHER	FALSE	1.000000	0.000000		FALSE	FALSE	0	-	-	-	-	-	-
gene_3781	mRNA_3781	OTHER	FALSE	1.000000	0.000001		FALSE	FALSE	0	-	-	-	-	-	-
gene_3782	mRNA_3782	OTHER	FALSE	1.000000	0.000000		FALSE	FALSE	0	-	-	-	-	-	-
gene_3783	mRNA_3783	OTHER	FALSE	1.000000	0.000000		TRUE	FALSE	1	-	-	-	CE5	-	-
gene_3784	mRNA_3784	OTHER	FALSE	1.000000	0.000000		FALSE	FALSE	0	-	-	-	-	-	-
gene_3785	mRNA_3785	OTHER	FALSE	1.000000	0.000002		FALSE	FALSE	0	-	-	-	-	-	-
gene_3786	mRNA_3786	OTHER	FALSE	1.000000	0.000000		FALSE	FALSE	0	-	-	-	-	-	-
gene_3787	mRNA_3787	SP	TRUE	0.004244	0.995728	CS pos: 15-16. Pr: 0.9530	FALSE	FALSE	0	-	-	-	-	-	-
gene_3788	mRNA_3788	OTHER	FALSE	0.997821	0.002176		FALSE	FALSE	0	-	-	-	-	-	-
gene_3789	mRNA_3789	OTHER	FALSE	1.000000	0.000000		FALSE	FALSE	0	-	-	-	-	-	-
gene_3790	mRNA_3790	OTHER	FALSE	1.000000	0.000005		FALSE	FALSE	0	-	-	-	-	-	-
gene_3791	mRNA_3791	OTHER	FALSE	1.000000	0.000001		FALSE	FALSE	0	-	-	-	-	-	-
gene_3792	mRNA_3792	OTHER	FALSE	1.000000	0.000000		FALSE	FALSE	0	-	-	-	-	-	-
gene_3793	mRNA_3793	OTHER	FALSE	1.000000	0.000000		FALSE	FALSE	0	-	-	-	-	-	-
gene_3794	mRNA_3794	OTHER	FALSE	1.000000	0.000000		FALSE	FALSE	0	-	-	-	-	-	-
gene_3795	mRNA_3795	OTHER	FALSE	1.000000	0.000000		FALSE	FALSE	0	-	-	-	-	-	-
gene_3796	mRNA_3796	OTHER	FALSE	1.000000	0.000029		TRUE	TRUE	3	2.4.1.198:3	GT4(286-425)	GT4_e954(290-428)	GT4	GT4_e954	-
gene_3797	mRNA_3797	OTHER	FALSE	1.000000	0.000000		FALSE	FALSE	0	-	-	-	-	-	-
gene_3798	mRNA_3798	OTHER	FALSE	1.000000	0.000000		TRUE	FALSE	1	-	-	-	GH125	-	-
gene_3799	mRNA_3799	OTHER	FALSE	1.000000	0.000001		FALSE	FALSE	0	-	-	-	-	-	-
gene_3800	mRNA_3800	OTHER	FALSE	1.000000	0.000000		FALSE	FALSE	0	-	-	-	-	-	-
gene_3801	mRNA_3801	OTHER	FALSE	0.999789	0.000233		FALSE	FALSE	0	-	-	-	-	-	-
gene_3802	mRNA_3802	OTHER	FALSE	1.000000	0.000000		FALSE	FALSE	0	-	-	-	-	-	-
gene_3803	mRNA_3803	OTHER	FALSE	1.000000	0.000000		FALSE	FALSE	0	-	-	-	-	-	-
gene_3804	mRNA_3804	OTHER	FALSE	1.000000	0.000000		FALSE	FALSE	0	-	-	-	-	-	-
gene_3805	mRNA_3805	OTHER	FALSE	1.000000	0.000000		FALSE	FALSE	0	-	-	-	-	-	-
gene_3806	mRNA_3806	OTHER	FALSE	1.000000	0.000000		FALSE	FALSE	0	-	-	-	-	-	-
gene_3807	mRNA_3807	OTHER	FALSE	1.000000	0.000000		FALSE	FALSE	0	-	-	-	-	-	-
gene_3808	mRNA_3808	OTHER	FALSE	1.000000	0.000000		FALSE	FALSE	0	-	-	-	-	-	-
gene_3809	mRNA_3809	SP	TRUE	0.000280	0.999686	CS pos: 26-27. Pr: 0.9674	FALSE	FALSE	0	-	-	-	-	-	-
gene_3810	mRNA_3810	OTHER	FALSE	1.000000	0.000001		FALSE	FALSE	0	-	-	-	-	-	-
gene_3811	mRNA_3811	OTHER	FALSE	1.000000	0.000002		FALSE	FALSE	0	-	-	-	-	-	-
gene_3812	mRNA_3812	OTHER	FALSE	1.000000	0.000001		FALSE	FALSE	0	-	-	-	-	-	-
gene_3813	mRNA_3813	OTHER	FALSE	1.000000	0.000000		FALSE	FALSE	0	-	-	-	-	-	-
gene_3814	mRNA_3814	OTHER	FALSE	0.989300	0.010721		FALSE	FALSE	0	-	-	-	-	-	-
gene_3815	mRNA_3815	OTHER	FALSE	1.000000	0.000006		FALSE	FALSE	0	-	-	-	-	-	-
gene_3816	mRNA_3816	OTHER	FALSE	0.999463	0.000558		FALSE	FALSE	0	-	-	-	-	-	-
gene_3817	mRNA_3817	OTHER	FALSE	1.000000	0.000001		FALSE	FALSE	0	-	-	-	-	-	-
gene_3818	mRNA_3818	OTHER	FALSE	0.999384	0.000671		FALSE	FALSE	0	-	-	-	-	-	-
gene_3819	mRNA_3819	OTHER	FALSE	1.000000	0.000018		FALSE	FALSE	0	-	-	-	-	-	-
gene_3820	mRNA_3820	OTHER	FALSE	1.000000	0.000000		FALSE	FALSE	0	-	-	-	-	-	-
gene_3821	mRNA_3821	OTHER	FALSE	1.000000	0.000002		FALSE	FALSE	0	-	-	-	-	-	-
gene_3822	mRNA_3822	OTHER	FALSE	1.000000	0.000000		TRUE	FALSE	1	-	-	-	AA5_2+AA5_2+CBM32	-	-
gene_3823	mRNA_3823	OTHER	FALSE	1.000000	0.000002		TRUE	FALSE	1	-	-	-	GH12	-	-
gene_3824	mRNA_3824	OTHER	FALSE	1.000000	0.000003		FALSE	FALSE	0	-	-	-	-	-	-
gene_3825	mRNA_3825	OTHER	FALSE	1.000000	0.000006		FALSE	FALSE	0	-	-	-	-	-	-
gene_3826	mRNA_3826	SP	TRUE	0.000528	0.999468	CS pos: 16-17. Pr: 0.9638	TRUE	TRUE	3	1.14.99.54:2;1.14.99.56:4	AA9(5-225)	AA9_e31(7-225)	AA9	AA9_e31	cellulose
gene_3827	mRNA_3827	OTHER	FALSE	1.000000	0.000000		FALSE	FALSE	0	-	-	-	-	-	-
gene_3828	mRNA_3828	OTHER	FALSE	1.000000	0.000000		FALSE	FALSE	0	-	-	-	-	-	-
gene_3829	mRNA_3829	OTHER	FALSE	1.000000	0.000000		FALSE	FALSE	0	-	-	-	-	-	-
gene_3830	mRNA_3830	OTHER	FALSE	1.000000	0.000000		FALSE	FALSE	0	-	-	-	-	-	-
gene_3831	mRNA_3831	OTHER	FALSE	1.000000	0.000007		FALSE	FALSE	0	-	-	-	-	-	-
gene_3832	mRNA_3832	OTHER	FALSE	1.000000	0.000006		FALSE	FALSE	0	-	-	-	-	-	-
gene_3833	mRNA_3833	SP	TRUE	0.000265	0.999716	CS pos: 19-20. Pr: 0.9805	FALSE	FALSE	0	-	-	-	-	-	-
gene_3834	mRNA_3834	OTHER	FALSE	1.000000	0.000000		FALSE	FALSE	0	-	-	-	-	-	-
gene_3835	mRNA_3835	OTHER	FALSE	0.999934	0.000112		FALSE	FALSE	0	-	-	-	-	-	-
gene_3836	mRNA_3836	OTHER	FALSE	1.000000	0.000000		FALSE	FALSE	0	-	-	-	-	-	-
gene_3837	mRNA_3837	OTHER	FALSE	1.000000	0.000006		FALSE	FALSE	0	-	-	-	-	-	-
gene_3838	mRNA_3838	OTHER	FALSE	0.999496	0.000524		FALSE	FALSE	0	-	-	-	-	-	-
gene_3839	mRNA_3839	OTHER	FALSE	1.000000	0.000000		FALSE	FALSE	0	-	-	-	-	-	-
gene_3840	mRNA_3840	OTHER	FALSE	1.000000	0.000000		TRUE	FALSE	1	-	-	-	GH92	-	-
gene_3841	mRNA_3841	OTHER	FALSE	1.000000	0.000000		FALSE	FALSE	0	-	-	-	-	-	-
gene_3842	mRNA_3842	OTHER	FALSE	1.000000	0.000000		FALSE	FALSE	0	-	-	-	-	-	-
gene_3843	mRNA_3843	OTHER	FALSE	1.000000	0.000000		FALSE	FALSE	0	-	-	-	-	-	-
gene_3844	mRNA_3844	OTHER	FALSE	0.928175	0.071835		FALSE	FALSE	0	-	-	-	-	-	-
gene_3845	mRNA_3845	OTHER	FALSE	1.000000	0.000000		FALSE	FALSE	0	-	-	-	-	-	-
gene_3846	mRNA_3846	OTHER	FALSE	0.999877	0.000156		FALSE	FALSE	0	-	-	-	-	-	-
gene_3847	mRNA_3847	OTHER	FALSE	1.000000	0.000000		FALSE	FALSE	0	-	-	-	-	-	-
gene_3848	mRNA_3848	OTHER	FALSE	1.000000	0.000001		FALSE	FALSE	0	-	-	-	-	-	-
gene_3849	mRNA_3849	OTHER	FALSE	1.000000	0.000026		FALSE	FALSE	0	-	-	-	-	-	-
gene_3850	mRNA_3850	OTHER	FALSE	1.000000	0.000000		FALSE	FALSE	0	-	-	-	-	-	-
gene_3851	mRNA_3851	OTHER	FALSE	1.000000	0.000015		FALSE	FALSE	0	-	-	-	-	-	-
gene_3852	mRNA_3852	OTHER	FALSE	1.000000	0.000002		FALSE	FALSE	0	-	-	-	-	-	-
gene_3853	mRNA_3853	OTHER	FALSE	1.000000	0.000000		TRUE	FALSE	1	-	-	-	GT57	-	-
gene_3854	mRNA_3854	OTHER	FALSE	1.000000	0.000002		FALSE	FALSE	0	-	-	-	-	-	-
gene_3855	mRNA_3855	OTHER	FALSE	1.000000	0.000000		FALSE	FALSE	0	-	-	-	-	-	-
gene_3856	mRNA_3856	OTHER	FALSE	1.000000	0.000000		FALSE	FALSE	0	-	-	-	-	-	-
gene_3857	mRNA_3857	OTHER	FALSE	1.000000	0.000000		FALSE	FALSE	0	-	-	-	-	-	-
gene_3858	mRNA_3858	OTHER	FALSE	1.000000	0.000000		TRUE	FALSE	1	-	-	-	GH13_11	-	-
gene_3859	mRNA_3859	OTHER	FALSE	1.000000	0.000000		FALSE	FALSE	0	-	-	-	-	-	-
gene_3860	mRNA_3860	OTHER	FALSE	1.000000	0.000001		FALSE	FALSE	0	-	-	-	-	-	-
gene_3861	mRNA_3861	OTHER	FALSE	1.000000	0.000000		FALSE	FALSE	0	-	-	-	-	-	-
gene_3862	mRNA_3862	OTHER	FALSE	1.000000	0.000012		FALSE	FALSE	0	-	-	-	-	-	-
gene_3863	mRNA_3863	OTHER	FALSE	1.000000	0.000000		TRUE	FALSE	1	-	-	-	GH18	-	-
gene_3864	mRNA_3864	OTHER	FALSE	1.000000	0.000001		FALSE	FALSE	0	-	-	-	-	-	-
gene_3865	mRNA_3865	OTHER	FALSE	1.000000	0.000000		FALSE	FALSE	0	-	-	-	-	-	-
gene_3866	mRNA_3866	OTHER	FALSE	1.000000	0.000001		FALSE	FALSE	0	-	-	-	-	-	-
gene_3867	mRNA_3867	SP	TRUE	0.000210	0.999774	CS pos: 23-24. Pr: 0.8139	TRUE	TRUE	3	1.10.3.2:2|-	AA1_3(62-380)	AA1_e18(67-380)+AA1_e9(473-637)	AA1	AA1_3|AA1_e9	lignin
gene_3868	mRNA_3868	OTHER	FALSE	1.000000	0.000000		FALSE	FALSE	0	-	-	-	-	-	-
gene_3869	mRNA_3869	OTHER	FALSE	1.000000	0.000001		FALSE	FALSE	0	-	-	-	-	-	-
gene_3870	mRNA_3870	OTHER	FALSE	1.000000	0.000000		FALSE	FALSE	0	-	-	-	-	-	-
gene_3871	mRNA_3871	OTHER	FALSE	0.999785	0.000205		FALSE	FALSE	0	-	-	-	-	-	-
gene_3872	mRNA_3872	OTHER	FALSE	0.984901	0.015105		FALSE	FALSE	0	-	-	-	-	-	-
gene_3873	mRNA_3873	OTHER	FALSE	1.000000	0.000000		FALSE	FALSE	0	-	-	-	-	-	-
gene_3874	mRNA_3874	OTHER	FALSE	1.000000	0.000000		FALSE	FALSE	0	-	-	-	-	-	-
gene_3875	mRNA_3875	OTHER	FALSE	1.000000	0.000000		FALSE	FALSE	0	-	-	-	-	-	-
gene_3876	mRNA_3876	OTHER	FALSE	1.000000	0.000000		FALSE	FALSE	0	-	-	-	-	-	-
gene_3877	mRNA_3877	OTHER	FALSE	1.000000	0.000002		FALSE	FALSE	0	-	-	-	-	-	-
gene_3878	mRNA_3878	OTHER	FALSE	1.000000	0.000000		TRUE	FALSE	1	-	-	-	GT2	-	-
gene_3879	mRNA_3879	OTHER	FALSE	1.000000	0.000000		FALSE	FALSE	0	-	-	-	-	-	-
gene_3880	mRNA_3880	OTHER	FALSE	0.999870	0.000128		FALSE	FALSE	0	-	-	-	-	-	-
gene_3881	mRNA_3881	OTHER	FALSE	1.000000	0.000001		FALSE	FALSE	0	-	-	-	-	-	-
gene_3882	mRNA_3882	OTHER	FALSE	1.000000	0.000000		FALSE	FALSE	0	-	-	-	-	-	-
gene_3883	mRNA_3883	OTHER	FALSE	1.000000	0.000004		FALSE	FALSE	0	-	-	-	-	-	-
gene_3884	mRNA_3884	OTHER	FALSE	1.000000	0.000001		FALSE	FALSE	0	-	-	-	-	-	-
gene_3885	mRNA_3885	OTHER	FALSE	0.999956	0.000042		FALSE	FALSE	0	-	-	-	-	-	-
gene_3886	mRNA_3886	OTHER	FALSE	1.000000	0.000018		FALSE	FALSE	0	-	-	-	-	-	-
gene_3887	mRNA_3887	OTHER	FALSE	0.999863	0.000135		TRUE	FALSE	1	-	-	-	GH2_10+GH2_10	-	-
gene_3888	mRNA_3888	OTHER	FALSE	1.000000	0.000000		FALSE	FALSE	0	-	-	-	-	-	-
gene_3889	mRNA_3889	OTHER	FALSE	1.000000	0.000000		FALSE	FALSE	0	-	-	-	-	-	-
gene_3890	mRNA_3890	OTHER	FALSE	1.000000	0.000000		FALSE	FALSE	0	-	-	-	-	-	-
gene_3891	mRNA_3891	OTHER	FALSE	1.000000	0.000000		FALSE	FALSE	0	-	-	-	-	-	-
gene_3892	mRNA_3892	SP	TRUE	0.000275	0.999704	CS pos: 18-19. Pr: 0.9741	FALSE	FALSE	0	-	-	-	-	-	-
gene_3893	mRNA_3893	OTHER	FALSE	0.999927	0.000071		TRUE	FALSE	1	-	-	-	GT0	-	-
gene_3894	mRNA_3894	OTHER	FALSE	1.000000	0.000001		FALSE	FALSE	0	-	-	-	-	-	-
gene_3895	mRNA_3895	OTHER	FALSE	1.000000	0.000032		FALSE	FALSE	0	-	-	-	-	-	-
gene_3896	mRNA_3896	OTHER	FALSE	1.000000	0.000000		TRUE	FALSE	1	-	-	-	GH115	-	-
gene_3897	mRNA_3897	OTHER	FALSE	1.000000	0.000022		FALSE	FALSE	0	-	-	-	-	-	-
gene_3898	mRNA_3898	OTHER	FALSE	1.000000	0.000000		FALSE	FALSE	0	-	-	-	-	-	-
gene_3899	mRNA_3899	OTHER	FALSE	1.000000	0.000000		FALSE	FALSE	0	-	-	-	-	-	-
gene_3900	mRNA_3900	OTHER	FALSE	0.652822	0.347175		TRUE	TRUE	3	2.4.1.-:1	GT69(56-334)	GT69_e1(56-334)	GT69	GT69_e1	-
gene_3901	mRNA_3901	OTHER	FALSE	1.000000	0.000000		FALSE	FALSE	0	-	-	-	-	-	-
gene_3902	mRNA_3902	OTHER	FALSE	1.000000	0.000001		FALSE	FALSE	0	-	-	-	-	-	-
gene_3903	mRNA_3903	OTHER	FALSE	1.000000	0.000000		FALSE	FALSE	0	-	-	-	-	-	-
gene_3904	mRNA_3904	OTHER	FALSE	1.000000	0.000000		FALSE	FALSE	0	-	-	-	-	-	-
gene_3905	mRNA_3905	OTHER	FALSE	0.999944	0.000110		FALSE	FALSE	0	-	-	-	-	-	-
gene_3906	mRNA_3906	OTHER	FALSE	1.000000	0.000000		FALSE	FALSE	0	-	-	-	-	-	-
gene_3907	mRNA_3907	OTHER	FALSE	0.999736	0.000296		FALSE	FALSE	0	-	-	-	-	-	-
gene_3908	mRNA_3908	OTHER	FALSE	1.000000	0.000010		FALSE	FALSE	0	-	-	-	-	-	-
gene_3909	mRNA_3909	OTHER	FALSE	1.000000	0.000000		FALSE	FALSE	0	-	-	-	-	-	-
gene_3910	mRNA_3910	OTHER	FALSE	1.000000	0.000000		FALSE	FALSE	0	-	-	-	-	-	-
gene_3911	mRNA_3911	OTHER	FALSE	1.000000	0.000000		TRUE	FALSE	1	-	-	-	GT32	-	-
gene_3912	mRNA_3912	OTHER	FALSE	1.000000	0.000000		FALSE	FALSE	0	-	-	-	-	-	-
gene_3913	mRNA_3913	OTHER	FALSE	1.000000	0.000000		FALSE	FALSE	0	-	-	-	-	-	-
gene_3914	mRNA_3914	OTHER	FALSE	1.000000	0.000000		FALSE	FALSE	0	-	-	-	-	-	-
gene_3915	mRNA_3915	OTHER	FALSE	1.000000	0.000000		TRUE	FALSE	1	-	-	-	GH16_1+GH16_1	-	-
gene_3916	mRNA_3916	OTHER	FALSE	1.000000	0.000000		FALSE	FALSE	0	-	-	-	-	-	-
gene_3917	mRNA_3917	OTHER	FALSE	1.000000	0.000000		FALSE	FALSE	0	-	-	-	-	-	-
gene_3918	mRNA_3918	OTHER	FALSE	1.000000	0.000000		TRUE	FALSE	1	-	-	-	GH13_1+GH13_1	-	-
gene_3919	mRNA_3919	OTHER	FALSE	1.000000	0.000001		TRUE	FALSE	1	-	-	-	GH43_6+GH43_6	-	-
gene_3920	mRNA_3920	OTHER	FALSE	1.000000	0.000003		TRUE	TRUE	2	-	-	CBM48_e62(9-65)	CBM48	CBM48_e62	alpha-glucan
gene_3921	mRNA_3921	OTHER	FALSE	1.000000	0.000000		FALSE	FALSE	0	-	-	-	-	-	-
gene_3922	mRNA_3922	OTHER	FALSE	1.000000	0.000000		FALSE	FALSE	0	-	-	-	-	-	-
gene_3923	mRNA_3923	OTHER	FALSE	0.999973	0.000060		FALSE	FALSE	0	-	-	-	-	-	-
gene_3924	mRNA_3924	OTHER	FALSE	1.000000	0.000001		FALSE	FALSE	0	-	-	-	-	-	-
gene_3925	mRNA_3925	OTHER	FALSE	0.999976	0.000027		FALSE	FALSE	0	-	-	-	-	-	-
gene_3926	mRNA_3926	OTHER	FALSE	1.000000	0.000002		FALSE	FALSE	0	-	-	-	-	-	-
gene_3927	mRNA_3927	OTHER	FALSE	1.000000	0.000000		FALSE	FALSE	0	-	-	-	-	-	-
gene_3928	mRNA_3928	OTHER	FALSE	1.000000	0.000001		FALSE	FALSE	0	-	-	-	-	-	-
gene_3929	mRNA_3929	OTHER	FALSE	0.999941	0.000072		TRUE	FALSE	1	-	-	-	GT62	-	-
gene_3930	mRNA_3930	OTHER	FALSE	1.000000	0.000028		FALSE	FALSE	0	-	-	-	-	-	-
gene_3931	mRNA_3931	OTHER	FALSE	1.000000	0.000000		FALSE	FALSE	0	-	-	-	-	-	-
gene_3932	mRNA_3932	OTHER	FALSE	1.000000	0.000000		FALSE	FALSE	0	-	-	-	-	-	-
gene_3933	mRNA_3933	OTHER	FALSE	1.000000	0.000002		FALSE	FALSE	0	-	-	-	-	-	-
gene_3934	mRNA_3934	OTHER	FALSE	1.000000	0.000000		FALSE	FALSE	0	-	-	-	-	-	-
gene_3935	mRNA_3935	OTHER	FALSE	1.000000	0.000000		FALSE	FALSE	0	-	-	-	-	-	-
gene_3936	mRNA_3936	OTHER	FALSE	1.000000	0.000000		FALSE	FALSE	0	-	-	-	-	-	-
gene_3937	mRNA_3937	OTHER	FALSE	1.000000	0.000000		FALSE	FALSE	0	-	-	-	-	-	-
gene_3938	mRNA_3938	OTHER	FALSE	1.000000	0.000000		TRUE	FALSE	1	-	-	-	GH3	-	-
gene_3939	mRNA_3939	OTHER	FALSE	1.000000	0.000000		FALSE	FALSE	0	-	-	-	-	-	-
gene_3940	mRNA_3940	OTHER	FALSE	1.000000	0.000001		TRUE	FALSE	1	-	-	-	GT20	-	-
gene_3941	mRNA_3941	OTHER	FALSE	1.000000	0.000000		FALSE	FALSE	0	-	-	-	-	-	-
gene_3942	mRNA_3942	OTHER	FALSE	0.999622	0.000416		FALSE	FALSE	0	-	-	-	-	-	-
gene_3943	mRNA_3943	OTHER	FALSE	1.000000	0.000000		FALSE	FALSE	0	-	-	-	-	-	-
gene_3944	mRNA_3944	OTHER	FALSE	1.000000	0.000008		FALSE	FALSE	0	-	-	-	-	-	-
gene_3945	mRNA_3945	OTHER	FALSE	1.000000	0.000003		FALSE	FALSE	0	-	-	-	-	-	-
gene_3946	mRNA_3946	OTHER	FALSE	1.000000	0.000000		TRUE	FALSE	1	-	-	-	GT1	-	-
gene_3947	mRNA_3947	OTHER	FALSE	1.000000	0.000001		FALSE	FALSE	0	-	-	-	-	-	-
gene_3948	mRNA_3948	OTHER	FALSE	1.000000	0.000000		FALSE	FALSE	0	-	-	-	-	-	-
gene_3949	mRNA_3949	OTHER	FALSE	1.000000	0.000001		FALSE	FALSE	0	-	-	-	-	-	-
gene_3950	mRNA_3950	OTHER	FALSE	1.000000	0.000000		TRUE	FALSE	1	-	-	-	GH24	-	-
gene_3951	mRNA_3951	OTHER	FALSE	1.000000	0.000000		FALSE	FALSE	0	-	-	-	-	-	-
gene_3952	mRNA_3952	OTHER	FALSE	0.999978	0.000043		FALSE	FALSE	0	-	-	-	-	-	-
gene_3953	mRNA_3953	OTHER	FALSE	0.999965	0.000026		FALSE	FALSE	0	-	-	-	-	-	-
gene_3954	mRNA_3954	OTHER	FALSE	0.999889	0.000109		FALSE	FALSE	0	-	-	-	-	-	-
gene_3955	mRNA_3955	SP	TRUE	0.000332	0.999653	CS pos: 23-24. Pr: 0.9699	TRUE	FALSE	1	-	-	-	CBM35	-	-
gene_3956	mRNA_3956	OTHER	FALSE	1.000000	0.000000		FALSE	FALSE	0	-	-	-	-	-	-
gene_3957	mRNA_3957	OTHER	FALSE	1.000000	0.000000		FALSE	FALSE	0	-	-	-	-	-	-
gene_3958	mRNA_3958	SP	TRUE	0.000322	0.999657	CS pos: 22-23. Pr: 0.7603	TRUE	TRUE	3	3.2.1.101:1	GH76(30-400)	GH76_e8(32-402)	GH76	GH76_e8	alpha-mannan
gene_3959	mRNA_3959	OTHER	FALSE	1.000000	0.000000		TRUE	FALSE	1	-	-	-	CBM18+GH18	-	-
gene_3960	mRNA_3960	OTHER	FALSE	0.999868	0.000121		FALSE	FALSE	0	-	-	-	-	-	-
gene_3961	mRNA_3961	OTHER	FALSE	1.000000	0.000000		FALSE	FALSE	0	-	-	-	-	-	-
gene_3962	mRNA_3962	OTHER	FALSE	1.000000	0.000000		FALSE	FALSE	0	-	-	-	-	-	-
gene_3963	mRNA_3963	OTHER	FALSE	1.000000	0.000001		FALSE	FALSE	0	-	-	-	-	-	-
gene_3964	mRNA_3964	OTHER	FALSE	1.000000	0.000005		TRUE	FALSE	1	-	-	-	GT0	-	-
gene_3965	mRNA_3965	OTHER	FALSE	1.000000	0.000000		FALSE	FALSE	0	-	-	-	-	-	-
gene_3966	mRNA_3966	SP	TRUE	0.000233	0.999733	CS pos: 18-19. Pr: 0.9828	FALSE	FALSE	0	-	-	-	-	-	-
gene_3967	mRNA_3967	OTHER	FALSE	1.000000	0.000000		FALSE	FALSE	0	-	-	-	-	-	-
gene_3968	mRNA_3968	OTHER	FALSE	1.000000	0.000000		TRUE	FALSE	1	-	-	-	GT57	-	-
gene_3969	mRNA_3969	SP	TRUE	0.000548	0.999416	CS pos: 20-21. Pr: 0.8581	FALSE	FALSE	0	-	-	-	-	-	-
gene_3970	mRNA_3970	OTHER	FALSE	1.000000	0.000000		FALSE	FALSE	0	-	-	-	-	-	-
gene_3971	mRNA_3971	OTHER	FALSE	1.000000	0.000010		FALSE	FALSE	0	-	-	-	-	-	-
gene_3972	mRNA_3972	OTHER	FALSE	1.000000	0.000001		FALSE	FALSE	0	-	-	-	-	-	-
gene_3973	mRNA_3973	OTHER	FALSE	0.999445	0.000567		TRUE	FALSE	1	-	-	-	GH5_24+GH5_24	-	-
gene_3974	mRNA_3974	OTHER	FALSE	0.984578	0.015444		FALSE	FALSE	0	-	-	-	-	-	-
gene_3975	mRNA_3975	OTHER	FALSE	0.999990	0.000003		FALSE	FALSE	0	-	-	-	-	-	-
gene_3976	mRNA_3976	OTHER	FALSE	0.999233	0.000808		FALSE	FALSE	0	-	-	-	-	-	-
gene_3977	mRNA_3977	OTHER	FALSE	0.577678	0.422318		TRUE	TRUE	3	-	GH5_24(65-378)	GH5_e56(66-378)	GH5_24+GH5_24	GH5_24	-
gene_3978	mRNA_3978	OTHER	FALSE	1.000000	0.000000		FALSE	FALSE	0	-	-	-	-	-	-
gene_3979	mRNA_3979	OTHER	FALSE	1.000000	0.000000		FALSE	FALSE	0	-	-	-	-	-	-
gene_3980	mRNA_3980	OTHER	FALSE	1.000000	0.000000		FALSE	FALSE	0	-	-	-	-	-	-
gene_3981	mRNA_3981	OTHER	FALSE	1.000000	0.000000		FALSE	FALSE	0	-	-	-	-	-	-
gene_3982	mRNA_3982	OTHER	FALSE	1.000000	0.000002		TRUE	FALSE	1	-	-	-	GH72	-	-
gene_3983	mRNA_3983	OTHER	FALSE	1.000000	0.000000		FALSE	FALSE	0	-	-	-	-	-	-
gene_3984	mRNA_3984	OTHER	FALSE	1.000000	0.000000		FALSE	FALSE	0	-	-	-	-	-	-
gene_3985	mRNA_3985	OTHER	FALSE	1.000000	0.000000		TRUE	FALSE	1	-	-	-	GT20	-	-
gene_3986	mRNA_3986	OTHER	FALSE	1.000000	0.000000		FALSE	FALSE	0	-	-	-	-	-	-
gene_3987	mRNA_3987	OTHER	FALSE	1.000000	0.000000		TRUE	TRUE	2	-	GT2(263-542)	-	GT2	GT2	-
gene_3988	mRNA_3988	OTHER	FALSE	1.000000	0.000000		FALSE	FALSE	0	-	-	-	-	-	-
gene_3989	mRNA_3989	OTHER	FALSE	1.000000	0.000002		FALSE	FALSE	0	-	-	-	-	-	-
gene_3990	mRNA_3990	OTHER	FALSE	0.999523	0.000486		FALSE	FALSE	0	-	-	-	-	-	-
gene_3991	mRNA_3991	OTHER	FALSE	1.000000	0.000000		TRUE	FALSE	1	-	-	-	CBM50	-	-
gene_3992	mRNA_3992	SP	TRUE	0.002842	0.997136	CS pos: 19-20. Pr: 0.9611	FALSE	FALSE	0	-	-	-	-	-	-
gene_3993	mRNA_3993	OTHER	FALSE	1.000000	0.000002		FALSE	FALSE	0	-	-	-	-	-	-
gene_3994	mRNA_3994	OTHER	FALSE	1.000000	0.000000		FALSE	FALSE	0	-	-	-	-	-	-
gene_3995	mRNA_3995	OTHER	FALSE	0.999728	0.000288		FALSE	FALSE	0	-	-	-	-	-	-
gene_3996	mRNA_3996	OTHER	FALSE	1.000000	0.000005		FALSE	FALSE	0	-	-	-	-	-	-
gene_3997	mRNA_3997	OTHER	FALSE	1.000000	0.000000		FALSE	FALSE	0	-	-	-	-	-	-
gene_3998	mRNA_3998	OTHER	FALSE	1.000000	0.000001		FALSE	FALSE	0	-	-	-	-	-	-
gene_3999	mRNA_3999	OTHER	FALSE	1.000000	0.000013		FALSE	FALSE	0	-	-	-	-	-	-
gene_4000	mRNA_4000	SP	TRUE	0.000239	0.999717	CS pos: 20-21. Pr: 0.9749	FALSE	FALSE	0	-	-	-	-	-	-
gene_4001	mRNA_4001	SP	TRUE	0.000284	0.999683	CS pos: 23-24. Pr: 0.9779	FALSE	FALSE	0	-	-	-	-	-	-
gene_4002	mRNA_4002	OTHER	FALSE	1.000000	0.000016		FALSE	FALSE	0	-	-	-	-	-	-
gene_4003	mRNA_4003	OTHER	FALSE	1.000000	0.000000		FALSE	FALSE	0	-	-	-	-	-	-
gene_4004	mRNA_4004	OTHER	FALSE	1.000000	0.000000		FALSE	FALSE	0	-	-	-	-	-	-
gene_4005	mRNA_4005	OTHER	FALSE	1.000000	0.000000		TRUE	FALSE	1	-	-	-	GT8	-	-
gene_4006	mRNA_4006	OTHER	FALSE	1.000000	0.000000		FALSE	FALSE	0	-	-	-	-	-	-
gene_4007	mRNA_4007	OTHER	FALSE	1.000000	0.000000		FALSE	FALSE	0	-	-	-	-	-	-
gene_4008	mRNA_4008	OTHER	FALSE	1.000000	0.000000		FALSE	FALSE	0	-	-	-	-	-	-
gene_4009	mRNA_4009	OTHER	FALSE	0.998857	0.001168		FALSE	FALSE	0	-	-	-	-	-	-
gene_4010	mRNA_4010	OTHER	FALSE	1.000000	0.000000		FALSE	FALSE	0	-	-	-	-	-	-
gene_4011	mRNA_4011	OTHER	FALSE	1.000000	0.000007		TRUE	FALSE	1	-	-	-	GT1	-	-
gene_4012	mRNA_4012	OTHER	FALSE	1.000000	0.000000		FALSE	FALSE	0	-	-	-	-	-	-
gene_4013	mRNA_4013	OTHER	FALSE	1.000000	0.000001		FALSE	FALSE	0	-	-	-	-	-	-
gene_4014	mRNA_4014	OTHER	FALSE	1.000000	0.000000		FALSE	FALSE	0	-	-	-	-	-	-
gene_4015	mRNA_4015	OTHER	FALSE	1.000000	0.000000		FALSE	FALSE	0	-	-	-	-	-	-
gene_4016	mRNA_4016	OTHER	FALSE	1.000000	0.000000		FALSE	FALSE	0	-	-	-	-	-	-
gene_4017	mRNA_4017	OTHER	FALSE	1.000000	0.000000		FALSE	FALSE	0	-	-	-	-	-	-
gene_4018	mRNA_4018	OTHER	FALSE	1.000000	0.000004		FALSE	FALSE	0	-	-	-	-	-	-
gene_4019	mRNA_4019	OTHER	FALSE	1.000000	0.000000		FALSE	FALSE	0	-	-	-	-	-	-
gene_4020	mRNA_4020	SP	TRUE	0.039080	0.960875	CS pos: 19-20. Pr: 0.9299	FALSE	FALSE	0	-	-	-	-	-	-
gene_4021	mRNA_4021	OTHER	FALSE	1.000000	0.000000		FALSE	FALSE	0	-	-	-	-	-	-
gene_4022	mRNA_4022	OTHER	FALSE	1.000000	0.000002		FALSE	FALSE	0	-	-	-	-	-	-
gene_4023	mRNA_4023	OTHER	FALSE	1.000000	0.000019		TRUE	FALSE	1	-	-	-	GT8	-	-
gene_4024	mRNA_4024	OTHER	FALSE	0.553293	0.446700		TRUE	TRUE	3	2.4.1.257:12	GT32(129-211)	GT32_e68(132-210)	GT32	GT32_e68	-
gene_4025	mRNA_4025	OTHER	FALSE	1.000000	0.000007		TRUE	FALSE	1	-	-	-	GT32	-	-
gene_4026	mRNA_4026	OTHER	FALSE	0.999984	0.000060		FALSE	FALSE	0	-	-	-	-	-	-
gene_4027	mRNA_4027	OTHER	FALSE	1.000000	0.000019		FALSE	FALSE	0	-	-	-	-	-	-
gene_4028	mRNA_4028	OTHER	FALSE	1.000000	0.000000		FALSE	FALSE	0	-	-	-	-	-	-
gene_4029	mRNA_4029	OTHER	FALSE	1.000000	0.000000		FALSE	FALSE	0	-	-	-	-	-	-
gene_4030	mRNA_4030	OTHER	FALSE	1.000000	0.000002		FALSE	FALSE	0	-	-	-	-	-	-
gene_4031	mRNA_4031	OTHER	FALSE	1.000000	0.000000		FALSE	FALSE	0	-	-	-	-	-	-
gene_4032	mRNA_4032	OTHER	FALSE	1.000000	0.000000		FALSE	FALSE	0	-	-	-	-	-	-
gene_4033	mRNA_4033	OTHER	FALSE	1.000000	0.000000		FALSE	FALSE	0	-	-	-	-	-	-
gene_4034	mRNA_4034	OTHER	FALSE	1.000000	0.000005		FALSE	FALSE	0	-	-	-	-	-	-
gene_4035	mRNA_4035	OTHER	FALSE	1.000000	0.000000		FALSE	FALSE	0	-	-	-	-	-	-
gene_4036	mRNA_4036	OTHER	FALSE	1.000000	0.000004		FALSE	FALSE	0	-	-	-	-	-	-
gene_4037	mRNA_4037	OTHER	FALSE	1.000000	0.000000		FALSE	FALSE	0	-	-	-	-	-	-
gene_4038	mRNA_4038	OTHER	FALSE	1.000000	0.000000		FALSE	FALSE	0	-	-	-	-	-	-
gene_4039	mRNA_4039	OTHER	FALSE	1.000000	0.000000		FALSE	FALSE	0	-	-	-	-	-	-
gene_4040	mRNA_4040	OTHER	FALSE	1.000000	0.000000		TRUE	FALSE	1	-	-	-	GT1	-	-
gene_4041	mRNA_4041	OTHER	FALSE	1.000000	0.000000		FALSE	FALSE	0	-	-	-	-	-	-
gene_4042	mRNA_4042	OTHER	FALSE	1.000000	0.000007		FALSE	FALSE	0	-	-	-	-	-	-
gene_4043	mRNA_4043	OTHER	FALSE	1.000000	0.000000		FALSE	FALSE	0	-	-	-	-	-	-
gene_4044	mRNA_4044	OTHER	FALSE	0.944607	0.055422		FALSE	FALSE	0	-	-	-	-	-	-
gene_4045	mRNA_4045	OTHER	FALSE	1.000000	0.000000		FALSE	FALSE	0	-	-	-	-	-	-
gene_4046	mRNA_4046	OTHER	FALSE	1.000000	0.000001		FALSE	FALSE	0	-	-	-	-	-	-
gene_4047	mRNA_4047	OTHER	FALSE	0.999930	0.000080		FALSE	FALSE	0	-	-	-	-	-	-
gene_4048	mRNA_4048	OTHER	FALSE	0.999607	0.000383		FALSE	FALSE	0	-	-	-	-	-	-
gene_4049	mRNA_4049	OTHER	FALSE	1.000000	0.000006		FALSE	FALSE	0	-	-	-	-	-	-
gene_4050	mRNA_4050	OTHER	FALSE	1.000000	0.000001		FALSE	FALSE	0	-	-	-	-	-	-
gene_4051	mRNA_4051	OTHER	FALSE	1.000000	0.000000		FALSE	FALSE	0	-	-	-	-	-	-
gene_4052	mRNA_4052	OTHER	FALSE	1.000000	0.000000		TRUE	FALSE	1	-	-	-	AA11	-	-
gene_4053	mRNA_4053	OTHER	FALSE	1.000000	0.000000		FALSE	FALSE	0	-	-	-	-	-	-
gene_4054	mRNA_4054	OTHER	FALSE	1.000000	0.000001		TRUE	FALSE	1	-	-	-	GH152	-	-
gene_4055	mRNA_4055	OTHER	FALSE	1.000000	0.000032		FALSE	FALSE	0	-	-	-	-	-	-
gene_4056	mRNA_4056	OTHER	FALSE	1.000000	0.000000		FALSE	FALSE	0	-	-	-	-	-	-
gene_4057	mRNA_4057	OTHER	FALSE	0.801032	0.198961		FALSE	FALSE	0	-	-	-	-	-	-
gene_4058	mRNA_4058	OTHER	FALSE	1.000000	0.000010		FALSE	FALSE	0	-	-	-	-	-	-
gene_4059	mRNA_4059	OTHER	FALSE	1.000000	0.000000		FALSE	FALSE	0	-	-	-	-	-	-
gene_4060	mRNA_4060	OTHER	FALSE	1.000000	0.000000		FALSE	FALSE	0	-	-	-	-	-	-
gene_4061	mRNA_4061	OTHER	FALSE	1.000000	0.000000		FALSE	FALSE	0	-	-	-	-	-	-
gene_4062	mRNA_4062	OTHER	FALSE	0.999982	0.000037		FALSE	FALSE	0	-	-	-	-	-	-
gene_4063	mRNA_4063	SP	TRUE	0.000394	0.999567	CS pos: 21-22. Pr: 0.9701	FALSE	FALSE	0	-	-	-	-	-	-
gene_4064	mRNA_4064	OTHER	FALSE	1.000000	0.000001		FALSE	FALSE	0	-	-	-	-	-	-
gene_4065	mRNA_4065	OTHER	FALSE	1.000000	0.000000		FALSE	FALSE	0	-	-	-	-	-	-
gene_4066	mRNA_4066	OTHER	FALSE	1.000000	0.000000		FALSE	FALSE	0	-	-	-	-	-	-
gene_4067	mRNA_4067	OTHER	FALSE	1.000000	0.000000		FALSE	FALSE	0	-	-	-	-	-	-
gene_4068	mRNA_4068	OTHER	FALSE	1.000000	0.000000		FALSE	FALSE	0	-	-	-	-	-	-
gene_4069	mRNA_4069	OTHER	FALSE	0.999615	0.000395		TRUE	TRUE	3	-	GT69(150-426)	GT69_e6(151-426)	GT69	GT69_e6	-
gene_4070	mRNA_4070	OTHER	FALSE	1.000000	0.000006		FALSE	FALSE	0	-	-	-	-	-	-
gene_4071	mRNA_4071	OTHER	FALSE	1.000000	0.000040		TRUE	TRUE	3	-	GH35(21-222)	GH35_e11(22-206)	GH35	GH35_e11	-
gene_4072	mRNA_4072	OTHER	FALSE	0.999421	0.000559		TRUE	FALSE	1	-	-	-	GT31	-	-
gene_4073	mRNA_4073	OTHER	FALSE	1.000000	0.000021		FALSE	FALSE	0	-	-	-	-	-	-
gene_4074	mRNA_4074	OTHER	FALSE	1.000000	0.000000		FALSE	FALSE	0	-	-	-	-	-	-
gene_4075	mRNA_4075	OTHER	FALSE	1.000000	0.000000		TRUE	FALSE	1	-	-	-	GT31	-	-
gene_4076	mRNA_4076	OTHER	FALSE	1.000000	0.000000		FALSE	FALSE	0	-	-	-	-	-	-
gene_4077	mRNA_4077	OTHER	FALSE	1.000000	0.000000		FALSE	FALSE	0	-	-	-	-	-	-
gene_4078	mRNA_4078	OTHER	FALSE	1.000000	0.000001		TRUE	FALSE	1	-	-	-	GT15	-	-
gene_4079	mRNA_4079	OTHER	FALSE	1.000000	0.000000		FALSE	FALSE	0	-	-	-	-	-	-
gene_4080	mRNA_4080	OTHER	FALSE	1.000000	0.000000		FALSE	FALSE	0	-	-	-	-	-	-
gene_4081	mRNA_4081	OTHER	FALSE	1.000000	0.000000		FALSE	FALSE	0	-	-	-	-	-	-
gene_4082	mRNA_4082	OTHER	FALSE	1.000000	0.000001		FALSE	FALSE	0	-	-	-	-	-	-
gene_4083	mRNA_4083	OTHER	FALSE	0.999977	0.000059		FALSE	FALSE	0	-	-	-	-	-	-
gene_4084	mRNA_4084	OTHER	FALSE	1.000000	0.000000		FALSE	FALSE	0	-	-	-	-	-	-
gene_4085	mRNA_4085	OTHER	FALSE	1.000000	0.000000		FALSE	FALSE	0	-	-	-	-	-	-
gene_4086	mRNA_4086	OTHER	FALSE	1.000000	0.000002		TRUE	FALSE	1	-	-	-	GH78	-	-
gene_4087	mRNA_4087	OTHER	FALSE	1.000000	0.000001		FALSE	FALSE	0	-	-	-	-	-	-
gene_4088	mRNA_4088	OTHER	FALSE	1.000000	0.000000		TRUE	FALSE	1	-	-	-	GT49	-	-
gene_4089	mRNA_4089	OTHER	FALSE	1.000000	0.000000		FALSE	FALSE	0	-	-	-	-	-	-
gene_4090	mRNA_4090	OTHER	FALSE	0.999916	0.000123		TRUE	FALSE	1	-	-	-	AA5_1+AA5_1+CBM18	-	-
gene_4091	mRNA_4091	OTHER	FALSE	1.000000	0.000000		FALSE	FALSE	0	-	-	-	-	-	-
gene_4092	mRNA_4092	OTHER	FALSE	1.000000	0.000000		FALSE	FALSE	0	-	-	-	-	-	-
gene_4093	mRNA_4093	OTHER	FALSE	1.000000	0.000001		FALSE	FALSE	0	-	-	-	-	-	-
gene_4094	mRNA_4094	OTHER	FALSE	1.000000	0.000000		FALSE	FALSE	0	-	-	-	-	-	-
gene_4095	mRNA_4095	SP	TRUE	0.000298	0.999678	CS pos: 26-27. Pr: 0.9642	FALSE	FALSE	0	-	-	-	-	-	-
gene_4096	mRNA_4096	OTHER	FALSE	1.000000	0.000000		TRUE	FALSE	1	-	-	-	GT2	-	-
gene_4097	mRNA_4097	OTHER	FALSE	1.000000	0.000000		FALSE	FALSE	0	-	-	-	-	-	-
gene_4098	mRNA_4098	OTHER	FALSE	1.000000	0.000000		FALSE	FALSE	0	-	-	-	-	-	-
gene_4099	mRNA_4099	OTHER	FALSE	1.000000	0.000026		FALSE	FALSE	0	-	-	-	-	-	-
gene_4100	mRNA_4100	OTHER	FALSE	1.000000	0.000000		TRUE	FALSE	1	-	-	-	GT15	-	-
gene_4101	mRNA_4101	OTHER	FALSE	1.000000	0.000000		FALSE	FALSE	0	-	-	-	-	-	-
gene_4102	mRNA_4102	OTHER	FALSE	1.000000	0.000001		FALSE	FALSE	0	-	-	-	-	-	-
gene_4103	mRNA_4103	OTHER	FALSE	1.000000	0.000000		FALSE	FALSE	0	-	-	-	-	-	-
gene_4104	mRNA_4104	OTHER	FALSE	1.000000	0.000009		FALSE	FALSE	0	-	-	-	-	-	-
gene_4105	mRNA_4105	OTHER	FALSE	1.000000	0.000000		FALSE	FALSE	0	-	-	-	-	-	-
gene_4106	mRNA_4106	OTHER	FALSE	1.000000	0.000000		TRUE	FALSE	1	-	-	-	GH76	-	-
gene_4107	mRNA_4107	OTHER	FALSE	1.000000	0.000000		FALSE	FALSE	0	-	-	-	-	-	-
gene_4108	mRNA_4108	OTHER	FALSE	1.000000	0.000001		FALSE	FALSE	0	-	-	-	-	-	-
gene_4109	mRNA_4109	OTHER	FALSE	0.999972	0.000060		TRUE	FALSE	1	-	-	-	GH152	-	-
gene_4110	mRNA_4110	OTHER	FALSE	1.000000	0.000000		FALSE	FALSE	0	-	-	-	-	-	-
gene_4111	mRNA_4111	OTHER	FALSE	0.940029	0.060004		FALSE	FALSE	0	-	-	-	-	-	-
gene_4112	mRNA_4112	OTHER	FALSE	1.000000	0.000000		FALSE	FALSE	0	-	-	-	-	-	-
gene_4113	mRNA_4113	OTHER	FALSE	1.000000	0.000000		FALSE	FALSE	0	-	-	-	-	-	-
gene_4114	mRNA_4114	OTHER	FALSE	1.000000	0.000000		FALSE	FALSE	0	-	-	-	-	-	-
gene_4115	mRNA_4115	OTHER	FALSE	1.000000	0.000002		FALSE	FALSE	0	-	-	-	-	-	-
gene_4116	mRNA_4116	OTHER	FALSE	1.000000	0.000005		FALSE	FALSE	0	-	-	-	-	-	-
gene_4117	mRNA_4117	OTHER	FALSE	1.000000	0.000014		FALSE	FALSE	0	-	-	-	-	-	-
gene_4118	mRNA_4118	OTHER	FALSE	0.999848	0.000167		FALSE	FALSE	0	-	-	-	-	-	-
gene_4119	mRNA_4119	SP	TRUE	0.000221	0.999728	CS pos: 14-15. Pr: 0.9755	FALSE	FALSE	0	-	-	-	-	-	-
gene_4120	mRNA_4120	OTHER	FALSE	1.000000	0.000001		FALSE	FALSE	0	-	-	-	-	-	-
gene_4121	mRNA_4121	OTHER	FALSE	1.000000	0.000000		FALSE	FALSE	0	-	-	-	-	-	-
gene_4122	mRNA_4122	OTHER	FALSE	1.000000	0.000025		FALSE	FALSE	0	-	-	-	-	-	-
gene_4123	mRNA_4123	OTHER	FALSE	1.000000	0.000000		TRUE	FALSE	1	-	-	-	GH95	-	-
gene_4124	mRNA_4124	OTHER	FALSE	1.000000	0.000002		FALSE	FALSE	0	-	-	-	-	-	-
gene_4125	mRNA_4125	OTHER	FALSE	1.000000	0.000000		FALSE	FALSE	0	-	-	-	-	-	-
gene_4126	mRNA_4126	OTHER	FALSE	0.999955	0.000095		FALSE	FALSE	0	-	-	-	-	-	-
gene_4127	mRNA_4127	OTHER	FALSE	1.000000	0.000000		FALSE	FALSE	0	-	-	-	-	-	-
gene_4128	mRNA_4128	OTHER	FALSE	1.000000	0.000000		FALSE	FALSE	0	-	-	-	-	-	-
gene_4129	mRNA_4129	OTHER	FALSE	1.000000	0.000020		TRUE	FALSE	1	-	-	-	GT2	-	-
gene_4130	mRNA_4130	OTHER	FALSE	1.000000	0.000000		TRUE	FALSE	1	-	-	-	GH29	-	-
gene_4131	mRNA_4131	OTHER	FALSE	0.967769	0.032233		FALSE	FALSE	0	-	-	-	-	-	-
gene_4132	mRNA_4132	OTHER	FALSE	1.000000	0.000000		TRUE	FALSE	1	-	-	-	CBM18+CBM18+CBM18+CBM18+CE4	-	-
gene_4133	mRNA_4133	SP	TRUE	0.000322	0.999646	CS pos: 25-26. Pr: 0.9766	FALSE	FALSE	0	-	-	-	-	-	-
gene_4134	mRNA_4134	SP	TRUE	0.000421	0.999549	CS pos: 15-16. Pr: 0.9673	FALSE	FALSE	0	-	-	-	-	-	-
gene_4135	mRNA_4135	OTHER	FALSE	1.000000	0.000000		FALSE	FALSE	0	-	-	-	-	-	-
gene_4136	mRNA_4136	OTHER	FALSE	1.000000	0.000000		FALSE	FALSE	0	-	-	-	-	-	-
gene_4137	mRNA_4137	OTHER	FALSE	1.000000	0.000003		FALSE	FALSE	0	-	-	-	-	-	-
gene_4138	mRNA_4138	OTHER	FALSE	1.000000	0.000000		FALSE	FALSE	0	-	-	-	-	-	-
gene_4139	mRNA_4139	SP	TRUE	0.000601	0.999373	CS pos: 18-19. Pr: 0.9507	FALSE	FALSE	0	-	-	-	-	-	-
gene_4140	mRNA_4140	SP	TRUE	0.000362	0.999598	CS pos: 18-19. Pr: 0.9738	TRUE	TRUE	3	3.2.1.4:1	GH5_5(23-317)	GH5_e131(23-318)	GH5_5+GH5_5	GH5_5	beta-glucan
gene_4141	mRNA_4141	OTHER	FALSE	1.000000	0.000000		TRUE	FALSE	1	-	-	-	AA12	-	-
gene_4142	mRNA_4142	SP	TRUE	0.391259	0.608744	CS pos: 18-19. Pr: 0.5725	TRUE	FALSE	1	-	-	-	GT31	-	-
gene_4143	mRNA_4143	OTHER	FALSE	1.000000	0.000000		FALSE	FALSE	0	-	-	-	-	-	-
gene_4144	mRNA_4144	OTHER	FALSE	0.995225	0.004812		FALSE	FALSE	0	-	-	-	-	-	-
gene_4145	mRNA_4145	SP	TRUE	0.034977	0.965004	CS pos: 20-21. Pr: 0.8359	FALSE	FALSE	0	-	-	-	-	-	-
gene_4146	mRNA_4146	OTHER	FALSE	1.000000	0.000008		FALSE	FALSE	0	-	-	-	-	-	-
gene_4147	mRNA_4147	OTHER	FALSE	1.000000	0.000000		FALSE	FALSE	0	-	-	-	-	-	-
gene_4148	mRNA_4148	OTHER	FALSE	1.000000	0.000000		FALSE	FALSE	0	-	-	-	-	-	-
gene_4149	mRNA_4149	OTHER	FALSE	0.999997	0.000026		FALSE	FALSE	0	-	-	-	-	-	-
gene_4150	mRNA_4150	OTHER	FALSE	1.000000	0.000000		FALSE	FALSE	0	-	-	-	-	-	-
gene_4151	mRNA_4151	OTHER	FALSE	1.000000	0.000001		FALSE	FALSE	0	-	-	-	-	-	-
gene_4152	mRNA_4152	SP	TRUE	0.000185	0.999768	CS pos: 24-25. Pr: 0.9828	FALSE	FALSE	0	-	-	-	-	-	-
gene_4153	mRNA_4153	OTHER	FALSE	1.000000	0.000000		FALSE	FALSE	0	-	-	-	-	-	-
gene_4154	mRNA_4154	OTHER	FALSE	1.000000	0.000004		FALSE	FALSE	0	-	-	-	-	-	-
gene_4155	mRNA_4155	SP	TRUE	0.000412	0.999564	CS pos: 19-20. Pr: 0.9717	TRUE	FALSE	1	-	-	-	GH15+CBM20	-	-
gene_4156	mRNA_4156	OTHER	FALSE	1.000000	0.000002		FALSE	FALSE	0	-	-	-	-	-	-
gene_4157	mRNA_4157	OTHER	FALSE	1.000000	0.000000		FALSE	FALSE	0	-	-	-	-	-	-
gene_4158	mRNA_4158	OTHER	FALSE	1.000000	0.000000		FALSE	FALSE	0	-	-	-	-	-	-
gene_4159	mRNA_4159	OTHER	FALSE	1.000000	0.000000		FALSE	FALSE	0	-	-	-	-	-	-
gene_4160	mRNA_4160	OTHER	FALSE	1.000000	0.000000		FALSE	FALSE	0	-	-	-	-	-	-
gene_4161	mRNA_4161	OTHER	FALSE	1.000000	0.000000		FALSE	FALSE	0	-	-	-	-	-	-
gene_4162	mRNA_4162	OTHER	FALSE	1.000000	0.000007		FALSE	FALSE	0	-	-	-	-	-	-
gene_4163	mRNA_4163	OTHER	FALSE	1.000000	0.000001		FALSE	FALSE	0	-	-	-	-	-	-
gene_4164	mRNA_4164	OTHER	FALSE	1.000000	0.000000		TRUE	FALSE	1	-	-	-	GT47+GT64	-	-
gene_4165	mRNA_4165	OTHER	FALSE	1.000000	0.000027		TRUE	FALSE	1	-	-	-	GT0	-	-
gene_4166	mRNA_4166	OTHER	FALSE	1.000000	0.000000		FALSE	FALSE	0	-	-	-	-	-	-
gene_4167	mRNA_4167	OTHER	FALSE	1.000000	0.000000		FALSE	FALSE	0	-	-	-	-	-	-
gene_4168	mRNA_4168	OTHER	FALSE	1.000000	0.000004		TRUE	FALSE	1	-	-	-	GT2	-	-
gene_4169	mRNA_4169	OTHER	FALSE	1.000000	0.000001		FALSE	FALSE	0	-	-	-	-	-	-
gene_4170	mRNA_4170	OTHER	FALSE	1.000000	0.000000		FALSE	FALSE	0	-	-	-	-	-	-
gene_4171	mRNA_4171	OTHER	FALSE	1.000000	0.000000		FALSE	FALSE	0	-	-	-	-	-	-
gene_4172	mRNA_4172	OTHER	FALSE	1.000000	0.000001		FALSE	FALSE	0	-	-	-	-	-	-
gene_4173	mRNA_4173	OTHER	FALSE	1.000000	0.000001		FALSE	FALSE	0	-	-	-	-	-	-
gene_4174	mRNA_4174	OTHER	FALSE	1.000000	0.000000		FALSE	FALSE	0	-	-	-	-	-	-
gene_4175	mRNA_4175	OTHER	FALSE	1.000000	0.000004		FALSE	FALSE	0	-	-	-	-	-	-
gene_4176	mRNA_4176	SP	TRUE	0.000267	0.999702	CS pos: 18-19. Pr: 0.9785	TRUE	FALSE	1	-	-	-	GH54+CBM42	-	-
gene_4177	mRNA_4177	OTHER	FALSE	1.000000	0.000000		FALSE	FALSE	0	-	-	-	-	-	-
gene_4178	mRNA_4178	OTHER	FALSE	1.000000	0.000002		FALSE	FALSE	0	-	-	-	-	-	-
gene_4179	mRNA_4179	OTHER	FALSE	1.000000	0.000000		FALSE	FALSE	0	-	-	-	-	-	-
gene_4180	mRNA_4180	OTHER	FALSE	1.000000	0.000000		FALSE	FALSE	0	-	-	-	-	-	-
gene_4181	mRNA_4181	OTHER	FALSE	1.000000	0.000002		FALSE	FALSE	0	-	-	-	-	-	-
gene_4182	mRNA_4182	OTHER	FALSE	1.000000	0.000000		FALSE	FALSE	0	-	-	-	-	-	-
gene_4183	mRNA_4183	SP	TRUE	0.000287	0.999669	CS pos: 18-19. Pr: 0.9746	TRUE	TRUE	3	3.2.1.6:2	GH16_3(31-286)	GH16_e87(32-287)	GH16_3+GH16_3	GH16_3	beta-glucan
gene_4184	mRNA_4184	OTHER	FALSE	1.000000	0.000002		FALSE	FALSE	0	-	-	-	-	-	-
gene_4185	mRNA_4185	OTHER	FALSE	1.000000	0.000000		FALSE	FALSE	0	-	-	-	-	-	-
gene_4186	mRNA_4186	OTHER	FALSE	1.000000	0.000000		FALSE	FALSE	0	-	-	-	-	-	-
gene_4187	mRNA_4187	OTHER	FALSE	1.000000	0.000000		FALSE	FALSE	0	-	-	-	-	-	-
gene_4188	mRNA_4188	OTHER	FALSE	1.000000	0.000000		TRUE	FALSE	1	-	-	-	GT1	-	-
gene_4189	mRNA_4189	SP	TRUE	0.000276	0.999665	CS pos: 24-25. Pr: 0.9664	FALSE	FALSE	0	-	-	-	-	-	-
gene_4190	mRNA_4190	OTHER	FALSE	1.000000	0.000000		FALSE	FALSE	0	-	-	-	-	-	-
gene_4191	mRNA_4191	OTHER	FALSE	0.999672	0.000317		FALSE	FALSE	0	-	-	-	-	-	-
gene_4192	mRNA_4192	OTHER	FALSE	0.728842	0.271156		FALSE	FALSE	0	-	-	-	-	-	-
gene_4193	mRNA_4193	OTHER	FALSE	1.000000	0.000001		FALSE	FALSE	0	-	-	-	-	-	-
gene_4194	mRNA_4194	OTHER	FALSE	1.000000	0.000001		FALSE	FALSE	0	-	-	-	-	-	-
gene_4195	mRNA_4195	SP	TRUE	0.000504	0.999478	CS pos: 19-20. Pr: 0.8682	TRUE	TRUE	3	-	GH18(23-271)	GH18_e161(25-273)	GH18	GH18_e161	-
gene_4196	mRNA_4196	OTHER	FALSE	0.705490	0.294529		FALSE	FALSE	0	-	-	-	-	-	-
gene_4197	mRNA_4197	OTHER	FALSE	1.000000	0.000000		FALSE	FALSE	0	-	-	-	-	-	-
gene_4198	mRNA_4198	OTHER	FALSE	1.000000	0.000000		TRUE	FALSE	1	-	-	-	GH28	-	-
gene_4199	mRNA_4199	OTHER	FALSE	1.000000	0.000014		FALSE	FALSE	0	-	-	-	-	-	-
gene_4200	mRNA_4200	OTHER	FALSE	1.000000	0.000001		TRUE	FALSE	1	-	-	-	GT7	-	-
gene_4201	mRNA_4201	OTHER	FALSE	1.000000	0.000000		FALSE	FALSE	0	-	-	-	-	-	-
gene_4202	mRNA_4202	SP	TRUE	0.000286	0.999688	CS pos: 20-21. Pr: 0.9717	TRUE	FALSE	1	-	-	-	GH12	-	-
gene_4203	mRNA_4203	OTHER	FALSE	1.000000	0.000000		FALSE	FALSE	0	-	-	-	-	-	-
gene_4204	mRNA_4204	OTHER	FALSE	1.000000	0.000000		FALSE	FALSE	0	-	-	-	-	-	-
gene_4205	mRNA_4205	OTHER	FALSE	1.000000	0.000000		FALSE	FALSE	0	-	-	-	-	-	-
gene_4206	mRNA_4206	OTHER	FALSE	0.836771	0.163238		FALSE	FALSE	0	-	-	-	-	-	-
gene_4207	mRNA_4207	OTHER	FALSE	1.000000	0.000009		FALSE	FALSE	0	-	-	-	-	-	-
gene_4208	mRNA_4208	OTHER	FALSE	1.000000	0.000002		FALSE	FALSE	0	-	-	-	-	-	-
gene_4209	mRNA_4209	OTHER	FALSE	1.000000	0.000000		FALSE	FALSE	0	-	-	-	-	-	-
gene_4210	mRNA_4210	OTHER	FALSE	1.000000	0.000000		FALSE	FALSE	0	-	-	-	-	-	-
gene_4211	mRNA_4211	OTHER	FALSE	1.000000	0.000004		TRUE	TRUE	3	-	GT76(28-490)	GT76_e8(28-490)	GT76	GT76_e8	-
gene_4212	mRNA_4212	OTHER	FALSE	1.000000	0.000013		FALSE	FALSE	0	-	-	-	-	-	-
gene_4213	mRNA_4213	OTHER	FALSE	1.000000	0.000000		FALSE	FALSE	0	-	-	-	-	-	-
gene_4214	mRNA_4214	OTHER	FALSE	1.000000	0.000000		FALSE	FALSE	0	-	-	-	-	-	-
gene_4215	mRNA_4215	SP	TRUE	0.000299	0.999657	CS pos: 16-17. Pr: 0.9795	FALSE	FALSE	0	-	-	-	-	-	-
gene_4216	mRNA_4216	OTHER	FALSE	1.000000	0.000000		FALSE	FALSE	0	-	-	-	-	-	-
gene_4217	mRNA_4217	OTHER	FALSE	1.000000	0.000000		FALSE	FALSE	0	-	-	-	-	-	-
gene_4218	mRNA_4218	OTHER	FALSE	0.894171	0.105851		FALSE	FALSE	0	-	-	-	-	-	-
gene_4219	mRNA_4219	OTHER	FALSE	1.000000	0.000001		FALSE	FALSE	0	-	-	-	-	-	-
gene_4220	mRNA_4220	OTHER	FALSE	1.000000	0.000000		TRUE	FALSE	1	-	-	-	GT33	-	-
gene_4221	mRNA_4221	OTHER	FALSE	1.000000	0.000000		TRUE	FALSE	1	-	-	-	GT32	-	-
gene_4222	mRNA_4222	OTHER	FALSE	0.999831	0.000192		FALSE	FALSE	0	-	-	-	-	-	-
gene_4223	mRNA_4223	OTHER	FALSE	0.999949	0.000105		FALSE	FALSE	0	-	-	-	-	-	-
gene_4224	mRNA_4224	OTHER	FALSE	1.000000	0.000000		FALSE	FALSE	0	-	-	-	-	-	-
gene_4225	mRNA_4225	OTHER	FALSE	1.000000	0.000000		FALSE	FALSE	0	-	-	-	-	-	-
gene_4226	mRNA_4226	OTHER	FALSE	1.000000	0.000000		FALSE	FALSE	0	-	-	-	-	-	-
gene_4227	mRNA_4227	OTHER	FALSE	1.000000	0.000000		FALSE	FALSE	0	-	-	-	-	-	-
gene_4228	mRNA_4228	OTHER	FALSE	0.832908	0.167091		FALSE	FALSE	0	-	-	-	-	-	-
gene_4229	mRNA_4229	OTHER	FALSE	1.000000	0.000000		FALSE	FALSE	0	-	-	-	-	-	-
gene_4230	mRNA_4230	SP	TRUE	0.001170	0.998802	CS pos: 28-29. Pr: 0.9686	FALSE	FALSE	0	-	-	-	-	-	-
gene_4231	mRNA_4231	OTHER	FALSE	1.000000	0.000001		FALSE	FALSE	0	-	-	-	-	-	-
gene_4232	mRNA_4232	OTHER	FALSE	0.999946	0.000060		FALSE	FALSE	0	-	-	-	-	-	-
gene_4233	mRNA_4233	OTHER	FALSE	1.000000	0.000004		FALSE	FALSE	0	-	-	-	-	-	-
gene_4234	mRNA_4234	SP	TRUE	0.144760	0.855232	CS pos: 24-25. Pr: 0.7474	FALSE	FALSE	0	-	-	-	-	-	-
gene_4235	mRNA_4235	OTHER	FALSE	1.000000	0.000000		FALSE	FALSE	0	-	-	-	-	-	-
gene_4236	mRNA_4236	OTHER	FALSE	1.000000	0.000000		FALSE	FALSE	0	-	-	-	-	-	-
gene_4237	mRNA_4237	OTHER	FALSE	1.000000	0.000000		FALSE	FALSE	0	-	-	-	-	-	-
gene_4238	mRNA_4238	OTHER	FALSE	1.000000	0.000000		FALSE	FALSE	0	-	-	-	-	-	-
gene_4239	mRNA_4239	OTHER	FALSE	1.000000	0.000000		TRUE	FALSE	1	-	-	-	GH130_3	-	-
gene_4240	mRNA_4240	SP	TRUE	0.000296	0.999703	CS pos: 18-19. Pr: 0.9801	FALSE	FALSE	0	-	-	-	-	-	-
gene_4241	mRNA_4241	OTHER	FALSE	1.000000	0.000000		TRUE	FALSE	1	-	-	-	CBM48	-	-
gene_4242	mRNA_4242	OTHER	FALSE	1.000000	0.000000		FALSE	FALSE	0	-	-	-	-	-	-
gene_4243	mRNA_4243	OTHER	FALSE	1.000000	0.000000		FALSE	FALSE	0	-	-	-	-	-	-
gene_4244	mRNA_4244	OTHER	FALSE	0.999992	0.000072		FALSE	FALSE	0	-	-	-	-	-	-
gene_4245	mRNA_4245	OTHER	FALSE	1.000000	0.000020		FALSE	FALSE	0	-	-	-	-	-	-
gene_4246	mRNA_4246	OTHER	FALSE	1.000000	0.000001		FALSE	FALSE	0	-	-	-	-	-	-
gene_4247	mRNA_4247	OTHER	FALSE	1.000000	0.000000		FALSE	FALSE	0	-	-	-	-	-	-
gene_4248	mRNA_4248	SP	TRUE	0.000277	0.999682	CS pos: 18-19. Pr: 0.9932	FALSE	FALSE	0	-	-	-	-	-	-
gene_4249	mRNA_4249	OTHER	FALSE	1.000000	0.000002		TRUE	FALSE	1	-	-	-	GH16_22+GH16_22	-	-
gene_4250	mRNA_4250	OTHER	FALSE	1.000000	0.000000		FALSE	FALSE	0	-	-	-	-	-	-
gene_4251	mRNA_4251	OTHER	FALSE	0.999943	0.000059		FALSE	FALSE	0	-	-	-	-	-	-
gene_4252	mRNA_4252	OTHER	FALSE	1.000000	0.000000		FALSE	FALSE	0	-	-	-	-	-	-
gene_4253	mRNA_4253	OTHER	FALSE	1.000000	0.000000		FALSE	FALSE	0	-	-	-	-	-	-
gene_4254	mRNA_4254	OTHER	FALSE	1.000000	0.000004		FALSE	FALSE	0	-	-	-	-	-	-
gene_4255	mRNA_4255	OTHER	FALSE	1.000000	0.000026		FALSE	FALSE	0	-	-	-	-	-	-
gene_4256	mRNA_4256	OTHER	FALSE	1.000000	0.000001		FALSE	FALSE	0	-	-	-	-	-	-
gene_4257	mRNA_4257	OTHER	FALSE	1.000000	0.000001		TRUE	FALSE	1	-	-	-	GT22	-	-
gene_4258	mRNA_4258	OTHER	FALSE	1.000000	0.000000		TRUE	FALSE	1	-	-	-	GT22	-	-
gene_4259	mRNA_4259	OTHER	FALSE	1.000000	0.000001		FALSE	FALSE	0	-	-	-	-	-	-
gene_4260	mRNA_4260	OTHER	FALSE	1.000000	0.000002		FALSE	FALSE	0	-	-	-	-	-	-
gene_4261	mRNA_4261	OTHER	FALSE	1.000000	0.000001		FALSE	FALSE	0	-	-	-	-	-	-
gene_4262	mRNA_4262	OTHER	FALSE	1.000000	0.000002		FALSE	FALSE	0	-	-	-	-	-	-
gene_4263	mRNA_4263	OTHER	FALSE	1.000000	0.000000		FALSE	FALSE	0	-	-	-	-	-	-
gene_4264	mRNA_4264	OTHER	FALSE	1.000000	0.000000		FALSE	FALSE	0	-	-	-	-	-	-
gene_4265	mRNA_4265	OTHER	FALSE	1.000000	0.000004		TRUE	TRUE	3	-	AA8(14-173)	AA8_e6(14-175)	AA0	AA8_e6	lignin
gene_4266	mRNA_4266	OTHER	FALSE	1.000000	0.000000		FALSE	FALSE	0	-	-	-	-	-	-
gene_4267	mRNA_4267	OTHER	FALSE	1.000000	0.000023		FALSE	FALSE	0	-	-	-	-	-	-
gene_4268	mRNA_4268	OTHER	FALSE	1.000000	0.000000		FALSE	FALSE	0	-	-	-	-	-	-
gene_4269	mRNA_4269	OTHER	FALSE	1.000000	0.000000		FALSE	FALSE	0	-	-	-	-	-	-
gene_4270	mRNA_4270	OTHER	FALSE	1.000000	0.000000		FALSE	FALSE	0	-	-	-	-	-	-
gene_4271	mRNA_4271	OTHER	FALSE	0.999802	0.000241		FALSE	FALSE	0	-	-	-	-	-	-
gene_4272	mRNA_4272	OTHER	FALSE	1.000000	0.000000		FALSE	FALSE	0	-	-	-	-	-	-
gene_4273	mRNA_4273	OTHER	FALSE	0.998881	0.001161		FALSE	FALSE	0	-	-	-	-	-	-
gene_4274	mRNA_4274	OTHER	FALSE	1.000000	0.000002		FALSE	FALSE	0	-	-	-	-	-	-
gene_4275	mRNA_4275	OTHER	FALSE	1.000000	0.000000		TRUE	FALSE	1	-	-	-	GT1	-	-
gene_4276	mRNA_4276	OTHER	FALSE	1.000000	0.000000		FALSE	FALSE	0	-	-	-	-	-	-
gene_4277	mRNA_4277	OTHER	FALSE	1.000000	0.000009		TRUE	FALSE	1	-	-	-	GH0	-	-
gene_4278	mRNA_4278	OTHER	FALSE	0.999305	0.000708		FALSE	FALSE	0	-	-	-	-	-	-
gene_4279	mRNA_4279	OTHER	FALSE	1.000000	0.000000		TRUE	FALSE	1	-	-	-	GT1	-	-
gene_4280	mRNA_4280	OTHER	FALSE	1.000000	0.000000		TRUE	FALSE	1	-	-	-	GH45_1+GH45_1	-	-
gene_4281	mRNA_4281	OTHER	FALSE	1.000000	0.000000		FALSE	FALSE	0	-	-	-	-	-	-
gene_4282	mRNA_4282	SP	TRUE	0.009478	0.990481	CS pos: 39-40. Pr: 0.9278	FALSE	FALSE	0	-	-	-	-	-	-
gene_4283	mRNA_4283	OTHER	FALSE	0.999981	0.000049		FALSE	FALSE	0	-	-	-	-	-	-
gene_4284	mRNA_4284	OTHER	FALSE	1.000000	0.000000		FALSE	FALSE	0	-	-	-	-	-	-
gene_4285	mRNA_4285	OTHER	FALSE	1.000000	0.000000		FALSE	FALSE	0	-	-	-	-	-	-
gene_4286	mRNA_4286	OTHER	FALSE	1.000000	0.000000		TRUE	TRUE	3	2.4.1.132:6;2.4.1.257:6	GT4(257-424)	GT4_e2823(259-426)	GT4	GT4_e2823	-
gene_4287	mRNA_4287	OTHER	FALSE	1.000000	0.000010		FALSE	FALSE	0	-	-	-	-	-	-
gene_4288	mRNA_4288	OTHER	FALSE	1.000000	0.000001		TRUE	FALSE	1	-	-	-	GH20	-	-
gene_4289	mRNA_4289	OTHER	FALSE	0.994272	0.005711		FALSE	FALSE	0	-	-	-	-	-	-
gene_4290	mRNA_4290	OTHER	FALSE	1.000000	0.000000		FALSE	FALSE	0	-	-	-	-	-	-
gene_4291	mRNA_4291	OTHER	FALSE	1.000000	0.000011		FALSE	FALSE	0	-	-	-	-	-	-
gene_4292	mRNA_4292	SP	TRUE	0.276023	0.723965	CS pos: 27-28. Pr: 0.2708	TRUE	FALSE	1	-	-	-	GH13_5+GH13_5	-	-
gene_4293	mRNA_4293	OTHER	FALSE	0.992996	0.007023		FALSE	FALSE	0	-	-	-	-	-	-
gene_4294	mRNA_4294	OTHER	FALSE	1.000000	0.000000		FALSE	FALSE	0	-	-	-	-	-	-
gene_4295	mRNA_4295	OTHER	FALSE	0.999250	0.000795		FALSE	FALSE	0	-	-	-	-	-	-
gene_4296	mRNA_4296	OTHER	FALSE	1.000000	0.000001		FALSE	FALSE	0	-	-	-	-	-	-
gene_4297	mRNA_4297	OTHER	FALSE	1.000000	0.000000		FALSE	FALSE	0	-	-	-	-	-	-
gene_4298	mRNA_4298	OTHER	FALSE	0.999898	0.000101		FALSE	FALSE	0	-	-	-	-	-	-
gene_4299	mRNA_4299	OTHER	FALSE	1.000000	0.000000		FALSE	FALSE	0	-	-	-	-	-	-
gene_4300	mRNA_4300	OTHER	FALSE	1.000000	0.000000		FALSE	FALSE	0	-	-	-	-	-	-
gene_4301	mRNA_4301	OTHER	FALSE	1.000000	0.000000		TRUE	FALSE	1	-	-	-	GH2_10+GH2_10	-	-
gene_4302	mRNA_4302	OTHER	FALSE	1.000000	0.000001		FALSE	FALSE	0	-	-	-	-	-	-
gene_4303	mRNA_4303	OTHER	FALSE	1.000000	0.000000		TRUE	FALSE	1	-	-	-	GH71	-	-
gene_4304	mRNA_4304	OTHER	FALSE	1.000000	0.000001		FALSE	FALSE	0	-	-	-	-	-	-
gene_4305	mRNA_4305	OTHER	FALSE	1.000000	0.000013		FALSE	FALSE	0	-	-	-	-	-	-
gene_4306	mRNA_4306	OTHER	FALSE	1.000000	0.000002		FALSE	FALSE	0	-	-	-	-	-	-
gene_4307	mRNA_4307	OTHER	FALSE	1.000000	0.000007		FALSE	FALSE	0	-	-	-	-	-	-
gene_4308	mRNA_4308	OTHER	FALSE	1.000000	0.000000		FALSE	FALSE	0	-	-	-	-	-	-
gene_4309	mRNA_4309	OTHER	FALSE	1.000000	0.000001		FALSE	FALSE	0	-	-	-	-	-	-
gene_4310	mRNA_4310	OTHER	FALSE	1.000000	0.000000		FALSE	FALSE	0	-	-	-	-	-	-
gene_4311	mRNA_4311	OTHER	FALSE	1.000000	0.000000		FALSE	FALSE	0	-	-	-	-	-	-
gene_4312	mRNA_4312	OTHER	FALSE	1.000000	0.000001		FALSE	FALSE	0	-	-	-	-	-	-
gene_4313	mRNA_4313	OTHER	FALSE	0.999847	0.000176		FALSE	FALSE	0	-	-	-	-	-	-
gene_4314	mRNA_4314	OTHER	FALSE	0.999198	0.000837		FALSE	FALSE	0	-	-	-	-	-	-
gene_4315	mRNA_4315	SP	TRUE	0.000200	0.999765	CS pos: 17-18. Pr: 0.9882	FALSE	FALSE	0	-	-	-	-	-	-
gene_4316	mRNA_4316	OTHER	FALSE	1.000000	0.000001		TRUE	FALSE	1	-	-	-	GH55_2+GH55_2	-	-
gene_4317	mRNA_4317	OTHER	FALSE	1.000000	0.000000		FALSE	FALSE	0	-	-	-	-	-	-
gene_4318	mRNA_4318	SP	TRUE	0.000240	0.999727	CS pos: 17-18. Pr: 0.9803	FALSE	FALSE	0	-	-	-	-	-	-
gene_4319	mRNA_4319	OTHER	FALSE	1.000000	0.000001		FALSE	FALSE	0	-	-	-	-	-	-
gene_4320	mRNA_4320	OTHER	FALSE	1.000000	0.000000		FALSE	FALSE	0	-	-	-	-	-	-
gene_4321	mRNA_4321	OTHER	FALSE	0.996320	0.003716		FALSE	FALSE	0	-	-	-	-	-	-
gene_4322	mRNA_4322	OTHER	FALSE	1.000000	0.000000		TRUE	FALSE	1	-	-	-	GT31	-	-
gene_4323	mRNA_4323	OTHER	FALSE	0.999384	0.000636		FALSE	FALSE	0	-	-	-	-	-	-
gene_4324	mRNA_4324	SP	TRUE	0.000276	0.999704	CS pos: 17-18. Pr: 0.9645	FALSE	FALSE	0	-	-	-	-	-	-
gene_4325	mRNA_4325	SP	TRUE	0.002309	0.997654	CS pos: 31-32. Pr: 0.8439	TRUE	TRUE	3	3.2.1.177:12	GH31(262-692)	GH31_e31(262-692)	GH31	GH31_e31	xyloglucan
gene_4326	mRNA_4326	OTHER	FALSE	1.000000	0.000014		FALSE	FALSE	0	-	-	-	-	-	-
gene_4327	mRNA_4327	OTHER	FALSE	0.999722	0.000288		FALSE	FALSE	0	-	-	-	-	-	-
gene_4328	mRNA_4328	OTHER	FALSE	0.999493	0.000501		FALSE	FALSE	0	-	-	-	-	-	-
gene_4329	mRNA_4329	OTHER	FALSE	1.000000	0.000000		FALSE	FALSE	0	-	-	-	-	-	-
gene_4330	mRNA_4330	SP	TRUE	0.000412	0.999532	CS pos: 20-21. Pr: 0.9720	TRUE	TRUE	3	1.14.99.54:2;1.14.99.56:2	AA9(10-234)	AA9_e20(12-234)	CBM1+AA9	AA9_e20	cellulose
gene_4331	mRNA_4331	OTHER	FALSE	1.000000	0.000001		TRUE	FALSE	1	-	-	-	AA1	-	-
gene_4332	mRNA_4332	OTHER	FALSE	1.000000	0.000002		TRUE	FALSE	1	-	-	-	CE1	-	-
gene_4333	mRNA_4333	SP	TRUE	0.000230	0.999755	CS pos: 31-32. Pr: 0.9769	FALSE	FALSE	0	-	-	-	-	-	-
gene_4334	mRNA_4334	OTHER	FALSE	0.790793	0.209188		TRUE	FALSE	1	-	-	-	GT1	-	-
gene_4335	mRNA_4335	OTHER	FALSE	1.000000	0.000002		FALSE	FALSE	0	-	-	-	-	-	-
gene_4336	mRNA_4336	OTHER	FALSE	1.000000	0.000000		FALSE	FALSE	0	-	-	-	-	-	-
gene_4337	mRNA_4337	OTHER	FALSE	1.000000	0.000008		TRUE	FALSE	1	-	-	-	GT0	-	-
gene_4338	mRNA_4338	OTHER	FALSE	1.000000	0.000003		FALSE	FALSE	0	-	-	-	-	-	-
gene_4339	mRNA_4339	OTHER	FALSE	1.000000	0.000002		FALSE	FALSE	0	-	-	-	-	-	-
gene_4340	mRNA_4340	OTHER	FALSE	1.000000	0.000000		TRUE	FALSE	1	-	-	-	GT22	-	-
gene_4341	mRNA_4341	OTHER	FALSE	1.000000	0.000004		TRUE	FALSE	1	-	-	-	AA3_3+AA3_3	-	-
gene_4342	mRNA_4342	OTHER	FALSE	0.999922	0.000143		FALSE	FALSE	0	-	-	-	-	-	-
gene_4343	mRNA_4343	OTHER	FALSE	1.000000	0.000000		FALSE	FALSE	0	-	-	-	-	-	-
gene_4344	mRNA_4344	OTHER	FALSE	0.999935	0.000091		TRUE	FALSE	1	-	-	-	GH16_22	-	-
gene_4345	mRNA_4345	OTHER	FALSE	1.000000	0.000000		FALSE	FALSE	0	-	-	-	-	-	-
gene_4346	mRNA_4346	OTHER	FALSE	1.000000	0.000002		TRUE	FALSE	1	-	-	-	GT2	-	-
gene_4347	mRNA_4347	OTHER	FALSE	1.000000	0.000000		FALSE	FALSE	0	-	-	-	-	-	-
gene_4348	mRNA_4348	OTHER	FALSE	1.000000	0.000000		FALSE	FALSE	0	-	-	-	-	-	-
gene_4349	mRNA_4349	OTHER	FALSE	0.999785	0.000276		FALSE	FALSE	0	-	-	-	-	-	-
gene_4350	mRNA_4350	OTHER	FALSE	1.000000	0.000000		FALSE	FALSE	0	-	-	-	-	-	-
gene_4351	mRNA_4351	OTHER	FALSE	1.000000	0.000000		FALSE	FALSE	0	-	-	-	-	-	-
gene_4352	mRNA_4352	OTHER	FALSE	1.000000	0.000000		FALSE	FALSE	0	-	-	-	-	-	-
gene_4353	mRNA_4353	OTHER	FALSE	1.000000	0.000011		FALSE	FALSE	0	-	-	-	-	-	-
gene_4354	mRNA_4354	OTHER	FALSE	1.000000	0.000000		FALSE	FALSE	0	-	-	-	-	-	-
gene_4355	mRNA_4355	OTHER	FALSE	1.000000	0.000001		FALSE	FALSE	0	-	-	-	-	-	-
gene_4356	mRNA_4356	OTHER	FALSE	1.000000	0.000000		FALSE	FALSE	0	-	-	-	-	-	-
gene_4357	mRNA_4357	OTHER	FALSE	0.999695	0.000333		FALSE	FALSE	0	-	-	-	-	-	-
gene_4358	mRNA_4358	OTHER	FALSE	1.000000	0.000000		FALSE	FALSE	0	-	-	-	-	-	-
gene_4359	mRNA_4359	OTHER	FALSE	0.999983	0.000001		FALSE	FALSE	0	-	-	-	-	-	-
gene_4360	mRNA_4360	OTHER	FALSE	1.000000	0.000001		FALSE	FALSE	0	-	-	-	-	-	-
gene_4361	mRNA_4361	OTHER	FALSE	1.000000	0.000000		FALSE	FALSE	0	-	-	-	-	-	-
gene_4362	mRNA_4362	SP	TRUE	0.022846	0.977122	CS pos: 12-13. Pr: 0.9208	FALSE	FALSE	0	-	-	-	-	-	-
gene_4363	mRNA_4363	OTHER	FALSE	1.000000	0.000000		FALSE	FALSE	0	-	-	-	-	-	-
gene_4364	mRNA_4364	OTHER	FALSE	1.000000	0.000000		FALSE	FALSE	0	-	-	-	-	-	-
gene_4365	mRNA_4365	OTHER	FALSE	1.000000	0.000001		FALSE	FALSE	0	-	-	-	-	-	-
gene_4366	mRNA_4366	OTHER	FALSE	1.000000	0.000000		FALSE	FALSE	0	-	-	-	-	-	-
gene_4367	mRNA_4367	OTHER	FALSE	1.000000	0.000000		FALSE	FALSE	0	-	-	-	-	-	-
gene_4368	mRNA_4368	OTHER	FALSE	1.000000	0.000000		TRUE	FALSE	1	-	-	-	GT95	-	-
gene_4369	mRNA_4369	OTHER	FALSE	1.000000	0.000000		FALSE	FALSE	0	-	-	-	-	-	-
gene_4370	mRNA_4370	OTHER	FALSE	0.999970	0.000031		FALSE	FALSE	0	-	-	-	-	-	-
gene_4371	mRNA_4371	OTHER	FALSE	1.000000	0.000000		FALSE	FALSE	0	-	-	-	-	-	-
gene_4372	mRNA_4372	OTHER	FALSE	1.000000	0.000003		FALSE	FALSE	0	-	-	-	-	-	-
gene_4373	mRNA_4373	OTHER	FALSE	1.000000	0.000001		FALSE	FALSE	0	-	-	-	-	-	-
gene_4374	mRNA_4374	OTHER	FALSE	1.000000	0.000000		FALSE	FALSE	0	-	-	-	-	-	-
gene_4375	mRNA_4375	OTHER	FALSE	1.000000	0.000000		FALSE	FALSE	0	-	-	-	-	-	-
gene_4376	mRNA_4376	OTHER	FALSE	1.000000	0.000000		FALSE	FALSE	0	-	-	-	-	-	-
gene_4377	mRNA_4377	OTHER	FALSE	1.000000	0.000000		TRUE	FALSE	1	-	-	-	GH5_12	-	-
gene_4378	mRNA_4378	OTHER	FALSE	0.999991	0.000056		FALSE	FALSE	0	-	-	-	-	-	-
gene_4379	mRNA_4379	OTHER	FALSE	1.000000	0.000000		FALSE	FALSE	0	-	-	-	-	-	-
gene_4380	mRNA_4380	SP	TRUE	0.000740	0.999222	CS pos: 34-35. Pr: 0.9403	TRUE	FALSE	1	-	-	-	GH5_7+GH5_7+CBM1	-	-
gene_4381	mRNA_4381	OTHER	FALSE	1.000000	0.000002		TRUE	TRUE	3	2.4.1.131:1	GT4(381-544)	GT4_e1364(383-544)	GT4	GT4_e1364	-
gene_4382	mRNA_4382	OTHER	FALSE	1.000000	0.000000		FALSE	FALSE	0	-	-	-	-	-	-
gene_4383	mRNA_4383	OTHER	FALSE	1.000000	0.000000		FALSE	FALSE	0	-	-	-	-	-	-
gene_4384	mRNA_4384	OTHER	FALSE	1.000000	0.000001		FALSE	FALSE	0	-	-	-	-	-	-
gene_4385	mRNA_4385	OTHER	FALSE	1.000000	0.000022		FALSE	FALSE	0	-	-	-	-	-	-
gene_4386	mRNA_4386	OTHER	FALSE	1.000000	0.000000		TRUE	TRUE	3	-|-	GT2(263-425)+GT2(403-636)	GT2(264-427)+GT2(454-701)	GT2	GT2|GT2	-
gene_4387	mRNA_4387	OTHER	FALSE	1.000000	0.000000		FALSE	FALSE	0	-	-	-	-	-	-
gene_4388	mRNA_4388	OTHER	FALSE	1.000000	0.000000		FALSE	FALSE	0	-	-	-	-	-	-
gene_4389	mRNA_4389	OTHER	FALSE	0.762612	0.237397		FALSE	FALSE	0	-	-	-	-	-	-
gene_4390	mRNA_4390	OTHER	FALSE	1.000000	0.000000		FALSE	FALSE	0	-	-	-	-	-	-
gene_4391	mRNA_4391	OTHER	FALSE	1.000000	0.000000		FALSE	FALSE	0	-	-	-	-	-	-
gene_4392	mRNA_4392	OTHER	FALSE	1.000000	0.000000		FALSE	FALSE	0	-	-	-	-	-	-
gene_4393	mRNA_4393	OTHER	FALSE	1.000000	0.000000		FALSE	FALSE	0	-	-	-	-	-	-
gene_4394	mRNA_4394	OTHER	FALSE	1.000000	0.000000		FALSE	FALSE	0	-	-	-	-	-	-
gene_4395	mRNA_4395	OTHER	FALSE	1.000000	0.000000		FALSE	FALSE	0	-	-	-	-	-	-
gene_4396	mRNA_4396	OTHER	FALSE	1.000000	0.000001		FALSE	FALSE	0	-	-	-	-	-	-
gene_4397	mRNA_4397	OTHER	FALSE	1.000000	0.000000		FALSE	FALSE	0	-	-	-	-	-	-
gene_4398	mRNA_4398	OTHER	FALSE	1.000000	0.000000		FALSE	FALSE	0	-	-	-	-	-	-
gene_4399	mRNA_4399	OTHER	FALSE	1.000000	0.000001		FALSE	FALSE	0	-	-	-	-	-	-
gene_4400	mRNA_4400	OTHER	FALSE	1.000000	0.000000		FALSE	FALSE	0	-	-	-	-	-	-
gene_4401	mRNA_4401	OTHER	FALSE	1.000000	0.000013		FALSE	FALSE	0	-	-	-	-	-	-
gene_4402	mRNA_4402	OTHER	FALSE	1.000000	0.000000		FALSE	FALSE	0	-	-	-	-	-	-
gene_4403	mRNA_4403	OTHER	FALSE	1.000000	0.000000		FALSE	FALSE	0	-	-	-	-	-	-
gene_4404	mRNA_4404	OTHER	FALSE	1.000000	0.000000		TRUE	FALSE	1	-	-	-	GH89	-	-
gene_4405	mRNA_4405	OTHER	FALSE	1.000000	0.000000		FALSE	FALSE	0	-	-	-	-	-	-
gene_4406	mRNA_4406	OTHER	FALSE	1.000000	0.000000		FALSE	FALSE	0	-	-	-	-	-	-
gene_4407	mRNA_4407	OTHER	FALSE	0.999788	0.000220		TRUE	TRUE	3	-	GT32(107-186)	GT32_e69(109-186)	GT32	GT32_e69	-
gene_4408	mRNA_4408	OTHER	FALSE	1.000000	0.000002		TRUE	FALSE	1	-	-	-	AA7	-	-
gene_4409	mRNA_4409	SP	TRUE	0.000804	0.999182	CS pos: 22-23. Pr: 0.9473	FALSE	FALSE	0	-	-	-	-	-	-
gene_4410	mRNA_4410	OTHER	FALSE	0.999991	0.000000		FALSE	FALSE	0	-	-	-	-	-	-
gene_4411	mRNA_4411	OTHER	FALSE	1.000000	0.000000		FALSE	FALSE	0	-	-	-	-	-	-
gene_4412	mRNA_4412	OTHER	FALSE	1.000000	0.000002		FALSE	FALSE	0	-	-	-	-	-	-
gene_4413	mRNA_4413	OTHER	FALSE	1.000000	0.000021		FALSE	FALSE	0	-	-	-	-	-	-
gene_4414	mRNA_4414	OTHER	FALSE	1.000000	0.000002		FALSE	FALSE	0	-	-	-	-	-	-
gene_4415	mRNA_4415	OTHER	FALSE	1.000000	0.000000		FALSE	FALSE	0	-	-	-	-	-	-
gene_4416	mRNA_4416	OTHER	FALSE	1.000000	0.000000		FALSE	FALSE	0	-	-	-	-	-	-
gene_4417	mRNA_4417	OTHER	FALSE	1.000000	0.000000		FALSE	FALSE	0	-	-	-	-	-	-
gene_4418	mRNA_4418	OTHER	FALSE	1.000000	0.000000		FALSE	FALSE	0	-	-	-	-	-	-
gene_4419	mRNA_4419	OTHER	FALSE	1.000000	0.000006		FALSE	FALSE	0	-	-	-	-	-	-
gene_4420	mRNA_4420	OTHER	FALSE	1.000000	0.000000		FALSE	FALSE	0	-	-	-	-	-	-
gene_4421	mRNA_4421	OTHER	FALSE	1.000000	0.000000		FALSE	FALSE	0	-	-	-	-	-	-
gene_4422	mRNA_4422	OTHER	FALSE	1.000000	0.000000		TRUE	FALSE	1	-	-	-	CE16	-	-
gene_4423	mRNA_4423	OTHER	FALSE	1.000000	0.000000		FALSE	FALSE	0	-	-	-	-	-	-
gene_4424	mRNA_4424	OTHER	FALSE	1.000000	0.000011		TRUE	FALSE	1	-	-	-	AA3_2+AA3_2	-	-
gene_4425	mRNA_4425	OTHER	FALSE	1.000000	0.000000		FALSE	FALSE	0	-	-	-	-	-	-
gene_4426	mRNA_4426	OTHER	FALSE	1.000000	0.000001		FALSE	FALSE	0	-	-	-	-	-	-
gene_4427	mRNA_4427	OTHER	FALSE	1.000000	0.000000		TRUE	FALSE	1	-	-	-	PL1_7+PL1_7	-	-
gene_4428	mRNA_4428	OTHER	FALSE	1.000000	0.000000		FALSE	FALSE	0	-	-	-	-	-	-
gene_4429	mRNA_4429	OTHER	FALSE	1.000000	0.000000		FALSE	FALSE	0	-	-	-	-	-	-
gene_4430	mRNA_4430	OTHER	FALSE	0.999370	0.000653		FALSE	FALSE	0	-	-	-	-	-	-
gene_4431	mRNA_4431	OTHER	FALSE	1.000000	0.000000		FALSE	FALSE	0	-	-	-	-	-	-
gene_4432	mRNA_4432	OTHER	FALSE	1.000000	0.000001		FALSE	FALSE	0	-	-	-	-	-	-
gene_4433	mRNA_4433	OTHER	FALSE	1.000000	0.000000		FALSE	FALSE	0	-	-	-	-	-	-
gene_4434	mRNA_4434	OTHER	FALSE	1.000000	0.000000		FALSE	FALSE	0	-	-	-	-	-	-
gene_4435	mRNA_4435	OTHER	FALSE	1.000000	0.000000		FALSE	FALSE	0	-	-	-	-	-	-
gene_4436	mRNA_4436	OTHER	FALSE	1.000000	0.000000		FALSE	FALSE	0	-	-	-	-	-	-
gene_4437	mRNA_4437	OTHER	FALSE	1.000000	0.000000		FALSE	FALSE	0	-	-	-	-	-	-
gene_4438	mRNA_4438	SP	TRUE	0.000326	0.999644	CS pos: 18-19. Pr: 0.9765	FALSE	FALSE	0	-	-	-	-	-	-
gene_4439	mRNA_4439	OTHER	FALSE	1.000000	0.000000		FALSE	FALSE	0	-	-	-	-	-	-
gene_4440	mRNA_4440	SP	TRUE	0.000309	0.999671	CS pos: 19-20. Pr: 0.9709	FALSE	FALSE	0	-	-	-	-	-	-
gene_4441	mRNA_4441	OTHER	FALSE	1.000000	0.000000		FALSE	FALSE	0	-	-	-	-	-	-
gene_4442	mRNA_4442	SP	TRUE	0.000207	0.999778	CS pos: 19-20. Pr: 0.9812	FALSE	FALSE	0	-	-	-	-	-	-
gene_4443	mRNA_4443	OTHER	FALSE	1.000000	0.000000		FALSE	FALSE	0	-	-	-	-	-	-
gene_4444	mRNA_4444	OTHER	FALSE	1.000000	0.000003		FALSE	FALSE	0	-	-	-	-	-	-
gene_4445	mRNA_4445	OTHER	FALSE	0.999927	0.000069		FALSE	FALSE	0	-	-	-	-	-	-
gene_4446	mRNA_4446	OTHER	FALSE	1.000000	0.000008		FALSE	FALSE	0	-	-	-	-	-	-
gene_4447	mRNA_4447	OTHER	FALSE	1.000000	0.000000		FALSE	FALSE	0	-	-	-	-	-	-
gene_4448	mRNA_4448	OTHER	FALSE	1.000000	0.000002		FALSE	FALSE	0	-	-	-	-	-	-
gene_4449	mRNA_4449	OTHER	FALSE	1.000000	0.000000		FALSE	FALSE	0	-	-	-	-	-	-
gene_4450	mRNA_4450	OTHER	FALSE	1.000000	0.000000		FALSE	FALSE	0	-	-	-	-	-	-
gene_4451	mRNA_4451	OTHER	FALSE	1.000000	0.000000		TRUE	FALSE	1	-	-	-	GT50	-	-
gene_4452	mRNA_4452	OTHER	FALSE	1.000000	0.000000		FALSE	FALSE	0	-	-	-	-	-	-
gene_4453	mRNA_4453	OTHER	FALSE	1.000000	0.000001		TRUE	FALSE	1	-	-	-	GT17	-	-
gene_4454	mRNA_4454	OTHER	FALSE	1.000000	0.000003		FALSE	FALSE	0	-	-	-	-	-	-
gene_4455	mRNA_4455	OTHER	FALSE	1.000000	0.000002		FALSE	FALSE	0	-	-	-	-	-	-
gene_4456	mRNA_4456	OTHER	FALSE	1.000000	0.000009		FALSE	FALSE	0	-	-	-	-	-	-
gene_4457	mRNA_4457	OTHER	FALSE	1.000000	0.000000		TRUE	FALSE	1	-	-	-	GH24	-	-
gene_4458	mRNA_4458	OTHER	FALSE	1.000000	0.000000		FALSE	FALSE	0	-	-	-	-	-	-
gene_4459	mRNA_4459	OTHER	FALSE	1.000000	0.000000		FALSE	FALSE	0	-	-	-	-	-	-
gene_4460	mRNA_4460	SP	TRUE	0.000260	0.999692	CS pos: 18-19. Pr: 0.9756	FALSE	FALSE	0	-	-	-	-	-	-
gene_4461	mRNA_4461	OTHER	FALSE	1.000000	0.000000		FALSE	FALSE	0	-	-	-	-	-	-
gene_4462	mRNA_4462	OTHER	FALSE	1.000000	0.000004		FALSE	FALSE	0	-	-	-	-	-	-
gene_4463	mRNA_4463	OTHER	FALSE	1.000000	0.000000		FALSE	FALSE	0	-	-	-	-	-	-
gene_4464	mRNA_4464	OTHER	FALSE	1.000000	0.000000		FALSE	FALSE	0	-	-	-	-	-	-
gene_4465	mRNA_4465	OTHER	FALSE	0.999909	0.000159		TRUE	TRUE	3	-	AA11(2-174)	AA11_e8(1-175)	AA11	AA11_e8	chitin
gene_4466	mRNA_4466	OTHER	FALSE	1.000000	0.000000		FALSE	FALSE	0	-	-	-	-	-	-
gene_4467	mRNA_4467	OTHER	FALSE	1.000000	0.000000		FALSE	FALSE	0	-	-	-	-	-	-
gene_4468	mRNA_4468	OTHER	FALSE	1.000000	0.000000		FALSE	FALSE	0	-	-	-	-	-	-
gene_4469	mRNA_4469	OTHER	FALSE	1.000000	0.000000		FALSE	FALSE	0	-	-	-	-	-	-
gene_4470	mRNA_4470	OTHER	FALSE	0.999760	0.000249		TRUE	TRUE	3	2.4.1.109:8	GT39(64-308)	GT39_e12(65-309)	GT39	GT39_e12	-
gene_4471	mRNA_4471	OTHER	FALSE	1.000000	0.000001		FALSE	FALSE	0	-	-	-	-	-	-
gene_4472	mRNA_4472	OTHER	FALSE	0.999987	0.000053		FALSE	FALSE	0	-	-	-	-	-	-
gene_4473	mRNA_4473	OTHER	FALSE	0.999998	0.000000		FALSE	FALSE	0	-	-	-	-	-	-
gene_4474	mRNA_4474	OTHER	FALSE	1.000000	0.000001		FALSE	FALSE	0	-	-	-	-	-	-
gene_4475	mRNA_4475	OTHER	FALSE	0.999336	0.000680		FALSE	FALSE	0	-	-	-	-	-	-
gene_4476	mRNA_4476	OTHER	FALSE	0.938443	0.061591		TRUE	FALSE	1	-	-	-	GH2_10+GH2_10	-	-
gene_4477	mRNA_4477	OTHER	FALSE	1.000000	0.000000		FALSE	FALSE	0	-	-	-	-	-	-
gene_4478	mRNA_4478	SP	TRUE	0.227224	0.772772	CS pos: 26-27. Pr: 0.6032	FALSE	FALSE	0	-	-	-	-	-	-
gene_4479	mRNA_4479	SP	TRUE	0.000236	0.999739	CS pos: 17-18. Pr: 0.9818	FALSE	FALSE	0	-	-	-	-	-	-
gene_4480	mRNA_4480	OTHER	FALSE	1.000000	0.000002		FALSE	FALSE	0	-	-	-	-	-	-
gene_4481	mRNA_4481	OTHER	FALSE	1.000000	0.000004		FALSE	FALSE	0	-	-	-	-	-	-
gene_4482	mRNA_4482	OTHER	FALSE	1.000000	0.000000		FALSE	FALSE	0	-	-	-	-	-	-
gene_4483	mRNA_4483	OTHER	FALSE	1.000000	0.000000		FALSE	FALSE	0	-	-	-	-	-	-
gene_4484	mRNA_4484	OTHER	FALSE	1.000000	0.000001		FALSE	FALSE	0	-	-	-	-	-	-
gene_4485	mRNA_4485	OTHER	FALSE	1.000000	0.000000		FALSE	FALSE	0	-	-	-	-	-	-
gene_4486	mRNA_4486	OTHER	FALSE	1.000000	0.000000		FALSE	FALSE	0	-	-	-	-	-	-
gene_4487	mRNA_4487	OTHER	FALSE	0.999980	0.000037		FALSE	FALSE	0	-	-	-	-	-	-
gene_4488	mRNA_4488	OTHER	FALSE	0.999969	0.000075		FALSE	FALSE	0	-	-	-	-	-	-
gene_4489	mRNA_4489	OTHER	FALSE	1.000000	0.000000		FALSE	FALSE	0	-	-	-	-	-	-
gene_4490	mRNA_4490	SP	TRUE	0.000277	0.999675	CS pos: 21-22. Pr: 0.9748	TRUE	TRUE	3	3.2.1.52:9	GH20(237-582)	GH20_e10(239-583)	GH20	GH20_e10	host glycan
gene_4491	mRNA_4491	OTHER	FALSE	1.000000	0.000001		TRUE	FALSE	1	-	-	-	GH20	-	-
gene_4492	mRNA_4492	OTHER	FALSE	1.000000	0.000000		FALSE	FALSE	0	-	-	-	-	-	-
gene_4493	mRNA_4493	SP	TRUE	0.000472	0.999497	CS pos: 20-21. Pr: 0.8707	TRUE	TRUE	3	-	GH16_18(73-229)	GH16_e274(74-230)	GH16_18+GH16_18	GH16_18	-
gene_4494	mRNA_4494	OTHER	FALSE	1.000000	0.000001		FALSE	FALSE	0	-	-	-	-	-	-
gene_4495	mRNA_4495	OTHER	FALSE	1.000000	0.000000		FALSE	FALSE	0	-	-	-	-	-	-
gene_4496	mRNA_4496	OTHER	FALSE	1.000000	0.000000		TRUE	FALSE	1	-	-	-	GT15	-	-
gene_4497	mRNA_4497	OTHER	FALSE	1.000000	0.000000		FALSE	FALSE	0	-	-	-	-	-	-
gene_4498	mRNA_4498	OTHER	FALSE	1.000000	0.000000		FALSE	FALSE	0	-	-	-	-	-	-
gene_4499	mRNA_4499	OTHER	FALSE	1.000000	0.000000		FALSE	FALSE	0	-	-	-	-	-	-
gene_4500	mRNA_4500	OTHER	FALSE	1.000000	0.000000		FALSE	FALSE	0	-	-	-	-	-	-
gene_4501	mRNA_4501	OTHER	FALSE	1.000000	0.000000		FALSE	FALSE	0	-	-	-	-	-	-
gene_4502	mRNA_4502	OTHER	FALSE	0.999932	0.000091		TRUE	FALSE	1	-	-	-	CE16	-	-
gene_4503	mRNA_4503	OTHER	FALSE	0.998774	0.001246		FALSE	FALSE	0	-	-	-	-	-	-
gene_4504	mRNA_4504	OTHER	FALSE	1.000000	0.000000		FALSE	FALSE	0	-	-	-	-	-	-
gene_4505	mRNA_4505	OTHER	FALSE	1.000000	0.000000		FALSE	FALSE	0	-	-	-	-	-	-
gene_4506	mRNA_4506	OTHER	FALSE	1.000000	0.000000		TRUE	FALSE	1	-	-	-	GH30_3+GH30_3	-	-
gene_4507	mRNA_4507	OTHER	FALSE	1.000000	0.000000		FALSE	FALSE	0	-	-	-	-	-	-
gene_4508	mRNA_4508	OTHER	FALSE	1.000000	0.000000		FALSE	FALSE	0	-	-	-	-	-	-
gene_4509	mRNA_4509	OTHER	FALSE	1.000000	0.000000		TRUE	FALSE	1	-	-	-	GH152	-	-
gene_4510	mRNA_4510	OTHER	FALSE	0.999995	0.000047		FALSE	FALSE	0	-	-	-	-	-	-
gene_4511	mRNA_4511	OTHER	FALSE	1.000000	0.000000		FALSE	FALSE	0	-	-	-	-	-	-
gene_4512	mRNA_4512	OTHER	FALSE	1.000000	0.000000		FALSE	FALSE	0	-	-	-	-	-	-
gene_4513	mRNA_4513	OTHER	FALSE	0.998233	0.001824		FALSE	FALSE	0	-	-	-	-	-	-
gene_4514	mRNA_4514	OTHER	FALSE	1.000000	0.000000		FALSE	FALSE	0	-	-	-	-	-	-
gene_4515	mRNA_4515	OTHER	FALSE	1.000000	0.000000		FALSE	FALSE	0	-	-	-	-	-	-
gene_4516	mRNA_4516	OTHER	FALSE	1.000000	0.000000		FALSE	FALSE	0	-	-	-	-	-	-
gene_4517	mRNA_4517	OTHER	FALSE	1.000000	0.000000		FALSE	FALSE	0	-	-	-	-	-	-
gene_4518	mRNA_4518	OTHER	FALSE	1.000000	0.000000		FALSE	FALSE	0	-	-	-	-	-	-
gene_4519	mRNA_4519	OTHER	FALSE	1.000000	0.000013		TRUE	FALSE	1	-	-	-	GT31	-	-
gene_4520	mRNA_4520	OTHER	FALSE	1.000000	0.000000		FALSE	FALSE	0	-	-	-	-	-	-
gene_4521	mRNA_4521	OTHER	FALSE	1.000000	0.000000		TRUE	FALSE	1	-	-	-	GH5_30+GH5_30	-	-
gene_4522	mRNA_4522	OTHER	FALSE	1.000000	0.000011		FALSE	FALSE	0	-	-	-	-	-	-
gene_4523	mRNA_4523	OTHER	FALSE	1.000000	0.000004		FALSE	FALSE	0	-	-	-	-	-	-
gene_4524	mRNA_4524	OTHER	FALSE	1.000000	0.000000		FALSE	FALSE	0	-	-	-	-	-	-
gene_4525	mRNA_4525	OTHER	FALSE	1.000000	0.000044		FALSE	FALSE	0	-	-	-	-	-	-
gene_4526	mRNA_4526	OTHER	FALSE	1.000000	0.000000		FALSE	FALSE	0	-	-	-	-	-	-
gene_4527	mRNA_4527	OTHER	FALSE	1.000000	0.000000		FALSE	FALSE	0	-	-	-	-	-	-
gene_4528	mRNA_4528	OTHER	FALSE	1.000000	0.000000		FALSE	FALSE	0	-	-	-	-	-	-
gene_4529	mRNA_4529	OTHER	FALSE	1.000000	0.000000		FALSE	FALSE	0	-	-	-	-	-	-
gene_4530	mRNA_4530	OTHER	FALSE	1.000000	0.000010		FALSE	FALSE	0	-	-	-	-	-	-
gene_4531	mRNA_4531	OTHER	FALSE	1.000000	0.000026		FALSE	FALSE	0	-	-	-	-	-	-
gene_4532	mRNA_4532	OTHER	FALSE	1.000000	0.000001		FALSE	FALSE	0	-	-	-	-	-	-
gene_4533	mRNA_4533	OTHER	FALSE	1.000000	0.000000		FALSE	FALSE	0	-	-	-	-	-	-
gene_4534	mRNA_4534	OTHER	FALSE	1.000000	0.000000		FALSE	FALSE	0	-	-	-	-	-	-
gene_4535	mRNA_4535	OTHER	FALSE	1.000000	0.000000		FALSE	FALSE	0	-	-	-	-	-	-
gene_4536	mRNA_4536	OTHER	FALSE	0.999382	0.000636		FALSE	FALSE	0	-	-	-	-	-	-
gene_4537	mRNA_4537	OTHER	FALSE	1.000000	0.000000		FALSE	FALSE	0	-	-	-	-	-	-
gene_4538	mRNA_4538	OTHER	FALSE	1.000000	0.000000		FALSE	FALSE	0	-	-	-	-	-	-
gene_4539	mRNA_4539	OTHER	FALSE	1.000000	0.000000		FALSE	FALSE	0	-	-	-	-	-	-
gene_4540	mRNA_4540	OTHER	FALSE	1.000000	0.000000		FALSE	FALSE	0	-	-	-	-	-	-
gene_4541	mRNA_4541	OTHER	FALSE	1.000000	0.000000		TRUE	FALSE	1	-	-	-	GH127	-	-
gene_4542	mRNA_4542	OTHER	FALSE	1.000000	0.000000		FALSE	FALSE	0	-	-	-	-	-	-
gene_4543	mRNA_4543	OTHER	FALSE	1.000000	0.000000		FALSE	FALSE	0	-	-	-	-	-	-
gene_4544	mRNA_4544	OTHER	FALSE	1.000000	0.000000		FALSE	FALSE	0	-	-	-	-	-	-
gene_4545	mRNA_4545	OTHER	FALSE	1.000000	0.000001		FALSE	FALSE	0	-	-	-	-	-	-
gene_4546	mRNA_4546	OTHER	FALSE	0.999907	0.000100		FALSE	FALSE	0	-	-	-	-	-	-
gene_4547	mRNA_4547	OTHER	FALSE	1.000000	0.000000		FALSE	FALSE	0	-	-	-	-	-	-
gene_4548	mRNA_4548	OTHER	FALSE	1.000000	0.000002		FALSE	FALSE	0	-	-	-	-	-	-
gene_4549	mRNA_4549	OTHER	FALSE	1.000000	0.000001		FALSE	FALSE	0	-	-	-	-	-	-
gene_4550	mRNA_4550	OTHER	FALSE	1.000000	0.000000		FALSE	FALSE	0	-	-	-	-	-	-
gene_4551	mRNA_4551	OTHER	FALSE	1.000000	0.000029		FALSE	FALSE	0	-	-	-	-	-	-
gene_4552	mRNA_4552	OTHER	FALSE	1.000000	0.000000		FALSE	FALSE	0	-	-	-	-	-	-
gene_4553	mRNA_4553	OTHER	FALSE	1.000000	0.000000		FALSE	FALSE	0	-	-	-	-	-	-
gene_4554	mRNA_4554	OTHER	FALSE	1.000000	0.000000		FALSE	FALSE	0	-	-	-	-	-	-
gene_4555	mRNA_4555	OTHER	FALSE	1.000000	0.000000		TRUE	FALSE	1	-	-	-	CE9	-	-
gene_4556	mRNA_4556	OTHER	FALSE	1.000000	0.000000		FALSE	FALSE	0	-	-	-	-	-	-
gene_4557	mRNA_4557	OTHER	FALSE	1.000000	0.000000		FALSE	FALSE	0	-	-	-	-	-	-
gene_4558	mRNA_4558	OTHER	FALSE	1.000000	0.000013		FALSE	FALSE	0	-	-	-	-	-	-
gene_4559	mRNA_4559	OTHER	FALSE	1.000000	0.000000		FALSE	FALSE	0	-	-	-	-	-	-
gene_4560	mRNA_4560	OTHER	FALSE	1.000000	0.000000		FALSE	FALSE	0	-	-	-	-	-	-
gene_4561	mRNA_4561	OTHER	FALSE	1.000000	0.000016		FALSE	FALSE	0	-	-	-	-	-	-
gene_4562	mRNA_4562	OTHER	FALSE	1.000000	0.000000		FALSE	FALSE	0	-	-	-	-	-	-
gene_4563	mRNA_4563	OTHER	FALSE	1.000000	0.000000		FALSE	FALSE	0	-	-	-	-	-	-
gene_4564	mRNA_4564	OTHER	FALSE	1.000000	0.000000		FALSE	FALSE	0	-	-	-	-	-	-
gene_4565	mRNA_4565	OTHER	FALSE	1.000000	0.000005		TRUE	FALSE	1	-	-	-	GH18+CBM18	-	-
gene_4566	mRNA_4566	OTHER	FALSE	1.000000	0.000000		FALSE	FALSE	0	-	-	-	-	-	-
gene_4567	mRNA_4567	OTHER	FALSE	1.000000	0.000000		TRUE	FALSE	1	-	-	-	GH92	-	-
gene_4568	mRNA_4568	OTHER	FALSE	1.000000	0.000001		FALSE	FALSE	0	-	-	-	-	-	-
gene_4569	mRNA_4569	OTHER	FALSE	1.000000	0.000000		FALSE	FALSE	0	-	-	-	-	-	-
gene_4570	mRNA_4570	SP	TRUE	0.000330	0.999677	CS pos: 15-16. Pr: 0.9699	FALSE	FALSE	0	-	-	-	-	-	-
gene_4571	mRNA_4571	SP	TRUE	0.176713	0.823269	CS pos: 31-32. Pr: 0.6645	FALSE	FALSE	0	-	-	-	-	-	-
gene_4572	mRNA_4572	OTHER	FALSE	1.000000	0.000003		FALSE	FALSE	0	-	-	-	-	-	-
gene_4573	mRNA_4573	OTHER	FALSE	1.000000	0.000000		FALSE	FALSE	0	-	-	-	-	-	-
gene_4574	mRNA_4574	OTHER	FALSE	1.000000	0.000000		FALSE	FALSE	0	-	-	-	-	-	-
gene_4575	mRNA_4575	OTHER	FALSE	1.000000	0.000002		FALSE	FALSE	0	-	-	-	-	-	-
gene_4576	mRNA_4576	OTHER	FALSE	1.000000	0.000000		FALSE	FALSE	0	-	-	-	-	-	-
gene_4577	mRNA_4577	OTHER	FALSE	1.000000	0.000000		FALSE	FALSE	0	-	-	-	-	-	-
gene_4578	mRNA_4578	OTHER	FALSE	0.999704	0.000357		FALSE	FALSE	0	-	-	-	-	-	-
gene_4579	mRNA_4579	OTHER	FALSE	1.000000	0.000000		TRUE	FALSE	1	-	-	-	AA9	-	-
gene_4580	mRNA_4580	OTHER	FALSE	1.000000	0.000000		FALSE	FALSE	0	-	-	-	-	-	-
gene_4581	mRNA_4581	OTHER	FALSE	1.000000	0.000000		FALSE	FALSE	0	-	-	-	-	-	-
gene_4582	mRNA_4582	OTHER	FALSE	1.000000	0.000006		FALSE	FALSE	0	-	-	-	-	-	-
gene_4583	mRNA_4583	OTHER	FALSE	1.000000	0.000000		FALSE	FALSE	0	-	-	-	-	-	-
gene_4584	mRNA_4584	OTHER	FALSE	1.000000	0.000000		FALSE	FALSE	0	-	-	-	-	-	-
gene_4585	mRNA_4585	OTHER	FALSE	1.000000	0.000000		FALSE	FALSE	0	-	-	-	-	-	-
gene_4586	mRNA_4586	OTHER	FALSE	1.000000	0.000000		FALSE	FALSE	0	-	-	-	-	-	-
gene_4587	mRNA_4587	OTHER	FALSE	0.769086	0.230922		FALSE	FALSE	0	-	-	-	-	-	-
gene_4588	mRNA_4588	OTHER	FALSE	1.000000	0.000000		TRUE	FALSE	1	-	-	-	GT2	-	-
gene_4589	mRNA_4589	OTHER	FALSE	1.000000	0.000002		FALSE	FALSE	0	-	-	-	-	-	-
gene_4590	mRNA_4590	SP	TRUE	0.000795	0.999187	CS pos: 29-30. Pr: 0.5831	FALSE	FALSE	0	-	-	-	-	-	-
gene_4591	mRNA_4591	OTHER	FALSE	1.000000	0.000000		FALSE	FALSE	0	-	-	-	-	-	-
gene_4592	mRNA_4592	OTHER	FALSE	1.000000	0.000000		TRUE	FALSE	1	-	-	-	GH2_13+GH2_13	-	-
gene_4593	mRNA_4593	OTHER	FALSE	1.000000	0.000000		FALSE	FALSE	0	-	-	-	-	-	-
gene_4594	mRNA_4594	OTHER	FALSE	0.999980	0.000035		FALSE	FALSE	0	-	-	-	-	-	-
gene_4595	mRNA_4595	OTHER	FALSE	0.999957	0.000074		FALSE	FALSE	0	-	-	-	-	-	-
gene_4596	mRNA_4596	OTHER	FALSE	1.000000	0.000000		FALSE	FALSE	0	-	-	-	-	-	-
gene_4597	mRNA_4597	OTHER	FALSE	1.000000	0.000007		TRUE	FALSE	1	-	-	-	GH93	-	-
gene_4598	mRNA_4598	OTHER	FALSE	1.000000	0.000000		FALSE	FALSE	0	-	-	-	-	-	-
gene_4599	mRNA_4599	OTHER	FALSE	1.000000	0.000001		FALSE	FALSE	0	-	-	-	-	-	-
gene_4600	mRNA_4600	OTHER	FALSE	1.000000	0.000000		FALSE	FALSE	0	-	-	-	-	-	-
gene_4601	mRNA_4601	OTHER	FALSE	1.000000	0.000000		FALSE	FALSE	0	-	-	-	-	-	-
gene_4602	mRNA_4602	OTHER	FALSE	1.000000	0.000000		FALSE	FALSE	0	-	-	-	-	-	-
gene_4603	mRNA_4603	SP	TRUE	0.000430	0.999525	CS pos: 15-16. Pr: 0.9700	TRUE	TRUE	3	-|-|-|-|-	CE8(92-348)+CE8(458-741)+CE8(804-1096)+CE8(1149-1432)+CE8(1511-1804)	CE8_e46(96-375)+CE8_e46(464-744)+CE8_e46(800-1097)+CE8_e46(1154-1442)+CE8_e46(1511-1805)	CE8+CE8+CE8+CE8+CE8	CE8_e46|CE8_e46|CE8_e46|CE8_e46|CE8_e46	pectin
gene_4604	mRNA_4604	OTHER	FALSE	1.000000	0.000000		FALSE	FALSE	0	-	-	-	-	-	-
gene_4605	mRNA_4605	OTHER	FALSE	0.999489	0.000515		FALSE	FALSE	0	-	-	-	-	-	-
gene_4606	mRNA_4606	OTHER	FALSE	0.999907	0.000117		FALSE	FALSE	0	-	-	-	-	-	-
gene_4607	mRNA_4607	OTHER	FALSE	1.000000	0.000001		TRUE	FALSE	1	-	-	-	PL9_3+PL9_3	-	-
gene_4608	mRNA_4608	OTHER	FALSE	0.999933	0.000112		FALSE	FALSE	0	-	-	-	-	-	-
gene_4609	mRNA_4609	OTHER	FALSE	1.000000	0.000000		FALSE	FALSE	0	-	-	-	-	-	-
gene_4610	mRNA_4610	OTHER	FALSE	1.000000	0.000000		FALSE	FALSE	0	-	-	-	-	-	-
gene_4611	mRNA_4611	OTHER	FALSE	1.000000	0.000001		FALSE	FALSE	0	-	-	-	-	-	-
gene_4612	mRNA_4612	OTHER	FALSE	1.000000	0.000000		TRUE	FALSE	1	-	-	-	GH16_18+GH16_18	-	-
gene_4613	mRNA_4613	OTHER	FALSE	1.000000	0.000008		TRUE	FALSE	1	-	-	-	GH38	-	-
gene_4614	mRNA_4614	OTHER	FALSE	1.000000	0.000004		TRUE	TRUE	3	-	GH105(47-380)	GH105_e57(49-380)	GH105	GH105_e57	-
gene_4615	mRNA_4615	OTHER	FALSE	1.000000	0.000000		FALSE	FALSE	0	-	-	-	-	-	-
gene_4616	mRNA_4616	OTHER	FALSE	1.000000	0.000002		FALSE	FALSE	0	-	-	-	-	-	-
gene_4617	mRNA_4617	OTHER	FALSE	1.000000	0.000000		FALSE	FALSE	0	-	-	-	-	-	-
gene_4618	mRNA_4618	OTHER	FALSE	0.905209	0.094804		FALSE	FALSE	0	-	-	-	-	-	-
gene_4619	mRNA_4619	OTHER	FALSE	1.000000	0.000000		FALSE	FALSE	0	-	-	-	-	-	-
gene_4620	mRNA_4620	OTHER	FALSE	0.999913	0.000120		TRUE	FALSE	1	-	-	-	GT0	-	-
gene_4621	mRNA_4621	OTHER	FALSE	0.999642	0.000386		FALSE	FALSE	0	-	-	-	-	-	-
gene_4622	mRNA_4622	OTHER	FALSE	0.996164	0.003863		FALSE	FALSE	0	-	-	-	-	-	-
gene_4623	mRNA_4623	OTHER	FALSE	1.000000	0.000007		FALSE	FALSE	0	-	-	-	-	-	-
gene_4624	mRNA_4624	OTHER	FALSE	0.893434	0.106548		FALSE	FALSE	0	-	-	-	-	-	-
gene_4625	mRNA_4625	OTHER	FALSE	1.000000	0.000000		FALSE	FALSE	0	-	-	-	-	-	-
gene_4626	mRNA_4626	OTHER	FALSE	1.000000	0.000000		FALSE	FALSE	0	-	-	-	-	-	-
gene_4627	mRNA_4627	OTHER	FALSE	1.000000	0.000001		FALSE	FALSE	0	-	-	-	-	-	-
gene_4628	mRNA_4628	OTHER	FALSE	1.000000	0.000002		FALSE	FALSE	0	-	-	-	-	-	-
gene_4629	mRNA_4629	OTHER	FALSE	1.000000	0.000005		FALSE	FALSE	0	-	-	-	-	-	-
gene_4630	mRNA_4630	OTHER	FALSE	1.000000	0.000000		FALSE	FALSE	0	-	-	-	-	-	-
gene_4631	mRNA_4631	OTHER	FALSE	1.000000	0.000000		FALSE	FALSE	0	-	-	-	-	-	-
gene_4632	mRNA_4632	OTHER	FALSE	1.000000	0.000000		FALSE	FALSE	0	-	-	-	-	-	-
gene_4633	mRNA_4633	OTHER	FALSE	1.000000	0.000000		FALSE	FALSE	0	-	-	-	-	-	-
gene_4634	mRNA_4634	OTHER	FALSE	0.999791	0.000240		FALSE	FALSE	0	-	-	-	-	-	-
gene_4635	mRNA_4635	OTHER	FALSE	1.000000	0.000001		FALSE	FALSE	0	-	-	-	-	-	-
gene_4636	mRNA_4636	OTHER	FALSE	1.000000	0.000000		FALSE	FALSE	0	-	-	-	-	-	-
gene_4637	mRNA_4637	OTHER	FALSE	1.000000	0.000000		FALSE	FALSE	0	-	-	-	-	-	-
gene_4638	mRNA_4638	OTHER	FALSE	1.000000	0.000000		FALSE	FALSE	0	-	-	-	-	-	-
gene_4639	mRNA_4639	OTHER	FALSE	1.000000	0.000000		FALSE	FALSE	0	-	-	-	-	-	-
gene_4640	mRNA_4640	OTHER	FALSE	1.000000	0.000000		FALSE	FALSE	0	-	-	-	-	-	-
gene_4641	mRNA_4641	OTHER	FALSE	1.000000	0.000000		FALSE	FALSE	0	-	-	-	-	-	-
gene_4642	mRNA_4642	OTHER	FALSE	1.000000	0.000000		FALSE	FALSE	0	-	-	-	-	-	-
gene_4643	mRNA_4643	OTHER	FALSE	1.000000	0.000000		FALSE	FALSE	0	-	-	-	-	-	-
gene_4644	mRNA_4644	OTHER	FALSE	1.000000	0.000000		FALSE	FALSE	0	-	-	-	-	-	-
gene_4645	mRNA_4645	OTHER	FALSE	1.000000	0.000026		FALSE	FALSE	0	-	-	-	-	-	-
gene_4646	mRNA_4646	OTHER	FALSE	1.000000	0.000013		FALSE	FALSE	0	-	-	-	-	-	-
gene_4647	mRNA_4647	OTHER	FALSE	1.000000	0.000000		TRUE	FALSE	1	-	-	-	PL9_3+PL9_3	-	-
gene_4648	mRNA_4648	OTHER	FALSE	1.000000	0.000000		FALSE	FALSE	0	-	-	-	-	-	-
gene_4649	mRNA_4649	OTHER	FALSE	1.000000	0.000000		FALSE	FALSE	0	-	-	-	-	-	-
gene_4650	mRNA_4650	OTHER	FALSE	1.000000	0.000001		FALSE	FALSE	0	-	-	-	-	-	-
gene_4651	mRNA_4651	OTHER	FALSE	1.000000	0.000000		TRUE	FALSE	1	-	-	-	GT22	-	-
gene_4652	mRNA_4652	OTHER	FALSE	1.000000	0.000001		FALSE	FALSE	0	-	-	-	-	-	-
gene_4653	mRNA_4653	OTHER	FALSE	0.973496	0.026537		FALSE	FALSE	0	-	-	-	-	-	-
gene_4654	mRNA_4654	OTHER	FALSE	1.000000	0.000000		FALSE	FALSE	0	-	-	-	-	-	-
gene_4655	mRNA_4655	OTHER	FALSE	1.000000	0.000000		FALSE	FALSE	0	-	-	-	-	-	-
gene_4656	mRNA_4656	OTHER	FALSE	1.000000	0.000000		FALSE	FALSE	0	-	-	-	-	-	-
gene_4657	mRNA_4657	OTHER	FALSE	1.000000	0.000000		FALSE	FALSE	0	-	-	-	-	-	-
gene_4658	mRNA_4658	OTHER	FALSE	1.000000	0.000000		FALSE	FALSE	0	-	-	-	-	-	-
gene_4659	mRNA_4659	OTHER	FALSE	1.000000	0.000000		FALSE	FALSE	0	-	-	-	-	-	-
gene_4660	mRNA_4660	OTHER	FALSE	1.000000	0.000008		FALSE	FALSE	0	-	-	-	-	-	-
gene_4661	mRNA_4661	OTHER	FALSE	1.000000	0.000000		FALSE	FALSE	0	-	-	-	-	-	-
gene_4662	mRNA_4662	OTHER	FALSE	0.989203	0.010798		FALSE	FALSE	0	-	-	-	-	-	-
gene_4663	mRNA_4663	OTHER	FALSE	1.000000	0.000000		FALSE	FALSE	0	-	-	-	-	-	-
gene_4664	mRNA_4664	OTHER	FALSE	1.000000	0.000000		FALSE	FALSE	0	-	-	-	-	-	-
gene_4665	mRNA_4665	OTHER	FALSE	1.000000	0.000008		TRUE	FALSE	1	-	-	-	GH1	-	-
gene_4666	mRNA_4666	OTHER	FALSE	0.999961	0.000070		FALSE	FALSE	0	-	-	-	-	-	-
gene_4667	mRNA_4667	OTHER	FALSE	1.000000	0.000012		FALSE	FALSE	0	-	-	-	-	-	-
gene_4668	mRNA_4668	OTHER	FALSE	1.000000	0.000000		FALSE	FALSE	0	-	-	-	-	-	-
gene_4669	mRNA_4669	SP	TRUE	0.000301	0.999668	CS pos: 21-22. Pr: 0.9762	TRUE	FALSE	1	-	-	-	GT48	-	-
gene_4670	mRNA_4670	OTHER	FALSE	1.000000	0.000000		FALSE	FALSE	0	-	-	-	-	-	-
gene_4671	mRNA_4671	OTHER	FALSE	1.000000	0.000003		TRUE	FALSE	1	-	-	-	GH29	-	-
gene_4672	mRNA_4672	OTHER	FALSE	1.000000	0.000000		FALSE	FALSE	0	-	-	-	-	-	-
gene_4673	mRNA_4673	OTHER	FALSE	1.000000	0.000001		FALSE	FALSE	0	-	-	-	-	-	-
gene_4674	mRNA_4674	OTHER	FALSE	0.999964	0.000032		FALSE	FALSE	0	-	-	-	-	-	-
gene_4675	mRNA_4675	OTHER	FALSE	1.000000	0.000002		FALSE	FALSE	0	-	-	-	-	-	-
gene_4676	mRNA_4676	OTHER	FALSE	1.000000	0.000001		FALSE	FALSE	0	-	-	-	-	-	-
gene_4677	mRNA_4677	OTHER	FALSE	1.000000	0.000001		FALSE	FALSE	0	-	-	-	-	-	-
gene_4678	mRNA_4678	OTHER	FALSE	1.000000	0.000000		FALSE	FALSE	0	-	-	-	-	-	-
gene_4679	mRNA_4679	OTHER	FALSE	1.000000	0.000000		FALSE	FALSE	0	-	-	-	-	-	-
gene_4680	mRNA_4680	OTHER	FALSE	0.999920	0.000150		FALSE	FALSE	0	-	-	-	-	-	-
gene_4681	mRNA_4681	OTHER	FALSE	0.999998	0.000016		FALSE	FALSE	0	-	-	-	-	-	-
gene_4682	mRNA_4682	SP	TRUE	0.000558	0.999397	CS pos: 20-21. Pr: 0.9747	TRUE	TRUE	3	3.2.1.75:2	GH5_15(97-396)	GH5_e206(98-397)	GH5_15+GH5_15	GH5_15	beta-glucan
gene_4683	mRNA_4683	OTHER	FALSE	0.974561	0.025429		FALSE	FALSE	0	-	-	-	-	-	-
gene_4684	mRNA_4684	OTHER	FALSE	1.000000	0.000000		FALSE	FALSE	0	-	-	-	-	-	-
gene_4685	mRNA_4685	OTHER	FALSE	1.000000	0.000000		FALSE	FALSE	0	-	-	-	-	-	-
gene_4686	mRNA_4686	OTHER	FALSE	0.999972	0.000038		FALSE	FALSE	0	-	-	-	-	-	-
gene_4687	mRNA_4687	OTHER	FALSE	0.999950	0.000073		TRUE	FALSE	1	-	-	-	PL9_3+PL9_3	-	-
gene_4688	mRNA_4688	OTHER	FALSE	1.000000	0.000001		FALSE	FALSE	0	-	-	-	-	-	-
gene_4689	mRNA_4689	OTHER	FALSE	0.998329	0.001698		FALSE	FALSE	0	-	-	-	-	-	-
gene_4690	mRNA_4690	OTHER	FALSE	1.000000	0.000001		FALSE	FALSE	0	-	-	-	-	-	-
gene_4691	mRNA_4691	OTHER	FALSE	0.995953	0.004067		FALSE	FALSE	0	-	-	-	-	-	-
gene_4692	mRNA_4692	OTHER	FALSE	0.834869	0.165143		TRUE	TRUE	3	3.2.1.4:1	GH12(176-327)	GH12_e17(185-327)	GH12	GH12_e17	cellulose
gene_4693	mRNA_4693	OTHER	FALSE	1.000000	0.000000		TRUE	TRUE	3	-	GT2(306-539)	GT2(307-589)	GT2	GT2	-
gene_4694	mRNA_4694	OTHER	FALSE	0.999774	0.000239		FALSE	FALSE	0	-	-	-	-	-	-
gene_4695	mRNA_4695	OTHER	FALSE	1.000000	0.000000		FALSE	FALSE	0	-	-	-	-	-	-
gene_4696	mRNA_4696	OTHER	FALSE	0.999993	0.000006		FALSE	FALSE	0	-	-	-	-	-	-
gene_4697	mRNA_4697	OTHER	FALSE	1.000000	0.000000		FALSE	FALSE	0	-	-	-	-	-	-
gene_4698	mRNA_4698	OTHER	FALSE	0.999936	0.000115		TRUE	FALSE	1	-	-	-	AA1_2+AA1_2	-	-
gene_4699	mRNA_4699	OTHER	FALSE	1.000000	0.000001		FALSE	FALSE	0	-	-	-	-	-	-
gene_4700	mRNA_4700	OTHER	FALSE	1.000000	0.000000		FALSE	FALSE	0	-	-	-	-	-	-
gene_4701	mRNA_4701	OTHER	FALSE	1.000000	0.000000		FALSE	FALSE	0	-	-	-	-	-	-
gene_4702	mRNA_4702	SP	TRUE	0.000261	0.999699	CS pos: 35-36. Pr: 0.1956	FALSE	FALSE	0	-	-	-	-	-	-
gene_4703	mRNA_4703	OTHER	FALSE	1.000000	0.000000		TRUE	FALSE	1	-	-	-	GT2	-	-
gene_4704	mRNA_4704	OTHER	FALSE	0.729435	0.270565		TRUE	FALSE	1	-	-	-	GT31	-	-
gene_4705	mRNA_4705	OTHER	FALSE	1.000000	0.000000		FALSE	FALSE	0	-	-	-	-	-	-
gene_4706	mRNA_4706	OTHER	FALSE	0.999902	0.000133		FALSE	FALSE	0	-	-	-	-	-	-
gene_4707	mRNA_4707	OTHER	FALSE	1.000000	0.000000		FALSE	FALSE	0	-	-	-	-	-	-
gene_4708	mRNA_4708	OTHER	FALSE	1.000000	0.000000		FALSE	FALSE	0	-	-	-	-	-	-
gene_4709	mRNA_4709	OTHER	FALSE	1.000000	0.000000		FALSE	FALSE	0	-	-	-	-	-	-
gene_4710	mRNA_4710	OTHER	FALSE	1.000000	0.000001		FALSE	FALSE	0	-	-	-	-	-	-
gene_4711	mRNA_4711	OTHER	FALSE	0.999945	0.000082		TRUE	FALSE	1	-	-	-	GH13_25+GH133+GH13_25	-	-
gene_4712	mRNA_4712	OTHER	FALSE	1.000000	0.000000		FALSE	FALSE	0	-	-	-	-	-	-
gene_4713	mRNA_4713	OTHER	FALSE	1.000000	0.000000		FALSE	FALSE	0	-	-	-	-	-	-
gene_4714	mRNA_4714	OTHER	FALSE	1.000000	0.000000		FALSE	FALSE	0	-	-	-	-	-	-
gene_4715	mRNA_4715	OTHER	FALSE	1.000000	0.000008		TRUE	FALSE	1	-	-	-	GT31	-	-
gene_4716	mRNA_4716	OTHER	FALSE	0.999890	0.000157		FALSE	FALSE	0	-	-	-	-	-	-
gene_4717	mRNA_4717	OTHER	FALSE	0.682329	0.317692		FALSE	FALSE	0	-	-	-	-	-	-
gene_4718	mRNA_4718	OTHER	FALSE	1.000000	0.000000		FALSE	FALSE	0	-	-	-	-	-	-
gene_4719	mRNA_4719	OTHER	FALSE	1.000000	0.000000		FALSE	FALSE	0	-	-	-	-	-	-
gene_4720	mRNA_4720	OTHER	FALSE	1.000000	0.000000		TRUE	FALSE	1	-	-	-	GT20	-	-
gene_4721	mRNA_4721	OTHER	FALSE	0.996972	0.003050		TRUE	TRUE	3	2.4.1.15:11	GT20(173-624)	GT20_e24(175-623)	GT20	GT20_e24	-
gene_4722	mRNA_4722	OTHER	FALSE	1.000000	0.000000		FALSE	FALSE	0	-	-	-	-	-	-
gene_4723	mRNA_4723	OTHER	FALSE	1.000000	0.000001		FALSE	FALSE	0	-	-	-	-	-	-
gene_4724	mRNA_4724	SP	TRUE	0.000220	0.999748	CS pos: 20-21. Pr: 0.9742	TRUE	TRUE	3	3.2.1.55:10	GH51_2(201-629)	GH51_e35(200-628)	GH51_2+GH51_2	GH51_2	arabinan
gene_4725	mRNA_4725	SP	TRUE	0.000569	0.999397	CS pos: 20-21. Pr: 0.9732	FALSE	FALSE	0	-	-	-	-	-	-
gene_4726	mRNA_4726	SP	TRUE	0.000260	0.999719	CS pos: 17-18. Pr: 0.9798	FALSE	FALSE	0	-	-	-	-	-	-
gene_4727	mRNA_4727	OTHER	FALSE	0.999781	0.000241		FALSE	FALSE	0	-	-	-	-	-	-
gene_4728	mRNA_4728	OTHER	FALSE	1.000000	0.000000		FALSE	FALSE	0	-	-	-	-	-	-
gene_4729	mRNA_4729	SP	TRUE	0.000202	0.999798	CS pos: 26-27. Pr: 0.8540	FALSE	FALSE	0	-	-	-	-	-	-
gene_4730	mRNA_4730	OTHER	FALSE	1.000000	0.000000		FALSE	FALSE	0	-	-	-	-	-	-
gene_4731	mRNA_4731	OTHER	FALSE	1.000000	0.000026		TRUE	TRUE	3	-	GH13(207-546)	GH13_e84(347-545)	GH0	GH13_e84	-
gene_4732	mRNA_4732	OTHER	FALSE	1.000000	0.000000		FALSE	FALSE	0	-	-	-	-	-	-
gene_4733	mRNA_4733	OTHER	FALSE	1.000000	0.000000		FALSE	FALSE	0	-	-	-	-	-	-
gene_4734	mRNA_4734	OTHER	FALSE	1.000000	0.000000		TRUE	FALSE	1	-	-	-	GH51_1+GH51_1	-	-
gene_4735	mRNA_4735	OTHER	FALSE	1.000000	0.000004		FALSE	FALSE	0	-	-	-	-	-	-
gene_4736	mRNA_4736	OTHER	FALSE	1.000000	0.000014		TRUE	FALSE	1	-	-	-	GH125	-	-
gene_4737	mRNA_4737	SP	TRUE	0.000434	0.999517	CS pos: 34-35. Pr: 0.9680	TRUE	FALSE	1	-	-	-	GH5_31+GH5_31	-	-
gene_4738	mRNA_4738	OTHER	FALSE	0.999876	0.000145		TRUE	TRUE	3	2.4.1.267:14	GT57(76-307)+GT57(346-575)	GT57_e0(76-575)	GT57	GT57_e0	-
gene_4739	mRNA_4739	OTHER	FALSE	1.000000	0.000000		FALSE	FALSE	0	-	-	-	-	-	-
gene_4740	mRNA_4740	OTHER	FALSE	1.000000	0.000000		FALSE	FALSE	0	-	-	-	-	-	-
gene_4741	mRNA_4741	OTHER	FALSE	1.000000	0.000001		TRUE	FALSE	1	-	-	-	CE8	-	-
gene_4742	mRNA_4742	OTHER	FALSE	1.000000	0.000000		FALSE	FALSE	0	-	-	-	-	-	-
gene_4743	mRNA_4743	OTHER	FALSE	1.000000	0.000000		FALSE	FALSE	0	-	-	-	-	-	-
gene_4744	mRNA_4744	OTHER	FALSE	1.000000	0.000006		FALSE	FALSE	0	-	-	-	-	-	-
gene_4745	mRNA_4745	OTHER	FALSE	1.000000	0.000000		TRUE	FALSE	1	-	-	-	GH2_13+GH2_13	-	-
gene_4746	mRNA_4746	OTHER	FALSE	1.000000	0.000000		FALSE	FALSE	0	-	-	-	-	-	-
gene_4747	mRNA_4747	OTHER	FALSE	0.989157	0.010859		TRUE	FALSE	1	-	-	-	GT31	-	-
gene_4748	mRNA_4748	OTHER	FALSE	1.000000	0.000000		TRUE	FALSE	1	-	-	-	GH47	-	-
gene_4749	mRNA_4749	OTHER	FALSE	0.986671	0.013353		FALSE	FALSE	0	-	-	-	-	-	-
gene_4750	mRNA_4750	OTHER	FALSE	1.000000	0.000001		FALSE	FALSE	0	-	-	-	-	-	-
gene_4751	mRNA_4751	OTHER	FALSE	1.000000	0.000000		FALSE	FALSE	0	-	-	-	-	-	-
gene_4752	mRNA_4752	OTHER	FALSE	1.000000	0.000000		FALSE	FALSE	0	-	-	-	-	-	-
gene_4753	mRNA_4753	OTHER	FALSE	0.999967	0.000036		TRUE	FALSE	1	-	-	-	GT2	-	-
gene_4754	mRNA_4754	OTHER	FALSE	0.999667	0.000343		TRUE	TRUE	3	-	GH154(14-399)	GH154_e10(15-399)	GH154	GH154_e10	arabinogalactan
gene_4755	mRNA_4755	OTHER	FALSE	1.000000	0.000003		TRUE	TRUE	3	-	GH88(87-491)	GH88_e4(89-493)	GH88	GH88_e4	host glycan
gene_4756	mRNA_4756	OTHER	FALSE	1.000000	0.000001		TRUE	FALSE	1	-	-	-	GH154	-	-
gene_4757	mRNA_4757	OTHER	FALSE	0.980694	0.019301		TRUE	FALSE	1	-	-	-	GT31	-	-
gene_4758	mRNA_4758	OTHER	FALSE	0.945110	0.054875		FALSE	FALSE	0	-	-	-	-	-	-
gene_4759	mRNA_4759	OTHER	FALSE	0.999996	0.000002		TRUE	FALSE	1	-	-	-	GH3	-	-
gene_4760	mRNA_4760	OTHER	FALSE	1.000000	0.000000		FALSE	FALSE	0	-	-	-	-	-	-
gene_4761	mRNA_4761	OTHER	FALSE	1.000000	0.000001		FALSE	FALSE	0	-	-	-	-	-	-
gene_4762	mRNA_4762	OTHER	FALSE	1.000000	0.000003		FALSE	FALSE	0	-	-	-	-	-	-
gene_4763	mRNA_4763	OTHER	FALSE	0.862619	0.137409		TRUE	FALSE	1	-	GH188(4-209)	-	-	-	-
gene_4764	mRNA_4764	OTHER	FALSE	1.000000	0.000007		TRUE	FALSE	1	-	GH188(8-244)	-	-	-	-
gene_4765	mRNA_4765	OTHER	FALSE	0.580050	0.419958		FALSE	FALSE	0	-	-	-	-	-	-
gene_4766	mRNA_4766	OTHER	FALSE	1.000000	0.000000		TRUE	FALSE	1	-	GH188(7-260)	-	-	-	-
gene_4767	mRNA_4767	OTHER	FALSE	1.000000	0.000007		FALSE	FALSE	0	-	-	-	-	-	-
gene_4768	mRNA_4768	SP	TRUE	0.000214	0.999769	CS pos: 19-20. Pr: 0.9348	FALSE	FALSE	0	-	-	-	-	-	-
gene_4769	mRNA_4769	OTHER	FALSE	1.000000	0.000001		TRUE	FALSE	1	-	-	-	CBM50	-	-
gene_4770	mRNA_4770	OTHER	FALSE	1.000000	0.000020		TRUE	FALSE	1	-	-	-	GT1	-	-
gene_4771	mRNA_4771	OTHER	FALSE	1.000000	0.000000		FALSE	FALSE	0	-	-	-	-	-	-
gene_4772	mRNA_4772	OTHER	FALSE	1.000000	0.000000		FALSE	FALSE	0	-	-	-	-	-	-
gene_4773	mRNA_4773	OTHER	FALSE	1.000000	0.000000		FALSE	FALSE	0	-	-	-	-	-	-
gene_4774	mRNA_4774	OTHER	FALSE	1.000000	0.000000		FALSE	FALSE	0	-	-	-	-	-	-
gene_4775	mRNA_4775	OTHER	FALSE	0.999968	0.000037		TRUE	FALSE	1	-	-	-	GH37	-	-
gene_4776	mRNA_4776	OTHER	FALSE	1.000000	0.000001		FALSE	FALSE	0	-	-	-	-	-	-
gene_4777	mRNA_4777	OTHER	FALSE	1.000000	0.000000		FALSE	FALSE	0	-	-	-	-	-	-
gene_4778	mRNA_4778	OTHER	FALSE	1.000000	0.000001		FALSE	FALSE	0	-	-	-	-	-	-
gene_4779	mRNA_4779	OTHER	FALSE	0.993131	0.006875		FALSE	FALSE	0	-	-	-	-	-	-
gene_4780	mRNA_4780	OTHER	FALSE	1.000000	0.000000		FALSE	FALSE	0	-	-	-	-	-	-
gene_4781	mRNA_4781	OTHER	FALSE	1.000000	0.000017		FALSE	FALSE	0	-	-	-	-	-	-
gene_4782	mRNA_4782	OTHER	FALSE	1.000000	0.000000		FALSE	FALSE	0	-	-	-	-	-	-
gene_4783	mRNA_4783	OTHER	FALSE	1.000000	0.000003		FALSE	FALSE	0	-	-	-	-	-	-
gene_4784	mRNA_4784	OTHER	FALSE	0.966542	0.033480		FALSE	FALSE	0	-	-	-	-	-	-
gene_4785	mRNA_4785	OTHER	FALSE	1.000000	0.000000		FALSE	FALSE	0	-	-	-	-	-	-
gene_4786	mRNA_4786	OTHER	FALSE	1.000000	0.000000		TRUE	FALSE	1	-	-	-	GT27	-	-
gene_4787	mRNA_4787	OTHER	FALSE	1.000000	0.000000		FALSE	FALSE	0	-	-	-	-	-	-
gene_4788	mRNA_4788	OTHER	FALSE	1.000000	0.000002		FALSE	FALSE	0	-	-	-	-	-	-
gene_4789	mRNA_4789	OTHER	FALSE	1.000000	0.000000		FALSE	FALSE	0	-	-	-	-	-	-
gene_4790	mRNA_4790	OTHER	FALSE	1.000000	0.000000		FALSE	FALSE	0	-	-	-	-	-	-
gene_4791	mRNA_4791	OTHER	FALSE	1.000000	0.000000		FALSE	FALSE	0	-	-	-	-	-	-
gene_4792	mRNA_4792	OTHER	FALSE	1.000000	0.000000		FALSE	FALSE	0	-	-	-	-	-	-
gene_4793	mRNA_4793	OTHER	FALSE	1.000000	0.000001		FALSE	FALSE	0	-	-	-	-	-	-
gene_4794	mRNA_4794	OTHER	FALSE	0.998141	0.001860		FALSE	FALSE	0	-	-	-	-	-	-
gene_4795	mRNA_4795	OTHER	FALSE	1.000000	0.000003		TRUE	FALSE	1	-	-	-	GT22	-	-
gene_4796	mRNA_4796	OTHER	FALSE	1.000000	0.000000		FALSE	FALSE	0	-	-	-	-	-	-
gene_4797	mRNA_4797	OTHER	FALSE	0.827362	0.172654		FALSE	FALSE	0	-	-	-	-	-	-
gene_4798	mRNA_4798	OTHER	FALSE	0.715548	0.284459		TRUE	TRUE	3	-	GT22(8-404)	GT22_e27(13-405)	GT22	GT22_e27	-
gene_4799	mRNA_4799	OTHER	FALSE	1.000000	0.000000		FALSE	FALSE	0	-	-	-	-	-	-
gene_4800	mRNA_4800	OTHER	FALSE	1.000000	0.000000		FALSE	FALSE	0	-	-	-	-	-	-
gene_4801	mRNA_4801	OTHER	FALSE	1.000000	0.000000		FALSE	FALSE	0	-	-	-	-	-	-
gene_4802	mRNA_4802	OTHER	FALSE	0.999490	0.000506		FALSE	FALSE	0	-	-	-	-	-	-
gene_4803	mRNA_4803	OTHER	FALSE	1.000000	0.000000		FALSE	FALSE	0	-	-	-	-	-	-
gene_4804	mRNA_4804	OTHER	FALSE	1.000000	0.000000		FALSE	FALSE	0	-	-	-	-	-	-
gene_4805	mRNA_4805	OTHER	FALSE	1.000000	0.000000		FALSE	FALSE	0	-	-	-	-	-	-
gene_4806	mRNA_4806	OTHER	FALSE	1.000000	0.000000		FALSE	FALSE	0	-	-	-	-	-	-
gene_4807	mRNA_4807	OTHER	FALSE	1.000000	0.000000		FALSE	FALSE	0	-	-	-	-	-	-
gene_4808	mRNA_4808	SP	TRUE	0.000292	0.999694	CS pos: 24-25. Pr: 0.9738	TRUE	FALSE	1	-	-	-	GH5_12+GH5_12	-	-
gene_4809	mRNA_4809	OTHER	FALSE	1.000000	0.000000		FALSE	FALSE	0	-	-	-	-	-	-
gene_4810	mRNA_4810	OTHER	FALSE	1.000000	0.000000		FALSE	FALSE	0	-	-	-	-	-	-
gene_4811	mRNA_4811	OTHER	FALSE	1.000000	0.000000		FALSE	FALSE	0	-	-	-	-	-	-
gene_4812	mRNA_4812	OTHER	FALSE	1.000000	0.000001		FALSE	FALSE	0	-	-	-	-	-	-
gene_4813	mRNA_4813	OTHER	FALSE	1.000000	0.000001		FALSE	FALSE	0	-	-	-	-	-	-
gene_4814	mRNA_4814	OTHER	FALSE	1.000000	0.000006		FALSE	FALSE	0	-	-	-	-	-	-
gene_4815	mRNA_4815	OTHER	FALSE	1.000000	0.000041		FALSE	FALSE	0	-	-	-	-	-	-
gene_4816	mRNA_4816	OTHER	FALSE	1.000000	0.000001		FALSE	FALSE	0	-	-	-	-	-	-
gene_4817	mRNA_4817	OTHER	FALSE	1.000000	0.000008		FALSE	FALSE	0	-	-	-	-	-	-
gene_4818	mRNA_4818	OTHER	FALSE	0.999997	0.000029		FALSE	FALSE	0	-	-	-	-	-	-
gene_4819	mRNA_4819	OTHER	FALSE	1.000000	0.000000		FALSE	FALSE	0	-	-	-	-	-	-
gene_4820	mRNA_4820	OTHER	FALSE	1.000000	0.000000		FALSE	FALSE	0	-	-	-	-	-	-
gene_4821	mRNA_4821	OTHER	FALSE	1.000000	0.000000		FALSE	FALSE	0	-	-	-	-	-	-
gene_4822	mRNA_4822	OTHER	FALSE	0.999741	0.000281		FALSE	FALSE	0	-	-	-	-	-	-
gene_4823	mRNA_4823	OTHER	FALSE	0.999906	0.000156		FALSE	FALSE	0	-	-	-	-	-	-
gene_4824	mRNA_4824	OTHER	FALSE	1.000000	0.000000		FALSE	FALSE	0	-	-	-	-	-	-
gene_4825	mRNA_4825	OTHER	FALSE	0.999967	0.000066		FALSE	FALSE	0	-	-	-	-	-	-
gene_4826	mRNA_4826	OTHER	FALSE	1.000000	0.000000		FALSE	FALSE	0	-	-	-	-	-	-
gene_4827	mRNA_4827	OTHER	FALSE	1.000000	0.000000		FALSE	FALSE	0	-	-	-	-	-	-
gene_4828	mRNA_4828	OTHER	FALSE	1.000000	0.000000		FALSE	FALSE	0	-	-	-	-	-	-
gene_4829	mRNA_4829	OTHER	FALSE	1.000000	0.000000		FALSE	FALSE	0	-	-	-	-	-	-
gene_4830	mRNA_4830	OTHER	FALSE	1.000000	0.000000		FALSE	FALSE	0	-	-	-	-	-	-
gene_4831	mRNA_4831	OTHER	FALSE	1.000000	0.000000		FALSE	FALSE	0	-	-	-	-	-	-
gene_4832	mRNA_4832	OTHER	FALSE	1.000000	0.000000		TRUE	FALSE	1	-	-	-	GT13	-	-
gene_4833	mRNA_4833	OTHER	FALSE	1.000000	0.000000		FALSE	FALSE	0	-	-	-	-	-	-
gene_4834	mRNA_4834	OTHER	FALSE	1.000000	0.000002		FALSE	FALSE	0	-	-	-	-	-	-
gene_4835	mRNA_4835	OTHER	FALSE	1.000000	0.000000		FALSE	FALSE	0	-	-	-	-	-	-
gene_4836	mRNA_4836	OTHER	FALSE	1.000000	0.000000		FALSE	FALSE	0	-	-	-	-	-	-
gene_4837	mRNA_4837	OTHER	FALSE	1.000000	0.000000		TRUE	FALSE	1	-	-	-	GH5	-	-
gene_4838	mRNA_4838	OTHER	FALSE	0.999915	0.000110		TRUE	FALSE	1	-	-	-	CBM50+CBM50+CBM50	-	-
gene_4839	mRNA_4839	OTHER	FALSE	1.000000	0.000005		FALSE	FALSE	0	-	-	-	-	-	-
gene_4840	mRNA_4840	OTHER	FALSE	1.000000	0.000000		FALSE	FALSE	0	-	-	-	-	-	-
gene_4841	mRNA_4841	OTHER	FALSE	1.000000	0.000000		FALSE	FALSE	0	-	-	-	-	-	-
gene_4842	mRNA_4842	OTHER	FALSE	1.000000	0.000000		FALSE	FALSE	0	-	-	-	-	-	-
gene_4843	mRNA_4843	OTHER	FALSE	1.000000	0.000001		FALSE	FALSE	0	-	-	-	-	-	-
gene_4844	mRNA_4844	OTHER	FALSE	1.000000	0.000000		FALSE	FALSE	0	-	-	-	-	-	-
gene_4845	mRNA_4845	OTHER	FALSE	1.000000	0.000000		FALSE	FALSE	0	-	-	-	-	-	-
gene_4846	mRNA_4846	OTHER	FALSE	1.000000	0.000002		FALSE	FALSE	0	-	-	-	-	-	-
gene_4847	mRNA_4847	OTHER	FALSE	1.000000	0.000001		FALSE	FALSE	0	-	-	-	-	-	-
gene_4848	mRNA_4848	OTHER	FALSE	1.000000	0.000000		FALSE	FALSE	0	-	-	-	-	-	-
gene_4849	mRNA_4849	OTHER	FALSE	1.000000	0.000048		TRUE	TRUE	3	3.2.1.24:32	GH38(287-547)	GH38_e20(288-545)	GH38	GH38_e20	host glycan
gene_4850	mRNA_4850	OTHER	FALSE	1.000000	0.000000		FALSE	FALSE	0	-	-	-	-	-	-
gene_4851	mRNA_4851	OTHER	FALSE	1.000000	0.000000		FALSE	FALSE	0	-	-	-	-	-	-
gene_4852	mRNA_4852	OTHER	FALSE	1.000000	0.000000		FALSE	FALSE	0	-	-	-	-	-	-
gene_4853	mRNA_4853	OTHER	FALSE	1.000000	0.000000		FALSE	FALSE	0	-	-	-	-	-	-
gene_4854	mRNA_4854	OTHER	FALSE	1.000000	0.000000		FALSE	FALSE	0	-	-	-	-	-	-
gene_4855	mRNA_4855	OTHER	FALSE	0.999990	0.000007		FALSE	FALSE	0	-	-	-	-	-	-
gene_4856	mRNA_4856	OTHER	FALSE	1.000000	0.000000		FALSE	FALSE	0	-	-	-	-	-	-
gene_4857	mRNA_4857	OTHER	FALSE	1.000000	0.000000		TRUE	FALSE	1	-	-	-	GT20	-	-
gene_4858	mRNA_4858	OTHER	FALSE	1.000000	0.000001		FALSE	FALSE	0	-	-	-	-	-	-
gene_4859	mRNA_4859	OTHER	FALSE	1.000000	0.000000		FALSE	FALSE	0	-	-	-	-	-	-
gene_4860	mRNA_4860	OTHER	FALSE	1.000000	0.000000		FALSE	FALSE	0	-	-	-	-	-	-
gene_4861	mRNA_4861	OTHER	FALSE	1.000000	0.000001		FALSE	FALSE	0	-	-	-	-	-	-
gene_4862	mRNA_4862	SP	TRUE	0.000476	0.999516	CS pos: 27-28. Pr: 0.9125	TRUE	TRUE	3	3.2.1.26:1|3.2.1.26:1	CBM38(40-168)+GH32(224-517)	CBM38_e5(42-169)+GH32_e104(225-524)	CBM38+GH32	CBM38_e5|GH32_e104	fructan
gene_4863	mRNA_4863	OTHER	FALSE	1.000000	0.000002		TRUE	FALSE	1	-	-	-	AA1_3+AA1_3	-	-
gene_4864	mRNA_4864	OTHER	FALSE	0.963940	0.036092		FALSE	FALSE	0	-	-	-	-	-	-
gene_4865	mRNA_4865	OTHER	FALSE	1.000000	0.000000		FALSE	FALSE	0	-	-	-	-	-	-
gene_4866	mRNA_4866	OTHER	FALSE	0.999666	0.000365		FALSE	FALSE	0	-	-	-	-	-	-
gene_4867	mRNA_4867	OTHER	FALSE	1.000000	0.000002		FALSE	FALSE	0	-	-	-	-	-	-
gene_4868	mRNA_4868	OTHER	FALSE	1.000000	0.000000		FALSE	FALSE	0	-	-	-	-	-	-
gene_4869	mRNA_4869	OTHER	FALSE	1.000000	0.000000		FALSE	FALSE	0	-	-	-	-	-	-
gene_4870	mRNA_4870	OTHER	FALSE	1.000000	0.000000		FALSE	FALSE	0	-	-	-	-	-	-
gene_4871	mRNA_4871	SP	TRUE	0.000292	0.999651	CS pos: 19-20. Pr: 0.9764	FALSE	FALSE	0	-	-	-	-	-	-
gene_4872	mRNA_4872	OTHER	FALSE	1.000000	0.000000		FALSE	FALSE	0	-	-	-	-	-	-
gene_4873	mRNA_4873	SP	TRUE	0.000372	0.999592	CS pos: 17-18. Pr: 0.9787	FALSE	FALSE	0	-	-	-	-	-	-
gene_4874	mRNA_4874	OTHER	FALSE	0.999948	0.000096		FALSE	FALSE	0	-	-	-	-	-	-
gene_4875	mRNA_4875	OTHER	FALSE	1.000000	0.000000		FALSE	FALSE	0	-	-	-	-	-	-
gene_4876	mRNA_4876	OTHER	FALSE	1.000000	0.000000		FALSE	FALSE	0	-	-	-	-	-	-
gene_4877	mRNA_4877	OTHER	FALSE	1.000000	0.000000		FALSE	FALSE	0	-	-	-	-	-	-
gene_4878	mRNA_4878	OTHER	FALSE	0.894537	0.105482		FALSE	FALSE	0	-	-	-	-	-	-
gene_4879	mRNA_4879	OTHER	FALSE	1.000000	0.000000		FALSE	FALSE	0	-	-	-	-	-	-
gene_4880	mRNA_4880	OTHER	FALSE	1.000000	0.000006		FALSE	FALSE	0	-	-	-	-	-	-
gene_4881	mRNA_4881	OTHER	FALSE	1.000000	0.000000		FALSE	FALSE	0	-	-	-	-	-	-
gene_4882	mRNA_4882	OTHER	FALSE	1.000000	0.000000		FALSE	FALSE	0	-	-	-	-	-	-
gene_4883	mRNA_4883	OTHER	FALSE	1.000000	0.000000		FALSE	FALSE	0	-	-	-	-	-	-
gene_4884	mRNA_4884	OTHER	FALSE	0.999440	0.000549		FALSE	FALSE	0	-	-	-	-	-	-
gene_4885	mRNA_4885	OTHER	FALSE	1.000000	0.000000		FALSE	FALSE	0	-	-	-	-	-	-
gene_4886	mRNA_4886	OTHER	FALSE	1.000000	0.000000		FALSE	FALSE	0	-	-	-	-	-	-
gene_4887	mRNA_4887	OTHER	FALSE	1.000000	0.000000		TRUE	FALSE	1	-	-	-	GH5_5+GH5_5	-	-
gene_4888	mRNA_4888	OTHER	FALSE	0.999893	0.000146		FALSE	FALSE	0	-	-	-	-	-	-
gene_4889	mRNA_4889	OTHER	FALSE	1.000000	0.000000		FALSE	FALSE	0	-	-	-	-	-	-
gene_4890	mRNA_4890	OTHER	FALSE	1.000000	0.000008		TRUE	FALSE	1	-	-	-	AA9	-	-
gene_4891	mRNA_4891	OTHER	FALSE	1.000000	0.000000		FALSE	FALSE	0	-	-	-	-	-	-
gene_4892	mRNA_4892	OTHER	FALSE	1.000000	0.000000		TRUE	FALSE	1	-	-	-	CE8	-	-
gene_4893	mRNA_4893	OTHER	FALSE	1.000000	0.000000		FALSE	FALSE	0	-	-	-	-	-	-
gene_4894	mRNA_4894	OTHER	FALSE	1.000000	0.000001		FALSE	FALSE	0	-	-	-	-	-	-
gene_4895	mRNA_4895	OTHER	FALSE	1.000000	0.000000		FALSE	FALSE	0	-	-	-	-	-	-
gene_4896	mRNA_4896	OTHER	FALSE	1.000000	0.000000		FALSE	FALSE	0	-	-	-	-	-	-
gene_4897	mRNA_4897	OTHER	FALSE	1.000000	0.000000		FALSE	FALSE	0	-	-	-	-	-	-
gene_4898	mRNA_4898	OTHER	FALSE	1.000000	0.000008		FALSE	FALSE	0	-	-	-	-	-	-
gene_4899	mRNA_4899	SP	TRUE	0.000503	0.999470	CS pos: 18-19. Pr: 0.9737	FALSE	FALSE	0	-	-	-	-	-	-
gene_4900	mRNA_4900	OTHER	FALSE	1.000000	0.000000		FALSE	FALSE	0	-	-	-	-	-	-
gene_4901	mRNA_4901	SP	TRUE	0.200144	0.799837	CS pos: 37-38. Pr: 0.7580	FALSE	FALSE	0	-	-	-	-	-	-
gene_4902	mRNA_4902	OTHER	FALSE	1.000000	0.000013		FALSE	FALSE	0	-	-	-	-	-	-
gene_4903	mRNA_4903	OTHER	FALSE	1.000000	0.000029		FALSE	FALSE	0	-	-	-	-	-	-
gene_4904	mRNA_4904	OTHER	FALSE	1.000000	0.000001		TRUE	FALSE	1	-	-	-	CBM14	-	-
gene_4905	mRNA_4905	OTHER	FALSE	1.000000	0.000000		FALSE	FALSE	0	-	-	-	-	-	-
gene_4906	mRNA_4906	OTHER	FALSE	0.998360	0.001679		FALSE	FALSE	0	-	-	-	-	-	-
gene_4907	mRNA_4907	OTHER	FALSE	0.999993	0.000046		FALSE	FALSE	0	-	-	-	-	-	-
gene_4908	mRNA_4908	SP	TRUE	0.000289	0.999692	CS pos: 18-19. Pr: 0.9717	TRUE	FALSE	1	-	-	-	GT71	-	-
gene_4909	mRNA_4909	OTHER	FALSE	1.000000	0.000000		FALSE	FALSE	0	-	-	-	-	-	-
gene_4910	mRNA_4910	OTHER	FALSE	1.000000	0.000000		FALSE	FALSE	0	-	-	-	-	-	-
gene_4911	mRNA_4911	SP	TRUE	0.000253	0.999711	CS pos: 24-25. Pr: 0.7565	FALSE	FALSE	0	-	-	-	-	-	-
gene_4912	mRNA_4912	OTHER	FALSE	1.000000	0.000000		FALSE	FALSE	0	-	-	-	-	-	-
gene_4913	mRNA_4913	OTHER	FALSE	1.000000	0.000017		TRUE	TRUE	3	-	AA3_2(13-543)	AA3_e4(14-543)	AA3_2+AA3_2	AA3_2	-
gene_4914	mRNA_4914	OTHER	FALSE	1.000000	0.000000		FALSE	FALSE	0	-	-	-	-	-	-
gene_4915	mRNA_4915	OTHER	FALSE	1.000000	0.000000		FALSE	FALSE	0	-	-	-	-	-	-
gene_4916	mRNA_4916	OTHER	FALSE	1.000000	0.000000		TRUE	TRUE	3	2.4.1.-:1;3.2.1.-:2	GH17(530-799)	GH17_e67(532-800)	GH17	GH17_e67	-;beta-glucan
gene_4917	mRNA_4917	OTHER	FALSE	1.000000	0.000011		FALSE	FALSE	0	-	-	-	-	-	-
gene_4918	mRNA_4918	OTHER	FALSE	1.000000	0.000000		FALSE	FALSE	0	-	-	-	-	-	-
gene_4919	mRNA_4919	OTHER	FALSE	0.999928	0.000093		TRUE	FALSE	1	-	-	-	PL7_4+PL7_4	-	-
gene_4920	mRNA_4920	OTHER	FALSE	1.000000	0.000000		FALSE	FALSE	0	-	-	-	-	-	-
gene_4921	mRNA_4921	OTHER	FALSE	1.000000	0.000021		TRUE	TRUE	2	-	-	AA8_e6(1-87)	AA8	AA8_e6	lignin
gene_4922	mRNA_4922	OTHER	FALSE	1.000000	0.000000		FALSE	FALSE	0	-	-	-	-	-	-
gene_4923	mRNA_4923	OTHER	FALSE	0.999920	0.000087		TRUE	FALSE	1	-	-	-	GH3	-	-
gene_4924	mRNA_4924	OTHER	FALSE	0.999980	0.000039		FALSE	FALSE	0	-	-	-	-	-	-
gene_4925	mRNA_4925	OTHER	FALSE	0.915309	0.084706		FALSE	FALSE	0	-	-	-	-	-	-
gene_4926	mRNA_4926	OTHER	FALSE	1.000000	0.000000		FALSE	FALSE	0	-	-	-	-	-	-
gene_4927	mRNA_4927	OTHER	FALSE	1.000000	0.000000		FALSE	FALSE	0	-	-	-	-	-	-
gene_4928	mRNA_4928	OTHER	FALSE	1.000000	0.000001		FALSE	FALSE	0	-	-	-	-	-	-
gene_4929	mRNA_4929	OTHER	FALSE	1.000000	0.000000		FALSE	FALSE	0	-	-	-	-	-	-
gene_4930	mRNA_4930	OTHER	FALSE	1.000000	0.000000		TRUE	FALSE	1	-	-	-	GT4	-	-
gene_4931	mRNA_4931	OTHER	FALSE	1.000000	0.000000		FALSE	FALSE	0	-	-	-	-	-	-
gene_4932	mRNA_4932	OTHER	FALSE	1.000000	0.000001		FALSE	FALSE	0	-	-	-	-	-	-
gene_4933	mRNA_4933	OTHER	FALSE	1.000000	0.000000		FALSE	FALSE	0	-	-	-	-	-	-
gene_4934	mRNA_4934	OTHER	FALSE	1.000000	0.000001		FALSE	FALSE	0	-	-	-	-	-	-
gene_4935	mRNA_4935	OTHER	FALSE	1.000000	0.000000		FALSE	FALSE	0	-	-	-	-	-	-
gene_4936	mRNA_4936	OTHER	FALSE	1.000000	0.000000		FALSE	FALSE	0	-	-	-	-	-	-
gene_4937	mRNA_4937	SP	TRUE	0.000337	0.999628	CS pos: 17-18. Pr: 0.9636	FALSE	FALSE	0	-	-	-	-	-	-
gene_4938	mRNA_4938	OTHER	FALSE	1.000000	0.000002		FALSE	FALSE	0	-	-	-	-	-	-
gene_4939	mRNA_4939	OTHER	FALSE	0.999546	0.000452		FALSE	FALSE	0	-	-	-	-	-	-
gene_4940	mRNA_4940	OTHER	FALSE	1.000000	0.000000		FALSE	FALSE	0	-	-	-	-	-	-
gene_4941	mRNA_4941	OTHER	FALSE	1.000000	0.000000		TRUE	FALSE	1	-	-	-	GT0	-	-
gene_4942	mRNA_4942	OTHER	FALSE	1.000000	0.000001		FALSE	FALSE	0	-	-	-	-	-	-
gene_4943	mRNA_4943	OTHER	FALSE	1.000000	0.000000		FALSE	FALSE	0	-	-	-	-	-	-
gene_4944	mRNA_4944	OTHER	FALSE	0.999971	0.000086		FALSE	FALSE	0	-	-	-	-	-	-
gene_4945	mRNA_4945	OTHER	FALSE	1.000000	0.000000		FALSE	FALSE	0	-	-	-	-	-	-
gene_4946	mRNA_4946	OTHER	FALSE	1.000000	0.000004		TRUE	FALSE	1	-	-	-	CE1	-	-
gene_4947	mRNA_4947	OTHER	FALSE	1.000000	0.000007		FALSE	FALSE	0	-	-	-	-	-	-
gene_4948	mRNA_4948	OTHER	FALSE	1.000000	0.000000		FALSE	FALSE	0	-	-	-	-	-	-
gene_4949	mRNA_4949	OTHER	FALSE	0.999998	0.000026		TRUE	FALSE	1	-	-	-	GH154	-	-
gene_4950	mRNA_4950	OTHER	FALSE	1.000000	0.000001		FALSE	FALSE	0	-	-	-	-	-	-
gene_4951	mRNA_4951	OTHER	FALSE	1.000000	0.000000		FALSE	FALSE	0	-	-	-	-	-	-
gene_4952	mRNA_4952	OTHER	FALSE	1.000000	0.000003		FALSE	FALSE	0	-	-	-	-	-	-
gene_4953	mRNA_4953	OTHER	FALSE	0.982065	0.017935		FALSE	FALSE	0	-	-	-	-	-	-
gene_4954	mRNA_4954	OTHER	FALSE	0.999982	0.000031		FALSE	FALSE	0	-	-	-	-	-	-
gene_4955	mRNA_4955	OTHER	FALSE	1.000000	0.000000		FALSE	FALSE	0	-	-	-	-	-	-
gene_4956	mRNA_4956	OTHER	FALSE	0.999888	0.000153		TRUE	FALSE	1	-	-	-	GT0	-	-
gene_4957	mRNA_4957	OTHER	FALSE	1.000000	0.000000		TRUE	FALSE	1	-	-	-	AA1	-	-
gene_4958	mRNA_4958	OTHER	FALSE	1.000000	0.000000		FALSE	FALSE	0	-	-	-	-	-	-
gene_4959	mRNA_4959	OTHER	FALSE	1.000000	0.000000		FALSE	FALSE	0	-	-	-	-	-	-
gene_4960	mRNA_4960	SP	TRUE	0.000227	0.999751	CS pos: 22-23. Pr: 0.9829	FALSE	FALSE	0	-	-	-	-	-	-
gene_4961	mRNA_4961	OTHER	FALSE	1.000000	0.000001		FALSE	FALSE	0	-	-	-	-	-	-
gene_4962	mRNA_4962	OTHER	FALSE	1.000000	0.000000		FALSE	FALSE	0	-	-	-	-	-	-
gene_4963	mRNA_4963	OTHER	FALSE	1.000000	0.000001		TRUE	FALSE	1	-	-	-	GT2	-	-
gene_4964	mRNA_4964	OTHER	FALSE	1.000000	0.000001		FALSE	FALSE	0	-	-	-	-	-	-
gene_4965	mRNA_4965	SP	TRUE	0.118394	0.881571	CS pos: 22-23. Pr: 0.5560	TRUE	FALSE	1	-	-	-	CBM50+CBM50+CBM50	-	-
gene_4966	mRNA_4966	OTHER	FALSE	1.000000	0.000000		FALSE	FALSE	0	-	-	-	-	-	-
gene_4967	mRNA_4967	OTHER	FALSE	0.999805	0.000225		TRUE	FALSE	1	-	-	-	GT0	-	-
gene_4968	mRNA_4968	OTHER	FALSE	1.000000	0.000000		TRUE	FALSE	1	-	-	-	CE0	-	-
gene_4969	mRNA_4969	OTHER	FALSE	1.000000	0.000000		FALSE	FALSE	0	-	-	-	-	-	-
gene_4970	mRNA_4970	OTHER	FALSE	1.000000	0.000000		FALSE	FALSE	0	-	-	-	-	-	-
gene_4971	mRNA_4971	OTHER	FALSE	1.000000	0.000000		TRUE	FALSE	1	-	-	-	GT15	-	-
gene_4972	mRNA_4972	OTHER	FALSE	1.000000	0.000000		FALSE	FALSE	0	-	-	-	-	-	-
gene_4973	mRNA_4973	OTHER	FALSE	1.000000	0.000000		FALSE	FALSE	0	-	-	-	-	-	-
gene_4974	mRNA_4974	OTHER	FALSE	1.000000	0.000000		FALSE	FALSE	0	-	-	-	-	-	-
gene_4975	mRNA_4975	OTHER	FALSE	1.000000	0.000000		FALSE	FALSE	0	-	-	-	-	-	-
gene_4976	mRNA_4976	SP	TRUE	0.000270	0.999705	CS pos: 19-20. Pr: 0.9817	FALSE	FALSE	0	-	-	-	-	-	-
gene_4977	mRNA_4977	OTHER	FALSE	1.000000	0.000000		FALSE	FALSE	0	-	-	-	-	-	-
gene_4978	mRNA_4978	OTHER	FALSE	1.000000	0.000000		FALSE	FALSE	0	-	-	-	-	-	-
gene_4979	mRNA_4979	OTHER	FALSE	1.000000	0.000028		FALSE	FALSE	0	-	-	-	-	-	-
gene_4980	mRNA_4980	OTHER	FALSE	1.000000	0.000000		FALSE	FALSE	0	-	-	-	-	-	-
gene_4981	mRNA_4981	OTHER	FALSE	1.000000	0.000000		TRUE	FALSE	1	-	-	-	GH37	-	-
gene_4982	mRNA_4982	SP	TRUE	0.238296	0.761673	CS pos: 32-33. Pr: 0.6966	FALSE	FALSE	0	-	-	-	-	-	-
gene_4983	mRNA_4983	OTHER	FALSE	1.000000	0.000000		FALSE	FALSE	0	-	-	-	-	-	-
gene_4984	mRNA_4984	OTHER	FALSE	1.000000	0.000005		FALSE	FALSE	0	-	-	-	-	-	-
gene_4985	mRNA_4985	OTHER	FALSE	1.000000	0.000000		TRUE	FALSE	1	-	-	-	GH78	-	-
gene_4986	mRNA_4986	OTHER	FALSE	1.000000	0.000000		FALSE	FALSE	0	-	-	-	-	-	-
gene_4987	mRNA_4987	SP	TRUE	0.000215	0.999781	CS pos: 19-20. Pr: 0.9813	FALSE	FALSE	0	-	-	-	-	-	-
gene_4988	mRNA_4988	OTHER	FALSE	0.999993	0.000043		FALSE	FALSE	0	-	-	-	-	-	-
gene_4989	mRNA_4989	OTHER	FALSE	1.000000	0.000000		FALSE	FALSE	0	-	-	-	-	-	-
gene_4990	mRNA_4990	OTHER	FALSE	1.000000	0.000000		FALSE	FALSE	0	-	-	-	-	-	-
gene_4991	mRNA_4991	OTHER	FALSE	1.000000	0.000005		FALSE	FALSE	0	-	-	-	-	-	-
gene_4992	mRNA_4992	OTHER	FALSE	1.000000	0.000000		FALSE	FALSE	0	-	-	-	-	-	-
gene_4993	mRNA_4993	OTHER	FALSE	1.000000	0.000000		FALSE	FALSE	0	-	-	-	-	-	-
gene_4994	mRNA_4994	OTHER	FALSE	1.000000	0.000000		FALSE	FALSE	0	-	-	-	-	-	-
gene_4995	mRNA_4995	OTHER	FALSE	1.000000	0.000000		FALSE	FALSE	0	-	-	-	-	-	-
gene_4996	mRNA_4996	OTHER	FALSE	1.000000	0.000002		TRUE	FALSE	1	-	-	-	GH3	-	-
gene_4997	mRNA_4997	OTHER	FALSE	1.000000	0.000001		TRUE	FALSE	1	-	-	-	CBM18	-	-
gene_4998	mRNA_4998	OTHER	FALSE	1.000000	0.000000		FALSE	FALSE	0	-	-	-	-	-	-
gene_4999	mRNA_4999	OTHER	FALSE	1.000000	0.000000		FALSE	FALSE	0	-	-	-	-	-	-
gene_5000	mRNA_5000	OTHER	FALSE	1.000000	0.000000		FALSE	FALSE	0	-	-	-	-	-	-
gene_5001	mRNA_5001	OTHER	FALSE	1.000000	0.000001		FALSE	FALSE	0	-	-	-	-	-	-
gene_5002	mRNA_5002	OTHER	FALSE	1.000000	0.000002		FALSE	FALSE	0	-	-	-	-	-	-
gene_5003	mRNA_5003	OTHER	FALSE	1.000000	0.000000		FALSE	FALSE	0	-	-	-	-	-	-
gene_5004	mRNA_5004	OTHER	FALSE	1.000000	0.000000		FALSE	FALSE	0	-	-	-	-	-	-
gene_5005	mRNA_5005	OTHER	FALSE	0.999944	0.000096		FALSE	FALSE	0	-	-	-	-	-	-
gene_5006	mRNA_5006	OTHER	FALSE	1.000000	0.000000		FALSE	FALSE	0	-	-	-	-	-	-
gene_5007	mRNA_5007	OTHER	FALSE	0.999982	0.000035		FALSE	FALSE	0	-	-	-	-	-	-
gene_5008	mRNA_5008	OTHER	FALSE	1.000000	0.000000		TRUE	FALSE	1	-	-	-	GH31_1+GH31_1	-	-
gene_5009	mRNA_5009	OTHER	FALSE	1.000000	0.000001		FALSE	FALSE	0	-	-	-	-	-	-
gene_5010	mRNA_5010	OTHER	FALSE	1.000000	0.000000		FALSE	FALSE	0	-	-	-	-	-	-
gene_5011	mRNA_5011	SP	TRUE	0.000343	0.999647	CS pos: 26-27. Pr: 0.5254	FALSE	FALSE	0	-	-	-	-	-	-
gene_5012	mRNA_5012	OTHER	FALSE	1.000000	0.000000		TRUE	FALSE	1	-	-	-	AA5_1	-	-
gene_5013	mRNA_5013	OTHER	FALSE	1.000000	0.000004		TRUE	FALSE	1	-	-	-	GH12	-	-
gene_5014	mRNA_5014	OTHER	FALSE	1.000000	0.000000		FALSE	FALSE	0	-	-	-	-	-	-
gene_5015	mRNA_5015	OTHER	FALSE	1.000000	0.000000		FALSE	FALSE	0	-	-	-	-	-	-
gene_5016	mRNA_5016	OTHER	FALSE	1.000000	0.000000		FALSE	FALSE	0	-	-	-	-	-	-
gene_5017	mRNA_5017	OTHER	FALSE	1.000000	0.000008		TRUE	FALSE	1	-	-	-	CBM50	-	-
gene_5018	mRNA_5018	OTHER	FALSE	1.000000	0.000000		TRUE	FALSE	1	-	-	-	GH3	-	-
gene_5019	mRNA_5019	OTHER	FALSE	1.000000	0.000003		FALSE	FALSE	0	-	-	-	-	-	-
gene_5020	mRNA_5020	OTHER	FALSE	1.000000	0.000000		FALSE	FALSE	0	-	-	-	-	-	-
gene_5021	mRNA_5021	OTHER	FALSE	1.000000	0.000000		FALSE	FALSE	0	-	-	-	-	-	-
gene_5022	mRNA_5022	OTHER	FALSE	1.000000	0.000000		FALSE	FALSE	0	-	-	-	-	-	-
gene_5023	mRNA_5023	OTHER	FALSE	1.000000	0.000000		FALSE	FALSE	0	-	-	-	-	-	-
gene_5024	mRNA_5024	OTHER	FALSE	1.000000	0.000003		FALSE	FALSE	0	-	-	-	-	-	-
gene_5025	mRNA_5025	OTHER	FALSE	1.000000	0.000000		FALSE	FALSE	0	-	-	-	-	-	-
gene_5026	mRNA_5026	SP	TRUE	0.000361	0.999622	CS pos: 17-18. Pr: 0.9719	FALSE	FALSE	0	-	-	-	-	-	-
gene_5027	mRNA_5027	OTHER	FALSE	1.000000	0.000001		FALSE	FALSE	0	-	-	-	-	-	-
gene_5028	mRNA_5028	OTHER	FALSE	1.000000	0.000002		FALSE	FALSE	0	-	-	-	-	-	-
gene_5029	mRNA_5029	OTHER	FALSE	1.000000	0.000000		FALSE	FALSE	0	-	-	-	-	-	-
gene_5030	mRNA_5030	OTHER	FALSE	1.000000	0.000000		FALSE	FALSE	0	-	-	-	-	-	-
gene_5031	mRNA_5031	OTHER	FALSE	1.000000	0.000000		FALSE	FALSE	0	-	-	-	-	-	-
gene_5032	mRNA_5032	OTHER	FALSE	1.000000	0.000000		FALSE	FALSE	0	-	-	-	-	-	-
gene_5033	mRNA_5033	OTHER	FALSE	1.000000	0.000000		FALSE	FALSE	0	-	-	-	-	-	-
gene_5034	mRNA_5034	OTHER	FALSE	0.999918	0.000113		FALSE	FALSE	0	-	-	-	-	-	-
gene_5035	mRNA_5035	OTHER	FALSE	1.000000	0.000004		FALSE	FALSE	0	-	-	-	-	-	-
gene_5036	mRNA_5036	OTHER	FALSE	0.999904	0.000140		FALSE	FALSE	0	-	-	-	-	-	-
gene_5037	mRNA_5037	OTHER	FALSE	1.000000	0.000025		TRUE	TRUE	3	3.2.1.37:21;3.2.1.55:3;3.2.1.-:1|-	GH43_11(4-305)+CBM91(354-567)	GH43_e285(5-306)+CBM91_e24(354-566)	GH43_11+CBM91+GH43_11	GH43_11|CBM91_e24	arabinan;xylan
gene_5038	mRNA_5038	OTHER	FALSE	1.000000	0.000001		FALSE	FALSE	0	-	-	-	-	-	-
gene_5039	mRNA_5039	OTHER	FALSE	1.000000	0.000001		FALSE	FALSE	0	-	-	-	-	-	-
gene_5040	mRNA_5040	OTHER	FALSE	1.000000	0.000001		FALSE	FALSE	0	-	-	-	-	-	-
gene_5041	mRNA_5041	OTHER	FALSE	1.000000	0.000000		FALSE	FALSE	0	-	-	-	-	-	-
gene_5042	mRNA_5042	OTHER	FALSE	0.999972	0.000025		FALSE	FALSE	0	-	-	-	-	-	-
gene_5043	mRNA_5043	OTHER	FALSE	1.000000	0.000000		FALSE	FALSE	0	-	-	-	-	-	-
gene_5044	mRNA_5044	OTHER	FALSE	1.000000	0.000000		TRUE	FALSE	1	-	-	-	GH89	-	-
gene_5045	mRNA_5045	OTHER	FALSE	1.000000	0.000000		FALSE	FALSE	0	-	-	-	-	-	-
gene_5046	mRNA_5046	OTHER	FALSE	1.000000	0.000040		FALSE	FALSE	0	-	-	-	-	-	-
gene_5047	mRNA_5047	OTHER	FALSE	1.000000	0.000000		TRUE	FALSE	1	-	-	-	GH5_5+GH5_5	-	-
gene_5048	mRNA_5048	OTHER	FALSE	1.000000	0.000000		FALSE	FALSE	0	-	-	-	-	-	-
gene_5049	mRNA_5049	OTHER	FALSE	1.000000	0.000001		TRUE	FALSE	1	-	-	-	GT58	-	-
gene_5050	mRNA_5050	OTHER	FALSE	1.000000	0.000000		FALSE	FALSE	0	-	-	-	-	-	-
gene_5051	mRNA_5051	OTHER	FALSE	1.000000	0.000000		FALSE	FALSE	0	-	-	-	-	-	-
gene_5052	mRNA_5052	OTHER	FALSE	1.000000	0.000001		FALSE	FALSE	0	-	-	-	-	-	-
gene_5053	mRNA_5053	OTHER	FALSE	1.000000	0.000000		FALSE	FALSE	0	-	-	-	-	-	-
gene_5054	mRNA_5054	OTHER	FALSE	1.000000	0.000003		FALSE	FALSE	0	-	-	-	-	-	-
gene_5055	mRNA_5055	OTHER	FALSE	1.000000	0.000002		FALSE	FALSE	0	-	-	-	-	-	-
gene_5056	mRNA_5056	OTHER	FALSE	1.000000	0.000000		FALSE	FALSE	0	-	-	-	-	-	-
gene_5057	mRNA_5057	OTHER	FALSE	0.999978	0.000065		FALSE	FALSE	0	-	-	-	-	-	-
gene_5058	mRNA_5058	OTHER	FALSE	0.999999	0.000000		FALSE	FALSE	0	-	-	-	-	-	-
gene_5059	mRNA_5059	OTHER	FALSE	1.000000	0.000001		FALSE	FALSE	0	-	-	-	-	-	-
gene_5060	mRNA_5060	OTHER	FALSE	1.000000	0.000001		FALSE	FALSE	0	-	-	-	-	-	-
gene_5061	mRNA_5061	OTHER	FALSE	1.000000	0.000000		FALSE	FALSE	0	-	-	-	-	-	-
gene_5062	mRNA_5062	SP	TRUE	0.000241	0.999729	CS pos: 20-21. Pr: 0.9681	TRUE	TRUE	3	3.1.1.6:1	CE16(34-339)	CE16_e10(35-340)	CE16	CE16_e10	xylan
gene_5063	mRNA_5063	OTHER	FALSE	0.999942	0.000122		TRUE	FALSE	1	-	-	-	GH76	-	-
gene_5064	mRNA_5064	OTHER	FALSE	1.000000	0.000025		FALSE	FALSE	0	-	-	-	-	-	-
gene_5065	mRNA_5065	SP	TRUE	0.000248	0.999746	CS pos: 24-25. Pr: 0.9343	TRUE	TRUE	3	1.10.3.2:1	AA1(73-249)+AA1(335-626)	AA1_e8(74-626)	AA1	AA1_e8	lignin
gene_5066	mRNA_5066	SP	TRUE	0.000616	0.999349	CS pos: 24-25. Pr: 0.8808	TRUE	TRUE	3	-	GH76(33-415)	GH76_e9(36-405)	GH76	GH76_e9	-
gene_5067	mRNA_5067	OTHER	FALSE	1.000000	0.000014		FALSE	FALSE	0	-	-	-	-	-	-
gene_5068	mRNA_5068	OTHER	FALSE	0.947436	0.052579		FALSE	FALSE	0	-	-	-	-	-	-
gene_5069	mRNA_5069	OTHER	FALSE	1.000000	0.000000		FALSE	FALSE	0	-	-	-	-	-	-
gene_5070	mRNA_5070	OTHER	FALSE	1.000000	0.000000		FALSE	FALSE	0	-	-	-	-	-	-
gene_5071	mRNA_5071	OTHER	FALSE	1.000000	0.000000		TRUE	FALSE	1	-	-	-	GT57	-	-
gene_5072	mRNA_5072	OTHER	FALSE	1.000000	0.000000		FALSE	FALSE	0	-	-	-	-	-	-
gene_5073	mRNA_5073	OTHER	FALSE	1.000000	0.000000		FALSE	FALSE	0	-	-	-	-	-	-
gene_5074	mRNA_5074	OTHER	FALSE	1.000000	0.000000		FALSE	FALSE	0	-	-	-	-	-	-
gene_5075	mRNA_5075	OTHER	FALSE	1.000000	0.000000		FALSE	FALSE	0	-	-	-	-	-	-
gene_5076	mRNA_5076	OTHER	FALSE	1.000000	0.000000		FALSE	FALSE	0	-	-	-	-	-	-
gene_5077	mRNA_5077	OTHER	FALSE	1.000000	0.000000		FALSE	FALSE	0	-	-	-	-	-	-
gene_5078	mRNA_5078	OTHER	FALSE	1.000000	0.000008		FALSE	FALSE	0	-	-	-	-	-	-
gene_5079	mRNA_5079	OTHER	FALSE	1.000000	0.000007		FALSE	FALSE	0	-	-	-	-	-	-
gene_5080	mRNA_5080	OTHER	FALSE	1.000000	0.000001		FALSE	FALSE	0	-	-	-	-	-	-
gene_5081	mRNA_5081	OTHER	FALSE	1.000000	0.000000		FALSE	FALSE	0	-	-	-	-	-	-
gene_5082	mRNA_5082	OTHER	FALSE	1.000000	0.000000		FALSE	FALSE	0	-	-	-	-	-	-
gene_5083	mRNA_5083	OTHER	FALSE	1.000000	0.000000		FALSE	FALSE	0	-	-	-	-	-	-
gene_5084	mRNA_5084	OTHER	FALSE	1.000000	0.000000		FALSE	FALSE	0	-	-	-	-	-	-
gene_5085	mRNA_5085	OTHER	FALSE	1.000000	0.000000		FALSE	FALSE	0	-	-	-	-	-	-
gene_5086	mRNA_5086	OTHER	FALSE	1.000000	0.000000		FALSE	FALSE	0	-	-	-	-	-	-
gene_5087	mRNA_5087	OTHER	FALSE	1.000000	0.000001		FALSE	FALSE	0	-	-	-	-	-	-
gene_5088	mRNA_5088	OTHER	FALSE	1.000000	0.000000		FALSE	FALSE	0	-	-	-	-	-	-
gene_5089	mRNA_5089	OTHER	FALSE	1.000000	0.000000		FALSE	FALSE	0	-	-	-	-	-	-
gene_5090	mRNA_5090	SP	TRUE	0.000507	0.999462	CS pos: 21-22. Pr: 0.9729	TRUE	FALSE	1	-	-	-	GH32	-	-
gene_5091	mRNA_5091	OTHER	FALSE	1.000000	0.000005		FALSE	FALSE	0	-	-	-	-	-	-
gene_5092	mRNA_5092	SP	TRUE	0.001070	0.998916	CS pos: 26-27. Pr: 0.9619	FALSE	FALSE	0	-	-	-	-	-	-
gene_5093	mRNA_5093	OTHER	FALSE	1.000000	0.000000		FALSE	FALSE	0	-	-	-	-	-	-
gene_5094	mRNA_5094	SP	TRUE	0.359504	0.640498	CS pos: 15-16. Pr: 0.5455	TRUE	FALSE	1	-	-	-	GH13	-	-
gene_5095	mRNA_5095	OTHER	FALSE	0.998968	0.001059		FALSE	FALSE	0	-	-	-	-	-	-
gene_5096	mRNA_5096	SP	TRUE	0.000280	0.999681	CS pos: 14-15. Pr: 0.9659	FALSE	FALSE	0	-	-	-	-	-	-
gene_5097	mRNA_5097	OTHER	FALSE	1.000000	0.000000		FALSE	FALSE	0	-	-	-	-	-	-
gene_5098	mRNA_5098	OTHER	FALSE	1.000000	0.000000		FALSE	FALSE	0	-	-	-	-	-	-
gene_5099	mRNA_5099	OTHER	FALSE	1.000000	0.000000		FALSE	FALSE	0	-	-	-	-	-	-
gene_5100	mRNA_5100	OTHER	FALSE	1.000000	0.000000		FALSE	FALSE	0	-	-	-	-	-	-
gene_5101	mRNA_5101	OTHER	FALSE	1.000000	0.000000		FALSE	FALSE	0	-	-	-	-	-	-
gene_5102	mRNA_5102	OTHER	FALSE	1.000000	0.000003		FALSE	FALSE	0	-	-	-	-	-	-
gene_5103	mRNA_5103	OTHER	FALSE	1.000000	0.000000		FALSE	FALSE	0	-	-	-	-	-	-
gene_5104	mRNA_5104	OTHER	FALSE	1.000000	0.000000		FALSE	FALSE	0	-	-	-	-	-	-
gene_5105	mRNA_5105	OTHER	FALSE	0.999778	0.000267		FALSE	FALSE	0	-	-	-	-	-	-
gene_5106	mRNA_5106	OTHER	FALSE	1.000000	0.000000		FALSE	FALSE	0	-	-	-	-	-	-
gene_5107	mRNA_5107	OTHER	FALSE	0.999815	0.000200		TRUE	FALSE	1	-	-	-	GH128	-	-
gene_5108	mRNA_5108	OTHER	FALSE	0.999780	0.000256		FALSE	FALSE	0	-	-	-	-	-	-
gene_5109	mRNA_5109	OTHER	FALSE	1.000000	0.000000		FALSE	FALSE	0	-	-	-	-	-	-
gene_5110	mRNA_5110	OTHER	FALSE	1.000000	0.000000		FALSE	FALSE	0	-	-	-	-	-	-
gene_5111	mRNA_5111	OTHER	FALSE	1.000000	0.000022		FALSE	FALSE	0	-	-	-	-	-	-
gene_5112	mRNA_5112	OTHER	FALSE	1.000000	0.000001		FALSE	FALSE	0	-	-	-	-	-	-
gene_5113	mRNA_5113	SP	TRUE	0.000952	0.999029	CS pos: 18-19. Pr: 0.9494	FALSE	FALSE	0	-	-	-	-	-	-
gene_5114	mRNA_5114	OTHER	FALSE	0.784657	0.215351		FALSE	FALSE	0	-	-	-	-	-	-
gene_5115	mRNA_5115	OTHER	FALSE	1.000000	0.000000		TRUE	FALSE	1	-	-	-	CBM1+GH18	-	-
gene_5116	mRNA_5116	OTHER	FALSE	1.000000	0.000000		TRUE	TRUE	3	-	GT2(10-180)	GT2(11-179)	GT2	GT2	-
gene_5117	mRNA_5117	OTHER	FALSE	1.000000	0.000000		FALSE	FALSE	0	-	-	-	-	-	-
gene_5118	mRNA_5118	OTHER	FALSE	0.999941	0.000113		FALSE	FALSE	0	-	-	-	-	-	-
gene_5119	mRNA_5119	OTHER	FALSE	1.000000	0.000000		FALSE	FALSE	0	-	-	-	-	-	-
gene_5120	mRNA_5120	OTHER	FALSE	1.000000	0.000000		TRUE	FALSE	1	-	-	-	GH76	-	-
gene_5121	mRNA_5121	OTHER	FALSE	1.000000	0.000000		FALSE	FALSE	0	-	-	-	-	-	-
gene_5122	mRNA_5122	OTHER	FALSE	1.000000	0.000000		FALSE	FALSE	0	-	-	-	-	-	-
gene_5123	mRNA_5123	OTHER	FALSE	1.000000	0.000003		FALSE	FALSE	0	-	-	-	-	-	-
gene_5124	mRNA_5124	OTHER	FALSE	1.000000	0.000000		FALSE	FALSE	0	-	-	-	-	-	-
gene_5125	mRNA_5125	OTHER	FALSE	1.000000	0.000011		FALSE	FALSE	0	-	-	-	-	-	-
gene_5126	mRNA_5126	OTHER	FALSE	1.000000	0.000027		FALSE	FALSE	0	-	-	-	-	-	-
gene_5127	mRNA_5127	OTHER	FALSE	1.000000	0.000039		FALSE	FALSE	0	-	-	-	-	-	-
gene_5128	mRNA_5128	OTHER	FALSE	0.999583	0.000445		FALSE	FALSE	0	-	-	-	-	-	-
gene_5129	mRNA_5129	OTHER	FALSE	0.999965	0.000049		TRUE	TRUE	3	-	GT34(114-339)	GT34_e9(115-337)	GT34	GT34_e9	-
gene_5130	mRNA_5130	OTHER	FALSE	1.000000	0.000001		TRUE	FALSE	1	-	-	-	GT34	-	-
gene_5131	mRNA_5131	OTHER	FALSE	1.000000	0.000000		TRUE	FALSE	1	-	-	-	GH79	-	-
gene_5132	mRNA_5132	OTHER	FALSE	1.000000	0.000000		FALSE	FALSE	0	-	-	-	-	-	-
gene_5133	mRNA_5133	OTHER	FALSE	1.000000	0.000000		TRUE	FALSE	1	-	-	-	GT35	-	-
gene_5134	mRNA_5134	OTHER	FALSE	0.999660	0.000364		FALSE	FALSE	0	-	-	-	-	-	-
gene_5135	mRNA_5135	OTHER	FALSE	1.000000	0.000000		FALSE	FALSE	0	-	-	-	-	-	-
gene_5136	mRNA_5136	OTHER	FALSE	1.000000	0.000000		FALSE	FALSE	0	-	-	-	-	-	-
gene_5137	mRNA_5137	OTHER	FALSE	1.000000	0.000000		TRUE	FALSE	1	-	-	-	GT7	-	-
gene_5138	mRNA_5138	SP	TRUE	0.000300	0.999669	CS pos: 29-30. Pr: 0.9764	FALSE	FALSE	0	-	-	-	-	-	-
gene_5139	mRNA_5139	OTHER	FALSE	1.000000	0.000000		FALSE	FALSE	0	-	-	-	-	-	-
gene_5140	mRNA_5140	OTHER	FALSE	1.000000	0.000001		FALSE	FALSE	0	-	-	-	-	-	-
gene_5141	mRNA_5141	OTHER	FALSE	1.000000	0.000000		FALSE	FALSE	0	-	-	-	-	-	-
gene_5142	mRNA_5142	OTHER	FALSE	1.000000	0.000000		FALSE	FALSE	0	-	-	-	-	-	-
gene_5143	mRNA_5143	OTHER	FALSE	1.000000	0.000000		FALSE	FALSE	0	-	-	-	-	-	-
gene_5144	mRNA_5144	OTHER	FALSE	1.000000	0.000000		FALSE	FALSE	0	-	-	-	-	-	-
gene_5145	mRNA_5145	OTHER	FALSE	1.000000	0.000000		FALSE	FALSE	0	-	-	-	-	-	-
gene_5146	mRNA_5146	OTHER	FALSE	1.000000	0.000002		TRUE	FALSE	1	-	-	-	GH15	-	-
gene_5147	mRNA_5147	OTHER	FALSE	1.000000	0.000008		FALSE	FALSE	0	-	-	-	-	-	-
gene_5148	mRNA_5148	OTHER	FALSE	1.000000	0.000031		FALSE	FALSE	0	-	-	-	-	-	-
gene_5149	mRNA_5149	OTHER	FALSE	1.000000	0.000000		FALSE	FALSE	0	-	-	-	-	-	-
gene_5150	mRNA_5150	OTHER	FALSE	1.000000	0.000000		FALSE	FALSE	0	-	-	-	-	-	-
gene_5151	mRNA_5151	OTHER	FALSE	0.999852	0.000164		TRUE	FALSE	1	-	-	-	CBM18	-	-
gene_5152	mRNA_5152	OTHER	FALSE	0.999389	0.000621		FALSE	FALSE	0	-	-	-	-	-	-
gene_5153	mRNA_5153	OTHER	FALSE	1.000000	0.000000		FALSE	FALSE	0	-	-	-	-	-	-
gene_5154	mRNA_5154	OTHER	FALSE	1.000000	0.000006		TRUE	FALSE	1	-	-	-	CE8	-	-
gene_5155	mRNA_5155	OTHER	FALSE	1.000000	0.000000		FALSE	FALSE	0	-	-	-	-	-	-
gene_5156	mRNA_5156	OTHER	FALSE	1.000000	0.000001		FALSE	FALSE	0	-	-	-	-	-	-
gene_5157	mRNA_5157	OTHER	FALSE	1.000000	0.000000		FALSE	FALSE	0	-	-	-	-	-	-
gene_5158	mRNA_5158	OTHER	FALSE	1.000000	0.000017		FALSE	FALSE	0	-	-	-	-	-	-
gene_5159	mRNA_5159	OTHER	FALSE	1.000000	0.000000		TRUE	FALSE	1	-	-	-	CE4	-	-
gene_5160	mRNA_5160	OTHER	FALSE	1.000000	0.000000		TRUE	TRUE	3	-	CE4(33-176)	CE4_e357(36-177)	CE4	CE4_e357	-
gene_5161	mRNA_5161	OTHER	FALSE	1.000000	0.000000		FALSE	FALSE	0	-	-	-	-	-	-
gene_5162	mRNA_5162	OTHER	FALSE	1.000000	0.000000		FALSE	FALSE	0	-	-	-	-	-	-
gene_5163	mRNA_5163	OTHER	FALSE	1.000000	0.000000		FALSE	FALSE	0	-	-	-	-	-	-
gene_5164	mRNA_5164	OTHER	FALSE	1.000000	0.000007		FALSE	FALSE	0	-	-	-	-	-	-
gene_5165	mRNA_5165	OTHER	FALSE	1.000000	0.000000		FALSE	FALSE	0	-	-	-	-	-	-
gene_5166	mRNA_5166	SP	TRUE	0.000246	0.999755	CS pos: 20-21. Pr: 0.9796	FALSE	FALSE	0	-	-	-	-	-	-
gene_5167	mRNA_5167	OTHER	FALSE	1.000000	0.000007		FALSE	FALSE	0	-	-	-	-	-	-
gene_5168	mRNA_5168	OTHER	FALSE	1.000000	0.000001		FALSE	FALSE	0	-	-	-	-	-	-
gene_5169	mRNA_5169	SP	TRUE	0.000210	0.999781	CS pos: 19-20. Pr: 0.9781	TRUE	TRUE	3	-	GH125(73-523)	GH125_e2(74-524)	GH125	GH125_e2	alpha-mannan
gene_5170	mRNA_5170	OTHER	FALSE	0.998032	0.001990		FALSE	FALSE	0	-	-	-	-	-	-
gene_5171	mRNA_5171	OTHER	FALSE	1.000000	0.000000		TRUE	FALSE	1	-	-	-	GH16_1+GH16_1	-	-
gene_5172	mRNA_5172	OTHER	FALSE	1.000000	0.000000		FALSE	FALSE	0	-	-	-	-	-	-
gene_5173	mRNA_5173	OTHER	FALSE	0.999971	0.000047		FALSE	FALSE	0	-	-	-	-	-	-
gene_5174	mRNA_5174	OTHER	FALSE	1.000000	0.000000		FALSE	FALSE	0	-	-	-	-	-	-
gene_5175	mRNA_5175	OTHER	FALSE	0.999981	0.000037		FALSE	FALSE	0	-	-	-	-	-	-
gene_5176	mRNA_5176	SP	TRUE	0.000271	0.999673	CS pos: 22-23. Pr: 0.9821	FALSE	FALSE	0	-	-	-	-	-	-
gene_5177	mRNA_5177	OTHER	FALSE	1.000000	0.000001		FALSE	FALSE	0	-	-	-	-	-	-
gene_5178	mRNA_5178	OTHER	FALSE	1.000000	0.000000		FALSE	FALSE	0	-	-	-	-	-	-
gene_5179	mRNA_5179	OTHER	FALSE	0.999872	0.000178		FALSE	FALSE	0	-	-	-	-	-	-
gene_5180	mRNA_5180	OTHER	FALSE	1.000000	0.000000		FALSE	FALSE	0	-	-	-	-	-	-
gene_5181	mRNA_5181	OTHER	FALSE	1.000000	0.000000		FALSE	FALSE	0	-	-	-	-	-	-
gene_5182	mRNA_5182	OTHER	FALSE	1.000000	0.000000		FALSE	FALSE	0	-	-	-	-	-	-
gene_5183	mRNA_5183	OTHER	FALSE	1.000000	0.000000		FALSE	FALSE	0	-	-	-	-	-	-
gene_5184	mRNA_5184	OTHER	FALSE	1.000000	0.000029		TRUE	TRUE	3	-	AA4(124-358)	AA4_e1(130-368)	GH3	AA4_e1	lignin
gene_5185	mRNA_5185	OTHER	FALSE	1.000000	0.000000		TRUE	FALSE	1	-	-	-	CBM52	-	-
gene_5186	mRNA_5186	OTHER	FALSE	1.000000	0.000001		FALSE	FALSE	0	-	-	-	-	-	-
gene_5187	mRNA_5187	OTHER	FALSE	1.000000	0.000003		FALSE	FALSE	0	-	-	-	-	-	-
gene_5188	mRNA_5188	OTHER	FALSE	1.000000	0.000001		FALSE	FALSE	0	-	-	-	-	-	-
gene_5189	mRNA_5189	OTHER	FALSE	1.000000	0.000000		FALSE	FALSE	0	-	-	-	-	-	-
gene_5190	mRNA_5190	OTHER	FALSE	0.999772	0.000240		FALSE	FALSE	0	-	-	-	-	-	-
gene_5191	mRNA_5191	OTHER	FALSE	1.000000	0.000004		FALSE	FALSE	0	-	-	-	-	-	-
gene_5192	mRNA_5192	OTHER	FALSE	1.000000	0.000000		FALSE	FALSE	0	-	-	-	-	-	-
gene_5193	mRNA_5193	OTHER	FALSE	1.000000	0.000000		FALSE	FALSE	0	-	-	-	-	-	-
gene_5194	mRNA_5194	OTHER	FALSE	1.000000	0.000000		FALSE	FALSE	0	-	-	-	-	-	-
gene_5195	mRNA_5195	OTHER	FALSE	1.000000	0.000000		TRUE	TRUE	3	1.6.5.6:3	AA6(4-201)	AA6_e0(5-201)	AA6	AA6_e0	lignin
gene_5196	mRNA_5196	OTHER	FALSE	1.000000	0.000006		FALSE	FALSE	0	-	-	-	-	-	-
gene_5197	mRNA_5197	OTHER	FALSE	1.000000	0.000000		TRUE	FALSE	1	-	-	-	GT1	-	-
gene_5198	mRNA_5198	SP	TRUE	0.000239	0.999725	CS pos: 27-28. Pr: 0.9793	TRUE	FALSE	1	-	-	-	GT1	-	-
gene_5199	mRNA_5199	OTHER	FALSE	1.000000	0.000008		TRUE	FALSE	1	-	-	-	GH5	-	-
gene_5200	mRNA_5200	OTHER	FALSE	1.000000	0.000000		FALSE	FALSE	0	-	-	-	-	-	-
gene_5201	mRNA_5201	OTHER	FALSE	1.000000	0.000000		FALSE	FALSE	0	-	-	-	-	-	-
gene_5202	mRNA_5202	OTHER	FALSE	1.000000	0.000000		FALSE	FALSE	0	-	-	-	-	-	-
gene_5203	mRNA_5203	OTHER	FALSE	1.000000	0.000000		TRUE	FALSE	1	-	-	-	CE4	-	-
gene_5204	mRNA_5204	SP	TRUE	0.000670	0.999317	CS pos: 22-23. Pr: 0.9485	FALSE	FALSE	0	-	-	-	-	-	-
gene_5205	mRNA_5205	OTHER	FALSE	1.000000	0.000001		FALSE	FALSE	0	-	-	-	-	-	-
gene_5206	mRNA_5206	SP	TRUE	0.000340	0.999620	CS pos: 25-26. Pr: 0.8897	FALSE	FALSE	0	-	-	-	-	-	-
gene_5207	mRNA_5207	OTHER	FALSE	1.000000	0.000000		FALSE	FALSE	0	-	-	-	-	-	-
gene_5208	mRNA_5208	OTHER	FALSE	1.000000	0.000000		FALSE	FALSE	0	-	-	-	-	-	-
gene_5209	mRNA_5209	OTHER	FALSE	1.000000	0.000000		FALSE	FALSE	0	-	-	-	-	-	-
gene_5210	mRNA_5210	OTHER	FALSE	1.000000	0.000000		FALSE	FALSE	0	-	-	-	-	-	-
gene_5211	mRNA_5211	OTHER	FALSE	1.000000	0.000000		FALSE	FALSE	0	-	-	-	-	-	-
gene_5212	mRNA_5212	OTHER	FALSE	0.999789	0.000250		FALSE	FALSE	0	-	-	-	-	-	-
gene_5213	mRNA_5213	OTHER	FALSE	1.000000	0.000002		FALSE	FALSE	0	-	-	-	-	-	-
gene_5214	mRNA_5214	OTHER	FALSE	1.000000	0.000000		FALSE	FALSE	0	-	-	-	-	-	-
gene_5215	mRNA_5215	OTHER	FALSE	0.999849	0.000193		FALSE	FALSE	0	-	-	-	-	-	-
gene_5216	mRNA_5216	OTHER	FALSE	1.000000	0.000000		FALSE	FALSE	0	-	-	-	-	-	-
gene_5217	mRNA_5217	OTHER	FALSE	1.000000	0.000017		FALSE	FALSE	0	-	-	-	-	-	-
gene_5218	mRNA_5218	SP	TRUE	0.001018	0.998972	CS pos: 26-27. Pr: 0.9712	FALSE	FALSE	0	-	-	-	-	-	-
gene_5219	mRNA_5219	OTHER	FALSE	1.000000	0.000000		FALSE	FALSE	0	-	-	-	-	-	-
gene_5220	mRNA_5220	OTHER	FALSE	1.000000	0.000000		FALSE	FALSE	0	-	-	-	-	-	-
gene_5221	mRNA_5221	OTHER	FALSE	1.000000	0.000000		FALSE	FALSE	0	-	-	-	-	-	-
gene_5222	mRNA_5222	OTHER	FALSE	1.000000	0.000000		FALSE	FALSE	0	-	-	-	-	-	-
gene_5223	mRNA_5223	OTHER	FALSE	1.000000	0.000000		FALSE	FALSE	0	-	-	-	-	-	-
gene_5224	mRNA_5224	OTHER	FALSE	1.000000	0.000000		FALSE	FALSE	0	-	-	-	-	-	-
gene_5225	mRNA_5225	OTHER	FALSE	1.000000	0.000027		FALSE	FALSE	0	-	-	-	-	-	-
gene_5226	mRNA_5226	OTHER	FALSE	1.000000	0.000000		TRUE	FALSE	1	-	-	-	GH16_1+GH16_1	-	-
gene_5227	mRNA_5227	OTHER	FALSE	0.999584	0.000436		FALSE	FALSE	0	-	-	-	-	-	-
gene_5228	mRNA_5228	OTHER	FALSE	1.000000	0.000000		FALSE	FALSE	0	-	-	-	-	-	-
gene_5229	mRNA_5229	OTHER	FALSE	1.000000	0.000000		FALSE	FALSE	0	-	-	-	-	-	-
gene_5230	mRNA_5230	OTHER	FALSE	0.996594	0.003404		FALSE	FALSE	0	-	-	-	-	-	-
gene_5231	mRNA_5231	OTHER	FALSE	0.995160	0.004842		FALSE	FALSE	0	-	-	-	-	-	-
gene_5232	mRNA_5232	OTHER	FALSE	1.000000	0.000000		FALSE	FALSE	0	-	-	-	-	-	-
gene_5233	mRNA_5233	OTHER	FALSE	1.000000	0.000000		FALSE	FALSE	0	-	-	-	-	-	-
gene_5234	mRNA_5234	OTHER	FALSE	1.000000	0.000000		FALSE	FALSE	0	-	-	-	-	-	-
gene_5235	mRNA_5235	OTHER	FALSE	1.000000	0.000000		FALSE	FALSE	0	-	-	-	-	-	-
gene_5236	mRNA_5236	OTHER	FALSE	1.000000	0.000003		FALSE	FALSE	0	-	-	-	-	-	-
gene_5237	mRNA_5237	OTHER	FALSE	1.000000	0.000000		FALSE	FALSE	0	-	-	-	-	-	-
gene_5238	mRNA_5238	OTHER	FALSE	1.000000	0.000011		FALSE	FALSE	0	-	-	-	-	-	-
gene_5239	mRNA_5239	OTHER	FALSE	1.000000	0.000000		FALSE	FALSE	0	-	-	-	-	-	-
gene_5240	mRNA_5240	OTHER	FALSE	1.000000	0.000000		FALSE	FALSE	0	-	-	-	-	-	-
gene_5241	mRNA_5241	SP	TRUE	0.000273	0.999711	CS pos: 19-20. Pr: 0.9644	FALSE	FALSE	0	-	-	-	-	-	-
gene_5242	mRNA_5242	OTHER	FALSE	1.000000	0.000000		FALSE	FALSE	0	-	-	-	-	-	-
gene_5243	mRNA_5243	OTHER	FALSE	1.000000	0.000000		FALSE	FALSE	0	-	-	-	-	-	-
gene_5244	mRNA_5244	OTHER	FALSE	0.819843	0.180144		FALSE	FALSE	0	-	-	-	-	-	-
gene_5245	mRNA_5245	SP	TRUE	0.067151	0.932816	CS pos: 20-21. Pr: 0.8615	FALSE	FALSE	0	-	-	-	-	-	-
gene_5246	mRNA_5246	OTHER	FALSE	1.000000	0.000000		FALSE	FALSE	0	-	-	-	-	-	-
gene_5247	mRNA_5247	OTHER	FALSE	1.000000	0.000003		FALSE	FALSE	0	-	-	-	-	-	-
gene_5248	mRNA_5248	OTHER	FALSE	0.997060	0.002958		FALSE	FALSE	0	-	-	-	-	-	-
gene_5249	mRNA_5249	SP	TRUE	0.000249	0.999735	CS pos: 19-20. Pr: 0.9745	FALSE	FALSE	0	-	-	-	-	-	-
gene_5250	mRNA_5250	OTHER	FALSE	1.000000	0.000003		FALSE	FALSE	0	-	-	-	-	-	-
gene_5251	mRNA_5251	OTHER	FALSE	0.999936	0.000069		FALSE	FALSE	0	-	-	-	-	-	-
gene_5252	mRNA_5252	OTHER	FALSE	1.000000	0.000000		FALSE	FALSE	0	-	-	-	-	-	-
gene_5253	mRNA_5253	OTHER	FALSE	1.000000	0.000000		FALSE	FALSE	0	-	-	-	-	-	-
gene_5254	mRNA_5254	OTHER	FALSE	1.000000	0.000001		FALSE	FALSE	0	-	-	-	-	-	-
gene_5255	mRNA_5255	OTHER	FALSE	1.000000	0.000000		FALSE	FALSE	0	-	-	-	-	-	-
gene_5256	mRNA_5256	OTHER	FALSE	1.000000	0.000001		FALSE	FALSE	0	-	-	-	-	-	-
gene_5257	mRNA_5257	OTHER	FALSE	1.000000	0.000000		FALSE	FALSE	0	-	-	-	-	-	-
gene_5258	mRNA_5258	OTHER	FALSE	1.000000	0.000001		FALSE	FALSE	0	-	-	-	-	-	-
gene_5259	mRNA_5259	OTHER	FALSE	1.000000	0.000000		FALSE	FALSE	0	-	-	-	-	-	-
gene_5260	mRNA_5260	OTHER	FALSE	1.000000	0.000000		FALSE	FALSE	0	-	-	-	-	-	-
gene_5261	mRNA_5261	OTHER	FALSE	1.000000	0.000000		TRUE	FALSE	1	-	-	-	GH5_12	-	-
gene_5262	mRNA_5262	OTHER	FALSE	1.000000	0.000000		FALSE	FALSE	0	-	-	-	-	-	-
gene_5263	mRNA_5263	OTHER	FALSE	1.000000	0.000001		FALSE	FALSE	0	-	-	-	-	-	-
gene_5264	mRNA_5264	OTHER	FALSE	1.000000	0.000001		FALSE	FALSE	0	-	-	-	-	-	-
gene_5265	mRNA_5265	OTHER	FALSE	1.000000	0.000000		FALSE	FALSE	0	-	-	-	-	-	-
gene_5266	mRNA_5266	OTHER	FALSE	1.000000	0.000000		FALSE	FALSE	0	-	-	-	-	-	-
gene_5267	mRNA_5267	OTHER	FALSE	1.000000	0.000000		FALSE	FALSE	0	-	-	-	-	-	-
gene_5268	mRNA_5268	OTHER	FALSE	1.000000	0.000006		FALSE	FALSE	0	-	-	-	-	-	-
gene_5269	mRNA_5269	OTHER	FALSE	1.000000	0.000000		FALSE	FALSE	0	-	-	-	-	-	-
gene_5270	mRNA_5270	OTHER	FALSE	1.000000	0.000000		FALSE	FALSE	0	-	-	-	-	-	-
gene_5271	mRNA_5271	OTHER	FALSE	1.000000	0.000000		FALSE	FALSE	0	-	-	-	-	-	-
gene_5272	mRNA_5272	OTHER	FALSE	1.000000	0.000000		FALSE	FALSE	0	-	-	-	-	-	-
gene_5273	mRNA_5273	OTHER	FALSE	1.000000	0.000000		FALSE	FALSE	0	-	-	-	-	-	-
gene_5274	mRNA_5274	OTHER	FALSE	1.000000	0.000001		FALSE	FALSE	0	-	-	-	-	-	-
gene_5275	mRNA_5275	OTHER	FALSE	0.999938	0.000055		FALSE	FALSE	0	-	-	-	-	-	-
gene_5276	mRNA_5276	OTHER	FALSE	1.000000	0.000000		FALSE	FALSE	0	-	-	-	-	-	-
gene_5277	mRNA_5277	OTHER	FALSE	0.999183	0.000840		FALSE	FALSE	0	-	-	-	-	-	-
gene_5278	mRNA_5278	OTHER	FALSE	1.000000	0.000000		FALSE	FALSE	0	-	-	-	-	-	-
gene_5279	mRNA_5279	OTHER	FALSE	0.999845	0.000198		FALSE	FALSE	0	-	-	-	-	-	-
gene_5280	mRNA_5280	OTHER	FALSE	1.000000	0.000002		FALSE	FALSE	0	-	-	-	-	-	-
gene_5281	mRNA_5281	OTHER	FALSE	1.000000	0.000028		TRUE	FALSE	1	-	-	-	GT59	-	-
gene_5282	mRNA_5282	OTHER	FALSE	0.999974	0.000049		FALSE	FALSE	0	-	-	-	-	-	-
gene_5283	mRNA_5283	OTHER	FALSE	1.000000	0.000000		FALSE	FALSE	0	-	-	-	-	-	-
gene_5284	mRNA_5284	OTHER	FALSE	1.000000	0.000000		FALSE	FALSE	0	-	-	-	-	-	-
gene_5285	mRNA_5285	OTHER	FALSE	1.000000	0.000000		FALSE	FALSE	0	-	-	-	-	-	-
gene_5286	mRNA_5286	OTHER	FALSE	1.000000	0.000003		FALSE	FALSE	0	-	-	-	-	-	-
gene_5287	mRNA_5287	OTHER	FALSE	1.000000	0.000002		FALSE	FALSE	0	-	-	-	-	-	-
gene_5288	mRNA_5288	OTHER	FALSE	1.000000	0.000000		FALSE	FALSE	0	-	-	-	-	-	-
gene_5289	mRNA_5289	OTHER	FALSE	1.000000	0.000006		FALSE	FALSE	0	-	-	-	-	-	-
gene_5290	mRNA_5290	OTHER	FALSE	1.000000	0.000000		FALSE	FALSE	0	-	-	-	-	-	-
gene_5291	mRNA_5291	OTHER	FALSE	1.000000	0.000001		FALSE	FALSE	0	-	-	-	-	-	-
gene_5292	mRNA_5292	OTHER	FALSE	1.000000	0.000000		FALSE	FALSE	0	-	-	-	-	-	-
gene_5293	mRNA_5293	OTHER	FALSE	1.000000	0.000001		FALSE	FALSE	0	-	-	-	-	-	-
gene_5294	mRNA_5294	OTHER	FALSE	1.000000	0.000000		FALSE	FALSE	0	-	-	-	-	-	-
gene_5295	mRNA_5295	OTHER	FALSE	1.000000	0.000000		FALSE	FALSE	0	-	-	-	-	-	-
gene_5296	mRNA_5296	OTHER	FALSE	1.000000	0.000000		FALSE	FALSE	0	-	-	-	-	-	-
gene_5297	mRNA_5297	OTHER	FALSE	1.000000	0.000000		FALSE	FALSE	0	-	-	-	-	-	-
gene_5298	mRNA_5298	OTHER	FALSE	1.000000	0.000005		FALSE	FALSE	0	-	-	-	-	-	-
gene_5299	mRNA_5299	OTHER	FALSE	1.000000	0.000000		FALSE	FALSE	0	-	-	-	-	-	-
gene_5300	mRNA_5300	OTHER	FALSE	0.999865	0.000144		FALSE	FALSE	0	-	-	-	-	-	-
gene_5301	mRNA_5301	OTHER	FALSE	1.000000	0.000001		TRUE	FALSE	1	-	-	-	GT39	-	-
gene_5302	mRNA_5302	OTHER	FALSE	1.000000	0.000001		FALSE	FALSE	0	-	-	-	-	-	-
gene_5303	mRNA_5303	OTHER	FALSE	1.000000	0.000000		FALSE	FALSE	0	-	-	-	-	-	-
gene_5304	mRNA_5304	OTHER	FALSE	1.000000	0.000000		TRUE	FALSE	1	-	-	-	GH0	-	-
gene_5305	mRNA_5305	OTHER	FALSE	1.000000	0.000000		FALSE	FALSE	0	-	-	-	-	-	-
gene_5306	mRNA_5306	OTHER	FALSE	1.000000	0.000001		FALSE	FALSE	0	-	-	-	-	-	-
gene_5307	mRNA_5307	OTHER	FALSE	1.000000	0.000000		FALSE	FALSE	0	-	-	-	-	-	-
gene_5308	mRNA_5308	OTHER	FALSE	1.000000	0.000000		FALSE	FALSE	0	-	-	-	-	-	-
gene_5309	mRNA_5309	OTHER	FALSE	1.000000	0.000000		FALSE	FALSE	0	-	-	-	-	-	-
gene_5310	mRNA_5310	OTHER	FALSE	1.000000	0.000000		FALSE	FALSE	0	-	-	-	-	-	-
gene_5311	mRNA_5311	OTHER	FALSE	1.000000	0.000000		FALSE	FALSE	0	-	-	-	-	-	-
gene_5312	mRNA_5312	OTHER	FALSE	1.000000	0.000001		FALSE	FALSE	0	-	-	-	-	-	-
gene_5313	mRNA_5313	OTHER	FALSE	1.000000	0.000000		TRUE	FALSE	1	-	-	-	AA1_2+AA1_2	-	-
gene_5314	mRNA_5314	OTHER	FALSE	1.000000	0.000001		FALSE	FALSE	0	-	-	-	-	-	-
gene_5315	mRNA_5315	OTHER	FALSE	1.000000	0.000000		FALSE	FALSE	0	-	-	-	-	-	-
gene_5316	mRNA_5316	OTHER	FALSE	1.000000	0.000003		FALSE	FALSE	0	-	-	-	-	-	-
gene_5317	mRNA_5317	OTHER	FALSE	1.000000	0.000000		FALSE	FALSE	0	-	-	-	-	-	-
gene_5318	mRNA_5318	OTHER	FALSE	1.000000	0.000000		FALSE	FALSE	0	-	-	-	-	-	-
gene_5319	mRNA_5319	OTHER	FALSE	1.000000	0.000001		FALSE	FALSE	0	-	-	-	-	-	-
gene_5320	mRNA_5320	OTHER	FALSE	0.900717	0.099303		FALSE	FALSE	0	-	-	-	-	-	-
gene_5321	mRNA_5321	OTHER	FALSE	0.994745	0.005271		FALSE	FALSE	0	-	-	-	-	-	-
gene_5322	mRNA_5322	OTHER	FALSE	1.000000	0.000012		FALSE	FALSE	0	-	-	-	-	-	-
gene_5323	mRNA_5323	OTHER	FALSE	1.000000	0.000000		FALSE	FALSE	0	-	-	-	-	-	-
gene_5324	mRNA_5324	OTHER	FALSE	1.000000	0.000000		FALSE	FALSE	0	-	-	-	-	-	-
gene_5325	mRNA_5325	OTHER	FALSE	1.000000	0.000000		FALSE	FALSE	0	-	-	-	-	-	-
gene_5326	mRNA_5326	OTHER	FALSE	1.000000	0.000000		FALSE	FALSE	0	-	-	-	-	-	-
gene_5327	mRNA_5327	OTHER	FALSE	1.000000	0.000000		FALSE	FALSE	0	-	-	-	-	-	-
gene_5328	mRNA_5328	OTHER	FALSE	1.000000	0.000000		FALSE	FALSE	0	-	-	-	-	-	-
gene_5329	mRNA_5329	OTHER	FALSE	1.000000	0.000013		FALSE	FALSE	0	-	-	-	-	-	-
gene_5330	mRNA_5330	OTHER	FALSE	1.000000	0.000000		FALSE	FALSE	0	-	-	-	-	-	-
gene_5331	mRNA_5331	OTHER	FALSE	1.000000	0.000000		FALSE	FALSE	0	-	-	-	-	-	-
gene_5332	mRNA_5332	OTHER	FALSE	1.000000	0.000013		FALSE	FALSE	0	-	-	-	-	-	-
gene_5333	mRNA_5333	OTHER	FALSE	1.000000	0.000000		TRUE	FALSE	1	-	-	-	GH16_1+GH16_1	-	-
gene_5334	mRNA_5334	OTHER	FALSE	1.000000	0.000000		FALSE	FALSE	0	-	-	-	-	-	-
gene_5335	mRNA_5335	OTHER	FALSE	1.000000	0.000039		FALSE	FALSE	0	-	-	-	-	-	-
gene_5336	mRNA_5336	OTHER	FALSE	1.000000	0.000001		FALSE	FALSE	0	-	-	-	-	-	-
gene_5337	mRNA_5337	OTHER	FALSE	1.000000	0.000000		FALSE	FALSE	0	-	-	-	-	-	-
gene_5338	mRNA_5338	OTHER	FALSE	1.000000	0.000000		FALSE	FALSE	0	-	-	-	-	-	-
gene_5339	mRNA_5339	OTHER	FALSE	1.000000	0.000000		FALSE	FALSE	0	-	-	-	-	-	-
gene_5340	mRNA_5340	OTHER	FALSE	1.000000	0.000000		FALSE	FALSE	0	-	-	-	-	-	-
gene_5341	mRNA_5341	OTHER	FALSE	0.998117	0.001915		FALSE	FALSE	0	-	-	-	-	-	-
gene_5342	mRNA_5342	OTHER	FALSE	1.000000	0.000000		FALSE	FALSE	0	-	-	-	-	-	-
gene_5343	mRNA_5343	OTHER	FALSE	0.999918	0.000094		TRUE	FALSE	1	-	-	-	GH78	-	-
gene_5344	mRNA_5344	OTHER	FALSE	1.000000	0.000000		FALSE	FALSE	0	-	-	-	-	-	-
gene_5345	mRNA_5345	OTHER	FALSE	0.998601	0.001430		TRUE	TRUE	3	3.2.1.40:1|3.1.1.73:2;3.2.1.40:8	CBM67(146-307)+GH78(336-878)	CBM67_e28(146-308)+GH78_e80(336-879)	GH78	CBM67_e28|GH78_e80	-;alpha-rhamnoside;rhamnose
gene_5346	mRNA_5346	OTHER	FALSE	1.000000	0.000001		FALSE	FALSE	0	-	-	-	-	-	-
gene_5347	mRNA_5347	OTHER	FALSE	1.000000	0.000000		FALSE	FALSE	0	-	-	-	-	-	-
gene_5348	mRNA_5348	OTHER	FALSE	1.000000	0.000000		TRUE	FALSE	1	-	-	-	GH5_12	-	-
gene_5349	mRNA_5349	OTHER	FALSE	1.000000	0.000000		FALSE	FALSE	0	-	-	-	-	-	-
gene_5350	mRNA_5350	OTHER	FALSE	1.000000	0.000000		FALSE	FALSE	0	-	-	-	-	-	-
gene_5351	mRNA_5351	OTHER	FALSE	0.999752	0.000265		TRUE	FALSE	1	-	-	-	CE4	-	-
gene_5352	mRNA_5352	OTHER	FALSE	1.000000	0.000000		FALSE	FALSE	0	-	-	-	-	-	-
gene_5353	mRNA_5353	OTHER	FALSE	1.000000	0.000001		FALSE	FALSE	0	-	-	-	-	-	-
gene_5354	mRNA_5354	OTHER	FALSE	1.000000	0.000000		FALSE	FALSE	0	-	-	-	-	-	-
gene_5355	mRNA_5355	OTHER	FALSE	1.000000	0.000000		FALSE	FALSE	0	-	-	-	-	-	-
gene_5356	mRNA_5356	OTHER	FALSE	1.000000	0.000000		FALSE	FALSE	0	-	-	-	-	-	-
gene_5357	mRNA_5357	OTHER	FALSE	1.000000	0.000015		FALSE	FALSE	0	-	-	-	-	-	-
gene_5358	mRNA_5358	OTHER	FALSE	1.000000	0.000000		FALSE	FALSE	0	-	-	-	-	-	-
gene_5359	mRNA_5359	OTHER	FALSE	0.999997	0.000018		TRUE	TRUE	3	2.4.1.257:2;2.4.1.-:2	GT62(75-339)	GT62_e0(76-340)	GT62	GT62_e0	-
gene_5360	mRNA_5360	OTHER	FALSE	1.000000	0.000000		FALSE	FALSE	0	-	-	-	-	-	-
gene_5361	mRNA_5361	OTHER	FALSE	1.000000	0.000000		FALSE	FALSE	0	-	-	-	-	-	-
gene_5362	mRNA_5362	OTHER	FALSE	1.000000	0.000000		FALSE	FALSE	0	-	-	-	-	-	-
gene_5363	mRNA_5363	SP	TRUE	0.000388	0.999586	CS pos: 16-17. Pr: 0.9600	TRUE	TRUE	3	-	GH16_1(61-298)	GH16_e109(62-298)	GH16_1+GH16_1	GH16_1	-
gene_5364	mRNA_5364	OTHER	FALSE	1.000000	0.000000		TRUE	TRUE	3	-	GT34(170-432)	GT34_e13(171-433)	GT34	GT34_e13	-
gene_5365	mRNA_5365	OTHER	FALSE	0.999951	0.000066		FALSE	FALSE	0	-	-	-	-	-	-
gene_5366	mRNA_5366	OTHER	FALSE	1.000000	0.000000		FALSE	FALSE	0	-	-	-	-	-	-
gene_5367	mRNA_5367	OTHER	FALSE	1.000000	0.000000		FALSE	FALSE	0	-	-	-	-	-	-
gene_5368	mRNA_5368	OTHER	FALSE	1.000000	0.000000		FALSE	FALSE	0	-	-	-	-	-	-
gene_5369	mRNA_5369	OTHER	FALSE	1.000000	0.000000		FALSE	FALSE	0	-	-	-	-	-	-
gene_5370	mRNA_5370	OTHER	FALSE	0.972101	0.027914		FALSE	FALSE	0	-	-	-	-	-	-
gene_5371	mRNA_5371	OTHER	FALSE	1.000000	0.000000		FALSE	FALSE	0	-	-	-	-	-	-
gene_5372	mRNA_5372	OTHER	FALSE	1.000000	0.000001		FALSE	FALSE	0	-	-	-	-	-	-
gene_5373	mRNA_5373	OTHER	FALSE	0.999617	0.000420		FALSE	FALSE	0	-	-	-	-	-	-
gene_5374	mRNA_5374	OTHER	FALSE	0.999966	0.000063		FALSE	FALSE	0	-	-	-	-	-	-
gene_5375	mRNA_5375	OTHER	FALSE	1.000000	0.000010		TRUE	FALSE	1	-	-	-	GH3	-	-
gene_5376	mRNA_5376	OTHER	FALSE	1.000000	0.000001		TRUE	FALSE	1	-	-	-	GT2	-	-
gene_5377	mRNA_5377	SP	TRUE	0.000535	0.999421	CS pos: 16-17. Pr: 0.9709	FALSE	FALSE	0	-	-	-	-	-	-
gene_5378	mRNA_5378	OTHER	FALSE	1.000000	0.000001		FALSE	FALSE	0	-	-	-	-	-	-
gene_5379	mRNA_5379	OTHER	FALSE	1.000000	0.000009		TRUE	TRUE	2	-	-	GT32_e71(317-362)	GT32	GT32_e71	-
gene_5380	mRNA_5380	SP	TRUE	0.000250	0.999711	CS pos: 18-19. Pr: 0.9667	FALSE	FALSE	0	-	-	-	-	-	-
gene_5381	mRNA_5381	OTHER	FALSE	1.000000	0.000000		FALSE	FALSE	0	-	-	-	-	-	-
gene_5382	mRNA_5382	OTHER	FALSE	0.966222	0.033760		FALSE	FALSE	0	-	-	-	-	-	-
gene_5383	mRNA_5383	OTHER	FALSE	0.999779	0.000270		FALSE	FALSE	0	-	-	-	-	-	-
gene_5384	mRNA_5384	OTHER	FALSE	1.000000	0.000001		FALSE	FALSE	0	-	-	-	-	-	-
gene_5385	mRNA_5385	SP	TRUE	0.000311	0.999640	CS pos: 18-19. Pr: 0.9633	FALSE	FALSE	0	-	-	-	-	-	-
gene_5386	mRNA_5386	SP	TRUE	0.000552	0.999414	CS pos: 19-20. Pr: 0.9722	FALSE	FALSE	0	-	-	-	-	-	-
gene_5387	mRNA_5387	OTHER	FALSE	1.000000	0.000003		TRUE	FALSE	1	-	-	-	GH3	-	-
gene_5388	mRNA_5388	OTHER	FALSE	1.000000	0.000000		FALSE	FALSE	0	-	-	-	-	-	-
gene_5389	mRNA_5389	OTHER	FALSE	0.998413	0.001581		FALSE	FALSE	0	-	-	-	-	-	-
gene_5390	mRNA_5390	OTHER	FALSE	1.000000	0.000000		FALSE	FALSE	0	-	-	-	-	-	-
gene_5391	mRNA_5391	OTHER	FALSE	1.000000	0.000000		FALSE	FALSE	0	-	-	-	-	-	-
gene_5392	mRNA_5392	OTHER	FALSE	0.998758	0.001269		FALSE	FALSE	0	-	-	-	-	-	-
gene_5393	mRNA_5393	OTHER	FALSE	1.000000	0.000000		FALSE	FALSE	0	-	-	-	-	-	-
gene_5394	mRNA_5394	OTHER	FALSE	1.000000	0.000001		FALSE	FALSE	0	-	-	-	-	-	-
gene_5395	mRNA_5395	OTHER	FALSE	1.000000	0.000002		FALSE	FALSE	0	-	-	-	-	-	-
gene_5396	mRNA_5396	OTHER	FALSE	1.000000	0.000000		FALSE	FALSE	0	-	-	-	-	-	-
gene_5397	mRNA_5397	OTHER	FALSE	1.000000	0.000000		FALSE	FALSE	0	-	-	-	-	-	-
gene_5398	mRNA_5398	OTHER	FALSE	1.000000	0.000000		FALSE	FALSE	0	-	-	-	-	-	-
gene_5399	mRNA_5399	SP	TRUE	0.000323	0.999673	CS pos: 20-21. Pr: 0.9775	TRUE	TRUE	3	-|-	GH16_19(106-272)	CBM18_e20(28-55)+GH16_e15(109-273)	GH16_19+GH16_19+CBM18	CBM18_e20|GH16_19	chitin
gene_5400	mRNA_5400	OTHER	FALSE	1.000000	0.000002		FALSE	FALSE	0	-	-	-	-	-	-
gene_5401	mRNA_5401	OTHER	FALSE	1.000000	0.000000		FALSE	FALSE	0	-	-	-	-	-	-
gene_5402	mRNA_5402	OTHER	FALSE	1.000000	0.000000		FALSE	FALSE	0	-	-	-	-	-	-
gene_5403	mRNA_5403	OTHER	FALSE	0.999992	0.000008		FALSE	FALSE	0	-	-	-	-	-	-
gene_5404	mRNA_5404	OTHER	FALSE	1.000000	0.000000		FALSE	FALSE	0	-	-	-	-	-	-
gene_5405	mRNA_5405	OTHER	FALSE	1.000000	0.000000		TRUE	FALSE	1	-	-	-	GH0	-	-
gene_5406	mRNA_5406	OTHER	FALSE	0.999428	0.000577		TRUE	TRUE	3	-	GT15(121-426)	GT15_e5(122-427)	GT15	GT15_e5	-
gene_5407	mRNA_5407	SP	TRUE	0.000269	0.999732	CS pos: 24-25. Pr: 0.9410	FALSE	FALSE	0	-	-	-	-	-	-
gene_5408	mRNA_5408	OTHER	FALSE	1.000000	0.000000		TRUE	FALSE	1	-	-	-	AA5_2	-	-
gene_5409	mRNA_5409	OTHER	FALSE	1.000000	0.000000		FALSE	FALSE	0	-	-	-	-	-	-
gene_5410	mRNA_5410	OTHER	FALSE	1.000000	0.000041		FALSE	FALSE	0	-	-	-	-	-	-
gene_5411	mRNA_5411	OTHER	FALSE	1.000000	0.000003		FALSE	FALSE	0	-	-	-	-	-	-
gene_5412	mRNA_5412	OTHER	FALSE	1.000000	0.000000		FALSE	FALSE	0	-	-	-	-	-	-
gene_5413	mRNA_5413	OTHER	FALSE	1.000000	0.000001		FALSE	FALSE	0	-	-	-	-	-	-
gene_5414	mRNA_5414	OTHER	FALSE	1.000000	0.000000		FALSE	FALSE	0	-	-	-	-	-	-
gene_5415	mRNA_5415	OTHER	FALSE	1.000000	0.000006		FALSE	FALSE	0	-	-	-	-	-	-
gene_5416	mRNA_5416	OTHER	FALSE	0.999954	0.000090		FALSE	FALSE	0	-	-	-	-	-	-
gene_5417	mRNA_5417	OTHER	FALSE	0.999941	0.000072		FALSE	FALSE	0	-	-	-	-	-	-
gene_5418	mRNA_5418	OTHER	FALSE	1.000000	0.000004		FALSE	FALSE	0	-	-	-	-	-	-
gene_5419	mRNA_5419	OTHER	FALSE	1.000000	0.000000		FALSE	FALSE	0	-	-	-	-	-	-
gene_5420	mRNA_5420	OTHER	FALSE	1.000000	0.000007		FALSE	FALSE	0	-	-	-	-	-	-
gene_5421	mRNA_5421	SP	TRUE	0.398078	0.601905	CS pos: 28-29. Pr: 0.4840	FALSE	FALSE	0	-	-	-	-	-	-
gene_5422	mRNA_5422	SP	TRUE	0.000236	0.999724	CS pos: 19-20. Pr: 0.9704	TRUE	TRUE	3	1.14.99.54:3	AA9(8-210)	AA9_e36(12-210)	AA9	AA9_e36	cellulose
gene_5423	mRNA_5423	OTHER	FALSE	1.000000	0.000014		TRUE	FALSE	1	-	-	-	GT8	-	-
gene_5424	mRNA_5424	OTHER	FALSE	1.000000	0.000001		TRUE	TRUE	3	-	GT32(159-246)	GT32_e76(163-245)	GT32	GT32_e76	-
gene_5425	mRNA_5425	OTHER	FALSE	1.000000	0.000000		FALSE	FALSE	0	-	-	-	-	-	-
gene_5426	mRNA_5426	OTHER	FALSE	1.000000	0.000002		FALSE	FALSE	0	-	-	-	-	-	-
gene_5427	mRNA_5427	OTHER	FALSE	1.000000	0.000000		FALSE	FALSE	0	-	-	-	-	-	-
gene_5428	mRNA_5428	OTHER	FALSE	1.000000	0.000000		FALSE	FALSE	0	-	-	-	-	-	-
gene_5429	mRNA_5429	OTHER	FALSE	1.000000	0.000002		FALSE	FALSE	0	-	-	-	-	-	-
gene_5430	mRNA_5430	OTHER	FALSE	1.000000	0.000000		FALSE	FALSE	0	-	-	-	-	-	-
gene_5431	mRNA_5431	OTHER	FALSE	0.999736	0.000282		FALSE	FALSE	0	-	-	-	-	-	-
gene_5432	mRNA_5432	OTHER	FALSE	1.000000	0.000002		FALSE	FALSE	0	-	-	-	-	-	-
gene_5433	mRNA_5433	OTHER	FALSE	1.000000	0.000000		FALSE	FALSE	0	-	-	-	-	-	-
gene_5434	mRNA_5434	OTHER	FALSE	0.999994	0.000014		FALSE	FALSE	0	-	-	-	-	-	-
gene_5435	mRNA_5435	OTHER	FALSE	1.000000	0.000000		FALSE	FALSE	0	-	-	-	-	-	-
gene_5436	mRNA_5436	OTHER	FALSE	0.997712	0.002309		FALSE	FALSE	0	-	-	-	-	-	-
gene_5437	mRNA_5437	SP	TRUE	0.063630	0.936340	CS pos: 18-19. Pr: 0.8216	FALSE	FALSE	0	-	-	-	-	-	-
gene_5438	mRNA_5438	SP	TRUE	0.000269	0.999670	CS pos: 23-24. Pr: 0.9654	FALSE	FALSE	0	-	-	-	-	-	-
gene_5439	mRNA_5439	SP	TRUE	0.000267	0.999753	CS pos: 16-17. Pr: 0.9795	TRUE	TRUE	3	-	CE1(31-237)	CE1_e39(35-238)	CE1	CE1_e39	-
gene_5440	mRNA_5440	OTHER	FALSE	1.000000	0.000000		FALSE	FALSE	0	-	-	-	-	-	-
gene_5441	mRNA_5441	OTHER	FALSE	1.000000	0.000001		FALSE	FALSE	0	-	-	-	-	-	-
gene_5442	mRNA_5442	OTHER	FALSE	1.000000	0.000004		FALSE	FALSE	0	-	-	-	-	-	-
gene_5443	mRNA_5443	SP	TRUE	0.000312	0.999658	CS pos: 18-19. Pr: 0.9788	TRUE	TRUE	3	3.2.1.4:38	GH5_5(49-327)	GH5_e137(50-327)	GH5_5+GH5_5	GH5_5	beta-glucan
gene_5444	mRNA_5444	OTHER	FALSE	1.000000	0.000001		FALSE	FALSE	0	-	-	-	-	-	-
gene_5445	mRNA_5445	OTHER	FALSE	1.000000	0.000000		FALSE	FALSE	0	-	-	-	-	-	-
gene_5446	mRNA_5446	OTHER	FALSE	1.000000	0.000000		FALSE	FALSE	0	-	-	-	-	-	-
gene_5447	mRNA_5447	OTHER	FALSE	1.000000	0.000000		FALSE	FALSE	0	-	-	-	-	-	-
gene_5448	mRNA_5448	OTHER	FALSE	1.000000	0.000000		TRUE	FALSE	1	-	-	-	GH72	-	-
gene_5449	mRNA_5449	OTHER	FALSE	1.000000	0.000030		FALSE	FALSE	0	-	-	-	-	-	-
gene_5450	mRNA_5450	OTHER	FALSE	1.000000	0.000001		FALSE	FALSE	0	-	-	-	-	-	-
gene_5451	mRNA_5451	SP	TRUE	0.000402	0.999577	CS pos: 17-18. Pr: 0.9545	FALSE	FALSE	0	-	-	-	-	-	-
gene_5452	mRNA_5452	OTHER	FALSE	1.000000	0.000000		FALSE	FALSE	0	-	-	-	-	-	-
gene_5453	mRNA_5453	OTHER	FALSE	1.000000	0.000000		FALSE	FALSE	0	-	-	-	-	-	-
gene_5454	mRNA_5454	OTHER	FALSE	1.000000	0.000002		FALSE	FALSE	0	-	-	-	-	-	-
gene_5455	mRNA_5455	OTHER	FALSE	1.000000	0.000001		FALSE	FALSE	0	-	-	-	-	-	-
gene_5456	mRNA_5456	OTHER	FALSE	1.000000	0.000001		FALSE	FALSE	0	-	-	-	-	-	-
gene_5457	mRNA_5457	OTHER	FALSE	1.000000	0.000000		FALSE	FALSE	0	-	-	-	-	-	-
gene_5458	mRNA_5458	OTHER	FALSE	1.000000	0.000000		FALSE	FALSE	0	-	-	-	-	-	-
gene_5459	mRNA_5459	OTHER	FALSE	1.000000	0.000000		FALSE	FALSE	0	-	-	-	-	-	-
gene_5460	mRNA_5460	OTHER	FALSE	1.000000	0.000000		TRUE	FALSE	1	-	-	-	GT8	-	-
gene_5461	mRNA_5461	OTHER	FALSE	1.000000	0.000000		TRUE	FALSE	1	-	-	-	GH28	-	-
gene_5462	mRNA_5462	OTHER	FALSE	0.999868	0.000181		FALSE	FALSE	0	-	-	-	-	-	-
gene_5463	mRNA_5463	OTHER	FALSE	1.000000	0.000000		FALSE	FALSE	0	-	-	-	-	-	-
gene_5464	mRNA_5464	OTHER	FALSE	0.999902	0.000117		FALSE	FALSE	0	-	-	-	-	-	-
gene_5465	mRNA_5465	OTHER	FALSE	1.000000	0.000000		FALSE	FALSE	0	-	-	-	-	-	-
gene_5466	mRNA_5466	OTHER	FALSE	0.999978	0.000044		FALSE	FALSE	0	-	-	-	-	-	-
gene_5467	mRNA_5467	OTHER	FALSE	1.000000	0.000000		FALSE	FALSE	0	-	-	-	-	-	-
gene_5468	mRNA_5468	OTHER	FALSE	1.000000	0.000000		FALSE	FALSE	0	-	-	-	-	-	-
gene_5469	mRNA_5469	OTHER	FALSE	1.000000	0.000000		FALSE	FALSE	0	-	-	-	-	-	-
gene_5470	mRNA_5470	OTHER	FALSE	1.000000	0.000000		FALSE	FALSE	0	-	-	-	-	-	-
gene_5471	mRNA_5471	OTHER	FALSE	0.999738	0.000311		FALSE	FALSE	0	-	-	-	-	-	-
gene_5472	mRNA_5472	OTHER	FALSE	1.000000	0.000000		FALSE	FALSE	0	-	-	-	-	-	-
gene_5473	mRNA_5473	OTHER	FALSE	1.000000	0.000011		FALSE	FALSE	0	-	-	-	-	-	-
gene_5474	mRNA_5474	OTHER	FALSE	1.000000	0.000012		FALSE	FALSE	0	-	-	-	-	-	-
gene_5475	mRNA_5475	OTHER	FALSE	1.000000	0.000000		TRUE	FALSE	1	-	-	-	GH29	-	-
gene_5476	mRNA_5476	OTHER	FALSE	1.000000	0.000000		FALSE	FALSE	0	-	-	-	-	-	-
gene_5477	mRNA_5477	OTHER	FALSE	1.000000	0.000000		FALSE	FALSE	0	-	-	-	-	-	-
gene_5478	mRNA_5478	OTHER	FALSE	1.000000	0.000001		FALSE	FALSE	0	-	-	-	-	-	-
gene_5479	mRNA_5479	OTHER	FALSE	1.000000	0.000003		FALSE	FALSE	0	-	-	-	-	-	-
gene_5480	mRNA_5480	OTHER	FALSE	1.000000	0.000000		FALSE	FALSE	0	-	-	-	-	-	-
gene_5481	mRNA_5481	OTHER	FALSE	1.000000	0.000000		FALSE	FALSE	0	-	-	-	-	-	-
gene_5482	mRNA_5482	OTHER	FALSE	1.000000	0.000006		FALSE	FALSE	0	-	-	-	-	-	-
gene_5483	mRNA_5483	OTHER	FALSE	1.000000	0.000000		FALSE	FALSE	0	-	-	-	-	-	-
gene_5484	mRNA_5484	OTHER	FALSE	1.000000	0.000001		FALSE	FALSE	0	-	-	-	-	-	-
gene_5485	mRNA_5485	OTHER	FALSE	1.000000	0.000000		FALSE	FALSE	0	-	-	-	-	-	-
gene_5486	mRNA_5486	OTHER	FALSE	1.000000	0.000000		FALSE	FALSE	0	-	-	-	-	-	-
gene_5487	mRNA_5487	OTHER	FALSE	1.000000	0.000000		FALSE	FALSE	0	-	-	-	-	-	-
gene_5488	mRNA_5488	OTHER	FALSE	1.000000	0.000000		FALSE	FALSE	0	-	-	-	-	-	-
gene_5489	mRNA_5489	OTHER	FALSE	1.000000	0.000000		FALSE	FALSE	0	-	-	-	-	-	-
gene_5490	mRNA_5490	OTHER	FALSE	1.000000	0.000037		FALSE	FALSE	0	-	-	-	-	-	-
gene_5491	mRNA_5491	OTHER	FALSE	0.999677	0.000346		TRUE	FALSE	1	-	-	-	GH0	-	-
gene_5492	mRNA_5492	SP	TRUE	0.239100	0.760879	CS pos: 22-23. Pr: 0.6649	FALSE	FALSE	0	-	-	-	-	-	-
gene_5493	mRNA_5493	OTHER	FALSE	1.000000	0.000000		FALSE	FALSE	0	-	-	-	-	-	-
gene_5494	mRNA_5494	OTHER	FALSE	1.000000	0.000000		FALSE	FALSE	0	-	-	-	-	-	-
gene_5495	mRNA_5495	OTHER	FALSE	1.000000	0.000000		FALSE	FALSE	0	-	-	-	-	-	-
gene_5496	mRNA_5496	OTHER	FALSE	1.000000	0.000000		FALSE	FALSE	0	-	-	-	-	-	-
gene_5497	mRNA_5497	SP	TRUE	0.000214	0.999761	CS pos: 22-23. Pr: 0.7966	TRUE	TRUE	3	3.2.1.14:2	GH18(117-466)	GH18_e232(117-464)	GH18+CBM18+CBM18	GH18_e232	chitin
gene_5498	mRNA_5498	SP	TRUE	0.000329	0.999638	CS pos: 21-22. Pr: 0.9734	TRUE	TRUE	2	-	-	CBM50_e959(513-556)	CBM50+CBM50+CBM50+CBM50	CBM50_e959	chitin
gene_5499	mRNA_5499	OTHER	FALSE	1.000000	0.000000		FALSE	FALSE	0	-	-	-	-	-	-
gene_5500	mRNA_5500	OTHER	FALSE	1.000000	0.000000		TRUE	FALSE	1	-	-	-	GH43_26+GH43_26	-	-
gene_5501	mRNA_5501	OTHER	FALSE	1.000000	0.000000		FALSE	FALSE	0	-	-	-	-	-	-
gene_5502	mRNA_5502	OTHER	FALSE	1.000000	0.000002		FALSE	FALSE	0	-	-	-	-	-	-
gene_5503	mRNA_5503	OTHER	FALSE	1.000000	0.000001		FALSE	FALSE	0	-	-	-	-	-	-
gene_5504	mRNA_5504	OTHER	FALSE	1.000000	0.000001		FALSE	FALSE	0	-	-	-	-	-	-
gene_5505	mRNA_5505	OTHER	FALSE	1.000000	0.000000		FALSE	FALSE	0	-	-	-	-	-	-
gene_5506	mRNA_5506	OTHER	FALSE	1.000000	0.000000		FALSE	FALSE	0	-	-	-	-	-	-
gene_5507	mRNA_5507	OTHER	FALSE	1.000000	0.000000		FALSE	FALSE	0	-	-	-	-	-	-
gene_5508	mRNA_5508	OTHER	FALSE	1.000000	0.000000		TRUE	FALSE	1	-	-	-	GH95	-	-
gene_5509	mRNA_5509	OTHER	FALSE	0.999945	0.000047		TRUE	FALSE	1	-	-	-	GT0	-	-
gene_5510	mRNA_5510	OTHER	FALSE	1.000000	0.000001		FALSE	FALSE	0	-	-	-	-	-	-
gene_5511	mRNA_5511	OTHER	FALSE	1.000000	0.000000		FALSE	FALSE	0	-	-	-	-	-	-
gene_5512	mRNA_5512	OTHER	FALSE	0.999986	0.000019		FALSE	FALSE	0	-	-	-	-	-	-
gene_5513	mRNA_5513	SP	TRUE	0.277328	0.722650	CS pos: 22-23. Pr: 0.6619	FALSE	FALSE	0	-	-	-	-	-	-
gene_5514	mRNA_5514	OTHER	FALSE	1.000000	0.000000		FALSE	FALSE	0	-	-	-	-	-	-
gene_5515	mRNA_5515	OTHER	FALSE	1.000000	0.000000		FALSE	FALSE	0	-	-	-	-	-	-
gene_5516	mRNA_5516	OTHER	FALSE	1.000000	0.000001		TRUE	TRUE	2	3.5.1.41:1	-	CE4_e177(88-181)	CE4	CE4_e177	chitin
gene_5517	mRNA_5517	OTHER	FALSE	1.000000	0.000000		TRUE	FALSE	1	-	-	-	CE4	-	-
gene_5518	mRNA_5518	OTHER	FALSE	0.999962	0.000035		FALSE	FALSE	0	-	-	-	-	-	-
gene_5519	mRNA_5519	OTHER	FALSE	0.999807	0.000174		FALSE	FALSE	0	-	-	-	-	-	-
gene_5520	mRNA_5520	OTHER	FALSE	1.000000	0.000001		FALSE	FALSE	0	-	-	-	-	-	-
gene_5521	mRNA_5521	OTHER	FALSE	1.000000	0.000004		FALSE	FALSE	0	-	-	-	-	-	-
gene_5522	mRNA_5522	OTHER	FALSE	1.000000	0.000000		FALSE	FALSE	0	-	-	-	-	-	-
gene_5523	mRNA_5523	OTHER	FALSE	1.000000	0.000002		FALSE	FALSE	0	-	-	-	-	-	-
gene_5524	mRNA_5524	SP	TRUE	0.000228	0.999721	CS pos: 25-26. Pr: 0.7833	FALSE	FALSE	0	-	-	-	-	-	-
gene_5525	mRNA_5525	OTHER	FALSE	0.719269	0.280744		FALSE	FALSE	0	-	-	-	-	-	-
gene_5526	mRNA_5526	SP	TRUE	0.000798	0.999195	CS pos: 19-20. Pr: 0.8915	FALSE	FALSE	0	-	-	-	-	-	-
gene_5527	mRNA_5527	OTHER	FALSE	1.000000	0.000000		FALSE	FALSE	0	-	-	-	-	-	-
gene_5528	mRNA_5528	OTHER	FALSE	1.000000	0.000000		FALSE	FALSE	0	-	-	-	-	-	-
gene_5529	mRNA_5529	OTHER	FALSE	1.000000	0.000001		TRUE	FALSE	1	-	-	-	GH15	-	-
gene_5530	mRNA_5530	OTHER	FALSE	1.000000	0.000001		FALSE	FALSE	0	-	-	-	-	-	-
gene_5531	mRNA_5531	OTHER	FALSE	1.000000	0.000000		FALSE	FALSE	0	-	-	-	-	-	-
gene_5532	mRNA_5532	OTHER	FALSE	1.000000	0.000005		TRUE	TRUE	3	2.4.1.142:10;2.4.1.-:1	GT33(35-472)	GT33_e1(36-473)	GT33	GT33_e1	-
gene_5533	mRNA_5533	OTHER	FALSE	1.000000	0.000000		TRUE	FALSE	1	-	-	-	GH125	-	-
gene_5534	mRNA_5534	OTHER	FALSE	1.000000	0.000001		FALSE	FALSE	0	-	-	-	-	-	-
gene_5535	mRNA_5535	OTHER	FALSE	1.000000	0.000000		FALSE	FALSE	0	-	-	-	-	-	-
gene_5536	mRNA_5536	SP	TRUE	0.276668	0.723315	CS pos: 23-24. Pr: 0.6575	FALSE	FALSE	0	-	-	-	-	-	-
gene_5537	mRNA_5537	OTHER	FALSE	1.000000	0.000000		FALSE	FALSE	0	-	-	-	-	-	-
gene_5538	mRNA_5538	OTHER	FALSE	1.000000	0.000001		FALSE	FALSE	0	-	-	-	-	-	-
gene_5539	mRNA_5539	OTHER	FALSE	1.000000	0.000000		FALSE	FALSE	0	-	-	-	-	-	-
gene_5540	mRNA_5540	OTHER	FALSE	0.999990	0.000017		TRUE	TRUE	3	2.4.1.259:12;2.4.1.261:12	GT22(36-476)	GT22_e1(38-477)	GT22	GT22_e1	-
gene_5541	mRNA_5541	OTHER	FALSE	1.000000	0.000001		FALSE	FALSE	0	-	-	-	-	-	-
gene_5542	mRNA_5542	OTHER	FALSE	1.000000	0.000000		FALSE	FALSE	0	-	-	-	-	-	-
gene_5543	mRNA_5543	OTHER	FALSE	0.998149	0.001864		TRUE	FALSE	1	-	-	-	GT15	-	-
gene_5544	mRNA_5544	OTHER	FALSE	1.000000	0.000000		FALSE	FALSE	0	-	-	-	-	-	-
gene_5545	mRNA_5545	OTHER	FALSE	0.998301	0.001701		FALSE	FALSE	0	-	-	-	-	-	-
gene_5546	mRNA_5546	OTHER	FALSE	1.000000	0.000001		TRUE	FALSE	1	-	-	-	GH3	-	-
gene_5547	mRNA_5547	OTHER	FALSE	1.000000	0.000000		FALSE	FALSE	0	-	-	-	-	-	-
gene_5548	mRNA_5548	OTHER	FALSE	1.000000	0.000000		FALSE	FALSE	0	-	-	-	-	-	-
gene_5549	mRNA_5549	OTHER	FALSE	1.000000	0.000000		FALSE	FALSE	0	-	-	-	-	-	-
gene_5550	mRNA_5550	OTHER	FALSE	1.000000	0.000000		FALSE	FALSE	0	-	-	-	-	-	-
gene_5551	mRNA_5551	OTHER	FALSE	0.999934	0.000094		FALSE	FALSE	0	-	-	-	-	-	-
gene_5552	mRNA_5552	OTHER	FALSE	1.000000	0.000011		TRUE	TRUE	3	-	GT59(148-745)	GT59_e2(148-745)	GT59	GT59_e2	-
gene_5553	mRNA_5553	OTHER	FALSE	1.000000	0.000000		FALSE	FALSE	0	-	-	-	-	-	-
gene_5554	mRNA_5554	OTHER	FALSE	1.000000	0.000000		FALSE	FALSE	0	-	-	-	-	-	-
gene_5555	mRNA_5555	OTHER	FALSE	1.000000	0.000000		FALSE	FALSE	0	-	-	-	-	-	-
gene_5556	mRNA_5556	OTHER	FALSE	0.999963	0.000080		FALSE	FALSE	0	-	-	-	-	-	-
gene_5557	mRNA_5557	OTHER	FALSE	0.999660	0.000353		FALSE	FALSE	0	-	-	-	-	-	-
gene_5558	mRNA_5558	OTHER	FALSE	1.000000	0.000003		TRUE	FALSE	1	-	-	-	GH76	-	-
gene_5559	mRNA_5559	OTHER	FALSE	1.000000	0.000000		FALSE	FALSE	0	-	-	-	-	-	-
gene_5560	mRNA_5560	OTHER	FALSE	0.995614	0.004398		TRUE	TRUE	3	3.2.1.113:7	GH47(126-622)	GH47_e5(126-623)	GH47	GH47_e5	host glycan
gene_5561	mRNA_5561	OTHER	FALSE	1.000000	0.000000		FALSE	FALSE	0	-	-	-	-	-	-
gene_5562	mRNA_5562	OTHER	FALSE	1.000000	0.000000		FALSE	FALSE	0	-	-	-	-	-	-
gene_5563	mRNA_5563	SP	TRUE	0.000487	0.999472	CS pos: 16-17. Pr: 0.9563	FALSE	FALSE	0	-	-	-	-	-	-
gene_5564	mRNA_5564	OTHER	FALSE	1.000000	0.000000		FALSE	FALSE	0	-	-	-	-	-	-
gene_5565	mRNA_5565	OTHER	FALSE	1.000000	0.000000		TRUE	FALSE	1	-	-	-	GH72	-	-
gene_5566	mRNA_5566	OTHER	FALSE	1.000000	0.000002		FALSE	FALSE	0	-	-	-	-	-	-
gene_5567	mRNA_5567	OTHER	FALSE	1.000000	0.000001		FALSE	FALSE	0	-	-	-	-	-	-
gene_5568	mRNA_5568	OTHER	FALSE	0.999874	0.000126		FALSE	FALSE	0	-	-	-	-	-	-
gene_5569	mRNA_5569	OTHER	FALSE	1.000000	0.000000		FALSE	FALSE	0	-	-	-	-	-	-
gene_5570	mRNA_5570	OTHER	FALSE	1.000000	0.000000		FALSE	FALSE	0	-	-	-	-	-	-
gene_5571	mRNA_5571	OTHER	FALSE	1.000000	0.000000		FALSE	FALSE	0	-	-	-	-	-	-
gene_5572	mRNA_5572	SP	TRUE	0.049708	0.950239	CS pos: 21-22. Pr: 0.8612	FALSE	FALSE	0	-	-	-	-	-	-
gene_5573	mRNA_5573	OTHER	FALSE	1.000000	0.000011		TRUE	FALSE	1	-	-	-	GH15+CBM20	-	-
gene_5574	mRNA_5574	OTHER	FALSE	1.000000	0.000003		FALSE	FALSE	0	-	-	-	-	-	-
gene_5575	mRNA_5575	OTHER	FALSE	1.000000	0.000000		FALSE	FALSE	0	-	-	-	-	-	-
gene_5576	mRNA_5576	OTHER	FALSE	1.000000	0.000000		FALSE	FALSE	0	-	-	-	-	-	-
gene_5577	mRNA_5577	SP	TRUE	0.000216	0.999779	CS pos: 27-28. Pr: 0.9704	FALSE	FALSE	0	-	-	-	-	-	-
gene_5578	mRNA_5578	OTHER	FALSE	1.000000	0.000000		FALSE	FALSE	0	-	-	-	-	-	-
gene_5579	mRNA_5579	OTHER	FALSE	1.000000	0.000000		FALSE	FALSE	0	-	-	-	-	-	-
gene_5580	mRNA_5580	OTHER	FALSE	1.000000	0.000010		FALSE	FALSE	0	-	-	-	-	-	-
gene_5581	mRNA_5581	OTHER	FALSE	1.000000	0.000009		FALSE	FALSE	0	-	-	-	-	-	-
gene_5582	mRNA_5582	OTHER	FALSE	1.000000	0.000000		FALSE	FALSE	0	-	-	-	-	-	-
gene_5583	mRNA_5583	OTHER	FALSE	1.000000	0.000015		FALSE	FALSE	0	-	-	-	-	-	-
gene_5584	mRNA_5584	SP	TRUE	0.000324	0.999650	CS pos: 19-20. Pr: 0.9769	TRUE	TRUE	3	-	GH92(287-809)	GH92_e35(287-809)	GH92	GH92_e35	host glycan
gene_5585	mRNA_5585	OTHER	FALSE	0.999974	0.000024		FALSE	FALSE	0	-	-	-	-	-	-
gene_5586	mRNA_5586	OTHER	FALSE	1.000000	0.000000		FALSE	FALSE	0	-	-	-	-	-	-
gene_5587	mRNA_5587	OTHER	FALSE	1.000000	0.000001		FALSE	FALSE	0	-	-	-	-	-	-
gene_5588	mRNA_5588	OTHER	FALSE	1.000000	0.000000		FALSE	FALSE	0	-	-	-	-	-	-
gene_5589	mRNA_5589	OTHER	FALSE	1.000000	0.000000		FALSE	FALSE	0	-	-	-	-	-	-
gene_5590	mRNA_5590	OTHER	FALSE	0.999964	0.000085		FALSE	FALSE	0	-	-	-	-	-	-
gene_5591	mRNA_5591	SP	TRUE	0.044794	0.955165	CS pos: 27-28. Pr: 0.9012	FALSE	FALSE	0	-	-	-	-	-	-
gene_5592	mRNA_5592	OTHER	FALSE	1.000000	0.000000		FALSE	FALSE	0	-	-	-	-	-	-
gene_5593	mRNA_5593	OTHER	FALSE	1.000000	0.000001		FALSE	FALSE	0	-	-	-	-	-	-
gene_5594	mRNA_5594	OTHER	FALSE	1.000000	0.000000		TRUE	FALSE	1	-	-	-	GT59	-	-
gene_5595	mRNA_5595	OTHER	FALSE	1.000000	0.000000		TRUE	FALSE	1	-	-	-	GH16_18+GH16_18	-	-
gene_5596	mRNA_5596	OTHER	FALSE	1.000000	0.000000		FALSE	FALSE	0	-	-	-	-	-	-
gene_5597	mRNA_5597	OTHER	FALSE	0.993506	0.006519		TRUE	TRUE	3	2.4.1.131:20;2.4.1.-:1	GT15(107-377)	GT15_e0(109-378)	GT15	GT15_e0	-
gene_5598	mRNA_5598	OTHER	FALSE	1.000000	0.000008		FALSE	FALSE	0	-	-	-	-	-	-
gene_5599	mRNA_5599	OTHER	FALSE	1.000000	0.000002		FALSE	FALSE	0	-	-	-	-	-	-
gene_5600	mRNA_5600	OTHER	FALSE	1.000000	0.000000		FALSE	FALSE	0	-	-	-	-	-	-
gene_5601	mRNA_5601	OTHER	FALSE	1.000000	0.000000		FALSE	FALSE	0	-	-	-	-	-	-
gene_5602	mRNA_5602	OTHER	FALSE	1.000000	0.000000		FALSE	FALSE	0	-	-	-	-	-	-
gene_5603	mRNA_5603	OTHER	FALSE	1.000000	0.000000		FALSE	FALSE	0	-	-	-	-	-	-
gene_5604	mRNA_5604	OTHER	FALSE	1.000000	0.000000		FALSE	FALSE	0	-	-	-	-	-	-
gene_5605	mRNA_5605	OTHER	FALSE	1.000000	0.000000		FALSE	FALSE	0	-	-	-	-	-	-
gene_5606	mRNA_5606	OTHER	FALSE	1.000000	0.000001		FALSE	FALSE	0	-	-	-	-	-	-
gene_5607	mRNA_5607	OTHER	FALSE	1.000000	0.000004		FALSE	FALSE	0	-	-	-	-	-	-
gene_5608	mRNA_5608	OTHER	FALSE	1.000000	0.000000		FALSE	FALSE	0	-	-	-	-	-	-
gene_5609	mRNA_5609	OTHER	FALSE	0.999891	0.000115		TRUE	TRUE	3	2.4.1.258:10	GT58(70-449)	GT58_e1(72-449)	GT58	GT58_e1	-
gene_5610	mRNA_5610	OTHER	FALSE	1.000000	0.000009		TRUE	FALSE	1	-	-	-	GT58	-	-
gene_5611	mRNA_5611	OTHER	FALSE	1.000000	0.000001		FALSE	FALSE	0	-	-	-	-	-	-
gene_5612	mRNA_5612	SP	TRUE	0.000355	0.999612	CS pos: 18-19. Pr: 0.9617	TRUE	TRUE	3	3.2.1.171:11	GH28(63-374)	GH28_e27(65-374)	GH28	GH28_e27	pectin
gene_5613	mRNA_5613	OTHER	FALSE	1.000000	0.000015		FALSE	FALSE	0	-	-	-	-	-	-
gene_5614	mRNA_5614	OTHER	FALSE	1.000000	0.000000		FALSE	FALSE	0	-	-	-	-	-	-
gene_5615	mRNA_5615	OTHER	FALSE	1.000000	0.000000		TRUE	FALSE	1	-	-	-	PL1_7+PL1_7	-	-
gene_5616	mRNA_5616	OTHER	FALSE	0.999907	0.000096		FALSE	FALSE	0	-	-	-	-	-	-
gene_5617	mRNA_5617	OTHER	FALSE	1.000000	0.000000		FALSE	FALSE	0	-	-	-	-	-	-
gene_5618	mRNA_5618	OTHER	FALSE	1.000000	0.000000		FALSE	FALSE	0	-	-	-	-	-	-
gene_5619	mRNA_5619	OTHER	FALSE	1.000000	0.000000		FALSE	FALSE	0	-	-	-	-	-	-
gene_5620	mRNA_5620	OTHER	FALSE	1.000000	0.000001		FALSE	FALSE	0	-	-	-	-	-	-
gene_5621	mRNA_5621	OTHER	FALSE	1.000000	0.000001		FALSE	FALSE	0	-	-	-	-	-	-
gene_5622	mRNA_5622	OTHER	FALSE	1.000000	0.000000		FALSE	FALSE	0	-	-	-	-	-	-
gene_5623	mRNA_5623	SP	TRUE	0.000383	0.999585	CS pos: 30-31. Pr: 0.9734	TRUE	FALSE	1	-	-	-	GH32	-	-
gene_5624	mRNA_5624	OTHER	FALSE	1.000000	0.000015		FALSE	FALSE	0	-	-	-	-	-	-
gene_5625	mRNA_5625	OTHER	FALSE	0.999996	0.000000		FALSE	FALSE	0	-	-	-	-	-	-
gene_5626	mRNA_5626	OTHER	FALSE	1.000000	0.000000		FALSE	FALSE	0	-	-	-	-	-	-
gene_5627	mRNA_5627	OTHER	FALSE	0.999005	0.001029		FALSE	FALSE	0	-	-	-	-	-	-
gene_5628	mRNA_5628	OTHER	FALSE	0.998519	0.001513		FALSE	FALSE	0	-	-	-	-	-	-
gene_5629	mRNA_5629	OTHER	FALSE	1.000000	0.000000		TRUE	FALSE	1	-	-	-	GH5_12	-	-
gene_5630	mRNA_5630	OTHER	FALSE	1.000000	0.000000		FALSE	FALSE	0	-	-	-	-	-	-
gene_5631	mRNA_5631	OTHER	FALSE	1.000000	0.000000		FALSE	FALSE	0	-	-	-	-	-	-
gene_5632	mRNA_5632	SP	TRUE	0.000373	0.999607	CS pos: 19-20. Pr: 0.9739	FALSE	FALSE	0	-	-	-	-	-	-
gene_5633	mRNA_5633	SP	TRUE	0.000274	0.999685	CS pos: 19-20. Pr: 0.9696	TRUE	FALSE	1	-	-	-	GH16_1+GH16_1	-	-
gene_5634	mRNA_5634	OTHER	FALSE	1.000000	0.000003		FALSE	FALSE	0	-	-	-	-	-	-
gene_5635	mRNA_5635	OTHER	FALSE	0.999886	0.000127		FALSE	FALSE	0	-	-	-	-	-	-
gene_5636	mRNA_5636	OTHER	FALSE	1.000000	0.000007		FALSE	FALSE	0	-	-	-	-	-	-
gene_5637	mRNA_5637	OTHER	FALSE	1.000000	0.000000		FALSE	FALSE	0	-	-	-	-	-	-
gene_5638	mRNA_5638	OTHER	FALSE	1.000000	0.000001		FALSE	FALSE	0	-	-	-	-	-	-
gene_5639	mRNA_5639	OTHER	FALSE	1.000000	0.000000		FALSE	FALSE	0	-	-	-	-	-	-
gene_5640	mRNA_5640	OTHER	FALSE	1.000000	0.000000		FALSE	FALSE	0	-	-	-	-	-	-
gene_5641	mRNA_5641	OTHER	FALSE	0.999722	0.000290		FALSE	FALSE	0	-	-	-	-	-	-
gene_5642	mRNA_5642	OTHER	FALSE	1.000000	0.000000		TRUE	FALSE	1	-	-	-	PL1_7+PL1_7	-	-
gene_5643	mRNA_5643	OTHER	FALSE	0.988726	0.011300		TRUE	TRUE	2	-	-	GT92_e3(85-300)	GT0	GT92_e3	-
gene_5644	mRNA_5644	OTHER	FALSE	1.000000	0.000013		FALSE	FALSE	0	-	-	-	-	-	-
gene_5645	mRNA_5645	OTHER	FALSE	0.998125	0.001909		FALSE	FALSE	0	-	-	-	-	-	-
gene_5646	mRNA_5646	OTHER	FALSE	1.000000	0.000000		FALSE	FALSE	0	-	-	-	-	-	-
gene_5647	mRNA_5647	OTHER	FALSE	1.000000	0.000001		FALSE	FALSE	0	-	-	-	-	-	-
gene_5648	mRNA_5648	OTHER	FALSE	1.000000	0.000000		FALSE	FALSE	0	-	-	-	-	-	-
gene_5649	mRNA_5649	OTHER	FALSE	1.000000	0.000000		FALSE	FALSE	0	-	-	-	-	-	-
gene_5650	mRNA_5650	SP	TRUE	0.000244	0.999728	CS pos: 17-18. Pr: 0.9822	FALSE	FALSE	0	-	-	-	-	-	-
gene_5651	mRNA_5651	OTHER	FALSE	0.999707	0.000303		TRUE	FALSE	1	-	-	-	GT0	-	-
gene_5652	mRNA_5652	OTHER	FALSE	1.000000	0.000000		FALSE	FALSE	0	-	-	-	-	-	-
gene_5653	mRNA_5653	OTHER	FALSE	1.000000	0.000000		FALSE	FALSE	0	-	-	-	-	-	-
gene_5654	mRNA_5654	SP	TRUE	0.000250	0.999712	CS pos: 27-28. Pr: 0.9311	FALSE	FALSE	0	-	-	-	-	-	-
gene_5655	mRNA_5655	OTHER	FALSE	1.000000	0.000000		FALSE	FALSE	0	-	-	-	-	-	-
gene_5656	mRNA_5656	OTHER	FALSE	0.999909	0.000135		TRUE	FALSE	1	-	-	-	GH27	-	-
gene_5657	mRNA_5657	OTHER	FALSE	1.000000	0.000006		FALSE	FALSE	0	-	-	-	-	-	-
gene_5658	mRNA_5658	SP	TRUE	0.000302	0.999683	CS pos: 19-20. Pr: 0.9754	FALSE	FALSE	0	-	-	-	-	-	-
gene_5659	mRNA_5659	SP	TRUE	0.000320	0.999622	CS pos: 21-22. Pr: 0.9787	TRUE	TRUE	3	3.2.1.21:10;3.2.1.37:4	GH3(89-302)	GH3_e32(89-303)	GH3	GH3_e32	beta-glucan;xylan
gene_5660	mRNA_5660	OTHER	FALSE	0.999947	0.000058		FALSE	FALSE	0	-	-	-	-	-	-
gene_5661	mRNA_5661	SP	TRUE	0.000292	0.999685	CS pos: 21-22. Pr: 0.9673	FALSE	FALSE	0	-	-	-	-	-	-
gene_5662	mRNA_5662	OTHER	FALSE	1.000000	0.000033		FALSE	FALSE	0	-	-	-	-	-	-
gene_5663	mRNA_5663	OTHER	FALSE	1.000000	0.000000		FALSE	FALSE	0	-	-	-	-	-	-
gene_5664	mRNA_5664	OTHER	FALSE	1.000000	0.000000		TRUE	TRUE	3	-	GT61(164-287)	GT61_e19(166-291)	GT61	GT61_e19	-
gene_5665	mRNA_5665	OTHER	FALSE	1.000000	0.000001		FALSE	FALSE	0	-	-	-	-	-	-
gene_5666	mRNA_5666	OTHER	FALSE	1.000000	0.000000		FALSE	FALSE	0	-	-	-	-	-	-
gene_5667	mRNA_5667	OTHER	FALSE	1.000000	0.000000		FALSE	FALSE	0	-	-	-	-	-	-
gene_5668	mRNA_5668	OTHER	FALSE	0.997874	0.002144		FALSE	FALSE	0	-	-	-	-	-	-
gene_5669	mRNA_5669	OTHER	FALSE	1.000000	0.000000		FALSE	FALSE	0	-	-	-	-	-	-
gene_5670	mRNA_5670	OTHER	FALSE	1.000000	0.000000		FALSE	FALSE	0	-	-	-	-	-	-
gene_5671	mRNA_5671	OTHER	FALSE	1.000000	0.000002		FALSE	FALSE	0	-	-	-	-	-	-
gene_5672	mRNA_5672	OTHER	FALSE	0.999139	0.000865		FALSE	FALSE	0	-	-	-	-	-	-
gene_5673	mRNA_5673	OTHER	FALSE	1.000000	0.000000		FALSE	FALSE	0	-	-	-	-	-	-
gene_5674	mRNA_5674	OTHER	FALSE	1.000000	0.000001		FALSE	FALSE	0	-	-	-	-	-	-
gene_5675	mRNA_5675	OTHER	FALSE	1.000000	0.000001		TRUE	FALSE	1	-	-	-	GH43_21	-	-
gene_5676	mRNA_5676	SP	TRUE	0.000240	0.999724	CS pos: 20-21. Pr: 0.9776	TRUE	TRUE	3	3.2.1.4:18;3.2.1.73:1	GH7(22-464)	GH7_e1(28-465)	GH7	GH7_e1	cellulose
gene_5677	mRNA_5677	OTHER	FALSE	0.999750	0.000248		FALSE	FALSE	0	-	-	-	-	-	-
gene_5678	mRNA_5678	OTHER	FALSE	1.000000	0.000000		FALSE	FALSE	0	-	-	-	-	-	-
gene_5679	mRNA_5679	OTHER	FALSE	1.000000	0.000006		FALSE	FALSE	0	-	-	-	-	-	-
gene_5680	mRNA_5680	OTHER	FALSE	1.000000	0.000005		FALSE	FALSE	0	-	-	-	-	-	-
gene_5681	mRNA_5681	OTHER	FALSE	1.000000	0.000001		TRUE	FALSE	1	-	-	-	GH76	-	-
gene_5682	mRNA_5682	OTHER	FALSE	1.000000	0.000000		FALSE	FALSE	0	-	-	-	-	-	-
gene_5683	mRNA_5683	OTHER	FALSE	1.000000	0.000000		TRUE	FALSE	1	-	-	-	AA3_2+AA3_2	-	-
gene_5684	mRNA_5684	OTHER	FALSE	1.000000	0.000007		FALSE	FALSE	0	-	-	-	-	-	-
gene_5685	mRNA_5685	SP	TRUE	0.000377	0.999588	CS pos: 16-17. Pr: 0.9777	FALSE	FALSE	0	-	-	-	-	-	-
gene_5686	mRNA_5686	OTHER	FALSE	0.999349	0.000659		FALSE	FALSE	0	-	-	-	-	-	-
gene_5687	mRNA_5687	OTHER	FALSE	0.999911	0.000101		FALSE	FALSE	0	-	-	-	-	-	-
gene_5688	mRNA_5688	OTHER	FALSE	0.999923	0.000111		FALSE	FALSE	0	-	-	-	-	-	-
gene_5689	mRNA_5689	OTHER	FALSE	1.000000	0.000000		FALSE	FALSE	0	-	-	-	-	-	-
gene_5690	mRNA_5690	OTHER	FALSE	1.000000	0.000000		FALSE	FALSE	0	-	-	-	-	-	-
gene_5691	mRNA_5691	OTHER	FALSE	1.000000	0.000000		FALSE	FALSE	0	-	-	-	-	-	-
gene_5692	mRNA_5692	OTHER	FALSE	1.000000	0.000000		FALSE	FALSE	0	-	-	-	-	-	-
gene_5693	mRNA_5693	OTHER	FALSE	1.000000	0.000000		FALSE	FALSE	0	-	-	-	-	-	-
gene_5694	mRNA_5694	SP	TRUE	0.000211	0.999762	CS pos: 17-18. Pr: 0.9831	TRUE	TRUE	3	3.2.1.67:7;3.2.1.-:2	GH28(95-443)	GH28_e58(96-443)	GH28	GH28_e58	pectin
gene_5695	mRNA_5695	OTHER	FALSE	1.000000	0.000000		FALSE	FALSE	0	-	-	-	-	-	-
gene_5696	mRNA_5696	OTHER	FALSE	1.000000	0.000002		FALSE	FALSE	0	-	-	-	-	-	-
gene_5697	mRNA_5697	SP	TRUE	0.000263	0.999716	CS pos: 18-19. Pr: 0.9571	TRUE	TRUE	3	3.2.1.101:1	GH76(26-399)	GH76_e8(27-399)	GH76	GH76_e8	alpha-mannan
gene_5698	mRNA_5698	OTHER	FALSE	0.985107	0.014911		FALSE	FALSE	0	-	-	-	-	-	-
gene_5699	mRNA_5699	OTHER	FALSE	1.000000	0.000000		FALSE	FALSE	0	-	-	-	-	-	-
gene_5700	mRNA_5700	OTHER	FALSE	1.000000	0.000014		FALSE	FALSE	0	-	-	-	-	-	-
gene_5701	mRNA_5701	OTHER	FALSE	1.000000	0.000000		FALSE	FALSE	0	-	-	-	-	-	-
gene_5702	mRNA_5702	OTHER	FALSE	0.999867	0.000195		FALSE	FALSE	0	-	-	-	-	-	-
gene_5703	mRNA_5703	OTHER	FALSE	1.000000	0.000001		FALSE	FALSE	0	-	-	-	-	-	-
gene_5704	mRNA_5704	OTHER	FALSE	1.000000	0.000000		FALSE	FALSE	0	-	-	-	-	-	-
gene_5705	mRNA_5705	OTHER	FALSE	1.000000	0.000000		FALSE	FALSE	0	-	-	-	-	-	-
gene_5706	mRNA_5706	OTHER	FALSE	1.000000	0.000000		FALSE	FALSE	0	-	-	-	-	-	-
gene_5707	mRNA_5707	OTHER	FALSE	1.000000	0.000000		FALSE	FALSE	0	-	-	-	-	-	-
gene_5708	mRNA_5708	OTHER	FALSE	1.000000	0.000002		FALSE	FALSE	0	-	-	-	-	-	-
gene_5709	mRNA_5709	OTHER	FALSE	1.000000	0.000001		FALSE	FALSE	0	-	-	-	-	-	-
gene_5710	mRNA_5710	OTHER	FALSE	1.000000	0.000000		FALSE	FALSE	0	-	-	-	-	-	-
gene_5711	mRNA_5711	OTHER	FALSE	1.000000	0.000000		TRUE	FALSE	1	-	-	-	GH115	-	-
gene_5712	mRNA_5712	SP	TRUE	0.000667	0.999305	CS pos: 21-22. Pr: 0.9782	TRUE	TRUE	3	3.2.1.131:6	GH115(36-757)	GH115_e0(38-1067)	GH115	GH115_e0	xylan
gene_5713	mRNA_5713	OTHER	FALSE	1.000000	0.000002		FALSE	FALSE	0	-	-	-	-	-	-
gene_5714	mRNA_5714	OTHER	FALSE	0.972223	0.027793		FALSE	FALSE	0	-	-	-	-	-	-
gene_5715	mRNA_5715	OTHER	FALSE	1.000000	0.000003		FALSE	FALSE	0	-	-	-	-	-	-
gene_5716	mRNA_5716	OTHER	FALSE	1.000000	0.000000		FALSE	FALSE	0	-	-	-	-	-	-
gene_5717	mRNA_5717	OTHER	FALSE	1.000000	0.000001		FALSE	FALSE	0	-	-	-	-	-	-
gene_5718	mRNA_5718	OTHER	FALSE	1.000000	0.000000		FALSE	FALSE	0	-	-	-	-	-	-
gene_5719	mRNA_5719	OTHER	FALSE	1.000000	0.000003		TRUE	FALSE	1	-	-	-	GH23	-	-
gene_5720	mRNA_5720	OTHER	FALSE	1.000000	0.000000		FALSE	FALSE	0	-	-	-	-	-	-
gene_5721	mRNA_5721	OTHER	FALSE	1.000000	0.000000		FALSE	FALSE	0	-	-	-	-	-	-
gene_5722	mRNA_5722	OTHER	FALSE	1.000000	0.000000		FALSE	FALSE	0	-	-	-	-	-	-
gene_5723	mRNA_5723	OTHER	FALSE	1.000000	0.000000		FALSE	FALSE	0	-	-	-	-	-	-
gene_5724	mRNA_5724	OTHER	FALSE	1.000000	0.000000		FALSE	FALSE	0	-	-	-	-	-	-
gene_5725	mRNA_5725	OTHER	FALSE	1.000000	0.000000		FALSE	FALSE	0	-	-	-	-	-	-
gene_5726	mRNA_5726	OTHER	FALSE	1.000000	0.000000		FALSE	FALSE	0	-	-	-	-	-	-
gene_5727	mRNA_5727	OTHER	FALSE	1.000000	0.000000		FALSE	FALSE	0	-	-	-	-	-	-
gene_5728	mRNA_5728	OTHER	FALSE	1.000000	0.000000		FALSE	FALSE	0	-	-	-	-	-	-
gene_5729	mRNA_5729	OTHER	FALSE	1.000000	0.000000		FALSE	FALSE	0	-	-	-	-	-	-
gene_5730	mRNA_5730	OTHER	FALSE	1.000000	0.000001		TRUE	FALSE	1	-	-	-	CE1	-	-
gene_5731	mRNA_5731	OTHER	FALSE	1.000000	0.000000		TRUE	FALSE	1	-	-	-	CBM48	-	-
gene_5732	mRNA_5732	OTHER	FALSE	1.000000	0.000003		FALSE	FALSE	0	-	-	-	-	-	-
gene_5733	mRNA_5733	OTHER	FALSE	1.000000	0.000000		FALSE	FALSE	0	-	-	-	-	-	-
gene_5734	mRNA_5734	OTHER	FALSE	0.999933	0.000079		FALSE	FALSE	0	-	-	-	-	-	-
gene_5735	mRNA_5735	OTHER	FALSE	1.000000	0.000000		FALSE	FALSE	0	-	-	-	-	-	-
gene_5736	mRNA_5736	OTHER	FALSE	1.000000	0.000000		FALSE	FALSE	0	-	-	-	-	-	-
gene_5737	mRNA_5737	OTHER	FALSE	1.000000	0.000004		FALSE	FALSE	0	-	-	-	-	-	-
gene_5738	mRNA_5738	OTHER	FALSE	1.000000	0.000005		FALSE	FALSE	0	-	-	-	-	-	-
gene_5739	mRNA_5739	OTHER	FALSE	1.000000	0.000000		TRUE	FALSE	1	-	-	-	GT2	-	-
gene_5740	mRNA_5740	OTHER	FALSE	1.000000	0.000000		FALSE	FALSE	0	-	-	-	-	-	-
gene_5741	mRNA_5741	OTHER	FALSE	1.000000	0.000000		FALSE	FALSE	0	-	-	-	-	-	-
gene_5742	mRNA_5742	OTHER	FALSE	1.000000	0.000000		FALSE	FALSE	0	-	-	-	-	-	-
gene_5743	mRNA_5743	OTHER	FALSE	1.000000	0.000000		FALSE	FALSE	0	-	-	-	-	-	-
gene_5744	mRNA_5744	OTHER	FALSE	1.000000	0.000000		FALSE	FALSE	0	-	-	-	-	-	-
gene_5745	mRNA_5745	OTHER	FALSE	1.000000	0.000000		FALSE	FALSE	0	-	-	-	-	-	-
gene_5746	mRNA_5746	OTHER	FALSE	1.000000	0.000000		FALSE	FALSE	0	-	-	-	-	-	-
gene_5747	mRNA_5747	OTHER	FALSE	1.000000	0.000000		FALSE	FALSE	0	-	-	-	-	-	-
gene_5748	mRNA_5748	OTHER	FALSE	1.000000	0.000000		FALSE	FALSE	0	-	-	-	-	-	-
gene_5749	mRNA_5749	OTHER	FALSE	1.000000	0.000000		FALSE	FALSE	0	-	-	-	-	-	-
gene_5750	mRNA_5750	OTHER	FALSE	1.000000	0.000001		FALSE	FALSE	0	-	-	-	-	-	-
gene_5751	mRNA_5751	OTHER	FALSE	1.000000	0.000000		FALSE	FALSE	0	-	-	-	-	-	-
gene_5752	mRNA_5752	OTHER	FALSE	1.000000	0.000000		FALSE	FALSE	0	-	-	-	-	-	-
gene_5753	mRNA_5753	OTHER	FALSE	1.000000	0.000000		TRUE	FALSE	1	-	-	-	GT41	-	-
gene_5754	mRNA_5754	SP	TRUE	0.000329	0.999658	CS pos: 25-26. Pr: 0.9731	FALSE	FALSE	0	-	-	-	-	-	-
gene_5755	mRNA_5755	OTHER	FALSE	0.999990	0.000001		FALSE	FALSE	0	-	-	-	-	-	-
gene_5756	mRNA_5756	OTHER	FALSE	1.000000	0.000000		FALSE	FALSE	0	-	-	-	-	-	-
gene_5757	mRNA_5757	OTHER	FALSE	0.999958	0.000038		FALSE	FALSE	0	-	-	-	-	-	-
gene_5758	mRNA_5758	OTHER	FALSE	1.000000	0.000000		FALSE	FALSE	0	-	-	-	-	-	-
gene_5759	mRNA_5759	OTHER	FALSE	1.000000	0.000000		FALSE	FALSE	0	-	-	-	-	-	-
gene_5760	mRNA_5760	OTHER	FALSE	1.000000	0.000000		FALSE	FALSE	0	-	-	-	-	-	-
gene_5761	mRNA_5761	OTHER	FALSE	0.999854	0.000186		FALSE	FALSE	0	-	-	-	-	-	-
gene_5762	mRNA_5762	OTHER	FALSE	1.000000	0.000012		FALSE	FALSE	0	-	-	-	-	-	-
gene_5763	mRNA_5763	OTHER	FALSE	1.000000	0.000000		FALSE	FALSE	0	-	-	-	-	-	-
gene_5764	mRNA_5764	OTHER	FALSE	1.000000	0.000000		FALSE	FALSE	0	-	-	-	-	-	-
gene_5765	mRNA_5765	OTHER	FALSE	1.000000	0.000016		FALSE	FALSE	0	-	-	-	-	-	-
gene_5766	mRNA_5766	OTHER	FALSE	0.999889	0.000152		FALSE	FALSE	0	-	-	-	-	-	-
gene_5767	mRNA_5767	OTHER	FALSE	0.999984	0.000016		FALSE	FALSE	0	-	-	-	-	-	-
gene_5768	mRNA_5768	OTHER	FALSE	1.000000	0.000001		FALSE	FALSE	0	-	-	-	-	-	-
gene_5769	mRNA_5769	OTHER	FALSE	1.000000	0.000001		FALSE	FALSE	0	-	-	-	-	-	-
gene_5770	mRNA_5770	OTHER	FALSE	1.000000	0.000000		FALSE	FALSE	0	-	-	-	-	-	-
gene_5771	mRNA_5771	OTHER	FALSE	1.000000	0.000000		FALSE	FALSE	0	-	-	-	-	-	-
gene_5772	mRNA_5772	OTHER	FALSE	1.000000	0.000000		TRUE	FALSE	1	-	-	-	GT4	-	-
gene_5773	mRNA_5773	OTHER	FALSE	1.000000	0.000000		FALSE	FALSE	0	-	-	-	-	-	-
gene_5774	mRNA_5774	OTHER	FALSE	1.000000	0.000000		FALSE	FALSE	0	-	-	-	-	-	-
gene_5775	mRNA_5775	OTHER	FALSE	1.000000	0.000000		FALSE	FALSE	0	-	-	-	-	-	-
gene_5776	mRNA_5776	OTHER	FALSE	1.000000	0.000013		FALSE	FALSE	0	-	-	-	-	-	-
gene_5777	mRNA_5777	OTHER	FALSE	1.000000	0.000000		FALSE	FALSE	0	-	-	-	-	-	-
gene_5778	mRNA_5778	OTHER	FALSE	1.000000	0.000001		FALSE	FALSE	0	-	-	-	-	-	-
gene_5779	mRNA_5779	OTHER	FALSE	1.000000	0.000000		FALSE	FALSE	0	-	-	-	-	-	-
gene_5780	mRNA_5780	OTHER	FALSE	1.000000	0.000000		FALSE	FALSE	0	-	-	-	-	-	-
gene_5781	mRNA_5781	OTHER	FALSE	1.000000	0.000000		FALSE	FALSE	0	-	-	-	-	-	-
gene_5782	mRNA_5782	OTHER	FALSE	1.000000	0.000000		FALSE	FALSE	0	-	-	-	-	-	-
gene_5783	mRNA_5783	OTHER	FALSE	0.999600	0.000410		FALSE	FALSE	0	-	-	-	-	-	-
gene_5784	mRNA_5784	OTHER	FALSE	1.000000	0.000000		FALSE	FALSE	0	-	-	-	-	-	-
gene_5785	mRNA_5785	OTHER	FALSE	1.000000	0.000000		FALSE	FALSE	0	-	-	-	-	-	-
gene_5786	mRNA_5786	OTHER	FALSE	1.000000	0.000006		FALSE	FALSE	0	-	-	-	-	-	-
gene_5787	mRNA_5787	OTHER	FALSE	1.000000	0.000000		FALSE	FALSE	0	-	-	-	-	-	-
gene_5788	mRNA_5788	OTHER	FALSE	0.909522	0.090474		TRUE	FALSE	1	-	-	-	GH78	-	-
gene_5789	mRNA_5789	OTHER	FALSE	0.999344	0.000708		FALSE	FALSE	0	-	-	-	-	-	-
gene_5790	mRNA_5790	OTHER	FALSE	1.000000	0.000016		TRUE	FALSE	1	-	-	-	GT15	-	-
gene_5791	mRNA_5791	OTHER	FALSE	1.000000	0.000001		TRUE	FALSE	1	-	-	-	GH32	-	-
gene_5792	mRNA_5792	OTHER	FALSE	1.000000	0.000009		TRUE	FALSE	1	-	-	-	AA9	-	-
gene_5793	mRNA_5793	OTHER	FALSE	1.000000	0.000000		FALSE	FALSE	0	-	-	-	-	-	-
gene_5794	mRNA_5794	OTHER	FALSE	1.000000	0.000000		FALSE	FALSE	0	-	-	-	-	-	-
gene_5795	mRNA_5795	SP	TRUE	0.000238	0.999727	CS pos: 16-17. Pr: 0.9790	FALSE	FALSE	0	-	-	-	-	-	-
gene_5796	mRNA_5796	OTHER	FALSE	1.000000	0.000001		FALSE	FALSE	0	-	-	-	-	-	-
gene_5797	mRNA_5797	OTHER	FALSE	0.999984	0.000035		FALSE	FALSE	0	-	-	-	-	-	-
gene_5798	mRNA_5798	SP	TRUE	0.000252	0.999712	CS pos: 23-24. Pr: 0.6834	FALSE	FALSE	0	-	-	-	-	-	-
gene_5799	mRNA_5799	OTHER	FALSE	0.999926	0.000087		FALSE	FALSE	0	-	-	-	-	-	-
gene_5800	mRNA_5800	OTHER	FALSE	1.000000	0.000000		TRUE	FALSE	1	-	-	-	GT0	-	-
gene_5801	mRNA_5801	OTHER	FALSE	1.000000	0.000000		TRUE	FALSE	1	-	-	-	GH0	-	-
gene_5802	mRNA_5802	OTHER	FALSE	1.000000	0.000001		FALSE	FALSE	0	-	-	-	-	-	-
gene_5803	mRNA_5803	OTHER	FALSE	1.000000	0.000000		FALSE	FALSE	0	-	-	-	-	-	-
gene_5804	mRNA_5804	OTHER	FALSE	1.000000	0.000000		FALSE	FALSE	0	-	-	-	-	-	-
gene_5805	mRNA_5805	OTHER	FALSE	1.000000	0.000001		FALSE	FALSE	0	-	-	-	-	-	-
gene_5806	mRNA_5806	OTHER	FALSE	1.000000	0.000000		FALSE	FALSE	0	-	-	-	-	-	-
gene_5807	mRNA_5807	OTHER	FALSE	1.000000	0.000000		FALSE	FALSE	0	-	-	-	-	-	-
gene_5808	mRNA_5808	OTHER	FALSE	1.000000	0.000000		FALSE	FALSE	0	-	-	-	-	-	-
gene_5809	mRNA_5809	OTHER	FALSE	1.000000	0.000001		FALSE	FALSE	0	-	-	-	-	-	-
gene_5810	mRNA_5810	OTHER	FALSE	1.000000	0.000002		FALSE	FALSE	0	-	-	-	-	-	-
gene_5811	mRNA_5811	OTHER	FALSE	1.000000	0.000000		FALSE	FALSE	0	-	-	-	-	-	-
gene_5812	mRNA_5812	OTHER	FALSE	1.000000	0.000000		FALSE	FALSE	0	-	-	-	-	-	-
gene_5813	mRNA_5813	OTHER	FALSE	1.000000	0.000000		FALSE	FALSE	0	-	-	-	-	-	-
gene_5814	mRNA_5814	OTHER	FALSE	1.000000	0.000000		FALSE	FALSE	0	-	-	-	-	-	-
gene_5815	mRNA_5815	OTHER	FALSE	0.999779	0.000246		TRUE	FALSE	1	-	-	-	GT31	-	-
gene_5816	mRNA_5816	OTHER	FALSE	1.000000	0.000000		TRUE	FALSE	1	-	-	-	GT71	-	-
gene_5817	mRNA_5817	OTHER	FALSE	1.000000	0.000003		FALSE	FALSE	0	-	-	-	-	-	-
gene_5818	mRNA_5818	OTHER	FALSE	0.999708	0.000312		FALSE	FALSE	0	-	-	-	-	-	-
gene_5819	mRNA_5819	OTHER	FALSE	1.000000	0.000000		FALSE	FALSE	0	-	-	-	-	-	-
gene_5820	mRNA_5820	OTHER	FALSE	1.000000	0.000003		FALSE	FALSE	0	-	-	-	-	-	-
gene_5821	mRNA_5821	OTHER	FALSE	1.000000	0.000008		FALSE	FALSE	0	-	-	-	-	-	-
gene_5822	mRNA_5822	OTHER	FALSE	1.000000	0.000002		FALSE	FALSE	0	-	-	-	-	-	-
gene_5823	mRNA_5823	OTHER	FALSE	1.000000	0.000001		TRUE	FALSE	1	-	-	-	CE0	-	-
gene_5824	mRNA_5824	OTHER	FALSE	1.000000	0.000000		FALSE	FALSE	0	-	-	-	-	-	-
gene_5825	mRNA_5825	OTHER	FALSE	1.000000	0.000000		FALSE	FALSE	0	-	-	-	-	-	-
gene_5826	mRNA_5826	OTHER	FALSE	1.000000	0.000001		FALSE	FALSE	0	-	-	-	-	-	-
gene_5827	mRNA_5827	OTHER	FALSE	0.830163	0.169862		FALSE	FALSE	0	-	-	-	-	-	-
gene_5828	mRNA_5828	OTHER	FALSE	1.000000	0.000000		FALSE	FALSE	0	-	-	-	-	-	-
gene_5829	mRNA_5829	OTHER	FALSE	1.000000	0.000000		TRUE	FALSE	1	-	-	-	GT31	-	-
gene_5830	mRNA_5830	OTHER	FALSE	1.000000	0.000000		FALSE	FALSE	0	-	-	-	-	-	-
gene_5831	mRNA_5831	OTHER	FALSE	1.000000	0.000015		FALSE	FALSE	0	-	-	-	-	-	-
gene_5832	mRNA_5832	OTHER	FALSE	1.000000	0.000000		FALSE	FALSE	0	-	-	-	-	-	-
gene_5833	mRNA_5833	OTHER	FALSE	1.000000	0.000000		FALSE	FALSE	0	-	-	-	-	-	-
gene_5834	mRNA_5834	OTHER	FALSE	1.000000	0.000000		TRUE	FALSE	1	-	-	-	GH45_1+GH45_1	-	-
gene_5835	mRNA_5835	OTHER	FALSE	1.000000	0.000001		FALSE	FALSE	0	-	-	-	-	-	-
gene_5836	mRNA_5836	OTHER	FALSE	1.000000	0.000000		FALSE	FALSE	0	-	-	-	-	-	-
gene_5837	mRNA_5837	SP	TRUE	0.000498	0.999477	CS pos: 22-23. Pr: 0.9719	FALSE	FALSE	0	-	-	-	-	-	-
gene_5838	mRNA_5838	OTHER	FALSE	1.000000	0.000000		FALSE	FALSE	0	-	-	-	-	-	-
gene_5839	mRNA_5839	OTHER	FALSE	1.000000	0.000000		FALSE	FALSE	0	-	-	-	-	-	-
gene_5840	mRNA_5840	OTHER	FALSE	1.000000	0.000000		FALSE	FALSE	0	-	-	-	-	-	-
gene_5841	mRNA_5841	OTHER	FALSE	1.000000	0.000000		TRUE	FALSE	1	-	-	-	GH47	-	-
gene_5842	mRNA_5842	SP	TRUE	0.000234	0.999735	CS pos: 19-20. Pr: 0.9752	FALSE	FALSE	0	-	-	-	-	-	-
gene_5843	mRNA_5843	OTHER	FALSE	1.000000	0.000000		FALSE	FALSE	0	-	-	-	-	-	-
gene_5844	mRNA_5844	OTHER	FALSE	0.972291	0.027753		FALSE	FALSE	0	-	-	-	-	-	-
gene_5845	mRNA_5845	OTHER	FALSE	0.999858	0.000134		FALSE	FALSE	0	-	-	-	-	-	-
gene_5846	mRNA_5846	OTHER	FALSE	1.000000	0.000000		FALSE	FALSE	0	-	-	-	-	-	-
gene_5847	mRNA_5847	OTHER	FALSE	1.000000	0.000005		FALSE	FALSE	0	-	-	-	-	-	-
gene_5848	mRNA_5848	OTHER	FALSE	1.000000	0.000001		TRUE	FALSE	1	-	-	-	GT34	-	-
gene_5849	mRNA_5849	OTHER	FALSE	1.000000	0.000000		FALSE	FALSE	0	-	-	-	-	-	-
gene_5850	mRNA_5850	OTHER	FALSE	1.000000	0.000000		FALSE	FALSE	0	-	-	-	-	-	-
gene_5851	mRNA_5851	OTHER	FALSE	1.000000	0.000001		FALSE	FALSE	0	-	-	-	-	-	-
gene_5852	mRNA_5852	OTHER	FALSE	1.000000	0.000000		FALSE	FALSE	0	-	-	-	-	-	-
gene_5853	mRNA_5853	OTHER	FALSE	1.000000	0.000000		FALSE	FALSE	0	-	-	-	-	-	-
gene_5854	mRNA_5854	OTHER	FALSE	1.000000	0.000000		FALSE	FALSE	0	-	-	-	-	-	-
gene_5855	mRNA_5855	OTHER	FALSE	0.999835	0.000177		FALSE	FALSE	0	-	-	-	-	-	-
gene_5856	mRNA_5856	OTHER	FALSE	1.000000	0.000000		FALSE	FALSE	0	-	-	-	-	-	-
gene_5857	mRNA_5857	OTHER	FALSE	1.000000	0.000001		FALSE	FALSE	0	-	-	-	-	-	-
gene_5858	mRNA_5858	OTHER	FALSE	1.000000	0.000000		FALSE	FALSE	0	-	-	-	-	-	-
gene_5859	mRNA_5859	OTHER	FALSE	1.000000	0.000000		FALSE	FALSE	0	-	-	-	-	-	-
gene_5860	mRNA_5860	OTHER	FALSE	1.000000	0.000000		FALSE	FALSE	0	-	-	-	-	-	-
gene_5861	mRNA_5861	OTHER	FALSE	1.000000	0.000000		FALSE	FALSE	0	-	-	-	-	-	-
gene_5862	mRNA_5862	OTHER	FALSE	1.000000	0.000001		FALSE	FALSE	0	-	-	-	-	-	-
gene_5863	mRNA_5863	OTHER	FALSE	0.991773	0.008225		TRUE	FALSE	1	-	-	-	GH3	-	-
gene_5864	mRNA_5864	OTHER	FALSE	0.997030	0.002982		FALSE	FALSE	0	-	-	-	-	-	-
gene_5865	mRNA_5865	OTHER	FALSE	1.000000	0.000000		FALSE	FALSE	0	-	-	-	-	-	-
gene_5866	mRNA_5866	OTHER	FALSE	1.000000	0.000000		FALSE	FALSE	0	-	-	-	-	-	-
gene_5867	mRNA_5867	OTHER	FALSE	1.000000	0.000000		FALSE	FALSE	0	-	-	-	-	-	-
gene_5868	mRNA_5868	OTHER	FALSE	1.000000	0.000000		FALSE	FALSE	0	-	-	-	-	-	-
gene_5869	mRNA_5869	OTHER	FALSE	1.000000	0.000000		FALSE	FALSE	0	-	-	-	-	-	-
gene_5870	mRNA_5870	OTHER	FALSE	1.000000	0.000000		FALSE	FALSE	0	-	-	-	-	-	-
gene_5871	mRNA_5871	OTHER	FALSE	0.859064	0.140939		FALSE	FALSE	0	-	-	-	-	-	-
gene_5872	mRNA_5872	OTHER	FALSE	1.000000	0.000001		FALSE	FALSE	0	-	-	-	-	-	-
gene_5873	mRNA_5873	OTHER	FALSE	1.000000	0.000009		FALSE	FALSE	0	-	-	-	-	-	-
gene_5874	mRNA_5874	OTHER	FALSE	1.000000	0.000001		FALSE	FALSE	0	-	-	-	-	-	-
gene_5875	mRNA_5875	OTHER	FALSE	1.000000	0.000000		FALSE	FALSE	0	-	-	-	-	-	-
gene_5876	mRNA_5876	OTHER	FALSE	1.000000	0.000005		FALSE	FALSE	0	-	-	-	-	-	-
gene_5877	mRNA_5877	OTHER	FALSE	0.971882	0.028121		FALSE	FALSE	0	-	-	-	-	-	-
gene_5878	mRNA_5878	OTHER	FALSE	1.000000	0.000000		TRUE	FALSE	1	-	-	-	GT71	-	-
gene_5879	mRNA_5879	OTHER	FALSE	1.000000	0.000001		FALSE	FALSE	0	-	-	-	-	-	-
gene_5880	mRNA_5880	OTHER	FALSE	1.000000	0.000000		TRUE	FALSE	1	-	-	-	GH20	-	-
gene_5881	mRNA_5881	OTHER	FALSE	1.000000	0.000000		FALSE	FALSE	0	-	-	-	-	-	-
gene_5882	mRNA_5882	SP	TRUE	0.000214	0.999763	CS pos: 24-25. Pr: 0.9761	FALSE	FALSE	0	-	-	-	-	-	-
gene_5883	mRNA_5883	OTHER	FALSE	1.000000	0.000029		FALSE	FALSE	0	-	-	-	-	-	-
gene_5884	mRNA_5884	OTHER	FALSE	0.999329	0.000667		FALSE	FALSE	0	-	-	-	-	-	-
gene_5885	mRNA_5885	OTHER	FALSE	1.000000	0.000000		FALSE	FALSE	0	-	-	-	-	-	-
gene_5886	mRNA_5886	OTHER	FALSE	1.000000	0.000001		FALSE	FALSE	0	-	-	-	-	-	-
gene_5887	mRNA_5887	OTHER	FALSE	1.000000	0.000000		FALSE	FALSE	0	-	-	-	-	-	-
gene_5888	mRNA_5888	OTHER	FALSE	1.000000	0.000000		TRUE	FALSE	1	-	-	-	GH28	-	-
gene_5889	mRNA_5889	OTHER	FALSE	1.000000	0.000000		TRUE	FALSE	1	-	-	-	GT39	-	-
gene_5890	mRNA_5890	OTHER	FALSE	1.000000	0.000000		FALSE	FALSE	0	-	-	-	-	-	-
gene_5891	mRNA_5891	OTHER	FALSE	0.998959	0.001086		FALSE	FALSE	0	-	-	-	-	-	-
gene_5892	mRNA_5892	OTHER	FALSE	1.000000	0.000001		FALSE	FALSE	0	-	-	-	-	-	-
gene_5893	mRNA_5893	OTHER	FALSE	1.000000	0.000003		FALSE	FALSE	0	-	-	-	-	-	-
gene_5894	mRNA_5894	OTHER	FALSE	1.000000	0.000000		FALSE	FALSE	0	-	-	-	-	-	-
gene_5895	mRNA_5895	OTHER	FALSE	1.000000	0.000000		FALSE	FALSE	0	-	-	-	-	-	-
gene_5896	mRNA_5896	OTHER	FALSE	1.000000	0.000001		FALSE	FALSE	0	-	-	-	-	-	-
gene_5897	mRNA_5897	OTHER	FALSE	0.999892	0.000155		TRUE	FALSE	1	-	-	-	AA9	-	-
gene_5898	mRNA_5898	OTHER	FALSE	1.000000	0.000000		FALSE	FALSE	0	-	-	-	-	-	-
gene_5899	mRNA_5899	OTHER	FALSE	1.000000	0.000006		FALSE	FALSE	0	-	-	-	-	-	-
gene_5900	mRNA_5900	OTHER	FALSE	1.000000	0.000000		TRUE	TRUE	3	-	GH3(32-250)	GH3_e185(32-251)	GH3	GH3_e185	-
gene_5901	mRNA_5901	OTHER	FALSE	1.000000	0.000000		FALSE	FALSE	0	-	-	-	-	-	-
gene_5902	mRNA_5902	OTHER	FALSE	0.999898	0.000091		FALSE	FALSE	0	-	-	-	-	-	-
gene_5903	mRNA_5903	OTHER	FALSE	1.000000	0.000001		FALSE	FALSE	0	-	-	-	-	-	-
gene_5904	mRNA_5904	OTHER	FALSE	1.000000	0.000007		FALSE	FALSE	0	-	-	-	-	-	-
gene_5905	mRNA_5905	OTHER	FALSE	1.000000	0.000001		FALSE	FALSE	0	-	-	-	-	-	-
gene_5906	mRNA_5906	OTHER	FALSE	1.000000	0.000000		FALSE	FALSE	0	-	-	-	-	-	-
gene_5907	mRNA_5907	OTHER	FALSE	0.999233	0.000803		FALSE	FALSE	0	-	-	-	-	-	-
gene_5908	mRNA_5908	OTHER	FALSE	1.000000	0.000000		TRUE	FALSE	1	-	-	-	GH29	-	-
gene_5909	mRNA_5909	OTHER	FALSE	0.999827	0.000222		FALSE	FALSE	0	-	-	-	-	-	-
gene_5910	mRNA_5910	OTHER	FALSE	1.000000	0.000000		FALSE	FALSE	0	-	-	-	-	-	-
gene_5911	mRNA_5911	SP	TRUE	0.000187	0.999773	CS pos: 23-24. Pr: 0.9681	FALSE	FALSE	0	-	-	-	-	-	-
gene_5912	mRNA_5912	OTHER	FALSE	1.000000	0.000000		FALSE	FALSE	0	-	-	-	-	-	-
gene_5913	mRNA_5913	OTHER	FALSE	0.999970	0.000071		FALSE	FALSE	0	-	-	-	-	-	-
gene_5914	mRNA_5914	OTHER	FALSE	1.000000	0.000000		FALSE	FALSE	0	-	-	-	-	-	-
gene_5915	mRNA_5915	OTHER	FALSE	1.000000	0.000000		FALSE	FALSE	0	-	-	-	-	-	-
gene_5916	mRNA_5916	OTHER	FALSE	1.000000	0.000000		FALSE	FALSE	0	-	-	-	-	-	-
gene_5917	mRNA_5917	OTHER	FALSE	0.999864	0.000169		TRUE	FALSE	1	-	-	-	GH55_2	-	-
gene_5918	mRNA_5918	OTHER	FALSE	1.000000	0.000001		TRUE	FALSE	1	-	-	-	GH18+CBM18	-	-
gene_5919	mRNA_5919	OTHER	FALSE	0.999960	0.000046		TRUE	FALSE	1	-	-	-	CE5	-	-
gene_5920	mRNA_5920	OTHER	FALSE	1.000000	0.000000		TRUE	FALSE	1	-	-	-	GH95	-	-
gene_5921	mRNA_5921	OTHER	FALSE	1.000000	0.000000		FALSE	FALSE	0	-	-	-	-	-	-
gene_5922	mRNA_5922	OTHER	FALSE	0.999962	0.000082		FALSE	FALSE	0	-	-	-	-	-	-
gene_5923	mRNA_5923	OTHER	FALSE	1.000000	0.000000		FALSE	FALSE	0	-	-	-	-	-	-
gene_5924	mRNA_5924	OTHER	FALSE	1.000000	0.000002		FALSE	FALSE	0	-	-	-	-	-	-
gene_5925	mRNA_5925	OTHER	FALSE	1.000000	0.000001		TRUE	FALSE	1	-	-	-	GH47	-	-
gene_5926	mRNA_5926	OTHER	FALSE	1.000000	0.000000		FALSE	FALSE	0	-	-	-	-	-	-
gene_5927	mRNA_5927	OTHER	FALSE	1.000000	0.000000		FALSE	FALSE	0	-	-	-	-	-	-
gene_5928	mRNA_5928	OTHER	FALSE	1.000000	0.000000		FALSE	FALSE	0	-	-	-	-	-	-
gene_5929	mRNA_5929	SP	TRUE	0.000626	0.999343	CS pos: 26-27. Pr: 0.4983	FALSE	FALSE	0	-	-	-	-	-	-
gene_5930	mRNA_5930	OTHER	FALSE	1.000000	0.000000		FALSE	FALSE	0	-	-	-	-	-	-
gene_5931	mRNA_5931	OTHER	FALSE	1.000000	0.000000		FALSE	FALSE	0	-	-	-	-	-	-
gene_5932	mRNA_5932	OTHER	FALSE	1.000000	0.000000		FALSE	FALSE	0	-	-	-	-	-	-
gene_5933	mRNA_5933	OTHER	FALSE	1.000000	0.000000		FALSE	FALSE	0	-	-	-	-	-	-
gene_5934	mRNA_5934	OTHER	FALSE	1.000000	0.000000		FALSE	FALSE	0	-	-	-	-	-	-
gene_5935	mRNA_5935	OTHER	FALSE	1.000000	0.000002		TRUE	FALSE	1	-	-	-	GH131	-	-
gene_5936	mRNA_5936	OTHER	FALSE	1.000000	0.000000		FALSE	FALSE	0	-	-	-	-	-	-
gene_5937	mRNA_5937	OTHER	FALSE	1.000000	0.000007		FALSE	FALSE	0	-	-	-	-	-	-
gene_5938	mRNA_5938	OTHER	FALSE	1.000000	0.000002		TRUE	FALSE	1	-	-	-	GT32	-	-
gene_5939	mRNA_5939	OTHER	FALSE	1.000000	0.000000		FALSE	FALSE	0	-	-	-	-	-	-
gene_5940	mRNA_5940	OTHER	FALSE	1.000000	0.000000		FALSE	FALSE	0	-	-	-	-	-	-
gene_5941	mRNA_5941	OTHER	FALSE	1.000000	0.000000		FALSE	FALSE	0	-	-	-	-	-	-
gene_5942	mRNA_5942	OTHER	FALSE	1.000000	0.000000		FALSE	FALSE	0	-	-	-	-	-	-
gene_5943	mRNA_5943	OTHER	FALSE	1.000000	0.000000		FALSE	FALSE	0	-	-	-	-	-	-
gene_5944	mRNA_5944	OTHER	FALSE	1.000000	0.000013		FALSE	FALSE	0	-	-	-	-	-	-
gene_5945	mRNA_5945	OTHER	FALSE	0.999942	0.000114		FALSE	FALSE	0	-	-	-	-	-	-
gene_5946	mRNA_5946	OTHER	FALSE	1.000000	0.000000		FALSE	FALSE	0	-	-	-	-	-	-
gene_5947	mRNA_5947	OTHER	FALSE	1.000000	0.000022		FALSE	FALSE	0	-	-	-	-	-	-
gene_5948	mRNA_5948	OTHER	FALSE	1.000000	0.000000		FALSE	FALSE	0	-	-	-	-	-	-
gene_5949	mRNA_5949	OTHER	FALSE	1.000000	0.000000		FALSE	FALSE	0	-	-	-	-	-	-
gene_5950	mRNA_5950	SP	TRUE	0.000411	0.999557	CS pos: 29-30. Pr: 0.9722	FALSE	FALSE	0	-	-	-	-	-	-
gene_5951	mRNA_5951	OTHER	FALSE	1.000000	0.000000		FALSE	FALSE	0	-	-	-	-	-	-
gene_5952	mRNA_5952	OTHER	FALSE	1.000000	0.000001		FALSE	FALSE	0	-	-	-	-	-	-
gene_5953	mRNA_5953	OTHER	FALSE	1.000000	0.000000		FALSE	FALSE	0	-	-	-	-	-	-
gene_5954	mRNA_5954	SP	TRUE	0.000465	0.999519	CS pos: 18-19. Pr: 0.9794	TRUE	TRUE	2	3.2.1.-:1	-	GH17_e33(354-588)	GH17	GH17_e33	-
gene_5955	mRNA_5955	OTHER	FALSE	1.000000	0.000000		FALSE	FALSE	0	-	-	-	-	-	-
gene_5956	mRNA_5956	OTHER	FALSE	1.000000	0.000000		FALSE	FALSE	0	-	-	-	-	-	-
gene_5957	mRNA_5957	OTHER	FALSE	0.999803	0.000202		FALSE	FALSE	0	-	-	-	-	-	-
gene_5958	mRNA_5958	SP	TRUE	0.001262	0.998705	CS pos: 17-18. Pr: 0.8627	TRUE	TRUE	2	-	AA7(59-264)	AA7_e3(63-238)	-	AA7_e3	-
gene_5959	mRNA_5959	OTHER	FALSE	1.000000	0.000000		FALSE	FALSE	0	-	-	-	-	-	-
gene_5960	mRNA_5960	SP	TRUE	0.000329	0.999668	CS pos: 14-15. Pr: 0.9725	FALSE	FALSE	0	-	-	-	-	-	-
gene_5961	mRNA_5961	SP	TRUE	0.000668	0.999291	CS pos: 16-17. Pr: 0.9300	FALSE	FALSE	0	-	-	-	-	-	-
gene_5962	mRNA_5962	OTHER	FALSE	0.999946	0.000042		TRUE	FALSE	1	-	-	-	GT71	-	-
gene_5963	mRNA_5963	OTHER	FALSE	1.000000	0.000000		FALSE	FALSE	0	-	-	-	-	-	-
gene_5964	mRNA_5964	OTHER	FALSE	1.000000	0.000000		FALSE	FALSE	0	-	-	-	-	-	-
gene_5965	mRNA_5965	OTHER	FALSE	1.000000	0.000002		FALSE	FALSE	0	-	-	-	-	-	-
gene_5966	mRNA_5966	OTHER	FALSE	1.000000	0.000000		FALSE	FALSE	0	-	-	-	-	-	-
gene_5967	mRNA_5967	OTHER	FALSE	1.000000	0.000000		TRUE	FALSE	1	-	-	-	GH47	-	-
gene_5968	mRNA_5968	SP	TRUE	0.000274	0.999702	CS pos: 19-20. Pr: 0.9798	FALSE	FALSE	0	-	-	-	-	-	-
gene_5969	mRNA_5969	OTHER	FALSE	1.000000	0.000002		FALSE	FALSE	0	-	-	-	-	-	-
gene_5970	mRNA_5970	OTHER	FALSE	1.000000	0.000002		FALSE	FALSE	0	-	-	-	-	-	-
gene_5971	mRNA_5971	OTHER	FALSE	0.999516	0.000499		TRUE	TRUE	3	3.2.1.113:7	GH47(130-643)	GH47_e5(130-643)	GH47	GH47_e5	host glycan
gene_5972	mRNA_5972	OTHER	FALSE	1.000000	0.000000		FALSE	FALSE	0	-	-	-	-	-	-
gene_5973	mRNA_5973	OTHER	FALSE	1.000000	0.000000		FALSE	FALSE	0	-	-	-	-	-	-
gene_5974	mRNA_5974	OTHER	FALSE	1.000000	0.000000		FALSE	FALSE	0	-	-	-	-	-	-
gene_5975	mRNA_5975	OTHER	FALSE	1.000000	0.000000		FALSE	FALSE	0	-	-	-	-	-	-
gene_5976	mRNA_5976	OTHER	FALSE	1.000000	0.000000		FALSE	FALSE	0	-	-	-	-	-	-
gene_5977	mRNA_5977	OTHER	FALSE	0.999920	0.000082		FALSE	FALSE	0	-	-	-	-	-	-
gene_5978	mRNA_5978	OTHER	FALSE	1.000000	0.000005		TRUE	FALSE	1	-	-	-	GH1	-	-
gene_5979	mRNA_5979	OTHER	FALSE	0.999942	0.000069		FALSE	FALSE	0	-	-	-	-	-	-
gene_5980	mRNA_5980	OTHER	FALSE	1.000000	0.000000		TRUE	TRUE	3	1.1.3.13:12	AA3_3(5-641)	AA3_e3(6-642)	AA3_3+AA3_3	AA3_3	lignin
gene_5981	mRNA_5981	OTHER	FALSE	0.998932	0.001114		FALSE	FALSE	0	-	-	-	-	-	-
gene_5982	mRNA_5982	OTHER	FALSE	1.000000	0.000009		FALSE	FALSE	0	-	-	-	-	-	-
gene_5983	mRNA_5983	SP	TRUE	0.000225	0.999718	CS pos: 20-21. Pr: 0.9671	FALSE	FALSE	0	-	-	-	-	-	-
gene_5984	mRNA_5984	OTHER	FALSE	1.000000	0.000000		FALSE	FALSE	0	-	-	-	-	-	-
gene_5985	mRNA_5985	OTHER	FALSE	1.000000	0.000000		FALSE	FALSE	0	-	-	-	-	-	-
gene_5986	mRNA_5986	OTHER	FALSE	1.000000	0.000001		FALSE	FALSE	0	-	-	-	-	-	-
gene_5987	mRNA_5987	OTHER	FALSE	1.000000	0.000000		FALSE	FALSE	0	-	-	-	-	-	-
gene_5988	mRNA_5988	OTHER	FALSE	1.000000	0.000000		FALSE	FALSE	0	-	-	-	-	-	-
gene_5989	mRNA_5989	OTHER	FALSE	1.000000	0.000036		FALSE	FALSE	0	-	-	-	-	-	-
gene_5990	mRNA_5990	OTHER	FALSE	1.000000	0.000001		FALSE	FALSE	0	-	-	-	-	-	-
gene_5991	mRNA_5991	OTHER	FALSE	1.000000	0.000001		FALSE	FALSE	0	-	-	-	-	-	-
gene_5992	mRNA_5992	OTHER	FALSE	1.000000	0.000001		FALSE	FALSE	0	-	-	-	-	-	-
gene_5993	mRNA_5993	OTHER	FALSE	1.000000	0.000000		FALSE	FALSE	0	-	-	-	-	-	-
gene_5994	mRNA_5994	OTHER	FALSE	1.000000	0.000000		FALSE	FALSE	0	-	-	-	-	-	-
gene_5995	mRNA_5995	OTHER	FALSE	1.000000	0.000004		FALSE	FALSE	0	-	-	-	-	-	-
gene_5996	mRNA_5996	OTHER	FALSE	1.000000	0.000000		FALSE	FALSE	0	-	-	-	-	-	-
gene_5997	mRNA_5997	OTHER	FALSE	1.000000	0.000009		FALSE	FALSE	0	-	-	-	-	-	-
gene_5998	mRNA_5998	OTHER	FALSE	1.000000	0.000000		FALSE	FALSE	0	-	-	-	-	-	-
gene_5999	mRNA_5999	OTHER	FALSE	1.000000	0.000019		FALSE	FALSE	0	-	-	-	-	-	-
gene_6000	mRNA_6000	OTHER	FALSE	0.516601	0.483404		FALSE	FALSE	0	-	-	-	-	-	-
gene_6001	mRNA_6001	OTHER	FALSE	1.000000	0.000000		FALSE	FALSE	0	-	-	-	-	-	-
gene_6002	mRNA_6002	OTHER	FALSE	1.000000	0.000000		TRUE	FALSE	1	-	-	-	GH16_1+GH16_1	-	-
gene_6003	mRNA_6003	OTHER	FALSE	1.000000	0.000000		FALSE	FALSE	0	-	-	-	-	-	-
gene_6004	mRNA_6004	OTHER	FALSE	1.000000	0.000015		FALSE	FALSE	0	-	-	-	-	-	-
gene_6005	mRNA_6005	OTHER	FALSE	1.000000	0.000000		FALSE	FALSE	0	-	-	-	-	-	-
gene_6006	mRNA_6006	OTHER	FALSE	1.000000	0.000000		FALSE	FALSE	0	-	-	-	-	-	-
gene_6007	mRNA_6007	OTHER	FALSE	1.000000	0.000000		FALSE	FALSE	0	-	-	-	-	-	-
gene_6008	mRNA_6008	OTHER	FALSE	1.000000	0.000000		FALSE	FALSE	0	-	-	-	-	-	-
gene_6009	mRNA_6009	OTHER	FALSE	1.000000	0.000000		TRUE	TRUE	2	-	-	AA2_e1(62-175)	AA0	AA2_e1	lignin
gene_6010	mRNA_6010	OTHER	FALSE	0.993017	0.006993		TRUE	FALSE	1	-	-	-	CBM18	-	-
gene_6011	mRNA_6011	OTHER	FALSE	1.000000	0.000000		FALSE	FALSE	0	-	-	-	-	-	-
gene_6012	mRNA_6012	OTHER	FALSE	1.000000	0.000004		FALSE	FALSE	0	-	-	-	-	-	-
gene_6013	mRNA_6013	OTHER	FALSE	1.000000	0.000000		FALSE	FALSE	0	-	-	-	-	-	-
gene_6014	mRNA_6014	OTHER	FALSE	1.000000	0.000000		FALSE	FALSE	0	-	-	-	-	-	-
gene_6015	mRNA_6015	OTHER	FALSE	1.000000	0.000000		FALSE	FALSE	0	-	-	-	-	-	-
gene_6016	mRNA_6016	OTHER	FALSE	1.000000	0.000000		FALSE	FALSE	0	-	-	-	-	-	-
gene_6017	mRNA_6017	OTHER	FALSE	1.000000	0.000005		FALSE	FALSE	0	-	-	-	-	-	-
gene_6018	mRNA_6018	OTHER	FALSE	0.999558	0.000447		TRUE	FALSE	1	-	-	-	CBM50	-	-
gene_6019	mRNA_6019	OTHER	FALSE	1.000000	0.000000		FALSE	FALSE	0	-	-	-	-	-	-
gene_6020	mRNA_6020	OTHER	FALSE	1.000000	0.000004		FALSE	FALSE	0	-	-	-	-	-	-
gene_6021	mRNA_6021	OTHER	FALSE	1.000000	0.000000		FALSE	FALSE	0	-	-	-	-	-	-
gene_6022	mRNA_6022	SP	TRUE	0.000262	0.999720	CS pos: 20-21. Pr: 0.9743	FALSE	FALSE	0	-	-	-	-	-	-
gene_6023	mRNA_6023	OTHER	FALSE	1.000000	0.000001		TRUE	TRUE	3	-	GT2(661-1185)	GT2(664-1185)	GT2	GT2	-
gene_6024	mRNA_6024	OTHER	FALSE	1.000000	0.000000		FALSE	FALSE	0	-	-	-	-	-	-
gene_6025	mRNA_6025	OTHER	FALSE	1.000000	0.000001		FALSE	FALSE	0	-	-	-	-	-	-
gene_6026	mRNA_6026	OTHER	FALSE	1.000000	0.000001		FALSE	FALSE	0	-	-	-	-	-	-
gene_6027	mRNA_6027	OTHER	FALSE	1.000000	0.000000		FALSE	FALSE	0	-	-	-	-	-	-
gene_6028	mRNA_6028	OTHER	FALSE	1.000000	0.000000		FALSE	FALSE	0	-	-	-	-	-	-
gene_6029	mRNA_6029	OTHER	FALSE	1.000000	0.000000		FALSE	FALSE	0	-	-	-	-	-	-
gene_6030	mRNA_6030	OTHER	FALSE	1.000000	0.000009		FALSE	FALSE	0	-	-	-	-	-	-
gene_6031	mRNA_6031	OTHER	FALSE	1.000000	0.000000		FALSE	FALSE	0	-	-	-	-	-	-
gene_6032	mRNA_6032	OTHER	FALSE	1.000000	0.000000		FALSE	FALSE	0	-	-	-	-	-	-
gene_6033	mRNA_6033	OTHER	FALSE	1.000000	0.000001		FALSE	FALSE	0	-	-	-	-	-	-
gene_6034	mRNA_6034	OTHER	FALSE	1.000000	0.000000		FALSE	FALSE	0	-	-	-	-	-	-
gene_6035	mRNA_6035	OTHER	FALSE	1.000000	0.000000		TRUE	FALSE	1	-	-	-	GH0	-	-
gene_6036	mRNA_6036	OTHER	FALSE	1.000000	0.000000		FALSE	FALSE	0	-	-	-	-	-	-
gene_6037	mRNA_6037	OTHER	FALSE	1.000000	0.000000		FALSE	FALSE	0	-	-	-	-	-	-
gene_6038	mRNA_6038	OTHER	FALSE	0.999900	0.000143		FALSE	FALSE	0	-	-	-	-	-	-
gene_6039	mRNA_6039	OTHER	FALSE	1.000000	0.000000		FALSE	FALSE	0	-	-	-	-	-	-
gene_6040	mRNA_6040	OTHER	FALSE	1.000000	0.000000		FALSE	FALSE	0	-	-	-	-	-	-
gene_6041	mRNA_6041	OTHER	FALSE	1.000000	0.000000		FALSE	FALSE	0	-	-	-	-	-	-
gene_6042	mRNA_6042	OTHER	FALSE	1.000000	0.000057		FALSE	FALSE	0	-	-	-	-	-	-
gene_6043	mRNA_6043	OTHER	FALSE	0.992850	0.007152		FALSE	FALSE	0	-	-	-	-	-	-
gene_6044	mRNA_6044	OTHER	FALSE	1.000000	0.000000		FALSE	FALSE	0	-	-	-	-	-	-
gene_6045	mRNA_6045	OTHER	FALSE	1.000000	0.000000		FALSE	FALSE	0	-	-	-	-	-	-
gene_6046	mRNA_6046	OTHER	FALSE	1.000000	0.000005		FALSE	FALSE	0	-	-	-	-	-	-
gene_6047	mRNA_6047	OTHER	FALSE	1.000000	0.000005		FALSE	FALSE	0	-	-	-	-	-	-
gene_6048	mRNA_6048	OTHER	FALSE	1.000000	0.000001		FALSE	FALSE	0	-	-	-	-	-	-
gene_6049	mRNA_6049	OTHER	FALSE	0.999983	0.000061		TRUE	FALSE	1	-	-	-	AA9	-	-
gene_6050	mRNA_6050	OTHER	FALSE	0.999995	0.000001		FALSE	FALSE	0	-	-	-	-	-	-
gene_6051	mRNA_6051	OTHER	FALSE	0.999954	0.000061		FALSE	FALSE	0	-	-	-	-	-	-
gene_6052	mRNA_6052	OTHER	FALSE	1.000000	0.000000		FALSE	FALSE	0	-	-	-	-	-	-
gene_6053	mRNA_6053	OTHER	FALSE	1.000000	0.000026		FALSE	FALSE	0	-	-	-	-	-	-
gene_6054	mRNA_6054	OTHER	FALSE	0.999853	0.000195		FALSE	FALSE	0	-	-	-	-	-	-
gene_6055	mRNA_6055	OTHER	FALSE	1.000000	0.000000		FALSE	FALSE	0	-	-	-	-	-	-
gene_6056	mRNA_6056	OTHER	FALSE	0.999949	0.000064		FALSE	FALSE	0	-	-	-	-	-	-
gene_6057	mRNA_6057	OTHER	FALSE	0.999669	0.000352		FALSE	FALSE	0	-	-	-	-	-	-
gene_6058	mRNA_6058	OTHER	FALSE	1.000000	0.000000		FALSE	FALSE	0	-	-	-	-	-	-
gene_6059	mRNA_6059	OTHER	FALSE	0.999936	0.000102		FALSE	FALSE	0	-	-	-	-	-	-
gene_6060	mRNA_6060	OTHER	FALSE	1.000000	0.000001		FALSE	FALSE	0	-	-	-	-	-	-
gene_6061	mRNA_6061	OTHER	FALSE	1.000000	0.000000		FALSE	FALSE	0	-	-	-	-	-	-
gene_6062	mRNA_6062	OTHER	FALSE	1.000000	0.000000		TRUE	FALSE	1	-	-	-	GT1	-	-
gene_6063	mRNA_6063	OTHER	FALSE	1.000000	0.000000		FALSE	FALSE	0	-	-	-	-	-	-
gene_6064	mRNA_6064	OTHER	FALSE	1.000000	0.000000		FALSE	FALSE	0	-	-	-	-	-	-
gene_6065	mRNA_6065	OTHER	FALSE	0.999767	0.000253		TRUE	FALSE	1	-	-	-	GT2	-	-
gene_6066	mRNA_6066	OTHER	FALSE	0.999832	0.000226		TRUE	TRUE	3	3.2.1.39:20	GH81(24-777)	GH81_e0(35-778)	GH81	GH81_e0	beta-glucan
gene_6067	mRNA_6067	OTHER	FALSE	1.000000	0.000000		FALSE	FALSE	0	-	-	-	-	-	-
gene_6068	mRNA_6068	OTHER	FALSE	1.000000	0.000001		FALSE	FALSE	0	-	-	-	-	-	-
gene_6069	mRNA_6069	OTHER	FALSE	1.000000	0.000000		FALSE	FALSE	0	-	-	-	-	-	-
gene_6070	mRNA_6070	OTHER	FALSE	1.000000	0.000000		FALSE	FALSE	0	-	-	-	-	-	-
gene_6071	mRNA_6071	OTHER	FALSE	0.941190	0.058807		TRUE	FALSE	1	-	-	-	CBM35	-	-
gene_6072	mRNA_6072	OTHER	FALSE	1.000000	0.000000		FALSE	FALSE	0	-	-	-	-	-	-
gene_6073	mRNA_6073	OTHER	FALSE	1.000000	0.000001		FALSE	FALSE	0	-	-	-	-	-	-
gene_6074	mRNA_6074	OTHER	FALSE	1.000000	0.000001		FALSE	FALSE	0	-	-	-	-	-	-
gene_6075	mRNA_6075	OTHER	FALSE	1.000000	0.000001		FALSE	FALSE	0	-	-	-	-	-	-
gene_6076	mRNA_6076	OTHER	FALSE	1.000000	0.000000		FALSE	FALSE	0	-	-	-	-	-	-
gene_6077	mRNA_6077	OTHER	FALSE	1.000000	0.000002		FALSE	FALSE	0	-	-	-	-	-	-
gene_6078	mRNA_6078	OTHER	FALSE	1.000000	0.000000		TRUE	FALSE	1	-	-	-	GH79	-	-
gene_6079	mRNA_6079	OTHER	FALSE	1.000000	0.000000		FALSE	FALSE	0	-	-	-	-	-	-
gene_6080	mRNA_6080	OTHER	FALSE	1.000000	0.000000		FALSE	FALSE	0	-	-	-	-	-	-
gene_6081	mRNA_6081	OTHER	FALSE	1.000000	0.000000		FALSE	FALSE	0	-	-	-	-	-	-
gene_6082	mRNA_6082	OTHER	FALSE	1.000000	0.000007		FALSE	FALSE	0	-	-	-	-	-	-
gene_6083	mRNA_6083	OTHER	FALSE	1.000000	0.000000		FALSE	FALSE	0	-	-	-	-	-	-
gene_6084	mRNA_6084	OTHER	FALSE	1.000000	0.000000		FALSE	FALSE	0	-	-	-	-	-	-
gene_6085	mRNA_6085	OTHER	FALSE	1.000000	0.000000		FALSE	FALSE	0	-	-	-	-	-	-
gene_6086	mRNA_6086	OTHER	FALSE	1.000000	0.000000		TRUE	TRUE	2	-	-	GT41_e74(1579-1858)	GT41	GT41_e74	-
gene_6087	mRNA_6087	OTHER	FALSE	1.000000	0.000000		FALSE	FALSE	0	-	-	-	-	-	-
gene_6088	mRNA_6088	OTHER	FALSE	1.000000	0.000000		TRUE	FALSE	1	-	-	-	GT41	-	-
gene_6089	mRNA_6089	OTHER	FALSE	1.000000	0.000000		FALSE	FALSE	0	-	-	-	-	-	-
gene_6090	mRNA_6090	OTHER	FALSE	1.000000	0.000000		FALSE	FALSE	0	-	-	-	-	-	-
gene_6091	mRNA_6091	OTHER	FALSE	1.000000	0.000000		TRUE	TRUE	3	2.4.1.186:3	GT8(10-222)	GT8_e149(10-224)	GT8	GT8_e149	-
gene_6092	mRNA_6092	OTHER	FALSE	1.000000	0.000000		FALSE	FALSE	0	-	-	-	-	-	-
gene_6093	mRNA_6093	OTHER	FALSE	1.000000	0.000003		FALSE	FALSE	0	-	-	-	-	-	-
gene_6094	mRNA_6094	OTHER	FALSE	0.971282	0.028725		FALSE	FALSE	0	-	-	-	-	-	-
gene_6095	mRNA_6095	SP	TRUE	0.000199	0.999741	CS pos: 20-21. Pr: 0.5773	FALSE	FALSE	0	-	-	-	-	-	-
gene_6096	mRNA_6096	SP	TRUE	0.000227	0.999751	CS pos: 21-22. Pr: 0.9801	FALSE	FALSE	0	-	-	-	-	-	-
gene_6097	mRNA_6097	OTHER	FALSE	1.000000	0.000002		FALSE	FALSE	0	-	-	-	-	-	-
gene_6098	mRNA_6098	OTHER	FALSE	1.000000	0.000000		FALSE	FALSE	0	-	-	-	-	-	-
gene_6099	mRNA_6099	OTHER	FALSE	1.000000	0.000000		FALSE	FALSE	0	-	-	-	-	-	-
gene_6100	mRNA_6100	OTHER	FALSE	1.000000	0.000000		FALSE	FALSE	0	-	-	-	-	-	-
gene_6101	mRNA_6101	OTHER	FALSE	1.000000	0.000000		FALSE	FALSE	0	-	-	-	-	-	-
gene_6102	mRNA_6102	SP	TRUE	0.000252	0.999704	CS pos: 18-19. Pr: 0.9690	FALSE	FALSE	0	-	-	-	-	-	-
gene_6103	mRNA_6103	OTHER	FALSE	1.000000	0.000000		TRUE	FALSE	1	-	-	-	GH114	-	-
gene_6104	mRNA_6104	OTHER	FALSE	1.000000	0.000000		FALSE	FALSE	0	-	-	-	-	-	-
gene_6105	mRNA_6105	OTHER	FALSE	1.000000	0.000014		FALSE	FALSE	0	-	-	-	-	-	-
gene_6106	mRNA_6106	OTHER	FALSE	0.999376	0.000637		TRUE	FALSE	1	-	-	-	CE12	-	-
gene_6107	mRNA_6107	OTHER	FALSE	0.999961	0.000066		FALSE	FALSE	0	-	-	-	-	-	-
gene_6108	mRNA_6108	OTHER	FALSE	1.000000	0.000000		FALSE	FALSE	0	-	-	-	-	-	-
gene_6109	mRNA_6109	OTHER	FALSE	1.000000	0.000000		FALSE	FALSE	0	-	-	-	-	-	-
gene_6110	mRNA_6110	OTHER	FALSE	1.000000	0.000000		FALSE	FALSE	0	-	-	-	-	-	-
gene_6111	mRNA_6111	OTHER	FALSE	1.000000	0.000045		FALSE	FALSE	0	-	-	-	-	-	-
gene_6112	mRNA_6112	OTHER	FALSE	1.000000	0.000020		FALSE	FALSE	0	-	-	-	-	-	-
gene_6113	mRNA_6113	OTHER	FALSE	1.000000	0.000001		FALSE	FALSE	0	-	-	-	-	-	-
gene_6114	mRNA_6114	OTHER	FALSE	0.999981	0.000029		FALSE	FALSE	0	-	-	-	-	-	-
gene_6115	mRNA_6115	OTHER	FALSE	1.000000	0.000000		FALSE	FALSE	0	-	-	-	-	-	-
gene_6116	mRNA_6116	SP	TRUE	0.000318	0.999649	CS pos: 21-22. Pr: 0.9677	FALSE	FALSE	0	-	-	-	-	-	-
gene_6117	mRNA_6117	OTHER	FALSE	1.000000	0.000000		FALSE	FALSE	0	-	-	-	-	-	-
gene_6118	mRNA_6118	OTHER	FALSE	1.000000	0.000000		FALSE	FALSE	0	-	-	-	-	-	-
gene_6119	mRNA_6119	OTHER	FALSE	1.000000	0.000000		FALSE	FALSE	0	-	-	-	-	-	-
gene_6120	mRNA_6120	OTHER	FALSE	1.000000	0.000001		TRUE	FALSE	1	-	-	-	GT4	-	-
gene_6121	mRNA_6121	OTHER	FALSE	0.998379	0.001635		TRUE	FALSE	1	-	-	-	GH79	-	-
gene_6122	mRNA_6122	OTHER	FALSE	1.000000	0.000028		TRUE	TRUE	3	3.2.1.23:12	GH2_10(47-1001)	GH2_e61(47-1004)	GH2_10+GH2_10	GH2_10	beta-galactan
gene_6123	mRNA_6123	OTHER	FALSE	1.000000	0.000001		FALSE	FALSE	0	-	-	-	-	-	-
gene_6124	mRNA_6124	OTHER	FALSE	0.998697	0.001288		FALSE	FALSE	0	-	-	-	-	-	-
gene_6125	mRNA_6125	OTHER	FALSE	1.000000	0.000001		TRUE	FALSE	1	-	-	-	GH18+CBM18	-	-
gene_6126	mRNA_6126	OTHER	FALSE	1.000000	0.000011		TRUE	FALSE	1	-	-	-	AA3_2+AA3_2	-	-
gene_6127	mRNA_6127	OTHER	FALSE	1.000000	0.000001		TRUE	FALSE	1	-	-	-	GT2	-	-
gene_6128	mRNA_6128	OTHER	FALSE	1.000000	0.000000		FALSE	FALSE	0	-	-	-	-	-	-
gene_6129	mRNA_6129	OTHER	FALSE	1.000000	0.000000		FALSE	FALSE	0	-	-	-	-	-	-
gene_6130	mRNA_6130	OTHER	FALSE	1.000000	0.000001		FALSE	FALSE	0	-	-	-	-	-	-
gene_6131	mRNA_6131	OTHER	FALSE	1.000000	0.000000		FALSE	FALSE	0	-	-	-	-	-	-
gene_6132	mRNA_6132	OTHER	FALSE	0.977612	0.022397		FALSE	FALSE	0	-	-	-	-	-	-
gene_6133	mRNA_6133	OTHER	FALSE	1.000000	0.000002		FALSE	FALSE	0	-	-	-	-	-	-
gene_6134	mRNA_6134	OTHER	FALSE	1.000000	0.000001		FALSE	FALSE	0	-	-	-	-	-	-
gene_6135	mRNA_6135	OTHER	FALSE	1.000000	0.000006		FALSE	FALSE	0	-	-	-	-	-	-
gene_6136	mRNA_6136	OTHER	FALSE	0.999588	0.000466		TRUE	TRUE	3	-	GH16_22(34-250)	GH16_e179(36-249)	GH16_22+GH16_22	GH16_22	-
gene_6137	mRNA_6137	SP	TRUE	0.001083	0.998912	CS pos: 19-20. Pr: 0.9599	TRUE	TRUE	3	3.2.1.14:3|3.2.1.14:3|3.2.1.14:3	GH18(515-878)	CBM50_e1036(314-355)+CBM18_e13(457-502)+GH18_e72(516-873)	GH18+CBM50+CBM50+CBM18	CBM50_e1036|CBM18_e13|GH18_e72	chitin
gene_6138	mRNA_6138	SP	TRUE	0.000408	0.999544	CS pos: 18-19. Pr: 0.9352	FALSE	FALSE	0	-	-	-	-	-	-
gene_6139	mRNA_6139	SP	TRUE	0.000248	0.999728	CS pos: 18-19. Pr: 0.9715	TRUE	FALSE	1	-	-	-	CBM50+CBM50+CBM50	-	-
gene_6140	mRNA_6140	OTHER	FALSE	1.000000	0.000001		FALSE	FALSE	0	-	-	-	-	-	-
gene_6141	mRNA_6141	OTHER	FALSE	1.000000	0.000000		FALSE	FALSE	0	-	-	-	-	-	-
gene_6142	mRNA_6142	OTHER	FALSE	1.000000	0.000003		FALSE	FALSE	0	-	-	-	-	-	-
gene_6143	mRNA_6143	OTHER	FALSE	1.000000	0.000000		FALSE	FALSE	0	-	-	-	-	-	-
gene_6144	mRNA_6144	OTHER	FALSE	1.000000	0.000001		TRUE	FALSE	1	3.1.1.-:1	-	CE15_e15(2-96)	-	-	-
gene_6145	mRNA_6145	OTHER	FALSE	1.000000	0.000001		TRUE	TRUE	2	3.1.1.-:1	-	CE15_e15(1-122)	CE15	CE15_e15	-
gene_6146	mRNA_6146	OTHER	FALSE	0.999840	0.000188		FALSE	FALSE	0	-	-	-	-	-	-
gene_6147	mRNA_6147	OTHER	FALSE	1.000000	0.000000		FALSE	FALSE	0	-	-	-	-	-	-
gene_6148	mRNA_6148	OTHER	FALSE	1.000000	0.000000		FALSE	FALSE	0	-	-	-	-	-	-
gene_6149	mRNA_6149	OTHER	FALSE	1.000000	0.000000		FALSE	FALSE	0	-	-	-	-	-	-
gene_6150	mRNA_6150	OTHER	FALSE	1.000000	0.000002		FALSE	FALSE	0	-	-	-	-	-	-
gene_6151	mRNA_6151	OTHER	FALSE	0.999388	0.000631		FALSE	FALSE	0	-	-	-	-	-	-
gene_6152	mRNA_6152	SP	TRUE	0.000351	0.999658	CS pos: 20-21. Pr: 0.9754	FALSE	FALSE	0	-	-	-	-	-	-
gene_6153	mRNA_6153	OTHER	FALSE	1.000000	0.000000		FALSE	FALSE	0	-	-	-	-	-	-
gene_6154	mRNA_6154	OTHER	FALSE	1.000000	0.000000		FALSE	FALSE	0	-	-	-	-	-	-
gene_6155	mRNA_6155	OTHER	FALSE	1.000000	0.000000		FALSE	FALSE	0	-	-	-	-	-	-
gene_6156	mRNA_6156	OTHER	FALSE	1.000000	0.000001		FALSE	FALSE	0	-	-	-	-	-	-
gene_6157	mRNA_6157	SP	TRUE	0.027781	0.972219	CS pos: 28-29. Pr: 0.8633	FALSE	FALSE	0	-	-	-	-	-	-
gene_6158	mRNA_6158	OTHER	FALSE	1.000000	0.000008		TRUE	FALSE	1	-	-	-	GH2	-	-
gene_6159	mRNA_6159	OTHER	FALSE	0.998959	0.001072		FALSE	FALSE	0	-	-	-	-	-	-
gene_6160	mRNA_6160	OTHER	FALSE	1.000000	0.000000		FALSE	FALSE	0	-	-	-	-	-	-
gene_6161	mRNA_6161	OTHER	FALSE	1.000000	0.000000		FALSE	FALSE	0	-	-	-	-	-	-
gene_6162	mRNA_6162	OTHER	FALSE	1.000000	0.000000		FALSE	FALSE	0	-	-	-	-	-	-
gene_6163	mRNA_6163	OTHER	FALSE	1.000000	0.000001		FALSE	FALSE	0	-	-	-	-	-	-
gene_6164	mRNA_6164	OTHER	FALSE	0.998174	0.001850		TRUE	FALSE	1	-	-	-	CE1	-	-
gene_6165	mRNA_6165	OTHER	FALSE	1.000000	0.000000		FALSE	FALSE	0	-	-	-	-	-	-
gene_6166	mRNA_6166	OTHER	FALSE	0.999687	0.000290		FALSE	FALSE	0	-	-	-	-	-	-
gene_6167	mRNA_6167	OTHER	FALSE	1.000000	0.000000		FALSE	FALSE	0	-	-	-	-	-	-
gene_6168	mRNA_6168	OTHER	FALSE	1.000000	0.000001		FALSE	FALSE	0	-	-	-	-	-	-
gene_6169	mRNA_6169	OTHER	FALSE	0.923521	0.076476		FALSE	FALSE	0	-	-	-	-	-	-
gene_6170	mRNA_6170	OTHER	FALSE	1.000000	0.000000		TRUE	FALSE	1	-	-	-	GH2_13+GH2_13	-	-
gene_6171	mRNA_6171	OTHER	FALSE	1.000000	0.000006		TRUE	TRUE	3	3.2.1.25:3	GH2_13(38-777)	GH2_e138(38-773)	GH2_13+GH2_13	GH2_13	beta-mannan
gene_6172	mRNA_6172	OTHER	FALSE	1.000000	0.000001		TRUE	FALSE	1	-	-	-	GH2_13+GH2_13	-	-
gene_6173	mRNA_6173	OTHER	FALSE	1.000000	0.000000		FALSE	FALSE	0	-	-	-	-	-	-
gene_6174	mRNA_6174	OTHER	FALSE	1.000000	0.000000		FALSE	FALSE	0	-	-	-	-	-	-
gene_6175	mRNA_6175	OTHER	FALSE	0.999995	0.000003		FALSE	FALSE	0	-	-	-	-	-	-
gene_6176	mRNA_6176	OTHER	FALSE	1.000000	0.000002		FALSE	FALSE	0	-	-	-	-	-	-
gene_6177	mRNA_6177	OTHER	FALSE	0.798267	0.201745		TRUE	FALSE	1	-	-	-	GT0	-	-
gene_6178	mRNA_6178	OTHER	FALSE	1.000000	0.000000		FALSE	FALSE	0	-	-	-	-	-	-
gene_6179	mRNA_6179	OTHER	FALSE	1.000000	0.000006		FALSE	FALSE	0	-	-	-	-	-	-
gene_6180	mRNA_6180	OTHER	FALSE	1.000000	0.000000		FALSE	FALSE	0	-	-	-	-	-	-
gene_6181	mRNA_6181	OTHER	FALSE	1.000000	0.000000		FALSE	FALSE	0	-	-	-	-	-	-
gene_6182	mRNA_6182	OTHER	FALSE	1.000000	0.000006		TRUE	FALSE	1	-	-	-	CE4	-	-
gene_6183	mRNA_6183	OTHER	FALSE	1.000000	0.000003		FALSE	FALSE	0	-	-	-	-	-	-
gene_6184	mRNA_6184	OTHER	FALSE	1.000000	0.000015		FALSE	FALSE	0	-	-	-	-	-	-
gene_6185	mRNA_6185	OTHER	FALSE	1.000000	0.000000		FALSE	FALSE	0	-	-	-	-	-	-
gene_6186	mRNA_6186	OTHER	FALSE	0.999689	0.000345		FALSE	FALSE	0	-	-	-	-	-	-
gene_6187	mRNA_6187	OTHER	FALSE	1.000000	0.000000		FALSE	FALSE	0	-	-	-	-	-	-
gene_6188	mRNA_6188	OTHER	FALSE	1.000000	0.000000		FALSE	FALSE	0	-	-	-	-	-	-
gene_6189	mRNA_6189	OTHER	FALSE	1.000000	0.000000		FALSE	FALSE	0	-	-	-	-	-	-
gene_6190	mRNA_6190	OTHER	FALSE	1.000000	0.000017		FALSE	FALSE	0	-	-	-	-	-	-
gene_6191	mRNA_6191	OTHER	FALSE	0.999919	0.000087		FALSE	FALSE	0	-	-	-	-	-	-
gene_6192	mRNA_6192	OTHER	FALSE	1.000000	0.000001		FALSE	FALSE	0	-	-	-	-	-	-
gene_6193	mRNA_6193	OTHER	FALSE	1.000000	0.000000		FALSE	FALSE	0	-	-	-	-	-	-
gene_6194	mRNA_6194	OTHER	FALSE	0.999952	0.000064		TRUE	TRUE	3	-	GT2(69-307)	GT2(70-308)	GT2	GT2	-
gene_6195	mRNA_6195	OTHER	FALSE	1.000000	0.000000		FALSE	FALSE	0	-	-	-	-	-	-
gene_6196	mRNA_6196	OTHER	FALSE	1.000000	0.000000		TRUE	FALSE	1	-	-	-	GH3	-	-
gene_6197	mRNA_6197	OTHER	FALSE	1.000000	0.000000		FALSE	FALSE	0	-	-	-	-	-	-
gene_6198	mRNA_6198	OTHER	FALSE	0.994279	0.005752		TRUE	FALSE	1	-	-	-	GT0	-	-
gene_6199	mRNA_6199	OTHER	FALSE	1.000000	0.000001		FALSE	FALSE	0	-	-	-	-	-	-
gene_6200	mRNA_6200	OTHER	FALSE	1.000000	0.000000		TRUE	TRUE	3	1.1.3.38:1	AA7(194-389)	AA4_e0(149-334)	GH3	AA4_e0	lignin
gene_6201	mRNA_6201	OTHER	FALSE	1.000000	0.000000		TRUE	FALSE	1	-	-	-	GH78	-	-
gene_6202	mRNA_6202	OTHER	FALSE	1.000000	0.000001		FALSE	FALSE	0	-	-	-	-	-	-
gene_6203	mRNA_6203	OTHER	FALSE	1.000000	0.000000		FALSE	FALSE	0	-	-	-	-	-	-
gene_6204	mRNA_6204	OTHER	FALSE	1.000000	0.000000		FALSE	FALSE	0	-	-	-	-	-	-
gene_6205	mRNA_6205	OTHER	FALSE	1.000000	0.000000		FALSE	FALSE	0	-	-	-	-	-	-
gene_6206	mRNA_6206	OTHER	FALSE	1.000000	0.000000		FALSE	FALSE	0	-	-	-	-	-	-
gene_6207	mRNA_6207	OTHER	FALSE	1.000000	0.000000		FALSE	FALSE	0	-	-	-	-	-	-
gene_6208	mRNA_6208	OTHER	FALSE	1.000000	0.000000		FALSE	FALSE	0	-	-	-	-	-	-
gene_6209	mRNA_6209	OTHER	FALSE	1.000000	0.000000		TRUE	FALSE	1	-	-	-	CE5	-	-
gene_6210	mRNA_6210	OTHER	FALSE	1.000000	0.000000		FALSE	FALSE	0	-	-	-	-	-	-
gene_6211	mRNA_6211	OTHER	FALSE	1.000000	0.000006		FALSE	FALSE	0	-	-	-	-	-	-
gene_6212	mRNA_6212	OTHER	FALSE	1.000000	0.000000		FALSE	FALSE	0	-	-	-	-	-	-
gene_6213	mRNA_6213	OTHER	FALSE	1.000000	0.000001		FALSE	FALSE	0	-	-	-	-	-	-
gene_6214	mRNA_6214	OTHER	FALSE	1.000000	0.000000		FALSE	FALSE	0	-	-	-	-	-	-
gene_6215	mRNA_6215	OTHER	FALSE	1.000000	0.000000		FALSE	FALSE	0	-	-	-	-	-	-
gene_6216	mRNA_6216	OTHER	FALSE	1.000000	0.000002		FALSE	FALSE	0	-	-	-	-	-	-
gene_6217	mRNA_6217	OTHER	FALSE	1.000000	0.000000		FALSE	FALSE	0	-	-	-	-	-	-
gene_6218	mRNA_6218	OTHER	FALSE	1.000000	0.000000		FALSE	FALSE	0	-	-	-	-	-	-
gene_6219	mRNA_6219	SP	TRUE	0.000290	0.999680	CS pos: 29-30. Pr: 0.1483	TRUE	TRUE	2	-	-	CE3_e3(86-170)	CE3	CE3_e3	-
gene_6220	mRNA_6220	SP	TRUE	0.000246	0.999752	CS pos: 23-24. Pr: 0.9809	FALSE	FALSE	0	-	-	-	-	-	-
gene_6221	mRNA_6221	OTHER	FALSE	0.998767	0.001243		FALSE	FALSE	0	-	-	-	-	-	-
gene_6222	mRNA_6222	OTHER	FALSE	1.000000	0.000000		FALSE	FALSE	0	-	-	-	-	-	-
gene_6223	mRNA_6223	OTHER	FALSE	1.000000	0.000000		FALSE	FALSE	0	-	-	-	-	-	-
gene_6224	mRNA_6224	OTHER	FALSE	1.000000	0.000001		FALSE	FALSE	0	-	-	-	-	-	-
gene_6225	mRNA_6225	OTHER	FALSE	0.999674	0.000337		TRUE	FALSE	1	-	-	-	GH11	-	-
gene_6226	mRNA_6226	OTHER	FALSE	1.000000	0.000000		FALSE	FALSE	0	-	-	-	-	-	-
gene_6227	mRNA_6227	OTHER	FALSE	1.000000	0.000000		FALSE	FALSE	0	-	-	-	-	-	-
gene_6228	mRNA_6228	OTHER	FALSE	1.000000	0.000001		FALSE	FALSE	0	-	-	-	-	-	-
gene_6229	mRNA_6229	OTHER	FALSE	1.000000	0.000000		FALSE	FALSE	0	-	-	-	-	-	-
gene_6230	mRNA_6230	OTHER	FALSE	1.000000	0.000000		TRUE	FALSE	1	-	-	-	GH1	-	-
gene_6231	mRNA_6231	OTHER	FALSE	1.000000	0.000000		FALSE	FALSE	0	-	-	-	-	-	-
gene_6232	mRNA_6232	OTHER	FALSE	1.000000	0.000000		FALSE	FALSE	0	-	-	-	-	-	-
gene_6233	mRNA_6233	OTHER	FALSE	1.000000	0.000000		TRUE	FALSE	1	-	-	-	CBM67+CBM67	-	-
gene_6234	mRNA_6234	OTHER	FALSE	1.000000	0.000001		FALSE	FALSE	0	-	-	-	-	-	-
gene_6235	mRNA_6235	OTHER	FALSE	0.999913	0.000109		FALSE	FALSE	0	-	-	-	-	-	-
gene_6236	mRNA_6236	OTHER	FALSE	0.999666	0.000329		TRUE	TRUE	3	2.4.1.-:4	GT22(4-382)	GT22_e21(1-383)	GT22	GT22_e21	-
gene_6237	mRNA_6237	OTHER	FALSE	1.000000	0.000000		FALSE	FALSE	0	-	-	-	-	-	-
gene_6238	mRNA_6238	OTHER	FALSE	1.000000	0.000000		FALSE	FALSE	0	-	-	-	-	-	-
gene_6239	mRNA_6239	OTHER	FALSE	1.000000	0.000003		FALSE	FALSE	0	-	-	-	-	-	-
gene_6240	mRNA_6240	OTHER	FALSE	0.998395	0.001653		TRUE	FALSE	1	-	-	-	GH38	-	-
gene_6241	mRNA_6241	OTHER	FALSE	1.000000	0.000001		FALSE	FALSE	0	-	-	-	-	-	-
gene_6242	mRNA_6242	OTHER	FALSE	1.000000	0.000000		FALSE	FALSE	0	-	-	-	-	-	-
gene_6243	mRNA_6243	OTHER	FALSE	1.000000	0.000000		FALSE	FALSE	0	-	-	-	-	-	-
gene_6244	mRNA_6244	OTHER	FALSE	1.000000	0.000000		FALSE	FALSE	0	-	-	-	-	-	-
gene_6245	mRNA_6245	OTHER	FALSE	1.000000	0.000000		FALSE	FALSE	0	-	-	-	-	-	-
gene_6246	mRNA_6246	OTHER	FALSE	0.999928	0.000084		FALSE	FALSE	0	-	-	-	-	-	-
gene_6247	mRNA_6247	OTHER	FALSE	0.999797	0.000204		TRUE	TRUE	3	2.4.1.231:3	GT4(454-621)	GT4_e3141(454-622)	GT4	GT4_e3141	-
gene_6248	mRNA_6248	OTHER	FALSE	1.000000	0.000000		FALSE	FALSE	0	-	-	-	-	-	-
gene_6249	mRNA_6249	OTHER	FALSE	1.000000	0.000000		FALSE	FALSE	0	-	-	-	-	-	-
gene_6250	mRNA_6250	OTHER	FALSE	1.000000	0.000006		FALSE	FALSE	0	-	-	-	-	-	-
gene_6251	mRNA_6251	OTHER	FALSE	1.000000	0.000000		FALSE	FALSE	0	-	-	-	-	-	-
gene_6252	mRNA_6252	SP	TRUE	0.000250	0.999694	CS pos: 28-29. Pr: 0.6432	FALSE	FALSE	0	-	-	-	-	-	-
gene_6253	mRNA_6253	OTHER	FALSE	1.000000	0.000004		FALSE	FALSE	0	-	-	-	-	-	-
gene_6254	mRNA_6254	OTHER	FALSE	1.000000	0.000006		FALSE	FALSE	0	-	-	-	-	-	-
gene_6255	mRNA_6255	OTHER	FALSE	1.000000	0.000000		FALSE	FALSE	0	-	-	-	-	-	-
gene_6256	mRNA_6256	OTHER	FALSE	1.000000	0.000001		FALSE	FALSE	0	-	-	-	-	-	-
gene_6257	mRNA_6257	OTHER	FALSE	1.000000	0.000000		FALSE	FALSE	0	-	-	-	-	-	-
gene_6258	mRNA_6258	OTHER	FALSE	0.999936	0.000091		FALSE	FALSE	0	-	-	-	-	-	-
gene_6259	mRNA_6259	OTHER	FALSE	0.999735	0.000258		FALSE	FALSE	0	-	-	-	-	-	-
gene_6260	mRNA_6260	OTHER	FALSE	1.000000	0.000000		TRUE	FALSE	1	-	-	-	AA4	-	-
gene_6261	mRNA_6261	OTHER	FALSE	1.000000	0.000025		FALSE	FALSE	0	-	-	-	-	-	-
gene_6262	mRNA_6262	OTHER	FALSE	1.000000	0.000000		FALSE	FALSE	0	-	-	-	-	-	-
gene_6263	mRNA_6263	OTHER	FALSE	0.996783	0.003247		FALSE	FALSE	0	-	-	-	-	-	-
gene_6264	mRNA_6264	OTHER	FALSE	1.000000	0.000005		FALSE	FALSE	0	-	-	-	-	-	-
gene_6265	mRNA_6265	SP	TRUE	0.000422	0.999539	CS pos: 17-18. Pr: 0.9786	FALSE	FALSE	0	-	-	-	-	-	-
gene_6266	mRNA_6266	OTHER	FALSE	1.000000	0.000004		FALSE	FALSE	0	-	-	-	-	-	-
gene_6267	mRNA_6267	OTHER	FALSE	1.000000	0.000000		FALSE	FALSE	0	-	-	-	-	-	-
gene_6268	mRNA_6268	OTHER	FALSE	1.000000	0.000000		TRUE	FALSE	1	-	-	-	GT4	-	-
gene_6269	mRNA_6269	OTHER	FALSE	0.999960	0.000048		FALSE	FALSE	0	-	-	-	-	-	-
gene_6270	mRNA_6270	OTHER	FALSE	1.000000	0.000000		FALSE	FALSE	0	-	-	-	-	-	-
gene_6271	mRNA_6271	SP	TRUE	0.000228	0.999748	CS pos: 19-20. Pr: 0.9788	FALSE	FALSE	0	-	-	-	-	-	-
gene_6272	mRNA_6272	OTHER	FALSE	1.000000	0.000000		FALSE	FALSE	0	-	-	-	-	-	-
gene_6273	mRNA_6273	OTHER	FALSE	1.000000	0.000000		FALSE	FALSE	0	-	-	-	-	-	-
gene_6274	mRNA_6274	OTHER	FALSE	1.000000	0.000004		FALSE	FALSE	0	-	-	-	-	-	-
gene_6275	mRNA_6275	OTHER	FALSE	1.000000	0.000000		FALSE	FALSE	0	-	-	-	-	-	-
gene_6276	mRNA_6276	OTHER	FALSE	1.000000	0.000000		FALSE	FALSE	0	-	-	-	-	-	-
gene_6277	mRNA_6277	OTHER	FALSE	1.000000	0.000000		FALSE	FALSE	0	-	-	-	-	-	-
gene_6278	mRNA_6278	OTHER	FALSE	1.000000	0.000000		FALSE	FALSE	0	-	-	-	-	-	-
gene_6279	mRNA_6279	OTHER	FALSE	0.999789	0.000269		FALSE	FALSE	0	-	-	-	-	-	-
gene_6280	mRNA_6280	OTHER	FALSE	1.000000	0.000000		FALSE	FALSE	0	-	-	-	-	-	-
gene_6281	mRNA_6281	OTHER	FALSE	1.000000	0.000001		FALSE	FALSE	0	-	-	-	-	-	-
gene_6282	mRNA_6282	OTHER	FALSE	1.000000	0.000000		FALSE	FALSE	0	-	-	-	-	-	-
gene_6283	mRNA_6283	OTHER	FALSE	1.000000	0.000000		FALSE	FALSE	0	-	-	-	-	-	-
gene_6284	mRNA_6284	OTHER	FALSE	1.000000	0.000002		FALSE	FALSE	0	-	-	-	-	-	-
gene_6285	mRNA_6285	OTHER	FALSE	1.000000	0.000000		FALSE	FALSE	0	-	-	-	-	-	-
gene_6286	mRNA_6286	OTHER	FALSE	1.000000	0.000000		FALSE	FALSE	0	-	-	-	-	-	-
gene_6287	mRNA_6287	OTHER	FALSE	0.999880	0.000138		FALSE	FALSE	0	-	-	-	-	-	-
gene_6288	mRNA_6288	OTHER	FALSE	1.000000	0.000005		FALSE	FALSE	0	-	-	-	-	-	-
gene_6289	mRNA_6289	OTHER	FALSE	0.761767	0.238221		FALSE	FALSE	0	-	-	-	-	-	-
gene_6290	mRNA_6290	OTHER	FALSE	1.000000	0.000000		TRUE	FALSE	1	-	-	-	AA1_3+AA1_3	-	-
gene_6291	mRNA_6291	OTHER	FALSE	1.000000	0.000001		FALSE	FALSE	0	-	-	-	-	-	-
gene_6292	mRNA_6292	OTHER	FALSE	1.000000	0.000001		FALSE	FALSE	0	-	-	-	-	-	-
gene_6293	mRNA_6293	OTHER	FALSE	1.000000	0.000000		TRUE	FALSE	1	-	-	-	GT15	-	-
gene_6294	mRNA_6294	OTHER	FALSE	1.000000	0.000000		FALSE	FALSE	0	-	-	-	-	-	-
gene_6295	mRNA_6295	SP	TRUE	0.001977	0.997990	CS pos: 20-21. Pr: 0.9664	FALSE	FALSE	0	-	-	-	-	-	-
gene_6296	mRNA_6296	OTHER	FALSE	1.000000	0.000007		FALSE	FALSE	0	-	-	-	-	-	-
gene_6297	mRNA_6297	OTHER	FALSE	1.000000	0.000000		FALSE	FALSE	0	-	-	-	-	-	-
gene_6298	mRNA_6298	OTHER	FALSE	1.000000	0.000000		FALSE	FALSE	0	-	-	-	-	-	-
gene_6299	mRNA_6299	OTHER	FALSE	1.000000	0.000002		FALSE	FALSE	0	-	-	-	-	-	-
gene_6300	mRNA_6300	SP	TRUE	0.000203	0.999772	CS pos: 23-24. Pr: 0.9746	FALSE	FALSE	0	-	-	-	-	-	-
gene_6301	mRNA_6301	OTHER	FALSE	1.000000	0.000001		FALSE	FALSE	0	-	-	-	-	-	-
gene_6302	mRNA_6302	OTHER	FALSE	1.000000	0.000001		FALSE	FALSE	0	-	-	-	-	-	-
gene_6303	mRNA_6303	OTHER	FALSE	1.000000	0.000000		FALSE	FALSE	0	-	-	-	-	-	-
gene_6304	mRNA_6304	OTHER	FALSE	1.000000	0.000000		FALSE	FALSE	0	-	-	-	-	-	-
gene_6305	mRNA_6305	OTHER	FALSE	1.000000	0.000000		FALSE	FALSE	0	-	-	-	-	-	-
gene_6306	mRNA_6306	OTHER	FALSE	1.000000	0.000000		FALSE	FALSE	0	-	-	-	-	-	-
gene_6307	mRNA_6307	OTHER	FALSE	1.000000	0.000000		FALSE	FALSE	0	-	-	-	-	-	-
gene_6308	mRNA_6308	OTHER	FALSE	1.000000	0.000000		FALSE	FALSE	0	-	-	-	-	-	-
gene_6309	mRNA_6309	OTHER	FALSE	1.000000	0.000000		FALSE	FALSE	0	-	-	-	-	-	-
gene_6310	mRNA_6310	OTHER	FALSE	0.996372	0.003650		FALSE	FALSE	0	-	-	-	-	-	-
gene_6311	mRNA_6311	OTHER	FALSE	0.943538	0.056464		TRUE	TRUE	3	3.2.1.21:2	GH3(32-244)	GH3_e116(35-245)	GH3	GH3_e116	beta-glucan
gene_6312	mRNA_6312	OTHER	FALSE	1.000000	0.000000		FALSE	FALSE	0	-	-	-	-	-	-
gene_6313	mRNA_6313	OTHER	FALSE	0.999905	0.000132		FALSE	FALSE	0	-	-	-	-	-	-
gene_6314	mRNA_6314	OTHER	FALSE	1.000000	0.000000		FALSE	FALSE	0	-	-	-	-	-	-
gene_6315	mRNA_6315	OTHER	FALSE	1.000000	0.000014		FALSE	FALSE	0	-	-	-	-	-	-
gene_6316	mRNA_6316	OTHER	FALSE	1.000000	0.000001		FALSE	FALSE	0	-	-	-	-	-	-
gene_6317	mRNA_6317	OTHER	FALSE	1.000000	0.000000		FALSE	FALSE	0	-	-	-	-	-	-
gene_6318	mRNA_6318	OTHER	FALSE	1.000000	0.000000		FALSE	FALSE	0	-	-	-	-	-	-
gene_6319	mRNA_6319	OTHER	FALSE	1.000000	0.000000		FALSE	FALSE	0	-	-	-	-	-	-
gene_6320	mRNA_6320	OTHER	FALSE	1.000000	0.000005		FALSE	FALSE	0	-	-	-	-	-	-
gene_6321	mRNA_6321	OTHER	FALSE	1.000000	0.000002		FALSE	FALSE	0	-	-	-	-	-	-
gene_6322	mRNA_6322	OTHER	FALSE	1.000000	0.000000		FALSE	FALSE	0	-	-	-	-	-	-
gene_6323	mRNA_6323	OTHER	FALSE	0.999998	0.000004		FALSE	FALSE	0	-	-	-	-	-	-
gene_6324	mRNA_6324	OTHER	FALSE	1.000000	0.000026		FALSE	FALSE	0	-	-	-	-	-	-
gene_6325	mRNA_6325	OTHER	FALSE	1.000000	0.000002		FALSE	FALSE	0	-	-	-	-	-	-
gene_6326	mRNA_6326	OTHER	FALSE	1.000000	0.000000		FALSE	FALSE	0	-	-	-	-	-	-
gene_6327	mRNA_6327	OTHER	FALSE	1.000000	0.000000		FALSE	FALSE	0	-	-	-	-	-	-
gene_6328	mRNA_6328	OTHER	FALSE	0.888292	0.111722		TRUE	FALSE	1	-	-	-	GH5_9+GH5_9	-	-
gene_6329	mRNA_6329	OTHER	FALSE	0.999871	0.000202		FALSE	FALSE	0	-	-	-	-	-	-
gene_6330	mRNA_6330	OTHER	FALSE	1.000000	0.000000		TRUE	TRUE	2	3.2.1.96:2	-	GH18_e169(10-231)	GH18	GH18_e169	host glycan
gene_6331	mRNA_6331	OTHER	FALSE	0.999922	0.000074		FALSE	FALSE	0	-	-	-	-	-	-
gene_6332	mRNA_6332	OTHER	FALSE	1.000000	0.000000		FALSE	FALSE	0	-	-	-	-	-	-
gene_6333	mRNA_6333	OTHER	FALSE	1.000000	0.000000		FALSE	FALSE	0	-	-	-	-	-	-
gene_6334	mRNA_6334	OTHER	FALSE	0.999835	0.000218		FALSE	FALSE	0	-	-	-	-	-	-
gene_6335	mRNA_6335	OTHER	FALSE	0.999382	0.000630		FALSE	FALSE	0	-	-	-	-	-	-
gene_6336	mRNA_6336	OTHER	FALSE	1.000000	0.000001		FALSE	FALSE	0	-	-	-	-	-	-
gene_6337	mRNA_6337	OTHER	FALSE	1.000000	0.000019		FALSE	FALSE	0	-	-	-	-	-	-
gene_6338	mRNA_6338	OTHER	FALSE	1.000000	0.000000		FALSE	FALSE	0	-	-	-	-	-	-
gene_6339	mRNA_6339	OTHER	FALSE	1.000000	0.000001		FALSE	FALSE	0	-	-	-	-	-	-
gene_6340	mRNA_6340	OTHER	FALSE	1.000000	0.000015		TRUE	FALSE	1	-	-	-	GH18	-	-
gene_6341	mRNA_6341	SP	TRUE	0.000264	0.999714	CS pos: 18-19. Pr: 0.9790	TRUE	TRUE	3	3.2.1.106:25;3.2.1.-:4	GH63(596-810)	GH63_e12(425-811)	GH63	GH63_e12	-;host glycan
gene_6342	mRNA_6342	OTHER	FALSE	1.000000	0.000000		FALSE	FALSE	0	-	-	-	-	-	-
gene_6343	mRNA_6343	OTHER	FALSE	1.000000	0.000004		FALSE	FALSE	0	-	-	-	-	-	-
gene_6344	mRNA_6344	OTHER	FALSE	1.000000	0.000002		FALSE	FALSE	0	-	-	-	-	-	-
gene_6345	mRNA_6345	SP	TRUE	0.000311	0.999649	CS pos: 17-18. Pr: 0.9764	FALSE	FALSE	0	-	-	-	-	-	-
gene_6346	mRNA_6346	OTHER	FALSE	0.999997	0.000038		FALSE	FALSE	0	-	-	-	-	-	-
gene_6347	mRNA_6347	OTHER	FALSE	1.000000	0.000000		TRUE	FALSE	1	-	-	-	AA3	-	-
gene_6348	mRNA_6348	OTHER	FALSE	0.994195	0.005835		FALSE	FALSE	0	-	-	-	-	-	-
gene_6349	mRNA_6349	OTHER	FALSE	1.000000	0.000000		FALSE	FALSE	0	-	-	-	-	-	-
gene_6350	mRNA_6350	SP	TRUE	0.000511	0.999457	CS pos: 22-23. Pr: 0.8888	FALSE	FALSE	0	-	-	-	-	-	-
gene_6351	mRNA_6351	OTHER	FALSE	0.997911	0.002147		FALSE	FALSE	0	-	-	-	-	-	-
gene_6352	mRNA_6352	OTHER	FALSE	1.000000	0.000000		FALSE	FALSE	0	-	-	-	-	-	-
gene_6353	mRNA_6353	OTHER	FALSE	1.000000	0.000001		FALSE	FALSE	0	-	-	-	-	-	-
gene_6354	mRNA_6354	OTHER	FALSE	1.000000	0.000004		TRUE	TRUE	3	2.4.1.80:1	GT21(75-370)	GT21_e38(76-371)	GT21	GT21_e38	-
gene_6355	mRNA_6355	OTHER	FALSE	1.000000	0.000041		FALSE	FALSE	0	-	-	-	-	-	-
gene_6356	mRNA_6356	OTHER	FALSE	1.000000	0.000000		FALSE	FALSE	0	-	-	-	-	-	-
gene_6357	mRNA_6357	OTHER	FALSE	1.000000	0.000014		TRUE	FALSE	1	-	-	-	CE12	-	-
gene_6358	mRNA_6358	OTHER	FALSE	1.000000	0.000000		FALSE	FALSE	0	-	-	-	-	-	-
gene_6359	mRNA_6359	OTHER	FALSE	1.000000	0.000001		FALSE	FALSE	0	-	-	-	-	-	-
gene_6360	mRNA_6360	OTHER	FALSE	1.000000	0.000004		TRUE	TRUE	3	-	CE12(142-351)	CE12_e61(143-352)	CE12	CE12_e61	-
gene_6361	mRNA_6361	OTHER	FALSE	1.000000	0.000001		FALSE	FALSE	0	-	-	-	-	-	-
gene_6362	mRNA_6362	OTHER	FALSE	1.000000	0.000023		FALSE	FALSE	0	-	-	-	-	-	-
gene_6363	mRNA_6363	OTHER	FALSE	1.000000	0.000000		FALSE	FALSE	0	-	-	-	-	-	-
gene_6364	mRNA_6364	OTHER	FALSE	0.999967	0.000019		TRUE	FALSE	1	-	-	-	GH154	-	-
gene_6365	mRNA_6365	OTHER	FALSE	1.000000	0.000001		FALSE	FALSE	0	-	-	-	-	-	-
gene_6366	mRNA_6366	OTHER	FALSE	1.000000	0.000000		FALSE	FALSE	0	-	-	-	-	-	-
gene_6367	mRNA_6367	SP	TRUE	0.000246	0.999736	CS pos: 20-21. Pr: 0.9815	FALSE	FALSE	0	-	-	-	-	-	-
gene_6368	mRNA_6368	OTHER	FALSE	1.000000	0.000000		FALSE	FALSE	0	-	-	-	-	-	-
gene_6369	mRNA_6369	OTHER	FALSE	1.000000	0.000000		FALSE	FALSE	0	-	-	-	-	-	-
gene_6370	mRNA_6370	OTHER	FALSE	1.000000	0.000000		FALSE	FALSE	0	-	-	-	-	-	-
gene_6371	mRNA_6371	OTHER	FALSE	1.000000	0.000000		FALSE	FALSE	0	-	-	-	-	-	-
gene_6372	mRNA_6372	OTHER	FALSE	1.000000	0.000000		FALSE	FALSE	0	-	-	-	-	-	-
gene_6373	mRNA_6373	OTHER	FALSE	1.000000	0.000000		FALSE	FALSE	0	-	-	-	-	-	-
gene_6374	mRNA_6374	SP	TRUE	0.000222	0.999768	CS pos: 18-19. Pr: 0.9797	FALSE	FALSE	0	-	-	-	-	-	-
gene_6375	mRNA_6375	OTHER	FALSE	1.000000	0.000000		FALSE	FALSE	0	-	-	-	-	-	-
gene_6376	mRNA_6376	OTHER	FALSE	1.000000	0.000000		FALSE	FALSE	0	-	-	-	-	-	-
gene_6377	mRNA_6377	OTHER	FALSE	1.000000	0.000000		FALSE	FALSE	0	-	-	-	-	-	-
gene_6378	mRNA_6378	OTHER	FALSE	1.000000	0.000000		TRUE	FALSE	1	-	-	-	GH47	-	-
gene_6379	mRNA_6379	OTHER	FALSE	1.000000	0.000000		FALSE	FALSE	0	-	-	-	-	-	-
gene_6380	mRNA_6380	OTHER	FALSE	1.000000	0.000000		TRUE	FALSE	1	-	-	-	GT0	-	-
gene_6381	mRNA_6381	OTHER	FALSE	0.999231	0.000774		TRUE	FALSE	1	-	-	-	GT0	-	-
gene_6382	mRNA_6382	OTHER	FALSE	0.999942	0.000061		TRUE	FALSE	1	-	-	-	GH47	-	-
gene_6383	mRNA_6383	OTHER	FALSE	1.000000	0.000000		TRUE	TRUE	3	-	GH43_26(5-309)	GH43_e63(8-309)	GH43_26+GH43_26	GH43_26	-
gene_6384	mRNA_6384	OTHER	FALSE	1.000000	0.000001		TRUE	FALSE	1	-	-	-	GH31_4+GH31_4	-	-
gene_6385	mRNA_6385	OTHER	FALSE	1.000000	0.000000		FALSE	FALSE	0	-	-	-	-	-	-
gene_6386	mRNA_6386	OTHER	FALSE	1.000000	0.000001		FALSE	FALSE	0	-	-	-	-	-	-
gene_6387	mRNA_6387	OTHER	FALSE	0.999873	0.000168		TRUE	FALSE	1	-	-	-	CBM1+GH7	-	-
gene_6388	mRNA_6388	OTHER	FALSE	1.000000	0.000000		FALSE	FALSE	0	-	-	-	-	-	-
gene_6389	mRNA_6389	OTHER	FALSE	1.000000	0.000005		FALSE	FALSE	0	-	-	-	-	-	-
gene_6390	mRNA_6390	OTHER	FALSE	1.000000	0.000000		FALSE	FALSE	0	-	-	-	-	-	-
gene_6391	mRNA_6391	OTHER	FALSE	1.000000	0.000001		FALSE	FALSE	0	-	-	-	-	-	-
gene_6392	mRNA_6392	OTHER	FALSE	1.000000	0.000000		FALSE	FALSE	0	-	-	-	-	-	-
gene_6393	mRNA_6393	OTHER	FALSE	0.997501	0.002541		FALSE	FALSE	0	-	-	-	-	-	-
gene_6394	mRNA_6394	OTHER	FALSE	1.000000	0.000004		FALSE	FALSE	0	-	-	-	-	-	-
gene_6395	mRNA_6395	OTHER	FALSE	1.000000	0.000000		FALSE	FALSE	0	-	-	-	-	-	-
gene_6396	mRNA_6396	OTHER	FALSE	1.000000	0.000010		FALSE	FALSE	0	-	-	-	-	-	-
gene_6397	mRNA_6397	OTHER	FALSE	1.000000	0.000014		FALSE	FALSE	0	-	-	-	-	-	-
gene_6398	mRNA_6398	OTHER	FALSE	1.000000	0.000017		FALSE	FALSE	0	-	-	-	-	-	-
gene_6399	mRNA_6399	OTHER	FALSE	1.000000	0.000016		TRUE	FALSE	1	-	-	-	GT90	-	-
gene_6400	mRNA_6400	OTHER	FALSE	1.000000	0.000000		FALSE	FALSE	0	-	-	-	-	-	-
gene_6401	mRNA_6401	OTHER	FALSE	1.000000	0.000000		FALSE	FALSE	0	-	-	-	-	-	-
gene_6402	mRNA_6402	OTHER	FALSE	1.000000	0.000003		FALSE	FALSE	0	-	-	-	-	-	-
gene_6403	mRNA_6403	OTHER	FALSE	1.000000	0.000034		FALSE	FALSE	0	-	-	-	-	-	-
gene_6404	mRNA_6404	OTHER	FALSE	0.999566	0.000460		FALSE	FALSE	0	-	-	-	-	-	-
gene_6405	mRNA_6405	OTHER	FALSE	1.000000	0.000004		FALSE	FALSE	0	-	-	-	-	-	-
gene_6406	mRNA_6406	OTHER	FALSE	0.999332	0.000688		FALSE	FALSE	0	-	-	-	-	-	-
gene_6407	mRNA_6407	OTHER	FALSE	1.000000	0.000002		FALSE	FALSE	0	-	-	-	-	-	-
gene_6408	mRNA_6408	OTHER	FALSE	1.000000	0.000000		FALSE	FALSE	0	-	-	-	-	-	-
gene_6409	mRNA_6409	OTHER	FALSE	1.000000	0.000000		TRUE	FALSE	1	-	-	-	GH67	-	-
gene_6410	mRNA_6410	SP	TRUE	0.065298	0.934666	CS pos: 42-43. Pr: 0.8182	TRUE	FALSE	1	-	-	-	GH43_14+CBM91+GH43_14	-	-
gene_6411	mRNA_6411	OTHER	FALSE	0.999961	0.000029		FALSE	FALSE	0	-	-	-	-	-	-
gene_6412	mRNA_6412	OTHER	FALSE	1.000000	0.000025		FALSE	FALSE	0	-	-	-	-	-	-
gene_6413	mRNA_6413	OTHER	FALSE	1.000000	0.000001		FALSE	FALSE	0	-	-	-	-	-	-
gene_6414	mRNA_6414	OTHER	FALSE	1.000000	0.000000		TRUE	FALSE	1	-	-	-	AA4	-	-
gene_6415	mRNA_6415	SP	TRUE	0.000263	0.999713	CS pos: 20-21. Pr: 0.9785	FALSE	FALSE	0	-	-	-	-	-	-
gene_6416	mRNA_6416	OTHER	FALSE	1.000000	0.000000		FALSE	FALSE	0	-	-	-	-	-	-
gene_6417	mRNA_6417	OTHER	FALSE	1.000000	0.000000		FALSE	FALSE	0	-	-	-	-	-	-
gene_6418	mRNA_6418	OTHER	FALSE	1.000000	0.000000		FALSE	FALSE	0	-	-	-	-	-	-
gene_6419	mRNA_6419	OTHER	FALSE	1.000000	0.000000		FALSE	FALSE	0	-	-	-	-	-	-
gene_6420	mRNA_6420	OTHER	FALSE	1.000000	0.000001		FALSE	FALSE	0	-	-	-	-	-	-
gene_6421	mRNA_6421	OTHER	FALSE	1.000000	0.000004		TRUE	FALSE	1	-	-	-	GH105	-	-
gene_6422	mRNA_6422	OTHER	FALSE	1.000000	0.000000		FALSE	FALSE	0	-	-	-	-	-	-
gene_6423	mRNA_6423	OTHER	FALSE	1.000000	0.000002		FALSE	FALSE	0	-	-	-	-	-	-
gene_6424	mRNA_6424	OTHER	FALSE	0.883028	0.116973		FALSE	FALSE	0	-	-	-	-	-	-
gene_6425	mRNA_6425	OTHER	FALSE	1.000000	0.000000		FALSE	FALSE	0	-	-	-	-	-	-
gene_6426	mRNA_6426	OTHER	FALSE	1.000000	0.000001		FALSE	FALSE	0	-	-	-	-	-	-
gene_6427	mRNA_6427	OTHER	FALSE	1.000000	0.000000		FALSE	FALSE	0	-	-	-	-	-	-
gene_6428	mRNA_6428	OTHER	FALSE	1.000000	0.000000		FALSE	FALSE	0	-	-	-	-	-	-
gene_6429	mRNA_6429	OTHER	FALSE	1.000000	0.000002		FALSE	FALSE	0	-	-	-	-	-	-
gene_6430	mRNA_6430	OTHER	FALSE	1.000000	0.000026		FALSE	FALSE	0	-	-	-	-	-	-
gene_6431	mRNA_6431	OTHER	FALSE	1.000000	0.000000		FALSE	FALSE	0	-	-	-	-	-	-
gene_6432	mRNA_6432	OTHER	FALSE	1.000000	0.000001		FALSE	FALSE	0	-	-	-	-	-	-
gene_6433	mRNA_6433	OTHER	FALSE	1.000000	0.000000		FALSE	FALSE	0	-	-	-	-	-	-
gene_6434	mRNA_6434	OTHER	FALSE	1.000000	0.000007		FALSE	FALSE	0	-	-	-	-	-	-
gene_6435	mRNA_6435	OTHER	FALSE	1.000000	0.000000		FALSE	FALSE	0	-	-	-	-	-	-
gene_6436	mRNA_6436	OTHER	FALSE	1.000000	0.000007		TRUE	FALSE	1	-	-	-	AA3_2+AA3_2	-	-
gene_6437	mRNA_6437	OTHER	FALSE	1.000000	0.000002		FALSE	FALSE	0	-	-	-	-	-	-
gene_6438	mRNA_6438	SP	TRUE	0.000278	0.999692	CS pos: 14-15. Pr: 0.9777	FALSE	FALSE	0	-	-	-	-	-	-
gene_6439	mRNA_6439	OTHER	FALSE	0.999833	0.000166		FALSE	FALSE	0	-	-	-	-	-	-
gene_6440	mRNA_6440	OTHER	FALSE	1.000000	0.000024		FALSE	FALSE	0	-	-	-	-	-	-
gene_6441	mRNA_6441	OTHER	FALSE	1.000000	0.000000		FALSE	FALSE	0	-	-	-	-	-	-
gene_6442	mRNA_6442	OTHER	FALSE	0.999999	0.000021		FALSE	FALSE	0	-	-	-	-	-	-
gene_6443	mRNA_6443	SP	TRUE	0.000729	0.999247	CS pos: 33-34. Pr: 0.1984	TRUE	TRUE	3	1.10.3.2:4;1.10.3.-:1	AA1_3(54-365)	AA1_e46(55-536)	AA1_3+AA1_3	AA1_3	lignin
gene_6444	mRNA_6444	OTHER	FALSE	1.000000	0.000001		FALSE	FALSE	0	-	-	-	-	-	-
gene_6445	mRNA_6445	OTHER	FALSE	1.000000	0.000000		FALSE	FALSE	0	-	-	-	-	-	-
gene_6446	mRNA_6446	SP	TRUE	0.054694	0.945287	CS pos: 17-18. Pr: 0.6810	FALSE	FALSE	0	-	-	-	-	-	-
gene_6447	mRNA_6447	OTHER	FALSE	1.000000	0.000010		FALSE	FALSE	0	-	-	-	-	-	-
gene_6448	mRNA_6448	OTHER	FALSE	1.000000	0.000000		FALSE	FALSE	0	-	-	-	-	-	-
gene_6449	mRNA_6449	OTHER	FALSE	1.000000	0.000000		FALSE	FALSE	0	-	-	-	-	-	-
gene_6450	mRNA_6450	OTHER	FALSE	1.000000	0.000002		FALSE	FALSE	0	-	-	-	-	-	-
gene_6451	mRNA_6451	OTHER	FALSE	1.000000	0.000000		FALSE	FALSE	0	-	-	-	-	-	-
gene_6452	mRNA_6452	OTHER	FALSE	1.000000	0.000000		FALSE	FALSE	0	-	-	-	-	-	-
gene_6453	mRNA_6453	OTHER	FALSE	1.000000	0.000014		FALSE	FALSE	0	-	-	-	-	-	-
gene_6454	mRNA_6454	OTHER	FALSE	0.999972	0.000041		FALSE	FALSE	0	-	-	-	-	-	-
gene_6455	mRNA_6455	OTHER	FALSE	1.000000	0.000000		FALSE	FALSE	0	-	-	-	-	-	-
gene_6456	mRNA_6456	OTHER	FALSE	1.000000	0.000012		FALSE	FALSE	0	-	-	-	-	-	-
gene_6457	mRNA_6457	OTHER	FALSE	1.000000	0.000003		FALSE	FALSE	0	-	-	-	-	-	-
gene_6458	mRNA_6458	OTHER	FALSE	1.000000	0.000000		FALSE	FALSE	0	-	-	-	-	-	-
gene_6459	mRNA_6459	OTHER	FALSE	0.999998	0.000002		FALSE	FALSE	0	-	-	-	-	-	-
gene_6460	mRNA_6460	OTHER	FALSE	1.000000	0.000000		FALSE	FALSE	0	-	-	-	-	-	-
gene_6461	mRNA_6461	OTHER	FALSE	1.000000	0.000002		FALSE	FALSE	0	-	-	-	-	-	-
gene_6462	mRNA_6462	SP	TRUE	0.000271	0.999709	CS pos: 29-30. Pr: 0.9798	FALSE	FALSE	0	-	-	-	-	-	-
gene_6463	mRNA_6463	SP	TRUE	0.000219	0.999755	CS pos: 18-19. Pr: 0.9612	FALSE	FALSE	0	-	-	-	-	-	-
gene_6464	mRNA_6464	OTHER	FALSE	1.000000	0.000000		FALSE	FALSE	0	-	-	-	-	-	-
gene_6465	mRNA_6465	OTHER	FALSE	1.000000	0.000000		TRUE	FALSE	1	-	-	-	GH79	-	-
gene_6466	mRNA_6466	OTHER	FALSE	1.000000	0.000000		FALSE	FALSE	0	-	-	-	-	-	-
gene_6467	mRNA_6467	OTHER	FALSE	1.000000	0.000000		FALSE	FALSE	0	-	-	-	-	-	-
gene_6468	mRNA_6468	OTHER	FALSE	1.000000	0.000001		FALSE	FALSE	0	-	-	-	-	-	-
gene_6469	mRNA_6469	OTHER	FALSE	1.000000	0.000007		FALSE	FALSE	0	-	-	-	-	-	-
gene_6470	mRNA_6470	OTHER	FALSE	1.000000	0.000000		FALSE	FALSE	0	-	-	-	-	-	-
gene_6471	mRNA_6471	OTHER	FALSE	0.999433	0.000545		FALSE	FALSE	0	-	-	-	-	-	-
gene_6472	mRNA_6472	OTHER	FALSE	1.000000	0.000000		FALSE	FALSE	0	-	-	-	-	-	-
gene_6473	mRNA_6473	OTHER	FALSE	0.999998	0.000050		FALSE	FALSE	0	-	-	-	-	-	-
gene_6474	mRNA_6474	OTHER	FALSE	1.000000	0.000000		FALSE	FALSE	0	-	-	-	-	-	-
gene_6475	mRNA_6475	OTHER	FALSE	1.000000	0.000000		FALSE	FALSE	0	-	-	-	-	-	-
gene_6476	mRNA_6476	OTHER	FALSE	0.999503	0.000513		FALSE	FALSE	0	-	-	-	-	-	-
gene_6477	mRNA_6477	OTHER	FALSE	1.000000	0.000001		FALSE	FALSE	0	-	-	-	-	-	-
gene_6478	mRNA_6478	OTHER	FALSE	1.000000	0.000000		FALSE	FALSE	0	-	-	-	-	-	-
gene_6479	mRNA_6479	OTHER	FALSE	1.000000	0.000000		FALSE	FALSE	0	-	-	-	-	-	-
gene_6480	mRNA_6480	OTHER	FALSE	1.000000	0.000004		FALSE	FALSE	0	-	-	-	-	-	-
gene_6481	mRNA_6481	OTHER	FALSE	0.999864	0.000170		FALSE	FALSE	0	-	-	-	-	-	-
gene_6482	mRNA_6482	OTHER	FALSE	1.000000	0.000000		FALSE	FALSE	0	-	-	-	-	-	-
gene_6483	mRNA_6483	SP	TRUE	0.001344	0.998615	CS pos: 19-20. Pr: 0.9670	TRUE	TRUE	3	1.10.3.2:1	AA1_2(40-376)	AA1_e26(41-498)	AA1_2+AA1_2	AA1_2	lignin
gene_6484	mRNA_6484	SP	TRUE	0.000394	0.999601	CS pos: 19-20. Pr: 0.9613	FALSE	FALSE	0	-	-	-	-	-	-
gene_6485	mRNA_6485	OTHER	FALSE	1.000000	0.000017		FALSE	FALSE	0	-	-	-	-	-	-
gene_6486	mRNA_6486	OTHER	FALSE	0.999810	0.000199		FALSE	FALSE	0	-	-	-	-	-	-
gene_6487	mRNA_6487	OTHER	FALSE	1.000000	0.000001		FALSE	FALSE	0	-	-	-	-	-	-
gene_6488	mRNA_6488	OTHER	FALSE	1.000000	0.000000		FALSE	FALSE	0	-	-	-	-	-	-
gene_6489	mRNA_6489	OTHER	FALSE	0.999926	0.000083		FALSE	FALSE	0	-	-	-	-	-	-
gene_6490	mRNA_6490	SP	TRUE	0.000237	0.999735	CS pos: 17-18. Pr: 0.9625	FALSE	FALSE	0	-	-	-	-	-	-
gene_6491	mRNA_6491	OTHER	FALSE	0.999813	0.000207		TRUE	FALSE	1	-	-	-	CBM18	-	-
gene_6492	mRNA_6492	OTHER	FALSE	1.000000	0.000000		FALSE	FALSE	0	-	-	-	-	-	-
gene_6493	mRNA_6493	SP	TRUE	0.000239	0.999742	CS pos: 18-19. Pr: 0.9784	FALSE	FALSE	0	-	-	-	-	-	-
gene_6494	mRNA_6494	OTHER	FALSE	1.000000	0.000000		FALSE	FALSE	0	-	-	-	-	-	-
gene_6495	mRNA_6495	OTHER	FALSE	1.000000	0.000000		FALSE	FALSE	0	-	-	-	-	-	-
gene_6496	mRNA_6496	OTHER	FALSE	1.000000	0.000000		FALSE	FALSE	0	-	-	-	-	-	-
gene_6497	mRNA_6497	OTHER	FALSE	1.000000	0.000000		FALSE	FALSE	0	-	-	-	-	-	-
gene_6498	mRNA_6498	OTHER	FALSE	1.000000	0.000024		FALSE	FALSE	0	-	-	-	-	-	-
gene_6499	mRNA_6499	OTHER	FALSE	1.000000	0.000000		FALSE	FALSE	0	-	-	-	-	-	-
gene_6500	mRNA_6500	OTHER	FALSE	1.000000	0.000000		FALSE	FALSE	0	-	-	-	-	-	-
gene_6501	mRNA_6501	OTHER	FALSE	1.000000	0.000001		FALSE	FALSE	0	-	-	-	-	-	-
gene_6502	mRNA_6502	OTHER	FALSE	1.000000	0.000001		FALSE	FALSE	0	-	-	-	-	-	-
gene_6503	mRNA_6503	OTHER	FALSE	1.000000	0.000002		FALSE	FALSE	0	-	-	-	-	-	-
gene_6504	mRNA_6504	OTHER	FALSE	0.999639	0.000382		FALSE	FALSE	0	-	-	-	-	-	-
gene_6505	mRNA_6505	OTHER	FALSE	0.999824	0.000169		FALSE	FALSE	0	-	-	-	-	-	-
gene_6506	mRNA_6506	OTHER	FALSE	1.000000	0.000008		FALSE	FALSE	0	-	-	-	-	-	-
gene_6507	mRNA_6507	OTHER	FALSE	1.000000	0.000000		FALSE	FALSE	0	-	-	-	-	-	-
gene_6508	mRNA_6508	OTHER	FALSE	0.999843	0.000156		FALSE	FALSE	0	-	-	-	-	-	-
gene_6509	mRNA_6509	OTHER	FALSE	1.000000	0.000000		FALSE	FALSE	0	-	-	-	-	-	-
gene_6510	mRNA_6510	OTHER	FALSE	1.000000	0.000000		FALSE	FALSE	0	-	-	-	-	-	-
gene_6511	mRNA_6511	OTHER	FALSE	1.000000	0.000004		TRUE	FALSE	1	-	-	-	AA9	-	-
gene_6512	mRNA_6512	OTHER	FALSE	1.000000	0.000000		FALSE	FALSE	0	-	-	-	-	-	-
gene_6513	mRNA_6513	OTHER	FALSE	1.000000	0.000019		FALSE	FALSE	0	-	-	-	-	-	-
gene_6514	mRNA_6514	OTHER	FALSE	1.000000	0.000000		FALSE	FALSE	0	-	-	-	-	-	-
gene_6515	mRNA_6515	OTHER	FALSE	1.000000	0.000000		FALSE	FALSE	0	-	-	-	-	-	-
gene_6516	mRNA_6516	OTHER	FALSE	1.000000	0.000000		TRUE	FALSE	1	-	-	-	GT76	-	-
gene_6517	mRNA_6517	OTHER	FALSE	1.000000	0.000000		FALSE	FALSE	0	-	-	-	-	-	-
gene_6518	mRNA_6518	OTHER	FALSE	1.000000	0.000000		FALSE	FALSE	0	-	-	-	-	-	-
gene_6519	mRNA_6519	OTHER	FALSE	1.000000	0.000000		FALSE	FALSE	0	-	-	-	-	-	-
gene_6520	mRNA_6520	OTHER	FALSE	1.000000	0.000000		FALSE	FALSE	0	-	-	-	-	-	-
gene_6521	mRNA_6521	OTHER	FALSE	1.000000	0.000006		FALSE	FALSE	0	-	-	-	-	-	-
gene_6522	mRNA_6522	OTHER	FALSE	0.999966	0.000050		FALSE	FALSE	0	-	-	-	-	-	-
gene_6523	mRNA_6523	OTHER	FALSE	1.000000	0.000004		FALSE	FALSE	0	-	-	-	-	-	-
gene_6524	mRNA_6524	OTHER	FALSE	1.000000	0.000002		FALSE	FALSE	0	-	-	-	-	-	-
gene_6525	mRNA_6525	OTHER	FALSE	1.000000	0.000030		FALSE	FALSE	0	-	-	-	-	-	-
gene_6526	mRNA_6526	OTHER	FALSE	1.000000	0.000000		FALSE	FALSE	0	-	-	-	-	-	-
gene_6527	mRNA_6527	OTHER	FALSE	1.000000	0.000000		FALSE	FALSE	0	-	-	-	-	-	-
gene_6528	mRNA_6528	OTHER	FALSE	0.999776	0.000246		TRUE	FALSE	1	-	-	-	GH64	-	-
gene_6529	mRNA_6529	OTHER	FALSE	1.000000	0.000016		FALSE	FALSE	0	-	-	-	-	-	-
gene_6530	mRNA_6530	OTHER	FALSE	1.000000	0.000000		TRUE	FALSE	1	-	-	-	CBM50	-	-
gene_6531	mRNA_6531	OTHER	FALSE	1.000000	0.000000		FALSE	FALSE	0	-	-	-	-	-	-
gene_6532	mRNA_6532	OTHER	FALSE	0.998327	0.001687		FALSE	FALSE	0	-	-	-	-	-	-
gene_6533	mRNA_6533	OTHER	FALSE	1.000000	0.000001		TRUE	FALSE	1	-	-	-	GT32	-	-
gene_6534	mRNA_6534	OTHER	FALSE	1.000000	0.000000		FALSE	FALSE	0	-	-	-	-	-	-
gene_6535	mRNA_6535	OTHER	FALSE	1.000000	0.000000		FALSE	FALSE	0	-	-	-	-	-	-
gene_6536	mRNA_6536	OTHER	FALSE	0.998796	0.001187		FALSE	FALSE	0	-	-	-	-	-	-
gene_6537	mRNA_6537	OTHER	FALSE	1.000000	0.000000		FALSE	FALSE	0	-	-	-	-	-	-
gene_6538	mRNA_6538	OTHER	FALSE	0.999914	0.000072		FALSE	FALSE	0	-	-	-	-	-	-
gene_6539	mRNA_6539	OTHER	FALSE	1.000000	0.000000		FALSE	FALSE	0	-	-	-	-	-	-
gene_6540	mRNA_6540	OTHER	FALSE	1.000000	0.000000		TRUE	FALSE	1	-	-	-	GT22	-	-
gene_6541	mRNA_6541	SP	TRUE	0.005108	0.994875	CS pos: 24-25. Pr: 0.9134	TRUE	TRUE	3	1.1.99.18:13	AA3_1(44-586)	AA3_e46(51-586)	AA3_1+AA3_1+CBM1	AA3_1	cellulose
gene_6542	mRNA_6542	OTHER	FALSE	1.000000	0.000000		FALSE	FALSE	0	-	-	-	-	-	-
gene_6543	mRNA_6543	OTHER	FALSE	1.000000	0.000002		FALSE	FALSE	0	-	-	-	-	-	-
gene_6544	mRNA_6544	OTHER	FALSE	1.000000	0.000000		FALSE	FALSE	0	-	-	-	-	-	-
gene_6545	mRNA_6545	OTHER	FALSE	0.999974	0.000036		FALSE	FALSE	0	-	-	-	-	-	-
gene_6546	mRNA_6546	OTHER	FALSE	1.000000	0.000000		FALSE	FALSE	0	-	-	-	-	-	-
gene_6547	mRNA_6547	OTHER	FALSE	1.000000	0.000013		FALSE	FALSE	0	-	-	-	-	-	-
gene_6548	mRNA_6548	OTHER	FALSE	1.000000	0.000000		FALSE	FALSE	0	-	-	-	-	-	-
gene_6549	mRNA_6549	OTHER	FALSE	1.000000	0.000000		FALSE	FALSE	0	-	-	-	-	-	-
gene_6550	mRNA_6550	OTHER	FALSE	1.000000	0.000000		FALSE	FALSE	0	-	-	-	-	-	-
gene_6551	mRNA_6551	OTHER	FALSE	1.000000	0.000020		FALSE	FALSE	0	-	-	-	-	-	-
gene_6552	mRNA_6552	OTHER	FALSE	1.000000	0.000000		FALSE	FALSE	0	-	-	-	-	-	-
gene_6553	mRNA_6553	OTHER	FALSE	1.000000	0.000000		FALSE	FALSE	0	-	-	-	-	-	-
gene_6554	mRNA_6554	OTHER	FALSE	1.000000	0.000000		FALSE	FALSE	0	-	-	-	-	-	-
gene_6555	mRNA_6555	OTHER	FALSE	0.999950	0.000101		FALSE	FALSE	0	-	-	-	-	-	-
gene_6556	mRNA_6556	OTHER	FALSE	1.000000	0.000000		FALSE	FALSE	0	-	-	-	-	-	-
gene_6557	mRNA_6557	OTHER	FALSE	0.999590	0.000422		FALSE	FALSE	0	-	-	-	-	-	-
gene_6558	mRNA_6558	OTHER	FALSE	1.000000	0.000000		FALSE	FALSE	0	-	-	-	-	-	-
gene_6559	mRNA_6559	OTHER	FALSE	1.000000	0.000014		FALSE	FALSE	0	-	-	-	-	-	-
gene_6560	mRNA_6560	OTHER	FALSE	1.000000	0.000000		FALSE	FALSE	0	-	-	-	-	-	-
gene_6561	mRNA_6561	SP	TRUE	0.000331	0.999650	CS pos: 16-17. Pr: 0.9550	FALSE	FALSE	0	-	-	-	-	-	-
gene_6562	mRNA_6562	SP	TRUE	0.000783	0.999193	CS pos: 33-34. Pr: 0.4477	TRUE	TRUE	3	2.4.1.-:26	GH72(35-334)	GH72_e0(38-334)	GH72	GH72_e0	beta-glucan
gene_6563	mRNA_6563	OTHER	FALSE	1.000000	0.000001		TRUE	FALSE	1	-	-	-	GH72	-	-
gene_6564	mRNA_6564	OTHER	FALSE	1.000000	0.000004		FALSE	FALSE	0	-	-	-	-	-	-
gene_6565	mRNA_6565	SP	TRUE	0.005334	0.994652	CS pos: 36-37. Pr: 0.9626	FALSE	FALSE	0	-	-	-	-	-	-
gene_6566	mRNA_6566	OTHER	FALSE	0.999916	0.000133		FALSE	FALSE	0	-	-	-	-	-	-
gene_6567	mRNA_6567	OTHER	FALSE	0.999815	0.000201		TRUE	FALSE	1	-	-	-	GT0	-	-
gene_6568	mRNA_6568	OTHER	FALSE	1.000000	0.000000		FALSE	FALSE	0	-	-	-	-	-	-
gene_6569	mRNA_6569	OTHER	FALSE	1.000000	0.000003		TRUE	FALSE	1	-	-	-	GT76	-	-
gene_6570	mRNA_6570	OTHER	FALSE	1.000000	0.000000		FALSE	FALSE	0	-	-	-	-	-	-
gene_6571	mRNA_6571	OTHER	FALSE	1.000000	0.000001		FALSE	FALSE	0	-	-	-	-	-	-
gene_6572	mRNA_6572	OTHER	FALSE	1.000000	0.000011		FALSE	FALSE	0	-	-	-	-	-	-
gene_6573	mRNA_6573	OTHER	FALSE	0.999834	0.000185		FALSE	FALSE	0	-	-	-	-	-	-
gene_6574	mRNA_6574	OTHER	FALSE	1.000000	0.000000		FALSE	FALSE	0	-	-	-	-	-	-
gene_6575	mRNA_6575	OTHER	FALSE	1.000000	0.000000		FALSE	FALSE	0	-	-	-	-	-	-
gene_6576	mRNA_6576	OTHER	FALSE	0.999960	0.000065		FALSE	FALSE	0	-	-	-	-	-	-
gene_6577	mRNA_6577	OTHER	FALSE	1.000000	0.000000		FALSE	FALSE	0	-	-	-	-	-	-
gene_6578	mRNA_6578	OTHER	FALSE	1.000000	0.000000		FALSE	FALSE	0	-	-	-	-	-	-
gene_6579	mRNA_6579	OTHER	FALSE	1.000000	0.000000		FALSE	FALSE	0	-	-	-	-	-	-
gene_6580	mRNA_6580	OTHER	FALSE	1.000000	0.000000		FALSE	FALSE	0	-	-	-	-	-	-
gene_6581	mRNA_6581	OTHER	FALSE	0.999509	0.000508		FALSE	FALSE	0	-	-	-	-	-	-
gene_6582	mRNA_6582	OTHER	FALSE	1.000000	0.000000		TRUE	FALSE	1	-	-	-	GT57	-	-
gene_6583	mRNA_6583	OTHER	FALSE	1.000000	0.000002		FALSE	FALSE	0	-	-	-	-	-	-
gene_6584	mRNA_6584	OTHER	FALSE	1.000000	0.000000		FALSE	FALSE	0	-	-	-	-	-	-
gene_6585	mRNA_6585	OTHER	FALSE	1.000000	0.000000		FALSE	FALSE	0	-	-	-	-	-	-
gene_6586	mRNA_6586	OTHER	FALSE	1.000000	0.000000		FALSE	FALSE	0	-	-	-	-	-	-
gene_6587	mRNA_6587	OTHER	FALSE	1.000000	0.000003		FALSE	FALSE	0	-	-	-	-	-	-
gene_6588	mRNA_6588	OTHER	FALSE	1.000000	0.000000		FALSE	FALSE	0	-	-	-	-	-	-
gene_6589	mRNA_6589	OTHER	FALSE	1.000000	0.000002		FALSE	FALSE	0	-	-	-	-	-	-
gene_6590	mRNA_6590	OTHER	FALSE	1.000000	0.000000		FALSE	FALSE	0	-	-	-	-	-	-
gene_6591	mRNA_6591	OTHER	FALSE	1.000000	0.000000		FALSE	FALSE	0	-	-	-	-	-	-
gene_6592	mRNA_6592	OTHER	FALSE	0.999938	0.000057		FALSE	FALSE	0	-	-	-	-	-	-
gene_6593	mRNA_6593	OTHER	FALSE	1.000000	0.000006		FALSE	FALSE	0	-	-	-	-	-	-
gene_6594	mRNA_6594	OTHER	FALSE	0.999871	0.000148		FALSE	FALSE	0	-	-	-	-	-	-
gene_6595	mRNA_6595	OTHER	FALSE	1.000000	0.000012		FALSE	FALSE	0	-	-	-	-	-	-
gene_6596	mRNA_6596	OTHER	FALSE	0.826263	0.173745		FALSE	FALSE	0	-	-	-	-	-	-
gene_6597	mRNA_6597	OTHER	FALSE	1.000000	0.000000		FALSE	FALSE	0	-	-	-	-	-	-
gene_6598	mRNA_6598	OTHER	FALSE	1.000000	0.000002		FALSE	FALSE	0	-	-	-	-	-	-
gene_6599	mRNA_6599	OTHER	FALSE	1.000000	0.000001		FALSE	FALSE	0	-	-	-	-	-	-
gene_6600	mRNA_6600	OTHER	FALSE	1.000000	0.000003		TRUE	TRUE	2	-	-	GH36_e13(419-595)	GH36	GH36_e13	-
gene_6601	mRNA_6601	OTHER	FALSE	0.999911	0.000130		TRUE	FALSE	1	-	-	-	GH20	-	-
gene_6602	mRNA_6602	OTHER	FALSE	1.000000	0.000000		FALSE	FALSE	0	-	-	-	-	-	-
gene_6603	mRNA_6603	OTHER	FALSE	1.000000	0.000000		FALSE	FALSE	0	-	-	-	-	-	-
gene_6604	mRNA_6604	OTHER	FALSE	1.000000	0.000000		FALSE	FALSE	0	-	-	-	-	-	-
gene_6605	mRNA_6605	OTHER	FALSE	1.000000	0.000000		FALSE	FALSE	0	-	-	-	-	-	-
gene_6606	mRNA_6606	OTHER	FALSE	1.000000	0.000000		FALSE	FALSE	0	-	-	-	-	-	-
gene_6607	mRNA_6607	OTHER	FALSE	1.000000	0.000000		FALSE	FALSE	0	-	-	-	-	-	-
gene_6608	mRNA_6608	OTHER	FALSE	1.000000	0.000002		TRUE	FALSE	1	-	-	-	GH71	-	-
gene_6609	mRNA_6609	OTHER	FALSE	1.000000	0.000000		TRUE	TRUE	2	-	CE1(23-291)	CE1_e38(27-248)	-	CE1_e38	-
gene_6610	mRNA_6610	SP	TRUE	0.000224	0.999758	CS pos: 21-22. Pr: 0.9656	FALSE	FALSE	0	-	-	-	-	-	-
gene_6611	mRNA_6611	OTHER	FALSE	1.000000	0.000017		FALSE	FALSE	0	-	-	-	-	-	-
gene_6612	mRNA_6612	OTHER	FALSE	1.000000	0.000000		FALSE	FALSE	0	-	-	-	-	-	-
gene_6613	mRNA_6613	OTHER	FALSE	1.000000	0.000000		FALSE	FALSE	0	-	-	-	-	-	-
gene_6614	mRNA_6614	OTHER	FALSE	1.000000	0.000003		TRUE	FALSE	1	-	-	-	CBM18+CBM18+CBM18+CE4	-	-
gene_6615	mRNA_6615	OTHER	FALSE	1.000000	0.000000		FALSE	FALSE	0	-	-	-	-	-	-
gene_6616	mRNA_6616	OTHER	FALSE	1.000000	0.000001		FALSE	FALSE	0	-	-	-	-	-	-
gene_6617	mRNA_6617	OTHER	FALSE	1.000000	0.000000		FALSE	FALSE	0	-	-	-	-	-	-
gene_6618	mRNA_6618	OTHER	FALSE	0.999318	0.000688		FALSE	FALSE	0	-	-	-	-	-	-
gene_6619	mRNA_6619	OTHER	FALSE	1.000000	0.000000		FALSE	FALSE	0	-	-	-	-	-	-
gene_6620	mRNA_6620	OTHER	FALSE	1.000000	0.000000		FALSE	FALSE	0	-	-	-	-	-	-
gene_6621	mRNA_6621	SP	TRUE	0.000777	0.999191	CS pos: 28-29. Pr: 0.4096	FALSE	FALSE	0	-	-	-	-	-	-
gene_6622	mRNA_6622	OTHER	FALSE	1.000000	0.000000		FALSE	FALSE	0	-	-	-	-	-	-
gene_6623	mRNA_6623	OTHER	FALSE	1.000000	0.000000		FALSE	FALSE	0	-	-	-	-	-	-
gene_6624	mRNA_6624	OTHER	FALSE	1.000000	0.000000		FALSE	FALSE	0	-	-	-	-	-	-
gene_6625	mRNA_6625	OTHER	FALSE	1.000000	0.000000		FALSE	FALSE	0	-	-	-	-	-	-
gene_6626	mRNA_6626	OTHER	FALSE	1.000000	0.000001		FALSE	FALSE	0	-	-	-	-	-	-
gene_6627	mRNA_6627	OTHER	FALSE	1.000000	0.000000		FALSE	FALSE	0	-	-	-	-	-	-
gene_6628	mRNA_6628	OTHER	FALSE	1.000000	0.000002		FALSE	FALSE	0	-	-	-	-	-	-
gene_6629	mRNA_6629	OTHER	FALSE	1.000000	0.000000		FALSE	FALSE	0	-	-	-	-	-	-
gene_6630	mRNA_6630	OTHER	FALSE	0.868165	0.131840		TRUE	FALSE	1	-	-	-	GT57	-	-
gene_6631	mRNA_6631	OTHER	FALSE	1.000000	0.000001		TRUE	FALSE	1	-	-	-	GH131	-	-
gene_6632	mRNA_6632	OTHER	FALSE	1.000000	0.000000		FALSE	FALSE	0	-	-	-	-	-	-
gene_6633	mRNA_6633	SP	TRUE	0.000343	0.999638	CS pos: 19-20. Pr: 0.9769	FALSE	FALSE	0	-	-	-	-	-	-
gene_6634	mRNA_6634	OTHER	FALSE	1.000000	0.000004		FALSE	FALSE	0	-	-	-	-	-	-
gene_6635	mRNA_6635	OTHER	FALSE	0.997814	0.002228		FALSE	FALSE	0	-	-	-	-	-	-
gene_6636	mRNA_6636	OTHER	FALSE	1.000000	0.000018		FALSE	FALSE	0	-	-	-	-	-	-
gene_6637	mRNA_6637	OTHER	FALSE	0.983762	0.016251		TRUE	TRUE	3	-	AA3(241-815)	AA3_e4(258-815)	AA0	AA3_e4	-
gene_6638	mRNA_6638	OTHER	FALSE	0.998506	0.001492		FALSE	FALSE	0	-	-	-	-	-	-
gene_6639	mRNA_6639	OTHER	FALSE	1.000000	0.000000		FALSE	FALSE	0	-	-	-	-	-	-
gene_6640	mRNA_6640	OTHER	FALSE	1.000000	0.000001		FALSE	FALSE	0	-	-	-	-	-	-
gene_6641	mRNA_6641	OTHER	FALSE	1.000000	0.000002		FALSE	FALSE	0	-	-	-	-	-	-
gene_6642	mRNA_6642	OTHER	FALSE	1.000000	0.000004		FALSE	FALSE	0	-	-	-	-	-	-
gene_6643	mRNA_6643	OTHER	FALSE	1.000000	0.000001		FALSE	FALSE	0	-	-	-	-	-	-
gene_6644	mRNA_6644	OTHER	FALSE	0.999991	0.000061		FALSE	FALSE	0	-	-	-	-	-	-
gene_6645	mRNA_6645	OTHER	FALSE	1.000000	0.000005		FALSE	FALSE	0	-	-	-	-	-	-
gene_6646	mRNA_6646	OTHER	FALSE	1.000000	0.000000		TRUE	FALSE	1	-	-	-	GH92	-	-
gene_6647	mRNA_6647	SP	TRUE	0.000214	0.999736	CS pos: 24-25. Pr: 0.9762	TRUE	TRUE	3	-|-	GH125(87-586)	GH125_e2(88-242)+GH125_e2(417-587)	GH125	GH125_e2|GH125_e2	alpha-mannan
gene_6648	mRNA_6648	OTHER	FALSE	1.000000	0.000001		FALSE	FALSE	0	-	-	-	-	-	-
gene_6649	mRNA_6649	OTHER	FALSE	1.000000	0.000000		FALSE	FALSE	0	-	-	-	-	-	-
gene_6650	mRNA_6650	OTHER	FALSE	0.969964	0.030087		FALSE	FALSE	0	-	-	-	-	-	-
gene_6651	mRNA_6651	OTHER	FALSE	1.000000	0.000000		FALSE	FALSE	0	-	-	-	-	-	-
gene_6652	mRNA_6652	OTHER	FALSE	1.000000	0.000006		TRUE	TRUE	3	-	GH92(323-862)	GH92_e35(324-862)	GH92	GH92_e35	host glycan
gene_6653	mRNA_6653	SP	TRUE	0.000234	0.999754	CS pos: 18-19. Pr: 0.9731	TRUE	TRUE	3	3.2.1.58:16	GH55_2(17-766)	GH55_e8(17-674)	GH55_2+GH55_2	GH55_2	beta-glucan
gene_6654	mRNA_6654	OTHER	FALSE	1.000000	0.000000		FALSE	FALSE	0	-	-	-	-	-	-
gene_6655	mRNA_6655	OTHER	FALSE	1.000000	0.000000		FALSE	FALSE	0	-	-	-	-	-	-
gene_6656	mRNA_6656	OTHER	FALSE	1.000000	0.000000		FALSE	FALSE	0	-	-	-	-	-	-
gene_6657	mRNA_6657	OTHER	FALSE	1.000000	0.000000		FALSE	FALSE	0	-	-	-	-	-	-
gene_6658	mRNA_6658	OTHER	FALSE	1.000000	0.000000		FALSE	FALSE	0	-	-	-	-	-	-
gene_6659	mRNA_6659	OTHER	FALSE	1.000000	0.000011		FALSE	FALSE	0	-	-	-	-	-	-
gene_6660	mRNA_6660	OTHER	FALSE	1.000000	0.000000		FALSE	FALSE	0	-	-	-	-	-	-
gene_6661	mRNA_6661	OTHER	FALSE	1.000000	0.000000		FALSE	FALSE	0	-	-	-	-	-	-
gene_6662	mRNA_6662	OTHER	FALSE	1.000000	0.000000		FALSE	FALSE	0	-	-	-	-	-	-
gene_6663	mRNA_6663	OTHER	FALSE	1.000000	0.000002		TRUE	FALSE	1	-	-	-	GH1	-	-
gene_6664	mRNA_6664	OTHER	FALSE	1.000000	0.000001		FALSE	FALSE	0	-	-	-	-	-	-
gene_6665	mRNA_6665	OTHER	FALSE	1.000000	0.000000		FALSE	FALSE	0	-	-	-	-	-	-
gene_6666	mRNA_6666	OTHER	FALSE	0.997579	0.002402		FALSE	FALSE	0	-	-	-	-	-	-
gene_6667	mRNA_6667	OTHER	FALSE	1.000000	0.000001		FALSE	FALSE	0	-	-	-	-	-	-
gene_6668	mRNA_6668	SP	TRUE	0.000263	0.999711	CS pos: 18-19. Pr: 0.9055	FALSE	FALSE	0	-	-	-	-	-	-
gene_6669	mRNA_6669	OTHER	FALSE	0.999992	0.000000		FALSE	FALSE	0	-	-	-	-	-	-
gene_6670	mRNA_6670	OTHER	FALSE	1.000000	0.000013		FALSE	FALSE	0	-	-	-	-	-	-
gene_6671	mRNA_6671	OTHER	FALSE	0.996553	0.003468		FALSE	FALSE	0	-	-	-	-	-	-
gene_6672	mRNA_6672	OTHER	FALSE	1.000000	0.000000		FALSE	FALSE	0	-	-	-	-	-	-
gene_6673	mRNA_6673	OTHER	FALSE	1.000000	0.000000		FALSE	FALSE	0	-	-	-	-	-	-
gene_6674	mRNA_6674	OTHER	FALSE	1.000000	0.000000		FALSE	FALSE	0	-	-	-	-	-	-
gene_6675	mRNA_6675	OTHER	FALSE	1.000000	0.000000		FALSE	FALSE	0	-	-	-	-	-	-
gene_6676	mRNA_6676	OTHER	FALSE	0.999935	0.000131		TRUE	FALSE	1	-	-	-	GT39	-	-
gene_6677	mRNA_6677	OTHER	FALSE	1.000000	0.000000		FALSE	FALSE	0	-	-	-	-	-	-
gene_6678	mRNA_6678	OTHER	FALSE	1.000000	0.000000		FALSE	FALSE	0	-	-	-	-	-	-
gene_6679	mRNA_6679	OTHER	FALSE	1.000000	0.000000		TRUE	FALSE	1	-	-	-	GH0	-	-
gene_6680	mRNA_6680	OTHER	FALSE	0.999998	0.000001		FALSE	FALSE	0	-	-	-	-	-	-
gene_6681	mRNA_6681	OTHER	FALSE	1.000000	0.000000		FALSE	FALSE	0	-	-	-	-	-	-
gene_6682	mRNA_6682	OTHER	FALSE	1.000000	0.000000		TRUE	FALSE	1	-	-	-	GH47	-	-
gene_6683	mRNA_6683	OTHER	FALSE	1.000000	0.000000		FALSE	FALSE	0	-	-	-	-	-	-
gene_6684	mRNA_6684	OTHER	FALSE	1.000000	0.000000		FALSE	FALSE	0	-	-	-	-	-	-
gene_6685	mRNA_6685	OTHER	FALSE	1.000000	0.000000		FALSE	FALSE	0	-	-	-	-	-	-
gene_6686	mRNA_6686	OTHER	FALSE	1.000000	0.000001		FALSE	FALSE	0	-	-	-	-	-	-
gene_6687	mRNA_6687	OTHER	FALSE	1.000000	0.000002		FALSE	FALSE	0	-	-	-	-	-	-
gene_6688	mRNA_6688	OTHER	FALSE	1.000000	0.000000		FALSE	FALSE	0	-	-	-	-	-	-
gene_6689	mRNA_6689	OTHER	FALSE	0.998777	0.001273		FALSE	FALSE	0	-	-	-	-	-	-
gene_6690	mRNA_6690	OTHER	FALSE	1.000000	0.000000		FALSE	FALSE	0	-	-	-	-	-	-
gene_6691	mRNA_6691	OTHER	FALSE	1.000000	0.000000		FALSE	FALSE	0	-	-	-	-	-	-
gene_6692	mRNA_6692	OTHER	FALSE	1.000000	0.000000		FALSE	FALSE	0	-	-	-	-	-	-
gene_6693	mRNA_6693	OTHER	FALSE	1.000000	0.000014		FALSE	FALSE	0	-	-	-	-	-	-
gene_6694	mRNA_6694	OTHER	FALSE	1.000000	0.000000		TRUE	FALSE	1	-	-	-	GH31_1+GH31_1	-	-
gene_6695	mRNA_6695	OTHER	FALSE	0.999800	0.000241		TRUE	FALSE	1	-	-	-	AA9	-	-
gene_6696	mRNA_6696	OTHER	FALSE	1.000000	0.000001		FALSE	FALSE	0	-	-	-	-	-	-
gene_6697	mRNA_6697	OTHER	FALSE	0.999950	0.000081		FALSE	FALSE	0	-	-	-	-	-	-
gene_6698	mRNA_6698	OTHER	FALSE	1.000000	0.000000		FALSE	FALSE	0	-	-	-	-	-	-
gene_6699	mRNA_6699	OTHER	FALSE	1.000000	0.000029		FALSE	FALSE	0	-	-	-	-	-	-
gene_6700	mRNA_6700	OTHER	FALSE	1.000000	0.000001		FALSE	FALSE	0	-	-	-	-	-	-
gene_6701	mRNA_6701	OTHER	FALSE	1.000000	0.000001		FALSE	FALSE	0	-	-	-	-	-	-
gene_6702	mRNA_6702	OTHER	FALSE	0.999977	0.000062		TRUE	FALSE	1	-	-	-	CBM48+GH13_8+GH13_8	-	-
gene_6703	mRNA_6703	OTHER	FALSE	1.000000	0.000000		FALSE	FALSE	0	-	-	-	-	-	-
gene_6704	mRNA_6704	OTHER	FALSE	1.000000	0.000002		FALSE	FALSE	0	-	-	-	-	-	-
gene_6705	mRNA_6705	OTHER	FALSE	1.000000	0.000000		FALSE	FALSE	0	-	-	-	-	-	-
gene_6706	mRNA_6706	OTHER	FALSE	1.000000	0.000000		FALSE	FALSE	0	-	-	-	-	-	-
gene_6707	mRNA_6707	OTHER	FALSE	1.000000	0.000000		FALSE	FALSE	0	-	-	-	-	-	-
gene_6708	mRNA_6708	OTHER	FALSE	1.000000	0.000000		FALSE	FALSE	0	-	-	-	-	-	-
gene_6709	mRNA_6709	OTHER	FALSE	1.000000	0.000000		FALSE	FALSE	0	-	-	-	-	-	-
gene_6710	mRNA_6710	OTHER	FALSE	1.000000	0.000000		FALSE	FALSE	0	-	-	-	-	-	-
gene_6711	mRNA_6711	OTHER	FALSE	1.000000	0.000000		FALSE	FALSE	0	-	-	-	-	-	-
gene_6712	mRNA_6712	OTHER	FALSE	0.999452	0.000534		FALSE	FALSE	0	-	-	-	-	-	-
gene_6713	mRNA_6713	OTHER	FALSE	1.000000	0.000006		FALSE	FALSE	0	-	-	-	-	-	-
gene_6714	mRNA_6714	OTHER	FALSE	1.000000	0.000006		TRUE	FALSE	1	-	-	-	GH31_4	-	-
gene_6715	mRNA_6715	OTHER	FALSE	1.000000	0.000000		FALSE	FALSE	0	-	-	-	-	-	-
gene_6716	mRNA_6716	OTHER	FALSE	1.000000	0.000000		FALSE	FALSE	0	-	-	-	-	-	-
gene_6717	mRNA_6717	OTHER	FALSE	1.000000	0.000000		FALSE	FALSE	0	-	-	-	-	-	-
gene_6718	mRNA_6718	OTHER	FALSE	1.000000	0.000000		FALSE	FALSE	0	-	-	-	-	-	-
gene_6719	mRNA_6719	OTHER	FALSE	1.000000	0.000000		FALSE	FALSE	0	-	-	-	-	-	-
gene_6720	mRNA_6720	OTHER	FALSE	1.000000	0.000000		TRUE	FALSE	1	-	-	-	GH18+CBM5+CBM5	-	-
gene_6721	mRNA_6721	OTHER	FALSE	1.000000	0.000000		FALSE	FALSE	0	-	-	-	-	-	-
gene_6722	mRNA_6722	OTHER	FALSE	1.000000	0.000000		FALSE	FALSE	0	-	-	-	-	-	-
gene_6723	mRNA_6723	OTHER	FALSE	1.000000	0.000000		FALSE	FALSE	0	-	-	-	-	-	-
gene_6724	mRNA_6724	OTHER	FALSE	1.000000	0.000000		FALSE	FALSE	0	-	-	-	-	-	-
gene_6725	mRNA_6725	OTHER	FALSE	1.000000	0.000001		FALSE	FALSE	0	-	-	-	-	-	-
gene_6726	mRNA_6726	OTHER	FALSE	1.000000	0.000003		FALSE	FALSE	0	-	-	-	-	-	-
gene_6727	mRNA_6727	OTHER	FALSE	0.997948	0.002068		FALSE	FALSE	0	-	-	-	-	-	-
gene_6728	mRNA_6728	OTHER	FALSE	1.000000	0.000000		FALSE	FALSE	0	-	-	-	-	-	-
gene_6729	mRNA_6729	OTHER	FALSE	1.000000	0.000000		TRUE	FALSE	1	-	AA7(31-222)	-	-	-	-
gene_6730	mRNA_6730	OTHER	FALSE	1.000000	0.000000		FALSE	FALSE	0	-	-	-	-	-	-
gene_6731	mRNA_6731	OTHER	FALSE	1.000000	0.000000		FALSE	FALSE	0	-	-	-	-	-	-
gene_6732	mRNA_6732	OTHER	FALSE	1.000000	0.000000		FALSE	FALSE	0	-	-	-	-	-	-
gene_6733	mRNA_6733	OTHER	FALSE	1.000000	0.000000		FALSE	FALSE	0	-	-	-	-	-	-
gene_6734	mRNA_6734	OTHER	FALSE	1.000000	0.000000		TRUE	FALSE	1	-	-	-	GH79	-	-
gene_6735	mRNA_6735	OTHER	FALSE	1.000000	0.000000		TRUE	FALSE	1	-	-	-	GT1	-	-
gene_6736	mRNA_6736	OTHER	FALSE	1.000000	0.000001		FALSE	FALSE	0	-	-	-	-	-	-
gene_6737	mRNA_6737	OTHER	FALSE	0.999931	0.000100		FALSE	FALSE	0	-	-	-	-	-	-
gene_6738	mRNA_6738	OTHER	FALSE	1.000000	0.000000		TRUE	FALSE	1	-	-	-	GH16_20	-	-
gene_6739	mRNA_6739	OTHER	FALSE	1.000000	0.000000		FALSE	FALSE	0	-	-	-	-	-	-
gene_6740	mRNA_6740	OTHER	FALSE	1.000000	0.000001		FALSE	FALSE	0	-	-	-	-	-	-
gene_6741	mRNA_6741	OTHER	FALSE	0.988768	0.011232		FALSE	FALSE	0	-	-	-	-	-	-
gene_6742	mRNA_6742	OTHER	FALSE	1.000000	0.000000		FALSE	FALSE	0	-	-	-	-	-	-
gene_6743	mRNA_6743	OTHER	FALSE	1.000000	0.000001		FALSE	FALSE	0	-	-	-	-	-	-
gene_6744	mRNA_6744	OTHER	FALSE	1.000000	0.000000		FALSE	FALSE	0	-	-	-	-	-	-
gene_6745	mRNA_6745	OTHER	FALSE	1.000000	0.000001		FALSE	FALSE	0	-	-	-	-	-	-
gene_6746	mRNA_6746	SP	TRUE	0.000280	0.999701	CS pos: 15-16. Pr: 0.9639	FALSE	FALSE	0	-	-	-	-	-	-
gene_6747	mRNA_6747	OTHER	FALSE	1.000000	0.000000		FALSE	FALSE	0	-	-	-	-	-	-
gene_6748	mRNA_6748	OTHER	FALSE	1.000000	0.000000		FALSE	FALSE	0	-	-	-	-	-	-
gene_6749	mRNA_6749	OTHER	FALSE	1.000000	0.000000		TRUE	FALSE	1	-	-	-	GT20	-	-
gene_6750	mRNA_6750	OTHER	FALSE	1.000000	0.000001		TRUE	FALSE	1	-	-	-	GH93	-	-
gene_6751	mRNA_6751	OTHER	FALSE	1.000000	0.000000		FALSE	FALSE	0	-	-	-	-	-	-
gene_6752	mRNA_6752	OTHER	FALSE	1.000000	0.000000		FALSE	FALSE	0	-	-	-	-	-	-
gene_6753	mRNA_6753	OTHER	FALSE	0.998315	0.001744		FALSE	FALSE	0	-	-	-	-	-	-
gene_6754	mRNA_6754	OTHER	FALSE	1.000000	0.000001		FALSE	FALSE	0	-	-	-	-	-	-
gene_6755	mRNA_6755	OTHER	FALSE	1.000000	0.000000		FALSE	FALSE	0	-	-	-	-	-	-
gene_6756	mRNA_6756	OTHER	FALSE	1.000000	0.000002		FALSE	FALSE	0	-	-	-	-	-	-
gene_6757	mRNA_6757	OTHER	FALSE	1.000000	0.000000		FALSE	FALSE	0	-	-	-	-	-	-
gene_6758	mRNA_6758	OTHER	FALSE	1.000000	0.000006		TRUE	TRUE	3	2.4.1.34:56	GT48(870-1651)	GT48_e0(873-1650)	GT48	GT48_e0	-
gene_6759	mRNA_6759	OTHER	FALSE	0.999976	0.000027		TRUE	FALSE	1	-	-	-	GT48	-	-
gene_6760	mRNA_6760	OTHER	FALSE	0.999988	0.000057		FALSE	FALSE	0	-	-	-	-	-	-
gene_6761	mRNA_6761	OTHER	FALSE	1.000000	0.000004		FALSE	FALSE	0	-	-	-	-	-	-
gene_6762	mRNA_6762	OTHER	FALSE	1.000000	0.000000		FALSE	FALSE	0	-	-	-	-	-	-
gene_6763	mRNA_6763	OTHER	FALSE	1.000000	0.000000		FALSE	FALSE	0	-	-	-	-	-	-
gene_6764	mRNA_6764	OTHER	FALSE	1.000000	0.000000		FALSE	FALSE	0	-	-	-	-	-	-
gene_6765	mRNA_6765	OTHER	FALSE	1.000000	0.000000		TRUE	FALSE	1	-	-	-	GH16_1+GH16_1	-	-
gene_6766	mRNA_6766	OTHER	FALSE	1.000000	0.000001		TRUE	FALSE	1	-	-	-	GH47	-	-
gene_6767	mRNA_6767	OTHER	FALSE	0.999858	0.000149		FALSE	FALSE	0	-	-	-	-	-	-
gene_6768	mRNA_6768	OTHER	FALSE	0.901490	0.098519		FALSE	FALSE	0	-	-	-	-	-	-
gene_6769	mRNA_6769	SP	TRUE	0.000209	0.999752	CS pos: 24-25. Pr: 0.9809	TRUE	TRUE	3	3.2.1.14:1	GH18(32-289)	GH18_e94(33-297)	CBM1+GH18	GH18_e94	chitin
gene_6770	mRNA_6770	OTHER	FALSE	0.999975	0.000036		FALSE	FALSE	0	-	-	-	-	-	-
gene_6771	mRNA_6771	OTHER	FALSE	1.000000	0.000000		FALSE	FALSE	0	-	-	-	-	-	-
gene_6772	mRNA_6772	OTHER	FALSE	0.999671	0.000334		FALSE	FALSE	0	-	-	-	-	-	-
gene_6773	mRNA_6773	OTHER	FALSE	1.000000	0.000000		FALSE	FALSE	0	-	-	-	-	-	-
gene_6774	mRNA_6774	OTHER	FALSE	1.000000	0.000000		TRUE	FALSE	1	-	-	-	GH10	-	-
gene_6775	mRNA_6775	OTHER	FALSE	1.000000	0.000001		FALSE	FALSE	0	-	-	-	-	-	-
gene_6776	mRNA_6776	OTHER	FALSE	1.000000	0.000000		FALSE	FALSE	0	-	-	-	-	-	-
gene_6777	mRNA_6777	OTHER	FALSE	1.000000	0.000000		TRUE	FALSE	1	-	-	-	GH5_22+GH5_22	-	-
gene_6778	mRNA_6778	OTHER	FALSE	1.000000	0.000000		FALSE	FALSE	0	-	-	-	-	-	-
gene_6779	mRNA_6779	OTHER	FALSE	1.000000	0.000000		FALSE	FALSE	0	-	-	-	-	-	-
gene_6780	mRNA_6780	OTHER	FALSE	1.000000	0.000001		FALSE	FALSE	0	-	-	-	-	-	-
gene_6781	mRNA_6781	OTHER	FALSE	1.000000	0.000000		TRUE	FALSE	1	-	-	-	GH0	-	-
gene_6782	mRNA_6782	SP	TRUE	0.000216	0.999795	CS pos: 26-27. Pr: 0.9718	FALSE	FALSE	0	-	-	-	-	-	-
gene_6783	mRNA_6783	OTHER	FALSE	1.000000	0.000000		FALSE	FALSE	0	-	-	-	-	-	-
gene_6784	mRNA_6784	OTHER	FALSE	0.999998	0.000044		FALSE	FALSE	0	-	-	-	-	-	-
gene_6785	mRNA_6785	OTHER	FALSE	1.000000	0.000006		FALSE	FALSE	0	-	-	-	-	-	-
gene_6786	mRNA_6786	OTHER	FALSE	1.000000	0.000014		FALSE	FALSE	0	-	-	-	-	-	-
gene_6787	mRNA_6787	OTHER	FALSE	0.999937	0.000095		TRUE	FALSE	1	-	-	-	GH5_22+GH5_22	-	-
gene_6788	mRNA_6788	OTHER	FALSE	1.000000	0.000000		FALSE	FALSE	0	-	-	-	-	-	-
gene_6789	mRNA_6789	SP	TRUE	0.000210	0.999769	CS pos: 20-21. Pr: 0.9789	TRUE	TRUE	3	3.2.1.6:2	GH16_3(33-280)	GH16_e87(34-281)	GH16_3+GH16_3	GH16_3	beta-glucan
gene_6790	mRNA_6790	OTHER	FALSE	1.000000	0.000000		TRUE	FALSE	1	-	-	-	AA1_3+AA1_3	-	-
gene_6791	mRNA_6791	SP	TRUE	0.000269	0.999708	CS pos: 26-27. Pr: 0.7095	TRUE	TRUE	3	-	GH128(46-284)	GH128_e2(49-285)	GH128	GH128_e2	beta-glucan
gene_6792	mRNA_6792	OTHER	FALSE	1.000000	0.000000		FALSE	FALSE	0	-	-	-	-	-	-
gene_6793	mRNA_6793	OTHER	FALSE	1.000000	0.000000		FALSE	FALSE	0	-	-	-	-	-	-
gene_6794	mRNA_6794	OTHER	FALSE	1.000000	0.000001		FALSE	FALSE	0	-	-	-	-	-	-
gene_6795	mRNA_6795	OTHER	FALSE	1.000000	0.000003		FALSE	FALSE	0	-	-	-	-	-	-
gene_6796	mRNA_6796	OTHER	FALSE	1.000000	0.000000		FALSE	FALSE	0	-	-	-	-	-	-
gene_6797	mRNA_6797	OTHER	FALSE	1.000000	0.000011		TRUE	TRUE	3	-	GH18(45-260)	GH18_e161(6-264)	GH18	GH18_e161	-
gene_6798	mRNA_6798	OTHER	FALSE	1.000000	0.000000		FALSE	FALSE	0	-	-	-	-	-	-
gene_6799	mRNA_6799	OTHER	FALSE	0.999529	0.000503		FALSE	FALSE	0	-	-	-	-	-	-
gene_6800	mRNA_6800	OTHER	FALSE	0.999468	0.000536		FALSE	FALSE	0	-	-	-	-	-	-
gene_6801	mRNA_6801	SP	TRUE	0.000338	0.999654	CS pos: 19-20. Pr: 0.9775	FALSE	FALSE	0	-	-	-	-	-	-
gene_6802	mRNA_6802	SP	TRUE	0.000478	0.999517	CS pos: 34-35. Pr: 0.5151	FALSE	FALSE	0	-	-	-	-	-	-
gene_6803	mRNA_6803	SP	TRUE	0.000238	0.999721	CS pos: 21-22. Pr: 0.9790	FALSE	FALSE	0	-	-	-	-	-	-
gene_6804	mRNA_6804	OTHER	FALSE	1.000000	0.000024		FALSE	FALSE	0	-	-	-	-	-	-
gene_6805	mRNA_6805	OTHER	FALSE	0.996467	0.003565		FALSE	FALSE	0	-	-	-	-	-	-
gene_6806	mRNA_6806	OTHER	FALSE	0.928669	0.071324		TRUE	FALSE	1	-	-	-	GH29	-	-
gene_6807	mRNA_6807	OTHER	FALSE	1.000000	0.000000		FALSE	FALSE	0	-	-	-	-	-	-
gene_6808	mRNA_6808	OTHER	FALSE	0.999821	0.000218		FALSE	FALSE	0	-	-	-	-	-	-
gene_6809	mRNA_6809	OTHER	FALSE	0.828429	0.171598		FALSE	FALSE	0	-	-	-	-	-	-
gene_6810	mRNA_6810	OTHER	FALSE	1.000000	0.000000		FALSE	FALSE	0	-	-	-	-	-	-
gene_6811	mRNA_6811	OTHER	FALSE	1.000000	0.000000		TRUE	FALSE	1	-	-	-	GT2	-	-
gene_6812	mRNA_6812	OTHER	FALSE	1.000000	0.000046		FALSE	FALSE	0	-	-	-	-	-	-
gene_6813	mRNA_6813	OTHER	FALSE	1.000000	0.000000		FALSE	FALSE	0	-	-	-	-	-	-
gene_6814	mRNA_6814	OTHER	FALSE	1.000000	0.000001		FALSE	FALSE	0	-	-	-	-	-	-
gene_6815	mRNA_6815	OTHER	FALSE	0.999964	0.000069		FALSE	FALSE	0	-	-	-	-	-	-
gene_6816	mRNA_6816	OTHER	FALSE	1.000000	0.000002		FALSE	FALSE	0	-	-	-	-	-	-
gene_6817	mRNA_6817	OTHER	FALSE	0.999300	0.000715		FALSE	FALSE	0	-	-	-	-	-	-
gene_6818	mRNA_6818	OTHER	FALSE	0.999988	0.000018		FALSE	FALSE	0	-	-	-	-	-	-
gene_6819	mRNA_6819	OTHER	FALSE	1.000000	0.000007		FALSE	FALSE	0	-	-	-	-	-	-
gene_6820	mRNA_6820	OTHER	FALSE	1.000000	0.000000		FALSE	FALSE	0	-	-	-	-	-	-
gene_6821	mRNA_6821	OTHER	FALSE	1.000000	0.000000		FALSE	FALSE	0	-	-	-	-	-	-
gene_6822	mRNA_6822	OTHER	FALSE	1.000000	0.000000		FALSE	FALSE	0	-	-	-	-	-	-
gene_6823	mRNA_6823	OTHER	FALSE	1.000000	0.000000		FALSE	FALSE	0	-	-	-	-	-	-
gene_6824	mRNA_6824	OTHER	FALSE	1.000000	0.000005		TRUE	FALSE	1	-	-	-	GH85	-	-
gene_6825	mRNA_6825	OTHER	FALSE	0.993024	0.006986		FALSE	FALSE	0	-	-	-	-	-	-
gene_6826	mRNA_6826	OTHER	FALSE	1.000000	0.000000		FALSE	FALSE	0	-	-	-	-	-	-
gene_6827	mRNA_6827	OTHER	FALSE	1.000000	0.000000		FALSE	FALSE	0	-	-	-	-	-	-
gene_6828	mRNA_6828	OTHER	FALSE	1.000000	0.000000		FALSE	FALSE	0	-	-	-	-	-	-
gene_6829	mRNA_6829	OTHER	FALSE	1.000000	0.000000		TRUE	FALSE	1	-	-	-	GH0	-	-
gene_6830	mRNA_6830	OTHER	FALSE	0.792746	0.207251		FALSE	FALSE	0	-	-	-	-	-	-
gene_6831	mRNA_6831	OTHER	FALSE	1.000000	0.000002		FALSE	FALSE	0	-	-	-	-	-	-
gene_6832	mRNA_6832	OTHER	FALSE	1.000000	0.000001		FALSE	FALSE	0	-	-	-	-	-	-
gene_6833	mRNA_6833	OTHER	FALSE	1.000000	0.000000		TRUE	FALSE	1	-	-	-	GT2	-	-
gene_6834	mRNA_6834	OTHER	FALSE	1.000000	0.000000		FALSE	FALSE	0	-	-	-	-	-	-
gene_6835	mRNA_6835	OTHER	FALSE	1.000000	0.000018		FALSE	FALSE	0	-	-	-	-	-	-
gene_6836	mRNA_6836	OTHER	FALSE	1.000000	0.000000		FALSE	FALSE	0	-	-	-	-	-	-
gene_6837	mRNA_6837	OTHER	FALSE	1.000000	0.000001		FALSE	FALSE	0	-	-	-	-	-	-
gene_6838	mRNA_6838	OTHER	FALSE	1.000000	0.000006		TRUE	FALSE	1	-	-	-	GH31_1+GH31_1	-	-
gene_6839	mRNA_6839	OTHER	FALSE	1.000000	0.000000		FALSE	FALSE	0	-	-	-	-	-	-
gene_6840	mRNA_6840	OTHER	FALSE	1.000000	0.000002		TRUE	FALSE	1	-	-	-	GH32	-	-
gene_6841	mRNA_6841	OTHER	FALSE	1.000000	0.000005		FALSE	FALSE	0	-	-	-	-	-	-
gene_6842	mRNA_6842	OTHER	FALSE	1.000000	0.000000		FALSE	FALSE	0	-	-	-	-	-	-
gene_6843	mRNA_6843	OTHER	FALSE	0.963489	0.036545		FALSE	FALSE	0	-	-	-	-	-	-
gene_6844	mRNA_6844	OTHER	FALSE	1.000000	0.000000		TRUE	FALSE	1	-	-	-	GH23	-	-
gene_6845	mRNA_6845	OTHER	FALSE	1.000000	0.000000		FALSE	FALSE	0	-	-	-	-	-	-
gene_6846	mRNA_6846	OTHER	FALSE	1.000000	0.000000		FALSE	FALSE	0	-	-	-	-	-	-
gene_6847	mRNA_6847	OTHER	FALSE	1.000000	0.000000		TRUE	FALSE	1	-	-	-	GH78+GH79	-	-
gene_6848	mRNA_6848	OTHER	FALSE	1.000000	0.000000		FALSE	FALSE	0	-	-	-	-	-	-
gene_6849	mRNA_6849	OTHER	FALSE	1.000000	0.000000		FALSE	FALSE	0	-	-	-	-	-	-
gene_6850	mRNA_6850	OTHER	FALSE	1.000000	0.000002		FALSE	FALSE	0	-	-	-	-	-	-
gene_6851	mRNA_6851	OTHER	FALSE	1.000000	0.000000		FALSE	FALSE	0	-	-	-	-	-	-
gene_6852	mRNA_6852	OTHER	FALSE	1.000000	0.000018		FALSE	FALSE	0	-	-	-	-	-	-
gene_6853	mRNA_6853	OTHER	FALSE	1.000000	0.000004		TRUE	FALSE	1	-	-	-	AA3	-	-
gene_6854	mRNA_6854	OTHER	FALSE	1.000000	0.000000		FALSE	FALSE	0	-	-	-	-	-	-
gene_6855	mRNA_6855	OTHER	FALSE	1.000000	0.000000		TRUE	FALSE	1	-	-	-	GH2_18+GH2_18	-	-
gene_6856	mRNA_6856	OTHER	FALSE	1.000000	0.000000		FALSE	FALSE	0	-	-	-	-	-	-
gene_6857	mRNA_6857	OTHER	FALSE	1.000000	0.000000		FALSE	FALSE	0	-	-	-	-	-	-
gene_6858	mRNA_6858	OTHER	FALSE	1.000000	0.000000		FALSE	FALSE	0	-	-	-	-	-	-
gene_6859	mRNA_6859	OTHER	FALSE	1.000000	0.000000		FALSE	FALSE	0	-	-	-	-	-	-
gene_6860	mRNA_6860	OTHER	FALSE	1.000000	0.000000		FALSE	FALSE	0	-	-	-	-	-	-
gene_6861	mRNA_6861	OTHER	FALSE	1.000000	0.000002		FALSE	FALSE	0	-	-	-	-	-	-
gene_6862	mRNA_6862	OTHER	FALSE	0.999944	0.000107		FALSE	FALSE	0	-	-	-	-	-	-
gene_6863	mRNA_6863	OTHER	FALSE	1.000000	0.000037		FALSE	FALSE	0	-	-	-	-	-	-
gene_6864	mRNA_6864	OTHER	FALSE	1.000000	0.000000		FALSE	FALSE	0	-	-	-	-	-	-
gene_6865	mRNA_6865	OTHER	FALSE	1.000000	0.000000		TRUE	FALSE	1	-	-	-	GH131	-	-
gene_6866	mRNA_6866	OTHER	FALSE	1.000000	0.000001		FALSE	FALSE	0	-	-	-	-	-	-
gene_6867	mRNA_6867	OTHER	FALSE	1.000000	0.000000		TRUE	FALSE	1	-	-	-	GH18	-	-
gene_6868	mRNA_6868	OTHER	FALSE	1.000000	0.000000		FALSE	FALSE	0	-	-	-	-	-	-
gene_6869	mRNA_6869	OTHER	FALSE	1.000000	0.000000		FALSE	FALSE	0	-	-	-	-	-	-
gene_6870	mRNA_6870	OTHER	FALSE	1.000000	0.000000		FALSE	FALSE	0	-	-	-	-	-	-
gene_6871	mRNA_6871	OTHER	FALSE	0.998661	0.001367		TRUE	FALSE	1	-	-	-	GT76	-	-
gene_6872	mRNA_6872	OTHER	FALSE	1.000000	0.000000		FALSE	FALSE	0	-	-	-	-	-	-
gene_6873	mRNA_6873	OTHER	FALSE	0.680881	0.319102		FALSE	FALSE	0	-	-	-	-	-	-
gene_6874	mRNA_6874	OTHER	FALSE	1.000000	0.000000		FALSE	FALSE	0	-	-	-	-	-	-
gene_6875	mRNA_6875	OTHER	FALSE	1.000000	0.000007		TRUE	FALSE	1	-	-	-	GH10	-	-
gene_6876	mRNA_6876	OTHER	FALSE	1.000000	0.000000		FALSE	FALSE	0	-	-	-	-	-	-
gene_6877	mRNA_6877	OTHER	FALSE	0.999989	0.000022		FALSE	FALSE	0	-	-	-	-	-	-
gene_6878	mRNA_6878	SP	TRUE	0.457357	0.542633	CS pos: 24-25. Pr: 0.5079	FALSE	FALSE	0	-	-	-	-	-	-
gene_6879	mRNA_6879	OTHER	FALSE	1.000000	0.000003		FALSE	FALSE	0	-	-	-	-	-	-
gene_6880	mRNA_6880	OTHER	FALSE	1.000000	0.000000		FALSE	FALSE	0	-	-	-	-	-	-
gene_6881	mRNA_6881	OTHER	FALSE	0.999633	0.000404		FALSE	FALSE	0	-	-	-	-	-	-
gene_6882	mRNA_6882	OTHER	FALSE	0.932837	0.067202		FALSE	FALSE	0	-	-	-	-	-	-
gene_6883	mRNA_6883	SP	TRUE	0.002017	0.997981	CS pos: 18-19. Pr: 0.9040	FALSE	FALSE	0	-	-	-	-	-	-
gene_6884	mRNA_6884	OTHER	FALSE	1.000000	0.000000		FALSE	FALSE	0	-	-	-	-	-	-
gene_6885	mRNA_6885	OTHER	FALSE	1.000000	0.000000		FALSE	FALSE	0	-	-	-	-	-	-
gene_6886	mRNA_6886	OTHER	FALSE	0.801283	0.198723		FALSE	FALSE	0	-	-	-	-	-	-
gene_6887	mRNA_6887	OTHER	FALSE	1.000000	0.000000		FALSE	FALSE	0	-	-	-	-	-	-
gene_6888	mRNA_6888	OTHER	FALSE	1.000000	0.000002		FALSE	FALSE	0	-	-	-	-	-	-
gene_6889	mRNA_6889	OTHER	FALSE	1.000000	0.000000		FALSE	FALSE	0	-	-	-	-	-	-
gene_6890	mRNA_6890	OTHER	FALSE	1.000000	0.000001		FALSE	FALSE	0	-	-	-	-	-	-
gene_6891	mRNA_6891	OTHER	FALSE	1.000000	0.000000		FALSE	FALSE	0	-	-	-	-	-	-
gene_6892	mRNA_6892	SP	TRUE	0.000827	0.999158	CS pos: 17-18. Pr: 0.6877	TRUE	TRUE	3	2.4.1.-:8	GH72(16-331)	GH72_e9(17-331)	GH72	GH72_e9	beta-glucan
gene_6893	mRNA_6893	OTHER	FALSE	1.000000	0.000000		FALSE	FALSE	0	-	-	-	-	-	-
gene_6894	mRNA_6894	OTHER	FALSE	1.000000	0.000000		FALSE	FALSE	0	-	-	-	-	-	-
gene_6895	mRNA_6895	OTHER	FALSE	1.000000	0.000000		FALSE	FALSE	0	-	-	-	-	-	-
gene_6896	mRNA_6896	OTHER	FALSE	1.000000	0.000002		FALSE	FALSE	0	-	-	-	-	-	-
gene_6897	mRNA_6897	OTHER	FALSE	1.000000	0.000000		FALSE	FALSE	0	-	-	-	-	-	-
gene_6898	mRNA_6898	OTHER	FALSE	1.000000	0.000001		FALSE	FALSE	0	-	-	-	-	-	-
gene_6899	mRNA_6899	OTHER	FALSE	1.000000	0.000018		FALSE	FALSE	0	-	-	-	-	-	-
gene_6900	mRNA_6900	OTHER	FALSE	1.000000	0.000001		FALSE	FALSE	0	-	-	-	-	-	-
gene_6901	mRNA_6901	OTHER	FALSE	1.000000	0.000000		FALSE	FALSE	0	-	-	-	-	-	-
gene_6902	mRNA_6902	OTHER	FALSE	1.000000	0.000000		FALSE	FALSE	0	-	-	-	-	-	-
gene_6903	mRNA_6903	OTHER	FALSE	1.000000	0.000003		FALSE	FALSE	0	-	-	-	-	-	-
gene_6904	mRNA_6904	SP	TRUE	0.003169	0.996805	CS pos: 24-25. Pr: 0.4583	FALSE	FALSE	0	-	-	-	-	-	-
gene_6905	mRNA_6905	OTHER	FALSE	0.999015	0.001003		TRUE	FALSE	1	-	-	-	AA3_2+AA3_2	-	-
gene_6906	mRNA_6906	OTHER	FALSE	1.000000	0.000000		FALSE	FALSE	0	-	-	-	-	-	-
gene_6907	mRNA_6907	OTHER	FALSE	0.999987	0.000031		FALSE	FALSE	0	-	-	-	-	-	-
gene_6908	mRNA_6908	OTHER	FALSE	1.000000	0.000000		FALSE	FALSE	0	-	-	-	-	-	-
gene_6909	mRNA_6909	OTHER	FALSE	1.000000	0.000000		FALSE	FALSE	0	-	-	-	-	-	-
gene_6910	mRNA_6910	OTHER	FALSE	1.000000	0.000001		FALSE	FALSE	0	-	-	-	-	-	-
gene_6911	mRNA_6911	SP	TRUE	0.000500	0.999482	CS pos: 17-18. Pr: 0.8595	FALSE	FALSE	0	-	-	-	-	-	-
gene_6912	mRNA_6912	OTHER	FALSE	1.000000	0.000000		FALSE	FALSE	0	-	-	-	-	-	-
gene_6913	mRNA_6913	OTHER	FALSE	1.000000	0.000022		FALSE	FALSE	0	-	-	-	-	-	-
gene_6914	mRNA_6914	OTHER	FALSE	1.000000	0.000000		FALSE	FALSE	0	-	-	-	-	-	-
gene_6915	mRNA_6915	OTHER	FALSE	1.000000	0.000000		FALSE	FALSE	0	-	-	-	-	-	-
gene_6916	mRNA_6916	OTHER	FALSE	1.000000	0.000002		FALSE	FALSE	0	-	-	-	-	-	-
gene_6917	mRNA_6917	OTHER	FALSE	1.000000	0.000000		FALSE	FALSE	0	-	-	-	-	-	-
gene_6918	mRNA_6918	OTHER	FALSE	1.000000	0.000004		FALSE	FALSE	0	-	-	-	-	-	-
gene_6919	mRNA_6919	OTHER	FALSE	1.000000	0.000000		FALSE	FALSE	0	-	-	-	-	-	-
gene_6920	mRNA_6920	OTHER	FALSE	1.000000	0.000000		FALSE	FALSE	0	-	-	-	-	-	-
gene_6921	mRNA_6921	SP	TRUE	0.000240	0.999735	CS pos: 19-20. Pr: 0.9791	FALSE	FALSE	0	-	-	-	-	-	-
gene_6922	mRNA_6922	OTHER	FALSE	1.000000	0.000002		FALSE	FALSE	0	-	-	-	-	-	-
gene_6923	mRNA_6923	OTHER	FALSE	1.000000	0.000000		FALSE	FALSE	0	-	-	-	-	-	-
gene_6924	mRNA_6924	OTHER	FALSE	1.000000	0.000000		TRUE	TRUE	3	-	AA4(112-352)	AA4_e1(120-357)	GH3	AA4_e1	lignin
gene_6925	mRNA_6925	OTHER	FALSE	1.000000	0.000000		FALSE	FALSE	0	-	-	-	-	-	-
gene_6926	mRNA_6926	OTHER	FALSE	1.000000	0.000000		FALSE	FALSE	0	-	-	-	-	-	-
gene_6927	mRNA_6927	OTHER	FALSE	1.000000	0.000002		FALSE	FALSE	0	-	-	-	-	-	-
gene_6928	mRNA_6928	OTHER	FALSE	1.000000	0.000000		FALSE	FALSE	0	-	-	-	-	-	-
gene_6929	mRNA_6929	OTHER	FALSE	1.000000	0.000000		FALSE	FALSE	0	-	-	-	-	-	-
gene_6930	mRNA_6930	OTHER	FALSE	1.000000	0.000000		FALSE	FALSE	0	-	-	-	-	-	-
gene_6931	mRNA_6931	SP	TRUE	0.000206	0.999741	CS pos: 20-21. Pr: 0.9807	FALSE	FALSE	0	-	-	-	-	-	-
gene_6932	mRNA_6932	OTHER	FALSE	0.999897	0.000124		FALSE	FALSE	0	-	-	-	-	-	-
gene_6933	mRNA_6933	OTHER	FALSE	1.000000	0.000001		TRUE	FALSE	1	-	-	-	GH18	-	-
gene_6934	mRNA_6934	OTHER	FALSE	1.000000	0.000003		FALSE	FALSE	0	-	-	-	-	-	-
gene_6935	mRNA_6935	OTHER	FALSE	1.000000	0.000000		FALSE	FALSE	0	-	-	-	-	-	-
gene_6936	mRNA_6936	OTHER	FALSE	1.000000	0.000000		FALSE	FALSE	0	-	-	-	-	-	-
gene_6937	mRNA_6937	OTHER	FALSE	1.000000	0.000000		FALSE	FALSE	0	-	-	-	-	-	-
gene_6938	mRNA_6938	OTHER	FALSE	0.999302	0.000710		FALSE	FALSE	0	-	-	-	-	-	-
gene_6939	mRNA_6939	OTHER	FALSE	1.000000	0.000000		FALSE	FALSE	0	-	-	-	-	-	-
gene_6940	mRNA_6940	OTHER	FALSE	1.000000	0.000000		FALSE	FALSE	0	-	-	-	-	-	-
gene_6941	mRNA_6941	OTHER	FALSE	1.000000	0.000000		FALSE	FALSE	0	-	-	-	-	-	-
gene_6942	mRNA_6942	OTHER	FALSE	0.998192	0.001816		FALSE	FALSE	0	-	-	-	-	-	-
gene_6943	mRNA_6943	OTHER	FALSE	1.000000	0.000000		FALSE	FALSE	0	-	-	-	-	-	-
gene_6944	mRNA_6944	OTHER	FALSE	1.000000	0.000000		FALSE	FALSE	0	-	-	-	-	-	-
gene_6945	mRNA_6945	OTHER	FALSE	1.000000	0.000000		FALSE	FALSE	0	-	-	-	-	-	-
gene_6946	mRNA_6946	OTHER	FALSE	1.000000	0.000000		FALSE	FALSE	0	-	-	-	-	-	-
gene_6947	mRNA_6947	OTHER	FALSE	0.999996	0.000013		FALSE	FALSE	0	-	-	-	-	-	-
gene_6948	mRNA_6948	OTHER	FALSE	1.000000	0.000000		FALSE	FALSE	0	-	-	-	-	-	-
gene_6949	mRNA_6949	OTHER	FALSE	1.000000	0.000000		FALSE	FALSE	0	-	-	-	-	-	-
gene_6950	mRNA_6950	OTHER	FALSE	1.000000	0.000000		FALSE	FALSE	0	-	-	-	-	-	-
gene_6951	mRNA_6951	OTHER	FALSE	1.000000	0.000000		FALSE	FALSE	0	-	-	-	-	-	-
gene_6952	mRNA_6952	OTHER	FALSE	1.000000	0.000003		FALSE	FALSE	0	-	-	-	-	-	-
gene_6953	mRNA_6953	OTHER	FALSE	1.000000	0.000001		TRUE	FALSE	1	-	-	-	CBM0	-	-
gene_6954	mRNA_6954	OTHER	FALSE	1.000000	0.000000		FALSE	FALSE	0	-	-	-	-	-	-
gene_6955	mRNA_6955	OTHER	FALSE	1.000000	0.000004		FALSE	FALSE	0	-	-	-	-	-	-
gene_6956	mRNA_6956	SP	TRUE	0.002470	0.997516	CS pos: 19-20. Pr: 0.9631	FALSE	FALSE	0	-	-	-	-	-	-
gene_6957	mRNA_6957	OTHER	FALSE	1.000000	0.000001		FALSE	FALSE	0	-	-	-	-	-	-
gene_6958	mRNA_6958	OTHER	FALSE	1.000000	0.000000		FALSE	FALSE	0	-	-	-	-	-	-
gene_6959	mRNA_6959	OTHER	FALSE	1.000000	0.000000		FALSE	FALSE	0	-	-	-	-	-	-
gene_6960	mRNA_6960	OTHER	FALSE	1.000000	0.000000		FALSE	FALSE	0	-	-	-	-	-	-
gene_6961	mRNA_6961	OTHER	FALSE	1.000000	0.000000		FALSE	FALSE	0	-	-	-	-	-	-
gene_6962	mRNA_6962	OTHER	FALSE	1.000000	0.000000		FALSE	FALSE	0	-	-	-	-	-	-
gene_6963	mRNA_6963	OTHER	FALSE	1.000000	0.000000		FALSE	FALSE	0	-	-	-	-	-	-
gene_6964	mRNA_6964	OTHER	FALSE	1.000000	0.000020		FALSE	FALSE	0	-	-	-	-	-	-
gene_6965	mRNA_6965	SP	TRUE	0.000246	0.999719	CS pos: 19-20. Pr: 0.9761	FALSE	FALSE	0	-	-	-	-	-	-
gene_6966	mRNA_6966	OTHER	FALSE	1.000000	0.000003		FALSE	FALSE	0	-	-	-	-	-	-
gene_6967	mRNA_6967	OTHER	FALSE	1.000000	0.000001		FALSE	FALSE	0	-	-	-	-	-	-
gene_6968	mRNA_6968	OTHER	FALSE	1.000000	0.000053		TRUE	FALSE	1	-	-	-	GH28	-	-
gene_6969	mRNA_6969	OTHER	FALSE	1.000000	0.000000		TRUE	FALSE	1	-	-	-	GH28	-	-
gene_6970	mRNA_6970	SP	TRUE	0.000289	0.999688	CS pos: 18-19. Pr: 0.9644	FALSE	FALSE	0	-	-	-	-	-	-
gene_6971	mRNA_6971	OTHER	FALSE	1.000000	0.000002		TRUE	FALSE	1	-	-	-	GH89	-	-
gene_6972	mRNA_6972	OTHER	FALSE	1.000000	0.000001		FALSE	FALSE	0	-	-	-	-	-	-
gene_6973	mRNA_6973	OTHER	FALSE	1.000000	0.000000		FALSE	FALSE	0	-	-	-	-	-	-
gene_6974	mRNA_6974	OTHER	FALSE	1.000000	0.000000		FALSE	FALSE	0	-	-	-	-	-	-
gene_6975	mRNA_6975	SP	TRUE	0.267521	0.732457	CS pos: 20-21. Pr: 0.1414	FALSE	FALSE	0	-	-	-	-	-	-
gene_6976	mRNA_6976	OTHER	FALSE	1.000000	0.000004		FALSE	FALSE	0	-	-	-	-	-	-
gene_6977	mRNA_6977	OTHER	FALSE	0.999468	0.000571		FALSE	FALSE	0	-	-	-	-	-	-
gene_6978	mRNA_6978	OTHER	FALSE	1.000000	0.000005		FALSE	FALSE	0	-	-	-	-	-	-
gene_6979	mRNA_6979	OTHER	FALSE	1.000000	0.000001		FALSE	FALSE	0	-	-	-	-	-	-
gene_6980	mRNA_6980	OTHER	FALSE	1.000000	0.000001		FALSE	FALSE	0	-	-	-	-	-	-
gene_6981	mRNA_6981	OTHER	FALSE	1.000000	0.000000		FALSE	FALSE	0	-	-	-	-	-	-
gene_6982	mRNA_6982	OTHER	FALSE	1.000000	0.000000		FALSE	FALSE	0	-	-	-	-	-	-
gene_6983	mRNA_6983	OTHER	FALSE	0.998972	0.001037		FALSE	FALSE	0	-	-	-	-	-	-
gene_6984	mRNA_6984	OTHER	FALSE	1.000000	0.000000		FALSE	FALSE	0	-	-	-	-	-	-
gene_6985	mRNA_6985	OTHER	FALSE	1.000000	0.000002		FALSE	FALSE	0	-	-	-	-	-	-
gene_6986	mRNA_6986	OTHER	FALSE	0.999933	0.000066		FALSE	FALSE	0	-	-	-	-	-	-
gene_6987	mRNA_6987	OTHER	FALSE	1.000000	0.000000		FALSE	FALSE	0	-	-	-	-	-	-
gene_6988	mRNA_6988	OTHER	FALSE	0.999906	0.000147		FALSE	FALSE	0	-	-	-	-	-	-
gene_6989	mRNA_6989	OTHER	FALSE	1.000000	0.000000		FALSE	FALSE	0	-	-	-	-	-	-
gene_6990	mRNA_6990	OTHER	FALSE	0.999911	0.000114		TRUE	FALSE	1	-	-	-	GH88	-	-
gene_6991	mRNA_6991	OTHER	FALSE	0.999906	0.000157		TRUE	FALSE	1	-	-	-	GH136	-	-
gene_6992	mRNA_6992	OTHER	FALSE	1.000000	0.000000		FALSE	FALSE	0	-	-	-	-	-	-
gene_6993	mRNA_6993	OTHER	FALSE	1.000000	0.000000		FALSE	FALSE	0	-	-	-	-	-	-
gene_6994	mRNA_6994	OTHER	FALSE	1.000000	0.000000		FALSE	FALSE	0	-	-	-	-	-	-
gene_6995	mRNA_6995	OTHER	FALSE	1.000000	0.000001		FALSE	FALSE	0	-	-	-	-	-	-
gene_6996	mRNA_6996	SP	TRUE	0.000248	0.999740	CS pos: 20-21. Pr: 0.9848	FALSE	FALSE	0	-	-	-	-	-	-
gene_6997	mRNA_6997	OTHER	FALSE	1.000000	0.000000		FALSE	FALSE	0	-	-	-	-	-	-
gene_6998	mRNA_6998	OTHER	FALSE	1.000000	0.000022		TRUE	FALSE	1	-	-	-	GH105	-	-
gene_6999	mRNA_6999	OTHER	FALSE	0.997125	0.002890		TRUE	FALSE	1	-	-	-	GH75	-	-
gene_7000	mRNA_7000	OTHER	FALSE	1.000000	0.000000		FALSE	FALSE	0	-	-	-	-	-	-
gene_7001	mRNA_7001	OTHER	FALSE	1.000000	0.000005		TRUE	FALSE	1	-	-	-	CE16	-	-
gene_7002	mRNA_7002	OTHER	FALSE	1.000000	0.000000		FALSE	FALSE	0	-	-	-	-	-	-
gene_7003	mRNA_7003	SP	TRUE	0.468490	0.531515	CS pos: 24-25. Pr: 0.3063	FALSE	FALSE	0	-	-	-	-	-	-
gene_7004	mRNA_7004	OTHER	FALSE	1.000000	0.000000		FALSE	FALSE	0	-	-	-	-	-	-
gene_7005	mRNA_7005	OTHER	FALSE	0.999397	0.000607		FALSE	FALSE	0	-	-	-	-	-	-
gene_7006	mRNA_7006	OTHER	FALSE	1.000000	0.000000		FALSE	FALSE	0	-	-	-	-	-	-
gene_7007	mRNA_7007	OTHER	FALSE	1.000000	0.000000		FALSE	FALSE	0	-	-	-	-	-	-
gene_7008	mRNA_7008	OTHER	FALSE	1.000000	0.000000		TRUE	FALSE	1	-	-	-	PL1_7+PL1_7	-	-
gene_7009	mRNA_7009	OTHER	FALSE	1.000000	0.000001		FALSE	FALSE	0	-	-	-	-	-	-
gene_7010	mRNA_7010	OTHER	FALSE	1.000000	0.000000		TRUE	FALSE	1	-	-	-	PL9_3+PL9_3	-	-
gene_7011	mRNA_7011	OTHER	FALSE	1.000000	0.000012		TRUE	FALSE	1	-	-	-	GH72	-	-
gene_7012	mRNA_7012	OTHER	FALSE	1.000000	0.000014		FALSE	FALSE	0	-	-	-	-	-	-
gene_7013	mRNA_7013	OTHER	FALSE	1.000000	0.000008		TRUE	FALSE	1	-	-	-	GT0	-	-
gene_7014	mRNA_7014	OTHER	FALSE	1.000000	0.000018		TRUE	FALSE	1	-	-	-	PL4_5+PL4_5	-	-
gene_7015	mRNA_7015	OTHER	FALSE	0.999745	0.000320		TRUE	FALSE	1	-	-	-	PL9_3+PL9_3	-	-
gene_7016	mRNA_7016	OTHER	FALSE	1.000000	0.000001		TRUE	FALSE	1	-	-	-	GH95	-	-
gene_7017	mRNA_7017	OTHER	FALSE	1.000000	0.000000		FALSE	FALSE	0	-	-	-	-	-	-
gene_7018	mRNA_7018	OTHER	FALSE	0.997360	0.002659		FALSE	FALSE	0	-	-	-	-	-	-
gene_7019	mRNA_7019	SP	TRUE	0.000243	0.999724	CS pos: 19-20. Pr: 0.9675	TRUE	FALSE	1	-	-	-	AA3_2+AA3_2	-	-
gene_7020	mRNA_7020	SP	TRUE	0.000983	0.998987	CS pos: 19-20. Pr: 0.8897	TRUE	FALSE	1	-	-	-	CBM13+CBM13	-	-
gene_7021	mRNA_7021	OTHER	FALSE	1.000000	0.000000		FALSE	FALSE	0	-	-	-	-	-	-
gene_7022	mRNA_7022	SP	TRUE	0.000379	0.999585	CS pos: 18-19. Pr: 0.9532	TRUE	TRUE	3	1.14.99.54:4;1.14.99.56:2	AA9(7-232)	AA9_e46(10-232)	AA9	AA9_e46	cellulose
gene_7023	mRNA_7023	OTHER	FALSE	0.999926	0.000102		FALSE	FALSE	0	-	-	-	-	-	-
gene_7024	mRNA_7024	SP	TRUE	0.001937	0.998045	CS pos: 15-16. Pr: 0.9265	FALSE	FALSE	0	-	-	-	-	-	-
gene_7025	mRNA_7025	OTHER	FALSE	1.000000	0.000000		FALSE	FALSE	0	-	-	-	-	-	-
gene_7026	mRNA_7026	OTHER	FALSE	1.000000	0.000000		FALSE	FALSE	0	-	-	-	-	-	-
gene_7027	mRNA_7027	OTHER	FALSE	1.000000	0.000006		FALSE	FALSE	0	-	-	-	-	-	-
gene_7028	mRNA_7028	OTHER	FALSE	1.000000	0.000000		FALSE	FALSE	0	-	-	-	-	-	-
gene_7029	mRNA_7029	OTHER	FALSE	1.000000	0.000017		FALSE	FALSE	0	-	-	-	-	-	-
gene_7030	mRNA_7030	OTHER	FALSE	1.000000	0.000009		FALSE	FALSE	0	-	-	-	-	-	-
gene_7031	mRNA_7031	OTHER	FALSE	1.000000	0.000000		TRUE	FALSE	1	-	-	-	GH36	-	-
gene_7032	mRNA_7032	OTHER	FALSE	1.000000	0.000000		TRUE	TRUE	3	3.2.1.58:2	GH5_9(582-906)	GH5_e261(583-907)	GH5_9+GH5_9	GH5_9	beta-glucan
gene_7033	mRNA_7033	OTHER	FALSE	1.000000	0.000000		FALSE	FALSE	0	-	-	-	-	-	-
gene_7034	mRNA_7034	OTHER	FALSE	1.000000	0.000018		FALSE	FALSE	0	-	-	-	-	-	-
gene_7035	mRNA_7035	OTHER	FALSE	1.000000	0.000000		FALSE	FALSE	0	-	-	-	-	-	-
gene_7036	mRNA_7036	OTHER	FALSE	1.000000	0.000000		FALSE	FALSE	0	-	-	-	-	-	-
gene_7037	mRNA_7037	OTHER	FALSE	1.000000	0.000000		FALSE	FALSE	0	-	-	-	-	-	-
gene_7038	mRNA_7038	OTHER	FALSE	1.000000	0.000000		FALSE	FALSE	0	-	-	-	-	-	-
gene_7039	mRNA_7039	OTHER	FALSE	1.000000	0.000001		FALSE	FALSE	0	-	-	-	-	-	-
gene_7040	mRNA_7040	OTHER	FALSE	1.000000	0.000000		FALSE	FALSE	0	-	-	-	-	-	-
gene_7041	mRNA_7041	OTHER	FALSE	1.000000	0.000000		FALSE	FALSE	0	-	-	-	-	-	-
gene_7042	mRNA_7042	OTHER	FALSE	1.000000	0.000002		FALSE	FALSE	0	-	-	-	-	-	-
gene_7043	mRNA_7043	OTHER	FALSE	1.000000	0.000000		FALSE	FALSE	0	-	-	-	-	-	-
gene_7044	mRNA_7044	OTHER	FALSE	1.000000	0.000000		FALSE	FALSE	0	-	-	-	-	-	-
gene_7045	mRNA_7045	OTHER	FALSE	1.000000	0.000000		FALSE	FALSE	0	-	-	-	-	-	-
gene_7046	mRNA_7046	OTHER	FALSE	1.000000	0.000000		FALSE	FALSE	0	-	-	-	-	-	-
gene_7047	mRNA_7047	OTHER	FALSE	1.000000	0.000000		FALSE	FALSE	0	-	-	-	-	-	-
gene_7048	mRNA_7048	OTHER	FALSE	1.000000	0.000003		FALSE	FALSE	0	-	-	-	-	-	-
gene_7049	mRNA_7049	OTHER	FALSE	1.000000	0.000000		TRUE	FALSE	1	-	-	-	GH71	-	-
gene_7050	mRNA_7050	OTHER	FALSE	1.000000	0.000001		FALSE	FALSE	0	-	-	-	-	-	-
gene_7051	mRNA_7051	OTHER	FALSE	1.000000	0.000001		FALSE	FALSE	0	-	-	-	-	-	-
gene_7052	mRNA_7052	OTHER	FALSE	1.000000	0.000001		FALSE	FALSE	0	-	-	-	-	-	-
gene_7053	mRNA_7053	SP	TRUE	0.000371	0.999599	CS pos: 20-21. Pr: 0.6435	FALSE	FALSE	0	-	-	-	-	-	-
gene_7054	mRNA_7054	OTHER	FALSE	1.000000	0.000021		FALSE	FALSE	0	-	-	-	-	-	-
gene_7055	mRNA_7055	OTHER	FALSE	1.000000	0.000001		FALSE	FALSE	0	-	-	-	-	-	-
gene_7056	mRNA_7056	OTHER	FALSE	0.999988	0.000011		FALSE	FALSE	0	-	-	-	-	-	-
gene_7057	mRNA_7057	OTHER	FALSE	1.000000	0.000000		FALSE	FALSE	0	-	-	-	-	-	-
gene_7058	mRNA_7058	OTHER	FALSE	1.000000	0.000003		FALSE	FALSE	0	-	-	-	-	-	-
gene_7059	mRNA_7059	OTHER	FALSE	1.000000	0.000004		FALSE	FALSE	0	-	-	-	-	-	-
gene_7060	mRNA_7060	OTHER	FALSE	1.000000	0.000000		FALSE	FALSE	0	-	-	-	-	-	-
gene_7061	mRNA_7061	OTHER	FALSE	1.000000	0.000000		FALSE	FALSE	0	-	-	-	-	-	-
gene_7062	mRNA_7062	OTHER	FALSE	1.000000	0.000000		TRUE	FALSE	1	-	-	-	GH27	-	-
gene_7063	mRNA_7063	OTHER	FALSE	1.000000	0.000000		TRUE	FALSE	1	-	-	-	GH76	-	-
gene_7064	mRNA_7064	OTHER	FALSE	1.000000	0.000000		FALSE	FALSE	0	-	-	-	-	-	-
gene_7065	mRNA_7065	OTHER	FALSE	1.000000	0.000000		FALSE	FALSE	0	-	-	-	-	-	-
gene_7066	mRNA_7066	OTHER	FALSE	1.000000	0.000011		FALSE	FALSE	0	-	-	-	-	-	-
gene_7067	mRNA_7067	OTHER	FALSE	1.000000	0.000000		TRUE	FALSE	1	-	-	-	GT32	-	-
gene_7068	mRNA_7068	OTHER	FALSE	0.999912	0.000125		TRUE	FALSE	1	-	-	-	GH16_2	-	-
gene_7069	mRNA_7069	OTHER	FALSE	0.999989	0.000012		FALSE	FALSE	0	-	-	-	-	-	-
gene_7070	mRNA_7070	OTHER	FALSE	1.000000	0.000001		FALSE	FALSE	0	-	-	-	-	-	-
gene_7071	mRNA_7071	OTHER	FALSE	1.000000	0.000001		FALSE	FALSE	0	-	-	-	-	-	-
gene_7072	mRNA_7072	OTHER	FALSE	0.996876	0.003172		FALSE	FALSE	0	-	-	-	-	-	-
gene_7073	mRNA_7073	OTHER	FALSE	1.000000	0.000008		FALSE	FALSE	0	-	-	-	-	-	-
gene_7074	mRNA_7074	OTHER	FALSE	0.550185	0.449826		FALSE	FALSE	0	-	-	-	-	-	-
gene_7075	mRNA_7075	OTHER	FALSE	1.000000	0.000000		FALSE	FALSE	0	-	-	-	-	-	-
gene_7076	mRNA_7076	OTHER	FALSE	1.000000	0.000000		FALSE	FALSE	0	-	-	-	-	-	-
gene_7077	mRNA_7077	OTHER	FALSE	1.000000	0.000000		FALSE	FALSE	0	-	-	-	-	-	-
gene_7078	mRNA_7078	OTHER	FALSE	1.000000	0.000001		FALSE	FALSE	0	-	-	-	-	-	-
gene_7079	mRNA_7079	OTHER	FALSE	1.000000	0.000002		TRUE	FALSE	1	-	-	-	CE4+CE4	-	-
gene_7080	mRNA_7080	OTHER	FALSE	1.000000	0.000000		FALSE	FALSE	0	-	-	-	-	-	-
gene_7081	mRNA_7081	OTHER	FALSE	1.000000	0.000000		TRUE	FALSE	1	-	-	-	GH37	-	-
gene_7082	mRNA_7082	OTHER	FALSE	1.000000	0.000023		FALSE	FALSE	0	-	-	-	-	-	-
gene_7083	mRNA_7083	OTHER	FALSE	1.000000	0.000000		FALSE	FALSE	0	-	-	-	-	-	-
gene_7084	mRNA_7084	OTHER	FALSE	1.000000	0.000015		FALSE	FALSE	0	-	-	-	-	-	-
gene_7085	mRNA_7085	OTHER	FALSE	1.000000	0.000000		FALSE	FALSE	0	-	-	-	-	-	-
gene_7086	mRNA_7086	OTHER	FALSE	1.000000	0.000000		FALSE	FALSE	0	-	-	-	-	-	-
gene_7087	mRNA_7087	SP	TRUE	0.000232	0.999749	CS pos: 16-17. Pr: 0.9724	FALSE	FALSE	0	-	-	-	-	-	-
gene_7088	mRNA_7088	OTHER	FALSE	1.000000	0.000000		FALSE	FALSE	0	-	-	-	-	-	-
gene_7089	mRNA_7089	OTHER	FALSE	1.000000	0.000002		FALSE	FALSE	0	-	-	-	-	-	-
gene_7090	mRNA_7090	OTHER	FALSE	1.000000	0.000000		FALSE	FALSE	0	-	-	-	-	-	-
gene_7091	mRNA_7091	SP	TRUE	0.000257	0.999716	CS pos: 16-17. Pr: 0.9804	FALSE	FALSE	0	-	-	-	-	-	-
gene_7092	mRNA_7092	OTHER	FALSE	1.000000	0.000000		FALSE	FALSE	0	-	-	-	-	-	-
gene_7093	mRNA_7093	OTHER	FALSE	1.000000	0.000000		FALSE	FALSE	0	-	-	-	-	-	-
gene_7094	mRNA_7094	OTHER	FALSE	1.000000	0.000004		FALSE	FALSE	0	-	-	-	-	-	-
gene_7095	mRNA_7095	OTHER	FALSE	1.000000	0.000000		TRUE	TRUE	3	3.2.1.14:25	GH18(6-361)	GH18_e20(7-363)	GH18	GH18_e20	chitin
gene_7096	mRNA_7096	OTHER	FALSE	1.000000	0.000000		TRUE	FALSE	1	-	-	-	GH18	-	-
gene_7097	mRNA_7097	OTHER	FALSE	1.000000	0.000000		FALSE	FALSE	0	-	-	-	-	-	-
gene_7098	mRNA_7098	OTHER	FALSE	0.999969	0.000091		FALSE	FALSE	0	-	-	-	-	-	-
gene_7099	mRNA_7099	OTHER	FALSE	1.000000	0.000000		FALSE	FALSE	0	-	-	-	-	-	-
gene_7100	mRNA_7100	OTHER	FALSE	1.000000	0.000000		FALSE	FALSE	0	-	-	-	-	-	-
gene_7101	mRNA_7101	SP	TRUE	0.000241	0.999709	CS pos: 15-16. Pr: 0.9824	FALSE	FALSE	0	-	-	-	-	-	-
gene_7102	mRNA_7102	OTHER	FALSE	1.000000	0.000000		FALSE	FALSE	0	-	-	-	-	-	-
gene_7103	mRNA_7103	OTHER	FALSE	1.000000	0.000000		FALSE	FALSE	0	-	-	-	-	-	-
gene_7104	mRNA_7104	SP	TRUE	0.000222	0.999730	CS pos: 17-18. Pr: 0.9796	FALSE	FALSE	0	-	-	-	-	-	-
gene_7105	mRNA_7105	OTHER	FALSE	0.999988	0.000048		TRUE	FALSE	1	-	-	-	GH67	-	-
gene_7106	mRNA_7106	OTHER	FALSE	1.000000	0.000000		FALSE	FALSE	0	-	-	-	-	-	-
gene_7107	mRNA_7107	OTHER	FALSE	1.000000	0.000016		TRUE	FALSE	1	-	-	-	AA1_3+AA1_3	-	-
gene_7108	mRNA_7108	OTHER	FALSE	1.000000	0.000002		FALSE	FALSE	0	-	-	-	-	-	-
gene_7109	mRNA_7109	OTHER	FALSE	1.000000	0.000000		FALSE	FALSE	0	-	-	-	-	-	-
gene_7110	mRNA_7110	OTHER	FALSE	1.000000	0.000001		TRUE	FALSE	1	-	-	-	PL7_4+PL7_4	-	-
gene_7111	mRNA_7111	OTHER	FALSE	1.000000	0.000001		FALSE	FALSE	0	-	-	-	-	-	-
gene_7112	mRNA_7112	OTHER	FALSE	1.000000	0.000000		FALSE	FALSE	0	-	-	-	-	-	-
gene_7113	mRNA_7113	OTHER	FALSE	1.000000	0.000000		TRUE	FALSE	1	-	-	-	GH18	-	-
gene_7114	mRNA_7114	OTHER	FALSE	1.000000	0.000000		TRUE	TRUE	3	-	GH31_2(247-737)	GH31_e95(248-738)	GH31_2+GH31_2	GH31_2	-
gene_7115	mRNA_7115	SP	TRUE	0.000314	0.999644	CS pos: 15-16. Pr: 0.9782	FALSE	FALSE	0	-	-	-	-	-	-
gene_7116	mRNA_7116	OTHER	FALSE	1.000000	0.000000		FALSE	FALSE	0	-	-	-	-	-	-
gene_7117	mRNA_7117	OTHER	FALSE	1.000000	0.000000		TRUE	TRUE	3	2.4.1.15:146	GT20(12-479)	GT20_e0(14-479)	GT20	GT20_e0	-
gene_7118	mRNA_7118	OTHER	FALSE	1.000000	0.000001		FALSE	FALSE	0	-	-	-	-	-	-
gene_7119	mRNA_7119	OTHER	FALSE	1.000000	0.000000		FALSE	FALSE	0	-	-	-	-	-	-
gene_7120	mRNA_7120	SP	TRUE	0.000308	0.999650	CS pos: 21-22. Pr: 0.9712	FALSE	FALSE	0	-	-	-	-	-	-
gene_7121	mRNA_7121	OTHER	FALSE	1.000000	0.000002		FALSE	FALSE	0	-	-	-	-	-	-
gene_7122	mRNA_7122	OTHER	FALSE	1.000000	0.000005		FALSE	FALSE	0	-	-	-	-	-	-
gene_7123	mRNA_7123	OTHER	FALSE	1.000000	0.000002		FALSE	FALSE	0	-	-	-	-	-	-
gene_7124	mRNA_7124	OTHER	FALSE	1.000000	0.000000		FALSE	FALSE	0	-	-	-	-	-	-
gene_7125	mRNA_7125	OTHER	FALSE	1.000000	0.000000		FALSE	FALSE	0	-	-	-	-	-	-
gene_7126	mRNA_7126	OTHER	FALSE	1.000000	0.000001		FALSE	FALSE	0	-	-	-	-	-	-
gene_7127	mRNA_7127	OTHER	FALSE	0.999962	0.000068		FALSE	FALSE	0	-	-	-	-	-	-
gene_7128	mRNA_7128	OTHER	FALSE	1.000000	0.000000		FALSE	FALSE	0	-	-	-	-	-	-
gene_7129	mRNA_7129	OTHER	FALSE	1.000000	0.000000		FALSE	FALSE	0	-	-	-	-	-	-
gene_7130	mRNA_7130	OTHER	FALSE	1.000000	0.000000		TRUE	FALSE	1	-	-	-	GH16	-	-
gene_7131	mRNA_7131	OTHER	FALSE	1.000000	0.000000		TRUE	FALSE	1	-	-	-	CBM5+GH18	-	-
gene_7132	mRNA_7132	OTHER	FALSE	0.999954	0.000024		FALSE	FALSE	0	-	-	-	-	-	-
gene_7133	mRNA_7133	OTHER	FALSE	1.000000	0.000000		FALSE	FALSE	0	-	-	-	-	-	-
gene_7134	mRNA_7134	OTHER	FALSE	0.999137	0.000891		FALSE	FALSE	0	-	-	-	-	-	-
gene_7135	mRNA_7135	SP	TRUE	0.000226	0.999745	CS pos: 20-21. Pr: 0.9825	TRUE	TRUE	3	1.10.3.2:4;1.10.3.-:1	AA1_3(93-408)	AA1_e46(94-603)	AA1_3+AA1_3	AA1_3	lignin
gene_7136	mRNA_7136	OTHER	FALSE	1.000000	0.000000		FALSE	FALSE	0	-	-	-	-	-	-
gene_7137	mRNA_7137	OTHER	FALSE	1.000000	0.000000		TRUE	FALSE	1	-	-	-	CBM48+GH13	-	-
gene_7138	mRNA_7138	OTHER	FALSE	1.000000	0.000002		FALSE	FALSE	0	-	-	-	-	-	-
gene_7139	mRNA_7139	OTHER	FALSE	1.000000	0.000000		TRUE	FALSE	1	-	-	-	GT20	-	-
gene_7140	mRNA_7140	OTHER	FALSE	1.000000	0.000000		FALSE	FALSE	0	-	-	-	-	-	-
gene_7141	mRNA_7141	OTHER	FALSE	1.000000	0.000000		FALSE	FALSE	0	-	-	-	-	-	-
gene_7142	mRNA_7142	OTHER	FALSE	1.000000	0.000000		FALSE	FALSE	0	-	-	-	-	-	-
gene_7143	mRNA_7143	OTHER	FALSE	1.000000	0.000014		FALSE	FALSE	0	-	-	-	-	-	-
gene_7144	mRNA_7144	OTHER	FALSE	1.000000	0.000000		TRUE	TRUE	3	-	GH64(2-249)	GH64_e2(1-250)	GH64	GH64_e2	beta-glucan
gene_7145	mRNA_7145	OTHER	FALSE	1.000000	0.000000		FALSE	FALSE	0	-	-	-	-	-	-
gene_7146	mRNA_7146	OTHER	FALSE	1.000000	0.000032		FALSE	FALSE	0	-	-	-	-	-	-
gene_7147	mRNA_7147	OTHER	FALSE	1.000000	0.000000		FALSE	FALSE	0	-	-	-	-	-	-
gene_7148	mRNA_7148	OTHER	FALSE	1.000000	0.000000		FALSE	FALSE	0	-	-	-	-	-	-
gene_7149	mRNA_7149	OTHER	FALSE	1.000000	0.000001		FALSE	FALSE	0	-	-	-	-	-	-
gene_7150	mRNA_7150	OTHER	FALSE	1.000000	0.000000		FALSE	FALSE	0	-	-	-	-	-	-
gene_7151	mRNA_7151	OTHER	FALSE	1.000000	0.000000		FALSE	FALSE	0	-	-	-	-	-	-
gene_7152	mRNA_7152	OTHER	FALSE	1.000000	0.000004		FALSE	FALSE	0	-	-	-	-	-	-
gene_7153	mRNA_7153	OTHER	FALSE	0.984580	0.015468		TRUE	TRUE	3	-	CE9(31-445)	CE9_e4(32-445)	CE9	CE9_e4	host glycan
gene_7154	mRNA_7154	OTHER	FALSE	1.000000	0.000000		TRUE	TRUE	3	-	GH3(79-305)	GH3_e188(80-306)	GH3	GH3_e188	-
gene_7155	mRNA_7155	OTHER	FALSE	0.999971	0.000072		TRUE	FALSE	1	-	-	-	GH3	-	-
gene_7156	mRNA_7156	OTHER	FALSE	1.000000	0.000001		FALSE	FALSE	0	-	-	-	-	-	-
gene_7157	mRNA_7157	OTHER	FALSE	0.999396	0.000629		FALSE	FALSE	0	-	-	-	-	-	-
gene_7158	mRNA_7158	OTHER	FALSE	0.999948	0.000095		FALSE	FALSE	0	-	-	-	-	-	-
gene_7159	mRNA_7159	OTHER	FALSE	1.000000	0.000000		FALSE	FALSE	0	-	-	-	-	-	-
gene_7160	mRNA_7160	OTHER	FALSE	0.999745	0.000277		TRUE	TRUE	3	3.2.1.21:3	GH3(32-244)	GH3_e51(33-245)	GH3	GH3_e51	beta-glucan
gene_7161	mRNA_7161	SP	TRUE	0.000210	0.999762	CS pos: 29-30. Pr: 0.9318	TRUE	TRUE	3	3.2.1.164:1	GH5_16(44-377)	GH5_e102(46-378)	GH5_16+GH5_16	GH5_16	arabinogalactan
gene_7162	mRNA_7162	OTHER	FALSE	1.000000	0.000001		FALSE	FALSE	0	-	-	-	-	-	-
gene_7163	mRNA_7163	OTHER	FALSE	1.000000	0.000001		FALSE	FALSE	0	-	-	-	-	-	-
gene_7164	mRNA_7164	OTHER	FALSE	1.000000	0.000001		FALSE	FALSE	0	-	-	-	-	-	-
gene_7165	mRNA_7165	OTHER	FALSE	1.000000	0.000001		TRUE	FALSE	1	-	-	-	GT8	-	-
gene_7166	mRNA_7166	OTHER	FALSE	1.000000	0.000001		FALSE	FALSE	0	-	-	-	-	-	-
gene_7167	mRNA_7167	OTHER	FALSE	1.000000	0.000008		FALSE	FALSE	0	-	-	-	-	-	-
gene_7168	mRNA_7168	OTHER	FALSE	1.000000	0.000002		FALSE	FALSE	0	-	-	-	-	-	-
gene_7169	mRNA_7169	OTHER	FALSE	1.000000	0.000000		FALSE	FALSE	0	-	-	-	-	-	-
gene_7170	mRNA_7170	OTHER	FALSE	1.000000	0.000000		FALSE	FALSE	0	-	-	-	-	-	-
gene_7171	mRNA_7171	OTHER	FALSE	1.000000	0.000000		FALSE	FALSE	0	-	-	-	-	-	-
gene_7172	mRNA_7172	OTHER	FALSE	1.000000	0.000000		TRUE	FALSE	1	-	-	-	GH5_5+CBM1+GH5_5	-	-
gene_7173	mRNA_7173	OTHER	FALSE	0.999886	0.000167		FALSE	FALSE	0	-	-	-	-	-	-
gene_7174	mRNA_7174	OTHER	FALSE	1.000000	0.000001		FALSE	FALSE	0	-	-	-	-	-	-
gene_7175	mRNA_7175	SP	TRUE	0.000274	0.999672	CS pos: 20-21. Pr: 0.9784	FALSE	FALSE	0	-	-	-	-	-	-
gene_7176	mRNA_7176	OTHER	FALSE	1.000000	0.000052		FALSE	FALSE	0	-	-	-	-	-	-
gene_7177	mRNA_7177	OTHER	FALSE	1.000000	0.000000		FALSE	FALSE	0	-	-	-	-	-	-
gene_7178	mRNA_7178	OTHER	FALSE	1.000000	0.000013		FALSE	FALSE	0	-	-	-	-	-	-
gene_7179	mRNA_7179	SP	TRUE	0.032383	0.967584	CS pos: 16-17. Pr: 0.9134	FALSE	FALSE	0	-	-	-	-	-	-
gene_7180	mRNA_7180	OTHER	FALSE	1.000000	0.000002		TRUE	FALSE	1	-	-	-	GH45_1+GH45_1	-	-
gene_7181	mRNA_7181	OTHER	FALSE	1.000000	0.000000		TRUE	TRUE	3	3.2.1.4:4;3.2.1.-:12	GH5_4(108-380)	GH5_e262(110-380)	GH5_4+GH5_4	GH5_4	beta-glucan;xylan
gene_7182	mRNA_7182	OTHER	FALSE	1.000000	0.000000		FALSE	FALSE	0	-	-	-	-	-	-
gene_7183	mRNA_7183	OTHER	FALSE	1.000000	0.000002		FALSE	FALSE	0	-	-	-	-	-	-
gene_7184	mRNA_7184	OTHER	FALSE	1.000000	0.000001		FALSE	FALSE	0	-	-	-	-	-	-
gene_7185	mRNA_7185	OTHER	FALSE	1.000000	0.000004		TRUE	FALSE	1	-	-	-	CE5	-	-
gene_7186	mRNA_7186	OTHER	FALSE	1.000000	0.000001		FALSE	FALSE	0	-	-	-	-	-	-
gene_7187	mRNA_7187	OTHER	FALSE	1.000000	0.000002		TRUE	TRUE	3	-	GT90(345-620)	GT90_e11(347-622)	GT90	GT90_e11	-
gene_7188	mRNA_7188	OTHER	FALSE	1.000000	0.000011		FALSE	FALSE	0	-	-	-	-	-	-
gene_7189	mRNA_7189	OTHER	FALSE	1.000000	0.000004		FALSE	FALSE	0	-	-	-	-	-	-
gene_7190	mRNA_7190	OTHER	FALSE	1.000000	0.000001		FALSE	FALSE	0	-	-	-	-	-	-
gene_7191	mRNA_7191	OTHER	FALSE	1.000000	0.000000		FALSE	FALSE	0	-	-	-	-	-	-
gene_7192	mRNA_7192	OTHER	FALSE	1.000000	0.000037		TRUE	FALSE	1	-	-	-	GT90	-	-
gene_7193	mRNA_7193	OTHER	FALSE	0.999980	0.000058		FALSE	FALSE	0	-	-	-	-	-	-
gene_7194	mRNA_7194	SP	TRUE	0.001905	0.998083	CS pos: 18-19. Pr: 0.9768	FALSE	FALSE	0	-	-	-	-	-	-
gene_7195	mRNA_7195	OTHER	FALSE	0.999925	0.000058		FALSE	FALSE	0	-	-	-	-	-	-
gene_7196	mRNA_7196	OTHER	FALSE	0.999869	0.000151		FALSE	FALSE	0	-	-	-	-	-	-
gene_7197	mRNA_7197	OTHER	FALSE	1.000000	0.000000		TRUE	FALSE	1	-	-	-	GT0	-	-
gene_7198	mRNA_7198	OTHER	FALSE	1.000000	0.000001		TRUE	FALSE	1	-	-	-	AA3_1+AA3_1+AA8	-	-
gene_7199	mRNA_7199	OTHER	FALSE	1.000000	0.000000		FALSE	FALSE	0	-	-	-	-	-	-
gene_7200	mRNA_7200	OTHER	FALSE	1.000000	0.000000		FALSE	FALSE	0	-	-	-	-	-	-
gene_7201	mRNA_7201	OTHER	FALSE	1.000000	0.000009		TRUE	FALSE	1	-	-	-	AA3_2+AA3_2	-	-
gene_7202	mRNA_7202	OTHER	FALSE	1.000000	0.000001		FALSE	FALSE	0	-	-	-	-	-	-
gene_7203	mRNA_7203	OTHER	FALSE	0.999889	0.000145		FALSE	FALSE	0	-	-	-	-	-	-
gene_7204	mRNA_7204	OTHER	FALSE	1.000000	0.000000		FALSE	FALSE	0	-	-	-	-	-	-
gene_7205	mRNA_7205	OTHER	FALSE	1.000000	0.000009		FALSE	FALSE	0	-	-	-	-	-	-
gene_7206	mRNA_7206	OTHER	FALSE	1.000000	0.000000		FALSE	FALSE	0	-	-	-	-	-	-
gene_7207	mRNA_7207	OTHER	FALSE	1.000000	0.000001		FALSE	FALSE	0	-	-	-	-	-	-
gene_7208	mRNA_7208	OTHER	FALSE	1.000000	0.000000		FALSE	FALSE	0	-	-	-	-	-	-
gene_7209	mRNA_7209	OTHER	FALSE	1.000000	0.000000		TRUE	FALSE	1	-	-	-	PL9_3+PL9_3	-	-
gene_7210	mRNA_7210	OTHER	FALSE	1.000000	0.000000		FALSE	FALSE	0	-	-	-	-	-	-
gene_7211	mRNA_7211	OTHER	FALSE	1.000000	0.000001		FALSE	FALSE	0	-	-	-	-	-	-
gene_7212	mRNA_7212	OTHER	FALSE	1.000000	0.000001		FALSE	FALSE	0	-	-	-	-	-	-
gene_7213	mRNA_7213	OTHER	FALSE	1.000000	0.000000		FALSE	FALSE	0	-	-	-	-	-	-
gene_7214	mRNA_7214	SP	TRUE	0.000292	0.999674	CS pos: 22-23. Pr: 0.6811	FALSE	FALSE	0	-	-	-	-	-	-
gene_7215	mRNA_7215	OTHER	FALSE	1.000000	0.000004		FALSE	FALSE	0	-	-	-	-	-	-
gene_7216	mRNA_7216	OTHER	FALSE	1.000000	0.000000		FALSE	FALSE	0	-	-	-	-	-	-
gene_7217	mRNA_7217	OTHER	FALSE	1.000000	0.000000		FALSE	FALSE	0	-	-	-	-	-	-
gene_7218	mRNA_7218	OTHER	FALSE	1.000000	0.000001		TRUE	FALSE	1	-	-	-	PL9_3+PL9_3	-	-
gene_7219	mRNA_7219	OTHER	FALSE	1.000000	0.000007		TRUE	FALSE	1	-	-	-	GH75	-	-
gene_7220	mRNA_7220	SP	TRUE	0.000240	0.999749	CS pos: 24-25. Pr: 0.8861	FALSE	FALSE	0	-	-	-	-	-	-
gene_7221	mRNA_7221	OTHER	FALSE	0.998504	0.001498		FALSE	FALSE	0	-	-	-	-	-	-
gene_7222	mRNA_7222	OTHER	FALSE	0.824324	0.175688		TRUE	FALSE	1	-	-	-	GT2	-	-
gene_7223	mRNA_7223	OTHER	FALSE	1.000000	0.000000		FALSE	FALSE	0	-	-	-	-	-	-
gene_7224	mRNA_7224	OTHER	FALSE	1.000000	0.000000		FALSE	FALSE	0	-	-	-	-	-	-
gene_7225	mRNA_7225	OTHER	FALSE	1.000000	0.000000		FALSE	FALSE	0	-	-	-	-	-	-
gene_7226	mRNA_7226	OTHER	FALSE	1.000000	0.000001		FALSE	FALSE	0	-	-	-	-	-	-
gene_7227	mRNA_7227	OTHER	FALSE	1.000000	0.000000		FALSE	FALSE	0	-	-	-	-	-	-
gene_7228	mRNA_7228	OTHER	FALSE	1.000000	0.000000		FALSE	FALSE	0	-	-	-	-	-	-
gene_7229	mRNA_7229	OTHER	FALSE	0.994578	0.005441		FALSE	FALSE	0	-	-	-	-	-	-
gene_7230	mRNA_7230	SP	TRUE	0.000266	0.999693	CS pos: 19-20. Pr: 0.9643	FALSE	FALSE	0	-	-	-	-	-	-
gene_7231	mRNA_7231	OTHER	FALSE	1.000000	0.000000		FALSE	FALSE	0	-	-	-	-	-	-
gene_7232	mRNA_7232	OTHER	FALSE	1.000000	0.000000		FALSE	FALSE	0	-	-	-	-	-	-
gene_7233	mRNA_7233	OTHER	FALSE	1.000000	0.000000		FALSE	FALSE	0	-	-	-	-	-	-
gene_7234	mRNA_7234	OTHER	FALSE	0.996665	0.003374		FALSE	FALSE	0	-	-	-	-	-	-
gene_7235	mRNA_7235	OTHER	FALSE	1.000000	0.000000		FALSE	FALSE	0	-	-	-	-	-	-
gene_7236	mRNA_7236	OTHER	FALSE	1.000000	0.000002		FALSE	FALSE	0	-	-	-	-	-	-
gene_7237	mRNA_7237	OTHER	FALSE	0.999894	0.000118		TRUE	FALSE	1	-	-	-	GH11	-	-
gene_7238	mRNA_7238	SP	TRUE	0.000277	0.999702	CS pos: 24-25. Pr: 0.9724	FALSE	FALSE	0	-	-	-	-	-	-
gene_7239	mRNA_7239	OTHER	FALSE	1.000000	0.000007		FALSE	FALSE	0	-	-	-	-	-	-
gene_7240	mRNA_7240	OTHER	FALSE	1.000000	0.000001		FALSE	FALSE	0	-	-	-	-	-	-
gene_7241	mRNA_7241	OTHER	FALSE	1.000000	0.000001		FALSE	FALSE	0	-	-	-	-	-	-
gene_7242	mRNA_7242	OTHER	FALSE	0.838333	0.161667		FALSE	FALSE	0	-	-	-	-	-	-
gene_7243	mRNA_7243	OTHER	FALSE	1.000000	0.000020		TRUE	FALSE	1	-	-	-	GH72	-	-
gene_7244	mRNA_7244	OTHER	FALSE	1.000000	0.000000		TRUE	FALSE	1	-	-	-	AA9	-	-
gene_7245	mRNA_7245	OTHER	FALSE	0.999771	0.000237		FALSE	FALSE	0	-	-	-	-	-	-
gene_7246	mRNA_7246	OTHER	FALSE	1.000000	0.000000		FALSE	FALSE	0	-	-	-	-	-	-
gene_7247	mRNA_7247	OTHER	FALSE	0.999900	0.000108		TRUE	FALSE	1	-	-	-	GT0	-	-
gene_7248	mRNA_7248	SP	TRUE	0.000261	0.999738	CS pos: 21-22. Pr: 0.8892	TRUE	TRUE	3	2.4.1.-:1;3.2.1.23:18|-	GH35(47-381)	GH35_e4(47-382)+CBM67_e19(726-874)	GH35	GH35_e4|CBM67_e19	-;beta-galactan;rhamnose
gene_7249	mRNA_7249	OTHER	FALSE	0.999562	0.000429		TRUE	FALSE	1	-	-	-	GT15	-	-
gene_7250	mRNA_7250	OTHER	FALSE	1.000000	0.000000		FALSE	FALSE	0	-	-	-	-	-	-
gene_7251	mRNA_7251	OTHER	FALSE	1.000000	0.000000		FALSE	FALSE	0	-	-	-	-	-	-
gene_7252	mRNA_7252	OTHER	FALSE	1.000000	0.000001		FALSE	FALSE	0	-	-	-	-	-	-
gene_7253	mRNA_7253	OTHER	FALSE	1.000000	0.000004		TRUE	TRUE	3	2.4.1.173:13	GT1(1303-1727)	GT1_e24(1306-1728)	GT1	GT1_e24	-
gene_7254	mRNA_7254	OTHER	FALSE	1.000000	0.000000		TRUE	FALSE	1	-	-	-	GT1	-	-
gene_7255	mRNA_7255	OTHER	FALSE	1.000000	0.000000		FALSE	FALSE	0	-	-	-	-	-	-
gene_7256	mRNA_7256	OTHER	FALSE	1.000000	0.000000		FALSE	FALSE	0	-	-	-	-	-	-
gene_7257	mRNA_7257	OTHER	FALSE	1.000000	0.000000		FALSE	FALSE	0	-	-	-	-	-	-
gene_7258	mRNA_7258	OTHER	FALSE	1.000000	0.000000		FALSE	FALSE	0	-	-	-	-	-	-
gene_7259	mRNA_7259	OTHER	FALSE	1.000000	0.000000		FALSE	FALSE	0	-	-	-	-	-	-
gene_7260	mRNA_7260	OTHER	FALSE	1.000000	0.000002		FALSE	FALSE	0	-	-	-	-	-	-
gene_7261	mRNA_7261	OTHER	FALSE	1.000000	0.000001		FALSE	FALSE	0	-	-	-	-	-	-
gene_7262	mRNA_7262	OTHER	FALSE	1.000000	0.000008		FALSE	FALSE	0	-	-	-	-	-	-
gene_7263	mRNA_7263	OTHER	FALSE	1.000000	0.000000		FALSE	FALSE	0	-	-	-	-	-	-
gene_7264	mRNA_7264	OTHER	FALSE	1.000000	0.000001		FALSE	FALSE	0	-	-	-	-	-	-
gene_7265	mRNA_7265	OTHER	FALSE	1.000000	0.000000		FALSE	FALSE	0	-	-	-	-	-	-
gene_7266	mRNA_7266	OTHER	FALSE	1.000000	0.000000		FALSE	FALSE	0	-	-	-	-	-	-
gene_7267	mRNA_7267	OTHER	FALSE	1.000000	0.000009		FALSE	FALSE	0	-	-	-	-	-	-
gene_7268	mRNA_7268	OTHER	FALSE	1.000000	0.000001		TRUE	FALSE	1	-	-	-	GT24	-	-
gene_7269	mRNA_7269	OTHER	FALSE	1.000000	0.000005		FALSE	FALSE	0	-	-	-	-	-	-
gene_7270	mRNA_7270	OTHER	FALSE	1.000000	0.000001		FALSE	FALSE	0	-	-	-	-	-	-
gene_7271	mRNA_7271	OTHER	FALSE	1.000000	0.000011		FALSE	FALSE	0	-	-	-	-	-	-
gene_7272	mRNA_7272	OTHER	FALSE	1.000000	0.000000		TRUE	FALSE	1	-	-	-	GT1	-	-
gene_7273	mRNA_7273	SP	TRUE	0.001468	0.998505	CS pos: 17-18. Pr: 0.9512	FALSE	FALSE	0	-	-	-	-	-	-
gene_7274	mRNA_7274	OTHER	FALSE	1.000000	0.000000		TRUE	TRUE	3	2.4.1.321:3	GH94(48-791)	GH94_e4(49-789)	GH94	GH94_e4	cellulose
gene_7275	mRNA_7275	OTHER	FALSE	1.000000	0.000000		TRUE	TRUE	3	-	GT2(403-589)	GT2(304-585)	GT2	GT2	-
gene_7276	mRNA_7276	OTHER	FALSE	1.000000	0.000000		FALSE	FALSE	0	-	-	-	-	-	-
gene_7277	mRNA_7277	OTHER	FALSE	0.999915	0.000118		FALSE	FALSE	0	-	-	-	-	-	-
gene_7278	mRNA_7278	OTHER	FALSE	1.000000	0.000000		FALSE	FALSE	0	-	-	-	-	-	-
gene_7279	mRNA_7279	OTHER	FALSE	1.000000	0.000001		FALSE	FALSE	0	-	-	-	-	-	-
gene_7280	mRNA_7280	OTHER	FALSE	1.000000	0.000000		FALSE	FALSE	0	-	-	-	-	-	-
gene_7281	mRNA_7281	OTHER	FALSE	1.000000	0.000000		FALSE	FALSE	0	-	-	-	-	-	-
gene_7282	mRNA_7282	OTHER	FALSE	1.000000	0.000000		FALSE	FALSE	0	-	-	-	-	-	-
gene_7283	mRNA_7283	OTHER	FALSE	1.000000	0.000000		FALSE	FALSE	0	-	-	-	-	-	-
gene_7284	mRNA_7284	OTHER	FALSE	1.000000	0.000000		FALSE	FALSE	0	-	-	-	-	-	-
gene_7285	mRNA_7285	OTHER	FALSE	1.000000	0.000001		TRUE	FALSE	1	-	-	-	CBM1+AA9	-	-
gene_7286	mRNA_7286	OTHER	FALSE	0.999999	0.000024		TRUE	TRUE	3	3.2.1.22:2	GH27(65-306)	GH27_e38(196-302)	GH27	GH27_e38	alpha-galactan
gene_7287	mRNA_7287	OTHER	FALSE	1.000000	0.000000		FALSE	FALSE	0	-	-	-	-	-	-
gene_7288	mRNA_7288	SP	TRUE	0.000367	0.999610	CS pos: 18-19. Pr: 0.9352	FALSE	FALSE	0	-	-	-	-	-	-
gene_7289	mRNA_7289	SP	TRUE	0.000387	0.999594	CS pos: 17-18. Pr: 0.9750	FALSE	FALSE	0	-	-	-	-	-	-
gene_7290	mRNA_7290	OTHER	FALSE	1.000000	0.000000		FALSE	FALSE	0	-	-	-	-	-	-
gene_7291	mRNA_7291	OTHER	FALSE	1.000000	0.000000		FALSE	FALSE	0	-	-	-	-	-	-
gene_7292	mRNA_7292	OTHER	FALSE	1.000000	0.000000		TRUE	FALSE	1	-	-	-	CE5	-	-
gene_7293	mRNA_7293	OTHER	FALSE	0.999907	0.000153		FALSE	FALSE	0	-	-	-	-	-	-
gene_7294	mRNA_7294	OTHER	FALSE	1.000000	0.000000		FALSE	FALSE	0	-	-	-	-	-	-
gene_7295	mRNA_7295	OTHER	FALSE	1.000000	0.000002		FALSE	FALSE	0	-	-	-	-	-	-
gene_7296	mRNA_7296	OTHER	FALSE	0.999819	0.000246		FALSE	FALSE	0	-	-	-	-	-	-
gene_7297	mRNA_7297	OTHER	FALSE	0.999977	0.000061		FALSE	FALSE	0	-	-	-	-	-	-
gene_7298	mRNA_7298	OTHER	FALSE	0.999751	0.000281		TRUE	TRUE	3	1.10.3.2:4;1.10.3.-:1	AA1(1-337)	AA1_e46(1-338)	AA1_3+AA1_3	AA1_e46	lignin
gene_7299	mRNA_7299	OTHER	FALSE	1.000000	0.000001		FALSE	FALSE	0	-	-	-	-	-	-
gene_7300	mRNA_7300	OTHER	FALSE	0.999618	0.000420		FALSE	FALSE	0	-	-	-	-	-	-
gene_7301	mRNA_7301	OTHER	FALSE	1.000000	0.000001		FALSE	FALSE	0	-	-	-	-	-	-
gene_7302	mRNA_7302	OTHER	FALSE	0.999892	0.000111		FALSE	FALSE	0	-	-	-	-	-	-
gene_7303	mRNA_7303	OTHER	FALSE	1.000000	0.000000		FALSE	FALSE	0	-	-	-	-	-	-
gene_7304	mRNA_7304	OTHER	FALSE	0.999231	0.000778		FALSE	FALSE	0	-	-	-	-	-	-
gene_7305	mRNA_7305	OTHER	FALSE	1.000000	0.000000		FALSE	FALSE	0	-	-	-	-	-	-
gene_7306	mRNA_7306	OTHER	FALSE	1.000000	0.000000		FALSE	FALSE	0	-	-	-	-	-	-
gene_7307	mRNA_7307	OTHER	FALSE	1.000000	0.000000		FALSE	FALSE	0	-	-	-	-	-	-
gene_7308	mRNA_7308	OTHER	FALSE	0.999874	0.000179		FALSE	FALSE	0	-	-	-	-	-	-
gene_7309	mRNA_7309	OTHER	FALSE	1.000000	0.000000		FALSE	FALSE	0	-	-	-	-	-	-
gene_7310	mRNA_7310	OTHER	FALSE	1.000000	0.000000		FALSE	FALSE	0	-	-	-	-	-	-
gene_7311	mRNA_7311	OTHER	FALSE	1.000000	0.000005		FALSE	FALSE	0	-	-	-	-	-	-
gene_7312	mRNA_7312	OTHER	FALSE	1.000000	0.000000		FALSE	FALSE	0	-	-	-	-	-	-
gene_7313	mRNA_7313	OTHER	FALSE	1.000000	0.000000		FALSE	FALSE	0	-	-	-	-	-	-
gene_7314	mRNA_7314	OTHER	FALSE	0.727925	0.272085		FALSE	FALSE	0	-	-	-	-	-	-
gene_7315	mRNA_7315	OTHER	FALSE	1.000000	0.000002		FALSE	FALSE	0	-	-	-	-	-	-
gene_7316	mRNA_7316	OTHER	FALSE	1.000000	0.000018		TRUE	FALSE	1	-	-	-	GH1	-	-
gene_7317	mRNA_7317	OTHER	FALSE	1.000000	0.000001		TRUE	TRUE	3	3.1.3.12:1	GT20(141-685)	GT20_e19(145-685)	GT20	GT20_e19	-
gene_7318	mRNA_7318	OTHER	FALSE	0.999983	0.000040		FALSE	FALSE	0	-	-	-	-	-	-
gene_7319	mRNA_7319	OTHER	FALSE	1.000000	0.000000		FALSE	FALSE	0	-	-	-	-	-	-
gene_7320	mRNA_7320	OTHER	FALSE	1.000000	0.000001		FALSE	FALSE	0	-	-	-	-	-	-
gene_7321	mRNA_7321	OTHER	FALSE	1.000000	0.000000		FALSE	FALSE	0	-	-	-	-	-	-
gene_7322	mRNA_7322	OTHER	FALSE	1.000000	0.000004		FALSE	FALSE	0	-	-	-	-	-	-
gene_7323	mRNA_7323	OTHER	FALSE	1.000000	0.000000		FALSE	FALSE	0	-	-	-	-	-	-
gene_7324	mRNA_7324	OTHER	FALSE	1.000000	0.000000		FALSE	FALSE	0	-	-	-	-	-	-
gene_7325	mRNA_7325	SP	TRUE	0.001237	0.998748	CS pos: 22-23. Pr: 0.9135	TRUE	FALSE	1	-	-	-	GH5_22+GH5_22	-	-
gene_7326	mRNA_7326	OTHER	FALSE	0.999729	0.000312		FALSE	FALSE	0	-	-	-	-	-	-
gene_7327	mRNA_7327	OTHER	FALSE	1.000000	0.000000		FALSE	FALSE	0	-	-	-	-	-	-
gene_7328	mRNA_7328	OTHER	FALSE	0.996839	0.003182		TRUE	FALSE	1	-	-	-	GH13_5+GH13_5	-	-
gene_7329	mRNA_7329	OTHER	FALSE	1.000000	0.000000		FALSE	FALSE	0	-	-	-	-	-	-
gene_7330	mRNA_7330	OTHER	FALSE	1.000000	0.000000		FALSE	FALSE	0	-	-	-	-	-	-
gene_7331	mRNA_7331	OTHER	FALSE	0.994529	0.005500		FALSE	FALSE	0	-	-	-	-	-	-
gene_7332	mRNA_7332	OTHER	FALSE	0.999728	0.000274		TRUE	FALSE	1	-	-	-	CE12	-	-
gene_7333	mRNA_7333	OTHER	FALSE	1.000000	0.000001		FALSE	FALSE	0	-	-	-	-	-	-
gene_7334	mRNA_7334	OTHER	FALSE	1.000000	0.000000		FALSE	FALSE	0	-	-	-	-	-	-
gene_7335	mRNA_7335	OTHER	FALSE	1.000000	0.000004		FALSE	FALSE	0	-	-	-	-	-	-
gene_7336	mRNA_7336	OTHER	FALSE	0.999997	0.000046		TRUE	FALSE	1	-	-	-	GH75	-	-
gene_7337	mRNA_7337	OTHER	FALSE	1.000000	0.000000		FALSE	FALSE	0	-	-	-	-	-	-
gene_7338	mRNA_7338	OTHER	FALSE	1.000000	0.000002		FALSE	FALSE	0	-	-	-	-	-	-
gene_7339	mRNA_7339	OTHER	FALSE	0.993308	0.006725		FALSE	FALSE	0	-	-	-	-	-	-
gene_7340	mRNA_7340	OTHER	FALSE	1.000000	0.000000		FALSE	FALSE	0	-	-	-	-	-	-
gene_7341	mRNA_7341	OTHER	FALSE	1.000000	0.000000		FALSE	FALSE	0	-	-	-	-	-	-
gene_7342	mRNA_7342	OTHER	FALSE	1.000000	0.000000		FALSE	FALSE	0	-	-	-	-	-	-
gene_7343	mRNA_7343	OTHER	FALSE	1.000000	0.000009		FALSE	FALSE	0	-	-	-	-	-	-
gene_7344	mRNA_7344	OTHER	FALSE	1.000000	0.000000		FALSE	FALSE	0	-	-	-	-	-	-
gene_7345	mRNA_7345	OTHER	FALSE	0.999256	0.000730		TRUE	TRUE	3	-	GH78(133-716)	GH78_e17(136-717)	GH78	GH78_e17	-
gene_7346	mRNA_7346	OTHER	FALSE	1.000000	0.000000		FALSE	FALSE	0	-	-	-	-	-	-
gene_7347	mRNA_7347	OTHER	FALSE	1.000000	0.000000		FALSE	FALSE	0	-	-	-	-	-	-
gene_7348	mRNA_7348	OTHER	FALSE	1.000000	0.000000		FALSE	FALSE	0	-	-	-	-	-	-
gene_7349	mRNA_7349	OTHER	FALSE	1.000000	0.000000		FALSE	FALSE	0	-	-	-	-	-	-
gene_7350	mRNA_7350	OTHER	FALSE	1.000000	0.000028		FALSE	FALSE	0	-	-	-	-	-	-
gene_7351	mRNA_7351	OTHER	FALSE	1.000000	0.000009		FALSE	FALSE	0	-	-	-	-	-	-
gene_7352	mRNA_7352	OTHER	FALSE	1.000000	0.000007		FALSE	FALSE	0	-	-	-	-	-	-
gene_7353	mRNA_7353	SP	TRUE	0.000384	0.999579	CS pos: 21-22. Pr: 0.9751	TRUE	TRUE	3	1.1.99.18:13	AA8(31-237)	AA8_e5(32-238)	AA8	AA8_e5	lignin
gene_7354	mRNA_7354	OTHER	FALSE	1.000000	0.000000		TRUE	TRUE	2	-	-	GT2(1-157)	GT2	GT2	-
gene_7355	mRNA_7355	OTHER	FALSE	1.000000	0.000023		TRUE	TRUE	3	-	AA2(9-268)	AA2_e12(7-268)	AA2	AA2_e12	lignin
gene_7356	mRNA_7356	OTHER	FALSE	1.000000	0.000000		FALSE	FALSE	0	-	-	-	-	-	-
gene_7357	mRNA_7357	OTHER	FALSE	1.000000	0.000020		TRUE	FALSE	1	-	-	-	GT1	-	-
gene_7358	mRNA_7358	OTHER	FALSE	0.990378	0.009660		FALSE	FALSE	0	-	-	-	-	-	-
gene_7359	mRNA_7359	OTHER	FALSE	1.000000	0.000000		TRUE	FALSE	1	-	-	-	GH43_24+GH43_24	-	-
gene_7360	mRNA_7360	OTHER	FALSE	1.000000	0.000000		FALSE	FALSE	0	-	-	-	-	-	-
gene_7361	mRNA_7361	OTHER	FALSE	1.000000	0.000000		FALSE	FALSE	0	-	-	-	-	-	-
gene_7362	mRNA_7362	OTHER	FALSE	1.000000	0.000000		FALSE	FALSE	0	-	-	-	-	-	-
gene_7363	mRNA_7363	OTHER	FALSE	0.999844	0.000183		TRUE	FALSE	1	-	-	-	GT71	-	-
gene_7364	mRNA_7364	OTHER	FALSE	1.000000	0.000000		FALSE	FALSE	0	-	-	-	-	-	-
gene_7365	mRNA_7365	OTHER	FALSE	0.999995	0.000024		FALSE	FALSE	0	-	-	-	-	-	-
gene_7366	mRNA_7366	OTHER	FALSE	1.000000	0.000000		FALSE	FALSE	0	-	-	-	-	-	-
gene_7367	mRNA_7367	OTHER	FALSE	0.999998	0.000004		TRUE	FALSE	1	-	-	-	GH5_5+CBM1+GH5_5	-	-
gene_7368	mRNA_7368	OTHER	FALSE	1.000000	0.000000		FALSE	FALSE	0	-	-	-	-	-	-
gene_7369	mRNA_7369	OTHER	FALSE	1.000000	0.000001		TRUE	FALSE	1	-	-	-	GT1	-	-
gene_7370	mRNA_7370	OTHER	FALSE	1.000000	0.000000		FALSE	FALSE	0	-	-	-	-	-	-
gene_7371	mRNA_7371	OTHER	FALSE	1.000000	0.000001		FALSE	FALSE	0	-	-	-	-	-	-
gene_7372	mRNA_7372	OTHER	FALSE	1.000000	0.000001		FALSE	FALSE	0	-	-	-	-	-	-
gene_7373	mRNA_7373	OTHER	FALSE	1.000000	0.000000		FALSE	FALSE	0	-	-	-	-	-	-
gene_7374	mRNA_7374	OTHER	FALSE	0.999650	0.000374		FALSE	FALSE	0	-	-	-	-	-	-
gene_7375	mRNA_7375	OTHER	FALSE	0.999297	0.000718		FALSE	FALSE	0	-	-	-	-	-	-
gene_7376	mRNA_7376	OTHER	FALSE	1.000000	0.000000		FALSE	FALSE	0	-	-	-	-	-	-
gene_7377	mRNA_7377	OTHER	FALSE	1.000000	0.000000		FALSE	FALSE	0	-	-	-	-	-	-
gene_7378	mRNA_7378	OTHER	FALSE	1.000000	0.000000		FALSE	FALSE	0	-	-	-	-	-	-
gene_7379	mRNA_7379	OTHER	FALSE	0.995638	0.004386		FALSE	FALSE	0	-	-	-	-	-	-
gene_7380	mRNA_7380	OTHER	FALSE	0.999959	0.000053		FALSE	FALSE	0	-	-	-	-	-	-
gene_7381	mRNA_7381	OTHER	FALSE	1.000000	0.000000		FALSE	FALSE	0	-	-	-	-	-	-
gene_7382	mRNA_7382	OTHER	FALSE	1.000000	0.000000		FALSE	FALSE	0	-	-	-	-	-	-
gene_7383	mRNA_7383	OTHER	FALSE	0.999938	0.000073		TRUE	FALSE	1	-	-	-	CBM48+GH13_8+GH13_8	-	-
gene_7384	mRNA_7384	OTHER	FALSE	0.996261	0.003793		TRUE	FALSE	1	-	-	-	GH53	-	-
gene_7385	mRNA_7385	OTHER	FALSE	1.000000	0.000001		FALSE	FALSE	0	-	-	-	-	-	-
gene_7386	mRNA_7386	OTHER	FALSE	1.000000	0.000002		FALSE	FALSE	0	-	-	-	-	-	-
gene_7387	mRNA_7387	OTHER	FALSE	1.000000	0.000001		FALSE	FALSE	0	-	-	-	-	-	-
gene_7388	mRNA_7388	OTHER	FALSE	1.000000	0.000001		FALSE	FALSE	0	-	-	-	-	-	-
gene_7389	mRNA_7389	OTHER	FALSE	1.000000	0.000000		FALSE	FALSE	0	-	-	-	-	-	-
gene_7390	mRNA_7390	OTHER	FALSE	1.000000	0.000009		FALSE	FALSE	0	-	-	-	-	-	-
gene_7391	mRNA_7391	SP	TRUE	0.000410	0.999587	CS pos: 22-23. Pr: 0.9751	TRUE	TRUE	2	3.2.1.96:4	-	GH18_e82(66-277)	GH18	GH18_e82	host glycan
gene_7392	mRNA_7392	OTHER	FALSE	1.000000	0.000011		FALSE	FALSE	0	-	-	-	-	-	-
gene_7393	mRNA_7393	SP	TRUE	0.000236	0.999766	CS pos: 24-25. Pr: 0.9788	FALSE	FALSE	0	-	-	-	-	-	-
gene_7394	mRNA_7394	OTHER	FALSE	1.000000	0.000000		FALSE	FALSE	0	-	-	-	-	-	-
gene_7395	mRNA_7395	OTHER	FALSE	1.000000	0.000000		FALSE	FALSE	0	-	-	-	-	-	-
gene_7396	mRNA_7396	OTHER	FALSE	1.000000	0.000000		FALSE	FALSE	0	-	-	-	-	-	-
gene_7397	mRNA_7397	OTHER	FALSE	1.000000	0.000000		FALSE	FALSE	0	-	-	-	-	-	-
gene_7398	mRNA_7398	OTHER	FALSE	1.000000	0.000002		TRUE	FALSE	1	-	-	-	PL7_4+PL7_4	-	-
gene_7399	mRNA_7399	OTHER	FALSE	1.000000	0.000000		FALSE	FALSE	0	-	-	-	-	-	-
gene_7400	mRNA_7400	OTHER	FALSE	1.000000	0.000000		FALSE	FALSE	0	-	-	-	-	-	-
gene_7401	mRNA_7401	OTHER	FALSE	1.000000	0.000000		FALSE	FALSE	0	-	-	-	-	-	-
gene_7402	mRNA_7402	OTHER	FALSE	1.000000	0.000001		FALSE	FALSE	0	-	-	-	-	-	-
gene_7403	mRNA_7403	SP	TRUE	0.059369	0.940589	CS pos: 20-21. Pr: 0.9180	FALSE	FALSE	0	-	-	-	-	-	-
gene_7404	mRNA_7404	OTHER	FALSE	1.000000	0.000000		FALSE	FALSE	0	-	-	-	-	-	-
gene_7405	mRNA_7405	OTHER	FALSE	0.999943	0.000090		FALSE	FALSE	0	-	-	-	-	-	-
gene_7406	mRNA_7406	OTHER	FALSE	1.000000	0.000019		FALSE	FALSE	0	-	-	-	-	-	-
gene_7407	mRNA_7407	OTHER	FALSE	1.000000	0.000001		FALSE	FALSE	0	-	-	-	-	-	-
gene_7408	mRNA_7408	OTHER	FALSE	1.000000	0.000000		FALSE	FALSE	0	-	-	-	-	-	-
gene_7409	mRNA_7409	OTHER	FALSE	0.934780	0.065242		FALSE	FALSE	0	-	-	-	-	-	-
gene_7410	mRNA_7410	OTHER	FALSE	1.000000	0.000000		FALSE	FALSE	0	-	-	-	-	-	-
gene_7411	mRNA_7411	OTHER	FALSE	1.000000	0.000000		FALSE	FALSE	0	-	-	-	-	-	-
gene_7412	mRNA_7412	OTHER	FALSE	1.000000	0.000000		TRUE	FALSE	1	-	-	-	GT2	-	-
gene_7413	mRNA_7413	OTHER	FALSE	1.000000	0.000000		FALSE	FALSE	0	-	-	-	-	-	-
gene_7414	mRNA_7414	OTHER	FALSE	1.000000	0.000001		FALSE	FALSE	0	-	-	-	-	-	-
gene_7415	mRNA_7415	OTHER	FALSE	1.000000	0.000000		FALSE	FALSE	0	-	-	-	-	-	-
gene_7416	mRNA_7416	OTHER	FALSE	1.000000	0.000000		FALSE	FALSE	0	-	-	-	-	-	-
gene_7417	mRNA_7417	OTHER	FALSE	1.000000	0.000003		FALSE	FALSE	0	-	-	-	-	-	-
gene_7418	mRNA_7418	OTHER	FALSE	0.999900	0.000103		FALSE	FALSE	0	-	-	-	-	-	-
gene_7419	mRNA_7419	OTHER	FALSE	1.000000	0.000000		FALSE	FALSE	0	-	-	-	-	-	-
gene_7420	mRNA_7420	OTHER	FALSE	1.000000	0.000000		FALSE	FALSE	0	-	-	-	-	-	-
gene_7421	mRNA_7421	OTHER	FALSE	1.000000	0.000000		FALSE	FALSE	0	-	-	-	-	-	-
gene_7422	mRNA_7422	OTHER	FALSE	1.000000	0.000000		FALSE	FALSE	0	-	-	-	-	-	-
gene_7423	mRNA_7423	OTHER	FALSE	1.000000	0.000004		TRUE	FALSE	1	-	-	-	AA3_2+AA3_2	-	-
gene_7424	mRNA_7424	OTHER	FALSE	1.000000	0.000000		TRUE	FALSE	1	-	-	-	AA1	-	-
gene_7425	mRNA_7425	OTHER	FALSE	1.000000	0.000000		FALSE	FALSE	0	-	-	-	-	-	-
gene_7426	mRNA_7426	OTHER	FALSE	1.000000	0.000000		FALSE	FALSE	0	-	-	-	-	-	-
gene_7427	mRNA_7427	OTHER	FALSE	0.882733	0.117278		TRUE	FALSE	1	-	-	-	AA11	-	-
gene_7428	mRNA_7428	SP	TRUE	0.000259	0.999730	CS pos: 22-23. Pr: 0.9683	FALSE	FALSE	0	-	-	-	-	-	-
gene_7429	mRNA_7429	OTHER	FALSE	1.000000	0.000000		FALSE	FALSE	0	-	-	-	-	-	-
gene_7430	mRNA_7430	SP	TRUE	0.000535	0.999415	CS pos: 18-19. Pr: 0.6530	FALSE	FALSE	0	-	-	-	-	-	-
gene_7431	mRNA_7431	OTHER	FALSE	1.000000	0.000000		TRUE	FALSE	1	-	-	-	GH71	-	-
gene_7432	mRNA_7432	OTHER	FALSE	1.000000	0.000005		FALSE	FALSE	0	-	-	-	-	-	-
gene_7433	mRNA_7433	OTHER	FALSE	1.000000	0.000000		TRUE	FALSE	1	-	-	-	GH15+CBM20	-	-
gene_7434	mRNA_7434	OTHER	FALSE	1.000000	0.000000		TRUE	FALSE	1	-	-	-	GH76	-	-
gene_7435	mRNA_7435	OTHER	FALSE	1.000000	0.000000		FALSE	FALSE	0	-	-	-	-	-	-
gene_7436	mRNA_7436	OTHER	FALSE	1.000000	0.000000		TRUE	FALSE	1	-	-	-	GH131	-	-
gene_7437	mRNA_7437	OTHER	FALSE	0.999918	0.000108		TRUE	FALSE	1	-	-	-	GH45_1+GH45_1	-	-
gene_7438	mRNA_7438	SP	TRUE	0.000356	0.999641	CS pos: 19-20. Pr: 0.9785	TRUE	FALSE	1	-	-	-	GT2	-	-
gene_7439	mRNA_7439	OTHER	FALSE	1.000000	0.000001		FALSE	FALSE	0	-	-	-	-	-	-
gene_7440	mRNA_7440	OTHER	FALSE	1.000000	0.000000		FALSE	FALSE	0	-	-	-	-	-	-
gene_7441	mRNA_7441	OTHER	FALSE	1.000000	0.000000		FALSE	FALSE	0	-	-	-	-	-	-
gene_7442	mRNA_7442	OTHER	FALSE	1.000000	0.000000		FALSE	FALSE	0	-	-	-	-	-	-
gene_7443	mRNA_7443	OTHER	FALSE	1.000000	0.000000		TRUE	FALSE	1	-	-	-	GT22	-	-
gene_7444	mRNA_7444	OTHER	FALSE	0.999953	0.000046		TRUE	FALSE	1	-	-	-	CBM48+GH13_8+GH13_8	-	-
gene_7445	mRNA_7445	OTHER	FALSE	0.999701	0.000317		FALSE	FALSE	0	-	-	-	-	-	-
gene_7446	mRNA_7446	OTHER	FALSE	1.000000	0.000000		FALSE	FALSE	0	-	-	-	-	-	-
gene_7447	mRNA_7447	OTHER	FALSE	1.000000	0.000000		FALSE	FALSE	0	-	-	-	-	-	-
gene_7448	mRNA_7448	OTHER	FALSE	1.000000	0.000000		FALSE	FALSE	0	-	-	-	-	-	-
gene_7449	mRNA_7449	OTHER	FALSE	1.000000	0.000027		TRUE	TRUE	3	-	GT1(227-456)	GT1_e555(19-455)	GT1	GT1_e555	-
gene_7450	mRNA_7450	OTHER	FALSE	0.999808	0.000202		FALSE	FALSE	0	-	-	-	-	-	-
gene_7451	mRNA_7451	SP	TRUE	0.000243	0.999721	CS pos: 20-21. Pr: 0.9751	FALSE	FALSE	0	-	-	-	-	-	-
gene_7452	mRNA_7452	OTHER	FALSE	1.000000	0.000001		FALSE	FALSE	0	-	-	-	-	-	-
gene_7453	mRNA_7453	OTHER	FALSE	1.000000	0.000000		FALSE	FALSE	0	-	-	-	-	-	-
gene_7454	mRNA_7454	OTHER	FALSE	1.000000	0.000001		FALSE	FALSE	0	-	-	-	-	-	-
gene_7455	mRNA_7455	OTHER	FALSE	0.999944	0.000129		FALSE	FALSE	0	-	-	-	-	-	-
gene_7456	mRNA_7456	OTHER	FALSE	1.000000	0.000002		FALSE	FALSE	0	-	-	-	-	-	-
gene_7457	mRNA_7457	OTHER	FALSE	1.000000	0.000000		FALSE	FALSE	0	-	-	-	-	-	-
gene_7458	mRNA_7458	SP	TRUE	0.000538	0.999440	CS pos: 16-17. Pr: 0.9725	FALSE	FALSE	0	-	-	-	-	-	-
gene_7459	mRNA_7459	OTHER	FALSE	1.000000	0.000000		FALSE	FALSE	0	-	-	-	-	-	-
gene_7460	mRNA_7460	OTHER	FALSE	1.000000	0.000000		FALSE	FALSE	0	-	-	-	-	-	-
gene_7461	mRNA_7461	OTHER	FALSE	1.000000	0.000002		FALSE	FALSE	0	-	-	-	-	-	-
gene_7462	mRNA_7462	OTHER	FALSE	1.000000	0.000000		FALSE	FALSE	0	-	-	-	-	-	-
gene_7463	mRNA_7463	OTHER	FALSE	1.000000	0.000000		TRUE	FALSE	1	-	-	-	GT35	-	-
gene_7464	mRNA_7464	OTHER	FALSE	1.000000	0.000001		FALSE	FALSE	0	-	-	-	-	-	-
gene_7465	mRNA_7465	OTHER	FALSE	1.000000	0.000000		FALSE	FALSE	0	-	-	-	-	-	-
gene_7466	mRNA_7466	SP	TRUE	0.000243	0.999722	CS pos: 27-28. Pr: 0.5706	TRUE	TRUE	3	3.2.1.8:45	GH10(33-328)	GH10_e64(35-328)	GH10	GH10_e64	xylan
gene_7467	mRNA_7467	OTHER	FALSE	1.000000	0.000000		FALSE	FALSE	0	-	-	-	-	-	-
gene_7468	mRNA_7468	OTHER	FALSE	1.000000	0.000006		FALSE	FALSE	0	-	-	-	-	-	-
gene_7469	mRNA_7469	OTHER	FALSE	1.000000	0.000008		FALSE	FALSE	0	-	-	-	-	-	-
gene_7470	mRNA_7470	OTHER	FALSE	1.000000	0.000000		FALSE	FALSE	0	-	-	-	-	-	-
gene_7471	mRNA_7471	OTHER	FALSE	1.000000	0.000004		FALSE	FALSE	0	-	-	-	-	-	-
gene_7472	mRNA_7472	OTHER	FALSE	1.000000	0.000029		FALSE	FALSE	0	-	-	-	-	-	-
gene_7473	mRNA_7473	OTHER	FALSE	0.999804	0.000221		FALSE	FALSE	0	-	-	-	-	-	-
gene_7474	mRNA_7474	OTHER	FALSE	1.000000	0.000000		FALSE	FALSE	0	-	-	-	-	-	-
gene_7475	mRNA_7475	OTHER	FALSE	1.000000	0.000001		FALSE	FALSE	0	-	-	-	-	-	-
gene_7476	mRNA_7476	OTHER	FALSE	0.999925	0.000065		FALSE	FALSE	0	-	-	-	-	-	-
gene_7477	mRNA_7477	OTHER	FALSE	0.999998	0.000034		TRUE	FALSE	1	-	-	-	GH1	-	-
gene_7478	mRNA_7478	OTHER	FALSE	1.000000	0.000000		FALSE	FALSE	0	-	-	-	-	-	-
gene_7479	mRNA_7479	OTHER	FALSE	1.000000	0.000000		FALSE	FALSE	0	-	-	-	-	-	-
gene_7480	mRNA_7480	OTHER	FALSE	1.000000	0.000000		FALSE	FALSE	0	-	-	-	-	-	-
gene_7481	mRNA_7481	OTHER	FALSE	0.999598	0.000408		FALSE	FALSE	0	-	-	-	-	-	-
gene_7482	mRNA_7482	OTHER	FALSE	1.000000	0.000000		FALSE	FALSE	0	-	-	-	-	-	-
gene_7483	mRNA_7483	OTHER	FALSE	1.000000	0.000000		FALSE	FALSE	0	-	-	-	-	-	-
gene_7484	mRNA_7484	OTHER	FALSE	1.000000	0.000000		FALSE	FALSE	0	-	-	-	-	-	-
gene_7485	mRNA_7485	OTHER	FALSE	0.702847	0.297156		FALSE	FALSE	0	-	-	-	-	-	-
gene_7486	mRNA_7486	OTHER	FALSE	1.000000	0.000000		FALSE	FALSE	0	-	-	-	-	-	-
gene_7487	mRNA_7487	SP	TRUE	0.000225	0.999774	CS pos: 19-20. Pr: 0.9816	FALSE	FALSE	0	-	-	-	-	-	-
gene_7488	mRNA_7488	OTHER	FALSE	1.000000	0.000000		TRUE	FALSE	1	-	-	-	GH13_25+GH133+GH13_25	-	-
gene_7489	mRNA_7489	OTHER	FALSE	1.000000	0.000000		FALSE	FALSE	0	-	-	-	-	-	-
gene_7490	mRNA_7490	OTHER	FALSE	1.000000	0.000000		FALSE	FALSE	0	-	-	-	-	-	-
gene_7491	mRNA_7491	OTHER	FALSE	1.000000	0.000000		FALSE	FALSE	0	-	-	-	-	-	-
gene_7492	mRNA_7492	OTHER	FALSE	1.000000	0.000015		FALSE	FALSE	0	-	-	-	-	-	-
gene_7493	mRNA_7493	OTHER	FALSE	0.999983	0.000039		TRUE	TRUE	3	-	GT90(342-624)	GT90_e11(344-625)	GT90	GT90_e11	-
gene_7494	mRNA_7494	OTHER	FALSE	1.000000	0.000000		FALSE	FALSE	0	-	-	-	-	-	-
gene_7495	mRNA_7495	OTHER	FALSE	1.000000	0.000000		FALSE	FALSE	0	-	-	-	-	-	-
gene_7496	mRNA_7496	OTHER	FALSE	1.000000	0.000000		FALSE	FALSE	0	-	-	-	-	-	-
gene_7497	mRNA_7497	OTHER	FALSE	1.000000	0.000000		FALSE	FALSE	0	-	-	-	-	-	-
gene_7498	mRNA_7498	OTHER	FALSE	1.000000	0.000001		FALSE	FALSE	0	-	-	-	-	-	-
gene_7499	mRNA_7499	OTHER	FALSE	1.000000	0.000000		FALSE	FALSE	0	-	-	-	-	-	-
gene_7500	mRNA_7500	SP	TRUE	0.000247	0.999725	CS pos: 19-20. Pr: 0.9830	TRUE	TRUE	3	1.10.3.2:4;1.10.3.-:1	AA1_3(103-414)	AA1_e46(104-590)	AA1_3+AA1_3	AA1_3	lignin
gene_7501	mRNA_7501	OTHER	FALSE	1.000000	0.000000		TRUE	FALSE	1	-	-	-	GT0	-	-
gene_7502	mRNA_7502	OTHER	FALSE	1.000000	0.000000		FALSE	FALSE	0	-	-	-	-	-	-
gene_7503	mRNA_7503	OTHER	FALSE	1.000000	0.000000		FALSE	FALSE	0	-	-	-	-	-	-
gene_7504	mRNA_7504	OTHER	FALSE	1.000000	0.000001		FALSE	FALSE	0	-	-	-	-	-	-
gene_7505	mRNA_7505	OTHER	FALSE	1.000000	0.000000		FALSE	FALSE	0	-	-	-	-	-	-
gene_7506	mRNA_7506	OTHER	FALSE	1.000000	0.000001		FALSE	FALSE	0	-	-	-	-	-	-
gene_7507	mRNA_7507	OTHER	FALSE	1.000000	0.000001		FALSE	FALSE	0	-	-	-	-	-	-
gene_7508	mRNA_7508	OTHER	FALSE	1.000000	0.000000		FALSE	FALSE	0	-	-	-	-	-	-
gene_7509	mRNA_7509	OTHER	FALSE	1.000000	0.000000		FALSE	FALSE	0	-	-	-	-	-	-
gene_7510	mRNA_7510	OTHER	FALSE	1.000000	0.000000		FALSE	FALSE	0	-	-	-	-	-	-
gene_7511	mRNA_7511	OTHER	FALSE	1.000000	0.000000		FALSE	FALSE	0	-	-	-	-	-	-
gene_7512	mRNA_7512	OTHER	FALSE	1.000000	0.000003		FALSE	FALSE	0	-	-	-	-	-	-
gene_7513	mRNA_7513	OTHER	FALSE	1.000000	0.000000		FALSE	FALSE	0	-	-	-	-	-	-
gene_7514	mRNA_7514	OTHER	FALSE	1.000000	0.000001		FALSE	FALSE	0	-	-	-	-	-	-
gene_7515	mRNA_7515	OTHER	FALSE	0.999891	0.000141		FALSE	FALSE	0	-	-	-	-	-	-
gene_7516	mRNA_7516	OTHER	FALSE	1.000000	0.000000		FALSE	FALSE	0	-	-	-	-	-	-
gene_7517	mRNA_7517	OTHER	FALSE	1.000000	0.000000		FALSE	FALSE	0	-	-	-	-	-	-
gene_7518	mRNA_7518	OTHER	FALSE	1.000000	0.000000		FALSE	FALSE	0	-	-	-	-	-	-
gene_7519	mRNA_7519	OTHER	FALSE	1.000000	0.000000		TRUE	FALSE	1	-	-	-	GH16_19+GH16_19+CBM18	-	-
gene_7520	mRNA_7520	OTHER	FALSE	1.000000	0.000000		FALSE	FALSE	0	-	-	-	-	-	-
gene_7521	mRNA_7521	OTHER	FALSE	1.000000	0.000000		FALSE	FALSE	0	-	-	-	-	-	-
gene_7522	mRNA_7522	OTHER	FALSE	1.000000	0.000004		FALSE	FALSE	0	-	-	-	-	-	-
gene_7523	mRNA_7523	OTHER	FALSE	1.000000	0.000001		TRUE	FALSE	1	-	-	-	GH43	-	-
gene_7524	mRNA_7524	OTHER	FALSE	0.999993	0.000033		FALSE	FALSE	0	-	-	-	-	-	-
gene_7525	mRNA_7525	SP	TRUE	0.341167	0.658812	CS pos: 28-29. Pr: 0.3420	TRUE	FALSE	1	-	-	-	CE1	-	-
gene_7526	mRNA_7526	OTHER	FALSE	1.000000	0.000000		FALSE	FALSE	0	-	-	-	-	-	-
gene_7527	mRNA_7527	OTHER	FALSE	1.000000	0.000000		FALSE	FALSE	0	-	-	-	-	-	-
gene_7528	mRNA_7528	SP	TRUE	0.046093	0.953861	CS pos: 19-20. Pr: 0.9230	FALSE	FALSE	0	-	-	-	-	-	-
gene_7529	mRNA_7529	OTHER	FALSE	0.999979	0.000021		FALSE	FALSE	0	-	-	-	-	-	-
gene_7530	mRNA_7530	OTHER	FALSE	1.000000	0.000000		TRUE	FALSE	1	-	-	-	GH16_18+GH16_18	-	-
gene_7531	mRNA_7531	OTHER	FALSE	1.000000	0.000000		FALSE	FALSE	0	-	-	-	-	-	-
gene_7532	mRNA_7532	OTHER	FALSE	1.000000	0.000001		FALSE	FALSE	0	-	-	-	-	-	-
gene_7533	mRNA_7533	OTHER	FALSE	1.000000	0.000005		FALSE	FALSE	0	-	-	-	-	-	-
gene_7534	mRNA_7534	OTHER	FALSE	1.000000	0.000000		TRUE	FALSE	1	-	-	-	GT20	-	-
gene_7535	mRNA_7535	OTHER	FALSE	1.000000	0.000000		FALSE	FALSE	0	-	-	-	-	-	-
gene_7536	mRNA_7536	OTHER	FALSE	1.000000	0.000000		FALSE	FALSE	0	-	-	-	-	-	-
gene_7537	mRNA_7537	OTHER	FALSE	1.000000	0.000000		FALSE	FALSE	0	-	-	-	-	-	-
gene_7538	mRNA_7538	OTHER	FALSE	0.999914	0.000132		FALSE	FALSE	0	-	-	-	-	-	-
gene_7539	mRNA_7539	OTHER	FALSE	1.000000	0.000000		FALSE	FALSE	0	-	-	-	-	-	-
gene_7540	mRNA_7540	OTHER	FALSE	1.000000	0.000001		TRUE	FALSE	1	-	-	-	GT4	-	-
gene_7541	mRNA_7541	OTHER	FALSE	1.000000	0.000000		FALSE	FALSE	0	-	-	-	-	-	-
gene_7542	mRNA_7542	OTHER	FALSE	1.000000	0.000000		FALSE	FALSE	0	-	-	-	-	-	-
gene_7543	mRNA_7543	OTHER	FALSE	0.999833	0.000222		FALSE	FALSE	0	-	-	-	-	-	-
gene_7544	mRNA_7544	OTHER	FALSE	1.000000	0.000000		FALSE	FALSE	0	-	-	-	-	-	-
gene_7545	mRNA_7545	OTHER	FALSE	1.000000	0.000059		FALSE	FALSE	0	-	-	-	-	-	-
gene_7546	mRNA_7546	OTHER	FALSE	1.000000	0.000000		FALSE	FALSE	0	-	-	-	-	-	-
gene_7547	mRNA_7547	OTHER	FALSE	0.999998	0.000017		FALSE	FALSE	0	-	-	-	-	-	-
gene_7548	mRNA_7548	OTHER	FALSE	1.000000	0.000000		FALSE	FALSE	0	-	-	-	-	-	-
gene_7549	mRNA_7549	OTHER	FALSE	1.000000	0.000001		FALSE	FALSE	0	-	-	-	-	-	-
gene_7550	mRNA_7550	OTHER	FALSE	0.999834	0.000197		FALSE	FALSE	0	-	-	-	-	-	-
gene_7551	mRNA_7551	OTHER	FALSE	1.000000	0.000000		FALSE	FALSE	0	-	-	-	-	-	-
gene_7552	mRNA_7552	OTHER	FALSE	1.000000	0.000000		FALSE	FALSE	0	-	-	-	-	-	-
gene_7553	mRNA_7553	OTHER	FALSE	1.000000	0.000001		FALSE	FALSE	0	-	-	-	-	-	-
gene_7554	mRNA_7554	OTHER	FALSE	1.000000	0.000004		FALSE	FALSE	0	-	-	-	-	-	-
gene_7555	mRNA_7555	OTHER	FALSE	0.830665	0.169359		FALSE	FALSE	0	-	-	-	-	-	-
gene_7556	mRNA_7556	SP	TRUE	0.000259	0.999679	CS pos: 15-16. Pr: 0.9730	TRUE	TRUE	3	3.2.1.-:3	GH131(17-255)	GH131_e5(18-256)	GH131	GH131_e5	-
gene_7557	mRNA_7557	OTHER	FALSE	1.000000	0.000002		TRUE	FALSE	1	-	-	-	GH131	-	-
gene_7558	mRNA_7558	OTHER	FALSE	1.000000	0.000000		FALSE	FALSE	0	-	-	-	-	-	-
gene_7559	mRNA_7559	OTHER	FALSE	0.999988	0.000068		FALSE	FALSE	0	-	-	-	-	-	-
gene_7560	mRNA_7560	OTHER	FALSE	1.000000	0.000003		TRUE	FALSE	1	-	-	-	CBM18+CBM18	-	-
gene_7561	mRNA_7561	OTHER	FALSE	1.000000	0.000001		FALSE	FALSE	0	-	-	-	-	-	-
gene_7562	mRNA_7562	OTHER	FALSE	1.000000	0.000000		FALSE	FALSE	0	-	-	-	-	-	-
gene_7563	mRNA_7563	OTHER	FALSE	1.000000	0.000000		TRUE	FALSE	1	-	-	-	GH92	-	-
gene_7564	mRNA_7564	OTHER	FALSE	1.000000	0.000000		FALSE	FALSE	0	-	-	-	-	-	-
gene_7565	mRNA_7565	OTHER	FALSE	1.000000	0.000000		FALSE	FALSE	0	-	-	-	-	-	-
gene_7566	mRNA_7566	OTHER	FALSE	1.000000	0.000001		FALSE	FALSE	0	-	-	-	-	-	-
gene_7567	mRNA_7567	OTHER	FALSE	1.000000	0.000003		FALSE	FALSE	0	-	-	-	-	-	-
gene_7568	mRNA_7568	OTHER	FALSE	1.000000	0.000000		FALSE	FALSE	0	-	-	-	-	-	-
gene_7569	mRNA_7569	OTHER	FALSE	1.000000	0.000000		FALSE	FALSE	0	-	-	-	-	-	-
gene_7570	mRNA_7570	OTHER	FALSE	1.000000	0.000000		TRUE	FALSE	1	-	-	-	GH30_7+GH30_7	-	-
gene_7571	mRNA_7571	OTHER	FALSE	1.000000	0.000000		FALSE	FALSE	0	-	-	-	-	-	-
gene_7572	mRNA_7572	OTHER	FALSE	1.000000	0.000000		FALSE	FALSE	0	-	-	-	-	-	-
gene_7573	mRNA_7573	OTHER	FALSE	1.000000	0.000000		TRUE	FALSE	1	-	-	-	GH30_7+GH30_7	-	-
gene_7574	mRNA_7574	SP	TRUE	0.000310	0.999655	CS pos: 15-16. Pr: 0.9825	FALSE	FALSE	0	-	-	-	-	-	-
gene_7575	mRNA_7575	OTHER	FALSE	0.993767	0.006250		FALSE	FALSE	0	-	-	-	-	-	-
gene_7576	mRNA_7576	OTHER	FALSE	1.000000	0.000000		FALSE	FALSE	0	-	-	-	-	-	-
gene_7577	mRNA_7577	SP	TRUE	0.003934	0.996056	CS pos: 18-19. Pr: 0.7668	FALSE	FALSE	0	-	-	-	-	-	-
gene_7578	mRNA_7578	OTHER	FALSE	1.000000	0.000001		FALSE	FALSE	0	-	-	-	-	-	-
gene_7579	mRNA_7579	OTHER	FALSE	1.000000	0.000010		FALSE	FALSE	0	-	-	-	-	-	-
gene_7580	mRNA_7580	OTHER	FALSE	1.000000	0.000000		FALSE	FALSE	0	-	-	-	-	-	-
gene_7581	mRNA_7581	OTHER	FALSE	1.000000	0.000012		TRUE	FALSE	1	-	-	-	GH27	-	-
gene_7582	mRNA_7582	OTHER	FALSE	1.000000	0.000000		FALSE	FALSE	0	-	-	-	-	-	-
gene_7583	mRNA_7583	OTHER	FALSE	1.000000	0.000000		FALSE	FALSE	0	-	-	-	-	-	-
gene_7584	mRNA_7584	OTHER	FALSE	1.000000	0.000000		FALSE	FALSE	0	-	-	-	-	-	-
gene_7585	mRNA_7585	SP	TRUE	0.000239	0.999731	CS pos: 23-24. Pr: 0.9767	FALSE	FALSE	0	-	-	-	-	-	-
gene_7586	mRNA_7586	OTHER	FALSE	1.000000	0.000000		FALSE	FALSE	0	-	-	-	-	-	-
gene_7587	mRNA_7587	OTHER	FALSE	1.000000	0.000020		FALSE	FALSE	0	-	-	-	-	-	-
gene_7588	mRNA_7588	OTHER	FALSE	0.762011	0.237985		TRUE	TRUE	3	-	GH72(19-328)	GH72_e10(21-300)	GH72	GH72_e10	beta-glucan
gene_7589	mRNA_7589	OTHER	FALSE	1.000000	0.000000		FALSE	FALSE	0	-	-	-	-	-	-
gene_7590	mRNA_7590	OTHER	FALSE	0.994389	0.005605		FALSE	FALSE	0	-	-	-	-	-	-
gene_7591	mRNA_7591	OTHER	FALSE	1.000000	0.000000		TRUE	FALSE	1	-	-	-	PL7_4+PL7_4	-	-
gene_7592	mRNA_7592	OTHER	FALSE	1.000000	0.000067		FALSE	FALSE	0	-	-	-	-	-	-
gene_7593	mRNA_7593	OTHER	FALSE	1.000000	0.000000		FALSE	FALSE	0	-	-	-	-	-	-
gene_7594	mRNA_7594	OTHER	FALSE	0.999933	0.000097		FALSE	FALSE	0	-	-	-	-	-	-
gene_7595	mRNA_7595	OTHER	FALSE	1.000000	0.000000		FALSE	FALSE	0	-	-	-	-	-	-
gene_7596	mRNA_7596	OTHER	FALSE	0.999938	0.000090		TRUE	FALSE	1	-	-	-	GH72	-	-
gene_7597	mRNA_7597	OTHER	FALSE	1.000000	0.000000		FALSE	FALSE	0	-	-	-	-	-	-
gene_7598	mRNA_7598	OTHER	FALSE	1.000000	0.000000		FALSE	FALSE	0	-	-	-	-	-	-
gene_7599	mRNA_7599	OTHER	FALSE	1.000000	0.000001		FALSE	FALSE	0	-	-	-	-	-	-
gene_7600	mRNA_7600	OTHER	FALSE	1.000000	0.000001		FALSE	FALSE	0	-	-	-	-	-	-
gene_7601	mRNA_7601	OTHER	FALSE	1.000000	0.000040		FALSE	FALSE	0	-	-	-	-	-	-
gene_7602	mRNA_7602	OTHER	FALSE	1.000000	0.000000		FALSE	FALSE	0	-	-	-	-	-	-
gene_7603	mRNA_7603	OTHER	FALSE	1.000000	0.000002		FALSE	FALSE	0	-	-	-	-	-	-
gene_7604	mRNA_7604	OTHER	FALSE	1.000000	0.000000		FALSE	FALSE	0	-	-	-	-	-	-
gene_7605	mRNA_7605	OTHER	FALSE	1.000000	0.000035		FALSE	FALSE	0	-	-	-	-	-	-
gene_7606	mRNA_7606	OTHER	FALSE	1.000000	0.000000		FALSE	FALSE	0	-	-	-	-	-	-
gene_7607	mRNA_7607	OTHER	FALSE	1.000000	0.000000		FALSE	FALSE	0	-	-	-	-	-	-
gene_7608	mRNA_7608	OTHER	FALSE	1.000000	0.000000		FALSE	FALSE	0	-	-	-	-	-	-
gene_7609	mRNA_7609	OTHER	FALSE	1.000000	0.000003		FALSE	FALSE	0	-	-	-	-	-	-
gene_7610	mRNA_7610	OTHER	FALSE	1.000000	0.000001		FALSE	FALSE	0	-	-	-	-	-	-
gene_7611	mRNA_7611	OTHER	FALSE	1.000000	0.000000		TRUE	FALSE	1	-	-	-	GT0	-	-
gene_7612	mRNA_7612	OTHER	FALSE	1.000000	0.000000		TRUE	FALSE	1	-	-	-	GT34	-	-
gene_7613	mRNA_7613	OTHER	FALSE	0.999928	0.000094		FALSE	FALSE	0	-	-	-	-	-	-
gene_7614	mRNA_7614	OTHER	FALSE	0.716935	0.283075		FALSE	FALSE	0	-	-	-	-	-	-
gene_7615	mRNA_7615	OTHER	FALSE	1.000000	0.000000		FALSE	FALSE	0	-	-	-	-	-	-
gene_7616	mRNA_7616	OTHER	FALSE	1.000000	0.000000		FALSE	FALSE	0	-	-	-	-	-	-
gene_7617	mRNA_7617	OTHER	FALSE	1.000000	0.000001		FALSE	FALSE	0	-	-	-	-	-	-
gene_7618	mRNA_7618	OTHER	FALSE	1.000000	0.000000		FALSE	FALSE	0	-	-	-	-	-	-
gene_7619	mRNA_7619	OTHER	FALSE	1.000000	0.000000		FALSE	FALSE	0	-	-	-	-	-	-
gene_7620	mRNA_7620	OTHER	FALSE	1.000000	0.000001		FALSE	FALSE	0	-	-	-	-	-	-
gene_7621	mRNA_7621	OTHER	FALSE	0.999954	0.000048		TRUE	FALSE	1	-	-	-	GH78	-	-
gene_7622	mRNA_7622	OTHER	FALSE	1.000000	0.000000		FALSE	FALSE	0	-	-	-	-	-	-
gene_7623	mRNA_7623	OTHER	FALSE	1.000000	0.000000		TRUE	FALSE	1	-	-	-	GH78	-	-
gene_7624	mRNA_7624	OTHER	FALSE	1.000000	0.000001		TRUE	FALSE	1	-	-	-	GH51_1+GH51_1	-	-
gene_7625	mRNA_7625	OTHER	FALSE	1.000000	0.000000		FALSE	FALSE	0	-	-	-	-	-	-
gene_7626	mRNA_7626	OTHER	FALSE	1.000000	0.000000		FALSE	FALSE	0	-	-	-	-	-	-
gene_7627	mRNA_7627	OTHER	FALSE	1.000000	0.000000		FALSE	FALSE	0	-	-	-	-	-	-
gene_7628	mRNA_7628	OTHER	FALSE	1.000000	0.000000		FALSE	FALSE	0	-	-	-	-	-	-
gene_7629	mRNA_7629	OTHER	FALSE	0.999805	0.000229		FALSE	FALSE	0	-	-	-	-	-	-
gene_7630	mRNA_7630	OTHER	FALSE	1.000000	0.000000		FALSE	FALSE	0	-	-	-	-	-	-
gene_7631	mRNA_7631	OTHER	FALSE	1.000000	0.000000		FALSE	FALSE	0	-	-	-	-	-	-
gene_7632	mRNA_7632	SP	TRUE	0.000282	0.999689	CS pos: 17-18. Pr: 0.9100	FALSE	FALSE	0	-	-	-	-	-	-
gene_7633	mRNA_7633	OTHER	FALSE	1.000000	0.000000		TRUE	FALSE	1	-	-	-	GH132	-	-
gene_7634	mRNA_7634	OTHER	FALSE	1.000000	0.000000		FALSE	FALSE	0	-	-	-	-	-	-
gene_7635	mRNA_7635	OTHER	FALSE	1.000000	0.000000		FALSE	FALSE	0	-	-	-	-	-	-
gene_7636	mRNA_7636	OTHER	FALSE	1.000000	0.000004		FALSE	FALSE	0	-	-	-	-	-	-
gene_7637	mRNA_7637	OTHER	FALSE	1.000000	0.000000		FALSE	FALSE	0	-	-	-	-	-	-
gene_7638	mRNA_7638	OTHER	FALSE	1.000000	0.000000		FALSE	FALSE	0	-	-	-	-	-	-
gene_7639	mRNA_7639	OTHER	FALSE	1.000000	0.000000		FALSE	FALSE	0	-	-	-	-	-	-
gene_7640	mRNA_7640	OTHER	FALSE	1.000000	0.000000		FALSE	FALSE	0	-	-	-	-	-	-
gene_7641	mRNA_7641	OTHER	FALSE	1.000000	0.000000		FALSE	FALSE	0	-	-	-	-	-	-
gene_7642	mRNA_7642	OTHER	FALSE	1.000000	0.000000		FALSE	FALSE	0	-	-	-	-	-	-
gene_7643	mRNA_7643	OTHER	FALSE	1.000000	0.000000		TRUE	FALSE	1	-	-	-	GH0	-	-
gene_7644	mRNA_7644	OTHER	FALSE	1.000000	0.000000		TRUE	FALSE	1	-	-	-	GH0	-	-
gene_7645	mRNA_7645	OTHER	FALSE	1.000000	0.000000		FALSE	FALSE	0	-	-	-	-	-	-
gene_7646	mRNA_7646	OTHER	FALSE	1.000000	0.000001		FALSE	FALSE	0	-	-	-	-	-	-
gene_7647	mRNA_7647	OTHER	FALSE	0.999990	0.000046		FALSE	FALSE	0	-	-	-	-	-	-
gene_7648	mRNA_7648	OTHER	FALSE	1.000000	0.000000		TRUE	FALSE	1	-	-	-	GH13	-	-
gene_7649	mRNA_7649	OTHER	FALSE	1.000000	0.000004		FALSE	FALSE	0	-	-	-	-	-	-
gene_7650	mRNA_7650	OTHER	FALSE	1.000000	0.000000		FALSE	FALSE	0	-	-	-	-	-	-
gene_7651	mRNA_7651	OTHER	FALSE	1.000000	0.000000		FALSE	FALSE	0	-	-	-	-	-	-
gene_7652	mRNA_7652	OTHER	FALSE	1.000000	0.000000		FALSE	FALSE	0	-	-	-	-	-	-
gene_7653	mRNA_7653	OTHER	FALSE	1.000000	0.000000		FALSE	FALSE	0	-	-	-	-	-	-
gene_7654	mRNA_7654	OTHER	FALSE	1.000000	0.000005		FALSE	FALSE	0	-	-	-	-	-	-
gene_7655	mRNA_7655	OTHER	FALSE	1.000000	0.000000		FALSE	FALSE	0	-	-	-	-	-	-
gene_7656	mRNA_7656	OTHER	FALSE	1.000000	0.000000		TRUE	FALSE	1	-	-	-	GT39	-	-
gene_7657	mRNA_7657	OTHER	FALSE	1.000000	0.000000		FALSE	FALSE	0	-	-	-	-	-	-
gene_7658	mRNA_7658	OTHER	FALSE	1.000000	0.000002		FALSE	FALSE	0	-	-	-	-	-	-
gene_7659	mRNA_7659	OTHER	FALSE	1.000000	0.000000		FALSE	FALSE	0	-	-	-	-	-	-
gene_7660	mRNA_7660	OTHER	FALSE	0.999394	0.000594		FALSE	FALSE	0	-	-	-	-	-	-
gene_7661	mRNA_7661	OTHER	FALSE	1.000000	0.000000		FALSE	FALSE	0	-	-	-	-	-	-
gene_7662	mRNA_7662	OTHER	FALSE	1.000000	0.000000		FALSE	FALSE	0	-	-	-	-	-	-
gene_7663	mRNA_7663	OTHER	FALSE	1.000000	0.000000		FALSE	FALSE	0	-	-	-	-	-	-
gene_7664	mRNA_7664	OTHER	FALSE	1.000000	0.000002		FALSE	FALSE	0	-	-	-	-	-	-
gene_7665	mRNA_7665	OTHER	FALSE	1.000000	0.000000		FALSE	FALSE	0	-	-	-	-	-	-
gene_7666	mRNA_7666	OTHER	FALSE	1.000000	0.000000		FALSE	FALSE	0	-	-	-	-	-	-
gene_7667	mRNA_7667	OTHER	FALSE	1.000000	0.000000		FALSE	FALSE	0	-	-	-	-	-	-
gene_7668	mRNA_7668	OTHER	FALSE	1.000000	0.000020		FALSE	FALSE	0	-	-	-	-	-	-
gene_7669	mRNA_7669	OTHER	FALSE	1.000000	0.000001		FALSE	FALSE	0	-	-	-	-	-	-
gene_7670	mRNA_7670	OTHER	FALSE	1.000000	0.000000		FALSE	FALSE	0	-	-	-	-	-	-
gene_7671	mRNA_7671	OTHER	FALSE	1.000000	0.000000		FALSE	FALSE	0	-	-	-	-	-	-
gene_7672	mRNA_7672	OTHER	FALSE	1.000000	0.000004		FALSE	FALSE	0	-	-	-	-	-	-
gene_7673	mRNA_7673	OTHER	FALSE	1.000000	0.000000		FALSE	FALSE	0	-	-	-	-	-	-
gene_7674	mRNA_7674	OTHER	FALSE	1.000000	0.000019		FALSE	FALSE	0	-	-	-	-	-	-
gene_7675	mRNA_7675	OTHER	FALSE	1.000000	0.000000		FALSE	FALSE	0	-	-	-	-	-	-
gene_7676	mRNA_7676	OTHER	FALSE	1.000000	0.000001		FALSE	FALSE	0	-	-	-	-	-	-
gene_7677	mRNA_7677	OTHER	FALSE	1.000000	0.000000		FALSE	FALSE	0	-	-	-	-	-	-
gene_7678	mRNA_7678	OTHER	FALSE	1.000000	0.000000		TRUE	FALSE	1	-	-	-	GT2	-	-
gene_7679	mRNA_7679	OTHER	FALSE	1.000000	0.000000		FALSE	FALSE	0	-	-	-	-	-	-
gene_7680	mRNA_7680	OTHER	FALSE	1.000000	0.000001		FALSE	FALSE	0	-	-	-	-	-	-
gene_7681	mRNA_7681	OTHER	FALSE	1.000000	0.000000		FALSE	FALSE	0	-	-	-	-	-	-
gene_7682	mRNA_7682	OTHER	FALSE	1.000000	0.000001		FALSE	FALSE	0	-	-	-	-	-	-
gene_7683	mRNA_7683	OTHER	FALSE	0.999990	0.000026		FALSE	FALSE	0	-	-	-	-	-	-
gene_7684	mRNA_7684	OTHER	FALSE	1.000000	0.000000		FALSE	FALSE	0	-	-	-	-	-	-
gene_7685	mRNA_7685	OTHER	FALSE	1.000000	0.000000		FALSE	FALSE	0	-	-	-	-	-	-
gene_7686	mRNA_7686	OTHER	FALSE	1.000000	0.000000		TRUE	TRUE	3	2.4.1.18:166|2.4.1.18:50	GH13_8(211-533)	CBM48_e32(64-150)+GH13_e20(238-531)	CBM48+GH13_8+GH13_8	CBM48_e32|GH13_8	alpha-glucan
gene_7687	mRNA_7687	OTHER	FALSE	1.000000	0.000000		TRUE	FALSE	1	-	-	-	CBM48+GH13_8+GH13_8	-	-
gene_7688	mRNA_7688	OTHER	FALSE	1.000000	0.000006		FALSE	FALSE	0	-	-	-	-	-	-
gene_7689	mRNA_7689	OTHER	FALSE	1.000000	0.000000		FALSE	FALSE	0	-	-	-	-	-	-
gene_7690	mRNA_7690	OTHER	FALSE	1.000000	0.000000		FALSE	FALSE	0	-	-	-	-	-	-
gene_7691	mRNA_7691	OTHER	FALSE	1.000000	0.000004		TRUE	TRUE	3	-	GT2(358-591)	GT2(359-641)	GT2	GT2	-
gene_7692	mRNA_7692	OTHER	FALSE	0.806263	0.193741		TRUE	TRUE	3	3.2.1.4:1	GH12(323-471)	GH12_e17(332-472)	GH12	GH12_e17	cellulose
gene_7693	mRNA_7693	OTHER	FALSE	1.000000	0.000001		FALSE	FALSE	0	-	-	-	-	-	-
gene_7694	mRNA_7694	OTHER	FALSE	1.000000	0.000000		FALSE	FALSE	0	-	-	-	-	-	-
gene_7695	mRNA_7695	OTHER	FALSE	0.895151	0.104857		FALSE	FALSE	0	-	-	-	-	-	-
gene_7696	mRNA_7696	OTHER	FALSE	1.000000	0.000001		FALSE	FALSE	0	-	-	-	-	-	-
gene_7697	mRNA_7697	OTHER	FALSE	1.000000	0.000000		FALSE	FALSE	0	-	-	-	-	-	-
gene_7698	mRNA_7698	OTHER	FALSE	0.887281	0.112737		FALSE	FALSE	0	-	-	-	-	-	-
gene_7699	mRNA_7699	OTHER	FALSE	1.000000	0.000000		FALSE	FALSE	0	-	-	-	-	-	-
gene_7700	mRNA_7700	SP	TRUE	0.022868	0.977096	CS pos: 19-20. Pr: 0.9110	FALSE	FALSE	0	-	-	-	-	-	-
gene_7701	mRNA_7701	OTHER	FALSE	1.000000	0.000003		FALSE	FALSE	0	-	-	-	-	-	-
gene_7702	mRNA_7702	OTHER	FALSE	1.000000	0.000001		FALSE	FALSE	0	-	-	-	-	-	-
gene_7703	mRNA_7703	OTHER	FALSE	1.000000	0.000000		FALSE	FALSE	0	-	-	-	-	-	-
gene_7704	mRNA_7704	OTHER	FALSE	1.000000	0.000000		FALSE	FALSE	0	-	-	-	-	-	-
gene_7705	mRNA_7705	SP	TRUE	0.000191	0.999797	CS pos: 19-20. Pr: 0.9822	FALSE	FALSE	0	-	-	-	-	-	-
gene_7706	mRNA_7706	OTHER	FALSE	1.000000	0.000000		FALSE	FALSE	0	-	-	-	-	-	-
gene_7707	mRNA_7707	OTHER	FALSE	1.000000	0.000000		FALSE	FALSE	0	-	-	-	-	-	-
gene_7708	mRNA_7708	OTHER	FALSE	0.999921	0.000121		FALSE	FALSE	0	-	-	-	-	-	-
gene_7709	mRNA_7709	OTHER	FALSE	1.000000	0.000000		FALSE	FALSE	0	-	-	-	-	-	-
gene_7710	mRNA_7710	OTHER	FALSE	1.000000	0.000000		FALSE	FALSE	0	-	-	-	-	-	-
gene_7711	mRNA_7711	OTHER	FALSE	0.999076	0.000943		FALSE	FALSE	0	-	-	-	-	-	-
gene_7712	mRNA_7712	OTHER	FALSE	1.000000	0.000000		FALSE	FALSE	0	-	-	-	-	-	-
gene_7713	mRNA_7713	OTHER	FALSE	1.000000	0.000000		FALSE	FALSE	0	-	-	-	-	-	-
gene_7714	mRNA_7714	OTHER	FALSE	1.000000	0.000027		FALSE	FALSE	0	-	-	-	-	-	-
gene_7715	mRNA_7715	OTHER	FALSE	1.000000	0.000000		FALSE	FALSE	0	-	-	-	-	-	-
gene_7716	mRNA_7716	OTHER	FALSE	1.000000	0.000002		TRUE	FALSE	1	-	-	-	GH51_2+GH51_2	-	-
gene_7717	mRNA_7717	OTHER	FALSE	1.000000	0.000003		FALSE	FALSE	0	-	-	-	-	-	-
gene_7718	mRNA_7718	OTHER	FALSE	1.000000	0.000000		FALSE	FALSE	0	-	-	-	-	-	-
gene_7719	mRNA_7719	OTHER	FALSE	1.000000	0.000000		FALSE	FALSE	0	-	-	-	-	-	-
gene_7720	mRNA_7720	OTHER	FALSE	1.000000	0.000000		FALSE	FALSE	0	-	-	-	-	-	-
gene_7721	mRNA_7721	OTHER	FALSE	1.000000	0.000000		FALSE	FALSE	0	-	-	-	-	-	-
gene_7722	mRNA_7722	OTHER	FALSE	1.000000	0.000010		FALSE	FALSE	0	-	-	-	-	-	-
gene_7723	mRNA_7723	OTHER	FALSE	1.000000	0.000000		FALSE	FALSE	0	-	-	-	-	-	-
gene_7724	mRNA_7724	OTHER	FALSE	1.000000	0.000000		FALSE	FALSE	0	-	-	-	-	-	-
gene_7725	mRNA_7725	OTHER	FALSE	0.998951	0.001082		TRUE	FALSE	1	-	-	-	AA1	-	-
gene_7726	mRNA_7726	OTHER	FALSE	1.000000	0.000001		FALSE	FALSE	0	-	-	-	-	-	-
gene_7727	mRNA_7727	OTHER	FALSE	1.000000	0.000012		FALSE	FALSE	0	-	-	-	-	-	-
gene_7728	mRNA_7728	OTHER	FALSE	1.000000	0.000000		TRUE	FALSE	1	-	-	-	GH20	-	-
gene_7729	mRNA_7729	OTHER	FALSE	1.000000	0.000000		FALSE	FALSE	0	-	-	-	-	-	-
gene_7730	mRNA_7730	OTHER	FALSE	1.000000	0.000001		FALSE	FALSE	0	-	-	-	-	-	-
gene_7731	mRNA_7731	SP	TRUE	0.000214	0.999772	CS pos: 18-19. Pr: 0.9638	FALSE	FALSE	0	-	-	-	-	-	-
gene_7732	mRNA_7732	OTHER	FALSE	1.000000	0.000002		FALSE	FALSE	0	-	-	-	-	-	-
gene_7733	mRNA_7733	OTHER	FALSE	1.000000	0.000000		FALSE	FALSE	0	-	-	-	-	-	-
gene_7734	mRNA_7734	OTHER	FALSE	0.999984	0.000076		FALSE	FALSE	0	-	-	-	-	-	-
gene_7735	mRNA_7735	OTHER	FALSE	1.000000	0.000000		TRUE	FALSE	1	-	-	-	GT0	-	-
gene_7736	mRNA_7736	OTHER	FALSE	1.000000	0.000000		FALSE	FALSE	0	-	-	-	-	-	-
gene_7737	mRNA_7737	OTHER	FALSE	0.999883	0.000104		TRUE	FALSE	1	-	-	-	GH3	-	-
gene_7738	mRNA_7738	OTHER	FALSE	1.000000	0.000001		TRUE	TRUE	3	3.2.1.21:2	GH3(68-280)	GH3_e116(71-281)	GH3	GH3_e116	beta-glucan
gene_7739	mRNA_7739	OTHER	FALSE	1.000000	0.000004		FALSE	FALSE	0	-	-	-	-	-	-
gene_7740	mRNA_7740	OTHER	FALSE	1.000000	0.000000		FALSE	FALSE	0	-	-	-	-	-	-
gene_7741	mRNA_7741	OTHER	FALSE	1.000000	0.000000		FALSE	FALSE	0	-	-	-	-	-	-
gene_7742	mRNA_7742	OTHER	FALSE	1.000000	0.000000		FALSE	FALSE	0	-	-	-	-	-	-
gene_7743	mRNA_7743	OTHER	FALSE	1.000000	0.000000		FALSE	FALSE	0	-	-	-	-	-	-
gene_7744	mRNA_7744	SP	TRUE	0.000225	0.999751	CS pos: 20-21. Pr: 0.9723	FALSE	FALSE	0	-	-	-	-	-	-
gene_7745	mRNA_7745	OTHER	FALSE	1.000000	0.000000		FALSE	FALSE	0	-	-	-	-	-	-
gene_7746	mRNA_7746	OTHER	FALSE	1.000000	0.000006		FALSE	FALSE	0	-	-	-	-	-	-
gene_7747	mRNA_7747	OTHER	FALSE	1.000000	0.000000		FALSE	FALSE	0	-	-	-	-	-	-
gene_7748	mRNA_7748	OTHER	FALSE	1.000000	0.000000		FALSE	FALSE	0	-	-	-	-	-	-
gene_7749	mRNA_7749	OTHER	FALSE	0.999945	0.000042		FALSE	FALSE	0	-	-	-	-	-	-
gene_7750	mRNA_7750	OTHER	FALSE	1.000000	0.000000		FALSE	FALSE	0	-	-	-	-	-	-
gene_7751	mRNA_7751	OTHER	FALSE	1.000000	0.000000		FALSE	FALSE	0	-	-	-	-	-	-
gene_7752	mRNA_7752	OTHER	FALSE	1.000000	0.000014		FALSE	FALSE	0	-	-	-	-	-	-
gene_7753	mRNA_7753	OTHER	FALSE	1.000000	0.000004		FALSE	FALSE	0	-	-	-	-	-	-
gene_7754	mRNA_7754	OTHER	FALSE	1.000000	0.000002		FALSE	FALSE	0	-	-	-	-	-	-
gene_7755	mRNA_7755	OTHER	FALSE	1.000000	0.000000		FALSE	FALSE	0	-	-	-	-	-	-
gene_7756	mRNA_7756	OTHER	FALSE	1.000000	0.000000		FALSE	FALSE	0	-	-	-	-	-	-
gene_7757	mRNA_7757	OTHER	FALSE	1.000000	0.000000		FALSE	FALSE	0	-	-	-	-	-	-
gene_7758	mRNA_7758	OTHER	FALSE	0.999423	0.000622		FALSE	FALSE	0	-	-	-	-	-	-
gene_7759	mRNA_7759	OTHER	FALSE	1.000000	0.000000		FALSE	FALSE	0	-	-	-	-	-	-
gene_7760	mRNA_7760	OTHER	FALSE	1.000000	0.000001		FALSE	FALSE	0	-	-	-	-	-	-
gene_7761	mRNA_7761	OTHER	FALSE	0.999556	0.000483		FALSE	FALSE	0	-	-	-	-	-	-
gene_7762	mRNA_7762	OTHER	FALSE	1.000000	0.000000		TRUE	FALSE	1	-	-	-	GH3	-	-
gene_7763	mRNA_7763	OTHER	FALSE	1.000000	0.000002		FALSE	FALSE	0	-	-	-	-	-	-
gene_7764	mRNA_7764	OTHER	FALSE	1.000000	0.000000		FALSE	FALSE	0	-	-	-	-	-	-
gene_7765	mRNA_7765	OTHER	FALSE	1.000000	0.000000		FALSE	FALSE	0	-	-	-	-	-	-
gene_7766	mRNA_7766	OTHER	FALSE	1.000000	0.000001		FALSE	FALSE	0	-	-	-	-	-	-
gene_7767	mRNA_7767	SP	TRUE	0.001269	0.998703	CS pos: 23-24. Pr: 0.9221	FALSE	FALSE	0	-	-	-	-	-	-
gene_7768	mRNA_7768	OTHER	FALSE	1.000000	0.000000		TRUE	FALSE	1	-	-	-	GH28+GH28	-	-
gene_7769	mRNA_7769	OTHER	FALSE	1.000000	0.000000		FALSE	FALSE	0	-	-	-	-	-	-
gene_7770	mRNA_7770	OTHER	FALSE	1.000000	0.000000		FALSE	FALSE	0	-	-	-	-	-	-
gene_7771	mRNA_7771	OTHER	FALSE	1.000000	0.000020		TRUE	FALSE	1	-	-	-	GH2_19+GH2_19	-	-
gene_7772	mRNA_7772	OTHER	FALSE	1.000000	0.000000		FALSE	FALSE	0	-	-	-	-	-	-
gene_7773	mRNA_7773	OTHER	FALSE	1.000000	0.000000		FALSE	FALSE	0	-	-	-	-	-	-
gene_7774	mRNA_7774	OTHER	FALSE	1.000000	0.000000		FALSE	FALSE	0	-	-	-	-	-	-
gene_7775	mRNA_7775	OTHER	FALSE	1.000000	0.000001		TRUE	FALSE	1	-	-	-	GT0	-	-
gene_7776	mRNA_7776	OTHER	FALSE	1.000000	0.000003		FALSE	FALSE	0	-	-	-	-	-	-
gene_7777	mRNA_7777	OTHER	FALSE	1.000000	0.000000		FALSE	FALSE	0	-	-	-	-	-	-
gene_7778	mRNA_7778	OTHER	FALSE	1.000000	0.000000		FALSE	FALSE	0	-	-	-	-	-	-
gene_7779	mRNA_7779	OTHER	FALSE	1.000000	0.000016		FALSE	FALSE	0	-	-	-	-	-	-
gene_7780	mRNA_7780	OTHER	FALSE	1.000000	0.000000		FALSE	FALSE	0	-	-	-	-	-	-
gene_7781	mRNA_7781	OTHER	FALSE	0.999089	0.000950		FALSE	FALSE	0	-	-	-	-	-	-
gene_7782	mRNA_7782	OTHER	FALSE	1.000000	0.000024		FALSE	FALSE	0	-	-	-	-	-	-
gene_7783	mRNA_7783	OTHER	FALSE	1.000000	0.000001		FALSE	FALSE	0	-	-	-	-	-	-
gene_7784	mRNA_7784	OTHER	FALSE	1.000000	0.000000		FALSE	FALSE	0	-	-	-	-	-	-
gene_7785	mRNA_7785	OTHER	FALSE	0.999083	0.000963		FALSE	FALSE	0	-	-	-	-	-	-
gene_7786	mRNA_7786	SP	TRUE	0.000278	0.999702	CS pos: 18-19. Pr: 0.9797	FALSE	FALSE	0	-	-	-	-	-	-
gene_7787	mRNA_7787	OTHER	FALSE	0.999905	0.000114		FALSE	FALSE	0	-	-	-	-	-	-
gene_7788	mRNA_7788	OTHER	FALSE	1.000000	0.000004		FALSE	FALSE	0	-	-	-	-	-	-
gene_7789	mRNA_7789	OTHER	FALSE	0.999778	0.000235		TRUE	FALSE	1	-	-	-	GH13+GT5	-	-
gene_7790	mRNA_7790	SP	TRUE	0.000226	0.999735	CS pos: 20-21. Pr: 0.9770	FALSE	FALSE	0	-	-	-	-	-	-
gene_7791	mRNA_7791	OTHER	FALSE	1.000000	0.000000		TRUE	FALSE	1	-	-	-	GH92	-	-
gene_7792	mRNA_7792	SP	TRUE	0.241403	0.758586	CS pos: 40-41. Pr: 0.7325	FALSE	FALSE	0	-	-	-	-	-	-
gene_7793	mRNA_7793	SP	TRUE	0.000299	0.999682	CS pos: 18-19. Pr: 0.9816	FALSE	FALSE	0	-	-	-	-	-	-
gene_7794	mRNA_7794	OTHER	FALSE	1.000000	0.000001		FALSE	FALSE	0	-	-	-	-	-	-
gene_7795	mRNA_7795	OTHER	FALSE	1.000000	0.000000		FALSE	FALSE	0	-	-	-	-	-	-
gene_7796	mRNA_7796	OTHER	FALSE	1.000000	0.000000		FALSE	FALSE	0	-	-	-	-	-	-
gene_7797	mRNA_7797	OTHER	FALSE	1.000000	0.000000		FALSE	FALSE	0	-	-	-	-	-	-
gene_7798	mRNA_7798	OTHER	FALSE	1.000000	0.000000		FALSE	FALSE	0	-	-	-	-	-	-
gene_7799	mRNA_7799	OTHER	FALSE	1.000000	0.000000		FALSE	FALSE	0	-	-	-	-	-	-
gene_7800	mRNA_7800	OTHER	FALSE	1.000000	0.000002		FALSE	FALSE	0	-	-	-	-	-	-
gene_7801	mRNA_7801	OTHER	FALSE	1.000000	0.000000		TRUE	FALSE	1	-	-	-	GH64	-	-
gene_7802	mRNA_7802	OTHER	FALSE	1.000000	0.000000		FALSE	FALSE	0	-	-	-	-	-	-
gene_7803	mRNA_7803	OTHER	FALSE	1.000000	0.000000		FALSE	FALSE	0	-	-	-	-	-	-
gene_7804	mRNA_7804	OTHER	FALSE	1.000000	0.000000		FALSE	FALSE	0	-	-	-	-	-	-
gene_7805	mRNA_7805	OTHER	FALSE	1.000000	0.000000		FALSE	FALSE	0	-	-	-	-	-	-
gene_7806	mRNA_7806	OTHER	FALSE	1.000000	0.000000		FALSE	FALSE	0	-	-	-	-	-	-
gene_7807	mRNA_7807	OTHER	FALSE	1.000000	0.000007		FALSE	FALSE	0	-	-	-	-	-	-
gene_7808	mRNA_7808	OTHER	FALSE	1.000000	0.000000		FALSE	FALSE	0	-	-	-	-	-	-
gene_7809	mRNA_7809	OTHER	FALSE	1.000000	0.000000		FALSE	FALSE	0	-	-	-	-	-	-
gene_7810	mRNA_7810	OTHER	FALSE	1.000000	0.000000		FALSE	FALSE	0	-	-	-	-	-	-
gene_7811	mRNA_7811	OTHER	FALSE	0.999990	0.000064		FALSE	FALSE	0	-	-	-	-	-	-
gene_7812	mRNA_7812	OTHER	FALSE	0.999905	0.000134		FALSE	FALSE	0	-	-	-	-	-	-
gene_7813	mRNA_7813	OTHER	FALSE	1.000000	0.000000		FALSE	FALSE	0	-	-	-	-	-	-
gene_7814	mRNA_7814	OTHER	FALSE	1.000000	0.000000		FALSE	FALSE	0	-	-	-	-	-	-
gene_7815	mRNA_7815	OTHER	FALSE	1.000000	0.000000		FALSE	FALSE	0	-	-	-	-	-	-
gene_7816	mRNA_7816	OTHER	FALSE	1.000000	0.000000		FALSE	FALSE	0	-	-	-	-	-	-
gene_7817	mRNA_7817	OTHER	FALSE	1.000000	0.000000		FALSE	FALSE	0	-	-	-	-	-	-
gene_7818	mRNA_7818	OTHER	FALSE	1.000000	0.000000		FALSE	FALSE	0	-	-	-	-	-	-
gene_7819	mRNA_7819	OTHER	FALSE	1.000000	0.000000		FALSE	FALSE	0	-	-	-	-	-	-
gene_7820	mRNA_7820	OTHER	FALSE	0.999501	0.000498		FALSE	FALSE	0	-	-	-	-	-	-
gene_7821	mRNA_7821	OTHER	FALSE	1.000000	0.000000		FALSE	FALSE	0	-	-	-	-	-	-
gene_7822	mRNA_7822	OTHER	FALSE	1.000000	0.000000		FALSE	FALSE	0	-	-	-	-	-	-
gene_7823	mRNA_7823	OTHER	FALSE	1.000000	0.000000		TRUE	FALSE	1	-	-	-	GT8	-	-
gene_7824	mRNA_7824	OTHER	FALSE	1.000000	0.000000		TRUE	TRUE	3	-	GT8(8-290)	GT8_e176(11-289)	GT8	GT8_e176	-
gene_7825	mRNA_7825	OTHER	FALSE	1.000000	0.000000		TRUE	FALSE	1	-	-	-	GT2	-	-
gene_7826	mRNA_7826	OTHER	FALSE	1.000000	0.000021		FALSE	FALSE	0	-	-	-	-	-	-
gene_7827	mRNA_7827	OTHER	FALSE	0.999709	0.000290		FALSE	FALSE	0	-	-	-	-	-	-
gene_7828	mRNA_7828	OTHER	FALSE	0.999866	0.000130		FALSE	FALSE	0	-	-	-	-	-	-
gene_7829	mRNA_7829	OTHER	FALSE	1.000000	0.000022		FALSE	FALSE	0	-	-	-	-	-	-
gene_7830	mRNA_7830	OTHER	FALSE	1.000000	0.000000		FALSE	FALSE	0	-	-	-	-	-	-
gene_7831	mRNA_7831	OTHER	FALSE	1.000000	0.000000		FALSE	FALSE	0	-	-	-	-	-	-
gene_7832	mRNA_7832	OTHER	FALSE	1.000000	0.000005		TRUE	FALSE	1	-	-	-	GH79	-	-
gene_7833	mRNA_7833	OTHER	FALSE	1.000000	0.000044		FALSE	FALSE	0	-	-	-	-	-	-
gene_7834	mRNA_7834	OTHER	FALSE	1.000000	0.000000		FALSE	FALSE	0	-	-	-	-	-	-
gene_7835	mRNA_7835	OTHER	FALSE	1.000000	0.000000		FALSE	FALSE	0	-	-	-	-	-	-
gene_7836	mRNA_7836	OTHER	FALSE	1.000000	0.000005		FALSE	FALSE	0	-	-	-	-	-	-
gene_7837	mRNA_7837	OTHER	FALSE	1.000000	0.000010		FALSE	FALSE	0	-	-	-	-	-	-
gene_7838	mRNA_7838	SP	TRUE	0.000258	0.999735	CS pos: 20-21. Pr: 0.9823	FALSE	FALSE	0	-	-	-	-	-	-
gene_7839	mRNA_7839	OTHER	FALSE	1.000000	0.000000		TRUE	FALSE	1	-	-	-	GH16_4+GH16_4	-	-
gene_7840	mRNA_7840	OTHER	FALSE	1.000000	0.000006		FALSE	FALSE	0	-	-	-	-	-	-
gene_7841	mRNA_7841	OTHER	FALSE	0.999977	0.000024		FALSE	FALSE	0	-	-	-	-	-	-
gene_7842	mRNA_7842	OTHER	FALSE	1.000000	0.000000		FALSE	FALSE	0	-	-	-	-	-	-
gene_7843	mRNA_7843	OTHER	FALSE	1.000000	0.000000		FALSE	FALSE	0	-	-	-	-	-	-
gene_7844	mRNA_7844	OTHER	FALSE	1.000000	0.000018		TRUE	FALSE	1	-	-	-	GH0	-	-
gene_7845	mRNA_7845	OTHER	FALSE	1.000000	0.000000		FALSE	FALSE	0	-	-	-	-	-	-
gene_7846	mRNA_7846	OTHER	FALSE	1.000000	0.000000		FALSE	FALSE	0	-	-	-	-	-	-
gene_7847	mRNA_7847	OTHER	FALSE	1.000000	0.000000		FALSE	FALSE	0	-	-	-	-	-	-
gene_7848	mRNA_7848	OTHER	FALSE	1.000000	0.000000		FALSE	FALSE	0	-	-	-	-	-	-
gene_7849	mRNA_7849	OTHER	FALSE	1.000000	0.000000		FALSE	FALSE	0	-	-	-	-	-	-
gene_7850	mRNA_7850	OTHER	FALSE	1.000000	0.000000		FALSE	FALSE	0	-	-	-	-	-	-
gene_7851	mRNA_7851	OTHER	FALSE	1.000000	0.000000		FALSE	FALSE	0	-	-	-	-	-	-
gene_7852	mRNA_7852	OTHER	FALSE	0.880967	0.119032		FALSE	FALSE	0	-	-	-	-	-	-
gene_7853	mRNA_7853	OTHER	FALSE	1.000000	0.000000		FALSE	FALSE	0	-	-	-	-	-	-
gene_7854	mRNA_7854	OTHER	FALSE	1.000000	0.000001		FALSE	FALSE	0	-	-	-	-	-	-
gene_7855	mRNA_7855	OTHER	FALSE	1.000000	0.000001		FALSE	FALSE	0	-	-	-	-	-	-
gene_7856	mRNA_7856	OTHER	FALSE	1.000000	0.000004		FALSE	FALSE	0	-	-	-	-	-	-
gene_7857	mRNA_7857	OTHER	FALSE	1.000000	0.000000		TRUE	FALSE	1	-	-	-	CE8	-	-
gene_7858	mRNA_7858	OTHER	FALSE	1.000000	0.000000		FALSE	FALSE	0	-	-	-	-	-	-
gene_7859	mRNA_7859	OTHER	FALSE	1.000000	0.000000		FALSE	FALSE	0	-	-	-	-	-	-
gene_7860	mRNA_7860	OTHER	FALSE	0.999907	0.000140		FALSE	FALSE	0	-	-	-	-	-	-
gene_7861	mRNA_7861	OTHER	FALSE	1.000000	0.000007		FALSE	FALSE	0	-	-	-	-	-	-
gene_7862	mRNA_7862	OTHER	FALSE	1.000000	0.000000		FALSE	FALSE	0	-	-	-	-	-	-
gene_7863	mRNA_7863	SP	TRUE	0.000339	0.999633	CS pos: 18-19. Pr: 0.9726	TRUE	FALSE	1	-	-	-	GH0	-	-
gene_7864	mRNA_7864	OTHER	FALSE	1.000000	0.000001		FALSE	FALSE	0	-	-	-	-	-	-
gene_7865	mRNA_7865	OTHER	FALSE	1.000000	0.000006		TRUE	TRUE	3	-	GT62(99-362)	GT62_e2(101-363)	GT62	GT62_e2	-
gene_7866	mRNA_7866	OTHER	FALSE	1.000000	0.000000		FALSE	FALSE	0	-	-	-	-	-	-
gene_7867	mRNA_7867	OTHER	FALSE	1.000000	0.000000		FALSE	FALSE	0	-	-	-	-	-	-
gene_7868	mRNA_7868	OTHER	FALSE	1.000000	0.000000		FALSE	FALSE	0	-	-	-	-	-	-
gene_7869	mRNA_7869	OTHER	FALSE	1.000000	0.000001		FALSE	FALSE	0	-	-	-	-	-	-
gene_7870	mRNA_7870	OTHER	FALSE	1.000000	0.000001		FALSE	FALSE	0	-	-	-	-	-	-
gene_7871	mRNA_7871	OTHER	FALSE	1.000000	0.000000		FALSE	FALSE	0	-	-	-	-	-	-
gene_7872	mRNA_7872	OTHER	FALSE	1.000000	0.000001		TRUE	FALSE	1	-	-	-	GH184	-	-
gene_7873	mRNA_7873	OTHER	FALSE	0.996126	0.003897		FALSE	FALSE	0	-	-	-	-	-	-
gene_7874	mRNA_7874	OTHER	FALSE	1.000000	0.000000		FALSE	FALSE	0	-	-	-	-	-	-
gene_7875	mRNA_7875	OTHER	FALSE	1.000000	0.000000		FALSE	FALSE	0	-	-	-	-	-	-
gene_7876	mRNA_7876	OTHER	FALSE	1.000000	0.000001		FALSE	FALSE	0	-	-	-	-	-	-
gene_7877	mRNA_7877	OTHER	FALSE	0.999765	0.000251		FALSE	FALSE	0	-	-	-	-	-	-
gene_7878	mRNA_7878	OTHER	FALSE	1.000000	0.000000		TRUE	FALSE	1	-	-	-	GH76	-	-
gene_7879	mRNA_7879	OTHER	FALSE	1.000000	0.000000		FALSE	FALSE	0	-	-	-	-	-	-
gene_7880	mRNA_7880	OTHER	FALSE	1.000000	0.000000		FALSE	FALSE	0	-	-	-	-	-	-
gene_7881	mRNA_7881	OTHER	FALSE	1.000000	0.000001		FALSE	FALSE	0	-	-	-	-	-	-
gene_7882	mRNA_7882	SP	TRUE	0.000764	0.999227	CS pos: 25-26. Pr: 0.8694	TRUE	TRUE	3	-	PL1_9(55-242)	PL1_e27(62-242)	PL1	PL1_9	-
gene_7883	mRNA_7883	OTHER	FALSE	1.000000	0.000001		FALSE	FALSE	0	-	-	-	-	-	-
gene_7884	mRNA_7884	OTHER	FALSE	1.000000	0.000007		FALSE	FALSE	0	-	-	-	-	-	-
gene_7885	mRNA_7885	OTHER	FALSE	1.000000	0.000000		FALSE	FALSE	0	-	-	-	-	-	-
gene_7886	mRNA_7886	OTHER	FALSE	1.000000	0.000000		FALSE	FALSE	0	-	-	-	-	-	-
gene_7887	mRNA_7887	OTHER	FALSE	1.000000	0.000003		FALSE	FALSE	0	-	-	-	-	-	-
gene_7888	mRNA_7888	OTHER	FALSE	1.000000	0.000000		FALSE	FALSE	0	-	-	-	-	-	-
gene_7889	mRNA_7889	OTHER	FALSE	0.998709	0.001309		FALSE	FALSE	0	-	-	-	-	-	-
gene_7890	mRNA_7890	OTHER	FALSE	1.000000	0.000002		FALSE	FALSE	0	-	-	-	-	-	-
gene_7891	mRNA_7891	OTHER	FALSE	1.000000	0.000000		FALSE	FALSE	0	-	-	-	-	-	-
gene_7892	mRNA_7892	OTHER	FALSE	1.000000	0.000000		FALSE	FALSE	0	-	-	-	-	-	-
gene_7893	mRNA_7893	OTHER	FALSE	1.000000	0.000001		FALSE	FALSE	0	-	-	-	-	-	-
gene_7894	mRNA_7894	OTHER	FALSE	1.000000	0.000001		FALSE	FALSE	0	-	-	-	-	-	-
gene_7895	mRNA_7895	OTHER	FALSE	1.000000	0.000000		FALSE	FALSE	0	-	-	-	-	-	-
gene_7896	mRNA_7896	SP	TRUE	0.001630	0.998319	CS pos: 24-25. Pr: 0.6679	TRUE	FALSE	1	-	-	-	CBM50+CBM50+CBM50	-	-
gene_7897	mRNA_7897	OTHER	FALSE	1.000000	0.000000		FALSE	FALSE	0	-	-	-	-	-	-
gene_7898	mRNA_7898	OTHER	FALSE	0.999063	0.000969		FALSE	FALSE	0	-	-	-	-	-	-
gene_7899	mRNA_7899	OTHER	FALSE	1.000000	0.000001		TRUE	TRUE	3	-	GH18(5-294)	GH18_e318(1-294)	GH18	GH18_e318	-
gene_7900	mRNA_7900	OTHER	FALSE	1.000000	0.000013		TRUE	FALSE	1	-	-	-	GH18+CBM18	-	-
gene_7901	mRNA_7901	OTHER	FALSE	1.000000	0.000000		TRUE	FALSE	1	-	-	-	GH18+CBM18	-	-
gene_7902	mRNA_7902	SP	TRUE	0.000239	0.999706	CS pos: 18-19. Pr: 0.9758	FALSE	FALSE	0	-	-	-	-	-	-
gene_7903	mRNA_7903	SP	TRUE	0.000691	0.999295	CS pos: 19-20. Pr: 0.9469	FALSE	FALSE	0	-	-	-	-	-	-
gene_7904	mRNA_7904	OTHER	FALSE	1.000000	0.000020		TRUE	FALSE	1	-	-	-	GT3	-	-
gene_7905	mRNA_7905	OTHER	FALSE	1.000000	0.000000		TRUE	FALSE	1	-	-	-	GH78	-	-
gene_7906	mRNA_7906	OTHER	FALSE	1.000000	0.000001		TRUE	FALSE	1	-	-	-	GT48	-	-
gene_7907	mRNA_7907	OTHER	FALSE	1.000000	0.000004		FALSE	FALSE	0	-	-	-	-	-	-
gene_7908	mRNA_7908	OTHER	FALSE	1.000000	0.000000		FALSE	FALSE	0	-	-	-	-	-	-
gene_7909	mRNA_7909	OTHER	FALSE	0.810226	0.189782		FALSE	FALSE	0	-	-	-	-	-	-
gene_7910	mRNA_7910	OTHER	FALSE	1.000000	0.000000		FALSE	FALSE	0	-	-	-	-	-	-
gene_7911	mRNA_7911	OTHER	FALSE	1.000000	0.000025		FALSE	FALSE	0	-	-	-	-	-	-
gene_7912	mRNA_7912	OTHER	FALSE	1.000000	0.000000		FALSE	FALSE	0	-	-	-	-	-	-
gene_7913	mRNA_7913	OTHER	FALSE	1.000000	0.000000		FALSE	FALSE	0	-	-	-	-	-	-
gene_7914	mRNA_7914	OTHER	FALSE	1.000000	0.000000		FALSE	FALSE	0	-	-	-	-	-	-
gene_7915	mRNA_7915	OTHER	FALSE	1.000000	0.000000		FALSE	FALSE	0	-	-	-	-	-	-
gene_7916	mRNA_7916	OTHER	FALSE	1.000000	0.000009		FALSE	FALSE	0	-	-	-	-	-	-
gene_7917	mRNA_7917	OTHER	FALSE	1.000000	0.000000		FALSE	FALSE	0	-	-	-	-	-	-
gene_7918	mRNA_7918	SP	TRUE	0.000332	0.999642	CS pos: 33-34. Pr: 0.9487	TRUE	FALSE	1	-	-	-	GT1	-	-
gene_7919	mRNA_7919	OTHER	FALSE	1.000000	0.000000		FALSE	FALSE	0	-	-	-	-	-	-
gene_7920	mRNA_7920	OTHER	FALSE	1.000000	0.000000		FALSE	FALSE	0	-	-	-	-	-	-
gene_7921	mRNA_7921	OTHER	FALSE	1.000000	0.000004		FALSE	FALSE	0	-	-	-	-	-	-
gene_7922	mRNA_7922	OTHER	FALSE	0.999842	0.000136		FALSE	FALSE	0	-	-	-	-	-	-
gene_7923	mRNA_7923	OTHER	FALSE	1.000000	0.000000		TRUE	FALSE	1	-	-	-	GH1	-	-
gene_7924	mRNA_7924	OTHER	FALSE	1.000000	0.000026		FALSE	FALSE	0	-	-	-	-	-	-
gene_7925	mRNA_7925	OTHER	FALSE	1.000000	0.000000		FALSE	FALSE	0	-	-	-	-	-	-
gene_7926	mRNA_7926	OTHER	FALSE	1.000000	0.000000		FALSE	FALSE	0	-	-	-	-	-	-
gene_7927	mRNA_7927	OTHER	FALSE	0.999714	0.000339		FALSE	FALSE	0	-	-	-	-	-	-
gene_7928	mRNA_7928	OTHER	FALSE	1.000000	0.000000		FALSE	FALSE	0	-	-	-	-	-	-
gene_7929	mRNA_7929	OTHER	FALSE	1.000000	0.000000		FALSE	FALSE	0	-	-	-	-	-	-
gene_7930	mRNA_7930	OTHER	FALSE	1.000000	0.000000		FALSE	FALSE	0	-	-	-	-	-	-
gene_7931	mRNA_7931	OTHER	FALSE	1.000000	0.000002		FALSE	FALSE	0	-	-	-	-	-	-
gene_7932	mRNA_7932	OTHER	FALSE	1.000000	0.000001		FALSE	FALSE	0	-	-	-	-	-	-
gene_7933	mRNA_7933	OTHER	FALSE	1.000000	0.000000		TRUE	FALSE	1	-	-	-	AA1_3+AA1_3	-	-
gene_7934	mRNA_7934	OTHER	FALSE	1.000000	0.000000		FALSE	FALSE	0	-	-	-	-	-	-
gene_7935	mRNA_7935	OTHER	FALSE	1.000000	0.000001		FALSE	FALSE	0	-	-	-	-	-	-
gene_7936	mRNA_7936	OTHER	FALSE	1.000000	0.000000		FALSE	FALSE	0	-	-	-	-	-	-
gene_7937	mRNA_7937	OTHER	FALSE	1.000000	0.000000		FALSE	FALSE	0	-	-	-	-	-	-
gene_7938	mRNA_7938	OTHER	FALSE	1.000000	0.000002		FALSE	FALSE	0	-	-	-	-	-	-
gene_7939	mRNA_7939	OTHER	FALSE	1.000000	0.000000		TRUE	FALSE	1	-	-	-	GH75	-	-
gene_7940	mRNA_7940	OTHER	FALSE	1.000000	0.000000		FALSE	FALSE	0	-	-	-	-	-	-
gene_7941	mRNA_7941	OTHER	FALSE	1.000000	0.000000		FALSE	FALSE	0	-	-	-	-	-	-
gene_7942	mRNA_7942	OTHER	FALSE	1.000000	0.000000		FALSE	FALSE	0	-	-	-	-	-	-
gene_7943	mRNA_7943	OTHER	FALSE	1.000000	0.000000		FALSE	FALSE	0	-	-	-	-	-	-
gene_7944	mRNA_7944	OTHER	FALSE	1.000000	0.000001		FALSE	FALSE	0	-	-	-	-	-	-
gene_7945	mRNA_7945	OTHER	FALSE	0.998804	0.001216		FALSE	FALSE	0	-	-	-	-	-	-
gene_7946	mRNA_7946	OTHER	FALSE	1.000000	0.000000		FALSE	FALSE	0	-	-	-	-	-	-
gene_7947	mRNA_7947	OTHER	FALSE	0.935654	0.064361		FALSE	FALSE	0	-	-	-	-	-	-
gene_7948	mRNA_7948	OTHER	FALSE	0.999818	0.000182		FALSE	FALSE	0	-	-	-	-	-	-
gene_7949	mRNA_7949	OTHER	FALSE	0.999944	0.000076		FALSE	FALSE	0	-	-	-	-	-	-
gene_7950	mRNA_7950	OTHER	FALSE	1.000000	0.000001		FALSE	FALSE	0	-	-	-	-	-	-
gene_7951	mRNA_7951	OTHER	FALSE	1.000000	0.000000		FALSE	FALSE	0	-	-	-	-	-	-
gene_7952	mRNA_7952	SP	TRUE	0.085736	0.914248	CS pos: 22-23. Pr: 0.4644	TRUE	TRUE	2	1.1.3.-:1	AA7(54-508)	AA7_e0(65-232)	-	AA7_e0	xylan
gene_7953	mRNA_7953	OTHER	FALSE	1.000000	0.000041		FALSE	FALSE	0	-	-	-	-	-	-
gene_7954	mRNA_7954	OTHER	FALSE	1.000000	0.000000		FALSE	FALSE	0	-	-	-	-	-	-
gene_7955	mRNA_7955	SP	TRUE	0.000221	0.999782	CS pos: 20-21. Pr: 0.9793	FALSE	FALSE	0	-	-	-	-	-	-
gene_7956	mRNA_7956	OTHER	FALSE	1.000000	0.000000		FALSE	FALSE	0	-	-	-	-	-	-
gene_7957	mRNA_7957	OTHER	FALSE	0.999995	0.000047		TRUE	TRUE	3	-	AA2(115-344)	AA2_e12(106-345)	AA2	AA2_e12	lignin
gene_7958	mRNA_7958	OTHER	FALSE	1.000000	0.000002		FALSE	FALSE	0	-	-	-	-	-	-
gene_7959	mRNA_7959	OTHER	FALSE	1.000000	0.000000		FALSE	FALSE	0	-	-	-	-	-	-
gene_7960	mRNA_7960	OTHER	FALSE	1.000000	0.000000		FALSE	FALSE	0	-	-	-	-	-	-
gene_7961	mRNA_7961	OTHER	FALSE	1.000000	0.000000		FALSE	FALSE	0	-	-	-	-	-	-
gene_7962	mRNA_7962	OTHER	FALSE	1.000000	0.000000		FALSE	FALSE	0	-	-	-	-	-	-
gene_7963	mRNA_7963	OTHER	FALSE	1.000000	0.000010		FALSE	FALSE	0	-	-	-	-	-	-
gene_7964	mRNA_7964	SP	TRUE	0.000285	0.999658	CS pos: 18-19. Pr: 0.9011	FALSE	FALSE	0	-	-	-	-	-	-
gene_7965	mRNA_7965	OTHER	FALSE	1.000000	0.000000		FALSE	FALSE	0	-	-	-	-	-	-
gene_7966	mRNA_7966	OTHER	FALSE	1.000000	0.000000		FALSE	FALSE	0	-	-	-	-	-	-
gene_7967	mRNA_7967	OTHER	FALSE	1.000000	0.000000		FALSE	FALSE	0	-	-	-	-	-	-
gene_7968	mRNA_7968	OTHER	FALSE	0.999893	0.000094		FALSE	FALSE	0	-	-	-	-	-	-
gene_7969	mRNA_7969	OTHER	FALSE	1.000000	0.000000		FALSE	FALSE	0	-	-	-	-	-	-
gene_7970	mRNA_7970	OTHER	FALSE	1.000000	0.000002		FALSE	FALSE	0	-	-	-	-	-	-
gene_7971	mRNA_7971	OTHER	FALSE	1.000000	0.000002		FALSE	FALSE	0	-	-	-	-	-	-
gene_7972	mRNA_7972	OTHER	FALSE	0.999897	0.000162		FALSE	FALSE	0	-	-	-	-	-	-
gene_7973	mRNA_7973	OTHER	FALSE	1.000000	0.000000		FALSE	FALSE	0	-	-	-	-	-	-
gene_7974	mRNA_7974	OTHER	FALSE	1.000000	0.000000		FALSE	FALSE	0	-	-	-	-	-	-
gene_7975	mRNA_7975	OTHER	FALSE	0.987587	0.012425		FALSE	FALSE	0	-	-	-	-	-	-
gene_7976	mRNA_7976	OTHER	FALSE	1.000000	0.000000		TRUE	TRUE	3	3.2.1.39:7	GH16_4(177-503)	GH16_e102(178-504)	GH16_4+GH16_4	GH16_4	beta-glucan
gene_7977	mRNA_7977	OTHER	FALSE	0.998870	0.001174		TRUE	TRUE	3	-	GH128(6-179)	GH128_e8(2-186)	GH128	GH128_e8	beta-glucan
gene_7978	mRNA_7978	OTHER	FALSE	1.000000	0.000000		TRUE	TRUE	2	-	GT2(698-932)	-	GT0	GT2	-
gene_7979	mRNA_7979	SP	TRUE	0.000211	0.999797	CS pos: 21-22. Pr: 0.9755	TRUE	TRUE	3	3.2.1.21:4;3.2.1.-:5	GH3(103-322)	GH3_e147(103-323)	GH3	GH3_e147	beta-glucan;xyloglucan
gene_7980	mRNA_7980	SP	TRUE	0.000204	0.999768	CS pos: 19-20. Pr: 0.9796	TRUE	TRUE	3	4.2.2.10:25	PL1_4(108-291)	PL1_e16(109-292)	PL1_4+PL1_4	PL1_4	pectin
gene_7981	mRNA_7981	OTHER	FALSE	1.000000	0.000003		FALSE	FALSE	0	-	-	-	-	-	-
gene_7982	mRNA_7982	OTHER	FALSE	0.999969	0.000061		FALSE	FALSE	0	-	-	-	-	-	-
gene_7983	mRNA_7983	OTHER	FALSE	1.000000	0.000002		FALSE	FALSE	0	-	-	-	-	-	-
gene_7984	mRNA_7984	SP	TRUE	0.240274	0.759714	CS pos: 31-32. Pr: 0.7253	FALSE	FALSE	0	-	-	-	-	-	-
gene_7985	mRNA_7985	OTHER	FALSE	1.000000	0.000000		FALSE	FALSE	0	-	-	-	-	-	-
gene_7986	mRNA_7986	OTHER	FALSE	1.000000	0.000000		FALSE	FALSE	0	-	-	-	-	-	-
gene_7987	mRNA_7987	OTHER	FALSE	1.000000	0.000002		TRUE	FALSE	1	-	-	-	AA3_1+AA3_1	-	-
gene_7988	mRNA_7988	OTHER	FALSE	1.000000	0.000000		FALSE	FALSE	0	-	-	-	-	-	-
gene_7989	mRNA_7989	OTHER	FALSE	1.000000	0.000000		FALSE	FALSE	0	-	-	-	-	-	-
gene_7990	mRNA_7990	OTHER	FALSE	0.999976	0.000036		FALSE	FALSE	0	-	-	-	-	-	-
gene_7991	mRNA_7991	OTHER	FALSE	1.000000	0.000001		FALSE	FALSE	0	-	-	-	-	-	-
gene_7992	mRNA_7992	OTHER	FALSE	1.000000	0.000002		FALSE	FALSE	0	-	-	-	-	-	-
gene_7993	mRNA_7993	OTHER	FALSE	1.000000	0.000003		TRUE	FALSE	1	-	-	-	AA1_3+AA1_3	-	-
gene_7994	mRNA_7994	OTHER	FALSE	0.982064	0.017950		TRUE	FALSE	1	-	-	-	CE0	-	-
gene_7995	mRNA_7995	OTHER	FALSE	1.000000	0.000000		TRUE	FALSE	1	-	-	-	AA1	-	-
gene_7996	mRNA_7996	OTHER	FALSE	0.999868	0.000166		TRUE	FALSE	1	-	-	-	AA5_2+AA5_2+CBM32	-	-
gene_7997	mRNA_7997	OTHER	FALSE	1.000000	0.000000		FALSE	FALSE	0	-	-	-	-	-	-
gene_7998	mRNA_7998	OTHER	FALSE	1.000000	0.000000		FALSE	FALSE	0	-	-	-	-	-	-
gene_7999	mRNA_7999	OTHER	FALSE	1.000000	0.000000		TRUE	TRUE	2	-	CE4(44-150)	CE4_e119(40-132)	-	CE4_e119	-
gene_8000	mRNA_8000	OTHER	FALSE	1.000000	0.000011		TRUE	FALSE	1	-	-	-	GH18	-	-
gene_8001	mRNA_8001	OTHER	FALSE	1.000000	0.000003		FALSE	FALSE	0	-	-	-	-	-	-
gene_8002	mRNA_8002	OTHER	FALSE	1.000000	0.000003		TRUE	FALSE	1	-	-	-	GH45_1+GH45_1	-	-
gene_8003	mRNA_8003	OTHER	FALSE	0.999844	0.000149		FALSE	FALSE	0	-	-	-	-	-	-
gene_8004	mRNA_8004	OTHER	FALSE	1.000000	0.000000		TRUE	FALSE	1	-	-	-	CE0	-	-
gene_8005	mRNA_8005	OTHER	FALSE	0.927456	0.072555		FALSE	FALSE	0	-	-	-	-	-	-
gene_8006	mRNA_8006	OTHER	FALSE	1.000000	0.000000		FALSE	FALSE	0	-	-	-	-	-	-
gene_8007	mRNA_8007	OTHER	FALSE	1.000000	0.000000		FALSE	FALSE	0	-	-	-	-	-	-
gene_8008	mRNA_8008	OTHER	FALSE	1.000000	0.000000		FALSE	FALSE	0	-	-	-	-	-	-
gene_8009	mRNA_8009	OTHER	FALSE	1.000000	0.000006		FALSE	FALSE	0	-	-	-	-	-	-
gene_8010	mRNA_8010	OTHER	FALSE	1.000000	0.000008		FALSE	FALSE	0	-	-	-	-	-	-
gene_8011	mRNA_8011	OTHER	FALSE	1.000000	0.000000		FALSE	FALSE	0	-	-	-	-	-	-
gene_8012	mRNA_8012	OTHER	FALSE	0.985206	0.014782		FALSE	FALSE	0	-	-	-	-	-	-
gene_8013	mRNA_8013	OTHER	FALSE	1.000000	0.000000		FALSE	FALSE	0	-	-	-	-	-	-
gene_8014	mRNA_8014	SP	TRUE	0.001191	0.998790	CS pos: 17-18. Pr: 0.9536	TRUE	FALSE	1	-	-	-	GT0	-	-
gene_8015	mRNA_8015	OTHER	FALSE	1.000000	0.000001		FALSE	FALSE	0	-	-	-	-	-	-
gene_8016	mRNA_8016	OTHER	FALSE	1.000000	0.000000		FALSE	FALSE	0	-	-	-	-	-	-
gene_8017	mRNA_8017	SP	TRUE	0.002959	0.997002	CS pos: 22-23. Pr: 0.9562	FALSE	FALSE	0	-	-	-	-	-	-
gene_8018	mRNA_8018	OTHER	FALSE	1.000000	0.000001		TRUE	FALSE	1	-	-	-	CE5	-	-
gene_8019	mRNA_8019	OTHER	FALSE	1.000000	0.000000		FALSE	FALSE	0	-	-	-	-	-	-
gene_8020	mRNA_8020	OTHER	FALSE	1.000000	0.000011		FALSE	FALSE	0	-	-	-	-	-	-
gene_8021	mRNA_8021	OTHER	FALSE	1.000000	0.000000		FALSE	FALSE	0	-	-	-	-	-	-
gene_8022	mRNA_8022	OTHER	FALSE	0.954480	0.045546		FALSE	FALSE	0	-	-	-	-	-	-
gene_8023	mRNA_8023	OTHER	FALSE	0.999314	0.000683		FALSE	FALSE	0	-	-	-	-	-	-
gene_8024	mRNA_8024	OTHER	FALSE	1.000000	0.000001		TRUE	FALSE	1	-	-	-	GT90	-	-
gene_8025	mRNA_8025	OTHER	FALSE	1.000000	0.000000		TRUE	FALSE	1	-	-	-	GT8	-	-
gene_8026	mRNA_8026	SP	TRUE	0.000777	0.999161	CS pos: 22-23. Pr: 0.9292	FALSE	FALSE	0	-	-	-	-	-	-
gene_8027	mRNA_8027	OTHER	FALSE	1.000000	0.000000		FALSE	FALSE	0	-	-	-	-	-	-
gene_8028	mRNA_8028	OTHER	FALSE	1.000000	0.000000		FALSE	FALSE	0	-	-	-	-	-	-
gene_8029	mRNA_8029	OTHER	FALSE	1.000000	0.000001		FALSE	FALSE	0	-	-	-	-	-	-
gene_8030	mRNA_8030	OTHER	FALSE	1.000000	0.000000		TRUE	FALSE	1	-	-	-	AA1_3	-	-
gene_8031	mRNA_8031	OTHER	FALSE	1.000000	0.000000		FALSE	FALSE	0	-	-	-	-	-	-
gene_8032	mRNA_8032	OTHER	FALSE	0.904451	0.095570		FALSE	FALSE	0	-	-	-	-	-	-
gene_8033	mRNA_8033	OTHER	FALSE	1.000000	0.000000		FALSE	FALSE	0	-	-	-	-	-	-
gene_8034	mRNA_8034	OTHER	FALSE	1.000000	0.000000		FALSE	FALSE	0	-	-	-	-	-	-
gene_8035	mRNA_8035	OTHER	FALSE	1.000000	0.000000		FALSE	FALSE	0	-	-	-	-	-	-
gene_8036	mRNA_8036	OTHER	FALSE	1.000000	0.000002		FALSE	FALSE	0	-	-	-	-	-	-
gene_8037	mRNA_8037	OTHER	FALSE	0.999995	0.000025		TRUE	FALSE	1	-	-	-	GH43_14+CBM91+GH43_14	-	-
gene_8038	mRNA_8038	OTHER	FALSE	1.000000	0.000000		FALSE	FALSE	0	-	-	-	-	-	-
gene_8039	mRNA_8039	OTHER	FALSE	1.000000	0.000000		FALSE	FALSE	0	-	-	-	-	-	-
gene_8040	mRNA_8040	OTHER	FALSE	1.000000	0.000000		FALSE	FALSE	0	-	-	-	-	-	-
gene_8041	mRNA_8041	OTHER	FALSE	0.999849	0.000152		TRUE	FALSE	1	-	-	-	GT57	-	-
gene_8042	mRNA_8042	OTHER	FALSE	0.999785	0.000255		FALSE	FALSE	0	-	-	-	-	-	-
gene_8043	mRNA_8043	OTHER	FALSE	1.000000	0.000000		TRUE	FALSE	1	-	-	-	PL4_5+PL4_5	-	-
gene_8044	mRNA_8044	OTHER	FALSE	1.000000	0.000012		FALSE	FALSE	0	-	-	-	-	-	-
gene_8045	mRNA_8045	OTHER	FALSE	1.000000	0.000000		FALSE	FALSE	0	-	-	-	-	-	-
gene_8046	mRNA_8046	OTHER	FALSE	1.000000	0.000004		TRUE	TRUE	3	2.4.1.25:2;3.2.1.33:2|2.4.1.25:22;3.2.1.33:21	GH13_25(183-329)+GH13_25(514-732)+GH133(1097-1552)	GH13_e153(182-320)+GH133_e0(1099-1553)	GH13_25+GH133+GH13_25	GH13_25|GH13_25|GH133_e0	alpha-glucan
gene_8047	mRNA_8047	OTHER	FALSE	0.980520	0.019498		FALSE	FALSE	0	-	-	-	-	-	-
gene_8048	mRNA_8048	OTHER	FALSE	1.000000	0.000001		FALSE	FALSE	0	-	-	-	-	-	-
gene_8049	mRNA_8049	SP	TRUE	0.000361	0.999628	CS pos: 20-21. Pr: 0.6766	FALSE	FALSE	0	-	-	-	-	-	-
gene_8050	mRNA_8050	OTHER	FALSE	1.000000	0.000000		FALSE	FALSE	0	-	-	-	-	-	-
gene_8051	mRNA_8051	OTHER	FALSE	0.999678	0.000319		FALSE	FALSE	0	-	-	-	-	-	-
gene_8052	mRNA_8052	OTHER	FALSE	1.000000	0.000000		FALSE	FALSE	0	-	-	-	-	-	-
gene_8053	mRNA_8053	OTHER	FALSE	1.000000	0.000000		FALSE	FALSE	0	-	-	-	-	-	-
gene_8054	mRNA_8054	OTHER	FALSE	0.993323	0.006661		FALSE	FALSE	0	-	-	-	-	-	-
gene_8055	mRNA_8055	OTHER	FALSE	1.000000	0.000017		FALSE	FALSE	0	-	-	-	-	-	-
gene_8056	mRNA_8056	OTHER	FALSE	1.000000	0.000001		FALSE	FALSE	0	-	-	-	-	-	-
gene_8057	mRNA_8057	OTHER	FALSE	0.999962	0.000086		FALSE	FALSE	0	-	-	-	-	-	-
gene_8058	mRNA_8058	OTHER	FALSE	0.998531	0.001473		FALSE	FALSE	0	-	-	-	-	-	-
gene_8059	mRNA_8059	OTHER	FALSE	1.000000	0.000003		FALSE	FALSE	0	-	-	-	-	-	-
gene_8060	mRNA_8060	SP	TRUE	0.002361	0.997591	CS pos: 23-24. Pr: 0.9447	FALSE	FALSE	0	-	-	-	-	-	-
gene_8061	mRNA_8061	OTHER	FALSE	1.000000	0.000000		FALSE	FALSE	0	-	-	-	-	-	-
gene_8062	mRNA_8062	OTHER	FALSE	1.000000	0.000000		FALSE	FALSE	0	-	-	-	-	-	-
gene_8063	mRNA_8063	OTHER	FALSE	1.000000	0.000005		FALSE	FALSE	0	-	-	-	-	-	-
gene_8064	mRNA_8064	OTHER	FALSE	1.000000	0.000000		FALSE	FALSE	0	-	-	-	-	-	-
gene_8065	mRNA_8065	OTHER	FALSE	1.000000	0.000011		TRUE	FALSE	1	-	-	-	AA1_3+AA1_3	-	-
gene_8066	mRNA_8066	OTHER	FALSE	1.000000	0.000000		FALSE	FALSE	0	-	-	-	-	-	-
gene_8067	mRNA_8067	OTHER	FALSE	1.000000	0.000000		FALSE	FALSE	0	-	-	-	-	-	-
gene_8068	mRNA_8068	OTHER	FALSE	1.000000	0.000000		FALSE	FALSE	0	-	-	-	-	-	-
gene_8069	mRNA_8069	OTHER	FALSE	1.000000	0.000000		FALSE	FALSE	0	-	-	-	-	-	-
gene_8070	mRNA_8070	OTHER	FALSE	0.999910	0.000088		FALSE	FALSE	0	-	-	-	-	-	-
gene_8071	mRNA_8071	OTHER	FALSE	1.000000	0.000000		FALSE	FALSE	0	-	-	-	-	-	-
gene_8072	mRNA_8072	OTHER	FALSE	1.000000	0.000000		FALSE	FALSE	0	-	-	-	-	-	-
gene_8073	mRNA_8073	OTHER	FALSE	1.000000	0.000006		FALSE	FALSE	0	-	-	-	-	-	-
gene_8074	mRNA_8074	OTHER	FALSE	1.000000	0.000000		FALSE	FALSE	0	-	-	-	-	-	-
gene_8075	mRNA_8075	OTHER	FALSE	1.000000	0.000000		TRUE	FALSE	1	-	-	-	GT22	-	-
gene_8076	mRNA_8076	OTHER	FALSE	1.000000	0.000000		FALSE	FALSE	0	-	-	-	-	-	-
gene_8077	mRNA_8077	OTHER	FALSE	1.000000	0.000000		FALSE	FALSE	0	-	-	-	-	-	-
gene_8078	mRNA_8078	OTHER	FALSE	1.000000	0.000000		TRUE	FALSE	1	-	-	-	GT3	-	-
gene_8079	mRNA_8079	OTHER	FALSE	1.000000	0.000000		FALSE	FALSE	0	-	-	-	-	-	-
gene_8080	mRNA_8080	OTHER	FALSE	1.000000	0.000016		FALSE	FALSE	0	-	-	-	-	-	-
gene_8081	mRNA_8081	OTHER	FALSE	0.998904	0.001107		FALSE	FALSE	0	-	-	-	-	-	-
gene_8082	mRNA_8082	OTHER	FALSE	1.000000	0.000000		FALSE	FALSE	0	-	-	-	-	-	-
gene_8083	mRNA_8083	OTHER	FALSE	1.000000	0.000002		TRUE	FALSE	1	-	-	-	AA9	-	-
gene_8084	mRNA_8084	OTHER	FALSE	1.000000	0.000000		FALSE	FALSE	0	-	-	-	-	-	-
gene_8085	mRNA_8085	OTHER	FALSE	1.000000	0.000000		FALSE	FALSE	0	-	-	-	-	-	-
gene_8086	mRNA_8086	OTHER	FALSE	0.998898	0.001112		FALSE	FALSE	0	-	-	-	-	-	-
gene_8087	mRNA_8087	OTHER	FALSE	1.000000	0.000000		FALSE	FALSE	0	-	-	-	-	-	-
gene_8088	mRNA_8088	OTHER	FALSE	1.000000	0.000000		FALSE	FALSE	0	-	-	-	-	-	-
gene_8089	mRNA_8089	OTHER	FALSE	1.000000	0.000000		FALSE	FALSE	0	-	-	-	-	-	-
gene_8090	mRNA_8090	OTHER	FALSE	1.000000	0.000000		FALSE	FALSE	0	-	-	-	-	-	-
gene_8091	mRNA_8091	OTHER	FALSE	1.000000	0.000000		FALSE	FALSE	0	-	-	-	-	-	-
gene_8092	mRNA_8092	OTHER	FALSE	1.000000	0.000000		FALSE	FALSE	0	-	-	-	-	-	-
gene_8093	mRNA_8093	OTHER	FALSE	1.000000	0.000000		FALSE	FALSE	0	-	-	-	-	-	-
gene_8094	mRNA_8094	OTHER	FALSE	0.999913	0.000085		FALSE	FALSE	0	-	-	-	-	-	-
gene_8095	mRNA_8095	OTHER	FALSE	0.986992	0.013016		FALSE	FALSE	0	-	-	-	-	-	-
gene_8096	mRNA_8096	OTHER	FALSE	1.000000	0.000003		FALSE	FALSE	0	-	-	-	-	-	-
gene_8097	mRNA_8097	OTHER	FALSE	1.000000	0.000000		FALSE	FALSE	0	-	-	-	-	-	-
gene_8098	mRNA_8098	OTHER	FALSE	0.999500	0.000536		FALSE	FALSE	0	-	-	-	-	-	-
gene_8099	mRNA_8099	OTHER	FALSE	1.000000	0.000000		FALSE	FALSE	0	-	-	-	-	-	-
gene_8100	mRNA_8100	OTHER	FALSE	1.000000	0.000001		FALSE	FALSE	0	-	-	-	-	-	-
gene_8101	mRNA_8101	OTHER	FALSE	1.000000	0.000000		FALSE	FALSE	0	-	-	-	-	-	-
gene_8102	mRNA_8102	OTHER	FALSE	0.999367	0.000638		FALSE	FALSE	0	-	-	-	-	-	-
gene_8103	mRNA_8103	OTHER	FALSE	1.000000	0.000004		FALSE	FALSE	0	-	-	-	-	-	-
gene_8104	mRNA_8104	OTHER	FALSE	1.000000	0.000001		FALSE	FALSE	0	-	-	-	-	-	-
gene_8105	mRNA_8105	OTHER	FALSE	1.000000	0.000000		FALSE	FALSE	0	-	-	-	-	-	-
gene_8106	mRNA_8106	OTHER	FALSE	1.000000	0.000000		FALSE	FALSE	0	-	-	-	-	-	-
gene_8107	mRNA_8107	OTHER	FALSE	1.000000	0.000000		FALSE	FALSE	0	-	-	-	-	-	-
gene_8108	mRNA_8108	OTHER	FALSE	1.000000	0.000000		TRUE	FALSE	1	-	-	-	GH85	-	-
gene_8109	mRNA_8109	OTHER	FALSE	1.000000	0.000000		FALSE	FALSE	0	-	-	-	-	-	-
gene_8110	mRNA_8110	OTHER	FALSE	1.000000	0.000000		FALSE	FALSE	0	-	-	-	-	-	-
gene_8111	mRNA_8111	OTHER	FALSE	1.000000	0.000037		FALSE	FALSE	0	-	-	-	-	-	-
gene_8112	mRNA_8112	OTHER	FALSE	0.999941	0.000040		FALSE	FALSE	0	-	-	-	-	-	-
gene_8113	mRNA_8113	OTHER	FALSE	1.000000	0.000000		TRUE	FALSE	1	-	-	-	GT98	-	-
gene_8114	mRNA_8114	OTHER	FALSE	1.000000	0.000011		FALSE	FALSE	0	-	-	-	-	-	-
gene_8115	mRNA_8115	OTHER	FALSE	1.000000	0.000000		FALSE	FALSE	0	-	-	-	-	-	-
gene_8116	mRNA_8116	SP	TRUE	0.195962	0.804018	CS pos: 36-37. Pr: 0.7499	FALSE	FALSE	0	-	-	-	-	-	-
gene_8117	mRNA_8117	OTHER	FALSE	1.000000	0.000000		FALSE	FALSE	0	-	-	-	-	-	-
gene_8118	mRNA_8118	OTHER	FALSE	1.000000	0.000000		FALSE	FALSE	0	-	-	-	-	-	-
gene_8119	mRNA_8119	OTHER	FALSE	1.000000	0.000000		FALSE	FALSE	0	-	-	-	-	-	-
gene_8120	mRNA_8120	OTHER	FALSE	1.000000	0.000007		FALSE	FALSE	0	-	-	-	-	-	-
gene_8121	mRNA_8121	OTHER	FALSE	1.000000	0.000000		TRUE	FALSE	1	-	-	-	GH0	-	-
gene_8122	mRNA_8122	OTHER	FALSE	1.000000	0.000000		FALSE	FALSE	0	-	-	-	-	-	-
gene_8123	mRNA_8123	OTHER	FALSE	1.000000	0.000002		FALSE	FALSE	0	-	-	-	-	-	-
gene_8124	mRNA_8124	OTHER	FALSE	1.000000	0.000000		FALSE	FALSE	0	-	-	-	-	-	-
gene_8125	mRNA_8125	OTHER	FALSE	1.000000	0.000000		FALSE	FALSE	0	-	-	-	-	-	-
gene_8126	mRNA_8126	OTHER	FALSE	1.000000	0.000057		FALSE	FALSE	0	-	-	-	-	-	-
gene_8127	mRNA_8127	OTHER	FALSE	1.000000	0.000000		FALSE	FALSE	0	-	-	-	-	-	-
gene_8128	mRNA_8128	OTHER	FALSE	0.999764	0.000281		FALSE	FALSE	0	-	-	-	-	-	-
gene_8129	mRNA_8129	OTHER	FALSE	1.000000	0.000022		FALSE	FALSE	0	-	-	-	-	-	-
gene_8130	mRNA_8130	OTHER	FALSE	1.000000	0.000000		FALSE	FALSE	0	-	-	-	-	-	-
gene_8131	mRNA_8131	OTHER	FALSE	1.000000	0.000000		FALSE	FALSE	0	-	-	-	-	-	-
gene_8132	mRNA_8132	OTHER	FALSE	1.000000	0.000000		FALSE	FALSE	0	-	-	-	-	-	-
gene_8133	mRNA_8133	OTHER	FALSE	1.000000	0.000001		FALSE	FALSE	0	-	-	-	-	-	-
gene_8134	mRNA_8134	OTHER	FALSE	1.000000	0.000000		FALSE	FALSE	0	-	-	-	-	-	-
gene_8135	mRNA_8135	OTHER	FALSE	1.000000	0.000003		FALSE	FALSE	0	-	-	-	-	-	-
gene_8136	mRNA_8136	OTHER	FALSE	1.000000	0.000001		FALSE	FALSE	0	-	-	-	-	-	-
gene_8137	mRNA_8137	OTHER	FALSE	1.000000	0.000000		FALSE	FALSE	0	-	-	-	-	-	-
gene_8138	mRNA_8138	OTHER	FALSE	1.000000	0.000000		FALSE	FALSE	0	-	-	-	-	-	-
gene_8139	mRNA_8139	SP	TRUE	0.000271	0.999713	CS pos: 15-16. Pr: 0.9623	FALSE	FALSE	0	-	-	-	-	-	-
gene_8140	mRNA_8140	OTHER	FALSE	1.000000	0.000000		TRUE	FALSE	1	-	-	-	GH78	-	-
gene_8141	mRNA_8141	OTHER	FALSE	1.000000	0.000001		FALSE	FALSE	0	-	-	-	-	-	-
gene_8142	mRNA_8142	OTHER	FALSE	1.000000	0.000004		FALSE	FALSE	0	-	-	-	-	-	-
gene_8143	mRNA_8143	OTHER	FALSE	0.999054	0.001000		FALSE	FALSE	0	-	-	-	-	-	-
gene_8144	mRNA_8144	SP	TRUE	0.250836	0.749129	CS pos: 16-17. Pr: 0.6447	FALSE	FALSE	0	-	-	-	-	-	-
gene_8145	mRNA_8145	OTHER	FALSE	1.000000	0.000000		FALSE	FALSE	0	-	-	-	-	-	-
gene_8146	mRNA_8146	SP	TRUE	0.000655	0.999347	CS pos: 23-24. Pr: 0.9778	FALSE	FALSE	0	-	-	-	-	-	-
gene_8147	mRNA_8147	OTHER	FALSE	1.000000	0.000000		FALSE	FALSE	0	-	-	-	-	-	-
gene_8148	mRNA_8148	OTHER	FALSE	0.999880	0.000155		FALSE	FALSE	0	-	-	-	-	-	-
gene_8149	mRNA_8149	OTHER	FALSE	1.000000	0.000000		FALSE	FALSE	0	-	-	-	-	-	-
gene_8150	mRNA_8150	OTHER	FALSE	1.000000	0.000000		TRUE	FALSE	1	-	-	-	GH43_30	-	-
gene_8151	mRNA_8151	OTHER	FALSE	1.000000	0.000000		FALSE	FALSE	0	-	-	-	-	-	-
gene_8152	mRNA_8152	OTHER	FALSE	1.000000	0.000001		FALSE	FALSE	0	-	-	-	-	-	-
gene_8153	mRNA_8153	OTHER	FALSE	1.000000	0.000000		FALSE	FALSE	0	-	-	-	-	-	-
gene_8154	mRNA_8154	OTHER	FALSE	1.000000	0.000001		FALSE	FALSE	0	-	-	-	-	-	-
gene_8155	mRNA_8155	OTHER	FALSE	1.000000	0.000000		FALSE	FALSE	0	-	-	-	-	-	-
gene_8156	mRNA_8156	SP	TRUE	0.000208	0.999771	CS pos: 26-27. Pr: 0.9785	FALSE	FALSE	0	-	-	-	-	-	-
gene_8157	mRNA_8157	OTHER	FALSE	1.000000	0.000004		FALSE	FALSE	0	-	-	-	-	-	-
gene_8158	mRNA_8158	OTHER	FALSE	0.999983	0.000056		FALSE	FALSE	0	-	-	-	-	-	-
gene_8159	mRNA_8159	SP	TRUE	0.000302	0.999654	CS pos: 17-18. Pr: 0.9732	FALSE	FALSE	0	-	-	-	-	-	-
gene_8160	mRNA_8160	OTHER	FALSE	1.000000	0.000002		FALSE	FALSE	0	-	-	-	-	-	-
gene_8161	mRNA_8161	OTHER	FALSE	1.000000	0.000000		FALSE	FALSE	0	-	-	-	-	-	-
gene_8162	mRNA_8162	OTHER	FALSE	1.000000	0.000005		FALSE	FALSE	0	-	-	-	-	-	-
gene_8163	mRNA_8163	OTHER	FALSE	1.000000	0.000001		FALSE	FALSE	0	-	-	-	-	-	-
gene_8164	mRNA_8164	SP	TRUE	0.000278	0.999722	CS pos: 16-17. Pr: 0.9758	FALSE	FALSE	0	-	-	-	-	-	-
gene_8165	mRNA_8165	OTHER	FALSE	1.000000	0.000000		FALSE	FALSE	0	-	-	-	-	-	-
gene_8166	mRNA_8166	OTHER	FALSE	1.000000	0.000000		TRUE	FALSE	1	-	-	-	GT4	-	-
gene_8167	mRNA_8167	OTHER	FALSE	1.000000	0.000000		FALSE	FALSE	0	-	-	-	-	-	-
gene_8168	mRNA_8168	OTHER	FALSE	1.000000	0.000000		FALSE	FALSE	0	-	-	-	-	-	-
gene_8169	mRNA_8169	OTHER	FALSE	1.000000	0.000000		FALSE	FALSE	0	-	-	-	-	-	-
gene_8170	mRNA_8170	OTHER	FALSE	1.000000	0.000000		FALSE	FALSE	0	-	-	-	-	-	-
gene_8171	mRNA_8171	OTHER	FALSE	1.000000	0.000001		TRUE	FALSE	1	-	-	-	GH28	-	-
gene_8172	mRNA_8172	OTHER	FALSE	1.000000	0.000000		FALSE	FALSE	0	-	-	-	-	-	-
gene_8173	mRNA_8173	OTHER	FALSE	1.000000	0.000000		FALSE	FALSE	0	-	-	-	-	-	-
gene_8174	mRNA_8174	OTHER	FALSE	1.000000	0.000000		FALSE	FALSE	0	-	-	-	-	-	-
gene_8175	mRNA_8175	OTHER	FALSE	1.000000	0.000000		FALSE	FALSE	0	-	-	-	-	-	-
gene_8176	mRNA_8176	OTHER	FALSE	1.000000	0.000000		FALSE	FALSE	0	-	-	-	-	-	-
gene_8177	mRNA_8177	OTHER	FALSE	1.000000	0.000001		FALSE	FALSE	0	-	-	-	-	-	-
gene_8178	mRNA_8178	OTHER	FALSE	0.999955	0.000045		FALSE	FALSE	0	-	-	-	-	-	-
gene_8179	mRNA_8179	OTHER	FALSE	1.000000	0.000000		FALSE	FALSE	0	-	-	-	-	-	-
gene_8180	mRNA_8180	OTHER	FALSE	1.000000	0.000001		FALSE	FALSE	0	-	-	-	-	-	-
gene_8181	mRNA_8181	OTHER	FALSE	1.000000	0.000000		FALSE	FALSE	0	-	-	-	-	-	-
gene_8182	mRNA_8182	OTHER	FALSE	0.999410	0.000597		FALSE	FALSE	0	-	-	-	-	-	-
gene_8183	mRNA_8183	OTHER	FALSE	1.000000	0.000001		FALSE	FALSE	0	-	-	-	-	-	-
gene_8184	mRNA_8184	OTHER	FALSE	1.000000	0.000003		TRUE	FALSE	1	-	-	-	GT1	-	-
gene_8185	mRNA_8185	OTHER	FALSE	1.000000	0.000002		FALSE	FALSE	0	-	-	-	-	-	-
gene_8186	mRNA_8186	OTHER	FALSE	1.000000	0.000001		FALSE	FALSE	0	-	-	-	-	-	-
gene_8187	mRNA_8187	SP	TRUE	0.000353	0.999627	CS pos: 20-21. Pr: 0.9748	FALSE	FALSE	0	-	-	-	-	-	-
gene_8188	mRNA_8188	OTHER	FALSE	1.000000	0.000015		FALSE	FALSE	0	-	-	-	-	-	-
gene_8189	mRNA_8189	SP	TRUE	0.008906	0.991069	CS pos: 35-36. Pr: 0.9537	FALSE	FALSE	0	-	-	-	-	-	-
gene_8190	mRNA_8190	OTHER	FALSE	1.000000	0.000026		FALSE	FALSE	0	-	-	-	-	-	-
gene_8191	mRNA_8191	OTHER	FALSE	1.000000	0.000000		FALSE	FALSE	0	-	-	-	-	-	-
gene_8192	mRNA_8192	OTHER	FALSE	1.000000	0.000003		FALSE	FALSE	0	-	-	-	-	-	-
gene_8193	mRNA_8193	OTHER	FALSE	0.999993	0.000002		FALSE	FALSE	0	-	-	-	-	-	-
gene_8194	mRNA_8194	OTHER	FALSE	1.000000	0.000000		FALSE	FALSE	0	-	-	-	-	-	-
gene_8195	mRNA_8195	OTHER	FALSE	1.000000	0.000003		FALSE	FALSE	0	-	-	-	-	-	-
gene_8196	mRNA_8196	OTHER	FALSE	1.000000	0.000000		FALSE	FALSE	0	-	-	-	-	-	-
gene_8197	mRNA_8197	OTHER	FALSE	1.000000	0.000045		FALSE	FALSE	0	-	-	-	-	-	-
gene_8198	mRNA_8198	OTHER	FALSE	1.000000	0.000000		FALSE	FALSE	0	-	-	-	-	-	-
gene_8199	mRNA_8199	OTHER	FALSE	1.000000	0.000000		FALSE	FALSE	0	-	-	-	-	-	-
gene_8200	mRNA_8200	OTHER	FALSE	1.000000	0.000000		FALSE	FALSE	0	-	-	-	-	-	-
gene_8201	mRNA_8201	OTHER	FALSE	0.999985	0.000025		FALSE	FALSE	0	-	-	-	-	-	-
gene_8202	mRNA_8202	OTHER	FALSE	1.000000	0.000000		FALSE	FALSE	0	-	-	-	-	-	-
gene_8203	mRNA_8203	OTHER	FALSE	1.000000	0.000003		FALSE	FALSE	0	-	-	-	-	-	-
gene_8204	mRNA_8204	OTHER	FALSE	1.000000	0.000000		FALSE	FALSE	0	-	-	-	-	-	-
gene_8205	mRNA_8205	OTHER	FALSE	1.000000	0.000000		FALSE	FALSE	0	-	-	-	-	-	-
gene_8206	mRNA_8206	OTHER	FALSE	1.000000	0.000000		FALSE	FALSE	0	-	-	-	-	-	-
gene_8207	mRNA_8207	OTHER	FALSE	1.000000	0.000002		TRUE	FALSE	1	-	-	-	GH79	-	-
gene_8208	mRNA_8208	OTHER	FALSE	1.000000	0.000000		FALSE	FALSE	0	-	-	-	-	-	-
gene_8209	mRNA_8209	OTHER	FALSE	0.999955	0.000072		FALSE	FALSE	0	-	-	-	-	-	-
gene_8210	mRNA_8210	OTHER	FALSE	1.000000	0.000035		TRUE	FALSE	1	-	-	-	PL4_3	-	-
gene_8211	mRNA_8211	OTHER	FALSE	1.000000	0.000000		FALSE	FALSE	0	-	-	-	-	-	-
gene_8212	mRNA_8212	SP	TRUE	0.000222	0.999741	CS pos: 28-29. Pr: 0.7034	FALSE	FALSE	0	-	-	-	-	-	-
gene_8213	mRNA_8213	OTHER	FALSE	1.000000	0.000000		FALSE	FALSE	0	-	-	-	-	-	-
gene_8214	mRNA_8214	OTHER	FALSE	0.999956	0.000056		FALSE	FALSE	0	-	-	-	-	-	-
gene_8215	mRNA_8215	OTHER	FALSE	1.000000	0.000000		FALSE	FALSE	0	-	-	-	-	-	-
gene_8216	mRNA_8216	OTHER	FALSE	1.000000	0.000002		FALSE	FALSE	0	-	-	-	-	-	-
gene_8217	mRNA_8217	OTHER	FALSE	1.000000	0.000000		FALSE	FALSE	0	-	-	-	-	-	-
gene_8218	mRNA_8218	OTHER	FALSE	0.999969	0.000047		FALSE	FALSE	0	-	-	-	-	-	-
gene_8219	mRNA_8219	OTHER	FALSE	1.000000	0.000000		TRUE	FALSE	1	-	-	-	GH76	-	-
gene_8220	mRNA_8220	OTHER	FALSE	0.905692	0.094330		TRUE	TRUE	3	-	GH76(30-393)	GH76_e17(29-396)	GH76	GH76_e17	-
gene_8221	mRNA_8221	OTHER	FALSE	1.000000	0.000001		TRUE	FALSE	1	-	-	-	CBM18	-	-
gene_8222	mRNA_8222	OTHER	FALSE	1.000000	0.000000		FALSE	FALSE	0	-	-	-	-	-	-
gene_8223	mRNA_8223	OTHER	FALSE	1.000000	0.000000		FALSE	FALSE	0	-	-	-	-	-	-
gene_8224	mRNA_8224	OTHER	FALSE	1.000000	0.000007		TRUE	FALSE	1	-	-	-	GH47	-	-
gene_8225	mRNA_8225	OTHER	FALSE	1.000000	0.000000		FALSE	FALSE	0	-	-	-	-	-	-
gene_8226	mRNA_8226	SP	TRUE	0.000248	0.999753	CS pos: 21-22. Pr: 0.9761	FALSE	FALSE	0	-	-	-	-	-	-
gene_8227	mRNA_8227	OTHER	FALSE	1.000000	0.000000		TRUE	FALSE	1	-	-	-	GH3	-	-
gene_8228	mRNA_8228	OTHER	FALSE	1.000000	0.000011		FALSE	FALSE	0	-	-	-	-	-	-
gene_8229	mRNA_8229	OTHER	FALSE	1.000000	0.000001		TRUE	FALSE	1	-	-	-	AA3_2+AA3_2	-	-
gene_8230	mRNA_8230	OTHER	FALSE	1.000000	0.000000		TRUE	FALSE	1	-	-	-	GT4	-	-
gene_8231	mRNA_8231	OTHER	FALSE	1.000000	0.000001		FALSE	FALSE	0	-	-	-	-	-	-
gene_8232	mRNA_8232	OTHER	FALSE	1.000000	0.000007		FALSE	FALSE	0	-	-	-	-	-	-
gene_8233	mRNA_8233	OTHER	FALSE	1.000000	0.000000		FALSE	FALSE	0	-	-	-	-	-	-
gene_8234	mRNA_8234	OTHER	FALSE	1.000000	0.000001		FALSE	FALSE	0	-	-	-	-	-	-
gene_8235	mRNA_8235	OTHER	FALSE	0.999910	0.000101		TRUE	FALSE	1	-	-	-	GT31	-	-
gene_8236	mRNA_8236	OTHER	FALSE	1.000000	0.000001		FALSE	FALSE	0	-	-	-	-	-	-
gene_8237	mRNA_8237	SP	TRUE	0.000318	0.999683	CS pos: 19-20. Pr: 0.9759	FALSE	FALSE	0	-	-	-	-	-	-
gene_8238	mRNA_8238	OTHER	FALSE	1.000000	0.000000		FALSE	FALSE	0	-	-	-	-	-	-
gene_8239	mRNA_8239	OTHER	FALSE	1.000000	0.000000		FALSE	FALSE	0	-	-	-	-	-	-
gene_8240	mRNA_8240	OTHER	FALSE	1.000000	0.000000		FALSE	FALSE	0	-	-	-	-	-	-
gene_8241	mRNA_8241	OTHER	FALSE	1.000000	0.000000		FALSE	FALSE	0	-	-	-	-	-	-
gene_8242	mRNA_8242	OTHER	FALSE	1.000000	0.000025		FALSE	FALSE	0	-	-	-	-	-	-
gene_8243	mRNA_8243	OTHER	FALSE	1.000000	0.000000		FALSE	FALSE	0	-	-	-	-	-	-
gene_8244	mRNA_8244	OTHER	FALSE	1.000000	0.000000		TRUE	FALSE	1	-	-	-	GH5_5+GH5_5	-	-
gene_8245	mRNA_8245	OTHER	FALSE	1.000000	0.000000		TRUE	TRUE	3	-	GT2(255-542)	GT2(256-543)	GT2	GT2	-
gene_8246	mRNA_8246	OTHER	FALSE	1.000000	0.000000		TRUE	FALSE	1	-	-	-	GT2	-	-
gene_8247	mRNA_8247	OTHER	FALSE	1.000000	0.000000		FALSE	FALSE	0	-	-	-	-	-	-
gene_8248	mRNA_8248	OTHER	FALSE	1.000000	0.000000		TRUE	FALSE	1	-	-	-	GT2	-	-
gene_8249	mRNA_8249	OTHER	FALSE	1.000000	0.000000		TRUE	FALSE	1	-	-	-	GT2	-	-
gene_8250	mRNA_8250	OTHER	FALSE	1.000000	0.000003		FALSE	FALSE	0	-	-	-	-	-	-
gene_8251	mRNA_8251	OTHER	FALSE	1.000000	0.000000		FALSE	FALSE	0	-	-	-	-	-	-
gene_8252	mRNA_8252	OTHER	FALSE	1.000000	0.000000		FALSE	FALSE	0	-	-	-	-	-	-
gene_8253	mRNA_8253	OTHER	FALSE	1.000000	0.000000		FALSE	FALSE	0	-	-	-	-	-	-
gene_8254	mRNA_8254	OTHER	FALSE	1.000000	0.000000		FALSE	FALSE	0	-	-	-	-	-	-
gene_8255	mRNA_8255	OTHER	FALSE	1.000000	0.000001		FALSE	FALSE	0	-	-	-	-	-	-
gene_8256	mRNA_8256	OTHER	FALSE	1.000000	0.000000		TRUE	FALSE	1	-	-	-	GT35	-	-
gene_8257	mRNA_8257	OTHER	FALSE	1.000000	0.000000		FALSE	FALSE	0	-	-	-	-	-	-
gene_8258	mRNA_8258	OTHER	FALSE	1.000000	0.000000		FALSE	FALSE	0	-	-	-	-	-	-
gene_8259	mRNA_8259	OTHER	FALSE	1.000000	0.000000		FALSE	FALSE	0	-	-	-	-	-	-
gene_8260	mRNA_8260	OTHER	FALSE	0.599033	0.400958		FALSE	FALSE	0	-	-	-	-	-	-
gene_8261	mRNA_8261	OTHER	FALSE	1.000000	0.000000		FALSE	FALSE	0	-	-	-	-	-	-
gene_8262	mRNA_8262	OTHER	FALSE	1.000000	0.000016		FALSE	FALSE	0	-	-	-	-	-	-
gene_8263	mRNA_8263	OTHER	FALSE	1.000000	0.000000		FALSE	FALSE	0	-	-	-	-	-	-
gene_8264	mRNA_8264	OTHER	FALSE	1.000000	0.000000		FALSE	FALSE	0	-	-	-	-	-	-
gene_8265	mRNA_8265	OTHER	FALSE	1.000000	0.000000		FALSE	FALSE	0	-	-	-	-	-	-
gene_8266	mRNA_8266	OTHER	FALSE	0.999996	0.000016		FALSE	FALSE	0	-	-	-	-	-	-
gene_8267	mRNA_8267	OTHER	FALSE	1.000000	0.000001		FALSE	FALSE	0	-	-	-	-	-	-
gene_8268	mRNA_8268	OTHER	FALSE	1.000000	0.000000		FALSE	FALSE	0	-	-	-	-	-	-
gene_8269	mRNA_8269	OTHER	FALSE	1.000000	0.000002		TRUE	FALSE	1	-	-	-	GH47	-	-
gene_8270	mRNA_8270	OTHER	FALSE	1.000000	0.000000		FALSE	FALSE	0	-	-	-	-	-	-
gene_8271	mRNA_8271	OTHER	FALSE	0.999902	0.000145		FALSE	FALSE	0	-	-	-	-	-	-
gene_8272	mRNA_8272	OTHER	FALSE	1.000000	0.000000		FALSE	FALSE	0	-	-	-	-	-	-
gene_8273	mRNA_8273	OTHER	FALSE	1.000000	0.000000		FALSE	FALSE	0	-	-	-	-	-	-
gene_8274	mRNA_8274	OTHER	FALSE	1.000000	0.000000		FALSE	FALSE	0	-	-	-	-	-	-
gene_8275	mRNA_8275	OTHER	FALSE	0.999980	0.000033		FALSE	FALSE	0	-	-	-	-	-	-
gene_8276	mRNA_8276	OTHER	FALSE	0.999471	0.000513		FALSE	FALSE	0	-	-	-	-	-	-
gene_8277	mRNA_8277	OTHER	FALSE	1.000000	0.000000		FALSE	FALSE	0	-	-	-	-	-	-
gene_8278	mRNA_8278	OTHER	FALSE	0.999964	0.000036		FALSE	FALSE	0	-	-	-	-	-	-
gene_8279	mRNA_8279	OTHER	FALSE	1.000000	0.000000		FALSE	FALSE	0	-	-	-	-	-	-
gene_8280	mRNA_8280	OTHER	FALSE	1.000000	0.000000		FALSE	FALSE	0	-	-	-	-	-	-
gene_8281	mRNA_8281	OTHER	FALSE	1.000000	0.000000		FALSE	FALSE	0	-	-	-	-	-	-
gene_8282	mRNA_8282	OTHER	FALSE	0.999494	0.000505		FALSE	FALSE	0	-	-	-	-	-	-
gene_8283	mRNA_8283	OTHER	FALSE	1.000000	0.000001		FALSE	FALSE	0	-	-	-	-	-	-
gene_8284	mRNA_8284	OTHER	FALSE	0.996884	0.003156		FALSE	FALSE	0	-	-	-	-	-	-
gene_8285	mRNA_8285	OTHER	FALSE	1.000000	0.000000		FALSE	FALSE	0	-	-	-	-	-	-
gene_8286	mRNA_8286	OTHER	FALSE	1.000000	0.000000		FALSE	FALSE	0	-	-	-	-	-	-
gene_8287	mRNA_8287	OTHER	FALSE	1.000000	0.000009		TRUE	FALSE	1	-	-	-	CBM50+CBM18	-	-
gene_8288	mRNA_8288	OTHER	FALSE	0.999961	0.000036		FALSE	FALSE	0	-	-	-	-	-	-
gene_8289	mRNA_8289	OTHER	FALSE	1.000000	0.000000		TRUE	FALSE	1	-	-	-	GH3	-	-
gene_8290	mRNA_8290	OTHER	FALSE	1.000000	0.000000		FALSE	FALSE	0	-	-	-	-	-	-
gene_8291	mRNA_8291	OTHER	FALSE	1.000000	0.000023		FALSE	FALSE	0	-	-	-	-	-	-
gene_8292	mRNA_8292	OTHER	FALSE	0.999749	0.000288		FALSE	FALSE	0	-	-	-	-	-	-
gene_8293	mRNA_8293	OTHER	FALSE	1.000000	0.000000		FALSE	FALSE	0	-	-	-	-	-	-
gene_8294	mRNA_8294	OTHER	FALSE	1.000000	0.000000		FALSE	FALSE	0	-	-	-	-	-	-
gene_8295	mRNA_8295	OTHER	FALSE	0.999979	0.000000		FALSE	FALSE	0	-	-	-	-	-	-
gene_8296	mRNA_8296	OTHER	FALSE	1.000000	0.000000		FALSE	FALSE	0	-	-	-	-	-	-
gene_8297	mRNA_8297	OTHER	FALSE	1.000000	0.000000		FALSE	FALSE	0	-	-	-	-	-	-
gene_8298	mRNA_8298	OTHER	FALSE	1.000000	0.000000		FALSE	FALSE	0	-	-	-	-	-	-
gene_8299	mRNA_8299	OTHER	FALSE	1.000000	0.000000		FALSE	FALSE	0	-	-	-	-	-	-
gene_8300	mRNA_8300	OTHER	FALSE	1.000000	0.000000		TRUE	FALSE	1	-	-	-	GH16_19+GH16_19+CBM18	-	-
gene_8301	mRNA_8301	SP	TRUE	0.000368	0.999607	CS pos: 28-29. Pr: 0.8455	TRUE	TRUE	3	2.4.1.-:29	GT24(1211-1458)	GT24_e1(1212-1459)	GT24	GT24_e1	-
gene_8302	mRNA_8302	OTHER	FALSE	1.000000	0.000001		TRUE	FALSE	1	-	-	-	GT24	-	-
gene_8303	mRNA_8303	OTHER	FALSE	1.000000	0.000000		FALSE	FALSE	0	-	-	-	-	-	-
gene_8304	mRNA_8304	OTHER	FALSE	1.000000	0.000000		FALSE	FALSE	0	-	-	-	-	-	-
gene_8305	mRNA_8305	OTHER	FALSE	0.981845	0.018194		FALSE	FALSE	0	-	-	-	-	-	-
gene_8306	mRNA_8306	OTHER	FALSE	1.000000	0.000011		FALSE	FALSE	0	-	-	-	-	-	-
gene_8307	mRNA_8307	OTHER	FALSE	1.000000	0.000000		FALSE	FALSE	0	-	-	-	-	-	-
gene_8308	mRNA_8308	OTHER	FALSE	1.000000	0.000000		FALSE	FALSE	0	-	-	-	-	-	-
gene_8309	mRNA_8309	OTHER	FALSE	1.000000	0.000000		FALSE	FALSE	0	-	-	-	-	-	-
gene_8310	mRNA_8310	OTHER	FALSE	0.868767	0.131217		FALSE	FALSE	0	-	-	-	-	-	-
gene_8311	mRNA_8311	OTHER	FALSE	1.000000	0.000000		FALSE	FALSE	0	-	-	-	-	-	-
gene_8312	mRNA_8312	OTHER	FALSE	1.000000	0.000001		FALSE	FALSE	0	-	-	-	-	-	-
gene_8313	mRNA_8313	OTHER	FALSE	1.000000	0.000001		FALSE	FALSE	0	-	-	-	-	-	-
gene_8314	mRNA_8314	OTHER	FALSE	1.000000	0.000000		TRUE	FALSE	1	-	-	-	PL9_3+PL9_3	-	-
gene_8315	mRNA_8315	OTHER	FALSE	1.000000	0.000008		FALSE	FALSE	0	-	-	-	-	-	-
gene_8316	mRNA_8316	OTHER	FALSE	0.999962	0.000029		FALSE	FALSE	0	-	-	-	-	-	-
gene_8317	mRNA_8317	OTHER	FALSE	1.000000	0.000000		FALSE	FALSE	0	-	-	-	-	-	-
gene_8318	mRNA_8318	OTHER	FALSE	1.000000	0.000000		FALSE	FALSE	0	-	-	-	-	-	-
gene_8319	mRNA_8319	OTHER	FALSE	1.000000	0.000001		FALSE	FALSE	0	-	-	-	-	-	-
gene_8320	mRNA_8320	SP	TRUE	0.000236	0.999729	CS pos: 29-30. Pr: 0.6709	FALSE	FALSE	0	-	-	-	-	-	-
gene_8321	mRNA_8321	OTHER	FALSE	1.000000	0.000000		FALSE	FALSE	0	-	-	-	-	-	-
gene_8322	mRNA_8322	OTHER	FALSE	1.000000	0.000000		FALSE	FALSE	0	-	-	-	-	-	-
gene_8323	mRNA_8323	OTHER	FALSE	0.755679	0.244307		FALSE	FALSE	0	-	-	-	-	-	-
gene_8324	mRNA_8324	OTHER	FALSE	1.000000	0.000008		TRUE	TRUE	3	3.2.1.113:7	GH47(224-1040)	GH47_e5(224-1041)	GH47	GH47_e5	host glycan
gene_8325	mRNA_8325	OTHER	FALSE	1.000000	0.000000		FALSE	FALSE	0	-	-	-	-	-	-
gene_8326	mRNA_8326	OTHER	FALSE	1.000000	0.000000		TRUE	TRUE	3	3.2.1.21:3;3.2.1.45:1;3.2.1.104:1	GH5_12(14-547)	GH5_e145(17-548)	GH5_12+GH5_12	GH5_12	glycolipid;polyphenol
gene_8327	mRNA_8327	OTHER	FALSE	1.000000	0.000000		FALSE	FALSE	0	-	-	-	-	-	-
gene_8328	mRNA_8328	OTHER	FALSE	1.000000	0.000000		FALSE	FALSE	0	-	-	-	-	-	-
gene_8329	mRNA_8329	OTHER	FALSE	1.000000	0.000000		FALSE	FALSE	0	-	-	-	-	-	-
gene_8330	mRNA_8330	OTHER	FALSE	1.000000	0.000000		FALSE	FALSE	0	-	-	-	-	-	-
gene_8331	mRNA_8331	OTHER	FALSE	1.000000	0.000001		FALSE	FALSE	0	-	-	-	-	-	-
gene_8332	mRNA_8332	OTHER	FALSE	1.000000	0.000002		FALSE	FALSE	0	-	-	-	-	-	-
gene_8333	mRNA_8333	OTHER	FALSE	1.000000	0.000000		FALSE	FALSE	0	-	-	-	-	-	-
gene_8334	mRNA_8334	OTHER	FALSE	1.000000	0.000000		FALSE	FALSE	0	-	-	-	-	-	-
gene_8335	mRNA_8335	OTHER	FALSE	1.000000	0.000000		FALSE	FALSE	0	-	-	-	-	-	-
gene_8336	mRNA_8336	OTHER	FALSE	1.000000	0.000000		FALSE	FALSE	0	-	-	-	-	-	-
gene_8337	mRNA_8337	OTHER	FALSE	1.000000	0.000000		FALSE	FALSE	0	-	-	-	-	-	-
gene_8338	mRNA_8338	OTHER	FALSE	1.000000	0.000023		FALSE	FALSE	0	-	-	-	-	-	-
gene_8339	mRNA_8339	OTHER	FALSE	0.635836	0.364179		FALSE	FALSE	0	-	-	-	-	-	-
gene_8340	mRNA_8340	OTHER	FALSE	1.000000	0.000000		FALSE	FALSE	0	-	-	-	-	-	-
gene_8341	mRNA_8341	OTHER	FALSE	1.000000	0.000000		FALSE	FALSE	0	-	-	-	-	-	-
gene_8342	mRNA_8342	OTHER	FALSE	1.000000	0.000000		FALSE	FALSE	0	-	-	-	-	-	-
gene_8343	mRNA_8343	OTHER	FALSE	1.000000	0.000000		FALSE	FALSE	0	-	-	-	-	-	-
gene_8344	mRNA_8344	SP	TRUE	0.020859	0.979115	CS pos: 19-20. Pr: 0.9357	FALSE	FALSE	0	-	-	-	-	-	-
gene_8345	mRNA_8345	OTHER	FALSE	0.999183	0.000867		FALSE	FALSE	0	-	-	-	-	-	-
gene_8346	mRNA_8346	OTHER	FALSE	1.000000	0.000001		FALSE	FALSE	0	-	-	-	-	-	-
gene_8347	mRNA_8347	OTHER	FALSE	0.999973	0.000055		FALSE	FALSE	0	-	-	-	-	-	-
gene_8348	mRNA_8348	OTHER	FALSE	1.000000	0.000000		TRUE	FALSE	1	-	-	-	GH5_12+GH5_12	-	-
gene_8349	mRNA_8349	OTHER	FALSE	1.000000	0.000000		FALSE	FALSE	0	-	-	-	-	-	-
gene_8350	mRNA_8350	OTHER	FALSE	1.000000	0.000000		FALSE	FALSE	0	-	-	-	-	-	-
gene_8351	mRNA_8351	OTHER	FALSE	1.000000	0.000000		FALSE	FALSE	0	-	-	-	-	-	-
gene_8352	mRNA_8352	OTHER	FALSE	0.999967	0.000073		FALSE	FALSE	0	-	-	-	-	-	-
gene_8353	mRNA_8353	OTHER	FALSE	1.000000	0.000000		FALSE	FALSE	0	-	-	-	-	-	-
gene_8354	mRNA_8354	OTHER	FALSE	1.000000	0.000001		FALSE	FALSE	0	-	-	-	-	-	-
gene_8355	mRNA_8355	OTHER	FALSE	1.000000	0.000001		FALSE	FALSE	0	-	-	-	-	-	-
gene_8356	mRNA_8356	OTHER	FALSE	1.000000	0.000001		FALSE	FALSE	0	-	-	-	-	-	-
gene_8357	mRNA_8357	OTHER	FALSE	1.000000	0.000004		FALSE	FALSE	0	-	-	-	-	-	-
gene_8358	mRNA_8358	OTHER	FALSE	1.000000	0.000000		FALSE	FALSE	0	-	-	-	-	-	-
gene_8359	mRNA_8359	OTHER	FALSE	1.000000	0.000000		FALSE	FALSE	0	-	-	-	-	-	-
gene_8360	mRNA_8360	OTHER	FALSE	1.000000	0.000000		FALSE	FALSE	0	-	-	-	-	-	-
gene_8361	mRNA_8361	OTHER	FALSE	1.000000	0.000000		FALSE	FALSE	0	-	-	-	-	-	-
gene_8362	mRNA_8362	OTHER	FALSE	1.000000	0.000000		FALSE	FALSE	0	-	-	-	-	-	-
gene_8363	mRNA_8363	OTHER	FALSE	1.000000	0.000000		FALSE	FALSE	0	-	-	-	-	-	-
gene_8364	mRNA_8364	OTHER	FALSE	1.000000	0.000000		TRUE	FALSE	1	-	-	-	GH55_2+GH55_2	-	-
gene_8365	mRNA_8365	OTHER	FALSE	0.999982	0.000047		FALSE	FALSE	0	-	-	-	-	-	-
gene_8366	mRNA_8366	OTHER	FALSE	1.000000	0.000005		TRUE	FALSE	1	-	-	-	AA9	-	-
gene_8367	mRNA_8367	OTHER	FALSE	0.999987	0.000055		FALSE	FALSE	0	-	-	-	-	-	-
gene_8368	mRNA_8368	SP	TRUE	0.000820	0.999147	CS pos: 21-22. Pr: 0.9719	FALSE	FALSE	0	-	-	-	-	-	-
gene_8369	mRNA_8369	OTHER	FALSE	1.000000	0.000000		FALSE	FALSE	0	-	-	-	-	-	-
gene_8370	mRNA_8370	OTHER	FALSE	1.000000	0.000000		TRUE	FALSE	1	-	-	-	GH28	-	-
gene_8371	mRNA_8371	OTHER	FALSE	1.000000	0.000000		FALSE	FALSE	0	-	-	-	-	-	-
gene_8372	mRNA_8372	OTHER	FALSE	0.959792	0.040215		FALSE	FALSE	0	-	-	-	-	-	-
gene_8373	mRNA_8373	OTHER	FALSE	1.000000	0.000000		FALSE	FALSE	0	-	-	-	-	-	-
gene_8374	mRNA_8374	SP	TRUE	0.000270	0.999679	CS pos: 18-19. Pr: 0.9785	TRUE	FALSE	1	-	-	-	AA2	-	-
gene_8375	mRNA_8375	OTHER	FALSE	0.996222	0.003790		FALSE	FALSE	0	-	-	-	-	-	-
gene_8376	mRNA_8376	OTHER	FALSE	1.000000	0.000000		FALSE	FALSE	0	-	-	-	-	-	-
gene_8377	mRNA_8377	OTHER	FALSE	1.000000	0.000028		FALSE	FALSE	0	-	-	-	-	-	-
gene_8378	mRNA_8378	OTHER	FALSE	1.000000	0.000000		TRUE	FALSE	1	-	-	-	GH18	-	-
gene_8379	mRNA_8379	OTHER	FALSE	1.000000	0.000000		FALSE	FALSE	0	-	-	-	-	-	-
gene_8380	mRNA_8380	OTHER	FALSE	1.000000	0.000001		FALSE	FALSE	0	-	-	-	-	-	-
gene_8381	mRNA_8381	OTHER	FALSE	1.000000	0.000000		FALSE	FALSE	0	-	-	-	-	-	-
gene_8382	mRNA_8382	OTHER	FALSE	1.000000	0.000001		FALSE	FALSE	0	-	-	-	-	-	-
gene_8383	mRNA_8383	OTHER	FALSE	1.000000	0.000001		FALSE	FALSE	0	-	-	-	-	-	-
gene_8384	mRNA_8384	OTHER	FALSE	1.000000	0.000000		FALSE	FALSE	0	-	-	-	-	-	-
gene_8385	mRNA_8385	OTHER	FALSE	1.000000	0.000000		FALSE	FALSE	0	-	-	-	-	-	-
gene_8386	mRNA_8386	OTHER	FALSE	0.999567	0.000457		TRUE	TRUE	3	3.2.1.21:43;3.2.1.-:1	GH3(483-603)	GH3_e16(471-619)	GH3	GH3_e16	beta-glucan;xyloglucan
gene_8387	mRNA_8387	OTHER	FALSE	0.945626	0.054387		FALSE	FALSE	0	-	-	-	-	-	-
gene_8388	mRNA_8388	OTHER	FALSE	1.000000	0.000011		TRUE	FALSE	1	-	-	-	AA3_2	-	-
gene_8389	mRNA_8389	OTHER	FALSE	1.000000	0.000001		FALSE	FALSE	0	-	-	-	-	-	-
gene_8390	mRNA_8390	OTHER	FALSE	0.999926	0.000089		TRUE	FALSE	1	-	-	-	GT2	-	-
gene_8391	mRNA_8391	OTHER	FALSE	1.000000	0.000025		TRUE	FALSE	1	-	-	-	GH154	-	-
gene_8392	mRNA_8392	OTHER	FALSE	1.000000	0.000000		TRUE	FALSE	1	-	-	-	GH72+CBM43	-	-
gene_8393	mRNA_8393	OTHER	FALSE	1.000000	0.000001		FALSE	FALSE	0	-	-	-	-	-	-
gene_8394	mRNA_8394	OTHER	FALSE	1.000000	0.000002		FALSE	FALSE	0	-	-	-	-	-	-
gene_8395	mRNA_8395	OTHER	FALSE	1.000000	0.000000		FALSE	FALSE	0	-	-	-	-	-	-
gene_8396	mRNA_8396	OTHER	FALSE	0.998889	0.001109		FALSE	FALSE	0	-	-	-	-	-	-
gene_8397	mRNA_8397	OTHER	FALSE	1.000000	0.000002		FALSE	FALSE	0	-	-	-	-	-	-
gene_8398	mRNA_8398	OTHER	FALSE	1.000000	0.000001		FALSE	FALSE	0	-	-	-	-	-	-
gene_8399	mRNA_8399	OTHER	FALSE	1.000000	0.000000		FALSE	FALSE	0	-	-	-	-	-	-
gene_8400	mRNA_8400	OTHER	FALSE	1.000000	0.000000		FALSE	FALSE	0	-	-	-	-	-	-
gene_8401	mRNA_8401	OTHER	FALSE	1.000000	0.000000		FALSE	FALSE	0	-	-	-	-	-	-
gene_8402	mRNA_8402	OTHER	FALSE	1.000000	0.000000		FALSE	FALSE	0	-	-	-	-	-	-
gene_8403	mRNA_8403	OTHER	FALSE	1.000000	0.000000		TRUE	FALSE	1	-	-	-	GH47	-	-
gene_8404	mRNA_8404	SP	TRUE	0.000247	0.999720	CS pos: 18-19. Pr: 0.9792	TRUE	TRUE	3	3.2.1.145:1|3.2.1.145:1	GH43_24(44-277)	GH43_e150(46-277)+CBM35_e44(322-438)	GH43_24+GH43_24+CBM35	GH43_24|CBM35_e44	arabinogalactan;xylan
gene_8405	mRNA_8405	OTHER	FALSE	1.000000	0.000000		FALSE	FALSE	0	-	-	-	-	-	-
gene_8406	mRNA_8406	OTHER	FALSE	1.000000	0.000000		FALSE	FALSE	0	-	-	-	-	-	-
gene_8407	mRNA_8407	OTHER	FALSE	1.000000	0.000000		FALSE	FALSE	0	-	-	-	-	-	-
gene_8408	mRNA_8408	OTHER	FALSE	1.000000	0.000000		FALSE	FALSE	0	-	-	-	-	-	-
gene_8409	mRNA_8409	OTHER	FALSE	1.000000	0.000001		FALSE	FALSE	0	-	-	-	-	-	-
gene_8410	mRNA_8410	OTHER	FALSE	1.000000	0.000000		FALSE	FALSE	0	-	-	-	-	-	-
gene_8411	mRNA_8411	OTHER	FALSE	1.000000	0.000001		TRUE	FALSE	1	-	-	-	GT57	-	-
gene_8412	mRNA_8412	OTHER	FALSE	0.999854	0.000158		FALSE	FALSE	0	-	-	-	-	-	-
gene_8413	mRNA_8413	OTHER	FALSE	1.000000	0.000000		FALSE	FALSE	0	-	-	-	-	-	-
gene_8414	mRNA_8414	OTHER	FALSE	1.000000	0.000000		FALSE	FALSE	0	-	-	-	-	-	-
gene_8415	mRNA_8415	OTHER	FALSE	0.995286	0.004757		FALSE	FALSE	0	-	-	-	-	-	-
gene_8416	mRNA_8416	OTHER	FALSE	1.000000	0.000002		FALSE	FALSE	0	-	-	-	-	-	-
gene_8417	mRNA_8417	OTHER	FALSE	1.000000	0.000000		FALSE	FALSE	0	-	-	-	-	-	-
gene_8418	mRNA_8418	OTHER	FALSE	1.000000	0.000000		FALSE	FALSE	0	-	-	-	-	-	-
gene_8419	mRNA_8419	OTHER	FALSE	1.000000	0.000001		TRUE	FALSE	1	-	-	-	GH5_12+GH5_12	-	-
gene_8420	mRNA_8420	OTHER	FALSE	1.000000	0.000001		FALSE	FALSE	0	-	-	-	-	-	-
gene_8421	mRNA_8421	OTHER	FALSE	1.000000	0.000000		FALSE	FALSE	0	-	-	-	-	-	-
gene_8422	mRNA_8422	OTHER	FALSE	1.000000	0.000006		TRUE	FALSE	1	-	-	-	GH47	-	-
gene_8423	mRNA_8423	OTHER	FALSE	1.000000	0.000000		FALSE	FALSE	0	-	-	-	-	-	-
gene_8424	mRNA_8424	SP	TRUE	0.000253	0.999716	CS pos: 19-20. Pr: 0.9705	FALSE	FALSE	0	-	-	-	-	-	-
gene_8425	mRNA_8425	OTHER	FALSE	1.000000	0.000000		TRUE	FALSE	1	-	-	-	GH47	-	-
gene_8426	mRNA_8426	OTHER	FALSE	0.999875	0.000168		TRUE	FALSE	1	-	-	-	GH2_13+GH2_13	-	-
gene_8427	mRNA_8427	OTHER	FALSE	1.000000	0.000012		FALSE	FALSE	0	-	-	-	-	-	-
gene_8428	mRNA_8428	OTHER	FALSE	1.000000	0.000000		FALSE	FALSE	0	-	-	-	-	-	-
gene_8429	mRNA_8429	OTHER	FALSE	1.000000	0.000000		FALSE	FALSE	0	-	-	-	-	-	-
gene_8430	mRNA_8430	OTHER	FALSE	1.000000	0.000000		FALSE	FALSE	0	-	-	-	-	-	-
gene_8431	mRNA_8431	OTHER	FALSE	1.000000	0.000000		FALSE	FALSE	0	-	-	-	-	-	-
gene_8432	mRNA_8432	OTHER	FALSE	1.000000	0.000000		FALSE	FALSE	0	-	-	-	-	-	-
gene_8433	mRNA_8433	OTHER	FALSE	1.000000	0.000000		FALSE	FALSE	0	-	-	-	-	-	-
gene_8434	mRNA_8434	OTHER	FALSE	1.000000	0.000000		FALSE	FALSE	0	-	-	-	-	-	-
gene_8435	mRNA_8435	OTHER	FALSE	1.000000	0.000000		FALSE	FALSE	0	-	-	-	-	-	-
gene_8436	mRNA_8436	OTHER	FALSE	1.000000	0.000000		FALSE	FALSE	0	-	-	-	-	-	-
gene_8437	mRNA_8437	OTHER	FALSE	1.000000	0.000016		TRUE	FALSE	1	-	-	-	GT20	-	-
gene_8438	mRNA_8438	SP	TRUE	0.000223	0.999751	CS pos: 17-18. Pr: 0.9826	FALSE	FALSE	0	-	-	-	-	-	-
gene_8439	mRNA_8439	OTHER	FALSE	1.000000	0.000000		FALSE	FALSE	0	-	-	-	-	-	-
gene_8440	mRNA_8440	OTHER	FALSE	1.000000	0.000000		FALSE	FALSE	0	-	-	-	-	-	-
gene_8441	mRNA_8441	OTHER	FALSE	1.000000	0.000000		TRUE	FALSE	1	-	-	-	GH17+GT48	-	-
gene_8442	mRNA_8442	OTHER	FALSE	1.000000	0.000000		FALSE	FALSE	0	-	-	-	-	-	-
gene_8443	mRNA_8443	OTHER	FALSE	1.000000	0.000001		FALSE	FALSE	0	-	-	-	-	-	-
gene_8444	mRNA_8444	OTHER	FALSE	0.999975	0.000073		FALSE	FALSE	0	-	-	-	-	-	-
gene_8445	mRNA_8445	OTHER	FALSE	0.998499	0.001498		FALSE	FALSE	0	-	-	-	-	-	-
gene_8446	mRNA_8446	OTHER	FALSE	1.000000	0.000000		FALSE	FALSE	0	-	-	-	-	-	-
gene_8447	mRNA_8447	OTHER	FALSE	1.000000	0.000000		FALSE	FALSE	0	-	-	-	-	-	-
gene_8448	mRNA_8448	OTHER	FALSE	1.000000	0.000000		FALSE	FALSE	0	-	-	-	-	-	-
gene_8449	mRNA_8449	OTHER	FALSE	1.000000	0.000000		FALSE	FALSE	0	-	-	-	-	-	-
gene_8450	mRNA_8450	OTHER	FALSE	1.000000	0.000000		FALSE	FALSE	0	-	-	-	-	-	-
gene_8451	mRNA_8451	OTHER	FALSE	1.000000	0.000016		FALSE	FALSE	0	-	-	-	-	-	-
gene_8452	mRNA_8452	OTHER	FALSE	1.000000	0.000000		FALSE	FALSE	0	-	-	-	-	-	-
gene_8453	mRNA_8453	OTHER	FALSE	1.000000	0.000000		FALSE	FALSE	0	-	-	-	-	-	-
gene_8454	mRNA_8454	OTHER	FALSE	1.000000	0.000000		FALSE	FALSE	0	-	-	-	-	-	-
gene_8455	mRNA_8455	OTHER	FALSE	0.999910	0.000108		FALSE	FALSE	0	-	-	-	-	-	-
gene_8456	mRNA_8456	OTHER	FALSE	0.999904	0.000119		FALSE	FALSE	0	-	-	-	-	-	-
gene_8457	mRNA_8457	OTHER	FALSE	1.000000	0.000000		FALSE	FALSE	0	-	-	-	-	-	-
gene_8458	mRNA_8458	OTHER	FALSE	1.000000	0.000014		FALSE	FALSE	0	-	-	-	-	-	-
gene_8459	mRNA_8459	OTHER	FALSE	1.000000	0.000000		FALSE	FALSE	0	-	-	-	-	-	-
gene_8460	mRNA_8460	OTHER	FALSE	0.998247	0.001762		FALSE	FALSE	0	-	-	-	-	-	-
gene_8461	mRNA_8461	OTHER	FALSE	0.996752	0.003269		FALSE	FALSE	0	-	-	-	-	-	-
gene_8462	mRNA_8462	OTHER	FALSE	0.999985	0.000070		FALSE	FALSE	0	-	-	-	-	-	-
gene_8463	mRNA_8463	OTHER	FALSE	0.999992	0.000006		FALSE	FALSE	0	-	-	-	-	-	-
gene_8464	mRNA_8464	OTHER	FALSE	1.000000	0.000000		FALSE	FALSE	0	-	-	-	-	-	-
gene_8465	mRNA_8465	OTHER	FALSE	1.000000	0.000000		FALSE	FALSE	0	-	-	-	-	-	-
gene_8466	mRNA_8466	OTHER	FALSE	1.000000	0.000000		FALSE	FALSE	0	-	-	-	-	-	-
gene_8467	mRNA_8467	OTHER	FALSE	1.000000	0.000000		TRUE	FALSE	1	-	-	-	CE0	-	-
gene_8468	mRNA_8468	OTHER	FALSE	1.000000	0.000000		FALSE	FALSE	0	-	-	-	-	-	-
gene_8469	mRNA_8469	OTHER	FALSE	0.999999	0.000007		FALSE	FALSE	0	-	-	-	-	-	-
gene_8470	mRNA_8470	OTHER	FALSE	1.000000	0.000000		FALSE	FALSE	0	-	-	-	-	-	-
gene_8471	mRNA_8471	OTHER	FALSE	1.000000	0.000000		FALSE	FALSE	0	-	-	-	-	-	-
gene_8472	mRNA_8472	SP	TRUE	0.443755	0.556238	CS pos: 49-50. Pr: 0.5096	TRUE	FALSE	1	-	-	-	GT2	-	-
gene_8473	mRNA_8473	OTHER	FALSE	1.000000	0.000000		FALSE	FALSE	0	-	-	-	-	-	-
gene_8474	mRNA_8474	OTHER	FALSE	1.000000	0.000000		TRUE	FALSE	1	-	-	-	GH31_1+GH31_1	-	-
gene_8475	mRNA_8475	OTHER	FALSE	1.000000	0.000000		FALSE	FALSE	0	-	-	-	-	-	-
gene_8476	mRNA_8476	OTHER	FALSE	0.999995	0.000018		FALSE	FALSE	0	-	-	-	-	-	-
gene_8477	mRNA_8477	OTHER	FALSE	1.000000	0.000000		FALSE	FALSE	0	-	-	-	-	-	-
gene_8478	mRNA_8478	OTHER	FALSE	1.000000	0.000000		FALSE	FALSE	0	-	-	-	-	-	-
gene_8479	mRNA_8479	OTHER	FALSE	1.000000	0.000000		FALSE	FALSE	0	-	-	-	-	-	-
gene_8480	mRNA_8480	OTHER	FALSE	1.000000	0.000000		FALSE	FALSE	0	-	-	-	-	-	-
gene_8481	mRNA_8481	OTHER	FALSE	1.000000	0.000001		FALSE	FALSE	0	-	-	-	-	-	-
gene_8482	mRNA_8482	OTHER	FALSE	1.000000	0.000000		FALSE	FALSE	0	-	-	-	-	-	-
gene_8483	mRNA_8483	OTHER	FALSE	1.000000	0.000018		FALSE	FALSE	0	-	-	-	-	-	-
gene_8484	mRNA_8484	OTHER	FALSE	1.000000	0.000000		FALSE	FALSE	0	-	-	-	-	-	-
gene_8485	mRNA_8485	OTHER	FALSE	1.000000	0.000000		FALSE	FALSE	0	-	-	-	-	-	-
gene_8486	mRNA_8486	OTHER	FALSE	1.000000	0.000003		FALSE	FALSE	0	-	-	-	-	-	-
gene_8487	mRNA_8487	SP	TRUE	0.000295	0.999666	CS pos: 18-19. Pr: 0.9533	FALSE	FALSE	0	-	-	-	-	-	-
gene_8488	mRNA_8488	OTHER	FALSE	1.000000	0.000000		FALSE	FALSE	0	-	-	-	-	-	-
gene_8489	mRNA_8489	OTHER	FALSE	1.000000	0.000000		FALSE	FALSE	0	-	-	-	-	-	-
gene_8490	mRNA_8490	OTHER	FALSE	1.000000	0.000000		TRUE	FALSE	1	-	-	-	GT0	-	-
gene_8491	mRNA_8491	OTHER	FALSE	1.000000	0.000001		FALSE	FALSE	0	-	-	-	-	-	-
gene_8492	mRNA_8492	OTHER	FALSE	1.000000	0.000004		FALSE	FALSE	0	-	-	-	-	-	-
gene_8493	mRNA_8493	OTHER	FALSE	1.000000	0.000000		FALSE	FALSE	0	-	-	-	-	-	-
gene_8494	mRNA_8494	OTHER	FALSE	1.000000	0.000001		FALSE	FALSE	0	-	-	-	-	-	-
gene_8495	mRNA_8495	OTHER	FALSE	1.000000	0.000000		FALSE	FALSE	0	-	-	-	-	-	-
gene_8496	mRNA_8496	OTHER	FALSE	1.000000	0.000000		FALSE	FALSE	0	-	-	-	-	-	-
gene_8497	mRNA_8497	OTHER	FALSE	1.000000	0.000000		TRUE	FALSE	1	-	-	-	GH71	-	-
gene_8498	mRNA_8498	OTHER	FALSE	1.000000	0.000000		FALSE	FALSE	0	-	-	-	-	-	-
gene_8499	mRNA_8499	OTHER	FALSE	1.000000	0.000000		FALSE	FALSE	0	-	-	-	-	-	-
gene_8500	mRNA_8500	OTHER	FALSE	0.999946	0.000063		FALSE	FALSE	0	-	-	-	-	-	-
gene_8501	mRNA_8501	SP	TRUE	0.000239	0.999726	CS pos: 18-19. Pr: 0.9662	FALSE	FALSE	0	-	-	-	-	-	-
gene_8502	mRNA_8502	OTHER	FALSE	1.000000	0.000001		FALSE	FALSE	0	-	-	-	-	-	-
gene_8503	mRNA_8503	OTHER	FALSE	1.000000	0.000000		FALSE	FALSE	0	-	-	-	-	-	-
gene_8504	mRNA_8504	OTHER	FALSE	1.000000	0.000001		FALSE	FALSE	0	-	-	-	-	-	-
gene_8505	mRNA_8505	OTHER	FALSE	0.999829	0.000194		FALSE	FALSE	0	-	-	-	-	-	-
gene_8506	mRNA_8506	OTHER	FALSE	0.999985	0.000059		FALSE	FALSE	0	-	-	-	-	-	-
gene_8507	mRNA_8507	OTHER	FALSE	1.000000	0.000000		TRUE	FALSE	1	-	-	-	AA9	-	-
gene_8508	mRNA_8508	OTHER	FALSE	1.000000	0.000003		FALSE	FALSE	0	-	-	-	-	-	-
gene_8509	mRNA_8509	OTHER	FALSE	1.000000	0.000000		FALSE	FALSE	0	-	-	-	-	-	-
gene_8510	mRNA_8510	OTHER	FALSE	1.000000	0.000005		FALSE	FALSE	0	-	-	-	-	-	-
gene_8511	mRNA_8511	OTHER	FALSE	1.000000	0.000000		FALSE	FALSE	0	-	-	-	-	-	-
gene_8512	mRNA_8512	OTHER	FALSE	1.000000	0.000001		FALSE	FALSE	0	-	-	-	-	-	-
gene_8513	mRNA_8513	OTHER	FALSE	1.000000	0.000000		FALSE	FALSE	0	-	-	-	-	-	-
gene_8514	mRNA_8514	OTHER	FALSE	1.000000	0.000001		FALSE	FALSE	0	-	-	-	-	-	-
gene_8515	mRNA_8515	OTHER	FALSE	1.000000	0.000006		FALSE	FALSE	0	-	-	-	-	-	-
gene_8516	mRNA_8516	OTHER	FALSE	0.999194	0.000831		FALSE	FALSE	0	-	-	-	-	-	-
gene_8517	mRNA_8517	OTHER	FALSE	1.000000	0.000001		FALSE	FALSE	0	-	-	-	-	-	-
gene_8518	mRNA_8518	OTHER	FALSE	1.000000	0.000000		FALSE	FALSE	0	-	-	-	-	-	-
gene_8519	mRNA_8519	OTHER	FALSE	1.000000	0.000057		FALSE	FALSE	0	-	-	-	-	-	-
gene_8520	mRNA_8520	OTHER	FALSE	1.000000	0.000001		FALSE	FALSE	0	-	-	-	-	-	-
gene_8521	mRNA_8521	OTHER	FALSE	0.817447	0.182559		FALSE	FALSE	0	-	-	-	-	-	-
gene_8522	mRNA_8522	OTHER	FALSE	1.000000	0.000001		FALSE	FALSE	0	-	-	-	-	-	-
gene_8523	mRNA_8523	OTHER	FALSE	0.999493	0.000550		FALSE	FALSE	0	-	-	-	-	-	-
gene_8524	mRNA_8524	OTHER	FALSE	1.000000	0.000000		TRUE	FALSE	1	-	-	-	GH128	-	-
gene_8525	mRNA_8525	OTHER	FALSE	1.000000	0.000000		FALSE	FALSE	0	-	-	-	-	-	-
gene_8526	mRNA_8526	OTHER	FALSE	1.000000	0.000000		FALSE	FALSE	0	-	-	-	-	-	-
gene_8527	mRNA_8527	OTHER	FALSE	1.000000	0.000000		FALSE	FALSE	0	-	-	-	-	-	-
gene_8528	mRNA_8528	OTHER	FALSE	1.000000	0.000004		FALSE	FALSE	0	-	-	-	-	-	-
gene_8529	mRNA_8529	OTHER	FALSE	1.000000	0.000000		FALSE	FALSE	0	-	-	-	-	-	-
gene_8530	mRNA_8530	OTHER	FALSE	1.000000	0.000008		FALSE	FALSE	0	-	-	-	-	-	-
gene_8531	mRNA_8531	SP	TRUE	0.000530	0.999486	CS pos: 16-17. Pr: 0.9695	TRUE	TRUE	3	1.14.99.55:5|1.14.99.55:4	AA13(17-248)+CBM20(289-379)	AA13_e0(18-249)+CBM20_e25(290-379)	CBM20+AA13	AA13_e0|CBM20_e25	alpha-glucan
gene_8532	mRNA_8532	OTHER	FALSE	1.000000	0.000001		FALSE	FALSE	0	-	-	-	-	-	-
gene_8533	mRNA_8533	OTHER	FALSE	1.000000	0.000004		FALSE	FALSE	0	-	-	-	-	-	-
gene_8534	mRNA_8534	OTHER	FALSE	1.000000	0.000000		FALSE	FALSE	0	-	-	-	-	-	-
gene_8535	mRNA_8535	OTHER	FALSE	1.000000	0.000002		FALSE	FALSE	0	-	-	-	-	-	-
gene_8536	mRNA_8536	OTHER	FALSE	1.000000	0.000000		FALSE	FALSE	0	-	-	-	-	-	-
gene_8537	mRNA_8537	OTHER	FALSE	1.000000	0.000000		FALSE	FALSE	0	-	-	-	-	-	-
gene_8538	mRNA_8538	OTHER	FALSE	1.000000	0.000000		FALSE	FALSE	0	-	-	-	-	-	-
gene_8539	mRNA_8539	OTHER	FALSE	1.000000	0.000001		FALSE	FALSE	0	-	-	-	-	-	-
gene_8540	mRNA_8540	OTHER	FALSE	1.000000	0.000000		FALSE	FALSE	0	-	-	-	-	-	-
gene_8541	mRNA_8541	OTHER	FALSE	1.000000	0.000000		FALSE	FALSE	0	-	-	-	-	-	-
gene_8542	mRNA_8542	SP	TRUE	0.000260	0.999736	CS pos: 26-27. Pr: 0.9718	FALSE	FALSE	0	-	-	-	-	-	-
gene_8543	mRNA_8543	OTHER	FALSE	1.000000	0.000000		FALSE	FALSE	0	-	-	-	-	-	-
gene_8544	mRNA_8544	OTHER	FALSE	1.000000	0.000000		FALSE	FALSE	0	-	-	-	-	-	-
gene_8545	mRNA_8545	OTHER	FALSE	0.999870	0.000139		TRUE	FALSE	1	-	-	-	GH47	-	-
gene_8546	mRNA_8546	OTHER	FALSE	1.000000	0.000053		FALSE	FALSE	0	-	-	-	-	-	-
gene_8547	mRNA_8547	OTHER	FALSE	1.000000	0.000000		FALSE	FALSE	0	-	-	-	-	-	-
gene_8548	mRNA_8548	SP	TRUE	0.014526	0.985470	CS pos: 23-24. Pr: 0.4795	TRUE	TRUE	3	3.2.1.78:33	GH5_7(58-333)	GH5_e89(59-334)	GH5_7+GH5_7	GH5_7	beta-mannan
gene_8549	mRNA_8549	OTHER	FALSE	1.000000	0.000001		FALSE	FALSE	0	-	-	-	-	-	-
gene_8550	mRNA_8550	OTHER	FALSE	0.995523	0.004497		FALSE	FALSE	0	-	-	-	-	-	-
gene_8551	mRNA_8551	OTHER	FALSE	1.000000	0.000014		FALSE	FALSE	0	-	-	-	-	-	-
gene_8552	mRNA_8552	OTHER	FALSE	1.000000	0.000000		TRUE	FALSE	1	-	-	-	PL38	-	-
gene_8553	mRNA_8553	OTHER	FALSE	1.000000	0.000001		TRUE	FALSE	1	-	-	-	GT58	-	-
gene_8554	mRNA_8554	OTHER	FALSE	1.000000	0.000001		FALSE	FALSE	0	-	-	-	-	-	-
gene_8555	mRNA_8555	OTHER	FALSE	1.000000	0.000000		FALSE	FALSE	0	-	-	-	-	-	-
gene_8556	mRNA_8556	OTHER	FALSE	1.000000	0.000001		FALSE	FALSE	0	-	-	-	-	-	-
gene_8557	mRNA_8557	OTHER	FALSE	1.000000	0.000001		FALSE	FALSE	0	-	-	-	-	-	-
gene_8558	mRNA_8558	OTHER	FALSE	1.000000	0.000024		FALSE	FALSE	0	-	-	-	-	-	-
gene_8559	mRNA_8559	SP	TRUE	0.000350	0.999613	CS pos: 20-21. Pr: 0.9782	FALSE	FALSE	0	-	-	-	-	-	-
gene_8560	mRNA_8560	OTHER	FALSE	1.000000	0.000000		FALSE	FALSE	0	-	-	-	-	-	-
gene_8561	mRNA_8561	OTHER	FALSE	1.000000	0.000008		FALSE	FALSE	0	-	-	-	-	-	-
gene_8562	mRNA_8562	OTHER	FALSE	1.000000	0.000001		FALSE	FALSE	0	-	-	-	-	-	-
gene_8563	mRNA_8563	OTHER	FALSE	0.998909	0.001134		TRUE	TRUE	3	3.2.1.26:2	GH32(62-410)	GH32_e120(63-412)	GH32	GH32_e120	fructan
gene_8564	mRNA_8564	OTHER	FALSE	0.999999	0.000050		FALSE	FALSE	0	-	-	-	-	-	-
gene_8565	mRNA_8565	OTHER	FALSE	1.000000	0.000000		FALSE	FALSE	0	-	-	-	-	-	-
gene_8566	mRNA_8566	OTHER	FALSE	1.000000	0.000000		FALSE	FALSE	0	-	-	-	-	-	-
gene_8567	mRNA_8567	OTHER	FALSE	1.000000	0.000000		FALSE	FALSE	0	-	-	-	-	-	-
gene_8568	mRNA_8568	OTHER	FALSE	0.999019	0.000991		FALSE	FALSE	0	-	-	-	-	-	-
gene_8569	mRNA_8569	OTHER	FALSE	1.000000	0.000000		FALSE	FALSE	0	-	-	-	-	-	-
gene_8570	mRNA_8570	OTHER	FALSE	0.999898	0.000139		FALSE	FALSE	0	-	-	-	-	-	-
gene_8571	mRNA_8571	OTHER	FALSE	1.000000	0.000000		FALSE	FALSE	0	-	-	-	-	-	-
gene_8572	mRNA_8572	OTHER	FALSE	1.000000	0.000001		FALSE	FALSE	0	-	-	-	-	-	-
gene_8573	mRNA_8573	OTHER	FALSE	1.000000	0.000000		FALSE	FALSE	0	-	-	-	-	-	-
gene_8574	mRNA_8574	OTHER	FALSE	1.000000	0.000000		TRUE	FALSE	1	-	-	-	GH154	-	-
gene_8575	mRNA_8575	OTHER	FALSE	1.000000	0.000007		TRUE	FALSE	1	-	-	-	CE16+CBM1	-	-
gene_8576	mRNA_8576	OTHER	FALSE	1.000000	0.000000		FALSE	FALSE	0	-	-	-	-	-	-
gene_8577	mRNA_8577	OTHER	FALSE	1.000000	0.000000		FALSE	FALSE	0	-	-	-	-	-	-
gene_8578	mRNA_8578	SP	TRUE	0.000236	0.999755	CS pos: 19-20. Pr: 0.8662	FALSE	FALSE	0	-	-	-	-	-	-
gene_8579	mRNA_8579	OTHER	FALSE	1.000000	0.000001		FALSE	FALSE	0	-	-	-	-	-	-
gene_8580	mRNA_8580	OTHER	FALSE	1.000000	0.000000		FALSE	FALSE	0	-	-	-	-	-	-
gene_8581	mRNA_8581	OTHER	FALSE	1.000000	0.000000		FALSE	FALSE	0	-	-	-	-	-	-
gene_8582	mRNA_8582	SP	TRUE	0.000228	0.999751	CS pos: 21-22. Pr: 0.9777	FALSE	FALSE	0	-	-	-	-	-	-
gene_8583	mRNA_8583	OTHER	FALSE	0.999954	0.000000		FALSE	FALSE	0	-	-	-	-	-	-
gene_8584	mRNA_8584	OTHER	FALSE	0.999972	0.000024		FALSE	FALSE	0	-	-	-	-	-	-
gene_8585	mRNA_8585	OTHER	FALSE	1.000000	0.000001		TRUE	FALSE	1	-	-	-	GH15+CBM20	-	-
gene_8586	mRNA_8586	OTHER	FALSE	1.000000	0.000001		FALSE	FALSE	0	-	-	-	-	-	-
gene_8587	mRNA_8587	OTHER	FALSE	1.000000	0.000012		FALSE	FALSE	0	-	-	-	-	-	-
gene_8588	mRNA_8588	OTHER	FALSE	1.000000	0.000000		FALSE	FALSE	0	-	-	-	-	-	-
gene_8589	mRNA_8589	OTHER	FALSE	1.000000	0.000001		TRUE	FALSE	1	-	-	-	GT0	-	-
gene_8590	mRNA_8590	OTHER	FALSE	0.999956	0.000081		FALSE	FALSE	0	-	-	-	-	-	-
gene_8591	mRNA_8591	OTHER	FALSE	1.000000	0.000001		FALSE	FALSE	0	-	-	-	-	-	-
gene_8592	mRNA_8592	OTHER	FALSE	0.999990	0.000039		TRUE	FALSE	1	-	-	-	GH13_40+GH13_40	-	-
gene_8593	mRNA_8593	OTHER	FALSE	1.000000	0.000000		TRUE	FALSE	1	-	-	-	GH36	-	-
gene_8594	mRNA_8594	OTHER	FALSE	1.000000	0.000000		FALSE	FALSE	0	-	-	-	-	-	-
gene_8595	mRNA_8595	OTHER	FALSE	1.000000	0.000000		FALSE	FALSE	0	-	-	-	-	-	-
gene_8596	mRNA_8596	OTHER	FALSE	1.000000	0.000000		FALSE	FALSE	0	-	-	-	-	-	-
gene_8597	mRNA_8597	OTHER	FALSE	1.000000	0.000013		FALSE	FALSE	0	-	-	-	-	-	-
gene_8598	mRNA_8598	OTHER	FALSE	1.000000	0.000000		FALSE	FALSE	0	-	-	-	-	-	-
gene_8599	mRNA_8599	SP	TRUE	0.000238	0.999739	CS pos: 19-20. Pr: 0.9743	FALSE	FALSE	0	-	-	-	-	-	-
gene_8600	mRNA_8600	OTHER	FALSE	1.000000	0.000012		FALSE	FALSE	0	-	-	-	-	-	-
gene_8601	mRNA_8601	OTHER	FALSE	1.000000	0.000011		FALSE	FALSE	0	-	-	-	-	-	-
gene_8602	mRNA_8602	OTHER	FALSE	1.000000	0.000000		FALSE	FALSE	0	-	-	-	-	-	-
gene_8603	mRNA_8603	OTHER	FALSE	1.000000	0.000000		TRUE	FALSE	1	-	-	-	AA8	-	-
gene_8604	mRNA_8604	OTHER	FALSE	0.999480	0.000537		FALSE	FALSE	0	-	-	-	-	-	-
gene_8605	mRNA_8605	OTHER	FALSE	1.000000	0.000000		FALSE	FALSE	0	-	-	-	-	-	-
gene_8606	mRNA_8606	OTHER	FALSE	1.000000	0.000000		FALSE	FALSE	0	-	-	-	-	-	-
gene_8607	mRNA_8607	OTHER	FALSE	1.000000	0.000001		FALSE	FALSE	0	-	-	-	-	-	-
gene_8608	mRNA_8608	OTHER	FALSE	1.000000	0.000000		FALSE	FALSE	0	-	-	-	-	-	-
gene_8609	mRNA_8609	OTHER	FALSE	1.000000	0.000000		FALSE	FALSE	0	-	-	-	-	-	-
gene_8610	mRNA_8610	OTHER	FALSE	0.930072	0.069941		FALSE	FALSE	0	-	-	-	-	-	-
gene_8611	mRNA_8611	OTHER	FALSE	1.000000	0.000000		TRUE	FALSE	1	-	-	-	CBM13	-	-
gene_8612	mRNA_8612	OTHER	FALSE	1.000000	0.000000		FALSE	FALSE	0	-	-	-	-	-	-
gene_8613	mRNA_8613	OTHER	FALSE	1.000000	0.000000		FALSE	FALSE	0	-	-	-	-	-	-
gene_8614	mRNA_8614	OTHER	FALSE	0.999196	0.000815		TRUE	FALSE	1	-	-	-	GH55_2+GH55_2	-	-
gene_8615	mRNA_8615	OTHER	FALSE	1.000000	0.000000		FALSE	FALSE	0	-	-	-	-	-	-
gene_8616	mRNA_8616	OTHER	FALSE	1.000000	0.000000		FALSE	FALSE	0	-	-	-	-	-	-
gene_8617	mRNA_8617	OTHER	FALSE	1.000000	0.000000		FALSE	FALSE	0	-	-	-	-	-	-
gene_8618	mRNA_8618	OTHER	FALSE	0.999999	0.000007		FALSE	FALSE	0	-	-	-	-	-	-
gene_8619	mRNA_8619	OTHER	FALSE	1.000000	0.000000		FALSE	FALSE	0	-	-	-	-	-	-
gene_8620	mRNA_8620	OTHER	FALSE	1.000000	0.000001		FALSE	FALSE	0	-	-	-	-	-	-
gene_8621	mRNA_8621	OTHER	FALSE	1.000000	0.000000		FALSE	FALSE	0	-	-	-	-	-	-
gene_8622	mRNA_8622	OTHER	FALSE	0.999869	0.000125		FALSE	FALSE	0	-	-	-	-	-	-
gene_8623	mRNA_8623	OTHER	FALSE	1.000000	0.000000		FALSE	FALSE	0	-	-	-	-	-	-
gene_8624	mRNA_8624	OTHER	FALSE	1.000000	0.000018		FALSE	FALSE	0	-	-	-	-	-	-
gene_8625	mRNA_8625	OTHER	FALSE	1.000000	0.000007		TRUE	FALSE	1	-	-	-	GT0	-	-
gene_8626	mRNA_8626	OTHER	FALSE	1.000000	0.000017		FALSE	FALSE	0	-	-	-	-	-	-
gene_8627	mRNA_8627	OTHER	FALSE	1.000000	0.000006		FALSE	FALSE	0	-	-	-	-	-	-
gene_8628	mRNA_8628	OTHER	FALSE	1.000000	0.000001		TRUE	FALSE	1	-	-	-	GH5	-	-
gene_8629	mRNA_8629	OTHER	FALSE	1.000000	0.000000		FALSE	FALSE	0	-	-	-	-	-	-
gene_8630	mRNA_8630	OTHER	FALSE	1.000000	0.000000		FALSE	FALSE	0	-	-	-	-	-	-
gene_8631	mRNA_8631	OTHER	FALSE	1.000000	0.000000		FALSE	FALSE	0	-	-	-	-	-	-
gene_8632	mRNA_8632	OTHER	FALSE	1.000000	0.000012		FALSE	FALSE	0	-	-	-	-	-	-
gene_8633	mRNA_8633	OTHER	FALSE	1.000000	0.000014		FALSE	FALSE	0	-	-	-	-	-	-
gene_8634	mRNA_8634	OTHER	FALSE	0.999980	0.000020		TRUE	FALSE	1	-	-	-	GT0	-	-
gene_8635	mRNA_8635	OTHER	FALSE	0.999345	0.000660		TRUE	FALSE	1	-	-	-	AA3_2+AA3_2	-	-
gene_8636	mRNA_8636	OTHER	FALSE	1.000000	0.000000		FALSE	FALSE	0	-	-	-	-	-	-
gene_8637	mRNA_8637	OTHER	FALSE	1.000000	0.000004		FALSE	FALSE	0	-	-	-	-	-	-
gene_8638	mRNA_8638	OTHER	FALSE	1.000000	0.000000		FALSE	FALSE	0	-	-	-	-	-	-
gene_8639	mRNA_8639	OTHER	FALSE	1.000000	0.000000		FALSE	FALSE	0	-	-	-	-	-	-
gene_8640	mRNA_8640	OTHER	FALSE	0.999523	0.000460		FALSE	FALSE	0	-	-	-	-	-	-
