ID	Description	GeneRatio	BgRatio	RichFactor	FoldEnrichment	zScore	pvalue	p.adjust	qvalue	geneID	Count	contrast	gene_set	direction	ontology	significant_padj_0.05
GO:0005215	transporter activity	59/1166	93/4328	0.634408602150538	2.35482026595843	8.01970219343566	1.03046023502146e-13	4.74011708109873e-11	4.66418843220241e-11	gene_13/gene_596/gene_1053/gene_1110/gene_1245/gene_1284/gene_1314/gene_1466/gene_1544/gene_1721/gene_1762/gene_1870/gene_1872/gene_1941/gene_1980/gene_2452/gene_2704/gene_2795/gene_2811/gene_2969/gene_3218/gene_3291/gene_3308/gene_3619/gene_3689/gene_3727/gene_4072/gene_4329/gene_4747/gene_4757/gene_4863/gene_4923/gene_4925/gene_5013/gene_5343/gene_5557/gene_5757/gene_5881/gene_6121/gene_6126/gene_6289/gene_6384/gene_6410/gene_6450/gene_6466/gene_6708/gene_6767/gene_6829/gene_7107/gene_7222/gene_7463/gene_7621/gene_7694/gene_7924/gene_7984/gene_8037/gene_8043/gene_8584/gene_8603	59	interaction_vs_onu	significant	down	MF	TRUE
GO:0005351	sugar:hydrogen symporter activity	35/1166	48/4328	0.729166666666667	2.70654659805603	7.21902715719887	3.2806623776492e-11	7.54552346859316e-09	7.42465695994293e-09	gene_13/gene_596/gene_1110/gene_1284/gene_1314/gene_1721/gene_1762/gene_1870/gene_1872/gene_1941/gene_1980/gene_3218/gene_3308/gene_4072/gene_4747/gene_4757/gene_4863/gene_4923/gene_4925/gene_5557/gene_6121/gene_6126/gene_6384/gene_6410/gene_6450/gene_6708/gene_7107/gene_7222/gene_7463/gene_7621/gene_7694/gene_7984/gene_8037/gene_8584/gene_8603	35	interaction_vs_onu	significant	down	MF	TRUE
GO:0003677	DNA binding	118/1166	306/4328	0.38562091503268	1.43136133813159	4.75272501971981	2.83084935087003e-06	0.000434063567133404	0.000427110603815478	gene_1/gene_3/gene_20/gene_111/gene_167/gene_286/gene_438/gene_461/gene_470/gene_708/gene_736/gene_757/gene_778/gene_862/gene_893/gene_901/gene_944/gene_992/gene_1084/gene_1163/gene_1326/gene_1358/gene_1451/gene_1763/gene_1947/gene_2036/gene_2076/gene_2140/gene_2271/gene_2273/gene_2305/gene_2308/gene_2309/gene_2323/gene_2326/gene_2487/gene_2493/gene_2518/gene_2523/gene_2590/gene_2622/gene_2752/gene_2894/gene_2939/gene_2977/gene_3096/gene_3098/gene_3156/gene_3163/gene_3224/gene_3287/gene_3305/gene_3414/gene_3444/gene_3464/gene_3559/gene_3879/gene_3897/gene_4073/gene_4158/gene_4235/gene_4300/gene_4517/gene_4518/gene_4519/gene_4574/gene_4628/gene_4743/gene_4748/gene_4756/gene_4762/gene_4966/gene_4993/gene_5079/gene_5171/gene_5449/gene_5507/gene_5517/gene_5666/gene_5686/gene_5713/gene_5856/gene_5887/gene_5890/gene_5896/gene_5953/gene_5974/gene_6045/gene_6064/gene_6286/gene_6316/gene_6318/gene_6366/gene_6395/gene_6528/gene_6648/gene_6686/gene_6691/gene_6716/gene_6761/gene_6765/gene_6777/gene_6896/gene_7064/gene_7068/gene_7241/gene_7388/gene_7569/gene_7969/gene_7981/gene_8208/gene_8448/gene_8474/gene_8588/gene_8600/gene_8604/gene_8623/gene_8633	118	interaction_vs_onu	significant	down	MF	TRUE
GO:0015171	amino acid transmembrane transporter activity	25/1166	42/4328	0.595238095238095	2.20942579433145	4.78233041704122	8.28079921699846e-06	0.000952291909954823	0.000937037806134036	gene_105/gene_1043/gene_1476/gene_1839/gene_1879/gene_2760/gene_4753/gene_5431/gene_5651/gene_5675/gene_5687/gene_6380/gene_6381/gene_6382/gene_6436/gene_6712/gene_7196/gene_7247/gene_7383/gene_7477/gene_8054/gene_8545/gene_8622/gene_8634/gene_8635	25	interaction_vs_onu	significant	down	MF	TRUE
GO:0004497	monooxygenase activity	37/1166	75/4328	0.493333333333333	1.83117209834191	4.40895520374865	2.52826198493698e-05	0.00232600102614202	0.00228874242846927	gene_90/gene_168/gene_1069/gene_1318/gene_1474/gene_1491/gene_1510/gene_1576/gene_2554/gene_2629/gene_2984/gene_3042/gene_3440/gene_3703/gene_4147/gene_4321/gene_4473/gene_4806/gene_5481/gene_5573/gene_5766/gene_7103/gene_7203/gene_7215/gene_7242/gene_7331/gene_7374/gene_7433/gene_7492/gene_7971/gene_7983/gene_7987/gene_7994/gene_7997/gene_8499/gene_8585/gene_8587	37	interaction_vs_onu	significant	down	MF	TRUE
GO:0003700	transcription factor activity	92/1166	239/4328	0.384937238493724	1.42882364339694	4.14124483838149	4.08987708117456e-05	0.00313557242890049	0.00308534586825449	gene_1/gene_3/gene_286/gene_402/gene_428/gene_437/gene_438/gene_470/gene_627/gene_664/gene_771/gene_778/gene_846/gene_862/gene_893/gene_901/gene_944/gene_992/gene_1008/gene_1084/gene_1178/gene_1199/gene_1326/gene_1451/gene_1592/gene_1850/gene_1857/gene_1873/gene_1899/gene_1940/gene_1947/gene_1955/gene_2036/gene_2132/gene_2140/gene_2253/gene_2271/gene_2273/gene_2326/gene_2364/gene_2487/gene_2493/gene_2590/gene_2616/gene_2752/gene_2789/gene_2918/gene_3098/gene_3124/gene_3217/gene_3224/gene_3305/gene_3391/gene_3444/gene_4124/gene_4158/gene_4229/gene_4300/gene_4574/gene_4627/gene_4628/gene_4743/gene_4748/gene_4966/gene_4993/gene_5070/gene_5079/gene_5171/gene_5517/gene_5666/gene_5713/gene_5856/gene_5890/gene_5896/gene_5904/gene_5953/gene_6286/gene_6691/gene_6716/gene_6765/gene_6777/gene_7241/gene_7316/gene_7385/gene_7625/gene_7969/gene_8013/gene_8170/gene_8208/gene_8474/gene_8588/gene_8598	92	interaction_vs_onu	significant	down	MF	TRUE
GO:0015205	nucleobase transmembrane transporter activity	11/1166	14/4328	0.785714285714286	2.91644204851752	4.36095322569646	8.22045730580038e-05	0.00540201480095454	0.0053154836714198	gene_134/gene_1761/gene_2551/gene_3699/gene_3702/gene_5519/gene_5616/gene_5898/gene_5902/gene_6471/gene_7206	11	interaction_vs_onu	significant	down	MF	TRUE
GO:0004553	hydrolase activity, hydrolyzing O-glycosyl compounds	35/1166	78/4328	0.448717948717949	1.66556713726525	3.6016913813329	0.000447893141930019	0.0257538556609761	0.0253413225039353	gene_394/gene_738/gene_1109/gene_1439/gene_1927/gene_2125/gene_2690/gene_2751/gene_2967/gene_3307/gene_3338/gene_3724/gene_4183/gene_4195/gene_4325/gene_4330/gene_5037/gene_5363/gene_5443/gene_5659/gene_5900/gene_6122/gene_6137/gene_6171/gene_6330/gene_6541/gene_6769/gene_6789/gene_7114/gene_7154/gene_7976/gene_7979/gene_8386/gene_8404/gene_8548	35	interaction_vs_onu	significant	down	MF	TRUE
GO:0030246	carbohydrate binding	9/1166	13/4328	0.692307692307692	2.56973215463782	3.44166520100042	0.00174378735660961	0.0891269093378245	0.0876992471745184	gene_445/gene_1109/gene_2946/gene_2947/gene_5837/gene_6122/gene_7114/gene_7141/gene_7274	9	interaction_vs_onu	significant	down	MF	FALSE
GO:0004344	glucose dehydrogenase activity	6/1166	8/4328	0.75	2.78387650085763	3.06640627264809	0.00629854827846952	0.170431306358587	0.167701285432935	gene_484/gene_3441/gene_4064/gene_4970/gene_7462/gene_8586	6	interaction_vs_onu	significant	down	MF	FALSE
GO:0018446	pinocarveol dehydrogenase activity	6/1166	8/4328	0.75	2.78387650085763	3.06640627264809	0.00629854827846952	0.170431306358587	0.167701285432935	gene_484/gene_3441/gene_4064/gene_4970/gene_7462/gene_8586	6	interaction_vs_onu	significant	down	MF	FALSE
GO:0018447	chloral hydrate dehydrogenase activity	6/1166	8/4328	0.75	2.78387650085763	3.06640627264809	0.00629854827846952	0.170431306358587	0.167701285432935	gene_484/gene_3441/gene_4064/gene_4970/gene_7462/gene_8586	6	interaction_vs_onu	significant	down	MF	FALSE
GO:0018448	hydroxymethylmethylsilanediol oxidase activity	6/1166	8/4328	0.75	2.78387650085763	3.06640627264809	0.00629854827846952	0.170431306358587	0.167701285432935	gene_484/gene_3441/gene_4064/gene_4970/gene_7462/gene_8586	6	interaction_vs_onu	significant	down	MF	FALSE
GO:0018449	1-phenylethanol dehydrogenase activity	6/1166	8/4328	0.75	2.78387650085763	3.06640627264809	0.00629854827846952	0.170431306358587	0.167701285432935	gene_484/gene_3441/gene_4064/gene_4970/gene_7462/gene_8586	6	interaction_vs_onu	significant	down	MF	FALSE
GO:0018450	myrtenol dehydrogenase activity	6/1166	8/4328	0.75	2.78387650085763	3.06640627264809	0.00629854827846952	0.170431306358587	0.167701285432935	gene_484/gene_3441/gene_4064/gene_4970/gene_7462/gene_8586	6	interaction_vs_onu	significant	down	MF	FALSE
GO:0042469	versicolorin reductase activity	6/1166	8/4328	0.75	2.78387650085763	3.06640627264809	0.00629854827846952	0.170431306358587	0.167701285432935	gene_484/gene_3441/gene_4064/gene_4970/gene_7462/gene_8586	6	interaction_vs_onu	significant	down	MF	FALSE
GO:0045703	ketoreductase activity	6/1166	8/4328	0.75	2.78387650085763	3.06640627264809	0.00629854827846952	0.170431306358587	0.167701285432935	gene_484/gene_3441/gene_4064/gene_4970/gene_7462/gene_8586	6	interaction_vs_onu	significant	down	MF	FALSE
GO:0003723	RNA binding	30/1166	76/4328	0.394736842105263	1.46519815834612	2.48433378219041	0.0111546120596918	0.285062308192124	0.280496092729092	gene_152/gene_273/gene_516/gene_573/gene_744/gene_866/gene_908/gene_914/gene_1012/gene_1151/gene_1201/gene_1365/gene_2240/gene_2597/gene_2804/gene_2839/gene_3096/gene_3807/gene_4539/gene_4984/gene_5762/gene_5781/gene_5791/gene_6278/gene_6300/gene_6553/gene_7409/gene_7636/gene_7638/gene_8234	30	interaction_vs_onu	significant	down	MF	FALSE
GO:0005506	iron ion binding	36/1166	96/4328	0.375	1.39193825042882	2.35799145348314	0.0144085710000984	0.319864999165618	0.314741303526809	gene_168/gene_483/gene_858/gene_1474/gene_1510/gene_1969/gene_2629/gene_2984/gene_3152/gene_3416/gene_3701/gene_3703/gene_4147/gene_4321/gene_4473/gene_4806/gene_5040/gene_5090/gene_5481/gene_5573/gene_5766/gene_5910/gene_6467/gene_6796/gene_7103/gene_7194/gene_7203/gene_7215/gene_7242/gene_7433/gene_7492/gene_7983/gene_7987/gene_8471/gene_8499/gene_8585	36	interaction_vs_onu	significant	down	MF	FALSE
GO:0004527	exonuclease activity	6/1166	9/4328	0.666666666666667	2.47455688965123	2.68876579950078	0.0146025325706043	0.319864999165618	0.314741303526809	gene_1174/gene_5448/gene_5821/gene_7370/gene_7799/gene_7878	6	interaction_vs_onu	significant	down	MF	FALSE
GO:0016846	carbon-sulfur lyase activity	6/1166	9/4328	0.666666666666667	2.47455688965123	2.68876579950078	0.0146025325706043	0.319864999165618	0.314741303526809	gene_524/gene_1264/gene_1448/gene_3306/gene_7269/gene_7297	6	interaction_vs_onu	significant	down	MF	FALSE
GO:0018658	salicylate 1-monooxygenase activity	9/1166	17/4328	0.529411764705882	1.96508929472304	2.42083247949399	0.0201347675493003	0.394824709414605	0.388500286151671	gene_1069/gene_1491/gene_2554/gene_3440/gene_5899/gene_7331/gene_7971/gene_7994/gene_8587	9	interaction_vs_onu	significant	down	MF	FALSE
GO:0003855	3-dehydroquinate dehydratase activity	4/1166	5/4328	0.8	2.96946826758148	2.67548895336492	0.0205995500564142	0.394824709414605	0.388500286151671	gene_1007/gene_1358/gene_1874/gene_1877	4	interaction_vs_onu	significant	down	MF	FALSE
GO:0004540	ribonuclease activity	4/1166	5/4328	0.8	2.96946826758148	2.67548895336492	0.0205995500564142	0.394824709414605	0.388500286151671	gene_1201/gene_5056/gene_6300/gene_7409	4	interaction_vs_onu	significant	down	MF	FALSE
GO:0018664	benzoate 4-monooxygenase activity	7/1166	12/4328	0.583333333333333	2.16523727844483	2.45429105886979	0.0214578865077133	0.394825111741925	0.388500682034388	gene_2629/gene_3703/gene_5481/gene_5573/gene_7103/gene_7983/gene_8499	7	interaction_vs_onu	significant	down	MF	FALSE
GO:0004518	nuclease activity	10/1166	20/4328	0.5	1.85591766723842	2.32954407327132	0.0231673662038306	0.409884171298541	0.403318520957375	gene_1174/gene_1179/gene_1860/gene_3277/gene_3910/gene_5583/gene_5821/gene_7068/gene_7069/gene_7878	10	interaction_vs_onu	significant	down	MF	FALSE
GO:0016491	oxidoreductase activity	116/1166	372/4328	0.311827956989247	1.15745402903041	1.92867431397814	0.0321478105229633	0.547703438539374	0.538930156915174	gene_5/gene_90/gene_330/gene_364/gene_443/gene_483/gene_484/gene_822/gene_858/gene_902/gene_1061/gene_1068/gene_1069/gene_1211/gene_1260/gene_1318/gene_1491/gene_1566/gene_1576/gene_1623/gene_1759/gene_1827/gene_1880/gene_1969/gene_2249/gene_2276/gene_2554/gene_2605/gene_2633/gene_2713/gene_2772/gene_2862/gene_2866/gene_2933/gene_2937/gene_2948/gene_3042/gene_3066/gene_3067/gene_3152/gene_3154/gene_3213/gene_3416/gene_3428/gene_3438/gene_3439/gene_3440/gene_3441/gene_3447/gene_3646/gene_3658/gene_3692/gene_3701/gene_3734/gene_3793/gene_3998/gene_4064/gene_4305/gene_4309/gene_4311/gene_4466/gene_4744/gene_4745/gene_4746/gene_4763/gene_4766/gene_4914/gene_4970/gene_5040/gene_5090/gene_5125/gene_5168/gene_5173/gene_5493/gene_5502/gene_5506/gene_5650/gene_5665/gene_5714/gene_5771/gene_5848/gene_5891/gene_5899/gene_5910/gene_5918/gene_6125/gene_6130/gene_6170/gene_6248/gene_6267/gene_6315/gene_6467/gene_6528/gene_6763/gene_6796/gene_6924/gene_7189/gene_7208/gene_7217/gene_7331/gene_7347/gene_7374/gene_7462/gene_7826/gene_7971/gene_7986/gene_7988/gene_7994/gene_7997/gene_8055/gene_8197/gene_8242/gene_8586/gene_8587/gene_8589/gene_8628	116	interaction_vs_onu	significant	down	MF	FALSE
GO:0004040	amidase activity	7/1166	13/4328	0.538461538461538	1.9986805647183	2.18962460337666	0.0358636227588269	0.549908882302013	0.541100273203354	gene_2/gene_2418/gene_2964/gene_3769/gene_5515/gene_7989/gene_7998	7	interaction_vs_onu	significant	down	MF	FALSE
GO:0016564	transcription repressor activity	7/1166	13/4328	0.538461538461538	1.9986805647183	2.18962460337666	0.0358636227588269	0.549908882302013	0.541100273203354	gene_1849/gene_2453/gene_3620/gene_4695/gene_5892/gene_6514/gene_7294	7	interaction_vs_onu	significant	down	MF	FALSE
GO:0043765	T/G mismatch-specific endonuclease activity	7/1166	13/4328	0.538461538461538	1.9986805647183	2.18962460337666	0.0358636227588269	0.549908882302013	0.541100273203354	gene_1174/gene_1179/gene_1860/gene_3910/gene_5583/gene_5821/gene_7878	7	interaction_vs_onu	significant	down	MF	FALSE
GO:0015520	tetracycline:hydrogen antiporter activity	7/1166	14/4328	0.5	1.85591766723842	1.94768055457841	0.0554311959060109	0.822527423121452	0.809351926641246	gene_1192/gene_2336/gene_4904/gene_5074/gene_6164/gene_6485/gene_6953	7	interaction_vs_onu	significant	down	MF	FALSE
GO:0020037	heme binding	30/1166	86/4328	0.348837209302326	1.29482627946867	1.67684096613903	0.0626708232779511	0.860072473157883	0.846295568553524	gene_168/gene_400/gene_829/gene_845/gene_1474/gene_1510/gene_1759/gene_2629/gene_2984/gene_3703/gene_4147/gene_4321/gene_4473/gene_4806/gene_5469/gene_5481/gene_5573/gene_5766/gene_5910/gene_6248/gene_7103/gene_7203/gene_7215/gene_7242/gene_7433/gene_7492/gene_7983/gene_7987/gene_8499/gene_8585	30	interaction_vs_onu	significant	down	MF	FALSE
GO:0003899	DNA-directed RNA polymerase activity	12/1166	29/4328	0.413793103448276	1.53593186254214	1.75827436442746	0.0648484210471128	0.860072473157883	0.846295568553524	gene_273/gene_499/gene_2091/gene_2305/gene_2323/gene_2523/gene_2555/gene_3923/gene_4519/gene_6045/gene_6761/gene_7388	12	interaction_vs_onu	significant	down	MF	FALSE
GO:0004526	ribonuclease P activity	5/1166	9/4328	0.555555555555556	2.06213074137602	1.93673152392631	0.0654402968707085	0.860072473157883	0.846295568553524	gene_1201/gene_3716/gene_4082/gene_5056/gene_5964	5	interaction_vs_onu	significant	down	MF	FALSE
GO:0018662	phenol 2-monooxygenase activity	5/1166	9/4328	0.555555555555556	2.06213074137602	1.93673152392631	0.0654402968707085	0.860072473157883	0.846295568553524	gene_1318/gene_1576/gene_3042/gene_7374/gene_7997	5	interaction_vs_onu	significant	down	MF	FALSE
GO:0043365	[formate-C-acetyltransferase]-activating enzyme activity	6/1166	12/4328	0.5	1.85591766723842	1.80278396228071	0.0750571603523739	0.959063715613666	0.943701138933356	gene_1863/gene_4074/gene_4613/gene_6582/gene_7113/gene_8129	6	interaction_vs_onu	significant	down	MF	FALSE
GO:0042578	phosphoric ester hydrolase activity	7/1166	15/4328	0.466666666666667	1.73218982275586	1.72481046481367	0.0804746505279137	0.962654209766518	0.947234119449892	gene_1174/gene_1179/gene_1860/gene_3910/gene_5583/gene_5821/gene_7878	7	interaction_vs_onu	significant	down	MF	FALSE
GO:0004719	protein-L-isoaspartate (D-aspartate) O-methyltransferase activity	4/1166	7/4328	0.571428571428571	2.1210487625582	1.80236680624846	0.0896973674250705	0.962654209766518	0.947234119449892	gene_2326/gene_3098/gene_5856/gene_5953	4	interaction_vs_onu	significant	down	MF	FALSE
GO:0003676	nucleic acid binding	94/1166	311/4328	0.302250803858521	1.12190521363609	1.35491904879819	0.0996634113020936	0.962654209766518	0.947234119449892	gene_185/gene_209/gene_305/gene_447/gene_516/gene_647/gene_696/gene_734/gene_744/gene_811/gene_1089/gene_1116/gene_1148/gene_1163/gene_1174/gene_1208/gene_1633/gene_1635/gene_1858/gene_2091/gene_2258/gene_2308/gene_2397/gene_2406/gene_2408/gene_2425/gene_2462/gene_2493/gene_2518/gene_2543/gene_2547/gene_2557/gene_2569/gene_2597/gene_2621/gene_2836/gene_3039/gene_3089/gene_3135/gene_3287/gene_3310/gene_3325/gene_3444/gene_3464/gene_3468/gene_3559/gene_3576/gene_3589/gene_3673/gene_3722/gene_3798/gene_3813/gene_3873/gene_3897/gene_3912/gene_3921/gene_3996/gene_4081/gene_4087/gene_4246/gene_4377/gene_4390/gene_4462/gene_4520/gene_4700/gene_4952/gene_5150/gene_5216/gene_5348/gene_5352/gene_5420/gene_5592/gene_5600/gene_5781/gene_5791/gene_5821/gene_5966/gene_6302/gene_6520/gene_6648/gene_6801/gene_7044/gene_7370/gene_7388/gene_7520/gene_7569/gene_7756/gene_7849/gene_7878/gene_7914/gene_8071/gene_8115/gene_8392/gene_8447	94	interaction_vs_onu	significant	down	MF	FALSE
GO:0050381	unspecific monooxygenase activity	5/1166	10/4328	0.5	1.85591766723842	1.64532789898507	0.102612248632628	0.962654209766518	0.947234119449892	gene_1474/gene_4321/gene_4473/gene_7492/gene_8585	5	interaction_vs_onu	significant	down	MF	FALSE
GO:0003887	DNA-directed DNA polymerase activity	9/1166	22/4328	0.409090909090909	1.51847809137689	1.48035722418049	0.110100430935048	0.962654209766518	0.947234119449892	gene_736/gene_1500/gene_2824/gene_2894/gene_3156/gene_3287/gene_3310/gene_4511/gene_6064	9	interaction_vs_onu	significant	down	MF	FALSE
GO:0003755	peptidyl-prolyl cis-trans isomerase activity	7/1166	16/4328	0.4375	1.62392795883362	1.51815758063186	0.110997510052406	0.962654209766518	0.947234119449892	gene_1858/gene_2822/gene_4049/gene_4236/gene_4238/gene_5219/gene_7389	7	interaction_vs_onu	significant	down	MF	FALSE
GO:0004600	cyclophilin	7/1166	16/4328	0.4375	1.62392795883362	1.51815758063186	0.110997510052406	0.962654209766518	0.947234119449892	gene_1858/gene_2822/gene_4049/gene_4236/gene_4238/gene_5219/gene_7389	7	interaction_vs_onu	significant	down	MF	FALSE
GO:0008422	beta-glucosidase activity	7/1166	16/4328	0.4375	1.62392795883362	1.51815758063186	0.110997510052406	0.962654209766518	0.947234119449892	gene_738/gene_1439/gene_3307/gene_5659/gene_5900/gene_7979/gene_8386	7	interaction_vs_onu	significant	down	MF	FALSE
GO:0030051	FK506-sensitive peptidyl-prolyl cis-trans isomerase	7/1166	16/4328	0.4375	1.62392795883362	1.51815758063186	0.110997510052406	0.962654209766518	0.947234119449892	gene_1858/gene_2822/gene_4049/gene_4236/gene_4238/gene_5219/gene_7389	7	interaction_vs_onu	significant	down	MF	FALSE
GO:0034061	DNA polymerase activity	7/1166	16/4328	0.4375	1.62392795883362	1.51815758063186	0.110997510052406	0.962654209766518	0.947234119449892	gene_1500/gene_2824/gene_2894/gene_3156/gene_3287/gene_3310/gene_6064	7	interaction_vs_onu	significant	down	MF	FALSE
GO:0042027	cyclophilin-type peptidyl-prolyl cis-trans isomerase activity	7/1166	16/4328	0.4375	1.62392795883362	1.51815758063186	0.110997510052406	0.962654209766518	0.947234119449892	gene_1858/gene_2822/gene_4049/gene_4236/gene_4238/gene_5219/gene_7389	7	interaction_vs_onu	significant	down	MF	FALSE
GO:0003858	3-hydroxybutyrate dehydrogenase activity	3/1166	5/4328	0.6	2.22710120068611	1.66699599132317	0.124910850088982	0.962654209766518	0.947234119449892	gene_1880/gene_4305/gene_5502	3	interaction_vs_onu	significant	down	MF	FALSE
GO:0004713	protein-tyrosine kinase activity	3/1166	5/4328	0.6	2.22710120068611	1.66699599132317	0.124910850088982	0.962654209766518	0.947234119449892	gene_1802/gene_3365/gene_4059	3	interaction_vs_onu	significant	down	MF	FALSE
GO:0004765	shikimate kinase activity	3/1166	5/4328	0.6	2.22710120068611	1.66699599132317	0.124910850088982	0.962654209766518	0.947234119449892	gene_1007/gene_1874/gene_2401	3	interaction_vs_onu	significant	down	MF	FALSE
GO:0008967	phosphoglycolate phosphatase activity	3/1166	5/4328	0.6	2.22710120068611	1.66699599132317	0.124910850088982	0.962654209766518	0.947234119449892	gene_2511/gene_3126/gene_3691	3	interaction_vs_onu	significant	down	MF	FALSE
GO:0003684	damaged DNA binding	4/1166	8/4328	0.5	1.85591766723842	1.47128531735711	0.14219764036838	0.962654209766518	0.947234119449892	gene_647/gene_1163/gene_1961/gene_7799	4	interaction_vs_onu	significant	down	MF	FALSE
GO:0016614	oxidoreductase activity, acting on CH-OH group of donors	4/1166	8/4328	0.5	1.85591766723842	1.47128531735711	0.14219764036838	0.962654209766518	0.947234119449892	gene_3659/gene_5980/gene_6541/gene_6637	4	interaction_vs_onu	significant	down	MF	FALSE
GO:0003950	NAD+ ADP-ribosyltransferase activity	5/1166	11/4328	0.454545454545455	1.68719787930766	1.38563523649365	0.147907852968114	0.962654209766518	0.947234119449892	gene_1059/gene_2858/gene_3399/gene_5329/gene_5978	5	interaction_vs_onu	significant	down	MF	FALSE
GO:0030528	transcription regulator activity	9/1166	24/4328	0.375	1.39193825042882	1.16909264742374	0.172624479382019	0.962654209766518	0.947234119449892	gene_715/gene_811/gene_1278/gene_2064/gene_2091/gene_4505/gene_4552/gene_5029/gene_7388	9	interaction_vs_onu	significant	down	MF	FALSE
GO:0004568	chitinase activity	5/1166	12/4328	0.416666666666667	1.54659805603202	1.15127686569162	0.199944061979358	0.962654209766518	0.947234119449892	gene_2967/gene_4195/gene_6137/gene_6330/gene_6769	5	interaction_vs_onu	significant	down	MF	FALSE
GO:0008138	protein tyrosine/serine/threonine phosphatase activity	5/1166	12/4328	0.416666666666667	1.54659805603202	1.15127686569162	0.199944061979358	0.962654209766518	0.947234119449892	gene_2511/gene_2720/gene_4344/gene_6518/gene_7366	5	interaction_vs_onu	significant	down	MF	FALSE
GO:0008843	endochitinase activity	5/1166	12/4328	0.416666666666667	1.54659805603202	1.15127686569162	0.199944061979358	0.962654209766518	0.947234119449892	gene_2967/gene_4195/gene_6137/gene_6330/gene_6769	5	interaction_vs_onu	significant	down	MF	FALSE
GO:0003996	acyl-CoA ligase activity	3/1166	6/4328	0.5	1.85591766723842	1.27387561655294	0.201159683793103	0.962654209766518	0.947234119449892	gene_4025/gene_4304/gene_6527	3	interaction_vs_onu	significant	down	MF	FALSE
GO:0004402	histone acetyltransferase activity	3/1166	6/4328	0.5	1.85591766723842	1.27387561655294	0.201159683793103	0.962654209766518	0.947234119449892	gene_1175/gene_2299/gene_3436	3	interaction_vs_onu	significant	down	MF	FALSE
GO:0004774	succinate-CoA ligase activity	3/1166	6/4328	0.5	1.85591766723842	1.27387561655294	0.201159683793103	0.962654209766518	0.947234119449892	gene_4025/gene_4304/gene_6527	3	interaction_vs_onu	significant	down	MF	FALSE
GO:0016207	4-coumarate-CoA ligase activity	3/1166	6/4328	0.5	1.85591766723842	1.27387561655294	0.201159683793103	0.962654209766518	0.947234119449892	gene_3830/gene_4310/gene_4971	3	interaction_vs_onu	significant	down	MF	FALSE
GO:0017136	NAD-dependent histone deacetylase activity	3/1166	6/4328	0.5	1.85591766723842	1.27387561655294	0.201159683793103	0.962654209766518	0.947234119449892	gene_2076/gene_2977/gene_6318	3	interaction_vs_onu	significant	down	MF	FALSE
GO:0018853	perillyl-CoA synthetase activity	3/1166	6/4328	0.5	1.85591766723842	1.27387561655294	0.201159683793103	0.962654209766518	0.947234119449892	gene_4025/gene_4304/gene_6527	3	interaction_vs_onu	significant	down	MF	FALSE
GO:0018854	3-isopropenyl-6-oxoheptanoyl-CoA synthetase activity	3/1166	6/4328	0.5	1.85591766723842	1.27387561655294	0.201159683793103	0.962654209766518	0.947234119449892	gene_4025/gene_4304/gene_6527	3	interaction_vs_onu	significant	down	MF	FALSE
GO:0018855	2-oxo-delta3-4,5,5-trimethylcyclopentenylacetyl-CoA synthetase activity	3/1166	6/4328	0.5	1.85591766723842	1.27387561655294	0.201159683793103	0.962654209766518	0.947234119449892	gene_4025/gene_4304/gene_6527	3	interaction_vs_onu	significant	down	MF	FALSE
GO:0018856	benzoyl acetate-CoA ligase activity	3/1166	6/4328	0.5	1.85591766723842	1.27387561655294	0.201159683793103	0.962654209766518	0.947234119449892	gene_4025/gene_4304/gene_6527	3	interaction_vs_onu	significant	down	MF	FALSE
GO:0018857	2,4-dichlorobenzoate-CoA ligase activity	3/1166	6/4328	0.5	1.85591766723842	1.27387561655294	0.201159683793103	0.962654209766518	0.947234119449892	gene_4025/gene_4304/gene_6527	3	interaction_vs_onu	significant	down	MF	FALSE
GO:0043759	branched-chain acyl-CoA synthetase (ADP-forming) activity	3/1166	6/4328	0.5	1.85591766723842	1.27387561655294	0.201159683793103	0.962654209766518	0.947234119449892	gene_4025/gene_4304/gene_6527	3	interaction_vs_onu	significant	down	MF	FALSE
GO:0043762	aryl-CoA synthetase (ADP-forming) activity	3/1166	6/4328	0.5	1.85591766723842	1.27387561655294	0.201159683793103	0.962654209766518	0.947234119449892	gene_4025/gene_4304/gene_6527	3	interaction_vs_onu	significant	down	MF	FALSE
GO:0004022	alcohol dehydrogenase activity	4/1166	9/4328	0.444444444444444	1.64970459310082	1.18469724835183	0.203603515166517	0.962654209766518	0.947234119449892	gene_1566/gene_2633/gene_3428/gene_7217	4	interaction_vs_onu	significant	down	MF	FALSE
GO:0004023	alcohol dehydrogenase activity, metal ion-independent	4/1166	9/4328	0.444444444444444	1.64970459310082	1.18469724835183	0.203603515166517	0.962654209766518	0.947234119449892	gene_1566/gene_2633/gene_3428/gene_7217	4	interaction_vs_onu	significant	down	MF	FALSE
GO:0004024	alcohol dehydrogenase activity, zinc-dependent	4/1166	9/4328	0.444444444444444	1.64970459310082	1.18469724835183	0.203603515166517	0.962654209766518	0.947234119449892	gene_1566/gene_2633/gene_3428/gene_7217	4	interaction_vs_onu	significant	down	MF	FALSE
GO:0004025	alcohol dehydrogenase activity, iron-dependent	4/1166	9/4328	0.444444444444444	1.64970459310082	1.18469724835183	0.203603515166517	0.962654209766518	0.947234119449892	gene_1566/gene_2633/gene_3428/gene_7217	4	interaction_vs_onu	significant	down	MF	FALSE
GO:0016813	hydrolase activity, acting on carbon-nitrogen (but not peptide) bonds, in linear amidines	4/1166	9/4328	0.444444444444444	1.64970459310082	1.18469724835183	0.203603515166517	0.962654209766518	0.947234119449892	gene_1577/gene_5897/gene_6438/gene_8368	4	interaction_vs_onu	significant	down	MF	FALSE
GO:0019798	procollagen-proline dioxygenase activity	8/1166	22/4328	0.363636363636364	1.34975830344612	0.998628948522356	0.219703566936105	0.962654209766518	0.947234119449892	gene_201/gene_483/gene_3416/gene_3701/gene_5171/gene_5848/gene_7189/gene_8628	8	interaction_vs_onu	significant	down	MF	FALSE
GO:0004682	protein kinase CK2 activity	18/1166	56/4328	0.321428571428571	1.19308992893899	0.883079502329998	0.229062567661562	0.962654209766518	0.947234119449892	gene_383/gene_977/gene_1065/gene_2306/gene_2546/gene_3083/gene_3357/gene_3577/gene_4059/gene_4612/gene_4868/gene_5102/gene_5692/gene_6451/gene_6480/gene_6705/gene_6720/gene_7425	18	interaction_vs_onu	significant	down	MF	FALSE
GO:0000907	sulfonate dioxygenase activity	7/1166	19/4328	0.368421052631579	1.36751828112305	0.97483090718233	0.231309010254647	0.962654209766518	0.947234119449892	gene_201/gene_483/gene_3416/gene_3701/gene_5848/gene_7189/gene_8628	7	interaction_vs_onu	significant	down	MF	FALSE
GO:0010302	2-oxoglutarate-dependent dioxygenase activity	7/1166	19/4328	0.368421052631579	1.36751828112305	0.97483090718233	0.231309010254647	0.962654209766518	0.947234119449892	gene_201/gene_483/gene_3416/gene_3701/gene_5848/gene_7189/gene_8628	7	interaction_vs_onu	significant	down	MF	FALSE
GO:0018602	2,4-dichlorophenoxyacetate alpha-ketoglutarate dioxygenase activity	7/1166	19/4328	0.368421052631579	1.36751828112305	0.97483090718233	0.231309010254647	0.962654209766518	0.947234119449892	gene_201/gene_483/gene_3416/gene_3701/gene_5848/gene_7189/gene_8628	7	interaction_vs_onu	significant	down	MF	FALSE
GO:0043734	DNA-N1-methyladenine dioxygenase activity	7/1166	19/4328	0.368421052631579	1.36751828112305	0.97483090718233	0.231309010254647	0.962654209766518	0.947234119449892	gene_201/gene_483/gene_3416/gene_3701/gene_5848/gene_7189/gene_8628	7	interaction_vs_onu	significant	down	MF	FALSE
GO:0004806	triacylglycerol lipase activity	6/1166	16/4328	0.375	1.39193825042882	0.953674246527508	0.243740373612027	0.962654209766518	0.947234119449892	gene_1066/gene_1329/gene_1662/gene_4697/gene_5504/gene_5795	6	interaction_vs_onu	significant	down	MF	FALSE
GO:0004672	protein kinase activity	35/1166	117/4328	0.299145299145299	1.11037809151017	0.734928316352787	0.261586671605128	0.962654209766518	0.947234119449892	gene_383/gene_1479/gene_1802/gene_2306/gene_2525/gene_2526/gene_3083/gene_3357/gene_3537/gene_3577/gene_3690/gene_3972/gene_3990/gene_4059/gene_4267/gene_4510/gene_4612/gene_4868/gene_5102/gene_5522/gene_5690/gene_5692/gene_5733/gene_5904/gene_6347/gene_6376/gene_6451/gene_6480/gene_6558/gene_6705/gene_6720/gene_7279/gene_7425/gene_7589/gene_7714	35	interaction_vs_onu	significant	down	MF	FALSE
GO:0008168	methyltransferase activity	7/1166	20/4328	0.35	1.2991423670669	0.814173319395827	0.278587276470179	0.962654209766518	0.947234119449892	gene_2438/gene_2557/gene_3708/gene_3735/gene_4713/gene_5993/gene_6395	7	interaction_vs_onu	significant	down	MF	FALSE
GO:0016884	carbon-nitrogen ligase activity, with glutamine as amido-N-donor	7/1166	20/4328	0.35	1.2991423670669	0.814173319395827	0.278587276470179	0.962654209766518	0.947234119449892	gene_2/gene_2418/gene_2964/gene_3769/gene_5515/gene_7989/gene_7998	7	interaction_vs_onu	significant	down	MF	FALSE
GO:0008496	mannan endo-1,6-alpha-mannosidase activity	3/1166	7/4328	0.428571428571429	1.59078657191865	0.949837457893996	0.284756421069127	0.962654209766518	0.947234119449892	gene_336/gene_3380/gene_8220	3	interaction_vs_onu	significant	down	MF	FALSE
GO:0016853	isomerase activity	3/1166	7/4328	0.428571428571429	1.59078657191865	0.949837457893996	0.284756421069127	0.962654209766518	0.947234119449892	gene_5837/gene_7141/gene_7389	3	interaction_vs_onu	significant	down	MF	FALSE
GO:0003995	acyl-CoA dehydrogenase activity	4/1166	11/4328	0.363636363636364	1.34975830344612	0.705237085422113	0.341229982315392	0.962654209766518	0.947234119449892	gene_1218/gene_3558/gene_4969/gene_5064	4	interaction_vs_onu	significant	down	MF	FALSE
GO:0004029	aldehyde dehydrogenase (NAD) activity	3/1166	8/4328	0.375	1.39193825042882	0.673724839711623	0.370291689489575	0.962654209766518	0.947234119449892	gene_3213/gene_3447/gene_8589	3	interaction_vs_onu	significant	down	MF	FALSE
GO:0016829	lyase activity	3/1166	8/4328	0.375	1.39193825042882	0.673724839711623	0.370291689489575	0.962654209766518	0.947234119449892	gene_329/gene_2754/gene_8034	3	interaction_vs_onu	significant	down	MF	FALSE
GO:0016831	carboxy-lyase activity	3/1166	8/4328	0.375	1.39193825042882	0.673724839711623	0.370291689489575	0.962654209766518	0.947234119449892	gene_3440/gene_5022/gene_7970	3	interaction_vs_onu	significant	down	MF	FALSE
GO:0051287	NAD binding	9/1166	29/4328	0.310344827586207	1.15194889690661	0.498510853351081	0.375489917541309	0.962654209766518	0.947234119449892	gene_2076/gene_2977/gene_3438/gene_4710/gene_6318/gene_6435/gene_7698/gene_7963/gene_8166	9	interaction_vs_onu	significant	down	MF	FALSE
GO:0008171	O-methyltransferase activity	5/1166	15/4328	0.333333333333333	1.23727844482561	0.558953883256031	0.378884270879444	0.962654209766518	0.947234119449892	gene_152/gene_2914/gene_5762/gene_7327/gene_7330	5	interaction_vs_onu	significant	down	MF	FALSE
GO:0046873	metal ion transmembrane transporter activity	5/1166	15/4328	0.333333333333333	1.23727844482561	0.558953883256031	0.378884270879444	0.962654209766518	0.947234119449892	gene_1787/gene_2415/gene_3399/gene_4001/gene_6597	5	interaction_vs_onu	significant	down	MF	FALSE
GO:0001668	phosphatidylinositol-4,5-bisphosphate 5-phosphatase activity	2/1166	5/4328	0.4	1.48473413379074	0.658503029281419	0.408092729902483	0.962654209766518	0.947234119449892	gene_2511/gene_4344	2	interaction_vs_onu	significant	down	MF	FALSE
GO:0003906	DNA-(apurinic or apyrimidinic site) lyase activity	2/1166	5/4328	0.4	1.48473413379074	0.658503029281419	0.408092729902483	0.962654209766518	0.947234119449892	gene_647/gene_3277	2	interaction_vs_onu	significant	down	MF	FALSE
GO:0004000	adenosine deaminase activity	2/1166	5/4328	0.4	1.48473413379074	0.658503029281419	0.408092729902483	0.962654209766518	0.947234119449892	gene_1862/gene_2804	2	interaction_vs_onu	significant	down	MF	FALSE
GO:0004032	aldehyde reductase activity	2/1166	5/4328	0.4	1.48473413379074	0.658503029281419	0.408092729902483	0.962654209766518	0.947234119449892	gene_5555/gene_8537	2	interaction_vs_onu	significant	down	MF	FALSE
GO:0004300	enoyl-CoA hydratase activity	2/1166	5/4328	0.4	1.48473413379074	0.658503029281419	0.408092729902483	0.962654209766518	0.947234119449892	gene_4308/gene_7226	2	interaction_vs_onu	significant	down	MF	FALSE
GO:0004396	hexokinase activity	2/1166	5/4328	0.4	1.48473413379074	0.658503029281419	0.408092729902483	0.962654209766518	0.947234119449892	gene_4052/gene_8213	2	interaction_vs_onu	significant	down	MF	FALSE
GO:0004460	L-lactate dehydrogenase (cytochrome) activity	2/1166	5/4328	0.4	1.48473413379074	0.658503029281419	0.408092729902483	0.962654209766518	0.947234119449892	gene_5650/gene_6248	2	interaction_vs_onu	significant	down	MF	FALSE
GO:0004617	phosphoglycerate dehydrogenase activity	2/1166	5/4328	0.4	1.48473413379074	0.658503029281419	0.408092729902483	0.962654209766518	0.947234119449892	gene_6435/gene_7698	2	interaction_vs_onu	significant	down	MF	FALSE
GO:0008199	ferric iron binding	2/1166	5/4328	0.4	1.48473413379074	0.658503029281419	0.408092729902483	0.962654209766518	0.947234119449892	gene_7194/gene_8471	2	interaction_vs_onu	significant	down	MF	FALSE
GO:0008330	protein tyrosine/threonine phosphatase activity	2/1166	5/4328	0.4	1.48473413379074	0.658503029281419	0.408092729902483	0.962654209766518	0.947234119449892	gene_2511/gene_4344	2	interaction_vs_onu	significant	down	MF	FALSE
GO:0008579	JUN kinase phosphatase activity	2/1166	5/4328	0.4	1.48473413379074	0.658503029281419	0.408092729902483	0.962654209766518	0.947234119449892	gene_2511/gene_4344	2	interaction_vs_onu	significant	down	MF	FALSE
GO:0008783	agmatinase activity	2/1166	5/4328	0.4	1.48473413379074	0.658503029281419	0.408092729902483	0.962654209766518	0.947234119449892	gene_6438/gene_8368	2	interaction_vs_onu	significant	down	MF	FALSE
GO:0008969	phosphohistidine phosphatase activity	2/1166	5/4328	0.4	1.48473413379074	0.658503029281419	0.408092729902483	0.962654209766518	0.947234119449892	gene_2511/gene_4344	2	interaction_vs_onu	significant	down	MF	FALSE
GO:0015299	solute:hydrogen antiporter activity	2/1166	5/4328	0.4	1.48473413379074	0.658503029281419	0.408092729902483	0.962654209766518	0.947234119449892	gene_2428/gene_3683	2	interaction_vs_onu	significant	down	MF	FALSE
GO:0015412	molybdate transmembrane-transporting ATPase activity	2/1166	5/4328	0.4	1.48473413379074	0.658503029281419	0.408092729902483	0.962654209766518	0.947234119449892	gene_128/gene_175	2	interaction_vs_onu	significant	down	MF	FALSE
GO:0016312	inositol bisphosphate phosphatase activity	2/1166	5/4328	0.4	1.48473413379074	0.658503029281419	0.408092729902483	0.962654209766518	0.947234119449892	gene_2511/gene_4344	2	interaction_vs_onu	significant	down	MF	FALSE
GO:0016413	O-acetyltransferase activity	2/1166	5/4328	0.4	1.48473413379074	0.658503029281419	0.408092729902483	0.962654209766518	0.947234119449892	gene_430/gene_6920	2	interaction_vs_onu	significant	down	MF	FALSE
GO:0016439	tRNA-pseudouridine synthase activity	2/1166	5/4328	0.4	1.48473413379074	0.658503029281419	0.408092729902483	0.962654209766518	0.947234119449892	gene_573/gene_908	2	interaction_vs_onu	significant	down	MF	FALSE
GO:0016702	oxidoreductase activity, acting on single donors with incorporation of molecular oxygen, incorporation of two atoms of oxygen	2/1166	5/4328	0.4	1.48473413379074	0.658503029281419	0.408092729902483	0.962654209766518	0.947234119449892	gene_7194/gene_8471	2	interaction_vs_onu	significant	down	MF	FALSE
GO:0017017	MAP kinase tyrosine/serine/threonine phosphatase activity	2/1166	5/4328	0.4	1.48473413379074	0.658503029281419	0.408092729902483	0.962654209766518	0.947234119449892	gene_2511/gene_4344	2	interaction_vs_onu	significant	down	MF	FALSE
GO:0017161	inositol-1,3,4-trisphosphate 4-phosphatase activity	2/1166	5/4328	0.4	1.48473413379074	0.658503029281419	0.408092729902483	0.962654209766518	0.947234119449892	gene_2511/gene_4344	2	interaction_vs_onu	significant	down	MF	FALSE
GO:0019175	alpha-ribazole-5'-P phosphatase activity	2/1166	5/4328	0.4	1.48473413379074	0.658503029281419	0.408092729902483	0.962654209766518	0.947234119449892	gene_2511/gene_4344	2	interaction_vs_onu	significant	down	MF	FALSE
GO:0019178	NADP phosphatase activity	2/1166	5/4328	0.4	1.48473413379074	0.658503029281419	0.408092729902483	0.962654209766518	0.947234119449892	gene_2511/gene_4344	2	interaction_vs_onu	significant	down	MF	FALSE
GO:0019198	transmembrane receptor protein phosphatase activity	2/1166	5/4328	0.4	1.48473413379074	0.658503029281419	0.408092729902483	0.962654209766518	0.947234119449892	gene_2511/gene_4344	2	interaction_vs_onu	significant	down	MF	FALSE
GO:0030151	molybdenum ion binding	2/1166	5/4328	0.4	1.48473413379074	0.658503029281419	0.408092729902483	0.962654209766518	0.947234119449892	gene_822/gene_1759	2	interaction_vs_onu	significant	down	MF	FALSE
GO:0030351	inositol-1,3,4,5,6-pentakisphosphate 3-phosphatase activity	2/1166	5/4328	0.4	1.48473413379074	0.658503029281419	0.408092729902483	0.962654209766518	0.947234119449892	gene_2511/gene_4344	2	interaction_vs_onu	significant	down	MF	FALSE
GO:0030352	inositol-1,4,5,6-tetrakisphosphate 6-phosphatase activity	2/1166	5/4328	0.4	1.48473413379074	0.658503029281419	0.408092729902483	0.962654209766518	0.947234119449892	gene_2511/gene_4344	2	interaction_vs_onu	significant	down	MF	FALSE
GO:0043726	5-amino-6-(5-phosphoribitylamino)uracil phosphatase activity	2/1166	5/4328	0.4	1.48473413379074	0.658503029281419	0.408092729902483	0.962654209766518	0.947234119449892	gene_2511/gene_4344	2	interaction_vs_onu	significant	down	MF	FALSE
GO:0043812	phosphatidylinositol-4-phosphate phosphatase activity	2/1166	5/4328	0.4	1.48473413379074	0.658503029281419	0.408092729902483	0.962654209766518	0.947234119449892	gene_2511/gene_4344	2	interaction_vs_onu	significant	down	MF	FALSE
GO:0043813	phosphatidylinositol-3,5-bisphosphate 5-phosphatase activity	2/1166	5/4328	0.4	1.48473413379074	0.658503029281419	0.408092729902483	0.962654209766518	0.947234119449892	gene_2511/gene_4344	2	interaction_vs_onu	significant	down	MF	FALSE
GO:0045543	gibberellin 2-beta-dioxygenase activity	2/1166	5/4328	0.4	1.48473413379074	0.658503029281419	0.408092729902483	0.962654209766518	0.947234119449892	gene_5803/gene_6796	2	interaction_vs_onu	significant	down	MF	FALSE
GO:0008875	gluconate dehydrogenase activity	4/1166	12/4328	0.333333333333333	1.23727844482561	0.499769769102534	0.411872942483408	0.962654209766518	0.947234119449892	gene_330/gene_1743/gene_5173/gene_7963	4	interaction_vs_onu	significant	down	MF	FALSE
GO:0018667	cyclohexanone monooxygenase activity	4/1166	12/4328	0.333333333333333	1.23727844482561	0.499769769102534	0.411872942483408	0.962654209766518	0.947234119449892	gene_3964/gene_4941/gene_4967/gene_8625	4	interaction_vs_onu	significant	down	MF	FALSE
GO:0048037	cofactor binding	5/1166	16/4328	0.3125	1.15994854202401	0.389190912423151	0.440313315091906	0.962654209766518	0.947234119449892	gene_4314/gene_4710/gene_6435/gene_7698/gene_7963	5	interaction_vs_onu	significant	down	MF	FALSE
GO:0004316	3-oxoacyl-[acyl-carrier-protein] reductase activity	3/1166	9/4328	0.333333333333333	1.23727844482561	0.432662972777364	0.453635776651105	0.962654209766518	0.947234119449892	gene_3066/gene_3439/gene_4914	3	interaction_vs_onu	significant	down	MF	FALSE
GO:0004364	glutathione transferase activity	3/1166	9/4328	0.333333333333333	1.23727844482561	0.432662972777364	0.453635776651105	0.962654209766518	0.947234119449892	gene_936/gene_1730/gene_2508	3	interaction_vs_onu	significant	down	MF	FALSE
GO:0004673	protein histidine kinase activity	3/1166	9/4328	0.333333333333333	1.23727844482561	0.432662972777364	0.453635776651105	0.962654209766518	0.947234119449892	gene_508/gene_1048/gene_1290	3	interaction_vs_onu	significant	down	MF	FALSE
GO:0008131	amine oxidase activity	3/1166	9/4328	0.333333333333333	1.23727844482561	0.432662972777364	0.453635776651105	0.962654209766518	0.947234119449892	gene_4123/gene_5508/gene_5665	3	interaction_vs_onu	significant	down	MF	FALSE
GO:0008484	sulfuric ester hydrolase activity	3/1166	9/4328	0.333333333333333	1.23727844482561	0.432662972777364	0.453635776651105	0.962654209766518	0.947234119449892	gene_4155/gene_6458/gene_6673	3	interaction_vs_onu	significant	down	MF	FALSE
GO:0004674	protein serine/threonine kinase activity	30/1166	108/4328	0.277777777777778	1.03106537068801	0.198515299124487	0.458337287502002	0.962654209766518	0.947234119449892	gene_1065/gene_1479/gene_2306/gene_2525/gene_2526/gene_2546/gene_3083/gene_3357/gene_3537/gene_3577/gene_3690/gene_3990/gene_4059/gene_4267/gene_4510/gene_4612/gene_4868/gene_5102/gene_5690/gene_5692/gene_5733/gene_5904/gene_6376/gene_6451/gene_6480/gene_6705/gene_6720/gene_7425/gene_7589/gene_7714	30	interaction_vs_onu	significant	down	MF	FALSE
GO:0008170	N-methyltransferase activity	4/1166	13/4328	0.307692307692308	1.14210317983903	0.311563706941031	0.4807045446984	0.962654209766518	0.947234119449892	gene_152/gene_2156/gene_2914/gene_5762	4	interaction_vs_onu	significant	down	MF	FALSE
GO:0016788	hydrolase activity, acting on ester bonds	4/1166	13/4328	0.307692307692308	1.14210317983903	0.311563706941031	0.4807045446984	0.962654209766518	0.947234119449892	gene_1653/gene_2448/gene_3910/gene_6801	4	interaction_vs_onu	significant	down	MF	FALSE
GO:0004407	histone deacetylase activity	5/1166	17/4328	0.294117647058824	1.09171627484613	0.230061340706748	0.500165794471457	0.962654209766518	0.947234119449892	gene_2076/gene_2977/gene_3115/gene_3585/gene_6318	5	interaction_vs_onu	significant	down	MF	FALSE
GO:0008080	N-acetyltransferase activity	9/1166	32/4328	0.28125	1.04395368782161	0.151530467157195	0.506976229312901	0.962654209766518	0.947234119449892	gene_430/gene_3190/gene_3436/gene_3771/gene_3857/gene_5362/gene_6393/gene_6920/gene_7804	9	interaction_vs_onu	significant	down	MF	FALSE
GO:0000810	diacylglycerol pyrophosphate phosphatase activity	2/1166	6/4328	0.333333333333333	1.23727844482561	0.353145211001649	0.511559252957172	0.962654209766518	0.947234119449892	gene_4488/gene_5208	2	interaction_vs_onu	significant	down	MF	FALSE
GO:0004458	D-lactate dehydrogenase (cytochrome) activity	2/1166	6/4328	0.333333333333333	1.23727844482561	0.353145211001649	0.511559252957172	0.962654209766518	0.947234119449892	gene_1260/gene_6924	2	interaction_vs_onu	significant	down	MF	FALSE
GO:0004622	lysophospholipase activity	2/1166	6/4328	0.333333333333333	1.23727844482561	0.353145211001649	0.511559252957172	0.962654209766518	0.947234119449892	gene_3557/gene_4922	2	interaction_vs_onu	significant	down	MF	FALSE
GO:0004787	thiamin-pyrophosphatase activity	2/1166	6/4328	0.333333333333333	1.23727844482561	0.353145211001649	0.511559252957172	0.962654209766518	0.947234119449892	gene_4488/gene_5208	2	interaction_vs_onu	significant	down	MF	FALSE
GO:0008413	8-oxo-7,8-dihydroguanine triphosphatase activity	2/1166	6/4328	0.333333333333333	1.23727844482561	0.353145211001649	0.511559252957172	0.962654209766518	0.947234119449892	gene_4488/gene_5208	2	interaction_vs_onu	significant	down	MF	FALSE
GO:0008688	3-(3-hydroxy-phenyl)propionate hydroxylase activity	2/1166	6/4328	0.333333333333333	1.23727844482561	0.353145211001649	0.511559252957172	0.962654209766518	0.947234119449892	gene_5766/gene_7987	2	interaction_vs_onu	significant	down	MF	FALSE
GO:0008758	UDP-2,3-diacylglucosamine hydrolase activity	2/1166	6/4328	0.333333333333333	1.23727844482561	0.353145211001649	0.511559252957172	0.962654209766518	0.947234119449892	gene_4488/gene_5208	2	interaction_vs_onu	significant	down	MF	FALSE
GO:0008796	bis(5'-nucleosyl)-tetraphosphatase activity	2/1166	6/4328	0.333333333333333	1.23727844482561	0.353145211001649	0.511559252957172	0.962654209766518	0.947234119449892	gene_4488/gene_5208	2	interaction_vs_onu	significant	down	MF	FALSE
GO:0008800	beta-lactamase activity	2/1166	6/4328	0.333333333333333	1.23727844482561	0.353145211001649	0.511559252957172	0.962654209766518	0.947234119449892	gene_8001/gene_8483	2	interaction_vs_onu	significant	down	MF	FALSE
GO:0008828	dATP pyrophosphohydrolase activity	2/1166	6/4328	0.333333333333333	1.23727844482561	0.353145211001649	0.511559252957172	0.962654209766518	0.947234119449892	gene_4488/gene_5208	2	interaction_vs_onu	significant	down	MF	FALSE
GO:0015450	P-P-bond-hydrolysis-driven protein transmembrane transporter activity	2/1166	6/4328	0.333333333333333	1.23727844482561	0.353145211001649	0.511559252957172	0.962654209766518	0.947234119449892	gene_4232/gene_8070	2	interaction_vs_onu	significant	down	MF	FALSE
GO:0016289	CoA hydrolase activity	2/1166	6/4328	0.333333333333333	1.23727844482561	0.353145211001649	0.511559252957172	0.962654209766518	0.947234119449892	gene_949/gene_5009	2	interaction_vs_onu	significant	down	MF	FALSE
GO:0016291	acyl-CoA thioesterase activity	2/1166	6/4328	0.333333333333333	1.23727844482561	0.353145211001649	0.511559252957172	0.962654209766518	0.947234119449892	gene_949/gene_5009	2	interaction_vs_onu	significant	down	MF	FALSE
GO:0018471	4-chlorobenzaldehyde oxidase activity	2/1166	6/4328	0.333333333333333	1.23727844482561	0.353145211001649	0.511559252957172	0.962654209766518	0.947234119449892	gene_5766/gene_7987	2	interaction_vs_onu	significant	down	MF	FALSE
GO:0018630	3,5-xylenol methylhydroxylase activity	2/1166	6/4328	0.333333333333333	1.23727844482561	0.353145211001649	0.511559252957172	0.962654209766518	0.947234119449892	gene_5766/gene_7987	2	interaction_vs_onu	significant	down	MF	FALSE
GO:0018631	phenylacetate hydroxylase activity	2/1166	6/4328	0.333333333333333	1.23727844482561	0.353145211001649	0.511559252957172	0.962654209766518	0.947234119449892	gene_5766/gene_7987	2	interaction_vs_onu	significant	down	MF	FALSE
GO:0018632	4-nitrophenol 4-monooxygenase activity	2/1166	6/4328	0.333333333333333	1.23727844482561	0.353145211001649	0.511559252957172	0.962654209766518	0.947234119449892	gene_5766/gene_7987	2	interaction_vs_onu	significant	down	MF	FALSE
GO:0018633	dimethyl sulfide monooxygenase activity	2/1166	6/4328	0.333333333333333	1.23727844482561	0.353145211001649	0.511559252957172	0.962654209766518	0.947234119449892	gene_5766/gene_7987	2	interaction_vs_onu	significant	down	MF	FALSE
GO:0018634	alpha-pinene monooxygenase [NADH] activity	2/1166	6/4328	0.333333333333333	1.23727844482561	0.353145211001649	0.511559252957172	0.962654209766518	0.947234119449892	gene_5766/gene_7987	2	interaction_vs_onu	significant	down	MF	FALSE
GO:0018635	limonene 1,2-monooxygenase activity	2/1166	6/4328	0.333333333333333	1.23727844482561	0.353145211001649	0.511559252957172	0.962654209766518	0.947234119449892	gene_5766/gene_7987	2	interaction_vs_onu	significant	down	MF	FALSE
GO:0018636	phenanthrene 9,10-monooxygenase activity	2/1166	6/4328	0.333333333333333	1.23727844482561	0.353145211001649	0.511559252957172	0.962654209766518	0.947234119449892	gene_5766/gene_7987	2	interaction_vs_onu	significant	down	MF	FALSE
GO:0018637	1-hydroxy-2-naphthoate hydroxylase activity	2/1166	6/4328	0.333333333333333	1.23727844482561	0.353145211001649	0.511559252957172	0.962654209766518	0.947234119449892	gene_5766/gene_7987	2	interaction_vs_onu	significant	down	MF	FALSE
GO:0018638	toluene 4-monooxygenase activity	2/1166	6/4328	0.333333333333333	1.23727844482561	0.353145211001649	0.511559252957172	0.962654209766518	0.947234119449892	gene_5766/gene_7987	2	interaction_vs_onu	significant	down	MF	FALSE
GO:0018639	xylene monooxygenase activity	2/1166	6/4328	0.333333333333333	1.23727844482561	0.353145211001649	0.511559252957172	0.962654209766518	0.947234119449892	gene_5766/gene_7987	2	interaction_vs_onu	significant	down	MF	FALSE
GO:0018640	dibenzothiophene monooxygenase activity	2/1166	6/4328	0.333333333333333	1.23727844482561	0.353145211001649	0.511559252957172	0.962654209766518	0.947234119449892	gene_5766/gene_7987	2	interaction_vs_onu	significant	down	MF	FALSE
GO:0018641	6-hydroxy-3-methyl-2-oxo-1,2-dihydroquinoline 6-monooxygenase activity	2/1166	6/4328	0.333333333333333	1.23727844482561	0.353145211001649	0.511559252957172	0.962654209766518	0.947234119449892	gene_5766/gene_7987	2	interaction_vs_onu	significant	down	MF	FALSE
GO:0018642	chlorophenol 4-monooxygenase activity	2/1166	6/4328	0.333333333333333	1.23727844482561	0.353145211001649	0.511559252957172	0.962654209766518	0.947234119449892	gene_5766/gene_7987	2	interaction_vs_onu	significant	down	MF	FALSE
GO:0018643	carbon disulfide oxygenase activity	2/1166	6/4328	0.333333333333333	1.23727844482561	0.353145211001649	0.511559252957172	0.962654209766518	0.947234119449892	gene_5766/gene_7987	2	interaction_vs_onu	significant	down	MF	FALSE
GO:0018644	toluene 2-monooxygenase activity	2/1166	6/4328	0.333333333333333	1.23727844482561	0.353145211001649	0.511559252957172	0.962654209766518	0.947234119449892	gene_5766/gene_7987	2	interaction_vs_onu	significant	down	MF	FALSE
GO:0018646	1-hydroxy-2-oxolimonene 1,2-monooxygenase activity	2/1166	6/4328	0.333333333333333	1.23727844482561	0.353145211001649	0.511559252957172	0.962654209766518	0.947234119449892	gene_5766/gene_7987	2	interaction_vs_onu	significant	down	MF	FALSE
GO:0018647	phenanthrene 1,2-monooxygenase activity	2/1166	6/4328	0.333333333333333	1.23727844482561	0.353145211001649	0.511559252957172	0.962654209766518	0.947234119449892	gene_5766/gene_7987	2	interaction_vs_onu	significant	down	MF	FALSE
GO:0018648	methanesulfonic acid monooxygenase activity	2/1166	6/4328	0.333333333333333	1.23727844482561	0.353145211001649	0.511559252957172	0.962654209766518	0.947234119449892	gene_5766/gene_7987	2	interaction_vs_onu	significant	down	MF	FALSE
GO:0018649	tetrahydrofuran hydroxylase activity	2/1166	6/4328	0.333333333333333	1.23727844482561	0.353145211001649	0.511559252957172	0.962654209766518	0.947234119449892	gene_5766/gene_7987	2	interaction_vs_onu	significant	down	MF	FALSE
GO:0018650	styrene monooxygenase activity	2/1166	6/4328	0.333333333333333	1.23727844482561	0.353145211001649	0.511559252957172	0.962654209766518	0.947234119449892	gene_5766/gene_7987	2	interaction_vs_onu	significant	down	MF	FALSE
GO:0018651	toluene-4-sulfonate monooxygenase activity	2/1166	6/4328	0.333333333333333	1.23727844482561	0.353145211001649	0.511559252957172	0.962654209766518	0.947234119449892	gene_5766/gene_7987	2	interaction_vs_onu	significant	down	MF	FALSE
GO:0018652	toluene-sulfonate methyl-monooxygenase activity	2/1166	6/4328	0.333333333333333	1.23727844482561	0.353145211001649	0.511559252957172	0.962654209766518	0.947234119449892	gene_5766/gene_7987	2	interaction_vs_onu	significant	down	MF	FALSE
GO:0018653	3-methyl-2-oxo-1,2-dihydroquinoline 6-monooxygenase activity	2/1166	6/4328	0.333333333333333	1.23727844482561	0.353145211001649	0.511559252957172	0.962654209766518	0.947234119449892	gene_5766/gene_7987	2	interaction_vs_onu	significant	down	MF	FALSE
GO:0018654	2-hydroxy-phenylacetate hydroxylase activity	2/1166	6/4328	0.333333333333333	1.23727844482561	0.353145211001649	0.511559252957172	0.962654209766518	0.947234119449892	gene_5766/gene_7987	2	interaction_vs_onu	significant	down	MF	FALSE
GO:0018655	2-oxo-delta3-4,5,5-trimethylcyclopentenylacetyl-CoA 1,2-monooxygenase activity	2/1166	6/4328	0.333333333333333	1.23727844482561	0.353145211001649	0.511559252957172	0.962654209766518	0.947234119449892	gene_5766/gene_7987	2	interaction_vs_onu	significant	down	MF	FALSE
GO:0018656	phenanthrene 3,4-monooxygenase activity	2/1166	6/4328	0.333333333333333	1.23727844482561	0.353145211001649	0.511559252957172	0.962654209766518	0.947234119449892	gene_5766/gene_7987	2	interaction_vs_onu	significant	down	MF	FALSE
GO:0018657	toluene 3-monooxygenase activity	2/1166	6/4328	0.333333333333333	1.23727844482561	0.353145211001649	0.511559252957172	0.962654209766518	0.947234119449892	gene_5766/gene_7987	2	interaction_vs_onu	significant	down	MF	FALSE
GO:0019113	limonene monooxygenase activity	2/1166	6/4328	0.333333333333333	1.23727844482561	0.353145211001649	0.511559252957172	0.962654209766518	0.947234119449892	gene_5766/gene_7987	2	interaction_vs_onu	significant	down	MF	FALSE
GO:0019176	dihydroneopterin monophosphate phosphatase activity	2/1166	6/4328	0.333333333333333	1.23727844482561	0.353145211001649	0.511559252957172	0.962654209766518	0.947234119449892	gene_4488/gene_5208	2	interaction_vs_onu	significant	down	MF	FALSE
GO:0019177	dihydroneopterin triphosphate pyrophosphohydrolase activity	2/1166	6/4328	0.333333333333333	1.23727844482561	0.353145211001649	0.511559252957172	0.962654209766518	0.947234119449892	gene_4488/gene_5208	2	interaction_vs_onu	significant	down	MF	FALSE
GO:0043141	ATP-dependent 5'-3' DNA helicase activity	2/1166	6/4328	0.333333333333333	1.23727844482561	0.353145211001649	0.511559252957172	0.962654209766518	0.947234119449892	gene_4488/gene_5208	2	interaction_vs_onu	significant	down	MF	FALSE
GO:0043719	2-octaprenyl-3-methyl-6-methoxy-1,4-benzoquinol hydroxylase	2/1166	6/4328	0.333333333333333	1.23727844482561	0.353145211001649	0.511559252957172	0.962654209766518	0.947234119449892	gene_5766/gene_7987	2	interaction_vs_onu	significant	down	MF	FALSE
GO:0043731	6-hydroxynicotinate 3-monooxygenase activity	2/1166	6/4328	0.333333333333333	1.23727844482561	0.353145211001649	0.511559252957172	0.962654209766518	0.947234119449892	gene_5766/gene_7987	2	interaction_vs_onu	significant	down	MF	FALSE
GO:0004289	subtilase activity	7/1166	25/4328	0.28	1.03931389365352	0.11969945687589	0.528335619663107	0.962654209766518	0.947234119449892	gene_2765/gene_4669/gene_4966/gene_5513/gene_5605/gene_6936/gene_7277	7	interaction_vs_onu	significant	down	MF	FALSE
GO:0046872	metal ion binding	11/1166	40/4328	0.275	1.02075471698113	0.0800720989436082	0.52850730065044	0.962654209766518	0.947234119449892	gene_1342/gene_1464/gene_1475/gene_2474/gene_2864/gene_3428/gene_4466/gene_6433/gene_6438/gene_7522/gene_8368	11	interaction_vs_onu	significant	down	MF	FALSE
GO:0000155	two-component sensor activity	3/1166	10/4328	0.3	1.11355060034305	0.218277969765154	0.531937812563389	0.962654209766518	0.947234119449892	gene_508/gene_1048/gene_1290	3	interaction_vs_onu	significant	down	MF	FALSE
GO:0000156	two-component response regulator activity	3/1166	10/4328	0.3	1.11355060034305	0.218277969765154	0.531937812563389	0.962654209766518	0.947234119449892	gene_508/gene_1048/gene_1290	3	interaction_vs_onu	significant	down	MF	FALSE
GO:0004033	aldo-keto reductase activity	3/1166	10/4328	0.3	1.11355060034305	0.218277969765154	0.531937812563389	0.962654209766518	0.947234119449892	gene_330/gene_1743/gene_5173	3	interaction_vs_onu	significant	down	MF	FALSE
GO:0004495	mevaldate reductase activity	3/1166	10/4328	0.3	1.11355060034305	0.218277969765154	0.531937812563389	0.962654209766518	0.947234119449892	gene_330/gene_1743/gene_5173	3	interaction_vs_onu	significant	down	MF	FALSE
GO:0008483	transaminase activity	3/1166	10/4328	0.3	1.11355060034305	0.218277969765154	0.531937812563389	0.962654209766518	0.947234119449892	gene_2759/gene_6378/gene_8627	3	interaction_vs_onu	significant	down	MF	FALSE
GO:0016229	steroid dehydrogenase activity	3/1166	10/4328	0.3	1.11355060034305	0.218277969765154	0.531937812563389	0.962654209766518	0.947234119449892	gene_330/gene_1743/gene_5173	3	interaction_vs_onu	significant	down	MF	FALSE
GO:0018024	histone-lysine N-methyltransferase activity	3/1166	10/4328	0.3	1.11355060034305	0.218277969765154	0.531937812563389	0.962654209766518	0.947234119449892	gene_1343/gene_1622/gene_7386	3	interaction_vs_onu	significant	down	MF	FALSE
GO:0018451	epoxide dehydrogenase activity	3/1166	10/4328	0.3	1.11355060034305	0.218277969765154	0.531937812563389	0.962654209766518	0.947234119449892	gene_330/gene_1743/gene_5173	3	interaction_vs_onu	significant	down	MF	FALSE
GO:0018452	5-exo-hydroxycamphor dehydrogenase activity	3/1166	10/4328	0.3	1.11355060034305	0.218277969765154	0.531937812563389	0.962654209766518	0.947234119449892	gene_330/gene_1743/gene_5173	3	interaction_vs_onu	significant	down	MF	FALSE
GO:0018453	2-hydroxytetrahydrofuran dehydrogenase activity	3/1166	10/4328	0.3	1.11355060034305	0.218277969765154	0.531937812563389	0.962654209766518	0.947234119449892	gene_330/gene_1743/gene_5173	3	interaction_vs_onu	significant	down	MF	FALSE
GO:0032442	phenylcoumaran benzylic ether reductase activity	3/1166	10/4328	0.3	1.11355060034305	0.218277969765154	0.531937812563389	0.962654209766518	0.947234119449892	gene_330/gene_1743/gene_5173	3	interaction_vs_onu	significant	down	MF	FALSE
GO:0033764	steroid dehydrogenase activity, acting on the CH-OH group of donors, NAD or NADP as acceptor	3/1166	10/4328	0.3	1.11355060034305	0.218277969765154	0.531937812563389	0.962654209766518	0.947234119449892	gene_330/gene_1743/gene_5173	3	interaction_vs_onu	significant	down	MF	FALSE
GO:0033765	steroid dehydrogenase activity, acting on the CH-CH group of donors	3/1166	10/4328	0.3	1.11355060034305	0.218277969765154	0.531937812563389	0.962654209766518	0.947234119449892	gene_330/gene_1743/gene_5173	3	interaction_vs_onu	significant	down	MF	FALSE
GO:0043713	(R)-2-hydroxyisocaproate dehydrogenase activity	3/1166	10/4328	0.3	1.11355060034305	0.218277969765154	0.531937812563389	0.962654209766518	0.947234119449892	gene_330/gene_1743/gene_5173	3	interaction_vs_onu	significant	down	MF	FALSE
GO:0048258	3-ketoglucose-reductase activity	3/1166	10/4328	0.3	1.11355060034305	0.218277969765154	0.531937812563389	0.962654209766518	0.947234119449892	gene_330/gene_1743/gene_5173	3	interaction_vs_onu	significant	down	MF	FALSE
GO:0016810	hydrolase activity, acting on carbon-nitrogen (but not peptide) bonds	6/1166	22/4328	0.272727272727273	1.01231872758459	0.0351723972060926	0.566922482150828	0.962654209766518	0.947234119449892	gene_665/gene_693/gene_1359/gene_1977/gene_5516/gene_6502	6	interaction_vs_onu	significant	down	MF	FALSE
GO:0008447	L-ascorbate oxidase activity	2/1166	7/4328	0.285714285714286	1.0605243812791	0.0973081095395342	0.60228038571239	0.962654209766518	0.947234119449892	gene_1211/gene_2937	2	interaction_vs_onu	significant	down	MF	FALSE
GO:0016462	pyrophosphatase activity	2/1166	7/4328	0.285714285714286	1.0605243812791	0.0973081095395342	0.60228038571239	0.962654209766518	0.947234119449892	gene_4488/gene_5208	2	interaction_vs_onu	significant	down	MF	FALSE
GO:0016597	amino acid binding	2/1166	7/4328	0.285714285714286	1.0605243812791	0.0973081095395342	0.60228038571239	0.962654209766518	0.947234119449892	gene_1384/gene_4541	2	interaction_vs_onu	significant	down	MF	FALSE
GO:0000253	3-keto sterol reductase activity	3/1166	11/4328	0.272727272727273	1.01231872758459	0.0248389343505781	0.603453248906389	0.962654209766518	0.947234119449892	gene_330/gene_1743/gene_5173	3	interaction_vs_onu	significant	down	MF	FALSE
GO:0000293	ferric-chelate reductase activity	3/1166	11/4328	0.272727272727273	1.01231872758459	0.0248389343505781	0.603453248906389	0.962654209766518	0.947234119449892	gene_858/gene_1969/gene_5090	3	interaction_vs_onu	significant	down	MF	FALSE
GO:0003880	C-terminal protein carboxyl methyltransferase activity	3/1166	11/4328	0.272727272727273	1.01231872758459	0.0248389343505781	0.603453248906389	0.962654209766518	0.947234119449892	gene_152/gene_2914/gene_5762	3	interaction_vs_onu	significant	down	MF	FALSE
GO:0004675	transmembrane receptor protein serine/threonine kinase activity	3/1166	11/4328	0.272727272727273	1.01231872758459	0.0248389343505781	0.603453248906389	0.962654209766518	0.947234119449892	gene_2525/gene_4267/gene_4510	3	interaction_vs_onu	significant	down	MF	FALSE
GO:0004676	3-phosphoinositide-dependent protein kinase activity	3/1166	11/4328	0.272727272727273	1.01231872758459	0.0248389343505781	0.603453248906389	0.962654209766518	0.947234119449892	gene_2525/gene_4267/gene_4510	3	interaction_vs_onu	significant	down	MF	FALSE
GO:0004677	DNA-dependent protein kinase activity	3/1166	11/4328	0.272727272727273	1.01231872758459	0.0248389343505781	0.603453248906389	0.962654209766518	0.947234119449892	gene_2525/gene_4267/gene_4510	3	interaction_vs_onu	significant	down	MF	FALSE
GO:0004679	AMP-activated protein kinase activity	3/1166	11/4328	0.272727272727273	1.01231872758459	0.0248389343505781	0.603453248906389	0.962654209766518	0.947234119449892	gene_2525/gene_4267/gene_4510	3	interaction_vs_onu	significant	down	MF	FALSE
GO:0004680	casein kinase activity	3/1166	11/4328	0.272727272727273	1.01231872758459	0.0248389343505781	0.603453248906389	0.962654209766518	0.947234119449892	gene_2525/gene_4267/gene_4510	3	interaction_vs_onu	significant	down	MF	FALSE
GO:0004681	casein kinase I activity	3/1166	11/4328	0.272727272727273	1.01231872758459	0.0248389343505781	0.603453248906389	0.962654209766518	0.947234119449892	gene_2525/gene_4267/gene_4510	3	interaction_vs_onu	significant	down	MF	FALSE
GO:0004690	cyclic nucleotide-dependent protein kinase activity	3/1166	11/4328	0.272727272727273	1.01231872758459	0.0248389343505781	0.603453248906389	0.962654209766518	0.947234119449892	gene_2525/gene_4267/gene_4510	3	interaction_vs_onu	significant	down	MF	FALSE
GO:0004694	eukaryotic translation initiation factor 2alpha kinase activity	3/1166	11/4328	0.272727272727273	1.01231872758459	0.0248389343505781	0.603453248906389	0.962654209766518	0.947234119449892	gene_2525/gene_4267/gene_4510	3	interaction_vs_onu	significant	down	MF	FALSE
GO:0004695	galactosyltransferase-associated kinase activity	3/1166	11/4328	0.272727272727273	1.01231872758459	0.0248389343505781	0.603453248906389	0.962654209766518	0.947234119449892	gene_2525/gene_4267/gene_4510	3	interaction_vs_onu	significant	down	MF	FALSE
GO:0004696	glycogen synthase kinase 3 activity	3/1166	11/4328	0.272727272727273	1.01231872758459	0.0248389343505781	0.603453248906389	0.962654209766518	0.947234119449892	gene_2525/gene_4267/gene_4510	3	interaction_vs_onu	significant	down	MF	FALSE
GO:0004700	atypical protein kinase C activity	3/1166	11/4328	0.272727272727273	1.01231872758459	0.0248389343505781	0.603453248906389	0.962654209766518	0.947234119449892	gene_2525/gene_4267/gene_4510	3	interaction_vs_onu	significant	down	MF	FALSE
GO:0004702	receptor signaling protein serine/threonine kinase activity	3/1166	11/4328	0.272727272727273	1.01231872758459	0.0248389343505781	0.603453248906389	0.962654209766518	0.947234119449892	gene_2525/gene_4267/gene_4510	3	interaction_vs_onu	significant	down	MF	FALSE
GO:0004704	NF-kappaB-inducing kinase activity	3/1166	11/4328	0.272727272727273	1.01231872758459	0.0248389343505781	0.603453248906389	0.962654209766518	0.947234119449892	gene_2525/gene_4267/gene_4510	3	interaction_vs_onu	significant	down	MF	FALSE
GO:0004705	JUN kinase activity	3/1166	11/4328	0.272727272727273	1.01231872758459	0.0248389343505781	0.603453248906389	0.962654209766518	0.947234119449892	gene_2525/gene_4267/gene_4510	3	interaction_vs_onu	significant	down	MF	FALSE
GO:0004706	JUN kinase kinase kinase activity	3/1166	11/4328	0.272727272727273	1.01231872758459	0.0248389343505781	0.603453248906389	0.962654209766518	0.947234119449892	gene_2525/gene_4267/gene_4510	3	interaction_vs_onu	significant	down	MF	FALSE
GO:0004708	MAP kinase kinase activity	3/1166	11/4328	0.272727272727273	1.01231872758459	0.0248389343505781	0.603453248906389	0.962654209766518	0.947234119449892	gene_2525/gene_4267/gene_4510	3	interaction_vs_onu	significant	down	MF	FALSE
GO:0004710	MAP/ERK kinase kinase activity	3/1166	11/4328	0.272727272727273	1.01231872758459	0.0248389343505781	0.603453248906389	0.962654209766518	0.947234119449892	gene_2525/gene_4267/gene_4510	3	interaction_vs_onu	significant	down	MF	FALSE
GO:0004711	ribosomal protein S6 kinase activity	3/1166	11/4328	0.272727272727273	1.01231872758459	0.0248389343505781	0.603453248906389	0.962654209766518	0.947234119449892	gene_2525/gene_4267/gene_4510	3	interaction_vs_onu	significant	down	MF	FALSE
GO:0004718	Janus kinase activity	3/1166	11/4328	0.272727272727273	1.01231872758459	0.0248389343505781	0.603453248906389	0.962654209766518	0.947234119449892	gene_2525/gene_4267/gene_4510	3	interaction_vs_onu	significant	down	MF	FALSE
GO:0008169	C-methyltransferase activity	3/1166	11/4328	0.272727272727273	1.01231872758459	0.0248389343505781	0.603453248906389	0.962654209766518	0.947234119449892	gene_152/gene_2914/gene_5762	3	interaction_vs_onu	significant	down	MF	FALSE
GO:0008172	S-methyltransferase activity	3/1166	11/4328	0.272727272727273	1.01231872758459	0.0248389343505781	0.603453248906389	0.962654209766518	0.947234119449892	gene_152/gene_2914/gene_5762	3	interaction_vs_onu	significant	down	MF	FALSE
GO:0008173	RNA methyltransferase activity	3/1166	11/4328	0.272727272727273	1.01231872758459	0.0248389343505781	0.603453248906389	0.962654209766518	0.947234119449892	gene_152/gene_2914/gene_5762	3	interaction_vs_onu	significant	down	MF	FALSE
GO:0008174	mRNA methyltransferase activity	3/1166	11/4328	0.272727272727273	1.01231872758459	0.0248389343505781	0.603453248906389	0.962654209766518	0.947234119449892	gene_152/gene_2914/gene_5762	3	interaction_vs_onu	significant	down	MF	FALSE
GO:0008175	tRNA methyltransferase activity	3/1166	11/4328	0.272727272727273	1.01231872758459	0.0248389343505781	0.603453248906389	0.962654209766518	0.947234119449892	gene_152/gene_2914/gene_5762	3	interaction_vs_onu	significant	down	MF	FALSE
GO:0008235	metalloexopeptidase activity	3/1166	11/4328	0.272727272727273	1.01231872758459	0.0248389343505781	0.603453248906389	0.962654209766518	0.947234119449892	gene_2705/gene_6546/gene_7475	3	interaction_vs_onu	significant	down	MF	FALSE
GO:0008326	site-specific DNA-methyltransferase (cytosine-specific) activity	3/1166	11/4328	0.272727272727273	1.01231872758459	0.0248389343505781	0.603453248906389	0.962654209766518	0.947234119449892	gene_152/gene_2914/gene_5762	3	interaction_vs_onu	significant	down	MF	FALSE
GO:0008338	MAP kinase 1 activity	3/1166	11/4328	0.272727272727273	1.01231872758459	0.0248389343505781	0.603453248906389	0.962654209766518	0.947234119449892	gene_2525/gene_4267/gene_4510	3	interaction_vs_onu	significant	down	MF	FALSE
GO:0008339	MP kinase activity	3/1166	11/4328	0.272727272727273	1.01231872758459	0.0248389343505781	0.603453248906389	0.962654209766518	0.947234119449892	gene_2525/gene_4267/gene_4510	3	interaction_vs_onu	significant	down	MF	FALSE
GO:0008349	MAP kinase kinase kinase kinase activity	3/1166	11/4328	0.272727272727273	1.01231872758459	0.0248389343505781	0.603453248906389	0.962654209766518	0.947234119449892	gene_2525/gene_4267/gene_4510	3	interaction_vs_onu	significant	down	MF	FALSE
GO:0008545	JUN kinase kinase activity	3/1166	11/4328	0.272727272727273	1.01231872758459	0.0248389343505781	0.603453248906389	0.962654209766518	0.947234119449892	gene_2525/gene_4267/gene_4510	3	interaction_vs_onu	significant	down	MF	FALSE
GO:0008650	rRNA (uridine-2'-O-)-methyltransferase activity	3/1166	11/4328	0.272727272727273	1.01231872758459	0.0248389343505781	0.603453248906389	0.962654209766518	0.947234119449892	gene_152/gene_2914/gene_5762	3	interaction_vs_onu	significant	down	MF	FALSE
GO:0009008	DNA-methyltransferase activity	3/1166	11/4328	0.272727272727273	1.01231872758459	0.0248389343505781	0.603453248906389	0.962654209766518	0.947234119449892	gene_152/gene_2914/gene_5762	3	interaction_vs_onu	significant	down	MF	FALSE
GO:0009383	rRNA (cytosine-C5-967)-methyltransferase activity	3/1166	11/4328	0.272727272727273	1.01231872758459	0.0248389343505781	0.603453248906389	0.962654209766518	0.947234119449892	gene_152/gene_2914/gene_5762	3	interaction_vs_onu	significant	down	MF	FALSE
GO:0015645	fatty-acid ligase activity	3/1166	11/4328	0.272727272727273	1.01231872758459	0.0248389343505781	0.603453248906389	0.962654209766518	0.947234119449892	gene_4025/gene_4304/gene_6527	3	interaction_vs_onu	significant	down	MF	FALSE
GO:0016205	selenocysteine methyltransferase activity	3/1166	11/4328	0.272727272727273	1.01231872758459	0.0248389343505781	0.603453248906389	0.962654209766518	0.947234119449892	gene_152/gene_2914/gene_5762	3	interaction_vs_onu	significant	down	MF	FALSE
GO:0016273	arginine N-methyltransferase activity	3/1166	11/4328	0.272727272727273	1.01231872758459	0.0248389343505781	0.603453248906389	0.962654209766518	0.947234119449892	gene_152/gene_2914/gene_5762	3	interaction_vs_onu	significant	down	MF	FALSE
GO:0016274	protein-arginine N-methyltransferase activity	3/1166	11/4328	0.272727272727273	1.01231872758459	0.0248389343505781	0.603453248906389	0.962654209766518	0.947234119449892	gene_152/gene_2914/gene_5762	3	interaction_vs_onu	significant	down	MF	FALSE
GO:0016278	lysine N-methyltransferase activity	3/1166	11/4328	0.272727272727273	1.01231872758459	0.0248389343505781	0.603453248906389	0.962654209766518	0.947234119449892	gene_152/gene_2914/gene_5762	3	interaction_vs_onu	significant	down	MF	FALSE
GO:0016279	protein-lysine N-methyltransferase activity	3/1166	11/4328	0.272727272727273	1.01231872758459	0.0248389343505781	0.603453248906389	0.962654209766518	0.947234119449892	gene_152/gene_2914/gene_5762	3	interaction_vs_onu	significant	down	MF	FALSE
GO:0016300	tRNA (uracil) methyltransferase activity	3/1166	11/4328	0.272727272727273	1.01231872758459	0.0248389343505781	0.603453248906389	0.962654209766518	0.947234119449892	gene_152/gene_2914/gene_5762	3	interaction_vs_onu	significant	down	MF	FALSE
GO:0016301	kinase activity	3/1166	11/4328	0.272727272727273	1.01231872758459	0.0248389343505781	0.603453248906389	0.962654209766518	0.947234119449892	gene_1166/gene_2401/gene_7783	3	interaction_vs_onu	significant	down	MF	FALSE
GO:0016423	tRNA (guanine) methyltransferase activity	3/1166	11/4328	0.272727272727273	1.01231872758459	0.0248389343505781	0.603453248906389	0.962654209766518	0.947234119449892	gene_152/gene_2914/gene_5762	3	interaction_vs_onu	significant	down	MF	FALSE
GO:0016424	tRNA (guanosine) methyltransferase activity	3/1166	11/4328	0.272727272727273	1.01231872758459	0.0248389343505781	0.603453248906389	0.962654209766518	0.947234119449892	gene_152/gene_2914/gene_5762	3	interaction_vs_onu	significant	down	MF	FALSE
GO:0016426	tRNA (adenine)-methyltransferase activity	3/1166	11/4328	0.272727272727273	1.01231872758459	0.0248389343505781	0.603453248906389	0.962654209766518	0.947234119449892	gene_152/gene_2914/gene_5762	3	interaction_vs_onu	significant	down	MF	FALSE
GO:0016427	tRNA (cytosine)-methyltransferase activity	3/1166	11/4328	0.272727272727273	1.01231872758459	0.0248389343505781	0.603453248906389	0.962654209766518	0.947234119449892	gene_152/gene_2914/gene_5762	3	interaction_vs_onu	significant	down	MF	FALSE
GO:0016431	tRNA (uridine) methyltransferase activity	3/1166	11/4328	0.272727272727273	1.01231872758459	0.0248389343505781	0.603453248906389	0.962654209766518	0.947234119449892	gene_152/gene_2914/gene_5762	3	interaction_vs_onu	significant	down	MF	FALSE
GO:0016433	rRNA (adenine) methyltransferase activity	3/1166	11/4328	0.272727272727273	1.01231872758459	0.0248389343505781	0.603453248906389	0.962654209766518	0.947234119449892	gene_152/gene_2914/gene_5762	3	interaction_vs_onu	significant	down	MF	FALSE
GO:0016434	rRNA (cytosine) methyltransferase activity	3/1166	11/4328	0.272727272727273	1.01231872758459	0.0248389343505781	0.603453248906389	0.962654209766518	0.947234119449892	gene_152/gene_2914/gene_5762	3	interaction_vs_onu	significant	down	MF	FALSE
GO:0016435	rRNA (guanine) methyltransferase activity	3/1166	11/4328	0.272727272727273	1.01231872758459	0.0248389343505781	0.603453248906389	0.962654209766518	0.947234119449892	gene_152/gene_2914/gene_5762	3	interaction_vs_onu	significant	down	MF	FALSE
GO:0016436	rRNA (uridine) methyltransferase activity	3/1166	11/4328	0.272727272727273	1.01231872758459	0.0248389343505781	0.603453248906389	0.962654209766518	0.947234119449892	gene_152/gene_2914/gene_5762	3	interaction_vs_onu	significant	down	MF	FALSE
GO:0016908	MAP kinase 2 activity	3/1166	11/4328	0.272727272727273	1.01231872758459	0.0248389343505781	0.603453248906389	0.962654209766518	0.947234119449892	gene_2525/gene_4267/gene_4510	3	interaction_vs_onu	significant	down	MF	FALSE
GO:0016909	SAP kinase activity	3/1166	11/4328	0.272727272727273	1.01231872758459	0.0248389343505781	0.603453248906389	0.962654209766518	0.947234119449892	gene_2525/gene_4267/gene_4510	3	interaction_vs_onu	significant	down	MF	FALSE
GO:0018423	protein-leucine O-methyltransferase activity	3/1166	11/4328	0.272727272727273	1.01231872758459	0.0248389343505781	0.603453248906389	0.962654209766518	0.947234119449892	gene_152/gene_2914/gene_5762	3	interaction_vs_onu	significant	down	MF	FALSE
GO:0018707	1-phenanthrol methyltransferase activity	3/1166	11/4328	0.272727272727273	1.01231872758459	0.0248389343505781	0.603453248906389	0.962654209766518	0.947234119449892	gene_152/gene_2914/gene_5762	3	interaction_vs_onu	significant	down	MF	FALSE
GO:0019199	transmembrane receptor protein kinase activity	3/1166	11/4328	0.272727272727273	1.01231872758459	0.0248389343505781	0.603453248906389	0.962654209766518	0.947234119449892	gene_2525/gene_4267/gene_4510	3	interaction_vs_onu	significant	down	MF	FALSE
GO:0019702	protein-arginine N5-methyltransferase activity	3/1166	11/4328	0.272727272727273	1.01231872758459	0.0248389343505781	0.603453248906389	0.962654209766518	0.947234119449892	gene_152/gene_2914/gene_5762	3	interaction_vs_onu	significant	down	MF	FALSE
GO:0019912	cyclin-dependent protein kinase activating kinase activity	3/1166	11/4328	0.272727272727273	1.01231872758459	0.0248389343505781	0.603453248906389	0.962654209766518	0.947234119449892	gene_2525/gene_4267/gene_4510	3	interaction_vs_onu	significant	down	MF	FALSE
GO:0030792	methylarsonite methyltransferase activity	3/1166	11/4328	0.272727272727273	1.01231872758459	0.0248389343505781	0.603453248906389	0.962654209766518	0.947234119449892	gene_152/gene_2914/gene_5762	3	interaction_vs_onu	significant	down	MF	FALSE
GO:0034211	GTP-dependent protein kinase activity	3/1166	11/4328	0.272727272727273	1.01231872758459	0.0248389343505781	0.603453248906389	0.962654209766518	0.947234119449892	gene_2525/gene_4267/gene_4510	3	interaction_vs_onu	significant	down	MF	FALSE
GO:0043770	demethylmenaquinone methyltransferase activity	3/1166	11/4328	0.272727272727273	1.01231872758459	0.0248389343505781	0.603453248906389	0.962654209766518	0.947234119449892	gene_152/gene_2914/gene_5762	3	interaction_vs_onu	significant	down	MF	FALSE
GO:0043776	cobalt-precorrin-6B C5-methyltransferase activity	3/1166	11/4328	0.272727272727273	1.01231872758459	0.0248389343505781	0.603453248906389	0.962654209766518	0.947234119449892	gene_152/gene_2914/gene_5762	3	interaction_vs_onu	significant	down	MF	FALSE
GO:0043777	cobalt-precorrin-7 C15-methyltransferase activity	3/1166	11/4328	0.272727272727273	1.01231872758459	0.0248389343505781	0.603453248906389	0.962654209766518	0.947234119449892	gene_152/gene_2914/gene_5762	3	interaction_vs_onu	significant	down	MF	FALSE
GO:0043780	cobalt-precorrin-5B C1-methyltransferase activity	3/1166	11/4328	0.272727272727273	1.01231872758459	0.0248389343505781	0.603453248906389	0.962654209766518	0.947234119449892	gene_152/gene_2914/gene_5762	3	interaction_vs_onu	significant	down	MF	FALSE
GO:0043782	cobalt-precorrin-3 C17-methyltransferase activity	3/1166	11/4328	0.272727272727273	1.01231872758459	0.0248389343505781	0.603453248906389	0.962654209766518	0.947234119449892	gene_152/gene_2914/gene_5762	3	interaction_vs_onu	significant	down	MF	FALSE
GO:0043790	dimethyladenosine transferase activity	3/1166	11/4328	0.272727272727273	1.01231872758459	0.0248389343505781	0.603453248906389	0.962654209766518	0.947234119449892	gene_152/gene_2914/gene_5762	3	interaction_vs_onu	significant	down	MF	FALSE
GO:0043791	dimethylamine methyltransferase activity	3/1166	11/4328	0.272727272727273	1.01231872758459	0.0248389343505781	0.603453248906389	0.962654209766518	0.947234119449892	gene_152/gene_2914/gene_5762	3	interaction_vs_onu	significant	down	MF	FALSE
GO:0043803	hydroxyneurosporene-O-methyltransferase activity	3/1166	11/4328	0.272727272727273	1.01231872758459	0.0248389343505781	0.603453248906389	0.962654209766518	0.947234119449892	gene_152/gene_2914/gene_5762	3	interaction_vs_onu	significant	down	MF	FALSE
GO:0043827	tRNA (adenine-57, 58-N(1)-) methyltransferase activity	3/1166	11/4328	0.272727272727273	1.01231872758459	0.0248389343505781	0.603453248906389	0.962654209766518	0.947234119449892	gene_152/gene_2914/gene_5762	3	interaction_vs_onu	significant	down	MF	FALSE
GO:0043833	methylamine-specific methylcobalamin:coenzyme M methyltransferase activity	3/1166	11/4328	0.272727272727273	1.01231872758459	0.0248389343505781	0.603453248906389	0.962654209766518	0.947234119449892	gene_152/gene_2914/gene_5762	3	interaction_vs_onu	significant	down	MF	FALSE
GO:0043834	trimethylamine methyltransferase activity	3/1166	11/4328	0.272727272727273	1.01231872758459	0.0248389343505781	0.603453248906389	0.962654209766518	0.947234119449892	gene_152/gene_2914/gene_5762	3	interaction_vs_onu	significant	down	MF	FALSE
GO:0043851	methanol-specific methylcobalamin:coenzyme M methyltransferase activity	3/1166	11/4328	0.272727272727273	1.01231872758459	0.0248389343505781	0.603453248906389	0.962654209766518	0.947234119449892	gene_152/gene_2914/gene_5762	3	interaction_vs_onu	significant	down	MF	FALSE
GO:0043852	monomethylamine methyltransferase activity	3/1166	11/4328	0.272727272727273	1.01231872758459	0.0248389343505781	0.603453248906389	0.962654209766518	0.947234119449892	gene_152/gene_2914/gene_5762	3	interaction_vs_onu	significant	down	MF	FALSE
GO:0051990	(R)-2-hydroxyglutarate dehydrogenase activity	3/1166	11/4328	0.272727272727273	1.01231872758459	0.0248389343505781	0.603453248906389	0.962654209766518	0.947234119449892	gene_330/gene_1743/gene_5173	3	interaction_vs_onu	significant	down	MF	FALSE
GO:0008418	protein N-terminal asparagine amidohydrolase activity	4/1166	15/4328	0.266666666666667	0.989822755860492	-0.0239744075227889	0.6068906974615	0.962654209766518	0.947234119449892	gene_2076/gene_2977/gene_3585/gene_6318	4	interaction_vs_onu	significant	down	MF	FALSE
GO:0008759	UDP-3-O-[3-hydroxymyristoyl] N-acetylglucosamine deacetylase activity	4/1166	15/4328	0.266666666666667	0.989822755860492	-0.0239744075227889	0.6068906974615	0.962654209766518	0.947234119449892	gene_2076/gene_2977/gene_3585/gene_6318	4	interaction_vs_onu	significant	down	MF	FALSE
GO:0018748	iprodione amidohydrolase activity	4/1166	15/4328	0.266666666666667	0.989822755860492	-0.0239744075227889	0.6068906974615	0.962654209766518	0.947234119449892	gene_2076/gene_2977/gene_3585/gene_6318	4	interaction_vs_onu	significant	down	MF	FALSE
GO:0018749	(3,5-dichlorophenylurea)acetate amidohydrolase activity	4/1166	15/4328	0.266666666666667	0.989822755860492	-0.0239744075227889	0.6068906974615	0.962654209766518	0.947234119449892	gene_2076/gene_2977/gene_3585/gene_6318	4	interaction_vs_onu	significant	down	MF	FALSE
GO:0043747	N2-acetyl-L-lysine deacetylase activity	4/1166	15/4328	0.266666666666667	0.989822755860492	-0.0239744075227889	0.6068906974615	0.962654209766518	0.947234119449892	gene_2076/gene_2977/gene_3585/gene_6318	4	interaction_vs_onu	significant	down	MF	FALSE
GO:0043748	O-succinylbenzoate synthase activity	4/1166	15/4328	0.266666666666667	0.989822755860492	-0.0239744075227889	0.6068906974615	0.962654209766518	0.947234119449892	gene_2076/gene_2977/gene_3585/gene_6318	4	interaction_vs_onu	significant	down	MF	FALSE
GO:0043864	indoleacetamide hydrolase activity	4/1166	15/4328	0.266666666666667	0.989822755860492	-0.0239744075227889	0.6068906974615	0.962654209766518	0.947234119449892	gene_2076/gene_2977/gene_3585/gene_6318	4	interaction_vs_onu	significant	down	MF	FALSE
GO:0047419	N-acetylgalactosamine-6-phosphate deacetylase activity	4/1166	15/4328	0.266666666666667	0.989822755860492	-0.0239744075227889	0.6068906974615	0.962654209766518	0.947234119449892	gene_2076/gene_2977/gene_3585/gene_6318	4	interaction_vs_onu	significant	down	MF	FALSE
GO:0004871	signal transducer activity	5/1166	19/4328	0.263157894736842	0.976798772230748	-0.0615405411805106	0.611078795440979	0.962658376379625	0.947238219320912	gene_508/gene_1003/gene_1048/gene_1290/gene_5222	5	interaction_vs_onu	significant	down	MF	FALSE
GO:0016627	oxidoreductase activity, acting on the CH-CH group of donors	5/1166	19/4328	0.263157894736842	0.976798772230748	-0.0615405411805106	0.611078795440979	0.962658376379625	0.947238219320912	gene_1218/gene_3558/gene_4969/gene_5064/gene_7219	5	interaction_vs_onu	significant	down	MF	FALSE
GO:0016616	oxidoreductase activity, acting on the CH-OH group of donors, NAD or NADP as acceptor	6/1166	23/4328	0.260869565217391	0.968304869863524	-0.0925404632901465	0.615515830907075	0.966338847157864	0.950859735189661	gene_4314/gene_4710/gene_6435/gene_7698/gene_7963/gene_8166	6	interaction_vs_onu	significant	down	MF	FALSE
GO:0050660	FAD binding	20/1166	78/4328	0.256410256410256	0.951752649865857	-0.261088709794633	0.645465089057506	0.999999986153099	0.983981679738747	gene_769/gene_858/gene_1218/gene_1260/gene_1969/gene_2713/gene_3152/gene_3659/gene_4466/gene_4698/gene_4969/gene_5064/gene_5090/gene_5714/gene_5980/gene_6267/gene_6541/gene_6637/gene_6924/gene_7219	20	interaction_vs_onu	significant	down	MF	FALSE
GO:0003702	RNA polymerase II transcription factor activity	4/1166	16/4328	0.25	0.927958833619211	-0.175292421681205	0.662416491584699	0.999999986153099	0.983981679738747	gene_167/gene_811/gene_1366/gene_6070	4	interaction_vs_onu	significant	down	MF	FALSE
GO:0004725	protein tyrosine phosphatase activity	4/1166	16/4328	0.25	0.927958833619211	-0.175292421681205	0.662416491584699	0.999999986153099	0.983981679738747	gene_3678/gene_6518/gene_7366/gene_8346	4	interaction_vs_onu	significant	down	MF	FALSE
GO:0000179	rRNA (adenine-N6,N6-)-dimethyltransferase activity	3/1166	12/4328	0.25	0.927958833619211	-0.151737327486552	0.667313351047382	0.999999986153099	0.983981679738747	gene_152/gene_2914/gene_5762	3	interaction_vs_onu	significant	down	MF	FALSE
GO:0000252	C-3 sterol dehydrogenase (C-4 sterol decarboxylase) activity	3/1166	12/4328	0.25	0.927958833619211	-0.151737327486552	0.667313351047382	0.999999986153099	0.983981679738747	gene_330/gene_1743/gene_5173	3	interaction_vs_onu	significant	down	MF	FALSE
GO:0004698	calcium-dependent protein kinase C activity	3/1166	12/4328	0.25	0.927958833619211	-0.151737327486552	0.667313351047382	0.999999986153099	0.983981679738747	gene_2525/gene_4267/gene_4510	3	interaction_vs_onu	significant	down	MF	FALSE
GO:0008276	protein methyltransferase activity	3/1166	12/4328	0.25	0.927958833619211	-0.151737327486552	0.667313351047382	0.999999986153099	0.983981679738747	gene_152/gene_2914/gene_5762	3	interaction_vs_onu	significant	down	MF	FALSE
GO:0008425	2-polyprenyl-6-methoxy-1,4-benzoquinone methyltransferase activity	3/1166	12/4328	0.25	0.927958833619211	-0.151737327486552	0.667313351047382	0.999999986153099	0.983981679738747	gene_152/gene_2914/gene_5762	3	interaction_vs_onu	significant	down	MF	FALSE
GO:0008649	rRNA methyltransferase activity	3/1166	12/4328	0.25	0.927958833619211	-0.151737327486552	0.667313351047382	0.999999986153099	0.983981679738747	gene_152/gene_2914/gene_5762	3	interaction_vs_onu	significant	down	MF	FALSE
GO:0016772	transferase activity, transferring phosphorus-containing groups	3/1166	12/4328	0.25	0.927958833619211	-0.151737327486552	0.667313351047382	0.999999986153099	0.983981679738747	gene_508/gene_1048/gene_1290	3	interaction_vs_onu	significant	down	MF	FALSE
GO:0005216	ion channel activity	2/1166	8/4328	0.25	0.927958833619211	-0.123835637933865	0.679609951119995	0.999999986153099	0.983981679738747	gene_4251/gene_8549	2	interaction_vs_onu	significant	down	MF	FALSE
GO:0048038	quinone binding	2/1166	8/4328	0.25	0.927958833619211	-0.123835637933865	0.679609951119995	0.999999986153099	0.983981679738747	gene_4123/gene_5508	2	interaction_vs_onu	significant	down	MF	FALSE
GO:0005507	copper ion binding	6/1166	25/4328	0.24	0.890840480274443	-0.332359224938116	0.70273154259337	0.999999986153099	0.983981679738747	gene_1211/gene_2937/gene_4123/gene_4524/gene_5508/gene_6691	6	interaction_vs_onu	significant	down	MF	FALSE
GO:0008415	acyltransferase activity	5/1166	21/4328	0.238095238095238	0.883770317732582	-0.324191073183215	0.706188409472682	0.999999986153099	0.983981679738747	gene_430/gene_437/gene_1820/gene_6920/gene_7925	5	interaction_vs_onu	significant	down	MF	FALSE
GO:0016791	phosphoric monoester hydrolase activity	4/1166	17/4328	0.235294117647059	0.873373019876905	-0.317631443990063	0.712339783004158	0.999999986153099	0.983981679738747	gene_3678/gene_6518/gene_7366/gene_8346	4	interaction_vs_onu	significant	down	MF	FALSE
GO:0004448	isocitrate dehydrogenase activity	3/1166	13/4328	0.230769230769231	0.856577384879272	-0.314456591870846	0.723295992952077	0.999999986153099	0.983981679738747	gene_330/gene_1743/gene_5173	3	interaction_vs_onu	significant	down	MF	FALSE
GO:0042626	ATPase activity, coupled to transmembrane movement of substances	7/1166	30/4328	0.233333333333333	0.86609491137793	-0.446875240683223	0.736838500233606	0.999999986153099	0.983981679738747	gene_128/gene_175/gene_1755/gene_2392/gene_2483/gene_3814/gene_7540	7	interaction_vs_onu	significant	down	MF	FALSE
GO:0004197	cysteine-type endopeptidase activity	2/1166	9/4328	0.222222222222222	0.82485229655041	-0.319371302797106	0.74417400096825	0.999999986153099	0.983981679738747	gene_1462/gene_7212	2	interaction_vs_onu	significant	down	MF	FALSE
GO:0004437	inositol or phosphatidylinositol phosphatase activity	2/1166	9/4328	0.222222222222222	0.82485229655041	-0.319371302797106	0.74417400096825	0.999999986153099	0.983981679738747	gene_1878/gene_6737	2	interaction_vs_onu	significant	down	MF	FALSE
GO:0008726	alkanesulfonate monooxygenase activity	2/1166	9/4328	0.222222222222222	0.82485229655041	-0.319371302797106	0.74417400096825	0.999999986153099	0.983981679738747	gene_4687/gene_7010	2	interaction_vs_onu	significant	down	MF	FALSE
GO:0032115	sorbose reductase activity	2/1166	9/4328	0.222222222222222	0.82485229655041	-0.319371302797106	0.74417400096825	0.999999986153099	0.983981679738747	gene_4744/gene_4746	2	interaction_vs_onu	significant	down	MF	FALSE
GO:0008810	cellulase activity	4/1166	18/4328	0.222222222222222	0.82485229655041	-0.452130551885386	0.75662091697304	0.999999986153099	0.983981679738747	gene_2958/gene_3418/gene_4330/gene_5443	4	interaction_vs_onu	significant	down	MF	FALSE
GO:0005525	GTP binding	21/1166	87/4328	0.241379310344828	0.895960253149583	-0.59523240543714	0.760593707367275	0.999999986153099	0.983981679738747	gene_145/gene_203/gene_468/gene_637/gene_998/gene_1003/gene_2143/gene_2223/gene_2624/gene_3379/gene_3401/gene_3581/gene_3800/gene_4008/gene_5208/gene_5463/gene_5745/gene_5878/gene_6604/gene_7978/gene_8459	21	interaction_vs_onu	significant	down	MF	FALSE
GO:0010181	FMN binding	7/1166	31/4328	0.225806451612903	0.83815636584961	-0.54910523216033	0.769619607537609	0.999999986153099	0.983981679738747	gene_1248/gene_2933/gene_5040/gene_5506/gene_5650/gene_6248/gene_6315	7	interaction_vs_onu	significant	down	MF	FALSE
GO:0008234	cysteine-type peptidase activity	3/1166	14/4328	0.214285714285714	0.795393285959324	-0.465592116539642	0.771625177291839	0.999999986153099	0.983981679738747	gene_223/gene_1279/gene_7375	3	interaction_vs_onu	significant	down	MF	FALSE
GO:0016773	phosphotransferase activity, alcohol group as acceptor	3/1166	14/4328	0.214285714285714	0.795393285959324	-0.465592116539642	0.771625177291839	0.999999986153099	0.983981679738747	gene_126/gene_1166/gene_7783	3	interaction_vs_onu	significant	down	MF	FALSE
GO:0003910	DNA ligase (ATP) activity	1/1166	5/4328	0.2	0.742367066895369	-0.34998993276033	0.792029021031602	0.999999986153099	0.983981679738747	gene_7546	1	interaction_vs_onu	significant	down	MF	FALSE
GO:0003951	NAD+ kinase activity	1/1166	5/4328	0.2	0.742367066895369	-0.34998993276033	0.792029021031602	0.999999986153099	0.983981679738747	gene_8233	1	interaction_vs_onu	significant	down	MF	FALSE
GO:0004525	ribonuclease III activity	1/1166	5/4328	0.2	0.742367066895369	-0.34998993276033	0.792029021031602	0.999999986153099	0.983981679738747	gene_7638	1	interaction_vs_onu	significant	down	MF	FALSE
GO:0004534	5'-3' exoribonuclease activity	1/1166	5/4328	0.2	0.742367066895369	-0.34998993276033	0.792029021031602	0.999999986153099	0.983981679738747	gene_7370	1	interaction_vs_onu	significant	down	MF	FALSE
GO:0004650	polygalacturonase activity	1/1166	5/4328	0.2	0.742367066895369	-0.34998993276033	0.792029021031602	0.999999986153099	0.983981679738747	gene_5694	1	interaction_vs_onu	significant	down	MF	FALSE
GO:0004815	aspartate-tRNA ligase activity	1/1166	5/4328	0.2	0.742367066895369	-0.34998993276033	0.792029021031602	0.999999986153099	0.983981679738747	gene_810	1	interaction_vs_onu	significant	down	MF	FALSE
GO:0005096	GTPase activator activity	1/1166	5/4328	0.2	0.742367066895369	-0.34998993276033	0.792029021031602	0.999999986153099	0.983981679738747	gene_8405	1	interaction_vs_onu	significant	down	MF	FALSE
GO:0008312	7S RNA binding	1/1166	5/4328	0.2	0.742367066895369	-0.34998993276033	0.792029021031602	0.999999986153099	0.983981679738747	gene_8434	1	interaction_vs_onu	significant	down	MF	FALSE
GO:0009374	biotin binding	1/1166	5/4328	0.2	0.742367066895369	-0.34998993276033	0.792029021031602	0.999999986153099	0.983981679738747	gene_6312	1	interaction_vs_onu	significant	down	MF	FALSE
GO:0018071	NAD(P)-cysteine ADP-ribosyltransferase activity	1/1166	5/4328	0.2	0.742367066895369	-0.34998993276033	0.792029021031602	0.999999986153099	0.983981679738747	gene_7187	1	interaction_vs_onu	significant	down	MF	FALSE
GO:0018121	NAD(P)-asparagine ADP-ribosyltransferase activity	1/1166	5/4328	0.2	0.742367066895369	-0.34998993276033	0.792029021031602	0.999999986153099	0.983981679738747	gene_7187	1	interaction_vs_onu	significant	down	MF	FALSE
GO:0018127	NAD(P)-serine ADP-ribosyltransferase activity	1/1166	5/4328	0.2	0.742367066895369	-0.34998993276033	0.792029021031602	0.999999986153099	0.983981679738747	gene_7187	1	interaction_vs_onu	significant	down	MF	FALSE
GO:0019239	deaminase activity	1/1166	5/4328	0.2	0.742367066895369	-0.34998993276033	0.792029021031602	0.999999986153099	0.983981679738747	gene_1862	1	interaction_vs_onu	significant	down	MF	FALSE
GO:0043867	7-cyano-7-deazaguanine tRNA-ribosyltransferase activity	1/1166	5/4328	0.2	0.742367066895369	-0.34998993276033	0.792029021031602	0.999999986153099	0.983981679738747	gene_7187	1	interaction_vs_onu	significant	down	MF	FALSE
GO:0047621	acylpyruvate hydrolase activity	1/1166	5/4328	0.2	0.742367066895369	-0.34998993276033	0.792029021031602	0.999999986153099	0.983981679738747	gene_1055	1	interaction_vs_onu	significant	down	MF	FALSE
GO:0003900	DNA-directed RNA polymerase I activity	2/1166	10/4328	0.2	0.742367066895369	-0.495246994844805	0.797233048069464	0.999999986153099	0.983981679738747	gene_2555/gene_4519	2	interaction_vs_onu	significant	down	MF	FALSE
GO:0003901	DNA-directed RNA polymerase II activity	2/1166	10/4328	0.2	0.742367066895369	-0.495246994844805	0.797233048069464	0.999999986153099	0.983981679738747	gene_2555/gene_4519	2	interaction_vs_onu	significant	down	MF	FALSE
GO:0003902	DNA-directed RNA polymerase III activity	2/1166	10/4328	0.2	0.742367066895369	-0.495246994844805	0.797233048069464	0.999999986153099	0.983981679738747	gene_2555/gene_4519	2	interaction_vs_onu	significant	down	MF	FALSE
GO:0004499	flavin-containing monooxygenase activity	2/1166	10/4328	0.2	0.742367066895369	-0.495246994844805	0.797233048069464	0.999999986153099	0.983981679738747	gene_4698/gene_8497	2	interaction_vs_onu	significant	down	MF	FALSE
GO:0004519	endonuclease activity	2/1166	10/4328	0.2	0.742367066895369	-0.495246994844805	0.797233048069464	0.999999986153099	0.983981679738747	gene_5448/gene_6801	2	interaction_vs_onu	significant	down	MF	FALSE
GO:0034062	RNA polymerase activity	2/1166	10/4328	0.2	0.742367066895369	-0.495246994844805	0.797233048069464	0.999999986153099	0.983981679738747	gene_2555/gene_4519	2	interaction_vs_onu	significant	down	MF	FALSE
GO:0004386	helicase activity	16/1166	69/4328	0.231884057971014	0.860715439878688	-0.708166685598008	0.799265810730257	0.999999986153099	0.983981679738747	gene_1089/gene_1635/gene_2308/gene_2408/gene_2518/gene_2621/gene_3559/gene_3673/gene_3798/gene_4081/gene_4377/gene_5348/gene_5592/gene_7295/gene_7569/gene_8115	16	interaction_vs_onu	significant	down	MF	FALSE
GO:0008026	ATP-dependent helicase activity	13/1166	58/4328	0.224137931034483	0.831963092210327	-0.782287751353451	0.823445522100286	0.999999986153099	0.983981679738747	gene_1089/gene_1635/gene_2392/gene_2408/gene_2621/gene_3673/gene_3798/gene_3814/gene_4081/gene_4377/gene_5348/gene_5592/gene_8115	13	interaction_vs_onu	significant	down	MF	FALSE
GO:0016759	cellulose synthase activity	4/1166	20/4328	0.2	0.742367066895369	-0.701197434479663	0.829091931514979	0.999999986153099	0.983981679738747	gene_1588/gene_4069/gene_6236/gene_7275	4	interaction_vs_onu	significant	down	MF	FALSE
GO:0019787	small conjugating protein ligase activity	4/1166	20/4328	0.2	0.742367066895369	-0.701197434479663	0.829091931514979	0.999999986153099	0.983981679738747	gene_3551/gene_3836/gene_4499/gene_5329	4	interaction_vs_onu	significant	down	MF	FALSE
GO:0000175	3'-5'-exoribonuclease activity	2/1166	11/4328	0.181818181818182	0.674879151723062	-0.655559216720957	0.840295225661259	0.999999986153099	0.983981679738747	gene_1151/gene_7370	2	interaction_vs_onu	significant	down	MF	FALSE
GO:0003960	NADPH:quinone reductase activity	2/1166	11/4328	0.181818181818182	0.674879151723062	-0.655559216720957	0.840295225661259	0.999999986153099	0.983981679738747	gene_2954/gene_6143	2	interaction_vs_onu	significant	down	MF	FALSE
GO:0004004	ATP-dependent RNA helicase activity	2/1166	11/4328	0.181818181818182	0.674879151723062	-0.655559216720957	0.840295225661259	0.999999986153099	0.983981679738747	gene_2392/gene_3814	2	interaction_vs_onu	significant	down	MF	FALSE
GO:0008186	RNA-dependent ATPase activity	2/1166	11/4328	0.181818181818182	0.674879151723062	-0.655559216720957	0.840295225661259	0.999999986153099	0.983981679738747	gene_2392/gene_3814	2	interaction_vs_onu	significant	down	MF	FALSE
GO:0015462	protein-transmembrane transporting ATPase activity	2/1166	11/4328	0.181818181818182	0.674879151723062	-0.655559216720957	0.840295225661259	0.999999986153099	0.983981679738747	gene_2392/gene_3814	2	interaction_vs_onu	significant	down	MF	FALSE
GO:0016758	transferase activity, transferring hexosyl groups	2/1166	11/4328	0.181818181818182	0.674879151723062	-0.655559216720957	0.840295225661259	0.999999986153099	0.983981679738747	gene_187/gene_445	2	interaction_vs_onu	significant	down	MF	FALSE
GO:0017116	single-stranded DNA-dependent ATP-dependent DNA helicase activity	2/1166	11/4328	0.181818181818182	0.674879151723062	-0.655559216720957	0.840295225661259	0.999999986153099	0.983981679738747	gene_2392/gene_3814	2	interaction_vs_onu	significant	down	MF	FALSE
GO:0042623	ATPase activity, coupled	2/1166	11/4328	0.181818181818182	0.674879151723062	-0.655559216720957	0.840295225661259	0.999999986153099	0.983981679738747	gene_2392/gene_3814	2	interaction_vs_onu	significant	down	MF	FALSE
GO:0042624	ATPase activity, uncoupled	2/1166	11/4328	0.181818181818182	0.674879151723062	-0.655559216720957	0.840295225661259	0.999999986153099	0.983981679738747	gene_2392/gene_3814	2	interaction_vs_onu	significant	down	MF	FALSE
GO:0042625	ATPase activity, coupled to transmembrane movement of ions	2/1166	11/4328	0.181818181818182	0.674879151723062	-0.655559216720957	0.840295225661259	0.999999986153099	0.983981679738747	gene_2392/gene_3814	2	interaction_vs_onu	significant	down	MF	FALSE
GO:0003924	GTPase activity	8/1166	38/4328	0.210526315789474	0.781439017784599	-0.821670274760572	0.84293746200765	0.999999986153099	0.983981679738747	gene_468/gene_637/gene_2143/gene_3401/gene_3800/gene_5878/gene_7978/gene_8459	8	interaction_vs_onu	significant	down	MF	FALSE
GO:0004003	ATP-dependent DNA helicase activity	3/1166	16/4328	0.1875	0.695969125214408	-0.739775755785562	0.847514713941283	0.999999986153099	0.983981679738747	gene_757/gene_2392/gene_3814	3	interaction_vs_onu	significant	down	MF	FALSE
GO:0000107	imidazoleglycerol-phosphate synthase activity	1/1166	6/4328	0.166666666666667	0.618639222412807	-0.567585194549638	0.848122974646488	0.999999986153099	0.983981679738747	gene_7187	1	interaction_vs_onu	significant	down	MF	FALSE
GO:0003746	translation elongation factor activity	1/1166	6/4328	0.166666666666667	0.618639222412807	-0.567585194549638	0.848122974646488	0.999999986153099	0.983981679738747	gene_811	1	interaction_vs_onu	significant	down	MF	FALSE
GO:0004338	glucan 1,3-beta-glucosidase activity	1/1166	6/4328	0.166666666666667	0.618639222412807	-0.567585194549638	0.848122974646488	0.999999986153099	0.983981679738747	gene_1388	1	interaction_vs_onu	significant	down	MF	FALSE
GO:0030145	manganese ion binding	1/1166	6/4328	0.166666666666667	0.618639222412807	-0.567585194549638	0.848122974646488	0.999999986153099	0.983981679738747	gene_5448	1	interaction_vs_onu	significant	down	MF	FALSE
GO:0051539	4 iron, 4 sulfur cluster binding	1/1166	6/4328	0.166666666666667	0.618639222412807	-0.567585194549638	0.848122974646488	0.999999986153099	0.983981679738747	gene_963	1	interaction_vs_onu	significant	down	MF	FALSE
GO:0016787	hydrolase activity	30/1166	129/4328	0.232558139534884	0.863217519645778	-0.957666250667385	0.855595442616731	0.999999986153099	0.983981679738747	gene_503/gene_1092/gene_1103/gene_1308/gene_1329/gene_1523/gene_1577/gene_1978/gene_2045/gene_2179/gene_2257/gene_2308/gene_2705/gene_3033/gene_3350/gene_3585/gene_3884/gene_4323/gene_4488/gene_4697/gene_5191/gene_5448/gene_5897/gene_6469/gene_6795/gene_7024/gene_7221/gene_7358/gene_8151/gene_8281	30	interaction_vs_onu	significant	down	MF	FALSE
GO:0000287	magnesium ion binding	3/1166	17/4328	0.176470588235294	0.655029764907678	-0.865324228686875	0.876480770570667	0.999999986153099	0.983981679738747	gene_1039/gene_7970/gene_8192	3	interaction_vs_onu	significant	down	MF	FALSE
GO:0008237	metallopeptidase activity	3/1166	17/4328	0.176470588235294	0.655029764907678	-0.865324228686875	0.876480770570667	0.999999986153099	0.983981679738747	gene_1577/gene_3585/gene_5897	3	interaction_vs_onu	significant	down	MF	FALSE
GO:0050661	NADP binding	3/1166	17/4328	0.176470588235294	0.655029764907678	-0.865324228686875	0.876480770570667	0.999999986153099	0.983981679738747	gene_3646/gene_4698/gene_5125	3	interaction_vs_onu	significant	down	MF	FALSE
GO:0043565	sequence-specific DNA binding	11/1166	53/4328	0.207547169811321	0.770380918476326	-1.02126780388528	0.882693203468393	0.999999986153099	0.983981679738747	gene_402/gene_846/gene_2273/gene_2493/gene_2616/gene_2894/gene_3124/gene_3156/gene_3391/gene_4229/gene_5904	11	interaction_vs_onu	significant	down	MF	FALSE
GO:0003682	chromatin binding	1/1166	7/4328	0.142857142857143	0.530262190639549	-0.755221238814928	0.889096739468838	0.999999986153099	0.983981679738747	gene_8036	1	interaction_vs_onu	significant	down	MF	FALSE
GO:0004100	chitin synthase activity	1/1166	7/4328	0.142857142857143	0.530262190639549	-0.755221238814928	0.889096739468838	0.999999986153099	0.983981679738747	gene_8245	1	interaction_vs_onu	significant	down	MF	FALSE
GO:0004312	fatty-acid synthase activity	1/1166	7/4328	0.142857142857143	0.530262190639549	-0.755221238814928	0.889096739468838	0.999999986153099	0.983981679738747	gene_7336	1	interaction_vs_onu	significant	down	MF	FALSE
GO:0008451	X-Pro aminopeptidase activity	1/1166	7/4328	0.142857142857143	0.530262190639549	-0.755221238814928	0.889096739468838	0.999999986153099	0.983981679738747	gene_6546	1	interaction_vs_onu	significant	down	MF	FALSE
GO:0015035	protein disulfide oxidoreductase activity	1/1166	7/4328	0.142857142857143	0.530262190639549	-0.755221238814928	0.889096739468838	0.999999986153099	0.983981679738747	gene_2508	1	interaction_vs_onu	significant	down	MF	FALSE
GO:0016740	transferase activity	3/1166	18/4328	0.166666666666667	0.618639222412807	-0.984454009056211	0.900452741290192	0.999999986153099	0.983981679738747	gene_437/gene_1820/gene_2839	3	interaction_vs_onu	significant	down	MF	FALSE
GO:0051536	iron-sulfur cluster binding	3/1166	18/4328	0.166666666666667	0.618639222412807	-0.984454009056211	0.900452741290192	0.999999986153099	0.983981679738747	gene_822/gene_4466/gene_7942	3	interaction_vs_onu	significant	down	MF	FALSE
GO:0004190	aspartic-type endopeptidase activity	2/1166	13/4328	0.153846153846154	0.571051589919515	-0.940476890682724	0.9024544383353	0.999999986153099	0.983981679738747	gene_3931/gene_4048	2	interaction_vs_onu	significant	down	MF	FALSE
GO:0009055	electron carrier activity	4/1166	23/4328	0.173913043478261	0.645536579909016	-1.03492899298368	0.903474184390644	0.999999986153099	0.983981679738747	gene_822/gene_4466/gene_5040/gene_7942	4	interaction_vs_onu	significant	down	MF	FALSE
GO:0004842	ubiquitin-protein ligase activity	16/1166	76/4328	0.210526315789474	0.781439017784599	-1.16719815382941	0.905536058605547	0.999999986153099	0.983981679738747	gene_237/gene_591/gene_1163/gene_3551/gene_3813/gene_3836/gene_4499/gene_4950/gene_5126/gene_5329/gene_6287/gene_6604/gene_7044/gene_7045/gene_8407/gene_8517	16	interaction_vs_onu	significant	down	MF	FALSE
GO:0004727	prenylated protein tyrosine phosphatase activity	1/1166	8/4328	0.125	0.463979416809605	-0.921396115579353	0.919023423518672	0.999999986153099	0.983981679738747	gene_8346	1	interaction_vs_onu	significant	down	MF	FALSE
GO:0016298	lipase activity	1/1166	8/4328	0.125	0.463979416809605	-0.921396115579353	0.919023423518672	0.999999986153099	0.983981679738747	gene_6795	1	interaction_vs_onu	significant	down	MF	FALSE
GO:0018731	1-oxa-2-oxocycloheptane lactonase activity	1/1166	8/4328	0.125	0.463979416809605	-0.921396115579353	0.919023423518672	0.999999986153099	0.983981679738747	gene_6795	1	interaction_vs_onu	significant	down	MF	FALSE
GO:0018732	sulfolactone hydrolase activity	1/1166	8/4328	0.125	0.463979416809605	-0.921396115579353	0.919023423518672	0.999999986153099	0.983981679738747	gene_6795	1	interaction_vs_onu	significant	down	MF	FALSE
GO:0018733	3,4-dihydrocoumarin hydrolase activity	1/1166	8/4328	0.125	0.463979416809605	-0.921396115579353	0.919023423518672	0.999999986153099	0.983981679738747	gene_6795	1	interaction_vs_onu	significant	down	MF	FALSE
GO:0018734	butyrolactone hydrolase activity	1/1166	8/4328	0.125	0.463979416809605	-0.921396115579353	0.919023423518672	0.999999986153099	0.983981679738747	gene_6795	1	interaction_vs_onu	significant	down	MF	FALSE
GO:0019131	tripeptidyl-peptidase I activity	1/1166	8/4328	0.125	0.463979416809605	-0.921396115579353	0.919023423518672	0.999999986153099	0.983981679738747	gene_5513	1	interaction_vs_onu	significant	down	MF	FALSE
GO:0030983	mismatched DNA binding	1/1166	8/4328	0.125	0.463979416809605	-0.921396115579353	0.919023423518672	0.999999986153099	0.983981679738747	gene_4172	1	interaction_vs_onu	significant	down	MF	FALSE
GO:0050800	hydrolase activity, acting on acid anhydrides, acting on GTP, involved in cellular and subcellular movement	1/1166	8/4328	0.125	0.463979416809605	-0.921396115579353	0.919023423518672	0.999999986153099	0.983981679738747	gene_468	1	interaction_vs_onu	significant	down	MF	FALSE
GO:0000009	alpha-1,6-mannosyltransferase activity	3/1166	19/4328	0.157894736842105	0.586079263338449	-1.09791198954335	0.920144102273055	0.999999986153099	0.983981679738747	gene_1588/gene_4069/gene_6236	3	interaction_vs_onu	significant	down	MF	FALSE
GO:0000026	alpha-1,2-mannosyltransferase activity	3/1166	19/4328	0.157894736842105	0.586079263338449	-1.09791198954335	0.920144102273055	0.999999986153099	0.983981679738747	gene_1588/gene_4069/gene_6236	3	interaction_vs_onu	significant	down	MF	FALSE
GO:0000033	alpha-1,3-mannosyltransferase activity	3/1166	19/4328	0.157894736842105	0.586079263338449	-1.09791198954335	0.920144102273055	0.999999986153099	0.983981679738747	gene_1588/gene_4069/gene_6236	3	interaction_vs_onu	significant	down	MF	FALSE
GO:0001962	alpha-1,3-galactosyltransferase activity	3/1166	19/4328	0.157894736842105	0.586079263338449	-1.09791198954335	0.920144102273055	0.999999986153099	0.983981679738747	gene_1588/gene_4069/gene_6236	3	interaction_vs_onu	significant	down	MF	FALSE
GO:0003743	translation initiation factor activity	3/1166	19/4328	0.157894736842105	0.586079263338449	-1.09791198954335	0.920144102273055	0.999999986153099	0.983981679738747	gene_1281/gene_3983/gene_6553	3	interaction_vs_onu	significant	down	MF	FALSE
GO:0003980	UDP-glucose:glycoprotein glucosyltransferase activity	3/1166	19/4328	0.157894736842105	0.586079263338449	-1.09791198954335	0.920144102273055	0.999999986153099	0.983981679738747	gene_1588/gene_4069/gene_6236	3	interaction_vs_onu	significant	down	MF	FALSE
GO:0004376	glycolipid mannosyltransferase activity	3/1166	19/4328	0.157894736842105	0.586079263338449	-1.09791198954335	0.920144102273055	0.999999986153099	0.983981679738747	gene_1588/gene_4069/gene_6236	3	interaction_vs_onu	significant	down	MF	FALSE
GO:0004583	dolichyl-phosphate-glucose-glycolipid alpha-glucosyltransferase activity	3/1166	19/4328	0.157894736842105	0.586079263338449	-1.09791198954335	0.920144102273055	0.999999986153099	0.983981679738747	gene_1588/gene_4069/gene_6236	3	interaction_vs_onu	significant	down	MF	FALSE
GO:0008375	acetylglucosaminyltransferase activity	3/1166	19/4328	0.157894736842105	0.586079263338449	-1.09791198954335	0.920144102273055	0.999999986153099	0.983981679738747	gene_1588/gene_4069/gene_6236	3	interaction_vs_onu	significant	down	MF	FALSE
GO:0008376	acetylgalactosaminyltransferase activity	3/1166	19/4328	0.157894736842105	0.586079263338449	-1.09791198954335	0.920144102273055	0.999999986153099	0.983981679738747	gene_1588/gene_4069/gene_6236	3	interaction_vs_onu	significant	down	MF	FALSE
GO:0008378	galactosyltransferase activity	3/1166	19/4328	0.157894736842105	0.586079263338449	-1.09791198954335	0.920144102273055	0.999999986153099	0.983981679738747	gene_1588/gene_4069/gene_6236	3	interaction_vs_onu	significant	down	MF	FALSE
GO:0008417	fucosyltransferase activity	3/1166	19/4328	0.157894736842105	0.586079263338449	-1.09791198954335	0.920144102273055	0.999999986153099	0.983981679738747	gene_1588/gene_4069/gene_6236	3	interaction_vs_onu	significant	down	MF	FALSE
GO:0008755	O antigen polymerase activity	3/1166	19/4328	0.157894736842105	0.586079263338449	-1.09791198954335	0.920144102273055	0.999999986153099	0.983981679738747	gene_1588/gene_4069/gene_6236	3	interaction_vs_onu	significant	down	MF	FALSE
GO:0008921	lipopolysaccharide-1,6-galactosyltransferase activity	3/1166	19/4328	0.157894736842105	0.586079263338449	-1.09791198954335	0.920144102273055	0.999999986153099	0.983981679738747	gene_1588/gene_4069/gene_6236	3	interaction_vs_onu	significant	down	MF	FALSE
GO:0016253	UDP-N-acetylglucosamine-peptide N-acetylglucosaminyltransferase activity	3/1166	19/4328	0.157894736842105	0.586079263338449	-1.09791198954335	0.920144102273055	0.999999986153099	0.983981679738747	gene_1588/gene_4069/gene_6236	3	interaction_vs_onu	significant	down	MF	FALSE
GO:0018715	9-phenanthrol UDP-glucuronosyltransferase activity	3/1166	19/4328	0.157894736842105	0.586079263338449	-1.09791198954335	0.920144102273055	0.999999986153099	0.983981679738747	gene_1588/gene_4069/gene_6236	3	interaction_vs_onu	significant	down	MF	FALSE
GO:0018716	1-phenanthrol glycosyltransferase activity	3/1166	19/4328	0.157894736842105	0.586079263338449	-1.09791198954335	0.920144102273055	0.999999986153099	0.983981679738747	gene_1588/gene_4069/gene_6236	3	interaction_vs_onu	significant	down	MF	FALSE
GO:0018717	9-phenanthrol glycosyltransferase activity	3/1166	19/4328	0.157894736842105	0.586079263338449	-1.09791198954335	0.920144102273055	0.999999986153099	0.983981679738747	gene_1588/gene_4069/gene_6236	3	interaction_vs_onu	significant	down	MF	FALSE
GO:0018718	1,2-dihydroxy-phenanthrene glycosyltransferase activity	3/1166	19/4328	0.157894736842105	0.586079263338449	-1.09791198954335	0.920144102273055	0.999999986153099	0.983981679738747	gene_1588/gene_4069/gene_6236	3	interaction_vs_onu	significant	down	MF	FALSE
GO:0019112	phenanthrol glycosyltransferase activity	3/1166	19/4328	0.157894736842105	0.586079263338449	-1.09791198954335	0.920144102273055	0.999999986153099	0.983981679738747	gene_1588/gene_4069/gene_6236	3	interaction_vs_onu	significant	down	MF	FALSE
GO:0019187	beta-1,4-mannosyltransferase activity	3/1166	19/4328	0.157894736842105	0.586079263338449	-1.09791198954335	0.920144102273055	0.999999986153099	0.983981679738747	gene_1588/gene_4069/gene_6236	3	interaction_vs_onu	significant	down	MF	FALSE
GO:0031278	alpha-1,2-galactosyltransferase activity	3/1166	19/4328	0.157894736842105	0.586079263338449	-1.09791198954335	0.920144102273055	0.999999986153099	0.983981679738747	gene_1588/gene_4069/gene_6236	3	interaction_vs_onu	significant	down	MF	FALSE
GO:0033556	dolichyl pyrophosphate Man7GlcNAc2 alpha-1,3-glucosyltransferase activity	3/1166	19/4328	0.157894736842105	0.586079263338449	-1.09791198954335	0.920144102273055	0.999999986153099	0.983981679738747	gene_1588/gene_4069/gene_6236	3	interaction_vs_onu	significant	down	MF	FALSE
GO:0042281	dolichyl pyrophosphate Man9GlcNAc2 alpha-1,3-glucosyltransferase activity	3/1166	19/4328	0.157894736842105	0.586079263338449	-1.09791198954335	0.920144102273055	0.999999986153099	0.983981679738747	gene_1588/gene_4069/gene_6236	3	interaction_vs_onu	significant	down	MF	FALSE
GO:0042283	dolichyl pyrophosphate Glc1Man9GlcNAc2 alpha-1,3-glucosyltransferase activity	3/1166	19/4328	0.157894736842105	0.586079263338449	-1.09791198954335	0.920144102273055	0.999999986153099	0.983981679738747	gene_1588/gene_4069/gene_6236	3	interaction_vs_onu	significant	down	MF	FALSE
GO:0045140	inositol phosphoceramide synthase activity	3/1166	19/4328	0.157894736842105	0.586079263338449	-1.09791198954335	0.920144102273055	0.999999986153099	0.983981679738747	gene_1588/gene_4069/gene_6236	3	interaction_vs_onu	significant	down	MF	FALSE
GO:0046527	glucosyltransferase activity	3/1166	19/4328	0.157894736842105	0.586079263338449	-1.09791198954335	0.920144102273055	0.999999986153099	0.983981679738747	gene_1588/gene_4069/gene_6236	3	interaction_vs_onu	significant	down	MF	FALSE
GO:0046920	alpha(1,3)-fucosyltransferase activity	3/1166	19/4328	0.157894736842105	0.586079263338449	-1.09791198954335	0.920144102273055	0.999999986153099	0.983981679738747	gene_1588/gene_4069/gene_6236	3	interaction_vs_onu	significant	down	MF	FALSE
GO:0046921	alpha(1,6)-fucosyltransferase activity	3/1166	19/4328	0.157894736842105	0.586079263338449	-1.09791198954335	0.920144102273055	0.999999986153099	0.983981679738747	gene_1588/gene_4069/gene_6236	3	interaction_vs_onu	significant	down	MF	FALSE
GO:0046914	transition metal ion binding	4/1166	24/4328	0.166666666666667	0.618639222412807	-1.13754164235103	0.92096115674928	0.999999986153099	0.983981679738747	gene_400/gene_845/gene_1759/gene_6248	4	interaction_vs_onu	significant	down	MF	FALSE
GO:0008559	xenobiotic-transporting ATPase activity	2/1166	14/4328	0.142857142857143	0.530262190639549	-1.06891028431915	0.924259315175876	0.999999986153099	0.983981679738747	gene_1755/gene_7540	2	interaction_vs_onu	significant	down	MF	FALSE
GO:0003824	catalytic activity	88/1166	370/4328	0.237837837837838	0.88281489036206	-1.43118965307219	0.933587886057895	0.999999986153099	0.983981679738747	gene_14/gene_220/gene_323/gene_336/gene_460/gene_482/gene_822/gene_1054/gene_1055/gene_1109/gene_1260/gene_1317/gene_1384/gene_1961/gene_2106/gene_2155/gene_2257/gene_2367/gene_2379/gene_2440/gene_2886/gene_2942/gene_2946/gene_2947/gene_3022/gene_3033/gene_3350/gene_3380/gene_3630/gene_3830/gene_3894/gene_3930/gene_3955/gene_3967/gene_4025/gene_4304/gene_4308/gene_4310/gene_4344/gene_4450/gene_4466/gene_4614/gene_4755/gene_4853/gene_4971/gene_5169/gene_5345/gene_5501/gene_5516/gene_5837/gene_5914/gene_6041/gene_6064/gene_6122/gene_6221/gene_6267/gene_6312/gene_6527/gene_6755/gene_6772/gene_6773/gene_6790/gene_6811/gene_6838/gene_6924/gene_7068/gene_7114/gene_7141/gene_7194/gene_7203/gene_7226/gene_7274/gene_7336/gene_7345/gene_7401/gene_7467/gene_7522/gene_7535/gene_7620/gene_7706/gene_7925/gene_7970/gene_7991/gene_8211/gene_8216/gene_8220/gene_8471/gene_8599	88	interaction_vs_onu	significant	down	MF	FALSE
GO:0004576	oligosaccharyl transferase activity	3/1166	20/4328	0.15	0.556775300171527	-1.20632101910483	0.936212132406833	0.999999986153099	0.983981679738747	gene_1588/gene_4069/gene_6236	3	interaction_vs_onu	significant	down	MF	FALSE
GO:0008233	peptidase activity	1/1166	9/4328	0.111111111111111	0.412426148275205	-1.07140557837158	0.940879601337475	0.999999986153099	0.983981679738747	gene_1279	1	interaction_vs_onu	significant	down	MF	FALSE
GO:0031177	phosphopantetheine binding	1/1166	9/4328	0.111111111111111	0.412426148275205	-1.07140557837158	0.940879601337475	0.999999986153099	0.983981679738747	gene_7336	1	interaction_vs_onu	significant	down	MF	FALSE
GO:0016887	ATPase activity	7/1166	40/4328	0.175	0.649571183533448	-1.3519611416677	0.942880751357999	0.999999986153099	0.983981679738747	gene_128/gene_175/gene_1755/gene_2392/gene_3814/gene_7540/gene_8236	7	interaction_vs_onu	significant	down	MF	FALSE
GO:0004620	phospholipase activity	1/1166	10/4328	0.1	0.371183533447684	-1.20877195945476	0.956840329478365	0.999999986153099	0.983981679738747	gene_6795	1	interaction_vs_onu	significant	down	MF	FALSE
GO:0046961	hydrogen ion transporting ATPase activity, rotational mechanism	3/1166	22/4328	0.136363636363636	0.506159363792297	-1.4100124297683	0.959761459431899	0.999999986153099	0.983981679738747	gene_959/gene_2483/gene_3719	3	interaction_vs_onu	significant	down	MF	FALSE
GO:0046933	hydrogen ion transporting ATP synthase activity, rotational mechanism	2/1166	17/4328	0.117647058823529	0.436686509938452	-1.41301701338369	0.965263559034476	0.999999986153099	0.983981679738747	gene_959/gene_3719	2	interaction_vs_onu	significant	down	MF	FALSE
GO:0000030	mannosyltransferase activity	3/1166	23/4328	0.130434782608696	0.484152434931762	-1.50612325783045	0.968204550688088	0.999999986153099	0.983981679738747	gene_1588/gene_4069/gene_6236	3	interaction_vs_onu	significant	down	MF	FALSE
GO:0016779	nucleotidyltransferase activity	1/1166	11/4328	0.0909090909090909	0.337439575861531	-1.33595736779249	0.968494839860076	0.999999986153099	0.983981679738747	gene_866	1	interaction_vs_onu	significant	down	MF	FALSE
GO:0008094	DNA-dependent ATPase activity	2/1166	18/4328	0.111111111111111	0.412426148275205	-1.51677746622704	0.973364911252511	0.999999986153099	0.983981679738747	gene_2392/gene_3814	2	interaction_vs_onu	significant	down	MF	FALSE
GO:0008236	serine-type peptidase activity	2/1166	18/4328	0.111111111111111	0.412426148275205	-1.51677746622704	0.973364911252511	0.999999986153099	0.983981679738747	gene_2765/gene_5513	2	interaction_vs_onu	significant	down	MF	FALSE
GO:0015662	ATPase activity, coupled to transmembrane movement of ions, phosphorylative mechanism	2/1166	18/4328	0.111111111111111	0.412426148275205	-1.51677746622704	0.973364911252511	0.999999986153099	0.983981679738747	gene_102/gene_2474	2	interaction_vs_onu	significant	down	MF	FALSE
GO:0003777	microtubule motor activity	1/1166	12/4328	0.0833333333333333	0.309319611206404	-1.45475152066473	0.977004225248807	0.999999986153099	0.983981679738747	gene_5215	1	interaction_vs_onu	significant	down	MF	FALSE
GO:0005097	Rab GTPase activator activity	1/1166	12/4328	0.0833333333333333	0.309319611206404	-1.45475152066473	0.977004225248807	0.999999986153099	0.983981679738747	gene_784	1	interaction_vs_onu	significant	down	MF	FALSE
GO:0008324	cation transmembrane transporter activity	1/1166	12/4328	0.0833333333333333	0.309319611206404	-1.45475152066473	0.977004225248807	0.999999986153099	0.983981679738747	gene_2823	1	interaction_vs_onu	significant	down	MF	FALSE
GO:0016874	ligase activity	1/1166	12/4328	0.0833333333333333	0.309319611206404	-1.45475152066473	0.977004225248807	0.999999986153099	0.983981679738747	gene_6312	1	interaction_vs_onu	significant	down	MF	FALSE
GO:0050662	coenzyme binding	1/1166	12/4328	0.0833333333333333	0.309319611206404	-1.45475152066473	0.977004225248807	0.999999986153099	0.983981679738747	gene_4450	1	interaction_vs_onu	significant	down	MF	FALSE
GO:0030170	pyridoxal phosphate binding	8/1166	51/4328	0.156862745098039	0.582248679917936	-1.82219597859748	0.981074363381429	0.999999986153099	0.983981679738747	gene_822/gene_2759/gene_3815/gene_5022/gene_5468/gene_6377/gene_6378/gene_8627	8	interaction_vs_onu	significant	down	MF	FALSE
GO:0046983	protein dimerization activity	5/1166	36/4328	0.138888888888889	0.515532685344006	-1.772342557013	0.98123458192941	0.999999986153099	0.983981679738747	gene_402/gene_1577/gene_2616/gene_3585/gene_5897	5	interaction_vs_onu	significant	down	MF	FALSE
GO:0004222	metalloendopeptidase activity	1/1166	13/4328	0.0769230769230769	0.285525794959757	-1.5664971894946	0.983216707491599	0.999999986153099	0.983981679738747	gene_7522	1	interaction_vs_onu	significant	down	MF	FALSE
GO:0035091	phosphoinositide binding	1/1166	13/4328	0.0769230769230769	0.285525794959757	-1.5664971894946	0.983216707491599	0.999999986153099	0.983981679738747	gene_1087	1	interaction_vs_onu	significant	down	MF	FALSE
GO:0016820	hydrolase activity, acting on acid anhydrides, catalyzing transmembrane movement of substances	2/1166	20/4328	0.1	0.371183533447684	-1.71144460372999	0.984449966284967	0.999999986153099	0.983981679738747	gene_102/gene_2474	2	interaction_vs_onu	significant	down	MF	FALSE
GO:0003993	acid phosphatase activity	1/1166	15/4328	0.0666666666666667	0.247455688965123	-1.77275927985925	0.991062344573947	0.999999986153099	0.983981679738747	gene_33	1	interaction_vs_onu	significant	down	MF	FALSE
GO:0016769	transferase activity, transferring nitrogenous groups	1/1166	15/4328	0.0666666666666667	0.247455688965123	-1.77275927985925	0.991062344573947	0.999999986153099	0.983981679738747	gene_6377	1	interaction_vs_onu	significant	down	MF	FALSE
GO:0031072	heat shock protein binding	3/1166	29/4328	0.103448275862069	0.383982965635536	-2.02101616880168	0.992697498831478	0.999999986153099	0.983981679738747	gene_759/gene_854/gene_3074	3	interaction_vs_onu	significant	down	MF	FALSE
GO:0017111	nucleoside-triphosphatase activity	15/1166	90/4328	0.166666666666667	0.618639222412807	-2.21992648690907	0.992728542642755	0.999999986153099	0.983981679738747	gene_128/gene_175/gene_1166/gene_1540/gene_1755/gene_2392/gene_2782/gene_2861/gene_3582/gene_3814/gene_5136/gene_7295/gene_7540/gene_8232/gene_8236	15	interaction_vs_onu	significant	down	MF	FALSE
GO:0051082	unfolded protein binding	2/1166	23/4328	0.0869565217391304	0.322768289954508	-1.97731752267722	0.993165622227921	0.999999986153099	0.983981679738747	gene_2854/gene_2895	2	interaction_vs_onu	significant	down	MF	FALSE
GO:0004721	phosphoprotein phosphatase activity	1/1166	16/4328	0.0625	0.231989708404803	-1.86874242399427	0.993478599205706	0.999999986153099	0.983981679738747	gene_503	1	interaction_vs_onu	significant	down	MF	FALSE
GO:0004723	calcium-dependent protein serine/threonine phosphatase activity	1/1166	16/4328	0.0625	0.231989708404803	-1.86874242399427	0.993478599205706	0.999999986153099	0.983981679738747	gene_503	1	interaction_vs_onu	significant	down	MF	FALSE
GO:0004724	magnesium-dependent protein serine/threonine phosphatase activity	1/1166	16/4328	0.0625	0.231989708404803	-1.86874242399427	0.993478599205706	0.999999986153099	0.983981679738747	gene_503	1	interaction_vs_onu	significant	down	MF	FALSE
GO:0008420	CTD phosphatase activity	1/1166	16/4328	0.0625	0.231989708404803	-1.86874242399427	0.993478599205706	0.999999986153099	0.983981679738747	gene_503	1	interaction_vs_onu	significant	down	MF	FALSE
GO:0008597	calcium-dependent protein serine/threonine phosphatase regulator activity	1/1166	16/4328	0.0625	0.231989708404803	-1.86874242399427	0.993478599205706	0.999999986153099	0.983981679738747	gene_503	1	interaction_vs_onu	significant	down	MF	FALSE
GO:0017018	myosin phosphatase activity	1/1166	16/4328	0.0625	0.231989708404803	-1.86874242399427	0.993478599205706	0.999999986153099	0.983981679738747	gene_503	1	interaction_vs_onu	significant	down	MF	FALSE
GO:0017020	myosin phosphatase regulator activity	1/1166	16/4328	0.0625	0.231989708404803	-1.86874242399427	0.993478599205706	0.999999986153099	0.983981679738747	gene_503	1	interaction_vs_onu	significant	down	MF	FALSE
GO:0004221	ubiquitin thiolesterase activity	1/1166	17/4328	0.0588235294117647	0.218343254969226	-1.9607097980805	0.995242039216408	0.999999986153099	0.983981679738747	gene_337	1	interaction_vs_onu	significant	down	MF	FALSE
GO:0005509	calcium ion binding	3/1166	31/4328	0.0967741935483871	0.359209871078404	-2.17408126278591	0.995608549740959	0.999999986153099	0.983981679738747	gene_245/gene_5728/gene_5972	3	interaction_vs_onu	significant	down	MF	FALSE
GO:0003735	structural constituent of ribosome	18/1166	108/4328	0.166666666666667	0.618639222412807	-2.43698842667545	0.996109395111796	0.999999986153099	0.983981679738747	gene_516/gene_642/gene_692/gene_760/gene_869/gene_1639/gene_1683/gene_2809/gene_2839/gene_3849/gene_5029/gene_5276/gene_5853/gene_6238/gene_6507/gene_6660/gene_7094/gene_7814	18	interaction_vs_onu	significant	down	MF	FALSE
GO:0004194	pepsin A activity	1/1166	18/4328	0.0555555555555556	0.206213074137602	-2.04910092339786	0.996528929096637	0.999999986153099	0.983981679738747	gene_3931	1	interaction_vs_onu	significant	down	MF	FALSE
GO:0005524	ATP binding	99/1166	471/4328	0.210191082802548	0.780194688138445	-3.06821371994398	0.99928905589337	0.999999986153099	0.983981679738747	gene_102/gene_128/gene_175/gene_246/gene_383/gene_485/gene_508/gene_693/gene_810/gene_1007/gene_1048/gene_1065/gene_1089/gene_1166/gene_1290/gene_1384/gene_1479/gene_1540/gene_1548/gene_1635/gene_1755/gene_1802/gene_1874/gene_2306/gene_2308/gene_2392/gene_2401/gene_2408/gene_2474/gene_2483/gene_2518/gene_2525/gene_2526/gene_2546/gene_2612/gene_2621/gene_2663/gene_2782/gene_2861/gene_3083/gene_3357/gene_3365/gene_3537/gene_3559/gene_3570/gene_3577/gene_3582/gene_3673/gene_3690/gene_3798/gene_3814/gene_3972/gene_3990/gene_4052/gene_4059/gene_4081/gene_4172/gene_4267/gene_4377/gene_4390/gene_4510/gene_4612/gene_4868/gene_5102/gene_5120/gene_5186/gene_5348/gene_5500/gene_5522/gene_5592/gene_5690/gene_5692/gene_5733/gene_5904/gene_5974/gene_6215/gene_6312/gene_6347/gene_6366/gene_6376/gene_6451/gene_6480/gene_6556/gene_6558/gene_6705/gene_6720/gene_7279/gene_7295/gene_7425/gene_7491/gene_7540/gene_7546/gene_7569/gene_7589/gene_7714/gene_7783/gene_8115/gene_8236/gene_8431	99	interaction_vs_onu	significant	down	MF	FALSE
GO:0004812	aminoacyl-tRNA ligase activity	2/1166	37/4328	0.0540540540540541	0.200639747809559	-2.96500850975502	0.999873688385819	0.999999986153099	0.983981679738747	gene_810/gene_2612	2	interaction_vs_onu	significant	down	MF	FALSE
GO:0000166	nucleotide binding	19/1166	138/4328	0.13768115942029	0.511049792427971	-3.54453244931115	0.999948482406044	0.999999986153099	0.983981679738747	gene_128/gene_175/gene_810/gene_1166/gene_1540/gene_1755/gene_2359/gene_2392/gene_2612/gene_2782/gene_2861/gene_3287/gene_3582/gene_3814/gene_5136/gene_7295/gene_7540/gene_8232/gene_8236	19	interaction_vs_onu	significant	down	MF	FALSE
GO:0005515	protein binding	35/1166	225/4328	0.155555555555556	0.577396607585287	-3.95307696131507	0.999989072359144	0.999999986153099	0.983981679738747	gene_682/gene_765/gene_808/gene_811/gene_1087/gene_1163/gene_1281/gene_2143/gene_2312/gene_2663/gene_2827/gene_3116/gene_3131/gene_3173/gene_3325/gene_4424/gene_4564/gene_4700/gene_5447/gene_5912/gene_5974/gene_6034/gene_6042/gene_6867/gene_7017/gene_7044/gene_7389/gene_7675/gene_7711/gene_8239/gene_8407/gene_8434/gene_8459/gene_8536/gene_8574	35	interaction_vs_onu	significant	down	MF	FALSE
GO:0005488	binding	17/1166	167/4328	0.101796407185629	0.377851501114409	-4.97869160128473	0.999999986153099	0.999999986153099	0.983981679738747	gene_126/gene_407/gene_525/gene_757/gene_899/gene_914/gene_1152/gene_2497/gene_2560/gene_2613/gene_2893/gene_5084/gene_6041/gene_6278/gene_6997/gene_7336/gene_7636	17	interaction_vs_onu	significant	down	MF	FALSE
