ID	Description	GeneRatio	BgRatio	RichFactor	FoldEnrichment	zScore	pvalue	p.adjust	qvalue	geneID	Count	contrast	gene_set	direction	ontology	significant_padj_0.05
GO:0005488	binding	63/1111	167/4328	0.377245508982036	1.46959366595342	3.63669228023449	0.000310245648344472	0.0956415395993872	0.0956415395993872	gene_108/gene_525/gene_768/gene_775/gene_914/gene_967/gene_1030/gene_1149/gene_1412/gene_2014/gene_2092/gene_2293/gene_2417/gene_2485/gene_2540/gene_2558/gene_2613/gene_2893/gene_2913/gene_2979/gene_3139/gene_3150/gene_3323/gene_3481/gene_3905/gene_3940/gene_4028/gene_4371/gene_4417/gene_4529/gene_4845/gene_5718/gene_5830/gene_5846/gene_5940/gene_6041/gene_6233/gene_6278/gene_6639/gene_6643/gene_6744/gene_6969/gene_6994/gene_6999/gene_7139/gene_7249/gene_7420/gene_7512/gene_7531/gene_7605/gene_7636/gene_7908/gene_8069/gene_8077/gene_8152/gene_8246/gene_8292/gene_8403/gene_8419/gene_8435/gene_8437/gene_8440/gene_8511	63	onu_vs_self	significant	down	MF	FALSE
GO:0008026	ATP-dependent helicase activity	27/1111	58/4328	0.46551724137931	1.81346410503119	3.66491072433685	0.000437718716702001	0.0956415395993872	0.0956415395993872	gene_318/gene_570/gene_727/gene_791/gene_911/gene_1488/gene_2392/gene_2621/gene_2664/gene_3219/gene_4121/gene_4279/gene_4357/gene_4377/gene_4521/gene_4636/gene_4898/gene_4930/gene_5348/gene_5592/gene_5801/gene_7081/gene_7501/gene_7519/gene_7791/gene_8115/gene_8565	27	onu_vs_self	significant	down	MF	FALSE
GO:0004386	helicase activity	30/1111	69/4328	0.434782608695652	1.69373459085039	3.41341444244085	0.000898727903433778	0.120960883791369	0.120960883791369	gene_318/gene_570/gene_791/gene_904/gene_911/gene_1293/gene_1488/gene_2136/gene_2518/gene_2621/gene_2664/gene_2756/gene_2972/gene_3118/gene_3219/gene_4121/gene_4279/gene_4357/gene_4377/gene_4636/gene_4898/gene_4930/gene_5031/gene_5348/gene_5592/gene_7081/gene_7519/gene_7531/gene_8115/gene_8565	30	onu_vs_self	significant	down	MF	FALSE
GO:0016780	phosphotransferase activity, for other substituted phosphate groups	5/1111	5/4328	1	3.8955895589559	3.80674979465123	0.00110719344431459	0.120960883791369	0.120960883791369	gene_217/gene_2592/gene_2806/gene_7789/gene_8309	5	onu_vs_self	significant	down	MF	FALSE
GO:0003676	nucleic acid binding	103/1111	311/4328	0.331189710610932	1.29017917868957	3.12119190897209	0.00140808882525323	0.123066963327132	0.123066963327132	gene_22/gene_82/gene_243/gene_318/gene_405/gene_408/gene_411/gene_426/gene_454/gene_554/gene_570/gene_608/gene_680/gene_751/gene_753/gene_758/gene_762/gene_791/gene_904/gene_911/gene_1116/gene_1244/gene_1293/gene_1488/gene_1889/gene_1897/gene_1972/gene_2124/gene_2136/gene_2233/gene_2462/gene_2518/gene_2547/gene_2557/gene_2597/gene_2621/gene_2664/gene_2729/gene_2756/gene_2897/gene_2972/gene_3073/gene_3118/gene_3158/gene_3219/gene_3325/gene_3464/gene_3813/gene_3854/gene_3921/gene_3922/gene_4100/gene_4121/gene_4150/gene_4279/gene_4296/gene_4357/gene_4377/gene_4390/gene_4423/gene_4521/gene_4600/gene_4636/gene_4840/gene_4898/gene_4930/gene_5031/gene_5167/gene_5216/gene_5253/gene_5313/gene_5348/gene_5592/gene_5781/gene_5833/gene_5906/gene_6063/gene_6128/gene_6206/gene_6291/gene_6517/gene_6598/gene_6645/gene_6648/gene_6963/gene_7044/gene_7075/gene_7081/gene_7360/gene_7519/gene_7531/gene_7756/gene_8000/gene_8068/gene_8115/gene_8231/gene_8264/gene_8290/gene_8340/gene_8380/gene_8408/gene_8530/gene_8565	103	onu_vs_self	significant	down	MF	FALSE
GO:0003700	transcription factor activity	81/1111	239/4328	0.338912133891213	1.32026257019007	2.99310206432424	0.00220512163500853	0.160606359083121	0.160606359083121	gene_89/gene_92/gene_129/gene_136/gene_328/gene_627/gene_659/gene_664/gene_846/gene_863/gene_901/gene_1013/gene_1096/gene_1178/gene_1199/gene_1226/gene_1309/gene_1419/gene_1543/gene_1651/gene_1873/gene_1947/gene_1965/gene_2031/gene_2036/gene_2040/gene_2127/gene_2132/gene_2200/gene_2253/gene_2432/gene_2550/gene_2601/gene_2658/gene_2734/gene_2932/gene_3001/gene_3200/gene_3224/gene_3302/gene_3360/gene_3396/gene_3452/gene_3500/gene_3732/gene_3781/gene_4396/gene_4574/gene_4597/gene_4993/gene_5079/gene_5171/gene_5408/gene_5511/gene_5559/gene_5681/gene_5691/gene_5904/gene_6128/gene_6149/gene_6204/gene_6255/gene_6441/gene_6488/gene_6548/gene_6846/gene_6900/gene_7090/gene_7111/gene_7320/gene_7321/gene_7440/gene_7625/gene_7818/gene_7969/gene_8013/gene_8174/gene_8293/gene_8296/gene_8576/gene_8615	81	onu_vs_self	significant	down	MF	FALSE
GO:0004727	prenylated protein tyrosine phosphatase activity	6/1111	8/4328	0.75	2.92169216921692	3.19677365235337	0.00484374472486617	0.302388063538074	0.302388063538074	gene_780/gene_3859/gene_4130/gene_4322/gene_4854/gene_5456	6	onu_vs_self	significant	down	MF	FALSE
GO:0043565	sequence-specific DNA binding	22/1111	53/4328	0.415094339622642	1.61703717541565	2.65586595715175	0.00819035750674977	0.447398278806206	0.447398278806206	gene_136/gene_154/gene_659/gene_846/gene_863/gene_1013/gene_1096/gene_2200/gene_2432/gene_2601/gene_2658/gene_2734/gene_4396/gene_5233/gene_5904/gene_6204/gene_6441/gene_6548/gene_7090/gene_7440/gene_8293/gene_8296	22	onu_vs_self	significant	down	MF	FALSE
GO:0008559	xenobiotic-transporting ATPase activity	8/1111	14/4328	0.571428571428571	2.22605117654623	2.69996100951434	0.0120532648391874	0.580693285812403	0.580693285812403	gene_711/gene_1291/gene_1498/gene_1755/gene_3526/gene_6062/gene_6877/gene_7001	8	onu_vs_self	significant	down	MF	FALSE
GO:0008496	mannan endo-1,6-alpha-mannosidase activity	5/1111	7/4328	0.714285714285714	2.78256397068278	2.77349225696659	0.0144231073617394	0.580693285812403	0.580693285812403	gene_3380/gene_3958/gene_5066/gene_5697/gene_8220	5	onu_vs_self	significant	down	MF	FALSE
GO:0000287	magnesium ion binding	9/1111	17/4328	0.529411764705882	2.06237094297665	2.57891233631084	0.0146169934643854	0.580693285812403	0.580693285812403	gene_322/gene_1282/gene_5326/gene_5841/gene_6448/gene_7604/gene_7723/gene_7970/gene_8192	9	onu_vs_self	significant	down	MF	FALSE
GO:0031072	heat shock protein binding	13/1111	29/4328	0.448275862068966	1.74629876780782	2.36947945585585	0.0192926978438805	0.702575746481315	0.702575746481315	gene_597/gene_854/gene_945/gene_1748/gene_1944/gene_3074/gene_3839/gene_4860/gene_6606/gene_7080/gene_7748/gene_8408/gene_8438	13	onu_vs_self	significant	down	MF	FALSE
GO:0003677	DNA binding	94/1111	306/4328	0.30718954248366	1.19668437431979	2.09717409872661	0.0225843084577386	0.759180215079368	0.759180215079368	gene_78/gene_89/gene_92/gene_111/gene_129/gene_136/gene_154/gene_416/gene_680/gene_708/gene_753/gene_901/gene_904/gene_1016/gene_1293/gene_1412/gene_1543/gene_1651/gene_1770/gene_1947/gene_1965/gene_2031/gene_2036/gene_2040/gene_2124/gene_2127/gene_2136/gene_2190/gene_2305/gene_2518/gene_2535/gene_2550/gene_2869/gene_2939/gene_2972/gene_3036/gene_3118/gene_3224/gene_3360/gene_3464/gene_3500/gene_3781/gene_4034/gene_4100/gene_4519/gene_4521/gene_4574/gene_4756/gene_4898/gene_4993/gene_5031/gene_5079/gene_5137/gene_5171/gene_5230/gene_5233/gene_5408/gene_5449/gene_5511/gene_5559/gene_5578/gene_5681/gene_5686/gene_5691/gene_5930/gene_6064/gene_6084/gene_6128/gene_6162/gene_6225/gene_6338/gene_6488/gene_6648/gene_6719/gene_6849/gene_6900/gene_7140/gene_7169/gene_7287/gene_7320/gene_7321/gene_7350/gene_7531/gene_7761/gene_7818/gene_7875/gene_7962/gene_7969/gene_8000/gene_8174/gene_8206/gene_8269/gene_8331/gene_8615	94	onu_vs_self	significant	down	MF	FALSE
GO:0005524	ATP binding	139/1111	471/4328	0.295116772823779	1.14965381888507	2.02161468878387	0.0257479703567414	0.803704503278284	0.803704503278284	gene_78/gene_101/gene_121/gene_229/gene_239/gene_246/gene_318/gene_322/gene_345/gene_557/gene_570/gene_668/gene_711/gene_727/gene_788/gene_791/gene_834/gene_904/gene_911/gene_967/gene_1005/gene_1030/gene_1101/gene_1134/gene_1282/gene_1291/gene_1293/gene_1350/gene_1384/gene_1488/gene_1498/gene_1597/gene_1755/gene_1874/gene_1884/gene_1912/gene_2009/gene_2020/gene_2102/gene_2136/gene_2152/gene_2304/gene_2392/gene_2401/gene_2474/gene_2501/gene_2515/gene_2518/gene_2544/gene_2621/gene_2664/gene_2692/gene_2756/gene_2972/gene_2979/gene_3011/gene_3107/gene_3118/gene_3122/gene_3219/gene_3259/gene_3311/gene_3357/gene_3526/gene_3927/gene_3940/gene_4035/gene_4038/gene_4040/gene_4052/gene_4059/gene_4121/gene_4150/gene_4279/gene_4336/gene_4357/gene_4377/gene_4390/gene_4416/gene_4451/gene_4509/gene_4521/gene_4636/gene_4737/gene_4868/gene_4883/gene_4898/gene_4930/gene_4963/gene_5031/gene_5107/gene_5131/gene_5206/gene_5273/gene_5283/gene_5284/gene_5348/gene_5528/gene_5592/gene_5594/gene_5801/gene_5904/gene_5930/gene_5935/gene_5947/gene_6011/gene_6062/gene_6189/gene_6205/gene_6206/gene_6347/gene_6538/gene_6549/gene_6650/gene_6736/gene_6877/gene_7001/gene_7081/gene_7097/gene_7140/gene_7350/gene_7459/gene_7501/gene_7519/gene_7531/gene_7604/gene_7648/gene_7680/gene_7723/gene_7791/gene_7813/gene_7831/gene_7860/gene_8115/gene_8119/gene_8152/gene_8228/gene_8422/gene_8565	139	onu_vs_self	significant	down	MF	FALSE
GO:0004806	triacylglycerol lipase activity	8/1111	16/4328	0.5	1.94779477947795	2.2318236435089	0.0313393434942031	0.861821335771483	0.861821335771482	gene_737/gene_2128/gene_3343/gene_4151/gene_4697/gene_5386/gene_5795/gene_7438	8	onu_vs_self	significant	down	MF	FALSE
GO:0016887	ATPase activity	16/1111	40/4328	0.4	1.55823582358236	2.08422814823838	0.0325068482758488	0.861821335771483	0.861821335771482	gene_711/gene_727/gene_1291/gene_1498/gene_1597/gene_1755/gene_2392/gene_3526/gene_5206/gene_5801/gene_5935/gene_6062/gene_6877/gene_7001/gene_7501/gene_7791	16	onu_vs_self	significant	down	MF	FALSE
GO:0004871	signal transducer activity	9/1111	19/4328	0.473684210526316	1.84527926476858	2.16977007716107	0.0335262304533529	0.861821335771483	0.861821335771482	gene_649/gene_1884/gene_3107/gene_5257/gene_5273/gene_5283/gene_6204/gene_7111/gene_8293	9	onu_vs_self	significant	down	MF	FALSE
GO:0015450	P-P-bond-hydrolysis-driven protein transmembrane transporter activity	4/1111	6/4328	0.666666666666667	2.5970597059706	2.30027279461983	0.0411313445239081	0.928768262836409	0.928768262836409	gene_2356/gene_2996/gene_3929/gene_8070	4	onu_vs_self	significant	down	MF	FALSE
GO:0004221	ubiquitin thiolesterase activity	8/1111	17/4328	0.470588235294118	1.83321861597924	2.02264358019057	0.0462036546318187	0.928768262836409	0.928768262836409	gene_337/gene_370/gene_614/gene_628/gene_3197/gene_4795/gene_5815/gene_7835	8	onu_vs_self	significant	down	MF	FALSE
GO:0004437	inositol or phosphatidylinositol phosphatase activity	5/1111	9/4328	0.555555555555556	2.16421642164216	2.0544156756647	0.0541449397772923	0.928768262836409	0.928768262836409	gene_362/gene_1131/gene_1673/gene_2070/gene_6737	5	onu_vs_self	significant	down	MF	FALSE
GO:0004673	protein histidine kinase activity	5/1111	9/4328	0.555555555555556	2.16421642164216	2.0544156756647	0.0541449397772923	0.928768262836409	0.928768262836409	gene_1134/gene_3107/gene_5131/gene_5273/gene_5283	5	onu_vs_self	significant	down	MF	FALSE
GO:0042626	ATPase activity, coupled to transmembrane movement of substances	12/1111	30/4328	0.4	1.55823582358236	1.80289349335158	0.0599923018273912	0.928768262836409	0.928768262836409	gene_711/gene_727/gene_1498/gene_1755/gene_2392/gene_3526/gene_5801/gene_6062/gene_6877/gene_7001/gene_7501/gene_7791	12	onu_vs_self	significant	down	MF	FALSE
GO:0016874	ligase activity	6/1111	12/4328	0.5	1.94779477947795	1.93192011291411	0.0608586313307527	0.928768262836409	0.928768262836409	gene_1595/gene_2458/gene_4038/gene_4106/gene_4336/gene_4883	6	onu_vs_self	significant	down	MF	FALSE
GO:0017111	nucleoside-triphosphatase activity	30/1111	90/4328	0.333333333333333	1.2985298529853	1.68171923769527	0.0621343179013402	0.928768262836409	0.928768262836409	gene_78/gene_345/gene_668/gene_711/gene_727/gene_1030/gene_1291/gene_1498/gene_1755/gene_2304/gene_2392/gene_2501/gene_2515/gene_2994/gene_3526/gene_4451/gene_5206/gene_5284/gene_5801/gene_5930/gene_5935/gene_6062/gene_6877/gene_7001/gene_7097/gene_7501/gene_7680/gene_7791/gene_8152/gene_8422	30	onu_vs_self	significant	down	MF	FALSE
GO:0008415	acyltransferase activity	9/1111	21/4328	0.428571428571429	1.66953838240967	1.80726832419298	0.0647097986598985	0.928768262836409	0.928768262836409	gene_1107/gene_1202/gene_1236/gene_1702/gene_1886/gene_2084/gene_2207/gene_4167/gene_6632	9	onu_vs_self	significant	down	MF	FALSE
GO:0015662	ATPase activity, coupled to transmembrane movement of ions, phosphorylative mechanism	8/1111	18/4328	0.444444444444444	1.73137313731373	1.82709685112659	0.0650076461001789	0.928768262836409	0.928768262836409	gene_322/gene_1282/gene_1597/gene_1912/gene_2474/gene_5107/gene_6538/gene_7723	8	onu_vs_self	significant	down	MF	FALSE
GO:0005515	protein binding	68/1111	225/4328	0.302222222222222	1.17733373337334	1.60530221329954	0.0650771259256062	0.928768262836409	0.928768262836409	gene_160/gene_414/gene_439/gene_487/gene_624/gene_694/gene_709/gene_768/gene_774/gene_824/gene_834/gene_874/gene_1235/gene_1281/gene_1619/gene_1660/gene_1717/gene_1770/gene_1906/gene_1944/gene_2245/gene_2382/gene_2412/gene_2540/gene_3131/gene_3278/gene_3325/gene_3345/gene_3489/gene_3790/gene_3928/gene_4100/gene_4241/gene_4282/gene_4414/gene_4417/gene_4528/gene_4568/gene_4845/gene_5759/gene_5789/gene_5912/gene_5940/gene_6181/gene_6338/gene_6413/gene_6549/gene_6568/gene_6622/gene_6623/gene_6875/gene_7044/gene_7164/gene_7501/gene_7558/gene_7648/gene_7675/gene_7716/gene_7726/gene_7788/gene_7926/gene_8152/gene_8246/gene_8435/gene_8511/gene_8524/gene_8616/gene_8620	68	onu_vs_self	significant	down	MF	FALSE
GO:0003682	chromatin binding	4/1111	7/4328	0.571428571428571	2.22605117654623	1.90761369618238	0.0767423274067998	0.928768262836409	0.928768262836409	gene_565/gene_3118/gene_4584/gene_8036	4	onu_vs_self	significant	down	MF	FALSE
GO:0015035	protein disulfide oxidoreductase activity	4/1111	7/4328	0.571428571428571	2.22605117654623	1.90761369618238	0.0767423274067998	0.928768262836409	0.928768262836409	gene_1679/gene_2508/gene_2936/gene_8328	4	onu_vs_self	significant	down	MF	FALSE
GO:0016462	pyrophosphatase activity	4/1111	7/4328	0.571428571428571	2.22605117654623	1.90761369618238	0.0767423274067998	0.928768262836409	0.928768262836409	gene_1769/gene_3127/gene_5208/gene_5548	4	onu_vs_self	significant	down	MF	FALSE
GO:0000155	two-component sensor activity	5/1111	10/4328	0.5	1.94779477947795	1.76318523289206	0.0859559537007209	0.928768262836409	0.928768262836409	gene_1134/gene_3107/gene_5131/gene_5273/gene_5283	5	onu_vs_self	significant	down	MF	FALSE
GO:0000156	two-component response regulator activity	5/1111	10/4328	0.5	1.94779477947795	1.76318523289206	0.0859559537007209	0.928768262836409	0.928768262836409	gene_1884/gene_3107/gene_5273/gene_5283/gene_8296	5	onu_vs_self	significant	down	MF	FALSE
GO:0003900	DNA-directed RNA polymerase I activity	5/1111	10/4328	0.5	1.94779477947795	1.76318523289206	0.0859559537007209	0.928768262836409	0.928768262836409	gene_416/gene_2869/gene_4519/gene_5137/gene_5578	5	onu_vs_self	significant	down	MF	FALSE
GO:0003901	DNA-directed RNA polymerase II activity	5/1111	10/4328	0.5	1.94779477947795	1.76318523289206	0.0859559537007209	0.928768262836409	0.928768262836409	gene_416/gene_2869/gene_4519/gene_5137/gene_5578	5	onu_vs_self	significant	down	MF	FALSE
GO:0003902	DNA-directed RNA polymerase III activity	5/1111	10/4328	0.5	1.94779477947795	1.76318523289206	0.0859559537007209	0.928768262836409	0.928768262836409	gene_416/gene_2869/gene_4519/gene_5137/gene_5578	5	onu_vs_self	significant	down	MF	FALSE
GO:0034062	RNA polymerase activity	5/1111	10/4328	0.5	1.94779477947795	1.76318523289206	0.0859559537007209	0.928768262836409	0.928768262836409	gene_416/gene_2869/gene_4519/gene_5137/gene_5578	5	onu_vs_self	significant	down	MF	FALSE
GO:0004003	ATP-dependent DNA helicase activity	7/1111	16/4328	0.4375	1.7043204320432	1.65850142549451	0.0893963268505424	0.928768262836409	0.928768262836409	gene_727/gene_2136/gene_2392/gene_4521/gene_5801/gene_7501/gene_7791	7	onu_vs_self	significant	down	MF	FALSE
GO:0004725	protein tyrosine phosphatase activity	7/1111	16/4328	0.4375	1.7043204320432	1.65850142549451	0.0893963268505424	0.928768262836409	0.928768262836409	gene_780/gene_1646/gene_3859/gene_4130/gene_4322/gene_4854/gene_5456	7	onu_vs_self	significant	down	MF	FALSE
GO:0046983	protein dimerization activity	13/1111	36/4328	0.361111111111111	1.40674067406741	1.44000481538097	0.108261243080804	0.928768262836409	0.928768262836409	gene_136/gene_659/gene_1096/gene_2432/gene_2601/gene_2658/gene_2734/gene_2780/gene_4396/gene_7090/gene_7440/gene_7761/gene_7839	13	onu_vs_self	significant	down	MF	FALSE
GO:0004012	phospholipid-translocating ATPase activity	3/1111	5/4328	0.6	2.33735373537354	1.75818117652869	0.110585617096046	0.928768262836409	0.928768262836409	gene_322/gene_1282/gene_7723	3	onu_vs_self	significant	down	MF	FALSE
GO:0008060	ARF GTPase activator activity	3/1111	5/4328	0.6	2.33735373537354	1.75818117652869	0.110585617096046	0.928768262836409	0.928768262836409	gene_634/gene_3068/gene_5042	3	onu_vs_self	significant	down	MF	FALSE
GO:0016818	hydrolase activity, acting on acid anhydrides, in phosphorus-containing anhydrides	3/1111	5/4328	0.6	2.33735373537354	1.75818117652869	0.110585617096046	0.928768262836409	0.928768262836409	gene_4279/gene_4521/gene_4930	3	onu_vs_self	significant	down	MF	FALSE
GO:0019239	deaminase activity	3/1111	5/4328	0.6	2.33735373537354	1.75818117652869	0.110585617096046	0.928768262836409	0.928768262836409	gene_827/gene_2519/gene_2659	3	onu_vs_self	significant	down	MF	FALSE
GO:0008168	methyltransferase activity	8/1111	20/4328	0.4	1.55823582358236	1.47034686564318	0.114875083429755	0.928768262836409	0.928768262836409	gene_2248/gene_2557/gene_3397/gene_4039/gene_4713/gene_6285/gene_8061/gene_8175	8	onu_vs_self	significant	down	MF	FALSE
GO:0016820	hydrolase activity, acting on acid anhydrides, catalyzing transmembrane movement of substances	8/1111	20/4328	0.4	1.55823582358236	1.47034686564318	0.114875083429755	0.928768262836409	0.928768262836409	gene_322/gene_1282/gene_1597/gene_1912/gene_2474/gene_5107/gene_6538/gene_7723	8	onu_vs_self	significant	down	MF	FALSE
GO:0004249	stromelysin 3 activity	4/1111	8/4328	0.5	1.94779477947795	1.57667571706234	0.123095943057071	0.928768262836409	0.928768262836409	gene_345/gene_1030/gene_4451/gene_5284	4	onu_vs_self	significant	down	MF	FALSE
GO:0008133	collagenase activity	4/1111	8/4328	0.5	1.94779477947795	1.57667571706234	0.123095943057071	0.928768262836409	0.928768262836409	gene_345/gene_1030/gene_4451/gene_5284	4	onu_vs_self	significant	down	MF	FALSE
GO:0008319	prenyl protein specific endopeptidase activity	4/1111	8/4328	0.5	1.94779477947795	1.57667571706234	0.123095943057071	0.928768262836409	0.928768262836409	gene_345/gene_1030/gene_4451/gene_5284	4	onu_vs_self	significant	down	MF	FALSE
GO:0030402	matrilysin-2 activity	4/1111	8/4328	0.5	1.94779477947795	1.57667571706234	0.123095943057071	0.928768262836409	0.928768262836409	gene_345/gene_1030/gene_4451/gene_5284	4	onu_vs_self	significant	down	MF	FALSE
GO:0050800	hydrolase activity, acting on acid anhydrides, acting on GTP, involved in cellular and subcellular movement	4/1111	8/4328	0.5	1.94779477947795	1.57667571706234	0.123095943057071	0.928768262836409	0.928768262836409	gene_468/gene_1603/gene_2997/gene_5203	4	onu_vs_self	significant	down	MF	FALSE
GO:0015520	tetracycline:hydrogen antiporter activity	6/1111	14/4328	0.428571428571429	1.66953838240967	1.47443072643327	0.123480504703793	0.928768262836409	0.928768262836409	gene_1296/gene_3530/gene_4904/gene_6106/gene_6485/gene_7749	6	onu_vs_self	significant	down	MF	FALSE
GO:0004004	ATP-dependent RNA helicase activity	5/1111	11/4328	0.454545454545455	1.77072252679813	1.50393240693314	0.125394342122078	0.928768262836409	0.928768262836409	gene_727/gene_2392/gene_5801/gene_7501/gene_7791	5	onu_vs_self	significant	down	MF	FALSE
GO:0008186	RNA-dependent ATPase activity	5/1111	11/4328	0.454545454545455	1.77072252679813	1.50393240693314	0.125394342122078	0.928768262836409	0.928768262836409	gene_727/gene_2392/gene_5801/gene_7501/gene_7791	5	onu_vs_self	significant	down	MF	FALSE
GO:0015462	protein-transmembrane transporting ATPase activity	5/1111	11/4328	0.454545454545455	1.77072252679813	1.50393240693314	0.125394342122078	0.928768262836409	0.928768262836409	gene_727/gene_2392/gene_5801/gene_7501/gene_7791	5	onu_vs_self	significant	down	MF	FALSE
GO:0016758	transferase activity, transferring hexosyl groups	5/1111	11/4328	0.454545454545455	1.77072252679813	1.50393240693314	0.125394342122078	0.928768262836409	0.928768262836409	gene_1125/gene_3529/gene_7253/gene_7449/gene_7824	5	onu_vs_self	significant	down	MF	FALSE
GO:0017116	single-stranded DNA-dependent ATP-dependent DNA helicase activity	5/1111	11/4328	0.454545454545455	1.77072252679813	1.50393240693314	0.125394342122078	0.928768262836409	0.928768262836409	gene_727/gene_2392/gene_5801/gene_7501/gene_7791	5	onu_vs_self	significant	down	MF	FALSE
GO:0042623	ATPase activity, coupled	5/1111	11/4328	0.454545454545455	1.77072252679813	1.50393240693314	0.125394342122078	0.928768262836409	0.928768262836409	gene_727/gene_2392/gene_5801/gene_7501/gene_7791	5	onu_vs_self	significant	down	MF	FALSE
GO:0042624	ATPase activity, uncoupled	5/1111	11/4328	0.454545454545455	1.77072252679813	1.50393240693314	0.125394342122078	0.928768262836409	0.928768262836409	gene_727/gene_2392/gene_5801/gene_7501/gene_7791	5	onu_vs_self	significant	down	MF	FALSE
GO:0042625	ATPase activity, coupled to transmembrane movement of ions	5/1111	11/4328	0.454545454545455	1.77072252679813	1.50393240693314	0.125394342122078	0.928768262836409	0.928768262836409	gene_727/gene_2392/gene_5801/gene_7501/gene_7791	5	onu_vs_self	significant	down	MF	FALSE
GO:0051536	iron-sulfur cluster binding	7/1111	18/4328	0.388888888888889	1.51495149514951	1.28643808101338	0.154391639142221	0.938989122244243	0.938989122244243	gene_529/gene_3489/gene_3968/gene_4005/gene_5292/gene_5931/gene_7479	7	onu_vs_self	significant	down	MF	FALSE
GO:0000166	nucleotide binding	41/1111	138/4328	0.297101449275362	1.15738530374777	1.10413367312622	0.157343848157346	0.938989122244243	0.938989122244243	gene_18/gene_78/gene_121/gene_345/gene_668/gene_711/gene_727/gene_1030/gene_1291/gene_1498/gene_1755/gene_2009/gene_2304/gene_2359/gene_2392/gene_2501/gene_2515/gene_2994/gene_3526/gene_4040/gene_4150/gene_4451/gene_5206/gene_5284/gene_5801/gene_5930/gene_5935/gene_6062/gene_6189/gene_6206/gene_6762/gene_6877/gene_7001/gene_7097/gene_7501/gene_7604/gene_7680/gene_7791/gene_8152/gene_8340/gene_8422	41	onu_vs_self	significant	down	MF	FALSE
GO:0016772	transferase activity, transferring phosphorus-containing groups	5/1111	12/4328	0.416666666666667	1.62316231623162	1.27021148291314	0.171491278401596	0.938989122244243	0.938989122244243	gene_3107/gene_5131/gene_5273/gene_5283/gene_6994	5	onu_vs_self	significant	down	MF	FALSE
GO:0004364	glutathione transferase activity	4/1111	9/4328	0.444444444444444	1.73137313731373	1.29060577580413	0.178256745680895	0.938989122244243	0.938989122244243	gene_936/gene_1730/gene_2508/gene_3038	4	onu_vs_self	significant	down	MF	FALSE
GO:0000810	diacylglycerol pyrophosphate phosphatase activity	3/1111	6/4328	0.5	1.94779477947795	1.36512525985423	0.180039889668184	0.938989122244243	0.938989122244243	gene_1769/gene_3127/gene_5208	3	onu_vs_self	significant	down	MF	FALSE
GO:0004402	histone acetyltransferase activity	3/1111	6/4328	0.5	1.94779477947795	1.36512525985423	0.180039889668184	0.938989122244243	0.938989122244243	gene_1175/gene_7801/gene_7926	3	onu_vs_self	significant	down	MF	FALSE
GO:0004655	porphobilinogen synthase activity	3/1111	6/4328	0.5	1.94779477947795	1.36512525985423	0.180039889668184	0.938989122244243	0.938989122244243	gene_2152/gene_2174/gene_8248	3	onu_vs_self	significant	down	MF	FALSE
GO:0004787	thiamin-pyrophosphatase activity	3/1111	6/4328	0.5	1.94779477947795	1.36512525985423	0.180039889668184	0.938989122244243	0.938989122244243	gene_1769/gene_3127/gene_5208	3	onu_vs_self	significant	down	MF	FALSE
GO:0008413	8-oxo-7,8-dihydroguanine triphosphatase activity	3/1111	6/4328	0.5	1.94779477947795	1.36512525985423	0.180039889668184	0.938989122244243	0.938989122244243	gene_1769/gene_3127/gene_5208	3	onu_vs_self	significant	down	MF	FALSE
GO:0008758	UDP-2,3-diacylglucosamine hydrolase activity	3/1111	6/4328	0.5	1.94779477947795	1.36512525985423	0.180039889668184	0.938989122244243	0.938989122244243	gene_1769/gene_3127/gene_5208	3	onu_vs_self	significant	down	MF	FALSE
GO:0008796	bis(5'-nucleosyl)-tetraphosphatase activity	3/1111	6/4328	0.5	1.94779477947795	1.36512525985423	0.180039889668184	0.938989122244243	0.938989122244243	gene_1769/gene_3127/gene_5208	3	onu_vs_self	significant	down	MF	FALSE
GO:0008828	dATP pyrophosphohydrolase activity	3/1111	6/4328	0.5	1.94779477947795	1.36512525985423	0.180039889668184	0.938989122244243	0.938989122244243	gene_1769/gene_3127/gene_5208	3	onu_vs_self	significant	down	MF	FALSE
GO:0019176	dihydroneopterin monophosphate phosphatase activity	3/1111	6/4328	0.5	1.94779477947795	1.36512525985423	0.180039889668184	0.938989122244243	0.938989122244243	gene_1769/gene_3127/gene_5208	3	onu_vs_self	significant	down	MF	FALSE
GO:0019177	dihydroneopterin triphosphate pyrophosphohydrolase activity	3/1111	6/4328	0.5	1.94779477947795	1.36512525985423	0.180039889668184	0.938989122244243	0.938989122244243	gene_1769/gene_3127/gene_5208	3	onu_vs_self	significant	down	MF	FALSE
GO:0043141	ATP-dependent 5'-3' DNA helicase activity	3/1111	6/4328	0.5	1.94779477947795	1.36512525985423	0.180039889668184	0.938989122244243	0.938989122244243	gene_1769/gene_3127/gene_5208	3	onu_vs_self	significant	down	MF	FALSE
GO:0051539	4 iron, 4 sulfur cluster binding	3/1111	6/4328	0.5	1.94779477947795	1.36512525985423	0.180039889668184	0.938989122244243	0.938989122244243	gene_3938/gene_7479/gene_8289	3	onu_vs_self	significant	down	MF	FALSE
GO:0051287	NAD binding	10/1111	29/4328	0.344827586206897	1.34330674446755	1.08999011275615	0.187988276236558	0.938989122244243	0.938989122244243	gene_1589/gene_2088/gene_2603/gene_4007/gene_4034/gene_4710/gene_5230/gene_5701/gene_5738/gene_8045	10	onu_vs_self	significant	down	MF	FALSE
GO:0016627	oxidoreductase activity, acting on the CH-CH group of donors	7/1111	19/4328	0.368421052631579	1.43521720593112	1.1171707503715	0.193176549657486	0.938989122244243	0.938989122244243	gene_150/gene_929/gene_4107/gene_4452/gene_5595/gene_7067/gene_7219	7	onu_vs_self	significant	down	MF	FALSE
GO:0004448	isocitrate dehydrogenase activity	5/1111	13/4328	0.384615384615385	1.4983036765215	1.05730506863967	0.222917772420568	0.938989122244243	0.938989122244243	gene_662/gene_972/gene_3913/gene_4108/gene_4730	5	onu_vs_self	significant	down	MF	FALSE
GO:0035091	phosphoinositide binding	5/1111	13/4328	0.384615384615385	1.4983036765215	1.05730506863967	0.222917772420568	0.938989122244243	0.938989122244243	gene_487/gene_2382/gene_7558/gene_7788/gene_8524	5	onu_vs_self	significant	down	MF	FALSE
GO:0005351	sugar:hydrogen symporter activity	15/1111	48/4328	0.3125	1.21737173717372	0.889870391785226	0.23081461975538	0.938989122244243	0.938989122244243	gene_1110/gene_1284/gene_1872/gene_3271/gene_3427/gene_4759/gene_4863/gene_4925/gene_5133/gene_5301/gene_6126/gene_6384/gene_6708/gene_7463/gene_8564	15	onu_vs_self	significant	down	MF	FALSE
GO:0004519	endonuclease activity	4/1111	10/4328	0.4	1.55823582358236	1.03848763669483	0.239790607001011	0.938989122244243	0.938989122244243	gene_3036/gene_4100/gene_6225/gene_6963	4	onu_vs_self	significant	down	MF	FALSE
GO:0018024	histone-lysine N-methyltransferase activity	4/1111	10/4328	0.4	1.55823582358236	1.03848763669483	0.239790607001011	0.938989122244243	0.938989122244243	gene_620/gene_1622/gene_3517/gene_7447	4	onu_vs_self	significant	down	MF	FALSE
GO:0016791	phosphoric monoester hydrolase activity	6/1111	17/4328	0.352941176470588	1.37491396198443	0.910106067950017	0.255244106304087	0.938989122244243	0.938989122244243	gene_780/gene_1646/gene_4130/gene_5456/gene_5602/gene_7872	6	onu_vs_self	significant	down	MF	FALSE
GO:0005509	calcium ion binding	10/1111	31/4328	0.32258064516129	1.25664179321158	0.842656349951279	0.256068577952253	0.938989122244243	0.938989122244243	gene_651/gene_1177/gene_1333/gene_1912/gene_2531/gene_3037/gene_3564/gene_4460/gene_5846/gene_5971	10	onu_vs_self	significant	down	MF	FALSE
GO:0008565	protein transporter activity	10/1111	31/4328	0.32258064516129	1.25664179321158	0.842656349951279	0.256068577952253	0.938989122244243	0.938989122244243	gene_371/gene_439/gene_2014/gene_2443/gene_3150/gene_3899/gene_4845/gene_6568/gene_6640/gene_8292	10	onu_vs_self	significant	down	MF	FALSE
GO:0003723	RNA binding	22/1111	76/4328	0.289473684210526	1.12767066180302	0.659821137988086	0.293888881171013	0.938989122244243	0.938989122244243	gene_629/gene_914/gene_1012/gene_1201/gene_1365/gene_1374/gene_1616/gene_2412/gene_2597/gene_2722/gene_2972/gene_3319/gene_4984/gene_5010/gene_5762/gene_5781/gene_6278/gene_6645/gene_6969/gene_7636/gene_8150/gene_8234	22	onu_vs_self	significant	down	MF	FALSE
GO:0003995	acyl-CoA dehydrogenase activity	4/1111	11/4328	0.363636363636364	1.41657802143851	0.812880335884554	0.305159901217543	0.938989122244243	0.938989122244243	gene_929/gene_4107/gene_5595/gene_7067	4	onu_vs_self	significant	down	MF	FALSE
GO:0015645	fatty-acid ligase activity	4/1111	11/4328	0.363636363636364	1.41657802143851	0.812880335884554	0.305159901217543	0.938989122244243	0.938989122244243	gene_613/gene_1901/gene_2229/gene_4025	4	onu_vs_self	significant	down	MF	FALSE
GO:0003899	DNA-directed RNA polymerase activity	9/1111	29/4328	0.310344827586207	1.2089760700208	0.663493665056245	0.316750359651609	0.938989122244243	0.938989122244243	gene_416/gene_2190/gene_2305/gene_2869/gene_4519/gene_5137/gene_5578/gene_6162/gene_7761	9	onu_vs_self	significant	down	MF	FALSE
GO:0019798	procollagen-proline dioxygenase activity	7/1111	22/4328	0.318181818181818	1.23950576875869	0.661782460400281	0.326774756484247	0.938989122244243	0.938989122244243	gene_1154/gene_1770/gene_3416/gene_4341/gene_4839/gene_5171/gene_7189	7	onu_vs_self	significant	down	MF	FALSE
GO:0003993	acid phosphatase activity	5/1111	15/4328	0.333333333333333	1.2985298529853	0.680563438677799	0.335672760019052	0.938989122244243	0.938989122244243	gene_33/gene_2287/gene_4145/gene_4725/gene_5385	5	onu_vs_self	significant	down	MF	FALSE
GO:0008171	O-methyltransferase activity	5/1111	15/4328	0.333333333333333	1.2985298529853	0.680563438677799	0.335672760019052	0.938989122244243	0.938989122244243	gene_1413/gene_1883/gene_2164/gene_5762/gene_8175	5	onu_vs_self	significant	down	MF	FALSE
GO:0042578	phosphoric ester hydrolase activity	5/1111	15/4328	0.333333333333333	1.2985298529853	0.680563438677799	0.335672760019052	0.938989122244243	0.938989122244243	gene_1179/gene_2192/gene_4100/gene_6225/gene_7922	5	onu_vs_self	significant	down	MF	FALSE
GO:0046873	metal ion transmembrane transporter activity	5/1111	15/4328	0.333333333333333	1.2985298529853	0.680563438677799	0.335672760019052	0.938989122244243	0.938989122244243	gene_3410/gene_4001/gene_4098/gene_4778/gene_5185	5	onu_vs_self	significant	down	MF	FALSE
GO:0003684	damaged DNA binding	3/1111	8/4328	0.375	1.46084608460846	0.766626749416827	0.338163332348513	0.938989122244243	0.938989122244243	gene_18/gene_707/gene_3036	3	onu_vs_self	significant	down	MF	FALSE
GO:0004674	protein serine/threonine kinase activity	30/1111	108/4328	0.277777777777778	1.08210821082108	0.507770174505586	0.340704350812389	0.938989122244243	0.938989122244243	gene_101/gene_229/gene_557/gene_788/gene_834/gene_967/gene_1005/gene_1101/gene_1350/gene_1884/gene_2692/gene_2979/gene_3011/gene_3122/gene_3311/gene_3357/gene_4035/gene_4059/gene_4737/gene_4868/gene_4963/gene_5273/gene_5594/gene_5904/gene_5947/gene_6011/gene_6736/gene_7813/gene_7831/gene_8119	30	onu_vs_self	significant	down	MF	FALSE
GO:0000907	sulfonate dioxygenase activity	6/1111	19/4328	0.315789473684211	1.23018617651239	0.590871086976722	0.357590550759266	0.938989122244243	0.938989122244243	gene_1154/gene_1770/gene_3416/gene_4341/gene_4839/gene_7189	6	onu_vs_self	significant	down	MF	FALSE
GO:0003743	translation initiation factor activity	6/1111	19/4328	0.315789473684211	1.23018617651239	0.590871086976722	0.357590550759266	0.938989122244243	0.938989122244243	gene_629/gene_1281/gene_1367/gene_5017/gene_6643/gene_6939	6	onu_vs_self	significant	down	MF	FALSE
GO:0010302	2-oxoglutarate-dependent dioxygenase activity	6/1111	19/4328	0.315789473684211	1.23018617651239	0.590871086976722	0.357590550759266	0.938989122244243	0.938989122244243	gene_1154/gene_1770/gene_3416/gene_4341/gene_4839/gene_7189	6	onu_vs_self	significant	down	MF	FALSE
GO:0018602	2,4-dichlorophenoxyacetate alpha-ketoglutarate dioxygenase activity	6/1111	19/4328	0.315789473684211	1.23018617651239	0.590871086976722	0.357590550759266	0.938989122244243	0.938989122244243	gene_1154/gene_1770/gene_3416/gene_4341/gene_4839/gene_7189	6	onu_vs_self	significant	down	MF	FALSE
GO:0043734	DNA-N1-methyladenine dioxygenase activity	6/1111	19/4328	0.315789473684211	1.23018617651239	0.590871086976722	0.357590550759266	0.938989122244243	0.938989122244243	gene_1154/gene_1770/gene_3416/gene_4341/gene_4839/gene_7189	6	onu_vs_self	significant	down	MF	FALSE
GO:0005198	structural molecule activity	4/1111	12/4328	0.333333333333333	1.2985298529853	0.608502852912169	0.371994212625518	0.938989122244243	0.938989122244243	gene_4845/gene_5931/gene_6568/gene_7871	4	onu_vs_self	significant	down	MF	FALSE
GO:0008425	2-polyprenyl-6-methoxy-1,4-benzoquinone methyltransferase activity	4/1111	12/4328	0.333333333333333	1.2985298529853	0.608502852912169	0.371994212625518	0.938989122244243	0.938989122244243	gene_655/gene_2164/gene_5762/gene_8175	4	onu_vs_self	significant	down	MF	FALSE
GO:0016616	oxidoreductase activity, acting on the CH-OH group of donors, NAD or NADP as acceptor	7/1111	23/4328	0.304347826086957	1.18561421359527	0.524461383693502	0.374462135974158	0.938989122244243	0.938989122244243	gene_1589/gene_2603/gene_4710/gene_5701/gene_5738/gene_6166/gene_8045	7	onu_vs_self	significant	down	MF	FALSE
GO:0003910	DNA ligase (ATP) activity	2/1111	5/4328	0.4	1.55823582358236	0.733896867467422	0.381325761667149	0.938989122244243	0.938989122244243	gene_7140/gene_7350	2	onu_vs_self	significant	down	MF	FALSE
GO:0003951	NAD+ kinase activity	2/1111	5/4328	0.4	1.55823582358236	0.733896867467422	0.381325761667149	0.938989122244243	0.938989122244243	gene_1701/gene_8138	2	onu_vs_self	significant	down	MF	FALSE
GO:0004000	adenosine deaminase activity	2/1111	5/4328	0.4	1.55823582358236	0.733896867467422	0.381325761667149	0.938989122244243	0.938989122244243	gene_827/gene_2659	2	onu_vs_self	significant	down	MF	FALSE
GO:0004460	L-lactate dehydrogenase (cytochrome) activity	2/1111	5/4328	0.4	1.55823582358236	0.733896867467422	0.381325761667149	0.938989122244243	0.938989122244243	gene_954/gene_5650	2	onu_vs_self	significant	down	MF	FALSE
GO:0004467	long-chain-fatty-acid-CoA ligase activity	2/1111	5/4328	0.4	1.55823582358236	0.733896867467422	0.381325761667149	0.938989122244243	0.938989122244243	gene_613/gene_2229	2	onu_vs_self	significant	down	MF	FALSE
GO:0004525	ribonuclease III activity	2/1111	5/4328	0.4	1.55823582358236	0.733896867467422	0.381325761667149	0.938989122244243	0.938989122244243	gene_1374/gene_2972	2	onu_vs_self	significant	down	MF	FALSE
GO:0004765	shikimate kinase activity	2/1111	5/4328	0.4	1.55823582358236	0.733896867467422	0.381325761667149	0.938989122244243	0.938989122244243	gene_1874/gene_2401	2	onu_vs_self	significant	down	MF	FALSE
GO:0005085	guanyl-nucleotide exchange factor activity	2/1111	5/4328	0.4	1.55823582358236	0.733896867467422	0.381325761667149	0.938989122244243	0.938989122244243	gene_2122/gene_5304	2	onu_vs_self	significant	down	MF	FALSE
GO:0008806	carboxymethylenebutenolidase activity	2/1111	5/4328	0.4	1.55823582358236	0.733896867467422	0.381325761667149	0.938989122244243	0.938989122244243	gene_1501/gene_3374	2	onu_vs_self	significant	down	MF	FALSE
GO:0009374	biotin binding	2/1111	5/4328	0.4	1.55823582358236	0.733896867467422	0.381325761667149	0.938989122244243	0.938989122244243	gene_4038/gene_4883	2	onu_vs_self	significant	down	MF	FALSE
GO:0015299	solute:hydrogen antiporter activity	2/1111	5/4328	0.4	1.55823582358236	0.733896867467422	0.381325761667149	0.938989122244243	0.938989122244243	gene_2428/gene_2995	2	onu_vs_self	significant	down	MF	FALSE
GO:0016158	3-phytase activity	2/1111	5/4328	0.4	1.55823582358236	0.733896867467422	0.381325761667149	0.938989122244243	0.938989122244243	gene_4145/gene_4725	2	onu_vs_self	significant	down	MF	FALSE
GO:0016439	tRNA-pseudouridine synthase activity	2/1111	5/4328	0.4	1.55823582358236	0.733896867467422	0.381325761667149	0.938989122244243	0.938989122244243	gene_5323/gene_8150	2	onu_vs_self	significant	down	MF	FALSE
GO:0031955	short-chain-fatty-acid-CoA ligase activity	2/1111	5/4328	0.4	1.55823582358236	0.733896867467422	0.381325761667149	0.938989122244243	0.938989122244243	gene_613/gene_2229	2	onu_vs_self	significant	down	MF	FALSE
GO:0031956	medium-chain-fatty-acid-CoA ligase activity	2/1111	5/4328	0.4	1.55823582358236	0.733896867467422	0.381325761667149	0.938989122244243	0.938989122244243	gene_613/gene_2229	2	onu_vs_self	significant	down	MF	FALSE
GO:0031957	very-long-chain-fatty-acid-CoA ligase activity	2/1111	5/4328	0.4	1.55823582358236	0.733896867467422	0.381325761667149	0.938989122244243	0.938989122244243	gene_613/gene_2229	2	onu_vs_self	significant	down	MF	FALSE
GO:0046912	transferase activity, transferring acyl groups, acyl groups converted into alkyl on transfer	2/1111	5/4328	0.4	1.55823582358236	0.733896867467422	0.381325761667149	0.938989122244243	0.938989122244243	gene_3151/gene_3728	2	onu_vs_self	significant	down	MF	FALSE
GO:0008422	beta-glucosidase activity	5/1111	16/4328	0.3125	1.21737173717372	0.511856989465717	0.393987320622182	0.938989122244243	0.938989122244243	gene_1439/gene_1902/gene_3731/gene_5659/gene_6311	5	onu_vs_self	significant	down	MF	FALSE
GO:0004518	nuclease activity	6/1111	20/4328	0.3	1.16867686768677	0.44428088136332	0.409984124959124	0.938989122244243	0.938989122244243	gene_1179/gene_1769/gene_2192/gene_4100/gene_6225/gene_6338	6	onu_vs_self	significant	down	MF	FALSE
GO:0004022	alcohol dehydrogenase activity	3/1111	9/4328	0.333333333333333	1.2985298529853	0.526795875943572	0.418116625682322	0.938989122244243	0.938989122244243	gene_1225/gene_4258/gene_7217	3	onu_vs_self	significant	down	MF	FALSE
GO:0004023	alcohol dehydrogenase activity, metal ion-independent	3/1111	9/4328	0.333333333333333	1.2985298529853	0.526795875943572	0.418116625682322	0.938989122244243	0.938989122244243	gene_1225/gene_4258/gene_7217	3	onu_vs_self	significant	down	MF	FALSE
GO:0004024	alcohol dehydrogenase activity, zinc-dependent	3/1111	9/4328	0.333333333333333	1.2985298529853	0.526795875943572	0.418116625682322	0.938989122244243	0.938989122244243	gene_1225/gene_4258/gene_7217	3	onu_vs_self	significant	down	MF	FALSE
GO:0004025	alcohol dehydrogenase activity, iron-dependent	3/1111	9/4328	0.333333333333333	1.2985298529853	0.526795875943572	0.418116625682322	0.938989122244243	0.938989122244243	gene_1225/gene_4258/gene_7217	3	onu_vs_self	significant	down	MF	FALSE
GO:0004526	ribonuclease P activity	3/1111	9/4328	0.333333333333333	1.2985298529853	0.526795875943572	0.418116625682322	0.938989122244243	0.938989122244243	gene_1201/gene_3234/gene_7510	3	onu_vs_self	significant	down	MF	FALSE
GO:0008233	peptidase activity	3/1111	9/4328	0.333333333333333	1.2985298529853	0.526795875943572	0.418116625682322	0.938989122244243	0.938989122244243	gene_1511/gene_5788/gene_6702	3	onu_vs_self	significant	down	MF	FALSE
GO:0032115	sorbose reductase activity	3/1111	9/4328	0.333333333333333	1.2985298529853	0.526795875943572	0.418116625682322	0.938989122244243	0.938989122244243	gene_584/gene_1250/gene_7993	3	onu_vs_self	significant	down	MF	FALSE
GO:0004190	aspartic-type endopeptidase activity	4/1111	13/4328	0.307692307692308	1.1986429412172	0.421482317900127	0.438250408272162	0.938989122244243	0.938989122244243	gene_1223/gene_6157/gene_8374/gene_8559	4	onu_vs_self	significant	down	MF	FALSE
GO:0004222	metalloendopeptidase activity	4/1111	13/4328	0.307692307692308	1.1986429412172	0.421482317900127	0.438250408272162	0.938989122244243	0.938989122244243	gene_345/gene_395/gene_1618/gene_4451	4	onu_vs_self	significant	down	MF	FALSE
GO:0008170	N-methyltransferase activity	4/1111	13/4328	0.307692307692308	1.1986429412172	0.421482317900127	0.438250408272162	0.938989122244243	0.938989122244243	gene_1246/gene_2164/gene_5762/gene_8175	4	onu_vs_self	significant	down	MF	FALSE
GO:0016564	transcription repressor activity	4/1111	13/4328	0.307692307692308	1.1986429412172	0.421482317900127	0.438250408272162	0.938989122244243	0.938989122244243	gene_1737/gene_5952/gene_6464/gene_6514	4	onu_vs_self	significant	down	MF	FALSE
GO:0030246	carbohydrate binding	4/1111	13/4328	0.307692307692308	1.1986429412172	0.421482317900127	0.438250408272162	0.938989122244243	0.938989122244243	gene_1109/gene_2946/gene_2947/gene_8531	4	onu_vs_self	significant	down	MF	FALSE
GO:0043765	T/G mismatch-specific endonuclease activity	4/1111	13/4328	0.307692307692308	1.1986429412172	0.421482317900127	0.438250408272162	0.938989122244243	0.938989122244243	gene_1179/gene_2192/gene_4100/gene_6225	4	onu_vs_self	significant	down	MF	FALSE
GO:0004672	protein kinase activity	31/1111	117/4328	0.264957264957265	1.03216475493703	0.207255232406609	0.453715560077158	0.938989122244243	0.938989122244243	gene_101/gene_229/gene_557/gene_788/gene_834/gene_967/gene_1005/gene_1101/gene_1350/gene_1884/gene_2692/gene_2979/gene_3011/gene_3122/gene_3311/gene_3357/gene_3940/gene_4035/gene_4059/gene_4737/gene_4868/gene_4963/gene_5273/gene_5594/gene_5904/gene_5947/gene_6011/gene_6347/gene_6736/gene_7813/gene_8119	31	onu_vs_self	significant	down	MF	FALSE
GO:0003746	translation elongation factor activity	2/1111	6/4328	0.333333333333333	1.2985298529853	0.429977725088621	0.481968697666631	0.938989122244243	0.938989122244243	gene_620/gene_5203	2	onu_vs_self	significant	down	MF	FALSE
GO:0003996	acyl-CoA ligase activity	2/1111	6/4328	0.333333333333333	1.2985298529853	0.429977725088621	0.481968697666631	0.938989122244243	0.938989122244243	gene_1901/gene_4025	2	onu_vs_self	significant	down	MF	FALSE
GO:0004774	succinate-CoA ligase activity	2/1111	6/4328	0.333333333333333	1.2985298529853	0.429977725088621	0.481968697666631	0.938989122244243	0.938989122244243	gene_1901/gene_4025	2	onu_vs_self	significant	down	MF	FALSE
GO:0004784	superoxide dismutase activity	2/1111	6/4328	0.333333333333333	1.2985298529853	0.429977725088621	0.481968697666631	0.938989122244243	0.938989122244243	gene_2917/gene_5928	2	onu_vs_self	significant	down	MF	FALSE
GO:0008688	3-(3-hydroxy-phenyl)propionate hydroxylase activity	2/1111	6/4328	0.333333333333333	1.2985298529853	0.429977725088621	0.481968697666631	0.938989122244243	0.938989122244243	gene_4253/gene_5766	2	onu_vs_self	significant	down	MF	FALSE
GO:0017136	NAD-dependent histone deacetylase activity	2/1111	6/4328	0.333333333333333	1.2985298529853	0.429977725088621	0.481968697666631	0.938989122244243	0.938989122244243	gene_4034/gene_5230	2	onu_vs_self	significant	down	MF	FALSE
GO:0018471	4-chlorobenzaldehyde oxidase activity	2/1111	6/4328	0.333333333333333	1.2985298529853	0.429977725088621	0.481968697666631	0.938989122244243	0.938989122244243	gene_4253/gene_5766	2	onu_vs_self	significant	down	MF	FALSE
GO:0018630	3,5-xylenol methylhydroxylase activity	2/1111	6/4328	0.333333333333333	1.2985298529853	0.429977725088621	0.481968697666631	0.938989122244243	0.938989122244243	gene_4253/gene_5766	2	onu_vs_self	significant	down	MF	FALSE
GO:0018631	phenylacetate hydroxylase activity	2/1111	6/4328	0.333333333333333	1.2985298529853	0.429977725088621	0.481968697666631	0.938989122244243	0.938989122244243	gene_4253/gene_5766	2	onu_vs_self	significant	down	MF	FALSE
GO:0018632	4-nitrophenol 4-monooxygenase activity	2/1111	6/4328	0.333333333333333	1.2985298529853	0.429977725088621	0.481968697666631	0.938989122244243	0.938989122244243	gene_4253/gene_5766	2	onu_vs_self	significant	down	MF	FALSE
GO:0018633	dimethyl sulfide monooxygenase activity	2/1111	6/4328	0.333333333333333	1.2985298529853	0.429977725088621	0.481968697666631	0.938989122244243	0.938989122244243	gene_4253/gene_5766	2	onu_vs_self	significant	down	MF	FALSE
GO:0018634	alpha-pinene monooxygenase [NADH] activity	2/1111	6/4328	0.333333333333333	1.2985298529853	0.429977725088621	0.481968697666631	0.938989122244243	0.938989122244243	gene_4253/gene_5766	2	onu_vs_self	significant	down	MF	FALSE
GO:0018635	limonene 1,2-monooxygenase activity	2/1111	6/4328	0.333333333333333	1.2985298529853	0.429977725088621	0.481968697666631	0.938989122244243	0.938989122244243	gene_4253/gene_5766	2	onu_vs_self	significant	down	MF	FALSE
GO:0018636	phenanthrene 9,10-monooxygenase activity	2/1111	6/4328	0.333333333333333	1.2985298529853	0.429977725088621	0.481968697666631	0.938989122244243	0.938989122244243	gene_4253/gene_5766	2	onu_vs_self	significant	down	MF	FALSE
GO:0018637	1-hydroxy-2-naphthoate hydroxylase activity	2/1111	6/4328	0.333333333333333	1.2985298529853	0.429977725088621	0.481968697666631	0.938989122244243	0.938989122244243	gene_4253/gene_5766	2	onu_vs_self	significant	down	MF	FALSE
GO:0018638	toluene 4-monooxygenase activity	2/1111	6/4328	0.333333333333333	1.2985298529853	0.429977725088621	0.481968697666631	0.938989122244243	0.938989122244243	gene_4253/gene_5766	2	onu_vs_self	significant	down	MF	FALSE
GO:0018639	xylene monooxygenase activity	2/1111	6/4328	0.333333333333333	1.2985298529853	0.429977725088621	0.481968697666631	0.938989122244243	0.938989122244243	gene_4253/gene_5766	2	onu_vs_self	significant	down	MF	FALSE
GO:0018640	dibenzothiophene monooxygenase activity	2/1111	6/4328	0.333333333333333	1.2985298529853	0.429977725088621	0.481968697666631	0.938989122244243	0.938989122244243	gene_4253/gene_5766	2	onu_vs_self	significant	down	MF	FALSE
GO:0018641	6-hydroxy-3-methyl-2-oxo-1,2-dihydroquinoline 6-monooxygenase activity	2/1111	6/4328	0.333333333333333	1.2985298529853	0.429977725088621	0.481968697666631	0.938989122244243	0.938989122244243	gene_4253/gene_5766	2	onu_vs_self	significant	down	MF	FALSE
GO:0018642	chlorophenol 4-monooxygenase activity	2/1111	6/4328	0.333333333333333	1.2985298529853	0.429977725088621	0.481968697666631	0.938989122244243	0.938989122244243	gene_4253/gene_5766	2	onu_vs_self	significant	down	MF	FALSE
GO:0018643	carbon disulfide oxygenase activity	2/1111	6/4328	0.333333333333333	1.2985298529853	0.429977725088621	0.481968697666631	0.938989122244243	0.938989122244243	gene_4253/gene_5766	2	onu_vs_self	significant	down	MF	FALSE
GO:0018644	toluene 2-monooxygenase activity	2/1111	6/4328	0.333333333333333	1.2985298529853	0.429977725088621	0.481968697666631	0.938989122244243	0.938989122244243	gene_4253/gene_5766	2	onu_vs_self	significant	down	MF	FALSE
GO:0018646	1-hydroxy-2-oxolimonene 1,2-monooxygenase activity	2/1111	6/4328	0.333333333333333	1.2985298529853	0.429977725088621	0.481968697666631	0.938989122244243	0.938989122244243	gene_4253/gene_5766	2	onu_vs_self	significant	down	MF	FALSE
GO:0018647	phenanthrene 1,2-monooxygenase activity	2/1111	6/4328	0.333333333333333	1.2985298529853	0.429977725088621	0.481968697666631	0.938989122244243	0.938989122244243	gene_4253/gene_5766	2	onu_vs_self	significant	down	MF	FALSE
GO:0018648	methanesulfonic acid monooxygenase activity	2/1111	6/4328	0.333333333333333	1.2985298529853	0.429977725088621	0.481968697666631	0.938989122244243	0.938989122244243	gene_4253/gene_5766	2	onu_vs_self	significant	down	MF	FALSE
GO:0018649	tetrahydrofuran hydroxylase activity	2/1111	6/4328	0.333333333333333	1.2985298529853	0.429977725088621	0.481968697666631	0.938989122244243	0.938989122244243	gene_4253/gene_5766	2	onu_vs_self	significant	down	MF	FALSE
GO:0018650	styrene monooxygenase activity	2/1111	6/4328	0.333333333333333	1.2985298529853	0.429977725088621	0.481968697666631	0.938989122244243	0.938989122244243	gene_4253/gene_5766	2	onu_vs_self	significant	down	MF	FALSE
GO:0018651	toluene-4-sulfonate monooxygenase activity	2/1111	6/4328	0.333333333333333	1.2985298529853	0.429977725088621	0.481968697666631	0.938989122244243	0.938989122244243	gene_4253/gene_5766	2	onu_vs_self	significant	down	MF	FALSE
GO:0018652	toluene-sulfonate methyl-monooxygenase activity	2/1111	6/4328	0.333333333333333	1.2985298529853	0.429977725088621	0.481968697666631	0.938989122244243	0.938989122244243	gene_4253/gene_5766	2	onu_vs_self	significant	down	MF	FALSE
GO:0018653	3-methyl-2-oxo-1,2-dihydroquinoline 6-monooxygenase activity	2/1111	6/4328	0.333333333333333	1.2985298529853	0.429977725088621	0.481968697666631	0.938989122244243	0.938989122244243	gene_4253/gene_5766	2	onu_vs_self	significant	down	MF	FALSE
GO:0018654	2-hydroxy-phenylacetate hydroxylase activity	2/1111	6/4328	0.333333333333333	1.2985298529853	0.429977725088621	0.481968697666631	0.938989122244243	0.938989122244243	gene_4253/gene_5766	2	onu_vs_self	significant	down	MF	FALSE
GO:0018655	2-oxo-delta3-4,5,5-trimethylcyclopentenylacetyl-CoA 1,2-monooxygenase activity	2/1111	6/4328	0.333333333333333	1.2985298529853	0.429977725088621	0.481968697666631	0.938989122244243	0.938989122244243	gene_4253/gene_5766	2	onu_vs_self	significant	down	MF	FALSE
GO:0018656	phenanthrene 3,4-monooxygenase activity	2/1111	6/4328	0.333333333333333	1.2985298529853	0.429977725088621	0.481968697666631	0.938989122244243	0.938989122244243	gene_4253/gene_5766	2	onu_vs_self	significant	down	MF	FALSE
GO:0018657	toluene 3-monooxygenase activity	2/1111	6/4328	0.333333333333333	1.2985298529853	0.429977725088621	0.481968697666631	0.938989122244243	0.938989122244243	gene_4253/gene_5766	2	onu_vs_self	significant	down	MF	FALSE
GO:0018853	perillyl-CoA synthetase activity	2/1111	6/4328	0.333333333333333	1.2985298529853	0.429977725088621	0.481968697666631	0.938989122244243	0.938989122244243	gene_1901/gene_4025	2	onu_vs_self	significant	down	MF	FALSE
GO:0018854	3-isopropenyl-6-oxoheptanoyl-CoA synthetase activity	2/1111	6/4328	0.333333333333333	1.2985298529853	0.429977725088621	0.481968697666631	0.938989122244243	0.938989122244243	gene_1901/gene_4025	2	onu_vs_self	significant	down	MF	FALSE
GO:0018855	2-oxo-delta3-4,5,5-trimethylcyclopentenylacetyl-CoA synthetase activity	2/1111	6/4328	0.333333333333333	1.2985298529853	0.429977725088621	0.481968697666631	0.938989122244243	0.938989122244243	gene_1901/gene_4025	2	onu_vs_self	significant	down	MF	FALSE
GO:0018856	benzoyl acetate-CoA ligase activity	2/1111	6/4328	0.333333333333333	1.2985298529853	0.429977725088621	0.481968697666631	0.938989122244243	0.938989122244243	gene_1901/gene_4025	2	onu_vs_self	significant	down	MF	FALSE
GO:0018857	2,4-dichlorobenzoate-CoA ligase activity	2/1111	6/4328	0.333333333333333	1.2985298529853	0.429977725088621	0.481968697666631	0.938989122244243	0.938989122244243	gene_1901/gene_4025	2	onu_vs_self	significant	down	MF	FALSE
GO:0019113	limonene monooxygenase activity	2/1111	6/4328	0.333333333333333	1.2985298529853	0.429977725088621	0.481968697666631	0.938989122244243	0.938989122244243	gene_4253/gene_5766	2	onu_vs_self	significant	down	MF	FALSE
GO:0043719	2-octaprenyl-3-methyl-6-methoxy-1,4-benzoquinol hydroxylase	2/1111	6/4328	0.333333333333333	1.2985298529853	0.429977725088621	0.481968697666631	0.938989122244243	0.938989122244243	gene_4253/gene_5766	2	onu_vs_self	significant	down	MF	FALSE
GO:0043731	6-hydroxynicotinate 3-monooxygenase activity	2/1111	6/4328	0.333333333333333	1.2985298529853	0.429977725088621	0.481968697666631	0.938989122244243	0.938989122244243	gene_4253/gene_5766	2	onu_vs_self	significant	down	MF	FALSE
GO:0043759	branched-chain acyl-CoA synthetase (ADP-forming) activity	2/1111	6/4328	0.333333333333333	1.2985298529853	0.429977725088621	0.481968697666631	0.938989122244243	0.938989122244243	gene_1901/gene_4025	2	onu_vs_self	significant	down	MF	FALSE
GO:0043762	aryl-CoA synthetase (ADP-forming) activity	2/1111	6/4328	0.333333333333333	1.2985298529853	0.429977725088621	0.481968697666631	0.938989122244243	0.938989122244243	gene_1901/gene_4025	2	onu_vs_self	significant	down	MF	FALSE
GO:0004842	ubiquitin-protein ligase activity	20/1111	76/4328	0.263157894736842	1.02515514709366	0.130005574868896	0.492639928644861	0.938989122244243	0.938989122244243	gene_543/gene_598/gene_607/gene_650/gene_709/gene_722/gene_1235/gene_2098/gene_2683/gene_2973/gene_3278/gene_3813/gene_4346/gene_4950/gene_5462/gene_5759/gene_6327/gene_6646/gene_7044/gene_7045	20	onu_vs_self	significant	down	MF	FALSE
GO:0004033	aldo-keto reductase activity	3/1111	10/4328	0.3	1.16867686768677	0.313790040497599	0.494542062260027	0.938989122244243	0.938989122244243	gene_662/gene_972/gene_4108	3	onu_vs_self	significant	down	MF	FALSE
GO:0004495	mevaldate reductase activity	3/1111	10/4328	0.3	1.16867686768677	0.313790040497599	0.494542062260027	0.938989122244243	0.938989122244243	gene_662/gene_972/gene_4108	3	onu_vs_self	significant	down	MF	FALSE
GO:0016229	steroid dehydrogenase activity	3/1111	10/4328	0.3	1.16867686768677	0.313790040497599	0.494542062260027	0.938989122244243	0.938989122244243	gene_662/gene_972/gene_4108	3	onu_vs_self	significant	down	MF	FALSE
GO:0018451	epoxide dehydrogenase activity	3/1111	10/4328	0.3	1.16867686768677	0.313790040497599	0.494542062260027	0.938989122244243	0.938989122244243	gene_662/gene_972/gene_4108	3	onu_vs_self	significant	down	MF	FALSE
GO:0018452	5-exo-hydroxycamphor dehydrogenase activity	3/1111	10/4328	0.3	1.16867686768677	0.313790040497599	0.494542062260027	0.938989122244243	0.938989122244243	gene_662/gene_972/gene_4108	3	onu_vs_self	significant	down	MF	FALSE
GO:0018453	2-hydroxytetrahydrofuran dehydrogenase activity	3/1111	10/4328	0.3	1.16867686768677	0.313790040497599	0.494542062260027	0.938989122244243	0.938989122244243	gene_662/gene_972/gene_4108	3	onu_vs_self	significant	down	MF	FALSE
GO:0032442	phenylcoumaran benzylic ether reductase activity	3/1111	10/4328	0.3	1.16867686768677	0.313790040497599	0.494542062260027	0.938989122244243	0.938989122244243	gene_662/gene_972/gene_4108	3	onu_vs_self	significant	down	MF	FALSE
GO:0033764	steroid dehydrogenase activity, acting on the CH-OH group of donors, NAD or NADP as acceptor	3/1111	10/4328	0.3	1.16867686768677	0.313790040497599	0.494542062260027	0.938989122244243	0.938989122244243	gene_662/gene_972/gene_4108	3	onu_vs_self	significant	down	MF	FALSE
GO:0033765	steroid dehydrogenase activity, acting on the CH-CH group of donors	3/1111	10/4328	0.3	1.16867686768677	0.313790040497599	0.494542062260027	0.938989122244243	0.938989122244243	gene_662/gene_972/gene_4108	3	onu_vs_self	significant	down	MF	FALSE
GO:0043713	(R)-2-hydroxyisocaproate dehydrogenase activity	3/1111	10/4328	0.3	1.16867686768677	0.313790040497599	0.494542062260027	0.938989122244243	0.938989122244243	gene_662/gene_972/gene_4108	3	onu_vs_self	significant	down	MF	FALSE
GO:0048258	3-ketoglucose-reductase activity	3/1111	10/4328	0.3	1.16867686768677	0.313790040497599	0.494542062260027	0.938989122244243	0.938989122244243	gene_662/gene_972/gene_4108	3	onu_vs_self	significant	down	MF	FALSE
GO:0008234	cysteine-type peptidase activity	4/1111	14/4328	0.285714285714286	1.11302558827311	0.248900443352188	0.502286292009072	0.938989122244243	0.938989122244243	gene_2442/gene_5698/gene_7375/gene_8063	4	onu_vs_self	significant	down	MF	FALSE
GO:0008094	DNA-dependent ATPase activity	5/1111	18/4328	0.277777777777778	1.08210821082108	0.205120540786945	0.507999552243068	0.938989122244243	0.938989122244243	gene_727/gene_2392/gene_5801/gene_7501/gene_7791	5	onu_vs_self	significant	down	MF	FALSE
GO:0003824	catalytic activity	95/1111	370/4328	0.256756756756757	1.000218940813	0.00258770425623879	0.520444844004339	0.938989122244243	0.938989122244243	gene_239/gene_252/gene_278/gene_529/gene_543/gene_613/gene_674/gene_722/gene_984/gene_1109/gene_1216/gene_1247/gene_1288/gene_1384/gene_1428/gene_1502/gene_1595/gene_1618/gene_1901/gene_2106/gene_2155/gene_2229/gene_2458/gene_2886/gene_2946/gene_2947/gene_2999/gene_3151/gene_3380/gene_3564/gene_3565/gene_3630/gene_3728/gene_3747/gene_3823/gene_3904/gene_3919/gene_3955/gene_3958/gene_4005/gene_4009/gene_4025/gene_4038/gene_4058/gene_4088/gene_4242/gene_4263/gene_4346/gene_4418/gene_4450/gene_4720/gene_4721/gene_4731/gene_4883/gene_5066/gene_5161/gene_5169/gene_5286/gene_5376/gene_5485/gene_5697/gene_6041/gene_6064/gene_6148/gene_6225/gene_6270/gene_6338/gene_6448/gene_6630/gene_6647/gene_6652/gene_6729/gene_6773/gene_6838/gene_6999/gene_7033/gene_7117/gene_7146/gene_7340/gene_7448/gene_7459/gene_7479/gene_7612/gene_7620/gene_7860/gene_7933/gene_7970/gene_7999/gene_8046/gene_8183/gene_8220/gene_8340/gene_8379/gene_8531/gene_8618	95	onu_vs_self	significant	down	MF	FALSE
GO:0051082	unfolded protein binding	6/1111	23/4328	0.260869565217391	1.01624075451023	0.0458889888747212	0.561360615622057	0.938989122244243	0.938989122244243	gene_597/gene_945/gene_2152/gene_4509/gene_4771/gene_4860	6	onu_vs_self	significant	down	MF	FALSE
GO:0000253	3-keto sterol reductase activity	3/1111	11/4328	0.272727272727273	1.06243351607888	0.121828264835968	0.565560372650958	0.938989122244243	0.938989122244243	gene_662/gene_972/gene_4108	3	onu_vs_self	significant	down	MF	FALSE
GO:0000293	ferric-chelate reductase activity	3/1111	11/4328	0.272727272727273	1.06243351607888	0.121828264835968	0.565560372650958	0.938989122244243	0.938989122244243	gene_4729/gene_5591/gene_7018	3	onu_vs_self	significant	down	MF	FALSE
GO:0003880	C-terminal protein carboxyl methyltransferase activity	3/1111	11/4328	0.272727272727273	1.06243351607888	0.121828264835968	0.565560372650958	0.938989122244243	0.938989122244243	gene_2164/gene_5762/gene_8175	3	onu_vs_self	significant	down	MF	FALSE
GO:0003960	NADPH:quinone reductase activity	3/1111	11/4328	0.272727272727273	1.06243351607888	0.121828264835968	0.565560372650958	0.938989122244243	0.938989122244243	gene_2013/gene_5477/gene_6143	3	onu_vs_self	significant	down	MF	FALSE
GO:0008169	C-methyltransferase activity	3/1111	11/4328	0.272727272727273	1.06243351607888	0.121828264835968	0.565560372650958	0.938989122244243	0.938989122244243	gene_2164/gene_5762/gene_8175	3	onu_vs_self	significant	down	MF	FALSE
GO:0008172	S-methyltransferase activity	3/1111	11/4328	0.272727272727273	1.06243351607888	0.121828264835968	0.565560372650958	0.938989122244243	0.938989122244243	gene_2164/gene_5762/gene_8175	3	onu_vs_self	significant	down	MF	FALSE
GO:0008173	RNA methyltransferase activity	3/1111	11/4328	0.272727272727273	1.06243351607888	0.121828264835968	0.565560372650958	0.938989122244243	0.938989122244243	gene_2164/gene_5762/gene_8175	3	onu_vs_self	significant	down	MF	FALSE
GO:0008174	mRNA methyltransferase activity	3/1111	11/4328	0.272727272727273	1.06243351607888	0.121828264835968	0.565560372650958	0.938989122244243	0.938989122244243	gene_2164/gene_5762/gene_8175	3	onu_vs_self	significant	down	MF	FALSE
GO:0008175	tRNA methyltransferase activity	3/1111	11/4328	0.272727272727273	1.06243351607888	0.121828264835968	0.565560372650958	0.938989122244243	0.938989122244243	gene_2164/gene_5762/gene_8175	3	onu_vs_self	significant	down	MF	FALSE
GO:0008326	site-specific DNA-methyltransferase (cytosine-specific) activity	3/1111	11/4328	0.272727272727273	1.06243351607888	0.121828264835968	0.565560372650958	0.938989122244243	0.938989122244243	gene_2164/gene_5762/gene_8175	3	onu_vs_self	significant	down	MF	FALSE
GO:0008650	rRNA (uridine-2'-O-)-methyltransferase activity	3/1111	11/4328	0.272727272727273	1.06243351607888	0.121828264835968	0.565560372650958	0.938989122244243	0.938989122244243	gene_2164/gene_5762/gene_8175	3	onu_vs_self	significant	down	MF	FALSE
GO:0009008	DNA-methyltransferase activity	3/1111	11/4328	0.272727272727273	1.06243351607888	0.121828264835968	0.565560372650958	0.938989122244243	0.938989122244243	gene_2164/gene_5762/gene_8175	3	onu_vs_self	significant	down	MF	FALSE
GO:0009383	rRNA (cytosine-C5-967)-methyltransferase activity	3/1111	11/4328	0.272727272727273	1.06243351607888	0.121828264835968	0.565560372650958	0.938989122244243	0.938989122244243	gene_2164/gene_5762/gene_8175	3	onu_vs_self	significant	down	MF	FALSE
GO:0016205	selenocysteine methyltransferase activity	3/1111	11/4328	0.272727272727273	1.06243351607888	0.121828264835968	0.565560372650958	0.938989122244243	0.938989122244243	gene_2164/gene_5762/gene_8175	3	onu_vs_self	significant	down	MF	FALSE
GO:0016273	arginine N-methyltransferase activity	3/1111	11/4328	0.272727272727273	1.06243351607888	0.121828264835968	0.565560372650958	0.938989122244243	0.938989122244243	gene_2164/gene_5762/gene_8175	3	onu_vs_self	significant	down	MF	FALSE
GO:0016274	protein-arginine N-methyltransferase activity	3/1111	11/4328	0.272727272727273	1.06243351607888	0.121828264835968	0.565560372650958	0.938989122244243	0.938989122244243	gene_2164/gene_5762/gene_8175	3	onu_vs_self	significant	down	MF	FALSE
GO:0016278	lysine N-methyltransferase activity	3/1111	11/4328	0.272727272727273	1.06243351607888	0.121828264835968	0.565560372650958	0.938989122244243	0.938989122244243	gene_2164/gene_5762/gene_8175	3	onu_vs_self	significant	down	MF	FALSE
GO:0016279	protein-lysine N-methyltransferase activity	3/1111	11/4328	0.272727272727273	1.06243351607888	0.121828264835968	0.565560372650958	0.938989122244243	0.938989122244243	gene_2164/gene_5762/gene_8175	3	onu_vs_self	significant	down	MF	FALSE
GO:0016300	tRNA (uracil) methyltransferase activity	3/1111	11/4328	0.272727272727273	1.06243351607888	0.121828264835968	0.565560372650958	0.938989122244243	0.938989122244243	gene_2164/gene_5762/gene_8175	3	onu_vs_self	significant	down	MF	FALSE
GO:0016423	tRNA (guanine) methyltransferase activity	3/1111	11/4328	0.272727272727273	1.06243351607888	0.121828264835968	0.565560372650958	0.938989122244243	0.938989122244243	gene_2164/gene_5762/gene_8175	3	onu_vs_self	significant	down	MF	FALSE
GO:0016424	tRNA (guanosine) methyltransferase activity	3/1111	11/4328	0.272727272727273	1.06243351607888	0.121828264835968	0.565560372650958	0.938989122244243	0.938989122244243	gene_2164/gene_5762/gene_8175	3	onu_vs_self	significant	down	MF	FALSE
GO:0016426	tRNA (adenine)-methyltransferase activity	3/1111	11/4328	0.272727272727273	1.06243351607888	0.121828264835968	0.565560372650958	0.938989122244243	0.938989122244243	gene_2164/gene_5762/gene_8175	3	onu_vs_self	significant	down	MF	FALSE
GO:0016427	tRNA (cytosine)-methyltransferase activity	3/1111	11/4328	0.272727272727273	1.06243351607888	0.121828264835968	0.565560372650958	0.938989122244243	0.938989122244243	gene_2164/gene_5762/gene_8175	3	onu_vs_self	significant	down	MF	FALSE
GO:0016431	tRNA (uridine) methyltransferase activity	3/1111	11/4328	0.272727272727273	1.06243351607888	0.121828264835968	0.565560372650958	0.938989122244243	0.938989122244243	gene_2164/gene_5762/gene_8175	3	onu_vs_self	significant	down	MF	FALSE
GO:0016433	rRNA (adenine) methyltransferase activity	3/1111	11/4328	0.272727272727273	1.06243351607888	0.121828264835968	0.565560372650958	0.938989122244243	0.938989122244243	gene_2164/gene_5762/gene_8175	3	onu_vs_self	significant	down	MF	FALSE
GO:0016434	rRNA (cytosine) methyltransferase activity	3/1111	11/4328	0.272727272727273	1.06243351607888	0.121828264835968	0.565560372650958	0.938989122244243	0.938989122244243	gene_2164/gene_5762/gene_8175	3	onu_vs_self	significant	down	MF	FALSE
GO:0016435	rRNA (guanine) methyltransferase activity	3/1111	11/4328	0.272727272727273	1.06243351607888	0.121828264835968	0.565560372650958	0.938989122244243	0.938989122244243	gene_2164/gene_5762/gene_8175	3	onu_vs_self	significant	down	MF	FALSE
GO:0016436	rRNA (uridine) methyltransferase activity	3/1111	11/4328	0.272727272727273	1.06243351607888	0.121828264835968	0.565560372650958	0.938989122244243	0.938989122244243	gene_2164/gene_5762/gene_8175	3	onu_vs_self	significant	down	MF	FALSE
GO:0018423	protein-leucine O-methyltransferase activity	3/1111	11/4328	0.272727272727273	1.06243351607888	0.121828264835968	0.565560372650958	0.938989122244243	0.938989122244243	gene_2164/gene_5762/gene_8175	3	onu_vs_self	significant	down	MF	FALSE
GO:0018707	1-phenanthrol methyltransferase activity	3/1111	11/4328	0.272727272727273	1.06243351607888	0.121828264835968	0.565560372650958	0.938989122244243	0.938989122244243	gene_2164/gene_5762/gene_8175	3	onu_vs_self	significant	down	MF	FALSE
GO:0019702	protein-arginine N5-methyltransferase activity	3/1111	11/4328	0.272727272727273	1.06243351607888	0.121828264835968	0.565560372650958	0.938989122244243	0.938989122244243	gene_2164/gene_5762/gene_8175	3	onu_vs_self	significant	down	MF	FALSE
GO:0030792	methylarsonite methyltransferase activity	3/1111	11/4328	0.272727272727273	1.06243351607888	0.121828264835968	0.565560372650958	0.938989122244243	0.938989122244243	gene_2164/gene_5762/gene_8175	3	onu_vs_self	significant	down	MF	FALSE
GO:0043770	demethylmenaquinone methyltransferase activity	3/1111	11/4328	0.272727272727273	1.06243351607888	0.121828264835968	0.565560372650958	0.938989122244243	0.938989122244243	gene_2164/gene_5762/gene_8175	3	onu_vs_self	significant	down	MF	FALSE
GO:0043776	cobalt-precorrin-6B C5-methyltransferase activity	3/1111	11/4328	0.272727272727273	1.06243351607888	0.121828264835968	0.565560372650958	0.938989122244243	0.938989122244243	gene_2164/gene_5762/gene_8175	3	onu_vs_self	significant	down	MF	FALSE
GO:0043777	cobalt-precorrin-7 C15-methyltransferase activity	3/1111	11/4328	0.272727272727273	1.06243351607888	0.121828264835968	0.565560372650958	0.938989122244243	0.938989122244243	gene_2164/gene_5762/gene_8175	3	onu_vs_self	significant	down	MF	FALSE
GO:0043780	cobalt-precorrin-5B C1-methyltransferase activity	3/1111	11/4328	0.272727272727273	1.06243351607888	0.121828264835968	0.565560372650958	0.938989122244243	0.938989122244243	gene_2164/gene_5762/gene_8175	3	onu_vs_self	significant	down	MF	FALSE
GO:0043782	cobalt-precorrin-3 C17-methyltransferase activity	3/1111	11/4328	0.272727272727273	1.06243351607888	0.121828264835968	0.565560372650958	0.938989122244243	0.938989122244243	gene_2164/gene_5762/gene_8175	3	onu_vs_self	significant	down	MF	FALSE
GO:0043790	dimethyladenosine transferase activity	3/1111	11/4328	0.272727272727273	1.06243351607888	0.121828264835968	0.565560372650958	0.938989122244243	0.938989122244243	gene_2164/gene_5762/gene_8175	3	onu_vs_self	significant	down	MF	FALSE
GO:0043791	dimethylamine methyltransferase activity	3/1111	11/4328	0.272727272727273	1.06243351607888	0.121828264835968	0.565560372650958	0.938989122244243	0.938989122244243	gene_2164/gene_5762/gene_8175	3	onu_vs_self	significant	down	MF	FALSE
GO:0043803	hydroxyneurosporene-O-methyltransferase activity	3/1111	11/4328	0.272727272727273	1.06243351607888	0.121828264835968	0.565560372650958	0.938989122244243	0.938989122244243	gene_2164/gene_5762/gene_8175	3	onu_vs_self	significant	down	MF	FALSE
GO:0043827	tRNA (adenine-57, 58-N(1)-) methyltransferase activity	3/1111	11/4328	0.272727272727273	1.06243351607888	0.121828264835968	0.565560372650958	0.938989122244243	0.938989122244243	gene_2164/gene_5762/gene_8175	3	onu_vs_self	significant	down	MF	FALSE
GO:0043833	methylamine-specific methylcobalamin:coenzyme M methyltransferase activity	3/1111	11/4328	0.272727272727273	1.06243351607888	0.121828264835968	0.565560372650958	0.938989122244243	0.938989122244243	gene_2164/gene_5762/gene_8175	3	onu_vs_self	significant	down	MF	FALSE
GO:0043834	trimethylamine methyltransferase activity	3/1111	11/4328	0.272727272727273	1.06243351607888	0.121828264835968	0.565560372650958	0.938989122244243	0.938989122244243	gene_2164/gene_5762/gene_8175	3	onu_vs_self	significant	down	MF	FALSE
GO:0043851	methanol-specific methylcobalamin:coenzyme M methyltransferase activity	3/1111	11/4328	0.272727272727273	1.06243351607888	0.121828264835968	0.565560372650958	0.938989122244243	0.938989122244243	gene_2164/gene_5762/gene_8175	3	onu_vs_self	significant	down	MF	FALSE
GO:0043852	monomethylamine methyltransferase activity	3/1111	11/4328	0.272727272727273	1.06243351607888	0.121828264835968	0.565560372650958	0.938989122244243	0.938989122244243	gene_2164/gene_5762/gene_8175	3	onu_vs_self	significant	down	MF	FALSE
GO:0051990	(R)-2-hydroxyglutarate dehydrogenase activity	3/1111	11/4328	0.272727272727273	1.06243351607888	0.121828264835968	0.565560372650958	0.938989122244243	0.938989122244243	gene_662/gene_972/gene_4108	3	onu_vs_self	significant	down	MF	FALSE
GO:0004571	mannosyl-oligosaccharide 1,2-alpha-mannosidase activity	2/1111	7/4328	0.285714285714286	1.11302558827311	0.175856574613982	0.571750952187595	0.938989122244243	0.938989122244243	gene_3037/gene_5971	2	onu_vs_self	significant	down	MF	FALSE
GO:0004719	protein-L-isoaspartate (D-aspartate) O-methyltransferase activity	2/1111	7/4328	0.285714285714286	1.11302558827311	0.175856574613982	0.571750952187595	0.938989122244243	0.938989122244243	gene_3452/gene_6900	2	onu_vs_self	significant	down	MF	FALSE
GO:0016597	amino acid binding	2/1111	7/4328	0.285714285714286	1.11302558827311	0.175856574613982	0.571750952187595	0.938989122244243	0.938989122244243	gene_1384/gene_5738	2	onu_vs_self	significant	down	MF	FALSE
GO:0046872	metal ion binding	10/1111	40/4328	0.25	0.973897389738974	-0.0974566531746424	0.599241538429969	0.938989122244243	0.938989122244243	gene_415/gene_1225/gene_1618/gene_2290/gene_2474/gene_2917/gene_4522/gene_5928/gene_6538/gene_7479	10	onu_vs_self	significant	down	MF	FALSE
GO:0046914	transition metal ion binding	6/1111	24/4328	0.25	0.973897389738974	-0.0753491530573763	0.607669182007908	0.938989122244243	0.938989122244243	gene_845/gene_954/gene_1111/gene_3704/gene_4253/gene_7067	6	onu_vs_self	significant	down	MF	FALSE
GO:0004721	phosphoprotein phosphatase activity	4/1111	16/4328	0.25	0.973897389738974	-0.0614652285486783	0.619168267678651	0.938989122244243	0.938989122244243	gene_2999/gene_5669/gene_6167/gene_7872	4	onu_vs_self	significant	down	MF	FALSE
GO:0004723	calcium-dependent protein serine/threonine phosphatase activity	4/1111	16/4328	0.25	0.973897389738974	-0.0614652285486783	0.619168267678651	0.938989122244243	0.938989122244243	gene_2999/gene_5669/gene_6167/gene_7872	4	onu_vs_self	significant	down	MF	FALSE
GO:0004724	magnesium-dependent protein serine/threonine phosphatase activity	4/1111	16/4328	0.25	0.973897389738974	-0.0614652285486783	0.619168267678651	0.938989122244243	0.938989122244243	gene_2999/gene_5669/gene_6167/gene_7872	4	onu_vs_self	significant	down	MF	FALSE
GO:0008420	CTD phosphatase activity	4/1111	16/4328	0.25	0.973897389738974	-0.0614652285486783	0.619168267678651	0.938989122244243	0.938989122244243	gene_2999/gene_5669/gene_6167/gene_7872	4	onu_vs_self	significant	down	MF	FALSE
GO:0008597	calcium-dependent protein serine/threonine phosphatase regulator activity	4/1111	16/4328	0.25	0.973897389738974	-0.0614652285486783	0.619168267678651	0.938989122244243	0.938989122244243	gene_2999/gene_5669/gene_6167/gene_7872	4	onu_vs_self	significant	down	MF	FALSE
GO:0017018	myosin phosphatase activity	4/1111	16/4328	0.25	0.973897389738974	-0.0614652285486783	0.619168267678651	0.938989122244243	0.938989122244243	gene_2999/gene_5669/gene_6167/gene_7872	4	onu_vs_self	significant	down	MF	FALSE
GO:0017020	myosin phosphatase regulator activity	4/1111	16/4328	0.25	0.973897389738974	-0.0614652285486783	0.619168267678651	0.938989122244243	0.938989122244243	gene_2999/gene_5669/gene_6167/gene_7872	4	onu_vs_self	significant	down	MF	FALSE
GO:0000179	rRNA (adenine-N6,N6-)-dimethyltransferase activity	3/1111	12/4328	0.25	0.973897389738974	-0.0532057770888025	0.630082425992771	0.938989122244243	0.938989122244243	gene_2164/gene_5762/gene_8175	3	onu_vs_self	significant	down	MF	FALSE
GO:0000252	C-3 sterol dehydrogenase (C-4 sterol decarboxylase) activity	3/1111	12/4328	0.25	0.973897389738974	-0.0532057770888025	0.630082425992771	0.938989122244243	0.938989122244243	gene_662/gene_972/gene_4108	3	onu_vs_self	significant	down	MF	FALSE
GO:0004698	calcium-dependent protein kinase C activity	3/1111	12/4328	0.25	0.973897389738974	-0.0532057770888025	0.630082425992771	0.938989122244243	0.938989122244243	gene_788/gene_5594/gene_6011	3	onu_vs_self	significant	down	MF	FALSE
GO:0005097	Rab GTPase activator activity	3/1111	12/4328	0.25	0.973897389738974	-0.0532057770888025	0.630082425992771	0.938989122244243	0.938989122244243	gene_4444/gene_6334/gene_8029	3	onu_vs_self	significant	down	MF	FALSE
GO:0008138	protein tyrosine/serine/threonine phosphatase activity	3/1111	12/4328	0.25	0.973897389738974	-0.0532057770888025	0.630082425992771	0.938989122244243	0.938989122244243	gene_780/gene_1646/gene_5456	3	onu_vs_self	significant	down	MF	FALSE
GO:0008276	protein methyltransferase activity	3/1111	12/4328	0.25	0.973897389738974	-0.0532057770888025	0.630082425992771	0.938989122244243	0.938989122244243	gene_2164/gene_5762/gene_8175	3	onu_vs_self	significant	down	MF	FALSE
GO:0008324	cation transmembrane transporter activity	3/1111	12/4328	0.25	0.973897389738974	-0.0532057770888025	0.630082425992771	0.938989122244243	0.938989122244243	gene_3029/gene_4644/gene_5996	3	onu_vs_self	significant	down	MF	FALSE
GO:0008649	rRNA methyltransferase activity	3/1111	12/4328	0.25	0.973897389738974	-0.0532057770888025	0.630082425992771	0.938989122244243	0.938989122244243	gene_2164/gene_5762/gene_8175	3	onu_vs_self	significant	down	MF	FALSE
GO:0008875	gluconate dehydrogenase activity	3/1111	12/4328	0.25	0.973897389738974	-0.0532057770888025	0.630082425992771	0.938989122244243	0.938989122244243	gene_662/gene_972/gene_4108	3	onu_vs_self	significant	down	MF	FALSE
GO:0050662	coenzyme binding	3/1111	12/4328	0.25	0.973897389738974	-0.0532057770888025	0.630082425992771	0.938989122244243	0.938989122244243	gene_4450/gene_5485/gene_6166	3	onu_vs_self	significant	down	MF	FALSE
GO:0004812	aminoacyl-tRNA ligase activity	9/1111	37/4328	0.243243243243243	0.947575838664948	-0.188181983953923	0.636756657104451	0.938989122244243	0.938989122244243	gene_121/gene_2009/gene_3927/gene_4040/gene_4150/gene_5528/gene_6189/gene_6206/gene_7604	9	onu_vs_self	significant	down	MF	FALSE
GO:0004629	phospholipase C activity	2/1111	8/4328	0.25	0.973897389738974	-0.0434222182286875	0.649613492133955	0.938989122244243	0.938989122244243	gene_4801/gene_8188	2	onu_vs_self	significant	down	MF	FALSE
GO:0005216	ion channel activity	2/1111	8/4328	0.25	0.973897389738974	-0.0434222182286875	0.649613492133955	0.938989122244243	0.938989122244243	gene_1996/gene_2294	2	onu_vs_self	significant	down	MF	FALSE
GO:0016614	oxidoreductase activity, acting on CH-OH group of donors	2/1111	8/4328	0.25	0.973897389738974	-0.0434222182286875	0.649613492133955	0.938989122244243	0.938989122244243	gene_4913/gene_8045	2	onu_vs_self	significant	down	MF	FALSE
GO:0016831	carboxy-lyase activity	2/1111	8/4328	0.25	0.973897389738974	-0.0434222182286875	0.649613492133955	0.938989122244243	0.938989122244243	gene_5130/gene_7970	2	onu_vs_self	significant	down	MF	FALSE
GO:0004289	subtilase activity	6/1111	25/4328	0.24	0.934941494149415	-0.191696137732961	0.651146320689675	0.938989122244243	0.938989122244243	gene_1745/gene_2515/gene_4133/gene_4669/gene_6367/gene_8288	6	onu_vs_self	significant	down	MF	FALSE
GO:0008237	metallopeptidase activity	4/1111	17/4328	0.235294117647059	0.916609307989622	-0.202431444290535	0.670667121347552	0.938989122244243	0.938989122244243	gene_2442/gene_2780/gene_5117/gene_7839	4	onu_vs_self	significant	down	MF	FALSE
GO:0004682	protein kinase CK2 activity	13/1111	56/4328	0.232142857142857	0.904333290471904	-0.423412987054151	0.712343705025304	0.938989122244243	0.938989122244243	gene_101/gene_967/gene_1450/gene_1884/gene_2020/gene_2692/gene_3011/gene_3357/gene_4059/gene_4722/gene_4868/gene_6994/gene_7813	13	onu_vs_self	significant	down	MF	FALSE
GO:0003756	protein disulfide isomerase activity	2/1111	9/4328	0.222222222222222	0.865686568656866	-0.23701402391699	0.715755453977278	0.938989122244243	0.938989122244243	gene_2710/gene_5428	2	onu_vs_self	significant	down	MF	FALSE
GO:0004197	cysteine-type endopeptidase activity	2/1111	9/4328	0.222222222222222	0.865686568656866	-0.23701402391699	0.715755453977278	0.938989122244243	0.938989122244243	gene_4449/gene_8564	2	onu_vs_self	significant	down	MF	FALSE
GO:0004601	peroxidase activity	2/1111	9/4328	0.222222222222222	0.865686568656866	-0.23701402391699	0.715755453977278	0.938989122244243	0.938989122244243	gene_3065/gene_6009	2	onu_vs_self	significant	down	MF	FALSE
GO:0008484	sulfuric ester hydrolase activity	2/1111	9/4328	0.222222222222222	0.865686568656866	-0.23701402391699	0.715755453977278	0.938989122244243	0.938989122244243	gene_6673/gene_7325	2	onu_vs_self	significant	down	MF	FALSE
GO:0016813	hydrolase activity, acting on carbon-nitrogen (but not peptide) bonds, in linear amidines	2/1111	9/4328	0.222222222222222	0.865686568656866	-0.23701402391699	0.715755453977278	0.938989122244243	0.938989122244243	gene_2290/gene_2780	2	onu_vs_self	significant	down	MF	FALSE
GO:0004553	hydrolase activity, hydrolyzing O-glycosyl compounds	18/1111	78/4328	0.230769230769231	0.898982205912899	-0.529024351617428	0.741431753217154	0.938989122244243	0.938989122244243	gene_174/gene_394/gene_648/gene_1063/gene_1109/gene_1439/gene_1902/gene_2690/gene_3731/gene_4183/gene_4862/gene_5659/gene_6171/gene_6311/gene_6383/gene_7391/gene_8326/gene_8563	18	onu_vs_self	significant	down	MF	FALSE
GO:0000030	mannosyltransferase activity	5/1111	23/4328	0.217391304347826	0.846867295425195	-0.432683405944059	0.741612313896098	0.938989122244243	0.938989122244243	gene_1752/gene_2694/gene_3431/gene_4069/gene_4470	5	onu_vs_self	significant	down	MF	FALSE
GO:0000009	alpha-1,6-mannosyltransferase activity	4/1111	19/4328	0.210526315789474	0.820124117674925	-0.461728239812845	0.758590640833817	0.938989122244243	0.938989122244243	gene_1752/gene_2694/gene_3431/gene_4069	4	onu_vs_self	significant	down	MF	FALSE
GO:0000026	alpha-1,2-mannosyltransferase activity	4/1111	19/4328	0.210526315789474	0.820124117674925	-0.461728239812845	0.758590640833817	0.938989122244243	0.938989122244243	gene_1752/gene_2694/gene_3431/gene_4069	4	onu_vs_self	significant	down	MF	FALSE
GO:0000033	alpha-1,3-mannosyltransferase activity	4/1111	19/4328	0.210526315789474	0.820124117674925	-0.461728239812845	0.758590640833817	0.938989122244243	0.938989122244243	gene_1752/gene_2694/gene_3431/gene_4069	4	onu_vs_self	significant	down	MF	FALSE
GO:0001962	alpha-1,3-galactosyltransferase activity	4/1111	19/4328	0.210526315789474	0.820124117674925	-0.461728239812845	0.758590640833817	0.938989122244243	0.938989122244243	gene_1752/gene_2694/gene_3431/gene_4069	4	onu_vs_self	significant	down	MF	FALSE
GO:0003980	UDP-glucose:glycoprotein glucosyltransferase activity	4/1111	19/4328	0.210526315789474	0.820124117674925	-0.461728239812845	0.758590640833817	0.938989122244243	0.938989122244243	gene_1752/gene_2694/gene_3431/gene_4069	4	onu_vs_self	significant	down	MF	FALSE
GO:0004376	glycolipid mannosyltransferase activity	4/1111	19/4328	0.210526315789474	0.820124117674925	-0.461728239812845	0.758590640833817	0.938989122244243	0.938989122244243	gene_1752/gene_2694/gene_3431/gene_4069	4	onu_vs_self	significant	down	MF	FALSE
GO:0004583	dolichyl-phosphate-glucose-glycolipid alpha-glucosyltransferase activity	4/1111	19/4328	0.210526315789474	0.820124117674925	-0.461728239812845	0.758590640833817	0.938989122244243	0.938989122244243	gene_1752/gene_2694/gene_3431/gene_4069	4	onu_vs_self	significant	down	MF	FALSE
GO:0008375	acetylglucosaminyltransferase activity	4/1111	19/4328	0.210526315789474	0.820124117674925	-0.461728239812845	0.758590640833817	0.938989122244243	0.938989122244243	gene_1752/gene_2694/gene_3431/gene_4069	4	onu_vs_self	significant	down	MF	FALSE
GO:0008376	acetylgalactosaminyltransferase activity	4/1111	19/4328	0.210526315789474	0.820124117674925	-0.461728239812845	0.758590640833817	0.938989122244243	0.938989122244243	gene_1752/gene_2694/gene_3431/gene_4069	4	onu_vs_self	significant	down	MF	FALSE
GO:0008378	galactosyltransferase activity	4/1111	19/4328	0.210526315789474	0.820124117674925	-0.461728239812845	0.758590640833817	0.938989122244243	0.938989122244243	gene_1752/gene_2694/gene_3431/gene_4069	4	onu_vs_self	significant	down	MF	FALSE
GO:0008417	fucosyltransferase activity	4/1111	19/4328	0.210526315789474	0.820124117674925	-0.461728239812845	0.758590640833817	0.938989122244243	0.938989122244243	gene_1752/gene_2694/gene_3431/gene_4069	4	onu_vs_self	significant	down	MF	FALSE
GO:0008755	O antigen polymerase activity	4/1111	19/4328	0.210526315789474	0.820124117674925	-0.461728239812845	0.758590640833817	0.938989122244243	0.938989122244243	gene_1752/gene_2694/gene_3431/gene_4069	4	onu_vs_self	significant	down	MF	FALSE
GO:0008921	lipopolysaccharide-1,6-galactosyltransferase activity	4/1111	19/4328	0.210526315789474	0.820124117674925	-0.461728239812845	0.758590640833817	0.938989122244243	0.938989122244243	gene_1752/gene_2694/gene_3431/gene_4069	4	onu_vs_self	significant	down	MF	FALSE
GO:0016253	UDP-N-acetylglucosamine-peptide N-acetylglucosaminyltransferase activity	4/1111	19/4328	0.210526315789474	0.820124117674925	-0.461728239812845	0.758590640833817	0.938989122244243	0.938989122244243	gene_1752/gene_2694/gene_3431/gene_4069	4	onu_vs_self	significant	down	MF	FALSE
GO:0018715	9-phenanthrol UDP-glucuronosyltransferase activity	4/1111	19/4328	0.210526315789474	0.820124117674925	-0.461728239812845	0.758590640833817	0.938989122244243	0.938989122244243	gene_1752/gene_2694/gene_3431/gene_4069	4	onu_vs_self	significant	down	MF	FALSE
GO:0018716	1-phenanthrol glycosyltransferase activity	4/1111	19/4328	0.210526315789474	0.820124117674925	-0.461728239812845	0.758590640833817	0.938989122244243	0.938989122244243	gene_1752/gene_2694/gene_3431/gene_4069	4	onu_vs_self	significant	down	MF	FALSE
GO:0018717	9-phenanthrol glycosyltransferase activity	4/1111	19/4328	0.210526315789474	0.820124117674925	-0.461728239812845	0.758590640833817	0.938989122244243	0.938989122244243	gene_1752/gene_2694/gene_3431/gene_4069	4	onu_vs_self	significant	down	MF	FALSE
GO:0018718	1,2-dihydroxy-phenanthrene glycosyltransferase activity	4/1111	19/4328	0.210526315789474	0.820124117674925	-0.461728239812845	0.758590640833817	0.938989122244243	0.938989122244243	gene_1752/gene_2694/gene_3431/gene_4069	4	onu_vs_self	significant	down	MF	FALSE
GO:0019112	phenanthrol glycosyltransferase activity	4/1111	19/4328	0.210526315789474	0.820124117674925	-0.461728239812845	0.758590640833817	0.938989122244243	0.938989122244243	gene_1752/gene_2694/gene_3431/gene_4069	4	onu_vs_self	significant	down	MF	FALSE
GO:0019187	beta-1,4-mannosyltransferase activity	4/1111	19/4328	0.210526315789474	0.820124117674925	-0.461728239812845	0.758590640833817	0.938989122244243	0.938989122244243	gene_1752/gene_2694/gene_3431/gene_4069	4	onu_vs_self	significant	down	MF	FALSE
GO:0031278	alpha-1,2-galactosyltransferase activity	4/1111	19/4328	0.210526315789474	0.820124117674925	-0.461728239812845	0.758590640833817	0.938989122244243	0.938989122244243	gene_1752/gene_2694/gene_3431/gene_4069	4	onu_vs_self	significant	down	MF	FALSE
GO:0033556	dolichyl pyrophosphate Man7GlcNAc2 alpha-1,3-glucosyltransferase activity	4/1111	19/4328	0.210526315789474	0.820124117674925	-0.461728239812845	0.758590640833817	0.938989122244243	0.938989122244243	gene_1752/gene_2694/gene_3431/gene_4069	4	onu_vs_self	significant	down	MF	FALSE
GO:0042281	dolichyl pyrophosphate Man9GlcNAc2 alpha-1,3-glucosyltransferase activity	4/1111	19/4328	0.210526315789474	0.820124117674925	-0.461728239812845	0.758590640833817	0.938989122244243	0.938989122244243	gene_1752/gene_2694/gene_3431/gene_4069	4	onu_vs_self	significant	down	MF	FALSE
GO:0042283	dolichyl pyrophosphate Glc1Man9GlcNAc2 alpha-1,3-glucosyltransferase activity	4/1111	19/4328	0.210526315789474	0.820124117674925	-0.461728239812845	0.758590640833817	0.938989122244243	0.938989122244243	gene_1752/gene_2694/gene_3431/gene_4069	4	onu_vs_self	significant	down	MF	FALSE
GO:0045140	inositol phosphoceramide synthase activity	4/1111	19/4328	0.210526315789474	0.820124117674925	-0.461728239812845	0.758590640833817	0.938989122244243	0.938989122244243	gene_1752/gene_2694/gene_3431/gene_4069	4	onu_vs_self	significant	down	MF	FALSE
GO:0046527	glucosyltransferase activity	4/1111	19/4328	0.210526315789474	0.820124117674925	-0.461728239812845	0.758590640833817	0.938989122244243	0.938989122244243	gene_1752/gene_2694/gene_3431/gene_4069	4	onu_vs_self	significant	down	MF	FALSE
GO:0046920	alpha(1,3)-fucosyltransferase activity	4/1111	19/4328	0.210526315789474	0.820124117674925	-0.461728239812845	0.758590640833817	0.938989122244243	0.938989122244243	gene_1752/gene_2694/gene_3431/gene_4069	4	onu_vs_self	significant	down	MF	FALSE
GO:0046921	alpha(1,6)-fucosyltransferase activity	4/1111	19/4328	0.210526315789474	0.820124117674925	-0.461728239812845	0.758590640833817	0.938989122244243	0.938989122244243	gene_1752/gene_2694/gene_3431/gene_4069	4	onu_vs_self	significant	down	MF	FALSE
GO:0004499	flavin-containing monooxygenase activity	2/1111	10/4328	0.2	0.779117911791179	-0.41090755569963	0.771058801906591	0.938989122244243	0.938989122244243	gene_5989/gene_7016	2	onu_vs_self	significant	down	MF	FALSE
GO:0004620	phospholipase activity	2/1111	10/4328	0.2	0.779117911791179	-0.41090755569963	0.771058801906591	0.938989122244243	0.938989122244243	gene_1373/gene_6989	2	onu_vs_self	significant	down	MF	FALSE
GO:0003774	motor activity	1/1111	5/4328	0.2	0.779117911791179	-0.290387441593849	0.773289196194862	0.938989122244243	0.938989122244243	gene_2020	1	onu_vs_self	significant	down	MF	FALSE
GO:0003855	3-dehydroquinate dehydratase activity	1/1111	5/4328	0.2	0.779117911791179	-0.290387441593849	0.773289196194862	0.938989122244243	0.938989122244243	gene_1874	1	onu_vs_self	significant	down	MF	FALSE
GO:0003906	DNA-(apurinic or apyrimidinic site) lyase activity	1/1111	5/4328	0.2	0.779117911791179	-0.290387441593849	0.773289196194862	0.938989122244243	0.938989122244243	gene_7448	1	onu_vs_self	significant	down	MF	FALSE
GO:0004032	aldehyde reductase activity	1/1111	5/4328	0.2	0.779117911791179	-0.290387441593849	0.773289196194862	0.938989122244243	0.938989122244243	gene_7634	1	onu_vs_self	significant	down	MF	FALSE
GO:0004396	hexokinase activity	1/1111	5/4328	0.2	0.779117911791179	-0.290387441593849	0.773289196194862	0.938989122244243	0.938989122244243	gene_4052	1	onu_vs_self	significant	down	MF	FALSE
GO:0004534	5'-3' exoribonuclease activity	1/1111	5/4328	0.2	0.779117911791179	-0.290387441593849	0.773289196194862	0.938989122244243	0.938989122244243	gene_8340	1	onu_vs_self	significant	down	MF	FALSE
GO:0004540	ribonuclease activity	1/1111	5/4328	0.2	0.779117911791179	-0.290387441593849	0.773289196194862	0.938989122244243	0.938989122244243	gene_1201	1	onu_vs_self	significant	down	MF	FALSE
GO:0004617	phosphoglycerate dehydrogenase activity	1/1111	5/4328	0.2	0.779117911791179	-0.290387441593849	0.773289196194862	0.938989122244243	0.938989122244243	gene_5738	1	onu_vs_self	significant	down	MF	FALSE
GO:0004713	protein-tyrosine kinase activity	1/1111	5/4328	0.2	0.779117911791179	-0.290387441593849	0.773289196194862	0.938989122244243	0.938989122244243	gene_4059	1	onu_vs_self	significant	down	MF	FALSE
GO:0004815	aspartate-tRNA ligase activity	1/1111	5/4328	0.2	0.779117911791179	-0.290387441593849	0.773289196194862	0.938989122244243	0.938989122244243	gene_4150	1	onu_vs_self	significant	down	MF	FALSE
GO:0008312	7S RNA binding	1/1111	5/4328	0.2	0.779117911791179	-0.290387441593849	0.773289196194862	0.938989122244243	0.938989122244243	gene_6080	1	onu_vs_self	significant	down	MF	FALSE
GO:0008783	agmatinase activity	1/1111	5/4328	0.2	0.779117911791179	-0.290387441593849	0.773289196194862	0.938989122244243	0.938989122244243	gene_2290	1	onu_vs_self	significant	down	MF	FALSE
GO:0008967	phosphoglycolate phosphatase activity	1/1111	5/4328	0.2	0.779117911791179	-0.290387441593849	0.773289196194862	0.938989122244243	0.938989122244243	gene_625	1	onu_vs_self	significant	down	MF	FALSE
GO:0015412	molybdate transmembrane-transporting ATPase activity	1/1111	5/4328	0.2	0.779117911791179	-0.290387441593849	0.773289196194862	0.938989122244243	0.938989122244243	gene_5206	1	onu_vs_self	significant	down	MF	FALSE
GO:0016413	O-acetyltransferase activity	1/1111	5/4328	0.2	0.779117911791179	-0.290387441593849	0.773289196194862	0.938989122244243	0.938989122244243	gene_1107	1	onu_vs_self	significant	down	MF	FALSE
GO:0018071	NAD(P)-cysteine ADP-ribosyltransferase activity	1/1111	5/4328	0.2	0.779117911791179	-0.290387441593849	0.773289196194862	0.938989122244243	0.938989122244243	gene_626	1	onu_vs_self	significant	down	MF	FALSE
GO:0018121	NAD(P)-asparagine ADP-ribosyltransferase activity	1/1111	5/4328	0.2	0.779117911791179	-0.290387441593849	0.773289196194862	0.938989122244243	0.938989122244243	gene_626	1	onu_vs_self	significant	down	MF	FALSE
GO:0018127	NAD(P)-serine ADP-ribosyltransferase activity	1/1111	5/4328	0.2	0.779117911791179	-0.290387441593849	0.773289196194862	0.938989122244243	0.938989122244243	gene_626	1	onu_vs_self	significant	down	MF	FALSE
GO:0030151	molybdenum ion binding	1/1111	5/4328	0.2	0.779117911791179	-0.290387441593849	0.773289196194862	0.938989122244243	0.938989122244243	gene_1216	1	onu_vs_self	significant	down	MF	FALSE
GO:0043867	7-cyano-7-deazaguanine tRNA-ribosyltransferase activity	1/1111	5/4328	0.2	0.779117911791179	-0.290387441593849	0.773289196194862	0.938989122244243	0.938989122244243	gene_626	1	onu_vs_self	significant	down	MF	FALSE
GO:0030528	transcription regulator activity	5/1111	24/4328	0.208333333333333	0.811581158115812	-0.543899633563591	0.776860506498254	0.938989122244243	0.938989122244243	gene_2064/gene_3901/gene_4552/gene_4602/gene_6298	5	onu_vs_self	significant	down	MF	FALSE
GO:0008418	protein N-terminal asparagine amidohydrolase activity	3/1111	15/4328	0.2	0.779117911791179	-0.503548546286026	0.782007828896155	0.938989122244243	0.938989122244243	gene_4034/gene_5230/gene_7839	3	onu_vs_self	significant	down	MF	FALSE
GO:0008759	UDP-3-O-[3-hydroxymyristoyl] N-acetylglucosamine deacetylase activity	3/1111	15/4328	0.2	0.779117911791179	-0.503548546286026	0.782007828896155	0.938989122244243	0.938989122244243	gene_4034/gene_5230/gene_7839	3	onu_vs_self	significant	down	MF	FALSE
GO:0018748	iprodione amidohydrolase activity	3/1111	15/4328	0.2	0.779117911791179	-0.503548546286026	0.782007828896155	0.938989122244243	0.938989122244243	gene_4034/gene_5230/gene_7839	3	onu_vs_self	significant	down	MF	FALSE
GO:0018749	(3,5-dichlorophenylurea)acetate amidohydrolase activity	3/1111	15/4328	0.2	0.779117911791179	-0.503548546286026	0.782007828896155	0.938989122244243	0.938989122244243	gene_4034/gene_5230/gene_7839	3	onu_vs_self	significant	down	MF	FALSE
GO:0043747	N2-acetyl-L-lysine deacetylase activity	3/1111	15/4328	0.2	0.779117911791179	-0.503548546286026	0.782007828896155	0.938989122244243	0.938989122244243	gene_4034/gene_5230/gene_7839	3	onu_vs_self	significant	down	MF	FALSE
GO:0043748	O-succinylbenzoate synthase activity	3/1111	15/4328	0.2	0.779117911791179	-0.503548546286026	0.782007828896155	0.938989122244243	0.938989122244243	gene_4034/gene_5230/gene_7839	3	onu_vs_self	significant	down	MF	FALSE
GO:0043864	indoleacetamide hydrolase activity	3/1111	15/4328	0.2	0.779117911791179	-0.503548546286026	0.782007828896155	0.938989122244243	0.938989122244243	gene_4034/gene_5230/gene_7839	3	onu_vs_self	significant	down	MF	FALSE
GO:0047419	N-acetylgalactosamine-6-phosphate deacetylase activity	3/1111	15/4328	0.2	0.779117911791179	-0.503548546286026	0.782007828896155	0.938989122244243	0.938989122244243	gene_4034/gene_5230/gene_7839	3	onu_vs_self	significant	down	MF	FALSE
GO:0005215	transporter activity	21/1111	93/4328	0.225806451612903	0.879649255248105	-0.689427330212401	0.788977870899329	0.938989122244243	0.938989122244243	gene_847/gene_1110/gene_1284/gene_1872/gene_2137/gene_3271/gene_3427/gene_4578/gene_4759/gene_4863/gene_4925/gene_5013/gene_5133/gene_5301/gene_6126/gene_6384/gene_6459/gene_6708/gene_6767/gene_7463/gene_7924	21	onu_vs_self	significant	down	MF	FALSE
GO:0004576	oligosaccharyl transferase activity	4/1111	20/4328	0.2	0.779117911791179	-0.581785102916536	0.795164627197866	0.938989122244243	0.938989122244243	gene_1752/gene_2694/gene_3431/gene_4069	4	onu_vs_self	significant	down	MF	FALSE
GO:0016759	cellulose synthase activity	4/1111	20/4328	0.2	0.779117911791179	-0.581785102916536	0.795164627197866	0.938989122244243	0.938989122244243	gene_1752/gene_2694/gene_3431/gene_4069	4	onu_vs_self	significant	down	MF	FALSE
GO:0003924	GTPase activity	8/1111	38/4328	0.210526315789474	0.820124117674925	-0.654426739549015	0.797235908850564	0.938989122244243	0.938989122244243	gene_468/gene_620/gene_1603/gene_1907/gene_4061/gene_5203/gene_6181/gene_6939	8	onu_vs_self	significant	down	MF	FALSE
GO:0003950	NAD+ ADP-ribosyltransferase activity	2/1111	11/4328	0.181818181818182	0.708289010719254	-0.569223806212618	0.816725119518955	0.938989122244243	0.938989122244243	gene_3863/gene_7965	2	onu_vs_self	significant	down	MF	FALSE
GO:0004675	transmembrane receptor protein serine/threonine kinase activity	2/1111	11/4328	0.181818181818182	0.708289010719254	-0.569223806212618	0.816725119518955	0.938989122244243	0.938989122244243	gene_788/gene_6011	2	onu_vs_self	significant	down	MF	FALSE
GO:0004676	3-phosphoinositide-dependent protein kinase activity	2/1111	11/4328	0.181818181818182	0.708289010719254	-0.569223806212618	0.816725119518955	0.938989122244243	0.938989122244243	gene_788/gene_6011	2	onu_vs_self	significant	down	MF	FALSE
GO:0004677	DNA-dependent protein kinase activity	2/1111	11/4328	0.181818181818182	0.708289010719254	-0.569223806212618	0.816725119518955	0.938989122244243	0.938989122244243	gene_788/gene_6011	2	onu_vs_self	significant	down	MF	FALSE
GO:0004679	AMP-activated protein kinase activity	2/1111	11/4328	0.181818181818182	0.708289010719254	-0.569223806212618	0.816725119518955	0.938989122244243	0.938989122244243	gene_788/gene_6011	2	onu_vs_self	significant	down	MF	FALSE
GO:0004680	casein kinase activity	2/1111	11/4328	0.181818181818182	0.708289010719254	-0.569223806212618	0.816725119518955	0.938989122244243	0.938989122244243	gene_788/gene_6011	2	onu_vs_self	significant	down	MF	FALSE
GO:0004681	casein kinase I activity	2/1111	11/4328	0.181818181818182	0.708289010719254	-0.569223806212618	0.816725119518955	0.938989122244243	0.938989122244243	gene_788/gene_6011	2	onu_vs_self	significant	down	MF	FALSE
GO:0004690	cyclic nucleotide-dependent protein kinase activity	2/1111	11/4328	0.181818181818182	0.708289010719254	-0.569223806212618	0.816725119518955	0.938989122244243	0.938989122244243	gene_788/gene_6011	2	onu_vs_self	significant	down	MF	FALSE
GO:0004694	eukaryotic translation initiation factor 2alpha kinase activity	2/1111	11/4328	0.181818181818182	0.708289010719254	-0.569223806212618	0.816725119518955	0.938989122244243	0.938989122244243	gene_788/gene_6011	2	onu_vs_self	significant	down	MF	FALSE
GO:0004695	galactosyltransferase-associated kinase activity	2/1111	11/4328	0.181818181818182	0.708289010719254	-0.569223806212618	0.816725119518955	0.938989122244243	0.938989122244243	gene_788/gene_6011	2	onu_vs_self	significant	down	MF	FALSE
GO:0004696	glycogen synthase kinase 3 activity	2/1111	11/4328	0.181818181818182	0.708289010719254	-0.569223806212618	0.816725119518955	0.938989122244243	0.938989122244243	gene_788/gene_6011	2	onu_vs_self	significant	down	MF	FALSE
GO:0004700	atypical protein kinase C activity	2/1111	11/4328	0.181818181818182	0.708289010719254	-0.569223806212618	0.816725119518955	0.938989122244243	0.938989122244243	gene_788/gene_6011	2	onu_vs_self	significant	down	MF	FALSE
GO:0004702	receptor signaling protein serine/threonine kinase activity	2/1111	11/4328	0.181818181818182	0.708289010719254	-0.569223806212618	0.816725119518955	0.938989122244243	0.938989122244243	gene_788/gene_6011	2	onu_vs_self	significant	down	MF	FALSE
GO:0004704	NF-kappaB-inducing kinase activity	2/1111	11/4328	0.181818181818182	0.708289010719254	-0.569223806212618	0.816725119518955	0.938989122244243	0.938989122244243	gene_788/gene_6011	2	onu_vs_self	significant	down	MF	FALSE
GO:0004705	JUN kinase activity	2/1111	11/4328	0.181818181818182	0.708289010719254	-0.569223806212618	0.816725119518955	0.938989122244243	0.938989122244243	gene_788/gene_6011	2	onu_vs_self	significant	down	MF	FALSE
GO:0004706	JUN kinase kinase kinase activity	2/1111	11/4328	0.181818181818182	0.708289010719254	-0.569223806212618	0.816725119518955	0.938989122244243	0.938989122244243	gene_788/gene_6011	2	onu_vs_self	significant	down	MF	FALSE
GO:0004708	MAP kinase kinase activity	2/1111	11/4328	0.181818181818182	0.708289010719254	-0.569223806212618	0.816725119518955	0.938989122244243	0.938989122244243	gene_788/gene_6011	2	onu_vs_self	significant	down	MF	FALSE
GO:0004710	MAP/ERK kinase kinase activity	2/1111	11/4328	0.181818181818182	0.708289010719254	-0.569223806212618	0.816725119518955	0.938989122244243	0.938989122244243	gene_788/gene_6011	2	onu_vs_self	significant	down	MF	FALSE
GO:0004711	ribosomal protein S6 kinase activity	2/1111	11/4328	0.181818181818182	0.708289010719254	-0.569223806212618	0.816725119518955	0.938989122244243	0.938989122244243	gene_788/gene_6011	2	onu_vs_self	significant	down	MF	FALSE
GO:0004718	Janus kinase activity	2/1111	11/4328	0.181818181818182	0.708289010719254	-0.569223806212618	0.816725119518955	0.938989122244243	0.938989122244243	gene_788/gene_6011	2	onu_vs_self	significant	down	MF	FALSE
GO:0008338	MAP kinase 1 activity	2/1111	11/4328	0.181818181818182	0.708289010719254	-0.569223806212618	0.816725119518955	0.938989122244243	0.938989122244243	gene_788/gene_6011	2	onu_vs_self	significant	down	MF	FALSE
GO:0008339	MP kinase activity	2/1111	11/4328	0.181818181818182	0.708289010719254	-0.569223806212618	0.816725119518955	0.938989122244243	0.938989122244243	gene_788/gene_6011	2	onu_vs_self	significant	down	MF	FALSE
GO:0008349	MAP kinase kinase kinase kinase activity	2/1111	11/4328	0.181818181818182	0.708289010719254	-0.569223806212618	0.816725119518955	0.938989122244243	0.938989122244243	gene_788/gene_6011	2	onu_vs_self	significant	down	MF	FALSE
GO:0008545	JUN kinase kinase activity	2/1111	11/4328	0.181818181818182	0.708289010719254	-0.569223806212618	0.816725119518955	0.938989122244243	0.938989122244243	gene_788/gene_6011	2	onu_vs_self	significant	down	MF	FALSE
GO:0016301	kinase activity	2/1111	11/4328	0.181818181818182	0.708289010719254	-0.569223806212618	0.816725119518955	0.938989122244243	0.938989122244243	gene_2401/gene_3336	2	onu_vs_self	significant	down	MF	FALSE
GO:0016779	nucleotidyltransferase activity	2/1111	11/4328	0.181818181818182	0.708289010719254	-0.569223806212618	0.816725119518955	0.938989122244243	0.938989122244243	gene_3876/gene_7340	2	onu_vs_self	significant	down	MF	FALSE
GO:0016908	MAP kinase 2 activity	2/1111	11/4328	0.181818181818182	0.708289010719254	-0.569223806212618	0.816725119518955	0.938989122244243	0.938989122244243	gene_788/gene_6011	2	onu_vs_self	significant	down	MF	FALSE
GO:0016909	SAP kinase activity	2/1111	11/4328	0.181818181818182	0.708289010719254	-0.569223806212618	0.816725119518955	0.938989122244243	0.938989122244243	gene_788/gene_6011	2	onu_vs_self	significant	down	MF	FALSE
GO:0019199	transmembrane receptor protein kinase activity	2/1111	11/4328	0.181818181818182	0.708289010719254	-0.569223806212618	0.816725119518955	0.938989122244243	0.938989122244243	gene_788/gene_6011	2	onu_vs_self	significant	down	MF	FALSE
GO:0019912	cyclin-dependent protein kinase activating kinase activity	2/1111	11/4328	0.181818181818182	0.708289010719254	-0.569223806212618	0.816725119518955	0.938989122244243	0.938989122244243	gene_788/gene_6011	2	onu_vs_self	significant	down	MF	FALSE
GO:0034211	GTP-dependent protein kinase activity	2/1111	11/4328	0.181818181818182	0.708289010719254	-0.569223806212618	0.816725119518955	0.938989122244243	0.938989122244243	gene_788/gene_6011	2	onu_vs_self	significant	down	MF	FALSE
GO:0003702	RNA polymerase II transcription factor activity	3/1111	16/4328	0.1875	0.73042304230423	-0.634787446563074	0.819586189177118	0.938989122244243	0.938989122244243	gene_87/gene_7875/gene_7962	3	onu_vs_self	significant	down	MF	FALSE
GO:0003755	peptidyl-prolyl cis-trans isomerase activity	3/1111	16/4328	0.1875	0.73042304230423	-0.634787446563074	0.819586189177118	0.938989122244243	0.938989122244243	gene_2683/gene_3909/gene_3988	3	onu_vs_self	significant	down	MF	FALSE
GO:0004600	cyclophilin	3/1111	16/4328	0.1875	0.73042304230423	-0.634787446563074	0.819586189177118	0.938989122244243	0.938989122244243	gene_2683/gene_3909/gene_3988	3	onu_vs_self	significant	down	MF	FALSE
GO:0030051	FK506-sensitive peptidyl-prolyl cis-trans isomerase	3/1111	16/4328	0.1875	0.73042304230423	-0.634787446563074	0.819586189177118	0.938989122244243	0.938989122244243	gene_2683/gene_3909/gene_3988	3	onu_vs_self	significant	down	MF	FALSE
GO:0042027	cyclophilin-type peptidyl-prolyl cis-trans isomerase activity	3/1111	16/4328	0.1875	0.73042304230423	-0.634787446563074	0.819586189177118	0.938989122244243	0.938989122244243	gene_2683/gene_3909/gene_3988	3	onu_vs_self	significant	down	MF	FALSE
GO:0048037	cofactor binding	3/1111	16/4328	0.1875	0.73042304230423	-0.634787446563074	0.819586189177118	0.938989122244243	0.938989122244243	gene_2603/gene_4710/gene_5738	3	onu_vs_self	significant	down	MF	FALSE
GO:0005525	GTP binding	19/1111	87/4328	0.218390804597701	0.850760938162782	-0.826290856429485	0.828625803478457	0.938989122244243	0.938989122244243	gene_468/gene_620/gene_651/gene_1603/gene_1907/gene_2223/gene_2341/gene_3127/gene_3379/gene_3789/gene_4061/gene_4563/gene_5203/gene_5208/gene_5304/gene_5752/gene_6181/gene_6939/gene_7816	19	onu_vs_self	significant	down	MF	FALSE
GO:0000107	imidazoleglycerol-phosphate synthase activity	1/1111	6/4328	0.166666666666667	0.649264926492649	-0.505169809676983	0.831553295900508	0.938989122244243	0.938989122244243	gene_626	1	onu_vs_self	significant	down	MF	FALSE
GO:0008800	beta-lactamase activity	1/1111	6/4328	0.166666666666667	0.649264926492649	-0.505169809676983	0.831553295900508	0.938989122244243	0.938989122244243	gene_3680	1	onu_vs_self	significant	down	MF	FALSE
GO:0016207	4-coumarate-CoA ligase activity	1/1111	6/4328	0.166666666666667	0.649264926492649	-0.505169809676983	0.831553295900508	0.938989122244243	0.938989122244243	gene_674	1	onu_vs_self	significant	down	MF	FALSE
GO:0016289	CoA hydrolase activity	1/1111	6/4328	0.166666666666667	0.649264926492649	-0.505169809676983	0.831553295900508	0.938989122244243	0.938989122244243	gene_8270	1	onu_vs_self	significant	down	MF	FALSE
GO:0016291	acyl-CoA thioesterase activity	1/1111	6/4328	0.166666666666667	0.649264926492649	-0.505169809676983	0.831553295900508	0.938989122244243	0.938989122244243	gene_8270	1	onu_vs_self	significant	down	MF	FALSE
GO:0030145	manganese ion binding	1/1111	6/4328	0.166666666666667	0.649264926492649	-0.505169809676983	0.831553295900508	0.938989122244243	0.938989122244243	gene_5548	1	onu_vs_self	significant	down	MF	FALSE
GO:0004407	histone deacetylase activity	3/1111	17/4328	0.176470588235294	0.687456980992217	-0.758700200410811	0.851497417997739	0.954530559191743	0.954530559191743	gene_4034/gene_5230/gene_7839	3	onu_vs_self	significant	down	MF	FALSE
GO:0004568	chitinase activity	2/1111	12/4328	0.166666666666667	0.649264926492649	-0.714914407089774	0.854053658224191	0.954530559191743	0.954530559191743	gene_174/gene_7391	2	onu_vs_self	significant	down	MF	FALSE
GO:0008843	endochitinase activity	2/1111	12/4328	0.166666666666667	0.649264926492649	-0.714914407089774	0.854053658224191	0.954530559191743	0.954530559191743	gene_174/gene_7391	2	onu_vs_self	significant	down	MF	FALSE
GO:0043365	[formate-C-acetyltransferase]-activating enzyme activity	2/1111	12/4328	0.166666666666667	0.649264926492649	-0.714914407089774	0.854053658224191	0.954530559191743	0.954530559191743	gene_529/gene_7113	2	onu_vs_self	significant	down	MF	FALSE
GO:0004312	fatty-acid synthase activity	1/1111	7/4328	0.142857142857143	0.556512794136556	-0.690021986170219	0.874853686519327	0.975283318900372	0.975283318900372	gene_6999	1	onu_vs_self	significant	down	MF	FALSE
GO:0016740	transferase activity	3/1111	18/4328	0.166666666666667	0.649264926492649	-0.876196999439485	0.878368187664663	0.976709664146203	0.976709664146203	gene_2084/gene_6448/gene_7414	3	onu_vs_self	significant	down	MF	FALSE
GO:0050660	FAD binding	16/1111	78/4328	0.205128205128205	0.799095294144799	-1.05212633786377	0.883571879245991	0.978340261681842	0.978340261681842	gene_769/gene_929/gene_1177/gene_3223/gene_4107/gene_4441/gene_4729/gene_4913/gene_5591/gene_5595/gene_5714/gene_6448/gene_6729/gene_7018/gene_7067/gene_7219	16	onu_vs_self	significant	down	MF	FALSE
GO:0016788	hydrolase activity, acting on ester bonds	2/1111	13/4328	0.153846153846154	0.599321470608599	-0.850163183578959	0.884312135845143	0.978340261681842	0.978340261681842	gene_2448/gene_4173	2	onu_vs_self	significant	down	MF	FALSE
GO:0004029	aldehyde dehydrogenase (NAD) activity	1/1111	8/4328	0.125	0.486948694869487	-0.853471185874201	0.907030857145809	0.982890174779813	0.982890174779813	gene_4567	1	onu_vs_self	significant	down	MF	FALSE
GO:0016298	lipase activity	1/1111	8/4328	0.125	0.486948694869487	-0.853471185874201	0.907030857145809	0.982890174779813	0.982890174779813	gene_6989	1	onu_vs_self	significant	down	MF	FALSE
GO:0018731	1-oxa-2-oxocycloheptane lactonase activity	1/1111	8/4328	0.125	0.486948694869487	-0.853471185874201	0.907030857145809	0.982890174779813	0.982890174779813	gene_6989	1	onu_vs_self	significant	down	MF	FALSE
GO:0018732	sulfolactone hydrolase activity	1/1111	8/4328	0.125	0.486948694869487	-0.853471185874201	0.907030857145809	0.982890174779813	0.982890174779813	gene_6989	1	onu_vs_self	significant	down	MF	FALSE
GO:0018733	3,4-dihydrocoumarin hydrolase activity	1/1111	8/4328	0.125	0.486948694869487	-0.853471185874201	0.907030857145809	0.982890174779813	0.982890174779813	gene_6989	1	onu_vs_self	significant	down	MF	FALSE
GO:0018734	butyrolactone hydrolase activity	1/1111	8/4328	0.125	0.486948694869487	-0.853471185874201	0.907030857145809	0.982890174779813	0.982890174779813	gene_6989	1	onu_vs_self	significant	down	MF	FALSE
GO:0019131	tripeptidyl-peptidase I activity	1/1111	8/4328	0.125	0.486948694869487	-0.853471185874201	0.907030857145809	0.982890174779813	0.982890174779813	gene_4133	1	onu_vs_self	significant	down	MF	FALSE
GO:0030983	mismatched DNA binding	1/1111	8/4328	0.125	0.486948694869487	-0.853471185874201	0.907030857145809	0.982890174779813	0.982890174779813	gene_2544	1	onu_vs_self	significant	down	MF	FALSE
GO:0016773	phosphotransferase activity, alcohol group as acceptor	2/1111	14/4328	0.142857142857143	0.556512794136556	-0.976629839728891	0.908667346936028	0.982890174779813	0.982890174779813	gene_3139/gene_6994	2	onu_vs_self	significant	down	MF	FALSE
GO:0016787	hydrolase activity	27/1111	129/4328	0.209302325581395	0.815355954200071	-1.25107161878793	0.914435007775689	0.986686662711052	0.986686662711052	gene_252/gene_1030/gene_1137/gene_1501/gene_1953/gene_2136/gene_2675/gene_2780/gene_2972/gene_3026/gene_3374/gene_4111/gene_4151/gene_4302/gene_4697/gene_5191/gene_5351/gene_5527/gene_5548/gene_5668/gene_5779/gene_6780/gene_6916/gene_6922/gene_6989/gene_7577/gene_7839	27	onu_vs_self	significant	down	MF	FALSE
GO:0010181	FMN binding	5/1111	31/4328	0.161290322580645	0.62832089660579	-1.22036926527054	0.929728851905536	0.99224610602634	0.99224610602634	gene_954/gene_2325/gene_4037/gene_5650/gene_8638	5	onu_vs_self	significant	down	MF	FALSE
GO:0004316	3-oxoacyl-[acyl-carrier-protein] reductase activity	1/1111	9/4328	0.111111111111111	0.432843284328433	-1.00082392377755	0.930940282541875	0.99224610602634	0.99224610602634	gene_4914	1	onu_vs_self	significant	down	MF	FALSE
GO:0004527	exonuclease activity	1/1111	9/4328	0.111111111111111	0.432843284328433	-1.00082392377755	0.930940282541875	0.99224610602634	0.99224610602634	gene_408	1	onu_vs_self	significant	down	MF	FALSE
GO:0008726	alkanesulfonate monooxygenase activity	1/1111	9/4328	0.111111111111111	0.432843284328433	-1.00082392377755	0.930940282541875	0.99224610602634	0.99224610602634	gene_7218	1	onu_vs_self	significant	down	MF	FALSE
GO:0031177	phosphopantetheine binding	1/1111	9/4328	0.111111111111111	0.432843284328433	-1.00082392377755	0.930940282541875	0.99224610602634	0.99224610602634	gene_2458	1	onu_vs_self	significant	down	MF	FALSE
GO:0030170	pyridoxal phosphate binding	9/1111	51/4328	0.176470588235294	0.687456980992217	-1.31932020153841	0.935715839886407	0.994909542652944	0.994909542652944	gene_825/gene_1216/gene_2351/gene_3815/gene_4421/gene_5130/gene_5159/gene_6148/gene_8406	9	onu_vs_self	significant	down	MF	FALSE
GO:0003779	actin binding	2/1111	16/4328	0.125	0.486948694869487	-1.20810966457747	0.943663031985521	0.998500593166277	0.998500593166277	gene_413/gene_3286	2	onu_vs_self	significant	down	MF	FALSE
GO:0034061	DNA polymerase activity	2/1111	16/4328	0.125	0.486948694869487	-1.20810966457747	0.943663031985521	0.998500593166277	0.998500593166277	gene_680/gene_6064	2	onu_vs_self	significant	down	MF	FALSE
GO:0050381	unspecific monooxygenase activity	1/1111	10/4328	0.1	0.38955895589559	-1.13560515189686	0.948704891501351	0.999999964665698	0.999999964665698	gene_7852	1	onu_vs_self	significant	down	MF	FALSE
GO:0050661	NADP binding	2/1111	17/4328	0.117647058823529	0.458304653994811	-1.31496895653109	0.955951780517225	0.999999964665698	0.999999964665698	gene_4441/gene_6166	2	onu_vs_self	significant	down	MF	FALSE
GO:0009055	electron carrier activity	3/1111	23/4328	0.130434782608696	0.508120377255117	-1.38982819558162	0.957816781275104	0.999999964665698	0.999999964665698	gene_1679/gene_2936/gene_3968	3	onu_vs_self	significant	down	MF	FALSE
GO:0000175	3'-5'-exoribonuclease activity	1/1111	11/4328	0.0909090909090909	0.354144505359627	-1.2602758772612	0.961902868699591	0.999999964665698	0.999999964665698	gene_8340	1	onu_vs_self	significant	down	MF	FALSE
GO:0004194	pepsin A activity	2/1111	18/4328	0.111111111111111	0.432843284328433	-1.4168557695527	0.965649729623795	0.999999964665698	0.999999964665698	gene_6157/gene_8374	2	onu_vs_self	significant	down	MF	FALSE
GO:0008236	serine-type peptidase activity	2/1111	18/4328	0.111111111111111	0.432843284328433	-1.4168557695527	0.965649729623795	0.999999964665698	0.999999964665698	gene_4133/gene_5698	2	onu_vs_self	significant	down	MF	FALSE
GO:0008810	cellulase activity	2/1111	18/4328	0.111111111111111	0.432843284328433	-1.4168557695527	0.965649729623795	0.999999964665698	0.999999964665698	gene_631/gene_2958	2	onu_vs_self	significant	down	MF	FALSE
GO:0018664	benzoate 4-monooxygenase activity	1/1111	12/4328	0.0833333333333333	0.324632463246325	-1.37662303709074	0.971707342379173	0.999999964665698	0.999999964665698	gene_7103	1	onu_vs_self	significant	down	MF	FALSE
GO:0018667	cyclohexanone monooxygenase activity	1/1111	12/4328	0.0833333333333333	0.324632463246325	-1.37662303709074	0.971707342379173	0.999999964665698	0.999999964665698	gene_5800	1	onu_vs_self	significant	down	MF	FALSE
GO:0015171	amino acid transmembrane transporter activity	6/1111	42/4328	0.142857142857143	0.556512794136556	-1.69708894282617	0.975825572601897	0.999999964665698	0.999999964665698	gene_123/gene_5651/gene_6030/gene_6065/gene_6380/gene_6381	6	onu_vs_self	significant	down	MF	FALSE
GO:0004040	amidase activity	1/1111	13/4328	0.0769230769230769	0.2996607353043	-1.4859859343185	0.978990276257008	0.999999964665698	0.999999964665698	gene_5515	1	onu_vs_self	significant	down	MF	FALSE
GO:0019787	small conjugating protein ligase activity	2/1111	20/4328	0.1	0.38955895589559	-1.60785108719639	0.979254139884293	0.999999964665698	0.999999964665698	gene_2973/gene_6327	2	onu_vs_self	significant	down	MF	FALSE
GO:0008080	N-acetyltransferase activity	4/1111	32/4328	0.125	0.486948694869487	-1.71170372652514	0.979576105211953	0.999999964665698	0.999999964665698	gene_1107/gene_2702/gene_6988/gene_7801	4	onu_vs_self	significant	down	MF	FALSE
GO:0020037	heme binding	14/1111	86/4328	0.162790697674419	0.634165742155611	-2.01360004323478	0.987055571359707	0.999999964665698	0.999999964665698	gene_845/gene_954/gene_1111/gene_1510/gene_1654/gene_3065/gene_3704/gene_5707/gene_5766/gene_6009/gene_6240/gene_7067/gene_7103/gene_7852	14	onu_vs_self	significant	down	MF	FALSE
GO:0003887	DNA-directed DNA polymerase activity	2/1111	22/4328	0.0909090909090909	0.354144505359627	-1.78457429447879	0.987570112108181	0.999999964665698	0.999999964665698	gene_680/gene_6064	2	onu_vs_self	significant	down	MF	FALSE
GO:0016810	hydrolase activity, acting on carbon-nitrogen (but not peptide) bonds	2/1111	22/4328	0.0909090909090909	0.354144505359627	-1.78457429447879	0.987570112108181	0.999999964665698	0.999999964665698	gene_6010/gene_7999	2	onu_vs_self	significant	down	MF	FALSE
GO:0005506	iron ion binding	16/1111	96/4328	0.166666666666667	0.649264926492649	-2.04205263057252	0.987641578042058	0.999999964665698	0.999999964665698	gene_925/gene_1510/gene_1654/gene_2437/gene_3416/gene_3489/gene_3704/gene_4729/gene_5292/gene_5591/gene_5707/gene_5766/gene_6240/gene_7018/gene_7103/gene_7852	16	onu_vs_self	significant	down	MF	FALSE
GO:0016769	transferase activity, transferring nitrogenous groups	1/1111	15/4328	0.0666666666666667	0.25970597059706	-1.68766053124985	0.988417325624633	0.999999964665698	0.999999964665698	gene_4421	1	onu_vs_self	significant	down	MF	FALSE
GO:0018658	salicylate 1-monooxygenase activity	1/1111	17/4328	0.0588235294117647	0.229152326997406	-1.87123771265136	0.993616517993283	0.999999964665698	0.999999964665698	gene_7994	1	onu_vs_self	significant	down	MF	FALSE
GO:0005507	copper ion binding	2/1111	25/4328	0.08	0.311647164716472	-2.02824485739706	0.994306663430764	0.999999964665698	0.999999964665698	gene_3781/gene_7758	2	onu_vs_self	significant	down	MF	FALSE
GO:0016884	carbon-nitrogen ligase activity, with glutamine as amido-N-donor	1/1111	20/4328	0.05	0.194779477947795	-2.12088407933632	0.997389831589817	0.999999964665698	0.999999964665698	gene_5515	1	onu_vs_self	significant	down	MF	FALSE
GO:0004497	monooxygenase activity	7/1111	75/4328	0.0933333333333333	0.363588358835884	-3.26697643639654	0.999912805434788	0.999999964665698	0.999999964665698	gene_1510/gene_1654/gene_5707/gene_5766/gene_7103/gene_7852/gene_7994	7	onu_vs_self	significant	down	MF	FALSE
GO:0016491	oxidoreductase activity	64/1111	372/4328	0.172043010752688	0.670208956379509	-3.90937320628817	0.999981328356634	0.999999964665698	0.999999964665698	gene_125/gene_326/gene_443/gene_584/gene_902/gene_925/gene_954/gene_972/gene_1111/gene_1154/gene_1177/gene_1225/gene_1250/gene_1589/gene_1704/gene_1821/gene_1864/gene_2013/gene_2088/gene_2099/gene_2335/gene_2437/gene_2728/gene_3223/gene_3416/gene_3704/gene_3968/gene_3998/gene_4108/gene_4153/gene_4253/gene_4258/gene_4441/gene_4567/gene_4729/gene_4912/gene_4914/gene_5168/gene_5485/gene_5591/gene_5622/gene_5650/gene_5714/gene_5770/gene_5989/gene_6170/gene_6173/gene_6373/gene_6697/gene_6729/gene_6768/gene_7009/gene_7018/gene_7189/gene_7217/gene_7379/gene_7883/gene_7936/gene_7993/gene_7994/gene_8045/gene_8242/gene_8544/gene_8638	64	onu_vs_self	significant	down	MF	FALSE
GO:0003735	structural constituent of ribosome	7/1111	108/4328	0.0648148148148148	0.252491915858252	-4.62270833249645	0.999999964665698	0.999999964665698	0.999999964665698	gene_348/gene_760/gene_2355/gene_4373/gene_5165/gene_6854/gene_8076	7	onu_vs_self	significant	down	MF	FALSE
