ID	Description	GeneRatio	BgRatio	RichFactor	FoldEnrichment	zScore	pvalue	p.adjust	qvalue	geneID	Count	contrast	gene_set	direction	ontology	significant_padj_0.05
GO:0016491	oxidoreductase activity	146/1217	372/4328	0.39247311827957	1.39574663591946	4.99285888297616	8.08354013595756e-07	0.000326575021492685	0.000307174525166387	gene_5/gene_184/gene_289/gene_330/gene_364/gene_388/gene_406/gene_483/gene_484/gene_506/gene_822/gene_858/gene_900/gene_975/gene_978/gene_1061/gene_1068/gene_1220/gene_1251/gene_1318/gene_1403/gene_1406/gene_1436/gene_1576/gene_1623/gene_1827/gene_1828/gene_1861/gene_1880/gene_1893/gene_1933/gene_1968/gene_2021/gene_2059/gene_2080/gene_2113/gene_2276/gene_2281/gene_2300/gene_2471/gene_2517/gene_2605/gene_2633/gene_2673/gene_2676/gene_2713/gene_2747/gene_2753/gene_2772/gene_2833/gene_2862/gene_2866/gene_2889/gene_2937/gene_2948/gene_3042/gene_3053/gene_3128/gene_3147/gene_3152/gene_3154/gene_3155/gene_3175/gene_3211/gene_3213/gene_3428/gene_3446/gene_3579/gene_3658/gene_3671/gene_3692/gene_3701/gene_3730/gene_3734/gene_3827/gene_3898/gene_3974/gene_4055/gene_4064/gene_4305/gene_4309/gene_4311/gene_4508/gene_4525/gene_4744/gene_4745/gene_4746/gene_4751/gene_4766/gene_4948/gene_5065/gene_5090/gene_5118/gene_5125/gene_5173/gene_5184/gene_5195/gene_5389/gene_5432/gene_5467/gene_5502/gene_5506/gene_5610/gene_5615/gene_5665/gene_5771/gene_5826/gene_5891/gene_5899/gene_5910/gene_5918/gene_6248/gene_6315/gene_6467/gene_6524/gene_6581/gene_6689/gene_6796/gene_7208/gene_7243/gene_7331/gene_7357/gene_7374/gene_7462/gene_7483/gene_7500/gene_7563/gene_7600/gene_7622/gene_7695/gene_7697/gene_7730/gene_7776/gene_7826/gene_7952/gene_7986/gene_7988/gene_7997/gene_8028/gene_8055/gene_8165/gene_8197/gene_8436/gene_8491/gene_8630/gene_8631	146	onu_vs_self	significant	up	MF	TRUE
GO:0004175	endopeptidase activity	9/1217	9/4328	1	3.55628594905505	4.80095700582819	1.07589002785014e-05	0.00119075664391343	0.00112001862546313	gene_292/gene_1227/gene_2882/gene_3478/gene_5127/gene_5360/gene_5807/gene_8006/gene_8617	9	onu_vs_self	significant	up	MF	TRUE
GO:0004298	threonine endopeptidase activity	12/1217	14/4328	0.857142857142857	3.04824509919005	4.80058985511329	1.17896697417171e-05	0.00119075664391343	0.00112001862546313	gene_292/gene_569/gene_1227/gene_2134/gene_2882/gene_3478/gene_5127/gene_5360/gene_5807/gene_6019/gene_8006/gene_8617	12	onu_vs_self	significant	up	MF	TRUE
GO:0004299	proteasome endopeptidase activity	12/1217	14/4328	0.857142857142857	3.04824509919005	4.80058985511329	1.17896697417171e-05	0.00119075664391343	0.00112001862546313	gene_292/gene_569/gene_1227/gene_2134/gene_2882/gene_3478/gene_5127/gene_5360/gene_5807/gene_6019/gene_8006/gene_8617	12	onu_vs_self	significant	up	MF	TRUE
GO:0008483	transaminase activity	8/1217	10/4328	0.8	2.84502875924404	3.65300740223132	0.000977586409150196	0.0789889818593358	0.0742965670954149	gene_714/gene_1194/gene_2759/gene_4163/gene_4290/gene_5889/gene_6501/gene_8627	8	onu_vs_self	significant	up	MF	FALSE
GO:0015171	amino acid transmembrane transporter activity	20/1217	42/4328	0.476190476190476	1.69346949955003	2.82432491705364	0.00541930489881069	0.338912232617391	0.318778832659922	gene_10/gene_105/gene_1043/gene_1476/gene_1536/gene_1839/gene_1967/gene_1979/gene_3546/gene_4753/gene_5687/gene_5925/gene_6727/gene_7196/gene_7383/gene_8054/gene_8545/gene_8622/gene_8634/gene_8635	20	onu_vs_self	significant	up	MF	FALSE
GO:0003777	microtubule motor activity	8/1217	12/4328	0.666666666666667	2.37085729937004	2.97393097996533	0.00611012342560148	0.338912232617391	0.318778832659922	gene_50/gene_1397/gene_1493/gene_1650/gene_1997/gene_5215/gene_8140/gene_8221	8	onu_vs_self	significant	up	MF	FALSE
GO:0020037	heme binding	35/1217	86/4328	0.406976744186047	1.44732567694101	2.62045346967657	0.00755811003341476	0.338912232617391	0.318778832659922	gene_168/gene_400/gene_545/gene_546/gene_829/gene_965/gene_1129/gene_1531/gene_1933/gene_2517/gene_2629/gene_2930/gene_2984/gene_3059/gene_4193/gene_4319/gene_4473/gene_4491/gene_4806/gene_5469/gene_5526/gene_5573/gene_5910/gene_6248/gene_6540/gene_6581/gene_7035/gene_7215/gene_7242/gene_7339/gene_7492/gene_7983/gene_7987/gene_8266/gene_8274	35	onu_vs_self	significant	up	MF	FALSE
GO:0046933	hydrogen ion transporting ATP synthase activity, rotational mechanism	10/1217	17/4328	0.588235294117647	2.09193291120885	2.82111075352131	0.00767205169182368	0.338912232617391	0.318778832659922	gene_2188/gene_2368/gene_3170/gene_3719/gene_4239/gene_4850/gene_4942/gene_5058/gene_7687/gene_8335	10	onu_vs_self	significant	up	MF	FALSE
GO:0016787	hydrolase activity	49/1217	129/4328	0.37984496124031	1.35083729847828	2.52997603386618	0.00875891628908753	0.338912232617391	0.318778832659922	gene_26/gene_378/gene_538/gene_548/gene_1139/gene_1329/gene_1351/gene_1523/gene_1716/gene_1813/gene_1948/gene_1978/gene_2498/gene_2705/gene_2779/gene_2943/gene_3033/gene_3087/gene_3477/gene_3585/gene_3738/gene_3824/gene_3878/gene_3884/gene_4065/gene_4514/gene_4605/gene_4703/gene_4830/gene_5083/gene_5448/gene_5742/gene_5897/gene_5956/gene_5984/gene_6259/gene_6469/gene_6921/gene_6972/gene_6973/gene_7152/gene_7173/gene_7221/gene_7458/gene_7737/gene_8032/gene_8215/gene_8461/gene_8492	49	onu_vs_self	significant	up	MF	FALSE
GO:0016884	carbon-nitrogen ligase activity, with glutamine as amido-N-donor	11/1217	20/4328	0.55	1.95595727198028	2.67981221834283	0.0101641559055144	0.338912232617391	0.318778832659922	gene_2/gene_1231/gene_2029/gene_2418/gene_3769/gene_4908/gene_6108/gene_6196/gene_7989/gene_7998/gene_8370	11	onu_vs_self	significant	up	MF	FALSE
GO:0004040	amidase activity	8/1217	13/4328	0.615384615384615	2.18848366095696	2.68388079581035	0.0120018260966738	0.338912232617391	0.318778832659922	gene_2/gene_2029/gene_2418/gene_3769/gene_6196/gene_7989/gene_7998/gene_8370	8	onu_vs_self	significant	up	MF	FALSE
GO:0008094	DNA-dependent ATPase activity	10/1217	18/4328	0.555555555555556	1.9757144161417	2.59423354279037	0.0129696793236067	0.338912232617391	0.318778832659922	gene_1171/gene_3814/gene_4164/gene_4476/gene_4996/gene_5339/gene_6695/gene_7771/gene_7905/gene_8153	10	onu_vs_self	significant	up	MF	FALSE
GO:0000253	3-keto sterol reductase activity	7/1217	11/4328	0.636363636363636	2.26309105848958	2.62318373091962	0.0148665245028563	0.338912232617391	0.318778832659922	gene_184/gene_330/gene_1242/gene_1743/gene_4337/gene_5173/gene_6198	7	onu_vs_self	significant	up	MF	FALSE
GO:0008131	amine oxidase activity	6/1217	9/4328	0.666666666666667	2.37085729937004	2.5746051445591	0.0181667654851809	0.338912232617391	0.318778832659922	gene_1056/gene_1966/gene_3421/gene_4123/gene_4987/gene_5665	6	onu_vs_self	significant	up	MF	FALSE
GO:0018662	phenol 2-monooxygenase activity	6/1217	9/4328	0.666666666666667	2.37085729937004	2.5746051445591	0.0181667654851809	0.338912232617391	0.318778832659922	gene_1318/gene_1576/gene_3042/gene_7374/gene_7730/gene_7997	6	onu_vs_self	significant	up	MF	FALSE
GO:0031177	phosphopantetheine binding	6/1217	9/4328	0.666666666666667	2.37085729937004	2.5746051445591	0.0181667654851809	0.338912232617391	0.318778832659922	gene_1440/gene_1892/gene_5183/gene_5467/gene_7281/gene_7336	6	onu_vs_self	significant	up	MF	FALSE
GO:0015205	nucleobase transmembrane transporter activity	8/1217	14/4328	0.571428571428571	2.03216339946003	2.4191407298992	0.0211905155695419	0.338912232617391	0.318778832659922	gene_1761/gene_3699/gene_3702/gene_5519/gene_5898/gene_5902/gene_6223/gene_6471	8	onu_vs_self	significant	up	MF	FALSE
GO:0004100	chitin synthase activity	5/1217	7/4328	0.714285714285714	2.54020424932504	2.55049182158264	0.0216105721349554	0.338912232617391	0.318778832659922	gene_545/gene_546/gene_973/gene_1184/gene_8245	5	onu_vs_self	significant	up	MF	FALSE
GO:0046961	hydrogen ion transporting ATPase activity, rotational mechanism	11/1217	22/4328	0.5	1.77814297452753	2.28835005086189	0.0240468465412104	0.338912232617391	0.318778832659922	gene_2188/gene_2368/gene_2483/gene_3170/gene_3719/gene_4239/gene_4850/gene_4942/gene_5058/gene_7687/gene_8335	11	onu_vs_self	significant	up	MF	FALSE
GO:0003689	DNA clamp loader activity	4/1217	5/4328	0.8	2.84502875924404	2.58157208097865	0.0241583864208881	0.338912232617391	0.318778832659922	gene_3574/gene_4143/gene_7611/gene_7619	4	onu_vs_self	significant	up	MF	FALSE
GO:0004844	uracil DNA N-glycosylase activity	4/1217	5/4328	0.8	2.84502875924404	2.58157208097865	0.0241583864208881	0.338912232617391	0.318778832659922	gene_2840/gene_4977/gene_5984/gene_6585	4	onu_vs_self	significant	up	MF	FALSE
GO:0008783	agmatinase activity	4/1217	5/4328	0.8	2.84502875924404	2.58157208097865	0.0241583864208881	0.338912232617391	0.318778832659922	gene_2656/gene_6438/gene_7384/gene_8368	4	onu_vs_self	significant	up	MF	FALSE
GO:0008967	phosphoglycolate phosphatase activity	4/1217	5/4328	0.8	2.84502875924404	2.58157208097865	0.0241583864208881	0.338912232617391	0.318778832659922	gene_1198/gene_2511/gene_3126/gene_3691	4	onu_vs_self	significant	up	MF	FALSE
GO:0045543	gibberellin 2-beta-dioxygenase activity	4/1217	5/4328	0.8	2.84502875924404	2.58157208097865	0.0241583864208881	0.338912232617391	0.318778832659922	gene_4610/gene_4948/gene_5803/gene_6796	4	onu_vs_self	significant	up	MF	FALSE
GO:0000252	C-3 sterol dehydrogenase (C-4 sterol decarboxylase) activity	7/1217	12/4328	0.583333333333333	2.07450013694878	2.33101523164915	0.0271254860110131	0.338912232617391	0.318778832659922	gene_184/gene_330/gene_1743/gene_2389/gene_4337/gene_5173/gene_6198	7	onu_vs_self	significant	up	MF	FALSE
GO:0008875	gluconate dehydrogenase activity	7/1217	12/4328	0.583333333333333	2.07450013694878	2.33101523164915	0.0271254860110131	0.338912232617391	0.318778832659922	gene_184/gene_330/gene_1743/gene_4337/gene_5173/gene_6198/gene_7963	7	onu_vs_self	significant	up	MF	FALSE
GO:0005506	iron ion binding	36/1217	96/4328	0.375	1.33360723089565	2.067221311144	0.0277226061923495	0.338912232617391	0.318778832659922	gene_168/gene_483/gene_533/gene_858/gene_965/gene_1220/gene_1531/gene_2021/gene_2281/gene_2517/gene_2629/gene_2930/gene_2984/gene_3147/gene_3152/gene_3701/gene_4473/gene_4491/gene_4806/gene_4948/gene_5090/gene_5526/gene_5573/gene_5910/gene_6467/gene_6540/gene_6581/gene_6796/gene_7215/gene_7242/gene_7339/gene_7492/gene_7983/gene_7987/gene_8266/gene_8274	36	onu_vs_self	significant	up	MF	FALSE
GO:0017111	nucleoside-triphosphatase activity	34/1217	90/4328	0.377777777777778	1.34348580297635	2.05938858478373	0.0284967452999015	0.338912232617391	0.318778832659922	gene_26/gene_128/gene_175/gene_260/gene_1185/gene_1351/gene_1540/gene_1716/gene_1948/gene_1964/gene_2565/gene_2782/gene_2856/gene_2861/gene_3087/gene_3506/gene_3574/gene_3582/gene_3814/gene_4143/gene_4164/gene_4476/gene_4502/gene_5136/gene_5339/gene_6695/gene_7109/gene_7295/gene_7611/gene_7619/gene_7687/gene_8153/gene_8221/gene_8236	34	onu_vs_self	significant	up	MF	FALSE
GO:0051082	unfolded protein binding	11/1217	23/4328	0.478260869565217	1.70083241041763	2.10756146425785	0.0346535153518771	0.338912232617391	0.318778832659922	gene_606/gene_698/gene_2643/gene_2854/gene_2863/gene_3672/gene_5296/gene_5374/gene_6897/gene_7098/gene_8353	11	onu_vs_self	significant	up	MF	FALSE
GO:0004033	aldo-keto reductase activity	6/1217	10/4328	0.6	2.13377156943303	2.24477581437551	0.0347306251074328	0.338912232617391	0.318778832659922	gene_184/gene_330/gene_1743/gene_4337/gene_5173/gene_6198	6	onu_vs_self	significant	up	MF	FALSE
GO:0004495	mevaldate reductase activity	6/1217	10/4328	0.6	2.13377156943303	2.24477581437551	0.0347306251074328	0.338912232617391	0.318778832659922	gene_184/gene_330/gene_1743/gene_4337/gene_5173/gene_6198	6	onu_vs_self	significant	up	MF	FALSE
GO:0016229	steroid dehydrogenase activity	6/1217	10/4328	0.6	2.13377156943303	2.24477581437551	0.0347306251074328	0.338912232617391	0.318778832659922	gene_184/gene_330/gene_1743/gene_4337/gene_5173/gene_6198	6	onu_vs_self	significant	up	MF	FALSE
GO:0018451	epoxide dehydrogenase activity	6/1217	10/4328	0.6	2.13377156943303	2.24477581437551	0.0347306251074328	0.338912232617391	0.318778832659922	gene_184/gene_330/gene_1743/gene_4337/gene_5173/gene_6198	6	onu_vs_self	significant	up	MF	FALSE
GO:0018452	5-exo-hydroxycamphor dehydrogenase activity	6/1217	10/4328	0.6	2.13377156943303	2.24477581437551	0.0347306251074328	0.338912232617391	0.318778832659922	gene_184/gene_330/gene_1743/gene_4337/gene_5173/gene_6198	6	onu_vs_self	significant	up	MF	FALSE
GO:0018453	2-hydroxytetrahydrofuran dehydrogenase activity	6/1217	10/4328	0.6	2.13377156943303	2.24477581437551	0.0347306251074328	0.338912232617391	0.318778832659922	gene_184/gene_330/gene_1743/gene_4337/gene_5173/gene_6198	6	onu_vs_self	significant	up	MF	FALSE
GO:0032442	phenylcoumaran benzylic ether reductase activity	6/1217	10/4328	0.6	2.13377156943303	2.24477581437551	0.0347306251074328	0.338912232617391	0.318778832659922	gene_184/gene_330/gene_1743/gene_4337/gene_5173/gene_6198	6	onu_vs_self	significant	up	MF	FALSE
GO:0033764	steroid dehydrogenase activity, acting on the CH-OH group of donors, NAD or NADP as acceptor	6/1217	10/4328	0.6	2.13377156943303	2.24477581437551	0.0347306251074328	0.338912232617391	0.318778832659922	gene_184/gene_330/gene_1743/gene_4337/gene_5173/gene_6198	6	onu_vs_self	significant	up	MF	FALSE
GO:0033765	steroid dehydrogenase activity, acting on the CH-CH group of donors	6/1217	10/4328	0.6	2.13377156943303	2.24477581437551	0.0347306251074328	0.338912232617391	0.318778832659922	gene_184/gene_330/gene_1743/gene_4337/gene_5173/gene_6198	6	onu_vs_self	significant	up	MF	FALSE
GO:0043713	(R)-2-hydroxyisocaproate dehydrogenase activity	6/1217	10/4328	0.6	2.13377156943303	2.24477581437551	0.0347306251074328	0.338912232617391	0.318778832659922	gene_184/gene_330/gene_1743/gene_4337/gene_5173/gene_6198	6	onu_vs_self	significant	up	MF	FALSE
GO:0048258	3-ketoglucose-reductase activity	6/1217	10/4328	0.6	2.13377156943303	2.24477581437551	0.0347306251074328	0.338912232617391	0.318778832659922	gene_184/gene_330/gene_1743/gene_4337/gene_5173/gene_6198	6	onu_vs_self	significant	up	MF	FALSE
GO:0046872	metal ion binding	17/1217	40/4328	0.425	1.5114215283484	2.03221823632532	0.0352334499255703	0.338912232617391	0.318778832659922	gene_46/gene_1464/gene_1475/gene_1640/gene_1664/gene_2656/gene_2864/gene_3428/gene_4116/gene_5297/gene_5894/gene_6433/gene_6438/gene_7384/gene_7522/gene_8113/gene_8368	17	onu_vs_self	significant	up	MF	FALSE
GO:0048038	quinone binding	5/1217	8/4328	0.625	2.22267871815941	2.16473233449541	0.0444004690819929	0.417157895561049	0.392376238399007	gene_1056/gene_1966/gene_3421/gene_4123/gene_4987	5	onu_vs_self	significant	up	MF	FALSE
GO:0030170	pyridoxal phosphate binding	20/1217	51/4328	0.392156862745098	1.3946219408059	1.77290482618617	0.0561651296280358	0.506376697045055	0.476294913062181	gene_31/gene_714/gene_822/gene_976/gene_1004/gene_1194/gene_2227/gene_2759/gene_4163/gene_4290/gene_4303/gene_4492/gene_5468/gene_5889/gene_6377/gene_6501/gene_7346/gene_7534/gene_7778/gene_8627	20	onu_vs_self	significant	up	MF	FALSE
GO:0008800	beta-lactamase activity	4/1217	6/4328	0.666666666666667	2.37085729937004	2.10142659350956	0.0564033449678898	0.506376697045055	0.476294913062181	gene_2032/gene_3275/gene_8001/gene_8483	4	onu_vs_self	significant	up	MF	FALSE
GO:0051990	(R)-2-hydroxyglutarate dehydrogenase activity	6/1217	11/4328	0.545454545454545	1.93979233584821	1.95175791109467	0.0585675458329246	0.514375837315251	0.483818856880681	gene_184/gene_330/gene_1743/gene_4337/gene_5173/gene_6198	6	onu_vs_self	significant	up	MF	FALSE
GO:0005507	copper ion binding	11/1217	25/4328	0.44	1.56476581758422	1.77109340405112	0.0648309616514448	0.557270393769866	0.524165221862745	gene_1056/gene_1403/gene_1966/gene_2937/gene_3421/gene_4123/gene_4524/gene_4987/gene_5065/gene_6243/gene_7500	11	onu_vs_self	significant	up	MF	FALSE
GO:0008234	cysteine-type peptidase activity	7/1217	14/4328	0.5	1.77814297452753	1.82377844859568	0.0683489962526093	0.575270718459461	0.541096220333157	gene_223/gene_1279/gene_1490/gene_3925/gene_6104/gene_7343/gene_8226	7	onu_vs_self	significant	up	MF	FALSE
GO:0016813	hydrolase activity, acting on carbon-nitrogen (but not peptide) bonds, in linear amidines	5/1217	9/4328	0.555555555555556	1.9757144161417	1.83248785746941	0.0771925985780078	0.623716196510303	0.586663749192859	gene_2656/gene_5897/gene_6438/gene_7384/gene_8368	5	onu_vs_self	significant	up	MF	FALSE
GO:0032115	sorbose reductase activity	5/1217	9/4328	0.555555555555556	1.9757144161417	1.83248785746941	0.0771925985780078	0.623716196510303	0.586663749192859	gene_406/gene_3053/gene_4744/gene_4746/gene_8631	5	onu_vs_self	significant	up	MF	FALSE
GO:0019787	small conjugating protein ligase activity	9/1217	20/4328	0.45	1.60032867707477	1.68288706096035	0.0797289213443396	0.631578122021828	0.594058629624491	gene_974/gene_1219/gene_1265/gene_1715/gene_2434/gene_2491/gene_3551/gene_3836/gene_6659	9	onu_vs_self	significant	up	MF	FALSE
GO:0004497	monooxygenase activity	27/1217	75/4328	0.36	1.28026294165982	1.53121913471212	0.0826925043404703	0.642457149106731	0.604291377872668	gene_168/gene_965/gene_1318/gene_1531/gene_1576/gene_2629/gene_2984/gene_3042/gene_3175/gene_4473/gene_4491/gene_4806/gene_5526/gene_5573/gene_6540/gene_7215/gene_7242/gene_7331/gene_7339/gene_7374/gene_7492/gene_7730/gene_7983/gene_7987/gene_7997/gene_8266/gene_8274	27	onu_vs_self	significant	up	MF	FALSE
GO:0051287	NAD binding	12/1217	29/4328	0.413793103448276	1.47156659960899	1.59348156911186	0.0859866359800857	0.647290509039579	0.608837607512475	gene_320/gene_1561/gene_2076/gene_3827/gene_3997/gene_4591/gene_5893/gene_6435/gene_7698/gene_7762/gene_7963/gene_8166	12	onu_vs_self	significant	up	MF	FALSE
GO:0008080	N-acetyltransferase activity	13/1217	32/4328	0.40625	1.44474116680362	1.57920647172487	0.0865190284359833	0.647290509039579	0.608837607512475	gene_562/gene_1694/gene_2885/gene_3190/gene_3342/gene_3436/gene_3857/gene_4365/gene_5362/gene_5933/gene_6072/gene_6393/gene_8268	13	onu_vs_self	significant	up	MF	FALSE
GO:0004312	fatty-acid synthase activity	4/1217	7/4328	0.571428571428571	2.03216339946003	1.70920467854403	0.102793708745136	0.652888660521754	0.614103195540264	gene_1440/gene_1892/gene_7336/gene_8491	4	onu_vs_self	significant	up	MF	FALSE
GO:0016651	oxidoreductase activity, acting on NADH or NADPH	4/1217	7/4328	0.571428571428571	2.03216339946003	1.70920467854403	0.102793708745136	0.652888660521754	0.614103195540264	gene_1168/gene_2112/gene_7280/gene_7762	4	onu_vs_self	significant	up	MF	FALSE
GO:0016853	isomerase activity	4/1217	7/4328	0.571428571428571	2.03216339946003	1.70920467854403	0.102793708745136	0.652888660521754	0.614103195540264	gene_622/gene_907/gene_2911/gene_7141	4	onu_vs_self	significant	up	MF	FALSE
GO:0004553	hydrolase activity, hydrolyzing O-glycosyl compounds	27/1217	78/4328	0.346153846153846	1.23102205928829	1.2876416568969	0.123896819470201	0.652888660521754	0.614103195540264	gene_372/gene_738/gene_1687/gene_1927/gene_2125/gene_2751/gene_2975/gene_3262/gene_3307/gene_3714/gene_3724/gene_4140/gene_4195/gene_4325/gene_4493/gene_5037/gene_5443/gene_6122/gene_6137/gene_6541/gene_7114/gene_7154/gene_7686/gene_7738/gene_7976/gene_8386/gene_8404	27	onu_vs_self	significant	up	MF	FALSE
GO:0050660	FAD binding	27/1217	78/4328	0.346153846153846	1.23102205928829	1.2876416568969	0.123896819470201	0.652888660521754	0.614103195540264	gene_388/gene_579/gene_858/gene_900/gene_1218/gene_1220/gene_1572/gene_1823/gene_1828/gene_1949/gene_2021/gene_2281/gene_2713/gene_3147/gene_3152/gene_3579/gene_4960/gene_4969/gene_5090/gene_5184/gene_5615/gene_5980/gene_6541/gene_7483/gene_7952/gene_8165/gene_8436	27	onu_vs_self	significant	up	MF	FALSE
GO:0004448	isocitrate dehydrogenase activity	6/1217	13/4328	0.461538461538462	1.64136274571772	1.44835071185915	0.128786619720917	0.652888660521754	0.614103195540264	gene_184/gene_330/gene_1743/gene_4337/gene_5173/gene_6198	6	onu_vs_self	significant	up	MF	FALSE
GO:0003755	peptidyl-prolyl cis-trans isomerase activity	7/1217	16/4328	0.4375	1.55587510271159	1.3931137191438	0.133639804375208	0.652888660521754	0.614103195540264	gene_542/gene_907/gene_2822/gene_4236/gene_4238/gene_4547/gene_5219	7	onu_vs_self	significant	up	MF	FALSE
GO:0004600	cyclophilin	7/1217	16/4328	0.4375	1.55587510271159	1.3931137191438	0.133639804375208	0.652888660521754	0.614103195540264	gene_542/gene_907/gene_2822/gene_4236/gene_4238/gene_4547/gene_5219	7	onu_vs_self	significant	up	MF	FALSE
GO:0030051	FK506-sensitive peptidyl-prolyl cis-trans isomerase	7/1217	16/4328	0.4375	1.55587510271159	1.3931137191438	0.133639804375208	0.652888660521754	0.614103195540264	gene_542/gene_907/gene_2822/gene_4236/gene_4238/gene_4547/gene_5219	7	onu_vs_self	significant	up	MF	FALSE
GO:0042027	cyclophilin-type peptidyl-prolyl cis-trans isomerase activity	7/1217	16/4328	0.4375	1.55587510271159	1.3931137191438	0.133639804375208	0.652888660521754	0.614103195540264	gene_542/gene_907/gene_2822/gene_4236/gene_4238/gene_4547/gene_5219	7	onu_vs_self	significant	up	MF	FALSE
GO:0048037	cofactor binding	7/1217	16/4328	0.4375	1.55587510271159	1.3931137191438	0.133639804375208	0.652888660521754	0.614103195540264	gene_320/gene_4314/gene_5505/gene_5893/gene_6435/gene_7698/gene_7963	7	onu_vs_self	significant	up	MF	FALSE
GO:0016810	hydrolase activity, acting on carbon-nitrogen (but not peptide) bonds	9/1217	22/4328	0.409090909090909	1.45484425188616	1.33759848897936	0.136558253646357	0.652888660521754	0.614103195540264	gene_665/gene_1359/gene_1571/gene_1977/gene_3512/gene_5962/gene_6502/gene_6845/gene_7072	9	onu_vs_self	significant	up	MF	FALSE
GO:0001668	phosphatidylinositol-4,5-bisphosphate 5-phosphatase activity	3/1217	5/4328	0.6	2.13377156943303	1.58637799827841	0.138981249517007	0.652888660521754	0.614103195540264	gene_1198/gene_2511/gene_3313	3	onu_vs_self	significant	up	MF	FALSE
GO:0003858	3-hydroxybutyrate dehydrogenase activity	3/1217	5/4328	0.6	2.13377156943303	1.58637799827841	0.138981249517007	0.652888660521754	0.614103195540264	gene_1880/gene_4305/gene_5502	3	onu_vs_self	significant	up	MF	FALSE
GO:0003906	DNA-(apurinic or apyrimidinic site) lyase activity	3/1217	5/4328	0.6	2.13377156943303	1.58637799827841	0.138981249517007	0.652888660521754	0.614103195540264	gene_647/gene_2903/gene_7880	3	onu_vs_self	significant	up	MF	FALSE
GO:0004650	polygalacturonase activity	3/1217	5/4328	0.6	2.13377156943303	1.58637799827841	0.138981249517007	0.652888660521754	0.614103195540264	gene_1575/gene_5612/gene_5694	3	onu_vs_self	significant	up	MF	FALSE
GO:0008330	protein tyrosine/threonine phosphatase activity	3/1217	5/4328	0.6	2.13377156943303	1.58637799827841	0.138981249517007	0.652888660521754	0.614103195540264	gene_1198/gene_2511/gene_3313	3	onu_vs_self	significant	up	MF	FALSE
GO:0008579	JUN kinase phosphatase activity	3/1217	5/4328	0.6	2.13377156943303	1.58637799827841	0.138981249517007	0.652888660521754	0.614103195540264	gene_1198/gene_2511/gene_3313	3	onu_vs_self	significant	up	MF	FALSE
GO:0008969	phosphohistidine phosphatase activity	3/1217	5/4328	0.6	2.13377156943303	1.58637799827841	0.138981249517007	0.652888660521754	0.614103195540264	gene_1198/gene_2511/gene_3313	3	onu_vs_self	significant	up	MF	FALSE
GO:0015412	molybdate transmembrane-transporting ATPase activity	3/1217	5/4328	0.6	2.13377156943303	1.58637799827841	0.138981249517007	0.652888660521754	0.614103195540264	gene_128/gene_175/gene_1964	3	onu_vs_self	significant	up	MF	FALSE
GO:0016312	inositol bisphosphate phosphatase activity	3/1217	5/4328	0.6	2.13377156943303	1.58637799827841	0.138981249517007	0.652888660521754	0.614103195540264	gene_1198/gene_2511/gene_3313	3	onu_vs_self	significant	up	MF	FALSE
GO:0017017	MAP kinase tyrosine/serine/threonine phosphatase activity	3/1217	5/4328	0.6	2.13377156943303	1.58637799827841	0.138981249517007	0.652888660521754	0.614103195540264	gene_1198/gene_2511/gene_3313	3	onu_vs_self	significant	up	MF	FALSE
GO:0017161	inositol-1,3,4-trisphosphate 4-phosphatase activity	3/1217	5/4328	0.6	2.13377156943303	1.58637799827841	0.138981249517007	0.652888660521754	0.614103195540264	gene_1198/gene_2511/gene_3313	3	onu_vs_self	significant	up	MF	FALSE
GO:0019175	alpha-ribazole-5'-P phosphatase activity	3/1217	5/4328	0.6	2.13377156943303	1.58637799827841	0.138981249517007	0.652888660521754	0.614103195540264	gene_1198/gene_2511/gene_3313	3	onu_vs_self	significant	up	MF	FALSE
GO:0019178	NADP phosphatase activity	3/1217	5/4328	0.6	2.13377156943303	1.58637799827841	0.138981249517007	0.652888660521754	0.614103195540264	gene_1198/gene_2511/gene_3313	3	onu_vs_self	significant	up	MF	FALSE
GO:0019198	transmembrane receptor protein phosphatase activity	3/1217	5/4328	0.6	2.13377156943303	1.58637799827841	0.138981249517007	0.652888660521754	0.614103195540264	gene_1198/gene_2511/gene_3313	3	onu_vs_self	significant	up	MF	FALSE
GO:0030351	inositol-1,3,4,5,6-pentakisphosphate 3-phosphatase activity	3/1217	5/4328	0.6	2.13377156943303	1.58637799827841	0.138981249517007	0.652888660521754	0.614103195540264	gene_1198/gene_2511/gene_3313	3	onu_vs_self	significant	up	MF	FALSE
GO:0030352	inositol-1,4,5,6-tetrakisphosphate 6-phosphatase activity	3/1217	5/4328	0.6	2.13377156943303	1.58637799827841	0.138981249517007	0.652888660521754	0.614103195540264	gene_1198/gene_2511/gene_3313	3	onu_vs_self	significant	up	MF	FALSE
GO:0043726	5-amino-6-(5-phosphoribitylamino)uracil phosphatase activity	3/1217	5/4328	0.6	2.13377156943303	1.58637799827841	0.138981249517007	0.652888660521754	0.614103195540264	gene_1198/gene_2511/gene_3313	3	onu_vs_self	significant	up	MF	FALSE
GO:0043812	phosphatidylinositol-4-phosphate phosphatase activity	3/1217	5/4328	0.6	2.13377156943303	1.58637799827841	0.138981249517007	0.652888660521754	0.614103195540264	gene_1198/gene_2511/gene_3313	3	onu_vs_self	significant	up	MF	FALSE
GO:0043813	phosphatidylinositol-3,5-bisphosphate 5-phosphatase activity	3/1217	5/4328	0.6	2.13377156943303	1.58637799827841	0.138981249517007	0.652888660521754	0.614103195540264	gene_1198/gene_2511/gene_3313	3	onu_vs_self	significant	up	MF	FALSE
GO:0047621	acylpyruvate hydrolase activity	3/1217	5/4328	0.6	2.13377156943303	1.58637799827841	0.138981249517007	0.652888660521754	0.614103195540264	gene_1055/gene_4485/gene_8612	3	onu_vs_self	significant	up	MF	FALSE
GO:0019131	tripeptidyl-peptidase I activity	4/1217	8/4328	0.5	1.77814297452753	1.37768919406395	0.161186948408279	0.748500312148789	0.704034947070644	gene_1497/gene_3437/gene_5513/gene_8014	4	onu_vs_self	significant	up	MF	FALSE
GO:0008237	metallopeptidase activity	7/1217	17/4328	0.411764705882353	1.4643530378462	1.19969948249653	0.174617121494603	0.801651330497949	0.754028479181239	gene_1813/gene_3585/gene_3597/gene_3738/gene_5897/gene_7458/gene_8032	7	onu_vs_self	significant	up	MF	FALSE
GO:0046914	transition metal ion binding	9/1217	24/4328	0.375	1.33360723089565	1.02492875107166	0.209191165947992	0.870438688887624	0.818729459844795	gene_400/gene_545/gene_546/gene_1933/gene_2517/gene_2673/gene_4319/gene_6248/gene_7035	9	onu_vs_self	significant	up	MF	FALSE
GO:0008236	serine-type peptidase activity	7/1217	18/4328	0.388888888888889	1.38300009129919	1.01832223374245	0.220170805022641	0.870438688887624	0.818729459844795	gene_1490/gene_1497/gene_2765/gene_3437/gene_5513/gene_8014/gene_8226	7	onu_vs_self	significant	up	MF	FALSE
GO:0016740	transferase activity	7/1217	18/4328	0.388888888888889	1.38300009129919	1.01832223374245	0.220170805022641	0.870438688887624	0.818729459844795	gene_1746/gene_1820/gene_2815/gene_2839/gene_4295/gene_6593/gene_8594	7	onu_vs_self	significant	up	MF	FALSE
GO:0004622	lysophospholipase activity	3/1217	6/4328	0.5	1.77814297452753	1.19283775267945	0.221559154066125	0.870438688887624	0.818729459844795	gene_3557/gene_4922/gene_7584	3	onu_vs_self	significant	up	MF	FALSE
GO:0008418	protein N-terminal asparagine amidohydrolase activity	6/1217	15/4328	0.4	1.42251437962202	1.02514695416282	0.224832099698717	0.870438688887624	0.818729459844795	gene_1561/gene_2076/gene_2644/gene_3585/gene_4675/gene_6365	6	onu_vs_self	significant	up	MF	FALSE
GO:0008759	UDP-3-O-[3-hydroxymyristoyl] N-acetylglucosamine deacetylase activity	6/1217	15/4328	0.4	1.42251437962202	1.02514695416282	0.224832099698717	0.870438688887624	0.818729459844795	gene_1561/gene_2076/gene_2644/gene_3585/gene_4675/gene_6365	6	onu_vs_self	significant	up	MF	FALSE
GO:0018748	iprodione amidohydrolase activity	6/1217	15/4328	0.4	1.42251437962202	1.02514695416282	0.224832099698717	0.870438688887624	0.818729459844795	gene_1561/gene_2076/gene_2644/gene_3585/gene_4675/gene_6365	6	onu_vs_self	significant	up	MF	FALSE
GO:0018749	(3,5-dichlorophenylurea)acetate amidohydrolase activity	6/1217	15/4328	0.4	1.42251437962202	1.02514695416282	0.224832099698717	0.870438688887624	0.818729459844795	gene_1561/gene_2076/gene_2644/gene_3585/gene_4675/gene_6365	6	onu_vs_self	significant	up	MF	FALSE
GO:0043747	N2-acetyl-L-lysine deacetylase activity	6/1217	15/4328	0.4	1.42251437962202	1.02514695416282	0.224832099698717	0.870438688887624	0.818729459844795	gene_1561/gene_2076/gene_2644/gene_3585/gene_4675/gene_6365	6	onu_vs_self	significant	up	MF	FALSE
GO:0043748	O-succinylbenzoate synthase activity	6/1217	15/4328	0.4	1.42251437962202	1.02514695416282	0.224832099698717	0.870438688887624	0.818729459844795	gene_1561/gene_2076/gene_2644/gene_3585/gene_4675/gene_6365	6	onu_vs_self	significant	up	MF	FALSE
GO:0043864	indoleacetamide hydrolase activity	6/1217	15/4328	0.4	1.42251437962202	1.02514695416282	0.224832099698717	0.870438688887624	0.818729459844795	gene_1561/gene_2076/gene_2644/gene_3585/gene_4675/gene_6365	6	onu_vs_self	significant	up	MF	FALSE
GO:0047419	N-acetylgalactosamine-6-phosphate deacetylase activity	6/1217	15/4328	0.4	1.42251437962202	1.02514695416282	0.224832099698717	0.870438688887624	0.818729459844795	gene_1561/gene_2076/gene_2644/gene_3585/gene_4675/gene_6365	6	onu_vs_self	significant	up	MF	FALSE
GO:0008138	protein tyrosine/serine/threonine phosphatase activity	5/1217	12/4328	0.416666666666667	1.48178581210627	1.04518373501679	0.228096728352199	0.870438688887624	0.818729459844795	gene_1198/gene_2511/gene_2720/gene_3313/gene_3980	5	onu_vs_self	significant	up	MF	FALSE
GO:0018664	benzoate 4-monooxygenase activity	5/1217	12/4328	0.416666666666667	1.48178581210627	1.04518373501679	0.228096728352199	0.870438688887624	0.818729459844795	gene_965/gene_2629/gene_5573/gene_7983/gene_8274	5	onu_vs_self	significant	up	MF	FALSE
GO:0018667	cyclohexanone monooxygenase activity	5/1217	12/4328	0.416666666666667	1.48178581210627	1.04518373501679	0.228096728352199	0.870438688887624	0.818729459844795	gene_3964/gene_4620/gene_4956/gene_5649/gene_6158	5	onu_vs_self	significant	up	MF	FALSE
GO:0004197	cysteine-type endopeptidase activity	4/1217	9/4328	0.444444444444444	1.58057153291336	1.09037057037971	0.228382428272496	0.870438688887624	0.818729459844795	gene_189/gene_1462/gene_5025/gene_7212	4	onu_vs_self	significant	up	MF	FALSE
GO:0004601	peroxidase activity	4/1217	9/4328	0.444444444444444	1.58057153291336	1.09037057037971	0.228382428272496	0.870438688887624	0.818729459844795	gene_1129/gene_1574/gene_3059/gene_5526	4	onu_vs_self	significant	up	MF	FALSE
GO:0016846	carbon-sulfur lyase activity	4/1217	9/4328	0.444444444444444	1.58057153291336	1.09037057037971	0.228382428272496	0.870438688887624	0.818729459844795	gene_524/gene_1264/gene_1448/gene_7269	4	onu_vs_self	significant	up	MF	FALSE
GO:0010181	FMN binding	11/1217	31/4328	0.354838709677419	1.26190791740663	0.915241129638177	0.233140614817174	0.880269237253627	0.82797601523856	gene_289/gene_1248/gene_1383/gene_1933/gene_2281/gene_3898/gene_4508/gene_5195/gene_5506/gene_6248/gene_6315	11	onu_vs_self	significant	up	MF	FALSE
GO:0003735	structural constituent of ribosome	34/1217	108/4328	0.314814814814815	1.11957150248029	0.786995175182069	0.246159834237181	0.920820120665012	0.866117935278972	gene_621/gene_642/gene_692/gene_868/gene_869/gene_1631/gene_1639/gene_1683/gene_1959/gene_2302/gene_2347/gene_2805/gene_2809/gene_2839/gene_3025/gene_3327/gene_3849/gene_4886/gene_5192/gene_5276/gene_5716/gene_5751/gene_5853/gene_6087/gene_6238/gene_6660/gene_6873/gene_6925/gene_7094/gene_7344/gene_7497/gene_7527/gene_7784/gene_8252	34	onu_vs_self	significant	up	MF	FALSE
GO:0016788	hydrolase activity, acting on ester bonds	5/1217	13/4328	0.384615384615385	1.3678022880981	0.830585669883551	0.290165546246751	0.999999991944399	0.94059405182889	gene_199/gene_1653/gene_3892/gene_3910/gene_6271	5	onu_vs_self	significant	up	MF	FALSE
GO:0000166	nucleotide binding	42/1217	138/4328	0.304347826086957	1.08234789753849	0.614856513851106	0.298709899724856	0.999999991944399	0.94059405182889	gene_26/gene_128/gene_175/gene_260/gene_810/gene_1185/gene_1351/gene_1540/gene_1716/gene_1948/gene_1964/gene_2541/gene_2565/gene_2612/gene_2782/gene_2856/gene_2861/gene_2924/gene_3087/gene_3506/gene_3574/gene_3582/gene_3626/gene_3657/gene_3814/gene_4029/gene_4143/gene_4164/gene_4476/gene_4502/gene_5136/gene_5339/gene_6359/gene_6695/gene_7109/gene_7295/gene_7611/gene_7619/gene_7687/gene_8153/gene_8221/gene_8236	42	onu_vs_self	significant	up	MF	FALSE
GO:0004499	flavin-containing monooxygenase activity	4/1217	10/4328	0.4	1.42251437962202	0.836544226519705	0.300867665755104	0.999999991944399	0.94059405182889	gene_579/gene_1823/gene_3469/gene_8497	4	onu_vs_self	significant	up	MF	FALSE
GO:0004519	endonuclease activity	4/1217	10/4328	0.4	1.42251437962202	0.836544226519705	0.300867665755104	0.999999991944399	0.94059405182889	gene_2903/gene_5448/gene_6271/gene_6596	4	onu_vs_self	significant	up	MF	FALSE
GO:0016616	oxidoreductase activity, acting on the CH-OH group of donors, NAD or NADP as acceptor	8/1217	23/4328	0.347826086956522	1.23696902575828	0.712619421543677	0.306748111147313	0.999999991944399	0.94059405182889	gene_320/gene_4314/gene_5505/gene_5893/gene_6435/gene_7698/gene_7963/gene_8166	8	onu_vs_self	significant	up	MF	FALSE
GO:0008447	L-ascorbate oxidase activity	3/1217	7/4328	0.428571428571429	1.52412254959502	0.86791753550541	0.310633238056866	0.999999991944399	0.94059405182889	gene_1403/gene_2937/gene_5065	3	onu_vs_self	significant	up	MF	FALSE
GO:0008168	methyltransferase activity	7/1217	20/4328	0.35	1.24470008216927	0.685961903577871	0.320978063916668	0.999999991944399	0.94059405182889	gene_120/gene_2438/gene_3735/gene_4376/gene_5152/gene_6303/gene_8453	7	onu_vs_self	significant	up	MF	FALSE
GO:0042626	ATPase activity, coupled to transmembrane movement of substances	10/1217	30/4328	0.333333333333333	1.18542864968502	0.637372011515416	0.323914968008903	0.999999991944399	0.94059405182889	gene_128/gene_175/gene_1964/gene_2483/gene_3170/gene_3814/gene_4476/gene_4502/gene_5058/gene_6695	10	onu_vs_self	significant	up	MF	FALSE
GO:0004407	histone deacetylase activity	6/1217	17/4328	0.352941176470588	1.25515974672531	0.659229058821609	0.336782216200941	0.999999991944399	0.94059405182889	gene_1561/gene_2076/gene_2644/gene_3585/gene_4675/gene_6365	6	onu_vs_self	significant	up	MF	FALSE
GO:0050661	NADP binding	6/1217	17/4328	0.352941176470588	1.25515974672531	0.659229058821609	0.336782216200941	0.999999991944399	0.94059405182889	gene_579/gene_978/gene_1823/gene_3997/gene_5125/gene_5826	6	onu_vs_self	significant	up	MF	FALSE
GO:0005215	transporter activity	28/1217	93/4328	0.301075268817204	1.0707097481026	0.43110473033375	0.371070531649138	0.999999991944399	0.94059405182889	gene_13/gene_596/gene_1245/gene_1275/gene_1314/gene_1980/gene_2366/gene_2452/gene_2704/gene_2795/gene_2969/gene_3218/gene_3229/gene_3619/gene_3689/gene_3727/gene_4228/gene_4329/gene_4368/gene_5557/gene_6121/gene_6410/gene_6466/gene_6829/gene_7787/gene_7984/gene_8037/gene_8043	28	onu_vs_self	significant	up	MF	FALSE
GO:0003924	GTPase activity	12/1217	38/4328	0.315789473684211	1.12303766812265	0.476419989194831	0.375025266607932	0.999999991944399	0.94059405182889	gene_2143/gene_2651/gene_3159/gene_3401/gene_3918/gene_4280/gene_4585/gene_5834/gene_5878/gene_6824/gene_7978/gene_8596	12	onu_vs_self	significant	up	MF	FALSE
GO:0008235	metalloexopeptidase activity	4/1217	11/4328	0.363636363636364	1.29319489056547	0.608906271444765	0.375328944913279	0.999999991944399	0.94059405182889	gene_2078/gene_2705/gene_3235/gene_5083	4	onu_vs_self	significant	up	MF	FALSE
GO:0004129	cytochrome-c oxidase activity	3/1217	8/4328	0.375	1.33360723089565	0.590646053632485	0.400301011846018	0.999999991944399	0.94059405182889	gene_564/gene_4545/gene_5164	3	onu_vs_self	significant	up	MF	FALSE
GO:0004344	glucose dehydrogenase activity	3/1217	8/4328	0.375	1.33360723089565	0.590646053632485	0.400301011846018	0.999999991944399	0.94059405182889	gene_484/gene_4064/gene_7462	3	onu_vs_self	significant	up	MF	FALSE
GO:0005216	ion channel activity	3/1217	8/4328	0.375	1.33360723089565	0.590646053632485	0.400301011846018	0.999999991944399	0.94059405182889	gene_2263/gene_4251/gene_5067	3	onu_vs_self	significant	up	MF	FALSE
GO:0016298	lipase activity	3/1217	8/4328	0.375	1.33360723089565	0.590646053632485	0.400301011846018	0.999999991944399	0.94059405182889	gene_4065/gene_6973/gene_8571	3	onu_vs_self	significant	up	MF	FALSE
GO:0016614	oxidoreductase activity, acting on CH-OH group of donors	3/1217	8/4328	0.375	1.33360723089565	0.590646053632485	0.400301011846018	0.999999991944399	0.94059405182889	gene_1572/gene_5980/gene_6541	3	onu_vs_self	significant	up	MF	FALSE
GO:0018446	pinocarveol dehydrogenase activity	3/1217	8/4328	0.375	1.33360723089565	0.590646053632485	0.400301011846018	0.999999991944399	0.94059405182889	gene_484/gene_4064/gene_7462	3	onu_vs_self	significant	up	MF	FALSE
GO:0018447	chloral hydrate dehydrogenase activity	3/1217	8/4328	0.375	1.33360723089565	0.590646053632485	0.400301011846018	0.999999991944399	0.94059405182889	gene_484/gene_4064/gene_7462	3	onu_vs_self	significant	up	MF	FALSE
GO:0018448	hydroxymethylmethylsilanediol oxidase activity	3/1217	8/4328	0.375	1.33360723089565	0.590646053632485	0.400301011846018	0.999999991944399	0.94059405182889	gene_484/gene_4064/gene_7462	3	onu_vs_self	significant	up	MF	FALSE
GO:0018449	1-phenylethanol dehydrogenase activity	3/1217	8/4328	0.375	1.33360723089565	0.590646053632485	0.400301011846018	0.999999991944399	0.94059405182889	gene_484/gene_4064/gene_7462	3	onu_vs_self	significant	up	MF	FALSE
GO:0018450	myrtenol dehydrogenase activity	3/1217	8/4328	0.375	1.33360723089565	0.590646053632485	0.400301011846018	0.999999991944399	0.94059405182889	gene_484/gene_4064/gene_7462	3	onu_vs_self	significant	up	MF	FALSE
GO:0018731	1-oxa-2-oxocycloheptane lactonase activity	3/1217	8/4328	0.375	1.33360723089565	0.590646053632485	0.400301011846018	0.999999991944399	0.94059405182889	gene_4065/gene_6973/gene_8571	3	onu_vs_self	significant	up	MF	FALSE
GO:0018732	sulfolactone hydrolase activity	3/1217	8/4328	0.375	1.33360723089565	0.590646053632485	0.400301011846018	0.999999991944399	0.94059405182889	gene_4065/gene_6973/gene_8571	3	onu_vs_self	significant	up	MF	FALSE
GO:0018733	3,4-dihydrocoumarin hydrolase activity	3/1217	8/4328	0.375	1.33360723089565	0.590646053632485	0.400301011846018	0.999999991944399	0.94059405182889	gene_4065/gene_6973/gene_8571	3	onu_vs_self	significant	up	MF	FALSE
GO:0018734	butyrolactone hydrolase activity	3/1217	8/4328	0.375	1.33360723089565	0.590646053632485	0.400301011846018	0.999999991944399	0.94059405182889	gene_4065/gene_6973/gene_8571	3	onu_vs_self	significant	up	MF	FALSE
GO:0030983	mismatched DNA binding	3/1217	8/4328	0.375	1.33360723089565	0.590646053632485	0.400301011846018	0.999999991944399	0.94059405182889	gene_2950/gene_4712/gene_8317	3	onu_vs_self	significant	up	MF	FALSE
GO:0042469	versicolorin reductase activity	3/1217	8/4328	0.375	1.33360723089565	0.590646053632485	0.400301011846018	0.999999991944399	0.94059405182889	gene_484/gene_4064/gene_7462	3	onu_vs_self	significant	up	MF	FALSE
GO:0045703	ketoreductase activity	3/1217	8/4328	0.375	1.33360723089565	0.590646053632485	0.400301011846018	0.999999991944399	0.94059405182889	gene_484/gene_4064/gene_7462	3	onu_vs_self	significant	up	MF	FALSE
GO:0004289	subtilase activity	8/1217	25/4328	0.32	1.13801150369762	0.432801094314768	0.405046386730555	0.999999991944399	0.94059405182889	gene_1497/gene_2765/gene_3437/gene_5472/gene_5513/gene_6936/gene_7277/gene_8014	8	onu_vs_self	significant	up	MF	FALSE
GO:0016769	transferase activity, transferring nitrogenous groups	5/1217	15/4328	0.333333333333333	1.18542864968502	0.449905670924561	0.419541193624603	0.999999991944399	0.94059405182889	gene_1194/gene_4492/gene_6377/gene_6501/gene_7534	5	onu_vs_self	significant	up	MF	FALSE
GO:0046873	metal ion transmembrane transporter activity	5/1217	15/4328	0.333333333333333	1.18542864968502	0.449905670924561	0.419541193624603	0.999999991944399	0.94059405182889	gene_1787/gene_2415/gene_2618/gene_3399/gene_6597	5	onu_vs_self	significant	up	MF	FALSE
GO:0003887	DNA-directed DNA polymerase activity	7/1217	22/4328	0.318181818181818	1.13154552924479	0.38684692709684	0.427476145378883	0.999999991944399	0.94059405182889	gene_736/gene_1409/gene_2541/gene_3657/gene_4511/gene_4827/gene_8319	7	onu_vs_self	significant	up	MF	FALSE
GO:0003774	motor activity	2/1217	5/4328	0.4	1.42251437962202	0.59118391557817	0.432795472863373	0.999999991944399	0.94059405182889	gene_545/gene_546	2	onu_vs_self	significant	up	MF	FALSE
GO:0003910	DNA ligase (ATP) activity	2/1217	5/4328	0.4	1.42251437962202	0.59118391557817	0.432795472863373	0.999999991944399	0.94059405182889	gene_1797/gene_2295	2	onu_vs_self	significant	up	MF	FALSE
GO:0004032	aldehyde reductase activity	2/1217	5/4328	0.4	1.42251437962202	0.59118391557817	0.432795472863373	0.999999991944399	0.94059405182889	gene_5494/gene_8537	2	onu_vs_self	significant	up	MF	FALSE
GO:0004300	enoyl-CoA hydratase activity	2/1217	5/4328	0.4	1.42251437962202	0.59118391557817	0.432795472863373	0.999999991944399	0.94059405182889	gene_4308/gene_7226	2	onu_vs_self	significant	up	MF	FALSE
GO:0004460	L-lactate dehydrogenase (cytochrome) activity	2/1217	5/4328	0.4	1.42251437962202	0.59118391557817	0.432795472863373	0.999999991944399	0.94059405182889	gene_1933/gene_6248	2	onu_vs_self	significant	up	MF	FALSE
GO:0004540	ribonuclease activity	2/1217	5/4328	0.4	1.42251437962202	0.59118391557817	0.432795472863373	0.999999991944399	0.94059405182889	gene_6300/gene_7409	2	onu_vs_self	significant	up	MF	FALSE
GO:0004596	peptide alpha-N-acetyltransferase activity	2/1217	5/4328	0.4	1.42251437962202	0.59118391557817	0.432795472863373	0.999999991944399	0.94059405182889	gene_1051/gene_6072	2	onu_vs_self	significant	up	MF	FALSE
GO:0004617	phosphoglycerate dehydrogenase activity	2/1217	5/4328	0.4	1.42251437962202	0.59118391557817	0.432795472863373	0.999999991944399	0.94059405182889	gene_6435/gene_7698	2	onu_vs_self	significant	up	MF	FALSE
GO:0004713	protein-tyrosine kinase activity	2/1217	5/4328	0.4	1.42251437962202	0.59118391557817	0.432795472863373	0.999999991944399	0.94059405182889	gene_1802/gene_2516	2	onu_vs_self	significant	up	MF	FALSE
GO:0004815	aspartate-tRNA ligase activity	2/1217	5/4328	0.4	1.42251437962202	0.59118391557817	0.432795472863373	0.999999991944399	0.94059405182889	gene_810/gene_4029	2	onu_vs_self	significant	up	MF	FALSE
GO:0008312	7S RNA binding	2/1217	5/4328	0.4	1.42251437962202	0.59118391557817	0.432795472863373	0.999999991944399	0.94059405182889	gene_6824/gene_8434	2	onu_vs_self	significant	up	MF	FALSE
GO:0009374	biotin binding	2/1217	5/4328	0.4	1.42251437962202	0.59118391557817	0.432795472863373	0.999999991944399	0.94059405182889	gene_6312/gene_7423	2	onu_vs_self	significant	up	MF	FALSE
GO:0008324	cation transmembrane transporter activity	4/1217	12/4328	0.333333333333333	1.18542864968502	0.402267986700605	0.448945053193818	0.999999991944399	0.94059405182889	gene_889/gene_890/gene_1100/gene_2823	4	onu_vs_self	significant	up	MF	FALSE
GO:0043365	[formate-C-acetyltransferase]-activating enzyme activity	4/1217	12/4328	0.333333333333333	1.18542864968502	0.402267986700605	0.448945053193818	0.999999991944399	0.94059405182889	gene_1863/gene_4613/gene_6582/gene_8129	4	onu_vs_self	significant	up	MF	FALSE
GO:0050662	coenzyme binding	4/1217	12/4328	0.333333333333333	1.18542864968502	0.402267986700605	0.448945053193818	0.999999991944399	0.94059405182889	gene_2985/gene_4791/gene_7461/gene_7656	4	onu_vs_self	significant	up	MF	FALSE
GO:0009055	electron carrier activity	7/1217	23/4328	0.304347826086957	1.08234789753849	0.247638740638953	0.480294660355195	0.999999991944399	0.94059405182889	gene_822/gene_2349/gene_2930/gene_4960/gene_5164/gene_7280/gene_7762	7	onu_vs_self	significant	up	MF	FALSE
GO:0008422	beta-glucosidase activity	5/1217	16/4328	0.3125	1.1113393590797	0.279034603021411	0.483174701229958	0.999999991944399	0.94059405182889	gene_738/gene_1687/gene_3307/gene_7738/gene_8386	5	onu_vs_self	significant	up	MF	FALSE
GO:0003756	protein disulfide isomerase activity	3/1217	9/4328	0.333333333333333	1.18542864968502	0.348253283290013	0.48626030363278	0.999999991944399	0.94059405182889	gene_622/gene_2911/gene_6116	3	onu_vs_self	significant	up	MF	FALSE
GO:0004316	3-oxoacyl-[acyl-carrier-protein] reductase activity	3/1217	9/4328	0.333333333333333	1.18542864968502	0.348253283290013	0.48626030363278	0.999999991944399	0.94059405182889	gene_1406/gene_3211/gene_7695	3	onu_vs_self	significant	up	MF	FALSE
GO:0005525	GTP binding	25/1217	87/4328	0.28735632183908	1.02192124972846	0.129175315470097	0.489748238733628	0.999999991944399	0.94059405182889	gene_114/gene_145/gene_203/gene_998/gene_1846/gene_2143/gene_2393/gene_2651/gene_3159/gene_3162/gene_3293/gene_3401/gene_3581/gene_3616/gene_3918/gene_4280/gene_4288/gene_4419/gene_4585/gene_5834/gene_5878/gene_6604/gene_6824/gene_7978/gene_8596	25	onu_vs_self	significant	up	MF	FALSE
GO:0004518	nuclease activity	6/1217	20/4328	0.3	1.06688578471652	0.187499324886631	0.509774479250846	0.999999991944399	0.94059405182889	gene_52/gene_3910/gene_5583/gene_5821/gene_7068/gene_7069	6	onu_vs_self	significant	up	MF	FALSE
GO:0004222	metalloendopeptidase activity	4/1217	13/4328	0.307692307692308	1.09424183047848	0.212820627907953	0.51951372294807	0.999999991944399	0.94059405182889	gene_740/gene_5543/gene_7522/gene_8113	4	onu_vs_self	significant	up	MF	FALSE
GO:0016564	transcription repressor activity	4/1217	13/4328	0.307692307692308	1.09424183047848	0.212820627907953	0.51951372294807	0.999999991944399	0.94059405182889	gene_1295/gene_2453/gene_5892/gene_6590	4	onu_vs_self	significant	up	MF	FALSE
GO:0004682	protein kinase CK2 activity	16/1217	56/4328	0.285714285714286	1.01608169973002	0.0757528665541411	0.52086561623779	0.999999991944399	0.94059405182889	gene_383/gene_1423/gene_2206/gene_2546/gene_2904/gene_3577/gene_5226/gene_5320/gene_5692/gene_6480/gene_6705/gene_6720/gene_6868/gene_6898/gene_7264/gene_7425	16	onu_vs_self	significant	up	MF	FALSE
GO:0003746	translation elongation factor activity	2/1217	6/4328	0.333333333333333	1.18542864968502	0.284248911849345	0.538413632261997	0.999999991944399	0.94059405182889	gene_2409/gene_5724	2	onu_vs_self	significant	up	MF	FALSE
GO:0004784	superoxide dismutase activity	2/1217	6/4328	0.333333333333333	1.18542864968502	0.284248911849345	0.538413632261997	0.999999991944399	0.94059405182889	gene_1664/gene_4116	2	onu_vs_self	significant	up	MF	FALSE
GO:0008688	3-(3-hydroxy-phenyl)propionate hydroxylase activity	2/1217	6/4328	0.333333333333333	1.18542864968502	0.284248911849345	0.538413632261997	0.999999991944399	0.94059405182889	gene_1531/gene_7987	2	onu_vs_self	significant	up	MF	FALSE
GO:0015450	P-P-bond-hydrolysis-driven protein transmembrane transporter activity	2/1217	6/4328	0.333333333333333	1.18542864968502	0.284248911849345	0.538413632261997	0.999999991944399	0.94059405182889	gene_3503/gene_4232	2	onu_vs_self	significant	up	MF	FALSE
GO:0017136	NAD-dependent histone deacetylase activity	2/1217	6/4328	0.333333333333333	1.18542864968502	0.284248911849345	0.538413632261997	0.999999991944399	0.94059405182889	gene_1561/gene_2076	2	onu_vs_self	significant	up	MF	FALSE
GO:0018471	4-chlorobenzaldehyde oxidase activity	2/1217	6/4328	0.333333333333333	1.18542864968502	0.284248911849345	0.538413632261997	0.999999991944399	0.94059405182889	gene_1531/gene_7987	2	onu_vs_self	significant	up	MF	FALSE
GO:0018630	3,5-xylenol methylhydroxylase activity	2/1217	6/4328	0.333333333333333	1.18542864968502	0.284248911849345	0.538413632261997	0.999999991944399	0.94059405182889	gene_1531/gene_7987	2	onu_vs_self	significant	up	MF	FALSE
GO:0018631	phenylacetate hydroxylase activity	2/1217	6/4328	0.333333333333333	1.18542864968502	0.284248911849345	0.538413632261997	0.999999991944399	0.94059405182889	gene_1531/gene_7987	2	onu_vs_self	significant	up	MF	FALSE
GO:0018632	4-nitrophenol 4-monooxygenase activity	2/1217	6/4328	0.333333333333333	1.18542864968502	0.284248911849345	0.538413632261997	0.999999991944399	0.94059405182889	gene_1531/gene_7987	2	onu_vs_self	significant	up	MF	FALSE
GO:0018633	dimethyl sulfide monooxygenase activity	2/1217	6/4328	0.333333333333333	1.18542864968502	0.284248911849345	0.538413632261997	0.999999991944399	0.94059405182889	gene_1531/gene_7987	2	onu_vs_self	significant	up	MF	FALSE
GO:0018634	alpha-pinene monooxygenase [NADH] activity	2/1217	6/4328	0.333333333333333	1.18542864968502	0.284248911849345	0.538413632261997	0.999999991944399	0.94059405182889	gene_1531/gene_7987	2	onu_vs_self	significant	up	MF	FALSE
GO:0018635	limonene 1,2-monooxygenase activity	2/1217	6/4328	0.333333333333333	1.18542864968502	0.284248911849345	0.538413632261997	0.999999991944399	0.94059405182889	gene_1531/gene_7987	2	onu_vs_self	significant	up	MF	FALSE
GO:0018636	phenanthrene 9,10-monooxygenase activity	2/1217	6/4328	0.333333333333333	1.18542864968502	0.284248911849345	0.538413632261997	0.999999991944399	0.94059405182889	gene_1531/gene_7987	2	onu_vs_self	significant	up	MF	FALSE
GO:0018637	1-hydroxy-2-naphthoate hydroxylase activity	2/1217	6/4328	0.333333333333333	1.18542864968502	0.284248911849345	0.538413632261997	0.999999991944399	0.94059405182889	gene_1531/gene_7987	2	onu_vs_self	significant	up	MF	FALSE
GO:0018638	toluene 4-monooxygenase activity	2/1217	6/4328	0.333333333333333	1.18542864968502	0.284248911849345	0.538413632261997	0.999999991944399	0.94059405182889	gene_1531/gene_7987	2	onu_vs_self	significant	up	MF	FALSE
GO:0018639	xylene monooxygenase activity	2/1217	6/4328	0.333333333333333	1.18542864968502	0.284248911849345	0.538413632261997	0.999999991944399	0.94059405182889	gene_1531/gene_7987	2	onu_vs_self	significant	up	MF	FALSE
GO:0018640	dibenzothiophene monooxygenase activity	2/1217	6/4328	0.333333333333333	1.18542864968502	0.284248911849345	0.538413632261997	0.999999991944399	0.94059405182889	gene_1531/gene_7987	2	onu_vs_self	significant	up	MF	FALSE
GO:0018641	6-hydroxy-3-methyl-2-oxo-1,2-dihydroquinoline 6-monooxygenase activity	2/1217	6/4328	0.333333333333333	1.18542864968502	0.284248911849345	0.538413632261997	0.999999991944399	0.94059405182889	gene_1531/gene_7987	2	onu_vs_self	significant	up	MF	FALSE
GO:0018642	chlorophenol 4-monooxygenase activity	2/1217	6/4328	0.333333333333333	1.18542864968502	0.284248911849345	0.538413632261997	0.999999991944399	0.94059405182889	gene_1531/gene_7987	2	onu_vs_self	significant	up	MF	FALSE
GO:0018643	carbon disulfide oxygenase activity	2/1217	6/4328	0.333333333333333	1.18542864968502	0.284248911849345	0.538413632261997	0.999999991944399	0.94059405182889	gene_1531/gene_7987	2	onu_vs_self	significant	up	MF	FALSE
GO:0018644	toluene 2-monooxygenase activity	2/1217	6/4328	0.333333333333333	1.18542864968502	0.284248911849345	0.538413632261997	0.999999991944399	0.94059405182889	gene_1531/gene_7987	2	onu_vs_self	significant	up	MF	FALSE
GO:0018646	1-hydroxy-2-oxolimonene 1,2-monooxygenase activity	2/1217	6/4328	0.333333333333333	1.18542864968502	0.284248911849345	0.538413632261997	0.999999991944399	0.94059405182889	gene_1531/gene_7987	2	onu_vs_self	significant	up	MF	FALSE
GO:0018647	phenanthrene 1,2-monooxygenase activity	2/1217	6/4328	0.333333333333333	1.18542864968502	0.284248911849345	0.538413632261997	0.999999991944399	0.94059405182889	gene_1531/gene_7987	2	onu_vs_self	significant	up	MF	FALSE
GO:0018648	methanesulfonic acid monooxygenase activity	2/1217	6/4328	0.333333333333333	1.18542864968502	0.284248911849345	0.538413632261997	0.999999991944399	0.94059405182889	gene_1531/gene_7987	2	onu_vs_self	significant	up	MF	FALSE
GO:0018649	tetrahydrofuran hydroxylase activity	2/1217	6/4328	0.333333333333333	1.18542864968502	0.284248911849345	0.538413632261997	0.999999991944399	0.94059405182889	gene_1531/gene_7987	2	onu_vs_self	significant	up	MF	FALSE
GO:0018650	styrene monooxygenase activity	2/1217	6/4328	0.333333333333333	1.18542864968502	0.284248911849345	0.538413632261997	0.999999991944399	0.94059405182889	gene_1531/gene_7987	2	onu_vs_self	significant	up	MF	FALSE
GO:0018651	toluene-4-sulfonate monooxygenase activity	2/1217	6/4328	0.333333333333333	1.18542864968502	0.284248911849345	0.538413632261997	0.999999991944399	0.94059405182889	gene_1531/gene_7987	2	onu_vs_self	significant	up	MF	FALSE
GO:0018652	toluene-sulfonate methyl-monooxygenase activity	2/1217	6/4328	0.333333333333333	1.18542864968502	0.284248911849345	0.538413632261997	0.999999991944399	0.94059405182889	gene_1531/gene_7987	2	onu_vs_self	significant	up	MF	FALSE
GO:0018653	3-methyl-2-oxo-1,2-dihydroquinoline 6-monooxygenase activity	2/1217	6/4328	0.333333333333333	1.18542864968502	0.284248911849345	0.538413632261997	0.999999991944399	0.94059405182889	gene_1531/gene_7987	2	onu_vs_self	significant	up	MF	FALSE
GO:0018654	2-hydroxy-phenylacetate hydroxylase activity	2/1217	6/4328	0.333333333333333	1.18542864968502	0.284248911849345	0.538413632261997	0.999999991944399	0.94059405182889	gene_1531/gene_7987	2	onu_vs_self	significant	up	MF	FALSE
GO:0018655	2-oxo-delta3-4,5,5-trimethylcyclopentenylacetyl-CoA 1,2-monooxygenase activity	2/1217	6/4328	0.333333333333333	1.18542864968502	0.284248911849345	0.538413632261997	0.999999991944399	0.94059405182889	gene_1531/gene_7987	2	onu_vs_self	significant	up	MF	FALSE
GO:0018656	phenanthrene 3,4-monooxygenase activity	2/1217	6/4328	0.333333333333333	1.18542864968502	0.284248911849345	0.538413632261997	0.999999991944399	0.94059405182889	gene_1531/gene_7987	2	onu_vs_self	significant	up	MF	FALSE
GO:0018657	toluene 3-monooxygenase activity	2/1217	6/4328	0.333333333333333	1.18542864968502	0.284248911849345	0.538413632261997	0.999999991944399	0.94059405182889	gene_1531/gene_7987	2	onu_vs_self	significant	up	MF	FALSE
GO:0019113	limonene monooxygenase activity	2/1217	6/4328	0.333333333333333	1.18542864968502	0.284248911849345	0.538413632261997	0.999999991944399	0.94059405182889	gene_1531/gene_7987	2	onu_vs_self	significant	up	MF	FALSE
GO:0030145	manganese ion binding	2/1217	6/4328	0.333333333333333	1.18542864968502	0.284248911849345	0.538413632261997	0.999999991944399	0.94059405182889	gene_2078/gene_5448	2	onu_vs_self	significant	up	MF	FALSE
GO:0043719	2-octaprenyl-3-methyl-6-methoxy-1,4-benzoquinol hydroxylase	2/1217	6/4328	0.333333333333333	1.18542864968502	0.284248911849345	0.538413632261997	0.999999991944399	0.94059405182889	gene_1531/gene_7987	2	onu_vs_self	significant	up	MF	FALSE
GO:0043731	6-hydroxynicotinate 3-monooxygenase activity	2/1217	6/4328	0.333333333333333	1.18542864968502	0.284248911849345	0.538413632261997	0.999999991944399	0.94059405182889	gene_1531/gene_7987	2	onu_vs_self	significant	up	MF	FALSE
GO:0004620	phospholipase activity	3/1217	10/4328	0.3	1.06688578471652	0.132428432591801	0.565714291294641	0.999999991944399	0.94059405182889	gene_4065/gene_6973/gene_8571	3	onu_vs_self	significant	up	MF	FALSE
GO:0050381	unspecific monooxygenase activity	3/1217	10/4328	0.3	1.06688578471652	0.132428432591801	0.565714291294641	0.999999991944399	0.94059405182889	gene_4473/gene_4491/gene_7492	3	onu_vs_self	significant	up	MF	FALSE
GO:0015520	tetracycline:hydrogen antiporter activity	4/1217	14/4328	0.285714285714286	1.01608169973002	0.0376916046851121	0.585463947200908	0.999999991944399	0.94059405182889	gene_1192/gene_5016/gene_5074/gene_6953	4	onu_vs_self	significant	up	MF	FALSE
GO:0016887	ATPase activity	11/1217	40/4328	0.275	0.97797863599014	-0.0875055410242908	0.594678060939871	0.999999991944399	0.94059405182889	gene_128/gene_175/gene_1185/gene_1964/gene_2234/gene_3814/gene_4476/gene_4502/gene_6695/gene_8221/gene_8236	11	onu_vs_self	significant	up	MF	FALSE
GO:0008810	cellulase activity	5/1217	18/4328	0.277777777777778	0.987857208070848	-0.0322853056228238	0.601511434685111	0.999999991944399	0.94059405182889	gene_4140/gene_4692/gene_5443/gene_7022/gene_7692	5	onu_vs_self	significant	up	MF	FALSE
GO:0004719	protein-L-isoaspartate (D-aspartate) O-methyltransferase activity	2/1217	7/4328	0.285714285714286	1.01608169973002	0.0266303924667954	0.629525789944049	0.999999991944399	0.94059405182889	gene_2326/gene_7252	2	onu_vs_self	significant	up	MF	FALSE
GO:0008451	X-Pro aminopeptidase activity	2/1217	7/4328	0.285714285714286	1.01608169973002	0.0266303924667954	0.629525789944049	0.999999991944399	0.94059405182889	gene_2078/gene_5083	2	onu_vs_self	significant	up	MF	FALSE
GO:0000293	ferric-chelate reductase activity	3/1217	11/4328	0.272727272727273	0.969896167924105	-0.0625195483801886	0.637108796187652	0.999999991944399	0.94059405182889	gene_858/gene_3147/gene_5090	3	onu_vs_self	significant	up	MF	FALSE
GO:0003950	NAD+ ADP-ribosyltransferase activity	3/1217	11/4328	0.272727272727273	0.969896167924105	-0.0625195483801886	0.637108796187652	0.999999991944399	0.94059405182889	gene_2858/gene_3399/gene_5978	3	onu_vs_self	significant	up	MF	FALSE
GO:0003960	NADPH:quinone reductase activity	3/1217	11/4328	0.272727272727273	0.969896167924105	-0.0625195483801886	0.637108796187652	0.999999991944399	0.94059405182889	gene_1893/gene_2954/gene_4887	3	onu_vs_self	significant	up	MF	FALSE
GO:0003995	acyl-CoA dehydrogenase activity	3/1217	11/4328	0.272727272727273	0.969896167924105	-0.0625195483801886	0.637108796187652	0.999999991944399	0.94059405182889	gene_1218/gene_3558/gene_4969	3	onu_vs_self	significant	up	MF	FALSE
GO:0004004	ATP-dependent RNA helicase activity	3/1217	11/4328	0.272727272727273	0.969896167924105	-0.0625195483801886	0.637108796187652	0.999999991944399	0.94059405182889	gene_3814/gene_4476/gene_6695	3	onu_vs_self	significant	up	MF	FALSE
GO:0008186	RNA-dependent ATPase activity	3/1217	11/4328	0.272727272727273	0.969896167924105	-0.0625195483801886	0.637108796187652	0.999999991944399	0.94059405182889	gene_3814/gene_4476/gene_6695	3	onu_vs_self	significant	up	MF	FALSE
GO:0015462	protein-transmembrane transporting ATPase activity	3/1217	11/4328	0.272727272727273	0.969896167924105	-0.0625195483801886	0.637108796187652	0.999999991944399	0.94059405182889	gene_3814/gene_4476/gene_6695	3	onu_vs_self	significant	up	MF	FALSE
GO:0016301	kinase activity	3/1217	11/4328	0.272727272727273	0.969896167924105	-0.0625195483801886	0.637108796187652	0.999999991944399	0.94059405182889	gene_1205/gene_6290/gene_6477	3	onu_vs_self	significant	up	MF	FALSE
GO:0016779	nucleotidyltransferase activity	3/1217	11/4328	0.272727272727273	0.969896167924105	-0.0625195483801886	0.637108796187652	0.999999991944399	0.94059405182889	gene_3117/gene_4981/gene_8594	3	onu_vs_self	significant	up	MF	FALSE
GO:0017116	single-stranded DNA-dependent ATP-dependent DNA helicase activity	3/1217	11/4328	0.272727272727273	0.969896167924105	-0.0625195483801886	0.637108796187652	0.999999991944399	0.94059405182889	gene_3814/gene_4476/gene_6695	3	onu_vs_self	significant	up	MF	FALSE
GO:0042623	ATPase activity, coupled	3/1217	11/4328	0.272727272727273	0.969896167924105	-0.0625195483801886	0.637108796187652	0.999999991944399	0.94059405182889	gene_3814/gene_4476/gene_6695	3	onu_vs_self	significant	up	MF	FALSE
GO:0042624	ATPase activity, uncoupled	3/1217	11/4328	0.272727272727273	0.969896167924105	-0.0625195483801886	0.637108796187652	0.999999991944399	0.94059405182889	gene_3814/gene_4476/gene_6695	3	onu_vs_self	significant	up	MF	FALSE
GO:0042625	ATPase activity, coupled to transmembrane movement of ions	3/1217	11/4328	0.272727272727273	0.969896167924105	-0.0625195483801886	0.637108796187652	0.999999991944399	0.94059405182889	gene_3814/gene_4476/gene_6695	3	onu_vs_self	significant	up	MF	FALSE
GO:0042578	phosphoric ester hydrolase activity	4/1217	15/4328	0.266666666666667	0.948342919748014	-0.125335612313696	0.645799493955929	0.999999991944399	0.94059405182889	gene_3910/gene_4448/gene_5583/gene_5821	4	onu_vs_self	significant	up	MF	FALSE
GO:0016627	oxidoreductase activity, acting on the CH-CH group of donors	5/1217	19/4328	0.263157894736842	0.93586472343554	-0.17521619963516	0.654502820411724	0.999999991944399	0.94059405182889	gene_1218/gene_3558/gene_4429/gene_4969/gene_6669	5	onu_vs_self	significant	up	MF	FALSE
GO:0000030	mannosyltransferase activity	6/1217	23/4328	0.260869565217391	0.92772676931871	-0.217341940265771	0.662928652126156	0.999999991944399	0.94059405182889	gene_1150/gene_2222/gene_3298/gene_3677/gene_5129/gene_5597	6	onu_vs_self	significant	up	MF	FALSE
GO:0004672	protein kinase activity	31/1217	117/4328	0.264957264957265	0.942263798467578	-0.39594717576519	0.687601011311666	0.999999991944399	0.94059405182889	gene_383/gene_1423/gene_1479/gene_1793/gene_1802/gene_2206/gene_2456/gene_2516/gene_2904/gene_3577/gene_3690/gene_3972/gene_4086/gene_4394/gene_4500/gene_5226/gene_5320/gene_5692/gene_6026/gene_6376/gene_6400/gene_6480/gene_6705/gene_6720/gene_6868/gene_7264/gene_7279/gene_7425/gene_7774/gene_8378/gene_8417	31	onu_vs_self	significant	up	MF	FALSE
GO:0005198	structural molecule activity	3/1217	12/4328	0.25	0.889071487263763	-0.240647761615576	0.699830043852263	0.999999991944399	0.94059405182889	gene_2651/gene_4280/gene_5834	3	onu_vs_self	significant	up	MF	FALSE
GO:0016874	ligase activity	3/1217	12/4328	0.25	0.889071487263763	-0.240647761615576	0.699830043852263	0.999999991944399	0.94059405182889	gene_6312/gene_7423/gene_7845	3	onu_vs_self	significant	up	MF	FALSE
GO:0003779	actin binding	4/1217	16/4328	0.25	0.889071487263763	-0.278004955039782	0.700007758197918	0.999999991944399	0.94059405182889	gene_1238/gene_2103/gene_2732/gene_7649	4	onu_vs_self	significant	up	MF	FALSE
GO:0004003	ATP-dependent DNA helicase activity	4/1217	16/4328	0.25	0.889071487263763	-0.278004955039782	0.700007758197918	0.999999991944399	0.94059405182889	gene_757/gene_3814/gene_4476/gene_6695	4	onu_vs_self	significant	up	MF	FALSE
GO:0034061	DNA polymerase activity	4/1217	16/4328	0.25	0.889071487263763	-0.278004955039782	0.700007758197918	0.999999991944399	0.94059405182889	gene_1409/gene_2541/gene_3657/gene_4827	4	onu_vs_self	significant	up	MF	FALSE
GO:0005524	ATP binding	128/1217	471/4328	0.271762208067941	0.966464122036193	-0.482152081367039	0.702638345096848	0.999999991944399	0.94059405182889	gene_7/gene_26/gene_50/gene_102/gene_128/gene_130/gene_175/gene_260/gene_335/gene_383/gene_508/gene_545/gene_546/gene_606/gene_698/gene_810/gene_1171/gene_1185/gene_1205/gene_1351/gene_1355/gene_1397/gene_1423/gene_1479/gene_1493/gene_1540/gene_1650/gene_1716/gene_1785/gene_1793/gene_1797/gene_1802/gene_1948/gene_1963/gene_1964/gene_1997/gene_2206/gene_2234/gene_2295/gene_2456/gene_2483/gene_2516/gene_2546/gene_2612/gene_2698/gene_2782/gene_2856/gene_2861/gene_2904/gene_2924/gene_2950/gene_3087/gene_3170/gene_3475/gene_3559/gene_3574/gene_3577/gene_3582/gene_3626/gene_3690/gene_3814/gene_3950/gene_3972/gene_4029/gene_4081/gene_4085/gene_4086/gene_4143/gene_4164/gene_4182/gene_4394/gene_4476/gene_4500/gene_4502/gene_4557/gene_4666/gene_4712/gene_4827/gene_4996/gene_5058/gene_5120/gene_5186/gene_5226/gene_5296/gene_5320/gene_5339/gene_5374/gene_5692/gene_6018/gene_6026/gene_6312/gene_6359/gene_6366/gene_6376/gene_6400/gene_6477/gene_6480/gene_6556/gene_6564/gene_6695/gene_6705/gene_6720/gene_6868/gene_7109/gene_7264/gene_7279/gene_7295/gene_7423/gene_7425/gene_7530/gene_7611/gene_7619/gene_7771/gene_7774/gene_7775/gene_7845/gene_7905/gene_8140/gene_8153/gene_8221/gene_8236/gene_8302/gene_8317/gene_8378/gene_8417/gene_8431/gene_8538/gene_8571	128	onu_vs_self	significant	up	MF	FALSE
GO:0016759	cellulose synthase activity	5/1217	20/4328	0.25	0.889071487263763	-0.310963253804609	0.702745600798684	0.999999991944399	0.94059405182889	gene_1150/gene_3677/gene_5129/gene_5597/gene_7275	5	onu_vs_self	significant	up	MF	FALSE
GO:0016820	hydrolase activity, acting on acid anhydrides, catalyzing transmembrane movement of substances	5/1217	20/4328	0.25	0.889071487263763	-0.310963253804609	0.702745600798684	0.999999991944399	0.94059405182889	gene_102/gene_2234/gene_4666/gene_4850/gene_6018	5	onu_vs_self	significant	up	MF	FALSE
GO:0003684	damaged DNA binding	2/1217	8/4328	0.25	0.889071487263763	-0.196397086798979	0.705934049310059	0.999999991944399	0.94059405182889	gene_647/gene_5339	2	onu_vs_self	significant	up	MF	FALSE
GO:0004029	aldehyde dehydrogenase (NAD) activity	2/1217	8/4328	0.25	0.889071487263763	-0.196397086798979	0.705934049310059	0.999999991944399	0.94059405182889	gene_3213/gene_4055	2	onu_vs_self	significant	up	MF	FALSE
GO:0004629	phospholipase C activity	2/1217	8/4328	0.25	0.889071487263763	-0.196397086798979	0.705934049310059	0.999999991944399	0.94059405182889	gene_3892/gene_7717	2	onu_vs_self	significant	up	MF	FALSE
GO:0016829	lyase activity	2/1217	8/4328	0.25	0.889071487263763	-0.196397086798979	0.705934049310059	0.999999991944399	0.94059405182889	gene_329/gene_2444	2	onu_vs_self	significant	up	MF	FALSE
GO:0008415	acyltransferase activity	5/1217	21/4328	0.238095238095238	0.846734749775013	-0.440306038169138	0.746083474544629	0.999999991944399	0.94059405182889	gene_777/gene_1552/gene_1820/gene_7925/gene_8594	5	onu_vs_self	significant	up	MF	FALSE
GO:0004190	aspartic-type endopeptidase activity	3/1217	13/4328	0.230769230769231	0.820681372858859	-0.404944414067646	0.753924940123521	0.999999991944399	0.94059405182889	gene_1567/gene_6809/gene_7220	3	onu_vs_self	significant	up	MF	FALSE
GO:0030246	carbohydrate binding	3/1217	13/4328	0.230769230769231	0.820681372858859	-0.404944414067646	0.753924940123521	0.999999991944399	0.94059405182889	gene_6122/gene_7114/gene_7141	3	onu_vs_self	significant	up	MF	FALSE
GO:0035091	phosphoinositide binding	3/1217	13/4328	0.230769230769231	0.820681372858859	-0.404944414067646	0.753924940123521	0.999999991944399	0.94059405182889	gene_1087/gene_4506/gene_6834	3	onu_vs_self	significant	up	MF	FALSE
GO:0043765	T/G mismatch-specific endonuclease activity	3/1217	13/4328	0.230769230769231	0.820681372858859	-0.404944414067646	0.753924940123521	0.999999991944399	0.94059405182889	gene_3910/gene_5583/gene_5821	3	onu_vs_self	significant	up	MF	FALSE
GO:0004842	ubiquitin-protein ligase activity	19/1217	76/4328	0.25	0.889071487263763	-0.610157690638275	0.767388893743005	0.999999991944399	0.94059405182889	gene_237/gene_261/gene_591/gene_974/gene_1219/gene_1265/gene_1715/gene_1846/gene_2393/gene_2434/gene_2491/gene_3551/gene_3590/gene_3836/gene_6287/gene_6604/gene_6659/gene_7536/gene_8407	19	onu_vs_self	significant	up	MF	FALSE
GO:0004022	alcohol dehydrogenase activity	2/1217	9/4328	0.222222222222222	0.790285766456678	-0.393864003799684	0.768697976646424	0.999999991944399	0.94059405182889	gene_2633/gene_3428	2	onu_vs_self	significant	up	MF	FALSE
GO:0004023	alcohol dehydrogenase activity, metal ion-independent	2/1217	9/4328	0.222222222222222	0.790285766456678	-0.393864003799684	0.768697976646424	0.999999991944399	0.94059405182889	gene_2633/gene_3428	2	onu_vs_self	significant	up	MF	FALSE
GO:0004024	alcohol dehydrogenase activity, zinc-dependent	2/1217	9/4328	0.222222222222222	0.790285766456678	-0.393864003799684	0.768697976646424	0.999999991944399	0.94059405182889	gene_2633/gene_3428	2	onu_vs_self	significant	up	MF	FALSE
GO:0004025	alcohol dehydrogenase activity, iron-dependent	2/1217	9/4328	0.222222222222222	0.790285766456678	-0.393864003799684	0.768697976646424	0.999999991944399	0.94059405182889	gene_2633/gene_3428	2	onu_vs_self	significant	up	MF	FALSE
GO:0004527	exonuclease activity	2/1217	9/4328	0.222222222222222	0.790285766456678	-0.393864003799684	0.768697976646424	0.999999991944399	0.94059405182889	gene_5448/gene_5821	2	onu_vs_self	significant	up	MF	FALSE
GO:0004194	pepsin A activity	4/1217	18/4328	0.222222222222222	0.790285766456678	-0.557589075305462	0.78979904596434	0.999999991944399	0.94059405182889	gene_1567/gene_3064/gene_6809/gene_7220	4	onu_vs_self	significant	up	MF	FALSE
GO:0015662	ATPase activity, coupled to transmembrane movement of ions, phosphorylative mechanism	4/1217	18/4328	0.222222222222222	0.790285766456678	-0.557589075305462	0.78979904596434	0.999999991944399	0.94059405182889	gene_102/gene_2234/gene_4666/gene_6018	4	onu_vs_self	significant	up	MF	FALSE
GO:0004674	protein serine/threonine kinase activity	27/1217	108/4328	0.25	0.889071487263763	-0.730108784306094	0.797855688943021	0.999999991944399	0.94059405182889	gene_1423/gene_1479/gene_1793/gene_2206/gene_2456/gene_2546/gene_2904/gene_3577/gene_3690/gene_4086/gene_4394/gene_4500/gene_5226/gene_5320/gene_5692/gene_6026/gene_6376/gene_6400/gene_6480/gene_6705/gene_6720/gene_6868/gene_7264/gene_7425/gene_7774/gene_8378/gene_8417	27	onu_vs_self	significant	up	MF	FALSE
GO:0004000	adenosine deaminase activity	1/1217	5/4328	0.2	0.711257189811011	-0.404010167122071	0.808278452370158	0.999999991944399	0.94059405182889	gene_1862	1	onu_vs_self	significant	up	MF	FALSE
GO:0004396	hexokinase activity	1/1217	5/4328	0.2	0.711257189811011	-0.404010167122071	0.808278452370158	0.999999991944399	0.94059405182889	gene_7	1	onu_vs_self	significant	up	MF	FALSE
GO:0004467	long-chain-fatty-acid-CoA ligase activity	1/1217	5/4328	0.2	0.711257189811011	-0.404010167122071	0.808278452370158	0.999999991944399	0.94059405182889	gene_5183	1	onu_vs_self	significant	up	MF	FALSE
GO:0005085	guanyl-nucleotide exchange factor activity	1/1217	5/4328	0.2	0.711257189811011	-0.404010167122071	0.808278452370158	0.999999991944399	0.94059405182889	gene_4288	1	onu_vs_self	significant	up	MF	FALSE
GO:0008806	carboxymethylenebutenolidase activity	1/1217	5/4328	0.2	0.711257189811011	-0.404010167122071	0.808278452370158	0.999999991944399	0.94059405182889	gene_2943	1	onu_vs_self	significant	up	MF	FALSE
GO:0019239	deaminase activity	1/1217	5/4328	0.2	0.711257189811011	-0.404010167122071	0.808278452370158	0.999999991944399	0.94059405182889	gene_1862	1	onu_vs_self	significant	up	MF	FALSE
GO:0030151	molybdenum ion binding	1/1217	5/4328	0.2	0.711257189811011	-0.404010167122071	0.808278452370158	0.999999991944399	0.94059405182889	gene_822	1	onu_vs_self	significant	up	MF	FALSE
GO:0031955	short-chain-fatty-acid-CoA ligase activity	1/1217	5/4328	0.2	0.711257189811011	-0.404010167122071	0.808278452370158	0.999999991944399	0.94059405182889	gene_5183	1	onu_vs_self	significant	up	MF	FALSE
GO:0031956	medium-chain-fatty-acid-CoA ligase activity	1/1217	5/4328	0.2	0.711257189811011	-0.404010167122071	0.808278452370158	0.999999991944399	0.94059405182889	gene_5183	1	onu_vs_self	significant	up	MF	FALSE
GO:0031957	very-long-chain-fatty-acid-CoA ligase activity	1/1217	5/4328	0.2	0.711257189811011	-0.404010167122071	0.808278452370158	0.999999991944399	0.94059405182889	gene_5183	1	onu_vs_self	significant	up	MF	FALSE
GO:0046912	transferase activity, transferring acyl groups, acyl groups converted into alkyl on transfer	1/1217	5/4328	0.2	0.711257189811011	-0.404010167122071	0.808278452370158	0.999999991944399	0.94059405182889	gene_6890	1	onu_vs_self	significant	up	MF	FALSE
GO:0005509	calcium ion binding	7/1217	31/4328	0.225806451612903	0.803032311076948	-0.688306531154872	0.811223065580176	0.999999991944399	0.94059405182889	gene_245/gene_1028/gene_2863/gene_5354/gene_5542/gene_5728/gene_5972	7	onu_vs_self	significant	up	MF	FALSE
GO:0000009	alpha-1,6-mannosyltransferase activity	4/1217	19/4328	0.210526315789474	0.748691778748432	-0.686568668968248	0.825878039445037	0.999999991944399	0.94059405182889	gene_1150/gene_3677/gene_5129/gene_5597	4	onu_vs_self	significant	up	MF	FALSE
GO:0000026	alpha-1,2-mannosyltransferase activity	4/1217	19/4328	0.210526315789474	0.748691778748432	-0.686568668968248	0.825878039445037	0.999999991944399	0.94059405182889	gene_1150/gene_3677/gene_5129/gene_5597	4	onu_vs_self	significant	up	MF	FALSE
GO:0000033	alpha-1,3-mannosyltransferase activity	4/1217	19/4328	0.210526315789474	0.748691778748432	-0.686568668968248	0.825878039445037	0.999999991944399	0.94059405182889	gene_1150/gene_3677/gene_5129/gene_5597	4	onu_vs_self	significant	up	MF	FALSE
GO:0001962	alpha-1,3-galactosyltransferase activity	4/1217	19/4328	0.210526315789474	0.748691778748432	-0.686568668968248	0.825878039445037	0.999999991944399	0.94059405182889	gene_1150/gene_3677/gene_5129/gene_5597	4	onu_vs_self	significant	up	MF	FALSE
GO:0003980	UDP-glucose:glycoprotein glucosyltransferase activity	4/1217	19/4328	0.210526315789474	0.748691778748432	-0.686568668968248	0.825878039445037	0.999999991944399	0.94059405182889	gene_1150/gene_3677/gene_5129/gene_5597	4	onu_vs_self	significant	up	MF	FALSE
GO:0004376	glycolipid mannosyltransferase activity	4/1217	19/4328	0.210526315789474	0.748691778748432	-0.686568668968248	0.825878039445037	0.999999991944399	0.94059405182889	gene_1150/gene_3677/gene_5129/gene_5597	4	onu_vs_self	significant	up	MF	FALSE
GO:0004583	dolichyl-phosphate-glucose-glycolipid alpha-glucosyltransferase activity	4/1217	19/4328	0.210526315789474	0.748691778748432	-0.686568668968248	0.825878039445037	0.999999991944399	0.94059405182889	gene_1150/gene_3677/gene_5129/gene_5597	4	onu_vs_self	significant	up	MF	FALSE
GO:0008375	acetylglucosaminyltransferase activity	4/1217	19/4328	0.210526315789474	0.748691778748432	-0.686568668968248	0.825878039445037	0.999999991944399	0.94059405182889	gene_1150/gene_3677/gene_5129/gene_5597	4	onu_vs_self	significant	up	MF	FALSE
GO:0008376	acetylgalactosaminyltransferase activity	4/1217	19/4328	0.210526315789474	0.748691778748432	-0.686568668968248	0.825878039445037	0.999999991944399	0.94059405182889	gene_1150/gene_3677/gene_5129/gene_5597	4	onu_vs_self	significant	up	MF	FALSE
GO:0008378	galactosyltransferase activity	4/1217	19/4328	0.210526315789474	0.748691778748432	-0.686568668968248	0.825878039445037	0.999999991944399	0.94059405182889	gene_1150/gene_3677/gene_5129/gene_5597	4	onu_vs_self	significant	up	MF	FALSE
GO:0008417	fucosyltransferase activity	4/1217	19/4328	0.210526315789474	0.748691778748432	-0.686568668968248	0.825878039445037	0.999999991944399	0.94059405182889	gene_1150/gene_3677/gene_5129/gene_5597	4	onu_vs_self	significant	up	MF	FALSE
GO:0008755	O antigen polymerase activity	4/1217	19/4328	0.210526315789474	0.748691778748432	-0.686568668968248	0.825878039445037	0.999999991944399	0.94059405182889	gene_1150/gene_3677/gene_5129/gene_5597	4	onu_vs_self	significant	up	MF	FALSE
GO:0008921	lipopolysaccharide-1,6-galactosyltransferase activity	4/1217	19/4328	0.210526315789474	0.748691778748432	-0.686568668968248	0.825878039445037	0.999999991944399	0.94059405182889	gene_1150/gene_3677/gene_5129/gene_5597	4	onu_vs_self	significant	up	MF	FALSE
GO:0016253	UDP-N-acetylglucosamine-peptide N-acetylglucosaminyltransferase activity	4/1217	19/4328	0.210526315789474	0.748691778748432	-0.686568668968248	0.825878039445037	0.999999991944399	0.94059405182889	gene_1150/gene_3677/gene_5129/gene_5597	4	onu_vs_self	significant	up	MF	FALSE
GO:0018715	9-phenanthrol UDP-glucuronosyltransferase activity	4/1217	19/4328	0.210526315789474	0.748691778748432	-0.686568668968248	0.825878039445037	0.999999991944399	0.94059405182889	gene_1150/gene_3677/gene_5129/gene_5597	4	onu_vs_self	significant	up	MF	FALSE
GO:0018716	1-phenanthrol glycosyltransferase activity	4/1217	19/4328	0.210526315789474	0.748691778748432	-0.686568668968248	0.825878039445037	0.999999991944399	0.94059405182889	gene_1150/gene_3677/gene_5129/gene_5597	4	onu_vs_self	significant	up	MF	FALSE
GO:0018717	9-phenanthrol glycosyltransferase activity	4/1217	19/4328	0.210526315789474	0.748691778748432	-0.686568668968248	0.825878039445037	0.999999991944399	0.94059405182889	gene_1150/gene_3677/gene_5129/gene_5597	4	onu_vs_self	significant	up	MF	FALSE
GO:0018718	1,2-dihydroxy-phenanthrene glycosyltransferase activity	4/1217	19/4328	0.210526315789474	0.748691778748432	-0.686568668968248	0.825878039445037	0.999999991944399	0.94059405182889	gene_1150/gene_3677/gene_5129/gene_5597	4	onu_vs_self	significant	up	MF	FALSE
GO:0019112	phenanthrol glycosyltransferase activity	4/1217	19/4328	0.210526315789474	0.748691778748432	-0.686568668968248	0.825878039445037	0.999999991944399	0.94059405182889	gene_1150/gene_3677/gene_5129/gene_5597	4	onu_vs_self	significant	up	MF	FALSE
GO:0019187	beta-1,4-mannosyltransferase activity	4/1217	19/4328	0.210526315789474	0.748691778748432	-0.686568668968248	0.825878039445037	0.999999991944399	0.94059405182889	gene_1150/gene_3677/gene_5129/gene_5597	4	onu_vs_self	significant	up	MF	FALSE
GO:0031278	alpha-1,2-galactosyltransferase activity	4/1217	19/4328	0.210526315789474	0.748691778748432	-0.686568668968248	0.825878039445037	0.999999991944399	0.94059405182889	gene_1150/gene_3677/gene_5129/gene_5597	4	onu_vs_self	significant	up	MF	FALSE
GO:0033556	dolichyl pyrophosphate Man7GlcNAc2 alpha-1,3-glucosyltransferase activity	4/1217	19/4328	0.210526315789474	0.748691778748432	-0.686568668968248	0.825878039445037	0.999999991944399	0.94059405182889	gene_1150/gene_3677/gene_5129/gene_5597	4	onu_vs_self	significant	up	MF	FALSE
GO:0042281	dolichyl pyrophosphate Man9GlcNAc2 alpha-1,3-glucosyltransferase activity	4/1217	19/4328	0.210526315789474	0.748691778748432	-0.686568668968248	0.825878039445037	0.999999991944399	0.94059405182889	gene_1150/gene_3677/gene_5129/gene_5597	4	onu_vs_self	significant	up	MF	FALSE
GO:0042283	dolichyl pyrophosphate Glc1Man9GlcNAc2 alpha-1,3-glucosyltransferase activity	4/1217	19/4328	0.210526315789474	0.748691778748432	-0.686568668968248	0.825878039445037	0.999999991944399	0.94059405182889	gene_1150/gene_3677/gene_5129/gene_5597	4	onu_vs_self	significant	up	MF	FALSE
GO:0045140	inositol phosphoceramide synthase activity	4/1217	19/4328	0.210526315789474	0.748691778748432	-0.686568668968248	0.825878039445037	0.999999991944399	0.94059405182889	gene_1150/gene_3677/gene_5129/gene_5597	4	onu_vs_self	significant	up	MF	FALSE
GO:0046527	glucosyltransferase activity	4/1217	19/4328	0.210526315789474	0.748691778748432	-0.686568668968248	0.825878039445037	0.999999991944399	0.94059405182889	gene_1150/gene_3677/gene_5129/gene_5597	4	onu_vs_self	significant	up	MF	FALSE
GO:0046920	alpha(1,3)-fucosyltransferase activity	4/1217	19/4328	0.210526315789474	0.748691778748432	-0.686568668968248	0.825878039445037	0.999999991944399	0.94059405182889	gene_1150/gene_3677/gene_5129/gene_5597	4	onu_vs_self	significant	up	MF	FALSE
GO:0046921	alpha(1,6)-fucosyltransferase activity	4/1217	19/4328	0.210526315789474	0.748691778748432	-0.686568668968248	0.825878039445037	0.999999991944399	0.94059405182889	gene_1150/gene_3677/gene_5129/gene_5597	4	onu_vs_self	significant	up	MF	FALSE
GO:0005351	sugar:hydrogen symporter activity	11/1217	48/4328	0.229166666666667	0.81498219665845	-0.806122393576071	0.833110773804077	0.999999991944399	0.94059405182889	gene_13/gene_596/gene_1314/gene_1980/gene_3218/gene_4228/gene_5557/gene_6121/gene_6410/gene_7984/gene_8037	11	onu_vs_self	significant	up	MF	FALSE
GO:0046983	protein dimerization activity	8/1217	36/4328	0.222222222222222	0.790285766456678	-0.790201832381374	0.835388905390526	0.999999991944399	0.94059405182889	gene_1813/gene_3585/gene_3738/gene_3997/gene_4944/gene_5897/gene_7458/gene_8032	8	onu_vs_self	significant	up	MF	FALSE
GO:0004576	oligosaccharyl transferase activity	4/1217	20/4328	0.2	0.711257189811011	-0.809425832495849	0.856661149106625	0.999999991944399	0.94059405182889	gene_1150/gene_3677/gene_5129/gene_5597	4	onu_vs_self	significant	up	MF	FALSE
GO:0015645	fatty-acid ligase activity	2/1217	11/4328	0.181818181818182	0.646597445282737	-0.733945368205142	0.859962809494753	0.999999991944399	0.94059405182889	gene_4304/gene_5183	2	onu_vs_self	significant	up	MF	FALSE
GO:0016758	transferase activity, transferring hexosyl groups	2/1217	11/4328	0.181818181818182	0.646597445282737	-0.733945368205142	0.859962809494753	0.999999991944399	0.94059405182889	gene_187/gene_5129	2	onu_vs_self	significant	up	MF	FALSE
GO:0003996	acyl-CoA ligase activity	1/1217	6/4328	0.166666666666667	0.592714324842509	-0.624339928980762	0.862251416391791	0.999999991944399	0.94059405182889	gene_4304	1	onu_vs_self	significant	up	MF	FALSE
GO:0004338	glucan 1,3-beta-glucosidase activity	1/1217	6/4328	0.166666666666667	0.592714324842509	-0.624339928980762	0.862251416391791	0.999999991944399	0.94059405182889	gene_3262	1	onu_vs_self	significant	up	MF	FALSE
GO:0004402	histone acetyltransferase activity	1/1217	6/4328	0.166666666666667	0.592714324842509	-0.624339928980762	0.862251416391791	0.999999991944399	0.94059405182889	gene_3436	1	onu_vs_self	significant	up	MF	FALSE
GO:0004458	D-lactate dehydrogenase (cytochrome) activity	1/1217	6/4328	0.166666666666667	0.592714324842509	-0.624339928980762	0.862251416391791	0.999999991944399	0.94059405182889	gene_5184	1	onu_vs_self	significant	up	MF	FALSE
GO:0004655	porphobilinogen synthase activity	1/1217	6/4328	0.166666666666667	0.592714324842509	-0.624339928980762	0.862251416391791	0.999999991944399	0.94059405182889	gene_7918	1	onu_vs_self	significant	up	MF	FALSE
GO:0004774	succinate-CoA ligase activity	1/1217	6/4328	0.166666666666667	0.592714324842509	-0.624339928980762	0.862251416391791	0.999999991944399	0.94059405182889	gene_4304	1	onu_vs_self	significant	up	MF	FALSE
GO:0016207	4-coumarate-CoA ligase activity	1/1217	6/4328	0.166666666666667	0.592714324842509	-0.624339928980762	0.862251416391791	0.999999991944399	0.94059405182889	gene_4310	1	onu_vs_self	significant	up	MF	FALSE
GO:0018853	perillyl-CoA synthetase activity	1/1217	6/4328	0.166666666666667	0.592714324842509	-0.624339928980762	0.862251416391791	0.999999991944399	0.94059405182889	gene_4304	1	onu_vs_self	significant	up	MF	FALSE
GO:0018854	3-isopropenyl-6-oxoheptanoyl-CoA synthetase activity	1/1217	6/4328	0.166666666666667	0.592714324842509	-0.624339928980762	0.862251416391791	0.999999991944399	0.94059405182889	gene_4304	1	onu_vs_self	significant	up	MF	FALSE
GO:0018855	2-oxo-delta3-4,5,5-trimethylcyclopentenylacetyl-CoA synthetase activity	1/1217	6/4328	0.166666666666667	0.592714324842509	-0.624339928980762	0.862251416391791	0.999999991944399	0.94059405182889	gene_4304	1	onu_vs_self	significant	up	MF	FALSE
GO:0018856	benzoyl acetate-CoA ligase activity	1/1217	6/4328	0.166666666666667	0.592714324842509	-0.624339928980762	0.862251416391791	0.999999991944399	0.94059405182889	gene_4304	1	onu_vs_self	significant	up	MF	FALSE
GO:0018857	2,4-dichlorobenzoate-CoA ligase activity	1/1217	6/4328	0.166666666666667	0.592714324842509	-0.624339928980762	0.862251416391791	0.999999991944399	0.94059405182889	gene_4304	1	onu_vs_self	significant	up	MF	FALSE
GO:0043759	branched-chain acyl-CoA synthetase (ADP-forming) activity	1/1217	6/4328	0.166666666666667	0.592714324842509	-0.624339928980762	0.862251416391791	0.999999991944399	0.94059405182889	gene_4304	1	onu_vs_self	significant	up	MF	FALSE
GO:0043762	aryl-CoA synthetase (ADP-forming) activity	1/1217	6/4328	0.166666666666667	0.592714324842509	-0.624339928980762	0.862251416391791	0.999999991944399	0.94059405182889	gene_4304	1	onu_vs_self	significant	up	MF	FALSE
GO:0004721	phosphoprotein phosphatase activity	3/1217	16/4328	0.1875	0.666803615447823	-0.835044513100974	0.870319668866708	0.999999991944399	0.94059405182889	gene_378/gene_538/gene_3527	3	onu_vs_self	significant	up	MF	FALSE
GO:0004723	calcium-dependent protein serine/threonine phosphatase activity	3/1217	16/4328	0.1875	0.666803615447823	-0.835044513100974	0.870319668866708	0.999999991944399	0.94059405182889	gene_378/gene_538/gene_3527	3	onu_vs_self	significant	up	MF	FALSE
GO:0004724	magnesium-dependent protein serine/threonine phosphatase activity	3/1217	16/4328	0.1875	0.666803615447823	-0.835044513100974	0.870319668866708	0.999999991944399	0.94059405182889	gene_378/gene_538/gene_3527	3	onu_vs_self	significant	up	MF	FALSE
GO:0004725	protein tyrosine phosphatase activity	3/1217	16/4328	0.1875	0.666803615447823	-0.835044513100974	0.870319668866708	0.999999991944399	0.94059405182889	gene_1794/gene_3678/gene_3980	3	onu_vs_self	significant	up	MF	FALSE
GO:0004806	triacylglycerol lipase activity	3/1217	16/4328	0.1875	0.666803615447823	-0.835044513100974	0.870319668866708	0.999999991944399	0.94059405182889	gene_1329/gene_5264/gene_5504	3	onu_vs_self	significant	up	MF	FALSE
GO:0008420	CTD phosphatase activity	3/1217	16/4328	0.1875	0.666803615447823	-0.835044513100974	0.870319668866708	0.999999991944399	0.94059405182889	gene_378/gene_538/gene_3527	3	onu_vs_self	significant	up	MF	FALSE
GO:0008597	calcium-dependent protein serine/threonine phosphatase regulator activity	3/1217	16/4328	0.1875	0.666803615447823	-0.835044513100974	0.870319668866708	0.999999991944399	0.94059405182889	gene_378/gene_538/gene_3527	3	onu_vs_self	significant	up	MF	FALSE
GO:0017018	myosin phosphatase activity	3/1217	16/4328	0.1875	0.666803615447823	-0.835044513100974	0.870319668866708	0.999999991944399	0.94059405182889	gene_378/gene_538/gene_3527	3	onu_vs_self	significant	up	MF	FALSE
GO:0017020	myosin phosphatase regulator activity	3/1217	16/4328	0.1875	0.666803615447823	-0.835044513100974	0.870319668866708	0.999999991944399	0.94059405182889	gene_378/gene_538/gene_3527	3	onu_vs_self	significant	up	MF	FALSE
GO:0003677	DNA binding	78/1217	306/4328	0.254901960784314	0.906504261523837	-1.06101183320184	0.870669965873455	0.999999991944399	0.94059405182889	gene_1/gene_3/gene_20/gene_52/gene_130/gene_600/gene_671/gene_736/gene_757/gene_778/gene_980/gene_985/gene_1171/gene_1409/gene_1561/gene_1578/gene_1797/gene_1837/gene_2076/gene_2140/gene_2295/gene_2323/gene_2326/gene_2541/gene_2590/gene_2758/gene_2856/gene_2903/gene_3096/gene_3163/gene_3559/gene_3574/gene_3657/gene_3803/gene_3879/gene_3897/gene_4143/gene_4158/gene_4164/gene_4235/gene_4300/gene_4517/gene_4518/gene_4628/gene_4743/gene_4810/gene_4996/gene_5239/gene_5666/gene_5890/gene_5896/gene_5922/gene_5923/gene_6045/gene_6316/gene_6324/gene_6366/gene_6686/gene_6777/gene_6896/gene_7064/gene_7068/gene_7172/gene_7611/gene_7619/gene_7771/gene_7775/gene_7880/gene_7905/gene_7981/gene_8153/gene_8208/gene_8225/gene_8302/gene_8448/gene_8449/gene_8623/gene_8633	78	onu_vs_self	significant	up	MF	FALSE
GO:0003824	catalytic activity	95/1217	370/4328	0.256756756756757	0.913100446379	-1.09312353268093	0.876231904236046	0.999999991944399	0.94059405182889	gene_31/gene_131/gene_143/gene_384/gene_388/gene_548/gene_822/gene_976/gene_1054/gene_1055/gene_1114/gene_1194/gene_1213/gene_1317/gene_1440/gene_1571/gene_1892/gene_1949/gene_2166/gene_2338/gene_2379/gene_2440/gene_2471/gene_2533/gene_2591/gene_2709/gene_2768/gene_2924/gene_2942/gene_2953/gene_2985/gene_3033/gene_3041/gene_3111/gene_3407/gene_3579/gene_3824/gene_3845/gene_3846/gene_3878/gene_3930/gene_3950/gene_4021/gene_4026/gene_4304/gene_4308/gene_4310/gene_4485/gene_4703/gene_4791/gene_4830/gene_5183/gene_5184/gene_5345/gene_5405/gene_5467/gene_5501/gene_5615/gene_5641/gene_5984/gene_6108/gene_6122/gene_6304/gene_6312/gene_6314/gene_6501/gene_6755/gene_6790/gene_6890/gene_6991/gene_7068/gene_7114/gene_7141/gene_7207/gene_7226/gene_7228/gene_7336/gene_7423/gene_7461/gene_7522/gene_7535/gene_7656/gene_7686/gene_7778/gene_7864/gene_7880/gene_7925/gene_7952/gene_7991/gene_8113/gene_8211/gene_8215/gene_8490/gene_8612/gene_8632	95	onu_vs_self	significant	up	MF	FALSE
GO:0004568	chitinase activity	2/1217	12/4328	0.166666666666667	0.592714324842509	-0.883563509931758	0.89198936262325	0.999999991944399	0.94059405182889	gene_4195/gene_6137	2	onu_vs_self	significant	up	MF	FALSE
GO:0005097	Rab GTPase activator activity	2/1217	12/4328	0.166666666666667	0.592714324842509	-0.883563509931758	0.89198936262325	0.999999991944399	0.94059405182889	gene_3984/gene_5272	2	onu_vs_self	significant	up	MF	FALSE
GO:0008843	endochitinase activity	2/1217	12/4328	0.166666666666667	0.592714324842509	-0.883563509931758	0.89198936262325	0.999999991944399	0.94059405182889	gene_4195/gene_6137	2	onu_vs_self	significant	up	MF	FALSE
GO:0000287	magnesium ion binding	3/1217	17/4328	0.176470588235294	0.627579873362657	-0.962182212203164	0.896540164787655	0.999999991944399	0.94059405182889	gene_2953/gene_4047/gene_8490	3	onu_vs_self	significant	up	MF	FALSE
GO:0004221	ubiquitin thiolesterase activity	3/1217	17/4328	0.176470588235294	0.627579873362657	-0.962182212203164	0.896540164787655	0.999999991944399	0.94059405182889	gene_3295/gene_8280/gene_8311	3	onu_vs_self	significant	up	MF	FALSE
GO:0016791	phosphoric monoester hydrolase activity	3/1217	17/4328	0.176470588235294	0.627579873362657	-0.962182212203164	0.896540164787655	0.999999991944399	0.94059405182889	gene_3527/gene_3678/gene_3980	3	onu_vs_self	significant	up	MF	FALSE
GO:0008137	NADH dehydrogenase (ubiquinone) activity	1/1217	7/4328	0.142857142857143	0.508040849865008	-0.81465675057182	0.901039020799748	0.999999991944399	0.94059405182889	gene_718	1	onu_vs_self	significant	up	MF	FALSE
GO:0008496	mannan endo-1,6-alpha-mannosidase activity	1/1217	7/4328	0.142857142857143	0.508040849865008	-0.81465675057182	0.901039020799748	0.999999991944399	0.94059405182889	gene_1213	1	onu_vs_self	significant	up	MF	FALSE
GO:0015035	protein disulfide oxidoreductase activity	1/1217	7/4328	0.142857142857143	0.508040849865008	-0.81465675057182	0.901039020799748	0.999999991944399	0.94059405182889	gene_2349	1	onu_vs_self	significant	up	MF	FALSE
GO:0051536	iron-sulfur cluster binding	3/1217	18/4328	0.166666666666667	0.592714324842509	-1.0828928449881	0.917888388552318	0.999999991944399	0.94059405182889	gene_822/gene_2281/gene_7280	3	onu_vs_self	significant	up	MF	FALSE
GO:0004249	stromelysin 3 activity	1/1217	8/4328	0.125	0.444535743631882	-0.983440227230443	0.928911159583989	0.999999991944399	0.94059405182889	gene_5543	1	onu_vs_self	significant	up	MF	FALSE
GO:0008133	collagenase activity	1/1217	8/4328	0.125	0.444535743631882	-0.983440227230443	0.928911159583989	0.999999991944399	0.94059405182889	gene_5543	1	onu_vs_self	significant	up	MF	FALSE
GO:0008319	prenyl protein specific endopeptidase activity	1/1217	8/4328	0.125	0.444535743631882	-0.983440227230443	0.928911159583989	0.999999991944399	0.94059405182889	gene_5543	1	onu_vs_self	significant	up	MF	FALSE
GO:0016831	carboxy-lyase activity	1/1217	8/4328	0.125	0.444535743631882	-0.983440227230443	0.928911159583989	0.999999991944399	0.94059405182889	gene_4303	1	onu_vs_self	significant	up	MF	FALSE
GO:0030402	matrilysin-2 activity	1/1217	8/4328	0.125	0.444535743631882	-0.983440227230443	0.928911159583989	0.999999991944399	0.94059405182889	gene_5543	1	onu_vs_self	significant	up	MF	FALSE
GO:0050800	hydrolase activity, acting on acid anhydrides, acting on GTP, involved in cellular and subcellular movement	1/1217	8/4328	0.125	0.444535743631882	-0.983440227230443	0.928911159583989	0.999999991944399	0.94059405182889	gene_114	1	onu_vs_self	significant	up	MF	FALSE
GO:0005515	protein binding	54/1217	225/4328	0.24	0.853508627773213	-1.41137129036204	0.933342787084848	0.999999991944399	0.94059405182889	gene_52/gene_222/gene_368/gene_606/gene_698/gene_699/gene_765/gene_777/gene_808/gene_1028/gene_1087/gene_1189/gene_1286/gene_1304/gene_1393/gene_1552/gene_2073/gene_2143/gene_2312/gene_2373/gene_2476/gene_2565/gene_2829/gene_3159/gene_3173/gene_3602/gene_3750/gene_3946/gene_4374/gene_4506/gene_4564/gene_4585/gene_4960/gene_5296/gene_5339/gene_5374/gene_5447/gene_5995/gene_6034/gene_6237/gene_6834/gene_6903/gene_7017/gene_7399/gene_7473/gene_7530/gene_7711/gene_7775/gene_7904/gene_8215/gene_8407/gene_8434/gene_8536/gene_8574	54	onu_vs_self	significant	up	MF	FALSE
GO:0003743	translation initiation factor activity	3/1217	19/4328	0.157894736842105	0.561518834061324	-1.19792113830134	0.935140329009933	0.999999991944399	0.94059405182889	gene_3983/gene_6284/gene_8254	3	onu_vs_self	significant	up	MF	FALSE
GO:0004364	glutathione transferase activity	1/1217	9/4328	0.111111111111111	0.395142883228339	-1.13598129088938	0.948937807451185	0.999999991944399	0.94059405182889	gene_6089	1	onu_vs_self	significant	up	MF	FALSE
GO:0004437	inositol or phosphatidylinositol phosphatase activity	1/1217	9/4328	0.111111111111111	0.395142883228339	-1.13598129088938	0.948937807451185	0.999999991944399	0.94059405182889	gene_1560	1	onu_vs_self	significant	up	MF	FALSE
GO:0004673	protein histidine kinase activity	1/1217	9/4328	0.111111111111111	0.395142883228339	-1.13598129088938	0.948937807451185	0.999999991944399	0.94059405182889	gene_508	1	onu_vs_self	significant	up	MF	FALSE
GO:0008233	peptidase activity	1/1217	9/4328	0.111111111111111	0.395142883228339	-1.13598129088938	0.948937807451185	0.999999991944399	0.94059405182889	gene_1279	1	onu_vs_self	significant	up	MF	FALSE
GO:0008726	alkanesulfonate monooxygenase activity	1/1217	9/4328	0.111111111111111	0.395142883228339	-1.13598129088938	0.948937807451185	0.999999991944399	0.94059405182889	gene_7010	1	onu_vs_self	significant	up	MF	FALSE
GO:0008171	O-methyltransferase activity	2/1217	15/4328	0.133333333333333	0.474171459874007	-1.27581817879021	0.951743480479657	0.999999991944399	0.94059405182889	gene_7327/gene_7330	2	onu_vs_self	significant	up	MF	FALSE
GO:0008565	protein transporter activity	5/1217	31/4328	0.161290322580645	0.573594507912105	-1.4900803615514	0.961377812045356	0.999999991944399	0.94059405182889	gene_1286/gene_2701/gene_7369/gene_7473/gene_8316	5	onu_vs_self	significant	up	MF	FALSE
GO:0000155	two-component sensor activity	1/1217	10/4328	0.1	0.355628594905505	-1.27580315526401	0.963326019614164	0.999999991944399	0.94059405182889	gene_508	1	onu_vs_self	significant	up	MF	FALSE
GO:0000156	two-component response regulator activity	1/1217	10/4328	0.1	0.355628594905505	-1.27580315526401	0.963326019614164	0.999999991944399	0.94059405182889	gene_508	1	onu_vs_self	significant	up	MF	FALSE
GO:0018024	histone-lysine N-methyltransferase activity	1/1217	10/4328	0.1	0.355628594905505	-1.27580315526401	0.963326019614164	0.999999991944399	0.94059405182889	gene_1343	1	onu_vs_self	significant	up	MF	FALSE
GO:0019798	procollagen-proline dioxygenase activity	3/1217	22/4328	0.136363636363636	0.484948083962053	-1.51465619666821	0.96881331162364	0.999999991944399	0.94059405182889	gene_483/gene_2272/gene_3701	3	onu_vs_self	significant	up	MF	FALSE
GO:0018658	salicylate 1-monooxygenase activity	2/1217	17/4328	0.117647058823529	0.418386582241771	-1.50265263587809	0.972286825404497	0.999999991944399	0.94059405182889	gene_5899/gene_7331	2	onu_vs_self	significant	up	MF	FALSE
GO:0000175	3'-5'-exoribonuclease activity	1/1217	11/4328	0.0909090909090909	0.323298722641368	-1.40537118803009	0.973662340626106	0.999999991944399	0.94059405182889	gene_6038	1	onu_vs_self	significant	up	MF	FALSE
GO:0004675	transmembrane receptor protein serine/threonine kinase activity	1/1217	11/4328	0.0909090909090909	0.323298722641368	-1.40537118803009	0.973662340626106	0.999999991944399	0.94059405182889	gene_6400	1	onu_vs_self	significant	up	MF	FALSE
GO:0004676	3-phosphoinositide-dependent protein kinase activity	1/1217	11/4328	0.0909090909090909	0.323298722641368	-1.40537118803009	0.973662340626106	0.999999991944399	0.94059405182889	gene_6400	1	onu_vs_self	significant	up	MF	FALSE
GO:0004677	DNA-dependent protein kinase activity	1/1217	11/4328	0.0909090909090909	0.323298722641368	-1.40537118803009	0.973662340626106	0.999999991944399	0.94059405182889	gene_6400	1	onu_vs_self	significant	up	MF	FALSE
GO:0004679	AMP-activated protein kinase activity	1/1217	11/4328	0.0909090909090909	0.323298722641368	-1.40537118803009	0.973662340626106	0.999999991944399	0.94059405182889	gene_6400	1	onu_vs_self	significant	up	MF	FALSE
GO:0004680	casein kinase activity	1/1217	11/4328	0.0909090909090909	0.323298722641368	-1.40537118803009	0.973662340626106	0.999999991944399	0.94059405182889	gene_6400	1	onu_vs_self	significant	up	MF	FALSE
GO:0004681	casein kinase I activity	1/1217	11/4328	0.0909090909090909	0.323298722641368	-1.40537118803009	0.973662340626106	0.999999991944399	0.94059405182889	gene_6400	1	onu_vs_self	significant	up	MF	FALSE
GO:0004690	cyclic nucleotide-dependent protein kinase activity	1/1217	11/4328	0.0909090909090909	0.323298722641368	-1.40537118803009	0.973662340626106	0.999999991944399	0.94059405182889	gene_6400	1	onu_vs_self	significant	up	MF	FALSE
GO:0004694	eukaryotic translation initiation factor 2alpha kinase activity	1/1217	11/4328	0.0909090909090909	0.323298722641368	-1.40537118803009	0.973662340626106	0.999999991944399	0.94059405182889	gene_6400	1	onu_vs_self	significant	up	MF	FALSE
GO:0004695	galactosyltransferase-associated kinase activity	1/1217	11/4328	0.0909090909090909	0.323298722641368	-1.40537118803009	0.973662340626106	0.999999991944399	0.94059405182889	gene_6400	1	onu_vs_self	significant	up	MF	FALSE
GO:0004696	glycogen synthase kinase 3 activity	1/1217	11/4328	0.0909090909090909	0.323298722641368	-1.40537118803009	0.973662340626106	0.999999991944399	0.94059405182889	gene_6400	1	onu_vs_self	significant	up	MF	FALSE
GO:0004700	atypical protein kinase C activity	1/1217	11/4328	0.0909090909090909	0.323298722641368	-1.40537118803009	0.973662340626106	0.999999991944399	0.94059405182889	gene_6400	1	onu_vs_self	significant	up	MF	FALSE
GO:0004702	receptor signaling protein serine/threonine kinase activity	1/1217	11/4328	0.0909090909090909	0.323298722641368	-1.40537118803009	0.973662340626106	0.999999991944399	0.94059405182889	gene_6400	1	onu_vs_self	significant	up	MF	FALSE
GO:0004704	NF-kappaB-inducing kinase activity	1/1217	11/4328	0.0909090909090909	0.323298722641368	-1.40537118803009	0.973662340626106	0.999999991944399	0.94059405182889	gene_6400	1	onu_vs_self	significant	up	MF	FALSE
GO:0004705	JUN kinase activity	1/1217	11/4328	0.0909090909090909	0.323298722641368	-1.40537118803009	0.973662340626106	0.999999991944399	0.94059405182889	gene_6400	1	onu_vs_self	significant	up	MF	FALSE
GO:0004706	JUN kinase kinase kinase activity	1/1217	11/4328	0.0909090909090909	0.323298722641368	-1.40537118803009	0.973662340626106	0.999999991944399	0.94059405182889	gene_6400	1	onu_vs_self	significant	up	MF	FALSE
GO:0004708	MAP kinase kinase activity	1/1217	11/4328	0.0909090909090909	0.323298722641368	-1.40537118803009	0.973662340626106	0.999999991944399	0.94059405182889	gene_6400	1	onu_vs_self	significant	up	MF	FALSE
GO:0004710	MAP/ERK kinase kinase activity	1/1217	11/4328	0.0909090909090909	0.323298722641368	-1.40537118803009	0.973662340626106	0.999999991944399	0.94059405182889	gene_6400	1	onu_vs_self	significant	up	MF	FALSE
GO:0004711	ribosomal protein S6 kinase activity	1/1217	11/4328	0.0909090909090909	0.323298722641368	-1.40537118803009	0.973662340626106	0.999999991944399	0.94059405182889	gene_6400	1	onu_vs_self	significant	up	MF	FALSE
GO:0004718	Janus kinase activity	1/1217	11/4328	0.0909090909090909	0.323298722641368	-1.40537118803009	0.973662340626106	0.999999991944399	0.94059405182889	gene_6400	1	onu_vs_self	significant	up	MF	FALSE
GO:0008338	MAP kinase 1 activity	1/1217	11/4328	0.0909090909090909	0.323298722641368	-1.40537118803009	0.973662340626106	0.999999991944399	0.94059405182889	gene_6400	1	onu_vs_self	significant	up	MF	FALSE
GO:0008339	MP kinase activity	1/1217	11/4328	0.0909090909090909	0.323298722641368	-1.40537118803009	0.973662340626106	0.999999991944399	0.94059405182889	gene_6400	1	onu_vs_self	significant	up	MF	FALSE
GO:0008349	MAP kinase kinase kinase kinase activity	1/1217	11/4328	0.0909090909090909	0.323298722641368	-1.40537118803009	0.973662340626106	0.999999991944399	0.94059405182889	gene_6400	1	onu_vs_self	significant	up	MF	FALSE
GO:0008545	JUN kinase kinase activity	1/1217	11/4328	0.0909090909090909	0.323298722641368	-1.40537118803009	0.973662340626106	0.999999991944399	0.94059405182889	gene_6400	1	onu_vs_self	significant	up	MF	FALSE
GO:0016908	MAP kinase 2 activity	1/1217	11/4328	0.0909090909090909	0.323298722641368	-1.40537118803009	0.973662340626106	0.999999991944399	0.94059405182889	gene_6400	1	onu_vs_self	significant	up	MF	FALSE
GO:0016909	SAP kinase activity	1/1217	11/4328	0.0909090909090909	0.323298722641368	-1.40537118803009	0.973662340626106	0.999999991944399	0.94059405182889	gene_6400	1	onu_vs_self	significant	up	MF	FALSE
GO:0019199	transmembrane receptor protein kinase activity	1/1217	11/4328	0.0909090909090909	0.323298722641368	-1.40537118803009	0.973662340626106	0.999999991944399	0.94059405182889	gene_6400	1	onu_vs_self	significant	up	MF	FALSE
GO:0019912	cyclin-dependent protein kinase activating kinase activity	1/1217	11/4328	0.0909090909090909	0.323298722641368	-1.40537118803009	0.973662340626106	0.999999991944399	0.94059405182889	gene_6400	1	onu_vs_self	significant	up	MF	FALSE
GO:0034211	GTP-dependent protein kinase activity	1/1217	11/4328	0.0909090909090909	0.323298722641368	-1.40537118803009	0.973662340626106	0.999999991944399	0.94059405182889	gene_6400	1	onu_vs_self	significant	up	MF	FALSE
GO:0004698	calcium-dependent protein kinase C activity	1/1217	12/4328	0.0833333333333333	0.296357162421254	-1.52647925824794	0.981087156808183	0.999999991944399	0.94059405182889	gene_6400	1	onu_vs_self	significant	up	MF	FALSE
GO:0008276	protein methyltransferase activity	1/1217	12/4328	0.0833333333333333	0.296357162421254	-1.52647925824794	0.981087156808183	0.999999991944399	0.94059405182889	gene_120	1	onu_vs_self	significant	up	MF	FALSE
GO:0016772	transferase activity, transferring phosphorus-containing groups	1/1217	12/4328	0.0833333333333333	0.296357162421254	-1.52647925824794	0.981087156808183	0.999999991944399	0.94059405182889	gene_508	1	onu_vs_self	significant	up	MF	FALSE
GO:0000907	sulfonate dioxygenase activity	2/1217	19/4328	0.105263157894737	0.374345889374216	-1.70927360763442	0.98425678306997	0.999999991944399	0.94059405182889	gene_483/gene_3701	2	onu_vs_self	significant	up	MF	FALSE
GO:0004871	signal transducer activity	2/1217	19/4328	0.105263157894737	0.374345889374216	-1.70927360763442	0.98425678306997	0.999999991944399	0.94059405182889	gene_508/gene_3616	2	onu_vs_self	significant	up	MF	FALSE
GO:0010302	2-oxoglutarate-dependent dioxygenase activity	2/1217	19/4328	0.105263157894737	0.374345889374216	-1.70927360763442	0.98425678306997	0.999999991944399	0.94059405182889	gene_483/gene_3701	2	onu_vs_self	significant	up	MF	FALSE
GO:0018602	2,4-dichlorophenoxyacetate alpha-ketoglutarate dioxygenase activity	2/1217	19/4328	0.105263157894737	0.374345889374216	-1.70927360763442	0.98425678306997	0.999999991944399	0.94059405182889	gene_483/gene_3701	2	onu_vs_self	significant	up	MF	FALSE
GO:0043734	DNA-N1-methyladenine dioxygenase activity	2/1217	19/4328	0.105263157894737	0.374345889374216	-1.70927360763442	0.98425678306997	0.999999991944399	0.94059405182889	gene_483/gene_3701	2	onu_vs_self	significant	up	MF	FALSE
GO:0004812	aminoacyl-tRNA ligase activity	5/1217	37/4328	0.135135135135135	0.480579182304737	-1.98440214366538	0.989706190680722	0.999999991944399	0.94059405182889	gene_810/gene_2612/gene_3626/gene_4029/gene_6359	5	onu_vs_self	significant	up	MF	FALSE
GO:0008559	xenobiotic-transporting ATPase activity	1/1217	14/4328	0.0714285714285714	0.254020424932504	-1.74839523922545	0.990250158054948	0.999999991944399	0.94059405182889	gene_4502	1	onu_vs_self	significant	up	MF	FALSE
GO:0016773	phosphotransferase activity, alcohol group as acceptor	1/1217	14/4328	0.0714285714285714	0.254020424932504	-1.74839523922545	0.990250158054948	0.999999991944399	0.94059405182889	gene_4557	1	onu_vs_self	significant	up	MF	FALSE
GO:0003993	acid phosphatase activity	1/1217	15/4328	0.0666666666666667	0.237085729937004	-1.85105946202847	0.993000635024611	0.999999991944399	0.94059405182889	gene_5862	1	onu_vs_self	significant	up	MF	FALSE
GO:0003899	DNA-directed RNA polymerase activity	3/1217	29/4328	0.103448275862069	0.367891649902247	-2.13597189961644	0.994935948945344	0.999999991944399	0.94059405182889	gene_273/gene_2323/gene_6045	3	onu_vs_self	significant	up	MF	FALSE
GO:0030528	transcription regulator activity	2/1217	24/4328	0.0833333333333333	0.296357162421254	-2.16177500944424	0.996307705409058	0.999999991944399	0.94059405182889	gene_1278/gene_2079	2	onu_vs_self	significant	up	MF	FALSE
GO:0008026	ATP-dependent helicase activity	8/1217	58/4328	0.137931034482759	0.490522199869663	-2.44294705807952	0.997153644103339	0.999999991944399	0.94059405182889	gene_2924/gene_3814/gene_4081/gene_4182/gene_4476/gene_4827/gene_6564/gene_6695	8	onu_vs_self	significant	up	MF	FALSE
GO:0043565	sequence-specific DNA binding	7/1217	53/4328	0.132075471698113	0.469698144214818	-2.42930337404148	0.997189482926758	0.999999991944399	0.94059405182889	gene_2274/gene_3124/gene_4229/gene_4944/gene_6036/gene_6324/gene_7724	7	onu_vs_self	significant	up	MF	FALSE
GO:0004386	helicase activity	10/1217	69/4328	0.144927536231884	0.515403760732617	-2.5376954204209	0.997745915439807	0.999999991944399	0.94059405182889	gene_130/gene_2924/gene_3559/gene_4081/gene_4182/gene_4827/gene_6564/gene_7295/gene_7775/gene_8302	10	onu_vs_self	significant	up	MF	FALSE
GO:0031072	heat shock protein binding	2/1217	29/4328	0.0689655172413793	0.245261099934831	-2.55035561836403	0.999166635913419	0.999999991944399	0.94059405182889	gene_3672/gene_7744	2	onu_vs_self	significant	up	MF	FALSE
GO:0003700	transcription factor activity	45/1217	239/4328	0.188284518828452	0.669593588734215	-3.28645425964347	0.999753011180316	0.999999991944399	0.94059405182889	gene_1/gene_3/gene_8/gene_589/gene_671/gene_778/gene_980/gene_1255/gene_1532/gene_1578/gene_1592/gene_1837/gene_1899/gene_2140/gene_2274/gene_2326/gene_2590/gene_2657/gene_2789/gene_2918/gene_3124/gene_4158/gene_4229/gene_4300/gene_4628/gene_4743/gene_4944/gene_5070/gene_5452/gene_5567/gene_5666/gene_5768/gene_5890/gene_5896/gene_5923/gene_6036/gene_6777/gene_7172/gene_7316/gene_7385/gene_7724/gene_8056/gene_8170/gene_8208/gene_8225	45	onu_vs_self	significant	up	MF	FALSE
GO:0003723	RNA binding	7/1217	76/4328	0.0921052631578947	0.327552653202439	-3.69876878430196	0.999989092714871	0.999999991944399	0.94059405182889	gene_273/gene_2839/gene_3096/gene_6038/gene_6300/gene_7409/gene_7527	7	onu_vs_self	significant	up	MF	FALSE
GO:0003676	nucleic acid binding	49/1217	311/4328	0.157556270096463	0.560315149529574	-5.03337759809631	0.999999961676883	0.999999991944399	0.94059405182889	gene_34/gene_120/gene_130/gene_185/gene_209/gene_647/gene_985/gene_1046/gene_1148/gene_2077/gene_2170/gene_2258/gene_2292/gene_2397/gene_2480/gene_2500/gene_2520/gene_2541/gene_2836/gene_2924/gene_3039/gene_3273/gene_3468/gene_3559/gene_3576/gene_3657/gene_3722/gene_3873/gene_3883/gene_3897/gene_3912/gene_4081/gene_4182/gene_4547/gene_4827/gene_4952/gene_5152/gene_5311/gene_5352/gene_5368/gene_5821/gene_6271/gene_6564/gene_6596/gene_7527/gene_7775/gene_7833/gene_8302/gene_8433	49	onu_vs_self	significant	up	MF	FALSE
GO:0005488	binding	18/1217	167/4328	0.107784431137725	0.383312257981982	-5.08292176048954	0.999999991944399	0.999999991944399	0.94059405182889	gene_161/gene_547/gene_757/gene_1152/gene_1189/gene_1238/gene_1440/gene_1892/gene_2023/gene_2670/gene_3597/gene_4288/gene_4292/gene_4368/gene_6997/gene_7336/gene_7369/gene_8359	18	onu_vs_self	significant	up	MF	FALSE
